country_iso3,indicator,year,value
AFE,NY.GDP.MKTP.CD,2024,1242693542929.85
AFE,NY.GDP.MKTP.CD,2023,1179359054880.45
AFE,NY.GDP.MKTP.CD,2022,1228967879390.01
AFE,NY.GDP.MKTP.CD,2021,1114144799994.21
AFE,NY.GDP.MKTP.CD,2020,938607563405.087
AFE,NY.GDP.MKTP.CD,2019,1018714795912.35
AFE,NY.GDP.MKTP.CD,2018,1020955778298.17
AFE,NY.GDP.MKTP.CD,2017,978076465866.452
AFE,NY.GDP.MKTP.CD,2016,831868076442.431
AFE,NY.GDP.MKTP.CD,2015,910002035578.038
AFE,NY.GDP.MKTP.CD,2014,998836162271.296
AFE,NY.GDP.MKTP.CD,2013,981308886976.783
AFE,NY.GDP.MKTP.CD,2012,969265729636.028
AFE,NY.GDP.MKTP.CD,2011,959822476083.878
AFE,NY.GDP.MKTP.CD,2010,863822114606.332
AFE,NY.GDP.MKTP.CD,2009,726921646144.603
AFE,NY.GDP.MKTP.CD,2008,726770401376.729
AFE,NY.GDP.MKTP.CD,2007,674999944547.619
AFE,NY.GDP.MKTP.CD,2006,587500469826.421
AFE,NY.GDP.MKTP.CD,2005,521561976778.096
AFE,NY.GDP.MKTP.CD,2004,445974808500.088
AFE,NY.GDP.MKTP.CD,2003,358116081062.427
AFE,NY.GDP.MKTP.CD,2002,269746009737.979
AFE,NY.GDP.MKTP.CD,2001,260849957489.123
AFE,NY.GDP.MKTP.CD,2000,287041984552.036
AFE,NY.GDP.MKTP.CD,1999,265321007618.974
AFE,NY.GDP.MKTP.CD,1998,268728127688.21
AFE,NY.GDP.MKTP.CD,1997,288270699674.414
AFE,NY.GDP.MKTP.CD,1996,273427612467.252
AFE,NY.GDP.MKTP.CD,1995,273327034187.587
AFE,NY.GDP.MKTP.CD,1994,243477534983.306
AFE,NY.GDP.MKTP.CD,1993,239981176638.05
AFE,NY.GDP.MKTP.CD,1992,241188307967.9
AFE,NY.GDP.MKTP.CD,1991,276918502950.348
AFE,NY.GDP.MKTP.CD,1990,256383050159.487
AFE,NY.GDP.MKTP.CD,1989,220613390803.074
AFE,NY.GDP.MKTP.CD,1988,207368870172.406
AFE,NY.GDP.MKTP.CD,1987,190175229570.901
AFE,NY.GDP.MKTP.CD,1986,160553515127.741
AFE,NY.GDP.MKTP.CD,1985,149335153752.165
AFE,NY.GDP.MKTP.CD,1984,170038515839.183
AFE,NY.GDP.MKTP.CD,1983,185755503030.119
AFE,NY.GDP.MKTP.CD,1982,178355547527.525
AFE,NY.GDP.MKTP.CD,1981,185108969364.767
AFE,NY.GDP.MKTP.CD,1980,178472295521.021
AFE,NY.GDP.MKTP.CD,1979,142099959764.832
AFE,NY.GDP.MKTP.CD,1978,124083421003.115
AFE,NY.GDP.MKTP.CD,1977,109208244154.943
AFE,NY.GDP.MKTP.CD,1976,96006417139.9692
AFE,NY.GDP.MKTP.CD,1975,95295754526.8723
AFE,NY.GDP.MKTP.CD,1974,89535976340.3864
AFE,NY.GDP.MKTP.CD,1973,73083598128.682
AFE,NY.GDP.MKTP.CD,1972,56726057494.0767
AFE,NY.GDP.MKTP.CD,1971,52188685166.5557
AFE,NY.GDP.MKTP.CD,1970,47593907819.7874
AFE,NY.GDP.MKTP.CD,1969,47048523178.8515
AFE,NY.GDP.MKTP.CD,1968,41742001495.4024
AFE,NY.GDP.MKTP.CD,1967,38444163573.9168
AFE,NY.GDP.MKTP.CD,1966,36927249593.1569
AFE,NY.GDP.MKTP.CD,1965,33806176716.8471
AFE,NY.GDP.MKTP.CD,1964,30279553206.6418
AFE,NY.GDP.MKTP.CD,1963,31769135008.6453
AFE,NY.GDP.MKTP.CD,1962,27073233856.5389
AFE,NY.GDP.MKTP.CD,1961,24958886027.4641
AFE,NY.GDP.MKTP.CD,1960,24205688712.3759
AFW,NY.GDP.MKTP.CD,2024,736384961061.523
AFW,NY.GDP.MKTP.CD,2023,938238370514.198
AFW,NY.GDP.MKTP.CD,2022,1063649130876.99
AFW,NY.GDP.MKTP.CD,2021,1026651004045.79
AFW,NY.GDP.MKTP.CD,2020,963784699293.976
AFW,NY.GDP.MKTP.CD,2019,1026996211935.8
AFW,NY.GDP.MKTP.CD,2018,777840323023.311
AFW,NY.GDP.MKTP.CD,2017,694051345937.233
AFW,NY.GDP.MKTP.CD,2016,700028168335.244
AFW,NY.GDP.MKTP.CD,2015,778022057597.448
AFW,NY.GDP.MKTP.CD,2014,904071921008.085
AFW,NY.GDP.MKTP.CD,2013,844180401591.48
AFW,NY.GDP.MKTP.CD,2012,748030003656.802
AFW,NY.GDP.MKTP.CD,2011,691133400013.31
AFW,NY.GDP.MKTP.CD,2010,605794323433.505
AFW,NY.GDP.MKTP.CD,2009,515037106035.659
AFW,NY.GDP.MKTP.CD,2008,574259808704.121
AFW,NY.GDP.MKTP.CD,2007,470947616490.719
AFW,NY.GDP.MKTP.CD,2006,402077365740.581
AFW,NY.GDP.MKTP.CD,2005,316515667947.035
AFW,NY.GDP.MKTP.CD,2004,257939299771.713
AFW,NY.GDP.MKTP.CD,2003,208646527354.851
AFW,NY.GDP.MKTP.CD,2002,180129182230.862
AFW,NY.GDP.MKTP.CD,2001,150714426912.056
AFW,NY.GDP.MKTP.CD,2000,142700161610.079
AFW,NY.GDP.MKTP.CD,1999,140119071338.285
AFW,NY.GDP.MKTP.CD,1998,297126502718.937
AFW,NY.GDP.MKTP.CD,1997,276460023661.745
AFW,NY.GDP.MKTP.CD,1996,263563556144.176
AFW,NY.GDP.MKTP.CD,1995,207843864308.605
AFW,NY.GDP.MKTP.CD,1994,135350756019.393
AFW,NY.GDP.MKTP.CD,1993,130547124413.669
AFW,NY.GDP.MKTP.CD,1992,125449432677.392
AFW,NY.GDP.MKTP.CD,1991,130794315519.503
AFW,NY.GDP.MKTP.CD,1990,124277825786.697
AFW,NY.GDP.MKTP.CD,1989,104577372052.932
AFW,NY.GDP.MKTP.CD,1988,111770322169.923
AFW,NY.GDP.MKTP.CD,1987,112641148828.574
AFW,NY.GDP.MKTP.CD,1986,109517776160.1
AFW,NY.GDP.MKTP.CD,1985,138005066699.39
AFW,NY.GDP.MKTP.CD,1984,131373058519.308
AFW,NY.GDP.MKTP.CD,1983,151421439334.1
AFW,NY.GDP.MKTP.CD,1982,196264853551.918
AFW,NY.GDP.MKTP.CD,1981,217606540487.256
AFW,NY.GDP.MKTP.CD,1980,121445961252.94
AFW,NY.GDP.MKTP.CD,1979,96681064864.1808
AFW,NY.GDP.MKTP.CD,1978,78778080489.5676
AFW,NY.GDP.MKTP.CD,1977,71789497552.1911
AFW,NY.GDP.MKTP.CD,1976,68385552348.1688
AFW,NY.GDP.MKTP.CD,1975,57280116275.6847
AFW,NY.GDP.MKTP.CD,1974,49687223643.2392
AFW,NY.GDP.MKTP.CD,1973,36890633234.1126
AFW,NY.GDP.MKTP.CD,1972,29489425515.7538
AFW,NY.GDP.MKTP.CD,1971,24496786001.8079
AFW,NY.GDP.MKTP.CD,1970,26696924213.8055
AFW,NY.GDP.MKTP.CD,1969,19301191937.1478
AFW,NY.GDP.MKTP.CD,1968,17022596883.7037
AFW,NY.GDP.MKTP.CD,1967,16493541543.816
AFW,NY.GDP.MKTP.CD,1966,18033947666.935
AFW,NY.GDP.MKTP.CD,1965,16920876929.6607
AFW,NY.GDP.MKTP.CD,1964,15803564796.4118
AFW,NY.GDP.MKTP.CD,1963,14468913698.0467
AFW,NY.GDP.MKTP.CD,1962,13630588814.3032
AFW,NY.GDP.MKTP.CD,1961,12707719290.6273
AFW,NY.GDP.MKTP.CD,1960,11904805741.6831
ARB,NY.GDP.MKTP.CD,2024,3735881442514.35
ARB,NY.GDP.MKTP.CD,2023,3622495663981.78
ARB,NY.GDP.MKTP.CD,2022,3747416641077.46
ARB,NY.GDP.MKTP.CD,2021,3085141461685.6
ARB,NY.GDP.MKTP.CD,2020,2604104981819.8
ARB,NY.GDP.MKTP.CD,2019,2965285548936.01
ARB,NY.GDP.MKTP.CD,2018,2920829737234.67
ARB,NY.GDP.MKTP.CD,2017,2611323720520.0
ARB,NY.GDP.MKTP.CD,2016,2536564595458.87
ARB,NY.GDP.MKTP.CD,2015,2580328583417.41
ARB,NY.GDP.MKTP.CD,2014,2937035588682.67
ARB,NY.GDP.MKTP.CD,2013,2883689839002.54
ARB,NY.GDP.MKTP.CD,2012,2813567531715.43
ARB,NY.GDP.MKTP.CD,2011,2573067811497.98
ARB,NY.GDP.MKTP.CD,2010,2161397546202.94
ARB,NY.GDP.MKTP.CD,2009,1829849574764.63
ARB,NY.GDP.MKTP.CD,2008,2118071078804.52
ARB,NY.GDP.MKTP.CD,2007,1674641032780.09
ARB,NY.GDP.MKTP.CD,2006,1439461108230.61
ARB,NY.GDP.MKTP.CD,2005,1210081969427.04
ARB,NY.GDP.MKTP.CD,2004,987304981951.165
ARB,NY.GDP.MKTP.CD,2003,830076413454.427
ARB,NY.GDP.MKTP.CD,2002,746650656664.552
ARB,NY.GDP.MKTP.CD,2001,744722772315.709
ARB,NY.GDP.MKTP.CD,2000,763400003917.067
ARB,NY.GDP.MKTP.CD,1999,665404837896.429
ARB,NY.GDP.MKTP.CD,1998,598783412688.275
ARB,NY.GDP.MKTP.CD,1997,614595338335.664
ARB,NY.GDP.MKTP.CD,1996,570906157108.377
ARB,NY.GDP.MKTP.CD,1995,528474798399.241
ARB,NY.GDP.MKTP.CD,1994,499875724097.082
ARB,NY.GDP.MKTP.CD,1993,478901764895.935
ARB,NY.GDP.MKTP.CD,1992,467773383888.632
ARB,NY.GDP.MKTP.CD,1991,467929266012.123
ARB,NY.GDP.MKTP.CD,1990,641684045874.297
ARB,NY.GDP.MKTP.CD,1989,457356344756.136
ARB,NY.GDP.MKTP.CD,1988,429362637000.524
ARB,NY.GDP.MKTP.CD,1987,431233175938.527
ARB,NY.GDP.MKTP.CD,1986,405451959728.242
ARB,NY.GDP.MKTP.CD,1985,432863846846.03
ARB,NY.GDP.MKTP.CD,1984,440187316546.138
ARB,NY.GDP.MKTP.CD,1983,437476513138.035
ARB,NY.GDP.MKTP.CD,1982,463099887499.949
ARB,NY.GDP.MKTP.CD,1981,494934288111.785
ARB,NY.GDP.MKTP.CD,1980,486438763949.335
ARB,NY.GDP.MKTP.CD,1979,358135553984.577
ARB,NY.GDP.MKTP.CD,1978,265416211837.584
ARB,NY.GDP.MKTP.CD,1977,242286792667.265
ARB,NY.GDP.MKTP.CD,1976,210007567495.429
ARB,NY.GDP.MKTP.CD,1975,168169966031.31
ARB,NY.GDP.MKTP.CD,1974,152199035091.115
ARB,NY.GDP.MKTP.CD,1973,79130725986.8479
ARB,NY.GDP.MKTP.CD,1972,59970718932.0005
ARB,NY.GDP.MKTP.CD,1971,49930151658.8481
ARB,NY.GDP.MKTP.CD,1970,43094140248.5053
ARB,NY.GDP.MKTP.CD,1969,38563619624.2434
ARB,NY.GDP.MKTP.CD,1968,34973045350.791
ARB,NY.GDP.MKTP.CD,1967,30600869634.5039
ARB,NY.GDP.MKTP.CD,1966,28351046183.4396
ARB,NY.GDP.MKTP.CD,1965,26771102387.3542
ARB,NY.GDP.MKTP.CD,1964,24813307353.8628
ARB,NY.GDP.MKTP.CD,1963,22364472061.2973
ARB,NY.GDP.MKTP.CD,1962,20329047307.1191
ARB,NY.GDP.MKTP.CD,1961,19998438484.7345
ARB,NY.GDP.MKTP.CD,1960,
CSS,NY.GDP.MKTP.CD,2024,90344593407.0487
CSS,NY.GDP.MKTP.CD,2023,79534673452.944
CSS,NY.GDP.MKTP.CD,2022,78506430710.7309
CSS,NY.GDP.MKTP.CD,2021,62687149265.4471
CSS,NY.GDP.MKTP.CD,2020,53320869430.7059
CSS,NY.GDP.MKTP.CD,2019,62185458482.7062
CSS,NY.GDP.MKTP.CD,2018,61252081219.8672
CSS,NY.GDP.MKTP.CD,2017,59690101434.3488
CSS,NY.GDP.MKTP.CD,2016,58073168349.5106
CSS,NY.GDP.MKTP.CD,2015,62545153672.0285
CSS,NY.GDP.MKTP.CD,2014,64075043973.1037
CSS,NY.GDP.MKTP.CD,2013,62064949752.4886
CSS,NY.GDP.MKTP.CD,2012,60427163825.0841
CSS,NY.GDP.MKTP.CD,2011,56828150706.0989
CSS,NY.GDP.MKTP.CD,2010,53047626322.0272
CSS,NY.GDP.MKTP.CD,2009,47913515379.1154
CSS,NY.GDP.MKTP.CD,2008,57296315261.9305
CSS,NY.GDP.MKTP.CD,2007,49739222993.1148
CSS,NY.GDP.MKTP.CD,2006,44325879983.2222
CSS,NY.GDP.MKTP.CD,2005,38224293958.7281
CSS,NY.GDP.MKTP.CD,2004,33597817092.3498
CSS,NY.GDP.MKTP.CD,2003,30589389405.8968
CSS,NY.GDP.MKTP.CD,2002,27742046925.4435
CSS,NY.GDP.MKTP.CD,2001,26504661126.1591
CSS,NY.GDP.MKTP.CD,2000,25625542926.4456
CSS,NY.GDP.MKTP.CD,1999,23393912390.0523
CSS,NY.GDP.MKTP.CD,1998,21643804665.0628
CSS,NY.GDP.MKTP.CD,1997,20074931520.308
CSS,NY.GDP.MKTP.CD,1996,16941993239.8086
CSS,NY.GDP.MKTP.CD,1995,15732201525.3694
CSS,NY.GDP.MKTP.CD,1994,14788599388.7446
CSS,NY.GDP.MKTP.CD,1993,13815833341.5092
CSS,NY.GDP.MKTP.CD,1992,14242986936.367
CSS,NY.GDP.MKTP.CD,1991,13946896742.2113
CSS,NY.GDP.MKTP.CD,1990,13573367099.5127
CSS,NY.GDP.MKTP.CD,1989,12606272526.7095
CSS,NY.GDP.MKTP.CD,1988,12745727415.7592
CSS,NY.GDP.MKTP.CD,1987,12334469174.3296
CSS,NY.GDP.MKTP.CD,1986,11773697053.1201
CSS,NY.GDP.MKTP.CD,1985,13794627075.9123
CSS,NY.GDP.MKTP.CD,1984,13689070378.954
CSS,NY.GDP.MKTP.CD,1983,13189051711.1814
CSS,NY.GDP.MKTP.CD,1982,13292712867.0251
CSS,NY.GDP.MKTP.CD,1981,11977463255.1586
CSS,NY.GDP.MKTP.CD,1980,10876340879.3427
CSS,NY.GDP.MKTP.CD,1979,8405785521.3914
CSS,NY.GDP.MKTP.CD,1978,6776416498.50876
CSS,NY.GDP.MKTP.CD,1977,5937525886.22228
CSS,NY.GDP.MKTP.CD,1976,4937767512.99323
CSS,NY.GDP.MKTP.CD,1975,4819825581.33935
CSS,NY.GDP.MKTP.CD,1974,4201310614.82803
CSS,NY.GDP.MKTP.CD,1973,3173389131.65134
CSS,NY.GDP.MKTP.CD,1972,2734457344.69049
CSS,NY.GDP.MKTP.CD,1971,2457968135.09375
CSS,NY.GDP.MKTP.CD,1970,2268330542.34162
CSS,NY.GDP.MKTP.CD,1969,2152507805.36929
CSS,NY.GDP.MKTP.CD,1968,1980508885.71067
CSS,NY.GDP.MKTP.CD,1967,1929997389.27725
CSS,NY.GDP.MKTP.CD,1966,1763304085.16679
CSS,NY.GDP.MKTP.CD,1965,1658476310.98942
CSS,NY.GDP.MKTP.CD,1964,1546223257.5277
CSS,NY.GDP.MKTP.CD,1963,1447988752.00055
CSS,NY.GDP.MKTP.CD,1962,1356047349.50434
CSS,NY.GDP.MKTP.CD,1961,1272022469.10602
CSS,NY.GDP.MKTP.CD,1960,1165303060.28689
CEB,NY.GDP.MKTP.CD,2024,2462005273603.48
CEB,NY.GDP.MKTP.CD,2023,2273205742208.3
CEB,NY.GDP.MKTP.CD,2022,1954419184114.96
CEB,NY.GDP.MKTP.CD,2021,1926347717339.0
CEB,NY.GDP.MKTP.CD,2020,1678294256145.3
CEB,NY.GDP.MKTP.CD,2019,1684318282245.77
CEB,NY.GDP.MKTP.CD,2018,1656383422202.66
CEB,NY.GDP.MKTP.CD,2017,1467501784248.85
CEB,NY.GDP.MKTP.CD,2016,1321561415743.83
CEB,NY.GDP.MKTP.CD,2015,1297141271990.05
CEB,NY.GDP.MKTP.CD,2014,1467451281263.28
CEB,NY.GDP.MKTP.CD,2013,1420222538112.93
CEB,NY.GDP.MKTP.CD,2012,1361899009858.4
CEB,NY.GDP.MKTP.CD,2011,1458155270134.3
CEB,NY.GDP.MKTP.CD,2010,1319443729249.66
CEB,NY.GDP.MKTP.CD,2009,1289259547165.21
CEB,NY.GDP.MKTP.CD,2008,1530264815688.71
CEB,NY.GDP.MKTP.CD,2007,1264257753875.71
CEB,NY.GDP.MKTP.CD,2006,1001314786967.89
CEB,NY.GDP.MKTP.CD,2005,885715817927.209
CEB,NY.GDP.MKTP.CD,2004,763490469817.591
CEB,NY.GDP.MKTP.CD,2003,634291134326.276
CEB,NY.GDP.MKTP.CD,2002,528524764911.334
CEB,NY.GDP.MKTP.CD,2001,469501416107.35
CEB,NY.GDP.MKTP.CD,2000,429412709571.523
CEB,NY.GDP.MKTP.CD,1999,436027644107.051
CEB,NY.GDP.MKTP.CD,1998,449843473353.657
CEB,NY.GDP.MKTP.CD,1997,411143082438.381
CEB,NY.GDP.MKTP.CD,1996,417518097817.204
CEB,NY.GDP.MKTP.CD,1995,394762398480.378
CEB,NY.GDP.MKTP.CD,1994,308675977161.455
CEB,NY.GDP.MKTP.CD,1993,270374645291.362
CEB,NY.GDP.MKTP.CD,1992,255096853829.453
CEB,NY.GDP.MKTP.CD,1991,246710634295.862
CEB,NY.GDP.MKTP.CD,1990,272115195628.928
CEB,NY.GDP.MKTP.CD,1989,
CEB,NY.GDP.MKTP.CD,1988,
CEB,NY.GDP.MKTP.CD,1987,
CEB,NY.GDP.MKTP.CD,1986,
CEB,NY.GDP.MKTP.CD,1985,
CEB,NY.GDP.MKTP.CD,1984,
CEB,NY.GDP.MKTP.CD,1983,
CEB,NY.GDP.MKTP.CD,1982,
CEB,NY.GDP.MKTP.CD,1981,
CEB,NY.GDP.MKTP.CD,1980,
CEB,NY.GDP.MKTP.CD,1979,
CEB,NY.GDP.MKTP.CD,1978,
CEB,NY.GDP.MKTP.CD,1977,
CEB,NY.GDP.MKTP.CD,1976,
CEB,NY.GDP.MKTP.CD,1975,
CEB,NY.GDP.MKTP.CD,1974,
CEB,NY.GDP.MKTP.CD,1973,
CEB,NY.GDP.MKTP.CD,1972,
CEB,NY.GDP.MKTP.CD,1971,
CEB,NY.GDP.MKTP.CD,1970,
CEB,NY.GDP.MKTP.CD,1969,
CEB,NY.GDP.MKTP.CD,1968,
CEB,NY.GDP.MKTP.CD,1967,
CEB,NY.GDP.MKTP.CD,1966,
CEB,NY.GDP.MKTP.CD,1965,
CEB,NY.GDP.MKTP.CD,1964,
CEB,NY.GDP.MKTP.CD,1963,
CEB,NY.GDP.MKTP.CD,1962,
CEB,NY.GDP.MKTP.CD,1961,
CEB,NY.GDP.MKTP.CD,1960,
EAR,NY.GDP.MKTP.CD,2024,15808304487948.1
EAR,NY.GDP.MKTP.CD,2023,14933453330998.3
EAR,NY.GDP.MKTP.CD,2022,14034689936337.3
EAR,NY.GDP.MKTP.CD,2021,12695008338487.8
EAR,NY.GDP.MKTP.CD,2020,10823343545638.3
EAR,NY.GDP.MKTP.CD,2019,11686574879191.1
EAR,NY.GDP.MKTP.CD,2018,11478917653356.5
EAR,NY.GDP.MKTP.CD,2017,11320553240043.8
EAR,NY.GDP.MKTP.CD,2016,10423237803666.1
EAR,NY.GDP.MKTP.CD,2015,10127250782286.2
EAR,NY.GDP.MKTP.CD,2014,10533364326771.5
EAR,NY.GDP.MKTP.CD,2013,10330333855700.2
EAR,NY.GDP.MKTP.CD,2012,10275142735646.4
EAR,NY.GDP.MKTP.CD,2011,9832704039068.24
EAR,NY.GDP.MKTP.CD,2010,8719722451021.04
EAR,NY.GDP.MKTP.CD,2009,7179119134034.64
EAR,NY.GDP.MKTP.CD,2008,7461798613306.43
EAR,NY.GDP.MKTP.CD,2007,6631053551528.64
EAR,NY.GDP.MKTP.CD,2006,5600388912441.22
EAR,NY.GDP.MKTP.CD,2005,4897834756101.33
EAR,NY.GDP.MKTP.CD,2004,4209733389066.63
EAR,NY.GDP.MKTP.CD,2003,3622513779274.76
EAR,NY.GDP.MKTP.CD,2002,3255787156323.37
EAR,NY.GDP.MKTP.CD,2001,3351822804548.09
EAR,NY.GDP.MKTP.CD,2000,3378295866754.26
EAR,NY.GDP.MKTP.CD,1999,3090855529444.24
EAR,NY.GDP.MKTP.CD,1998,2921281348182.23
EAR,NY.GDP.MKTP.CD,1997,3029966854142.86
EAR,NY.GDP.MKTP.CD,1996,2836341459574.38
EAR,NY.GDP.MKTP.CD,1995,2616825349456.6
EAR,NY.GDP.MKTP.CD,1994,2502107597947.33
EAR,NY.GDP.MKTP.CD,1993,2381953146975.35
EAR,NY.GDP.MKTP.CD,1992,2207967005422.93
EAR,NY.GDP.MKTP.CD,1991,2032104613561.74
EAR,NY.GDP.MKTP.CD,1990,1915433566099.57
EAR,NY.GDP.MKTP.CD,1989,1634255193569.58
EAR,NY.GDP.MKTP.CD,1988,1606574808086.1
EAR,NY.GDP.MKTP.CD,1987,1521911883272.76
EAR,NY.GDP.MKTP.CD,1986,1498034888889.95
EAR,NY.GDP.MKTP.CD,1985,1490483608577.59
EAR,NY.GDP.MKTP.CD,1984,1494712751952.32
EAR,NY.GDP.MKTP.CD,1983,1474006434239.97
EAR,NY.GDP.MKTP.CD,1982,1460539930822.8
EAR,NY.GDP.MKTP.CD,1981,1531909890330.96
EAR,NY.GDP.MKTP.CD,1980,1382501835902.97
EAR,NY.GDP.MKTP.CD,1979,1111836214805.12
EAR,NY.GDP.MKTP.CD,1978,944725702178.608
EAR,NY.GDP.MKTP.CD,1977,827431694414.617
EAR,NY.GDP.MKTP.CD,1976,739999717047.563
EAR,NY.GDP.MKTP.CD,1975,677326175290.985
EAR,NY.GDP.MKTP.CD,1974,632677956824.656
EAR,NY.GDP.MKTP.CD,1973,451330007897.13
EAR,NY.GDP.MKTP.CD,1972,352709582632.977
EAR,NY.GDP.MKTP.CD,1971,319666547823.284
EAR,NY.GDP.MKTP.CD,1970,296902005244.168
EAR,NY.GDP.MKTP.CD,1969,278946058537.51
EAR,NY.GDP.MKTP.CD,1968,249635352315.78
EAR,NY.GDP.MKTP.CD,1967,228982484399.535
EAR,NY.GDP.MKTP.CD,1966,216877873081.118
EAR,NY.GDP.MKTP.CD,1965,218951522604.693
EAR,NY.GDP.MKTP.CD,1964,201822394409.762
EAR,NY.GDP.MKTP.CD,1963,175994009911.133
EAR,NY.GDP.MKTP.CD,1962,159435896119.118
EAR,NY.GDP.MKTP.CD,1961,157593209302.864
EAR,NY.GDP.MKTP.CD,1960,144721677770.045
EAS,NY.GDP.MKTP.CD,2024,32017179839273.0
EAS,NY.GDP.MKTP.CD,2023,31417826880875.0
EAS,NY.GDP.MKTP.CD,2022,31266291368260.6
EAS,NY.GDP.MKTP.CD,2021,31675719814404.9
EAS,NY.GDP.MKTP.CD,2020,27578839610232.4
EAS,NY.GDP.MKTP.CD,2019,27427259967363.2
EAS,NY.GDP.MKTP.CD,2018,26853593303707.3
EAS,NY.GDP.MKTP.CD,2017,24656162308335.2
EAS,NY.GDP.MKTP.CD,2016,23089672188769.4
EAS,NY.GDP.MKTP.CD,2015,22299105656919.6
EAS,NY.GDP.MKTP.CD,2014,22372206647098.1
EAS,NY.GDP.MKTP.CD,2013,21659293723344.2
EAS,NY.GDP.MKTP.CD,2012,21382308600766.1
EAS,NY.GDP.MKTP.CD,2011,19978722203920.9
EAS,NY.GDP.MKTP.CD,2010,17239317220822.1
EAS,NY.GDP.MKTP.CD,2009,14764315682393.8
EAS,NY.GDP.MKTP.CD,2008,14343483215174.2
EAS,NY.GDP.MKTP.CD,2007,12437519828885.7
EAS,NY.GDP.MKTP.CD,2006,11119747675836.3
EAS,NY.GDP.MKTP.CD,2005,10482706260278.9
EAS,NY.GDP.MKTP.CD,2004,9819681145695.01
EAS,NY.GDP.MKTP.CD,2003,8753448863353.34
EAS,NY.GDP.MKTP.CD,2002,7956172633989.7
EAS,NY.GDP.MKTP.CD,2001,7826463883839.79
EAS,NY.GDP.MKTP.CD,2000,8412453304524.13
EAS,NY.GDP.MKTP.CD,1999,7773840546154.07
EAS,NY.GDP.MKTP.CD,1998,6955954583769.84
EAS,NY.GDP.MKTP.CD,1997,7772693781558.03
EAS,NY.GDP.MKTP.CD,1996,8130483838052.5
EAS,NY.GDP.MKTP.CD,1995,8434543754117.74
EAS,NY.GDP.MKTP.CD,1994,7425405636883.66
EAS,NY.GDP.MKTP.CD,1993,6636847751412.67
EAS,NY.GDP.MKTP.CD,1992,5932829360031.94
EAS,NY.GDP.MKTP.CD,1991,5427202639061.34
EAS,NY.GDP.MKTP.CD,1990,4803290180331.83
EAS,NY.GDP.MKTP.CD,1989,4601033436533.33
EAS,NY.GDP.MKTP.CD,1988,4417683853665.45
EAS,NY.GDP.MKTP.CD,1987,3674655679101.68
EAS,NY.GDP.MKTP.CD,1986,3129485037094.75
EAS,NY.GDP.MKTP.CD,1985,2394790644030.33
EAS,NY.GDP.MKTP.CD,1984,2270398820971.54
EAS,NY.GDP.MKTP.CD,1983,2122245718331.55
EAS,NY.GDP.MKTP.CD,1982,1993801305392.76
EAS,NY.GDP.MKTP.CD,1981,2035238690119.8
EAS,NY.GDP.MKTP.CD,1980,1847683906919.31
EAS,NY.GDP.MKTP.CD,1979,1707937978688.0
EAS,NY.GDP.MKTP.CD,1978,1572466264984.33
EAS,NY.GDP.MKTP.CD,1977,1244835424362.48
EAS,NY.GDP.MKTP.CD,1976,1044586002622.97
EAS,NY.GDP.MKTP.CD,1975,949601251437.202
EAS,NY.GDP.MKTP.CD,1974,867697064525.541
EAS,NY.GDP.MKTP.CD,1973,751994474883.85
EAS,NY.GDP.MKTP.CD,1972,570488659290.28
EAS,NY.GDP.MKTP.CD,1971,458861299357.062
EAS,NY.GDP.MKTP.CD,1970,412911499094.696
EAS,NY.GDP.MKTP.CD,1969,358520931889.826
EAS,NY.GDP.MKTP.CD,1968,310918325049.37
EAS,NY.GDP.MKTP.CD,1967,281428064740.649
EAS,NY.GDP.MKTP.CD,1966,258961623498.601
EAS,NY.GDP.MKTP.CD,1965,231441256707.029
EAS,NY.GDP.MKTP.CD,1964,207928170527.111
EAS,NY.GDP.MKTP.CD,1963,181110123774.702
EAS,NY.GDP.MKTP.CD,1962,162276885099.764
EAS,NY.GDP.MKTP.CD,1961,158550649387.071
EAS,NY.GDP.MKTP.CD,1960,157319051227.593
EAP,NY.GDP.MKTP.CD,2024,22260810771875.1
EAP,NY.GDP.MKTP.CD,2023,21644412635340.6
EAP,NY.GDP.MKTP.CD,2022,21563881384135.8
EAP,NY.GDP.MKTP.CD,2021,21231425978691.4
EAP,NY.GDP.MKTP.CD,2020,17805166443182.2
EAP,NY.GDP.MKTP.CD,2019,17503274977303.3
EAP,NY.GDP.MKTP.CD,2018,16902110052652.3
EAP,NY.GDP.MKTP.CD,2017,15115625540264.8
EAP,NY.GDP.MKTP.CD,2016,13844122751569.4
EAP,NY.GDP.MKTP.CD,2015,13548904084321.4
EAP,NY.GDP.MKTP.CD,2014,13004689014662.5
EAP,NY.GDP.MKTP.CD,2013,12047512338954.1
EAP,NY.GDP.MKTP.CD,2012,10905337947546.2
EAP,NY.GDP.MKTP.CD,2011,9774259220654.2
EAP,NY.GDP.MKTP.CD,2010,8008611577123.89
EAP,NY.GDP.MKTP.CD,2009,6581352893096.84
EAP,NY.GDP.MKTP.CD,2008,6062017772754.35
EAP,NY.GDP.MKTP.CD,2007,4787054921838.08
EAP,NY.GDP.MKTP.CD,2006,3783276519033.74
EAP,NY.GDP.MKTP.CD,2005,3140094784139.39
EAP,NY.GDP.MKTP.CD,2004,2712364424518.89
EAP,NY.GDP.MKTP.CD,2003,2337899791147.23
EAP,NY.GDP.MKTP.CD,2002,2063860728539.44
EAP,NY.GDP.MKTP.CD,2001,1862932027297.4
EAP,NY.GDP.MKTP.CD,2000,1748618348986.43
EAP,NY.GDP.MKTP.CD,1999,1587766769203.34
EAP,NY.GDP.MKTP.CD,1998,1441284604894.45
EAP,NY.GDP.MKTP.CD,1997,1576765689230.4
EAP,NY.GDP.MKTP.CD,1996,1523108085146.29
EAP,NY.GDP.MKTP.CD,1995,1325739943462.75
EAP,NY.GDP.MKTP.CD,1994,1074481772219.03
EAP,NY.GDP.MKTP.CD,1993,892446273872.149
EAP,NY.GDP.MKTP.CD,1992,812994672964.462
EAP,NY.GDP.MKTP.CD,1991,724654932688.965
EAP,NY.GDP.MKTP.CD,1990,667410241508.278
EAP,NY.GDP.MKTP.CD,1989,622836056673.594
EAP,NY.GDP.MKTP.CD,1988,576126858481.928
EAP,NY.GDP.MKTP.CD,1987,519033465046.499
EAP,NY.GDP.MKTP.CD,1986,525182739596.105
EAP,NY.GDP.MKTP.CD,1985,526600751089.371
EAP,NY.GDP.MKTP.CD,1984,480915094642.189
EAP,NY.GDP.MKTP.CD,1983,443839881509.845
EAP,NY.GDP.MKTP.CD,1982,423850572150.819
EAP,NY.GDP.MKTP.CD,1981,403551450432.948
EAP,NY.GDP.MKTP.CD,1980,377947161288.534
EAP,NY.GDP.MKTP.CD,1979,327589016955.703
EAP,NY.GDP.MKTP.CD,1978,282919061354.682
EAP,NY.GDP.MKTP.CD,1977,291532735013.151
EAP,NY.GDP.MKTP.CD,1976,252942981187.157
EAP,NY.GDP.MKTP.CD,1975,248772601176.036
EAP,NY.GDP.MKTP.CD,1974,221665588687.632
EAP,NY.GDP.MKTP.CD,1973,195616567916.784
EAP,NY.GDP.MKTP.CD,1972,155518448869.276
EAP,NY.GDP.MKTP.CD,1971,136580265754.987
EAP,NY.GDP.MKTP.CD,1970,127182556289.611
EAP,NY.GDP.MKTP.CD,1969,114217981695.758
EAP,NY.GDP.MKTP.CD,1968,101580829248.914
EAP,NY.GDP.MKTP.CD,1967,100474855679.916
EAP,NY.GDP.MKTP.CD,1966,103483052014.092
EAP,NY.GDP.MKTP.CD,1965,94594887799.9548
EAP,NY.GDP.MKTP.CD,1964,81184317665.9229
EAP,NY.GDP.MKTP.CD,1963,70288432260.5342
EAP,NY.GDP.MKTP.CD,1962,64989160572.5448
EAP,NY.GDP.MKTP.CD,1961,71247395333.073
EAP,NY.GDP.MKTP.CD,1960,80886065110.4852
TEA,NY.GDP.MKTP.CD,2024,22233362919728.4
TEA,NY.GDP.MKTP.CD,2023,21617676926854.5
TEA,NY.GDP.MKTP.CD,2022,21537214774462.6
TEA,NY.GDP.MKTP.CD,2021,21205187136185.7
TEA,NY.GDP.MKTP.CD,2020,17783207218899.1
TEA,NY.GDP.MKTP.CD,2019,17481715455963.4
TEA,NY.GDP.MKTP.CD,2018,16881316789674.4
TEA,NY.GDP.MKTP.CD,2017,15097056837158.2
TEA,NY.GDP.MKTP.CD,2016,13827151057380.2
TEA,NY.GDP.MKTP.CD,2015,13532272043462.5
TEA,NY.GDP.MKTP.CD,2014,12988712786591.7
TEA,NY.GDP.MKTP.CD,2013,12032711129058.2
TEA,NY.GDP.MKTP.CD,2012,10891968350841.7
TEA,NY.GDP.MKTP.CD,2011,9762256276676.59
TEA,NY.GDP.MKTP.CD,2010,7998796323270.31
TEA,NY.GDP.MKTP.CD,2009,6573327283810.49
TEA,NY.GDP.MKTP.CD,2008,6054648571433.55
TEA,NY.GDP.MKTP.CD,2007,4781270693838.8
TEA,NY.GDP.MKTP.CD,2006,3778751294371.62
TEA,NY.GDP.MKTP.CD,2005,3136374977327.23
TEA,NY.GDP.MKTP.CD,2004,2709157341014.45
TEA,NY.GDP.MKTP.CD,2003,2335145056810.17
TEA,NY.GDP.MKTP.CD,2002,2061454246187.87
TEA,NY.GDP.MKTP.CD,2001,1860776095129.08
TEA,NY.GDP.MKTP.CD,2000,1746600304168.03
TEA,NY.GDP.MKTP.CD,1999,1585945646801.91
TEA,NY.GDP.MKTP.CD,1998,1439654527490.28
TEA,NY.GDP.MKTP.CD,1997,1574968030449.8
TEA,NY.GDP.MKTP.CD,1996,1521371528098.09
TEA,NY.GDP.MKTP.CD,1995,1324237119507.35
TEA,NY.GDP.MKTP.CD,1994,1073279171690.89
TEA,NY.GDP.MKTP.CD,1993,891466245843.003
TEA,NY.GDP.MKTP.CD,1992,812130263840.671
TEA,NY.GDP.MKTP.CD,1991,723904575173.197
TEA,NY.GDP.MKTP.CD,1990,666725912038.334
TEA,NY.GDP.MKTP.CD,1989,622193930069.762
TEA,NY.GDP.MKTP.CD,1988,575525093193.548
TEA,NY.GDP.MKTP.CD,1987,518488360539.102
TEA,NY.GDP.MKTP.CD,1986,524621676243.052
TEA,NY.GDP.MKTP.CD,1985,526032437680.959
TEA,NY.GDP.MKTP.CD,1984,480403927228.946
TEA,NY.GDP.MKTP.CD,1983,443371246698.137
TEA,NY.GDP.MKTP.CD,1982,423407966724.839
TEA,NY.GDP.MKTP.CD,1981,403129803803.167
TEA,NY.GDP.MKTP.CD,1980,377549806578.642
TEA,NY.GDP.MKTP.CD,1979,327249769951.168
TEA,NY.GDP.MKTP.CD,1978,282630837737.006
TEA,NY.GDP.MKTP.CD,1977,291229976122.31
TEA,NY.GDP.MKTP.CD,1976,252686739157.612
TEA,NY.GDP.MKTP.CD,1975,248519521080.329
TEA,NY.GDP.MKTP.CD,1974,221440713584.624
TEA,NY.GDP.MKTP.CD,1973,195413149940.391
TEA,NY.GDP.MKTP.CD,1972,155359237838.582
TEA,NY.GDP.MKTP.CD,1971,136440829735.232
TEA,NY.GDP.MKTP.CD,1970,127052297158.08
TEA,NY.GDP.MKTP.CD,1969,114101000754.857
TEA,NY.GDP.MKTP.CD,1968,101476791156.08
TEA,NY.GDP.MKTP.CD,1967,100371950314.405
TEA,NY.GDP.MKTP.CD,1966,103377065683.287
TEA,NY.GDP.MKTP.CD,1965,94498004640.0974
TEA,NY.GDP.MKTP.CD,1964,81101169480.9705
TEA,NY.GDP.MKTP.CD,1963,70216443534.9572
TEA,NY.GDP.MKTP.CD,1962,64922599309.2547
TEA,NY.GDP.MKTP.CD,1961,71174424446.8865
TEA,NY.GDP.MKTP.CD,1960,80803222392.886
EMU,NY.GDP.MKTP.CD,2024,16485444160371.0
EMU,NY.GDP.MKTP.CD,2023,15854782417877.0
EMU,NY.GDP.MKTP.CD,2022,14488160081806.7
EMU,NY.GDP.MKTP.CD,2021,14924551716260.4
EMU,NY.GDP.MKTP.CD,2020,13267554461613.6
EMU,NY.GDP.MKTP.CD,2019,13589774677631.3
EMU,NY.GDP.MKTP.CD,2018,13871778197583.7
EMU,NY.GDP.MKTP.CD,2017,12841960349280.8
EMU,NY.GDP.MKTP.CD,2016,12123283574466.5
EMU,NY.GDP.MKTP.CD,2015,11829834353286.1
EMU,NY.GDP.MKTP.CD,2014,13682058707498.0
EMU,NY.GDP.MKTP.CD,2013,13357283141903.1
EMU,NY.GDP.MKTP.CD,2012,12784947379630.9
EMU,NY.GDP.MKTP.CD,2011,13808563263632.6
EMU,NY.GDP.MKTP.CD,2010,12784744616370.5
EMU,NY.GDP.MKTP.CD,2009,13083077526585.9
EMU,NY.GDP.MKTP.CD,2008,14295718485782.5
EMU,NY.GDP.MKTP.CD,2007,13000311540976.4
EMU,NY.GDP.MKTP.CD,2006,11288300255552.1
EMU,NY.GDP.MKTP.CD,2005,10611825457675.7
EMU,NY.GDP.MKTP.CD,2004,10231007049211.6
EMU,NY.GDP.MKTP.CD,2003,8921228124667.76
EMU,NY.GDP.MKTP.CD,2002,7241862819845.99
EMU,NY.GDP.MKTP.CD,2001,6631899417554.06
EMU,NY.GDP.MKTP.CD,2000,6528628817962.73
EMU,NY.GDP.MKTP.CD,1999,7148860255013.26
EMU,NY.GDP.MKTP.CD,1998,7174357611624.96
EMU,NY.GDP.MKTP.CD,1997,6977670410602.33
EMU,NY.GDP.MKTP.CD,1996,7629501026055.96
EMU,NY.GDP.MKTP.CD,1995,7540043718350.13
EMU,NY.GDP.MKTP.CD,1994,6531158637825.7
EMU,NY.GDP.MKTP.CD,1993,6180487033219.2
EMU,NY.GDP.MKTP.CD,1992,6750506224912.11
EMU,NY.GDP.MKTP.CD,1991,6127707302712.63
EMU,NY.GDP.MKTP.CD,1990,5905615266811.65
EMU,NY.GDP.MKTP.CD,1989,4693107413339.75
EMU,NY.GDP.MKTP.CD,1988,4594903614804.26
EMU,NY.GDP.MKTP.CD,1987,4177529771751.75
EMU,NY.GDP.MKTP.CD,1986,3377295853623.19
EMU,NY.GDP.MKTP.CD,1985,2404986753295.59
EMU,NY.GDP.MKTP.CD,1984,2341108054746.11
EMU,NY.GDP.MKTP.CD,1983,2440096224414.65
EMU,NY.GDP.MKTP.CD,1982,2500976094855.11
EMU,NY.GDP.MKTP.CD,1981,2583763815177.7
EMU,NY.GDP.MKTP.CD,1980,2973694924193.75
EMU,NY.GDP.MKTP.CD,1979,2655412251166.7
EMU,NY.GDP.MKTP.CD,1978,2191877722237.84
EMU,NY.GDP.MKTP.CD,1977,1790121849729.2
EMU,NY.GDP.MKTP.CD,1976,1573201555133.45
EMU,NY.GDP.MKTP.CD,1975,1507769269988.61
EMU,NY.GDP.MKTP.CD,1974,1300640475270.6
EMU,NY.GDP.MKTP.CD,1973,1146929346320.65
EMU,NY.GDP.MKTP.CD,1972,883626753918.737
EMU,NY.GDP.MKTP.CD,1971,731657047532.379
EMU,NY.GDP.MKTP.CD,1970,645500835842.668
EMU,NY.GDP.MKTP.CD,1969,569734708021.535
EMU,NY.GDP.MKTP.CD,1968,509988879945.715
EMU,NY.GDP.MKTP.CD,1967,474428505593.993
EMU,NY.GDP.MKTP.CD,1966,446517615235.836
EMU,NY.GDP.MKTP.CD,1965,412774576471.606
EMU,NY.GDP.MKTP.CD,1964,377598986539.21
EMU,NY.GDP.MKTP.CD,1963,340786490149.599
EMU,NY.GDP.MKTP.CD,1962,309694923223.855
EMU,NY.GDP.MKTP.CD,1961,280078203910.322
EMU,NY.GDP.MKTP.CD,1960,251618036413.213
ECS,NY.GDP.MKTP.CD,2024,29291828957768.8
ECS,NY.GDP.MKTP.CD,2023,27732942821913.5
ECS,NY.GDP.MKTP.CD,2022,25798700454390.6
ECS,NY.GDP.MKTP.CD,2021,25572901699926.6
ECS,NY.GDP.MKTP.CD,2020,22322527185686.7
ECS,NY.GDP.MKTP.CD,2019,23067540030248.6
ECS,NY.GDP.MKTP.CD,2018,23342642668393.3
ECS,NY.GDP.MKTP.CD,2017,21791487069281.7
ECS,NY.GDP.MKTP.CD,2016,20528432079127.4
ECS,NY.GDP.MKTP.CD,2015,20603435735279.5
ECS,NY.GDP.MKTP.CD,2014,23920533649825.0
ECS,NY.GDP.MKTP.CD,2013,23574066317473.4
ECS,NY.GDP.MKTP.CD,2012,22560574822089.8
ECS,NY.GDP.MKTP.CD,2011,23432000301407.5
ECS,NY.GDP.MKTP.CD,2010,21118677014368.3
ECS,NY.GDP.MKTP.CD,2009,20648444471712.4
ECS,NY.GDP.MKTP.CD,2008,23453627549028.2
ECS,NY.GDP.MKTP.CD,2007,21308302318715.6
ECS,NY.GDP.MKTP.CD,2006,18236819891061.4
ECS,NY.GDP.MKTP.CD,2005,16835012218380.2
ECS,NY.GDP.MKTP.CD,2004,15814841560656.9
ECS,NY.GDP.MKTP.CD,2003,13567083586398.5
ECS,NY.GDP.MKTP.CD,2002,11156577456679.8
ECS,NY.GDP.MKTP.CD,2001,10189029938417.1
ECS,NY.GDP.MKTP.CD,2000,10084357140368.8
ECS,NY.GDP.MKTP.CD,1999,10693108477805.9
ECS,NY.GDP.MKTP.CD,1998,10802596787884.9
ECS,NY.GDP.MKTP.CD,1997,10606870959652.7
ECS,NY.GDP.MKTP.CD,1996,11170753659602.9
ECS,NY.GDP.MKTP.CD,1995,10942224071349.1
ECS,NY.GDP.MKTP.CD,1994,9408650267542.72
ECS,NY.GDP.MKTP.CD,1993,8995004729126.83
ECS,NY.GDP.MKTP.CD,1992,9787841972924.53
ECS,NY.GDP.MKTP.CD,1991,9137253599154.58
ECS,NY.GDP.MKTP.CD,1990,8870877140631.4
ECS,NY.GDP.MKTP.CD,1989,7257702652999.9
ECS,NY.GDP.MKTP.CD,1988,7161818798652.39
ECS,NY.GDP.MKTP.CD,1987,6431748582275.98
ECS,NY.GDP.MKTP.CD,1986,5207541274400.03
ECS,NY.GDP.MKTP.CD,1985,3817565719211.53
ECS,NY.GDP.MKTP.CD,1984,3689517973067.84
ECS,NY.GDP.MKTP.CD,1983,3837932762271.18
ECS,NY.GDP.MKTP.CD,1982,3957248458690.98
ECS,NY.GDP.MKTP.CD,1981,4105756738593.04
ECS,NY.GDP.MKTP.CD,1980,4609261411538.92
ECS,NY.GDP.MKTP.CD,1979,4077590131182.29
ECS,NY.GDP.MKTP.CD,1978,3344297397044.4
ECS,NY.GDP.MKTP.CD,1977,2728001349943.93
ECS,NY.GDP.MKTP.CD,1976,2411368600960.78
ECS,NY.GDP.MKTP.CD,1975,2319533111918.75
ECS,NY.GDP.MKTP.CD,1974,1985792691039.95
ECS,NY.GDP.MKTP.CD,1973,1757146541396.18
ECS,NY.GDP.MKTP.CD,1972,1381315333741.31
ECS,NY.GDP.MKTP.CD,1971,1152050722008.06
ECS,NY.GDP.MKTP.CD,1970,1020812176391.15
ECS,NY.GDP.MKTP.CD,1969,907972467404.46
ECS,NY.GDP.MKTP.CD,1968,818734190049.158
ECS,NY.GDP.MKTP.CD,1967,777321336439.052
ECS,NY.GDP.MKTP.CD,1966,731699507285.095
ECS,NY.GDP.MKTP.CD,1965,676603823141.807
ECS,NY.GDP.MKTP.CD,1964,620449239016.734
ECS,NY.GDP.MKTP.CD,1963,561372802906.338
ECS,NY.GDP.MKTP.CD,1962,513405546288.519
ECS,NY.GDP.MKTP.CD,1961,469524853748.685
ECS,NY.GDP.MKTP.CD,1960,426666341076.386
ECA,NY.GDP.MKTP.CD,2024,2451180144505.47
ECA,NY.GDP.MKTP.CD,2023,2143244215113.25
ECA,NY.GDP.MKTP.CD,2022,1820242864725.1
ECA,NY.GDP.MKTP.CD,2021,1680958734568.53
ECA,NY.GDP.MKTP.CD,2020,1446077189727.52
ECA,NY.GDP.MKTP.CD,2019,1508679974755.36
ECA,NY.GDP.MKTP.CD,2018,1477488205993.51
ECA,NY.GDP.MKTP.CD,2017,1499595960769.3
ECA,NY.GDP.MKTP.CD,2016,1450171284448.8
ECA,NY.GDP.MKTP.CD,2015,1510474002479.16
ECA,NY.GDP.MKTP.CD,2014,1735229369225.69
ECA,NY.GDP.MKTP.CD,2013,1808692800315.95
ECA,NY.GDP.MKTP.CD,2012,1658983451713.25
ECA,NY.GDP.MKTP.CD,2011,1574244960285.95
ECA,NY.GDP.MKTP.CD,2010,1385078523367.67
ECA,NY.GDP.MKTP.CD,2009,1169814065612.09
ECA,NY.GDP.MKTP.CD,2008,1402429749896.0
ECA,NY.GDP.MKTP.CD,2007,1171542215920.56
ECA,NY.GDP.MKTP.CD,2006,929637643372.55
ECA,NY.GDP.MKTP.CD,2005,798897294908.649
ECA,NY.GDP.MKTP.CD,2004,641341376416.645
ECA,NY.GDP.MKTP.CD,2003,498092410579.851
ECA,NY.GDP.MKTP.CD,2002,390532064568.536
ECA,NY.GDP.MKTP.CD,2001,335649212545.439
ECA,NY.GDP.MKTP.CD,2000,391259402609.02
ECA,NY.GDP.MKTP.CD,1999,384488217104.006
ECA,NY.GDP.MKTP.CD,1998,421386465145.892
ECA,NY.GDP.MKTP.CD,1997,420614588838.233
ECA,NY.GDP.MKTP.CD,1996,395413043255.679
ECA,NY.GDP.MKTP.CD,1995,373845229870.828
ECA,NY.GDP.MKTP.CD,1994,265716719680.273
ECA,NY.GDP.MKTP.CD,1993,339235852060.503
ECA,NY.GDP.MKTP.CD,1992,328451120556.593
ECA,NY.GDP.MKTP.CD,1991,341086296065.275
ECA,NY.GDP.MKTP.CD,1990,354156720158.529
ECA,NY.GDP.MKTP.CD,1989,296012494754.96
ECA,NY.GDP.MKTP.CD,1988,260714658021.753
ECA,NY.GDP.MKTP.CD,1987,235133242045.119
ECA,NY.GDP.MKTP.CD,1986,
ECA,NY.GDP.MKTP.CD,1985,
ECA,NY.GDP.MKTP.CD,1984,
ECA,NY.GDP.MKTP.CD,1983,
ECA,NY.GDP.MKTP.CD,1982,
ECA,NY.GDP.MKTP.CD,1981,
ECA,NY.GDP.MKTP.CD,1980,
ECA,NY.GDP.MKTP.CD,1979,
ECA,NY.GDP.MKTP.CD,1978,
ECA,NY.GDP.MKTP.CD,1977,
ECA,NY.GDP.MKTP.CD,1976,
ECA,NY.GDP.MKTP.CD,1975,
ECA,NY.GDP.MKTP.CD,1974,
ECA,NY.GDP.MKTP.CD,1973,
ECA,NY.GDP.MKTP.CD,1972,
ECA,NY.GDP.MKTP.CD,1971,
ECA,NY.GDP.MKTP.CD,1970,
ECA,NY.GDP.MKTP.CD,1969,
ECA,NY.GDP.MKTP.CD,1968,
ECA,NY.GDP.MKTP.CD,1967,
ECA,NY.GDP.MKTP.CD,1966,
ECA,NY.GDP.MKTP.CD,1965,
ECA,NY.GDP.MKTP.CD,1964,
ECA,NY.GDP.MKTP.CD,1963,
ECA,NY.GDP.MKTP.CD,1962,
ECA,NY.GDP.MKTP.CD,1961,
ECA,NY.GDP.MKTP.CD,1960,
TEC,NY.GDP.MKTP.CD,2024,6131674441421.64
TEC,NY.GDP.MKTP.CD,2023,5562782514647.52
TEC,NY.GDP.MKTP.CD,2022,5264484546456.79
TEC,NY.GDP.MKTP.CD,2021,4637763943320.14
TEC,NY.GDP.MKTP.CD,2020,3924139091384.84
TEC,NY.GDP.MKTP.CD,2019,4184533628660.37
TEC,NY.GDP.MKTP.CD,2018,4098990245510.03
TEC,NY.GDP.MKTP.CD,2017,3927649813354.44
TEC,NY.GDP.MKTP.CD,2016,3492088089759.5
TEC,NY.GDP.MKTP.CD,2015,3633660246044.52
TEC,NY.GDP.MKTP.CD,2014,4653015277488.18
TEC,NY.GDP.MKTP.CD,2013,4924806846375.52
TEC,NY.GDP.MKTP.CD,2012,4656388146308.07
TEC,NY.GDP.MKTP.CD,2011,4461210535265.99
TEC,NY.GDP.MKTP.CD,2010,3667835476746.74
TEC,NY.GDP.MKTP.CD,2009,3121801768478.67
TEC,NY.GDP.MKTP.CD,2008,3936159309738.01
TEC,NY.GDP.MKTP.CD,2007,3179127986623.93
TEC,NY.GDP.MKTP.CD,2006,2471273605657.68
TEC,NY.GDP.MKTP.CD,2005,2042987028459.11
TEC,NY.GDP.MKTP.CD,2004,1631372379671.26
TEC,NY.GDP.MKTP.CD,2003,1261017408610.72
TEC,NY.GDP.MKTP.CD,2002,1024829473187.33
TEC,NY.GDP.MKTP.CD,2001,911679939950.971
TEC,NY.GDP.MKTP.CD,2000,896291493004.493
TEC,NY.GDP.MKTP.CD,1999,824131383383.309
TEC,NY.GDP.MKTP.CD,1998,949935181537.205
TEC,NY.GDP.MKTP.CD,1997,1056341129246.72
TEC,NY.GDP.MKTP.CD,1996,1021239770710.95
TEC,NY.GDP.MKTP.CD,1995,991380447495.647
TEC,NY.GDP.MKTP.CD,1994,828927139977.533
TEC,NY.GDP.MKTP.CD,1993,919179489611.002
TEC,NY.GDP.MKTP.CD,1992,928555990308.003
TEC,NY.GDP.MKTP.CD,1991,1001720940076.18
TEC,NY.GDP.MKTP.CD,1990,1023345711170.5
TEC,NY.GDP.MKTP.CD,1989,964170299100.99
TEC,NY.GDP.MKTP.CD,1988,991141939410.738
TEC,NY.GDP.MKTP.CD,1987,
TEC,NY.GDP.MKTP.CD,1986,
TEC,NY.GDP.MKTP.CD,1985,
TEC,NY.GDP.MKTP.CD,1984,
TEC,NY.GDP.MKTP.CD,1983,
TEC,NY.GDP.MKTP.CD,1982,
TEC,NY.GDP.MKTP.CD,1981,
TEC,NY.GDP.MKTP.CD,1980,
TEC,NY.GDP.MKTP.CD,1979,
TEC,NY.GDP.MKTP.CD,1978,
TEC,NY.GDP.MKTP.CD,1977,
TEC,NY.GDP.MKTP.CD,1976,
TEC,NY.GDP.MKTP.CD,1975,
TEC,NY.GDP.MKTP.CD,1974,
TEC,NY.GDP.MKTP.CD,1973,
TEC,NY.GDP.MKTP.CD,1972,
TEC,NY.GDP.MKTP.CD,1971,
TEC,NY.GDP.MKTP.CD,1970,
TEC,NY.GDP.MKTP.CD,1969,
TEC,NY.GDP.MKTP.CD,1968,
TEC,NY.GDP.MKTP.CD,1967,
TEC,NY.GDP.MKTP.CD,1966,
TEC,NY.GDP.MKTP.CD,1965,
TEC,NY.GDP.MKTP.CD,1964,
TEC,NY.GDP.MKTP.CD,1963,
TEC,NY.GDP.MKTP.CD,1962,
TEC,NY.GDP.MKTP.CD,1961,
TEC,NY.GDP.MKTP.CD,1960,
EUU,NY.GDP.MKTP.CD,2024,19497115588443.6
EUU,NY.GDP.MKTP.CD,2023,18659133072074.8
EUU,NY.GDP.MKTP.CD,2022,17023612496380.4
EUU,NY.GDP.MKTP.CD,2021,17495226733585.2
EUU,NY.GDP.MKTP.CD,2020,15504055464107.4
EUU,NY.GDP.MKTP.CD,2019,15809073096211.4
EUU,NY.GDP.MKTP.CD,2018,16092403309151.5
EUU,NY.GDP.MKTP.CD,2017,14871313684625.8
EUU,NY.GDP.MKTP.CD,2016,13988147697216.6
EUU,NY.GDP.MKTP.CD,2015,13656252620703.3
EUU,NY.GDP.MKTP.CD,2014,15763596442222.6
EUU,NY.GDP.MKTP.CD,2013,15398507628838.6
EUU,NY.GDP.MKTP.CD,2012,14731876146120.7
EUU,NY.GDP.MKTP.CD,2011,15874713437636.1
EUU,NY.GDP.MKTP.CD,2010,14641773544950.6
EUU,NY.GDP.MKTP.CD,2009,14844813523140.0
EUU,NY.GDP.MKTP.CD,2008,16364455236166.7
EUU,NY.GDP.MKTP.CD,2007,14789471689508.0
EUU,NY.GDP.MKTP.CD,2006,12768357074578.4
EUU,NY.GDP.MKTP.CD,2005,11954349375612.0
EUU,NY.GDP.MKTP.CD,2004,11449101966447.2
EUU,NY.GDP.MKTP.CD,2003,9956860723577.65
EUU,NY.GDP.MKTP.CD,2002,8100430284893.67
EUU,NY.GDP.MKTP.CD,2001,7407615944962.44
EUU,NY.GDP.MKTP.CD,2000,7288481048952.25
EUU,NY.GDP.MKTP.CD,1999,7936107808460.76
EUU,NY.GDP.MKTP.CD,1998,7970103042535.26
EUU,NY.GDP.MKTP.CD,1997,7735885029565.07
EUU,NY.GDP.MKTP.CD,1996,8433614719069.7
EUU,NY.GDP.MKTP.CD,1995,8298352822403.7
EUU,NY.GDP.MKTP.CD,1994,7157908667157.89
EUU,NY.GDP.MKTP.CD,1993,6750807644414.01
EUU,NY.GDP.MKTP.CD,1992,7389295673878.14
EUU,NY.GDP.MKTP.CD,1991,6727631751634.05
EUU,NY.GDP.MKTP.CD,1990,6505695339260.16
EUU,NY.GDP.MKTP.CD,1989,5202884439938.86
EUU,NY.GDP.MKTP.CD,1988,5094084472960.0
EUU,NY.GDP.MKTP.CD,1987,4639614022608.17
EUU,NY.GDP.MKTP.CD,1986,3753266239108.06
EUU,NY.GDP.MKTP.CD,1985,2686730457063.81
EUU,NY.GDP.MKTP.CD,1984,2612656839102.0
EUU,NY.GDP.MKTP.CD,1983,2710862889681.46
EUU,NY.GDP.MKTP.CD,1982,2787868117631.33
EUU,NY.GDP.MKTP.CD,1981,2890050505826.48
EUU,NY.GDP.MKTP.CD,1980,3311398072837.09
EUU,NY.GDP.MKTP.CD,1979,2960086312677.68
EUU,NY.GDP.MKTP.CD,1978,2449229543717.81
EUU,NY.GDP.MKTP.CD,1977,2011021369358.25
EUU,NY.GDP.MKTP.CD,1976,1775046705220.48
EUU,NY.GDP.MKTP.CD,1975,1694691860215.15
EUU,NY.GDP.MKTP.CD,1974,1455564730991.18
EUU,NY.GDP.MKTP.CD,1973,1285760453749.93
EUU,NY.GDP.MKTP.CD,1972,993807576357.324
EUU,NY.GDP.MKTP.CD,1971,823997564740.857
EUU,NY.GDP.MKTP.CD,1970,728936354558.503
EUU,NY.GDP.MKTP.CD,1969,644490038737.548
EUU,NY.GDP.MKTP.CD,1968,577537349543.932
EUU,NY.GDP.MKTP.CD,1967,538186984638.65
EUU,NY.GDP.MKTP.CD,1966,505529224628.472
EUU,NY.GDP.MKTP.CD,1965,467012617276.635
EUU,NY.GDP.MKTP.CD,1964,426774574129.45
EUU,NY.GDP.MKTP.CD,1963,384746828593.342
EUU,NY.GDP.MKTP.CD,1962,350242479710.816
EUU,NY.GDP.MKTP.CD,1961,316957315284.249
EUU,NY.GDP.MKTP.CD,1960,285151593517.865
FCS,NY.GDP.MKTP.CD,2024,1652895518697.74
FCS,NY.GDP.MKTP.CD,2023,1778723185468.2
FCS,NY.GDP.MKTP.CD,2022,1918272363969.18
FCS,NY.GDP.MKTP.CD,2021,1740335947472.93
FCS,NY.GDP.MKTP.CD,2020,1610227321244.27
FCS,NY.GDP.MKTP.CD,2019,1811454247630.6
FCS,NY.GDP.MKTP.CD,2018,1556210403398.5
FCS,NY.GDP.MKTP.CD,2017,1443031828638.41
FCS,NY.GDP.MKTP.CD,2016,1358130757341.27
FCS,NY.GDP.MKTP.CD,2015,1481660318787.67
FCS,NY.GDP.MKTP.CD,2014,1787605499773.02
FCS,NY.GDP.MKTP.CD,2013,1825595058878.45
FCS,NY.GDP.MKTP.CD,2012,1855874824709.61
FCS,NY.GDP.MKTP.CD,2011,1665506572724.03
FCS,NY.GDP.MKTP.CD,2010,1596645964256.64
FCS,NY.GDP.MKTP.CD,2009,1342615105225.82
FCS,NY.GDP.MKTP.CD,2008,1484312853576.3
FCS,NY.GDP.MKTP.CD,2007,1160668758510.72
FCS,NY.GDP.MKTP.CD,2006,947253259627.876
FCS,NY.GDP.MKTP.CD,2005,756354101430.868
FCS,NY.GDP.MKTP.CD,2004,595876444368.304
FCS,NY.GDP.MKTP.CD,2003,469847559925.415
FCS,NY.GDP.MKTP.CD,2002,446089285308.4
FCS,NY.GDP.MKTP.CD,2001,457048079382.208
FCS,NY.GDP.MKTP.CD,2000,466929248691.912
FCS,NY.GDP.MKTP.CD,1999,399400020821.852
FCS,NY.GDP.MKTP.CD,1998,535179642435.45
FCS,NY.GDP.MKTP.CD,1997,521200354329.852
FCS,NY.GDP.MKTP.CD,1996,465760648426.237
FCS,NY.GDP.MKTP.CD,1995,430901808099.076
FCS,NY.GDP.MKTP.CD,1994,352567008669.321
FCS,NY.GDP.MKTP.CD,1993,350711816129.835
FCS,NY.GDP.MKTP.CD,1992,344196008915.929
FCS,NY.GDP.MKTP.CD,1991,386413970742.199
FCS,NY.GDP.MKTP.CD,1990,546007306640.06
FCS,NY.GDP.MKTP.CD,1989,383035643113.567
FCS,NY.GDP.MKTP.CD,1988,387019746762.656
FCS,NY.GDP.MKTP.CD,1987,356312604369.474
FCS,NY.GDP.MKTP.CD,1986,354355843392.201
FCS,NY.GDP.MKTP.CD,1985,384377742170.644
FCS,NY.GDP.MKTP.CD,1984,378000797274.671
FCS,NY.GDP.MKTP.CD,1983,420187399132.025
FCS,NY.GDP.MKTP.CD,1982,486768808046.112
FCS,NY.GDP.MKTP.CD,1981,510372306576.133
FCS,NY.GDP.MKTP.CD,1980,388229877017.349
FCS,NY.GDP.MKTP.CD,1979,305997104049.972
FCS,NY.GDP.MKTP.CD,1978,242767598948.429
FCS,NY.GDP.MKTP.CD,1977,221370987598.479
FCS,NY.GDP.MKTP.CD,1976,200509609303.93
FCS,NY.GDP.MKTP.CD,1975,168821163378.995
FCS,NY.GDP.MKTP.CD,1974,153919142856.207
FCS,NY.GDP.MKTP.CD,1973,102251839628.799
FCS,NY.GDP.MKTP.CD,1972,82669328910.7712
FCS,NY.GDP.MKTP.CD,1971,71407461835.1811
FCS,NY.GDP.MKTP.CD,1970,69337148733.7803
FCS,NY.GDP.MKTP.CD,1969,58222824529.0648
FCS,NY.GDP.MKTP.CD,1968,51877513129.79
FCS,NY.GDP.MKTP.CD,1967,46953517458.6861
FCS,NY.GDP.MKTP.CD,1966,47607568997.4704
FCS,NY.GDP.MKTP.CD,1965,44620716060.0224
FCS,NY.GDP.MKTP.CD,1964,40614223625.4864
FCS,NY.GDP.MKTP.CD,1963,44880094682.0906
FCS,NY.GDP.MKTP.CD,1962,39268957404.893
FCS,NY.GDP.MKTP.CD,1961,35534363196.6948
FCS,NY.GDP.MKTP.CD,1960,34029503593.0123
HPC,NY.GDP.MKTP.CD,2024,1145111349262.57
HPC,NY.GDP.MKTP.CD,2023,1060316071770.29
HPC,NY.GDP.MKTP.CD,2022,1002501492801.3
HPC,NY.GDP.MKTP.CD,2021,924417463438.7
HPC,NY.GDP.MKTP.CD,2020,816029422839.446
HPC,NY.GDP.MKTP.CD,2019,811372254522.343
HPC,NY.GDP.MKTP.CD,2018,790373898773.381
HPC,NY.GDP.MKTP.CD,2017,735068264238.844
HPC,NY.GDP.MKTP.CD,2016,677200621773.188
HPC,NY.GDP.MKTP.CD,2015,674606540074.897
HPC,NY.GDP.MKTP.CD,2014,705465847008.08
HPC,NY.GDP.MKTP.CD,2013,667314194885.704
HPC,NY.GDP.MKTP.CD,2012,595155344078.424
HPC,NY.GDP.MKTP.CD,2011,573517854715.366
HPC,NY.GDP.MKTP.CD,2010,518754130151.746
HPC,NY.GDP.MKTP.CD,2009,475213799056.474
HPC,NY.GDP.MKTP.CD,2008,481623936903.302
HPC,NY.GDP.MKTP.CD,2007,404372280163.214
HPC,NY.GDP.MKTP.CD,2006,338993250532.89
HPC,NY.GDP.MKTP.CD,2005,288591119560.47
HPC,NY.GDP.MKTP.CD,2004,249571115303.196
HPC,NY.GDP.MKTP.CD,2003,216610034974.425
HPC,NY.GDP.MKTP.CD,2002,190891346466.399
HPC,NY.GDP.MKTP.CD,2001,175879852361.522
HPC,NY.GDP.MKTP.CD,2000,181929508086.709
HPC,NY.GDP.MKTP.CD,1999,168431404824.197
HPC,NY.GDP.MKTP.CD,1998,167620980707.499
HPC,NY.GDP.MKTP.CD,1997,161933433655.464
HPC,NY.GDP.MKTP.CD,1996,154688747451.045
HPC,NY.GDP.MKTP.CD,1995,141395905527.677
HPC,NY.GDP.MKTP.CD,1994,121514084285.896
HPC,NY.GDP.MKTP.CD,1993,142051421908.725
HPC,NY.GDP.MKTP.CD,1992,136844691209.855
HPC,NY.GDP.MKTP.CD,1991,180013449210.469
HPC,NY.GDP.MKTP.CD,1990,165447183504.805
HPC,NY.GDP.MKTP.CD,1989,144132297739.582
HPC,NY.GDP.MKTP.CD,1988,141558264239.368
HPC,NY.GDP.MKTP.CD,1987,134509036368.907
HPC,NY.GDP.MKTP.CD,1986,126219299823.029
HPC,NY.GDP.MKTP.CD,1985,137196640367.637
HPC,NY.GDP.MKTP.CD,1984,130635964994.735
HPC,NY.GDP.MKTP.CD,1983,128221978068.544
HPC,NY.GDP.MKTP.CD,1982,129278372851.55
HPC,NY.GDP.MKTP.CD,1981,127910339912.96
HPC,NY.GDP.MKTP.CD,1980,127259629229.981
HPC,NY.GDP.MKTP.CD,1979,114929806433.132
HPC,NY.GDP.MKTP.CD,1978,104622112017.926
HPC,NY.GDP.MKTP.CD,1977,89885368488.9937
HPC,NY.GDP.MKTP.CD,1976,77585497906.31
HPC,NY.GDP.MKTP.CD,1975,72350863415.605
HPC,NY.GDP.MKTP.CD,1974,64257354956.9311
HPC,NY.GDP.MKTP.CD,1973,54553562932.0589
HPC,NY.GDP.MKTP.CD,1972,44564788726.1754
HPC,NY.GDP.MKTP.CD,1971,40099504488.5172
HPC,NY.GDP.MKTP.CD,1970,37181536760.1301
HPC,NY.GDP.MKTP.CD,1969,38503260469.205
HPC,NY.GDP.MKTP.CD,1968,34994461970.3176
HPC,NY.GDP.MKTP.CD,1967,32488675063.8719
HPC,NY.GDP.MKTP.CD,1966,32971073893.3354
HPC,NY.GDP.MKTP.CD,1965,30407034659.8231
HPC,NY.GDP.MKTP.CD,1964,26878565172.4836
HPC,NY.GDP.MKTP.CD,1963,28893534515.8878
HPC,NY.GDP.MKTP.CD,1962,24599541748.7032
HPC,NY.GDP.MKTP.CD,1961,22627709232.3967
HPC,NY.GDP.MKTP.CD,1960,21923722127.7421
,NY.GDP.MKTP.CD,2024,71321142708251.1
,NY.GDP.MKTP.CD,2023,68449582732271.4
,NY.GDP.MKTP.CD,2022,65081334214971.5
,NY.GDP.MKTP.CD,2021,62745314846357.3
,NY.GDP.MKTP.CD,2020,55889737341875.4
,NY.GDP.MKTP.CD,2019,57456170925405.3
,NY.GDP.MKTP.CD,2018,56920619917132.1
,NY.GDP.MKTP.CD,2017,53524059312874.9
,NY.GDP.MKTP.CD,2016,50927970256186.1
,NY.GDP.MKTP.CD,2015,49977567874625.5
,NY.GDP.MKTP.CD,2014,53550117992137.3
,NY.GDP.MKTP.CD,2013,52667085148262.9
,NY.GDP.MKTP.CD,2012,51943717152963.8
,NY.GDP.MKTP.CD,2011,51761995686417.4
,NY.GDP.MKTP.CD,2010,47537047603466.0
,NY.GDP.MKTP.CD,2009,45121580672151.6
,NY.GDP.MKTP.CD,2008,48511546178932.7
,NY.GDP.MKTP.CD,2007,45259229716492.9
,NY.GDP.MKTP.CD,2006,41125462538928.4
,NY.GDP.MKTP.CD,2005,38739967108318.8
,NY.GDP.MKTP.CD,2004,36479616795556.8
,NY.GDP.MKTP.CD,2003,32653648831585.9
,NY.GDP.MKTP.CD,2002,29087762156088.1
,NY.GDP.MKTP.CD,2001,27871346372991.9
,NY.GDP.MKTP.CD,2000,28095358385203.2
,NY.GDP.MKTP.CD,1999,27456861030445.7
,NY.GDP.MKTP.CD,1998,26213249677353.1
,NY.GDP.MKTP.CD,1997,26256013657064.4
,NY.GDP.MKTP.CD,1996,26689298657110.5
,NY.GDP.MKTP.CD,1995,26474870169753.2
,NY.GDP.MKTP.CD,1994,23852769860430.3
,NY.GDP.MKTP.CD,1993,22299634718529.3
,NY.GDP.MKTP.CD,1992,22141754501799.4
,NY.GDP.MKTP.CD,1991,20676762469983.8
,NY.GDP.MKTP.CD,1990,19592605087712.9
,NY.GDP.MKTP.CD,1989,17494368252472.0
,NY.GDP.MKTP.CD,1988,16796441297838.6
,NY.GDP.MKTP.CD,1987,14923330650922.7
,NY.GDP.MKTP.CD,1986,12871282221512.2
,NY.GDP.MKTP.CD,1985,10596810326464.4
,NY.GDP.MKTP.CD,1984,10098746534234.0
,NY.GDP.MKTP.CD,1983,9686285915250.15
,NY.GDP.MKTP.CD,1982,9376036390679.13
,NY.GDP.MKTP.CD,1981,9469804750495.83
,NY.GDP.MKTP.CD,1980,9328366481069.83
,NY.GDP.MKTP.CD,1979,8355728642468.63
,NY.GDP.MKTP.CD,1978,7229254173813.56
,NY.GDP.MKTP.CD,1977,6022080072395.29
,NY.GDP.MKTP.CD,1976,5319434063684.19
,NY.GDP.MKTP.CD,1975,4884197559212.61
,NY.GDP.MKTP.CD,1974,4377486307751.17
,NY.GDP.MKTP.CD,1973,3870418015726.99
,NY.GDP.MKTP.CD,1972,3190539759998.6
,NY.GDP.MKTP.CD,1971,2746785744349.68
,NY.GDP.MKTP.CD,1970,2472351752906.21
,NY.GDP.MKTP.CD,1969,2252164756856.39
,NY.GDP.MKTP.CD,1968,2043305595056.53
,NY.GDP.MKTP.CD,1967,1883767863914.37
,NY.GDP.MKTP.CD,1966,1763379068928.37
,NY.GDP.MKTP.CD,1965,1611497243980.64
,NY.GDP.MKTP.CD,1964,1482593892873.19
,NY.GDP.MKTP.CD,1963,1356475376143.07
,NY.GDP.MKTP.CD,1962,1261142948234.92
,NY.GDP.MKTP.CD,1961,1166232450158.12
,NY.GDP.MKTP.CD,1960,1093432780325.21
IBD,NY.GDP.MKTP.CD,2024,40930410371533.4
IBD,NY.GDP.MKTP.CD,2023,39248258733753.5
IBD,NY.GDP.MKTP.CD,2022,37943329554311.5
IBD,NY.GDP.MKTP.CD,2021,35879316080995.1
IBD,NY.GDP.MKTP.CD,2020,30204027280204.5
IBD,NY.GDP.MKTP.CD,2019,31377057597389.8
IBD,NY.GDP.MKTP.CD,2018,30736778363828.6
IBD,NY.GDP.MKTP.CD,2017,28848700119389.0
IBD,NY.GDP.MKTP.CD,2016,26133021093477.3
IBD,NY.GDP.MKTP.CD,2015,25937609442668.8
IBD,NY.GDP.MKTP.CD,2014,27548963986382.7
IBD,NY.GDP.MKTP.CD,2013,26784320183315.7
IBD,NY.GDP.MKTP.CD,2012,25459767024749.6
IBD,NY.GDP.MKTP.CD,2011,23952863037040.9
IBD,NY.GDP.MKTP.CD,2010,20236974559592.9
IBD,NY.GDP.MKTP.CD,2009,16643733351017.5
IBD,NY.GDP.MKTP.CD,2008,17144385222961.7
IBD,NY.GDP.MKTP.CD,2007,14287515549914.4
IBD,NY.GDP.MKTP.CD,2006,11501210367684.3
IBD,NY.GDP.MKTP.CD,2005,9694745482584.87
IBD,NY.GDP.MKTP.CD,2004,8117388576252.83
IBD,NY.GDP.MKTP.CD,2003,6814152968102.59
IBD,NY.GDP.MKTP.CD,2002,6065783594228.73
IBD,NY.GDP.MKTP.CD,2001,5971610298683.89
IBD,NY.GDP.MKTP.CD,2000,5886134597366.62
IBD,NY.GDP.MKTP.CD,1999,5408483629656.0
IBD,NY.GDP.MKTP.CD,1998,5550058275544.08
IBD,NY.GDP.MKTP.CD,1997,5775060777836.65
IBD,NY.GDP.MKTP.CD,1996,5443873901964.14
IBD,NY.GDP.MKTP.CD,1995,4987838644607.98
IBD,NY.GDP.MKTP.CD,1994,4336867904120.83
IBD,NY.GDP.MKTP.CD,1993,3930672941449.47
IBD,NY.GDP.MKTP.CD,1992,3691700835593.46
IBD,NY.GDP.MKTP.CD,1991,3533597986123.43
IBD,NY.GDP.MKTP.CD,1990,3645927216629.92
IBD,NY.GDP.MKTP.CD,1989,3241152169495.25
IBD,NY.GDP.MKTP.CD,1988,3110722136868.06
IBD,NY.GDP.MKTP.CD,1987,2909861543470.51
IBD,NY.GDP.MKTP.CD,1986,2823853100366.43
IBD,NY.GDP.MKTP.CD,1985,2719865250358.77
IBD,NY.GDP.MKTP.CD,1984,2619007608002.49
IBD,NY.GDP.MKTP.CD,1983,2529265948626.51
IBD,NY.GDP.MKTP.CD,1982,2560513941781.92
IBD,NY.GDP.MKTP.CD,1981,2598578073247.17
IBD,NY.GDP.MKTP.CD,1980,2418911812099.91
IBD,NY.GDP.MKTP.CD,1979,2037399467560.41
IBD,NY.GDP.MKTP.CD,1978,1743913597446.91
IBD,NY.GDP.MKTP.CD,1977,1577372875197.41
IBD,NY.GDP.MKTP.CD,1976,1391936145591.35
IBD,NY.GDP.MKTP.CD,1975,1282306066097.57
IBD,NY.GDP.MKTP.CD,1974,1187466392277.16
IBD,NY.GDP.MKTP.CD,1973,938397748328.34
IBD,NY.GDP.MKTP.CD,1972,723737238264.992
IBD,NY.GDP.MKTP.CD,1971,641994176451.047
IBD,NY.GDP.MKTP.CD,1970,588894280439.547
IBD,NY.GDP.MKTP.CD,1969,540875486626.981
IBD,NY.GDP.MKTP.CD,1968,484483207487.718
IBD,NY.GDP.MKTP.CD,1967,457223530082.169
IBD,NY.GDP.MKTP.CD,1966,444621188183.63
IBD,NY.GDP.MKTP.CD,1965,430308877039.07
IBD,NY.GDP.MKTP.CD,1964,392563890164.367
IBD,NY.GDP.MKTP.CD,1963,346365706999.345
IBD,NY.GDP.MKTP.CD,1962,313911312589.732
IBD,NY.GDP.MKTP.CD,1961,310008507775.548
IBD,NY.GDP.MKTP.CD,1960,306260916224.712
IBT,NY.GDP.MKTP.CD,2024,43823204664493.9
IBT,NY.GDP.MKTP.CD,2023,42176516066439.1
IBT,NY.GDP.MKTP.CD,2022,41018485584725.7
IBT,NY.GDP.MKTP.CD,2021,38741335342414.8
IBT,NY.GDP.MKTP.CD,2020,32822847991827.3
IBT,NY.GDP.MKTP.CD,2019,34078219798939.1
IBT,NY.GDP.MKTP.CD,2018,33147599934551.5
IBT,NY.GDP.MKTP.CD,2017,31117686702333.8
IBT,NY.GDP.MKTP.CD,2016,28286257999424.7
IBT,NY.GDP.MKTP.CD,2015,28103757036548.0
IBT,NY.GDP.MKTP.CD,2014,29778753140210.5
IBT,NY.GDP.MKTP.CD,2013,28855638007106.6
IBT,NY.GDP.MKTP.CD,2012,27363548308329.9
IBT,NY.GDP.MKTP.CD,2011,25757259583860.6
IBT,NY.GDP.MKTP.CD,2010,21835069166669.5
IBT,NY.GDP.MKTP.CD,2009,18027421083675.3
IBT,NY.GDP.MKTP.CD,2008,18563872439706.4
IBT,NY.GDP.MKTP.CD,2007,15478384977817.9
IBT,NY.GDP.MKTP.CD,2006,12515819352845.9
IBT,NY.GDP.MKTP.CD,2005,10543932972658.9
IBT,NY.GDP.MKTP.CD,2004,8846940320931.56
IBT,NY.GDP.MKTP.CD,2003,7438042806499.1
IBT,NY.GDP.MKTP.CD,2002,6618829141640.94
IBT,NY.GDP.MKTP.CD,2001,6484814497363.37
IBT,NY.GDP.MKTP.CD,2000,6405155340977.74
IBT,NY.GDP.MKTP.CD,1999,5860973878548.43
IBT,NY.GDP.MKTP.CD,1998,6153791476491.9
IBT,NY.GDP.MKTP.CD,1997,6355345864750.12
IBT,NY.GDP.MKTP.CD,1996,5998025558914.09
IBT,NY.GDP.MKTP.CD,1995,5468651089214.26
IBT,NY.GDP.MKTP.CD,1994,4732703784532.01
IBT,NY.GDP.MKTP.CD,1993,4312830690301.87
IBT,NY.GDP.MKTP.CD,1992,4055225988619.0
IBT,NY.GDP.MKTP.CD,1991,3940581945912.37
IBT,NY.GDP.MKTP.CD,1990,4023618951995.47
IBT,NY.GDP.MKTP.CD,1989,3575944874123.27
IBT,NY.GDP.MKTP.CD,1988,3443662446583.46
IBT,NY.GDP.MKTP.CD,1987,3226370262089.06
IBT,NY.GDP.MKTP.CD,1986,3129827307260.4
IBT,NY.GDP.MKTP.CD,1985,3065625561562.28
IBT,NY.GDP.MKTP.CD,1984,2954421504962.87
IBT,NY.GDP.MKTP.CD,1983,2891343906447.49
IBT,NY.GDP.MKTP.CD,1982,2987463443946.0
IBT,NY.GDP.MKTP.CD,1981,3048463181129.28
IBT,NY.GDP.MKTP.CD,1980,2724029176548.07
IBT,NY.GDP.MKTP.CD,1979,2293033708911.62
IBT,NY.GDP.MKTP.CD,1978,1967805991725.01
IBT,NY.GDP.MKTP.CD,1977,1774626528580.61
IBT,NY.GDP.MKTP.CD,1976,1574304877596.89
IBT,NY.GDP.MKTP.CD,1975,1457921892242.49
IBT,NY.GDP.MKTP.CD,1974,1334586899751.04
IBT,NY.GDP.MKTP.CD,1973,1049797281267.43
IBT,NY.GDP.MKTP.CD,1972,821457008938.04
IBT,NY.GDP.MKTP.CD,1971,734108845764.421
IBT,NY.GDP.MKTP.CD,1970,680890196523.979
IBT,NY.GDP.MKTP.CD,1969,623469617380.313
IBT,NY.GDP.MKTP.CD,1968,558019700222.486
IBT,NY.GDP.MKTP.CD,1967,526613635749.554
IBT,NY.GDP.MKTP.CD,1966,513160475036.631
IBT,NY.GDP.MKTP.CD,1965,493478093673.738
IBT,NY.GDP.MKTP.CD,1964,448836478412.074
IBT,NY.GDP.MKTP.CD,1963,404104501315.208
IBT,NY.GDP.MKTP.CD,1962,366133037974.696
IBT,NY.GDP.MKTP.CD,1961,358253053925.797
IBT,NY.GDP.MKTP.CD,1960,351708158290.606
IDB,NY.GDP.MKTP.CD,2024,1117411942661.72
IDB,NY.GDP.MKTP.CD,2023,1272526278004.68
IDB,NY.GDP.MKTP.CD,2022,1456880573683.68
IDB,NY.GDP.MKTP.CD,2021,1369357769886.58
IDB,NY.GDP.MKTP.CD,2020,1258453633593.25
IDB,NY.GDP.MKTP.CD,2019,1354444605559.25
IDB,NY.GDP.MKTP.CD,2018,1125278097800.27
IDB,NY.GDP.MKTP.CD,2017,1064701742324.65
IDB,NY.GDP.MKTP.CD,2016,1035761112332.6
IDB,NY.GDP.MKTP.CD,2015,1104888256132.44
IDB,NY.GDP.MKTP.CD,2014,1164584937017.84
IDB,NY.GDP.MKTP.CD,2013,1071507625598.43
IDB,NY.GDP.MKTP.CD,2012,982900021354.995
IDB,NY.GDP.MKTP.CD,2011,888614216908.754
IDB,NY.GDP.MKTP.CD,2010,780580681565.074
IDB,NY.GDP.MKTP.CD,2009,669157586112.912
IDB,NY.GDP.MKTP.CD,2008,714771797908.918
IDB,NY.GDP.MKTP.CD,2007,609839841078.279
IDB,NY.GDP.MKTP.CD,2006,526645636948.488
IDB,NY.GDP.MKTP.CD,2005,428328538081.228
IDB,NY.GDP.MKTP.CD,2004,365116376580.756
IDB,NY.GDP.MKTP.CD,2003,302939673645.116
IDB,NY.GDP.MKTP.CD,2002,267621509349.006
IDB,NY.GDP.MKTP.CD,2001,243968067343.097
IDB,NY.GDP.MKTP.CD,2000,244290144682.412
IDB,NY.GDP.MKTP.CD,1999,203538006166.57
IDB,NY.GDP.MKTP.CD,1998,360890034244.656
IDB,NY.GDP.MKTP.CD,1997,344040187982.76
IDB,NY.GDP.MKTP.CD,1996,328495025650.406
IDB,NY.GDP.MKTP.CD,1995,267309715975.135
IDB,NY.GDP.MKTP.CD,1994,190983317299.202
IDB,NY.GDP.MKTP.CD,1993,175244559141.651
IDB,NY.GDP.MKTP.CD,1992,165355540081.895
IDB,NY.GDP.MKTP.CD,1991,170036291239.493
IDB,NY.GDP.MKTP.CD,1990,159019516930.143
IDB,NY.GDP.MKTP.CD,1989,143853282362.366
IDB,NY.GDP.MKTP.CD,1988,148184197593.881
IDB,NY.GDP.MKTP.CD,1987,142226241236.742
IDB,NY.GDP.MKTP.CD,1986,138015634707.148
IDB,NY.GDP.MKTP.CD,1985,149360272178.405
IDB,NY.GDP.MKTP.CD,1984,148714761041.179
IDB,NY.GDP.MKTP.CD,1983,171851407628.724
IDB,NY.GDP.MKTP.CD,1982,224352153458.531
IDB,NY.GDP.MKTP.CD,1981,245479636362.868
IDB,NY.GDP.MKTP.CD,1980,134446628565.262
IDB,NY.GDP.MKTP.CD,1979,106209035625.903
IDB,NY.GDP.MKTP.CD,1978,87129172584.7326
IDB,NY.GDP.MKTP.CD,1977,79020486261.1325
IDB,NY.GDP.MKTP.CD,1976,73441255542.52
IDB,NY.GDP.MKTP.CD,1975,61046682874.9974
IDB,NY.GDP.MKTP.CD,1974,52754115653.5642
IDB,NY.GDP.MKTP.CD,1973,37107988872.5557
IDB,NY.GDP.MKTP.CD,1972,34167082608.5478
IDB,NY.GDP.MKTP.CD,1971,30392833455.942
IDB,NY.GDP.MKTP.CD,1970,32356563895.3398
IDB,NY.GDP.MKTP.CD,1969,23960732153.678
IDB,NY.GDP.MKTP.CD,1968,21047483665.4866
IDB,NY.GDP.MKTP.CD,1967,19795254777.9829
IDB,NY.GDP.MKTP.CD,1966,19605545864.4967
IDB,NY.GDP.MKTP.CD,1965,17977186457.6129
IDB,NY.GDP.MKTP.CD,1964,16626632979.2211
IDB,NY.GDP.MKTP.CD,1963,15145197244.7816
IDB,NY.GDP.MKTP.CD,1962,14222416055.5102
IDB,NY.GDP.MKTP.CD,1961,13314688264.5775
IDB,NY.GDP.MKTP.CD,1960,12401501561.7854
IDX,NY.GDP.MKTP.CD,2024,1775382350298.79
IDX,NY.GDP.MKTP.CD,2023,1655731054680.85
IDX,NY.GDP.MKTP.CD,2022,1618275456730.5
IDX,NY.GDP.MKTP.CD,2021,1492661491533.09
IDX,NY.GDP.MKTP.CD,2020,1360367078029.56
IDX,NY.GDP.MKTP.CD,2019,1346717595990.02
IDX,NY.GDP.MKTP.CD,2018,1285543472922.62
IDX,NY.GDP.MKTP.CD,2017,1204284840620.16
IDX,NY.GDP.MKTP.CD,2016,1117475793614.79
IDX,NY.GDP.MKTP.CD,2015,1061259337746.72
IDX,NY.GDP.MKTP.CD,2014,1065204216809.97
IDX,NY.GDP.MKTP.CD,2013,999810198192.524
IDX,NY.GDP.MKTP.CD,2012,920881262225.338
IDX,NY.GDP.MKTP.CD,2011,915782329910.959
IDX,NY.GDP.MKTP.CD,2010,817513925511.557
IDX,NY.GDP.MKTP.CD,2009,714530146544.811
IDX,NY.GDP.MKTP.CD,2008,704715418835.766
IDX,NY.GDP.MKTP.CD,2007,580840387765.958
IDX,NY.GDP.MKTP.CD,2006,488333978645.602
IDX,NY.GDP.MKTP.CD,2005,421453301119.757
IDX,NY.GDP.MKTP.CD,2004,365260518035.36
IDX,NY.GDP.MKTP.CD,2003,322063889070.297
IDX,NY.GDP.MKTP.CD,2002,286409984261.394
IDX,NY.GDP.MKTP.CD,2001,269901710172.598
IDX,NY.GDP.MKTP.CD,2000,275642026139.655
IDX,NY.GDP.MKTP.CD,1999,249682494926.962
IDX,NY.GDP.MKTP.CD,1998,242820470787.968
IDX,NY.GDP.MKTP.CD,1997,235602062646.08
IDX,NY.GDP.MKTP.CD,1996,225163634247.486
IDX,NY.GDP.MKTP.CD,1995,213387328223.742
IDX,NY.GDP.MKTP.CD,1994,205686474260.333
IDX,NY.GDP.MKTP.CD,1993,208450829814.749
IDX,NY.GDP.MKTP.CD,1992,199752948696.265
IDX,NY.GDP.MKTP.CD,1991,240280810057.855
IDX,NY.GDP.MKTP.CD,1990,220760378325.594
IDX,NY.GDP.MKTP.CD,1989,192290816880.604
IDX,NY.GDP.MKTP.CD,1988,185616296523.494
IDX,NY.GDP.MKTP.CD,1987,174071596503.779
IDX,NY.GDP.MKTP.CD,1986,167903128340.332
IDX,NY.GDP.MKTP.CD,1985,188345895349.366
IDX,NY.GDP.MKTP.CD,1984,178151155469.172
IDX,NY.GDP.MKTP.CD,1983,174261955496.062
IDX,NY.GDP.MKTP.CD,1982,173616270817.376
IDX,NY.GDP.MKTP.CD,1981,171044356297.87
IDX,NY.GDP.MKTP.CD,1980,163659974895.722
IDX,NY.GDP.MKTP.CD,1979,144547135821.029
IDX,NY.GDP.MKTP.CD,1978,132428153010.604
IDX,NY.GDP.MKTP.CD,1977,114932944280.877
IDX,NY.GDP.MKTP.CD,1976,104542327193.176
IDX,NY.GDP.MKTP.CD,1975,110394883561.534
IDX,NY.GDP.MKTP.CD,1974,92798583948.9447
IDX,NY.GDP.MKTP.CD,1973,74218080663.5453
IDX,NY.GDP.MKTP.CD,1972,61397002690.6438
IDX,NY.GDP.MKTP.CD,1971,59166992867.469
IDX,NY.GDP.MKTP.CD,1970,55838238708.5841
IDX,NY.GDP.MKTP.CD,1969,56549175848.4408
IDX,NY.GDP.MKTP.CD,1968,50737955947.6912
IDX,NY.GDP.MKTP.CD,1967,47958244720.3198
IDX,NY.GDP.MKTP.CD,1966,47199466537.8102
IDX,NY.GDP.MKTP.CD,1965,43922137299.2665
IDX,NY.GDP.MKTP.CD,1964,38511156900.687
IDX,NY.GDP.MKTP.CD,1963,41013144249.1447
IDX,NY.GDP.MKTP.CD,1962,36454084443.5145
IDX,NY.GDP.MKTP.CD,1961,33770973573.5427
IDX,NY.GDP.MKTP.CD,1960,32210089126.0693
IDA,NY.GDP.MKTP.CD,2024,2892794292960.5
IDA,NY.GDP.MKTP.CD,2023,2928257332685.53
IDA,NY.GDP.MKTP.CD,2022,3075156030414.18
IDA,NY.GDP.MKTP.CD,2021,2862019261419.67
IDA,NY.GDP.MKTP.CD,2020,2618820711622.81
IDA,NY.GDP.MKTP.CD,2019,2701162201549.27
IDA,NY.GDP.MKTP.CD,2018,2410821570722.89
IDA,NY.GDP.MKTP.CD,2017,2268986582944.81
IDA,NY.GDP.MKTP.CD,2016,2153236905947.39
IDA,NY.GDP.MKTP.CD,2015,2166147593879.17
IDA,NY.GDP.MKTP.CD,2014,2229789153827.81
IDA,NY.GDP.MKTP.CD,2013,2071317823790.95
IDA,NY.GDP.MKTP.CD,2012,1903781283580.33
IDA,NY.GDP.MKTP.CD,2011,1804396546819.71
IDA,NY.GDP.MKTP.CD,2010,1598094607076.63
IDA,NY.GDP.MKTP.CD,2009,1383687732657.72
IDA,NY.GDP.MKTP.CD,2008,1419487216744.68
IDA,NY.GDP.MKTP.CD,2007,1190972724268.38
IDA,NY.GDP.MKTP.CD,2006,1015422269205.85
IDA,NY.GDP.MKTP.CD,2005,849793999607.051
IDA,NY.GDP.MKTP.CD,2004,730301246172.363
IDA,NY.GDP.MKTP.CD,2003,624668567081.956
IDA,NY.GDP.MKTP.CD,2002,553708425098.702
IDA,NY.GDP.MKTP.CD,2001,513449125832.416
IDA,NY.GDP.MKTP.CD,2000,519433841269.806
IDA,NY.GDP.MKTP.CD,1999,452393909716.814
IDA,NY.GDP.MKTP.CD,1998,606351843937.964
IDA,NY.GDP.MKTP.CD,1997,582075639918.492
IDA,NY.GDP.MKTP.CD,1996,555977844458.206
IDA,NY.GDP.MKTP.CD,1995,481964529219.024
IDA,NY.GDP.MKTP.CD,1994,396481708931.757
IDA,NY.GDP.MKTP.CD,1993,383117739730.701
IDA,NY.GDP.MKTP.CD,1992,364500462510.176
IDA,NY.GDP.MKTP.CD,1991,408935889526.722
IDA,NY.GDP.MKTP.CD,1990,378601687959.443
IDA,NY.GDP.MKTP.CD,1989,335572228828.562
IDA,NY.GDP.MKTP.CD,1988,334041718237.196
IDA,NY.GDP.MKTP.CD,1987,316801281131.625
IDA,NY.GDP.MKTP.CD,1986,306447561121.803
IDA,NY.GDP.MKTP.CD,1985,338015025891.064
IDA,NY.GDP.MKTP.CD,1984,327545489759.251
IDA,NY.GDP.MKTP.CD,1983,348319967701.646
IDA,NY.GDP.MKTP.CD,1982,403272271570.135
IDA,NY.GDP.MKTP.CD,1981,423178214761.94
IDA,NY.GDP.MKTP.CD,1980,298604001457.119
IDA,NY.GDP.MKTP.CD,1979,250376887783.225
IDA,NY.GDP.MKTP.CD,1978,218539555256.636
IDA,NY.GDP.MKTP.CD,1977,193294226206.532
IDA,NY.GDP.MKTP.CD,1976,177485554718.228
IDA,NY.GDP.MKTP.CD,1975,169844078911.041
IDA,NY.GDP.MKTP.CD,1974,144311257153.775
IDA,NY.GDP.MKTP.CD,1973,109974660345.756
IDA,NY.GDP.MKTP.CD,1972,94690827263.557
IDA,NY.GDP.MKTP.CD,1971,88539617604.3463
IDA,NY.GDP.MKTP.CD,1970,87493635541.9477
IDA,NY.GDP.MKTP.CD,1969,78701759386.4859
IDA,NY.GDP.MKTP.CD,1968,70107106201.2938
IDA,NY.GDP.MKTP.CD,1967,66154805083.0784
IDA,NY.GDP.MKTP.CD,1966,65247708355.2412
IDA,NY.GDP.MKTP.CD,1965,60415096598.9344
IDA,NY.GDP.MKTP.CD,1964,53949854635.3435
IDA,NY.GDP.MKTP.CD,1963,54556943164.6908
IDA,NY.GDP.MKTP.CD,1962,49352987755.1789
IDA,NY.GDP.MKTP.CD,1961,45877820663.8057
IDA,NY.GDP.MKTP.CD,1960,43419063136.1966
LTE,NY.GDP.MKTP.CD,2024,29979152245112.6
LTE,NY.GDP.MKTP.CD,2023,28934446547714.4
LTE,NY.GDP.MKTP.CD,2022,28550398557203.3
LTE,NY.GDP.MKTP.CD,2021,27284231194748.9
LTE,NY.GDP.MKTP.CD,2020,22869539211355.0
LTE,NY.GDP.MKTP.CD,2019,23366567397285.6
LTE,NY.GDP.MKTP.CD,2018,22907660419321.1
LTE,NY.GDP.MKTP.CD,2017,20889290142886.5
LTE,NY.GDP.MKTP.CD,2016,18841937712407.0
LTE,NY.GDP.MKTP.CD,2015,18797219107172.1
LTE,NY.GDP.MKTP.CD,2014,19998109576538.4
LTE,NY.GDP.MKTP.CD,2013,19233518032034.2
LTE,NY.GDP.MKTP.CD,2012,17836300107332.0
LTE,NY.GDP.MKTP.CD,2011,16665376541950.8
LTE,NY.GDP.MKTP.CD,2010,13679708028983.9
LTE,NY.GDP.MKTP.CD,2009,11368232780191.9
LTE,NY.GDP.MKTP.CD,2008,11750024639145.1
LTE,NY.GDP.MKTP.CD,2007,9445303058887.28
LTE,NY.GDP.MKTP.CD,2006,7496022909104.78
LTE,NY.GDP.MKTP.CD,2005,6211017343931.32
LTE,NY.GDP.MKTP.CD,2004,5151932849607.4
LTE,NY.GDP.MKTP.CD,2003,4286645021053.17
LTE,NY.GDP.MKTP.CD,2002,3760831882469.91
LTE,NY.GDP.MKTP.CD,2001,3545543381138.98
LTE,NY.GDP.MKTP.CD,2000,3427507985097.52
LTE,NY.GDP.MKTP.CD,1999,3122215745185.94
LTE,NY.GDP.MKTP.CD,1998,3374867404617.89
LTE,NY.GDP.MKTP.CD,1997,3499555307550.27
LTE,NY.GDP.MKTP.CD,1996,3341467252786.49
LTE,NY.GDP.MKTP.CD,1995,3029780056867.2
LTE,NY.GDP.MKTP.CD,1994,2444599209041.13
LTE,NY.GDP.MKTP.CD,1993,2104911596639.27
LTE,NY.GDP.MKTP.CD,1992,2021843649053.88
LTE,NY.GDP.MKTP.CD,1991,1982355141885.9
LTE,NY.GDP.MKTP.CD,1990,1971099528291.61
LTE,NY.GDP.MKTP.CD,1989,1905240160845.64
LTE,NY.GDP.MKTP.CD,1988,1787018955182.41
LTE,NY.GDP.MKTP.CD,1987,1637762989831.09
LTE,NY.GDP.MKTP.CD,1986,1551004683364.39
LTE,NY.GDP.MKTP.CD,1985,1459397301664.14
LTE,NY.GDP.MKTP.CD,1984,1350058406704.66
LTE,NY.GDP.MKTP.CD,1983,1293502574114.76
LTE,NY.GDP.MKTP.CD,1982,1397225179816.17
LTE,NY.GDP.MKTP.CD,1981,1385129661927.59
LTE,NY.GDP.MKTP.CD,1980,1321502317179.9
LTE,NY.GDP.MKTP.CD,1979,1152356948339.41
LTE,NY.GDP.MKTP.CD,1978,967902612778.315
LTE,NY.GDP.MKTP.CD,1977,929935807412.122
LTE,NY.GDP.MKTP.CD,1976,801479229230.007
LTE,NY.GDP.MKTP.CD,1975,743236954063.473
LTE,NY.GDP.MKTP.CD,1974,673221564295.668
LTE,NY.GDP.MKTP.CD,1973,560342627217.069
LTE,NY.GDP.MKTP.CD,1972,431342028444.514
LTE,NY.GDP.MKTP.CD,1971,374774456804.477
LTE,NY.GDP.MKTP.CD,1970,336904804054.143
LTE,NY.GDP.MKTP.CD,1969,296283576150.946
LTE,NY.GDP.MKTP.CD,1968,265793115767.977
LTE,NY.GDP.MKTP.CD,1967,261259999430.176
LTE,NY.GDP.MKTP.CD,1966,259994255595.184
LTE,NY.GDP.MKTP.CD,1965,233446890704.184
LTE,NY.GDP.MKTP.CD,1964,208296557346.014
LTE,NY.GDP.MKTP.CD,1963,189931663020.203
LTE,NY.GDP.MKTP.CD,1962,174094667934.865
LTE,NY.GDP.MKTP.CD,1961,170881037955.18
LTE,NY.GDP.MKTP.CD,1960,183858546617.435
LCN,NY.GDP.MKTP.CD,2024,7110323254687.35
LCN,NY.GDP.MKTP.CD,2023,6910660006084.82
LCN,NY.GDP.MKTP.CD,2022,6144995160894.64
LCN,NY.GDP.MKTP.CD,2021,5382862734265.64
LCN,NY.GDP.MKTP.CD,2020,4627348896643.87
LCN,NY.GDP.MKTP.CD,2019,5473432644126.84
LCN,NY.GDP.MKTP.CD,2018,5581100995040.84
LCN,NY.GDP.MKTP.CD,2017,5715057427671.23
LCN,NY.GDP.MKTP.CD,2016,5148746106826.83
LCN,NY.GDP.MKTP.CD,2015,5289615626446.62
LCN,NY.GDP.MKTP.CD,2014,6217846355596.35
LCN,NY.GDP.MKTP.CD,2013,6252550709058.29
LCN,NY.GDP.MKTP.CD,2012,6202552292365.06
LCN,NY.GDP.MKTP.CD,2011,6139415369063.72
LCN,NY.GDP.MKTP.CD,2010,5397900660485.76
LCN,NY.GDP.MKTP.CD,2009,4357538584711.37
LCN,NY.GDP.MKTP.CD,2008,4644093134666.99
LCN,NY.GDP.MKTP.CD,2007,3998763004207.04
LCN,NY.GDP.MKTP.CD,2006,3397326808458.12
LCN,NY.GDP.MKTP.CD,2005,2903225603459.67
LCN,NY.GDP.MKTP.CD,2004,2405470231955.35
LCN,NY.GDP.MKTP.CD,2003,2091901136740.59
LCN,NY.GDP.MKTP.CD,2002,2052785902058.93
LCN,NY.GDP.MKTP.CD,2001,2282616677666.16
LCN,NY.GDP.MKTP.CD,2000,2326960774300.02
LCN,NY.GDP.MKTP.CD,1999,2107674084250.93
LCN,NY.GDP.MKTP.CD,1998,2331974870872.79
LCN,NY.GDP.MKTP.CD,1997,2303665775071.88
LCN,NY.GDP.MKTP.CD,1996,2100954040906.87
LCN,NY.GDP.MKTP.CD,1995,1942345662514.93
LCN,NY.GDP.MKTP.CD,1994,1795767672640.37
LCN,NY.GDP.MKTP.CD,1993,1537131292681.77
LCN,NY.GDP.MKTP.CD,1992,1299088443758.27
LCN,NY.GDP.MKTP.CD,1991,1189414692505.63
LCN,NY.GDP.MKTP.CD,1990,1107441262339.26
LCN,NY.GDP.MKTP.CD,1989,994556604300.39
LCN,NY.GDP.MKTP.CD,1988,900611858814.776
LCN,NY.GDP.MKTP.CD,1987,821070824144.007
LCN,NY.GDP.MKTP.CD,1986,765106455717.53
LCN,NY.GDP.MKTP.CD,1985,755578018483.551
LCN,NY.GDP.MKTP.CD,1984,764196791084.119
LCN,NY.GDP.MKTP.CD,1983,726364223327.025
LCN,NY.GDP.MKTP.CD,1982,823242879546.785
LCN,NY.GDP.MKTP.CD,1981,894809026625.004
LCN,NY.GDP.MKTP.CD,1980,783357461518.481
LCN,NY.GDP.MKTP.CD,1979,644166219532.577
LCN,NY.GDP.MKTP.CD,1978,574059347260.854
LCN,NY.GDP.MKTP.CD,1977,479581065121.979
LCN,NY.GDP.MKTP.CD,1976,436627884665.324
LCN,NY.GDP.MKTP.CD,1975,398144710055.559
LCN,NY.GDP.MKTP.CD,1974,379786194845.66
LCN,NY.GDP.MKTP.CD,1973,293150378387.262
LCN,NY.GDP.MKTP.CD,1972,220380603348.14
LCN,NY.GDP.MKTP.CD,1971,195901356042.972
LCN,NY.GDP.MKTP.CD,1970,175637927080.04
LCN,NY.GDP.MKTP.CD,1969,160995419131.459
LCN,NY.GDP.MKTP.CD,1968,144144177278.735
LCN,NY.GDP.MKTP.CD,1967,134312213003.602
LCN,NY.GDP.MKTP.CD,1966,131678790598.877
LCN,NY.GDP.MKTP.CD,1965,119597691837.21
LCN,NY.GDP.MKTP.CD,1964,111297635699.786
LCN,NY.GDP.MKTP.CD,1963,100158104358.282
LCN,NY.GDP.MKTP.CD,1962,92148671651.0748
LCN,NY.GDP.MKTP.CD,1961,87692579907.1773
LCN,NY.GDP.MKTP.CD,1960,79218932628.4885
LAC,NY.GDP.MKTP.CD,2024,6168787362595.33
LAC,NY.GDP.MKTP.CD,2023,6014673692976.05
LAC,NY.GDP.MKTP.CD,2022,5336050967302.51
LAC,NY.GDP.MKTP.CD,2021,4637976019252.06
LAC,NY.GDP.MKTP.CD,2020,3991303751042.44
LAC,NY.GDP.MKTP.CD,2019,4748616176252.64
LAC,NY.GDP.MKTP.CD,2018,4816735877469.79
LAC,NY.GDP.MKTP.CD,2017,4960873741744.95
LAC,NY.GDP.MKTP.CD,2016,4438833899168.87
LAC,NY.GDP.MKTP.CD,2015,4578739613722.79
LAC,NY.GDP.MKTP.CD,2014,5405172001075.22
LAC,NY.GDP.MKTP.CD,2013,5385615104389.87
LAC,NY.GDP.MKTP.CD,2012,5250558584752.47
LAC,NY.GDP.MKTP.CD,2011,5277645172887.88
LAC,NY.GDP.MKTP.CD,2010,4518755264794.34
LAC,NY.GDP.MKTP.CD,2009,3612494780540.35
LAC,NY.GDP.MKTP.CD,2008,3900603654602.57
LAC,NY.GDP.MKTP.CD,2007,3374742715849.93
LAC,NY.GDP.MKTP.CD,2006,2858411217887.57
LAC,NY.GDP.MKTP.CD,2005,2450494745878.24
LAC,NY.GDP.MKTP.CD,2004,2025108884606.03
LAC,NY.GDP.MKTP.CD,2003,1776708359686.86
LAC,NY.GDP.MKTP.CD,2002,1740548664257.26
LAC,NY.GDP.MKTP.CD,2001,1935500709591.52
LAC,NY.GDP.MKTP.CD,2000,1986485863896.03
LAC,NY.GDP.MKTP.CD,1999,1795962372594.49
LAC,NY.GDP.MKTP.CD,1998,2024915541481.96
LAC,NY.GDP.MKTP.CD,1997,2009116477242.11
LAC,NY.GDP.MKTP.CD,1996,1840978422403.43
LAC,NY.GDP.MKTP.CD,1995,1685606822996.41
LAC,NY.GDP.MKTP.CD,1994,1581889193913.28
LAC,NY.GDP.MKTP.CD,1993,1337901710683.13
LAC,NY.GDP.MKTP.CD,1992,1109655778653.96
LAC,NY.GDP.MKTP.CD,1991,1022303377943.78
LAC,NY.GDP.MKTP.CD,1990,956359343657.391
LAC,NY.GDP.MKTP.CD,1989,857638656284.421
LAC,NY.GDP.MKTP.CD,1988,754391335526.162
LAC,NY.GDP.MKTP.CD,1987,693500475374.671
LAC,NY.GDP.MKTP.CD,1986,632751590897.888
LAC,NY.GDP.MKTP.CD,1985,624540105212.73
LAC,NY.GDP.MKTP.CD,1984,634821634926.578
LAC,NY.GDP.MKTP.CD,1983,591639891642.324
LAC,NY.GDP.MKTP.CD,1982,685784573010.258
LAC,NY.GDP.MKTP.CD,1981,743688523742.887
LAC,NY.GDP.MKTP.CD,1980,647344663393.166
LAC,NY.GDP.MKTP.CD,1979,535635409511.147
LAC,NY.GDP.MKTP.CD,1978,487096670577.822
LAC,NY.GDP.MKTP.CD,1977,401970427033.128
LAC,NY.GDP.MKTP.CD,1976,370757722087.931
LAC,NY.GDP.MKTP.CD,1975,340736015746.356
LAC,NY.GDP.MKTP.CD,1974,316078118355.068
LAC,NY.GDP.MKTP.CD,1973,240395906942.871
LAC,NY.GDP.MKTP.CD,1972,179590440279.63
LAC,NY.GDP.MKTP.CD,1971,157896952881.112
LAC,NY.GDP.MKTP.CD,1970,142596746423.907
LAC,NY.GDP.MKTP.CD,1969,131183741662.451
LAC,NY.GDP.MKTP.CD,1968,117081886865.706
LAC,NY.GDP.MKTP.CD,1967,108802555632.324
LAC,NY.GDP.MKTP.CD,1966,106986475925.36
LAC,NY.GDP.MKTP.CD,1965,96773648114.8793
LAC,NY.GDP.MKTP.CD,1964,89267114389.9874
LAC,NY.GDP.MKTP.CD,1963,77852261014.3716
LAC,NY.GDP.MKTP.CD,1962,70838147779.8747
LAC,NY.GDP.MKTP.CD,1961,68537433096.0179
LAC,NY.GDP.MKTP.CD,1960,61872048053.7582
TLA,NY.GDP.MKTP.CD,2024,6776899040059.78
TLA,NY.GDP.MKTP.CD,2023,6591336702938.76
TLA,NY.GDP.MKTP.CD,2022,5851879329574.93
TLA,NY.GDP.MKTP.CD,2021,5118940165028.38
TLA,NY.GDP.MKTP.CD,2020,4387909128654.57
TLA,NY.GDP.MKTP.CD,2019,5230554354083.41
TLA,NY.GDP.MKTP.CD,2018,5347056434773.57
TLA,NY.GDP.MKTP.CD,2017,5482764267203.12
TLA,NY.GDP.MKTP.CD,2016,4922090097003.8
TLA,NY.GDP.MKTP.CD,2015,5068610305411.75
TLA,NY.GDP.MKTP.CD,2014,6005259453417.89
TLA,NY.GDP.MKTP.CD,2013,6044625148403.94
TLA,NY.GDP.MKTP.CD,2012,5999254994806.92
TLA,NY.GDP.MKTP.CD,2011,5942223639206.5
TLA,NY.GDP.MKTP.CD,2010,5212616653053.23
TLA,NY.GDP.MKTP.CD,2009,4176789508119.56
TLA,NY.GDP.MKTP.CD,2008,4465814702669.79
TLA,NY.GDP.MKTP.CD,2007,3826959867893.09
TLA,NY.GDP.MKTP.CD,2006,3234927606207.58
TLA,NY.GDP.MKTP.CD,2005,2752003821062.2
TLA,NY.GDP.MKTP.CD,2004,2264876234901.17
TLA,NY.GDP.MKTP.CD,2003,1960517216397.37
TLA,NY.GDP.MKTP.CD,2002,1927322085240.2
TLA,NY.GDP.MKTP.CD,2001,2161359862863.86
TLA,NY.GDP.MKTP.CD,2000,2214459287709.08
TLA,NY.GDP.MKTP.CD,1999,2002746501486.27
TLA,NY.GDP.MKTP.CD,1998,2233347031889.78
TLA,NY.GDP.MKTP.CD,1997,2212067216181.87
TLA,NY.GDP.MKTP.CD,1996,2016321456675.89
TLA,NY.GDP.MKTP.CD,1995,1855934359539.88
TLA,NY.GDP.MKTP.CD,1994,1715187232056.94
TLA,NY.GDP.MKTP.CD,1993,1466872751420.96
TLA,NY.GDP.MKTP.CD,1992,1232562973418.31
TLA,NY.GDP.MKTP.CD,1991,1123571075717.19
TLA,NY.GDP.MKTP.CD,1990,1039366593866.68
TLA,NY.GDP.MKTP.CD,1989,931218807729.826
TLA,NY.GDP.MKTP.CD,1988,839372117493.825
TLA,NY.GDP.MKTP.CD,1987,765000529871.095
TLA,NY.GDP.MKTP.CD,1986,712610987834.594
TLA,NY.GDP.MKTP.CD,1985,706307698037.013
TLA,NY.GDP.MKTP.CD,1984,715171116848.307
TLA,NY.GDP.MKTP.CD,1983,681554554313.973
TLA,NY.GDP.MKTP.CD,1982,779872014723.552
TLA,NY.GDP.MKTP.CD,1981,852847482696.126
TLA,NY.GDP.MKTP.CD,1980,743795740311.93
TLA,NY.GDP.MKTP.CD,1979,607502561689.17
TLA,NY.GDP.MKTP.CD,1978,541374940142.382
TLA,NY.GDP.MKTP.CD,1977,452376511736.924
TLA,NY.GDP.MKTP.CD,1976,411065254886.087
TLA,NY.GDP.MKTP.CD,1975,374350708856.511
TLA,NY.GDP.MKTP.CD,1974,358182606143.697
TLA,NY.GDP.MKTP.CD,1973,274036287245.746
TLA,NY.GDP.MKTP.CD,1972,204232100660.441
TLA,NY.GDP.MKTP.CD,1971,181794578090.035
TLA,NY.GDP.MKTP.CD,1970,163499670766.647
TLA,NY.GDP.MKTP.CD,1969,149979264961.847
TLA,NY.GDP.MKTP.CD,1968,134361744441.374
TLA,NY.GDP.MKTP.CD,1967,125362127677.747
TLA,NY.GDP.MKTP.CD,1966,123240741042.798
TLA,NY.GDP.MKTP.CD,1965,111946641395.147
TLA,NY.GDP.MKTP.CD,1964,104302526502.261
TLA,NY.GDP.MKTP.CD,1963,93844819440.9467
TLA,NY.GDP.MKTP.CD,1962,86399815744.6584
TLA,NY.GDP.MKTP.CD,1961,82362832266.3746
TLA,NY.GDP.MKTP.CD,1960,74399051115.6208
LDC,NY.GDP.MKTP.CD,2024,1536272727812.71
LDC,NY.GDP.MKTP.CD,2023,1459966948607.94
LDC,NY.GDP.MKTP.CD,2022,1474237106700.91
LDC,NY.GDP.MKTP.CD,2021,1303898952961.36
LDC,NY.GDP.MKTP.CD,2020,1179778077659.19
LDC,NY.GDP.MKTP.CD,2019,1169366192253.69
LDC,NY.GDP.MKTP.CD,2018,1116339519831.8
LDC,NY.GDP.MKTP.CD,2017,1044504274790.04
LDC,NY.GDP.MKTP.CD,2016,952622086763.392
LDC,NY.GDP.MKTP.CD,2015,946044369982.556
LDC,NY.GDP.MKTP.CD,2014,993379212416.681
LDC,NY.GDP.MKTP.CD,2013,924685867947.027
LDC,NY.GDP.MKTP.CD,2012,849599155573.471
LDC,NY.GDP.MKTP.CD,2011,810122964149.02
LDC,NY.GDP.MKTP.CD,2010,711250147781.566
LDC,NY.GDP.MKTP.CD,2009,628162084945.036
LDC,NY.GDP.MKTP.CD,2008,635557886673.675
LDC,NY.GDP.MKTP.CD,2007,517254081241.054
LDC,NY.GDP.MKTP.CD,2006,430714424840.413
LDC,NY.GDP.MKTP.CD,2005,370633296538.89
LDC,NY.GDP.MKTP.CD,2004,311791760903.57
LDC,NY.GDP.MKTP.CD,2003,270939350485.977
LDC,NY.GDP.MKTP.CD,2002,238996622513.994
LDC,NY.GDP.MKTP.CD,2001,216585977130.125
LDC,NY.GDP.MKTP.CD,2000,224563948593.224
LDC,NY.GDP.MKTP.CD,1999,197805141980.577
LDC,NY.GDP.MKTP.CD,1998,192210175844.318
LDC,NY.GDP.MKTP.CD,1997,189339949637.891
LDC,NY.GDP.MKTP.CD,1996,181564624034.662
LDC,NY.GDP.MKTP.CD,1995,172090832187.699
LDC,NY.GDP.MKTP.CD,1994,167739197113.28
LDC,NY.GDP.MKTP.CD,1993,171010929694.39
LDC,NY.GDP.MKTP.CD,1992,165222858380.936
LDC,NY.GDP.MKTP.CD,1991,208817559381.57
LDC,NY.GDP.MKTP.CD,1990,192676554736.406
LDC,NY.GDP.MKTP.CD,1989,167638883839.735
LDC,NY.GDP.MKTP.CD,1988,156208594276.22
LDC,NY.GDP.MKTP.CD,1987,142313431547.147
LDC,NY.GDP.MKTP.CD,1986,133832578080.491
LDC,NY.GDP.MKTP.CD,1985,153684956266.846
LDC,NY.GDP.MKTP.CD,1984,140661649667.253
LDC,NY.GDP.MKTP.CD,1983,138441291087.962
LDC,NY.GDP.MKTP.CD,1982,140164853789.316
LDC,NY.GDP.MKTP.CD,1981,138755507284.491
LDC,NY.GDP.MKTP.CD,1980,135711328907.843
LDC,NY.GDP.MKTP.CD,1979,122428376570.848
LDC,NY.GDP.MKTP.CD,1978,111733881980.368
LDC,NY.GDP.MKTP.CD,1977,94941848284.4017
LDC,NY.GDP.MKTP.CD,1976,86257896218.4445
LDC,NY.GDP.MKTP.CD,1975,93635062502.8176
LDC,NY.GDP.MKTP.CD,1974,77769806980.1139
LDC,NY.GDP.MKTP.CD,1973,62437242595.5981
LDC,NY.GDP.MKTP.CD,1972,51305821254.5498
LDC,NY.GDP.MKTP.CD,1971,49607713412.6623
LDC,NY.GDP.MKTP.CD,1970,47218105706.9093
LDC,NY.GDP.MKTP.CD,1969,48788461658.1434
LDC,NY.GDP.MKTP.CD,1968,44098255412.4447
LDC,NY.GDP.MKTP.CD,1967,41311581927.6956
LDC,NY.GDP.MKTP.CD,1966,40642209234.3734
LDC,NY.GDP.MKTP.CD,1965,37295152841.752
LDC,NY.GDP.MKTP.CD,1964,33150184766.7468
LDC,NY.GDP.MKTP.CD,1963,36519313157.8956
LDC,NY.GDP.MKTP.CD,1962,31794976804.8324
LDC,NY.GDP.MKTP.CD,1961,29364630537.1701
LDC,NY.GDP.MKTP.CD,1960,28083812111.3864
LMY,NY.GDP.MKTP.CD,2024,39397098753614.4
LMY,NY.GDP.MKTP.CD,2023,38059330027172.9
LMY,NY.GDP.MKTP.CD,2022,36965295357847.5
LMY,NY.GDP.MKTP.CD,2021,35235417682028.0
LMY,NY.GDP.MKTP.CD,2020,29882663470187.9
LMY,NY.GDP.MKTP.CD,2019,30863484502772.9
LMY,NY.GDP.MKTP.CD,2018,29945950603040.9
LMY,NY.GDP.MKTP.CD,2017,28123682410171.2
LMY,NY.GDP.MKTP.CD,2016,25722739836843.3
LMY,NY.GDP.MKTP.CD,2015,25457289049147.5
LMY,NY.GDP.MKTP.CD,2014,26234553744932.3
LMY,NY.GDP.MKTP.CD,2013,25060996541842.2
LMY,NY.GDP.MKTP.CD,2012,23600257695748.4
LMY,NY.GDP.MKTP.CD,2011,22198034859579.4
LMY,NY.GDP.MKTP.CD,2010,18849216312613.7
LMY,NY.GDP.MKTP.CD,2009,15495760307663.9
LMY,NY.GDP.MKTP.CD,2008,15453988213684.3
LMY,NY.GDP.MKTP.CD,2007,13011853510452.5
LMY,NY.GDP.MKTP.CD,2006,10593347613572.9
LMY,NY.GDP.MKTP.CD,2005,8995715621844.56
LMY,NY.GDP.MKTP.CD,2004,7615565811852.92
LMY,NY.GDP.MKTP.CD,2003,6490136867597.5
LMY,NY.GDP.MKTP.CD,2002,5796572765879.18
LMY,NY.GDP.MKTP.CD,2001,5681863488447.16
LMY,NY.GDP.MKTP.CD,2000,5671239614656.74
LMY,NY.GDP.MKTP.CD,1999,5213581699462.51
LMY,NY.GDP.MKTP.CD,1998,5415602499519.29
LMY,NY.GDP.MKTP.CD,1997,5514476962092.25
LMY,NY.GDP.MKTP.CD,1996,5194254625956.01
LMY,NY.GDP.MKTP.CD,1995,4678566130116.0
LMY,NY.GDP.MKTP.CD,1994,4036347707441.04
LMY,NY.GDP.MKTP.CD,1993,3598961041743.57
LMY,NY.GDP.MKTP.CD,1992,3325666270038.26
LMY,NY.GDP.MKTP.CD,1991,3169382414487.01
LMY,NY.GDP.MKTP.CD,1990,3263494792021.67
LMY,NY.GDP.MKTP.CD,1989,2839487150072.38
LMY,NY.GDP.MKTP.CD,1988,2648573640088.11
LMY,NY.GDP.MKTP.CD,1987,2482143781544.16
LMY,NY.GDP.MKTP.CD,1986,2404562901474.37
LMY,NY.GDP.MKTP.CD,1985,2354530879715.06
LMY,NY.GDP.MKTP.CD,1984,2267460248865.09
LMY,NY.GDP.MKTP.CD,1983,2206821650115.94
LMY,NY.GDP.MKTP.CD,1982,2277766381213.81
LMY,NY.GDP.MKTP.CD,1981,2310481365169.78
LMY,NY.GDP.MKTP.CD,1980,2063168719320.92
LMY,NY.GDP.MKTP.CD,1979,1746166507113.12
LMY,NY.GDP.MKTP.CD,1978,1506201220791.09
LMY,NY.GDP.MKTP.CD,1977,1356510872563.03
LMY,NY.GDP.MKTP.CD,1976,1208279928792.57
LMY,NY.GDP.MKTP.CD,1975,1123004704927.99
LMY,NY.GDP.MKTP.CD,1974,1015201398786.56
LMY,NY.GDP.MKTP.CD,1973,797478916024.531
LMY,NY.GDP.MKTP.CD,1972,625484658981.055
LMY,NY.GDP.MKTP.CD,1971,556845652683.818
LMY,NY.GDP.MKTP.CD,1970,517798557827.839
LMY,NY.GDP.MKTP.CD,1969,474510876551.698
LMY,NY.GDP.MKTP.CD,1968,424043720695.814
LMY,NY.GDP.MKTP.CD,1967,399982283509.461
LMY,NY.GDP.MKTP.CD,1966,389671309317.082
LMY,NY.GDP.MKTP.CD,1965,375605759539.849
LMY,NY.GDP.MKTP.CD,1964,340150418908.555
LMY,NY.GDP.MKTP.CD,1963,303550507362.765
LMY,NY.GDP.MKTP.CD,1962,273695782536.948
LMY,NY.GDP.MKTP.CD,1961,269458553802.491
LMY,NY.GDP.MKTP.CD,1960,266021244949.628
,NY.GDP.MKTP.CD,2024,469282282632.522
,NY.GDP.MKTP.CD,2023,434043376409.571
,NY.GDP.MKTP.CD,2022,434268149844.662
,NY.GDP.MKTP.CD,2021,375494019860.55
,NY.GDP.MKTP.CD,2020,339434568554.002
,NY.GDP.MKTP.CD,2019,352056761148.886
,NY.GDP.MKTP.CD,2018,341989728902.808
,NY.GDP.MKTP.CD,2017,326806567421.383
,NY.GDP.MKTP.CD,2016,317624904429.654
,NY.GDP.MKTP.CD,2015,361782469708.524
,NY.GDP.MKTP.CD,2014,378789607464.815
,NY.GDP.MKTP.CD,2013,359280509583.968
,NY.GDP.MKTP.CD,2012,351076378355.804
,NY.GDP.MKTP.CD,2011,384118933677.744
,NY.GDP.MKTP.CD,2010,354666141780.162
,NY.GDP.MKTP.CD,2009,314283743126.396
,NY.GDP.MKTP.CD,2008,324480751168.2
,NY.GDP.MKTP.CD,2007,271818539738.554
,NY.GDP.MKTP.CD,2006,224500542226.204
,NY.GDP.MKTP.CD,2005,193441903012.909
,NY.GDP.MKTP.CD,2004,159851128459.564
,NY.GDP.MKTP.CD,2003,136842895163.453
,NY.GDP.MKTP.CD,2002,122332129722.928
,NY.GDP.MKTP.CD,2001,109982758250.167
,NY.GDP.MKTP.CD,2000,116766456835.92
,NY.GDP.MKTP.CD,1999,93786312226.4979
,NY.GDP.MKTP.CD,1998,93088605277.3686
,NY.GDP.MKTP.CD,1997,90885588132.0196
,NY.GDP.MKTP.CD,1996,84839243701.4025
,NY.GDP.MKTP.CD,1995,88805408699.6536
,NY.GDP.MKTP.CD,1994,97114664248.5874
,NY.GDP.MKTP.CD,1993,102326411883.926
,NY.GDP.MKTP.CD,1992,92686061462.6444
,NY.GDP.MKTP.CD,1991,134410439130.966
,NY.GDP.MKTP.CD,1990,120057505114.008
,NY.GDP.MKTP.CD,1989,95849966757.1986
,NY.GDP.MKTP.CD,1988,88552567441.0159
,NY.GDP.MKTP.CD,1987,81699510513.3869
,NY.GDP.MKTP.CD,1986,77699611464.5962
,NY.GDP.MKTP.CD,1985,73755909045.9014
,NY.GDP.MKTP.CD,1984,78581550455.1373
,NY.GDP.MKTP.CD,1983,79883109897.1075
,NY.GDP.MKTP.CD,1982,83687327649.104
,NY.GDP.MKTP.CD,1981,83576565929.6326
,NY.GDP.MKTP.CD,1980,82239917972.7894
,NY.GDP.MKTP.CD,1979,73361506554.39
,NY.GDP.MKTP.CD,1978,69326192103.9817
,NY.GDP.MKTP.CD,1977,59469573577.2217
,NY.GDP.MKTP.CD,1976,51353443144.9124
,NY.GDP.MKTP.CD,1975,48858798819.9938
,NY.GDP.MKTP.CD,1974,41317575283.7761
,NY.GDP.MKTP.CD,1973,33022563725.2582
,NY.GDP.MKTP.CD,1972,27615304466.7896
,NY.GDP.MKTP.CD,1971,24678547941.9782
,NY.GDP.MKTP.CD,1970,22138606272.5654
,NY.GDP.MKTP.CD,1969,21687971434.1315
,NY.GDP.MKTP.CD,1968,18643486433.0984
,NY.GDP.MKTP.CD,1967,17168631140.7443
,NY.GDP.MKTP.CD,1966,
,NY.GDP.MKTP.CD,1965,
,NY.GDP.MKTP.CD,1964,
,NY.GDP.MKTP.CD,1963,
,NY.GDP.MKTP.CD,1962,
,NY.GDP.MKTP.CD,1961,
,NY.GDP.MKTP.CD,1960,
,NY.GDP.MKTP.CD,2024,7941312381464.47
,NY.GDP.MKTP.CD,2023,7684634708973.7
,NY.GDP.MKTP.CD,2022,7588963714927.97
,NY.GDP.MKTP.CD,2021,7124669005626.3
,NY.GDP.MKTP.CD,2020,6297797215276.78
,NY.GDP.MKTP.CD,2019,6527442965633.65
,NY.GDP.MKTP.CD,2018,6022782110520.98
,NY.GDP.MKTP.CD,2017,5770458203695.0
,NY.GDP.MKTP.CD,2016,5319173245722.59
,NY.GDP.MKTP.CD,2015,5110516313268.72
,NY.GDP.MKTP.CD,2014,5122618957687.69
,NY.GDP.MKTP.CD,2013,4743115979872.43
,NY.GDP.MKTP.CD,2012,4486071662557.55
,NY.GDP.MKTP.CD,2011,4244475908827.19
,NY.GDP.MKTP.CD,2010,3803232283642.59
,NY.GDP.MKTP.CD,2009,3161039130467.91
,NY.GDP.MKTP.CD,2008,3030654277104.28
,NY.GDP.MKTP.CD,2007,2739324307629.08
,NY.GDP.MKTP.CD,2006,2239017341158.09
,NY.GDP.MKTP.CD,2005,1911233818659.46
,NY.GDP.MKTP.CD,2004,1658632867564.48
,NY.GDP.MKTP.CD,2003,1440541629623.4
,NY.GDP.MKTP.CD,2002,1268651516969.16
,NY.GDP.MKTP.CD,2001,1200797924687.21
,NY.GDP.MKTP.CD,2000,1188901754149.27
,NY.GDP.MKTP.CD,1999,1125872529409.91
,NY.GDP.MKTP.CD,1998,1220564670913.05
,NY.GDP.MKTP.CD,1997,1195244281130.43
,NY.GDP.MKTP.CD,1996,1139140506577.02
,NY.GDP.MKTP.CD,1995,1000044233254.53
,NY.GDP.MKTP.CD,1994,842207417522.63
,NY.GDP.MKTP.CD,1993,748820827088.178
,NY.GDP.MKTP.CD,1992,740203715946.421
,NY.GDP.MKTP.CD,1991,708795018511.737
,NY.GDP.MKTP.CD,1990,740238512582.882
,NY.GDP.MKTP.CD,1989,680922887878.65
,NY.GDP.MKTP.CD,1988,695226297684.468
,NY.GDP.MKTP.CD,1987,673706631510.725
,NY.GDP.MKTP.CD,1986,617956032262.182
,NY.GDP.MKTP.CD,1985,615045341856.564
,NY.GDP.MKTP.CD,1984,576332075858.018
,NY.GDP.MKTP.CD,1983,600666177720.455
,NY.GDP.MKTP.CD,1982,633606953005.588
,NY.GDP.MKTP.CD,1981,637967861997.788
,NY.GDP.MKTP.CD,1980,513985968986.668
,NY.GDP.MKTP.CD,1979,421417164523.234
,NY.GDP.MKTP.CD,1978,363478849935.628
,NY.GDP.MKTP.CD,1977,322288055456.463
,NY.GDP.MKTP.CD,1976,286867975882.657
,NY.GDP.MKTP.CD,1975,271278823692.05
,NY.GDP.MKTP.CD,1974,247655819081.373
,NY.GDP.MKTP.CD,1973,200259091709.449
,NY.GDP.MKTP.CD,1972,170263867209.731
,NY.GDP.MKTP.CD,1971,159556712408.833
,NY.GDP.MKTP.CD,1970,153169378390.728
,NY.GDP.MKTP.CD,1969,141434554930.938
,NY.GDP.MKTP.CD,1968,127756036298.991
,NY.GDP.MKTP.CD,1967,120384771269.325
,NY.GDP.MKTP.CD,1966,112803578667.612
,NY.GDP.MKTP.CD,1965,123581597701.261
,NY.GDP.MKTP.CD,1964,115346299527.998
,NY.GDP.MKTP.CD,1963,102654850184.887
,NY.GDP.MKTP.CD,1962,92791537815.2938
,NY.GDP.MKTP.CD,1961,91375597712.0308
,NY.GDP.MKTP.CD,1960,85718645234.66
MEA,NY.GDP.MKTP.CD,2024,5094721946852.29
MEA,NY.GDP.MKTP.CD,2023,4905729965245.33
MEA,NY.GDP.MKTP.CD,2022,5030925398736.26
MEA,NY.GDP.MKTP.CD,2021,4310652927209.13
MEA,NY.GDP.MKTP.CD,2020,3587451756047.23
MEA,NY.GDP.MKTP.CD,2019,4019889117584.4
MEA,NY.GDP.MKTP.CD,2018,4050508431278.92
MEA,NY.GDP.MKTP.CD,2017,3795353115732.68
MEA,NY.GDP.MKTP.CD,2016,3624240285092.23
MEA,NY.GDP.MKTP.CD,2015,3558416509933.66
MEA,NY.GDP.MKTP.CD,2014,3955125832586.57
MEA,NY.GDP.MKTP.CD,2013,3915741985695.48
MEA,NY.GDP.MKTP.CD,2012,3951058204949.1
MEA,NY.GDP.MKTP.CD,2011,3662713826837.54
MEA,NY.GDP.MKTP.CD,2010,3041621845298.68
MEA,NY.GDP.MKTP.CD,2009,2605610958503.18
MEA,NY.GDP.MKTP.CD,2008,2889953352465.81
MEA,NY.GDP.MKTP.CD,2007,2340843268764.84
MEA,NY.GDP.MKTP.CD,2006,1984658175210.17
MEA,NY.GDP.MKTP.CD,2005,1696919964189.2
MEA,NY.GDP.MKTP.CD,2004,1425161843634.64
MEA,NY.GDP.MKTP.CD,2003,1208917725723.26
MEA,NY.GDP.MKTP.CD,2002,1084279807640.54
MEA,NY.GDP.MKTP.CD,2001,1090545600290.9
MEA,NY.GDP.MKTP.CD,2000,1098757920690.97
MEA,NY.GDP.MKTP.CD,1999,954730386631.289
MEA,NY.GDP.MKTP.CD,1998,882028072740.284
MEA,NY.GDP.MKTP.CD,1997,900773851360.493
MEA,NY.GDP.MKTP.CD,1996,863000127660.966
MEA,NY.GDP.MKTP.CD,1995,779385146780.055
MEA,NY.GDP.MKTP.CD,1994,703469153116.363
MEA,NY.GDP.MKTP.CD,1993,666711698357.688
MEA,NY.GDP.MKTP.CD,1992,711056428594.9
MEA,NY.GDP.MKTP.CD,1991,673738601159.404
MEA,NY.GDP.MKTP.CD,1990,836905738017.188
MEA,NY.GDP.MKTP.CD,1989,651160308645.27
MEA,NY.GDP.MKTP.CD,1988,631604979804.191
MEA,NY.GDP.MKTP.CD,1987,631785127853.375
MEA,NY.GDP.MKTP.CD,1986,676559260256.53
MEA,NY.GDP.MKTP.CD,1985,668194186438.674
MEA,NY.GDP.MKTP.CD,1984,656414744180.422
MEA,NY.GDP.MKTP.CD,1983,649495126896.608
MEA,NY.GDP.MKTP.CD,1982,641806002410.863
MEA,NY.GDP.MKTP.CD,1981,640118605672.844
MEA,NY.GDP.MKTP.CD,1980,621242313345.802
MEA,NY.GDP.MKTP.CD,1979,483140591969.338
MEA,NY.GDP.MKTP.CD,1978,371543137662.643
MEA,NY.GDP.MKTP.CD,1977,349601963146.586
MEA,NY.GDP.MKTP.CD,1976,301309936336.041
MEA,NY.GDP.MKTP.CD,1975,242549831549.763
MEA,NY.GDP.MKTP.CD,1974,220685922800.518
MEA,NY.GDP.MKTP.CD,1973,121486691403.818
MEA,NY.GDP.MKTP.CD,1972,93296927794.6584
MEA,NY.GDP.MKTP.CD,1971,79185015019.2146
MEA,NY.GDP.MKTP.CD,1970,69470512932.9908
MEA,NY.GDP.MKTP.CD,1969,61449134768.6854
MEA,NY.GDP.MKTP.CD,1968,55355053152.9923
MEA,NY.GDP.MKTP.CD,1967,48702681113.6242
MEA,NY.GDP.MKTP.CD,1966,44827741482.1355
MEA,NY.GDP.MKTP.CD,1965,41652574542.0041
MEA,NY.GDP.MKTP.CD,1964,37876511285.1314
MEA,NY.GDP.MKTP.CD,1963,33981027251.5901
MEA,NY.GDP.MKTP.CD,1962,30832534298.4043
MEA,NY.GDP.MKTP.CD,1961,30987037284.52
MEA,NY.GDP.MKTP.CD,1960,29024394854.6979
MNA,NY.GDP.MKTP.CD,2024,2203604227426.38
MNA,NY.GDP.MKTP.CD,2023,2094668147144.99
MNA,NY.GDP.MKTP.CD,2022,2160815136190.98
MNA,NY.GDP.MKTP.CD,2021,1939712222007.44
MNA,NY.GDP.MKTP.CD,2020,1667961526440.19
MNA,NY.GDP.MKTP.CD,2019,1834354275856.43
MNA,NY.GDP.MKTP.CD,2018,1877875348076.98
MNA,NY.GDP.MKTP.CD,2017,1878260539942.56
MNA,NY.GDP.MKTP.CD,2016,1849124741125.58
MNA,NY.GDP.MKTP.CD,2015,1780659355969.3
MNA,NY.GDP.MKTP.CD,2014,1919784977902.52
MNA,NY.GDP.MKTP.CD,2013,1930423514701.75
MNA,NY.GDP.MKTP.CD,2012,2052891275800.41
MNA,NY.GDP.MKTP.CD,2011,1906060807193.34
MNA,NY.GDP.MKTP.CD,2010,1626058953369.58
MNA,NY.GDP.MKTP.CD,2009,1418668447670.53
MNA,NY.GDP.MKTP.CD,2008,1466149480564.83
MNA,NY.GDP.MKTP.CD,2007,1209996477297.73
MNA,NY.GDP.MKTP.CD,2006,996469245693.858
MNA,NY.GDP.MKTP.CD,2005,857124990344.532
MNA,NY.GDP.MKTP.CD,2004,739740964066.946
MNA,NY.GDP.MKTP.CD,2003,624719536900.607
MNA,NY.GDP.MKTP.CD,2002,564911705200.042
MNA,NY.GDP.MKTP.CD,2001,580413513039.634
MNA,NY.GDP.MKTP.CD,2000,577555414244.499
MNA,NY.GDP.MKTP.CD,1999,515243741248.183
MNA,NY.GDP.MKTP.CD,1998,475820335108.722
MNA,NY.GDP.MKTP.CD,1997,465770068822.278
MNA,NY.GDP.MKTP.CD,1996,446894233172.398
MNA,NY.GDP.MKTP.CD,1995,403354671308.578
MNA,NY.GDP.MKTP.CD,1994,361933969697.601
MNA,NY.GDP.MKTP.CD,1993,344284389247.258
MNA,NY.GDP.MKTP.CD,1992,390454378977.408
MNA,NY.GDP.MKTP.CD,1991,380581307726.01
MNA,NY.GDP.MKTP.CD,1990,561877076910.386
MNA,NY.GDP.MKTP.CD,1989,415824495351.473
MNA,NY.GDP.MKTP.CD,1988,414053622106.052
MNA,NY.GDP.MKTP.CD,1987,426964720173.306
MNA,NY.GDP.MKTP.CD,1986,487666576858.246
MNA,NY.GDP.MKTP.CD,1985,453639097759.673
MNA,NY.GDP.MKTP.CD,1984,422201894049.532
MNA,NY.GDP.MKTP.CD,1983,404172364784.849
MNA,NY.GDP.MKTP.CD,1982,369223568200.683
MNA,NY.GDP.MKTP.CD,1981,330377717262.531
MNA,NY.GDP.MKTP.CD,1980,338338373850.255
MNA,NY.GDP.MKTP.CD,1979,278630477033.722
MNA,NY.GDP.MKTP.CD,1978,224123730455.508
MNA,NY.GDP.MKTP.CD,1977,208782139666.985
MNA,NY.GDP.MKTP.CD,1976,180747740964.066
MNA,NY.GDP.MKTP.CD,1975,146512034375.343
MNA,NY.GDP.MKTP.CD,1974,127536402529.717
MNA,NY.GDP.MKTP.CD,1973,82948300158.0316
MNA,NY.GDP.MKTP.CD,1972,67256893586.3658
MNA,NY.GDP.MKTP.CD,1971,59203404913.3117
MNA,NY.GDP.MKTP.CD,1970,52340685827.5425
MNA,NY.GDP.MKTP.CD,1969,46594338113.9912
MNA,NY.GDP.MKTP.CD,1968,41897056400.5637
MNA,NY.GDP.MKTP.CD,1967,37310104873.7448
MNA,NY.GDP.MKTP.CD,1966,33969222899.079
MNA,NY.GDP.MKTP.CD,1965,31805270075.2254
MNA,NY.GDP.MKTP.CD,1964,28686249644.311
MNA,NY.GDP.MKTP.CD,1963,25680699750.2399
MNA,NY.GDP.MKTP.CD,1962,23311084904.6969
MNA,NY.GDP.MKTP.CD,1961,22897686861.8653
MNA,NY.GDP.MKTP.CD,1960,21951472905.7683
TMN,NY.GDP.MKTP.CD,2024,2189893127426.38
TMN,NY.GDP.MKTP.CD,2023,2076820247144.99
TMN,NY.GDP.MKTP.CD,2022,2141649636190.98
TMN,NY.GDP.MKTP.CD,2021,1921603222007.44
TMN,NY.GDP.MKTP.CD,2020,1652429826440.19
TMN,NY.GDP.MKTP.CD,2019,1817220775856.43
TMN,NY.GDP.MKTP.CD,2018,1861598748076.98
TMN,NY.GDP.MKTP.CD,2017,1862132539942.56
TMN,NY.GDP.MKTP.CD,2016,1833719341125.58
TMN,NY.GDP.MKTP.CD,2015,1766686955969.3
TMN,NY.GDP.MKTP.CD,2014,1905795277902.52
TMN,NY.GDP.MKTP.CD,2013,1916908014701.75
TMN,NY.GDP.MKTP.CD,2012,2040682875800.41
TMN,NY.GDP.MKTP.CD,2011,1894874707193.34
TMN,NY.GDP.MKTP.CD,2010,1616377453369.58
TMN,NY.GDP.MKTP.CD,2009,1410582747670.53
TMN,NY.GDP.MKTP.CD,2008,1458839080564.83
TMN,NY.GDP.MKTP.CD,2007,1204180777297.73
TMN,NY.GDP.MKTP.CD,2006,991120945693.858
TMN,NY.GDP.MKTP.CD,2005,851999290344.532
TMN,NY.GDP.MKTP.CD,2004,735137864066.946
TMN,NY.GDP.MKTP.CD,2003,620751536900.607
TMN,NY.GDP.MKTP.CD,2002,561355905200.042
TMN,NY.GDP.MKTP.CD,2001,576409813039.634
TMN,NY.GDP.MKTP.CD,2000,573241814244.499
TMN,NY.GDP.MKTP.CD,1999,510969926774.03
TMN,NY.GDP.MKTP.CD,1998,471749357905.258
TMN,NY.GDP.MKTP.CD,1997,462008531395.001
TMN,NY.GDP.MKTP.CD,1996,443484188935.483
TMN,NY.GDP.MKTP.CD,1995,400070200863.339
TMN,NY.GDP.MKTP.CD,1994,359089803644.475
TMN,NY.GDP.MKTP.CD,1993,341578917933.426
TMN,NY.GDP.MKTP.CD,1992,387386092541.322
TMN,NY.GDP.MKTP.CD,1991,377590606309.415
TMN,NY.GDP.MKTP.CD,1990,557461708799.144
TMN,NY.GDP.MKTP.CD,1989,412556844308.039
TMN,NY.GDP.MKTP.CD,1988,410799887019.644
TMN,NY.GDP.MKTP.CD,1987,423609526506.312
TMN,NY.GDP.MKTP.CD,1986,483834373088.306
TMN,NY.GDP.MKTP.CD,1985,450074290280.295
TMN,NY.GDP.MKTP.CD,1984,418884127840.34
TMN,NY.GDP.MKTP.CD,1983,400996279046.08
TMN,NY.GDP.MKTP.CD,1982,366322118691.625
TMN,NY.GDP.MKTP.CD,1981,327781527993.719
TMN,NY.GDP.MKTP.CD,1980,335679627786.219
TMN,NY.GDP.MKTP.CD,1979,276440930291.791
TMN,NY.GDP.MKTP.CD,1978,222362511119.301
TMN,NY.GDP.MKTP.CD,1977,207141478320.287
TMN,NY.GDP.MKTP.CD,1976,179327380809.812
TMN,NY.GDP.MKTP.CD,1975,145360706814.426
TMN,NY.GDP.MKTP.CD,1974,126534190145.74
TMN,NY.GDP.MKTP.CD,1973,82296472036.8108
TMN,NY.GDP.MKTP.CD,1972,66728372393.0197
TMN,NY.GDP.MKTP.CD,1971,58738170012.5241
TMN,NY.GDP.MKTP.CD,1970,51929379859.3505
TMN,NY.GDP.MKTP.CD,1969,46228188357.884
TMN,NY.GDP.MKTP.CD,1968,41567819038.1797
TMN,NY.GDP.MKTP.CD,1967,37016912903.3721
TMN,NY.GDP.MKTP.CD,1966,33702284400.0446
TMN,NY.GDP.MKTP.CD,1965,31555336449.1167
TMN,NY.GDP.MKTP.CD,1964,28460826047.0234
TMN,NY.GDP.MKTP.CD,1963,25478894502.4176
TMN,NY.GDP.MKTP.CD,1962,23127900672.4932
TMN,NY.GDP.MKTP.CD,1961,22717751213.0451
TMN,NY.GDP.MKTP.CD,1960,21778972838.6791
MIC,NY.GDP.MKTP.CD,2024,38925709373017.7
MIC,NY.GDP.MKTP.CD,2023,37622349618946.3
MIC,NY.GDP.MKTP.CD,2022,36528767758177.8
MIC,NY.GDP.MKTP.CD,2021,34855974285498.8
MIC,NY.GDP.MKTP.CD,2020,29540859400642.8
MIC,NY.GDP.MKTP.CD,2019,30509054766961.0
MIC,NY.GDP.MKTP.CD,2018,29601678469854.1
MIC,NY.GDP.MKTP.CD,2017,27795014626627.4
MIC,NY.GDP.MKTP.CD,2016,25404351578541.5
MIC,NY.GDP.MKTP.CD,2015,25097130636126.9
MIC,NY.GDP.MKTP.CD,2014,25857736813684.7
MIC,NY.GDP.MKTP.CD,2013,24703471814277.2
MIC,NY.GDP.MKTP.CD,2012,23251473713360.3
MIC,NY.GDP.MKTP.CD,2011,21818776039542.3
MIC,NY.GDP.MKTP.CD,2010,18500106536863.7
MIC,NY.GDP.MKTP.CD,2009,15187183923617.2
MIC,NY.GDP.MKTP.CD,2008,15135753455448.7
MIC,NY.GDP.MKTP.CD,2007,12745162554495.1
MIC,NY.GDP.MKTP.CD,2006,10373325425938.6
MIC,NY.GDP.MKTP.CD,2005,8806342066459.55
MIC,NY.GDP.MKTP.CD,2004,7458787938489.61
MIC,NY.GDP.MKTP.CD,2003,6355971327725.68
MIC,NY.GDP.MKTP.CD,2002,5676642577370.01
MIC,NY.GDP.MKTP.CD,2001,5573293851565.58
MIC,NY.GDP.MKTP.CD,2000,5556546271414.67
MIC,NY.GDP.MKTP.CD,1999,5120006885011.03
MIC,NY.GDP.MKTP.CD,1998,5322192219238.79
MIC,NY.GDP.MKTP.CD,1997,5422776104608.38
MIC,NY.GDP.MKTP.CD,1996,5108551494540.33
MIC,NY.GDP.MKTP.CD,1995,4590529240161.89
MIC,NY.GDP.MKTP.CD,1994,3942384848752.36
MIC,NY.GDP.MKTP.CD,1993,3501345257040.16
MIC,NY.GDP.MKTP.CD,1992,3237107286358.01
MIC,NY.GDP.MKTP.CD,1991,3044708628353.4
MIC,NY.GDP.MKTP.CD,1990,3150623904402.63
MIC,NY.GDP.MKTP.CD,1989,2747806444501.31
MIC,NY.GDP.MKTP.CD,1988,2563703586650.78
MIC,NY.GDP.MKTP.CD,1987,2403584804619.8
MIC,NY.GDP.MKTP.CD,1986,2329597450033.4
MIC,NY.GDP.MKTP.CD,1985,2282956356062.72
MIC,NY.GDP.MKTP.CD,1984,2192549478802.4
MIC,NY.GDP.MKTP.CD,1983,2131216215695.98
MIC,NY.GDP.MKTP.CD,1982,2198750357109.47
MIC,NY.GDP.MKTP.CD,1981,2231371215509.14
MIC,NY.GDP.MKTP.CD,1980,1986493674210.98
MIC,NY.GDP.MKTP.CD,1979,1678362101290.79
MIC,NY.GDP.MKTP.CD,1978,1443031406577.86
MIC,NY.GDP.MKTP.CD,1977,1301917067253.38
MIC,NY.GDP.MKTP.CD,1976,1160904820760.72
MIC,NY.GDP.MKTP.CD,1975,1078098104980.05
MIC,NY.GDP.MKTP.CD,1974,976815722583.874
MIC,NY.GDP.MKTP.CD,1973,766886718376.922
MIC,NY.GDP.MKTP.CD,1972,600161045167.552
MIC,NY.GDP.MKTP.CD,1971,534228369111.708
MIC,NY.GDP.MKTP.CD,1970,497394778758.199
MIC,NY.GDP.MKTP.CD,1969,454719632225.34
MIC,NY.GDP.MKTP.CD,1968,406933448658.392
MIC,NY.GDP.MKTP.CD,1967,384168439192.974
MIC,NY.GDP.MKTP.CD,1966,373234480844.199
MIC,NY.GDP.MKTP.CD,1965,359974228362.055
MIC,NY.GDP.MKTP.CD,1964,326748563780.278
MIC,NY.GDP.MKTP.CD,1963,287120112863.835
MIC,NY.GDP.MKTP.CD,1962,260604632869.29
MIC,NY.GDP.MKTP.CD,1961,257716293344.372
MIC,NY.GDP.MKTP.CD,1960,254380808746.112
NAC,NY.GDP.MKTP.CD,2024,31003826557365.0
NAC,NY.GDP.MKTP.CD,2023,29474089705278.7
NAC,NY.GDP.MKTP.CD,2022,27803134368745.3
NAC,NY.GDP.MKTP.CD,2021,25344749345423.2
NAC,NY.GDP.MKTP.CD,2020,22723045707000.2
NAC,NY.GDP.MKTP.CD,2019,23132124767672.5
NAC,NY.GDP.MKTP.CD,2018,22265612481783.0
NAC,NY.GDP.MKTP.CD,2017,21133744509244.1
NAC,NY.GDP.MKTP.CD,2016,20230005494907.4
NAC,NY.GDP.MKTP.CD,2015,19769184098217.1
NAC,NY.GDP.MKTP.CD,2014,19362844040439.9
NAC,NY.GDP.MKTP.CD,2013,18696254170835.0
NAC,NY.GDP.MKTP.CD,2012,18088716899521.6
NAC,NY.GDP.MKTP.CD,2011,17399367444174.5
NAC,NY.GDP.MKTP.CD,2010,16672942337486.3
NAC,NY.GDP.MKTP.CD,2009,15859346076157.3
NAC,NY.GDP.MKTP.CD,2008,16329827601721.7
NAC,NY.GDP.MKTP.CD,2007,15949814312783.3
NAC,NY.GDP.MKTP.CD,2006,15140995757591.0
NAC,NY.GDP.MKTP.CD,2005,14217175927778.7
NAC,NY.GDP.MKTP.CD,2004,13248368139278.2
NAC,NY.GDP.MKTP.CD,2003,12356169212634.8
NAC,NY.GDP.MKTP.CD,2002,11693699517098.0
NAC,NY.GDP.MKTP.CD,2001,11324592049355.4
NAC,NY.GDP.MKTP.CD,2000,10999201631931.6
NAC,NY.GDP.MKTP.CD,1999,10312911118271.1
NAC,NY.GDP.MKTP.CD,1998,9699948950000.0
NAC,NY.GDP.MKTP.CD,1997,9235474283855.55
NAC,NY.GDP.MKTP.CD,1996,8706425384132.75
NAC,NY.GDP.MKTP.CD,1995,8247740840061.21
NAC,NY.GDP.MKTP.CD,1994,7869047506907.26
NAC,NY.GDP.MKTP.CD,1993,7439432921639.4
NAC,NY.GDP.MKTP.CD,1992,7116394258318.85
NAC,NY.GDP.MKTP.CD,1991,6772291612315.62
NAC,NY.GDP.MKTP.CD,1990,6560811991360.99
NAC,NY.GDP.MKTP.CD,1989,6210293493275.24
NAC,NY.GDP.MKTP.CD,1988,5747233127658.55
NAC,NY.GDP.MKTP.CD,1987,5289645738278.71
NAC,NY.GDP.MKTP.CD,1986,4959811337023.72
NAC,NY.GDP.MKTP.CD,1985,4706204512481.65
NAC,NY.GDP.MKTP.CD,1984,4395317100091.54
NAC,NY.GDP.MKTP.CD,1983,3976793677182.73
NAC,NY.GDP.MKTP.CD,1982,3659222307440.61
NAC,NY.GDP.MKTP.CD,1981,3515026742787.86
NAC,NY.GDP.MKTP.CD,1980,3132696865996.05
NAC,NY.GDP.MKTP.CD,1979,2871741324295.71
NAC,NY.GDP.MKTP.CD,1978,2571444342386.25
NAC,NY.GDP.MKTP.CD,1977,2294598176304.65
NAC,NY.GDP.MKTP.CD,1976,2081069912576.07
NAC,NY.GDP.MKTP.CD,1975,1859668757176.56
NAC,NY.GDP.MKTP.CD,1974,1706504788139.06
NAC,NY.GDP.MKTP.CD,1973,1557409843565.64
NAC,NY.GDP.MKTP.CD,1972,1392809248873.62
NAC,NY.GDP.MKTP.CD,1971,1264667554743.51
NAC,NY.GDP.MKTP.CD,1970,1161681557632.31
NAC,NY.GDP.MKTP.CD,1969,1097008083538.61
NAC,NY.GDP.MKTP.CD,1968,1012423833006.16
NAC,NY.GDP.MKTP.CD,1967,925611758906.731
NAC,NY.GDP.MKTP.CD,1966,874400174025.376
NAC,NY.GDP.MKTP.CD,1965,796652272547.488
NAC,NY.GDP.MKTP.CD,1964,733740484526.022
NAC,NY.GDP.MKTP.CD,1963,682281489551.125
NAC,NY.GDP.MKTP.CD,1962,646056325348.93
NAC,NY.GDP.MKTP.CD,1961,603055003182.732
NAC,NY.GDP.MKTP.CD,1960,582624755153.847
,NY.GDP.MKTP.CD,2024,
,NY.GDP.MKTP.CD,2023,
,NY.GDP.MKTP.CD,2022,
,NY.GDP.MKTP.CD,2021,
,NY.GDP.MKTP.CD,2020,
,NY.GDP.MKTP.CD,2019,
,NY.GDP.MKTP.CD,2018,
,NY.GDP.MKTP.CD,2017,
,NY.GDP.MKTP.CD,2016,
,NY.GDP.MKTP.CD,2015,
,NY.GDP.MKTP.CD,2014,
,NY.GDP.MKTP.CD,2013,
,NY.GDP.MKTP.CD,2012,
,NY.GDP.MKTP.CD,2011,
,NY.GDP.MKTP.CD,2010,
,NY.GDP.MKTP.CD,2009,
,NY.GDP.MKTP.CD,2008,
,NY.GDP.MKTP.CD,2007,
,NY.GDP.MKTP.CD,2006,
,NY.GDP.MKTP.CD,2005,
,NY.GDP.MKTP.CD,2004,
,NY.GDP.MKTP.CD,2003,
,NY.GDP.MKTP.CD,2002,
,NY.GDP.MKTP.CD,2001,
,NY.GDP.MKTP.CD,2000,
,NY.GDP.MKTP.CD,1999,
,NY.GDP.MKTP.CD,1998,
,NY.GDP.MKTP.CD,1997,
,NY.GDP.MKTP.CD,1996,
,NY.GDP.MKTP.CD,1995,
,NY.GDP.MKTP.CD,1994,
,NY.GDP.MKTP.CD,1993,
,NY.GDP.MKTP.CD,1992,
,NY.GDP.MKTP.CD,1991,
,NY.GDP.MKTP.CD,1990,
,NY.GDP.MKTP.CD,1989,
,NY.GDP.MKTP.CD,1988,
,NY.GDP.MKTP.CD,1987,
,NY.GDP.MKTP.CD,1986,
,NY.GDP.MKTP.CD,1985,
,NY.GDP.MKTP.CD,1984,
,NY.GDP.MKTP.CD,1983,
,NY.GDP.MKTP.CD,1982,
,NY.GDP.MKTP.CD,1981,
,NY.GDP.MKTP.CD,1980,
,NY.GDP.MKTP.CD,1979,
,NY.GDP.MKTP.CD,1978,
,NY.GDP.MKTP.CD,1977,
,NY.GDP.MKTP.CD,1976,
,NY.GDP.MKTP.CD,1975,
,NY.GDP.MKTP.CD,1974,
,NY.GDP.MKTP.CD,1973,
,NY.GDP.MKTP.CD,1972,
,NY.GDP.MKTP.CD,1971,
,NY.GDP.MKTP.CD,1970,
,NY.GDP.MKTP.CD,1969,
,NY.GDP.MKTP.CD,1968,
,NY.GDP.MKTP.CD,1967,
,NY.GDP.MKTP.CD,1966,
,NY.GDP.MKTP.CD,1965,
,NY.GDP.MKTP.CD,1964,
,NY.GDP.MKTP.CD,1963,
,NY.GDP.MKTP.CD,1962,
,NY.GDP.MKTP.CD,1961,
,NY.GDP.MKTP.CD,1960,
OED,NY.GDP.MKTP.CD,2024,67500141717526.3
OED,NY.GDP.MKTP.CD,2023,64648892594414.4
OED,NY.GDP.MKTP.CD,2022,60588200976081.3
OED,NY.GDP.MKTP.CD,2021,59024824389525.6
OED,NY.GDP.MKTP.CD,2020,52851603026620.4
OED,NY.GDP.MKTP.CD,2019,54168727321922.0
OED,NY.GDP.MKTP.CD,2018,53652083661572.9
OED,NY.GDP.MKTP.CD,2017,50696690374014.3
OED,NY.GDP.MKTP.CD,2016,48552474323847.7
OED,NY.GDP.MKTP.CD,2015,47647221796959.1
OED,NY.GDP.MKTP.CD,2014,50544319752323.1
OED,NY.GDP.MKTP.CD,2013,49513745558643.5
OED,NY.GDP.MKTP.CD,2012,48848423144456.1
OED,NY.GDP.MKTP.CD,2011,48907463676194.2
OED,NY.GDP.MKTP.CD,2010,45454235949425.1
OED,NY.GDP.MKTP.CD,2009,43330741173451.5
OED,NY.GDP.MKTP.CD,2008,46310285113488.4
OED,NY.GDP.MKTP.CD,2007,43614701103479.8
OED,NY.GDP.MKTP.CD,2006,39831449904961.4
OED,NY.GDP.MKTP.CD,2005,37741346324531.8
OED,NY.GDP.MKTP.CD,2004,35679871689452.8
OED,NY.GDP.MKTP.CD,2003,32044541404358.7
OED,NY.GDP.MKTP.CD,2002,28647750264306.8
OED,NY.GDP.MKTP.CD,2001,27457252150822.0
OED,NY.GDP.MKTP.CD,2000,27710878931912.8
OED,NY.GDP.MKTP.CD,1999,27106690974475.9
OED,NY.GDP.MKTP.CD,1998,25797604159261.0
OED,NY.GDP.MKTP.CD,1997,25612994056118.2
OED,NY.GDP.MKTP.CD,1996,25998480809047.6
OED,NY.GDP.MKTP.CD,1995,25775313382970.9
OED,NY.GDP.MKTP.CD,1994,23317201872963.5
OED,NY.GDP.MKTP.CD,1993,21810120242132.0
OED,NY.GDP.MKTP.CD,1992,21476777564065.5
OED,NY.GDP.MKTP.CD,1991,19962310501302.5
OED,NY.GDP.MKTP.CD,1990,18852771505915.8
OED,NY.GDP.MKTP.CD,1989,16740901991842.8
OED,NY.GDP.MKTP.CD,1988,16001599667479.5
OED,NY.GDP.MKTP.CD,1987,14192048913694.0
OED,NY.GDP.MKTP.CD,1986,12253426374959.4
OED,NY.GDP.MKTP.CD,1985,10110195128167.8
OED,NY.GDP.MKTP.CD,1984,9603996059992.16
OED,NY.GDP.MKTP.CD,1983,9188516945715.16
OED,NY.GDP.MKTP.CD,1982,8888513303369.21
OED,NY.GDP.MKTP.CD,1981,9028194538270.77
OED,NY.GDP.MKTP.CD,1980,8865947967454.05
OED,NY.GDP.MKTP.CD,1979,7982841628892.18
OED,NY.GDP.MKTP.CD,1978,6914445143890.49
OED,NY.GDP.MKTP.CD,1977,5744062081858.05
OED,NY.GDP.MKTP.CD,1976,5093104008181.73
OED,NY.GDP.MKTP.CD,1975,4700213593995.64
OED,NY.GDP.MKTP.CD,1974,4194195712763.06
OED,NY.GDP.MKTP.CD,1973,3739083527748.63
OED,NY.GDP.MKTP.CD,1972,3088987028519.77
OED,NY.GDP.MKTP.CD,1971,2659381214254.36
OED,NY.GDP.MKTP.CD,1970,2400426381002.29
OED,NY.GDP.MKTP.CD,1969,2190828362375.71
OED,NY.GDP.MKTP.CD,1968,1988017146245.21
OED,NY.GDP.MKTP.CD,1967,1832895163805.07
OED,NY.GDP.MKTP.CD,1966,1714939911148.91
OED,NY.GDP.MKTP.CD,1965,1566490842668.13
OED,NY.GDP.MKTP.CD,1964,1441848721878.44
OED,NY.GDP.MKTP.CD,1963,1317605393450.63
OED,NY.GDP.MKTP.CD,1962,1224162735686.56
OED,NY.GDP.MKTP.CD,1961,1132125347763.2
OED,NY.GDP.MKTP.CD,1960,1061504516553.67
OSS,NY.GDP.MKTP.CD,2024,208127281931.64
OSS,NY.GDP.MKTP.CD,2023,196615944595.18
OSS,NY.GDP.MKTP.CD,2022,181859538439.061
OSS,NY.GDP.MKTP.CD,2021,172038213758.242
OSS,NY.GDP.MKTP.CD,2020,146157676838.952
OSS,NY.GDP.MKTP.CD,2019,158530142448.216
OSS,NY.GDP.MKTP.CD,2018,158073876709.73
OSS,NY.GDP.MKTP.CD,2017,143284613956.474
OSS,NY.GDP.MKTP.CD,2016,128159325016.122
OSS,NY.GDP.MKTP.CD,2015,121433707011.691
OSS,NY.GDP.MKTP.CD,2014,135415545370.949
OSS,NY.GDP.MKTP.CD,2013,130969039548.284
OSS,NY.GDP.MKTP.CD,2012,125761130889.038
OSS,NY.GDP.MKTP.CD,2011,128764134519.088
OSS,NY.GDP.MKTP.CD,2010,112786676665.285
OSS,NY.GDP.MKTP.CD,2009,107800935552.035
OSS,NY.GDP.MKTP.CD,2008,125084843511.023
OSS,NY.GDP.MKTP.CD,2007,115441290811.04
OSS,NY.GDP.MKTP.CD,2006,95906051121.5049
OSS,NY.GDP.MKTP.CD,2005,86284116802.3353
OSS,NY.GDP.MKTP.CD,2004,76946971607.8942
OSS,NY.GDP.MKTP.CD,2003,64819023763.2045
OSS,NY.GDP.MKTP.CD,2002,52120882271.4143
OSS,NY.GDP.MKTP.CD,2001,47626338324.033
OSS,NY.GDP.MKTP.CD,2000,47447997552.7001
OSS,NY.GDP.MKTP.CD,1999,47126365701.0324
OSS,NY.GDP.MKTP.CD,1998,45175657737.8871
OSS,NY.GDP.MKTP.CD,1997,45001855690.8166
OSS,NY.GDP.MKTP.CD,1996,44988678305.9346
OSS,NY.GDP.MKTP.CD,1995,43750838197.8851
OSS,NY.GDP.MKTP.CD,1994,36855488520.0577
OSS,NY.GDP.MKTP.CD,1993,34799288268.8486
OSS,NY.GDP.MKTP.CD,1992,36340445474.8692
OSS,NY.GDP.MKTP.CD,1991,33550913338.5787
OSS,NY.GDP.MKTP.CD,1990,31954015146.0863
OSS,NY.GDP.MKTP.CD,1989,26569541981.2962
OSS,NY.GDP.MKTP.CD,1988,25998041841.1562
OSS,NY.GDP.MKTP.CD,1987,24115018695.3425
OSS,NY.GDP.MKTP.CD,1986,19271096441.8764
OSS,NY.GDP.MKTP.CD,1985,19321547628.0782
OSS,NY.GDP.MKTP.CD,1984,19829824799.8379
OSS,NY.GDP.MKTP.CD,1983,20072665045.9298
OSS,NY.GDP.MKTP.CD,1982,21876317950.6725
OSS,NY.GDP.MKTP.CD,1981,22822814056.8921
OSS,NY.GDP.MKTP.CD,1980,24469509824.1164
OSS,NY.GDP.MKTP.CD,1979,16393627218.6452
OSS,NY.GDP.MKTP.CD,1978,12466371860.6462
OSS,NY.GDP.MKTP.CD,1977,10751088165.8708
OSS,NY.GDP.MKTP.CD,1976,8756552568.56476
OSS,NY.GDP.MKTP.CD,1975,7536675203.89725
OSS,NY.GDP.MKTP.CD,1974,
OSS,NY.GDP.MKTP.CD,1973,
OSS,NY.GDP.MKTP.CD,1972,
OSS,NY.GDP.MKTP.CD,1971,
OSS,NY.GDP.MKTP.CD,1970,
OSS,NY.GDP.MKTP.CD,1969,
OSS,NY.GDP.MKTP.CD,1968,
OSS,NY.GDP.MKTP.CD,1967,
OSS,NY.GDP.MKTP.CD,1966,
OSS,NY.GDP.MKTP.CD,1965,
OSS,NY.GDP.MKTP.CD,1964,
OSS,NY.GDP.MKTP.CD,1963,
OSS,NY.GDP.MKTP.CD,1962,
OSS,NY.GDP.MKTP.CD,1961,
OSS,NY.GDP.MKTP.CD,1960,
PSS,NY.GDP.MKTP.CD,2024,12124739862.5303
PSS,NY.GDP.MKTP.CD,2023,11224282183.2085
PSS,NY.GDP.MKTP.CD,2022,10350119919.8256
PSS,NY.GDP.MKTP.CD,2021,9453908127.9322
PSS,NY.GDP.MKTP.CD,2020,9323221713.12119
PSS,NY.GDP.MKTP.CD,2019,10624838178.1263
PSS,NY.GDP.MKTP.CD,2018,10796141328.2336
PSS,NY.GDP.MKTP.CD,2017,10290493043.4688
PSS,NY.GDP.MKTP.CD,2016,9556119494.38469
PSS,NY.GDP.MKTP.CD,2015,9105865614.90318
PSS,NY.GDP.MKTP.CD,2014,9287744622.48688
PSS,NY.GDP.MKTP.CD,2013,8541905877.81349
PSS,NY.GDP.MKTP.CD,2012,8215475282.96577
PSS,NY.GDP.MKTP.CD,2011,7750253720.19441
PSS,NY.GDP.MKTP.CD,2010,6641384396.17265
PSS,NY.GDP.MKTP.CD,2009,6037139996.77033
PSS,NY.GDP.MKTP.CD,2008,6698070453.1824
PSS,NY.GDP.MKTP.CD,2007,6254737579.62755
PSS,NY.GDP.MKTP.CD,2006,5676286530.76555
PSS,NY.GDP.MKTP.CD,2005,5408552591.61551
PSS,NY.GDP.MKTP.CD,2004,4871855227.66746
PSS,NY.GDP.MKTP.CD,2003,4235417103.89125
PSS,NY.GDP.MKTP.CD,2002,3551511825.22848
PSS,NY.GDP.MKTP.CD,2001,3387243161.85647
PSS,NY.GDP.MKTP.CD,2000,3444510978.45745
PSS,NY.GDP.MKTP.CD,1999,3741318814.04879
PSS,NY.GDP.MKTP.CD,1998,3430045708.53207
PSS,NY.GDP.MKTP.CD,1997,3979427587.98908
PSS,NY.GDP.MKTP.CD,1996,3969814413.00006
PSS,NY.GDP.MKTP.CD,1995,3704482553.04378
PSS,NY.GDP.MKTP.CD,1994,3414639447.83478
PSS,NY.GDP.MKTP.CD,1993,2916179026.94266
PSS,NY.GDP.MKTP.CD,1992,2776997611.93854
PSS,NY.GDP.MKTP.CD,1991,2529727432.96099
PSS,NY.GDP.MKTP.CD,1990,2385132399.14983
PSS,NY.GDP.MKTP.CD,1989,2132424514.70178
PSS,NY.GDP.MKTP.CD,1988,2046486236.29193
PSS,NY.GDP.MKTP.CD,1987,1986467977.58922
PSS,NY.GDP.MKTP.CD,1986,2030345446.65008
PSS,NY.GDP.MKTP.CD,1985,1862560930.08934
PSS,NY.GDP.MKTP.CD,1984,1938376709.25212
PSS,NY.GDP.MKTP.CD,1983,1843535002.96169
PSS,NY.GDP.MKTP.CD,1982,1925494376.45517
PSS,NY.GDP.MKTP.CD,1981,1955541041.41009
PSS,NY.GDP.MKTP.CD,1980,1890599862.17306
PSS,NY.GDP.MKTP.CD,1979,1652934748.58291
PSS,NY.GDP.MKTP.CD,1978,1371556833.26728
PSS,NY.GDP.MKTP.CD,1977,1196696800.8061
PSS,NY.GDP.MKTP.CD,1976,1137538860.09831
PSS,NY.GDP.MKTP.CD,1975,1136928461.97446
PSS,NY.GDP.MKTP.CD,1974,1027747649.55854
PSS,NY.GDP.MKTP.CD,1973,757316230.701195
PSS,NY.GDP.MKTP.CD,1972,565885771.690898
PSS,NY.GDP.MKTP.CD,1971,477298982.38294
PSS,NY.GDP.MKTP.CD,1970,423802353.214943
PSS,NY.GDP.MKTP.CD,1969,
PSS,NY.GDP.MKTP.CD,1968,
PSS,NY.GDP.MKTP.CD,1967,
PSS,NY.GDP.MKTP.CD,1966,
PSS,NY.GDP.MKTP.CD,1965,
PSS,NY.GDP.MKTP.CD,1964,
PSS,NY.GDP.MKTP.CD,1963,
PSS,NY.GDP.MKTP.CD,1962,
PSS,NY.GDP.MKTP.CD,1961,
PSS,NY.GDP.MKTP.CD,1960,
PST,NY.GDP.MKTP.CD,2024,62787810951925.4
PST,NY.GDP.MKTP.CD,2023,60342185357196.3
PST,NY.GDP.MKTP.CD,2022,56953387691844.6
PST,NY.GDP.MKTP.CD,2021,55667487544829.4
PST,NY.GDP.MKTP.CD,2020,49979090891717.8
PST,NY.GDP.MKTP.CD,2019,51107356012296.7
PST,NY.GDP.MKTP.CD,2018,50607464286251.2
PST,NY.GDP.MKTP.CD,2017,47734461117479.6
PST,NY.GDP.MKTP.CD,2016,45775578499373.8
PST,NY.GDP.MKTP.CD,2015,44767511150189.7
PST,NY.GDP.MKTP.CD,2014,47352271526907.4
PST,NY.GDP.MKTP.CD,2013,46413780180350.6
PST,NY.GDP.MKTP.CD,2012,45942497522573.0
PST,NY.GDP.MKTP.CD,2011,46024007727818.3
PST,NY.GDP.MKTP.CD,2010,42835110366846.5
PST,NY.GDP.MKTP.CD,2009,41066034459934.2
PST,NY.GDP.MKTP.CD,2008,43606905463177.5
PST,NY.GDP.MKTP.CD,2007,41169440746383.3
PST,NY.GDP.MKTP.CD,2006,37714121018548.2
PST,NY.GDP.MKTP.CD,2005,35832108742171.1
PST,NY.GDP.MKTP.CD,2004,34039699724658.1
PST,NY.GDP.MKTP.CD,2003,30628727069752.9
PST,NY.GDP.MKTP.CD,2002,27313364825215.2
PST,NY.GDP.MKTP.CD,2001,26184037125663.6
PST,NY.GDP.MKTP.CD,2000,26438505722462.0
PST,NY.GDP.MKTP.CD,1999,25979732809251.5
PST,NY.GDP.MKTP.CD,1998,24729604929999.5
PST,NY.GDP.MKTP.CD,1997,24632009706644.9
PST,NY.GDP.MKTP.CD,1996,25123705138852.3
PST,NY.GDP.MKTP.CD,1995,25003710577480.3
PST,NY.GDP.MKTP.CD,1994,22531939069611.8
PST,NY.GDP.MKTP.CD,1993,21035284641458.5
PST,NY.GDP.MKTP.CD,1992,20883380153099.0
PST,NY.GDP.MKTP.CD,1991,19463679791716.5
PST,NY.GDP.MKTP.CD,1990,18452271061071.4
PST,NY.GDP.MKTP.CD,1989,16446952584907.3
PST,NY.GDP.MKTP.CD,1988,15749021455055.1
PST,NY.GDP.MKTP.CD,1987,13979579930866.8
PST,NY.GDP.MKTP.CD,1986,12057445738906.0
PST,NY.GDP.MKTP.CD,1985,9862682650638.4
PST,NY.GDP.MKTP.CD,1984,9367677548893.54
PST,NY.GDP.MKTP.CD,1983,8965479265577.29
PST,NY.GDP.MKTP.CD,1982,8639011117249.75
PST,NY.GDP.MKTP.CD,1981,8678485277522.67
PST,NY.GDP.MKTP.CD,1980,8579077346423.67
PST,NY.GDP.MKTP.CD,1979,7752803275148.3
PST,NY.GDP.MKTP.CD,1978,6747119823317.63
PST,NY.GDP.MKTP.CD,1977,5600985628552.04
PST,NY.GDP.MKTP.CD,1976,4956423785910.19
PST,NY.GDP.MKTP.CD,1975,4568901659447.26
PST,NY.GDP.MKTP.CD,1974,4076836031233.58
PST,NY.GDP.MKTP.CD,1973,3649031565778.62
PST,NY.GDP.MKTP.CD,1972,3017210744666.43
PST,NY.GDP.MKTP.CD,1971,2598629201643.57
PST,NY.GDP.MKTP.CD,1970,2340980541390.24
PST,NY.GDP.MKTP.CD,1969,2133714911578.0
PST,NY.GDP.MKTP.CD,1968,1936814609946.53
PST,NY.GDP.MKTP.CD,1967,1785813539500.6
PST,NY.GDP.MKTP.CD,1966,1671049000687.52
PST,NY.GDP.MKTP.CD,1965,1527388165094.78
PST,NY.GDP.MKTP.CD,1964,1404569277544.68
PST,NY.GDP.MKTP.CD,1963,1285602367385.2
PST,NY.GDP.MKTP.CD,1962,1194893901950.17
PST,NY.GDP.MKTP.CD,1961,1104529743893.63
PST,NY.GDP.MKTP.CD,1960,1036846404629.66
PRE,NY.GDP.MKTP.CD,2024,1510802883684.15
PRE,NY.GDP.MKTP.CD,2023,1680243373294.08
PRE,NY.GDP.MKTP.CD,2022,1860790512304.23
PRE,NY.GDP.MKTP.CD,2021,1633932588860.86
PRE,NY.GDP.MKTP.CD,2020,1494279104787.47
PRE,NY.GDP.MKTP.CD,2019,1634625884352.83
PRE,NY.GDP.MKTP.CD,2018,1372023278046.38
PRE,NY.GDP.MKTP.CD,2017,1232604777297.1
PRE,NY.GDP.MKTP.CD,2016,1178803226989.3
PRE,NY.GDP.MKTP.CD,2015,1327634282632.05
PRE,NY.GDP.MKTP.CD,2014,1564245572947.51
PRE,NY.GDP.MKTP.CD,2013,1476563371928.87
PRE,NY.GDP.MKTP.CD,2012,1346198740218.36
PRE,NY.GDP.MKTP.CD,2011,1236913791144.92
PRE,NY.GDP.MKTP.CD,2010,1069026110406.58
PRE,NY.GDP.MKTP.CD,2009,914568494564.064
PRE,NY.GDP.MKTP.CD,2008,1008759607190.09
PRE,NY.GDP.MKTP.CD,2007,808147234929.241
PRE,NY.GDP.MKTP.CD,2006,668501035363.556
PRE,NY.GDP.MKTP.CD,2005,531122307123.826
PRE,NY.GDP.MKTP.CD,2004,424234077207.758
PRE,NY.GDP.MKTP.CD,2003,340468658786.46
PRE,NY.GDP.MKTP.CD,2002,312135025038.798
PRE,NY.GDP.MKTP.CD,2001,269595630716.128
PRE,NY.GDP.MKTP.CD,2000,283217741794.775
PRE,NY.GDP.MKTP.CD,1999,245465540938.205
PRE,NY.GDP.MKTP.CD,1998,394007939421.585
PRE,NY.GDP.MKTP.CD,1997,372342820435.896
PRE,NY.GDP.MKTP.CD,1996,339779202888.647
PRE,NY.GDP.MKTP.CD,1995,280321612128.049
PRE,NY.GDP.MKTP.CD,1994,190512119843.584
PRE,NY.GDP.MKTP.CD,1993,182710500408.317
PRE,NY.GDP.MKTP.CD,1992,174864985460.978
PRE,NY.GDP.MKTP.CD,1991,224731322067.623
PRE,NY.GDP.MKTP.CD,1990,397040693432.334
PRE,NY.GDP.MKTP.CD,1989,244959218939.251
PRE,NY.GDP.MKTP.CD,1988,242238712774.19
PRE,NY.GDP.MKTP.CD,1987,231283902157.624
PRE,NY.GDP.MKTP.CD,1986,214950800439.871
PRE,NY.GDP.MKTP.CD,1985,247847811937.892
PRE,NY.GDP.MKTP.CD,1984,238957760966.535
PRE,NY.GDP.MKTP.CD,1983,255682160761.94
PRE,NY.GDP.MKTP.CD,1982,308202776425.61
PRE,NY.GDP.MKTP.CD,1981,325165387007.184
PRE,NY.GDP.MKTP.CD,1980,238216835061.511
PRE,NY.GDP.MKTP.CD,1979,192716721393.739
PRE,NY.GDP.MKTP.CD,1978,156118418497.117
PRE,NY.GDP.MKTP.CD,1977,137554858322.704
PRE,NY.GDP.MKTP.CD,1976,124631310797.181
PRE,NY.GDP.MKTP.CD,1975,106608000583.933
PRE,NY.GDP.MKTP.CD,1974,93597653615.5403
PRE,NY.GDP.MKTP.CD,1973,67902484335.6977
PRE,NY.GDP.MKTP.CD,1972,55102867455.9048
PRE,NY.GDP.MKTP.CD,1971,46895053548.2553
PRE,NY.GDP.MKTP.CD,1970,47414033706.8638
PRE,NY.GDP.MKTP.CD,1969,42086630830.7288
PRE,NY.GDP.MKTP.CD,1968,37417938617.9708
PRE,NY.GDP.MKTP.CD,1967,34694458407.6408
PRE,NY.GDP.MKTP.CD,1966,36463686475.7909
PRE,NY.GDP.MKTP.CD,1965,33350877902.1596
PRE,NY.GDP.MKTP.CD,1964,30268695831.8966
PRE,NY.GDP.MKTP.CD,1963,31983402735.2397
PRE,NY.GDP.MKTP.CD,1962,27666238152.2476
PRE,NY.GDP.MKTP.CD,1961,25256725916.296
PRE,NY.GDP.MKTP.CD,1960,24364156193.7113
SST,NY.GDP.MKTP.CD,2024,310642066645.912
SST,NY.GDP.MKTP.CD,2023,287374900231.333
SST,NY.GDP.MKTP.CD,2022,270716089069.618
SST,NY.GDP.MKTP.CD,2021,244179271151.622
SST,NY.GDP.MKTP.CD,2020,208801767982.779
SST,NY.GDP.MKTP.CD,2019,231340439109.049
SST,NY.GDP.MKTP.CD,2018,230122099257.831
SST,NY.GDP.MKTP.CD,2017,213265208434.292
SST,NY.GDP.MKTP.CD,2016,195788612860.018
SST,NY.GDP.MKTP.CD,2015,193084726298.623
SST,NY.GDP.MKTP.CD,2014,208778333966.54
SST,NY.GDP.MKTP.CD,2013,201575895178.586
SST,NY.GDP.MKTP.CD,2012,194403769997.088
SST,NY.GDP.MKTP.CD,2011,193342538945.381
SST,NY.GDP.MKTP.CD,2010,172475687383.485
SST,NY.GDP.MKTP.CD,2009,161751590927.921
SST,NY.GDP.MKTP.CD,2008,189079229226.136
SST,NY.GDP.MKTP.CD,2007,171435251383.783
SST,NY.GDP.MKTP.CD,2006,145908217635.493
SST,NY.GDP.MKTP.CD,2005,129916963352.679
SST,NY.GDP.MKTP.CD,2004,115416643927.911
SST,NY.GDP.MKTP.CD,2003,99643830272.9925
SST,NY.GDP.MKTP.CD,2002,83414441022.0863
SST,NY.GDP.MKTP.CD,2001,77518242612.0485
SST,NY.GDP.MKTP.CD,2000,76518051457.6032
SST,NY.GDP.MKTP.CD,1999,74261596905.1335
SST,NY.GDP.MKTP.CD,1998,70249508111.482
SST,NY.GDP.MKTP.CD,1997,69056214799.1137
SST,NY.GDP.MKTP.CD,1996,65815856152.0208
SST,NY.GDP.MKTP.CD,1995,63080936166.0932
SST,NY.GDP.MKTP.CD,1994,55018329444.2459
SST,NY.GDP.MKTP.CD,1993,51480858164.92
SST,NY.GDP.MKTP.CD,1992,53255036349.1124
SST,NY.GDP.MKTP.CD,1991,50019032461.1219
SST,NY.GDP.MKTP.CD,1990,47935378887.4125
SST,NY.GDP.MKTP.CD,1989,41503137701.7546
SST,NY.GDP.MKTP.CD,1988,41025318187.7448
SST,NY.GDP.MKTP.CD,1987,38725831003.4827
SST,NY.GDP.MKTP.CD,1986,33618097085.1792
SST,NY.GDP.MKTP.CD,1985,35762826951.8669
SST,NY.GDP.MKTP.CD,1984,36203727886.2459
SST,NY.GDP.MKTP.CD,1983,35757123310.337
SST,NY.GDP.MKTP.CD,1982,37651257006.2404
SST,NY.GDP.MKTP.CD,1981,37080220827.7548
SST,NY.GDP.MKTP.CD,1980,37297800330.139
SST,NY.GDP.MKTP.CD,1979,26701110584.4908
SST,NY.GDP.MKTP.CD,1978,20865461498.785
SST,NY.GDP.MKTP.CD,1977,18115910570.48
SST,NY.GDP.MKTP.CD,1976,15045613015.0093
SST,NY.GDP.MKTP.CD,1975,13756779384.6945
SST,NY.GDP.MKTP.CD,1974,12697499906.2905
SST,NY.GDP.MKTP.CD,1973,7975691955.17513
SST,NY.GDP.MKTP.CD,1972,6351288900.72299
SST,NY.GDP.MKTP.CD,1971,5468619820.37255
SST,NY.GDP.MKTP.CD,1970,4890889496.96034
SST,NY.GDP.MKTP.CD,1969,
SST,NY.GDP.MKTP.CD,1968,
SST,NY.GDP.MKTP.CD,1967,
SST,NY.GDP.MKTP.CD,1966,
SST,NY.GDP.MKTP.CD,1965,
SST,NY.GDP.MKTP.CD,1964,
SST,NY.GDP.MKTP.CD,1963,
SST,NY.GDP.MKTP.CD,1962,
SST,NY.GDP.MKTP.CD,1961,
SST,NY.GDP.MKTP.CD,1960,
SAS,NY.GDP.MKTP.CD,2024,4512296631866.31
SAS,NY.GDP.MKTP.CD,2023,4210302249458.65
SAS,NY.GDP.MKTP.CD,2022,3930640287773.46
SAS,NY.GDP.MKTP.CD,2021,3717045071833.11
SAS,NY.GDP.MKTP.CD,2020,3172770463749.49
SAS,NY.GDP.MKTP.CD,2019,3318484576527.33
SAS,NY.GDP.MKTP.CD,2018,3159841615195.07
SAS,NY.GDP.MKTP.CD,2017,3075955432871.73
SAS,NY.GDP.MKTP.CD,2016,2679313169377.96
SAS,NY.GDP.MKTP.CD,2015,2414503392484.38
SAS,NY.GDP.MKTP.CD,2014,2323062261530.8
SAS,NY.GDP.MKTP.CD,2013,2111097579998.97
SAS,NY.GDP.MKTP.CD,2012,2057958207279.98
SAS,NY.GDP.MKTP.CD,2011,2045738549420.96
SAS,NY.GDP.MKTP.CD,2010,1869826822189.78
SAS,NY.GDP.MKTP.CD,2009,1502961023415.75
SAS,NY.GDP.MKTP.CD,2008,1347380565219.4
SAS,NY.GDP.MKTP.CD,2007,1342148092012.26
SAS,NY.GDP.MKTP.CD,2006,1051884831127.45
SAS,NY.GDP.MKTP.CD,2005,924419567611.272
SAS,NY.GDP.MKTP.CD,2004,804159915389.764
SAS,NY.GDP.MKTP.CD,2003,694775911444.331
SAS,NY.GDP.MKTP.CD,2002,593707009776.721
SAS,NY.GDP.MKTP.CD,2001,562554379798.02
SAS,NY.GDP.MKTP.CD,2000,544940514563.357
SAS,NY.GDP.MKTP.CD,1999,531825749349.825
SAS,NY.GDP.MKTP.CD,1998,492856423475.407
SAS,NY.GDP.MKTP.CD,1997,484982931205.649
SAS,NY.GDP.MKTP.CD,1996,458508459742.388
SAS,NY.GDP.MKTP.CD,1995,416341940329.578
SAS,NY.GDP.MKTP.CD,1994,377442853701.433
SAS,NY.GDP.MKTP.CD,1993,327009281232.946
SAS,NY.GDP.MKTP.CD,1992,333546277429.535
SAS,NY.GDP.MKTP.CD,1991,314469355543.217
SAS,NY.GDP.MKTP.CD,1990,364740287587.944
SAS,NY.GDP.MKTP.CD,1989,335790574664.33
SAS,NY.GDP.MKTP.CD,1988,334074870363.848
SAS,NY.GDP.MKTP.CD,1987,313355004645.126
SAS,NY.GDP.MKTP.CD,1986,280349120351.568
SAS,NY.GDP.MKTP.CD,1985,263678832418.149
SAS,NY.GDP.MKTP.CD,1984,239973094448.251
SAS,NY.GDP.MKTP.CD,1983,243700817417.399
SAS,NY.GDP.MKTP.CD,1982,226594563448.698
SAS,NY.GDP.MKTP.CD,1981,220616445555.575
SAS,NY.GDP.MKTP.CD,1980,210608299657.661
SAS,NY.GDP.MKTP.CD,1979,173920685619.916
SAS,NY.GDP.MKTP.CD,1978,155039888662.564
SAS,NY.GDP.MKTP.CD,1977,136743438548.561
SAS,NY.GDP.MKTP.CD,1976,117988534885.073
SAS,NY.GDP.MKTP.CD,1975,123400629130.854
SAS,NY.GDP.MKTP.CD,1974,116963620422.229
SAS,NY.GDP.MKTP.CD,1973,97561887957.808
SAS,NY.GDP.MKTP.CD,1972,81426298286.7554
SAS,NY.GDP.MKTP.CD,1971,79443177465.6174
SAS,NY.GDP.MKTP.CD,1970,74658791269.593
SAS,NY.GDP.MKTP.CD,1969,69748993757.947
SAS,NY.GDP.MKTP.CD,1968,63211416560.9717
SAS,NY.GDP.MKTP.CD,1967,60155334542.349
SAS,NY.GDP.MKTP.CD,1966,54738691616.6907
SAS,NY.GDP.MKTP.CD,1965,67970199332.8318
SAS,NY.GDP.MKTP.CD,1964,63741466508.7532
SAS,NY.GDP.MKTP.CD,1963,55539363101.615
SAS,NY.GDP.MKTP.CD,1962,49304727903.0606
SAS,NY.GDP.MKTP.CD,1961,46076379864.3708
SAS,NY.GDP.MKTP.CD,1960,43270012739.1649
TSA,NY.GDP.MKTP.CD,2024,4512296631866.31
TSA,NY.GDP.MKTP.CD,2023,4210302249458.65
TSA,NY.GDP.MKTP.CD,2022,3930640287773.46
TSA,NY.GDP.MKTP.CD,2021,3717045071833.11
TSA,NY.GDP.MKTP.CD,2020,3172770463749.49
TSA,NY.GDP.MKTP.CD,2019,3318484576527.33
TSA,NY.GDP.MKTP.CD,2018,3159841615195.07
TSA,NY.GDP.MKTP.CD,2017,3075955432871.73
TSA,NY.GDP.MKTP.CD,2016,2679313169377.96
TSA,NY.GDP.MKTP.CD,2015,2414503392484.38
TSA,NY.GDP.MKTP.CD,2014,2323062261530.8
TSA,NY.GDP.MKTP.CD,2013,2111097579998.97
TSA,NY.GDP.MKTP.CD,2012,2057958207279.98
TSA,NY.GDP.MKTP.CD,2011,2045738549420.96
TSA,NY.GDP.MKTP.CD,2010,1869826822189.78
TSA,NY.GDP.MKTP.CD,2009,1502961023415.75
TSA,NY.GDP.MKTP.CD,2008,1347380565219.4
TSA,NY.GDP.MKTP.CD,2007,1342148092012.26
TSA,NY.GDP.MKTP.CD,2006,1051884831127.45
TSA,NY.GDP.MKTP.CD,2005,924419567611.272
TSA,NY.GDP.MKTP.CD,2004,804159915389.764
TSA,NY.GDP.MKTP.CD,2003,694775911444.331
TSA,NY.GDP.MKTP.CD,2002,593707009776.721
TSA,NY.GDP.MKTP.CD,2001,562554379798.02
TSA,NY.GDP.MKTP.CD,2000,544940514563.357
TSA,NY.GDP.MKTP.CD,1999,531825749349.825
TSA,NY.GDP.MKTP.CD,1998,492856423475.407
TSA,NY.GDP.MKTP.CD,1997,484982931205.649
TSA,NY.GDP.MKTP.CD,1996,458508459742.388
TSA,NY.GDP.MKTP.CD,1995,416341940329.578
TSA,NY.GDP.MKTP.CD,1994,377442853701.433
TSA,NY.GDP.MKTP.CD,1993,327009281232.946
TSA,NY.GDP.MKTP.CD,1992,333546277429.535
TSA,NY.GDP.MKTP.CD,1991,314469355543.217
TSA,NY.GDP.MKTP.CD,1990,364740287587.944
TSA,NY.GDP.MKTP.CD,1989,335790574664.33
TSA,NY.GDP.MKTP.CD,1988,334074870363.848
TSA,NY.GDP.MKTP.CD,1987,313355004645.126
TSA,NY.GDP.MKTP.CD,1986,280349120351.568
TSA,NY.GDP.MKTP.CD,1985,263678832418.149
TSA,NY.GDP.MKTP.CD,1984,239973094448.251
TSA,NY.GDP.MKTP.CD,1983,243700817417.399
TSA,NY.GDP.MKTP.CD,1982,226594563448.698
TSA,NY.GDP.MKTP.CD,1981,220616445555.575
TSA,NY.GDP.MKTP.CD,1980,210608299657.661
TSA,NY.GDP.MKTP.CD,1979,173920685619.916
TSA,NY.GDP.MKTP.CD,1978,155039888662.564
TSA,NY.GDP.MKTP.CD,1977,136743438548.561
TSA,NY.GDP.MKTP.CD,1976,117988534885.073
TSA,NY.GDP.MKTP.CD,1975,123400629130.854
TSA,NY.GDP.MKTP.CD,1974,116963620422.229
TSA,NY.GDP.MKTP.CD,1973,97561887957.808
TSA,NY.GDP.MKTP.CD,1972,81426298286.7554
TSA,NY.GDP.MKTP.CD,1971,79443177465.6174
TSA,NY.GDP.MKTP.CD,1970,74658791269.593
TSA,NY.GDP.MKTP.CD,1969,69748993757.947
TSA,NY.GDP.MKTP.CD,1968,63211416560.9717
TSA,NY.GDP.MKTP.CD,1967,60155334542.349
TSA,NY.GDP.MKTP.CD,1966,54738691616.6907
TSA,NY.GDP.MKTP.CD,1965,67970199332.8318
TSA,NY.GDP.MKTP.CD,1964,63741466508.7532
TSA,NY.GDP.MKTP.CD,1963,55539363101.615
TSA,NY.GDP.MKTP.CD,1962,49304727903.0606
TSA,NY.GDP.MKTP.CD,1961,46076379864.3708
TSA,NY.GDP.MKTP.CD,1960,43270012739.1649
SSF,NY.GDP.MKTP.CD,2024,1979078503991.37
SSF,NY.GDP.MKTP.CD,2023,2117597425394.65
SSF,NY.GDP.MKTP.CD,2022,2292617010267.0
SSF,NY.GDP.MKTP.CD,2021,2140795804040.0
SSF,NY.GDP.MKTP.CD,2020,1902392262699.06
SSF,NY.GDP.MKTP.CD,2019,2045711007848.14
SSF,NY.GDP.MKTP.CD,2018,1798796101321.48
SSF,NY.GDP.MKTP.CD,2017,1672127811803.69
SSF,NY.GDP.MKTP.CD,2016,1531896244777.67
SSF,NY.GDP.MKTP.CD,2015,1688024093175.49
SSF,NY.GDP.MKTP.CD,2014,1902908083279.38
SSF,NY.GDP.MKTP.CD,2013,1825489288568.26
SSF,NY.GDP.MKTP.CD,2012,1717295733292.83
SSF,NY.GDP.MKTP.CD,2011,1650955876097.19
SSF,NY.GDP.MKTP.CD,2010,1469616438039.84
SSF,NY.GDP.MKTP.CD,2009,1241958752180.26
SSF,NY.GDP.MKTP.CD,2008,1301030210080.85
SSF,NY.GDP.MKTP.CD,2007,1145239979455.74
SSF,NY.GDP.MKTP.CD,2006,988873289522.059
SSF,NY.GDP.MKTP.CD,2005,836993712579.377
SSF,NY.GDP.MKTP.CD,2004,702843204651.659
SSF,NY.GDP.MKTP.CD,2003,565919936760.318
SSF,NY.GDP.MKTP.CD,2002,449500894158.767
SSF,NY.GDP.MKTP.CD,2001,410936270042.78
SSF,NY.GDP.MKTP.CD,2000,428788505804.802
SSF,NY.GDP.MKTP.CD,1999,404651773356.155
SSF,NY.GDP.MKTP.CD,1998,566816017701.65
SSF,NY.GDP.MKTP.CD,1997,565282701495.442
SSF,NY.GDP.MKTP.CD,1996,537529901697.435
SSF,NY.GDP.MKTP.CD,1995,481078758906.208
SSF,NY.GDP.MKTP.CD,1994,378181617912.501
SSF,NY.GDP.MKTP.CD,1993,369858486527.505
SSF,NY.GDP.MKTP.CD,1992,365899311503.049
SSF,NY.GDP.MKTP.CD,1991,406697201565.697
SSF,NY.GDP.MKTP.CD,1990,379792150457.814
SSF,NY.GDP.MKTP.CD,1989,324390129475.55
SSF,NY.GDP.MKTP.CD,1988,318689570071.268
SSF,NY.GDP.MKTP.CD,1987,302632023546.226
SSF,NY.GDP.MKTP.CD,1986,270239968939.1
SSF,NY.GDP.MKTP.CD,1985,288309829782.491
SSF,NY.GDP.MKTP.CD,1984,301936206027.115
SSF,NY.GDP.MKTP.CD,1983,337927843621.059
SSF,NY.GDP.MKTP.CD,1982,376485492802.867
SSF,NY.GDP.MKTP.CD,1981,404964037903.535
SSF,NY.GDP.MKTP.CD,1980,300099132923.764
SSF,NY.GDP.MKTP.CD,1979,238924186293.265
SSF,NY.GDP.MKTP.CD,1978,202653018739.213
SSF,NY.GDP.MKTP.CD,1977,180959309200.527
SSF,NY.GDP.MKTP.CD,1976,164674481161.533
SSF,NY.GDP.MKTP.CD,1975,152220676931.201
SSF,NY.GDP.MKTP.CD,1974,138641757472.571
SSF,NY.GDP.MKTP.CD,1973,109279758227.601
SSF,NY.GDP.MKTP.CD,1972,85727757471.5518
SSF,NY.GDP.MKTP.CD,1971,76078810558.0095
SSF,NY.GDP.MKTP.CD,1970,73998855803.6159
SSF,NY.GDP.MKTP.CD,1969,66258274672.141
SSF,NY.GDP.MKTP.CD,1968,58686298467.8433
SSF,NY.GDP.MKTP.CD,1967,54842900794.1516
SSF,NY.GDP.MKTP.CD,1966,54780137858.9382
SSF,NY.GDP.MKTP.CD,1965,50543636348.1424
SSF,NY.GDP.MKTP.CD,1964,45891005945.7252
SSF,NY.GDP.MKTP.CD,1963,46127211026.2209
SSF,NY.GDP.MKTP.CD,1962,40553510689.9697
SSF,NY.GDP.MKTP.CD,1961,37521652879.664
SSF,NY.GDP.MKTP.CD,1960,35992821734.5306
SSA,NY.GDP.MKTP.CD,2024,1827170966475.93
SSA,NY.GDP.MKTP.CD,2023,1979535952437.49
SSA,NY.GDP.MKTP.CD,2022,2167458359012.26
SSA,NY.GDP.MKTP.CD,2021,2030237669873.33
SSA,NY.GDP.MKTP.CD,2020,1802332899886.09
SSA,NY.GDP.MKTP.CD,2019,1952007800638.78
SSA,NY.GDP.MKTP.CD,2018,1713673886322.74
SSA,NY.GDP.MKTP.CD,2017,1594086359396.0
SSA,NY.GDP.MKTP.CD,2016,1461851860219.92
SSA,NY.GDP.MKTP.CD,2015,1624488271641.54
SSA,NY.GDP.MKTP.CD,2014,1845908277175.78
SSA,NY.GDP.MKTP.CD,2013,1776507851555.87
SSA,NY.GDP.MKTP.CD,2012,1672895604039.55
SSA,NY.GDP.MKTP.CD,2011,1617944194300.6
SSA,NY.GDP.MKTP.CD,2010,1438701031163.17
SSA,NY.GDP.MKTP.CD,2009,1208670461443.79
SSA,NY.GDP.MKTP.CD,2008,1272983700051.33
SSA,NY.GDP.MKTP.CD,2007,1124500296270.51
SSA,NY.GDP.MKTP.CD,2006,972568420377.406
SSA,NY.GDP.MKTP.CD,2005,823668736698.489
SSA,NY.GDP.MKTP.CD,2004,691866842946.747
SSA,NY.GDP.MKTP.CD,2003,556578144172.593
SSA,NY.GDP.MKTP.CD,2002,440920665484.332
SSA,NY.GDP.MKTP.CD,2001,402042476808.84
SSA,NY.GDP.MKTP.CD,2000,419895964737.483
SSA,NY.GDP.MKTP.CD,1999,396097900741.092
SSA,NY.GDP.MKTP.CD,1998,558196701845.345
SSA,NY.GDP.MKTP.CD,1997,555912457054.065
SSA,NY.GDP.MKTP.CD,1996,528259992823.415
SSA,NY.GDP.MKTP.CD,1995,472705710256.858
SSA,NY.GDP.MKTP.CD,1994,370569432423.275
SSA,NY.GDP.MKTP.CD,1993,360284872802.794
SSA,NY.GDP.MKTP.CD,1992,354644522439.247
SSA,NY.GDP.MKTP.CD,1991,392433758461.799
SSA,NY.GDP.MKTP.CD,1990,366869004676.562
SSA,NY.GDP.MKTP.CD,1989,312233096692.86
SSA,NY.GDP.MKTP.CD,1988,307146992487.513
SSA,NY.GDP.MKTP.CD,1987,291516844626.973
SSA,NY.GDP.MKTP.CD,1986,259860678475.735
SSA,NY.GDP.MKTP.CD,1985,278370318090.919
SSA,NY.GDP.MKTP.CD,1984,293476584886.74
SSA,NY.GDP.MKTP.CD,1983,329001992004.169
SSA,NY.GDP.MKTP.CD,1982,368485556389.439
SSA,NY.GDP.MKTP.CD,1981,397377260074.552
SSA,NY.GDP.MKTP.CD,1980,292958117852.207
SSA,NY.GDP.MKTP.CD,1979,232170668171.039
SSA,NY.GDP.MKTP.CD,1978,196493025593.933
SSA,NY.GDP.MKTP.CD,1977,175173038310.068
SSA,NY.GDP.MKTP.CD,1976,159630685143.871
SSA,NY.GDP.MKTP.CD,1975,147548370828.576
SSA,NY.GDP.MKTP.CD,1974,133952983378.261
SSA,NY.GDP.MKTP.CD,1973,105089589307.761
SSA,NY.GDP.MKTP.CD,1972,82091677366.153
SSA,NY.GDP.MKTP.CD,1971,72751099713.7149
SSA,NY.GDP.MKTP.CD,1970,70861621389.9775
SSA,NY.GDP.MKTP.CD,1969,63402019319.4765
SSA,NY.GDP.MKTP.CD,1968,55967306233.5136
SSA,NY.GDP.MKTP.CD,1967,52285172402.5817
SSA,NY.GDP.MKTP.CD,1966,52377020048.4815
SSA,NY.GDP.MKTP.CD,1965,48308630395.0889
SSA,NY.GDP.MKTP.CD,1964,43834461490.6896
SSA,NY.GDP.MKTP.CD,1963,44252709650.7441
SSA,NY.GDP.MKTP.CD,1962,38743773907.0813
SSA,NY.GDP.MKTP.CD,1961,35775152382.1851
SSA,NY.GDP.MKTP.CD,1960,34318581554.5825
TSS,NY.GDP.MKTP.CD,2024,1979078503991.37
TSS,NY.GDP.MKTP.CD,2023,2117597425394.64
TSS,NY.GDP.MKTP.CD,2022,2292617010267.0
TSS,NY.GDP.MKTP.CD,2021,2140795804040.0
TSS,NY.GDP.MKTP.CD,2020,1902392262699.06
TSS,NY.GDP.MKTP.CD,2019,2045711007848.14
TSS,NY.GDP.MKTP.CD,2018,1798796101321.48
TSS,NY.GDP.MKTP.CD,2017,1672127811803.69
TSS,NY.GDP.MKTP.CD,2016,1531896244777.67
TSS,NY.GDP.MKTP.CD,2015,1688024093175.49
TSS,NY.GDP.MKTP.CD,2014,1902908083279.38
TSS,NY.GDP.MKTP.CD,2013,1825489288568.26
TSS,NY.GDP.MKTP.CD,2012,1717295733292.83
TSS,NY.GDP.MKTP.CD,2011,1650955876097.19
TSS,NY.GDP.MKTP.CD,2010,1469616438039.84
TSS,NY.GDP.MKTP.CD,2009,1241958752180.26
TSS,NY.GDP.MKTP.CD,2008,1301030210080.85
TSS,NY.GDP.MKTP.CD,2007,1145239979455.74
TSS,NY.GDP.MKTP.CD,2006,988873289522.059
TSS,NY.GDP.MKTP.CD,2005,836993712579.377
TSS,NY.GDP.MKTP.CD,2004,702843204651.66
TSS,NY.GDP.MKTP.CD,2003,565919936760.318
TSS,NY.GDP.MKTP.CD,2002,449500894158.767
TSS,NY.GDP.MKTP.CD,2001,410936270042.78
TSS,NY.GDP.MKTP.CD,2000,428788505804.802
TSS,NY.GDP.MKTP.CD,1999,404651773356.155
TSS,NY.GDP.MKTP.CD,1998,566816017701.65
TSS,NY.GDP.MKTP.CD,1997,565282701495.442
TSS,NY.GDP.MKTP.CD,1996,537529901697.435
TSS,NY.GDP.MKTP.CD,1995,481078758906.208
TSS,NY.GDP.MKTP.CD,1994,378181617912.501
TSS,NY.GDP.MKTP.CD,1993,369858486527.505
TSS,NY.GDP.MKTP.CD,1992,365899311503.049
TSS,NY.GDP.MKTP.CD,1991,406697201565.697
TSS,NY.GDP.MKTP.CD,1990,379792150457.814
TSS,NY.GDP.MKTP.CD,1989,324390129475.55
TSS,NY.GDP.MKTP.CD,1988,318689570071.268
TSS,NY.GDP.MKTP.CD,1987,302632023546.226
TSS,NY.GDP.MKTP.CD,1986,270239968939.1
TSS,NY.GDP.MKTP.CD,1985,288309829782.492
TSS,NY.GDP.MKTP.CD,1984,301936206027.115
TSS,NY.GDP.MKTP.CD,1983,337927843621.059
TSS,NY.GDP.MKTP.CD,1982,376485492802.867
TSS,NY.GDP.MKTP.CD,1981,404964037903.535
TSS,NY.GDP.MKTP.CD,1980,300099132923.764
TSS,NY.GDP.MKTP.CD,1979,238924186293.265
TSS,NY.GDP.MKTP.CD,1978,202653018739.213
TSS,NY.GDP.MKTP.CD,1977,180959309200.527
TSS,NY.GDP.MKTP.CD,1976,164674481161.533
TSS,NY.GDP.MKTP.CD,1975,152220676931.201
TSS,NY.GDP.MKTP.CD,1974,138641757472.572
TSS,NY.GDP.MKTP.CD,1973,109279758227.601
TSS,NY.GDP.MKTP.CD,1972,85727757471.5518
TSS,NY.GDP.MKTP.CD,1971,76078810558.0095
TSS,NY.GDP.MKTP.CD,1970,73998855803.616
TSS,NY.GDP.MKTP.CD,1969,66258274672.1411
TSS,NY.GDP.MKTP.CD,1968,58686298467.8433
TSS,NY.GDP.MKTP.CD,1967,54842900794.1516
TSS,NY.GDP.MKTP.CD,1966,54780137858.9382
TSS,NY.GDP.MKTP.CD,1965,50543636348.1424
TSS,NY.GDP.MKTP.CD,1964,45891005945.7252
TSS,NY.GDP.MKTP.CD,1963,46127211026.221
TSS,NY.GDP.MKTP.CD,1962,40553510689.9697
TSS,NY.GDP.MKTP.CD,1961,37521652879.6641
TSS,NY.GDP.MKTP.CD,1960,35992821734.5306
,NY.GDP.MKTP.CD,2024,30986054597959.2
,NY.GDP.MKTP.CD,2023,29939274216922.3
,NY.GDP.MKTP.CD,2022,28940725480186.1
,NY.GDP.MKTP.CD,2021,27732726329893.6
,NY.GDP.MKTP.CD,2020,23243062185366.1
,NY.GDP.MKTP.CD,2019,23981611801327.3
,NY.GDP.MKTP.CD,2018,23578896359333.1
,NY.GDP.MKTP.CD,2017,22024556422932.4
,NY.GDP.MKTP.CD,2016,20085178332818.9
,NY.GDP.MKTP.CD,2015,19986614322858.2
,NY.GDP.MKTP.CD,2014,20735117855997.0
,NY.GDP.MKTP.CD,2013,19960355834404.7
,NY.GDP.MKTP.CD,2012,18765402050802.8
,NY.GDP.MKTP.CD,2011,17574300130715.1
,NY.GDP.MKTP.CD,2010,14696874253221.1
,NY.GDP.MKTP.CD,2009,12026144793149.3
,NY.GDP.MKTP.CD,2008,12105099178344.4
,NY.GDP.MKTP.CD,2007,10005758018034.1
,NY.GDP.MKTP.CD,2006,8134238729409.14
,NY.GDP.MKTP.CD,2005,6895044898247.15
,NY.GDP.MKTP.CD,2004,5800084346153.38
,NY.GDP.MKTP.CD,2003,4915357805340.9
,NY.GDP.MKTP.CD,2002,4407934527692.62
,NY.GDP.MKTP.CD,2001,4372459590357.57
,NY.GDP.MKTP.CD,2000,4367611839180.12
,NY.GDP.MKTP.CD,1999,3994091236934.55
,NY.GDP.MKTP.CD,1998,4101561215023.74
,NY.GDP.MKTP.CD,1997,4227484958565.25
,NY.GDP.MKTP.CD,1996,3969358593677.36
,NY.GDP.MKTP.CD,1995,3590452706934.99
,NY.GDP.MKTP.CD,1994,3100243695676.27
,NY.GDP.MKTP.CD,1993,2752581405019.5
,NY.GDP.MKTP.CD,1992,2496848264610.53
,NY.GDP.MKTP.CD,1991,2335833216231.81
,NY.GDP.MKTP.CD,1990,2410286900177.05
,NY.GDP.MKTP.CD,1989,2065897165340.6
,NY.GDP.MKTP.CD,1988,1866029448988.16
,NY.GDP.MKTP.CD,1987,1727133135624.12
,NY.GDP.MKTP.CD,1986,1710853569900.45
,NY.GDP.MKTP.CD,1985,1666632880435.57
,NY.GDP.MKTP.CD,1984,1615400948383.79
,NY.GDP.MKTP.CD,1983,1528731873355.89
,NY.GDP.MKTP.CD,1982,1562915435872.05
,NY.GDP.MKTP.CD,1981,1591269951981.75
,NY.GDP.MKTP.CD,1980,1471975200346.02
,NY.GDP.MKTP.CD,1979,1256625970718.53
,NY.GDP.MKTP.CD,1978,1079266938526.53
,NY.GDP.MKTP.CD,1977,979427152117.783
,NY.GDP.MKTP.CD,1976,873861925668.031
,NY.GDP.MKTP.CD,1975,806608582683.112
,NY.GDP.MKTP.CD,1974,728956068550.65
,NY.GDP.MKTP.CD,1973,566427139124.191
,NY.GDP.MKTP.CD,1972,429646254432.817
,NY.GDP.MKTP.CD,1971,374392771386.033
,NY.GDP.MKTP.CD,1970,343935285669.63
,NY.GDP.MKTP.CD,1969,313018349850.227
,NY.GDP.MKTP.CD,1968,278937183061.184
,NY.GDP.MKTP.CD,1967,263557167698.538
,NY.GDP.MKTP.CD,1966,260316790801.058
,NY.GDP.MKTP.CD,1965,235905563168.848
,NY.GDP.MKTP.CD,1964,210883041645.767
,NY.GDP.MKTP.CD,1963,183977453340.648
,NY.GDP.MKTP.CD,1962,167379651487.486
,NY.GDP.MKTP.CD,1961,165921579245.585
,NY.GDP.MKTP.CD,1960,168301179364.723
WLD,NY.GDP.MKTP.CD,2024,110982661180013.0
WLD,NY.GDP.MKTP.CD,2023,106741647821064.0
WLD,NY.GDP.MKTP.CD,2022,102251524725531.0
WLD,NY.GDP.MKTP.CD,2021,98140475264975.9
WLD,NY.GDP.MKTP.CD,2020,85912761035231.2
WLD,NY.GDP.MKTP.CD,2019,88483262418196.6
WLD,NY.GDP.MKTP.CD,2018,87050964956078.4
WLD,NY.GDP.MKTP.CD,2017,81839102917044.7
WLD,NY.GDP.MKTP.CD,2016,76831684012526.2
WLD,NY.GDP.MKTP.CD,2015,75621913961646.2
WLD,NY.GDP.MKTP.CD,2014,80054888775431.1
WLD,NY.GDP.MKTP.CD,2013,78034892841179.2
WLD,NY.GDP.MKTP.CD,2012,75960594595757.0
WLD,NY.GDP.MKTP.CD,2011,74309709353789.2
WLD,NY.GDP.MKTP.CD,2010,66811191491614.9
WLD,NY.GDP.MKTP.CD,2009,60982255960004.4
WLD,NY.GDP.MKTP.CD,2008,64311729364641.3
WLD,NY.GDP.MKTP.CD,2007,58525785801185.8
WLD,NY.GDP.MKTP.CD,2006,51923507284496.0
WLD,NY.GDP.MKTP.CD,2005,47900489808168.9
WLD,NY.GDP.MKTP.CD,2004,44225384449869.8
WLD,NY.GDP.MKTP.CD,2003,39243276986261.9
WLD,NY.GDP.MKTP.CD,2002,34991525564916.9
WLD,NY.GDP.MKTP.CD,2001,33690417699612.7
WLD,NY.GDP.MKTP.CD,2000,33898156427205.9
WLD,NY.GDP.MKTP.CD,1999,32782827769545.3
WLD,NY.GDP.MKTP.CD,1998,31733749169046.7
WLD,NY.GDP.MKTP.CD,1997,31870560107975.7
WLD,NY.GDP.MKTP.CD,1996,31968950237590.7
WLD,NY.GDP.MKTP.CD,1995,31245419629026.0
WLD,NY.GDP.MKTP.CD,1994,27961448359307.6
WLD,NY.GDP.MKTP.CD,1993,25974923485795.5
WLD,NY.GDP.MKTP.CD,1992,25546959069356.8
WLD,NY.GDP.MKTP.CD,1991,23920903881560.9
WLD,NY.GDP.MKTP.CD,1990,22922751084575.0
WLD,NY.GDP.MKTP.CD,1989,20395813960211.0
WLD,NY.GDP.MKTP.CD,1988,19524821807843.9
WLD,NY.GDP.MKTP.CD,1987,17472239624529.0
WLD,NY.GDP.MKTP.CD,1986,15348439146362.6
WLD,NY.GDP.MKTP.CD,1985,13016982447733.2
WLD,NY.GDP.MKTP.CD,1984,12427957579028.0
WLD,NY.GDP.MKTP.CD,1983,11962974794875.2
WLD,NY.GDP.MKTP.CD,1982,11719276657617.9
WLD,NY.GDP.MKTP.CD,1981,11843441094928.7
WLD,NY.GDP.MKTP.CD,1980,11452768541637.6
WLD,NY.GDP.MKTP.CD,1979,10155462903237.9
WLD,NY.GDP.MKTP.CD,1978,8779661745036.99
WLD,NY.GDP.MKTP.CD,1977,7416442857108.44
WLD,NY.GDP.MKTP.CD,1976,6560173647274.55
WLD,NY.GDP.MKTP.CD,1975,6035142144928.12
WLD,NY.GDP.MKTP.CD,1974,5419514194142.38
WLD,NY.GDP.MKTP.CD,1973,4688557691603.01
WLD,NY.GDP.MKTP.CD,1972,3834213544152.23
WLD,NY.GDP.MKTP.CD,1971,3319897075453.74
WLD,NY.GDP.MKTP.CD,1970,3004258440770.47
WLD,NY.GDP.MKTP.CD,1969,2739123953755.11
WLD,NY.GDP.MKTP.CD,1968,2479815244885.12
WLD,NY.GDP.MKTP.CD,1967,2294873084337.8
WLD,NY.GDP.MKTP.CD,1966,2162707523801.04
WLD,NY.GDP.MKTP.CD,1965,1995234672640.12
WLD,NY.GDP.MKTP.CD,1964,1831030283046.23
WLD,NY.GDP.MKTP.CD,1963,1670354539896.75
WLD,NY.GDP.MKTP.CD,1962,1544903390848.07
WLD,NY.GDP.MKTP.CD,1961,1443968549479.04
WLD,NY.GDP.MKTP.CD,1960,1366488391354.06
AFG,NY.GDP.MKTP.CD,2024,
AFG,NY.GDP.MKTP.CD,2023,17152234636.8715
AFG,NY.GDP.MKTP.CD,2022,14497243872.1337
AFG,NY.GDP.MKTP.CD,2021,14259995441.0759
AFG,NY.GDP.MKTP.CD,2020,19955929052.1496
AFG,NY.GDP.MKTP.CD,2019,18799444490.1128
AFG,NY.GDP.MKTP.CD,2018,18053222687.4126
AFG,NY.GDP.MKTP.CD,2017,18753456497.8159
AFG,NY.GDP.MKTP.CD,2016,18116572395.0772
AFG,NY.GDP.MKTP.CD,2015,19134221644.7325
AFG,NY.GDP.MKTP.CD,2014,20497128555.6972
AFG,NY.GDP.MKTP.CD,2013,20146416757.5987
AFG,NY.GDP.MKTP.CD,2012,19907329777.5872
AFG,NY.GDP.MKTP.CD,2011,17805098206.3141
AFG,NY.GDP.MKTP.CD,2010,15856668555.8336
AFG,NY.GDP.MKTP.CD,2009,12416152732.0567
AFG,NY.GDP.MKTP.CD,2008,10109297047.5432
AFG,NY.GDP.MKTP.CD,2007,9747886187.39393
AFG,NY.GDP.MKTP.CD,2006,6971758282.29351
AFG,NY.GDP.MKTP.CD,2005,6203256538.70967
AFG,NY.GDP.MKTP.CD,2004,5224896718.67782
AFG,NY.GDP.MKTP.CD,2003,4520946818.54581
AFG,NY.GDP.MKTP.CD,2002,3825701438.99963
AFG,NY.GDP.MKTP.CD,2001,2813571753.87253
AFG,NY.GDP.MKTP.CD,2000,3521418059.92345
AFG,NY.GDP.MKTP.CD,1999,
AFG,NY.GDP.MKTP.CD,1998,
AFG,NY.GDP.MKTP.CD,1997,
AFG,NY.GDP.MKTP.CD,1996,
AFG,NY.GDP.MKTP.CD,1995,
AFG,NY.GDP.MKTP.CD,1994,
AFG,NY.GDP.MKTP.CD,1993,
AFG,NY.GDP.MKTP.CD,1992,
AFG,NY.GDP.MKTP.CD,1991,
AFG,NY.GDP.MKTP.CD,1990,
AFG,NY.GDP.MKTP.CD,1989,
AFG,NY.GDP.MKTP.CD,1988,
AFG,NY.GDP.MKTP.CD,1987,
AFG,NY.GDP.MKTP.CD,1986,
AFG,NY.GDP.MKTP.CD,1985,
AFG,NY.GDP.MKTP.CD,1984,
AFG,NY.GDP.MKTP.CD,1983,
AFG,NY.GDP.MKTP.CD,1982,
AFG,NY.GDP.MKTP.CD,1981,
AFG,NY.GDP.MKTP.CD,1980,
AFG,NY.GDP.MKTP.CD,1979,
AFG,NY.GDP.MKTP.CD,1978,
AFG,NY.GDP.MKTP.CD,1977,
AFG,NY.GDP.MKTP.CD,1976,
AFG,NY.GDP.MKTP.CD,1975,
AFG,NY.GDP.MKTP.CD,1974,
AFG,NY.GDP.MKTP.CD,1973,
AFG,NY.GDP.MKTP.CD,1972,
AFG,NY.GDP.MKTP.CD,1971,
AFG,NY.GDP.MKTP.CD,1970,
AFG,NY.GDP.MKTP.CD,1969,
AFG,NY.GDP.MKTP.CD,1968,
AFG,NY.GDP.MKTP.CD,1967,
AFG,NY.GDP.MKTP.CD,1966,
AFG,NY.GDP.MKTP.CD,1965,
AFG,NY.GDP.MKTP.CD,1964,
AFG,NY.GDP.MKTP.CD,1963,
AFG,NY.GDP.MKTP.CD,1962,
AFG,NY.GDP.MKTP.CD,1961,
AFG,NY.GDP.MKTP.CD,1960,
ALB,NY.GDP.MKTP.CD,2024,27046429296.6673
ALB,NY.GDP.MKTP.CD,2023,23491242727.4082
ALB,NY.GDP.MKTP.CD,2022,19017247013.8821
ALB,NY.GDP.MKTP.CD,2021,18031989573.0294
ALB,NY.GDP.MKTP.CD,2020,15241458744.5927
ALB,NY.GDP.MKTP.CD,2019,15585111614.0376
ALB,NY.GDP.MKTP.CD,2018,15379508329.7568
ALB,NY.GDP.MKTP.CD,2017,13258268435.6048
ALB,NY.GDP.MKTP.CD,2016,11988668784.6628
ALB,NY.GDP.MKTP.CD,2015,11470171826.9575
ALB,NY.GDP.MKTP.CD,2014,13296322588.1684
ALB,NY.GDP.MKTP.CD,2013,12796985886.1478
ALB,NY.GDP.MKTP.CD,2012,12246499747.9714
ALB,NY.GDP.MKTP.CD,2011,12973755874.5365
ALB,NY.GDP.MKTP.CD,2010,12086545641.299
ALB,NY.GDP.MKTP.CD,2009,12335540656.1006
ALB,NY.GDP.MKTP.CD,2008,13258506375.4518
ALB,NY.GDP.MKTP.CD,2007,11116937869.8568
ALB,NY.GDP.MKTP.CD,2006,9150528132.17633
ALB,NY.GDP.MKTP.CD,2005,8256658249.8128
ALB,NY.GDP.MKTP.CD,2004,7406645793.44038
ALB,NY.GDP.MKTP.CD,2003,5801712040.48463
ALB,NY.GDP.MKTP.CD,2002,4515003116.68036
ALB,NY.GDP.MKTP.CD,2001,4059064033.13379
ALB,NY.GDP.MKTP.CD,2000,3584570164.85195
ALB,NY.GDP.MKTP.CD,1999,3283941510.49964
ALB,NY.GDP.MKTP.CD,1998,2600356999.20614
ALB,NY.GDP.MKTP.CD,1997,2293666029.99318
ALB,NY.GDP.MKTP.CD,1996,3234486232.04392
ALB,NY.GDP.MKTP.CD,1995,2905092798.61916
ALB,NY.GDP.MKTP.CD,1994,1880950864.41311
ALB,NY.GDP.MKTP.CD,1993,1185315468.46295
ALB,NY.GDP.MKTP.CD,1992,652174990.837304
ALB,NY.GDP.MKTP.CD,1991,1099559027.77778
ALB,NY.GDP.MKTP.CD,1990,2028553750.0
ALB,NY.GDP.MKTP.CD,1989,2253090000.0
ALB,NY.GDP.MKTP.CD,1988,2051236250.0
ALB,NY.GDP.MKTP.CD,1987,2080796250.0
ALB,NY.GDP.MKTP.CD,1986,2097326250.0
ALB,NY.GDP.MKTP.CD,1985,1897050116.55012
ALB,NY.GDP.MKTP.CD,1984,1857337995.338
ALB,NY.GDP.MKTP.CD,1983,1881412587.41259
ALB,NY.GDP.MKTP.CD,1982,1861163170.16317
ALB,NY.GDP.MKTP.CD,1981,1808177156.17716
ALB,NY.GDP.MKTP.CD,1980,1578102105.26316
ALB,NY.GDP.MKTP.CD,1979,
ALB,NY.GDP.MKTP.CD,1978,
ALB,NY.GDP.MKTP.CD,1977,
ALB,NY.GDP.MKTP.CD,1976,
ALB,NY.GDP.MKTP.CD,1975,
ALB,NY.GDP.MKTP.CD,1974,
ALB,NY.GDP.MKTP.CD,1973,
ALB,NY.GDP.MKTP.CD,1972,
ALB,NY.GDP.MKTP.CD,1971,
ALB,NY.GDP.MKTP.CD,1970,
ALB,NY.GDP.MKTP.CD,1969,
ALB,NY.GDP.MKTP.CD,1968,
ALB,NY.GDP.MKTP.CD,1967,
ALB,NY.GDP.MKTP.CD,1966,
ALB,NY.GDP.MKTP.CD,1965,
ALB,NY.GDP.MKTP.CD,1964,
ALB,NY.GDP.MKTP.CD,1963,
ALB,NY.GDP.MKTP.CD,1962,
ALB,NY.GDP.MKTP.CD,1961,
ALB,NY.GDP.MKTP.CD,1960,
DZA,NY.GDP.MKTP.CD,2024,269322281664.773
DZA,NY.GDP.MKTP.CD,2023,247923887214.655
DZA,NY.GDP.MKTP.CD,2022,225581644702.568
DZA,NY.GDP.MKTP.CD,2021,186231205262.082
DZA,NY.GDP.MKTP.CD,2020,164873415325.201
DZA,NY.GDP.MKTP.CD,2019,193459662090.677
DZA,NY.GDP.MKTP.CD,2018,194554483655.528
DZA,NY.GDP.MKTP.CD,2017,189880896903.073
DZA,NY.GDP.MKTP.CD,2016,180763839522.151
DZA,NY.GDP.MKTP.CD,2015,187493855609.345
DZA,NY.GDP.MKTP.CD,2014,238942664192.59
DZA,NY.GDP.MKTP.CD,2013,229701430292.157
DZA,NY.GDP.MKTP.CD,2012,227143746075.934
DZA,NY.GDP.MKTP.CD,2011,218331946925.304
DZA,NY.GDP.MKTP.CD,2010,177785053939.531
DZA,NY.GDP.MKTP.CD,2009,150317292079.359
DZA,NY.GDP.MKTP.CD,2008,180383848331.135
DZA,NY.GDP.MKTP.CD,2007,142482739809.849
DZA,NY.GDP.MKTP.CD,2006,123084258693.01
DZA,NY.GDP.MKTP.CD,2005,107046618669.707
DZA,NY.GDP.MKTP.CD,2004,91913680985.1708
DZA,NY.GDP.MKTP.CD,2003,73482264190.9245
DZA,NY.GDP.MKTP.CD,2002,61516103406.1688
DZA,NY.GDP.MKTP.CD,2001,59413400923.6364
DZA,NY.GDP.MKTP.CD,2000,54790398570.3282
DZA,NY.GDP.MKTP.CD,1999,48640671734.9711
DZA,NY.GDP.MKTP.CD,1998,48187781984.4881
DZA,NY.GDP.MKTP.CD,1997,48177612042.1507
DZA,NY.GDP.MKTP.CD,1996,46941554225.3581
DZA,NY.GDP.MKTP.CD,1995,41764291671.7711
DZA,NY.GDP.MKTP.CD,1994,42543176828.9237
DZA,NY.GDP.MKTP.CD,1993,49945584452.6506
DZA,NY.GDP.MKTP.CD,1992,48003133346.9957
DZA,NY.GDP.MKTP.CD,1991,45715676428.2766
DZA,NY.GDP.MKTP.CD,1990,62048507531.3357
DZA,NY.GDP.MKTP.CD,1989,55634721572.7343
DZA,NY.GDP.MKTP.CD,1988,59089396860.4342
DZA,NY.GDP.MKTP.CD,1987,66745818375.493
DZA,NY.GDP.MKTP.CD,1986,63692007897.3834
DZA,NY.GDP.MKTP.CD,1985,57937868670.1937
DZA,NY.GDP.MKTP.CD,1984,53698548293.0745
DZA,NY.GDP.MKTP.CD,1983,48801369800.3675
DZA,NY.GDP.MKTP.CD,1982,45207167470.3497
DZA,NY.GDP.MKTP.CD,1981,44348590460.9288
DZA,NY.GDP.MKTP.CD,1980,42345829079.2062
DZA,NY.GDP.MKTP.CD,1979,33243706859.6596
DZA,NY.GDP.MKTP.CD,1978,26364491313.4471
DZA,NY.GDP.MKTP.CD,1977,20972113684.9558
DZA,NY.GDP.MKTP.CD,1976,17728240932.3158
DZA,NY.GDP.MKTP.CD,1975,15557902754.033
DZA,NY.GDP.MKTP.CD,1974,13209871625.9044
DZA,NY.GDP.MKTP.CD,1973,8707858912.12481
DZA,NY.GDP.MKTP.CD,1972,6766743956.88889
DZA,NY.GDP.MKTP.CD,1971,5077183093.88968
DZA,NY.GDP.MKTP.CD,1970,4863526896.57407
DZA,NY.GDP.MKTP.CD,1969,4257253264.08834
DZA,NY.GDP.MKTP.CD,1968,3852147026.77302
DZA,NY.GDP.MKTP.CD,1967,3370870376.29682
DZA,NY.GDP.MKTP.CD,1966,3039859187.45164
DZA,NY.GDP.MKTP.CD,1965,3136284306.85469
DZA,NY.GDP.MKTP.CD,1964,2909316435.2874
DZA,NY.GDP.MKTP.CD,1963,2702982017.63803
DZA,NY.GDP.MKTP.CD,1962,2001444543.91885
DZA,NY.GDP.MKTP.CD,1961,2434747055.94018
DZA,NY.GDP.MKTP.CD,1960,2723615451.30098
ASM,NY.GDP.MKTP.CD,2024,
ASM,NY.GDP.MKTP.CD,2023,
ASM,NY.GDP.MKTP.CD,2022,871000000.0
ASM,NY.GDP.MKTP.CD,2021,750000000.0
ASM,NY.GDP.MKTP.CD,2020,721000000.0
ASM,NY.GDP.MKTP.CD,2019,647000000.0
ASM,NY.GDP.MKTP.CD,2018,639000000.0
ASM,NY.GDP.MKTP.CD,2017,612000000.0
ASM,NY.GDP.MKTP.CD,2016,671000000.0
ASM,NY.GDP.MKTP.CD,2015,673000000.0
ASM,NY.GDP.MKTP.CD,2014,643000000.0
ASM,NY.GDP.MKTP.CD,2013,638000000.0
ASM,NY.GDP.MKTP.CD,2012,640000000.0
ASM,NY.GDP.MKTP.CD,2011,570000000.0
ASM,NY.GDP.MKTP.CD,2010,573000000.0
ASM,NY.GDP.MKTP.CD,2009,675000000.0
ASM,NY.GDP.MKTP.CD,2008,560000000.0
ASM,NY.GDP.MKTP.CD,2007,518000000.0
ASM,NY.GDP.MKTP.CD,2006,493000000.0
ASM,NY.GDP.MKTP.CD,2005,500000000.0
ASM,NY.GDP.MKTP.CD,2004,509000000.0
ASM,NY.GDP.MKTP.CD,2003,524000000.0
ASM,NY.GDP.MKTP.CD,2002,512000000.0
ASM,NY.GDP.MKTP.CD,2001,
ASM,NY.GDP.MKTP.CD,2000,
ASM,NY.GDP.MKTP.CD,1999,
ASM,NY.GDP.MKTP.CD,1998,
ASM,NY.GDP.MKTP.CD,1997,
ASM,NY.GDP.MKTP.CD,1996,
ASM,NY.GDP.MKTP.CD,1995,
ASM,NY.GDP.MKTP.CD,1994,
ASM,NY.GDP.MKTP.CD,1993,
ASM,NY.GDP.MKTP.CD,1992,
ASM,NY.GDP.MKTP.CD,1991,
ASM,NY.GDP.MKTP.CD,1990,
ASM,NY.GDP.MKTP.CD,1989,
ASM,NY.GDP.MKTP.CD,1988,
ASM,NY.GDP.MKTP.CD,1987,
ASM,NY.GDP.MKTP.CD,1986,
ASM,NY.GDP.MKTP.CD,1985,
ASM,NY.GDP.MKTP.CD,1984,
ASM,NY.GDP.MKTP.CD,1983,
ASM,NY.GDP.MKTP.CD,1982,
ASM,NY.GDP.MKTP.CD,1981,
ASM,NY.GDP.MKTP.CD,1980,
ASM,NY.GDP.MKTP.CD,1979,
ASM,NY.GDP.MKTP.CD,1978,
ASM,NY.GDP.MKTP.CD,1977,
ASM,NY.GDP.MKTP.CD,1976,
ASM,NY.GDP.MKTP.CD,1975,
ASM,NY.GDP.MKTP.CD,1974,
ASM,NY.GDP.MKTP.CD,1973,
ASM,NY.GDP.MKTP.CD,1972,
ASM,NY.GDP.MKTP.CD,1971,
ASM,NY.GDP.MKTP.CD,1970,
ASM,NY.GDP.MKTP.CD,1969,
ASM,NY.GDP.MKTP.CD,1968,
ASM,NY.GDP.MKTP.CD,1967,
ASM,NY.GDP.MKTP.CD,1966,
ASM,NY.GDP.MKTP.CD,1965,
ASM,NY.GDP.MKTP.CD,1964,
ASM,NY.GDP.MKTP.CD,1963,
ASM,NY.GDP.MKTP.CD,1962,
ASM,NY.GDP.MKTP.CD,1961,
ASM,NY.GDP.MKTP.CD,1960,
AND,NY.GDP.MKTP.CD,2024,4039842405.48117
AND,NY.GDP.MKTP.CD,2023,3785065524.84754
AND,NY.GDP.MKTP.CD,2022,3380611694.73392
AND,NY.GDP.MKTP.CD,2021,3324648075.56293
AND,NY.GDP.MKTP.CD,2020,2891002460.29153
AND,NY.GDP.MKTP.CD,2019,3155150255.91195
AND,NY.GDP.MKTP.CD,2018,3218418631.67579
AND,NY.GDP.MKTP.CD,2017,3000160414.63795
AND,NY.GDP.MKTP.CD,2016,2896611878.6258
AND,NY.GDP.MKTP.CD,2015,2789882569.1005
AND,NY.GDP.MKTP.CD,2014,3271686452.47686
AND,NY.GDP.MKTP.CD,2013,3193513470.43941
AND,NY.GDP.MKTP.CD,2012,3188653258.61001
AND,NY.GDP.MKTP.CD,2011,3629133062.55168
AND,NY.GDP.MKTP.CD,2010,3449925693.58181
AND,NY.GDP.MKTP.CD,2009,3688974807.45037
AND,NY.GDP.MKTP.CD,2008,4102317468.30156
AND,NY.GDP.MKTP.CD,2007,3957627536.75624
AND,NY.GDP.MKTP.CD,2006,3459336818.03742
AND,NY.GDP.MKTP.CD,2005,3161084846.97686
AND,NY.GDP.MKTP.CD,2004,2900244053.52758
AND,NY.GDP.MKTP.CD,2003,2366941614.03001
AND,NY.GDP.MKTP.CD,2002,1764279817.95815
AND,NY.GDP.MKTP.CD,2001,1548265926.7572
AND,NY.GDP.MKTP.CD,2000,1432606296.26722
AND,NY.GDP.MKTP.CD,1999,1240295198.78331
AND,NY.GDP.MKTP.CD,1998,1211953994.05714
AND,NY.GDP.MKTP.CD,1997,1180645571.8643
AND,NY.GDP.MKTP.CD,1996,1224024139.21295
AND,NY.GDP.MKTP.CD,1995,1178745282.8678
AND,NY.GDP.MKTP.CD,1994,1017544068.8408
AND,NY.GDP.MKTP.CD,1993,1007090269.86956
AND,NY.GDP.MKTP.CD,1992,1209992020.29543
AND,NY.GDP.MKTP.CD,1991,1106891361.53948
AND,NY.GDP.MKTP.CD,1990,1028989692.06787
AND,NY.GDP.MKTP.CD,1989,795489582.04491
AND,NY.GDP.MKTP.CD,1988,721425939.15155
AND,NY.GDP.MKTP.CD,1987,611299924.540506
AND,NY.GDP.MKTP.CD,1986,481996012.869071
AND,NY.GDP.MKTP.CD,1985,346742714.675152
AND,NY.GDP.MKTP.CD,1984,330073080.637098
AND,NY.GDP.MKTP.CD,1983,327850042.515872
AND,NY.GDP.MKTP.CD,1982,375914743.581006
AND,NY.GDP.MKTP.CD,1981,388983266.199886
AND,NY.GDP.MKTP.CD,1980,446377776.798001
AND,NY.GDP.MKTP.CD,1979,411548748.354729
AND,NY.GDP.MKTP.CD,1978,308020261.164149
AND,NY.GDP.MKTP.CD,1977,253997897.226968
AND,NY.GDP.MKTP.CD,1976,227283850.831271
AND,NY.GDP.MKTP.CD,1975,220112572.205331
AND,NY.GDP.MKTP.CD,1974,186557081.998137
AND,NY.GDP.MKTP.CD,1973,150841639.297444
AND,NY.GDP.MKTP.CD,1972,113414397.365635
AND,NY.GDP.MKTP.CD,1971,89406608.1458151
AND,NY.GDP.MKTP.CD,1970,78617711.0965325
AND,NY.GDP.MKTP.CD,1969,
AND,NY.GDP.MKTP.CD,1968,
AND,NY.GDP.MKTP.CD,1967,
AND,NY.GDP.MKTP.CD,1966,
AND,NY.GDP.MKTP.CD,1965,
AND,NY.GDP.MKTP.CD,1964,
AND,NY.GDP.MKTP.CD,1963,
AND,NY.GDP.MKTP.CD,1962,
AND,NY.GDP.MKTP.CD,1961,
AND,NY.GDP.MKTP.CD,1960,
AGO,NY.GDP.MKTP.CD,2024,100998916781.079
AGO,NY.GDP.MKTP.CD,2023,107167747140.127
AGO,NY.GDP.MKTP.CD,2022,131212208930.344
AGO,NY.GDP.MKTP.CD,2021,79559543805.2963
AGO,NY.GDP.MKTP.CD,2020,58852456453.8769
AGO,NY.GDP.MKTP.CD,2019,80734428592.5368
AGO,NY.GDP.MKTP.CD,2018,89512794227.495
AGO,NY.GDP.MKTP.CD,2017,84376935689.3366
AGO,NY.GDP.MKTP.CD,2016,59878249719.3279
AGO,NY.GDP.MKTP.CD,2015,102543067840.732
AGO,NY.GDP.MKTP.CD,2014,153449860496.402
AGO,NY.GDP.MKTP.CD,2013,148845200696.792
AGO,NY.GDP.MKTP.CD,2012,143572907527.976
AGO,NY.GDP.MKTP.CD,2011,125551634704.473
AGO,NY.GDP.MKTP.CD,2010,95546919754.7633
AGO,NY.GDP.MKTP.CD,2009,81705175408.3893
AGO,NY.GDP.MKTP.CD,2008,98790432989.4067
AGO,NY.GDP.MKTP.CD,2007,73037821926.6813
AGO,NY.GDP.MKTP.CD,2006,58653659979.711
AGO,NY.GDP.MKTP.CD,2005,41396636383.3725
AGO,NY.GDP.MKTP.CD,2004,26997977896.5924
AGO,NY.GDP.MKTP.CD,2003,20342128111.9753
AGO,NY.GDP.MKTP.CD,2002,17311512432.451
AGO,NY.GDP.MKTP.CD,2001,8936079117.73136
AGO,NY.GDP.MKTP.CD,2000,9129594970.15301
AGO,NY.GDP.MKTP.CD,1999,6152923310.44546
AGO,NY.GDP.MKTP.CD,1998,6506221615.78722
AGO,NY.GDP.MKTP.CD,1997,7648380195.59902
AGO,NY.GDP.MKTP.CD,1996,7526421519.16979
AGO,NY.GDP.MKTP.CD,1995,5538749259.94714
AGO,NY.GDP.MKTP.CD,1994,4438321017.39068
AGO,NY.GDP.MKTP.CD,1993,5768720421.61367
AGO,NY.GDP.MKTP.CD,1992,8307810973.58848
AGO,NY.GDP.MKTP.CD,1991,10603784541.197
AGO,NY.GDP.MKTP.CD,1990,11229515599.3048
AGO,NY.GDP.MKTP.CD,1989,10201780976.6696
AGO,NY.GDP.MKTP.CD,1988,8769836768.83482
AGO,NY.GDP.MKTP.CD,1987,8084412414.26566
AGO,NY.GDP.MKTP.CD,1986,7072536108.69711
AGO,NY.GDP.MKTP.CD,1985,7554065410.121
AGO,NY.GDP.MKTP.CD,1984,6131475065.17815
AGO,NY.GDP.MKTP.CD,1983,5784341596.36339
AGO,NY.GDP.MKTP.CD,1982,5550483035.96497
AGO,NY.GDP.MKTP.CD,1981,5550483035.96497
AGO,NY.GDP.MKTP.CD,1980,5930503400.96263
AGO,NY.GDP.MKTP.CD,1979,
AGO,NY.GDP.MKTP.CD,1978,
AGO,NY.GDP.MKTP.CD,1977,
AGO,NY.GDP.MKTP.CD,1976,
AGO,NY.GDP.MKTP.CD,1975,
AGO,NY.GDP.MKTP.CD,1974,
AGO,NY.GDP.MKTP.CD,1973,
AGO,NY.GDP.MKTP.CD,1972,
AGO,NY.GDP.MKTP.CD,1971,
AGO,NY.GDP.MKTP.CD,1970,
AGO,NY.GDP.MKTP.CD,1969,
AGO,NY.GDP.MKTP.CD,1968,
AGO,NY.GDP.MKTP.CD,1967,
AGO,NY.GDP.MKTP.CD,1966,
AGO,NY.GDP.MKTP.CD,1965,
AGO,NY.GDP.MKTP.CD,1964,
AGO,NY.GDP.MKTP.CD,1963,
AGO,NY.GDP.MKTP.CD,1962,
AGO,NY.GDP.MKTP.CD,1961,
AGO,NY.GDP.MKTP.CD,1960,
ATG,NY.GDP.MKTP.CD,2024,2207622874.07407
ATG,NY.GDP.MKTP.CD,2023,2005785185.18518
ATG,NY.GDP.MKTP.CD,2022,1866566666.66667
ATG,NY.GDP.MKTP.CD,2021,1602125925.92593
ATG,NY.GDP.MKTP.CD,2020,1411637037.03704
ATG,NY.GDP.MKTP.CD,2019,1726448148.14815
ATG,NY.GDP.MKTP.CD,2018,1661529629.62963
ATG,NY.GDP.MKTP.CD,2017,1534855555.55556
ATG,NY.GDP.MKTP.CD,2016,1489603703.7037
ATG,NY.GDP.MKTP.CD,2015,1437485185.18519
ATG,NY.GDP.MKTP.CD,2014,1378707407.40741
ATG,NY.GDP.MKTP.CD,2013,1325496296.2963
ATG,NY.GDP.MKTP.CD,2012,1364729629.62963
ATG,NY.GDP.MKTP.CD,2011,1287359259.25926
ATG,NY.GDP.MKTP.CD,2010,1298348148.14815
ATG,NY.GDP.MKTP.CD,2009,1386518518.51852
ATG,NY.GDP.MKTP.CD,2008,1557640740.74074
ATG,NY.GDP.MKTP.CD,2007,1487381481.48148
ATG,NY.GDP.MKTP.CD,2006,1303674074.07407
ATG,NY.GDP.MKTP.CD,2005,1143896296.2963
ATG,NY.GDP.MKTP.CD,2004,1026329629.62963
ATG,NY.GDP.MKTP.CD,2003,948100000.0
ATG,NY.GDP.MKTP.CD,2002,898092592.592592
ATG,NY.GDP.MKTP.CD,2001,877774074.074074
ATG,NY.GDP.MKTP.CD,2000,901003703.703704
ATG,NY.GDP.MKTP.CD,1999,835544444.444444
ATG,NY.GDP.MKTP.CD,1998,789788888.888889
ATG,NY.GDP.MKTP.CD,1997,734422222.222222
ATG,NY.GDP.MKTP.CD,1996,679140740.740741
ATG,NY.GDP.MKTP.CD,1995,616051851.851852
ATG,NY.GDP.MKTP.CD,1994,625081481.481481
ATG,NY.GDP.MKTP.CD,1993,565662962.962963
ATG,NY.GDP.MKTP.CD,1992,525133333.333333
ATG,NY.GDP.MKTP.CD,1991,504337037.037037
ATG,NY.GDP.MKTP.CD,1990,478718518.518519
ATG,NY.GDP.MKTP.CD,1989,455174074.074074
ATG,NY.GDP.MKTP.CD,1988,411396296.296296
ATG,NY.GDP.MKTP.CD,1987,346866666.666667
ATG,NY.GDP.MKTP.CD,1986,297562962.962963
ATG,NY.GDP.MKTP.CD,1985,246370370.37037
ATG,NY.GDP.MKTP.CD,1984,212214814.814815
ATG,NY.GDP.MKTP.CD,1983,184866666.666667
ATG,NY.GDP.MKTP.CD,1982,166444444.444444
ATG,NY.GDP.MKTP.CD,1981,149388888.888889
ATG,NY.GDP.MKTP.CD,1980,132451851.851852
ATG,NY.GDP.MKTP.CD,1979,109596296.296296
ATG,NY.GDP.MKTP.CD,1978,88040740.7407407
ATG,NY.GDP.MKTP.CD,1977,77507407.4074074
ATG,NY.GDP.MKTP.CD,1976,
ATG,NY.GDP.MKTP.CD,1975,
ATG,NY.GDP.MKTP.CD,1974,
ATG,NY.GDP.MKTP.CD,1973,
ATG,NY.GDP.MKTP.CD,1972,
ATG,NY.GDP.MKTP.CD,1971,
ATG,NY.GDP.MKTP.CD,1970,
ATG,NY.GDP.MKTP.CD,1969,
ATG,NY.GDP.MKTP.CD,1968,
ATG,NY.GDP.MKTP.CD,1967,
ATG,NY.GDP.MKTP.CD,1966,
ATG,NY.GDP.MKTP.CD,1965,
ATG,NY.GDP.MKTP.CD,1964,
ATG,NY.GDP.MKTP.CD,1963,
ATG,NY.GDP.MKTP.CD,1962,
ATG,NY.GDP.MKTP.CD,1961,
ATG,NY.GDP.MKTP.CD,1960,
ARG,NY.GDP.MKTP.CD,2024,638365455340.04
ARG,NY.GDP.MKTP.CD,2023,649461687959.174
ARG,NY.GDP.MKTP.CD,2022,633993756301.08
ARG,NY.GDP.MKTP.CD,2021,486564085480.036
ARG,NY.GDP.MKTP.CD,2020,385740508436.965
ARG,NY.GDP.MKTP.CD,2019,447754683615.225
ARG,NY.GDP.MKTP.CD,2018,524819892360.176
ARG,NY.GDP.MKTP.CD,2017,643628393281.364
ARG,NY.GDP.MKTP.CD,2016,557532320662.955
ARG,NY.GDP.MKTP.CD,2015,594749285413.212
ARG,NY.GDP.MKTP.CD,2014,526319673731.638
ARG,NY.GDP.MKTP.CD,2013,552025140252.246
ARG,NY.GDP.MKTP.CD,2012,545982375701.128
ARG,NY.GDP.MKTP.CD,2011,530158122010.442
ARG,NY.GDP.MKTP.CD,2010,423627422092.49
ARG,NY.GDP.MKTP.CD,2009,332976484577.619
ARG,NY.GDP.MKTP.CD,2008,361558037110.419
ARG,NY.GDP.MKTP.CD,2007,287530508430.568
ARG,NY.GDP.MKTP.CD,2006,232557260817.308
ARG,NY.GDP.MKTP.CD,2005,198737095012.282
ARG,NY.GDP.MKTP.CD,2004,164657930452.787
ARG,NY.GDP.MKTP.CD,2003,127586973492.177
ARG,NY.GDP.MKTP.CD,2002,97724004251.8602
ARG,NY.GDP.MKTP.CD,2001,268696750000.0
ARG,NY.GDP.MKTP.CD,2000,284203750000.0
ARG,NY.GDP.MKTP.CD,1999,283523000000.0
ARG,NY.GDP.MKTP.CD,1998,298948250000.0
ARG,NY.GDP.MKTP.CD,1997,292859000000.0
ARG,NY.GDP.MKTP.CD,1996,272149750000.0
ARG,NY.GDP.MKTP.CD,1995,258031750000.0
ARG,NY.GDP.MKTP.CD,1994,257440000000.0
ARG,NY.GDP.MKTP.CD,1993,236741715015.015
ARG,NY.GDP.MKTP.CD,1992,228778917308.17
ARG,NY.GDP.MKTP.CD,1991,189719984268.485
ARG,NY.GDP.MKTP.CD,1990,141352654305.163
ARG,NY.GDP.MKTP.CD,1989,76629728760.123
ARG,NY.GDP.MKTP.CD,1988,126890235049.092
ARG,NY.GDP.MKTP.CD,1987,108810885301.253
ARG,NY.GDP.MKTP.CD,1986,105872372613.857
ARG,NY.GDP.MKTP.CD,1985,88150891728.1064
ARG,NY.GDP.MKTP.CD,1984,116915052107.031
ARG,NY.GDP.MKTP.CD,1983,103979106777.911
ARG,NY.GDP.MKTP.CD,1982,84307486836.724
ARG,NY.GDP.MKTP.CD,1981,78676842366.5529
ARG,NY.GDP.MKTP.CD,1980,76961923741.0701
ARG,NY.GDP.MKTP.CD,1979,69252328951.6441
ARG,NY.GDP.MKTP.CD,1978,89049453088.3282
ARG,NY.GDP.MKTP.CD,1977,56781000101.0848
ARG,NY.GDP.MKTP.CD,1976,51169499892.1722
ARG,NY.GDP.MKTP.CD,1975,52438647921.9226
ARG,NY.GDP.MKTP.CD,1974,72436777342.4554
ARG,NY.GDP.MKTP.CD,1973,52544000116.9037
ARG,NY.GDP.MKTP.CD,1972,34733000536.2862
ARG,NY.GDP.MKTP.CD,1971,33293199095.4881
ARG,NY.GDP.MKTP.CD,1970,31584210365.5447
ARG,NY.GDP.MKTP.CD,1969,31256284543.6155
ARG,NY.GDP.MKTP.CD,1968,26436857247.4982
ARG,NY.GDP.MKTP.CD,1967,24256667553.2569
ARG,NY.GDP.MKTP.CD,1966,28630474727.9023
ARG,NY.GDP.MKTP.CD,1965,28344705966.6389
ARG,NY.GDP.MKTP.CD,1964,25605249381.7597
ARG,NY.GDP.MKTP.CD,1963,18272123664.4715
ARG,NY.GDP.MKTP.CD,1962,18337691145.3688
ARG,NY.GDP.MKTP.CD,1961,20132220374.9093
ARG,NY.GDP.MKTP.CD,1960,15865474315.4056
ARM,NY.GDP.MKTP.CD,2024,25955275380.0321
ARM,NY.GDP.MKTP.CD,2023,24185982215.6543
ARM,NY.GDP.MKTP.CD,2022,19513506553.1251
ARM,NY.GDP.MKTP.CD,2021,13878908628.9378
ARM,NY.GDP.MKTP.CD,2020,12641698583.2152
ARM,NY.GDP.MKTP.CD,2019,13619290539.2116
ARM,NY.GDP.MKTP.CD,2018,12457940694.7395
ARM,NY.GDP.MKTP.CD,2017,11527458709.0158
ARM,NY.GDP.MKTP.CD,2016,10546136235.5219
ARM,NY.GDP.MKTP.CD,2015,10553337518.414
ARM,NY.GDP.MKTP.CD,2014,11609513246.7958
ARM,NY.GDP.MKTP.CD,2013,11121464437.0415
ARM,NY.GDP.MKTP.CD,2012,10619320682.9474
ARM,NY.GDP.MKTP.CD,2011,10142111824.5835
ARM,NY.GDP.MKTP.CD,2010,9260285755.62424
ARM,NY.GDP.MKTP.CD,2009,8647937081.2562
ARM,NY.GDP.MKTP.CD,2008,11662040713.8753
ARM,NY.GDP.MKTP.CD,2007,9206301269.79164
ARM,NY.GDP.MKTP.CD,2006,6384452066.5146
ARM,NY.GDP.MKTP.CD,2005,4900469511.10191
ARM,NY.GDP.MKTP.CD,2004,3576615240.41616
ARM,NY.GDP.MKTP.CD,2003,2807061008.69084
ARM,NY.GDP.MKTP.CD,2002,2376335048.39976
ARM,NY.GDP.MKTP.CD,2001,2118467913.37873
ARM,NY.GDP.MKTP.CD,2000,1911563668.85006
ARM,NY.GDP.MKTP.CD,1999,1845482173.02732
ARM,NY.GDP.MKTP.CD,1998,1893726437.26462
ARM,NY.GDP.MKTP.CD,1997,1639492444.76152
ARM,NY.GDP.MKTP.CD,1996,1596968946.23708
ARM,NY.GDP.MKTP.CD,1995,1468317435.20148
ARM,NY.GDP.MKTP.CD,1994,1315158636.67553
ARM,NY.GDP.MKTP.CD,1993,1201312829.27524
ARM,NY.GDP.MKTP.CD,1992,1272835453.42634
ARM,NY.GDP.MKTP.CD,1991,2069870129.87013
ARM,NY.GDP.MKTP.CD,1990,2256863448.77086
ARM,NY.GDP.MKTP.CD,1989,
ARM,NY.GDP.MKTP.CD,1988,
ARM,NY.GDP.MKTP.CD,1987,
ARM,NY.GDP.MKTP.CD,1986,
ARM,NY.GDP.MKTP.CD,1985,
ARM,NY.GDP.MKTP.CD,1984,
ARM,NY.GDP.MKTP.CD,1983,
ARM,NY.GDP.MKTP.CD,1982,
ARM,NY.GDP.MKTP.CD,1981,
ARM,NY.GDP.MKTP.CD,1980,
ARM,NY.GDP.MKTP.CD,1979,
ARM,NY.GDP.MKTP.CD,1978,
ARM,NY.GDP.MKTP.CD,1977,
ARM,NY.GDP.MKTP.CD,1976,
ARM,NY.GDP.MKTP.CD,1975,
ARM,NY.GDP.MKTP.CD,1974,
ARM,NY.GDP.MKTP.CD,1973,
ARM,NY.GDP.MKTP.CD,1972,
ARM,NY.GDP.MKTP.CD,1971,
ARM,NY.GDP.MKTP.CD,1970,
ARM,NY.GDP.MKTP.CD,1969,
ARM,NY.GDP.MKTP.CD,1968,
ARM,NY.GDP.MKTP.CD,1967,
ARM,NY.GDP.MKTP.CD,1966,
ARM,NY.GDP.MKTP.CD,1965,
ARM,NY.GDP.MKTP.CD,1964,
ARM,NY.GDP.MKTP.CD,1963,
ARM,NY.GDP.MKTP.CD,1962,
ARM,NY.GDP.MKTP.CD,1961,
ARM,NY.GDP.MKTP.CD,1960,
ABW,NY.GDP.MKTP.CD,2024,4265650673.00236
ABW,NY.GDP.MKTP.CD,2023,3834729616.12027
ABW,NY.GDP.MKTP.CD,2022,3324034443.26581
ABW,NY.GDP.MKTP.CD,2021,2880902798.92288
ABW,NY.GDP.MKTP.CD,2020,2471419181.71957
ABW,NY.GDP.MKTP.CD,2019,3346623191.45988
ABW,NY.GDP.MKTP.CD,2018,3276187709.49721
ABW,NY.GDP.MKTP.CD,2017,3092427932.96089
ABW,NY.GDP.MKTP.CD,2016,2983637430.1676
ABW,NY.GDP.MKTP.CD,2015,2962906703.91061
ABW,NY.GDP.MKTP.CD,2014,2790849720.67039
ABW,NY.GDP.MKTP.CD,2013,2727849162.01117
ABW,NY.GDP.MKTP.CD,2012,2615208379.88827
ABW,NY.GDP.MKTP.CD,2011,2637859217.87709
ABW,NY.GDP.MKTP.CD,2010,2453597206.70391
ABW,NY.GDP.MKTP.CD,2009,2553793296.08939
ABW,NY.GDP.MKTP.CD,2008,2843024581.00559
ABW,NY.GDP.MKTP.CD,2007,2677641340.78212
ABW,NY.GDP.MKTP.CD,2006,2469782681.56425
ABW,NY.GDP.MKTP.CD,2005,2360017318.43575
ABW,NY.GDP.MKTP.CD,2004,2254830726.25698
ABW,NY.GDP.MKTP.CD,2003,2044111731.84358
ABW,NY.GDP.MKTP.CD,2002,1961843575.41899
ABW,NY.GDP.MKTP.CD,2001,1896456983.24022
ABW,NY.GDP.MKTP.CD,2000,1873452513.96648
ABW,NY.GDP.MKTP.CD,1999,1722905027.93296
ABW,NY.GDP.MKTP.CD,1998,1665363128.49162
ABW,NY.GDP.MKTP.CD,1997,1531843575.41899
ABW,NY.GDP.MKTP.CD,1996,1379888268.15642
ABW,NY.GDP.MKTP.CD,1995,1320670391.06145
ABW,NY.GDP.MKTP.CD,1994,1245810055.86592
ABW,NY.GDP.MKTP.CD,1993,1083240223.46369
ABW,NY.GDP.MKTP.CD,1992,958659217.877095
ABW,NY.GDP.MKTP.CD,1991,872067039.106145
ABW,NY.GDP.MKTP.CD,1990,764804469.273743
ABW,NY.GDP.MKTP.CD,1989,695530726.256983
ABW,NY.GDP.MKTP.CD,1988,596648044.692737
ABW,NY.GDP.MKTP.CD,1987,487709497.206704
ABW,NY.GDP.MKTP.CD,1986,405586592.178771
ABW,NY.GDP.MKTP.CD,1985,
ABW,NY.GDP.MKTP.CD,1984,
ABW,NY.GDP.MKTP.CD,1983,
ABW,NY.GDP.MKTP.CD,1982,
ABW,NY.GDP.MKTP.CD,1981,
ABW,NY.GDP.MKTP.CD,1980,
ABW,NY.GDP.MKTP.CD,1979,
ABW,NY.GDP.MKTP.CD,1978,
ABW,NY.GDP.MKTP.CD,1977,
ABW,NY.GDP.MKTP.CD,1976,
ABW,NY.GDP.MKTP.CD,1975,
ABW,NY.GDP.MKTP.CD,1974,
ABW,NY.GDP.MKTP.CD,1973,
ABW,NY.GDP.MKTP.CD,1972,
ABW,NY.GDP.MKTP.CD,1971,
ABW,NY.GDP.MKTP.CD,1970,
ABW,NY.GDP.MKTP.CD,1969,
ABW,NY.GDP.MKTP.CD,1968,
ABW,NY.GDP.MKTP.CD,1967,
ABW,NY.GDP.MKTP.CD,1966,
ABW,NY.GDP.MKTP.CD,1965,
ABW,NY.GDP.MKTP.CD,1964,
ABW,NY.GDP.MKTP.CD,1963,
ABW,NY.GDP.MKTP.CD,1962,
ABW,NY.GDP.MKTP.CD,1961,
ABW,NY.GDP.MKTP.CD,1960,
AUS,NY.GDP.MKTP.CD,2024,1757022451652.83
AUS,NY.GDP.MKTP.CD,2023,1734451264655.6
AUS,NY.GDP.MKTP.CD,2022,1695627535475.8
AUS,NY.GDP.MKTP.CD,2021,1560617493202.69
AUS,NY.GDP.MKTP.CD,2020,1333336461648.09
AUS,NY.GDP.MKTP.CD,2019,1398349602956.35
AUS,NY.GDP.MKTP.CD,2018,1433144978761.67
AUS,NY.GDP.MKTP.CD,2017,1330890554614.09
AUS,NY.GDP.MKTP.CD,2016,1211588128417.61
AUS,NY.GDP.MKTP.CD,2015,1356805839935.9
AUS,NY.GDP.MKTP.CD,2014,1474677007565.64
AUS,NY.GDP.MKTP.CD,2013,1583737461925.39
AUS,NY.GDP.MKTP.CD,2012,1552728401401.58
AUS,NY.GDP.MKTP.CD,2011,1402939868653.4
AUS,NY.GDP.MKTP.CD,2010,1152566632022.13
AUS,NY.GDP.MKTP.CD,2009,931761689770.843
AUS,NY.GDP.MKTP.CD,2008,1058448244063.77
AUS,NY.GDP.MKTP.CD,2007,856603595823.192
AUS,NY.GDP.MKTP.CD,2006,749708370332.989
AUS,NY.GDP.MKTP.CD,2005,696811489612.816
AUS,NY.GDP.MKTP.CD,2004,615643050220.515
AUS,NY.GDP.MKTP.CD,2003,468517181129.878
AUS,NY.GDP.MKTP.CD,2002,396436967262.563
AUS,NY.GDP.MKTP.CD,2001,380360222861.197
AUS,NY.GDP.MKTP.CD,2000,416901962163.479
AUS,NY.GDP.MKTP.CD,1999,390347787943.351
AUS,NY.GDP.MKTP.CD,1998,400361527504.578
AUS,NY.GDP.MKTP.CD,1997,436321902767.408
AUS,NY.GDP.MKTP.CD,1996,401962517479.122
AUS,NY.GDP.MKTP.CD,1995,368725126225.126
AUS,NY.GDP.MKTP.CD,1994,323269456935.317
AUS,NY.GDP.MKTP.CD,1993,312568858909.5
AUS,NY.GDP.MKTP.CD,1992,325982966981.415
AUS,NY.GDP.MKTP.CD,1991,326416407860.792
AUS,NY.GDP.MKTP.CD,1990,311840666465.053
AUS,NY.GDP.MKTP.CD,1989,300264309002.14
AUS,NY.GDP.MKTP.CD,1988,236461079970.431
AUS,NY.GDP.MKTP.CD,1987,189726707252.515
AUS,NY.GDP.MKTP.CD,1986,182707050923.335
AUS,NY.GDP.MKTP.CD,1985,180861108959.102
AUS,NY.GDP.MKTP.CD,1984,193749932078.26
AUS,NY.GDP.MKTP.CD,1983,177523719680.081
AUS,NY.GDP.MKTP.CD,1982,194323071830.52
AUS,NY.GDP.MKTP.CD,1981,177151979565.773
AUS,NY.GDP.MKTP.CD,1980,150200557103.064
AUS,NY.GDP.MKTP.CD,1979,135093718050.665
AUS,NY.GDP.MKTP.CD,1978,118660813779.849
AUS,NY.GDP.MKTP.CD,1977,110504702913.512
AUS,NY.GDP.MKTP.CD,1976,105209354855.787
AUS,NY.GDP.MKTP.CD,1975,97440939505.6671
AUS,NY.GDP.MKTP.CD,1974,89086219602.0634
AUS,NY.GDP.MKTP.CD,1973,63923126201.1531
AUS,NY.GDP.MKTP.CD,1972,52117990654.2056
AUS,NY.GDP.MKTP.CD,1971,45283847245.4156
AUS,NY.GDP.MKTP.CD,1970,41395206623.2331
AUS,NY.GDP.MKTP.CD,1969,36738245878.1193
AUS,NY.GDP.MKTP.CD,1968,32763365242.1384
AUS,NY.GDP.MKTP.CD,1967,30487524878.004
AUS,NY.GDP.MKTP.CD,1966,27349284375.8855
AUS,NY.GDP.MKTP.CD,1965,26014244162.2791
AUS,NY.GDP.MKTP.CD,1964,23835843813.735
AUS,NY.GDP.MKTP.CD,1963,21573443451.751
AUS,NY.GDP.MKTP.CD,1962,19953923192.6277
AUS,NY.GDP.MKTP.CD,1961,19713123154.0997
AUS,NY.GDP.MKTP.CD,1960,18635682981.7093
AUT,NY.GDP.MKTP.CD,2024,534790720466.822
AUT,NY.GDP.MKTP.CD,2023,516670509628.876
AUT,NY.GDP.MKTP.CD,2022,473221298968.216
AUT,NY.GDP.MKTP.CD,2021,480466363176.806
AUT,NY.GDP.MKTP.CD,2020,434397601557.696
AUT,NY.GDP.MKTP.CD,2019,442983642371.842
AUT,NY.GDP.MKTP.CD,2018,452582294972.775
AUT,NY.GDP.MKTP.CD,2017,414926138132.691
AUT,NY.GDP.MKTP.CD,2016,393687359770.273
AUT,NY.GDP.MKTP.CD,2015,379546097300.633
AUT,NY.GDP.MKTP.CD,2014,438556021078.034
AUT,NY.GDP.MKTP.CD,2013,426580502769.417
AUT,NY.GDP.MKTP.CD,2012,406750487603.59
AUT,NY.GDP.MKTP.CD,2011,428954737064.057
AUT,NY.GDP.MKTP.CD,2010,389827789217.634
AUT,NY.GDP.MKTP.CD,2009,399290118782.429
AUT,NY.GDP.MKTP.CD,2008,429234399096.173
AUT,NY.GDP.MKTP.CD,2007,386760177589.497
AUT,NY.GDP.MKTP.CD,2006,333905979332.481
AUT,NY.GDP.MKTP.CD,2005,313952317330.776
AUT,NY.GDP.MKTP.CD,2004,299210411454.823
AUT,NY.GDP.MKTP.CD,2003,260779834340.097
AUT,NY.GDP.MKTP.CD,2002,212837224022.813
AUT,NY.GDP.MKTP.CD,2001,196477206829.33
AUT,NY.GDP.MKTP.CD,2000,196181599831.287
AUT,NY.GDP.MKTP.CD,1999,216421809125.916
AUT,NY.GDP.MKTP.CD,1998,217068085815.918
AUT,NY.GDP.MKTP.CD,1997,211724812267.448
AUT,NY.GDP.MKTP.CD,1996,235952581232.129
AUT,NY.GDP.MKTP.CD,1995,240094169510.031
AUT,NY.GDP.MKTP.CD,1994,202738023129.743
AUT,NY.GDP.MKTP.CD,1993,189634029338.696
AUT,NY.GDP.MKTP.CD,1992,194314032056.098
AUT,NY.GDP.MKTP.CD,1991,173113449616.971
AUT,NY.GDP.MKTP.CD,1990,165811372382.912
AUT,NY.GDP.MKTP.CD,1989,132584448257.93
AUT,NY.GDP.MKTP.CD,1988,132817124707.456
AUT,NY.GDP.MKTP.CD,1987,123682091858.946
AUT,NY.GDP.MKTP.CD,1986,98648254168.5444
AUT,NY.GDP.MKTP.CD,1985,69114996009.577
AUT,NY.GDP.MKTP.CD,1984,67719055773.3306
AUT,NY.GDP.MKTP.CD,1983,71838528420.4075
AUT,NY.GDP.MKTP.CD,1982,70996111962.5716
AUT,NY.GDP.MKTP.CD,1981,70755997062.3812
AUT,NY.GDP.MKTP.CD,1980,81737498404.5948
AUT,NY.GDP.MKTP.CD,1979,73647694287.1848
AUT,NY.GDP.MKTP.CD,1978,61809208755.804
AUT,NY.GDP.MKTP.CD,1977,51343861460.328
AUT,NY.GDP.MKTP.CD,1976,42791707448.0325
AUT,NY.GDP.MKTP.CD,1975,39902300703.1682
AUT,NY.GDP.MKTP.CD,1974,35051468639.576
AUT,NY.GDP.MKTP.CD,1973,29399860144.7748
AUT,NY.GDP.MKTP.CD,1972,21973207929.0434
AUT,NY.GDP.MKTP.CD,1971,17788536733.1204
AUT,NY.GDP.MKTP.CD,1970,15312791743.8476
AUT,NY.GDP.MKTP.CD,1969,13647475854.0287
AUT,NY.GDP.MKTP.CD,1968,12499863917.1003
AUT,NY.GDP.MKTP.CD,1967,11634569521.9273
AUT,NY.GDP.MKTP.CD,1966,10939526218.6393
AUT,NY.GDP.MKTP.CD,1965,10041659445.118
AUT,NY.GDP.MKTP.CD,1964,9213648655.97511
AUT,NY.GDP.MKTP.CD,1963,8414050621.01716
AUT,NY.GDP.MKTP.CD,1962,7793042529.15992
AUT,NY.GDP.MKTP.CD,1961,7346566037.83392
AUT,NY.GDP.MKTP.CD,1960,6624086313.14334
AZE,NY.GDP.MKTP.CD,2024,74315882352.9412
AZE,NY.GDP.MKTP.CD,2023,72428470588.2353
AZE,NY.GDP.MKTP.CD,2022,78807470588.2353
AZE,NY.GDP.MKTP.CD,2021,54825411764.7059
AZE,NY.GDP.MKTP.CD,2020,42693000000.0
AZE,NY.GDP.MKTP.CD,2019,48174235294.1176
AZE,NY.GDP.MKTP.CD,2018,47112470051.7701
AZE,NY.GDP.MKTP.CD,2017,40866627351.9817
AZE,NY.GDP.MKTP.CD,2016,37866996882.9157
AZE,NY.GDP.MKTP.CD,2015,53076235354.746
AZE,NY.GDP.MKTP.CD,2014,75239785452.1022
AZE,NY.GDP.MKTP.CD,2013,74160560123.6902
AZE,NY.GDP.MKTP.CD,2012,69679944504.1972
AZE,NY.GDP.MKTP.CD,2011,65952796427.9473
AZE,NY.GDP.MKTP.CD,2010,52909294791.9262
AZE,NY.GDP.MKTP.CD,2009,44292427184.9492
AZE,NY.GDP.MKTP.CD,2008,48851293785.4483
AZE,NY.GDP.MKTP.CD,2007,33049419431.2244
AZE,NY.GDP.MKTP.CD,2006,20981929497.6188
AZE,NY.GDP.MKTP.CD,2005,13245421880.834
AZE,NY.GDP.MKTP.CD,2004,8680405740.94125
AZE,NY.GDP.MKTP.CD,2003,7276413079.11451
AZE,NY.GDP.MKTP.CD,2002,6236087738.28284
AZE,NY.GDP.MKTP.CD,2001,5707616203.72011
AZE,NY.GDP.MKTP.CD,2000,5272615722.96892
AZE,NY.GDP.MKTP.CD,1999,4581248566.50158
AZE,NY.GDP.MKTP.CD,1998,4446368570.6901
AZE,NY.GDP.MKTP.CD,1997,3962362387.47922
AZE,NY.GDP.MKTP.CD,1996,3176507376.31836
AZE,NY.GDP.MKTP.CD,1995,2417331192.9526
AZE,NY.GDP.MKTP.CD,1994,1193141110.35043
AZE,NY.GDP.MKTP.CD,1993,1570392598.14954
AZE,NY.GDP.MKTP.CD,1992,444658671.586716
AZE,NY.GDP.MKTP.CD,1991,5344000000.0
AZE,NY.GDP.MKTP.CD,1990,8884848484.84848
AZE,NY.GDP.MKTP.CD,1989,
AZE,NY.GDP.MKTP.CD,1988,
AZE,NY.GDP.MKTP.CD,1987,
AZE,NY.GDP.MKTP.CD,1986,
AZE,NY.GDP.MKTP.CD,1985,
AZE,NY.GDP.MKTP.CD,1984,
AZE,NY.GDP.MKTP.CD,1983,
AZE,NY.GDP.MKTP.CD,1982,
AZE,NY.GDP.MKTP.CD,1981,
AZE,NY.GDP.MKTP.CD,1980,
AZE,NY.GDP.MKTP.CD,1979,
AZE,NY.GDP.MKTP.CD,1978,
AZE,NY.GDP.MKTP.CD,1977,
AZE,NY.GDP.MKTP.CD,1976,
AZE,NY.GDP.MKTP.CD,1975,
AZE,NY.GDP.MKTP.CD,1974,
AZE,NY.GDP.MKTP.CD,1973,
AZE,NY.GDP.MKTP.CD,1972,
AZE,NY.GDP.MKTP.CD,1971,
AZE,NY.GDP.MKTP.CD,1970,
AZE,NY.GDP.MKTP.CD,1969,
AZE,NY.GDP.MKTP.CD,1968,
AZE,NY.GDP.MKTP.CD,1967,
AZE,NY.GDP.MKTP.CD,1966,
AZE,NY.GDP.MKTP.CD,1965,
AZE,NY.GDP.MKTP.CD,1964,
AZE,NY.GDP.MKTP.CD,1963,
AZE,NY.GDP.MKTP.CD,1962,
AZE,NY.GDP.MKTP.CD,1961,
AZE,NY.GDP.MKTP.CD,1960,
BHS,NY.GDP.MKTP.CD,2024,15832800000.0
BHS,NY.GDP.MKTP.CD,2023,15271300000.0
BHS,NY.GDP.MKTP.CD,2022,13896800000.0
BHS,NY.GDP.MKTP.CD,2021,12037000000.0
BHS,NY.GDP.MKTP.CD,2020,10363200000.0
BHS,NY.GDP.MKTP.CD,2019,13277000000.0
BHS,NY.GDP.MKTP.CD,2018,12819200000.0
BHS,NY.GDP.MKTP.CD,2017,12446900000.0
BHS,NY.GDP.MKTP.CD,2016,11880900000.0
BHS,NY.GDP.MKTP.CD,2015,11837600000.0
BHS,NY.GDP.MKTP.CD,2014,11139100000.0
BHS,NY.GDP.MKTP.CD,2013,10475300000.0
BHS,NY.GDP.MKTP.CD,2012,10720400000.0
BHS,NY.GDP.MKTP.CD,2011,10070450000.0
BHS,NY.GDP.MKTP.CD,2010,10095760000.0
BHS,NY.GDP.MKTP.CD,2009,9981960000.0
BHS,NY.GDP.MKTP.CD,2008,10526000000.0
BHS,NY.GDP.MKTP.CD,2007,10618340000.0
BHS,NY.GDP.MKTP.CD,2006,10167250000.0
BHS,NY.GDP.MKTP.CD,2005,9836200000.0
BHS,NY.GDP.MKTP.CD,2004,9055290000.0
BHS,NY.GDP.MKTP.CD,2003,8870090000.0
BHS,NY.GDP.MKTP.CD,2002,8881160000.0
BHS,NY.GDP.MKTP.CD,2001,8317830000.0
BHS,NY.GDP.MKTP.CD,2000,8076470000.0
BHS,NY.GDP.MKTP.CD,1999,7683870000.0
BHS,NY.GDP.MKTP.CD,1998,6833220000.0
BHS,NY.GDP.MKTP.CD,1997,6332360000.0
BHS,NY.GDP.MKTP.CD,1996,3609000000.0
BHS,NY.GDP.MKTP.CD,1995,3429000000.0
BHS,NY.GDP.MKTP.CD,1994,3259000000.0
BHS,NY.GDP.MKTP.CD,1993,3092000000.0
BHS,NY.GDP.MKTP.CD,1992,3109000000.0
BHS,NY.GDP.MKTP.CD,1991,3111160000.0
BHS,NY.GDP.MKTP.CD,1990,3166000000.0
BHS,NY.GDP.MKTP.CD,1989,3062000000.0
BHS,NY.GDP.MKTP.CD,1988,2817900000.0
BHS,NY.GDP.MKTP.CD,1987,2713999900.0
BHS,NY.GDP.MKTP.CD,1986,2472500000.0
BHS,NY.GDP.MKTP.CD,1985,2320699900.0
BHS,NY.GDP.MKTP.CD,1984,2041100000.0
BHS,NY.GDP.MKTP.CD,1983,1732800000.0
BHS,NY.GDP.MKTP.CD,1982,1578300000.0
BHS,NY.GDP.MKTP.CD,1981,1426500000.0
BHS,NY.GDP.MKTP.CD,1980,1335300000.0
BHS,NY.GDP.MKTP.CD,1979,1139800100.0
BHS,NY.GDP.MKTP.CD,1978,832400000.0
BHS,NY.GDP.MKTP.CD,1977,713000000.0
BHS,NY.GDP.MKTP.CD,1976,642100000.0
BHS,NY.GDP.MKTP.CD,1975,596200000.0
BHS,NY.GDP.MKTP.CD,1974,632400000.0
BHS,NY.GDP.MKTP.CD,1973,670900000.0
BHS,NY.GDP.MKTP.CD,1972,590900000.0
BHS,NY.GDP.MKTP.CD,1971,573400000.0
BHS,NY.GDP.MKTP.CD,1970,539500000.0
BHS,NY.GDP.MKTP.CD,1969,538700000.0
BHS,NY.GDP.MKTP.CD,1968,453800000.0
BHS,NY.GDP.MKTP.CD,1967,398000000.0
BHS,NY.GDP.MKTP.CD,1966,346800000.0
BHS,NY.GDP.MKTP.CD,1965,300272048.043528
BHS,NY.GDP.MKTP.CD,1964,266560042.649607
BHS,NY.GDP.MKTP.CD,1963,237650038.024006
BHS,NY.GDP.MKTP.CD,1962,212170033.947205
BHS,NY.GDP.MKTP.CD,1961,190022030.403525
BHS,NY.GDP.MKTP.CD,1960,169736027.157764
BHR,NY.GDP.MKTP.CD,2024,47109734308.5106
BHR,NY.GDP.MKTP.CD,2023,46192260638.2979
BHR,NY.GDP.MKTP.CD,2022,46458191489.3617
BHR,NY.GDP.MKTP.CD,2021,40840212765.9574
BHR,NY.GDP.MKTP.CD,2020,35837632978.7234
BHR,NY.GDP.MKTP.CD,2019,40446808510.6383
BHR,NY.GDP.MKTP.CD,2018,39567978723.4043
BHR,NY.GDP.MKTP.CD,2017,37204813829.7872
BHR,NY.GDP.MKTP.CD,2016,33884680851.0638
BHR,NY.GDP.MKTP.CD,2015,32523297872.3404
BHR,NY.GDP.MKTP.CD,2014,34772526595.7447
BHR,NY.GDP.MKTP.CD,2013,33823324468.0851
BHR,NY.GDP.MKTP.CD,2012,31963404255.3191
BHR,NY.GDP.MKTP.CD,2011,29914680851.0638
BHR,NY.GDP.MKTP.CD,2010,26805984042.5532
BHR,NY.GDP.MKTP.CD,2009,22938218085.1064
BHR,NY.GDP.MKTP.CD,2008,25710904255.3191
BHR,NY.GDP.MKTP.CD,2007,21730000000.0
BHR,NY.GDP.MKTP.CD,2006,18504760638.2979
BHR,NY.GDP.MKTP.CD,2005,15968723404.2553
BHR,NY.GDP.MKTP.CD,2004,13150159574.4681
BHR,NY.GDP.MKTP.CD,2003,11074813829.7872
BHR,NY.GDP.MKTP.CD,2002,9593510638.29787
BHR,NY.GDP.MKTP.CD,2001,8976196808.51064
BHR,NY.GDP.MKTP.CD,2000,9062898936.17021
BHR,NY.GDP.MKTP.CD,1999,7528469148.93617
BHR,NY.GDP.MKTP.CD,1998,7031309042.55319
BHR,NY.GDP.MKTP.CD,1997,7219407712.76596
BHR,NY.GDP.MKTP.CD,1996,6938166755.31915
BHR,NY.GDP.MKTP.CD,1995,6651180851.06383
BHR,NY.GDP.MKTP.CD,1994,6330627925.53191
BHR,NY.GDP.MKTP.CD,1993,5913001063.82979
BHR,NY.GDP.MKTP.CD,1992,5402232446.80851
BHR,NY.GDP.MKTP.CD,1991,5248911170.21277
BHR,NY.GDP.MKTP.CD,1990,4809511005.31915
BHR,NY.GDP.MKTP.CD,1989,4393093962.76596
BHR,NY.GDP.MKTP.CD,1988,4209834172.87234
BHR,NY.GDP.MKTP.CD,1987,3856922694.14894
BHR,NY.GDP.MKTP.CD,1986,3470746843.08511
BHR,NY.GDP.MKTP.CD,1985,4152376484.04255
BHR,NY.GDP.MKTP.CD,1984,4440874566.48936
BHR,NY.GDP.MKTP.CD,1983,4247030468.08511
BHR,NY.GDP.MKTP.CD,1982,4145421079.78723
BHR,NY.GDP.MKTP.CD,1981,3943109531.91489
BHR,NY.GDP.MKTP.CD,1980,3493834468.02865
BHR,NY.GDP.MKTP.CD,1979,2710160739.18742
BHR,NY.GDP.MKTP.CD,1978,2272042965.21126
BHR,NY.GDP.MKTP.CD,1977,1989060283.04271
BHR,NY.GDP.MKTP.CD,1976,1581709518.98261
BHR,NY.GDP.MKTP.CD,1975,1099107600.50569
BHR,NY.GDP.MKTP.CD,1974,1042176883.51827
BHR,NY.GDP.MKTP.CD,1973,761132545.104221
BHR,NY.GDP.MKTP.CD,1972,534081183.680728
BHR,NY.GDP.MKTP.CD,1971,422181562.186708
BHR,NY.GDP.MKTP.CD,1970,391577364.077364
BHR,NY.GDP.MKTP.CD,1969,
BHR,NY.GDP.MKTP.CD,1968,
BHR,NY.GDP.MKTP.CD,1967,
BHR,NY.GDP.MKTP.CD,1966,
BHR,NY.GDP.MKTP.CD,1965,
BHR,NY.GDP.MKTP.CD,1964,
BHR,NY.GDP.MKTP.CD,1963,
BHR,NY.GDP.MKTP.CD,1962,
BHR,NY.GDP.MKTP.CD,1961,
BHR,NY.GDP.MKTP.CD,1960,
BGD,NY.GDP.MKTP.CD,2024,450119432068.852
BGD,NY.GDP.MKTP.CD,2023,437415333018.291
BGD,NY.GDP.MKTP.CD,2022,460131689083.083
BGD,NY.GDP.MKTP.CD,2021,416271647911.014
BGD,NY.GDP.MKTP.CD,2020,373979442362.193
BGD,NY.GDP.MKTP.CD,2019,351231654603.692
BGD,NY.GDP.MKTP.CD,2018,321362752441.78
BGD,NY.GDP.MKTP.CD,2017,293732446624.596
BGD,NY.GDP.MKTP.CD,2016,265224515675.034
BGD,NY.GDP.MKTP.CD,2015,195146608978.131
BGD,NY.GDP.MKTP.CD,2014,172886611653.786
BGD,NY.GDP.MKTP.CD,2013,149998957434.186
BGD,NY.GDP.MKTP.CD,2012,133310747603.483
BGD,NY.GDP.MKTP.CD,2011,128607482310.357
BGD,NY.GDP.MKTP.CD,2010,115275540051.262
BGD,NY.GDP.MKTP.CD,2009,102475158190.998
BGD,NY.GDP.MKTP.CD,2008,91636997370.9772
BGD,NY.GDP.MKTP.CD,2007,79611644974.5571
BGD,NY.GDP.MKTP.CD,2006,71795736172.1561
BGD,NY.GDP.MKTP.CD,2005,69476001239.419
BGD,NY.GDP.MKTP.CD,2004,65108544250.0425
BGD,NY.GDP.MKTP.CD,2003,60158929188.2556
BGD,NY.GDP.MKTP.CD,2002,54724081490.5102
BGD,NY.GDP.MKTP.CD,2001,53991289844.3291
BGD,NY.GDP.MKTP.CD,2000,53369787318.6245
BGD,NY.GDP.MKTP.CD,1999,51270569883.5275
BGD,NY.GDP.MKTP.CD,1998,49984559471.3656
BGD,NY.GDP.MKTP.CD,1997,48244309133.4895
BGD,NY.GDP.MKTP.CD,1996,46438484107.5795
BGD,NY.GDP.MKTP.CD,1995,37939748768.6567
BGD,NY.GDP.MKTP.CD,1994,33768660882.793
BGD,NY.GDP.MKTP.CD,1993,33166519417.9894
BGD,NY.GDP.MKTP.CD,1992,31708874594.1645
BGD,NY.GDP.MKTP.CD,1991,30957483949.5798
BGD,NY.GDP.MKTP.CD,1990,31598340778.2164
BGD,NY.GDP.MKTP.CD,1989,28781715188.8919
BGD,NY.GDP.MKTP.CD,1988,26579005558.3652
BGD,NY.GDP.MKTP.CD,1987,24298032258.0645
BGD,NY.GDP.MKTP.CD,1986,21774033333.3333
BGD,NY.GDP.MKTP.CD,1985,22278423076.9231
BGD,NY.GDP.MKTP.CD,1984,18920840000.0
BGD,NY.GDP.MKTP.CD,1983,17609048821.5488
BGD,NY.GDP.MKTP.CD,1982,18525399201.5968
BGD,NY.GDP.MKTP.CD,1981,20249694002.448
BGD,NY.GDP.MKTP.CD,1980,18138049095.6072
BGD,NY.GDP.MKTP.CD,1979,15565480321.9448
BGD,NY.GDP.MKTP.CD,1978,13281767142.8571
BGD,NY.GDP.MKTP.CD,1977,9651149301.8746
BGD,NY.GDP.MKTP.CD,1976,10117113333.3333
BGD,NY.GDP.MKTP.CD,1975,19448348073.4565
BGD,NY.GDP.MKTP.CD,1974,12512460519.7088
BGD,NY.GDP.MKTP.CD,1973,8086725729.3407
BGD,NY.GDP.MKTP.CD,1972,6288245866.66667
BGD,NY.GDP.MKTP.CD,1971,8751843187.5
BGD,NY.GDP.MKTP.CD,1970,8992722166.66667
BGD,NY.GDP.MKTP.CD,1969,8471006437.5
BGD,NY.GDP.MKTP.CD,1968,7483685770.83333
BGD,NY.GDP.MKTP.CD,1967,7253575687.5
BGD,NY.GDP.MKTP.CD,1966,6439687854.16667
BGD,NY.GDP.MKTP.CD,1965,5906636791.66667
BGD,NY.GDP.MKTP.CD,1964,5386054833.33333
BGD,NY.GDP.MKTP.CD,1963,5319458562.5
BGD,NY.GDP.MKTP.CD,1962,5081413541.66667
BGD,NY.GDP.MKTP.CD,1961,4817580375.0
BGD,NY.GDP.MKTP.CD,1960,4274894083.33333
BRB,NY.GDP.MKTP.CD,2024,7498050000.0
BRB,NY.GDP.MKTP.CD,2023,7223250000.0
BRB,NY.GDP.MKTP.CD,2022,6884900000.0
BRB,NY.GDP.MKTP.CD,2021,5947550000.0
BRB,NY.GDP.MKTP.CD,2020,5407050000.0
BRB,NY.GDP.MKTP.CD,2019,6161850000.0
BRB,NY.GDP.MKTP.CD,2018,6001950000.0
BRB,NY.GDP.MKTP.CD,2017,5683150000.0
BRB,NY.GDP.MKTP.CD,2016,5674600000.0
BRB,NY.GDP.MKTP.CD,2015,5698150000.0
BRB,NY.GDP.MKTP.CD,2014,5620600000.0
BRB,NY.GDP.MKTP.CD,2013,5667200000.0
BRB,NY.GDP.MKTP.CD,2012,5761450000.0
BRB,NY.GDP.MKTP.CD,2011,5663100000.0
BRB,NY.GDP.MKTP.CD,2010,5672900000.0
BRB,NY.GDP.MKTP.CD,2009,4466809600.0
BRB,NY.GDP.MKTP.CD,2008,4790410400.0
BRB,NY.GDP.MKTP.CD,2007,4675767950.0
BRB,NY.GDP.MKTP.CD,2006,4217323400.0
BRB,NY.GDP.MKTP.CD,2005,3819500000.0
BRB,NY.GDP.MKTP.CD,2004,3444500000.0
BRB,NY.GDP.MKTP.CD,2003,3209500000.0
BRB,NY.GDP.MKTP.CD,2002,3106500000.0
BRB,NY.GDP.MKTP.CD,2001,3054500000.0
BRB,NY.GDP.MKTP.CD,2000,3059500000.0
BRB,NY.GDP.MKTP.CD,1999,2951822204.54432
BRB,NY.GDP.MKTP.CD,1998,2817083478.34734
BRB,NY.GDP.MKTP.CD,1997,2498384129.66738
BRB,NY.GDP.MKTP.CD,1996,2363645403.47039
BRB,NY.GDP.MKTP.CD,1995,2216974096.35559
BRB,NY.GDP.MKTP.CD,1994,2151344901.30761
BRB,NY.GDP.MKTP.CD,1993,2063342117.03873
BRB,NY.GDP.MKTP.CD,1992,1957000000.0
BRB,NY.GDP.MKTP.CD,1991,2020583702.08323
BRB,NY.GDP.MKTP.CD,1990,2012131457.26644
BRB,NY.GDP.MKTP.CD,1989,2006165166.80754
BRB,NY.GDP.MKTP.CD,1988,1812757917.76463
BRB,NY.GDP.MKTP.CD,1987,1704370307.76115
BRB,NY.GDP.MKTP.CD,1986,1547755183.21484
BRB,NY.GDP.MKTP.CD,1985,1409536120.91682
BRB,NY.GDP.MKTP.CD,1984,1346890071.09829
BRB,NY.GDP.MKTP.CD,1983,1236016506.73694
BRB,NY.GDP.MKTP.CD,1982,1163923830.35847
BRB,NY.GDP.MKTP.CD,1981,1114204743.20091
BRB,NY.GDP.MKTP.CD,1980,1012280614.52792
BRB,NY.GDP.MKTP.CD,1979,670362452.145379
BRB,NY.GDP.MKTP.CD,1978,552883707.055138
BRB,NY.GDP.MKTP.CD,1977,495097667.929041
BRB,NY.GDP.MKTP.CD,1976,435911268.58968
BRB,NY.GDP.MKTP.CD,1975,402178605.019554
BRB,NY.GDP.MKTP.CD,1974,311804629.873599
BRB,NY.GDP.MKTP.CD,1973,260767827.621284
BRB,NY.GDP.MKTP.CD,1972,213725216.665339
BRB,NY.GDP.MKTP.CD,1971,186826503.031076
BRB,NY.GDP.MKTP.CD,1970,166210203.0
BRB,NY.GDP.MKTP.CD,1969,141393142.0
BRB,NY.GDP.MKTP.CD,1968,125733668.5
BRB,NY.GDP.MKTP.CD,1967,125554008.718721
BRB,NY.GDP.MKTP.CD,1966,113195122.762193
BRB,NY.GDP.MKTP.CD,1965,105021996.861675
BRB,NY.GDP.MKTP.CD,1964,99252731.4515047
BRB,NY.GDP.MKTP.CD,1963,99893761.2655968
BRB,NY.GDP.MKTP.CD,1962,88782583.460208
BRB,NY.GDP.MKTP.CD,1961,85363759.3406016
BRB,NY.GDP.MKTP.CD,1960,80021846.9453826
BLR,NY.GDP.MKTP.CD,2024,75961865471.9129
BLR,NY.GDP.MKTP.CD,2023,72478760370.4258
BLR,NY.GDP.MKTP.CD,2022,73775179924.603
BLR,NY.GDP.MKTP.CD,2021,69673747131.87
BLR,NY.GDP.MKTP.CD,2020,61371673344.7424
BLR,NY.GDP.MKTP.CD,2019,64410170653.4569
BLR,NY.GDP.MKTP.CD,2018,60031026576.26
BLR,NY.GDP.MKTP.CD,2017,54725405751.1559
BLR,NY.GDP.MKTP.CD,2016,47723545321.259
BLR,NY.GDP.MKTP.CD,2015,56454769844.7632
BLR,NY.GDP.MKTP.CD,2014,78813069120.9984
BLR,NY.GDP.MKTP.CD,2013,75527558966.4473
BLR,NY.GDP.MKTP.CD,2012,65685890438.8922
BLR,NY.GDP.MKTP.CD,2011,61762382327.9319
BLR,NY.GDP.MKTP.CD,2010,57231904542.8755
BLR,NY.GDP.MKTP.CD,2009,50873167326.0414
BLR,NY.GDP.MKTP.CD,2008,60752106347.126
BLR,NY.GDP.MKTP.CD,2007,45275711995.825
BLR,NY.GDP.MKTP.CD,2006,36961894281.3444
BLR,NY.GDP.MKTP.CD,2005,30210091836.8294
BLR,NY.GDP.MKTP.CD,2004,23141566292.9462
BLR,NY.GDP.MKTP.CD,2003,17825444724.4878
BLR,NY.GDP.MKTP.CD,2002,14594900944.7658
BLR,NY.GDP.MKTP.CD,2001,12354820143.8849
BLR,NY.GDP.MKTP.CD,2000,12736856827.9847
BLR,NY.GDP.MKTP.CD,1999,12138486532.0203
BLR,NY.GDP.MKTP.CD,1998,15222012660.4232
BLR,NY.GDP.MKTP.CD,1997,14128408565.7064
BLR,NY.GDP.MKTP.CD,1996,14500437519.8258
BLR,NY.GDP.MKTP.CD,1995,13972683273.5692
BLR,NY.GDP.MKTP.CD,1994,14931435232.078
BLR,NY.GDP.MKTP.CD,1993,16275073526.9819
BLR,NY.GDP.MKTP.CD,1992,16939790093.9054
BLR,NY.GDP.MKTP.CD,1991,18404907975.4601
BLR,NY.GDP.MKTP.CD,1990,17389558232.9317
BLR,NY.GDP.MKTP.CD,1989,
BLR,NY.GDP.MKTP.CD,1988,
BLR,NY.GDP.MKTP.CD,1987,
BLR,NY.GDP.MKTP.CD,1986,
BLR,NY.GDP.MKTP.CD,1985,
BLR,NY.GDP.MKTP.CD,1984,
BLR,NY.GDP.MKTP.CD,1983,
BLR,NY.GDP.MKTP.CD,1982,
BLR,NY.GDP.MKTP.CD,1981,
BLR,NY.GDP.MKTP.CD,1980,
BLR,NY.GDP.MKTP.CD,1979,
BLR,NY.GDP.MKTP.CD,1978,
BLR,NY.GDP.MKTP.CD,1977,
BLR,NY.GDP.MKTP.CD,1976,
BLR,NY.GDP.MKTP.CD,1975,
BLR,NY.GDP.MKTP.CD,1974,
BLR,NY.GDP.MKTP.CD,1973,
BLR,NY.GDP.MKTP.CD,1972,
BLR,NY.GDP.MKTP.CD,1971,
BLR,NY.GDP.MKTP.CD,1970,
BLR,NY.GDP.MKTP.CD,1969,
BLR,NY.GDP.MKTP.CD,1968,
BLR,NY.GDP.MKTP.CD,1967,
BLR,NY.GDP.MKTP.CD,1966,
BLR,NY.GDP.MKTP.CD,1965,
BLR,NY.GDP.MKTP.CD,1964,
BLR,NY.GDP.MKTP.CD,1963,
BLR,NY.GDP.MKTP.CD,1962,
BLR,NY.GDP.MKTP.CD,1961,
BLR,NY.GDP.MKTP.CD,1960,
BEL,NY.GDP.MKTP.CD,2024,671370081636.406
BEL,NY.GDP.MKTP.CD,2023,651330595110.011
BEL,NY.GDP.MKTP.CD,2022,591085783326.267
BEL,NY.GDP.MKTP.CD,2021,598522422241.851
BEL,NY.GDP.MKTP.CD,2020,529694473501.791
BEL,NY.GDP.MKTP.CD,2019,536726344405.489
BEL,NY.GDP.MKTP.CD,2018,542638913427.921
BEL,NY.GDP.MKTP.CD,2017,500908767351.53
BEL,NY.GDP.MKTP.CD,2016,474271566739.729
BEL,NY.GDP.MKTP.CD,2015,461044767544.531
BEL,NY.GDP.MKTP.CD,2014,537987419164.351
BEL,NY.GDP.MKTP.CD,2013,524097026598.55
BEL,NY.GDP.MKTP.CD,2012,498414364944.961
BEL,NY.GDP.MKTP.CD,2011,527196649048.639
BEL,NY.GDP.MKTP.CD,2010,481556503720.001
BEL,NY.GDP.MKTP.CD,2009,485014525992.461
BEL,NY.GDP.MKTP.CD,2008,517328087920.078
BEL,NY.GDP.MKTP.CD,2007,470922156309.453
BEL,NY.GDP.MKTP.CD,2006,408259840868.823
BEL,NY.GDP.MKTP.CD,2005,385714762230.039
BEL,NY.GDP.MKTP.CD,2004,369214712443.206
BEL,NY.GDP.MKTP.CD,2003,318082528506.588
BEL,NY.GDP.MKTP.CD,2002,258383599375.177
BEL,NY.GDP.MKTP.CD,2001,236746141604.37
BEL,NY.GDP.MKTP.CD,2000,236792460312.471
BEL,NY.GDP.MKTP.CD,1999,258245733221.468
BEL,NY.GDP.MKTP.CD,1998,258528339631.029
BEL,NY.GDP.MKTP.CD,1997,252708051420.839
BEL,NY.GDP.MKTP.CD,1996,279201433224.756
BEL,NY.GDP.MKTP.CD,1995,288025588396.278
BEL,NY.GDP.MKTP.CD,1994,244884129491.198
BEL,NY.GDP.MKTP.CD,1993,224721795708.955
BEL,NY.GDP.MKTP.CD,1992,234781652446.675
BEL,NY.GDP.MKTP.CD,1991,210510999409.333
BEL,NY.GDP.MKTP.CD,1990,205331747947.851
BEL,NY.GDP.MKTP.CD,1989,164221056511.057
BEL,NY.GDP.MKTP.CD,1988,162299103675.261
BEL,NY.GDP.MKTP.CD,1987,149394404105.889
BEL,NY.GDP.MKTP.CD,1986,120018787249.413
BEL,NY.GDP.MKTP.CD,1985,86268264148.3796
BEL,NY.GDP.MKTP.CD,1984,83349530159.1734
BEL,NY.GDP.MKTP.CD,1983,87184239053.2544
BEL,NY.GDP.MKTP.CD,1982,92095926187.5331
BEL,NY.GDP.MKTP.CD,1981,104730018470.23
BEL,NY.GDP.MKTP.CD,1980,126829314388.191
BEL,NY.GDP.MKTP.CD,1979,116315456796.918
BEL,NY.GDP.MKTP.CD,1978,101246526194.441
BEL,NY.GDP.MKTP.CD,1977,82839905458.6382
BEL,NY.GDP.MKTP.CD,1976,71113882967.6071
BEL,NY.GDP.MKTP.CD,1975,65678189097.2908
BEL,NY.GDP.MKTP.CD,1974,56033077879.0389
BEL,NY.GDP.MKTP.CD,1973,47743801490.3747
BEL,NY.GDP.MKTP.CD,1972,37209418018.5134
BEL,NY.GDP.MKTP.CD,1971,29821661869.912
BEL,NY.GDP.MKTP.CD,1970,26706196046.7931
BEL,NY.GDP.MKTP.CD,1969,24019653474.9959
BEL,NY.GDP.MKTP.CD,1968,21654856965.4281
BEL,NY.GDP.MKTP.CD,1967,20252508995.4745
BEL,NY.GDP.MKTP.CD,1966,18894891312.2977
BEL,NY.GDP.MKTP.CD,1965,17597783297.4583
BEL,NY.GDP.MKTP.CD,1964,16168044450.2523
BEL,NY.GDP.MKTP.CD,1963,14445805381.3872
BEL,NY.GDP.MKTP.CD,1962,13436827166.5187
BEL,NY.GDP.MKTP.CD,1961,12561701694.3319
BEL,NY.GDP.MKTP.CD,1960,11810619368.3874
BLZ,NY.GDP.MKTP.CD,2024,3203631800.0
BLZ,NY.GDP.MKTP.CD,2023,3052362650.0
BLZ,NY.GDP.MKTP.CD,2022,2846604350.0
BLZ,NY.GDP.MKTP.CD,2021,2428606250.0
BLZ,NY.GDP.MKTP.CD,2020,2047284600.0
BLZ,NY.GDP.MKTP.CD,2019,2381187850.0
BLZ,NY.GDP.MKTP.CD,2018,2285915050.0
BLZ,NY.GDP.MKTP.CD,2017,2266028250.0
BLZ,NY.GDP.MKTP.CD,2016,2239604950.0
BLZ,NY.GDP.MKTP.CD,2015,2193095150.0
BLZ,NY.GDP.MKTP.CD,2014,2138242200.0
BLZ,NY.GDP.MKTP.CD,2013,2035191450.0
BLZ,NY.GDP.MKTP.CD,2012,1917083500.0
BLZ,NY.GDP.MKTP.CD,2011,1831576700.0
BLZ,NY.GDP.MKTP.CD,2010,1748988400.0
BLZ,NY.GDP.MKTP.CD,2009,1688012750.0
BLZ,NY.GDP.MKTP.CD,2008,1738453600.0
BLZ,NY.GDP.MKTP.CD,2007,1706190450.0
BLZ,NY.GDP.MKTP.CD,2006,1590463100.0
BLZ,NY.GDP.MKTP.CD,2005,1474298400.0
BLZ,NY.GDP.MKTP.CD,2004,1400202000.0
BLZ,NY.GDP.MKTP.CD,2003,1308280250.0
BLZ,NY.GDP.MKTP.CD,2002,1243912050.0
BLZ,NY.GDP.MKTP.CD,2001,1172045150.0
BLZ,NY.GDP.MKTP.CD,2000,1138138100.0
BLZ,NY.GDP.MKTP.CD,1999,999713050.0
BLZ,NY.GDP.MKTP.CD,1998,929047000.0
BLZ,NY.GDP.MKTP.CD,1997,872916050.0
BLZ,NY.GDP.MKTP.CD,1996,850339100.0
BLZ,NY.GDP.MKTP.CD,1995,818590250.0
BLZ,NY.GDP.MKTP.CD,1994,771838000.0
BLZ,NY.GDP.MKTP.CD,1993,752255150.0
BLZ,NY.GDP.MKTP.CD,1992,695741150.0
BLZ,NY.GDP.MKTP.CD,1991,596682100.0
BLZ,NY.GDP.MKTP.CD,1990,546750912.28848
BLZ,NY.GDP.MKTP.CD,1989,491100000.0
BLZ,NY.GDP.MKTP.CD,1988,421450000.0
BLZ,NY.GDP.MKTP.CD,1987,371100000.0
BLZ,NY.GDP.MKTP.CD,1986,311500000.0
BLZ,NY.GDP.MKTP.CD,1985,287300000.0
BLZ,NY.GDP.MKTP.CD,1984,290350000.0
BLZ,NY.GDP.MKTP.CD,1983,262150000.0
BLZ,NY.GDP.MKTP.CD,1982,248550000.0
BLZ,NY.GDP.MKTP.CD,1981,260750000.0
BLZ,NY.GDP.MKTP.CD,1980,257400000.0
BLZ,NY.GDP.MKTP.CD,1979,151800000.0
BLZ,NY.GDP.MKTP.CD,1978,136300000.0
BLZ,NY.GDP.MKTP.CD,1977,117650000.0
BLZ,NY.GDP.MKTP.CD,1976,97094227.2292471
BLZ,NY.GDP.MKTP.CD,1975,118194026.251574
BLZ,NY.GDP.MKTP.CD,1974,103160450.445869
BLZ,NY.GDP.MKTP.CD,1973,78214767.8301496
BLZ,NY.GDP.MKTP.CD,1972,65998069.3847631
BLZ,NY.GDP.MKTP.CD,1971,59074687.1961851
BLZ,NY.GDP.MKTP.CD,1970,53339893.3202134
BLZ,NY.GDP.MKTP.CD,1969,47399905.2001896
BLZ,NY.GDP.MKTP.CD,1968,44999910.00018
BLZ,NY.GDP.MKTP.CD,1967,47431255.747674
BLZ,NY.GDP.MKTP.CD,1966,44450044.4500445
BLZ,NY.GDP.MKTP.CD,1965,40110040.1100401
BLZ,NY.GDP.MKTP.CD,1964,36194586.1945862
BLZ,NY.GDP.MKTP.CD,1963,33750113.7501138
BLZ,NY.GDP.MKTP.CD,1962,31857591.8575919
BLZ,NY.GDP.MKTP.CD,1961,29964999.965
BLZ,NY.GDP.MKTP.CD,1960,28072478.0724781
BEN,NY.GDP.MKTP.CD,2024,21482643706.4249
BEN,NY.GDP.MKTP.CD,2023,19673291004.1444
BEN,NY.GDP.MKTP.CD,2022,17425405090.862
BEN,NY.GDP.MKTP.CD,2021,17687623530.3355
BEN,NY.GDP.MKTP.CD,2020,15686741883.934
BEN,NY.GDP.MKTP.CD,2019,14391686313.4641
BEN,NY.GDP.MKTP.CD,2018,14262408089.9261
BEN,NY.GDP.MKTP.CD,2017,12701655836.9467
BEN,NY.GDP.MKTP.CD,2016,11821065853.3838
BEN,NY.GDP.MKTP.CD,2015,11388160996.7738
BEN,NY.GDP.MKTP.CD,2014,13284527846.9081
BEN,NY.GDP.MKTP.CD,2013,12517845123.9315
BEN,NY.GDP.MKTP.CD,2012,11141358115.8991
BEN,NY.GDP.MKTP.CD,2011,10693321363.6574
BEN,NY.GDP.MKTP.CD,2010,9535345015.78355
BEN,NY.GDP.MKTP.CD,2009,9738626517.00319
BEN,NY.GDP.MKTP.CD,2008,9787734526.23965
BEN,NY.GDP.MKTP.CD,2007,8169048382.83875
BEN,NY.GDP.MKTP.CD,2006,7034111314.88812
BEN,NY.GDP.MKTP.CD,2005,6567654954.38903
BEN,NY.GDP.MKTP.CD,2004,6190270380.49856
BEN,NY.GDP.MKTP.CD,2003,5349258094.48239
BEN,NY.GDP.MKTP.CD,2002,4194342686.2178
BEN,NY.GDP.MKTP.CD,2001,3666222635.13875
BEN,NY.GDP.MKTP.CD,2000,3519991440.47913
BEN,NY.GDP.MKTP.CD,1999,3677393998.74486
BEN,NY.GDP.MKTP.CD,1998,2455092686.34712
BEN,NY.GDP.MKTP.CD,1997,2268301646.46707
BEN,NY.GDP.MKTP.CD,1996,2361116449.39308
BEN,NY.GDP.MKTP.CD,1995,2169627137.9207
BEN,NY.GDP.MKTP.CD,1994,1598075943.86774
BEN,NY.GDP.MKTP.CD,1993,2274558082.76135
BEN,NY.GDP.MKTP.CD,1992,1695315305.70308
BEN,NY.GDP.MKTP.CD,1991,1986437796.53053
BEN,NY.GDP.MKTP.CD,1990,1959965330.14765
BEN,NY.GDP.MKTP.CD,1989,1502294416.17129
BEN,NY.GDP.MKTP.CD,1988,1620246083.79478
BEN,NY.GDP.MKTP.CD,1987,1562412227.90058
BEN,NY.GDP.MKTP.CD,1986,1336102025.27763
BEN,NY.GDP.MKTP.CD,1985,1045712789.14884
BEN,NY.GDP.MKTP.CD,1984,1051134008.78979
BEN,NY.GDP.MKTP.CD,1983,1095348199.43911
BEN,NY.GDP.MKTP.CD,1982,1267778670.35902
BEN,NY.GDP.MKTP.CD,1981,1291120188.43104
BEN,NY.GDP.MKTP.CD,1980,1405251846.54048
BEN,NY.GDP.MKTP.CD,1979,1186231019.82044
BEN,NY.GDP.MKTP.CD,1978,928843469.431727
BEN,NY.GDP.MKTP.CD,1977,750049778.84069
BEN,NY.GDP.MKTP.CD,1976,698408261.922237
BEN,NY.GDP.MKTP.CD,1975,676870140.341529
BEN,NY.GDP.MKTP.CD,1974,554654860.702577
BEN,NY.GDP.MKTP.CD,1973,504376074.185709
BEN,NY.GDP.MKTP.CD,1972,410331856.991218
BEN,NY.GDP.MKTP.CD,1971,335073027.54117
BEN,NY.GDP.MKTP.CD,1970,333627713.494438
BEN,NY.GDP.MKTP.CD,1969,330748244.539574
BEN,NY.GDP.MKTP.CD,1968,326323105.26476
BEN,NY.GDP.MKTP.CD,1967,306221953.104911
BEN,NY.GDP.MKTP.CD,1966,302925235.151997
BEN,NY.GDP.MKTP.CD,1965,289908680.426395
BEN,NY.GDP.MKTP.CD,1964,269819005.87814
BEN,NY.GDP.MKTP.CD,1963,253927697.25805
BEN,NY.GDP.MKTP.CD,1962,236434954.038578
BEN,NY.GDP.MKTP.CD,1961,235668220.508202
BEN,NY.GDP.MKTP.CD,1960,226195578.434497
BMU,NY.GDP.MKTP.CD,2024,9233600000.0
BMU,NY.GDP.MKTP.CD,2023,8579242000.0
BMU,NY.GDP.MKTP.CD,2022,7874381000.0
BMU,NY.GDP.MKTP.CD,2021,7290037000.0
BMU,NY.GDP.MKTP.CD,2020,6887364000.0
BMU,NY.GDP.MKTP.CD,2019,7423465000.0
BMU,NY.GDP.MKTP.CD,2018,7225977000.0
BMU,NY.GDP.MKTP.CD,2017,7142316000.0
BMU,NY.GDP.MKTP.CD,2016,6899911000.0
BMU,NY.GDP.MKTP.CD,2015,6654541000.0
BMU,NY.GDP.MKTP.CD,2014,6413988000.0
BMU,NY.GDP.MKTP.CD,2013,6465756000.0
BMU,NY.GDP.MKTP.CD,2012,6378188000.0
BMU,NY.GDP.MKTP.CD,2011,6312691000.0
BMU,NY.GDP.MKTP.CD,2010,6634526000.0
BMU,NY.GDP.MKTP.CD,2009,6656000000.0
BMU,NY.GDP.MKTP.CD,2008,6980000000.0
BMU,NY.GDP.MKTP.CD,2007,6767000000.0
BMU,NY.GDP.MKTP.CD,2006,6144000000.0
BMU,NY.GDP.MKTP.CD,2005,4868136000.0
BMU,NY.GDP.MKTP.CD,2004,4484703000.0
BMU,NY.GDP.MKTP.CD,2003,4186525000.0
BMU,NY.GDP.MKTP.CD,2002,3937228000.0
BMU,NY.GDP.MKTP.CD,2001,3680483000.0
BMU,NY.GDP.MKTP.CD,2000,3480219000.0
BMU,NY.GDP.MKTP.CD,1999,3324433000.0
BMU,NY.GDP.MKTP.CD,1998,3130748000.0
BMU,NY.GDP.MKTP.CD,1997,2932827000.0
BMU,NY.GDP.MKTP.CD,1996,2695390000.0
BMU,NY.GDP.MKTP.CD,1995,2030750000.0
BMU,NY.GDP.MKTP.CD,1994,1867160100.0
BMU,NY.GDP.MKTP.CD,1993,1820359900.0
BMU,NY.GDP.MKTP.CD,1992,1679900000.0
BMU,NY.GDP.MKTP.CD,1991,1634900000.0
BMU,NY.GDP.MKTP.CD,1990,1592400000.0
BMU,NY.GDP.MKTP.CD,1989,1501500032.0
BMU,NY.GDP.MKTP.CD,1988,1415100032.0
BMU,NY.GDP.MKTP.CD,1987,1296499968.0
BMU,NY.GDP.MKTP.CD,1986,1173500032.0
BMU,NY.GDP.MKTP.CD,1985,1039500032.0
BMU,NY.GDP.MKTP.CD,1984,985699968.0
BMU,NY.GDP.MKTP.CD,1983,889400000.0
BMU,NY.GDP.MKTP.CD,1982,785500032.0
BMU,NY.GDP.MKTP.CD,1981,739100032.0
BMU,NY.GDP.MKTP.CD,1980,613299968.0
BMU,NY.GDP.MKTP.CD,1979,517200000.0
BMU,NY.GDP.MKTP.CD,1978,475800000.0
BMU,NY.GDP.MKTP.CD,1977,447000000.0
BMU,NY.GDP.MKTP.CD,1976,386300000.0
BMU,NY.GDP.MKTP.CD,1975,345000000.0
BMU,NY.GDP.MKTP.CD,1974,312600000.0
BMU,NY.GDP.MKTP.CD,1973,269500000.0
BMU,NY.GDP.MKTP.CD,1972,235400000.0
BMU,NY.GDP.MKTP.CD,1971,211100000.0
BMU,NY.GDP.MKTP.CD,1970,186300000.0
BMU,NY.GDP.MKTP.CD,1969,164900000.0
BMU,NY.GDP.MKTP.CD,1968,150000000.0
BMU,NY.GDP.MKTP.CD,1967,134800000.0
BMU,NY.GDP.MKTP.CD,1966,115000000.0
BMU,NY.GDP.MKTP.CD,1965,98000000.0
BMU,NY.GDP.MKTP.CD,1964,92200000.0
BMU,NY.GDP.MKTP.CD,1963,82600000.0
BMU,NY.GDP.MKTP.CD,1962,80700000.0
BMU,NY.GDP.MKTP.CD,1961,76500000.0
BMU,NY.GDP.MKTP.CD,1960,72400000.0
BTN,NY.GDP.MKTP.CD,2024,
BTN,NY.GDP.MKTP.CD,2023,3012896789.24928
BTN,NY.GDP.MKTP.CD,2022,2898227743.75576
BTN,NY.GDP.MKTP.CD,2021,2768802960.11204
BTN,NY.GDP.MKTP.CD,2020,2457604333.90927
BTN,NY.GDP.MKTP.CD,2019,2735683570.46155
BTN,NY.GDP.MKTP.CD,2018,2583335721.85904
BTN,NY.GDP.MKTP.CD,2017,2591358009.20276
BTN,NY.GDP.MKTP.CD,2016,2357504760.78592
BTN,NY.GDP.MKTP.CD,2015,2187815803.36833
BTN,NY.GDP.MKTP.CD,2014,2089079570.58285
BTN,NY.GDP.MKTP.CD,2013,1943696951.65411
BTN,NY.GDP.MKTP.CD,2012,1973387227.96519
BTN,NY.GDP.MKTP.CD,2011,1977728658.68259
BTN,NY.GDP.MKTP.CD,2010,1708880730.20989
BTN,NY.GDP.MKTP.CD,2009,1331343797.77308
BTN,NY.GDP.MKTP.CD,2008,1317517834.59916
BTN,NY.GDP.MKTP.CD,2007,1255767964.00491
BTN,NY.GDP.MKTP.CD,2006,942879878.538879
BTN,NY.GDP.MKTP.CD,2005,860391000.221655
BTN,NY.GDP.MKTP.CD,2004,735348490.428435
BTN,NY.GDP.MKTP.CD,2003,651935430.314445
BTN,NY.GDP.MKTP.CD,2002,559345263.708309
BTN,NY.GDP.MKTP.CD,2001,496110225.710307
BTN,NY.GDP.MKTP.CD,2000,460733418.399276
BTN,NY.GDP.MKTP.CD,1999,399311199.50776
BTN,NY.GDP.MKTP.CD,1998,363458380.903342
BTN,NY.GDP.MKTP.CD,1997,352229076.707627
BTN,NY.GDP.MKTP.CD,1996,303408345.620078
BTN,NY.GDP.MKTP.CD,1995,290490983.815778
BTN,NY.GDP.MKTP.CD,1994,258954708.048533
BTN,NY.GDP.MKTP.CD,1993,225973692.8371
BTN,NY.GDP.MKTP.CD,1992,240233531.160464
BTN,NY.GDP.MKTP.CD,1991,240294286.015925
BTN,NY.GDP.MKTP.CD,1990,287765007.112863
BTN,NY.GDP.MKTP.CD,1989,264798626.174848
BTN,NY.GDP.MKTP.CD,1988,272298066.556045
BTN,NY.GDP.MKTP.CD,1987,242742766.346488
BTN,NY.GDP.MKTP.CD,1986,191218115.488485
BTN,NY.GDP.MKTP.CD,1985,163288815.361294
BTN,NY.GDP.MKTP.CD,1984,160423493.936194
BTN,NY.GDP.MKTP.CD,1983,156704289.913612
BTN,NY.GDP.MKTP.CD,1982,141439317.399271
BTN,NY.GDP.MKTP.CD,1981,139174178.090189
BTN,NY.GDP.MKTP.CD,1980,128669200.916451
BTN,NY.GDP.MKTP.CD,1979,105377995.200713
BTN,NY.GDP.MKTP.CD,1978,94086227.6084972
BTN,NY.GDP.MKTP.CD,1977,97884433.8024868
BTN,NY.GDP.MKTP.CD,1976,88461262.7788474
BTN,NY.GDP.MKTP.CD,1975,86820762.4931172
BTN,NY.GDP.MKTP.CD,1974,92901784.4986973
BTN,NY.GDP.MKTP.CD,1973,78900289.3165483
BTN,NY.GDP.MKTP.CD,1972,70139866.8083136
BTN,NY.GDP.MKTP.CD,1971,66289450.3252986
BTN,NY.GDP.MKTP.CD,1970,61812113.0666667
BTN,NY.GDP.MKTP.CD,1969,
BTN,NY.GDP.MKTP.CD,1968,
BTN,NY.GDP.MKTP.CD,1967,
BTN,NY.GDP.MKTP.CD,1966,
BTN,NY.GDP.MKTP.CD,1965,
BTN,NY.GDP.MKTP.CD,1964,
BTN,NY.GDP.MKTP.CD,1963,
BTN,NY.GDP.MKTP.CD,1962,
BTN,NY.GDP.MKTP.CD,1961,
BTN,NY.GDP.MKTP.CD,1960,
BOL,NY.GDP.MKTP.CD,2024,54881327452.9667
BOL,NY.GDP.MKTP.CD,2023,52340206946.4544
BOL,NY.GDP.MKTP.CD,2022,50959081953.6903
BOL,NY.GDP.MKTP.CD,2021,47877892402.3155
BOL,NY.GDP.MKTP.CD,2020,42313784081.042
BOL,NY.GDP.MKTP.CD,2019,49056643589.0014
BOL,NY.GDP.MKTP.CD,2018,48414038842.2576
BOL,NY.GDP.MKTP.CD,2017,45927439594.7902
BOL,NY.GDP.MKTP.CD,2016,33941126193.9219
BOL,NY.GDP.MKTP.CD,2015,33000198248.9146
BOL,NY.GDP.MKTP.CD,2014,32996188017.3661
BOL,NY.GDP.MKTP.CD,2013,30659338885.6729
BOL,NY.GDP.MKTP.CD,2012,27084497481.9103
BOL,NY.GDP.MKTP.CD,2011,23963164696.592
BOL,NY.GDP.MKTP.CD,2010,19649723722.1034
BOL,NY.GDP.MKTP.CD,2009,17339992193.7322
BOL,NY.GDP.MKTP.CD,2008,16674276285.8956
BOL,NY.GDP.MKTP.CD,2007,13120108008.3477
BOL,NY.GDP.MKTP.CD,2006,11451844902.2214
BOL,NY.GDP.MKTP.CD,2005,9549122905.32852
BOL,NY.GDP.MKTP.CD,2004,8773451751.5121
BOL,NY.GDP.MKTP.CD,2003,8082399639.54305
BOL,NY.GDP.MKTP.CD,2002,7905485146.44351
BOL,NY.GDP.MKTP.CD,2001,8141516928.39489
BOL,NY.GDP.MKTP.CD,2000,8397855484.76908
BOL,NY.GDP.MKTP.CD,1999,8285064434.56826
BOL,NY.GDP.MKTP.CD,1998,8497494652.12546
BOL,NY.GDP.MKTP.CD,1997,7925736821.45034
BOL,NY.GDP.MKTP.CD,1996,7396949126.35685
BOL,NY.GDP.MKTP.CD,1995,6715161732.22658
BOL,NY.GDP.MKTP.CD,1994,5981222858.82727
BOL,NY.GDP.MKTP.CD,1993,5734699488.84934
BOL,NY.GDP.MKTP.CD,1992,5643868748.68126
BOL,NY.GDP.MKTP.CD,1991,5343262457.10226
BOL,NY.GDP.MKTP.CD,1990,4867582597.51312
BOL,NY.GDP.MKTP.CD,1989,4715973437.43673
BOL,NY.GDP.MKTP.CD,1988,4597612362.2748
BOL,NY.GDP.MKTP.CD,1987,4347956337.93221
BOL,NY.GDP.MKTP.CD,1986,3959382833.13461
BOL,NY.GDP.MKTP.CD,1985,5377276554.93016
BOL,NY.GDP.MKTP.CD,1984,6169483225.35915
BOL,NY.GDP.MKTP.CD,1983,5422656823.38212
BOL,NY.GDP.MKTP.CD,1982,5594126368.90981
BOL,NY.GDP.MKTP.CD,1981,5891598694.9429
BOL,NY.GDP.MKTP.CD,1980,4537479608.48287
BOL,NY.GDP.MKTP.CD,1979,4421336382.94397
BOL,NY.GDP.MKTP.CD,1978,3758220889.55522
BOL,NY.GDP.MKTP.CD,1977,3227436281.85907
BOL,NY.GDP.MKTP.CD,1976,2731984007.996
BOL,NY.GDP.MKTP.CD,1975,2404697651.17441
BOL,NY.GDP.MKTP.CD,1974,2100249875.06247
BOL,NY.GDP.MKTP.CD,1973,1262968515.74213
BOL,NY.GDP.MKTP.CD,1972,1257615644.97932
BOL,NY.GDP.MKTP.CD,1971,1095622895.6229
BOL,NY.GDP.MKTP.CD,1970,1017003367.00337
BOL,NY.GDP.MKTP.CD,1969,929629629.62963
BOL,NY.GDP.MKTP.CD,1968,857912457.912458
BOL,NY.GDP.MKTP.CD,1967,755808080.808081
BOL,NY.GDP.MKTP.CD,1966,669191919.191919
BOL,NY.GDP.MKTP.CD,1965,604377104.377104
BOL,NY.GDP.MKTP.CD,1964,544023569.023569
BOL,NY.GDP.MKTP.CD,1963,482828282.828283
BOL,NY.GDP.MKTP.CD,1962,448400673.400673
BOL,NY.GDP.MKTP.CD,1961,410101010.10101
BOL,NY.GDP.MKTP.CD,1960,377020202.020202
BIH,NY.GDP.MKTP.CD,2024,29613572022.8993
BIH,NY.GDP.MKTP.CD,2023,27592361498.4057
BIH,NY.GDP.MKTP.CD,2022,24534663636.1778
BIH,NY.GDP.MKTP.CD,2021,23672712121.2671
BIH,NY.GDP.MKTP.CD,2020,20226038369.9191
BIH,NY.GDP.MKTP.CD,2019,20482608984.3316
BIH,NY.GDP.MKTP.CD,2018,20484058033.1144
BIH,NY.GDP.MKTP.CD,2017,18326373135.6099
BIH,NY.GDP.MKTP.CD,2016,17116926553.8513
BIH,NY.GDP.MKTP.CD,2015,16404348361.0926
BIH,NY.GDP.MKTP.CD,2014,18558734107.1478
BIH,NY.GDP.MKTP.CD,2013,18179109209.3892
BIH,NY.GDP.MKTP.CD,2012,17226735995.6905
BIH,NY.GDP.MKTP.CD,2011,18644233537.1093
BIH,NY.GDP.MKTP.CD,2010,17176315803.7298
BIH,NY.GDP.MKTP.CD,2009,17613949091.2294
BIH,NY.GDP.MKTP.CD,2008,19112796623.1175
BIH,NY.GDP.MKTP.CD,2007,15778734264.3787
BIH,NY.GDP.MKTP.CD,2006,12864841905.9543
BIH,NY.GDP.MKTP.CD,2005,11222796336.5426
BIH,NY.GDP.MKTP.CD,2004,10156541220.9704
BIH,NY.GDP.MKTP.CD,2003,8498894359.38629
BIH,NY.GDP.MKTP.CD,2002,6728220982.88398
BIH,NY.GDP.MKTP.CD,2001,5800615374.76094
BIH,NY.GDP.MKTP.CD,2000,5567772768.81188
BIH,NY.GDP.MKTP.CD,1999,4686256363.04707
BIH,NY.GDP.MKTP.CD,1998,4116774300.60671
BIH,NY.GDP.MKTP.CD,1997,3671909673.04401
BIH,NY.GDP.MKTP.CD,1996,2786045321.63743
BIH,NY.GDP.MKTP.CD,1995,1866572953.73665
BIH,NY.GDP.MKTP.CD,1994,1255802469.1358
BIH,NY.GDP.MKTP.CD,1993,3630668949.83246
BIH,NY.GDP.MKTP.CD,1992,4735044707.23969
BIH,NY.GDP.MKTP.CD,1991,6122959183.67347
BIH,NY.GDP.MKTP.CD,1990,7753478260.86957
BIH,NY.GDP.MKTP.CD,1989,
BIH,NY.GDP.MKTP.CD,1988,
BIH,NY.GDP.MKTP.CD,1987,
BIH,NY.GDP.MKTP.CD,1986,
BIH,NY.GDP.MKTP.CD,1985,
BIH,NY.GDP.MKTP.CD,1984,
BIH,NY.GDP.MKTP.CD,1983,
BIH,NY.GDP.MKTP.CD,1982,
BIH,NY.GDP.MKTP.CD,1981,
BIH,NY.GDP.MKTP.CD,1980,
BIH,NY.GDP.MKTP.CD,1979,
BIH,NY.GDP.MKTP.CD,1978,
BIH,NY.GDP.MKTP.CD,1977,
BIH,NY.GDP.MKTP.CD,1976,
BIH,NY.GDP.MKTP.CD,1975,
BIH,NY.GDP.MKTP.CD,1974,
BIH,NY.GDP.MKTP.CD,1973,
BIH,NY.GDP.MKTP.CD,1972,
BIH,NY.GDP.MKTP.CD,1971,
BIH,NY.GDP.MKTP.CD,1970,
BIH,NY.GDP.MKTP.CD,1969,
BIH,NY.GDP.MKTP.CD,1968,
BIH,NY.GDP.MKTP.CD,1967,
BIH,NY.GDP.MKTP.CD,1966,
BIH,NY.GDP.MKTP.CD,1965,
BIH,NY.GDP.MKTP.CD,1964,
BIH,NY.GDP.MKTP.CD,1963,
BIH,NY.GDP.MKTP.CD,1962,
BIH,NY.GDP.MKTP.CD,1961,
BIH,NY.GDP.MKTP.CD,1960,
BWA,NY.GDP.MKTP.CD,2024,19402063512.9066
BWA,NY.GDP.MKTP.CD,2023,19411266967.1044
BWA,NY.GDP.MKTP.CD,2022,20321150599.1523
BWA,NY.GDP.MKTP.CD,2021,18750182236.2211
BWA,NY.GDP.MKTP.CD,2020,14960251607.8135
BWA,NY.GDP.MKTP.CD,2019,16725908148.5481
BWA,NY.GDP.MKTP.CD,2018,17031943186.1353
BWA,NY.GDP.MKTP.CD,2017,16105155856.7708
BWA,NY.GDP.MKTP.CD,2016,15082637184.0496
BWA,NY.GDP.MKTP.CD,2015,13530748844.505
BWA,NY.GDP.MKTP.CD,2014,15470088500.7414
BWA,NY.GDP.MKTP.CD,2013,14271738933.2042
BWA,NY.GDP.MKTP.CD,2012,13907464500.1489
BWA,NY.GDP.MKTP.CD,2011,15110643612.1729
BWA,NY.GDP.MKTP.CD,2010,12637273429.1339
BWA,NY.GDP.MKTP.CD,2009,10118459242.3183
BWA,NY.GDP.MKTP.CD,2008,10730829116.4105
BWA,NY.GDP.MKTP.CD,2007,10567270655.5027
BWA,NY.GDP.MKTP.CD,2006,9919158482.41085
BWA,NY.GDP.MKTP.CD,2005,9918907108.09702
BWA,NY.GDP.MKTP.CD,2004,8957467706.5354
BWA,NY.GDP.MKTP.CD,2003,7511582173.37724
BWA,NY.GDP.MKTP.CD,2002,5438863982.88692
BWA,NY.GDP.MKTP.CD,2001,5489608299.66445
BWA,NY.GDP.MKTP.CD,2000,5788329609.15755
BWA,NY.GDP.MKTP.CD,1999,5484263346.88105
BWA,NY.GDP.MKTP.CD,1998,4790481509.17679
BWA,NY.GDP.MKTP.CD,1997,5020265626.66489
BWA,NY.GDP.MKTP.CD,1996,4847757217.75815
BWA,NY.GDP.MKTP.CD,1995,4730599121.92704
BWA,NY.GDP.MKTP.CD,1994,4259259604.15623
BWA,NY.GDP.MKTP.CD,1993,4160129174.70569
BWA,NY.GDP.MKTP.CD,1992,4146464586.61674
BWA,NY.GDP.MKTP.CD,1991,3942876703.45184
BWA,NY.GDP.MKTP.CD,1990,3790636324.44775
BWA,NY.GDP.MKTP.CD,1989,3083822112.02023
BWA,NY.GDP.MKTP.CD,1988,2644554158.72794
BWA,NY.GDP.MKTP.CD,1987,1965226890.04557
BWA,NY.GDP.MKTP.CD,1986,1392602163.53829
BWA,NY.GDP.MKTP.CD,1985,1114783342.71539
BWA,NY.GDP.MKTP.CD,1984,1240822167.43571
BWA,NY.GDP.MKTP.CD,1983,1172230396.58099
BWA,NY.GDP.MKTP.CD,1982,1014945695.71927
BWA,NY.GDP.MKTP.CD,1981,1073812830.30052
BWA,NY.GDP.MKTP.CD,1980,1060889703.75374
BWA,NY.GDP.MKTP.CD,1979,819870258.783053
BWA,NY.GDP.MKTP.CD,1978,590407374.447116
BWA,NY.GDP.MKTP.CD,1977,451624780.274597
BWA,NY.GDP.MKTP.CD,1976,372025093.006273
BWA,NY.GDP.MKTP.CD,1975,355168571.536751
BWA,NY.GDP.MKTP.CD,1974,306044207.530203
BWA,NY.GDP.MKTP.CD,1973,244124164.042218
BWA,NY.GDP.MKTP.CD,1972,164460914.977201
BWA,NY.GDP.MKTP.CD,1971,127448613.505061
BWA,NY.GDP.MKTP.CD,1970,96243233.6609837
BWA,NY.GDP.MKTP.CD,1969,77361546.5067537
BWA,NY.GDP.MKTP.CD,1968,66248441.4182466
BWA,NY.GDP.MKTP.CD,1967,58642354.089673
BWA,NY.GDP.MKTP.CD,1966,51465655.3921083
BWA,NY.GDP.MKTP.CD,1965,45788696.3343915
BWA,NY.GDP.MKTP.CD,1964,41616347.7906865
BWA,NY.GDP.MKTP.CD,1963,38091842.8546863
BWA,NY.GDP.MKTP.CD,1962,35644956.6430429
BWA,NY.GDP.MKTP.CD,1961,32902612.8664855
BWA,NY.GDP.MKTP.CD,1960,30411413.6552828
BRA,NY.GDP.MKTP.CD,2024,2185821648943.86
BRA,NY.GDP.MKTP.CD,2023,2191131869706.02
BRA,NY.GDP.MKTP.CD,2022,1951923832083.87
BRA,NY.GDP.MKTP.CD,2021,1670647464062.96
BRA,NY.GDP.MKTP.CD,2020,1476107292151.95
BRA,NY.GDP.MKTP.CD,2019,1873288158838.63
BRA,NY.GDP.MKTP.CD,2018,1916933708352.71
BRA,NY.GDP.MKTP.CD,2017,2063514688805.78
BRA,NY.GDP.MKTP.CD,2016,1795693265999.04
BRA,NY.GDP.MKTP.CD,2015,1802211999456.42
BRA,NY.GDP.MKTP.CD,2014,2456043766032.38
BRA,NY.GDP.MKTP.CD,2013,2472819362043.74
BRA,NY.GDP.MKTP.CD,2012,2465228293706.86
BRA,NY.GDP.MKTP.CD,2011,2616156606579.21
BRA,NY.GDP.MKTP.CD,2010,2208838108484.35
BRA,NY.GDP.MKTP.CD,2009,1666996294252.12
BRA,NY.GDP.MKTP.CD,2008,1695855391757.96
BRA,NY.GDP.MKTP.CD,2007,1397114247188.89
BRA,NY.GDP.MKTP.CD,2006,1107626711163.23
BRA,NY.GDP.MKTP.CD,2005,891633826625.407
BRA,NY.GDP.MKTP.CD,2004,669289321944.512
BRA,NY.GDP.MKTP.CD,2003,558233724164.711
BRA,NY.GDP.MKTP.CD,2002,509795270685.19
BRA,NY.GDP.MKTP.CD,2001,559983704094.17
BRA,NY.GDP.MKTP.CD,2000,655448188259.351
BRA,NY.GDP.MKTP.CD,1999,599642075004.471
BRA,NY.GDP.MKTP.CD,1998,863711007325.493
BRA,NY.GDP.MKTP.CD,1997,883206452795.124
BRA,NY.GDP.MKTP.CD,1996,850426433004.077
BRA,NY.GDP.MKTP.CD,1995,769333330411.575
BRA,NY.GDP.MKTP.CD,1994,525369851353.742
BRA,NY.GDP.MKTP.CD,1993,368295778245.09
BRA,NY.GDP.MKTP.CD,1992,328187960871.951
BRA,NY.GDP.MKTP.CD,1991,342609231342.783
BRA,NY.GDP.MKTP.CD,1990,390725626002.866
BRA,NY.GDP.MKTP.CD,1989,412990820287.42
BRA,NY.GDP.MKTP.CD,1988,307881930752.268
BRA,NY.GDP.MKTP.CD,1987,283056836893.838
BRA,NY.GDP.MKTP.CD,1986,256480852471.129
BRA,NY.GDP.MKTP.CD,1985,210879844638.877
BRA,NY.GDP.MKTP.CD,1984,188339974086.58
BRA,NY.GDP.MKTP.CD,1983,189656506321.431
BRA,NY.GDP.MKTP.CD,1982,271314113768.417
BRA,NY.GDP.MKTP.CD,1981,258015174748.648
BRA,NY.GDP.MKTP.CD,1980,237393489892.637
BRA,NY.GDP.MKTP.CD,1979,221338204480.222
BRA,NY.GDP.MKTP.CD,1978,200278646123.581
BRA,NY.GDP.MKTP.CD,1977,176344101401.941
BRA,NY.GDP.MKTP.CD,1976,153168949208.207
BRA,NY.GDP.MKTP.CD,1975,129203555238.827
BRA,NY.GDP.MKTP.CD,1974,109794519727.538
BRA,NY.GDP.MKTP.CD,1973,83592275862.9982
BRA,NY.GDP.MKTP.CD,1972,58434858374.8696
BRA,NY.GDP.MKTP.CD,1971,48869830901.7878
BRA,NY.GDP.MKTP.CD,1970,42327664793.6934
BRA,NY.GDP.MKTP.CD,1969,37171640818.5863
BRA,NY.GDP.MKTP.CD,1968,33930457425.2613
BRA,NY.GDP.MKTP.CD,1967,31086389194.961
BRA,NY.GDP.MKTP.CD,1966,28283323733.1114
BRA,NY.GDP.MKTP.CD,1965,22465522884.0988
BRA,NY.GDP.MKTP.CD,1964,20963733694.9749
BRA,NY.GDP.MKTP.CD,1963,23287712878.2002
BRA,NY.GDP.MKTP.CD,1962,19231747851.5332
BRA,NY.GDP.MKTP.CD,1961,17275940449.3837
BRA,NY.GDP.MKTP.CD,1960,17030465539.3906
VGB,NY.GDP.MKTP.CD,2024,
VGB,NY.GDP.MKTP.CD,2023,
VGB,NY.GDP.MKTP.CD,2022,
VGB,NY.GDP.MKTP.CD,2021,
VGB,NY.GDP.MKTP.CD,2020,
VGB,NY.GDP.MKTP.CD,2019,
VGB,NY.GDP.MKTP.CD,2018,
VGB,NY.GDP.MKTP.CD,2017,
VGB,NY.GDP.MKTP.CD,2016,
VGB,NY.GDP.MKTP.CD,2015,
VGB,NY.GDP.MKTP.CD,2014,
VGB,NY.GDP.MKTP.CD,2013,
VGB,NY.GDP.MKTP.CD,2012,
VGB,NY.GDP.MKTP.CD,2011,
VGB,NY.GDP.MKTP.CD,2010,
VGB,NY.GDP.MKTP.CD,2009,
VGB,NY.GDP.MKTP.CD,2008,
VGB,NY.GDP.MKTP.CD,2007,
VGB,NY.GDP.MKTP.CD,2006,
VGB,NY.GDP.MKTP.CD,2005,
VGB,NY.GDP.MKTP.CD,2004,
VGB,NY.GDP.MKTP.CD,2003,
VGB,NY.GDP.MKTP.CD,2002,
VGB,NY.GDP.MKTP.CD,2001,
VGB,NY.GDP.MKTP.CD,2000,
VGB,NY.GDP.MKTP.CD,1999,
VGB,NY.GDP.MKTP.CD,1998,
VGB,NY.GDP.MKTP.CD,1997,
VGB,NY.GDP.MKTP.CD,1996,
VGB,NY.GDP.MKTP.CD,1995,
VGB,NY.GDP.MKTP.CD,1994,
VGB,NY.GDP.MKTP.CD,1993,
VGB,NY.GDP.MKTP.CD,1992,
VGB,NY.GDP.MKTP.CD,1991,
VGB,NY.GDP.MKTP.CD,1990,
VGB,NY.GDP.MKTP.CD,1989,
VGB,NY.GDP.MKTP.CD,1988,
VGB,NY.GDP.MKTP.CD,1987,
VGB,NY.GDP.MKTP.CD,1986,
VGB,NY.GDP.MKTP.CD,1985,
VGB,NY.GDP.MKTP.CD,1984,
VGB,NY.GDP.MKTP.CD,1983,
VGB,NY.GDP.MKTP.CD,1982,
VGB,NY.GDP.MKTP.CD,1981,
VGB,NY.GDP.MKTP.CD,1980,
VGB,NY.GDP.MKTP.CD,1979,
VGB,NY.GDP.MKTP.CD,1978,
VGB,NY.GDP.MKTP.CD,1977,
VGB,NY.GDP.MKTP.CD,1976,
VGB,NY.GDP.MKTP.CD,1975,
VGB,NY.GDP.MKTP.CD,1974,
VGB,NY.GDP.MKTP.CD,1973,
VGB,NY.GDP.MKTP.CD,1972,
VGB,NY.GDP.MKTP.CD,1971,
VGB,NY.GDP.MKTP.CD,1970,
VGB,NY.GDP.MKTP.CD,1969,
VGB,NY.GDP.MKTP.CD,1968,
VGB,NY.GDP.MKTP.CD,1967,
VGB,NY.GDP.MKTP.CD,1966,
VGB,NY.GDP.MKTP.CD,1965,
VGB,NY.GDP.MKTP.CD,1964,
VGB,NY.GDP.MKTP.CD,1963,
VGB,NY.GDP.MKTP.CD,1962,
VGB,NY.GDP.MKTP.CD,1961,
VGB,NY.GDP.MKTP.CD,1960,
BRN,NY.GDP.MKTP.CD,2024,15340808592.48
BRN,NY.GDP.MKTP.CD,2023,15095084656.1634
BRN,NY.GDP.MKTP.CD,2022,16681536466.7183
BRN,NY.GDP.MKTP.CD,2021,14006496617.4458
BRN,NY.GDP.MKTP.CD,2020,12005799653.9835
BRN,NY.GDP.MKTP.CD,2019,13469235364.7032
BRN,NY.GDP.MKTP.CD,2018,13566908391.0895
BRN,NY.GDP.MKTP.CD,2017,12128168045.1245
BRN,NY.GDP.MKTP.CD,2016,11400266044.6651
BRN,NY.GDP.MKTP.CD,2015,12930296870.1247
BRN,NY.GDP.MKTP.CD,2014,17097797386.0336
BRN,NY.GDP.MKTP.CD,2013,18094148098.6536
BRN,NY.GDP.MKTP.CD,2012,19048443340.7732
BRN,NY.GDP.MKTP.CD,2011,18524791062.657
BRN,NY.GDP.MKTP.CD,2010,13707121038.4383
BRN,NY.GDP.MKTP.CD,2009,11912904509.8582
BRN,NY.GDP.MKTP.CD,2008,15926456515.0049
BRN,NY.GDP.MKTP.CD,2007,13432029484.4012
BRN,NY.GDP.MKTP.CD,2006,12644616418.691
BRN,NY.GDP.MKTP.CD,2005,10547202620.5286
BRN,NY.GDP.MKTP.CD,2004,8619178773.51458
BRN,NY.GDP.MKTP.CD,2003,7167725261.92713
BRN,NY.GDP.MKTP.CD,2002,6333082875.56937
BRN,NY.GDP.MKTP.CD,2001,6096155767.38145
BRN,NY.GDP.MKTP.CD,2000,6570999087.56742
BRN,NY.GDP.MKTP.CD,1999,6309070377.5966
BRN,NY.GDP.MKTP.CD,1998,5550846019.54348
BRN,NY.GDP.MKTP.CD,1997,7793034376.20807
BRN,NY.GDP.MKTP.CD,1996,7663377306.04996
BRN,NY.GDP.MKTP.CD,1995,7700144069.1419
BRN,NY.GDP.MKTP.CD,1994,6467782517.72242
BRN,NY.GDP.MKTP.CD,1993,6203339912.15448
BRN,NY.GDP.MKTP.CD,1992,6327966435.17026
BRN,NY.GDP.MKTP.CD,1991,6284497293.85546
BRN,NY.GDP.MKTP.CD,1990,6039881086.68157
BRN,NY.GDP.MKTP.CD,1989,4983622880.99938
BRN,NY.GDP.MKTP.CD,1988,4535130304.71096
BRN,NY.GDP.MKTP.CD,1987,4918010080.03047
BRN,NY.GDP.MKTP.CD,1986,4190280002.67381
BRN,NY.GDP.MKTP.CD,1985,6967623884.42343
BRN,NY.GDP.MKTP.CD,1984,7632788075.1621
BRN,NY.GDP.MKTP.CD,1983,7927590750.39502
BRN,NY.GDP.MKTP.CD,1982,8932198185.72876
BRN,NY.GDP.MKTP.CD,1981,9367218664.31094
BRN,NY.GDP.MKTP.CD,1980,10795432293.6119
BRN,NY.GDP.MKTP.CD,1979,6044367628.28515
BRN,NY.GDP.MKTP.CD,1978,4100423673.58759
BRN,NY.GDP.MKTP.CD,1977,3681242528.32494
BRN,NY.GDP.MKTP.CD,1976,3054765590.29214
BRN,NY.GDP.MKTP.CD,1975,2496420257.54042
BRN,NY.GDP.MKTP.CD,1974,2319576214.21329
BRN,NY.GDP.MKTP.CD,1973,433095526.686136
BRN,NY.GDP.MKTP.CD,1972,270822782.026674
BRN,NY.GDP.MKTP.CD,1971,197525767.791735
BRN,NY.GDP.MKTP.CD,1970,179078929.315763
BRN,NY.GDP.MKTP.CD,1969,161210236.44168
BRN,NY.GDP.MKTP.CD,1968,160818235.866746
BRN,NY.GDP.MKTP.CD,1967,139029537.243321
BRN,NY.GDP.MKTP.CD,1966,132757528.044374
BRN,NY.GDP.MKTP.CD,1965,114039500.591268
BRN,NY.GDP.MKTP.CD,1964,
BRN,NY.GDP.MKTP.CD,1963,
BRN,NY.GDP.MKTP.CD,1962,
BRN,NY.GDP.MKTP.CD,1961,
BRN,NY.GDP.MKTP.CD,1960,
BGR,NY.GDP.MKTP.CD,2024,113343355779.985
BGR,NY.GDP.MKTP.CD,2023,102199231384.542
BGR,NY.GDP.MKTP.CD,2022,90506153293.6733
BGR,NY.GDP.MKTP.CD,2021,84374613233.36
BGR,NY.GDP.MKTP.CD,2020,70486877546.4901
BGR,NY.GDP.MKTP.CD,2019,68507731353.9114
BGR,NY.GDP.MKTP.CD,2018,66097226262.2191
BGR,NY.GDP.MKTP.CD,2017,59167647387.606
BGR,NY.GDP.MKTP.CD,2016,53929397039.2106
BGR,NY.GDP.MKTP.CD,2015,50765918159.1476
BGR,NY.GDP.MKTP.CD,2014,57080897012.1077
BGR,NY.GDP.MKTP.CD,2013,55819262374.9039
BGR,NY.GDP.MKTP.CD,2012,54297052002.2338
BGR,NY.GDP.MKTP.CD,2011,57681293006.9721
BGR,NY.GDP.MKTP.CD,2010,50689051382.4361
BGR,NY.GDP.MKTP.CD,2009,52023801230.12
BGR,NY.GDP.MKTP.CD,2008,54480684188.4442
BGR,NY.GDP.MKTP.CD,2007,44431257128.8618
BGR,NY.GDP.MKTP.CD,2006,34380536495.6739
BGR,NY.GDP.MKTP.CD,2005,29868657858.0082
BGR,NY.GDP.MKTP.CD,2004,26157743368.8716
BGR,NY.GDP.MKTP.CD,2003,21144957990.4681
BGR,NY.GDP.MKTP.CD,2002,16403043849.8297
BGR,NY.GDP.MKTP.CD,2001,14183446025.7389
BGR,NY.GDP.MKTP.CD,2000,13245990274.4581
BGR,NY.GDP.MKTP.CD,1999,13637098579.109
BGR,NY.GDP.MKTP.CD,1998,15031055046.7575
BGR,NY.GDP.MKTP.CD,1997,11316127378.9613
BGR,NY.GDP.MKTP.CD,1996,12294964837.6235
BGR,NY.GDP.MKTP.CD,1995,18991484420.36
BGR,NY.GDP.MKTP.CD,1994,9709240033.98973
BGR,NY.GDP.MKTP.CD,1993,10832064941.654
BGR,NY.GDP.MKTP.CD,1992,8602887622.63828
BGR,NY.GDP.MKTP.CD,1991,7628738475.37666
BGR,NY.GDP.MKTP.CD,1990,20632090909.0909
BGR,NY.GDP.MKTP.CD,1989,21988444444.4444
BGR,NY.GDP.MKTP.CD,1988,22555941176.4706
BGR,NY.GDP.MKTP.CD,1987,28101000000.0
BGR,NY.GDP.MKTP.CD,1986,20249294117.6471
BGR,NY.GDP.MKTP.CD,1985,17155421052.6316
BGR,NY.GDP.MKTP.CD,1984,17594944444.4444
BGR,NY.GDP.MKTP.CD,1983,16563666666.6667
BGR,NY.GDP.MKTP.CD,1982,19342000000.0
BGR,NY.GDP.MKTP.CD,1981,19870000000.0
BGR,NY.GDP.MKTP.CD,1980,19839230769.2308
BGR,NY.GDP.MKTP.CD,1979,
BGR,NY.GDP.MKTP.CD,1978,
BGR,NY.GDP.MKTP.CD,1977,
BGR,NY.GDP.MKTP.CD,1976,
BGR,NY.GDP.MKTP.CD,1975,
BGR,NY.GDP.MKTP.CD,1974,
BGR,NY.GDP.MKTP.CD,1973,
BGR,NY.GDP.MKTP.CD,1972,
BGR,NY.GDP.MKTP.CD,1971,
BGR,NY.GDP.MKTP.CD,1970,
BGR,NY.GDP.MKTP.CD,1969,
BGR,NY.GDP.MKTP.CD,1968,
BGR,NY.GDP.MKTP.CD,1967,
BGR,NY.GDP.MKTP.CD,1966,
BGR,NY.GDP.MKTP.CD,1965,
BGR,NY.GDP.MKTP.CD,1964,
BGR,NY.GDP.MKTP.CD,1963,
BGR,NY.GDP.MKTP.CD,1962,
BGR,NY.GDP.MKTP.CD,1961,
BGR,NY.GDP.MKTP.CD,1960,
BFA,NY.GDP.MKTP.CD,2024,23124729853.0218
BFA,NY.GDP.MKTP.CD,2023,20112614449.2039
BFA,NY.GDP.MKTP.CD,2022,18622421394.6133
BFA,NY.GDP.MKTP.CD,2021,19697516284.3787
BFA,NY.GDP.MKTP.CD,2020,17725010532.5268
BFA,NY.GDP.MKTP.CD,2019,16032813503.3707
BFA,NY.GDP.MKTP.CD,2018,15890066221.2882
BFA,NY.GDP.MKTP.CD,2017,14106955615.3442
BFA,NY.GDP.MKTP.CD,2016,12833363045.3367
BFA,NY.GDP.MKTP.CD,2015,11832159315.6298
BFA,NY.GDP.MKTP.CD,2014,13943016076.7436
BFA,NY.GDP.MKTP.CD,2013,13444300485.8412
BFA,NY.GDP.MKTP.CD,2012,12561015156.5683
BFA,NY.GDP.MKTP.CD,2011,12080295977.5632
BFA,NY.GDP.MKTP.CD,2010,10109619740.6994
BFA,NY.GDP.MKTP.CD,2009,9450696873.34326
BFA,NY.GDP.MKTP.CD,2008,9451435490.11467
BFA,NY.GDP.MKTP.CD,2007,7625722836.76847
BFA,NY.GDP.MKTP.CD,2006,6547419820.38113
BFA,NY.GDP.MKTP.CD,2005,6146353173.34929
BFA,NY.GDP.MKTP.CD,2004,5451688537.60959
BFA,NY.GDP.MKTP.CD,2003,4740768142.67494
BFA,NY.GDP.MKTP.CD,2002,3622350062.96053
BFA,NY.GDP.MKTP.CD,2001,3190371080.94768
BFA,NY.GDP.MKTP.CD,2000,2968370087.59759
BFA,NY.GDP.MKTP.CD,1999,3389566712.66037
BFA,NY.GDP.MKTP.CD,1998,2804902367.14687
BFA,NY.GDP.MKTP.CD,1997,2447669101.95178
BFA,NY.GDP.MKTP.CD,1996,2586550595.41013
BFA,NY.GDP.MKTP.CD,1995,2379517975.28056
BFA,NY.GDP.MKTP.CD,1994,1895290637.09504
BFA,NY.GDP.MKTP.CD,1993,3199536465.23328
BFA,NY.GDP.MKTP.CD,1992,3356692505.18266
BFA,NY.GDP.MKTP.CD,1991,3135045584.08387
BFA,NY.GDP.MKTP.CD,1990,3101300778.56414
BFA,NY.GDP.MKTP.CD,1989,2615587733.97303
BFA,NY.GDP.MKTP.CD,1988,2616040478.99309
BFA,NY.GDP.MKTP.CD,1987,2369834949.73234
BFA,NY.GDP.MKTP.CD,1986,2036303357.68113
BFA,NY.GDP.MKTP.CD,1985,1552493196.28424
BFA,NY.GDP.MKTP.CD,1984,1459880132.14107
BFA,NY.GDP.MKTP.CD,1983,1600278605.25465
BFA,NY.GDP.MKTP.CD,1982,1754450096.23721
BFA,NY.GDP.MKTP.CD,1981,1775842333.57042
BFA,NY.GDP.MKTP.CD,1980,1928719888.20688
BFA,NY.GDP.MKTP.CD,1979,1748480620.52397
BFA,NY.GDP.MKTP.CD,1978,1475583644.93614
BFA,NY.GDP.MKTP.CD,1977,1131224878.18865
BFA,NY.GDP.MKTP.CD,1976,976547188.054778
BFA,NY.GDP.MKTP.CD,1975,939972703.463021
BFA,NY.GDP.MKTP.CD,1974,751133430.449301
BFA,NY.GDP.MKTP.CD,1973,674773569.877548
BFA,NY.GDP.MKTP.CD,1972,578595521.990135
BFA,NY.GDP.MKTP.CD,1971,482411179.121178
BFA,NY.GDP.MKTP.CD,1970,458404268.761971
BFA,NY.GDP.MKTP.CD,1969,478298645.39382
BFA,NY.GDP.MKTP.CD,1968,460442689.376378
BFA,NY.GDP.MKTP.CD,1967,450753923.548048
BFA,NY.GDP.MKTP.CD,1966,433889766.239436
BFA,NY.GDP.MKTP.CD,1965,422916789.7483
BFA,NY.GDP.MKTP.CD,1964,410321644.964911
BFA,NY.GDP.MKTP.CD,1963,394040667.106335
BFA,NY.GDP.MKTP.CD,1962,379567099.249422
BFA,NY.GDP.MKTP.CD,1961,350247234.260712
BFA,NY.GDP.MKTP.CD,1960,330442815.821186
BDI,NY.GDP.MKTP.CD,2024,3082433067.32634
BDI,NY.GDP.MKTP.CD,2023,3430949249.91221
BDI,NY.GDP.MKTP.CD,2022,4036192552.88879
BDI,NY.GDP.MKTP.CD,2021,3435598072.7935
BDI,NY.GDP.MKTP.CD,2020,3227847281.31544
BDI,NY.GDP.MKTP.CD,2019,2871555326.31029
BDI,NY.GDP.MKTP.CD,2018,2913411408.44783
BDI,NY.GDP.MKTP.CD,2017,2831362208.34039
BDI,NY.GDP.MKTP.CD,2016,2618093125.14687
BDI,NY.GDP.MKTP.CD,2015,2810532912.49975
BDI,NY.GDP.MKTP.CD,2014,2705826648.21019
BDI,NY.GDP.MKTP.CD,2013,2451624637.67157
BDI,NY.GDP.MKTP.CD,2012,2327402362.81574
BDI,NY.GDP.MKTP.CD,2011,2235812879.56709
BDI,NY.GDP.MKTP.CD,2010,2032135192.01248
BDI,NY.GDP.MKTP.CD,2009,1775495032.424
BDI,NY.GDP.MKTP.CD,2008,1611835857.04588
BDI,NY.GDP.MKTP.CD,2007,1356199387.42308
BDI,NY.GDP.MKTP.CD,2006,1273375078.44844
BDI,NY.GDP.MKTP.CD,2005,1117113079.73645
BDI,NY.GDP.MKTP.CD,2004,915257323.3961
BDI,NY.GDP.MKTP.CD,2003,784654423.620476
BDI,NY.GDP.MKTP.CD,2002,825394519.423728
BDI,NY.GDP.MKTP.CD,2001,876794723.068586
BDI,NY.GDP.MKTP.CD,2000,870486065.883137
BDI,NY.GDP.MKTP.CD,1999,808077223.365746
BDI,NY.GDP.MKTP.CD,1998,893770740.207416
BDI,NY.GDP.MKTP.CD,1997,972896267.915425
BDI,NY.GDP.MKTP.CD,1996,869033856.317093
BDI,NY.GDP.MKTP.CD,1995,1000428393.88528
BDI,NY.GDP.MKTP.CD,1994,925030590.153683
BDI,NY.GDP.MKTP.CD,1993,938632612.026359
BDI,NY.GDP.MKTP.CD,1992,1083037670.60484
BDI,NY.GDP.MKTP.CD,1991,1167398478.3459
BDI,NY.GDP.MKTP.CD,1990,1132101252.51817
BDI,NY.GDP.MKTP.CD,1989,1113924130.41149
BDI,NY.GDP.MKTP.CD,1988,1082403219.48787
BDI,NY.GDP.MKTP.CD,1987,1131466494.01101
BDI,NY.GDP.MKTP.CD,1986,1201725497.06578
BDI,NY.GDP.MKTP.CD,1985,1149979285.77347
BDI,NY.GDP.MKTP.CD,1984,987143931.166987
BDI,NY.GDP.MKTP.CD,1983,1082926304.46477
BDI,NY.GDP.MKTP.CD,1982,1013222222.22222
BDI,NY.GDP.MKTP.CD,1981,969046666.666667
BDI,NY.GDP.MKTP.CD,1980,919726666.666667
BDI,NY.GDP.MKTP.CD,1979,782496666.666667
BDI,NY.GDP.MKTP.CD,1978,610225555.555556
BDI,NY.GDP.MKTP.CD,1977,547535555.555556
BDI,NY.GDP.MKTP.CD,1976,448412753.623188
BDI,NY.GDP.MKTP.CD,1975,420986666.666667
BDI,NY.GDP.MKTP.CD,1974,345263492.063492
BDI,NY.GDP.MKTP.CD,1973,304339523.902476
BDI,NY.GDP.MKTP.CD,1972,246804571.428571
BDI,NY.GDP.MKTP.CD,1971,252842285.714286
BDI,NY.GDP.MKTP.CD,1970,242732571.428571
BDI,NY.GDP.MKTP.CD,1969,190205714.285714
BDI,NY.GDP.MKTP.CD,1968,183200000.0
BDI,NY.GDP.MKTP.CD,1967,178297142.857143
BDI,NY.GDP.MKTP.CD,1966,165444571.428571
BDI,NY.GDP.MKTP.CD,1965,158994962.962963
BDI,NY.GDP.MKTP.CD,1964,260750008.0
BDI,NY.GDP.MKTP.CD,1963,232749998.0
BDI,NY.GDP.MKTP.CD,1962,213500006.0
BDI,NY.GDP.MKTP.CD,1961,202999992.0
BDI,NY.GDP.MKTP.CD,1960,195999990.0
CPV,NY.GDP.MKTP.CD,2024,2725414150.72735
CPV,NY.GDP.MKTP.CD,2023,2504525548.71164
CPV,NY.GDP.MKTP.CD,2022,2247003344.34242
CPV,NY.GDP.MKTP.CD,2021,2051842618.70539
CPV,NY.GDP.MKTP.CD,2020,1821565613.68613
CPV,NY.GDP.MKTP.CD,2019,2252177124.32402
CPV,NY.GDP.MKTP.CD,2018,2205099506.99994
CPV,NY.GDP.MKTP.CD,2017,1996741539.95088
CPV,NY.GDP.MKTP.CD,2016,1849789985.99572
CPV,NY.GDP.MKTP.CD,2015,1749857620.35329
CPV,NY.GDP.MKTP.CD,2014,2041930125.42979
CPV,NY.GDP.MKTP.CD,2013,2028910915.16446
CPV,NY.GDP.MKTP.CD,2012,1913081210.41411
CPV,NY.GDP.MKTP.CD,2011,2046817987.20109
CPV,NY.GDP.MKTP.CD,2010,1824751467.92957
CPV,NY.GDP.MKTP.CD,2009,1852334575.17521
CPV,NY.GDP.MKTP.CD,2008,1959620648.31578
CPV,NY.GDP.MKTP.CD,2007,1649621738.63689
CPV,NY.GDP.MKTP.CD,2006,1107571457.90614
CPV,NY.GDP.MKTP.CD,2005,972241676.907662
CPV,NY.GDP.MKTP.CD,2004,924940011.836897
CPV,NY.GDP.MKTP.CD,2003,813260468.873834
CPV,NY.GDP.MKTP.CD,2002,620507387.466174
CPV,NY.GDP.MKTP.CD,2001,563090490.377368
CPV,NY.GDP.MKTP.CD,2000,539227277.626411
CPV,NY.GDP.MKTP.CD,1999,592416703.058878
CPV,NY.GDP.MKTP.CD,1998,521910560.524868
CPV,NY.GDP.MKTP.CD,1997,490608657.924976
CPV,NY.GDP.MKTP.CD,1996,501979269.843942
CPV,NY.GDP.MKTP.CD,1995,487148993.533109
CPV,NY.GDP.MKTP.CD,1994,406580652.330537
CPV,NY.GDP.MKTP.CD,1993,490417389.682569
CPV,NY.GDP.MKTP.CD,1992,357160985.327413
CPV,NY.GDP.MKTP.CD,1991,319827058.592875
CPV,NY.GDP.MKTP.CD,1990,306890962.649533
CPV,NY.GDP.MKTP.CD,1989,267448571.414611
CPV,NY.GDP.MKTP.CD,1988,264308140.285149
CPV,NY.GDP.MKTP.CD,1987,235253064.70982
CPV,NY.GDP.MKTP.CD,1986,190651167.559385
CPV,NY.GDP.MKTP.CD,1985,137728204.813735
CPV,NY.GDP.MKTP.CD,1984,132019038.591628
CPV,NY.GDP.MKTP.CD,1983,138476175.620363
CPV,NY.GDP.MKTP.CD,1982,140630678.983478
CPV,NY.GDP.MKTP.CD,1981,139468209.116206
CPV,NY.GDP.MKTP.CD,1980,142246815.345007
CPV,NY.GDP.MKTP.CD,1979,
CPV,NY.GDP.MKTP.CD,1978,
CPV,NY.GDP.MKTP.CD,1977,
CPV,NY.GDP.MKTP.CD,1976,
CPV,NY.GDP.MKTP.CD,1975,
CPV,NY.GDP.MKTP.CD,1974,
CPV,NY.GDP.MKTP.CD,1973,
CPV,NY.GDP.MKTP.CD,1972,
CPV,NY.GDP.MKTP.CD,1971,
CPV,NY.GDP.MKTP.CD,1970,
CPV,NY.GDP.MKTP.CD,1969,
CPV,NY.GDP.MKTP.CD,1968,
CPV,NY.GDP.MKTP.CD,1967,
CPV,NY.GDP.MKTP.CD,1966,
CPV,NY.GDP.MKTP.CD,1965,
CPV,NY.GDP.MKTP.CD,1964,
CPV,NY.GDP.MKTP.CD,1963,
CPV,NY.GDP.MKTP.CD,1962,
CPV,NY.GDP.MKTP.CD,1961,
CPV,NY.GDP.MKTP.CD,1960,
KHM,NY.GDP.MKTP.CD,2024,46352647037.2406
KHM,NY.GDP.MKTP.CD,2023,42335646895.7984
KHM,NY.GDP.MKTP.CD,2022,39994532959.6074
KHM,NY.GDP.MKTP.CD,2021,36790163687.4421
KHM,NY.GDP.MKTP.CD,2020,34818073901.4851
KHM,NY.GDP.MKTP.CD,2019,36685356407.7206
KHM,NY.GDP.MKTP.CD,2018,33145892168.8958
KHM,NY.GDP.MKTP.CD,2017,29355665909.7905
KHM,NY.GDP.MKTP.CD,2016,26556545153.3573
KHM,NY.GDP.MKTP.CD,2015,24174170369.0738
KHM,NY.GDP.MKTP.CD,2014,22041463967.9009
KHM,NY.GDP.MKTP.CD,2013,19807135252.8649
KHM,NY.GDP.MKTP.CD,2012,17826536699.8016
KHM,NY.GDP.MKTP.CD,2011,16032622023.8265
KHM,NY.GDP.MKTP.CD,2010,13808673288.0696
KHM,NY.GDP.MKTP.CD,2009,12502901169.7377
KHM,NY.GDP.MKTP.CD,2008,12174303999.0812
KHM,NY.GDP.MKTP.CD,2007,10127916459.8983
KHM,NY.GDP.MKTP.CD,2006,8350531016.65753
KHM,NY.GDP.MKTP.CD,2005,7066296463.3598
KHM,NY.GDP.MKTP.CD,2004,5883297159.87352
KHM,NY.GDP.MKTP.CD,2003,5046693484.31767
KHM,NY.GDP.MKTP.CD,2002,4501227626.62752
KHM,NY.GDP.MKTP.CD,2001,4145665969.92864
KHM,NY.GDP.MKTP.CD,2000,3694168979.32019
KHM,NY.GDP.MKTP.CD,1999,3517242477.2548
KHM,NY.GDP.MKTP.CD,1998,3120425502.66241
KHM,NY.GDP.MKTP.CD,1997,3443413388.65696
KHM,NY.GDP.MKTP.CD,1996,3506695719.57259
KHM,NY.GDP.MKTP.CD,1995,3441205692.9166
KHM,NY.GDP.MKTP.CD,1994,2791435272.26653
KHM,NY.GDP.MKTP.CD,1993,2533727592.04165
KHM,NY.GDP.MKTP.CD,1992,2491486594.18917
KHM,NY.GDP.MKTP.CD,1991,2054974089.3643
KHM,NY.GDP.MKTP.CD,1990,1402541176.5121
KHM,NY.GDP.MKTP.CD,1989,1353137647.68304
KHM,NY.GDP.MKTP.CD,1988,1662877859.22297
KHM,NY.GDP.MKTP.CD,1987,1036974910.45
KHM,NY.GDP.MKTP.CD,1986,1167630317.8411
KHM,NY.GDP.MKTP.CD,1985,1102669184.43812
KHM,NY.GDP.MKTP.CD,1984,1021176058.63327
KHM,NY.GDP.MKTP.CD,1983,939291262.100055
KHM,NY.GDP.MKTP.CD,1982,865516039.800558
KHM,NY.GDP.MKTP.CD,1981,815153652.415596
KHM,NY.GDP.MKTP.CD,1980,744384129.707563
KHM,NY.GDP.MKTP.CD,1979,723738502.67823
KHM,NY.GDP.MKTP.CD,1978,766642356.138135
KHM,NY.GDP.MKTP.CD,1977,716261764.498093
KHM,NY.GDP.MKTP.CD,1976,790357254.540309
KHM,NY.GDP.MKTP.CD,1975,749129748.150633
KHM,NY.GDP.MKTP.CD,1974,
KHM,NY.GDP.MKTP.CD,1973,
KHM,NY.GDP.MKTP.CD,1972,
KHM,NY.GDP.MKTP.CD,1971,
KHM,NY.GDP.MKTP.CD,1970,
KHM,NY.GDP.MKTP.CD,1969,
KHM,NY.GDP.MKTP.CD,1968,
KHM,NY.GDP.MKTP.CD,1967,
KHM,NY.GDP.MKTP.CD,1966,
KHM,NY.GDP.MKTP.CD,1965,
KHM,NY.GDP.MKTP.CD,1964,
KHM,NY.GDP.MKTP.CD,1963,
KHM,NY.GDP.MKTP.CD,1962,
KHM,NY.GDP.MKTP.CD,1961,
KHM,NY.GDP.MKTP.CD,1960,
CMR,NY.GDP.MKTP.CD,2024,53296694320.2057
CMR,NY.GDP.MKTP.CD,2023,48814501547.4313
CMR,NY.GDP.MKTP.CD,2022,44347206072.5513
CMR,NY.GDP.MKTP.CD,2021,45011937346.8384
CMR,NY.GDP.MKTP.CD,2020,40773241177.0505
CMR,NY.GDP.MKTP.CD,2019,39667757527.6578
CMR,NY.GDP.MKTP.CD,2018,39955552189.795
CMR,NY.GDP.MKTP.CD,2017,36098547033.1655
CMR,NY.GDP.MKTP.CD,2016,33814337044.3765
CMR,NY.GDP.MKTP.CD,2015,32210233020.4569
CMR,NY.GDP.MKTP.CD,2014,36386544706.0806
CMR,NY.GDP.MKTP.CD,2013,33728621180.3231
CMR,NY.GDP.MKTP.CD,2012,30155062329.2821
CMR,NY.GDP.MKTP.CD,2011,30630910495.217
CMR,NY.GDP.MKTP.CD,2010,27507501821.0296
CMR,NY.GDP.MKTP.CD,2009,27932970317.129
CMR,NY.GDP.MKTP.CD,2008,27715142032.913
CMR,NY.GDP.MKTP.CD,2007,23928250433.0378
CMR,NY.GDP.MKTP.CD,2006,20910512974.933
CMR,NY.GDP.MKTP.CD,2005,19509852206.9341
CMR,NY.GDP.MKTP.CD,2004,18826214135.6419
CMR,NY.GDP.MKTP.CD,2003,15970315034.9903
CMR,NY.GDP.MKTP.CD,2002,12417251350.4882
CMR,NY.GDP.MKTP.CD,2001,10953485349.1135
CMR,NY.GDP.MKTP.CD,2000,10566579294.9831
CMR,NY.GDP.MKTP.CD,1999,11565826464.8921
CMR,NY.GDP.MKTP.CD,1998,11298144990.4104
CMR,NY.GDP.MKTP.CD,1997,10789458432.6416
CMR,NY.GDP.MKTP.CD,1996,11093538846.4483
CMR,NY.GDP.MKTP.CD,1995,10864772470.9043
CMR,NY.GDP.MKTP.CD,1994,8902446252.18372
CMR,NY.GDP.MKTP.CD,1993,16181814712.5295
CMR,NY.GDP.MKTP.CD,1992,12071775335.0433
CMR,NY.GDP.MKTP.CD,1991,11840192296.3893
CMR,NY.GDP.MKTP.CD,1990,12314482627.8454
CMR,NY.GDP.MKTP.CD,1989,11012566195.0255
CMR,NY.GDP.MKTP.CD,1988,12236057362.4917
CMR,NY.GDP.MKTP.CD,1987,13049659981.1373
CMR,NY.GDP.MKTP.CD,1986,11857056199.0765
CMR,NY.GDP.MKTP.CD,1985,8544810497.9889
CMR,NY.GDP.MKTP.CD,1984,7311938026.36713
CMR,NY.GDP.MKTP.CD,1983,6870200009.90065
CMR,NY.GDP.MKTP.CD,1982,6611255963.83584
CMR,NY.GDP.MKTP.CD,1981,6610938616.6643
CMR,NY.GDP.MKTP.CD,1980,6674569046.6832
CMR,NY.GDP.MKTP.CD,1979,5919002982.602
CMR,NY.GDP.MKTP.CD,1978,4662852583.13256
CMR,NY.GDP.MKTP.CD,1977,3394664024.05503
CMR,NY.GDP.MKTP.CD,1976,2898090001.8562
CMR,NY.GDP.MKTP.CD,1975,2857037371.05886
CMR,NY.GDP.MKTP.CD,1974,2157415532.54796
CMR,NY.GDP.MKTP.CD,1973,1901393361.02282
CMR,NY.GDP.MKTP.CD,1972,1498251889.66287
CMR,NY.GDP.MKTP.CD,1971,1236941394.11447
CMR,NY.GDP.MKTP.CD,1970,1151216992.88095
CMR,NY.GDP.MKTP.CD,1969,1100551488.62689
CMR,NY.GDP.MKTP.CD,1968,1046191217.79942
CMR,NY.GDP.MKTP.CD,1967,936175260.030919
CMR,NY.GDP.MKTP.CD,1966,851112534.552636
CMR,NY.GDP.MKTP.CD,1965,814083265.511426
CMR,NY.GDP.MKTP.CD,1964,776650176.904453
CMR,NY.GDP.MKTP.CD,1963,718320845.044338
CMR,NY.GDP.MKTP.CD,1962,694247864.3789
CMR,NY.GDP.MKTP.CD,1961,652777608.320492
CMR,NY.GDP.MKTP.CD,1960,614206068.497266
CAN,NY.GDP.MKTP.CD,2024,2243636826633.76
CAN,NY.GDP.MKTP.CD,2023,2173339670064.33
CAN,NY.GDP.MKTP.CD,2022,2190411080134.32
CAN,NY.GDP.MKTP.CD,2021,2022378748423.23
CAN,NY.GDP.MKTP.CD,2020,1655684730000.19
CAN,NY.GDP.MKTP.CD,2019,1743725183672.52
CAN,NY.GDP.MKTP.CD,2018,1725329192783.02
CAN,NY.GDP.MKTP.CD,2017,1649265644244.09
CAN,NY.GDP.MKTP.CD,2016,1527994741907.43
CAN,NY.GDP.MKTP.CD,2015,1556508816217.14
CAN,NY.GDP.MKTP.CD,2014,1805749878439.94
CAN,NY.GDP.MKTP.CD,2013,1846597421834.98
CAN,NY.GDP.MKTP.CD,2012,1828366481521.6
CAN,NY.GDP.MKTP.CD,2011,1793326630174.52
CAN,NY.GDP.MKTP.CD,2010,1617343367486.26
CAN,NY.GDP.MKTP.CD,2009,1374625142157.29
CAN,NY.GDP.MKTP.CD,2008,1552989690721.65
CAN,NY.GDP.MKTP.CD,2007,1468820407783.26
CAN,NY.GDP.MKTP.CD,2006,1319264809590.97
CAN,NY.GDP.MKTP.CD,2005,1173108598778.68
CAN,NY.GDP.MKTP.CD,2004,1026690238278.25
CAN,NY.GDP.MKTP.CD,2003,895540646634.787
CAN,NY.GDP.MKTP.CD,2002,760649334098.005
CAN,NY.GDP.MKTP.CD,2001,738981792355.372
CAN,NY.GDP.MKTP.CD,2000,744773415931.587
CAN,NY.GDP.MKTP.CD,1999,678412196271.118
CAN,NY.GDP.MKTP.CD,1998,634000000000.0
CAN,NY.GDP.MKTP.CD,1997,654986999855.554
CAN,NY.GDP.MKTP.CD,1996,630607994132.747
CAN,NY.GDP.MKTP.CD,1995,605961090061.207
CAN,NY.GDP.MKTP.CD,1994,579944346807.264
CAN,NY.GDP.MKTP.CD,1993,579053561739.4
CAN,NY.GDP.MKTP.CD,1992,594387358318.855
CAN,NY.GDP.MKTP.CD,1991,612527712315.615
CAN,NY.GDP.MKTP.CD,1990,596075591360.987
CAN,NY.GDP.MKTP.CD,1989,567211993243.243
CAN,NY.GDP.MKTP.CD,1988,509380027626.554
CAN,NY.GDP.MKTP.CD,1987,433134238310.709
CAN,NY.GDP.MKTP.CD,1986,379006836991.724
CAN,NY.GDP.MKTP.CD,1985,366186012449.652
CAN,NY.GDP.MKTP.CD,1984,356718400123.543
CAN,NY.GDP.MKTP.CD,1983,341866277182.733
CAN,NY.GDP.MKTP.CD,1982,314647807408.608
CAN,NY.GDP.MKTP.CD,1981,307246642755.859
CAN,NY.GDP.MKTP.CD,1980,274776566028.053
CAN,NY.GDP.MKTP.CD,1979,243891124295.715
CAN,NY.GDP.MKTP.CD,1978,219369542386.254
CAN,NY.GDP.MKTP.CD,1977,212325176304.654
CAN,NY.GDP.MKTP.CD,1976,207271612576.065
CAN,NY.GDP.MKTP.CD,1975,174419757176.563
CAN,NY.GDP.MKTP.CD,1974,160949188139.059
CAN,NY.GDP.MKTP.CD,1973,131764343565.643
CAN,NY.GDP.MKTP.CD,1972,113463848873.624
CAN,NY.GDP.MKTP.CD,1971,99606454743.5136
CAN,NY.GDP.MKTP.CD,1970,88192257632.3093
CAN,NY.GDP.MKTP.CD,1969,79405011124.8208
CAN,NY.GDP.MKTP.CD,1968,72048833006.1602
CAN,NY.GDP.MKTP.CD,1967,65856924423.9721
CAN,NY.GDP.MKTP.CD,1966,61252415404.686
CAN,NY.GDP.MKTP.CD,1965,54649410478.5226
CAN,NY.GDP.MKTP.CD,1964,49503663836.3665
CAN,NY.GDP.MKTP.CD,1963,45140337826.9869
CAN,NY.GDP.MKTP.CD,1962,42336211555.8268
CAN,NY.GDP.MKTP.CD,1961,41038192837.9035
CAN,NY.GDP.MKTP.CD,1960,40563768946.9503
CYM,NY.GDP.MKTP.CD,2024,
CYM,NY.GDP.MKTP.CD,2023,7241244269.45972
CYM,NY.GDP.MKTP.CD,2022,6660161212.01997
CYM,NY.GDP.MKTP.CD,2021,6060813808.15072
CYM,NY.GDP.MKTP.CD,2020,5655357984.24218
CYM,NY.GDP.MKTP.CD,2019,5941896599.57333
CYM,NY.GDP.MKTP.CD,2018,5530178498.90783
CYM,NY.GDP.MKTP.CD,2017,5166281293.18715
CYM,NY.GDP.MKTP.CD,2016,4909322200.00212
CYM,NY.GDP.MKTP.CD,2015,4708167255.28727
CYM,NY.GDP.MKTP.CD,2014,4562853582.32463
CYM,NY.GDP.MKTP.CD,2013,4405796081.15984
CYM,NY.GDP.MKTP.CD,2012,4291004485.56803
CYM,NY.GDP.MKTP.CD,2011,4186073160.18254
CYM,NY.GDP.MKTP.CD,2010,4156841163.77763
CYM,NY.GDP.MKTP.CD,2009,4281714618.03238
CYM,NY.GDP.MKTP.CD,2008,4585948969.33223
CYM,NY.GDP.MKTP.CD,2007,4466278030.59167
CYM,NY.GDP.MKTP.CD,2006,4200288282.10157
CYM,NY.GDP.MKTP.CD,2005,
CYM,NY.GDP.MKTP.CD,2004,
CYM,NY.GDP.MKTP.CD,2003,
CYM,NY.GDP.MKTP.CD,2002,
CYM,NY.GDP.MKTP.CD,2001,
CYM,NY.GDP.MKTP.CD,2000,
CYM,NY.GDP.MKTP.CD,1999,
CYM,NY.GDP.MKTP.CD,1998,
CYM,NY.GDP.MKTP.CD,1997,
CYM,NY.GDP.MKTP.CD,1996,
CYM,NY.GDP.MKTP.CD,1995,
CYM,NY.GDP.MKTP.CD,1994,
CYM,NY.GDP.MKTP.CD,1993,
CYM,NY.GDP.MKTP.CD,1992,
CYM,NY.GDP.MKTP.CD,1991,
CYM,NY.GDP.MKTP.CD,1990,
CYM,NY.GDP.MKTP.CD,1989,
CYM,NY.GDP.MKTP.CD,1988,
CYM,NY.GDP.MKTP.CD,1987,
CYM,NY.GDP.MKTP.CD,1986,
CYM,NY.GDP.MKTP.CD,1985,
CYM,NY.GDP.MKTP.CD,1984,
CYM,NY.GDP.MKTP.CD,1983,
CYM,NY.GDP.MKTP.CD,1982,
CYM,NY.GDP.MKTP.CD,1981,
CYM,NY.GDP.MKTP.CD,1980,
CYM,NY.GDP.MKTP.CD,1979,
CYM,NY.GDP.MKTP.CD,1978,
CYM,NY.GDP.MKTP.CD,1977,
CYM,NY.GDP.MKTP.CD,1976,
CYM,NY.GDP.MKTP.CD,1975,
CYM,NY.GDP.MKTP.CD,1974,
CYM,NY.GDP.MKTP.CD,1973,
CYM,NY.GDP.MKTP.CD,1972,
CYM,NY.GDP.MKTP.CD,1971,
CYM,NY.GDP.MKTP.CD,1970,
CYM,NY.GDP.MKTP.CD,1969,
CYM,NY.GDP.MKTP.CD,1968,
CYM,NY.GDP.MKTP.CD,1967,
CYM,NY.GDP.MKTP.CD,1966,
CYM,NY.GDP.MKTP.CD,1965,
CYM,NY.GDP.MKTP.CD,1964,
CYM,NY.GDP.MKTP.CD,1963,
CYM,NY.GDP.MKTP.CD,1962,
CYM,NY.GDP.MKTP.CD,1961,
CYM,NY.GDP.MKTP.CD,1960,
CAF,NY.GDP.MKTP.CD,2024,2751494281.06887
CAF,NY.GDP.MKTP.CD,2023,2555492085.94725
CAF,NY.GDP.MKTP.CD,2022,2382618615.01694
CAF,NY.GDP.MKTP.CD,2021,2516498412.46384
CAF,NY.GDP.MKTP.CD,2020,2326720900.38047
CAF,NY.GDP.MKTP.CD,2019,2221301351.43918
CAF,NY.GDP.MKTP.CD,2018,2220979146.11241
CAF,NY.GDP.MKTP.CD,2017,2072349972.6818
CAF,NY.GDP.MKTP.CD,2016,1825018144.65595
CAF,NY.GDP.MKTP.CD,2015,1695825714.19282
CAF,NY.GDP.MKTP.CD,2014,1894813389.40325
CAF,NY.GDP.MKTP.CD,2013,1691544110.18543
CAF,NY.GDP.MKTP.CD,2012,2510126512.22831
CAF,NY.GDP.MKTP.CD,2011,2437982705.12093
CAF,NY.GDP.MKTP.CD,2010,2142591540.40068
CAF,NY.GDP.MKTP.CD,2009,2067381665.25454
CAF,NY.GDP.MKTP.CD,2008,1993407888.49838
CAF,NY.GDP.MKTP.CD,2007,1699811294.94935
CAF,NY.GDP.MKTP.CD,2006,1461859762.33459
CAF,NY.GDP.MKTP.CD,2005,1337894378.73743
CAF,NY.GDP.MKTP.CD,2004,1272360517.32373
CAF,NY.GDP.MKTP.CD,2003,1142315522.53864
CAF,NY.GDP.MKTP.CD,2002,996068144.884889
CAF,NY.GDP.MKTP.CD,2001,932648604.751954
CAF,NY.GDP.MKTP.CD,2000,916777282.691659
CAF,NY.GDP.MKTP.CD,1999,999477510.686632
CAF,NY.GDP.MKTP.CD,1998,967338389.650578
CAF,NY.GDP.MKTP.CD,1997,937741513.015352
CAF,NY.GDP.MKTP.CD,1996,1007791127.09913
CAF,NY.GDP.MKTP.CD,1995,1115389673.69197
CAF,NY.GDP.MKTP.CD,1994,851174356.781737
CAF,NY.GDP.MKTP.CD,1993,1278781261.55928
CAF,NY.GDP.MKTP.CD,1992,1411917553.12436
CAF,NY.GDP.MKTP.CD,1991,1377374986.58709
CAF,NY.GDP.MKTP.CD,1990,1440711459.16967
CAF,NY.GDP.MKTP.CD,1989,1233930280.91724
CAF,NY.GDP.MKTP.CD,1988,1264899287.51261
CAF,NY.GDP.MKTP.CD,1987,1200991977.80801
CAF,NY.GDP.MKTP.CD,1986,1122265013.42004
CAF,NY.GDP.MKTP.CD,1985,864849836.286193
CAF,NY.GDP.MKTP.CD,1984,637820670.299604
CAF,NY.GDP.MKTP.CD,1983,658679332.681331
CAF,NY.GDP.MKTP.CD,1982,748312390.756606
CAF,NY.GDP.MKTP.CD,1981,694803622.898966
CAF,NY.GDP.MKTP.CD,1980,797048198.534875
CAF,NY.GDP.MKTP.CD,1979,700764747.756462
CAF,NY.GDP.MKTP.CD,1978,610578631.992983
CAF,NY.GDP.MKTP.CD,1977,507298147.526539
CAF,NY.GDP.MKTP.CD,1976,451152461.31276
CAF,NY.GDP.MKTP.CD,1975,378660016.265936
CAF,NY.GDP.MKTP.CD,1974,281398705.570596
CAF,NY.GDP.MKTP.CD,1973,271183082.043062
CAF,NY.GDP.MKTP.CD,1972,230317883.36443
CAF,NY.GDP.MKTP.CD,1971,201450799.82635
CAF,NY.GDP.MKTP.CD,1970,189106529.207011
CAF,NY.GDP.MKTP.CD,1969,188039210.130379
CAF,NY.GDP.MKTP.CD,1968,191767441.604577
CAF,NY.GDP.MKTP.CD,1967,163820513.562432
CAF,NY.GDP.MKTP.CD,1966,157930018.091087
CAF,NY.GDP.MKTP.CD,1965,150574795.409863
CAF,NY.GDP.MKTP.CD,1964,142025078.735754
CAF,NY.GDP.MKTP.CD,1963,129379123.76305
CAF,NY.GDP.MKTP.CD,1962,124482773.83306
CAF,NY.GDP.MKTP.CD,1961,123134583.463559
CAF,NY.GDP.MKTP.CD,1960,112155598.492157
TCD,NY.GDP.MKTP.CD,2024,19518819751.283
TCD,NY.GDP.MKTP.CD,2023,18340233748.8805
TCD,NY.GDP.MKTP.CD,2022,17828508289.6049
TCD,NY.GDP.MKTP.CD,2021,16871937697.5854
TCD,NY.GDP.MKTP.CD,2020,14932897821.2387
TCD,NY.GDP.MKTP.CD,2019,14905517742.8454
TCD,NY.GDP.MKTP.CD,2018,15327000248.8701
TCD,NY.GDP.MKTP.CD,2017,13349041408.7152
TCD,NY.GDP.MKTP.CD,2016,13026289835.7789
TCD,NY.GDP.MKTP.CD,2015,14559599499.5011
TCD,NY.GDP.MKTP.CD,2014,18144336903.7175
TCD,NY.GDP.MKTP.CD,2013,17865316886.3315
TCD,NY.GDP.MKTP.CD,2012,17892228569.8861
TCD,NY.GDP.MKTP.CD,2011,16685349673.9957
TCD,NY.GDP.MKTP.CD,2010,14058506663.7252
TCD,NY.GDP.MKTP.CD,2009,12317614053.6841
TCD,NY.GDP.MKTP.CD,2008,13385593990.3378
TCD,NY.GDP.MKTP.CD,2007,10865385131.5172
TCD,NY.GDP.MKTP.CD,2006,9709626596.13031
TCD,NY.GDP.MKTP.CD,2005,8655892392.92919
TCD,NY.GDP.MKTP.CD,2004,4422855660.82592
TCD,NY.GDP.MKTP.CD,2003,2742815071.5744
TCD,NY.GDP.MKTP.CD,2002,1997005708.81576
TCD,NY.GDP.MKTP.CD,2001,1710843377.00119
TCD,NY.GDP.MKTP.CD,2000,1388506771.58756
TCD,NY.GDP.MKTP.CD,1999,1534673583.2487
TCD,NY.GDP.MKTP.CD,1998,1744794531.21401
TCD,NY.GDP.MKTP.CD,1997,1544689576.92712
TCD,NY.GDP.MKTP.CD,1996,1607345355.78298
TCD,NY.GDP.MKTP.CD,1995,1445919894.57661
TCD,NY.GDP.MKTP.CD,1994,1179837963.22213
TCD,NY.GDP.MKTP.CD,1993,1463251163.9188
TCD,NY.GDP.MKTP.CD,1992,1881847669.69794
TCD,NY.GDP.MKTP.CD,1991,1877137981.75712
TCD,NY.GDP.MKTP.CD,1990,1738605557.76313
TCD,NY.GDP.MKTP.CD,1989,1433686312.02914
TCD,NY.GDP.MKTP.CD,1988,1482597297.98821
TCD,NY.GDP.MKTP.CD,1987,1163426852.20442
TCD,NY.GDP.MKTP.CD,1986,1067828245.86207
TCD,NY.GDP.MKTP.CD,1985,1033069709.3319
TCD,NY.GDP.MKTP.CD,1984,919103734.876996
TCD,NY.GDP.MKTP.CD,1983,832415806.010064
TCD,NY.GDP.MKTP.CD,1982,834369859.663018
TCD,NY.GDP.MKTP.CD,1981,876937558.273757
TCD,NY.GDP.MKTP.CD,1980,1033002403.85304
TCD,NY.GDP.MKTP.CD,1979,1004316496.35051
TCD,NY.GDP.MKTP.CD,1978,1113920123.76723
TCD,NY.GDP.MKTP.CD,1977,935360464.701341
TCD,NY.GDP.MKTP.CD,1976,866044962.016274
TCD,NY.GDP.MKTP.CD,1975,864602104.679653
TCD,NY.GDP.MKTP.CD,1974,652532795.084805
TCD,NY.GDP.MKTP.CD,1973,647199482.982537
TCD,NY.GDP.MKTP.CD,1972,585427546.798272
TCD,NY.GDP.MKTP.CD,1971,501866730.148987
TCD,NY.GDP.MKTP.CD,1970,469266736.650677
TCD,NY.GDP.MKTP.CD,1969,471635621.561599
TCD,NY.GDP.MKTP.CD,1968,453980096.208711
TCD,NY.GDP.MKTP.CD,1967,449826322.613453
TCD,NY.GDP.MKTP.CD,1966,432794921.680489
TCD,NY.GDP.MKTP.CD,1965,416926303.316872
TCD,NY.GDP.MKTP.CD,1964,392247517.728482
TCD,NY.GDP.MKTP.CD,1963,371767002.194886
TCD,NY.GDP.MKTP.CD,1962,357635713.41932
TCD,NY.GDP.MKTP.CD,1961,333975336.110722
TCD,NY.GDP.MKTP.CD,1960,313582728.147574
CHI,NY.GDP.MKTP.CD,2024,
CHI,NY.GDP.MKTP.CD,2023,12507320838.3932
CHI,NY.GDP.MKTP.CD,2022,11308272505.183
CHI,NY.GDP.MKTP.CD,2021,11157540109.8939
CHI,NY.GDP.MKTP.CD,2020,9439810769.23077
CHI,NY.GDP.MKTP.CD,2019,10031864649.0819
CHI,NY.GDP.MKTP.CD,2018,10026394043.6136
CHI,NY.GDP.MKTP.CD,2017,9170044517.20264
CHI,NY.GDP.MKTP.CD,2016,9168857222.32574
CHI,NY.GDP.MKTP.CD,2015,10109273770.329
CHI,NY.GDP.MKTP.CD,2014,10527973277.6068
CHI,NY.GDP.MKTP.CD,2013,9594745810.67159
CHI,NY.GDP.MKTP.CD,2012,9454638123.23572
CHI,NY.GDP.MKTP.CD,2011,9648680025.8275
CHI,NY.GDP.MKTP.CD,2010,8902359316.35606
CHI,NY.GDP.MKTP.CD,2009,9100755725.19084
CHI,NY.GDP.MKTP.CD,2008,
CHI,NY.GDP.MKTP.CD,2007,11514605842.3369
CHI,NY.GDP.MKTP.CD,2006,9676172953.08188
CHI,NY.GDP.MKTP.CD,2005,8827272727.27273
CHI,NY.GDP.MKTP.CD,2004,8553643354.08275
CHI,NY.GDP.MKTP.CD,2003,7332244897.95918
CHI,NY.GDP.MKTP.CD,2002,6663669064.7482
CHI,NY.GDP.MKTP.CD,2001,6232906290.4851
CHI,NY.GDP.MKTP.CD,2000,6439703434.71024
CHI,NY.GDP.MKTP.CD,1999,6262740656.85164
CHI,NY.GDP.MKTP.CD,1998,5945677376.61477
CHI,NY.GDP.MKTP.CD,1997,
CHI,NY.GDP.MKTP.CD,1996,
CHI,NY.GDP.MKTP.CD,1995,
CHI,NY.GDP.MKTP.CD,1994,
CHI,NY.GDP.MKTP.CD,1993,
CHI,NY.GDP.MKTP.CD,1992,
CHI,NY.GDP.MKTP.CD,1991,
CHI,NY.GDP.MKTP.CD,1990,
CHI,NY.GDP.MKTP.CD,1989,
CHI,NY.GDP.MKTP.CD,1988,
CHI,NY.GDP.MKTP.CD,1987,
CHI,NY.GDP.MKTP.CD,1986,
CHI,NY.GDP.MKTP.CD,1985,
CHI,NY.GDP.MKTP.CD,1984,
CHI,NY.GDP.MKTP.CD,1983,
CHI,NY.GDP.MKTP.CD,1982,
CHI,NY.GDP.MKTP.CD,1981,
CHI,NY.GDP.MKTP.CD,1980,
CHI,NY.GDP.MKTP.CD,1979,
CHI,NY.GDP.MKTP.CD,1978,
CHI,NY.GDP.MKTP.CD,1977,
CHI,NY.GDP.MKTP.CD,1976,
CHI,NY.GDP.MKTP.CD,1975,
CHI,NY.GDP.MKTP.CD,1974,
CHI,NY.GDP.MKTP.CD,1973,
CHI,NY.GDP.MKTP.CD,1972,
CHI,NY.GDP.MKTP.CD,1971,
CHI,NY.GDP.MKTP.CD,1970,
CHI,NY.GDP.MKTP.CD,1969,
CHI,NY.GDP.MKTP.CD,1968,
CHI,NY.GDP.MKTP.CD,1967,
CHI,NY.GDP.MKTP.CD,1966,
CHI,NY.GDP.MKTP.CD,1965,
CHI,NY.GDP.MKTP.CD,1964,
CHI,NY.GDP.MKTP.CD,1963,
CHI,NY.GDP.MKTP.CD,1962,
CHI,NY.GDP.MKTP.CD,1961,
CHI,NY.GDP.MKTP.CD,1960,
CHL,NY.GDP.MKTP.CD,2024,330267137371.592
CHL,NY.GDP.MKTP.CD,2023,335518054097.637
CHL,NY.GDP.MKTP.CD,2022,301226575540.242
CHL,NY.GDP.MKTP.CD,2021,315325547162.072
CHL,NY.GDP.MKTP.CD,2020,254042159309.311
CHL,NY.GDP.MKTP.CD,2019,278285058719.466
CHL,NY.GDP.MKTP.CD,2018,295857562991.709
CHL,NY.GDP.MKTP.CD,2017,276154259981.097
CHL,NY.GDP.MKTP.CD,2016,249344863928.438
CHL,NY.GDP.MKTP.CD,2015,242450355830.884
CHL,NY.GDP.MKTP.CD,2014,259560978224.359
CHL,NY.GDP.MKTP.CD,2013,277395018842.417
CHL,NY.GDP.MKTP.CD,2012,267024782486.855
CHL,NY.GDP.MKTP.CD,2011,251382573893.87
CHL,NY.GDP.MKTP.CD,2010,217051209238.534
CHL,NY.GDP.MKTP.CD,2009,171777900623.892
CHL,NY.GDP.MKTP.CD,2008,179894594475.405
CHL,NY.GDP.MKTP.CD,2007,172491076033.863
CHL,NY.GDP.MKTP.CD,2006,153843518170.864
CHL,NY.GDP.MKTP.CD,2005,122294145163.192
CHL,NY.GDP.MKTP.CD,2004,99075985773.6682
CHL,NY.GDP.MKTP.CD,2003,76492579644.0605
CHL,NY.GDP.MKTP.CD,2002,70264045939.2773
CHL,NY.GDP.MKTP.CD,2001,71574739561.4329
CHL,NY.GDP.MKTP.CD,2000,78339750721.364
CHL,NY.GDP.MKTP.CD,1999,75578685735.5219
CHL,NY.GDP.MKTP.CD,1998,81990010704.0602
CHL,NY.GDP.MKTP.CD,1997,85741415285.165
CHL,NY.GDP.MKTP.CD,1996,78584098983.6374
CHL,NY.GDP.MKTP.CD,1995,73820425701.6603
CHL,NY.GDP.MKTP.CD,1994,57438273591.0521
CHL,NY.GDP.MKTP.CD,1993,49934943320.8828
CHL,NY.GDP.MKTP.CD,1992,46538895685.8088
CHL,NY.GDP.MKTP.CD,1991,38232330917.2011
CHL,NY.GDP.MKTP.CD,1990,33428580448.2715
CHL,NY.GDP.MKTP.CD,1989,30101767991.1135
CHL,NY.GDP.MKTP.CD,1988,26174858613.8456
CHL,NY.GDP.MKTP.CD,1987,22605488850.8981
CHL,NY.GDP.MKTP.CD,1986,19197818084.6757
CHL,NY.GDP.MKTP.CD,1985,17933557359.8036
CHL,NY.GDP.MKTP.CD,1984,19974595028.1582
CHL,NY.GDP.MKTP.CD,1983,20629678694.0684
CHL,NY.GDP.MKTP.CD,1982,19710229067.2864
CHL,NY.GDP.MKTP.CD,1981,35180322211.2903
CHL,NY.GDP.MKTP.CD,1980,29586676576.0951
CHL,NY.GDP.MKTP.CD,1979,22249574627.6911
CHL,NY.GDP.MKTP.CD,1978,16373093553.7155
CHL,NY.GDP.MKTP.CD,1977,14272711436.7475
CHL,NY.GDP.MKTP.CD,1976,10523479088.8075
CHL,NY.GDP.MKTP.CD,1975,7812161793.11971
CHL,NY.GDP.MKTP.CD,1974,16584311220.1384
CHL,NY.GDP.MKTP.CD,1973,17237336172.7878
CHL,NY.GDP.MKTP.CD,1972,12057501634.979
CHL,NY.GDP.MKTP.CD,1971,10999807567.1235
CHL,NY.GDP.MKTP.CD,1970,9261006540.15907
CHL,NY.GDP.MKTP.CD,1969,8456519044.38223
CHL,NY.GDP.MKTP.CD,1968,7286820526.02462
CHL,NY.GDP.MKTP.CD,1967,7145068067.64138
CHL,NY.GDP.MKTP.CD,1966,7256882086.19585
CHL,NY.GDP.MKTP.CD,1965,6183988944.34606
CHL,NY.GDP.MKTP.CD,1964,6065708668.32735
CHL,NY.GDP.MKTP.CD,1963,5702520146.03167
CHL,NY.GDP.MKTP.CD,1962,5765971144.47142
CHL,NY.GDP.MKTP.CD,1961,4948564550.91046
CHL,NY.GDP.MKTP.CD,1960,4211103676.74027
CHN,NY.GDP.MKTP.CD,2024,18743803170827.2
CHN,NY.GDP.MKTP.CD,2023,18270356654533.2
CHN,NY.GDP.MKTP.CD,2022,18316765021690.2
CHN,NY.GDP.MKTP.CD,2021,18201698719564.0
CHN,NY.GDP.MKTP.CD,2020,14996414166715.1
CHN,NY.GDP.MKTP.CD,2019,14560167101283.4
CHN,NY.GDP.MKTP.CD,2018,14147765772963.8
CHN,NY.GDP.MKTP.CD,2017,12537559062282.9
CHN,NY.GDP.MKTP.CD,2016,11456024084962.0
CHN,NY.GDP.MKTP.CD,2015,11280814787468.9
CHN,NY.GDP.MKTP.CD,2014,10674533168257.4
CHN,NY.GDP.MKTP.CD,2013,9743124247267.24
CHN,NY.GDP.MKTP.CD,2012,8673664713189.24
CHN,NY.GDP.MKTP.CD,2011,7671757207851.29
CHN,NY.GDP.MKTP.CD,2010,6192564874453.29
CHN,NY.GDP.MKTP.CD,2009,5189577094997.58
CHN,NY.GDP.MKTP.CD,2008,4667346414521.95
CHN,NY.GDP.MKTP.CD,2007,3604055822571.63
CHN,NY.GDP.MKTP.CD,2006,2791498472804.33
CHN,NY.GDP.MKTP.CD,2005,2317551298052.05
CHN,NY.GDP.MKTP.CD,2004,1984196551300.44
CHN,NY.GDP.MKTP.CD,2003,1683903309843.85
CHN,NY.GDP.MKTP.CD,2002,1489821682050.54
CHN,NY.GDP.MKTP.CD,2001,1355036590251.52
CHN,NY.GDP.MKTP.CD,2000,1223754919971.05
CHN,NY.GDP.MKTP.CD,1999,1103843203575.64
CHN,NY.GDP.MKTP.CD,1998,1037134141760.35
CHN,NY.GDP.MKTP.CD,1997,967753570434.667
CHN,NY.GDP.MKTP.CD,1996,868523936530.083
CHN,NY.GDP.MKTP.CD,1995,738190896227.55
CHN,NY.GDP.MKTP.CD,1994,566929539493.172
CHN,NY.GDP.MKTP.CD,1993,446557291212.148
CHN,NY.GDP.MKTP.CD,1992,428502354788.069
CHN,NY.GDP.MKTP.CD,1991,384510452961.672
CHN,NY.GDP.MKTP.CD,1990,361560229445.507
CHN,NY.GDP.MKTP.CD,1989,348380566801.619
CHN,NY.GDP.MKTP.CD,1988,312888888888.889
CHN,NY.GDP.MKTP.CD,1987,273455156950.673
CHN,NY.GDP.MKTP.CD,1986,301310144927.536
CHN,NY.GDP.MKTP.CD,1985,310064625850.34
CHN,NY.GDP.MKTP.CD,1984,260442857142.857
CHN,NY.GDP.MKTP.CD,1983,231130268199.234
CHN,NY.GDP.MKTP.CD,1982,205480916030.534
CHN,NY.GDP.MKTP.CD,1981,196218253968.254
CHN,NY.GDP.MKTP.CD,1980,191487500000.0
CHN,NY.GDP.MKTP.CD,1979,178573913043.478
CHN,NY.GDP.MKTP.CD,1978,149788617886.179
CHN,NY.GDP.MKTP.CD,1977,175226595859.778
CHN,NY.GDP.MKTP.CD,1976,154196810058.643
CHN,NY.GDP.MKTP.CD,1975,163687619735.857
CHN,NY.GDP.MKTP.CD,1974,144418433058.472
CHN,NY.GDP.MKTP.CD,1973,138764340892.0
CHN,NY.GDP.MKTP.CD,1972,113871930713.841
CHN,NY.GDP.MKTP.CD,1971,99959013879.6308
CHN,NY.GDP.MKTP.CD,1970,92752930873.1912
CHN,NY.GDP.MKTP.CD,1969,79847786729.1898
CHN,NY.GDP.MKTP.CD,1968,70980323818.7853
CHN,NY.GDP.MKTP.CD,1967,73011350596.2485
CHN,NY.GDP.MKTP.CD,1966,76854053259.209
CHN,NY.GDP.MKTP.CD,1965,70565994356.1828
CHN,NY.GDP.MKTP.CD,1964,59821862703.4023
CHN,NY.GDP.MKTP.CD,1963,50812227918.5753
CHN,NY.GDP.MKTP.CD,1962,47310737754.2287
CHN,NY.GDP.MKTP.CD,1961,50162299349.7871
CHN,NY.GDP.MKTP.CD,1960,59846235024.7318
COL,NY.GDP.MKTP.CD,2024,418818154879.271
COL,NY.GDP.MKTP.CD,2023,366291836137.916
COL,NY.GDP.MKTP.CD,2022,345632492851.448
COL,NY.GDP.MKTP.CD,2021,318524633225.395
COL,NY.GDP.MKTP.CD,2020,270348342541.465
COL,NY.GDP.MKTP.CD,2019,323031701192.84
COL,NY.GDP.MKTP.CD,2018,334198218098.276
COL,NY.GDP.MKTP.CD,2017,311866875156.879
COL,NY.GDP.MKTP.CD,2016,282720100286.228
COL,NY.GDP.MKTP.CD,2015,293492370193.166
COL,NY.GDP.MKTP.CD,2014,381240864422.407
COL,NY.GDP.MKTP.CD,2013,382093697077.685
COL,NY.GDP.MKTP.CD,2012,370691143018.039
COL,NY.GDP.MKTP.CD,2011,334966134804.887
COL,NY.GDP.MKTP.CD,2010,286498534094.963
COL,NY.GDP.MKTP.CD,2009,232468663109.595
COL,NY.GDP.MKTP.CD,2008,242504150472.931
COL,NY.GDP.MKTP.CD,2007,206229540926.312
COL,NY.GDP.MKTP.CD,2006,161792958904.864
COL,NY.GDP.MKTP.CD,2005,145600529605.803
COL,NY.GDP.MKTP.CD,2004,117092416666.245
COL,NY.GDP.MKTP.CD,2003,94644969157.0987
COL,NY.GDP.MKTP.CD,2002,97945812802.8882
COL,NY.GDP.MKTP.CD,2001,98200641203.3892
COL,NY.GDP.MKTP.CD,2000,99875074951.0278
COL,NY.GDP.MKTP.CD,1999,86186158684.7685
COL,NY.GDP.MKTP.CD,1998,98443739941.1664
COL,NY.GDP.MKTP.CD,1997,106659508271.255
COL,NY.GDP.MKTP.CD,1996,97160109277.8087
COL,NY.GDP.MKTP.CD,1995,92507279383.0387
COL,NY.GDP.MKTP.CD,1994,81703500846.0364
COL,NY.GDP.MKTP.CD,1993,66446804802.5747
COL,NY.GDP.MKTP.CD,1992,58418985443.3172
COL,NY.GDP.MKTP.CD,1991,49175565911.0655
COL,NY.GDP.MKTP.CD,1990,47844090709.9908
COL,NY.GDP.MKTP.CD,1989,39540080200.3938
COL,NY.GDP.MKTP.CD,1988,39212550050.4223
COL,NY.GDP.MKTP.CD,1987,36373307085.0887
COL,NY.GDP.MKTP.CD,1986,34942489683.9712
COL,NY.GDP.MKTP.CD,1985,34894411351.983
COL,NY.GDP.MKTP.CD,1984,38253120737.9671
COL,NY.GDP.MKTP.CD,1983,38729822781.5997
COL,NY.GDP.MKTP.CD,1982,38968039721.748
COL,NY.GDP.MKTP.CD,1981,36388366869.0309
COL,NY.GDP.MKTP.CD,1980,33400735644.0481
COL,NY.GDP.MKTP.CD,1979,27940411250.2732
COL,NY.GDP.MKTP.CD,1978,23263511958.0509
COL,NY.GDP.MKTP.CD,1977,19470960619.1297
COL,NY.GDP.MKTP.CD,1976,15341403660.4698
COL,NY.GDP.MKTP.CD,1975,13098633901.8673
COL,NY.GDP.MKTP.CD,1974,12370029583.6419
COL,NY.GDP.MKTP.CD,1973,10315760000.3394
COL,NY.GDP.MKTP.CD,1972,8671358732.68486
COL,NY.GDP.MKTP.CD,1971,7820380970.53674
COL,NY.GDP.MKTP.CD,1970,7198360460.19887
COL,NY.GDP.MKTP.CD,1969,6450175213.74923
COL,NY.GDP.MKTP.CD,1968,5960212869.12968
COL,NY.GDP.MKTP.CD,1967,5825170438.48704
COL,NY.GDP.MKTP.CD,1966,5428518518.51852
COL,NY.GDP.MKTP.CD,1965,5760761904.7619
COL,NY.GDP.MKTP.CD,1964,5973366666.66667
COL,NY.GDP.MKTP.CD,1963,4836166666.66667
COL,NY.GDP.MKTP.CD,1962,4955543963.36869
COL,NY.GDP.MKTP.CD,1961,4540447761.19403
COL,NY.GDP.MKTP.CD,1960,4031152976.63904
COM,NY.GDP.MKTP.CD,2024,1440991455.45188
COM,NY.GDP.MKTP.CD,2023,1326836543.00797
COM,NY.GDP.MKTP.CD,2022,1222485532.31976
COM,NY.GDP.MKTP.CD,2021,1272238390.85864
COM,NY.GDP.MKTP.CD,2020,1218763671.26563
COM,NY.GDP.MKTP.CD,2019,1187915408.87243
COM,NY.GDP.MKTP.CD,2018,1178530633.24599
COM,NY.GDP.MKTP.CD,2017,1077439756.59451
COM,NY.GDP.MKTP.CD,2016,1012835493.19325
COM,NY.GDP.MKTP.CD,2015,966029600.862227
COM,NY.GDP.MKTP.CD,2014,1149587661.00693
COM,NY.GDP.MKTP.CD,2013,1116224106.83728
COM,NY.GDP.MKTP.CD,2012,1015843490.82374
COM,NY.GDP.MKTP.CD,2011,1023086273.53336
COM,NY.GDP.MKTP.CD,2010,907978730.887844
COM,NY.GDP.MKTP.CD,2009,905341172.70583
COM,NY.GDP.MKTP.CD,2008,915659107.965823
COM,NY.GDP.MKTP.CD,2007,795673152.867077
COM,NY.GDP.MKTP.CD,2006,688498641.512529
COM,NY.GDP.MKTP.CD,2005,655375095.906176
COM,NY.GDP.MKTP.CD,2004,622679660.37137
COM,NY.GDP.MKTP.CD,2003,546830040.540273
COM,NY.GDP.MKTP.CD,2002,427360070.324544
COM,NY.GDP.MKTP.CD,2001,372746486.166796
COM,NY.GDP.MKTP.CD,2000,339504306.290689
COM,NY.GDP.MKTP.CD,1999,371921712.454518
COM,NY.GDP.MKTP.CD,1998,363932160.233771
COM,NY.GDP.MKTP.CD,1997,362816806.134452
COM,NY.GDP.MKTP.CD,1996,392488148.725187
COM,NY.GDP.MKTP.CD,1995,392774713.634182
COM,NY.GDP.MKTP.CD,1994,314789556.044396
COM,NY.GDP.MKTP.CD,1993,427750822.87347
COM,NY.GDP.MKTP.CD,1992,436552922.121696
COM,NY.GDP.MKTP.CD,1991,400592662.610246
COM,NY.GDP.MKTP.CD,1990,401561021.549642
COM,NY.GDP.MKTP.CD,1989,328665080.847046
COM,NY.GDP.MKTP.CD,1988,336422522.407114
COM,NY.GDP.MKTP.CD,1987,313292322.956214
COM,NY.GDP.MKTP.CD,1986,258143902.889842
COM,NY.GDP.MKTP.CD,1985,191944891.602832
COM,NY.GDP.MKTP.CD,1984,189102734.154019
COM,NY.GDP.MKTP.CD,1983,196193379.743828
COM,NY.GDP.MKTP.CD,1982,202152461.76282
COM,NY.GDP.MKTP.CD,1981,212958381.535437
COM,NY.GDP.MKTP.CD,1980,243390495.918962
COM,NY.GDP.MKTP.CD,1979,
COM,NY.GDP.MKTP.CD,1978,
COM,NY.GDP.MKTP.CD,1977,
COM,NY.GDP.MKTP.CD,1976,
COM,NY.GDP.MKTP.CD,1975,
COM,NY.GDP.MKTP.CD,1974,
COM,NY.GDP.MKTP.CD,1973,
COM,NY.GDP.MKTP.CD,1972,
COM,NY.GDP.MKTP.CD,1971,
COM,NY.GDP.MKTP.CD,1970,
COM,NY.GDP.MKTP.CD,1969,
COM,NY.GDP.MKTP.CD,1968,
COM,NY.GDP.MKTP.CD,1967,
COM,NY.GDP.MKTP.CD,1966,
COM,NY.GDP.MKTP.CD,1965,
COM,NY.GDP.MKTP.CD,1964,
COM,NY.GDP.MKTP.CD,1963,
COM,NY.GDP.MKTP.CD,1962,
COM,NY.GDP.MKTP.CD,1961,
COM,NY.GDP.MKTP.CD,1960,
COD,NY.GDP.MKTP.CD,2024,70962185790.7094
COD,NY.GDP.MKTP.CD,2023,69843655425.2929
COD,NY.GDP.MKTP.CD,2022,70422346142.2023
COD,NY.GDP.MKTP.CD,2021,59067289573.5102
COD,NY.GDP.MKTP.CD,2020,46691989748.9186
COD,NY.GDP.MKTP.CD,2019,46845900350.0332
COD,NY.GDP.MKTP.CD,2018,46659954092.4862
COD,NY.GDP.MKTP.CD,2017,37537521565.5308
COD,NY.GDP.MKTP.CD,2016,38600224214.4728
COD,NY.GDP.MKTP.CD,2015,40179574490.3032
COD,NY.GDP.MKTP.CD,2014,38352980552.8665
COD,NY.GDP.MKTP.CD,2013,34891189160.3002
COD,NY.GDP.MKTP.CD,2012,30029369928.7318
COD,NY.GDP.MKTP.CD,2011,26392379641.765
COD,NY.GDP.MKTP.CD,2010,24161641931.0331
COD,NY.GDP.MKTP.CD,2009,18607259480.5447
COD,NY.GDP.MKTP.CD,2008,22723488723.3641
COD,NY.GDP.MKTP.CD,2007,18374807772.5429
COD,NY.GDP.MKTP.CD,2006,15484044534.5783
COD,NY.GDP.MKTP.CD,2005,12609728573.1032
COD,NY.GDP.MKTP.CD,2004,10297483481.223
COD,NY.GDP.MKTP.CD,2003,8937567059.87754
COD,NY.GDP.MKTP.CD,2002,8728038525.14034
COD,NY.GDP.MKTP.CD,2001,7438189100.33333
COD,NY.GDP.MKTP.CD,2000,19088046305.7971
COD,NY.GDP.MKTP.CD,1999,4711259427.27273
COD,NY.GDP.MKTP.CD,1998,6217805820.77104
COD,NY.GDP.MKTP.CD,1997,6090838693.27145
COD,NY.GDP.MKTP.CD,1996,5771456952.1908
COD,NY.GDP.MKTP.CD,1995,5643439376.10491
COD,NY.GDP.MKTP.CD,1994,5820382248.28202
COD,NY.GDP.MKTP.CD,1993,10706259936.7425
COD,NY.GDP.MKTP.CD,1992,8227343907.26679
COD,NY.GDP.MKTP.CD,1991,9625436872.51075
COD,NY.GDP.MKTP.CD,1990,9349764580.41173
COD,NY.GDP.MKTP.CD,1989,9021862775.18112
COD,NY.GDP.MKTP.CD,1988,8861299976.74158
COD,NY.GDP.MKTP.CD,1987,7661625472.57705
COD,NY.GDP.MKTP.CD,1986,8095367168.21769
COD,NY.GDP.MKTP.CD,1985,7195042616.0071
COD,NY.GDP.MKTP.CD,1984,7857729193.20343
COD,NY.GDP.MKTP.CD,1983,11006712650.4481
COD,NY.GDP.MKTP.CD,1982,13651667371.1676
COD,NY.GDP.MKTP.CD,1981,12537821038.2202
COD,NY.GDP.MKTP.CD,1980,14394927494.8647
COD,NY.GDP.MKTP.CD,1979,15068422236.3663
COD,NY.GDP.MKTP.CD,1978,15372608002.3923
COD,NY.GDP.MKTP.CD,1977,12344424763.5727
COD,NY.GDP.MKTP.CD,1976,9648583224.99212
COD,NY.GDP.MKTP.CD,1975,10237343173.6527
COD,NY.GDP.MKTP.CD,1974,9596960179.64072
COD,NY.GDP.MKTP.CD,1973,7870239461.07784
COD,NY.GDP.MKTP.CD,1972,6173712814.37126
COD,NY.GDP.MKTP.CD,1971,5594770359.28144
COD,NY.GDP.MKTP.CD,1970,4877684910.17964
COD,NY.GDP.MKTP.CD,1969,5032434970.05988
COD,NY.GDP.MKTP.CD,1968,3909780538.92216
COD,NY.GDP.MKTP.CD,1967,3384063371.75792
COD,NY.GDP.MKTP.CD,1966,4532660181.81818
COD,NY.GDP.MKTP.CD,1965,4043901818.18182
COD,NY.GDP.MKTP.CD,1964,2881545272.72727
COD,NY.GDP.MKTP.CD,1963,6213185742.57426
COD,NY.GDP.MKTP.CD,1962,3779841428.57143
COD,NY.GDP.MKTP.CD,1961,3086746857.14286
COD,NY.GDP.MKTP.CD,1960,3359404117.64706
COG,NY.GDP.MKTP.CD,2024,15719986076.6464
COG,NY.GDP.MKTP.CD,2023,15321055822.5167
COG,NY.GDP.MKTP.CD,2022,15817030154.6941
COG,NY.GDP.MKTP.CD,2021,14825690210.9157
COG,NY.GDP.MKTP.CD,2020,11468687464.0046
COG,NY.GDP.MKTP.CD,2019,13976637779.9763
COG,NY.GDP.MKTP.CD,2018,14773900288.5135
COG,NY.GDP.MKTP.CD,2017,11834473039.3645
COG,NY.GDP.MKTP.CD,2016,10931328150.8478
COG,NY.GDP.MKTP.CD,2015,12434793867.3568
COG,NY.GDP.MKTP.CD,2014,17919321078.0284
COG,NY.GDP.MKTP.CD,2013,17958720699.0868
COG,NY.GDP.MKTP.CD,2012,17692911296.3044
COG,NY.GDP.MKTP.CD,2011,15655383576.6515
COG,NY.GDP.MKTP.CD,2010,13148396211.5955
COG,NY.GDP.MKTP.CD,2009,9723299915.25312
COG,NY.GDP.MKTP.CD,2008,11649857673.4436
COG,NY.GDP.MKTP.CD,2007,8782703436.70188
COG,NY.GDP.MKTP.CD,2006,8072305029.06514
COG,NY.GDP.MKTP.CD,2005,6650001680.48544
COG,NY.GDP.MKTP.CD,2004,4656974940.12721
COG,NY.GDP.MKTP.CD,2003,3503723087.74483
COG,NY.GDP.MKTP.CD,2002,3034250923.97726
COG,NY.GDP.MKTP.CD,2001,2796704604.03812
COG,NY.GDP.MKTP.CD,2000,3227927697.57921
COG,NY.GDP.MKTP.CD,1999,2354772960.28296
COG,NY.GDP.MKTP.CD,1998,1949481379.21951
COG,NY.GDP.MKTP.CD,1997,2322719102.6909
COG,NY.GDP.MKTP.CD,1996,2540697539.05773
COG,NY.GDP.MKTP.CD,1995,2116003867.75536
COG,NY.GDP.MKTP.CD,1994,1769365437.78801
COG,NY.GDP.MKTP.CD,1993,2684323623.14372
COG,NY.GDP.MKTP.CD,1992,2933222703.0334
COG,NY.GDP.MKTP.CD,1991,2724853505.80336
COG,NY.GDP.MKTP.CD,1990,2798746050.11354
COG,NY.GDP.MKTP.CD,1989,2389593025.60339
COG,NY.GDP.MKTP.CD,1988,2212536311.99319
COG,NY.GDP.MKTP.CD,1987,2297753652.34929
COG,NY.GDP.MKTP.CD,1986,1849268212.30284
COG,NY.GDP.MKTP.CD,1985,2160872540.03175
COG,NY.GDP.MKTP.CD,1984,2193581365.34299
COG,NY.GDP.MKTP.CD,1983,2097274289.75066
COG,NY.GDP.MKTP.CD,1982,2160640564.56041
COG,NY.GDP.MKTP.CD,1981,1993512322.62391
COG,NY.GDP.MKTP.CD,1980,1705796852.89473
COG,NY.GDP.MKTP.CD,1979,1198749667.42923
COG,NY.GDP.MKTP.CD,1978,878771772.202149
COG,NY.GDP.MKTP.CD,1977,765224029.286556
COG,NY.GDP.MKTP.CD,1976,754549601.391492
COG,NY.GDP.MKTP.CD,1975,767102680.239967
COG,NY.GDP.MKTP.CD,1974,585364634.473977
COG,NY.GDP.MKTP.CD,1973,541973362.610423
COG,NY.GDP.MKTP.CD,1972,410669263.651798
COG,NY.GDP.MKTP.CD,1971,322128018.955444
COG,NY.GDP.MKTP.CD,1970,274960699.885255
COG,NY.GDP.MKTP.CD,1969,265040036.417215
COG,NY.GDP.MKTP.CD,1968,251247457.765525
COG,NY.GDP.MKTP.CD,1967,237397428.13501
COG,NY.GDP.MKTP.CD,1966,220613581.972601
COG,NY.GDP.MKTP.CD,1965,198318064.028924
COG,NY.GDP.MKTP.CD,1964,185693724.905233
COG,NY.GDP.MKTP.CD,1963,172233430.657858
COG,NY.GDP.MKTP.CD,1962,166521239.650243
COG,NY.GDP.MKTP.CD,1961,151675738.926342
COG,NY.GDP.MKTP.CD,1960,131731862.783017
CRI,NY.GDP.MKTP.CD,2024,95350423176.5962
CRI,NY.GDP.MKTP.CD,2023,86497941439.0174
CRI,NY.GDP.MKTP.CD,2022,69243626028.5936
CRI,NY.GDP.MKTP.CD,2021,64960725734.1965
CRI,NY.GDP.MKTP.CD,2020,62395610760.0492
CRI,NY.GDP.MKTP.CD,2019,64417670521.3545
CRI,NY.GDP.MKTP.CD,2018,62420164991.5374
CRI,NY.GDP.MKTP.CD,2017,60516044656.5206
CRI,NY.GDP.MKTP.CD,2016,58847019609.6549
CRI,NY.GDP.MKTP.CD,2015,56441920820.5194
CRI,NY.GDP.MKTP.CD,2014,52016408854.2658
CRI,NY.GDP.MKTP.CD,2013,50949668841.6696
CRI,NY.GDP.MKTP.CD,2012,47231655431.7355
CRI,NY.GDP.MKTP.CD,2011,42762613698.9636
CRI,NY.GDP.MKTP.CD,2010,37658616951.8038
CRI,NY.GDP.MKTP.CD,2009,30745714312.6417
CRI,NY.GDP.MKTP.CD,2008,30801745700.4514
CRI,NY.GDP.MKTP.CD,2007,26884700709.3146
CRI,NY.GDP.MKTP.CD,2006,22715540324.3032
CRI,NY.GDP.MKTP.CD,2005,20040642476.9817
CRI,NY.GDP.MKTP.CD,2004,18610594846.2083
CRI,NY.GDP.MKTP.CD,2003,17271760506.9483
CRI,NY.GDP.MKTP.CD,2002,16578820687.2881
CRI,NY.GDP.MKTP.CD,2001,15976174336.9721
CRI,NY.GDP.MKTP.CD,2000,15013629661.8969
CRI,NY.GDP.MKTP.CD,1999,14254866284.6542
CRI,NY.GDP.MKTP.CD,1998,13684255946.5765
CRI,NY.GDP.MKTP.CD,1997,12614602382.2012
CRI,NY.GDP.MKTP.CD,1996,11678424507.2457
CRI,NY.GDP.MKTP.CD,1995,11578594259.8675
CRI,NY.GDP.MKTP.CD,1994,10489903725.0032
CRI,NY.GDP.MKTP.CD,1993,9564815975.14743
CRI,NY.GDP.MKTP.CD,1992,8579754757.93237
CRI,NY.GDP.MKTP.CD,1991,7215725487.30549
CRI,NY.GDP.MKTP.CD,1990,5711687786.75989
CRI,NY.GDP.MKTP.CD,1989,5251025767.47627
CRI,NY.GDP.MKTP.CD,1988,4614629898.40348
CRI,NY.GDP.MKTP.CD,1987,4532952047.15628
CRI,NY.GDP.MKTP.CD,1986,4418983870.96774
CRI,NY.GDP.MKTP.CD,1985,3919203960.39604
CRI,NY.GDP.MKTP.CD,1984,3660477856.22977
CRI,NY.GDP.MKTP.CD,1983,3146772630.77263
CRI,NY.GDP.MKTP.CD,1982,2606623554.56582
CRI,NY.GDP.MKTP.CD,1981,2623803095.78501
CRI,NY.GDP.MKTP.CD,1980,4831447001.16686
CRI,NY.GDP.MKTP.CD,1979,4035519323.22054
CRI,NY.GDP.MKTP.CD,1978,3523208809.80163
CRI,NY.GDP.MKTP.CD,1977,3072427012.83547
CRI,NY.GDP.MKTP.CD,1976,2412555425.90432
CRI,NY.GDP.MKTP.CD,1975,1960863465.5776
CRI,NY.GDP.MKTP.CD,1974,1666544754.09836
CRI,NY.GDP.MKTP.CD,1973,1528925846.25467
CRI,NY.GDP.MKTP.CD,1972,1238251695.55388
CRI,NY.GDP.MKTP.CD,1971,1077147537.52472
CRI,NY.GDP.MKTP.CD,1970,984830158.490566
CRI,NY.GDP.MKTP.CD,1969,853630203.773585
CRI,NY.GDP.MKTP.CD,1968,773841494.339623
CRI,NY.GDP.MKTP.CD,1967,699456618.867925
CRI,NY.GDP.MKTP.CD,1966,647305630.188679
CRI,NY.GDP.MKTP.CD,1965,592981162.264151
CRI,NY.GDP.MKTP.CD,1964,542578367.242598
CRI,NY.GDP.MKTP.CD,1963,511902136.809973
CRI,NY.GDP.MKTP.CD,1962,479180824.348506
CRI,NY.GDP.MKTP.CD,1961,490325181.614275
CRI,NY.GDP.MKTP.CD,1960,507513829.994855
CIV,NY.GDP.MKTP.CD,2024,87113179149.284
CIV,NY.GDP.MKTP.CD,2023,80780312569.1646
CIV,NY.GDP.MKTP.CD,2022,70922824813.9102
CIV,NY.GDP.MKTP.CD,2021,72794636653.7793
CIV,NY.GDP.MKTP.CD,2020,63027852805.4204
CIV,NY.GDP.MKTP.CD,2019,60382894697.3557
CIV,NY.GDP.MKTP.CD,2018,58522477786.6889
CIV,NY.GDP.MKTP.CD,2017,52512343996.69
CIV,NY.GDP.MKTP.CD,2016,48407761036.8238
CIV,NY.GDP.MKTP.CD,2015,45815005169.2651
CIV,NY.GDP.MKTP.CD,2014,48843005613.7091
CIV,NY.GDP.MKTP.CD,2013,42760235484.6093
CIV,NY.GDP.MKTP.CD,2012,36302302877.2977
CIV,NY.GDP.MKTP.CD,2011,36693710801.3976
CIV,NY.GDP.MKTP.CD,2010,34936307980.063
CIV,NY.GDP.MKTP.CD,2009,33886813250.2036
CIV,NY.GDP.MKTP.CD,2008,34078240293.2559
CIV,NY.GDP.MKTP.CD,2007,28760090953.3081
CIV,NY.GDP.MKTP.CD,2006,25281413263.3712
CIV,NY.GDP.MKTP.CD,2005,24036918703.1747
CIV,NY.GDP.MKTP.CD,2004,23510575681.3686
CIV,NY.GDP.MKTP.CD,2003,21251754340.4305
CIV,NY.GDP.MKTP.CD,2002,18054383320.8474
CIV,NY.GDP.MKTP.CD,2001,16810537043.8407
CIV,NY.GDP.MKTP.CD,2000,16577533891.8785
CIV,NY.GDP.MKTP.CD,1999,18870992455.568
CIV,NY.GDP.MKTP.CD,1998,19619654755.679
CIV,NY.GDP.MKTP.CD,1997,18047558037.7036
CIV,NY.GDP.MKTP.CD,1996,18071152830.6101
CIV,NY.GDP.MKTP.CD,1995,11000146266.5135
CIV,NY.GDP.MKTP.CD,1994,8313557510.14757
CIV,NY.GDP.MKTP.CD,1993,11045760288.1206
CIV,NY.GDP.MKTP.CD,1992,11152971273.9383
CIV,NY.GDP.MKTP.CD,1991,10492628580.7484
CIV,NY.GDP.MKTP.CD,1990,10795850582.779
CIV,NY.GDP.MKTP.CD,1989,9757410644.6679
CIV,NY.GDP.MKTP.CD,1988,10255169805.7996
CIV,NY.GDP.MKTP.CD,1987,10087654464.8168
CIV,NY.GDP.MKTP.CD,1986,9158302099.57957
CIV,NY.GDP.MKTP.CD,1985,6977650643.99488
CIV,NY.GDP.MKTP.CD,1984,6841639246.8996
CIV,NY.GDP.MKTP.CD,1983,6838184772.52063
CIV,NY.GDP.MKTP.CD,1982,7567110848.92228
CIV,NY.GDP.MKTP.CD,1981,8432589942.39434
CIV,NY.GDP.MKTP.CD,1980,10175617609.0962
CIV,NY.GDP.MKTP.CD,1979,9142933966.79465
CIV,NY.GDP.MKTP.CD,1978,7900526298.31993
CIV,NY.GDP.MKTP.CD,1977,6265068189.37782
CIV,NY.GDP.MKTP.CD,1976,4662053824.83955
CIV,NY.GDP.MKTP.CD,1975,3893839190.26806
CIV,NY.GDP.MKTP.CD,1974,3070152309.21903
CIV,NY.GDP.MKTP.CD,1973,2508421426.17572
CIV,NY.GDP.MKTP.CD,1972,1849400401.64724
CIV,NY.GDP.MKTP.CD,1971,1584128509.46873
CIV,NY.GDP.MKTP.CD,1970,1455482795.40691
CIV,NY.GDP.MKTP.CD,1969,1361360293.42665
CIV,NY.GDP.MKTP.CD,1968,1281281276.72357
CIV,NY.GDP.MKTP.CD,1967,1082922724.87189
CIV,NY.GDP.MKTP.CD,1966,1024102880.05862
CIV,NY.GDP.MKTP.CD,1965,919771228.816095
CIV,NY.GDP.MKTP.CD,1964,921063326.589918
CIV,NY.GDP.MKTP.CD,1963,761047198.029653
CIV,NY.GDP.MKTP.CD,1962,645284473.733691
CIV,NY.GDP.MKTP.CD,1961,618245634.179831
CIV,NY.GDP.MKTP.CD,1960,546203559.344361
HRV,NY.GDP.MKTP.CD,2024,92983810328.9088
HRV,NY.GDP.MKTP.CD,2023,85624153964.0987
HRV,NY.GDP.MKTP.CD,2022,71196498671.1145
HRV,NY.GDP.MKTP.CD,2021,69002365163.3368
HRV,NY.GDP.MKTP.CD,2020,57959843541.3699
HRV,NY.GDP.MKTP.CD,2019,61466721186.3116
HRV,NY.GDP.MKTP.CD,2018,61667925219.0755
HRV,NY.GDP.MKTP.CD,2017,56182782585.9052
HRV,NY.GDP.MKTP.CD,2016,52650714171.8617
HRV,NY.GDP.MKTP.CD,2015,50998893384.8289
HRV,NY.GDP.MKTP.CD,2014,59606934500.9957
HRV,NY.GDP.MKTP.CD,2013,59846265181.8502
HRV,NY.GDP.MKTP.CD,2012,57548115904.416
HRV,NY.GDP.MKTP.CD,2011,62889007657.3899
HRV,NY.GDP.MKTP.CD,2010,58975205417.3439
HRV,NY.GDP.MKTP.CD,2009,62315996674.7984
HRV,NY.GDP.MKTP.CD,2008,68472854617.2831
HRV,NY.GDP.MKTP.CD,2007,59290621398.1561
HRV,NY.GDP.MKTP.CD,2006,49583544860.0759
HRV,NY.GDP.MKTP.CD,2005,45013119281.806
HRV,NY.GDP.MKTP.CD,2004,41836292157.3335
HRV,NY.GDP.MKTP.CD,2003,35245317001.8224
HRV,NY.GDP.MKTP.CD,2002,26757722428.6781
HRV,NY.GDP.MKTP.CD,2001,23066883849.6467
HRV,NY.GDP.MKTP.CD,2000,22134411297.473
HRV,NY.GDP.MKTP.CD,1999,23777026779.3004
HRV,NY.GDP.MKTP.CD,1998,25890228429.7214
HRV,NY.GDP.MKTP.CD,1997,24175764812.1218
HRV,NY.GDP.MKTP.CD,1996,24150978346.5253
HRV,NY.GDP.MKTP.CD,1995,22772394546.6058
HRV,NY.GDP.MKTP.CD,1994,15062911616.8222
HRV,NY.GDP.MKTP.CD,1993,11259647874.4986
HRV,NY.GDP.MKTP.CD,1992,10621169290.9986
HRV,NY.GDP.MKTP.CD,1991,18760386774.7973
HRV,NY.GDP.MKTP.CD,1990,25650213279.6781
HRV,NY.GDP.MKTP.CD,1989,
HRV,NY.GDP.MKTP.CD,1988,
HRV,NY.GDP.MKTP.CD,1987,
HRV,NY.GDP.MKTP.CD,1986,
HRV,NY.GDP.MKTP.CD,1985,
HRV,NY.GDP.MKTP.CD,1984,
HRV,NY.GDP.MKTP.CD,1983,
HRV,NY.GDP.MKTP.CD,1982,
HRV,NY.GDP.MKTP.CD,1981,
HRV,NY.GDP.MKTP.CD,1980,
HRV,NY.GDP.MKTP.CD,1979,
HRV,NY.GDP.MKTP.CD,1978,
HRV,NY.GDP.MKTP.CD,1977,
HRV,NY.GDP.MKTP.CD,1976,
HRV,NY.GDP.MKTP.CD,1975,
HRV,NY.GDP.MKTP.CD,1974,
HRV,NY.GDP.MKTP.CD,1973,
HRV,NY.GDP.MKTP.CD,1972,
HRV,NY.GDP.MKTP.CD,1971,
HRV,NY.GDP.MKTP.CD,1970,
HRV,NY.GDP.MKTP.CD,1969,
HRV,NY.GDP.MKTP.CD,1968,
HRV,NY.GDP.MKTP.CD,1967,
HRV,NY.GDP.MKTP.CD,1966,
HRV,NY.GDP.MKTP.CD,1965,
HRV,NY.GDP.MKTP.CD,1964,
HRV,NY.GDP.MKTP.CD,1963,
HRV,NY.GDP.MKTP.CD,1962,
HRV,NY.GDP.MKTP.CD,1961,
HRV,NY.GDP.MKTP.CD,1960,
CUB,NY.GDP.MKTP.CD,2024,
CUB,NY.GDP.MKTP.CD,2023,
CUB,NY.GDP.MKTP.CD,2022,
CUB,NY.GDP.MKTP.CD,2021,
CUB,NY.GDP.MKTP.CD,2020,107352000000.0
CUB,NY.GDP.MKTP.CD,2019,103427600000.0
CUB,NY.GDP.MKTP.CD,2018,100050036100.0
CUB,NY.GDP.MKTP.CD,2017,96850649700.0
CUB,NY.GDP.MKTP.CD,2016,91370407900.0
CUB,NY.GDP.MKTP.CD,2015,87132800000.0
CUB,NY.GDP.MKTP.CD,2014,80656100000.0
CUB,NY.GDP.MKTP.CD,2013,77148000000.0
CUB,NY.GDP.MKTP.CD,2012,73141000000.0
CUB,NY.GDP.MKTP.CD,2011,68990000000.0
CUB,NY.GDP.MKTP.CD,2010,59562962962.963
CUB,NY.GDP.MKTP.CD,2009,57481481481.4815
CUB,NY.GDP.MKTP.CD,2008,56302129629.6296
CUB,NY.GDP.MKTP.CD,2007,54262870370.3704
CUB,NY.GDP.MKTP.CD,2006,48835925925.9259
CUB,NY.GDP.MKTP.CD,2005,42643836100.0
CUB,NY.GDP.MKTP.CD,2004,38203000000.0
CUB,NY.GDP.MKTP.CD,2003,35901200000.0
CUB,NY.GDP.MKTP.CD,2002,33590500000.0
CUB,NY.GDP.MKTP.CD,2001,31682400000.0
CUB,NY.GDP.MKTP.CD,2000,30565400000.0
CUB,NY.GDP.MKTP.CD,1999,28364615200.0
CUB,NY.GDP.MKTP.CD,1998,25736331200.0
CUB,NY.GDP.MKTP.CD,1997,25365908100.0
CUB,NY.GDP.MKTP.CD,1996,25017368700.0
CUB,NY.GDP.MKTP.CD,1995,30429803651.2192
CUB,NY.GDP.MKTP.CD,1994,28448326756.7568
CUB,NY.GDP.MKTP.CD,1993,22367254864.8649
CUB,NY.GDP.MKTP.CD,1992,22085858243.2432
CUB,NY.GDP.MKTP.CD,1991,24316556025.6585
CUB,NY.GDP.MKTP.CD,1990,28645436569.1489
CUB,NY.GDP.MKTP.CD,1989,27023468665.8977
CUB,NY.GDP.MKTP.CD,1988,27458999472.2955
CUB,NY.GDP.MKTP.CD,1987,25213935012.0819
CUB,NY.GDP.MKTP.CD,1986,24226574634.0293
CUB,NY.GDP.MKTP.CD,1985,22920490774.102
CUB,NY.GDP.MKTP.CD,1984,24039383608.4235
CUB,NY.GDP.MKTP.CD,1983,22204940512.2235
CUB,NY.GDP.MKTP.CD,1982,20953510235.2941
CUB,NY.GDP.MKTP.CD,1981,20150254096.3855
CUB,NY.GDP.MKTP.CD,1980,19912889861.1111
CUB,NY.GDP.MKTP.CD,1979,19584443287.6712
CUB,NY.GDP.MKTP.CD,1978,17844705324.6753
CUB,NY.GDP.MKTP.CD,1977,14206158674.6988
CUB,NY.GDP.MKTP.CD,1976,13789579902.5579
CUB,NY.GDP.MKTP.CD,1975,13027415243.9024
CUB,NY.GDP.MKTP.CD,1974,11405957317.0732
CUB,NY.GDP.MKTP.CD,1973,9987709650.18094
CUB,NY.GDP.MKTP.CD,1972,8135150891.92025
CUB,NY.GDP.MKTP.CD,1971,6914658400.0
CUB,NY.GDP.MKTP.CD,1970,5693005200.0
CUB,NY.GDP.MKTP.CD,1969,
CUB,NY.GDP.MKTP.CD,1968,
CUB,NY.GDP.MKTP.CD,1967,
CUB,NY.GDP.MKTP.CD,1966,
CUB,NY.GDP.MKTP.CD,1965,
CUB,NY.GDP.MKTP.CD,1964,
CUB,NY.GDP.MKTP.CD,1963,
CUB,NY.GDP.MKTP.CD,1962,
CUB,NY.GDP.MKTP.CD,1961,
CUB,NY.GDP.MKTP.CD,1960,
CUW,NY.GDP.MKTP.CD,2024,3561178196.20713
CUW,NY.GDP.MKTP.CD,2023,3281419347.37053
CUW,NY.GDP.MKTP.CD,2022,3075180834.72417
CUW,NY.GDP.MKTP.CD,2021,2739594359.5908
CUW,NY.GDP.MKTP.CD,2020,2534327592.49914
CUW,NY.GDP.MKTP.CD,2019,3026124115.73275
CUW,NY.GDP.MKTP.CD,2018,3046364819.53197
CUW,NY.GDP.MKTP.CD,2017,3033433248.15988
CUW,NY.GDP.MKTP.CD,2016,3024690188.01683
CUW,NY.GDP.MKTP.CD,2015,3058779211.89831
CUW,NY.GDP.MKTP.CD,2014,3059406995.39666
CUW,NY.GDP.MKTP.CD,2013,3033568606.16651
CUW,NY.GDP.MKTP.CD,2012,3012836256.55523
CUW,NY.GDP.MKTP.CD,2011,2930092237.27161
CUW,NY.GDP.MKTP.CD,2010,2951342793.29609
CUW,NY.GDP.MKTP.CD,2009,2869153184.35754
CUW,NY.GDP.MKTP.CD,2008,2833476145.2514
CUW,NY.GDP.MKTP.CD,2007,2593831508.37989
CUW,NY.GDP.MKTP.CD,2006,2457581731.84358
CUW,NY.GDP.MKTP.CD,2005,2344637262.56983
CUW,NY.GDP.MKTP.CD,2004,2237160502.7933
CUW,NY.GDP.MKTP.CD,2003,2202117374.30168
CUW,NY.GDP.MKTP.CD,2002,2160784692.73743
CUW,NY.GDP.MKTP.CD,2001,2143450726.25698
CUW,NY.GDP.MKTP.CD,2000,2120511229.05028
CUW,NY.GDP.MKTP.CD,1999,
CUW,NY.GDP.MKTP.CD,1998,
CUW,NY.GDP.MKTP.CD,1997,
CUW,NY.GDP.MKTP.CD,1996,
CUW,NY.GDP.MKTP.CD,1995,
CUW,NY.GDP.MKTP.CD,1994,
CUW,NY.GDP.MKTP.CD,1993,
CUW,NY.GDP.MKTP.CD,1992,
CUW,NY.GDP.MKTP.CD,1991,
CUW,NY.GDP.MKTP.CD,1990,
CUW,NY.GDP.MKTP.CD,1989,
CUW,NY.GDP.MKTP.CD,1988,
CUW,NY.GDP.MKTP.CD,1987,
CUW,NY.GDP.MKTP.CD,1986,
CUW,NY.GDP.MKTP.CD,1985,
CUW,NY.GDP.MKTP.CD,1984,
CUW,NY.GDP.MKTP.CD,1983,
CUW,NY.GDP.MKTP.CD,1982,
CUW,NY.GDP.MKTP.CD,1981,
CUW,NY.GDP.MKTP.CD,1980,
CUW,NY.GDP.MKTP.CD,1979,
CUW,NY.GDP.MKTP.CD,1978,
CUW,NY.GDP.MKTP.CD,1977,
CUW,NY.GDP.MKTP.CD,1976,
CUW,NY.GDP.MKTP.CD,1975,
CUW,NY.GDP.MKTP.CD,1974,
CUW,NY.GDP.MKTP.CD,1973,
CUW,NY.GDP.MKTP.CD,1972,
CUW,NY.GDP.MKTP.CD,1971,
CUW,NY.GDP.MKTP.CD,1970,
CUW,NY.GDP.MKTP.CD,1969,
CUW,NY.GDP.MKTP.CD,1968,
CUW,NY.GDP.MKTP.CD,1967,
CUW,NY.GDP.MKTP.CD,1966,
CUW,NY.GDP.MKTP.CD,1965,
CUW,NY.GDP.MKTP.CD,1964,
CUW,NY.GDP.MKTP.CD,1963,
CUW,NY.GDP.MKTP.CD,1962,
CUW,NY.GDP.MKTP.CD,1961,
CUW,NY.GDP.MKTP.CD,1960,
CYP,NY.GDP.MKTP.CD,2024,37634533331.8902
CYP,NY.GDP.MKTP.CD,2023,35075423857.0996
CYP,NY.GDP.MKTP.CD,2022,31218038929.0919
CYP,NY.GDP.MKTP.CD,2021,30372642502.4897
CYP,NY.GDP.MKTP.CD,2020,25555093854.2968
CYP,NY.GDP.MKTP.CD,2019,26196667099.5303
CYP,NY.GDP.MKTP.CD,2018,25754001367.5448
CYP,NY.GDP.MKTP.CD,2017,22946570628.7576
CYP,NY.GDP.MKTP.CD,2016,21046462280.5979
CYP,NY.GDP.MKTP.CD,2015,19909278416.8575
CYP,NY.GDP.MKTP.CD,2014,23225918259.9824
CYP,NY.GDP.MKTP.CD,2013,23959712860.8331
CYP,NY.GDP.MKTP.CD,2012,25047436974.6819
CYP,NY.GDP.MKTP.CD,2011,27641549301.6561
CYP,NY.GDP.MKTP.CD,2010,25799940077.6075
CYP,NY.GDP.MKTP.CD,2009,26048179949.1741
CYP,NY.GDP.MKTP.CD,2008,27844646257.507
CYP,NY.GDP.MKTP.CD,2007,23968727073.6381
CYP,NY.GDP.MKTP.CD,2006,20072754986.8272
CYP,NY.GDP.MKTP.CD,2005,18433412510.8817
CYP,NY.GDP.MKTP.CD,2004,17320551250.0
CYP,NY.GDP.MKTP.CD,2003,14547329558.3239
CYP,NY.GDP.MKTP.CD,2002,11420228846.1538
CYP,NY.GDP.MKTP.CD,2001,10397898907.1038
CYP,NY.GDP.MKTP.CD,2000,9985847313.85485
CYP,NY.GDP.MKTP.CD,1999,10497907227.616
CYP,NY.GDP.MKTP.CD,1998,10248618778.2805
CYP,NY.GDP.MKTP.CD,1997,9547816419.61231
CYP,NY.GDP.MKTP.CD,1996,10011914680.0502
CYP,NY.GDP.MKTP.CD,1995,9933137128.07244
CYP,NY.GDP.MKTP.CD,1994,7425703928.57143
CYP,NY.GDP.MKTP.CD,1993,6590291048.29211
CYP,NY.GDP.MKTP.CD,1992,6912150456.32334
CYP,NY.GDP.MKTP.CD,1991,5770197348.48485
CYP,NY.GDP.MKTP.CD,1990,5591130217.66965
CYP,NY.GDP.MKTP.CD,1989,4563482603.5503
CYP,NY.GDP.MKTP.CD,1988,4278792597.23965
CYP,NY.GDP.MKTP.CD,1987,3704813885.50548
CYP,NY.GDP.MKTP.CD,1986,3090734463.27684
CYP,NY.GDP.MKTP.CD,1985,2430411900.19194
CYP,NY.GDP.MKTP.CD,1984,2278248953.14058
CYP,NY.GDP.MKTP.CD,1983,2160364071.19021
CYP,NY.GDP.MKTP.CD,1982,2159242416.76942
CYP,NY.GDP.MKTP.CD,1981,2087496373.77964
CYP,NY.GDP.MKTP.CD,1980,2154311276.94859
CYP,NY.GDP.MKTP.CD,1979,1288699776.05059
CYP,NY.GDP.MKTP.CD,1978,964024364.43274
CYP,NY.GDP.MKTP.CD,1977,734876021.128049
CYP,NY.GDP.MKTP.CD,1976,576090073.715036
CYP,NY.GDP.MKTP.CD,1975,489912574.305146
CYP,NY.GDP.MKTP.CD,1974,
CYP,NY.GDP.MKTP.CD,1973,
CYP,NY.GDP.MKTP.CD,1972,
CYP,NY.GDP.MKTP.CD,1971,
CYP,NY.GDP.MKTP.CD,1970,
CYP,NY.GDP.MKTP.CD,1969,
CYP,NY.GDP.MKTP.CD,1968,
CYP,NY.GDP.MKTP.CD,1967,
CYP,NY.GDP.MKTP.CD,1966,
CYP,NY.GDP.MKTP.CD,1965,
CYP,NY.GDP.MKTP.CD,1964,
CYP,NY.GDP.MKTP.CD,1963,
CYP,NY.GDP.MKTP.CD,1962,
CYP,NY.GDP.MKTP.CD,1961,
CYP,NY.GDP.MKTP.CD,1960,
CZE,NY.GDP.MKTP.CD,2024,347034062928.479
CZE,NY.GDP.MKTP.CD,2023,345059295659.911
CZE,NY.GDP.MKTP.CD,2022,301831228325.556
CZE,NY.GDP.MKTP.CD,2021,290972714482.313
CZE,NY.GDP.MKTP.CD,2020,251109660602.536
CZE,NY.GDP.MKTP.CD,2019,256794209028.77
CZE,NY.GDP.MKTP.CD,2018,251992360762.236
CZE,NY.GDP.MKTP.CD,2017,221563575696.217
CZE,NY.GDP.MKTP.CD,2016,198160659303.939
CZE,NY.GDP.MKTP.CD,2015,189107698561.919
CZE,NY.GDP.MKTP.CD,2014,210911285077.683
CZE,NY.GDP.MKTP.CD,2013,213024360541.119
CZE,NY.GDP.MKTP.CD,2012,210363223087.728
CZE,NY.GDP.MKTP.CD,2011,231429378717.312
CZE,NY.GDP.MKTP.CD,2010,211168667286.27
CZE,NY.GDP.MKTP.CD,2009,206971882704.716
CZE,NY.GDP.MKTP.CD,2008,236506264753.95
CZE,NY.GDP.MKTP.CD,2007,190040702286.917
CZE,NY.GDP.MKTP.CD,2006,156236258386.589
CZE,NY.GDP.MKTP.CD,2005,137264185596.1
CZE,NY.GDP.MKTP.CD,2004,120147899983.657
CZE,NY.GDP.MKTP.CD,2003,100435924704.881
CZE,NY.GDP.MKTP.CD,2002,82607869609.574
CZE,NY.GDP.MKTP.CD,2001,68135304463.9641
CZE,NY.GDP.MKTP.CD,2000,62175642238.0847
CZE,NY.GDP.MKTP.CD,1999,65586562604.8621
CZE,NY.GDP.MKTP.CD,1998,67187217327.7326
CZE,NY.GDP.MKTP.CD,1997,62539765163.1302
CZE,NY.GDP.MKTP.CD,1996,67804105329.8557
CZE,NY.GDP.MKTP.CD,1995,60572381311.2283
CZE,NY.GDP.MKTP.CD,1994,48188478339.4129
CZE,NY.GDP.MKTP.CD,1993,41155654032.1751
CZE,NY.GDP.MKTP.CD,1992,35051065440.3962
CZE,NY.GDP.MKTP.CD,1991,30071014282.3218
CZE,NY.GDP.MKTP.CD,1990,41016881802.4843
CZE,NY.GDP.MKTP.CD,1989,
CZE,NY.GDP.MKTP.CD,1988,
CZE,NY.GDP.MKTP.CD,1987,
CZE,NY.GDP.MKTP.CD,1986,
CZE,NY.GDP.MKTP.CD,1985,
CZE,NY.GDP.MKTP.CD,1984,
CZE,NY.GDP.MKTP.CD,1983,
CZE,NY.GDP.MKTP.CD,1982,
CZE,NY.GDP.MKTP.CD,1981,
CZE,NY.GDP.MKTP.CD,1980,
CZE,NY.GDP.MKTP.CD,1979,
CZE,NY.GDP.MKTP.CD,1978,
CZE,NY.GDP.MKTP.CD,1977,
CZE,NY.GDP.MKTP.CD,1976,
CZE,NY.GDP.MKTP.CD,1975,
CZE,NY.GDP.MKTP.CD,1974,
CZE,NY.GDP.MKTP.CD,1973,
CZE,NY.GDP.MKTP.CD,1972,
CZE,NY.GDP.MKTP.CD,1971,
CZE,NY.GDP.MKTP.CD,1970,
CZE,NY.GDP.MKTP.CD,1969,
CZE,NY.GDP.MKTP.CD,1968,
CZE,NY.GDP.MKTP.CD,1967,
CZE,NY.GDP.MKTP.CD,1966,
CZE,NY.GDP.MKTP.CD,1965,
CZE,NY.GDP.MKTP.CD,1964,
CZE,NY.GDP.MKTP.CD,1963,
CZE,NY.GDP.MKTP.CD,1962,
CZE,NY.GDP.MKTP.CD,1961,
CZE,NY.GDP.MKTP.CD,1960,
DNK,NY.GDP.MKTP.CD,2024,424524722037.047
DNK,NY.GDP.MKTP.CD,2023,404651706117.557
DNK,NY.GDP.MKTP.CD,2022,400114306337.077
DNK,NY.GDP.MKTP.CD,2021,406110162088.054
DNK,NY.GDP.MKTP.CD,2020,355631021931.621
DNK,NY.GDP.MKTP.CD,2019,345401473012.615
DNK,NY.GDP.MKTP.CD,2018,355293374912.393
DNK,NY.GDP.MKTP.CD,2017,331610593961.988
DNK,NY.GDP.MKTP.CD,2016,312181849372.233
DNK,NY.GDP.MKTP.CD,2015,301758922337.637
DNK,NY.GDP.MKTP.CD,2014,352832602064.452
DNK,NY.GDP.MKTP.CD,2013,344631016965.12
DNK,NY.GDP.MKTP.CD,2012,326792574244.963
DNK,NY.GDP.MKTP.CD,2011,344315595263.175
DNK,NY.GDP.MKTP.CD,2010,322345594075.47
DNK,NY.GDP.MKTP.CD,2009,322619152194.594
DNK,NY.GDP.MKTP.CD,2008,354979471960.142
DNK,NY.GDP.MKTP.CD,2007,320213157595.018
DNK,NY.GDP.MKTP.CD,2006,283386151543.687
DNK,NY.GDP.MKTP.CD,2005,265150087711.985
DNK,NY.GDP.MKTP.CD,2004,251986155630.852
DNK,NY.GDP.MKTP.CD,2003,218421193436.252
DNK,NY.GDP.MKTP.CD,2002,178788209558.311
DNK,NY.GDP.MKTP.CD,2001,164881594415.341
DNK,NY.GDP.MKTP.CD,2000,164043817223.59
DNK,NY.GDP.MKTP.CD,1999,177887720535.535
DNK,NY.GDP.MKTP.CD,1998,176877077513.133
DNK,NY.GDP.MKTP.CD,1997,173241365735.483
DNK,NY.GDP.MKTP.CD,1996,187481157845.724
DNK,NY.GDP.MKTP.CD,1995,184848481008.139
DNK,NY.GDP.MKTP.CD,1994,156017919221.457
DNK,NY.GDP.MKTP.CD,1993,143111306004.102
DNK,NY.GDP.MKTP.CD,1992,152966494259.538
DNK,NY.GDP.MKTP.CD,1991,139180507777.691
DNK,NY.GDP.MKTP.CD,1990,138217740684.484
DNK,NY.GDP.MKTP.CD,1989,112312200760.581
DNK,NY.GDP.MKTP.CD,1988,115540189705.118
DNK,NY.GDP.MKTP.CD,1987,109183446340.073
DNK,NY.GDP.MKTP.CD,1986,87748695216.9077
DNK,NY.GDP.MKTP.CD,1985,62452421010.9094
DNK,NY.GDP.MKTP.CD,1984,58868891334.9941
DNK,NY.GDP.MKTP.CD,1983,60331158447.2389
DNK,NY.GDP.MKTP.CD,1982,60084214872.0657
DNK,NY.GDP.MKTP.CD,1981,61459941460.5385
DNK,NY.GDP.MKTP.CD,1980,70811287815.6106
DNK,NY.GDP.MKTP.CD,1979,70393030602.547
DNK,NY.GDP.MKTP.CD,1978,60320089217.713
DNK,NY.GDP.MKTP.CD,1977,49711709588.2196
DNK,NY.GDP.MKTP.CD,1976,44503607444.1687
DNK,NY.GDP.MKTP.CD,1975,40418967665.5877
DNK,NY.GDP.MKTP.CD,1974,34125712480.9267
DNK,NY.GDP.MKTP.CD,1973,30718181337.3006
DNK,NY.GDP.MKTP.CD,1972,23230667549.2496
DNK,NY.GDP.MKTP.CD,1971,19086192720.4664
DNK,NY.GDP.MKTP.CD,1970,17075457733.3333
DNK,NY.GDP.MKTP.CD,1969,15414902666.6667
DNK,NY.GDP.MKTP.CD,1968,13505574133.3333
DNK,NY.GDP.MKTP.CD,1967,13059064805.8774
DNK,NY.GDP.MKTP.CD,1966,11931740293.0378
DNK,NY.GDP.MKTP.CD,1965,10870670865.3211
DNK,NY.GDP.MKTP.CD,1964,9677401337.17309
DNK,NY.GDP.MKTP.CD,1963,8466044979.87996
DNK,NY.GDP.MKTP.CD,1962,7953274741.29303
DNK,NY.GDP.MKTP.CD,1961,7058361229.35415
DNK,NY.GDP.MKTP.CD,1960,6361166544.50349
DJI,NY.GDP.MKTP.CD,2024,4152145939.98458
DJI,NY.GDP.MKTP.CD,2023,3898447007.38798
DJI,NY.GDP.MKTP.CD,2022,3562814908.76149
DJI,NY.GDP.MKTP.CD,2021,3392796953.08939
DJI,NY.GDP.MKTP.CD,2020,3144136196.6228
DJI,NY.GDP.MKTP.CD,2019,3088851450.30694
DJI,NY.GDP.MKTP.CD,2018,2913464658.08768
DJI,NY.GDP.MKTP.CD,2017,2762581334.22612
DJI,NY.GDP.MKTP.CD,2016,2604955228.70117
DJI,NY.GDP.MKTP.CD,2015,2424391785.43897
DJI,NY.GDP.MKTP.CD,2014,2220637966.25047
DJI,NY.GDP.MKTP.CD,2013,2044440443.16654
DJI,NY.GDP.MKTP.CD,2012,1353632941.5207
DJI,NY.GDP.MKTP.CD,2011,1239144501.77525
DJI,NY.GDP.MKTP.CD,2010,1128611700.3618
DJI,NY.GDP.MKTP.CD,2009,1049110684.72493
DJI,NY.GDP.MKTP.CD,2008,999105339.267729
DJI,NY.GDP.MKTP.CD,2007,847918929.107984
DJI,NY.GDP.MKTP.CD,2006,768873684.032838
DJI,NY.GDP.MKTP.CD,2005,708633194.726566
DJI,NY.GDP.MKTP.CD,2004,666072101.777505
DJI,NY.GDP.MKTP.CD,2003,622044665.515049
DJI,NY.GDP.MKTP.CD,2002,591122039.601398
DJI,NY.GDP.MKTP.CD,2001,572417440.820162
DJI,NY.GDP.MKTP.CD,2000,551230861.856505
DJI,NY.GDP.MKTP.CD,1999,536080148.097299
DJI,NY.GDP.MKTP.CD,1998,514267869.300758
DJI,NY.GDP.MKTP.CD,1997,502675542.001227
DJI,NY.GDP.MKTP.CD,1996,494004647.73437
DJI,NY.GDP.MKTP.CD,1995,497723960.589913
DJI,NY.GDP.MKTP.CD,1994,491689220.744875
DJI,NY.GDP.MKTP.CD,1993,466048469.22986
DJI,NY.GDP.MKTP.CD,1992,478058304.871118
DJI,NY.GDP.MKTP.CD,1991,462421998.525779
DJI,NY.GDP.MKTP.CD,1990,452328087.282876
DJI,NY.GDP.MKTP.CD,1989,409220087.102818
DJI,NY.GDP.MKTP.CD,1988,395794538.630775
DJI,NY.GDP.MKTP.CD,1987,373371738.286415
DJI,NY.GDP.MKTP.CD,1986,
DJI,NY.GDP.MKTP.CD,1985,340989527.967995
DJI,NY.GDP.MKTP.CD,1984,
DJI,NY.GDP.MKTP.CD,1983,
DJI,NY.GDP.MKTP.CD,1982,
DJI,NY.GDP.MKTP.CD,1981,
DJI,NY.GDP.MKTP.CD,1980,
DJI,NY.GDP.MKTP.CD,1979,
DJI,NY.GDP.MKTP.CD,1978,
DJI,NY.GDP.MKTP.CD,1977,
DJI,NY.GDP.MKTP.CD,1976,
DJI,NY.GDP.MKTP.CD,1975,
DJI,NY.GDP.MKTP.CD,1974,
DJI,NY.GDP.MKTP.CD,1973,
DJI,NY.GDP.MKTP.CD,1972,
DJI,NY.GDP.MKTP.CD,1971,
DJI,NY.GDP.MKTP.CD,1970,
DJI,NY.GDP.MKTP.CD,1969,
DJI,NY.GDP.MKTP.CD,1968,
DJI,NY.GDP.MKTP.CD,1967,
DJI,NY.GDP.MKTP.CD,1966,
DJI,NY.GDP.MKTP.CD,1965,
DJI,NY.GDP.MKTP.CD,1964,
DJI,NY.GDP.MKTP.CD,1963,
DJI,NY.GDP.MKTP.CD,1962,
DJI,NY.GDP.MKTP.CD,1961,
DJI,NY.GDP.MKTP.CD,1960,
DMA,NY.GDP.MKTP.CD,2024,688881481.481481
DMA,NY.GDP.MKTP.CD,2023,659311111.111111
DMA,NY.GDP.MKTP.CD,2022,623062962.962963
DMA,NY.GDP.MKTP.CD,2021,562911111.111111
DMA,NY.GDP.MKTP.CD,2020,528944444.444444
DMA,NY.GDP.MKTP.CD,2019,644259259.259259
DMA,NY.GDP.MKTP.CD,2018,628244444.444444
DMA,NY.GDP.MKTP.CD,2017,563355555.555555
DMA,NY.GDP.MKTP.CD,2016,612711111.111111
DMA,NY.GDP.MKTP.CD,2015,583177777.777778
DMA,NY.GDP.MKTP.CD,2014,572255555.555555
DMA,NY.GDP.MKTP.CD,2013,545325925.925926
DMA,NY.GDP.MKTP.CD,2012,520355555.555556
DMA,NY.GDP.MKTP.CD,2011,532081481.481481
DMA,NY.GDP.MKTP.CD,2010,519859259.259259
DMA,NY.GDP.MKTP.CD,2009,515618518.518519
DMA,NY.GDP.MKTP.CD,2008,480003703.703704
DMA,NY.GDP.MKTP.CD,2007,444685185.185185
DMA,NY.GDP.MKTP.CD,2006,416674074.074074
DMA,NY.GDP.MKTP.CD,2005,391455555.555556
DMA,NY.GDP.MKTP.CD,2004,396711111.111111
DMA,NY.GDP.MKTP.CD,2003,373318518.518519
DMA,NY.GDP.MKTP.CD,2002,375200000.0
DMA,NY.GDP.MKTP.CD,2001,377462962.962963
DMA,NY.GDP.MKTP.CD,2000,333470370.37037
DMA,NY.GDP.MKTP.CD,1999,331759259.259259
DMA,NY.GDP.MKTP.CD,1998,322411111.111111
DMA,NY.GDP.MKTP.CD,1997,302988888.888889
DMA,NY.GDP.MKTP.CD,1996,292285185.185185
DMA,NY.GDP.MKTP.CD,1995,274522222.222222
DMA,NY.GDP.MKTP.CD,1994,264374074.074074
DMA,NY.GDP.MKTP.CD,1993,245525925.925926
DMA,NY.GDP.MKTP.CD,1992,234059259.259259
DMA,NY.GDP.MKTP.CD,1991,219762962.962963
DMA,NY.GDP.MKTP.CD,1990,201429629.62963
DMA,NY.GDP.MKTP.CD,1989,185137242.962963
DMA,NY.GDP.MKTP.CD,1988,171106184.074074
DMA,NY.GDP.MKTP.CD,1987,151868754.444444
DMA,NY.GDP.MKTP.CD,1986,135161958.518519
DMA,NY.GDP.MKTP.CD,1985,119491932.962963
DMA,NY.GDP.MKTP.CD,1984,109157070.740741
DMA,NY.GDP.MKTP.CD,1983,98665191.4814815
DMA,NY.GDP.MKTP.CD,1982,89527576.6666667
DMA,NY.GDP.MKTP.CD,1981,82107391.1111111
DMA,NY.GDP.MKTP.CD,1980,72804653.3333333
DMA,NY.GDP.MKTP.CD,1979,55017758.8888889
DMA,NY.GDP.MKTP.CD,1978,57130215.5555556
DMA,NY.GDP.MKTP.CD,1977,45872947.4074074
DMA,NY.GDP.MKTP.CD,1976,
DMA,NY.GDP.MKTP.CD,1975,
DMA,NY.GDP.MKTP.CD,1974,
DMA,NY.GDP.MKTP.CD,1973,
DMA,NY.GDP.MKTP.CD,1972,
DMA,NY.GDP.MKTP.CD,1971,
DMA,NY.GDP.MKTP.CD,1970,
DMA,NY.GDP.MKTP.CD,1969,
DMA,NY.GDP.MKTP.CD,1968,
DMA,NY.GDP.MKTP.CD,1967,
DMA,NY.GDP.MKTP.CD,1966,
DMA,NY.GDP.MKTP.CD,1965,
DMA,NY.GDP.MKTP.CD,1964,
DMA,NY.GDP.MKTP.CD,1963,
DMA,NY.GDP.MKTP.CD,1962,
DMA,NY.GDP.MKTP.CD,1961,
DMA,NY.GDP.MKTP.CD,1960,
DOM,NY.GDP.MKTP.CD,2024,124282245638.568
DOM,NY.GDP.MKTP.CD,2023,120456239153.739
DOM,NY.GDP.MKTP.CD,2022,113478087134.8
DOM,NY.GDP.MKTP.CD,2021,94850719516.7127
DOM,NY.GDP.MKTP.CD,2020,78546672406.8291
DOM,NY.GDP.MKTP.CD,2019,89146130744.723
DOM,NY.GDP.MKTP.CD,2018,84994732049.3461
DOM,NY.GDP.MKTP.CD,2017,79070274743.1658
DOM,NY.GDP.MKTP.CD,2016,75552902635.7075
DOM,NY.GDP.MKTP.CD,2015,70966782572.4386
DOM,NY.GDP.MKTP.CD,2014,67014329099.5549
DOM,NY.GDP.MKTP.CD,2013,62555417414.582
DOM,NY.GDP.MKTP.CD,2012,60561635555.6383
DOM,NY.GDP.MKTP.CD,2011,57948261615.957
DOM,NY.GDP.MKTP.CD,2010,53801053352.5005
DOM,NY.GDP.MKTP.CD,2009,48223781476.8909
DOM,NY.GDP.MKTP.CD,2008,48091433554.186
DOM,NY.GDP.MKTP.CD,2007,43965458508.5056
DOM,NY.GDP.MKTP.CD,2006,37879830084.2627
DOM,NY.GDP.MKTP.CD,2005,35777560683.9366
DOM,NY.GDP.MKTP.CD,2004,22322387382.494
DOM,NY.GDP.MKTP.CD,2003,21403167848.1444
DOM,NY.GDP.MKTP.CD,2002,27137440786.2562
DOM,NY.GDP.MKTP.CD,2001,25601823687.5742
DOM,NY.GDP.MKTP.CD,2000,24305780628.6677
DOM,NY.GDP.MKTP.CD,1999,22136579396.9218
DOM,NY.GDP.MKTP.CD,1998,21672215546.7642
DOM,NY.GDP.MKTP.CD,1997,20017450041.3075
DOM,NY.GDP.MKTP.CD,1996,18241622547.5908
DOM,NY.GDP.MKTP.CD,1995,16637370839.1608
DOM,NY.GDP.MKTP.CD,1994,14644734599.4778
DOM,NY.GDP.MKTP.CD,1993,13081042400.0
DOM,NY.GDP.MKTP.CD,1992,11605382504.0
DOM,NY.GDP.MKTP.CD,1991,9824483339.94518
DOM,NY.GDP.MKTP.CD,1990,7073675544.79021
DOM,NY.GDP.MKTP.CD,1989,6686593059.93691
DOM,NY.GDP.MKTP.CD,1988,5374299981.49698
DOM,NY.GDP.MKTP.CD,1987,5827050753.25937
DOM,NY.GDP.MKTP.CD,1986,6122128557.57243
DOM,NY.GDP.MKTP.CD,1985,5044579979.23285
DOM,NY.GDP.MKTP.CD,1984,11594000000.0
DOM,NY.GDP.MKTP.CD,1983,9220600000.0
DOM,NY.GDP.MKTP.CD,1982,8267400000.0
DOM,NY.GDP.MKTP.CD,1981,7561300000.0
DOM,NY.GDP.MKTP.CD,1980,6761300000.0
DOM,NY.GDP.MKTP.CD,1979,5498800000.0
DOM,NY.GDP.MKTP.CD,1978,4734400000.0
DOM,NY.GDP.MKTP.CD,1977,4587100000.0
DOM,NY.GDP.MKTP.CD,1976,3951500000.0
DOM,NY.GDP.MKTP.CD,1975,3599200000.0
DOM,NY.GDP.MKTP.CD,1974,2925700000.0
DOM,NY.GDP.MKTP.CD,1973,2344800000.0
DOM,NY.GDP.MKTP.CD,1972,1987400000.0
DOM,NY.GDP.MKTP.CD,1971,1666500000.0
DOM,NY.GDP.MKTP.CD,1970,1485500000.0
DOM,NY.GDP.MKTP.CD,1969,1230500000.0
DOM,NY.GDP.MKTP.CD,1968,1079100000.0
DOM,NY.GDP.MKTP.CD,1967,1034800000.0
DOM,NY.GDP.MKTP.CD,1966,983900000.0
DOM,NY.GDP.MKTP.CD,1965,888100000.0
DOM,NY.GDP.MKTP.CD,1964,1025599900.0
DOM,NY.GDP.MKTP.CD,1963,940799900.0
DOM,NY.GDP.MKTP.CD,1962,824100000.0
DOM,NY.GDP.MKTP.CD,1961,654100200.0
DOM,NY.GDP.MKTP.CD,1960,672399700.0
ECU,NY.GDP.MKTP.CD,2024,124676074700.0
ECU,NY.GDP.MKTP.CD,2023,121147057000.0
ECU,NY.GDP.MKTP.CD,2022,116133121000.0
ECU,NY.GDP.MKTP.CD,2021,107179074000.0
ECU,NY.GDP.MKTP.CD,2020,95865473000.0
ECU,NY.GDP.MKTP.CD,2019,107595830000.0
ECU,NY.GDP.MKTP.CD,2018,107478961000.0
ECU,NY.GDP.MKTP.CD,2017,104467486000.0
ECU,NY.GDP.MKTP.CD,2016,97671433000.0
ECU,NY.GDP.MKTP.CD,2015,97209558000.0
ECU,NY.GDP.MKTP.CD,2014,102717794000.0
ECU,NY.GDP.MKTP.CD,2013,96570334000.0
ECU,NY.GDP.MKTP.CD,2012,87735048000.0
ECU,NY.GDP.MKTP.CD,2011,78986648000.0
ECU,NY.GDP.MKTP.CD,2010,68151329000.0
ECU,NY.GDP.MKTP.CD,2009,60094978000.0
ECU,NY.GDP.MKTP.CD,2008,61139438000.0
ECU,NY.GDP.MKTP.CD,2007,49848725000.0
ECU,NY.GDP.MKTP.CD,2006,45690762000.0
ECU,NY.GDP.MKTP.CD,2005,40278849000.0
ECU,NY.GDP.MKTP.CD,2004,35194947000.0
ECU,NY.GDP.MKTP.CD,2003,30965208000.0
ECU,NY.GDP.MKTP.CD,2002,27054197000.0
ECU,NY.GDP.MKTP.CD,2001,23127055000.0
ECU,NY.GDP.MKTP.CD,2000,17539454727.3637
ECU,NY.GDP.MKTP.CD,1999,19645272636.3182
ECU,NY.GDP.MKTP.CD,1998,27981896948.4742
ECU,NY.GDP.MKTP.CD,1997,28162053026.5133
ECU,NY.GDP.MKTP.CD,1996,25226393196.5983
ECU,NY.GDP.MKTP.CD,1995,24432884442.2211
ECU,NY.GDP.MKTP.CD,1994,22708673336.6683
ECU,NY.GDP.MKTP.CD,1993,18938717358.6793
ECU,NY.GDP.MKTP.CD,1992,18094238119.0595
ECU,NY.GDP.MKTP.CD,1991,16988535267.6338
ECU,NY.GDP.MKTP.CD,1990,15239272611.5809
ECU,NY.GDP.MKTP.CD,1989,13890823704.5545
ECU,NY.GDP.MKTP.CD,1988,13051881851.4068
ECU,NY.GDP.MKTP.CD,1987,13945426859.4657
ECU,NY.GDP.MKTP.CD,1986,15314138472.3282
ECU,NY.GDP.MKTP.CD,1985,17149088413.35
ECU,NY.GDP.MKTP.CD,1984,16912509091.855
ECU,NY.GDP.MKTP.CD,1983,17152477036.5005
ECU,NY.GDP.MKTP.CD,1982,19929846396.4239
ECU,NY.GDP.MKTP.CD,1981,21810759353.7304
ECU,NY.GDP.MKTP.CD,1980,17881508242.4481
ECU,NY.GDP.MKTP.CD,1979,14175160902.0721
ECU,NY.GDP.MKTP.CD,1978,11922497876.4828
ECU,NY.GDP.MKTP.CD,1977,11026342618.1141
ECU,NY.GDP.MKTP.CD,1976,9091921030.17345
ECU,NY.GDP.MKTP.CD,1975,7731674472.07212
ECU,NY.GDP.MKTP.CD,1974,6599257044.12414
ECU,NY.GDP.MKTP.CD,1973,3891754150.23796
ECU,NY.GDP.MKTP.CD,1972,3185986087.33583
ECU,NY.GDP.MKTP.CD,1971,2754219271.03082
ECU,NY.GDP.MKTP.CD,1970,2862503139.00358
ECU,NY.GDP.MKTP.CD,1969,3112165727.38342
ECU,NY.GDP.MKTP.CD,1968,2582179864.15493
ECU,NY.GDP.MKTP.CD,1967,2553595172.08743
ECU,NY.GDP.MKTP.CD,1966,2429308638.838
ECU,NY.GDP.MKTP.CD,1965,2387047395.70254
ECU,NY.GDP.MKTP.CD,1964,2244146102.98333
ECU,NY.GDP.MKTP.CD,1963,1824343870.71407
ECU,NY.GDP.MKTP.CD,1962,1518207703.48997
ECU,NY.GDP.MKTP.CD,1961,1753850955.05808
ECU,NY.GDP.MKTP.CD,1960,2069464937.19791
EGY,NY.GDP.MKTP.CD,2024,389059911003.566
EGY,NY.GDP.MKTP.CD,2023,395926075163.006
EGY,NY.GDP.MKTP.CD,2022,476747720364.742
EGY,NY.GDP.MKTP.CD,2021,424671765455.704
EGY,NY.GDP.MKTP.CD,2020,383817841547.099
EGY,NY.GDP.MKTP.CD,2019,318678815489.749
EGY,NY.GDP.MKTP.CD,2018,262588632526.73
EGY,NY.GDP.MKTP.CD,2017,248362771739.13
EGY,NY.GDP.MKTP.CD,2016,332441717791.411
EGY,NY.GDP.MKTP.CD,2015,329366576819.407
EGY,NY.GDP.MKTP.CD,2014,305595408895.265
EGY,NY.GDP.MKTP.CD,2013,288434108527.132
EGY,NY.GDP.MKTP.CD,2012,279116666666.667
EGY,NY.GDP.MKTP.CD,2011,235989672977.625
EGY,NY.GDP.MKTP.CD,2010,218983666061.706
EGY,NY.GDP.MKTP.CD,2009,189147005444.646
EGY,NY.GDP.MKTP.CD,2008,162818181818.182
EGY,NY.GDP.MKTP.CD,2007,130437828371.278
EGY,NY.GDP.MKTP.CD,2006,107426086956.522
EGY,NY.GDP.MKTP.CD,2005,89660339660.3397
EGY,NY.GDP.MKTP.CD,2004,78782467532.4675
EGY,NY.GDP.MKTP.CD,2003,80288461538.4615
EGY,NY.GDP.MKTP.CD,2002,85146067415.7303
EGY,NY.GDP.MKTP.CD,2001,96684636118.5984
EGY,NY.GDP.MKTP.CD,2000,99838543960.0763
EGY,NY.GDP.MKTP.CD,1999,90710704806.8416
EGY,NY.GDP.MKTP.CD,1998,84828807556.0803
EGY,NY.GDP.MKTP.CD,1997,78436578171.0914
EGY,NY.GDP.MKTP.CD,1996,67629716981.1321
EGY,NY.GDP.MKTP.CD,1995,60159245060.4541
EGY,NY.GDP.MKTP.CD,1994,51897983392.6453
EGY,NY.GDP.MKTP.CD,1993,46578631452.581
EGY,NY.GDP.MKTP.CD,1992,41855986519.4235
EGY,NY.GDP.MKTP.CD,1991,37387836490.5284
EGY,NY.GDP.MKTP.CD,1990,42978914311.3504
EGY,NY.GDP.MKTP.CD,1989,39756299049.9793
EGY,NY.GDP.MKTP.CD,1988,34980124929.0176
EGY,NY.GDP.MKTP.CD,1987,40455616653.5742
EGY,NY.GDP.MKTP.CD,1986,41253507951.3564
EGY,NY.GDP.MKTP.CD,1985,39053502251.0732
EGY,NY.GDP.MKTP.CD,1984,33971188991.6147
EGY,NY.GDP.MKTP.CD,1983,30966239813.7369
EGY,NY.GDP.MKTP.CD,1982,27655172413.7931
EGY,NY.GDP.MKTP.CD,1981,22136081081.0811
EGY,NY.GDP.MKTP.CD,1980,21669908176.3889
EGY,NY.GDP.MKTP.CD,1979,18020571428.5714
EGY,NY.GDP.MKTP.CD,1978,14811704063.0685
EGY,NY.GDP.MKTP.CD,1977,14400806875.9867
EGY,NY.GDP.MKTP.CD,1976,13315988083.4161
EGY,NY.GDP.MKTP.CD,1975,11632178868.9171
EGY,NY.GDP.MKTP.CD,1974,9228963224.60004
EGY,NY.GDP.MKTP.CD,1973,10098534613.4411
EGY,NY.GDP.MKTP.CD,1972,9299638055.84281
EGY,NY.GDP.MKTP.CD,1971,8609283346.08518
EGY,NY.GDP.MKTP.CD,1970,8042200452.1477
EGY,NY.GDP.MKTP.CD,1969,6524455205.81114
EGY,NY.GDP.MKTP.CD,1968,5932242990.65421
EGY,NY.GDP.MKTP.CD,1967,5605484298.98275
EGY,NY.GDP.MKTP.CD,1966,5278005611.91453
EGY,NY.GDP.MKTP.CD,1965,4948667540.41066
EGY,NY.GDP.MKTP.CD,1964,4709245761.67881
EGY,NY.GDP.MKTP.CD,1963,4187146231.56839
EGY,NY.GDP.MKTP.CD,1962,4035462027.39753
EGY,NY.GDP.MKTP.CD,1961,4494575611.21289
EGY,NY.GDP.MKTP.CD,1960,4206270352.22633
SLV,NY.GDP.MKTP.CD,2024,35364960000.0
SLV,NY.GDP.MKTP.CD,2023,33853940000.0
SLV,NY.GDP.MKTP.CD,2022,31870120000.0
SLV,NY.GDP.MKTP.CD,2021,29043140000.0
SLV,NY.GDP.MKTP.CD,2020,24921190000.0
SLV,NY.GDP.MKTP.CD,2019,26881140000.0
SLV,NY.GDP.MKTP.CD,2018,26020850000.0
SLV,NY.GDP.MKTP.CD,2017,24979190000.0
SLV,NY.GDP.MKTP.CD,2016,24191430000.0
SLV,NY.GDP.MKTP.CD,2015,23438240000.0
SLV,NY.GDP.MKTP.CD,2014,22593470000.0
SLV,NY.GDP.MKTP.CD,2013,21990960000.0
SLV,NY.GDP.MKTP.CD,2012,21386150000.0
SLV,NY.GDP.MKTP.CD,2011,20283780000.0
SLV,NY.GDP.MKTP.CD,2010,18447920000.0
SLV,NY.GDP.MKTP.CD,2009,17601620000.0
SLV,NY.GDP.MKTP.CD,2008,17986890000.0
SLV,NY.GDP.MKTP.CD,2007,17011750000.0
SLV,NY.GDP.MKTP.CD,2006,15999890000.0
SLV,NY.GDP.MKTP.CD,2005,14698000000.0
SLV,NY.GDP.MKTP.CD,2004,13724810900.0
SLV,NY.GDP.MKTP.CD,2003,13243892200.0
SLV,NY.GDP.MKTP.CD,2002,12664190300.0
SLV,NY.GDP.MKTP.CD,2001,12282533600.0
SLV,NY.GDP.MKTP.CD,2000,11784927700.0
SLV,NY.GDP.MKTP.CD,1999,11284197000.0
SLV,NY.GDP.MKTP.CD,1998,10936669900.0
SLV,NY.GDP.MKTP.CD,1997,10221705900.0
SLV,NY.GDP.MKTP.CD,1996,9586327800.0
SLV,NY.GDP.MKTP.CD,1995,8921947100.0
SLV,NY.GDP.MKTP.CD,1994,7679384000.0
SLV,NY.GDP.MKTP.CD,1993,6680269200.0
SLV,NY.GDP.MKTP.CD,1992,5813399300.0
SLV,NY.GDP.MKTP.CD,1991,5252342400.0
SLV,NY.GDP.MKTP.CD,1990,4817542204.0
SLV,NY.GDP.MKTP.CD,1989,4372215300.0
SLV,NY.GDP.MKTP.CD,1988,4189880000.0
SLV,NY.GDP.MKTP.CD,1987,3958045800.0
SLV,NY.GDP.MKTP.CD,1986,3771663200.0
SLV,NY.GDP.MKTP.CD,1985,3800368600.0
SLV,NY.GDP.MKTP.CD,1984,3661683400.0
SLV,NY.GDP.MKTP.CD,1983,3506347800.0
SLV,NY.GDP.MKTP.CD,1982,3399189100.0
SLV,NY.GDP.MKTP.CD,1981,3437200200.0
SLV,NY.GDP.MKTP.CD,1980,3573959900.0
SLV,NY.GDP.MKTP.CD,1979,3463639900.0
SLV,NY.GDP.MKTP.CD,1978,3127960000.0
SLV,NY.GDP.MKTP.CD,1977,2941640100.0
SLV,NY.GDP.MKTP.CD,1976,2328280100.0
SLV,NY.GDP.MKTP.CD,1975,1884120100.0
SLV,NY.GDP.MKTP.CD,1974,1665880000.0
SLV,NY.GDP.MKTP.CD,1973,1442320000.0
SLV,NY.GDP.MKTP.CD,1972,1263720000.0
SLV,NY.GDP.MKTP.CD,1971,1186120000.0
SLV,NY.GDP.MKTP.CD,1970,1132920000.0
SLV,NY.GDP.MKTP.CD,1969,1049400000.0
SLV,NY.GDP.MKTP.CD,1968,1009760100.0
SLV,NY.GDP.MKTP.CD,1967,976200000.0
SLV,NY.GDP.MKTP.CD,1966,929520000.0
SLV,NY.GDP.MKTP.CD,1965,877720000.0
SLV,NY.GDP.MKTP.CD,1964,
SLV,NY.GDP.MKTP.CD,1963,
SLV,NY.GDP.MKTP.CD,1962,
SLV,NY.GDP.MKTP.CD,1961,
SLV,NY.GDP.MKTP.CD,1960,
GNQ,NY.GDP.MKTP.CD,2024,12765777677.0622
GNQ,NY.GDP.MKTP.CD,2023,12337550583.754
GNQ,NY.GDP.MKTP.CD,2022,13687643435.6249
GNQ,NY.GDP.MKTP.CD,2021,12215878032.7166
GNQ,NY.GDP.MKTP.CD,2020,9893816007.7398
GNQ,NY.GDP.MKTP.CD,2019,11364133549.7478
GNQ,NY.GDP.MKTP.CD,2018,13097012133.6159
GNQ,NY.GDP.MKTP.CD,2017,12200913878.9827
GNQ,NY.GDP.MKTP.CD,2016,11240808847.8878
GNQ,NY.GDP.MKTP.CD,2015,13185496881.0174
GNQ,NY.GDP.MKTP.CD,2014,21765453081.9826
GNQ,NY.GDP.MKTP.CD,2013,21948834283.7856
GNQ,NY.GDP.MKTP.CD,2012,22388344143.9131
GNQ,NY.GDP.MKTP.CD,2011,21357343668.9447
GNQ,NY.GDP.MKTP.CD,2010,16314443436.2903
GNQ,NY.GDP.MKTP.CD,2009,15027795173.2187
GNQ,NY.GDP.MKTP.CD,2008,19749893536.3204
GNQ,NY.GDP.MKTP.CD,2007,13071718758.7373
GNQ,NY.GDP.MKTP.CD,2006,10086528698.8604
GNQ,NY.GDP.MKTP.CD,2005,8217369092.65224
GNQ,NY.GDP.MKTP.CD,2004,4410764338.66733
GNQ,NY.GDP.MKTP.CD,2003,2484745935.09329
GNQ,NY.GDP.MKTP.CD,2002,1806742742.27311
GNQ,NY.GDP.MKTP.CD,2001,1461139022.02954
GNQ,NY.GDP.MKTP.CD,2000,1045998496.43872
GNQ,NY.GDP.MKTP.CD,1999,621117885.668503
GNQ,NY.GDP.MKTP.CD,1998,370687634.425712
GNQ,NY.GDP.MKTP.CD,1997,442337870.69437
GNQ,NY.GDP.MKTP.CD,1996,232463022.802961
GNQ,NY.GDP.MKTP.CD,1995,141853360.867855
GNQ,NY.GDP.MKTP.CD,1994,100807002.540195
GNQ,NY.GDP.MKTP.CD,1993,136047906.245408
GNQ,NY.GDP.MKTP.CD,1992,134707183.84662
GNQ,NY.GDP.MKTP.CD,1991,110906028.536862
GNQ,NY.GDP.MKTP.CD,1990,112119411.489965
GNQ,NY.GDP.MKTP.CD,1989,88265974.861049
GNQ,NY.GDP.MKTP.CD,1988,100534656.881732
GNQ,NY.GDP.MKTP.CD,1987,93345859.52973
GNQ,NY.GDP.MKTP.CD,1986,76407395.8727542
GNQ,NY.GDP.MKTP.CD,1985,62118569.9654481
GNQ,NY.GDP.MKTP.CD,1984,50320914.4065688
GNQ,NY.GDP.MKTP.CD,1983,44442456.94764
GNQ,NY.GDP.MKTP.CD,1982,44294647.733479
GNQ,NY.GDP.MKTP.CD,1981,36731422.8456914
GNQ,NY.GDP.MKTP.CD,1980,50642880.7737503
GNQ,NY.GDP.MKTP.CD,1979,
GNQ,NY.GDP.MKTP.CD,1978,
GNQ,NY.GDP.MKTP.CD,1977,103987520.075827
GNQ,NY.GDP.MKTP.CD,1976,103653049.93797
GNQ,NY.GDP.MKTP.CD,1975,104295643.388437
GNQ,NY.GDP.MKTP.CD,1974,94159862.7073691
GNQ,NY.GDP.MKTP.CD,1973,81203226.9138345
GNQ,NY.GDP.MKTP.CD,1972,65429198.238708
GNQ,NY.GDP.MKTP.CD,1971,64946954.756798
GNQ,NY.GDP.MKTP.CD,1970,66331428.5714286
GNQ,NY.GDP.MKTP.CD,1969,67225714.2857143
GNQ,NY.GDP.MKTP.CD,1968,67514285.7142857
GNQ,NY.GDP.MKTP.CD,1967,72317446.9327193
GNQ,NY.GDP.MKTP.CD,1966,69110000.0
GNQ,NY.GDP.MKTP.CD,1965,64748333.3333333
GNQ,NY.GDP.MKTP.CD,1964,51915000.0
GNQ,NY.GDP.MKTP.CD,1963,44266666.6666667
GNQ,NY.GDP.MKTP.CD,1962,37253333.3333333
GNQ,NY.GDP.MKTP.CD,1961,
GNQ,NY.GDP.MKTP.CD,1960,
ERI,NY.GDP.MKTP.CD,2024,
ERI,NY.GDP.MKTP.CD,2023,
ERI,NY.GDP.MKTP.CD,2022,
ERI,NY.GDP.MKTP.CD,2021,
ERI,NY.GDP.MKTP.CD,2020,
ERI,NY.GDP.MKTP.CD,2019,
ERI,NY.GDP.MKTP.CD,2018,
ERI,NY.GDP.MKTP.CD,2017,
ERI,NY.GDP.MKTP.CD,2016,
ERI,NY.GDP.MKTP.CD,2015,
ERI,NY.GDP.MKTP.CD,2014,
ERI,NY.GDP.MKTP.CD,2013,
ERI,NY.GDP.MKTP.CD,2012,
ERI,NY.GDP.MKTP.CD,2011,2065001626.01626
ERI,NY.GDP.MKTP.CD,2010,1589515447.15447
ERI,NY.GDP.MKTP.CD,2009,1856695551.21951
ERI,NY.GDP.MKTP.CD,2008,1380188800.0
ERI,NY.GDP.MKTP.CD,2007,1317974491.05691
ERI,NY.GDP.MKTP.CD,2006,1211161879.6748
ERI,NY.GDP.MKTP.CD,2005,1098424685.66169
ERI,NY.GDP.MKTP.CD,2004,1109054005.43971
ERI,NY.GDP.MKTP.CD,2003,870248267.550163
ERI,NY.GDP.MKTP.CD,2002,729321680.154324
ERI,NY.GDP.MKTP.CD,2001,752371688.743186
ERI,NY.GDP.MKTP.CD,2000,706370815.584416
ERI,NY.GDP.MKTP.CD,1999,688918537.115555
ERI,NY.GDP.MKTP.CD,1998,745523116.900052
ERI,NY.GDP.MKTP.CD,1997,686490090.140141
ERI,NY.GDP.MKTP.CD,1996,693535954.190067
ERI,NY.GDP.MKTP.CD,1995,578015625.0
ERI,NY.GDP.MKTP.CD,1994,531688311.688312
ERI,NY.GDP.MKTP.CD,1993,467872714.755603
ERI,NY.GDP.MKTP.CD,1992,477101651.648376
ERI,NY.GDP.MKTP.CD,1991,
ERI,NY.GDP.MKTP.CD,1990,
ERI,NY.GDP.MKTP.CD,1989,
ERI,NY.GDP.MKTP.CD,1988,
ERI,NY.GDP.MKTP.CD,1987,
ERI,NY.GDP.MKTP.CD,1986,
ERI,NY.GDP.MKTP.CD,1985,
ERI,NY.GDP.MKTP.CD,1984,
ERI,NY.GDP.MKTP.CD,1983,
ERI,NY.GDP.MKTP.CD,1982,
ERI,NY.GDP.MKTP.CD,1981,
ERI,NY.GDP.MKTP.CD,1980,
ERI,NY.GDP.MKTP.CD,1979,
ERI,NY.GDP.MKTP.CD,1978,
ERI,NY.GDP.MKTP.CD,1977,
ERI,NY.GDP.MKTP.CD,1976,
ERI,NY.GDP.MKTP.CD,1975,
ERI,NY.GDP.MKTP.CD,1974,
ERI,NY.GDP.MKTP.CD,1973,
ERI,NY.GDP.MKTP.CD,1972,
ERI,NY.GDP.MKTP.CD,1971,
ERI,NY.GDP.MKTP.CD,1970,
ERI,NY.GDP.MKTP.CD,1969,
ERI,NY.GDP.MKTP.CD,1968,
ERI,NY.GDP.MKTP.CD,1967,
ERI,NY.GDP.MKTP.CD,1966,
ERI,NY.GDP.MKTP.CD,1965,
ERI,NY.GDP.MKTP.CD,1964,
ERI,NY.GDP.MKTP.CD,1963,
ERI,NY.GDP.MKTP.CD,1962,
ERI,NY.GDP.MKTP.CD,1961,
ERI,NY.GDP.MKTP.CD,1960,
EST,NY.GDP.MKTP.CD,2024,43130419829.35
EST,NY.GDP.MKTP.CD,2023,41470344395.1086
EST,NY.GDP.MKTP.CD,2022,38226641740.29
EST,NY.GDP.MKTP.CD,2021,37201101170.5847
EST,NY.GDP.MKTP.CD,2020,31820771493.8974
EST,NY.GDP.MKTP.CD,2019,31873748770.0313
EST,NY.GDP.MKTP.CD,2018,31222632740.7247
EST,NY.GDP.MKTP.CD,2017,27469461919.1189
EST,NY.GDP.MKTP.CD,2016,24561027787.7896
EST,NY.GDP.MKTP.CD,2015,23311847750.9394
EST,NY.GDP.MKTP.CD,2014,27055689003.0038
EST,NY.GDP.MKTP.CD,2013,25451032780.7573
EST,NY.GDP.MKTP.CD,2012,23237406116.3988
EST,NY.GDP.MKTP.CD,2011,23303915794.7569
EST,NY.GDP.MKTP.CD,2010,19524355419.038
EST,NY.GDP.MKTP.CD,2009,19633984440.1223
EST,NY.GDP.MKTP.CD,2008,24342935403.5447
EST,NY.GDP.MKTP.CD,2007,22450264166.4385
EST,NY.GDP.MKTP.CD,2006,17025671810.3124
EST,NY.GDP.MKTP.CD,2005,14109491356.7964
EST,NY.GDP.MKTP.CD,2004,12148595031.0559
EST,NY.GDP.MKTP.CD,2003,9876595528.45528
EST,NY.GDP.MKTP.CD,2002,7370119619.4782
EST,NY.GDP.MKTP.CD,2001,6250218422.70164
EST,NY.GDP.MKTP.CD,2000,5686579747.53524
EST,NY.GDP.MKTP.CD,1999,5756912265.75809
EST,NY.GDP.MKTP.CD,1998,5674080542.88575
EST,NY.GDP.MKTP.CD,1997,5154420649.23354
EST,NY.GDP.MKTP.CD,1996,4786018988.16491
EST,NY.GDP.MKTP.CD,1995,4502970889.06373
EST,NY.GDP.MKTP.CD,1994,4123011419.74174
EST,NY.GDP.MKTP.CD,1993,4013091682.2914
EST,NY.GDP.MKTP.CD,1992,
EST,NY.GDP.MKTP.CD,1991,
EST,NY.GDP.MKTP.CD,1990,
EST,NY.GDP.MKTP.CD,1989,
EST,NY.GDP.MKTP.CD,1988,
EST,NY.GDP.MKTP.CD,1987,
EST,NY.GDP.MKTP.CD,1986,
EST,NY.GDP.MKTP.CD,1985,
EST,NY.GDP.MKTP.CD,1984,
EST,NY.GDP.MKTP.CD,1983,
EST,NY.GDP.MKTP.CD,1982,
EST,NY.GDP.MKTP.CD,1981,
EST,NY.GDP.MKTP.CD,1980,
EST,NY.GDP.MKTP.CD,1979,
EST,NY.GDP.MKTP.CD,1978,
EST,NY.GDP.MKTP.CD,1977,
EST,NY.GDP.MKTP.CD,1976,
EST,NY.GDP.MKTP.CD,1975,
EST,NY.GDP.MKTP.CD,1974,
EST,NY.GDP.MKTP.CD,1973,
EST,NY.GDP.MKTP.CD,1972,
EST,NY.GDP.MKTP.CD,1971,
EST,NY.GDP.MKTP.CD,1970,
EST,NY.GDP.MKTP.CD,1969,
EST,NY.GDP.MKTP.CD,1968,
EST,NY.GDP.MKTP.CD,1967,
EST,NY.GDP.MKTP.CD,1966,
EST,NY.GDP.MKTP.CD,1965,
EST,NY.GDP.MKTP.CD,1964,
EST,NY.GDP.MKTP.CD,1963,
EST,NY.GDP.MKTP.CD,1962,
EST,NY.GDP.MKTP.CD,1961,
EST,NY.GDP.MKTP.CD,1960,
SWZ,NY.GDP.MKTP.CD,2024,4858885840.77236
SWZ,NY.GDP.MKTP.CD,2023,4621191261.84214
SWZ,NY.GDP.MKTP.CD,2022,4746660273.50829
SWZ,NY.GDP.MKTP.CD,2021,4807069277.20114
SWZ,NY.GDP.MKTP.CD,2020,4134677809.50096
SWZ,NY.GDP.MKTP.CD,2019,4617018958.69086
SWZ,NY.GDP.MKTP.CD,2018,4643751059.28203
SWZ,NY.GDP.MKTP.CD,2017,4462640651.49219
SWZ,NY.GDP.MKTP.CD,2016,3722306116.72872
SWZ,NY.GDP.MKTP.CD,2015,3908217914.21824
SWZ,NY.GDP.MKTP.CD,2014,4285065665.03168
SWZ,NY.GDP.MKTP.CD,2013,4463396204.01995
SWZ,NY.GDP.MKTP.CD,2012,4747813067.26006
SWZ,NY.GDP.MKTP.CD,2011,4722912047.32265
SWZ,NY.GDP.MKTP.CD,2010,4360714358.88708
SWZ,NY.GDP.MKTP.CD,2009,3525213502.43118
SWZ,NY.GDP.MKTP.CD,2008,3235921170.5095
SWZ,NY.GDP.MKTP.CD,2007,3391122887.17476
SWZ,NY.GDP.MKTP.CD,2006,3215307900.74767
SWZ,NY.GDP.MKTP.CD,2005,3097946371.06311
SWZ,NY.GDP.MKTP.CD,2004,2710331785.24986
SWZ,NY.GDP.MKTP.CD,2003,2149632433.27703
SWZ,NY.GDP.MKTP.CD,2002,1393945030.65105
SWZ,NY.GDP.MKTP.CD,2001,1502870485.88122
SWZ,NY.GDP.MKTP.CD,2000,1697161557.89452
SWZ,NY.GDP.MKTP.CD,1999,1547888495.98428
SWZ,NY.GDP.MKTP.CD,1998,1576908856.34674
SWZ,NY.GDP.MKTP.CD,1997,1716714070.12471
SWZ,NY.GDP.MKTP.CD,1996,1602741833.70552
SWZ,NY.GDP.MKTP.CD,1995,1698989463.99106
SWZ,NY.GDP.MKTP.CD,1994,1419294254.4183
SWZ,NY.GDP.MKTP.CD,1993,1357189551.68431
SWZ,NY.GDP.MKTP.CD,1992,1284759927.54594
SWZ,NY.GDP.MKTP.CD,1991,1156135717.94598
SWZ,NY.GDP.MKTP.CD,1990,1114694040.66987
SWZ,NY.GDP.MKTP.CD,1989,696921542.378265
SWZ,NY.GDP.MKTP.CD,1988,692026454.737872
SWZ,NY.GDP.MKTP.CD,1987,584126092.258819
SWZ,NY.GDP.MKTP.CD,1986,449140318.385038
SWZ,NY.GDP.MKTP.CD,1985,360079419.385958
SWZ,NY.GDP.MKTP.CD,1984,494483408.878468
SWZ,NY.GDP.MKTP.CD,1983,555336145.767884
SWZ,NY.GDP.MKTP.CD,1982,537568059.413381
SWZ,NY.GDP.MKTP.CD,1981,570774824.830585
SWZ,NY.GDP.MKTP.CD,1980,541976852.577057
SWZ,NY.GDP.MKTP.CD,1979,412093133.760988
SWZ,NY.GDP.MKTP.CD,1978,340630085.157521
SWZ,NY.GDP.MKTP.CD,1977,304060076.015019
SWZ,NY.GDP.MKTP.CD,1976,272550068.137517
SWZ,NY.GDP.MKTP.CD,1975,288299788.508035
SWZ,NY.GDP.MKTP.CD,1974,264320940.959002
SWZ,NY.GDP.MKTP.CD,1973,221915127.550763
SWZ,NY.GDP.MKTP.CD,1972,146736479.235097
SWZ,NY.GDP.MKTP.CD,1971,136462080.739132
SWZ,NY.GDP.MKTP.CD,1970,112139955.144018
SWZ,NY.GDP.MKTP.CD,1969,105419957.832017
SWZ,NY.GDP.MKTP.CD,1968,79799968.0800128
SWZ,NY.GDP.MKTP.CD,1967,74759970.096012
SWZ,NY.GDP.MKTP.CD,1966,76859969.2560123
SWZ,NY.GDP.MKTP.CD,1965,70279971.8880112
SWZ,NY.GDP.MKTP.CD,1964,64980554.0077784
SWZ,NY.GDP.MKTP.CD,1963,54129438.3482247
SWZ,NY.GDP.MKTP.CD,1962,45927961.6288154
SWZ,NY.GDP.MKTP.CD,1961,43026042.7895829
SWZ,NY.GDP.MKTP.CD,1960,35076845.9692616
ETH,NY.GDP.MKTP.CD,2024,149740297952.986
ETH,NY.GDP.MKTP.CD,2023,135874093202.492
ETH,NY.GDP.MKTP.CD,2022,123140304666.0
ETH,NY.GDP.MKTP.CD,2021,109070960371.859
ETH,NY.GDP.MKTP.CD,2020,98676811061.4035
ETH,NY.GDP.MKTP.CD,2019,91834517112.628
ETH,NY.GDP.MKTP.CD,2018,83337901071.9697
ETH,NY.GDP.MKTP.CD,2017,76366081766.6667
ETH,NY.GDP.MKTP.CD,2016,68475871209.607
ETH,NY.GDP.MKTP.CD,2015,62103418181.8182
ETH,NY.GDP.MKTP.CD,2014,55612228233.5179
ETH,NY.GDP.MKTP.CD,2013,47648276605.0123
ETH,NY.GDP.MKTP.CD,2012,43310721414.0829
ETH,NY.GDP.MKTP.CD,2011,31952763089.33
ETH,NY.GDP.MKTP.CD,2010,29933790334.3418
ETH,NY.GDP.MKTP.CD,2009,32437389116.038
ETH,NY.GDP.MKTP.CD,2008,27066912635.2228
ETH,NY.GDP.MKTP.CD,2007,19707616772.7996
ETH,NY.GDP.MKTP.CD,2006,15280861834.6024
ETH,NY.GDP.MKTP.CD,2005,12401139453.9738
ETH,NY.GDP.MKTP.CD,2004,10131187261.4421
ETH,NY.GDP.MKTP.CD,2003,8623691300.04079
ETH,NY.GDP.MKTP.CD,2002,7850809498.16803
ETH,NY.GDP.MKTP.CD,2001,8231326016.47494
ETH,NY.GDP.MKTP.CD,2000,8242349617.8638
ETH,NY.GDP.MKTP.CD,1999,7892973531.80045
ETH,NY.GDP.MKTP.CD,1998,8013274131.69715
ETH,NY.GDP.MKTP.CD,1997,8803539988.33248
ETH,NY.GDP.MKTP.CD,1996,8761215548.48614
ETH,NY.GDP.MKTP.CD,1995,7855205206.93405
ETH,NY.GDP.MKTP.CD,1994,7100806753.92942
ETH,NY.GDP.MKTP.CD,1993,9051043870.12197
ETH,NY.GDP.MKTP.CD,1992,10754799036.5745
ETH,NY.GDP.MKTP.CD,1991,13799799323.6715
ETH,NY.GDP.MKTP.CD,1990,12478943895.1691
ETH,NY.GDP.MKTP.CD,1989,11762932007.2464
ETH,NY.GDP.MKTP.CD,1988,11181119717.8744
ETH,NY.GDP.MKTP.CD,1987,10790001557.971
ETH,NY.GDP.MKTP.CD,1986,10094328898.0676
ETH,NY.GDP.MKTP.CD,1985,9717392686.95652
ETH,NY.GDP.MKTP.CD,1984,8298309580.67633
ETH,NY.GDP.MKTP.CD,1983,8781664427.05314
ETH,NY.GDP.MKTP.CD,1982,7899988840.57971
ETH,NY.GDP.MKTP.CD,1981,7507663566.66667
ETH,NY.GDP.MKTP.CD,1980,7012585454.10628
ETH,NY.GDP.MKTP.CD,1979,6586048398.06763
ETH,NY.GDP.MKTP.CD,1978,6014961434.78261
ETH,NY.GDP.MKTP.CD,1977,5651840584.54106
ETH,NY.GDP.MKTP.CD,1976,4943806093.23672
ETH,NY.GDP.MKTP.CD,1975,4577047854.10628
ETH,NY.GDP.MKTP.CD,1974,4577209966.18358
ETH,NY.GDP.MKTP.CD,1973,4070570549.8642
ETH,NY.GDP.MKTP.CD,1972,3520252938.26087
ETH,NY.GDP.MKTP.CD,1971,3224280834.97092
ETH,NY.GDP.MKTP.CD,1970,3045354454.8
ETH,NY.GDP.MKTP.CD,1969,2768987372.0
ETH,NY.GDP.MKTP.CD,1968,2619948864.8
ETH,NY.GDP.MKTP.CD,1967,2461762002.8
ETH,NY.GDP.MKTP.CD,1966,2324466416.0
ETH,NY.GDP.MKTP.CD,1965,2159998591.2
ETH,NY.GDP.MKTP.CD,1964,1984129185.6
ETH,NY.GDP.MKTP.CD,1963,1825058827.83853
ETH,NY.GDP.MKTP.CD,1962,1747566307.0997
ETH,NY.GDP.MKTP.CD,1961,1680859514.1016
ETH,NY.GDP.MKTP.CD,1960,1610511693.84215
FRO,NY.GDP.MKTP.CD,2024,4052937169.76536
FRO,NY.GDP.MKTP.CD,2023,3943131022.2291
FRO,NY.GDP.MKTP.CD,2022,3615241800.50058
FRO,NY.GDP.MKTP.CD,2021,3699551717.10561
FRO,NY.GDP.MKTP.CD,2020,3271813311.5831
FRO,NY.GDP.MKTP.CD,2019,3266432734.22819
FRO,NY.GDP.MKTP.CD,2018,3188600927.46688
FRO,NY.GDP.MKTP.CD,2017,2980057377.87967
FRO,NY.GDP.MKTP.CD,2016,2813278868.78208
FRO,NY.GDP.MKTP.CD,2015,2573905971.05459
FRO,NY.GDP.MKTP.CD,2014,2914012679.27277
FRO,NY.GDP.MKTP.CD,2013,2690110520.92548
FRO,NY.GDP.MKTP.CD,2012,2427200388.91831
FRO,NY.GDP.MKTP.CD,2011,2505740669.27039
FRO,NY.GDP.MKTP.CD,2010,2331796784.36009
FRO,NY.GDP.MKTP.CD,2009,2296065170.05552
FRO,NY.GDP.MKTP.CD,2008,2489873249.62815
FRO,NY.GDP.MKTP.CD,2007,2339015313.29513
FRO,NY.GDP.MKTP.CD,2006,2017680834.89917
FRO,NY.GDP.MKTP.CD,2005,1759739599.22694
FRO,NY.GDP.MKTP.CD,2004,1724770770.83393
FRO,NY.GDP.MKTP.CD,2003,1501941580.88903
FRO,NY.GDP.MKTP.CD,2002,1275093689.27107
FRO,NY.GDP.MKTP.CD,2001,1160268212.07291
FRO,NY.GDP.MKTP.CD,2000,1067109530.64798
FRO,NY.GDP.MKTP.CD,1999,1127684827.35686
FRO,NY.GDP.MKTP.CD,1998,1104744235.30111
FRO,NY.GDP.MKTP.CD,1997,933763083.395627
FRO,NY.GDP.MKTP.CD,1996,989536914.659081
FRO,NY.GDP.MKTP.CD,1995,901404709.830684
FRO,NY.GDP.MKTP.CD,1994,758739178.612171
FRO,NY.GDP.MKTP.CD,1993,760957189.757646
FRO,NY.GDP.MKTP.CD,1992,912670413.325883
FRO,NY.GDP.MKTP.CD,1991,909253214.82608
FRO,NY.GDP.MKTP.CD,1990,960805408.949872
FRO,NY.GDP.MKTP.CD,1989,871935350.384909
FRO,NY.GDP.MKTP.CD,1988,968576956.930265
FRO,NY.GDP.MKTP.CD,1987,886508622.334316
FRO,NY.GDP.MKTP.CD,1986,688914288.878298
FRO,NY.GDP.MKTP.CD,1985,459307281.195335
FRO,NY.GDP.MKTP.CD,1984,426008864.692169
FRO,NY.GDP.MKTP.CD,1983,486605127.702681
FRO,NY.GDP.MKTP.CD,1982,444047495.320099
FRO,NY.GDP.MKTP.CD,1981,456244919.010912
FRO,NY.GDP.MKTP.CD,1980,493014300.005217
FRO,NY.GDP.MKTP.CD,1979,448568492.658561
FRO,NY.GDP.MKTP.CD,1978,397833034.884512
FRO,NY.GDP.MKTP.CD,1977,347798304.635267
FRO,NY.GDP.MKTP.CD,1976,270470345.449357
FRO,NY.GDP.MKTP.CD,1975,227404436.013679
FRO,NY.GDP.MKTP.CD,1974,196771070.895339
FRO,NY.GDP.MKTP.CD,1973,161236465.823622
FRO,NY.GDP.MKTP.CD,1972,119335897.815202
FRO,NY.GDP.MKTP.CD,1971,99219082.8537991
FRO,NY.GDP.MKTP.CD,1970,84933333.3333333
FRO,NY.GDP.MKTP.CD,1969,70106666.6666667
FRO,NY.GDP.MKTP.CD,1968,65186666.6666667
FRO,NY.GDP.MKTP.CD,1967,66225403.5588069
FRO,NY.GDP.MKTP.CD,1966,64397131.0846457
FRO,NY.GDP.MKTP.CD,1965,57954522.4217259
FRO,NY.GDP.MKTP.CD,1964,
FRO,NY.GDP.MKTP.CD,1963,
FRO,NY.GDP.MKTP.CD,1962,
FRO,NY.GDP.MKTP.CD,1961,
FRO,NY.GDP.MKTP.CD,1960,
FJI,NY.GDP.MKTP.CD,2024,5968125909.27126
FJI,NY.GDP.MKTP.CD,2023,5476673518.13788
FJI,NY.GDP.MKTP.CD,2022,4977861885.60316
FJI,NY.GDP.MKTP.CD,2021,4158873156.17978
FJI,NY.GDP.MKTP.CD,2020,4227719873.3865
FJI,NY.GDP.MKTP.CD,2019,5344907153.46698
FJI,NY.GDP.MKTP.CD,2018,5581425327.44397
FJI,NY.GDP.MKTP.CD,2017,5353469174.47838
FJI,NY.GDP.MKTP.CD,2016,4930213644.36653
FJI,NY.GDP.MKTP.CD,2015,4682479893.97558
FJI,NY.GDP.MKTP.CD,2014,4857104768.86844
FJI,NY.GDP.MKTP.CD,2013,4189967998.51424
FJI,NY.GDP.MKTP.CD,2012,3972028104.47328
FJI,NY.GDP.MKTP.CD,2011,3779411899.37483
FJI,NY.GDP.MKTP.CD,2010,3140166712.79624
FJI,NY.GDP.MKTP.CD,2009,2870624635.68032
FJI,NY.GDP.MKTP.CD,2008,3523185919.55826
FJI,NY.GDP.MKTP.CD,2007,3378314599.76402
FJI,NY.GDP.MKTP.CD,2006,3076305452.86506
FJI,NY.GDP.MKTP.CD,2005,2980403844.72096
FJI,NY.GDP.MKTP.CD,2004,2708078476.63012
FJI,NY.GDP.MKTP.CD,2003,2300492465.32276
FJI,NY.GDP.MKTP.CD,2002,1833279985.36741
FJI,NY.GDP.MKTP.CD,2001,1652462023.46215
FJI,NY.GDP.MKTP.CD,2000,1678219507.89829
FJI,NY.GDP.MKTP.CD,1999,1936459986.03795
FJI,NY.GDP.MKTP.CD,1998,1653146716.58235
FJI,NY.GDP.MKTP.CD,1997,2090221137.02876
FJI,NY.GDP.MKTP.CD,1996,2128696643.62574
FJI,NY.GDP.MKTP.CD,1995,1970301486.20561
FJI,NY.GDP.MKTP.CD,1994,1825732092.54674
FJI,NY.GDP.MKTP.CD,1993,1636101246.9394
FJI,NY.GDP.MKTP.CD,1992,1532411039.05479
FJI,NY.GDP.MKTP.CD,1991,1383883249.591
FJI,NY.GDP.MKTP.CD,1990,1337017559.49728
FJI,NY.GDP.MKTP.CD,1989,1182660265.76635
FJI,NY.GDP.MKTP.CD,1988,1110009522.75743
FJI,NY.GDP.MKTP.CD,1987,1177947965.12142
FJI,NY.GDP.MKTP.CD,1986,1290267339.65006
FJI,NY.GDP.MKTP.CD,1985,1141168943.97661
FJI,NY.GDP.MKTP.CD,1984,1178000677.99929
FJI,NY.GDP.MKTP.CD,1983,1123085190.06509
FJI,NY.GDP.MKTP.CD,1982,1194059943.22478
FJI,NY.GDP.MKTP.CD,1981,1235626770.50924
FJI,NY.GDP.MKTP.CD,1980,1202618816.20852
FJI,NY.GDP.MKTP.CD,1979,1019691460.17376
FJI,NY.GDP.MKTP.CD,1978,829267889.429373
FJI,NY.GDP.MKTP.CD,1977,719501765.783049
FJI,NY.GDP.MKTP.CD,1976,694540806.380644
FJI,NY.GDP.MKTP.CD,1975,684282434.361095
FJI,NY.GDP.MKTP.CD,1974,558587097.382833
FJI,NY.GDP.MKTP.CD,1973,425950487.519894
FJI,NY.GDP.MKTP.CD,1972,316656648.698957
FJI,NY.GDP.MKTP.CD,1971,247749327.721267
FJI,NY.GDP.MKTP.CD,1970,219878482.173564
FJI,NY.GDP.MKTP.CD,1969,182182067.703568
FJI,NY.GDP.MKTP.CD,1968,166952937.135005
FJI,NY.GDP.MKTP.CD,1967,162625885.863484
FJI,NY.GDP.MKTP.CD,1966,150603925.515853
FJI,NY.GDP.MKTP.CD,1965,147084750.031482
FJI,NY.GDP.MKTP.CD,1964,140032741.468329
FJI,NY.GDP.MKTP.CD,1963,129454728.623599
FJI,NY.GDP.MKTP.CD,1962,122906434.957814
FJI,NY.GDP.MKTP.CD,1961,116987784.913739
FJI,NY.GDP.MKTP.CD,1960,112328422.113084
FIN,NY.GDP.MKTP.CD,2024,298696961297.656
FIN,NY.GDP.MKTP.CD,2023,295021982462.75
FIN,NY.GDP.MKTP.CD,2022,280253099309.34
FIN,NY.GDP.MKTP.CD,2021,294223210496.119
FIN,NY.GDP.MKTP.CD,2020,270000311606.226
FIN,NY.GDP.MKTP.CD,2019,267014821129.411
FIN,NY.GDP.MKTP.CD,2018,273869255596.078
FIN,NY.GDP.MKTP.CD,2017,253846138440.0
FIN,NY.GDP.MKTP.CD,2016,238777818792.608
FIN,NY.GDP.MKTP.CD,2015,233210733506.25
FIN,NY.GDP.MKTP.CD,2014,273478528954.901
FIN,NY.GDP.MKTP.CD,2013,270268036626.275
FIN,NY.GDP.MKTP.CD,2012,257443384492.969
FIN,NY.GDP.MKTP.CD,2011,275126915515.565
FIN,NY.GDP.MKTP.CD,2010,249429613683.334
FIN,NY.GDP.MKTP.CD,2009,253480783439.453
FIN,NY.GDP.MKTP.CD,2008,285698662071.094
FIN,NY.GDP.MKTP.CD,2007,256360251537.648
FIN,NY.GDP.MKTP.CD,2006,217044068234.117
FIN,NY.GDP.MKTP.CD,2005,204859368790.661
FIN,NY.GDP.MKTP.CD,2004,197458297639.769
FIN,NY.GDP.MKTP.CD,2003,171612867735.686
FIN,NY.GDP.MKTP.CD,2002,140360963811.765
FIN,NY.GDP.MKTP.CD,2001,129519672868.898
FIN,NY.GDP.MKTP.CD,2000,125967821110.589
FIN,NY.GDP.MKTP.CD,1999,135234241918.147
FIN,NY.GDP.MKTP.CD,1998,133990876724.522
FIN,NY.GDP.MKTP.CD,1997,126862902302.142
FIN,NY.GDP.MKTP.CD,1996,131991975148.848
FIN,NY.GDP.MKTP.CD,1995,134060457516.34
FIN,NY.GDP.MKTP.CD,1994,103182697780.307
FIN,NY.GDP.MKTP.CD,1993,89112105756.2194
FIN,NY.GDP.MKTP.CD,1992,112537828510.751
FIN,NY.GDP.MKTP.CD,1991,127794441993.824
FIN,NY.GDP.MKTP.CD,1990,141446120354.533
FIN,NY.GDP.MKTP.CD,1989,118991270611.057
FIN,NY.GDP.MKTP.CD,1988,109039090262.971
FIN,NY.GDP.MKTP.CD,1987,91564993913.1611
FIN,NY.GDP.MKTP.CD,1986,73511611541.1682
FIN,NY.GDP.MKTP.CD,1985,55856676899.4628
FIN,NY.GDP.MKTP.CD,1984,52870993272.6553
FIN,NY.GDP.MKTP.CD,1983,50956447480.7857
FIN,NY.GDP.MKTP.CD,1982,52784013815.2214
FIN,NY.GDP.MKTP.CD,1981,52440066133.9212
FIN,NY.GDP.MKTP.CD,1980,53649984061.205
FIN,NY.GDP.MKTP.CD,1979,44469218439.9328
FIN,NY.GDP.MKTP.CD,1978,36259392057.7617
FIN,NY.GDP.MKTP.CD,1977,33502784417.884
FIN,NY.GDP.MKTP.CD,1976,31852352669.6415
FIN,NY.GDP.MKTP.CD,1975,29475251333.4411
FIN,NY.GDP.MKTP.CD,1974,24851036710.2568
FIN,NY.GDP.MKTP.CD,1973,19474098335.1486
FIN,NY.GDP.MKTP.CD,1972,14744499569.8308
FIN,NY.GDP.MKTP.CD,1971,12528522307.4737
FIN,NY.GDP.MKTP.CD,1970,11358529161.9479
FIN,NY.GDP.MKTP.CD,1969,10177524838.9004
FIN,NY.GDP.MKTP.CD,1968,8916565040.54632
FIN,NY.GDP.MKTP.CD,1967,9468272357.09549
FIN,NY.GDP.MKTP.CD,1966,9306142171.60056
FIN,NY.GDP.MKTP.CD,1965,8680393838.88018
FIN,NY.GDP.MKTP.CD,1964,7848987792.54261
FIN,NY.GDP.MKTP.CD,1963,6958916548.12933
FIN,NY.GDP.MKTP.CD,1962,6407796042.70357
FIN,NY.GDP.MKTP.CD,1961,5984433774.41601
FIN,NY.GDP.MKTP.CD,1960,5279481824.12983
FRA,NY.GDP.MKTP.CD,2024,3160442622465.08
FRA,NY.GDP.MKTP.CD,2023,3056250648138.29
FRA,NY.GDP.MKTP.CD,2022,2794788137066.94
FRA,NY.GDP.MKTP.CD,2021,2966433692008.09
FRA,NY.GDP.MKTP.CD,2020,2647926055110.05
FRA,NY.GDP.MKTP.CD,2019,2722793515171.76
FRA,NY.GDP.MKTP.CD,2018,2781576320884.39
FRA,NY.GDP.MKTP.CD,2017,2588868323334.71
FRA,NY.GDP.MKTP.CD,2016,2470407619777.13
FRA,NY.GDP.MKTP.CD,2015,2442483452642.5
FRA,NY.GDP.MKTP.CD,2014,2861236112552.42
FRA,NY.GDP.MKTP.CD,2013,2816077607875.26
FRA,NY.GDP.MKTP.CD,2012,2683007095787.23
FRA,NY.GDP.MKTP.CD,2011,2870408553990.28
FRA,NY.GDP.MKTP.CD,2010,2646230027988.34
FRA,NY.GDP.MKTP.CD,2009,2700075882518.98
FRA,NY.GDP.MKTP.CD,2008,2926802941585.86
FRA,NY.GDP.MKTP.CD,2007,2655816911866.56
FRA,NY.GDP.MKTP.CD,2006,2317861544690.82
FRA,NY.GDP.MKTP.CD,2005,2192146403028.17
FRA,NY.GDP.MKTP.CD,2004,2109792297237.03
FRA,NY.GDP.MKTP.CD,2003,1835095983049.09
FRA,NY.GDP.MKTP.CD,2002,1492427756382.43
FRA,NY.GDP.MKTP.CD,2001,1370376677298.86
FRA,NY.GDP.MKTP.CD,2000,1360959069477.49
FRA,NY.GDP.MKTP.CD,1999,1486915879701.93
FRA,NY.GDP.MKTP.CD,1998,1496906382032.47
FRA,NY.GDP.MKTP.CD,1997,1449392222971.45
FRA,NY.GDP.MKTP.CD,1996,1598889216566.23
FRA,NY.GDP.MKTP.CD,1995,1595219345511.89
FRA,NY.GDP.MKTP.CD,1994,1385822778827.98
FRA,NY.GDP.MKTP.CD,1993,1314383368079.69
FRA,NY.GDP.MKTP.CD,1992,1389663073110.28
FRA,NY.GDP.MKTP.CD,1991,1258961748633.88
FRA,NY.GDP.MKTP.CD,1990,1257649439826.53
FRA,NY.GDP.MKTP.CD,1989,1016742237302.08
FRA,NY.GDP.MKTP.CD,1988,1010827662151.75
FRA,NY.GDP.MKTP.CD,1987,926320855614.973
FRA,NY.GDP.MKTP.CD,1986,764946585850.933
FRA,NY.GDP.MKTP.CD,1985,547220981165.134
FRA,NY.GDP.MKTP.CD,1984,525033325827.516
FRA,NY.GDP.MKTP.CD,1983,553356312935.709
FRA,NY.GDP.MKTP.CD,1982,578152310609.841
FRA,NY.GDP.MKTP.CD,1981,609184791792.396
FRA,NY.GDP.MKTP.CD,1980,694529183483.39
FRA,NY.GDP.MKTP.CD,1979,608218624730.188
FRA,NY.GDP.MKTP.CD,1978,501724418604.651
FRA,NY.GDP.MKTP.CD,1977,406401711687.617
FRA,NY.GDP.MKTP.CD,1976,368363152144.223
FRA,NY.GDP.MKTP.CD,1975,357324307786.446
FRA,NY.GDP.MKTP.CD,1974,282739225313.693
FRA,NY.GDP.MKTP.CD,1973,261970536240.424
FRA,NY.GDP.MKTP.CD,1972,201738881664.499
FRA,NY.GDP.MKTP.CD,1971,164694210962.472
FRA,NY.GDP.MKTP.CD,1970,147312861698.358
FRA,NY.GDP.MKTP.CD,1969,140660914840.59
FRA,NY.GDP.MKTP.CD,1968,128710572572.436
FRA,NY.GDP.MKTP.CD,1967,118088635380.954
FRA,NY.GDP.MKTP.CD,1966,109306730313.216
FRA,NY.GDP.MKTP.CD,1965,100927668584.29
FRA,NY.GDP.MKTP.CD,1964,93424179943.3453
FRA,NY.GDP.MKTP.CD,1963,84227606649.8725
FRA,NY.GDP.MKTP.CD,1962,75196980365.0325
FRA,NY.GDP.MKTP.CD,1961,67158050215.0488
FRA,NY.GDP.MKTP.CD,1960,61959085885.3427
PYF,NY.GDP.MKTP.CD,2024,6323716355.05009
PYF,NY.GDP.MKTP.CD,2023,6137447782.87066
PYF,NY.GDP.MKTP.CD,2022,5622688338.06317
PYF,NY.GDP.MKTP.CD,2021,5994931236.42282
PYF,NY.GDP.MKTP.CD,2020,5574821989.38239
PYF,NY.GDP.MKTP.CD,2019,6022276196.13871
PYF,NY.GDP.MKTP.CD,2018,6135116253.33452
PYF,NY.GDP.MKTP.CD,2017,5833352692.7995
PYF,NY.GDP.MKTP.CD,2016,5497036476.8031
PYF,NY.GDP.MKTP.CD,2015,5325846361.81186
PYF,NY.GDP.MKTP.CD,2014,6151996560.84289
PYF,NY.GDP.MKTP.CD,2013,6031827122.60663
PYF,NY.GDP.MKTP.CD,2012,5692858099.00217
PYF,NY.GDP.MKTP.CD,2011,6203940036.91982
PYF,NY.GDP.MKTP.CD,2010,6086644798.55982
PYF,NY.GDP.MKTP.CD,2009,6584557973.9375
PYF,NY.GDP.MKTP.CD,2008,7136741421.95908
PYF,NY.GDP.MKTP.CD,2007,6631156405.59637
PYF,NY.GDP.MKTP.CD,2006,5877997979.62266
PYF,NY.GDP.MKTP.CD,2005,5705052134.54253
PYF,NY.GDP.MKTP.CD,2004,5564109981.9138
PYF,NY.GDP.MKTP.CD,2003,4927780606.7707
PYF,NY.GDP.MKTP.CD,2002,3965405552.5203
PYF,NY.GDP.MKTP.CD,2001,3573808556.31268
PYF,NY.GDP.MKTP.CD,2000,3599845480.34359
PYF,NY.GDP.MKTP.CD,1999,3911602004.14205
PYF,NY.GDP.MKTP.CD,1998,3903186592.82431
PYF,NY.GDP.MKTP.CD,1997,3762859093.26192
PYF,NY.GDP.MKTP.CD,1996,4166072829.60099
PYF,NY.GDP.MKTP.CD,1995,4186994249.08861
PYF,NY.GDP.MKTP.CD,1994,3676123788.0323
PYF,NY.GDP.MKTP.CD,1993,3544608548.41734
PYF,NY.GDP.MKTP.CD,1992,3713785765.42205
PYF,NY.GDP.MKTP.CD,1991,3410078967.89823
PYF,NY.GDP.MKTP.CD,1990,3320159522.36546
PYF,NY.GDP.MKTP.CD,1989,2731683484.45369
PYF,NY.GDP.MKTP.CD,1988,2723496362.0482
PYF,NY.GDP.MKTP.CD,1987,2677977163.2095
PYF,NY.GDP.MKTP.CD,1986,2212028299.56001
PYF,NY.GDP.MKTP.CD,1985,1448281228.15738
PYF,NY.GDP.MKTP.CD,1984,1325515445.08362
PYF,NY.GDP.MKTP.CD,1983,1284180701.00787
PYF,NY.GDP.MKTP.CD,1982,1235897957.88874
PYF,NY.GDP.MKTP.CD,1981,1234743073.00034
PYF,NY.GDP.MKTP.CD,1980,1320416024.95218
PYF,NY.GDP.MKTP.CD,1979,1215032463.67336
PYF,NY.GDP.MKTP.CD,1978,1005569835.39664
PYF,NY.GDP.MKTP.CD,1977,793196378.708826
PYF,NY.GDP.MKTP.CD,1976,732288906.273954
PYF,NY.GDP.MKTP.CD,1975,690323388.529907
PYF,NY.GDP.MKTP.CD,1974,555340842.860311
PYF,NY.GDP.MKTP.CD,1973,431252938.061046
PYF,NY.GDP.MKTP.CD,1972,326433558.076079
PYF,NY.GDP.MKTP.CD,1971,296865513.746817
PYF,NY.GDP.MKTP.CD,1970,254036000.752587
PYF,NY.GDP.MKTP.CD,1969,242943783.142736
PYF,NY.GDP.MKTP.CD,1968,259590074.527934
PYF,NY.GDP.MKTP.CD,1967,220984367.626581
PYF,NY.GDP.MKTP.CD,1966,215659453.550939
PYF,NY.GDP.MKTP.CD,1965,176534588.403052
PYF,NY.GDP.MKTP.CD,1964,
PYF,NY.GDP.MKTP.CD,1963,
PYF,NY.GDP.MKTP.CD,1962,
PYF,NY.GDP.MKTP.CD,1961,
PYF,NY.GDP.MKTP.CD,1960,
GAB,NY.GDP.MKTP.CD,2024,20895684425.6752
GAB,NY.GDP.MKTP.CD,2023,19388372070.9778
GAB,NY.GDP.MKTP.CD,2022,20440655695.1804
GAB,NY.GDP.MKTP.CD,2021,19444935097.2395
GAB,NY.GDP.MKTP.CD,2020,15342236163.9864
GAB,NY.GDP.MKTP.CD,2019,16874405465.391
GAB,NY.GDP.MKTP.CD,2018,16867326401.9626
GAB,NY.GDP.MKTP.CD,2017,14929487485.1623
GAB,NY.GDP.MKTP.CD,2016,14023890265.3665
GAB,NY.GDP.MKTP.CD,2015,14383107762.6952
GAB,NY.GDP.MKTP.CD,2014,18203966895.8433
GAB,NY.GDP.MKTP.CD,2013,17595744798.3398
GAB,NY.GDP.MKTP.CD,2012,17170464016.0593
GAB,NY.GDP.MKTP.CD,2011,18210307743.5816
GAB,NY.GDP.MKTP.CD,2010,14372593020.2885
GAB,NY.GDP.MKTP.CD,2009,12113699068.2517
GAB,NY.GDP.MKTP.CD,2008,15571348344.3379
GAB,NY.GDP.MKTP.CD,2007,12455409587.3371
GAB,NY.GDP.MKTP.CD,2006,10327598306.4575
GAB,NY.GDP.MKTP.CD,2005,9582783990.85345
GAB,NY.GDP.MKTP.CD,2004,7770219008.21293
GAB,NY.GDP.MKTP.CD,2003,6511903365.47554
GAB,NY.GDP.MKTP.CD,2002,5335451099.88223
GAB,NY.GDP.MKTP.CD,2001,5023265413.2623
GAB,NY.GDP.MKTP.CD,2000,5080483628.53013
GAB,NY.GDP.MKTP.CD,1999,4662992036.2073
GAB,NY.GDP.MKTP.CD,1998,4483417309.83011
GAB,NY.GDP.MKTP.CD,1997,5326817114.53586
GAB,NY.GDP.MKTP.CD,1996,5694040002.89863
GAB,NY.GDP.MKTP.CD,1995,4958845648.04778
GAB,NY.GDP.MKTP.CD,1994,4190819344.22255
GAB,NY.GDP.MKTP.CD,1993,4378645081.01769
GAB,NY.GDP.MKTP.CD,1992,5592390827.39854
GAB,NY.GDP.MKTP.CD,1991,5402919784.57004
GAB,NY.GDP.MKTP.CD,1990,5952293764.84777
GAB,NY.GDP.MKTP.CD,1989,4186411463.85975
GAB,NY.GDP.MKTP.CD,1988,3834503376.02992
GAB,NY.GDP.MKTP.CD,1987,3281797043.04996
GAB,NY.GDP.MKTP.CD,1986,3403638189.20049
GAB,NY.GDP.MKTP.CD,1985,3339914757.22872
GAB,NY.GDP.MKTP.CD,1984,3561451560.50783
GAB,NY.GDP.MKTP.CD,1983,3391275731.53751
GAB,NY.GDP.MKTP.CD,1982,3618007841.13503
GAB,NY.GDP.MKTP.CD,1981,3862269120.53497
GAB,NY.GDP.MKTP.CD,1980,4279637942.25144
GAB,NY.GDP.MKTP.CD,1979,3030251120.09759
GAB,NY.GDP.MKTP.CD,1978,2389479271.66616
GAB,NY.GDP.MKTP.CD,1977,2809349069.22118
GAB,NY.GDP.MKTP.CD,1976,3009409974.26856
GAB,NY.GDP.MKTP.CD,1975,2157592940.04234
GAB,NY.GDP.MKTP.CD,1974,1544216001.66059
GAB,NY.GDP.MKTP.CD,1973,722780701.295854
GAB,NY.GDP.MKTP.CD,1972,430508358.514204
GAB,NY.GDP.MKTP.CD,1971,381687072.622379
GAB,NY.GDP.MKTP.CD,1970,323802475.512425
GAB,NY.GDP.MKTP.CD,1969,318124701.478771
GAB,NY.GDP.MKTP.CD,1968,294468564.245272
GAB,NY.GDP.MKTP.CD,1967,271543680.048895
GAB,NY.GDP.MKTP.CD,1966,245849781.273234
GAB,NY.GDP.MKTP.CD,1965,226474285.779063
GAB,NY.GDP.MKTP.CD,1964,215679855.342091
GAB,NY.GDP.MKTP.CD,1963,154480244.055222
GAB,NY.GDP.MKTP.CD,1962,182796536.266025
GAB,NY.GDP.MKTP.CD,1961,167637907.122782
GAB,NY.GDP.MKTP.CD,1960,141468977.799846
GMB,NY.GDP.MKTP.CD,2024,2404888749.21907
GMB,NY.GDP.MKTP.CD,2023,2382262184.68273
GMB,NY.GDP.MKTP.CD,2022,2204734527.88096
GMB,NY.GDP.MKTP.CD,2021,2014158842.14596
GMB,NY.GDP.MKTP.CD,2020,1812170891.19069
GMB,NY.GDP.MKTP.CD,2019,1813609692.49994
GMB,NY.GDP.MKTP.CD,2018,1670671327.81651
GMB,NY.GDP.MKTP.CD,2017,1504909462.69521
GMB,NY.GDP.MKTP.CD,2016,1484578885.97132
GMB,NY.GDP.MKTP.CD,2015,1378176608.93204
GMB,NY.GDP.MKTP.CD,2014,1229461721.40861
GMB,NY.GDP.MKTP.CD,2013,1375609453.43746
GMB,NY.GDP.MKTP.CD,2012,1415004738.26621
GMB,NY.GDP.MKTP.CD,2011,1409693596.93594
GMB,NY.GDP.MKTP.CD,2010,1543294926.87301
GMB,NY.GDP.MKTP.CD,2009,1450142508.57808
GMB,NY.GDP.MKTP.CD,2008,1561766955.73024
GMB,NY.GDP.MKTP.CD,2007,1279703047.0221
GMB,NY.GDP.MKTP.CD,2006,1054112487.74083
GMB,NY.GDP.MKTP.CD,2005,1027701067.55688
GMB,NY.GDP.MKTP.CD,2004,961900651.423441
GMB,NY.GDP.MKTP.CD,2003,487038685.045496
GMB,NY.GDP.MKTP.CD,2002,578235309.327198
GMB,NY.GDP.MKTP.CD,2001,687410645.063943
GMB,NY.GDP.MKTP.CD,2000,782913871.80966
GMB,NY.GDP.MKTP.CD,1999,814724032.065735
GMB,NY.GDP.MKTP.CD,1998,840285264.631545
GMB,NY.GDP.MKTP.CD,1997,803633342.473706
GMB,NY.GDP.MKTP.CD,1996,848239446.21576
GMB,NY.GDP.MKTP.CD,1995,785999864.840299
GMB,NY.GDP.MKTP.CD,1994,746493951.900959
GMB,NY.GDP.MKTP.CD,1993,755040974.087322
GMB,NY.GDP.MKTP.CD,1992,714254256.122189
GMB,NY.GDP.MKTP.CD,1991,690311080.515018
GMB,NY.GDP.MKTP.CD,1990,317083695.477797
GMB,NY.GDP.MKTP.CD,1989,284120329.401023
GMB,NY.GDP.MKTP.CD,1988,266672211.934161
GMB,NY.GDP.MKTP.CD,1987,220626484.224811
GMB,NY.GDP.MKTP.CD,1986,185646986.824927
GMB,NY.GDP.MKTP.CD,1985,225726358.890914
GMB,NY.GDP.MKTP.CD,1984,177340880.086204
GMB,NY.GDP.MKTP.CD,1983,213448584.936945
GMB,NY.GDP.MKTP.CD,1982,216050552.301584
GMB,NY.GDP.MKTP.CD,1981,218767743.459101
GMB,NY.GDP.MKTP.CD,1980,241083090.303623
GMB,NY.GDP.MKTP.CD,1979,207112627.726094
GMB,NY.GDP.MKTP.CD,1978,171833086.019624
GMB,NY.GDP.MKTP.CD,1977,138093099.09774
GMB,NY.GDP.MKTP.CD,1976,112190829.470457
GMB,NY.GDP.MKTP.CD,1975,115179719.077633
GMB,NY.GDP.MKTP.CD,1974,95796021.6888272
GMB,NY.GDP.MKTP.CD,1973,75187749.0961317
GMB,NY.GDP.MKTP.CD,1972,59160569.4804413
GMB,NY.GDP.MKTP.CD,1971,55728663.222684
GMB,NY.GDP.MKTP.CD,1970,52296083.6737339
GMB,NY.GDP.MKTP.CD,1969,45168072.2689156
GMB,NY.GDP.MKTP.CD,1968,41160065.8561054
GMB,NY.GDP.MKTP.CD,1967,46695006.9579374
GMB,NY.GDP.MKTP.CD,1966,44212081.3502297
GMB,NY.GDP.MKTP.CD,1965,
GMB,NY.GDP.MKTP.CD,1964,
GMB,NY.GDP.MKTP.CD,1963,
GMB,NY.GDP.MKTP.CD,1962,
GMB,NY.GDP.MKTP.CD,1961,
GMB,NY.GDP.MKTP.CD,1960,
GEO,NY.GDP.MKTP.CD,2024,34189423544.9955
GEO,NY.GDP.MKTP.CD,2023,30777833600.6515
GEO,NY.GDP.MKTP.CD,2022,24984568959.605
GEO,NY.GDP.MKTP.CD,2021,18853115588.8106
GEO,NY.GDP.MKTP.CD,2020,16010869215.68
GEO,NY.GDP.MKTP.CD,2019,17638337116.9126
GEO,NY.GDP.MKTP.CD,2018,17902544880.6471
GEO,NY.GDP.MKTP.CD,2017,16473125375.0684
GEO,NY.GDP.MKTP.CD,2016,15444548901.9637
GEO,NY.GDP.MKTP.CD,2015,15223796148.8396
GEO,NY.GDP.MKTP.CD,2014,17966015109.3043
GEO,NY.GDP.MKTP.CD,2013,17517660143.6859
GEO,NY.GDP.MKTP.CD,2012,16894392033.2256
GEO,NY.GDP.MKTP.CD,2011,15475290469.2869
GEO,NY.GDP.MKTP.CD,2010,12426907967.1578
GEO,NY.GDP.MKTP.CD,2009,10766920065.8251
GEO,NY.GDP.MKTP.CD,2008,12795145130.9103
GEO,NY.GDP.MKTP.CD,2007,10172931088.5655
GEO,NY.GDP.MKTP.CD,2006,7745250733.95067
GEO,NY.GDP.MKTP.CD,2005,6410912049.87105
GEO,NY.GDP.MKTP.CD,2004,5125365191.98664
GEO,NY.GDP.MKTP.CD,2003,3991377904.13162
GEO,NY.GDP.MKTP.CD,2002,3395766677.67315
GEO,NY.GDP.MKTP.CD,2001,3219462262.0075
GEO,NY.GDP.MKTP.CD,2000,3057475335.18846
GEO,NY.GDP.MKTP.CD,1999,2800025882.71672
GEO,NY.GDP.MKTP.CD,1998,3613497316.55319
GEO,NY.GDP.MKTP.CD,1997,3510520231.21387
GEO,NY.GDP.MKTP.CD,1996,3094936177.1918
GEO,NY.GDP.MKTP.CD,1995,2693732611.81599
GEO,NY.GDP.MKTP.CD,1994,2513867645.13316
GEO,NY.GDP.MKTP.CD,1993,2701181331.30816
GEO,NY.GDP.MKTP.CD,1992,3690328963.64086
GEO,NY.GDP.MKTP.CD,1991,6324503311.25828
GEO,NY.GDP.MKTP.CD,1990,7735927263.59261
GEO,NY.GDP.MKTP.CD,1989,8902632715.25406
GEO,NY.GDP.MKTP.CD,1988,8833588173.40023
GEO,NY.GDP.MKTP.CD,1987,7321981333.6772
GEO,NY.GDP.MKTP.CD,1986,
GEO,NY.GDP.MKTP.CD,1985,
GEO,NY.GDP.MKTP.CD,1984,
GEO,NY.GDP.MKTP.CD,1983,
GEO,NY.GDP.MKTP.CD,1982,
GEO,NY.GDP.MKTP.CD,1981,
GEO,NY.GDP.MKTP.CD,1980,
GEO,NY.GDP.MKTP.CD,1979,
GEO,NY.GDP.MKTP.CD,1978,
GEO,NY.GDP.MKTP.CD,1977,
GEO,NY.GDP.MKTP.CD,1976,
GEO,NY.GDP.MKTP.CD,1975,
GEO,NY.GDP.MKTP.CD,1974,
GEO,NY.GDP.MKTP.CD,1973,
GEO,NY.GDP.MKTP.CD,1972,
GEO,NY.GDP.MKTP.CD,1971,
GEO,NY.GDP.MKTP.CD,1970,
GEO,NY.GDP.MKTP.CD,1969,
GEO,NY.GDP.MKTP.CD,1968,
GEO,NY.GDP.MKTP.CD,1967,
GEO,NY.GDP.MKTP.CD,1966,
GEO,NY.GDP.MKTP.CD,1965,
GEO,NY.GDP.MKTP.CD,1964,
GEO,NY.GDP.MKTP.CD,1963,
GEO,NY.GDP.MKTP.CD,1962,
GEO,NY.GDP.MKTP.CD,1961,
GEO,NY.GDP.MKTP.CD,1960,
DEU,NY.GDP.MKTP.CD,2024,4685592577804.69
DEU,NY.GDP.MKTP.CD,2023,4562207532490.28
DEU,NY.GDP.MKTP.CD,2022,4201021706478.62
DEU,NY.GDP.MKTP.CD,2021,4355251953410.78
DEU,NY.GDP.MKTP.CD,2020,3941398957073.94
DEU,NY.GDP.MKTP.CD,2019,3959894794039.21
DEU,NY.GDP.MKTP.CD,2018,4055433215301.96
DEU,NY.GDP.MKTP.CD,2017,3765351626105.89
DEU,NY.GDP.MKTP.CD,2016,3536787895179.0
DEU,NY.GDP.MKTP.CD,2015,3425099578746.09
DEU,NY.GDP.MKTP.CD,2014,3964870735760.77
DEU,NY.GDP.MKTP.CD,2013,3807023797050.99
DEU,NY.GDP.MKTP.CD,2012,3596483233406.25
DEU,NY.GDP.MKTP.CD,2011,3823575803793.78
DEU,NY.GDP.MKTP.CD,2010,3467093769666.67
DEU,NY.GDP.MKTP.CD,2009,3478545516683.59
DEU,NY.GDP.MKTP.CD,2008,3808197720125.0
DEU,NY.GDP.MKTP.CD,2007,3484056680854.91
DEU,NY.GDP.MKTP.CD,2006,3046308753670.58
DEU,NY.GDP.MKTP.CD,2005,2893393187361.87
DEU,NY.GDP.MKTP.CD,2004,2852317768061.78
DEU,NY.GDP.MKTP.CD,2003,2534715518349.01
DEU,NY.GDP.MKTP.CD,2002,2102350798305.89
DEU,NY.GDP.MKTP.CD,2001,1966381496641.73
DEU,NY.GDP.MKTP.CD,2000,1966980701145.1
DEU,NY.GDP.MKTP.CD,1999,2213873468586.88
DEU,NY.GDP.MKTP.CD,1998,2247760364565.97
DEU,NY.GDP.MKTP.CD,1997,2218790886532.82
DEU,NY.GDP.MKTP.CD,1996,2506576553158.31
DEU,NY.GDP.MKTP.CD,1995,2593053091306.13
DEU,NY.GDP.MKTP.CD,1994,2215282632276.73
DEU,NY.GDP.MKTP.CD,1993,2078954217437.6
DEU,NY.GDP.MKTP.CD,1992,2141377582968.07
DEU,NY.GDP.MKTP.CD,1991,1875792575132.59
DEU,NY.GDP.MKTP.CD,1990,1778162195860.07
DEU,NY.GDP.MKTP.CD,1989,1404092925205.45
DEU,NY.GDP.MKTP.CD,1988,1406367016371.53
DEU,NY.GDP.MKTP.CD,1987,1302932318824.81
DEU,NY.GDP.MKTP.CD,1986,1050092624515.9
DEU,NY.GDP.MKTP.CD,1985,735218723093.277
DEU,NY.GDP.MKTP.CD,1984,727767760978.627
DEU,NY.GDP.MKTP.CD,1983,773507930294.906
DEU,NY.GDP.MKTP.CD,1982,779421633755.138
DEU,NY.GDP.MKTP.CD,1981,803404797057.551
DEU,NY.GDP.MKTP.CD,1980,953772499462.019
DEU,NY.GDP.MKTP.CD,1979,884574218333.155
DEU,NY.GDP.MKTP.CD,1978,743182891918.208
DEU,NY.GDP.MKTP.CD,1977,602698323085.993
DEU,NY.GDP.MKTP.CD,1976,521658712132.981
DEU,NY.GDP.MKTP.CD,1975,492434094920.105
DEU,NY.GDP.MKTP.CD,1974,446934971657.471
DEU,NY.GDP.MKTP.CD,1973,399833571167.215
DEU,NY.GDP.MKTP.CD,1972,300899944795.436
DEU,NY.GDP.MKTP.CD,1971,250900942396.699
DEU,NY.GDP.MKTP.CD,1970,216629229947.096
DEU,NY.GDP.MKTP.CD,1969,177733486326.06
DEU,NY.GDP.MKTP.CD,1968,156527292653.157
DEU,NY.GDP.MKTP.CD,1967,145100667772.69
DEU,NY.GDP.MKTP.CD,1966,143304275683.979
DEU,NY.GDP.MKTP.CD,1965,134774688191.161
DEU,NY.GDP.MKTP.CD,1964,123330404665.086
DEU,NY.GDP.MKTP.CD,1963,112232503744.1
DEU,NY.GDP.MKTP.CD,1962,105895435234.343
DEU,NY.GDP.MKTP.CD,1961,96558204043.1028
DEU,NY.GDP.MKTP.CD,1960,84619845881.2608
GHA,NY.GDP.MKTP.CD,2024,82308110386.4641
GHA,NY.GDP.MKTP.CD,2023,80547146878.3843
GHA,NY.GDP.MKTP.CD,2022,73919003209.9866
GHA,NY.GDP.MKTP.CD,2021,79514204730.3979
GHA,NY.GDP.MKTP.CD,2020,70008243859.8666
GHA,NY.GDP.MKTP.CD,2019,68352629246.1555
GHA,NY.GDP.MKTP.CD,2018,67259353965.6087
GHA,NY.GDP.MKTP.CD,2017,60385409434.8567
GHA,NY.GDP.MKTP.CD,2016,56144179397.8516
GHA,NY.GDP.MKTP.CD,2015,49436806230.4839
GHA,NY.GDP.MKTP.CD,2014,54678533805.9064
GHA,NY.GDP.MKTP.CD,2013,62845721959.827
GHA,NY.GDP.MKTP.CD,2012,41271701060.954
GHA,NY.GDP.MKTP.CD,2011,39336668080.559
GHA,NY.GDP.MKTP.CD,2010,32197655566.5347
GHA,NY.GDP.MKTP.CD,2009,26048720005.5233
GHA,NY.GDP.MKTP.CD,2008,28679383241.0729
GHA,NY.GDP.MKTP.CD,2007,24827339138.4906
GHA,NY.GDP.MKTP.CD,2006,20885037596.6963
GHA,NY.GDP.MKTP.CD,2005,10744568381.4456
GHA,NY.GDP.MKTP.CD,2004,8881417906.71432
GHA,NY.GDP.MKTP.CD,2003,7632723555.66221
GHA,NY.GDP.MKTP.CD,2002,6166197847.85031
GHA,NY.GDP.MKTP.CD,2001,5314872854.4405
GHA,NY.GDP.MKTP.CD,2000,4982850662.20851
GHA,NY.GDP.MKTP.CD,1999,7718109982.26093
GHA,NY.GDP.MKTP.CD,1998,7482069162.42008
GHA,NY.GDP.MKTP.CD,1997,6891443192.24985
GHA,NY.GDP.MKTP.CD,1996,6932991739.37767
GHA,NY.GDP.MKTP.CD,1995,6464382807.67884
GHA,NY.GDP.MKTP.CD,1994,5446383726.77047
GHA,NY.GDP.MKTP.CD,1993,5968922939.37198
GHA,NY.GDP.MKTP.CD,1992,6416103925.83267
GHA,NY.GDP.MKTP.CD,1991,6603185267.79643
GHA,NY.GDP.MKTP.CD,1990,5889106573.46088
GHA,NY.GDP.MKTP.CD,1989,5251858439.874
GHA,NY.GDP.MKTP.CD,1988,5197765031.64557
GHA,NY.GDP.MKTP.CD,1987,5074829931.97279
GHA,NY.GDP.MKTP.CD,1986,5735677433.82683
GHA,NY.GDP.MKTP.CD,1985,4504306722.68908
GHA,NY.GDP.MKTP.CD,1984,4412279843.44423
GHA,NY.GDP.MKTP.CD,1983,4057275132.27513
GHA,NY.GDP.MKTP.CD,1982,4035994397.7591
GHA,NY.GDP.MKTP.CD,1981,4222441860.46512
GHA,NY.GDP.MKTP.CD,1980,4445228215.76763
GHA,NY.GDP.MKTP.CD,1979,4020227920.22792
GHA,NY.GDP.MKTP.CD,1978,3662478184.99127
GHA,NY.GDP.MKTP.CD,1977,3189428571.42857
GHA,NY.GDP.MKTP.CD,1976,2765254237.28814
GHA,NY.GDP.MKTP.CD,1975,2810106382.97872
GHA,NY.GDP.MKTP.CD,1974,2894409937.8882
GHA,NY.GDP.MKTP.CD,1973,3006766758.43977
GHA,NY.GDP.MKTP.CD,1972,2112293279.98507
GHA,NY.GDP.MKTP.CD,1971,2417108577.52739
GHA,NY.GDP.MKTP.CD,1970,2215028588.45646
GHA,NY.GDP.MKTP.CD,1969,1962050555.7775
GHA,NY.GDP.MKTP.CD,1968,1666909517.65205
GHA,NY.GDP.MKTP.CD,1967,1747187644.9031
GHA,NY.GDP.MKTP.CD,1966,2126300672.22965
GHA,NY.GDP.MKTP.CD,1965,2053462968.0426
GHA,NY.GDP.MKTP.CD,1964,1731296199.52296
GHA,NY.GDP.MKTP.CD,1963,1540797588.57221
GHA,NY.GDP.MKTP.CD,1962,1382515654.47343
GHA,NY.GDP.MKTP.CD,1961,1302674324.88378
GHA,NY.GDP.MKTP.CD,1960,1217230094.97205
GIB,NY.GDP.MKTP.CD,2024,
GIB,NY.GDP.MKTP.CD,2023,
GIB,NY.GDP.MKTP.CD,2022,
GIB,NY.GDP.MKTP.CD,2021,
GIB,NY.GDP.MKTP.CD,2020,
GIB,NY.GDP.MKTP.CD,2019,
GIB,NY.GDP.MKTP.CD,2018,
GIB,NY.GDP.MKTP.CD,2017,
GIB,NY.GDP.MKTP.CD,2016,
GIB,NY.GDP.MKTP.CD,2015,
GIB,NY.GDP.MKTP.CD,2014,
GIB,NY.GDP.MKTP.CD,2013,
GIB,NY.GDP.MKTP.CD,2012,
GIB,NY.GDP.MKTP.CD,2011,
GIB,NY.GDP.MKTP.CD,2010,
GIB,NY.GDP.MKTP.CD,2009,
GIB,NY.GDP.MKTP.CD,2008,
GIB,NY.GDP.MKTP.CD,2007,
GIB,NY.GDP.MKTP.CD,2006,
GIB,NY.GDP.MKTP.CD,2005,
GIB,NY.GDP.MKTP.CD,2004,
GIB,NY.GDP.MKTP.CD,2003,
GIB,NY.GDP.MKTP.CD,2002,
GIB,NY.GDP.MKTP.CD,2001,
GIB,NY.GDP.MKTP.CD,2000,
GIB,NY.GDP.MKTP.CD,1999,
GIB,NY.GDP.MKTP.CD,1998,
GIB,NY.GDP.MKTP.CD,1997,
GIB,NY.GDP.MKTP.CD,1996,
GIB,NY.GDP.MKTP.CD,1995,
GIB,NY.GDP.MKTP.CD,1994,
GIB,NY.GDP.MKTP.CD,1993,
GIB,NY.GDP.MKTP.CD,1992,
GIB,NY.GDP.MKTP.CD,1991,
GIB,NY.GDP.MKTP.CD,1990,
GIB,NY.GDP.MKTP.CD,1989,
GIB,NY.GDP.MKTP.CD,1988,
GIB,NY.GDP.MKTP.CD,1987,
GIB,NY.GDP.MKTP.CD,1986,
GIB,NY.GDP.MKTP.CD,1985,
GIB,NY.GDP.MKTP.CD,1984,
GIB,NY.GDP.MKTP.CD,1983,
GIB,NY.GDP.MKTP.CD,1982,
GIB,NY.GDP.MKTP.CD,1981,
GIB,NY.GDP.MKTP.CD,1980,
GIB,NY.GDP.MKTP.CD,1979,
GIB,NY.GDP.MKTP.CD,1978,
GIB,NY.GDP.MKTP.CD,1977,
GIB,NY.GDP.MKTP.CD,1976,
GIB,NY.GDP.MKTP.CD,1975,
GIB,NY.GDP.MKTP.CD,1974,
GIB,NY.GDP.MKTP.CD,1973,
GIB,NY.GDP.MKTP.CD,1972,
GIB,NY.GDP.MKTP.CD,1971,
GIB,NY.GDP.MKTP.CD,1970,
GIB,NY.GDP.MKTP.CD,1969,
GIB,NY.GDP.MKTP.CD,1968,
GIB,NY.GDP.MKTP.CD,1967,
GIB,NY.GDP.MKTP.CD,1966,
GIB,NY.GDP.MKTP.CD,1965,
GIB,NY.GDP.MKTP.CD,1964,
GIB,NY.GDP.MKTP.CD,1963,
GIB,NY.GDP.MKTP.CD,1962,
GIB,NY.GDP.MKTP.CD,1961,
GIB,NY.GDP.MKTP.CD,1960,
GRC,NY.GDP.MKTP.CD,2024,256238371778.118
GRC,NY.GDP.MKTP.CD,2023,242946187738.269
GRC,NY.GDP.MKTP.CD,2022,217990189600.69
GRC,NY.GDP.MKTP.CD,2021,218303801895.326
GRC,NY.GDP.MKTP.CD,2020,191362985554.861
GRC,NY.GDP.MKTP.CD,2019,207305649887.019
GRC,NY.GDP.MKTP.CD,2018,213298873494.394
GRC,NY.GDP.MKTP.CD,2017,200381103984.298
GRC,NY.GDP.MKTP.CD,2016,193097239005.87
GRC,NY.GDP.MKTP.CD,2015,194567373678.099
GRC,NY.GDP.MKTP.CD,2014,233911581521.062
GRC,NY.GDP.MKTP.CD,2013,236556279640.705
GRC,NY.GDP.MKTP.CD,2012,238841140018.233
GRC,NY.GDP.MKTP.CD,2011,283228079776.041
GRC,NY.GDP.MKTP.CD,2010,296417644404.034
GRC,NY.GDP.MKTP.CD,2009,326829054686.306
GRC,NY.GDP.MKTP.CD,2008,351121399546.485
GRC,NY.GDP.MKTP.CD,2007,314226996944.108
GRC,NY.GDP.MKTP.CD,2006,269073415333.676
GRC,NY.GDP.MKTP.CD,2005,242315668619.405
GRC,NY.GDP.MKTP.CD,2004,234979615898.225
GRC,NY.GDP.MKTP.CD,2003,196930509813.384
GRC,NY.GDP.MKTP.CD,2002,150253800085.865
GRC,NY.GDP.MKTP.CD,2001,132050474720.03
GRC,NY.GDP.MKTP.CD,2000,125760166224.805
GRC,NY.GDP.MKTP.CD,1999,137131371955.307
GRC,NY.GDP.MKTP.CD,1998,139612812175.718
GRC,NY.GDP.MKTP.CD,1997,138766067640.085
GRC,NY.GDP.MKTP.CD,1996,142502984144.96
GRC,NY.GDP.MKTP.CD,1995,134974613913.811
GRC,NY.GDP.MKTP.CD,1994,114980063202.247
GRC,NY.GDP.MKTP.CD,1993,107295704518.43
GRC,NY.GDP.MKTP.CD,1992,114608178405.434
GRC,NY.GDP.MKTP.CD,1991,103680863712.844
GRC,NY.GDP.MKTP.CD,1990,96529587274.2906
GRC,NY.GDP.MKTP.CD,1989,78067933277.3815
GRC,NY.GDP.MKTP.CD,1988,75200610136.9205
GRC,NY.GDP.MKTP.CD,1987,64739630095.6215
GRC,NY.GDP.MKTP.CD,1986,55595445472.2493
GRC,NY.GDP.MKTP.CD,1985,47155741426.1041
GRC,NY.GDP.MKTP.CD,1984,47352146311.971
GRC,NY.GDP.MKTP.CD,1983,48741397058.8235
GRC,NY.GDP.MKTP.CD,1982,53858346938.7755
GRC,NY.GDP.MKTP.CD,1981,51618456334.5633
GRC,NY.GDP.MKTP.CD,1980,56039256594.7242
GRC,NY.GDP.MKTP.CD,1979,53724121435.1426
GRC,NY.GDP.MKTP.CD,1978,43654480519.4805
GRC,NY.GDP.MKTP.CD,1977,35673080481.0361
GRC,NY.GDP.MKTP.CD,1976,30719552238.806
GRC,NY.GDP.MKTP.CD,1975,28129128586.61
GRC,NY.GDP.MKTP.CD,1974,24998715909.0909
GRC,NY.GDP.MKTP.CD,1973,22037019562.7158
GRC,NY.GDP.MKTP.CD,1972,16650659090.9091
GRC,NY.GDP.MKTP.CD,1971,14388806818.1818
GRC,NY.GDP.MKTP.CD,1970,12957113636.3636
GRC,NY.GDP.MKTP.CD,1969,11454106327.0756
GRC,NY.GDP.MKTP.CD,1968,9950331205.83108
GRC,NY.GDP.MKTP.CD,1967,9146592855.683
GRC,NY.GDP.MKTP.CD,1966,8472021466.86847
GRC,NY.GDP.MKTP.CD,1965,7582209670.27425
GRC,NY.GDP.MKTP.CD,1964,6576906345.11518
GRC,NY.GDP.MKTP.CD,1963,5813285626.64404
GRC,NY.GDP.MKTP.CD,1962,5140542929.42067
GRC,NY.GDP.MKTP.CD,1961,4892397431.33292
GRC,NY.GDP.MKTP.CD,1960,4274890306.82895
GRL,NY.GDP.MKTP.CD,2024,
GRL,NY.GDP.MKTP.CD,2023,3326543974.39193
GRL,NY.GDP.MKTP.CD,2022,3152334771.77992
GRL,NY.GDP.MKTP.CD,2021,3293578467.57327
GRL,NY.GDP.MKTP.CD,2020,3089625554.40473
GRL,NY.GDP.MKTP.CD,2019,2997309971.87623
GRL,NY.GDP.MKTP.CD,2018,3055782146.15957
GRL,NY.GDP.MKTP.CD,2017,2851613679.03433
GRL,NY.GDP.MKTP.CD,2016,2707139544.46695
GRL,NY.GDP.MKTP.CD,2015,2499113022.81675
GRL,NY.GDP.MKTP.CD,2014,2842065708.35962
GRL,NY.GDP.MKTP.CD,2013,2684946990.12448
GRL,NY.GDP.MKTP.CD,2012,2609678486.36749
GRL,NY.GDP.MKTP.CD,2011,2684461375.46585
GRL,NY.GDP.MKTP.CD,2010,2503167187.49305
GRL,NY.GDP.MKTP.CD,2009,2529963903.22685
GRL,NY.GDP.MKTP.CD,2008,2499092314.41875
GRL,NY.GDP.MKTP.CD,2007,2249811295.6608
GRL,NY.GDP.MKTP.CD,2006,2013106929.50031
GRL,NY.GDP.MKTP.CD,2005,1849802648.36391
GRL,NY.GDP.MKTP.CD,2004,1822499769.23938
GRL,NY.GDP.MKTP.CD,2003,1558759823.08169
GRL,NY.GDP.MKTP.CD,2002,1169136716.03557
GRL,NY.GDP.MKTP.CD,2001,1086170703.9816
GRL,NY.GDP.MKTP.CD,2000,1068025016.00862
GRL,NY.GDP.MKTP.CD,1999,1131555107.04907
GRL,NY.GDP.MKTP.CD,1998,1149858069.75766
GRL,NY.GDP.MKTP.CD,1997,1072154433.84538
GRL,NY.GDP.MKTP.CD,1996,1197515569.08202
GRL,NY.GDP.MKTP.CD,1995,1208953287.06598
GRL,NY.GDP.MKTP.CD,1994,1005887539.32049
GRL,NY.GDP.MKTP.CD,1993,927214151.76793
GRL,NY.GDP.MKTP.CD,1992,1037916162.54976
GRL,NY.GDP.MKTP.CD,1991,1016500069.25708
GRL,NY.GDP.MKTP.CD,1990,1018977280.32928
GRL,NY.GDP.MKTP.CD,1989,929799902.191124
GRL,NY.GDP.MKTP.CD,1988,898607670.624413
GRL,NY.GDP.MKTP.CD,1987,787390408.953269
GRL,NY.GDP.MKTP.CD,1986,603016292.686978
GRL,NY.GDP.MKTP.CD,1985,412876382.829174
GRL,NY.GDP.MKTP.CD,1984,379371901.490374
GRL,NY.GDP.MKTP.CD,1983,416184071.019417
GRL,NY.GDP.MKTP.CD,1982,402403041.029269
GRL,NY.GDP.MKTP.CD,1981,435748993.418421
GRL,NY.GDP.MKTP.CD,1980,476051740.773769
GRL,NY.GDP.MKTP.CD,1979,420645821.540488
GRL,NY.GDP.MKTP.CD,1978,355987433.41569
GRL,NY.GDP.MKTP.CD,1977,282269749.160113
GRL,NY.GDP.MKTP.CD,1976,240779417.7857
GRL,NY.GDP.MKTP.CD,1975,211190630.329609
GRL,NY.GDP.MKTP.CD,1974,169918948.629182
GRL,NY.GDP.MKTP.CD,1973,140153748.243656
GRL,NY.GDP.MKTP.CD,1972,106101297.801272
GRL,NY.GDP.MKTP.CD,1971,88466738.2497268
GRL,NY.GDP.MKTP.CD,1970,69520026.6666667
GRL,NY.GDP.MKTP.CD,1969,
GRL,NY.GDP.MKTP.CD,1968,
GRL,NY.GDP.MKTP.CD,1967,
GRL,NY.GDP.MKTP.CD,1966,
GRL,NY.GDP.MKTP.CD,1965,
GRL,NY.GDP.MKTP.CD,1964,
GRL,NY.GDP.MKTP.CD,1963,
GRL,NY.GDP.MKTP.CD,1962,
GRL,NY.GDP.MKTP.CD,1961,
GRL,NY.GDP.MKTP.CD,1960,
GRD,NY.GDP.MKTP.CD,2024,1371918518.51852
GRD,NY.GDP.MKTP.CD,2023,1336418518.51852
GRD,NY.GDP.MKTP.CD,2022,1224007407.40741
GRD,NY.GDP.MKTP.CD,2021,1122222222.22222
GRD,NY.GDP.MKTP.CD,2020,1043411111.11111
GRD,NY.GDP.MKTP.CD,2019,1213485185.18519
GRD,NY.GDP.MKTP.CD,2018,1166514814.81481
GRD,NY.GDP.MKTP.CD,2017,1125685185.18519
GRD,NY.GDP.MKTP.CD,2016,1061640740.74074
GRD,NY.GDP.MKTP.CD,2015,997007407.407407
GRD,NY.GDP.MKTP.CD,2014,911496296.296296
GRD,NY.GDP.MKTP.CD,2013,842618518.518518
GRD,NY.GDP.MKTP.CD,2012,799881481.481481
GRD,NY.GDP.MKTP.CD,2011,778655555.555555
GRD,NY.GDP.MKTP.CD,2010,771014814.814815
GRD,NY.GDP.MKTP.CD,2009,771275555.555555
GRD,NY.GDP.MKTP.CD,2008,825976037.037037
GRD,NY.GDP.MKTP.CD,2007,758683592.592593
GRD,NY.GDP.MKTP.CD,2006,698700666.666667
GRD,NY.GDP.MKTP.CD,2005,695555555.555555
GRD,NY.GDP.MKTP.CD,2004,599118592.592593
GRD,NY.GDP.MKTP.CD,2003,591018407.407407
GRD,NY.GDP.MKTP.CD,2002,540336925.925926
GRD,NY.GDP.MKTP.CD,2001,520444185.185185
GRD,NY.GDP.MKTP.CD,2000,520044370.37037
GRD,NY.GDP.MKTP.CD,1999,482009370.37037
GRD,NY.GDP.MKTP.CD,1998,445903592.592593
GRD,NY.GDP.MKTP.CD,1997,392190592.592593
GRD,NY.GDP.MKTP.CD,1996,366911444.444444
GRD,NY.GDP.MKTP.CD,1995,342172518.518519
GRD,NY.GDP.MKTP.CD,1994,325111814.814815
GRD,NY.GDP.MKTP.CD,1993,309812185.185185
GRD,NY.GDP.MKTP.CD,1992,310160444.444444
GRD,NY.GDP.MKTP.CD,1991,300757888.888889
GRD,NY.GDP.MKTP.CD,1990,278098762.962963
GRD,NY.GDP.MKTP.CD,1989,267327642.222222
GRD,NY.GDP.MKTP.CD,1988,236357523.703704
GRD,NY.GDP.MKTP.CD,1987,215009569.62963
GRD,NY.GDP.MKTP.CD,1986,187589522.592593
GRD,NY.GDP.MKTP.CD,1985,167728455.185185
GRD,NY.GDP.MKTP.CD,1984,145533310.740741
GRD,NY.GDP.MKTP.CD,1983,131803552.222222
GRD,NY.GDP.MKTP.CD,1982,125435590.0
GRD,NY.GDP.MKTP.CD,1981,115651918.888889
GRD,NY.GDP.MKTP.CD,1980,110900457.037037
GRD,NY.GDP.MKTP.CD,1979,102244362.222222
GRD,NY.GDP.MKTP.CD,1978,88322386.2962963
GRD,NY.GDP.MKTP.CD,1977,71494495.1851852
GRD,NY.GDP.MKTP.CD,1976,
GRD,NY.GDP.MKTP.CD,1975,
GRD,NY.GDP.MKTP.CD,1974,
GRD,NY.GDP.MKTP.CD,1973,
GRD,NY.GDP.MKTP.CD,1972,
GRD,NY.GDP.MKTP.CD,1971,
GRD,NY.GDP.MKTP.CD,1970,
GRD,NY.GDP.MKTP.CD,1969,
GRD,NY.GDP.MKTP.CD,1968,
GRD,NY.GDP.MKTP.CD,1967,
GRD,NY.GDP.MKTP.CD,1966,
GRD,NY.GDP.MKTP.CD,1965,
GRD,NY.GDP.MKTP.CD,1964,
GRD,NY.GDP.MKTP.CD,1963,
GRD,NY.GDP.MKTP.CD,1962,
GRD,NY.GDP.MKTP.CD,1961,
GRD,NY.GDP.MKTP.CD,1960,
GUM,NY.GDP.MKTP.CD,2024,
GUM,NY.GDP.MKTP.CD,2023,
GUM,NY.GDP.MKTP.CD,2022,6910000000.0
GUM,NY.GDP.MKTP.CD,2021,6234000000.0
GUM,NY.GDP.MKTP.CD,2020,5916000000.0
GUM,NY.GDP.MKTP.CD,2019,6355000000.0
GUM,NY.GDP.MKTP.CD,2018,6051000000.0
GUM,NY.GDP.MKTP.CD,2017,6013000000.0
GUM,NY.GDP.MKTP.CD,2016,5901000000.0
GUM,NY.GDP.MKTP.CD,2015,5799000000.0
GUM,NY.GDP.MKTP.CD,2014,5610000000.0
GUM,NY.GDP.MKTP.CD,2013,5399000000.0
GUM,NY.GDP.MKTP.CD,2012,5265000000.0
GUM,NY.GDP.MKTP.CD,2011,4984000000.0
GUM,NY.GDP.MKTP.CD,2010,4949000000.0
GUM,NY.GDP.MKTP.CD,2009,4828000000.0
GUM,NY.GDP.MKTP.CD,2008,4658000000.0
GUM,NY.GDP.MKTP.CD,2007,4397000000.0
GUM,NY.GDP.MKTP.CD,2006,4238000000.0
GUM,NY.GDP.MKTP.CD,2005,4213000000.0
GUM,NY.GDP.MKTP.CD,2004,3869000000.0
GUM,NY.GDP.MKTP.CD,2003,3569000000.0
GUM,NY.GDP.MKTP.CD,2002,3394000000.0
GUM,NY.GDP.MKTP.CD,2001,
GUM,NY.GDP.MKTP.CD,2000,
GUM,NY.GDP.MKTP.CD,1999,
GUM,NY.GDP.MKTP.CD,1998,
GUM,NY.GDP.MKTP.CD,1997,
GUM,NY.GDP.MKTP.CD,1996,
GUM,NY.GDP.MKTP.CD,1995,
GUM,NY.GDP.MKTP.CD,1994,
GUM,NY.GDP.MKTP.CD,1993,
GUM,NY.GDP.MKTP.CD,1992,
GUM,NY.GDP.MKTP.CD,1991,
GUM,NY.GDP.MKTP.CD,1990,
GUM,NY.GDP.MKTP.CD,1989,
GUM,NY.GDP.MKTP.CD,1988,
GUM,NY.GDP.MKTP.CD,1987,
GUM,NY.GDP.MKTP.CD,1986,
GUM,NY.GDP.MKTP.CD,1985,
GUM,NY.GDP.MKTP.CD,1984,
GUM,NY.GDP.MKTP.CD,1983,
GUM,NY.GDP.MKTP.CD,1982,
GUM,NY.GDP.MKTP.CD,1981,
GUM,NY.GDP.MKTP.CD,1980,
GUM,NY.GDP.MKTP.CD,1979,
GUM,NY.GDP.MKTP.CD,1978,
GUM,NY.GDP.MKTP.CD,1977,
GUM,NY.GDP.MKTP.CD,1976,
GUM,NY.GDP.MKTP.CD,1975,
GUM,NY.GDP.MKTP.CD,1974,
GUM,NY.GDP.MKTP.CD,1973,
GUM,NY.GDP.MKTP.CD,1972,
GUM,NY.GDP.MKTP.CD,1971,
GUM,NY.GDP.MKTP.CD,1970,
GUM,NY.GDP.MKTP.CD,1969,
GUM,NY.GDP.MKTP.CD,1968,
GUM,NY.GDP.MKTP.CD,1967,
GUM,NY.GDP.MKTP.CD,1966,
GUM,NY.GDP.MKTP.CD,1965,
GUM,NY.GDP.MKTP.CD,1964,
GUM,NY.GDP.MKTP.CD,1963,
GUM,NY.GDP.MKTP.CD,1962,
GUM,NY.GDP.MKTP.CD,1961,
GUM,NY.GDP.MKTP.CD,1960,
GTM,NY.GDP.MKTP.CD,2024,113199581158.203
GTM,NY.GDP.MKTP.CD,2023,104368755054.601
GTM,NY.GDP.MKTP.CD,2022,95641446500.6523
GTM,NY.GDP.MKTP.CD,2021,86455522272.7383
GTM,NY.GDP.MKTP.CD,2020,77719468248.3666
GTM,NY.GDP.MKTP.CD,2019,77172331693.4093
GTM,NY.GDP.MKTP.CD,2018,73328356007.6152
GTM,NY.GDP.MKTP.CD,2017,71653780740.4226
GTM,NY.GDP.MKTP.CD,2016,66053408205.8838
GTM,NY.GDP.MKTP.CD,2015,62186066547.6566
GTM,NY.GDP.MKTP.CD,2014,57852159007.6243
GTM,NY.GDP.MKTP.CD,2013,52996420177.4409
GTM,NY.GDP.MKTP.CD,2012,49593929487.1263
GTM,NY.GDP.MKTP.CD,2011,46876006272.2387
GTM,NY.GDP.MKTP.CD,2010,40676578423.4871
GTM,NY.GDP.MKTP.CD,2009,37126148264.6383
GTM,NY.GDP.MKTP.CD,2008,38503720224.3166
GTM,NY.GDP.MKTP.CD,2007,33567850824.1039
GTM,NY.GDP.MKTP.CD,2006,29744246827.1839
GTM,NY.GDP.MKTP.CD,2005,26783389293.922
GTM,NY.GDP.MKTP.CD,2004,23577298094.6571
GTM,NY.GDP.MKTP.CD,2003,21576351798.9145
GTM,NY.GDP.MKTP.CD,2002,20444205991.025
GTM,NY.GDP.MKTP.CD,2001,18405220247.4412
GTM,NY.GDP.MKTP.CD,2000,19288929030.0508
GTM,NY.GDP.MKTP.CD,1999,18318412251.3642
GTM,NY.GDP.MKTP.CD,1998,19395491992.9939
GTM,NY.GDP.MKTP.CD,1997,17790026221.6139
GTM,NY.GDP.MKTP.CD,1996,15674835615.3139
GTM,NY.GDP.MKTP.CD,1995,14655404433.2771
GTM,NY.GDP.MKTP.CD,1994,12983233310.7467
GTM,NY.GDP.MKTP.CD,1993,11400017301.4587
GTM,NY.GDP.MKTP.CD,1992,10440781587.5435
GTM,NY.GDP.MKTP.CD,1991,9406135143.41165
GTM,NY.GDP.MKTP.CD,1990,7650196845.21546
GTM,NY.GDP.MKTP.CD,1989,8410724360.79545
GTM,NY.GDP.MKTP.CD,1988,7841602824.42748
GTM,NY.GDP.MKTP.CD,1987,7084399840.0
GTM,NY.GDP.MKTP.CD,1986,7231963515.98174
GTM,NY.GDP.MKTP.CD,1985,9721652086.95652
GTM,NY.GDP.MKTP.CD,1984,9470000100.0
GTM,NY.GDP.MKTP.CD,1983,9050000400.0
GTM,NY.GDP.MKTP.CD,1982,8716999700.0
GTM,NY.GDP.MKTP.CD,1981,8607500300.0
GTM,NY.GDP.MKTP.CD,1980,7878700000.0
GTM,NY.GDP.MKTP.CD,1979,6902600200.0
GTM,NY.GDP.MKTP.CD,1978,6070600200.0
GTM,NY.GDP.MKTP.CD,1977,5480500200.0
GTM,NY.GDP.MKTP.CD,1976,4365300200.0
GTM,NY.GDP.MKTP.CD,1975,3645900000.0
GTM,NY.GDP.MKTP.CD,1974,3161499900.0
GTM,NY.GDP.MKTP.CD,1973,2569200100.0
GTM,NY.GDP.MKTP.CD,1972,2101300000.0
GTM,NY.GDP.MKTP.CD,1971,1984800000.0
GTM,NY.GDP.MKTP.CD,1970,1904000000.0
GTM,NY.GDP.MKTP.CD,1969,1715399900.0
GTM,NY.GDP.MKTP.CD,1968,1610500000.0
GTM,NY.GDP.MKTP.CD,1967,1453500000.0
GTM,NY.GDP.MKTP.CD,1966,1390700000.0
GTM,NY.GDP.MKTP.CD,1965,1331399900.0
GTM,NY.GDP.MKTP.CD,1964,1299099900.0
GTM,NY.GDP.MKTP.CD,1963,1262800000.0
GTM,NY.GDP.MKTP.CD,1962,1143600000.0
GTM,NY.GDP.MKTP.CD,1961,1076699900.0
GTM,NY.GDP.MKTP.CD,1960,1043599900.0
GIN,NY.GDP.MKTP.CD,2024,25008678293.4084
GIN,NY.GDP.MKTP.CD,2023,22407615556.0571
GIN,NY.GDP.MKTP.CD,2022,19910452541.9219
GIN,NY.GDP.MKTP.CD,2021,17069115737.8259
GIN,NY.GDP.MKTP.CD,2020,14088693742.9464
GIN,NY.GDP.MKTP.CD,2019,13442861496.4454
GIN,NY.GDP.MKTP.CD,2018,11857030366.7891
GIN,NY.GDP.MKTP.CD,2017,10324668271.1362
GIN,NY.GDP.MKTP.CD,2016,8595955222.49719
GIN,NY.GDP.MKTP.CD,2015,8794201742.84609
GIN,NY.GDP.MKTP.CD,2014,8778473372.82124
GIN,NY.GDP.MKTP.CD,2013,8376613539.28278
GIN,NY.GDP.MKTP.CD,2012,7638044556.84656
GIN,NY.GDP.MKTP.CD,2011,6785137203.33153
GIN,NY.GDP.MKTP.CD,2010,6853467145.53089
GIN,NY.GDP.MKTP.CD,2009,6716905339.73136
GIN,NY.GDP.MKTP.CD,2008,6964179983.17212
GIN,NY.GDP.MKTP.CD,2007,6281918226.34408
GIN,NY.GDP.MKTP.CD,2006,4220019845.26341
GIN,NY.GDP.MKTP.CD,2005,4282468636.90501
GIN,NY.GDP.MKTP.CD,2004,5300767960.51572
GIN,NY.GDP.MKTP.CD,2003,5025167975.26363
GIN,NY.GDP.MKTP.CD,2002,4301608752.51396
GIN,NY.GDP.MKTP.CD,2001,4125527603.22908
GIN,NY.GDP.MKTP.CD,2000,4367458866.71537
GIN,NY.GDP.MKTP.CD,1999,5046806782.54761
GIN,NY.GDP.MKTP.CD,1998,5232118046.3713
GIN,NY.GDP.MKTP.CD,1997,5516916163.0949
GIN,NY.GDP.MKTP.CD,1996,5641243099.76661
GIN,NY.GDP.MKTP.CD,1995,5385704166.43341
GIN,NY.GDP.MKTP.CD,1994,4932800406.92974
GIN,NY.GDP.MKTP.CD,1993,4781166116.51789
GIN,NY.GDP.MKTP.CD,1992,4789220416.70641
GIN,NY.GDP.MKTP.CD,1991,4396178694.1535
GIN,NY.GDP.MKTP.CD,1990,3888320665.52218
GIN,NY.GDP.MKTP.CD,1989,3546079262.94987
GIN,NY.GDP.MKTP.CD,1988,3476480303.12273
GIN,NY.GDP.MKTP.CD,1987,2976714019.06852
GIN,NY.GDP.MKTP.CD,1986,2909130355.238
GIN,NY.GDP.MKTP.CD,1985,22787644565.9059
GIN,NY.GDP.MKTP.CD,1984,18421497251.1767
GIN,NY.GDP.MKTP.CD,1983,15129893722.3449
GIN,NY.GDP.MKTP.CD,1982,11926032493.4301
GIN,NY.GDP.MKTP.CD,1981,9646440666.52864
GIN,NY.GDP.MKTP.CD,1980,9746524915.08071
GIN,NY.GDP.MKTP.CD,1979,8877094497.44971
GIN,NY.GDP.MKTP.CD,1978,8087305999.0597
GIN,NY.GDP.MKTP.CD,1977,6914381290.57116
GIN,NY.GDP.MKTP.CD,1976,6762781870.6211
GIN,NY.GDP.MKTP.CD,1975,6102769605.43001
GIN,NY.GDP.MKTP.CD,1974,5691417541.33871
GIN,NY.GDP.MKTP.CD,1973,5152080387.55572
GIN,NY.GDP.MKTP.CD,1972,4203069035.01427
GIN,NY.GDP.MKTP.CD,1971,3594302908.06164
GIN,NY.GDP.MKTP.CD,1970,3220224607.81851
GIN,NY.GDP.MKTP.CD,1969,
GIN,NY.GDP.MKTP.CD,1968,
GIN,NY.GDP.MKTP.CD,1967,
GIN,NY.GDP.MKTP.CD,1966,
GIN,NY.GDP.MKTP.CD,1965,
GIN,NY.GDP.MKTP.CD,1964,
GIN,NY.GDP.MKTP.CD,1963,
GIN,NY.GDP.MKTP.CD,1962,
GIN,NY.GDP.MKTP.CD,1961,
GIN,NY.GDP.MKTP.CD,1960,
GNB,NY.GDP.MKTP.CD,2024,2218393804.54798
GNB,NY.GDP.MKTP.CD,2023,2127688181.12014
GNB,NY.GDP.MKTP.CD,2022,1859601384.05928
GNB,NY.GDP.MKTP.CD,2021,1908094558.33981
GNB,NY.GDP.MKTP.CD,2020,1705057581.09946
GNB,NY.GDP.MKTP.CD,2019,1596227316.34846
GNB,NY.GDP.MKTP.CD,2018,1554133593.91699
GNB,NY.GDP.MKTP.CD,2017,1469978606.12143
GNB,NY.GDP.MKTP.CD,2016,1245074264.10396
GNB,NY.GDP.MKTP.CD,2015,1152384166.79638
GNB,NY.GDP.MKTP.CD,2014,1135250721.0374
GNB,NY.GDP.MKTP.CD,2013,1109682824.13594
GNB,NY.GDP.MKTP.CD,2012,1049412177.11413
GNB,NY.GDP.MKTP.CD,2011,1157074319.19388
GNB,NY.GDP.MKTP.CD,2010,940112538.936436
GNB,NY.GDP.MKTP.CD,2009,890167833.369849
GNB,NY.GDP.MKTP.CD,2008,952667544.037289
GNB,NY.GDP.MKTP.CD,2007,753162998.015113
GNB,NY.GDP.MKTP.CD,2006,634781901.251494
GNB,NY.GDP.MKTP.CD,2005,639776040.688424
GNB,NY.GDP.MKTP.CD,2004,582169841.298304
GNB,NY.GDP.MKTP.CD,2003,553614800.145707
GNB,NY.GDP.MKTP.CD,2002,466773711.235579
GNB,NY.GDP.MKTP.CD,2001,412610871.509121
GNB,NY.GDP.MKTP.CD,2000,391345597.488269
GNB,NY.GDP.MKTP.CD,1999,579365780.135134
GNB,NY.GDP.MKTP.CD,1998,591034143.426384
GNB,NY.GDP.MKTP.CD,1997,698107222.422492
GNB,NY.GDP.MKTP.CD,1996,702965147.568054
GNB,NY.GDP.MKTP.CD,1995,660195402.013602
GNB,NY.GDP.MKTP.CD,1994,612502084.797565
GNB,NY.GDP.MKTP.CD,1993,615779518.807114
GNB,NY.GDP.MKTP.CD,1992,588309271.28603
GNB,NY.GDP.MKTP.CD,1991,668470890.785147
GNB,NY.GDP.MKTP.CD,1990,634187269.235013
GNB,NY.GDP.MKTP.CD,1989,554072302.828333
GNB,NY.GDP.MKTP.CD,1988,427514321.528126
GNB,NY.GDP.MKTP.CD,1987,451893374.95907
GNB,NY.GDP.MKTP.CD,1986,338524232.567315
GNB,NY.GDP.MKTP.CD,1985,373959151.148591
GNB,NY.GDP.MKTP.CD,1984,359980490.728569
GNB,NY.GDP.MKTP.CD,1983,425225176.812165
GNB,NY.GDP.MKTP.CD,1982,430284021.883771
GNB,NY.GDP.MKTP.CD,1981,402230865.151515
GNB,NY.GDP.MKTP.CD,1980,287648258.258297
GNB,NY.GDP.MKTP.CD,1979,308143183.311819
GNB,NY.GDP.MKTP.CD,1978,318876550.432277
GNB,NY.GDP.MKTP.CD,1977,298871674.860041
GNB,NY.GDP.MKTP.CD,1976,292152321.493146
GNB,NY.GDP.MKTP.CD,1975,283311996.82299
GNB,NY.GDP.MKTP.CD,1974,256769730.263158
GNB,NY.GDP.MKTP.CD,1973,232331281.355932
GNB,NY.GDP.MKTP.CD,1972,227986203.29754
GNB,NY.GDP.MKTP.CD,1971,204167296.856603
GNB,NY.GDP.MKTP.CD,1970,204670550.76064
GNB,NY.GDP.MKTP.CD,1969,
GNB,NY.GDP.MKTP.CD,1968,
GNB,NY.GDP.MKTP.CD,1967,
GNB,NY.GDP.MKTP.CD,1966,
GNB,NY.GDP.MKTP.CD,1965,
GNB,NY.GDP.MKTP.CD,1964,
GNB,NY.GDP.MKTP.CD,1963,
GNB,NY.GDP.MKTP.CD,1962,
GNB,NY.GDP.MKTP.CD,1961,
GNB,NY.GDP.MKTP.CD,1960,
GUY,NY.GDP.MKTP.CD,2024,24662709832.1343
GUY,NY.GDP.MKTP.CD,2023,16918503597.1223
GUY,NY.GDP.MKTP.CD,2022,14718388489.2086
GUY,NY.GDP.MKTP.CD,2021,8041362110.31175
GUY,NY.GDP.MKTP.CD,2020,5471256594.72422
GUY,NY.GDP.MKTP.CD,2019,5173760191.84652
GUY,NY.GDP.MKTP.CD,2018,4787636997.85343
GUY,NY.GDP.MKTP.CD,2017,4748174334.14044
GUY,NY.GDP.MKTP.CD,2016,4482697336.56174
GUY,NY.GDP.MKTP.CD,2015,4279840193.7046
GUY,NY.GDP.MKTP.CD,2014,4127660151.8087
GUY,NY.GDP.MKTP.CD,2013,4167800928.83553
GUY,NY.GDP.MKTP.CD,2012,4063088535.76331
GUY,NY.GDP.MKTP.CD,2011,3691384317.52178
GUY,NY.GDP.MKTP.CD,2010,3432912516.92427
GUY,NY.GDP.MKTP.CD,2009,3165663152.73351
GUY,NY.GDP.MKTP.CD,2008,3025187433.33637
GUY,NY.GDP.MKTP.CD,2007,2730971595.39574
GUY,NY.GDP.MKTP.CD,2006,2379817990.6918
GUY,NY.GDP.MKTP.CD,2005,824880550.343965
GUY,NY.GDP.MKTP.CD,2004,787814379.183843
GUY,NY.GDP.MKTP.CD,2003,743063950.317749
GUY,NY.GDP.MKTP.CD,2002,726131434.715338
GUY,NY.GDP.MKTP.CD,2001,712167450.162898
GUY,NY.GDP.MKTP.CD,2000,712667896.727512
GUY,NY.GDP.MKTP.CD,1999,694754988.258295
GUY,NY.GDP.MKTP.CD,1998,717530683.169567
GUY,NY.GDP.MKTP.CD,1997,749138009.56454
GUY,NY.GDP.MKTP.CD,1996,705406001.424501
GUY,NY.GDP.MKTP.CD,1995,621626785.915493
GUY,NY.GDP.MKTP.CD,1994,540874934.201012
GUY,NY.GDP.MKTP.CD,1993,454101382.488479
GUY,NY.GDP.MKTP.CD,1992,373573141.486811
GUY,NY.GDP.MKTP.CD,1991,348533094.812165
GUY,NY.GDP.MKTP.CD,1990,396582263.291139
GUY,NY.GDP.MKTP.CD,1989,379779389.705882
GUY,NY.GDP.MKTP.CD,1988,413799990.0
GUY,NY.GDP.MKTP.CD,1987,354591846.938775
GUY,NY.GDP.MKTP.CD,1986,504651139.534884
GUY,NY.GDP.MKTP.CD,1985,453488372.093023
GUY,NY.GDP.MKTP.CD,1984,437631605.263158
GUY,NY.GDP.MKTP.CD,1983,489333333.333333
GUY,NY.GDP.MKTP.CD,1982,482000000.0
GUY,NY.GDP.MKTP.CD,1981,570357107.142857
GUY,NY.GDP.MKTP.CD,1980,603200000.0
GUY,NY.GDP.MKTP.CD,1979,530440000.0
GUY,NY.GDP.MKTP.CD,1978,507080000.0
GUY,NY.GDP.MKTP.CD,1977,449880000.0
GUY,NY.GDP.MKTP.CD,1976,454440000.0
GUY,NY.GDP.MKTP.CD,1975,494791666.666667
GUY,NY.GDP.MKTP.CD,1974,433954545.454545
GUY,NY.GDP.MKTP.CD,1973,307047619.047619
GUY,NY.GDP.MKTP.CD,1972,285380952.380952
GUY,NY.GDP.MKTP.CD,1971,282050000.0
GUY,NY.GDP.MKTP.CD,1970,267800000.0
GUY,NY.GDP.MKTP.CD,1969,249300000.0
GUY,NY.GDP.MKTP.CD,1968,229750000.0
GUY,NY.GDP.MKTP.CD,1967,250176470.588235
GUY,NY.GDP.MKTP.CD,1966,228705882.352941
GUY,NY.GDP.MKTP.CD,1965,213235294.117647
GUY,NY.GDP.MKTP.CD,1964,194774513.063717
GUY,NY.GDP.MKTP.CD,1963,175757893.938598
GUY,NY.GDP.MKTP.CD,1962,194949512.626218
GUY,NY.GDP.MKTP.CD,1961,185849535.376162
GUY,NY.GDP.MKTP.CD,1960,170216241.126064
HTI,NY.GDP.MKTP.CD,2024,25224154990.7946
HTI,NY.GDP.MKTP.CD,2023,19850585722.3241
HTI,NY.GDP.MKTP.CD,2022,20253551920.5516
HTI,NY.GDP.MKTP.CD,2021,20944387975.7051
HTI,NY.GDP.MKTP.CD,2020,14508222518.3018
HTI,NY.GDP.MKTP.CD,2019,15016090929.5125
HTI,NY.GDP.MKTP.CD,2018,16403864617.8458
HTI,NY.GDP.MKTP.CD,2017,15093357161.1498
HTI,NY.GDP.MKTP.CD,2016,14069277526.2278
HTI,NY.GDP.MKTP.CD,2015,14849629308.6025
HTI,NY.GDP.MKTP.CD,2014,15146883497.6331
HTI,NY.GDP.MKTP.CD,2013,14902488604.2421
HTI,NY.GDP.MKTP.CD,2012,13708925477.1304
HTI,NY.GDP.MKTP.CD,2011,13008746038.8867
HTI,NY.GDP.MKTP.CD,2010,11859312725.1448
HTI,NY.GDP.MKTP.CD,2009,11597002834.7786
HTI,NY.GDP.MKTP.CD,2008,10432962634.8748
HTI,NY.GDP.MKTP.CD,2007,9228637767.69009
HTI,NY.GDP.MKTP.CD,2006,7638739122.67242
HTI,NY.GDP.MKTP.CD,2005,7030149730.33692
HTI,NY.GDP.MKTP.CD,2004,6087360684.2969
HTI,NY.GDP.MKTP.CD,2003,5071947798.27263
HTI,NY.GDP.MKTP.CD,2002,6205847213.6351
HTI,NY.GDP.MKTP.CD,2001,6331970324.31022
HTI,NY.GDP.MKTP.CD,2000,6813566098.8675
HTI,NY.GDP.MKTP.CD,1999,4153725883.84082
HTI,NY.GDP.MKTP.CD,1998,3723903723.63772
HTI,NY.GDP.MKTP.CD,1997,3338949151.59927
HTI,NY.GDP.MKTP.CD,1996,2907517603.76719
HTI,NY.GDP.MKTP.CD,1995,2813313278.81082
HTI,NY.GDP.MKTP.CD,1994,2167569046.11837
HTI,NY.GDP.MKTP.CD,1993,1878253767.31305
HTI,NY.GDP.MKTP.CD,1992,2257129791.61575
HTI,NY.GDP.MKTP.CD,1991,3473562627.79423
HTI,NY.GDP.MKTP.CD,1990,3096289800.0
HTI,NY.GDP.MKTP.CD,1989,2736243800.0
HTI,NY.GDP.MKTP.CD,1988,2613926800.0
HTI,NY.GDP.MKTP.CD,1987,2047200000.0
HTI,NY.GDP.MKTP.CD,1986,2318000000.0
HTI,NY.GDP.MKTP.CD,1985,2009400000.0
HTI,NY.GDP.MKTP.CD,1984,1816200000.0
HTI,NY.GDP.MKTP.CD,1983,1623600000.0
HTI,NY.GDP.MKTP.CD,1982,1474200000.0
HTI,NY.GDP.MKTP.CD,1981,1479400000.0
HTI,NY.GDP.MKTP.CD,1980,1383800000.0
HTI,NY.GDP.MKTP.CD,1979,1080600000.0
HTI,NY.GDP.MKTP.CD,1978,974200000.0
HTI,NY.GDP.MKTP.CD,1977,947000000.0
HTI,NY.GDP.MKTP.CD,1976,879000000.0
HTI,NY.GDP.MKTP.CD,1975,681400000.0
HTI,NY.GDP.MKTP.CD,1974,565399321.520814
HTI,NY.GDP.MKTP.CD,1973,466798973.042259
HTI,NY.GDP.MKTP.CD,1972,371998958.402916
HTI,NY.GDP.MKTP.CD,1971,362800000.0
HTI,NY.GDP.MKTP.CD,1970,331200000.0
HTI,NY.GDP.MKTP.CD,1969,391820400.0
HTI,NY.GDP.MKTP.CD,1968,367968800.0
HTI,NY.GDP.MKTP.CD,1967,369124200.0
HTI,NY.GDP.MKTP.CD,1966,368948600.0
HTI,NY.GDP.MKTP.CD,1965,353251800.0
HTI,NY.GDP.MKTP.CD,1964,325281200.0
HTI,NY.GDP.MKTP.CD,1963,294883400.0
HTI,NY.GDP.MKTP.CD,1962,281896800.0
HTI,NY.GDP.MKTP.CD,1961,271066000.0
HTI,NY.GDP.MKTP.CD,1960,273187200.0
HND,NY.GDP.MKTP.CD,2024,37093565854.0437
HND,NY.GDP.MKTP.CD,2023,34355805527.9795
HND,NY.GDP.MKTP.CD,2022,31426041806.7985
HND,NY.GDP.MKTP.CD,2021,28144331506.6149
HND,NY.GDP.MKTP.CD,2020,23352232483.755
HND,NY.GDP.MKTP.CD,2019,24882225741.8119
HND,NY.GDP.MKTP.CD,2018,24067750760.499
HND,NY.GDP.MKTP.CD,2017,23136247990.5977
HND,NY.GDP.MKTP.CD,2016,21717604952.1835
HND,NY.GDP.MKTP.CD,2015,20979791685.416
HND,NY.GDP.MKTP.CD,2014,19756533971.8698
HND,NY.GDP.MKTP.CD,2013,18499729214.904
HND,NY.GDP.MKTP.CD,2012,18528554397.5695
HND,NY.GDP.MKTP.CD,2011,17710275685.4074
HND,NY.GDP.MKTP.CD,2010,15839344591.9842
HND,NY.GDP.MKTP.CD,2009,14587496229.1811
HND,NY.GDP.MKTP.CD,2008,13881731875.7466
HND,NY.GDP.MKTP.CD,2007,12361257680.5627
HND,NY.GDP.MKTP.CD,2006,10917477066.1429
HND,NY.GDP.MKTP.CD,2005,9757012696.56212
HND,NY.GDP.MKTP.CD,2004,8869299234.3377
HND,NY.GDP.MKTP.CD,2003,8230391346.67228
HND,NY.GDP.MKTP.CD,2002,7858255412.86038
HND,NY.GDP.MKTP.CD,2001,7651162302.3456
HND,NY.GDP.MKTP.CD,2000,7186638029.05875
HND,NY.GDP.MKTP.CD,1999,6394090592.33449
HND,NY.GDP.MKTP.CD,1998,6163707533.23486
HND,NY.GDP.MKTP.CD,1997,5569178707.22433
HND,NY.GDP.MKTP.CD,1996,4798834459.45946
HND,NY.GDP.MKTP.CD,1995,4672346193.95203
HND,NY.GDP.MKTP.CD,1994,4105686899.43868
HND,NY.GDP.MKTP.CD,1993,4190773622.25871
HND,NY.GDP.MKTP.CD,1992,4122846905.18198
HND,NY.GDP.MKTP.CD,1991,3699381195.10223
HND,NY.GDP.MKTP.CD,1990,3734460116.73152
HND,NY.GDP.MKTP.CD,1989,4375896551.72414
HND,NY.GDP.MKTP.CD,1988,4892660944.20601
HND,NY.GDP.MKTP.CD,1987,5024800000.0
HND,NY.GDP.MKTP.CD,1986,4706100000.0
HND,NY.GDP.MKTP.CD,1985,4328300000.0
HND,NY.GDP.MKTP.CD,1984,4029900000.0
HND,NY.GDP.MKTP.CD,1983,3840550000.0
HND,NY.GDP.MKTP.CD,1982,3619500000.0
HND,NY.GDP.MKTP.CD,1981,3501800000.0
HND,NY.GDP.MKTP.CD,1980,3184400000.0
HND,NY.GDP.MKTP.CD,1979,2778900000.0
HND,NY.GDP.MKTP.CD,1978,2393650000.0
HND,NY.GDP.MKTP.CD,1977,1900700000.0
HND,NY.GDP.MKTP.CD,1976,1589300000.0
HND,NY.GDP.MKTP.CD,1975,1330050000.0
HND,NY.GDP.MKTP.CD,1974,1243000000.0
HND,NY.GDP.MKTP.CD,1973,1128299435.85028
HND,NY.GDP.MKTP.CD,1972,1030645362.09587
HND,NY.GDP.MKTP.CD,1971,958450000.0
HND,NY.GDP.MKTP.CD,1970,904400000.0
HND,NY.GDP.MKTP.CD,1969,844400000.0
HND,NY.GDP.MKTP.CD,1968,815450000.0
HND,NY.GDP.MKTP.CD,1967,750950000.0
HND,NY.GDP.MKTP.CD,1966,692150000.0
HND,NY.GDP.MKTP.CD,1965,651050000.0
HND,NY.GDP.MKTP.CD,1964,591100000.0
HND,NY.GDP.MKTP.CD,1963,553500000.0
HND,NY.GDP.MKTP.CD,1962,532450000.0
HND,NY.GDP.MKTP.CD,1961,503300000.0
HND,NY.GDP.MKTP.CD,1960,475650000.0
HKG,NY.GDP.MKTP.CD,2024,406863396487.342
HKG,NY.GDP.MKTP.CD,2023,381043026173.935
HKG,NY.GDP.MKTP.CD,2022,358679533984.718
HKG,NY.GDP.MKTP.CD,2021,368954169748.818
HKG,NY.GDP.MKTP.CD,2020,344943149590.058
HKG,NY.GDP.MKTP.CD,2019,363074545072.389
HKG,NY.GDP.MKTP.CD,2018,361731070995.726
HKG,NY.GDP.MKTP.CD,2017,341273289534.466
HKG,NY.GDP.MKTP.CD,2016,320860317562.562
HKG,NY.GDP.MKTP.CD,2015,309385622601.348
HKG,NY.GDP.MKTP.CD,2014,291459995978.893
HKG,NY.GDP.MKTP.CD,2013,275696879834.966
HKG,NY.GDP.MKTP.CD,2012,262628865879.697
HKG,NY.GDP.MKTP.CD,2011,248513617677.287
HKG,NY.GDP.MKTP.CD,2010,228638668727.291
HKG,NY.GDP.MKTP.CD,2009,214047795659.045
HKG,NY.GDP.MKTP.CD,2008,219278749139.734
HKG,NY.GDP.MKTP.CD,2007,211596944503.8
HKG,NY.GDP.MKTP.CD,2006,193535442896.365
HKG,NY.GDP.MKTP.CD,2005,181569311742.213
HKG,NY.GDP.MKTP.CD,2004,169099768875.193
HKG,NY.GDP.MKTP.CD,2003,161385558801.811
HKG,NY.GDP.MKTP.CD,2002,166348866131.028
HKG,NY.GDP.MKTP.CD,2001,169404327616.605
HKG,NY.GDP.MKTP.CD,2000,171668891194.349
HKG,NY.GDP.MKTP.CD,1999,165768095391.557
HKG,NY.GDP.MKTP.CD,1998,168885443660.072
HKG,NY.GDP.MKTP.CD,1997,177353174849.714
HKG,NY.GDP.MKTP.CD,1996,159718183550.734
HKG,NY.GDP.MKTP.CD,1995,144652295363.667
HKG,NY.GDP.MKTP.CD,1994,135811771026.33
HKG,NY.GDP.MKTP.CD,1993,120354212475.0
HKG,NY.GDP.MKTP.CD,1992,104272507639.282
HKG,NY.GDP.MKTP.CD,1991,88959997899.9293
HKG,NY.GDP.MKTP.CD,1990,76928784620.8158
HKG,NY.GDP.MKTP.CD,1989,68790219177.9733
HKG,NY.GDP.MKTP.CD,1988,59707404560.5944
HKG,NY.GDP.MKTP.CD,1987,50622896162.6006
HKG,NY.GDP.MKTP.CD,1986,41075396884.8952
HKG,NY.GDP.MKTP.CD,1985,35699772165.7093
HKG,NY.GDP.MKTP.CD,1984,33511383985.6741
HKG,NY.GDP.MKTP.CD,1983,29907227184.179
HKG,NY.GDP.MKTP.CD,1982,32291215843.6433
HKG,NY.GDP.MKTP.CD,1981,31055226088.6943
HKG,NY.GDP.MKTP.CD,1980,28861857810.6515
HKG,NY.GDP.MKTP.CD,1979,22526184533.17
HKG,NY.GDP.MKTP.CD,1978,18315136409.1427
HKG,NY.GDP.MKTP.CD,1977,15719433719.4337
HKG,NY.GDP.MKTP.CD,1976,12876366008.8077
HKG,NY.GDP.MKTP.CD,1975,10048089558.0636
HKG,NY.GDP.MKTP.CD,1974,9388695366.84578
HKG,NY.GDP.MKTP.CD,1973,8030117555.62033
HKG,NY.GDP.MKTP.CD,1972,5710090213.15035
HKG,NY.GDP.MKTP.CD,1971,4476001946.01486
HKG,NY.GDP.MKTP.CD,1970,3800766535.62088
HKG,NY.GDP.MKTP.CD,1969,3189740055.13982
HKG,NY.GDP.MKTP.CD,1968,2716964388.42418
HKG,NY.GDP.MKTP.CD,1967,2692474989.12571
HKG,NY.GDP.MKTP.CD,1966,2489845016.64894
HKG,NY.GDP.MKTP.CD,1965,2435078534.03141
HKG,NY.GDP.MKTP.CD,1964,2206466461.26434
HKG,NY.GDP.MKTP.CD,1963,1935298266.45384
HKG,NY.GDP.MKTP.CD,1962,1612346412.26475
HKG,NY.GDP.MKTP.CD,1961,1383681651.13776
HKG,NY.GDP.MKTP.CD,1960,1320796651.69457
HUN,NY.GDP.MKTP.CD,2024,222722738925.641
HUN,NY.GDP.MKTP.CD,2023,213240316634.648
HUN,NY.GDP.MKTP.CD,2022,177002580544.155
HUN,NY.GDP.MKTP.CD,2021,183282685440.486
HUN,NY.GDP.MKTP.CD,2020,158468487754.196
HUN,NY.GDP.MKTP.CD,2019,164936682033.992
HUN,NY.GDP.MKTP.CD,2018,161184691013.835
HUN,NY.GDP.MKTP.CD,2017,143335098991.862
HUN,NY.GDP.MKTP.CD,2016,128983560865.293
HUN,NY.GDP.MKTP.CD,2015,125244126623.289
HUN,NY.GDP.MKTP.CD,2014,141128696412.321
HUN,NY.GDP.MKTP.CD,2013,135646053778.582
HUN,NY.GDP.MKTP.CD,2012,128470269689.958
HUN,NY.GDP.MKTP.CD,2011,141712804953.868
HUN,NY.GDP.MKTP.CD,2010,131898737241.166
HUN,NY.GDP.MKTP.CD,2009,130807441076.16
HUN,NY.GDP.MKTP.CD,2008,158228265915.534
HUN,NY.GDP.MKTP.CD,2007,140123326896.329
HUN,NY.GDP.MKTP.CD,2006,115604111412.139
HUN,NY.GDP.MKTP.CD,2005,113098237570.929
HUN,NY.GDP.MKTP.CD,2004,104015363080.271
HUN,NY.GDP.MKTP.CD,2003,85190469121.074
HUN,NY.GDP.MKTP.CD,2002,67636468625.0428
HUN,NY.GDP.MKTP.CD,2001,53800068065.7969
HUN,NY.GDP.MKTP.CD,2000,47275954428.9586
HUN,NY.GDP.MKTP.CD,1999,49160204397.4635
HUN,NY.GDP.MKTP.CD,1998,48784412623.5939
HUN,NY.GDP.MKTP.CD,1997,47398564799.2496
HUN,NY.GDP.MKTP.CD,1996,46833767123.6915
HUN,NY.GDP.MKTP.CD,1995,46577614588.9926
HUN,NY.GDP.MKTP.CD,1994,43307949890.4603
HUN,NY.GDP.MKTP.CD,1993,40256233360.3817
HUN,NY.GDP.MKTP.CD,1992,38857339124.9084
HUN,NY.GDP.MKTP.CD,1991,34867307352.646
HUN,NY.GDP.MKTP.CD,1990,34478360678.756
HUN,NY.GDP.MKTP.CD,1989,30422508937.567
HUN,NY.GDP.MKTP.CD,1988,29799838597.4079
HUN,NY.GDP.MKTP.CD,1987,27232016527.4237
HUN,NY.GDP.MKTP.CD,1986,24778163812.0131
HUN,NY.GDP.MKTP.CD,1985,21510643750.177
HUN,NY.GDP.MKTP.CD,1984,21242726264.4854
HUN,NY.GDP.MKTP.CD,1983,21910365258.2514
HUN,NY.GDP.MKTP.CD,1982,24141667188.0517
HUN,NY.GDP.MKTP.CD,1981,23705883891.9445
HUN,NY.GDP.MKTP.CD,1980,23116977148.0216
HUN,NY.GDP.MKTP.CD,1979,19959731324.801
HUN,NY.GDP.MKTP.CD,1978,17286744153.707
HUN,NY.GDP.MKTP.CD,1977,14783674054.829
HUN,NY.GDP.MKTP.CD,1976,13235612078.8396
HUN,NY.GDP.MKTP.CD,1975,11420392514.6172
HUN,NY.GDP.MKTP.CD,1974,10016338178.9993
HUN,NY.GDP.MKTP.CD,1973,9138292402.1882
HUN,NY.GDP.MKTP.CD,1972,7379313742.13684
HUN,NY.GDP.MKTP.CD,1971,6291568220.79393
HUN,NY.GDP.MKTP.CD,1970,5780929202.60333
HUN,NY.GDP.MKTP.CD,1969,5429812386.53195
HUN,NY.GDP.MKTP.CD,1968,4886222554.66355
HUN,NY.GDP.MKTP.CD,1967,
HUN,NY.GDP.MKTP.CD,1966,
HUN,NY.GDP.MKTP.CD,1965,
HUN,NY.GDP.MKTP.CD,1964,
HUN,NY.GDP.MKTP.CD,1963,
HUN,NY.GDP.MKTP.CD,1962,
HUN,NY.GDP.MKTP.CD,1961,
HUN,NY.GDP.MKTP.CD,1960,
ISL,NY.GDP.MKTP.CD,2024,33255181468.9382
ISL,NY.GDP.MKTP.CD,2023,31677891896.7861
ISL,NY.GDP.MKTP.CD,2022,29166102877.2755
ISL,NY.GDP.MKTP.CD,2021,26234872402.457
ISL,NY.GDP.MKTP.CD,2020,22034665040.7901
ISL,NY.GDP.MKTP.CD,2019,24985687022.0452
ISL,NY.GDP.MKTP.CD,2018,26677652544.3499
ISL,NY.GDP.MKTP.CD,2017,25060086487.8901
ISL,NY.GDP.MKTP.CD,2016,21083713310.457
ISL,NY.GDP.MKTP.CD,2015,17700486957.1907
ISL,NY.GDP.MKTP.CD,2014,18052183514.8695
ISL,NY.GDP.MKTP.CD,2013,16244319958.6808
ISL,NY.GDP.MKTP.CD,2012,14943757823.3226
ISL,NY.GDP.MKTP.CD,2011,15394005872.149
ISL,NY.GDP.MKTP.CD,2010,13922711576.5124
ISL,NY.GDP.MKTP.CD,2009,13212543837.5133
ISL,NY.GDP.MKTP.CD,2008,18247921360.2599
ISL,NY.GDP.MKTP.CD,2007,21960110030.4426
ISL,NY.GDP.MKTP.CD,2006,17671649843.2602
ISL,NY.GDP.MKTP.CD,2005,17146410560.5279
ISL,NY.GDP.MKTP.CD,2004,13963943244.0018
ISL,NY.GDP.MKTP.CD,2003,11564687741.9859
ISL,NY.GDP.MKTP.CD,2002,9416199699.54736
ISL,NY.GDP.MKTP.CD,2001,8323401820.48477
ISL,NY.GDP.MKTP.CD,2000,9140168922.35677
ISL,NY.GDP.MKTP.CD,1999,9107644690.76647
ISL,NY.GDP.MKTP.CD,1998,8637732541.50677
ISL,NY.GDP.MKTP.CD,1997,7716781803.07823
ISL,NY.GDP.MKTP.CD,1996,7686566105.26316
ISL,NY.GDP.MKTP.CD,1995,7372640168.67697
ISL,NY.GDP.MKTP.CD,1994,6612804055.79289
ISL,NY.GDP.MKTP.CD,1993,6435952173.86159
ISL,NY.GDP.MKTP.CD,1992,7328497599.30768
ISL,NY.GDP.MKTP.CD,1991,7151260062.07169
ISL,NY.GDP.MKTP.CD,1990,6694851159.32729
ISL,NY.GDP.MKTP.CD,1989,5870854233.21143
ISL,NY.GDP.MKTP.CD,1988,6320093411.44744
ISL,NY.GDP.MKTP.CD,1987,5713281235.45655
ISL,NY.GDP.MKTP.CD,1986,4129080094.00499
ISL,NY.GDP.MKTP.CD,1985,3088359966.94589
ISL,NY.GDP.MKTP.CD,1984,2964568005.62888
ISL,NY.GDP.MKTP.CD,1983,2862634163.62085
ISL,NY.GDP.MKTP.CD,1982,3318714326.1952
ISL,NY.GDP.MKTP.CD,1981,3615094820.1877
ISL,NY.GDP.MKTP.CD,1980,3499616683.34167
ISL,NY.GDP.MKTP.CD,1979,2953176971.07204
ISL,NY.GDP.MKTP.CD,1978,2599627088.63561
ISL,NY.GDP.MKTP.CD,1977,2285707748.78061
ISL,NY.GDP.MKTP.CD,1976,1727845419.11401
ISL,NY.GDP.MKTP.CD,1975,1456052700.06506
ISL,NY.GDP.MKTP.CD,1974,1568154077.03852
ISL,NY.GDP.MKTP.CD,1973,1194794186.17552
ISL,NY.GDP.MKTP.CD,1972,869002945.841831
ISL,NY.GDP.MKTP.CD,1971,693679545.454545
ISL,NY.GDP.MKTP.CD,1970,545115909.090909
ISL,NY.GDP.MKTP.CD,1969,435659609.943615
ISL,NY.GDP.MKTP.CD,1968,498365199.686946
ISL,NY.GDP.MKTP.CD,1967,652609075.682946
ISL,NY.GDP.MKTP.CD,1966,660663763.278256
ISL,NY.GDP.MKTP.CD,1965,550150987.996732
ISL,NY.GDP.MKTP.CD,1964,456206298.792753
ISL,NY.GDP.MKTP.CD,1963,357240895.712432
ISL,NY.GDP.MKTP.CD,1962,299309938.066264
ISL,NY.GDP.MKTP.CD,1961,266711460.241466
ISL,NY.GDP.MKTP.CD,1960,260984498.826389
IND,NY.GDP.MKTP.CD,2024,3909891533858.08
IND,NY.GDP.MKTP.CD,2023,3638489096033.86
IND,NY.GDP.MKTP.CD,2022,3346107287730.93
IND,NY.GDP.MKTP.CD,2021,3167270623260.47
IND,NY.GDP.MKTP.CD,2020,2674851578587.27
IND,NY.GDP.MKTP.CD,2019,2835606256558.19
IND,NY.GDP.MKTP.CD,2018,2702929641648.74
IND,NY.GDP.MKTP.CD,2017,2651474262755.45
IND,NY.GDP.MKTP.CD,2016,2294796885663.16
IND,NY.GDP.MKTP.CD,2015,2103588360044.94
IND,NY.GDP.MKTP.CD,2014,2039126479154.52
IND,NY.GDP.MKTP.CD,2013,1856721507621.58
IND,NY.GDP.MKTP.CD,2012,1827637590410.41
IND,NY.GDP.MKTP.CD,2011,1823051829894.55
IND,NY.GDP.MKTP.CD,2010,1675615519484.96
IND,NY.GDP.MKTP.CD,2009,1341888016994.9
IND,NY.GDP.MKTP.CD,2008,1198895139005.92
IND,NY.GDP.MKTP.CD,2007,1216736438834.96
IND,NY.GDP.MKTP.CD,2006,940259888787.721
IND,NY.GDP.MKTP.CD,2005,820383763511.445
IND,NY.GDP.MKTP.CD,2004,709152728830.775
IND,NY.GDP.MKTP.CD,2003,607700687237.318
IND,NY.GDP.MKTP.CD,2002,514939140318.756
IND,NY.GDP.MKTP.CD,2001,485440139204.171
IND,NY.GDP.MKTP.CD,2000,468395521654.458
IND,NY.GDP.MKTP.CD,1999,458821052615.79
IND,NY.GDP.MKTP.CD,1998,421351317224.941
IND,NY.GDP.MKTP.CD,1997,415867563592.829
IND,NY.GDP.MKTP.CD,1996,392896866204.516
IND,NY.GDP.MKTP.CD,1995,360281909643.489
IND,NY.GDP.MKTP.CD,1994,327274843459.429
IND,NY.GDP.MKTP.CD,1993,279295648982.529
IND,NY.GDP.MKTP.CD,1992,288208070278.013
IND,NY.GDP.MKTP.CD,1991,270105341879.226
IND,NY.GDP.MKTP.CD,1990,320979026420.035
IND,NY.GDP.MKTP.CD,1989,296042052944.66
IND,NY.GDP.MKTP.CD,1988,296589670895.932
IND,NY.GDP.MKTP.CD,1987,279033584092.223
IND,NY.GDP.MKTP.CD,1986,248985994040.59
IND,NY.GDP.MKTP.CD,1985,232511554840.372
IND,NY.GDP.MKTP.CD,1984,212157645177.652
IND,NY.GDP.MKTP.CD,1983,218262146413.158
IND,NY.GDP.MKTP.CD,1982,200715624830.902
IND,NY.GDP.MKTP.CD,1981,193491368445.573
IND,NY.GDP.MKTP.CD,1980,186328579302.068
IND,NY.GDP.MKTP.CD,1979,152995442497.709
IND,NY.GDP.MKTP.CD,1978,137302319828.995
IND,NY.GDP.MKTP.CD,1977,121486641441.309
IND,NY.GDP.MKTP.CD,1976,102716451979.68
IND,NY.GDP.MKTP.CD,1975,98473832017.3242
IND,NY.GDP.MKTP.CD,1974,99526597933.6331
IND,NY.GDP.MKTP.CD,1973,85517673172.5513
IND,NY.GDP.MKTP.CD,1972,71464700666.9869
IND,NY.GDP.MKTP.CD,1971,67351404351.833
IND,NY.GDP.MKTP.CD,1970,62422483054.6667
IND,NY.GDP.MKTP.CD,1969,58447995017.3333
IND,NY.GDP.MKTP.CD,1968,53085455870.6667
IND,NY.GDP.MKTP.CD,1967,50134942204.0
IND,NY.GDP.MKTP.CD,1966,45581230504.071
IND,NY.GDP.MKTP.CD,1965,59556105229.0052
IND,NY.GDP.MKTP.CD,1964,56480289940.9899
IND,NY.GDP.MKTP.CD,1963,48421923459.1235
IND,NY.GDP.MKTP.CD,1962,42161481858.0819
IND,NY.GDP.MKTP.CD,1961,39232435784.0358
IND,NY.GDP.MKTP.CD,1960,37029883876.1839
IDN,NY.GDP.MKTP.CD,2024,1396300098190.97
IDN,NY.GDP.MKTP.CD,2023,1371169301563.62
IDN,NY.GDP.MKTP.CD,2022,1319101183380.15
IDN,NY.GDP.MKTP.CD,2021,1186509691086.73
IDN,NY.GDP.MKTP.CD,2020,1059054842698.48
IDN,NY.GDP.MKTP.CD,2019,1119099871350.2
IDN,NY.GDP.MKTP.CD,2018,1042271532988.63
IDN,NY.GDP.MKTP.CD,2017,1015618744159.73
IDN,NY.GDP.MKTP.CD,2016,931877364037.698
IDN,NY.GDP.MKTP.CD,2015,860854232686.214
IDN,NY.GDP.MKTP.CD,2014,890814755533.537
IDN,NY.GDP.MKTP.CD,2013,912524136718.018
IDN,NY.GDP.MKTP.CD,2012,917869913332.649
IDN,NY.GDP.MKTP.CD,2011,892969104563.171
IDN,NY.GDP.MKTP.CD,2010,755094157621.936
IDN,NY.GDP.MKTP.CD,2009,539580085612.401
IDN,NY.GDP.MKTP.CD,2008,510228634992.258
IDN,NY.GDP.MKTP.CD,2007,432216737774.861
IDN,NY.GDP.MKTP.CD,2006,364570515618.357
IDN,NY.GDP.MKTP.CD,2005,285868619196.085
IDN,NY.GDP.MKTP.CD,2004,256836875295.452
IDN,NY.GDP.MKTP.CD,2003,234772463823.808
IDN,NY.GDP.MKTP.CD,2002,195660611165.183
IDN,NY.GDP.MKTP.CD,2001,160446947784.909
IDN,NY.GDP.MKTP.CD,2000,165021012077.81
IDN,NY.GDP.MKTP.CD,1999,140001351215.462
IDN,NY.GDP.MKTP.CD,1998,95445547872.715
IDN,NY.GDP.MKTP.CD,1997,215748998609.635
IDN,NY.GDP.MKTP.CD,1996,227369679374.973
IDN,NY.GDP.MKTP.CD,1995,202132028723.115
IDN,NY.GDP.MKTP.CD,1994,176892143931.505
IDN,NY.GDP.MKTP.CD,1993,158006700301.533
IDN,NY.GDP.MKTP.CD,1992,128026966579.964
IDN,NY.GDP.MKTP.CD,1991,116621996217.133
IDN,NY.GDP.MKTP.CD,1990,106140727333.636
IDN,NY.GDP.MKTP.CD,1989,94451427876.6628
IDN,NY.GDP.MKTP.CD,1988,84300174485.7973
IDN,NY.GDP.MKTP.CD,1987,75929617557.7521
IDN,NY.GDP.MKTP.CD,1986,79954072544.5279
IDN,NY.GDP.MKTP.CD,1985,85289488375.4435
IDN,NY.GDP.MKTP.CD,1984,84853700027.651
IDN,NY.GDP.MKTP.CD,1983,81052283383.7155
IDN,NY.GDP.MKTP.CD,1982,90158449294.9921
IDN,NY.GDP.MKTP.CD,1981,85518233419.0479
IDN,NY.GDP.MKTP.CD,1980,72482337397.4439
IDN,NY.GDP.MKTP.CD,1979,51400186342.8889
IDN,NY.GDP.MKTP.CD,1978,51455719075.8254
IDN,NY.GDP.MKTP.CD,1977,45808915662.6506
IDN,NY.GDP.MKTP.CD,1976,37269156626.506
IDN,NY.GDP.MKTP.CD,1975,30463855421.6867
IDN,NY.GDP.MKTP.CD,1974,25802409638.5542
IDN,NY.GDP.MKTP.CD,1973,16273253012.0482
IDN,NY.GDP.MKTP.CD,1972,10997590361.4458
IDN,NY.GDP.MKTP.CD,1971,9333536369.94567
IDN,NY.GDP.MKTP.CD,1970,9150684931.50685
IDN,NY.GDP.MKTP.CD,1969,8337423312.88344
IDN,NY.GDP.MKTP.CD,1968,7076465299.81141
IDN,NY.GDP.MKTP.CD,1967,5667756627.92093
IDN,NY.GDP.MKTP.CD,1966,
IDN,NY.GDP.MKTP.CD,1965,
IDN,NY.GDP.MKTP.CD,1964,
IDN,NY.GDP.MKTP.CD,1963,
IDN,NY.GDP.MKTP.CD,1962,
IDN,NY.GDP.MKTP.CD,1961,
IDN,NY.GDP.MKTP.CD,1960,
IRN,NY.GDP.MKTP.CD,2024,475252089215.416
IRN,NY.GDP.MKTP.CD,2023,457510482317.483
IRN,NY.GDP.MKTP.CD,2022,422662261525.665
IRN,NY.GDP.MKTP.CD,2021,407350685583.335
IRN,NY.GDP.MKTP.CD,2020,280934329279.723
IRN,NY.GDP.MKTP.CD,2019,347988400957.999
IRN,NY.GDP.MKTP.CD,2018,411903303606.044
IRN,NY.GDP.MKTP.CD,2017,510239893417.645
IRN,NY.GDP.MKTP.CD,2016,478618064870.999
IRN,NY.GDP.MKTP.CD,2015,409191686496.677
IRN,NY.GDP.MKTP.CD,2014,462284793280.825
IRN,NY.GDP.MKTP.CD,2013,500399839839.877
IRN,NY.GDP.MKTP.CD,2012,644019315003.54
IRN,NY.GDP.MKTP.CD,2011,629082257472.368
IRN,NY.GDP.MKTP.CD,2010,487069570463.768
IRN,NY.GDP.MKTP.CD,2009,414059094949.063
IRN,NY.GDP.MKTP.CD,2008,406070949553.875
IRN,NY.GDP.MKTP.CD,2007,349736591832.418
IRN,NY.GDP.MKTP.CD,2006,265602187403.643
IRN,NY.GDP.MKTP.CD,2005,224970371324.67
IRN,NY.GDP.MKTP.CD,2004,187754571247.666
IRN,NY.GDP.MKTP.CD,2003,151911222119.488
IRN,NY.GDP.MKTP.CD,2002,128626917503.72
IRN,NY.GDP.MKTP.CD,2001,126878750295.944
IRN,NY.GDP.MKTP.CD,2000,109591707802.216
IRN,NY.GDP.MKTP.CD,1999,113848450088.351
IRN,NY.GDP.MKTP.CD,1998,110276913362.508
IRN,NY.GDP.MKTP.CD,1997,113919163421.155
IRN,NY.GDP.MKTP.CD,1996,120403931885.441
IRN,NY.GDP.MKTP.CD,1995,96419225743.6737
IRN,NY.GDP.MKTP.CD,1994,71841461172.5964
IRN,NY.GDP.MKTP.CD,1993,63743623232.012
IRN,NY.GDP.MKTP.CD,1992,119768691216.667
IRN,NY.GDP.MKTP.CD,1991,131637664958.014
IRN,NY.GDP.MKTP.CD,1990,124813263926.225
IRN,NY.GDP.MKTP.CD,1989,120496362916.271
IRN,NY.GDP.MKTP.CD,1988,123057861333.908
IRN,NY.GDP.MKTP.CD,1987,134009995923.169
IRN,NY.GDP.MKTP.CD,1986,209094561833.48
IRN,NY.GDP.MKTP.CD,1985,180183629599.684
IRN,NY.GDP.MKTP.CD,1984,162276728619.519
IRN,NY.GDP.MKTP.CD,1983,156365156618.241
IRN,NY.GDP.MKTP.CD,1982,125948756439.485
IRN,NY.GDP.MKTP.CD,1981,100499312749.923
IRN,NY.GDP.MKTP.CD,1980,94362275580.0229
IRN,NY.GDP.MKTP.CD,1979,90391877325.9285
IRN,NY.GDP.MKTP.CD,1978,77994316621.4814
IRN,NY.GDP.MKTP.CD,1977,80600122701.9632
IRN,NY.GDP.MKTP.CD,1976,68055295080.7538
IRN,NY.GDP.MKTP.CD,1975,51776222349.8869
IRN,NY.GDP.MKTP.CD,1974,46209092072.1383
IRN,NY.GDP.MKTP.CD,1973,27081698249.5083
IRN,NY.GDP.MKTP.CD,1972,17153463263.1086
IRN,NY.GDP.MKTP.CD,1971,13731802833.0363
IRN,NY.GDP.MKTP.CD,1970,10976245153.5894
IRN,NY.GDP.MKTP.CD,1969,9743089607.49587
IRN,NY.GDP.MKTP.CD,1968,8623172959.89803
IRN,NY.GDP.MKTP.CD,1967,7555383690.16
IRN,NY.GDP.MKTP.CD,1966,6789938671.75094
IRN,NY.GDP.MKTP.CD,1965,6197319929.04038
IRN,NY.GDP.MKTP.CD,1964,5379845647.70139
IRN,NY.GDP.MKTP.CD,1963,4928628018.38759
IRN,NY.GDP.MKTP.CD,1962,4693566416.48346
IRN,NY.GDP.MKTP.CD,1961,4426949094.8403
IRN,NY.GDP.MKTP.CD,1960,4199134389.9037
IRQ,NY.GDP.MKTP.CD,2024,279641257615.385
IRQ,NY.GDP.MKTP.CD,2023,268881051643.549
IRQ,NY.GDP.MKTP.CD,2022,287372232137.931
IRQ,NY.GDP.MKTP.CD,2021,209691945713.103
IRQ,NY.GDP.MKTP.CD,2020,180898797516.874
IRQ,NY.GDP.MKTP.CD,2019,233636097800.338
IRQ,NY.GDP.MKTP.CD,2018,227367469034.031
IRQ,NY.GDP.MKTP.CD,2017,187217660050.676
IRQ,NY.GDP.MKTP.CD,2016,166743557747.671
IRQ,NY.GDP.MKTP.CD,2015,166774104959.102
IRQ,NY.GDP.MKTP.CD,2014,228415656174.957
IRQ,NY.GDP.MKTP.CD,2013,234637675128.645
IRQ,NY.GDP.MKTP.CD,2012,218002476129.472
IRQ,NY.GDP.MKTP.CD,2011,185749664444.444
IRQ,NY.GDP.MKTP.CD,2010,138516722649.573
IRQ,NY.GDP.MKTP.CD,2009,111657580326.315
IRQ,NY.GDP.MKTP.CD,2008,131614434153.505
IRQ,NY.GDP.MKTP.CD,2007,88837057319.5179
IRQ,NY.GDP.MKTP.CD,2006,65147051918.0219
IRQ,NY.GDP.MKTP.CD,2005,50065104667.8159
IRQ,NY.GDP.MKTP.CD,2004,36633669269.3981
IRQ,NY.GDP.MKTP.CD,2003,21921569478.8163
IRQ,NY.GDP.MKTP.CD,2002,32928454672.4246
IRQ,NY.GDP.MKTP.CD,2001,36176430128.8057
IRQ,NY.GDP.MKTP.CD,2000,48364250943.9051
IRQ,NY.GDP.MKTP.CD,1999,36881601583.8194
IRQ,NY.GDP.MKTP.CD,1998,20617405044.2425
IRQ,NY.GDP.MKTP.CD,1997,20764857056.3795
IRQ,NY.GDP.MKTP.CD,1996,10433698621.3427
IRQ,NY.GDP.MKTP.CD,1995,12894029888.1122
IRQ,NY.GDP.MKTP.CD,1994,3991349282.75729
IRQ,NY.GDP.MKTP.CD,1993,1031944881.13189
IRQ,NY.GDP.MKTP.CD,1992,553671957.671958
IRQ,NY.GDP.MKTP.CD,1991,407796349.663785
IRQ,NY.GDP.MKTP.CD,1990,180408064516.129
IRQ,NY.GDP.MKTP.CD,1989,65831935483.871
IRQ,NY.GDP.MKTP.CD,1988,62684516129.0323
IRQ,NY.GDP.MKTP.CD,1987,56774193548.3871
IRQ,NY.GDP.MKTP.CD,1986,47264516129.0323
IRQ,NY.GDP.MKTP.CD,1985,48425161290.3226
IRQ,NY.GDP.MKTP.CD,1984,46938387096.7742
IRQ,NY.GDP.MKTP.CD,1983,40712903225.8064
IRQ,NY.GDP.MKTP.CD,1982,42382333333.3333
IRQ,NY.GDP.MKTP.CD,1981,37823000000.0
IRQ,NY.GDP.MKTP.CD,1980,52569000000.0
IRQ,NY.GDP.MKTP.CD,1979,37816457839.4853
IRQ,NY.GDP.MKTP.CD,1978,23762275651.8794
IRQ,NY.GDP.MKTP.CD,1977,19838130714.5276
IRQ,NY.GDP.MKTP.CD,1976,17754825601.0836
IRQ,NY.GDP.MKTP.CD,1975,13458516762.6143
IRQ,NY.GDP.MKTP.CD,1974,11516762614.2906
IRQ,NY.GDP.MKTP.CD,1973,5134367778.1446
IRQ,NY.GDP.MKTP.CD,1972,4113848002.40312
IRQ,NY.GDP.MKTP.CD,1971,3865346534.65347
IRQ,NY.GDP.MKTP.CD,1970,3281318687.47253
IRQ,NY.GDP.MKTP.CD,1969,3007758796.89648
IRQ,NY.GDP.MKTP.CD,1968,2896598841.36046
IRQ,NY.GDP.MKTP.CD,1967,2551522656.19094
IRQ,NY.GDP.MKTP.CD,1966,2530306095.87756
IRQ,NY.GDP.MKTP.CD,1965,2335785506.0858
IRQ,NY.GDP.MKTP.CD,1964,2136408197.83672
IRQ,NY.GDP.MKTP.CD,1963,1805901510.0394
IRQ,NY.GDP.MKTP.CD,1962,1784174540.73018
IRQ,NY.GDP.MKTP.CD,1961,1671960965.21561
IRQ,NY.GDP.MKTP.CD,1960,1537252193.09912
IRL,NY.GDP.MKTP.CD,2024,609157459747.205
IRL,NY.GDP.MKTP.CD,2023,567372737459.116
IRL,NY.GDP.MKTP.CD,2022,548341794599.09
IRL,NY.GDP.MKTP.CD,2021,530394123829.763
IRL,NY.GDP.MKTP.CD,2020,436009027818.948
IRL,NY.GDP.MKTP.CD,2019,407211793800.713
IRL,NY.GDP.MKTP.CD,2018,395780319816.603
IRL,NY.GDP.MKTP.CD,2017,348355212568.515
IRL,NY.GDP.MKTP.CD,2016,305431252708.748
IRL,NY.GDP.MKTP.CD,2015,302101388556.271
IRL,NY.GDP.MKTP.CD,2014,266490442124.309
IRL,NY.GDP.MKTP.CD,2013,242924245718.756
IRL,NY.GDP.MKTP.CD,2012,226921827888.137
IRL,NY.GDP.MKTP.CD,2011,240975871046.644
IRL,NY.GDP.MKTP.CD,2010,221732824603.484
IRL,NY.GDP.MKTP.CD,2009,236443115853.695
IRL,NY.GDP.MKTP.CD,2008,275447471451.063
IRL,NY.GDP.MKTP.CD,2007,270079279419.5
IRL,NY.GDP.MKTP.CD,2006,232180617162.279
IRL,NY.GDP.MKTP.CD,2005,211876989655.907
IRL,NY.GDP.MKTP.CD,2004,194372115041.065
IRL,NY.GDP.MKTP.CD,2003,164670771259.602
IRL,NY.GDP.MKTP.CD,2002,128596035288.401
IRL,NY.GDP.MKTP.CD,2001,109346669229.695
IRL,NY.GDP.MKTP.CD,2000,100207610429.909
IRL,NY.GDP.MKTP.CD,1999,98893958262.6438
IRL,NY.GDP.MKTP.CD,1998,90199410115.5097
IRL,NY.GDP.MKTP.CD,1997,82856648758.3572
IRL,NY.GDP.MKTP.CD,1996,75790786290.3226
IRL,NY.GDP.MKTP.CD,1995,69139823232.3232
IRL,NY.GDP.MKTP.CD,1994,57097656065.96
IRL,NY.GDP.MKTP.CD,1993,52417477613.676
IRL,NY.GDP.MKTP.CD,1992,55918538121.3989
IRL,NY.GDP.MKTP.CD,1991,49787501584.4847
IRL,NY.GDP.MKTP.CD,1990,49305632408.4929
IRL,NY.GDP.MKTP.CD,1989,39238392677.7542
IRL,NY.GDP.MKTP.CD,1988,37772896220.7559
IRL,NY.GDP.MKTP.CD,1987,33920518492.5094
IRL,NY.GDP.MKTP.CD,1986,28714571852.4799
IRL,NY.GDP.MKTP.CD,1985,21270013325.5601
IRL,NY.GDP.MKTP.CD,1984,20106648454.8404
IRL,NY.GDP.MKTP.CD,1983,20766047763.5314
IRL,NY.GDP.MKTP.CD,1982,21474752962.2178
IRL,NY.GDP.MKTP.CD,1981,20670190138.1671
IRL,NY.GDP.MKTP.CD,1980,21747855640.0712
IRL,NY.GDP.MKTP.CD,1979,18319334300.4513
IRL,NY.GDP.MKTP.CD,1978,14647996073.6937
IRL,NY.GDP.MKTP.CD,1977,11248340431.3779
IRL,NY.GDP.MKTP.CD,1976,9453756014.71837
IRL,NY.GDP.MKTP.CD,1975,9483808362.36934
IRL,NY.GDP.MKTP.CD,1974,7896860614.98803
IRL,NY.GDP.MKTP.CD,1973,7481173065.79201
IRL,NY.GDP.MKTP.CD,1972,6318060582.21873
IRL,NY.GDP.MKTP.CD,1971,5098250287.46646
IRL,NY.GDP.MKTP.CD,1970,4395995085.99509
IRL,NY.GDP.MKTP.CD,1969,3902721631.54663
IRL,NY.GDP.MKTP.CD,1968,3378701146.84197
IRL,NY.GDP.MKTP.CD,1967,3445739914.73101
IRL,NY.GDP.MKTP.CD,1966,3198820903.82796
IRL,NY.GDP.MKTP.CD,1965,3035655793.5247
IRL,NY.GDP.MKTP.CD,1964,2851091646.43165
IRL,NY.GDP.MKTP.CD,1963,2505073357.88508
IRL,NY.GDP.MKTP.CD,1962,2329372971.89171
IRL,NY.GDP.MKTP.CD,1961,2151772979.96956
IRL,NY.GDP.MKTP.CD,1960,1998550221.80554
IMN,NY.GDP.MKTP.CD,2024,
IMN,NY.GDP.MKTP.CD,2023,
IMN,NY.GDP.MKTP.CD,2022,7431257410.92713
IMN,NY.GDP.MKTP.CD,2021,7931193222.06405
IMN,NY.GDP.MKTP.CD,2020,6684225641.02564
IMN,NY.GDP.MKTP.CD,2019,7314967866.28289
IMN,NY.GDP.MKTP.CD,2018,7491649455.92717
IMN,NY.GDP.MKTP.CD,2017,6979788333.50279
IMN,NY.GDP.MKTP.CD,2016,6846377563.00683
IMN,NY.GDP.MKTP.CD,2015,7084800892.22284
IMN,NY.GDP.MKTP.CD,2014,7708454412.32126
IMN,NY.GDP.MKTP.CD,2013,7001175622.71266
IMN,NY.GDP.MKTP.CD,2012,6690228371.66909
IMN,NY.GDP.MKTP.CD,2011,6565667052.79737
IMN,NY.GDP.MKTP.CD,2010,5920369789.50182
IMN,NY.GDP.MKTP.CD,2009,5486921247.07323
IMN,NY.GDP.MKTP.CD,2008,5928791505.35144
IMN,NY.GDP.MKTP.CD,2007,4466350655.89909
IMN,NY.GDP.MKTP.CD,2006,3422733202.4501
IMN,NY.GDP.MKTP.CD,2005,3032411026.94919
IMN,NY.GDP.MKTP.CD,2004,2802206151.59282
IMN,NY.GDP.MKTP.CD,2003,2252620408.16327
IMN,NY.GDP.MKTP.CD,2002,1891002697.84173
IMN,NY.GDP.MKTP.CD,2001,1668684324.16871
IMN,NY.GDP.MKTP.CD,2000,1601050083.21985
IMN,NY.GDP.MKTP.CD,1999,1573742112.92671
IMN,NY.GDP.MKTP.CD,1998,1385124213.31567
IMN,NY.GDP.MKTP.CD,1997,1178261296.66012
IMN,NY.GDP.MKTP.CD,1996,1007205928.23713
IMN,NY.GDP.MKTP.CD,1995,922269212.561149
IMN,NY.GDP.MKTP.CD,1994,833255280.073462
IMN,NY.GDP.MKTP.CD,1993,765647870.425915
IMN,NY.GDP.MKTP.CD,1992,854849069.84907
IMN,NY.GDP.MKTP.CD,1991,821507936.507937
IMN,NY.GDP.MKTP.CD,1990,761514559.659091
IMN,NY.GDP.MKTP.CD,1989,617619437.172775
IMN,NY.GDP.MKTP.CD,1988,584702952.685877
IMN,NY.GDP.MKTP.CD,1987,459975486.190554
IMN,NY.GDP.MKTP.CD,1986,356287012.606274
IMN,NY.GDP.MKTP.CD,1985,256330852.156058
IMN,NY.GDP.MKTP.CD,1984,251195796.754456
IMN,NY.GDP.MKTP.CD,1983,
IMN,NY.GDP.MKTP.CD,1982,
IMN,NY.GDP.MKTP.CD,1981,
IMN,NY.GDP.MKTP.CD,1980,
IMN,NY.GDP.MKTP.CD,1979,
IMN,NY.GDP.MKTP.CD,1978,
IMN,NY.GDP.MKTP.CD,1977,
IMN,NY.GDP.MKTP.CD,1976,
IMN,NY.GDP.MKTP.CD,1975,
IMN,NY.GDP.MKTP.CD,1974,
IMN,NY.GDP.MKTP.CD,1973,
IMN,NY.GDP.MKTP.CD,1972,
IMN,NY.GDP.MKTP.CD,1971,
IMN,NY.GDP.MKTP.CD,1970,
IMN,NY.GDP.MKTP.CD,1969,
IMN,NY.GDP.MKTP.CD,1968,
IMN,NY.GDP.MKTP.CD,1967,
IMN,NY.GDP.MKTP.CD,1966,
IMN,NY.GDP.MKTP.CD,1965,
IMN,NY.GDP.MKTP.CD,1964,
IMN,NY.GDP.MKTP.CD,1963,
IMN,NY.GDP.MKTP.CD,1962,
IMN,NY.GDP.MKTP.CD,1961,
IMN,NY.GDP.MKTP.CD,1960,
ISR,NY.GDP.MKTP.CD,2024,540379921261.681
ISR,NY.GDP.MKTP.CD,2023,512184638998.974
ISR,NY.GDP.MKTP.CD,2022,525181008025.57
ISR,NY.GDP.MKTP.CD,2021,489851549972.347
ISR,NY.GDP.MKTP.CD,2020,410768352657.612
ISR,NY.GDP.MKTP.CD,2019,400645216358.857
ISR,NY.GDP.MKTP.CD,2018,376299083108.497
ISR,NY.GDP.MKTP.CD,2017,358451839052.991
ISR,NY.GDP.MKTP.CD,2016,321940971558.016
ISR,NY.GDP.MKTP.CD,2015,303469434072.296
ISR,NY.GDP.MKTP.CD,2014,315017088116.716
ISR,NY.GDP.MKTP.CD,2013,298478070673.058
ISR,NY.GDP.MKTP.CD,2012,263589172712.391
ISR,NY.GDP.MKTP.CD,2011,268094998225.028
ISR,NY.GDP.MKTP.CD,2010,239679036634.372
ISR,NY.GDP.MKTP.CD,2009,213403181852.86
ISR,NY.GDP.MKTP.CD,2008,221231658862.876
ISR,NY.GDP.MKTP.CD,2007,184681214673.45
ISR,NY.GDP.MKTP.CD,2006,158900547825.306
ISR,NY.GDP.MKTP.CD,2005,147519922009.047
ISR,NY.GDP.MKTP.CD,2004,140047984605.087
ISR,NY.GDP.MKTP.CD,2003,131408914824.005
ISR,NY.GDP.MKTP.CD,2002,125332331883.997
ISR,NY.GDP.MKTP.CD,2001,135002039612.906
ISR,NY.GDP.MKTP.CD,2000,136512300542.025
ISR,NY.GDP.MKTP.CD,1999,121417185061.719
ISR,NY.GDP.MKTP.CD,1998,120547409278.703
ISR,NY.GDP.MKTP.CD,1997,119459826346.611
ISR,NY.GDP.MKTP.CD,1996,115116595544.694
ISR,NY.GDP.MKTP.CD,1995,105497418058.646
ISR,NY.GDP.MKTP.CD,1994,90740103828.6058
ISR,NY.GDP.MKTP.CD,1993,79855877174.4429
ISR,NY.GDP.MKTP.CD,1992,79457685757.166
ISR,NY.GDP.MKTP.CD,1991,70998755006.9019
ISR,NY.GDP.MKTP.CD,1990,62016729540.7093
ISR,NY.GDP.MKTP.CD,1989,52443479454.114
ISR,NY.GDP.MKTP.CD,1988,52650948910.3748
ISR,NY.GDP.MKTP.CD,1987,43049543634.9607
ISR,NY.GDP.MKTP.CD,1986,35834154873.5622
ISR,NY.GDP.MKTP.CD,1985,28905736366.7079
ISR,NY.GDP.MKTP.CD,1984,30645607293.0048
ISR,NY.GDP.MKTP.CD,1983,32675755462.0865
ISR,NY.GDP.MKTP.CD,1982,29255285401.3621
ISR,NY.GDP.MKTP.CD,1981,26882009819.3456
ISR,NY.GDP.MKTP.CD,1980,25395256477.5976
ISR,NY.GDP.MKTP.CD,1979,22609741059.839
ISR,NY.GDP.MKTP.CD,1978,17701286907.0888
ISR,NY.GDP.MKTP.CD,1977,18257113904.2478
ISR,NY.GDP.MKTP.CD,1976,15956349550.0166
ISR,NY.GDP.MKTP.CD,1975,16141767373.4859
ISR,NY.GDP.MKTP.CD,1974,17172607138.122
ISR,NY.GDP.MKTP.CD,1973,11902574258.9313
ISR,NY.GDP.MKTP.CD,1972,9222557538.58382
ISR,NY.GDP.MKTP.CD,1971,7052544000.09352
ISR,NY.GDP.MKTP.CD,1970,7406712876.3832
ISR,NY.GDP.MKTP.CD,1969,6297852761.13463
ISR,NY.GDP.MKTP.CD,1968,5458427927.8861
ISR,NY.GDP.MKTP.CD,1967,4762386782.7194
ISR,NY.GDP.MKTP.CD,1966,4703300098.0703
ISR,NY.GDP.MKTP.CD,1965,4329084428.62583
ISR,NY.GDP.MKTP.CD,1964,4024344852.54797
ISR,NY.GDP.MKTP.CD,1963,3535949088.90947
ISR,NY.GDP.MKTP.CD,1962,2966154031.33123
ISR,NY.GDP.MKTP.CD,1961,3708586471.46387
ISR,NY.GDP.MKTP.CD,1960,3070585807.33625
ITA,NY.GDP.MKTP.CD,2024,2380825077243.59
ITA,NY.GDP.MKTP.CD,2023,2316727999333.18
ITA,NY.GDP.MKTP.CD,2022,2104067630319.46
ITA,NY.GDP.MKTP.CD,2021,2179207773596.09
ITA,NY.GDP.MKTP.CD,2020,1907481094079.23
ITA,NY.GDP.MKTP.CD,2019,2019606796583.53
ITA,NY.GDP.MKTP.CD,2018,2099435266458.67
ITA,NY.GDP.MKTP.CD,2017,1970720904584.71
ITA,NY.GDP.MKTP.CD,2016,1887111188176.93
ITA,NY.GDP.MKTP.CD,2015,1845428048839.1
ITA,NY.GDP.MKTP.CD,2014,2173255507985.84
ITA,NY.GDP.MKTP.CD,2013,2153225581941.46
ITA,NY.GDP.MKTP.CD,2012,2097929495121.68
ITA,NY.GDP.MKTP.CD,2011,2306974020278.21
ITA,NY.GDP.MKTP.CD,2010,2144936254535.0
ITA,NY.GDP.MKTP.CD,2009,2209484319012.65
ITA,NY.GDP.MKTP.CD,2008,2417508414187.19
ITA,NY.GDP.MKTP.CD,2007,2222524108127.65
ITA,NY.GDP.MKTP.CD,2006,1958563654385.64
ITA,NY.GDP.MKTP.CD,2005,1864982261286.85
ITA,NY.GDP.MKTP.CD,2004,1812808753294.75
ITA,NY.GDP.MKTP.CD,2003,1582930016538.82
ITA,NY.GDP.MKTP.CD,2002,1281746271196.04
ITA,NY.GDP.MKTP.CD,2001,1172041488805.87
ITA,NY.GDP.MKTP.CD,2000,1149661363439.38
ITA,NY.GDP.MKTP.CD,1999,1255004736463.98
ITA,NY.GDP.MKTP.CD,1998,1272729786996.77
ITA,NY.GDP.MKTP.CD,1997,1244988176443.84
ITA,NY.GDP.MKTP.CD,1996,1314776508972.27
ITA,NY.GDP.MKTP.CD,1995,1177369428265.78
ITA,NY.GDP.MKTP.CD,1994,1101750159702.21
ITA,NY.GDP.MKTP.CD,1993,1067412587670.73
ITA,NY.GDP.MKTP.CD,1992,1323204350353.5
ITA,NY.GDP.MKTP.CD,1991,1249092439519.28
ITA,NY.GDP.MKTP.CD,1990,1183945130898.51
ITA,NY.GDP.MKTP.CD,1989,930801709003.669
ITA,NY.GDP.MKTP.CD,1988,893663934840.821
ITA,NY.GDP.MKTP.CD,1987,807570134448.76
ITA,NY.GDP.MKTP.CD,1986,641862313287.44
ITA,NY.GDP.MKTP.CD,1985,453259761687.456
ITA,NY.GDP.MKTP.CD,1984,438896930791.272
ITA,NY.GDP.MKTP.CD,1983,444063496940.337
ITA,NY.GDP.MKTP.CD,1982,428257421617.752
ITA,NY.GDP.MKTP.CD,1981,431695533980.583
ITA,NY.GDP.MKTP.CD,1980,478356755595.749
ITA,NY.GDP.MKTP.CD,1979,394584507107.9
ITA,NY.GDP.MKTP.CD,1978,315784469541.41
ITA,NY.GDP.MKTP.CD,1977,258190019749.835
ITA,NY.GDP.MKTP.CD,1976,225235205861.828
ITA,NY.GDP.MKTP.CD,1975,228220643534.994
ITA,NY.GDP.MKTP.CD,1974,200024444775.231
ITA,NY.GDP.MKTP.CD,1973,175896529392.229
ITA,NY.GDP.MKTP.CD,1972,145594833997.344
ITA,NY.GDP.MKTP.CD,1971,124959712858.926
ITA,NY.GDP.MKTP.CD,1970,113656669764.56
ITA,NY.GDP.MKTP.CD,1969,100996667239.335
ITA,NY.GDP.MKTP.CD,1968,91485448147.84
ITA,NY.GDP.MKTP.CD,1967,84401995573.2456
ITA,NY.GDP.MKTP.CD,1966,76622444787.3696
ITA,NY.GDP.MKTP.CD,1965,70717012186.1774
ITA,NY.GDP.MKTP.CD,1964,65720771779.4768
ITA,NY.GDP.MKTP.CD,1963,60035924617.9277
ITA,NY.GDP.MKTP.CD,1962,52413872628.0045
ITA,NY.GDP.MKTP.CD,1961,46649487320.4225
ITA,NY.GDP.MKTP.CD,1960,42012422612.3955
JAM,NY.GDP.MKTP.CD,2024,22014397089.7689
JAM,NY.GDP.MKTP.CD,2023,21418804319.6395
JAM,NY.GDP.MKTP.CD,2022,18813516805.214
JAM,NY.GDP.MKTP.CD,2021,15963885376.3537
JAM,NY.GDP.MKTP.CD,2020,15000214216.2439
JAM,NY.GDP.MKTP.CD,2019,17026269262.5307
JAM,NY.GDP.MKTP.CD,2018,16855447986.2221
JAM,NY.GDP.MKTP.CD,2017,15783583236.675
JAM,NY.GDP.MKTP.CD,2016,14898999754.1229
JAM,NY.GDP.MKTP.CD,2015,14963589915.5912
JAM,NY.GDP.MKTP.CD,2014,13899217679.9219
JAM,NY.GDP.MKTP.CD,2013,14264205152.6126
JAM,NY.GDP.MKTP.CD,2012,14807086555.5283
JAM,NY.GDP.MKTP.CD,2011,14444661522.1463
JAM,NY.GDP.MKTP.CD,2010,13220549908.2494
JAM,NY.GDP.MKTP.CD,2009,12120458114.8318
JAM,NY.GDP.MKTP.CD,2008,13709401520.0326
JAM,NY.GDP.MKTP.CD,2007,12799600047.1845
JAM,NY.GDP.MKTP.CD,2006,11930179089.8855
JAM,NY.GDP.MKTP.CD,2005,11243865777.7131
JAM,NY.GDP.MKTP.CD,2004,10174664853.9476
JAM,NY.GDP.MKTP.CD,2003,9430234810.78586
JAM,NY.GDP.MKTP.CD,2002,9719009494.84779
JAM,NY.GDP.MKTP.CD,2001,9194727831.07318
JAM,NY.GDP.MKTP.CD,2000,9005064474.93003
JAM,NY.GDP.MKTP.CD,1999,8887057997.36228
JAM,NY.GDP.MKTP.CD,1998,8787195622.43502
JAM,NY.GDP.MKTP.CD,1997,8400041723.54861
JAM,NY.GDP.MKTP.CD,1996,7393891920.80358
JAM,NY.GDP.MKTP.CD,1995,6577520642.82297
JAM,NY.GDP.MKTP.CD,1994,5452558947.03045
JAM,NY.GDP.MKTP.CD,1993,5440075675.74067
JAM,NY.GDP.MKTP.CD,1992,3535460089.80719
JAM,NY.GDP.MKTP.CD,1991,4106207649.05547
JAM,NY.GDP.MKTP.CD,1990,4592208086.69235
JAM,NY.GDP.MKTP.CD,1989,4404937853.39452
JAM,NY.GDP.MKTP.CD,1988,3828342820.3494
JAM,NY.GDP.MKTP.CD,1987,3287007321.56699
JAM,NY.GDP.MKTP.CD,1986,2754549581.92409
JAM,NY.GDP.MKTP.CD,1985,2100239018.82467
JAM,NY.GDP.MKTP.CD,1984,2373564549.4932
JAM,NY.GDP.MKTP.CD,1983,3619262277.47712
JAM,NY.GDP.MKTP.CD,1982,3293496311.93093
JAM,NY.GDP.MKTP.CD,1981,2979027966.45373
JAM,NY.GDP.MKTP.CD,1980,2679379371.51261
JAM,NY.GDP.MKTP.CD,1979,2425064229.04184
JAM,NY.GDP.MKTP.CD,1978,2644527821.53011
JAM,NY.GDP.MKTP.CD,1977,3249733139.73314
JAM,NY.GDP.MKTP.CD,1976,2966042856.04286
JAM,NY.GDP.MKTP.CD,1975,2860442750.44275
JAM,NY.GDP.MKTP.CD,1974,2375122375.12238
JAM,NY.GDP.MKTP.CD,1973,1905917553.19149
JAM,NY.GDP.MKTP.CD,1972,1875146587.4443
JAM,NY.GDP.MKTP.CD,1971,1539861815.89381
JAM,NY.GDP.MKTP.CD,1970,1404720441.88818
JAM,NY.GDP.MKTP.CD,1969,1191239047.00876
JAM,NY.GDP.MKTP.CD,1968,1083839132.92869
JAM,NY.GDP.MKTP.CD,1967,1148014310.8255
JAM,NY.GDP.MKTP.CD,1966,1096759561.29618
JAM,NY.GDP.MKTP.CD,1965,972159611.136156
JAM,NY.GDP.MKTP.CD,1964,897949000.8204
JAM,NY.GDP.MKTP.CD,1963,826706669.317332
JAM,NY.GDP.MKTP.CD,1962,777727688.908924
JAM,NY.GDP.MKTP.CD,1961,748043500.7826
JAM,NY.GDP.MKTP.CD,1960,699064380.374248
JPN,NY.GDP.MKTP.CD,2024,4027597523550.58
JPN,NY.GDP.MKTP.CD,2023,4213167237905.83
JPN,NY.GDP.MKTP.CD,2022,4262463317796.53
JPN,NY.GDP.MKTP.CD,2021,5039148168861.22
JPN,NY.GDP.MKTP.CD,2020,5054068005376.28
JPN,NY.GDP.MKTP.CD,2019,5117993853016.51
JPN,NY.GDP.MKTP.CD,2018,5040880939324.86
JPN,NY.GDP.MKTP.CD,2017,4930837369151.42
JPN,NY.GDP.MKTP.CD,2016,5003677627544.24
JPN,NY.GDP.MKTP.CD,2015,4444930651964.18
JPN,NY.GDP.MKTP.CD,2014,4896994405353.29
JPN,NY.GDP.MKTP.CD,2013,5212328181166.18
JPN,NY.GDP.MKTP.CD,2012,6272362996105.03
JPN,NY.GDP.MKTP.CD,2011,6233147172341.35
JPN,NY.GDP.MKTP.CD,2010,5759071769013.11
JPN,NY.GDP.MKTP.CD,2009,5289493117993.89
JPN,NY.GDP.MKTP.CD,2008,5106679115127.3
JPN,NY.GDP.MKTP.CD,2007,4579750920354.81
JPN,NY.GDP.MKTP.CD,2006,4601663122649.92
JPN,NY.GDP.MKTP.CD,2005,4831467035389.8
JPN,NY.GDP.MKTP.CD,2004,4893116005656.56
JPN,NY.GDP.MKTP.CD,2003,4519561645253.53
JPN,NY.GDP.MKTP.CD,2002,4182846045873.61
JPN,NY.GDP.MKTP.CD,2001,4374711694090.87
JPN,NY.GDP.MKTP.CD,2000,4968359075956.59
JPN,NY.GDP.MKTP.CD,1999,4635982224063.88
JPN,NY.GDP.MKTP.CD,1998,4098362709531.24
JPN,NY.GDP.MKTP.CD,1997,4492448605638.94
JPN,NY.GDP.MKTP.CD,1996,4923391533851.63
JPN,NY.GDP.MKTP.CD,1995,5545563663889.7
JPN,NY.GDP.MKTP.CD,1994,4998797547740.97
JPN,NY.GDP.MKTP.CD,1993,4536940479038.25
JPN,NY.GDP.MKTP.CD,1992,3980702922117.66
JPN,NY.GDP.MKTP.CD,1991,3648065760648.88
JPN,NY.GDP.MKTP.CD,1990,3185904656663.85
JPN,NY.GDP.MKTP.CD,1989,3109455047823.93
JPN,NY.GDP.MKTP.CD,1988,3125724434400.79
JPN,NY.GDP.MKTP.CD,1987,2580748422781.09
JPN,NY.GDP.MKTP.CD,1986,2120083812109.91
JPN,NY.GDP.MKTP.CD,1985,1427019759717.41
JPN,NY.GDP.MKTP.CD,1984,1345824500836.76
JPN,NY.GDP.MKTP.CD,1983,1270859919742.9
JPN,NY.GDP.MKTP.CD,1982,1158731426905.85
JPN,NY.GDP.MKTP.CD,1981,1245221410764.15
JPN,NY.GDP.MKTP.CD,1980,1129377244854.04
JPN,NY.GDP.MKTP.CD,1979,1077910077676.37
JPN,NY.GDP.MKTP.CD,1978,1035611588216.59
JPN,NY.GDP.MKTP.CD,1977,737069290927.712
JPN,NY.GDP.MKTP.CD,1976,598883902155.605
JPN,NY.GDP.MKTP.CD,1975,532861438884.724
JPN,NY.GDP.MKTP.CD,1974,490035789970.299
JPN,NY.GDP.MKTP.CD,1973,441460582535.921
JPN,NY.GDP.MKTP.CD,1972,324933841268.585
JPN,NY.GDP.MKTP.CD,1971,245364056622.363
JPN,NY.GDP.MKTP.CD,1970,217223652719.444
JPN,NY.GDP.MKTP.CD,1969,184298841304.667
JPN,NY.GDP.MKTP.CD,1968,156897496759.128
JPN,NY.GDP.MKTP.CD,1967,132475614226.519
JPN,NY.GDP.MKTP.CD,1966,113046784179.289
JPN,NY.GDP.MKTP.CD,1965,97338107605.8236
JPN,NY.GDP.MKTP.CD,1964,87490590817.9803
JPN,NY.GDP.MKTP.CD,1963,74379284603.3875
JPN,NY.GDP.MKTP.CD,1962,64987857541.6256
JPN,NY.GDP.MKTP.CD,1961,57266758179.5883
JPN,NY.GDP.MKTP.CD,1960,47419238274.4619
JOR,NY.GDP.MKTP.CD,2024,53352289577.4648
JOR,NY.GDP.MKTP.CD,2023,51088476338.0282
JOR,NY.GDP.MKTP.CD,2022,48764963380.2817
JOR,NY.GDP.MKTP.CD,2021,46296100140.8451
JOR,NY.GDP.MKTP.CD,2020,43700383098.5916
JOR,NY.GDP.MKTP.CD,2019,44503006338.0282
JOR,NY.GDP.MKTP.CD,2018,43370860704.2254
JOR,NY.GDP.MKTP.CD,2017,41608435915.493
JOR,NY.GDP.MKTP.CD,2016,39892551126.7606
JOR,NY.GDP.MKTP.CD,2015,38587017887.3239
JOR,NY.GDP.MKTP.CD,2014,36847643521.1268
JOR,NY.GDP.MKTP.CD,2013,34454440140.8451
JOR,NY.GDP.MKTP.CD,2012,31634561690.1408
JOR,NY.GDP.MKTP.CD,2011,29524149154.9296
JOR,NY.GDP.MKTP.CD,2010,27133804225.3521
JOR,NY.GDP.MKTP.CD,2009,24537876056.338
JOR,NY.GDP.MKTP.CD,2008,22658715989.3302
JOR,NY.GDP.MKTP.CD,2007,17110437235.543
JOR,NY.GDP.MKTP.CD,2006,15056981664.3159
JOR,NY.GDP.MKTP.CD,2005,12588998589.5628
JOR,NY.GDP.MKTP.CD,2004,11411706629.055
JOR,NY.GDP.MKTP.CD,2003,10195627644.5698
JOR,NY.GDP.MKTP.CD,2002,9582510578.27927
JOR,NY.GDP.MKTP.CD,2001,8975814652.8196
JOR,NY.GDP.MKTP.CD,2000,8460789844.8519
JOR,NY.GDP.MKTP.CD,1999,8149929478.13822
JOR,NY.GDP.MKTP.CD,1998,7912270803.94922
JOR,NY.GDP.MKTP.CD,1997,7245839210.15515
JOR,NY.GDP.MKTP.CD,1996,6927503526.09309
JOR,NY.GDP.MKTP.CD,1995,6727597031.96347
JOR,NY.GDP.MKTP.CD,1994,6236295978.24531
JOR,NY.GDP.MKTP.CD,1993,5606400221.69269
JOR,NY.GDP.MKTP.CD,1992,5310833193.59005
JOR,NY.GDP.MKTP.CD,1991,4344467193.25095
JOR,NY.GDP.MKTP.CD,1990,4160087507.83472
JOR,NY.GDP.MKTP.CD,1989,4221373673.80468
JOR,NY.GDP.MKTP.CD,1988,6277451829.05325
JOR,NY.GDP.MKTP.CD,1987,6756209762.48231
JOR,NY.GDP.MKTP.CD,1986,6402050484.90425
JOR,NY.GDP.MKTP.CD,1985,4993601520.43079
JOR,NY.GDP.MKTP.CD,1984,4967162160.40472
JOR,NY.GDP.MKTP.CD,1983,4920692190.95569
JOR,NY.GDP.MKTP.CD,1982,4681240992.70338
JOR,NY.GDP.MKTP.CD,1981,4383944702.85958
JOR,NY.GDP.MKTP.CD,1980,3910044474.28044
JOR,NY.GDP.MKTP.CD,1979,3271368780.65347
JOR,NY.GDP.MKTP.CD,1978,2602208588.95706
JOR,NY.GDP.MKTP.CD,1977,2096778602.16785
JOR,NY.GDP.MKTP.CD,1976,1708521219.46003
JOR,NY.GDP.MKTP.CD,1975,1363073497.77355
JOR,NY.GDP.MKTP.CD,1974,1197483948.68547
JOR,NY.GDP.MKTP.CD,1973,943783839.718052
JOR,NY.GDP.MKTP.CD,1972,788479684.608126
JOR,NY.GDP.MKTP.CD,1971,678159728.736109
JOR,NY.GDP.MKTP.CD,1970,639519744.192102
JOR,NY.GDP.MKTP.CD,1969,698879720.448112
JOR,NY.GDP.MKTP.CD,1968,561119775.55209
JOR,NY.GDP.MKTP.CD,1967,631679747.328101
JOR,NY.GDP.MKTP.CD,1966,657999736.800105
JOR,NY.GDP.MKTP.CD,1965,599759760.096096
JOR,NY.GDP.MKTP.CD,1964,
JOR,NY.GDP.MKTP.CD,1963,
JOR,NY.GDP.MKTP.CD,1962,
JOR,NY.GDP.MKTP.CD,1961,
JOR,NY.GDP.MKTP.CD,1960,
KAZ,NY.GDP.MKTP.CD,2024,291480274648.826
KAZ,NY.GDP.MKTP.CD,2023,261840101059.923
KAZ,NY.GDP.MKTP.CD,2022,225496328925.494
KAZ,NY.GDP.MKTP.CD,2021,197112255360.612
KAZ,NY.GDP.MKTP.CD,2020,171082365861.423
KAZ,NY.GDP.MKTP.CD,2019,181667184854.501
KAZ,NY.GDP.MKTP.CD,2018,179339977690.485
KAZ,NY.GDP.MKTP.CD,2017,166805788827.233
KAZ,NY.GDP.MKTP.CD,2016,137278320084.171
KAZ,NY.GDP.MKTP.CD,2015,184388404706.042
KAZ,NY.GDP.MKTP.CD,2014,221415613595.469
KAZ,NY.GDP.MKTP.CD,2013,236634603409.089
KAZ,NY.GDP.MKTP.CD,2012,207998568865.789
KAZ,NY.GDP.MKTP.CD,2011,192626464617.071
KAZ,NY.GDP.MKTP.CD,2010,148047348240.643
KAZ,NY.GDP.MKTP.CD,2009,115308686941.38
KAZ,NY.GDP.MKTP.CD,2008,133441648851.982
KAZ,NY.GDP.MKTP.CD,2007,104849915058.376
KAZ,NY.GDP.MKTP.CD,2006,81003864630.018
KAZ,NY.GDP.MKTP.CD,2005,57123671733.8952
KAZ,NY.GDP.MKTP.CD,2004,43151647002.6096
KAZ,NY.GDP.MKTP.CD,2003,30833692900.1091
KAZ,NY.GDP.MKTP.CD,2002,24636598527.4437
KAZ,NY.GDP.MKTP.CD,2001,22152689179.8815
KAZ,NY.GDP.MKTP.CD,2000,18291990662.0356
KAZ,NY.GDP.MKTP.CD,1999,16870817181.7799
KAZ,NY.GDP.MKTP.CD,1998,22135245507.3656
KAZ,NY.GDP.MKTP.CD,1997,22165932062.966
KAZ,NY.GDP.MKTP.CD,1996,21035357936.8796
KAZ,NY.GDP.MKTP.CD,1995,20374302652.3819
KAZ,NY.GDP.MKTP.CD,1994,21250792886.1054
KAZ,NY.GDP.MKTP.CD,1993,23409260879.9427
KAZ,NY.GDP.MKTP.CD,1992,24917355371.9008
KAZ,NY.GDP.MKTP.CD,1991,24923076923.0769
KAZ,NY.GDP.MKTP.CD,1990,26932016269.6107
KAZ,NY.GDP.MKTP.CD,1989,
KAZ,NY.GDP.MKTP.CD,1988,
KAZ,NY.GDP.MKTP.CD,1987,
KAZ,NY.GDP.MKTP.CD,1986,
KAZ,NY.GDP.MKTP.CD,1985,
KAZ,NY.GDP.MKTP.CD,1984,
KAZ,NY.GDP.MKTP.CD,1983,
KAZ,NY.GDP.MKTP.CD,1982,
KAZ,NY.GDP.MKTP.CD,1981,
KAZ,NY.GDP.MKTP.CD,1980,
KAZ,NY.GDP.MKTP.CD,1979,
KAZ,NY.GDP.MKTP.CD,1978,
KAZ,NY.GDP.MKTP.CD,1977,
KAZ,NY.GDP.MKTP.CD,1976,
KAZ,NY.GDP.MKTP.CD,1975,
KAZ,NY.GDP.MKTP.CD,1974,
KAZ,NY.GDP.MKTP.CD,1973,
KAZ,NY.GDP.MKTP.CD,1972,
KAZ,NY.GDP.MKTP.CD,1971,
KAZ,NY.GDP.MKTP.CD,1970,
KAZ,NY.GDP.MKTP.CD,1969,
KAZ,NY.GDP.MKTP.CD,1968,
KAZ,NY.GDP.MKTP.CD,1967,
KAZ,NY.GDP.MKTP.CD,1966,
KAZ,NY.GDP.MKTP.CD,1965,
KAZ,NY.GDP.MKTP.CD,1964,
KAZ,NY.GDP.MKTP.CD,1963,
KAZ,NY.GDP.MKTP.CD,1962,
KAZ,NY.GDP.MKTP.CD,1961,
KAZ,NY.GDP.MKTP.CD,1960,
KEN,NY.GDP.MKTP.CD,2024,120339557905.932
KEN,NY.GDP.MKTP.CD,2023,107500884685.013
KEN,NY.GDP.MKTP.CD,2022,114448978152.637
KEN,NY.GDP.MKTP.CD,2021,109703658904.994
KEN,NY.GDP.MKTP.CD,2020,100657505750.545
KEN,NY.GDP.MKTP.CD,2019,100378436207.371
KEN,NY.GDP.MKTP.CD,2018,92202979985.2863
KEN,NY.GDP.MKTP.CD,2017,82036510877.2599
KEN,NY.GDP.MKTP.CD,2016,74815144163.8931
KEN,NY.GDP.MKTP.CD,2015,70120446896.8359
KEN,NY.GDP.MKTP.CD,2014,68285796514.2896
KEN,NY.GDP.MKTP.CD,2013,61671440407.8387
KEN,NY.GDP.MKTP.CD,2012,56396704671.5777
KEN,NY.GDP.MKTP.CD,2011,46869473150.61
KEN,NY.GDP.MKTP.CD,2010,45405615063.7551
KEN,NY.GDP.MKTP.CD,2009,42347217912.9176
KEN,NY.GDP.MKTP.CD,2008,35895153327.8497
KEN,NY.GDP.MKTP.CD,2007,31958195182.2406
KEN,NY.GDP.MKTP.CD,2006,25825512284.2891
KEN,NY.GDP.MKTP.CD,2005,18737895512.7378
KEN,NY.GDP.MKTP.CD,2004,16095337093.8366
KEN,NY.GDP.MKTP.CD,2003,14904517649.8476
KEN,NY.GDP.MKTP.CD,2002,13147736898.5176
KEN,NY.GDP.MKTP.CD,2001,12986007425.8781
KEN,NY.GDP.MKTP.CD,2000,12705350097.8044
KEN,NY.GDP.MKTP.CD,1999,12896010459.3711
KEN,NY.GDP.MKTP.CD,1998,14093998843.7334
KEN,NY.GDP.MKTP.CD,1997,13115764358.2846
KEN,NY.GDP.MKTP.CD,1996,12045865396.1323
KEN,NY.GDP.MKTP.CD,1995,9046320255.40507
KEN,NY.GDP.MKTP.CD,1994,7148148564.04239
KEN,NY.GDP.MKTP.CD,1993,5751786642.55871
KEN,NY.GDP.MKTP.CD,1992,8209120763.04955
KEN,NY.GDP.MKTP.CD,1991,8151488783.19064
KEN,NY.GDP.MKTP.CD,1990,8572359038.16958
KEN,NY.GDP.MKTP.CD,1989,8283114514.17081
KEN,NY.GDP.MKTP.CD,1988,8355380879.12955
KEN,NY.GDP.MKTP.CD,1987,7970820369.2949
KEN,NY.GDP.MKTP.CD,1986,7239126568.14092
KEN,NY.GDP.MKTP.CD,1985,6135034213.78998
KEN,NY.GDP.MKTP.CD,1984,6191437070.18411
KEN,NY.GDP.MKTP.CD,1983,5979198313.76093
KEN,NY.GDP.MKTP.CD,1982,6431579356.95926
KEN,NY.GDP.MKTP.CD,1981,6854491705.88377
KEN,NY.GDP.MKTP.CD,1980,7265315820.20777
KEN,NY.GDP.MKTP.CD,1979,6234391113.46434
KEN,NY.GDP.MKTP.CD,1978,5303735110.55151
KEN,NY.GDP.MKTP.CD,1977,4494378764.32011
KEN,NY.GDP.MKTP.CD,1976,3474542391.69992
KEN,NY.GDP.MKTP.CD,1975,3259345083.26283
KEN,NY.GDP.MKTP.CD,1974,2969958812.01648
KEN,NY.GDP.MKTP.CD,1973,2509001324.34591
KEN,NY.GDP.MKTP.CD,1972,2107279157.08834
KEN,NY.GDP.MKTP.CD,1971,1778391288.64348
KEN,NY.GDP.MKTP.CD,1970,1603447358.62106
KEN,NY.GDP.MKTP.CD,1969,1458379416.64823
KEN,NY.GDP.MKTP.CD,1968,1353295458.68182
KEN,NY.GDP.MKTP.CD,1967,1232559506.9762
KEN,NY.GDP.MKTP.CD,1966,1164519674.19213
KEN,NY.GDP.MKTP.CD,1965,997919320.832272
KEN,NY.GDP.MKTP.CD,1964,998759334.496266
KEN,NY.GDP.MKTP.CD,1963,926589349.36426
KEN,NY.GDP.MKTP.CD,1962,868111400.75544
KEN,NY.GDP.MKTP.CD,1961,792959472.816211
KEN,NY.GDP.MKTP.CD,1960,791265459.493816
KIR,NY.GDP.MKTP.CD,2024,307862564.489711
KIR,NY.GDP.MKTP.CD,2023,288610747.738991
KIR,NY.GDP.MKTP.CD,2022,270040453.254018
KIR,NY.GDP.MKTP.CD,2021,285259881.131951
KIR,NY.GDP.MKTP.CD,2020,220898020.418627
KIR,NY.GDP.MKTP.CD,2019,216985388.322754
KIR,NY.GDP.MKTP.CD,2018,233514717.441266
KIR,NY.GDP.MKTP.CD,2017,222875736.343445
KIR,NY.GDP.MKTP.CD,2016,206467818.503227
KIR,NY.GDP.MKTP.CD,2015,191559398.688293
KIR,NY.GDP.MKTP.CD,2014,200287281.98074
KIR,NY.GDP.MKTP.CD,2013,201730860.757856
KIR,NY.GDP.MKTP.CD,2012,207001545.867109
KIR,NY.GDP.MKTP.CD,2011,195970140.170383
KIR,NY.GDP.MKTP.CD,2010,165458433.127645
KIR,NY.GDP.MKTP.CD,2009,140177384.145395
KIR,NY.GDP.MKTP.CD,2008,147017894.97877
KIR,NY.GDP.MKTP.CD,2007,138054945.643442
KIR,NY.GDP.MKTP.CD,2006,112338353.264712
KIR,NY.GDP.MKTP.CD,2005,113895437.324786
KIR,NY.GDP.MKTP.CD,2004,104085892.133271
KIR,NY.GDP.MKTP.CD,2003,96105619.3795504
KIR,NY.GDP.MKTP.CD,2002,74743869.1313473
KIR,NY.GDP.MKTP.CD,2001,64935850.1573877
KIR,NY.GDP.MKTP.CD,2000,74910527.2586758
KIR,NY.GDP.MKTP.CD,1999,77323978.1928449
KIR,NY.GDP.MKTP.CD,1998,74905705.8928477
KIR,NY.GDP.MKTP.CD,1997,80205806.8250976
KIR,NY.GDP.MKTP.CD,1996,81456854.1385109
KIR,NY.GDP.MKTP.CD,1995,68596394.6026524
KIR,NY.GDP.MKTP.CD,1994,67055333.9021503
KIR,NY.GDP.MKTP.CD,1993,58953595.9090414
KIR,NY.GDP.MKTP.CD,1992,61491369.281929
KIR,NY.GDP.MKTP.CD,1991,41247791.6364169
KIR,NY.GDP.MKTP.CD,1990,36534294.7991591
KIR,NY.GDP.MKTP.CD,1989,37645319.1994276
KIR,NY.GDP.MKTP.CD,1988,38278810.3176488
KIR,NY.GDP.MKTP.CD,1987,29554412.5328693
KIR,NY.GDP.MKTP.CD,1986,25993008.7943576
KIR,NY.GDP.MKTP.CD,1985,26126615.2284866
KIR,NY.GDP.MKTP.CD,1984,34394167.0416706
KIR,NY.GDP.MKTP.CD,1983,31000545.7710517
KIR,NY.GDP.MKTP.CD,1982,32742712.6527597
KIR,NY.GDP.MKTP.CD,1981,35267489.2425442
KIR,NY.GDP.MKTP.CD,1980,33157723.1094117
KIR,NY.GDP.MKTP.CD,1979,34466197.0333233
KIR,NY.GDP.MKTP.CD,1978,36563964.5510014
KIR,NY.GDP.MKTP.CD,1977,31335458.7039851
KIR,NY.GDP.MKTP.CD,1976,33246816.5018414
KIR,NY.GDP.MKTP.CD,1975,44547453.6024265
KIR,NY.GDP.MKTP.CD,1974,69256488.5160763
KIR,NY.GDP.MKTP.CD,1973,25645040.4712955
KIR,NY.GDP.MKTP.CD,1972,15314346.4925323
KIR,NY.GDP.MKTP.CD,1971,12356134.3838676
KIR,NY.GDP.MKTP.CD,1970,11560877.2811451
KIR,NY.GDP.MKTP.CD,1969,
KIR,NY.GDP.MKTP.CD,1968,
KIR,NY.GDP.MKTP.CD,1967,
KIR,NY.GDP.MKTP.CD,1966,
KIR,NY.GDP.MKTP.CD,1965,
KIR,NY.GDP.MKTP.CD,1964,
KIR,NY.GDP.MKTP.CD,1963,
KIR,NY.GDP.MKTP.CD,1962,
KIR,NY.GDP.MKTP.CD,1961,
KIR,NY.GDP.MKTP.CD,1960,
PRK,NY.GDP.MKTP.CD,2024,
PRK,NY.GDP.MKTP.CD,2023,
PRK,NY.GDP.MKTP.CD,2022,
PRK,NY.GDP.MKTP.CD,2021,
PRK,NY.GDP.MKTP.CD,2020,
PRK,NY.GDP.MKTP.CD,2019,
PRK,NY.GDP.MKTP.CD,2018,
PRK,NY.GDP.MKTP.CD,2017,
PRK,NY.GDP.MKTP.CD,2016,
PRK,NY.GDP.MKTP.CD,2015,
PRK,NY.GDP.MKTP.CD,2014,
PRK,NY.GDP.MKTP.CD,2013,
PRK,NY.GDP.MKTP.CD,2012,
PRK,NY.GDP.MKTP.CD,2011,
PRK,NY.GDP.MKTP.CD,2010,
PRK,NY.GDP.MKTP.CD,2009,
PRK,NY.GDP.MKTP.CD,2008,
PRK,NY.GDP.MKTP.CD,2007,
PRK,NY.GDP.MKTP.CD,2006,
PRK,NY.GDP.MKTP.CD,2005,
PRK,NY.GDP.MKTP.CD,2004,
PRK,NY.GDP.MKTP.CD,2003,
PRK,NY.GDP.MKTP.CD,2002,
PRK,NY.GDP.MKTP.CD,2001,
PRK,NY.GDP.MKTP.CD,2000,
PRK,NY.GDP.MKTP.CD,1999,
PRK,NY.GDP.MKTP.CD,1998,
PRK,NY.GDP.MKTP.CD,1997,
PRK,NY.GDP.MKTP.CD,1996,
PRK,NY.GDP.MKTP.CD,1995,
PRK,NY.GDP.MKTP.CD,1994,
PRK,NY.GDP.MKTP.CD,1993,
PRK,NY.GDP.MKTP.CD,1992,
PRK,NY.GDP.MKTP.CD,1991,
PRK,NY.GDP.MKTP.CD,1990,
PRK,NY.GDP.MKTP.CD,1989,
PRK,NY.GDP.MKTP.CD,1988,
PRK,NY.GDP.MKTP.CD,1987,
PRK,NY.GDP.MKTP.CD,1986,
PRK,NY.GDP.MKTP.CD,1985,
PRK,NY.GDP.MKTP.CD,1984,
PRK,NY.GDP.MKTP.CD,1983,
PRK,NY.GDP.MKTP.CD,1982,
PRK,NY.GDP.MKTP.CD,1981,
PRK,NY.GDP.MKTP.CD,1980,
PRK,NY.GDP.MKTP.CD,1979,
PRK,NY.GDP.MKTP.CD,1978,
PRK,NY.GDP.MKTP.CD,1977,
PRK,NY.GDP.MKTP.CD,1976,
PRK,NY.GDP.MKTP.CD,1975,
PRK,NY.GDP.MKTP.CD,1974,
PRK,NY.GDP.MKTP.CD,1973,
PRK,NY.GDP.MKTP.CD,1972,
PRK,NY.GDP.MKTP.CD,1971,
PRK,NY.GDP.MKTP.CD,1970,
PRK,NY.GDP.MKTP.CD,1969,
PRK,NY.GDP.MKTP.CD,1968,
PRK,NY.GDP.MKTP.CD,1967,
PRK,NY.GDP.MKTP.CD,1966,
PRK,NY.GDP.MKTP.CD,1965,
PRK,NY.GDP.MKTP.CD,1964,
PRK,NY.GDP.MKTP.CD,1963,
PRK,NY.GDP.MKTP.CD,1962,
PRK,NY.GDP.MKTP.CD,1961,
PRK,NY.GDP.MKTP.CD,1960,
KOR,NY.GDP.MKTP.CD,2024,1875388209406.8
KOR,NY.GDP.MKTP.CD,2023,1844800934391.54
KOR,NY.GDP.MKTP.CD,2022,1799363116866.52
KOR,NY.GDP.MKTP.CD,2021,1942313560965.9
KOR,NY.GDP.MKTP.CD,2020,1744070276373.34
KOR,NY.GDP.MKTP.CD,2019,1751045752054.63
KOR,NY.GDP.MKTP.CD,2018,1824251454306.83
KOR,NY.GDP.MKTP.CD,2017,1710196756713.17
KOR,NY.GDP.MKTP.CD,2016,1579150518945.44
KOR,NY.GDP.MKTP.CD,2015,1539212301135.55
KOR,NY.GDP.MKTP.CD,2014,1556252422020.44
KOR,NY.GDP.MKTP.CD,2013,1434669686501.84
KOR,NY.GDP.MKTP.CD,2012,1335343586437.67
KOR,NY.GDP.MKTP.CD,2011,1307103477219.1
KOR,NY.GDP.MKTP.CD,2010,1192830015737.68
KOR,NY.GDP.MKTP.CD,2009,983065242417.36
KOR,NY.GDP.MKTP.CD,2008,1091580692542.34
KOR,NY.GDP.MKTP.CD,2007,1220911904593.06
KOR,NY.GDP.MKTP.CD,2006,1095175538508.19
KOR,NY.GDP.MKTP.CD,2005,971740329983.878
KOR,NY.GDP.MKTP.CD,2004,823251107638.814
KOR,NY.GDP.MKTP.CD,2003,728516494684.269
KOR,NY.GDP.MKTP.CD,2002,650014391470.21
KOR,NY.GDP.MKTP.CD,2001,567564806235.441
KOR,NY.GDP.MKTP.CD,2000,597487173479.109
KOR,NY.GDP.MKTP.CD,1999,515697079289.011
KOR,NY.GDP.MKTP.CD,1998,397297216492.19
KOR,NY.GDP.MKTP.CD,1997,589202526424.141
KOR,NY.GDP.MKTP.CD,1996,631196863758.281
KOR,NY.GDP.MKTP.CD,1995,586286469400.665
KOR,NY.GDP.MKTP.CD,1994,479181794216.859
KOR,NY.GDP.MKTP.CD,1993,405705302846.447
KOR,NY.GDP.MKTP.CD,1992,366921291824.719
KOR,NY.GDP.MKTP.CD,1991,340851946803.812
KOR,NY.GDP.MKTP.CD,1990,292064221388.988
KOR,NY.GDP.MKTP.CD,1989,254236243100.439
KOR,NY.GDP.MKTP.CD,1988,205477530605.222
KOR,NY.GDP.MKTP.CD,1987,152240393645.506
KOR,NY.GDP.MKTP.CD,1986,119965960795.24
KOR,NY.GDP.MKTP.CD,1985,103764281280.89
KOR,NY.GDP.MKTP.CD,1984,99749645088.5994
KOR,NY.GDP.MKTP.CD,1983,89621208322.3386
KOR,NY.GDP.MKTP.CD,1982,79921300446.6517
KOR,NY.GDP.MKTP.CD,1981,74287368087.3467
KOR,NY.GDP.MKTP.CD,1980,66547970350.6151
KOR,NY.GDP.MKTP.CD,1979,68083884297.5207
KOR,NY.GDP.MKTP.CD,1978,52824793388.4297
KOR,NY.GDP.MKTP.CD,1977,39064462809.9174
KOR,NY.GDP.MKTP.CD,1976,30371074380.1653
KOR,NY.GDP.MKTP.CD,1975,22126033057.8512
KOR,NY.GDP.MKTP.CD,1974,19860929976.698
KOR,NY.GDP.MKTP.CD,1973,14067523813.0386
KOR,NY.GDP.MKTP.CD,1972,10990490569.7259
KOR,NY.GDP.MKTP.CD,1971,10005257131.3347
KOR,NY.GDP.MKTP.CD,1970,9085001793.55852
KOR,NY.GDP.MKTP.CD,1969,7743940188.95006
KOR,NY.GDP.MKTP.CD,1968,6167109472.42856
KOR,NY.GDP.MKTP.CD,1967,4895076717.9993
KOR,NY.GDP.MKTP.CD,1966,3957064541.39218
KOR,NY.GDP.MKTP.CD,1965,3141131708.31319
KOR,NY.GDP.MKTP.CD,1964,3476789681.58031
KOR,NY.GDP.MKTP.CD,1963,4007692307.69231
KOR,NY.GDP.MKTP.CD,1962,2826923076.92308
KOR,NY.GDP.MKTP.CD,1961,2427244760.66918
KOR,NY.GDP.MKTP.CD,1960,3973069306.93069
XKX,NY.GDP.MKTP.CD,2024,11197246322.588
XKX,NY.GDP.MKTP.CD,2023,10468224574.7539
XKX,NY.GDP.MKTP.CD,2022,9354907646.29785
XKX,NY.GDP.MKTP.CD,2021,9413408574.4949
XKX,NY.GDP.MKTP.CD,2020,7717143395.54732
XKX,NY.GDP.MKTP.CD,2019,7899741278.75198
XKX,NY.GDP.MKTP.CD,2018,7878762812.27689
XKX,NY.GDP.MKTP.CD,2017,7180768692.01515
XKX,NY.GDP.MKTP.CD,2016,6682677289.98994
XKX,NY.GDP.MKTP.CD,2015,6295848422.71573
XKX,NY.GDP.MKTP.CD,2014,7074394734.88431
XKX,NY.GDP.MKTP.CD,2013,6735328609.6594
XKX,NY.GDP.MKTP.CD,2012,6163484244.63408
XKX,NY.GDP.MKTP.CD,2011,6341613609.97976
XKX,NY.GDP.MKTP.CD,2010,5343950556.07185
XKX,NY.GDP.MKTP.CD,2009,5015894692.97027
XKX,NY.GDP.MKTP.CD,2008,5181776768.71247
XKX,NY.GDP.MKTP.CD,2007,
XKX,NY.GDP.MKTP.CD,2006,
XKX,NY.GDP.MKTP.CD,2005,
XKX,NY.GDP.MKTP.CD,2004,
XKX,NY.GDP.MKTP.CD,2003,
XKX,NY.GDP.MKTP.CD,2002,
XKX,NY.GDP.MKTP.CD,2001,
XKX,NY.GDP.MKTP.CD,2000,
XKX,NY.GDP.MKTP.CD,1999,
XKX,NY.GDP.MKTP.CD,1998,
XKX,NY.GDP.MKTP.CD,1997,
XKX,NY.GDP.MKTP.CD,1996,
XKX,NY.GDP.MKTP.CD,1995,
XKX,NY.GDP.MKTP.CD,1994,
XKX,NY.GDP.MKTP.CD,1993,
XKX,NY.GDP.MKTP.CD,1992,
XKX,NY.GDP.MKTP.CD,1991,
XKX,NY.GDP.MKTP.CD,1990,
XKX,NY.GDP.MKTP.CD,1989,
XKX,NY.GDP.MKTP.CD,1988,
XKX,NY.GDP.MKTP.CD,1987,
XKX,NY.GDP.MKTP.CD,1986,
XKX,NY.GDP.MKTP.CD,1985,
XKX,NY.GDP.MKTP.CD,1984,
XKX,NY.GDP.MKTP.CD,1983,
XKX,NY.GDP.MKTP.CD,1982,
XKX,NY.GDP.MKTP.CD,1981,
XKX,NY.GDP.MKTP.CD,1980,
XKX,NY.GDP.MKTP.CD,1979,
XKX,NY.GDP.MKTP.CD,1978,
XKX,NY.GDP.MKTP.CD,1977,
XKX,NY.GDP.MKTP.CD,1976,
XKX,NY.GDP.MKTP.CD,1975,
XKX,NY.GDP.MKTP.CD,1974,
XKX,NY.GDP.MKTP.CD,1973,
XKX,NY.GDP.MKTP.CD,1972,
XKX,NY.GDP.MKTP.CD,1971,
XKX,NY.GDP.MKTP.CD,1970,
XKX,NY.GDP.MKTP.CD,1969,
XKX,NY.GDP.MKTP.CD,1968,
XKX,NY.GDP.MKTP.CD,1967,
XKX,NY.GDP.MKTP.CD,1966,
XKX,NY.GDP.MKTP.CD,1965,
XKX,NY.GDP.MKTP.CD,1964,
XKX,NY.GDP.MKTP.CD,1963,
XKX,NY.GDP.MKTP.CD,1962,
XKX,NY.GDP.MKTP.CD,1961,
XKX,NY.GDP.MKTP.CD,1960,
KWT,NY.GDP.MKTP.CD,2024,160227273053.334
KWT,NY.GDP.MKTP.CD,2023,165384407116.233
KWT,NY.GDP.MKTP.CD,2022,183502046693.878
KWT,NY.GDP.MKTP.CD,2021,148350671489.144
KWT,NY.GDP.MKTP.CD,2020,111045470605.715
KWT,NY.GDP.MKTP.CD,2019,140856394860.529
KWT,NY.GDP.MKTP.CD,2018,138646316350.727
KWT,NY.GDP.MKTP.CD,2017,120687539805.505
KWT,NY.GDP.MKTP.CD,2016,109406674124.652
KWT,NY.GDP.MKTP.CD,2015,114585555688.511
KWT,NY.GDP.MKTP.CD,2014,162650450684.725
KWT,NY.GDP.MKTP.CD,2013,174168116534.844
KWT,NY.GDP.MKTP.CD,2012,174047662680.041
KWT,NY.GDP.MKTP.CD,2011,154039231245.856
KWT,NY.GDP.MKTP.CD,2010,115416245241.742
KWT,NY.GDP.MKTP.CD,2009,105968691905.415
KWT,NY.GDP.MKTP.CD,2008,147379737229.753
KWT,NY.GDP.MKTP.CD,2007,114634043361.692
KWT,NY.GDP.MKTP.CD,2006,101557330723.423
KWT,NY.GDP.MKTP.CD,2005,80798630136.9863
KWT,NY.GDP.MKTP.CD,2004,59439090600.6108
KWT,NY.GDP.MKTP.CD,2003,47874582231.588
KWT,NY.GDP.MKTP.CD,2002,38135788413.8276
KWT,NY.GDP.MKTP.CD,2001,34889559869.8326
KWT,NY.GDP.MKTP.CD,2000,37718743480.0751
KWT,NY.GDP.MKTP.CD,1999,30122365849.2518
KWT,NY.GDP.MKTP.CD,1998,25943705784.2996
KWT,NY.GDP.MKTP.CD,1997,30350190704.4361
KWT,NY.GDP.MKTP.CD,1996,31492373308.7516
KWT,NY.GDP.MKTP.CD,1995,27186980646.5448
KWT,NY.GDP.MKTP.CD,1994,24848483838.3838
KWT,NY.GDP.MKTP.CD,1993,23941391390.7285
KWT,NY.GDP.MKTP.CD,1992,19858555214.7239
KWT,NY.GDP.MKTP.CD,1991,11009993703.1474
KWT,NY.GDP.MKTP.CD,1990,18427777777.7778
KWT,NY.GDP.MKTP.CD,1989,24313855653.3993
KWT,NY.GDP.MKTP.CD,1988,20690322152.8945
KWT,NY.GDP.MKTP.CD,1987,22368704133.6668
KWT,NY.GDP.MKTP.CD,1986,17903989745.178
KWT,NY.GDP.MKTP.CD,1985,21445970613.7595
KWT,NY.GDP.MKTP.CD,1984,21700082752.9369
KWT,NY.GDP.MKTP.CD,1983,20871081080.1538
KWT,NY.GDP.MKTP.CD,1982,21577153356.4192
KWT,NY.GDP.MKTP.CD,1981,25058020338.2535
KWT,NY.GDP.MKTP.CD,1980,28638868355.9196
KWT,NY.GDP.MKTP.CD,1979,24749063922.4796
KWT,NY.GDP.MKTP.CD,1978,15503557496.1916
KWT,NY.GDP.MKTP.CD,1977,14137406740.5065
KWT,NY.GDP.MKTP.CD,1976,13132252801.9372
KWT,NY.GDP.MKTP.CD,1975,12022811620.7867
KWT,NY.GDP.MKTP.CD,1974,13006948296.2705
KWT,NY.GDP.MKTP.CD,1973,5408804607.3129
KWT,NY.GDP.MKTP.CD,1972,4450537925.33189
KWT,NY.GDP.MKTP.CD,1971,3880392195.40688
KWT,NY.GDP.MKTP.CD,1970,2873638850.54446
KWT,NY.GDP.MKTP.CD,1969,2769198892.32044
KWT,NY.GDP.MKTP.CD,1968,2662798934.88043
KWT,NY.GDP.MKTP.CD,1967,2441599023.36039
KWT,NY.GDP.MKTP.CD,1966,2391199043.52038
KWT,NY.GDP.MKTP.CD,1965,2097199161.12034
KWT,NY.GDP.MKTP.CD,1964,2071668533.03471
KWT,NY.GDP.MKTP.CD,1963,1900895856.66293
KWT,NY.GDP.MKTP.CD,1962,1828107502.79955
KWT,NY.GDP.MKTP.CD,1961,
KWT,NY.GDP.MKTP.CD,1960,
KGZ,NY.GDP.MKTP.CD,2024,17478259659.2625
KGZ,NY.GDP.MKTP.CD,2023,15180842369.4894
KGZ,NY.GDP.MKTP.CD,2022,12134931017.9465
KGZ,NY.GDP.MKTP.CD,2021,9249133946.26531
KGZ,NY.GDP.MKTP.CD,2020,8270468614.24051
KGZ,NY.GDP.MKTP.CD,2019,9371275264.36735
KGZ,NY.GDP.MKTP.CD,2018,8271106235.41552
KGZ,NY.GDP.MKTP.CD,2017,7702938379.42036
KGZ,NY.GDP.MKTP.CD,2016,6813095379.1187
KGZ,NY.GDP.MKTP.CD,2015,6678177511.66313
KGZ,NY.GDP.MKTP.CD,2014,7468102412.68237
KGZ,NY.GDP.MKTP.CD,2013,7335033800.59056
KGZ,NY.GDP.MKTP.CD,2012,6605142884.36215
KGZ,NY.GDP.MKTP.CD,2011,6197765984.28468
KGZ,NY.GDP.MKTP.CD,2010,4794361863.01353
KGZ,NY.GDP.MKTP.CD,2009,4690061380.60253
KGZ,NY.GDP.MKTP.CD,2008,5139958909.17936
KGZ,NY.GDP.MKTP.CD,2007,3802570552.56105
KGZ,NY.GDP.MKTP.CD,2006,2834168889.42019
KGZ,NY.GDP.MKTP.CD,2005,2460246766.41401
KGZ,NY.GDP.MKTP.CD,2004,2211534585.0034
KGZ,NY.GDP.MKTP.CD,2003,1919008090.49641
KGZ,NY.GDP.MKTP.CD,2002,1605643104.73021
KGZ,NY.GDP.MKTP.CD,2001,1525116370.27939
KGZ,NY.GDP.MKTP.CD,2000,1369688498.06778
KGZ,NY.GDP.MKTP.CD,1999,1249061487.01457
KGZ,NY.GDP.MKTP.CD,1998,1645963749.83146
KGZ,NY.GDP.MKTP.CD,1997,1767864035.71943
KGZ,NY.GDP.MKTP.CD,1996,1827570586.16784
KGZ,NY.GDP.MKTP.CD,1995,1661147035.24388
KGZ,NY.GDP.MKTP.CD,1994,1681780847.41091
KGZ,NY.GDP.MKTP.CD,1993,2026019252.61241
KGZ,NY.GDP.MKTP.CD,1992,2315346942.855
KGZ,NY.GDP.MKTP.CD,1991,2542256424.35069
KGZ,NY.GDP.MKTP.CD,1990,2660202622.91006
KGZ,NY.GDP.MKTP.CD,1989,
KGZ,NY.GDP.MKTP.CD,1988,
KGZ,NY.GDP.MKTP.CD,1987,
KGZ,NY.GDP.MKTP.CD,1986,
KGZ,NY.GDP.MKTP.CD,1985,
KGZ,NY.GDP.MKTP.CD,1984,
KGZ,NY.GDP.MKTP.CD,1983,
KGZ,NY.GDP.MKTP.CD,1982,
KGZ,NY.GDP.MKTP.CD,1981,
KGZ,NY.GDP.MKTP.CD,1980,
KGZ,NY.GDP.MKTP.CD,1979,
KGZ,NY.GDP.MKTP.CD,1978,
KGZ,NY.GDP.MKTP.CD,1977,
KGZ,NY.GDP.MKTP.CD,1976,
KGZ,NY.GDP.MKTP.CD,1975,
KGZ,NY.GDP.MKTP.CD,1974,
KGZ,NY.GDP.MKTP.CD,1973,
KGZ,NY.GDP.MKTP.CD,1972,
KGZ,NY.GDP.MKTP.CD,1971,
KGZ,NY.GDP.MKTP.CD,1970,
KGZ,NY.GDP.MKTP.CD,1969,
KGZ,NY.GDP.MKTP.CD,1968,
KGZ,NY.GDP.MKTP.CD,1967,
KGZ,NY.GDP.MKTP.CD,1966,
KGZ,NY.GDP.MKTP.CD,1965,
KGZ,NY.GDP.MKTP.CD,1964,
KGZ,NY.GDP.MKTP.CD,1963,
KGZ,NY.GDP.MKTP.CD,1962,
KGZ,NY.GDP.MKTP.CD,1961,
KGZ,NY.GDP.MKTP.CD,1960,
LAO,NY.GDP.MKTP.CD,2024,16502933121.3379
LAO,NY.GDP.MKTP.CD,2023,15843155731.2552
LAO,NY.GDP.MKTP.CD,2022,15468785203.7532
LAO,NY.GDP.MKTP.CD,2021,18827148530.9347
LAO,NY.GDP.MKTP.CD,2020,18981805250.2424
LAO,NY.GDP.MKTP.CD,2019,18740561512.5555
LAO,NY.GDP.MKTP.CD,2018,18141641089.7963
LAO,NY.GDP.MKTP.CD,2017,17071155481.4994
LAO,NY.GDP.MKTP.CD,2016,15912501722.6143
LAO,NY.GDP.MKTP.CD,2015,14426380125.6488
LAO,NY.GDP.MKTP.CD,2014,13279245886.3854
LAO,NY.GDP.MKTP.CD,2013,11983252626.5452
LAO,NY.GDP.MKTP.CD,2012,10192846339.4029
LAO,NY.GDP.MKTP.CD,2011,8750104617.17303
LAO,NY.GDP.MKTP.CD,2010,7131771014.70456
LAO,NY.GDP.MKTP.CD,2009,5836137329.63305
LAO,NY.GDP.MKTP.CD,2008,5446433157.40114
LAO,NY.GDP.MKTP.CD,2007,4223152739.04052
LAO,NY.GDP.MKTP.CD,2006,3455030060.9785
LAO,NY.GDP.MKTP.CD,2005,2735558734.7379
LAO,NY.GDP.MKTP.CD,2004,2366398119.86321
LAO,NY.GDP.MKTP.CD,2003,2023324407.28414
LAO,NY.GDP.MKTP.CD,2002,1758176653.07746
LAO,NY.GDP.MKTP.CD,2001,1768619058.34647
LAO,NY.GDP.MKTP.CD,2000,1731198022.46763
LAO,NY.GDP.MKTP.CD,1999,1454430642.44959
LAO,NY.GDP.MKTP.CD,1998,1280177838.71905
LAO,NY.GDP.MKTP.CD,1997,1747011857.33107
LAO,NY.GDP.MKTP.CD,1996,1873671550.34636
LAO,NY.GDP.MKTP.CD,1995,1763536304.53964
LAO,NY.GDP.MKTP.CD,1994,1543606345.11684
LAO,NY.GDP.MKTP.CD,1993,1327748689.88094
LAO,NY.GDP.MKTP.CD,1992,1127806944.61513
LAO,NY.GDP.MKTP.CD,1991,1028087972.31085
LAO,NY.GDP.MKTP.CD,1990,865559879.400406
LAO,NY.GDP.MKTP.CD,1989,714046821.093797
LAO,NY.GDP.MKTP.CD,1988,598961269.297879
LAO,NY.GDP.MKTP.CD,1987,1087273103.69639
LAO,NY.GDP.MKTP.CD,1986,1776842097.16343
LAO,NY.GDP.MKTP.CD,1985,2366666615.55556
LAO,NY.GDP.MKTP.CD,1984,1757142855.91837
LAO,NY.GDP.MKTP.CD,1983,
LAO,NY.GDP.MKTP.CD,1982,
LAO,NY.GDP.MKTP.CD,1981,
LAO,NY.GDP.MKTP.CD,1980,
LAO,NY.GDP.MKTP.CD,1979,
LAO,NY.GDP.MKTP.CD,1978,
LAO,NY.GDP.MKTP.CD,1977,
LAO,NY.GDP.MKTP.CD,1976,
LAO,NY.GDP.MKTP.CD,1975,
LAO,NY.GDP.MKTP.CD,1974,
LAO,NY.GDP.MKTP.CD,1973,
LAO,NY.GDP.MKTP.CD,1972,
LAO,NY.GDP.MKTP.CD,1971,
LAO,NY.GDP.MKTP.CD,1970,
LAO,NY.GDP.MKTP.CD,1969,
LAO,NY.GDP.MKTP.CD,1968,
LAO,NY.GDP.MKTP.CD,1967,
LAO,NY.GDP.MKTP.CD,1966,
LAO,NY.GDP.MKTP.CD,1965,
LAO,NY.GDP.MKTP.CD,1964,
LAO,NY.GDP.MKTP.CD,1963,
LAO,NY.GDP.MKTP.CD,1962,
LAO,NY.GDP.MKTP.CD,1961,
LAO,NY.GDP.MKTP.CD,1960,
LVA,NY.GDP.MKTP.CD,2024,43684254432.3609
LVA,NY.GDP.MKTP.CD,2023,42779550936.838
LVA,NY.GDP.MKTP.CD,2022,38003198508.9107
LVA,NY.GDP.MKTP.CD,2021,38183326784.9335
LVA,NY.GDP.MKTP.CD,2020,33379927434.6149
LVA,NY.GDP.MKTP.CD,2019,33099503950.847
LVA,NY.GDP.MKTP.CD,2018,33247935477.3576
LVA,NY.GDP.MKTP.CD,2017,29391059767.4259
LVA,NY.GDP.MKTP.CD,2016,27117105059.5075
LVA,NY.GDP.MKTP.CD,2015,26344565876.8902
LVA,NY.GDP.MKTP.CD,2014,30277203767.4058
LVA,NY.GDP.MKTP.CD,2013,29152128167.8438
LVA,NY.GDP.MKTP.CD,2012,27116149948.6683
LVA,NY.GDP.MKTP.CD,2011,26575547900.8247
LVA,NY.GDP.MKTP.CD,2010,23468324572.3343
LVA,NY.GDP.MKTP.CD,2009,25691530442.035
LVA,NY.GDP.MKTP.CD,2008,34135200994.0067
LVA,NY.GDP.MKTP.CD,2007,29420499247.7089
LVA,NY.GDP.MKTP.CD,2006,20434922247.3037
LVA,NY.GDP.MKTP.CD,2005,16306935905.4138
LVA,NY.GDP.MKTP.CD,2004,13827070378.5612
LVA,NY.GDP.MKTP.CD,2003,11244337719.8377
LVA,NY.GDP.MKTP.CD,2002,9249030241.01864
LVA,NY.GDP.MKTP.CD,2001,8190888739.6463
LVA,NY.GDP.MKTP.CD,2000,7761252607.18424
LVA,NY.GDP.MKTP.CD,1999,7324192889.74297
LVA,NY.GDP.MKTP.CD,1998,6974112951.26891
LVA,NY.GDP.MKTP.CD,1997,6349481006.53278
LVA,NY.GDP.MKTP.CD,1996,5799465288.41246
LVA,NY.GDP.MKTP.CD,1995,5608208784.9401
LVA,NY.GDP.MKTP.CD,1994,
LVA,NY.GDP.MKTP.CD,1993,
LVA,NY.GDP.MKTP.CD,1992,
LVA,NY.GDP.MKTP.CD,1991,
LVA,NY.GDP.MKTP.CD,1990,
LVA,NY.GDP.MKTP.CD,1989,
LVA,NY.GDP.MKTP.CD,1988,
LVA,NY.GDP.MKTP.CD,1987,
LVA,NY.GDP.MKTP.CD,1986,
LVA,NY.GDP.MKTP.CD,1985,
LVA,NY.GDP.MKTP.CD,1984,
LVA,NY.GDP.MKTP.CD,1983,
LVA,NY.GDP.MKTP.CD,1982,
LVA,NY.GDP.MKTP.CD,1981,
LVA,NY.GDP.MKTP.CD,1980,
LVA,NY.GDP.MKTP.CD,1979,
LVA,NY.GDP.MKTP.CD,1978,
LVA,NY.GDP.MKTP.CD,1977,
LVA,NY.GDP.MKTP.CD,1976,
LVA,NY.GDP.MKTP.CD,1975,
LVA,NY.GDP.MKTP.CD,1974,
LVA,NY.GDP.MKTP.CD,1973,
LVA,NY.GDP.MKTP.CD,1972,
LVA,NY.GDP.MKTP.CD,1971,
LVA,NY.GDP.MKTP.CD,1970,
LVA,NY.GDP.MKTP.CD,1969,
LVA,NY.GDP.MKTP.CD,1968,
LVA,NY.GDP.MKTP.CD,1967,
LVA,NY.GDP.MKTP.CD,1966,
LVA,NY.GDP.MKTP.CD,1965,
LVA,NY.GDP.MKTP.CD,1964,
LVA,NY.GDP.MKTP.CD,1963,
LVA,NY.GDP.MKTP.CD,1962,
LVA,NY.GDP.MKTP.CD,1961,
LVA,NY.GDP.MKTP.CD,1960,
LBN,NY.GDP.MKTP.CD,2024,
LBN,NY.GDP.MKTP.CD,2023,20078620356.9931
LBN,NY.GDP.MKTP.CD,2022,20992421948.8081
LBN,NY.GDP.MKTP.CD,2021,23131941556.7843
LBN,NY.GDP.MKTP.CD,2020,31712128253.7961
LBN,NY.GDP.MKTP.CD,2019,51605959131.2741
LBN,NY.GDP.MKTP.CD,2018,54901519155.5556
LBN,NY.GDP.MKTP.CD,2017,53027680685.9038
LBN,NY.GDP.MKTP.CD,2016,51147308774.1294
LBN,NY.GDP.MKTP.CD,2015,49929337836.8159
LBN,NY.GDP.MKTP.CD,2014,48095213746.6003
LBN,NY.GDP.MKTP.CD,2013,46880103080.597
LBN,NY.GDP.MKTP.CD,2012,44016799515.7546
LBN,NY.GDP.MKTP.CD,2011,39927125961.5257
LBN,NY.GDP.MKTP.CD,2010,38443907042.1227
LBN,NY.GDP.MKTP.CD,2009,35399582928.6899
LBN,NY.GDP.MKTP.CD,2008,29118916105.4726
LBN,NY.GDP.MKTP.CD,2007,24827355014.9254
LBN,NY.GDP.MKTP.CD,2006,22022709851.4096
LBN,NY.GDP.MKTP.CD,2005,21497336498.8391
LBN,NY.GDP.MKTP.CD,2004,21159827992.0398
LBN,NY.GDP.MKTP.CD,2003,20082918739.6352
LBN,NY.GDP.MKTP.CD,2002,19152238805.9701
LBN,NY.GDP.MKTP.CD,2001,17649751243.7811
LBN,NY.GDP.MKTP.CD,2000,17260364842.4544
LBN,NY.GDP.MKTP.CD,1999,17391056369.2265
LBN,NY.GDP.MKTP.CD,1998,17247179005.5219
LBN,NY.GDP.MKTP.CD,1997,15751867489.4446
LBN,NY.GDP.MKTP.CD,1996,13690217333.5879
LBN,NY.GDP.MKTP.CD,1995,11718795528.5556
LBN,NY.GDP.MKTP.CD,1994,9599127050.17558
LBN,NY.GDP.MKTP.CD,1993,7941744492.23595
LBN,NY.GDP.MKTP.CD,1992,5843579160.90122
LBN,NY.GDP.MKTP.CD,1991,4690415092.53663
LBN,NY.GDP.MKTP.CD,1990,2838485353.96187
LBN,NY.GDP.MKTP.CD,1989,2717998687.71002
LBN,NY.GDP.MKTP.CD,1988,3313540067.93246
LBN,NY.GDP.MKTP.CD,1987,
LBN,NY.GDP.MKTP.CD,1986,
LBN,NY.GDP.MKTP.CD,1985,
LBN,NY.GDP.MKTP.CD,1984,
LBN,NY.GDP.MKTP.CD,1983,
LBN,NY.GDP.MKTP.CD,1982,
LBN,NY.GDP.MKTP.CD,1981,
LBN,NY.GDP.MKTP.CD,1980,
LBN,NY.GDP.MKTP.CD,1979,
LBN,NY.GDP.MKTP.CD,1978,
LBN,NY.GDP.MKTP.CD,1977,
LBN,NY.GDP.MKTP.CD,1976,
LBN,NY.GDP.MKTP.CD,1975,
LBN,NY.GDP.MKTP.CD,1974,
LBN,NY.GDP.MKTP.CD,1973,
LBN,NY.GDP.MKTP.CD,1972,
LBN,NY.GDP.MKTP.CD,1971,
LBN,NY.GDP.MKTP.CD,1970,
LBN,NY.GDP.MKTP.CD,1969,
LBN,NY.GDP.MKTP.CD,1968,
LBN,NY.GDP.MKTP.CD,1967,
LBN,NY.GDP.MKTP.CD,1966,
LBN,NY.GDP.MKTP.CD,1965,
LBN,NY.GDP.MKTP.CD,1964,
LBN,NY.GDP.MKTP.CD,1963,
LBN,NY.GDP.MKTP.CD,1962,
LBN,NY.GDP.MKTP.CD,1961,
LBN,NY.GDP.MKTP.CD,1960,
LSO,NY.GDP.MKTP.CD,2024,2271759454.51107
LSO,NY.GDP.MKTP.CD,2023,2117962445.37471
LSO,NY.GDP.MKTP.CD,2022,2354980960.02697
LSO,NY.GDP.MKTP.CD,2021,2412130056.55851
LSO,NY.GDP.MKTP.CD,2020,2053699863.99625
LSO,NY.GDP.MKTP.CD,2019,2390702295.82777
LSO,NY.GDP.MKTP.CD,2018,2556247291.99785
LSO,NY.GDP.MKTP.CD,2017,2306741672.29006
LSO,NY.GDP.MKTP.CD,2016,2114426452.2019
LSO,NY.GDP.MKTP.CD,2015,2359686724.53829
LSO,NY.GDP.MKTP.CD,2014,2441063054.05792
LSO,NY.GDP.MKTP.CD,2013,2367112931.642
LSO,NY.GDP.MKTP.CD,2012,2477702216.26888
LSO,NY.GDP.MKTP.CD,2011,2579409619.96722
LSO,NY.GDP.MKTP.CD,2010,2234754241.91918
LSO,NY.GDP.MKTP.CD,2009,1740894964.80511
LSO,NY.GDP.MKTP.CD,2008,1766902709.19935
LSO,NY.GDP.MKTP.CD,2007,1682131784.51365
LSO,NY.GDP.MKTP.CD,2006,1800092563.75462
LSO,NY.GDP.MKTP.CD,2005,1682343527.49221
LSO,NY.GDP.MKTP.CD,2004,1511236655.52047
LSO,NY.GDP.MKTP.CD,2003,1157825434.78971
LSO,NY.GDP.MKTP.CD,2002,775777238.55814
LSO,NY.GDP.MKTP.CD,2001,825706961.238689
LSO,NY.GDP.MKTP.CD,2000,887291687.920796
LSO,NY.GDP.MKTP.CD,1999,912773681.050642
LSO,NY.GDP.MKTP.CD,1998,928460893.108965
LSO,NY.GDP.MKTP.CD,1997,998004258.715675
LSO,NY.GDP.MKTP.CD,1996,946112492.844847
LSO,NY.GDP.MKTP.CD,1995,1001894000.27846
LSO,NY.GDP.MKTP.CD,1994,878250945.280469
LSO,NY.GDP.MKTP.CD,1993,835582062.476169
LSO,NY.GDP.MKTP.CD,1992,831029861.704746
LSO,NY.GDP.MKTP.CD,1991,704325366.718393
LSO,NY.GDP.MKTP.CD,1990,596410263.743849
LSO,NY.GDP.MKTP.CD,1989,495409232.627579
LSO,NY.GDP.MKTP.CD,1988,470395800.600668
LSO,NY.GDP.MKTP.CD,1987,402768324.481971
LSO,NY.GDP.MKTP.CD,1986,318858422.989262
LSO,NY.GDP.MKTP.CD,1985,268629925.852805
LSO,NY.GDP.MKTP.CD,1984,333163670.280225
LSO,NY.GDP.MKTP.CD,1983,386699308.859169
LSO,NY.GDP.MKTP.CD,1982,348741683.673845
LSO,NY.GDP.MKTP.CD,1981,434188034.188034
LSO,NY.GDP.MKTP.CD,1980,431542536.663782
LSO,NY.GDP.MKTP.CD,1979,290134592.523007
LSO,NY.GDP.MKTP.CD,1978,266570066.642517
LSO,NY.GDP.MKTP.CD,1977,193315048.328762
LSO,NY.GDP.MKTP.CD,1976,147660036.915009
LSO,NY.GDP.MKTP.CD,1975,149558895.914581
LSO,NY.GDP.MKTP.CD,1974,150851316.52727
LSO,NY.GDP.MKTP.CD,1973,121188715.759865
LSO,NY.GDP.MKTP.CD,1972,80913200.4292822
LSO,NY.GDP.MKTP.CD,1971,76480285.0044113
LSO,NY.GDP.MKTP.CD,1970,68739972.504011
LSO,NY.GDP.MKTP.CD,1969,65967973.6128106
LSO,NY.GDP.MKTP.CD,1968,61445975.4216098
LSO,NY.GDP.MKTP.CD,1967,59261976.2952095
LSO,NY.GDP.MKTP.CD,1966,56699977.3200091
LSO,NY.GDP.MKTP.CD,1965,54879978.0480088
LSO,NY.GDP.MKTP.CD,1964,51939979.2240083
LSO,NY.GDP.MKTP.CD,1963,47039981.1840075
LSO,NY.GDP.MKTP.CD,1962,41859983.2560067
LSO,NY.GDP.MKTP.CD,1961,35699985.7200057
LSO,NY.GDP.MKTP.CD,1960,34579986.1680055
LBR,NY.GDP.MKTP.CD,2024,4779300900.0
LBR,NY.GDP.MKTP.CD,2023,4390000000.0
LBR,NY.GDP.MKTP.CD,2022,4001047000.0
LBR,NY.GDP.MKTP.CD,2021,3513049500.0
LBR,NY.GDP.MKTP.CD,2020,3176126300.0
LBR,NY.GDP.MKTP.CD,2019,3319596500.0
LBR,NY.GDP.MKTP.CD,2018,3422754800.0
LBR,NY.GDP.MKTP.CD,2017,3390703400.0
LBR,NY.GDP.MKTP.CD,2016,3398419600.0
LBR,NY.GDP.MKTP.CD,2015,3227075700.0
LBR,NY.GDP.MKTP.CD,2014,3225652000.0
LBR,NY.GDP.MKTP.CD,2013,3177198100.0
LBR,NY.GDP.MKTP.CD,2012,2791614000.0
LBR,NY.GDP.MKTP.CD,2011,2398000000.0
LBR,NY.GDP.MKTP.CD,2010,1998000000.0
LBR,NY.GDP.MKTP.CD,2009,1768000000.0
LBR,NY.GDP.MKTP.CD,2008,1726000000.0
LBR,NY.GDP.MKTP.CD,2007,1373000000.0
LBR,NY.GDP.MKTP.CD,2006,1119000000.0
LBR,NY.GDP.MKTP.CD,2005,949000000.0
LBR,NY.GDP.MKTP.CD,2004,897000000.0
LBR,NY.GDP.MKTP.CD,2003,748000000.0
LBR,NY.GDP.MKTP.CD,2002,927000000.0
LBR,NY.GDP.MKTP.CD,2001,906000000.0
LBR,NY.GDP.MKTP.CD,2000,874000000.0
LBR,NY.GDP.MKTP.CD,1999,441800000.0
LBR,NY.GDP.MKTP.CD,1998,359600000.0
LBR,NY.GDP.MKTP.CD,1997,295900000.0
LBR,NY.GDP.MKTP.CD,1996,159400000.0
LBR,NY.GDP.MKTP.CD,1995,134800000.0
LBR,NY.GDP.MKTP.CD,1994,132200000.0
LBR,NY.GDP.MKTP.CD,1993,160400000.0
LBR,NY.GDP.MKTP.CD,1992,223500000.0
LBR,NY.GDP.MKTP.CD,1991,348000000.0
LBR,NY.GDP.MKTP.CD,1990,384400000.0
LBR,NY.GDP.MKTP.CD,1989,786300000.0
LBR,NY.GDP.MKTP.CD,1988,1038300000.0
LBR,NY.GDP.MKTP.CD,1987,972800000.0
LBR,NY.GDP.MKTP.CD,1986,840964400.0
LBR,NY.GDP.MKTP.CD,1985,851296100.0
LBR,NY.GDP.MKTP.CD,1984,848478300.0
LBR,NY.GDP.MKTP.CD,1983,823374900.0
LBR,NY.GDP.MKTP.CD,1982,863933200.0
LBR,NY.GDP.MKTP.CD,1981,846514500.0
LBR,NY.GDP.MKTP.CD,1980,854711500.0
LBR,NY.GDP.MKTP.CD,1979,814067900.0
LBR,NY.GDP.MKTP.CD,1978,717240400.0
LBR,NY.GDP.MKTP.CD,1977,673010600.0
LBR,NY.GDP.MKTP.CD,1976,596675700.0
LBR,NY.GDP.MKTP.CD,1975,577549300.0
LBR,NY.GDP.MKTP.CD,1974,486955000.0
LBR,NY.GDP.MKTP.CD,1973,386968300.0
LBR,NY.GDP.MKTP.CD,1972,368098000.0
LBR,NY.GDP.MKTP.CD,1971,341543100.0
LBR,NY.GDP.MKTP.CD,1970,323099700.0
LBR,NY.GDP.MKTP.CD,1969,306961800.0
LBR,NY.GDP.MKTP.CD,1968,276820700.0
LBR,NY.GDP.MKTP.CD,1967,261024300.0
LBR,NY.GDP.MKTP.CD,1966,244459500.0
LBR,NY.GDP.MKTP.CD,1965,229260800.0
LBR,NY.GDP.MKTP.CD,1964,218929100.0
LBR,NY.GDP.MKTP.CD,1963,200229600.0
LBR,NY.GDP.MKTP.CD,1962,191861800.0
LBR,NY.GDP.MKTP.CD,1961,183920900.0
LBR,NY.GDP.MKTP.CD,1960,190495600.0
LBY,NY.GDP.MKTP.CD,2024,48487151215.345
LBY,NY.GDP.MKTP.CD,2023,44027664915.187
LBY,NY.GDP.MKTP.CD,2022,43246297921.8499
LBY,NY.GDP.MKTP.CD,2021,35217995647.2862
LBY,NY.GDP.MKTP.CD,2020,46854285440.642
LBY,NY.GDP.MKTP.CD,2019,69254496471.6938
LBY,NY.GDP.MKTP.CD,2018,76686029772.1483
LBY,NY.GDP.MKTP.CD,2017,67157452181.7738
LBY,NY.GDP.MKTP.CD,2016,49912073701.298
LBY,NY.GDP.MKTP.CD,2015,48717501321.3052
LBY,NY.GDP.MKTP.CD,2014,57372355592.022
LBY,NY.GDP.MKTP.CD,2013,75351107029.0605
LBY,NY.GDP.MKTP.CD,2012,92540938129.1315
LBY,NY.GDP.MKTP.CD,2011,48169263294.1007
LBY,NY.GDP.MKTP.CD,2010,75380825062.4216
LBY,NY.GDP.MKTP.CD,2009,60808562033.4191
LBY,NY.GDP.MKTP.CD,2008,86710767415.1371
LBY,NY.GDP.MKTP.CD,2007,68032978390.6007
LBY,NY.GDP.MKTP.CD,2006,60094231606.642
LBY,NY.GDP.MKTP.CD,2005,47334691241.4924
LBY,NY.GDP.MKTP.CD,2004,33122307692.3077
LBY,NY.GDP.MKTP.CD,2003,26265625000.0
LBY,NY.GDP.MKTP.CD,2002,20481889763.7795
LBY,NY.GDP.MKTP.CD,2001,34112093927.254
LBY,NY.GDP.MKTP.CD,2000,38270954138.1128
LBY,NY.GDP.MKTP.CD,1999,35975860857.1164
LBY,NY.GDP.MKTP.CD,1998,27251301398.2813
LBY,NY.GDP.MKTP.CD,1997,30700897874.8704
LBY,NY.GDP.MKTP.CD,1996,27884615384.6154
LBY,NY.GDP.MKTP.CD,1995,25541379186.6458
LBY,NY.GDP.MKTP.CD,1994,28610549763.4685
LBY,NY.GDP.MKTP.CD,1993,30660051910.5037
LBY,NY.GDP.MKTP.CD,1992,33887047909.2746
LBY,NY.GDP.MKTP.CD,1991,31991821264.7118
LBY,NY.GDP.MKTP.CD,1990,28904183602.4818
LBY,NY.GDP.MKTP.CD,1989,25156707899.1462
LBY,NY.GDP.MKTP.CD,1988,24308959591.195
LBY,NY.GDP.MKTP.CD,1987,26697659334.6911
LBY,NY.GDP.MKTP.CD,1986,24180400959.4288
LBY,NY.GDP.MKTP.CD,1985,31530566324.273
LBY,NY.GDP.MKTP.CD,1984,29476109152.7531
LBY,NY.GDP.MKTP.CD,1983,33200520139.9749
LBY,NY.GDP.MKTP.CD,1982,33760146990.5726
LBY,NY.GDP.MKTP.CD,1981,36374353880.3994
LBY,NY.GDP.MKTP.CD,1980,40953924948.7419
LBY,NY.GDP.MKTP.CD,1979,30536429496.9448
LBY,NY.GDP.MKTP.CD,1978,22136422643.3959
LBY,NY.GDP.MKTP.CD,1977,22428297107.5929
LBY,NY.GDP.MKTP.CD,1976,19096943016.5748
LBY,NY.GDP.MKTP.CD,1975,14710912457.6509
LBY,NY.GDP.MKTP.CD,1974,15112543717.1298
LBY,NY.GDP.MKTP.CD,1973,8625889429.58277
LBY,NY.GDP.MKTP.CD,1972,6299395543.96301
LBY,NY.GDP.MKTP.CD,1971,5260185125.41886
LBY,NY.GDP.MKTP.CD,1970,4601649451.34022
LBY,NY.GDP.MKTP.CD,1969,4380987481.20501
LBY,NY.GDP.MKTP.CD,1968,3850623094.95076
LBY,NY.GDP.MKTP.CD,1967,2726986912.80523
LBY,NY.GDP.MKTP.CD,1966,2312438535.82459
LBY,NY.GDP.MKTP.CD,1965,1804979680.40813
LBY,NY.GDP.MKTP.CD,1964,1341395421.44183
LBY,NY.GDP.MKTP.CD,1963,892327910.668836
LBY,NY.GDP.MKTP.CD,1962,619725784.909686
LBY,NY.GDP.MKTP.CD,1961,443905612.037755
LBY,NY.GDP.MKTP.CD,1960,401644248.9423
LIE,NY.GDP.MKTP.CD,2024,
LIE,NY.GDP.MKTP.CD,2023,8239379403.22096
LIE,NY.GDP.MKTP.CD,2022,7426856242.7736
LIE,NY.GDP.MKTP.CD,2021,7912602342.18895
LIE,NY.GDP.MKTP.CD,2020,6405870210.32293
LIE,NY.GDP.MKTP.CD,2019,6436467007.11932
LIE,NY.GDP.MKTP.CD,2018,6692620691.84146
LIE,NY.GDP.MKTP.CD,2017,6474308717.85289
LIE,NY.GDP.MKTP.CD,2016,6237302033.50132
LIE,NY.GDP.MKTP.CD,2015,6268515276.17441
LIE,NY.GDP.MKTP.CD,2014,6657526979.72277
LIE,NY.GDP.MKTP.CD,2013,6391708310.67727
LIE,NY.GDP.MKTP.CD,2012,5456102482.28614
LIE,NY.GDP.MKTP.CD,2011,5739706004.89616
LIE,NY.GDP.MKTP.CD,2010,5082337238.44718
LIE,NY.GDP.MKTP.CD,2009,4504375348.07038
LIE,NY.GDP.MKTP.CD,2008,5081479840.08716
LIE,NY.GDP.MKTP.CD,2007,4601429897.21468
LIE,NY.GDP.MKTP.CD,2006,4000102086.14635
LIE,NY.GDP.MKTP.CD,2005,3659319116.88057
LIE,NY.GDP.MKTP.CD,2004,3454373797.74442
LIE,NY.GDP.MKTP.CD,2003,3070803051.42164
LIE,NY.GDP.MKTP.CD,2002,2688618747.38148
LIE,NY.GDP.MKTP.CD,2001,2491800558.77674
LIE,NY.GDP.MKTP.CD,2000,2483889858.32312
LIE,NY.GDP.MKTP.CD,1999,2664105901.18863
LIE,NY.GDP.MKTP.CD,1998,2479699106.02264
LIE,NY.GDP.MKTP.CD,1997,2298389802.88883
LIE,NY.GDP.MKTP.CD,1996,2504012993.42238
LIE,NY.GDP.MKTP.CD,1995,2428525060.69927
LIE,NY.GDP.MKTP.CD,1994,1948129622.75132
LIE,NY.GDP.MKTP.CD,1993,1673085244.6879
LIE,NY.GDP.MKTP.CD,1992,1631177029.45063
LIE,NY.GDP.MKTP.CD,1991,1484160302.14952
LIE,NY.GDP.MKTP.CD,1990,1421509216.37424
LIE,NY.GDP.MKTP.CD,1989,1119983801.21338
LIE,NY.GDP.MKTP.CD,1988,1161757671.01756
LIE,NY.GDP.MKTP.CD,1987,1052848995.97101
LIE,NY.GDP.MKTP.CD,1986,779357802.50006
LIE,NY.GDP.MKTP.CD,1985,529073612.453579
LIE,NY.GDP.MKTP.CD,1984,502620991.852944
LIE,NY.GDP.MKTP.CD,1983,524023624.89055
LIE,NY.GDP.MKTP.CD,1982,522096760.291094
LIE,NY.GDP.MKTP.CD,1981,511647750.124475
LIE,NY.GDP.MKTP.CD,1980,534699362.896161
LIE,NY.GDP.MKTP.CD,1979,503173104.391887
LIE,NY.GDP.MKTP.CD,1978,436912067.784287
LIE,NY.GDP.MKTP.CD,1977,303493119.480763
LIE,NY.GDP.MKTP.CD,1976,272489300.467827
LIE,NY.GDP.MKTP.CD,1975,246389101.853613
LIE,NY.GDP.MKTP.CD,1974,193980464.882101
LIE,NY.GDP.MKTP.CD,1973,165928881.55552
LIE,NY.GDP.MKTP.CD,1972,124940289.32382
LIE,NY.GDP.MKTP.CD,1971,104889795.333846
LIE,NY.GDP.MKTP.CD,1970,90099360.8433666
LIE,NY.GDP.MKTP.CD,1969,
LIE,NY.GDP.MKTP.CD,1968,
LIE,NY.GDP.MKTP.CD,1967,
LIE,NY.GDP.MKTP.CD,1966,
LIE,NY.GDP.MKTP.CD,1965,
LIE,NY.GDP.MKTP.CD,1964,
LIE,NY.GDP.MKTP.CD,1963,
LIE,NY.GDP.MKTP.CD,1962,
LIE,NY.GDP.MKTP.CD,1961,
LIE,NY.GDP.MKTP.CD,1960,
LTU,NY.GDP.MKTP.CD,2024,84869215513.3648
LTU,NY.GDP.MKTP.CD,2023,79789877416.1681
LTU,NY.GDP.MKTP.CD,2022,71033884499.7824
LTU,NY.GDP.MKTP.CD,2021,67037321008.9679
LTU,NY.GDP.MKTP.CD,2020,57412038533.2718
LTU,NY.GDP.MKTP.CD,2019,55122066225.796
LTU,NY.GDP.MKTP.CD,2018,54261795148.5372
LTU,NY.GDP.MKTP.CD,2017,47756764508.446
LTU,NY.GDP.MKTP.CD,2016,42970749245.0336
LTU,NY.GDP.MKTP.CD,2015,41540954817.2039
LTU,NY.GDP.MKTP.CD,2014,48306546656.9281
LTU,NY.GDP.MKTP.CD,2013,46303660422.0434
LTU,NY.GDP.MKTP.CD,2012,42709372066.8627
LTU,NY.GDP.MKTP.CD,2011,43186501862.7907
LTU,NY.GDP.MKTP.CD,2010,36638128534.0643
LTU,NY.GDP.MKTP.CD,2009,37494380038.9213
LTU,NY.GDP.MKTP.CD,2008,47831254207.5223
LTU,NY.GDP.MKTP.CD,2007,39729151614.6689
LTU,NY.GDP.MKTP.CD,2006,30116192746.8942
LTU,NY.GDP.MKTP.CD,2005,26105207115.3129
LTU,NY.GDP.MKTP.CD,2004,22743164431.1972
LTU,NY.GDP.MKTP.CD,2003,18809197969.5431
LTU,NY.GDP.MKTP.CD,2002,14282292664.6004
LTU,NY.GDP.MKTP.CD,2001,12260761329.3051
LTU,NY.GDP.MKTP.CD,2000,11550695727.2335
LTU,NY.GDP.MKTP.CD,1999,11022095813.552
LTU,NY.GDP.MKTP.CD,1998,11289161847.2162
LTU,NY.GDP.MKTP.CD,1997,10168271903.3233
LTU,NY.GDP.MKTP.CD,1996,8430207164.43677
LTU,NY.GDP.MKTP.CD,1995,7921210339.58439
LTU,NY.GDP.MKTP.CD,1994,
LTU,NY.GDP.MKTP.CD,1993,
LTU,NY.GDP.MKTP.CD,1992,
LTU,NY.GDP.MKTP.CD,1991,
LTU,NY.GDP.MKTP.CD,1990,
LTU,NY.GDP.MKTP.CD,1989,
LTU,NY.GDP.MKTP.CD,1988,
LTU,NY.GDP.MKTP.CD,1987,
LTU,NY.GDP.MKTP.CD,1986,
LTU,NY.GDP.MKTP.CD,1985,
LTU,NY.GDP.MKTP.CD,1984,
LTU,NY.GDP.MKTP.CD,1983,
LTU,NY.GDP.MKTP.CD,1982,
LTU,NY.GDP.MKTP.CD,1981,
LTU,NY.GDP.MKTP.CD,1980,
LTU,NY.GDP.MKTP.CD,1979,
LTU,NY.GDP.MKTP.CD,1978,
LTU,NY.GDP.MKTP.CD,1977,
LTU,NY.GDP.MKTP.CD,1976,
LTU,NY.GDP.MKTP.CD,1975,
LTU,NY.GDP.MKTP.CD,1974,
LTU,NY.GDP.MKTP.CD,1973,
LTU,NY.GDP.MKTP.CD,1972,
LTU,NY.GDP.MKTP.CD,1971,
LTU,NY.GDP.MKTP.CD,1970,
LTU,NY.GDP.MKTP.CD,1969,
LTU,NY.GDP.MKTP.CD,1968,
LTU,NY.GDP.MKTP.CD,1967,
LTU,NY.GDP.MKTP.CD,1966,
LTU,NY.GDP.MKTP.CD,1965,
LTU,NY.GDP.MKTP.CD,1964,
LTU,NY.GDP.MKTP.CD,1963,
LTU,NY.GDP.MKTP.CD,1962,
LTU,NY.GDP.MKTP.CD,1961,
LTU,NY.GDP.MKTP.CD,1960,
LUX,NY.GDP.MKTP.CD,2024,93279851863.4062
LUX,NY.GDP.MKTP.CD,2023,88788881539.3937
LUX,NY.GDP.MKTP.CD,2022,80801680397.0139
LUX,NY.GDP.MKTP.CD,2021,86386759695.1653
LUX,NY.GDP.MKTP.CD,2020,73670782100.3909
LUX,NY.GDP.MKTP.CD,2019,69872035113.6469
LUX,NY.GDP.MKTP.CD,2018,71085623495.1145
LUX,NY.GDP.MKTP.CD,2017,65712180342.9836
LUX,NY.GDP.MKTP.CD,2016,62216885435.9488
LUX,NY.GDP.MKTP.CD,2015,60071584216.1375
LUX,NY.GDP.MKTP.CD,2014,68804811897.6445
LUX,NY.GDP.MKTP.CD,2013,65203276466.9763
LUX,NY.GDP.MKTP.CD,2012,59776383527.3602
LUX,NY.GDP.MKTP.CD,2011,61696281326.2453
LUX,NY.GDP.MKTP.CD,2010,56213985987.4168
LUX,NY.GDP.MKTP.CD,2009,54467289897.5582
LUX,NY.GDP.MKTP.CD,2008,58844277701.5258
LUX,NY.GDP.MKTP.CD,2007,51587401415.7872
LUX,NY.GDP.MKTP.CD,2006,42910146296.0646
LUX,NY.GDP.MKTP.CD,2005,37672280120.4794
LUX,NY.GDP.MKTP.CD,2004,35064843792.8993
LUX,NY.GDP.MKTP.CD,2003,29667268248.1305
LUX,NY.GDP.MKTP.CD,2002,23649833332.1655
LUX,NY.GDP.MKTP.CD,2001,21387533703.2327
LUX,NY.GDP.MKTP.CD,2000,21230182989.3036
LUX,NY.GDP.MKTP.CD,1999,21899317598.8414
LUX,NY.GDP.MKTP.CD,1998,20150053345.1878
LUX,NY.GDP.MKTP.CD,1997,19563836265.2233
LUX,NY.GDP.MKTP.CD,1996,20895314657.9805
LUX,NY.GDP.MKTP.CD,1995,20853093869.7318
LUX,NY.GDP.MKTP.CD,1994,17701798890.7644
LUX,NY.GDP.MKTP.CD,1993,15925521222.0149
LUX,NY.GDP.MKTP.CD,1992,15518702634.8808
LUX,NY.GDP.MKTP.CD,1991,13834219728.293
LUX,NY.GDP.MKTP.CD,1990,12778792853.6939
LUX,NY.GDP.MKTP.CD,1989,10037674037.674
LUX,NY.GDP.MKTP.CD,1988,9418167855.18376
LUX,NY.GDP.MKTP.CD,1987,8320902215.01891
LUX,NY.GDP.MKTP.CD,1986,6685595087.59256
LUX,NY.GDP.MKTP.CD,1985,4577211767.10374
LUX,NY.GDP.MKTP.CD,1984,4438435492.87908
LUX,NY.GDP.MKTP.CD,1983,4524217751.47929
LUX,NY.GDP.MKTP.CD,1982,4602316793.21914
LUX,NY.GDP.MKTP.CD,1981,5053665797.47936
LUX,NY.GDP.MKTP.CD,1980,6019805490.41247
LUX,NY.GDP.MKTP.CD,1979,5516982663.73143
LUX,NY.GDP.MKTP.CD,1978,4718539771.99949
LUX,NY.GDP.MKTP.CD,1977,3789321328.08104
LUX,NY.GDP.MKTP.CD,1976,3423586206.89655
LUX,NY.GDP.MKTP.CD,1975,3123333333.33333
LUX,NY.GDP.MKTP.CD,1974,3183637116.81856
LUX,NY.GDP.MKTP.CD,1973,2609875802.11136
LUX,NY.GDP.MKTP.CD,1972,1901697369.62698
LUX,NY.GDP.MKTP.CD,1971,1518773421.37846
LUX,NY.GDP.MKTP.CD,1970,1457768455.02219
LUX,NY.GDP.MKTP.CD,1969,1245432991.34271
LUX,NY.GDP.MKTP.CD,1968,1075561622.81321
LUX,NY.GDP.MKTP.CD,1967,983052314.930267
LUX,NY.GDP.MKTP.CD,1966,976717015.461454
LUX,NY.GDP.MKTP.CD,1965,929477284.788002
LUX,NY.GDP.MKTP.CD,1964,910877686.268584
LUX,NY.GDP.MKTP.CD,1963,797902154.238122
LUX,NY.GDP.MKTP.CD,1962,747846862.209673
LUX,NY.GDP.MKTP.CD,1961,710163719.406917
LUX,NY.GDP.MKTP.CD,1960,709941874.044355
MAC,NY.GDP.MKTP.CD,2024,49467258923.3244
MAC,NY.GDP.MKTP.CD,2023,45626467279.891
MAC,NY.GDP.MKTP.CD,2022,24929307447.3237
MAC,NY.GDP.MKTP.CD,2021,30633941629.3633
MAC,NY.GDP.MKTP.CD,2020,25280064167.7333
MAC,NY.GDP.MKTP.CD,2019,55025172016.004
MAC,NY.GDP.MKTP.CD,2018,55076322634.344
MAC,NY.GDP.MKTP.CD,2017,50297028370.6668
MAC,NY.GDP.MKTP.CD,2016,44964868323.7558
MAC,NY.GDP.MKTP.CD,2015,44940613353.1038
MAC,NY.GDP.MKTP.CD,2014,54930501310.2956
MAC,NY.GDP.MKTP.CD,2013,51559125350.236
MAC,NY.GDP.MKTP.CD,2012,43193350975.6862
MAC,NY.GDP.MKTP.CD,2011,36848881944.6939
MAC,NY.GDP.MKTP.CD,2010,28244172833.6035
MAC,NY.GDP.MKTP.CD,2009,21589540350.7115
MAC,NY.GDP.MKTP.CD,2008,21027018332.6663
MAC,NY.GDP.MKTP.CD,2007,18439981612.4086
MAC,NY.GDP.MKTP.CD,2006,14874098691.9082
MAC,NY.GDP.MKTP.CD,2005,12160056122.3757
MAC,NY.GDP.MKTP.CD,2004,10643253553.184
MAC,NY.GDP.MKTP.CD,2003,8246479565.94248
MAC,NY.GDP.MKTP.CD,2002,7371692774.43404
MAC,NY.GDP.MKTP.CD,2001,6860272608.45211
MAC,NY.GDP.MKTP.CD,2000,6773944355.1502
MAC,NY.GDP.MKTP.CD,1999,6547169929.36554
MAC,NY.GDP.MKTP.CD,1998,6796914861.6572
MAC,NY.GDP.MKTP.CD,1997,7267570892.70211
MAC,NY.GDP.MKTP.CD,1996,7176892950.39164
MAC,NY.GDP.MKTP.CD,1995,7046147736.91671
MAC,NY.GDP.MKTP.CD,1994,6311207779.92441
MAC,NY.GDP.MKTP.CD,1993,5665606114.80317
MAC,NY.GDP.MKTP.CD,1992,4914365189.04984
MAC,NY.GDP.MKTP.CD,1991,3765249711.09098
MAC,NY.GDP.MKTP.CD,1990,3246481233.24397
MAC,NY.GDP.MKTP.CD,1989,2705665492.01675
MAC,NY.GDP.MKTP.CD,1988,2288761822.51257
MAC,NY.GDP.MKTP.CD,1987,1957724829.35921
MAC,NY.GDP.MKTP.CD,1986,1532105070.18581
MAC,NY.GDP.MKTP.CD,1985,1362072159.94515
MAC,NY.GDP.MKTP.CD,1984,1304361353.27024
MAC,NY.GDP.MKTP.CD,1983,1133013235.10045
MAC,NY.GDP.MKTP.CD,1982,1142497718.77916
MAC,NY.GDP.MKTP.CD,1981,
MAC,NY.GDP.MKTP.CD,1980,
MAC,NY.GDP.MKTP.CD,1979,
MAC,NY.GDP.MKTP.CD,1978,
MAC,NY.GDP.MKTP.CD,1977,
MAC,NY.GDP.MKTP.CD,1976,
MAC,NY.GDP.MKTP.CD,1975,
MAC,NY.GDP.MKTP.CD,1974,
MAC,NY.GDP.MKTP.CD,1973,
MAC,NY.GDP.MKTP.CD,1972,
MAC,NY.GDP.MKTP.CD,1971,
MAC,NY.GDP.MKTP.CD,1970,
MAC,NY.GDP.MKTP.CD,1969,
MAC,NY.GDP.MKTP.CD,1968,
MAC,NY.GDP.MKTP.CD,1967,
MAC,NY.GDP.MKTP.CD,1966,
MAC,NY.GDP.MKTP.CD,1965,
MAC,NY.GDP.MKTP.CD,1964,
MAC,NY.GDP.MKTP.CD,1963,
MAC,NY.GDP.MKTP.CD,1962,
MAC,NY.GDP.MKTP.CD,1961,
MAC,NY.GDP.MKTP.CD,1960,
MDG,NY.GDP.MKTP.CD,2024,17420501490.1231
MDG,NY.GDP.MKTP.CD,2023,15869945477.8505
MDG,NY.GDP.MKTP.CD,2022,15325603272.6097
MDG,NY.GDP.MKTP.CD,2021,14354731964.3258
MDG,NY.GDP.MKTP.CD,2020,13051441203.9474
MDG,NY.GDP.MKTP.CD,2019,14104664678.5063
MDG,NY.GDP.MKTP.CD,2018,13760033282.2925
MDG,NY.GDP.MKTP.CD,2017,13176313593.5509
MDG,NY.GDP.MKTP.CD,2016,11848613858.442
MDG,NY.GDP.MKTP.CD,2015,11323020701.3017
MDG,NY.GDP.MKTP.CD,2014,12522957399.2281
MDG,NY.GDP.MKTP.CD,2013,12423555455.3853
MDG,NY.GDP.MKTP.CD,2012,11578975061.9479
MDG,NY.GDP.MKTP.CD,2011,11551819617.874
MDG,NY.GDP.MKTP.CD,2010,9982711338.07029
MDG,NY.GDP.MKTP.CD,2009,9616879409.43789
MDG,NY.GDP.MKTP.CD,2008,10725137723.6549
MDG,NY.GDP.MKTP.CD,2007,8524620889.57747
MDG,NY.GDP.MKTP.CD,2006,6395712490.94304
MDG,NY.GDP.MKTP.CD,2005,5859269752.61332
MDG,NY.GDP.MKTP.CD,2004,5064732626.29389
MDG,NY.GDP.MKTP.CD,2003,6372498889.66585
MDG,NY.GDP.MKTP.CD,2002,5351701663.40807
MDG,NY.GDP.MKTP.CD,2001,5438332601.90798
MDG,NY.GDP.MKTP.CD,2000,4629247203.84524
MDG,NY.GDP.MKTP.CD,1999,4277903780.29131
MDG,NY.GDP.MKTP.CD,1998,4401967632.73718
MDG,NY.GDP.MKTP.CD,1997,4262965419.74998
MDG,NY.GDP.MKTP.CD,1996,4931861038.70763
MDG,NY.GDP.MKTP.CD,1995,3838100903.74974
MDG,NY.GDP.MKTP.CD,1994,3522227092.22839
MDG,NY.GDP.MKTP.CD,1993,4063298919.2868
MDG,NY.GDP.MKTP.CD,1992,3714966678.33381
MDG,NY.GDP.MKTP.CD,1991,3254713056.02171
MDG,NY.GDP.MKTP.CD,1990,3931334875.01376
MDG,NY.GDP.MKTP.CD,1989,3175638332.64471
MDG,NY.GDP.MKTP.CD,1988,3189456965.0482
MDG,NY.GDP.MKTP.CD,1987,3212900555.8091
MDG,NY.GDP.MKTP.CD,1986,4347989788.09257
MDG,NY.GDP.MKTP.CD,1985,3802557894.8719
MDG,NY.GDP.MKTP.CD,1984,3905938480.86119
MDG,NY.GDP.MKTP.CD,1983,4686457031.2269
MDG,NY.GDP.MKTP.CD,1982,4784977325.95803
MDG,NY.GDP.MKTP.CD,1981,4759333998.36746
MDG,NY.GDP.MKTP.CD,1980,5201818347.79882
MDG,NY.GDP.MKTP.CD,1979,3463565853.81023
MDG,NY.GDP.MKTP.CD,1978,2669755115.10935
MDG,NY.GDP.MKTP.CD,1977,2358930406.0689
MDG,NY.GDP.MKTP.CD,1976,2181844178.5534
MDG,NY.GDP.MKTP.CD,1975,2283049215.35339
MDG,NY.GDP.MKTP.CD,1974,1917508190.04689
MDG,NY.GDP.MKTP.CD,1973,1653062335.00286
MDG,NY.GDP.MKTP.CD,1972,1341590690.41365
MDG,NY.GDP.MKTP.CD,1971,1199507631.07603
MDG,NY.GDP.MKTP.CD,1970,1111859570.88252
MDG,NY.GDP.MKTP.CD,1969,1056391055.59617
MDG,NY.GDP.MKTP.CD,1968,1031669637.39553
MDG,NY.GDP.MKTP.CD,1967,956436932.101291
MDG,NY.GDP.MKTP.CD,1966,900264584.590829
MDG,NY.GDP.MKTP.CD,1965,833563472.9981
MDG,NY.GDP.MKTP.CD,1964,802482183.728778
MDG,NY.GDP.MKTP.CD,1963,759345863.732667
MDG,NY.GDP.MKTP.CD,1962,739286907.592778
MDG,NY.GDP.MKTP.CD,1961,699161944.558097
MDG,NY.GDP.MKTP.CD,1960,673081724.751168
MWI,NY.GDP.MKTP.CD,2024,11316411329.4619
MWI,NY.GDP.MKTP.CD,2023,13363669672.9405
MWI,NY.GDP.MKTP.CD,2022,12429059928.102
MWI,NY.GDP.MKTP.CD,2021,12378119199.0839
MWI,NY.GDP.MKTP.CD,2020,11769313597.8545
MWI,NY.GDP.MKTP.CD,2019,11051852712.6142
MWI,NY.GDP.MKTP.CD,2018,9879220354.29186
MWI,NY.GDP.MKTP.CD,2017,8943543793.5839
MWI,NY.GDP.MKTP.CD,2016,7909868618.46366
MWI,NY.GDP.MKTP.CD,2015,9219474379.31534
MWI,NY.GDP.MKTP.CD,2014,8801326169.14547
MWI,NY.GDP.MKTP.CD,2013,8031571927.62055
MWI,NY.GDP.MKTP.CD,2012,8773203178.16512
MWI,NY.GDP.MKTP.CD,2011,11648142958.3651
MWI,NY.GDP.MKTP.CD,2010,10128323010.6049
MWI,NY.GDP.MKTP.CD,2009,9009887946.82039
MWI,NY.GDP.MKTP.CD,2008,7743617352.21427
MWI,NY.GDP.MKTP.CD,2007,6451210219.11683
MWI,NY.GDP.MKTP.CD,2006,5818279739.14354
MWI,NY.GDP.MKTP.CD,2005,5320409651.47544
MWI,NY.GDP.MKTP.CD,2004,5058726350.48896
MWI,NY.GDP.MKTP.CD,2003,4669789300.35662
MWI,NY.GDP.MKTP.CD,2002,5087328437.8737
MWI,NY.GDP.MKTP.CD,2001,2498008664.6691
MWI,NY.GDP.MKTP.CD,2000,2537307580.32808
MWI,NY.GDP.MKTP.CD,1999,2584478924.06081
MWI,NY.GDP.MKTP.CD,1998,2547609590.06984
MWI,NY.GDP.MKTP.CD,1997,3875785863.38323
MWI,NY.GDP.MKTP.CD,1996,3319573749.6119
MWI,NY.GDP.MKTP.CD,1995,2033701497.97085
MWI,NY.GDP.MKTP.CD,1994,1719864761.30628
MWI,NY.GDP.MKTP.CD,1993,3013392657.99911
MWI,NY.GDP.MKTP.CD,1992,2618837835.02508
MWI,NY.GDP.MKTP.CD,1991,3206783830.41779
MWI,NY.GDP.MKTP.CD,1990,2737087861.62245
MWI,NY.GDP.MKTP.CD,1989,2314205129.58032
MWI,NY.GDP.MKTP.CD,1988,2008189508.37875
MWI,NY.GDP.MKTP.CD,1987,1721711808.48111
MWI,NY.GDP.MKTP.CD,1986,1722586299.409
MWI,NY.GDP.MKTP.CD,1985,1646442272.89094
MWI,NY.GDP.MKTP.CD,1984,1758028656.12928
MWI,NY.GDP.MKTP.CD,1983,1780148049.43635
MWI,NY.GDP.MKTP.CD,1982,1717379494.63245
MWI,NY.GDP.MKTP.CD,1981,1801193909.52073
MWI,NY.GDP.MKTP.CD,1980,1801156774.56852
MWI,NY.GDP.MKTP.CD,1979,
MWI,NY.GDP.MKTP.CD,1978,
MWI,NY.GDP.MKTP.CD,1977,
MWI,NY.GDP.MKTP.CD,1976,
MWI,NY.GDP.MKTP.CD,1975,
MWI,NY.GDP.MKTP.CD,1974,
MWI,NY.GDP.MKTP.CD,1973,
MWI,NY.GDP.MKTP.CD,1972,
MWI,NY.GDP.MKTP.CD,1971,
MWI,NY.GDP.MKTP.CD,1970,
MWI,NY.GDP.MKTP.CD,1969,
MWI,NY.GDP.MKTP.CD,1968,
MWI,NY.GDP.MKTP.CD,1967,
MWI,NY.GDP.MKTP.CD,1966,
MWI,NY.GDP.MKTP.CD,1965,
MWI,NY.GDP.MKTP.CD,1964,
MWI,NY.GDP.MKTP.CD,1963,
MWI,NY.GDP.MKTP.CD,1962,
MWI,NY.GDP.MKTP.CD,1961,
MWI,NY.GDP.MKTP.CD,1960,
MYS,NY.GDP.MKTP.CD,2024,422227005428.688
MYS,NY.GDP.MKTP.CD,2023,399949418752.657
MYS,NY.GDP.MKTP.CD,2022,407830525989.553
MYS,NY.GDP.MKTP.CD,2021,373784553029.978
MYS,NY.GDP.MKTP.CD,2020,337456163961.211
MYS,NY.GDP.MKTP.CD,2019,365177721021.516
MYS,NY.GDP.MKTP.CD,2018,358788845712.53
MYS,NY.GDP.MKTP.CD,2017,319109094160.343
MYS,NY.GDP.MKTP.CD,2016,301256033870.334
MYS,NY.GDP.MKTP.CD,2015,301355266964.947
MYS,NY.GDP.MKTP.CD,2014,338066095097.254
MYS,NY.GDP.MKTP.CD,2013,323276235524.415
MYS,NY.GDP.MKTP.CD,2012,314443047642.111
MYS,NY.GDP.MKTP.CD,2011,297951668674.835
MYS,NY.GDP.MKTP.CD,2010,255017638455.59
MYS,NY.GDP.MKTP.CD,2009,202257453036.641
MYS,NY.GDP.MKTP.CD,2008,230811614370.384
MYS,NY.GDP.MKTP.CD,2007,193549569477.733
MYS,NY.GDP.MKTP.CD,2006,162692258307.056
MYS,NY.GDP.MKTP.CD,2005,143534405818.501
MYS,NY.GDP.MKTP.CD,2004,124749473684.211
MYS,NY.GDP.MKTP.CD,2003,110202368421.053
MYS,NY.GDP.MKTP.CD,2002,100845526315.789
MYS,NY.GDP.MKTP.CD,2001,92783947368.4211
MYS,NY.GDP.MKTP.CD,2000,93789736842.1053
MYS,NY.GDP.MKTP.CD,1999,79148421052.6316
MYS,NY.GDP.MKTP.CD,1998,72167498980.8398
MYS,NY.GDP.MKTP.CD,1997,100005323301.867
MYS,NY.GDP.MKTP.CD,1996,100855393910.486
MYS,NY.GDP.MKTP.CD,1995,88705342902.7113
MYS,NY.GDP.MKTP.CD,1994,74478356957.7808
MYS,NY.GDP.MKTP.CD,1993,66894966968.9736
MYS,NY.GDP.MKTP.CD,1992,59167550162.956
MYS,NY.GDP.MKTP.CD,1991,49143148094.2683
MYS,NY.GDP.MKTP.CD,1990,44024585239.6137
MYS,NY.GDP.MKTP.CD,1989,38847965292.9185
MYS,NY.GDP.MKTP.CD,1988,35272109220.1988
MYS,NY.GDP.MKTP.CD,1987,32181210157.9671
MYS,NY.GDP.MKTP.CD,1986,27734111399.7525
MYS,NY.GDP.MKTP.CD,1985,31199633352.9598
MYS,NY.GDP.MKTP.CD,1984,33942897422.0465
MYS,NY.GDP.MKTP.CD,1983,30347442110.9316
MYS,NY.GDP.MKTP.CD,1982,26804493635.3297
MYS,NY.GDP.MKTP.CD,1981,25004285791.7865
MYS,NY.GDP.MKTP.CD,1980,24488224677.2105
MYS,NY.GDP.MKTP.CD,1979,21213264962.0141
MYS,NY.GDP.MKTP.CD,1978,16358079862.1096
MYS,NY.GDP.MKTP.CD,1977,13139488632.5546
MYS,NY.GDP.MKTP.CD,1976,11050234598.6249
MYS,NY.GDP.MKTP.CD,1975,9298800799.46702
MYS,NY.GDP.MKTP.CD,1974,9496204301.74981
MYS,NY.GDP.MKTP.CD,1973,7662902677.9027
MYS,NY.GDP.MKTP.CD,1972,5043347250.41815
MYS,NY.GDP.MKTP.CD,1971,4244395955.78358
MYS,NY.GDP.MKTP.CD,1970,3864145667.41365
MYS,NY.GDP.MKTP.CD,1969,3664552041.34299
MYS,NY.GDP.MKTP.CD,1968,3330371551.21161
MYS,NY.GDP.MKTP.CD,1967,3188924677.08953
MYS,NY.GDP.MKTP.CD,1966,3143517943.82632
MYS,NY.GDP.MKTP.CD,1965,2956337669.29525
MYS,NY.GDP.MKTP.CD,1964,2674423922.48842
MYS,NY.GDP.MKTP.CD,1963,2510110348.16184
MYS,NY.GDP.MKTP.CD,1962,2001489602.18475
MYS,NY.GDP.MKTP.CD,1961,1901856122.72231
MYS,NY.GDP.MKTP.CD,1960,1916229477.13657
MDV,NY.GDP.MKTP.CD,2024,7061608267.25451
MDV,NY.GDP.MKTP.CD,2023,6621008703.95743
MDV,NY.GDP.MKTP.CD,2022,6177123352.26211
MDV,NY.GDP.MKTP.CD,2021,5252457369.55218
MDV,NY.GDP.MKTP.CD,2020,3712604583.36665
MDV,NY.GDP.MKTP.CD,2019,5726094799.37709
MDV,NY.GDP.MKTP.CD,2018,5404344162.69888
MDV,NY.GDP.MKTP.CD,2017,4816426256.52914
MDV,NY.GDP.MKTP.CD,2016,4409942623.85538
MDV,NY.GDP.MKTP.CD,2015,4129505319.12921
MDV,NY.GDP.MKTP.CD,2014,3697353039.20043
MDV,NY.GDP.MKTP.CD,2013,3295009237.50107
MDV,NY.GDP.MKTP.CD,2012,2886163997.20531
MDV,NY.GDP.MKTP.CD,2011,2774350240.04918
MDV,NY.GDP.MKTP.CD,2010,2588176054.6875
MDV,NY.GDP.MKTP.CD,2009,2345294875.0
MDV,NY.GDP.MKTP.CD,2008,2271646187.5
MDV,NY.GDP.MKTP.CD,2007,1868383460.9375
MDV,NY.GDP.MKTP.CD,2006,1575200390.625
MDV,NY.GDP.MKTP.CD,2005,1163362437.5
MDV,NY.GDP.MKTP.CD,2004,1226829562.5
MDV,NY.GDP.MKTP.CD,2003,1052121054.6875
MDV,NY.GDP.MKTP.CD,2002,897031250.0
MDV,NY.GDP.MKTP.CD,2001,870031676.798793
MDV,NY.GDP.MKTP.CD,2000,624337145.284622
MDV,NY.GDP.MKTP.CD,1999,589239753.610875
MDV,NY.GDP.MKTP.CD,1998,540096397.621071
MDV,NY.GDP.MKTP.CD,1997,508223602.378929
MDV,NY.GDP.MKTP.CD,1996,450382327.952421
MDV,NY.GDP.MKTP.CD,1995,398988954.970263
MDV,NY.GDP.MKTP.CD,1994,356014932.136461
MDV,NY.GDP.MKTP.CD,1993,322417837.161971
MDV,NY.GDP.MKTP.CD,1992,284875809.039634
MDV,NY.GDP.MKTP.CD,1991,244396761.92334
MDV,NY.GDP.MKTP.CD,1990,215043969.849246
MDV,NY.GDP.MKTP.CD,1989,189514434.244
MDV,NY.GDP.MKTP.CD,1988,168514513.375071
MDV,NY.GDP.MKTP.CD,1987,141223029.383064
MDV,NY.GDP.MKTP.CD,1986,141882254.230178
MDV,NY.GDP.MKTP.CD,1985,127190757.959989
MDV,NY.GDP.MKTP.CD,1984,109503546.099291
MDV,NY.GDP.MKTP.CD,1983,57829787.2340426
MDV,NY.GDP.MKTP.CD,1982,47911340.1834794
MDV,NY.GDP.MKTP.CD,1981,44781456.9536424
MDV,NY.GDP.MKTP.CD,1980,42463576.1589404
MDV,NY.GDP.MKTP.CD,1979,38523364.4859813
MDV,NY.GDP.MKTP.CD,1978,24369109.1415831
MDV,NY.GDP.MKTP.CD,1977,20853788.7115165
MDV,NY.GDP.MKTP.CD,1976,22399467.1052632
MDV,NY.GDP.MKTP.CD,1975,24540877.6041667
MDV,NY.GDP.MKTP.CD,1974,39120171.2468193
MDV,NY.GDP.MKTP.CD,1973,30862041.60401
MDV,NY.GDP.MKTP.CD,1972,25177137.5286041
MDV,NY.GDP.MKTP.CD,1971,21566404.0169133
MDV,NY.GDP.MKTP.CD,1970,19328038.3157895
MDV,NY.GDP.MKTP.CD,1969,
MDV,NY.GDP.MKTP.CD,1968,
MDV,NY.GDP.MKTP.CD,1967,
MDV,NY.GDP.MKTP.CD,1966,
MDV,NY.GDP.MKTP.CD,1965,
MDV,NY.GDP.MKTP.CD,1964,
MDV,NY.GDP.MKTP.CD,1963,
MDV,NY.GDP.MKTP.CD,1962,
MDV,NY.GDP.MKTP.CD,1961,
MDV,NY.GDP.MKTP.CD,1960,
MLI,NY.GDP.MKTP.CD,2024,26794747239.8805
MLI,NY.GDP.MKTP.CD,2023,24813860598.5307
MLI,NY.GDP.MKTP.CD,2022,22539987718.7642
MLI,NY.GDP.MKTP.CD,2021,22999245262.6719
MLI,NY.GDP.MKTP.CD,2020,20698560938.7775
MLI,NY.GDP.MKTP.CD,2019,20477421884.5414
MLI,NY.GDP.MKTP.CD,2018,20368015381.2413
MLI,NY.GDP.MKTP.CD,2017,18308362040.0521
MLI,NY.GDP.MKTP.CD,2016,16743796799.8329
MLI,NY.GDP.MKTP.CD,2015,15583181170.4105
MLI,NY.GDP.MKTP.CD,2014,17081681993.1695
MLI,NY.GDP.MKTP.CD,2013,15747192680.9101
MLI,NY.GDP.MKTP.CD,2012,14795114602.6396
MLI,NY.GDP.MKTP.CD,2011,15452791789.0031
MLI,NY.GDP.MKTP.CD,2010,12710739159.4045
MLI,NY.GDP.MKTP.CD,2009,12155217832.8781
MLI,NY.GDP.MKTP.CD,2008,11462490840.2784
MLI,NY.GDP.MKTP.CD,2007,9699047442.51269
MLI,NY.GDP.MKTP.CD,2006,8212007554.03129
MLI,NY.GDP.MKTP.CD,2005,7429066951.48251
MLI,NY.GDP.MKTP.CD,2004,6485774930.48034
MLI,NY.GDP.MKTP.CD,2003,5605613011.29045
MLI,NY.GDP.MKTP.CD,2002,4647238256.5683
MLI,NY.GDP.MKTP.CD,2001,4124281593.71774
MLI,NY.GDP.MKTP.CD,2000,3521570875.90793
MLI,NY.GDP.MKTP.CD,1999,4091446054.21272
MLI,NY.GDP.MKTP.CD,1998,3894433432.46871
MLI,NY.GDP.MKTP.CD,1997,3414879485.63064
MLI,NY.GDP.MKTP.CD,1996,3743103419.63057
MLI,NY.GDP.MKTP.CD,1995,3373322735.39126
MLI,NY.GDP.MKTP.CD,1994,2655768635.56694
MLI,NY.GDP.MKTP.CD,1993,3632801877.20684
MLI,NY.GDP.MKTP.CD,1992,3680775036.80972
MLI,NY.GDP.MKTP.CD,1991,3576562681.84236
MLI,NY.GDP.MKTP.CD,1990,3248417790.51435
MLI,NY.GDP.MKTP.CD,1989,2824822489.24628
MLI,NY.GDP.MKTP.CD,1988,2712207900.69838
MLI,NY.GDP.MKTP.CD,1987,2437004679.62818
MLI,NY.GDP.MKTP.CD,1986,2132938007.1056
MLI,NY.GDP.MKTP.CD,1985,1594347021.37347
MLI,NY.GDP.MKTP.CD,1984,1387809614.74905
MLI,NY.GDP.MKTP.CD,1983,1496616126.58634
MLI,NY.GDP.MKTP.CD,1982,1680304773.44143
MLI,NY.GDP.MKTP.CD,1981,2234583940.38676
MLI,NY.GDP.MKTP.CD,1980,2704362788.89611
MLI,NY.GDP.MKTP.CD,1979,1595422955.64433
MLI,NY.GDP.MKTP.CD,1978,1222702572.84699
MLI,NY.GDP.MKTP.CD,1977,1049838548.10919
MLI,NY.GDP.MKTP.CD,1976,939228017.24779
MLI,NY.GDP.MKTP.CD,1975,830710615.179954
MLI,NY.GDP.MKTP.CD,1974,538747339.956033
MLI,NY.GDP.MKTP.CD,1973,563683703.304705
MLI,NY.GDP.MKTP.CD,1972,486617280.255549
MLI,NY.GDP.MKTP.CD,1971,395218628.920694
MLI,NY.GDP.MKTP.CD,1970,359772315.102198
MLI,NY.GDP.MKTP.CD,1969,339913867.092785
MLI,NY.GDP.MKTP.CD,1968,343771972.993855
MLI,NY.GDP.MKTP.CD,1967,275494477.586098
MLI,NY.GDP.MKTP.CD,1966,
MLI,NY.GDP.MKTP.CD,1965,
MLI,NY.GDP.MKTP.CD,1964,
MLI,NY.GDP.MKTP.CD,1963,
MLI,NY.GDP.MKTP.CD,1962,
MLI,NY.GDP.MKTP.CD,1961,
MLI,NY.GDP.MKTP.CD,1960,
MLT,NY.GDP.MKTP.CD,2024,24971574502.4475
MLT,NY.GDP.MKTP.CD,2023,22610561526.1461
MLT,NY.GDP.MKTP.CD,2022,18928276162.4131
MLT,NY.GDP.MKTP.CD,2021,19739875611.4902
MLT,NY.GDP.MKTP.CD,2020,16404663226.4598
MLT,NY.GDP.MKTP.CD,2019,16337793530.7322
MLT,NY.GDP.MKTP.CD,2018,16153779510.9928
MLT,NY.GDP.MKTP.CD,2017,14161366724.1955
MLT,NY.GDP.MKTP.CD,2016,12025782834.1534
MLT,NY.GDP.MKTP.CD,2015,11340795042.0881
MLT,NY.GDP.MKTP.CD,2014,11888032873.8295
MLT,NY.GDP.MKTP.CD,2013,10796782636.1081
MLT,NY.GDP.MKTP.CD,2012,9609532089.16031
MLT,NY.GDP.MKTP.CD,2011,9789361703.07204
MLT,NY.GDP.MKTP.CD,2010,9097044159.26912
MLT,NY.GDP.MKTP.CD,2009,8734745697.93323
MLT,NY.GDP.MKTP.CD,2008,9135419464.96088
MLT,NY.GDP.MKTP.CD,2007,7908412305.62808
MLT,NY.GDP.MKTP.CD,2006,6749838805.58979
MLT,NY.GDP.MKTP.CD,2005,6393234992.55141
MLT,NY.GDP.MKTP.CD,2004,6104141520.0839
MLT,NY.GDP.MKTP.CD,2003,5418315224.40862
MLT,NY.GDP.MKTP.CD,2002,4455127414.45967
MLT,NY.GDP.MKTP.CD,2001,4070867133.21751
MLT,NY.GDP.MKTP.CD,2000,4036809815.46617
MLT,NY.GDP.MKTP.CD,1999,4111857809.11026
MLT,NY.GDP.MKTP.CD,1998,4010111688.35255
MLT,NY.GDP.MKTP.CD,1997,3787023706.66607
MLT,NY.GDP.MKTP.CD,1996,3822547197.24532
MLT,NY.GDP.MKTP.CD,1995,3709396044.85885
MLT,NY.GDP.MKTP.CD,1994,2998505428.14593
MLT,NY.GDP.MKTP.CD,1993,2709193538.42526
MLT,NY.GDP.MKTP.CD,1992,3021942758.83978
MLT,NY.GDP.MKTP.CD,1991,2750216746.88426
MLT,NY.GDP.MKTP.CD,1990,2547328747.50761
MLT,NY.GDP.MKTP.CD,1989,2118655676.67649
MLT,NY.GDP.MKTP.CD,1988,2019503068.03393
MLT,NY.GDP.MKTP.CD,1987,1751293460.68921
MLT,NY.GDP.MKTP.CD,1986,1435038441.11922
MLT,NY.GDP.MKTP.CD,1985,1117797439.14234
MLT,NY.GDP.MKTP.CD,1984,1101807023.04918
MLT,NY.GDP.MKTP.CD,1983,1165729706.8704
MLT,NY.GDP.MKTP.CD,1982,1234474404.03152
MLT,NY.GDP.MKTP.CD,1981,1243509393.61947
MLT,NY.GDP.MKTP.CD,1980,1250198601.09268
MLT,NY.GDP.MKTP.CD,1979,1001288846.84016
MLT,NY.GDP.MKTP.CD,1978,793673401.641079
MLT,NY.GDP.MKTP.CD,1977,625563170.67121
MLT,NY.GDP.MKTP.CD,1976,527936988.791275
MLT,NY.GDP.MKTP.CD,1975,474618321.462361
MLT,NY.GDP.MKTP.CD,1974,376081124.273469
MLT,NY.GDP.MKTP.CD,1973,345616105.882558
MLT,NY.GDP.MKTP.CD,1972,295106628.339343
MLT,NY.GDP.MKTP.CD,1971,264578484.770195
MLT,NY.GDP.MKTP.CD,1970,250728796.288378
MLT,NY.GDP.MKTP.CD,1969,
MLT,NY.GDP.MKTP.CD,1968,
MLT,NY.GDP.MKTP.CD,1967,
MLT,NY.GDP.MKTP.CD,1966,
MLT,NY.GDP.MKTP.CD,1965,
MLT,NY.GDP.MKTP.CD,1964,
MLT,NY.GDP.MKTP.CD,1963,
MLT,NY.GDP.MKTP.CD,1962,
MLT,NY.GDP.MKTP.CD,1961,
MLT,NY.GDP.MKTP.CD,1960,
MHL,NY.GDP.MKTP.CD,2024,290108489.990234
MHL,NY.GDP.MKTP.CD,2023,263761322.021484
MHL,NY.GDP.MKTP.CD,2022,258723510.742188
MHL,NY.GDP.MKTP.CD,2021,261245544.433594
MHL,NY.GDP.MKTP.CD,2020,241800000.0
MHL,NY.GDP.MKTP.CD,2019,232900000.0
MHL,NY.GDP.MKTP.CD,2018,220000000.0
MHL,NY.GDP.MKTP.CD,2017,213700000.0
MHL,NY.GDP.MKTP.CD,2016,201800000.0
MHL,NY.GDP.MKTP.CD,2015,183700000.0
MHL,NY.GDP.MKTP.CD,2014,186000000.0
MHL,NY.GDP.MKTP.CD,2013,186400000.0
MHL,NY.GDP.MKTP.CD,2012,180700000.0
MHL,NY.GDP.MKTP.CD,2011,172300000.0
MHL,NY.GDP.MKTP.CD,2010,161100000.0
MHL,NY.GDP.MKTP.CD,2009,151200000.0
MHL,NY.GDP.MKTP.CD,2008,146600000.0
MHL,NY.GDP.MKTP.CD,2007,150500000.0
MHL,NY.GDP.MKTP.CD,2006,143200000.0
MHL,NY.GDP.MKTP.CD,2005,138000000.0
MHL,NY.GDP.MKTP.CD,2004,132900000.0
MHL,NY.GDP.MKTP.CD,2003,131128500.0
MHL,NY.GDP.MKTP.CD,2002,131960000.0
MHL,NY.GDP.MKTP.CD,2001,122406100.0
MHL,NY.GDP.MKTP.CD,2000,114838500.0
MHL,NY.GDP.MKTP.CD,1999,113352100.0
MHL,NY.GDP.MKTP.CD,1998,112070100.0
MHL,NY.GDP.MKTP.CD,1997,109884700.0
MHL,NY.GDP.MKTP.CD,1996,110858000.0
MHL,NY.GDP.MKTP.CD,1995,120230000.0
MHL,NY.GDP.MKTP.CD,1994,108071000.0
MHL,NY.GDP.MKTP.CD,1993,99461000.0
MHL,NY.GDP.MKTP.CD,1992,91063000.0
MHL,NY.GDP.MKTP.CD,1991,82507000.0
MHL,NY.GDP.MKTP.CD,1990,78476000.0
MHL,NY.GDP.MKTP.CD,1989,72798000.0
MHL,NY.GDP.MKTP.CD,1988,70688000.0
MHL,NY.GDP.MKTP.CD,1987,62983000.0
MHL,NY.GDP.MKTP.CD,1986,55989000.0
MHL,NY.GDP.MKTP.CD,1985,43879000.0
MHL,NY.GDP.MKTP.CD,1984,45144000.0
MHL,NY.GDP.MKTP.CD,1983,41749000.0
MHL,NY.GDP.MKTP.CD,1982,34918000.0
MHL,NY.GDP.MKTP.CD,1981,31020000.0
MHL,NY.GDP.MKTP.CD,1980,26710653.0
MHL,NY.GDP.MKTP.CD,1979,25545346.0
MHL,NY.GDP.MKTP.CD,1978,22209370.0
MHL,NY.GDP.MKTP.CD,1977,20210069.0
MHL,NY.GDP.MKTP.CD,1976,18153647.0
MHL,NY.GDP.MKTP.CD,1975,16691301.0
MHL,NY.GDP.MKTP.CD,1974,15217532.0
MHL,NY.GDP.MKTP.CD,1973,11607366.0
MHL,NY.GDP.MKTP.CD,1972,9973652.0
MHL,NY.GDP.MKTP.CD,1971,9116810.0
MHL,NY.GDP.MKTP.CD,1970,8408486.0
MHL,NY.GDP.MKTP.CD,1969,
MHL,NY.GDP.MKTP.CD,1968,
MHL,NY.GDP.MKTP.CD,1967,
MHL,NY.GDP.MKTP.CD,1966,
MHL,NY.GDP.MKTP.CD,1965,
MHL,NY.GDP.MKTP.CD,1964,
MHL,NY.GDP.MKTP.CD,1963,
MHL,NY.GDP.MKTP.CD,1962,
MHL,NY.GDP.MKTP.CD,1961,
MHL,NY.GDP.MKTP.CD,1960,
MRT,NY.GDP.MKTP.CD,2024,10908045686.8808
MRT,NY.GDP.MKTP.CD,2023,10726838461.3987
MRT,NY.GDP.MKTP.CD,2022,9557966698.25369
MRT,NY.GDP.MKTP.CD,2021,9222536364.01272
MRT,NY.GDP.MKTP.CD,2020,8260752385.23089
MRT,NY.GDP.MKTP.CD,2019,7894764885.82312
MRT,NY.GDP.MKTP.CD,2018,7473550557.07378
MRT,NY.GDP.MKTP.CD,2017,6800135898.28827
MRT,NY.GDP.MKTP.CD,2016,6398747592.13185
MRT,NY.GDP.MKTP.CD,2015,6166863896.68677
MRT,NY.GDP.MKTP.CD,2014,6592537781.81518
MRT,NY.GDP.MKTP.CD,2013,7223071097.08417
MRT,NY.GDP.MKTP.CD,2012,6728208836.22143
MRT,NY.GDP.MKTP.CD,2011,6764627745.9033
MRT,NY.GDP.MKTP.CD,2010,5628878797.98257
MRT,NY.GDP.MKTP.CD,2009,4714595547.75102
MRT,NY.GDP.MKTP.CD,2008,5206437193.80413
MRT,NY.GDP.MKTP.CD,2007,4346212355.02975
MRT,NY.GDP.MKTP.CD,2006,3919577285.92703
MRT,NY.GDP.MKTP.CD,2005,2936019525.60241
MRT,NY.GDP.MKTP.CD,2004,2362501023.24249
MRT,NY.GDP.MKTP.CD,2003,2051147606.73687
MRT,NY.GDP.MKTP.CD,2002,1777057481.26043
MRT,NY.GDP.MKTP.CD,2001,1746063557.61355
MRT,NY.GDP.MKTP.CD,2000,1779520886.47015
MRT,NY.GDP.MKTP.CD,1999,1985922775.53351
MRT,NY.GDP.MKTP.CD,1998,2032347664.94993
MRT,NY.GDP.MKTP.CD,1997,2071996564.05296
MRT,NY.GDP.MKTP.CD,1996,2132087009.28942
MRT,NY.GDP.MKTP.CD,1995,2091726101.43014
MRT,NY.GDP.MKTP.CD,1994,1944876755.00708
MRT,NY.GDP.MKTP.CD,1993,1847353211.3475
MRT,NY.GDP.MKTP.CD,1992,2164298425.48412
MRT,NY.GDP.MKTP.CD,1991,2133692696.74857
MRT,NY.GDP.MKTP.CD,1990,1506914407.82047
MRT,NY.GDP.MKTP.CD,1989,1450647019.18099
MRT,NY.GDP.MKTP.CD,1988,1414951290.06682
MRT,NY.GDP.MKTP.CD,1987,1344664724.68991
MRT,NY.GDP.MKTP.CD,1986,1186628778.4874
MRT,NY.GDP.MKTP.CD,1985,1009723326.32808
MRT,NY.GDP.MKTP.CD,1984,1074373230.36274
MRT,NY.GDP.MKTP.CD,1983,1165171263.34593
MRT,NY.GDP.MKTP.CD,1982,1108776652.78389
MRT,NY.GDP.MKTP.CD,1981,1105494681.63193
MRT,NY.GDP.MKTP.CD,1980,1047925105.54497
MRT,NY.GDP.MKTP.CD,1979,951900945.252492
MRT,NY.GDP.MKTP.CD,1978,804629876.848091
MRT,NY.GDP.MKTP.CD,1977,799030017.057464
MRT,NY.GDP.MKTP.CD,1976,775045516.827791
MRT,NY.GDP.MKTP.CD,1975,703377837.452223
MRT,NY.GDP.MKTP.CD,1974,613010552.500776
MRT,NY.GDP.MKTP.CD,1973,493237876.273031
MRT,NY.GDP.MKTP.CD,1972,391669449.290746
MRT,NY.GDP.MKTP.CD,1971,335568907.051937
MRT,NY.GDP.MKTP.CD,1970,309405315.98667
MRT,NY.GDP.MKTP.CD,1969,295062308.474696
MRT,NY.GDP.MKTP.CD,1968,311395937.322956
MRT,NY.GDP.MKTP.CD,1967,282615310.216284
MRT,NY.GDP.MKTP.CD,1966,266533605.185831
MRT,NY.GDP.MKTP.CD,1965,255340474.997828
MRT,NY.GDP.MKTP.CD,1964,224495743.865038
MRT,NY.GDP.MKTP.CD,1963,168186297.281077
MRT,NY.GDP.MKTP.CD,1962,164271557.513473
MRT,NY.GDP.MKTP.CD,1961,159213430.204754
MRT,NY.GDP.MKTP.CD,1960,
MUS,NY.GDP.MKTP.CD,2024,14937861786.17
MUS,NY.GDP.MKTP.CD,2023,14072212290.4596
MUS,NY.GDP.MKTP.CD,2022,12936444123.3037
MUS,NY.GDP.MKTP.CD,2021,11622048696.8129
MUS,NY.GDP.MKTP.CD,2020,11566111137.5568
MUS,NY.GDP.MKTP.CD,2019,14645235204.6176
MUS,NY.GDP.MKTP.CD,2018,14957535715.9696
MUS,NY.GDP.MKTP.CD,2017,13896938315.2799
MUS,NY.GDP.MKTP.CD,2016,12757680846.5663
MUS,NY.GDP.MKTP.CD,2015,12162211503.0793
MUS,NY.GDP.MKTP.CD,2014,13230490081.5656
MUS,NY.GDP.MKTP.CD,2013,12434596541.2996
MUS,NY.GDP.MKTP.CD,2012,11832323837.1071
MUS,NY.GDP.MKTP.CD,2011,11677718382.4259
MUS,NY.GDP.MKTP.CD,2010,10144716154.9356
MUS,NY.GDP.MKTP.CD,2009,9264513545.14108
MUS,NY.GDP.MKTP.CD,2008,10127777060.4113
MUS,NY.GDP.MKTP.CD,2007,8277442915.00168
MUS,NY.GDP.MKTP.CD,2006,7137710412.93687
MUS,NY.GDP.MKTP.CD,2005,6576108447.47531
MUS,NY.GDP.MKTP.CD,2004,6667418752.07307
MUS,NY.GDP.MKTP.CD,2003,5894873919.74797
MUS,NY.GDP.MKTP.CD,2002,4906494249.38255
MUS,NY.GDP.MKTP.CD,2001,4675755867.17657
MUS,NY.GDP.MKTP.CD,2000,4726108622.47661
MUS,NY.GDP.MKTP.CD,1999,4402193195.46945
MUS,NY.GDP.MKTP.CD,1998,4225813976.36359
MUS,NY.GDP.MKTP.CD,1997,4243755307.55239
MUS,NY.GDP.MKTP.CD,1996,4481489761.54368
MUS,NY.GDP.MKTP.CD,1995,4094741652.30048
MUS,NY.GDP.MKTP.CD,1994,3606050873.0139
MUS,NY.GDP.MKTP.CD,1993,3307302125.87528
MUS,NY.GDP.MKTP.CD,1992,3267677814.23984
MUS,NY.GDP.MKTP.CD,1991,2895354736.18332
MUS,NY.GDP.MKTP.CD,1990,2689212760.18576
MUS,NY.GDP.MKTP.CD,1989,2211312823.20576
MUS,NY.GDP.MKTP.CD,1988,2163252449.13108
MUS,NY.GDP.MKTP.CD,1987,1906174437.96762
MUS,NY.GDP.MKTP.CD,1986,1482601552.40192
MUS,NY.GDP.MKTP.CD,1985,1090611324.6814
MUS,NY.GDP.MKTP.CD,1984,1054564759.05328
MUS,NY.GDP.MKTP.CD,1983,1104956573.09802
MUS,NY.GDP.MKTP.CD,1982,1092923635.57767
MUS,NY.GDP.MKTP.CD,1981,1157769443.59463
MUS,NY.GDP.MKTP.CD,1980,1147027924.10804
MUS,NY.GDP.MKTP.CD,1979,1227446632.17561
MUS,NY.GDP.MKTP.CD,1978,1029040323.36704
MUS,NY.GDP.MKTP.CD,1977,834722972.199873
MUS,NY.GDP.MKTP.CD,1976,713510051.522669
MUS,NY.GDP.MKTP.CD,1975,673311287.073382
MUS,NY.GDP.MKTP.CD,1974,669894029.624369
MUS,NY.GDP.MKTP.CD,1973,404285775.079719
MUS,NY.GDP.MKTP.CD,1972,318664899.637091
MUS,NY.GDP.MKTP.CD,1971,251437337.841491
MUS,NY.GDP.MKTP.CD,1970,224125805.005805
MUS,NY.GDP.MKTP.CD,1969,221553612.873613
MUS,NY.GDP.MKTP.CD,1968,206576630.576631
MUS,NY.GDP.MKTP.CD,1967,238439290.867222
MUS,NY.GDP.MKTP.CD,1966,227534083.454083
MUS,NY.GDP.MKTP.CD,1965,230024160.524161
MUS,NY.GDP.MKTP.CD,1964,218914569.184569
MUS,NY.GDP.MKTP.CD,1963,253839557.949558
MUS,NY.GDP.MKTP.CD,1962,197738207.858208
MUS,NY.GDP.MKTP.CD,1961,191757729.477729
MUS,NY.GDP.MKTP.CD,1960,162089563.829564
MEX,NY.GDP.MKTP.CD,2024,1856365616165.94
MEX,NY.GDP.MKTP.CD,2023,1798317581486.88
MEX,NY.GDP.MKTP.CD,2022,1466934724293.06
MEX,NY.GDP.MKTP.CD,2021,1316569466685.95
MEX,NY.GDP.MKTP.CD,2020,1121064767308.42
MEX,NY.GDP.MKTP.CD,2019,1304106203902.45
MEX,NY.GDP.MKTP.CD,2018,1256300182879.73
MEX,NY.GDP.MKTP.CD,2017,1190721475906.0
MEX,NY.GDP.MKTP.CD,2016,1112233497452.7
MEX,NY.GDP.MKTP.CD,2015,1213294467716.88
MEX,NY.GDP.MKTP.CD,2014,1364507717614.13
MEX,NY.GDP.MKTP.CD,2013,1327436290282.67
MEX,NY.GDP.MKTP.CD,2012,1255110424817.79
MEX,NY.GDP.MKTP.CD,2011,1229013703416.76
MEX,NY.GDP.MKTP.CD,2010,1105424238731.09
MEX,NY.GDP.MKTP.CD,2009,943437415024.633
MEX,NY.GDP.MKTP.CD,2008,1161553459715.1
MEX,NY.GDP.MKTP.CD,2007,1102355554971.95
MEX,NY.GDP.MKTP.CD,2006,1020265057882.01
MEX,NY.GDP.MKTP.CD,2005,917571853529.104
MEX,NY.GDP.MKTP.CD,2004,819459227375.022
MEX,NY.GDP.MKTP.CD,2003,765549967703.273
MEX,NY.GDP.MKTP.CD,2002,810666116401.915
MEX,NY.GDP.MKTP.CD,2001,796064590549.136
MEX,NY.GDP.MKTP.CD,2000,742061329749.127
MEX,NY.GDP.MKTP.CD,1999,631249359702.389
MEX,NY.GDP.MKTP.CD,1998,557461102630.658
MEX,NY.GDP.MKTP.CD,1997,523449530464.257
MEX,NY.GDP.MKTP.CD,1996,432157945024.428
MEX,NY.GDP.MKTP.CD,1995,380157469866.849
MEX,NY.GDP.MKTP.CD,1994,553618247900.74
MEX,NY.GDP.MKTP.CD,1993,530160763662.543
MEX,NY.GDP.MKTP.CD,1992,363157832923.734
MEX,NY.GDP.MKTP.CD,1991,313139656145.745
MEX,NY.GDP.MKTP.CD,1990,261253675692.838
MEX,NY.GDP.MKTP.CD,1989,221403098266.77
MEX,NY.GDP.MKTP.CD,1988,181611150496.787
MEX,NY.GDP.MKTP.CD,1987,147542558208.888
MEX,NY.GDP.MKTP.CD,1986,134556034672.991
MEX,NY.GDP.MKTP.CD,1985,195241069482.077
MEX,NY.GDP.MKTP.CD,1984,184230754105.394
MEX,NY.GDP.MKTP.CD,1983,156167000432.994
MEX,NY.GDP.MKTP.CD,1982,184602611609.517
MEX,NY.GDP.MKTP.CD,1981,263797827860.494
MEX,NY.GDP.MKTP.CD,1980,205577055465.993
MEX,NY.GDP.MKTP.CD,1979,134531900898.926
MEX,NY.GDP.MKTP.CD,1978,102648570299.117
MEX,NY.GDP.MKTP.CD,1977,81912018783.5024
MEX,NY.GDP.MKTP.CD,1976,88875923765.072
MEX,NY.GDP.MKTP.CD,1975,88000000000.0
MEX,NY.GDP.MKTP.CD,1974,72000000000.0
MEX,NY.GDP.MKTP.CD,1973,55280000000.0
MEX,NY.GDP.MKTP.CD,1972,45200000000.0
MEX,NY.GDP.MKTP.CD,1971,39200000000.0
MEX,NY.GDP.MKTP.CD,1970,35520000000.0
MEX,NY.GDP.MKTP.CD,1969,32480000000.0
MEX,NY.GDP.MKTP.CD,1968,29360000000.0
MEX,NY.GDP.MKTP.CD,1967,26560000000.0
MEX,NY.GDP.MKTP.CD,1966,24320000000.0
MEX,NY.GDP.MKTP.CD,1965,21840000000.0
MEX,NY.GDP.MKTP.CD,1964,20080000000.0
MEX,NY.GDP.MKTP.CD,1963,16960000000.0
MEX,NY.GDP.MKTP.CD,1962,15200000000.0
MEX,NY.GDP.MKTP.CD,1961,14160000000.0
MEX,NY.GDP.MKTP.CD,1960,13040000000.0
FSM,NY.GDP.MKTP.CD,2024,471425099.488675
FSM,NY.GDP.MKTP.CD,2023,441469400.0
FSM,NY.GDP.MKTP.CD,2022,415956900.0
FSM,NY.GDP.MKTP.CD,2021,391601900.0
FSM,NY.GDP.MKTP.CD,2020,372902700.0
FSM,NY.GDP.MKTP.CD,2019,394000000.0
FSM,NY.GDP.MKTP.CD,2018,392000000.0
FSM,NY.GDP.MKTP.CD,2017,359000000.0
FSM,NY.GDP.MKTP.CD,2016,325000000.0
FSM,NY.GDP.MKTP.CD,2015,310175057.802073
FSM,NY.GDP.MKTP.CD,2014,313994033.967662
FSM,NY.GDP.MKTP.CD,2013,312808581.662958
FSM,NY.GDP.MKTP.CD,2012,322838077.579294
FSM,NY.GDP.MKTP.CD,2011,306799375.530804
FSM,NY.GDP.MKTP.CD,2010,290638857.061212
FSM,NY.GDP.MKTP.CD,2009,274654606.935781
FSM,NY.GDP.MKTP.CD,2008,258124736.278522
FSM,NY.GDP.MKTP.CD,2007,252011254.242462
FSM,NY.GDP.MKTP.CD,2006,248583534.788766
FSM,NY.GDP.MKTP.CD,2005,245905050.832081
FSM,NY.GDP.MKTP.CD,2004,235538109.216531
FSM,NY.GDP.MKTP.CD,2003,240949861.080731
FSM,NY.GDP.MKTP.CD,2002,237654335.835633
FSM,NY.GDP.MKTP.CD,2001,236387710.833256
FSM,NY.GDP.MKTP.CD,2000,229616847.556821
FSM,NY.GDP.MKTP.CD,1999,217198869.130571
FSM,NY.GDP.MKTP.CD,1998,216520601.071838
FSM,NY.GDP.MKTP.CD,1997,204397167.480929
FSM,NY.GDP.MKTP.CD,1996,216545996.897124
FSM,NY.GDP.MKTP.CD,1995,219930003.350969
FSM,NY.GDP.MKTP.CD,1994,202500000.0
FSM,NY.GDP.MKTP.CD,1993,198400000.0
FSM,NY.GDP.MKTP.CD,1992,178100000.0
FSM,NY.GDP.MKTP.CD,1991,166200000.0
FSM,NY.GDP.MKTP.CD,1990,147200000.0
FSM,NY.GDP.MKTP.CD,1989,135200000.0
FSM,NY.GDP.MKTP.CD,1988,124700000.0
FSM,NY.GDP.MKTP.CD,1987,116700000.0
FSM,NY.GDP.MKTP.CD,1986,112210000.0
FSM,NY.GDP.MKTP.CD,1985,101931941.0
FSM,NY.GDP.MKTP.CD,1984,84676118.0
FSM,NY.GDP.MKTP.CD,1983,84110353.0
FSM,NY.GDP.MKTP.CD,1982,80055706.0
FSM,NY.GDP.MKTP.CD,1981,76472529.0
FSM,NY.GDP.MKTP.CD,1980,64186644.0
FSM,NY.GDP.MKTP.CD,1979,60270778.0
FSM,NY.GDP.MKTP.CD,1978,53656834.0
FSM,NY.GDP.MKTP.CD,1977,47305560.0
FSM,NY.GDP.MKTP.CD,1976,46813193.0
FSM,NY.GDP.MKTP.CD,1975,46119184.0
FSM,NY.GDP.MKTP.CD,1974,46095175.0
FSM,NY.GDP.MKTP.CD,1973,34821467.0
FSM,NY.GDP.MKTP.CD,1972,25100928.0
FSM,NY.GDP.MKTP.CD,1971,21783158.0
FSM,NY.GDP.MKTP.CD,1970,19885926.0
FSM,NY.GDP.MKTP.CD,1969,
FSM,NY.GDP.MKTP.CD,1968,
FSM,NY.GDP.MKTP.CD,1967,
FSM,NY.GDP.MKTP.CD,1966,
FSM,NY.GDP.MKTP.CD,1965,
FSM,NY.GDP.MKTP.CD,1964,
FSM,NY.GDP.MKTP.CD,1963,
FSM,NY.GDP.MKTP.CD,1962,
FSM,NY.GDP.MKTP.CD,1961,
FSM,NY.GDP.MKTP.CD,1960,
MDA,NY.GDP.MKTP.CD,2024,18200340853.6517
MDA,NY.GDP.MKTP.CD,2023,16711906746.2133
MDA,NY.GDP.MKTP.CD,2022,14525337523.7271
MDA,NY.GDP.MKTP.CD,2021,13691869264.0794
MDA,NY.GDP.MKTP.CD,2020,11530746234.4492
MDA,NY.GDP.MKTP.CD,2019,11736797054.6965
MDA,NY.GDP.MKTP.CD,2018,11252353420.8798
MDA,NY.GDP.MKTP.CD,2017,9514404016.20949
MDA,NY.GDP.MKTP.CD,2016,7980917075.7748
MDA,NY.GDP.MKTP.CD,2015,7797667196.73087
MDA,NY.GDP.MKTP.CD,2014,9402090137.7423
MDA,NY.GDP.MKTP.CD,2013,9496717875.51932
MDA,NY.GDP.MKTP.CD,2012,8709138634.82921
MDA,NY.GDP.MKTP.CD,2011,8414352020.49442
MDA,NY.GDP.MKTP.CD,2010,6974982369.60155
MDA,NY.GDP.MKTP.CD,2009,5439434271.78807
MDA,NY.GDP.MKTP.CD,2008,6054824248.24221
MDA,NY.GDP.MKTP.CD,2007,4401173151.93767
MDA,NY.GDP.MKTP.CD,2006,3408255450.5509
MDA,NY.GDP.MKTP.CD,2005,2988342907.03096
MDA,NY.GDP.MKTP.CD,2004,2598249555.89984
MDA,NY.GDP.MKTP.CD,2003,1980907434.76826
MDA,NY.GDP.MKTP.CD,2002,1661818168.4226
MDA,NY.GDP.MKTP.CD,2001,1480673594.05602
MDA,NY.GDP.MKTP.CD,2000,1288429391.79951
MDA,NY.GDP.MKTP.CD,1999,1170782957.37443
MDA,NY.GDP.MKTP.CD,1998,1698717504.65549
MDA,NY.GDP.MKTP.CD,1997,1930081168.83117
MDA,NY.GDP.MKTP.CD,1996,1695122173.91304
MDA,NY.GDP.MKTP.CD,1995,1752999370.46158
MDA,NY.GDP.MKTP.CD,1994,1702314267.59123
MDA,NY.GDP.MKTP.CD,1993,2371813323.57343
MDA,NY.GDP.MKTP.CD,1992,2319243435.96096
MDA,NY.GDP.MKTP.CD,1991,3094565870.64237
MDA,NY.GDP.MKTP.CD,1990,3592857043.05057
MDA,NY.GDP.MKTP.CD,1989,
MDA,NY.GDP.MKTP.CD,1988,
MDA,NY.GDP.MKTP.CD,1987,
MDA,NY.GDP.MKTP.CD,1986,
MDA,NY.GDP.MKTP.CD,1985,
MDA,NY.GDP.MKTP.CD,1984,
MDA,NY.GDP.MKTP.CD,1983,
MDA,NY.GDP.MKTP.CD,1982,
MDA,NY.GDP.MKTP.CD,1981,
MDA,NY.GDP.MKTP.CD,1980,
MDA,NY.GDP.MKTP.CD,1979,
MDA,NY.GDP.MKTP.CD,1978,
MDA,NY.GDP.MKTP.CD,1977,
MDA,NY.GDP.MKTP.CD,1976,
MDA,NY.GDP.MKTP.CD,1975,
MDA,NY.GDP.MKTP.CD,1974,
MDA,NY.GDP.MKTP.CD,1973,
MDA,NY.GDP.MKTP.CD,1972,
MDA,NY.GDP.MKTP.CD,1971,
MDA,NY.GDP.MKTP.CD,1970,
MDA,NY.GDP.MKTP.CD,1969,
MDA,NY.GDP.MKTP.CD,1968,
MDA,NY.GDP.MKTP.CD,1967,
MDA,NY.GDP.MKTP.CD,1966,
MDA,NY.GDP.MKTP.CD,1965,
MDA,NY.GDP.MKTP.CD,1964,
MDA,NY.GDP.MKTP.CD,1963,
MDA,NY.GDP.MKTP.CD,1962,
MDA,NY.GDP.MKTP.CD,1961,
MDA,NY.GDP.MKTP.CD,1960,
MCO,NY.GDP.MKTP.CD,2024,11125783372.4794
MCO,NY.GDP.MKTP.CD,2023,10003892565.2005
MCO,NY.GDP.MKTP.CD,2022,8800430486.17137
MCO,NY.GDP.MKTP.CD,2021,8623242743.29564
MCO,NY.GDP.MKTP.CD,2020,6730736282.78961
MCO,NY.GDP.MKTP.CD,2019,7383496254.23721
MCO,NY.GDP.MKTP.CD,2018,7184333936.01355
MCO,NY.GDP.MKTP.CD,2017,6430254652.58934
MCO,NY.GDP.MKTP.CD,2016,6471290793.55029
MCO,NY.GDP.MKTP.CD,2015,6264756528.37691
MCO,NY.GDP.MKTP.CD,2014,7070017323.65476
MCO,NY.GDP.MKTP.CD,2013,6555591709.88585
MCO,NY.GDP.MKTP.CD,2012,5742749294.00852
MCO,NY.GDP.MKTP.CD,2011,6088689808.38347
MCO,NY.GDP.MKTP.CD,2010,5367561569.59548
MCO,NY.GDP.MKTP.CD,2009,5474379252.34114
MCO,NY.GDP.MKTP.CD,2008,6502942244.93068
MCO,NY.GDP.MKTP.CD,2007,5875790766.2621
MCO,NY.GDP.MKTP.CD,2006,4586826512.71356
MCO,NY.GDP.MKTP.CD,2005,4204652898.73103
MCO,NY.GDP.MKTP.CD,2004,4043551488.82603
MCO,NY.GDP.MKTP.CD,2003,3597089750.78276
MCO,NY.GDP.MKTP.CD,2002,2919647981.81473
MCO,NY.GDP.MKTP.CD,2001,2673723033.71239
MCO,NY.GDP.MKTP.CD,2000,2654462665.26893
MCO,NY.GDP.MKTP.CD,1999,2907118641.17756
MCO,NY.GDP.MKTP.CD,1998,2934593467.68589
MCO,NY.GDP.MKTP.CD,1997,2840195190.36905
MCO,NY.GDP.MKTP.CD,1996,3137886994.52207
MCO,NY.GDP.MKTP.CD,1995,3130309995.30848
MCO,NY.GDP.MKTP.CD,1994,2720332134.53623
MCO,NY.GDP.MKTP.CD,1993,2574494355.73357
MCO,NY.GDP.MKTP.CD,1992,2737049230.70442
MCO,NY.GDP.MKTP.CD,1991,2480540845.33242
MCO,NY.GDP.MKTP.CD,1990,2481307077.10989
MCO,NY.GDP.MKTP.CD,1989,2010083833.1726
MCO,NY.GDP.MKTP.CD,1988,2000704744.91538
MCO,NY.GDP.MKTP.CD,1987,1839081463.27676
MCO,NY.GDP.MKTP.CD,1986,1515234743.47367
MCO,NY.GDP.MKTP.CD,1985,1082867507.33142
MCO,NY.GDP.MKTP.CD,1984,1037329604.35108
MCO,NY.GDP.MKTP.CD,1983,1092560364.51959
MCO,NY.GDP.MKTP.CD,1982,1143216456.56796
MCO,NY.GDP.MKTP.CD,1981,1205188647.93163
MCO,NY.GDP.MKTP.CD,1980,1378175524.11186
MCO,NY.GDP.MKTP.CD,1979,1209870147.49099
MCO,NY.GDP.MKTP.CD,1978,1000555218.03209
MCO,NY.GDP.MKTP.CD,1977,811191392.224277
MCO,NY.GDP.MKTP.CD,1976,735324244.667397
MCO,NY.GDP.MKTP.CD,1975,711978961.893674
MCO,NY.GDP.MKTP.CD,1974,563949254.114034
MCO,NY.GDP.MKTP.CD,1973,523554039.203208
MCO,NY.GDP.MKTP.CD,1972,402451900.821288
MCO,NY.GDP.MKTP.CD,1971,327706210.435217
MCO,NY.GDP.MKTP.CD,1970,293127333.238065
MCO,NY.GDP.MKTP.CD,1969,
MCO,NY.GDP.MKTP.CD,1968,
MCO,NY.GDP.MKTP.CD,1967,
MCO,NY.GDP.MKTP.CD,1966,
MCO,NY.GDP.MKTP.CD,1965,
MCO,NY.GDP.MKTP.CD,1964,
MCO,NY.GDP.MKTP.CD,1963,
MCO,NY.GDP.MKTP.CD,1962,
MCO,NY.GDP.MKTP.CD,1961,
MCO,NY.GDP.MKTP.CD,1960,
MNG,NY.GDP.MKTP.CD,2024,23794540024.5132
MNG,NY.GDP.MKTP.CD,2023,20325121393.9074
MNG,NY.GDP.MKTP.CD,2022,17146471713.748
MNG,NY.GDP.MKTP.CD,2021,15286441737.6686
MNG,NY.GDP.MKTP.CD,2020,13312981429.0891
MNG,NY.GDP.MKTP.CD,2019,14206359017.5143
MNG,NY.GDP.MKTP.CD,2018,13178094720.4986
MNG,NY.GDP.MKTP.CD,2017,11480847740.736
MNG,NY.GDP.MKTP.CD,2016,11181350649.3573
MNG,NY.GDP.MKTP.CD,2015,11619892590.6941
MNG,NY.GDP.MKTP.CD,2014,12226514668.0622
MNG,NY.GDP.MKTP.CD,2013,12582122604.2577
MNG,NY.GDP.MKTP.CD,2012,12292770631.565
MNG,NY.GDP.MKTP.CD,2011,10409797377.8571
MNG,NY.GDP.MKTP.CD,2010,7189481998.90094
MNG,NY.GDP.MKTP.CD,2009,4583850367.88972
MNG,NY.GDP.MKTP.CD,2008,5623216608.04288
MNG,NY.GDP.MKTP.CD,2007,4234999703.90059
MNG,NY.GDP.MKTP.CD,2006,3414055661.61598
MNG,NY.GDP.MKTP.CD,2005,2523471601.10421
MNG,NY.GDP.MKTP.CD,2004,1992066808.09598
MNG,NY.GDP.MKTP.CD,2003,1595297355.78349
MNG,NY.GDP.MKTP.CD,2002,1396555719.97409
MNG,NY.GDP.MKTP.CD,2001,1267997934.3125
MNG,NY.GDP.MKTP.CD,2000,1136896123.61298
MNG,NY.GDP.MKTP.CD,1999,1057408588.68269
MNG,NY.GDP.MKTP.CD,1998,1124440204.84738
MNG,NY.GDP.MKTP.CD,1997,1180934202.83801
MNG,NY.GDP.MKTP.CD,1996,1345719472.35883
MNG,NY.GDP.MKTP.CD,1995,1452165005.2384
MNG,NY.GDP.MKTP.CD,1994,925817092.217484
MNG,NY.GDP.MKTP.CD,1993,768401634.154573
MNG,NY.GDP.MKTP.CD,1992,1317611863.84977
MNG,NY.GDP.MKTP.CD,1991,2379018326.31579
MNG,NY.GDP.MKTP.CD,1990,2560785660.0
MNG,NY.GDP.MKTP.CD,1989,3576966800.0
MNG,NY.GDP.MKTP.CD,1988,3204461566.66667
MNG,NY.GDP.MKTP.CD,1987,3020611600.0
MNG,NY.GDP.MKTP.CD,1986,2896178866.66667
MNG,NY.GDP.MKTP.CD,1985,2186505475.0
MNG,NY.GDP.MKTP.CD,1984,2098734600.0
MNG,NY.GDP.MKTP.CD,1983,2725736633.33333
MNG,NY.GDP.MKTP.CD,1982,2552401933.33333
MNG,NY.GDP.MKTP.CD,1981,2310099100.0
MNG,NY.GDP.MKTP.CD,1980,2101394100.0
MNG,NY.GDP.MKTP.CD,1979,
MNG,NY.GDP.MKTP.CD,1978,
MNG,NY.GDP.MKTP.CD,1977,
MNG,NY.GDP.MKTP.CD,1976,
MNG,NY.GDP.MKTP.CD,1975,
MNG,NY.GDP.MKTP.CD,1974,
MNG,NY.GDP.MKTP.CD,1973,
MNG,NY.GDP.MKTP.CD,1972,
MNG,NY.GDP.MKTP.CD,1971,
MNG,NY.GDP.MKTP.CD,1970,
MNG,NY.GDP.MKTP.CD,1969,
MNG,NY.GDP.MKTP.CD,1968,
MNG,NY.GDP.MKTP.CD,1967,
MNG,NY.GDP.MKTP.CD,1966,
MNG,NY.GDP.MKTP.CD,1965,
MNG,NY.GDP.MKTP.CD,1964,
MNG,NY.GDP.MKTP.CD,1963,
MNG,NY.GDP.MKTP.CD,1962,
MNG,NY.GDP.MKTP.CD,1961,
MNG,NY.GDP.MKTP.CD,1960,
MNE,NY.GDP.MKTP.CD,2024,8270016670.86774
MNE,NY.GDP.MKTP.CD,2023,7644389159.84471
MNE,NY.GDP.MKTP.CD,2022,6251215144.13471
MNE,NY.GDP.MKTP.CD,2021,5823715809.63286
MNE,NY.GDP.MKTP.CD,2020,4723571497.76347
MNE,NY.GDP.MKTP.CD,2019,5483476883.4658
MNE,NY.GDP.MKTP.CD,2018,5433467174.79183
MNE,NY.GDP.MKTP.CD,2017,4803962015.62122
MNE,NY.GDP.MKTP.CD,2016,4357469330.46719
MNE,NY.GDP.MKTP.CD,2015,4010885990.83986
MNE,NY.GDP.MKTP.CD,2014,4579636601.80039
MNE,NY.GDP.MKTP.CD,2013,4422097762.7848
MNE,NY.GDP.MKTP.CD,2012,4071829462.26447
MNE,NY.GDP.MKTP.CD,2011,4507126949.08507
MNE,NY.GDP.MKTP.CD,2010,4136936189.28052
MNE,NY.GDP.MKTP.CD,2009,4142640316.75465
MNE,NY.GDP.MKTP.CD,2008,4540861725.50168
MNE,NY.GDP.MKTP.CD,2007,3677910895.15467
MNE,NY.GDP.MKTP.CD,2006,2717702923.09622
MNE,NY.GDP.MKTP.CD,2005,2257174480.78597
MNE,NY.GDP.MKTP.CD,2004,2073234417.68066
MNE,NY.GDP.MKTP.CD,2003,1707710053.14938
MNE,NY.GDP.MKTP.CD,2002,1284685050.52413
MNE,NY.GDP.MKTP.CD,2001,1159869245.92513
MNE,NY.GDP.MKTP.CD,2000,984293043.811565
MNE,NY.GDP.MKTP.CD,1999,828950327.353261
MNE,NY.GDP.MKTP.CD,1998,854261160.714286
MNE,NY.GDP.MKTP.CD,1997,838288806.001293
MNE,NY.GDP.MKTP.CD,1996,
MNE,NY.GDP.MKTP.CD,1995,
MNE,NY.GDP.MKTP.CD,1994,
MNE,NY.GDP.MKTP.CD,1993,
MNE,NY.GDP.MKTP.CD,1992,
MNE,NY.GDP.MKTP.CD,1991,
MNE,NY.GDP.MKTP.CD,1990,
MNE,NY.GDP.MKTP.CD,1989,
MNE,NY.GDP.MKTP.CD,1988,
MNE,NY.GDP.MKTP.CD,1987,
MNE,NY.GDP.MKTP.CD,1986,
MNE,NY.GDP.MKTP.CD,1985,
MNE,NY.GDP.MKTP.CD,1984,
MNE,NY.GDP.MKTP.CD,1983,
MNE,NY.GDP.MKTP.CD,1982,
MNE,NY.GDP.MKTP.CD,1981,
MNE,NY.GDP.MKTP.CD,1980,
MNE,NY.GDP.MKTP.CD,1979,
MNE,NY.GDP.MKTP.CD,1978,
MNE,NY.GDP.MKTP.CD,1977,
MNE,NY.GDP.MKTP.CD,1976,
MNE,NY.GDP.MKTP.CD,1975,
MNE,NY.GDP.MKTP.CD,1974,
MNE,NY.GDP.MKTP.CD,1973,
MNE,NY.GDP.MKTP.CD,1972,
MNE,NY.GDP.MKTP.CD,1971,
MNE,NY.GDP.MKTP.CD,1970,
MNE,NY.GDP.MKTP.CD,1969,
MNE,NY.GDP.MKTP.CD,1968,
MNE,NY.GDP.MKTP.CD,1967,
MNE,NY.GDP.MKTP.CD,1966,
MNE,NY.GDP.MKTP.CD,1965,
MNE,NY.GDP.MKTP.CD,1964,
MNE,NY.GDP.MKTP.CD,1963,
MNE,NY.GDP.MKTP.CD,1962,
MNE,NY.GDP.MKTP.CD,1961,
MNE,NY.GDP.MKTP.CD,1960,
MAR,NY.GDP.MKTP.CD,2024,160610994054.734
MAR,NY.GDP.MKTP.CD,2023,146036093666.762
MAR,NY.GDP.MKTP.CD,2022,131245312804.483
MAR,NY.GDP.MKTP.CD,2021,142022058447.231
MAR,NY.GDP.MKTP.CD,2020,121353645057.144
MAR,NY.GDP.MKTP.CD,2019,128920266409.458
MAR,NY.GDP.MKTP.CD,2018,127341147581.818
MAR,NY.GDP.MKTP.CD,2017,118540573367.844
MAR,NY.GDP.MKTP.CD,2016,111572947004.917
MAR,NY.GDP.MKTP.CD,2015,110413823841.592
MAR,NY.GDP.MKTP.CD,2014,119130841411.664
MAR,NY.GDP.MKTP.CD,2013,115739287305.08
MAR,NY.GDP.MKTP.CD,2012,106937392311.129
MAR,NY.GDP.MKTP.CD,2011,110080631332.375
MAR,NY.GDP.MKTP.CD,2010,100865329473.44
MAR,NY.GDP.MKTP.CD,2009,101154952240.881
MAR,NY.GDP.MKTP.CD,2008,101822906949.063
MAR,NY.GDP.MKTP.CD,2007,86947913286.728
MAR,NY.GDP.MKTP.CD,2006,75883823300.8545
MAR,NY.GDP.MKTP.CD,2005,68852658068.6673
MAR,NY.GDP.MKTP.CD,2004,66114145451.0067
MAR,NY.GDP.MKTP.CD,2003,58029363354.2757
MAR,NY.GDP.MKTP.CD,2002,47077192187.6418
MAR,NY.GDP.MKTP.CD,2001,43831480207.6444
MAR,NY.GDP.MKTP.CD,2000,43017455401.8445
MAR,NY.GDP.MKTP.CD,1999,46266428648.1433
MAR,NY.GDP.MKTP.CD,1998,46497608724.9865
MAR,NY.GDP.MKTP.CD,1997,39147844526.0838
MAR,NY.GDP.MKTP.CD,1996,43161571527.6353
MAR,NY.GDP.MKTP.CD,1995,39030285468.3841
MAR,NY.GDP.MKTP.CD,1994,35604137422.5796
MAR,NY.GDP.MKTP.CD,1993,31655473663.8348
MAR,NY.GDP.MKTP.CD,1992,33711069430.78
MAR,NY.GDP.MKTP.CD,1991,32285573573.9185
MAR,NY.GDP.MKTP.CD,1990,30179954774.9899
MAR,NY.GDP.MKTP.CD,1989,26314313191.1826
MAR,NY.GDP.MKTP.CD,1988,25705296183.5037
MAR,NY.GDP.MKTP.CD,1987,21765195948.189
MAR,NY.GDP.MKTP.CD,1986,19462085540.2231
MAR,NY.GDP.MKTP.CD,1985,14991283215.7408
MAR,NY.GDP.MKTP.CD,1984,14824667954.3674
MAR,NY.GDP.MKTP.CD,1983,16251408127.5735
MAR,NY.GDP.MKTP.CD,1982,17692276734.171
MAR,NY.GDP.MKTP.CD,1981,17788185478.944
MAR,NY.GDP.MKTP.CD,1980,21728516153.0907
MAR,NY.GDP.MKTP.CD,1979,15911994817.3107
MAR,NY.GDP.MKTP.CD,1978,13236946233.5759
MAR,NY.GDP.MKTP.CD,1977,11049783871.8144
MAR,NY.GDP.MKTP.CD,1976,9584297284.28316
MAR,NY.GDP.MKTP.CD,1975,8984853005.08058
MAR,NY.GDP.MKTP.CD,1974,7675466449.35531
MAR,NY.GDP.MKTP.CD,1973,6242145880.08876
MAR,NY.GDP.MKTP.CD,1972,5074117544.77482
MAR,NY.GDP.MKTP.CD,1971,4356669034.34266
MAR,NY.GDP.MKTP.CD,1970,3956336244.11865
MAR,NY.GDP.MKTP.CD,1969,3651622668.95103
MAR,NY.GDP.MKTP.CD,1968,3271422332.61996
MAR,NY.GDP.MKTP.CD,1967,3046345314.38655
MAR,NY.GDP.MKTP.CD,1966,2876401297.10759
MAR,NY.GDP.MKTP.CD,1965,2948331090.46752
MAR,NY.GDP.MKTP.CD,1964,2798345298.57781
MAR,NY.GDP.MKTP.CD,1963,2657252578.30763
MAR,NY.GDP.MKTP.CD,1962,2379611124.61442
MAR,NY.GDP.MKTP.CD,1961,2025693539.55842
MAR,NY.GDP.MKTP.CD,1960,2037154741.93211
MOZ,NY.GDP.MKTP.CD,2024,22745341305.0622
MOZ,NY.GDP.MKTP.CD,2023,20921079532.6094
MOZ,NY.GDP.MKTP.CD,2022,18883528581.3734
MOZ,NY.GDP.MKTP.CD,2021,16168055475.4449
MOZ,NY.GDP.MKTP.CD,2020,14235420174.1884
MOZ,NY.GDP.MKTP.CD,2019,15512759046.672
MOZ,NY.GDP.MKTP.CD,2018,15017358952.8452
MOZ,NY.GDP.MKTP.CD,2017,13264640645.7768
MOZ,NY.GDP.MKTP.CD,2016,12069051237.1711
MOZ,NY.GDP.MKTP.CD,2015,16208985769.615
MOZ,NY.GDP.MKTP.CD,2014,17978246586.0662
MOZ,NY.GDP.MKTP.CD,2013,17198073057.1981
MOZ,NY.GDP.MKTP.CD,2012,16688114144.0745
MOZ,NY.GDP.MKTP.CD,2011,14619279988.716
MOZ,NY.GDP.MKTP.CD,2010,11411894723.864
MOZ,NY.GDP.MKTP.CD,2009,12263894790.0125
MOZ,NY.GDP.MKTP.CD,2008,12920340964.6544
MOZ,NY.GDP.MKTP.CD,2007,10811456005.9405
MOZ,NY.GDP.MKTP.CD,2006,9509835536.93373
MOZ,NY.GDP.MKTP.CD,2005,8868504899.94673
MOZ,NY.GDP.MKTP.CD,2004,7937255565.35765
MOZ,NY.GDP.MKTP.CD,2003,6583526860.58062
MOZ,NY.GDP.MKTP.CD,2002,5950769426.60213
MOZ,NY.GDP.MKTP.CD,2001,5650154067.10346
MOZ,NY.GDP.MKTP.CD,2000,5930685214.61595
MOZ,NY.GDP.MKTP.CD,1999,6285219691.22462
MOZ,NY.GDP.MKTP.CD,1998,5551118148.73836
MOZ,NY.GDP.MKTP.CD,1997,4873663774.93019
MOZ,NY.GDP.MKTP.CD,1996,4030146134.5706
MOZ,NY.GDP.MKTP.CD,1995,3061646173.73938
MOZ,NY.GDP.MKTP.CD,1994,2958108170.32061
MOZ,NY.GDP.MKTP.CD,1993,2883161897.42651
MOZ,NY.GDP.MKTP.CD,1992,2798696511.18156
MOZ,NY.GDP.MKTP.CD,1991,3854856434.58062
MOZ,NY.GDP.MKTP.CD,1990,
MOZ,NY.GDP.MKTP.CD,1989,
MOZ,NY.GDP.MKTP.CD,1988,
MOZ,NY.GDP.MKTP.CD,1987,
MOZ,NY.GDP.MKTP.CD,1986,
MOZ,NY.GDP.MKTP.CD,1985,
MOZ,NY.GDP.MKTP.CD,1984,
MOZ,NY.GDP.MKTP.CD,1983,
MOZ,NY.GDP.MKTP.CD,1982,
MOZ,NY.GDP.MKTP.CD,1981,
MOZ,NY.GDP.MKTP.CD,1980,
MOZ,NY.GDP.MKTP.CD,1979,
MOZ,NY.GDP.MKTP.CD,1978,
MOZ,NY.GDP.MKTP.CD,1977,
MOZ,NY.GDP.MKTP.CD,1976,
MOZ,NY.GDP.MKTP.CD,1975,
MOZ,NY.GDP.MKTP.CD,1974,
MOZ,NY.GDP.MKTP.CD,1973,
MOZ,NY.GDP.MKTP.CD,1972,
MOZ,NY.GDP.MKTP.CD,1971,
MOZ,NY.GDP.MKTP.CD,1970,
MOZ,NY.GDP.MKTP.CD,1969,
MOZ,NY.GDP.MKTP.CD,1968,
MOZ,NY.GDP.MKTP.CD,1967,
MOZ,NY.GDP.MKTP.CD,1966,
MOZ,NY.GDP.MKTP.CD,1965,
MOZ,NY.GDP.MKTP.CD,1964,
MOZ,NY.GDP.MKTP.CD,1963,
MOZ,NY.GDP.MKTP.CD,1962,
MOZ,NY.GDP.MKTP.CD,1961,
MOZ,NY.GDP.MKTP.CD,1960,
MMR,NY.GDP.MKTP.CD,2024,74068349523.8095
MMR,NY.GDP.MKTP.CD,2023,66757619000.0
MMR,NY.GDP.MKTP.CD,2022,62253049903.28
MMR,NY.GDP.MKTP.CD,2021,66345291149.4433
MMR,NY.GDP.MKTP.CD,2020,79006113670.2831
MMR,NY.GDP.MKTP.CD,2019,75065106243.3578
MMR,NY.GDP.MKTP.CD,2018,67860515993.1186
MMR,NY.GDP.MKTP.CD,2017,66053040475.0257
MMR,NY.GDP.MKTP.CD,2016,63298361983.5653
MMR,NY.GDP.MKTP.CD,2015,59607290408.4359
MMR,NY.GDP.MKTP.CD,2014,65531374210.3224
MMR,NY.GDP.MKTP.CD,2013,60269732854.827
MMR,NY.GDP.MKTP.CD,2012,59937796648.2158
MMR,NY.GDP.MKTP.CD,2011,59977326085.9908
MMR,NY.GDP.MKTP.CD,2010,49540813342.4834
MMR,NY.GDP.MKTP.CD,2009,36906181380.8127
MMR,NY.GDP.MKTP.CD,2008,31862554101.9378
MMR,NY.GDP.MKTP.CD,2007,20182477480.5512
MMR,NY.GDP.MKTP.CD,2006,14502553709.8303
MMR,NY.GDP.MKTP.CD,2005,11986972418.5103
MMR,NY.GDP.MKTP.CD,2004,10567354056.4049
MMR,NY.GDP.MKTP.CD,2003,10467109977.6717
MMR,NY.GDP.MKTP.CD,2002,6777632512.0781
MMR,NY.GDP.MKTP.CD,2001,6477790688.22844
MMR,NY.GDP.MKTP.CD,2000,8905066163.58643
MMR,NY.GDP.MKTP.CD,1999,8486832800.88498
MMR,NY.GDP.MKTP.CD,1998,6459461639.30243
MMR,NY.GDP.MKTP.CD,1997,4722288495.66085
MMR,NY.GDP.MKTP.CD,1996,6123556716.81329
MMR,NY.GDP.MKTP.CD,1995,5289174942.53404
MMR,NY.GDP.MKTP.CD,1994,4432257173.6492
MMR,NY.GDP.MKTP.CD,1993,3163020034.63637
MMR,NY.GDP.MKTP.CD,1992,2411552288.76212
MMR,NY.GDP.MKTP.CD,1991,2069832686.98061
MMR,NY.GDP.MKTP.CD,1990,2115193513.29556
MMR,NY.GDP.MKTP.CD,1989,2013448228.72975
MMR,NY.GDP.MKTP.CD,1988,1541088312.25453
MMR,NY.GDP.MKTP.CD,1987,1562448076.65689
MMR,NY.GDP.MKTP.CD,1986,1582873750.32068
MMR,NY.GDP.MKTP.CD,1985,1478908173.26796
MMR,NY.GDP.MKTP.CD,1984,1304063253.04136
MMR,NY.GDP.MKTP.CD,1983,1381573615.2513
MMR,NY.GDP.MKTP.CD,1982,1481165467.83214
MMR,NY.GDP.MKTP.CD,1981,1111000765.28987
MMR,NY.GDP.MKTP.CD,1980,1038225167.05882
MMR,NY.GDP.MKTP.CD,1979,952265043.438383
MMR,NY.GDP.MKTP.CD,1978,935408774.951918
MMR,NY.GDP.MKTP.CD,1977,873579931.929901
MMR,NY.GDP.MKTP.CD,1976,1204699849.12592
MMR,NY.GDP.MKTP.CD,1975,1061107353.67232
MMR,NY.GDP.MKTP.CD,1974,1225589878.06809
MMR,NY.GDP.MKTP.CD,1973,719754655.358964
MMR,NY.GDP.MKTP.CD,1972,662213082.741535
MMR,NY.GDP.MKTP.CD,1971,587448405.488773
MMR,NY.GDP.MKTP.CD,1970,563555630.769545
MMR,NY.GDP.MKTP.CD,1969,571854214.589142
MMR,NY.GDP.MKTP.CD,1968,559956130.283622
MMR,NY.GDP.MKTP.CD,1967,420359035.897436
MMR,NY.GDP.MKTP.CD,1966,293103478.548483
MMR,NY.GDP.MKTP.CD,1965,367053117.224523
MMR,NY.GDP.MKTP.CD,1964,411419905.846621
MMR,NY.GDP.MKTP.CD,1963,598998418.724583
MMR,NY.GDP.MKTP.CD,1962,634528872.02036
MMR,NY.GDP.MKTP.CD,1961,605581577.287066
MMR,NY.GDP.MKTP.CD,1960,545098447.640862
NAM,NY.GDP.MKTP.CD,2024,13372354511.716
NAM,NY.GDP.MKTP.CD,2023,12408271449.2244
NAM,NY.GDP.MKTP.CD,2022,12569449123.3661
NAM,NY.GDP.MKTP.CD,2021,12402486183.6396
NAM,NY.GDP.MKTP.CD,2020,10583748541.5258
NAM,NY.GDP.MKTP.CD,2019,12541928303.48
NAM,NY.GDP.MKTP.CD,2018,13682019076.4022
NAM,NY.GDP.MKTP.CD,2017,12895153370.9132
NAM,NY.GDP.MKTP.CD,2016,10722018732.0936
NAM,NY.GDP.MKTP.CD,2015,11335161083.5061
NAM,NY.GDP.MKTP.CD,2014,12435430969.6301
NAM,NY.GDP.MKTP.CD,2013,12043307277.1235
NAM,NY.GDP.MKTP.CD,2012,13042053591.6857
NAM,NY.GDP.MKTP.CD,2011,12523359440.5499
NAM,NY.GDP.MKTP.CD,2010,11431412421.1316
NAM,NY.GDP.MKTP.CD,2009,8938847189.07592
NAM,NY.GDP.MKTP.CD,2008,8607431497.49471
NAM,NY.GDP.MKTP.CD,2007,8839536475.99963
NAM,NY.GDP.MKTP.CD,2006,8001779551.06323
NAM,NY.GDP.MKTP.CD,2005,7248374837.72056
NAM,NY.GDP.MKTP.CD,2004,6609205994.77406
NAM,NY.GDP.MKTP.CD,2003,4926439383.51425
NAM,NY.GDP.MKTP.CD,2002,3349169826.38896
NAM,NY.GDP.MKTP.CD,2001,3557341215.15159
NAM,NY.GDP.MKTP.CD,2000,3922232164.83175
NAM,NY.GDP.MKTP.CD,1999,3868551730.39163
NAM,NY.GDP.MKTP.CD,1998,3873109865.55683
NAM,NY.GDP.MKTP.CD,1997,4154989950.00393
NAM,NY.GDP.MKTP.CD,1996,3989163196.56767
NAM,NY.GDP.MKTP.CD,1995,3978514206.31168
NAM,NY.GDP.MKTP.CD,1994,3666503529.62911
NAM,NY.GDP.MKTP.CD,1993,3251188833.14533
NAM,NY.GDP.MKTP.CD,1992,3429521699.4026
NAM,NY.GDP.MKTP.CD,1991,2996869281.48364
NAM,NY.GDP.MKTP.CD,1990,2789921853.53112
NAM,NY.GDP.MKTP.CD,1989,2535135797.50766
NAM,NY.GDP.MKTP.CD,1988,2495094746.44024
NAM,NY.GDP.MKTP.CD,1987,2300068216.96898
NAM,NY.GDP.MKTP.CD,1986,1809048527.11034
NAM,NY.GDP.MKTP.CD,1985,1608237350.44365
NAM,NY.GDP.MKTP.CD,1984,1951260037.94542
NAM,NY.GDP.MKTP.CD,1983,2297400687.55049
NAM,NY.GDP.MKTP.CD,1982,2118710248.32937
NAM,NY.GDP.MKTP.CD,1981,2249908578.03115
NAM,NY.GDP.MKTP.CD,1980,2421990338.12083
NAM,NY.GDP.MKTP.CD,1979,
NAM,NY.GDP.MKTP.CD,1978,
NAM,NY.GDP.MKTP.CD,1977,
NAM,NY.GDP.MKTP.CD,1976,
NAM,NY.GDP.MKTP.CD,1975,
NAM,NY.GDP.MKTP.CD,1974,
NAM,NY.GDP.MKTP.CD,1973,
NAM,NY.GDP.MKTP.CD,1972,
NAM,NY.GDP.MKTP.CD,1971,
NAM,NY.GDP.MKTP.CD,1970,
NAM,NY.GDP.MKTP.CD,1969,
NAM,NY.GDP.MKTP.CD,1968,
NAM,NY.GDP.MKTP.CD,1967,
NAM,NY.GDP.MKTP.CD,1966,
NAM,NY.GDP.MKTP.CD,1965,
NAM,NY.GDP.MKTP.CD,1964,
NAM,NY.GDP.MKTP.CD,1963,
NAM,NY.GDP.MKTP.CD,1962,
NAM,NY.GDP.MKTP.CD,1961,
NAM,NY.GDP.MKTP.CD,1960,
NRU,NY.GDP.MKTP.CD,2024,162588620.632234
NRU,NY.GDP.MKTP.CD,2023,151435609.578807
NRU,NY.GDP.MKTP.CD,2022,152373433.909474
NRU,NY.GDP.MKTP.CD,2021,175390280.69162
NRU,NY.GDP.MKTP.CD,2020,124685688.161094
NRU,NY.GDP.MKTP.CD,2019,125160115.547819
NRU,NY.GDP.MKTP.CD,2018,130995566.30391
NRU,NY.GDP.MKTP.CD,2017,109355638.866955
NRU,NY.GDP.MKTP.CD,2016,97541943.0355053
NRU,NY.GDP.MKTP.CD,2015,84863440.5801997
NRU,NY.GDP.MKTP.CD,2014,99149244.4001333
NRU,NY.GDP.MKTP.CD,2013,94385014.9425842
NRU,NY.GDP.MKTP.CD,2012,101055722.95058
NRU,NY.GDP.MKTP.CD,2011,65071879.7787162
NRU,NY.GDP.MKTP.CD,2010,47562844.6104251
NRU,NY.GDP.MKTP.CD,2009,44176245.5492433
NRU,NY.GDP.MKTP.CD,2008,37602264.7306872
NRU,NY.GDP.MKTP.CD,2007,22766972.1889659
NRU,NY.GDP.MKTP.CD,2006,29200359.3890386
NRU,NY.GDP.MKTP.CD,2005,30070666.0652533
NRU,NY.GDP.MKTP.CD,2004,30587565.7988334
NRU,NY.GDP.MKTP.CD,2003,24778159.5806639
NRU,NY.GDP.MKTP.CD,2002,21017423.6082043
NRU,NY.GDP.MKTP.CD,2001,22613287.5389074
NRU,NY.GDP.MKTP.CD,2000,26930980.3429002
NRU,NY.GDP.MKTP.CD,1999,27328612.6080962
NRU,NY.GDP.MKTP.CD,1998,29664450.9258631
NRU,NY.GDP.MKTP.CD,1997,37331507.2781343
NRU,NY.GDP.MKTP.CD,1996,37458801.2139605
NRU,NY.GDP.MKTP.CD,1995,39969705.969706
NRU,NY.GDP.MKTP.CD,1994,39742511.2417848
NRU,NY.GDP.MKTP.CD,1993,43542088.2518269
NRU,NY.GDP.MKTP.CD,1992,51133123.1254326
NRU,NY.GDP.MKTP.CD,1991,52533788.5566282
NRU,NY.GDP.MKTP.CD,1990,55572375.5290496
NRU,NY.GDP.MKTP.CD,1989,53736786.0923378
NRU,NY.GDP.MKTP.CD,1988,45931133.5855646
NRU,NY.GDP.MKTP.CD,1987,40118409.8729486
NRU,NY.GDP.MKTP.CD,1986,39939390.7386682
NRU,NY.GDP.MKTP.CD,1985,41548740.5077855
NRU,NY.GDP.MKTP.CD,1984,47363231.2986778
NRU,NY.GDP.MKTP.CD,1983,48439093.1211979
NRU,NY.GDP.MKTP.CD,1982,52877742.469381
NRU,NY.GDP.MKTP.CD,1981,51689636.5958435
NRU,NY.GDP.MKTP.CD,1980,46947124.2339833
NRU,NY.GDP.MKTP.CD,1979,44431330.2283313
NRU,NY.GDP.MKTP.CD,1978,41754147.3043086
NRU,NY.GDP.MKTP.CD,1977,40444701.7664602
NRU,NY.GDP.MKTP.CD,1976,40287427.2028236
NRU,NY.GDP.MKTP.CD,1975,40106775.9115117
NRU,NY.GDP.MKTP.CD,1974,35994511.422255
NRU,NY.GDP.MKTP.CD,1973,26529816.7841127
NRU,NY.GDP.MKTP.CD,1972,21734268.6915888
NRU,NY.GDP.MKTP.CD,1971,19009433.3072013
NRU,NY.GDP.MKTP.CD,1970,17570366.2224213
NRU,NY.GDP.MKTP.CD,1969,
NRU,NY.GDP.MKTP.CD,1968,
NRU,NY.GDP.MKTP.CD,1967,
NRU,NY.GDP.MKTP.CD,1966,
NRU,NY.GDP.MKTP.CD,1965,
NRU,NY.GDP.MKTP.CD,1964,
NRU,NY.GDP.MKTP.CD,1963,
NRU,NY.GDP.MKTP.CD,1962,
NRU,NY.GDP.MKTP.CD,1961,
NRU,NY.GDP.MKTP.CD,1960,
NPL,NY.GDP.MKTP.CD,2024,42914268286.7109
NPL,NY.GDP.MKTP.CD,2023,41047772331.0994
NPL,NY.GDP.MKTP.CD,2022,41182939600.6209
NPL,NY.GDP.MKTP.CD,2021,36924841394.2605
NPL,NY.GDP.MKTP.CD,2020,33433659301.2466
NPL,NY.GDP.MKTP.CD,2019,34186180699.0255
NPL,NY.GDP.MKTP.CD,2018,33111525237.149
NPL,NY.GDP.MKTP.CD,2017,28971588940.364
NPL,NY.GDP.MKTP.CD,2016,24524109483.5293
NPL,NY.GDP.MKTP.CD,2015,24360801286.7638
NPL,NY.GDP.MKTP.CD,2014,22731612922.1906
NPL,NY.GDP.MKTP.CD,2013,22162204924.5726
NPL,NY.GDP.MKTP.CD,2012,21703100877.1309
NPL,NY.GDP.MKTP.CD,2011,21573872420.7008
NPL,NY.GDP.MKTP.CD,2010,16002656434.4746
NPL,NY.GDP.MKTP.CD,2009,12854985464.0764
NPL,NY.GDP.MKTP.CD,2008,12545438605.3959
NPL,NY.GDP.MKTP.CD,2007,10325618017.379
NPL,NY.GDP.MKTP.CD,2006,9043715355.8881
NPL,NY.GDP.MKTP.CD,2005,8130258377.90964
NPL,NY.GDP.MKTP.CD,2004,7273938314.71988
NPL,NY.GDP.MKTP.CD,2003,6330473096.54071
NPL,NY.GDP.MKTP.CD,2002,6050875806.66403
NPL,NY.GDP.MKTP.CD,2001,6007055042.17687
NPL,NY.GDP.MKTP.CD,2000,5494252207.90502
NPL,NY.GDP.MKTP.CD,1999,5033642384.10596
NPL,NY.GDP.MKTP.CD,1998,4856255044.39064
NPL,NY.GDP.MKTP.CD,1997,4918691916.53516
NPL,NY.GDP.MKTP.CD,1996,4521580381.47139
NPL,NY.GDP.MKTP.CD,1995,4401104417.67068
NPL,NY.GDP.MKTP.CD,1994,4066775510.20408
NPL,NY.GDP.MKTP.CD,1993,3660041666.66667
NPL,NY.GDP.MKTP.CD,1992,3401211581.29176
NPL,NY.GDP.MKTP.CD,1991,3921476084.89072
NPL,NY.GDP.MKTP.CD,1990,3627560239.48997
NPL,NY.GDP.MKTP.CD,1989,3525225786.58691
NPL,NY.GDP.MKTP.CD,1988,3487009748.35638
NPL,NY.GDP.MKTP.CD,1987,2957255379.54315
NPL,NY.GDP.MKTP.CD,1986,2850782044.04306
NPL,NY.GDP.MKTP.CD,1985,2619913955.51556
NPL,NY.GDP.MKTP.CD,1984,2581207387.79709
NPL,NY.GDP.MKTP.CD,1983,2447174803.37791
NPL,NY.GDP.MKTP.CD,1982,2395423741.79762
NPL,NY.GDP.MKTP.CD,1981,2275583316.66667
NPL,NY.GDP.MKTP.CD,1980,1945916583.33333
NPL,NY.GDP.MKTP.CD,1979,1851250008.33333
NPL,NY.GDP.MKTP.CD,1978,1604162497.45945
NPL,NY.GDP.MKTP.CD,1977,1382400000.0
NPL,NY.GDP.MKTP.CD,1976,1452788984.86265
NPL,NY.GDP.MKTP.CD,1975,1575789254.46938
NPL,NY.GDP.MKTP.CD,1974,1217953546.97604
NPL,NY.GDP.MKTP.CD,1973,972101724.995368
NPL,NY.GDP.MKTP.CD,1972,1024098400.35619
NPL,NY.GDP.MKTP.CD,1971,882765471.604938
NPL,NY.GDP.MKTP.CD,1970,865975308.641975
NPL,NY.GDP.MKTP.CD,1969,788641965.432099
NPL,NY.GDP.MKTP.CD,1968,772231386.914829
NPL,NY.GDP.MKTP.CD,1967,841974025.462659
NPL,NY.GDP.MKTP.CD,1966,906811943.824649
NPL,NY.GDP.MKTP.CD,1965,735267082.294264
NPL,NY.GDP.MKTP.CD,1964,496098775.308642
NPL,NY.GDP.MKTP.CD,1963,496947904.443033
NPL,NY.GDP.MKTP.CD,1962,574091101.194382
NPL,NY.GDP.MKTP.CD,1961,531959561.62226
NPL,NY.GDP.MKTP.CD,1960,508334413.965087
NLD,NY.GDP.MKTP.CD,2024,1214927698572.66
NLD,NY.GDP.MKTP.CD,2023,1135475867551.0
NLD,NY.GDP.MKTP.CD,2022,1046540797548.64
NLD,NY.GDP.MKTP.CD,2021,1054472123449.6
NLD,NY.GDP.MKTP.CD,2020,932560861701.17
NLD,NY.GDP.MKTP.CD,2019,928903005576.469
NLD,NY.GDP.MKTP.CD,2018,929733599796.862
NLD,NY.GDP.MKTP.CD,2017,848233537845.884
NLD,NY.GDP.MKTP.CD,2016,797163949289.885
NLD,NY.GDP.MKTP.CD,2015,775743675302.734
NLD,NY.GDP.MKTP.CD,2014,901556501756.467
NLD,NY.GDP.MKTP.CD,2013,883951539006.669
NLD,NY.GDP.MKTP.CD,2012,845689017065.625
NLD,NY.GDP.MKTP.CD,2011,913140741332.687
NLD,NY.GDP.MKTP.CD,2010,852464982433.335
NLD,NY.GDP.MKTP.CD,2009,878954223140.234
NLD,NY.GDP.MKTP.CD,2008,957901566041.406
NLD,NY.GDP.MKTP.CD,2007,853499460872.552
NLD,NY.GDP.MKTP.CD,2006,737593995289.411
NLD,NY.GDP.MKTP.CD,2005,688133699635.797
NLD,NY.GDP.MKTP.CD,2004,661224886143.245
NLD,NY.GDP.MKTP.CD,2003,582435617081.96
NLD,NY.GDP.MKTP.CD,2002,475529972122.746
NLD,NY.GDP.MKTP.CD,2001,432536219668.898
NLD,NY.GDP.MKTP.CD,2000,417649282153.726
NLD,NY.GDP.MKTP.CD,1999,447778514140.155
NLD,NY.GDP.MKTP.CD,1998,438612530548.767
NLD,NY.GDP.MKTP.CD,1997,417506211881.635
NLD,NY.GDP.MKTP.CD,1996,451372549019.608
NLD,NY.GDP.MKTP.CD,1995,452967334614.329
NLD,NY.GDP.MKTP.CD,1994,379688232231.505
NLD,NY.GDP.MKTP.CD,1993,354070495965.828
NLD,NY.GDP.MKTP.CD,1992,363497050125.313
NLD,NY.GDP.MKTP.CD,1991,327982316124.47
NLD,NY.GDP.MKTP.CD,1990,318799003993.707
NLD,NY.GDP.MKTP.CD,1989,258716904291.801
NLD,NY.GDP.MKTP.CD,1988,262295966105.474
NLD,NY.GDP.MKTP.CD,1987,245406949521.323
NLD,NY.GDP.MKTP.CD,1986,201157708220.903
NLD,NY.GDP.MKTP.CD,1985,144057523221.868
NLD,NY.GDP.MKTP.CD,1984,144124462912.088
NLD,NY.GDP.MKTP.CD,1983,153671294108.563
NLD,NY.GDP.MKTP.CD,1982,158712765536.024
NLD,NY.GDP.MKTP.CD,1981,164375775854.456
NLD,NY.GDP.MKTP.CD,1980,195439301706.939
NLD,NY.GDP.MKTP.CD,1979,179933827309.678
NLD,NY.GDP.MKTP.CD,1978,156089077205.133
NLD,NY.GDP.MKTP.CD,1977,127203923857.412
NLD,NY.GDP.MKTP.CD,1976,109329386564.427
NLD,NY.GDP.MKTP.CD,1975,100397061693.97
NLD,NY.GDP.MKTP.CD,1974,87371810804.1643
NLD,NY.GDP.MKTP.CD,1973,71946639602.7117
NLD,NY.GDP.MKTP.CD,1972,54787070173.0294
NLD,NY.GDP.MKTP.CD,1971,44644730576.4411
NLD,NY.GDP.MKTP.CD,1970,38220884519.3888
NLD,NY.GDP.MKTP.CD,1969,34086038090.3986
NLD,NY.GDP.MKTP.CD,1968,30097635750.982
NLD,NY.GDP.MKTP.CD,1967,27143828098.7481
NLD,NY.GDP.MKTP.CD,1966,24741480717.0389
NLD,NY.GDP.MKTP.CD,1965,22721869808.1438
NLD,NY.GDP.MKTP.CD,1964,20232048552.8327
NLD,NY.GDP.MKTP.CD,1963,17193744109.0367
NLD,NY.GDP.MKTP.CD,1962,15847582341.1664
NLD,NY.GDP.MKTP.CD,1961,14599836396.388
NLD,NY.GDP.MKTP.CD,1960,13282979014.563
NCL,NY.GDP.MKTP.CD,2024,8548919387.12607
NCL,NY.GDP.MKTP.CD,2023,9769167530.35744
NCL,NY.GDP.MKTP.CD,2022,9623318718.31459
NCL,NY.GDP.MKTP.CD,2021,10071349663.8484
NCL,NY.GDP.MKTP.CD,2020,9454629467.91408
NCL,NY.GDP.MKTP.CD,2019,9475655324.59495
NCL,NY.GDP.MKTP.CD,2018,9896402283.68587
NCL,NY.GDP.MKTP.CD,2017,9174048681.98577
NCL,NY.GDP.MKTP.CD,2016,8724568954.89799
NCL,NY.GDP.MKTP.CD,2015,8738203074.3957
NCL,NY.GDP.MKTP.CD,2014,10635035594.7528
NCL,NY.GDP.MKTP.CD,2013,10151382933.1594
NCL,NY.GDP.MKTP.CD,2012,9659151917.40484
NCL,NY.GDP.MKTP.CD,2011,10351448004.7674
NCL,NY.GDP.MKTP.CD,2010,9364350076.91225
NCL,NY.GDP.MKTP.CD,2009,8704438102.20142
NCL,NY.GDP.MKTP.CD,2008,9067619760.07073
NCL,NY.GDP.MKTP.CD,2007,8819917180.34265
NCL,NY.GDP.MKTP.CD,2006,6979155387.86792
NCL,NY.GDP.MKTP.CD,2005,6238629487.01331
NCL,NY.GDP.MKTP.CD,2004,5895008977.9531
NCL,NY.GDP.MKTP.CD,2003,4915353827.10576
NCL,NY.GDP.MKTP.CD,2002,3740056747.71979
NCL,NY.GDP.MKTP.CD,2001,3297734891.14661
NCL,NY.GDP.MKTP.CD,2000,3420032041.07385
NCL,NY.GDP.MKTP.CD,1999,3647802049.80911
NCL,NY.GDP.MKTP.CD,1998,3556304832.68104
NCL,NY.GDP.MKTP.CD,1997,3291131281.04099
NCL,NY.GDP.MKTP.CD,1996,3606968435.99917
NCL,NY.GDP.MKTP.CD,1995,3628440505.14193
NCL,NY.GDP.MKTP.CD,1994,3038728384.86634
NCL,NY.GDP.MKTP.CD,1993,2822243780.97543
NCL,NY.GDP.MKTP.CD,1992,2923883281.08579
NCL,NY.GDP.MKTP.CD,1991,2653780672.09555
NCL,NY.GDP.MKTP.CD,1990,2529440424.16648
NCL,NY.GDP.MKTP.CD,1989,2185082938.93078
NCL,NY.GDP.MKTP.CD,1988,2072775508.14796
NCL,NY.GDP.MKTP.CD,1987,1488093101.50275
NCL,NY.GDP.MKTP.CD,1986,1201321513.76667
NCL,NY.GDP.MKTP.CD,1985,854820893.577136
NCL,NY.GDP.MKTP.CD,1984,796066194.738573
NCL,NY.GDP.MKTP.CD,1983,823857893.163123
NCL,NY.GDP.MKTP.CD,1982,904599869.725833
NCL,NY.GDP.MKTP.CD,1981,972564154.815131
NCL,NY.GDP.MKTP.CD,1980,1182463951.21814
NCL,NY.GDP.MKTP.CD,1979,1047225723.57386
NCL,NY.GDP.MKTP.CD,1978,846004687.758093
NCL,NY.GDP.MKTP.CD,1977,837620126.558528
NCL,NY.GDP.MKTP.CD,1976,798313521.689803
NCL,NY.GDP.MKTP.CD,1975,816652164.400241
NCL,NY.GDP.MKTP.CD,1974,637403478.492486
NCL,NY.GDP.MKTP.CD,1973,542293399.862618
NCL,NY.GDP.MKTP.CD,1972,506808996.694661
NCL,NY.GDP.MKTP.CD,1971,413985778.589656
NCL,NY.GDP.MKTP.CD,1970,358815684.071892
NCL,NY.GDP.MKTP.CD,1969,263108841.338416
NCL,NY.GDP.MKTP.CD,1968,215507162.56893
NCL,NY.GDP.MKTP.CD,1967,180036767.648861
NCL,NY.GDP.MKTP.CD,1966,164206536.445162
NCL,NY.GDP.MKTP.CD,1965,159594492.463655
NCL,NY.GDP.MKTP.CD,1964,
NCL,NY.GDP.MKTP.CD,1963,
NCL,NY.GDP.MKTP.CD,1962,
NCL,NY.GDP.MKTP.CD,1961,
NCL,NY.GDP.MKTP.CD,1960,
NZL,NY.GDP.MKTP.CD,2024,260172385097.616
NZL,NY.GDP.MKTP.CD,2023,255194972673.122
NZL,NY.GDP.MKTP.CD,2022,249509991440.438
NZL,NY.GDP.MKTP.CD,2021,253977931814.967
NZL,NY.GDP.MKTP.CD,2020,213029554653.687
NZL,NY.GDP.MKTP.CD,2019,213006341101.869
NZL,NY.GDP.MKTP.CD,2018,211985631173.205
NZL,NY.GDP.MKTP.CD,2017,206745969246.073
NZL,NY.GDP.MKTP.CD,2016,189100085275.23
NZL,NY.GDP.MKTP.CD,2015,178224167087.99
NZL,NY.GDP.MKTP.CD,2014,201518402787.38
NZL,NY.GDP.MKTP.CD,2013,191012364176.878
NZL,NY.GDP.MKTP.CD,2012,176560711239.147
NZL,NY.GDP.MKTP.CD,2011,168484908960.078
NZL,NY.GDP.MKTP.CD,2010,146887902524.052
NZL,NY.GDP.MKTP.CD,2009,121663439315.385
NZL,NY.GDP.MKTP.CD,2008,133437126590.286
NZL,NY.GDP.MKTP.CD,2007,137188946865.584
NZL,NY.GDP.MKTP.CD,2006,111538810712.665
NZL,NY.GDP.MKTP.CD,2005,114720129550.095
NZL,NY.GDP.MKTP.CD,2004,103905210084.034
NZL,NY.GDP.MKTP.CD,2003,88250885550.2626
NZL,NY.GDP.MKTP.CD,2002,66627729311.4495
NZL,NY.GDP.MKTP.CD,2001,53872425916.6248
NZL,NY.GDP.MKTP.CD,2000,52623281956.7031
NZL,NY.GDP.MKTP.CD,1999,58762260625.8758
NZL,NY.GDP.MKTP.CD,1998,56227169851.0448
NZL,NY.GDP.MKTP.CD,1997,66075143415.4952
NZL,NY.GDP.MKTP.CD,1996,70140835299.0148
NZL,NY.GDP.MKTP.CD,1995,63918703506.9075
NZL,NY.GDP.MKTP.CD,1994,55314732279.1379
NZL,NY.GDP.MKTP.CD,1993,46775620817.4327
NZL,NY.GDP.MKTP.CD,1992,41649829859.6342
NZL,NY.GDP.MKTP.CD,1991,42745329732.163
NZL,NY.GDP.MKTP.CD,1990,45495129385.0475
NZL,NY.GDP.MKTP.CD,1989,43920222524.7085
NZL,NY.GDP.MKTP.CD,1988,45176811594.2029
NZL,NY.GDP.MKTP.CD,1987,40376354069.9474
NZL,NY.GDP.MKTP.CD,1986,30604668356.5695
NZL,NY.GDP.MKTP.CD,1985,24679795396.4194
NZL,NY.GDP.MKTP.CD,1984,21665975318.8842
NZL,NY.GDP.MKTP.CD,1983,24309279705.5731
NZL,NY.GDP.MKTP.CD,1982,24164603058.9949
NZL,NY.GDP.MKTP.CD,1981,24417617184.2478
NZL,NY.GDP.MKTP.CD,1980,23244547384.6748
NZL,NY.GDP.MKTP.CD,1979,20731243113.2926
NZL,NY.GDP.MKTP.CD,1978,18530518394.6488
NZL,NY.GDP.MKTP.CD,1977,15446825318.4556
NZL,NY.GDP.MKTP.CD,1976,13604832424.0062
NZL,NY.GDP.MKTP.CD,1975,12861983284.3912
NZL,NY.GDP.MKTP.CD,1974,13940981798.1247
NZL,NY.GDP.MKTP.CD,1973,12802281897.8712
NZL,NY.GDP.MKTP.CD,1972,9567331064.65727
NZL,NY.GDP.MKTP.CD,1971,7911136757.06867
NZL,NY.GDP.MKTP.CD,1970,6495605330.94411
NZL,NY.GDP.MKTP.CD,1969,5814357708.51005
NZL,NY.GDP.MKTP.CD,1968,5228045415.27318
NZL,NY.GDP.MKTP.CD,1967,6016017227.09124
NZL,NY.GDP.MKTP.CD,1966,5917437693.37459
NZL,NY.GDP.MKTP.CD,1965,5706251400.19577
NZL,NY.GDP.MKTP.CD,1964,7340766415.01868
NZL,NY.GDP.MKTP.CD,1963,6699741645.07827
NZL,NY.GDP.MKTP.CD,1962,6133158532.21667
NZL,NY.GDP.MKTP.CD,1961,5721994864.23066
NZL,NY.GDP.MKTP.CD,1960,5536098360.49526
NIC,NY.GDP.MKTP.CD,2024,19693982967.5926
NIC,NY.GDP.MKTP.CD,2023,17805842283.8725
NIC,NY.GDP.MKTP.CD,2022,15634572502.2294
NIC,NY.GDP.MKTP.CD,2021,14209020361.8508
NIC,NY.GDP.MKTP.CD,2020,12726422432.4868
NIC,NY.GDP.MKTP.CD,2019,12699023614.245
NIC,NY.GDP.MKTP.CD,2018,13025221974.232
NIC,NY.GDP.MKTP.CD,2017,13785893007.4769
NIC,NY.GDP.MKTP.CD,2016,13286093388.4752
NIC,NY.GDP.MKTP.CD,2015,12756696261.0676
NIC,NY.GDP.MKTP.CD,2014,11880438824.4494
NIC,NY.GDP.MKTP.CD,2013,10982988249.2103
NIC,NY.GDP.MKTP.CD,2012,10532017231.8253
NIC,NY.GDP.MKTP.CD,2011,9774329332.71276
NIC,NY.GDP.MKTP.CD,2010,8758602232.98358
NIC,NY.GDP.MKTP.CD,2009,8298702489.0801
NIC,NY.GDP.MKTP.CD,2008,8496967596.77008
NIC,NY.GDP.MKTP.CD,2007,7423375014.75729
NIC,NY.GDP.MKTP.CD,2006,6763672380.61154
NIC,NY.GDP.MKTP.CD,2005,6321324279.14826
NIC,NY.GDP.MKTP.CD,2004,5792932838.40051
NIC,NY.GDP.MKTP.CD,2003,5322228350.58068
NIC,NY.GDP.MKTP.CD,2002,5223727302.54906
NIC,NY.GDP.MKTP.CD,2001,5351752034.2221
NIC,NY.GDP.MKTP.CD,2000,5109587049.97449
NIC,NY.GDP.MKTP.CD,1999,4856026259.07657
NIC,NY.GDP.MKTP.CD,1998,4635347385.5446
NIC,NY.GDP.MKTP.CD,1997,4389973489.86032
NIC,NY.GDP.MKTP.CD,1996,4308351902.78601
NIC,NY.GDP.MKTP.CD,1995,4140470000.0
NIC,NY.GDP.MKTP.CD,1994,3863185119.04762
NIC,NY.GDP.MKTP.CD,1993,1756454248.36601
NIC,NY.GDP.MKTP.CD,1992,1792800000.0
NIC,NY.GDP.MKTP.CD,1991,1488804123.71134
NIC,NY.GDP.MKTP.CD,1990,1009455483.87097
NIC,NY.GDP.MKTP.CD,1989,1013184755.57026
NIC,NY.GDP.MKTP.CD,1988,2630900095.60219
NIC,NY.GDP.MKTP.CD,1987,3851200117.77355
NIC,NY.GDP.MKTP.CD,1986,2885799993.91571
NIC,NY.GDP.MKTP.CD,1985,2683699935.36479
NIC,NY.GDP.MKTP.CD,1984,3117599872.08764
NIC,NY.GDP.MKTP.CD,1983,2753100057.78802
NIC,NY.GDP.MKTP.CD,1982,2454499872.03789
NIC,NY.GDP.MKTP.CD,1981,2474700227.04662
NIC,NY.GDP.MKTP.CD,1980,2144300006.18028
NIC,NY.GDP.MKTP.CD,1979,1567599981.69806
NIC,NY.GDP.MKTP.CD,1978,2127699978.78077
NIC,NY.GDP.MKTP.CD,1977,2226999873.71856
NIC,NY.GDP.MKTP.CD,1976,1836899998.94579
NIC,NY.GDP.MKTP.CD,1975,1581599958.5989
NIC,NY.GDP.MKTP.CD,1974,1521400011.53463
NIC,NY.GDP.MKTP.CD,1973,1092900014.79168
NIC,NY.GDP.MKTP.CD,1972,878570045.450998
NIC,NY.GDP.MKTP.CD,1971,828569953.4744
NIC,NY.GDP.MKTP.CD,1970,778569938.824225
NIC,NY.GDP.MKTP.CD,1969,750000002.894903
NIC,NY.GDP.MKTP.CD,1968,692859984.612158
NIC,NY.GDP.MKTP.CD,1967,657140010.747554
NIC,NY.GDP.MKTP.CD,1966,607140010.475682
NIC,NY.GDP.MKTP.CD,1965,564290020.384288
NIC,NY.GDP.MKTP.CD,1964,347119918.158577
NIC,NY.GDP.MKTP.CD,1963,297324163.095513
NIC,NY.GDP.MKTP.CD,1962,269283803.686825
NIC,NY.GDP.MKTP.CD,1961,244144236.65331
NIC,NY.GDP.MKTP.CD,1960,227223322.141537
NER,NY.GDP.MKTP.CD,2024,19876128485.7857
NER,NY.GDP.MKTP.CD,2023,16698786977.59
NER,NY.GDP.MKTP.CD,2022,15433852712.2963
NER,NY.GDP.MKTP.CD,2021,14915002436.069
NER,NY.GDP.MKTP.CD,2020,13744653103.058
NER,NY.GDP.MKTP.CD,2019,12889555561.2299
NER,NY.GDP.MKTP.CD,2018,12837307496.8821
NER,NY.GDP.MKTP.CD,2017,11185104251.6943
NER,NY.GDP.MKTP.CD,2016,10398861981.7583
NER,NY.GDP.MKTP.CD,2015,9683867926.44282
NER,NY.GDP.MKTP.CD,2014,10862943543.5419
NER,NY.GDP.MKTP.CD,2013,10224897437.8648
NER,NY.GDP.MKTP.CD,2012,9426912647.59111
NER,NY.GDP.MKTP.CD,2011,8772950777.79176
NER,NY.GDP.MKTP.CD,2010,7851192502.30917
NER,NY.GDP.MKTP.CD,2009,7352131309.73341
NER,NY.GDP.MKTP.CD,2008,7297600226.00536
NER,NY.GDP.MKTP.CD,2007,5731485051.79069
NER,NY.GDP.MKTP.CD,2006,4756361252.37923
NER,NY.GDP.MKTP.CD,2005,4383315964.58718
NER,NY.GDP.MKTP.CD,2004,3760443737.53797
NER,NY.GDP.MKTP.CD,2003,3394084732.49543
NER,NY.GDP.MKTP.CD,2002,2782192878.67204
NER,NY.GDP.MKTP.CD,2001,2448714703.96617
NER,NY.GDP.MKTP.CD,2000,2241753192.81158
NER,NY.GDP.MKTP.CD,1999,2537789820.69295
NER,NY.GDP.MKTP.CD,1998,2643363518.99272
NER,NY.GDP.MKTP.CD,1997,2290318910.20658
NER,NY.GDP.MKTP.CD,1996,2405686940.0464
NER,NY.GDP.MKTP.CD,1995,2302537562.24406
NER,NY.GDP.MKTP.CD,1994,1938058175.21399
NER,NY.GDP.MKTP.CD,1993,3052673849.25181
NER,NY.GDP.MKTP.CD,1992,3386232579.22522
NER,NY.GDP.MKTP.CD,1991,3285796874.97125
NER,NY.GDP.MKTP.CD,1990,3512356507.88599
NER,NY.GDP.MKTP.CD,1989,2179567114.33391
NER,NY.GDP.MKTP.CD,1988,2280356192.76273
NER,NY.GDP.MKTP.CD,1987,2233006104.92776
NER,NY.GDP.MKTP.CD,1986,1904096998.30009
NER,NY.GDP.MKTP.CD,1985,1440581652.39853
NER,NY.GDP.MKTP.CD,1984,1461243326.12882
NER,NY.GDP.MKTP.CD,1983,1803099561.20046
NER,NY.GDP.MKTP.CD,1982,2017612215.97935
NER,NY.GDP.MKTP.CD,1981,2170893414.3888
NER,NY.GDP.MKTP.CD,1980,2508524720.71895
NER,NY.GDP.MKTP.CD,1979,2109277665.69912
NER,NY.GDP.MKTP.CD,1978,1774365589.70815
NER,NY.GDP.MKTP.CD,1977,1291458041.46193
NER,NY.GDP.MKTP.CD,1976,1064517601.29025
NER,NY.GDP.MKTP.CD,1975,1048690933.21027
NER,NY.GDP.MKTP.CD,1974,1026137110.89309
NER,NY.GDP.MKTP.CD,1973,946385105.193732
NER,NY.GDP.MKTP.CD,1972,742779660.818693
NER,NY.GDP.MKTP.CD,1971,693573703.630273
NER,NY.GDP.MKTP.CD,1970,649916621.242978
NER,NY.GDP.MKTP.CD,1969,625867985.273798
NER,NY.GDP.MKTP.CD,1968,641214226.209493
NER,NY.GDP.MKTP.CD,1967,665586872.274446
NER,NY.GDP.MKTP.CD,1966,702296078.593173
NER,NY.GDP.MKTP.CD,1965,673383510.812866
NER,NY.GDP.MKTP.CD,1964,582816396.404409
NER,NY.GDP.MKTP.CD,1963,586294878.744643
NER,NY.GDP.MKTP.CD,1962,531736599.250464
NER,NY.GDP.MKTP.CD,1961,485785230.978987
NER,NY.GDP.MKTP.CD,1960,449526873.29589
NGA,NY.GDP.MKTP.CD,2024,252261880141.151
NGA,NY.GDP.MKTP.CD,2023,487387801880.597
NGA,NY.GDP.MKTP.CD,2022,646950257577.814
NGA,NY.GDP.MKTP.CD,2021,609147716972.859
NGA,NY.GDP.MKTP.CD,2020,598586817819.073
NGA,NY.GDP.MKTP.CD,2019,668219992691.462
NGA,NY.GDP.MKTP.CD,2018,421739251509.08
NGA,NY.GDP.MKTP.CD,2017,375745731053.427
NGA,NY.GDP.MKTP.CD,2016,404649125252.16
NGA,NY.GDP.MKTP.CD,2015,493026682800.63
NGA,NY.GDP.MKTP.CD,2014,574183763411.508
NGA,NY.GDP.MKTP.CD,2013,520117180313.906
NGA,NY.GDP.MKTP.CD,2012,463971018239.281
NGA,NY.GDP.MKTP.CD,2011,414466676831.16
NGA,NY.GDP.MKTP.CD,2010,366990417129.04
NGA,NY.GDP.MKTP.CD,2009,295008835380.997
NGA,NY.GDP.MKTP.CD,2008,339476276257.793
NGA,NY.GDP.MKTP.CD,2007,278260846800.103
NGA,NY.GDP.MKTP.CD,2006,238454997161.48
NGA,NY.GDP.MKTP.CD,2005,175670569969.346
NGA,NY.GDP.MKTP.CD,2004,135764731645.611
NGA,NY.GDP.MKTP.CD,2003,104738954264.226
NGA,NY.GDP.MKTP.CD,2002,95054059302.6995
NGA,NY.GDP.MKTP.CD,2001,73557840064.489
NGA,NY.GDP.MKTP.CD,2000,69171451627.2465
NGA,NY.GDP.MKTP.CD,1999,59145077039.1437
NGA,NY.GDP.MKTP.CD,1998,218416200672.727
NGA,NY.GDP.MKTP.CD,1997,200850397618.182
NGA,NY.GDP.MKTP.CD,1996,185730236700.0
NGA,NY.GDP.MKTP.CD,1995,140919776986.364
NGA,NY.GDP.MKTP.CD,1994,80399613063.6364
NGA,NY.GDP.MKTP.CD,1993,56721051402.4732
NGA,NY.GDP.MKTP.CD,1992,52058181853.8055
NGA,NY.GDP.MKTP.CD,1991,59526833412.3581
NGA,NY.GDP.MKTP.CD,1990,54035795387.8086
NGA,NY.GDP.MKTP.CD,1989,44003061108.4005
NGA,NY.GDP.MKTP.CD,1988,49648470440.4593
NGA,NY.GDP.MKTP.CD,1987,52676041931.1087
NGA,NY.GDP.MKTP.CD,1986,54805852580.9129
NGA,NY.GDP.MKTP.CD,1985,73745821158.2254
NGA,NY.GDP.MKTP.CD,1984,73484359521.4887
NGA,NY.GDP.MKTP.CD,1983,97094911792.0489
NGA,NY.GDP.MKTP.CD,1982,142769363314.176
NGA,NY.GDP.MKTP.CD,1981,164475209515.939
NGA,NY.GDP.MKTP.CD,1980,64201788122.6054
NGA,NY.GDP.MKTP.CD,1979,47259911894.2731
NGA,NY.GDP.MKTP.CD,1978,36527862208.7133
NGA,NY.GDP.MKTP.CD,1977,36035407725.3219
NGA,NY.GDP.MKTP.CD,1976,36308883248.731
NGA,NY.GDP.MKTP.CD,1975,27778934624.6973
NGA,NY.GDP.MKTP.CD,1974,24846641318.1242
NGA,NY.GDP.MKTP.CD,1973,15162871287.1287
NGA,NY.GDP.MKTP.CD,1972,12274416017.7976
NGA,NY.GDP.MKTP.CD,1971,9181769911.50443
NGA,NY.GDP.MKTP.CD,1970,12546094981.562
NGA,NY.GDP.MKTP.CD,1969,6634317346.27306
NGA,NY.GDP.MKTP.CD,1968,5200997919.60083
NGA,NY.GDP.MKTP.CD,1967,5203237918.70483
NGA,NY.GDP.MKTP.CD,1966,6366917453.23302
NGA,NY.GDP.MKTP.CD,1965,5874537650.18494
NGA,NY.GDP.MKTP.CD,1964,5552931318.82747
NGA,NY.GDP.MKTP.CD,1963,5165590253.7639
NGA,NY.GDP.MKTP.CD,1962,4909399176.24033
NGA,NY.GDP.MKTP.CD,1961,4467287893.08484
NGA,NY.GDP.MKTP.CD,1960,4196174501.5302
MKD,NY.GDP.MKTP.CD,2024,16951682245.4202
MKD,NY.GDP.MKTP.CD,2023,15855131188.9092
MKD,NY.GDP.MKTP.CD,2022,13932436550.0883
MKD,NY.GDP.MKTP.CD,2021,14000283827.0154
MKD,NY.GDP.MKTP.CD,2020,12361036913.8409
MKD,NY.GDP.MKTP.CD,2019,12606338448.547
MKD,NY.GDP.MKTP.CD,2018,12683068114.2388
MKD,NY.GDP.MKTP.CD,2017,11307067069.6658
MKD,NY.GDP.MKTP.CD,2016,10672467073.2873
MKD,NY.GDP.MKTP.CD,2015,10064519962.5655
MKD,NY.GDP.MKTP.CD,2014,11362265252.778
MKD,NY.GDP.MKTP.CD,2013,10817702346.0674
MKD,NY.GDP.MKTP.CD,2012,9745261300.57788
MKD,NY.GDP.MKTP.CD,2011,10494626767.6445
MKD,NY.GDP.MKTP.CD,2010,9407170321.37752
MKD,NY.GDP.MKTP.CD,2009,9401736825.42688
MKD,NY.GDP.MKTP.CD,2008,9909552434.51136
MKD,NY.GDP.MKTP.CD,2007,8336474973.72949
MKD,NY.GDP.MKTP.CD,2006,6861226971.55617
MKD,NY.GDP.MKTP.CD,2005,6258602872.67898
MKD,NY.GDP.MKTP.CD,2004,5682784471.69722
MKD,NY.GDP.MKTP.CD,2003,4946296599.08467
MKD,NY.GDP.MKTP.CD,2002,4018365747.00972
MKD,NY.GDP.MKTP.CD,2001,3709636030.66578
MKD,NY.GDP.MKTP.CD,2000,3772859034.20508
MKD,NY.GDP.MKTP.CD,1999,3863619284.77939
MKD,NY.GDP.MKTP.CD,1998,3765745023.2074
MKD,NY.GDP.MKTP.CD,1997,3912986090.97363
MKD,NY.GDP.MKTP.CD,1996,4642021256.30689
MKD,NY.GDP.MKTP.CD,1995,4707041315.24202
MKD,NY.GDP.MKTP.CD,1994,3559608639.98379
MKD,NY.GDP.MKTP.CD,1993,2682456896.55172
MKD,NY.GDP.MKTP.CD,1992,2436849341.97604
MKD,NY.GDP.MKTP.CD,1991,4938775510.20408
MKD,NY.GDP.MKTP.CD,1990,4699646643.10954
MKD,NY.GDP.MKTP.CD,1989,
MKD,NY.GDP.MKTP.CD,1988,
MKD,NY.GDP.MKTP.CD,1987,
MKD,NY.GDP.MKTP.CD,1986,
MKD,NY.GDP.MKTP.CD,1985,
MKD,NY.GDP.MKTP.CD,1984,
MKD,NY.GDP.MKTP.CD,1983,
MKD,NY.GDP.MKTP.CD,1982,
MKD,NY.GDP.MKTP.CD,1981,
MKD,NY.GDP.MKTP.CD,1980,
MKD,NY.GDP.MKTP.CD,1979,
MKD,NY.GDP.MKTP.CD,1978,
MKD,NY.GDP.MKTP.CD,1977,
MKD,NY.GDP.MKTP.CD,1976,
MKD,NY.GDP.MKTP.CD,1975,
MKD,NY.GDP.MKTP.CD,1974,
MKD,NY.GDP.MKTP.CD,1973,
MKD,NY.GDP.MKTP.CD,1972,
MKD,NY.GDP.MKTP.CD,1971,
MKD,NY.GDP.MKTP.CD,1970,
MKD,NY.GDP.MKTP.CD,1969,
MKD,NY.GDP.MKTP.CD,1968,
MKD,NY.GDP.MKTP.CD,1967,
MKD,NY.GDP.MKTP.CD,1966,
MKD,NY.GDP.MKTP.CD,1965,
MKD,NY.GDP.MKTP.CD,1964,
MKD,NY.GDP.MKTP.CD,1963,
MKD,NY.GDP.MKTP.CD,1962,
MKD,NY.GDP.MKTP.CD,1961,
MKD,NY.GDP.MKTP.CD,1960,
MNP,NY.GDP.MKTP.CD,2024,
MNP,NY.GDP.MKTP.CD,2023,
MNP,NY.GDP.MKTP.CD,2022,1096000000.0
MNP,NY.GDP.MKTP.CD,2021,914000000.0
MNP,NY.GDP.MKTP.CD,2020,866000000.0
MNP,NY.GDP.MKTP.CD,2019,1179000000.0
MNP,NY.GDP.MKTP.CD,2018,1301000000.0
MNP,NY.GDP.MKTP.CD,2017,1560000000.0
MNP,NY.GDP.MKTP.CD,2016,1230000000.0
MNP,NY.GDP.MKTP.CD,2015,910000000.0
MNP,NY.GDP.MKTP.CD,2014,832000000.0
MNP,NY.GDP.MKTP.CD,2013,772000000.0
MNP,NY.GDP.MKTP.CD,2012,746000000.0
MNP,NY.GDP.MKTP.CD,2011,729000000.0
MNP,NY.GDP.MKTP.CD,2010,799000000.0
MNP,NY.GDP.MKTP.CD,2009,795000000.0
MNP,NY.GDP.MKTP.CD,2008,939000000.0
MNP,NY.GDP.MKTP.CD,2007,938000000.0
MNP,NY.GDP.MKTP.CD,2006,990000000.0
MNP,NY.GDP.MKTP.CD,2005,1061000000.0
MNP,NY.GDP.MKTP.CD,2004,1210000000.0
MNP,NY.GDP.MKTP.CD,2003,1239000000.0
MNP,NY.GDP.MKTP.CD,2002,1284000000.0
MNP,NY.GDP.MKTP.CD,2001,
MNP,NY.GDP.MKTP.CD,2000,
MNP,NY.GDP.MKTP.CD,1999,
MNP,NY.GDP.MKTP.CD,1998,
MNP,NY.GDP.MKTP.CD,1997,
MNP,NY.GDP.MKTP.CD,1996,
MNP,NY.GDP.MKTP.CD,1995,
MNP,NY.GDP.MKTP.CD,1994,
MNP,NY.GDP.MKTP.CD,1993,
MNP,NY.GDP.MKTP.CD,1992,
MNP,NY.GDP.MKTP.CD,1991,
MNP,NY.GDP.MKTP.CD,1990,
MNP,NY.GDP.MKTP.CD,1989,
MNP,NY.GDP.MKTP.CD,1988,
MNP,NY.GDP.MKTP.CD,1987,
MNP,NY.GDP.MKTP.CD,1986,
MNP,NY.GDP.MKTP.CD,1985,
MNP,NY.GDP.MKTP.CD,1984,
MNP,NY.GDP.MKTP.CD,1983,
MNP,NY.GDP.MKTP.CD,1982,
MNP,NY.GDP.MKTP.CD,1981,
MNP,NY.GDP.MKTP.CD,1980,
MNP,NY.GDP.MKTP.CD,1979,
MNP,NY.GDP.MKTP.CD,1978,
MNP,NY.GDP.MKTP.CD,1977,
MNP,NY.GDP.MKTP.CD,1976,
MNP,NY.GDP.MKTP.CD,1975,
MNP,NY.GDP.MKTP.CD,1974,
MNP,NY.GDP.MKTP.CD,1973,
MNP,NY.GDP.MKTP.CD,1972,
MNP,NY.GDP.MKTP.CD,1971,
MNP,NY.GDP.MKTP.CD,1970,
MNP,NY.GDP.MKTP.CD,1969,
MNP,NY.GDP.MKTP.CD,1968,
MNP,NY.GDP.MKTP.CD,1967,
MNP,NY.GDP.MKTP.CD,1966,
MNP,NY.GDP.MKTP.CD,1965,
MNP,NY.GDP.MKTP.CD,1964,
MNP,NY.GDP.MKTP.CD,1963,
MNP,NY.GDP.MKTP.CD,1962,
MNP,NY.GDP.MKTP.CD,1961,
MNP,NY.GDP.MKTP.CD,1960,
NOR,NY.GDP.MKTP.CD,2024,483592648313.301
NOR,NY.GDP.MKTP.CD,2023,482949731776.587
NOR,NY.GDP.MKTP.CD,2022,596297651035.798
NOR,NY.GDP.MKTP.CD,2021,503367986030.268
NOR,NY.GDP.MKTP.CD,2020,367633418886.627
NOR,NY.GDP.MKTP.CD,2019,408742840909.091
NOR,NY.GDP.MKTP.CD,2018,439788625883.8
NOR,NY.GDP.MKTP.CD,2017,401745275035.261
NOR,NY.GDP.MKTP.CD,2016,370956547619.048
NOR,NY.GDP.MKTP.CD,2015,388159512245.53
NOR,NY.GDP.MKTP.CD,2014,501736471832.848
NOR,NY.GDP.MKTP.CD,2013,526014468085.106
NOR,NY.GDP.MKTP.CD,2012,512777309840.997
NOR,NY.GDP.MKTP.CD,2011,501360549669.404
NOR,NY.GDP.MKTP.CD,2010,431052143940.438
NOR,NY.GDP.MKTP.CD,2009,387976400617.019
NOR,NY.GDP.MKTP.CD,2008,464917553191.489
NOR,NY.GDP.MKTP.CD,2007,402643260487.572
NOR,NY.GDP.MKTP.CD,2006,346915160681.708
NOR,NY.GDP.MKTP.CD,2005,309978579743.888
NOR,NY.GDP.MKTP.CD,2004,265268662473.297
NOR,NY.GDP.MKTP.CD,2003,229385469337.024
NOR,NY.GDP.MKTP.CD,2002,195914852576.467
NOR,NY.GDP.MKTP.CD,2001,174239354070.977
NOR,NY.GDP.MKTP.CD,2000,171457201935.968
NOR,NY.GDP.MKTP.CD,1999,162383706021.13
NOR,NY.GDP.MKTP.CD,1998,154230295158.447
NOR,NY.GDP.MKTP.CD,1997,161356631888.484
NOR,NY.GDP.MKTP.CD,1996,163520109150.671
NOR,NY.GDP.MKTP.CD,1995,152029612324.788
NOR,NY.GDP.MKTP.CD,1994,127131319428.701
NOR,NY.GDP.MKTP.CD,1993,120579213712.804
NOR,NY.GDP.MKTP.CD,1992,130838040067.584
NOR,NY.GDP.MKTP.CD,1991,121872464483.487
NOR,NY.GDP.MKTP.CD,1990,119791843059.572
NOR,NY.GDP.MKTP.CD,1989,102633934390.615
NOR,NY.GDP.MKTP.CD,1988,101900260856.222
NOR,NY.GDP.MKTP.CD,1987,94229907235.6215
NOR,NY.GDP.MKTP.CD,1986,78693118044.0045
NOR,NY.GDP.MKTP.CD,1985,65416879914.3907
NOR,NY.GDP.MKTP.CD,1984,62057955032.7758
NOR,NY.GDP.MKTP.CD,1983,61627240831.0948
NOR,NY.GDP.MKTP.CD,1982,62647195537.6511
NOR,NY.GDP.MKTP.CD,1981,63596654760.8677
NOR,NY.GDP.MKTP.CD,1980,64439382896.0156
NOR,NY.GDP.MKTP.CD,1979,53132244623.9213
NOR,NY.GDP.MKTP.CD,1978,46522900253.7054
NOR,NY.GDP.MKTP.CD,1977,41508030431.1074
NOR,NY.GDP.MKTP.CD,1976,35942270686.3374
NOR,NY.GDP.MKTP.CD,1975,32877805200.023
NOR,NY.GDP.MKTP.CD,1974,27145693810.1341
NOR,NY.GDP.MKTP.CD,1973,22534253702.8686
NOR,NY.GDP.MKTP.CD,1972,17358610849.701
NOR,NY.GDP.MKTP.CD,1971,14583114840.0629
NOR,NY.GDP.MKTP.CD,1970,12814123115.2613
NOR,NY.GDP.MKTP.CD,1969,11136187439.8326
NOR,NY.GDP.MKTP.CD,1968,10227087165.2414
NOR,NY.GDP.MKTP.CD,1967,9577383653.18303
NOR,NY.GDP.MKTP.CD,1966,8753940266.90184
NOR,NY.GDP.MKTP.CD,1965,8111945661.21624
NOR,NY.GDP.MKTP.CD,1964,7206522121.80418
NOR,NY.GDP.MKTP.CD,1963,6553269535.51009
NOR,NY.GDP.MKTP.CD,1962,6107076928.63372
NOR,NY.GDP.MKTP.CD,1961,5669689210.3186
NOR,NY.GDP.MKTP.CD,1960,5197398721.41367
OMN,NY.GDP.MKTP.CD,2024,107137198769.386
OMN,NY.GDP.MKTP.CD,2023,106174708036.51
OMN,NY.GDP.MKTP.CD,2022,109852795838.752
OMN,NY.GDP.MKTP.CD,2021,87323797139.1417
OMN,NY.GDP.MKTP.CD,2020,75909492847.8544
OMN,NY.GDP.MKTP.CD,2019,88060858257.4772
OMN,NY.GDP.MKTP.CD,2018,91505851755.5267
OMN,NY.GDP.MKTP.CD,2017,80856697009.1027
OMN,NY.GDP.MKTP.CD,2016,75128738621.5865
OMN,NY.GDP.MKTP.CD,2015,78710793237.9714
OMN,NY.GDP.MKTP.CD,2014,92699089726.9181
OMN,NY.GDP.MKTP.CD,2013,89936020806.2419
OMN,NY.GDP.MKTP.CD,2012,87408842652.7958
OMN,NY.GDP.MKTP.CD,2011,77497529258.7776
OMN,NY.GDP.MKTP.CD,2010,64993498049.4148
OMN,NY.GDP.MKTP.CD,2009,55454096228.8687
OMN,NY.GDP.MKTP.CD,2008,69804681404.4213
OMN,NY.GDP.MKTP.CD,2007,48300390117.0351
OMN,NY.GDP.MKTP.CD,2006,42577633289.987
OMN,NY.GDP.MKTP.CD,2005,35506892067.6203
OMN,NY.GDP.MKTP.CD,2004,28378933680.104
OMN,NY.GDP.MKTP.CD,2003,24733680104.0312
OMN,NY.GDP.MKTP.CD,2002,23065539661.8986
OMN,NY.GDP.MKTP.CD,2001,22205721716.515
OMN,NY.GDP.MKTP.CD,2000,22259557867.3602
OMN,NY.GDP.MKTP.CD,1999,17832769830.9493
OMN,NY.GDP.MKTP.CD,1998,16044213263.9792
OMN,NY.GDP.MKTP.CD,1997,18039791937.5813
OMN,NY.GDP.MKTP.CD,1996,17402080624.1873
OMN,NY.GDP.MKTP.CD,1995,15722236671.0013
OMN,NY.GDP.MKTP.CD,1994,14715214564.3693
OMN,NY.GDP.MKTP.CD,1993,14230429128.7386
OMN,NY.GDP.MKTP.CD,1992,14183615084.5254
OMN,NY.GDP.MKTP.CD,1991,12918335500.6502
OMN,NY.GDP.MKTP.CD,1990,13310273081.9246
OMN,NY.GDP.MKTP.CD,1989,9372171651.49545
OMN,NY.GDP.MKTP.CD,1988,8386215864.75943
OMN,NY.GDP.MKTP.CD,1987,7811183094.92848
OMN,NY.GDP.MKTP.CD,1986,7324167369.14305
OMN,NY.GDP.MKTP.CD,1985,10005645420.4606
OMN,NY.GDP.MKTP.CD,1984,8821443150.92488
OMN,NY.GDP.MKTP.CD,1983,7932541690.79328
OMN,NY.GDP.MKTP.CD,1982,7554719455.70353
OMN,NY.GDP.MKTP.CD,1981,7259120150.55009
OMN,NY.GDP.MKTP.CD,1980,5981760277.93862
OMN,NY.GDP.MKTP.CD,1979,3733352634.62652
OMN,NY.GDP.MKTP.CD,1978,2740301389.69311
OMN,NY.GDP.MKTP.CD,1977,2741169947.88651
OMN,NY.GDP.MKTP.CD,1976,2560220034.74233
OMN,NY.GDP.MKTP.CD,1975,2096699189.34569
OMN,NY.GDP.MKTP.CD,1974,1645917776.49102
OMN,NY.GDP.MKTP.CD,1973,483066990.612417
OMN,NY.GDP.MKTP.CD,1972,366883548.347591
OMN,NY.GDP.MKTP.CD,1971,301010587.102984
OMN,NY.GDP.MKTP.CD,1970,256319794.944164
OMN,NY.GDP.MKTP.CD,1969,239999808.000154
OMN,NY.GDP.MKTP.CD,1968,188879848.896121
OMN,NY.GDP.MKTP.CD,1967,107151832.489651
OMN,NY.GDP.MKTP.CD,1966,67759972.8960108
OMN,NY.GDP.MKTP.CD,1965,63279974.6880101
OMN,NY.GDP.MKTP.CD,1964,61872525.7988835
OMN,NY.GDP.MKTP.CD,1963,59912762.5382854
OMN,NY.GDP.MKTP.CD,1962,56273202.1971746
OMN,NY.GDP.MKTP.CD,1961,45634487.3539276
OMN,NY.GDP.MKTP.CD,1960,44234656.4535004
PAK,NY.GDP.MKTP.CD,2024,371570000121.266
PAK,NY.GDP.MKTP.CD,2023,336686348609.266
PAK,NY.GDP.MKTP.CD,2022,374890295666.694
PAK,NY.GDP.MKTP.CD,2021,348516647445.148
PAK,NY.GDP.MKTP.CD,2020,300425609817.981
PAK,NY.GDP.MKTP.CD,2019,320909472770.669
PAK,NY.GDP.MKTP.CD,2018,356128166704.921
PAK,NY.GDP.MKTP.CD,2017,339205534861.1
PAK,NY.GDP.MKTP.CD,2016,313630000130.435
PAK,NY.GDP.MKTP.CD,2015,299963590534.773
PAK,NY.GDP.MKTP.CD,2014,271390474857.632
PAK,NY.GDP.MKTP.CD,2013,258657231672.412
PAK,NY.GDP.MKTP.CD,2012,250106966104.704
PAK,NY.GDP.MKTP.CD,2011,230586581059.665
PAK,NY.GDP.MKTP.CD,2010,196709621849.586
PAK,NY.GDP.MKTP.CD,2009,187337783856.466
PAK,NY.GDP.MKTP.CD,2008,202203748583.854
PAK,NY.GDP.MKTP.CD,2007,184140869997.46
PAK,NY.GDP.MKTP.CD,2006,161871385506.36
PAK,NY.GDP.MKTP.CD,2005,145208562960.767
PAK,NY.GDP.MKTP.CD,2004,132216048339.413
PAK,NY.GDP.MKTP.CD,2003,112371913740.823
PAK,NY.GDP.MKTP.CD,2002,97923302809.3537
PAK,NY.GDP.MKTP.CD,2001,97145618479.9038
PAK,NY.GDP.MKTP.CD,2000,99484802344.5277
PAK,NY.GDP.MKTP.CD,1999,62973857068.5113
PAK,NY.GDP.MKTP.CD,1998,62191955814.3478
PAK,NY.GDP.MKTP.CD,1997,62433340468.0228
PAK,NY.GDP.MKTP.CD,1996,63320170084.4076
PAK,NY.GDP.MKTP.CD,1995,60636071684.1918
PAK,NY.GDP.MKTP.CD,1994,52293470813.1336
PAK,NY.GDP.MKTP.CD,1993,51809999353.1614
PAK,NY.GDP.MKTP.CD,1992,48884671947.4657
PAK,NY.GDP.MKTP.CD,1991,45625336680.2047
PAK,NY.GDP.MKTP.CD,1990,40010423970.4576
PAK,NY.GDP.MKTP.CD,1989,40171106279.0078
PAK,NY.GDP.MKTP.CD,1988,38472742808.3167
PAK,NY.GDP.MKTP.CD,1987,33351529274.6869
PAK,NY.GDP.MKTP.CD,1986,31899070055.7967
PAK,NY.GDP.MKTP.CD,1985,31144920844.3272
PAK,NY.GDP.MKTP.CD,1984,31151825467.4978
PAK,NY.GDP.MKTP.CD,1983,28691889763.7795
PAK,NY.GDP.MKTP.CD,1982,30725971563.981
PAK,NY.GDP.MKTP.CD,1981,28100606060.6061
PAK,NY.GDP.MKTP.CD,1980,23654444444.4444
PAK,NY.GDP.MKTP.CD,1979,19688383838.3838
PAK,NY.GDP.MKTP.CD,1978,17811515151.5152
PAK,NY.GDP.MKTP.CD,1977,15126060606.0606
PAK,NY.GDP.MKTP.CD,1976,13168080808.0808
PAK,NY.GDP.MKTP.CD,1975,11230606060.6061
PAK,NY.GDP.MKTP.CD,1974,8899191919.19192
PAK,NY.GDP.MKTP.CD,1973,6383429490.21091
PAK,NY.GDP.MKTP.CD,1972,9415016359.56604
PAK,NY.GDP.MKTP.CD,1971,10665896682.0664
PAK,NY.GDP.MKTP.CD,1970,10027509449.811
PAK,NY.GDP.MKTP.CD,1969,8683116337.67325
PAK,NY.GDP.MKTP.CD,1968,8041999160.0168
PAK,NY.GDP.MKTP.CD,1967,7464510709.7858
PAK,NY.GDP.MKTP.CD,1966,6561108777.82444
PAK,NY.GDP.MKTP.CD,1965,5929231415.37169
PAK,NY.GDP.MKTP.CD,1964,5204955900.88198
PAK,NY.GDP.MKTP.CD,1963,4630827383.45233
PAK,NY.GDP.MKTP.CD,1962,4310163796.72407
PAK,NY.GDP.MKTP.CD,1961,4118647627.04746
PAK,NY.GDP.MKTP.CD,1960,3749265014.69971
PLW,NY.GDP.MKTP.CD,2024,
PLW,NY.GDP.MKTP.CD,2023,276733062.744141
PLW,NY.GDP.MKTP.CD,2022,243826812.744141
PLW,NY.GDP.MKTP.CD,2021,231343460.083008
PLW,NY.GDP.MKTP.CD,2020,261688507.080078
PLW,NY.GDP.MKTP.CD,2019,282041290.283203
PLW,NY.GDP.MKTP.CD,2018,287998352.050781
PLW,NY.GDP.MKTP.CD,2017,292148590.087891
PLW,NY.GDP.MKTP.CD,2016,305227020.263672
PLW,NY.GDP.MKTP.CD,2015,287057525.634766
PLW,NY.GDP.MKTP.CD,2014,245591094.970703
PLW,NY.GDP.MKTP.CD,2013,224110610.961914
PLW,NY.GDP.MKTP.CD,2012,215616882.324219
PLW,NY.GDP.MKTP.CD,2011,198742370.605469
PLW,NY.GDP.MKTP.CD,2010,188042373.657227
PLW,NY.GDP.MKTP.CD,2009,189854705.810547
PLW,NY.GDP.MKTP.CD,2008,201067733.764648
PLW,NY.GDP.MKTP.CD,2007,200789764.404297
PLW,NY.GDP.MKTP.CD,2006,193611358.642578
PLW,NY.GDP.MKTP.CD,2005,190961685.180664
PLW,NY.GDP.MKTP.CD,2004,166363739.013672
PLW,NY.GDP.MKTP.CD,2003,154566787.719727
PLW,NY.GDP.MKTP.CD,2002,162658721.923828
PLW,NY.GDP.MKTP.CD,2001,159446228.027344
PLW,NY.GDP.MKTP.CD,2000,149551483.154297
PLW,NY.GDP.MKTP.CD,1999,144206500.0
PLW,NY.GDP.MKTP.CD,1998,149079600.0
PLW,NY.GDP.MKTP.CD,1997,143860800.0
PLW,NY.GDP.MKTP.CD,1996,137494600.0
PLW,NY.GDP.MKTP.CD,1995,121018500.0
PLW,NY.GDP.MKTP.CD,1994,106138500.0
PLW,NY.GDP.MKTP.CD,1993,96455700.0
PLW,NY.GDP.MKTP.CD,1992,104771300.0
PLW,NY.GDP.MKTP.CD,1991,106555300.0
PLW,NY.GDP.MKTP.CD,1990,97702303.0
PLW,NY.GDP.MKTP.CD,1989,85800543.0
PLW,NY.GDP.MKTP.CD,1988,75348615.0
PLW,NY.GDP.MKTP.CD,1987,66169905.0
PLW,NY.GDP.MKTP.CD,1986,58109314.0
PLW,NY.GDP.MKTP.CD,1985,51030637.0
PLW,NY.GDP.MKTP.CD,1984,44814259.0
PLW,NY.GDP.MKTP.CD,1983,39661530.0
PLW,NY.GDP.MKTP.CD,1982,36027583.0
PLW,NY.GDP.MKTP.CD,1981,32726594.0
PLW,NY.GDP.MKTP.CD,1980,29728054.0
PLW,NY.GDP.MKTP.CD,1979,27004251.0
PLW,NY.GDP.MKTP.CD,1978,24530015.0
PLW,NY.GDP.MKTP.CD,1977,22308104.0
PLW,NY.GDP.MKTP.CD,1976,20364420.0
PLW,NY.GDP.MKTP.CD,1975,18521112.0
PLW,NY.GDP.MKTP.CD,1974,16848759.0
PLW,NY.GDP.MKTP.CD,1973,15331889.0
PLW,NY.GDP.MKTP.CD,1972,13956474.0
PLW,NY.GDP.MKTP.CD,1971,12706874.0
PLW,NY.GDP.MKTP.CD,1970,11563041.0
PLW,NY.GDP.MKTP.CD,1969,
PLW,NY.GDP.MKTP.CD,1968,
PLW,NY.GDP.MKTP.CD,1967,
PLW,NY.GDP.MKTP.CD,1966,
PLW,NY.GDP.MKTP.CD,1965,
PLW,NY.GDP.MKTP.CD,1964,
PLW,NY.GDP.MKTP.CD,1963,
PLW,NY.GDP.MKTP.CD,1962,
PLW,NY.GDP.MKTP.CD,1961,
PLW,NY.GDP.MKTP.CD,1960,
PAN,NY.GDP.MKTP.CD,2024,86523959131.7472
PAN,NY.GDP.MKTP.CD,2023,83812155244.3352
PAN,NY.GDP.MKTP.CD,2022,76479304470.9375
PAN,NY.GDP.MKTP.CD,2021,67396392506.2378
PAN,NY.GDP.MKTP.CD,2020,57059846521.5327
PAN,NY.GDP.MKTP.CD,2019,69778991192.5571
PAN,NY.GDP.MKTP.CD,2018,67316471181.2488
PAN,NY.GDP.MKTP.CD,2017,64327688826.3137
PAN,NY.GDP.MKTP.CD,2016,59760858717.8359
PAN,NY.GDP.MKTP.CD,2015,55767806073.1781
PAN,NY.GDP.MKTP.CD,2014,51427104881.9655
PAN,NY.GDP.MKTP.CD,2013,46949496479.4008
PAN,NY.GDP.MKTP.CD,2012,41595439720.9767
PAN,NY.GDP.MKTP.CD,2011,35687738251.8135
PAN,NY.GDP.MKTP.CD,2010,30231009532.9507
PAN,NY.GDP.MKTP.CD,2009,27791215547.3487
PAN,NY.GDP.MKTP.CD,2008,25721327955.2772
PAN,NY.GDP.MKTP.CD,2007,21717433808.2684
PAN,NY.GDP.MKTP.CD,2006,18659721513.0123
PAN,NY.GDP.MKTP.CD,2005,16623906739.3121
PAN,NY.GDP.MKTP.CD,2004,15100203361.784
PAN,NY.GDP.MKTP.CD,2003,13603456003.2851
PAN,NY.GDP.MKTP.CD,2002,12800851270.5514
PAN,NY.GDP.MKTP.CD,2001,12252906340.6841
PAN,NY.GDP.MKTP.CD,2000,11966497048.6488
PAN,NY.GDP.MKTP.CD,1999,11660704777.0881
PAN,NY.GDP.MKTP.CD,1998,11019557689.1677
PAN,NY.GDP.MKTP.CD,1997,10058854386.1392
PAN,NY.GDP.MKTP.CD,1996,9197503322.69367
PAN,NY.GDP.MKTP.CD,1995,9573813700.0
PAN,NY.GDP.MKTP.CD,1994,9365289800.0
PAN,NY.GDP.MKTP.CD,1993,8782585400.0
PAN,NY.GDP.MKTP.CD,1992,8042337700.0
PAN,NY.GDP.MKTP.CD,1991,7074675500.0
PAN,NY.GDP.MKTP.CD,1990,6433967000.0
PAN,NY.GDP.MKTP.CD,1989,5918469800.0
PAN,NY.GDP.MKTP.CD,1988,5902783400.0
PAN,NY.GDP.MKTP.CD,1987,6827665300.0
PAN,NY.GDP.MKTP.CD,1986,6797834200.0
PAN,NY.GDP.MKTP.CD,1985,6541517100.0
PAN,NY.GDP.MKTP.CD,1984,6183387100.0
PAN,NY.GDP.MKTP.CD,1983,5923755900.0
PAN,NY.GDP.MKTP.CD,1982,5769767900.0
PAN,NY.GDP.MKTP.CD,1981,5222421500.0
PAN,NY.GDP.MKTP.CD,1980,4614086400.0
PAN,NY.GDP.MKTP.CD,1979,3704551600.0
PAN,NY.GDP.MKTP.CD,1978,3244558600.0
PAN,NY.GDP.MKTP.CD,1977,2738261900.0
PAN,NY.GDP.MKTP.CD,1976,2588106000.0
PAN,NY.GDP.MKTP.CD,1975,2435304100.0
PAN,NY.GDP.MKTP.CD,1974,2188307600.0
PAN,NY.GDP.MKTP.CD,1973,1913793400.0
PAN,NY.GDP.MKTP.CD,1972,1673411700.0
PAN,NY.GDP.MKTP.CD,1971,1523917200.0
PAN,NY.GDP.MKTP.CD,1970,1351006400.0
PAN,NY.GDP.MKTP.CD,1969,1221305700.0
PAN,NY.GDP.MKTP.CD,1968,1112791100.0
PAN,NY.GDP.MKTP.CD,1967,1034376400.0
PAN,NY.GDP.MKTP.CD,1966,928833000.0
PAN,NY.GDP.MKTP.CD,1965,852485300.0
PAN,NY.GDP.MKTP.CD,1964,776137500.0
PAN,NY.GDP.MKTP.CD,1963,722784500.0
PAN,NY.GDP.MKTP.CD,1962,652120900.0
PAN,NY.GDP.MKTP.CD,1961,599026300.0
PAN,NY.GDP.MKTP.CD,1960,537147100.0
PNG,NY.GDP.MKTP.CD,2024,31800428265.5246
PNG,NY.GDP.MKTP.CD,2023,30816367066.9594
PNG,NY.GDP.MKTP.CD,2022,31653185952.609
PNG,NY.GDP.MKTP.CD,2021,26109413521.3117
PNG,NY.GDP.MKTP.CD,2020,23848447849.6081
PNG,NY.GDP.MKTP.CD,2019,24750626029.8777
PNG,NY.GDP.MKTP.CD,2018,24109780708.0268
PNG,NY.GDP.MKTP.CD,2017,22742699138.356
PNG,NY.GDP.MKTP.CD,2016,20758876952.6232
PNG,NY.GDP.MKTP.CD,2015,21723437010.0982
PNG,NY.GDP.MKTP.CD,2014,23210823987.308
PNG,NY.GDP.MKTP.CD,2013,21261338064.8783
PNG,NY.GDP.MKTP.CD,2012,21295168665.7247
PNG,NY.GDP.MKTP.CD,2011,17985138065.8549
PNG,NY.GDP.MKTP.CD,2010,14250786674.7766
PNG,NY.GDP.MKTP.CD,2009,11619456449.266
PNG,NY.GDP.MKTP.CD,2008,11670892800.5309
PNG,NY.GDP.MKTP.CD,2007,9545028944.34579
PNG,NY.GDP.MKTP.CD,2006,8354911040.70193
PNG,NY.GDP.MKTP.CD,2005,4865892972.27595
PNG,NY.GDP.MKTP.CD,2004,3927157866.96465
PNG,NY.GDP.MKTP.CD,2003,3536411824.2958
PNG,NY.GDP.MKTP.CD,2002,2999511040.19764
PNG,NY.GDP.MKTP.CD,2001,3081024212.42924
PNG,NY.GDP.MKTP.CD,2000,3521339699.07407
PNG,NY.GDP.MKTP.CD,1999,3477038204.01733
PNG,NY.GDP.MKTP.CD,1998,3789443014.61662
PNG,NY.GDP.MKTP.CD,1997,4936615298.79367
PNG,NY.GDP.MKTP.CD,1996,5155311077.38998
PNG,NY.GDP.MKTP.CD,1995,4636057476.42568
PNG,NY.GDP.MKTP.CD,1994,5502786069.65174
PNG,NY.GDP.MKTP.CD,1993,4974550286.18152
PNG,NY.GDP.MKTP.CD,1992,4377980510.05598
PNG,NY.GDP.MKTP.CD,1991,3787394957.98319
PNG,NY.GDP.MKTP.CD,1990,3219729083.06487
PNG,NY.GDP.MKTP.CD,1989,3546472565.69364
PNG,NY.GDP.MKTP.CD,1988,3656177880.70625
PNG,NY.GDP.MKTP.CD,1987,3143851794.08723
PNG,NY.GDP.MKTP.CD,1986,2647995602.28698
PNG,NY.GDP.MKTP.CD,1985,2423339171.50015
PNG,NY.GDP.MKTP.CD,1984,2552662617.18854
PNG,NY.GDP.MKTP.CD,1983,2562351551.04491
PNG,NY.GDP.MKTP.CD,1982,2368719683.44848
PNG,NY.GDP.MKTP.CD,1981,2498190847.39668
PNG,NY.GDP.MKTP.CD,1980,2545808455.52399
PNG,NY.GDP.MKTP.CD,1979,2293760510.9609
PNG,NY.GDP.MKTP.CD,1978,1947878830.62383
PNG,NY.GDP.MKTP.CD,1977,1640746618.68467
PNG,NY.GDP.MKTP.CD,1976,1511843235.49111
PNG,NY.GDP.MKTP.CD,1975,1356603608.09695
PNG,NY.GDP.MKTP.CD,1974,1467417672.17002
PNG,NY.GDP.MKTP.CD,1973,1299079410.43638
PNG,NY.GDP.MKTP.CD,1972,858761926.08968
PNG,NY.GDP.MKTP.CD,1971,717750278.105664
PNG,NY.GDP.MKTP.CD,1970,645568215.290914
PNG,NY.GDP.MKTP.CD,1969,551263864.202218
PNG,NY.GDP.MKTP.CD,1968,485184189.62947
PNG,NY.GDP.MKTP.CD,1967,441728182.676509
PNG,NY.GDP.MKTP.CD,1966,390992062.55873
PNG,NY.GDP.MKTP.CD,1965,344176055.068169
PNG,NY.GDP.MKTP.CD,1964,305312048.849928
PNG,NY.GDP.MKTP.CD,1963,275968044.154887
PNG,NY.GDP.MKTP.CD,1962,261184041.789447
PNG,NY.GDP.MKTP.CD,1961,244832039.173126
PNG,NY.GDP.MKTP.CD,1960,230496036.879366
PRY,NY.GDP.MKTP.CD,2024,44458118397.4445
PRY,NY.GDP.MKTP.CD,2023,43118053174.5461
PRY,NY.GDP.MKTP.CD,2022,41952910858.0846
PRY,NY.GDP.MKTP.CD,2021,39950899938.7474
PRY,NY.GDP.MKTP.CD,2020,35432178068.1756
PRY,NY.GDP.MKTP.CD,2019,37925338329.156
PRY,NY.GDP.MKTP.CD,2018,40225448340.6341
PRY,NY.GDP.MKTP.CD,2017,38997129473.5613
PRY,NY.GDP.MKTP.CD,2016,36089700222.9546
PRY,NY.GDP.MKTP.CD,2015,36211447840.1027
PRY,NY.GDP.MKTP.CD,2014,40377929295.6522
PRY,NY.GDP.MKTP.CD,2013,38501122141.4135
PRY,NY.GDP.MKTP.CD,2012,33271921136.3071
PRY,NY.GDP.MKTP.CD,2011,33756238766.4931
PRY,NY.GDP.MKTP.CD,2010,27260886405.2341
PRY,NY.GDP.MKTP.CD,2009,22355151162.0031
PRY,NY.GDP.MKTP.CD,2008,24615267663.5385
PRY,NY.GDP.MKTP.CD,2007,17856393235.4338
PRY,NY.GDP.MKTP.CD,2006,13429430050.261
PRY,NY.GDP.MKTP.CD,2005,10737500188.1123
PRY,NY.GDP.MKTP.CD,2004,9624440836.29309
PRY,NY.GDP.MKTP.CD,2003,7691367471.17992
PRY,NY.GDP.MKTP.CD,2002,7196260656.84556
PRY,NY.GDP.MKTP.CD,2001,8495806432.18467
PRY,NY.GDP.MKTP.CD,2000,8855705139.55857
PRY,NY.GDP.MKTP.CD,1999,8837070235.51892
PRY,NY.GDP.MKTP.CD,1998,9260481572.42462
PRY,NY.GDP.MKTP.CD,1997,9965225678.05093
PRY,NY.GDP.MKTP.CD,1996,9788391780.52421
PRY,NY.GDP.MKTP.CD,1995,9062131475.02318
PRY,NY.GDP.MKTP.CD,1994,7870982004.8195
PRY,NY.GDP.MKTP.CD,1993,7249533620.30614
PRY,NY.GDP.MKTP.CD,1992,7157424031.06045
PRY,NY.GDP.MKTP.CD,1991,6984367762.90371
PRY,NY.GDP.MKTP.CD,1990,5812114523.01187
PRY,NY.GDP.MKTP.CD,1989,4757732199.96213
PRY,NY.GDP.MKTP.CD,1988,4255683528.33333
PRY,NY.GDP.MKTP.CD,1987,3971044723.8024
PRY,NY.GDP.MKTP.CD,1986,3723993942.79088
PRY,NY.GDP.MKTP.CD,1985,3282449235.76129
PRY,NY.GDP.MKTP.CD,1984,4502462807.13993
PRY,NY.GDP.MKTP.CD,1983,5673248726.16438
PRY,NY.GDP.MKTP.CD,1982,5419411764.70588
PRY,NY.GDP.MKTP.CD,1981,5624515873.01587
PRY,NY.GDP.MKTP.CD,1980,4448087301.5873
PRY,NY.GDP.MKTP.CD,1979,3416777777.77778
PRY,NY.GDP.MKTP.CD,1978,2559857142.85714
PRY,NY.GDP.MKTP.CD,1977,2092158730.15873
PRY,NY.GDP.MKTP.CD,1976,1698960317.46032
PRY,NY.GDP.MKTP.CD,1975,1511420634.92063
PRY,NY.GDP.MKTP.CD,1974,1333475396.8254
PRY,NY.GDP.MKTP.CD,1973,995531746.031746
PRY,NY.GDP.MKTP.CD,1972,769039682.539683
PRY,NY.GDP.MKTP.CD,1971,664571428.571429
PRY,NY.GDP.MKTP.CD,1970,594611111.111111
PRY,NY.GDP.MKTP.CD,1969,556293650.793651
PRY,NY.GDP.MKTP.CD,1968,517650793.650794
PRY,NY.GDP.MKTP.CD,1967,492674603.174603
PRY,NY.GDP.MKTP.CD,1966,465888888.888889
PRY,NY.GDP.MKTP.CD,1965,443587301.587302
PRY,NY.GDP.MKTP.CD,1964,408349206.349206
PRY,NY.GDP.MKTP.CD,1963,383904761.904762
PRY,NY.GDP.MKTP.CD,1962,360698412.698413
PRY,NY.GDP.MKTP.CD,1961,322053713.15873
PRY,NY.GDP.MKTP.CD,1960,288884368.016934
PER,NY.GDP.MKTP.CD,2024,289221969062.941
PER,NY.GDP.MKTP.CD,2023,266958720837.988
PER,NY.GDP.MKTP.CD,2022,246065570308.155
PER,NY.GDP.MKTP.CD,2021,226328766459.634
PER,NY.GDP.MKTP.CD,2020,201409694755.934
PER,NY.GDP.MKTP.CD,2019,228346006003.648
PER,NY.GDP.MKTP.CD,2018,222597009739.235
PER,NY.GDP.MKTP.CD,2017,211007984080.911
PER,NY.GDP.MKTP.CD,2016,191898104390.379
PER,NY.GDP.MKTP.CD,2015,189802976285.619
PER,NY.GDP.MKTP.CD,2014,200786250582.943
PER,NY.GDP.MKTP.CD,2013,201175543571.392
PER,NY.GDP.MKTP.CD,2012,192650021648.583
PER,NY.GDP.MKTP.CD,2011,171761737046.585
PER,NY.GDP.MKTP.CD,2010,147527631520.729
PER,NY.GDP.MKTP.CD,2009,120822986521.479
PER,NY.GDP.MKTP.CD,2008,120550599815.441
PER,NY.GDP.MKTP.CD,2007,102170981144.136
PER,NY.GDP.MKTP.CD,2006,88643193061.748
PER,NY.GDP.MKTP.CD,2005,76060606060.6061
PER,NY.GDP.MKTP.CD,2004,66768703497.5687
PER,NY.GDP.MKTP.CD,2003,58731030121.8671
PER,NY.GDP.MKTP.CD,2002,54777553515.0809
PER,NY.GDP.MKTP.CD,2001,52030158775.4055
PER,NY.GDP.MKTP.CD,2000,51744749133.213
PER,NY.GDP.MKTP.CD,1999,50187324567.883
PER,NY.GDP.MKTP.CD,1998,55501467877.381
PER,NY.GDP.MKTP.CD,1997,58147522522.5225
PER,NY.GDP.MKTP.CD,1996,55252414130.3019
PER,NY.GDP.MKTP.CD,1995,53312793687.3836
PER,NY.GDP.MKTP.CD,1994,44882079766.8913
PER,NY.GDP.MKTP.CD,1993,34832077220.8537
PER,NY.GDP.MKTP.CD,1992,35966302303.263
PER,NY.GDP.MKTP.CD,1991,34341465998.2003
PER,NY.GDP.MKTP.CD,1990,26410386962.8019
PER,NY.GDP.MKTP.CD,1989,22499558526.3682
PER,NY.GDP.MKTP.CD,1988,15439408447.2
PER,NY.GDP.MKTP.CD,1987,36889706592.6843
PER,NY.GDP.MKTP.CD,1986,21859448586.485
PER,NY.GDP.MKTP.CD,1985,15078736875.387
PER,NY.GDP.MKTP.CD,1984,17600400384.5073
PER,NY.GDP.MKTP.CD,1983,17345260564.4824
PER,NY.GDP.MKTP.CD,1982,21794535621.216
PER,NY.GDP.MKTP.CD,1981,21648214892.8828
PER,NY.GDP.MKTP.CD,1980,18136838537.725
PER,NY.GDP.MKTP.CD,1979,15954012439.1662
PER,NY.GDP.MKTP.CD,1978,12491876742.9708
PER,NY.GDP.MKTP.CD,1977,14544913960.5062
PER,NY.GDP.MKTP.CD,1976,16131958850.6444
PER,NY.GDP.MKTP.CD,1975,16931162355.4802
PER,NY.GDP.MKTP.CD,1974,13858441211.4692
PER,NY.GDP.MKTP.CD,1973,10994381895.1161
PER,NY.GDP.MKTP.CD,1972,9189413409.28138
PER,NY.GDP.MKTP.CD,1971,8289582883.67673
PER,NY.GDP.MKTP.CD,1970,7432223176.93623
PER,NY.GDP.MKTP.CD,1969,6420909789.83
PER,NY.GDP.MKTP.CD,1968,5736083835.29034
PER,NY.GDP.MKTP.CD,1967,6194340079.8786
PER,NY.GDP.MKTP.CD,1966,6109048736.61853
PER,NY.GDP.MKTP.CD,1965,5163008077.37371
PER,NY.GDP.MKTP.CD,1964,4353664866.67985
PER,NY.GDP.MKTP.CD,1963,3598272493.3109
PER,NY.GDP.MKTP.CD,1962,3284322201.27831
PER,NY.GDP.MKTP.CD,1961,2897852693.27494
PER,NY.GDP.MKTP.CD,1960,2571986572.12719
PHL,NY.GDP.MKTP.CD,2024,461617509782.355
PHL,NY.GDP.MKTP.CD,2023,437055627244.424
PHL,NY.GDP.MKTP.CD,2022,404353369604.631
PHL,NY.GDP.MKTP.CD,2021,394087359848.11
PHL,NY.GDP.MKTP.CD,2020,361751145451.597
PHL,NY.GDP.MKTP.CD,2019,376823402239.136
PHL,NY.GDP.MKTP.CD,2018,346841896587.313
PHL,NY.GDP.MKTP.CD,2017,328480736802.76
PHL,NY.GDP.MKTP.CD,2016,318627003016.731
PHL,NY.GDP.MKTP.CD,2015,306445871242.322
PHL,NY.GDP.MKTP.CD,2014,297483555338.044
PHL,NY.GDP.MKTP.CD,2013,283902828588.718
PHL,NY.GDP.MKTP.CD,2012,261920540962.63
PHL,NY.GDP.MKTP.CD,2011,234216730291.32
PHL,NY.GDP.MKTP.CD,2010,208368893151.144
PHL,NY.GDP.MKTP.CD,2009,175974755881.372
PHL,NY.GDP.MKTP.CD,2008,181624626327.361
PHL,NY.GDP.MKTP.CD,2007,155980408673.403
PHL,NY.GDP.MKTP.CD,2006,127652926368.069
PHL,NY.GDP.MKTP.CD,2005,107419977318.166
PHL,NY.GDP.MKTP.CD,2004,95001999685.3314
PHL,NY.GDP.MKTP.CD,2003,87039092974.2272
PHL,NY.GDP.MKTP.CD,2002,84307345887.543
PHL,NY.GDP.MKTP.CD,2001,78921234457.5487
PHL,NY.GDP.MKTP.CD,2000,83669788376.9213
PHL,NY.GDP.MKTP.CD,1999,85640171045.1254
PHL,NY.GDP.MKTP.CD,1998,74492416329.9142
PHL,NY.GDP.MKTP.CD,1997,94106317565.0846
PHL,NY.GDP.MKTP.CD,1996,94648084429.0341
PHL,NY.GDP.MKTP.CD,1995,84644328727.4825
PHL,NY.GDP.MKTP.CD,1994,73159336915.2718
PHL,NY.GDP.MKTP.CD,1993,62036529147.1831
PHL,NY.GDP.MKTP.CD,1992,60422328242.1803
PHL,NY.GDP.MKTP.CD,1991,51784144942.727
PHL,NY.GDP.MKTP.CD,1990,50508286641.5746
PHL,NY.GDP.MKTP.CD,1989,48513773720.673
PHL,NY.GDP.MKTP.CD,1988,43152128958.6116
PHL,NY.GDP.MKTP.CD,1987,37791488666.0743
PHL,NY.GDP.MKTP.CD,1986,33987207294.9432
PHL,NY.GDP.MKTP.CD,1985,34961486348.2382
PHL,NY.GDP.MKTP.CD,1984,35730185633.5233
PHL,NY.GDP.MKTP.CD,1983,37759179894.5298
PHL,NY.GDP.MKTP.CD,1982,42206011275.1757
PHL,NY.GDP.MKTP.CD,1981,40499388869.1271
PHL,NY.GDP.MKTP.CD,1980,36848080898.8112
PHL,NY.GDP.MKTP.CD,1979,31218296292.1295
PHL,NY.GDP.MKTP.CD,1978,25762224562.6316
PHL,NY.GDP.MKTP.CD,1977,22283109803.3521
PHL,NY.GDP.MKTP.CD,1976,19381055197.2794
PHL,NY.GDP.MKTP.CD,1975,16875240683.5083
PHL,NY.GDP.MKTP.CD,1974,15607882555.2916
PHL,NY.GDP.MKTP.CD,1973,11412449735.3056
PHL,NY.GDP.MKTP.CD,1972,9067815521.3262
PHL,NY.GDP.MKTP.CD,1971,8375075629.8327
PHL,NY.GDP.MKTP.CD,1970,7559115516.69532
PHL,NY.GDP.MKTP.CD,1969,9571800652.5641
PHL,NY.GDP.MKTP.CD,1968,8632749269.48718
PHL,NY.GDP.MKTP.CD,1967,7724873935.12821
PHL,NY.GDP.MKTP.CD,1966,7189017887.69231
PHL,NY.GDP.MKTP.CD,1965,6517349771.93386
PHL,NY.GDP.MKTP.CD,1964,5953756194.80988
PHL,NY.GDP.MKTP.CD,1963,5505023238.40669
PHL,NY.GDP.MKTP.CD,1962,4954593071.82796
PHL,NY.GDP.MKTP.CD,1961,8171194424.94498
PHL,NY.GDP.MKTP.CD,1960,7515894110.56487
POL,NY.GDP.MKTP.CD,2024,917767106146.761
POL,NY.GDP.MKTP.CD,2023,812451193396.143
POL,NY.GDP.MKTP.CD,2022,695607470875.276
POL,NY.GDP.MKTP.CD,2021,689170230665.35
POL,NY.GDP.MKTP.CD,2020,605914237903.742
POL,NY.GDP.MKTP.CD,2019,602683770144.88
POL,NY.GDP.MKTP.CD,2018,594616687350.017
POL,NY.GDP.MKTP.CD,2017,528356676667.211
POL,NY.GDP.MKTP.CD,2016,473259583969.643
POL,NY.GDP.MKTP.CD,2015,480054118583.367
POL,NY.GDP.MKTP.CD,2014,542134167178.627
POL,NY.GDP.MKTP.CD,2013,518179836405.36
POL,NY.GDP.MKTP.CD,2012,498148649702.66
POL,NY.GDP.MKTP.CD,2011,527848543023.469
POL,NY.GDP.MKTP.CD,2010,478111630683.514
POL,NY.GDP.MKTP.CD,2009,440891472247.096
POL,NY.GDP.MKTP.CD,2008,535612030671.888
POL,NY.GDP.MKTP.CD,2007,429715132137.503
POL,NY.GDP.MKTP.CD,2006,345897630736.173
POL,NY.GDP.MKTP.CD,2005,306999913150.525
POL,NY.GDP.MKTP.CD,2004,256268656145.134
POL,NY.GDP.MKTP.CD,2003,218561225998.47
POL,NY.GDP.MKTP.CD,2002,199694463255.567
POL,NY.GDP.MKTP.CD,2001,191823200371.284
POL,NY.GDP.MKTP.CD,2000,172953527033.013
POL,NY.GDP.MKTP.CD,1999,170704452714.673
POL,NY.GDP.MKTP.CD,1998,175282269666.801
POL,NY.GDP.MKTP.CD,1997,159893964916.817
POL,NY.GDP.MKTP.CD,1996,160813026223.063
POL,NY.GDP.MKTP.CD,1995,142838527115.448
POL,NY.GDP.MKTP.CD,1994,110803635287.621
POL,NY.GDP.MKTP.CD,1993,96043157272.862
POL,NY.GDP.MKTP.CD,1992,94337050693.2727
POL,NY.GDP.MKTP.CD,1991,85500935934.9901
POL,NY.GDP.MKTP.CD,1990,65977748210.5263
POL,NY.GDP.MKTP.CD,1989,
POL,NY.GDP.MKTP.CD,1988,
POL,NY.GDP.MKTP.CD,1987,
POL,NY.GDP.MKTP.CD,1986,
POL,NY.GDP.MKTP.CD,1985,
POL,NY.GDP.MKTP.CD,1984,
POL,NY.GDP.MKTP.CD,1983,
POL,NY.GDP.MKTP.CD,1982,
POL,NY.GDP.MKTP.CD,1981,
POL,NY.GDP.MKTP.CD,1980,
POL,NY.GDP.MKTP.CD,1979,
POL,NY.GDP.MKTP.CD,1978,
POL,NY.GDP.MKTP.CD,1977,
POL,NY.GDP.MKTP.CD,1976,
POL,NY.GDP.MKTP.CD,1975,
POL,NY.GDP.MKTP.CD,1974,
POL,NY.GDP.MKTP.CD,1973,
POL,NY.GDP.MKTP.CD,1972,
POL,NY.GDP.MKTP.CD,1971,
POL,NY.GDP.MKTP.CD,1970,
POL,NY.GDP.MKTP.CD,1969,
POL,NY.GDP.MKTP.CD,1968,
POL,NY.GDP.MKTP.CD,1967,
POL,NY.GDP.MKTP.CD,1966,
POL,NY.GDP.MKTP.CD,1965,
POL,NY.GDP.MKTP.CD,1964,
POL,NY.GDP.MKTP.CD,1963,
POL,NY.GDP.MKTP.CD,1962,
POL,NY.GDP.MKTP.CD,1961,
POL,NY.GDP.MKTP.CD,1960,
PRT,NY.GDP.MKTP.CD,2024,313271185085.102
PRT,NY.GDP.MKTP.CD,2023,292323800948.839
PRT,NY.GDP.MKTP.CD,2022,256898677175.024
PRT,NY.GDP.MKTP.CD,2021,256055879091.139
PRT,NY.GDP.MKTP.CD,2020,229618773422.577
PRT,NY.GDP.MKTP.CD,2019,240115970063.019
PRT,NY.GDP.MKTP.CD,2018,242092894542.888
PRT,NY.GDP.MKTP.CD,2017,220862990767.229
PRT,NY.GDP.MKTP.CD,2016,206305431241.638
PRT,NY.GDP.MKTP.CD,2015,199038523119.639
PRT,NY.GDP.MKTP.CD,2014,230078616299.675
PRT,NY.GDP.MKTP.CD,2013,226677408291.745
PRT,NY.GDP.MKTP.CD,2012,216536676771.973
PRT,NY.GDP.MKTP.CD,2011,245426767676.002
PRT,NY.GDP.MKTP.CD,2010,238443864993.217
PRT,NY.GDP.MKTP.CD,2009,244667762835.543
PRT,NY.GDP.MKTP.CD,2008,263416394624.084
PRT,NY.GDP.MKTP.CD,2007,240496147317.381
PRT,NY.GDP.MKTP.CD,2006,208756449275.848
PRT,NY.GDP.MKTP.CD,2005,197253876704.921
PRT,NY.GDP.MKTP.CD,2004,189382122532.169
PRT,NY.GDP.MKTP.CD,2003,165226175536.793
PRT,NY.GDP.MKTP.CD,2002,134795565549.419
PRT,NY.GDP.MKTP.CD,2001,121604107164.997
PRT,NY.GDP.MKTP.CD,2000,118605192877.388
PRT,NY.GDP.MKTP.CD,1999,127470385557.184
PRT,NY.GDP.MKTP.CD,1998,123946327916.296
PRT,NY.GDP.MKTP.CD,1997,117016535162.95
PRT,NY.GDP.MKTP.CD,1996,122630089680.27
PRT,NY.GDP.MKTP.CD,1995,118122007430.012
PRT,NY.GDP.MKTP.CD,1994,99688641304.3478
PRT,NY.GDP.MKTP.CD,1993,95009751901.2592
PRT,NY.GDP.MKTP.CD,1992,107592098307.098
PRT,NY.GDP.MKTP.CD,1991,89233599278.4792
PRT,NY.GDP.MKTP.CD,1990,78713860216.5659
PRT,NY.GDP.MKTP.CD,1989,60594092182.3275
PRT,NY.GDP.MKTP.CD,1988,56347250696.3788
PRT,NY.GDP.MKTP.CD,1987,48182925857.4071
PRT,NY.GDP.MKTP.CD,1986,38745901353.7059
PRT,NY.GDP.MKTP.CD,1985,27115807742.0873
PRT,NY.GDP.MKTP.CD,1984,25217969049.5755
PRT,NY.GDP.MKTP.CD,1983,27239650741.9472
PRT,NY.GDP.MKTP.CD,1982,30527754793.1382
PRT,NY.GDP.MKTP.CD,1981,31977276872.9642
PRT,NY.GDP.MKTP.CD,1980,32896519823.7885
PRT,NY.GDP.MKTP.CD,1979,26622819672.1311
PRT,NY.GDP.MKTP.CD,1978,23487614051.0949
PRT,NY.GDP.MKTP.CD,1977,21439523310.6338
PRT,NY.GDP.MKTP.CD,1976,20332831564.9867
PRT,NY.GDP.MKTP.CD,1975,19347607843.1373
PRT,NY.GDP.MKTP.CD,1974,17512391475.9274
PRT,NY.GDP.MKTP.CD,1973,15090564186.4268
PRT,NY.GDP.MKTP.CD,1972,11239117865.0852
PRT,NY.GDP.MKTP.CD,1971,9201604240.28269
PRT,NY.GDP.MKTP.CD,1970,8108235704.32357
PRT,NY.GDP.MKTP.CD,1969,7287555035.34403
PRT,NY.GDP.MKTP.CD,1968,6644693214.18343
PRT,NY.GDP.MKTP.CD,1967,6002607029.64663
PRT,NY.GDP.MKTP.CD,1966,5370108031.12859
PRT,NY.GDP.MKTP.CD,1965,4901711247.81592
PRT,NY.GDP.MKTP.CD,1964,4429202656.90741
PRT,NY.GDP.MKTP.CD,1963,4084251592.81599
PRT,NY.GDP.MKTP.CD,1962,3835883663.25123
PRT,NY.GDP.MKTP.CD,1961,3573719084.53354
PRT,NY.GDP.MKTP.CD,1960,3339150157.85605
PRI,NY.GDP.MKTP.CD,2024,126029527033.705
PRI,NY.GDP.MKTP.CD,2023,118478754280.882
PRI,NY.GDP.MKTP.CD,2022,113843700000.0
PRI,NY.GDP.MKTP.CD,2021,106426600000.0
PRI,NY.GDP.MKTP.CD,2020,103130900000.0
PRI,NY.GDP.MKTP.CD,2019,105126400000.0
PRI,NY.GDP.MKTP.CD,2018,100958100000.0
PRI,NY.GDP.MKTP.CD,2017,103445500000.0
PRI,NY.GDP.MKTP.CD,2016,104336700000.0
PRI,NY.GDP.MKTP.CD,2015,103375500000.0
PRI,NY.GDP.MKTP.CD,2014,102445800000.0
PRI,NY.GDP.MKTP.CD,2013,102450000000.0
PRI,NY.GDP.MKTP.CD,2012,101564800000.0
PRI,NY.GDP.MKTP.CD,2011,100351700000.0
PRI,NY.GDP.MKTP.CD,2010,98381300000.0
PRI,NY.GDP.MKTP.CD,2009,96385600000.0
PRI,NY.GDP.MKTP.CD,2008,93639300000.0
PRI,NY.GDP.MKTP.CD,2007,89524131600.0
PRI,NY.GDP.MKTP.CD,2006,87276164400.0
PRI,NY.GDP.MKTP.CD,2005,83914521300.0
PRI,NY.GDP.MKTP.CD,2004,80322313000.0
PRI,NY.GDP.MKTP.CD,2003,74827400000.0
PRI,NY.GDP.MKTP.CD,2002,71623500000.0
PRI,NY.GDP.MKTP.CD,2001,69208400000.0
PRI,NY.GDP.MKTP.CD,2000,61701800000.0
PRI,NY.GDP.MKTP.CD,1999,57841000000.0
PRI,NY.GDP.MKTP.CD,1998,54086400000.0
PRI,NY.GDP.MKTP.CD,1997,48187039000.0
PRI,NY.GDP.MKTP.CD,1996,45340835000.0
PRI,NY.GDP.MKTP.CD,1995,42647331000.0
PRI,NY.GDP.MKTP.CD,1994,39690630000.0
PRI,NY.GDP.MKTP.CD,1993,36922456000.0
PRI,NY.GDP.MKTP.CD,1992,34630430000.0
PRI,NY.GDP.MKTP.CD,1991,32287031000.0
PRI,NY.GDP.MKTP.CD,1990,30603919000.0
PRI,NY.GDP.MKTP.CD,1989,28161200000.0
PRI,NY.GDP.MKTP.CD,1988,26385800000.0
PRI,NY.GDP.MKTP.CD,1987,24025800000.0
PRI,NY.GDP.MKTP.CD,1986,22009300000.0
PRI,NY.GDP.MKTP.CD,1985,20289200000.0
PRI,NY.GDP.MKTP.CD,1984,19162600000.0
PRI,NY.GDP.MKTP.CD,1983,17276600000.0
PRI,NY.GDP.MKTP.CD,1982,16764200000.0
PRI,NY.GDP.MKTP.CD,1981,15955700000.0
PRI,NY.GDP.MKTP.CD,1980,14436100000.0
PRI,NY.GDP.MKTP.CD,1979,12750000000.0
PRI,NY.GDP.MKTP.CD,1978,11165000000.0
PRI,NY.GDP.MKTP.CD,1977,9910900000.0
PRI,NY.GDP.MKTP.CD,1976,8968600000.0
PRI,NY.GDP.MKTP.CD,1975,8198300000.0
PRI,NY.GDP.MKTP.CD,1974,7684800000.0
PRI,NY.GDP.MKTP.CD,1973,7002400000.0
PRI,NY.GDP.MKTP.CD,1972,6328900000.0
PRI,NY.GDP.MKTP.CD,1971,5646800000.0
PRI,NY.GDP.MKTP.CD,1970,5034700000.0
PRI,NY.GDP.MKTP.CD,1969,4460700000.0
PRI,NY.GDP.MKTP.CD,1968,3941700000.0
PRI,NY.GDP.MKTP.CD,1967,3532700000.0
PRI,NY.GDP.MKTP.CD,1966,3170500000.0
PRI,NY.GDP.MKTP.CD,1965,2881500000.0
PRI,NY.GDP.MKTP.CD,1964,2570500000.0
PRI,NY.GDP.MKTP.CD,1963,2333600000.0
PRI,NY.GDP.MKTP.CD,1962,2094400000.0
PRI,NY.GDP.MKTP.CD,1961,1865100000.0
PRI,NY.GDP.MKTP.CD,1960,1691900000.0
QAT,NY.GDP.MKTP.CD,2024,219162637362.637
QAT,NY.GDP.MKTP.CD,2023,217308516483.516
QAT,NY.GDP.MKTP.CD,2022,235709340659.341
QAT,NY.GDP.MKTP.CD,2021,179732142857.143
QAT,NY.GDP.MKTP.CD,2020,144411538461.538
QAT,NY.GDP.MKTP.CD,2019,176371428571.429
QAT,NY.GDP.MKTP.CD,2018,183335164835.165
QAT,NY.GDP.MKTP.CD,2017,161099175824.176
QAT,NY.GDP.MKTP.CD,2016,151732142857.143
QAT,NY.GDP.MKTP.CD,2015,161739835164.835
QAT,NY.GDP.MKTP.CD,2014,206224725274.725
QAT,NY.GDP.MKTP.CD,2013,198727747252.747
QAT,NY.GDP.MKTP.CD,2012,186833516483.516
QAT,NY.GDP.MKTP.CD,2011,167775274725.275
QAT,NY.GDP.MKTP.CD,2010,123627197802.198
QAT,NY.GDP.MKTP.CD,2009,97798351648.3516
QAT,NY.GDP.MKTP.CD,2008,115270054945.055
QAT,NY.GDP.MKTP.CD,2007,79712087912.0879
QAT,NY.GDP.MKTP.CD,2006,60882142857.1429
QAT,NY.GDP.MKTP.CD,2005,44530494505.4945
QAT,NY.GDP.MKTP.CD,2004,31734065934.0659
QAT,NY.GDP.MKTP.CD,2003,23533791208.7912
QAT,NY.GDP.MKTP.CD,2002,19363736263.7363
QAT,NY.GDP.MKTP.CD,2001,17538461538.4615
QAT,NY.GDP.MKTP.CD,2000,17759890109.8901
QAT,NY.GDP.MKTP.CD,1999,12393131868.1319
QAT,NY.GDP.MKTP.CD,1998,10255495027.4725
QAT,NY.GDP.MKTP.CD,1997,11297802115.3846
QAT,NY.GDP.MKTP.CD,1996,9059340384.61539
QAT,NY.GDP.MKTP.CD,1995,8137911978.02198
QAT,NY.GDP.MKTP.CD,1994,7374450769.23077
QAT,NY.GDP.MKTP.CD,1993,7156593653.84615
QAT,NY.GDP.MKTP.CD,1992,7646153983.51648
QAT,NY.GDP.MKTP.CD,1991,6883516483.51648
QAT,NY.GDP.MKTP.CD,1990,7360439423.07692
QAT,NY.GDP.MKTP.CD,1989,6487912087.91209
QAT,NY.GDP.MKTP.CD,1988,6038187032.96703
QAT,NY.GDP.MKTP.CD,1987,5446428681.31868
QAT,NY.GDP.MKTP.CD,1986,5053021950.54945
QAT,NY.GDP.MKTP.CD,1985,6153296456.04396
QAT,NY.GDP.MKTP.CD,1984,6704395824.17582
QAT,NY.GDP.MKTP.CD,1983,6467582307.69231
QAT,NY.GDP.MKTP.CD,1982,7596703214.28571
QAT,NY.GDP.MKTP.CD,1981,8661263763.73626
QAT,NY.GDP.MKTP.CD,1980,7829165261.81396
QAT,NY.GDP.MKTP.CD,1979,5632962996.82641
QAT,NY.GDP.MKTP.CD,1978,4052000412.70087
QAT,NY.GDP.MKTP.CD,1977,3617564637.88865
QAT,NY.GDP.MKTP.CD,1976,3284273986.71808
QAT,NY.GDP.MKTP.CD,1975,2512773165.81173
QAT,NY.GDP.MKTP.CD,1974,2401403227.44085
QAT,NY.GDP.MKTP.CD,1973,793885559.971313
QAT,NY.GDP.MKTP.CD,1972,510262500.1767
QAT,NY.GDP.MKTP.CD,1971,387703105.521252
QAT,NY.GDP.MKTP.CD,1970,301791301.791302
QAT,NY.GDP.MKTP.CD,1969,
QAT,NY.GDP.MKTP.CD,1968,
QAT,NY.GDP.MKTP.CD,1967,
QAT,NY.GDP.MKTP.CD,1966,
QAT,NY.GDP.MKTP.CD,1965,
QAT,NY.GDP.MKTP.CD,1964,
QAT,NY.GDP.MKTP.CD,1963,
QAT,NY.GDP.MKTP.CD,1962,
QAT,NY.GDP.MKTP.CD,1961,
QAT,NY.GDP.MKTP.CD,1960,
ROU,NY.GDP.MKTP.CD,2024,382564217988.866
ROU,NY.GDP.MKTP.CD,2023,347757995758.914
ROU,NY.GDP.MKTP.CD,2022,295319437556.988
ROU,NY.GDP.MKTP.CD,2021,285071280114.469
ROU,NY.GDP.MKTP.CD,2020,250625048303.578
ROU,NY.GDP.MKTP.CD,2019,250080428511.595
ROU,NY.GDP.MKTP.CD,2018,241791427223.903
ROU,NY.GDP.MKTP.CD,2017,210147385855.419
ROU,NY.GDP.MKTP.CD,2016,185290759248.844
ROU,NY.GDP.MKTP.CD,2015,177885131240.315
ROU,NY.GDP.MKTP.CD,2014,199722319675.741
ROU,NY.GDP.MKTP.CD,2013,189798603751.235
ROU,NY.GDP.MKTP.CD,2012,179117323107.087
ROU,NY.GDP.MKTP.CD,2011,192623977894.173
ROU,NY.GDP.MKTP.CD,2010,170064350671.827
ROU,NY.GDP.MKTP.CD,2009,174110532658.867
ROU,NY.GDP.MKTP.CD,2008,214315932061.275
ROU,NY.GDP.MKTP.CD,2007,174588782938.583
ROU,NY.GDP.MKTP.CD,2006,122023735992.706
ROU,NY.GDP.MKTP.CD,2005,98454380120.0761
ROU,NY.GDP.MKTP.CD,2004,74973656851.8076
ROU,NY.GDP.MKTP.CD,2003,57806384143.166
ROU,NY.GDP.MKTP.CD,2002,46065502702.5817
ROU,NY.GDP.MKTP.CD,2001,40395116581.4832
ROU,NY.GDP.MKTP.CD,2000,37253739511.1273
ROU,NY.GDP.MKTP.CD,1999,35953156753.739
ROU,NY.GDP.MKTP.CD,1998,41696091973.7076
ROU,NY.GDP.MKTP.CD,1997,35575214078.2428
ROU,NY.GDP.MKTP.CD,1996,36937074278.3004
ROU,NY.GDP.MKTP.CD,1995,37430162102.6125
ROU,NY.GDP.MKTP.CD,1994,30072805104.2542
ROU,NY.GDP.MKTP.CD,1993,26361160449.9704
ROU,NY.GDP.MKTP.CD,1992,25121666666.6667
ROU,NY.GDP.MKTP.CD,1991,28850634899.856
ROU,NY.GDP.MKTP.CD,1990,38247882300.4904
ROU,NY.GDP.MKTP.CD,1989,41450777202.0725
ROU,NY.GDP.MKTP.CD,1988,40424528301.8868
ROU,NY.GDP.MKTP.CD,1987,38067567567.5676
ROU,NY.GDP.MKTP.CD,1986,
ROU,NY.GDP.MKTP.CD,1985,
ROU,NY.GDP.MKTP.CD,1984,
ROU,NY.GDP.MKTP.CD,1983,
ROU,NY.GDP.MKTP.CD,1982,
ROU,NY.GDP.MKTP.CD,1981,
ROU,NY.GDP.MKTP.CD,1980,
ROU,NY.GDP.MKTP.CD,1979,
ROU,NY.GDP.MKTP.CD,1978,
ROU,NY.GDP.MKTP.CD,1977,
ROU,NY.GDP.MKTP.CD,1976,
ROU,NY.GDP.MKTP.CD,1975,
ROU,NY.GDP.MKTP.CD,1974,
ROU,NY.GDP.MKTP.CD,1973,
ROU,NY.GDP.MKTP.CD,1972,
ROU,NY.GDP.MKTP.CD,1971,
ROU,NY.GDP.MKTP.CD,1970,
ROU,NY.GDP.MKTP.CD,1969,
ROU,NY.GDP.MKTP.CD,1968,
ROU,NY.GDP.MKTP.CD,1967,
ROU,NY.GDP.MKTP.CD,1966,
ROU,NY.GDP.MKTP.CD,1965,
ROU,NY.GDP.MKTP.CD,1964,
ROU,NY.GDP.MKTP.CD,1963,
ROU,NY.GDP.MKTP.CD,1962,
ROU,NY.GDP.MKTP.CD,1961,
ROU,NY.GDP.MKTP.CD,1960,
RUS,NY.GDP.MKTP.CD,2024,2173835806671.66
RUS,NY.GDP.MKTP.CD,2023,2071505725030.58
RUS,NY.GDP.MKTP.CD,2022,2291612121334.64
RUS,NY.GDP.MKTP.CD,2021,1829186719575.1
RUS,NY.GDP.MKTP.CD,2020,1493075894362.14
RUS,NY.GDP.MKTP.CD,2019,1693115002708.32
RUS,NY.GDP.MKTP.CD,2018,1657328773461.31
RUS,NY.GDP.MKTP.CD,2017,1574199360089.0
RUS,NY.GDP.MKTP.CD,2016,1276786350881.14
RUS,NY.GDP.MKTP.CD,2015,1363482182197.71
RUS,NY.GDP.MKTP.CD,2014,2059241589895.01
RUS,NY.GDP.MKTP.CD,2013,2292470078346.22
RUS,NY.GDP.MKTP.CD,2012,2208293553878.42
RUS,NY.GDP.MKTP.CD,2011,2045922753398.04
RUS,NY.GDP.MKTP.CD,2010,1524916715223.95
RUS,NY.GDP.MKTP.CD,2009,1222645900055.7
RUS,NY.GDP.MKTP.CD,2008,1660848058303.11
RUS,NY.GDP.MKTP.CD,2007,1299703478481.65
RUS,NY.GDP.MKTP.CD,2006,989932071352.543
RUS,NY.GDP.MKTP.CD,2005,764015973481.11
RUS,NY.GDP.MKTP.CD,2004,591016690732.385
RUS,NY.GDP.MKTP.CD,2003,430347420184.885
RUS,NY.GDP.MKTP.CD,2002,345470494417.863
RUS,NY.GDP.MKTP.CD,2001,306602070620.5
RUS,NY.GDP.MKTP.CD,2000,259710142196.943
RUS,NY.GDP.MKTP.CD,1999,195907128350.934
RUS,NY.GDP.MKTP.CD,1998,270955486862.442
RUS,NY.GDP.MKTP.CD,1997,404928954191.876
RUS,NY.GDP.MKTP.CD,1996,391724890744.498
RUS,NY.GDP.MKTP.CD,1995,395537185734.854
RUS,NY.GDP.MKTP.CD,1994,395077301248.464
RUS,NY.GDP.MKTP.CD,1993,435083713850.837
RUS,NY.GDP.MKTP.CD,1992,460290556900.726
RUS,NY.GDP.MKTP.CD,1991,517962962962.963
RUS,NY.GDP.MKTP.CD,1990,517014446227.929
RUS,NY.GDP.MKTP.CD,1989,506631299734.748
RUS,NY.GDP.MKTP.CD,1988,554828660436.137
RUS,NY.GDP.MKTP.CD,1987,
RUS,NY.GDP.MKTP.CD,1986,
RUS,NY.GDP.MKTP.CD,1985,
RUS,NY.GDP.MKTP.CD,1984,
RUS,NY.GDP.MKTP.CD,1983,
RUS,NY.GDP.MKTP.CD,1982,
RUS,NY.GDP.MKTP.CD,1981,
RUS,NY.GDP.MKTP.CD,1980,
RUS,NY.GDP.MKTP.CD,1979,
RUS,NY.GDP.MKTP.CD,1978,
RUS,NY.GDP.MKTP.CD,1977,
RUS,NY.GDP.MKTP.CD,1976,
RUS,NY.GDP.MKTP.CD,1975,
RUS,NY.GDP.MKTP.CD,1974,
RUS,NY.GDP.MKTP.CD,1973,
RUS,NY.GDP.MKTP.CD,1972,
RUS,NY.GDP.MKTP.CD,1971,
RUS,NY.GDP.MKTP.CD,1970,
RUS,NY.GDP.MKTP.CD,1969,
RUS,NY.GDP.MKTP.CD,1968,
RUS,NY.GDP.MKTP.CD,1967,
RUS,NY.GDP.MKTP.CD,1966,
RUS,NY.GDP.MKTP.CD,1965,
RUS,NY.GDP.MKTP.CD,1964,
RUS,NY.GDP.MKTP.CD,1963,
RUS,NY.GDP.MKTP.CD,1962,
RUS,NY.GDP.MKTP.CD,1961,
RUS,NY.GDP.MKTP.CD,1960,
RWA,NY.GDP.MKTP.CD,2024,14251642235.0968
RWA,NY.GDP.MKTP.CD,2023,14331722703.4134
RWA,NY.GDP.MKTP.CD,2022,13316161002.3912
RWA,NY.GDP.MKTP.CD,2021,11078787090.1564
RWA,NY.GDP.MKTP.CD,2020,10174386856.6101
RWA,NY.GDP.MKTP.CD,2019,10349300276.7623
RWA,NY.GDP.MKTP.CD,2018,9637904520.86283
RWA,NY.GDP.MKTP.CD,2017,9252833891.40871
RWA,NY.GDP.MKTP.CD,2016,8695272057.91798
RWA,NY.GDP.MKTP.CD,2015,8543760199.80208
RWA,NY.GDP.MKTP.CD,2014,8238966124.23115
RWA,NY.GDP.MKTP.CD,2013,7819964030.17937
RWA,NY.GDP.MKTP.CD,2012,7654761050.18587
RWA,NY.GDP.MKTP.CD,2011,6884913658.10632
RWA,NY.GDP.MKTP.CD,2010,6124756654.12346
RWA,NY.GDP.MKTP.CD,2009,5674476969.06444
RWA,NY.GDP.MKTP.CD,2008,5179854064.57033
RWA,NY.GDP.MKTP.CD,2007,4070507894.61656
RWA,NY.GDP.MKTP.CD,2006,3319784538.73346
RWA,NY.GDP.MKTP.CD,2005,2933819766.17656
RWA,NY.GDP.MKTP.CD,2004,2376496067.01198
RWA,NY.GDP.MKTP.CD,2003,2138237278.73822
RWA,NY.GDP.MKTP.CD,2002,1966003468.49117
RWA,NY.GDP.MKTP.CD,2001,1966600715.49841
RWA,NY.GDP.MKTP.CD,2000,2068836754.37431
RWA,NY.GDP.MKTP.CD,1999,2157108262.84452
RWA,NY.GDP.MKTP.CD,1998,1989343546.17594
RWA,NY.GDP.MKTP.CD,1997,1851558197.31088
RWA,NY.GDP.MKTP.CD,1996,1382334879.40812
RWA,NY.GDP.MKTP.CD,1995,1293535193.49248
RWA,NY.GDP.MKTP.CD,1994,753636370.454545
RWA,NY.GDP.MKTP.CD,1993,1971525711.83511
RWA,NY.GDP.MKTP.CD,1992,2029026961.55894
RWA,NY.GDP.MKTP.CD,1991,1911600236.67461
RWA,NY.GDP.MKTP.CD,1990,2550185679.08109
RWA,NY.GDP.MKTP.CD,1989,2405022593.05165
RWA,NY.GDP.MKTP.CD,1988,2395492686.78165
RWA,NY.GDP.MKTP.CD,1987,2157432667.61598
RWA,NY.GDP.MKTP.CD,1986,1944710683.87148
RWA,NY.GDP.MKTP.CD,1985,1715626330.59472
RWA,NY.GDP.MKTP.CD,1984,1587413083.9206
RWA,NY.GDP.MKTP.CD,1983,1479687586.94292
RWA,NY.GDP.MKTP.CD,1982,1407243139.2545
RWA,NY.GDP.MKTP.CD,1981,1407062526.91521
RWA,NY.GDP.MKTP.CD,1980,1254765641.52116
RWA,NY.GDP.MKTP.CD,1979,1109346130.95265
RWA,NY.GDP.MKTP.CD,1978,905709076.42303
RWA,NY.GDP.MKTP.CD,1977,746650613.034794
RWA,NY.GDP.MKTP.CD,1976,637753853.12552
RWA,NY.GDP.MKTP.CD,1975,571863500.248658
RWA,NY.GDP.MKTP.CD,1974,308458423.183854
RWA,NY.GDP.MKTP.CD,1973,290746157.145921
RWA,NY.GDP.MKTP.CD,1972,246457838.336681
RWA,NY.GDP.MKTP.CD,1971,222952504.40607
RWA,NY.GDP.MKTP.CD,1970,219900006.0
RWA,NY.GDP.MKTP.CD,1969,188700037.0
RWA,NY.GDP.MKTP.CD,1968,172200018.0
RWA,NY.GDP.MKTP.CD,1967,159560018.0
RWA,NY.GDP.MKTP.CD,1966,124525702.857143
RWA,NY.GDP.MKTP.CD,1965,148799980.0
RWA,NY.GDP.MKTP.CD,1964,129999994.0
RWA,NY.GDP.MKTP.CD,1963,128000000.0
RWA,NY.GDP.MKTP.CD,1962,125000008.0
RWA,NY.GDP.MKTP.CD,1961,122000016.0
RWA,NY.GDP.MKTP.CD,1960,119000024.0
WSM,NY.GDP.MKTP.CD,2024,1175749785.65113
WSM,NY.GDP.MKTP.CD,2023,1044909500.02527
WSM,NY.GDP.MKTP.CD,2022,889554711.842341
WSM,NY.GDP.MKTP.CD,2021,859724936.05765
WSM,NY.GDP.MKTP.CD,2020,868884902.953089
WSM,NY.GDP.MKTP.CD,2019,912950466.064906
WSM,NY.GDP.MKTP.CD,2018,878448433.404342
WSM,NY.GDP.MKTP.CD,2017,884844384.463214
WSM,NY.GDP.MKTP.CD,2016,843924796.697421
WSM,NY.GDP.MKTP.CD,2015,824150498.653536
WSM,NY.GDP.MKTP.CD,2014,796683519.593842
WSM,NY.GDP.MKTP.CD,2013,797736334.281305
WSM,NY.GDP.MKTP.CD,2012,773141661.165548
WSM,NY.GDP.MKTP.CD,2011,744097050.169115
WSM,NY.GDP.MKTP.CD,2010,680260907.153983
WSM,NY.GDP.MKTP.CD,2009,628006115.424052
WSM,NY.GDP.MKTP.CD,2008,641346191.664776
WSM,NY.GDP.MKTP.CD,2007,573548459.833372
WSM,NY.GDP.MKTP.CD,2006,499923757.780736
WSM,NY.GDP.MKTP.CD,2005,476801793.159429
WSM,NY.GDP.MKTP.CD,2004,407747565.096959
WSM,NY.GDP.MKTP.CD,2003,333426188.41876
WSM,NY.GDP.MKTP.CD,2002,281790134.211972
WSM,NY.GDP.MKTP.CD,2001,266299591.479428
WSM,NY.GDP.MKTP.CD,2000,258856139.798489
WSM,NY.GDP.MKTP.CD,1999,255408060.259486
WSM,NY.GDP.MKTP.CD,1998,269485244.15511
WSM,NY.GDP.MKTP.CD,1997,285475591.89651
WSM,NY.GDP.MKTP.CD,1996,249907868.772424
WSM,NY.GDP.MKTP.CD,1995,224865731.381903
WSM,NY.GDP.MKTP.CD,1994,221098106.508876
WSM,NY.GDP.MKTP.CD,1993,133122897.196262
WSM,NY.GDP.MKTP.CD,1992,132303041.36253
WSM,NY.GDP.MKTP.CD,1991,125597205.422315
WSM,NY.GDP.MKTP.CD,1990,125766269.755358
WSM,NY.GDP.MKTP.CD,1989,122888609.715243
WSM,NY.GDP.MKTP.CD,1988,133016065.416065
WSM,NY.GDP.MKTP.CD,1987,111713922.141578
WSM,NY.GDP.MKTP.CD,1986,100947848.64478
WSM,NY.GDP.MKTP.CD,1985,95572172.9835657
WSM,NY.GDP.MKTP.CD,1984,109200934.328518
WSM,NY.GDP.MKTP.CD,1983,111862823.574979
WSM,NY.GDP.MKTP.CD,1982,121221651.619316
WSM,NY.GDP.MKTP.CD,1981,118190654.675563
WSM,NY.GDP.MKTP.CD,1980,125747037.963668
WSM,NY.GDP.MKTP.CD,1979,122257392.883079
WSM,NY.GDP.MKTP.CD,1978,108223444.248268
WSM,NY.GDP.MKTP.CD,1977,98295671.0342196
WSM,NY.GDP.MKTP.CD,1976,85003077.6967563
WSM,NY.GDP.MKTP.CD,1975,93489282.5537294
WSM,NY.GDP.MKTP.CD,1974,93549610.93343
WSM,NY.GDP.MKTP.CD,1973,82452985.3658537
WSM,NY.GDP.MKTP.CD,1972,62566116.3754812
WSM,NY.GDP.MKTP.CD,1971,53719568.9655172
WSM,NY.GDP.MKTP.CD,1970,45208337.609386
WSM,NY.GDP.MKTP.CD,1969,
WSM,NY.GDP.MKTP.CD,1968,
WSM,NY.GDP.MKTP.CD,1967,
WSM,NY.GDP.MKTP.CD,1966,
WSM,NY.GDP.MKTP.CD,1965,
WSM,NY.GDP.MKTP.CD,1964,
WSM,NY.GDP.MKTP.CD,1963,
WSM,NY.GDP.MKTP.CD,1962,
WSM,NY.GDP.MKTP.CD,1961,
WSM,NY.GDP.MKTP.CD,1960,
SMR,NY.GDP.MKTP.CD,2024,
SMR,NY.GDP.MKTP.CD,2023,2027527227.831
SMR,NY.GDP.MKTP.CD,2022,1829211863.9476
SMR,NY.GDP.MKTP.CD,2021,1855652786.18368
SMR,NY.GDP.MKTP.CD,2020,1541248248.80727
SMR,NY.GDP.MKTP.CD,2019,1616340692.28937
SMR,NY.GDP.MKTP.CD,2018,1655353653.05934
SMR,NY.GDP.MKTP.CD,2017,1528620346.31168
SMR,NY.GDP.MKTP.CD,2016,1468343139.74326
SMR,NY.GDP.MKTP.CD,2015,1419401070.56043
SMR,NY.GDP.MKTP.CD,2014,1673911426.17254
SMR,NY.GDP.MKTP.CD,2013,1678741475.14095
SMR,NY.GDP.MKTP.CD,2012,1604701299.43546
SMR,NY.GDP.MKTP.CD,2011,1813717438.69134
SMR,NY.GDP.MKTP.CD,2010,1881191925.32503
SMR,NY.GDP.MKTP.CD,2009,2064277126.41466
SMR,NY.GDP.MKTP.CD,2008,2403213305.03601
SMR,NY.GDP.MKTP.CD,2007,2188654628.38097
SMR,NY.GDP.MKTP.CD,2006,1909765165.43137
SMR,NY.GDP.MKTP.CD,2005,1786514058.22344
SMR,NY.GDP.MKTP.CD,2004,1715340542.988
SMR,NY.GDP.MKTP.CD,2003,1462590266.59186
SMR,NY.GDP.MKTP.CD,2002,1148872072.38556
SMR,NY.GDP.MKTP.CD,2001,1059529812.37456
SMR,NY.GDP.MKTP.CD,2000,1007661366.66959
SMR,NY.GDP.MKTP.CD,1999,1109473367.84318
SMR,NY.GDP.MKTP.CD,1998,1048316225.70471
SMR,NY.GDP.MKTP.CD,1997,976606910.602381
SMR,NY.GDP.MKTP.CD,1996,
SMR,NY.GDP.MKTP.CD,1995,
SMR,NY.GDP.MKTP.CD,1994,
SMR,NY.GDP.MKTP.CD,1993,
SMR,NY.GDP.MKTP.CD,1992,
SMR,NY.GDP.MKTP.CD,1991,
SMR,NY.GDP.MKTP.CD,1990,
SMR,NY.GDP.MKTP.CD,1989,
SMR,NY.GDP.MKTP.CD,1988,
SMR,NY.GDP.MKTP.CD,1987,
SMR,NY.GDP.MKTP.CD,1986,
SMR,NY.GDP.MKTP.CD,1985,
SMR,NY.GDP.MKTP.CD,1984,
SMR,NY.GDP.MKTP.CD,1983,
SMR,NY.GDP.MKTP.CD,1982,
SMR,NY.GDP.MKTP.CD,1981,
SMR,NY.GDP.MKTP.CD,1980,
SMR,NY.GDP.MKTP.CD,1979,
SMR,NY.GDP.MKTP.CD,1978,
SMR,NY.GDP.MKTP.CD,1977,
SMR,NY.GDP.MKTP.CD,1976,
SMR,NY.GDP.MKTP.CD,1975,
SMR,NY.GDP.MKTP.CD,1974,
SMR,NY.GDP.MKTP.CD,1973,
SMR,NY.GDP.MKTP.CD,1972,
SMR,NY.GDP.MKTP.CD,1971,
SMR,NY.GDP.MKTP.CD,1970,
SMR,NY.GDP.MKTP.CD,1969,
SMR,NY.GDP.MKTP.CD,1968,
SMR,NY.GDP.MKTP.CD,1967,
SMR,NY.GDP.MKTP.CD,1966,
SMR,NY.GDP.MKTP.CD,1965,
SMR,NY.GDP.MKTP.CD,1964,
SMR,NY.GDP.MKTP.CD,1963,
SMR,NY.GDP.MKTP.CD,1962,
SMR,NY.GDP.MKTP.CD,1961,
SMR,NY.GDP.MKTP.CD,1960,
STP,NY.GDP.MKTP.CD,2024,822154621.088897
STP,NY.GDP.MKTP.CD,2023,690456806.696406
STP,NY.GDP.MKTP.CD,2022,540809499.189348
STP,NY.GDP.MKTP.CD,2021,524402455.54816
STP,NY.GDP.MKTP.CD,2020,471229484.607144
STP,NY.GDP.MKTP.CD,2019,412976082.620705
STP,NY.GDP.MKTP.CD,2018,383717327.830508
STP,NY.GDP.MKTP.CD,2017,322002845.229335
STP,NY.GDP.MKTP.CD,2016,292267272.196925
STP,NY.GDP.MKTP.CD,2015,259999643.047388
STP,NY.GDP.MKTP.CD,2014,293119143.246825
STP,NY.GDP.MKTP.CD,2013,267041747.584354
STP,NY.GDP.MKTP.CD,2012,225815131.929273
STP,NY.GDP.MKTP.CD,2011,226455001.243083
STP,NY.GDP.MKTP.CD,2010,190021192.489536
STP,NY.GDP.MKTP.CD,2009,200668065.03175
STP,NY.GDP.MKTP.CD,2008,188021165.00338
STP,NY.GDP.MKTP.CD,2007,149146918.888611
STP,NY.GDP.MKTP.CD,2006,142775104.081626
STP,NY.GDP.MKTP.CD,2005,136450662.390592
STP,NY.GDP.MKTP.CD,2004,114582283.916382
STP,NY.GDP.MKTP.CD,2003,102085769.123419
STP,NY.GDP.MKTP.CD,2002,85171073.8777498
STP,NY.GDP.MKTP.CD,2001,75951133.3777948
STP,NY.GDP.MKTP.CD,2000,76198394.8202671
STP,NY.GDP.MKTP.CD,1999,77302211.9248351
STP,NY.GDP.MKTP.CD,1998,72285403.8423458
STP,NY.GDP.MKTP.CD,1997,91920274.2401657
STP,NY.GDP.MKTP.CD,1996,135188165.74708
STP,NY.GDP.MKTP.CD,1995,103695236.781001
STP,NY.GDP.MKTP.CD,1994,131338414.584209
STP,NY.GDP.MKTP.CD,1993,125742228.756741
STP,NY.GDP.MKTP.CD,1992,94861780.6228352
STP,NY.GDP.MKTP.CD,1991,107484142.71556
STP,NY.GDP.MKTP.CD,1990,119297932.757045
STP,NY.GDP.MKTP.CD,1989,98545367.0431211
STP,NY.GDP.MKTP.CD,1988,99000764.3902251
STP,NY.GDP.MKTP.CD,1987,115952925.468271
STP,NY.GDP.MKTP.CD,1986,115928906.745482
STP,NY.GDP.MKTP.CD,1985,82733069.4418031
STP,NY.GDP.MKTP.CD,1984,78213795.9250336
STP,NY.GDP.MKTP.CD,1983,75110289.1832665
STP,NY.GDP.MKTP.CD,1982,80307762.6236105
STP,NY.GDP.MKTP.CD,1981,83499263.5007481
STP,NY.GDP.MKTP.CD,1980,81662231.0329968
STP,NY.GDP.MKTP.CD,1979,65755928.1359723
STP,NY.GDP.MKTP.CD,1978,55044562.8014217
STP,NY.GDP.MKTP.CD,1977,49207692.3210324
STP,NY.GDP.MKTP.CD,1976,52039421.1975774
STP,NY.GDP.MKTP.CD,1975,60101709.8452627
STP,NY.GDP.MKTP.CD,1974,57817591.4570048
STP,NY.GDP.MKTP.CD,1973,56011244.7398414
STP,NY.GDP.MKTP.CD,1972,41430256.8067496
STP,NY.GDP.MKTP.CD,1971,37288845.210287
STP,NY.GDP.MKTP.CD,1970,37211826.0869565
STP,NY.GDP.MKTP.CD,1969,
STP,NY.GDP.MKTP.CD,1968,
STP,NY.GDP.MKTP.CD,1967,
STP,NY.GDP.MKTP.CD,1966,
STP,NY.GDP.MKTP.CD,1965,
STP,NY.GDP.MKTP.CD,1964,
STP,NY.GDP.MKTP.CD,1963,
STP,NY.GDP.MKTP.CD,1962,
STP,NY.GDP.MKTP.CD,1961,
STP,NY.GDP.MKTP.CD,1960,
SAU,NY.GDP.MKTP.CD,2024,1239804533333.33
SAU,NY.GDP.MKTP.CD,2023,1218584533333.33
SAU,NY.GDP.MKTP.CD,2022,1239075200000.0
SAU,NY.GDP.MKTP.CD,2021,982661066666.667
SAU,NY.GDP.MKTP.CD,2020,767951200000.0
SAU,NY.GDP.MKTP.CD,2019,888890133333.333
SAU,NY.GDP.MKTP.CD,2018,886564800000.0
SAU,NY.GDP.MKTP.CD,2017,741266133333.333
SAU,NY.GDP.MKTP.CD,2016,689279466666.667
SAU,NY.GDP.MKTP.CD,2015,693414400000.0
SAU,NY.GDP.MKTP.CD,2014,787153066666.667
SAU,NY.GDP.MKTP.CD,2013,769755733333.333
SAU,NY.GDP.MKTP.CD,2012,751921333333.333
SAU,NY.GDP.MKTP.CD,2011,680660800000.0
SAU,NY.GDP.MKTP.CD,2010,528207466666.667
SAU,NY.GDP.MKTP.CD,2009,429097866666.667
SAU,NY.GDP.MKTP.CD,2008,519796800000.0
SAU,NY.GDP.MKTP.CD,2007,415964509673.115
SAU,NY.GDP.MKTP.CD,2006,376900133511.348
SAU,NY.GDP.MKTP.CD,2005,328459608764.111
SAU,NY.GDP.MKTP.CD,2004,258742133333.333
SAU,NY.GDP.MKTP.CD,2003,215807733333.333
SAU,NY.GDP.MKTP.CD,2002,189605866666.667
SAU,NY.GDP.MKTP.CD,2001,184137600000.0
SAU,NY.GDP.MKTP.CD,2000,189514933333.333
SAU,NY.GDP.MKTP.CD,1999,161717066666.667
SAU,NY.GDP.MKTP.CD,1998,146775466666.667
SAU,NY.GDP.MKTP.CD,1997,165963684913.218
SAU,NY.GDP.MKTP.CD,1996,158662483311.081
SAU,NY.GDP.MKTP.CD,1995,143343124165.554
SAU,NY.GDP.MKTP.CD,1994,135174899866.489
SAU,NY.GDP.MKTP.CD,1993,132967957276.368
SAU,NY.GDP.MKTP.CD,1992,137087850467.29
SAU,NY.GDP.MKTP.CD,1991,132223230974.633
SAU,NY.GDP.MKTP.CD,1990,117630173564.753
SAU,NY.GDP.MKTP.CD,1989,95344459279.0387
SAU,NY.GDP.MKTP.CD,1988,88256074766.3551
SAU,NY.GDP.MKTP.CD,1987,85695861148.1976
SAU,NY.GDP.MKTP.CD,1986,86961922765.3254
SAU,NY.GDP.MKTP.CD,1985,103897846493.65
SAU,NY.GDP.MKTP.CD,1984,119624858115.778
SAU,NY.GDP.MKTP.CD,1983,129171635311.143
SAU,NY.GDP.MKTP.CD,1982,153240313858.323
SAU,NY.GDP.MKTP.CD,1981,184291360138.69
SAU,NY.GDP.MKTP.CD,1980,164539660725.118
SAU,NY.GDP.MKTP.CD,1979,111858444786.224
SAU,NY.GDP.MKTP.CD,1978,80266516686.5614
SAU,NY.GDP.MKTP.CD,1977,74188986586.0629
SAU,NY.GDP.MKTP.CD,1976,64005665722.3796
SAU,NY.GDP.MKTP.CD,1975,46773208642.6814
SAU,NY.GDP.MKTP.CD,1974,45412957746.4789
SAU,NY.GDP.MKTP.CD,1973,14947435499.323
SAU,NY.GDP.MKTP.CD,1972,9664267086.60323
SAU,NY.GDP.MKTP.CD,1971,7184806909.28939
SAU,NY.GDP.MKTP.CD,1970,5377333333.33333
SAU,NY.GDP.MKTP.CD,1969,4485777644.44444
SAU,NY.GDP.MKTP.CD,1968,4187777711.11111
SAU,NY.GDP.MKTP.CD,1967,3257022222.66667
SAU,NY.GDP.MKTP.CD,1966,2920555557.11111
SAU,NY.GDP.MKTP.CD,1965,2647955557.55556
SAU,NY.GDP.MKTP.CD,1964,2371808712.88889
SAU,NY.GDP.MKTP.CD,1963,2207393171.55556
SAU,NY.GDP.MKTP.CD,1962,2130606531.77778
SAU,NY.GDP.MKTP.CD,1961,1920811284.22222
SAU,NY.GDP.MKTP.CD,1960,1748124063.55556
SEN,NY.GDP.MKTP.CD,2024,32808056600.9436
SEN,NY.GDP.MKTP.CD,2023,30696331295.7826
SEN,NY.GDP.MKTP.CD,2022,27783332222.6759
SEN,NY.GDP.MKTP.CD,2021,27520784129.7508
SEN,NY.GDP.MKTP.CD,2020,24530513037.7518
SEN,NY.GDP.MKTP.CD,2019,23403995992.1354
SEN,NY.GDP.MKTP.CD,2018,23116701556.1381
SEN,NY.GDP.MKTP.CD,2017,20996562943.5979
SEN,NY.GDP.MKTP.CD,2016,19040312333.1864
SEN,NY.GDP.MKTP.CD,2015,17774766696.1759
SEN,NY.GDP.MKTP.CD,2014,19797253440.2679
SEN,NY.GDP.MKTP.CD,2013,18918667724.8817
SEN,NY.GDP.MKTP.CD,2012,17660870411.5235
SEN,NY.GDP.MKTP.CD,2011,17814283639.3119
SEN,NY.GDP.MKTP.CD,2010,16121315909.0758
SEN,NY.GDP.MKTP.CD,2009,16145867494.9405
SEN,NY.GDP.MKTP.CD,2008,16853989627.548
SEN,NY.GDP.MKTP.CD,2007,13994218412.9619
SEN,NY.GDP.MKTP.CD,2006,11697918243.0035
SEN,NY.GDP.MKTP.CD,2005,11009033437.939
SEN,NY.GDP.MKTP.CD,2004,10076816666.6196
SEN,NY.GDP.MKTP.CD,2003,8768721563.18211
SEN,NY.GDP.MKTP.CD,2002,7006402319.75856
SEN,NY.GDP.MKTP.CD,2001,6507824829.26254
SEN,NY.GDP.MKTP.CD,2000,6013185003.97525
SEN,NY.GDP.MKTP.CD,1999,6592834932.80876
SEN,NY.GDP.MKTP.CD,1998,6505607909.05324
SEN,NY.GDP.MKTP.CD,1997,6041478725.90443
SEN,NY.GDP.MKTP.CD,1996,6559712165.96508
SEN,NY.GDP.MKTP.CD,1995,6326342633.4034
SEN,NY.GDP.MKTP.CD,1994,5034588195.55806
SEN,NY.GDP.MKTP.CD,1993,7367986241.21869
SEN,NY.GDP.MKTP.CD,1992,7769817839.95644
SEN,NY.GDP.MKTP.CD,1991,7255210469.51743
SEN,NY.GDP.MKTP.CD,1990,7390967360.42121
SEN,NY.GDP.MKTP.CD,1989,6366039372.53683
SEN,NY.GDP.MKTP.CD,1988,6418419388.63499
SEN,NY.GDP.MKTP.CD,1987,6487353102.81483
SEN,NY.GDP.MKTP.CD,1986,5392093445.51053
SEN,NY.GDP.MKTP.CD,1985,3818944917.56713
SEN,NY.GDP.MKTP.CD,1984,3485165431.71354
SEN,NY.GDP.MKTP.CD,1983,3569356124.93159
SEN,NY.GDP.MKTP.CD,1982,4013951442.67081
SEN,NY.GDP.MKTP.CD,1981,4095892780.58289
SEN,NY.GDP.MKTP.CD,1980,4510108290.69571
SEN,NY.GDP.MKTP.CD,1979,4084877822.91679
SEN,NY.GDP.MKTP.CD,1978,3280354920.8516
SEN,NY.GDP.MKTP.CD,1977,2938046462.7098
SEN,NY.GDP.MKTP.CD,1976,2869777884.45166
SEN,NY.GDP.MKTP.CD,1975,2830388404.8977
SEN,NY.GDP.MKTP.CD,1974,2099325228.95651
SEN,NY.GDP.MKTP.CD,1973,1863398590.4556
SEN,NY.GDP.MKTP.CD,1972,1620857103.53492
SEN,NY.GDP.MKTP.CD,1971,1339549032.83782
SEN,NY.GDP.MKTP.CD,1970,1297407654.92832
SEN,NY.GDP.MKTP.CD,1969,1245234931.43233
SEN,NY.GDP.MKTP.CD,1968,1309384861.92219
SEN,NY.GDP.MKTP.CD,1967,1246480765.97984
SEN,NY.GDP.MKTP.CD,1966,1246908185.96343
SEN,NY.GDP.MKTP.CD,1965,1210058228.17112
SEN,NY.GDP.MKTP.CD,1964,1188930645.34423
SEN,NY.GDP.MKTP.CD,1963,1122139861.67805
SEN,NY.GDP.MKTP.CD,1962,1085475790.59112
SEN,NY.GDP.MKTP.CD,1961,1058975256.97025
SEN,NY.GDP.MKTP.CD,1960,1003692370.46869
SRB,NY.GDP.MKTP.CD,2024,90097765959.1114
SRB,NY.GDP.MKTP.CD,2023,81343999280.0179
SRB,NY.GDP.MKTP.CD,2022,66809895701.2152
SRB,NY.GDP.MKTP.CD,2021,66159884072.5308
SRB,NY.GDP.MKTP.CD,2020,55874017668.998
SRB,NY.GDP.MKTP.CD,2019,53864693664.5568
SRB,NY.GDP.MKTP.CD,2018,52787520248.9242
SRB,NY.GDP.MKTP.CD,2017,45972834713.8077
SRB,NY.GDP.MKTP.CD,2016,42225495909.5633
SRB,NY.GDP.MKTP.CD,2015,41297410634.9586
SRB,NY.GDP.MKTP.CD,2014,49114321280.3466
SRB,NY.GDP.MKTP.CD,2013,50455529604.0696
SRB,NY.GDP.MKTP.CD,2012,45103269969.4112
SRB,NY.GDP.MKTP.CD,2011,51251098408.0924
SRB,NY.GDP.MKTP.CD,2010,43536629233.1424
SRB,NY.GDP.MKTP.CD,2009,46955984409.7271
SRB,NY.GDP.MKTP.CD,2008,54220641201.6474
SRB,NY.GDP.MKTP.CD,2007,44888028946.0854
SRB,NY.GDP.MKTP.CD,2006,33298057361.7412
SRB,NY.GDP.MKTP.CD,2005,28334256180.8801
SRB,NY.GDP.MKTP.CD,2004,26845632341.8075
SRB,NY.GDP.MKTP.CD,2003,23593044417.5086
SRB,NY.GDP.MKTP.CD,2002,17930583571.3055
SRB,NY.GDP.MKTP.CD,2001,13599378661.9952
SRB,NY.GDP.MKTP.CD,2000,7326373882.11044
SRB,NY.GDP.MKTP.CD,1999,20878694850.5767
SRB,NY.GDP.MKTP.CD,1998,21004077441.4802
SRB,NY.GDP.MKTP.CD,1997,27153408994.8074
SRB,NY.GDP.MKTP.CD,1996,23277430167.5978
SRB,NY.GDP.MKTP.CD,1995,17921892655.3672
SRB,NY.GDP.MKTP.CD,1994,
SRB,NY.GDP.MKTP.CD,1993,
SRB,NY.GDP.MKTP.CD,1992,
SRB,NY.GDP.MKTP.CD,1991,
SRB,NY.GDP.MKTP.CD,1990,
SRB,NY.GDP.MKTP.CD,1989,
SRB,NY.GDP.MKTP.CD,1988,
SRB,NY.GDP.MKTP.CD,1987,
SRB,NY.GDP.MKTP.CD,1986,
SRB,NY.GDP.MKTP.CD,1985,
SRB,NY.GDP.MKTP.CD,1984,
SRB,NY.GDP.MKTP.CD,1983,
SRB,NY.GDP.MKTP.CD,1982,
SRB,NY.GDP.MKTP.CD,1981,
SRB,NY.GDP.MKTP.CD,1980,
SRB,NY.GDP.MKTP.CD,1979,
SRB,NY.GDP.MKTP.CD,1978,
SRB,NY.GDP.MKTP.CD,1977,
SRB,NY.GDP.MKTP.CD,1976,
SRB,NY.GDP.MKTP.CD,1975,
SRB,NY.GDP.MKTP.CD,1974,
SRB,NY.GDP.MKTP.CD,1973,
SRB,NY.GDP.MKTP.CD,1972,
SRB,NY.GDP.MKTP.CD,1971,
SRB,NY.GDP.MKTP.CD,1970,
SRB,NY.GDP.MKTP.CD,1969,
SRB,NY.GDP.MKTP.CD,1968,
SRB,NY.GDP.MKTP.CD,1967,
SRB,NY.GDP.MKTP.CD,1966,
SRB,NY.GDP.MKTP.CD,1965,
SRB,NY.GDP.MKTP.CD,1964,
SRB,NY.GDP.MKTP.CD,1963,
SRB,NY.GDP.MKTP.CD,1962,
SRB,NY.GDP.MKTP.CD,1961,
SRB,NY.GDP.MKTP.CD,1960,
SYC,NY.GDP.MKTP.CD,2024,2167239562.46013
SYC,NY.GDP.MKTP.CD,2023,2187379754.66167
SYC,NY.GDP.MKTP.CD,2022,2018346588.73752
SYC,NY.GDP.MKTP.CD,2021,1487173794.80528
SYC,NY.GDP.MKTP.CD,2020,1382551751.56908
SYC,NY.GDP.MKTP.CD,2019,1868690096.73454
SYC,NY.GDP.MKTP.CD,2018,1784313926.76807
SYC,NY.GDP.MKTP.CD,2017,1675370641.01416
SYC,NY.GDP.MKTP.CD,2016,1568513348.14463
SYC,NY.GDP.MKTP.CD,2015,1432403352.12944
SYC,NY.GDP.MKTP.CD,2014,1387577870.08161
SYC,NY.GDP.MKTP.CD,2013,1333160407.38516
SYC,NY.GDP.MKTP.CD,2012,1089407839.19709
SYC,NY.GDP.MKTP.CD,2011,1058918707.26124
SYC,NY.GDP.MKTP.CD,2010,981616542.328454
SYC,NY.GDP.MKTP.CD,2009,850901620.433301
SYC,NY.GDP.MKTP.CD,2008,979597394.293453
SYC,NY.GDP.MKTP.CD,2007,1077308813.82945
SYC,NY.GDP.MKTP.CD,2006,1081441283.31798
SYC,NY.GDP.MKTP.CD,2005,977899381.818182
SYC,NY.GDP.MKTP.CD,2004,893012218.181818
SYC,NY.GDP.MKTP.CD,2003,750847230.099263
SYC,NY.GDP.MKTP.CD,2002,742134837.50919
SYC,NY.GDP.MKTP.CD,2001,662064155.920692
SYC,NY.GDP.MKTP.CD,2000,654212394.27164
SYC,NY.GDP.MKTP.CD,1999,662838614.880674
SYC,NY.GDP.MKTP.CD,1998,647287375.762528
SYC,NY.GDP.MKTP.CD,1997,598966982.350186
SYC,NY.GDP.MKTP.CD,1996,535250347.089479
SYC,NY.GDP.MKTP.CD,1995,540733047.733048
SYC,NY.GDP.MKTP.CD,1994,517570058.151034
SYC,NY.GDP.MKTP.CD,1993,504230620.551871
SYC,NY.GDP.MKTP.CD,1992,461409398.855893
SYC,NY.GDP.MKTP.CD,1991,398307169.860405
SYC,NY.GDP.MKTP.CD,1990,392163560.868669
SYC,NY.GDP.MKTP.CD,1989,324333366.514829
SYC,NY.GDP.MKTP.CD,1988,301985618.085556
SYC,NY.GDP.MKTP.CD,1987,265212956.838633
SYC,NY.GDP.MKTP.CD,1986,221147061.290068
SYC,NY.GDP.MKTP.CD,1985,179691482.72165
SYC,NY.GDP.MKTP.CD,1984,160992920.960262
SYC,NY.GDP.MKTP.CD,1983,156098237.022585
SYC,NY.GDP.MKTP.CD,1982,157211789.714587
SYC,NY.GDP.MKTP.CD,1981,163750728.155916
SYC,NY.GDP.MKTP.CD,1980,156783829.504298
SYC,NY.GDP.MKTP.CD,1979,127261099.223864
SYC,NY.GDP.MKTP.CD,1978,85552365.8005137
SYC,NY.GDP.MKTP.CD,1977,64526401.4638544
SYC,NY.GDP.MKTP.CD,1976,49278981.7550701
SYC,NY.GDP.MKTP.CD,1975,47803145.9480985
SYC,NY.GDP.MKTP.CD,1974,43134496.1645367
SYC,NY.GDP.MKTP.CD,1973,36896280.4764104
SYC,NY.GDP.MKTP.CD,1972,30645122.9204727
SYC,NY.GDP.MKTP.CD,1971,21965950.7711142
SYC,NY.GDP.MKTP.CD,1970,18432031.7030945
SYC,NY.GDP.MKTP.CD,1969,16452028.2974887
SYC,NY.GDP.MKTP.CD,1968,16074027.6473276
SYC,NY.GDP.MKTP.CD,1967,16632032.1339974
SYC,NY.GDP.MKTP.CD,1966,16443033.7082191
SYC,NY.GDP.MKTP.CD,1965,15603031.9862156
SYC,NY.GDP.MKTP.CD,1964,15393031.5557147
SYC,NY.GDP.MKTP.CD,1963,13923028.5422085
SYC,NY.GDP.MKTP.CD,1962,12642025.9161531
SYC,NY.GDP.MKTP.CD,1961,11592023.7636487
SYC,NY.GDP.MKTP.CD,1960,12012024.6246505
SLE,NY.GDP.MKTP.CD,2024,6971127235.3123
SLE,NY.GDP.MKTP.CD,2023,6415852766.73832
SLE,NY.GDP.MKTP.CD,2022,7121125277.52542
SLE,NY.GDP.MKTP.CD,2021,7166931485.49433
SLE,NY.GDP.MKTP.CD,2020,6688307703.1447
SLE,NY.GDP.MKTP.CD,2019,6523577594.29408
SLE,NY.GDP.MKTP.CD,2018,6390514688.52816
SLE,NY.GDP.MKTP.CD,2017,5749846528.48046
SLE,NY.GDP.MKTP.CD,2016,6084297211.10217
SLE,NY.GDP.MKTP.CD,2015,6788352974.78329
SLE,NY.GDP.MKTP.CD,2014,7686138790.90872
SLE,NY.GDP.MKTP.CD,2013,7502762862.72657
SLE,NY.GDP.MKTP.CD,2012,6141666509.36295
SLE,NY.GDP.MKTP.CD,2011,4861632884.67985
SLE,NY.GDP.MKTP.CD,2010,4262805966.78755
SLE,NY.GDP.MKTP.CD,2009,3953403098.37107
SLE,NY.GDP.MKTP.CD,2008,4157895298.19572
SLE,NY.GDP.MKTP.CD,2007,3632957611.35152
SLE,NY.GDP.MKTP.CD,2006,3263697466.73514
SLE,NY.GDP.MKTP.CD,2005,2545275312.60512
SLE,NY.GDP.MKTP.CD,2004,2237350687.46606
SLE,NY.GDP.MKTP.CD,2003,2142618045.93129
SLE,NY.GDP.MKTP.CD,2002,1933863910.73227
SLE,NY.GDP.MKTP.CD,2001,1681473893.76655
SLE,NY.GDP.MKTP.CD,2000,635866403.776065
SLE,NY.GDP.MKTP.CD,1999,669386623.951402
SLE,NY.GDP.MKTP.CD,1998,672368187.114756
SLE,NY.GDP.MKTP.CD,1997,850232760.017239
SLE,NY.GDP.MKTP.CD,1996,941709422.502965
SLE,NY.GDP.MKTP.CD,1995,870740291.519248
SLE,NY.GDP.MKTP.CD,1994,911853802.365613
SLE,NY.GDP.MKTP.CD,1993,768867882.965994
SLE,NY.GDP.MKTP.CD,1992,679940813.948366
SLE,NY.GDP.MKTP.CD,1991,779981987.10656
SLE,NY.GDP.MKTP.CD,1990,649644097.566129
SLE,NY.GDP.MKTP.CD,1989,932974420.276529
SLE,NY.GDP.MKTP.CD,1988,1055083933.07498
SLE,NY.GDP.MKTP.CD,1987,660106336.104339
SLE,NY.GDP.MKTP.CD,1986,490181456.62441
SLE,NY.GDP.MKTP.CD,1985,856890459.363958
SLE,NY.GDP.MKTP.CD,1984,1087471861.98928
SLE,NY.GDP.MKTP.CD,1983,995104305.347075
SLE,NY.GDP.MKTP.CD,1982,1295361885.92419
SLE,NY.GDP.MKTP.CD,1981,1114830471.91787
SLE,NY.GDP.MKTP.CD,1980,1100685844.92284
SLE,NY.GDP.MKTP.CD,1979,1109374911.30306
SLE,NY.GDP.MKTP.CD,1978,960728338.93643
SLE,NY.GDP.MKTP.CD,1977,691777583.951156
SLE,NY.GDP.MKTP.CD,1976,594895941.914381
SLE,NY.GDP.MKTP.CD,1975,679336343.584559
SLE,NY.GDP.MKTP.CD,1974,648590642.939889
SLE,NY.GDP.MKTP.CD,1973,575230724.377773
SLE,NY.GDP.MKTP.CD,1972,465381339.740404
SLE,NY.GDP.MKTP.CD,1971,419549304.72479
SLE,NY.GDP.MKTP.CD,1970,434410973.76439
SLE,NY.GDP.MKTP.CD,1969,408690163.476065
SLE,NY.GDP.MKTP.CD,1968,329859731.943893
SLE,NY.GDP.MKTP.CD,1967,348795303.000385
SLE,NY.GDP.MKTP.CD,1966,375479849.80806
SLE,NY.GDP.MKTP.CD,1965,359379856.248058
SLE,NY.GDP.MKTP.CD,1964,371847461.441278
SLE,NY.GDP.MKTP.CD,1963,348547278.787707
SLE,NY.GDP.MKTP.CD,1962,342721416.490967
SLE,NY.GDP.MKTP.CD,1961,327834190.577094
SLE,NY.GDP.MKTP.CD,1960,322009961.547048
SGP,NY.GDP.MKTP.CD,2024,547386645891.847
SGP,NY.GDP.MKTP.CD,2023,505439514078.019
SGP,NY.GDP.MKTP.CD,2022,509017841146.557
SGP,NY.GDP.MKTP.CD,2021,436591382250.464
SGP,NY.GDP.MKTP.CD,2020,349165858544.568
SGP,NY.GDP.MKTP.CD,2019,376161998830.048
SGP,NY.GDP.MKTP.CD,2018,377123710560.614
SGP,NY.GDP.MKTP.CD,2017,343673334902.33
SGP,NY.GDP.MKTP.CD,2016,319646468521.497
SGP,NY.GDP.MKTP.CD,2015,307998545269.398
SGP,NY.GDP.MKTP.CD,2014,314863580758.455
SGP,NY.GDP.MKTP.CD,2013,307576360584.992
SGP,NY.GDP.MKTP.CD,2012,295092888076.589
SGP,NY.GDP.MKTP.CD,2011,279356499090.458
SGP,NY.GDP.MKTP.CD,2010,239807980591.24
SGP,NY.GDP.MKTP.CD,2009,194150283771.566
SGP,NY.GDP.MKTP.CD,2008,193617323539.203
SGP,NY.GDP.MKTP.CD,2007,180941701357.97
SGP,NY.GDP.MKTP.CD,2006,148627286361.351
SGP,NY.GDP.MKTP.CD,2005,127807848728.398
SGP,NY.GDP.MKTP.CD,2004,115033593101.049
SGP,NY.GDP.MKTP.CD,2003,97646401095.6369
SGP,NY.GDP.MKTP.CD,2002,92538372869.6942
SGP,NY.GDP.MKTP.CD,2001,89793790669.6515
SGP,NY.GDP.MKTP.CD,2000,96076539925.7409
SGP,NY.GDP.MKTP.CD,1999,86286849754.8905
SGP,NY.GDP.MKTP.CD,1998,85728207781.7785
SGP,NY.GDP.MKTP.CD,1997,100123787215.299
SGP,NY.GDP.MKTP.CD,1996,96293086513.0872
SGP,NY.GDP.MKTP.CD,1995,87812540788.4293
SGP,NY.GDP.MKTP.CD,1994,73688724431.1412
SGP,NY.GDP.MKTP.CD,1993,60603815716.2653
SGP,NY.GDP.MKTP.CD,1992,52131320032.8797
SGP,NY.GDP.MKTP.CD,1991,45466164978.2923
SGP,NY.GDP.MKTP.CD,1990,36144336768.7023
SGP,NY.GDP.MKTP.CD,1989,30465364738.6206
SGP,NY.GDP.MKTP.CD,1988,25371462488.1292
SGP,NY.GDP.MKTP.CD,1987,20919215578.2125
SGP,NY.GDP.MKTP.CD,1986,18586746056.9974
SGP,NY.GDP.MKTP.CD,1985,19156532745.7691
SGP,NY.GDP.MKTP.CD,1984,19749361097.965
SGP,NY.GDP.MKTP.CD,1983,17784112149.5327
SGP,NY.GDP.MKTP.CD,1982,16084252378.473
SGP,NY.GDP.MKTP.CD,1981,14175228843.6391
SGP,NY.GDP.MKTP.CD,1980,11896256782.8566
SGP,NY.GDP.MKTP.CD,1979,9296921723.83465
SGP,NY.GDP.MKTP.CD,1978,7517176354.84135
SGP,NY.GDP.MKTP.CD,1977,6618585073.66035
SGP,NY.GDP.MKTP.CD,1976,6327077974.10703
SGP,NY.GDP.MKTP.CD,1975,5633673929.99302
SGP,NY.GDP.MKTP.CD,1974,5221534955.64418
SGP,NY.GDP.MKTP.CD,1973,3696213333.33333
SGP,NY.GDP.MKTP.CD,1972,2721440980.75851
SGP,NY.GDP.MKTP.CD,1971,2263785443.61688
SGP,NY.GDP.MKTP.CD,1970,1920574150.17542
SGP,NY.GDP.MKTP.CD,1969,1659893767.84419
SGP,NY.GDP.MKTP.CD,1968,1425706091.0356
SGP,NY.GDP.MKTP.CD,1967,1238035815.78586
SGP,NY.GDP.MKTP.CD,1966,1096425608.09089
SGP,NY.GDP.MKTP.CD,1965,974644096.144674
SGP,NY.GDP.MKTP.CD,1964,894153311.424857
SGP,NY.GDP.MKTP.CD,1963,917608012.491752
SGP,NY.GDP.MKTP.CD,1962,826239211.817511
SGP,NY.GDP.MKTP.CD,1961,764629788.123689
SGP,NY.GDP.MKTP.CD,1960,704751700.302494
SXM,NY.GDP.MKTP.CD,2024,1797836665.95136
SXM,NY.GDP.MKTP.CD,2023,1686525953.05006
SXM,NY.GDP.MKTP.CD,2022,1592564639.32961
SXM,NY.GDP.MKTP.CD,2021,1353071061.45251
SXM,NY.GDP.MKTP.CD,2020,1236428100.55866
SXM,NY.GDP.MKTP.CD,2019,1407880446.92737
SXM,NY.GDP.MKTP.CD,2018,1259200446.92737
SXM,NY.GDP.MKTP.CD,2017,1353212122.90503
SXM,NY.GDP.MKTP.CD,2016,1427017206.70391
SXM,NY.GDP.MKTP.CD,2015,1417888715.0838
SXM,NY.GDP.MKTP.CD,2014,1361811508.37989
SXM,NY.GDP.MKTP.CD,2013,1022905027.93296
SXM,NY.GDP.MKTP.CD,2012,985865921.787709
SXM,NY.GDP.MKTP.CD,2011,936089385.47486
SXM,NY.GDP.MKTP.CD,2010,892290502.793296
SXM,NY.GDP.MKTP.CD,2009,854972067.039106
SXM,NY.GDP.MKTP.CD,2008,
SXM,NY.GDP.MKTP.CD,2007,
SXM,NY.GDP.MKTP.CD,2006,
SXM,NY.GDP.MKTP.CD,2005,
SXM,NY.GDP.MKTP.CD,2004,
SXM,NY.GDP.MKTP.CD,2003,
SXM,NY.GDP.MKTP.CD,2002,
SXM,NY.GDP.MKTP.CD,2001,
SXM,NY.GDP.MKTP.CD,2000,
SXM,NY.GDP.MKTP.CD,1999,
SXM,NY.GDP.MKTP.CD,1998,
SXM,NY.GDP.MKTP.CD,1997,
SXM,NY.GDP.MKTP.CD,1996,
SXM,NY.GDP.MKTP.CD,1995,
SXM,NY.GDP.MKTP.CD,1994,
SXM,NY.GDP.MKTP.CD,1993,
SXM,NY.GDP.MKTP.CD,1992,
SXM,NY.GDP.MKTP.CD,1991,
SXM,NY.GDP.MKTP.CD,1990,
SXM,NY.GDP.MKTP.CD,1989,
SXM,NY.GDP.MKTP.CD,1988,
SXM,NY.GDP.MKTP.CD,1987,
SXM,NY.GDP.MKTP.CD,1986,
SXM,NY.GDP.MKTP.CD,1985,
SXM,NY.GDP.MKTP.CD,1984,
SXM,NY.GDP.MKTP.CD,1983,
SXM,NY.GDP.MKTP.CD,1982,
SXM,NY.GDP.MKTP.CD,1981,
SXM,NY.GDP.MKTP.CD,1980,
SXM,NY.GDP.MKTP.CD,1979,
SXM,NY.GDP.MKTP.CD,1978,
SXM,NY.GDP.MKTP.CD,1977,
SXM,NY.GDP.MKTP.CD,1976,
SXM,NY.GDP.MKTP.CD,1975,
SXM,NY.GDP.MKTP.CD,1974,
SXM,NY.GDP.MKTP.CD,1973,
SXM,NY.GDP.MKTP.CD,1972,
SXM,NY.GDP.MKTP.CD,1971,
SXM,NY.GDP.MKTP.CD,1970,
SXM,NY.GDP.MKTP.CD,1969,
SXM,NY.GDP.MKTP.CD,1968,
SXM,NY.GDP.MKTP.CD,1967,
SXM,NY.GDP.MKTP.CD,1966,
SXM,NY.GDP.MKTP.CD,1965,
SXM,NY.GDP.MKTP.CD,1964,
SXM,NY.GDP.MKTP.CD,1963,
SXM,NY.GDP.MKTP.CD,1962,
SXM,NY.GDP.MKTP.CD,1961,
SXM,NY.GDP.MKTP.CD,1960,
SVK,NY.GDP.MKTP.CD,2024,140934076532.375
SVK,NY.GDP.MKTP.CD,2023,133578518423.544
SVK,NY.GDP.MKTP.CD,2022,115792972358.209
SVK,NY.GDP.MKTP.CD,2021,120511265913.343
SVK,NY.GDP.MKTP.CD,2020,107732602896.441
SVK,NY.GDP.MKTP.CD,2019,105843498304.094
SVK,NY.GDP.MKTP.CD,2018,106611673364.837
SVK,NY.GDP.MKTP.CD,2017,95978130734.9766
SVK,NY.GDP.MKTP.CD,2016,90347173228.6356
SVK,NY.GDP.MKTP.CD,2015,89178548717.3324
SVK,NY.GDP.MKTP.CD,2014,101713075598.862
SVK,NY.GDP.MKTP.CD,2013,99134277850.3418
SVK,NY.GDP.MKTP.CD,2012,94724394278.052
SVK,NY.GDP.MKTP.CD,2011,99705104723.4341
SVK,NY.GDP.MKTP.CD,2010,91112160800.7668
SVK,NY.GDP.MKTP.CD,2009,89342984697.5246
SVK,NY.GDP.MKTP.CD,2008,100830060552.902
SVK,NY.GDP.MKTP.CD,2007,86587749517.9724
SVK,NY.GDP.MKTP.CD,2006,70751813442.9881
SVK,NY.GDP.MKTP.CD,2005,62547753148.4638
SVK,NY.GDP.MKTP.CD,2004,57215475076.2986
SVK,NY.GDP.MKTP.CD,2003,46616149116.7411
SVK,NY.GDP.MKTP.CD,2002,35243658398.7546
SVK,NY.GDP.MKTP.CD,2001,30726659550.9717
SVK,NY.GDP.MKTP.CD,2000,29215726004.7765
SVK,NY.GDP.MKTP.CD,1999,30496272225.1337
SVK,NY.GDP.MKTP.CD,1998,29976207629.4888
SVK,NY.GDP.MKTP.CD,1997,27844628979.2682
SVK,NY.GDP.MKTP.CD,1996,28197790874.5247
SVK,NY.GDP.MKTP.CD,1995,26180022222.2222
SVK,NY.GDP.MKTP.CD,1994,20428139755.6056
SVK,NY.GDP.MKTP.CD,1993,16737973764.3476
SVK,NY.GDP.MKTP.CD,1992,15699327209.2121
SVK,NY.GDP.MKTP.CD,1991,14459924588.948
SVK,NY.GDP.MKTP.CD,1990,12915046978.1615
SVK,NY.GDP.MKTP.CD,1989,
SVK,NY.GDP.MKTP.CD,1988,
SVK,NY.GDP.MKTP.CD,1987,
SVK,NY.GDP.MKTP.CD,1986,
SVK,NY.GDP.MKTP.CD,1985,
SVK,NY.GDP.MKTP.CD,1984,
SVK,NY.GDP.MKTP.CD,1983,
SVK,NY.GDP.MKTP.CD,1982,
SVK,NY.GDP.MKTP.CD,1981,
SVK,NY.GDP.MKTP.CD,1980,
SVK,NY.GDP.MKTP.CD,1979,
SVK,NY.GDP.MKTP.CD,1978,
SVK,NY.GDP.MKTP.CD,1977,
SVK,NY.GDP.MKTP.CD,1976,
SVK,NY.GDP.MKTP.CD,1975,
SVK,NY.GDP.MKTP.CD,1974,
SVK,NY.GDP.MKTP.CD,1973,
SVK,NY.GDP.MKTP.CD,1972,
SVK,NY.GDP.MKTP.CD,1971,
SVK,NY.GDP.MKTP.CD,1970,
SVK,NY.GDP.MKTP.CD,1969,
SVK,NY.GDP.MKTP.CD,1968,
SVK,NY.GDP.MKTP.CD,1967,
SVK,NY.GDP.MKTP.CD,1966,
SVK,NY.GDP.MKTP.CD,1965,
SVK,NY.GDP.MKTP.CD,1964,
SVK,NY.GDP.MKTP.CD,1963,
SVK,NY.GDP.MKTP.CD,1962,
SVK,NY.GDP.MKTP.CD,1961,
SVK,NY.GDP.MKTP.CD,1960,
SVN,NY.GDP.MKTP.CD,2024,72972015197.3859
SVN,NY.GDP.MKTP.CD,2023,69255264238.3855
SVN,NY.GDP.MKTP.CD,2022,59899117741.0022
SVN,NY.GDP.MKTP.CD,2021,61540813361.8556
SVN,NY.GDP.MKTP.CD,2020,53384760135.1581
SVN,NY.GDP.MKTP.CD,2019,53909922735.545
SVN,NY.GDP.MKTP.CD,2018,53689067639.9176
SVN,NY.GDP.MKTP.CD,2017,48153200134.6613
SVN,NY.GDP.MKTP.CD,2016,44290685824.0682
SVN,NY.GDP.MKTP.CD,2015,42709468274.8137
SVN,NY.GDP.MKTP.CD,2014,49514466379.6057
SVN,NY.GDP.MKTP.CD,2013,47867056858.8892
SVN,NY.GDP.MKTP.CD,2012,46167053954.3367
SVN,NY.GDP.MKTP.CD,2011,51199194599.3094
SVN,NY.GDP.MKTP.CD,2010,47793117240.9001
SVN,NY.GDP.MKTP.CD,2009,49975540954.8465
SVN,NY.GDP.MKTP.CD,2008,55509332322.3578
SVN,NY.GDP.MKTP.CD,2007,47880266542.577
SVN,NY.GDP.MKTP.CD,2006,39260368837.0342
SVN,NY.GDP.MKTP.CD,2005,35947936823.7781
SVN,NY.GDP.MKTP.CD,2004,34156553313.4031
SVN,NY.GDP.MKTP.CD,2003,29360575031.8177
SVN,NY.GDP.MKTP.CD,2002,23214593516.2095
SVN,NY.GDP.MKTP.CD,2001,20668868706.8115
SVN,NY.GDP.MKTP.CD,2000,20159190701.6789
SVN,NY.GDP.MKTP.CD,1999,22609669083.7179
SVN,NY.GDP.MKTP.CD,1998,22058635314.4836
SVN,NY.GDP.MKTP.CD,1997,20726878751.5006
SVN,NY.GDP.MKTP.CD,1996,21470699362.6062
SVN,NY.GDP.MKTP.CD,1995,21367422159.3207
SVN,NY.GDP.MKTP.CD,1994,16400767069.6294
SVN,NY.GDP.MKTP.CD,1993,14449298371.7879
SVN,NY.GDP.MKTP.CD,1992,14277261540.7456
SVN,NY.GDP.MKTP.CD,1991,14454495058.907
SVN,NY.GDP.MKTP.CD,1990,19832029087.1272
SVN,NY.GDP.MKTP.CD,1989,
SVN,NY.GDP.MKTP.CD,1988,
SVN,NY.GDP.MKTP.CD,1987,
SVN,NY.GDP.MKTP.CD,1986,
SVN,NY.GDP.MKTP.CD,1985,
SVN,NY.GDP.MKTP.CD,1984,
SVN,NY.GDP.MKTP.CD,1983,
SVN,NY.GDP.MKTP.CD,1982,
SVN,NY.GDP.MKTP.CD,1981,
SVN,NY.GDP.MKTP.CD,1980,
SVN,NY.GDP.MKTP.CD,1979,
SVN,NY.GDP.MKTP.CD,1978,
SVN,NY.GDP.MKTP.CD,1977,
SVN,NY.GDP.MKTP.CD,1976,
SVN,NY.GDP.MKTP.CD,1975,
SVN,NY.GDP.MKTP.CD,1974,
SVN,NY.GDP.MKTP.CD,1973,
SVN,NY.GDP.MKTP.CD,1972,
SVN,NY.GDP.MKTP.CD,1971,
SVN,NY.GDP.MKTP.CD,1970,
SVN,NY.GDP.MKTP.CD,1969,
SVN,NY.GDP.MKTP.CD,1968,
SVN,NY.GDP.MKTP.CD,1967,
SVN,NY.GDP.MKTP.CD,1966,
SVN,NY.GDP.MKTP.CD,1965,
SVN,NY.GDP.MKTP.CD,1964,
SVN,NY.GDP.MKTP.CD,1963,
SVN,NY.GDP.MKTP.CD,1962,
SVN,NY.GDP.MKTP.CD,1961,
SVN,NY.GDP.MKTP.CD,1960,
SLB,NY.GDP.MKTP.CD,2024,1583964703.75061
SLB,NY.GDP.MKTP.CD,2023,1506124566.40404
SLB,NY.GDP.MKTP.CD,2022,1466670929.62333
SLB,NY.GDP.MKTP.CD,2021,1558312103.84225
SLB,NY.GDP.MKTP.CD,2020,1536143427.82958
SLB,NY.GDP.MKTP.CD,2019,1619150563.92084
SLB,NY.GDP.MKTP.CD,2018,1615473250.25259
SLB,NY.GDP.MKTP.CD,2017,1469790526.3972
SLB,NY.GDP.MKTP.CD,2016,1379486290.71433
SLB,NY.GDP.MKTP.CD,2015,1307908813.59962
SLB,NY.GDP.MKTP.CD,2014,1335576762.84974
SLB,NY.GDP.MKTP.CD,2013,1285905957.64116
SLB,NY.GDP.MKTP.CD,2012,1185217634.37393
SLB,NY.GDP.MKTP.CD,2011,1063898226.71892
SLB,NY.GDP.MKTP.CD,2010,898128551.289162
SLB,NY.GDP.MKTP.CD,2009,805557289.459198
SLB,NY.GDP.MKTP.CD,2008,776335523.470373
SLB,NY.GDP.MKTP.CD,2007,695291217.982227
SLB,NY.GDP.MKTP.CD,2006,617257457.758489
SLB,NY.GDP.MKTP.CD,2005,552881356.697517
SLB,NY.GDP.MKTP.CD,2004,468000121.313434
SLB,NY.GDP.MKTP.CD,2003,417666638.600021
SLB,NY.GDP.MKTP.CD,2002,346406738.885237
SLB,NY.GDP.MKTP.CD,2001,409508552.979972
SLB,NY.GDP.MKTP.CD,2000,419842674.227652
SLB,NY.GDP.MKTP.CD,1999,488024514.369359
SLB,NY.GDP.MKTP.CD,1998,457579840.225066
SLB,NY.GDP.MKTP.CD,1997,526554005.954357
SLB,NY.GDP.MKTP.CD,1996,510586430.190127
SLB,NY.GDP.MKTP.CD,1995,469443201.503274
SLB,NY.GDP.MKTP.CD,1994,402837005.272596
SLB,NY.GDP.MKTP.CD,1993,300746361.128739
SLB,NY.GDP.MKTP.CD,1992,269034595.812985
SLB,NY.GDP.MKTP.CD,1991,227540473.340087
SLB,NY.GDP.MKTP.CD,1990,214877666.846068
SLB,NY.GDP.MKTP.CD,1989,172882410.578561
SLB,NY.GDP.MKTP.CD,1988,176494394.043362
SLB,NY.GDP.MKTP.CD,1987,155128542.419178
SLB,NY.GDP.MKTP.CD,1986,147620047.660063
SLB,NY.GDP.MKTP.CD,1985,165524943.492123
SLB,NY.GDP.MKTP.CD,1984,181570473.771605
SLB,NY.GDP.MKTP.CD,1983,181220398.969839
SLB,NY.GDP.MKTP.CD,1982,192902018.733318
SLB,NY.GDP.MKTP.CD,1981,193750540.701429
SLB,NY.GDP.MKTP.CD,1980,182852106.523408
SLB,NY.GDP.MKTP.CD,1979,151276496.482533
SLB,NY.GDP.MKTP.CD,1978,111027427.208358
SLB,NY.GDP.MKTP.CD,1977,93145283.3557141
SLB,NY.GDP.MKTP.CD,1976,83100834.307935
SLB,NY.GDP.MKTP.CD,1975,74620320.0295339
SLB,NY.GDP.MKTP.CD,1974,84539332.282562
SLB,NY.GDP.MKTP.CD,1973,55272108.8435374
SLB,NY.GDP.MKTP.CD,1972,40606712.050639
SLB,NY.GDP.MKTP.CD,1971,50056882.8213879
SLB,NY.GDP.MKTP.CD,1970,
SLB,NY.GDP.MKTP.CD,1969,28606411.398041
SLB,NY.GDP.MKTP.CD,1968,28084252.7582748
SLB,NY.GDP.MKTP.CD,1967,25203524.0325638
SLB,NY.GDP.MKTP.CD,1966,
SLB,NY.GDP.MKTP.CD,1965,
SLB,NY.GDP.MKTP.CD,1964,
SLB,NY.GDP.MKTP.CD,1963,
SLB,NY.GDP.MKTP.CD,1962,
SLB,NY.GDP.MKTP.CD,1961,
SLB,NY.GDP.MKTP.CD,1960,
SOM,NY.GDP.MKTP.CD,2024,11967000000.0
SOM,NY.GDP.MKTP.CD,2023,10958000000.0
SOM,NY.GDP.MKTP.CD,2022,10203000000.0
SOM,NY.GDP.MKTP.CD,2021,9483000000.0
SOM,NY.GDP.MKTP.CD,2020,8628000000.0
SOM,NY.GDP.MKTP.CD,2019,8656000000.0
SOM,NY.GDP.MKTP.CD,2018,7873000000.0
SOM,NY.GDP.MKTP.CD,2017,7621501710.0012
SOM,NY.GDP.MKTP.CD,2016,6613743069.99912
SOM,NY.GDP.MKTP.CD,2015,6152149099.99942
SOM,NY.GDP.MKTP.CD,2014,5728399719.99958
SOM,NY.GDP.MKTP.CD,2013,5062881600.00104
SOM,NY.GDP.MKTP.CD,2012,4364670159.99578
SOM,NY.GDP.MKTP.CD,2011,2906000096.93249
SOM,NY.GDP.MKTP.CD,2010,2687807003.73935
SOM,NY.GDP.MKTP.CD,2009,2948594552.44952
SOM,NY.GDP.MKTP.CD,2008,5913620292.90573
SOM,NY.GDP.MKTP.CD,2007,5430713728.89074
SOM,NY.GDP.MKTP.CD,2006,5026743282.04251
SOM,NY.GDP.MKTP.CD,2005,4683246454.10048
SOM,NY.GDP.MKTP.CD,2004,3859592813.10255
SOM,NY.GDP.MKTP.CD,2003,2836724351.5616
SOM,NY.GDP.MKTP.CD,2002,2192684134.59273
SOM,NY.GDP.MKTP.CD,2001,2252847464.68608
SOM,NY.GDP.MKTP.CD,2000,3412797450.20112
SOM,NY.GDP.MKTP.CD,1999,3045751527.66005
SOM,NY.GDP.MKTP.CD,1998,2962047564.41651
SOM,NY.GDP.MKTP.CD,1997,2191749013.58124
SOM,NY.GDP.MKTP.CD,1996,1792234297.39194
SOM,NY.GDP.MKTP.CD,1995,1534756134.55022
SOM,NY.GDP.MKTP.CD,1994,1481205097.98113
SOM,NY.GDP.MKTP.CD,1993,1260132955.78746
SOM,NY.GDP.MKTP.CD,1992,709297578.5
SOM,NY.GDP.MKTP.CD,1991,717974929.763158
SOM,NY.GDP.MKTP.CD,1990,1031282081.16683
SOM,NY.GDP.MKTP.CD,1989,1181360843.93549
SOM,NY.GDP.MKTP.CD,1988,1051596967.1287
SOM,NY.GDP.MKTP.CD,1987,1018972664.4638
SOM,NY.GDP.MKTP.CD,1986,916590786.326105
SOM,NY.GDP.MKTP.CD,1985,875702247.191011
SOM,NY.GDP.MKTP.CD,1984,787434541.728857
SOM,NY.GDP.MKTP.CD,1983,735408641.768548
SOM,NY.GDP.MKTP.CD,1982,774578931.96392
SOM,NY.GDP.MKTP.CD,1981,699302473.050095
SOM,NY.GDP.MKTP.CD,1980,602515548.452104
SOM,NY.GDP.MKTP.CD,1979,589566929.133858
SOM,NY.GDP.MKTP.CD,1978,564571823.20442
SOM,NY.GDP.MKTP.CD,1977,498550724.637681
SOM,NY.GDP.MKTP.CD,1976,871344245.115171
SOM,NY.GDP.MKTP.CD,1975,757015878.792693
SOM,NY.GDP.MKTP.CD,1974,572504035.901509
SOM,NY.GDP.MKTP.CD,1973,483699610.602563
SOM,NY.GDP.MKTP.CD,1972,447883941.190165
SOM,NY.GDP.MKTP.CD,1971,347039445.705569
SOM,NY.GDP.MKTP.CD,1970,347985394.285714
SOM,NY.GDP.MKTP.CD,1969,306357284.571429
SOM,NY.GDP.MKTP.CD,1968,286719885.312046
SOM,NY.GDP.MKTP.CD,1967,271781886.807245
SOM,NY.GDP.MKTP.CD,1966,257375897.049641
SOM,NY.GDP.MKTP.CD,1965,243725898.029641
SOM,NY.GDP.MKTP.CD,1964,229529912.668035
SOM,NY.GDP.MKTP.CD,1963,216145935.941626
SOM,NY.GDP.MKTP.CD,1962,203531927.547229
SOM,NY.GDP.MKTP.CD,1961,191659914.376034
SOM,NY.GDP.MKTP.CD,1960,180459936.776025
ZAF,NY.GDP.MKTP.CD,2024,401144998373.585
ZAF,NY.GDP.MKTP.CD,2023,381440724491.232
ZAF,NY.GDP.MKTP.CD,2022,407596043067.885
ZAF,NY.GDP.MKTP.CD,2021,419986284375.368
ZAF,NY.GDP.MKTP.CD,2020,337974655408.055
ZAF,NY.GDP.MKTP.CD,2019,389330032224.269
ZAF,NY.GDP.MKTP.CD,2018,405260723892.517
ZAF,NY.GDP.MKTP.CD,2017,381448814653.456
ZAF,NY.GDP.MKTP.CD,2016,323585509674.481
ZAF,NY.GDP.MKTP.CD,2015,346709790458.563
ZAF,NY.GDP.MKTP.CD,2014,381198869776.106
ZAF,NY.GDP.MKTP.CD,2013,400886013595.573
ZAF,NY.GDP.MKTP.CD,2012,434400545085.811
ZAF,NY.GDP.MKTP.CD,2011,458199494830.834
ZAF,NY.GDP.MKTP.CD,2010,417363822801.713
ZAF,NY.GDP.MKTP.CD,2009,329754060647.129
ZAF,NY.GDP.MKTP.CD,2008,316131258616.309
ZAF,NY.GDP.MKTP.CD,2007,333077117253.684
ZAF,NY.GDP.MKTP.CD,2006,303858675363.643
ZAF,NY.GDP.MKTP.CD,2005,288867217196.534
ZAF,NY.GDP.MKTP.CD,2004,255806908594.573
ZAF,NY.GDP.MKTP.CD,2003,197018965308.697
ZAF,NY.GDP.MKTP.CD,2002,129087556612.449
ZAF,NY.GDP.MKTP.CD,2001,135429905922.526
ZAF,NY.GDP.MKTP.CD,2000,151752757215.309
ZAF,NY.GDP.MKTP.CD,1999,151516957078.536
ZAF,NY.GDP.MKTP.CD,1998,152982984557.233
ZAF,NY.GDP.MKTP.CD,1997,168978057327.73
ZAF,NY.GDP.MKTP.CD,1996,163234925380.563
ZAF,NY.GDP.MKTP.CD,1995,171735933897.331
ZAF,NY.GDP.MKTP.CD,1994,153512712381.836
ZAF,NY.GDP.MKTP.CD,1993,147194747565.75
ZAF,NY.GDP.MKTP.CD,1992,146956150986.636
ZAF,NY.GDP.MKTP.CD,1991,135203698237.977
ZAF,NY.GDP.MKTP.CD,1990,126048140141.869
ZAF,NY.GDP.MKTP.CD,1989,108055624081.806
ZAF,NY.GDP.MKTP.CD,1988,103976831870.957
ZAF,NY.GDP.MKTP.CD,1987,96535763418.3729
ZAF,NY.GDP.MKTP.CD,1986,73354771399.2627
ZAF,NY.GDP.MKTP.CD,1985,64459376086.6883
ZAF,NY.GDP.MKTP.CD,1984,84870163365.9306
ZAF,NY.GDP.MKTP.CD,1983,96204110941.5672
ZAF,NY.GDP.MKTP.CD,1982,85904057409.3585
ZAF,NY.GDP.MKTP.CD,1981,93141472163.7596
ZAF,NY.GDP.MKTP.CD,1980,89411864402.4272
ZAF,NY.GDP.MKTP.CD,1979,63038658088.9121
ZAF,NY.GDP.MKTP.CD,1978,51607412901.8532
ZAF,NY.GDP.MKTP.CD,1977,45328411332.1028
ZAF,NY.GDP.MKTP.CD,1976,41150460287.6151
ZAF,NY.GDP.MKTP.CD,1975,42906905672.42
ZAF,NY.GDP.MKTP.CD,1974,41389186094.5992
ZAF,NY.GDP.MKTP.CD,1973,33262772008.1446
ZAF,NY.GDP.MKTP.CD,1972,24515919216.8851
ZAF,NY.GDP.MKTP.CD,1971,23411076638.279
ZAF,NY.GDP.MKTP.CD,1970,21218391512.6434
ZAF,NY.GDP.MKTP.CD,1969,19256992297.2031
ZAF,NY.GDP.MKTP.CD,1968,17124793150.0827
ZAF,NY.GDP.MKTP.CD,1967,15821393671.4425
ZAF,NY.GDP.MKTP.CD,1966,14211394315.4423
ZAF,NY.GDP.MKTP.CD,1965,13068994772.4021
ZAF,NY.GDP.MKTP.CD,1964,11955995217.6019
ZAF,NY.GDP.MKTP.CD,1963,10854195658.3217
ZAF,NY.GDP.MKTP.CD,1962,9813996074.40157
ZAF,NY.GDP.MKTP.CD,1961,9225996309.60148
ZAF,NY.GDP.MKTP.CD,1960,8748596500.5614
SSD,NY.GDP.MKTP.CD,2024,
SSD,NY.GDP.MKTP.CD,2023,
SSD,NY.GDP.MKTP.CD,2022,
SSD,NY.GDP.MKTP.CD,2021,
SSD,NY.GDP.MKTP.CD,2020,
SSD,NY.GDP.MKTP.CD,2019,
SSD,NY.GDP.MKTP.CD,2018,
SSD,NY.GDP.MKTP.CD,2017,
SSD,NY.GDP.MKTP.CD,2016,
SSD,NY.GDP.MKTP.CD,2015,11997800760.2242
SSD,NY.GDP.MKTP.CD,2014,13962212847.4576
SSD,NY.GDP.MKTP.CD,2013,18426469016.9492
SSD,NY.GDP.MKTP.CD,2012,11931472169.4915
SSD,NY.GDP.MKTP.CD,2011,14907308932.7534
SSD,NY.GDP.MKTP.CD,2010,14602072410.9506
SSD,NY.GDP.MKTP.CD,2009,12231264525.0671
SSD,NY.GDP.MKTP.CD,2008,14586253383.0632
SSD,NY.GDP.MKTP.CD,2007,
SSD,NY.GDP.MKTP.CD,2006,
SSD,NY.GDP.MKTP.CD,2005,
SSD,NY.GDP.MKTP.CD,2004,
SSD,NY.GDP.MKTP.CD,2003,
SSD,NY.GDP.MKTP.CD,2002,
SSD,NY.GDP.MKTP.CD,2001,
SSD,NY.GDP.MKTP.CD,2000,
SSD,NY.GDP.MKTP.CD,1999,
SSD,NY.GDP.MKTP.CD,1998,
SSD,NY.GDP.MKTP.CD,1997,
SSD,NY.GDP.MKTP.CD,1996,
SSD,NY.GDP.MKTP.CD,1995,
SSD,NY.GDP.MKTP.CD,1994,
SSD,NY.GDP.MKTP.CD,1993,
SSD,NY.GDP.MKTP.CD,1992,
SSD,NY.GDP.MKTP.CD,1991,
SSD,NY.GDP.MKTP.CD,1990,
SSD,NY.GDP.MKTP.CD,1989,
SSD,NY.GDP.MKTP.CD,1988,
SSD,NY.GDP.MKTP.CD,1987,
SSD,NY.GDP.MKTP.CD,1986,
SSD,NY.GDP.MKTP.CD,1985,
SSD,NY.GDP.MKTP.CD,1984,
SSD,NY.GDP.MKTP.CD,1983,
SSD,NY.GDP.MKTP.CD,1982,
SSD,NY.GDP.MKTP.CD,1981,
SSD,NY.GDP.MKTP.CD,1980,
SSD,NY.GDP.MKTP.CD,1979,
SSD,NY.GDP.MKTP.CD,1978,
SSD,NY.GDP.MKTP.CD,1977,
SSD,NY.GDP.MKTP.CD,1976,
SSD,NY.GDP.MKTP.CD,1975,
SSD,NY.GDP.MKTP.CD,1974,
SSD,NY.GDP.MKTP.CD,1973,
SSD,NY.GDP.MKTP.CD,1972,
SSD,NY.GDP.MKTP.CD,1971,
SSD,NY.GDP.MKTP.CD,1970,
SSD,NY.GDP.MKTP.CD,1969,
SSD,NY.GDP.MKTP.CD,1968,
SSD,NY.GDP.MKTP.CD,1967,
SSD,NY.GDP.MKTP.CD,1966,
SSD,NY.GDP.MKTP.CD,1965,
SSD,NY.GDP.MKTP.CD,1964,
SSD,NY.GDP.MKTP.CD,1963,
SSD,NY.GDP.MKTP.CD,1962,
SSD,NY.GDP.MKTP.CD,1961,
SSD,NY.GDP.MKTP.CD,1960,
ESP,NY.GDP.MKTP.CD,2024,1725671652742.19
ESP,NY.GDP.MKTP.CD,2023,1619481980719.64
ESP,NY.GDP.MKTP.CD,2022,1448850658406.62
ESP,NY.GDP.MKTP.CD,2021,1461244901852.69
ESP,NY.GDP.MKTP.CD,2020,1289783836971.21
ESP,NY.GDP.MKTP.CD,2019,1403496387686.27
ESP,NY.GDP.MKTP.CD,2018,1431642809327.06
ESP,NY.GDP.MKTP.CD,2017,1321754088818.83
ESP,NY.GDP.MKTP.CD,2016,1243015667917.12
ESP,NY.GDP.MKTP.CD,2015,1206164777553.12
ESP,NY.GDP.MKTP.CD,2014,1380244561361.96
ESP,NY.GDP.MKTP.CD,2013,1362186923157.65
ESP,NY.GDP.MKTP.CD,2012,1330994811670.31
ESP,NY.GDP.MKTP.CD,2011,1487568659241.25
ESP,NY.GDP.MKTP.CD,2010,1427989078916.67
ESP,NY.GDP.MKTP.CD,2009,1496587590847.66
ESP,NY.GDP.MKTP.CD,2008,1636115447612.5
ESP,NY.GDP.MKTP.CD,2007,1476746276854.51
ESP,NY.GDP.MKTP.CD,2006,1261846683275.29
ESP,NY.GDP.MKTP.CD,2005,1154667551775.88
ESP,NY.GDP.MKTP.CD,2004,1069829382514.67
ESP,NY.GDP.MKTP.CD,2003,907963217057.645
ESP,NY.GDP.MKTP.CD,2002,708938227243.923
ESP,NY.GDP.MKTP.CD,2001,627798682378.741
ESP,NY.GDP.MKTP.CD,2000,598102854756.08
ESP,NY.GDP.MKTP.CD,1999,634394904386.874
ESP,NY.GDP.MKTP.CD,1998,618731484575.12
ESP,NY.GDP.MKTP.CD,1997,589739772727.273
ESP,NY.GDP.MKTP.CD,1996,642251412058.321
ESP,NY.GDP.MKTP.CD,1995,614170002668.802
ESP,NY.GDP.MKTP.CD,1994,530183651720.283
ESP,NY.GDP.MKTP.CD,1993,524700572623.872
ESP,NY.GDP.MKTP.CD,1992,630465353486.104
ESP,NY.GDP.MKTP.CD,1991,576753902321.857
ESP,NY.GDP.MKTP.CD,1990,536175326477.31
ESP,NY.GDP.MKTP.CD,1989,414460794096.978
ESP,NY.GDP.MKTP.CD,1988,375891716897.586
ESP,NY.GDP.MKTP.CD,1987,318520253335.13
ESP,NY.GDP.MKTP.CD,1986,251141555185.933
ESP,NY.GDP.MKTP.CD,1985,180664322896.282
ESP,NY.GDP.MKTP.CD,1984,171979977230.387
ESP,NY.GDP.MKTP.CD,1983,170829074245.94
ESP,NY.GDP.MKTP.CD,1982,195856752991.065
ESP,NY.GDP.MKTP.CD,1981,202663023968.283
ESP,NY.GDP.MKTP.CD,1980,232600556973.776
ESP,NY.GDP.MKTP.CD,1979,214448666336.143
ESP,NY.GDP.MKTP.CD,1978,160484969618.056
ESP,NY.GDP.MKTP.CD,1977,132354665936.473
ESP,NY.GDP.MKTP.CD,1976,118422534195.474
ESP,NY.GDP.MKTP.CD,1975,114695060869.565
ESP,NY.GDP.MKTP.CD,1974,97204522642.0536
ESP,NY.GDP.MKTP.CD,1973,78583355225.5854
ESP,NY.GDP.MKTP.CD,1972,59090176028.993
ESP,NY.GDP.MKTP.CD,1971,46586119760.479
ESP,NY.GDP.MKTP.CD,1970,40963715236.5106
ESP,NY.GDP.MKTP.CD,1969,37090689287.8552
ESP,NY.GDP.MKTP.CD,1968,32394326463.759
ESP,NY.GDP.MKTP.CD,1967,32570905397.2885
ESP,NY.GDP.MKTP.CD,1966,29559436182.9186
ESP,NY.GDP.MKTP.CD,1965,25479619606.5284
ESP,NY.GDP.MKTP.CD,1964,21966876027.2517
ESP,NY.GDP.MKTP.CD,1963,19631714759.6491
ESP,NY.GDP.MKTP.CD,1962,16609632790.5843
ESP,NY.GDP.MKTP.CD,1961,14238126759.7335
ESP,NY.GDP.MKTP.CD,1960,12424514013.7604
LKA,NY.GDP.MKTP.CD,2024,98963185509.6499
LKA,NY.GDP.MKTP.CD,2023,83716142582.1945
LKA,NY.GDP.MKTP.CD,2022,74143020262.8076
LKA,NY.GDP.MKTP.CD,2021,88556698937.7033
LKA,NY.GDP.MKTP.CD,2020,84335574581.5072
LKA,NY.GDP.MKTP.CD,2019,88998706296.5783
LKA,NY.GDP.MKTP.CD,2018,94450015982.8405
LKA,NY.GDP.MKTP.CD,2017,94369350285.5814
LKA,NY.GDP.MKTP.CD,2016,88000211171.5956
LKA,NY.GDP.MKTP.CD,2015,85090301052.0465
LKA,NY.GDP.MKTP.CD,2014,82531125190.5224
LKA,NY.GDP.MKTP.CD,2013,76976203829.4765
LKA,NY.GDP.MKTP.CD,2012,70447217163.7784
LKA,NY.GDP.MKTP.CD,2011,67753285896.6254
LKA,NY.GDP.MKTP.CD,2010,58636049434.1871
LKA,NY.GDP.MKTP.CD,2009,42066224093.0065
LKA,NY.GDP.MKTP.CD,2008,40713826215.0093
LKA,NY.GDP.MKTP.CD,2007,32350238760.4239
LKA,NY.GDP.MKTP.CD,2006,28267410542.5164
LKA,NY.GDP.MKTP.CD,2005,24405791044.7761
LKA,NY.GDP.MKTP.CD,2004,20662525941.2985
LKA,NY.GDP.MKTP.CD,2003,18881765437.2151
LKA,NY.GDP.MKTP.CD,2002,16536535647.0834
LKA,NY.GDP.MKTP.CD,2001,15749753804.8344
LKA,NY.GDP.MKTP.CD,2000,16595882818.6857
LKA,NY.GDP.MKTP.CD,1999,15711933513.2831
LKA,NY.GDP.MKTP.CD,1998,15760736956.1852
LKA,NY.GDP.MKTP.CD,1997,15091913883.7091
LKA,NY.GDP.MKTP.CD,1996,13897738375.2488
LKA,NY.GDP.MKTP.CD,1995,13029697560.9756
LKA,NY.GDP.MKTP.CD,1994,11717604208.8223
LKA,NY.GDP.MKTP.CD,1993,10338679635.7616
LKA,NY.GDP.MKTP.CD,1992,9703011635.86585
LKA,NY.GDP.MKTP.CD,1991,9000362581.58086
LKA,NY.GDP.MKTP.CD,1990,8032551173.24014
LKA,NY.GDP.MKTP.CD,1989,6987267683.77254
LKA,NY.GDP.MKTP.CD,1988,6978371581.26375
LKA,NY.GDP.MKTP.CD,1987,6682167119.56522
LKA,NY.GDP.MKTP.CD,1986,6405210563.88294
LKA,NY.GDP.MKTP.CD,1985,5978460972.01767
LKA,NY.GDP.MKTP.CD,1984,6043474842.76729
LKA,NY.GDP.MKTP.CD,1983,5167913302.16745
LKA,NY.GDP.MKTP.CD,1982,4768765016.81884
LKA,NY.GDP.MKTP.CD,1981,4415844155.84416
LKA,NY.GDP.MKTP.CD,1980,4024621899.57653
LKA,NY.GDP.MKTP.CD,1979,3364611432.24149
LKA,NY.GDP.MKTP.CD,1978,2733183856.50224
LKA,NY.GDP.MKTP.CD,1977,4104509582.86359
LKA,NY.GDP.MKTP.CD,1976,3591319857.31272
LKA,NY.GDP.MKTP.CD,1975,3791298145.50642
LKA,NY.GDP.MKTP.CD,1974,3574586466.16541
LKA,NY.GDP.MKTP.CD,1973,2875625000.0
LKA,NY.GDP.MKTP.CD,1972,2553936348.40871
LKA,NY.GDP.MKTP.CD,1971,2369308600.33727
LKA,NY.GDP.MKTP.CD,1970,2296470588.23529
LKA,NY.GDP.MKTP.CD,1969,1965546218.48739
LKA,NY.GDP.MKTP.CD,1968,1801344537.81513
LKA,NY.GDP.MKTP.CD,1967,1859465020.57613
LKA,NY.GDP.MKTP.CD,1966,1751470588.23529
LKA,NY.GDP.MKTP.CD,1965,1698319327.73109
LKA,NY.GDP.MKTP.CD,1964,1309747899.15966
LKA,NY.GDP.MKTP.CD,1963,1240672268.90756
LKA,NY.GDP.MKTP.CD,1962,1434156378.60082
LKA,NY.GDP.MKTP.CD,1961,1444327731.09244
LKA,NY.GDP.MKTP.CD,1960,1409873949.57983
KNA,NY.GDP.MKTP.CD,2024,1122388888.88889
KNA,NY.GDP.MKTP.CD,2023,1055651851.85185
KNA,NY.GDP.MKTP.CD,2022,981429629.62963
KNA,NY.GDP.MKTP.CD,2021,858622222.222222
KNA,NY.GDP.MKTP.CD,2020,883922222.222222
KNA,NY.GDP.MKTP.CD,2019,1107855555.55556
KNA,NY.GDP.MKTP.CD,2018,1076548148.14815
KNA,NY.GDP.MKTP.CD,2017,1056977777.77778
KNA,NY.GDP.MKTP.CD,2016,1006818518.51852
KNA,NY.GDP.MKTP.CD,2015,957222222.222222
KNA,NY.GDP.MKTP.CD,2014,952111111.111111
KNA,NY.GDP.MKTP.CD,2013,874548148.148148
KNA,NY.GDP.MKTP.CD,2012,824585185.185185
KNA,NY.GDP.MKTP.CD,2011,836092592.592593
KNA,NY.GDP.MKTP.CD,2010,778718518.518518
KNA,NY.GDP.MKTP.CD,2009,774274074.074074
KNA,NY.GDP.MKTP.CD,2008,777692592.592593
KNA,NY.GDP.MKTP.CD,2007,689285185.185185
KNA,NY.GDP.MKTP.CD,2006,644414814.814815
KNA,NY.GDP.MKTP.CD,2005,547203703.703704
KNA,NY.GDP.MKTP.CD,2004,506900000.0
KNA,NY.GDP.MKTP.CD,2003,469869869.86987
KNA,NY.GDP.MKTP.CD,2002,481077373.669966
KNA,NY.GDP.MKTP.CD,2001,458643829.014199
KNA,NY.GDP.MKTP.CD,2000,421695769.843918
KNA,NY.GDP.MKTP.CD,1999,406595484.373262
KNA,NY.GDP.MKTP.CD,1998,383257331.40548
KNA,NY.GDP.MKTP.CD,1997,374641307.974641
KNA,NY.GDP.MKTP.CD,1996,333944444.444444
KNA,NY.GDP.MKTP.CD,1995,313485185.185185
KNA,NY.GDP.MKTP.CD,1994,295159259.259259
KNA,NY.GDP.MKTP.CD,1993,263755555.555556
KNA,NY.GDP.MKTP.CD,1992,242137037.037037
KNA,NY.GDP.MKTP.CD,1991,220540740.740741
KNA,NY.GDP.MKTP.CD,1990,217259259.259259
KNA,NY.GDP.MKTP.CD,1989,192518518.518518
KNA,NY.GDP.MKTP.CD,1988,172692592.592593
KNA,NY.GDP.MKTP.CD,1987,147748148.148148
KNA,NY.GDP.MKTP.CD,1986,130685185.185185
KNA,NY.GDP.MKTP.CD,1985,111007407.407407
KNA,NY.GDP.MKTP.CD,1984,98603703.7037037
KNA,NY.GDP.MKTP.CD,1983,86874074.0740741
KNA,NY.GDP.MKTP.CD,1982,86022222.2222222
KNA,NY.GDP.MKTP.CD,1981,80888888.8888889
KNA,NY.GDP.MKTP.CD,1980,68459259.2592593
KNA,NY.GDP.MKTP.CD,1979,58840740.7407407
KNA,NY.GDP.MKTP.CD,1978,49433333.3333333
KNA,NY.GDP.MKTP.CD,1977,44496296.2962963
KNA,NY.GDP.MKTP.CD,1976,30095602.2944551
KNA,NY.GDP.MKTP.CD,1975,33364055.2995392
KNA,NY.GDP.MKTP.CD,1974,31514856.3078422
KNA,NY.GDP.MKTP.CD,1973,24196018.3767228
KNA,NY.GDP.MKTP.CD,1972,22944849.1155047
KNA,NY.GDP.MKTP.CD,1971,19624746.4503043
KNA,NY.GDP.MKTP.CD,1970,16300000.0
KNA,NY.GDP.MKTP.CD,1969,15850000.0
KNA,NY.GDP.MKTP.CD,1968,14600000.0
KNA,NY.GDP.MKTP.CD,1967,16742338.2519864
KNA,NY.GDP.MKTP.CD,1966,14469078.1796966
KNA,NY.GDP.MKTP.CD,1965,13593932.3220537
KNA,NY.GDP.MKTP.CD,1964,13416633.1250839
KNA,NY.GDP.MKTP.CD,1963,12833301.2500802
KNA,NY.GDP.MKTP.CD,1962,12541635.3125784
KNA,NY.GDP.MKTP.CD,1961,12483302.125078
KNA,NY.GDP.MKTP.CD,1960,12366635.7500773
LCA,NY.GDP.MKTP.CD,2024,2549062962.96296
LCA,NY.GDP.MKTP.CD,2023,2430166666.66667
LCA,NY.GDP.MKTP.CD,2022,2342714814.81481
LCA,NY.GDP.MKTP.CD,2021,1867185185.18518
LCA,NY.GDP.MKTP.CD,2020,1499274074.07407
LCA,NY.GDP.MKTP.CD,2019,2095344444.44444
LCA,NY.GDP.MKTP.CD,2018,2060955555.55556
LCA,NY.GDP.MKTP.CD,2017,1998503703.7037
LCA,NY.GDP.MKTP.CD,2016,1868544444.44444
LCA,NY.GDP.MKTP.CD,2015,1807640740.74074
LCA,NY.GDP.MKTP.CD,2014,1749185185.18518
LCA,NY.GDP.MKTP.CD,2013,1660392592.59259
LCA,NY.GDP.MKTP.CD,2012,1598207407.40741
LCA,NY.GDP.MKTP.CD,2011,1568370370.37037
LCA,NY.GDP.MKTP.CD,2010,1482385185.18519
LCA,NY.GDP.MKTP.CD,2009,1401507888.88889
LCA,NY.GDP.MKTP.CD,2008,1437731111.11111
LCA,NY.GDP.MKTP.CD,2007,1336088814.81481
LCA,NY.GDP.MKTP.CD,2006,1268319185.18519
LCA,NY.GDP.MKTP.CD,2005,1135555555.55556
LCA,NY.GDP.MKTP.CD,2004,1066666666.66667
LCA,NY.GDP.MKTP.CD,2003,987407407.407407
LCA,NY.GDP.MKTP.CD,2002,900000000.0
LCA,NY.GDP.MKTP.CD,2001,892592592.592592
LCA,NY.GDP.MKTP.CD,2000,932592592.592592
LCA,NY.GDP.MKTP.CD,1999,921851851.851852
LCA,NY.GDP.MKTP.CD,1998,877407407.407407
LCA,NY.GDP.MKTP.CD,1997,805925925.925926
LCA,NY.GDP.MKTP.CD,1996,788888888.888889
LCA,NY.GDP.MKTP.CD,1995,762962962.962963
LCA,NY.GDP.MKTP.CD,1994,713703703.703704
LCA,NY.GDP.MKTP.CD,1993,684814814.814815
LCA,NY.GDP.MKTP.CD,1992,674074074.074074
LCA,NY.GDP.MKTP.CD,1991,613703703.703704
LCA,NY.GDP.MKTP.CD,1990,579629629.62963
LCA,NY.GDP.MKTP.CD,1989,486666666.666667
LCA,NY.GDP.MKTP.CD,1988,429629629.62963
LCA,NY.GDP.MKTP.CD,1987,375555555.555556
LCA,NY.GDP.MKTP.CD,1986,340000000.0
LCA,NY.GDP.MKTP.CD,1985,284444444.444444
LCA,NY.GDP.MKTP.CD,1984,251481481.481481
LCA,NY.GDP.MKTP.CD,1983,197037037.037037
LCA,NY.GDP.MKTP.CD,1982,183333333.333333
LCA,NY.GDP.MKTP.CD,1981,194444444.444444
LCA,NY.GDP.MKTP.CD,1980,170370370.37037
LCA,NY.GDP.MKTP.CD,1979,
LCA,NY.GDP.MKTP.CD,1978,
LCA,NY.GDP.MKTP.CD,1977,
LCA,NY.GDP.MKTP.CD,1976,
LCA,NY.GDP.MKTP.CD,1975,
LCA,NY.GDP.MKTP.CD,1974,
LCA,NY.GDP.MKTP.CD,1973,
LCA,NY.GDP.MKTP.CD,1972,
LCA,NY.GDP.MKTP.CD,1971,
LCA,NY.GDP.MKTP.CD,1970,
LCA,NY.GDP.MKTP.CD,1969,
LCA,NY.GDP.MKTP.CD,1968,
LCA,NY.GDP.MKTP.CD,1967,
LCA,NY.GDP.MKTP.CD,1966,
LCA,NY.GDP.MKTP.CD,1965,
LCA,NY.GDP.MKTP.CD,1964,
LCA,NY.GDP.MKTP.CD,1963,
LCA,NY.GDP.MKTP.CD,1962,
LCA,NY.GDP.MKTP.CD,1961,
LCA,NY.GDP.MKTP.CD,1960,
MAF,NY.GDP.MKTP.CD,2024,
MAF,NY.GDP.MKTP.CD,2023,
MAF,NY.GDP.MKTP.CD,2022,
MAF,NY.GDP.MKTP.CD,2021,649206262.847519
MAF,NY.GDP.MKTP.CD,2020,
MAF,NY.GDP.MKTP.CD,2019,652206037.103874
MAF,NY.GDP.MKTP.CD,2018,
MAF,NY.GDP.MKTP.CD,2017,
MAF,NY.GDP.MKTP.CD,2016,
MAF,NY.GDP.MKTP.CD,2015,
MAF,NY.GDP.MKTP.CD,2014,772921958.529509
MAF,NY.GDP.MKTP.CD,2013,
MAF,NY.GDP.MKTP.CD,2012,
MAF,NY.GDP.MKTP.CD,2011,775875748.523832
MAF,NY.GDP.MKTP.CD,2010,
MAF,NY.GDP.MKTP.CD,2009,
MAF,NY.GDP.MKTP.CD,2008,
MAF,NY.GDP.MKTP.CD,2007,
MAF,NY.GDP.MKTP.CD,2006,
MAF,NY.GDP.MKTP.CD,2005,
MAF,NY.GDP.MKTP.CD,2004,
MAF,NY.GDP.MKTP.CD,2003,
MAF,NY.GDP.MKTP.CD,2002,
MAF,NY.GDP.MKTP.CD,2001,
MAF,NY.GDP.MKTP.CD,2000,
MAF,NY.GDP.MKTP.CD,1999,
MAF,NY.GDP.MKTP.CD,1998,
MAF,NY.GDP.MKTP.CD,1997,
MAF,NY.GDP.MKTP.CD,1996,
MAF,NY.GDP.MKTP.CD,1995,
MAF,NY.GDP.MKTP.CD,1994,
MAF,NY.GDP.MKTP.CD,1993,
MAF,NY.GDP.MKTP.CD,1992,
MAF,NY.GDP.MKTP.CD,1991,
MAF,NY.GDP.MKTP.CD,1990,
MAF,NY.GDP.MKTP.CD,1989,
MAF,NY.GDP.MKTP.CD,1988,
MAF,NY.GDP.MKTP.CD,1987,
MAF,NY.GDP.MKTP.CD,1986,
MAF,NY.GDP.MKTP.CD,1985,
MAF,NY.GDP.MKTP.CD,1984,
MAF,NY.GDP.MKTP.CD,1983,
MAF,NY.GDP.MKTP.CD,1982,
MAF,NY.GDP.MKTP.CD,1981,
MAF,NY.GDP.MKTP.CD,1980,
MAF,NY.GDP.MKTP.CD,1979,
MAF,NY.GDP.MKTP.CD,1978,
MAF,NY.GDP.MKTP.CD,1977,
MAF,NY.GDP.MKTP.CD,1976,
MAF,NY.GDP.MKTP.CD,1975,
MAF,NY.GDP.MKTP.CD,1974,
MAF,NY.GDP.MKTP.CD,1973,
MAF,NY.GDP.MKTP.CD,1972,
MAF,NY.GDP.MKTP.CD,1971,
MAF,NY.GDP.MKTP.CD,1970,
MAF,NY.GDP.MKTP.CD,1969,
MAF,NY.GDP.MKTP.CD,1968,
MAF,NY.GDP.MKTP.CD,1967,
MAF,NY.GDP.MKTP.CD,1966,
MAF,NY.GDP.MKTP.CD,1965,
MAF,NY.GDP.MKTP.CD,1964,
MAF,NY.GDP.MKTP.CD,1963,
MAF,NY.GDP.MKTP.CD,1962,
MAF,NY.GDP.MKTP.CD,1961,
MAF,NY.GDP.MKTP.CD,1960,
VCT,NY.GDP.MKTP.CD,2024,1157207407.40741
VCT,NY.GDP.MKTP.CD,2023,1072237037.03704
VCT,NY.GDP.MKTP.CD,2022,989188888.888889
VCT,NY.GDP.MKTP.CD,2021,888677777.777778
VCT,NY.GDP.MKTP.CD,2020,864566666.666667
VCT,NY.GDP.MKTP.CD,2019,910481481.481481
VCT,NY.GDP.MKTP.CD,2018,884329629.62963
VCT,NY.GDP.MKTP.CD,2017,844040740.740741
VCT,NY.GDP.MKTP.CD,2016,814303703.703704
VCT,NY.GDP.MKTP.CD,2015,786555555.555555
VCT,NY.GDP.MKTP.CD,2014,770900000.0
VCT,NY.GDP.MKTP.CD,2013,764781259.259259
VCT,NY.GDP.MKTP.CD,2012,730032592.592593
VCT,NY.GDP.MKTP.CD,2011,713796370.37037
VCT,NY.GDP.MKTP.CD,2010,720447888.888889
VCT,NY.GDP.MKTP.CD,2009,714300259.259259
VCT,NY.GDP.MKTP.CD,2008,732663259.259259
VCT,NY.GDP.MKTP.CD,2007,713596666.666667
VCT,NY.GDP.MKTP.CD,2006,643501148.148148
VCT,NY.GDP.MKTP.CD,2005,579948925.925926
VCT,NY.GDP.MKTP.CD,2004,549900185.185185
VCT,NY.GDP.MKTP.CD,2003,509090888.888889
VCT,NY.GDP.MKTP.CD,2002,487763851.851852
VCT,NY.GDP.MKTP.CD,2001,462072333.333333
VCT,NY.GDP.MKTP.CD,2000,427946037.037037
VCT,NY.GDP.MKTP.CD,1999,390718518.518519
VCT,NY.GDP.MKTP.CD,1998,373618518.518519
VCT,NY.GDP.MKTP.CD,1997,347770370.37037
VCT,NY.GDP.MKTP.CD,1996,331488888.888889
VCT,NY.GDP.MKTP.CD,1995,316007407.407407
VCT,NY.GDP.MKTP.CD,1994,289437037.037037
VCT,NY.GDP.MKTP.CD,1993,286307407.407407
VCT,NY.GDP.MKTP.CD,1992,277955555.555556
VCT,NY.GDP.MKTP.CD,1991,254829629.62963
VCT,NY.GDP.MKTP.CD,1990,240366666.666667
VCT,NY.GDP.MKTP.CD,1989,214745002.222222
VCT,NY.GDP.MKTP.CD,1988,200726712.592593
VCT,NY.GDP.MKTP.CD,1987,175580647.407407
VCT,NY.GDP.MKTP.CD,1986,160846656.666667
VCT,NY.GDP.MKTP.CD,1985,145641705.185185
VCT,NY.GDP.MKTP.CD,1984,135024987.777778
VCT,NY.GDP.MKTP.CD,1983,122255349.62963
VCT,NY.GDP.MKTP.CD,1982,113759203.333333
VCT,NY.GDP.MKTP.CD,1981,102086539.259259
VCT,NY.GDP.MKTP.CD,1980,82340339.6296296
VCT,NY.GDP.MKTP.CD,1979,71096359.6296296
VCT,NY.GDP.MKTP.CD,1978,60844771.4814815
VCT,NY.GDP.MKTP.CD,1977,49353161.8518519
VCT,NY.GDP.MKTP.CD,1976,32792844.6829448
VCT,NY.GDP.MKTP.CD,1975,33237225.9880652
VCT,NY.GDP.MKTP.CD,1974,32923702.7281866
VCT,NY.GDP.MKTP.CD,1973,30165081.0858817
VCT,NY.GDP.MKTP.CD,1972,27585804.8653032
VCT,NY.GDP.MKTP.CD,1971,20051922.3261445
VCT,NY.GDP.MKTP.CD,1970,18450000.0
VCT,NY.GDP.MKTP.CD,1969,16650000.0
VCT,NY.GDP.MKTP.CD,1968,15350000.0
VCT,NY.GDP.MKTP.CD,1967,15835106.0327781
VCT,NY.GDP.MKTP.CD,1966,16099959.7501006
VCT,NY.GDP.MKTP.CD,1965,15108295.5625944
VCT,NY.GDP.MKTP.CD,1964,14758296.4375922
VCT,NY.GDP.MKTP.CD,1963,13708299.0625857
VCT,NY.GDP.MKTP.CD,1962,14524963.6875908
VCT,NY.GDP.MKTP.CD,1961,13999965.0000875
VCT,NY.GDP.MKTP.CD,1960,13066634.0000817
SDN,NY.GDP.MKTP.CD,2024,49672435513.1126
SDN,NY.GDP.MKTP.CD,2023,39898289820.7951
SDN,NY.GDP.MKTP.CD,2022,51666875363.0963
SDN,NY.GDP.MKTP.CD,2021,34229513774.9936
SDN,NY.GDP.MKTP.CD,2020,27034593750.0
SDN,NY.GDP.MKTP.CD,2019,32338079165.2893
SDN,NY.GDP.MKTP.CD,2018,32333780383.2924
SDN,NY.GDP.MKTP.CD,2017,41283617976.1905
SDN,NY.GDP.MKTP.CD,2016,42630376000.0
SDN,NY.GDP.MKTP.CD,2015,51726758676.7677
SDN,NY.GDP.MKTP.CD,2014,49516748617.9775
SDN,NY.GDP.MKTP.CD,2013,43024018082.1918
SDN,NY.GDP.MKTP.CD,2012,37632919966.6667
SDN,NY.GDP.MKTP.CD,2011,55018567210.5263
SDN,NY.GDP.MKTP.CD,2010,58962978034.4828
SDN,NY.GDP.MKTP.CD,2009,51621044076.9231
SDN,NY.GDP.MKTP.CD,2008,64833083257.1431
SDN,NY.GDP.MKTP.CD,2007,59440139774.8128
SDN,NY.GDP.MKTP.CD,2006,45263831634.1497
SDN,NY.GDP.MKTP.CD,2005,35182711987.974
SDN,NY.GDP.MKTP.CD,2004,26646007250.7319
SDN,NY.GDP.MKTP.CD,2003,21355298459.5955
SDN,NY.GDP.MKTP.CD,2002,18137128388.3606
SDN,NY.GDP.MKTP.CD,2001,15716361792.1926
SDN,NY.GDP.MKTP.CD,2000,12257299147.2936
SDN,NY.GDP.MKTP.CD,1999,10682028339.6898
SDN,NY.GDP.MKTP.CD,1998,11250221536.7484
SDN,NY.GDP.MKTP.CD,1997,11681175864.3383
SDN,NY.GDP.MKTP.CD,1996,9018300724.66086
SDN,NY.GDP.MKTP.CD,1995,13830363899.9163
SDN,NY.GDP.MKTP.CD,1994,12793794737.042
SDN,NY.GDP.MKTP.CD,1993,8881005435.80602
SDN,NY.GDP.MKTP.CD,1992,7031933491.84899
SDN,NY.GDP.MKTP.CD,1991,44171194366.2039
SDN,NY.GDP.MKTP.CD,1990,33641222222.2222
SDN,NY.GDP.MKTP.CD,1989,21408111111.1111
SDN,NY.GDP.MKTP.CD,1988,14372555555.5556
SDN,NY.GDP.MKTP.CD,1987,12093333333.3333
SDN,NY.GDP.MKTP.CD,1986,10092200000.0
SDN,NY.GDP.MKTP.CD,1985,8075259600.3398
SDN,NY.GDP.MKTP.CD,1984,10447615384.6154
SDN,NY.GDP.MKTP.CD,1983,8230153846.15385
SDN,NY.GDP.MKTP.CD,1982,8732542273.73424
SDN,NY.GDP.MKTP.CD,1981,10753888154.2798
SDN,NY.GDP.MKTP.CD,1980,8951800000.0
SDN,NY.GDP.MKTP.CD,1979,8418407786.60599
SDN,NY.GDP.MKTP.CD,1978,8128719315.0792
SDN,NY.GDP.MKTP.CD,1977,7499005639.37649
SDN,NY.GDP.MKTP.CD,1976,6013210815.66115
SDN,NY.GDP.MKTP.CD,1975,4823090191.91008
SDN,NY.GDP.MKTP.CD,1974,3958931659.84759
SDN,NY.GDP.MKTP.CD,1973,3077254460.30228
SDN,NY.GDP.MKTP.CD,1972,2483055722.23738
SDN,NY.GDP.MKTP.CD,1971,2288340041.03486
SDN,NY.GDP.MKTP.CD,1970,2100229759.04718
SDN,NY.GDP.MKTP.CD,1969,1847501441.26221
SDN,NY.GDP.MKTP.CD,1968,1677771400.56798
SDN,NY.GDP.MKTP.CD,1967,1607409539.36648
SDN,NY.GDP.MKTP.CD,1966,1484491675.71652
SDN,NY.GDP.MKTP.CD,1965,1446869619.31898
SDN,NY.GDP.MKTP.CD,1964,1388282600.1961
SDN,NY.GDP.MKTP.CD,1963,1351234926.33899
SDN,NY.GDP.MKTP.CD,1962,1328259624.72217
SDN,NY.GDP.MKTP.CD,1961,1222860428.55503
SDN,NY.GDP.MKTP.CD,1960,1126364161.7644
SUR,NY.GDP.MKTP.CD,2024,4416775112.09627
SUR,NY.GDP.MKTP.CD,2023,3472693412.08497
SUR,NY.GDP.MKTP.CD,2022,3791603200.0259
SUR,NY.GDP.MKTP.CD,2021,3107923197.96954
SUR,NY.GDP.MKTP.CD,2020,2911807496.20227
SUR,NY.GDP.MKTP.CD,2019,4016040575.08796
SUR,NY.GDP.MKTP.CD,2018,3996198866.57453
SUR,NY.GDP.MKTP.CD,2017,3591679430.99988
SUR,NY.GDP.MKTP.CD,2016,3317421648.09918
SUR,NY.GDP.MKTP.CD,2015,5126237646.22072
SUR,NY.GDP.MKTP.CD,2014,5240606060.60606
SUR,NY.GDP.MKTP.CD,2013,5145757575.75758
SUR,NY.GDP.MKTP.CD,2012,4980000000.0
SUR,NY.GDP.MKTP.CD,2011,4422276621.78703
SUR,NY.GDP.MKTP.CD,2010,4368370997.92126
SUR,NY.GDP.MKTP.CD,2009,3875409836.06557
SUR,NY.GDP.MKTP.CD,2008,3532969034.60838
SUR,NY.GDP.MKTP.CD,2007,2936612021.85792
SUR,NY.GDP.MKTP.CD,2006,2626380435.17877
SUR,NY.GDP.MKTP.CD,2005,1793410397.38738
SUR,NY.GDP.MKTP.CD,2004,1484092538.40527
SUR,NY.GDP.MKTP.CD,2003,1274190311.41869
SUR,NY.GDP.MKTP.CD,2002,1093574468.08511
SUR,NY.GDP.MKTP.CD,2001,834279357.798165
SUR,NY.GDP.MKTP.CD,2000,947671969.69697
SUR,NY.GDP.MKTP.CD,1999,886290697.674419
SUR,NY.GDP.MKTP.CD,1998,1110850000.0
SUR,NY.GDP.MKTP.CD,1997,926422500.0
SUR,NY.GDP.MKTP.CD,1996,861372806.2082
SUR,NY.GDP.MKTP.CD,1995,691590497.737557
SUR,NY.GDP.MKTP.CD,1994,605492537.313433
SUR,NY.GDP.MKTP.CD,1993,428764705.882353
SUR,NY.GDP.MKTP.CD,1992,404600000.0
SUR,NY.GDP.MKTP.CD,1991,448100000.0
SUR,NY.GDP.MKTP.CD,1990,388400000.0
SUR,NY.GDP.MKTP.CD,1989,542600000.0
SUR,NY.GDP.MKTP.CD,1988,1161000000.0
SUR,NY.GDP.MKTP.CD,1987,980000000.0
SUR,NY.GDP.MKTP.CD,1986,891000000.0
SUR,NY.GDP.MKTP.CD,1985,873000000.0
SUR,NY.GDP.MKTP.CD,1984,864000000.0
SUR,NY.GDP.MKTP.CD,1983,883500000.0
SUR,NY.GDP.MKTP.CD,1982,915000000.0
SUR,NY.GDP.MKTP.CD,1981,889000000.0
SUR,NY.GDP.MKTP.CD,1980,795000000.0
SUR,NY.GDP.MKTP.CD,1979,782500000.0
SUR,NY.GDP.MKTP.CD,1978,735500000.0
SUR,NY.GDP.MKTP.CD,1977,641500000.0
SUR,NY.GDP.MKTP.CD,1976,505500000.0
SUR,NY.GDP.MKTP.CD,1975,465500000.0
SUR,NY.GDP.MKTP.CD,1974,409850000.0
SUR,NY.GDP.MKTP.CD,1973,339450000.0
SUR,NY.GDP.MKTP.CD,1972,311950000.0
SUR,NY.GDP.MKTP.CD,1971,301000000.0
SUR,NY.GDP.MKTP.CD,1970,274900000.0
SUR,NY.GDP.MKTP.CD,1969,259650000.0
SUR,NY.GDP.MKTP.CD,1968,241350000.0
SUR,NY.GDP.MKTP.CD,1967,220700000.0
SUR,NY.GDP.MKTP.CD,1966,190350000.0
SUR,NY.GDP.MKTP.CD,1965,154150000.0
SUR,NY.GDP.MKTP.CD,1964,134400000.0
SUR,NY.GDP.MKTP.CD,1963,125950000.0
SUR,NY.GDP.MKTP.CD,1962,116150000.0
SUR,NY.GDP.MKTP.CD,1961,107700000.0
SUR,NY.GDP.MKTP.CD,1960,99650000.0
SWE,NY.GDP.MKTP.CD,2024,603715224265.798
SWE,NY.GDP.MKTP.CD,2023,578990915246.07
SWE,NY.GDP.MKTP.CD,2022,575071237640.921
SWE,NY.GDP.MKTP.CD,2021,631693331300.776
SWE,NY.GDP.MKTP.CD,2020,544265668451.678
SWE,NY.GDP.MKTP.CD,2019,530894124494.418
SWE,NY.GDP.MKTP.CD,2018,549649344043.182
SWE,NY.GDP.MKTP.CD,2017,535172356784.769
SWE,NY.GDP.MKTP.CD,2016,513058312950.939
SWE,NY.GDP.MKTP.CD,2015,501602351911.6
SWE,NY.GDP.MKTP.CD,2014,577727767303.596
SWE,NY.GDP.MKTP.CD,2013,584125353119.18
SWE,NY.GDP.MKTP.CD,2012,549739674655.127
SWE,NY.GDP.MKTP.CD,2011,570538581144.45
SWE,NY.GDP.MKTP.CD,2010,492750897239.447
SWE,NY.GDP.MKTP.CD,2009,434311714442.499
SWE,NY.GDP.MKTP.CD,2008,514614100832.941
SWE,NY.GDP.MKTP.CD,2007,490047789548.441
SWE,NY.GDP.MKTP.CD,2006,422528394459.353
SWE,NY.GDP.MKTP.CD,2005,391688455928.597
SWE,NY.GDP.MKTP.CD,2004,384545442175.019
SWE,NY.GDP.MKTP.CD,2003,334072443515.576
SWE,NY.GDP.MKTP.CD,2002,267371907446.776
SWE,NY.GDP.MKTP.CD,2001,242497797484.776
SWE,NY.GDP.MKTP.CD,2000,262903560280.282
SWE,NY.GDP.MKTP.CD,1999,274318357862.122
SWE,NY.GDP.MKTP.CD,1998,270887306758.576
SWE,NY.GDP.MKTP.CD,1997,268249616890.856
SWE,NY.GDP.MKTP.CD,1996,291949597375.485
SWE,NY.GDP.MKTP.CD,1995,267050453506.792
SWE,NY.GDP.MKTP.CD,1994,228699066874.028
SWE,NY.GDP.MKTP.CD,1993,212644602615.823
SWE,NY.GDP.MKTP.CD,1992,283908914454.48
SWE,NY.GDP.MKTP.CD,1991,273831464572.137
SWE,NY.GDP.MKTP.CD,1990,261466577008.853
SWE,NY.GDP.MKTP.CD,1989,217632340194.512
SWE,NY.GDP.MKTP.CD,1988,206686590775.558
SWE,NY.GDP.MKTP.CD,1987,182744315973.756
SWE,NY.GDP.MKTP.CD,1986,150279869728.789
SWE,NY.GDP.MKTP.CD,1985,113958084357.094
SWE,NY.GDP.MKTP.CD,1984,109043045407.287
SWE,NY.GDP.MKTP.CD,1983,104862109663.367
SWE,NY.GDP.MKTP.CD,1982,114214731798.937
SWE,NY.GDP.MKTP.CD,1981,129498921475.688
SWE,NY.GDP.MKTP.CD,1980,141886067003.972
SWE,NY.GDP.MKTP.CD,1979,123207527699.377
SWE,NY.GDP.MKTP.CD,1978,104290933495.629
SWE,NY.GDP.MKTP.CD,1977,94331782622.2778
SWE,NY.GDP.MKTP.CD,1976,89232517045.8459
SWE,NY.GDP.MKTP.CD,1975,82765232647.753
SWE,NY.GDP.MKTP.CD,1974,65917634590.2599
SWE,NY.GDP.MKTP.CD,1973,59318842992.2378
SWE,NY.GDP.MKTP.CD,1972,48883173399.9664
SWE,NY.GDP.MKTP.CD,1971,41506151114.9262
SWE,NY.GDP.MKTP.CD,1970,38037226668.2131
SWE,NY.GDP.MKTP.CD,1969,33967301561.0634
SWE,NY.GDP.MKTP.CD,1968,31277871668.8452
SWE,NY.GDP.MKTP.CD,1967,29474881505.9928
SWE,NY.GDP.MKTP.CD,1966,27154716721.2854
SWE,NY.GDP.MKTP.CD,1965,24963947414.6983
SWE,NY.GDP.MKTP.CD,1964,22685490195.3119
SWE,NY.GDP.MKTP.CD,1963,20342131881.5074
SWE,NY.GDP.MKTP.CD,1962,18794066990.0612
SWE,NY.GDP.MKTP.CD,1961,17329620584.6147
SWE,NY.GDP.MKTP.CD,1960,15930075466.8898
CHE,NY.GDP.MKTP.CD,2024,936564198048.516
CHE,NY.GDP.MKTP.CD,2023,894424821645.205
CHE,NY.GDP.MKTP.CD,2022,828508926958.393
CHE,NY.GDP.MKTP.CD,2021,815309330986.719
CHE,NY.GDP.MKTP.CD,2020,741999406005.627
CHE,NY.GDP.MKTP.CD,2019,721369112726.724
CHE,NY.GDP.MKTP.CD,2018,725568717468.001
CHE,NY.GDP.MKTP.CD,2017,695200833086.499
CHE,NY.GDP.MKTP.CD,2016,687895460902.713
CHE,NY.GDP.MKTP.CD,2015,694118186379.628
CHE,NY.GDP.MKTP.CD,2014,726537808338.0
CHE,NY.GDP.MKTP.CD,2013,706234937370.968
CHE,NY.GDP.MKTP.CD,2012,686420221557.99
CHE,NY.GDP.MKTP.CD,2011,715888126682.396
CHE,NY.GDP.MKTP.CD,2010,598851028906.58
CHE,NY.GDP.MKTP.CD,2009,554212916092.271
CHE,NY.GDP.MKTP.CD,2008,567267767519.158
CHE,NY.GDP.MKTP.CD,2007,490740715594.802
CHE,NY.GDP.MKTP.CD,2006,441634672196.523
CHE,NY.GDP.MKTP.CD,2005,418284865884.998
CHE,NY.GDP.MKTP.CD,2004,403912891033.374
CHE,NY.GDP.MKTP.CD,2003,362075086507.76
CHE,NY.GDP.MKTP.CD,2002,309301422430.386
CHE,NY.GDP.MKTP.CD,2001,286582672434.226
CHE,NY.GDP.MKTP.CD,2000,279216033870.204
CHE,NY.GDP.MKTP.CD,1999,297873643323.126
CHE,NY.GDP.MKTP.CD,1998,303459014346.806
CHE,NY.GDP.MKTP.CD,1997,294788198856.198
CHE,NY.GDP.MKTP.CD,1996,340103959546.926
CHE,NY.GDP.MKTP.CD,1995,352835806342.495
CHE,NY.GDP.MKTP.CD,1994,301375055202.164
CHE,NY.GDP.MKTP.CD,1993,272237527070.926
CHE,NY.GDP.MKTP.CD,1992,279921425828.474
CHE,NY.GDP.MKTP.CD,1991,268901693863.319
CHE,NY.GDP.MKTP.CD,1990,265763573999.424
CHE,NY.GDP.MKTP.CD,1989,208105846934.409
CHE,NY.GDP.MKTP.CD,1988,215540625298.982
CHE,NY.GDP.MKTP.CD,1987,199236370037.554
CHE,NY.GDP.MKTP.CD,1986,159089921062.872
CHE,NY.GDP.MKTP.CD,1985,110980314191.527
CHE,NY.GDP.MKTP.CD,1984,109455312167.511
CHE,NY.GDP.MKTP.CD,1983,114634358534.61
CHE,NY.GDP.MKTP.CD,1982,115043365512.486
CHE,NY.GDP.MKTP.CD,1981,112244805518.786
CHE,NY.GDP.MKTP.CD,1980,122557843886.137
CHE,NY.GDP.MKTP.CD,1979,114970094424.731
CHE,NY.GDP.MKTP.CD,1978,102280472035.794
CHE,NY.GDP.MKTP.CD,1977,73135771167.048
CHE,NY.GDP.MKTP.CD,1976,68476524643.943
CHE,NY.GDP.MKTP.CD,1975,65466081819.2384
CHE,NY.GDP.MKTP.CD,1974,57103011445.6416
CHE,NY.GDP.MKTP.CD,1973,49550006319.5147
CHE,NY.GDP.MKTP.CD,1972,36844318854.2403
CHE,NY.GDP.MKTP.CD,1971,30040171750.6471
CHE,NY.GDP.MKTP.CD,1970,24998066773.3821
CHE,NY.GDP.MKTP.CD,1969,22442043274.074
CHE,NY.GDP.MKTP.CD,1968,20712102793.8026
CHE,NY.GDP.MKTP.CD,1967,19397044714.0963
CHE,NY.GDP.MKTP.CD,1966,18019402373.5388
CHE,NY.GDP.MKTP.CD,1965,16780226225.085
CHE,NY.GDP.MKTP.CD,1964,15833133857.6281
CHE,NY.GDP.MKTP.CD,1963,14283872299.0456
CHE,NY.GDP.MKTP.CD,1962,12989649694.2812
CHE,NY.GDP.MKTP.CD,1961,11713348834.3069
CHE,NY.GDP.MKTP.CD,1960,10412232620.5258
SYR,NY.GDP.MKTP.CD,2024,
SYR,NY.GDP.MKTP.CD,2023,
SYR,NY.GDP.MKTP.CD,2022,23622827079.5047
SYR,NY.GDP.MKTP.CD,2021,14353205678.4991
SYR,NY.GDP.MKTP.CD,2020,12047752036.091
SYR,NY.GDP.MKTP.CD,2019,22583045060.0821
SYR,NY.GDP.MKTP.CD,2018,21497782867.6426
SYR,NY.GDP.MKTP.CD,2017,16369843352.3453
SYR,NY.GDP.MKTP.CD,2016,12597854877.4254
SYR,NY.GDP.MKTP.CD,2015,16466863117.0009
SYR,NY.GDP.MKTP.CD,2014,21502061465.9498
SYR,NY.GDP.MKTP.CD,2013,21361254635.051
SYR,NY.GDP.MKTP.CD,2012,43190318032.5627
SYR,NY.GDP.MKTP.CD,2011,67539428159.4474
SYR,NY.GDP.MKTP.CD,2010,61390830874.7007
SYR,NY.GDP.MKTP.CD,2009,54111735628.7065
SYR,NY.GDP.MKTP.CD,2008,52557913568.9549
SYR,NY.GDP.MKTP.CD,2007,40465318382.0585
SYR,NY.GDP.MKTP.CD,2006,33751788856.305
SYR,NY.GDP.MKTP.CD,2005,28858965517.2414
SYR,NY.GDP.MKTP.CD,2004,25086950495.0495
SYR,NY.GDP.MKTP.CD,2003,21828144686.0394
SYR,NY.GDP.MKTP.CD,2002,20669357462.3831
SYR,NY.GDP.MKTP.CD,2001,20237024724.7039
SYR,NY.GDP.MKTP.CD,2000,18937052543.4373
SYR,NY.GDP.MKTP.CD,1999,15873875968.9922
SYR,NY.GDP.MKTP.CD,1998,15200846153.8462
SYR,NY.GDP.MKTP.CD,1997,14505233463.035
SYR,NY.GDP.MKTP.CD,1996,13789560878.2435
SYR,NY.GDP.MKTP.CD,1995,11396706586.8263
SYR,NY.GDP.MKTP.CD,1994,10122020000.0
SYR,NY.GDP.MKTP.CD,1993,13695962055.4771
SYR,NY.GDP.MKTP.CD,1992,13253565861.1424
SYR,NY.GDP.MKTP.CD,1991,12981833333.3333
SYR,NY.GDP.MKTP.CD,1990,12308624417.8268
SYR,NY.GDP.MKTP.CD,1989,9853395761.63227
SYR,NY.GDP.MKTP.CD,1988,10577041644.9944
SYR,NY.GDP.MKTP.CD,1987,11356215543.3043
SYR,NY.GDP.MKTP.CD,1986,13293205278.2803
SYR,NY.GDP.MKTP.CD,1985,16403539892.7783
SYR,NY.GDP.MKTP.CD,1984,17503078174.0039
SYR,NY.GDP.MKTP.CD,1983,17589277143.1314
SYR,NY.GDP.MKTP.CD,1982,16298929011.4681
SYR,NY.GDP.MKTP.CD,1981,15518201335.3151
SYR,NY.GDP.MKTP.CD,1980,13062420382.1656
SYR,NY.GDP.MKTP.CD,1979,9929681528.66242
SYR,NY.GDP.MKTP.CD,1978,9275200458.19015
SYR,NY.GDP.MKTP.CD,1977,7696011396.0114
SYR,NY.GDP.MKTP.CD,1976,7633528866.93424
SYR,NY.GDP.MKTP.CD,1975,6826980444.14982
SYR,NY.GDP.MKTP.CD,1974,5159557147.50895
SYR,NY.GDP.MKTP.CD,1973,3239487516.42576
SYR,NY.GDP.MKTP.CD,1972,3059681697.61273
SYR,NY.GDP.MKTP.CD,1971,2589851325.14544
SYR,NY.GDP.MKTP.CD,1970,2140384010.0724
SYR,NY.GDP.MKTP.CD,1969,2245011514.55676
SYR,NY.GDP.MKTP.CD,1968,1753746429.62092
SYR,NY.GDP.MKTP.CD,1967,1580229799.42693
SYR,NY.GDP.MKTP.CD,1966,1342287553.19149
SYR,NY.GDP.MKTP.CD,1965,1472036540.13329
SYR,NY.GDP.MKTP.CD,1964,1339494267.01571
SYR,NY.GDP.MKTP.CD,1963,1200447408.37696
SYR,NY.GDP.MKTP.CD,1962,1110565880.75881
SYR,NY.GDP.MKTP.CD,1961,945244972.067039
SYR,NY.GDP.MKTP.CD,1960,857704413.407821
TJK,NY.GDP.MKTP.CD,2024,14204575548.5536
TJK,NY.GDP.MKTP.CD,2023,12244169292.7998
TJK,NY.GDP.MKTP.CD,2022,10713525200.3998
TJK,NY.GDP.MKTP.CD,2021,8937805347.13963
TJK,NY.GDP.MKTP.CD,2020,8133963550.65742
TJK,NY.GDP.MKTP.CD,2019,8300813599.3084
TJK,NY.GDP.MKTP.CD,2018,7764999999.45362
TJK,NY.GDP.MKTP.CD,2017,7536402852.85802
TJK,NY.GDP.MKTP.CD,2016,6992416096.89018
TJK,NY.GDP.MKTP.CD,2015,8271431485.07484
TJK,NY.GDP.MKTP.CD,2014,9112605459.32845
TJK,NY.GDP.MKTP.CD,2013,8448411318.25417
TJK,NY.GDP.MKTP.CD,2012,7633036903.07634
TJK,NY.GDP.MKTP.CD,2011,6522756255.012
TJK,NY.GDP.MKTP.CD,2010,5642221099.17704
TJK,NY.GDP.MKTP.CD,2009,4979472364.4534
TJK,NY.GDP.MKTP.CD,2008,5161299725.27673
TJK,NY.GDP.MKTP.CD,2007,3719524540.86193
TJK,NY.GDP.MKTP.CD,2006,2830213848.6203
TJK,NY.GDP.MKTP.CD,2005,2312352020.6689
TJK,NY.GDP.MKTP.CD,2004,2076176869.41089
TJK,NY.GDP.MKTP.CD,2003,1555318261.4172
TJK,NY.GDP.MKTP.CD,2002,1221106220.2868
TJK,NY.GDP.MKTP.CD,2001,1080772551.29433
TJK,NY.GDP.MKTP.CD,2000,860541842.263697
TJK,NY.GDP.MKTP.CD,1999,1086612290.27171
TJK,NY.GDP.MKTP.CD,1998,1320199581.52261
TJK,NY.GDP.MKTP.CD,1997,921518032.909326
TJK,NY.GDP.MKTP.CD,1996,1043654822.33503
TJK,NY.GDP.MKTP.CD,1995,1231561860.39946
TJK,NY.GDP.MKTP.CD,1994,1522001205.54551
TJK,NY.GDP.MKTP.CD,1993,1646623195.15603
TJK,NY.GDP.MKTP.CD,1992,1908554572.27139
TJK,NY.GDP.MKTP.CD,1991,2536585365.85366
TJK,NY.GDP.MKTP.CD,1990,2629395066.27017
TJK,NY.GDP.MKTP.CD,1989,
TJK,NY.GDP.MKTP.CD,1988,
TJK,NY.GDP.MKTP.CD,1987,
TJK,NY.GDP.MKTP.CD,1986,
TJK,NY.GDP.MKTP.CD,1985,
TJK,NY.GDP.MKTP.CD,1984,
TJK,NY.GDP.MKTP.CD,1983,
TJK,NY.GDP.MKTP.CD,1982,
TJK,NY.GDP.MKTP.CD,1981,
TJK,NY.GDP.MKTP.CD,1980,
TJK,NY.GDP.MKTP.CD,1979,
TJK,NY.GDP.MKTP.CD,1978,
TJK,NY.GDP.MKTP.CD,1977,
TJK,NY.GDP.MKTP.CD,1976,
TJK,NY.GDP.MKTP.CD,1975,
TJK,NY.GDP.MKTP.CD,1974,
TJK,NY.GDP.MKTP.CD,1973,
TJK,NY.GDP.MKTP.CD,1972,
TJK,NY.GDP.MKTP.CD,1971,
TJK,NY.GDP.MKTP.CD,1970,
TJK,NY.GDP.MKTP.CD,1969,
TJK,NY.GDP.MKTP.CD,1968,
TJK,NY.GDP.MKTP.CD,1967,
TJK,NY.GDP.MKTP.CD,1966,
TJK,NY.GDP.MKTP.CD,1965,
TJK,NY.GDP.MKTP.CD,1964,
TJK,NY.GDP.MKTP.CD,1963,
TJK,NY.GDP.MKTP.CD,1962,
TJK,NY.GDP.MKTP.CD,1961,
TJK,NY.GDP.MKTP.CD,1960,
TZA,NY.GDP.MKTP.CD,2024,78844405385.2195
TZA,NY.GDP.MKTP.CD,2023,79030935627.0781
TZA,NY.GDP.MKTP.CD,2022,75749121842.9149
TZA,NY.GDP.MKTP.CD,2021,70655628147.8986
TZA,NY.GDP.MKTP.CD,2020,66068737786.0639
TZA,NY.GDP.MKTP.CD,2019,61026731925.9213
TZA,NY.GDP.MKTP.CD,2018,57003712892.0858
TZA,NY.GDP.MKTP.CD,2017,53274884532.7886
TZA,NY.GDP.MKTP.CD,2016,49774409374.4538
TZA,NY.GDP.MKTP.CD,2015,47413919817.124
TZA,NY.GDP.MKTP.CD,2014,49986726460.6805
TZA,NY.GDP.MKTP.CD,2013,45648857242.315
TZA,NY.GDP.MKTP.CD,2012,39650394362.9287
TZA,NY.GDP.MKTP.CD,2011,34657140096.4836
TZA,NY.GDP.MKTP.CD,2010,32012892919.37
TZA,NY.GDP.MKTP.CD,2009,29400573553.6075
TZA,NY.GDP.MKTP.CD,2008,27947821397.9272
TZA,NY.GDP.MKTP.CD,2007,21860434823.4808
TZA,NY.GDP.MKTP.CD,2006,18619859795.2852
TZA,NY.GDP.MKTP.CD,2005,18395383647.4975
TZA,NY.GDP.MKTP.CD,2004,16673062473.3981
TZA,NY.GDP.MKTP.CD,2003,15211487708.7684
TZA,NY.GDP.MKTP.CD,2002,14129651895.6911
TZA,NY.GDP.MKTP.CD,2001,13563990022.3641
TZA,NY.GDP.MKTP.CD,2000,13371767081.7428
TZA,NY.GDP.MKTP.CD,1999,12704334195.8151
TZA,NY.GDP.MKTP.CD,1998,12172790056.3733
TZA,NY.GDP.MKTP.CD,1997,11158197941.9152
TZA,NY.GDP.MKTP.CD,1996,9433528150.36609
TZA,NY.GDP.MKTP.CD,1995,7631431840.49992
TZA,NY.GDP.MKTP.CD,1994,6550480483.9385
TZA,NY.GDP.MKTP.CD,1993,6182872707.82523
TZA,NY.GDP.MKTP.CD,1992,6681997469.31292
TZA,NY.GDP.MKTP.CD,1991,7197768158.58347
TZA,NY.GDP.MKTP.CD,1990,6184384225.02712
TZA,NY.GDP.MKTP.CD,1989,6418799006.80247
TZA,NY.GDP.MKTP.CD,1988,7406614407.46127
TZA,NY.GDP.MKTP.CD,1987,7824193222.11908
TZA,NY.GDP.MKTP.CD,1986,10840864521.2338
TZA,NY.GDP.MKTP.CD,1985,15328295175.4067
TZA,NY.GDP.MKTP.CD,1984,12906635133.1557
TZA,NY.GDP.MKTP.CD,1983,14049883809.0089
TZA,NY.GDP.MKTP.CD,1982,13927383239.8322
TZA,NY.GDP.MKTP.CD,1981,13161540377.5792
TZA,NY.GDP.MKTP.CD,1980,11409228086.7463
TZA,NY.GDP.MKTP.CD,1979,9804637490.81892
TZA,NY.GDP.MKTP.CD,1978,9261675709.83072
TZA,NY.GDP.MKTP.CD,1977,7732598995.10303
TZA,NY.GDP.MKTP.CD,1976,6472511987.84735
TZA,NY.GDP.MKTP.CD,1975,5729917839.54264
TZA,NY.GDP.MKTP.CD,1974,4977337978.35959
TZA,NY.GDP.MKTP.CD,1973,4144104535.49655
TZA,NY.GDP.MKTP.CD,1972,3472787266.0964
TZA,NY.GDP.MKTP.CD,1971,3050673517.33059
TZA,NY.GDP.MKTP.CD,1970,2851419386.07225
TZA,NY.GDP.MKTP.CD,1969,5142066811.47328
TZA,NY.GDP.MKTP.CD,1968,4895251824.05927
TZA,NY.GDP.MKTP.CD,1967,4565132047.52718
TZA,NY.GDP.MKTP.CD,1966,4377998825.12047
TZA,NY.GDP.MKTP.CD,1965,3817226546.22938
TZA,NY.GDP.MKTP.CD,1964,3748840925.06363
TZA,NY.GDP.MKTP.CD,1963,3456579293.44828
TZA,NY.GDP.MKTP.CD,1962,3101589992.664
TZA,NY.GDP.MKTP.CD,1961,2826179031.22839
TZA,NY.GDP.MKTP.CD,1960,2651729807.38808
THA,NY.GDP.MKTP.CD,2024,526517658841.684
THA,NY.GDP.MKTP.CD,2023,515906283940.933
THA,NY.GDP.MKTP.CD,2022,495644697587.661
THA,NY.GDP.MKTP.CD,2021,506194668789.937
THA,NY.GDP.MKTP.CD,2020,500461898480.246
THA,NY.GDP.MKTP.CD,2019,543976691793.886
THA,NY.GDP.MKTP.CD,2018,506754208404.485
THA,NY.GDP.MKTP.CD,2017,456356813536.764
THA,NY.GDP.MKTP.CD,2016,413366349747.508
THA,NY.GDP.MKTP.CD,2015,401296238228.084
THA,NY.GDP.MKTP.CD,2014,407339040197.651
THA,NY.GDP.MKTP.CD,2013,420333654592.547
THA,NY.GDP.MKTP.CD,2012,397558325278.579
THA,NY.GDP.MKTP.CD,2011,370818739623.622
THA,NY.GDP.MKTP.CD,2010,341104766329.17
THA,NY.GDP.MKTP.CD,2009,281710630187.319
THA,NY.GDP.MKTP.CD,2008,291382982430.951
THA,NY.GDP.MKTP.CD,2007,262942621455.053
THA,NY.GDP.MKTP.CD,2006,221758296021.621
THA,NY.GDP.MKTP.CD,2005,189318408468.595
THA,NY.GDP.MKTP.CD,2004,172895685154.658
THA,NY.GDP.MKTP.CD,2003,152280615245.887
THA,NY.GDP.MKTP.CD,2002,134300904400.022
THA,NY.GDP.MKTP.CD,2001,120296476180.402
THA,NY.GDP.MKTP.CD,2000,126392224253.794
THA,NY.GDP.MKTP.CD,1999,126669211778.94
THA,NY.GDP.MKTP.CD,1998,113675596787.738
THA,NY.GDP.MKTP.CD,1997,150180456565.728
THA,NY.GDP.MKTP.CD,1996,183035237429.281
THA,NY.GDP.MKTP.CD,1995,169278916592.843
THA,NY.GDP.MKTP.CD,1994,146683778959.101
THA,NY.GDP.MKTP.CD,1993,128889262951.157
THA,NY.GDP.MKTP.CD,1992,111452746517.655
THA,NY.GDP.MKTP.CD,1991,98234714971.0612
THA,NY.GDP.MKTP.CD,1990,85343190719.0107
THA,NY.GDP.MKTP.CD,1989,72250748099.9762
THA,NY.GDP.MKTP.CD,1988,61667253471.3736
THA,NY.GDP.MKTP.CD,1987,50535446554.8769
THA,NY.GDP.MKTP.CD,1986,43096773980.8569
THA,NY.GDP.MKTP.CD,1985,38900711332.5373
THA,NY.GDP.MKTP.CD,1984,41797647775.6238
THA,NY.GDP.MKTP.CD,1983,40042798388.4951
THA,NY.GDP.MKTP.CD,1982,36589772403.7566
THA,NY.GDP.MKTP.CD,1981,34846039193.6131
THA,NY.GDP.MKTP.CD,1980,32353514988.7287
THA,NY.GDP.MKTP.CD,1979,27371650824.5092
THA,NY.GDP.MKTP.CD,1978,24006566636.6855
THA,NY.GDP.MKTP.CD,1977,19779312261.3155
THA,NY.GDP.MKTP.CD,1976,16985208648.2112
THA,NY.GDP.MKTP.CD,1975,14882770593.9796
THA,NY.GDP.MKTP.CD,1974,13702998512.4492
THA,NY.GDP.MKTP.CD,1973,10838587357.7466
THA,NY.GDP.MKTP.CD,1972,8177873151.04224
THA,NY.GDP.MKTP.CD,1971,7375000024.03846
THA,NY.GDP.MKTP.CD,1970,7086538437.5
THA,NY.GDP.MKTP.CD,1969,6695336567.30769
THA,NY.GDP.MKTP.CD,1968,6081009427.88461
THA,NY.GDP.MKTP.CD,1967,5638461442.30769
THA,NY.GDP.MKTP.CD,1966,5279230817.30769
THA,NY.GDP.MKTP.CD,1965,4388937649.03846
THA,NY.GDP.MKTP.CD,1964,3889129942.30769
THA,NY.GDP.MKTP.CD,1963,3540403456.55305
THA,NY.GDP.MKTP.CD,1962,3308912796.93487
THA,NY.GDP.MKTP.CD,1961,3034037810.96795
THA,NY.GDP.MKTP.CD,1960,2760750860.62197
TLS,NY.GDP.MKTP.CD,2024,1865608515.41321
TLS,NY.GDP.MKTP.CD,2023,2079767170.22651
TLS,NY.GDP.MKTP.CD,2022,3208599889.00965
TLS,NY.GDP.MKTP.CD,2021,3625024341.27346
TLS,NY.GDP.MKTP.CD,2020,2162619240.86927
TLS,NY.GDP.MKTP.CD,2019,2032550389.41316
TLS,NY.GDP.MKTP.CD,2018,1555988614.43594
TLS,NY.GDP.MKTP.CD,2017,1584878439.93596
TLS,NY.GDP.MKTP.CD,2016,1640464612.08088
TLS,NY.GDP.MKTP.CD,2015,1590282371.46446
TLS,NY.GDP.MKTP.CD,2014,1447535182.8616
TLS,NY.GDP.MKTP.CD,2013,1395727420.71268
TLS,NY.GDP.MKTP.CD,2012,1160555039.5788
TLS,NY.GDP.MKTP.CD,2011,1042534597.52614
TLS,NY.GDP.MKTP.CD,2010,881909347.096515
TLS,NY.GDP.MKTP.CD,2009,726937835.848612
TLS,NY.GDP.MKTP.CD,2008,648523571.342018
TLS,NY.GDP.MKTP.CD,2007,542795446.507391
TLS,NY.GDP.MKTP.CD,2006,453792414.597114
TLS,NY.GDP.MKTP.CD,2005,462267954.030558
TLS,NY.GDP.MKTP.CD,2004,440771962.234046
TLS,NY.GDP.MKTP.CD,2003,490439116.183565
TLS,NY.GDP.MKTP.CD,2002,469455490.775238
TLS,NY.GDP.MKTP.CD,2001,477359252.614385
TLS,NY.GDP.MKTP.CD,2000,366924276.517996
TLS,NY.GDP.MKTP.CD,1999,225357600.0
TLS,NY.GDP.MKTP.CD,1998,325729800.0
TLS,NY.GDP.MKTP.CD,1997,319972700.0
TLS,NY.GDP.MKTP.CD,1996,306956900.0
TLS,NY.GDP.MKTP.CD,1995,262819900.0
TLS,NY.GDP.MKTP.CD,1994,239040500.0
TLS,NY.GDP.MKTP.CD,1993,216914400.0
TLS,NY.GDP.MKTP.CD,1992,187891500.0
TLS,NY.GDP.MKTP.CD,1991,147713000.0
TLS,NY.GDP.MKTP.CD,1990,128210142.0
TLS,NY.GDP.MKTP.CD,1989,
TLS,NY.GDP.MKTP.CD,1988,
TLS,NY.GDP.MKTP.CD,1987,
TLS,NY.GDP.MKTP.CD,1986,
TLS,NY.GDP.MKTP.CD,1985,
TLS,NY.GDP.MKTP.CD,1984,
TLS,NY.GDP.MKTP.CD,1983,
TLS,NY.GDP.MKTP.CD,1982,
TLS,NY.GDP.MKTP.CD,1981,
TLS,NY.GDP.MKTP.CD,1980,
TLS,NY.GDP.MKTP.CD,1979,
TLS,NY.GDP.MKTP.CD,1978,
TLS,NY.GDP.MKTP.CD,1977,
TLS,NY.GDP.MKTP.CD,1976,
TLS,NY.GDP.MKTP.CD,1975,
TLS,NY.GDP.MKTP.CD,1974,
TLS,NY.GDP.MKTP.CD,1973,
TLS,NY.GDP.MKTP.CD,1972,
TLS,NY.GDP.MKTP.CD,1971,
TLS,NY.GDP.MKTP.CD,1970,
TLS,NY.GDP.MKTP.CD,1969,
TLS,NY.GDP.MKTP.CD,1968,
TLS,NY.GDP.MKTP.CD,1967,
TLS,NY.GDP.MKTP.CD,1966,
TLS,NY.GDP.MKTP.CD,1965,
TLS,NY.GDP.MKTP.CD,1964,
TLS,NY.GDP.MKTP.CD,1963,
TLS,NY.GDP.MKTP.CD,1962,
TLS,NY.GDP.MKTP.CD,1961,
TLS,NY.GDP.MKTP.CD,1960,
TGO,NY.GDP.MKTP.CD,2024,10651180146.531
TGO,NY.GDP.MKTP.CD,2023,9816236302.58515
TGO,NY.GDP.MKTP.CD,2022,8646453099.4124
TGO,NY.GDP.MKTP.CD,2021,8541668141.26198
TGO,NY.GDP.MKTP.CD,2020,7486031561.86885
TGO,NY.GDP.MKTP.CD,2019,6992654019.28876
TGO,NY.GDP.MKTP.CD,2018,7029215766.46367
TGO,NY.GDP.MKTP.CD,2017,6387424239.8801
TGO,NY.GDP.MKTP.CD,2016,6071167584.1951
TGO,NY.GDP.MKTP.CD,2015,5755457836.01866
TGO,NY.GDP.MKTP.CD,2014,6393314707.85456
TGO,NY.GDP.MKTP.CD,2013,6021729629.82454
TGO,NY.GDP.MKTP.CD,2012,5413541649.14901
TGO,NY.GDP.MKTP.CD,2011,5422439152.10906
TGO,NY.GDP.MKTP.CD,2010,4746386893.22553
TGO,NY.GDP.MKTP.CD,2009,4721888275.26937
TGO,NY.GDP.MKTP.CD,2008,4578847112.70688
TGO,NY.GDP.MKTP.CD,2007,3759962853.26476
TGO,NY.GDP.MKTP.CD,2006,3320907721.74508
TGO,NY.GDP.MKTP.CD,2005,3221910408.46516
TGO,NY.GDP.MKTP.CD,2004,3191561508.69088
TGO,NY.GDP.MKTP.CD,2003,2987984050.99318
TGO,NY.GDP.MKTP.CD,2002,2410199032.43102
TGO,NY.GDP.MKTP.CD,2001,2093498674.49678
TGO,NY.GDP.MKTP.CD,2000,2106848752.27753
TGO,NY.GDP.MKTP.CD,1999,2226577203.91399
TGO,NY.GDP.MKTP.CD,1998,2241650112.33333
TGO,NY.GDP.MKTP.CD,1997,2116818622.95834
TGO,NY.GDP.MKTP.CD,1996,2069506014.46659
TGO,NY.GDP.MKTP.CD,1995,1849110468.19569
TGO,NY.GDP.MKTP.CD,1994,1387662121.46736
TGO,NY.GDP.MKTP.CD,1993,1741944426.20894
TGO,NY.GDP.MKTP.CD,1992,2390796915.91958
TGO,NY.GDP.MKTP.CD,1991,2262767860.10937
TGO,NY.GDP.MKTP.CD,1990,2299665505.61434
TGO,NY.GDP.MKTP.CD,1989,1910635575.38044
TGO,NY.GDP.MKTP.CD,1988,1947208354.22555
TGO,NY.GDP.MKTP.CD,1987,1763978065.8368
TGO,NY.GDP.MKTP.CD,1986,1498219578.86978
TGO,NY.GDP.MKTP.CD,1985,1076604520.42427
TGO,NY.GDP.MKTP.CD,1984,1014170069.21689
TGO,NY.GDP.MKTP.CD,1983,1081387264.60786
TGO,NY.GDP.MKTP.CD,1982,1160337039.38068
TGO,NY.GDP.MKTP.CD,1981,1359026709.45126
TGO,NY.GDP.MKTP.CD,1980,1604836915.96662
TGO,NY.GDP.MKTP.CD,1979,1259365711.53521
TGO,NY.GDP.MKTP.CD,1978,1164025637.26464
TGO,NY.GDP.MKTP.CD,1977,1097893825.98815
TGO,NY.GDP.MKTP.CD,1976,874681611.928369
TGO,NY.GDP.MKTP.CD,1975,871781686.907321
TGO,NY.GDP.MKTP.CD,1974,791450308.362944
TGO,NY.GDP.MKTP.CD,1973,574030983.980053
TGO,NY.GDP.MKTP.CD,1972,474043921.843537
TGO,NY.GDP.MKTP.CD,1971,404648367.76644
TGO,NY.GDP.MKTP.CD,1970,358665753.909298
TGO,NY.GDP.MKTP.CD,1969,378091809.602636
TGO,NY.GDP.MKTP.CD,1968,341691567.465593
TGO,NY.GDP.MKTP.CD,1967,327215843.636336
TGO,NY.GDP.MKTP.CD,1966,305227594.821437
TGO,NY.GDP.MKTP.CD,1965,264505506.022433
TGO,NY.GDP.MKTP.CD,1964,234572186.455851
TGO,NY.GDP.MKTP.CD,1963,202305865.235908
TGO,NY.GDP.MKTP.CD,1962,186745757.859216
TGO,NY.GDP.MKTP.CD,1961,178497098.264275
TGO,NY.GDP.MKTP.CD,1960,171057069.137772
TON,NY.GDP.MKTP.CD,2024,
TON,NY.GDP.MKTP.CD,2023,591139749.44287
TON,NY.GDP.MKTP.CD,2022,556514555.400882
TON,NY.GDP.MKTP.CD,2021,519306352.78704
TON,NY.GDP.MKTP.CD,2020,506571467.895978
TON,NY.GDP.MKTP.CD,2019,506031238.979937
TON,NY.GDP.MKTP.CD,2018,493530783.00463
TON,NY.GDP.MKTP.CD,2017,459976850.268529
TON,NY.GDP.MKTP.CD,2016,420828262.317922
TON,NY.GDP.MKTP.CD,2015,437525514.240726
TON,NY.GDP.MKTP.CD,2014,440997738.014078
TON,NY.GDP.MKTP.CD,2013,451788498.263614
TON,NY.GDP.MKTP.CD,2012,471122971.305043
TON,NY.GDP.MKTP.CD,2011,414143828.494419
TON,NY.GDP.MKTP.CD,2010,366887374.989696
TON,NY.GDP.MKTP.CD,2009,312415028.446113
TON,NY.GDP.MKTP.CD,2008,344438844.333518
TON,NY.GDP.MKTP.CD,2007,298519623.342085
TON,NY.GDP.MKTP.CD,2006,292232703.306768
TON,NY.GDP.MKTP.CD,2005,261823805.433238
TON,NY.GDP.MKTP.CD,2004,230678011.42199
TON,NY.GDP.MKTP.CD,2003,202246591.215502
TON,NY.GDP.MKTP.CD,2002,182764280.828501
TON,NY.GDP.MKTP.CD,2001,181117230.406546
TON,NY.GDP.MKTP.CD,2000,204848487.806485
TON,NY.GDP.MKTP.CD,1999,199208717.501913
TON,NY.GDP.MKTP.CD,1998,191504892.761394
TON,NY.GDP.MKTP.CD,1997,214991452.314998
TON,NY.GDP.MKTP.CD,1996,222100576.345483
TON,NY.GDP.MKTP.CD,1995,208871665.748682
TON,NY.GDP.MKTP.CD,1994,195990986.21421
TON,NY.GDP.MKTP.CD,1993,138489884.393064
TON,NY.GDP.MKTP.CD,1992,137066290.550071
TON,NY.GDP.MKTP.CD,1991,132201141.446861
TON,NY.GDP.MKTP.CD,1990,113563821.577404
TON,NY.GDP.MKTP.CD,1989,106344854.986095
TON,NY.GDP.MKTP.CD,1988,106657267.367342
TON,NY.GDP.MKTP.CD,1987,81667133.4546982
TON,NY.GDP.MKTP.CD,1986,68195855.6149733
TON,NY.GDP.MKTP.CD,1985,60058663.3144773
TON,NY.GDP.MKTP.CD,1984,64248354.5414656
TON,NY.GDP.MKTP.CD,1983,60863963.963964
TON,NY.GDP.MKTP.CD,1982,62068161.0711025
TON,NY.GDP.MKTP.CD,1981,62242013.3302689
TON,NY.GDP.MKTP.CD,1980,53260077.4311091
TON,NY.GDP.MKTP.CD,1979,44667002.0120724
TON,NY.GDP.MKTP.CD,1978,41567471.6721987
TON,NY.GDP.MKTP.CD,1977,34139387.8908849
TON,NY.GDP.MKTP.CD,1976,30036416.9619944
TON,NY.GDP.MKTP.CD,1975,32506741.7201204
TON,NY.GDP.MKTP.CD,1974,
TON,NY.GDP.MKTP.CD,1973,
TON,NY.GDP.MKTP.CD,1972,
TON,NY.GDP.MKTP.CD,1971,
TON,NY.GDP.MKTP.CD,1970,
TON,NY.GDP.MKTP.CD,1969,
TON,NY.GDP.MKTP.CD,1968,
TON,NY.GDP.MKTP.CD,1967,
TON,NY.GDP.MKTP.CD,1966,
TON,NY.GDP.MKTP.CD,1965,
TON,NY.GDP.MKTP.CD,1964,
TON,NY.GDP.MKTP.CD,1963,
TON,NY.GDP.MKTP.CD,1962,
TON,NY.GDP.MKTP.CD,1961,
TON,NY.GDP.MKTP.CD,1960,
TTO,NY.GDP.MKTP.CD,2024,25633544529.4849
TTO,NY.GDP.MKTP.CD,2023,25036993423.3664
TTO,NY.GDP.MKTP.CD,2022,28341164301.126
TTO,NY.GDP.MKTP.CD,2021,24222963262.7213
TTO,NY.GDP.MKTP.CD,2020,20888515184.2239
TTO,NY.GDP.MKTP.CD,2019,23477745791.6977
TTO,NY.GDP.MKTP.CD,2018,23883058083.2171
TTO,NY.GDP.MKTP.CD,2017,23830750900.6899
TTO,NY.GDP.MKTP.CD,2016,23624322192.6274
TTO,NY.GDP.MKTP.CD,2015,26841141793.2143
TTO,NY.GDP.MKTP.CD,2014,29474180005.1333
TTO,NY.GDP.MKTP.CD,2013,28560537057.1548
TTO,NY.GDP.MKTP.CD,2012,27147349937.4689
TTO,NY.GDP.MKTP.CD,2011,25433007437.1605
TTO,NY.GDP.MKTP.CD,2010,22157920592.3669
TTO,NY.GDP.MKTP.CD,2009,19172165225.5015
TTO,NY.GDP.MKTP.CD,2008,27871587349.5413
TTO,NY.GDP.MKTP.CD,2007,21641620049.9352
TTO,NY.GDP.MKTP.CD,2006,18369361094.3886
TTO,NY.GDP.MKTP.CD,2005,15982389018.4041
TTO,NY.GDP.MKTP.CD,2004,13280291989.5755
TTO,NY.GDP.MKTP.CD,2003,11305459802.0683
TTO,NY.GDP.MKTP.CD,2002,9008298228.60273
TTO,NY.GDP.MKTP.CD,2001,8824849191.03571
TTO,NY.GDP.MKTP.CD,2000,8154342116.10311
TTO,NY.GDP.MKTP.CD,1999,6808982520.75759
TTO,NY.GDP.MKTP.CD,1998,6043686653.62189
TTO,NY.GDP.MKTP.CD,1997,5737771523.10148
TTO,NY.GDP.MKTP.CD,1996,5759570336.11287
TTO,NY.GDP.MKTP.CD,1995,5329217747.21258
TTO,NY.GDP.MKTP.CD,1994,4947181645.55221
TTO,NY.GDP.MKTP.CD,1993,4669491134.2478
TTO,NY.GDP.MKTP.CD,1992,5439552941.17647
TTO,NY.GDP.MKTP.CD,1991,5307905882.35294
TTO,NY.GDP.MKTP.CD,1990,5068000000.0
TTO,NY.GDP.MKTP.CD,1989,4323058823.52941
TTO,NY.GDP.MKTP.CD,1988,4496910569.10569
TTO,NY.GDP.MKTP.CD,1987,4797777777.77778
TTO,NY.GDP.MKTP.CD,1986,4794444444.44444
TTO,NY.GDP.MKTP.CD,1985,7375918367.34694
TTO,NY.GDP.MKTP.CD,1984,7757083333.33333
TTO,NY.GDP.MKTP.CD,1983,7763750000.0
TTO,NY.GDP.MKTP.CD,1982,8140416666.66667
TTO,NY.GDP.MKTP.CD,1981,6992083333.33333
TTO,NY.GDP.MKTP.CD,1980,6235833333.33333
TTO,NY.GDP.MKTP.CD,1979,4602416625.0
TTO,NY.GDP.MKTP.CD,1978,3562333458.33333
TTO,NY.GDP.MKTP.CD,1977,3138666666.66667
TTO,NY.GDP.MKTP.CD,1976,2500424955.23006
TTO,NY.GDP.MKTP.CD,1975,2442669824.56431
TTO,NY.GDP.MKTP.CD,1974,2042001070.5079
TTO,NY.GDP.MKTP.CD,1973,1308785430.53591
TTO,NY.GDP.MKTP.CD,1972,1083391757.89486
TTO,NY.GDP.MKTP.CD,1971,896765214.626133
TTO,NY.GDP.MKTP.CD,1970,821850000.0
TTO,NY.GDP.MKTP.CD,1969,779200000.0
TTO,NY.GDP.MKTP.CD,1968,758899950.0
TTO,NY.GDP.MKTP.CD,1967,761981912.42271
TTO,NY.GDP.MKTP.CD,1966,723739857.317023
TTO,NY.GDP.MKTP.CD,1965,736573158.567104
TTO,NY.GDP.MKTP.CD,1964,711897520.256199
TTO,NY.GDP.MKTP.CD,1963,678239329.401676
TTO,NY.GDP.MKTP.CD,1962,619322810.026308
TTO,NY.GDP.MKTP.CD,1961,584964620.921781
TTO,NY.GDP.MKTP.CD,1960,535673252.483535
TUN,NY.GDP.MKTP.CD,2024,51332285656.5422
TUN,NY.GDP.MKTP.CD,2023,48205328303.3398
TUN,NY.GDP.MKTP.CD,2022,44929920092.7955
TUN,NY.GDP.MKTP.CD,2021,47073234359.1819
TUN,NY.GDP.MKTP.CD,2020,42491780918.361
TUN,NY.GDP.MKTP.CD,2019,41905642418.825
TUN,NY.GDP.MKTP.CD,2018,42686504459.801
TUN,NY.GDP.MKTP.CD,2017,42163530590.9462
TUN,NY.GDP.MKTP.CD,2016,44360072680.4476
TUN,NY.GDP.MKTP.CD,2015,45779494041.9295
TUN,NY.GDP.MKTP.CD,2014,50271812920.612
TUN,NY.GDP.MKTP.CD,2013,48685446413.953
TUN,NY.GDP.MKTP.CD,2012,47311401812.6733
TUN,NY.GDP.MKTP.CD,2011,48123325825.0739
TUN,NY.GDP.MKTP.CD,2010,46206091937.9628
TUN,NY.GDP.MKTP.CD,2009,43455740497.3061
TUN,NY.GDP.MKTP.CD,2008,44859439902.2191
TUN,NY.GDP.MKTP.CD,2007,38915353866.757
TUN,NY.GDP.MKTP.CD,2006,34376664600.5898
TUN,NY.GDP.MKTP.CD,2005,32272186694.8043
TUN,NY.GDP.MKTP.CD,2004,31183885241.4396
TUN,NY.GDP.MKTP.CD,2003,27453902261.4629
TUN,NY.GDP.MKTP.CD,2002,23141616604.5242
TUN,NY.GDP.MKTP.CD,2001,22065832448.8623
TUN,NY.GDP.MKTP.CD,2000,21473528160.7782
TUN,NY.GDP.MKTP.CD,1999,22943202174.9668
TUN,NY.GDP.MKTP.CD,1998,21802893587.126
TUN,NY.GDP.MKTP.CD,1997,20746210353.845
TUN,NY.GDP.MKTP.CD,1996,19587161806.7655
TUN,NY.GDP.MKTP.CD,1995,18030876599.3444
TUN,NY.GDP.MKTP.CD,1994,15633174304.0905
TUN,NY.GDP.MKTP.CD,1993,14608335608.1543
TUN,NY.GDP.MKTP.CD,1992,15496708060.4184
TUN,NY.GDP.MKTP.CD,1991,13074782608.6957
TUN,NY.GDP.MKTP.CD,1990,12290568181.8182
TUN,NY.GDP.MKTP.CD,1989,10101851744.5627
TUN,NY.GDP.MKTP.CD,1988,10096245762.4352
TUN,NY.GDP.MKTP.CD,1987,9696715910.70907
TUN,NY.GDP.MKTP.CD,1986,9017806654.4169
TUN,NY.GDP.MKTP.CD,1985,8410226052.6114
TUN,NY.GDP.MKTP.CD,1984,8254541194.82566
TUN,NY.GDP.MKTP.CD,1983,8350582747.83541
TUN,NY.GDP.MKTP.CD,1982,8133580051.70251
TUN,NY.GDP.MKTP.CD,1981,8428445294.08429
TUN,NY.GDP.MKTP.CD,1980,8744134354.16152
TUN,NY.GDP.MKTP.CD,1979,7188863903.63675
TUN,NY.GDP.MKTP.CD,1978,5968460080.1113
TUN,NY.GDP.MKTP.CD,1977,5109324009.32401
TUN,NY.GDP.MKTP.CD,1976,4508191942.16081
TUN,NY.GDP.MKTP.CD,1975,4328965587.53266
TUN,NY.GDP.MKTP.CD,1974,3545868575.14639
TUN,NY.GDP.MKTP.CD,1973,2730813385.32624
TUN,NY.GDP.MKTP.CD,1972,2237556148.51085
TUN,NY.GDP.MKTP.CD,1971,1685162272.40652
TUN,NY.GDP.MKTP.CD,1970,1439238095.2381
TUN,NY.GDP.MKTP.CD,1969,1289904761.90476
TUN,NY.GDP.MKTP.CD,1968,1214666666.66667
TUN,NY.GDP.MKTP.CD,1967,1085714285.71429
TUN,NY.GDP.MKTP.CD,1966,1040952380.95238
TUN,NY.GDP.MKTP.CD,1965,991047619.047619
TUN,NY.GDP.MKTP.CD,1964,1025866792.15686
TUN,NY.GDP.MKTP.CD,1963,1026737600.0
TUN,NY.GDP.MKTP.CD,1962,880027733.333333
TUN,NY.GDP.MKTP.CD,1961,866155428.571429
TUN,NY.GDP.MKTP.CD,1960,
TUR,NY.GDP.MKTP.CD,2024,1359123768774.12
TUR,NY.GDP.MKTP.CD,2023,1141242864657.45
TUR,NY.GDP.MKTP.CD,2022,926097476913.818
TUR,NY.GDP.MKTP.CD,2021,839938668172.134
TUR,NY.GDP.MKTP.CD,2020,733628247119.077
TUR,NY.GDP.MKTP.CD,2019,775853144222.613
TUR,NY.GDP.MKTP.CD,2018,788356985773.667
TUR,NY.GDP.MKTP.CD,2017,863874522365.276
TUR,NY.GDP.MKTP.CD,2016,870818016909.84
TUR,NY.GDP.MKTP.CD,2015,865460050683.656
TUR,NY.GDP.MKTP.CD,2014,942343431928.654
TUR,NY.GDP.MKTP.CD,2013,962167643588.925
TUR,NY.GDP.MKTP.CD,2012,885327622479.052
TUR,NY.GDP.MKTP.CD,2011,844192507380.795
TUR,NY.GDP.MKTP.CD,2010,782545664268.333
TUR,NY.GDP.MKTP.CD,2009,653894449921.288
TUR,NY.GDP.MKTP.CD,2008,775415944332.866
TUR,NY.GDP.MKTP.CD,2007,685228481017.03
TUR,NY.GDP.MKTP.CD,2006,559668118237.002
TUR,NY.GDP.MKTP.CD,2005,508314210212.544
TUR,NY.GDP.MKTP.CD,2004,410156784495.948
TUR,NY.GDP.MKTP.CD,2003,315392899922.379
TUR,NY.GDP.MKTP.CD,2002,240778008473.845
TUR,NY.GDP.MKTP.CD,2001,202195080239.036
TUR,NY.GDP.MKTP.CD,2000,274748463178.502
TUR,NY.GDP.MKTP.CD,1999,256673939247.773
TUR,NY.GDP.MKTP.CD,1998,276035372654.608
TUR,NY.GDP.MKTP.CD,1997,263817553748.395
TUR,NY.GDP.MKTP.CD,1996,250366965174.129
TUR,NY.GDP.MKTP.CD,1995,234699627004.035
TUR,NY.GDP.MKTP.CD,1994,130650447499.071
TUR,NY.GDP.MKTP.CD,1993,180415757851.616
TUR,NY.GDP.MKTP.CD,1992,159104772991.851
TUR,NY.GDP.MKTP.CD,1991,151034731543.624
TUR,NY.GDP.MKTP.CD,1990,150655500191.644
TUR,NY.GDP.MKTP.CD,1989,107127191328.935
TUR,NY.GDP.MKTP.CD,1988,90875175808.7201
TUR,NY.GDP.MKTP.CD,1987,87190081680.28
TUR,NY.GDP.MKTP.CD,1986,75673037037.037
TUR,NY.GDP.MKTP.CD,1985,67232758620.6897
TUR,NY.GDP.MKTP.CD,1984,59937602179.8365
TUR,NY.GDP.MKTP.CD,1983,61803555555.5556
TUR,NY.GDP.MKTP.CD,1982,64369325153.3742
TUR,NY.GDP.MKTP.CD,1981,71180180180.1802
TUR,NY.GDP.MKTP.CD,1980,68823684210.5263
TUR,NY.GDP.MKTP.CD,1979,89616129032.2581
TUR,NY.GDP.MKTP.CD,1978,65912500000.0
TUR,NY.GDP.MKTP.CD,1977,58683333333.3333
TUR,NY.GDP.MKTP.CD,1976,51450000000.0
TUR,NY.GDP.MKTP.CD,1975,46042857142.8571
TUR,NY.GDP.MKTP.CD,1974,35414285714.2857
TUR,NY.GDP.MKTP.CD,1973,26000000000.0
TUR,NY.GDP.MKTP.CD,1972,20650000000.0
TUR,NY.GDP.MKTP.CD,1971,16166666666.6667
TUR,NY.GDP.MKTP.CD,1970,17863636363.6364
TUR,NY.GDP.MKTP.CD,1969,19466666666.6667
TUR,NY.GDP.MKTP.CD,1968,17500000000.0
TUR,NY.GDP.MKTP.CD,1967,15644444444.4444
TUR,NY.GDP.MKTP.CD,1966,14100000000.0
TUR,NY.GDP.MKTP.CD,1965,11966666666.6667
TUR,NY.GDP.MKTP.CD,1964,11177777777.7778
TUR,NY.GDP.MKTP.CD,1963,10355555555.5556
TUR,NY.GDP.MKTP.CD,1962,8922222222.22222
TUR,NY.GDP.MKTP.CD,1961,7988888888.88889
TUR,NY.GDP.MKTP.CD,1960,7566666666.66667
TKM,NY.GDP.MKTP.CD,2024,51387209872.2994
TKM,NY.GDP.MKTP.CD,2023,45894538665.5538
TKM,NY.GDP.MKTP.CD,2022,42208726137.7192
TKM,NY.GDP.MKTP.CD,2021,40589905812.0364
TKM,NY.GDP.MKTP.CD,2020,41509903181.7231
TKM,NY.GDP.MKTP.CD,2019,40810067974.509
TKM,NY.GDP.MKTP.CD,2018,40765428571.4286
TKM,NY.GDP.MKTP.CD,2017,37926285714.2857
TKM,NY.GDP.MKTP.CD,2016,36169428571.4286
TKM,NY.GDP.MKTP.CD,2015,35799714285.7143
TKM,NY.GDP.MKTP.CD,2014,43524210526.3158
TKM,NY.GDP.MKTP.CD,2013,39197543859.6491
TKM,NY.GDP.MKTP.CD,2012,35164210526.3158
TKM,NY.GDP.MKTP.CD,2011,29233333333.3333
TKM,NY.GDP.MKTP.CD,2010,22583157894.7368
TKM,NY.GDP.MKTP.CD,2009,20214385964.9123
TKM,NY.GDP.MKTP.CD,2008,19271523178.8079
TKM,NY.GDP.MKTP.CD,2007,12664165103.1895
TKM,NY.GDP.MKTP.CD,2006,10276674364.8961
TKM,NY.GDP.MKTP.CD,2005,8103901996.37024
TKM,NY.GDP.MKTP.CD,2004,6838351088.46688
TKM,NY.GDP.MKTP.CD,2003,5977440582.80171
TKM,NY.GDP.MKTP.CD,2002,4462029108.72349
TKM,NY.GDP.MKTP.CD,2001,3534772732.39746
TKM,NY.GDP.MKTP.CD,2000,2904663310.9825
TKM,NY.GDP.MKTP.CD,1999,2450564100.18292
TKM,NY.GDP.MKTP.CD,1998,2605689134.49042
TKM,NY.GDP.MKTP.CD,1997,2450350625.10407
TKM,NY.GDP.MKTP.CD,1996,2378759975.44506
TKM,NY.GDP.MKTP.CD,1995,2482228439.71407
TKM,NY.GDP.MKTP.CD,1994,2561118608.35516
TKM,NY.GDP.MKTP.CD,1993,3179225948.58114
TKM,NY.GDP.MKTP.CD,1992,3200539816.0601
TKM,NY.GDP.MKTP.CD,1991,3208098919.0146
TKM,NY.GDP.MKTP.CD,1990,3189539641.3171
TKM,NY.GDP.MKTP.CD,1989,3006988216.55045
TKM,NY.GDP.MKTP.CD,1988,3010982414.24425
TKM,NY.GDP.MKTP.CD,1987,2331358819.75954
TKM,NY.GDP.MKTP.CD,1986,
TKM,NY.GDP.MKTP.CD,1985,
TKM,NY.GDP.MKTP.CD,1984,
TKM,NY.GDP.MKTP.CD,1983,
TKM,NY.GDP.MKTP.CD,1982,
TKM,NY.GDP.MKTP.CD,1981,
TKM,NY.GDP.MKTP.CD,1980,
TKM,NY.GDP.MKTP.CD,1979,
TKM,NY.GDP.MKTP.CD,1978,
TKM,NY.GDP.MKTP.CD,1977,
TKM,NY.GDP.MKTP.CD,1976,
TKM,NY.GDP.MKTP.CD,1975,
TKM,NY.GDP.MKTP.CD,1974,
TKM,NY.GDP.MKTP.CD,1973,
TKM,NY.GDP.MKTP.CD,1972,
TKM,NY.GDP.MKTP.CD,1971,
TKM,NY.GDP.MKTP.CD,1970,
TKM,NY.GDP.MKTP.CD,1969,
TKM,NY.GDP.MKTP.CD,1968,
TKM,NY.GDP.MKTP.CD,1967,
TKM,NY.GDP.MKTP.CD,1966,
TKM,NY.GDP.MKTP.CD,1965,
TKM,NY.GDP.MKTP.CD,1964,
TKM,NY.GDP.MKTP.CD,1963,
TKM,NY.GDP.MKTP.CD,1962,
TKM,NY.GDP.MKTP.CD,1961,
TKM,NY.GDP.MKTP.CD,1960,
TCA,NY.GDP.MKTP.CD,2024,1745378000.0
TCA,NY.GDP.MKTP.CD,2023,1638653000.0
TCA,NY.GDP.MKTP.CD,2022,1434119000.0
TCA,NY.GDP.MKTP.CD,2021,1236459000.0
TCA,NY.GDP.MKTP.CD,2020,918387000.0
TCA,NY.GDP.MKTP.CD,2019,1371838000.0
TCA,NY.GDP.MKTP.CD,2018,1314329000.0
TCA,NY.GDP.MKTP.CD,2017,1197958000.0
TCA,NY.GDP.MKTP.CD,2016,1202078000.0
TCA,NY.GDP.MKTP.CD,2015,1078274000.0
TCA,NY.GDP.MKTP.CD,2014,956605000.0
TCA,NY.GDP.MKTP.CD,2013,863328000.0
TCA,NY.GDP.MKTP.CD,2012,832848000.0
TCA,NY.GDP.MKTP.CD,2011,842941000.0
TCA,NY.GDP.MKTP.CD,2010,686788000.0
TCA,NY.GDP.MKTP.CD,2009,703176000.0
TCA,NY.GDP.MKTP.CD,2008,862684000.0
TCA,NY.GDP.MKTP.CD,2007,773490000.0
TCA,NY.GDP.MKTP.CD,2006,721891500.0
TCA,NY.GDP.MKTP.CD,2005,578645800.0
TCA,NY.GDP.MKTP.CD,2004,485598800.0
TCA,NY.GDP.MKTP.CD,2003,409753600.0
TCA,NY.GDP.MKTP.CD,2002,366707900.0
TCA,NY.GDP.MKTP.CD,2001,358744800.0
TCA,NY.GDP.MKTP.CD,2000,
TCA,NY.GDP.MKTP.CD,1999,
TCA,NY.GDP.MKTP.CD,1998,
TCA,NY.GDP.MKTP.CD,1997,
TCA,NY.GDP.MKTP.CD,1996,
TCA,NY.GDP.MKTP.CD,1995,
TCA,NY.GDP.MKTP.CD,1994,
TCA,NY.GDP.MKTP.CD,1993,
TCA,NY.GDP.MKTP.CD,1992,
TCA,NY.GDP.MKTP.CD,1991,
TCA,NY.GDP.MKTP.CD,1990,
TCA,NY.GDP.MKTP.CD,1989,
TCA,NY.GDP.MKTP.CD,1988,
TCA,NY.GDP.MKTP.CD,1987,
TCA,NY.GDP.MKTP.CD,1986,
TCA,NY.GDP.MKTP.CD,1985,
TCA,NY.GDP.MKTP.CD,1984,
TCA,NY.GDP.MKTP.CD,1983,
TCA,NY.GDP.MKTP.CD,1982,
TCA,NY.GDP.MKTP.CD,1981,
TCA,NY.GDP.MKTP.CD,1980,
TCA,NY.GDP.MKTP.CD,1979,
TCA,NY.GDP.MKTP.CD,1978,
TCA,NY.GDP.MKTP.CD,1977,
TCA,NY.GDP.MKTP.CD,1976,
TCA,NY.GDP.MKTP.CD,1975,
TCA,NY.GDP.MKTP.CD,1974,
TCA,NY.GDP.MKTP.CD,1973,
TCA,NY.GDP.MKTP.CD,1972,
TCA,NY.GDP.MKTP.CD,1971,
TCA,NY.GDP.MKTP.CD,1970,
TCA,NY.GDP.MKTP.CD,1969,
TCA,NY.GDP.MKTP.CD,1968,
TCA,NY.GDP.MKTP.CD,1967,
TCA,NY.GDP.MKTP.CD,1966,
TCA,NY.GDP.MKTP.CD,1965,
TCA,NY.GDP.MKTP.CD,1964,
TCA,NY.GDP.MKTP.CD,1963,
TCA,NY.GDP.MKTP.CD,1962,
TCA,NY.GDP.MKTP.CD,1961,
TCA,NY.GDP.MKTP.CD,1960,
TUV,NY.GDP.MKTP.CD,2024,
TUV,NY.GDP.MKTP.CD,2023,62280311.5852172
TUV,NY.GDP.MKTP.CD,2022,59065982.0873657
TUV,NY.GDP.MKTP.CD,2021,60196405.7138393
TUV,NY.GDP.MKTP.CD,2020,51746594.3148543
TUV,NY.GDP.MKTP.CD,2019,54123198.5662913
TUV,NY.GDP.MKTP.CD,2018,48015259.8751356
TUV,NY.GDP.MKTP.CD,2017,45276595.3533146
TUV,NY.GDP.MKTP.CD,2016,41629064.2232388
TUV,NY.GDP.MKTP.CD,2015,36811936.0824587
TUV,NY.GDP.MKTP.CD,2014,38760982.6540096
TUV,NY.GDP.MKTP.CD,2013,38615890.6320745
TUV,NY.GDP.MKTP.CD,2012,39345579.4723758
TUV,NY.GDP.MKTP.CD,2011,39196957.4908996
TUV,NY.GDP.MKTP.CD,2010,32105408.4771121
TUV,NY.GDP.MKTP.CD,2009,28076983.9703819
TUV,NY.GDP.MKTP.CD,2008,31874434.857882
TUV,NY.GDP.MKTP.CD,2007,28450168.692765
TUV,NY.GDP.MKTP.CD,2006,24096875.4635825
TUV,NY.GDP.MKTP.CD,2005,22909979.8163078
TUV,NY.GDP.MKTP.CD,2004,22798274.9795551
TUV,NY.GDP.MKTP.CD,2003,19456338.0318228
TUV,NY.GDP.MKTP.CD,2002,16842672.5952874
TUV,NY.GDP.MKTP.CD,2001,13964732.327114
TUV,NY.GDP.MKTP.CD,2000,15073975.5349377
TUV,NY.GDP.MKTP.CD,1999,14800503.2582747
TUV,NY.GDP.MKTP.CD,1998,13795146.2092638
TUV,NY.GDP.MKTP.CD,1997,13734210.096632
TUV,NY.GDP.MKTP.CD,1996,13338597.3300737
TUV,NY.GDP.MKTP.CD,1995,11922614.1984666
TUV,NY.GDP.MKTP.CD,1994,11772610.6579341
TUV,NY.GDP.MKTP.CD,1993,10414399.9564792
TUV,NY.GDP.MKTP.CD,1992,10535028.1423687
TUV,NY.GDP.MKTP.CD,1991,10127313.9132358
TUV,NY.GDP.MKTP.CD,1990,9542900.90136505
TUV,NY.GDP.MKTP.CD,1989,8454523.24729257
TUV,NY.GDP.MKTP.CD,1988,7011059.37136204
TUV,NY.GDP.MKTP.CD,1987,5020513.49920593
TUV,NY.GDP.MKTP.CD,1986,4574706.2115277
TUV,NY.GDP.MKTP.CD,1985,3862851.88310194
TUV,NY.GDP.MKTP.CD,1984,4481977.90255389
TUV,NY.GDP.MKTP.CD,1983,4152550.30416472
TUV,NY.GDP.MKTP.CD,1982,4118945.16164625
TUV,NY.GDP.MKTP.CD,1981,4773017.53163822
TUV,NY.GDP.MKTP.CD,1980,4206128.13370474
TUV,NY.GDP.MKTP.CD,1979,4065659.43428377
TUV,NY.GDP.MKTP.CD,1978,3798781.86329799
TUV,NY.GDP.MKTP.CD,1977,3669419.59164946
TUV,NY.GDP.MKTP.CD,1976,3919072.22992563
TUV,NY.GDP.MKTP.CD,1975,4014748.0540762
TUV,NY.GDP.MKTP.CD,1974,4122328.66617539
TUV,NY.GDP.MKTP.CD,1973,3411915.43882127
TUV,NY.GDP.MKTP.CD,1972,2968457.94392523
TUV,NY.GDP.MKTP.CD,1971,2716989.58449994
TUV,NY.GDP.MKTP.CD,1970,2585955.87411804
TUV,NY.GDP.MKTP.CD,1969,
TUV,NY.GDP.MKTP.CD,1968,
TUV,NY.GDP.MKTP.CD,1967,
TUV,NY.GDP.MKTP.CD,1966,
TUV,NY.GDP.MKTP.CD,1965,
TUV,NY.GDP.MKTP.CD,1964,
TUV,NY.GDP.MKTP.CD,1963,
TUV,NY.GDP.MKTP.CD,1962,
TUV,NY.GDP.MKTP.CD,1961,
TUV,NY.GDP.MKTP.CD,1960,
UGA,NY.GDP.MKTP.CD,2024,53911907086.1525
UGA,NY.GDP.MKTP.CD,2023,48768955863.3175
UGA,NY.GDP.MKTP.CD,2022,45565333210.9108
UGA,NY.GDP.MKTP.CD,2021,40529788748.6737
UGA,NY.GDP.MKTP.CD,2020,37600368241.6657
UGA,NY.GDP.MKTP.CD,2019,35353061003.4359
UGA,NY.GDP.MKTP.CD,2018,32927025619.6795
UGA,NY.GDP.MKTP.CD,2017,30744473841.424
UGA,NY.GDP.MKTP.CD,2016,29203988696.2626
UGA,NY.GDP.MKTP.CD,2015,32387183730.1002
UGA,NY.GDP.MKTP.CD,2014,32612397257.4458
UGA,NY.GDP.MKTP.CD,2013,28915786516.6123
UGA,NY.GDP.MKTP.CD,2012,27305915910.7877
UGA,NY.GDP.MKTP.CD,2011,27871725241.4723
UGA,NY.GDP.MKTP.CD,2010,26673441430.7857
UGA,NY.GDP.MKTP.CD,2009,25127805566.6584
UGA,NY.GDP.MKTP.CD,2008,14440404132.2047
UGA,NY.GDP.MKTP.CD,2007,11902564494.8833
UGA,NY.GDP.MKTP.CD,2006,9977647682.96954
UGA,NY.GDP.MKTP.CD,2005,9239221763.05793
UGA,NY.GDP.MKTP.CD,2004,7939487547.77384
UGA,NY.GDP.MKTP.CD,2003,6606884275.23087
UGA,NY.GDP.MKTP.CD,2002,6178563591.12051
UGA,NY.GDP.MKTP.CD,2001,5840503868.51573
UGA,NY.GDP.MKTP.CD,2000,6193246837.09687
UGA,NY.GDP.MKTP.CD,1999,5998563257.94659
UGA,NY.GDP.MKTP.CD,1998,6584815846.52754
UGA,NY.GDP.MKTP.CD,1997,6269333313.17108
UGA,NY.GDP.MKTP.CD,1996,6044585326.938
UGA,NY.GDP.MKTP.CD,1995,5755818842.49246
UGA,NY.GDP.MKTP.CD,1994,3990430446.71216
UGA,NY.GDP.MKTP.CD,1993,3220439044.18949
UGA,NY.GDP.MKTP.CD,1992,2857457761.90922
UGA,NY.GDP.MKTP.CD,1991,3321729159.62277
UGA,NY.GDP.MKTP.CD,1990,4304399310.30967
UGA,NY.GDP.MKTP.CD,1989,5276480799.33868
UGA,NY.GDP.MKTP.CD,1988,6508931651.66667
UGA,NY.GDP.MKTP.CD,1987,6269522042.11556
UGA,NY.GDP.MKTP.CD,1986,3923244049.95796
UGA,NY.GDP.MKTP.CD,1985,3519695443.52516
UGA,NY.GDP.MKTP.CD,1984,3615647477.05434
UGA,NY.GDP.MKTP.CD,1983,2240333333.33333
UGA,NY.GDP.MKTP.CD,1982,2177500000.0
UGA,NY.GDP.MKTP.CD,1981,1337300000.0
UGA,NY.GDP.MKTP.CD,1980,1244610000.0
UGA,NY.GDP.MKTP.CD,1979,2139025000.0
UGA,NY.GDP.MKTP.CD,1978,2420260869.56522
UGA,NY.GDP.MKTP.CD,1977,2936470588.23529
UGA,NY.GDP.MKTP.CD,1976,2447300000.0
UGA,NY.GDP.MKTP.CD,1975,2359555555.55556
UGA,NY.GDP.MKTP.CD,1974,2098944967.20844
UGA,NY.GDP.MKTP.CD,1973,1701829789.02127
UGA,NY.GDP.MKTP.CD,1972,1490970180.59639
UGA,NY.GDP.MKTP.CD,1971,1417191656.16688
UGA,NY.GDP.MKTP.CD,1970,1259554808.90382
UGA,NY.GDP.MKTP.CD,1969,1168556628.86742
UGA,NY.GDP.MKTP.CD,1968,1037379252.41495
UGA,NY.GDP.MKTP.CD,1967,967240655.186896
UGA,NY.GDP.MKTP.CD,1966,925381492.370153
UGA,NY.GDP.MKTP.CD,1965,884502309.953801
UGA,NY.GDP.MKTP.CD,1964,589247687.30035
UGA,NY.GDP.MKTP.CD,1963,516315231.449087
UGA,NY.GDP.MKTP.CD,1962,449158233.391351
UGA,NY.GDP.MKTP.CD,1961,441667334.611947
UGA,NY.GDP.MKTP.CD,1960,423145605.043164
UKR,NY.GDP.MKTP.CD,2024,190741262414.705
UKR,NY.GDP.MKTP.CD,2023,181221517868.744
UKR,NY.GDP.MKTP.CD,2022,161989520721.19
UKR,NY.GDP.MKTP.CD,2021,199765859570.935
UKR,NY.GDP.MKTP.CD,2020,156617722013.342
UKR,NY.GDP.MKTP.CD,2019,153883047509.577
UKR,NY.GDP.MKTP.CD,2018,130891088293.55
UKR,NY.GDP.MKTP.CD,2017,112090505081.739
UKR,NY.GDP.MKTP.CD,2016,93355869403.9223
UKR,NY.GDP.MKTP.CD,2015,91030967789.0717
UKR,NY.GDP.MKTP.CD,2014,133503871861.723
UKR,NY.GDP.MKTP.CD,2013,190498811460.028
UKR,NY.GDP.MKTP.CD,2012,182591753827.949
UKR,NY.GDP.MKTP.CD,2011,169333835201.554
UKR,NY.GDP.MKTP.CD,2010,141209170427.233
UKR,NY.GDP.MKTP.CD,2009,121552153444.124
UKR,NY.GDP.MKTP.CD,2008,188110390659.515
UKR,NY.GDP.MKTP.CD,2007,148733861386.139
UKR,NY.GDP.MKTP.CD,2006,111884752475.248
UKR,NY.GDP.MKTP.CD,2005,89238865118.5263
UKR,NY.GDP.MKTP.CD,2004,67220154164.3166
UKR,NY.GDP.MKTP.CD,2003,52010355753.0461
UKR,NY.GDP.MKTP.CD,2002,43956163612.0433
UKR,NY.GDP.MKTP.CD,2001,39309580983.2282
UKR,NY.GDP.MKTP.CD,2000,32375083934.8241
UKR,NY.GDP.MKTP.CD,1999,31580639553.8298
UKR,NY.GDP.MKTP.CD,1998,41882523345.1804
UKR,NY.GDP.MKTP.CD,1997,50151531591.7317
UKR,NY.GDP.MKTP.CD,1996,44558831005.0621
UKR,NY.GDP.MKTP.CD,1995,48213856468.5718
UKR,NY.GDP.MKTP.CD,1994,52549580264.8064
UKR,NY.GDP.MKTP.CD,1993,65648559903.0571
UKR,NY.GDP.MKTP.CD,1992,73945908383.7046
UKR,NY.GDP.MKTP.CD,1991,77350733982.4458
UKR,NY.GDP.MKTP.CD,1990,81393558423.4406
UKR,NY.GDP.MKTP.CD,1989,82709161099.1244
UKR,NY.GDP.MKTP.CD,1988,74703517902.6642
UKR,NY.GDP.MKTP.CD,1987,64087694038.2333
UKR,NY.GDP.MKTP.CD,1986,
UKR,NY.GDP.MKTP.CD,1985,
UKR,NY.GDP.MKTP.CD,1984,
UKR,NY.GDP.MKTP.CD,1983,
UKR,NY.GDP.MKTP.CD,1982,
UKR,NY.GDP.MKTP.CD,1981,
UKR,NY.GDP.MKTP.CD,1980,
UKR,NY.GDP.MKTP.CD,1979,
UKR,NY.GDP.MKTP.CD,1978,
UKR,NY.GDP.MKTP.CD,1977,
UKR,NY.GDP.MKTP.CD,1976,
UKR,NY.GDP.MKTP.CD,1975,
UKR,NY.GDP.MKTP.CD,1974,
UKR,NY.GDP.MKTP.CD,1973,
UKR,NY.GDP.MKTP.CD,1972,
UKR,NY.GDP.MKTP.CD,1971,
UKR,NY.GDP.MKTP.CD,1970,
UKR,NY.GDP.MKTP.CD,1969,
UKR,NY.GDP.MKTP.CD,1968,
UKR,NY.GDP.MKTP.CD,1967,
UKR,NY.GDP.MKTP.CD,1966,
UKR,NY.GDP.MKTP.CD,1965,
UKR,NY.GDP.MKTP.CD,1964,
UKR,NY.GDP.MKTP.CD,1963,
UKR,NY.GDP.MKTP.CD,1962,
UKR,NY.GDP.MKTP.CD,1961,
UKR,NY.GDP.MKTP.CD,1960,
ARE,NY.GDP.MKTP.CD,2024,552324846834.581
ARE,NY.GDP.MKTP.CD,2023,522622191967.325
ARE,NY.GDP.MKTP.CD,2022,511403403675.97
ARE,NY.GDP.MKTP.CD,2021,422441388699.796
ARE,NY.GDP.MKTP.CD,2020,357161878829.135
ARE,NY.GDP.MKTP.CD,2019,433926208304.969
ARE,NY.GDP.MKTP.CD,2018,440560108917.631
ARE,NY.GDP.MKTP.CD,2017,403365010211.028
ARE,NY.GDP.MKTP.CD,2016,381717086453.37
ARE,NY.GDP.MKTP.CD,2015,381973042886.317
ARE,NY.GDP.MKTP.CD,2014,424935874744.724
ARE,NY.GDP.MKTP.CD,2013,409632675289.313
ARE,NY.GDP.MKTP.CD,2012,392793464942.138
ARE,NY.GDP.MKTP.CD,2011,368881143635.126
ARE,NY.GDP.MKTP.CD,2010,307736419332.88
ARE,NY.GDP.MKTP.CD,2009,253547358747.447
ARE,NY.GDP.MKTP.CD,2008,315474615738.598
ARE,NY.GDP.MKTP.CD,2007,257916133424.098
ARE,NY.GDP.MKTP.CD,2006,222116541865.214
ARE,NY.GDP.MKTP.CD,2005,180617467964.602
ARE,NY.GDP.MKTP.CD,2004,147824370319.946
ARE,NY.GDP.MKTP.CD,2003,124346358066.712
ARE,NY.GDP.MKTP.CD,2002,109816201497.617
ARE,NY.GDP.MKTP.CD,2001,103311640571.818
ARE,NY.GDP.MKTP.CD,2000,104337372362.151
ARE,NY.GDP.MKTP.CD,1999,84445473110.9598
ARE,NY.GDP.MKTP.CD,1998,75674336283.1858
ARE,NY.GDP.MKTP.CD,1997,78839008444.5655
ARE,NY.GDP.MKTP.CD,1996,73571233996.1863
ARE,NY.GDP.MKTP.CD,1995,65743666575.8649
ARE,NY.GDP.MKTP.CD,1994,59305093979.842
ARE,NY.GDP.MKTP.CD,1993,55625170253.337
ARE,NY.GDP.MKTP.CD,1992,54239171887.769
ARE,NY.GDP.MKTP.CD,1991,51552165622.4462
ARE,NY.GDP.MKTP.CD,1990,50701443748.2975
ARE,NY.GDP.MKTP.CD,1989,41464995913.9199
ARE,NY.GDP.MKTP.CD,1988,36275674203.2144
ARE,NY.GDP.MKTP.CD,1987,36384908744.2114
ARE,NY.GDP.MKTP.CD,1986,33943612094.7971
ARE,NY.GDP.MKTP.CD,1985,40603650231.5445
ARE,NY.GDP.MKTP.CD,1984,41807954235.903
ARE,NY.GDP.MKTP.CD,1983,42803323345.1376
ARE,NY.GDP.MKTP.CD,1982,46622718605.2847
ARE,NY.GDP.MKTP.CD,1981,49333424135.1131
ARE,NY.GDP.MKTP.CD,1980,43599160050.3322
ARE,NY.GDP.MKTP.CD,1979,31225659620.9951
ARE,NY.GDP.MKTP.CD,1978,23775764224.6832
ARE,NY.GDP.MKTP.CD,1977,24871775164.6043
ARE,NY.GDP.MKTP.CD,1976,19213158778.7928
ARE,NY.GDP.MKTP.CD,1975,14720728248.5355
ARE,NY.GDP.MKTP.CD,1974,11651505689.4244
ARE,NY.GDP.MKTP.CD,1973,4231243615.86089
ARE,NY.GDP.MKTP.CD,1972,1415086929.3006
ARE,NY.GDP.MKTP.CD,1971,939893599.634201
ARE,NY.GDP.MKTP.CD,1970,685986701.316701
ARE,NY.GDP.MKTP.CD,1969,
ARE,NY.GDP.MKTP.CD,1968,
ARE,NY.GDP.MKTP.CD,1967,
ARE,NY.GDP.MKTP.CD,1966,
ARE,NY.GDP.MKTP.CD,1965,
ARE,NY.GDP.MKTP.CD,1964,
ARE,NY.GDP.MKTP.CD,1963,
ARE,NY.GDP.MKTP.CD,1962,
ARE,NY.GDP.MKTP.CD,1961,
ARE,NY.GDP.MKTP.CD,1960,
GBR,NY.GDP.MKTP.CD,2024,3686033044482.13
GBR,NY.GDP.MKTP.CD,2023,3420796653789.08
GBR,NY.GDP.MKTP.CD,2022,3181244350465.41
GBR,NY.GDP.MKTP.CD,2021,3194559188925.93
GBR,NY.GDP.MKTP.CD,2020,2724001478304.59
GBR,NY.GDP.MKTP.CD,2019,2875710080015.3
GBR,NY.GDP.MKTP.CD,2018,2897028009916.05
GBR,NY.GDP.MKTP.CD,2017,2699118387873.1
GBR,NY.GDP.MKTP.CD,2016,2706807606538.73
GBR,NY.GDP.MKTP.CD,2015,2945579890258.46
GBR,NY.GDP.MKTP.CD,2014,3085362169410.29
GBR,NY.GDP.MKTP.CD,2013,2796908333283.39
GBR,NY.GDP.MKTP.CD,2012,2719715961539.83
GBR,NY.GDP.MKTP.CD,2011,2675590034128.66
GBR,NY.GDP.MKTP.CD,2010,2496740681057.14
GBR,NY.GDP.MKTP.CD,2009,2429358155475.93
GBR,NY.GDP.MKTP.CD,2008,2945251838235.29
GBR,NY.GDP.MKTP.CD,2007,3104699879951.98
GBR,NY.GDP.MKTP.CD,2006,2719558417663.29
GBR,NY.GDP.MKTP.CD,2005,2551361818181.82
GBR,NY.GDP.MKTP.CD,2004,2429774807762.72
GBR,NY.GDP.MKTP.CD,2003,2061227755102.04
GBR,NY.GDP.MKTP.CD,2002,1790536570743.41
GBR,NY.GDP.MKTP.CD,2001,1656171009068.66
GBR,NY.GDP.MKTP.CD,2000,1671597821152.97
GBR,NY.GDP.MKTP.CD,1999,1693458987218.9
GBR,NY.GDP.MKTP.CD,1998,1660821464060.95
GBR,NY.GDP.MKTP.CD,1997,1569317288801.57
GBR,NY.GDP.MKTP.CD,1996,1425287051482.06
GBR,NY.GDP.MKTP.CD,1995,1349094208616.06
GBR,NY.GDP.MKTP.CD,1994,1140489745944.29
GBR,NY.GDP.MKTP.CD,1993,1061388722255.55
GBR,NY.GDP.MKTP.CD,1992,1179659529659.53
GBR,NY.GDP.MKTP.CD,1991,1142797178130.51
GBR,NY.GDP.MKTP.CD,1990,1093169389204.55
GBR,NY.GDP.MKTP.CD,1989,926884816753.927
GBR,NY.GDP.MKTP.CD,1988,910122732123.799
GBR,NY.GDP.MKTP.CD,1987,745162608269.325
GBR,NY.GDP.MKTP.CD,1986,601452653180.885
GBR,NY.GDP.MKTP.CD,1985,489285164271.047
GBR,NY.GDP.MKTP.CD,1984,461487097632.349
GBR,NY.GDP.MKTP.CD,1983,489618008185.539
GBR,NY.GDP.MKTP.CD,1982,515048916841.37
GBR,NY.GDP.MKTP.CD,1981,540765675241.158
GBR,NY.GDP.MKTP.CD,1980,564947710899.373
GBR,NY.GDP.MKTP.CD,1979,438994070309.191
GBR,NY.GDP.MKTP.CD,1978,335883029721.956
GBR,NY.GDP.MKTP.CD,1977,263066457352.172
GBR,NY.GDP.MKTP.CD,1976,232614555256.065
GBR,NY.GDP.MKTP.CD,1975,241756637168.142
GBR,NY.GDP.MKTP.CD,1974,206131369798.971
GBR,NY.GDP.MKTP.CD,1973,192537971582.558
GBR,NY.GDP.MKTP.CD,1972,169965034965.035
GBR,NY.GDP.MKTP.CD,1971,148113896325.14
GBR,NY.GDP.MKTP.CD,1970,130671946244.3
GBR,NY.GDP.MKTP.CD,1969,116464702803.218
GBR,NY.GDP.MKTP.CD,1968,107759910067.889
GBR,NY.GDP.MKTP.CD,1967,113116888210.787
GBR,NY.GDP.MKTP.CD,1966,108572752102.045
GBR,NY.GDP.MKTP.CD,1965,101824755078.991
GBR,NY.GDP.MKTP.CD,1964,94407558351.1616
GBR,NY.GDP.MKTP.CD,1963,86561961812.3249
GBR,NY.GDP.MKTP.CD,1962,81247564156.8246
GBR,NY.GDP.MKTP.CD,1961,77741965703.3544
GBR,NY.GDP.MKTP.CD,1960,73233967692.1028
USA,NY.GDP.MKTP.CD,2024,28750956130731.2
USA,NY.GDP.MKTP.CD,2023,27292170793214.4
USA,NY.GDP.MKTP.CD,2022,25604848907611.0
USA,NY.GDP.MKTP.CD,2021,23315080560000.0
USA,NY.GDP.MKTP.CD,2020,21060473613000.0
USA,NY.GDP.MKTP.CD,2019,21380976119000.0
USA,NY.GDP.MKTP.CD,2018,20533057312000.0
USA,NY.GDP.MKTP.CD,2017,19477336549000.0
USA,NY.GDP.MKTP.CD,2016,18695110842000.0
USA,NY.GDP.MKTP.CD,2015,18206020741000.0
USA,NY.GDP.MKTP.CD,2014,17550680174000.0
USA,NY.GDP.MKTP.CD,2013,16843190993000.0
USA,NY.GDP.MKTP.CD,2012,16253972230000.0
USA,NY.GDP.MKTP.CD,2011,15599728123000.0
USA,NY.GDP.MKTP.CD,2010,15048964444000.0
USA,NY.GDP.MKTP.CD,2009,14478064934000.0
USA,NY.GDP.MKTP.CD,2008,14769857911000.0
USA,NY.GDP.MKTP.CD,2007,14474226905000.0
USA,NY.GDP.MKTP.CD,2006,13815586948000.0
USA,NY.GDP.MKTP.CD,2005,13039199193000.0
USA,NY.GDP.MKTP.CD,2004,12217193198000.0
USA,NY.GDP.MKTP.CD,2003,11456442041000.0
USA,NY.GDP.MKTP.CD,2002,10929112955000.0
USA,NY.GDP.MKTP.CD,2001,10581929774000.0
USA,NY.GDP.MKTP.CD,2000,10250947997000.0
USA,NY.GDP.MKTP.CD,1999,9631174489000.0
USA,NY.GDP.MKTP.CD,1998,9062818202000.0
USA,NY.GDP.MKTP.CD,1997,8577554457000.0
USA,NY.GDP.MKTP.CD,1996,8073122000000.0
USA,NY.GDP.MKTP.CD,1995,7639749000000.0
USA,NY.GDP.MKTP.CD,1994,7287236000000.0
USA,NY.GDP.MKTP.CD,1993,6858559000000.0
USA,NY.GDP.MKTP.CD,1992,6520327000000.0
USA,NY.GDP.MKTP.CD,1991,6158129000000.0
USA,NY.GDP.MKTP.CD,1990,5963144000000.0
USA,NY.GDP.MKTP.CD,1989,5641580000000.0
USA,NY.GDP.MKTP.CD,1988,5236438000000.0
USA,NY.GDP.MKTP.CD,1987,4855215000000.0
USA,NY.GDP.MKTP.CD,1986,4579631000000.0
USA,NY.GDP.MKTP.CD,1985,4338979000000.0
USA,NY.GDP.MKTP.CD,1984,4037613000000.0
USA,NY.GDP.MKTP.CD,1983,3634038000000.0
USA,NY.GDP.MKTP.CD,1982,3343789000000.0
USA,NY.GDP.MKTP.CD,1981,3207041000000.0
USA,NY.GDP.MKTP.CD,1980,2857307000000.0
USA,NY.GDP.MKTP.CD,1979,2627333000000.0
USA,NY.GDP.MKTP.CD,1978,2351599000000.0
USA,NY.GDP.MKTP.CD,1977,2081826000000.0
USA,NY.GDP.MKTP.CD,1976,1873412000000.0
USA,NY.GDP.MKTP.CD,1975,1684904000000.0
USA,NY.GDP.MKTP.CD,1974,1545243000000.0
USA,NY.GDP.MKTP.CD,1973,1425376000000.0
USA,NY.GDP.MKTP.CD,1972,1279110000000.0
USA,NY.GDP.MKTP.CD,1971,1164850000000.0
USA,NY.GDP.MKTP.CD,1970,1073303000000.0
USA,NY.GDP.MKTP.CD,1969,1017438172413.79
USA,NY.GDP.MKTP.CD,1968,940225000000.0
USA,NY.GDP.MKTP.CD,1967,859620034482.759
USA,NY.GDP.MKTP.CD,1966,813032758620.69
USA,NY.GDP.MKTP.CD,1965,741904862068.965
USA,NY.GDP.MKTP.CD,1964,684144620689.655
USA,NY.GDP.MKTP.CD,1963,637058551724.138
USA,NY.GDP.MKTP.CD,1962,603639413793.103
USA,NY.GDP.MKTP.CD,1961,561940310344.828
USA,NY.GDP.MKTP.CD,1960,541988586206.897
URY,NY.GDP.MKTP.CD,2024,80961511073.5797
URY,NY.GDP.MKTP.CD,2023,77991666837.7382
URY,NY.GDP.MKTP.CD,2022,70594110920.0358
URY,NY.GDP.MKTP.CD,2021,60739084240.8633
URY,NY.GDP.MKTP.CD,2020,53559359261.826
URY,NY.GDP.MKTP.CD,2019,62222313618.8454
URY,NY.GDP.MKTP.CD,2018,65344577415.7535
URY,NY.GDP.MKTP.CD,2017,65005997963.4822
URY,NY.GDP.MKTP.CD,2016,57480787465.2716
URY,NY.GDP.MKTP.CD,2015,57680327998.6689
URY,NY.GDP.MKTP.CD,2014,61496186973.902
URY,NY.GDP.MKTP.CD,2013,61337621933.7857
URY,NY.GDP.MKTP.CD,2012,54232266358.7811
URY,NY.GDP.MKTP.CD,2011,50342406067.0777
URY,NY.GDP.MKTP.CD,2010,41950361211.9581
URY,NY.GDP.MKTP.CD,2009,32708319077.5179
URY,NY.GDP.MKTP.CD,2008,31119602538.8322
URY,NY.GDP.MKTP.CD,2007,23797773024.3992
URY,NY.GDP.MKTP.CD,2006,19741420739.8901
URY,NY.GDP.MKTP.CD,2005,17362857683.8545
URY,NY.GDP.MKTP.CD,2004,13686329890.1191
URY,NY.GDP.MKTP.CD,2003,12045638351.8507
URY,NY.GDP.MKTP.CD,2002,13606515722.5864
URY,NY.GDP.MKTP.CD,2001,20898761742.2386
URY,NY.GDP.MKTP.CD,2000,22823270892.1094
URY,NY.GDP.MKTP.CD,1999,23983945190.6202
URY,NY.GDP.MKTP.CD,1998,25385886977.5228
URY,NY.GDP.MKTP.CD,1997,23969739233.8966
URY,NY.GDP.MKTP.CD,1996,20515458113.5857
URY,NY.GDP.MKTP.CD,1995,19297663096.5506
URY,NY.GDP.MKTP.CD,1994,17474588895.8918
URY,NY.GDP.MKTP.CD,1993,15002136971.1745
URY,NY.GDP.MKTP.CD,1992,12878148790.7348
URY,NY.GDP.MKTP.CD,1991,11206176650.9075
URY,NY.GDP.MKTP.CD,1990,9298807850.29979
URY,NY.GDP.MKTP.CD,1989,8438951476.06644
URY,NY.GDP.MKTP.CD,1988,8213538368.84635
URY,NY.GDP.MKTP.CD,1987,7367494080.40014
URY,NY.GDP.MKTP.CD,1986,5880112788.40947
URY,NY.GDP.MKTP.CD,1985,4732017873.38369
URY,NY.GDP.MKTP.CD,1984,4850238549.61832
URY,NY.GDP.MKTP.CD,1983,5102276308.45313
URY,NY.GDP.MKTP.CD,1982,9178780076.99713
URY,NY.GDP.MKTP.CD,1981,11048301420.6301
URY,NY.GDP.MKTP.CD,1980,10163020115.7344
URY,NY.GDP.MKTP.CD,1979,7181182224.11227
URY,NY.GDP.MKTP.CD,1978,4910254565.57831
URY,NY.GDP.MKTP.CD,1977,4114670014.3472
URY,NY.GDP.MKTP.CD,1976,3667161241.48372
URY,NY.GDP.MKTP.CD,1975,3538278046.96236
URY,NY.GDP.MKTP.CD,1974,4090209681.97172
URY,NY.GDP.MKTP.CD,1973,3964296443.35254
URY,NY.GDP.MKTP.CD,1972,2189418688.80408
URY,NY.GDP.MKTP.CD,1971,2807258064.51613
URY,NY.GDP.MKTP.CD,1970,2137096774.19355
URY,NY.GDP.MKTP.CD,1969,2004435483.87097
URY,NY.GDP.MKTP.CD,1968,1593674184.56285
URY,NY.GDP.MKTP.CD,1967,1597713469.09611
URY,NY.GDP.MKTP.CD,1966,1809185093.55188
URY,NY.GDP.MKTP.CD,1965,1890767155.52622
URY,NY.GDP.MKTP.CD,1964,1975701816.46615
URY,NY.GDP.MKTP.CD,1963,1539681490.78174
URY,NY.GDP.MKTP.CD,1962,1710004407.22785
URY,NY.GDP.MKTP.CD,1961,1547388781.43133
URY,NY.GDP.MKTP.CD,1960,1242289239.20493
UZB,NY.GDP.MKTP.CD,2024,114965293466.611
UZB,NY.GDP.MKTP.CD,2023,102641879248.764
UZB,NY.GDP.MKTP.CD,2022,90095926567.4359
UZB,NY.GDP.MKTP.CD,2021,77340060003.0347
UZB,NY.GDP.MKTP.CD,2020,66443265418.3086
UZB,NY.GDP.MKTP.CD,2019,67293639798.3996
UZB,NY.GDP.MKTP.CD,2018,58695899092.1083
UZB,NY.GDP.MKTP.CD,2017,69703222282.7278
UZB,NY.GDP.MKTP.CD,2016,86138288644.171
UZB,NY.GDP.MKTP.CD,2015,86196264755.3105
UZB,NY.GDP.MKTP.CD,2014,80845385809.4529
UZB,NY.GDP.MKTP.CD,2013,73180037914.9104
UZB,NY.GDP.MKTP.CD,2012,67517349212.0609
UZB,NY.GDP.MKTP.CD,2011,60178909297.208
UZB,NY.GDP.MKTP.CD,2010,49765676402.4495
UZB,NY.GDP.MKTP.CD,2009,33689223673.2577
UZB,NY.GDP.MKTP.CD,2008,29549438883.8338
UZB,NY.GDP.MKTP.CD,2007,22311393927.8817
UZB,NY.GDP.MKTP.CD,2006,17330833852.919
UZB,NY.GDP.MKTP.CD,2005,14307509838.8053
UZB,NY.GDP.MKTP.CD,2004,12030023547.8807
UZB,NY.GDP.MKTP.CD,2003,10134453435.4603
UZB,NY.GDP.MKTP.CD,2002,9687788512.80184
UZB,NY.GDP.MKTP.CD,2001,11401421329.1974
UZB,NY.GDP.MKTP.CD,2000,13760513969.314
UZB,NY.GDP.MKTP.CD,1999,17078465982.0282
UZB,NY.GDP.MKTP.CD,1998,14988971210.8383
UZB,NY.GDP.MKTP.CD,1997,14744603773.5849
UZB,NY.GDP.MKTP.CD,1996,13948892215.5689
UZB,NY.GDP.MKTP.CD,1995,13350461264.9969
UZB,NY.GDP.MKTP.CD,1994,12899074922.38
UZB,NY.GDP.MKTP.CD,1993,13099920055.9608
UZB,NY.GDP.MKTP.CD,1992,12953801760.2414
UZB,NY.GDP.MKTP.CD,1991,13800167711.5003
UZB,NY.GDP.MKTP.CD,1990,13362340337.8657
UZB,NY.GDP.MKTP.CD,1989,11948815258.1132
UZB,NY.GDP.MKTP.CD,1988,10722799639.3121
UZB,NY.GDP.MKTP.CD,1987,8523160592.61112
UZB,NY.GDP.MKTP.CD,1986,
UZB,NY.GDP.MKTP.CD,1985,
UZB,NY.GDP.MKTP.CD,1984,
UZB,NY.GDP.MKTP.CD,1983,
UZB,NY.GDP.MKTP.CD,1982,
UZB,NY.GDP.MKTP.CD,1981,
UZB,NY.GDP.MKTP.CD,1980,
UZB,NY.GDP.MKTP.CD,1979,
UZB,NY.GDP.MKTP.CD,1978,
UZB,NY.GDP.MKTP.CD,1977,
UZB,NY.GDP.MKTP.CD,1976,
UZB,NY.GDP.MKTP.CD,1975,
UZB,NY.GDP.MKTP.CD,1974,
UZB,NY.GDP.MKTP.CD,1973,
UZB,NY.GDP.MKTP.CD,1972,
UZB,NY.GDP.MKTP.CD,1971,
UZB,NY.GDP.MKTP.CD,1970,
UZB,NY.GDP.MKTP.CD,1969,
UZB,NY.GDP.MKTP.CD,1968,
UZB,NY.GDP.MKTP.CD,1967,
UZB,NY.GDP.MKTP.CD,1966,
UZB,NY.GDP.MKTP.CD,1965,
UZB,NY.GDP.MKTP.CD,1964,
UZB,NY.GDP.MKTP.CD,1963,
UZB,NY.GDP.MKTP.CD,1962,
UZB,NY.GDP.MKTP.CD,1961,
UZB,NY.GDP.MKTP.CD,1960,
VUT,NY.GDP.MKTP.CD,2024,1117972034.22642
VUT,NY.GDP.MKTP.CD,2023,1115861055.72463
VUT,NY.GDP.MKTP.CD,2022,1055031360.57356
VUT,NY.GDP.MKTP.CD,2021,950394006.532514
VUT,NY.GDP.MKTP.CD,2020,909421043.508407
VUT,NY.GDP.MKTP.CD,2019,936526267.622513
VUT,NY.GDP.MKTP.CD,2018,914727908.137793
VUT,NY.GDP.MKTP.CD,2017,880043284.399407
VUT,NY.GDP.MKTP.CD,2016,804323576.861028
VUT,NY.GDP.MKTP.CD,2015,759690180.951654
VUT,NY.GDP.MKTP.CD,2014,773717010.546445
VUT,NY.GDP.MKTP.CD,2013,758304466.245339
VUT,NY.GDP.MKTP.CD,2012,747839697.746593
VUT,NY.GDP.MKTP.CD,2011,770153588.218833
VUT,NY.GDP.MKTP.CD,2010,670712979.682038
VUT,NY.GDP.MKTP.CD,2009,592622319.145664
VUT,NY.GDP.MKTP.CD,2008,590748429.401902
VUT,NY.GDP.MKTP.CD,2007,516392922.513728
VUT,NY.GDP.MKTP.CD,2006,439358586.535588
VUT,NY.GDP.MKTP.CD,2005,394962433.029368
VUT,NY.GDP.MKTP.CD,2004,364996869.129618
VUT,NY.GDP.MKTP.CD,2003,314471413.001776
VUT,NY.GDP.MKTP.CD,2002,262596535.549028
VUT,NY.GDP.MKTP.CD,2001,257926881.72043
VUT,NY.GDP.MKTP.CD,2000,272014627.835262
VUT,NY.GDP.MKTP.CD,1999,268006972.690296
VUT,NY.GDP.MKTP.CD,1998,262293410.708334
VUT,NY.GDP.MKTP.CD,1997,272771209.113662
VUT,NY.GDP.MKTP.CD,1996,261370044.486614
VUT,NY.GDP.MKTP.CD,1995,249333250.082507
VUT,NY.GDP.MKTP.CD,1994,233701301.490486
VUT,NY.GDP.MKTP.CD,1993,200491853.167847
VUT,NY.GDP.MKTP.CD,1992,209088824.608438
VUT,NY.GDP.MKTP.CD,1991,201334169.054441
VUT,NY.GDP.MKTP.CD,1990,168879207.244148
VUT,NY.GDP.MKTP.CD,1989,154013202.116475
VUT,NY.GDP.MKTP.CD,1988,158351368.433149
VUT,NY.GDP.MKTP.CD,1987,139464173.547324
VUT,NY.GDP.MKTP.CD,1986,126498935.335649
VUT,NY.GDP.MKTP.CD,1985,131856420.703184
VUT,NY.GDP.MKTP.CD,1984,144482515.368336
VUT,NY.GDP.MKTP.CD,1983,117389554.191406
VUT,NY.GDP.MKTP.CD,1982,114501912.522867
VUT,NY.GDP.MKTP.CD,1981,113781795.82356
VUT,NY.GDP.MKTP.CD,1980,121185497.569261
VUT,NY.GDP.MKTP.CD,1979,119258835.335525
VUT,NY.GDP.MKTP.CD,1978,
VUT,NY.GDP.MKTP.CD,1977,
VUT,NY.GDP.MKTP.CD,1976,
VUT,NY.GDP.MKTP.CD,1975,
VUT,NY.GDP.MKTP.CD,1974,
VUT,NY.GDP.MKTP.CD,1973,
VUT,NY.GDP.MKTP.CD,1972,
VUT,NY.GDP.MKTP.CD,1971,
VUT,NY.GDP.MKTP.CD,1970,
VUT,NY.GDP.MKTP.CD,1969,
VUT,NY.GDP.MKTP.CD,1968,
VUT,NY.GDP.MKTP.CD,1967,
VUT,NY.GDP.MKTP.CD,1966,
VUT,NY.GDP.MKTP.CD,1965,
VUT,NY.GDP.MKTP.CD,1964,
VUT,NY.GDP.MKTP.CD,1963,
VUT,NY.GDP.MKTP.CD,1962,
VUT,NY.GDP.MKTP.CD,1961,
VUT,NY.GDP.MKTP.CD,1960,
VEN,NY.GDP.MKTP.CD,2024,119802963257.783
VEN,NY.GDP.MKTP.CD,2023,102376526555.948
VEN,NY.GDP.MKTP.CD,2022,89013255584.7499
VEN,NY.GDP.MKTP.CD,2021,56614976854.5499
VEN,NY.GDP.MKTP.CD,2020,42838020721.1995
VEN,NY.GDP.MKTP.CD,2019,73014084091.3
VEN,NY.GDP.MKTP.CD,2018,102021093964.682
VEN,NY.GDP.MKTP.CD,2017,115883275162.586
VEN,NY.GDP.MKTP.CD,2016,112915034262.314
VEN,NY.GDP.MKTP.CD,2015,125449241571.391
VEN,NY.GDP.MKTP.CD,2014,214689614732.719
VEN,NY.GDP.MKTP.CD,2013,258930655486.37
VEN,NY.GDP.MKTP.CD,2012,372592062768.06
VEN,NY.GDP.MKTP.CD,2011,316482190800.364
VEN,NY.GDP.MKTP.CD,2010,393192354510.653
VEN,NY.GDP.MKTP.CD,2009,329787628928.472
VEN,NY.GDP.MKTP.CD,2008,315953388510.678
VEN,NY.GDP.MKTP.CD,2007,230364012575.687
VEN,NY.GDP.MKTP.CD,2006,183477522123.894
VEN,NY.GDP.MKTP.CD,2005,145513489651.872
VEN,NY.GDP.MKTP.CD,2004,112451400424.964
VEN,NY.GDP.MKTP.CD,2003,83620628582.1082
VEN,NY.GDP.MKTP.CD,2002,92893587733.6549
VEN,NY.GDP.MKTP.CD,2001,122911036746.729
VEN,NY.GDP.MKTP.CD,2000,117146466002.661
VEN,NY.GDP.MKTP.CD,1999,97972842461.5131
VEN,NY.GDP.MKTP.CD,1998,91336763255.0597
VEN,NY.GDP.MKTP.CD,1997,85837678559.8324
VEN,NY.GDP.MKTP.CD,1996,70543211119.099
VEN,NY.GDP.MKTP.CD,1995,77389487770.0883
VEN,NY.GDP.MKTP.CD,1994,58418666666.6667
VEN,NY.GDP.MKTP.CD,1993,60037460783.1941
VEN,NY.GDP.MKTP.CD,1992,60416519620.0849
VEN,NY.GDP.MKTP.CD,1991,53453444786.6256
VEN,NY.GDP.MKTP.CD,1990,48606952194.7752
VEN,NY.GDP.MKTP.CD,1989,43536709104.0115
VEN,NY.GDP.MKTP.CD,1988,60226413793.1035
VEN,NY.GDP.MKTP.CD,1987,48029034482.7586
VEN,NY.GDP.MKTP.CD,1986,60516123711.3402
VEN,NY.GDP.MKTP.CD,1985,61965466666.6667
VEN,NY.GDP.MKTP.CD,1984,59867743467.9335
VEN,NY.GDP.MKTP.CD,1983,67556279069.7674
VEN,NY.GDP.MKTP.CD,1982,67736744186.0465
VEN,NY.GDP.MKTP.CD,1981,66327441860.4651
VEN,NY.GDP.MKTP.CD,1980,59116511627.907
VEN,NY.GDP.MKTP.CD,1979,48310930232.5581
VEN,NY.GDP.MKTP.CD,1978,39316279069.7674
VEN,NY.GDP.MKTP.CD,1977,36210697674.4186
VEN,NY.GDP.MKTP.CD,1976,31419534883.7209
VEN,NY.GDP.MKTP.CD,1975,27464651162.7907
VEN,NY.GDP.MKTP.CD,1974,26100930232.5581
VEN,NY.GDP.MKTP.CD,1973,17035581395.3488
VEN,NY.GDP.MKTP.CD,1972,13977727272.7273
VEN,NY.GDP.MKTP.CD,1971,12986590909.0909
VEN,NY.GDP.MKTP.CD,1970,11561111111.1111
VEN,NY.GDP.MKTP.CD,1969,10285111111.1111
VEN,NY.GDP.MKTP.CD,1968,10034444444.4444
VEN,NY.GDP.MKTP.CD,1967,9250000000.0
VEN,NY.GDP.MKTP.CD,1966,8781333333.33333
VEN,NY.GDP.MKTP.CD,1965,8427777777.77778
VEN,NY.GDP.MKTP.CD,1964,8192413793.10345
VEN,NY.GDP.MKTP.CD,1963,9608717288.17057
VEN,NY.GDP.MKTP.CD,1962,8814309884.21165
VEN,NY.GDP.MKTP.CD,1961,8067267030.61862
VEN,NY.GDP.MKTP.CD,1960,7663938303.07171
VNM,NY.GDP.MKTP.CD,2024,476388230307.175
VNM,NY.GDP.MKTP.CD,2023,433857681378.291
VNM,NY.GDP.MKTP.CD,2022,413445230668.578
VNM,NY.GDP.MKTP.CD,2021,366474752771.009
VNM,NY.GDP.MKTP.CD,2020,346615738537.796
VNM,NY.GDP.MKTP.CD,2019,334365270496.667
VNM,NY.GDP.MKTP.CD,2018,310106478394.659
VNM,NY.GDP.MKTP.CD,2017,281353605986.903
VNM,NY.GDP.MKTP.CD,2016,257096001177.982
VNM,NY.GDP.MKTP.CD,2015,239258328381.741
VNM,NY.GDP.MKTP.CD,2014,233451469642.519
VNM,NY.GDP.MKTP.CD,2013,213708811665.34
VNM,NY.GDP.MKTP.CD,2012,195590661129.249
VNM,NY.GDP.MKTP.CD,2011,172595049183.925
VNM,NY.GDP.MKTP.CD,2010,147201173196.979
VNM,NY.GDP.MKTP.CD,2009,106014659565.214
VNM,NY.GDP.MKTP.CD,2008,99130304099.1274
VNM,NY.GDP.MKTP.CD,2007,77414425532.2452
VNM,NY.GDP.MKTP.CD,2006,66371664817.0436
VNM,NY.GDP.MKTP.CD,2005,57633255738.1992
VNM,NY.GDP.MKTP.CD,2004,45427854693.2554
VNM,NY.GDP.MKTP.CD,2003,39552513231.9169
VNM,NY.GDP.MKTP.CD,2002,35064105500.8344
VNM,NY.GDP.MKTP.CD,2001,32685198808.5549
VNM,NY.GDP.MKTP.CD,2000,31172518403.3162
VNM,NY.GDP.MKTP.CD,1999,28683659006.7752
VNM,NY.GDP.MKTP.CD,1998,27209602050.0452
VNM,NY.GDP.MKTP.CD,1997,26843700441.5482
VNM,NY.GDP.MKTP.CD,1996,24657470574.7501
VNM,NY.GDP.MKTP.CD,1995,20736164458.9505
VNM,NY.GDP.MKTP.CD,1994,16286433533.3228
VNM,NY.GDP.MKTP.CD,1993,13180953598.1716
VNM,NY.GDP.MKTP.CD,1992,9866990236.43587
VNM,NY.GDP.MKTP.CD,1991,9613369520.41885
VNM,NY.GDP.MKTP.CD,1990,6471740805.56984
VNM,NY.GDP.MKTP.CD,1989,6293304974.59403
VNM,NY.GDP.MKTP.CD,1988,25423812648.5941
VNM,NY.GDP.MKTP.CD,1987,36658108850.3148
VNM,NY.GDP.MKTP.CD,1986,26336616250.4397
VNM,NY.GDP.MKTP.CD,1985,14094687820.7445
VNM,NY.GDP.MKTP.CD,1984,
VNM,NY.GDP.MKTP.CD,1983,
VNM,NY.GDP.MKTP.CD,1982,
VNM,NY.GDP.MKTP.CD,1981,
VNM,NY.GDP.MKTP.CD,1980,
VNM,NY.GDP.MKTP.CD,1979,
VNM,NY.GDP.MKTP.CD,1978,
VNM,NY.GDP.MKTP.CD,1977,
VNM,NY.GDP.MKTP.CD,1976,
VNM,NY.GDP.MKTP.CD,1975,
VNM,NY.GDP.MKTP.CD,1974,
VNM,NY.GDP.MKTP.CD,1973,
VNM,NY.GDP.MKTP.CD,1972,
VNM,NY.GDP.MKTP.CD,1971,
VNM,NY.GDP.MKTP.CD,1970,
VNM,NY.GDP.MKTP.CD,1969,
VNM,NY.GDP.MKTP.CD,1968,
VNM,NY.GDP.MKTP.CD,1967,
VNM,NY.GDP.MKTP.CD,1966,
VNM,NY.GDP.MKTP.CD,1965,
VNM,NY.GDP.MKTP.CD,1964,
VNM,NY.GDP.MKTP.CD,1963,
VNM,NY.GDP.MKTP.CD,1962,
VNM,NY.GDP.MKTP.CD,1961,
VNM,NY.GDP.MKTP.CD,1960,
VIR,NY.GDP.MKTP.CD,2024,
VIR,NY.GDP.MKTP.CD,2023,
VIR,NY.GDP.MKTP.CD,2022,4672000000.0
VIR,NY.GDP.MKTP.CD,2021,4507000000.0
VIR,NY.GDP.MKTP.CD,2020,4229000000.0
VIR,NY.GDP.MKTP.CD,2019,4121000000.0
VIR,NY.GDP.MKTP.CD,2018,3923000000.0
VIR,NY.GDP.MKTP.CD,2017,3794000000.0
VIR,NY.GDP.MKTP.CD,2016,3798000000.0
VIR,NY.GDP.MKTP.CD,2015,3663000000.0
VIR,NY.GDP.MKTP.CD,2014,3565000000.0
VIR,NY.GDP.MKTP.CD,2013,3738000000.0
VIR,NY.GDP.MKTP.CD,2012,4089000000.0
VIR,NY.GDP.MKTP.CD,2011,4223000000.0
VIR,NY.GDP.MKTP.CD,2010,4324000000.0
VIR,NY.GDP.MKTP.CD,2009,4201000000.0
VIR,NY.GDP.MKTP.CD,2008,4244000000.0
VIR,NY.GDP.MKTP.CD,2007,4784000000.0
VIR,NY.GDP.MKTP.CD,2006,4484000000.0
VIR,NY.GDP.MKTP.CD,2005,4428000000.0
VIR,NY.GDP.MKTP.CD,2004,3797000000.0
VIR,NY.GDP.MKTP.CD,2003,3443000000.0
VIR,NY.GDP.MKTP.CD,2002,3262000000.0
VIR,NY.GDP.MKTP.CD,2001,
VIR,NY.GDP.MKTP.CD,2000,
VIR,NY.GDP.MKTP.CD,1999,
VIR,NY.GDP.MKTP.CD,1998,
VIR,NY.GDP.MKTP.CD,1997,
VIR,NY.GDP.MKTP.CD,1996,
VIR,NY.GDP.MKTP.CD,1995,
VIR,NY.GDP.MKTP.CD,1994,
VIR,NY.GDP.MKTP.CD,1993,
VIR,NY.GDP.MKTP.CD,1992,
VIR,NY.GDP.MKTP.CD,1991,
VIR,NY.GDP.MKTP.CD,1990,
VIR,NY.GDP.MKTP.CD,1989,
VIR,NY.GDP.MKTP.CD,1988,
VIR,NY.GDP.MKTP.CD,1987,
VIR,NY.GDP.MKTP.CD,1986,
VIR,NY.GDP.MKTP.CD,1985,
VIR,NY.GDP.MKTP.CD,1984,
VIR,NY.GDP.MKTP.CD,1983,
VIR,NY.GDP.MKTP.CD,1982,
VIR,NY.GDP.MKTP.CD,1981,
VIR,NY.GDP.MKTP.CD,1980,
VIR,NY.GDP.MKTP.CD,1979,
VIR,NY.GDP.MKTP.CD,1978,
VIR,NY.GDP.MKTP.CD,1977,
VIR,NY.GDP.MKTP.CD,1976,
VIR,NY.GDP.MKTP.CD,1975,
VIR,NY.GDP.MKTP.CD,1974,
VIR,NY.GDP.MKTP.CD,1973,
VIR,NY.GDP.MKTP.CD,1972,
VIR,NY.GDP.MKTP.CD,1971,
VIR,NY.GDP.MKTP.CD,1970,
VIR,NY.GDP.MKTP.CD,1969,
VIR,NY.GDP.MKTP.CD,1968,
VIR,NY.GDP.MKTP.CD,1967,
VIR,NY.GDP.MKTP.CD,1966,
VIR,NY.GDP.MKTP.CD,1965,
VIR,NY.GDP.MKTP.CD,1964,
VIR,NY.GDP.MKTP.CD,1963,
VIR,NY.GDP.MKTP.CD,1962,
VIR,NY.GDP.MKTP.CD,1961,
VIR,NY.GDP.MKTP.CD,1960,
PSE,NY.GDP.MKTP.CD,2024,13711100000.0
PSE,NY.GDP.MKTP.CD,2023,17847900000.0
PSE,NY.GDP.MKTP.CD,2022,19165500000.0
PSE,NY.GDP.MKTP.CD,2021,18109000000.0
PSE,NY.GDP.MKTP.CD,2020,15531700000.0
PSE,NY.GDP.MKTP.CD,2019,17133500000.0
PSE,NY.GDP.MKTP.CD,2018,16276600000.0
PSE,NY.GDP.MKTP.CD,2017,16128000000.0
PSE,NY.GDP.MKTP.CD,2016,15405400000.0
PSE,NY.GDP.MKTP.CD,2015,13972400000.0
PSE,NY.GDP.MKTP.CD,2014,13989700000.0
PSE,NY.GDP.MKTP.CD,2013,13515500000.0
PSE,NY.GDP.MKTP.CD,2012,12208400000.0
PSE,NY.GDP.MKTP.CD,2011,11186100000.0
PSE,NY.GDP.MKTP.CD,2010,9681500000.0
PSE,NY.GDP.MKTP.CD,2009,8085700000.0
PSE,NY.GDP.MKTP.CD,2008,7310400000.0
PSE,NY.GDP.MKTP.CD,2007,5815700000.0
PSE,NY.GDP.MKTP.CD,2006,5348300000.0
PSE,NY.GDP.MKTP.CD,2005,5125700000.0
PSE,NY.GDP.MKTP.CD,2004,4603100000.0
PSE,NY.GDP.MKTP.CD,2003,3968000000.0
PSE,NY.GDP.MKTP.CD,2002,3555800000.0
PSE,NY.GDP.MKTP.CD,2001,4003700000.0
PSE,NY.GDP.MKTP.CD,2000,4313600000.0
PSE,NY.GDP.MKTP.CD,1999,4271200000.0
PSE,NY.GDP.MKTP.CD,1998,4067800000.0
PSE,NY.GDP.MKTP.CD,1997,3759800000.0
PSE,NY.GDP.MKTP.CD,1996,3409600000.0
PSE,NY.GDP.MKTP.CD,1995,3282800000.0
PSE,NY.GDP.MKTP.CD,1994,2843300000.0
PSE,NY.GDP.MKTP.CD,1993,
PSE,NY.GDP.MKTP.CD,1992,
PSE,NY.GDP.MKTP.CD,1991,
PSE,NY.GDP.MKTP.CD,1990,
PSE,NY.GDP.MKTP.CD,1989,
PSE,NY.GDP.MKTP.CD,1988,
PSE,NY.GDP.MKTP.CD,1987,
PSE,NY.GDP.MKTP.CD,1986,
PSE,NY.GDP.MKTP.CD,1985,
PSE,NY.GDP.MKTP.CD,1984,
PSE,NY.GDP.MKTP.CD,1983,
PSE,NY.GDP.MKTP.CD,1982,
PSE,NY.GDP.MKTP.CD,1981,
PSE,NY.GDP.MKTP.CD,1980,
PSE,NY.GDP.MKTP.CD,1979,
PSE,NY.GDP.MKTP.CD,1978,
PSE,NY.GDP.MKTP.CD,1977,
PSE,NY.GDP.MKTP.CD,1976,
PSE,NY.GDP.MKTP.CD,1975,
PSE,NY.GDP.MKTP.CD,1974,
PSE,NY.GDP.MKTP.CD,1973,
PSE,NY.GDP.MKTP.CD,1972,
PSE,NY.GDP.MKTP.CD,1971,
PSE,NY.GDP.MKTP.CD,1970,
PSE,NY.GDP.MKTP.CD,1969,
PSE,NY.GDP.MKTP.CD,1968,
PSE,NY.GDP.MKTP.CD,1967,
PSE,NY.GDP.MKTP.CD,1966,
PSE,NY.GDP.MKTP.CD,1965,
PSE,NY.GDP.MKTP.CD,1964,
PSE,NY.GDP.MKTP.CD,1963,
PSE,NY.GDP.MKTP.CD,1962,
PSE,NY.GDP.MKTP.CD,1961,
PSE,NY.GDP.MKTP.CD,1960,
YEM,NY.GDP.MKTP.CD,2024,
YEM,NY.GDP.MKTP.CD,2023,
YEM,NY.GDP.MKTP.CD,2022,
YEM,NY.GDP.MKTP.CD,2021,
YEM,NY.GDP.MKTP.CD,2020,
YEM,NY.GDP.MKTP.CD,2019,
YEM,NY.GDP.MKTP.CD,2018,21606160663.0318
YEM,NY.GDP.MKTP.CD,2017,26842229044.5848
YEM,NY.GDP.MKTP.CD,2016,31317825274.1507
YEM,NY.GDP.MKTP.CD,2015,42444490073.8555
YEM,NY.GDP.MKTP.CD,2014,43228585321.3272
YEM,NY.GDP.MKTP.CD,2013,40415233436.1767
YEM,NY.GDP.MKTP.CD,2012,35401331609.5916
YEM,NY.GDP.MKTP.CD,2011,32726417878.391
YEM,NY.GDP.MKTP.CD,2010,30906749533.221
YEM,NY.GDP.MKTP.CD,2009,25130278212.5575
YEM,NY.GDP.MKTP.CD,2008,26910855807.288
YEM,NY.GDP.MKTP.CD,2007,21650528674.0933
YEM,NY.GDP.MKTP.CD,2006,19063143369.858
YEM,NY.GDP.MKTP.CD,2005,16731566717.1888
YEM,NY.GDP.MKTP.CD,2004,13867634371.4773
YEM,NY.GDP.MKTP.CD,2003,11777532662.0499
YEM,NY.GDP.MKTP.CD,2002,10693430511.4664
YEM,NY.GDP.MKTP.CD,2001,9852990692.98714
YEM,NY.GDP.MKTP.CD,2000,9679316770.18633
YEM,NY.GDP.MKTP.CD,1999,7639325295.88287
YEM,NY.GDP.MKTP.CD,1998,6322175565.94651
YEM,NY.GDP.MKTP.CD,1997,6838298530.54911
YEM,NY.GDP.MKTP.CD,1996,6496163615.66086
YEM,NY.GDP.MKTP.CD,1995,12796345679.0123
YEM,NY.GDP.MKTP.CD,1994,28019483763.5304
YEM,NY.GDP.MKTP.CD,1993,21736802664.4463
YEM,NY.GDP.MKTP.CD,1992,17959367194.005
YEM,NY.GDP.MKTP.CD,1991,14665445462.1149
YEM,NY.GDP.MKTP.CD,1990,12643821568.9626
YEM,NY.GDP.MKTP.CD,1989,
YEM,NY.GDP.MKTP.CD,1988,
YEM,NY.GDP.MKTP.CD,1987,
YEM,NY.GDP.MKTP.CD,1986,
YEM,NY.GDP.MKTP.CD,1985,
YEM,NY.GDP.MKTP.CD,1984,
YEM,NY.GDP.MKTP.CD,1983,
YEM,NY.GDP.MKTP.CD,1982,
YEM,NY.GDP.MKTP.CD,1981,
YEM,NY.GDP.MKTP.CD,1980,
YEM,NY.GDP.MKTP.CD,1979,
YEM,NY.GDP.MKTP.CD,1978,
YEM,NY.GDP.MKTP.CD,1977,
YEM,NY.GDP.MKTP.CD,1976,
YEM,NY.GDP.MKTP.CD,1975,
YEM,NY.GDP.MKTP.CD,1974,
YEM,NY.GDP.MKTP.CD,1973,
YEM,NY.GDP.MKTP.CD,1972,
YEM,NY.GDP.MKTP.CD,1971,
YEM,NY.GDP.MKTP.CD,1970,
YEM,NY.GDP.MKTP.CD,1969,
YEM,NY.GDP.MKTP.CD,1968,
YEM,NY.GDP.MKTP.CD,1967,
YEM,NY.GDP.MKTP.CD,1966,
YEM,NY.GDP.MKTP.CD,1965,
YEM,NY.GDP.MKTP.CD,1964,
YEM,NY.GDP.MKTP.CD,1963,
YEM,NY.GDP.MKTP.CD,1962,
YEM,NY.GDP.MKTP.CD,1961,
YEM,NY.GDP.MKTP.CD,1960,
ZMB,NY.GDP.MKTP.CD,2024,25303185342.2511
ZMB,NY.GDP.MKTP.CD,2023,27577956471.244
ZMB,NY.GDP.MKTP.CD,2022,29163782140.4858
ZMB,NY.GDP.MKTP.CD,2021,22096416932.0089
ZMB,NY.GDP.MKTP.CD,2020,18137764930.651
ZMB,NY.GDP.MKTP.CD,2019,23308667781.2258
ZMB,NY.GDP.MKTP.CD,2018,26311507273.6735
ZMB,NY.GDP.MKTP.CD,2017,25873601260.8353
ZMB,NY.GDP.MKTP.CD,2016,20958412538.3093
ZMB,NY.GDP.MKTP.CD,2015,21251216798.7762
ZMB,NY.GDP.MKTP.CD,2014,27141023558.0829
ZMB,NY.GDP.MKTP.CD,2013,28037239462.7142
ZMB,NY.GDP.MKTP.CD,2012,25503060420.026
ZMB,NY.GDP.MKTP.CD,2011,23459515275.5776
ZMB,NY.GDP.MKTP.CD,2010,20265559483.8548
ZMB,NY.GDP.MKTP.CD,2009,15328342303.9575
ZMB,NY.GDP.MKTP.CD,2008,17910858637.9048
ZMB,NY.GDP.MKTP.CD,2007,14056957976.2648
ZMB,NY.GDP.MKTP.CD,2006,12756858899.2812
ZMB,NY.GDP.MKTP.CD,2005,8331870169.14977
ZMB,NY.GDP.MKTP.CD,2004,6221110219.45542
ZMB,NY.GDP.MKTP.CD,2003,4901869764.05957
ZMB,NY.GDP.MKTP.CD,2002,4193850445.42632
ZMB,NY.GDP.MKTP.CD,2001,4094441301.21423
ZMB,NY.GDP.MKTP.CD,2000,3600632111.41414
ZMB,NY.GDP.MKTP.CD,1999,3404284890.5306
ZMB,NY.GDP.MKTP.CD,1998,3537741941.89367
ZMB,NY.GDP.MKTP.CD,1997,4303288479.7086
ZMB,NY.GDP.MKTP.CD,1996,3597220962.00017
ZMB,NY.GDP.MKTP.CD,1995,3806983413.16416
ZMB,NY.GDP.MKTP.CD,1994,3656806165.78848
ZMB,NY.GDP.MKTP.CD,1993,3273505343.85539
ZMB,NY.GDP.MKTP.CD,1992,3182810841.01704
ZMB,NY.GDP.MKTP.CD,1991,3376806697.1218
ZMB,NY.GDP.MKTP.CD,1990,3288381797.32415
ZMB,NY.GDP.MKTP.CD,1989,3994673161.02649
ZMB,NY.GDP.MKTP.CD,1988,3728878148.80792
ZMB,NY.GDP.MKTP.CD,1987,2265250972.34879
ZMB,NY.GDP.MKTP.CD,1986,1664413508.09853
ZMB,NY.GDP.MKTP.CD,1985,2252454500.14896
ZMB,NY.GDP.MKTP.CD,1984,2719518932.99541
ZMB,NY.GDP.MKTP.CD,1983,3321048451.15171
ZMB,NY.GDP.MKTP.CD,1982,3871117092.86676
ZMB,NY.GDP.MKTP.CD,1981,4008126497.36464
ZMB,NY.GDP.MKTP.CD,1980,3884530853.76162
ZMB,NY.GDP.MKTP.CD,1979,3353445378.15126
ZMB,NY.GDP.MKTP.CD,1978,2811032472.93922
ZMB,NY.GDP.MKTP.CD,1977,2515296939.60686
ZMB,NY.GDP.MKTP.CD,1976,2742859262.9794
ZMB,NY.GDP.MKTP.CD,1975,2442672140.947
ZMB,NY.GDP.MKTP.CD,1974,2910981262.10018
ZMB,NY.GDP.MKTP.CD,1973,2434255236.99935
ZMB,NY.GDP.MKTP.CD,1972,1872416680.07912
ZMB,NY.GDP.MKTP.CD,1971,1653259341.29113
ZMB,NY.GDP.MKTP.CD,1970,1788779285.2038
ZMB,NY.GDP.MKTP.CD,1969,1926399230.21087
ZMB,NY.GDP.MKTP.CD,1968,1573739371.13375
ZMB,NY.GDP.MKTP.CD,1967,1340639464.28047
ZMB,NY.GDP.MKTP.CD,1966,1238999504.8958
ZMB,NY.GDP.MKTP.CD,1965,1061199575.94465
ZMB,NY.GDP.MKTP.CD,1964,822639671.273187
ZMB,NY.GDP.MKTP.CD,1963,704339718.545848
ZMB,NY.GDP.MKTP.CD,1962,679279728.55982
ZMB,NY.GDP.MKTP.CD,1961,682359727.329053
ZMB,NY.GDP.MKTP.CD,1960,698739720.783607
ZWE,NY.GDP.MKTP.CD,2024,41539411516.4448
ZWE,NY.GDP.MKTP.CD,2023,35871779680.6335
ZWE,NY.GDP.MKTP.CD,2022,40757561708.7741
ZWE,NY.GDP.MKTP.CD,2021,41287673690.0771
ZWE,NY.GDP.MKTP.CD,2020,31980334561.3123
ZWE,NY.GDP.MKTP.CD,2019,33357695635.1284
ZWE,NY.GDP.MKTP.CD,2018,34141666666.6667
ZWE,NY.GDP.MKTP.CD,2017,51035657370.5179
ZWE,NY.GDP.MKTP.CD,2016,20559250000.0
ZWE,NY.GDP.MKTP.CD,2015,19973250000.0
ZWE,NY.GDP.MKTP.CD,2014,19505500000.0
ZWE,NY.GDP.MKTP.CD,2013,19100750000.0
ZWE,NY.GDP.MKTP.CD,2012,17123500000.0
ZWE,NY.GDP.MKTP.CD,2011,14109000000.0
ZWE,NY.GDP.MKTP.CD,2010,12047750000.0
ZWE,NY.GDP.MKTP.CD,2009,9670750000.0
ZWE,NY.GDP.MKTP.CD,2008,4418000000.0
ZWE,NY.GDP.MKTP.CD,2007,5294750000.0
ZWE,NY.GDP.MKTP.CD,2006,5446750000.0
ZWE,NY.GDP.MKTP.CD,2005,5758250000.0
ZWE,NY.GDP.MKTP.CD,2004,5808500000.0
ZWE,NY.GDP.MKTP.CD,2003,5730500000.0
ZWE,NY.GDP.MKTP.CD,2002,6345250000.0
ZWE,NY.GDP.MKTP.CD,2001,6780750000.0
ZWE,NY.GDP.MKTP.CD,2000,6693250000.0
ZWE,NY.GDP.MKTP.CD,1999,6861500000.0
ZWE,NY.GDP.MKTP.CD,1998,6405250000.0
ZWE,NY.GDP.MKTP.CD,1997,8534000000.0
ZWE,NY.GDP.MKTP.CD,1996,8557500000.0
ZWE,NY.GDP.MKTP.CD,1995,7115000000.0
ZWE,NY.GDP.MKTP.CD,1994,6894250000.0
ZWE,NY.GDP.MKTP.CD,1993,6567250000.0
ZWE,NY.GDP.MKTP.CD,1992,6755000000.0
ZWE,NY.GDP.MKTP.CD,1991,8646000000.0
ZWE,NY.GDP.MKTP.CD,1990,8788301546.04498
ZWE,NY.GDP.MKTP.CD,1989,8290553535.28012
ZWE,NY.GDP.MKTP.CD,1988,7818774176.83792
ZWE,NY.GDP.MKTP.CD,1987,6744657033.37727
ZWE,NY.GDP.MKTP.CD,1986,6220698246.72927
ZWE,NY.GDP.MKTP.CD,1985,5640137575.00727
ZWE,NY.GDP.MKTP.CD,1984,6355369171.99585
ZWE,NY.GDP.MKTP.CD,1983,7768031181.67262
ZWE,NY.GDP.MKTP.CD,1982,8544060905.16113
ZWE,NY.GDP.MKTP.CD,1981,8015464251.71692
ZWE,NY.GDP.MKTP.CD,1980,6682278300.2622
ZWE,NY.GDP.MKTP.CD,1979,5180102910.1171
ZWE,NY.GDP.MKTP.CD,1978,4353822342.61788
ZWE,NY.GDP.MKTP.CD,1977,4366610468.65438
ZWE,NY.GDP.MKTP.CD,1976,4320576876.79177
ZWE,NY.GDP.MKTP.CD,1975,4373532601.15703
ZWE,NY.GDP.MKTP.CD,1974,3984194614.19552
ZWE,NY.GDP.MKTP.CD,1973,3311043291.61257
ZWE,NY.GDP.MKTP.CD,1972,2679096596.57517
ZWE,NY.GDP.MKTP.CD,1971,2179828710.18738
ZWE,NY.GDP.MKTP.CD,1970,1885168339.10681
ZWE,NY.GDP.MKTP.CD,1969,1748891294.20526
ZWE,NY.GDP.MKTP.CD,1968,1480355354.94474
ZWE,NY.GDP.MKTP.CD,1967,1397715282.06274
ZWE,NY.GDP.MKTP.CD,1966,1282403936.37681
ZWE,NY.GDP.MKTP.CD,1965,1312105393.62448
ZWE,NY.GDP.MKTP.CD,1964,1217759447.00099
ZWE,NY.GDP.MKTP.CD,1963,1160103724.1325
ZWE,NY.GDP.MKTP.CD,1962,1118172225.65019
ZWE,NY.GDP.MKTP.CD,1961,1097206526.43457
ZWE,NY.GDP.MKTP.CD,1960,1053528036.42755
