country_iso3,indicator,year,value
AFE,NY.GDP.MKTP.KD.ZG,2025,
AFE,NY.GDP.MKTP.KD.ZG,2024,2.76383869054277
AFE,NY.GDP.MKTP.KD.ZG,2023,1.9311603523693
AFE,NY.GDP.MKTP.KD.ZG,2022,3.72271692296214
AFE,NY.GDP.MKTP.KD.ZG,2021,4.57877206871177
AFE,NY.GDP.MKTP.KD.ZG,2020,-2.81757208724623
AFE,NY.GDP.MKTP.KD.ZG,2019,2.03007686221603
AFE,NY.GDP.MKTP.KD.ZG,2018,2.70519413363353
AFE,NY.GDP.MKTP.KD.ZG,2017,2.67752389715308
AFE,NY.GDP.MKTP.KD.ZG,2016,2.13011703002091
AFE,NY.GDP.MKTP.KD.ZG,2015,2.93402965863687
AFE,NY.GDP.MKTP.KD.ZG,2014,3.92038970191821
AFE,NY.GDP.MKTP.KD.ZG,2013,4.35668249727492
AFE,NY.GDP.MKTP.KD.ZG,2012,1.89717291956102
AFE,NY.GDP.MKTP.KD.ZG,2011,4.07747696614018
AFE,NY.GDP.MKTP.KD.ZG,2010,5.30790438645938
AFE,NY.GDP.MKTP.KD.ZG,2009,0.919472850509038
AFE,NY.GDP.MKTP.KD.ZG,2008,4.43752919445292
AFE,NY.GDP.MKTP.KD.ZG,2007,6.70003329209791
AFE,NY.GDP.MKTP.KD.ZG,2006,6.63749738735714
AFE,NY.GDP.MKTP.KD.ZG,2005,6.17365914390395
AFE,NY.GDP.MKTP.KD.ZG,2004,5.63469800866547
AFE,NY.GDP.MKTP.KD.ZG,2003,3.00937249317595
AFE,NY.GDP.MKTP.KD.ZG,2002,3.91711337379634
AFE,NY.GDP.MKTP.KD.ZG,2001,3.50353308518427
AFE,NY.GDP.MKTP.KD.ZG,2000,3.18137506041111
AFE,NY.GDP.MKTP.KD.ZG,1999,2.63418427787336
AFE,NY.GDP.MKTP.KD.ZG,1998,1.7751720856126
AFE,NY.GDP.MKTP.KD.ZG,1997,3.85673898320249
AFE,NY.GDP.MKTP.KD.ZG,1996,5.49911124792519
AFE,NY.GDP.MKTP.KD.ZG,1995,4.35461769115784
AFE,NY.GDP.MKTP.KD.ZG,1994,1.91965438780466
AFE,NY.GDP.MKTP.KD.ZG,1993,-0.839117754770186
AFE,NY.GDP.MKTP.KD.ZG,1992,-2.3952835254757
AFE,NY.GDP.MKTP.KD.ZG,1991,-0.106034110343302
AFE,NY.GDP.MKTP.KD.ZG,1990,0.121363050873086
AFE,NY.GDP.MKTP.KD.ZG,1989,2.66604539363212
AFE,NY.GDP.MKTP.KD.ZG,1988,4.28639838629283
AFE,NY.GDP.MKTP.KD.ZG,1987,3.93855412464519
AFE,NY.GDP.MKTP.KD.ZG,1986,2.27125178255353
AFE,NY.GDP.MKTP.KD.ZG,1985,-0.0858651075100312
AFE,NY.GDP.MKTP.KD.ZG,1984,3.40563887072776
AFE,NY.GDP.MKTP.KD.ZG,1983,0.0636059787264571
AFE,NY.GDP.MKTP.KD.ZG,1982,0.308938009511749
AFE,NY.GDP.MKTP.KD.ZG,1981,3.92867241248305
AFE,NY.GDP.MKTP.KD.ZG,1980,5.45218480068009
AFE,NY.GDP.MKTP.KD.ZG,1979,2.92796187333259
AFE,NY.GDP.MKTP.KD.ZG,1978,1.48086468187634
AFE,NY.GDP.MKTP.KD.ZG,1977,1.11027852130867
AFE,NY.GDP.MKTP.KD.ZG,1976,2.34985603389734
AFE,NY.GDP.MKTP.KD.ZG,1975,1.37454746747537
AFE,NY.GDP.MKTP.KD.ZG,1974,5.47238614419541
AFE,NY.GDP.MKTP.KD.ZG,1973,4.621172092349
AFE,NY.GDP.MKTP.KD.ZG,1972,2.76376404320553
AFE,NY.GDP.MKTP.KD.ZG,1971,5.48226397553549
AFE,NY.GDP.MKTP.KD.ZG,1970,1.11251281717584
AFE,NY.GDP.MKTP.KD.ZG,1969,5.12158717544075
AFE,NY.GDP.MKTP.KD.ZG,1968,4.15633428783231
AFE,NY.GDP.MKTP.KD.ZG,1967,5.33883947820595
AFE,NY.GDP.MKTP.KD.ZG,1966,4.82742095506853
AFE,NY.GDP.MKTP.KD.ZG,1965,5.13816803509262
AFE,NY.GDP.MKTP.KD.ZG,1964,4.64924100146679
AFE,NY.GDP.MKTP.KD.ZG,1963,5.62376362970625
AFE,NY.GDP.MKTP.KD.ZG,1962,7.93703815148825
AFE,NY.GDP.MKTP.KD.ZG,1961,0.418937461020576
AFE,NY.GDP.MKTP.KD.ZG,1960,
AFW,NY.GDP.MKTP.KD.ZG,2025,
AFW,NY.GDP.MKTP.KD.ZG,2024,4.5856736208091
AFW,NY.GDP.MKTP.KD.ZG,2023,3.66242752919044
AFW,NY.GDP.MKTP.KD.ZG,2022,4.47279468511532
AFW,NY.GDP.MKTP.KD.ZG,2021,2.54969083217036
AFW,NY.GDP.MKTP.KD.ZG,2020,-3.73062984236253
AFW,NY.GDP.MKTP.KD.ZG,2019,3.28168276850104
AFW,NY.GDP.MKTP.KD.ZG,2018,2.90466430784954
AFW,NY.GDP.MKTP.KD.ZG,2017,2.29634886599959
AFW,NY.GDP.MKTP.KD.ZG,2016,0.194316483405615
AFW,NY.GDP.MKTP.KD.ZG,2015,2.93286367242145
AFW,NY.GDP.MKTP.KD.ZG,2014,5.6915512073646
AFW,NY.GDP.MKTP.KD.ZG,2013,6.04669213138413
AFW,NY.GDP.MKTP.KD.ZG,2012,5.12970299383294
AFW,NY.GDP.MKTP.KD.ZG,2011,4.92204702375463
AFW,NY.GDP.MKTP.KD.ZG,2010,7.00073960255909
AFW,NY.GDP.MKTP.KD.ZG,2009,6.14119135977269
AFW,NY.GDP.MKTP.KD.ZG,2008,6.21081188431489
AFW,NY.GDP.MKTP.KD.ZG,2007,5.44753043563995
AFW,NY.GDP.MKTP.KD.ZG,2006,5.28717104206022
AFW,NY.GDP.MKTP.KD.ZG,2005,5.79743371948868
AFW,NY.GDP.MKTP.KD.ZG,2004,8.07147345054227
AFW,NY.GDP.MKTP.KD.ZG,2003,5.62636064767845
AFW,NY.GDP.MKTP.KD.ZG,2002,9.94330712251539
AFW,NY.GDP.MKTP.KD.ZG,2001,5.24868324071915
AFW,NY.GDP.MKTP.KD.ZG,2000,3.81216115039309
AFW,NY.GDP.MKTP.KD.ZG,1999,1.51799464318927
AFW,NY.GDP.MKTP.KD.ZG,1998,3.6155976305877
AFW,NY.GDP.MKTP.KD.ZG,1997,4.38782099734694
AFW,NY.GDP.MKTP.KD.ZG,1996,4.62182205216881
AFW,NY.GDP.MKTP.KD.ZG,1995,1.85163689242765
AFW,NY.GDP.MKTP.KD.ZG,1994,-0.228792690878734
AFW,NY.GDP.MKTP.KD.ZG,1993,-1.3255543728517
AFW,NY.GDP.MKTP.KD.ZG,1992,2.28916886356546
AFW,NY.GDP.MKTP.KD.ZG,1991,1.11811895873286
AFW,NY.GDP.MKTP.KD.ZG,1990,5.60085021409205
AFW,NY.GDP.MKTP.KD.ZG,1989,1.72342532197777
AFW,NY.GDP.MKTP.KD.ZG,1988,4.76138100878075
AFW,NY.GDP.MKTP.KD.ZG,1987,1.41061105358675
AFW,NY.GDP.MKTP.KD.ZG,1986,1.26624185274422
AFW,NY.GDP.MKTP.KD.ZG,1985,5.31996313461305
AFW,NY.GDP.MKTP.KD.ZG,1984,0.483812645662198
AFW,NY.GDP.MKTP.KD.ZG,1983,-6.2895899443099
AFW,NY.GDP.MKTP.KD.ZG,1982,-3.27063665913894
AFW,NY.GDP.MKTP.KD.ZG,1981,-6.64079305023681
AFW,NY.GDP.MKTP.KD.ZG,1980,1.86850574363429
AFW,NY.GDP.MKTP.KD.ZG,1979,5.03083922730157
AFW,NY.GDP.MKTP.KD.ZG,1978,-1.91530595482713
AFW,NY.GDP.MKTP.KD.ZG,1977,4.56126630242468
AFW,NY.GDP.MKTP.KD.ZG,1976,8.42212205693677
AFW,NY.GDP.MKTP.KD.ZG,1975,-2.01383191958593
AFW,NY.GDP.MKTP.KD.ZG,1974,9.91590496752517
AFW,NY.GDP.MKTP.KD.ZG,1973,3.92210843504117
AFW,NY.GDP.MKTP.KD.ZG,1972,3.16736906313275
AFW,NY.GDP.MKTP.KD.ZG,1971,10.407374862086
AFW,NY.GDP.MKTP.KD.ZG,1970,17.3093315334455
AFW,NY.GDP.MKTP.KD.ZG,1969,15.0170241159219
AFW,NY.GDP.MKTP.KD.ZG,1968,1.57430332261983
AFW,NY.GDP.MKTP.KD.ZG,1967,-8.96670301203729
AFW,NY.GDP.MKTP.KD.ZG,1966,-1.51301102587755
AFW,NY.GDP.MKTP.KD.ZG,1965,4.10533915696456
AFW,NY.GDP.MKTP.KD.ZG,1964,5.36408884111172
AFW,NY.GDP.MKTP.KD.ZG,1963,7.03838826668665
AFW,NY.GDP.MKTP.KD.ZG,1962,3.7260900517994
AFW,NY.GDP.MKTP.KD.ZG,1961,1.86959316017396
AFW,NY.GDP.MKTP.KD.ZG,1960,
ARB,NY.GDP.MKTP.KD.ZG,2025,
ARB,NY.GDP.MKTP.KD.ZG,2024,1.70353102787844
ARB,NY.GDP.MKTP.KD.ZG,2023,1.63495022269882
ARB,NY.GDP.MKTP.KD.ZG,2022,7.00775934349392
ARB,NY.GDP.MKTP.KD.ZG,2021,4.43160883511413
ARB,NY.GDP.MKTP.KD.ZG,2020,-5.30102786914752
ARB,NY.GDP.MKTP.KD.ZG,2019,1.74778112240244
ARB,NY.GDP.MKTP.KD.ZG,2018,2.67255324455269
ARB,NY.GDP.MKTP.KD.ZG,2017,1.32901000226768
ARB,NY.GDP.MKTP.KD.ZG,2016,3.57286827951262
ARB,NY.GDP.MKTP.KD.ZG,2015,3.35080366726505
ARB,NY.GDP.MKTP.KD.ZG,2014,2.6597523137165
ARB,NY.GDP.MKTP.KD.ZG,2013,2.64732060879508
ARB,NY.GDP.MKTP.KD.ZG,2012,5.49375422924652
ARB,NY.GDP.MKTP.KD.ZG,2011,3.85320358755794
ARB,NY.GDP.MKTP.KD.ZG,2010,4.84064243847079
ARB,NY.GDP.MKTP.KD.ZG,2009,0.648247152976467
ARB,NY.GDP.MKTP.KD.ZG,2008,5.57116008739757
ARB,NY.GDP.MKTP.KD.ZG,2007,4.60116470281086
ARB,NY.GDP.MKTP.KD.ZG,2006,6.27629734101787
ARB,NY.GDP.MKTP.KD.ZG,2005,5.57295529835658
ARB,NY.GDP.MKTP.KD.ZG,2004,9.07459188707816
ARB,NY.GDP.MKTP.KD.ZG,2003,4.29553168417596
ARB,NY.GDP.MKTP.KD.ZG,2002,1.22074845072102
ARB,NY.GDP.MKTP.KD.ZG,2001,2.09740745302985
ARB,NY.GDP.MKTP.KD.ZG,2000,6.33672922415394
ARB,NY.GDP.MKTP.KD.ZG,1999,2.77591869066383
ARB,NY.GDP.MKTP.KD.ZG,1998,4.76529490024946
ARB,NY.GDP.MKTP.KD.ZG,1997,5.44647642581937
ARB,NY.GDP.MKTP.KD.ZG,1996,4.81891470640477
ARB,NY.GDP.MKTP.KD.ZG,1995,2.79717417513079
ARB,NY.GDP.MKTP.KD.ZG,1994,3.35535846189705
ARB,NY.GDP.MKTP.KD.ZG,1993,3.25872270635064
ARB,NY.GDP.MKTP.KD.ZG,1992,6.56285573719843
ARB,NY.GDP.MKTP.KD.ZG,1991,-0.695508853930477
ARB,NY.GDP.MKTP.KD.ZG,1990,7.84688313128599
ARB,NY.GDP.MKTP.KD.ZG,1989,3.81174646867586
ARB,NY.GDP.MKTP.KD.ZG,1988,3.27932030261593
ARB,NY.GDP.MKTP.KD.ZG,1987,0.251323208806838
ARB,NY.GDP.MKTP.KD.ZG,1986,-0.785453375003499
ARB,NY.GDP.MKTP.KD.ZG,1985,-0.842753181311537
ARB,NY.GDP.MKTP.KD.ZG,1984,1.23805255780154
ARB,NY.GDP.MKTP.KD.ZG,1983,-3.76401428366854
ARB,NY.GDP.MKTP.KD.ZG,1982,-5.98818162487498
ARB,NY.GDP.MKTP.KD.ZG,1981,0.849205172141623
ARB,NY.GDP.MKTP.KD.ZG,1980,6.28157920978545
ARB,NY.GDP.MKTP.KD.ZG,1979,10.644372233583
ARB,NY.GDP.MKTP.KD.ZG,1978,2.93918448881402
ARB,NY.GDP.MKTP.KD.ZG,1977,6.60346668639542
ARB,NY.GDP.MKTP.KD.ZG,1976,14.3179019124218
ARB,NY.GDP.MKTP.KD.ZG,1975,-0.0456144446713438
ARB,NY.GDP.MKTP.KD.ZG,1974,10.5187700857058
ARB,NY.GDP.MKTP.KD.ZG,1973,13.2947146479667
ARB,NY.GDP.MKTP.KD.ZG,1972,13.9429069277923
ARB,NY.GDP.MKTP.KD.ZG,1971,7.48160287519151
ARB,NY.GDP.MKTP.KD.ZG,1970,22.9414112371838
ARB,NY.GDP.MKTP.KD.ZG,1969,7.45478053462728
ARB,NY.GDP.MKTP.KD.ZG,1968,10.7806535208567
ARB,NY.GDP.MKTP.KD.ZG,1967,6.78639815686495
ARB,NY.GDP.MKTP.KD.ZG,1966,
ARB,NY.GDP.MKTP.KD.ZG,1965,
ARB,NY.GDP.MKTP.KD.ZG,1964,
ARB,NY.GDP.MKTP.KD.ZG,1963,
ARB,NY.GDP.MKTP.KD.ZG,1962,
ARB,NY.GDP.MKTP.KD.ZG,1961,
ARB,NY.GDP.MKTP.KD.ZG,1960,
CSS,NY.GDP.MKTP.KD.ZG,2025,
CSS,NY.GDP.MKTP.KD.ZG,2024,13.3129250895082
CSS,NY.GDP.MKTP.KD.ZG,2023,8.83833676011841
CSS,NY.GDP.MKTP.KD.ZG,2022,14.8851030062619
CSS,NY.GDP.MKTP.KD.ZG,2021,6.53181248270917
CSS,NY.GDP.MKTP.KD.ZG,2020,-9.0291630332097
CSS,NY.GDP.MKTP.KD.ZG,2019,0.875117819991502
CSS,NY.GDP.MKTP.KD.ZG,2018,1.21087866602529
CSS,NY.GDP.MKTP.KD.ZG,2017,-0.745458058997372
CSS,NY.GDP.MKTP.KD.ZG,2016,-3.08019901728429
CSS,NY.GDP.MKTP.KD.ZG,2015,-0.100918343775831
CSS,NY.GDP.MKTP.KD.ZG,2014,2.59149738961506
CSS,NY.GDP.MKTP.KD.ZG,2013,1.37522571423916
CSS,NY.GDP.MKTP.KD.ZG,2012,4.03485699947825
CSS,NY.GDP.MKTP.KD.ZG,2011,0.886353024582334
CSS,NY.GDP.MKTP.KD.ZG,2010,1.85821449903838
CSS,NY.GDP.MKTP.KD.ZG,2009,-3.39231957790483
CSS,NY.GDP.MKTP.KD.ZG,2008,1.69966604699709
CSS,NY.GDP.MKTP.KD.ZG,2007,3.84674166509373
CSS,NY.GDP.MKTP.KD.ZG,2006,7.83209779101442
CSS,NY.GDP.MKTP.KD.ZG,2005,4.39522842972688
CSS,NY.GDP.MKTP.KD.ZG,2004,4.66068583586366
CSS,NY.GDP.MKTP.KD.ZG,2003,6.09993647177596
CSS,NY.GDP.MKTP.KD.ZG,2002,3.9850481450781
CSS,NY.GDP.MKTP.KD.ZG,2001,2.10316136448954
CSS,NY.GDP.MKTP.KD.ZG,2000,4.69150491054475
CSS,NY.GDP.MKTP.KD.ZG,1999,5.06331005930517
CSS,NY.GDP.MKTP.KD.ZG,1998,4.9190851488808
CSS,NY.GDP.MKTP.KD.ZG,1997,4.61436180305334
CSS,NY.GDP.MKTP.KD.ZG,1996,4.91502475202645
CSS,NY.GDP.MKTP.KD.ZG,1995,3.08294652862304
CSS,NY.GDP.MKTP.KD.ZG,1994,3.33676525451267
CSS,NY.GDP.MKTP.KD.ZG,1993,0.463000318766433
CSS,NY.GDP.MKTP.KD.ZG,1992,2.05282732584287
CSS,NY.GDP.MKTP.KD.ZG,1991,-0.0544393426818601
CSS,NY.GDP.MKTP.KD.ZG,1990,-0.327504848703512
CSS,NY.GDP.MKTP.KD.ZG,1989,3.18424800029773
CSS,NY.GDP.MKTP.KD.ZG,1988,1.72654285026172
CSS,NY.GDP.MKTP.KD.ZG,1987,0.146929927202706
CSS,NY.GDP.MKTP.KD.ZG,1986,1.35417982701233
CSS,NY.GDP.MKTP.KD.ZG,1985,1.08241139674325
CSS,NY.GDP.MKTP.KD.ZG,1984,1.9289522523049
CSS,NY.GDP.MKTP.KD.ZG,1983,-3.5824192257527
CSS,NY.GDP.MKTP.KD.ZG,1982,0.497681372254007
CSS,NY.GDP.MKTP.KD.ZG,1981,0.364471723286954
CSS,NY.GDP.MKTP.KD.ZG,1980,5.19324727555014
CSS,NY.GDP.MKTP.KD.ZG,1979,7.46152613105345
CSS,NY.GDP.MKTP.KD.ZG,1978,7.95536538788855
CSS,NY.GDP.MKTP.KD.ZG,1977,6.71512371461964
CSS,NY.GDP.MKTP.KD.ZG,1976,5.35052493338357
CSS,NY.GDP.MKTP.KD.ZG,1975,-1.71329667499482
CSS,NY.GDP.MKTP.KD.ZG,1974,-2.9210704470068
CSS,NY.GDP.MKTP.KD.ZG,1973,2.4611750393386
CSS,NY.GDP.MKTP.KD.ZG,1972,1.02754421059919
CSS,NY.GDP.MKTP.KD.ZG,1971,2.35766222750789
CSS,NY.GDP.MKTP.KD.ZG,1970,2.13837382423097
CSS,NY.GDP.MKTP.KD.ZG,1969,5.94100201057866
CSS,NY.GDP.MKTP.KD.ZG,1968,6.16246848048736
CSS,NY.GDP.MKTP.KD.ZG,1967,6.6728917114439
CSS,NY.GDP.MKTP.KD.ZG,1966,6.89058322241578
CSS,NY.GDP.MKTP.KD.ZG,1965,7.09273376536601
CSS,NY.GDP.MKTP.KD.ZG,1964,8.10082869284865
CSS,NY.GDP.MKTP.KD.ZG,1963,2.15523648249361
CSS,NY.GDP.MKTP.KD.ZG,1962,5.37517524657545
CSS,NY.GDP.MKTP.KD.ZG,1961,9.66561504945618
CSS,NY.GDP.MKTP.KD.ZG,1960,
CEB,NY.GDP.MKTP.KD.ZG,2025,
CEB,NY.GDP.MKTP.KD.ZG,2024,2.0701601704917
CEB,NY.GDP.MKTP.KD.ZG,2023,0.70736329484285
CEB,NY.GDP.MKTP.KD.ZG,2022,4.04227221314891
CEB,NY.GDP.MKTP.KD.ZG,2021,6.57225386036488
CEB,NY.GDP.MKTP.KD.ZG,2020,-3.30111999071748
CEB,NY.GDP.MKTP.KD.ZG,2019,4.03229063844108
CEB,NY.GDP.MKTP.KD.ZG,2018,4.95337799401428
CEB,NY.GDP.MKTP.KD.ZG,2017,5.1071317914476
CEB,NY.GDP.MKTP.KD.ZG,2016,2.80726176295552
CEB,NY.GDP.MKTP.KD.ZG,2015,4.00166179134685
CEB,NY.GDP.MKTP.KD.ZG,2014,3.26201255415126
CEB,NY.GDP.MKTP.KD.ZG,2013,0.667866777557364
CEB,NY.GDP.MKTP.KD.ZG,2012,0.837956413944042
CEB,NY.GDP.MKTP.KD.ZG,2011,3.60060363619606
CEB,NY.GDP.MKTP.KD.ZG,2010,1.5384784947519
CEB,NY.GDP.MKTP.KD.ZG,2009,-3.62226734473313
CEB,NY.GDP.MKTP.KD.ZG,2008,3.96228066394433
CEB,NY.GDP.MKTP.KD.ZG,2007,6.33886223547218
CEB,NY.GDP.MKTP.KD.ZG,2006,6.64053519444492
CEB,NY.GDP.MKTP.KD.ZG,2005,4.90983938008229
CEB,NY.GDP.MKTP.KD.ZG,2004,5.87404889000118
CEB,NY.GDP.MKTP.KD.ZG,2003,3.99687092421381
CEB,NY.GDP.MKTP.KD.ZG,2002,3.54243996924046
CEB,NY.GDP.MKTP.KD.ZG,2001,3.00541163057468
CEB,NY.GDP.MKTP.KD.ZG,2000,3.94604998247554
CEB,NY.GDP.MKTP.KD.ZG,1999,1.90116646153298
CEB,NY.GDP.MKTP.KD.ZG,1998,2.63367812579986
CEB,NY.GDP.MKTP.KD.ZG,1997,2.2353277343923
CEB,NY.GDP.MKTP.KD.ZG,1996,4.48605490533376
CEB,NY.GDP.MKTP.KD.ZG,1995,5.71152456572696
CEB,NY.GDP.MKTP.KD.ZG,1994,3.6884822604716
CEB,NY.GDP.MKTP.KD.ZG,1993,0.208906815707977
CEB,NY.GDP.MKTP.KD.ZG,1992,-4.93535392308848
CEB,NY.GDP.MKTP.KD.ZG,1991,-10.8722470728009
CEB,NY.GDP.MKTP.KD.ZG,1990,
CEB,NY.GDP.MKTP.KD.ZG,1989,
CEB,NY.GDP.MKTP.KD.ZG,1988,
CEB,NY.GDP.MKTP.KD.ZG,1987,
CEB,NY.GDP.MKTP.KD.ZG,1986,
CEB,NY.GDP.MKTP.KD.ZG,1985,
CEB,NY.GDP.MKTP.KD.ZG,1984,
CEB,NY.GDP.MKTP.KD.ZG,1983,
CEB,NY.GDP.MKTP.KD.ZG,1982,
CEB,NY.GDP.MKTP.KD.ZG,1981,
CEB,NY.GDP.MKTP.KD.ZG,1980,
CEB,NY.GDP.MKTP.KD.ZG,1979,
CEB,NY.GDP.MKTP.KD.ZG,1978,
CEB,NY.GDP.MKTP.KD.ZG,1977,
CEB,NY.GDP.MKTP.KD.ZG,1976,
CEB,NY.GDP.MKTP.KD.ZG,1975,
CEB,NY.GDP.MKTP.KD.ZG,1974,
CEB,NY.GDP.MKTP.KD.ZG,1973,
CEB,NY.GDP.MKTP.KD.ZG,1972,
CEB,NY.GDP.MKTP.KD.ZG,1971,
CEB,NY.GDP.MKTP.KD.ZG,1970,
CEB,NY.GDP.MKTP.KD.ZG,1969,
CEB,NY.GDP.MKTP.KD.ZG,1968,
CEB,NY.GDP.MKTP.KD.ZG,1967,
CEB,NY.GDP.MKTP.KD.ZG,1966,
CEB,NY.GDP.MKTP.KD.ZG,1965,
CEB,NY.GDP.MKTP.KD.ZG,1964,
CEB,NY.GDP.MKTP.KD.ZG,1963,
CEB,NY.GDP.MKTP.KD.ZG,1962,
CEB,NY.GDP.MKTP.KD.ZG,1961,
CEB,NY.GDP.MKTP.KD.ZG,1960,
EAR,NY.GDP.MKTP.KD.ZG,2025,
EAR,NY.GDP.MKTP.KD.ZG,2024,3.66894359356225
EAR,NY.GDP.MKTP.KD.ZG,2023,4.59507205032629
EAR,NY.GDP.MKTP.KD.ZG,2022,6.02119005770159
EAR,NY.GDP.MKTP.KD.ZG,2021,7.50999857340686
EAR,NY.GDP.MKTP.KD.ZG,2020,-4.30295004163716
EAR,NY.GDP.MKTP.KD.ZG,2019,2.26986665615696
EAR,NY.GDP.MKTP.KD.ZG,2018,3.60797948282917
EAR,NY.GDP.MKTP.KD.ZG,2017,4.4871113513677
EAR,NY.GDP.MKTP.KD.ZG,2016,4.13628805469052
EAR,NY.GDP.MKTP.KD.ZG,2015,4.24282022448064
EAR,NY.GDP.MKTP.KD.ZG,2014,3.98571115342467
EAR,NY.GDP.MKTP.KD.ZG,2013,4.03077677401183
EAR,NY.GDP.MKTP.KD.ZG,2012,4.23032506652108
EAR,NY.GDP.MKTP.KD.ZG,2011,4.95235981152094
EAR,NY.GDP.MKTP.KD.ZG,2010,6.38102086180527
EAR,NY.GDP.MKTP.KD.ZG,2009,0.64699504158898
EAR,NY.GDP.MKTP.KD.ZG,2008,3.48673124260084
EAR,NY.GDP.MKTP.KD.ZG,2007,5.76681812549049
EAR,NY.GDP.MKTP.KD.ZG,2006,6.14128391149524
EAR,NY.GDP.MKTP.KD.ZG,2005,5.9717681179724
EAR,NY.GDP.MKTP.KD.ZG,2004,6.36558361842114
EAR,NY.GDP.MKTP.KD.ZG,2003,4.97750125527557
EAR,NY.GDP.MKTP.KD.ZG,2002,1.73460455798586
EAR,NY.GDP.MKTP.KD.ZG,2001,1.2002164554104
EAR,NY.GDP.MKTP.KD.ZG,2000,4.36773102019379
EAR,NY.GDP.MKTP.KD.ZG,1999,2.22374938414885
EAR,NY.GDP.MKTP.KD.ZG,1998,2.39170403989293
EAR,NY.GDP.MKTP.KD.ZG,1997,4.97060838391241
EAR,NY.GDP.MKTP.KD.ZG,1996,5.70696746674018
EAR,NY.GDP.MKTP.KD.ZG,1995,2.52841199258211
EAR,NY.GDP.MKTP.KD.ZG,1994,3.35242887561706
EAR,NY.GDP.MKTP.KD.ZG,1993,3.52115794343888
EAR,NY.GDP.MKTP.KD.ZG,1992,4.13478962931224
EAR,NY.GDP.MKTP.KD.ZG,1991,4.41371859499465
EAR,NY.GDP.MKTP.KD.ZG,1990,5.08724414030326
EAR,NY.GDP.MKTP.KD.ZG,1989,1.97955073325417
EAR,NY.GDP.MKTP.KD.ZG,1988,3.23819839336892
EAR,NY.GDP.MKTP.KD.ZG,1987,2.92210003317466
EAR,NY.GDP.MKTP.KD.ZG,1986,1.53243107046188
EAR,NY.GDP.MKTP.KD.ZG,1985,1.0413329005159
EAR,NY.GDP.MKTP.KD.ZG,1984,2.1295295637342
EAR,NY.GDP.MKTP.KD.ZG,1983,0.313164420126725
EAR,NY.GDP.MKTP.KD.ZG,1982,0.523023893426739
EAR,NY.GDP.MKTP.KD.ZG,1981,3.626548058395
EAR,NY.GDP.MKTP.KD.ZG,1980,3.20895235447523
EAR,NY.GDP.MKTP.KD.ZG,1979,4.05121293156701
EAR,NY.GDP.MKTP.KD.ZG,1978,2.16752098134121
EAR,NY.GDP.MKTP.KD.ZG,1977,4.02513344541633
EAR,NY.GDP.MKTP.KD.ZG,1976,7.01140445810375
EAR,NY.GDP.MKTP.KD.ZG,1975,2.8949607365039
EAR,NY.GDP.MKTP.KD.ZG,1974,6.78924617278416
EAR,NY.GDP.MKTP.KD.ZG,1973,7.04959737278257
EAR,NY.GDP.MKTP.KD.ZG,1972,6.64913470138072
EAR,NY.GDP.MKTP.KD.ZG,1971,5.32741578436054
EAR,NY.GDP.MKTP.KD.ZG,1970,8.40856361374173
EAR,NY.GDP.MKTP.KD.ZG,1969,6.55770061710939
EAR,NY.GDP.MKTP.KD.ZG,1968,7.23083196618784
EAR,NY.GDP.MKTP.KD.ZG,1967,5.5709646242093
EAR,NY.GDP.MKTP.KD.ZG,1966,4.24199437850849
EAR,NY.GDP.MKTP.KD.ZG,1965,6.08430849612473
EAR,NY.GDP.MKTP.KD.ZG,1964,8.45186156961788
EAR,NY.GDP.MKTP.KD.ZG,1963,5.27478191139291
EAR,NY.GDP.MKTP.KD.ZG,1962,4.17342049400288
EAR,NY.GDP.MKTP.KD.ZG,1961,4.74386870880745
EAR,NY.GDP.MKTP.KD.ZG,1960,
EAS,NY.GDP.MKTP.KD.ZG,2025,
EAS,NY.GDP.MKTP.KD.ZG,2024,3.79010550023051
EAS,NY.GDP.MKTP.KD.ZG,2023,4.20566738267351
EAS,NY.GDP.MKTP.KD.ZG,2022,2.9996184966993
EAS,NY.GDP.MKTP.KD.ZG,2021,6.34482611371077
EAS,NY.GDP.MKTP.KD.ZG,2020,-0.0574924656287692
EAS,NY.GDP.MKTP.KD.ZG,2019,4.04297018230737
EAS,NY.GDP.MKTP.KD.ZG,2018,4.79489718189352
EAS,NY.GDP.MKTP.KD.ZG,2017,5.0621276153982
EAS,NY.GDP.MKTP.KD.ZG,2016,4.65562872024383
EAS,NY.GDP.MKTP.KD.ZG,2015,4.7187640804806
EAS,NY.GDP.MKTP.KD.ZG,2014,4.79835612587867
EAS,NY.GDP.MKTP.KD.ZG,2013,5.27881586451304
EAS,NY.GDP.MKTP.KD.ZG,2012,5.20891395964568
EAS,NY.GDP.MKTP.KD.ZG,2011,5.45100196166661
EAS,NY.GDP.MKTP.KD.ZG,2010,7.62675265966158
EAS,NY.GDP.MKTP.KD.ZG,2009,2.62409609496959
EAS,NY.GDP.MKTP.KD.ZG,2008,4.43315617318123
EAS,NY.GDP.MKTP.KD.ZG,2007,7.48405766634296
EAS,NY.GDP.MKTP.KD.ZG,2006,6.47993129557409
EAS,NY.GDP.MKTP.KD.ZG,2005,5.9566497873921
EAS,NY.GDP.MKTP.KD.ZG,2004,5.8961192968507
EAS,NY.GDP.MKTP.KD.ZG,2003,4.99196829478505
EAS,NY.GDP.MKTP.KD.ZG,2002,4.44552675504879
EAS,NY.GDP.MKTP.KD.ZG,2001,3.31347260685814
EAS,NY.GDP.MKTP.KD.ZG,2000,5.46046822047464
EAS,NY.GDP.MKTP.KD.ZG,1999,3.81114222656306
EAS,NY.GDP.MKTP.KD.ZG,1998,0.491547066001303
EAS,NY.GDP.MKTP.KD.ZG,1997,4.10983108092348
EAS,NY.GDP.MKTP.KD.ZG,1996,5.65663628691702
EAS,NY.GDP.MKTP.KD.ZG,1995,5.71705419505545
EAS,NY.GDP.MKTP.KD.ZG,1994,5.27325639243882
EAS,NY.GDP.MKTP.KD.ZG,1993,4.24372190081594
EAS,NY.GDP.MKTP.KD.ZG,1992,4.28055575052421
EAS,NY.GDP.MKTP.KD.ZG,1991,4.89960593153
EAS,NY.GDP.MKTP.KD.ZG,1990,5.08586209559229
EAS,NY.GDP.MKTP.KD.ZG,1989,5.14911457873428
EAS,NY.GDP.MKTP.KD.ZG,1988,7.62358174636913
EAS,NY.GDP.MKTP.KD.ZG,1987,6.28617246267005
EAS,NY.GDP.MKTP.KD.ZG,1986,4.93664987808855
EAS,NY.GDP.MKTP.KD.ZG,1985,5.71243762583053
EAS,NY.GDP.MKTP.KD.ZG,1984,6.17753895711249
EAS,NY.GDP.MKTP.KD.ZG,1983,4.43118497580919
EAS,NY.GDP.MKTP.KD.ZG,1982,4.16312048093772
EAS,NY.GDP.MKTP.KD.ZG,1981,4.63773646988462
EAS,NY.GDP.MKTP.KD.ZG,1980,3.75031679759388
EAS,NY.GDP.MKTP.KD.ZG,1979,5.93244256665122
EAS,NY.GDP.MKTP.KD.ZG,1978,5.80299278186654
EAS,NY.GDP.MKTP.KD.ZG,1977,5.20541278042658
EAS,NY.GDP.MKTP.KD.ZG,1976,4.18279627283766
EAS,NY.GDP.MKTP.KD.ZG,1975,3.55238184721003
EAS,NY.GDP.MKTP.KD.ZG,1974,1.02439696031198
EAS,NY.GDP.MKTP.KD.ZG,1973,7.6683448812699
EAS,NY.GDP.MKTP.KD.ZG,1972,7.15999033432391
EAS,NY.GDP.MKTP.KD.ZG,1971,5.28555987212181
EAS,NY.GDP.MKTP.KD.ZG,1970,3.91381313977375
EAS,NY.GDP.MKTP.KD.ZG,1969,11.4818231583427
EAS,NY.GDP.MKTP.KD.ZG,1968,9.31088087283536
EAS,NY.GDP.MKTP.KD.ZG,1967,7.33061876330179
EAS,NY.GDP.MKTP.KD.ZG,1966,8.60914141178432
EAS,NY.GDP.MKTP.KD.ZG,1965,6.98145664396364
EAS,NY.GDP.MKTP.KD.ZG,1964,10.4027938507156
EAS,NY.GDP.MKTP.KD.ZG,1963,7.76580390884283
EAS,NY.GDP.MKTP.KD.ZG,1962,5.43480871519111
EAS,NY.GDP.MKTP.KD.ZG,1961,3.78004537582115
EAS,NY.GDP.MKTP.KD.ZG,1960,
EAP,NY.GDP.MKTP.KD.ZG,2025,
EAP,NY.GDP.MKTP.KD.ZG,2024,4.96144388249684
EAP,NY.GDP.MKTP.KD.ZG,2023,5.25527986417276
EAP,NY.GDP.MKTP.KD.ZG,2022,3.54811147025219
EAP,NY.GDP.MKTP.KD.ZG,2021,7.71979646853708
EAP,NY.GDP.MKTP.KD.ZG,2020,1.34522560098827
EAP,NY.GDP.MKTP.KD.ZG,2019,5.88586101772282
EAP,NY.GDP.MKTP.KD.ZG,2018,6.53713724894706
EAP,NY.GDP.MKTP.KD.ZG,2017,6.66672230599954
EAP,NY.GDP.MKTP.KD.ZG,2016,6.51009063718404
EAP,NY.GDP.MKTP.KD.ZG,2015,6.6614246586106
EAP,NY.GDP.MKTP.KD.ZG,2014,7.02297626347401
EAP,NY.GDP.MKTP.KD.ZG,2013,7.31754182442093
EAP,NY.GDP.MKTP.KD.ZG,2012,7.57914812749358
EAP,NY.GDP.MKTP.KD.ZG,2011,8.58482682972515
EAP,NY.GDP.MKTP.KD.ZG,2010,9.89795112070593
EAP,NY.GDP.MKTP.KD.ZG,2009,8.01603787822016
EAP,NY.GDP.MKTP.KD.ZG,2008,8.64882758953465
EAP,NY.GDP.MKTP.KD.ZG,2007,12.451766841908
EAP,NY.GDP.MKTP.KD.ZG,2006,11.0703093286525
EAP,NY.GDP.MKTP.KD.ZG,2005,10.0494089212275
EAP,NY.GDP.MKTP.KD.ZG,2004,9.14914906890942
EAP,NY.GDP.MKTP.KD.ZG,2003,9.02400838958577
EAP,NY.GDP.MKTP.KD.ZG,2002,8.15516032067922
EAP,NY.GDP.MKTP.KD.ZG,2001,6.98057065855873
EAP,NY.GDP.MKTP.KD.ZG,2000,7.7287822942059
EAP,NY.GDP.MKTP.KD.ZG,1999,6.45131824662894
EAP,NY.GDP.MKTP.KD.ZG,1998,3.00364565702975
EAP,NY.GDP.MKTP.KD.ZG,1997,7.39648272520488
EAP,NY.GDP.MKTP.KD.ZG,1996,9.10639177797772
EAP,NY.GDP.MKTP.KD.ZG,1995,9.93684679035267
EAP,NY.GDP.MKTP.KD.ZG,1994,10.9490357666695
EAP,NY.GDP.MKTP.KD.ZG,1993,11.3145299522452
EAP,NY.GDP.MKTP.KD.ZG,1992,11.251155610535
EAP,NY.GDP.MKTP.KD.ZG,1991,8.09512830095555
EAP,NY.GDP.MKTP.KD.ZG,1990,5.15402586683469
EAP,NY.GDP.MKTP.KD.ZG,1989,5.68618601561212
EAP,NY.GDP.MKTP.KD.ZG,1988,9.7765818170452
EAP,NY.GDP.MKTP.KD.ZG,1987,9.17649181113759
EAP,NY.GDP.MKTP.KD.ZG,1986,7.14488232030696
EAP,NY.GDP.MKTP.KD.ZG,1985,7.93235425007708
EAP,NY.GDP.MKTP.KD.ZG,1984,10.0211463697898
EAP,NY.GDP.MKTP.KD.ZG,1983,7.68134475462799
EAP,NY.GDP.MKTP.KD.ZG,1982,6.44440038002558
EAP,NY.GDP.MKTP.KD.ZG,1981,5.57384669204004
EAP,NY.GDP.MKTP.KD.ZG,1980,7.46746796598256
EAP,NY.GDP.MKTP.KD.ZG,1979,7.01692543742887
EAP,NY.GDP.MKTP.KD.ZG,1978,9.1879191739266
EAP,NY.GDP.MKTP.KD.ZG,1977,7.47121931470464
EAP,NY.GDP.MKTP.KD.ZG,1976,2.75613511561852
EAP,NY.GDP.MKTP.KD.ZG,1975,6.72215137627883
EAP,NY.GDP.MKTP.KD.ZG,1974,3.92051049162777
EAP,NY.GDP.MKTP.KD.ZG,1973,8.26287722733321
EAP,NY.GDP.MKTP.KD.ZG,1972,4.89569636709626
EAP,NY.GDP.MKTP.KD.ZG,1971,6.77599201097594
EAP,NY.GDP.MKTP.KD.ZG,1970,13.4819987128943
EAP,NY.GDP.MKTP.KD.ZG,1969,11.4209366714581
EAP,NY.GDP.MKTP.KD.ZG,1968,1.7327663030041
EAP,NY.GDP.MKTP.KD.ZG,1967,-1.45220461741209
EAP,NY.GDP.MKTP.KD.ZG,1966,8.02107369921671
EAP,NY.GDP.MKTP.KD.ZG,1965,10.8233007049418
EAP,NY.GDP.MKTP.KD.ZG,1964,10.8315109822563
EAP,NY.GDP.MKTP.KD.ZG,1963,6.46293439640135
EAP,NY.GDP.MKTP.KD.ZG,1962,-0.671942014112133
EAP,NY.GDP.MKTP.KD.ZG,1961,-13.4346040088505
EAP,NY.GDP.MKTP.KD.ZG,1960,
TEA,NY.GDP.MKTP.KD.ZG,2025,
TEA,NY.GDP.MKTP.KD.ZG,2024,4.96151507087529
TEA,NY.GDP.MKTP.KD.ZG,2023,5.25522126120326
TEA,NY.GDP.MKTP.KD.ZG,2022,3.54808390633295
TEA,NY.GDP.MKTP.KD.ZG,2021,7.71948799394286
TEA,NY.GDP.MKTP.KD.ZG,2020,1.34509522212088
TEA,NY.GDP.MKTP.KD.ZG,2019,5.88576805304417
TEA,NY.GDP.MKTP.KD.ZG,2018,6.53695468640676
TEA,NY.GDP.MKTP.KD.ZG,2017,6.66644763513351
TEA,NY.GDP.MKTP.KD.ZG,2016,6.50996577419185
TEA,NY.GDP.MKTP.KD.ZG,2015,6.66143007471555
TEA,NY.GDP.MKTP.KD.ZG,2014,7.02298938584751
TEA,NY.GDP.MKTP.KD.ZG,2013,7.31729025308712
TEA,NY.GDP.MKTP.KD.ZG,2012,7.57909022403884
TEA,NY.GDP.MKTP.KD.ZG,2011,8.58476796444963
TEA,NY.GDP.MKTP.KD.ZG,2010,9.89753255215437
TEA,NY.GDP.MKTP.KD.ZG,2009,8.01546409792513
TEA,NY.GDP.MKTP.KD.ZG,2008,8.64836099430298
TEA,NY.GDP.MKTP.KD.ZG,2007,12.4510064196282
TEA,NY.GDP.MKTP.KD.ZG,2006,11.0697749181109
TEA,NY.GDP.MKTP.KD.ZG,2005,10.0489530850295
TEA,NY.GDP.MKTP.KD.ZG,2004,9.1487031229267
TEA,NY.GDP.MKTP.KD.ZG,2003,9.02324508755987
TEA,NY.GDP.MKTP.KD.ZG,2002,8.15469726244726
TEA,NY.GDP.MKTP.KD.ZG,2001,6.98037371250516
TEA,NY.GDP.MKTP.KD.ZG,2000,7.72781464278273
TEA,NY.GDP.MKTP.KD.ZG,1999,6.45014299190908
TEA,NY.GDP.MKTP.KD.ZG,1998,3.00320539010922
TEA,NY.GDP.MKTP.KD.ZG,1997,7.39559821596043
TEA,NY.GDP.MKTP.KD.ZG,1996,9.10574324720939
TEA,NY.GDP.MKTP.KD.ZG,1995,9.93615839157067
TEA,NY.GDP.MKTP.KD.ZG,1994,10.9480058151038
TEA,NY.GDP.MKTP.KD.ZG,1993,11.3102833332944
TEA,NY.GDP.MKTP.KD.ZG,1992,11.2465846353972
TEA,NY.GDP.MKTP.KD.ZG,1991,8.09157546063865
TEA,NY.GDP.MKTP.KD.ZG,1990,5.15305918051199
TEA,NY.GDP.MKTP.KD.ZG,1989,5.68499136700824
TEA,NY.GDP.MKTP.KD.ZG,1988,9.7740625711191
TEA,NY.GDP.MKTP.KD.ZG,1987,9.17389846719475
TEA,NY.GDP.MKTP.KD.ZG,1986,7.14273867849813
TEA,NY.GDP.MKTP.KD.ZG,1985,7.92971477058346
TEA,NY.GDP.MKTP.KD.ZG,1984,10.0171177515482
TEA,NY.GDP.MKTP.KD.ZG,1983,7.67751175078084
TEA,NY.GDP.MKTP.KD.ZG,1982,6.440414040581
TEA,NY.GDP.MKTP.KD.ZG,1981,5.56998225191406
TEA,NY.GDP.MKTP.KD.ZG,1980,7.46215320749127
TEA,NY.GDP.MKTP.KD.ZG,1979,7.01139071771337
TEA,NY.GDP.MKTP.KD.ZG,1978,9.1802250470592
TEA,NY.GDP.MKTP.KD.ZG,1977,7.46458246020296
TEA,NY.GDP.MKTP.KD.ZG,1976,2.75248023769514
TEA,NY.GDP.MKTP.KD.ZG,1975,6.71818898426018
TEA,NY.GDP.MKTP.KD.ZG,1974,3.91884444297486
TEA,NY.GDP.MKTP.KD.ZG,1973,8.25723174507513
TEA,NY.GDP.MKTP.KD.ZG,1972,4.8930249330939
TEA,NY.GDP.MKTP.KD.ZG,1971,6.77128734791619
TEA,NY.GDP.MKTP.KD.ZG,1970,13.4819987128943
TEA,NY.GDP.MKTP.KD.ZG,1969,11.4209366714581
TEA,NY.GDP.MKTP.KD.ZG,1968,1.7327663030041
TEA,NY.GDP.MKTP.KD.ZG,1967,-1.45220461741208
TEA,NY.GDP.MKTP.KD.ZG,1966,8.02107369921671
TEA,NY.GDP.MKTP.KD.ZG,1965,10.8233007049418
TEA,NY.GDP.MKTP.KD.ZG,1964,10.8315109822563
TEA,NY.GDP.MKTP.KD.ZG,1963,6.46293439640135
TEA,NY.GDP.MKTP.KD.ZG,1962,-0.671942014112133
TEA,NY.GDP.MKTP.KD.ZG,1961,-13.4346040088505
TEA,NY.GDP.MKTP.KD.ZG,1960,
EMU,NY.GDP.MKTP.KD.ZG,2025,
EMU,NY.GDP.MKTP.KD.ZG,2024,0.911910157337687
EMU,NY.GDP.MKTP.KD.ZG,2023,0.473405522226571
EMU,NY.GDP.MKTP.KD.ZG,2022,3.6592192433758
EMU,NY.GDP.MKTP.KD.ZG,2021,6.43713755486188
EMU,NY.GDP.MKTP.KD.ZG,2020,-6.05674425052126
EMU,NY.GDP.MKTP.KD.ZG,2019,1.62263181033828
EMU,NY.GDP.MKTP.KD.ZG,2018,1.77991130879937
EMU,NY.GDP.MKTP.KD.ZG,2017,2.62262590499378
EMU,NY.GDP.MKTP.KD.ZG,2016,1.80158112775391
EMU,NY.GDP.MKTP.KD.ZG,2015,2.14365367393994
EMU,NY.GDP.MKTP.KD.ZG,2014,1.45587546223307
EMU,NY.GDP.MKTP.KD.ZG,2013,-0.166724880410968
EMU,NY.GDP.MKTP.KD.ZG,2012,-0.920856755560266
EMU,NY.GDP.MKTP.KD.ZG,2011,1.7775447306567
EMU,NY.GDP.MKTP.KD.ZG,2010,2.11823129195227
EMU,NY.GDP.MKTP.KD.ZG,2009,-4.48276627207102
EMU,NY.GDP.MKTP.KD.ZG,2008,0.410531246374063
EMU,NY.GDP.MKTP.KD.ZG,2007,3.01116848351764
EMU,NY.GDP.MKTP.KD.ZG,2006,3.32457136193729
EMU,NY.GDP.MKTP.KD.ZG,2005,1.77166717086934
EMU,NY.GDP.MKTP.KD.ZG,2004,2.31187462582069
EMU,NY.GDP.MKTP.KD.ZG,2003,0.75319113715031
EMU,NY.GDP.MKTP.KD.ZG,2002,0.946766858097888
EMU,NY.GDP.MKTP.KD.ZG,2001,2.18509855153397
EMU,NY.GDP.MKTP.KD.ZG,2000,3.90141358203564
EMU,NY.GDP.MKTP.KD.ZG,1999,3.00994305317883
EMU,NY.GDP.MKTP.KD.ZG,1998,3.00046427355869
EMU,NY.GDP.MKTP.KD.ZG,1997,2.76386635331764
EMU,NY.GDP.MKTP.KD.ZG,1996,1.74279875100405
EMU,NY.GDP.MKTP.KD.ZG,1995,2.46938801978264
EMU,NY.GDP.MKTP.KD.ZG,1994,2.51527168695237
EMU,NY.GDP.MKTP.KD.ZG,1993,-0.682682169925428
EMU,NY.GDP.MKTP.KD.ZG,1992,1.12209067760165
EMU,NY.GDP.MKTP.KD.ZG,1991,2.36339610868586
EMU,NY.GDP.MKTP.KD.ZG,1990,3.59125766124586
EMU,NY.GDP.MKTP.KD.ZG,1989,4.11112075365263
EMU,NY.GDP.MKTP.KD.ZG,1988,4.31831021258773
EMU,NY.GDP.MKTP.KD.ZG,1987,2.53252434854276
EMU,NY.GDP.MKTP.KD.ZG,1986,2.5193819941004
EMU,NY.GDP.MKTP.KD.ZG,1985,2.3047536400225
EMU,NY.GDP.MKTP.KD.ZG,1984,2.40456528995527
EMU,NY.GDP.MKTP.KD.ZG,1983,1.39550388752609
EMU,NY.GDP.MKTP.KD.ZG,1982,0.6887772204214
EMU,NY.GDP.MKTP.KD.ZG,1981,0.545418159882544
EMU,NY.GDP.MKTP.KD.ZG,1980,2.18187191469465
EMU,NY.GDP.MKTP.KD.ZG,1979,3.90271291263598
EMU,NY.GDP.MKTP.KD.ZG,1978,3.1120514104376
EMU,NY.GDP.MKTP.KD.ZG,1977,3.10171859318331
EMU,NY.GDP.MKTP.KD.ZG,1976,5.02556006606657
EMU,NY.GDP.MKTP.KD.ZG,1975,-0.769015578282421
EMU,NY.GDP.MKTP.KD.ZG,1974,3.23081305355063
EMU,NY.GDP.MKTP.KD.ZG,1973,6.11832599882007
EMU,NY.GDP.MKTP.KD.ZG,1972,4.89280729363637
EMU,NY.GDP.MKTP.KD.ZG,1971,3.75772120966747
EMU,NY.GDP.MKTP.KD.ZG,1970,5.60933026681403
EMU,NY.GDP.MKTP.KD.ZG,1969,7.13070221765958
EMU,NY.GDP.MKTP.KD.ZG,1968,5.67871727264946
EMU,NY.GDP.MKTP.KD.ZG,1967,3.44115776699263
EMU,NY.GDP.MKTP.KD.ZG,1966,4.38855362726088
EMU,NY.GDP.MKTP.KD.ZG,1965,5.04487357895862
EMU,NY.GDP.MKTP.KD.ZG,1964,5.86676479936143
EMU,NY.GDP.MKTP.KD.ZG,1963,4.87497330060114
EMU,NY.GDP.MKTP.KD.ZG,1962,5.76035075580823
EMU,NY.GDP.MKTP.KD.ZG,1961,5.74272260133392
EMU,NY.GDP.MKTP.KD.ZG,1960,
ECS,NY.GDP.MKTP.KD.ZG,2025,
ECS,NY.GDP.MKTP.KD.ZG,2024,1.56624845618092
ECS,NY.GDP.MKTP.KD.ZG,2023,1.0463748073376
ECS,NY.GDP.MKTP.KD.ZG,2022,3.39087777130349
ECS,NY.GDP.MKTP.KD.ZG,2021,6.79965905280595
ECS,NY.GDP.MKTP.KD.ZG,2020,-5.38089471565053
ECS,NY.GDP.MKTP.KD.ZG,2019,1.82337861520314
ECS,NY.GDP.MKTP.KD.ZG,2018,2.15902408385477
ECS,NY.GDP.MKTP.KD.ZG,2017,2.9545404517369
ECS,NY.GDP.MKTP.KD.ZG,2016,1.90557078805695
ECS,NY.GDP.MKTP.KD.ZG,2015,2.07593452180194
ECS,NY.GDP.MKTP.KD.ZG,2014,1.93001148495546
ECS,NY.GDP.MKTP.KD.ZG,2013,0.864284116119563
ECS,NY.GDP.MKTP.KD.ZG,2012,0.315139388356499
ECS,NY.GDP.MKTP.KD.ZG,2011,2.329134382958
ECS,NY.GDP.MKTP.KD.ZG,2010,2.632321442817
ECS,NY.GDP.MKTP.KD.ZG,2009,-4.43157190260723
ECS,NY.GDP.MKTP.KD.ZG,2008,1.024772325844
ECS,NY.GDP.MKTP.KD.ZG,2007,3.69073242253701
ECS,NY.GDP.MKTP.KD.ZG,2006,3.88577021359427
ECS,NY.GDP.MKTP.KD.ZG,2005,2.72418898336034
ECS,NY.GDP.MKTP.KD.ZG,2004,3.17874600502034
ECS,NY.GDP.MKTP.KD.ZG,2003,1.82628001807383
ECS,NY.GDP.MKTP.KD.ZG,2002,1.56278535307661
ECS,NY.GDP.MKTP.KD.ZG,2001,2.22899478180152
ECS,NY.GDP.MKTP.KD.ZG,2000,4.40863983120377
ECS,NY.GDP.MKTP.KD.ZG,1999,2.90156722904513
ECS,NY.GDP.MKTP.KD.ZG,1998,2.57585624755731
ECS,NY.GDP.MKTP.KD.ZG,1997,3.09035472082596
ECS,NY.GDP.MKTP.KD.ZG,1996,1.80955320967726
ECS,NY.GDP.MKTP.KD.ZG,1995,2.32351151202683
ECS,NY.GDP.MKTP.KD.ZG,1994,1.40490993056331
ECS,NY.GDP.MKTP.KD.ZG,1993,-0.63334515790352
ECS,NY.GDP.MKTP.KD.ZG,1992,-0.588940494713924
ECS,NY.GDP.MKTP.KD.ZG,1991,0.161418093201533
ECS,NY.GDP.MKTP.KD.ZG,1990,2.30270558539945
ECS,NY.GDP.MKTP.KD.ZG,1989,3.47734692779835
ECS,NY.GDP.MKTP.KD.ZG,1988,4.10305833087847
ECS,NY.GDP.MKTP.KD.ZG,1987,2.96528598492911
ECS,NY.GDP.MKTP.KD.ZG,1986,2.88284689378264
ECS,NY.GDP.MKTP.KD.ZG,1985,2.68190012683786
ECS,NY.GDP.MKTP.KD.ZG,1984,2.73236387140841
ECS,NY.GDP.MKTP.KD.ZG,1983,1.86219157311767
ECS,NY.GDP.MKTP.KD.ZG,1982,0.964376127224313
ECS,NY.GDP.MKTP.KD.ZG,1981,0.440628739268732
ECS,NY.GDP.MKTP.KD.ZG,1980,1.46944077297917
ECS,NY.GDP.MKTP.KD.ZG,1979,3.56672612111721
ECS,NY.GDP.MKTP.KD.ZG,1978,2.98824092089001
ECS,NY.GDP.MKTP.KD.ZG,1977,2.87364392142555
ECS,NY.GDP.MKTP.KD.ZG,1976,4.38659610966117
ECS,NY.GDP.MKTP.KD.ZG,1975,-0.677003632632974
ECS,NY.GDP.MKTP.KD.ZG,1974,2.32742043532596
ECS,NY.GDP.MKTP.KD.ZG,1973,5.99408843142746
ECS,NY.GDP.MKTP.KD.ZG,1972,4.55639481197369
ECS,NY.GDP.MKTP.KD.ZG,1971,3.46871394454709
ECS,NY.GDP.MKTP.KD.ZG,1970,4.99615279211021
ECS,NY.GDP.MKTP.KD.ZG,1969,5.94394833600083
ECS,NY.GDP.MKTP.KD.ZG,1968,5.41903817486444
ECS,NY.GDP.MKTP.KD.ZG,1967,3.44933543003168
ECS,NY.GDP.MKTP.KD.ZG,1966,3.79673811320458
ECS,NY.GDP.MKTP.KD.ZG,1965,4.45710777588182
ECS,NY.GDP.MKTP.KD.ZG,1964,5.85324353982865
ECS,NY.GDP.MKTP.KD.ZG,1963,4.85849890387217
ECS,NY.GDP.MKTP.KD.ZG,1962,4.69593084024696
ECS,NY.GDP.MKTP.KD.ZG,1961,5.1899491660357
ECS,NY.GDP.MKTP.KD.ZG,1960,
ECA,NY.GDP.MKTP.KD.ZG,2025,
ECA,NY.GDP.MKTP.KD.ZG,2024,3.98239471295983
ECA,NY.GDP.MKTP.KD.ZG,2023,5.03672042034297
ECA,NY.GDP.MKTP.KD.ZG,2022,3.07901753477167
ECA,NY.GDP.MKTP.KD.ZG,2021,9.28042104515383
ECA,NY.GDP.MKTP.KD.ZG,2020,0.276088024593619
ECA,NY.GDP.MKTP.KD.ZG,2019,2.5819078238094
ECA,NY.GDP.MKTP.KD.ZG,2018,3.7617712262191
ECA,NY.GDP.MKTP.KD.ZG,2017,6.0030089975849
ECA,NY.GDP.MKTP.KD.ZG,2016,2.78383354652402
ECA,NY.GDP.MKTP.KD.ZG,2015,3.41612672689462
ECA,NY.GDP.MKTP.KD.ZG,2014,3.18257259715762
ECA,NY.GDP.MKTP.KD.ZG,2013,6.51713885377283
ECA,NY.GDP.MKTP.KD.ZG,2012,4.06057081666242
ECA,NY.GDP.MKTP.KD.ZG,2011,8.32799694953145
ECA,NY.GDP.MKTP.KD.ZG,2010,7.12596948217272
ECA,NY.GDP.MKTP.KD.ZG,2009,-3.49665461735418
ECA,NY.GDP.MKTP.KD.ZG,2008,3.09419077627328
ECA,NY.GDP.MKTP.KD.ZG,2007,7.17892729068126
ECA,NY.GDP.MKTP.KD.ZG,2006,8.24539310699477
ECA,NY.GDP.MKTP.KD.ZG,2005,8.53515428264136
ECA,NY.GDP.MKTP.KD.ZG,2004,9.60702365632842
ECA,NY.GDP.MKTP.KD.ZG,2003,6.61718849170367
ECA,NY.GDP.MKTP.KD.ZG,2002,6.39740464893521
ECA,NY.GDP.MKTP.KD.ZG,2001,0.0684525462293379
ECA,NY.GDP.MKTP.KD.ZG,2000,6.80979345894987
ECA,NY.GDP.MKTP.KD.ZG,1999,-1.13414638136663
ECA,NY.GDP.MKTP.KD.ZG,1998,2.05104595213082
ECA,NY.GDP.MKTP.KD.ZG,1997,5.47077160684049
ECA,NY.GDP.MKTP.KD.ZG,1996,3.82112626431253
ECA,NY.GDP.MKTP.KD.ZG,1995,0.956432561461185
ECA,NY.GDP.MKTP.KD.ZG,1994,-9.98827503647675
ECA,NY.GDP.MKTP.KD.ZG,1993,-2.02629044115966
ECA,NY.GDP.MKTP.KD.ZG,1992,-4.70427685198244
ECA,NY.GDP.MKTP.KD.ZG,1991,-4.67843899889262
ECA,NY.GDP.MKTP.KD.ZG,1990,2.77233713072536
ECA,NY.GDP.MKTP.KD.ZG,1989,1.24318952467655
ECA,NY.GDP.MKTP.KD.ZG,1988,3.28935324039541
ECA,NY.GDP.MKTP.KD.ZG,1987,
ECA,NY.GDP.MKTP.KD.ZG,1986,
ECA,NY.GDP.MKTP.KD.ZG,1985,
ECA,NY.GDP.MKTP.KD.ZG,1984,
ECA,NY.GDP.MKTP.KD.ZG,1983,
ECA,NY.GDP.MKTP.KD.ZG,1982,
ECA,NY.GDP.MKTP.KD.ZG,1981,
ECA,NY.GDP.MKTP.KD.ZG,1980,
ECA,NY.GDP.MKTP.KD.ZG,1979,
ECA,NY.GDP.MKTP.KD.ZG,1978,
ECA,NY.GDP.MKTP.KD.ZG,1977,
ECA,NY.GDP.MKTP.KD.ZG,1976,
ECA,NY.GDP.MKTP.KD.ZG,1975,
ECA,NY.GDP.MKTP.KD.ZG,1974,
ECA,NY.GDP.MKTP.KD.ZG,1973,
ECA,NY.GDP.MKTP.KD.ZG,1972,
ECA,NY.GDP.MKTP.KD.ZG,1971,
ECA,NY.GDP.MKTP.KD.ZG,1970,
ECA,NY.GDP.MKTP.KD.ZG,1969,
ECA,NY.GDP.MKTP.KD.ZG,1968,
ECA,NY.GDP.MKTP.KD.ZG,1967,
ECA,NY.GDP.MKTP.KD.ZG,1966,
ECA,NY.GDP.MKTP.KD.ZG,1965,
ECA,NY.GDP.MKTP.KD.ZG,1964,
ECA,NY.GDP.MKTP.KD.ZG,1963,
ECA,NY.GDP.MKTP.KD.ZG,1962,
ECA,NY.GDP.MKTP.KD.ZG,1961,
ECA,NY.GDP.MKTP.KD.ZG,1960,
TEC,NY.GDP.MKTP.KD.ZG,2025,
TEC,NY.GDP.MKTP.KD.ZG,2024,3.80534822218806
TEC,NY.GDP.MKTP.KD.ZG,2023,3.82595823256764
TEC,NY.GDP.MKTP.KD.ZG,2022,1.95197902081506
TEC,NY.GDP.MKTP.KD.ZG,2021,7.5909039335849
TEC,NY.GDP.MKTP.KD.ZG,2020,-1.45793346533829
TEC,NY.GDP.MKTP.KD.ZG,2019,2.81601440145778
TEC,NY.GDP.MKTP.KD.ZG,2018,3.80424428454795
TEC,NY.GDP.MKTP.KD.ZG,2017,4.37116063202008
TEC,NY.GDP.MKTP.KD.ZG,2016,1.86129267860605
TEC,NY.GDP.MKTP.KD.ZG,2015,1.42626319605841
TEC,NY.GDP.MKTP.KD.ZG,2014,2.2711234014202
TEC,NY.GDP.MKTP.KD.ZG,2013,3.35044910694158
TEC,NY.GDP.MKTP.KD.ZG,2012,3.45489344885198
TEC,NY.GDP.MKTP.KD.ZG,2011,5.86393596651764
TEC,NY.GDP.MKTP.KD.ZG,2010,4.68965724549606
TEC,NY.GDP.MKTP.KD.ZG,2009,-4.7008547742517
TEC,NY.GDP.MKTP.KD.ZG,2008,4.4861316152351
TEC,NY.GDP.MKTP.KD.ZG,2007,7.62582368886329
TEC,NY.GDP.MKTP.KD.ZG,2006,7.86827078885722
TEC,NY.GDP.MKTP.KD.ZG,2005,6.63931910334223
TEC,NY.GDP.MKTP.KD.ZG,2004,7.87468194158774
TEC,NY.GDP.MKTP.KD.ZG,2003,6.1882637280501
TEC,NY.GDP.MKTP.KD.ZG,2002,4.99252654355615
TEC,NY.GDP.MKTP.KD.ZG,2001,2.6567346768766
TEC,NY.GDP.MKTP.KD.ZG,2000,7.38121749341636
TEC,NY.GDP.MKTP.KD.ZG,1999,2.4910277510924
TEC,NY.GDP.MKTP.KD.ZG,1998,-0.709204705694646
TEC,NY.GDP.MKTP.KD.ZG,1997,2.91288927390822
TEC,NY.GDP.MKTP.KD.ZG,1996,0.985118730268823
TEC,NY.GDP.MKTP.KD.ZG,1995,-0.0313962931272869
TEC,NY.GDP.MKTP.KD.ZG,1994,-8.41896123499902
TEC,NY.GDP.MKTP.KD.ZG,1993,-4.64133691663537
TEC,NY.GDP.MKTP.KD.ZG,1992,-9.53581041940423
TEC,NY.GDP.MKTP.KD.ZG,1991,-5.89479436150499
TEC,NY.GDP.MKTP.KD.ZG,1990,-1.44705564338777
TEC,NY.GDP.MKTP.KD.ZG,1989,
TEC,NY.GDP.MKTP.KD.ZG,1988,
TEC,NY.GDP.MKTP.KD.ZG,1987,
TEC,NY.GDP.MKTP.KD.ZG,1986,
TEC,NY.GDP.MKTP.KD.ZG,1985,
TEC,NY.GDP.MKTP.KD.ZG,1984,
TEC,NY.GDP.MKTP.KD.ZG,1983,
TEC,NY.GDP.MKTP.KD.ZG,1982,
TEC,NY.GDP.MKTP.KD.ZG,1981,
TEC,NY.GDP.MKTP.KD.ZG,1980,
TEC,NY.GDP.MKTP.KD.ZG,1979,
TEC,NY.GDP.MKTP.KD.ZG,1978,
TEC,NY.GDP.MKTP.KD.ZG,1977,
TEC,NY.GDP.MKTP.KD.ZG,1976,
TEC,NY.GDP.MKTP.KD.ZG,1975,
TEC,NY.GDP.MKTP.KD.ZG,1974,
TEC,NY.GDP.MKTP.KD.ZG,1973,
TEC,NY.GDP.MKTP.KD.ZG,1972,
TEC,NY.GDP.MKTP.KD.ZG,1971,
TEC,NY.GDP.MKTP.KD.ZG,1970,
TEC,NY.GDP.MKTP.KD.ZG,1969,
TEC,NY.GDP.MKTP.KD.ZG,1968,
TEC,NY.GDP.MKTP.KD.ZG,1967,
TEC,NY.GDP.MKTP.KD.ZG,1966,
TEC,NY.GDP.MKTP.KD.ZG,1965,
TEC,NY.GDP.MKTP.KD.ZG,1964,
TEC,NY.GDP.MKTP.KD.ZG,1963,
TEC,NY.GDP.MKTP.KD.ZG,1962,
TEC,NY.GDP.MKTP.KD.ZG,1961,
TEC,NY.GDP.MKTP.KD.ZG,1960,
EUU,NY.GDP.MKTP.KD.ZG,2025,
EUU,NY.GDP.MKTP.KD.ZG,2024,1.06455789818658
EUU,NY.GDP.MKTP.KD.ZG,2023,0.454322708045169
EUU,NY.GDP.MKTP.KD.ZG,2022,3.56155233245134
EUU,NY.GDP.MKTP.KD.ZG,2021,6.37775013900981
EUU,NY.GDP.MKTP.KD.ZG,2020,-5.57888055659984
EUU,NY.GDP.MKTP.KD.ZG,2019,1.87524696216217
EUU,NY.GDP.MKTP.KD.ZG,2018,2.04642012743825
EUU,NY.GDP.MKTP.KD.ZG,2017,2.81811045546294
EUU,NY.GDP.MKTP.KD.ZG,2016,1.91998029828646
EUU,NY.GDP.MKTP.KD.ZG,2015,2.37195304560174
EUU,NY.GDP.MKTP.KD.ZG,2014,1.63272217207495
EUU,NY.GDP.MKTP.KD.ZG,2013,-0.0330405739034489
EUU,NY.GDP.MKTP.KD.ZG,2012,-0.764417073931995
EUU,NY.GDP.MKTP.KD.ZG,2011,1.96060087405088
EUU,NY.GDP.MKTP.KD.ZG,2010,2.18180099957814
EUU,NY.GDP.MKTP.KD.ZG,2009,-4.31208831896208
EUU,NY.GDP.MKTP.KD.ZG,2008,0.617986886948557
EUU,NY.GDP.MKTP.KD.ZG,2007,3.1418356676346
EUU,NY.GDP.MKTP.KD.ZG,2006,3.56754077134353
EUU,NY.GDP.MKTP.KD.ZG,2005,1.98357902362464
EUU,NY.GDP.MKTP.KD.ZG,2004,2.59990864973689
EUU,NY.GDP.MKTP.KD.ZG,2003,0.936970953534527
EUU,NY.GDP.MKTP.KD.ZG,2002,1.09769505370336
EUU,NY.GDP.MKTP.KD.ZG,2001,2.16114364230499
EUU,NY.GDP.MKTP.KD.ZG,2000,3.93357955857741
EUU,NY.GDP.MKTP.KD.ZG,1999,3.0037471639907
EUU,NY.GDP.MKTP.KD.ZG,1998,2.98141046023252
EUU,NY.GDP.MKTP.KD.ZG,1997,2.68449943681981
EUU,NY.GDP.MKTP.KD.ZG,1996,1.91607144497755
EUU,NY.GDP.MKTP.KD.ZG,1995,2.72468002916139
EUU,NY.GDP.MKTP.KD.ZG,1994,2.70140177450014
EUU,NY.GDP.MKTP.KD.ZG,1993,-0.596025014143322
EUU,NY.GDP.MKTP.KD.ZG,1992,0.901656210391863
EUU,NY.GDP.MKTP.KD.ZG,1991,1.4603351005577
EUU,NY.GDP.MKTP.KD.ZG,1990,3.29743791200039
EUU,NY.GDP.MKTP.KD.ZG,1989,3.89308682332481
EUU,NY.GDP.MKTP.KD.ZG,1988,4.13015604046424
EUU,NY.GDP.MKTP.KD.ZG,1987,2.54387946862316
EUU,NY.GDP.MKTP.KD.ZG,1986,2.57930369009023
EUU,NY.GDP.MKTP.KD.ZG,1985,2.31656034049143
EUU,NY.GDP.MKTP.KD.ZG,1984,2.52657871666888
EUU,NY.GDP.MKTP.KD.ZG,1983,1.44602854447868
EUU,NY.GDP.MKTP.KD.ZG,1982,0.819366915437598
EUU,NY.GDP.MKTP.KD.ZG,1981,0.55839823062469
EUU,NY.GDP.MKTP.KD.ZG,1980,2.06693344569575
EUU,NY.GDP.MKTP.KD.ZG,1979,3.88936499553816
EUU,NY.GDP.MKTP.KD.ZG,1978,3.06052819414246
EUU,NY.GDP.MKTP.KD.ZG,1977,2.94611963588383
EUU,NY.GDP.MKTP.KD.ZG,1976,4.8755216348648
EUU,NY.GDP.MKTP.KD.ZG,1975,-0.580295447059171
EUU,NY.GDP.MKTP.KD.ZG,1974,3.14764832783571
EUU,NY.GDP.MKTP.KD.ZG,1973,6.00493727283822
EUU,NY.GDP.MKTP.KD.ZG,1972,4.77134624607727
EUU,NY.GDP.MKTP.KD.ZG,1971,3.65104559478573
EUU,NY.GDP.MKTP.KD.ZG,1970,5.52996328623392
EUU,NY.GDP.MKTP.KD.ZG,1969,7.03050481238081
EUU,NY.GDP.MKTP.KD.ZG,1968,5.58878005824826
EUU,NY.GDP.MKTP.KD.ZG,1967,3.54585995144963
EUU,NY.GDP.MKTP.KD.ZG,1966,4.27224659130736
EUU,NY.GDP.MKTP.KD.ZG,1965,5.24720145918155
EUU,NY.GDP.MKTP.KD.ZG,1964,5.99245654001457
EUU,NY.GDP.MKTP.KD.ZG,1963,4.78073552213914
EUU,NY.GDP.MKTP.KD.ZG,1962,5.69395177070122
EUU,NY.GDP.MKTP.KD.ZG,1961,5.7503036532179
EUU,NY.GDP.MKTP.KD.ZG,1960,
FCS,NY.GDP.MKTP.KD.ZG,2025,
FCS,NY.GDP.MKTP.KD.ZG,2024,2.00694502217955
FCS,NY.GDP.MKTP.KD.ZG,2023,2.14545491630651
FCS,NY.GDP.MKTP.KD.ZG,2022,1.62071663646515
FCS,NY.GDP.MKTP.KD.ZG,2021,1.53090680703163
FCS,NY.GDP.MKTP.KD.ZG,2020,-7.41318835322815
FCS,NY.GDP.MKTP.KD.ZG,2019,0.815291636433273
FCS,NY.GDP.MKTP.KD.ZG,2018,1.45548612659789
FCS,NY.GDP.MKTP.KD.ZG,2017,1.30184507279765
FCS,NY.GDP.MKTP.KD.ZG,2016,0.474197451324514
FCS,NY.GDP.MKTP.KD.ZG,2015,0.167306320259854
FCS,NY.GDP.MKTP.KD.ZG,2014,1.67655954670576
FCS,NY.GDP.MKTP.KD.ZG,2013,3.31354139494103
FCS,NY.GDP.MKTP.KD.ZG,2012,5.63256722854435
FCS,NY.GDP.MKTP.KD.ZG,2011,0.44761198193153
FCS,NY.GDP.MKTP.KD.ZG,2010,6.17368805793606
FCS,NY.GDP.MKTP.KD.ZG,2009,2.30383173467253
FCS,NY.GDP.MKTP.KD.ZG,2008,5.06807874842752
FCS,NY.GDP.MKTP.KD.ZG,2007,6.30127020834233
FCS,NY.GDP.MKTP.KD.ZG,2006,6.18309763217857
FCS,NY.GDP.MKTP.KD.ZG,2005,6.26363135259069
FCS,NY.GDP.MKTP.KD.ZG,2004,11.9437760162428
FCS,NY.GDP.MKTP.KD.ZG,2003,0.229452778414995
FCS,NY.GDP.MKTP.KD.ZG,2002,3.22228814343195
FCS,NY.GDP.MKTP.KD.ZG,2001,4.06179145792829
FCS,NY.GDP.MKTP.KD.ZG,2000,5.18663757747726
FCS,NY.GDP.MKTP.KD.ZG,1999,1.92581108555426
FCS,NY.GDP.MKTP.KD.ZG,1998,4.32291141844318
FCS,NY.GDP.MKTP.KD.ZG,1997,4.77228603501827
FCS,NY.GDP.MKTP.KD.ZG,1996,2.91180244240527
FCS,NY.GDP.MKTP.KD.ZG,1995,0.245982433527431
FCS,NY.GDP.MKTP.KD.ZG,1994,-3.24566321138256
FCS,NY.GDP.MKTP.KD.ZG,1993,-1.6702958262816
FCS,NY.GDP.MKTP.KD.ZG,1992,0.889616491423766
FCS,NY.GDP.MKTP.KD.ZG,1991,-4.2713131654514
FCS,NY.GDP.MKTP.KD.ZG,1990,5.23519394507134
FCS,NY.GDP.MKTP.KD.ZG,1989,-0.835842638605641
FCS,NY.GDP.MKTP.KD.ZG,1988,4.04469380550778
FCS,NY.GDP.MKTP.KD.ZG,1987,2.00746057350136
FCS,NY.GDP.MKTP.KD.ZG,1986,0.83700206585668
FCS,NY.GDP.MKTP.KD.ZG,1985,3.71412794083186
FCS,NY.GDP.MKTP.KD.ZG,1984,-0.173637061079958
FCS,NY.GDP.MKTP.KD.ZG,1983,-5.51862390856638
FCS,NY.GDP.MKTP.KD.ZG,1982,-0.299407434986946
FCS,NY.GDP.MKTP.KD.ZG,1981,-5.74228572741569
FCS,NY.GDP.MKTP.KD.ZG,1980,3.65001925512432
FCS,NY.GDP.MKTP.KD.ZG,1979,5.34149770343933
FCS,NY.GDP.MKTP.KD.ZG,1978,0.224514058260809
FCS,NY.GDP.MKTP.KD.ZG,1977,5.18653598834919
FCS,NY.GDP.MKTP.KD.ZG,1976,8.79902504747308
FCS,NY.GDP.MKTP.KD.ZG,1975,0.426973723359893
FCS,NY.GDP.MKTP.KD.ZG,1974,9.36900844687638
FCS,NY.GDP.MKTP.KD.ZG,1973,4.44267648846855
FCS,NY.GDP.MKTP.KD.ZG,1972,3.34144513723152
FCS,NY.GDP.MKTP.KD.ZG,1971,6.46967319650038
FCS,NY.GDP.MKTP.KD.ZG,1970,11.2765347642291
FCS,NY.GDP.MKTP.KD.ZG,1969,10.4309497813499
FCS,NY.GDP.MKTP.KD.ZG,1968,6.41219158329423
FCS,NY.GDP.MKTP.KD.ZG,1967,-4.08220522940772
FCS,NY.GDP.MKTP.KD.ZG,1966,1.00116368045853
FCS,NY.GDP.MKTP.KD.ZG,1965,5.8615720854297
FCS,NY.GDP.MKTP.KD.ZG,1964,6.26798564870847
FCS,NY.GDP.MKTP.KD.ZG,1963,5.94673672849271
FCS,NY.GDP.MKTP.KD.ZG,1962,8.0547563048315
FCS,NY.GDP.MKTP.KD.ZG,1961,0.438401224974143
FCS,NY.GDP.MKTP.KD.ZG,1960,
HPC,NY.GDP.MKTP.KD.ZG,2025,
HPC,NY.GDP.MKTP.KD.ZG,2024,5.14470675657981
HPC,NY.GDP.MKTP.KD.ZG,2023,3.46266952839525
HPC,NY.GDP.MKTP.KD.ZG,2022,4.87387497765388
HPC,NY.GDP.MKTP.KD.ZG,2021,4.3943156092006
HPC,NY.GDP.MKTP.KD.ZG,2020,-0.0187133746473904
HPC,NY.GDP.MKTP.KD.ZG,2019,4.20482798138602
HPC,NY.GDP.MKTP.KD.ZG,2018,4.19381222105785
HPC,NY.GDP.MKTP.KD.ZG,2017,5.0460102323685
HPC,NY.GDP.MKTP.KD.ZG,2016,4.32522802984808
HPC,NY.GDP.MKTP.KD.ZG,2015,4.90684629199932
HPC,NY.GDP.MKTP.KD.ZG,2014,5.4603033592272
HPC,NY.GDP.MKTP.KD.ZG,2013,5.7671668343436
HPC,NY.GDP.MKTP.KD.ZG,2012,4.05986356692397
HPC,NY.GDP.MKTP.KD.ZG,2011,4.57034247802935
HPC,NY.GDP.MKTP.KD.ZG,2010,6.16805649826611
HPC,NY.GDP.MKTP.KD.ZG,2009,3.47461460183112
HPC,NY.GDP.MKTP.KD.ZG,2008,5.62080376701061
HPC,NY.GDP.MKTP.KD.ZG,2007,5.47781073168518
HPC,NY.GDP.MKTP.KD.ZG,2006,5.72430889054247
HPC,NY.GDP.MKTP.KD.ZG,2005,5.53135344903536
HPC,NY.GDP.MKTP.KD.ZG,2004,5.76695683392163
HPC,NY.GDP.MKTP.KD.ZG,2003,4.02463406918288
HPC,NY.GDP.MKTP.KD.ZG,2002,3.91213514450783
HPC,NY.GDP.MKTP.KD.ZG,2001,3.6692578512893
HPC,NY.GDP.MKTP.KD.ZG,2000,2.8759572259528
HPC,NY.GDP.MKTP.KD.ZG,1999,3.47142502200938
HPC,NY.GDP.MKTP.KD.ZG,1998,3.75087947156463
HPC,NY.GDP.MKTP.KD.ZG,1997,5.96070164030927
HPC,NY.GDP.MKTP.KD.ZG,1996,5.58668820755854
HPC,NY.GDP.MKTP.KD.ZG,1995,5.20400866337798
HPC,NY.GDP.MKTP.KD.ZG,1994,0.354238640439746
HPC,NY.GDP.MKTP.KD.ZG,1993,0.316878264953303
HPC,NY.GDP.MKTP.KD.ZG,1992,-1.40644680220765
HPC,NY.GDP.MKTP.KD.ZG,1991,0.904184628955562
HPC,NY.GDP.MKTP.KD.ZG,1990,-1.12239116272374
HPC,NY.GDP.MKTP.KD.ZG,1989,1.50259316975674
HPC,NY.GDP.MKTP.KD.ZG,1988,1.41247420243857
HPC,NY.GDP.MKTP.KD.ZG,1987,3.11554702524337
HPC,NY.GDP.MKTP.KD.ZG,1986,2.94940388031301
HPC,NY.GDP.MKTP.KD.ZG,1985,1.41322399101527
HPC,NY.GDP.MKTP.KD.ZG,1984,1.08996751772511
HPC,NY.GDP.MKTP.KD.ZG,1983,0.305670712727448
HPC,NY.GDP.MKTP.KD.ZG,1982,0.609775945822761
HPC,NY.GDP.MKTP.KD.ZG,1981,2.99707189455805
HPC,NY.GDP.MKTP.KD.ZG,1980,0.645238767742768
HPC,NY.GDP.MKTP.KD.ZG,1979,0.525286573611879
HPC,NY.GDP.MKTP.KD.ZG,1978,2.39317168708939
HPC,NY.GDP.MKTP.KD.ZG,1977,3.4049978180656
HPC,NY.GDP.MKTP.KD.ZG,1976,3.74168074375909
HPC,NY.GDP.MKTP.KD.ZG,1975,2.08523412950147
HPC,NY.GDP.MKTP.KD.ZG,1974,5.33935737571896
HPC,NY.GDP.MKTP.KD.ZG,1973,3.06443422588525
HPC,NY.GDP.MKTP.KD.ZG,1972,2.05513234817832
HPC,NY.GDP.MKTP.KD.ZG,1971,4.53155332186714
HPC,NY.GDP.MKTP.KD.ZG,1970,0.0283440867605407
HPC,NY.GDP.MKTP.KD.ZG,1969,4.65836343076751
HPC,NY.GDP.MKTP.KD.ZG,1968,4.45083497669091
HPC,NY.GDP.MKTP.KD.ZG,1967,2.28264842642056
HPC,NY.GDP.MKTP.KD.ZG,1966,3.81547211525184
HPC,NY.GDP.MKTP.KD.ZG,1965,3.7913070793818
HPC,NY.GDP.MKTP.KD.ZG,1964,3.30078906605699
HPC,NY.GDP.MKTP.KD.ZG,1963,3.35183644552647
HPC,NY.GDP.MKTP.KD.ZG,1962,7.31069969801479
HPC,NY.GDP.MKTP.KD.ZG,1961,-0.231196936848988
HPC,NY.GDP.MKTP.KD.ZG,1960,
,NY.GDP.MKTP.KD.ZG,2025,
,NY.GDP.MKTP.KD.ZG,2024,1.95000793704465
,NY.GDP.MKTP.KD.ZG,2023,1.82733765954541
,NY.GDP.MKTP.KD.ZG,2022,3.04532150391606
,NY.GDP.MKTP.KD.ZG,2021,5.85360693187751
,NY.GDP.MKTP.KD.ZG,2020,-3.89094841671781
,NY.GDP.MKTP.KD.ZG,2019,1.89457512942988
,NY.GDP.MKTP.KD.ZG,2018,2.38261992266793
,NY.GDP.MKTP.KD.ZG,2017,2.49707966959029
,NY.GDP.MKTP.KD.ZG,2016,1.8460914027705
,NY.GDP.MKTP.KD.ZG,2015,2.34425804200285
,NY.GDP.MKTP.KD.ZG,2014,2.1571968834577
,NY.GDP.MKTP.KD.ZG,2013,1.61400125208043
,NY.GDP.MKTP.KD.ZG,2012,1.48305392455038
,NY.GDP.MKTP.KD.ZG,2011,2.03552867246736
,NY.GDP.MKTP.KD.ZG,2010,3.04667100533726
,NY.GDP.MKTP.KD.ZG,2009,-3.34739771737537
,NY.GDP.MKTP.KD.ZG,2008,0.689192769450713
,NY.GDP.MKTP.KD.ZG,2007,2.88861109465246
,NY.GDP.MKTP.KD.ZG,2006,3.24109747038437
,NY.GDP.MKTP.KD.ZG,2005,3.00189844835153
,NY.GDP.MKTP.KD.ZG,2004,3.51505087433188
,NY.GDP.MKTP.KD.ZG,2003,2.29635590568378
,NY.GDP.MKTP.KD.ZG,2002,1.63889237440706
,NY.GDP.MKTP.KD.ZG,2001,1.58670808456753
,NY.GDP.MKTP.KD.ZG,2000,4.27924118161394
,NY.GDP.MKTP.KD.ZG,1999,3.57599971801103
,NY.GDP.MKTP.KD.ZG,1998,2.70738778365876
,NY.GDP.MKTP.KD.ZG,1997,3.50726201348446
,NY.GDP.MKTP.KD.ZG,1996,2.91694752219462
,NY.GDP.MKTP.KD.ZG,1995,2.79514910355996
,NY.GDP.MKTP.KD.ZG,1994,2.97662492587672
,NY.GDP.MKTP.KD.ZG,1993,1.15176558914179
,NY.GDP.MKTP.KD.ZG,1992,1.57283712050645
,NY.GDP.MKTP.KD.ZG,1991,0.846615967018565
,NY.GDP.MKTP.KD.ZG,1990,2.6433843181042
,NY.GDP.MKTP.KD.ZG,1989,3.86857857895997
,NY.GDP.MKTP.KD.ZG,1988,4.6158829757974
,NY.GDP.MKTP.KD.ZG,1987,3.50085286098161
,NY.GDP.MKTP.KD.ZG,1986,3.1921429861393
,NY.GDP.MKTP.KD.ZG,1985,3.50883667062345
,NY.GDP.MKTP.KD.ZG,1984,4.7075622413447
,NY.GDP.MKTP.KD.ZG,1983,2.81738917646905
,NY.GDP.MKTP.KD.ZG,1982,-0.179622170079412
,NY.GDP.MKTP.KD.ZG,1981,1.91114386876123
,NY.GDP.MKTP.KD.ZG,1980,1.29020162846163
,NY.GDP.MKTP.KD.ZG,1979,4.03912727476417
,NY.GDP.MKTP.KD.ZG,1978,4.21120063545995
,NY.GDP.MKTP.KD.ZG,1977,3.88651575306058
,NY.GDP.MKTP.KD.ZG,1976,4.95993913821138
,NY.GDP.MKTP.KD.ZG,1975,-0.0788139771253924
,NY.GDP.MKTP.KD.ZG,1974,1.21613071066757
,NY.GDP.MKTP.KD.ZG,1973,6.35395170615692
,NY.GDP.MKTP.KD.ZG,1972,5.4522745836592
,NY.GDP.MKTP.KD.ZG,1971,3.81641788877734
,NY.GDP.MKTP.KD.ZG,1970,3.05208193256445
,NY.GDP.MKTP.KD.ZG,1969,5.62121608984731
,NY.GDP.MKTP.KD.ZG,1968,5.90693390704848
,NY.GDP.MKTP.KD.ZG,1967,3.81695043644423
,NY.GDP.MKTP.KD.ZG,1966,5.51023536627527
,NY.GDP.MKTP.KD.ZG,1965,5.51594418967223
,NY.GDP.MKTP.KD.ZG,1964,6.37162028139151
,NY.GDP.MKTP.KD.ZG,1963,5.04635119116072
,NY.GDP.MKTP.KD.ZG,1962,5.60321179511429
,NY.GDP.MKTP.KD.ZG,1961,4.47169562894756
,NY.GDP.MKTP.KD.ZG,1960,
IBD,NY.GDP.MKTP.KD.ZG,2025,
IBD,NY.GDP.MKTP.KD.ZG,2024,4.35176424289571
IBD,NY.GDP.MKTP.KD.ZG,2023,4.81760583401356
IBD,NY.GDP.MKTP.KD.ZG,2022,3.77001425774095
IBD,NY.GDP.MKTP.KD.ZG,2021,7.62576674177033
IBD,NY.GDP.MKTP.KD.ZG,2020,-1.2820422988441
IBD,NY.GDP.MKTP.KD.ZG,2019,3.99080401565344
IBD,NY.GDP.MKTP.KD.ZG,2018,4.86060185522661
IBD,NY.GDP.MKTP.KD.ZG,2017,5.16244544363352
IBD,NY.GDP.MKTP.KD.ZG,2016,4.44236398168836
IBD,NY.GDP.MKTP.KD.ZG,2015,4.31724520804923
IBD,NY.GDP.MKTP.KD.ZG,2014,4.78033001559585
IBD,NY.GDP.MKTP.KD.ZG,2013,5.21438331423154
IBD,NY.GDP.MKTP.KD.ZG,2012,5.46189671640676
IBD,NY.GDP.MKTP.KD.ZG,2011,6.34809790701479
IBD,NY.GDP.MKTP.KD.ZG,2010,7.76913892889355
IBD,NY.GDP.MKTP.KD.ZG,2009,2.7870306956999
IBD,NY.GDP.MKTP.KD.ZG,2008,5.93909318895042
IBD,NY.GDP.MKTP.KD.ZG,2007,8.95711904955583
IBD,NY.GDP.MKTP.KD.ZG,2006,8.33063998849481
IBD,NY.GDP.MKTP.KD.ZG,2005,7.25290132783681
IBD,NY.GDP.MKTP.KD.ZG,2004,7.72947225901075
IBD,NY.GDP.MKTP.KD.ZG,2003,5.89264916943142
IBD,NY.GDP.MKTP.KD.ZG,2002,4.51391469924111
IBD,NY.GDP.MKTP.KD.ZG,2001,3.64914485972392
IBD,NY.GDP.MKTP.KD.ZG,2000,5.91511183768041
IBD,NY.GDP.MKTP.KD.ZG,1999,3.69566863220956
IBD,NY.GDP.MKTP.KD.ZG,1998,2.66487971924565
IBD,NY.GDP.MKTP.KD.ZG,1997,5.38705678709294
IBD,NY.GDP.MKTP.KD.ZG,1996,5.44578250816497
IBD,NY.GDP.MKTP.KD.ZG,1995,4.05208995491604
IBD,NY.GDP.MKTP.KD.ZG,1994,3.58030430404574
IBD,NY.GDP.MKTP.KD.ZG,1993,3.69042194260771
IBD,NY.GDP.MKTP.KD.ZG,1992,1.64408601703767
IBD,NY.GDP.MKTP.KD.ZG,1991,1.25063639118321
IBD,NY.GDP.MKTP.KD.ZG,1990,2.00223236874587
IBD,NY.GDP.MKTP.KD.ZG,1989,2.93891124673151
IBD,NY.GDP.MKTP.KD.ZG,1988,4.08777324373064
IBD,NY.GDP.MKTP.KD.ZG,1987,4.88238554176279
IBD,NY.GDP.MKTP.KD.ZG,1986,3.89004555168144
IBD,NY.GDP.MKTP.KD.ZG,1985,4.41000680362143
IBD,NY.GDP.MKTP.KD.ZG,1984,4.94242697989972
IBD,NY.GDP.MKTP.KD.ZG,1983,1.52300599215582
IBD,NY.GDP.MKTP.KD.ZG,1982,2.87435735674752
IBD,NY.GDP.MKTP.KD.ZG,1981,2.12294188576267
IBD,NY.GDP.MKTP.KD.ZG,1980,4.87832219840098
IBD,NY.GDP.MKTP.KD.ZG,1979,4.74525208221746
IBD,NY.GDP.MKTP.KD.ZG,1978,4.06745703726179
IBD,NY.GDP.MKTP.KD.ZG,1977,4.70353030428727
IBD,NY.GDP.MKTP.KD.ZG,1976,6.31188751545679
IBD,NY.GDP.MKTP.KD.ZG,1975,4.64484497437891
IBD,NY.GDP.MKTP.KD.ZG,1974,5.66878854565454
IBD,NY.GDP.MKTP.KD.ZG,1973,7.04673037789469
IBD,NY.GDP.MKTP.KD.ZG,1972,6.5520530602804
IBD,NY.GDP.MKTP.KD.ZG,1971,6.00988206680144
IBD,NY.GDP.MKTP.KD.ZG,1970,7.72056974886237
IBD,NY.GDP.MKTP.KD.ZG,1969,7.73638805102269
IBD,NY.GDP.MKTP.KD.ZG,1968,6.3672817322708
IBD,NY.GDP.MKTP.KD.ZG,1967,4.07870772754875
IBD,NY.GDP.MKTP.KD.ZG,1966,5.51974900395022
IBD,NY.GDP.MKTP.KD.ZG,1965,6.16126999363509
IBD,NY.GDP.MKTP.KD.ZG,1964,8.28762745125759
IBD,NY.GDP.MKTP.KD.ZG,1963,4.711491929275
IBD,NY.GDP.MKTP.KD.ZG,1962,3.23996153462735
IBD,NY.GDP.MKTP.KD.ZG,1961,1.18892312865475
IBD,NY.GDP.MKTP.KD.ZG,1960,
IBT,NY.GDP.MKTP.KD.ZG,2025,
IBT,NY.GDP.MKTP.KD.ZG,2024,4.34846625464446
IBT,NY.GDP.MKTP.KD.ZG,2023,4.68849828972198
IBT,NY.GDP.MKTP.KD.ZG,2022,3.82613307769597
IBT,NY.GDP.MKTP.KD.ZG,2021,7.35278447207351
IBT,NY.GDP.MKTP.KD.ZG,2020,-1.32167856256848
IBT,NY.GDP.MKTP.KD.ZG,2019,3.98606377777533
IBT,NY.GDP.MKTP.KD.ZG,2018,4.82305890086465
IBT,NY.GDP.MKTP.KD.ZG,2017,5.07269308321443
IBT,NY.GDP.MKTP.KD.ZG,2016,4.34774011294105
IBT,NY.GDP.MKTP.KD.ZG,2015,4.2485578828191
IBT,NY.GDP.MKTP.KD.ZG,2014,4.82633192142498
IBT,NY.GDP.MKTP.KD.ZG,2013,5.21895806023119
IBT,NY.GDP.MKTP.KD.ZG,2012,5.30303202015641
IBT,NY.GDP.MKTP.KD.ZG,2011,6.17762293228954
IBT,NY.GDP.MKTP.KD.ZG,2010,7.64087639378678
IBT,NY.GDP.MKTP.KD.ZG,2009,2.9648118155342
IBT,NY.GDP.MKTP.KD.ZG,2008,5.86767333945544
IBT,NY.GDP.MKTP.KD.ZG,2007,8.71182358979235
IBT,NY.GDP.MKTP.KD.ZG,2006,8.14145143740686
IBT,NY.GDP.MKTP.KD.ZG,2005,7.16340677732718
IBT,NY.GDP.MKTP.KD.ZG,2004,7.6445581336688
IBT,NY.GDP.MKTP.KD.ZG,2003,5.81417805338693
IBT,NY.GDP.MKTP.KD.ZG,2002,4.59432023150907
IBT,NY.GDP.MKTP.KD.ZG,2001,3.68251365193314
IBT,NY.GDP.MKTP.KD.ZG,2000,5.74681558100114
IBT,NY.GDP.MKTP.KD.ZG,1999,3.63851435578322
IBT,NY.GDP.MKTP.KD.ZG,1998,2.73716742853982
IBT,NY.GDP.MKTP.KD.ZG,1997,5.25847940978596
IBT,NY.GDP.MKTP.KD.ZG,1996,5.40576906612822
IBT,NY.GDP.MKTP.KD.ZG,1995,4.01657728229152
IBT,NY.GDP.MKTP.KD.ZG,1994,3.36186368702924
IBT,NY.GDP.MKTP.KD.ZG,1993,3.43693802669685
IBT,NY.GDP.MKTP.KD.ZG,1992,1.68166017306837
IBT,NY.GDP.MKTP.KD.ZG,1991,1.32358042722849
IBT,NY.GDP.MKTP.KD.ZG,1990,2.16900871553725
IBT,NY.GDP.MKTP.KD.ZG,1989,2.86513869723089
IBT,NY.GDP.MKTP.KD.ZG,1988,4.16368792523376
IBT,NY.GDP.MKTP.KD.ZG,1987,4.74339269723107
IBT,NY.GDP.MKTP.KD.ZG,1986,3.78715669431739
IBT,NY.GDP.MKTP.KD.ZG,1985,4.37714835715943
IBT,NY.GDP.MKTP.KD.ZG,1984,4.56657869444146
IBT,NY.GDP.MKTP.KD.ZG,1983,1.2475900120658
IBT,NY.GDP.MKTP.KD.ZG,1982,2.52622958153846
IBT,NY.GDP.MKTP.KD.ZG,1981,1.81896653379647
IBT,NY.GDP.MKTP.KD.ZG,1980,4.71106393110669
IBT,NY.GDP.MKTP.KD.ZG,1979,4.58741950252264
IBT,NY.GDP.MKTP.KD.ZG,1978,3.70463121847703
IBT,NY.GDP.MKTP.KD.ZG,1977,4.60932435788008
IBT,NY.GDP.MKTP.KD.ZG,1976,6.2012777986366
IBT,NY.GDP.MKTP.KD.ZG,1975,3.9798761610584
IBT,NY.GDP.MKTP.KD.ZG,1974,5.89165793045017
IBT,NY.GDP.MKTP.KD.ZG,1973,6.65579447771066
IBT,NY.GDP.MKTP.KD.ZG,1972,5.89491806402376
IBT,NY.GDP.MKTP.KD.ZG,1971,6.05638747900947
IBT,NY.GDP.MKTP.KD.ZG,1970,7.78773207896519
IBT,NY.GDP.MKTP.KD.ZG,1969,7.90844702955258
IBT,NY.GDP.MKTP.KD.ZG,1968,6.04147484672808
IBT,NY.GDP.MKTP.KD.ZG,1967,3.16355662657072
IBT,NY.GDP.MKTP.KD.ZG,1966,4.95306207330628
IBT,NY.GDP.MKTP.KD.ZG,1965,5.90056169119251
IBT,NY.GDP.MKTP.KD.ZG,1964,7.7516523540593
IBT,NY.GDP.MKTP.KD.ZG,1963,4.73477099861303
IBT,NY.GDP.MKTP.KD.ZG,1962,3.65548213870757
IBT,NY.GDP.MKTP.KD.ZG,1961,1.18555596460357
IBT,NY.GDP.MKTP.KD.ZG,1960,
IDB,NY.GDP.MKTP.KD.ZG,2025,
IDB,NY.GDP.MKTP.KD.ZG,2024,4.05581991807422
IDB,NY.GDP.MKTP.KD.ZG,2023,2.82562013423187
IDB,NY.GDP.MKTP.KD.ZG,2022,4.79819828416285
IDB,NY.GDP.MKTP.KD.ZG,2021,4.29411724945791
IDB,NY.GDP.MKTP.KD.ZG,2020,-3.29396031642257
IDB,NY.GDP.MKTP.KD.ZG,2019,3.02295777419029
IDB,NY.GDP.MKTP.KD.ZG,2018,3.86333443843708
IDB,NY.GDP.MKTP.KD.ZG,2017,2.77873930269396
IDB,NY.GDP.MKTP.KD.ZG,2016,2.26871058517055
IDB,NY.GDP.MKTP.KD.ZG,2015,3.83520190776083
IDB,NY.GDP.MKTP.KD.ZG,2014,5.74572820998239
IDB,NY.GDP.MKTP.KD.ZG,2013,5.67251913506919
IDB,NY.GDP.MKTP.KD.ZG,2012,4.50072409149726
IDB,NY.GDP.MKTP.KD.ZG,2011,4.19641282006262
IDB,NY.GDP.MKTP.KD.ZG,2010,5.94346268114417
IDB,NY.GDP.MKTP.KD.ZG,2009,5.88178416165859
IDB,NY.GDP.MKTP.KD.ZG,2008,4.17673097121384
IDB,NY.GDP.MKTP.KD.ZG,2007,5.42184760303104
IDB,NY.GDP.MKTP.KD.ZG,2006,5.72555656025354
IDB,NY.GDP.MKTP.KD.ZG,2005,5.96745206211722
IDB,NY.GDP.MKTP.KD.ZG,2004,7.38096054607374
IDB,NY.GDP.MKTP.KD.ZG,2003,4.52618390039238
IDB,NY.GDP.MKTP.KD.ZG,2002,6.39616099561913
IDB,NY.GDP.MKTP.KD.ZG,2001,3.97086421185242
IDB,NY.GDP.MKTP.KD.ZG,2000,3.52376351778531
IDB,NY.GDP.MKTP.KD.ZG,1999,2.02968759954977
IDB,NY.GDP.MKTP.KD.ZG,1998,2.79288521194428
IDB,NY.GDP.MKTP.KD.ZG,1997,2.46299856238241
IDB,NY.GDP.MKTP.KD.ZG,1996,4.77236192760644
IDB,NY.GDP.MKTP.KD.ZG,1995,2.29956176560113
IDB,NY.GDP.MKTP.KD.ZG,1994,0.928531752843284
IDB,NY.GDP.MKTP.KD.ZG,1993,-0.215023738912336
IDB,NY.GDP.MKTP.KD.ZG,1992,2.89142745156366
IDB,NY.GDP.MKTP.KD.ZG,1991,1.92627437066402
IDB,NY.GDP.MKTP.KD.ZG,1990,5.97431169856483
IDB,NY.GDP.MKTP.KD.ZG,1989,3.14676076246539
IDB,NY.GDP.MKTP.KD.ZG,1988,6.0993415476279
IDB,NY.GDP.MKTP.KD.ZG,1987,3.51904995839205
IDB,NY.GDP.MKTP.KD.ZG,1986,2.96473966175196
IDB,NY.GDP.MKTP.KD.ZG,1985,5.98462268582176
IDB,NY.GDP.MKTP.KD.ZG,1984,1.347504379025
IDB,NY.GDP.MKTP.KD.ZG,1983,-2.96165598812939
IDB,NY.GDP.MKTP.KD.ZG,1982,-0.958574938912321
IDB,NY.GDP.MKTP.KD.ZG,1981,-3.44703679582913
IDB,NY.GDP.MKTP.KD.ZG,1980,4.10503414255645
IDB,NY.GDP.MKTP.KD.ZG,1979,5.56259928191298
IDB,NY.GDP.MKTP.KD.ZG,1978,0.456101043607134
IDB,NY.GDP.MKTP.KD.ZG,1977,5.4235813799926
IDB,NY.GDP.MKTP.KD.ZG,1976,6.82429671080396
IDB,NY.GDP.MKTP.KD.ZG,1975,-1.28459401512117
IDB,NY.GDP.MKTP.KD.ZG,1974,8.18962357736115
IDB,NY.GDP.MKTP.KD.ZG,1973,5.65796118941225
IDB,NY.GDP.MKTP.KD.ZG,1972,4.04068888928964
IDB,NY.GDP.MKTP.KD.ZG,1971,10.4555970474108
IDB,NY.GDP.MKTP.KD.ZG,1970,17.2108943459899
IDB,NY.GDP.MKTP.KD.ZG,1969,15.1308437579284
IDB,NY.GDP.MKTP.KD.ZG,1968,3.13920329330692
IDB,NY.GDP.MKTP.KD.ZG,1967,-6.79782743077607
IDB,NY.GDP.MKTP.KD.ZG,1966,0.647417465762643
IDB,NY.GDP.MKTP.KD.ZG,1965,5.261832353044
IDB,NY.GDP.MKTP.KD.ZG,1964,5.90439922848979
IDB,NY.GDP.MKTP.KD.ZG,1963,8.27697758636965
IDB,NY.GDP.MKTP.KD.ZG,1962,4.19166785787182
IDB,NY.GDP.MKTP.KD.ZG,1961,1.8174761049095
IDB,NY.GDP.MKTP.KD.ZG,1960,
IDX,NY.GDP.MKTP.KD.ZG,2025,
IDX,NY.GDP.MKTP.KD.ZG,2024,4.54306460750762
IDX,NY.GDP.MKTP.KD.ZG,2023,3.25506752972092
IDX,NY.GDP.MKTP.KD.ZG,2022,4.30600397002799
IDX,NY.GDP.MKTP.KD.ZG,2021,3.66758077651031
IDX,NY.GDP.MKTP.KD.ZG,2020,-0.368060971666011
IDX,NY.GDP.MKTP.KD.ZG,2019,4.82215447558036
IDX,NY.GDP.MKTP.KD.ZG,2018,4.86177080819164
IDX,NY.GDP.MKTP.KD.ZG,2017,5.21800165910943
IDX,NY.GDP.MKTP.KD.ZG,2016,4.19959381491357
IDX,NY.GDP.MKTP.KD.ZG,2015,3.01768618246332
IDX,NY.GDP.MKTP.KD.ZG,2014,4.99599221130495
IDX,NY.GDP.MKTP.KD.ZG,2013,4.86685793413926
IDX,NY.GDP.MKTP.KD.ZG,2012,2.37913187875185
IDX,NY.GDP.MKTP.KD.ZG,2011,4.23955328462343
IDX,NY.GDP.MKTP.KD.ZG,2010,6.43380577712871
IDX,NY.GDP.MKTP.KD.ZG,2009,4.17293803583576
IDX,NY.GDP.MKTP.KD.ZG,2008,5.92532656798508
IDX,NY.GDP.MKTP.KD.ZG,2007,6.4654563400738
IDX,NY.GDP.MKTP.KD.ZG,2006,6.37635069513551
IDX,NY.GDP.MKTP.KD.ZG,2005,6.40575400928334
IDX,NY.GDP.MKTP.KD.ZG,2004,6.03051277532285
IDX,NY.GDP.MKTP.KD.ZG,2003,5.43324568372536
IDX,NY.GDP.MKTP.KD.ZG,2002,4.51008662554781
IDX,NY.GDP.MKTP.KD.ZG,2001,4.12619022591751
IDX,NY.GDP.MKTP.KD.ZG,2000,4.36238362785939
IDX,NY.GDP.MKTP.KD.ZG,1999,4.10194104129759
IDX,NY.GDP.MKTP.KD.ZG,1998,4.31380669949021
IDX,NY.GDP.MKTP.KD.ZG,1997,5.49829935001316
IDX,NY.GDP.MKTP.KD.ZG,1996,5.21842330598427
IDX,NY.GDP.MKTP.KD.ZG,1995,5.2077968797484
IDX,NY.GDP.MKTP.KD.ZG,1994,1.33397707952693
IDX,NY.GDP.MKTP.KD.ZG,1993,2.23740605000837
IDX,NY.GDP.MKTP.KD.ZG,1992,1.07694337074035
IDX,NY.GDP.MKTP.KD.ZG,1991,2.2262446995633
IDX,NY.GDP.MKTP.KD.ZG,1990,1.21085195089972
IDX,NY.GDP.MKTP.KD.ZG,1989,1.21038129846825
IDX,NY.GDP.MKTP.KD.ZG,1988,3.25946117073639
IDX,NY.GDP.MKTP.KD.ZG,1987,3.69965897336419
IDX,NY.GDP.MKTP.KD.ZG,1986,2.9283076972127
IDX,NY.GDP.MKTP.KD.ZG,1985,2.09714097848497
IDX,NY.GDP.MKTP.KD.ZG,1984,1.83768895677881
IDX,NY.GDP.MKTP.KD.ZG,1983,1.46406057329082
IDX,NY.GDP.MKTP.KD.ZG,1982,0.872211353924854
IDX,NY.GDP.MKTP.KD.ZG,1981,3.37290498525556
IDX,NY.GDP.MKTP.KD.ZG,1980,2.73486997956509
IDX,NY.GDP.MKTP.KD.ZG,1979,0.910475653943649
IDX,NY.GDP.MKTP.KD.ZG,1978,2.07008941003259
IDX,NY.GDP.MKTP.KD.ZG,1977,2.21543787570508
IDX,NY.GDP.MKTP.KD.ZG,1976,3.8484199157738
IDX,NY.GDP.MKTP.KD.ZG,1975,0.652306578790558
IDX,NY.GDP.MKTP.KD.ZG,1974,6.43150080609611
IDX,NY.GDP.MKTP.KD.ZG,1973,2.32344808469813
IDX,NY.GDP.MKTP.KD.ZG,1972,-0.657070713783597
IDX,NY.GDP.MKTP.KD.ZG,1971,2.17452076478733
IDX,NY.GDP.MKTP.KD.ZG,1970,0.273671622523324
IDX,NY.GDP.MKTP.KD.ZG,1969,4.12843356150412
IDX,NY.GDP.MKTP.KD.ZG,1968,4.69439667092682
IDX,NY.GDP.MKTP.KD.ZG,1967,1.79200015270358
IDX,NY.GDP.MKTP.KD.ZG,1966,2.73603194385498
IDX,NY.GDP.MKTP.KD.ZG,1965,3.71425630591615
IDX,NY.GDP.MKTP.KD.ZG,1964,3.93932669717228
IDX,NY.GDP.MKTP.KD.ZG,1963,1.99144808708007
IDX,NY.GDP.MKTP.KD.ZG,1962,7.48265349478329
IDX,NY.GDP.MKTP.KD.ZG,1961,
IDX,NY.GDP.MKTP.KD.ZG,1960,
IDA,NY.GDP.MKTP.KD.ZG,2025,
IDA,NY.GDP.MKTP.KD.ZG,2024,4.30577432199132
IDA,NY.GDP.MKTP.KD.ZG,2023,3.04547759770905
IDA,NY.GDP.MKTP.KD.ZG,2022,4.54563835706816
IDA,NY.GDP.MKTP.KD.ZG,2021,3.97167918662413
IDA,NY.GDP.MKTP.KD.ZG,2020,-1.8099801648997
IDA,NY.GDP.MKTP.KD.ZG,2019,3.92770153634206
IDA,NY.GDP.MKTP.KD.ZG,2018,4.36301999279465
IDA,NY.GDP.MKTP.KD.ZG,2017,3.98520904781638
IDA,NY.GDP.MKTP.KD.ZG,2016,3.2147069999364
IDA,NY.GDP.MKTP.KD.ZG,2015,3.43306198935964
IDA,NY.GDP.MKTP.KD.ZG,2014,5.37559610535621
IDA,NY.GDP.MKTP.KD.ZG,2013,5.27366946982421
IDA,NY.GDP.MKTP.KD.ZG,2012,3.43953249646631
IDA,NY.GDP.MKTP.KD.ZG,2011,4.21798662977142
IDA,NY.GDP.MKTP.KD.ZG,2010,6.18810883117114
IDA,NY.GDP.MKTP.KD.ZG,2009,5.02224108295724
IDA,NY.GDP.MKTP.KD.ZG,2008,5.03505181555117
IDA,NY.GDP.MKTP.KD.ZG,2007,5.93154754290293
IDA,NY.GDP.MKTP.KD.ZG,2006,6.04240749877893
IDA,NY.GDP.MKTP.KD.ZG,2005,6.18039536803219
IDA,NY.GDP.MKTP.KD.ZG,2004,6.72059295335796
IDA,NY.GDP.MKTP.KD.ZG,2003,4.96777799528687
IDA,NY.GDP.MKTP.KD.ZG,2002,5.46951481147219
IDA,NY.GDP.MKTP.KD.ZG,2001,4.04711940197546
IDA,NY.GDP.MKTP.KD.ZG,2000,3.93112268440947
IDA,NY.GDP.MKTP.KD.ZG,1999,3.02587854472772
IDA,NY.GDP.MKTP.KD.ZG,1998,3.51846057298208
IDA,NY.GDP.MKTP.KD.ZG,1997,3.88893877540421
IDA,NY.GDP.MKTP.KD.ZG,1996,4.98144311268977
IDA,NY.GDP.MKTP.KD.ZG,1995,3.64244912412136
IDA,NY.GDP.MKTP.KD.ZG,1994,1.11534356988076
IDA,NY.GDP.MKTP.KD.ZG,1993,0.900170991376584
IDA,NY.GDP.MKTP.KD.ZG,1992,2.05978571603491
IDA,NY.GDP.MKTP.KD.ZG,1991,2.06354247742331
IDA,NY.GDP.MKTP.KD.ZG,1990,3.82446592262984
IDA,NY.GDP.MKTP.KD.ZG,1989,2.26373804492894
IDA,NY.GDP.MKTP.KD.ZG,1988,4.78517190355396
IDA,NY.GDP.MKTP.KD.ZG,1987,3.60632669278202
IDA,NY.GDP.MKTP.KD.ZG,1986,2.94726267874896
IDA,NY.GDP.MKTP.KD.ZG,1985,4.10663896713967
IDA,NY.GDP.MKTP.KD.ZG,1984,1.58273831864149
IDA,NY.GDP.MKTP.KD.ZG,1983,-0.887018420727799
IDA,NY.GDP.MKTP.KD.ZG,1982,-0.117690343164597
IDA,NY.GDP.MKTP.KD.ZG,1981,-0.431574770660902
IDA,NY.GDP.MKTP.KD.ZG,1980,3.49989339103078
IDA,NY.GDP.MKTP.KD.ZG,1979,3.45782020877361
IDA,NY.GDP.MKTP.KD.ZG,1978,1.17995618181199
IDA,NY.GDP.MKTP.KD.ZG,1977,3.9572565596544
IDA,NY.GDP.MKTP.KD.ZG,1976,5.44324413419919
IDA,NY.GDP.MKTP.KD.ZG,1975,-0.406920659299985
IDA,NY.GDP.MKTP.KD.ZG,1974,7.38581706468744
IDA,NY.GDP.MKTP.KD.ZG,1973,4.10686422075568
IDA,NY.GDP.MKTP.KD.ZG,1972,1.8013799546962
IDA,NY.GDP.MKTP.KD.ZG,1971,6.34700825967856
IDA,NY.GDP.MKTP.KD.ZG,1970,8.21345732055907
IDA,NY.GDP.MKTP.KD.ZG,1969,9.01199922473781
IDA,NY.GDP.MKTP.KD.ZG,1968,3.99835332211742
IDA,NY.GDP.MKTP.KD.ZG,1967,-2.28075939856424
IDA,NY.GDP.MKTP.KD.ZG,1966,1.73420907104911
IDA,NY.GDP.MKTP.KD.ZG,1965,4.45084609557529
IDA,NY.GDP.MKTP.KD.ZG,1964,4.86545407109058
IDA,NY.GDP.MKTP.KD.ZG,1963,4.86030574177228
IDA,NY.GDP.MKTP.KD.ZG,1962,5.95515004808063
IDA,NY.GDP.MKTP.KD.ZG,1961,1.16599617835243
IDA,NY.GDP.MKTP.KD.ZG,1960,
LTE,NY.GDP.MKTP.KD.ZG,2025,
LTE,NY.GDP.MKTP.KD.ZG,2024,4.48755005392181
LTE,NY.GDP.MKTP.KD.ZG,2023,4.42804951199685
LTE,NY.GDP.MKTP.KD.ZG,2022,3.28700376545592
LTE,NY.GDP.MKTP.KD.ZG,2021,7.59265524240509
LTE,NY.GDP.MKTP.KD.ZG,2020,0.23606472189222
LTE,NY.GDP.MKTP.KD.ZG,2019,4.74705579855315
LTE,NY.GDP.MKTP.KD.ZG,2018,5.43978541970205
LTE,NY.GDP.MKTP.KD.ZG,2017,5.26220866778336
LTE,NY.GDP.MKTP.KD.ZG,2016,4.45093232964513
LTE,NY.GDP.MKTP.KD.ZG,2015,4.70788934981915
LTE,NY.GDP.MKTP.KD.ZG,2014,5.29102448059173
LTE,NY.GDP.MKTP.KD.ZG,2013,5.63982052422607
LTE,NY.GDP.MKTP.KD.ZG,2012,5.88596134899939
LTE,NY.GDP.MKTP.KD.ZG,2011,7.17018280493483
LTE,NY.GDP.MKTP.KD.ZG,2010,8.03440086230196
LTE,NY.GDP.MKTP.KD.ZG,2009,3.74138025997479
LTE,NY.GDP.MKTP.KD.ZG,2008,6.95688641059679
LTE,NY.GDP.MKTP.KD.ZG,2007,10.2058695100739
LTE,NY.GDP.MKTP.KD.ZG,2006,9.29146367821868
LTE,NY.GDP.MKTP.KD.ZG,2005,7.79648456165867
LTE,NY.GDP.MKTP.KD.ZG,2004,8.20035090797739
LTE,NY.GDP.MKTP.KD.ZG,2003,6.88089931630806
LTE,NY.GDP.MKTP.KD.ZG,2002,6.05203909370371
LTE,NY.GDP.MKTP.KD.ZG,2001,5.19485819990398
LTE,NY.GDP.MKTP.KD.ZG,2000,7.030202609726
LTE,NY.GDP.MKTP.KD.ZG,1999,4.66362734864245
LTE,NY.GDP.MKTP.KD.ZG,1998,2.87482259174006
LTE,NY.GDP.MKTP.KD.ZG,1997,5.64671072497833
LTE,NY.GDP.MKTP.KD.ZG,1996,5.11607831686851
LTE,NY.GDP.MKTP.KD.ZG,1995,5.69107471980873
LTE,NY.GDP.MKTP.KD.ZG,1994,4.46521282723822
LTE,NY.GDP.MKTP.KD.ZG,1993,4.34403219180659
LTE,NY.GDP.MKTP.KD.ZG,1992,0.825047278305661
LTE,NY.GDP.MKTP.KD.ZG,1991,0.509801790680896
LTE,NY.GDP.MKTP.KD.ZG,1990,0.244621085119206
LTE,NY.GDP.MKTP.KD.ZG,1989,4.72864510934508
LTE,NY.GDP.MKTP.KD.ZG,1988,5.13596729399556
LTE,NY.GDP.MKTP.KD.ZG,1987,6.44758535312701
LTE,NY.GDP.MKTP.KD.ZG,1986,5.7911392556282
LTE,NY.GDP.MKTP.KD.ZG,1985,7.24160953799927
LTE,NY.GDP.MKTP.KD.ZG,1984,7.82734835067831
LTE,NY.GDP.MKTP.KD.ZG,1983,1.75389113074785
LTE,NY.GDP.MKTP.KD.ZG,1982,1.94105757184782
LTE,NY.GDP.MKTP.KD.ZG,1981,0.140420427654405
LTE,NY.GDP.MKTP.KD.ZG,1980,7.29187572476462
LTE,NY.GDP.MKTP.KD.ZG,1979,7.76274946189699
LTE,NY.GDP.MKTP.KD.ZG,1978,6.66355955011785
LTE,NY.GDP.MKTP.KD.ZG,1977,6.33164936099394
LTE,NY.GDP.MKTP.KD.ZG,1976,6.60362251091824
LTE,NY.GDP.MKTP.KD.ZG,1975,4.34465239848332
LTE,NY.GDP.MKTP.KD.ZG,1974,4.9565181628997
LTE,NY.GDP.MKTP.KD.ZG,1973,9.81607053695465
LTE,NY.GDP.MKTP.KD.ZG,1972,7.88101452241514
LTE,NY.GDP.MKTP.KD.ZG,1971,8.5033792365621
LTE,NY.GDP.MKTP.KD.ZG,1970,10.8369703892342
LTE,NY.GDP.MKTP.KD.ZG,1969,9.97476735094797
LTE,NY.GDP.MKTP.KD.ZG,1968,5.17949524202396
LTE,NY.GDP.MKTP.KD.ZG,1967,1.76484202346209
LTE,NY.GDP.MKTP.KD.ZG,1966,7.70258267890102
LTE,NY.GDP.MKTP.KD.ZG,1965,6.66607641183505
LTE,NY.GDP.MKTP.KD.ZG,1964,7.19043688685861
LTE,NY.GDP.MKTP.KD.ZG,1963,4.13992890268153
LTE,NY.GDP.MKTP.KD.ZG,1962,2.98059178144385
LTE,NY.GDP.MKTP.KD.ZG,1961,-3.71077003563133
LTE,NY.GDP.MKTP.KD.ZG,1960,
LCN,NY.GDP.MKTP.KD.ZG,2025,
LCN,NY.GDP.MKTP.KD.ZG,2024,2.25365117533336
LCN,NY.GDP.MKTP.KD.ZG,2023,2.2495421023623
LCN,NY.GDP.MKTP.KD.ZG,2022,4.08489707535256
LCN,NY.GDP.MKTP.KD.ZG,2021,7.06404255272612
LCN,NY.GDP.MKTP.KD.ZG,2020,-6.86063404728556
LCN,NY.GDP.MKTP.KD.ZG,2019,0.312079320235867
LCN,NY.GDP.MKTP.KD.ZG,2018,1.21791319664719
LCN,NY.GDP.MKTP.KD.ZG,2017,1.55329227272067
LCN,NY.GDP.MKTP.KD.ZG,2016,-0.729799173418968
LCN,NY.GDP.MKTP.KD.ZG,2015,0.238232860625814
LCN,NY.GDP.MKTP.KD.ZG,2014,1.19550821220653
LCN,NY.GDP.MKTP.KD.ZG,2013,2.71578850232505
LCN,NY.GDP.MKTP.KD.ZG,2012,2.64401559051115
LCN,NY.GDP.MKTP.KD.ZG,2011,4.39655404168934
LCN,NY.GDP.MKTP.KD.ZG,2010,6.16268521254159
LCN,NY.GDP.MKTP.KD.ZG,2009,-2.30606868180301
LCN,NY.GDP.MKTP.KD.ZG,2008,3.69077213691142
LCN,NY.GDP.MKTP.KD.ZG,2007,5.28668699848225
LCN,NY.GDP.MKTP.KD.ZG,2006,5.2617893739781
LCN,NY.GDP.MKTP.KD.ZG,2005,4.09602929826869
LCN,NY.GDP.MKTP.KD.ZG,2004,5.7221986371194
LCN,NY.GDP.MKTP.KD.ZG,2003,2.21047263780285
LCN,NY.GDP.MKTP.KD.ZG,2002,0.214244416059501
LCN,NY.GDP.MKTP.KD.ZG,2001,0.531563888025602
LCN,NY.GDP.MKTP.KD.ZG,2000,3.6274184698905
LCN,NY.GDP.MKTP.KD.ZG,1999,0.534894061853407
LCN,NY.GDP.MKTP.KD.ZG,1998,2.9262785323503
LCN,NY.GDP.MKTP.KD.ZG,1997,5.46410986358299
LCN,NY.GDP.MKTP.KD.ZG,1996,3.89751619521741
LCN,NY.GDP.MKTP.KD.ZG,1995,0.947891838564516
LCN,NY.GDP.MKTP.KD.ZG,1994,5.0383078004554
LCN,NY.GDP.MKTP.KD.ZG,1993,4.26774981086473
LCN,NY.GDP.MKTP.KD.ZG,1992,2.67698462139667
LCN,NY.GDP.MKTP.KD.ZG,1991,3.18155459334746
LCN,NY.GDP.MKTP.KD.ZG,1990,-0.180493255751628
LCN,NY.GDP.MKTP.KD.ZG,1989,1.21408590521719
LCN,NY.GDP.MKTP.KD.ZG,1988,0.795822692821901
LCN,NY.GDP.MKTP.KD.ZG,1987,3.34249399578927
LCN,NY.GDP.MKTP.KD.ZG,1986,3.55111622775574
LCN,NY.GDP.MKTP.KD.ZG,1985,3.04413266858268
LCN,NY.GDP.MKTP.KD.ZG,1984,3.92033805914326
LCN,NY.GDP.MKTP.KD.ZG,1983,-2.52384222706598
LCN,NY.GDP.MKTP.KD.ZG,1982,-0.0867544795361823
LCN,NY.GDP.MKTP.KD.ZG,1981,1.15052675980552
LCN,NY.GDP.MKTP.KD.ZG,1980,6.26185295432218
LCN,NY.GDP.MKTP.KD.ZG,1979,7.14561691296302
LCN,NY.GDP.MKTP.KD.ZG,1978,4.44806343674173
LCN,NY.GDP.MKTP.KD.ZG,1977,4.91970928704377
LCN,NY.GDP.MKTP.KD.ZG,1976,5.50486478867343
LCN,NY.GDP.MKTP.KD.ZG,1975,3.58989235991316
LCN,NY.GDP.MKTP.KD.ZG,1974,6.06550099998692
LCN,NY.GDP.MKTP.KD.ZG,1973,7.95290007905759
LCN,NY.GDP.MKTP.KD.ZG,1972,6.9387978937566
LCN,NY.GDP.MKTP.KD.ZG,1971,6.64593803429932
LCN,NY.GDP.MKTP.KD.ZG,1970,6.58495781451992
LCN,NY.GDP.MKTP.KD.ZG,1969,6.57353111587398
LCN,NY.GDP.MKTP.KD.ZG,1968,7.12343710002892
LCN,NY.GDP.MKTP.KD.ZG,1967,4.26967477232658
LCN,NY.GDP.MKTP.KD.ZG,1966,4.78029083768845
LCN,NY.GDP.MKTP.KD.ZG,1965,5.58777856526254
LCN,NY.GDP.MKTP.KD.ZG,1964,7.45955729349095
LCN,NY.GDP.MKTP.KD.ZG,1963,2.15161366714207
LCN,NY.GDP.MKTP.KD.ZG,1962,4.49830789305861
LCN,NY.GDP.MKTP.KD.ZG,1961,6.01651498523745
LCN,NY.GDP.MKTP.KD.ZG,1960,
LAC,NY.GDP.MKTP.KD.ZG,2025,
LAC,NY.GDP.MKTP.KD.ZG,2024,1.97324501012739
LAC,NY.GDP.MKTP.KD.ZG,2023,2.16624377428548
LAC,NY.GDP.MKTP.KD.ZG,2022,3.94705326197962
LAC,NY.GDP.MKTP.KD.ZG,2021,6.90270247216083
LAC,NY.GDP.MKTP.KD.ZG,2020,-6.54995286111402
LAC,NY.GDP.MKTP.KD.ZG,2019,0.597515256905496
LAC,NY.GDP.MKTP.KD.ZG,2018,1.54415671756763
LAC,NY.GDP.MKTP.KD.ZG,2017,1.98152090808898
LAC,NY.GDP.MKTP.KD.ZG,2016,-0.536114860487686
LAC,NY.GDP.MKTP.KD.ZG,2015,0.252853446703966
LAC,NY.GDP.MKTP.KD.ZG,2014,1.26970326025739
LAC,NY.GDP.MKTP.KD.ZG,2013,2.76886473638966
LAC,NY.GDP.MKTP.KD.ZG,2012,2.3429427855651
LAC,NY.GDP.MKTP.KD.ZG,2011,4.4260068185209
LAC,NY.GDP.MKTP.KD.ZG,2010,6.68617840114332
LAC,NY.GDP.MKTP.KD.ZG,2009,-2.42374983354138
LAC,NY.GDP.MKTP.KD.ZG,2008,3.72840193518242
LAC,NY.GDP.MKTP.KD.ZG,2007,5.30259334393376
LAC,NY.GDP.MKTP.KD.ZG,2006,5.22968859109878
LAC,NY.GDP.MKTP.KD.ZG,2005,3.98793536577327
LAC,NY.GDP.MKTP.KD.ZG,2004,5.28303619127861
LAC,NY.GDP.MKTP.KD.ZG,2003,2.38729638002798
LAC,NY.GDP.MKTP.KD.ZG,2002,0.335934291998541
LAC,NY.GDP.MKTP.KD.ZG,2001,0.142933549539578
LAC,NY.GDP.MKTP.KD.ZG,2000,3.62607141995537
LAC,NY.GDP.MKTP.KD.ZG,1999,0.533034737720399
LAC,NY.GDP.MKTP.KD.ZG,1998,2.76721274796294
LAC,NY.GDP.MKTP.KD.ZG,1997,5.32646874814135
LAC,NY.GDP.MKTP.KD.ZG,1996,3.94347499556859
LAC,NY.GDP.MKTP.KD.ZG,1995,0.403646380833862
LAC,NY.GDP.MKTP.KD.ZG,1994,5.32572865333825
LAC,NY.GDP.MKTP.KD.ZG,1993,4.33474243040001
LAC,NY.GDP.MKTP.KD.ZG,1992,2.07149324955438
LAC,NY.GDP.MKTP.KD.ZG,1991,2.85529759229361
LAC,NY.GDP.MKTP.KD.ZG,1990,-0.49281244626701
LAC,NY.GDP.MKTP.KD.ZG,1989,1.36365430072496
LAC,NY.GDP.MKTP.KD.ZG,1988,0.335666828521667
LAC,NY.GDP.MKTP.KD.ZG,1987,3.13922389214538
LAC,NY.GDP.MKTP.KD.ZG,1986,3.34699176755949
LAC,NY.GDP.MKTP.KD.ZG,1985,3.15437661611301
LAC,NY.GDP.MKTP.KD.ZG,1984,3.87732088321616
LAC,NY.GDP.MKTP.KD.ZG,1983,-2.11580782563833
LAC,NY.GDP.MKTP.KD.ZG,1982,0.322669889675197
LAC,NY.GDP.MKTP.KD.ZG,1981,1.08786602147461
LAC,NY.GDP.MKTP.KD.ZG,1980,6.70351958287611
LAC,NY.GDP.MKTP.KD.ZG,1979,7.38660900251951
LAC,NY.GDP.MKTP.KD.ZG,1978,4.28758951742381
LAC,NY.GDP.MKTP.KD.ZG,1977,4.70605901231167
LAC,NY.GDP.MKTP.KD.ZG,1976,5.48657281463301
LAC,NY.GDP.MKTP.KD.ZG,1975,4.25800365740585
LAC,NY.GDP.MKTP.KD.ZG,1974,6.67815333641104
LAC,NY.GDP.MKTP.KD.ZG,1973,8.69809217563109
LAC,NY.GDP.MKTP.KD.ZG,1972,7.73269282284261
LAC,NY.GDP.MKTP.KD.ZG,1971,6.98515316194457
LAC,NY.GDP.MKTP.KD.ZG,1970,6.81848440302117
LAC,NY.GDP.MKTP.KD.ZG,1969,6.93591976046346
LAC,NY.GDP.MKTP.KD.ZG,1968,7.43823851488071
LAC,NY.GDP.MKTP.KD.ZG,1967,4.43192615043895
LAC,NY.GDP.MKTP.KD.ZG,1966,4.61190426740106
LAC,NY.GDP.MKTP.KD.ZG,1965,5.83721167883419
LAC,NY.GDP.MKTP.KD.ZG,1964,7.64709099414738
LAC,NY.GDP.MKTP.KD.ZG,1963,1.7109086745283
LAC,NY.GDP.MKTP.KD.ZG,1962,4.32914048206914
LAC,NY.GDP.MKTP.KD.ZG,1961,6.21270944185397
LAC,NY.GDP.MKTP.KD.ZG,1960,
TLA,NY.GDP.MKTP.KD.ZG,2025,
TLA,NY.GDP.MKTP.KD.ZG,2024,2.27814705092769
TLA,NY.GDP.MKTP.KD.ZG,2023,2.32602977369942
TLA,NY.GDP.MKTP.KD.ZG,2022,4.11782588294029
TLA,NY.GDP.MKTP.KD.ZG,2021,7.26349029603928
TLA,NY.GDP.MKTP.KD.ZG,2020,-6.78294271787128
TLA,NY.GDP.MKTP.KD.ZG,2019,0.28965539868031
TLA,NY.GDP.MKTP.KD.ZG,2018,1.30250308015485
TLA,NY.GDP.MKTP.KD.ZG,2017,1.62111189870491
TLA,NY.GDP.MKTP.KD.ZG,2016,-0.74776428360714
TLA,NY.GDP.MKTP.KD.ZG,2015,0.187808812059515
TLA,NY.GDP.MKTP.KD.ZG,2014,1.24740654236351
TLA,NY.GDP.MKTP.KD.ZG,2013,2.80431557598942
TLA,NY.GDP.MKTP.KD.ZG,2012,2.71601812049479
TLA,NY.GDP.MKTP.KD.ZG,2011,4.56493996774476
TLA,NY.GDP.MKTP.KD.ZG,2010,6.43352449089936
TLA,NY.GDP.MKTP.KD.ZG,2009,-2.35282389560321
TLA,NY.GDP.MKTP.KD.ZG,2008,3.85631836150191
TLA,NY.GDP.MKTP.KD.ZG,2007,5.45551079018296
TLA,NY.GDP.MKTP.KD.ZG,2006,5.37451017594167
TLA,NY.GDP.MKTP.KD.ZG,2005,4.19751061457903
TLA,NY.GDP.MKTP.KD.ZG,2004,5.64927441913522
TLA,NY.GDP.MKTP.KD.ZG,2003,2.27430147345248
TLA,NY.GDP.MKTP.KD.ZG,2002,0.167706176085275
TLA,NY.GDP.MKTP.KD.ZG,2001,0.314256331580779
TLA,NY.GDP.MKTP.KD.ZG,2000,3.60284933506787
TLA,NY.GDP.MKTP.KD.ZG,1999,0.305038294648256
TLA,NY.GDP.MKTP.KD.ZG,1998,2.88539382386624
TLA,NY.GDP.MKTP.KD.ZG,1997,5.52761419212916
TLA,NY.GDP.MKTP.KD.ZG,1996,3.89284920787799
TLA,NY.GDP.MKTP.KD.ZG,1995,0.819094840807793
TLA,NY.GDP.MKTP.KD.ZG,1994,5.12225127449915
TLA,NY.GDP.MKTP.KD.ZG,1993,4.57807676632353
TLA,NY.GDP.MKTP.KD.ZG,1992,2.91418867268096
TLA,NY.GDP.MKTP.KD.ZG,1991,3.53251605299701
TLA,NY.GDP.MKTP.KD.ZG,1990,-0.040263295047211
TLA,NY.GDP.MKTP.KD.ZG,1989,1.11565409168423
TLA,NY.GDP.MKTP.KD.ZG,1988,0.585692996174132
TLA,NY.GDP.MKTP.KD.ZG,1987,3.41023279537285
TLA,NY.GDP.MKTP.KD.ZG,1986,3.60454456867971
TLA,NY.GDP.MKTP.KD.ZG,1985,3.07214606690656
TLA,NY.GDP.MKTP.KD.ZG,1984,3.74527172168506
TLA,NY.GDP.MKTP.KD.ZG,1983,-2.71798518554685
TLA,NY.GDP.MKTP.KD.ZG,1982,-0.247326983315403
TLA,NY.GDP.MKTP.KD.ZG,1981,0.871398235143189
TLA,NY.GDP.MKTP.KD.ZG,1980,6.52042773017467
TLA,NY.GDP.MKTP.KD.ZG,1979,7.19851045511444
TLA,NY.GDP.MKTP.KD.ZG,1978,4.32273749037671
TLA,NY.GDP.MKTP.KD.ZG,1977,4.81408932455125
TLA,NY.GDP.MKTP.KD.ZG,1976,5.48921686862253
TLA,NY.GDP.MKTP.KD.ZG,1975,3.64219714472208
TLA,NY.GDP.MKTP.KD.ZG,1974,6.32185370657663
TLA,NY.GDP.MKTP.KD.ZG,1973,8.08509728032595
TLA,NY.GDP.MKTP.KD.ZG,1972,7.01524059354188
TLA,NY.GDP.MKTP.KD.ZG,1971,6.63578819682688
TLA,NY.GDP.MKTP.KD.ZG,1970,6.59404469087279
TLA,NY.GDP.MKTP.KD.ZG,1969,6.49175752521769
TLA,NY.GDP.MKTP.KD.ZG,1968,7.16781044240319
TLA,NY.GDP.MKTP.KD.ZG,1967,4.19773200719172
TLA,NY.GDP.MKTP.KD.ZG,1966,4.69519752923027
TLA,NY.GDP.MKTP.KD.ZG,1965,5.48106229201065
TLA,NY.GDP.MKTP.KD.ZG,1964,7.45760033706793
TLA,NY.GDP.MKTP.KD.ZG,1963,1.97364230847418
TLA,NY.GDP.MKTP.KD.ZG,1962,4.39426309151636
TLA,NY.GDP.MKTP.KD.ZG,1961,5.97930459922004
TLA,NY.GDP.MKTP.KD.ZG,1960,
LDC,NY.GDP.MKTP.KD.ZG,2025,
LDC,NY.GDP.MKTP.KD.ZG,2024,3.85645809654658
LDC,NY.GDP.MKTP.KD.ZG,2023,3.02879949936965
LDC,NY.GDP.MKTP.KD.ZG,2022,4.75099901471464
LDC,NY.GDP.MKTP.KD.ZG,2021,2.8680415794319
LDC,NY.GDP.MKTP.KD.ZG,2020,-0.084161466625801
LDC,NY.GDP.MKTP.KD.ZG,2019,4.91325561043519
LDC,NY.GDP.MKTP.KD.ZG,2018,4.65941908831795
LDC,NY.GDP.MKTP.KD.ZG,2017,4.4987096336715
LDC,NY.GDP.MKTP.KD.ZG,2016,3.65690967534613
LDC,NY.GDP.MKTP.KD.ZG,2015,2.75062771857759
LDC,NY.GDP.MKTP.KD.ZG,2014,5.34950229838451
LDC,NY.GDP.MKTP.KD.ZG,2013,5.79229976095579
LDC,NY.GDP.MKTP.KD.ZG,2012,3.30736831222637
LDC,NY.GDP.MKTP.KD.ZG,2011,3.33299155653481
LDC,NY.GDP.MKTP.KD.ZG,2010,6.33851199773525
LDC,NY.GDP.MKTP.KD.ZG,2009,4.22685817352115
LDC,NY.GDP.MKTP.KD.ZG,2008,6.45426556691304
LDC,NY.GDP.MKTP.KD.ZG,2007,7.25557846757279
LDC,NY.GDP.MKTP.KD.ZG,2006,6.85942217803215
LDC,NY.GDP.MKTP.KD.ZG,2005,7.40501143147884
LDC,NY.GDP.MKTP.KD.ZG,2004,6.54520443364572
LDC,NY.GDP.MKTP.KD.ZG,2003,5.15489452332008
LDC,NY.GDP.MKTP.KD.ZG,2002,5.42174917631306
LDC,NY.GDP.MKTP.KD.ZG,2001,4.89997526252644
LDC,NY.GDP.MKTP.KD.ZG,2000,4.27198485140356
LDC,NY.GDP.MKTP.KD.ZG,1999,4.01863104412608
LDC,NY.GDP.MKTP.KD.ZG,1998,4.03700294677284
LDC,NY.GDP.MKTP.KD.ZG,1997,5.34081426047821
LDC,NY.GDP.MKTP.KD.ZG,1996,5.63291392258859
LDC,NY.GDP.MKTP.KD.ZG,1995,5.80488991857786
LDC,NY.GDP.MKTP.KD.ZG,1994,0.679133224989826
LDC,NY.GDP.MKTP.KD.ZG,1993,-0.546403388375666
LDC,NY.GDP.MKTP.KD.ZG,1992,0.260336713675628
LDC,NY.GDP.MKTP.KD.ZG,1991,1.82989355926915
LDC,NY.GDP.MKTP.KD.ZG,1990,-0.115917210845865
LDC,NY.GDP.MKTP.KD.ZG,1989,1.74334828331591
LDC,NY.GDP.MKTP.KD.ZG,1988,2.88752968135606
LDC,NY.GDP.MKTP.KD.ZG,1987,4.19165007079091
LDC,NY.GDP.MKTP.KD.ZG,1986,3.30920704376558
LDC,NY.GDP.MKTP.KD.ZG,1985,1.68787811282445
LDC,NY.GDP.MKTP.KD.ZG,1984,2.36515015501568
LDC,NY.GDP.MKTP.KD.ZG,1983,1.65089371480511
LDC,NY.GDP.MKTP.KD.ZG,1982,0.99561319736641
LDC,NY.GDP.MKTP.KD.ZG,1981,2.3640285843103
LDC,NY.GDP.MKTP.KD.ZG,1980,1.98311807041094
LDC,NY.GDP.MKTP.KD.ZG,1979,1.82453998351215
LDC,NY.GDP.MKTP.KD.ZG,1978,1.53840205096873
LDC,NY.GDP.MKTP.KD.ZG,1977,1.95321754677542
LDC,NY.GDP.MKTP.KD.ZG,1976,3.88150274460155
LDC,NY.GDP.MKTP.KD.ZG,1975,0.529922547997216
LDC,NY.GDP.MKTP.KD.ZG,1974,5.62319774818508
LDC,NY.GDP.MKTP.KD.ZG,1973,2.25146962861675
LDC,NY.GDP.MKTP.KD.ZG,1972,-1.42074860185521
LDC,NY.GDP.MKTP.KD.ZG,1971,1.73905859556218
LDC,NY.GDP.MKTP.KD.ZG,1970,-0.603655651041407
LDC,NY.GDP.MKTP.KD.ZG,1969,3.32757911585088
LDC,NY.GDP.MKTP.KD.ZG,1968,5.13343415699008
LDC,NY.GDP.MKTP.KD.ZG,1967,1.04532829257234
LDC,NY.GDP.MKTP.KD.ZG,1966,3.32692270274428
LDC,NY.GDP.MKTP.KD.ZG,1965,3.69662407910462
LDC,NY.GDP.MKTP.KD.ZG,1964,3.59216004321941
LDC,NY.GDP.MKTP.KD.ZG,1963,2.02842579653853
LDC,NY.GDP.MKTP.KD.ZG,1962,7.54525212270578
LDC,NY.GDP.MKTP.KD.ZG,1961,
LDC,NY.GDP.MKTP.KD.ZG,1960,
LMY,NY.GDP.MKTP.KD.ZG,2025,
LMY,NY.GDP.MKTP.KD.ZG,2024,4.36075037491025
LMY,NY.GDP.MKTP.KD.ZG,2023,4.8226754547823
LMY,NY.GDP.MKTP.KD.ZG,2022,3.99985001578578
LMY,NY.GDP.MKTP.KD.ZG,2021,7.38651702793516
LMY,NY.GDP.MKTP.KD.ZG,2020,-1.12138803182505
LMY,NY.GDP.MKTP.KD.ZG,2019,4.15795444216964
LMY,NY.GDP.MKTP.KD.ZG,2018,4.99253371729228
LMY,NY.GDP.MKTP.KD.ZG,2017,5.33414452329365
LMY,NY.GDP.MKTP.KD.ZG,2016,4.73589340027773
LMY,NY.GDP.MKTP.KD.ZG,2015,4.69423819182255
LMY,NY.GDP.MKTP.KD.ZG,2014,5.1779114327552
LMY,NY.GDP.MKTP.KD.ZG,2013,5.62109078786028
LMY,NY.GDP.MKTP.KD.ZG,2012,5.49051826518085
LMY,NY.GDP.MKTP.KD.ZG,2011,6.3548185455024
LMY,NY.GDP.MKTP.KD.ZG,2010,8.16445240626624
LMY,NY.GDP.MKTP.KD.ZG,2009,4.01461962181482
LMY,NY.GDP.MKTP.KD.ZG,2008,5.94269905569142
LMY,NY.GDP.MKTP.KD.ZG,2007,8.84123474938967
LMY,NY.GDP.MKTP.KD.ZG,2006,8.22100374460884
LMY,NY.GDP.MKTP.KD.ZG,2005,7.36879097244949
LMY,NY.GDP.MKTP.KD.ZG,2004,7.68528949361232
LMY,NY.GDP.MKTP.KD.ZG,2003,5.93754398181561
LMY,NY.GDP.MKTP.KD.ZG,2002,4.8018179766139
LMY,NY.GDP.MKTP.KD.ZG,2001,3.65684923129528
LMY,NY.GDP.MKTP.KD.ZG,2000,5.57465732216498
LMY,NY.GDP.MKTP.KD.ZG,1999,3.68841216367616
LMY,NY.GDP.MKTP.KD.ZG,1998,3.33046402974134
LMY,NY.GDP.MKTP.KD.ZG,1997,5.67616182515722
LMY,NY.GDP.MKTP.KD.ZG,1996,6.25747699428996
LMY,NY.GDP.MKTP.KD.ZG,1995,4.62367429906318
LMY,NY.GDP.MKTP.KD.ZG,1994,5.16308593699908
LMY,NY.GDP.MKTP.KD.ZG,1993,5.01393982715589
LMY,NY.GDP.MKTP.KD.ZG,1992,4.27003159758803
LMY,NY.GDP.MKTP.KD.ZG,1991,2.8912914646663
LMY,NY.GDP.MKTP.KD.ZG,1990,3.13410969030087
LMY,NY.GDP.MKTP.KD.ZG,1989,3.05414113126088
LMY,NY.GDP.MKTP.KD.ZG,1988,4.12342705818345
LMY,NY.GDP.MKTP.KD.ZG,1987,4.64177294894614
LMY,NY.GDP.MKTP.KD.ZG,1986,3.67350636535105
LMY,NY.GDP.MKTP.KD.ZG,1985,4.49261102482681
LMY,NY.GDP.MKTP.KD.ZG,1984,4.67145651375461
LMY,NY.GDP.MKTP.KD.ZG,1983,1.60140459245338
LMY,NY.GDP.MKTP.KD.ZG,1982,2.88272003175614
LMY,NY.GDP.MKTP.KD.ZG,1981,1.92401160182006
LMY,NY.GDP.MKTP.KD.ZG,1980,4.72410139000792
LMY,NY.GDP.MKTP.KD.ZG,1979,4.58705654200816
LMY,NY.GDP.MKTP.KD.ZG,1978,3.66869826641766
LMY,NY.GDP.MKTP.KD.ZG,1977,4.56205443689133
LMY,NY.GDP.MKTP.KD.ZG,1976,6.24183051736085
LMY,NY.GDP.MKTP.KD.ZG,1975,4.26836571766238
LMY,NY.GDP.MKTP.KD.ZG,1974,6.03671920697899
LMY,NY.GDP.MKTP.KD.ZG,1973,6.86112782288122
LMY,NY.GDP.MKTP.KD.ZG,1972,6.15084318742949
LMY,NY.GDP.MKTP.KD.ZG,1971,6.17358988568949
LMY,NY.GDP.MKTP.KD.ZG,1970,7.9616319016389
LMY,NY.GDP.MKTP.KD.ZG,1969,8.2010136504399
LMY,NY.GDP.MKTP.KD.ZG,1968,6.09235499094886
LMY,NY.GDP.MKTP.KD.ZG,1967,3.19458535047612
LMY,NY.GDP.MKTP.KD.ZG,1966,4.92615762582338
LMY,NY.GDP.MKTP.KD.ZG,1965,6.07393119670164
LMY,NY.GDP.MKTP.KD.ZG,1964,7.86082440745253
LMY,NY.GDP.MKTP.KD.ZG,1963,4.80139437965551
LMY,NY.GDP.MKTP.KD.ZG,1962,3.57849728706803
LMY,NY.GDP.MKTP.KD.ZG,1961,0.983006184497142
LMY,NY.GDP.MKTP.KD.ZG,1960,
,NY.GDP.MKTP.KD.ZG,2025,
,NY.GDP.MKTP.KD.ZG,2024,2.32616172345092
,NY.GDP.MKTP.KD.ZG,2023,-0.209388253554664
,NY.GDP.MKTP.KD.ZG,2022,3.35759142339809
,NY.GDP.MKTP.KD.ZG,2021,1.2793291388175
,NY.GDP.MKTP.KD.ZG,2020,-1.15043022279075
,NY.GDP.MKTP.KD.ZG,2019,3.01032914733617
,NY.GDP.MKTP.KD.ZG,2018,2.84688971301978
,NY.GDP.MKTP.KD.ZG,2017,1.88483357710479
,NY.GDP.MKTP.KD.ZG,2016,0.5040766240799
,NY.GDP.MKTP.KD.ZG,2015,-2.06294694087138
,NY.GDP.MKTP.KD.ZG,2014,2.85948860771073
,NY.GDP.MKTP.KD.ZG,2013,2.54938567710938
,NY.GDP.MKTP.KD.ZG,2012,-4.40020470808533
,NY.GDP.MKTP.KD.ZG,2011,-0.130377122985365
,NY.GDP.MKTP.KD.ZG,2010,6.49463830942211
,NY.GDP.MKTP.KD.ZG,2009,3.28762342491009
,NY.GDP.MKTP.KD.ZG,2008,4.98754213125
,NY.GDP.MKTP.KD.ZG,2007,5.62739737045239
,NY.GDP.MKTP.KD.ZG,2006,5.26944454455264
,NY.GDP.MKTP.KD.ZG,2005,6.04169652884512
,NY.GDP.MKTP.KD.ZG,2004,5.71381643155561
,NY.GDP.MKTP.KD.ZG,2003,5.67685116146907
,NY.GDP.MKTP.KD.ZG,2002,5.27663214210902
,NY.GDP.MKTP.KD.ZG,2001,4.03284976950866
,NY.GDP.MKTP.KD.ZG,2000,2.83826842349872
,NY.GDP.MKTP.KD.ZG,1999,2.34764469599105
,NY.GDP.MKTP.KD.ZG,1998,4.72797861729279
,NY.GDP.MKTP.KD.ZG,1997,6.31360506884073
,NY.GDP.MKTP.KD.ZG,1996,5.06648301171265
,NY.GDP.MKTP.KD.ZG,1995,4.77679276170637
,NY.GDP.MKTP.KD.ZG,1994,1.62607974389346
,NY.GDP.MKTP.KD.ZG,1993,-0.00961288336954169
,NY.GDP.MKTP.KD.ZG,1992,0.461504850462262
,NY.GDP.MKTP.KD.ZG,1991,2.1337144364022
,NY.GDP.MKTP.KD.ZG,1990,-3.48349646309791
,NY.GDP.MKTP.KD.ZG,1989,-0.0365015429065068
,NY.GDP.MKTP.KD.ZG,1988,3.95416097475874
,NY.GDP.MKTP.KD.ZG,1987,4.05147221582844
,NY.GDP.MKTP.KD.ZG,1986,1.80010863679547
,NY.GDP.MKTP.KD.ZG,1985,1.94974680905472
,NY.GDP.MKTP.KD.ZG,1984,-0.562666700270725
,NY.GDP.MKTP.KD.ZG,1983,0.72937504301656
,NY.GDP.MKTP.KD.ZG,1982,1.08755690308931
,NY.GDP.MKTP.KD.ZG,1981,2.65504924025667
,NY.GDP.MKTP.KD.ZG,1980,
,NY.GDP.MKTP.KD.ZG,1979,
,NY.GDP.MKTP.KD.ZG,1978,
,NY.GDP.MKTP.KD.ZG,1977,
,NY.GDP.MKTP.KD.ZG,1976,
,NY.GDP.MKTP.KD.ZG,1975,
,NY.GDP.MKTP.KD.ZG,1974,
,NY.GDP.MKTP.KD.ZG,1973,
,NY.GDP.MKTP.KD.ZG,1972,
,NY.GDP.MKTP.KD.ZG,1971,
,NY.GDP.MKTP.KD.ZG,1970,
,NY.GDP.MKTP.KD.ZG,1969,
,NY.GDP.MKTP.KD.ZG,1968,
,NY.GDP.MKTP.KD.ZG,1967,
,NY.GDP.MKTP.KD.ZG,1966,
,NY.GDP.MKTP.KD.ZG,1965,
,NY.GDP.MKTP.KD.ZG,1964,
,NY.GDP.MKTP.KD.ZG,1963,
,NY.GDP.MKTP.KD.ZG,1962,
,NY.GDP.MKTP.KD.ZG,1961,
,NY.GDP.MKTP.KD.ZG,1960,
,NY.GDP.MKTP.KD.ZG,2025,
,NY.GDP.MKTP.KD.ZG,2024,5.17324978806559
,NY.GDP.MKTP.KD.ZG,2023,6.04200595481342
,NY.GDP.MKTP.KD.ZG,2022,6.24089400201117
,NY.GDP.MKTP.KD.ZG,2021,6.49061665770458
,NY.GDP.MKTP.KD.ZG,2020,-3.97738356122989
,NY.GDP.MKTP.KD.ZG,2019,4.06407680471648
,NY.GDP.MKTP.KD.ZG,2018,5.42349581142072
,NY.GDP.MKTP.KD.ZG,2017,5.44113248186868
,NY.GDP.MKTP.KD.ZG,2016,5.68510177129704
,NY.GDP.MKTP.KD.ZG,2015,5.91703922812876
,NY.GDP.MKTP.KD.ZG,2014,6.11865958483224
,NY.GDP.MKTP.KD.ZG,2013,5.67299067698571
,NY.GDP.MKTP.KD.ZG,2012,5.17824141866905
,NY.GDP.MKTP.KD.ZG,2011,4.75659480074799
,NY.GDP.MKTP.KD.ZG,2010,6.86685706586931
,NY.GDP.MKTP.KD.ZG,2009,5.966389244371
,NY.GDP.MKTP.KD.ZG,2008,4.59018809297727
,NY.GDP.MKTP.KD.ZG,2007,6.88692608053312
,NY.GDP.MKTP.KD.ZG,2006,6.98079639053688
,NY.GDP.MKTP.KD.ZG,2005,6.70247814935333
,NY.GDP.MKTP.KD.ZG,2004,7.11122191426182
,NY.GDP.MKTP.KD.ZG,2003,5.94737995784725
,NY.GDP.MKTP.KD.ZG,2002,4.52933289264618
,NY.GDP.MKTP.KD.ZG,2001,4.3380558024101
,NY.GDP.MKTP.KD.ZG,2000,4.20976464997484
,NY.GDP.MKTP.KD.ZG,1999,5.41587769950851
,NY.GDP.MKTP.KD.ZG,1998,4.55821030959464
,NY.GDP.MKTP.KD.ZG,1997,4.04865130471019
,NY.GDP.MKTP.KD.ZG,1996,6.43039077769947
,NY.GDP.MKTP.KD.ZG,1995,5.17778727896609
,NY.GDP.MKTP.KD.ZG,1994,4.04335809340675
,NY.GDP.MKTP.KD.ZG,1993,2.2852082037695
,NY.GDP.MKTP.KD.ZG,1992,3.68161714001435
,NY.GDP.MKTP.KD.ZG,1991,2.18777545241544
,NY.GDP.MKTP.KD.ZG,1990,5.12623336566141
,NY.GDP.MKTP.KD.ZG,1989,3.67309186639721
,NY.GDP.MKTP.KD.ZG,1988,6.72795343171329
,NY.GDP.MKTP.KD.ZG,1987,3.60565280621121
,NY.GDP.MKTP.KD.ZG,1986,3.84446733848856
,NY.GDP.MKTP.KD.ZG,1985,3.95647515237671
,NY.GDP.MKTP.KD.ZG,1984,2.67537676661114
,NY.GDP.MKTP.KD.ZG,1983,2.27911026669206
,NY.GDP.MKTP.KD.ZG,1982,2.23923098578922
,NY.GDP.MKTP.KD.ZG,1981,2.01966175977697
,NY.GDP.MKTP.KD.ZG,1980,5.27854215678312
,NY.GDP.MKTP.KD.ZG,1979,1.52583619535007
,NY.GDP.MKTP.KD.ZG,1978,3.76591546391192
,NY.GDP.MKTP.KD.ZG,1977,5.66354416943058
,NY.GDP.MKTP.KD.ZG,1976,5.45843596180904
,NY.GDP.MKTP.KD.ZG,1975,3.51584753431477
,NY.GDP.MKTP.KD.ZG,1974,4.90137621477946
,NY.GDP.MKTP.KD.ZG,1973,4.55155646581878
,NY.GDP.MKTP.KD.ZG,1972,1.68931637311766
,NY.GDP.MKTP.KD.ZG,1971,4.8085437668154
,NY.GDP.MKTP.KD.ZG,1970,7.2276475897169
,NY.GDP.MKTP.KD.ZG,1969,7.92890541000308
,NY.GDP.MKTP.KD.ZG,1968,3.87627099687116
,NY.GDP.MKTP.KD.ZG,1967,1.6066942313663
,NY.GDP.MKTP.KD.ZG,1966,1.37296391581086
,NY.GDP.MKTP.KD.ZG,1965,2.0279439876509
,NY.GDP.MKTP.KD.ZG,1964,6.5306509734358
,NY.GDP.MKTP.KD.ZG,1963,6.11888799430815
,NY.GDP.MKTP.KD.ZG,1962,3.77358170043196
,NY.GDP.MKTP.KD.ZG,1961,3.27561394243101
,NY.GDP.MKTP.KD.ZG,1960,
MEA,NY.GDP.MKTP.KD.ZG,2025,
MEA,NY.GDP.MKTP.KD.ZG,2024,2.11232485351741
MEA,NY.GDP.MKTP.KD.ZG,2023,2.25920706136691
MEA,NY.GDP.MKTP.KD.ZG,2022,6.4465289217368
MEA,NY.GDP.MKTP.KD.ZG,2021,5.03631361698847
MEA,NY.GDP.MKTP.KD.ZG,2020,-3.58499748950123
MEA,NY.GDP.MKTP.KD.ZG,2019,1.59137160696825
MEA,NY.GDP.MKTP.KD.ZG,2018,2.3999522914998
MEA,NY.GDP.MKTP.KD.ZG,2017,2.07651843299037
MEA,NY.GDP.MKTP.KD.ZG,2016,4.49846676594123
MEA,NY.GDP.MKTP.KD.ZG,2015,2.77016552351637
MEA,NY.GDP.MKTP.KD.ZG,2014,3.12206429423114
MEA,NY.GDP.MKTP.KD.ZG,2013,2.41717330451516
MEA,NY.GDP.MKTP.KD.ZG,2012,4.24819927226845
MEA,NY.GDP.MKTP.KD.ZG,2011,3.84226414950793
MEA,NY.GDP.MKTP.KD.ZG,2010,4.80966519096368
MEA,NY.GDP.MKTP.KD.ZG,2009,1.11825830274377
MEA,NY.GDP.MKTP.KD.ZG,2008,4.3765405545584
MEA,NY.GDP.MKTP.KD.ZG,2007,5.23301132882172
MEA,NY.GDP.MKTP.KD.ZG,2006,5.98815018985034
MEA,NY.GDP.MKTP.KD.ZG,2005,5.28840925831997
MEA,NY.GDP.MKTP.KD.ZG,2004,7.94070335176018
MEA,NY.GDP.MKTP.KD.ZG,2003,4.69960688432892
MEA,NY.GDP.MKTP.KD.ZG,2002,2.08621523762919
MEA,NY.GDP.MKTP.KD.ZG,2001,1.9627547253322
MEA,NY.GDP.MKTP.KD.ZG,2000,6.36521122114011
MEA,NY.GDP.MKTP.KD.ZG,1999,2.78817617985769
MEA,NY.GDP.MKTP.KD.ZG,1998,4.1689377179365
MEA,NY.GDP.MKTP.KD.ZG,1997,4.13212258292988
MEA,NY.GDP.MKTP.KD.ZG,1996,5.09991967645024
MEA,NY.GDP.MKTP.KD.ZG,1995,3.20723158482754
MEA,NY.GDP.MKTP.KD.ZG,1994,3.08642735675602
MEA,NY.GDP.MKTP.KD.ZG,1993,2.46196466969431
MEA,NY.GDP.MKTP.KD.ZG,1992,6.27586710561184
MEA,NY.GDP.MKTP.KD.ZG,1991,2.21780921268781
MEA,NY.GDP.MKTP.KD.ZG,1990,8.56206777728418
MEA,NY.GDP.MKTP.KD.ZG,1989,3.87755453490533
MEA,NY.GDP.MKTP.KD.ZG,1988,2.30441481668942
MEA,NY.GDP.MKTP.KD.ZG,1987,0.994706000359471
MEA,NY.GDP.MKTP.KD.ZG,1986,-1.51538975457824
MEA,NY.GDP.MKTP.KD.ZG,1985,0.600999194752802
MEA,NY.GDP.MKTP.KD.ZG,1984,0.118276335923312
MEA,NY.GDP.MKTP.KD.ZG,1983,-0.40072101822193
MEA,NY.GDP.MKTP.KD.ZG,1982,-1.2716068427285
MEA,NY.GDP.MKTP.KD.ZG,1981,0.534867782178324
MEA,NY.GDP.MKTP.KD.ZG,1980,1.44616648078973
MEA,NY.GDP.MKTP.KD.ZG,1979,5.60341062556378
MEA,NY.GDP.MKTP.KD.ZG,1978,-0.24834787910531
MEA,NY.GDP.MKTP.KD.ZG,1977,3.79106584816913
MEA,NY.GDP.MKTP.KD.ZG,1976,13.8508596933263
MEA,NY.GDP.MKTP.KD.ZG,1975,0.115202515894694
MEA,NY.GDP.MKTP.KD.ZG,1974,8.69002237877747
MEA,NY.GDP.MKTP.KD.ZG,1973,11.1431067465335
MEA,NY.GDP.MKTP.KD.ZG,1972,13.5538849598193
MEA,NY.GDP.MKTP.KD.ZG,1971,8.95276440817231
MEA,NY.GDP.MKTP.KD.ZG,1970,17.4215597395625
MEA,NY.GDP.MKTP.KD.ZG,1969,10.413986398242
MEA,NY.GDP.MKTP.KD.ZG,1968,12.2756074107312
MEA,NY.GDP.MKTP.KD.ZG,1967,7.747776791089
MEA,NY.GDP.MKTP.KD.ZG,1966,6.64459852201891
MEA,NY.GDP.MKTP.KD.ZG,1965,11.8033407496308
MEA,NY.GDP.MKTP.KD.ZG,1964,9.56608663018301
MEA,NY.GDP.MKTP.KD.ZG,1963,10.5538410134454
MEA,NY.GDP.MKTP.KD.ZG,1962,5.44103432800591
MEA,NY.GDP.MKTP.KD.ZG,1961,6.13936857511905
MEA,NY.GDP.MKTP.KD.ZG,1960,
MNA,NY.GDP.MKTP.KD.ZG,2025,
MNA,NY.GDP.MKTP.KD.ZG,2024,2.22259348944316
MNA,NY.GDP.MKTP.KD.ZG,2023,2.85265290265325
MNA,NY.GDP.MKTP.KD.ZG,2022,4.32972249891917
MNA,NY.GDP.MKTP.KD.ZG,2021,4.33216201656492
MNA,NY.GDP.MKTP.KD.ZG,2020,-2.63476856206411
MNA,NY.GDP.MKTP.KD.ZG,2019,1.39233381379324
MNA,NY.GDP.MKTP.KD.ZG,2018,2.10017249362863
MNA,NY.GDP.MKTP.KD.ZG,2017,3.40363074392963
MNA,NY.GDP.MKTP.KD.ZG,2016,5.56693551530638
MNA,NY.GDP.MKTP.KD.ZG,2015,1.11209373505632
MNA,NY.GDP.MKTP.KD.ZG,2014,2.39632511204408
MNA,NY.GDP.MKTP.KD.ZG,2013,1.11753964540209
MNA,NY.GDP.MKTP.KD.ZG,2012,3.55602439287178
MNA,NY.GDP.MKTP.KD.ZG,2011,-0.375513449292285
MNA,NY.GDP.MKTP.KD.ZG,2010,4.83036957893697
MNA,NY.GDP.MKTP.KD.ZG,2009,2.83077998535532
MNA,NY.GDP.MKTP.KD.ZG,2008,3.46328367580541
MNA,NY.GDP.MKTP.KD.ZG,2007,5.81749668431053
MNA,NY.GDP.MKTP.KD.ZG,2006,5.40040817572248
MNA,NY.GDP.MKTP.KD.ZG,2005,4.95082503460698
MNA,NY.GDP.MKTP.KD.ZG,2004,7.70109500571161
MNA,NY.GDP.MKTP.KD.ZG,2003,2.8014800169456
MNA,NY.GDP.MKTP.KD.ZG,2002,3.19085033612399
MNA,NY.GDP.MKTP.KD.ZG,2001,2.83613740539485
MNA,NY.GDP.MKTP.KD.ZG,2000,5.74920560548169
MNA,NY.GDP.MKTP.KD.ZG,1999,4.21426497957789
MNA,NY.GDP.MKTP.KD.ZG,1998,5.41968912739273
MNA,NY.GDP.MKTP.KD.ZG,1997,3.46095104147093
MNA,NY.GDP.MKTP.KD.ZG,1996,5.96025893673244
MNA,NY.GDP.MKTP.KD.ZG,1995,2.95986626720257
MNA,NY.GDP.MKTP.KD.ZG,1994,2.31010962788925
MNA,NY.GDP.MKTP.KD.ZG,1993,1.53899292604636
MNA,NY.GDP.MKTP.KD.ZG,1992,4.96488369309138
MNA,NY.GDP.MKTP.KD.ZG,1991,1.21299723882882
MNA,NY.GDP.MKTP.KD.ZG,1990,9.88011539775606
MNA,NY.GDP.MKTP.KD.ZG,1989,2.84836613023789
MNA,NY.GDP.MKTP.KD.ZG,1988,1.82510194687823
MNA,NY.GDP.MKTP.KD.ZG,1987,1.02613364738262
MNA,NY.GDP.MKTP.KD.ZG,1986,-1.79132113191501
MNA,NY.GDP.MKTP.KD.ZG,1985,4.35938954530135
MNA,NY.GDP.MKTP.KD.ZG,1984,0.162171496181358
MNA,NY.GDP.MKTP.KD.ZG,1983,4.75219764168122
MNA,NY.GDP.MKTP.KD.ZG,1982,10.9424132598003
MNA,NY.GDP.MKTP.KD.ZG,1981,-1.43961999403656
MNA,NY.GDP.MKTP.KD.ZG,1980,-3.3188404196176
MNA,NY.GDP.MKTP.KD.ZG,1979,-0.530999906467727
MNA,NY.GDP.MKTP.KD.ZG,1978,-1.85069626780788
MNA,NY.GDP.MKTP.KD.ZG,1977,1.68287790530101
MNA,NY.GDP.MKTP.KD.ZG,1976,15.1656577170409
MNA,NY.GDP.MKTP.KD.ZG,1975,3.11805168358777
MNA,NY.GDP.MKTP.KD.ZG,1974,7.38155790747234
MNA,NY.GDP.MKTP.KD.ZG,1973,5.45905309094195
MNA,NY.GDP.MKTP.KD.ZG,1972,11.8859914016538
MNA,NY.GDP.MKTP.KD.ZG,1971,5.55731040312786
MNA,NY.GDP.MKTP.KD.ZG,1970,8.71170699199371
MNA,NY.GDP.MKTP.KD.ZG,1969,11.0401457747982
MNA,NY.GDP.MKTP.KD.ZG,1968,12.4297662002147
MNA,NY.GDP.MKTP.KD.ZG,1967,7.57549054955136
MNA,NY.GDP.MKTP.KD.ZG,1966,7.15539038385845
MNA,NY.GDP.MKTP.KD.ZG,1965,12.2251521445184
MNA,NY.GDP.MKTP.KD.ZG,1964,10.1733020833316
MNA,NY.GDP.MKTP.KD.ZG,1963,11.2202594187801
MNA,NY.GDP.MKTP.KD.ZG,1962,2.61927371424848
MNA,NY.GDP.MKTP.KD.ZG,1961,3.74843151115793
MNA,NY.GDP.MKTP.KD.ZG,1960,
TMN,NY.GDP.MKTP.KD.ZG,2025,
TMN,NY.GDP.MKTP.KD.ZG,2024,2.41973722378488
TMN,NY.GDP.MKTP.KD.ZG,2023,2.90736899917957
TMN,NY.GDP.MKTP.KD.ZG,2022,4.33155082949985
TMN,NY.GDP.MKTP.KD.ZG,2021,4.3128229659946
TMN,NY.GDP.MKTP.KD.ZG,2020,-2.56591730467834
TMN,NY.GDP.MKTP.KD.ZG,2019,1.39256894290483
TMN,NY.GDP.MKTP.KD.ZG,2018,2.10715733011398
TMN,NY.GDP.MKTP.KD.ZG,2017,3.4198181339446
TMN,NY.GDP.MKTP.KD.ZG,2016,5.54085474867692
TMN,NY.GDP.MKTP.KD.ZG,2015,1.09198112085784
TMN,NY.GDP.MKTP.KD.ZG,2014,2.41652131998269
TMN,NY.GDP.MKTP.KD.ZG,2013,1.09016621407683
TMN,NY.GDP.MKTP.KD.ZG,2012,3.53707375357656
TMN,NY.GDP.MKTP.KD.ZG,2011,-0.443113071279598
TMN,NY.GDP.MKTP.KD.ZG,2010,4.82401058544104
TMN,NY.GDP.MKTP.KD.ZG,2009,2.79415029136179
TMN,NY.GDP.MKTP.KD.ZG,2008,3.43901141927678
TMN,NY.GDP.MKTP.KD.ZG,2007,5.83016030172563
TMN,NY.GDP.MKTP.KD.ZG,2006,5.44292597279696
TMN,NY.GDP.MKTP.KD.ZG,2005,4.91110250060804
TMN,NY.GDP.MKTP.KD.ZG,2004,7.62243126147804
TMN,NY.GDP.MKTP.KD.ZG,2003,2.74558961452061
TMN,NY.GDP.MKTP.KD.ZG,2002,3.2830774141255
TMN,NY.GDP.MKTP.KD.ZG,2001,2.91722311637344
TMN,NY.GDP.MKTP.KD.ZG,2000,5.86039411954174
TMN,NY.GDP.MKTP.KD.ZG,1999,4.18385396996615
TMN,NY.GDP.MKTP.KD.ZG,1998,5.3582543400187
TMN,NY.GDP.MKTP.KD.ZG,1997,3.39131375682867
TMN,NY.GDP.MKTP.KD.ZG,1996,5.99114008538031
TMN,NY.GDP.MKTP.KD.ZG,1995,2.93386638233952
TMN,NY.GDP.MKTP.KD.ZG,1994,2.31010962788925
TMN,NY.GDP.MKTP.KD.ZG,1993,1.53899292604636
TMN,NY.GDP.MKTP.KD.ZG,1992,4.96488369309138
TMN,NY.GDP.MKTP.KD.ZG,1991,1.21299723882882
TMN,NY.GDP.MKTP.KD.ZG,1990,9.88011539775606
TMN,NY.GDP.MKTP.KD.ZG,1989,2.84836613023789
TMN,NY.GDP.MKTP.KD.ZG,1988,1.82510194687823
TMN,NY.GDP.MKTP.KD.ZG,1987,1.02613364738262
TMN,NY.GDP.MKTP.KD.ZG,1986,-1.79132113191501
TMN,NY.GDP.MKTP.KD.ZG,1985,4.35938954530135
TMN,NY.GDP.MKTP.KD.ZG,1984,0.162171496181358
TMN,NY.GDP.MKTP.KD.ZG,1983,4.75219764168122
TMN,NY.GDP.MKTP.KD.ZG,1982,10.9424132598003
TMN,NY.GDP.MKTP.KD.ZG,1981,-1.43961999403656
TMN,NY.GDP.MKTP.KD.ZG,1980,-3.3188404196176
TMN,NY.GDP.MKTP.KD.ZG,1979,-0.530999906467741
TMN,NY.GDP.MKTP.KD.ZG,1978,-1.85069626780789
TMN,NY.GDP.MKTP.KD.ZG,1977,1.68287790530101
TMN,NY.GDP.MKTP.KD.ZG,1976,15.1656577170409
TMN,NY.GDP.MKTP.KD.ZG,1975,3.11805168358777
TMN,NY.GDP.MKTP.KD.ZG,1974,7.38155790747234
TMN,NY.GDP.MKTP.KD.ZG,1973,5.45905309094195
TMN,NY.GDP.MKTP.KD.ZG,1972,11.8859914016538
TMN,NY.GDP.MKTP.KD.ZG,1971,5.55731040312786
TMN,NY.GDP.MKTP.KD.ZG,1970,8.71170699199371
TMN,NY.GDP.MKTP.KD.ZG,1969,11.0401457747982
TMN,NY.GDP.MKTP.KD.ZG,1968,12.4297662002147
TMN,NY.GDP.MKTP.KD.ZG,1967,7.57549054955136
TMN,NY.GDP.MKTP.KD.ZG,1966,7.15539038385845
TMN,NY.GDP.MKTP.KD.ZG,1965,12.2251521445184
TMN,NY.GDP.MKTP.KD.ZG,1964,10.1733020833316
TMN,NY.GDP.MKTP.KD.ZG,1963,11.2202594187801
TMN,NY.GDP.MKTP.KD.ZG,1962,2.61927371424848
TMN,NY.GDP.MKTP.KD.ZG,1961,3.74843151115793
TMN,NY.GDP.MKTP.KD.ZG,1960,
MIC,NY.GDP.MKTP.KD.ZG,2025,
MIC,NY.GDP.MKTP.KD.ZG,2024,4.38303528532211
MIC,NY.GDP.MKTP.KD.ZG,2023,4.88060310294016
MIC,NY.GDP.MKTP.KD.ZG,2022,4.00728998415607
MIC,NY.GDP.MKTP.KD.ZG,2021,7.46158157346058
MIC,NY.GDP.MKTP.KD.ZG,2020,-1.12103096286306
MIC,NY.GDP.MKTP.KD.ZG,2019,4.17222345719388
MIC,NY.GDP.MKTP.KD.ZG,2018,5.01977524585533
MIC,NY.GDP.MKTP.KD.ZG,2017,5.3794397561883
MIC,NY.GDP.MKTP.KD.ZG,2016,4.79383614545681
MIC,NY.GDP.MKTP.KD.ZG,2015,4.79323569638042
MIC,NY.GDP.MKTP.KD.ZG,2014,5.21265502285895
MIC,NY.GDP.MKTP.KD.ZG,2013,5.66852747768898
MIC,NY.GDP.MKTP.KD.ZG,2012,5.65933434134629
MIC,NY.GDP.MKTP.KD.ZG,2011,6.47282729933193
MIC,NY.GDP.MKTP.KD.ZG,2010,8.1953226463346
MIC,NY.GDP.MKTP.KD.ZG,2009,4.02815612964409
MIC,NY.GDP.MKTP.KD.ZG,2008,5.95950916544223
MIC,NY.GDP.MKTP.KD.ZG,2007,8.89954826395221
MIC,NY.GDP.MKTP.KD.ZG,2006,8.27608794414316
MIC,NY.GDP.MKTP.KD.ZG,2005,7.39387401511797
MIC,NY.GDP.MKTP.KD.ZG,2004,7.72326005076145
MIC,NY.GDP.MKTP.KD.ZG,2003,5.94257754893161
MIC,NY.GDP.MKTP.KD.ZG,2002,4.792692207537
MIC,NY.GDP.MKTP.KD.ZG,2001,3.64964924589269
MIC,NY.GDP.MKTP.KD.ZG,2000,5.62677084770813
MIC,NY.GDP.MKTP.KD.ZG,1999,3.71428754949645
MIC,NY.GDP.MKTP.KD.ZG,1998,3.3038602373817
MIC,NY.GDP.MKTP.KD.ZG,1997,5.66409764911862
MIC,NY.GDP.MKTP.KD.ZG,1996,6.28027801018986
MIC,NY.GDP.MKTP.KD.ZG,1995,4.62073889764947
MIC,NY.GDP.MKTP.KD.ZG,1994,5.23334633386925
MIC,NY.GDP.MKTP.KD.ZG,1993,5.11884770060401
MIC,NY.GDP.MKTP.KD.ZG,1992,4.35198614209131
MIC,NY.GDP.MKTP.KD.ZG,1991,2.90771707989406
MIC,NY.GDP.MKTP.KD.ZG,1990,3.26488399155596
MIC,NY.GDP.MKTP.KD.ZG,1989,3.11714391185672
MIC,NY.GDP.MKTP.KD.ZG,1988,4.12689127127088
MIC,NY.GDP.MKTP.KD.ZG,1987,4.65436813218332
MIC,NY.GDP.MKTP.KD.ZG,1986,3.71426302486925
MIC,NY.GDP.MKTP.KD.ZG,1985,4.54941708699232
MIC,NY.GDP.MKTP.KD.ZG,1984,4.79562987971207
MIC,NY.GDP.MKTP.KD.ZG,1983,1.62227584391709
MIC,NY.GDP.MKTP.KD.ZG,1982,2.92442586905477
MIC,NY.GDP.MKTP.KD.ZG,1981,1.9071409753472
MIC,NY.GDP.MKTP.KD.ZG,1980,4.77966708258366
MIC,NY.GDP.MKTP.KD.ZG,1979,4.68250122252678
MIC,NY.GDP.MKTP.KD.ZG,1978,3.7708091434741
MIC,NY.GDP.MKTP.KD.ZG,1977,4.60694147045213
MIC,NY.GDP.MKTP.KD.ZG,1976,6.31372503754157
MIC,NY.GDP.MKTP.KD.ZG,1975,4.30878166340808
MIC,NY.GDP.MKTP.KD.ZG,1974,6.03846962774652
MIC,NY.GDP.MKTP.KD.ZG,1973,7.02372585694914
MIC,NY.GDP.MKTP.KD.ZG,1972,6.28793555236267
MIC,NY.GDP.MKTP.KD.ZG,1971,6.22540913067678
MIC,NY.GDP.MKTP.KD.ZG,1970,8.12552621351085
MIC,NY.GDP.MKTP.KD.ZG,1969,8.26596977201055
MIC,NY.GDP.MKTP.KD.ZG,1968,6.18232893582741
MIC,NY.GDP.MKTP.KD.ZG,1967,3.23204695195291
MIC,NY.GDP.MKTP.KD.ZG,1966,4.9972824973128
MIC,NY.GDP.MKTP.KD.ZG,1965,6.16918312392028
MIC,NY.GDP.MKTP.KD.ZG,1964,8.1446232786778
MIC,NY.GDP.MKTP.KD.ZG,1963,4.93131711501644
MIC,NY.GDP.MKTP.KD.ZG,1962,3.28773143201053
MIC,NY.GDP.MKTP.KD.ZG,1961,1.1227370267257
MIC,NY.GDP.MKTP.KD.ZG,1960,
NAC,NY.GDP.MKTP.KD.ZG,2025,
NAC,NY.GDP.MKTP.KD.ZG,2024,2.69993075266272
NAC,NY.GDP.MKTP.KD.ZG,2023,2.78367390829352
NAC,NY.GDP.MKTP.KD.ZG,2022,2.64058278650343
NAC,NY.GDP.MKTP.KD.ZG,2021,6.0466919748077
NAC,NY.GDP.MKTP.KD.ZG,2020,-2.38862032137294
NAC,NY.GDP.MKTP.KD.ZG,2019,2.53012511444722
NAC,NY.GDP.MKTP.KD.ZG,2018,2.94780933880656
NAC,NY.GDP.MKTP.KD.ZG,2017,2.50304866957114
NAC,NY.GDP.MKTP.KD.ZG,2016,1.75713430738413
NAC,NY.GDP.MKTP.KD.ZG,2015,2.76027570206345
NAC,NY.GDP.MKTP.KD.ZG,2014,2.54956232851526
NAC,NY.GDP.MKTP.KD.ZG,2013,2.13356731596357
NAC,NY.GDP.MKTP.KD.ZG,2012,2.24317308229351
NAC,NY.GDP.MKTP.KD.ZG,2011,1.68675931889908
NAC,NY.GDP.MKTP.KD.ZG,2010,2.72408861915019
NAC,NY.GDP.MKTP.KD.ZG,2009,-2.60473409198144
NAC,NY.GDP.MKTP.KD.ZG,2008,0.181930682514064
NAC,NY.GDP.MKTP.KD.ZG,2007,2.00810206865177
NAC,NY.GDP.MKTP.KD.ZG,2006,2.77426860186505
NAC,NY.GDP.MKTP.KD.ZG,2005,3.46118301337901
NAC,NY.GDP.MKTP.KD.ZG,2004,3.78710378064847
NAC,NY.GDP.MKTP.KD.ZG,2003,2.71668552065563
NAC,NY.GDP.MKTP.KD.ZG,2002,1.80170092068977
NAC,NY.GDP.MKTP.KD.ZG,2001,1.03055880912815
NAC,NY.GDP.MKTP.KD.ZG,2000,4.16235066823292
NAC,NY.GDP.MKTP.KD.ZG,1999,4.81513727378078
NAC,NY.GDP.MKTP.KD.ZG,1998,4.43688382678164
NAC,NY.GDP.MKTP.KD.ZG,1997,4.43416651638427
NAC,NY.GDP.MKTP.KD.ZG,1996,3.60657398051956
NAC,NY.GDP.MKTP.KD.ZG,1995,2.68501443940536
NAC,NY.GDP.MKTP.KD.ZG,1994,4.06429086174856
NAC,NY.GDP.MKTP.KD.ZG,1993,2.74445546344258
NAC,NY.GDP.MKTP.KD.ZG,1992,3.3072428015308
NAC,NY.GDP.MKTP.KD.ZG,1991,-0.273846803762069
NAC,NY.GDP.MKTP.KD.ZG,1990,1.74380305996627
NAC,NY.GDP.MKTP.KD.ZG,1989,3.55723670944134
NAC,NY.GDP.MKTP.KD.ZG,1988,4.19674057832735
NAC,NY.GDP.MKTP.KD.ZG,1987,3.5068185948641
NAC,NY.GDP.MKTP.KD.ZG,1986,3.34981806777191
NAC,NY.GDP.MKTP.KD.ZG,1985,4.21457726868957
NAC,NY.GDP.MKTP.KD.ZG,1984,7.11783543142998
NAC,NY.GDP.MKTP.KD.ZG,1983,4.40564781992809
NAC,NY.GDP.MKTP.KD.ZG,1982,-1.92572637498581
NAC,NY.GDP.MKTP.KD.ZG,1981,2.61466997514648
NAC,NY.GDP.MKTP.KD.ZG,1980,-0.0431565268632141
NAC,NY.GDP.MKTP.KD.ZG,1979,3.21323853062833
NAC,NY.GDP.MKTP.KD.ZG,1978,5.37659768326102
NAC,NY.GDP.MKTP.KD.ZG,1977,4.52938533151166
NAC,NY.GDP.MKTP.KD.ZG,1976,5.43374265216714
NAC,NY.GDP.MKTP.KD.ZG,1975,-0.0530478653842579
NAC,NY.GDP.MKTP.KD.ZG,1974,-0.216392368729501
NAC,NY.GDP.MKTP.KD.ZG,1973,5.73242313766487
NAC,NY.GDP.MKTP.KD.ZG,1972,5.27522688897066
NAC,NY.GDP.MKTP.KD.ZG,1971,3.35196299397396
NAC,NY.GDP.MKTP.KD.ZG,1970,0.434677309524758
NAC,NY.GDP.MKTP.KD.ZG,1969,3.25387087776143
NAC,NY.GDP.MKTP.KD.ZG,1968,4.81477727987219
NAC,NY.GDP.MKTP.KD.ZG,1967,2.54918350680471
NAC,NY.GDP.MKTP.KD.ZG,1966,6.52371490416918
NAC,NY.GDP.MKTP.KD.ZG,1965,6.39282028951725
NAC,NY.GDP.MKTP.KD.ZG,1964,5.86819300077445
NAC,NY.GDP.MKTP.KD.ZG,1963,4.46695047304786
NAC,NY.GDP.MKTP.KD.ZG,1962,6.19940071885895
NAC,NY.GDP.MKTP.KD.ZG,1961,2.36570172587965
NAC,NY.GDP.MKTP.KD.ZG,1960,
,NY.GDP.MKTP.KD.ZG,2025,
,NY.GDP.MKTP.KD.ZG,2024,
,NY.GDP.MKTP.KD.ZG,2023,
,NY.GDP.MKTP.KD.ZG,2022,
,NY.GDP.MKTP.KD.ZG,2021,
,NY.GDP.MKTP.KD.ZG,2020,
,NY.GDP.MKTP.KD.ZG,2019,
,NY.GDP.MKTP.KD.ZG,2018,
,NY.GDP.MKTP.KD.ZG,2017,
,NY.GDP.MKTP.KD.ZG,2016,
,NY.GDP.MKTP.KD.ZG,2015,
,NY.GDP.MKTP.KD.ZG,2014,
,NY.GDP.MKTP.KD.ZG,2013,
,NY.GDP.MKTP.KD.ZG,2012,
,NY.GDP.MKTP.KD.ZG,2011,
,NY.GDP.MKTP.KD.ZG,2010,
,NY.GDP.MKTP.KD.ZG,2009,
,NY.GDP.MKTP.KD.ZG,2008,
,NY.GDP.MKTP.KD.ZG,2007,
,NY.GDP.MKTP.KD.ZG,2006,
,NY.GDP.MKTP.KD.ZG,2005,
,NY.GDP.MKTP.KD.ZG,2004,
,NY.GDP.MKTP.KD.ZG,2003,
,NY.GDP.MKTP.KD.ZG,2002,
,NY.GDP.MKTP.KD.ZG,2001,
,NY.GDP.MKTP.KD.ZG,2000,
,NY.GDP.MKTP.KD.ZG,1999,
,NY.GDP.MKTP.KD.ZG,1998,
,NY.GDP.MKTP.KD.ZG,1997,
,NY.GDP.MKTP.KD.ZG,1996,
,NY.GDP.MKTP.KD.ZG,1995,
,NY.GDP.MKTP.KD.ZG,1994,
,NY.GDP.MKTP.KD.ZG,1993,
,NY.GDP.MKTP.KD.ZG,1992,
,NY.GDP.MKTP.KD.ZG,1991,
,NY.GDP.MKTP.KD.ZG,1990,
,NY.GDP.MKTP.KD.ZG,1989,
,NY.GDP.MKTP.KD.ZG,1988,
,NY.GDP.MKTP.KD.ZG,1987,
,NY.GDP.MKTP.KD.ZG,1986,
,NY.GDP.MKTP.KD.ZG,1985,
,NY.GDP.MKTP.KD.ZG,1984,
,NY.GDP.MKTP.KD.ZG,1983,
,NY.GDP.MKTP.KD.ZG,1982,
,NY.GDP.MKTP.KD.ZG,1981,
,NY.GDP.MKTP.KD.ZG,1980,
,NY.GDP.MKTP.KD.ZG,1979,
,NY.GDP.MKTP.KD.ZG,1978,
,NY.GDP.MKTP.KD.ZG,1977,
,NY.GDP.MKTP.KD.ZG,1976,
,NY.GDP.MKTP.KD.ZG,1975,
,NY.GDP.MKTP.KD.ZG,1974,
,NY.GDP.MKTP.KD.ZG,1973,
,NY.GDP.MKTP.KD.ZG,1972,
,NY.GDP.MKTP.KD.ZG,1971,
,NY.GDP.MKTP.KD.ZG,1970,
,NY.GDP.MKTP.KD.ZG,1969,
,NY.GDP.MKTP.KD.ZG,1968,
,NY.GDP.MKTP.KD.ZG,1967,
,NY.GDP.MKTP.KD.ZG,1966,
,NY.GDP.MKTP.KD.ZG,1965,
,NY.GDP.MKTP.KD.ZG,1964,
,NY.GDP.MKTP.KD.ZG,1963,
,NY.GDP.MKTP.KD.ZG,1962,
,NY.GDP.MKTP.KD.ZG,1961,
,NY.GDP.MKTP.KD.ZG,1960,
OED,NY.GDP.MKTP.KD.ZG,2025,
OED,NY.GDP.MKTP.KD.ZG,2024,1.80676868744595
OED,NY.GDP.MKTP.KD.ZG,2023,1.82235680918733
OED,NY.GDP.MKTP.KD.ZG,2022,3.09501591343316
OED,NY.GDP.MKTP.KD.ZG,2021,5.9755204126343
OED,NY.GDP.MKTP.KD.ZG,2020,-3.88927214744993
OED,NY.GDP.MKTP.KD.ZG,2019,1.84575810333803
OED,NY.GDP.MKTP.KD.ZG,2018,2.3646207330156
OED,NY.GDP.MKTP.KD.ZG,2017,2.61694093867455
OED,NY.GDP.MKTP.KD.ZG,2016,1.86249391596978
OED,NY.GDP.MKTP.KD.ZG,2015,2.51027367143098
OED,NY.GDP.MKTP.KD.ZG,2014,2.17833905340592
OED,NY.GDP.MKTP.KD.ZG,2013,1.62046550836888
OED,NY.GDP.MKTP.KD.ZG,2012,1.37675440586294
OED,NY.GDP.MKTP.KD.ZG,2011,1.87802028856423
OED,NY.GDP.MKTP.KD.ZG,2010,2.96705999909368
OED,NY.GDP.MKTP.KD.ZG,2009,-3.38026884475778
OED,NY.GDP.MKTP.KD.ZG,2008,0.395831033548873
OED,NY.GDP.MKTP.KD.ZG,2007,2.62073098084872
OED,NY.GDP.MKTP.KD.ZG,2006,3.04090437455287
OED,NY.GDP.MKTP.KD.ZG,2005,2.84476924785857
OED,NY.GDP.MKTP.KD.ZG,2004,3.26135550197823
OED,NY.GDP.MKTP.KD.ZG,2003,2.04433401154087
OED,NY.GDP.MKTP.KD.ZG,2002,1.53556544932567
OED,NY.GDP.MKTP.KD.ZG,2001,1.40629069782285
OED,NY.GDP.MKTP.KD.ZG,2000,4.12353340516884
OED,NY.GDP.MKTP.KD.ZG,1999,3.44372826433366
OED,NY.GDP.MKTP.KD.ZG,1998,3.00485924731626
OED,NY.GDP.MKTP.KD.ZG,1997,3.64032099256963
OED,NY.GDP.MKTP.KD.ZG,1996,3.11956621052272
OED,NY.GDP.MKTP.KD.ZG,1995,2.75531875819397
OED,NY.GDP.MKTP.KD.ZG,1994,3.30842501346733
OED,NY.GDP.MKTP.KD.ZG,1993,1.47078314407025
OED,NY.GDP.MKTP.KD.ZG,1992,2.15379496034123
OED,NY.GDP.MKTP.KD.ZG,1991,1.15793037476004
OED,NY.GDP.MKTP.KD.ZG,1990,2.95152561901493
OED,NY.GDP.MKTP.KD.ZG,1989,3.7694004122195
OED,NY.GDP.MKTP.KD.ZG,1988,4.49175987626369
OED,NY.GDP.MKTP.KD.ZG,1987,3.4906738114818
OED,NY.GDP.MKTP.KD.ZG,1986,3.08101277084005
OED,NY.GDP.MKTP.KD.ZG,1985,3.66829394373917
OED,NY.GDP.MKTP.KD.ZG,1984,4.75499732722157
OED,NY.GDP.MKTP.KD.ZG,1983,2.83258426421025
OED,NY.GDP.MKTP.KD.ZG,1982,0.163875291497902
OED,NY.GDP.MKTP.KD.ZG,1981,2.11543423230826
OED,NY.GDP.MKTP.KD.ZG,1980,1.2516219117803
OED,NY.GDP.MKTP.KD.ZG,1979,3.85721479238819
OED,NY.GDP.MKTP.KD.ZG,1978,4.33625398286732
OED,NY.GDP.MKTP.KD.ZG,1977,3.74769056856196
OED,NY.GDP.MKTP.KD.ZG,1976,4.71984200504083
OED,NY.GDP.MKTP.KD.ZG,1975,0.182122803787507
OED,NY.GDP.MKTP.KD.ZG,1974,1.15105666137487
OED,NY.GDP.MKTP.KD.ZG,1973,6.09195489758237
OED,NY.GDP.MKTP.KD.ZG,1972,5.32941119643331
OED,NY.GDP.MKTP.KD.ZG,1971,3.64972806643556
OED,NY.GDP.MKTP.KD.ZG,1970,2.77262177408456
OED,NY.GDP.MKTP.KD.ZG,1969,5.52537271236729
OED,NY.GDP.MKTP.KD.ZG,1968,5.95274996591191
OED,NY.GDP.MKTP.KD.ZG,1967,3.8143301947969
OED,NY.GDP.MKTP.KD.ZG,1966,5.54299499670689
OED,NY.GDP.MKTP.KD.ZG,1965,5.45579891477068
OED,NY.GDP.MKTP.KD.ZG,1964,6.44863687665347
OED,NY.GDP.MKTP.KD.ZG,1963,5.08411028714717
OED,NY.GDP.MKTP.KD.ZG,1962,5.54478264955
OED,NY.GDP.MKTP.KD.ZG,1961,4.41020743627732
OED,NY.GDP.MKTP.KD.ZG,1960,
OSS,NY.GDP.MKTP.KD.ZG,2025,
OSS,NY.GDP.MKTP.KD.ZG,2024,2.8832579743179
OSS,NY.GDP.MKTP.KD.ZG,2023,3.20990960730505
OSS,NY.GDP.MKTP.KD.ZG,2022,4.35703581894087
OSS,NY.GDP.MKTP.KD.ZG,2021,8.00516977657277
OSS,NY.GDP.MKTP.KD.ZG,2020,-5.79748440207983
OSS,NY.GDP.MKTP.KD.ZG,2019,4.24479955996004
OSS,NY.GDP.MKTP.KD.ZG,2018,4.35830092725908
OSS,NY.GDP.MKTP.KD.ZG,2017,5.06107673012673
OSS,NY.GDP.MKTP.KD.ZG,2016,4.11091200572844
OSS,NY.GDP.MKTP.KD.ZG,2015,3.3511007552562
OSS,NY.GDP.MKTP.KD.ZG,2014,2.09877810164529
OSS,NY.GDP.MKTP.KD.ZG,2013,0.791667553785189
OSS,NY.GDP.MKTP.KD.ZG,2012,1.20022660464679
OSS,NY.GDP.MKTP.KD.ZG,2011,3.29069314227961
OSS,NY.GDP.MKTP.KD.ZG,2010,2.47562099508463
OSS,NY.GDP.MKTP.KD.ZG,2009,-5.13080799644791
OSS,NY.GDP.MKTP.KD.ZG,2008,0.898669950888518
OSS,NY.GDP.MKTP.KD.ZG,2007,5.46064815476821
OSS,NY.GDP.MKTP.KD.ZG,2006,6.20030003008425
OSS,NY.GDP.MKTP.KD.ZG,2005,4.60415245323831
OSS,NY.GDP.MKTP.KD.ZG,2004,4.45593697193823
OSS,NY.GDP.MKTP.KD.ZG,2003,4.26926213641663
OSS,NY.GDP.MKTP.KD.ZG,2002,3.49386287726676
OSS,NY.GDP.MKTP.KD.ZG,2001,3.18928851545208
OSS,NY.GDP.MKTP.KD.ZG,2000,7.30660957102901
OSS,NY.GDP.MKTP.KD.ZG,1999,2.59592751290558
OSS,NY.GDP.MKTP.KD.ZG,1998,3.41731507473526
OSS,NY.GDP.MKTP.KD.ZG,1997,6.23694695625603
OSS,NY.GDP.MKTP.KD.ZG,1996,3.25734317727947
OSS,NY.GDP.MKTP.KD.ZG,1995,4.34294507564942
OSS,NY.GDP.MKTP.KD.ZG,1994,2.84752299533648
OSS,NY.GDP.MKTP.KD.ZG,1993,0.372070515482292
OSS,NY.GDP.MKTP.KD.ZG,1992,-3.12463963731268
OSS,NY.GDP.MKTP.KD.ZG,1991,-0.52020552502708
OSS,NY.GDP.MKTP.KD.ZG,1990,5.23617943557475
OSS,NY.GDP.MKTP.KD.ZG,1989,2.89120611055023
OSS,NY.GDP.MKTP.KD.ZG,1988,3.10568467627581
OSS,NY.GDP.MKTP.KD.ZG,1987,6.10145931802452
OSS,NY.GDP.MKTP.KD.ZG,1986,2.04061599895691
OSS,NY.GDP.MKTP.KD.ZG,1985,2.00237975141914
OSS,NY.GDP.MKTP.KD.ZG,1984,2.69250760472515
OSS,NY.GDP.MKTP.KD.ZG,1983,0.963341293876496
OSS,NY.GDP.MKTP.KD.ZG,1982,3.02283770046805
OSS,NY.GDP.MKTP.KD.ZG,1981,-7.53733713780466
OSS,NY.GDP.MKTP.KD.ZG,1980,-2.72144170330007
OSS,NY.GDP.MKTP.KD.ZG,1979,14.7896768615869
OSS,NY.GDP.MKTP.KD.ZG,1978,7.00300886261897
OSS,NY.GDP.MKTP.KD.ZG,1977,10.0871557566028
OSS,NY.GDP.MKTP.KD.ZG,1976,16.2665109850804
OSS,NY.GDP.MKTP.KD.ZG,1975,
OSS,NY.GDP.MKTP.KD.ZG,1974,
OSS,NY.GDP.MKTP.KD.ZG,1973,
OSS,NY.GDP.MKTP.KD.ZG,1972,
OSS,NY.GDP.MKTP.KD.ZG,1971,
OSS,NY.GDP.MKTP.KD.ZG,1970,
OSS,NY.GDP.MKTP.KD.ZG,1969,
OSS,NY.GDP.MKTP.KD.ZG,1968,
OSS,NY.GDP.MKTP.KD.ZG,1967,
OSS,NY.GDP.MKTP.KD.ZG,1966,
OSS,NY.GDP.MKTP.KD.ZG,1965,
OSS,NY.GDP.MKTP.KD.ZG,1964,
OSS,NY.GDP.MKTP.KD.ZG,1963,
OSS,NY.GDP.MKTP.KD.ZG,1962,
OSS,NY.GDP.MKTP.KD.ZG,1961,
OSS,NY.GDP.MKTP.KD.ZG,1960,
PSS,NY.GDP.MKTP.KD.ZG,2025,
PSS,NY.GDP.MKTP.KD.ZG,2024,3.39271983855302
PSS,NY.GDP.MKTP.KD.ZG,2023,6.92898966603425
PSS,NY.GDP.MKTP.KD.ZG,2022,8.46598449677872
PSS,NY.GDP.MKTP.KD.ZG,2021,-2.70502133423179
PSS,NY.GDP.MKTP.KD.ZG,2020,-10.2494743524661
PSS,NY.GDP.MKTP.KD.ZG,2019,1.13416567850717
PSS,NY.GDP.MKTP.KD.ZG,2018,2.72096683103047
PSS,NY.GDP.MKTP.KD.ZG,2017,3.9129814304377
PSS,NY.GDP.MKTP.KD.ZG,2016,3.71614197204156
PSS,NY.GDP.MKTP.KD.ZG,2015,4.00430128788743
PSS,NY.GDP.MKTP.KD.ZG,2014,3.56865422427055
PSS,NY.GDP.MKTP.KD.ZG,2013,3.24267307557558
PSS,NY.GDP.MKTP.KD.ZG,2012,1.02877043788416
PSS,NY.GDP.MKTP.KD.ZG,2011,3.87026168877591
PSS,NY.GDP.MKTP.KD.ZG,2010,3.66597211061234
PSS,NY.GDP.MKTP.KD.ZG,2009,-0.562393943880551
PSS,NY.GDP.MKTP.KD.ZG,2008,1.95989498739424
PSS,NY.GDP.MKTP.KD.ZG,2007,0.127706732509765
PSS,NY.GDP.MKTP.KD.ZG,2006,2.3498331137086
PSS,NY.GDP.MKTP.KD.ZG,2005,2.42668245238926
PSS,NY.GDP.MKTP.KD.ZG,2004,3.97277389868076
PSS,NY.GDP.MKTP.KD.ZG,2003,1.89413394955369
PSS,NY.GDP.MKTP.KD.ZG,2002,1.99534265545913
PSS,NY.GDP.MKTP.KD.ZG,2001,0.89676005438109
PSS,NY.GDP.MKTP.KD.ZG,2000,-1.53552751551484
PSS,NY.GDP.MKTP.KD.ZG,1999,4.23715668535054
PSS,NY.GDP.MKTP.KD.ZG,1998,1.42083282680395
PSS,NY.GDP.MKTP.KD.ZG,1997,-1.28319810365346
PSS,NY.GDP.MKTP.KD.ZG,1996,2.97269069436861
PSS,NY.GDP.MKTP.KD.ZG,1995,4.39663661243877
PSS,NY.GDP.MKTP.KD.ZG,1994,4.77018576181962
PSS,NY.GDP.MKTP.KD.ZG,1993,1.86063801104072
PSS,NY.GDP.MKTP.KD.ZG,1992,4.78596591141927
PSS,NY.GDP.MKTP.KD.ZG,1991,-0.532401572391493
PSS,NY.GDP.MKTP.KD.ZG,1990,3.65338693750323
PSS,NY.GDP.MKTP.KD.ZG,1989,4.52280185084619
PSS,NY.GDP.MKTP.KD.ZG,1988,1.14517959652784
PSS,NY.GDP.MKTP.KD.ZG,1987,-2.02110786186407
PSS,NY.GDP.MKTP.KD.ZG,1986,5.2809829601882
PSS,NY.GDP.MKTP.KD.ZG,1985,-1.71074365399862
PSS,NY.GDP.MKTP.KD.ZG,1984,5.30111139110545
PSS,NY.GDP.MKTP.KD.ZG,1983,-1.15317348367844
PSS,NY.GDP.MKTP.KD.ZG,1982,-3.23256645370358
PSS,NY.GDP.MKTP.KD.ZG,1981,2.99373637409717
PSS,NY.GDP.MKTP.KD.ZG,1980,-3.36424996100652
PSS,NY.GDP.MKTP.KD.ZG,1979,8.53294182761158
PSS,NY.GDP.MKTP.KD.ZG,1978,2.10208319767449
PSS,NY.GDP.MKTP.KD.ZG,1977,3.31204015039779
PSS,NY.GDP.MKTP.KD.ZG,1976,1.00540355479426
PSS,NY.GDP.MKTP.KD.ZG,1975,0.416919495135247
PSS,NY.GDP.MKTP.KD.ZG,1974,3.07189697696364
PSS,NY.GDP.MKTP.KD.ZG,1973,10.9494325529933
PSS,NY.GDP.MKTP.KD.ZG,1972,5.42829267297107
PSS,NY.GDP.MKTP.KD.ZG,1971,6.32473787357053
PSS,NY.GDP.MKTP.KD.ZG,1970,
PSS,NY.GDP.MKTP.KD.ZG,1969,
PSS,NY.GDP.MKTP.KD.ZG,1968,
PSS,NY.GDP.MKTP.KD.ZG,1967,
PSS,NY.GDP.MKTP.KD.ZG,1966,
PSS,NY.GDP.MKTP.KD.ZG,1965,
PSS,NY.GDP.MKTP.KD.ZG,1964,
PSS,NY.GDP.MKTP.KD.ZG,1963,
PSS,NY.GDP.MKTP.KD.ZG,1962,
PSS,NY.GDP.MKTP.KD.ZG,1961,
PSS,NY.GDP.MKTP.KD.ZG,1960,
PST,NY.GDP.MKTP.KD.ZG,2025,
PST,NY.GDP.MKTP.KD.ZG,2024,1.79546895973735
PST,NY.GDP.MKTP.KD.ZG,2023,1.83179267822689
PST,NY.GDP.MKTP.KD.ZG,2022,2.79274034092423
PST,NY.GDP.MKTP.KD.ZG,2021,5.68828382614926
PST,NY.GDP.MKTP.KD.ZG,2020,-4.06542885568155
PST,NY.GDP.MKTP.KD.ZG,2019,1.81429619722211
PST,NY.GDP.MKTP.KD.ZG,2018,2.26322982357576
PST,NY.GDP.MKTP.KD.ZG,2017,2.48507639025186
PST,NY.GDP.MKTP.KD.ZG,2016,1.81390436287271
PST,NY.GDP.MKTP.KD.ZG,2015,2.23434134376603
PST,NY.GDP.MKTP.KD.ZG,2014,2.0150490019607
PST,NY.GDP.MKTP.KD.ZG,2013,1.51944470661012
PST,NY.GDP.MKTP.KD.ZG,2012,1.24020368594316
PST,NY.GDP.MKTP.KD.ZG,2011,1.66465923463286
PST,NY.GDP.MKTP.KD.ZG,2010,2.90294693219326
PST,NY.GDP.MKTP.KD.ZG,2009,-3.37093667981931
PST,NY.GDP.MKTP.KD.ZG,2008,0.364889853578248
PST,NY.GDP.MKTP.KD.ZG,2007,2.56777189180531
PST,NY.GDP.MKTP.KD.ZG,2006,2.93236522679638
PST,NY.GDP.MKTP.KD.ZG,2005,2.79148565676522
PST,NY.GDP.MKTP.KD.ZG,2004,3.20160679513235
PST,NY.GDP.MKTP.KD.ZG,2003,2.02933067185307
PST,NY.GDP.MKTP.KD.ZG,2002,1.52574271749954
PST,NY.GDP.MKTP.KD.ZG,2001,1.51955590345085
PST,NY.GDP.MKTP.KD.ZG,2000,4.06636781218128
PST,NY.GDP.MKTP.KD.ZG,1999,3.54460179984616
PST,NY.GDP.MKTP.KD.ZG,1998,2.81525543903327
PST,NY.GDP.MKTP.KD.ZG,1997,3.43768489590106
PST,NY.GDP.MKTP.KD.ZG,1996,2.93929556194688
PST,NY.GDP.MKTP.KD.ZG,1995,2.7803687057675
PST,NY.GDP.MKTP.KD.ZG,1994,3.23211088160973
PST,NY.GDP.MKTP.KD.ZG,1993,1.23227845627432
PST,NY.GDP.MKTP.KD.ZG,1992,1.96670506740666
PST,NY.GDP.MKTP.KD.ZG,1991,1.04144682441003
PST,NY.GDP.MKTP.KD.ZG,1990,2.7178829051844
PST,NY.GDP.MKTP.KD.ZG,1989,3.79241482713533
PST,NY.GDP.MKTP.KD.ZG,1988,4.63045921353347
PST,NY.GDP.MKTP.KD.ZG,1987,3.47881001074765
PST,NY.GDP.MKTP.KD.ZG,1986,3.24586534195872
PST,NY.GDP.MKTP.KD.ZG,1985,3.68825872198741
PST,NY.GDP.MKTP.KD.ZG,1984,4.82778242972837
PST,NY.GDP.MKTP.KD.ZG,1983,3.10933758454016
PST,NY.GDP.MKTP.KD.ZG,1982,0.204447902089782
PST,NY.GDP.MKTP.KD.ZG,1981,1.92267663091559
PST,NY.GDP.MKTP.KD.ZG,1980,1.07670247374665
PST,NY.GDP.MKTP.KD.ZG,1979,3.75372739244403
PST,NY.GDP.MKTP.KD.ZG,1978,4.23279599995521
PST,NY.GDP.MKTP.KD.ZG,1977,3.76859705115176
PST,NY.GDP.MKTP.KD.ZG,1976,4.73227754519058
PST,NY.GDP.MKTP.KD.ZG,1975,0.00892907869226178
PST,NY.GDP.MKTP.KD.ZG,1974,0.969707335781081
PST,NY.GDP.MKTP.KD.ZG,1973,6.12443226443082
PST,NY.GDP.MKTP.KD.ZG,1972,5.24951739675701
PST,NY.GDP.MKTP.KD.ZG,1971,3.60336953893952
PST,NY.GDP.MKTP.KD.ZG,1970,2.69021815266251
PST,NY.GDP.MKTP.KD.ZG,1969,5.57927388175334
PST,NY.GDP.MKTP.KD.ZG,1968,5.85513723995146
PST,NY.GDP.MKTP.KD.ZG,1967,3.76767909029707
PST,NY.GDP.MKTP.KD.ZG,1966,5.49275216200709
PST,NY.GDP.MKTP.KD.ZG,1965,5.48336852299327
PST,NY.GDP.MKTP.KD.ZG,1964,6.36979634012449
PST,NY.GDP.MKTP.KD.ZG,1963,5.00559299988466
PST,NY.GDP.MKTP.KD.ZG,1962,5.57578419363232
PST,NY.GDP.MKTP.KD.ZG,1961,4.4098468716557
PST,NY.GDP.MKTP.KD.ZG,1960,
PRE,NY.GDP.MKTP.KD.ZG,2025,
PRE,NY.GDP.MKTP.KD.ZG,2024,3.31272809044798
PRE,NY.GDP.MKTP.KD.ZG,2023,2.44869670150128
PRE,NY.GDP.MKTP.KD.ZG,2022,4.67657631651602
PRE,NY.GDP.MKTP.KD.ZG,2021,2.36174281983834
PRE,NY.GDP.MKTP.KD.ZG,2020,-4.07689259671025
PRE,NY.GDP.MKTP.KD.ZG,2019,3.2246807239321
PRE,NY.GDP.MKTP.KD.ZG,2018,2.65776473209326
PRE,NY.GDP.MKTP.KD.ZG,2017,1.6535406433002
PRE,NY.GDP.MKTP.KD.ZG,2016,2.38522657165296
PRE,NY.GDP.MKTP.KD.ZG,2015,3.04222828048582
PRE,NY.GDP.MKTP.KD.ZG,2014,5.17292796500838
PRE,NY.GDP.MKTP.KD.ZG,2013,5.91402782534701
PRE,NY.GDP.MKTP.KD.ZG,2012,4.33404153771679
PRE,NY.GDP.MKTP.KD.ZG,2011,4.3630588597463
PRE,NY.GDP.MKTP.KD.ZG,2010,6.6528421155605
PRE,NY.GDP.MKTP.KD.ZG,2009,4.84415738549555
PRE,NY.GDP.MKTP.KD.ZG,2008,6.38666756485566
PRE,NY.GDP.MKTP.KD.ZG,2007,6.06676996004421
PRE,NY.GDP.MKTP.KD.ZG,2006,6.21660630763002
PRE,NY.GDP.MKTP.KD.ZG,2005,5.96988523180488
PRE,NY.GDP.MKTP.KD.ZG,2004,12.0081975465403
PRE,NY.GDP.MKTP.KD.ZG,2003,-0.569017600156371
PRE,NY.GDP.MKTP.KD.ZG,2002,6.00623454426395
PRE,NY.GDP.MKTP.KD.ZG,2001,4.35460642584799
PRE,NY.GDP.MKTP.KD.ZG,2000,5.47360975610979
PRE,NY.GDP.MKTP.KD.ZG,1999,4.2095374666719
PRE,NY.GDP.MKTP.KD.ZG,1998,6.93061489777236
PRE,NY.GDP.MKTP.KD.ZG,1997,6.26145426033489
PRE,NY.GDP.MKTP.KD.ZG,1996,5.64582963951435
PRE,NY.GDP.MKTP.KD.ZG,1995,3.12767733483193
PRE,NY.GDP.MKTP.KD.ZG,1994,0.0684565087269107
PRE,NY.GDP.MKTP.KD.ZG,1993,-0.660065205685413
PRE,NY.GDP.MKTP.KD.ZG,1992,2.17623816071033
PRE,NY.GDP.MKTP.KD.ZG,1991,-8.10012668439036
PRE,NY.GDP.MKTP.KD.ZG,1990,8.08458466505519
PRE,NY.GDP.MKTP.KD.ZG,1989,1.35689529359628
PRE,NY.GDP.MKTP.KD.ZG,1988,3.85437778760212
PRE,NY.GDP.MKTP.KD.ZG,1987,3.86886350523355
PRE,NY.GDP.MKTP.KD.ZG,1986,2.52259988432328
PRE,NY.GDP.MKTP.KD.ZG,1985,3.6093219917222
PRE,NY.GDP.MKTP.KD.ZG,1984,0.641803115137662
PRE,NY.GDP.MKTP.KD.ZG,1983,-4.69465900891389
PRE,NY.GDP.MKTP.KD.ZG,1982,-1.23305917650495
PRE,NY.GDP.MKTP.KD.ZG,1981,-3.96371569002177
PRE,NY.GDP.MKTP.KD.ZG,1980,4.18036042053558
PRE,NY.GDP.MKTP.KD.ZG,1979,5.67640096174766
PRE,NY.GDP.MKTP.KD.ZG,1978,-0.177114564943565
PRE,NY.GDP.MKTP.KD.ZG,1977,4.67712701504075
PRE,NY.GDP.MKTP.KD.ZG,1976,6.91600952342392
PRE,NY.GDP.MKTP.KD.ZG,1975,-0.33447819827181
PRE,NY.GDP.MKTP.KD.ZG,1974,8.32609999336424
PRE,NY.GDP.MKTP.KD.ZG,1973,4.05450972705255
PRE,NY.GDP.MKTP.KD.ZG,1972,3.40914613396926
PRE,NY.GDP.MKTP.KD.ZG,1971,9.32300349346033
PRE,NY.GDP.MKTP.KD.ZG,1970,8.56666688846965
PRE,NY.GDP.MKTP.KD.ZG,1969,11.2927795980549
PRE,NY.GDP.MKTP.KD.ZG,1968,3.61833939941832
PRE,NY.GDP.MKTP.KD.ZG,1967,-5.74884122619501
PRE,NY.GDP.MKTP.KD.ZG,1966,1.17796201314921
PRE,NY.GDP.MKTP.KD.ZG,1965,4.40668244769971
PRE,NY.GDP.MKTP.KD.ZG,1964,4.62440130146425
PRE,NY.GDP.MKTP.KD.ZG,1963,5.76391050641989
PRE,NY.GDP.MKTP.KD.ZG,1962,6.18426979006048
PRE,NY.GDP.MKTP.KD.ZG,1961,-0.318566413685033
PRE,NY.GDP.MKTP.KD.ZG,1960,
SST,NY.GDP.MKTP.KD.ZG,2025,
SST,NY.GDP.MKTP.KD.ZG,2024,6.12150935431906
SST,NY.GDP.MKTP.KD.ZG,2023,5.02809903605001
SST,NY.GDP.MKTP.KD.ZG,2022,7.43586182979632
SST,NY.GDP.MKTP.KD.ZG,2021,7.10866076587615
SST,NY.GDP.MKTP.KD.ZG,2020,-6.92604543465643
SST,NY.GDP.MKTP.KD.ZG,2019,3.1161369349748
SST,NY.GDP.MKTP.KD.ZG,2018,3.34531380330635
SST,NY.GDP.MKTP.KD.ZG,2017,3.21452136710903
SST,NY.GDP.MKTP.KD.ZG,2016,1.76290719160697
SST,NY.GDP.MKTP.KD.ZG,2015,2.23701449577467
SST,NY.GDP.MKTP.KD.ZG,2014,2.32902577526974
SST,NY.GDP.MKTP.KD.ZG,2013,1.09752286924849
SST,NY.GDP.MKTP.KD.ZG,2012,2.12048993083546
SST,NY.GDP.MKTP.KD.ZG,2011,2.51696311981266
SST,NY.GDP.MKTP.KD.ZG,2010,2.32244407295181
SST,NY.GDP.MKTP.KD.ZG,2009,-4.35925768092353
SST,NY.GDP.MKTP.KD.ZG,2008,1.20769210137048
SST,NY.GDP.MKTP.KD.ZG,2007,4.68708395112769
SST,NY.GDP.MKTP.KD.ZG,2006,6.55679901193157
SST,NY.GDP.MKTP.KD.ZG,2005,4.43251873243698
SST,NY.GDP.MKTP.KD.ZG,2004,4.50003274385634
SST,NY.GDP.MKTP.KD.ZG,2003,4.74523814635413
SST,NY.GDP.MKTP.KD.ZG,2002,3.5776885484245
SST,NY.GDP.MKTP.KD.ZG,2001,2.72130799687473
SST,NY.GDP.MKTP.KD.ZG,2000,5.9674384627011
SST,NY.GDP.MKTP.KD.ZG,1999,3.48193241471539
SST,NY.GDP.MKTP.KD.ZG,1998,3.78700097779266
SST,NY.GDP.MKTP.KD.ZG,1997,5.23682795981114
SST,NY.GDP.MKTP.KD.ZG,1996,3.78633863501881
SST,NY.GDP.MKTP.KD.ZG,1995,3.92742433979005
SST,NY.GDP.MKTP.KD.ZG,1994,3.1257986741148
SST,NY.GDP.MKTP.KD.ZG,1993,0.490834368428338
SST,NY.GDP.MKTP.KD.ZG,1992,-1.01360861411737
SST,NY.GDP.MKTP.KD.ZG,1991,-0.371468482966407
SST,NY.GDP.MKTP.KD.ZG,1990,2.93236489933697
SST,NY.GDP.MKTP.KD.ZG,1989,3.11425582717686
SST,NY.GDP.MKTP.KD.ZG,1988,2.4267768373238
SST,NY.GDP.MKTP.KD.ZG,1987,3.09507471050297
SST,NY.GDP.MKTP.KD.ZG,1986,1.97799088076
SST,NY.GDP.MKTP.KD.ZG,1985,1.36248320891524
SST,NY.GDP.MKTP.KD.ZG,1984,2.55319609182988
SST,NY.GDP.MKTP.KD.ZG,1983,-1.11786816181346
SST,NY.GDP.MKTP.KD.ZG,1982,1.48873951467323
SST,NY.GDP.MKTP.KD.ZG,1981,-3.58867413796658
SST,NY.GDP.MKTP.KD.ZG,1980,0.427730586153018
SST,NY.GDP.MKTP.KD.ZG,1979,11.3674546350603
SST,NY.GDP.MKTP.KD.ZG,1978,7.11292469245535
SST,NY.GDP.MKTP.KD.ZG,1977,8.2946546220012
SST,NY.GDP.MKTP.KD.ZG,1976,10.5742153001081
SST,NY.GDP.MKTP.KD.ZG,1975,-0.0854253395848446
SST,NY.GDP.MKTP.KD.ZG,1974,
SST,NY.GDP.MKTP.KD.ZG,1973,
SST,NY.GDP.MKTP.KD.ZG,1972,
SST,NY.GDP.MKTP.KD.ZG,1971,
SST,NY.GDP.MKTP.KD.ZG,1970,
SST,NY.GDP.MKTP.KD.ZG,1969,
SST,NY.GDP.MKTP.KD.ZG,1968,
SST,NY.GDP.MKTP.KD.ZG,1967,
SST,NY.GDP.MKTP.KD.ZG,1966,
SST,NY.GDP.MKTP.KD.ZG,1965,
SST,NY.GDP.MKTP.KD.ZG,1964,
SST,NY.GDP.MKTP.KD.ZG,1963,
SST,NY.GDP.MKTP.KD.ZG,1962,
SST,NY.GDP.MKTP.KD.ZG,1961,
SST,NY.GDP.MKTP.KD.ZG,1960,
SAS,NY.GDP.MKTP.KD.ZG,2025,
SAS,NY.GDP.MKTP.KD.ZG,2024,6.23259967615652
SAS,NY.GDP.MKTP.KD.ZG,2023,8.50528885307943
SAS,NY.GDP.MKTP.KD.ZG,2022,7.10115392630797
SAS,NY.GDP.MKTP.KD.ZG,2021,9.24659959728567
SAS,NY.GDP.MKTP.KD.ZG,2020,-4.98750173651176
SAS,NY.GDP.MKTP.KD.ZG,2019,4.09454306508007
SAS,NY.GDP.MKTP.KD.ZG,2018,6.3936663253368
SAS,NY.GDP.MKTP.KD.ZG,2017,6.78411966003432
SAS,NY.GDP.MKTP.KD.ZG,2016,7.96912333627881
SAS,NY.GDP.MKTP.KD.ZG,2015,7.68973935167961
SAS,NY.GDP.MKTP.KD.ZG,2014,7.24547986692529
SAS,NY.GDP.MKTP.KD.ZG,2013,6.23326513040877
SAS,NY.GDP.MKTP.KD.ZG,2012,5.64515915604163
SAS,NY.GDP.MKTP.KD.ZG,2011,5.45109403202389
SAS,NY.GDP.MKTP.KD.ZG,2010,8.19440351757765
SAS,NY.GDP.MKTP.KD.ZG,2009,7.38981184100092
SAS,NY.GDP.MKTP.KD.ZG,2008,3.48063577458643
SAS,NY.GDP.MKTP.KD.ZG,2007,7.53428173032866
SAS,NY.GDP.MKTP.KD.ZG,2006,7.89518422976431
SAS,NY.GDP.MKTP.KD.ZG,2005,7.64449221776582
SAS,NY.GDP.MKTP.KD.ZG,2004,7.54604881614362
SAS,NY.GDP.MKTP.KD.ZG,2003,7.46572456545647
SAS,NY.GDP.MKTP.KD.ZG,2002,3.77199800153592
SAS,NY.GDP.MKTP.KD.ZG,2001,4.57324198890292
SAS,NY.GDP.MKTP.KD.ZG,2000,4.08685651051928
SAS,NY.GDP.MKTP.KD.ZG,1999,8.20855528342406
SAS,NY.GDP.MKTP.KD.ZG,1998,5.98554453382025
SAS,NY.GDP.MKTP.KD.ZG,1997,4.21061775740803
SAS,NY.GDP.MKTP.KD.ZG,1996,7.07430603995918
SAS,NY.GDP.MKTP.KD.ZG,1995,7.19762953036722
SAS,NY.GDP.MKTP.KD.ZG,1994,6.36732623927425
SAS,NY.GDP.MKTP.KD.ZG,1993,4.82260448502312
SAS,NY.GDP.MKTP.KD.ZG,1992,5.412367669308
SAS,NY.GDP.MKTP.KD.ZG,1991,1.51514935543473
SAS,NY.GDP.MKTP.KD.ZG,1990,5.58717150098668
SAS,NY.GDP.MKTP.KD.ZG,1989,5.46916302513741
SAS,NY.GDP.MKTP.KD.ZG,1988,8.52064264403735
SAS,NY.GDP.MKTP.KD.ZG,1987,3.8319893631616
SAS,NY.GDP.MKTP.KD.ZG,1986,4.70175961328756
SAS,NY.GDP.MKTP.KD.ZG,1985,5.06556319990379
SAS,NY.GDP.MKTP.KD.ZG,1984,4.09563426907962
SAS,NY.GDP.MKTP.KD.ZG,1983,6.64821859509068
SAS,NY.GDP.MKTP.KD.ZG,1982,3.35649803110887
SAS,NY.GDP.MKTP.KD.ZG,1981,6.17408394606171
SAS,NY.GDP.MKTP.KD.ZG,1980,5.87205784869238
SAS,NY.GDP.MKTP.KD.ZG,1979,-3.55419942610636
SAS,NY.GDP.MKTP.KD.ZG,1978,5.83764199072192
SAS,NY.GDP.MKTP.KD.ZG,1977,6.59954229042089
SAS,NY.GDP.MKTP.KD.ZG,1976,2.19934107876287
SAS,NY.GDP.MKTP.KD.ZG,1975,7.31720705212697
SAS,NY.GDP.MKTP.KD.ZG,1974,2.30708770882239
SAS,NY.GDP.MKTP.KD.ZG,1973,3.38171314181301
SAS,NY.GDP.MKTP.KD.ZG,1972,-2.1502854969189
SAS,NY.GDP.MKTP.KD.ZG,1971,0.642525240033876
SAS,NY.GDP.MKTP.KD.ZG,1970,5.12087082164049
SAS,NY.GDP.MKTP.KD.ZG,1969,5.81617760336013
SAS,NY.GDP.MKTP.KD.ZG,1968,4.23185397620091
SAS,NY.GDP.MKTP.KD.ZG,1967,6.20931184250981
SAS,NY.GDP.MKTP.KD.ZG,1966,0.62921431738765
SAS,NY.GDP.MKTP.KD.ZG,1965,-1.85576964094049
SAS,NY.GDP.MKTP.KD.ZG,1964,7.78194010971525
SAS,NY.GDP.MKTP.KD.ZG,1963,4.89741133165758
SAS,NY.GDP.MKTP.KD.ZG,1962,3.2847631368009
SAS,NY.GDP.MKTP.KD.ZG,1961,4.00659385773507
SAS,NY.GDP.MKTP.KD.ZG,1960,
TSA,NY.GDP.MKTP.KD.ZG,2025,
TSA,NY.GDP.MKTP.KD.ZG,2024,6.23259967615652
TSA,NY.GDP.MKTP.KD.ZG,2023,8.50528885307943
TSA,NY.GDP.MKTP.KD.ZG,2022,7.10115392630797
TSA,NY.GDP.MKTP.KD.ZG,2021,9.24659959728567
TSA,NY.GDP.MKTP.KD.ZG,2020,-4.98750173651176
TSA,NY.GDP.MKTP.KD.ZG,2019,4.09454306508007
TSA,NY.GDP.MKTP.KD.ZG,2018,6.3936663253368
TSA,NY.GDP.MKTP.KD.ZG,2017,6.78411966003432
TSA,NY.GDP.MKTP.KD.ZG,2016,7.96912333627881
TSA,NY.GDP.MKTP.KD.ZG,2015,7.68973935167961
TSA,NY.GDP.MKTP.KD.ZG,2014,7.24547986692529
TSA,NY.GDP.MKTP.KD.ZG,2013,6.23326513040877
TSA,NY.GDP.MKTP.KD.ZG,2012,5.64515915604163
TSA,NY.GDP.MKTP.KD.ZG,2011,5.45109403202389
TSA,NY.GDP.MKTP.KD.ZG,2010,8.19440351757765
TSA,NY.GDP.MKTP.KD.ZG,2009,7.38981184100092
TSA,NY.GDP.MKTP.KD.ZG,2008,3.48063577458643
TSA,NY.GDP.MKTP.KD.ZG,2007,7.53428173032866
TSA,NY.GDP.MKTP.KD.ZG,2006,7.89518422976431
TSA,NY.GDP.MKTP.KD.ZG,2005,7.64449221776582
TSA,NY.GDP.MKTP.KD.ZG,2004,7.54604881614362
TSA,NY.GDP.MKTP.KD.ZG,2003,7.46572456545647
TSA,NY.GDP.MKTP.KD.ZG,2002,3.77199800153592
TSA,NY.GDP.MKTP.KD.ZG,2001,4.57324198890292
TSA,NY.GDP.MKTP.KD.ZG,2000,4.08685651051928
TSA,NY.GDP.MKTP.KD.ZG,1999,8.20855528342406
TSA,NY.GDP.MKTP.KD.ZG,1998,5.98554453382025
TSA,NY.GDP.MKTP.KD.ZG,1997,4.21061775740803
TSA,NY.GDP.MKTP.KD.ZG,1996,7.07430603995918
TSA,NY.GDP.MKTP.KD.ZG,1995,7.19762953036722
TSA,NY.GDP.MKTP.KD.ZG,1994,6.36732623927425
TSA,NY.GDP.MKTP.KD.ZG,1993,4.82260448502312
TSA,NY.GDP.MKTP.KD.ZG,1992,5.412367669308
TSA,NY.GDP.MKTP.KD.ZG,1991,1.51514935543473
TSA,NY.GDP.MKTP.KD.ZG,1990,5.58717150098668
TSA,NY.GDP.MKTP.KD.ZG,1989,5.46916302513741
TSA,NY.GDP.MKTP.KD.ZG,1988,8.52064264403735
TSA,NY.GDP.MKTP.KD.ZG,1987,3.8319893631616
TSA,NY.GDP.MKTP.KD.ZG,1986,4.70175961328756
TSA,NY.GDP.MKTP.KD.ZG,1985,5.06556319990379
TSA,NY.GDP.MKTP.KD.ZG,1984,4.09563426907962
TSA,NY.GDP.MKTP.KD.ZG,1983,6.64821859509068
TSA,NY.GDP.MKTP.KD.ZG,1982,3.35649803110887
TSA,NY.GDP.MKTP.KD.ZG,1981,6.17408394606171
TSA,NY.GDP.MKTP.KD.ZG,1980,5.87205784869238
TSA,NY.GDP.MKTP.KD.ZG,1979,-3.55419942610636
TSA,NY.GDP.MKTP.KD.ZG,1978,5.83764199072192
TSA,NY.GDP.MKTP.KD.ZG,1977,6.59954229042089
TSA,NY.GDP.MKTP.KD.ZG,1976,2.19934107876287
TSA,NY.GDP.MKTP.KD.ZG,1975,7.31720705212697
TSA,NY.GDP.MKTP.KD.ZG,1974,2.30708770882239
TSA,NY.GDP.MKTP.KD.ZG,1973,3.38171314181301
TSA,NY.GDP.MKTP.KD.ZG,1972,-2.1502854969189
TSA,NY.GDP.MKTP.KD.ZG,1971,0.642525240033876
TSA,NY.GDP.MKTP.KD.ZG,1970,5.12087082164049
TSA,NY.GDP.MKTP.KD.ZG,1969,5.81617760336013
TSA,NY.GDP.MKTP.KD.ZG,1968,4.23185397620091
TSA,NY.GDP.MKTP.KD.ZG,1967,6.20931184250981
TSA,NY.GDP.MKTP.KD.ZG,1966,0.62921431738765
TSA,NY.GDP.MKTP.KD.ZG,1965,-1.85576964094049
TSA,NY.GDP.MKTP.KD.ZG,1964,7.78194010971525
TSA,NY.GDP.MKTP.KD.ZG,1963,4.89741133165758
TSA,NY.GDP.MKTP.KD.ZG,1962,3.2847631368009
TSA,NY.GDP.MKTP.KD.ZG,1961,4.00659385773507
TSA,NY.GDP.MKTP.KD.ZG,1960,
SSF,NY.GDP.MKTP.KD.ZG,2025,
SSF,NY.GDP.MKTP.KD.ZG,2024,3.59733324708964
SSF,NY.GDP.MKTP.KD.ZG,2023,2.7159883966887
SSF,NY.GDP.MKTP.KD.ZG,2022,4.06140756050381
SSF,NY.GDP.MKTP.KD.ZG,2021,3.65270461847631
SSF,NY.GDP.MKTP.KD.ZG,2020,-3.23642852363861
SSF,NY.GDP.MKTP.KD.ZG,2019,2.60045190740452
SSF,NY.GDP.MKTP.KD.ZG,2018,2.79599960832644
SSF,NY.GDP.MKTP.KD.ZG,2017,2.50364867338814
SSF,NY.GDP.MKTP.KD.ZG,2016,1.23789307986233
SSF,NY.GDP.MKTP.KD.ZG,2015,2.93349224419013
SSF,NY.GDP.MKTP.KD.ZG,2014,4.72930309699868
SSF,NY.GDP.MKTP.KD.ZG,2013,5.12180100852351
SSF,NY.GDP.MKTP.KD.ZG,2012,3.33566308216501
SSF,NY.GDP.MKTP.KD.ZG,2011,4.45162930662147
SSF,NY.GDP.MKTP.KD.ZG,2010,6.05119087977121
SSF,NY.GDP.MKTP.KD.ZG,2009,3.14754867102099
SSF,NY.GDP.MKTP.KD.ZG,2008,5.19915700484026
SSF,NY.GDP.MKTP.KD.ZG,2007,6.15845441455012
SSF,NY.GDP.MKTP.KD.ZG,2006,6.04939293975086
SSF,NY.GDP.MKTP.KD.ZG,2005,6.00947416911313
SSF,NY.GDP.MKTP.KD.ZG,2004,6.68446006184369
SSF,NY.GDP.MKTP.KD.ZG,2003,4.12069952524881
SSF,NY.GDP.MKTP.KD.ZG,2002,6.393564578305
SSF,NY.GDP.MKTP.KD.ZG,2001,4.21364598817749
SSF,NY.GDP.MKTP.KD.ZG,2000,3.43711873083772
SSF,NY.GDP.MKTP.KD.ZG,1999,2.17869506836668
SSF,NY.GDP.MKTP.KD.ZG,1998,2.51825009450717
SSF,NY.GDP.MKTP.KD.ZG,1997,4.0705133429438
SSF,NY.GDP.MKTP.KD.ZG,1996,5.14421622377814
SSF,NY.GDP.MKTP.KD.ZG,1995,3.32740083029329
SSF,NY.GDP.MKTP.KD.ZG,1994,1.02684072771038
SSF,NY.GDP.MKTP.KD.ZG,1993,-1.04184369649657
SSF,NY.GDP.MKTP.KD.ZG,1992,-0.492747648583475
SSF,NY.GDP.MKTP.KD.ZG,1991,0.38754937694398
SSF,NY.GDP.MKTP.KD.ZG,1990,2.2608356701252
SSF,NY.GDP.MKTP.KD.ZG,1989,2.29592683011654
SSF,NY.GDP.MKTP.KD.ZG,1988,4.47238522010464
SSF,NY.GDP.MKTP.KD.ZG,1987,2.93383075101139
SSF,NY.GDP.MKTP.KD.ZG,1986,1.86943435338567
SSF,NY.GDP.MKTP.KD.ZG,1985,2.00748565692008
SSF,NY.GDP.MKTP.KD.ZG,1984,2.25425686713902
SSF,NY.GDP.MKTP.KD.ZG,1983,-2.54012035340585
SSF,NY.GDP.MKTP.KD.ZG,1982,-1.20283636310771
SSF,NY.GDP.MKTP.KD.ZG,1981,-0.813777715804477
SSF,NY.GDP.MKTP.KD.ZG,1980,3.71648363086685
SSF,NY.GDP.MKTP.KD.ZG,1979,3.93584062374023
SSF,NY.GDP.MKTP.KD.ZG,1978,-0.175739327651783
SSF,NY.GDP.MKTP.KD.ZG,1977,2.76469841970901
SSF,NY.GDP.MKTP.KD.ZG,1976,5.17371113550966
SSF,NY.GDP.MKTP.KD.ZG,1975,-0.229877388988953
SSF,NY.GDP.MKTP.KD.ZG,1974,7.53077108037768
SSF,NY.GDP.MKTP.KD.ZG,1973,4.29617705017708
SSF,NY.GDP.MKTP.KD.ZG,1972,2.95100670769503
SSF,NY.GDP.MKTP.KD.ZG,1971,7.71135431084522
SSF,NY.GDP.MKTP.KD.ZG,1970,7.80833552355963
SSF,NY.GDP.MKTP.KD.ZG,1969,8.99832931105084
SSF,NY.GDP.MKTP.KD.ZG,1968,3.12928440529174
SSF,NY.GDP.MKTP.KD.ZG,1967,-0.767881733047986
SSF,NY.GDP.MKTP.KD.ZG,1966,2.02670134220895
SSF,NY.GDP.MKTP.KD.ZG,1965,4.6794271047679
SSF,NY.GDP.MKTP.KD.ZG,1964,4.96554660332235
SSF,NY.GDP.MKTP.KD.ZG,1963,6.2450669943277
SSF,NY.GDP.MKTP.KD.ZG,1962,6.04622085860716
SSF,NY.GDP.MKTP.KD.ZG,1961,1.07561641321338
SSF,NY.GDP.MKTP.KD.ZG,1960,
SSA,NY.GDP.MKTP.KD.ZG,2025,
SSA,NY.GDP.MKTP.KD.ZG,2024,3.36470475625492
SSA,NY.GDP.MKTP.KD.ZG,2023,2.50028576028929
SSA,NY.GDP.MKTP.KD.ZG,2022,3.98372703715641
SSA,NY.GDP.MKTP.KD.ZG,2021,3.54849305203753
SSA,NY.GDP.MKTP.KD.ZG,2020,-3.68262496685315
SSA,NY.GDP.MKTP.KD.ZG,2019,2.33076955183513
SSA,NY.GDP.MKTP.KD.ZG,2018,2.61514307100069
SSA,NY.GDP.MKTP.KD.ZG,2017,2.20658288443376
SSA,NY.GDP.MKTP.KD.ZG,2016,0.914986377156993
SSA,NY.GDP.MKTP.KD.ZG,2015,2.66333358756611
SSA,NY.GDP.MKTP.KD.ZG,2014,4.54350142914694
SSA,NY.GDP.MKTP.KD.ZG,2013,4.95044884584945
SSA,NY.GDP.MKTP.KD.ZG,2012,3.17446516095201
SSA,NY.GDP.MKTP.KD.ZG,2011,4.25581560877077
SSA,NY.GDP.MKTP.KD.ZG,2010,5.87829228672747
SSA,NY.GDP.MKTP.KD.ZG,2009,3.00902297912151
SSA,NY.GDP.MKTP.KD.ZG,2008,5.07008601288261
SSA,NY.GDP.MKTP.KD.ZG,2007,6.0325830099361
SSA,NY.GDP.MKTP.KD.ZG,2006,5.93986367359199
SSA,NY.GDP.MKTP.KD.ZG,2005,5.88443109809147
SSA,NY.GDP.MKTP.KD.ZG,2004,6.55759369766125
SSA,NY.GDP.MKTP.KD.ZG,2003,4.26381638799447
SSA,NY.GDP.MKTP.KD.ZG,2002,6.50726475566927
SSA,NY.GDP.MKTP.KD.ZG,2001,4.13462795149566
SSA,NY.GDP.MKTP.KD.ZG,2000,3.38154606851558
SSA,NY.GDP.MKTP.KD.ZG,1999,2.11906396796802
SSA,NY.GDP.MKTP.KD.ZG,1998,2.64610114784176
SSA,NY.GDP.MKTP.KD.ZG,1997,4.08164965457097
SSA,NY.GDP.MKTP.KD.ZG,1996,4.99229396671142
SSA,NY.GDP.MKTP.KD.ZG,1995,3.2756040810513
SSA,NY.GDP.MKTP.KD.ZG,1994,0.989254219734676
SSA,NY.GDP.MKTP.KD.ZG,1993,-1.28806681251739
SSA,NY.GDP.MKTP.KD.ZG,1992,-0.350485198848702
SSA,NY.GDP.MKTP.KD.ZG,1991,0.53440243296032
SSA,NY.GDP.MKTP.KD.ZG,1990,2.24695245611632
SSA,NY.GDP.MKTP.KD.ZG,1989,2.34304226614989
SSA,NY.GDP.MKTP.KD.ZG,1988,4.55531222810821
SSA,NY.GDP.MKTP.KD.ZG,1987,2.72451302816079
SSA,NY.GDP.MKTP.KD.ZG,1986,1.73290195885178
SSA,NY.GDP.MKTP.KD.ZG,1985,2.26815292724984
SSA,NY.GDP.MKTP.KD.ZG,1984,2.36185638524888
SSA,NY.GDP.MKTP.KD.ZG,1983,-2.74862465238269
SSA,NY.GDP.MKTP.KD.ZG,1982,-1.24240348454599
SSA,NY.GDP.MKTP.KD.ZG,1981,-0.905031866694102
SSA,NY.GDP.MKTP.KD.ZG,1980,3.67385612880513
SSA,NY.GDP.MKTP.KD.ZG,1979,4.02514153501595
SSA,NY.GDP.MKTP.KD.ZG,1978,-0.245393675285428
SSA,NY.GDP.MKTP.KD.ZG,1977,2.77193040274655
SSA,NY.GDP.MKTP.KD.ZG,1976,5.26709679435915
SSA,NY.GDP.MKTP.KD.ZG,1975,-0.261168133735296
SSA,NY.GDP.MKTP.KD.ZG,1974,7.62252203742688
SSA,NY.GDP.MKTP.KD.ZG,1973,4.27650984150407
SSA,NY.GDP.MKTP.KD.ZG,1972,2.92320039146625
SSA,NY.GDP.MKTP.KD.ZG,1971,7.73077713964318
SSA,NY.GDP.MKTP.KD.ZG,1970,7.90031689461711
SSA,NY.GDP.MKTP.KD.ZG,1969,9.17943396463787
SSA,NY.GDP.MKTP.KD.ZG,1968,3.10348694216169
SSA,NY.GDP.MKTP.KD.ZG,1967,-0.874738397111756
SSA,NY.GDP.MKTP.KD.ZG,1966,1.91102908484766
SSA,NY.GDP.MKTP.KD.ZG,1965,4.66012909475771
SSA,NY.GDP.MKTP.KD.ZG,1964,4.98324860839061
SSA,NY.GDP.MKTP.KD.ZG,1963,6.27953608369489
SSA,NY.GDP.MKTP.KD.ZG,1962,6.08203414598616
SSA,NY.GDP.MKTP.KD.ZG,1961,1.07902245603371
SSA,NY.GDP.MKTP.KD.ZG,1960,
TSS,NY.GDP.MKTP.KD.ZG,2025,
TSS,NY.GDP.MKTP.KD.ZG,2024,3.59733324708964
TSS,NY.GDP.MKTP.KD.ZG,2023,2.71598839668872
TSS,NY.GDP.MKTP.KD.ZG,2022,4.0614075605038
TSS,NY.GDP.MKTP.KD.ZG,2021,3.65270461847631
TSS,NY.GDP.MKTP.KD.ZG,2020,-3.23642852363861
TSS,NY.GDP.MKTP.KD.ZG,2019,2.60045190740459
TSS,NY.GDP.MKTP.KD.ZG,2018,2.79599960832637
TSS,NY.GDP.MKTP.KD.ZG,2017,2.50364867338814
TSS,NY.GDP.MKTP.KD.ZG,2016,1.23789307986235
TSS,NY.GDP.MKTP.KD.ZG,2015,2.93349224419011
TSS,NY.GDP.MKTP.KD.ZG,2014,4.72930309699868
TSS,NY.GDP.MKTP.KD.ZG,2013,5.12180100852353
TSS,NY.GDP.MKTP.KD.ZG,2012,3.33566308216497
TSS,NY.GDP.MKTP.KD.ZG,2011,4.45162930662151
TSS,NY.GDP.MKTP.KD.ZG,2010,6.05119087977124
TSS,NY.GDP.MKTP.KD.ZG,2009,3.14754867102099
TSS,NY.GDP.MKTP.KD.ZG,2008,5.19915700484026
TSS,NY.GDP.MKTP.KD.ZG,2007,6.15845441455019
TSS,NY.GDP.MKTP.KD.ZG,2006,6.04939293975077
TSS,NY.GDP.MKTP.KD.ZG,2005,6.00947416911313
TSS,NY.GDP.MKTP.KD.ZG,2004,6.68446006184374
TSS,NY.GDP.MKTP.KD.ZG,2003,4.12069952524877
TSS,NY.GDP.MKTP.KD.ZG,2002,6.39356457830505
TSS,NY.GDP.MKTP.KD.ZG,2001,4.21364598817746
TSS,NY.GDP.MKTP.KD.ZG,2000,3.43711873083772
TSS,NY.GDP.MKTP.KD.ZG,1999,2.17869506836668
TSS,NY.GDP.MKTP.KD.ZG,1998,2.51825009450717
TSS,NY.GDP.MKTP.KD.ZG,1997,4.07051334294377
TSS,NY.GDP.MKTP.KD.ZG,1996,5.14421622377816
TSS,NY.GDP.MKTP.KD.ZG,1995,3.32740083029329
TSS,NY.GDP.MKTP.KD.ZG,1994,1.02684072771038
TSS,NY.GDP.MKTP.KD.ZG,1993,-1.04184369649657
TSS,NY.GDP.MKTP.KD.ZG,1992,-0.492747648583503
TSS,NY.GDP.MKTP.KD.ZG,1991,0.387549376944008
TSS,NY.GDP.MKTP.KD.ZG,1990,2.2608356701252
TSS,NY.GDP.MKTP.KD.ZG,1989,2.29592683011654
TSS,NY.GDP.MKTP.KD.ZG,1988,4.47238522010464
TSS,NY.GDP.MKTP.KD.ZG,1987,2.93383075101137
TSS,NY.GDP.MKTP.KD.ZG,1986,1.86943435338569
TSS,NY.GDP.MKTP.KD.ZG,1985,2.00748565692007
TSS,NY.GDP.MKTP.KD.ZG,1984,2.25425686713905
TSS,NY.GDP.MKTP.KD.ZG,1983,-2.54012035340587
TSS,NY.GDP.MKTP.KD.ZG,1982,-1.20283636310771
TSS,NY.GDP.MKTP.KD.ZG,1981,-0.813777715804477
TSS,NY.GDP.MKTP.KD.ZG,1980,3.71648363086685
TSS,NY.GDP.MKTP.KD.ZG,1979,3.93584062374026
TSS,NY.GDP.MKTP.KD.ZG,1978,-0.175739327651826
TSS,NY.GDP.MKTP.KD.ZG,1977,2.76469841970908
TSS,NY.GDP.MKTP.KD.ZG,1976,5.17371113550963
TSS,NY.GDP.MKTP.KD.ZG,1975,-0.229877388988982
TSS,NY.GDP.MKTP.KD.ZG,1974,7.53077108037768
TSS,NY.GDP.MKTP.KD.ZG,1973,4.29617705017708
TSS,NY.GDP.MKTP.KD.ZG,1972,2.95100670769503
TSS,NY.GDP.MKTP.KD.ZG,1971,7.71135431084519
TSS,NY.GDP.MKTP.KD.ZG,1970,7.80833552355966
TSS,NY.GDP.MKTP.KD.ZG,1969,8.99832931105084
TSS,NY.GDP.MKTP.KD.ZG,1968,3.12928440529177
TSS,NY.GDP.MKTP.KD.ZG,1967,-0.767881733048043
TSS,NY.GDP.MKTP.KD.ZG,1966,2.02670134220892
TSS,NY.GDP.MKTP.KD.ZG,1965,4.6794271047679
TSS,NY.GDP.MKTP.KD.ZG,1964,4.96554660332238
TSS,NY.GDP.MKTP.KD.ZG,1963,6.2450669943277
TSS,NY.GDP.MKTP.KD.ZG,1962,6.04622085860717
TSS,NY.GDP.MKTP.KD.ZG,1961,1.07561641321338
TSS,NY.GDP.MKTP.KD.ZG,1960,
,NY.GDP.MKTP.KD.ZG,2025,
,NY.GDP.MKTP.KD.ZG,2024,4.17952127549748
,NY.GDP.MKTP.KD.ZG,2023,4.58560028646708
,NY.GDP.MKTP.KD.ZG,2022,3.45482027640851
,NY.GDP.MKTP.KD.ZG,2021,7.70448199039548
,NY.GDP.MKTP.KD.ZG,2020,-0.379702218317163
,NY.GDP.MKTP.KD.ZG,2019,4.20032824786712
,NY.GDP.MKTP.KD.ZG,2018,4.91536338812493
,NY.GDP.MKTP.KD.ZG,2017,5.36349627990562
,NY.GDP.MKTP.KD.ZG,2016,4.56594224373168
,NY.GDP.MKTP.KD.ZG,2015,4.50970067372548
,NY.GDP.MKTP.KD.ZG,2014,4.98650926608535
,NY.GDP.MKTP.KD.ZG,2013,5.66741400374929
,NY.GDP.MKTP.KD.ZG,2012,5.78004359971993
,NY.GDP.MKTP.KD.ZG,2011,6.91230216658607
,NY.GDP.MKTP.KD.ZG,2010,8.54083082585677
,NY.GDP.MKTP.KD.ZG,2009,3.53562271484722
,NY.GDP.MKTP.KD.ZG,2008,6.31332594891273
,NY.GDP.MKTP.KD.ZG,2007,9.43196907169563
,NY.GDP.MKTP.KD.ZG,2006,8.6240086675993
,NY.GDP.MKTP.KD.ZG,2005,7.58111506944306
,NY.GDP.MKTP.KD.ZG,2004,7.89021521972755
,NY.GDP.MKTP.KD.ZG,2003,5.94126759667999
,NY.GDP.MKTP.KD.ZG,2002,4.86475919995965
,NY.GDP.MKTP.KD.ZG,2001,3.46285030442375
,NY.GDP.MKTP.KD.ZG,2000,6.01794678943035
,NY.GDP.MKTP.KD.ZG,1999,3.25418252756151
,NY.GDP.MKTP.KD.ZG,1998,2.96984008710082
,NY.GDP.MKTP.KD.ZG,1997,6.10293384178074
,NY.GDP.MKTP.KD.ZG,1996,6.23957296961517
,NY.GDP.MKTP.KD.ZG,1995,4.47015730370227
,NY.GDP.MKTP.KD.ZG,1994,5.55869774010303
,NY.GDP.MKTP.KD.ZG,1993,5.92112474533518
,NY.GDP.MKTP.KD.ZG,1992,4.54336254852461
,NY.GDP.MKTP.KD.ZG,1991,3.11511057153598
,NY.GDP.MKTP.KD.ZG,1990,2.72236183938543
,NY.GDP.MKTP.KD.ZG,1989,2.95622382082112
,NY.GDP.MKTP.KD.ZG,1988,3.40494447059277
,NY.GDP.MKTP.KD.ZG,1987,4.95407894582347
,NY.GDP.MKTP.KD.ZG,1986,3.6772456111154
,NY.GDP.MKTP.KD.ZG,1985,4.71822556720063
,NY.GDP.MKTP.KD.ZG,1984,5.39395270915209
,NY.GDP.MKTP.KD.ZG,1983,1.43844456481131
,NY.GDP.MKTP.KD.ZG,1982,3.11784252002285
,NY.GDP.MKTP.KD.ZG,1981,1.87539785409096
,NY.GDP.MKTP.KD.ZG,1980,4.64409809042546
,NY.GDP.MKTP.KD.ZG,1979,5.57418020849407
,NY.GDP.MKTP.KD.ZG,1978,3.77219156926733
,NY.GDP.MKTP.KD.ZG,1977,4.31217377524287
,NY.GDP.MKTP.KD.ZG,1976,6.55301883305692
,NY.GDP.MKTP.KD.ZG,1975,4.53123281663291
,NY.GDP.MKTP.KD.ZG,1974,6.36191329285583
,NY.GDP.MKTP.KD.ZG,1973,7.74843073058578
,NY.GDP.MKTP.KD.ZG,1972,7.71589165351875
,NY.GDP.MKTP.KD.ZG,1971,6.67319937518256
,NY.GDP.MKTP.KD.ZG,1970,8.41475644773229
,NY.GDP.MKTP.KD.ZG,1969,8.37499580618926
,NY.GDP.MKTP.KD.ZG,1968,6.95031494772699
,NY.GDP.MKTP.KD.ZG,1967,3.78494205460642
,NY.GDP.MKTP.KD.ZG,1966,6.26562332386489
,NY.GDP.MKTP.KD.ZG,1965,7.70882333662837
,NY.GDP.MKTP.KD.ZG,1964,8.75721129456547
,NY.GDP.MKTP.KD.ZG,1963,4.48750044814379
,NY.GDP.MKTP.KD.ZG,1962,3.10732615661233
,NY.GDP.MKTP.KD.ZG,1961,0.373067785102648
,NY.GDP.MKTP.KD.ZG,1960,
WLD,NY.GDP.MKTP.KD.ZG,2025,
WLD,NY.GDP.MKTP.KD.ZG,2024,2.87194964204313
WLD,NY.GDP.MKTP.KD.ZG,2023,2.9485947500487
WLD,NY.GDP.MKTP.KD.ZG,2022,3.40305483746891
WLD,NY.GDP.MKTP.KD.ZG,2021,6.41334961541973
WLD,NY.GDP.MKTP.KD.ZG,2020,-2.8992231033702
WLD,NY.GDP.MKTP.KD.ZG,2019,2.67911757479919
WLD,NY.GDP.MKTP.KD.ZG,2018,3.27395826417856
WLD,NY.GDP.MKTP.KD.ZG,2017,3.45183009055707
WLD,NY.GDP.MKTP.KD.ZG,2016,2.79359207247063
WLD,NY.GDP.MKTP.KD.ZG,2015,3.11378907834442
WLD,NY.GDP.MKTP.KD.ZG,2014,3.13301748764174
WLD,NY.GDP.MKTP.KD.ZG,2013,2.88814205849086
WLD,NY.GDP.MKTP.KD.ZG,2012,2.73120979279713
WLD,NY.GDP.MKTP.KD.ZG,2011,3.33900335400304
WLD,NY.GDP.MKTP.KD.ZG,2010,4.52424032554688
WLD,NY.GDP.MKTP.KD.ZG,2009,-1.31864911944237
WLD,NY.GDP.MKTP.KD.ZG,2008,2.09239458384161
WLD,NY.GDP.MKTP.KD.ZG,2007,4.41384473328108
WLD,NY.GDP.MKTP.KD.ZG,2006,4.47616958858079
WLD,NY.GDP.MKTP.KD.ZG,2005,4.05453629039749
WLD,NY.GDP.MKTP.KD.ZG,2004,4.50184539653775
WLD,NY.GDP.MKTP.KD.ZG,2003,3.09383471039331
WLD,NY.GDP.MKTP.KD.ZG,2002,2.31107096730885
WLD,NY.GDP.MKTP.KD.ZG,2001,2.03855309163356
WLD,NY.GDP.MKTP.KD.ZG,2000,4.55506182477725
WLD,NY.GDP.MKTP.KD.ZG,1999,3.58036735454232
WLD,NY.GDP.MKTP.KD.ZG,1998,2.83211105781118
WLD,NY.GDP.MKTP.KD.ZG,1997,3.96560649440364
WLD,NY.GDP.MKTP.KD.ZG,1996,3.59262581167523
WLD,NY.GDP.MKTP.KD.ZG,1995,3.16459831490941
WLD,NY.GDP.MKTP.KD.ZG,1994,3.39430880680132
WLD,NY.GDP.MKTP.KD.ZG,1993,1.88997754116687
WLD,NY.GDP.MKTP.KD.ZG,1992,2.08330128141721
WLD,NY.GDP.MKTP.KD.ZG,1991,1.23795463953577
WLD,NY.GDP.MKTP.KD.ZG,1990,2.74043123173102
WLD,NY.GDP.MKTP.KD.ZG,1989,3.66704385911412
WLD,NY.GDP.MKTP.KD.ZG,1988,4.525506806321
WLD,NY.GDP.MKTP.KD.ZG,1987,3.7165706655468
WLD,NY.GDP.MKTP.KD.ZG,1986,3.28909654382757
WLD,NY.GDP.MKTP.KD.ZG,1985,3.67368589707036
WLD,NY.GDP.MKTP.KD.ZG,1984,4.69902818606988
WLD,NY.GDP.MKTP.KD.ZG,1983,2.56341167557721
WLD,NY.GDP.MKTP.KD.ZG,1982,0.369303397693983
WLD,NY.GDP.MKTP.KD.ZG,1981,1.90522388307777
WLD,NY.GDP.MKTP.KD.ZG,1980,1.86031229895617
WLD,NY.GDP.MKTP.KD.ZG,1979,4.11963847718076
WLD,NY.GDP.MKTP.KD.ZG,1978,4.11206866955771
WLD,NY.GDP.MKTP.KD.ZG,1977,4.00810867281642
WLD,NY.GDP.MKTP.KD.ZG,1976,5.18125795120345
WLD,NY.GDP.MKTP.KD.ZG,1975,0.633394222127251
WLD,NY.GDP.MKTP.KD.ZG,1974,1.96923893177501
WLD,NY.GDP.MKTP.KD.ZG,1973,6.43422416541112
WLD,NY.GDP.MKTP.KD.ZG,1972,5.54627522497742
WLD,NY.GDP.MKTP.KD.ZG,1971,4.16625411127447
WLD,NY.GDP.MKTP.KD.ZG,1970,3.77713097375472
WLD,NY.GDP.MKTP.KD.ZG,1969,5.96873159517897
WLD,NY.GDP.MKTP.KD.ZG,1968,5.93696465574507
WLD,NY.GDP.MKTP.KD.ZG,1967,3.7254585016012
WLD,NY.GDP.MKTP.KD.ZG,1966,5.4148217196374
WLD,NY.GDP.MKTP.KD.ZG,1965,5.58971602547578
WLD,NY.GDP.MKTP.KD.ZG,1964,6.59278556075897
WLD,NY.GDP.MKTP.KD.ZG,1963,5.00824070627451
WLD,NY.GDP.MKTP.KD.ZG,1962,5.32597014502933
WLD,NY.GDP.MKTP.KD.ZG,1961,3.96314215216333
WLD,NY.GDP.MKTP.KD.ZG,1960,
AFG,NY.GDP.MKTP.KD.ZG,2025,
AFG,NY.GDP.MKTP.KD.ZG,2024,
AFG,NY.GDP.MKTP.KD.ZG,2023,2.26694373649188
AFG,NY.GDP.MKTP.KD.ZG,2022,-6.24017199240269
AFG,NY.GDP.MKTP.KD.ZG,2021,-20.7388393676343
AFG,NY.GDP.MKTP.KD.ZG,2020,-2.35110067203466
AFG,NY.GDP.MKTP.KD.ZG,2019,3.91160341625552
AFG,NY.GDP.MKTP.KD.ZG,2018,1.18922812944517
AFG,NY.GDP.MKTP.KD.ZG,2017,2.6470032027451
AFG,NY.GDP.MKTP.KD.ZG,2016,2.26031420279821
AFG,NY.GDP.MKTP.KD.ZG,2015,1.45131466066431
AFG,NY.GDP.MKTP.KD.ZG,2014,2.72454336219565
AFG,NY.GDP.MKTP.KD.ZG,2013,5.60074465863221
AFG,NY.GDP.MKTP.KD.ZG,2012,12.7522870926697
AFG,NY.GDP.MKTP.KD.ZG,2011,0.426354776777345
AFG,NY.GDP.MKTP.KD.ZG,2010,14.3624414710737
AFG,NY.GDP.MKTP.KD.ZG,2009,21.3905283926492
AFG,NY.GDP.MKTP.KD.ZG,2008,3.92498381999467
AFG,NY.GDP.MKTP.KD.ZG,2007,13.8263195471281
AFG,NY.GDP.MKTP.KD.ZG,2006,5.35740324748592
AFG,NY.GDP.MKTP.KD.ZG,2005,11.2297148272859
AFG,NY.GDP.MKTP.KD.ZG,2004,1.41411799339429
AFG,NY.GDP.MKTP.KD.ZG,2003,8.83227780288267
AFG,NY.GDP.MKTP.KD.ZG,2002,28.6000011706788
AFG,NY.GDP.MKTP.KD.ZG,2001,-9.4319740700862
AFG,NY.GDP.MKTP.KD.ZG,2000,
AFG,NY.GDP.MKTP.KD.ZG,1999,
AFG,NY.GDP.MKTP.KD.ZG,1998,
AFG,NY.GDP.MKTP.KD.ZG,1997,
AFG,NY.GDP.MKTP.KD.ZG,1996,
AFG,NY.GDP.MKTP.KD.ZG,1995,
AFG,NY.GDP.MKTP.KD.ZG,1994,
AFG,NY.GDP.MKTP.KD.ZG,1993,
AFG,NY.GDP.MKTP.KD.ZG,1992,
AFG,NY.GDP.MKTP.KD.ZG,1991,
AFG,NY.GDP.MKTP.KD.ZG,1990,
AFG,NY.GDP.MKTP.KD.ZG,1989,
AFG,NY.GDP.MKTP.KD.ZG,1988,
AFG,NY.GDP.MKTP.KD.ZG,1987,
AFG,NY.GDP.MKTP.KD.ZG,1986,
AFG,NY.GDP.MKTP.KD.ZG,1985,
AFG,NY.GDP.MKTP.KD.ZG,1984,
AFG,NY.GDP.MKTP.KD.ZG,1983,
AFG,NY.GDP.MKTP.KD.ZG,1982,
AFG,NY.GDP.MKTP.KD.ZG,1981,
AFG,NY.GDP.MKTP.KD.ZG,1980,
AFG,NY.GDP.MKTP.KD.ZG,1979,
AFG,NY.GDP.MKTP.KD.ZG,1978,
AFG,NY.GDP.MKTP.KD.ZG,1977,
AFG,NY.GDP.MKTP.KD.ZG,1976,
AFG,NY.GDP.MKTP.KD.ZG,1975,
AFG,NY.GDP.MKTP.KD.ZG,1974,
AFG,NY.GDP.MKTP.KD.ZG,1973,
AFG,NY.GDP.MKTP.KD.ZG,1972,
AFG,NY.GDP.MKTP.KD.ZG,1971,
AFG,NY.GDP.MKTP.KD.ZG,1970,
AFG,NY.GDP.MKTP.KD.ZG,1969,
AFG,NY.GDP.MKTP.KD.ZG,1968,
AFG,NY.GDP.MKTP.KD.ZG,1967,
AFG,NY.GDP.MKTP.KD.ZG,1966,
AFG,NY.GDP.MKTP.KD.ZG,1965,
AFG,NY.GDP.MKTP.KD.ZG,1964,
AFG,NY.GDP.MKTP.KD.ZG,1963,
AFG,NY.GDP.MKTP.KD.ZG,1962,
AFG,NY.GDP.MKTP.KD.ZG,1961,
AFG,NY.GDP.MKTP.KD.ZG,1960,
ALB,NY.GDP.MKTP.KD.ZG,2025,
ALB,NY.GDP.MKTP.KD.ZG,2024,4.04592845095348
ALB,NY.GDP.MKTP.KD.ZG,2023,4.01541716935742
ALB,NY.GDP.MKTP.KD.ZG,2022,4.8268006234359
ALB,NY.GDP.MKTP.KD.ZG,2021,8.96957619074095
ALB,NY.GDP.MKTP.KD.ZG,2020,-3.31375636888916
ALB,NY.GDP.MKTP.KD.ZG,2019,2.06257790176122
ALB,NY.GDP.MKTP.KD.ZG,2018,3.67141928098908
ALB,NY.GDP.MKTP.KD.ZG,2017,3.28317593330073
ALB,NY.GDP.MKTP.KD.ZG,2016,3.90893551362245
ALB,NY.GDP.MKTP.KD.ZG,2015,2.2277040745779
ALB,NY.GDP.MKTP.KD.ZG,2014,2.24022695382642
ALB,NY.GDP.MKTP.KD.ZG,2013,1.7072283175406
ALB,NY.GDP.MKTP.KD.ZG,2012,0.984129880204108
ALB,NY.GDP.MKTP.KD.ZG,2011,2.46351683915714
ALB,NY.GDP.MKTP.KD.ZG,2010,2.97315442681247
ALB,NY.GDP.MKTP.KD.ZG,2009,2.69075152362146
ALB,NY.GDP.MKTP.KD.ZG,2008,6.90706230713707
ALB,NY.GDP.MKTP.KD.ZG,2007,6.50009261158209
ALB,NY.GDP.MKTP.KD.ZG,2006,6.0189812403864
ALB,NY.GDP.MKTP.KD.ZG,2005,5.13082193056189
ALB,NY.GDP.MKTP.KD.ZG,2004,5.26626173860785
ALB,NY.GDP.MKTP.KD.ZG,2003,5.33326426009945
ALB,NY.GDP.MKTP.KD.ZG,2002,4.62839587394552
ALB,NY.GDP.MKTP.KD.ZG,2001,8.8637306604876
ALB,NY.GDP.MKTP.KD.ZG,2000,7.46285871776054
ALB,NY.GDP.MKTP.KD.ZG,1999,12.2507281968475
ALB,NY.GDP.MKTP.KD.ZG,1998,8.3100252038309
ALB,NY.GDP.MKTP.KD.ZG,1997,-11.7115732812278
ALB,NY.GDP.MKTP.KD.ZG,1996,7.33632894771891
ALB,NY.GDP.MKTP.KD.ZG,1995,13.3223333268813
ALB,NY.GDP.MKTP.KD.ZG,1994,8.30286659699082
ALB,NY.GDP.MKTP.KD.ZG,1993,9.55941167111243
ALB,NY.GDP.MKTP.KD.ZG,1992,-7.18711090964234
ALB,NY.GDP.MKTP.KD.ZG,1991,-28.0021416538074
ALB,NY.GDP.MKTP.KD.ZG,1990,-9.57564016993408
ALB,NY.GDP.MKTP.KD.ZG,1989,9.8365489718722
ALB,NY.GDP.MKTP.KD.ZG,1988,-1.42003965566396
ALB,NY.GDP.MKTP.KD.ZG,1987,-0.787842654927232
ALB,NY.GDP.MKTP.KD.ZG,1986,5.63724317852117
ALB,NY.GDP.MKTP.KD.ZG,1985,1.78064395924895
ALB,NY.GDP.MKTP.KD.ZG,1984,-1.25159664405811
ALB,NY.GDP.MKTP.KD.ZG,1983,1.10493826195055
ALB,NY.GDP.MKTP.KD.ZG,1982,2.94859680118944
ALB,NY.GDP.MKTP.KD.ZG,1981,5.74563529228132
ALB,NY.GDP.MKTP.KD.ZG,1980,
ALB,NY.GDP.MKTP.KD.ZG,1979,
ALB,NY.GDP.MKTP.KD.ZG,1978,
ALB,NY.GDP.MKTP.KD.ZG,1977,
ALB,NY.GDP.MKTP.KD.ZG,1976,
ALB,NY.GDP.MKTP.KD.ZG,1975,
ALB,NY.GDP.MKTP.KD.ZG,1974,
ALB,NY.GDP.MKTP.KD.ZG,1973,
ALB,NY.GDP.MKTP.KD.ZG,1972,
ALB,NY.GDP.MKTP.KD.ZG,1971,
ALB,NY.GDP.MKTP.KD.ZG,1970,
ALB,NY.GDP.MKTP.KD.ZG,1969,
ALB,NY.GDP.MKTP.KD.ZG,1968,
ALB,NY.GDP.MKTP.KD.ZG,1967,
ALB,NY.GDP.MKTP.KD.ZG,1966,
ALB,NY.GDP.MKTP.KD.ZG,1965,
ALB,NY.GDP.MKTP.KD.ZG,1964,
ALB,NY.GDP.MKTP.KD.ZG,1963,
ALB,NY.GDP.MKTP.KD.ZG,1962,
ALB,NY.GDP.MKTP.KD.ZG,1961,
ALB,NY.GDP.MKTP.KD.ZG,1960,
DZA,NY.GDP.MKTP.KD.ZG,2025,
DZA,NY.GDP.MKTP.KD.ZG,2024,3.69999999907979
DZA,NY.GDP.MKTP.KD.ZG,2023,4.10000000005964
DZA,NY.GDP.MKTP.KD.ZG,2022,3.60000000094915
DZA,NY.GDP.MKTP.KD.ZG,2021,3.79999999900707
DZA,NY.GDP.MKTP.KD.ZG,2020,-4.99999999908597
DZA,NY.GDP.MKTP.KD.ZG,2019,0.899999999219148
DZA,NY.GDP.MKTP.KD.ZG,2018,1.40000000088281
DZA,NY.GDP.MKTP.KD.ZG,2017,1.49999999895587
DZA,NY.GDP.MKTP.KD.ZG,2016,3.90000000017621
DZA,NY.GDP.MKTP.KD.ZG,2015,3.20000000089023
DZA,NY.GDP.MKTP.KD.ZG,2014,4.09999999866501
DZA,NY.GDP.MKTP.KD.ZG,2013,2.60000000061164
DZA,NY.GDP.MKTP.KD.ZG,2012,2.40000000034432
DZA,NY.GDP.MKTP.KD.ZG,2011,2.99999999941909
DZA,NY.GDP.MKTP.KD.ZG,2010,4.80000000093564
DZA,NY.GDP.MKTP.KD.ZG,2009,1.19999999969519
DZA,NY.GDP.MKTP.KD.ZG,2008,2.49999999929371
DZA,NY.GDP.MKTP.KD.ZG,2007,3.10000000128674
DZA,NY.GDP.MKTP.KD.ZG,2006,2.89999999905852
DZA,NY.GDP.MKTP.KD.ZG,2005,5.39999999969525
DZA,NY.GDP.MKTP.KD.ZG,2004,4.49999999976698
DZA,NY.GDP.MKTP.KD.ZG,2003,6.50000000062043
DZA,NY.GDP.MKTP.KD.ZG,2002,5.40000000000001
DZA,NY.GDP.MKTP.KD.ZG,2001,2.99999999863043
DZA,NY.GDP.MKTP.KD.ZG,2000,3.80000000158476
DZA,NY.GDP.MKTP.KD.ZG,1999,3.20000155319546
DZA,NY.GDP.MKTP.KD.ZG,1998,5.10000361107312
DZA,NY.GDP.MKTP.KD.ZG,1997,1.09999993684249
DZA,NY.GDP.MKTP.KD.ZG,1996,4.09999847167964
DZA,NY.GDP.MKTP.KD.ZG,1995,3.79999479063817
DZA,NY.GDP.MKTP.KD.ZG,1994,-0.899996552970833
DZA,NY.GDP.MKTP.KD.ZG,1993,-2.10000075697259
DZA,NY.GDP.MKTP.KD.ZG,1992,1.80000230253509
DZA,NY.GDP.MKTP.KD.ZG,1991,-1.2000005864423
DZA,NY.GDP.MKTP.KD.ZG,1990,0.800000580174981
DZA,NY.GDP.MKTP.KD.ZG,1989,4.40000216059909
DZA,NY.GDP.MKTP.KD.ZG,1988,-1.00000549065851
DZA,NY.GDP.MKTP.KD.ZG,1987,-0.69999752622347
DZA,NY.GDP.MKTP.KD.ZG,1986,0.400001002799627
DZA,NY.GDP.MKTP.KD.ZG,1985,3.69999725488672
DZA,NY.GDP.MKTP.KD.ZG,1984,5.59999652938126
DZA,NY.GDP.MKTP.KD.ZG,1983,5.40000302451797
DZA,NY.GDP.MKTP.KD.ZG,1982,6.40000411483896
DZA,NY.GDP.MKTP.KD.ZG,1981,2.99999608841746
DZA,NY.GDP.MKTP.KD.ZG,1980,0.790606971852654
DZA,NY.GDP.MKTP.KD.ZG,1979,7.47782655144202
DZA,NY.GDP.MKTP.KD.ZG,1978,9.21483570068075
DZA,NY.GDP.MKTP.KD.ZG,1977,5.25858598646316
DZA,NY.GDP.MKTP.KD.ZG,1976,8.38675648442262
DZA,NY.GDP.MKTP.KD.ZG,1975,5.04534161267209
DZA,NY.GDP.MKTP.KD.ZG,1974,7.4949177045299
DZA,NY.GDP.MKTP.KD.ZG,1973,3.81317629611722
DZA,NY.GDP.MKTP.KD.ZG,1972,27.423969480425
DZA,NY.GDP.MKTP.KD.ZG,1971,-11.3317191682878
DZA,NY.GDP.MKTP.KD.ZG,1970,8.86265711007658
DZA,NY.GDP.MKTP.KD.ZG,1969,8.4332802824936
DZA,NY.GDP.MKTP.KD.ZG,1968,10.7962385711022
DZA,NY.GDP.MKTP.KD.ZG,1967,9.45296256280155
DZA,NY.GDP.MKTP.KD.ZG,1966,-4.80497094328264
DZA,NY.GDP.MKTP.KD.ZG,1965,6.20689821107077
DZA,NY.GDP.MKTP.KD.ZG,1964,5.83941300772857
DZA,NY.GDP.MKTP.KD.ZG,1963,34.3137287803281
DZA,NY.GDP.MKTP.KD.ZG,1962,-19.6850418256566
DZA,NY.GDP.MKTP.KD.ZG,1961,-13.6054413245993
DZA,NY.GDP.MKTP.KD.ZG,1960,
ASM,NY.GDP.MKTP.KD.ZG,2025,
ASM,NY.GDP.MKTP.KD.ZG,2024,
ASM,NY.GDP.MKTP.KD.ZG,2023,
ASM,NY.GDP.MKTP.KD.ZG,2022,1.73501577287065
ASM,NY.GDP.MKTP.KD.ZG,2021,-0.782472613458523
ASM,NY.GDP.MKTP.KD.ZG,2020,4.41176470588236
ASM,NY.GDP.MKTP.KD.ZG,2019,-0.487804878048777
ASM,NY.GDP.MKTP.KD.ZG,2018,2.6711185308848
ASM,NY.GDP.MKTP.KD.ZG,2017,-6.98757763975155
ASM,NY.GDP.MKTP.KD.ZG,2016,-1.67938931297709
ASM,NY.GDP.MKTP.KD.ZG,2015,3.14960629921259
ASM,NY.GDP.MKTP.KD.ZG,2014,1.76282051282051
ASM,NY.GDP.MKTP.KD.ZG,2013,-2.5
ASM,NY.GDP.MKTP.KD.ZG,2012,-4.33482810164425
ASM,NY.GDP.MKTP.KD.ZG,2011,0.0
ASM,NY.GDP.MKTP.KD.ZG,2010,0.299850074962521
ASM,NY.GDP.MKTP.KD.ZG,2009,-4.16666666666666
ASM,NY.GDP.MKTP.KD.ZG,2008,-2.65734265734265
ASM,NY.GDP.MKTP.KD.ZG,2007,1.85185185185186
ASM,NY.GDP.MKTP.KD.ZG,2006,-4.09836065573771
ASM,NY.GDP.MKTP.KD.ZG,2005,-0.408163265306129
ASM,NY.GDP.MKTP.KD.ZG,2004,0.409836065573771
ASM,NY.GDP.MKTP.KD.ZG,2003,0.965517241379317
ASM,NY.GDP.MKTP.KD.ZG,2002,
ASM,NY.GDP.MKTP.KD.ZG,2001,
ASM,NY.GDP.MKTP.KD.ZG,2000,
ASM,NY.GDP.MKTP.KD.ZG,1999,
ASM,NY.GDP.MKTP.KD.ZG,1998,
ASM,NY.GDP.MKTP.KD.ZG,1997,
ASM,NY.GDP.MKTP.KD.ZG,1996,
ASM,NY.GDP.MKTP.KD.ZG,1995,
ASM,NY.GDP.MKTP.KD.ZG,1994,
ASM,NY.GDP.MKTP.KD.ZG,1993,
ASM,NY.GDP.MKTP.KD.ZG,1992,
ASM,NY.GDP.MKTP.KD.ZG,1991,
ASM,NY.GDP.MKTP.KD.ZG,1990,
ASM,NY.GDP.MKTP.KD.ZG,1989,
ASM,NY.GDP.MKTP.KD.ZG,1988,
ASM,NY.GDP.MKTP.KD.ZG,1987,
ASM,NY.GDP.MKTP.KD.ZG,1986,
ASM,NY.GDP.MKTP.KD.ZG,1985,
ASM,NY.GDP.MKTP.KD.ZG,1984,
ASM,NY.GDP.MKTP.KD.ZG,1983,
ASM,NY.GDP.MKTP.KD.ZG,1982,
ASM,NY.GDP.MKTP.KD.ZG,1981,
ASM,NY.GDP.MKTP.KD.ZG,1980,
ASM,NY.GDP.MKTP.KD.ZG,1979,
ASM,NY.GDP.MKTP.KD.ZG,1978,
ASM,NY.GDP.MKTP.KD.ZG,1977,
ASM,NY.GDP.MKTP.KD.ZG,1976,
ASM,NY.GDP.MKTP.KD.ZG,1975,
ASM,NY.GDP.MKTP.KD.ZG,1974,
ASM,NY.GDP.MKTP.KD.ZG,1973,
ASM,NY.GDP.MKTP.KD.ZG,1972,
ASM,NY.GDP.MKTP.KD.ZG,1971,
ASM,NY.GDP.MKTP.KD.ZG,1970,
ASM,NY.GDP.MKTP.KD.ZG,1969,
ASM,NY.GDP.MKTP.KD.ZG,1968,
ASM,NY.GDP.MKTP.KD.ZG,1967,
ASM,NY.GDP.MKTP.KD.ZG,1966,
ASM,NY.GDP.MKTP.KD.ZG,1965,
ASM,NY.GDP.MKTP.KD.ZG,1964,
ASM,NY.GDP.MKTP.KD.ZG,1963,
ASM,NY.GDP.MKTP.KD.ZG,1962,
ASM,NY.GDP.MKTP.KD.ZG,1961,
ASM,NY.GDP.MKTP.KD.ZG,1960,
AND,NY.GDP.MKTP.KD.ZG,2025,
AND,NY.GDP.MKTP.KD.ZG,2024,3.37182032638998
AND,NY.GDP.MKTP.KD.ZG,2023,2.58355480961319
AND,NY.GDP.MKTP.KD.ZG,2022,9.56461225648184
AND,NY.GDP.MKTP.KD.ZG,2021,8.28677879049404
AND,NY.GDP.MKTP.KD.ZG,2020,-11.1839399355384
AND,NY.GDP.MKTP.KD.ZG,2019,2.01554763848308
AND,NY.GDP.MKTP.KD.ZG,2018,1.58876549046354
AND,NY.GDP.MKTP.KD.ZG,2017,0.346071889630295
AND,NY.GDP.MKTP.KD.ZG,2016,3.70967806978986
AND,NY.GDP.MKTP.KD.ZG,2015,1.43414039522716
AND,NY.GDP.MKTP.KD.ZG,2014,2.50446552114518
AND,NY.GDP.MKTP.KD.ZG,2013,-3.54759651549344
AND,NY.GDP.MKTP.KD.ZG,2012,-4.97444371853503
AND,NY.GDP.MKTP.KD.ZG,2011,-0.00806975341139093
AND,NY.GDP.MKTP.KD.ZG,2010,-1.97495799965345
AND,NY.GDP.MKTP.KD.ZG,2009,-5.30284654348291
AND,NY.GDP.MKTP.KD.ZG,2008,-5.55918636850581
AND,NY.GDP.MKTP.KD.ZG,2007,1.55318814103222
AND,NY.GDP.MKTP.KD.ZG,2006,4.80868869916921
AND,NY.GDP.MKTP.KD.ZG,2005,5.39779598500422
AND,NY.GDP.MKTP.KD.ZG,2004,8.13567633837351
AND,NY.GDP.MKTP.KD.ZG,2003,8.69420371612468
AND,NY.GDP.MKTP.KD.ZG,2002,4.54636221364653
AND,NY.GDP.MKTP.KD.ZG,2001,8.11935772169949
AND,NY.GDP.MKTP.KD.ZG,2000,3.52836236122388
AND,NY.GDP.MKTP.KD.ZG,1999,4.0990789217793
AND,NY.GDP.MKTP.KD.ZG,1998,3.19479339289236
AND,NY.GDP.MKTP.KD.ZG,1997,9.06767205144135
AND,NY.GDP.MKTP.KD.ZG,1996,4.64973866754707
AND,NY.GDP.MKTP.KD.ZG,1995,2.75750161326249
AND,NY.GDP.MKTP.KD.ZG,1994,2.3831822482118
AND,NY.GDP.MKTP.KD.ZG,1993,-1.03148438999895
AND,NY.GDP.MKTP.KD.ZG,1992,0.929214040125956
AND,NY.GDP.MKTP.KD.ZG,1991,2.54600353080194
AND,NY.GDP.MKTP.KD.ZG,1990,3.78138754899436
AND,NY.GDP.MKTP.KD.ZG,1989,4.82703427244309
AND,NY.GDP.MKTP.KD.ZG,1988,5.09432619448408
AND,NY.GDP.MKTP.KD.ZG,1987,5.54712216113352
AND,NY.GDP.MKTP.KD.ZG,1986,3.25332182847531
AND,NY.GDP.MKTP.KD.ZG,1985,2.32143303428465
AND,NY.GDP.MKTP.KD.ZG,1984,1.7846866722919
AND,NY.GDP.MKTP.KD.ZG,1983,1.77011827083456
AND,NY.GDP.MKTP.KD.ZG,1982,1.2464611381716
AND,NY.GDP.MKTP.KD.ZG,1981,-0.132474492519691
AND,NY.GDP.MKTP.KD.ZG,1980,2.20872761148199
AND,NY.GDP.MKTP.KD.ZG,1979,0.0415572233591206
AND,NY.GDP.MKTP.KD.ZG,1978,1.46300016981581
AND,NY.GDP.MKTP.KD.ZG,1977,2.83857556906837
AND,NY.GDP.MKTP.KD.ZG,1976,3.30378705328451
AND,NY.GDP.MKTP.KD.ZG,1975,0.54220566972954
AND,NY.GDP.MKTP.KD.ZG,1974,5.61878962739297
AND,NY.GDP.MKTP.KD.ZG,1973,7.78846724532318
AND,NY.GDP.MKTP.KD.ZG,1972,8.14974352749283
AND,NY.GDP.MKTP.KD.ZG,1971,4.64946535556467
AND,NY.GDP.MKTP.KD.ZG,1970,
AND,NY.GDP.MKTP.KD.ZG,1969,
AND,NY.GDP.MKTP.KD.ZG,1968,
AND,NY.GDP.MKTP.KD.ZG,1967,
AND,NY.GDP.MKTP.KD.ZG,1966,
AND,NY.GDP.MKTP.KD.ZG,1965,
AND,NY.GDP.MKTP.KD.ZG,1964,
AND,NY.GDP.MKTP.KD.ZG,1963,
AND,NY.GDP.MKTP.KD.ZG,1962,
AND,NY.GDP.MKTP.KD.ZG,1961,
AND,NY.GDP.MKTP.KD.ZG,1960,
AGO,NY.GDP.MKTP.KD.ZG,2025,
AGO,NY.GDP.MKTP.KD.ZG,2024,4.42390664406875
AGO,NY.GDP.MKTP.KD.ZG,2023,1.26330814020108
AGO,NY.GDP.MKTP.KD.ZG,2022,4.21600258475137
AGO,NY.GDP.MKTP.KD.ZG,2021,2.10275251923413
AGO,NY.GDP.MKTP.KD.ZG,2020,-4.04244724639663
AGO,NY.GDP.MKTP.KD.ZG,2019,-0.204680245744115
AGO,NY.GDP.MKTP.KD.ZG,2018,-0.59441122698307
AGO,NY.GDP.MKTP.KD.ZG,2017,-0.149396225571834
AGO,NY.GDP.MKTP.KD.ZG,2016,-1.70053036291208
AGO,NY.GDP.MKTP.KD.ZG,2015,0.763177710914789
AGO,NY.GDP.MKTP.KD.ZG,2014,4.65572356315585
AGO,NY.GDP.MKTP.KD.ZG,2013,4.88306129688392
AGO,NY.GDP.MKTP.KD.ZG,2012,8.50312283866612
AGO,NY.GDP.MKTP.KD.ZG,2011,3.59386960240222
AGO,NY.GDP.MKTP.KD.ZG,2010,5.29366572819954
AGO,NY.GDP.MKTP.KD.ZG,2009,1.99558909788963
AGO,NY.GDP.MKTP.KD.ZG,2008,10.7866360496581
AGO,NY.GDP.MKTP.KD.ZG,2007,13.0026889457975
AGO,NY.GDP.MKTP.KD.ZG,2006,11.8418178757044
AGO,NY.GDP.MKTP.KD.ZG,2005,14.1547775343954
AGO,NY.GDP.MKTP.KD.ZG,2004,11.4198633904585
AGO,NY.GDP.MKTP.KD.ZG,2003,3.48731240097521
AGO,NY.GDP.MKTP.KD.ZG,2002,13.6656887608562
AGO,NY.GDP.MKTP.KD.ZG,2001,4.20599855619506
AGO,NY.GDP.MKTP.KD.ZG,2000,3.05462423430785
AGO,NY.GDP.MKTP.KD.ZG,1999,2.18148971840462
AGO,NY.GDP.MKTP.KD.ZG,1998,4.69114645093552
AGO,NY.GDP.MKTP.KD.ZG,1997,7.27427735460373
AGO,NY.GDP.MKTP.KD.ZG,1996,13.5443697551025
AGO,NY.GDP.MKTP.KD.ZG,1995,15.0000000288633
AGO,NY.GDP.MKTP.KD.ZG,1994,1.33936343648007
AGO,NY.GDP.MKTP.KD.ZG,1993,-23.9834174420578
AGO,NY.GDP.MKTP.KD.ZG,1992,-5.83828073313154
AGO,NY.GDP.MKTP.KD.ZG,1991,0.991359302044742
AGO,NY.GDP.MKTP.KD.ZG,1990,-3.45009868500237
AGO,NY.GDP.MKTP.KD.ZG,1989,0.0416214618373516
AGO,NY.GDP.MKTP.KD.ZG,1988,6.12889047765088
AGO,NY.GDP.MKTP.KD.ZG,1987,4.08274863510731
AGO,NY.GDP.MKTP.KD.ZG,1986,2.90000174246853
AGO,NY.GDP.MKTP.KD.ZG,1985,3.49999949008608
AGO,NY.GDP.MKTP.KD.ZG,1984,6.00000216509056
AGO,NY.GDP.MKTP.KD.ZG,1983,4.20000142853753
AGO,NY.GDP.MKTP.KD.ZG,1982,0.0
AGO,NY.GDP.MKTP.KD.ZG,1981,-4.40000121865036
AGO,NY.GDP.MKTP.KD.ZG,1980,
AGO,NY.GDP.MKTP.KD.ZG,1979,
AGO,NY.GDP.MKTP.KD.ZG,1978,
AGO,NY.GDP.MKTP.KD.ZG,1977,
AGO,NY.GDP.MKTP.KD.ZG,1976,
AGO,NY.GDP.MKTP.KD.ZG,1975,
AGO,NY.GDP.MKTP.KD.ZG,1974,
AGO,NY.GDP.MKTP.KD.ZG,1973,
AGO,NY.GDP.MKTP.KD.ZG,1972,
AGO,NY.GDP.MKTP.KD.ZG,1971,
AGO,NY.GDP.MKTP.KD.ZG,1970,
AGO,NY.GDP.MKTP.KD.ZG,1969,
AGO,NY.GDP.MKTP.KD.ZG,1968,
AGO,NY.GDP.MKTP.KD.ZG,1967,
AGO,NY.GDP.MKTP.KD.ZG,1966,
AGO,NY.GDP.MKTP.KD.ZG,1965,
AGO,NY.GDP.MKTP.KD.ZG,1964,
AGO,NY.GDP.MKTP.KD.ZG,1963,
AGO,NY.GDP.MKTP.KD.ZG,1962,
AGO,NY.GDP.MKTP.KD.ZG,1961,
AGO,NY.GDP.MKTP.KD.ZG,1960,
ATG,NY.GDP.MKTP.KD.ZG,2025,
ATG,NY.GDP.MKTP.KD.ZG,2024,3.65638765956977
ATG,NY.GDP.MKTP.KD.ZG,2023,2.42736300110336
ATG,NY.GDP.MKTP.KD.ZG,2022,9.10780623385958
ATG,NY.GDP.MKTP.KD.ZG,2021,8.17286311186622
ATG,NY.GDP.MKTP.KD.ZG,2020,-18.8687765208148
ATG,NY.GDP.MKTP.KD.ZG,2019,3.1722219373937
ATG,NY.GDP.MKTP.KD.ZG,2018,6.71200487159726
ATG,NY.GDP.MKTP.KD.ZG,2017,2.71272657973627
ATG,NY.GDP.MKTP.KD.ZG,2016,4.1203675438061
ATG,NY.GDP.MKTP.KD.ZG,2015,1.42161997595372
ATG,NY.GDP.MKTP.KD.ZG,2014,2.19829188738797
ATG,NY.GDP.MKTP.KD.ZG,2013,-0.600982329599361
ATG,NY.GDP.MKTP.KD.ZG,2012,3.37314273947959
ATG,NY.GDP.MKTP.KD.ZG,2011,-1.95874262217572
ATG,NY.GDP.MKTP.KD.ZG,2010,-7.84050683730972
ATG,NY.GDP.MKTP.KD.ZG,2009,-11.9628794703471
ATG,NY.GDP.MKTP.KD.ZG,2008,-0.0140065981851762
ATG,NY.GDP.MKTP.KD.ZG,2007,9.31518272315685
ATG,NY.GDP.MKTP.KD.ZG,2006,12.7081474873625
ATG,NY.GDP.MKTP.KD.ZG,2005,6.47368941781741
ATG,NY.GDP.MKTP.KD.ZG,2004,5.76710338270556
ATG,NY.GDP.MKTP.KD.ZG,2003,6.07663666406602
ATG,NY.GDP.MKTP.KD.ZG,2002,1.02723486062159
ATG,NY.GDP.MKTP.KD.ZG,2001,-4.54810977120295
ATG,NY.GDP.MKTP.KD.ZG,2000,6.20355212555867
ATG,NY.GDP.MKTP.KD.ZG,1999,3.70774594512658
ATG,NY.GDP.MKTP.KD.ZG,1998,4.73127914935051
ATG,NY.GDP.MKTP.KD.ZG,1997,5.47125581395349
ATG,NY.GDP.MKTP.KD.ZG,1996,6.6049448827643
ATG,NY.GDP.MKTP.KD.ZG,1995,-4.35978466639605
ATG,NY.GDP.MKTP.KD.ZG,1994,6.67640654973411
ATG,NY.GDP.MKTP.KD.ZG,1993,5.27988683522082
ATG,NY.GDP.MKTP.KD.ZG,1992,1.15855077710827
ATG,NY.GDP.MKTP.KD.ZG,1991,2.17685217398964
ATG,NY.GDP.MKTP.KD.ZG,1990,3.01181316687232
ATG,NY.GDP.MKTP.KD.ZG,1989,5.25230146300468
ATG,NY.GDP.MKTP.KD.ZG,1988,5.21313204893121
ATG,NY.GDP.MKTP.KD.ZG,1987,6.6261349331762
ATG,NY.GDP.MKTP.KD.ZG,1986,11.4936693741042
ATG,NY.GDP.MKTP.KD.ZG,1985,7.64384442301511
ATG,NY.GDP.MKTP.KD.ZG,1984,10.1652301394506
ATG,NY.GDP.MKTP.KD.ZG,1983,5.36381884798783
ATG,NY.GDP.MKTP.KD.ZG,1982,-0.0835066842627157
ATG,NY.GDP.MKTP.KD.ZG,1981,3.81444815121563
ATG,NY.GDP.MKTP.KD.ZG,1980,8.16198385854459
ATG,NY.GDP.MKTP.KD.ZG,1979,8.07944622901869
ATG,NY.GDP.MKTP.KD.ZG,1978,4.38351247709541
ATG,NY.GDP.MKTP.KD.ZG,1977,
ATG,NY.GDP.MKTP.KD.ZG,1976,
ATG,NY.GDP.MKTP.KD.ZG,1975,
ATG,NY.GDP.MKTP.KD.ZG,1974,
ATG,NY.GDP.MKTP.KD.ZG,1973,
ATG,NY.GDP.MKTP.KD.ZG,1972,
ATG,NY.GDP.MKTP.KD.ZG,1971,
ATG,NY.GDP.MKTP.KD.ZG,1970,
ATG,NY.GDP.MKTP.KD.ZG,1969,
ATG,NY.GDP.MKTP.KD.ZG,1968,
ATG,NY.GDP.MKTP.KD.ZG,1967,
ATG,NY.GDP.MKTP.KD.ZG,1966,
ATG,NY.GDP.MKTP.KD.ZG,1965,
ATG,NY.GDP.MKTP.KD.ZG,1964,
ATG,NY.GDP.MKTP.KD.ZG,1963,
ATG,NY.GDP.MKTP.KD.ZG,1962,
ATG,NY.GDP.MKTP.KD.ZG,1961,
ATG,NY.GDP.MKTP.KD.ZG,1960,
ARG,NY.GDP.MKTP.KD.ZG,2025,
ARG,NY.GDP.MKTP.KD.ZG,2024,-1.34293072157739
ARG,NY.GDP.MKTP.KD.ZG,2023,-1.85578803046339
ARG,NY.GDP.MKTP.KD.ZG,2022,6.02074537534855
ARG,NY.GDP.MKTP.KD.ZG,2021,10.4418119882506
ARG,NY.GDP.MKTP.KD.ZG,2020,-9.9004848136464
ARG,NY.GDP.MKTP.KD.ZG,2019,-2.00086100285785
ARG,NY.GDP.MKTP.KD.ZG,2018,-2.61739646282038
ARG,NY.GDP.MKTP.KD.ZG,2017,2.81850297775918
ARG,NY.GDP.MKTP.KD.ZG,2016,-2.08032784377811
ARG,NY.GDP.MKTP.KD.ZG,2015,2.73115982828944
ARG,NY.GDP.MKTP.KD.ZG,2014,-2.51261532081394
ARG,NY.GDP.MKTP.KD.ZG,2013,2.40532378079436
ARG,NY.GDP.MKTP.KD.ZG,2012,-1.0264204544321
ARG,NY.GDP.MKTP.KD.ZG,2011,6.00395169280579
ARG,NY.GDP.MKTP.KD.ZG,2010,10.1253981561002
ARG,NY.GDP.MKTP.KD.ZG,2009,-5.91852507634947
ARG,NY.GDP.MKTP.KD.ZG,2008,4.05723310346406
ARG,NY.GDP.MKTP.KD.ZG,2007,9.00765087504757
ARG,NY.GDP.MKTP.KD.ZG,2006,8.04715150043027
ARG,NY.GDP.MKTP.KD.ZG,2005,8.85165992013437
ARG,NY.GDP.MKTP.KD.ZG,2004,9.02957330068152
ARG,NY.GDP.MKTP.KD.ZG,2003,8.83704079576924
ARG,NY.GDP.MKTP.KD.ZG,2002,-10.8944848285903
ARG,NY.GDP.MKTP.KD.ZG,2001,-4.40883968258557
ARG,NY.GDP.MKTP.KD.ZG,2000,-0.78899893905691
ARG,NY.GDP.MKTP.KD.ZG,1999,-3.38545704063269
ARG,NY.GDP.MKTP.KD.ZG,1998,3.85017885156228
ARG,NY.GDP.MKTP.KD.ZG,1997,8.1110467707457
ARG,NY.GDP.MKTP.KD.ZG,1996,5.52668982715234
ARG,NY.GDP.MKTP.KD.ZG,1995,-2.84520961057079
ARG,NY.GDP.MKTP.KD.ZG,1994,5.83620070368526
ARG,NY.GDP.MKTP.KD.ZG,1993,8.20697907221228
ARG,NY.GDP.MKTP.KD.ZG,1992,7.93729155643076
ARG,NY.GDP.MKTP.KD.ZG,1991,9.13311056738961
ARG,NY.GDP.MKTP.KD.ZG,1990,-2.46721377810472
ARG,NY.GDP.MKTP.KD.ZG,1989,-7.15694965597953
ARG,NY.GDP.MKTP.KD.ZG,1988,-1.08993334133791
ARG,NY.GDP.MKTP.KD.ZG,1987,2.70486882770558
ARG,NY.GDP.MKTP.KD.ZG,1986,6.15337706275693
ARG,NY.GDP.MKTP.KD.ZG,1985,-5.18902435343904
ARG,NY.GDP.MKTP.KD.ZG,1984,1.57073870182023
ARG,NY.GDP.MKTP.KD.ZG,1983,4.34909327926756
ARG,NY.GDP.MKTP.KD.ZG,1982,-0.735659159103619
ARG,NY.GDP.MKTP.KD.ZG,1981,-5.18978914135593
ARG,NY.GDP.MKTP.KD.ZG,1980,1.51878394990179
ARG,NY.GDP.MKTP.KD.ZG,1979,10.2227634638681
ARG,NY.GDP.MKTP.KD.ZG,1978,-4.50612480201359
ARG,NY.GDP.MKTP.KD.ZG,1977,6.93414775653342
ARG,NY.GDP.MKTP.KD.ZG,1976,-2.01825151683394
ARG,NY.GDP.MKTP.KD.ZG,1975,-0.0284121037110907
ARG,NY.GDP.MKTP.KD.ZG,1974,5.5338043957736
ARG,NY.GDP.MKTP.KD.ZG,1973,2.81175403849035
ARG,NY.GDP.MKTP.KD.ZG,1972,1.62841651825939
ARG,NY.GDP.MKTP.KD.ZG,1971,5.65813108184925
ARG,NY.GDP.MKTP.KD.ZG,1970,3.04564331917115
ARG,NY.GDP.MKTP.KD.ZG,1969,9.67952601078326
ARG,NY.GDP.MKTP.KD.ZG,1968,4.82250077932424
ARG,NY.GDP.MKTP.KD.ZG,1967,3.19199662339177
ARG,NY.GDP.MKTP.KD.ZG,1966,-0.659726170629824
ARG,NY.GDP.MKTP.KD.ZG,1965,10.5694333376394
ARG,NY.GDP.MKTP.KD.ZG,1964,10.1302976615431
ARG,NY.GDP.MKTP.KD.ZG,1963,-5.30819682539126
ARG,NY.GDP.MKTP.KD.ZG,1962,-0.852021521903339
ARG,NY.GDP.MKTP.KD.ZG,1961,5.42784287621933
ARG,NY.GDP.MKTP.KD.ZG,1960,
ARM,NY.GDP.MKTP.KD.ZG,2025,
ARM,NY.GDP.MKTP.KD.ZG,2024,5.90000000046228
ARM,NY.GDP.MKTP.KD.ZG,2023,8.29999999959539
ARM,NY.GDP.MKTP.KD.ZG,2022,12.5999999997766
ARM,NY.GDP.MKTP.KD.ZG,2021,5.80000000065645
ARM,NY.GDP.MKTP.KD.ZG,2020,-7.19999999920631
ARM,NY.GDP.MKTP.KD.ZG,2019,7.59999999853918
ARM,NY.GDP.MKTP.KD.ZG,2018,5.19999999965324
ARM,NY.GDP.MKTP.KD.ZG,2017,7.50000000164144
ARM,NY.GDP.MKTP.KD.ZG,2016,0.199999999825991
ARM,NY.GDP.MKTP.KD.ZG,2015,3.19999999896625
ARM,NY.GDP.MKTP.KD.ZG,2014,3.60000000058993
ARM,NY.GDP.MKTP.KD.ZG,2013,3.3
ARM,NY.GDP.MKTP.KD.ZG,2012,7.20000000096486
ARM,NY.GDP.MKTP.KD.ZG,2011,4.69999999867412
ARM,NY.GDP.MKTP.KD.ZG,2010,2.2000000002151
ARM,NY.GDP.MKTP.KD.ZG,2009,-14.1000000006998
ARM,NY.GDP.MKTP.KD.ZG,2008,6.90000000042959
ARM,NY.GDP.MKTP.KD.ZG,2007,13.7000000015467
ARM,NY.GDP.MKTP.KD.ZG,2006,13.1999999994661
ARM,NY.GDP.MKTP.KD.ZG,2005,13.8999999991133
ARM,NY.GDP.MKTP.KD.ZG,2004,10.4999999988202
ARM,NY.GDP.MKTP.KD.ZG,2003,14.0000000015501
ARM,NY.GDP.MKTP.KD.ZG,2002,13.1999999979356
ARM,NY.GDP.MKTP.KD.ZG,2001,9.59999999927597
ARM,NY.GDP.MKTP.KD.ZG,2000,5.90000000312092
ARM,NY.GDP.MKTP.KD.ZG,1999,3.30000000058166
ARM,NY.GDP.MKTP.KD.ZG,1998,7.29999998770998
ARM,NY.GDP.MKTP.KD.ZG,1997,3.32107970046953
ARM,NY.GDP.MKTP.KD.ZG,1996,5.86540074943565
ARM,NY.GDP.MKTP.KD.ZG,1995,6.89999841973659
ARM,NY.GDP.MKTP.KD.ZG,1994,5.40000277917656
ARM,NY.GDP.MKTP.KD.ZG,1993,-8.7999987932935
ARM,NY.GDP.MKTP.KD.ZG,1992,-41.8000027457562
ARM,NY.GDP.MKTP.KD.ZG,1991,-11.699998482027
ARM,NY.GDP.MKTP.KD.ZG,1990,
ARM,NY.GDP.MKTP.KD.ZG,1989,
ARM,NY.GDP.MKTP.KD.ZG,1988,
ARM,NY.GDP.MKTP.KD.ZG,1987,
ARM,NY.GDP.MKTP.KD.ZG,1986,
ARM,NY.GDP.MKTP.KD.ZG,1985,
ARM,NY.GDP.MKTP.KD.ZG,1984,
ARM,NY.GDP.MKTP.KD.ZG,1983,
ARM,NY.GDP.MKTP.KD.ZG,1982,
ARM,NY.GDP.MKTP.KD.ZG,1981,
ARM,NY.GDP.MKTP.KD.ZG,1980,
ARM,NY.GDP.MKTP.KD.ZG,1979,
ARM,NY.GDP.MKTP.KD.ZG,1978,
ARM,NY.GDP.MKTP.KD.ZG,1977,
ARM,NY.GDP.MKTP.KD.ZG,1976,
ARM,NY.GDP.MKTP.KD.ZG,1975,
ARM,NY.GDP.MKTP.KD.ZG,1974,
ARM,NY.GDP.MKTP.KD.ZG,1973,
ARM,NY.GDP.MKTP.KD.ZG,1972,
ARM,NY.GDP.MKTP.KD.ZG,1971,
ARM,NY.GDP.MKTP.KD.ZG,1970,
ARM,NY.GDP.MKTP.KD.ZG,1969,
ARM,NY.GDP.MKTP.KD.ZG,1968,
ARM,NY.GDP.MKTP.KD.ZG,1967,
ARM,NY.GDP.MKTP.KD.ZG,1966,
ARM,NY.GDP.MKTP.KD.ZG,1965,
ARM,NY.GDP.MKTP.KD.ZG,1964,
ARM,NY.GDP.MKTP.KD.ZG,1963,
ARM,NY.GDP.MKTP.KD.ZG,1962,
ARM,NY.GDP.MKTP.KD.ZG,1961,
ARM,NY.GDP.MKTP.KD.ZG,1960,
ABW,NY.GDP.MKTP.KD.ZG,2025,
ABW,NY.GDP.MKTP.KD.ZG,2024,6.81077669324542
ABW,NY.GDP.MKTP.KD.ZG,2023,7.70679839650956
ABW,NY.GDP.MKTP.KD.ZG,2022,10.6364309604414
ABW,NY.GDP.MKTP.KD.ZG,2021,14.7306159219273
ABW,NY.GDP.MKTP.KD.ZG,2020,-23.8979898352395
ABW,NY.GDP.MKTP.KD.ZG,2019,1.22511225158814
ABW,NY.GDP.MKTP.KD.ZG,2018,3.21247111920076
ABW,NY.GDP.MKTP.KD.ZG,2017,3.49342985290626
ABW,NY.GDP.MKTP.KD.ZG,2016,1.23433537363427
ABW,NY.GDP.MKTP.KD.ZG,2015,3.61147995361162
ABW,NY.GDP.MKTP.KD.ZG,2014,1.42609864257801
ABW,NY.GDP.MKTP.KD.ZG,2013,6.43146080719245
ABW,NY.GDP.MKTP.KD.ZG,2012,-1.04079988436683
ABW,NY.GDP.MKTP.KD.ZG,2011,3.36923718421511
ABW,NY.GDP.MKTP.KD.ZG,2010,-2.73345679250639
ABW,NY.GDP.MKTP.KD.ZG,2009,-11.6777413693852
ABW,NY.GDP.MKTP.KD.ZG,2008,1.83575517191368
ABW,NY.GDP.MKTP.KD.ZG,2007,3.0895443848509
ABW,NY.GDP.MKTP.KD.ZG,2006,1.12741146411624
ABW,NY.GDP.MKTP.KD.ZG,2005,-0.383137672063768
ABW,NY.GDP.MKTP.KD.ZG,2004,7.29372807096192
ABW,NY.GDP.MKTP.KD.ZG,2003,1.11050459944282
ABW,NY.GDP.MKTP.KD.ZG,2002,-0.944953481157384
ABW,NY.GDP.MKTP.KD.ZG,2001,4.1820016304779
ABW,NY.GDP.MKTP.KD.ZG,2000,7.62292064930222
ABW,NY.GDP.MKTP.KD.ZG,1999,1.2380418420716
ABW,NY.GDP.MKTP.KD.ZG,1998,1.99198444906199
ABW,NY.GDP.MKTP.KD.ZG,1997,7.04687499241221
ABW,NY.GDP.MKTP.KD.ZG,1996,1.18578851134656
ABW,NY.GDP.MKTP.KD.ZG,1995,2.54714368704694
ABW,NY.GDP.MKTP.KD.ZG,1994,8.20390129312089
ABW,NY.GDP.MKTP.KD.ZG,1993,7.30769324531406
ABW,NY.GDP.MKTP.KD.ZG,1992,5.88235395341866
ABW,NY.GDP.MKTP.KD.ZG,1991,7.96287173232642
ABW,NY.GDP.MKTP.KD.ZG,1990,3.96140172360629
ABW,NY.GDP.MKTP.KD.ZG,1989,12.1298405451924
ABW,NY.GDP.MKTP.KD.ZG,1988,18.6486486682331
ABW,NY.GDP.MKTP.KD.ZG,1987,16.0784313755902
ABW,NY.GDP.MKTP.KD.ZG,1986,
ABW,NY.GDP.MKTP.KD.ZG,1985,
ABW,NY.GDP.MKTP.KD.ZG,1984,
ABW,NY.GDP.MKTP.KD.ZG,1983,
ABW,NY.GDP.MKTP.KD.ZG,1982,
ABW,NY.GDP.MKTP.KD.ZG,1981,
ABW,NY.GDP.MKTP.KD.ZG,1980,
ABW,NY.GDP.MKTP.KD.ZG,1979,
ABW,NY.GDP.MKTP.KD.ZG,1978,
ABW,NY.GDP.MKTP.KD.ZG,1977,
ABW,NY.GDP.MKTP.KD.ZG,1976,
ABW,NY.GDP.MKTP.KD.ZG,1975,
ABW,NY.GDP.MKTP.KD.ZG,1974,
ABW,NY.GDP.MKTP.KD.ZG,1973,
ABW,NY.GDP.MKTP.KD.ZG,1972,
ABW,NY.GDP.MKTP.KD.ZG,1971,
ABW,NY.GDP.MKTP.KD.ZG,1970,
ABW,NY.GDP.MKTP.KD.ZG,1969,
ABW,NY.GDP.MKTP.KD.ZG,1968,
ABW,NY.GDP.MKTP.KD.ZG,1967,
ABW,NY.GDP.MKTP.KD.ZG,1966,
ABW,NY.GDP.MKTP.KD.ZG,1965,
ABW,NY.GDP.MKTP.KD.ZG,1964,
ABW,NY.GDP.MKTP.KD.ZG,1963,
ABW,NY.GDP.MKTP.KD.ZG,1962,
ABW,NY.GDP.MKTP.KD.ZG,1961,
ABW,NY.GDP.MKTP.KD.ZG,1960,
AUS,NY.GDP.MKTP.KD.ZG,2025,
AUS,NY.GDP.MKTP.KD.ZG,2024,1.37340773365975
AUS,NY.GDP.MKTP.KD.ZG,2023,3.58382100798981
AUS,NY.GDP.MKTP.KD.ZG,2022,4.25304559238732
AUS,NY.GDP.MKTP.KD.ZG,2021,2.00694844335034
AUS,NY.GDP.MKTP.KD.ZG,2020,-0.133531904304775
AUS,NY.GDP.MKTP.KD.ZG,2019,2.19401703622717
AUS,NY.GDP.MKTP.KD.ZG,2018,2.87417039499501
AUS,NY.GDP.MKTP.KD.ZG,2017,2.29331030192918
AUS,NY.GDP.MKTP.KD.ZG,2016,2.75564065529868
AUS,NY.GDP.MKTP.KD.ZG,2015,2.16434780647852
AUS,NY.GDP.MKTP.KD.ZG,2014,2.60118978187332
AUS,NY.GDP.MKTP.KD.ZG,2013,2.65445302592404
AUS,NY.GDP.MKTP.KD.ZG,2012,3.95247138119184
AUS,NY.GDP.MKTP.KD.ZG,2011,2.39473494330615
AUS,NY.GDP.MKTP.KD.ZG,2010,2.21004795300735
AUS,NY.GDP.MKTP.KD.ZG,2009,1.95484826298522
AUS,NY.GDP.MKTP.KD.ZG,2008,3.62398503565633
AUS,NY.GDP.MKTP.KD.ZG,2007,3.78947119882653
AUS,NY.GDP.MKTP.KD.ZG,2006,2.7709261737475
AUS,NY.GDP.MKTP.KD.ZG,2005,3.15548121323168
AUS,NY.GDP.MKTP.KD.ZG,2004,4.21894147547516
AUS,NY.GDP.MKTP.KD.ZG,2003,3.0912800997751
AUS,NY.GDP.MKTP.KD.ZG,2002,3.94980535772942
AUS,NY.GDP.MKTP.KD.ZG,2001,2.03145880248898
AUS,NY.GDP.MKTP.KD.ZG,2000,3.9160574881715
AUS,NY.GDP.MKTP.KD.ZG,1999,5.02822035850596
AUS,NY.GDP.MKTP.KD.ZG,1998,4.67681373479508
AUS,NY.GDP.MKTP.KD.ZG,1997,3.91795814771731
AUS,NY.GDP.MKTP.KD.ZG,1996,3.86567479160071
AUS,NY.GDP.MKTP.KD.ZG,1995,3.89017188961647
AUS,NY.GDP.MKTP.KD.ZG,1994,3.97884434177331
AUS,NY.GDP.MKTP.KD.ZG,1993,4.04583374101011
AUS,NY.GDP.MKTP.KD.ZG,1992,0.433065864126704
AUS,NY.GDP.MKTP.KD.ZG,1991,-0.384631357046658
AUS,NY.GDP.MKTP.KD.ZG,1990,3.57297569098456
AUS,NY.GDP.MKTP.KD.ZG,1989,3.87901779350344
AUS,NY.GDP.MKTP.KD.ZG,1988,5.76137011855324
AUS,NY.GDP.MKTP.KD.ZG,1987,2.5567680273608
AUS,NY.GDP.MKTP.KD.ZG,1986,3.96976309787884
AUS,NY.GDP.MKTP.KD.ZG,1985,5.28169814609451
AUS,NY.GDP.MKTP.KD.ZG,1984,4.5644786594345
AUS,NY.GDP.MKTP.KD.ZG,1983,-2.22582353017135
AUS,NY.GDP.MKTP.KD.ZG,1982,3.32864998005238
AUS,NY.GDP.MKTP.KD.ZG,1981,3.34242019351289
AUS,NY.GDP.MKTP.KD.ZG,1980,3.03453508064058
AUS,NY.GDP.MKTP.KD.ZG,1979,4.05155094854514
AUS,NY.GDP.MKTP.KD.ZG,1978,0.895363440295682
AUS,NY.GDP.MKTP.KD.ZG,1977,3.59237581967973
AUS,NY.GDP.MKTP.KD.ZG,1976,2.58782205117312
AUS,NY.GDP.MKTP.KD.ZG,1975,1.33870055771159
AUS,NY.GDP.MKTP.KD.ZG,1974,4.10661101328289
AUS,NY.GDP.MKTP.KD.ZG,1973,2.6185458738897
AUS,NY.GDP.MKTP.KD.ZG,1972,3.90697856876663
AUS,NY.GDP.MKTP.KD.ZG,1971,4.0009865700372
AUS,NY.GDP.MKTP.KD.ZG,1970,7.17469983682571
AUS,NY.GDP.MKTP.KD.ZG,1969,7.04760243224727
AUS,NY.GDP.MKTP.KD.ZG,1968,5.09512980987455
AUS,NY.GDP.MKTP.KD.ZG,1967,6.30689948609215
AUS,NY.GDP.MKTP.KD.ZG,1966,2.3810335009272
AUS,NY.GDP.MKTP.KD.ZG,1965,5.97750537090864
AUS,NY.GDP.MKTP.KD.ZG,1964,6.97757189326991
AUS,NY.GDP.MKTP.KD.ZG,1963,6.21437634985244
AUS,NY.GDP.MKTP.KD.ZG,1962,1.29693177230521
AUS,NY.GDP.MKTP.KD.ZG,1961,2.48085739405019
AUS,NY.GDP.MKTP.KD.ZG,1960,
AUT,NY.GDP.MKTP.KD.ZG,2025,
AUT,NY.GDP.MKTP.KD.ZG,2024,-0.659089573171372
AUT,NY.GDP.MKTP.KD.ZG,2023,-0.786244288594673
AUT,NY.GDP.MKTP.KD.ZG,2022,5.33096379400371
AUT,NY.GDP.MKTP.KD.ZG,2021,4.92309171717903
AUT,NY.GDP.MKTP.KD.ZG,2020,-6.31825509209936
AUT,NY.GDP.MKTP.KD.ZG,2019,1.75497619649288
AUT,NY.GDP.MKTP.KD.ZG,2018,2.48422114080024
AUT,NY.GDP.MKTP.KD.ZG,2017,2.27224992038207
AUT,NY.GDP.MKTP.KD.ZG,2016,2.11721964494312
AUT,NY.GDP.MKTP.KD.ZG,2015,1.30352331826198
AUT,NY.GDP.MKTP.KD.ZG,2014,0.755798850316665
AUT,NY.GDP.MKTP.KD.ZG,2013,-0.250726423318454
AUT,NY.GDP.MKTP.KD.ZG,2012,0.628246239479637
AUT,NY.GDP.MKTP.KD.ZG,2011,2.92746800169145
AUT,NY.GDP.MKTP.KD.ZG,2010,1.80898243043663
AUT,NY.GDP.MKTP.KD.ZG,2009,-3.58626472551299
AUT,NY.GDP.MKTP.KD.ZG,2008,1.45330562142114
AUT,NY.GDP.MKTP.KD.ZG,2007,3.77522468729185
AUT,NY.GDP.MKTP.KD.ZG,2006,3.26933601506059
AUT,NY.GDP.MKTP.KD.ZG,2005,2.32036514266782
AUT,NY.GDP.MKTP.KD.ZG,2004,2.56525534067859
AUT,NY.GDP.MKTP.KD.ZG,2003,1.14156504542775
AUT,NY.GDP.MKTP.KD.ZG,2002,1.48436877605324
AUT,NY.GDP.MKTP.KD.ZG,2001,1.31698749571339
AUT,NY.GDP.MKTP.KD.ZG,2000,3.18952292988787
AUT,NY.GDP.MKTP.KD.ZG,1999,3.76192435190464
AUT,NY.GDP.MKTP.KD.ZG,1998,3.49288002962309
AUT,NY.GDP.MKTP.KD.ZG,1997,2.1458350552646
AUT,NY.GDP.MKTP.KD.ZG,1996,2.21576713087359
AUT,NY.GDP.MKTP.KD.ZG,1995,2.66798388882503
AUT,NY.GDP.MKTP.KD.ZG,1994,2.40211843259056
AUT,NY.GDP.MKTP.KD.ZG,1993,0.526809769496765
AUT,NY.GDP.MKTP.KD.ZG,1992,2.0935244262602
AUT,NY.GDP.MKTP.KD.ZG,1991,3.44162748808654
AUT,NY.GDP.MKTP.KD.ZG,1990,4.34564183768971
AUT,NY.GDP.MKTP.KD.ZG,1989,3.88707478685015
AUT,NY.GDP.MKTP.KD.ZG,1988,3.2958798164712
AUT,NY.GDP.MKTP.KD.ZG,1987,1.35716799468845
AUT,NY.GDP.MKTP.KD.ZG,1986,2.30139279474186
AUT,NY.GDP.MKTP.KD.ZG,1985,2.49867884980837
AUT,NY.GDP.MKTP.KD.ZG,1984,0.0512751573205321
AUT,NY.GDP.MKTP.KD.ZG,1983,2.97308783817583
AUT,NY.GDP.MKTP.KD.ZG,1982,2.01125455462991
AUT,NY.GDP.MKTP.KD.ZG,1981,-0.144294731083647
AUT,NY.GDP.MKTP.KD.ZG,1980,1.731485495966
AUT,NY.GDP.MKTP.KD.ZG,1979,5.35669993923946
AUT,NY.GDP.MKTP.KD.ZG,1978,-0.21065365212003
AUT,NY.GDP.MKTP.KD.ZG,1977,5.0799812066944
AUT,NY.GDP.MKTP.KD.ZG,1976,4.57844491490252
AUT,NY.GDP.MKTP.KD.ZG,1975,-0.363735781670002
AUT,NY.GDP.MKTP.KD.ZG,1974,3.94213819626765
AUT,NY.GDP.MKTP.KD.ZG,1973,4.89043598428583
AUT,NY.GDP.MKTP.KD.ZG,1972,6.20786057271572
AUT,NY.GDP.MKTP.KD.ZG,1971,5.11496844003607
AUT,NY.GDP.MKTP.KD.ZG,1970,7.12287550213442
AUT,NY.GDP.MKTP.KD.ZG,1969,6.27586716606976
AUT,NY.GDP.MKTP.KD.ZG,1968,4.47231278246069
AUT,NY.GDP.MKTP.KD.ZG,1967,3.00804779775473
AUT,NY.GDP.MKTP.KD.ZG,1966,5.64286141093314
AUT,NY.GDP.MKTP.KD.ZG,1965,3.48017491799546
AUT,NY.GDP.MKTP.KD.ZG,1964,6.12435373762845
AUT,NY.GDP.MKTP.KD.ZG,1963,4.13826758157036
AUT,NY.GDP.MKTP.KD.ZG,1962,2.64867511295262
AUT,NY.GDP.MKTP.KD.ZG,1961,5.53797931684521
AUT,NY.GDP.MKTP.KD.ZG,1960,
AZE,NY.GDP.MKTP.KD.ZG,2025,
AZE,NY.GDP.MKTP.KD.ZG,2024,4.07140205008956
AZE,NY.GDP.MKTP.KD.ZG,2023,1.35447749115767
AZE,NY.GDP.MKTP.KD.ZG,2022,4.71468033247649
AZE,NY.GDP.MKTP.KD.ZG,2021,5.61644027150554
AZE,NY.GDP.MKTP.KD.ZG,2020,-4.19896065333343
AZE,NY.GDP.MKTP.KD.ZG,2019,2.47980879185565
AZE,NY.GDP.MKTP.KD.ZG,2018,1.50040167167313
AZE,NY.GDP.MKTP.KD.ZG,2017,0.153614661745507
AZE,NY.GDP.MKTP.KD.ZG,2016,-3.06359842251706
AZE,NY.GDP.MKTP.KD.ZG,2015,1.04954641215085
AZE,NY.GDP.MKTP.KD.ZG,2014,2.79758521448559
AZE,NY.GDP.MKTP.KD.ZG,2013,5.84341590483928
AZE,NY.GDP.MKTP.KD.ZG,2012,2.20293891708398
AZE,NY.GDP.MKTP.KD.ZG,2011,-1.5729973511111
AZE,NY.GDP.MKTP.KD.ZG,2010,4.78883248761557
AZE,NY.GDP.MKTP.KD.ZG,2009,9.36950260277183
AZE,NY.GDP.MKTP.KD.ZG,2008,10.591437462476
AZE,NY.GDP.MKTP.KD.ZG,2007,25.4632157314482
AZE,NY.GDP.MKTP.KD.ZG,2006,34.4662096226792
AZE,NY.GDP.MKTP.KD.ZG,2005,27.9615381082131
AZE,NY.GDP.MKTP.KD.ZG,2004,9.25380179728907
AZE,NY.GDP.MKTP.KD.ZG,2003,10.2082994004776
AZE,NY.GDP.MKTP.KD.ZG,2002,9.43891626906561
AZE,NY.GDP.MKTP.KD.ZG,2001,9.89999986533643
AZE,NY.GDP.MKTP.KD.ZG,2000,11.0999991434346
AZE,NY.GDP.MKTP.KD.ZG,1999,7.40000129958564
AZE,NY.GDP.MKTP.KD.ZG,1998,9.99999961153691
AZE,NY.GDP.MKTP.KD.ZG,1997,5.80000014795783
AZE,NY.GDP.MKTP.KD.ZG,1996,1.29999940463827
AZE,NY.GDP.MKTP.KD.ZG,1995,-11.7999991076818
AZE,NY.GDP.MKTP.KD.ZG,1994,-19.7000012399238
AZE,NY.GDP.MKTP.KD.ZG,1993,-23.0999987188387
AZE,NY.GDP.MKTP.KD.ZG,1992,-22.6000003264444
AZE,NY.GDP.MKTP.KD.ZG,1991,-0.700000175699572
AZE,NY.GDP.MKTP.KD.ZG,1990,
AZE,NY.GDP.MKTP.KD.ZG,1989,
AZE,NY.GDP.MKTP.KD.ZG,1988,
AZE,NY.GDP.MKTP.KD.ZG,1987,
AZE,NY.GDP.MKTP.KD.ZG,1986,
AZE,NY.GDP.MKTP.KD.ZG,1985,
AZE,NY.GDP.MKTP.KD.ZG,1984,
AZE,NY.GDP.MKTP.KD.ZG,1983,
AZE,NY.GDP.MKTP.KD.ZG,1982,
AZE,NY.GDP.MKTP.KD.ZG,1981,
AZE,NY.GDP.MKTP.KD.ZG,1980,
AZE,NY.GDP.MKTP.KD.ZG,1979,
AZE,NY.GDP.MKTP.KD.ZG,1978,
AZE,NY.GDP.MKTP.KD.ZG,1977,
AZE,NY.GDP.MKTP.KD.ZG,1976,
AZE,NY.GDP.MKTP.KD.ZG,1975,
AZE,NY.GDP.MKTP.KD.ZG,1974,
AZE,NY.GDP.MKTP.KD.ZG,1973,
AZE,NY.GDP.MKTP.KD.ZG,1972,
AZE,NY.GDP.MKTP.KD.ZG,1971,
AZE,NY.GDP.MKTP.KD.ZG,1970,
AZE,NY.GDP.MKTP.KD.ZG,1969,
AZE,NY.GDP.MKTP.KD.ZG,1968,
AZE,NY.GDP.MKTP.KD.ZG,1967,
AZE,NY.GDP.MKTP.KD.ZG,1966,
AZE,NY.GDP.MKTP.KD.ZG,1965,
AZE,NY.GDP.MKTP.KD.ZG,1964,
AZE,NY.GDP.MKTP.KD.ZG,1963,
AZE,NY.GDP.MKTP.KD.ZG,1962,
AZE,NY.GDP.MKTP.KD.ZG,1961,
AZE,NY.GDP.MKTP.KD.ZG,1960,
BHS,NY.GDP.MKTP.KD.ZG,2025,
BHS,NY.GDP.MKTP.KD.ZG,2024,3.37866553336166
BHS,NY.GDP.MKTP.KD.ZG,2023,3.04824180553773
BHS,NY.GDP.MKTP.KD.ZG,2022,10.8779009410268
BHS,NY.GDP.MKTP.KD.ZG,2021,17.5861390037409
BHS,NY.GDP.MKTP.KD.ZG,2020,-20.0893664891399
BHS,NY.GDP.MKTP.KD.ZG,2019,-0.838585871193203
BHS,NY.GDP.MKTP.KD.ZG,2018,2.39795510823548
BHS,NY.GDP.MKTP.KD.ZG,2017,3.3713988456489
BHS,NY.GDP.MKTP.KD.ZG,2016,-1.15650811269629
BHS,NY.GDP.MKTP.KD.ZG,2015,0.997411675486745
BHS,NY.GDP.MKTP.KD.ZG,2014,1.8469701294558
BHS,NY.GDP.MKTP.KD.ZG,2013,-2.86320081549439
BHS,NY.GDP.MKTP.KD.ZG,2012,4.52003886739061
BHS,NY.GDP.MKTP.KD.ZG,2011,0.613170735890648
BHS,NY.GDP.MKTP.KD.ZG,2010,1.53866248693835
BHS,NY.GDP.MKTP.KD.ZG,2009,-4.17542805647342
BHS,NY.GDP.MKTP.KD.ZG,2008,-2.32364807041851
BHS,NY.GDP.MKTP.KD.ZG,2007,1.44609991235758
BHS,NY.GDP.MKTP.KD.ZG,2006,2.51659221712706
BHS,NY.GDP.MKTP.KD.ZG,2005,3.39608420536011
BHS,NY.GDP.MKTP.KD.ZG,2004,0.882373744518318
BHS,NY.GDP.MKTP.KD.ZG,2003,-1.26491667612372
BHS,NY.GDP.MKTP.KD.ZG,2002,2.70495624731029
BHS,NY.GDP.MKTP.KD.ZG,2001,2.62600982683425
BHS,NY.GDP.MKTP.KD.ZG,2000,4.14841930754267
BHS,NY.GDP.MKTP.KD.ZG,1999,7.14410390677141
BHS,NY.GDP.MKTP.KD.ZG,1998,4.71679855496301
BHS,NY.GDP.MKTP.KD.ZG,1997,1.28775320549799
BHS,NY.GDP.MKTP.KD.ZG,1996,4.22353036224139
BHS,NY.GDP.MKTP.KD.ZG,1995,4.37875203482501
BHS,NY.GDP.MKTP.KD.ZG,1994,3.14891597200189
BHS,NY.GDP.MKTP.KD.ZG,1993,0.307806596011844
BHS,NY.GDP.MKTP.KD.ZG,1992,-3.82558229706301
BHS,NY.GDP.MKTP.KD.ZG,1991,-4.18178502345002
BHS,NY.GDP.MKTP.KD.ZG,1990,-1.59624908755521
BHS,NY.GDP.MKTP.KD.ZG,1989,6.72732980687955
BHS,NY.GDP.MKTP.KD.ZG,1988,2.30970766214169
BHS,NY.GDP.MKTP.KD.ZG,1987,2.98451933857808
BHS,NY.GDP.MKTP.KD.ZG,1986,1.79700023310696
BHS,NY.GDP.MKTP.KD.ZG,1985,4.8291801053918
BHS,NY.GDP.MKTP.KD.ZG,1984,14.1711486350236
BHS,NY.GDP.MKTP.KD.ZG,1983,3.59705186742775
BHS,NY.GDP.MKTP.KD.ZG,1982,6.69889774710882
BHS,NY.GDP.MKTP.KD.ZG,1981,-9.22640508127346
BHS,NY.GDP.MKTP.KD.ZG,1980,6.49528192098035
BHS,NY.GDP.MKTP.KD.ZG,1979,26.1392957664775
BHS,NY.GDP.MKTP.KD.ZG,1978,14.1795201542182
BHS,NY.GDP.MKTP.KD.ZG,1977,9.15492920885433
BHS,NY.GDP.MKTP.KD.ZG,1976,5.18518497429477
BHS,NY.GDP.MKTP.KD.ZG,1975,-14.8031263075446
BHS,NY.GDP.MKTP.KD.ZG,1974,-16.7542290832579
BHS,NY.GDP.MKTP.KD.ZG,1973,7.56756882672917
BHS,NY.GDP.MKTP.KD.ZG,1972,-3.49733593905746
BHS,NY.GDP.MKTP.KD.ZG,1971,1.62650874068258
BHS,NY.GDP.MKTP.KD.ZG,1970,-5.64964950396579
BHS,NY.GDP.MKTP.KD.ZG,1969,8.98166256974302
BHS,NY.GDP.MKTP.KD.ZG,1968,8.42176356182298
BHS,NY.GDP.MKTP.KD.ZG,1967,9.59811387222918
BHS,NY.GDP.MKTP.KD.ZG,1966,9.07192872047429
BHS,NY.GDP.MKTP.KD.ZG,1965,10.4255964611444
BHS,NY.GDP.MKTP.KD.ZG,1964,10.5015672000336
BHS,NY.GDP.MKTP.KD.ZG,1963,10.524055218681
BHS,NY.GDP.MKTP.KD.ZG,1962,10.4519718914791
BHS,NY.GDP.MKTP.KD.ZG,1961,10.6670974062853
BHS,NY.GDP.MKTP.KD.ZG,1960,
BHR,NY.GDP.MKTP.KD.ZG,2025,
BHR,NY.GDP.MKTP.KD.ZG,2024,2.60379670648454
BHR,NY.GDP.MKTP.KD.ZG,2023,3.87811614845566
BHR,NY.GDP.MKTP.KD.ZG,2022,6.18016125475185
BHR,NY.GDP.MKTP.KD.ZG,2021,4.35004091668986
BHR,NY.GDP.MKTP.KD.ZG,2020,-5.9113629524152
BHR,NY.GDP.MKTP.KD.ZG,2019,2.05287774418655
BHR,NY.GDP.MKTP.KD.ZG,2018,2.05258864979861
BHR,NY.GDP.MKTP.KD.ZG,2017,4.95383534123657
BHR,NY.GDP.MKTP.KD.ZG,2016,3.81499327422425
BHR,NY.GDP.MKTP.KD.ZG,2015,2.50787205267615
BHR,NY.GDP.MKTP.KD.ZG,2014,4.30885692657077
BHR,NY.GDP.MKTP.KD.ZG,2013,5.29262224906203
BHR,NY.GDP.MKTP.KD.ZG,2012,3.80302899043062
BHR,NY.GDP.MKTP.KD.ZG,2011,1.92815791170796
BHR,NY.GDP.MKTP.KD.ZG,2010,4.3342989754845
BHR,NY.GDP.MKTP.KD.ZG,2009,2.53988570158225
BHR,NY.GDP.MKTP.KD.ZG,2008,6.24501094995797
BHR,NY.GDP.MKTP.KD.ZG,2007,8.29396129093843
BHR,NY.GDP.MKTP.KD.ZG,2006,6.4669995195042
BHR,NY.GDP.MKTP.KD.ZG,2005,6.76899737789502
BHR,NY.GDP.MKTP.KD.ZG,2004,6.98096175867695
BHR,NY.GDP.MKTP.KD.ZG,2003,6.29644129075703
BHR,NY.GDP.MKTP.KD.ZG,2002,3.34855067103268
BHR,NY.GDP.MKTP.KD.ZG,2001,2.49094875338352
BHR,NY.GDP.MKTP.KD.ZG,2000,5.30006940305884
BHR,NY.GDP.MKTP.KD.ZG,1999,4.29999824426375
BHR,NY.GDP.MKTP.KD.ZG,1998,4.79000359326143
BHR,NY.GDP.MKTP.KD.ZG,1997,3.09299923370425
BHR,NY.GDP.MKTP.KD.ZG,1996,4.11000631738246
BHR,NY.GDP.MKTP.KD.ZG,1995,3.92999239295094
BHR,NY.GDP.MKTP.KD.ZG,1994,-0.250001381199439
BHR,NY.GDP.MKTP.KD.ZG,1993,12.8700067450998
BHR,NY.GDP.MKTP.KD.ZG,1992,6.68999812735618
BHR,NY.GDP.MKTP.KD.ZG,1991,11.2299982766857
BHR,NY.GDP.MKTP.KD.ZG,1990,4.43799717642609
BHR,NY.GDP.MKTP.KD.ZG,1989,0.364007138161895
BHR,NY.GDP.MKTP.KD.ZG,1988,6.99999164945342
BHR,NY.GDP.MKTP.KD.ZG,1987,10.3990093325466
BHR,NY.GDP.MKTP.KD.ZG,1986,1.18299391598448
BHR,NY.GDP.MKTP.KD.ZG,1985,-4.75826853805708
BHR,NY.GDP.MKTP.KD.ZG,1984,5.00364604500794
BHR,NY.GDP.MKTP.KD.ZG,1983,6.37637679964371
BHR,NY.GDP.MKTP.KD.ZG,1982,-7.55621771215937
BHR,NY.GDP.MKTP.KD.ZG,1981,-5.31669735282949
BHR,NY.GDP.MKTP.KD.ZG,1980,2.58027926574829
BHR,NY.GDP.MKTP.KD.ZG,1979,3.46926802729132
BHR,NY.GDP.MKTP.KD.ZG,1978,3.8622685992858
BHR,NY.GDP.MKTP.KD.ZG,1977,13.0176496171974
BHR,NY.GDP.MKTP.KD.ZG,1976,30.476297435675
BHR,NY.GDP.MKTP.KD.ZG,1975,-8.83482715024641
BHR,NY.GDP.MKTP.KD.ZG,1974,8.47222224387403
BHR,NY.GDP.MKTP.KD.ZG,1973,13.9240506555534
BHR,NY.GDP.MKTP.KD.ZG,1972,11.0720562276677
BHR,NY.GDP.MKTP.KD.ZG,1971,1.60714285546935
BHR,NY.GDP.MKTP.KD.ZG,1970,
BHR,NY.GDP.MKTP.KD.ZG,1969,
BHR,NY.GDP.MKTP.KD.ZG,1968,
BHR,NY.GDP.MKTP.KD.ZG,1967,
BHR,NY.GDP.MKTP.KD.ZG,1966,
BHR,NY.GDP.MKTP.KD.ZG,1965,
BHR,NY.GDP.MKTP.KD.ZG,1964,
BHR,NY.GDP.MKTP.KD.ZG,1963,
BHR,NY.GDP.MKTP.KD.ZG,1962,
BHR,NY.GDP.MKTP.KD.ZG,1961,
BHR,NY.GDP.MKTP.KD.ZG,1960,
BGD,NY.GDP.MKTP.KD.ZG,2025,
BGD,NY.GDP.MKTP.KD.ZG,2024,4.22325911250161
BGD,NY.GDP.MKTP.KD.ZG,2023,5.77511237007889
BGD,NY.GDP.MKTP.KD.ZG,2022,7.09982877575158
BGD,NY.GDP.MKTP.KD.ZG,2021,6.93867912442445
BGD,NY.GDP.MKTP.KD.ZG,2020,3.44801755122445
BGD,NY.GDP.MKTP.KD.ZG,2019,7.88191515117722
BGD,NY.GDP.MKTP.KD.ZG,2018,7.31941263014136
BGD,NY.GDP.MKTP.KD.ZG,2017,6.59024999794057
BGD,NY.GDP.MKTP.KD.ZG,2016,7.11347821270093
BGD,NY.GDP.MKTP.KD.ZG,2015,6.55263987816197
BGD,NY.GDP.MKTP.KD.ZG,2014,6.0610593588495
BGD,NY.GDP.MKTP.KD.ZG,2013,6.01360565834344
BGD,NY.GDP.MKTP.KD.ZG,2012,6.52145877906443
BGD,NY.GDP.MKTP.KD.ZG,2011,6.46437912497728
BGD,NY.GDP.MKTP.KD.ZG,2010,5.57178818533122
BGD,NY.GDP.MKTP.KD.ZG,2009,5.04512479919337
BGD,NY.GDP.MKTP.KD.ZG,2008,6.01378975738535
BGD,NY.GDP.MKTP.KD.ZG,2007,7.05859935449848
BGD,NY.GDP.MKTP.KD.ZG,2006,6.67190498576788
BGD,NY.GDP.MKTP.KD.ZG,2005,6.53594493875502
BGD,NY.GDP.MKTP.KD.ZG,2004,5.23953291029852
BGD,NY.GDP.MKTP.KD.ZG,2003,4.73956739963045
BGD,NY.GDP.MKTP.KD.ZG,2002,3.83312393993225
BGD,NY.GDP.MKTP.KD.ZG,2001,5.07728777526728
BGD,NY.GDP.MKTP.KD.ZG,2000,5.29329471892532
BGD,NY.GDP.MKTP.KD.ZG,1999,4.67015636882111
BGD,NY.GDP.MKTP.KD.ZG,1998,5.1770268731498
BGD,NY.GDP.MKTP.KD.ZG,1997,4.4898964976265
BGD,NY.GDP.MKTP.KD.ZG,1996,4.52291921684423
BGD,NY.GDP.MKTP.KD.ZG,1995,5.12127789724337
BGD,NY.GDP.MKTP.KD.ZG,1994,3.89012644116818
BGD,NY.GDP.MKTP.KD.ZG,1993,4.71156172453999
BGD,NY.GDP.MKTP.KD.ZG,1992,5.44268554966725
BGD,NY.GDP.MKTP.KD.ZG,1991,3.48522781598027
BGD,NY.GDP.MKTP.KD.ZG,1990,5.62225816160344
BGD,NY.GDP.MKTP.KD.ZG,1989,2.83658212908817
BGD,NY.GDP.MKTP.KD.ZG,1988,2.41625685565774
BGD,NY.GDP.MKTP.KD.ZG,1987,3.77240185251682
BGD,NY.GDP.MKTP.KD.ZG,1986,4.17338255900151
BGD,NY.GDP.MKTP.KD.ZG,1985,3.34201465416713
BGD,NY.GDP.MKTP.KD.ZG,1984,4.80331001525171
BGD,NY.GDP.MKTP.KD.ZG,1983,3.88104639980884
BGD,NY.GDP.MKTP.KD.ZG,1982,2.13432783577548
BGD,NY.GDP.MKTP.KD.ZG,1981,7.23394369489792
BGD,NY.GDP.MKTP.KD.ZG,1980,0.819141868916631
BGD,NY.GDP.MKTP.KD.ZG,1979,4.80163460054837
BGD,NY.GDP.MKTP.KD.ZG,1978,7.07383773259727
BGD,NY.GDP.MKTP.KD.ZG,1977,2.67305605004213
BGD,NY.GDP.MKTP.KD.ZG,1976,5.66136120118878
BGD,NY.GDP.MKTP.KD.ZG,1975,-4.08821409181246
BGD,NY.GDP.MKTP.KD.ZG,1974,9.59195630039562
BGD,NY.GDP.MKTP.KD.ZG,1973,3.32568019881434
BGD,NY.GDP.MKTP.KD.ZG,1972,-13.9737287020561
BGD,NY.GDP.MKTP.KD.ZG,1971,-5.47948302722807
BGD,NY.GDP.MKTP.KD.ZG,1970,5.61985229282153
BGD,NY.GDP.MKTP.KD.ZG,1969,1.22085790908322
BGD,NY.GDP.MKTP.KD.ZG,1968,9.48945401549118
BGD,NY.GDP.MKTP.KD.ZG,1967,-1.8758639196746
BGD,NY.GDP.MKTP.KD.ZG,1966,2.56681200128088
BGD,NY.GDP.MKTP.KD.ZG,1965,1.60625822892978
BGD,NY.GDP.MKTP.KD.ZG,1964,10.9527885460584
BGD,NY.GDP.MKTP.KD.ZG,1963,-0.455894289969805
BGD,NY.GDP.MKTP.KD.ZG,1962,5.45303096987814
BGD,NY.GDP.MKTP.KD.ZG,1961,6.05816082547616
BGD,NY.GDP.MKTP.KD.ZG,1960,
BRB,NY.GDP.MKTP.KD.ZG,2025,
BRB,NY.GDP.MKTP.KD.ZG,2024,2.4822621396186
BRB,NY.GDP.MKTP.KD.ZG,2023,2.914357359625
BRB,NY.GDP.MKTP.KD.ZG,2022,17.2264626793379
BRB,NY.GDP.MKTP.KD.ZG,2021,-0.0967779613221893
BRB,NY.GDP.MKTP.KD.ZG,2020,-14.3647119341564
BRB,NY.GDP.MKTP.KD.ZG,2019,0.227712137486577
BRB,NY.GDP.MKTP.KD.ZG,2018,-1.2760241773002
BRB,NY.GDP.MKTP.KD.ZG,2017,0.708386729317951
BRB,NY.GDP.MKTP.KD.ZG,2016,1.49650622520576
BRB,NY.GDP.MKTP.KD.ZG,2015,-1.17048018967635
BRB,NY.GDP.MKTP.KD.ZG,2014,0.752615446604594
BRB,NY.GDP.MKTP.KD.ZG,2013,-1.771174940631
BRB,NY.GDP.MKTP.KD.ZG,2012,-3.41390821153806
BRB,NY.GDP.MKTP.KD.ZG,2011,-0.310320187825369
BRB,NY.GDP.MKTP.KD.ZG,2010,-2.21771085628247
BRB,NY.GDP.MKTP.KD.ZG,2009,-5.01727538250874
BRB,NY.GDP.MKTP.KD.ZG,2008,0.633460590858988
BRB,NY.GDP.MKTP.KD.ZG,2007,2.07918386258883
BRB,NY.GDP.MKTP.KD.ZG,2006,6.07054621673575
BRB,NY.GDP.MKTP.KD.ZG,2005,3.95545720757542
BRB,NY.GDP.MKTP.KD.ZG,2004,1.41159830663733
BRB,NY.GDP.MKTP.KD.ZG,2003,2.17548079415926
BRB,NY.GDP.MKTP.KD.ZG,2002,0.787402032457734
BRB,NY.GDP.MKTP.KD.ZG,2001,-2.36546466744424
BRB,NY.GDP.MKTP.KD.ZG,2000,4.44718962836241
BRB,NY.GDP.MKTP.KD.ZG,1999,0.334656057330719
BRB,NY.GDP.MKTP.KD.ZG,1998,3.72846430604467
BRB,NY.GDP.MKTP.KD.ZG,1997,4.74010332766122
BRB,NY.GDP.MKTP.KD.ZG,1996,3.97647637887928
BRB,NY.GDP.MKTP.KD.ZG,1995,2.01399817082077
BRB,NY.GDP.MKTP.KD.ZG,1994,2.01078255047564
BRB,NY.GDP.MKTP.KD.ZG,1993,0.793068252239465
BRB,NY.GDP.MKTP.KD.ZG,1992,-5.69252096794237
BRB,NY.GDP.MKTP.KD.ZG,1991,-3.89990691262406
BRB,NY.GDP.MKTP.KD.ZG,1990,-3.30759330759331
BRB,NY.GDP.MKTP.KD.ZG,1989,3.5999999999997
BRB,NY.GDP.MKTP.KD.ZG,1988,3.50538227987897
BRB,NY.GDP.MKTP.KD.ZG,1987,2.59096701118531
BRB,NY.GDP.MKTP.KD.ZG,1986,5.10416666666653
BRB,NY.GDP.MKTP.KD.ZG,1985,1.09823980743214
BRB,NY.GDP.MKTP.KD.ZG,1984,3.60037406483768
BRB,NY.GDP.MKTP.KD.ZG,1983,0.501253132832375
BRB,NY.GDP.MKTP.KD.ZG,1982,-4.90093847758146
BRB,NY.GDP.MKTP.KD.ZG,1981,-1.89975157094865
BRB,NY.GDP.MKTP.KD.ZG,1980,4.37306481224466
BRB,NY.GDP.MKTP.KD.ZG,1979,7.89300814347777
BRB,NY.GDP.MKTP.KD.ZG,1978,4.87693931117663
BRB,NY.GDP.MKTP.KD.ZG,1977,3.64220575797367
BRB,NY.GDP.MKTP.KD.ZG,1976,4.36021101015125
BRB,NY.GDP.MKTP.KD.ZG,1975,-1.90000000274694
BRB,NY.GDP.MKTP.KD.ZG,1974,-4.65084124049893
BRB,NY.GDP.MKTP.KD.ZG,1973,1.34070042405897
BRB,NY.GDP.MKTP.KD.ZG,1972,1.27380067229434
BRB,NY.GDP.MKTP.KD.ZG,1971,3.91272243933396
BRB,NY.GDP.MKTP.KD.ZG,1970,9.50940299137403
BRB,NY.GDP.MKTP.KD.ZG,1969,7.51840479457435
BRB,NY.GDP.MKTP.KD.ZG,1968,6.92182132881096
BRB,NY.GDP.MKTP.KD.ZG,1967,10.6361361469399
BRB,NY.GDP.MKTP.KD.ZG,1966,4.00337124242253
BRB,NY.GDP.MKTP.KD.ZG,1965,11.4348434925182
BRB,NY.GDP.MKTP.KD.ZG,1964,5.00487575497692
BRB,NY.GDP.MKTP.KD.ZG,1963,-5.07842107998037
BRB,NY.GDP.MKTP.KD.ZG,1962,9.06075860946092
BRB,NY.GDP.MKTP.KD.ZG,1961,7.69652980063537
BRB,NY.GDP.MKTP.KD.ZG,1960,
BLR,NY.GDP.MKTP.KD.ZG,2025,
BLR,NY.GDP.MKTP.KD.ZG,2024,4.00984852465452
BLR,NY.GDP.MKTP.KD.ZG,2023,4.12654007153881
BLR,NY.GDP.MKTP.KD.ZG,2022,-4.65839591328999
BLR,NY.GDP.MKTP.KD.ZG,2021,2.43886210234947
BLR,NY.GDP.MKTP.KD.ZG,2020,-0.672742918585868
BLR,NY.GDP.MKTP.KD.ZG,2019,1.44645548204305
BLR,NY.GDP.MKTP.KD.ZG,2018,3.14919758275296
BLR,NY.GDP.MKTP.KD.ZG,2017,2.53218349471909
BLR,NY.GDP.MKTP.KD.ZG,2016,-2.5264464460425
BLR,NY.GDP.MKTP.KD.ZG,2015,-3.82957056812593
BLR,NY.GDP.MKTP.KD.ZG,2014,1.65112470228097
BLR,NY.GDP.MKTP.KD.ZG,2013,0.998719299661161
BLR,NY.GDP.MKTP.KD.ZG,2012,1.70785253368828
BLR,NY.GDP.MKTP.KD.ZG,2011,5.54997471638077
BLR,NY.GDP.MKTP.KD.ZG,2010,7.75001707500896
BLR,NY.GDP.MKTP.KD.ZG,2009,0.199995231733979
BLR,NY.GDP.MKTP.KD.ZG,2008,10.1999994860937
BLR,NY.GDP.MKTP.KD.ZG,2007,8.60000659811426
BLR,NY.GDP.MKTP.KD.ZG,2006,9.99999473022963
BLR,NY.GDP.MKTP.KD.ZG,2005,9.40000151584914
BLR,NY.GDP.MKTP.KD.ZG,2004,11.4497432088167
BLR,NY.GDP.MKTP.KD.ZG,2003,7.04319246586394
BLR,NY.GDP.MKTP.KD.ZG,2002,5.04526758311702
BLR,NY.GDP.MKTP.KD.ZG,2001,4.72530605111095
BLR,NY.GDP.MKTP.KD.ZG,2000,5.80000327485702
BLR,NY.GDP.MKTP.KD.ZG,1999,3.3999992040046
BLR,NY.GDP.MKTP.KD.ZG,1998,8.3999913697987
BLR,NY.GDP.MKTP.KD.ZG,1997,11.4000054007553
BLR,NY.GDP.MKTP.KD.ZG,1996,2.80000456599095
BLR,NY.GDP.MKTP.KD.ZG,1995,-10.4000003781854
BLR,NY.GDP.MKTP.KD.ZG,1994,-11.7000038612152
BLR,NY.GDP.MKTP.KD.ZG,1993,-7.60000201957324
BLR,NY.GDP.MKTP.KD.ZG,1992,-9.60000108728426
BLR,NY.GDP.MKTP.KD.ZG,1991,-1.1999957451749
BLR,NY.GDP.MKTP.KD.ZG,1990,
BLR,NY.GDP.MKTP.KD.ZG,1989,
BLR,NY.GDP.MKTP.KD.ZG,1988,
BLR,NY.GDP.MKTP.KD.ZG,1987,
BLR,NY.GDP.MKTP.KD.ZG,1986,
BLR,NY.GDP.MKTP.KD.ZG,1985,
BLR,NY.GDP.MKTP.KD.ZG,1984,
BLR,NY.GDP.MKTP.KD.ZG,1983,
BLR,NY.GDP.MKTP.KD.ZG,1982,
BLR,NY.GDP.MKTP.KD.ZG,1981,
BLR,NY.GDP.MKTP.KD.ZG,1980,
BLR,NY.GDP.MKTP.KD.ZG,1979,
BLR,NY.GDP.MKTP.KD.ZG,1978,
BLR,NY.GDP.MKTP.KD.ZG,1977,
BLR,NY.GDP.MKTP.KD.ZG,1976,
BLR,NY.GDP.MKTP.KD.ZG,1975,
BLR,NY.GDP.MKTP.KD.ZG,1974,
BLR,NY.GDP.MKTP.KD.ZG,1973,
BLR,NY.GDP.MKTP.KD.ZG,1972,
BLR,NY.GDP.MKTP.KD.ZG,1971,
BLR,NY.GDP.MKTP.KD.ZG,1970,
BLR,NY.GDP.MKTP.KD.ZG,1969,
BLR,NY.GDP.MKTP.KD.ZG,1968,
BLR,NY.GDP.MKTP.KD.ZG,1967,
BLR,NY.GDP.MKTP.KD.ZG,1966,
BLR,NY.GDP.MKTP.KD.ZG,1965,
BLR,NY.GDP.MKTP.KD.ZG,1964,
BLR,NY.GDP.MKTP.KD.ZG,1963,
BLR,NY.GDP.MKTP.KD.ZG,1962,
BLR,NY.GDP.MKTP.KD.ZG,1961,
BLR,NY.GDP.MKTP.KD.ZG,1960,
BEL,NY.GDP.MKTP.KD.ZG,2025,
BEL,NY.GDP.MKTP.KD.ZG,2024,1.07045413019414
BEL,NY.GDP.MKTP.KD.ZG,2023,1.71412195515242
BEL,NY.GDP.MKTP.KD.ZG,2022,3.9562379757933
BEL,NY.GDP.MKTP.KD.ZG,2021,6.25445686466593
BEL,NY.GDP.MKTP.KD.ZG,2020,-4.7929839083518
BEL,NY.GDP.MKTP.KD.ZG,2019,2.4428900448156
BEL,NY.GDP.MKTP.KD.ZG,2018,1.87796847383565
BEL,NY.GDP.MKTP.KD.ZG,2017,1.47446761556785
BEL,NY.GDP.MKTP.KD.ZG,2016,1.19350273007754
BEL,NY.GDP.MKTP.KD.ZG,2015,1.47416433731927
BEL,NY.GDP.MKTP.KD.ZG,2014,1.76554038149924
BEL,NY.GDP.MKTP.KD.ZG,2013,0.305494549070232
BEL,NY.GDP.MKTP.KD.ZG,2012,0.215803612089744
BEL,NY.GDP.MKTP.KD.ZG,2011,1.93115502411325
BEL,NY.GDP.MKTP.KD.ZG,2010,2.71031150254662
BEL,NY.GDP.MKTP.KD.ZG,2009,-1.90644105515335
BEL,NY.GDP.MKTP.KD.ZG,2008,0.446905130727231
BEL,NY.GDP.MKTP.KD.ZG,2007,3.67692462515802
BEL,NY.GDP.MKTP.KD.ZG,2006,2.55234087322462
BEL,NY.GDP.MKTP.KD.ZG,2005,2.32173792911834
BEL,NY.GDP.MKTP.KD.ZG,2004,3.57120671942319
BEL,NY.GDP.MKTP.KD.ZG,2003,1.03795518162204
BEL,NY.GDP.MKTP.KD.ZG,2002,1.70689430349601
BEL,NY.GDP.MKTP.KD.ZG,2001,1.09960362419645
BEL,NY.GDP.MKTP.KD.ZG,2000,3.71670510672588
BEL,NY.GDP.MKTP.KD.ZG,1999,3.54271798823922
BEL,NY.GDP.MKTP.KD.ZG,1998,1.96183240455609
BEL,NY.GDP.MKTP.KD.ZG,1997,3.79367165541437
BEL,NY.GDP.MKTP.KD.ZG,1996,1.32143214432601
BEL,NY.GDP.MKTP.KD.ZG,1995,2.38475724870135
BEL,NY.GDP.MKTP.KD.ZG,1994,3.22697145426247
BEL,NY.GDP.MKTP.KD.ZG,1993,-0.961873076923027
BEL,NY.GDP.MKTP.KD.ZG,1992,1.53065475142162
BEL,NY.GDP.MKTP.KD.ZG,1991,1.83307441343001
BEL,NY.GDP.MKTP.KD.ZG,1990,3.13740221731629
BEL,NY.GDP.MKTP.KD.ZG,1989,3.46916697570174
BEL,NY.GDP.MKTP.KD.ZG,1988,4.72320872854138
BEL,NY.GDP.MKTP.KD.ZG,1987,2.30665968936027
BEL,NY.GDP.MKTP.KD.ZG,1986,1.82276203316596
BEL,NY.GDP.MKTP.KD.ZG,1985,1.65179297063331
BEL,NY.GDP.MKTP.KD.ZG,1984,2.46638245146747
BEL,NY.GDP.MKTP.KD.ZG,1983,0.311843009473307
BEL,NY.GDP.MKTP.KD.ZG,1982,0.594986767578831
BEL,NY.GDP.MKTP.KD.ZG,1981,-0.279283585394069
BEL,NY.GDP.MKTP.KD.ZG,1980,4.44405389248001
BEL,NY.GDP.MKTP.KD.ZG,1979,2.34107304540791
BEL,NY.GDP.MKTP.KD.ZG,1978,2.84189681697329
BEL,NY.GDP.MKTP.KD.ZG,1977,0.626154572057786
BEL,NY.GDP.MKTP.KD.ZG,1976,5.65274606308233
BEL,NY.GDP.MKTP.KD.ZG,1975,-1.96594188277651
BEL,NY.GDP.MKTP.KD.ZG,1974,4.56525850850306
BEL,NY.GDP.MKTP.KD.ZG,1973,6.38170179993882
BEL,NY.GDP.MKTP.KD.ZG,1972,5.29560467072521
BEL,NY.GDP.MKTP.KD.ZG,1971,3.98582719666759
BEL,NY.GDP.MKTP.KD.ZG,1970,6.35267211404256
BEL,NY.GDP.MKTP.KD.ZG,1969,6.62979979529493
BEL,NY.GDP.MKTP.KD.ZG,1968,4.19412962494732
BEL,NY.GDP.MKTP.KD.ZG,1967,3.86814694690048
BEL,NY.GDP.MKTP.KD.ZG,1966,3.15589498173456
BEL,NY.GDP.MKTP.KD.ZG,1965,3.56065983986007
BEL,NY.GDP.MKTP.KD.ZG,1964,6.95668473344091
BEL,NY.GDP.MKTP.KD.ZG,1963,4.3515842816704
BEL,NY.GDP.MKTP.KD.ZG,1962,5.21200350925544
BEL,NY.GDP.MKTP.KD.ZG,1961,4.97842306319178
BEL,NY.GDP.MKTP.KD.ZG,1960,
BLZ,NY.GDP.MKTP.KD.ZG,2025,
BLZ,NY.GDP.MKTP.KD.ZG,2024,3.50466435023895
BLZ,NY.GDP.MKTP.KD.ZG,2023,0.500127941638667
BLZ,NY.GDP.MKTP.KD.ZG,2022,9.25051329530994
BLZ,NY.GDP.MKTP.KD.ZG,2021,17.9899244143607
BLZ,NY.GDP.MKTP.KD.ZG,2020,-13.5228997055506
BLZ,NY.GDP.MKTP.KD.ZG,2019,4.25658710030072
BLZ,NY.GDP.MKTP.KD.ZG,2018,0.822068592512508
BLZ,NY.GDP.MKTP.KD.ZG,2017,-1.83323729057784
BLZ,NY.GDP.MKTP.KD.ZG,2016,-0.0187414958130319
BLZ,NY.GDP.MKTP.KD.ZG,2015,2.7602602736023
BLZ,NY.GDP.MKTP.KD.ZG,2014,3.89226067249989
BLZ,NY.GDP.MKTP.KD.ZG,2013,4.06646561608865
BLZ,NY.GDP.MKTP.KD.ZG,2012,3.94389321816617
BLZ,NY.GDP.MKTP.KD.ZG,2011,-0.13007112300869
BLZ,NY.GDP.MKTP.KD.ZG,2010,1.41741099233461
BLZ,NY.GDP.MKTP.KD.ZG,2009,-0.446709636828217
BLZ,NY.GDP.MKTP.KD.ZG,2008,-1.62747776449082
BLZ,NY.GDP.MKTP.KD.ZG,2007,3.33939738340764
BLZ,NY.GDP.MKTP.KD.ZG,2006,4.51145460193301
BLZ,NY.GDP.MKTP.KD.ZG,2005,2.2191905367057
BLZ,NY.GDP.MKTP.KD.ZG,2004,4.78066505273344
BLZ,NY.GDP.MKTP.KD.ZG,2003,9.66522679614125
BLZ,NY.GDP.MKTP.KD.ZG,2002,5.39907320663811
BLZ,NY.GDP.MKTP.KD.ZG,2001,4.99356206143864
BLZ,NY.GDP.MKTP.KD.ZG,2000,12.2406120663359
BLZ,NY.GDP.MKTP.KD.ZG,1999,9.42319471476534
BLZ,NY.GDP.MKTP.KD.ZG,1998,3.89301999542513
BLZ,NY.GDP.MKTP.KD.ZG,1997,4.2346158780441
BLZ,NY.GDP.MKTP.KD.ZG,1996,1.10530578663676
BLZ,NY.GDP.MKTP.KD.ZG,1995,0.731558011871286
BLZ,NY.GDP.MKTP.KD.ZG,1994,-0.0199863391166843
BLZ,NY.GDP.MKTP.KD.ZG,1993,6.13788542592131
BLZ,NY.GDP.MKTP.KD.ZG,1992,12.7362233602929
BLZ,NY.GDP.MKTP.KD.ZG,1991,11.7787032699319
BLZ,NY.GDP.MKTP.KD.ZG,1990,11.3429425965195
BLZ,NY.GDP.MKTP.KD.ZG,1989,13.0108423686405
BLZ,NY.GDP.MKTP.KD.ZG,1988,9.78848090834173
BLZ,NY.GDP.MKTP.KD.ZG,1987,10.7269593429991
BLZ,NY.GDP.MKTP.KD.ZG,1986,4.54738181047276
BLZ,NY.GDP.MKTP.KD.ZG,1985,1.00642398286939
BLZ,NY.GDP.MKTP.KD.ZG,1984,1.97619827492083
BLZ,NY.GDP.MKTP.KD.ZG,1983,-2.1474358974359
BLZ,NY.GDP.MKTP.KD.ZG,1982,-0.106723585912476
BLZ,NY.GDP.MKTP.KD.ZG,1981,1.1332973556395
BLZ,NY.GDP.MKTP.KD.ZG,1980,12.1087499161075
BLZ,NY.GDP.MKTP.KD.ZG,1979,7.51702144443351
BLZ,NY.GDP.MKTP.KD.ZG,1978,7.92080717322925
BLZ,NY.GDP.MKTP.KD.ZG,1977,6.49659440643893
BLZ,NY.GDP.MKTP.KD.ZG,1976,-0.034020934426735
BLZ,NY.GDP.MKTP.KD.ZG,1975,3.59282437676988
BLZ,NY.GDP.MKTP.KD.ZG,1974,13.5599852156644
BLZ,NY.GDP.MKTP.KD.ZG,1973,5.35189410587191
BLZ,NY.GDP.MKTP.KD.ZG,1972,10.2183037621063
BLZ,NY.GDP.MKTP.KD.ZG,1971,3.95944112009168
BLZ,NY.GDP.MKTP.KD.ZG,1970,4.80769339437559
BLZ,NY.GDP.MKTP.KD.ZG,1969,5.1063747050941
BLZ,NY.GDP.MKTP.KD.ZG,1968,7.36722545020247
BLZ,NY.GDP.MKTP.KD.ZG,1967,4.91312320896799
BLZ,NY.GDP.MKTP.KD.ZG,1966,4.77084518419552
BLZ,NY.GDP.MKTP.KD.ZG,1965,4.93054100754495
BLZ,NY.GDP.MKTP.KD.ZG,1964,4.99987981197741
BLZ,NY.GDP.MKTP.KD.ZG,1963,4.95643417667813
BLZ,NY.GDP.MKTP.KD.ZG,1962,4.89265226468763
BLZ,NY.GDP.MKTP.KD.ZG,1961,4.89227701008051
BLZ,NY.GDP.MKTP.KD.ZG,1960,
BEN,NY.GDP.MKTP.KD.ZG,2025,
BEN,NY.GDP.MKTP.KD.ZG,2024,7.45311566226201
BEN,NY.GDP.MKTP.KD.ZG,2023,6.3527773854442
BEN,NY.GDP.MKTP.KD.ZG,2022,6.25294705373625
BEN,NY.GDP.MKTP.KD.ZG,2021,7.1554516457574
BEN,NY.GDP.MKTP.KD.ZG,2020,3.84879240030133
BEN,NY.GDP.MKTP.KD.ZG,2019,6.86568662848335
BEN,NY.GDP.MKTP.KD.ZG,2018,6.69725362180888
BEN,NY.GDP.MKTP.KD.ZG,2017,5.67156195150444
BEN,NY.GDP.MKTP.KD.ZG,2016,3.33967342629693
BEN,NY.GDP.MKTP.KD.ZG,2015,1.77815106030278
BEN,NY.GDP.MKTP.KD.ZG,2014,6.35767909791932
BEN,NY.GDP.MKTP.KD.ZG,2013,7.19143372144946
BEN,NY.GDP.MKTP.KD.ZG,2012,4.811223315688
BEN,NY.GDP.MKTP.KD.ZG,2011,2.96375291904201
BEN,NY.GDP.MKTP.KD.ZG,2010,2.11406472648392
BEN,NY.GDP.MKTP.KD.ZG,2009,2.31929213912838
BEN,NY.GDP.MKTP.KD.ZG,2008,4.89657708429647
BEN,NY.GDP.MKTP.KD.ZG,2007,5.98634932177609
BEN,NY.GDP.MKTP.KD.ZG,2006,3.94373882815798
BEN,NY.GDP.MKTP.KD.ZG,2005,1.71316456361184
BEN,NY.GDP.MKTP.KD.ZG,2004,4.42968455385082
BEN,NY.GDP.MKTP.KD.ZG,2003,3.44357677591658
BEN,NY.GDP.MKTP.KD.ZG,2002,4.64303087074482
BEN,NY.GDP.MKTP.KD.ZG,2001,5.33313570603937
BEN,NY.GDP.MKTP.KD.ZG,2000,5.85771420543269
BEN,NY.GDP.MKTP.KD.ZG,1999,5.34144937204417
BEN,NY.GDP.MKTP.KD.ZG,1998,3.96101213832645
BEN,NY.GDP.MKTP.KD.ZG,1997,5.73468837521307
BEN,NY.GDP.MKTP.KD.ZG,1996,4.32428403131786
BEN,NY.GDP.MKTP.KD.ZG,1995,6.04519865041564
BEN,NY.GDP.MKTP.KD.ZG,1994,2.02040044761662
BEN,NY.GDP.MKTP.KD.ZG,1993,5.83617208501383
BEN,NY.GDP.MKTP.KD.ZG,1992,2.95771082720395
BEN,NY.GDP.MKTP.KD.ZG,1991,4.22579942071668
BEN,NY.GDP.MKTP.KD.ZG,1990,8.9761343599898
BEN,NY.GDP.MKTP.KD.ZG,1989,-2.85416049622336
BEN,NY.GDP.MKTP.KD.ZG,1988,3.40524529583226
BEN,NY.GDP.MKTP.KD.ZG,1987,-1.50000295231442
BEN,NY.GDP.MKTP.KD.ZG,1986,2.17114159792595
BEN,NY.GDP.MKTP.KD.ZG,1985,7.53032483806271
BEN,NY.GDP.MKTP.KD.ZG,1984,7.92983956551727
BEN,NY.GDP.MKTP.KD.ZG,1983,-4.34782273516674
BEN,NY.GDP.MKTP.KD.ZG,1982,2.23506634402393
BEN,NY.GDP.MKTP.KD.ZG,1981,9.95423116708119
BEN,NY.GDP.MKTP.KD.ZG,1980,6.78176386785228
BEN,NY.GDP.MKTP.KD.ZG,1979,6.53574741502341
BEN,NY.GDP.MKTP.KD.ZG,1978,1.25507802775073
BEN,NY.GDP.MKTP.KD.ZG,1977,4.98366372995041
BEN,NY.GDP.MKTP.KD.ZG,1976,0.884356332845641
BEN,NY.GDP.MKTP.KD.ZG,1975,-4.89534544658655
BEN,NY.GDP.MKTP.KD.ZG,1974,3.33931215742955
BEN,NY.GDP.MKTP.KD.ZG,1973,3.70616531907105
BEN,NY.GDP.MKTP.KD.ZG,1972,6.4263675448305
BEN,NY.GDP.MKTP.KD.ZG,1971,-1.4968418264467
BEN,NY.GDP.MKTP.KD.ZG,1970,2.09775758051059
BEN,NY.GDP.MKTP.KD.ZG,1969,2.87749797403703
BEN,NY.GDP.MKTP.KD.ZG,1968,3.84233563459493
BEN,NY.GDP.MKTP.KD.ZG,1967,1.07839866664565
BEN,NY.GDP.MKTP.KD.ZG,1966,3.57586273248711
BEN,NY.GDP.MKTP.KD.ZG,1965,5.29386282871174
BEN,NY.GDP.MKTP.KD.ZG,1964,6.65075912824808
BEN,NY.GDP.MKTP.KD.ZG,1963,4.7300279709188
BEN,NY.GDP.MKTP.KD.ZG,1962,-3.42640982098587
BEN,NY.GDP.MKTP.KD.ZG,1961,3.14128045641213
BEN,NY.GDP.MKTP.KD.ZG,1960,
BMU,NY.GDP.MKTP.KD.ZG,2025,
BMU,NY.GDP.MKTP.KD.ZG,2024,5.97253260071749
BMU,NY.GDP.MKTP.KD.ZG,2023,4.91721557264164
BMU,NY.GDP.MKTP.KD.ZG,2022,6.47622571186707
BMU,NY.GDP.MKTP.KD.ZG,2021,4.60742917109469
BMU,NY.GDP.MKTP.KD.ZG,2020,-6.82757303480177
BMU,NY.GDP.MKTP.KD.ZG,2019,0.307106461240664
BMU,NY.GDP.MKTP.KD.ZG,2018,-0.432801300339307
BMU,NY.GDP.MKTP.KD.ZG,2017,3.61141983706115
BMU,NY.GDP.MKTP.KD.ZG,2016,-0.657206304259205
BMU,NY.GDP.MKTP.KD.ZG,2015,0.775529699568978
BMU,NY.GDP.MKTP.KD.ZG,2014,-3.70106759364258
BMU,NY.GDP.MKTP.KD.ZG,2013,-0.279708545423034
BMU,NY.GDP.MKTP.KD.ZG,2012,-5.30529910675297
BMU,NY.GDP.MKTP.KD.ZG,2011,-3.74274431740703
BMU,NY.GDP.MKTP.KD.ZG,2010,-2.50287828947368
BMU,NY.GDP.MKTP.KD.ZG,2009,-5.6266977105161
BMU,NY.GDP.MKTP.KD.ZG,2008,-1.86595582635186
BMU,NY.GDP.MKTP.KD.ZG,2007,3.34513970877607
BMU,NY.GDP.MKTP.KD.ZG,2006,5.5438663804406
BMU,NY.GDP.MKTP.KD.ZG,2005,1.67420611410508
BMU,NY.GDP.MKTP.KD.ZG,2004,2.32126722323136
BMU,NY.GDP.MKTP.KD.ZG,2003,3.41070667687531
BMU,NY.GDP.MKTP.KD.ZG,2002,-1.47779059768867
BMU,NY.GDP.MKTP.KD.ZG,2001,7.22243553752608
BMU,NY.GDP.MKTP.KD.ZG,2000,9.31715641086083
BMU,NY.GDP.MKTP.KD.ZG,1999,3.38264701972184
BMU,NY.GDP.MKTP.KD.ZG,1998,3.90000009423035
BMU,NY.GDP.MKTP.KD.ZG,1997,4.60000084263363
BMU,NY.GDP.MKTP.KD.ZG,1996,2.60047542898441
BMU,NY.GDP.MKTP.KD.ZG,1995,4.39914832996426
BMU,NY.GDP.MKTP.KD.ZG,1994,0.599613366698804
BMU,NY.GDP.MKTP.KD.ZG,1993,3.00856712357907
BMU,NY.GDP.MKTP.KD.ZG,1992,-0.0597382143839553
BMU,NY.GDP.MKTP.KD.ZG,1991,-3.53438209429358
BMU,NY.GDP.MKTP.KD.ZG,1990,0.0192122847020073
BMU,NY.GDP.MKTP.KD.ZG,1989,0.443844087815307
BMU,NY.GDP.MKTP.KD.ZG,1988,4.05622489892114
BMU,NY.GDP.MKTP.KD.ZG,1987,3.74999999635499
BMU,NY.GDP.MKTP.KD.ZG,1986,6.66666666826173
BMU,NY.GDP.MKTP.KD.ZG,1985,-2.00348432837988
BMU,NY.GDP.MKTP.KD.ZG,1984,0.481400440554651
BMU,NY.GDP.MKTP.KD.ZG,1983,2.00892858162112
BMU,NY.GDP.MKTP.KD.ZG,1982,-5.28541226360018
BMU,NY.GDP.MKTP.KD.ZG,1981,2.38095237207439
BMU,NY.GDP.MKTP.KD.ZG,1980,7.94392524610532
BMU,NY.GDP.MKTP.KD.ZG,1979,2.14797134529523
BMU,NY.GDP.MKTP.KD.ZG,1978,1.45278451972824
BMU,NY.GDP.MKTP.KD.ZG,1977,5.89743589354259
BMU,NY.GDP.MKTP.KD.ZG,1976,8.93854746251135
BMU,NY.GDP.MKTP.KD.ZG,1975,3.76811596817137
BMU,NY.GDP.MKTP.KD.ZG,1974,0.877192976380712
BMU,NY.GDP.MKTP.KD.ZG,1973,1.48367952560177
BMU,NY.GDP.MKTP.KD.ZG,1972,1.81268880897692
BMU,NY.GDP.MKTP.KD.ZG,1971,3.43750002134429
BMU,NY.GDP.MKTP.KD.ZG,1970,6.31229233824516
BMU,NY.GDP.MKTP.KD.ZG,1969,3.43642611734707
BMU,NY.GDP.MKTP.KD.ZG,1968,2.10526314278347
BMU,NY.GDP.MKTP.KD.ZG,1967,13.2750397766514
BMU,NY.GDP.MKTP.KD.ZG,1966,14.3636363323149
BMU,NY.GDP.MKTP.KD.ZG,1965,4.76000001552437
BMU,NY.GDP.MKTP.KD.ZG,1964,11.1099999875701
BMU,NY.GDP.MKTP.KD.ZG,1963,1.06999999436341
BMU,NY.GDP.MKTP.KD.ZG,1962,4.47000004808878
BMU,NY.GDP.MKTP.KD.ZG,1961,4.67999996713304
BMU,NY.GDP.MKTP.KD.ZG,1960,
BTN,NY.GDP.MKTP.KD.ZG,2025,
BTN,NY.GDP.MKTP.KD.ZG,2024,
BTN,NY.GDP.MKTP.KD.ZG,2023,4.63215704523927
BTN,NY.GDP.MKTP.KD.ZG,2022,5.21386783786224
BTN,NY.GDP.MKTP.KD.ZG,2021,4.42136738945015
BTN,NY.GDP.MKTP.KD.ZG,2020,-10.2183974208569
BTN,NY.GDP.MKTP.KD.ZG,2019,5.75514851246506
BTN,NY.GDP.MKTP.KD.ZG,2018,3.50187185732737
BTN,NY.GDP.MKTP.KD.ZG,2017,2.08684522733067
BTN,NY.GDP.MKTP.KD.ZG,2016,8.47594339232963
BTN,NY.GDP.MKTP.KD.ZG,2015,6.66080128866197
BTN,NY.GDP.MKTP.KD.ZG,2014,5.88108550658288
BTN,NY.GDP.MKTP.KD.ZG,2013,1.73634039505693
BTN,NY.GDP.MKTP.KD.ZG,2012,5.16482012683895
BTN,NY.GDP.MKTP.KD.ZG,2011,8.4892584842808
BTN,NY.GDP.MKTP.KD.ZG,2010,11.9318738376229
BTN,NY.GDP.MKTP.KD.ZG,2009,7.66749238553135
BTN,NY.GDP.MKTP.KD.ZG,2008,4.52944877696235
BTN,NY.GDP.MKTP.KD.ZG,2007,16.1047836542012
BTN,NY.GDP.MKTP.KD.ZG,2006,5.6408051539139
BTN,NY.GDP.MKTP.KD.ZG,2005,6.93507146766659
BTN,NY.GDP.MKTP.KD.ZG,2004,5.15725736177561
BTN,NY.GDP.MKTP.KD.ZG,2003,7.78656040877364
BTN,NY.GDP.MKTP.KD.ZG,2002,10.4437797168913
BTN,NY.GDP.MKTP.KD.ZG,2001,7.32837435673082
BTN,NY.GDP.MKTP.KD.ZG,2000,3.35506838174288
BTN,NY.GDP.MKTP.KD.ZG,1999,7.98397179406629
BTN,NY.GDP.MKTP.KD.ZG,1998,5.91403093576604
BTN,NY.GDP.MKTP.KD.ZG,1997,5.37383854585261
BTN,NY.GDP.MKTP.KD.ZG,1996,5.56517288179062
BTN,NY.GDP.MKTP.KD.ZG,1995,7.07411745757784
BTN,NY.GDP.MKTP.KD.ZG,1994,4.95150372472288
BTN,NY.GDP.MKTP.KD.ZG,1993,1.98636656014881
BTN,NY.GDP.MKTP.KD.ZG,1992,4.60089124887257
BTN,NY.GDP.MKTP.KD.ZG,1991,-0.407875722553669
BTN,NY.GDP.MKTP.KD.ZG,1990,10.3831179126517
BTN,NY.GDP.MKTP.KD.ZG,1989,7.35556731915111
BTN,NY.GDP.MKTP.KD.ZG,1988,4.76737301961812
BTN,NY.GDP.MKTP.KD.ZG,1987,29.054323847546
BTN,NY.GDP.MKTP.KD.ZG,1986,11.3921975985388
BTN,NY.GDP.MKTP.KD.ZG,1985,4.0285329991183
BTN,NY.GDP.MKTP.KD.ZG,1984,4.5566589925275
BTN,NY.GDP.MKTP.KD.ZG,1983,10.4310159400869
BTN,NY.GDP.MKTP.KD.ZG,1982,3.43977385194837
BTN,NY.GDP.MKTP.KD.ZG,1981,15.1222948427757
BTN,NY.GDP.MKTP.KD.ZG,1980,5.0087361630323
BTN,NY.GDP.MKTP.KD.ZG,1979,4.79096734776185
BTN,NY.GDP.MKTP.KD.ZG,1978,7.12651195843857
BTN,NY.GDP.MKTP.KD.ZG,1977,7.90123454990548
BTN,NY.GDP.MKTP.KD.ZG,1976,8.95465028355598
BTN,NY.GDP.MKTP.KD.ZG,1975,-3.30732069832554
BTN,NY.GDP.MKTP.KD.ZG,1974,5.15826493134593
BTN,NY.GDP.MKTP.KD.ZG,1973,1.46708963632713
BTN,NY.GDP.MKTP.KD.ZG,1972,1.16325709813225
BTN,NY.GDP.MKTP.KD.ZG,1971,2.67710048691288
BTN,NY.GDP.MKTP.KD.ZG,1970,
BTN,NY.GDP.MKTP.KD.ZG,1969,
BTN,NY.GDP.MKTP.KD.ZG,1968,
BTN,NY.GDP.MKTP.KD.ZG,1967,
BTN,NY.GDP.MKTP.KD.ZG,1966,
BTN,NY.GDP.MKTP.KD.ZG,1965,
BTN,NY.GDP.MKTP.KD.ZG,1964,
BTN,NY.GDP.MKTP.KD.ZG,1963,
BTN,NY.GDP.MKTP.KD.ZG,1962,
BTN,NY.GDP.MKTP.KD.ZG,1961,
BTN,NY.GDP.MKTP.KD.ZG,1960,
BOL,NY.GDP.MKTP.KD.ZG,2025,
BOL,NY.GDP.MKTP.KD.ZG,2024,-1.12335595517212
BOL,NY.GDP.MKTP.KD.ZG,2023,2.51636590154891
BOL,NY.GDP.MKTP.KD.ZG,2022,3.74741781241461
BOL,NY.GDP.MKTP.KD.ZG,2021,10.0290488827886
BOL,NY.GDP.MKTP.KD.ZG,2020,-12.7194690092717
BOL,NY.GDP.MKTP.KD.ZG,2019,1.50672102666863
BOL,NY.GDP.MKTP.KD.ZG,2018,2.86808404814794
BOL,NY.GDP.MKTP.KD.ZG,2017,4.19520633360403
BOL,NY.GDP.MKTP.KD.ZG,2016,4.26392086382097
BOL,NY.GDP.MKTP.KD.ZG,2015,4.8571871797142
BOL,NY.GDP.MKTP.KD.ZG,2014,5.46056950635116
BOL,NY.GDP.MKTP.KD.ZG,2013,6.79601142810857
BOL,NY.GDP.MKTP.KD.ZG,2012,5.12227558091767
BOL,NY.GDP.MKTP.KD.ZG,2011,5.20409244308591
BOL,NY.GDP.MKTP.KD.ZG,2010,4.12672259105658
BOL,NY.GDP.MKTP.KD.ZG,2009,3.35699957430558
BOL,NY.GDP.MKTP.KD.ZG,2008,6.14849787462195
BOL,NY.GDP.MKTP.KD.ZG,2007,4.56438426887904
BOL,NY.GDP.MKTP.KD.ZG,2006,4.79700882356046
BOL,NY.GDP.MKTP.KD.ZG,2005,4.42143312687995
BOL,NY.GDP.MKTP.KD.ZG,2004,4.17329558916195
BOL,NY.GDP.MKTP.KD.ZG,2003,2.7113398370071
BOL,NY.GDP.MKTP.KD.ZG,2002,2.48556573783827
BOL,NY.GDP.MKTP.KD.ZG,2001,1.68379912721821
BOL,NY.GDP.MKTP.KD.ZG,2000,2.50781080899505
BOL,NY.GDP.MKTP.KD.ZG,1999,0.426885422588768
BOL,NY.GDP.MKTP.KD.ZG,1998,5.02935475543048
BOL,NY.GDP.MKTP.KD.ZG,1997,4.95420874299724
BOL,NY.GDP.MKTP.KD.ZG,1996,4.36134195244541
BOL,NY.GDP.MKTP.KD.ZG,1995,4.67827659710034
BOL,NY.GDP.MKTP.KD.ZG,1994,4.6672651026673
BOL,NY.GDP.MKTP.KD.ZG,1993,4.26929611661518
BOL,NY.GDP.MKTP.KD.ZG,1992,1.64649818317035
BOL,NY.GDP.MKTP.KD.ZG,1991,5.26652666784713
BOL,NY.GDP.MKTP.KD.ZG,1990,4.63578742813344
BOL,NY.GDP.MKTP.KD.ZG,1989,3.79013096203738
BOL,NY.GDP.MKTP.KD.ZG,1988,2.90949796034215
BOL,NY.GDP.MKTP.KD.ZG,1987,2.46348461969905
BOL,NY.GDP.MKTP.KD.ZG,1986,-2.57388420056624
BOL,NY.GDP.MKTP.KD.ZG,1985,-1.67638978272157
BOL,NY.GDP.MKTP.KD.ZG,1984,-0.200665696939325
BOL,NY.GDP.MKTP.KD.ZG,1983,-4.04212140271022
BOL,NY.GDP.MKTP.KD.ZG,1982,-3.93873792499589
BOL,NY.GDP.MKTP.KD.ZG,1981,0.275616372775957
BOL,NY.GDP.MKTP.KD.ZG,1980,-1.37177291052787
BOL,NY.GDP.MKTP.KD.ZG,1979,0.133344047803448
BOL,NY.GDP.MKTP.KD.ZG,1978,2.05269456633248
BOL,NY.GDP.MKTP.KD.ZG,1977,4.97121565700287
BOL,NY.GDP.MKTP.KD.ZG,1976,4.6145674859863
BOL,NY.GDP.MKTP.KD.ZG,1975,7.31101773140004
BOL,NY.GDP.MKTP.KD.ZG,1974,2.93956780827851
BOL,NY.GDP.MKTP.KD.ZG,1973,5.73916152572539
BOL,NY.GDP.MKTP.KD.ZG,1972,7.967485209709
BOL,NY.GDP.MKTP.KD.ZG,1971,5.06333643861974
BOL,NY.GDP.MKTP.KD.ZG,1970,5.23102930423347
BOL,NY.GDP.MKTP.KD.ZG,1969,4.47409732886858
BOL,NY.GDP.MKTP.KD.ZG,1968,8.52944308831106
BOL,NY.GDP.MKTP.KD.ZG,1967,6.31721951733543
BOL,NY.GDP.MKTP.KD.ZG,1966,7.17058966306622
BOL,NY.GDP.MKTP.KD.ZG,1965,4.91344195525969
BOL,NY.GDP.MKTP.KD.ZG,1964,3.95659653084577
BOL,NY.GDP.MKTP.KD.ZG,1963,6.79762576905422
BOL,NY.GDP.MKTP.KD.ZG,1962,5.57891786210311
BOL,NY.GDP.MKTP.KD.ZG,1961,2.08929594236771
BOL,NY.GDP.MKTP.KD.ZG,1960,
BIH,NY.GDP.MKTP.KD.ZG,2025,
BIH,NY.GDP.MKTP.KD.ZG,2024,2.9715174617652
BIH,NY.GDP.MKTP.KD.ZG,2023,1.99439414850893
BIH,NY.GDP.MKTP.KD.ZG,2022,4.22681333390325
BIH,NY.GDP.MKTP.KD.ZG,2021,7.39164256472846
BIH,NY.GDP.MKTP.KD.ZG,2020,-3.01509335460439
BIH,NY.GDP.MKTP.KD.ZG,2019,2.88585242083978
BIH,NY.GDP.MKTP.KD.ZG,2018,3.82900399349064
BIH,NY.GDP.MKTP.KD.ZG,2017,3.24409895306594
BIH,NY.GDP.MKTP.KD.ZG,2016,3.24225822231566
BIH,NY.GDP.MKTP.KD.ZG,2015,4.28413016137854
BIH,NY.GDP.MKTP.KD.ZG,2014,1.15384793371298
BIH,NY.GDP.MKTP.KD.ZG,2013,2.34985873172397
BIH,NY.GDP.MKTP.KD.ZG,2012,-0.821837252962993
BIH,NY.GDP.MKTP.KD.ZG,2011,0.959511709726897
BIH,NY.GDP.MKTP.KD.ZG,2010,0.865667236280544
BIH,NY.GDP.MKTP.KD.ZG,2009,-3.0044555389081
BIH,NY.GDP.MKTP.KD.ZG,2008,5.44184730165964
BIH,NY.GDP.MKTP.KD.ZG,2007,5.85911689412598
BIH,NY.GDP.MKTP.KD.ZG,2006,5.41400299607282
BIH,NY.GDP.MKTP.KD.ZG,2005,3.89718320544974
BIH,NY.GDP.MKTP.KD.ZG,2004,6.32526794858342
BIH,NY.GDP.MKTP.KD.ZG,2003,3.86713552011777
BIH,NY.GDP.MKTP.KD.ZG,2002,5.027444647203
BIH,NY.GDP.MKTP.KD.ZG,2001,2.42331317180992
BIH,NY.GDP.MKTP.KD.ZG,2000,5.41431594987505
BIH,NY.GDP.MKTP.KD.ZG,1999,9.52157018578967
BIH,NY.GDP.MKTP.KD.ZG,1998,16.6163744979847
BIH,NY.GDP.MKTP.KD.ZG,1997,36.641128467034
BIH,NY.GDP.MKTP.KD.ZG,1996,54.1993001671131
BIH,NY.GDP.MKTP.KD.ZG,1995,15.9683009584782
BIH,NY.GDP.MKTP.KD.ZG,1994,11.1319654858782
BIH,NY.GDP.MKTP.KD.ZG,1993,-2.18134849048988
BIH,NY.GDP.MKTP.KD.ZG,1992,-6.43690771039316
BIH,NY.GDP.MKTP.KD.ZG,1991,-9.34802499921999
BIH,NY.GDP.MKTP.KD.ZG,1990,
BIH,NY.GDP.MKTP.KD.ZG,1989,
BIH,NY.GDP.MKTP.KD.ZG,1988,
BIH,NY.GDP.MKTP.KD.ZG,1987,
BIH,NY.GDP.MKTP.KD.ZG,1986,
BIH,NY.GDP.MKTP.KD.ZG,1985,
BIH,NY.GDP.MKTP.KD.ZG,1984,
BIH,NY.GDP.MKTP.KD.ZG,1983,
BIH,NY.GDP.MKTP.KD.ZG,1982,
BIH,NY.GDP.MKTP.KD.ZG,1981,
BIH,NY.GDP.MKTP.KD.ZG,1980,
BIH,NY.GDP.MKTP.KD.ZG,1979,
BIH,NY.GDP.MKTP.KD.ZG,1978,
BIH,NY.GDP.MKTP.KD.ZG,1977,
BIH,NY.GDP.MKTP.KD.ZG,1976,
BIH,NY.GDP.MKTP.KD.ZG,1975,
BIH,NY.GDP.MKTP.KD.ZG,1974,
BIH,NY.GDP.MKTP.KD.ZG,1973,
BIH,NY.GDP.MKTP.KD.ZG,1972,
BIH,NY.GDP.MKTP.KD.ZG,1971,
BIH,NY.GDP.MKTP.KD.ZG,1970,
BIH,NY.GDP.MKTP.KD.ZG,1969,
BIH,NY.GDP.MKTP.KD.ZG,1968,
BIH,NY.GDP.MKTP.KD.ZG,1967,
BIH,NY.GDP.MKTP.KD.ZG,1966,
BIH,NY.GDP.MKTP.KD.ZG,1965,
BIH,NY.GDP.MKTP.KD.ZG,1964,
BIH,NY.GDP.MKTP.KD.ZG,1963,
BIH,NY.GDP.MKTP.KD.ZG,1962,
BIH,NY.GDP.MKTP.KD.ZG,1961,
BIH,NY.GDP.MKTP.KD.ZG,1960,
BWA,NY.GDP.MKTP.KD.ZG,2025,
BWA,NY.GDP.MKTP.KD.ZG,2024,-2.98986879467928
BWA,NY.GDP.MKTP.KD.ZG,2023,3.20806812224438
BWA,NY.GDP.MKTP.KD.ZG,2022,5.48601706446772
BWA,NY.GDP.MKTP.KD.ZG,2021,11.9162724376008
BWA,NY.GDP.MKTP.KD.ZG,2020,-8.72888243996397
BWA,NY.GDP.MKTP.KD.ZG,2019,3.0317733945467
BWA,NY.GDP.MKTP.KD.ZG,2018,4.18869237159223
BWA,NY.GDP.MKTP.KD.ZG,2017,4.11437856445083
BWA,NY.GDP.MKTP.KD.ZG,2016,7.20442475914267
BWA,NY.GDP.MKTP.KD.ZG,2015,-4.85132507409779
BWA,NY.GDP.MKTP.KD.ZG,2014,5.69714422072884
BWA,NY.GDP.MKTP.KD.ZG,2013,11.1029068737822
BWA,NY.GDP.MKTP.KD.ZG,2012,-0.170857099335691
BWA,NY.GDP.MKTP.KD.ZG,2011,6.83841052493574
BWA,NY.GDP.MKTP.KD.ZG,2010,10.119723322694
BWA,NY.GDP.MKTP.KD.ZG,2009,-14.1442346163423
BWA,NY.GDP.MKTP.KD.ZG,2008,3.25207295796832
BWA,NY.GDP.MKTP.KD.ZG,2007,5.79255577727118
BWA,NY.GDP.MKTP.KD.ZG,2006,8.36387109282306
BWA,NY.GDP.MKTP.KD.ZG,2005,4.55664565323181
BWA,NY.GDP.MKTP.KD.ZG,2004,2.70582170611173
BWA,NY.GDP.MKTP.KD.ZG,2003,4.62589474959299
BWA,NY.GDP.MKTP.KD.ZG,2002,6.06953087648317
BWA,NY.GDP.MKTP.KD.ZG,2001,0.250573949689084
BWA,NY.GDP.MKTP.KD.ZG,2000,1.98769583378552
BWA,NY.GDP.MKTP.KD.ZG,1999,9.66724070276106
BWA,NY.GDP.MKTP.KD.ZG,1998,0.443663586075374
BWA,NY.GDP.MKTP.KD.ZG,1997,8.32589088396591
BWA,NY.GDP.MKTP.KD.ZG,1996,5.82980001379714
BWA,NY.GDP.MKTP.KD.ZG,1995,7.03041024834083
BWA,NY.GDP.MKTP.KD.ZG,1994,3.62791615172975
BWA,NY.GDP.MKTP.KD.ZG,1993,1.9161070518754
BWA,NY.GDP.MKTP.KD.ZG,1992,2.91707018751026
BWA,NY.GDP.MKTP.KD.ZG,1991,7.45870921940397
BWA,NY.GDP.MKTP.KD.ZG,1990,6.77282195004784
BWA,NY.GDP.MKTP.KD.ZG,1989,13.0594058858571
BWA,NY.GDP.MKTP.KD.ZG,1988,19.4499695097307
BWA,NY.GDP.MKTP.KD.ZG,1987,11.8819281370865
BWA,NY.GDP.MKTP.KD.ZG,1986,8.17292433112134
BWA,NY.GDP.MKTP.KD.ZG,1985,7.12527126873714
BWA,NY.GDP.MKTP.KD.ZG,1984,8.5453836397444
BWA,NY.GDP.MKTP.KD.ZG,1983,13.1467290489757
BWA,NY.GDP.MKTP.KD.ZG,1982,12.1655318563009
BWA,NY.GDP.MKTP.KD.ZG,1981,9.06485746523946
BWA,NY.GDP.MKTP.KD.ZG,1980,11.9869013821421
BWA,NY.GDP.MKTP.KD.ZG,1979,12.148588922855
BWA,NY.GDP.MKTP.KD.ZG,1978,14.3328015865318
BWA,NY.GDP.MKTP.KD.ZG,1977,12.0120400942666
BWA,NY.GDP.MKTP.KD.ZG,1976,10.647376709045
BWA,NY.GDP.MKTP.KD.ZG,1975,8.44625037668546
BWA,NY.GDP.MKTP.KD.ZG,1974,8.79779521286324
BWA,NY.GDP.MKTP.KD.ZG,1973,21.3031840989689
BWA,NY.GDP.MKTP.KD.ZG,1972,26.3619409491731
BWA,NY.GDP.MKTP.KD.ZG,1971,25.8211072044697
BWA,NY.GDP.MKTP.KD.ZG,1970,17.120267669479
BWA,NY.GDP.MKTP.KD.ZG,1969,15.1234047289021
BWA,NY.GDP.MKTP.KD.ZG,1968,10.5670565038251
BWA,NY.GDP.MKTP.KD.ZG,1967,5.92455993122056
BWA,NY.GDP.MKTP.KD.ZG,1966,6.34401910558493
BWA,NY.GDP.MKTP.KD.ZG,1965,5.81395506087105
BWA,NY.GDP.MKTP.KD.ZG,1964,6.83230092114646
BWA,NY.GDP.MKTP.KD.ZG,1963,5.92104509011995
BWA,NY.GDP.MKTP.KD.ZG,1962,6.66666783376763
BWA,NY.GDP.MKTP.KD.ZG,1961,6.34328369916236
BWA,NY.GDP.MKTP.KD.ZG,1960,
BRA,NY.GDP.MKTP.KD.ZG,2025,
BRA,NY.GDP.MKTP.KD.ZG,2024,3.41931516597739
BRA,NY.GDP.MKTP.KD.ZG,2023,3.24165532813583
BRA,NY.GDP.MKTP.KD.ZG,2022,3.01669435408112
BRA,NY.GDP.MKTP.KD.ZG,2021,4.7626043797061
BRA,NY.GDP.MKTP.KD.ZG,2020,-3.27675879612903
BRA,NY.GDP.MKTP.KD.ZG,2019,1.22077782271943
BRA,NY.GDP.MKTP.KD.ZG,2018,1.78366676137003
BRA,NY.GDP.MKTP.KD.ZG,2017,1.32286905390815
BRA,NY.GDP.MKTP.KD.ZG,2016,-3.2759169063211
BRA,NY.GDP.MKTP.KD.ZG,2015,-3.54576339347278
BRA,NY.GDP.MKTP.KD.ZG,2014,0.503955740273241
BRA,NY.GDP.MKTP.KD.ZG,2013,3.0048226702888
BRA,NY.GDP.MKTP.KD.ZG,2012,1.92117598509462
BRA,NY.GDP.MKTP.KD.ZG,2011,3.97442307944702
BRA,NY.GDP.MKTP.KD.ZG,2010,7.52822581812151
BRA,NY.GDP.MKTP.KD.ZG,2009,-0.12581200299141
BRA,NY.GDP.MKTP.KD.ZG,2008,5.09419544811998
BRA,NY.GDP.MKTP.KD.ZG,2007,6.06987060733128
BRA,NY.GDP.MKTP.KD.ZG,2006,3.96198870899485
BRA,NY.GDP.MKTP.KD.ZG,2005,3.20213206216255
BRA,NY.GDP.MKTP.KD.ZG,2004,5.75996463685998
BRA,NY.GDP.MKTP.KD.ZG,2003,1.14082899877101
BRA,NY.GDP.MKTP.KD.ZG,2002,3.05346185683619
BRA,NY.GDP.MKTP.KD.ZG,2001,1.3898964044581
BRA,NY.GDP.MKTP.KD.ZG,2000,4.38794944364869
BRA,NY.GDP.MKTP.KD.ZG,1999,0.467937566679467
BRA,NY.GDP.MKTP.KD.ZG,1998,0.338097901952338
BRA,NY.GDP.MKTP.KD.ZG,1997,3.39484598531597
BRA,NY.GDP.MKTP.KD.ZG,1996,2.20886405051482
BRA,NY.GDP.MKTP.KD.ZG,1995,4.2237936336472
BRA,NY.GDP.MKTP.KD.ZG,1994,5.8528703643893
BRA,NY.GDP.MKTP.KD.ZG,1993,4.92469000463774
BRA,NY.GDP.MKTP.KD.ZG,1992,-0.544072051030298
BRA,NY.GDP.MKTP.KD.ZG,1991,1.0321895854696
BRA,NY.GDP.MKTP.KD.ZG,1990,-4.35000000000022
BRA,NY.GDP.MKTP.KD.ZG,1989,3.16000000000032
BRA,NY.GDP.MKTP.KD.ZG,1988,-0.059999999999917
BRA,NY.GDP.MKTP.KD.ZG,1987,3.52999999999983
BRA,NY.GDP.MKTP.KD.ZG,1986,7.48999999999982
BRA,NY.GDP.MKTP.KD.ZG,1985,7.85000000000042
BRA,NY.GDP.MKTP.KD.ZG,1984,5.39999999999988
BRA,NY.GDP.MKTP.KD.ZG,1983,-2.92999999999996
BRA,NY.GDP.MKTP.KD.ZG,1982,0.829999999999529
BRA,NY.GDP.MKTP.KD.ZG,1981,-4.24999999999956
BRA,NY.GDP.MKTP.KD.ZG,1980,9.19999999999976
BRA,NY.GDP.MKTP.KD.ZG,1979,6.7595601220408
BRA,NY.GDP.MKTP.KD.ZG,1978,4.96989768924738
BRA,NY.GDP.MKTP.KD.ZG,1977,4.93432806978961
BRA,NY.GDP.MKTP.KD.ZG,1976,10.2571295347867
BRA,NY.GDP.MKTP.KD.ZG,1975,5.16664908406321
BRA,NY.GDP.MKTP.KD.ZG,1974,8.15393868457201
BRA,NY.GDP.MKTP.KD.ZG,1973,13.9687217796782
BRA,NY.GDP.MKTP.KD.ZG,1972,11.9403481162508
BRA,NY.GDP.MKTP.KD.ZG,1971,11.3429219931908
BRA,NY.GDP.MKTP.KD.ZG,1970,10.4
BRA,NY.GDP.MKTP.KD.ZG,1969,9.49999999999993
BRA,NY.GDP.MKTP.KD.ZG,1968,9.79999999999998
BRA,NY.GDP.MKTP.KD.ZG,1967,4.2
BRA,NY.GDP.MKTP.KD.ZG,1966,6.7000000000001
BRA,NY.GDP.MKTP.KD.ZG,1965,2.40000000000001
BRA,NY.GDP.MKTP.KD.ZG,1964,3.39999999999985
BRA,NY.GDP.MKTP.KD.ZG,1963,0.600000000000065
BRA,NY.GDP.MKTP.KD.ZG,1962,6.59999999999992
BRA,NY.GDP.MKTP.KD.ZG,1961,8.60000000000014
BRA,NY.GDP.MKTP.KD.ZG,1960,
VGB,NY.GDP.MKTP.KD.ZG,2025,
VGB,NY.GDP.MKTP.KD.ZG,2024,
VGB,NY.GDP.MKTP.KD.ZG,2023,
VGB,NY.GDP.MKTP.KD.ZG,2022,
VGB,NY.GDP.MKTP.KD.ZG,2021,
VGB,NY.GDP.MKTP.KD.ZG,2020,
VGB,NY.GDP.MKTP.KD.ZG,2019,
VGB,NY.GDP.MKTP.KD.ZG,2018,
VGB,NY.GDP.MKTP.KD.ZG,2017,
VGB,NY.GDP.MKTP.KD.ZG,2016,
VGB,NY.GDP.MKTP.KD.ZG,2015,
VGB,NY.GDP.MKTP.KD.ZG,2014,
VGB,NY.GDP.MKTP.KD.ZG,2013,
VGB,NY.GDP.MKTP.KD.ZG,2012,
VGB,NY.GDP.MKTP.KD.ZG,2011,
VGB,NY.GDP.MKTP.KD.ZG,2010,
VGB,NY.GDP.MKTP.KD.ZG,2009,
VGB,NY.GDP.MKTP.KD.ZG,2008,
VGB,NY.GDP.MKTP.KD.ZG,2007,
VGB,NY.GDP.MKTP.KD.ZG,2006,
VGB,NY.GDP.MKTP.KD.ZG,2005,
VGB,NY.GDP.MKTP.KD.ZG,2004,
VGB,NY.GDP.MKTP.KD.ZG,2003,
VGB,NY.GDP.MKTP.KD.ZG,2002,
VGB,NY.GDP.MKTP.KD.ZG,2001,
VGB,NY.GDP.MKTP.KD.ZG,2000,
VGB,NY.GDP.MKTP.KD.ZG,1999,
VGB,NY.GDP.MKTP.KD.ZG,1998,
VGB,NY.GDP.MKTP.KD.ZG,1997,
VGB,NY.GDP.MKTP.KD.ZG,1996,
VGB,NY.GDP.MKTP.KD.ZG,1995,
VGB,NY.GDP.MKTP.KD.ZG,1994,
VGB,NY.GDP.MKTP.KD.ZG,1993,
VGB,NY.GDP.MKTP.KD.ZG,1992,
VGB,NY.GDP.MKTP.KD.ZG,1991,
VGB,NY.GDP.MKTP.KD.ZG,1990,
VGB,NY.GDP.MKTP.KD.ZG,1989,
VGB,NY.GDP.MKTP.KD.ZG,1988,
VGB,NY.GDP.MKTP.KD.ZG,1987,
VGB,NY.GDP.MKTP.KD.ZG,1986,
VGB,NY.GDP.MKTP.KD.ZG,1985,
VGB,NY.GDP.MKTP.KD.ZG,1984,
VGB,NY.GDP.MKTP.KD.ZG,1983,
VGB,NY.GDP.MKTP.KD.ZG,1982,
VGB,NY.GDP.MKTP.KD.ZG,1981,
VGB,NY.GDP.MKTP.KD.ZG,1980,
VGB,NY.GDP.MKTP.KD.ZG,1979,
VGB,NY.GDP.MKTP.KD.ZG,1978,
VGB,NY.GDP.MKTP.KD.ZG,1977,
VGB,NY.GDP.MKTP.KD.ZG,1976,
VGB,NY.GDP.MKTP.KD.ZG,1975,
VGB,NY.GDP.MKTP.KD.ZG,1974,
VGB,NY.GDP.MKTP.KD.ZG,1973,
VGB,NY.GDP.MKTP.KD.ZG,1972,
VGB,NY.GDP.MKTP.KD.ZG,1971,
VGB,NY.GDP.MKTP.KD.ZG,1970,
VGB,NY.GDP.MKTP.KD.ZG,1969,
VGB,NY.GDP.MKTP.KD.ZG,1968,
VGB,NY.GDP.MKTP.KD.ZG,1967,
VGB,NY.GDP.MKTP.KD.ZG,1966,
VGB,NY.GDP.MKTP.KD.ZG,1965,
VGB,NY.GDP.MKTP.KD.ZG,1964,
VGB,NY.GDP.MKTP.KD.ZG,1963,
VGB,NY.GDP.MKTP.KD.ZG,1962,
VGB,NY.GDP.MKTP.KD.ZG,1961,
VGB,NY.GDP.MKTP.KD.ZG,1960,
BRN,NY.GDP.MKTP.KD.ZG,2025,
BRN,NY.GDP.MKTP.KD.ZG,2024,4.05251709306727
BRN,NY.GDP.MKTP.KD.ZG,2023,1.12764418162719
BRN,NY.GDP.MKTP.KD.ZG,2022,-1.62833154515108
BRN,NY.GDP.MKTP.KD.ZG,2021,-1.59076260099606
BRN,NY.GDP.MKTP.KD.ZG,2020,1.1335733495246
BRN,NY.GDP.MKTP.KD.ZG,2019,3.86884436177075
BRN,NY.GDP.MKTP.KD.ZG,2018,0.0523710418528935
BRN,NY.GDP.MKTP.KD.ZG,2017,1.32872661057823
BRN,NY.GDP.MKTP.KD.ZG,2016,-2.47791771833224
BRN,NY.GDP.MKTP.KD.ZG,2015,-0.392383749502031
BRN,NY.GDP.MKTP.KD.ZG,2014,-2.50788727590711
BRN,NY.GDP.MKTP.KD.ZG,2013,-2.12478292664558
BRN,NY.GDP.MKTP.KD.ZG,2012,0.913135189664487
BRN,NY.GDP.MKTP.KD.ZG,2011,3.74440625524871
BRN,NY.GDP.MKTP.KD.ZG,2010,2.74136439456163
BRN,NY.GDP.MKTP.KD.ZG,2009,-1.90025367202547
BRN,NY.GDP.MKTP.KD.ZG,2008,-3.90071101715114
BRN,NY.GDP.MKTP.KD.ZG,2007,-3.76362326254647
BRN,NY.GDP.MKTP.KD.ZG,2006,4.09841257308588
BRN,NY.GDP.MKTP.KD.ZG,2005,-0.00392531660746442
BRN,NY.GDP.MKTP.KD.ZG,2004,0.104538372603315
BRN,NY.GDP.MKTP.KD.ZG,2003,3.58342909978997
BRN,NY.GDP.MKTP.KD.ZG,2002,3.9614389000248
BRN,NY.GDP.MKTP.KD.ZG,2001,1.4660608198711
BRN,NY.GDP.MKTP.KD.ZG,2000,3.47467627672586
BRN,NY.GDP.MKTP.KD.ZG,1999,4.26072216266995
BRN,NY.GDP.MKTP.KD.ZG,1998,-6.65715931266875
BRN,NY.GDP.MKTP.KD.ZG,1997,6.34394499326551
BRN,NY.GDP.MKTP.KD.ZG,1996,-0.027315465853718
BRN,NY.GDP.MKTP.KD.ZG,1995,1.34729376385607
BRN,NY.GDP.MKTP.KD.ZG,1994,0.992734958938726
BRN,NY.GDP.MKTP.KD.ZG,1993,-0.633649658776775
BRN,NY.GDP.MKTP.KD.ZG,1992,-3.12061882634288
BRN,NY.GDP.MKTP.KD.ZG,1991,2.91065603669382
BRN,NY.GDP.MKTP.KD.ZG,1990,2.64307356617202
BRN,NY.GDP.MKTP.KD.ZG,1989,-2.72621442462589
BRN,NY.GDP.MKTP.KD.ZG,1988,-1.53586318506849
BRN,NY.GDP.MKTP.KD.ZG,1987,2.08354422440964
BRN,NY.GDP.MKTP.KD.ZG,1986,-5.4072203182489
BRN,NY.GDP.MKTP.KD.ZG,1985,-2.9072440789929
BRN,NY.GDP.MKTP.KD.ZG,1984,-2.3765936752155
BRN,NY.GDP.MKTP.KD.ZG,1983,0.399377358630829
BRN,NY.GDP.MKTP.KD.ZG,1982,2.30152997332975
BRN,NY.GDP.MKTP.KD.ZG,1981,-22.3848239984139
BRN,NY.GDP.MKTP.KD.ZG,1980,-9.70796015870228
BRN,NY.GDP.MKTP.KD.ZG,1979,24.3383886941687
BRN,NY.GDP.MKTP.KD.ZG,1978,7.01913426136178
BRN,NY.GDP.MKTP.KD.ZG,1977,9.93403484610029
BRN,NY.GDP.MKTP.KD.ZG,1976,20.8741398285027
BRN,NY.GDP.MKTP.KD.ZG,1975,-0.645291579006951
BRN,NY.GDP.MKTP.KD.ZG,1974,
BRN,NY.GDP.MKTP.KD.ZG,1973,
BRN,NY.GDP.MKTP.KD.ZG,1972,
BRN,NY.GDP.MKTP.KD.ZG,1971,
BRN,NY.GDP.MKTP.KD.ZG,1970,
BRN,NY.GDP.MKTP.KD.ZG,1969,
BRN,NY.GDP.MKTP.KD.ZG,1968,
BRN,NY.GDP.MKTP.KD.ZG,1967,
BRN,NY.GDP.MKTP.KD.ZG,1966,
BRN,NY.GDP.MKTP.KD.ZG,1965,
BRN,NY.GDP.MKTP.KD.ZG,1964,
BRN,NY.GDP.MKTP.KD.ZG,1963,
BRN,NY.GDP.MKTP.KD.ZG,1962,
BRN,NY.GDP.MKTP.KD.ZG,1961,
BRN,NY.GDP.MKTP.KD.ZG,1960,
BGR,NY.GDP.MKTP.KD.ZG,2025,
BGR,NY.GDP.MKTP.KD.ZG,2024,3.38709063847314
BGR,NY.GDP.MKTP.KD.ZG,2023,1.68151074972904
BGR,NY.GDP.MKTP.KD.ZG,2022,4.0838640915123
BGR,NY.GDP.MKTP.KD.ZG,2021,7.82817232822165
BGR,NY.GDP.MKTP.KD.ZG,2020,-3.13323303076419
BGR,NY.GDP.MKTP.KD.ZG,2019,3.79331765354152
BGR,NY.GDP.MKTP.KD.ZG,2018,2.33015213407045
BGR,NY.GDP.MKTP.KD.ZG,2017,2.74592676054861
BGR,NY.GDP.MKTP.KD.ZG,2016,3.02662841229517
BGR,NY.GDP.MKTP.KD.ZG,2015,3.39755336780412
BGR,NY.GDP.MKTP.KD.ZG,2014,0.949449090947894
BGR,NY.GDP.MKTP.KD.ZG,2013,-0.542751388861134
BGR,NY.GDP.MKTP.KD.ZG,2012,0.748815411928831
BGR,NY.GDP.MKTP.KD.ZG,2011,2.09017507758604
BGR,NY.GDP.MKTP.KD.ZG,2010,1.55535979911015
BGR,NY.GDP.MKTP.KD.ZG,2009,-3.34714149737695
BGR,NY.GDP.MKTP.KD.ZG,2008,6.12955841579208
BGR,NY.GDP.MKTP.KD.ZG,2007,6.65438792422609
BGR,NY.GDP.MKTP.KD.ZG,2006,6.80258943603174
BGR,NY.GDP.MKTP.KD.ZG,2005,7.05634873469204
BGR,NY.GDP.MKTP.KD.ZG,2004,6.51042578445376
BGR,NY.GDP.MKTP.KD.ZG,2003,5.23715364977618
BGR,NY.GDP.MKTP.KD.ZG,2002,5.87193108148227
BGR,NY.GDP.MKTP.KD.ZG,2001,3.82370364608695
BGR,NY.GDP.MKTP.KD.ZG,2000,4.58722541447194
BGR,NY.GDP.MKTP.KD.ZG,1999,-8.3960909560701
BGR,NY.GDP.MKTP.KD.ZG,1998,3.78912095803497
BGR,NY.GDP.MKTP.KD.ZG,1997,-14.1153808127271
BGR,NY.GDP.MKTP.KD.ZG,1996,5.20539313761572
BGR,NY.GDP.MKTP.KD.ZG,1995,2.89713914920901
BGR,NY.GDP.MKTP.KD.ZG,1994,1.81801131807214
BGR,NY.GDP.MKTP.KD.ZG,1993,-1.48021486966819
BGR,NY.GDP.MKTP.KD.ZG,1992,-7.27238799030242
BGR,NY.GDP.MKTP.KD.ZG,1991,-8.4453552045466
BGR,NY.GDP.MKTP.KD.ZG,1990,-9.11737709565379
BGR,NY.GDP.MKTP.KD.ZG,1989,-3.28988206824971
BGR,NY.GDP.MKTP.KD.ZG,1988,10.9446920643057
BGR,NY.GDP.MKTP.KD.ZG,1987,6.05451383874338
BGR,NY.GDP.MKTP.KD.ZG,1986,4.20760200326254
BGR,NY.GDP.MKTP.KD.ZG,1985,2.68344074070694
BGR,NY.GDP.MKTP.KD.ZG,1984,3.3964436219225
BGR,NY.GDP.MKTP.KD.ZG,1983,3.43030591387084
BGR,NY.GDP.MKTP.KD.ZG,1982,2.3345655917154
BGR,NY.GDP.MKTP.KD.ZG,1981,4.9001618599853
BGR,NY.GDP.MKTP.KD.ZG,1980,
BGR,NY.GDP.MKTP.KD.ZG,1979,
BGR,NY.GDP.MKTP.KD.ZG,1978,
BGR,NY.GDP.MKTP.KD.ZG,1977,
BGR,NY.GDP.MKTP.KD.ZG,1976,
BGR,NY.GDP.MKTP.KD.ZG,1975,
BGR,NY.GDP.MKTP.KD.ZG,1974,
BGR,NY.GDP.MKTP.KD.ZG,1973,
BGR,NY.GDP.MKTP.KD.ZG,1972,
BGR,NY.GDP.MKTP.KD.ZG,1971,
BGR,NY.GDP.MKTP.KD.ZG,1970,
BGR,NY.GDP.MKTP.KD.ZG,1969,
BGR,NY.GDP.MKTP.KD.ZG,1968,
BGR,NY.GDP.MKTP.KD.ZG,1967,
BGR,NY.GDP.MKTP.KD.ZG,1966,
BGR,NY.GDP.MKTP.KD.ZG,1965,
BGR,NY.GDP.MKTP.KD.ZG,1964,
BGR,NY.GDP.MKTP.KD.ZG,1963,
BGR,NY.GDP.MKTP.KD.ZG,1962,
BGR,NY.GDP.MKTP.KD.ZG,1961,
BGR,NY.GDP.MKTP.KD.ZG,1960,
BFA,NY.GDP.MKTP.KD.ZG,2025,
BFA,NY.GDP.MKTP.KD.ZG,2024,4.79980951667159
BFA,NY.GDP.MKTP.KD.ZG,2023,3.00027415814125
BFA,NY.GDP.MKTP.KD.ZG,2022,1.62673258211919
BFA,NY.GDP.MKTP.KD.ZG,2021,6.94252492572348
BFA,NY.GDP.MKTP.KD.ZG,2020,2.01077262406221
BFA,NY.GDP.MKTP.KD.ZG,2019,5.88920497068135
BFA,NY.GDP.MKTP.KD.ZG,2018,6.60456906812341
BFA,NY.GDP.MKTP.KD.ZG,2017,6.20348941121868
BFA,NY.GDP.MKTP.KD.ZG,2016,5.95797670754024
BFA,NY.GDP.MKTP.KD.ZG,2015,3.9212287937935
BFA,NY.GDP.MKTP.KD.ZG,2014,4.32684561452976
BFA,NY.GDP.MKTP.KD.ZG,2013,5.79258484509867
BFA,NY.GDP.MKTP.KD.ZG,2012,6.45267237953146
BFA,NY.GDP.MKTP.KD.ZG,2011,6.62256261306693
BFA,NY.GDP.MKTP.KD.ZG,2010,8.44628157707625
BFA,NY.GDP.MKTP.KD.ZG,2009,2.96195085866692
BFA,NY.GDP.MKTP.KD.ZG,2008,5.79999174105387
BFA,NY.GDP.MKTP.KD.ZG,2007,4.11137901761516
BFA,NY.GDP.MKTP.KD.ZG,2006,6.25316468817478
BFA,NY.GDP.MKTP.KD.ZG,2005,8.66187322841225
BFA,NY.GDP.MKTP.KD.ZG,2004,4.47845213670386
BFA,NY.GDP.MKTP.KD.ZG,2003,7.80249388870359
BFA,NY.GDP.MKTP.KD.ZG,2002,4.35296382988099
BFA,NY.GDP.MKTP.KD.ZG,2001,6.61340574539679
BFA,NY.GDP.MKTP.KD.ZG,2000,1.88847388906525
BFA,NY.GDP.MKTP.KD.ZG,1999,7.39523780111931
BFA,NY.GDP.MKTP.KD.ZG,1998,7.30771963496896
BFA,NY.GDP.MKTP.KD.ZG,1997,6.31683473483768
BFA,NY.GDP.MKTP.KD.ZG,1996,11.014743869558
BFA,NY.GDP.MKTP.KD.ZG,1995,5.71637386269622
BFA,NY.GDP.MKTP.KD.ZG,1994,1.31500727210265
BFA,NY.GDP.MKTP.KD.ZG,1993,3.46138493945818
BFA,NY.GDP.MKTP.KD.ZG,1992,0.232710761845951
BFA,NY.GDP.MKTP.KD.ZG,1991,9.06998445877436
BFA,NY.GDP.MKTP.KD.ZG,1990,-0.602928477580988
BFA,NY.GDP.MKTP.KD.ZG,1989,2.15026727173506
BFA,NY.GDP.MKTP.KD.ZG,1988,5.79559296458005
BFA,NY.GDP.MKTP.KD.ZG,1987,-0.236336789143323
BFA,NY.GDP.MKTP.KD.ZG,1986,7.9553627287484
BFA,NY.GDP.MKTP.KD.ZG,1985,8.51736499112322
BFA,NY.GDP.MKTP.KD.ZG,1984,-1.77869668772937
BFA,NY.GDP.MKTP.KD.ZG,1983,0.345984740208507
BFA,NY.GDP.MKTP.KD.ZG,1982,9.56219662181179
BFA,NY.GDP.MKTP.KD.ZG,1981,4.25530339455582
BFA,NY.GDP.MKTP.KD.ZG,1980,0.796878878579221
BFA,NY.GDP.MKTP.KD.ZG,1979,3.66462151207865
BFA,NY.GDP.MKTP.KD.ZG,1978,4.60782499965684
BFA,NY.GDP.MKTP.KD.ZG,1977,0.370353563662789
BFA,NY.GDP.MKTP.KD.ZG,1976,8.53489496068103
BFA,NY.GDP.MKTP.KD.ZG,1975,2.99838289707345
BFA,NY.GDP.MKTP.KD.ZG,1974,8.28642648036377
BFA,NY.GDP.MKTP.KD.ZG,1973,0.449327404480641
BFA,NY.GDP.MKTP.KD.ZG,1972,2.31149874156277
BFA,NY.GDP.MKTP.KD.ZG,1971,1.4133398815319
BFA,NY.GDP.MKTP.KD.ZG,1970,0.117019610679606
BFA,NY.GDP.MKTP.KD.ZG,1969,2.02608104052698
BFA,NY.GDP.MKTP.KD.ZG,1968,3.07077393782897
BFA,NY.GDP.MKTP.KD.ZG,1967,8.82331497485367
BFA,NY.GDP.MKTP.KD.ZG,1966,0.537613083660716
BFA,NY.GDP.MKTP.KD.ZG,1965,3.76454538063129
BFA,NY.GDP.MKTP.KD.ZG,1964,2.28281922375837
BFA,NY.GDP.MKTP.KD.ZG,1963,-1.26801637269189
BFA,NY.GDP.MKTP.KD.ZG,1962,6.12879878024506
BFA,NY.GDP.MKTP.KD.ZG,1961,4.04392797754925
BFA,NY.GDP.MKTP.KD.ZG,1960,
BDI,NY.GDP.MKTP.KD.ZG,2025,
BDI,NY.GDP.MKTP.KD.ZG,2024,4.11227376264944
BDI,NY.GDP.MKTP.KD.ZG,2023,3.254768974261
BDI,NY.GDP.MKTP.KD.ZG,2022,2.31770122223331
BDI,NY.GDP.MKTP.KD.ZG,2021,3.23707479823578
BDI,NY.GDP.MKTP.KD.ZG,2020,0.306443809481593
BDI,NY.GDP.MKTP.KD.ZG,2019,4.45934202358784
BDI,NY.GDP.MKTP.KD.ZG,2018,5.3422447312502
BDI,NY.GDP.MKTP.KD.ZG,2017,3.83185756925806
BDI,NY.GDP.MKTP.KD.ZG,2016,3.20017470604286
BDI,NY.GDP.MKTP.KD.ZG,2015,-0.404525595204191
BDI,NY.GDP.MKTP.KD.ZG,2014,4.24490803087248
BDI,NY.GDP.MKTP.KD.ZG,2013,4.92392485117456
BDI,NY.GDP.MKTP.KD.ZG,2012,4.42303118490126
BDI,NY.GDP.MKTP.KD.ZG,2011,4.02442793864228
BDI,NY.GDP.MKTP.KD.ZG,2010,5.09373697323055
BDI,NY.GDP.MKTP.KD.ZG,2009,3.7870758305051
BDI,NY.GDP.MKTP.KD.ZG,2008,4.90874190813545
BDI,NY.GDP.MKTP.KD.ZG,2007,3.44449364663615
BDI,NY.GDP.MKTP.KD.ZG,2006,5.41380714491444
BDI,NY.GDP.MKTP.KD.ZG,2005,0.900000000901912
BDI,NY.GDP.MKTP.KD.ZG,2004,4.83365776809453
BDI,NY.GDP.MKTP.KD.ZG,2003,-1.22372796023444
BDI,NY.GDP.MKTP.KD.ZG,2002,4.44651941224797
BDI,NY.GDP.MKTP.KD.ZG,2001,2.05580710835243
BDI,NY.GDP.MKTP.KD.ZG,2000,-0.856864058424151
BDI,NY.GDP.MKTP.KD.ZG,1999,-1.00999999649815
BDI,NY.GDP.MKTP.KD.ZG,1998,4.74999999509613
BDI,NY.GDP.MKTP.KD.ZG,1997,-1.58999999685828
BDI,NY.GDP.MKTP.KD.ZG,1996,-7.99999999794093
BDI,NY.GDP.MKTP.KD.ZG,1995,-7.92000000374772
BDI,NY.GDP.MKTP.KD.ZG,1994,-3.82999999619828
BDI,NY.GDP.MKTP.KD.ZG,1993,-6.24000000139047
BDI,NY.GDP.MKTP.KD.ZG,1992,1.00999837099629
BDI,NY.GDP.MKTP.KD.ZG,1991,4.99683644792125
BDI,NY.GDP.MKTP.KD.ZG,1990,3.49982213611253
BDI,NY.GDP.MKTP.KD.ZG,1989,1.34950223651784
BDI,NY.GDP.MKTP.KD.ZG,1988,5.03102436749121
BDI,NY.GDP.MKTP.KD.ZG,1987,5.50309611952244
BDI,NY.GDP.MKTP.KD.ZG,1986,3.25018045970241
BDI,NY.GDP.MKTP.KD.ZG,1985,11.7831801786654
BDI,NY.GDP.MKTP.KD.ZG,1984,0.155544004959737
BDI,NY.GDP.MKTP.KD.ZG,1983,3.71532699139112
BDI,NY.GDP.MKTP.KD.ZG,1982,-1.05359982021012
BDI,NY.GDP.MKTP.KD.ZG,1981,12.1632755698283
BDI,NY.GDP.MKTP.KD.ZG,1980,0.991055725106477
BDI,NY.GDP.MKTP.KD.ZG,1979,1.66495495023543
BDI,NY.GDP.MKTP.KD.ZG,1978,-0.940575988409648
BDI,NY.GDP.MKTP.KD.ZG,1977,11.4694530439125
BDI,NY.GDP.MKTP.KD.ZG,1976,7.9426609761414
BDI,NY.GDP.MKTP.KD.ZG,1975,0.697920236215197
BDI,NY.GDP.MKTP.KD.ZG,1974,-0.726839562746335
BDI,NY.GDP.MKTP.KD.ZG,1973,6.88905071896333
BDI,NY.GDP.MKTP.KD.ZG,1972,-6.40396492407875
BDI,NY.GDP.MKTP.KD.ZG,1971,2.74682871213831
BDI,NY.GDP.MKTP.KD.ZG,1970,21.3256707328654
BDI,NY.GDP.MKTP.KD.ZG,1969,-1.45954114245622
BDI,NY.GDP.MKTP.KD.ZG,1968,-0.297883673472171
BDI,NY.GDP.MKTP.KD.ZG,1967,13.8215186020874
BDI,NY.GDP.MKTP.KD.ZG,1966,4.61299289557684
BDI,NY.GDP.MKTP.KD.ZG,1965,3.96722560928015
BDI,NY.GDP.MKTP.KD.ZG,1964,6.27303790087062
BDI,NY.GDP.MKTP.KD.ZG,1963,4.13540742185575
BDI,NY.GDP.MKTP.KD.ZG,1962,9.06315793386563
BDI,NY.GDP.MKTP.KD.ZG,1961,-13.7461350539839
BDI,NY.GDP.MKTP.KD.ZG,1960,
CPV,NY.GDP.MKTP.KD.ZG,2025,
CPV,NY.GDP.MKTP.KD.ZG,2024,7.24388538990945
CPV,NY.GDP.MKTP.KD.ZG,2023,4.7947613911073
CPV,NY.GDP.MKTP.KD.ZG,2022,15.843675684642
CPV,NY.GDP.MKTP.KD.ZG,2021,7.03353010694514
CPV,NY.GDP.MKTP.KD.ZG,2020,-20.8052758990735
CPV,NY.GDP.MKTP.KD.ZG,2019,6.94782634051859
CPV,NY.GDP.MKTP.KD.ZG,2018,3.70696458310842
CPV,NY.GDP.MKTP.KD.ZG,2017,4.5513148102974
CPV,NY.GDP.MKTP.KD.ZG,2016,4.28071482662371
CPV,NY.GDP.MKTP.KD.ZG,2015,0.936026507808833
CPV,NY.GDP.MKTP.KD.ZG,2014,0.696666840118581
CPV,NY.GDP.MKTP.KD.ZG,2013,0.632136727385131
CPV,NY.GDP.MKTP.KD.ZG,2012,1.08364848376166
CPV,NY.GDP.MKTP.KD.ZG,2011,3.92471821338283
CPV,NY.GDP.MKTP.KD.ZG,2010,1.83641914989978
CPV,NY.GDP.MKTP.KD.ZG,2009,-1.50358672385678
CPV,NY.GDP.MKTP.KD.ZG,2008,7.03901129565128
CPV,NY.GDP.MKTP.KD.ZG,2007,15.1706879735517
CPV,NY.GDP.MKTP.KD.ZG,2006,7.98375044795048
CPV,NY.GDP.MKTP.KD.ZG,2005,6.91245795720201
CPV,NY.GDP.MKTP.KD.ZG,2004,10.197072633926
CPV,NY.GDP.MKTP.KD.ZG,2003,4.17625932578332
CPV,NY.GDP.MKTP.KD.ZG,2002,5.25089116960211
CPV,NY.GDP.MKTP.KD.ZG,2001,2.23165454528898
CPV,NY.GDP.MKTP.KD.ZG,2000,14.2848688450919
CPV,NY.GDP.MKTP.KD.ZG,1999,11.2226484455351
CPV,NY.GDP.MKTP.KD.ZG,1998,12.5172857879884
CPV,NY.GDP.MKTP.KD.ZG,1997,11.1184260583756
CPV,NY.GDP.MKTP.KD.ZG,1996,11.3465247642174
CPV,NY.GDP.MKTP.KD.ZG,1995,14.2116362469634
CPV,NY.GDP.MKTP.KD.ZG,1994,19.1826416318144
CPV,NY.GDP.MKTP.KD.ZG,1993,8.70831156568961
CPV,NY.GDP.MKTP.KD.ZG,1992,10.9376469895221
CPV,NY.GDP.MKTP.KD.ZG,1991,1.40414698106899
CPV,NY.GDP.MKTP.KD.ZG,1990,0.692171874476983
CPV,NY.GDP.MKTP.KD.ZG,1989,5.69794936616317
CPV,NY.GDP.MKTP.KD.ZG,1988,5.99685491429432
CPV,NY.GDP.MKTP.KD.ZG,1987,4.30906373191068
CPV,NY.GDP.MKTP.KD.ZG,1986,2.87145542241004
CPV,NY.GDP.MKTP.KD.ZG,1985,8.64208661528207
CPV,NY.GDP.MKTP.KD.ZG,1984,3.78327068402049
CPV,NY.GDP.MKTP.KD.ZG,1983,9.52074975154451
CPV,NY.GDP.MKTP.KD.ZG,1982,2.82503008527617
CPV,NY.GDP.MKTP.KD.ZG,1981,8.45156240751683
CPV,NY.GDP.MKTP.KD.ZG,1980,
CPV,NY.GDP.MKTP.KD.ZG,1979,
CPV,NY.GDP.MKTP.KD.ZG,1978,
CPV,NY.GDP.MKTP.KD.ZG,1977,
CPV,NY.GDP.MKTP.KD.ZG,1976,
CPV,NY.GDP.MKTP.KD.ZG,1975,
CPV,NY.GDP.MKTP.KD.ZG,1974,
CPV,NY.GDP.MKTP.KD.ZG,1973,
CPV,NY.GDP.MKTP.KD.ZG,1972,
CPV,NY.GDP.MKTP.KD.ZG,1971,
CPV,NY.GDP.MKTP.KD.ZG,1970,
CPV,NY.GDP.MKTP.KD.ZG,1969,
CPV,NY.GDP.MKTP.KD.ZG,1968,
CPV,NY.GDP.MKTP.KD.ZG,1967,
CPV,NY.GDP.MKTP.KD.ZG,1966,
CPV,NY.GDP.MKTP.KD.ZG,1965,
CPV,NY.GDP.MKTP.KD.ZG,1964,
CPV,NY.GDP.MKTP.KD.ZG,1963,
CPV,NY.GDP.MKTP.KD.ZG,1962,
CPV,NY.GDP.MKTP.KD.ZG,1961,
CPV,NY.GDP.MKTP.KD.ZG,1960,
KHM,NY.GDP.MKTP.KD.ZG,2025,
KHM,NY.GDP.MKTP.KD.ZG,2024,5.97510939607335
KHM,NY.GDP.MKTP.KD.ZG,2023,5.00733043811898
KHM,NY.GDP.MKTP.KD.ZG,2022,5.12990110773977
KHM,NY.GDP.MKTP.KD.ZG,2021,3.08984284148661
KHM,NY.GDP.MKTP.KD.ZG,2020,-3.55572193406549
KHM,NY.GDP.MKTP.KD.ZG,2019,7.93695013588524
KHM,NY.GDP.MKTP.KD.ZG,2018,8.77622376224463
KHM,NY.GDP.MKTP.KD.ZG,2017,8.07503915535979
KHM,NY.GDP.MKTP.KD.ZG,2016,7.90550116130704
KHM,NY.GDP.MKTP.KD.ZG,2015,7.20703472529512
KHM,NY.GDP.MKTP.KD.ZG,2014,8.00032074618566
KHM,NY.GDP.MKTP.KD.ZG,2013,7.8574997554252
KHM,NY.GDP.MKTP.KD.ZG,2012,7.65025657870362
KHM,NY.GDP.MKTP.KD.ZG,2011,7.28665813879552
KHM,NY.GDP.MKTP.KD.ZG,2010,5.07691843229247
KHM,NY.GDP.MKTP.KD.ZG,2009,4.07477850599065
KHM,NY.GDP.MKTP.KD.ZG,2008,7.47636606631011
KHM,NY.GDP.MKTP.KD.ZG,2007,10.398458101201
KHM,NY.GDP.MKTP.KD.ZG,2006,10.9433600681694
KHM,NY.GDP.MKTP.KD.ZG,2005,13.3033338358455
KHM,NY.GDP.MKTP.KD.ZG,2004,9.45769481103929
KHM,NY.GDP.MKTP.KD.ZG,2003,10.2836813071691
KHM,NY.GDP.MKTP.KD.ZG,2002,6.26507280509637
KHM,NY.GDP.MKTP.KD.ZG,2001,7.38971065070517
KHM,NY.GDP.MKTP.KD.ZG,2000,9.99358032292079
KHM,NY.GDP.MKTP.KD.ZG,1999,12.7053811380498
KHM,NY.GDP.MKTP.KD.ZG,1998,4.68163210426384
KHM,NY.GDP.MKTP.KD.ZG,1997,4.00662107873787
KHM,NY.GDP.MKTP.KD.ZG,1996,5.89750560694478
KHM,NY.GDP.MKTP.KD.ZG,1995,9.90346890117173
KHM,NY.GDP.MKTP.KD.ZG,1994,-34.808638773859
KHM,NY.GDP.MKTP.KD.ZG,1993,4.09837080453724
KHM,NY.GDP.MKTP.KD.ZG,1992,7.01753837770227
KHM,NY.GDP.MKTP.KD.ZG,1991,7.59129793854025
KHM,NY.GDP.MKTP.KD.ZG,1990,1.16231184838939
KHM,NY.GDP.MKTP.KD.ZG,1989,3.47938318460915
KHM,NY.GDP.MKTP.KD.ZG,1988,11.9769088837606
KHM,NY.GDP.MKTP.KD.ZG,1987,21.5315192666416
KHM,NY.GDP.MKTP.KD.ZG,1986,3.80081800784569
KHM,NY.GDP.MKTP.KD.ZG,1985,4.67018404006252
KHM,NY.GDP.MKTP.KD.ZG,1984,4.93207926062351
KHM,NY.GDP.MKTP.KD.ZG,1983,4.43340631077345
KHM,NY.GDP.MKTP.KD.ZG,1982,0.0
KHM,NY.GDP.MKTP.KD.ZG,1981,0.0410921165318001
KHM,NY.GDP.MKTP.KD.ZG,1980,-5.66840616410634
KHM,NY.GDP.MKTP.KD.ZG,1979,-12.8285637744816
KHM,NY.GDP.MKTP.KD.ZG,1978,0.0
KHM,NY.GDP.MKTP.KD.ZG,1977,-14.6764073144395
KHM,NY.GDP.MKTP.KD.ZG,1976,0.0
KHM,NY.GDP.MKTP.KD.ZG,1975,
KHM,NY.GDP.MKTP.KD.ZG,1974,
KHM,NY.GDP.MKTP.KD.ZG,1973,
KHM,NY.GDP.MKTP.KD.ZG,1972,
KHM,NY.GDP.MKTP.KD.ZG,1971,
KHM,NY.GDP.MKTP.KD.ZG,1970,
KHM,NY.GDP.MKTP.KD.ZG,1969,
KHM,NY.GDP.MKTP.KD.ZG,1968,
KHM,NY.GDP.MKTP.KD.ZG,1967,
KHM,NY.GDP.MKTP.KD.ZG,1966,
KHM,NY.GDP.MKTP.KD.ZG,1965,
KHM,NY.GDP.MKTP.KD.ZG,1964,
KHM,NY.GDP.MKTP.KD.ZG,1963,
KHM,NY.GDP.MKTP.KD.ZG,1962,
KHM,NY.GDP.MKTP.KD.ZG,1961,
KHM,NY.GDP.MKTP.KD.ZG,1960,
CMR,NY.GDP.MKTP.KD.ZG,2025,
CMR,NY.GDP.MKTP.KD.ZG,2024,3.52472308052245
CMR,NY.GDP.MKTP.KD.ZG,2023,3.34756290750219
CMR,NY.GDP.MKTP.KD.ZG,2022,3.7367840056412
CMR,NY.GDP.MKTP.KD.ZG,2021,3.33885747179505
CMR,NY.GDP.MKTP.KD.ZG,2020,0.259932915907115
CMR,NY.GDP.MKTP.KD.ZG,2019,3.47505998194981
CMR,NY.GDP.MKTP.KD.ZG,2018,3.95551423892049
CMR,NY.GDP.MKTP.KD.ZG,2017,3.54117654926007
CMR,NY.GDP.MKTP.KD.ZG,2016,4.53579423678801
CMR,NY.GDP.MKTP.KD.ZG,2015,5.66695298703932
CMR,NY.GDP.MKTP.KD.ZG,2014,5.71981814509198
CMR,NY.GDP.MKTP.KD.ZG,2013,4.99552916130783
CMR,NY.GDP.MKTP.KD.ZG,2012,4.62597872209571
CMR,NY.GDP.MKTP.KD.ZG,2011,3.37921128506045
CMR,NY.GDP.MKTP.KD.ZG,2010,2.89902472122014
CMR,NY.GDP.MKTP.KD.ZG,2009,2.57925177738754
CMR,NY.GDP.MKTP.KD.ZG,2008,2.8476778892105
CMR,NY.GDP.MKTP.KD.ZG,2007,4.32758900972871
CMR,NY.GDP.MKTP.KD.ZG,2006,3.80958327566137
CMR,NY.GDP.MKTP.KD.ZG,2005,2.22827020924117
CMR,NY.GDP.MKTP.KD.ZG,2004,7.04886281858374
CMR,NY.GDP.MKTP.KD.ZG,2003,5.45315368881347
CMR,NY.GDP.MKTP.KD.ZG,2002,4.47702683369155
CMR,NY.GDP.MKTP.KD.ZG,2001,4.32426119221549
CMR,NY.GDP.MKTP.KD.ZG,2000,3.83241779430614
CMR,NY.GDP.MKTP.KD.ZG,1999,4.51130422140731
CMR,NY.GDP.MKTP.KD.ZG,1998,4.72553484802563
CMR,NY.GDP.MKTP.KD.ZG,1997,4.52731376625037
CMR,NY.GDP.MKTP.KD.ZG,1996,4.21507214953058
CMR,NY.GDP.MKTP.KD.ZG,1995,2.89400137739698
CMR,NY.GDP.MKTP.KD.ZG,1994,1.87680922580404
CMR,NY.GDP.MKTP.KD.ZG,1993,-7.93206657447536
CMR,NY.GDP.MKTP.KD.ZG,1992,-3.10000321081914
CMR,NY.GDP.MKTP.KD.ZG,1991,-3.80859937279318
CMR,NY.GDP.MKTP.KD.ZG,1990,-6.10569764600656
CMR,NY.GDP.MKTP.KD.ZG,1989,-1.81912051186825
CMR,NY.GDP.MKTP.KD.ZG,1988,-7.82363197491021
CMR,NY.GDP.MKTP.KD.ZG,1987,-2.14665021536007
CMR,NY.GDP.MKTP.KD.ZG,1986,6.77166308397663
CMR,NY.GDP.MKTP.KD.ZG,1985,8.06316167125891
CMR,NY.GDP.MKTP.KD.ZG,1984,7.47457254362303
CMR,NY.GDP.MKTP.KD.ZG,1983,6.86683056547592
CMR,NY.GDP.MKTP.KD.ZG,1982,7.51620260513882
CMR,NY.GDP.MKTP.KD.ZG,1981,17.0826822487652
CMR,NY.GDP.MKTP.KD.ZG,1980,-1.9652916680455
CMR,NY.GDP.MKTP.KD.ZG,1979,6.03511877346806
CMR,NY.GDP.MKTP.KD.ZG,1978,22.0030049229664
CMR,NY.GDP.MKTP.KD.ZG,1977,13.7398715230551
CMR,NY.GDP.MKTP.KD.ZG,1976,-5.49513839744186
CMR,NY.GDP.MKTP.KD.ZG,1975,11.2450587758471
CMR,NY.GDP.MKTP.KD.ZG,1974,10.7342622580316
CMR,NY.GDP.MKTP.KD.ZG,1973,5.35568077910243
CMR,NY.GDP.MKTP.KD.ZG,1972,2.67384329318293
CMR,NY.GDP.MKTP.KD.ZG,1971,3.47970781665525
CMR,NY.GDP.MKTP.KD.ZG,1970,3.09206823386914
CMR,NY.GDP.MKTP.KD.ZG,1969,4.90147952428066
CMR,NY.GDP.MKTP.KD.ZG,1968,6.34632385376702
CMR,NY.GDP.MKTP.KD.ZG,1967,-10.9120655887773
CMR,NY.GDP.MKTP.KD.ZG,1966,4.61495561904862
CMR,NY.GDP.MKTP.KD.ZG,1965,2.0260537150391
CMR,NY.GDP.MKTP.KD.ZG,1964,3.54715969490351
CMR,NY.GDP.MKTP.KD.ZG,1963,3.74255032074073
CMR,NY.GDP.MKTP.KD.ZG,1962,3.04155905079301
CMR,NY.GDP.MKTP.KD.ZG,1961,1.18368081101198
CMR,NY.GDP.MKTP.KD.ZG,1960,
CAN,NY.GDP.MKTP.KD.ZG,2025,
CAN,NY.GDP.MKTP.KD.ZG,2024,1.55479521049516
CAN,NY.GDP.MKTP.KD.ZG,2023,1.52874550838358
CAN,NY.GDP.MKTP.KD.ZG,2022,4.18903628100851
CAN,NY.GDP.MKTP.KD.ZG,2021,5.95052802804381
CAN,NY.GDP.MKTP.KD.ZG,2020,-5.03823343468899
CAN,NY.GDP.MKTP.KD.ZG,2019,1.90843194590616
CAN,NY.GDP.MKTP.KD.ZG,2018,2.74296344906655
CAN,NY.GDP.MKTP.KD.ZG,2017,3.03383491200222
CAN,NY.GDP.MKTP.KD.ZG,2016,1.03855092490855
CAN,NY.GDP.MKTP.KD.ZG,2015,0.649971001734855
CAN,NY.GDP.MKTP.KD.ZG,2014,2.87346677785811
CAN,NY.GDP.MKTP.KD.ZG,2013,2.32581354806429
CAN,NY.GDP.MKTP.KD.ZG,2012,1.75566129145483
CAN,NY.GDP.MKTP.KD.ZG,2011,3.13719442170364
CAN,NY.GDP.MKTP.KD.ZG,2010,3.09080634469335
CAN,NY.GDP.MKTP.KD.ZG,2009,-2.91508621550267
CAN,NY.GDP.MKTP.KD.ZG,2008,0.995406301140747
CAN,NY.GDP.MKTP.KD.ZG,2007,2.04990463726786
CAN,NY.GDP.MKTP.KD.ZG,2006,2.63794375007348
CAN,NY.GDP.MKTP.KD.ZG,2005,3.21045439063563
CAN,NY.GDP.MKTP.KD.ZG,2004,3.09236384292251
CAN,NY.GDP.MKTP.KD.ZG,2003,1.80638512302554
CAN,NY.GDP.MKTP.KD.ZG,2002,2.99925535017809
CAN,NY.GDP.MKTP.KD.ZG,2001,1.87509810696022
CAN,NY.GDP.MKTP.KD.ZG,2000,5.1385391803606
CAN,NY.GDP.MKTP.KD.ZG,1999,5.14100353715349
CAN,NY.GDP.MKTP.KD.ZG,1998,3.89288654344983
CAN,NY.GDP.MKTP.KD.ZG,1997,4.28016683621337
CAN,NY.GDP.MKTP.KD.ZG,1996,1.68896122499937
CAN,NY.GDP.MKTP.KD.ZG,1995,2.68232822733793
CAN,NY.GDP.MKTP.KD.ZG,1994,4.49404929532982
CAN,NY.GDP.MKTP.KD.ZG,1993,2.65770691557481
CAN,NY.GDP.MKTP.KD.ZG,1992,0.890466180427183
CAN,NY.GDP.MKTP.KD.ZG,1991,-2.0910550979319
CAN,NY.GDP.MKTP.KD.ZG,1990,0.202947874139198
CAN,NY.GDP.MKTP.KD.ZG,1989,2.33732975738413
CAN,NY.GDP.MKTP.KD.ZG,1988,4.41083900341744
CAN,NY.GDP.MKTP.KD.ZG,1987,4.07201574110678
CAN,NY.GDP.MKTP.KD.ZG,1986,2.12148083355379
CAN,NY.GDP.MKTP.KD.ZG,1985,4.73768081475092
CAN,NY.GDP.MKTP.KD.ZG,1984,5.8985694010334
CAN,NY.GDP.MKTP.KD.ZG,1983,2.56225358775578
CAN,NY.GDP.MKTP.KD.ZG,1982,-3.16615022065891
CAN,NY.GDP.MKTP.KD.ZG,1981,3.41506518150013
CAN,NY.GDP.MKTP.KD.ZG,1980,2.17719921287991
CAN,NY.GDP.MKTP.KD.ZG,1979,3.72519949149593
CAN,NY.GDP.MKTP.KD.ZG,1978,3.73597638764802
CAN,NY.GDP.MKTP.KD.ZG,1977,3.53482660580218
CAN,NY.GDP.MKTP.KD.ZG,1976,5.88927586333716
CAN,NY.GDP.MKTP.KD.ZG,1975,1.5454033263216
CAN,NY.GDP.MKTP.KD.ZG,1974,3.35777600467976
CAN,NY.GDP.MKTP.KD.ZG,1973,6.72864134770903
CAN,NY.GDP.MKTP.KD.ZG,1972,5.51967005803644
CAN,NY.GDP.MKTP.KD.ZG,1971,4.01884508716894
CAN,NY.GDP.MKTP.KD.ZG,1970,2.91871307258708
CAN,NY.GDP.MKTP.KD.ZG,1969,5.06703236278922
CAN,NY.GDP.MKTP.KD.ZG,1968,5.00827404258794
CAN,NY.GDP.MKTP.KD.ZG,1967,3.06542080784173
CAN,NY.GDP.MKTP.KD.ZG,1966,6.75969011988171
CAN,NY.GDP.MKTP.KD.ZG,1965,6.31720005153649
CAN,NY.GDP.MKTP.KD.ZG,1964,6.65599998308328
CAN,NY.GDP.MKTP.KD.ZG,1963,5.29743988916486
CAN,NY.GDP.MKTP.KD.ZG,1962,7.42783736424002
CAN,NY.GDP.MKTP.KD.ZG,1961,3.16329168371298
CAN,NY.GDP.MKTP.KD.ZG,1960,
CYM,NY.GDP.MKTP.KD.ZG,2025,
CYM,NY.GDP.MKTP.KD.ZG,2024,
CYM,NY.GDP.MKTP.KD.ZG,2023,5.8155918263088
CYM,NY.GDP.MKTP.KD.ZG,2022,5.77566708028824
CYM,NY.GDP.MKTP.KD.ZG,2021,4.86941655353661
CYM,NY.GDP.MKTP.KD.ZG,2020,-4.95480732200573
CYM,NY.GDP.MKTP.KD.ZG,2019,3.91563637725301
CYM,NY.GDP.MKTP.KD.ZG,2018,4.26726567162505
CYM,NY.GDP.MKTP.KD.ZG,2017,3.18404730726789
CYM,NY.GDP.MKTP.KD.ZG,2016,3.23997361448569
CYM,NY.GDP.MKTP.KD.ZG,2015,2.83312242670048
CYM,NY.GDP.MKTP.KD.ZG,2014,2.65452932151371
CYM,NY.GDP.MKTP.KD.ZG,2013,1.2793305928175
CYM,NY.GDP.MKTP.KD.ZG,2012,1.22975368307725
CYM,NY.GDP.MKTP.KD.ZG,2011,1.16906269526342
CYM,NY.GDP.MKTP.KD.ZG,2010,-2.71563682344265
CYM,NY.GDP.MKTP.KD.ZG,2009,-7.20048278238133
CYM,NY.GDP.MKTP.KD.ZG,2008,-0.357401372925935
CYM,NY.GDP.MKTP.KD.ZG,2007,3.16262533840754
CYM,NY.GDP.MKTP.KD.ZG,2006,
CYM,NY.GDP.MKTP.KD.ZG,2005,
CYM,NY.GDP.MKTP.KD.ZG,2004,
CYM,NY.GDP.MKTP.KD.ZG,2003,
CYM,NY.GDP.MKTP.KD.ZG,2002,
CYM,NY.GDP.MKTP.KD.ZG,2001,
CYM,NY.GDP.MKTP.KD.ZG,2000,
CYM,NY.GDP.MKTP.KD.ZG,1999,
CYM,NY.GDP.MKTP.KD.ZG,1998,
CYM,NY.GDP.MKTP.KD.ZG,1997,
CYM,NY.GDP.MKTP.KD.ZG,1996,
CYM,NY.GDP.MKTP.KD.ZG,1995,
CYM,NY.GDP.MKTP.KD.ZG,1994,
CYM,NY.GDP.MKTP.KD.ZG,1993,
CYM,NY.GDP.MKTP.KD.ZG,1992,
CYM,NY.GDP.MKTP.KD.ZG,1991,
CYM,NY.GDP.MKTP.KD.ZG,1990,
CYM,NY.GDP.MKTP.KD.ZG,1989,
CYM,NY.GDP.MKTP.KD.ZG,1988,
CYM,NY.GDP.MKTP.KD.ZG,1987,
CYM,NY.GDP.MKTP.KD.ZG,1986,
CYM,NY.GDP.MKTP.KD.ZG,1985,
CYM,NY.GDP.MKTP.KD.ZG,1984,
CYM,NY.GDP.MKTP.KD.ZG,1983,
CYM,NY.GDP.MKTP.KD.ZG,1982,
CYM,NY.GDP.MKTP.KD.ZG,1981,
CYM,NY.GDP.MKTP.KD.ZG,1980,
CYM,NY.GDP.MKTP.KD.ZG,1979,
CYM,NY.GDP.MKTP.KD.ZG,1978,
CYM,NY.GDP.MKTP.KD.ZG,1977,
CYM,NY.GDP.MKTP.KD.ZG,1976,
CYM,NY.GDP.MKTP.KD.ZG,1975,
CYM,NY.GDP.MKTP.KD.ZG,1974,
CYM,NY.GDP.MKTP.KD.ZG,1973,
CYM,NY.GDP.MKTP.KD.ZG,1972,
CYM,NY.GDP.MKTP.KD.ZG,1971,
CYM,NY.GDP.MKTP.KD.ZG,1970,
CYM,NY.GDP.MKTP.KD.ZG,1969,
CYM,NY.GDP.MKTP.KD.ZG,1968,
CYM,NY.GDP.MKTP.KD.ZG,1967,
CYM,NY.GDP.MKTP.KD.ZG,1966,
CYM,NY.GDP.MKTP.KD.ZG,1965,
CYM,NY.GDP.MKTP.KD.ZG,1964,
CYM,NY.GDP.MKTP.KD.ZG,1963,
CYM,NY.GDP.MKTP.KD.ZG,1962,
CYM,NY.GDP.MKTP.KD.ZG,1961,
CYM,NY.GDP.MKTP.KD.ZG,1960,
CAF,NY.GDP.MKTP.KD.ZG,2025,
CAF,NY.GDP.MKTP.KD.ZG,2024,1.49999999847535
CAF,NY.GDP.MKTP.KD.ZG,2023,0.69996840076054
CAF,NY.GDP.MKTP.KD.ZG,2022,0.453901876447787
CAF,NY.GDP.MKTP.KD.ZG,2021,0.982919996264229
CAF,NY.GDP.MKTP.KD.ZG,2020,0.899999996857062
CAF,NY.GDP.MKTP.KD.ZG,2019,3.09999999999999
CAF,NY.GDP.MKTP.KD.ZG,2018,3.78944359275462
CAF,NY.GDP.MKTP.KD.ZG,2017,4.52727821346231
CAF,NY.GDP.MKTP.KD.ZG,2016,4.75031684122342
CAF,NY.GDP.MKTP.KD.ZG,2015,4.33712103020231
CAF,NY.GDP.MKTP.KD.ZG,2014,0.0810705153264877
CAF,NY.GDP.MKTP.KD.ZG,2013,-36.3919770983887
CAF,NY.GDP.MKTP.KD.ZG,2012,5.05376125356918
CAF,NY.GDP.MKTP.KD.ZG,2011,4.19461533741989
CAF,NY.GDP.MKTP.KD.ZG,2010,4.63081843223307
CAF,NY.GDP.MKTP.KD.ZG,2009,8.58726042640994
CAF,NY.GDP.MKTP.KD.ZG,2008,2.05413096200485
CAF,NY.GDP.MKTP.KD.ZG,2007,4.60753485452025
CAF,NY.GDP.MKTP.KD.ZG,2006,4.77108543044105
CAF,NY.GDP.MKTP.KD.ZG,2005,0.908210514871953
CAF,NY.GDP.MKTP.KD.ZG,2004,5.99488422798696
CAF,NY.GDP.MKTP.KD.ZG,2003,-5.39748521855877
CAF,NY.GDP.MKTP.KD.ZG,2002,3.61654219150596
CAF,NY.GDP.MKTP.KD.ZG,2001,4.46473902640867
CAF,NY.GDP.MKTP.KD.ZG,2000,-2.48943244028874
CAF,NY.GDP.MKTP.KD.ZG,1999,3.59997490432274
CAF,NY.GDP.MKTP.KD.ZG,1998,4.70014237879329
CAF,NY.GDP.MKTP.KD.ZG,1997,5.29993601826074
CAF,NY.GDP.MKTP.KD.ZG,1996,-4.00009296364789
CAF,NY.GDP.MKTP.KD.ZG,1995,7.20004555751903
CAF,NY.GDP.MKTP.KD.ZG,1994,4.89994941000114
CAF,NY.GDP.MKTP.KD.ZG,1993,0.335275684646064
CAF,NY.GDP.MKTP.KD.ZG,1992,-6.42407819946331
CAF,NY.GDP.MKTP.KD.ZG,1991,-0.552543005101867
CAF,NY.GDP.MKTP.KD.ZG,1990,-2.14752806574087
CAF,NY.GDP.MKTP.KD.ZG,1989,1.97727043451945
CAF,NY.GDP.MKTP.KD.ZG,1988,1.71016528472386
CAF,NY.GDP.MKTP.KD.ZG,1987,-4.93898788502545
CAF,NY.GDP.MKTP.KD.ZG,1986,3.57797925430461
CAF,NY.GDP.MKTP.KD.ZG,1985,3.92721953798056
CAF,NY.GDP.MKTP.KD.ZG,1984,9.48172665292533
CAF,NY.GDP.MKTP.KD.ZG,1983,-8.12651359274568
CAF,NY.GDP.MKTP.KD.ZG,1982,7.71578363090393
CAF,NY.GDP.MKTP.KD.ZG,1981,-1.54446566470149
CAF,NY.GDP.MKTP.KD.ZG,1980,-4.47863884794948
CAF,NY.GDP.MKTP.KD.ZG,1979,-2.46513778468636
CAF,NY.GDP.MKTP.KD.ZG,1978,1.2092354194359
CAF,NY.GDP.MKTP.KD.ZG,1977,3.80623491408234
CAF,NY.GDP.MKTP.KD.ZG,1976,5.43251898691292
CAF,NY.GDP.MKTP.KD.ZG,1975,0.404987104042064
CAF,NY.GDP.MKTP.KD.ZG,1974,6.33903361228316
CAF,NY.GDP.MKTP.KD.ZG,1973,1.888939956294
CAF,NY.GDP.MKTP.KD.ZG,1972,-0.000867174831114426
CAF,NY.GDP.MKTP.KD.ZG,1971,1.13020238405835
CAF,NY.GDP.MKTP.KD.ZG,1970,2.33288087679347
CAF,NY.GDP.MKTP.KD.ZG,1969,7.09154252763096
CAF,NY.GDP.MKTP.KD.ZG,1968,1.40411317693092
CAF,NY.GDP.MKTP.KD.ZG,1967,4.6766131089008
CAF,NY.GDP.MKTP.KD.ZG,1966,0.644783720237797
CAF,NY.GDP.MKTP.KD.ZG,1965,0.947578712256856
CAF,NY.GDP.MKTP.KD.ZG,1964,2.08032459940857
CAF,NY.GDP.MKTP.KD.ZG,1963,-0.707010752236329
CAF,NY.GDP.MKTP.KD.ZG,1962,-3.71380018409685
CAF,NY.GDP.MKTP.KD.ZG,1961,4.95355379797229
CAF,NY.GDP.MKTP.KD.ZG,1960,
TCD,NY.GDP.MKTP.KD.ZG,2025,
TCD,NY.GDP.MKTP.KD.ZG,2024,4.19925854085865
TCD,NY.GDP.MKTP.KD.ZG,2023,3.98004368401293
TCD,NY.GDP.MKTP.KD.ZG,2022,4.12969897676332
TCD,NY.GDP.MKTP.KD.ZG,2021,0.29344264815208
TCD,NY.GDP.MKTP.KD.ZG,2020,-0.393646583111035
TCD,NY.GDP.MKTP.KD.ZG,2019,5.3828220290379
TCD,NY.GDP.MKTP.KD.ZG,2018,5.74111580758154
TCD,NY.GDP.MKTP.KD.ZG,2017,-1.61746922760291
TCD,NY.GDP.MKTP.KD.ZG,2016,-4.12250332670322
TCD,NY.GDP.MKTP.KD.ZG,2015,3.30415979759636
TCD,NY.GDP.MKTP.KD.ZG,2014,2.06283074347695
TCD,NY.GDP.MKTP.KD.ZG,2013,2.83821524768997
TCD,NY.GDP.MKTP.KD.ZG,2012,9.0618039227671
TCD,NY.GDP.MKTP.KD.ZG,2011,4.49542966941512
TCD,NY.GDP.MKTP.KD.ZG,2010,13.6738272741836
TCD,NY.GDP.MKTP.KD.ZG,2009,-1.40828262674047
TCD,NY.GDP.MKTP.KD.ZG,2008,3.08119033861925
TCD,NY.GDP.MKTP.KD.ZG,2007,4.20017418206496
TCD,NY.GDP.MKTP.KD.ZG,2006,-0.542829570704413
TCD,NY.GDP.MKTP.KD.ZG,2005,17.3325337353466
TCD,NY.GDP.MKTP.KD.ZG,2004,33.6293718505196
TCD,NY.GDP.MKTP.KD.ZG,2003,14.7216670128899
TCD,NY.GDP.MKTP.KD.ZG,2002,8.49120981920397
TCD,NY.GDP.MKTP.KD.ZG,2001,11.6581346546737
TCD,NY.GDP.MKTP.KD.ZG,2000,-0.879681024403922
TCD,NY.GDP.MKTP.KD.ZG,1999,-0.682850218939151
TCD,NY.GDP.MKTP.KD.ZG,1998,6.95157991199449
TCD,NY.GDP.MKTP.KD.ZG,1997,5.65339233100983
TCD,NY.GDP.MKTP.KD.ZG,1996,2.21447303231241
TCD,NY.GDP.MKTP.KD.ZG,1995,1.23654931823651
TCD,NY.GDP.MKTP.KD.ZG,1994,10.1368876316675
TCD,NY.GDP.MKTP.KD.ZG,1993,-15.7098370450575
TCD,NY.GDP.MKTP.KD.ZG,1992,8.00144335036164
TCD,NY.GDP.MKTP.KD.ZG,1991,8.53513716408554
TCD,NY.GDP.MKTP.KD.ZG,1990,-4.17847237277633
TCD,NY.GDP.MKTP.KD.ZG,1989,4.88473510251002
TCD,NY.GDP.MKTP.KD.ZG,1988,15.4823590700135
TCD,NY.GDP.MKTP.KD.ZG,1987,-2.38880849732436
TCD,NY.GDP.MKTP.KD.ZG,1986,-4.08166751727347
TCD,NY.GDP.MKTP.KD.ZG,1985,21.7927735303921
TCD,NY.GDP.MKTP.KD.ZG,1984,2.04889891081616
TCD,NY.GDP.MKTP.KD.ZG,1983,15.6787177787333
TCD,NY.GDP.MKTP.KD.ZG,1982,5.34660899936992
TCD,NY.GDP.MKTP.KD.ZG,1981,1.0429181025978
TCD,NY.GDP.MKTP.KD.ZG,1980,-6.04767074733067
TCD,NY.GDP.MKTP.KD.ZG,1979,-21.4410876889116
TCD,NY.GDP.MKTP.KD.ZG,1978,-0.469634188032288
TCD,NY.GDP.MKTP.KD.ZG,1977,2.23462484913821
TCD,NY.GDP.MKTP.KD.ZG,1976,2.98076526952664
TCD,NY.GDP.MKTP.KD.ZG,1975,9.01026730550424
TCD,NY.GDP.MKTP.KD.ZG,1974,4.96185258253874
TCD,NY.GDP.MKTP.KD.ZG,1973,-8.38088300800818
TCD,NY.GDP.MKTP.KD.ZG,1972,1.14961609483252
TCD,NY.GDP.MKTP.KD.ZG,1971,-2.24762637244979
TCD,NY.GDP.MKTP.KD.ZG,1970,1.85965647855571
TCD,NY.GDP.MKTP.KD.ZG,1969,6.88131022379166
TCD,NY.GDP.MKTP.KD.ZG,1968,-0.457218866538199
TCD,NY.GDP.MKTP.KD.ZG,1967,0.767201382289826
TCD,NY.GDP.MKTP.KD.ZG,1966,-1.80709239199822
TCD,NY.GDP.MKTP.KD.ZG,1965,0.606227786326357
TCD,NY.GDP.MKTP.KD.ZG,1964,-2.51093960346873
TCD,NY.GDP.MKTP.KD.ZG,1963,-1.59945401520737
TCD,NY.GDP.MKTP.KD.ZG,1962,5.36011610893922
TCD,NY.GDP.MKTP.KD.ZG,1961,1.39774367077582
TCD,NY.GDP.MKTP.KD.ZG,1960,
CHI,NY.GDP.MKTP.KD.ZG,2025,
CHI,NY.GDP.MKTP.KD.ZG,2024,
CHI,NY.GDP.MKTP.KD.ZG,2023,3.71500590367266
CHI,NY.GDP.MKTP.KD.ZG,2022,5.34196140375869
CHI,NY.GDP.MKTP.KD.ZG,2021,9.93680136985076
CHI,NY.GDP.MKTP.KD.ZG,2020,-8.89677926591959
CHI,NY.GDP.MKTP.KD.ZG,2019,1.57335596156342
CHI,NY.GDP.MKTP.KD.ZG,2018,1.1222435658518
CHI,NY.GDP.MKTP.KD.ZG,2017,1.80648131383585
CHI,NY.GDP.MKTP.KD.ZG,2016,1.21302407657195
CHI,NY.GDP.MKTP.KD.ZG,2015,0.374367083829384
CHI,NY.GDP.MKTP.KD.ZG,2014,2.42710178482311
CHI,NY.GDP.MKTP.KD.ZG,2013,0.493931120528785
CHI,NY.GDP.MKTP.KD.ZG,2012,-5.75366122139113
CHI,NY.GDP.MKTP.KD.ZG,2011,1.12504310895372
CHI,NY.GDP.MKTP.KD.ZG,2010,-3.60663231572742
CHI,NY.GDP.MKTP.KD.ZG,2009,
CHI,NY.GDP.MKTP.KD.ZG,2008,
CHI,NY.GDP.MKTP.KD.ZG,2007,
CHI,NY.GDP.MKTP.KD.ZG,2006,
CHI,NY.GDP.MKTP.KD.ZG,2005,
CHI,NY.GDP.MKTP.KD.ZG,2004,
CHI,NY.GDP.MKTP.KD.ZG,2003,
CHI,NY.GDP.MKTP.KD.ZG,2002,
CHI,NY.GDP.MKTP.KD.ZG,2001,
CHI,NY.GDP.MKTP.KD.ZG,2000,
CHI,NY.GDP.MKTP.KD.ZG,1999,
CHI,NY.GDP.MKTP.KD.ZG,1998,
CHI,NY.GDP.MKTP.KD.ZG,1997,
CHI,NY.GDP.MKTP.KD.ZG,1996,
CHI,NY.GDP.MKTP.KD.ZG,1995,
CHI,NY.GDP.MKTP.KD.ZG,1994,
CHI,NY.GDP.MKTP.KD.ZG,1993,
CHI,NY.GDP.MKTP.KD.ZG,1992,
CHI,NY.GDP.MKTP.KD.ZG,1991,
CHI,NY.GDP.MKTP.KD.ZG,1990,
CHI,NY.GDP.MKTP.KD.ZG,1989,
CHI,NY.GDP.MKTP.KD.ZG,1988,
CHI,NY.GDP.MKTP.KD.ZG,1987,
CHI,NY.GDP.MKTP.KD.ZG,1986,
CHI,NY.GDP.MKTP.KD.ZG,1985,
CHI,NY.GDP.MKTP.KD.ZG,1984,
CHI,NY.GDP.MKTP.KD.ZG,1983,
CHI,NY.GDP.MKTP.KD.ZG,1982,
CHI,NY.GDP.MKTP.KD.ZG,1981,
CHI,NY.GDP.MKTP.KD.ZG,1980,
CHI,NY.GDP.MKTP.KD.ZG,1979,
CHI,NY.GDP.MKTP.KD.ZG,1978,
CHI,NY.GDP.MKTP.KD.ZG,1977,
CHI,NY.GDP.MKTP.KD.ZG,1976,
CHI,NY.GDP.MKTP.KD.ZG,1975,
CHI,NY.GDP.MKTP.KD.ZG,1974,
CHI,NY.GDP.MKTP.KD.ZG,1973,
CHI,NY.GDP.MKTP.KD.ZG,1972,
CHI,NY.GDP.MKTP.KD.ZG,1971,
CHI,NY.GDP.MKTP.KD.ZG,1970,
CHI,NY.GDP.MKTP.KD.ZG,1969,
CHI,NY.GDP.MKTP.KD.ZG,1968,
CHI,NY.GDP.MKTP.KD.ZG,1967,
CHI,NY.GDP.MKTP.KD.ZG,1966,
CHI,NY.GDP.MKTP.KD.ZG,1965,
CHI,NY.GDP.MKTP.KD.ZG,1964,
CHI,NY.GDP.MKTP.KD.ZG,1963,
CHI,NY.GDP.MKTP.KD.ZG,1962,
CHI,NY.GDP.MKTP.KD.ZG,1961,
CHI,NY.GDP.MKTP.KD.ZG,1960,
CHL,NY.GDP.MKTP.KD.ZG,2025,
CHL,NY.GDP.MKTP.KD.ZG,2024,2.64431154871538
CHL,NY.GDP.MKTP.KD.ZG,2023,0.521367977246825
CHL,NY.GDP.MKTP.KD.ZG,2022,2.15399356192458
CHL,NY.GDP.MKTP.KD.ZG,2021,11.3149204879049
CHL,NY.GDP.MKTP.KD.ZG,2020,-6.14347479224092
CHL,NY.GDP.MKTP.KD.ZG,2019,0.634367533828438
CHL,NY.GDP.MKTP.KD.ZG,2018,3.99002947789977
CHL,NY.GDP.MKTP.KD.ZG,2017,1.35769537343957
CHL,NY.GDP.MKTP.KD.ZG,2016,1.753038749071
CHL,NY.GDP.MKTP.KD.ZG,2015,2.15194249981184
CHL,NY.GDP.MKTP.KD.ZG,2014,1.79264947139259
CHL,NY.GDP.MKTP.KD.ZG,2013,3.30850824710085
CHL,NY.GDP.MKTP.KD.ZG,2012,6.15534001855494
CHL,NY.GDP.MKTP.KD.ZG,2011,6.22389678509138
CHL,NY.GDP.MKTP.KD.ZG,2010,5.85165102224047
CHL,NY.GDP.MKTP.KD.ZG,2009,-1.11803723642878
CHL,NY.GDP.MKTP.KD.ZG,2008,3.78939280635238
CHL,NY.GDP.MKTP.KD.ZG,2007,5.16823098528431
CHL,NY.GDP.MKTP.KD.ZG,2006,6.04999082563968
CHL,NY.GDP.MKTP.KD.ZG,2005,5.83704571917758
CHL,NY.GDP.MKTP.KD.ZG,2004,6.67425416822923
CHL,NY.GDP.MKTP.KD.ZG,2003,4.72324526861041
CHL,NY.GDP.MKTP.KD.ZG,2002,3.20279913520113
CHL,NY.GDP.MKTP.KD.ZG,2001,3.15403492459967
CHL,NY.GDP.MKTP.KD.ZG,2000,4.9716214882971
CHL,NY.GDP.MKTP.KD.ZG,1999,-0.2736313981937
CHL,NY.GDP.MKTP.KD.ZG,1998,4.18088662700669
CHL,NY.GDP.MKTP.KD.ZG,1997,7.3917392684331
CHL,NY.GDP.MKTP.KD.ZG,1996,7.1148626270751
CHL,NY.GDP.MKTP.KD.ZG,1995,9.25542757753573
CHL,NY.GDP.MKTP.KD.ZG,1994,5.07680374667352
CHL,NY.GDP.MKTP.KD.ZG,1993,6.6855844008042
CHL,NY.GDP.MKTP.KD.ZG,1992,11.5019314370192
CHL,NY.GDP.MKTP.KD.ZG,1991,7.75620189312957
CHL,NY.GDP.MKTP.KD.ZG,1990,3.59872304691744
CHL,NY.GDP.MKTP.KD.ZG,1989,10.3583568690228
CHL,NY.GDP.MKTP.KD.ZG,1988,7.35081069623416
CHL,NY.GDP.MKTP.KD.ZG,1987,6.73884253090458
CHL,NY.GDP.MKTP.KD.ZG,1986,5.40556438635799
CHL,NY.GDP.MKTP.KD.ZG,1985,3.55239860775048
CHL,NY.GDP.MKTP.KD.ZG,1984,3.98371018713553
CHL,NY.GDP.MKTP.KD.ZG,1983,-4.9352297090374
CHL,NY.GDP.MKTP.KD.ZG,1982,-11.5020620535762
CHL,NY.GDP.MKTP.KD.ZG,1981,6.71863895635887
CHL,NY.GDP.MKTP.KD.ZG,1980,8.17228334347537
CHL,NY.GDP.MKTP.KD.ZG,1979,8.43582175738598
CHL,NY.GDP.MKTP.KD.ZG,1978,8.02682491365691
CHL,NY.GDP.MKTP.KD.ZG,1977,11.1491944807539
CHL,NY.GDP.MKTP.KD.ZG,1976,3.60469484521828
CHL,NY.GDP.MKTP.KD.ZG,1975,-12.2737621533613
CHL,NY.GDP.MKTP.KD.ZG,1974,1.2495800122858
CHL,NY.GDP.MKTP.KD.ZG,1973,-5.03775611682208
CHL,NY.GDP.MKTP.KD.ZG,1972,-0.712365918422577
CHL,NY.GDP.MKTP.KD.ZG,1971,9.57107393842624
CHL,NY.GDP.MKTP.KD.ZG,1970,1.69447257971353
CHL,NY.GDP.MKTP.KD.ZG,1969,4.10317976748962
CHL,NY.GDP.MKTP.KD.ZG,1968,3.57371701447551
CHL,NY.GDP.MKTP.KD.ZG,1967,3.58811073177469
CHL,NY.GDP.MKTP.KD.ZG,1966,11.4634218589357
CHL,NY.GDP.MKTP.KD.ZG,1965,0.670838636062939
CHL,NY.GDP.MKTP.KD.ZG,1964,2.46113427734542
CHL,NY.GDP.MKTP.KD.ZG,1963,5.68667190016438
CHL,NY.GDP.MKTP.KD.ZG,1962,3.93078479110629
CHL,NY.GDP.MKTP.KD.ZG,1961,5.51961070344885
CHL,NY.GDP.MKTP.KD.ZG,1960,
CHN,NY.GDP.MKTP.KD.ZG,2025,
CHN,NY.GDP.MKTP.KD.ZG,2024,4.9773565917572
CHN,NY.GDP.MKTP.KD.ZG,2023,5.41484330099675
CHN,NY.GDP.MKTP.KD.ZG,2022,3.1341888719577
CHN,NY.GDP.MKTP.KD.ZG,2021,8.57008513166322
CHN,NY.GDP.MKTP.KD.ZG,2020,2.34018843078414
CHN,NY.GDP.MKTP.KD.ZG,2019,6.06850235053705
CHN,NY.GDP.MKTP.KD.ZG,2018,6.75671800166833
CHN,NY.GDP.MKTP.KD.ZG,2017,6.8912663621211
CHN,NY.GDP.MKTP.KD.ZG,2016,6.77555562837017
CHN,NY.GDP.MKTP.KD.ZG,2015,6.97878002657477
CHN,NY.GDP.MKTP.KD.ZG,2014,7.46190028229434
CHN,NY.GDP.MKTP.KD.ZG,2013,7.77872409446717
CHN,NY.GDP.MKTP.KD.ZG,2012,7.85617427055587
CHN,NY.GDP.MKTP.KD.ZG,2011,9.4613358870736
CHN,NY.GDP.MKTP.KD.ZG,2010,10.5962719761682
CHN,NY.GDP.MKTP.KD.ZG,2009,9.40269972778044
CHN,NY.GDP.MKTP.KD.ZG,2008,9.67024588602851
CHN,NY.GDP.MKTP.KD.ZG,2007,14.1499854947127
CHN,NY.GDP.MKTP.KD.ZG,2006,12.6746751655235
CHN,NY.GDP.MKTP.KD.ZG,2005,11.458238455067
CHN,NY.GDP.MKTP.KD.ZG,2004,10.1314073631003
CHN,NY.GDP.MKTP.KD.ZG,2003,10.1181928640117
CHN,NY.GDP.MKTP.KD.ZG,2002,9.24339326638321
CHN,NY.GDP.MKTP.KD.ZG,2001,8.31263887091522
CHN,NY.GDP.MKTP.KD.ZG,2000,8.58643201808462
CHN,NY.GDP.MKTP.KD.ZG,1999,7.7370030581299
CHN,NY.GDP.MKTP.KD.ZG,1998,7.92079207933551
CHN,NY.GDP.MKTP.KD.ZG,1997,9.2876465280865
CHN,NY.GDP.MKTP.KD.ZG,1996,9.97619992053447
CHN,NY.GDP.MKTP.KD.ZG,1995,11.0328121562746
CHN,NY.GDP.MKTP.KD.ZG,1994,13.0727091631599
CHN,NY.GDP.MKTP.KD.ZG,1993,13.9290780143689
CHN,NY.GDP.MKTP.KD.ZG,1992,14.2996108947926
CHN,NY.GDP.MKTP.KD.ZG,1991,9.36170212784847
CHN,NY.GDP.MKTP.KD.ZG,1990,3.9416305983694
CHN,NY.GDP.MKTP.KD.ZG,1989,4.20633435547828
CHN,NY.GDP.MKTP.KD.ZG,1988,11.2225949825209
CHN,NY.GDP.MKTP.KD.ZG,1987,11.6282225655699
CHN,NY.GDP.MKTP.KD.ZG,1986,8.93506493506504
CHN,NY.GDP.MKTP.KD.ZG,1985,13.435474366529
CHN,NY.GDP.MKTP.KD.ZG,1984,15.2325609955089
CHN,NY.GDP.MKTP.KD.ZG,1983,10.7273706842105
CHN,NY.GDP.MKTP.KD.ZG,1982,9.05928417062999
CHN,NY.GDP.MKTP.KD.ZG,1981,5.11276109058952
CHN,NY.GDP.MKTP.KD.ZG,1980,7.83414501593799
CHN,NY.GDP.MKTP.KD.ZG,1979,7.59132468000007
CHN,NY.GDP.MKTP.KD.ZG,1978,11.3259779878892
CHN,NY.GDP.MKTP.KD.ZG,1977,7.57000000138403
CHN,NY.GDP.MKTP.KD.ZG,1976,-1.57000000165326
CHN,NY.GDP.MKTP.KD.ZG,1975,8.71999999747992
CHN,NY.GDP.MKTP.KD.ZG,1974,2.31000000294736
CHN,NY.GDP.MKTP.KD.ZG,1973,7.76000000084325
CHN,NY.GDP.MKTP.KD.ZG,1972,3.81000000021984
CHN,NY.GDP.MKTP.KD.ZG,1971,7.05999999853672
CHN,NY.GDP.MKTP.KD.ZG,1970,19.2999999967022
CHN,NY.GDP.MKTP.KD.ZG,1969,16.9399999960609
CHN,NY.GDP.MKTP.KD.ZG,1968,-4.09999998647768
CHN,NY.GDP.MKTP.KD.ZG,1967,-5.77000000405148
CHN,NY.GDP.MKTP.KD.ZG,1966,10.6499999984174
CHN,NY.GDP.MKTP.KD.ZG,1965,16.9500000038699
CHN,NY.GDP.MKTP.KD.ZG,1964,18.1799999938203
CHN,NY.GDP.MKTP.KD.ZG,1963,10.2999999963989
CHN,NY.GDP.MKTP.KD.ZG,1962,-5.57999999019671
CHN,NY.GDP.MKTP.KD.ZG,1961,-27.2700000038883
CHN,NY.GDP.MKTP.KD.ZG,1960,
COL,NY.GDP.MKTP.KD.ZG,2025,
COL,NY.GDP.MKTP.KD.ZG,2024,1.5983315366523
COL,NY.GDP.MKTP.KD.ZG,2023,0.712380031974334
COL,NY.GDP.MKTP.KD.ZG,2022,7.32827729427979
COL,NY.GDP.MKTP.KD.ZG,2021,10.8011981904878
COL,NY.GDP.MKTP.KD.ZG,2020,-7.18591413760859
COL,NY.GDP.MKTP.KD.ZG,2019,3.18685539245533
COL,NY.GDP.MKTP.KD.ZG,2018,2.56432428277704
COL,NY.GDP.MKTP.KD.ZG,2017,1.35936086788746
COL,NY.GDP.MKTP.KD.ZG,2016,2.08738250162794
COL,NY.GDP.MKTP.KD.ZG,2015,2.95590137527523
COL,NY.GDP.MKTP.KD.ZG,2014,4.49903000110972
COL,NY.GDP.MKTP.KD.ZG,2013,5.13399351995672
COL,NY.GDP.MKTP.KD.ZG,2012,3.91263576716115
COL,NY.GDP.MKTP.KD.ZG,2011,6.94789198173555
COL,NY.GDP.MKTP.KD.ZG,2010,4.49465897070922
COL,NY.GDP.MKTP.KD.ZG,2009,1.13964864548062
COL,NY.GDP.MKTP.KD.ZG,2008,3.28344618616541
COL,NY.GDP.MKTP.KD.ZG,2007,6.73819469090975
COL,NY.GDP.MKTP.KD.ZG,2006,6.71686869844402
COL,NY.GDP.MKTP.KD.ZG,2005,4.82876110773741
COL,NY.GDP.MKTP.KD.ZG,2004,5.33302206759905
COL,NY.GDP.MKTP.KD.ZG,2003,3.91827190322513
COL,NY.GDP.MKTP.KD.ZG,2002,2.50398046659659
COL,NY.GDP.MKTP.KD.ZG,2001,1.67789830787579
COL,NY.GDP.MKTP.KD.ZG,2000,2.92486148176778
COL,NY.GDP.MKTP.KD.ZG,1999,-4.20401524244947
COL,NY.GDP.MKTP.KD.ZG,1998,0.569784088434517
COL,NY.GDP.MKTP.KD.ZG,1997,3.43029367788374
COL,NY.GDP.MKTP.KD.ZG,1996,2.05585471287195
COL,NY.GDP.MKTP.KD.ZG,1995,5.20243759278655
COL,NY.GDP.MKTP.KD.ZG,1994,5.81466190724336
COL,NY.GDP.MKTP.KD.ZG,1993,5.38540993901029
COL,NY.GDP.MKTP.KD.ZG,1992,4.04492943933556
COL,NY.GDP.MKTP.KD.ZG,1991,2.00160759559029
COL,NY.GDP.MKTP.KD.ZG,1990,4.28199833053058
COL,NY.GDP.MKTP.KD.ZG,1989,3.41409610966596
COL,NY.GDP.MKTP.KD.ZG,1988,4.06417324490376
COL,NY.GDP.MKTP.KD.ZG,1987,5.36893214821323
COL,NY.GDP.MKTP.KD.ZG,1986,5.82407613745866
COL,NY.GDP.MKTP.KD.ZG,1985,3.1071061957296
COL,NY.GDP.MKTP.KD.ZG,1984,3.35068373940706
COL,NY.GDP.MKTP.KD.ZG,1983,1.57395603843689
COL,NY.GDP.MKTP.KD.ZG,1982,0.948420786604515
COL,NY.GDP.MKTP.KD.ZG,1981,2.27687274512178
COL,NY.GDP.MKTP.KD.ZG,1980,4.08735367550767
COL,NY.GDP.MKTP.KD.ZG,1979,5.37911898820207
COL,NY.GDP.MKTP.KD.ZG,1978,8.4699008376688
COL,NY.GDP.MKTP.KD.ZG,1977,4.15850545346419
COL,NY.GDP.MKTP.KD.ZG,1976,4.7283687345395
COL,NY.GDP.MKTP.KD.ZG,1975,2.32325528115796
COL,NY.GDP.MKTP.KD.ZG,1974,5.74575718912141
COL,NY.GDP.MKTP.KD.ZG,1973,6.72295496919133
COL,NY.GDP.MKTP.KD.ZG,1972,7.66914754440097
COL,NY.GDP.MKTP.KD.ZG,1971,5.9607279462907
COL,NY.GDP.MKTP.KD.ZG,1970,6.20779696127698
COL,NY.GDP.MKTP.KD.ZG,1969,6.10251730873333
COL,NY.GDP.MKTP.KD.ZG,1968,5.93311799878289
COL,NY.GDP.MKTP.KD.ZG,1967,4.13486416579858
COL,NY.GDP.MKTP.KD.ZG,1966,5.23673586229452
COL,NY.GDP.MKTP.KD.ZG,1965,3.60001138983772
COL,NY.GDP.MKTP.KD.ZG,1964,6.16694132350723
COL,NY.GDP.MKTP.KD.ZG,1963,3.28670755407101
COL,NY.GDP.MKTP.KD.ZG,1962,5.41188961342047
COL,NY.GDP.MKTP.KD.ZG,1961,5.08921698439107
COL,NY.GDP.MKTP.KD.ZG,1960,
COM,NY.GDP.MKTP.KD.ZG,2025,
COM,NY.GDP.MKTP.KD.ZG,2024,3.3381010943571
COM,NY.GDP.MKTP.KD.ZG,2023,2.99521564038136
COM,NY.GDP.MKTP.KD.ZG,2022,2.60301031927843
COM,NY.GDP.MKTP.KD.ZG,2021,2.0001921183449
COM,NY.GDP.MKTP.KD.ZG,2020,-0.195577456821965
COM,NY.GDP.MKTP.KD.ZG,2019,1.76070164655727
COM,NY.GDP.MKTP.KD.ZG,2018,3.64259587408398
COM,NY.GDP.MKTP.KD.ZG,2017,3.81570211280726
COM,NY.GDP.MKTP.KD.ZG,2016,3.32039987961315
COM,NY.GDP.MKTP.KD.ZG,2015,1.14747399397193
COM,NY.GDP.MKTP.KD.ZG,2014,2.10666920560958
COM,NY.GDP.MKTP.KD.ZG,2013,4.4661636979028
COM,NY.GDP.MKTP.KD.ZG,2012,3.16835627559691
COM,NY.GDP.MKTP.KD.ZG,2011,4.14356479211455
COM,NY.GDP.MKTP.KD.ZG,2010,3.77788070743117
COM,NY.GDP.MKTP.KD.ZG,2009,3.24060198483924
COM,NY.GDP.MKTP.KD.ZG,2008,3.96461118871815
COM,NY.GDP.MKTP.KD.ZG,2007,0.803599788247752
COM,NY.GDP.MKTP.KD.ZG,2006,-1.75444679449394
COM,NY.GDP.MKTP.KD.ZG,2005,5.66520240193151
COM,NY.GDP.MKTP.KD.ZG,2004,3.10041210399676
COM,NY.GDP.MKTP.KD.ZG,2003,1.93442812313498
COM,NY.GDP.MKTP.KD.ZG,2002,4.59768263263243
COM,NY.GDP.MKTP.KD.ZG,2001,5.41959971808741
COM,NY.GDP.MKTP.KD.ZG,2000,-1.00701887109655
COM,NY.GDP.MKTP.KD.ZG,1999,2.69768646408839
COM,NY.GDP.MKTP.KD.ZG,1998,0.0250407992332242
COM,NY.GDP.MKTP.KD.ZG,1997,4.41042562590719
COM,NY.GDP.MKTP.KD.ZG,1996,-0.510368828932258
COM,NY.GDP.MKTP.KD.ZG,1995,5.63727928670581
COM,NY.GDP.MKTP.KD.ZG,1994,-3.98651752857747
COM,NY.GDP.MKTP.KD.ZG,1993,2.5473458344995
COM,NY.GDP.MKTP.KD.ZG,1992,7.35801529393501
COM,NY.GDP.MKTP.KD.ZG,1991,-6.16697445150861
COM,NY.GDP.MKTP.KD.ZG,1990,7.33881096130857
COM,NY.GDP.MKTP.KD.ZG,1989,-0.917059811290571
COM,NY.GDP.MKTP.KD.ZG,1988,4.9705961043117
COM,NY.GDP.MKTP.KD.ZG,1987,2.07774404121217
COM,NY.GDP.MKTP.KD.ZG,1986,2.07103502558049
COM,NY.GDP.MKTP.KD.ZG,1985,2.77913541754444
COM,NY.GDP.MKTP.KD.ZG,1984,4.16654475231881
COM,NY.GDP.MKTP.KD.ZG,1983,3.09306338155623
COM,NY.GDP.MKTP.KD.ZG,1982,4.05790550805429
COM,NY.GDP.MKTP.KD.ZG,1981,5.46198458727258
COM,NY.GDP.MKTP.KD.ZG,1980,
COM,NY.GDP.MKTP.KD.ZG,1979,
COM,NY.GDP.MKTP.KD.ZG,1978,
COM,NY.GDP.MKTP.KD.ZG,1977,
COM,NY.GDP.MKTP.KD.ZG,1976,
COM,NY.GDP.MKTP.KD.ZG,1975,
COM,NY.GDP.MKTP.KD.ZG,1974,
COM,NY.GDP.MKTP.KD.ZG,1973,
COM,NY.GDP.MKTP.KD.ZG,1972,
COM,NY.GDP.MKTP.KD.ZG,1971,
COM,NY.GDP.MKTP.KD.ZG,1970,
COM,NY.GDP.MKTP.KD.ZG,1969,
COM,NY.GDP.MKTP.KD.ZG,1968,
COM,NY.GDP.MKTP.KD.ZG,1967,
COM,NY.GDP.MKTP.KD.ZG,1966,
COM,NY.GDP.MKTP.KD.ZG,1965,
COM,NY.GDP.MKTP.KD.ZG,1964,
COM,NY.GDP.MKTP.KD.ZG,1963,
COM,NY.GDP.MKTP.KD.ZG,1962,
COM,NY.GDP.MKTP.KD.ZG,1961,
COM,NY.GDP.MKTP.KD.ZG,1960,
COD,NY.GDP.MKTP.KD.ZG,2025,
COD,NY.GDP.MKTP.KD.ZG,2024,6.12675551779212
COD,NY.GDP.MKTP.KD.ZG,2023,8.5334898318451
COD,NY.GDP.MKTP.KD.ZG,2022,9.31116944064918
COD,NY.GDP.MKTP.KD.ZG,2021,6.42961005647355
COD,NY.GDP.MKTP.KD.ZG,2020,0.775427992354622
COD,NY.GDP.MKTP.KD.ZG,2019,0.555384294580819
COD,NY.GDP.MKTP.KD.ZG,2018,6.07168870646615
COD,NY.GDP.MKTP.KD.ZG,2017,4.24121047272719
COD,NY.GDP.MKTP.KD.ZG,2016,0.393832798154563
COD,NY.GDP.MKTP.KD.ZG,2015,6.35973756164829
COD,NY.GDP.MKTP.KD.ZG,2014,7.30227750870263
COD,NY.GDP.MKTP.KD.ZG,2013,9.62448879216879
COD,NY.GDP.MKTP.KD.ZG,2012,8.66859360531922
COD,NY.GDP.MKTP.KD.ZG,2011,7.59331721294959
COD,NY.GDP.MKTP.KD.ZG,2010,7.84300782191249
COD,NY.GDP.MKTP.KD.ZG,2009,0.565481557604713
COD,NY.GDP.MKTP.KD.ZG,2008,7.40172337539792
COD,NY.GDP.MKTP.KD.ZG,2007,8.52992974243585
COD,NY.GDP.MKTP.KD.ZG,2006,5.10894433184896
COD,NY.GDP.MKTP.KD.ZG,2005,6.13515115548968
COD,NY.GDP.MKTP.KD.ZG,2004,6.73837393324293
COD,NY.GDP.MKTP.KD.ZG,2003,5.57782231144439
COD,NY.GDP.MKTP.KD.ZG,2002,2.94776518359767
COD,NY.GDP.MKTP.KD.ZG,2001,-2.10017302488848
COD,NY.GDP.MKTP.KD.ZG,2000,-6.91092731652104
COD,NY.GDP.MKTP.KD.ZG,1999,-4.27014083113345
COD,NY.GDP.MKTP.KD.ZG,1998,-1.62415404479
COD,NY.GDP.MKTP.KD.ZG,1997,-5.61704659870092
COD,NY.GDP.MKTP.KD.ZG,1996,-1.02317264199921
COD,NY.GDP.MKTP.KD.ZG,1995,0.699998829794396
COD,NY.GDP.MKTP.KD.ZG,1994,-3.89999680312374
COD,NY.GDP.MKTP.KD.ZG,1993,-13.469050538128
COD,NY.GDP.MKTP.KD.ZG,1992,-10.5000085646478
COD,NY.GDP.MKTP.KD.ZG,1991,-8.42105149913377
COD,NY.GDP.MKTP.KD.ZG,1990,-6.56831069464245
COD,NY.GDP.MKTP.KD.ZG,1989,-1.26605063560959
COD,NY.GDP.MKTP.KD.ZG,1988,0.470381336748687
COD,NY.GDP.MKTP.KD.ZG,1987,2.67564245126937
COD,NY.GDP.MKTP.KD.ZG,1986,4.71720965340853
COD,NY.GDP.MKTP.KD.ZG,1985,0.46785095094603
COD,NY.GDP.MKTP.KD.ZG,1984,5.54107402196998
COD,NY.GDP.MKTP.KD.ZG,1983,1.411703688263
COD,NY.GDP.MKTP.KD.ZG,1982,-0.457677608961589
COD,NY.GDP.MKTP.KD.ZG,1981,2.35052407486099
COD,NY.GDP.MKTP.KD.ZG,1980,2.19491292367724
COD,NY.GDP.MKTP.KD.ZG,1979,0.430088262092724
COD,NY.GDP.MKTP.KD.ZG,1978,-5.34529152756241
COD,NY.GDP.MKTP.KD.ZG,1977,0.760793601550787
COD,NY.GDP.MKTP.KD.ZG,1976,-5.3090020809714
COD,NY.GDP.MKTP.KD.ZG,1975,-4.98163100525392
COD,NY.GDP.MKTP.KD.ZG,1974,3.13058587923626
COD,NY.GDP.MKTP.KD.ZG,1973,8.13727588740186
COD,NY.GDP.MKTP.KD.ZG,1972,0.151135513789086
COD,NY.GDP.MKTP.KD.ZG,1971,6.00501806737552
COD,NY.GDP.MKTP.KD.ZG,1970,-0.245056575086338
COD,NY.GDP.MKTP.KD.ZG,1969,9.32883743855484
COD,NY.GDP.MKTP.KD.ZG,1968,4.33269846401923
COD,NY.GDP.MKTP.KD.ZG,1967,-0.985738661488043
COD,NY.GDP.MKTP.KD.ZG,1966,6.77548530172196
COD,NY.GDP.MKTP.KD.ZG,1965,0.997348793527394
COD,NY.GDP.MKTP.KD.ZG,1964,-2.44022356449143
COD,NY.GDP.MKTP.KD.ZG,1963,5.2139901343489
COD,NY.GDP.MKTP.KD.ZG,1962,21.2006975148134
COD,NY.GDP.MKTP.KD.ZG,1961,-10.8513760836338
COD,NY.GDP.MKTP.KD.ZG,1960,
COG,NY.GDP.MKTP.KD.ZG,2025,
COG,NY.GDP.MKTP.KD.ZG,2024,2.57966943921721
COG,NY.GDP.MKTP.KD.ZG,2023,1.90686426346754
COG,NY.GDP.MKTP.KD.ZG,2022,1.47535613247133
COG,NY.GDP.MKTP.KD.ZG,2021,1.01507036990908
COG,NY.GDP.MKTP.KD.ZG,2020,-6.26777227963225
COG,NY.GDP.MKTP.KD.ZG,2019,1.12447391976529
COG,NY.GDP.MKTP.KD.ZG,2018,-2.30431780125842
COG,NY.GDP.MKTP.KD.ZG,2017,-5.59477371915547
COG,NY.GDP.MKTP.KD.ZG,2016,-8.68524343913786
COG,NY.GDP.MKTP.KD.ZG,2015,0.415193061293763
COG,NY.GDP.MKTP.KD.ZG,2014,6.64606540928447
COG,NY.GDP.MKTP.KD.ZG,2013,-0.712434451876447
COG,NY.GDP.MKTP.KD.ZG,2012,9.94715314257564
COG,NY.GDP.MKTP.KD.ZG,2011,2.20591936286718
COG,NY.GDP.MKTP.KD.ZG,2010,9.93126543095578
COG,NY.GDP.MKTP.KD.ZG,2009,11.6372888615758
COG,NY.GDP.MKTP.KD.ZG,2008,6.30637595585259
COG,NY.GDP.MKTP.KD.ZG,2007,-6.61399480441001
COG,NY.GDP.MKTP.KD.ZG,2006,7.98623836334291
COG,NY.GDP.MKTP.KD.ZG,2005,7.75575897806648
COG,NY.GDP.MKTP.KD.ZG,2004,3.47663162118089
COG,NY.GDP.MKTP.KD.ZG,2003,0.813264076303781
COG,NY.GDP.MKTP.KD.ZG,2002,4.58187006108889
COG,NY.GDP.MKTP.KD.ZG,2001,3.80260189913561
COG,NY.GDP.MKTP.KD.ZG,2000,7.5759803952642
COG,NY.GDP.MKTP.KD.ZG,1999,-2.58219935813743
COG,NY.GDP.MKTP.KD.ZG,1998,3.73755276980884
COG,NY.GDP.MKTP.KD.ZG,1997,-0.624812152260716
COG,NY.GDP.MKTP.KD.ZG,1996,4.29048155870402
COG,NY.GDP.MKTP.KD.ZG,1995,3.9853243781107
COG,NY.GDP.MKTP.KD.ZG,1994,-5.49307574541402
COG,NY.GDP.MKTP.KD.ZG,1993,-0.979683208744774
COG,NY.GDP.MKTP.KD.ZG,1992,2.61194805533871
COG,NY.GDP.MKTP.KD.ZG,1991,2.39536745255616
COG,NY.GDP.MKTP.KD.ZG,1990,1.00000356627487
COG,NY.GDP.MKTP.KD.ZG,1989,2.59987651814491
COG,NY.GDP.MKTP.KD.ZG,1988,1.76626342847234
COG,NY.GDP.MKTP.KD.ZG,1987,0.189376640368906
COG,NY.GDP.MKTP.KD.ZG,1986,-6.86152643665193
COG,NY.GDP.MKTP.KD.ZG,1985,-1.18566085432533
COG,NY.GDP.MKTP.KD.ZG,1984,6.9761310544814
COG,NY.GDP.MKTP.KD.ZG,1983,5.85396283993704
COG,NY.GDP.MKTP.KD.ZG,1982,23.5976999601492
COG,NY.GDP.MKTP.KD.ZG,1981,17.6197224701567
COG,NY.GDP.MKTP.KD.ZG,1980,17.6366054827611
COG,NY.GDP.MKTP.KD.ZG,1979,9.81322473809402
COG,NY.GDP.MKTP.KD.ZG,1978,6.3597470112115
COG,NY.GDP.MKTP.KD.ZG,1977,-8.95342798038182
COG,NY.GDP.MKTP.KD.ZG,1976,0.916286751103684
COG,NY.GDP.MKTP.KD.ZG,1975,7.73159683364941
COG,NY.GDP.MKTP.KD.ZG,1974,7.88552081113494
COG,NY.GDP.MKTP.KD.ZG,1973,8.231188946413
COG,NY.GDP.MKTP.KD.ZG,1972,8.61755084484118
COG,NY.GDP.MKTP.KD.ZG,1971,7.75303585308524
COG,NY.GDP.MKTP.KD.ZG,1970,6.35847018696658
COG,NY.GDP.MKTP.KD.ZG,1969,7.54852519466465
COG,NY.GDP.MKTP.KD.ZG,1968,7.63132623875093
COG,NY.GDP.MKTP.KD.ZG,1967,2.11627205671408
COG,NY.GDP.MKTP.KD.ZG,1966,1.35898246232004
COG,NY.GDP.MKTP.KD.ZG,1965,3.67646773649125
COG,NY.GDP.MKTP.KD.ZG,1964,3.81679626842326
COG,NY.GDP.MKTP.KD.ZG,1963,-4.02930039798804
COG,NY.GDP.MKTP.KD.ZG,1962,5.20230878797427
COG,NY.GDP.MKTP.KD.ZG,1961,8.35072672427799
COG,NY.GDP.MKTP.KD.ZG,1960,
CRI,NY.GDP.MKTP.KD.ZG,2025,
CRI,NY.GDP.MKTP.KD.ZG,2024,4.32122429646145
CRI,NY.GDP.MKTP.KD.ZG,2023,5.11192183224598
CRI,NY.GDP.MKTP.KD.ZG,2022,4.55149177958398
CRI,NY.GDP.MKTP.KD.ZG,2021,7.93576224743147
CRI,NY.GDP.MKTP.KD.ZG,2020,-4.27335432161462
CRI,NY.GDP.MKTP.KD.ZG,2019,2.41751181762513
CRI,NY.GDP.MKTP.KD.ZG,2018,2.6159044043379
CRI,NY.GDP.MKTP.KD.ZG,2017,4.1576989627609
CRI,NY.GDP.MKTP.KD.ZG,2016,4.20432325175899
CRI,NY.GDP.MKTP.KD.ZG,2015,3.65208096802883
CRI,NY.GDP.MKTP.KD.ZG,2014,3.54210987765977
CRI,NY.GDP.MKTP.KD.ZG,2013,2.49476611209954
CRI,NY.GDP.MKTP.KD.ZG,2012,4.88259241025739
CRI,NY.GDP.MKTP.KD.ZG,2011,4.40315923970431
CRI,NY.GDP.MKTP.KD.ZG,2010,5.36034352634111
CRI,NY.GDP.MKTP.KD.ZG,2009,-0.873455942787785
CRI,NY.GDP.MKTP.KD.ZG,2008,4.73817487754022
CRI,NY.GDP.MKTP.KD.ZG,2007,8.21513198348715
CRI,NY.GDP.MKTP.KD.ZG,2006,7.3266954325067
CRI,NY.GDP.MKTP.KD.ZG,2005,3.97666636818026
CRI,NY.GDP.MKTP.KD.ZG,2004,4.42459959654504
CRI,NY.GDP.MKTP.KD.ZG,2003,4.31717986636224
CRI,NY.GDP.MKTP.KD.ZG,2002,3.41687639041064
CRI,NY.GDP.MKTP.KD.ZG,2001,3.49116989434005
CRI,NY.GDP.MKTP.KD.ZG,2000,3.86871808953644
CRI,NY.GDP.MKTP.KD.ZG,1999,4.21481117123987
CRI,NY.GDP.MKTP.KD.ZG,1998,7.15530857859194
CRI,NY.GDP.MKTP.KD.ZG,1997,5.4761657765486
CRI,NY.GDP.MKTP.KD.ZG,1996,1.35045949139338
CRI,NY.GDP.MKTP.KD.ZG,1995,4.15395304333353
CRI,NY.GDP.MKTP.KD.ZG,1994,4.51902837637206
CRI,NY.GDP.MKTP.KD.ZG,1993,7.09719123999687
CRI,NY.GDP.MKTP.KD.ZG,1992,9.2011037327736
CRI,NY.GDP.MKTP.KD.ZG,1991,2.26565496296193
CRI,NY.GDP.MKTP.KD.ZG,1990,3.55306336572285
CRI,NY.GDP.MKTP.KD.ZG,1989,5.66597554871299
CRI,NY.GDP.MKTP.KD.ZG,1988,3.43214737968853
CRI,NY.GDP.MKTP.KD.ZG,1987,4.76453327969497
CRI,NY.GDP.MKTP.KD.ZG,1986,5.53625084315689
CRI,NY.GDP.MKTP.KD.ZG,1985,0.721601729268301
CRI,NY.GDP.MKTP.KD.ZG,1984,8.02410790730326
CRI,NY.GDP.MKTP.KD.ZG,1983,2.86299270239464
CRI,NY.GDP.MKTP.KD.ZG,1982,-7.28556884666179
CRI,NY.GDP.MKTP.KD.ZG,1981,-2.26165550729665
CRI,NY.GDP.MKTP.KD.ZG,1980,0.751895403326316
CRI,NY.GDP.MKTP.KD.ZG,1979,4.93912395498313
CRI,NY.GDP.MKTP.KD.ZG,1978,6.2676868244256
CRI,NY.GDP.MKTP.KD.ZG,1977,8.90447443155173
CRI,NY.GDP.MKTP.KD.ZG,1976,5.51756440295588
CRI,NY.GDP.MKTP.KD.ZG,1975,2.10007104948492
CRI,NY.GDP.MKTP.KD.ZG,1974,5.54489999097112
CRI,NY.GDP.MKTP.KD.ZG,1973,7.70891581191246
CRI,NY.GDP.MKTP.KD.ZG,1972,8.17804513351518
CRI,NY.GDP.MKTP.KD.ZG,1971,6.77850542642193
CRI,NY.GDP.MKTP.KD.ZG,1970,7.50313434335064
CRI,NY.GDP.MKTP.KD.ZG,1969,5.4917999425584
CRI,NY.GDP.MKTP.KD.ZG,1968,8.47330434699462
CRI,NY.GDP.MKTP.KD.ZG,1967,5.65012592038407
CRI,NY.GDP.MKTP.KD.ZG,1966,6.96931903096743
CRI,NY.GDP.MKTP.KD.ZG,1965,8.1905275942481
CRI,NY.GDP.MKTP.KD.ZG,1964,3.65904831414015
CRI,NY.GDP.MKTP.KD.ZG,1963,6.89892344200918
CRI,NY.GDP.MKTP.KD.ZG,1962,5.44239137528237
CRI,NY.GDP.MKTP.KD.ZG,1961,1.8792765563641
CRI,NY.GDP.MKTP.KD.ZG,1960,
CIV,NY.GDP.MKTP.KD.ZG,2025,
CIV,NY.GDP.MKTP.KD.ZG,2024,6.01953461940062
CIV,NY.GDP.MKTP.KD.ZG,2023,6.60000045223954
CIV,NY.GDP.MKTP.KD.ZG,2022,6.39988362720531
CIV,NY.GDP.MKTP.KD.ZG,2021,7.06332910205232
CIV,NY.GDP.MKTP.KD.ZG,2020,0.699728593494228
CIV,NY.GDP.MKTP.KD.ZG,2019,6.72137167584978
CIV,NY.GDP.MKTP.KD.ZG,2018,4.84314605889178
CIV,NY.GDP.MKTP.KD.ZG,2017,7.41076242592504
CIV,NY.GDP.MKTP.KD.ZG,2016,7.17275963956332
CIV,NY.GDP.MKTP.KD.ZG,2015,7.19494942728191
CIV,NY.GDP.MKTP.KD.ZG,2014,9.37199994240375
CIV,NY.GDP.MKTP.KD.ZG,2013,10.7602131311256
CIV,NY.GDP.MKTP.KD.ZG,2012,7.62041176451649
CIV,NY.GDP.MKTP.KD.ZG,2011,-5.37044724000579
CIV,NY.GDP.MKTP.KD.ZG,2010,6.84804939907013
CIV,NY.GDP.MKTP.KD.ZG,2009,3.60332156667053
CIV,NY.GDP.MKTP.KD.ZG,2008,4.7826659787672
CIV,NY.GDP.MKTP.KD.ZG,2007,1.10142976793477
CIV,NY.GDP.MKTP.KD.ZG,2006,2.81557859252327
CIV,NY.GDP.MKTP.KD.ZG,2005,0.996065564854788
CIV,NY.GDP.MKTP.KD.ZG,2004,3.18503822575397
CIV,NY.GDP.MKTP.KD.ZG,2003,-4.72586658630681
CIV,NY.GDP.MKTP.KD.ZG,2002,-2.73052647441901
CIV,NY.GDP.MKTP.KD.ZG,2001,-2.15401249077306
CIV,NY.GDP.MKTP.KD.ZG,2000,-0.265789462275947
CIV,NY.GDP.MKTP.KD.ZG,1999,1.16685998202273
CIV,NY.GDP.MKTP.KD.ZG,1998,4.26390594437231
CIV,NY.GDP.MKTP.KD.ZG,1997,9.6488400474633
CIV,NY.GDP.MKTP.KD.ZG,1996,7.72932741916973
CIV,NY.GDP.MKTP.KD.ZG,1995,7.12574472834217
CIV,NY.GDP.MKTP.KD.ZG,1994,0.811206679935481
CIV,NY.GDP.MKTP.KD.ZG,1993,-0.192485098607804
CIV,NY.GDP.MKTP.KD.ZG,1992,-0.244560610691636
CIV,NY.GDP.MKTP.KD.ZG,1991,0.0409251717252914
CIV,NY.GDP.MKTP.KD.ZG,1990,-1.09590841238308
CIV,NY.GDP.MKTP.KD.ZG,1989,2.94800494335441
CIV,NY.GDP.MKTP.KD.ZG,1988,1.13648396562287
CIV,NY.GDP.MKTP.KD.ZG,1987,-0.348972913938866
CIV,NY.GDP.MKTP.KD.ZG,1986,3.25934876606091
CIV,NY.GDP.MKTP.KD.ZG,1985,4.50122318068745
CIV,NY.GDP.MKTP.KD.ZG,1984,-2.70126143487833
CIV,NY.GDP.MKTP.KD.ZG,1983,-3.90024044138104
CIV,NY.GDP.MKTP.KD.ZG,1982,0.200822346671046
CIV,NY.GDP.MKTP.KD.ZG,1981,3.50049890850418
CIV,NY.GDP.MKTP.KD.ZG,1980,-10.9576972637217
CIV,NY.GDP.MKTP.KD.ZG,1979,2.39440746193296
CIV,NY.GDP.MKTP.KD.ZG,1978,10.9094536523705
CIV,NY.GDP.MKTP.KD.ZG,1977,7.31445915354267
CIV,NY.GDP.MKTP.KD.ZG,1976,12.9163974375478
CIV,NY.GDP.MKTP.KD.ZG,1975,8.25288636734977
CIV,NY.GDP.MKTP.KD.ZG,1974,4.3273808575466
CIV,NY.GDP.MKTP.KD.ZG,1973,5.93919753616822
CIV,NY.GDP.MKTP.KD.ZG,1972,4.23662501175109
CIV,NY.GDP.MKTP.KD.ZG,1971,9.45663766175453
CIV,NY.GDP.MKTP.KD.ZG,1970,10.3750318437426
CIV,NY.GDP.MKTP.KD.ZG,1969,9.53921877056503
CIV,NY.GDP.MKTP.KD.ZG,1968,12.5482486395257
CIV,NY.GDP.MKTP.KD.ZG,1967,4.59815178505383
CIV,NY.GDP.MKTP.KD.ZG,1966,11.5773596880237
CIV,NY.GDP.MKTP.KD.ZG,1965,-3.10965427332918
CIV,NY.GDP.MKTP.KD.ZG,1964,17.6130878299454
CIV,NY.GDP.MKTP.KD.ZG,1963,14.490355865667
CIV,NY.GDP.MKTP.KD.ZG,1962,1.22699449007209
CIV,NY.GDP.MKTP.KD.ZG,1961,9.93255515611813
CIV,NY.GDP.MKTP.KD.ZG,1960,
HRV,NY.GDP.MKTP.KD.ZG,2025,
HRV,NY.GDP.MKTP.KD.ZG,2024,3.82688702890739
HRV,NY.GDP.MKTP.KD.ZG,2023,3.76164540703459
HRV,NY.GDP.MKTP.KD.ZG,2022,7.29445343642668
HRV,NY.GDP.MKTP.KD.ZG,2021,12.6322190351024
HRV,NY.GDP.MKTP.KD.ZG,2020,-8.31086401501189
HRV,NY.GDP.MKTP.KD.ZG,2019,3.10152683894853
HRV,NY.GDP.MKTP.KD.ZG,2018,2.91107593407843
HRV,NY.GDP.MKTP.KD.ZG,2017,3.28396321643012
HRV,NY.GDP.MKTP.KD.ZG,2016,3.46646114288178
HRV,NY.GDP.MKTP.KD.ZG,2015,2.31998692708386
HRV,NY.GDP.MKTP.KD.ZG,2014,-0.557692913614588
HRV,NY.GDP.MKTP.KD.ZG,2013,-0.13364573653061
HRV,NY.GDP.MKTP.KD.ZG,2012,-2.23743360119771
HRV,NY.GDP.MKTP.KD.ZG,2011,-0.110906722446629
HRV,NY.GDP.MKTP.KD.ZG,2010,-1.33604672354973
HRV,NY.GDP.MKTP.KD.ZG,2009,-6.81231217572574
HRV,NY.GDP.MKTP.KD.ZG,2008,1.97287006723876
HRV,NY.GDP.MKTP.KD.ZG,2007,5.04927635248129
HRV,NY.GDP.MKTP.KD.ZG,2006,5.06907770841399
HRV,NY.GDP.MKTP.KD.ZG,2005,4.3270764246793
HRV,NY.GDP.MKTP.KD.ZG,2004,4.17048489878957
HRV,NY.GDP.MKTP.KD.ZG,2003,5.56837282817526
HRV,NY.GDP.MKTP.KD.ZG,2002,5.80332825904055
HRV,NY.GDP.MKTP.KD.ZG,2001,3.11123490972072
HRV,NY.GDP.MKTP.KD.ZG,2000,2.94525315127181
HRV,NY.GDP.MKTP.KD.ZG,1999,-0.848694429591717
HRV,NY.GDP.MKTP.KD.ZG,1998,2.25167791290693
HRV,NY.GDP.MKTP.KD.ZG,1997,6.16799054733428
HRV,NY.GDP.MKTP.KD.ZG,1996,6.10898084975796
HRV,NY.GDP.MKTP.KD.ZG,1995,6.75071401968756
HRV,NY.GDP.MKTP.KD.ZG,1994,5.87047464864034
HRV,NY.GDP.MKTP.KD.ZG,1993,-8.02558188400313
HRV,NY.GDP.MKTP.KD.ZG,1992,-11.7132905102592
HRV,NY.GDP.MKTP.KD.ZG,1991,-21.0886706590035
HRV,NY.GDP.MKTP.KD.ZG,1990,
HRV,NY.GDP.MKTP.KD.ZG,1989,
HRV,NY.GDP.MKTP.KD.ZG,1988,
HRV,NY.GDP.MKTP.KD.ZG,1987,
HRV,NY.GDP.MKTP.KD.ZG,1986,
HRV,NY.GDP.MKTP.KD.ZG,1985,
HRV,NY.GDP.MKTP.KD.ZG,1984,
HRV,NY.GDP.MKTP.KD.ZG,1983,
HRV,NY.GDP.MKTP.KD.ZG,1982,
HRV,NY.GDP.MKTP.KD.ZG,1981,
HRV,NY.GDP.MKTP.KD.ZG,1980,
HRV,NY.GDP.MKTP.KD.ZG,1979,
HRV,NY.GDP.MKTP.KD.ZG,1978,
HRV,NY.GDP.MKTP.KD.ZG,1977,
HRV,NY.GDP.MKTP.KD.ZG,1976,
HRV,NY.GDP.MKTP.KD.ZG,1975,
HRV,NY.GDP.MKTP.KD.ZG,1974,
HRV,NY.GDP.MKTP.KD.ZG,1973,
HRV,NY.GDP.MKTP.KD.ZG,1972,
HRV,NY.GDP.MKTP.KD.ZG,1971,
HRV,NY.GDP.MKTP.KD.ZG,1970,
HRV,NY.GDP.MKTP.KD.ZG,1969,
HRV,NY.GDP.MKTP.KD.ZG,1968,
HRV,NY.GDP.MKTP.KD.ZG,1967,
HRV,NY.GDP.MKTP.KD.ZG,1966,
HRV,NY.GDP.MKTP.KD.ZG,1965,
HRV,NY.GDP.MKTP.KD.ZG,1964,
HRV,NY.GDP.MKTP.KD.ZG,1963,
HRV,NY.GDP.MKTP.KD.ZG,1962,
HRV,NY.GDP.MKTP.KD.ZG,1961,
HRV,NY.GDP.MKTP.KD.ZG,1960,
CUB,NY.GDP.MKTP.KD.ZG,2025,
CUB,NY.GDP.MKTP.KD.ZG,2024,-1.06173273220524
CUB,NY.GDP.MKTP.KD.ZG,2023,-1.92937123169681
CUB,NY.GDP.MKTP.KD.ZG,2022,1.77465227724316
CUB,NY.GDP.MKTP.KD.ZG,2021,1.25448735650322
CUB,NY.GDP.MKTP.KD.ZG,2020,-10.9494359030206
CUB,NY.GDP.MKTP.KD.ZG,2019,-0.163087223606624
CUB,NY.GDP.MKTP.KD.ZG,2018,2.24794852913217
CUB,NY.GDP.MKTP.KD.ZG,2017,1.80979178380274
CUB,NY.GDP.MKTP.KD.ZG,2016,0.512843095700745
CUB,NY.GDP.MKTP.KD.ZG,2015,4.4383335888395
CUB,NY.GDP.MKTP.KD.ZG,2014,1.04757663187654
CUB,NY.GDP.MKTP.KD.ZG,2013,2.74760256257211
CUB,NY.GDP.MKTP.KD.ZG,2012,3.01490028898772
CUB,NY.GDP.MKTP.KD.ZG,2011,2.80230083647626
CUB,NY.GDP.MKTP.KD.ZG,2010,2.39035229650723
CUB,NY.GDP.MKTP.KD.ZG,2009,1.4513054307407
CUB,NY.GDP.MKTP.KD.ZG,2008,4.11682804164681
CUB,NY.GDP.MKTP.KD.ZG,2007,7.26213696647943
CUB,NY.GDP.MKTP.KD.ZG,2006,12.0658631129953
CUB,NY.GDP.MKTP.KD.ZG,2005,11.2016564219094
CUB,NY.GDP.MKTP.KD.ZG,2004,5.77053807021559
CUB,NY.GDP.MKTP.KD.ZG,2003,3.79274022304334
CUB,NY.GDP.MKTP.KD.ZG,2002,1.42482126141282
CUB,NY.GDP.MKTP.KD.ZG,2001,3.18502990449461
CUB,NY.GDP.MKTP.KD.ZG,2000,5.9147601740486
CUB,NY.GDP.MKTP.KD.ZG,1999,6.18875530352257
CUB,NY.GDP.MKTP.KD.ZG,1998,0.159146052326719
CUB,NY.GDP.MKTP.KD.ZG,1997,2.78342504174314
CUB,NY.GDP.MKTP.KD.ZG,1996,7.83874965899149
CUB,NY.GDP.MKTP.KD.ZG,1995,2.45720117243687
CUB,NY.GDP.MKTP.KD.ZG,1994,0.716930310416799
CUB,NY.GDP.MKTP.KD.ZG,1993,-14.8781806947595
CUB,NY.GDP.MKTP.KD.ZG,1992,-11.5806030812698
CUB,NY.GDP.MKTP.KD.ZG,1991,-10.6926971084884
CUB,NY.GDP.MKTP.KD.ZG,1990,-2.94856494503389
CUB,NY.GDP.MKTP.KD.ZG,1989,0.680083233154079
CUB,NY.GDP.MKTP.KD.ZG,1988,3.70553990905537
CUB,NY.GDP.MKTP.KD.ZG,1987,-2.40217253779804
CUB,NY.GDP.MKTP.KD.ZG,1986,0.0953033856467584
CUB,NY.GDP.MKTP.KD.ZG,1985,1.59667459807866
CUB,NY.GDP.MKTP.KD.ZG,1984,7.92971651513383
CUB,NY.GDP.MKTP.KD.ZG,1983,5.4114707238347
CUB,NY.GDP.MKTP.KD.ZG,1982,8.91823496493072
CUB,NY.GDP.MKTP.KD.ZG,1981,19.6883343337449
CUB,NY.GDP.MKTP.KD.ZG,1980,-4.84944295088555
CUB,NY.GDP.MKTP.KD.ZG,1979,1.08818330173155
CUB,NY.GDP.MKTP.KD.ZG,1978,6.59599856337493
CUB,NY.GDP.MKTP.KD.ZG,1977,8.7095028615293
CUB,NY.GDP.MKTP.KD.ZG,1976,5.4279604586732
CUB,NY.GDP.MKTP.KD.ZG,1975,9.47642606915934
CUB,NY.GDP.MKTP.KD.ZG,1974,0.984491815760862
CUB,NY.GDP.MKTP.KD.ZG,1973,3.43448853582437
CUB,NY.GDP.MKTP.KD.ZG,1972,4.82668584313927
CUB,NY.GDP.MKTP.KD.ZG,1971,8.58385901163629
CUB,NY.GDP.MKTP.KD.ZG,1970,
CUB,NY.GDP.MKTP.KD.ZG,1969,
CUB,NY.GDP.MKTP.KD.ZG,1968,
CUB,NY.GDP.MKTP.KD.ZG,1967,
CUB,NY.GDP.MKTP.KD.ZG,1966,
CUB,NY.GDP.MKTP.KD.ZG,1965,
CUB,NY.GDP.MKTP.KD.ZG,1964,
CUB,NY.GDP.MKTP.KD.ZG,1963,
CUB,NY.GDP.MKTP.KD.ZG,1962,
CUB,NY.GDP.MKTP.KD.ZG,1961,
CUB,NY.GDP.MKTP.KD.ZG,1960,
CUW,NY.GDP.MKTP.KD.ZG,2025,
CUW,NY.GDP.MKTP.KD.ZG,2024,5.02690000000014
CUW,NY.GDP.MKTP.KD.ZG,2023,4.20199999999977
CUW,NY.GDP.MKTP.KD.ZG,2022,6.90599999999999
CUW,NY.GDP.MKTP.KD.ZG,2021,4.18371193053579
CUW,NY.GDP.MKTP.KD.ZG,2020,-18.4384703505393
CUW,NY.GDP.MKTP.KD.ZG,2019,-3.20613171902549
CUW,NY.GDP.MKTP.KD.ZG,2018,-2.10411142994484
CUW,NY.GDP.MKTP.KD.ZG,2017,-1.27620931537493
CUW,NY.GDP.MKTP.KD.ZG,2016,-1.06770769957464
CUW,NY.GDP.MKTP.KD.ZG,2015,0.45815174597594
CUW,NY.GDP.MKTP.KD.ZG,2014,-0.637398345190817
CUW,NY.GDP.MKTP.KD.ZG,2013,-0.635696647893425
CUW,NY.GDP.MKTP.KD.ZG,2012,-0.34895035717112
CUW,NY.GDP.MKTP.KD.ZG,2011,0.508457572414372
CUW,NY.GDP.MKTP.KD.ZG,2010,0.0823066088131412
CUW,NY.GDP.MKTP.KD.ZG,2009,-0.531308242338184
CUW,NY.GDP.MKTP.KD.ZG,2008,2.18804308019168
CUW,NY.GDP.MKTP.KD.ZG,2007,2.46996322836787
CUW,NY.GDP.MKTP.KD.ZG,2006,1.63593468987035
CUW,NY.GDP.MKTP.KD.ZG,2005,0.676425345201665
CUW,NY.GDP.MKTP.KD.ZG,2004,0.208461073109362
CUW,NY.GDP.MKTP.KD.ZG,2003,0.288186681651752
CUW,NY.GDP.MKTP.KD.ZG,2002,0.397065216763636
CUW,NY.GDP.MKTP.KD.ZG,2001,-0.695753704098053
CUW,NY.GDP.MKTP.KD.ZG,2000,
CUW,NY.GDP.MKTP.KD.ZG,1999,
CUW,NY.GDP.MKTP.KD.ZG,1998,
CUW,NY.GDP.MKTP.KD.ZG,1997,
CUW,NY.GDP.MKTP.KD.ZG,1996,
CUW,NY.GDP.MKTP.KD.ZG,1995,
CUW,NY.GDP.MKTP.KD.ZG,1994,
CUW,NY.GDP.MKTP.KD.ZG,1993,
CUW,NY.GDP.MKTP.KD.ZG,1992,
CUW,NY.GDP.MKTP.KD.ZG,1991,
CUW,NY.GDP.MKTP.KD.ZG,1990,
CUW,NY.GDP.MKTP.KD.ZG,1989,
CUW,NY.GDP.MKTP.KD.ZG,1988,
CUW,NY.GDP.MKTP.KD.ZG,1987,
CUW,NY.GDP.MKTP.KD.ZG,1986,
CUW,NY.GDP.MKTP.KD.ZG,1985,
CUW,NY.GDP.MKTP.KD.ZG,1984,
CUW,NY.GDP.MKTP.KD.ZG,1983,
CUW,NY.GDP.MKTP.KD.ZG,1982,
CUW,NY.GDP.MKTP.KD.ZG,1981,
CUW,NY.GDP.MKTP.KD.ZG,1980,
CUW,NY.GDP.MKTP.KD.ZG,1979,
CUW,NY.GDP.MKTP.KD.ZG,1978,
CUW,NY.GDP.MKTP.KD.ZG,1977,
CUW,NY.GDP.MKTP.KD.ZG,1976,
CUW,NY.GDP.MKTP.KD.ZG,1975,
CUW,NY.GDP.MKTP.KD.ZG,1974,
CUW,NY.GDP.MKTP.KD.ZG,1973,
CUW,NY.GDP.MKTP.KD.ZG,1972,
CUW,NY.GDP.MKTP.KD.ZG,1971,
CUW,NY.GDP.MKTP.KD.ZG,1970,
CUW,NY.GDP.MKTP.KD.ZG,1969,
CUW,NY.GDP.MKTP.KD.ZG,1968,
CUW,NY.GDP.MKTP.KD.ZG,1967,
CUW,NY.GDP.MKTP.KD.ZG,1966,
CUW,NY.GDP.MKTP.KD.ZG,1965,
CUW,NY.GDP.MKTP.KD.ZG,1964,
CUW,NY.GDP.MKTP.KD.ZG,1963,
CUW,NY.GDP.MKTP.KD.ZG,1962,
CUW,NY.GDP.MKTP.KD.ZG,1961,
CUW,NY.GDP.MKTP.KD.ZG,1960,
CYP,NY.GDP.MKTP.KD.ZG,2025,
CYP,NY.GDP.MKTP.KD.ZG,2024,3.94077381708404
CYP,NY.GDP.MKTP.KD.ZG,2023,3.61945644636856
CYP,NY.GDP.MKTP.KD.ZG,2022,8.27372597293814
CYP,NY.GDP.MKTP.KD.ZG,2021,11.3975590801512
CYP,NY.GDP.MKTP.KD.ZG,2020,-3.22063018637567
CYP,NY.GDP.MKTP.KD.ZG,2019,5.87559583386607
CYP,NY.GDP.MKTP.KD.ZG,2018,6.27166360056404
CYP,NY.GDP.MKTP.KD.ZG,2017,5.75083236554525
CYP,NY.GDP.MKTP.KD.ZG,2016,6.57359080924678
CYP,NY.GDP.MKTP.KD.ZG,2015,3.41892038889013
CYP,NY.GDP.MKTP.KD.ZG,2014,-1.77605867728616
CYP,NY.GDP.MKTP.KD.ZG,2013,-6.58747751118347
CYP,NY.GDP.MKTP.KD.ZG,2012,-3.44738151374587
CYP,NY.GDP.MKTP.KD.ZG,2011,0.416711868408683
CYP,NY.GDP.MKTP.KD.ZG,2010,2.28267100119788
CYP,NY.GDP.MKTP.KD.ZG,2009,-2.01508203683694
CYP,NY.GDP.MKTP.KD.ZG,2008,3.64698922103939
CYP,NY.GDP.MKTP.KD.ZG,2007,5.09822614854798
CYP,NY.GDP.MKTP.KD.ZG,2006,4.71378358593959
CYP,NY.GDP.MKTP.KD.ZG,2005,4.85298762175586
CYP,NY.GDP.MKTP.KD.ZG,2004,5.02627226665527
CYP,NY.GDP.MKTP.KD.ZG,2003,2.62329962315329
CYP,NY.GDP.MKTP.KD.ZG,2002,3.72297491128981
CYP,NY.GDP.MKTP.KD.ZG,2001,3.95256258200938
CYP,NY.GDP.MKTP.KD.ZG,2000,5.96530445494226
CYP,NY.GDP.MKTP.KD.ZG,1999,4.99795469482918
CYP,NY.GDP.MKTP.KD.ZG,1998,6.11088294947106
CYP,NY.GDP.MKTP.KD.ZG,1997,2.64093066351474
CYP,NY.GDP.MKTP.KD.ZG,1996,1.24854147527125
CYP,NY.GDP.MKTP.KD.ZG,1995,8.36246885710111
CYP,NY.GDP.MKTP.KD.ZG,1994,5.89999928523103
CYP,NY.GDP.MKTP.KD.ZG,1993,0.700000765065823
CYP,NY.GDP.MKTP.KD.ZG,1992,9.39999830664647
CYP,NY.GDP.MKTP.KD.ZG,1991,0.739501434263062
CYP,NY.GDP.MKTP.KD.ZG,1990,7.40399951139527
CYP,NY.GDP.MKTP.KD.ZG,1989,7.94742552608687
CYP,NY.GDP.MKTP.KD.ZG,1988,8.6467778500465
CYP,NY.GDP.MKTP.KD.ZG,1987,7.06525081643719
CYP,NY.GDP.MKTP.KD.ZG,1986,3.70395029052595
CYP,NY.GDP.MKTP.KD.ZG,1985,4.8825407627786
CYP,NY.GDP.MKTP.KD.ZG,1984,8.75789438628422
CYP,NY.GDP.MKTP.KD.ZG,1983,5.58218169389765
CYP,NY.GDP.MKTP.KD.ZG,1982,6.02170898668292
CYP,NY.GDP.MKTP.KD.ZG,1981,2.51699845757433
CYP,NY.GDP.MKTP.KD.ZG,1980,5.75324469989047
CYP,NY.GDP.MKTP.KD.ZG,1979,9.90556937510574
CYP,NY.GDP.MKTP.KD.ZG,1978,7.77740335290346
CYP,NY.GDP.MKTP.KD.ZG,1977,16.3620009518905
CYP,NY.GDP.MKTP.KD.ZG,1976,20.2662921730549
CYP,NY.GDP.MKTP.KD.ZG,1975,
CYP,NY.GDP.MKTP.KD.ZG,1974,
CYP,NY.GDP.MKTP.KD.ZG,1973,
CYP,NY.GDP.MKTP.KD.ZG,1972,
CYP,NY.GDP.MKTP.KD.ZG,1971,
CYP,NY.GDP.MKTP.KD.ZG,1970,
CYP,NY.GDP.MKTP.KD.ZG,1969,
CYP,NY.GDP.MKTP.KD.ZG,1968,
CYP,NY.GDP.MKTP.KD.ZG,1967,
CYP,NY.GDP.MKTP.KD.ZG,1966,
CYP,NY.GDP.MKTP.KD.ZG,1965,
CYP,NY.GDP.MKTP.KD.ZG,1964,
CYP,NY.GDP.MKTP.KD.ZG,1963,
CYP,NY.GDP.MKTP.KD.ZG,1962,
CYP,NY.GDP.MKTP.KD.ZG,1961,
CYP,NY.GDP.MKTP.KD.ZG,1960,
CZE,NY.GDP.MKTP.KD.ZG,2025,
CZE,NY.GDP.MKTP.KD.ZG,2024,1.23308611983484
CZE,NY.GDP.MKTP.KD.ZG,2023,0.0475803308973752
CZE,NY.GDP.MKTP.KD.ZG,2022,2.8471706583814
CZE,NY.GDP.MKTP.KD.ZG,2021,4.02901832055149
CZE,NY.GDP.MKTP.KD.ZG,2020,-5.30487955463876
CZE,NY.GDP.MKTP.KD.ZG,2019,3.56577658128261
CZE,NY.GDP.MKTP.KD.ZG,2018,2.83030588267866
CZE,NY.GDP.MKTP.KD.ZG,2017,5.17356529967881
CZE,NY.GDP.MKTP.KD.ZG,2016,2.58087013921376
CZE,NY.GDP.MKTP.KD.ZG,2015,4.95875848915604
CZE,NY.GDP.MKTP.KD.ZG,2014,2.24521219862635
CZE,NY.GDP.MKTP.KD.ZG,2013,-0.0418124160447491
CZE,NY.GDP.MKTP.KD.ZG,2012,-0.770668190622743
CZE,NY.GDP.MKTP.KD.ZG,2011,1.77238085338473
CZE,NY.GDP.MKTP.KD.ZG,2010,2.71466509907701
CZE,NY.GDP.MKTP.KD.ZG,2009,-4.79832416684926
CZE,NY.GDP.MKTP.KD.ZG,2008,2.61226807205139
CZE,NY.GDP.MKTP.KD.ZG,2007,5.48882595164517
CZE,NY.GDP.MKTP.KD.ZG,2006,6.62317299177447
CZE,NY.GDP.MKTP.KD.ZG,2005,6.37502886086791
CZE,NY.GDP.MKTP.KD.ZG,2004,4.73633969683438
CZE,NY.GDP.MKTP.KD.ZG,2003,3.300836832613
CZE,NY.GDP.MKTP.KD.ZG,2002,1.51345949139996
CZE,NY.GDP.MKTP.KD.ZG,2001,2.9172195289956
CZE,NY.GDP.MKTP.KD.ZG,2000,4.010669619984
CZE,NY.GDP.MKTP.KD.ZG,1999,1.37836060943835
CZE,NY.GDP.MKTP.KD.ZG,1998,-0.393150193750415
CZE,NY.GDP.MKTP.KD.ZG,1997,-0.595838414214853
CZE,NY.GDP.MKTP.KD.ZG,1996,4.16858426915319
CZE,NY.GDP.MKTP.KD.ZG,1995,6.22140598863832
CZE,NY.GDP.MKTP.KD.ZG,1994,2.90930948412982
CZE,NY.GDP.MKTP.KD.ZG,1993,0.0619042423607254
CZE,NY.GDP.MKTP.KD.ZG,1992,-0.506542343116848
CZE,NY.GDP.MKTP.KD.ZG,1991,-11.6149423646776
CZE,NY.GDP.MKTP.KD.ZG,1990,
CZE,NY.GDP.MKTP.KD.ZG,1989,
CZE,NY.GDP.MKTP.KD.ZG,1988,
CZE,NY.GDP.MKTP.KD.ZG,1987,
CZE,NY.GDP.MKTP.KD.ZG,1986,
CZE,NY.GDP.MKTP.KD.ZG,1985,
CZE,NY.GDP.MKTP.KD.ZG,1984,
CZE,NY.GDP.MKTP.KD.ZG,1983,
CZE,NY.GDP.MKTP.KD.ZG,1982,
CZE,NY.GDP.MKTP.KD.ZG,1981,
CZE,NY.GDP.MKTP.KD.ZG,1980,
CZE,NY.GDP.MKTP.KD.ZG,1979,
CZE,NY.GDP.MKTP.KD.ZG,1978,
CZE,NY.GDP.MKTP.KD.ZG,1977,
CZE,NY.GDP.MKTP.KD.ZG,1976,
CZE,NY.GDP.MKTP.KD.ZG,1975,
CZE,NY.GDP.MKTP.KD.ZG,1974,
CZE,NY.GDP.MKTP.KD.ZG,1973,
CZE,NY.GDP.MKTP.KD.ZG,1972,
CZE,NY.GDP.MKTP.KD.ZG,1971,
CZE,NY.GDP.MKTP.KD.ZG,1970,
CZE,NY.GDP.MKTP.KD.ZG,1969,
CZE,NY.GDP.MKTP.KD.ZG,1968,
CZE,NY.GDP.MKTP.KD.ZG,1967,
CZE,NY.GDP.MKTP.KD.ZG,1966,
CZE,NY.GDP.MKTP.KD.ZG,1965,
CZE,NY.GDP.MKTP.KD.ZG,1964,
CZE,NY.GDP.MKTP.KD.ZG,1963,
CZE,NY.GDP.MKTP.KD.ZG,1962,
CZE,NY.GDP.MKTP.KD.ZG,1961,
CZE,NY.GDP.MKTP.KD.ZG,1960,
DNK,NY.GDP.MKTP.KD.ZG,2025,
DNK,NY.GDP.MKTP.KD.ZG,2024,3.47783593140312
DNK,NY.GDP.MKTP.KD.ZG,2023,0.604587766175584
DNK,NY.GDP.MKTP.KD.ZG,2022,0.443832614908331
DNK,NY.GDP.MKTP.KD.ZG,2021,6.50025445756295
DNK,NY.GDP.MKTP.KD.ZG,2020,-1.78010601831291
DNK,NY.GDP.MKTP.KD.ZG,2019,1.71140093932736
DNK,NY.GDP.MKTP.KD.ZG,2018,1.8600074900921
DNK,NY.GDP.MKTP.KD.ZG,2017,3.05647723922718
DNK,NY.GDP.MKTP.KD.ZG,2016,3.07304549209093
DNK,NY.GDP.MKTP.KD.ZG,2015,2.10441456445301
DNK,NY.GDP.MKTP.KD.ZG,2014,1.27799983192831
DNK,NY.GDP.MKTP.KD.ZG,2013,1.39267343161971
DNK,NY.GDP.MKTP.KD.ZG,2012,-0.00543230161670749
DNK,NY.GDP.MKTP.KD.ZG,2011,1.3108037609606
DNK,NY.GDP.MKTP.KD.ZG,2010,1.58289703108802
DNK,NY.GDP.MKTP.KD.ZG,2009,-4.97447905669058
DNK,NY.GDP.MKTP.KD.ZG,2008,-0.417178439991005
DNK,NY.GDP.MKTP.KD.ZG,2007,0.987173815945127
DNK,NY.GDP.MKTP.KD.ZG,2006,3.81648769908172
DNK,NY.GDP.MKTP.KD.ZG,2005,2.35960882992528
DNK,NY.GDP.MKTP.KD.ZG,2004,2.77635180744053
DNK,NY.GDP.MKTP.KD.ZG,2003,0.441091006625101
DNK,NY.GDP.MKTP.KD.ZG,2002,0.456530018779986
DNK,NY.GDP.MKTP.KD.ZG,2001,0.95003224600012
DNK,NY.GDP.MKTP.KD.ZG,2000,3.72400899471576
DNK,NY.GDP.MKTP.KD.ZG,1999,2.96730536257029
DNK,NY.GDP.MKTP.KD.ZG,1998,2.32630274538961
DNK,NY.GDP.MKTP.KD.ZG,1997,3.16848143784479
DNK,NY.GDP.MKTP.KD.ZG,1996,2.89575069230459
DNK,NY.GDP.MKTP.KD.ZG,1995,3.03802150461165
DNK,NY.GDP.MKTP.KD.ZG,1994,5.29469615156448
DNK,NY.GDP.MKTP.KD.ZG,1993,-0.078900412805325
DNK,NY.GDP.MKTP.KD.ZG,1992,2.0228112415746
DNK,NY.GDP.MKTP.KD.ZG,1991,1.45818005306188
DNK,NY.GDP.MKTP.KD.ZG,1990,1.66026774169177
DNK,NY.GDP.MKTP.KD.ZG,1989,0.697173210370437
DNK,NY.GDP.MKTP.KD.ZG,1988,0.272951118976223
DNK,NY.GDP.MKTP.KD.ZG,1987,0.462955829960563
DNK,NY.GDP.MKTP.KD.ZG,1986,4.73340611933794
DNK,NY.GDP.MKTP.KD.ZG,1985,4.15308383294486
DNK,NY.GDP.MKTP.KD.ZG,1984,4.33934505132922
DNK,NY.GDP.MKTP.KD.ZG,1983,2.65480394401855
DNK,NY.GDP.MKTP.KD.ZG,1982,3.89211245643591
DNK,NY.GDP.MKTP.KD.ZG,1981,-0.740986389012875
DNK,NY.GDP.MKTP.KD.ZG,1980,-0.751430002361559
DNK,NY.GDP.MKTP.KD.ZG,1979,4.05329979126334
DNK,NY.GDP.MKTP.KD.ZG,1978,2.41699354282181
DNK,NY.GDP.MKTP.KD.ZG,1977,1.98543025474245
DNK,NY.GDP.MKTP.KD.ZG,1976,5.99340195153275
DNK,NY.GDP.MKTP.KD.ZG,1975,-1.40989953291778
DNK,NY.GDP.MKTP.KD.ZG,1974,-0.964267384329801
DNK,NY.GDP.MKTP.KD.ZG,1973,4.71949291132046
DNK,NY.GDP.MKTP.KD.ZG,1972,3.79759816845579
DNK,NY.GDP.MKTP.KD.ZG,1971,3.17782168196071
DNK,NY.GDP.MKTP.KD.ZG,1970,1.85600172758038
DNK,NY.GDP.MKTP.KD.ZG,1969,6.79912047392293
DNK,NY.GDP.MKTP.KD.ZG,1968,5.85299737649714
DNK,NY.GDP.MKTP.KD.ZG,1967,5.88623124121932
DNK,NY.GDP.MKTP.KD.ZG,1966,2.74091010903241
DNK,NY.GDP.MKTP.KD.ZG,1965,4.55525481407106
DNK,NY.GDP.MKTP.KD.ZG,1964,9.26993821451785
DNK,NY.GDP.MKTP.KD.ZG,1963,0.637021234202479
DNK,NY.GDP.MKTP.KD.ZG,1962,5.66682217271797
DNK,NY.GDP.MKTP.KD.ZG,1961,6.37883247557379
DNK,NY.GDP.MKTP.KD.ZG,1960,
DJI,NY.GDP.MKTP.KD.ZG,2025,
DJI,NY.GDP.MKTP.KD.ZG,2024,6.98048467276334
DJI,NY.GDP.MKTP.KD.ZG,2023,6.80733529403308
DJI,NY.GDP.MKTP.KD.ZG,2022,5.16653702854374
DJI,NY.GDP.MKTP.KD.ZG,2021,4.40715667561153
DJI,NY.GDP.MKTP.KD.ZG,2020,1.2021151728969
DJI,NY.GDP.MKTP.KD.ZG,2019,5.54508081154978
DJI,NY.GDP.MKTP.KD.ZG,2018,4.77433934943193
DJI,NY.GDP.MKTP.KD.ZG,2017,5.458091517212
DJI,NY.GDP.MKTP.KD.ZG,2016,7.1234323372872
DJI,NY.GDP.MKTP.KD.ZG,2015,7.30898563450799
DJI,NY.GDP.MKTP.KD.ZG,2014,7.19298728463697
DJI,NY.GDP.MKTP.KD.ZG,2013,
DJI,NY.GDP.MKTP.KD.ZG,2012,
DJI,NY.GDP.MKTP.KD.ZG,2011,
DJI,NY.GDP.MKTP.KD.ZG,2010,
DJI,NY.GDP.MKTP.KD.ZG,2009,
DJI,NY.GDP.MKTP.KD.ZG,2008,
DJI,NY.GDP.MKTP.KD.ZG,2007,
DJI,NY.GDP.MKTP.KD.ZG,2006,
DJI,NY.GDP.MKTP.KD.ZG,2005,
DJI,NY.GDP.MKTP.KD.ZG,2004,
DJI,NY.GDP.MKTP.KD.ZG,2003,
DJI,NY.GDP.MKTP.KD.ZG,2002,
DJI,NY.GDP.MKTP.KD.ZG,2001,
DJI,NY.GDP.MKTP.KD.ZG,2000,
DJI,NY.GDP.MKTP.KD.ZG,1999,
DJI,NY.GDP.MKTP.KD.ZG,1998,
DJI,NY.GDP.MKTP.KD.ZG,1997,
DJI,NY.GDP.MKTP.KD.ZG,1996,
DJI,NY.GDP.MKTP.KD.ZG,1995,
DJI,NY.GDP.MKTP.KD.ZG,1994,
DJI,NY.GDP.MKTP.KD.ZG,1993,
DJI,NY.GDP.MKTP.KD.ZG,1992,
DJI,NY.GDP.MKTP.KD.ZG,1991,
DJI,NY.GDP.MKTP.KD.ZG,1990,
DJI,NY.GDP.MKTP.KD.ZG,1989,
DJI,NY.GDP.MKTP.KD.ZG,1988,
DJI,NY.GDP.MKTP.KD.ZG,1987,
DJI,NY.GDP.MKTP.KD.ZG,1986,
DJI,NY.GDP.MKTP.KD.ZG,1985,
DJI,NY.GDP.MKTP.KD.ZG,1984,
DJI,NY.GDP.MKTP.KD.ZG,1983,
DJI,NY.GDP.MKTP.KD.ZG,1982,
DJI,NY.GDP.MKTP.KD.ZG,1981,
DJI,NY.GDP.MKTP.KD.ZG,1980,
DJI,NY.GDP.MKTP.KD.ZG,1979,
DJI,NY.GDP.MKTP.KD.ZG,1978,
DJI,NY.GDP.MKTP.KD.ZG,1977,
DJI,NY.GDP.MKTP.KD.ZG,1976,
DJI,NY.GDP.MKTP.KD.ZG,1975,
DJI,NY.GDP.MKTP.KD.ZG,1974,
DJI,NY.GDP.MKTP.KD.ZG,1973,
DJI,NY.GDP.MKTP.KD.ZG,1972,
DJI,NY.GDP.MKTP.KD.ZG,1971,
DJI,NY.GDP.MKTP.KD.ZG,1970,
DJI,NY.GDP.MKTP.KD.ZG,1969,
DJI,NY.GDP.MKTP.KD.ZG,1968,
DJI,NY.GDP.MKTP.KD.ZG,1967,
DJI,NY.GDP.MKTP.KD.ZG,1966,
DJI,NY.GDP.MKTP.KD.ZG,1965,
DJI,NY.GDP.MKTP.KD.ZG,1964,
DJI,NY.GDP.MKTP.KD.ZG,1963,
DJI,NY.GDP.MKTP.KD.ZG,1962,
DJI,NY.GDP.MKTP.KD.ZG,1961,
DJI,NY.GDP.MKTP.KD.ZG,1960,
DMA,NY.GDP.MKTP.KD.ZG,2025,
DMA,NY.GDP.MKTP.KD.ZG,2024,2.052738472526
DMA,NY.GDP.MKTP.KD.ZG,2023,3.65221012208734
DMA,NY.GDP.MKTP.KD.ZG,2022,10.3968076616121
DMA,NY.GDP.MKTP.KD.ZG,2021,5.37983838954712
DMA,NY.GDP.MKTP.KD.ZG,2020,-15.7064024545862
DMA,NY.GDP.MKTP.KD.ZG,2019,3.94809757938053
DMA,NY.GDP.MKTP.KD.ZG,2018,2.964010610466
DMA,NY.GDP.MKTP.KD.ZG,2017,-7.5443637547282
DMA,NY.GDP.MKTP.KD.ZG,2016,1.44724556489263
DMA,NY.GDP.MKTP.KD.ZG,2015,-3.37338262476895
DMA,NY.GDP.MKTP.KD.ZG,2014,2.33521742067693
DMA,NY.GDP.MKTP.KD.ZG,2013,0.0045039972976042
DMA,NY.GDP.MKTP.KD.ZG,2012,-0.15739179314221
DMA,NY.GDP.MKTP.KD.ZG,2011,0.0427388878891435
DMA,NY.GDP.MKTP.KD.ZG,2010,-0.105610857694984
DMA,NY.GDP.MKTP.KD.ZG,2009,-1.13575145648322
DMA,NY.GDP.MKTP.KD.ZG,2008,7.12131217762231
DMA,NY.GDP.MKTP.KD.ZG,2007,5.3579375575878
DMA,NY.GDP.MKTP.KD.ZG,2006,4.40077479812059
DMA,NY.GDP.MKTP.KD.ZG,2005,0.915286472779144
DMA,NY.GDP.MKTP.KD.ZG,2004,4.09783662273917
DMA,NY.GDP.MKTP.KD.ZG,2003,5.80495468629533
DMA,NY.GDP.MKTP.KD.ZG,2002,-3.08742052359268
DMA,NY.GDP.MKTP.KD.ZG,2001,-0.0638434428881567
DMA,NY.GDP.MKTP.KD.ZG,2000,2.3402193777688
DMA,NY.GDP.MKTP.KD.ZG,1999,0.354077659205259
DMA,NY.GDP.MKTP.KD.ZG,1998,3.77423043853915
DMA,NY.GDP.MKTP.KD.ZG,1997,2.18562742404438
DMA,NY.GDP.MKTP.KD.ZG,1996,3.10419572470771
DMA,NY.GDP.MKTP.KD.ZG,1995,3.0308658627128
DMA,NY.GDP.MKTP.KD.ZG,1994,0.034477526872962
DMA,NY.GDP.MKTP.KD.ZG,1993,2.16142138921818
DMA,NY.GDP.MKTP.KD.ZG,1992,2.02941338180298
DMA,NY.GDP.MKTP.KD.ZG,1991,1.3477691598669
DMA,NY.GDP.MKTP.KD.ZG,1990,5.41798351146888
DMA,NY.GDP.MKTP.KD.ZG,1989,-0.191136403056177
DMA,NY.GDP.MKTP.KD.ZG,1988,7.81662301716332
DMA,NY.GDP.MKTP.KD.ZG,1987,6.30756102261223
DMA,NY.GDP.MKTP.KD.ZG,1986,7.07335660054757
DMA,NY.GDP.MKTP.KD.ZG,1985,1.42093316227962
DMA,NY.GDP.MKTP.KD.ZG,1984,4.19664686909995
DMA,NY.GDP.MKTP.KD.ZG,1983,2.55631790150646
DMA,NY.GDP.MKTP.KD.ZG,1982,4.12768352803022
DMA,NY.GDP.MKTP.KD.ZG,1981,10.829331110484
DMA,NY.GDP.MKTP.KD.ZG,1980,13.3831821469051
DMA,NY.GDP.MKTP.KD.ZG,1979,-18.3592854062593
DMA,NY.GDP.MKTP.KD.ZG,1978,10.5357457303524
DMA,NY.GDP.MKTP.KD.ZG,1977,
DMA,NY.GDP.MKTP.KD.ZG,1976,
DMA,NY.GDP.MKTP.KD.ZG,1975,
DMA,NY.GDP.MKTP.KD.ZG,1974,
DMA,NY.GDP.MKTP.KD.ZG,1973,
DMA,NY.GDP.MKTP.KD.ZG,1972,
DMA,NY.GDP.MKTP.KD.ZG,1971,
DMA,NY.GDP.MKTP.KD.ZG,1970,
DMA,NY.GDP.MKTP.KD.ZG,1969,
DMA,NY.GDP.MKTP.KD.ZG,1968,
DMA,NY.GDP.MKTP.KD.ZG,1967,
DMA,NY.GDP.MKTP.KD.ZG,1966,
DMA,NY.GDP.MKTP.KD.ZG,1965,
DMA,NY.GDP.MKTP.KD.ZG,1964,
DMA,NY.GDP.MKTP.KD.ZG,1963,
DMA,NY.GDP.MKTP.KD.ZG,1962,
DMA,NY.GDP.MKTP.KD.ZG,1961,
DMA,NY.GDP.MKTP.KD.ZG,1960,
DOM,NY.GDP.MKTP.KD.ZG,2025,
DOM,NY.GDP.MKTP.KD.ZG,2024,4.95352204492849
DOM,NY.GDP.MKTP.KD.ZG,2023,2.19229848237939
DOM,NY.GDP.MKTP.KD.ZG,2022,5.23795652902595
DOM,NY.GDP.MKTP.KD.ZG,2021,14.0124289062207
DOM,NY.GDP.MKTP.KD.ZG,2020,-7.92905234231061
DOM,NY.GDP.MKTP.KD.ZG,2019,4.8940301149584
DOM,NY.GDP.MKTP.KD.ZG,2018,7.09751640210159
DOM,NY.GDP.MKTP.KD.ZG,2017,3.93386176401576
DOM,NY.GDP.MKTP.KD.ZG,2016,6.71974078681295
DOM,NY.GDP.MKTP.KD.ZG,2015,6.98771131236387
DOM,NY.GDP.MKTP.KD.ZG,2014,7.11122629673892
DOM,NY.GDP.MKTP.KD.ZG,2013,4.93473300709881
DOM,NY.GDP.MKTP.KD.ZG,2012,2.77567100848816
DOM,NY.GDP.MKTP.KD.ZG,2011,3.19196227475523
DOM,NY.GDP.MKTP.KD.ZG,2010,8.40114541209596
DOM,NY.GDP.MKTP.KD.ZG,2009,1.00345293018719
DOM,NY.GDP.MKTP.KD.ZG,2008,3.26808671288212
DOM,NY.GDP.MKTP.KD.ZG,2007,7.41840577774235
DOM,NY.GDP.MKTP.KD.ZG,2006,9.17120650955299
DOM,NY.GDP.MKTP.KD.ZG,2005,9.43178931977285
DOM,NY.GDP.MKTP.KD.ZG,2004,2.58556667449577
DOM,NY.GDP.MKTP.KD.ZG,2003,-1.34935744782766
DOM,NY.GDP.MKTP.KD.ZG,2002,4.48650367045651
DOM,NY.GDP.MKTP.KD.ZG,2001,2.46937023763239
DOM,NY.GDP.MKTP.KD.ZG,2000,4.65172550299128
DOM,NY.GDP.MKTP.KD.ZG,1999,5.95651024999543
DOM,NY.GDP.MKTP.KD.ZG,1998,6.70585570778992
DOM,NY.GDP.MKTP.KD.ZG,1997,8.89955230035797
DOM,NY.GDP.MKTP.KD.ZG,1996,5.96119319380874
DOM,NY.GDP.MKTP.KD.ZG,1995,5.69998859173715
DOM,NY.GDP.MKTP.KD.ZG,1994,2.59378305986246
DOM,NY.GDP.MKTP.KD.ZG,1993,7.36669526975602
DOM,NY.GDP.MKTP.KD.ZG,1992,11.2374641300752
DOM,NY.GDP.MKTP.KD.ZG,1991,0.944138889056532
DOM,NY.GDP.MKTP.KD.ZG,1990,-5.45431239511254
DOM,NY.GDP.MKTP.KD.ZG,1989,4.40053881491089
DOM,NY.GDP.MKTP.KD.ZG,1988,2.15596333107848
DOM,NY.GDP.MKTP.KD.ZG,1987,10.1173673617477
DOM,NY.GDP.MKTP.KD.ZG,1986,3.52199319901496
DOM,NY.GDP.MKTP.KD.ZG,1985,-2.12253497623708
DOM,NY.GDP.MKTP.KD.ZG,1984,1.25289597452468
DOM,NY.GDP.MKTP.KD.ZG,1983,4.62794634845423
DOM,NY.GDP.MKTP.KD.ZG,1982,1.69870863097844
DOM,NY.GDP.MKTP.KD.ZG,1981,4.27986747952673
DOM,NY.GDP.MKTP.KD.ZG,1980,7.96873850744203
DOM,NY.GDP.MKTP.KD.ZG,1979,4.53139921679188
DOM,NY.GDP.MKTP.KD.ZG,1978,2.14068467652768
DOM,NY.GDP.MKTP.KD.ZG,1977,4.98178395087527
DOM,NY.GDP.MKTP.KD.ZG,1976,6.72812264197154
DOM,NY.GDP.MKTP.KD.ZG,1975,5.19325335716054
DOM,NY.GDP.MKTP.KD.ZG,1974,6.00190290333001
DOM,NY.GDP.MKTP.KD.ZG,1973,12.8957637251018
DOM,NY.GDP.MKTP.KD.ZG,1972,10.3941640767605
DOM,NY.GDP.MKTP.KD.ZG,1971,10.8714660681825
DOM,NY.GDP.MKTP.KD.ZG,1970,18.2266828796502
DOM,NY.GDP.MKTP.KD.ZG,1969,10.8914458307792
DOM,NY.GDP.MKTP.KD.ZG,1968,0.238860484696033
DOM,NY.GDP.MKTP.KD.ZG,1967,3.32754228723313
DOM,NY.GDP.MKTP.KD.ZG,1966,13.4633448325871
DOM,NY.GDP.MKTP.KD.ZG,1965,-12.4818339161578
DOM,NY.GDP.MKTP.KD.ZG,1964,6.76486511640719
DOM,NY.GDP.MKTP.KD.ZG,1963,6.5029026339739
DOM,NY.GDP.MKTP.KD.ZG,1962,17.0472409332998
DOM,NY.GDP.MKTP.KD.ZG,1961,-2.31324874995215
DOM,NY.GDP.MKTP.KD.ZG,1960,
ECU,NY.GDP.MKTP.KD.ZG,2025,
ECU,NY.GDP.MKTP.KD.ZG,2024,-2.00125476341026
ECU,NY.GDP.MKTP.KD.ZG,2023,1.98823813984235
ECU,NY.GDP.MKTP.KD.ZG,2022,5.86842354862311
ECU,NY.GDP.MKTP.KD.ZG,2021,9.42189269033631
ECU,NY.GDP.MKTP.KD.ZG,2020,-9.24509619165865
ECU,NY.GDP.MKTP.KD.ZG,2019,0.1654044646003
ECU,NY.GDP.MKTP.KD.ZG,2018,1.04429460679607
ECU,NY.GDP.MKTP.KD.ZG,2017,5.97039880954841
ECU,NY.GDP.MKTP.KD.ZG,2016,-0.687954245877947
ECU,NY.GDP.MKTP.KD.ZG,2015,0.119692109287612
ECU,NY.GDP.MKTP.KD.ZG,2014,4.22606520388456
ECU,NY.GDP.MKTP.KD.ZG,2013,7.21123653679159
ECU,NY.GDP.MKTP.KD.ZG,2012,5.783212336172
ECU,NY.GDP.MKTP.KD.ZG,2011,8.48147656332823
ECU,NY.GDP.MKTP.KD.ZG,2010,4.02913787986621
ECU,NY.GDP.MKTP.KD.ZG,2009,1.0910129698311
ECU,NY.GDP.MKTP.KD.ZG,2008,6.56492068224719
ECU,NY.GDP.MKTP.KD.ZG,2007,1.90242859700484
ECU,NY.GDP.MKTP.KD.ZG,2006,4.34113198577639
ECU,NY.GDP.MKTP.KD.ZG,2005,5.39862243994342
ECU,NY.GDP.MKTP.KD.ZG,2004,6.83239736646514
ECU,NY.GDP.MKTP.KD.ZG,2003,2.88450036512064
ECU,NY.GDP.MKTP.KD.ZG,2002,4.92809549611376
ECU,NY.GDP.MKTP.KD.ZG,2001,4.20627185748789
ECU,NY.GDP.MKTP.KD.ZG,2000,1.09180164720277
ECU,NY.GDP.MKTP.KD.ZG,1999,-4.73938585363382
ECU,NY.GDP.MKTP.KD.ZG,1998,3.26652934570988
ECU,NY.GDP.MKTP.KD.ZG,1997,4.32786475767577
ECU,NY.GDP.MKTP.KD.ZG,1996,1.73174762607862
ECU,NY.GDP.MKTP.KD.ZG,1995,2.25254865225104
ECU,NY.GDP.MKTP.KD.ZG,1994,4.25825042741626
ECU,NY.GDP.MKTP.KD.ZG,1993,1.97321813678619
ECU,NY.GDP.MKTP.KD.ZG,1992,2.11431064978969
ECU,NY.GDP.MKTP.KD.ZG,1991,4.29134246404705
ECU,NY.GDP.MKTP.KD.ZG,1990,3.67991405308877
ECU,NY.GDP.MKTP.KD.ZG,1989,1.00577794490313
ECU,NY.GDP.MKTP.KD.ZG,1988,5.89046729088525
ECU,NY.GDP.MKTP.KD.ZG,1987,-0.259098708877119
ECU,NY.GDP.MKTP.KD.ZG,1986,3.46478251574867
ECU,NY.GDP.MKTP.KD.ZG,1985,3.93500141252335
ECU,NY.GDP.MKTP.KD.ZG,1984,2.62527326806389
ECU,NY.GDP.MKTP.KD.ZG,1983,-0.336868770002951
ECU,NY.GDP.MKTP.KD.ZG,1982,0.614845351988635
ECU,NY.GDP.MKTP.KD.ZG,1981,5.61286412023385
ECU,NY.GDP.MKTP.KD.ZG,1980,3.70868296743329
ECU,NY.GDP.MKTP.KD.ZG,1979,3.73404840305636
ECU,NY.GDP.MKTP.KD.ZG,1978,5.70682494541619
ECU,NY.GDP.MKTP.KD.ZG,1977,1.6048421092884
ECU,NY.GDP.MKTP.KD.ZG,1976,7.39718761871015
ECU,NY.GDP.MKTP.KD.ZG,1975,10.9721540022298
ECU,NY.GDP.MKTP.KD.ZG,1974,11.208509630308
ECU,NY.GDP.MKTP.KD.ZG,1973,13.9506821300277
ECU,NY.GDP.MKTP.KD.ZG,1972,5.01764070581541
ECU,NY.GDP.MKTP.KD.ZG,1971,6.29260619739669
ECU,NY.GDP.MKTP.KD.ZG,1970,6.87192932488124
ECU,NY.GDP.MKTP.KD.ZG,1969,4.66923798208919
ECU,NY.GDP.MKTP.KD.ZG,1968,1.90943839737609
ECU,NY.GDP.MKTP.KD.ZG,1967,4.62107394346161
ECU,NY.GDP.MKTP.KD.ZG,1966,-0.33952563927852
ECU,NY.GDP.MKTP.KD.ZG,1965,3.27508248987445
ECU,NY.GDP.MKTP.KD.ZG,1964,7.40724535940373
ECU,NY.GDP.MKTP.KD.ZG,1963,2.10636824719379
ECU,NY.GDP.MKTP.KD.ZG,1962,4.91914694399127
ECU,NY.GDP.MKTP.KD.ZG,1961,5.12441487887448
ECU,NY.GDP.MKTP.KD.ZG,1960,
EGY,NY.GDP.MKTP.KD.ZG,2025,
EGY,NY.GDP.MKTP.KD.ZG,2024,2.3991692678251
EGY,NY.GDP.MKTP.KD.ZG,2023,3.76028052279247
EGY,NY.GDP.MKTP.KD.ZG,2022,6.58784560886967
EGY,NY.GDP.MKTP.KD.ZG,2021,3.29064601202211
EGY,NY.GDP.MKTP.KD.ZG,2020,3.55016483786838
EGY,NY.GDP.MKTP.KD.ZG,2019,5.55209307156956
EGY,NY.GDP.MKTP.KD.ZG,2018,5.3311086189448
EGY,NY.GDP.MKTP.KD.ZG,2017,4.18122099994778
EGY,NY.GDP.MKTP.KD.ZG,2016,4.34664345555447
EGY,NY.GDP.MKTP.KD.ZG,2015,4.37201907790141
EGY,NY.GDP.MKTP.KD.ZG,2014,2.91591187985748
EGY,NY.GDP.MKTP.KD.ZG,2013,2.18546605362143
EGY,NY.GDP.MKTP.KD.ZG,2012,2.22619979863525
EGY,NY.GDP.MKTP.KD.ZG,2011,1.7645719489982
EGY,NY.GDP.MKTP.KD.ZG,2010,5.1472348575531
EGY,NY.GDP.MKTP.KD.ZG,2009,4.67359979952391
EGY,NY.GDP.MKTP.KD.ZG,2008,7.15628356605819
EGY,NY.GDP.MKTP.KD.ZG,2007,7.08782742681038
EGY,NY.GDP.MKTP.KD.ZG,2006,6.84383819379117
EGY,NY.GDP.MKTP.KD.ZG,2005,4.47174447174434
EGY,NY.GDP.MKTP.KD.ZG,2004,4.0920716112534
EGY,NY.GDP.MKTP.KD.ZG,2003,3.19345473739745
EGY,NY.GDP.MKTP.KD.ZG,2002,2.39020402573726
EGY,NY.GDP.MKTP.KD.ZG,2001,3.53525197391507
EGY,NY.GDP.MKTP.KD.ZG,2000,6.37000382991766
EGY,NY.GDP.MKTP.KD.ZG,1999,6.05343878467555
EGY,NY.GDP.MKTP.KD.ZG,1998,5.575497460986
EGY,NY.GDP.MKTP.KD.ZG,1997,5.49235474302942
EGY,NY.GDP.MKTP.KD.ZG,1996,4.98873056512208
EGY,NY.GDP.MKTP.KD.ZG,1995,4.64245877240639
EGY,NY.GDP.MKTP.KD.ZG,1994,3.97317218034541
EGY,NY.GDP.MKTP.KD.ZG,1993,2.90079079959442
EGY,NY.GDP.MKTP.KD.ZG,1992,4.47285918408184
EGY,NY.GDP.MKTP.KD.ZG,1991,1.12540459520747
EGY,NY.GDP.MKTP.KD.ZG,1990,5.66702915715818
EGY,NY.GDP.MKTP.KD.ZG,1989,4.92086860390228
EGY,NY.GDP.MKTP.KD.ZG,1988,5.46132049551341
EGY,NY.GDP.MKTP.KD.ZG,1987,3.83275261319132
EGY,NY.GDP.MKTP.KD.ZG,1986,4.74452554738158
EGY,NY.GDP.MKTP.KD.ZG,1985,5.79150579142357
EGY,NY.GDP.MKTP.KD.ZG,1984,9.74576271171259
EGY,NY.GDP.MKTP.KD.ZG,1983,5.09440684048046
EGY,NY.GDP.MKTP.KD.ZG,1982,9.90717113397825
EGY,NY.GDP.MKTP.KD.ZG,1981,7.3485538963286
EGY,NY.GDP.MKTP.KD.ZG,1980,10.0113290379907
EGY,NY.GDP.MKTP.KD.ZG,1979,4.54768962839718
EGY,NY.GDP.MKTP.KD.ZG,1978,8.62876764493188
EGY,NY.GDP.MKTP.KD.ZG,1977,9.00304426675032
EGY,NY.GDP.MKTP.KD.ZG,1976,13.2796894430741
EGY,NY.GDP.MKTP.KD.ZG,1975,8.93914715890884
EGY,NY.GDP.MKTP.KD.ZG,1974,1.55893857170508
EGY,NY.GDP.MKTP.KD.ZG,1973,3.50683016247268
EGY,NY.GDP.MKTP.KD.ZG,1972,3.05568062514286
EGY,NY.GDP.MKTP.KD.ZG,1971,4.05734632653112
EGY,NY.GDP.MKTP.KD.ZG,1970,5.59851503851672
EGY,NY.GDP.MKTP.KD.ZG,1969,5.27951751357089
EGY,NY.GDP.MKTP.KD.ZG,1968,-1.60679234956356
EGY,NY.GDP.MKTP.KD.ZG,1967,0.805264127039209
EGY,NY.GDP.MKTP.KD.ZG,1966,5.04640371248233
EGY,NY.GDP.MKTP.KD.ZG,1965,4.91404229223662
EGY,NY.GDP.MKTP.KD.ZG,1964,11.5075774740325
EGY,NY.GDP.MKTP.KD.ZG,1963,10.5180926173666
EGY,NY.GDP.MKTP.KD.ZG,1962,3.87561672369634
EGY,NY.GDP.MKTP.KD.ZG,1961,5.16111414342448
EGY,NY.GDP.MKTP.KD.ZG,1960,
SLV,NY.GDP.MKTP.KD.ZG,2025,
SLV,NY.GDP.MKTP.KD.ZG,2024,2.60202016121069
SLV,NY.GDP.MKTP.KD.ZG,2023,3.5391566928735
SLV,NY.GDP.MKTP.KD.ZG,2022,2.95461516549889
SLV,NY.GDP.MKTP.KD.ZG,2021,11.9047617015957
SLV,NY.GDP.MKTP.KD.ZG,2020,-7.893101359867
SLV,NY.GDP.MKTP.KD.ZG,2019,2.43747159065784
SLV,NY.GDP.MKTP.KD.ZG,2018,2.4124442237792
SLV,NY.GDP.MKTP.KD.ZG,2017,2.24761908134138
SLV,NY.GDP.MKTP.KD.ZG,2016,2.53906241135864
SLV,NY.GDP.MKTP.KD.ZG,2015,2.40000008852115
SLV,NY.GDP.MKTP.KD.ZG,2014,1.7293998423459
SLV,NY.GDP.MKTP.KD.ZG,2013,2.18295232499635
SLV,NY.GDP.MKTP.KD.ZG,2012,2.88770010188691
SLV,NY.GDP.MKTP.KD.ZG,2011,3.77358499834686
SLV,NY.GDP.MKTP.KD.ZG,2010,2.15419536693635
SLV,NY.GDP.MKTP.KD.ZG,2009,-2.10876837627522
SLV,NY.GDP.MKTP.KD.ZG,2008,2.15440298282768
SLV,NY.GDP.MKTP.KD.ZG,2007,1.84760220587859
SLV,NY.GDP.MKTP.KD.ZG,2006,4.3369986028604
SLV,NY.GDP.MKTP.KD.ZG,2005,2.68083009363194
SLV,NY.GDP.MKTP.KD.ZG,2004,0.889404485692197
SLV,NY.GDP.MKTP.KD.ZG,2003,1.56539303147618
SLV,NY.GDP.MKTP.KD.ZG,2002,1.57291844759789
SLV,NY.GDP.MKTP.KD.ZG,2001,0.879613659882722
SLV,NY.GDP.MKTP.KD.ZG,2000,1.12790697674419
SLV,NY.GDP.MKTP.KD.ZG,1999,2.16203373722973
SLV,NY.GDP.MKTP.KD.ZG,1998,2.65227730016461
SLV,NY.GDP.MKTP.KD.ZG,1997,3.13797006665828
SLV,NY.GDP.MKTP.KD.ZG,1996,0.811461899328009
SLV,NY.GDP.MKTP.KD.ZG,1995,4.73408140229732
SLV,NY.GDP.MKTP.KD.ZG,1994,4.6920617266787
SLV,NY.GDP.MKTP.KD.ZG,1993,5.81831555719015
SLV,NY.GDP.MKTP.KD.ZG,1992,7.02196331575217
SLV,NY.GDP.MKTP.KD.ZG,1991,1.49408756791307
SLV,NY.GDP.MKTP.KD.ZG,1990,4.83290057793786
SLV,NY.GDP.MKTP.KD.ZG,1989,0.964059196617328
SLV,NY.GDP.MKTP.KD.ZG,1988,1.878176962178
SLV,NY.GDP.MKTP.KD.ZG,1987,2.50816921310606
SLV,NY.GDP.MKTP.KD.ZG,1986,0.19467303778427
SLV,NY.GDP.MKTP.KD.ZG,1985,0.614316239316253
SLV,NY.GDP.MKTP.KD.ZG,1984,1.3352580295922
SLV,NY.GDP.MKTP.KD.ZG,1983,1.53902528398682
SLV,NY.GDP.MKTP.KD.ZG,1982,-6.30847137584757
SLV,NY.GDP.MKTP.KD.ZG,1981,-5.72099045152937
SLV,NY.GDP.MKTP.KD.ZG,1980,-15.8368642948659
SLV,NY.GDP.MKTP.KD.ZG,1979,-4.18026543326904
SLV,NY.GDP.MKTP.KD.ZG,1978,5.32276583472789
SLV,NY.GDP.MKTP.KD.ZG,1977,6.78006172824861
SLV,NY.GDP.MKTP.KD.ZG,1976,5.04926017375946
SLV,NY.GDP.MKTP.KD.ZG,1975,2.92353188852029
SLV,NY.GDP.MKTP.KD.ZG,1974,5.33600110676542
SLV,NY.GDP.MKTP.KD.ZG,1973,4.86167350408661
SLV,NY.GDP.MKTP.KD.ZG,1972,6.11753368716674
SLV,NY.GDP.MKTP.KD.ZG,1971,3.85825751349313
SLV,NY.GDP.MKTP.KD.ZG,1970,2.97729509281315
SLV,NY.GDP.MKTP.KD.ZG,1969,3.48541881377602
SLV,NY.GDP.MKTP.KD.ZG,1968,3.23669238728887
SLV,NY.GDP.MKTP.KD.ZG,1967,5.43684884780356
SLV,NY.GDP.MKTP.KD.ZG,1966,7.16113774212035
SLV,NY.GDP.MKTP.KD.ZG,1965,
SLV,NY.GDP.MKTP.KD.ZG,1964,
SLV,NY.GDP.MKTP.KD.ZG,1963,
SLV,NY.GDP.MKTP.KD.ZG,1962,
SLV,NY.GDP.MKTP.KD.ZG,1961,
SLV,NY.GDP.MKTP.KD.ZG,1960,
GNQ,NY.GDP.MKTP.KD.ZG,2025,
GNQ,NY.GDP.MKTP.KD.ZG,2024,0.907248245986736
GNQ,NY.GDP.MKTP.KD.ZG,2023,-5.08930872071532
GNQ,NY.GDP.MKTP.KD.ZG,2022,3.22350831658598
GNQ,NY.GDP.MKTP.KD.ZG,2021,0.860269956382069
GNQ,NY.GDP.MKTP.KD.ZG,2020,-4.79108083383294
GNQ,NY.GDP.MKTP.KD.ZG,2019,-5.48182537893445
GNQ,NY.GDP.MKTP.KD.ZG,2018,-6.23654406734575
GNQ,NY.GDP.MKTP.KD.ZG,2017,-5.66750850486686
GNQ,NY.GDP.MKTP.KD.ZG,2016,-8.81641723219757
GNQ,NY.GDP.MKTP.KD.ZG,2015,-9.11004114881537
GNQ,NY.GDP.MKTP.KD.ZG,2014,0.415066301596866
GNQ,NY.GDP.MKTP.KD.ZG,2013,-4.13319850131583
GNQ,NY.GDP.MKTP.KD.ZG,2012,8.31287184445641
GNQ,NY.GDP.MKTP.KD.ZG,2011,6.52392362989873
GNQ,NY.GDP.MKTP.KD.ZG,2010,-8.92417588851806
GNQ,NY.GDP.MKTP.KD.ZG,2009,1.34335628806095
GNQ,NY.GDP.MKTP.KD.ZG,2008,17.7991091333811
GNQ,NY.GDP.MKTP.KD.ZG,2007,15.2821139194857
GNQ,NY.GDP.MKTP.KD.ZG,2006,7.70491760658767
GNQ,NY.GDP.MKTP.KD.ZG,2005,16.7487006053541
GNQ,NY.GDP.MKTP.KD.ZG,2004,37.9987268556423
GNQ,NY.GDP.MKTP.KD.ZG,2003,13.9552503163825
GNQ,NY.GDP.MKTP.KD.ZG,2002,19.4628340359251
GNQ,NY.GDP.MKTP.KD.ZG,2001,63.3798754250602
GNQ,NY.GDP.MKTP.KD.ZG,2000,18.2137799569674
GNQ,NY.GDP.MKTP.KD.ZG,1999,25.6640154410418
GNQ,NY.GDP.MKTP.KD.ZG,1998,23.7744823299607
GNQ,NY.GDP.MKTP.KD.ZG,1997,149.972963487965
GNQ,NY.GDP.MKTP.KD.ZG,1996,66.5799972215897
GNQ,NY.GDP.MKTP.KD.ZG,1995,17.4862637323938
GNQ,NY.GDP.MKTP.KD.ZG,1994,16.6688355418416
GNQ,NY.GDP.MKTP.KD.ZG,1993,11.0332130375277
GNQ,NY.GDP.MKTP.KD.ZG,1992,34.7453200290652
GNQ,NY.GDP.MKTP.KD.ZG,1991,-1.02223887710288
GNQ,NY.GDP.MKTP.KD.ZG,1990,-1.75856408496443
GNQ,NY.GDP.MKTP.KD.ZG,1989,-1.22917807949834
GNQ,NY.GDP.MKTP.KD.ZG,1988,2.6552621825882
GNQ,NY.GDP.MKTP.KD.ZG,1987,4.43673736244361
GNQ,NY.GDP.MKTP.KD.ZG,1986,-2.33055635744239
GNQ,NY.GDP.MKTP.KD.ZG,1985,12.9051788684821
GNQ,NY.GDP.MKTP.KD.ZG,1984,1.01138167040003
GNQ,NY.GDP.MKTP.KD.ZG,1983,5.00438719582668
GNQ,NY.GDP.MKTP.KD.ZG,1982,2.20167594636722
GNQ,NY.GDP.MKTP.KD.ZG,1981,5.76942050301955
GNQ,NY.GDP.MKTP.KD.ZG,1980,
GNQ,NY.GDP.MKTP.KD.ZG,1979,
GNQ,NY.GDP.MKTP.KD.ZG,1978,
GNQ,NY.GDP.MKTP.KD.ZG,1977,
GNQ,NY.GDP.MKTP.KD.ZG,1976,
GNQ,NY.GDP.MKTP.KD.ZG,1975,
GNQ,NY.GDP.MKTP.KD.ZG,1974,
GNQ,NY.GDP.MKTP.KD.ZG,1973,
GNQ,NY.GDP.MKTP.KD.ZG,1972,
GNQ,NY.GDP.MKTP.KD.ZG,1971,
GNQ,NY.GDP.MKTP.KD.ZG,1970,
GNQ,NY.GDP.MKTP.KD.ZG,1969,
GNQ,NY.GDP.MKTP.KD.ZG,1968,
GNQ,NY.GDP.MKTP.KD.ZG,1967,
GNQ,NY.GDP.MKTP.KD.ZG,1966,
GNQ,NY.GDP.MKTP.KD.ZG,1965,
GNQ,NY.GDP.MKTP.KD.ZG,1964,
GNQ,NY.GDP.MKTP.KD.ZG,1963,
GNQ,NY.GDP.MKTP.KD.ZG,1962,
GNQ,NY.GDP.MKTP.KD.ZG,1961,
GNQ,NY.GDP.MKTP.KD.ZG,1960,
ERI,NY.GDP.MKTP.KD.ZG,2025,
ERI,NY.GDP.MKTP.KD.ZG,2024,
ERI,NY.GDP.MKTP.KD.ZG,2023,
ERI,NY.GDP.MKTP.KD.ZG,2022,
ERI,NY.GDP.MKTP.KD.ZG,2021,
ERI,NY.GDP.MKTP.KD.ZG,2020,
ERI,NY.GDP.MKTP.KD.ZG,2019,
ERI,NY.GDP.MKTP.KD.ZG,2018,
ERI,NY.GDP.MKTP.KD.ZG,2017,
ERI,NY.GDP.MKTP.KD.ZG,2016,
ERI,NY.GDP.MKTP.KD.ZG,2015,
ERI,NY.GDP.MKTP.KD.ZG,2014,
ERI,NY.GDP.MKTP.KD.ZG,2013,
ERI,NY.GDP.MKTP.KD.ZG,2012,
ERI,NY.GDP.MKTP.KD.ZG,2011,8.67980010138049
ERI,NY.GDP.MKTP.KD.ZG,2010,2.19419034888082
ERI,NY.GDP.MKTP.KD.ZG,2009,3.8765015275421
ERI,NY.GDP.MKTP.KD.ZG,2008,-9.78303001782456
ERI,NY.GDP.MKTP.KD.ZG,2007,1.42682221120323
ERI,NY.GDP.MKTP.KD.ZG,2006,-0.969217110711355
ERI,NY.GDP.MKTP.KD.ZG,2005,2.57444955124846
ERI,NY.GDP.MKTP.KD.ZG,2004,1.45173556595506
ERI,NY.GDP.MKTP.KD.ZG,2003,-2.65551592487554
ERI,NY.GDP.MKTP.KD.ZG,2002,3.0054291917378
ERI,NY.GDP.MKTP.KD.ZG,2001,8.75543552816325
ERI,NY.GDP.MKTP.KD.ZG,2000,-3.14198590251638
ERI,NY.GDP.MKTP.KD.ZG,1999,0.0134800959108077
ERI,NY.GDP.MKTP.KD.ZG,1998,1.77258309100318
ERI,NY.GDP.MKTP.KD.ZG,1997,7.90868457794079
ERI,NY.GDP.MKTP.KD.ZG,1996,9.25883856340832
ERI,NY.GDP.MKTP.KD.ZG,1995,2.8583790589487
ERI,NY.GDP.MKTP.KD.ZG,1994,21.2214111876814
ERI,NY.GDP.MKTP.KD.ZG,1993,13.4547625007102
ERI,NY.GDP.MKTP.KD.ZG,1992,
ERI,NY.GDP.MKTP.KD.ZG,1991,
ERI,NY.GDP.MKTP.KD.ZG,1990,
ERI,NY.GDP.MKTP.KD.ZG,1989,
ERI,NY.GDP.MKTP.KD.ZG,1988,
ERI,NY.GDP.MKTP.KD.ZG,1987,
ERI,NY.GDP.MKTP.KD.ZG,1986,
ERI,NY.GDP.MKTP.KD.ZG,1985,
ERI,NY.GDP.MKTP.KD.ZG,1984,
ERI,NY.GDP.MKTP.KD.ZG,1983,
ERI,NY.GDP.MKTP.KD.ZG,1982,
ERI,NY.GDP.MKTP.KD.ZG,1981,
ERI,NY.GDP.MKTP.KD.ZG,1980,
ERI,NY.GDP.MKTP.KD.ZG,1979,
ERI,NY.GDP.MKTP.KD.ZG,1978,
ERI,NY.GDP.MKTP.KD.ZG,1977,
ERI,NY.GDP.MKTP.KD.ZG,1976,
ERI,NY.GDP.MKTP.KD.ZG,1975,
ERI,NY.GDP.MKTP.KD.ZG,1974,
ERI,NY.GDP.MKTP.KD.ZG,1973,
ERI,NY.GDP.MKTP.KD.ZG,1972,
ERI,NY.GDP.MKTP.KD.ZG,1971,
ERI,NY.GDP.MKTP.KD.ZG,1970,
ERI,NY.GDP.MKTP.KD.ZG,1969,
ERI,NY.GDP.MKTP.KD.ZG,1968,
ERI,NY.GDP.MKTP.KD.ZG,1967,
ERI,NY.GDP.MKTP.KD.ZG,1966,
ERI,NY.GDP.MKTP.KD.ZG,1965,
ERI,NY.GDP.MKTP.KD.ZG,1964,
ERI,NY.GDP.MKTP.KD.ZG,1963,
ERI,NY.GDP.MKTP.KD.ZG,1962,
ERI,NY.GDP.MKTP.KD.ZG,1961,
ERI,NY.GDP.MKTP.KD.ZG,1960,
EST,NY.GDP.MKTP.KD.ZG,2025,
EST,NY.GDP.MKTP.KD.ZG,2024,-0.0900428648493801
EST,NY.GDP.MKTP.KD.ZG,2023,-2.74421914571231
EST,NY.GDP.MKTP.KD.ZG,2022,-1.22616966587796
EST,NY.GDP.MKTP.KD.ZG,2021,8.25488044580031
EST,NY.GDP.MKTP.KD.ZG,2020,-2.88380751483778
EST,NY.GDP.MKTP.KD.ZG,2019,3.72664943466884
EST,NY.GDP.MKTP.KD.ZG,2018,3.69969756161726
EST,NY.GDP.MKTP.KD.ZG,2017,5.63467248963991
EST,NY.GDP.MKTP.KD.ZG,2016,3.09301920751959
EST,NY.GDP.MKTP.KD.ZG,2015,1.83815262882932
EST,NY.GDP.MKTP.KD.ZG,2014,3.32278988182702
EST,NY.GDP.MKTP.KD.ZG,2013,1.75649379621869
EST,NY.GDP.MKTP.KD.ZG,2012,3.67201872506541
EST,NY.GDP.MKTP.KD.ZG,2011,7.60697458913162
EST,NY.GDP.MKTP.KD.ZG,2010,2.4497502063999
EST,NY.GDP.MKTP.KD.ZG,2009,-14.6302225427906
EST,NY.GDP.MKTP.KD.ZG,2008,-5.12531154308803
EST,NY.GDP.MKTP.KD.ZG,2007,7.57091879311882
EST,NY.GDP.MKTP.KD.ZG,2006,9.76257131206653
EST,NY.GDP.MKTP.KD.ZG,2005,9.52305386462066
EST,NY.GDP.MKTP.KD.ZG,2004,6.80070110758655
EST,NY.GDP.MKTP.KD.ZG,2003,7.59630181032645
EST,NY.GDP.MKTP.KD.ZG,2002,6.93300082616575
EST,NY.GDP.MKTP.KD.ZG,2001,5.88074589534277
EST,NY.GDP.MKTP.KD.ZG,2000,10.0876385800462
EST,NY.GDP.MKTP.KD.ZG,1999,-0.425025372086623
EST,NY.GDP.MKTP.KD.ZG,1998,4.33982761193587
EST,NY.GDP.MKTP.KD.ZG,1997,13.0500207047869
EST,NY.GDP.MKTP.KD.ZG,1996,4.94301226131752
EST,NY.GDP.MKTP.KD.ZG,1995,4.52668179218811
EST,NY.GDP.MKTP.KD.ZG,1994,-1.64242462249874
EST,NY.GDP.MKTP.KD.ZG,1993,-5.7404942203392
EST,NY.GDP.MKTP.KD.ZG,1992,-21.1686562081087
EST,NY.GDP.MKTP.KD.ZG,1991,-7.99984359444035
EST,NY.GDP.MKTP.KD.ZG,1990,
EST,NY.GDP.MKTP.KD.ZG,1989,
EST,NY.GDP.MKTP.KD.ZG,1988,
EST,NY.GDP.MKTP.KD.ZG,1987,
EST,NY.GDP.MKTP.KD.ZG,1986,
EST,NY.GDP.MKTP.KD.ZG,1985,
EST,NY.GDP.MKTP.KD.ZG,1984,
EST,NY.GDP.MKTP.KD.ZG,1983,
EST,NY.GDP.MKTP.KD.ZG,1982,
EST,NY.GDP.MKTP.KD.ZG,1981,
EST,NY.GDP.MKTP.KD.ZG,1980,
EST,NY.GDP.MKTP.KD.ZG,1979,
EST,NY.GDP.MKTP.KD.ZG,1978,
EST,NY.GDP.MKTP.KD.ZG,1977,
EST,NY.GDP.MKTP.KD.ZG,1976,
EST,NY.GDP.MKTP.KD.ZG,1975,
EST,NY.GDP.MKTP.KD.ZG,1974,
EST,NY.GDP.MKTP.KD.ZG,1973,
EST,NY.GDP.MKTP.KD.ZG,1972,
EST,NY.GDP.MKTP.KD.ZG,1971,
EST,NY.GDP.MKTP.KD.ZG,1970,
EST,NY.GDP.MKTP.KD.ZG,1969,
EST,NY.GDP.MKTP.KD.ZG,1968,
EST,NY.GDP.MKTP.KD.ZG,1967,
EST,NY.GDP.MKTP.KD.ZG,1966,
EST,NY.GDP.MKTP.KD.ZG,1965,
EST,NY.GDP.MKTP.KD.ZG,1964,
EST,NY.GDP.MKTP.KD.ZG,1963,
EST,NY.GDP.MKTP.KD.ZG,1962,
EST,NY.GDP.MKTP.KD.ZG,1961,
EST,NY.GDP.MKTP.KD.ZG,1960,
SWZ,NY.GDP.MKTP.KD.ZG,2025,
SWZ,NY.GDP.MKTP.KD.ZG,2024,2.97391075973985
SWZ,NY.GDP.MKTP.KD.ZG,2023,3.53257662836211
SWZ,NY.GDP.MKTP.KD.ZG,2022,0.386070835562705
SWZ,NY.GDP.MKTP.KD.ZG,2021,4.23621913615419
SWZ,NY.GDP.MKTP.KD.ZG,2020,-2.95183453409287
SWZ,NY.GDP.MKTP.KD.ZG,2019,6.43186888691574
SWZ,NY.GDP.MKTP.KD.ZG,2018,0.0653956557843571
SWZ,NY.GDP.MKTP.KD.ZG,2017,3.52095345987983
SWZ,NY.GDP.MKTP.KD.ZG,2016,2.94916821059911
SWZ,NY.GDP.MKTP.KD.ZG,2015,1.70425806017289
SWZ,NY.GDP.MKTP.KD.ZG,2014,2.05738179246586
SWZ,NY.GDP.MKTP.KD.ZG,2013,4.09458522119226
SWZ,NY.GDP.MKTP.KD.ZG,2012,4.09048190124592
SWZ,NY.GDP.MKTP.KD.ZG,2011,1.83973625916165
SWZ,NY.GDP.MKTP.KD.ZG,2010,3.82443487429767
SWZ,NY.GDP.MKTP.KD.ZG,2009,1.43311134247756
SWZ,NY.GDP.MKTP.KD.ZG,2008,1.44055358727118
SWZ,NY.GDP.MKTP.KD.ZG,2007,4.31772144872362
SWZ,NY.GDP.MKTP.KD.ZG,2006,6.72880946564094
SWZ,NY.GDP.MKTP.KD.ZG,2005,5.99228289096037
SWZ,NY.GDP.MKTP.KD.ZG,2004,3.61711931922247
SWZ,NY.GDP.MKTP.KD.ZG,2003,4.53865525672528
SWZ,NY.GDP.MKTP.KD.ZG,2002,4.0886479398829
SWZ,NY.GDP.MKTP.KD.ZG,2001,1.41221393287066
SWZ,NY.GDP.MKTP.KD.ZG,2000,1.76017342169806
SWZ,NY.GDP.MKTP.KD.ZG,1999,2.95087531226599
SWZ,NY.GDP.MKTP.KD.ZG,1998,2.60403956156969
SWZ,NY.GDP.MKTP.KD.ZG,1997,3.10280509010417
SWZ,NY.GDP.MKTP.KD.ZG,1996,3.84205386908532
SWZ,NY.GDP.MKTP.KD.ZG,1995,4.82565115428272
SWZ,NY.GDP.MKTP.KD.ZG,1994,2.40069150379567
SWZ,NY.GDP.MKTP.KD.ZG,1993,3.10611402629526
SWZ,NY.GDP.MKTP.KD.ZG,1992,3.22620654131664
SWZ,NY.GDP.MKTP.KD.ZG,1991,1.76037668689723
SWZ,NY.GDP.MKTP.KD.ZG,1990,21.0180005361393
SWZ,NY.GDP.MKTP.KD.ZG,1989,12.9111040728151
SWZ,NY.GDP.MKTP.KD.ZG,1988,6.56982157105428
SWZ,NY.GDP.MKTP.KD.ZG,1987,14.6065902367825
SWZ,NY.GDP.MKTP.KD.ZG,1986,12.2644780398838
SWZ,NY.GDP.MKTP.KD.ZG,1985,3.79241569165134
SWZ,NY.GDP.MKTP.KD.ZG,1984,6.16175508690877
SWZ,NY.GDP.MKTP.KD.ZG,1983,1.20235489842577
SWZ,NY.GDP.MKTP.KD.ZG,1982,1.1725678797539
SWZ,NY.GDP.MKTP.KD.ZG,1981,14.6414410739109
SWZ,NY.GDP.MKTP.KD.ZG,1980,12.4490521716711
SWZ,NY.GDP.MKTP.KD.ZG,1979,3.10694505124196
SWZ,NY.GDP.MKTP.KD.ZG,1978,1.32712872842085
SWZ,NY.GDP.MKTP.KD.ZG,1977,1.00959290787206
SWZ,NY.GDP.MKTP.KD.ZG,1976,-2.11943776564657
SWZ,NY.GDP.MKTP.KD.ZG,1975,13.9084441066064
SWZ,NY.GDP.MKTP.KD.ZG,1974,5.74348690476276
SWZ,NY.GDP.MKTP.KD.ZG,1973,9.01867373858821
SWZ,NY.GDP.MKTP.KD.ZG,1972,5.42429428264373
SWZ,NY.GDP.MKTP.KD.ZG,1971,13.7436337306559
SWZ,NY.GDP.MKTP.KD.ZG,1970,
SWZ,NY.GDP.MKTP.KD.ZG,1969,
SWZ,NY.GDP.MKTP.KD.ZG,1968,
SWZ,NY.GDP.MKTP.KD.ZG,1967,
SWZ,NY.GDP.MKTP.KD.ZG,1966,
SWZ,NY.GDP.MKTP.KD.ZG,1965,
SWZ,NY.GDP.MKTP.KD.ZG,1964,
SWZ,NY.GDP.MKTP.KD.ZG,1963,
SWZ,NY.GDP.MKTP.KD.ZG,1962,
SWZ,NY.GDP.MKTP.KD.ZG,1961,
SWZ,NY.GDP.MKTP.KD.ZG,1960,
ETH,NY.GDP.MKTP.KD.ZG,2025,
ETH,NY.GDP.MKTP.KD.ZG,2024,7.61277447511073
ETH,NY.GDP.MKTP.KD.ZG,2023,6.59424599357075
ETH,NY.GDP.MKTP.KD.ZG,2022,5.32175988403378
ETH,NY.GDP.MKTP.KD.ZG,2021,5.64153069257077
ETH,NY.GDP.MKTP.KD.ZG,2020,6.05953089054807
ETH,NY.GDP.MKTP.KD.ZG,2019,8.36408573314054
ETH,NY.GDP.MKTP.KD.ZG,2018,6.81614778557282
ETH,NY.GDP.MKTP.KD.ZG,2017,9.56418965754014
ETH,NY.GDP.MKTP.KD.ZG,2016,9.43348265981905
ETH,NY.GDP.MKTP.KD.ZG,2015,10.3924630141307
ETH,NY.GDP.MKTP.KD.ZG,2014,10.2574929627477
ETH,NY.GDP.MKTP.KD.ZG,2013,10.5822700502552
ETH,NY.GDP.MKTP.KD.ZG,2012,8.64781163513926
ETH,NY.GDP.MKTP.KD.ZG,2011,11.1782962297008
ETH,NY.GDP.MKTP.KD.ZG,2010,12.5505383347633
ETH,NY.GDP.MKTP.KD.ZG,2009,8.8025531990487
ETH,NY.GDP.MKTP.KD.ZG,2008,10.7885216870332
ETH,NY.GDP.MKTP.KD.ZG,2007,11.4561670019891
ETH,NY.GDP.MKTP.KD.ZG,2006,10.8347270679373
ETH,NY.GDP.MKTP.KD.ZG,2005,11.8187659491625
ETH,NY.GDP.MKTP.KD.ZG,2004,13.5726031401471
ETH,NY.GDP.MKTP.KD.ZG,2003,-2.16135972256865
ETH,NY.GDP.MKTP.KD.ZG,2002,1.51472570667433
ETH,NY.GDP.MKTP.KD.ZG,2001,8.30130632267965
ETH,NY.GDP.MKTP.KD.ZG,2000,6.07321748125295
ETH,NY.GDP.MKTP.KD.ZG,1999,5.16214582255112
ETH,NY.GDP.MKTP.KD.ZG,1998,-3.4581391346848
ETH,NY.GDP.MKTP.KD.ZG,1997,3.1339068517801
ETH,NY.GDP.MKTP.KD.ZG,1996,12.4261737814951
ETH,NY.GDP.MKTP.KD.ZG,1995,6.12751141587474
ETH,NY.GDP.MKTP.KD.ZG,1994,3.18996458331273
ETH,NY.GDP.MKTP.KD.ZG,1993,13.1428339363255
ETH,NY.GDP.MKTP.KD.ZG,1992,-8.6724801143672
ETH,NY.GDP.MKTP.KD.ZG,1991,-7.13747971659305
ETH,NY.GDP.MKTP.KD.ZG,1990,2.72645178272684
ETH,NY.GDP.MKTP.KD.ZG,1989,-0.361044179752284
ETH,NY.GDP.MKTP.KD.ZG,1988,0.503674879297719
ETH,NY.GDP.MKTP.KD.ZG,1987,13.8593303949744
ETH,NY.GDP.MKTP.KD.ZG,1986,9.66161236122211
ETH,NY.GDP.MKTP.KD.ZG,1985,-11.1443529779264
ETH,NY.GDP.MKTP.KD.ZG,1984,-2.84802145221462
ETH,NY.GDP.MKTP.KD.ZG,1983,8.23500571913669
ETH,NY.GDP.MKTP.KD.ZG,1982,0.916013856738402
ETH,NY.GDP.MKTP.KD.ZG,1981,4.38154812543456
ETH,NY.GDP.MKTP.KD.ZG,1980,6.42416616401589
ETH,NY.GDP.MKTP.KD.ZG,1979,-1.10076369425465
ETH,NY.GDP.MKTP.KD.ZG,1978,2.74000633157128
ETH,NY.GDP.MKTP.KD.ZG,1977,2.72568162583839
ETH,NY.GDP.MKTP.KD.ZG,1976,0.148810316081267
ETH,NY.GDP.MKTP.KD.ZG,1975,1.24613171483642
ETH,NY.GDP.MKTP.KD.ZG,1974,3.27365832432511
ETH,NY.GDP.MKTP.KD.ZG,1973,5.10986950748782
ETH,NY.GDP.MKTP.KD.ZG,1972,4.22715958999208
ETH,NY.GDP.MKTP.KD.ZG,1971,6.52647616372386
ETH,NY.GDP.MKTP.KD.ZG,1970,3.48272874063242
ETH,NY.GDP.MKTP.KD.ZG,1969,1.38865740774845
ETH,NY.GDP.MKTP.KD.ZG,1968,4.14218784379452
ETH,NY.GDP.MKTP.KD.ZG,1967,4.06158788001341
ETH,NY.GDP.MKTP.KD.ZG,1966,7.25659803697334
ETH,NY.GDP.MKTP.KD.ZG,1965,5.77193201591967
ETH,NY.GDP.MKTP.KD.ZG,1964,4.090485611454
ETH,NY.GDP.MKTP.KD.ZG,1963,4.51863392606097
ETH,NY.GDP.MKTP.KD.ZG,1962,4.32609133566669
ETH,NY.GDP.MKTP.KD.ZG,1961,
ETH,NY.GDP.MKTP.KD.ZG,1960,
FRO,NY.GDP.MKTP.KD.ZG,2025,
FRO,NY.GDP.MKTP.KD.ZG,2024,0.843716851362103
FRO,NY.GDP.MKTP.KD.ZG,2023,3.15873872329266
FRO,NY.GDP.MKTP.KD.ZG,2022,3.86099981669155
FRO,NY.GDP.MKTP.KD.ZG,2021,5.06636291600633
FRO,NY.GDP.MKTP.KD.ZG,2020,-1.63732118017028
FRO,NY.GDP.MKTP.KD.ZG,2019,4.53851028676189
FRO,NY.GDP.MKTP.KD.ZG,2018,2.76370952267429
FRO,NY.GDP.MKTP.KD.ZG,2017,3.51201367488443
FRO,NY.GDP.MKTP.KD.ZG,2016,1.38644795938293
FRO,NY.GDP.MKTP.KD.ZG,2015,0.958001934486234
FRO,NY.GDP.MKTP.KD.ZG,2014,5.43214206841004
FRO,NY.GDP.MKTP.KD.ZG,2013,5.85614389735763
FRO,NY.GDP.MKTP.KD.ZG,2012,7.08148344487884
FRO,NY.GDP.MKTP.KD.ZG,2011,3.56636317884431
FRO,NY.GDP.MKTP.KD.ZG,2010,-0.379817991218616
FRO,NY.GDP.MKTP.KD.ZG,2009,-4.55329824103478
FRO,NY.GDP.MKTP.KD.ZG,2008,
FRO,NY.GDP.MKTP.KD.ZG,2007,
FRO,NY.GDP.MKTP.KD.ZG,2006,
FRO,NY.GDP.MKTP.KD.ZG,2005,
FRO,NY.GDP.MKTP.KD.ZG,2004,
FRO,NY.GDP.MKTP.KD.ZG,2003,
FRO,NY.GDP.MKTP.KD.ZG,2002,
FRO,NY.GDP.MKTP.KD.ZG,2001,
FRO,NY.GDP.MKTP.KD.ZG,2000,
FRO,NY.GDP.MKTP.KD.ZG,1999,
FRO,NY.GDP.MKTP.KD.ZG,1998,
FRO,NY.GDP.MKTP.KD.ZG,1997,
FRO,NY.GDP.MKTP.KD.ZG,1996,
FRO,NY.GDP.MKTP.KD.ZG,1995,
FRO,NY.GDP.MKTP.KD.ZG,1994,
FRO,NY.GDP.MKTP.KD.ZG,1993,
FRO,NY.GDP.MKTP.KD.ZG,1992,
FRO,NY.GDP.MKTP.KD.ZG,1991,
FRO,NY.GDP.MKTP.KD.ZG,1990,
FRO,NY.GDP.MKTP.KD.ZG,1989,
FRO,NY.GDP.MKTP.KD.ZG,1988,
FRO,NY.GDP.MKTP.KD.ZG,1987,
FRO,NY.GDP.MKTP.KD.ZG,1986,
FRO,NY.GDP.MKTP.KD.ZG,1985,
FRO,NY.GDP.MKTP.KD.ZG,1984,
FRO,NY.GDP.MKTP.KD.ZG,1983,
FRO,NY.GDP.MKTP.KD.ZG,1982,
FRO,NY.GDP.MKTP.KD.ZG,1981,
FRO,NY.GDP.MKTP.KD.ZG,1980,
FRO,NY.GDP.MKTP.KD.ZG,1979,
FRO,NY.GDP.MKTP.KD.ZG,1978,
FRO,NY.GDP.MKTP.KD.ZG,1977,
FRO,NY.GDP.MKTP.KD.ZG,1976,
FRO,NY.GDP.MKTP.KD.ZG,1975,
FRO,NY.GDP.MKTP.KD.ZG,1974,
FRO,NY.GDP.MKTP.KD.ZG,1973,
FRO,NY.GDP.MKTP.KD.ZG,1972,
FRO,NY.GDP.MKTP.KD.ZG,1971,
FRO,NY.GDP.MKTP.KD.ZG,1970,
FRO,NY.GDP.MKTP.KD.ZG,1969,
FRO,NY.GDP.MKTP.KD.ZG,1968,
FRO,NY.GDP.MKTP.KD.ZG,1967,
FRO,NY.GDP.MKTP.KD.ZG,1966,
FRO,NY.GDP.MKTP.KD.ZG,1965,
FRO,NY.GDP.MKTP.KD.ZG,1964,
FRO,NY.GDP.MKTP.KD.ZG,1963,
FRO,NY.GDP.MKTP.KD.ZG,1962,
FRO,NY.GDP.MKTP.KD.ZG,1961,
FRO,NY.GDP.MKTP.KD.ZG,1960,
FJI,NY.GDP.MKTP.KD.ZG,2025,
FJI,NY.GDP.MKTP.KD.ZG,2024,3.53085896076352
FJI,NY.GDP.MKTP.KD.ZG,2023,9.44245856738313
FJI,NY.GDP.MKTP.KD.ZG,2022,17.7451269773594
FJI,NY.GDP.MKTP.KD.ZG,2021,-4.3459619989752
FJI,NY.GDP.MKTP.KD.ZG,2020,-17.1835352599354
FJI,NY.GDP.MKTP.KD.ZG,2019,-0.581946709343867
FJI,NY.GDP.MKTP.KD.ZG,2018,3.81235122208561
FJI,NY.GDP.MKTP.KD.ZG,2017,5.35336455965039
FJI,NY.GDP.MKTP.KD.ZG,2016,2.44565179664245
FJI,NY.GDP.MKTP.KD.ZG,2015,4.50120041028725
FJI,NY.GDP.MKTP.KD.ZG,2014,5.60351440618301
FJI,NY.GDP.MKTP.KD.ZG,2013,4.73421948956533
FJI,NY.GDP.MKTP.KD.ZG,2012,1.41131438177968
FJI,NY.GDP.MKTP.KD.ZG,2011,2.70514302901054
FJI,NY.GDP.MKTP.KD.ZG,2010,2.9546724221223
FJI,NY.GDP.MKTP.KD.ZG,2009,-1.38603770763578
FJI,NY.GDP.MKTP.KD.ZG,2008,1.03279422025963
FJI,NY.GDP.MKTP.KD.ZG,2007,-0.850654310045783
FJI,NY.GDP.MKTP.KD.ZG,2006,1.85248387199492
FJI,NY.GDP.MKTP.KD.ZG,2005,0.700000402432295
FJI,NY.GDP.MKTP.KD.ZG,2004,5.29999970460942
FJI,NY.GDP.MKTP.KD.ZG,2003,0.999999344757256
FJI,NY.GDP.MKTP.KD.ZG,2002,3.19999911373272
FJI,NY.GDP.MKTP.KD.ZG,2001,2.00000014675203
FJI,NY.GDP.MKTP.KD.ZG,2000,-1.69999841605511
FJI,NY.GDP.MKTP.KD.ZG,1999,8.79999871927237
FJI,NY.GDP.MKTP.KD.ZG,1998,1.30000045153808
FJI,NY.GDP.MKTP.KD.ZG,1997,-2.19999936869252
FJI,NY.GDP.MKTP.KD.ZG,1996,4.80000043020961
FJI,NY.GDP.MKTP.KD.ZG,1995,2.49999853846879
FJI,NY.GDP.MKTP.KD.ZG,1994,5.09999960852183
FJI,NY.GDP.MKTP.KD.ZG,1993,2.13003242138259
FJI,NY.GDP.MKTP.KD.ZG,1992,6.10000190987678
FJI,NY.GDP.MKTP.KD.ZG,1991,-2.7000037309646
FJI,NY.GDP.MKTP.KD.ZG,1990,5.8000027238601
FJI,NY.GDP.MKTP.KD.ZG,1989,7.43863244182891
FJI,NY.GDP.MKTP.KD.ZG,1988,0.955754866463423
FJI,NY.GDP.MKTP.KD.ZG,1987,-6.6150200063595
FJI,NY.GDP.MKTP.KD.ZG,1986,7.74990796850761
FJI,NY.GDP.MKTP.KD.ZG,1985,-4.61347485610258
FJI,NY.GDP.MKTP.KD.ZG,1984,8.39302447512291
FJI,NY.GDP.MKTP.KD.ZG,1983,-3.96012301253025
FJI,NY.GDP.MKTP.KD.ZG,1982,-5.9784861986835
FJI,NY.GDP.MKTP.KD.ZG,1981,6.3299905402926
FJI,NY.GDP.MKTP.KD.ZG,1980,-1.60345694130206
FJI,NY.GDP.MKTP.KD.ZG,1979,12.2248197843007
FJI,NY.GDP.MKTP.KD.ZG,1978,1.86340145583873
FJI,NY.GDP.MKTP.KD.ZG,1977,5.90401182413044
FJI,NY.GDP.MKTP.KD.ZG,1976,2.73616325522002
FJI,NY.GDP.MKTP.KD.ZG,1975,0.530211183875878
FJI,NY.GDP.MKTP.KD.ZG,1974,2.60114991513119
FJI,NY.GDP.MKTP.KD.ZG,1973,11.6128684890071
FJI,NY.GDP.MKTP.KD.ZG,1972,7.48527669636245
FJI,NY.GDP.MKTP.KD.ZG,1971,6.88898664332798
FJI,NY.GDP.MKTP.KD.ZG,1970,12.7027111303008
FJI,NY.GDP.MKTP.KD.ZG,1969,2.59641050832793
FJI,NY.GDP.MKTP.KD.ZG,1968,7.91622158052871
FJI,NY.GDP.MKTP.KD.ZG,1967,13.3518282945216
FJI,NY.GDP.MKTP.KD.ZG,1966,0.0
FJI,NY.GDP.MKTP.KD.ZG,1965,-2.70026693997207
FJI,NY.GDP.MKTP.KD.ZG,1964,4.87728074374567
FJI,NY.GDP.MKTP.KD.ZG,1963,6.35877194090916
FJI,NY.GDP.MKTP.KD.ZG,1962,3.60610217922461
FJI,NY.GDP.MKTP.KD.ZG,1961,3.51758199167958
FJI,NY.GDP.MKTP.KD.ZG,1960,
FIN,NY.GDP.MKTP.KD.ZG,2025,
FIN,NY.GDP.MKTP.KD.ZG,2024,0.416171964862073
FIN,NY.GDP.MKTP.KD.ZG,2023,-0.939093459613758
FIN,NY.GDP.MKTP.KD.ZG,2022,0.763041912763526
FIN,NY.GDP.MKTP.KD.ZG,2021,2.67634641498897
FIN,NY.GDP.MKTP.KD.ZG,2020,-2.49103605535707
FIN,NY.GDP.MKTP.KD.ZG,2019,1.34973845741737
FIN,NY.GDP.MKTP.KD.ZG,2018,1.19297759742292
FIN,NY.GDP.MKTP.KD.ZG,2017,3.30337003591039
FIN,NY.GDP.MKTP.KD.ZG,2016,2.57193414898754
FIN,NY.GDP.MKTP.KD.ZG,2015,0.466503766322674
FIN,NY.GDP.MKTP.KD.ZG,2014,-0.4780684247837
FIN,NY.GDP.MKTP.KD.ZG,2013,-0.979741024949618
FIN,NY.GDP.MKTP.KD.ZG,2012,-1.52284013040689
FIN,NY.GDP.MKTP.KD.ZG,2011,2.39039455396828
FIN,NY.GDP.MKTP.KD.ZG,2010,3.1682879121621
FIN,NY.GDP.MKTP.KD.ZG,2009,-8.07603116552393
FIN,NY.GDP.MKTP.KD.ZG,2008,0.784431235717051
FIN,NY.GDP.MKTP.KD.ZG,2007,5.31280176694145
FIN,NY.GDP.MKTP.KD.ZG,2006,4.01957326515895
FIN,NY.GDP.MKTP.KD.ZG,2005,2.77730918518017
FIN,NY.GDP.MKTP.KD.ZG,2004,4.00537952277651
FIN,NY.GDP.MKTP.KD.ZG,2003,2.01179992738312
FIN,NY.GDP.MKTP.KD.ZG,2002,1.68732644358099
FIN,NY.GDP.MKTP.KD.ZG,2001,2.64026205699308
FIN,NY.GDP.MKTP.KD.ZG,2000,5.75373770498848
FIN,NY.GDP.MKTP.KD.ZG,1999,4.38928070374669
FIN,NY.GDP.MKTP.KD.ZG,1998,5.45427021765444
FIN,NY.GDP.MKTP.KD.ZG,1997,6.39770068404337
FIN,NY.GDP.MKTP.KD.ZG,1996,3.66265716987186
FIN,NY.GDP.MKTP.KD.ZG,1995,4.23436710187066
FIN,NY.GDP.MKTP.KD.ZG,1994,3.96437283726799
FIN,NY.GDP.MKTP.KD.ZG,1993,-0.779815061561479
FIN,NY.GDP.MKTP.KD.ZG,1992,-3.31137361706595
FIN,NY.GDP.MKTP.KD.ZG,1991,-5.88059618513641
FIN,NY.GDP.MKTP.KD.ZG,1990,0.691649917806032
FIN,NY.GDP.MKTP.KD.ZG,1989,5.08392955255206
FIN,NY.GDP.MKTP.KD.ZG,1988,5.23111280719965
FIN,NY.GDP.MKTP.KD.ZG,1987,3.56103297195551
FIN,NY.GDP.MKTP.KD.ZG,1986,2.75509931172768
FIN,NY.GDP.MKTP.KD.ZG,1985,3.54005438717211
FIN,NY.GDP.MKTP.KD.ZG,1984,3.22653291609758
FIN,NY.GDP.MKTP.KD.ZG,1983,3.10384880639285
FIN,NY.GDP.MKTP.KD.ZG,1982,3.08671541654802
FIN,NY.GDP.MKTP.KD.ZG,1981,1.28938426892493
FIN,NY.GDP.MKTP.KD.ZG,1980,5.38904748575388
FIN,NY.GDP.MKTP.KD.ZG,1979,7.12192593764533
FIN,NY.GDP.MKTP.KD.ZG,1978,2.91970756437469
FIN,NY.GDP.MKTP.KD.ZG,1977,0.239510630103453
FIN,NY.GDP.MKTP.KD.ZG,1976,0.344383187103318
FIN,NY.GDP.MKTP.KD.ZG,1975,1.80489795187316
FIN,NY.GDP.MKTP.KD.ZG,1974,3.23653343563224
FIN,NY.GDP.MKTP.KD.ZG,1973,6.98382835563822
FIN,NY.GDP.MKTP.KD.ZG,1972,7.7354848193458
FIN,NY.GDP.MKTP.KD.ZG,1971,2.35692123166586
FIN,NY.GDP.MKTP.KD.ZG,1970,7.47043264445793
FIN,NY.GDP.MKTP.KD.ZG,1969,9.59328778480038
FIN,NY.GDP.MKTP.KD.ZG,1968,2.30328998355675
FIN,NY.GDP.MKTP.KD.ZG,1967,2.16882888287391
FIN,NY.GDP.MKTP.KD.ZG,1966,2.37282301528172
FIN,NY.GDP.MKTP.KD.ZG,1965,5.30285780228283
FIN,NY.GDP.MKTP.KD.ZG,1964,5.23868659789332
FIN,NY.GDP.MKTP.KD.ZG,1963,3.28509963570336
FIN,NY.GDP.MKTP.KD.ZG,1962,2.98194553610338
FIN,NY.GDP.MKTP.KD.ZG,1961,7.60467047924413
FIN,NY.GDP.MKTP.KD.ZG,1960,
FRA,NY.GDP.MKTP.KD.ZG,2025,
FRA,NY.GDP.MKTP.KD.ZG,2024,1.19046798275883
FRA,NY.GDP.MKTP.KD.ZG,2023,1.43921494437743
FRA,NY.GDP.MKTP.KD.ZG,2022,2.71676264185913
FRA,NY.GDP.MKTP.KD.ZG,2021,6.88233783360239
FRA,NY.GDP.MKTP.KD.ZG,2020,-7.44064589948231
FRA,NY.GDP.MKTP.KD.ZG,2019,2.02744646419237
FRA,NY.GDP.MKTP.KD.ZG,2018,1.64590872395887
FRA,NY.GDP.MKTP.KD.ZG,2017,2.08361485997399
FRA,NY.GDP.MKTP.KD.ZG,2016,0.860031075424033
FRA,NY.GDP.MKTP.KD.ZG,2015,1.06675474783462
FRA,NY.GDP.MKTP.KD.ZG,2014,0.997832947295251
FRA,NY.GDP.MKTP.KD.ZG,2013,0.781756446231
FRA,NY.GDP.MKTP.KD.ZG,2012,0.183835264973013
FRA,NY.GDP.MKTP.KD.ZG,2011,2.43757653729007
FRA,NY.GDP.MKTP.KD.ZG,2010,2.00032476039051
FRA,NY.GDP.MKTP.KD.ZG,2009,-2.82455153714783
FRA,NY.GDP.MKTP.KD.ZG,2008,0.380171435849121
FRA,NY.GDP.MKTP.KD.ZG,2007,2.53048188351066
FRA,NY.GDP.MKTP.KD.ZG,2006,2.71406448755236
FRA,NY.GDP.MKTP.KD.ZG,2005,1.88856584109286
FRA,NY.GDP.MKTP.KD.ZG,2004,2.86825052501032
FRA,NY.GDP.MKTP.KD.ZG,2003,0.967827182558352
FRA,NY.GDP.MKTP.KD.ZG,2002,1.06775027069419
FRA,NY.GDP.MKTP.KD.ZG,2001,1.89946701186636
FRA,NY.GDP.MKTP.KD.ZG,2000,4.14099996402915
FRA,NY.GDP.MKTP.KD.ZG,1999,3.39930808809441
FRA,NY.GDP.MKTP.KD.ZG,1998,3.45259434279616
FRA,NY.GDP.MKTP.KD.ZG,1997,2.5270616339357
FRA,NY.GDP.MKTP.KD.ZG,1996,1.39707987198881
FRA,NY.GDP.MKTP.KD.ZG,1995,2.30479278392259
FRA,NY.GDP.MKTP.KD.ZG,1994,2.38366086110145
FRA,NY.GDP.MKTP.KD.ZG,1993,-0.35899781051468
FRA,NY.GDP.MKTP.KD.ZG,1992,1.5160611169627
FRA,NY.GDP.MKTP.KD.ZG,1991,1.23666248297356
FRA,NY.GDP.MKTP.KD.ZG,1990,2.82962715326478
FRA,NY.GDP.MKTP.KD.ZG,1989,4.40516927190527
FRA,NY.GDP.MKTP.KD.ZG,1988,4.81422400170246
FRA,NY.GDP.MKTP.KD.ZG,1987,2.55274621143047
FRA,NY.GDP.MKTP.KD.ZG,1986,2.38953554470334
FRA,NY.GDP.MKTP.KD.ZG,1985,1.56907436604108
FRA,NY.GDP.MKTP.KD.ZG,1984,1.60947146551595
FRA,NY.GDP.MKTP.KD.ZG,1983,1.26205761797051
FRA,NY.GDP.MKTP.KD.ZG,1982,2.44251268690125
FRA,NY.GDP.MKTP.KD.ZG,1981,1.18831474293866
FRA,NY.GDP.MKTP.KD.ZG,1980,1.67641337198611
FRA,NY.GDP.MKTP.KD.ZG,1979,3.69531078677157
FRA,NY.GDP.MKTP.KD.ZG,1978,3.94936216342872
FRA,NY.GDP.MKTP.KD.ZG,1977,3.55415568976466
FRA,NY.GDP.MKTP.KD.ZG,1976,4.33755647481964
FRA,NY.GDP.MKTP.KD.ZG,1975,-0.945609616912307
FRA,NY.GDP.MKTP.KD.ZG,1974,4.41471376407343
FRA,NY.GDP.MKTP.KD.ZG,1973,6.19458406640176
FRA,NY.GDP.MKTP.KD.ZG,1972,4.51410759995832
FRA,NY.GDP.MKTP.KD.ZG,1971,5.29344622836985
FRA,NY.GDP.MKTP.KD.ZG,1970,6.20017438615466
FRA,NY.GDP.MKTP.KD.ZG,1969,7.09364697994077
FRA,NY.GDP.MKTP.KD.ZG,1968,4.54401821190027
FRA,NY.GDP.MKTP.KD.ZG,1967,4.80177080876672
FRA,NY.GDP.MKTP.KD.ZG,1966,5.16354274190655
FRA,NY.GDP.MKTP.KD.ZG,1965,4.83875011249243
FRA,NY.GDP.MKTP.KD.ZG,1964,6.58280685437494
FRA,NY.GDP.MKTP.KD.ZG,1963,6.1033388581149
FRA,NY.GDP.MKTP.KD.ZG,1962,6.85626464484753
FRA,NY.GDP.MKTP.KD.ZG,1961,4.94642545980355
FRA,NY.GDP.MKTP.KD.ZG,1960,
PYF,NY.GDP.MKTP.KD.ZG,2025,
PYF,NY.GDP.MKTP.KD.ZG,2024,1.12638897730247
PYF,NY.GDP.MKTP.KD.ZG,2023,2.77284077155413
PYF,NY.GDP.MKTP.KD.ZG,2022,2.9373470716322
PYF,NY.GDP.MKTP.KD.ZG,2021,3.36590242421546
PYF,NY.GDP.MKTP.KD.ZG,2020,-10.5738138632489
PYF,NY.GDP.MKTP.KD.ZG,2019,2.68946658143334
PYF,NY.GDP.MKTP.KD.ZG,2018,1.80687498305207
PYF,NY.GDP.MKTP.KD.ZG,2017,4.29263363103487
PYF,NY.GDP.MKTP.KD.ZG,2016,2.30219823670438
PYF,NY.GDP.MKTP.KD.ZG,2015,1.80334081452726
PYF,NY.GDP.MKTP.KD.ZG,2014,0.593554452942286
PYF,NY.GDP.MKTP.KD.ZG,2013,0.398801414346934
PYF,NY.GDP.MKTP.KD.ZG,2012,-0.927537712532072
PYF,NY.GDP.MKTP.KD.ZG,2011,-2.96195745427229
PYF,NY.GDP.MKTP.KD.ZG,2010,-2.4660641898174
PYF,NY.GDP.MKTP.KD.ZG,2009,-4.23139183069446
PYF,NY.GDP.MKTP.KD.ZG,2008,0.00676755066312751
PYF,NY.GDP.MKTP.KD.ZG,2007,1.70497563803002
PYF,NY.GDP.MKTP.KD.ZG,2006,0.889584117597607
PYF,NY.GDP.MKTP.KD.ZG,2005,0.309973476180005
PYF,NY.GDP.MKTP.KD.ZG,2004,0.971259129987544
PYF,NY.GDP.MKTP.KD.ZG,2003,2.1269288487261
PYF,NY.GDP.MKTP.KD.ZG,2002,0.846181482808589
PYF,NY.GDP.MKTP.KD.ZG,2001,-0.341595578089056
PYF,NY.GDP.MKTP.KD.ZG,2000,3.24541101308193
PYF,NY.GDP.MKTP.KD.ZG,1999,1.89053278745592
PYF,NY.GDP.MKTP.KD.ZG,1998,1.73337439996173
PYF,NY.GDP.MKTP.KD.ZG,1997,-0.122814651501315
PYF,NY.GDP.MKTP.KD.ZG,1996,-0.668536562658289
PYF,NY.GDP.MKTP.KD.ZG,1995,-0.388969416903137
PYF,NY.GDP.MKTP.KD.ZG,1994,-1.66632516413321
PYF,NY.GDP.MKTP.KD.ZG,1993,-1.29768260234859
PYF,NY.GDP.MKTP.KD.ZG,1992,-1.45738829064787
PYF,NY.GDP.MKTP.KD.ZG,1991,3.65552681908341
PYF,NY.GDP.MKTP.KD.ZG,1990,0.129883207294256
PYF,NY.GDP.MKTP.KD.ZG,1989,2.15788092546244
PYF,NY.GDP.MKTP.KD.ZG,1988,-3.59863214234593
PYF,NY.GDP.MKTP.KD.ZG,1987,1.26983032278699
PYF,NY.GDP.MKTP.KD.ZG,1986,13.547794530533
PYF,NY.GDP.MKTP.KD.ZG,1985,-1.17078821581741
PYF,NY.GDP.MKTP.KD.ZG,1984,2.36029244995161
PYF,NY.GDP.MKTP.KD.ZG,1983,2.41965535795332
PYF,NY.GDP.MKTP.KD.ZG,1982,1.69858955690449
PYF,NY.GDP.MKTP.KD.ZG,1981,2.64602287726119
PYF,NY.GDP.MKTP.KD.ZG,1980,0.484901260469812
PYF,NY.GDP.MKTP.KD.ZG,1979,3.92592417751565
PYF,NY.GDP.MKTP.KD.ZG,1978,9.89255930015017
PYF,NY.GDP.MKTP.KD.ZG,1977,2.07899270297354
PYF,NY.GDP.MKTP.KD.ZG,1976,8.20361632558698
PYF,NY.GDP.MKTP.KD.ZG,1975,-4.9027023963948
PYF,NY.GDP.MKTP.KD.ZG,1974,18.0010489103309
PYF,NY.GDP.MKTP.KD.ZG,1973,7.80256111911721
PYF,NY.GDP.MKTP.KD.ZG,1972,-4.69507873236614
PYF,NY.GDP.MKTP.KD.ZG,1971,12.0024086478023
PYF,NY.GDP.MKTP.KD.ZG,1970,1.62671133857395
PYF,NY.GDP.MKTP.KD.ZG,1969,-2.6859410147583
PYF,NY.GDP.MKTP.KD.ZG,1968,14.9308021425117
PYF,NY.GDP.MKTP.KD.ZG,1967,-4.73916661693772
PYF,NY.GDP.MKTP.KD.ZG,1966,9.57657823549394
PYF,NY.GDP.MKTP.KD.ZG,1965,
PYF,NY.GDP.MKTP.KD.ZG,1964,
PYF,NY.GDP.MKTP.KD.ZG,1963,
PYF,NY.GDP.MKTP.KD.ZG,1962,
PYF,NY.GDP.MKTP.KD.ZG,1961,
PYF,NY.GDP.MKTP.KD.ZG,1960,
GAB,NY.GDP.MKTP.KD.ZG,2025,
GAB,NY.GDP.MKTP.KD.ZG,2024,3.39403899592401
GAB,NY.GDP.MKTP.KD.ZG,2023,2.43893665064327
GAB,NY.GDP.MKTP.KD.ZG,2022,3.03761449530657
GAB,NY.GDP.MKTP.KD.ZG,2021,1.46795731487489
GAB,NY.GDP.MKTP.KD.ZG,2020,-1.83776106357656
GAB,NY.GDP.MKTP.KD.ZG,2019,3.92080879452831
GAB,NY.GDP.MKTP.KD.ZG,2018,0.83791658082157
GAB,NY.GDP.MKTP.KD.ZG,2017,0.472642030911146
GAB,NY.GDP.MKTP.KD.ZG,2016,2.09144220829562
GAB,NY.GDP.MKTP.KD.ZG,2015,3.8788993950789
GAB,NY.GDP.MKTP.KD.ZG,2014,4.31496444107469
GAB,NY.GDP.MKTP.KD.ZG,2013,5.63869900338696
GAB,NY.GDP.MKTP.KD.ZG,2012,5.25107691750407
GAB,NY.GDP.MKTP.KD.ZG,2011,7.09175334258654
GAB,NY.GDP.MKTP.KD.ZG,2010,7.08988731455126
GAB,NY.GDP.MKTP.KD.ZG,2009,0.130331119816617
GAB,NY.GDP.MKTP.KD.ZG,2008,-3.30843064878751
GAB,NY.GDP.MKTP.KD.ZG,2007,6.00810802487668
GAB,NY.GDP.MKTP.KD.ZG,2006,-2.80657835569052
GAB,NY.GDP.MKTP.KD.ZG,2005,2.67620333310926
GAB,NY.GDP.MKTP.KD.ZG,2004,0.689543058464849
GAB,NY.GDP.MKTP.KD.ZG,2003,2.2473300115045
GAB,NY.GDP.MKTP.KD.ZG,2002,-0.249033168543434
GAB,NY.GDP.MKTP.KD.ZG,2001,2.13523342197423
GAB,NY.GDP.MKTP.KD.ZG,2000,-1.88296639760897
GAB,NY.GDP.MKTP.KD.ZG,1999,-8.93262280230105
GAB,NY.GDP.MKTP.KD.ZG,1998,3.47783358718901
GAB,NY.GDP.MKTP.KD.ZG,1997,5.73836739483843
GAB,NY.GDP.MKTP.KD.ZG,1996,3.62504902027987
GAB,NY.GDP.MKTP.KD.ZG,1995,4.97384776335103
GAB,NY.GDP.MKTP.KD.ZG,1994,3.71275484108966
GAB,NY.GDP.MKTP.KD.ZG,1993,3.94655500790242
GAB,NY.GDP.MKTP.KD.ZG,1992,-3.09014565154393
GAB,NY.GDP.MKTP.KD.ZG,1991,6.11250348301178
GAB,NY.GDP.MKTP.KD.ZG,1990,5.19223727652398
GAB,NY.GDP.MKTP.KD.ZG,1989,8.54530998982545
GAB,NY.GDP.MKTP.KD.ZG,1988,12.8453532480867
GAB,NY.GDP.MKTP.KD.ZG,1987,-17.1460422148976
GAB,NY.GDP.MKTP.KD.ZG,1986,-0.803597733902933
GAB,NY.GDP.MKTP.KD.ZG,1985,-2.33294933269416
GAB,NY.GDP.MKTP.KD.ZG,1984,7.50890230839578
GAB,NY.GDP.MKTP.KD.ZG,1983,5.60824067925303
GAB,NY.GDP.MKTP.KD.ZG,1982,-3.09752039780534
GAB,NY.GDP.MKTP.KD.ZG,1981,5.09532927895786
GAB,NY.GDP.MKTP.KD.ZG,1980,2.55293715765217
GAB,NY.GDP.MKTP.KD.ZG,1979,0.474405279722845
GAB,NY.GDP.MKTP.KD.ZG,1978,-24.0492060700073
GAB,NY.GDP.MKTP.KD.ZG,1977,-12.582091168196
GAB,NY.GDP.MKTP.KD.ZG,1976,35.6253379697775
GAB,NY.GDP.MKTP.KD.ZG,1975,19.1901149100017
GAB,NY.GDP.MKTP.KD.ZG,1974,39.4870951788448
GAB,NY.GDP.MKTP.KD.ZG,1973,10.1824336186273
GAB,NY.GDP.MKTP.KD.ZG,1972,11.3369706830662
GAB,NY.GDP.MKTP.KD.ZG,1971,10.2587309116899
GAB,NY.GDP.MKTP.KD.ZG,1970,8.67934217556071
GAB,NY.GDP.MKTP.KD.ZG,1969,8.08291043381715
GAB,NY.GDP.MKTP.KD.ZG,1968,2.50880088058756
GAB,NY.GDP.MKTP.KD.ZG,1967,4.11515285426293
GAB,NY.GDP.MKTP.KD.ZG,1966,4.50800456670004
GAB,NY.GDP.MKTP.KD.ZG,1965,8.33333566041171
GAB,NY.GDP.MKTP.KD.ZG,1964,4.55445363440386
GAB,NY.GDP.MKTP.KD.ZG,1963,6.09243528403599
GAB,NY.GDP.MKTP.KD.ZG,1962,7.44921159688671
GAB,NY.GDP.MKTP.KD.ZG,1961,14.7668431868332
GAB,NY.GDP.MKTP.KD.ZG,1960,
GMB,NY.GDP.MKTP.KD.ZG,2025,
GMB,NY.GDP.MKTP.KD.ZG,2024,5.55126069510321
GMB,NY.GDP.MKTP.KD.ZG,2023,5.9167957146697
GMB,NY.GDP.MKTP.KD.ZG,2022,5.49299823010114
GMB,NY.GDP.MKTP.KD.ZG,2021,5.25596878816744
GMB,NY.GDP.MKTP.KD.ZG,2020,0.591487287873974
GMB,NY.GDP.MKTP.KD.ZG,2019,6.22205315994859
GMB,NY.GDP.MKTP.KD.ZG,2018,7.23489033258579
GMB,NY.GDP.MKTP.KD.ZG,2017,4.8226112492757
GMB,NY.GDP.MKTP.KD.ZG,2016,1.94335965478776
GMB,NY.GDP.MKTP.KD.ZG,2015,4.0580738039996
GMB,NY.GDP.MKTP.KD.ZG,2014,-1.40738249510954
GMB,NY.GDP.MKTP.KD.ZG,2013,2.872768790327
GMB,NY.GDP.MKTP.KD.ZG,2012,5.24156924630741
GMB,NY.GDP.MKTP.KD.ZG,2011,-8.13044422315659
GMB,NY.GDP.MKTP.KD.ZG,2010,5.90833580968288
GMB,NY.GDP.MKTP.KD.ZG,2009,6.6657243078367
GMB,NY.GDP.MKTP.KD.ZG,2008,6.25590553394287
GMB,NY.GDP.MKTP.KD.ZG,2007,3.04324950829739
GMB,NY.GDP.MKTP.KD.ZG,2006,-0.555580977246521
GMB,NY.GDP.MKTP.KD.ZG,2005,-2.35172936176019
GMB,NY.GDP.MKTP.KD.ZG,2004,7.05000000064635
GMB,NY.GDP.MKTP.KD.ZG,2003,6.86999962173842
GMB,NY.GDP.MKTP.KD.ZG,2002,-3.25000014970206
GMB,NY.GDP.MKTP.KD.ZG,2001,5.80000024323377
GMB,NY.GDP.MKTP.KD.ZG,2000,5.50000021632955
GMB,NY.GDP.MKTP.KD.ZG,1999,6.39999905009302
GMB,NY.GDP.MKTP.KD.ZG,1998,3.49999870205306
GMB,NY.GDP.MKTP.KD.ZG,1997,4.89999910999681
GMB,NY.GDP.MKTP.KD.ZG,1996,2.22354563838627
GMB,NY.GDP.MKTP.KD.ZG,1995,0.881848240754678
GMB,NY.GDP.MKTP.KD.ZG,1994,0.154345959845131
GMB,NY.GDP.MKTP.KD.ZG,1993,3.01210137437499
GMB,NY.GDP.MKTP.KD.ZG,1992,3.37868879121812
GMB,NY.GDP.MKTP.KD.ZG,1991,3.10703922385581
GMB,NY.GDP.MKTP.KD.ZG,1990,3.55887936756983
GMB,NY.GDP.MKTP.KD.ZG,1989,5.89572187264736
GMB,NY.GDP.MKTP.KD.ZG,1988,4.47682692076357
GMB,NY.GDP.MKTP.KD.ZG,1987,2.45433259678632
GMB,NY.GDP.MKTP.KD.ZG,1986,4.09107074099691
GMB,NY.GDP.MKTP.KD.ZG,1985,-0.812264660562306
GMB,NY.GDP.MKTP.KD.ZG,1984,3.53525730169937
GMB,NY.GDP.MKTP.KD.ZG,1983,10.8832277675592
GMB,NY.GDP.MKTP.KD.ZG,1982,-0.764582637150042
GMB,NY.GDP.MKTP.KD.ZG,1981,3.32189401064942
GMB,NY.GDP.MKTP.KD.ZG,1980,6.27007960556354
GMB,NY.GDP.MKTP.KD.ZG,1979,-1.32818316164975
GMB,NY.GDP.MKTP.KD.ZG,1978,6.31644630976179
GMB,NY.GDP.MKTP.KD.ZG,1977,3.43957605958968
GMB,NY.GDP.MKTP.KD.ZG,1976,7.35122573247521
GMB,NY.GDP.MKTP.KD.ZG,1975,12.3934290906923
GMB,NY.GDP.MKTP.KD.ZG,1974,5.87879361029783
GMB,NY.GDP.MKTP.KD.ZG,1973,9.25032925345546
GMB,NY.GDP.MKTP.KD.ZG,1972,0.241704785011237
GMB,NY.GDP.MKTP.KD.ZG,1971,-0.0658770394050947
GMB,NY.GDP.MKTP.KD.ZG,1970,6.15384657262285
GMB,NY.GDP.MKTP.KD.ZG,1969,2.43552288111326
GMB,NY.GDP.MKTP.KD.ZG,1968,9.57614347228663
GMB,NY.GDP.MKTP.KD.ZG,1967,0.0
GMB,NY.GDP.MKTP.KD.ZG,1966,
GMB,NY.GDP.MKTP.KD.ZG,1965,
GMB,NY.GDP.MKTP.KD.ZG,1964,
GMB,NY.GDP.MKTP.KD.ZG,1963,
GMB,NY.GDP.MKTP.KD.ZG,1962,
GMB,NY.GDP.MKTP.KD.ZG,1961,
GMB,NY.GDP.MKTP.KD.ZG,1960,
GEO,NY.GDP.MKTP.KD.ZG,2025,
GEO,NY.GDP.MKTP.KD.ZG,2024,9.67979387500691
GEO,NY.GDP.MKTP.KD.ZG,2023,7.83220126555726
GEO,NY.GDP.MKTP.KD.ZG,2022,10.9585321385624
GEO,NY.GDP.MKTP.KD.ZG,2021,10.6442336580969
GEO,NY.GDP.MKTP.KD.ZG,2020,-6.2904717853839
GEO,NY.GDP.MKTP.KD.ZG,2019,5.38071926589951
GEO,NY.GDP.MKTP.KD.ZG,2018,6.062036412677
GEO,NY.GDP.MKTP.KD.ZG,2017,5.15990261658827
GEO,NY.GDP.MKTP.KD.ZG,2016,3.45021517996871
GEO,NY.GDP.MKTP.KD.ZG,2015,3.35102350265353
GEO,NY.GDP.MKTP.KD.ZG,2014,4.09049059581743
GEO,NY.GDP.MKTP.KD.ZG,2013,5.13288531209382
GEO,NY.GDP.MKTP.KD.ZG,2012,6.57883101954195
GEO,NY.GDP.MKTP.KD.ZG,2011,7.9343365253078
GEO,NY.GDP.MKTP.KD.ZG,2010,6.24640865303363
GEO,NY.GDP.MKTP.KD.ZG,2009,-3.65075229596822
GEO,NY.GDP.MKTP.KD.ZG,2008,2.42161440960641
GEO,NY.GDP.MKTP.KD.ZG,2007,12.5755698246405
GEO,NY.GDP.MKTP.KD.ZG,2006,9.42148081189909
GEO,NY.GDP.MKTP.KD.ZG,2005,9.59113832853026
GEO,NY.GDP.MKTP.KD.ZG,2004,5.79268292682926
GEO,NY.GDP.MKTP.KD.ZG,2003,11.0570310020104
GEO,NY.GDP.MKTP.KD.ZG,2002,5.47402488700408
GEO,NY.GDP.MKTP.KD.ZG,2001,4.80729867243699
GEO,NY.GDP.MKTP.KD.ZG,2000,1.84038117927339
GEO,NY.GDP.MKTP.KD.ZG,1999,2.86729567454968
GEO,NY.GDP.MKTP.KD.ZG,1998,3.10150969616576
GEO,NY.GDP.MKTP.KD.ZG,1997,10.5208042446244
GEO,NY.GDP.MKTP.KD.ZG,1996,11.2025463861501
GEO,NY.GDP.MKTP.KD.ZG,1995,2.59657506969336
GEO,NY.GDP.MKTP.KD.ZG,1994,-10.3982300884956
GEO,NY.GDP.MKTP.KD.ZG,1993,-29.3001665068873
GEO,NY.GDP.MKTP.KD.ZG,1992,-44.899774806083
GEO,NY.GDP.MKTP.KD.ZG,1991,-21.0998508379398
GEO,NY.GDP.MKTP.KD.ZG,1990,-14.788785046729
GEO,NY.GDP.MKTP.KD.ZG,1989,-7.19378285079883
GEO,NY.GDP.MKTP.KD.ZG,1988,5.55545382967426
GEO,NY.GDP.MKTP.KD.ZG,1987,1.28148065724565
GEO,NY.GDP.MKTP.KD.ZG,1986,-8.17567222383052
GEO,NY.GDP.MKTP.KD.ZG,1985,4.94120590442833
GEO,NY.GDP.MKTP.KD.ZG,1984,5.4279631478795
GEO,NY.GDP.MKTP.KD.ZG,1983,4.3016035214589
GEO,NY.GDP.MKTP.KD.ZG,1982,2.00244542885206
GEO,NY.GDP.MKTP.KD.ZG,1981,5.26660055282426
GEO,NY.GDP.MKTP.KD.ZG,1980,4.57644696484918
GEO,NY.GDP.MKTP.KD.ZG,1979,7.37064063684609
GEO,NY.GDP.MKTP.KD.ZG,1978,7.42956043676347
GEO,NY.GDP.MKTP.KD.ZG,1977,6.89430009522513
GEO,NY.GDP.MKTP.KD.ZG,1976,6.09953235956353
GEO,NY.GDP.MKTP.KD.ZG,1975,7.38042838101734
GEO,NY.GDP.MKTP.KD.ZG,1974,8.80974063206179
GEO,NY.GDP.MKTP.KD.ZG,1973,6.48254561126276
GEO,NY.GDP.MKTP.KD.ZG,1972,2.83646033387501
GEO,NY.GDP.MKTP.KD.ZG,1971,2.47133179427014
GEO,NY.GDP.MKTP.KD.ZG,1970,12.0520758237564
GEO,NY.GDP.MKTP.KD.ZG,1969,4.7765040433662
GEO,NY.GDP.MKTP.KD.ZG,1968,4.45558340295182
GEO,NY.GDP.MKTP.KD.ZG,1967,6.25308215800375
GEO,NY.GDP.MKTP.KD.ZG,1966,7.53566314896325
GEO,NY.GDP.MKTP.KD.ZG,1965,10.5586366152245
GEO,NY.GDP.MKTP.KD.ZG,1964,5.42958764979345
GEO,NY.GDP.MKTP.KD.ZG,1963,4.20187909672116
GEO,NY.GDP.MKTP.KD.ZG,1962,5.11301649671694
GEO,NY.GDP.MKTP.KD.ZG,1961,4.86594070054342
GEO,NY.GDP.MKTP.KD.ZG,1960,
DEU,NY.GDP.MKTP.KD.ZG,2025,
DEU,NY.GDP.MKTP.KD.ZG,2024,-0.495851897260366
DEU,NY.GDP.MKTP.KD.ZG,2023,-0.869647578573321
DEU,NY.GDP.MKTP.KD.ZG,2022,1.8092581243061
DEU,NY.GDP.MKTP.KD.ZG,2021,3.90999994204108
DEU,NY.GDP.MKTP.KD.ZG,2020,-4.13191443239947
DEU,NY.GDP.MKTP.KD.ZG,2019,0.977734697038784
DEU,NY.GDP.MKTP.KD.ZG,2018,1.13569604599849
DEU,NY.GDP.MKTP.KD.ZG,2017,2.797906720551
DEU,NY.GDP.MKTP.KD.ZG,2016,2.22222216259371
DEU,NY.GDP.MKTP.KD.ZG,2015,1.66300602334775
DEU,NY.GDP.MKTP.KD.ZG,2014,2.18018602168017
DEU,NY.GDP.MKTP.KD.ZG,2013,0.396995583779145
DEU,NY.GDP.MKTP.KD.ZG,2012,0.463512036709204
DEU,NY.GDP.MKTP.KD.ZG,2011,3.75796884489337
DEU,NY.GDP.MKTP.KD.ZG,2010,4.13463778522758
DEU,NY.GDP.MKTP.KD.ZG,2009,-5.54455451920674
DEU,NY.GDP.MKTP.KD.ZG,2008,0.887902330743628
DEU,NY.GDP.MKTP.KD.ZG,2007,2.8891174138025
DEU,NY.GDP.MKTP.KD.ZG,2006,3.86668241523209
DEU,NY.GDP.MKTP.KD.ZG,2005,0.885485292551564
DEU,NY.GDP.MKTP.KD.ZG,2004,1.16208684507278
DEU,NY.GDP.MKTP.KD.ZG,2003,-0.529801394291297
DEU,NY.GDP.MKTP.KD.ZG,2002,-0.228255715793637
DEU,NY.GDP.MKTP.KD.ZG,2001,1.63614170690956
DEU,NY.GDP.MKTP.KD.ZG,2000,2.8765231247659
DEU,NY.GDP.MKTP.KD.ZG,1999,2.12957016297766
DEU,NY.GDP.MKTP.KD.ZG,1998,2.09561231172233
DEU,NY.GDP.MKTP.KD.ZG,1997,1.85432238398302
DEU,NY.GDP.MKTP.KD.ZG,1996,1.0378755674358
DEU,NY.GDP.MKTP.KD.ZG,1995,1.50499384201356
DEU,NY.GDP.MKTP.KD.ZG,1994,2.59685569693275
DEU,NY.GDP.MKTP.KD.ZG,1993,-0.973033082340891
DEU,NY.GDP.MKTP.KD.ZG,1992,2.01361340926105
DEU,NY.GDP.MKTP.KD.ZG,1991,5.10826150190911
DEU,NY.GDP.MKTP.KD.ZG,1990,5.25500610110028
DEU,NY.GDP.MKTP.KD.ZG,1989,3.89655170553733
DEU,NY.GDP.MKTP.KD.ZG,1988,3.70723567991882
DEU,NY.GDP.MKTP.KD.ZG,1987,1.4021515883601
DEU,NY.GDP.MKTP.KD.ZG,1986,2.28733925852798
DEU,NY.GDP.MKTP.KD.ZG,1985,2.32793520067574
DEU,NY.GDP.MKTP.KD.ZG,1984,2.82294783585535
DEU,NY.GDP.MKTP.KD.ZG,1983,1.57241014192158
DEU,NY.GDP.MKTP.KD.ZG,1982,-0.394840735634787
DEU,NY.GDP.MKTP.KD.ZG,1981,0.529240541969116
DEU,NY.GDP.MKTP.KD.ZG,1980,1.40882864441943
DEU,NY.GDP.MKTP.KD.ZG,1979,4.15036333786591
DEU,NY.GDP.MKTP.KD.ZG,1978,3.00849288842491
DEU,NY.GDP.MKTP.KD.ZG,1977,3.34721808033223
DEU,NY.GDP.MKTP.KD.ZG,1976,4.94925843456397
DEU,NY.GDP.MKTP.KD.ZG,1975,-0.866738936529003
DEU,NY.GDP.MKTP.KD.ZG,1974,0.890068699312494
DEU,NY.GDP.MKTP.KD.ZG,1973,4.77748690945469
DEU,NY.GDP.MKTP.KD.ZG,1972,4.30034129247663
DEU,NY.GDP.MKTP.KD.ZG,1971,3.13269976979846
DEU,NY.GDP.MKTP.KD.ZG,1970,5.1031445446857
DEU,NY.GDP.MKTP.KD.ZG,1969,7.41810275269879
DEU,NY.GDP.MKTP.KD.ZG,1968,5.66877305970866
DEU,NY.GDP.MKTP.KD.ZG,1967,-0.330256485487652
DEU,NY.GDP.MKTP.KD.ZG,1966,2.81218127523877
DEU,NY.GDP.MKTP.KD.ZG,1965,5.24416405342727
DEU,NY.GDP.MKTP.KD.ZG,1964,6.63946990966824
DEU,NY.GDP.MKTP.KD.ZG,1963,2.73529640413561
DEU,NY.GDP.MKTP.KD.ZG,1962,4.62347095715678
DEU,NY.GDP.MKTP.KD.ZG,1961,4.29843956416359
DEU,NY.GDP.MKTP.KD.ZG,1960,
GHA,NY.GDP.MKTP.KD.ZG,2025,
GHA,NY.GDP.MKTP.KD.ZG,2024,5.59045469593266
GHA,NY.GDP.MKTP.KD.ZG,2023,3.14009099763754
GHA,NY.GDP.MKTP.KD.ZG,2022,3.80484980952164
GHA,NY.GDP.MKTP.KD.ZG,2021,5.07646643533542
GHA,NY.GDP.MKTP.KD.ZG,2020,0.513941670628171
GHA,NY.GDP.MKTP.KD.ZG,2019,6.5077747939152
GHA,NY.GDP.MKTP.KD.ZG,2018,6.20007768127284
GHA,NY.GDP.MKTP.KD.ZG,2017,8.12889488100956
GHA,NY.GDP.MKTP.KD.ZG,2016,3.37346574966936
GHA,NY.GDP.MKTP.KD.ZG,2015,2.12075933817334
GHA,NY.GDP.MKTP.KD.ZG,2014,2.85624016330883
GHA,NY.GDP.MKTP.KD.ZG,2013,7.31252501678145
GHA,NY.GDP.MKTP.KD.ZG,2012,9.2927894063005
GHA,NY.GDP.MKTP.KD.ZG,2011,14.0471235803149
GHA,NY.GDP.MKTP.KD.ZG,2010,7.89971194051621
GHA,NY.GDP.MKTP.KD.ZG,2009,4.84448705175076
GHA,NY.GDP.MKTP.KD.ZG,2008,9.14979893831817
GHA,NY.GDP.MKTP.KD.ZG,2007,4.34681910440079
GHA,NY.GDP.MKTP.KD.ZG,2006,6.39991260618034
GHA,NY.GDP.MKTP.KD.ZG,2005,5.90000381855104
GHA,NY.GDP.MKTP.KD.ZG,2004,5.59999999077445
GHA,NY.GDP.MKTP.KD.ZG,2003,5.200000133101
GHA,NY.GDP.MKTP.KD.ZG,2002,4.49999955900331
GHA,NY.GDP.MKTP.KD.ZG,2001,4.00000012807919
GHA,NY.GDP.MKTP.KD.ZG,2000,3.70000008164408
GHA,NY.GDP.MKTP.KD.ZG,1999,4.39999682545296
GHA,NY.GDP.MKTP.KD.ZG,1998,4.70039078427911
GHA,NY.GDP.MKTP.KD.ZG,1997,4.19635744019571
GHA,NY.GDP.MKTP.KD.ZG,1996,4.60246115564627
GHA,NY.GDP.MKTP.KD.ZG,1995,4.11241897162861
GHA,NY.GDP.MKTP.KD.ZG,1994,3.29999973947747
GHA,NY.GDP.MKTP.KD.ZG,1993,4.85000055379412
GHA,NY.GDP.MKTP.KD.ZG,1992,3.87941908037517
GHA,NY.GDP.MKTP.KD.ZG,1991,5.28182639834429
GHA,NY.GDP.MKTP.KD.ZG,1990,3.32881788321653
GHA,NY.GDP.MKTP.KD.ZG,1989,5.08587270013842
GHA,NY.GDP.MKTP.KD.ZG,1988,5.62816876359457
GHA,NY.GDP.MKTP.KD.ZG,1987,4.79489887940781
GHA,NY.GDP.MKTP.KD.ZG,1986,5.19916067974877
GHA,NY.GDP.MKTP.KD.ZG,1985,5.09161727201138
GHA,NY.GDP.MKTP.KD.ZG,1984,8.64756945671597
GHA,NY.GDP.MKTP.KD.ZG,1983,-4.56373750458945
GHA,NY.GDP.MKTP.KD.ZG,1982,-6.92365041055389
GHA,NY.GDP.MKTP.KD.ZG,1981,-3.50306694696705
GHA,NY.GDP.MKTP.KD.ZG,1980,0.471695943172108
GHA,NY.GDP.MKTP.KD.ZG,1979,-2.51494141959301
GHA,NY.GDP.MKTP.KD.ZG,1978,8.47593560232171
GHA,NY.GDP.MKTP.KD.ZG,1977,2.27410724169957
GHA,NY.GDP.MKTP.KD.ZG,1976,-3.53018280627536
GHA,NY.GDP.MKTP.KD.ZG,1975,-12.4316290214597
GHA,NY.GDP.MKTP.KD.ZG,1974,6.85251683220585
GHA,NY.GDP.MKTP.KD.ZG,1973,2.8845841948016
GHA,NY.GDP.MKTP.KD.ZG,1972,-2.48765540214929
GHA,NY.GDP.MKTP.KD.ZG,1971,5.2161245570606
GHA,NY.GDP.MKTP.KD.ZG,1970,9.72347258708628
GHA,NY.GDP.MKTP.KD.ZG,1969,6.00617496624768
GHA,NY.GDP.MKTP.KD.ZG,1968,0.368860328659636
GHA,NY.GDP.MKTP.KD.ZG,1967,3.07536405007809
GHA,NY.GDP.MKTP.KD.ZG,1966,-4.25829036972007
GHA,NY.GDP.MKTP.KD.ZG,1965,1.36899886970954
GHA,NY.GDP.MKTP.KD.ZG,1964,2.20932750184639
GHA,NY.GDP.MKTP.KD.ZG,1963,4.40597419943647
GHA,NY.GDP.MKTP.KD.ZG,1962,4.10915860625774
GHA,NY.GDP.MKTP.KD.ZG,1961,3.42967401462874
GHA,NY.GDP.MKTP.KD.ZG,1960,
GIB,NY.GDP.MKTP.KD.ZG,2025,
GIB,NY.GDP.MKTP.KD.ZG,2024,
GIB,NY.GDP.MKTP.KD.ZG,2023,
GIB,NY.GDP.MKTP.KD.ZG,2022,
GIB,NY.GDP.MKTP.KD.ZG,2021,
GIB,NY.GDP.MKTP.KD.ZG,2020,
GIB,NY.GDP.MKTP.KD.ZG,2019,
GIB,NY.GDP.MKTP.KD.ZG,2018,
GIB,NY.GDP.MKTP.KD.ZG,2017,
GIB,NY.GDP.MKTP.KD.ZG,2016,
GIB,NY.GDP.MKTP.KD.ZG,2015,
GIB,NY.GDP.MKTP.KD.ZG,2014,
GIB,NY.GDP.MKTP.KD.ZG,2013,
GIB,NY.GDP.MKTP.KD.ZG,2012,
GIB,NY.GDP.MKTP.KD.ZG,2011,
GIB,NY.GDP.MKTP.KD.ZG,2010,
GIB,NY.GDP.MKTP.KD.ZG,2009,
GIB,NY.GDP.MKTP.KD.ZG,2008,
GIB,NY.GDP.MKTP.KD.ZG,2007,
GIB,NY.GDP.MKTP.KD.ZG,2006,
GIB,NY.GDP.MKTP.KD.ZG,2005,
GIB,NY.GDP.MKTP.KD.ZG,2004,
GIB,NY.GDP.MKTP.KD.ZG,2003,
GIB,NY.GDP.MKTP.KD.ZG,2002,
GIB,NY.GDP.MKTP.KD.ZG,2001,
GIB,NY.GDP.MKTP.KD.ZG,2000,
GIB,NY.GDP.MKTP.KD.ZG,1999,
GIB,NY.GDP.MKTP.KD.ZG,1998,
GIB,NY.GDP.MKTP.KD.ZG,1997,
GIB,NY.GDP.MKTP.KD.ZG,1996,
GIB,NY.GDP.MKTP.KD.ZG,1995,
GIB,NY.GDP.MKTP.KD.ZG,1994,
GIB,NY.GDP.MKTP.KD.ZG,1993,
GIB,NY.GDP.MKTP.KD.ZG,1992,
GIB,NY.GDP.MKTP.KD.ZG,1991,
GIB,NY.GDP.MKTP.KD.ZG,1990,
GIB,NY.GDP.MKTP.KD.ZG,1989,
GIB,NY.GDP.MKTP.KD.ZG,1988,
GIB,NY.GDP.MKTP.KD.ZG,1987,
GIB,NY.GDP.MKTP.KD.ZG,1986,
GIB,NY.GDP.MKTP.KD.ZG,1985,
GIB,NY.GDP.MKTP.KD.ZG,1984,
GIB,NY.GDP.MKTP.KD.ZG,1983,
GIB,NY.GDP.MKTP.KD.ZG,1982,
GIB,NY.GDP.MKTP.KD.ZG,1981,
GIB,NY.GDP.MKTP.KD.ZG,1980,
GIB,NY.GDP.MKTP.KD.ZG,1979,
GIB,NY.GDP.MKTP.KD.ZG,1978,
GIB,NY.GDP.MKTP.KD.ZG,1977,
GIB,NY.GDP.MKTP.KD.ZG,1976,
GIB,NY.GDP.MKTP.KD.ZG,1975,
GIB,NY.GDP.MKTP.KD.ZG,1974,
GIB,NY.GDP.MKTP.KD.ZG,1973,
GIB,NY.GDP.MKTP.KD.ZG,1972,
GIB,NY.GDP.MKTP.KD.ZG,1971,
GIB,NY.GDP.MKTP.KD.ZG,1970,
GIB,NY.GDP.MKTP.KD.ZG,1969,
GIB,NY.GDP.MKTP.KD.ZG,1968,
GIB,NY.GDP.MKTP.KD.ZG,1967,
GIB,NY.GDP.MKTP.KD.ZG,1966,
GIB,NY.GDP.MKTP.KD.ZG,1965,
GIB,NY.GDP.MKTP.KD.ZG,1964,
GIB,NY.GDP.MKTP.KD.ZG,1963,
GIB,NY.GDP.MKTP.KD.ZG,1962,
GIB,NY.GDP.MKTP.KD.ZG,1961,
GIB,NY.GDP.MKTP.KD.ZG,1960,
GRC,NY.GDP.MKTP.KD.ZG,2025,
GRC,NY.GDP.MKTP.KD.ZG,2024,2.0865743380603
GRC,NY.GDP.MKTP.KD.ZG,2023,2.13591131996631
GRC,NY.GDP.MKTP.KD.ZG,2022,5.52198580589408
GRC,NY.GDP.MKTP.KD.ZG,2021,8.65449786002131
GRC,NY.GDP.MKTP.KD.ZG,2020,-9.19623149726978
GRC,NY.GDP.MKTP.KD.ZG,2019,2.27718065334808
GRC,NY.GDP.MKTP.KD.ZG,2018,2.06467207892409
GRC,NY.GDP.MKTP.KD.ZG,2017,1.47312472702352
GRC,NY.GDP.MKTP.KD.ZG,2016,-0.0317947678412054
GRC,NY.GDP.MKTP.KD.ZG,2015,-0.228301892172851
GRC,NY.GDP.MKTP.KD.ZG,2014,0.792225060962835
GRC,NY.GDP.MKTP.KD.ZG,2013,-2.27211699888024
GRC,NY.GDP.MKTP.KD.ZG,2012,-8.33113421099992
GRC,NY.GDP.MKTP.KD.ZG,2011,-9.87677875300243
GRC,NY.GDP.MKTP.KD.ZG,2010,-5.6937412158003
GRC,NY.GDP.MKTP.KD.ZG,2009,-4.11927606715011
GRC,NY.GDP.MKTP.KD.ZG,2008,0.0574740238200775
GRC,NY.GDP.MKTP.KD.ZG,2007,3.50686976639459
GRC,NY.GDP.MKTP.KD.ZG,2006,6.44339762487436
GRC,NY.GDP.MKTP.KD.ZG,2005,1.18350635493289
GRC,NY.GDP.MKTP.KD.ZG,2004,5.37786634595851
GRC,NY.GDP.MKTP.KD.ZG,2003,5.79682274294369
GRC,NY.GDP.MKTP.KD.ZG,2002,4.68313727063017
GRC,NY.GDP.MKTP.KD.ZG,2001,4.65041459442163
GRC,NY.GDP.MKTP.KD.ZG,2000,4.13782699405849
GRC,NY.GDP.MKTP.KD.ZG,1999,2.65878562321184
GRC,NY.GDP.MKTP.KD.ZG,1998,3.43693579661333
GRC,NY.GDP.MKTP.KD.ZG,1997,3.60288326516122
GRC,NY.GDP.MKTP.KD.ZG,1996,1.38247057325857
GRC,NY.GDP.MKTP.KD.ZG,1995,2.09971953235275
GRC,NY.GDP.MKTP.KD.ZG,1994,1.99999984724822
GRC,NY.GDP.MKTP.KD.ZG,1993,-1.60000002186294
GRC,NY.GDP.MKTP.KD.ZG,1992,0.700000337119789
GRC,NY.GDP.MKTP.KD.ZG,1991,3.09999970633838
GRC,NY.GDP.MKTP.KD.ZG,1990,0.0
GRC,NY.GDP.MKTP.KD.ZG,1989,3.79999995287797
GRC,NY.GDP.MKTP.KD.ZG,1988,4.28786172851761
GRC,NY.GDP.MKTP.KD.ZG,1987,-2.25886322369171
GRC,NY.GDP.MKTP.KD.ZG,1986,0.517660006338886
GRC,NY.GDP.MKTP.KD.ZG,1985,2.50955640237393
GRC,NY.GDP.MKTP.KD.ZG,1984,2.01058093704644
GRC,NY.GDP.MKTP.KD.ZG,1983,-1.07862273931177
GRC,NY.GDP.MKTP.KD.ZG,1982,-1.13264739051145
GRC,NY.GDP.MKTP.KD.ZG,1981,-1.55372126905196
GRC,NY.GDP.MKTP.KD.ZG,1980,0.67713140669585
GRC,NY.GDP.MKTP.KD.ZG,1979,3.28207958853159
GRC,NY.GDP.MKTP.KD.ZG,1978,7.24686397906468
GRC,NY.GDP.MKTP.KD.ZG,1977,2.94100090620763
GRC,NY.GDP.MKTP.KD.ZG,1976,6.85189869571943
GRC,NY.GDP.MKTP.KD.ZG,1975,6.36680794602181
GRC,NY.GDP.MKTP.KD.ZG,1974,-6.43824057014004
GRC,NY.GDP.MKTP.KD.ZG,1973,8.09237907118801
GRC,NY.GDP.MKTP.KD.ZG,1972,10.1601515908652
GRC,NY.GDP.MKTP.KD.ZG,1971,7.84117657760304
GRC,NY.GDP.MKTP.KD.ZG,1970,8.93058020025967
GRC,NY.GDP.MKTP.KD.ZG,1969,11.5636684082563
GRC,NY.GDP.MKTP.KD.ZG,1968,7.20371768036424
GRC,NY.GDP.MKTP.KD.ZG,1967,5.66948643356486
GRC,NY.GDP.MKTP.KD.ZG,1966,6.49450138060494
GRC,NY.GDP.MKTP.KD.ZG,1965,10.7680109720411
GRC,NY.GDP.MKTP.KD.ZG,1964,9.40967732368279
GRC,NY.GDP.MKTP.KD.ZG,1963,11.8448666655957
GRC,NY.GDP.MKTP.KD.ZG,1962,0.364812289877747
GRC,NY.GDP.MKTP.KD.ZG,1961,13.2038386052462
GRC,NY.GDP.MKTP.KD.ZG,1960,
GRL,NY.GDP.MKTP.KD.ZG,2025,
GRL,NY.GDP.MKTP.KD.ZG,2024,
GRL,NY.GDP.MKTP.KD.ZG,2023,0.865961986998158
GRL,NY.GDP.MKTP.KD.ZG,2022,2.00455580865604
GRL,NY.GDP.MKTP.KD.ZG,2021,1.63409410992996
GRL,NY.GDP.MKTP.KD.ZG,2020,0.250789762104304
GRL,NY.GDP.MKTP.KD.ZG,2019,2.83217756798683
GRL,NY.GDP.MKTP.KD.ZG,2018,0.62306542854094
GRL,NY.GDP.MKTP.KD.ZG,2017,0.0527281828800312
GRL,NY.GDP.MKTP.KD.ZG,2016,4.68195410972302
GRL,NY.GDP.MKTP.KD.ZG,2015,-2.52931802394475
GRL,NY.GDP.MKTP.KD.ZG,2014,4.7421356730152
GRL,NY.GDP.MKTP.KD.ZG,2013,-1.29828069335511
GRL,NY.GDP.MKTP.KD.ZG,2012,1.39419335955625
GRL,NY.GDP.MKTP.KD.ZG,2011,-0.496519391959083
GRL,NY.GDP.MKTP.KD.ZG,2010,1.73582505889665
GRL,NY.GDP.MKTP.KD.ZG,2009,0.865952328886948
GRL,NY.GDP.MKTP.KD.ZG,2008,6.1661327018619
GRL,NY.GDP.MKTP.KD.ZG,2007,2.3524379811805
GRL,NY.GDP.MKTP.KD.ZG,2006,5.55569490080012
GRL,NY.GDP.MKTP.KD.ZG,2005,4.98749177090193
GRL,NY.GDP.MKTP.KD.ZG,2004,6.90658283676629
GRL,NY.GDP.MKTP.KD.ZG,2003,4.43004572118211
GRL,NY.GDP.MKTP.KD.ZG,2002,-0.971177310665553
GRL,NY.GDP.MKTP.KD.ZG,2001,1.26903507902787
GRL,NY.GDP.MKTP.KD.ZG,2000,7.10159688181619
GRL,NY.GDP.MKTP.KD.ZG,1999,1.37788444524006
GRL,NY.GDP.MKTP.KD.ZG,1998,7.75798174482551
GRL,NY.GDP.MKTP.KD.ZG,1997,1.46892638096972
GRL,NY.GDP.MKTP.KD.ZG,1996,1.52963736132679
GRL,NY.GDP.MKTP.KD.ZG,1995,3.72867748911121
GRL,NY.GDP.MKTP.KD.ZG,1994,5.92436980149209
GRL,NY.GDP.MKTP.KD.ZG,1993,-5.02793262942515
GRL,NY.GDP.MKTP.KD.ZG,1992,-5.1117000323197
GRL,NY.GDP.MKTP.KD.ZG,1991,-0.113464594236802
GRL,NY.GDP.MKTP.KD.ZG,1990,-11.7195329863483
GRL,NY.GDP.MKTP.KD.ZG,1989,6.6595450277086
GRL,NY.GDP.MKTP.KD.ZG,1988,5.6036107077353
GRL,NY.GDP.MKTP.KD.ZG,1987,5.5158721029223
GRL,NY.GDP.MKTP.KD.ZG,1986,7.09732273388732
GRL,NY.GDP.MKTP.KD.ZG,1985,3.65638798948321
GRL,NY.GDP.MKTP.KD.ZG,1984,-5.17961548785489
GRL,NY.GDP.MKTP.KD.ZG,1983,3.45721666110607
GRL,NY.GDP.MKTP.KD.ZG,1982,-4.41966084202994
GRL,NY.GDP.MKTP.KD.ZG,1981,0.665279571920863
GRL,NY.GDP.MKTP.KD.ZG,1980,8.67600626452334
GRL,NY.GDP.MKTP.KD.ZG,1979,4.86059746427543
GRL,NY.GDP.MKTP.KD.ZG,1978,6.01671719108315
GRL,NY.GDP.MKTP.KD.ZG,1977,8.82231529693058
GRL,NY.GDP.MKTP.KD.ZG,1976,5.959208506051
GRL,NY.GDP.MKTP.KD.ZG,1975,0.64624014300631
GRL,NY.GDP.MKTP.KD.ZG,1974,5.70625399277014
GRL,NY.GDP.MKTP.KD.ZG,1973,6.80600898222268
GRL,NY.GDP.MKTP.KD.ZG,1972,6.17727355508018
GRL,NY.GDP.MKTP.KD.ZG,1971,13.0608513612033
GRL,NY.GDP.MKTP.KD.ZG,1970,
GRL,NY.GDP.MKTP.KD.ZG,1969,
GRL,NY.GDP.MKTP.KD.ZG,1968,
GRL,NY.GDP.MKTP.KD.ZG,1967,
GRL,NY.GDP.MKTP.KD.ZG,1966,
GRL,NY.GDP.MKTP.KD.ZG,1965,
GRL,NY.GDP.MKTP.KD.ZG,1964,
GRL,NY.GDP.MKTP.KD.ZG,1963,
GRL,NY.GDP.MKTP.KD.ZG,1962,
GRL,NY.GDP.MKTP.KD.ZG,1961,
GRL,NY.GDP.MKTP.KD.ZG,1960,
GRD,NY.GDP.MKTP.KD.ZG,2025,
GRD,NY.GDP.MKTP.KD.ZG,2024,3.96332516398188
GRD,NY.GDP.MKTP.KD.ZG,2023,4.52657497450693
GRD,NY.GDP.MKTP.KD.ZG,2022,7.31023806981959
GRD,NY.GDP.MKTP.KD.ZG,2021,4.6977240232674
GRD,NY.GDP.MKTP.KD.ZG,2020,-13.7566222572107
GRD,NY.GDP.MKTP.KD.ZG,2019,0.676511738873756
GRD,NY.GDP.MKTP.KD.ZG,2018,4.36144039364797
GRD,NY.GDP.MKTP.KD.ZG,2017,4.43867566948151
GRD,NY.GDP.MKTP.KD.ZG,2016,3.7396039558691
GRD,NY.GDP.MKTP.KD.ZG,2015,6.44522314693144
GRD,NY.GDP.MKTP.KD.ZG,2014,7.34212396037948
GRD,NY.GDP.MKTP.KD.ZG,2013,2.35109801677905
GRD,NY.GDP.MKTP.KD.ZG,2012,-1.15483816409801
GRD,NY.GDP.MKTP.KD.ZG,2011,0.764773550338731
GRD,NY.GDP.MKTP.KD.ZG,2010,-0.511146187173722
GRD,NY.GDP.MKTP.KD.ZG,2009,-6.61328134799545
GRD,NY.GDP.MKTP.KD.ZG,2008,0.947542624907697
GRD,NY.GDP.MKTP.KD.ZG,2007,6.12345094741467
GRD,NY.GDP.MKTP.KD.ZG,2006,-3.99532824427482
GRD,NY.GDP.MKTP.KD.ZG,2005,13.2761883306272
GRD,NY.GDP.MKTP.KD.ZG,2004,-0.647450316084857
GRD,NY.GDP.MKTP.KD.ZG,2003,9.46397343076491
GRD,NY.GDP.MKTP.KD.ZG,2002,3.43732352954147
GRD,NY.GDP.MKTP.KD.ZG,2001,-2.02390004072058
GRD,NY.GDP.MKTP.KD.ZG,2000,4.88795213650562
GRD,NY.GDP.MKTP.KD.ZG,1999,6.89836243368677
GRD,NY.GDP.MKTP.KD.ZG,1998,11.7535029919192
GRD,NY.GDP.MKTP.KD.ZG,1997,5.01549460936745
GRD,NY.GDP.MKTP.KD.ZG,1996,4.43823471603358
GRD,NY.GDP.MKTP.KD.ZG,1995,2.12947514959858
GRD,NY.GDP.MKTP.KD.ZG,1994,1.69355604419043
GRD,NY.GDP.MKTP.KD.ZG,1993,-1.95881558143746
GRD,NY.GDP.MKTP.KD.ZG,1992,-0.851148756391396
GRD,NY.GDP.MKTP.KD.ZG,1991,1.38554578702994
GRD,NY.GDP.MKTP.KD.ZG,1990,4.01261191599704
GRD,NY.GDP.MKTP.KD.ZG,1989,3.76773076437745
GRD,NY.GDP.MKTP.KD.ZG,1988,2.96679168426633
GRD,NY.GDP.MKTP.KD.ZG,1987,9.09742510698013
GRD,NY.GDP.MKTP.KD.ZG,1986,7.19427376957988
GRD,NY.GDP.MKTP.KD.ZG,1985,5.97970814111039
GRD,NY.GDP.MKTP.KD.ZG,1984,3.56846533761095
GRD,NY.GDP.MKTP.KD.ZG,1983,3.63257489695788
GRD,NY.GDP.MKTP.KD.ZG,1982,4.12426157156393
GRD,NY.GDP.MKTP.KD.ZG,1981,1.53418747275683
GRD,NY.GDP.MKTP.KD.ZG,1980,-0.534783988422475
GRD,NY.GDP.MKTP.KD.ZG,1979,5.60208348590967
GRD,NY.GDP.MKTP.KD.ZG,1978,5.34140218518347
GRD,NY.GDP.MKTP.KD.ZG,1977,
GRD,NY.GDP.MKTP.KD.ZG,1976,
GRD,NY.GDP.MKTP.KD.ZG,1975,
GRD,NY.GDP.MKTP.KD.ZG,1974,
GRD,NY.GDP.MKTP.KD.ZG,1973,
GRD,NY.GDP.MKTP.KD.ZG,1972,
GRD,NY.GDP.MKTP.KD.ZG,1971,
GRD,NY.GDP.MKTP.KD.ZG,1970,
GRD,NY.GDP.MKTP.KD.ZG,1969,
GRD,NY.GDP.MKTP.KD.ZG,1968,
GRD,NY.GDP.MKTP.KD.ZG,1967,
GRD,NY.GDP.MKTP.KD.ZG,1966,
GRD,NY.GDP.MKTP.KD.ZG,1965,
GRD,NY.GDP.MKTP.KD.ZG,1964,
GRD,NY.GDP.MKTP.KD.ZG,1963,
GRD,NY.GDP.MKTP.KD.ZG,1962,
GRD,NY.GDP.MKTP.KD.ZG,1961,
GRD,NY.GDP.MKTP.KD.ZG,1960,
GUM,NY.GDP.MKTP.KD.ZG,2025,
GUM,NY.GDP.MKTP.KD.ZG,2024,
GUM,NY.GDP.MKTP.KD.ZG,2023,
GUM,NY.GDP.MKTP.KD.ZG,2022,5.09986426216793
GUM,NY.GDP.MKTP.KD.ZG,2021,2.0581832574708
GUM,NY.GDP.MKTP.KD.ZG,2020,-10.5188595714539
GUM,NY.GDP.MKTP.KD.ZG,2019,2.52360203340596
GUM,NY.GDP.MKTP.KD.ZG,2018,-0.828231904933389
GUM,NY.GDP.MKTP.KD.ZG,2017,0.890099909173486
GUM,NY.GDP.MKTP.KD.ZG,2016,0.18198362147406
GUM,NY.GDP.MKTP.KD.ZG,2015,0.825688073394488
GUM,NY.GDP.MKTP.KD.ZG,2014,1.79305192379529
GUM,NY.GDP.MKTP.KD.ZG,2013,1.69040835707501
GUM,NY.GDP.MKTP.KD.ZG,2012,2.13385063045585
GUM,NY.GDP.MKTP.KD.ZG,2011,0.0776548243059523
GUM,NY.GDP.MKTP.KD.ZG,2010,2.26325193567601
GUM,NY.GDP.MKTP.KD.ZG,2009,0.438683948155543
GUM,NY.GDP.MKTP.KD.ZG,2008,2.03458799593082
GUM,NY.GDP.MKTP.KD.ZG,2007,0.717213114754102
GUM,NY.GDP.MKTP.KD.ZG,2006,-3.65251727541954
GUM,NY.GDP.MKTP.KD.ZG,2005,3.64231634949867
GUM,NY.GDP.MKTP.KD.ZG,2004,6.49378949662236
GUM,NY.GDP.MKTP.KD.ZG,2003,0.879314134974734
GUM,NY.GDP.MKTP.KD.ZG,2002,
GUM,NY.GDP.MKTP.KD.ZG,2001,
GUM,NY.GDP.MKTP.KD.ZG,2000,
GUM,NY.GDP.MKTP.KD.ZG,1999,
GUM,NY.GDP.MKTP.KD.ZG,1998,
GUM,NY.GDP.MKTP.KD.ZG,1997,
GUM,NY.GDP.MKTP.KD.ZG,1996,
GUM,NY.GDP.MKTP.KD.ZG,1995,
GUM,NY.GDP.MKTP.KD.ZG,1994,
GUM,NY.GDP.MKTP.KD.ZG,1993,
GUM,NY.GDP.MKTP.KD.ZG,1992,
GUM,NY.GDP.MKTP.KD.ZG,1991,
GUM,NY.GDP.MKTP.KD.ZG,1990,
GUM,NY.GDP.MKTP.KD.ZG,1989,
GUM,NY.GDP.MKTP.KD.ZG,1988,
GUM,NY.GDP.MKTP.KD.ZG,1987,
GUM,NY.GDP.MKTP.KD.ZG,1986,
GUM,NY.GDP.MKTP.KD.ZG,1985,
GUM,NY.GDP.MKTP.KD.ZG,1984,
GUM,NY.GDP.MKTP.KD.ZG,1983,
GUM,NY.GDP.MKTP.KD.ZG,1982,
GUM,NY.GDP.MKTP.KD.ZG,1981,
GUM,NY.GDP.MKTP.KD.ZG,1980,
GUM,NY.GDP.MKTP.KD.ZG,1979,
GUM,NY.GDP.MKTP.KD.ZG,1978,
GUM,NY.GDP.MKTP.KD.ZG,1977,
GUM,NY.GDP.MKTP.KD.ZG,1976,
GUM,NY.GDP.MKTP.KD.ZG,1975,
GUM,NY.GDP.MKTP.KD.ZG,1974,
GUM,NY.GDP.MKTP.KD.ZG,1973,
GUM,NY.GDP.MKTP.KD.ZG,1972,
GUM,NY.GDP.MKTP.KD.ZG,1971,
GUM,NY.GDP.MKTP.KD.ZG,1970,
GUM,NY.GDP.MKTP.KD.ZG,1969,
GUM,NY.GDP.MKTP.KD.ZG,1968,
GUM,NY.GDP.MKTP.KD.ZG,1967,
GUM,NY.GDP.MKTP.KD.ZG,1966,
GUM,NY.GDP.MKTP.KD.ZG,1965,
GUM,NY.GDP.MKTP.KD.ZG,1964,
GUM,NY.GDP.MKTP.KD.ZG,1963,
GUM,NY.GDP.MKTP.KD.ZG,1962,
GUM,NY.GDP.MKTP.KD.ZG,1961,
GUM,NY.GDP.MKTP.KD.ZG,1960,
GTM,NY.GDP.MKTP.KD.ZG,2025,
GTM,NY.GDP.MKTP.KD.ZG,2024,3.65186382894819
GTM,NY.GDP.MKTP.KD.ZG,2023,3.5331575177533
GTM,NY.GDP.MKTP.KD.ZG,2022,4.18451817243695
GTM,NY.GDP.MKTP.KD.ZG,2021,8.04170378184928
GTM,NY.GDP.MKTP.KD.ZG,2020,-1.78555175063326
GTM,NY.GDP.MKTP.KD.ZG,2019,4.01789785040324
GTM,NY.GDP.MKTP.KD.ZG,2018,3.40687348346576
GTM,NY.GDP.MKTP.KD.ZG,2017,3.07985126948702
GTM,NY.GDP.MKTP.KD.ZG,2016,2.67780277623314
GTM,NY.GDP.MKTP.KD.ZG,2015,4.09217081621244
GTM,NY.GDP.MKTP.KD.ZG,2014,4.44397783368888
GTM,NY.GDP.MKTP.KD.ZG,2013,3.69481894978053
GTM,NY.GDP.MKTP.KD.ZG,2012,2.97470856847661
GTM,NY.GDP.MKTP.KD.ZG,2011,4.16390688293349
GTM,NY.GDP.MKTP.KD.ZG,2010,2.88417542800377
GTM,NY.GDP.MKTP.KD.ZG,2009,0.476898106596394
GTM,NY.GDP.MKTP.KD.ZG,2008,3.29352400028485
GTM,NY.GDP.MKTP.KD.ZG,2007,6.33771869016203
GTM,NY.GDP.MKTP.KD.ZG,2006,5.35139778711536
GTM,NY.GDP.MKTP.KD.ZG,2005,3.27602692588886
GTM,NY.GDP.MKTP.KD.ZG,2004,3.13791683609193
GTM,NY.GDP.MKTP.KD.ZG,2003,2.56037766801896
GTM,NY.GDP.MKTP.KD.ZG,2002,3.83928708556792
GTM,NY.GDP.MKTP.KD.ZG,2001,2.33257486608854
GTM,NY.GDP.MKTP.KD.ZG,2000,3.6088687174876
GTM,NY.GDP.MKTP.KD.ZG,1999,3.8470621889051
GTM,NY.GDP.MKTP.KD.ZG,1998,4.99352780305848
GTM,NY.GDP.MKTP.KD.ZG,1997,4.36408994678341
GTM,NY.GDP.MKTP.KD.ZG,1996,2.95777988740716
GTM,NY.GDP.MKTP.KD.ZG,1995,4.94854750210382
GTM,NY.GDP.MKTP.KD.ZG,1994,4.03374149641458
GTM,NY.GDP.MKTP.KD.ZG,1993,3.92713194504024
GTM,NY.GDP.MKTP.KD.ZG,1992,4.83833884688683
GTM,NY.GDP.MKTP.KD.ZG,1991,3.65824875006811
GTM,NY.GDP.MKTP.KD.ZG,1990,3.10256317557587
GTM,NY.GDP.MKTP.KD.ZG,1989,3.94258951982349
GTM,NY.GDP.MKTP.KD.ZG,1988,3.89238706354786
GTM,NY.GDP.MKTP.KD.ZG,1987,3.54398330651921
GTM,NY.GDP.MKTP.KD.ZG,1986,0.143049595525113
GTM,NY.GDP.MKTP.KD.ZG,1985,-0.609338955584263
GTM,NY.GDP.MKTP.KD.ZG,1984,0.496697752643456
GTM,NY.GDP.MKTP.KD.ZG,1983,-2.57209144433914
GTM,NY.GDP.MKTP.KD.ZG,1982,-3.53008900954855
GTM,NY.GDP.MKTP.KD.ZG,1981,0.646858610432233
GTM,NY.GDP.MKTP.KD.ZG,1980,3.75997816033124
GTM,NY.GDP.MKTP.KD.ZG,1979,4.71345609171885
GTM,NY.GDP.MKTP.KD.ZG,1978,4.99668981954586
GTM,NY.GDP.MKTP.KD.ZG,1977,7.80922068405067
GTM,NY.GDP.MKTP.KD.ZG,1976,7.38726562476302
GTM,NY.GDP.MKTP.KD.ZG,1975,1.94999082158344
GTM,NY.GDP.MKTP.KD.ZG,1974,6.37502990286956
GTM,NY.GDP.MKTP.KD.ZG,1973,6.78283433749129
GTM,NY.GDP.MKTP.KD.ZG,1972,7.33305162061406
GTM,NY.GDP.MKTP.KD.ZG,1971,5.58375454736793
GTM,NY.GDP.MKTP.KD.ZG,1970,5.70788359811974
GTM,NY.GDP.MKTP.KD.ZG,1969,4.73690901583991
GTM,NY.GDP.MKTP.KD.ZG,1968,8.76603505425516
GTM,NY.GDP.MKTP.KD.ZG,1967,4.11217561696343
GTM,NY.GDP.MKTP.KD.ZG,1966,5.51210399019357
GTM,NY.GDP.MKTP.KD.ZG,1965,4.36176931452728
GTM,NY.GDP.MKTP.KD.ZG,1964,4.63299243190491
GTM,NY.GDP.MKTP.KD.ZG,1963,9.54104393054875
GTM,NY.GDP.MKTP.KD.ZG,1962,3.53650126284866
GTM,NY.GDP.MKTP.KD.ZG,1961,4.29851834874688
GTM,NY.GDP.MKTP.KD.ZG,1960,
GIN,NY.GDP.MKTP.KD.ZG,2025,
GIN,NY.GDP.MKTP.KD.ZG,2024,5.35004659051708
GIN,NY.GDP.MKTP.KD.ZG,2023,5.54172668627702
GIN,NY.GDP.MKTP.KD.ZG,2022,3.97240784200721
GIN,NY.GDP.MKTP.KD.ZG,2021,5.5823328114905
GIN,NY.GDP.MKTP.KD.ZG,2020,4.70459096113575
GIN,NY.GDP.MKTP.KD.ZG,2019,5.61691446889876
GIN,NY.GDP.MKTP.KD.ZG,2018,6.35849192736715
GIN,NY.GDP.MKTP.KD.ZG,2017,10.3000053427355
GIN,NY.GDP.MKTP.KD.ZG,2016,10.82062719659
GIN,NY.GDP.MKTP.KD.ZG,2015,3.82591056949435
GIN,NY.GDP.MKTP.KD.ZG,2014,3.69655311664086
GIN,NY.GDP.MKTP.KD.ZG,2013,3.94568708624053
GIN,NY.GDP.MKTP.KD.ZG,2012,5.91528626133322
GIN,NY.GDP.MKTP.KD.ZG,2011,5.61211177430975
GIN,NY.GDP.MKTP.KD.ZG,2010,4.81336016967553
GIN,NY.GDP.MKTP.KD.ZG,2009,-1.12264204848687
GIN,NY.GDP.MKTP.KD.ZG,2008,4.13301615965833
GIN,NY.GDP.MKTP.KD.ZG,2007,6.81747111070281
GIN,NY.GDP.MKTP.KD.ZG,2006,1.18960211693242
GIN,NY.GDP.MKTP.KD.ZG,2005,2.99727256275818
GIN,NY.GDP.MKTP.KD.ZG,2004,2.34011731288737
GIN,NY.GDP.MKTP.KD.ZG,2003,1.24860125923698
GIN,NY.GDP.MKTP.KD.ZG,2002,5.16460946696631
GIN,NY.GDP.MKTP.KD.ZG,2001,3.65834646929586
GIN,NY.GDP.MKTP.KD.ZG,2000,2.50306056299607
GIN,NY.GDP.MKTP.KD.ZG,1999,3.81200403347202
GIN,NY.GDP.MKTP.KD.ZG,1998,3.64412124205991
GIN,NY.GDP.MKTP.KD.ZG,1997,5.18160345773762
GIN,NY.GDP.MKTP.KD.ZG,1996,4.46157508517599
GIN,NY.GDP.MKTP.KD.ZG,1995,4.60767320245354
GIN,NY.GDP.MKTP.KD.ZG,1994,3.97009910590064
GIN,NY.GDP.MKTP.KD.ZG,1993,5.04414454071403
GIN,NY.GDP.MKTP.KD.ZG,1992,3.2709473025656
GIN,NY.GDP.MKTP.KD.ZG,1991,2.61342300409642
GIN,NY.GDP.MKTP.KD.ZG,1990,4.3240627548313
GIN,NY.GDP.MKTP.KD.ZG,1989,4.0034760101484
GIN,NY.GDP.MKTP.KD.ZG,1988,6.30811670197524
GIN,NY.GDP.MKTP.KD.ZG,1987,3.29993884280005
GIN,NY.GDP.MKTP.KD.ZG,1986,3.11404003445122
GIN,NY.GDP.MKTP.KD.ZG,1985,4.9999305837981
GIN,NY.GDP.MKTP.KD.ZG,1984,1.40000945946362
GIN,NY.GDP.MKTP.KD.ZG,1983,1.30001183458037
GIN,NY.GDP.MKTP.KD.ZG,1982,1.80000476238145
GIN,NY.GDP.MKTP.KD.ZG,1981,0.60973715523906
GIN,NY.GDP.MKTP.KD.ZG,1980,2.60138796577117
GIN,NY.GDP.MKTP.KD.ZG,1979,-1.2078607444173
GIN,NY.GDP.MKTP.KD.ZG,1978,6.79626447493203
GIN,NY.GDP.MKTP.KD.ZG,1977,-3.35306984404892
GIN,NY.GDP.MKTP.KD.ZG,1976,7.92336831492435
GIN,NY.GDP.MKTP.KD.ZG,1975,2.87692057391091
GIN,NY.GDP.MKTP.KD.ZG,1974,5.25022118210843
GIN,NY.GDP.MKTP.KD.ZG,1973,1.567286805691
GIN,NY.GDP.MKTP.KD.ZG,1972,2.31517953300373
GIN,NY.GDP.MKTP.KD.ZG,1971,5.36581840766522
GIN,NY.GDP.MKTP.KD.ZG,1970,
GIN,NY.GDP.MKTP.KD.ZG,1969,
GIN,NY.GDP.MKTP.KD.ZG,1968,
GIN,NY.GDP.MKTP.KD.ZG,1967,
GIN,NY.GDP.MKTP.KD.ZG,1966,
GIN,NY.GDP.MKTP.KD.ZG,1965,
GIN,NY.GDP.MKTP.KD.ZG,1964,
GIN,NY.GDP.MKTP.KD.ZG,1963,
GIN,NY.GDP.MKTP.KD.ZG,1962,
GIN,NY.GDP.MKTP.KD.ZG,1961,
GIN,NY.GDP.MKTP.KD.ZG,1960,
GNB,NY.GDP.MKTP.KD.ZG,2025,
GNB,NY.GDP.MKTP.KD.ZG,2024,4.14631137217332
GNB,NY.GDP.MKTP.KD.ZG,2023,5.82749502627256
GNB,NY.GDP.MKTP.KD.ZG,2022,5.52987253058352
GNB,NY.GDP.MKTP.KD.ZG,2021,5.05055831244401
GNB,NY.GDP.MKTP.KD.ZG,2020,2.89139814952995
GNB,NY.GDP.MKTP.KD.ZG,2019,5.32749571119344
GNB,NY.GDP.MKTP.KD.ZG,2018,3.76145359637003
GNB,NY.GDP.MKTP.KD.ZG,2017,4.66367943913264
GNB,NY.GDP.MKTP.KD.ZG,2016,5.4326782650304
GNB,NY.GDP.MKTP.KD.ZG,2015,6.1340893623123
GNB,NY.GDP.MKTP.KD.ZG,2014,0.964525745841428
GNB,NY.GDP.MKTP.KD.ZG,2013,3.25607190852087
GNB,NY.GDP.MKTP.KD.ZG,2012,-1.71286958446419
GNB,NY.GDP.MKTP.KD.ZG,2011,8.08504167173554
GNB,NY.GDP.MKTP.KD.ZG,2010,5.60536311358261
GNB,NY.GDP.MKTP.KD.ZG,2009,2.44795106098685
GNB,NY.GDP.MKTP.KD.ZG,2008,4.52457514610252
GNB,NY.GDP.MKTP.KD.ZG,2007,2.55982647078751
GNB,NY.GDP.MKTP.KD.ZG,2006,2.66650493269572
GNB,NY.GDP.MKTP.KD.ZG,2005,6.55977111846077
GNB,NY.GDP.MKTP.KD.ZG,2004,1.17189152277038
GNB,NY.GDP.MKTP.KD.ZG,2003,-0.285931052286514
GNB,NY.GDP.MKTP.KD.ZG,2002,3.65393603642713
GNB,NY.GDP.MKTP.KD.ZG,2001,4.7859716500482
GNB,NY.GDP.MKTP.KD.ZG,2000,1.10027815777423
GNB,NY.GDP.MKTP.KD.ZG,1999,16.8150212692905
GNB,NY.GDP.MKTP.KD.ZG,1998,-22.4457270657526
GNB,NY.GDP.MKTP.KD.ZG,1997,6.49999999321456
GNB,NY.GDP.MKTP.KD.ZG,1996,11.6000000043869
GNB,NY.GDP.MKTP.KD.ZG,1995,4.4000000061065
GNB,NY.GDP.MKTP.KD.ZG,1994,3.20000001913081
GNB,NY.GDP.MKTP.KD.ZG,1993,2.09999998911347
GNB,NY.GDP.MKTP.KD.ZG,1992,1.09999996776526
GNB,NY.GDP.MKTP.KD.ZG,1991,5.10000003451967
GNB,NY.GDP.MKTP.KD.ZG,1990,6.09999998628119
GNB,NY.GDP.MKTP.KD.ZG,1989,6.10000002132945
GNB,NY.GDP.MKTP.KD.ZG,1988,4.59999998843411
GNB,NY.GDP.MKTP.KD.ZG,1987,2.9000000075597
GNB,NY.GDP.MKTP.KD.ZG,1986,-0.793847626356836
GNB,NY.GDP.MKTP.KD.ZG,1985,4.1664928969891
GNB,NY.GDP.MKTP.KD.ZG,1984,9.10922298634806
GNB,NY.GDP.MKTP.KD.ZG,1983,-3.39828742893647
GNB,NY.GDP.MKTP.KD.ZG,1982,4.20008213468215
GNB,NY.GDP.MKTP.KD.ZG,1981,18.1675281528339
GNB,NY.GDP.MKTP.KD.ZG,1980,-15.9526514986135
GNB,NY.GDP.MKTP.KD.ZG,1979,1.99414436256637
GNB,NY.GDP.MKTP.KD.ZG,1978,13.1260433802209
GNB,NY.GDP.MKTP.KD.ZG,1977,-7.17006997088463
GNB,NY.GDP.MKTP.KD.ZG,1976,4.94345530491698
GNB,NY.GDP.MKTP.KD.ZG,1975,7.84558431997402
GNB,NY.GDP.MKTP.KD.ZG,1974,4.55924104815846
GNB,NY.GDP.MKTP.KD.ZG,1973,1.10989279037214
GNB,NY.GDP.MKTP.KD.ZG,1972,6.37486089368753
GNB,NY.GDP.MKTP.KD.ZG,1971,-3.91096745830764
GNB,NY.GDP.MKTP.KD.ZG,1970,
GNB,NY.GDP.MKTP.KD.ZG,1969,
GNB,NY.GDP.MKTP.KD.ZG,1968,
GNB,NY.GDP.MKTP.KD.ZG,1967,
GNB,NY.GDP.MKTP.KD.ZG,1966,
GNB,NY.GDP.MKTP.KD.ZG,1965,
GNB,NY.GDP.MKTP.KD.ZG,1964,
GNB,NY.GDP.MKTP.KD.ZG,1963,
GNB,NY.GDP.MKTP.KD.ZG,1962,
GNB,NY.GDP.MKTP.KD.ZG,1961,
GNB,NY.GDP.MKTP.KD.ZG,1960,
GUY,NY.GDP.MKTP.KD.ZG,2025,
GUY,NY.GDP.MKTP.KD.ZG,2024,43.8193108024355
GUY,NY.GDP.MKTP.KD.ZG,2023,33.795011115873
GUY,NY.GDP.MKTP.KD.ZG,2022,63.3346343654855
GUY,NY.GDP.MKTP.KD.ZG,2021,20.0599975568418
GUY,NY.GDP.MKTP.KD.ZG,2020,43.479651716849
GUY,NY.GDP.MKTP.KD.ZG,2019,5.35284003535665
GUY,NY.GDP.MKTP.KD.ZG,2018,4.44091288475967
GUY,NY.GDP.MKTP.KD.ZG,2017,3.73449154571284
GUY,NY.GDP.MKTP.KD.ZG,2016,3.80745626378814
GUY,NY.GDP.MKTP.KD.ZG,2015,0.687404590619494
GUY,NY.GDP.MKTP.KD.ZG,2014,1.68649445019584
GUY,NY.GDP.MKTP.KD.ZG,2013,3.65338433338232
GUY,NY.GDP.MKTP.KD.ZG,2012,5.27633062046809
GUY,NY.GDP.MKTP.KD.ZG,2011,5.19625156051602
GUY,NY.GDP.MKTP.KD.ZG,2010,4.13844160137342
GUY,NY.GDP.MKTP.KD.ZG,2009,3.61150847218585
GUY,NY.GDP.MKTP.KD.ZG,2008,1.75522349592019
GUY,NY.GDP.MKTP.KD.ZG,2007,7.19123624057457
GUY,NY.GDP.MKTP.KD.ZG,2006,5.12960934773
GUY,NY.GDP.MKTP.KD.ZG,2005,-1.95095759501714
GUY,NY.GDP.MKTP.KD.ZG,2004,1.56335211034042
GUY,NY.GDP.MKTP.KD.ZG,2003,-0.632225388266377
GUY,NY.GDP.MKTP.KD.ZG,2002,1.13262696199476
GUY,NY.GDP.MKTP.KD.ZG,2001,2.2795216592191
GUY,NY.GDP.MKTP.KD.ZG,2000,-1.36380390261873
GUY,NY.GDP.MKTP.KD.ZG,1999,2.96015180311224
GUY,NY.GDP.MKTP.KD.ZG,1998,-1.67910449189729
GUY,NY.GDP.MKTP.KD.ZG,1997,6.18066561019938
GUY,NY.GDP.MKTP.KD.ZG,1996,7.95551754125103
GUY,NY.GDP.MKTP.KD.ZG,1995,5.03144655812085
GUY,NY.GDP.MKTP.KD.ZG,1994,8.53242316667276
GUY,NY.GDP.MKTP.KD.ZG,1993,8.17510549304023
GUY,NY.GDP.MKTP.KD.ZG,1992,7.75788577607526
GUY,NY.GDP.MKTP.KD.ZG,1991,6.05786618530573
GUY,NY.GDP.MKTP.KD.ZG,1990,-3.06748466406728
GUY,NY.GDP.MKTP.KD.ZG,1989,-4.91666666511816
GUY,NY.GDP.MKTP.KD.ZG,1988,-3.69353310075873
GUY,NY.GDP.MKTP.KD.ZG,1987,0.899396594038478
GUY,NY.GDP.MKTP.KD.ZG,1986,-0.900602237275649
GUY,NY.GDP.MKTP.KD.ZG,1985,2.39966745807851
GUY,NY.GDP.MKTP.KD.ZG,1984,-5.02873786366854
GUY,NY.GDP.MKTP.KD.ZG,1983,-6.792386689346
GUY,NY.GDP.MKTP.KD.ZG,1982,-13.1901344884724
GUY,NY.GDP.MKTP.KD.ZG,1981,1.49616592020392
GUY,NY.GDP.MKTP.KD.ZG,1980,1.73388972721931
GUY,NY.GDP.MKTP.KD.ZG,1979,-1.83569626054445
GUY,NY.GDP.MKTP.KD.ZG,1978,-1.80618877216861
GUY,NY.GDP.MKTP.KD.ZG,1977,-2.63867966107593
GUY,NY.GDP.MKTP.KD.ZG,1976,1.53691327860348
GUY,NY.GDP.MKTP.KD.ZG,1975,8.48302151373474
GUY,NY.GDP.MKTP.KD.ZG,1974,7.70283994935743
GUY,NY.GDP.MKTP.KD.ZG,1973,1.24471935231686
GUY,NY.GDP.MKTP.KD.ZG,1972,-3.3176709348416
GUY,NY.GDP.MKTP.KD.ZG,1971,3.11285084398625
GUY,NY.GDP.MKTP.KD.ZG,1970,4.25545689303152
GUY,NY.GDP.MKTP.KD.ZG,1969,6.99438665753721
GUY,NY.GDP.MKTP.KD.ZG,1968,1.02482755310702
GUY,NY.GDP.MKTP.KD.ZG,1967,4.31362182924127
GUY,NY.GDP.MKTP.KD.ZG,1966,5.23327389402719
GUY,NY.GDP.MKTP.KD.ZG,1965,10.5410187618772
GUY,NY.GDP.MKTP.KD.ZG,1964,11.3602823799386
GUY,NY.GDP.MKTP.KD.ZG,1963,-12.2786572607531
GUY,NY.GDP.MKTP.KD.ZG,1962,1.10492580955443
GUY,NY.GDP.MKTP.KD.ZG,1961,4.68952431164918
GUY,NY.GDP.MKTP.KD.ZG,1960,
HTI,NY.GDP.MKTP.KD.ZG,2025,
HTI,NY.GDP.MKTP.KD.ZG,2024,-4.16963395808132
HTI,NY.GDP.MKTP.KD.ZG,2023,-1.86388420254838
HTI,NY.GDP.MKTP.KD.ZG,2022,-1.68198396897978
HTI,NY.GDP.MKTP.KD.ZG,2021,-1.79823988931486
HTI,NY.GDP.MKTP.KD.ZG,2020,-3.30550546965893
HTI,NY.GDP.MKTP.KD.ZG,2019,-1.72309699839232
HTI,NY.GDP.MKTP.KD.ZG,2018,1.66781095484656
HTI,NY.GDP.MKTP.KD.ZG,2017,2.51027134544685
HTI,NY.GDP.MKTP.KD.ZG,2016,1.81246807847532
HTI,NY.GDP.MKTP.KD.ZG,2015,1.40000000859727
HTI,NY.GDP.MKTP.KD.ZG,2014,2.88877250863379
HTI,NY.GDP.MKTP.KD.ZG,2013,4.32478411472874
HTI,NY.GDP.MKTP.KD.ZG,2012,0.502424403581585
HTI,NY.GDP.MKTP.KD.ZG,2011,5.09821354410036
HTI,NY.GDP.MKTP.KD.ZG,2010,-5.65151153448299
HTI,NY.GDP.MKTP.KD.ZG,2009,5.89037894844316
HTI,NY.GDP.MKTP.KD.ZG,2008,2.6580323082747
HTI,NY.GDP.MKTP.KD.ZG,2007,4.70652994008303
HTI,NY.GDP.MKTP.KD.ZG,2006,1.76875060288195
HTI,NY.GDP.MKTP.KD.ZG,2005,3.07217337664731
HTI,NY.GDP.MKTP.KD.ZG,2004,-1.3178567596495
HTI,NY.GDP.MKTP.KD.ZG,2003,3.48077973188326
HTI,NY.GDP.MKTP.KD.ZG,2002,1.05182013450109
HTI,NY.GDP.MKTP.KD.ZG,2001,-0.342747883252144
HTI,NY.GDP.MKTP.KD.ZG,2000,0.870059259424892
HTI,NY.GDP.MKTP.KD.ZG,1999,2.71024801048499
HTI,NY.GDP.MKTP.KD.ZG,1998,2.18184032957123
HTI,NY.GDP.MKTP.KD.ZG,1997,2.70471393077787
HTI,NY.GDP.MKTP.KD.ZG,1996,4.14077332856783
HTI,NY.GDP.MKTP.KD.ZG,1995,9.89770748815705
HTI,NY.GDP.MKTP.KD.ZG,1994,-11.9506292939561
HTI,NY.GDP.MKTP.KD.ZG,1993,-5.42629599215383
HTI,NY.GDP.MKTP.KD.ZG,1992,-5.30993292251178
HTI,NY.GDP.MKTP.KD.ZG,1991,1.88054472396281
HTI,NY.GDP.MKTP.KD.ZG,1990,1.03812280198248
HTI,NY.GDP.MKTP.KD.ZG,1989,-2.91342439807192
HTI,NY.GDP.MKTP.KD.ZG,1988,0.200426837325949
HTI,NY.GDP.MKTP.KD.ZG,1987,-0.793648700197082
HTI,NY.GDP.MKTP.KD.ZG,1986,-0.497504788372368
HTI,NY.GDP.MKTP.KD.ZG,1985,0.603631294369663
HTI,NY.GDP.MKTP.KD.ZG,1984,0.300917036236442
HTI,NY.GDP.MKTP.KD.ZG,1983,0.908181461269791
HTI,NY.GDP.MKTP.KD.ZG,1982,-3.56374522434297
HTI,NY.GDP.MKTP.KD.ZG,1981,-2.85270971115165
HTI,NY.GDP.MKTP.KD.ZG,1980,7.37468791939079
HTI,NY.GDP.MKTP.KD.ZG,1979,7.5604214016743
HTI,NY.GDP.MKTP.KD.ZG,1978,6.20886353648547
HTI,NY.GDP.MKTP.KD.ZG,1977,3.7081464367304
HTI,NY.GDP.MKTP.KD.ZG,1976,8.43883542963357
HTI,NY.GDP.MKTP.KD.ZG,1975,1.12275449104284
HTI,NY.GDP.MKTP.KD.ZG,1974,5.77988915170621
HTI,NY.GDP.MKTP.KD.ZG,1973,4.75532209168918
HTI,NY.GDP.MKTP.KD.ZG,1972,0.977107758966667
HTI,NY.GDP.MKTP.KD.ZG,1971,6.48038050132288
HTI,NY.GDP.MKTP.KD.ZG,1970,0.651153708034172
HTI,NY.GDP.MKTP.KD.ZG,1969,3.81194328486592
HTI,NY.GDP.MKTP.KD.ZG,1968,3.18161732148926
HTI,NY.GDP.MKTP.KD.ZG,1967,-2.11768620106355
HTI,NY.GDP.MKTP.KD.ZG,1966,-0.575786801046178
HTI,NY.GDP.MKTP.KD.ZG,1965,2.16179786144892
HTI,NY.GDP.MKTP.KD.ZG,1964,-1.64735736887533
HTI,NY.GDP.MKTP.KD.ZG,1963,-1.89279255057041
HTI,NY.GDP.MKTP.KD.ZG,1962,7.88757589385567
HTI,NY.GDP.MKTP.KD.ZG,1961,-2.93198029126782
HTI,NY.GDP.MKTP.KD.ZG,1960,
HND,NY.GDP.MKTP.KD.ZG,2025,
HND,NY.GDP.MKTP.KD.ZG,2024,3.55397003296669
HND,NY.GDP.MKTP.KD.ZG,2023,3.57584760454412
HND,NY.GDP.MKTP.KD.ZG,2022,4.14356194013767
HND,NY.GDP.MKTP.KD.ZG,2021,12.5652843771279
HND,NY.GDP.MKTP.KD.ZG,2020,-8.96508223267296
HND,NY.GDP.MKTP.KD.ZG,2019,2.55963434592314
HND,NY.GDP.MKTP.KD.ZG,2018,3.84499476966735
HND,NY.GDP.MKTP.KD.ZG,2017,4.84291391050387
HND,NY.GDP.MKTP.KD.ZG,2016,3.89297219726413
HND,NY.GDP.MKTP.KD.ZG,2015,3.84007997093951
HND,NY.GDP.MKTP.KD.ZG,2014,3.0580805621437
HND,NY.GDP.MKTP.KD.ZG,2013,2.79155975746801
HND,NY.GDP.MKTP.KD.ZG,2012,4.12868774866939
HND,NY.GDP.MKTP.KD.ZG,2011,3.83569066207505
HND,NY.GDP.MKTP.KD.ZG,2010,3.73114034433009
HND,NY.GDP.MKTP.KD.ZG,2009,-2.43162787988011
HND,NY.GDP.MKTP.KD.ZG,2008,4.23160011009342
HND,NY.GDP.MKTP.KD.ZG,2007,6.18832716678008
HND,NY.GDP.MKTP.KD.ZG,2006,6.56724355177587
HND,NY.GDP.MKTP.KD.ZG,2005,6.05059922215973
HND,NY.GDP.MKTP.KD.ZG,2004,6.23230296069102
HND,NY.GDP.MKTP.KD.ZG,2003,4.54703805165397
HND,NY.GDP.MKTP.KD.ZG,2002,3.75433786119939
HND,NY.GDP.MKTP.KD.ZG,2001,2.72319327321379
HND,NY.GDP.MKTP.KD.ZG,2000,9.61221881702615
HND,NY.GDP.MKTP.KD.ZG,1999,11.5758601477966
HND,NY.GDP.MKTP.KD.ZG,1998,11.5761659820033
HND,NY.GDP.MKTP.KD.ZG,1997,22.4277453268568
HND,NY.GDP.MKTP.KD.ZG,1996,22.9573908956763
HND,NY.GDP.MKTP.KD.ZG,1995,24.6744629260929
HND,NY.GDP.MKTP.KD.ZG,1994,29.0190204112194
HND,NY.GDP.MKTP.KD.ZG,1993,13.6371742968735
HND,NY.GDP.MKTP.KD.ZG,1992,9.03523521415093
HND,NY.GDP.MKTP.KD.ZG,1991,26.0469004465336
HND,NY.GDP.MKTP.KD.ZG,1990,21.1713674322465
HND,NY.GDP.MKTP.KD.ZG,1989,7.12826947076638
HND,NY.GDP.MKTP.KD.ZG,1988,7.57442109483326
HND,NY.GDP.MKTP.KD.ZG,1987,1.74009422609132
HND,NY.GDP.MKTP.KD.ZG,1986,5.53564279745997
HND,NY.GDP.MKTP.KD.ZG,1985,4.66822602953714
HND,NY.GDP.MKTP.KD.ZG,1984,2.35846275081614
HND,NY.GDP.MKTP.KD.ZG,1983,6.99586711936102
HND,NY.GDP.MKTP.KD.ZG,1982,4.3913059235414
HND,NY.GDP.MKTP.KD.ZG,1981,7.25433073403863
HND,NY.GDP.MKTP.KD.ZG,1980,13.0461742022835
HND,NY.GDP.MKTP.KD.ZG,1979,11.5302614235207
HND,NY.GDP.MKTP.KD.ZG,1978,12.9383124816161
HND,NY.GDP.MKTP.KD.ZG,1977,8.67824908440281
HND,NY.GDP.MKTP.KD.ZG,1976,16.1000612479848
HND,NY.GDP.MKTP.KD.ZG,1975,5.3200213329476
HND,NY.GDP.MKTP.KD.ZG,1974,9.41117622705514
HND,NY.GDP.MKTP.KD.ZG,1973,4.44128830650889
HND,NY.GDP.MKTP.KD.ZG,1972,3.90537684149935
HND,NY.GDP.MKTP.KD.ZG,1971,4.65493718159253
HND,NY.GDP.MKTP.KD.ZG,1970,4.94188689356858
HND,NY.GDP.MKTP.KD.ZG,1969,0.881367760385189
HND,NY.GDP.MKTP.KD.ZG,1968,-1.17815493672721
HND,NY.GDP.MKTP.KD.ZG,1967,3.76437003674084
HND,NY.GDP.MKTP.KD.ZG,1966,-1.11932816500057
HND,NY.GDP.MKTP.KD.ZG,1965,2.58333582121715
HND,NY.GDP.MKTP.KD.ZG,1964,1.54715605635589
HND,NY.GDP.MKTP.KD.ZG,1963,1.26827909278258
HND,NY.GDP.MKTP.KD.ZG,1962,2.18523652981222
HND,NY.GDP.MKTP.KD.ZG,1961,1.66356461642803
HND,NY.GDP.MKTP.KD.ZG,1960,
HKG,NY.GDP.MKTP.KD.ZG,2025,
HKG,NY.GDP.MKTP.KD.ZG,2024,2.50498758466826
HKG,NY.GDP.MKTP.KD.ZG,2023,3.2238599613664
HKG,NY.GDP.MKTP.KD.ZG,2022,-3.68378414495199
HKG,NY.GDP.MKTP.KD.ZG,2021,6.45444409087024
HKG,NY.GDP.MKTP.KD.ZG,2020,-6.54480412699255
HKG,NY.GDP.MKTP.KD.ZG,2019,-1.6724459934221
HKG,NY.GDP.MKTP.KD.ZG,2018,2.84695146463069
HKG,NY.GDP.MKTP.KD.ZG,2017,3.79611114629799
HKG,NY.GDP.MKTP.KD.ZG,2016,2.17542886502997
HKG,NY.GDP.MKTP.KD.ZG,2015,2.38777942738729
HKG,NY.GDP.MKTP.KD.ZG,2014,2.76242639191302
HKG,NY.GDP.MKTP.KD.ZG,2013,3.10152391561608
HKG,NY.GDP.MKTP.KD.ZG,2012,1.70030613669923
HKG,NY.GDP.MKTP.KD.ZG,2011,4.81470669259771
HKG,NY.GDP.MKTP.KD.ZG,2010,6.76768834119794
HKG,NY.GDP.MKTP.KD.ZG,2009,-2.45915292608368
HKG,NY.GDP.MKTP.KD.ZG,2008,2.1279154483889
HKG,NY.GDP.MKTP.KD.ZG,2007,6.46480843115236
HKG,NY.GDP.MKTP.KD.ZG,2006,7.03267723716037
HKG,NY.GDP.MKTP.KD.ZG,2005,7.38818981322424
HKG,NY.GDP.MKTP.KD.ZG,2004,8.70010092519611
HKG,NY.GDP.MKTP.KD.ZG,2003,3.05632955101336
HKG,NY.GDP.MKTP.KD.ZG,2002,1.65668551983116
HKG,NY.GDP.MKTP.KD.ZG,2001,0.560861638399899
HKG,NY.GDP.MKTP.KD.ZG,2000,7.6634341189713
HKG,NY.GDP.MKTP.KD.ZG,1999,2.50675994648854
HKG,NY.GDP.MKTP.KD.ZG,1998,-5.88264500371425
HKG,NY.GDP.MKTP.KD.ZG,1997,5.09978939593832
HKG,NY.GDP.MKTP.KD.ZG,1996,4.25843711528601
HKG,NY.GDP.MKTP.KD.ZG,1995,2.37380672369116
HKG,NY.GDP.MKTP.KD.ZG,1994,6.0360512473774
HKG,NY.GDP.MKTP.KD.ZG,1993,6.20112526967796
HKG,NY.GDP.MKTP.KD.ZG,1992,6.23495995728777
HKG,NY.GDP.MKTP.KD.ZG,1991,5.70196943141934
HKG,NY.GDP.MKTP.KD.ZG,1990,3.83051133487089
HKG,NY.GDP.MKTP.KD.ZG,1989,2.2770749650245
HKG,NY.GDP.MKTP.KD.ZG,1988,8.51154597319032
HKG,NY.GDP.MKTP.KD.ZG,1987,13.3984333057626
HKG,NY.GDP.MKTP.KD.ZG,1986,11.0561192332237
HKG,NY.GDP.MKTP.KD.ZG,1985,0.757054642867999
HKG,NY.GDP.MKTP.KD.ZG,1984,9.97374832660103
HKG,NY.GDP.MKTP.KD.ZG,1983,5.97699557607231
HKG,NY.GDP.MKTP.KD.ZG,1982,2.94984269406611
HKG,NY.GDP.MKTP.KD.ZG,1981,9.2607529208135
HKG,NY.GDP.MKTP.KD.ZG,1980,10.1082310071639
HKG,NY.GDP.MKTP.KD.ZG,1979,11.5566148050192
HKG,NY.GDP.MKTP.KD.ZG,1978,8.26075348015026
HKG,NY.GDP.MKTP.KD.ZG,1977,11.7256028410742
HKG,NY.GDP.MKTP.KD.ZG,1976,16.1643107218392
HKG,NY.GDP.MKTP.KD.ZG,1975,0.492019320539043
HKG,NY.GDP.MKTP.KD.ZG,1974,2.41529110468208
HKG,NY.GDP.MKTP.KD.ZG,1973,12.2797630554251
HKG,NY.GDP.MKTP.KD.ZG,1972,10.6118459235727
HKG,NY.GDP.MKTP.KD.ZG,1971,7.29309200553885
HKG,NY.GDP.MKTP.KD.ZG,1970,9.20649975840655
HKG,NY.GDP.MKTP.KD.ZG,1969,11.3432464071334
HKG,NY.GDP.MKTP.KD.ZG,1968,3.39739066387156
HKG,NY.GDP.MKTP.KD.ZG,1967,1.60347489337207
HKG,NY.GDP.MKTP.KD.ZG,1966,1.79473246819664
HKG,NY.GDP.MKTP.KD.ZG,1965,14.6420261266268
HKG,NY.GDP.MKTP.KD.ZG,1964,8.6276669143403
HKG,NY.GDP.MKTP.KD.ZG,1963,15.7637662237923
HKG,NY.GDP.MKTP.KD.ZG,1962,14.2914823397233
HKG,NY.GDP.MKTP.KD.ZG,1961,
HKG,NY.GDP.MKTP.KD.ZG,1960,
HUN,NY.GDP.MKTP.KD.ZG,2025,
HUN,NY.GDP.MKTP.KD.ZG,2024,0.560117843140432
HUN,NY.GDP.MKTP.KD.ZG,2023,-0.817107370513455
HUN,NY.GDP.MKTP.KD.ZG,2022,4.15238057779229
HUN,NY.GDP.MKTP.KD.ZG,2021,7.22291580811137
HUN,NY.GDP.MKTP.KD.ZG,2020,-4.33872540024058
HUN,NY.GDP.MKTP.KD.ZG,2019,5.07718495088933
HUN,NY.GDP.MKTP.KD.ZG,2018,5.60613813768876
HUN,NY.GDP.MKTP.KD.ZG,2017,4.12418389451805
HUN,NY.GDP.MKTP.KD.ZG,2016,2.43864141309342
HUN,NY.GDP.MKTP.KD.ZG,2015,3.65981615406955
HUN,NY.GDP.MKTP.KD.ZG,2014,4.33435364113967
HUN,NY.GDP.MKTP.KD.ZG,2013,2.03216990678146
HUN,NY.GDP.MKTP.KD.ZG,2012,-1.33948446518181
HUN,NY.GDP.MKTP.KD.ZG,2011,1.91670916599742
HUN,NY.GDP.MKTP.KD.ZG,2010,1.06795068152046
HUN,NY.GDP.MKTP.KD.ZG,2009,-6.7401660845502
HUN,NY.GDP.MKTP.KD.ZG,2008,0.993437085479655
HUN,NY.GDP.MKTP.KD.ZG,2007,0.332354337878925
HUN,NY.GDP.MKTP.KD.ZG,2006,3.93393162712054
HUN,NY.GDP.MKTP.KD.ZG,2005,4.30028318461673
HUN,NY.GDP.MKTP.KD.ZG,2004,4.96312536156307
HUN,NY.GDP.MKTP.KD.ZG,2003,3.93877761242727
HUN,NY.GDP.MKTP.KD.ZG,2002,4.73006530805553
HUN,NY.GDP.MKTP.KD.ZG,2001,4.06202617226026
HUN,NY.GDP.MKTP.KD.ZG,2000,4.40937501806403
HUN,NY.GDP.MKTP.KD.ZG,1999,3.08605811588221
HUN,NY.GDP.MKTP.KD.ZG,1998,3.84810814449837
HUN,NY.GDP.MKTP.KD.ZG,1997,2.97787906543104
HUN,NY.GDP.MKTP.KD.ZG,1996,0.101234227633242
HUN,NY.GDP.MKTP.KD.ZG,1995,1.48952547593046
HUN,NY.GDP.MKTP.KD.ZG,1994,2.94715455541068
HUN,NY.GDP.MKTP.KD.ZG,1993,-0.576108518425613
HUN,NY.GDP.MKTP.KD.ZG,1992,-3.06418034558638
HUN,NY.GDP.MKTP.KD.ZG,1991,-11.8920408618435
HUN,NY.GDP.MKTP.KD.ZG,1990,-3.49665976181741
HUN,NY.GDP.MKTP.KD.ZG,1989,0.736424821486906
HUN,NY.GDP.MKTP.KD.ZG,1988,-0.0652631433035538
HUN,NY.GDP.MKTP.KD.ZG,1987,4.05122959932378
HUN,NY.GDP.MKTP.KD.ZG,1986,1.53494882486977
HUN,NY.GDP.MKTP.KD.ZG,1985,-0.253067484662495
HUN,NY.GDP.MKTP.KD.ZG,1984,2.65804768265939
HUN,NY.GDP.MKTP.KD.ZG,1983,0.722965871831008
HUN,NY.GDP.MKTP.KD.ZG,1982,2.84108854244893
HUN,NY.GDP.MKTP.KD.ZG,1981,2.86674495956183
HUN,NY.GDP.MKTP.KD.ZG,1980,0.200000000000884
HUN,NY.GDP.MKTP.KD.ZG,1979,2.69999999999983
HUN,NY.GDP.MKTP.KD.ZG,1978,4.39999999999998
HUN,NY.GDP.MKTP.KD.ZG,1977,7.59999999999965
HUN,NY.GDP.MKTP.KD.ZG,1976,3.60000000000056
HUN,NY.GDP.MKTP.KD.ZG,1975,6.20000000000007
HUN,NY.GDP.MKTP.KD.ZG,1974,5.89999999999975
HUN,NY.GDP.MKTP.KD.ZG,1973,6.90000000000038
HUN,NY.GDP.MKTP.KD.ZG,1972,6.09999999999948
HUN,NY.GDP.MKTP.KD.ZG,1971,6.19999999999965
HUN,NY.GDP.MKTP.KD.ZG,1970,4.70000000000033
HUN,NY.GDP.MKTP.KD.ZG,1969,6.89999999999982
HUN,NY.GDP.MKTP.KD.ZG,1968,4.90000000000038
HUN,NY.GDP.MKTP.KD.ZG,1967,7.49999999999996
HUN,NY.GDP.MKTP.KD.ZG,1966,7.39999999999996
HUN,NY.GDP.MKTP.KD.ZG,1965,42.4104142671799
HUN,NY.GDP.MKTP.KD.ZG,1964,4.70000000000022
HUN,NY.GDP.MKTP.KD.ZG,1963,5.69999999999999
HUN,NY.GDP.MKTP.KD.ZG,1962,6.09999999999982
HUN,NY.GDP.MKTP.KD.ZG,1961,4.70000000000022
HUN,NY.GDP.MKTP.KD.ZG,1960,
ISL,NY.GDP.MKTP.KD.ZG,2025,
ISL,NY.GDP.MKTP.KD.ZG,2024,-0.970676468918384
ISL,NY.GDP.MKTP.KD.ZG,2023,5.18615760140189
ISL,NY.GDP.MKTP.KD.ZG,2022,8.82069395623492
ISL,NY.GDP.MKTP.KD.ZG,2021,5.1805719742238
ISL,NY.GDP.MKTP.KD.ZG,2020,-6.64587816297836
ISL,NY.GDP.MKTP.KD.ZG,2019,1.13821230465001
ISL,NY.GDP.MKTP.KD.ZG,2018,4.66077032612084
ISL,NY.GDP.MKTP.KD.ZG,2017,3.48506703916689
ISL,NY.GDP.MKTP.KD.ZG,2016,6.21808764217616
ISL,NY.GDP.MKTP.KD.ZG,2015,3.76859023848581
ISL,NY.GDP.MKTP.KD.ZG,2014,1.91381609098249
ISL,NY.GDP.MKTP.KD.ZG,2013,3.59695700972851
ISL,NY.GDP.MKTP.KD.ZG,2012,1.16931174886884
ISL,NY.GDP.MKTP.KD.ZG,2011,1.37999669140882
ISL,NY.GDP.MKTP.KD.ZG,2010,-2.22181847599202
ISL,NY.GDP.MKTP.KD.ZG,2009,-8.32146414328021
ISL,NY.GDP.MKTP.KD.ZG,2008,1.69961076077263
ISL,NY.GDP.MKTP.KD.ZG,2007,8.74132941508014
ISL,NY.GDP.MKTP.KD.ZG,2006,5.67161248460013
ISL,NY.GDP.MKTP.KD.ZG,2005,7.0293406083855
ISL,NY.GDP.MKTP.KD.ZG,2004,7.62260520117914
ISL,NY.GDP.MKTP.KD.ZG,2003,2.28136971731965
ISL,NY.GDP.MKTP.KD.ZG,2002,0.542286728015213
ISL,NY.GDP.MKTP.KD.ZG,2001,3.84093935130252
ISL,NY.GDP.MKTP.KD.ZG,2000,4.90518213679276
ISL,NY.GDP.MKTP.KD.ZG,1999,3.89798762287089
ISL,NY.GDP.MKTP.KD.ZG,1998,7.01048322607343
ISL,NY.GDP.MKTP.KD.ZG,1997,4.14087045064694
ISL,NY.GDP.MKTP.KD.ZG,1996,4.49765343483963
ISL,NY.GDP.MKTP.KD.ZG,1995,0.116583656161382
ISL,NY.GDP.MKTP.KD.ZG,1994,3.60885792911003
ISL,NY.GDP.MKTP.KD.ZG,1993,1.31344949985998
ISL,NY.GDP.MKTP.KD.ZG,1992,-3.37389416853765
ISL,NY.GDP.MKTP.KD.ZG,1991,-0.223525498840075
ISL,NY.GDP.MKTP.KD.ZG,1990,1.16937035968014
ISL,NY.GDP.MKTP.KD.ZG,1989,0.258439804261698
ISL,NY.GDP.MKTP.KD.ZG,1988,-0.089725977854286
ISL,NY.GDP.MKTP.KD.ZG,1987,8.54593973363589
ISL,NY.GDP.MKTP.KD.ZG,1986,6.27054192019342
ISL,NY.GDP.MKTP.KD.ZG,1985,3.29284143329744
ISL,NY.GDP.MKTP.KD.ZG,1984,4.12911824601976
ISL,NY.GDP.MKTP.KD.ZG,1983,-2.15116172402108
ISL,NY.GDP.MKTP.KD.ZG,1982,2.15456624389918
ISL,NY.GDP.MKTP.KD.ZG,1981,4.2650070463216
ISL,NY.GDP.MKTP.KD.ZG,1980,5.74792072898289
ISL,NY.GDP.MKTP.KD.ZG,1979,4.86058242659418
ISL,NY.GDP.MKTP.KD.ZG,1978,6.01671453236096
ISL,NY.GDP.MKTP.KD.ZG,1977,8.82227726391153
ISL,NY.GDP.MKTP.KD.ZG,1976,5.95936756657377
ISL,NY.GDP.MKTP.KD.ZG,1975,0.64615505171875
ISL,NY.GDP.MKTP.KD.ZG,1974,5.70629209965455
ISL,NY.GDP.MKTP.KD.ZG,1973,6.80600969930141
ISL,NY.GDP.MKTP.KD.ZG,1972,6.17733454676718
ISL,NY.GDP.MKTP.KD.ZG,1971,13.0608375831739
ISL,NY.GDP.MKTP.KD.ZG,1970,7.45814307458133
ISL,NY.GDP.MKTP.KD.ZG,1969,2.38961038961043
ISL,NY.GDP.MKTP.KD.ZG,1968,-5.49828178694162
ISL,NY.GDP.MKTP.KD.ZG,1967,-1.26030053320396
ISL,NY.GDP.MKTP.KD.ZG,1966,8.75065893516079
ISL,NY.GDP.MKTP.KD.ZG,1965,7.29638009049766
ISL,NY.GDP.MKTP.KD.ZG,1964,9.88191423244254
ISL,NY.GDP.MKTP.KD.ZG,1963,10.2810143934202
ISL,NY.GDP.MKTP.KD.ZG,1962,8.31477357089841
ISL,NY.GDP.MKTP.KD.ZG,1961,-0.074183976261267
ISL,NY.GDP.MKTP.KD.ZG,1960,
IND,NY.GDP.MKTP.KD.ZG,2025,
IND,NY.GDP.MKTP.KD.ZG,2024,6.49476552383821
IND,NY.GDP.MKTP.KD.ZG,2023,9.19075493028345
IND,NY.GDP.MKTP.KD.ZG,2022,7.60936497768895
IND,NY.GDP.MKTP.KD.ZG,2021,9.68959249192875
IND,NY.GDP.MKTP.KD.ZG,2020,-5.77772470686801
IND,NY.GDP.MKTP.KD.ZG,2019,3.87143694070356
IND,NY.GDP.MKTP.KD.ZG,2018,6.45385134497769
IND,NY.GDP.MKTP.KD.ZG,2017,6.79538341897911
IND,NY.GDP.MKTP.KD.ZG,2016,8.25630550179086
IND,NY.GDP.MKTP.KD.ZG,2015,7.99625378571471
IND,NY.GDP.MKTP.KD.ZG,2014,7.41022760508854
IND,NY.GDP.MKTP.KD.ZG,2013,6.38610640094825
IND,NY.GDP.MKTP.KD.ZG,2012,5.45638755166587
IND,NY.GDP.MKTP.KD.ZG,2011,5.24131619937695
IND,NY.GDP.MKTP.KD.ZG,2010,8.49758470221235
IND,NY.GDP.MKTP.KD.ZG,2009,7.86188883286074
IND,NY.GDP.MKTP.KD.ZG,2008,3.08669805921981
IND,NY.GDP.MKTP.KD.ZG,2007,7.6608150670107
IND,NY.GDP.MKTP.KD.ZG,2006,8.06073257166651
IND,NY.GDP.MKTP.KD.ZG,2005,7.92343062148318
IND,NY.GDP.MKTP.KD.ZG,2004,7.92293661199932
IND,NY.GDP.MKTP.KD.ZG,2003,7.8603814759073
IND,NY.GDP.MKTP.KD.ZG,2002,3.80397532112175
IND,NY.GDP.MKTP.KD.ZG,2001,4.82396626555771
IND,NY.GDP.MKTP.KD.ZG,2000,3.84099115659129
IND,NY.GDP.MKTP.KD.ZG,1999,8.84575555939531
IND,NY.GDP.MKTP.KD.ZG,1998,6.18441582172117
IND,NY.GDP.MKTP.KD.ZG,1997,4.04982084998183
IND,NY.GDP.MKTP.KD.ZG,1996,7.54952224920051
IND,NY.GDP.MKTP.KD.ZG,1995,7.57449183788519
IND,NY.GDP.MKTP.KD.ZG,1994,6.65892407028434
IND,NY.GDP.MKTP.KD.ZG,1993,4.75077621776924
IND,NY.GDP.MKTP.KD.ZG,1992,5.48239602040357
IND,NY.GDP.MKTP.KD.ZG,1991,1.05683143496063
IND,NY.GDP.MKTP.KD.ZG,1990,5.53345456125301
IND,NY.GDP.MKTP.KD.ZG,1989,5.94734333181324
IND,NY.GDP.MKTP.KD.ZG,1988,9.62778291607844
IND,NY.GDP.MKTP.KD.ZG,1987,3.96535563481719
IND,NY.GDP.MKTP.KD.ZG,1986,4.77656416847516
IND,NY.GDP.MKTP.KD.ZG,1985,5.25429922311382
IND,NY.GDP.MKTP.KD.ZG,1984,3.82073785610604
IND,NY.GDP.MKTP.KD.ZG,1983,7.28889290305703
IND,NY.GDP.MKTP.KD.ZG,1982,3.47573323969961
IND,NY.GDP.MKTP.KD.ZG,1981,6.00620362601497
IND,NY.GDP.MKTP.KD.ZG,1980,6.7358215288198
IND,NY.GDP.MKTP.KD.ZG,1979,-5.23818270446218
IND,NY.GDP.MKTP.KD.ZG,1978,5.71253208869331
IND,NY.GDP.MKTP.KD.ZG,1977,7.25476458760367
IND,NY.GDP.MKTP.KD.ZG,1976,1.66310363813034
IND,NY.GDP.MKTP.KD.ZG,1975,9.14991201570659
IND,NY.GDP.MKTP.KD.ZG,1974,1.18533625466961
IND,NY.GDP.MKTP.KD.ZG,1973,3.29552113471652
IND,NY.GDP.MKTP.KD.ZG,1972,-0.553301305344547
IND,NY.GDP.MKTP.KD.ZG,1971,1.64293037527582
IND,NY.GDP.MKTP.KD.ZG,1970,5.15722973718955
IND,NY.GDP.MKTP.KD.ZG,1969,6.53970029928357
IND,NY.GDP.MKTP.KD.ZG,1968,3.38792917634143
IND,NY.GDP.MKTP.KD.ZG,1967,7.82596303082235
IND,NY.GDP.MKTP.KD.ZG,1966,-0.0553287704537979
IND,NY.GDP.MKTP.KD.ZG,1965,-2.63577011020728
IND,NY.GDP.MKTP.KD.ZG,1964,7.45295012250209
IND,NY.GDP.MKTP.KD.ZG,1963,5.99435326188559
IND,NY.GDP.MKTP.KD.ZG,1962,2.93112773548363
IND,NY.GDP.MKTP.KD.ZG,1961,3.72274253311053
IND,NY.GDP.MKTP.KD.ZG,1960,
IDN,NY.GDP.MKTP.KD.ZG,2025,
IDN,NY.GDP.MKTP.KD.ZG,2024,5.03034469419038
IDN,NY.GDP.MKTP.KD.ZG,2023,5.04902331835997
IDN,NY.GDP.MKTP.KD.ZG,2022,5.30719722664799
IDN,NY.GDP.MKTP.KD.ZG,2021,3.70288562827751
IDN,NY.GDP.MKTP.KD.ZG,2020,-2.06551182934165
IDN,NY.GDP.MKTP.KD.ZG,2019,5.01928768046282
IDN,NY.GDP.MKTP.KD.ZG,2018,5.17429153955024
IDN,NY.GDP.MKTP.KD.ZG,2017,5.06978590134916
IDN,NY.GDP.MKTP.KD.ZG,2016,5.03306918280177
IDN,NY.GDP.MKTP.KD.ZG,2015,4.87632230022123
IDN,NY.GDP.MKTP.KD.ZG,2014,5.006668425755
IDN,NY.GDP.MKTP.KD.ZG,2013,5.5572636889101
IDN,NY.GDP.MKTP.KD.ZG,2012,6.03005065305615
IDN,NY.GDP.MKTP.KD.ZG,2011,6.16978420771008
IDN,NY.GDP.MKTP.KD.ZG,2010,6.22385418062366
IDN,NY.GDP.MKTP.KD.ZG,2009,4.62887118256153
IDN,NY.GDP.MKTP.KD.ZG,2008,6.01370360009123
IDN,NY.GDP.MKTP.KD.ZG,2007,6.34502222667214
IDN,NY.GDP.MKTP.KD.ZG,2006,5.50095178520348
IDN,NY.GDP.MKTP.KD.ZG,2005,5.69257130383384
IDN,NY.GDP.MKTP.KD.ZG,2004,5.03087394501685
IDN,NY.GDP.MKTP.KD.ZG,2003,4.78036912167654
IDN,NY.GDP.MKTP.KD.ZG,2002,4.49947539085764
IDN,NY.GDP.MKTP.KD.ZG,2001,3.64346644721492
IDN,NY.GDP.MKTP.KD.ZG,2000,4.9200677470169
IDN,NY.GDP.MKTP.KD.ZG,1999,0.79112608199847
IDN,NY.GDP.MKTP.KD.ZG,1998,-13.1267254923818
IDN,NY.GDP.MKTP.KD.ZG,1997,4.69987885390397
IDN,NY.GDP.MKTP.KD.ZG,1996,7.81818707670867
IDN,NY.GDP.MKTP.KD.ZG,1995,8.22000739903493
IDN,NY.GDP.MKTP.KD.ZG,1994,7.53997109551439
IDN,NY.GDP.MKTP.KD.ZG,1993,6.49640812045304
IDN,NY.GDP.MKTP.KD.ZG,1992,6.49750651682714
IDN,NY.GDP.MKTP.KD.ZG,1991,6.91198283591309
IDN,NY.GDP.MKTP.KD.ZG,1990,7.24213163856464
IDN,NY.GDP.MKTP.KD.ZG,1989,7.45658692516847
IDN,NY.GDP.MKTP.KD.ZG,1988,5.7804984881177
IDN,NY.GDP.MKTP.KD.ZG,1987,4.92592736496611
IDN,NY.GDP.MKTP.KD.ZG,1986,5.87504510359864
IDN,NY.GDP.MKTP.KD.ZG,1985,2.46214356422551
IDN,NY.GDP.MKTP.KD.ZG,1984,6.97552780884124
IDN,NY.GDP.MKTP.KD.ZG,1983,4.1929673681999
IDN,NY.GDP.MKTP.KD.ZG,1982,2.24644534036375
IDN,NY.GDP.MKTP.KD.ZG,1981,7.92715682412874
IDN,NY.GDP.MKTP.KD.ZG,1980,9.88007752166418
IDN,NY.GDP.MKTP.KD.ZG,1979,7.32430948559606
IDN,NY.GDP.MKTP.KD.ZG,1978,6.76706985763171
IDN,NY.GDP.MKTP.KD.ZG,1977,8.76132560106353
IDN,NY.GDP.MKTP.KD.ZG,1976,6.88656497352524
IDN,NY.GDP.MKTP.KD.ZG,1975,4.97730086669512
IDN,NY.GDP.MKTP.KD.ZG,1974,7.6346729055067
IDN,NY.GDP.MKTP.KD.ZG,1973,8.1039755351653
IDN,NY.GDP.MKTP.KD.ZG,1972,7.03764320785962
IDN,NY.GDP.MKTP.KD.ZG,1971,7.02399719740848
IDN,NY.GDP.MKTP.KD.ZG,1970,7.55463451394223
IDN,NY.GDP.MKTP.KD.ZG,1969,6.82229824913614
IDN,NY.GDP.MKTP.KD.ZG,1968,10.9151785714295
IDN,NY.GDP.MKTP.KD.ZG,1967,1.38040280607036
IDN,NY.GDP.MKTP.KD.ZG,1966,2.79134682484525
IDN,NY.GDP.MKTP.KD.ZG,1965,1.08158946626055
IDN,NY.GDP.MKTP.KD.ZG,1964,3.52969814993797
IDN,NY.GDP.MKTP.KD.ZG,1963,-2.23702998571657
IDN,NY.GDP.MKTP.KD.ZG,1962,1.84197770236842
IDN,NY.GDP.MKTP.KD.ZG,1961,5.74064582266813
IDN,NY.GDP.MKTP.KD.ZG,1960,
IRN,NY.GDP.MKTP.KD.ZG,2025,
IRN,NY.GDP.MKTP.KD.ZG,2024,3.66312056830718
IRN,NY.GDP.MKTP.KD.ZG,2023,5.33235117216407
IRN,NY.GDP.MKTP.KD.ZG,2022,4.35281087521344
IRN,NY.GDP.MKTP.KD.ZG,2021,4.13089685034471
IRN,NY.GDP.MKTP.KD.ZG,2020,4.44180865358672
IRN,NY.GDP.MKTP.KD.ZG,2019,-2.36143538770575
IRN,NY.GDP.MKTP.KD.ZG,2018,-3.74796015711334
IRN,NY.GDP.MKTP.KD.ZG,2017,3.02685468694025
IRN,NY.GDP.MKTP.KD.ZG,2016,8.8150866425182
IRN,NY.GDP.MKTP.KD.ZG,2015,-1.42488493937503
IRN,NY.GDP.MKTP.KD.ZG,2014,4.98477506709476
IRN,NY.GDP.MKTP.KD.ZG,2013,-1.52197920494184
IRN,NY.GDP.MKTP.KD.ZG,2012,-3.74717139864109
IRN,NY.GDP.MKTP.KD.ZG,2011,2.6457179180628
IRN,NY.GDP.MKTP.KD.ZG,2010,5.79793830169604
IRN,NY.GDP.MKTP.KD.ZG,2009,1.00738545790475
IRN,NY.GDP.MKTP.KD.ZG,2008,0.250856553493634
IRN,NY.GDP.MKTP.KD.ZG,2007,8.15577352358517
IRN,NY.GDP.MKTP.KD.ZG,2006,4.99979526181222
IRN,NY.GDP.MKTP.KD.ZG,2005,3.18980408728824
IRN,NY.GDP.MKTP.KD.ZG,2004,4.33666597851041
IRN,NY.GDP.MKTP.KD.ZG,2003,8.6392983972006
IRN,NY.GDP.MKTP.KD.ZG,2002,8.07882927975243
IRN,NY.GDP.MKTP.KD.ZG,2001,2.39217271207868
IRN,NY.GDP.MKTP.KD.ZG,2000,5.84552747578209
IRN,NY.GDP.MKTP.KD.ZG,1999,2.00269623253435
IRN,NY.GDP.MKTP.KD.ZG,1998,2.08001178027133
IRN,NY.GDP.MKTP.KD.ZG,1997,1.3503992743003
IRN,NY.GDP.MKTP.KD.ZG,1996,6.35052601873645
IRN,NY.GDP.MKTP.KD.ZG,1995,2.40104455220023
IRN,NY.GDP.MKTP.KD.ZG,1994,-1.69828611909162
IRN,NY.GDP.MKTP.KD.ZG,1993,-1.47101148218381
IRN,NY.GDP.MKTP.KD.ZG,1992,3.29798191958058
IRN,NY.GDP.MKTP.KD.ZG,1991,12.7161484424098
IRN,NY.GDP.MKTP.KD.ZG,1990,13.594926443584
IRN,NY.GDP.MKTP.KD.ZG,1989,6.13211567717991
IRN,NY.GDP.MKTP.KD.ZG,1988,-6.08199661986552
IRN,NY.GDP.MKTP.KD.ZG,1987,-0.172107687605632
IRN,NY.GDP.MKTP.KD.ZG,1986,-9.78490557801793
IRN,NY.GDP.MKTP.KD.ZG,1985,1.86764993250704
IRN,NY.GDP.MKTP.KD.ZG,1984,-7.13985049890006
IRN,NY.GDP.MKTP.KD.ZG,1983,11.0867168468735
IRN,NY.GDP.MKTP.KD.ZG,1982,23.1712455355796
IRN,NY.GDP.MKTP.KD.ZG,1981,-5.69678723333881
IRN,NY.GDP.MKTP.KD.ZG,1980,-21.5996493516924
IRN,NY.GDP.MKTP.KD.ZG,1979,-12.0207602547921
IRN,NY.GDP.MKTP.KD.ZG,1978,-12.8408566742286
IRN,NY.GDP.MKTP.KD.ZG,1977,-2.77357769163513
IRN,NY.GDP.MKTP.KD.ZG,1976,18.2604356281607
IRN,NY.GDP.MKTP.KD.ZG,1975,-0.326216240773292
IRN,NY.GDP.MKTP.KD.ZG,1974,5.80105084782068
IRN,NY.GDP.MKTP.KD.ZG,1973,7.44168161210852
IRN,NY.GDP.MKTP.KD.ZG,1972,14.4990158486367
IRN,NY.GDP.MKTP.KD.ZG,1971,13.7015829939225
IRN,NY.GDP.MKTP.KD.ZG,1970,10.9276016296547
IRN,NY.GDP.MKTP.KD.ZG,1969,15.5166589080891
IRN,NY.GDP.MKTP.KD.ZG,1968,14.4041826754728
IRN,NY.GDP.MKTP.KD.ZG,1967,11.2528030961675
IRN,NY.GDP.MKTP.KD.ZG,1966,11.5024072848285
IRN,NY.GDP.MKTP.KD.ZG,1965,17.0357115203008
IRN,NY.GDP.MKTP.KD.ZG,1964,8.4752282487856
IRN,NY.GDP.MKTP.KD.ZG,1963,7.04207522912871
IRN,NY.GDP.MKTP.KD.ZG,1962,7.90926792965325
IRN,NY.GDP.MKTP.KD.ZG,1961,10.3909183549937
IRN,NY.GDP.MKTP.KD.ZG,1960,
IRQ,NY.GDP.MKTP.KD.ZG,2025,
IRQ,NY.GDP.MKTP.KD.ZG,2024,-1.54525198318304
IRQ,NY.GDP.MKTP.KD.ZG,2023,0.517705525131191
IRQ,NY.GDP.MKTP.KD.ZG,2022,7.95904804992662
IRQ,NY.GDP.MKTP.KD.ZG,2021,1.50218070952037
IRQ,NY.GDP.MKTP.KD.ZG,2020,-12.0367930931152
IRQ,NY.GDP.MKTP.KD.ZG,2019,5.51379057542323
IRQ,NY.GDP.MKTP.KD.ZG,2018,2.63385099105624
IRQ,NY.GDP.MKTP.KD.ZG,2017,-1.81975035118309
IRQ,NY.GDP.MKTP.KD.ZG,2016,13.7873730187089
IRQ,NY.GDP.MKTP.KD.ZG,2015,2.60676642939541
IRQ,NY.GDP.MKTP.KD.ZG,2014,2.26368817563613
IRQ,NY.GDP.MKTP.KD.ZG,2013,7.62828592298754
IRQ,NY.GDP.MKTP.KD.ZG,2012,13.9364301737537
IRQ,NY.GDP.MKTP.KD.ZG,2011,7.546471200426
IRQ,NY.GDP.MKTP.KD.ZG,2010,6.40256484471193
IRQ,NY.GDP.MKTP.KD.ZG,2009,3.37929909442771
IRQ,NY.GDP.MKTP.KD.ZG,2008,8.22810710383277
IRQ,NY.GDP.MKTP.KD.ZG,2007,1.88853936243953
IRQ,NY.GDP.MKTP.KD.ZG,2006,5.63829915220637
IRQ,NY.GDP.MKTP.KD.ZG,2005,1.67522863586828
IRQ,NY.GDP.MKTP.KD.ZG,2004,53.3855472887501
IRQ,NY.GDP.MKTP.KD.ZG,2003,-36.6567804383165
IRQ,NY.GDP.MKTP.KD.ZG,2002,-8.20370481187175
IRQ,NY.GDP.MKTP.KD.ZG,2001,1.76660876568174
IRQ,NY.GDP.MKTP.KD.ZG,2000,16.7961344440251
IRQ,NY.GDP.MKTP.KD.ZG,1999,17.5801703743844
IRQ,NY.GDP.MKTP.KD.ZG,1998,35.0009676190523
IRQ,NY.GDP.MKTP.KD.ZG,1997,21.237936128861
IRQ,NY.GDP.MKTP.KD.ZG,1996,11.0207856442482
IRQ,NY.GDP.MKTP.KD.ZG,1995,2.12002149754704
IRQ,NY.GDP.MKTP.KD.ZG,1994,3.85453244906617
IRQ,NY.GDP.MKTP.KD.ZG,1993,30.2898294911571
IRQ,NY.GDP.MKTP.KD.ZG,1992,32.5922111963098
IRQ,NY.GDP.MKTP.KD.ZG,1991,-64.0471069734499
IRQ,NY.GDP.MKTP.KD.ZG,1990,57.8178283456035
IRQ,NY.GDP.MKTP.KD.ZG,1989,-3.1185352147467
IRQ,NY.GDP.MKTP.KD.ZG,1988,-0.0190369368025927
IRQ,NY.GDP.MKTP.KD.ZG,1987,9.3052813911243
IRQ,NY.GDP.MKTP.KD.ZG,1986,4.64759057416617
IRQ,NY.GDP.MKTP.KD.ZG,1985,1.45389626285959
IRQ,NY.GDP.MKTP.KD.ZG,1984,-1.48524169735188
IRQ,NY.GDP.MKTP.KD.ZG,1983,-13.0733124034891
IRQ,NY.GDP.MKTP.KD.ZG,1982,3.43397803057938
IRQ,NY.GDP.MKTP.KD.ZG,1981,-0.728727509463553
IRQ,NY.GDP.MKTP.KD.ZG,1980,24.7537268463936
IRQ,NY.GDP.MKTP.KD.ZG,1979,20.8692554328465
IRQ,NY.GDP.MKTP.KD.ZG,1978,17.0569646646714
IRQ,NY.GDP.MKTP.KD.ZG,1977,1.89995939450607
IRQ,NY.GDP.MKTP.KD.ZG,1976,17.1751037344398
IRQ,NY.GDP.MKTP.KD.ZG,1975,12.4906646751304
IRQ,NY.GDP.MKTP.KD.ZG,1974,16.1133673454638
IRQ,NY.GDP.MKTP.KD.ZG,1973,4.41875556494567
IRQ,NY.GDP.MKTP.KD.ZG,1972,3.73530378696596
IRQ,NY.GDP.MKTP.KD.ZG,1971,5.37455253303425
IRQ,NY.GDP.MKTP.KD.ZG,1970,4.54435706401779
IRQ,NY.GDP.MKTP.KD.ZG,1969,3.24418646059578
IRQ,NY.GDP.MKTP.KD.ZG,1968,19.5121002571341
IRQ,NY.GDP.MKTP.KD.ZG,1967,-8.85681547611026
IRQ,NY.GDP.MKTP.KD.ZG,1966,4.96287661149815
IRQ,NY.GDP.MKTP.KD.ZG,1965,10.763880165144
IRQ,NY.GDP.MKTP.KD.ZG,1964,14.8265142723807
IRQ,NY.GDP.MKTP.KD.ZG,1963,2.44770235047196
IRQ,NY.GDP.MKTP.KD.ZG,1962,4.60334575305544
IRQ,NY.GDP.MKTP.KD.ZG,1961,7.32576806556308
IRQ,NY.GDP.MKTP.KD.ZG,1960,
IRL,NY.GDP.MKTP.KD.ZG,2025,
IRL,NY.GDP.MKTP.KD.ZG,2024,2.59946721553708
IRL,NY.GDP.MKTP.KD.ZG,2023,-2.53637409313261
IRL,NY.GDP.MKTP.KD.ZG,2022,7.51113888415304
IRL,NY.GDP.MKTP.KD.ZG,2021,16.2581881158197
IRL,NY.GDP.MKTP.KD.ZG,2020,7.15369505735335
IRL,NY.GDP.MKTP.KD.ZG,2019,4.97288003766816
IRL,NY.GDP.MKTP.KD.ZG,2018,7.68865937437435
IRL,NY.GDP.MKTP.KD.ZG,2017,10.1088576065965
IRL,NY.GDP.MKTP.KD.ZG,2016,1.22271661130947
IRL,NY.GDP.MKTP.KD.ZG,2015,24.6239856364006
IRL,NY.GDP.MKTP.KD.ZG,2014,9.38579335130922
IRL,NY.GDP.MKTP.KD.ZG,2013,2.1929375750029
IRL,NY.GDP.MKTP.KD.ZG,2012,-0.40502941658977
IRL,NY.GDP.MKTP.KD.ZG,2011,1.60886648916944
IRL,NY.GDP.MKTP.KD.ZG,2010,1.68297175486512
IRL,NY.GDP.MKTP.KD.ZG,2009,-5.09578277913846
IRL,NY.GDP.MKTP.KD.ZG,2008,-4.48407081043062
IRL,NY.GDP.MKTP.KD.ZG,2007,5.31011830898613
IRL,NY.GDP.MKTP.KD.ZG,2006,4.98785364537615
IRL,NY.GDP.MKTP.KD.ZG,2005,5.73978202625278
IRL,NY.GDP.MKTP.KD.ZG,2004,6.78813990621356
IRL,NY.GDP.MKTP.KD.ZG,2003,3.01383869396012
IRL,NY.GDP.MKTP.KD.ZG,2002,5.89936506079005
IRL,NY.GDP.MKTP.KD.ZG,2001,5.30582133514299
IRL,NY.GDP.MKTP.KD.ZG,2000,9.40352476399653
IRL,NY.GDP.MKTP.KD.ZG,1999,10.5298856427062
IRL,NY.GDP.MKTP.KD.ZG,1998,8.7661226571214
IRL,NY.GDP.MKTP.KD.ZG,1997,11.0217650823433
IRL,NY.GDP.MKTP.KD.ZG,1996,7.37962465765875
IRL,NY.GDP.MKTP.KD.ZG,1995,9.63442136559036
IRL,NY.GDP.MKTP.KD.ZG,1994,5.75582797061618
IRL,NY.GDP.MKTP.KD.ZG,1993,2.69260841466448
IRL,NY.GDP.MKTP.KD.ZG,1992,3.34327412603812
IRL,NY.GDP.MKTP.KD.ZG,1991,1.9296401741083
IRL,NY.GDP.MKTP.KD.ZG,1990,8.46652776398362
IRL,NY.GDP.MKTP.KD.ZG,1989,5.81391994557339
IRL,NY.GDP.MKTP.KD.ZG,1988,5.21741342322537
IRL,NY.GDP.MKTP.KD.ZG,1987,4.66309058769842
IRL,NY.GDP.MKTP.KD.ZG,1986,-0.428330204205935
IRL,NY.GDP.MKTP.KD.ZG,1985,3.08561465915007
IRL,NY.GDP.MKTP.KD.ZG,1984,4.35437267775501
IRL,NY.GDP.MKTP.KD.ZG,1983,-0.244301213870017
IRL,NY.GDP.MKTP.KD.ZG,1982,2.28346843284601
IRL,NY.GDP.MKTP.KD.ZG,1981,3.32521731639946
IRL,NY.GDP.MKTP.KD.ZG,1980,3.07932918345945
IRL,NY.GDP.MKTP.KD.ZG,1979,3.07303639266831
IRL,NY.GDP.MKTP.KD.ZG,1978,7.18672760788444
IRL,NY.GDP.MKTP.KD.ZG,1977,8.21130051013432
IRL,NY.GDP.MKTP.KD.ZG,1976,1.39480668315268
IRL,NY.GDP.MKTP.KD.ZG,1975,5.65664652614466
IRL,NY.GDP.MKTP.KD.ZG,1974,4.26023030161873
IRL,NY.GDP.MKTP.KD.ZG,1973,4.72142803863792
IRL,NY.GDP.MKTP.KD.ZG,1972,6.48980775082018
IRL,NY.GDP.MKTP.KD.ZG,1971,3.46988866612384
IRL,NY.GDP.MKTP.KD.ZG,1970,2.6605292978217
IRL,NY.GDP.MKTP.KD.ZG,1969,5.86385507267597
IRL,NY.GDP.MKTP.KD.ZG,1968,8.24392880348537
IRL,NY.GDP.MKTP.KD.ZG,1967,5.78570426266425
IRL,NY.GDP.MKTP.KD.ZG,1966,0.893092501243231
IRL,NY.GDP.MKTP.KD.ZG,1965,1.93345000050924
IRL,NY.GDP.MKTP.KD.ZG,1964,3.78596155115387
IRL,NY.GDP.MKTP.KD.ZG,1963,4.7446342195897
IRL,NY.GDP.MKTP.KD.ZG,1962,3.21644442741555
IRL,NY.GDP.MKTP.KD.ZG,1961,5.01616911525804
IRL,NY.GDP.MKTP.KD.ZG,1960,
IMN,NY.GDP.MKTP.KD.ZG,2025,
IMN,NY.GDP.MKTP.KD.ZG,2024,
IMN,NY.GDP.MKTP.KD.ZG,2023,
IMN,NY.GDP.MKTP.KD.ZG,2022,-4.16539345213232
IMN,NY.GDP.MKTP.KD.ZG,2021,3.83783632334639
IMN,NY.GDP.MKTP.KD.ZG,2020,-8.83681697473475
IMN,NY.GDP.MKTP.KD.ZG,2019,0.254877847398262
IMN,NY.GDP.MKTP.KD.ZG,2018,2.2133975392251
IMN,NY.GDP.MKTP.KD.ZG,2017,2.83775807093689
IMN,NY.GDP.MKTP.KD.ZG,2016,6.95230284899407
IMN,NY.GDP.MKTP.KD.ZG,2015,-0.385866882198087
IMN,NY.GDP.MKTP.KD.ZG,2014,5.15509983748599
IMN,NY.GDP.MKTP.KD.ZG,2013,4.14186158753493
IMN,NY.GDP.MKTP.KD.ZG,2012,7.30389108511717
IMN,NY.GDP.MKTP.KD.ZG,2011,1.99999938207415
IMN,NY.GDP.MKTP.KD.ZG,2010,3.39999842395957
IMN,NY.GDP.MKTP.KD.ZG,2009,2.10000027181374
IMN,NY.GDP.MKTP.KD.ZG,2008,4.90000100081545
IMN,NY.GDP.MKTP.KD.ZG,2007,7.50000022988817
IMN,NY.GDP.MKTP.KD.ZG,2006,7.69999871253432
IMN,NY.GDP.MKTP.KD.ZG,2005,5.89999933576675
IMN,NY.GDP.MKTP.KD.ZG,2004,5.20000310402496
IMN,NY.GDP.MKTP.KD.ZG,2003,5.99999968812641
IMN,NY.GDP.MKTP.KD.ZG,2002,6.19999819490684
IMN,NY.GDP.MKTP.KD.ZG,2001,5.39999903126116
IMN,NY.GDP.MKTP.KD.ZG,2000,5.30000152552805
IMN,NY.GDP.MKTP.KD.ZG,1999,13.6999970168254
IMN,NY.GDP.MKTP.KD.ZG,1998,13.5000059594272
IMN,NY.GDP.MKTP.KD.ZG,1997,8.5999943330298
IMN,NY.GDP.MKTP.KD.ZG,1996,7.70000620736124
IMN,NY.GDP.MKTP.KD.ZG,1995,4.29999820601022
IMN,NY.GDP.MKTP.KD.ZG,1994,4.00000120370929
IMN,NY.GDP.MKTP.KD.ZG,1993,2.59999570835525
IMN,NY.GDP.MKTP.KD.ZG,1992,0.800002489771529
IMN,NY.GDP.MKTP.KD.ZG,1991,1.60499284257345
IMN,NY.GDP.MKTP.KD.ZG,1990,4.1869768973626
IMN,NY.GDP.MKTP.KD.ZG,1989,6.84521310342541
IMN,NY.GDP.MKTP.KD.ZG,1988,11.8293565492151
IMN,NY.GDP.MKTP.KD.ZG,1987,9.89634675563862
IMN,NY.GDP.MKTP.KD.ZG,1986,19.1055382978016
IMN,NY.GDP.MKTP.KD.ZG,1985,0.418923089884345
IMN,NY.GDP.MKTP.KD.ZG,1984,
IMN,NY.GDP.MKTP.KD.ZG,1983,
IMN,NY.GDP.MKTP.KD.ZG,1982,
IMN,NY.GDP.MKTP.KD.ZG,1981,
IMN,NY.GDP.MKTP.KD.ZG,1980,
IMN,NY.GDP.MKTP.KD.ZG,1979,
IMN,NY.GDP.MKTP.KD.ZG,1978,
IMN,NY.GDP.MKTP.KD.ZG,1977,
IMN,NY.GDP.MKTP.KD.ZG,1976,
IMN,NY.GDP.MKTP.KD.ZG,1975,
IMN,NY.GDP.MKTP.KD.ZG,1974,
IMN,NY.GDP.MKTP.KD.ZG,1973,
IMN,NY.GDP.MKTP.KD.ZG,1972,
IMN,NY.GDP.MKTP.KD.ZG,1971,
IMN,NY.GDP.MKTP.KD.ZG,1970,
IMN,NY.GDP.MKTP.KD.ZG,1969,
IMN,NY.GDP.MKTP.KD.ZG,1968,
IMN,NY.GDP.MKTP.KD.ZG,1967,
IMN,NY.GDP.MKTP.KD.ZG,1966,
IMN,NY.GDP.MKTP.KD.ZG,1965,
IMN,NY.GDP.MKTP.KD.ZG,1964,
IMN,NY.GDP.MKTP.KD.ZG,1963,
IMN,NY.GDP.MKTP.KD.ZG,1962,
IMN,NY.GDP.MKTP.KD.ZG,1961,
IMN,NY.GDP.MKTP.KD.ZG,1960,
ISR,NY.GDP.MKTP.KD.ZG,2025,
ISR,NY.GDP.MKTP.KD.ZG,2024,0.871968424377442
ISR,NY.GDP.MKTP.KD.ZG,2023,1.82652049482384
ISR,NY.GDP.MKTP.KD.ZG,2022,6.26326343841286
ISR,NY.GDP.MKTP.KD.ZG,2021,9.38837403354628
ISR,NY.GDP.MKTP.KD.ZG,2020,-2.02161548237589
ISR,NY.GDP.MKTP.KD.ZG,2019,3.71049632750405
ISR,NY.GDP.MKTP.KD.ZG,2018,4.00389862187025
ISR,NY.GDP.MKTP.KD.ZG,2017,4.3469311670646
ISR,NY.GDP.MKTP.KD.ZG,2016,4.45978271860821
ISR,NY.GDP.MKTP.KD.ZG,2015,2.23760317482488
ISR,NY.GDP.MKTP.KD.ZG,2014,3.77582843213109
ISR,NY.GDP.MKTP.KD.ZG,2013,4.08570918638205
ISR,NY.GDP.MKTP.KD.ZG,2012,2.44716836741318
ISR,NY.GDP.MKTP.KD.ZG,2011,5.51879621371651
ISR,NY.GDP.MKTP.KD.ZG,2010,5.53434033902194
ISR,NY.GDP.MKTP.KD.ZG,2009,1.23773159721814
ISR,NY.GDP.MKTP.KD.ZG,2008,3.22209599987266
ISR,NY.GDP.MKTP.KD.ZG,2007,6.32334950499747
ISR,NY.GDP.MKTP.KD.ZG,2006,5.60162698158004
ISR,NY.GDP.MKTP.KD.ZG,2005,4.38778887041551
ISR,NY.GDP.MKTP.KD.ZG,2004,4.64789744397389
ISR,NY.GDP.MKTP.KD.ZG,2003,1.4490576944626
ISR,NY.GDP.MKTP.KD.ZG,2002,-0.134072634658438
ISR,NY.GDP.MKTP.KD.ZG,2001,0.277927326527333
ISR,NY.GDP.MKTP.KD.ZG,2000,8.58208942390802
ISR,NY.GDP.MKTP.KD.ZG,1999,3.29727980669843
ISR,NY.GDP.MKTP.KD.ZG,1998,4.11196396238032
ISR,NY.GDP.MKTP.KD.ZG,1997,3.61234610744576
ISR,NY.GDP.MKTP.KD.ZG,1996,5.83943847597874
ISR,NY.GDP.MKTP.KD.ZG,1995,6.60292466276256
ISR,NY.GDP.MKTP.KD.ZG,1994,7.42784528286684
ISR,NY.GDP.MKTP.KD.ZG,1993,4.11675635714511
ISR,NY.GDP.MKTP.KD.ZG,1992,7.7592662201412
ISR,NY.GDP.MKTP.KD.ZG,1991,7.72611510990106
ISR,NY.GDP.MKTP.KD.ZG,1990,7.3151991944807
ISR,NY.GDP.MKTP.KD.ZG,1989,0.574746825763683
ISR,NY.GDP.MKTP.KD.ZG,1988,2.91001632137271
ISR,NY.GDP.MKTP.KD.ZG,1987,7.13971134096003
ISR,NY.GDP.MKTP.KD.ZG,1986,4.1901444503966
ISR,NY.GDP.MKTP.KD.ZG,1985,4.03694035827328
ISR,NY.GDP.MKTP.KD.ZG,1984,0.93321387083445
ISR,NY.GDP.MKTP.KD.ZG,1983,3.3591012652162
ISR,NY.GDP.MKTP.KD.ZG,1982,2.08250026037634
ISR,NY.GDP.MKTP.KD.ZG,1981,5.33992669481438
ISR,NY.GDP.MKTP.KD.ZG,1980,1.67044175850093
ISR,NY.GDP.MKTP.KD.ZG,1979,6.20781580166899
ISR,NY.GDP.MKTP.KD.ZG,1978,5.5550869576286
ISR,NY.GDP.MKTP.KD.ZG,1977,1.03529923583676
ISR,NY.GDP.MKTP.KD.ZG,1976,0.322503454651482
ISR,NY.GDP.MKTP.KD.ZG,1975,3.24281919248368
ISR,NY.GDP.MKTP.KD.ZG,1974,6.4761614146466
ISR,NY.GDP.MKTP.KD.ZG,1973,5.58746392583988
ISR,NY.GDP.MKTP.KD.ZG,1972,12.1465543473487
ISR,NY.GDP.MKTP.KD.ZG,1971,10.9510710509513
ISR,NY.GDP.MKTP.KD.ZG,1970,7.30733553016482
ISR,NY.GDP.MKTP.KD.ZG,1969,13.5657021560076
ISR,NY.GDP.MKTP.KD.ZG,1968,16.2419518797076
ISR,NY.GDP.MKTP.KD.ZG,1967,2.99502646342917
ISR,NY.GDP.MKTP.KD.ZG,1966,-0.0796470240325675
ISR,NY.GDP.MKTP.KD.ZG,1965,8.99794750184594
ISR,NY.GDP.MKTP.KD.ZG,1964,7.93718642275164
ISR,NY.GDP.MKTP.KD.ZG,1963,10.6957231497209
ISR,NY.GDP.MKTP.KD.ZG,1962,10.1561172182462
ISR,NY.GDP.MKTP.KD.ZG,1961,11.2038906187628
ISR,NY.GDP.MKTP.KD.ZG,1960,
ITA,NY.GDP.MKTP.KD.ZG,2025,
ITA,NY.GDP.MKTP.KD.ZG,2024,0.692676948440536
ITA,NY.GDP.MKTP.KD.ZG,2023,0.975694840127005
ITA,NY.GDP.MKTP.KD.ZG,2022,4.82117669913565
ITA,NY.GDP.MKTP.KD.ZG,2021,8.93106210800055
ITA,NY.GDP.MKTP.KD.ZG,2020,-8.86822122185345
ITA,NY.GDP.MKTP.KD.ZG,2019,0.429162533780342
ITA,NY.GDP.MKTP.KD.ZG,2018,0.826646712344115
ITA,NY.GDP.MKTP.KD.ZG,2017,1.60369995294101
ITA,NY.GDP.MKTP.KD.ZG,2016,1.23622108511661
ITA,NY.GDP.MKTP.KD.ZG,2015,0.885667635240807
ITA,NY.GDP.MKTP.KD.ZG,2014,-0.00138761730454462
ITA,NY.GDP.MKTP.KD.ZG,2013,-1.81802510749792
ITA,NY.GDP.MKTP.KD.ZG,2012,-3.12523877282996
ITA,NY.GDP.MKTP.KD.ZG,2011,0.695463154440176
ITA,NY.GDP.MKTP.KD.ZG,2010,1.52910573247101
ITA,NY.GDP.MKTP.KD.ZG,2009,-5.30515401233991
ITA,NY.GDP.MKTP.KD.ZG,2008,-1.02313851177097
ITA,NY.GDP.MKTP.KD.ZG,2007,1.46229205289291
ITA,NY.GDP.MKTP.KD.ZG,2006,1.79947992234244
ITA,NY.GDP.MKTP.KD.ZG,2005,0.762410677306491
ITA,NY.GDP.MKTP.KD.ZG,2004,1.4740217064723
ITA,NY.GDP.MKTP.KD.ZG,2003,0.0665538088732092
ITA,NY.GDP.MKTP.KD.ZG,2002,0.26992966378873
ITA,NY.GDP.MKTP.KD.ZG,2001,2.00643329837733
ITA,NY.GDP.MKTP.KD.ZG,2000,3.88209885062652
ITA,NY.GDP.MKTP.KD.ZG,1999,1.67799157943422
ITA,NY.GDP.MKTP.KD.ZG,1998,1.8043732818638
ITA,NY.GDP.MKTP.KD.ZG,1997,1.92572122608527
ITA,NY.GDP.MKTP.KD.ZG,1996,1.34558477192847
ITA,NY.GDP.MKTP.KD.ZG,1995,2.88683671925843
ITA,NY.GDP.MKTP.KD.ZG,1994,2.15102367074849
ITA,NY.GDP.MKTP.KD.ZG,1993,-0.852805731913904
ITA,NY.GDP.MKTP.KD.ZG,1992,0.834275417393798
ITA,NY.GDP.MKTP.KD.ZG,1991,1.53844759206665
ITA,NY.GDP.MKTP.KD.ZG,1990,1.98577491758405
ITA,NY.GDP.MKTP.KD.ZG,1989,3.38838350504491
ITA,NY.GDP.MKTP.KD.ZG,1988,4.19437725054567
ITA,NY.GDP.MKTP.KD.ZG,1987,3.19196062140115
ITA,NY.GDP.MKTP.KD.ZG,1986,2.85997186889063
ITA,NY.GDP.MKTP.KD.ZG,1985,2.79808575480784
ITA,NY.GDP.MKTP.KD.ZG,1984,3.22585239030356
ITA,NY.GDP.MKTP.KD.ZG,1983,1.16920342741862
ITA,NY.GDP.MKTP.KD.ZG,1982,0.413585694308892
ITA,NY.GDP.MKTP.KD.ZG,1981,0.844227628121416
ITA,NY.GDP.MKTP.KD.ZG,1980,3.43001634618649
ITA,NY.GDP.MKTP.KD.ZG,1979,5.95915952688955
ITA,NY.GDP.MKTP.KD.ZG,1978,3.24013978059317
ITA,NY.GDP.MKTP.KD.ZG,1977,2.56050082604729
ITA,NY.GDP.MKTP.KD.ZG,1976,7.12538510094043
ITA,NY.GDP.MKTP.KD.ZG,1975,-2.09016289171086
ITA,NY.GDP.MKTP.KD.ZG,1974,5.50014109691006
ITA,NY.GDP.MKTP.KD.ZG,1973,7.12586233109471
ITA,NY.GDP.MKTP.KD.ZG,1972,3.69048578366487
ITA,NY.GDP.MKTP.KD.ZG,1971,1.81810794624113
ITA,NY.GDP.MKTP.KD.ZG,1970,5.31050242854884
ITA,NY.GDP.MKTP.KD.ZG,1969,6.09805999558608
ITA,NY.GDP.MKTP.KD.ZG,1968,6.54455465470525
ITA,NY.GDP.MKTP.KD.ZG,1967,7.17861246556186
ITA,NY.GDP.MKTP.KD.ZG,1966,5.98479422519713
ITA,NY.GDP.MKTP.KD.ZG,1965,3.26802371964186
ITA,NY.GDP.MKTP.KD.ZG,1964,2.79770227911476
ITA,NY.GDP.MKTP.KD.ZG,1963,5.60972797819841
ITA,NY.GDP.MKTP.KD.ZG,1962,6.20365045787119
ITA,NY.GDP.MKTP.KD.ZG,1961,8.20724591384787
ITA,NY.GDP.MKTP.KD.ZG,1960,
JAM,NY.GDP.MKTP.KD.ZG,2025,
JAM,NY.GDP.MKTP.KD.ZG,2024,-0.535039063867487
JAM,NY.GDP.MKTP.KD.ZG,2023,2.74634433906714
JAM,NY.GDP.MKTP.KD.ZG,2022,6.43930323656186
JAM,NY.GDP.MKTP.KD.ZG,2021,5.70467978309095
JAM,NY.GDP.MKTP.KD.ZG,2020,-8.30441923583135
JAM,NY.GDP.MKTP.KD.ZG,2019,1.80943147301357
JAM,NY.GDP.MKTP.KD.ZG,2018,2.51584458612513
JAM,NY.GDP.MKTP.KD.ZG,2017,2.29303371291363
JAM,NY.GDP.MKTP.KD.ZG,2016,2.76043761369557
JAM,NY.GDP.MKTP.KD.ZG,2015,0.92148712399856
JAM,NY.GDP.MKTP.KD.ZG,2014,0.689822359762587
JAM,NY.GDP.MKTP.KD.ZG,2013,0.517686011311724
JAM,NY.GDP.MKTP.KD.ZG,2012,-0.613636042132399
JAM,NY.GDP.MKTP.KD.ZG,2011,1.73037627006349
JAM,NY.GDP.MKTP.KD.ZG,2010,-1.45714720850386
JAM,NY.GDP.MKTP.KD.ZG,2009,-4.34530185828071
JAM,NY.GDP.MKTP.KD.ZG,2008,-0.811736702186792
JAM,NY.GDP.MKTP.KD.ZG,2007,1.43195403769627
JAM,NY.GDP.MKTP.KD.ZG,2006,2.89912534481287
JAM,NY.GDP.MKTP.KD.ZG,2005,0.893797935409893
JAM,NY.GDP.MKTP.KD.ZG,2004,1.32372510450574
JAM,NY.GDP.MKTP.KD.ZG,2003,3.66631759041991
JAM,NY.GDP.MKTP.KD.ZG,2002,1.99729094191295
JAM,NY.GDP.MKTP.KD.ZG,2001,1.34492956615135
JAM,NY.GDP.MKTP.KD.ZG,2000,0.87870355044231
JAM,NY.GDP.MKTP.KD.ZG,1999,1.04767386709968
JAM,NY.GDP.MKTP.KD.ZG,1998,-2.33455353946911
JAM,NY.GDP.MKTP.KD.ZG,1997,-1.14045987350366
JAM,NY.GDP.MKTP.KD.ZG,1996,-0.113731205844019
JAM,NY.GDP.MKTP.KD.ZG,1995,2.34995703773234
JAM,NY.GDP.MKTP.KD.ZG,1994,1.38338980682033
JAM,NY.GDP.MKTP.KD.ZG,1993,9.41710256580915
JAM,NY.GDP.MKTP.KD.ZG,1992,1.95554250017773
JAM,NY.GDP.MKTP.KD.ZG,1991,4.83823875455573
JAM,NY.GDP.MKTP.KD.ZG,1990,4.2005351147029
JAM,NY.GDP.MKTP.KD.ZG,1989,7.17330434565815
JAM,NY.GDP.MKTP.KD.ZG,1988,3.97430201540247
JAM,NY.GDP.MKTP.KD.ZG,1987,7.850354826906
JAM,NY.GDP.MKTP.KD.ZG,1986,1.88258818544895
JAM,NY.GDP.MKTP.KD.ZG,1985,-2.94363557496624
JAM,NY.GDP.MKTP.KD.ZG,1984,-1.54234579969579
JAM,NY.GDP.MKTP.KD.ZG,1983,1.90907840238197
JAM,NY.GDP.MKTP.KD.ZG,1982,2.06923162402543
JAM,NY.GDP.MKTP.KD.ZG,1981,2.63944799408762
JAM,NY.GDP.MKTP.KD.ZG,1980,-5.71415924592799
JAM,NY.GDP.MKTP.KD.ZG,1979,-1.06004131730283
JAM,NY.GDP.MKTP.KD.ZG,1978,-0.0537003148015742
JAM,NY.GDP.MKTP.KD.ZG,1977,-2.59754869763765
JAM,NY.GDP.MKTP.KD.ZG,1976,-6.6942450951283
JAM,NY.GDP.MKTP.KD.ZG,1975,-0.25609225691494
JAM,NY.GDP.MKTP.KD.ZG,1974,-4.22926130986501
JAM,NY.GDP.MKTP.KD.ZG,1973,-5.48550909116167
JAM,NY.GDP.MKTP.KD.ZG,1972,18.0085552919373
JAM,NY.GDP.MKTP.KD.ZG,1971,2.45807345173883
JAM,NY.GDP.MKTP.KD.ZG,1970,12.0644090390182
JAM,NY.GDP.MKTP.KD.ZG,1969,5.57467387070459
JAM,NY.GDP.MKTP.KD.ZG,1968,5.74413221562098
JAM,NY.GDP.MKTP.KD.ZG,1967,1.80863851891935
JAM,NY.GDP.MKTP.KD.ZG,1966,
JAM,NY.GDP.MKTP.KD.ZG,1965,
JAM,NY.GDP.MKTP.KD.ZG,1964,
JAM,NY.GDP.MKTP.KD.ZG,1963,
JAM,NY.GDP.MKTP.KD.ZG,1962,
JAM,NY.GDP.MKTP.KD.ZG,1961,
JAM,NY.GDP.MKTP.KD.ZG,1960,
JPN,NY.GDP.MKTP.KD.ZG,2025,
JPN,NY.GDP.MKTP.KD.ZG,2024,0.104309021773304
JPN,NY.GDP.MKTP.KD.ZG,2023,1.47503481053384
JPN,NY.GDP.MKTP.KD.ZG,2022,0.941998775483285
JPN,NY.GDP.MKTP.KD.ZG,2021,2.69657404187188
JPN,NY.GDP.MKTP.KD.ZG,2020,-4.16876457146743
JPN,NY.GDP.MKTP.KD.ZG,2019,-0.402169200894946
JPN,NY.GDP.MKTP.KD.ZG,2018,0.643391023533141
JPN,NY.GDP.MKTP.KD.ZG,2017,1.67533175173359
JPN,NY.GDP.MKTP.KD.ZG,2016,0.753826745789127
JPN,NY.GDP.MKTP.KD.ZG,2015,1.56062669680782
JPN,NY.GDP.MKTP.KD.ZG,2014,0.296205514141889
JPN,NY.GDP.MKTP.KD.ZG,2013,2.00510017681211
JPN,NY.GDP.MKTP.KD.ZG,2012,1.37475099905274
JPN,NY.GDP.MKTP.KD.ZG,2011,0.0238095237995424
JPN,NY.GDP.MKTP.KD.ZG,2010,4.09791791943181
JPN,NY.GDP.MKTP.KD.ZG,2009,-5.69323635892741
JPN,NY.GDP.MKTP.KD.ZG,2008,-1.22428900061713
JPN,NY.GDP.MKTP.KD.ZG,2007,1.48396941157472
JPN,NY.GDP.MKTP.KD.ZG,2006,1.3723501275831
JPN,NY.GDP.MKTP.KD.ZG,2005,1.80390087215821
JPN,NY.GDP.MKTP.KD.ZG,2004,2.18611569439318
JPN,NY.GDP.MKTP.KD.ZG,2003,1.53512549946694
JPN,NY.GDP.MKTP.KD.ZG,2002,0.0419624992862282
JPN,NY.GDP.MKTP.KD.ZG,2001,0.386103426142029
JPN,NY.GDP.MKTP.KD.ZG,2000,2.76464755136783
JPN,NY.GDP.MKTP.KD.ZG,1999,-0.333929957687772
JPN,NY.GDP.MKTP.KD.ZG,1998,-1.27033049466078
JPN,NY.GDP.MKTP.KD.ZG,1997,0.981228732290873
JPN,NY.GDP.MKTP.KD.ZG,1996,3.13387099272759
JPN,NY.GDP.MKTP.KD.ZG,1995,2.6309996164206
JPN,NY.GDP.MKTP.KD.ZG,1994,1.0833831743207
JPN,NY.GDP.MKTP.KD.ZG,1993,-0.459219716250544
JPN,NY.GDP.MKTP.KD.ZG,1992,0.900586066438109
JPN,NY.GDP.MKTP.KD.ZG,1991,3.52335723553459
JPN,NY.GDP.MKTP.KD.ZG,1990,4.84092905699353
JPN,NY.GDP.MKTP.KD.ZG,1989,4.92578541317788
JPN,NY.GDP.MKTP.KD.ZG,1988,6.66163652210332
JPN,NY.GDP.MKTP.KD.ZG,1987,4.64886139743521
JPN,NY.GDP.MKTP.KD.ZG,1986,3.29404761349421
JPN,NY.GDP.MKTP.KD.ZG,1985,5.15980790450274
JPN,NY.GDP.MKTP.KD.ZG,1984,4.41088015355157
JPN,NY.GDP.MKTP.KD.ZG,1983,3.63019857277
JPN,NY.GDP.MKTP.KD.ZG,1982,3.27974274279195
JPN,NY.GDP.MKTP.KD.ZG,1981,4.26062449361741
JPN,NY.GDP.MKTP.KD.ZG,1980,2.81759120759222
JPN,NY.GDP.MKTP.KD.ZG,1979,5.48404183215798
JPN,NY.GDP.MKTP.KD.ZG,1978,5.2719415031039
JPN,NY.GDP.MKTP.KD.ZG,1977,4.39033795035795
JPN,NY.GDP.MKTP.KD.ZG,1976,3.97498409081336
JPN,NY.GDP.MKTP.KD.ZG,1975,3.09157591647113
JPN,NY.GDP.MKTP.KD.ZG,1974,-1.22523982783679
JPN,NY.GDP.MKTP.KD.ZG,1973,8.03259997458163
JPN,NY.GDP.MKTP.KD.ZG,1972,8.41354725566508
JPN,NY.GDP.MKTP.KD.ZG,1971,4.6989920420522
JPN,NY.GDP.MKTP.KD.ZG,1970,0.399050644662367
JPN,NY.GDP.MKTP.KD.ZG,1969,12.4778945144981
JPN,NY.GDP.MKTP.KD.ZG,1968,12.8824681383231
JPN,NY.GDP.MKTP.KD.ZG,1967,11.0821423246932
JPN,NY.GDP.MKTP.KD.ZG,1966,10.6385615591631
JPN,NY.GDP.MKTP.KD.ZG,1965,5.81970787298197
JPN,NY.GDP.MKTP.KD.ZG,1964,11.676708196398
JPN,NY.GDP.MKTP.KD.ZG,1963,8.473642382794
JPN,NY.GDP.MKTP.KD.ZG,1962,8.90897299558067
JPN,NY.GDP.MKTP.KD.ZG,1961,12.0435364080117
JPN,NY.GDP.MKTP.KD.ZG,1960,
JOR,NY.GDP.MKTP.KD.ZG,2025,
JOR,NY.GDP.MKTP.KD.ZG,2024,2.48889409603647
JOR,NY.GDP.MKTP.KD.ZG,2023,2.88408339281683
JOR,NY.GDP.MKTP.KD.ZG,2022,2.64743514912058
JOR,NY.GDP.MKTP.KD.ZG,2021,3.65564358999147
JOR,NY.GDP.MKTP.KD.ZG,2020,-1.10275188309046
JOR,NY.GDP.MKTP.KD.ZG,2019,1.75124077866225
JOR,NY.GDP.MKTP.KD.ZG,2018,1.91907091341564
JOR,NY.GDP.MKTP.KD.ZG,2017,2.47359815449045
JOR,NY.GDP.MKTP.KD.ZG,2016,1.9941808493012
JOR,NY.GDP.MKTP.KD.ZG,2015,2.49652879315188
JOR,NY.GDP.MKTP.KD.ZG,2014,3.38407809933472
JOR,NY.GDP.MKTP.KD.ZG,2013,2.60994737548631
JOR,NY.GDP.MKTP.KD.ZG,2012,2.42935800100238
JOR,NY.GDP.MKTP.KD.ZG,2011,2.73717988632104
JOR,NY.GDP.MKTP.KD.ZG,2010,2.31483422063046
JOR,NY.GDP.MKTP.KD.ZG,2009,5.02371007272669
JOR,NY.GDP.MKTP.KD.ZG,2008,7.22038637280139
JOR,NY.GDP.MKTP.KD.ZG,2007,8.17616995204646
JOR,NY.GDP.MKTP.KD.ZG,2006,8.09297527811933
JOR,NY.GDP.MKTP.KD.ZG,2005,8.14659481079931
JOR,NY.GDP.MKTP.KD.ZG,2004,8.56721424236899
JOR,NY.GDP.MKTP.KD.ZG,2003,4.16166755544407
JOR,NY.GDP.MKTP.KD.ZG,2002,5.78380792679296
JOR,NY.GDP.MKTP.KD.ZG,2001,5.26995757513571
JOR,NY.GDP.MKTP.KD.ZG,2000,4.24571192079179
JOR,NY.GDP.MKTP.KD.ZG,1999,3.38953079405088
JOR,NY.GDP.MKTP.KD.ZG,1998,3.01217269046565
JOR,NY.GDP.MKTP.KD.ZG,1997,3.30847538304737
JOR,NY.GDP.MKTP.KD.ZG,1996,2.08702078168028
JOR,NY.GDP.MKTP.KD.ZG,1995,6.20087444373819
JOR,NY.GDP.MKTP.KD.ZG,1994,4.97147669964757
JOR,NY.GDP.MKTP.KD.ZG,1993,4.48698977985755
JOR,NY.GDP.MKTP.KD.ZG,1992,14.3497760596886
JOR,NY.GDP.MKTP.KD.ZG,1991,1.60853107260243
JOR,NY.GDP.MKTP.KD.ZG,1990,-0.275903907591925
JOR,NY.GDP.MKTP.KD.ZG,1989,-10.7292192804849
JOR,NY.GDP.MKTP.KD.ZG,1988,1.46216981660707
JOR,NY.GDP.MKTP.KD.ZG,1987,2.32327437695264
JOR,NY.GDP.MKTP.KD.ZG,1986,5.5046342418638
JOR,NY.GDP.MKTP.KD.ZG,1985,-2.70694716427624
JOR,NY.GDP.MKTP.KD.ZG,1984,4.29168776522455
JOR,NY.GDP.MKTP.KD.ZG,1983,-2.21973855445965
JOR,NY.GDP.MKTP.KD.ZG,1982,7.02594338703244
JOR,NY.GDP.MKTP.KD.ZG,1981,17.1787174397625
JOR,NY.GDP.MKTP.KD.ZG,1980,11.1848464618952
JOR,NY.GDP.MKTP.KD.ZG,1979,20.8029092647022
JOR,NY.GDP.MKTP.KD.ZG,1978,14.6795660169677
JOR,NY.GDP.MKTP.KD.ZG,1977,8.29840885389549
JOR,NY.GDP.MKTP.KD.ZG,1976,
JOR,NY.GDP.MKTP.KD.ZG,1975,
JOR,NY.GDP.MKTP.KD.ZG,1974,
JOR,NY.GDP.MKTP.KD.ZG,1973,
JOR,NY.GDP.MKTP.KD.ZG,1972,
JOR,NY.GDP.MKTP.KD.ZG,1971,
JOR,NY.GDP.MKTP.KD.ZG,1970,
JOR,NY.GDP.MKTP.KD.ZG,1969,
JOR,NY.GDP.MKTP.KD.ZG,1968,
JOR,NY.GDP.MKTP.KD.ZG,1967,
JOR,NY.GDP.MKTP.KD.ZG,1966,
JOR,NY.GDP.MKTP.KD.ZG,1965,
JOR,NY.GDP.MKTP.KD.ZG,1964,
JOR,NY.GDP.MKTP.KD.ZG,1963,
JOR,NY.GDP.MKTP.KD.ZG,1962,
JOR,NY.GDP.MKTP.KD.ZG,1961,
JOR,NY.GDP.MKTP.KD.ZG,1960,
KAZ,NY.GDP.MKTP.KD.ZG,2025,
KAZ,NY.GDP.MKTP.KD.ZG,2024,4.99999999996936
KAZ,NY.GDP.MKTP.KD.ZG,2023,5.09999999973641
KAZ,NY.GDP.MKTP.KD.ZG,2022,3.19999999970734
KAZ,NY.GDP.MKTP.KD.ZG,2021,4.29999999729456
KAZ,NY.GDP.MKTP.KD.ZG,2020,-2.49999999628
KAZ,NY.GDP.MKTP.KD.ZG,2019,4.50000000091883
KAZ,NY.GDP.MKTP.KD.ZG,2018,4.09999999309841
KAZ,NY.GDP.MKTP.KD.ZG,2017,4.10000000257358
KAZ,NY.GDP.MKTP.KD.ZG,2016,1.09999999910173
KAZ,NY.GDP.MKTP.KD.ZG,2015,1.20000000053288
KAZ,NY.GDP.MKTP.KD.ZG,2014,4.20000000566705
KAZ,NY.GDP.MKTP.KD.ZG,2013,5.99999999671084
KAZ,NY.GDP.MKTP.KD.ZG,2012,4.79999999528297
KAZ,NY.GDP.MKTP.KD.ZG,2011,7.40000000144188
KAZ,NY.GDP.MKTP.KD.ZG,2010,7.30000000329814
KAZ,NY.GDP.MKTP.KD.ZG,2009,1.19999999942873
KAZ,NY.GDP.MKTP.KD.ZG,2008,3.30000000021091
KAZ,NY.GDP.MKTP.KD.ZG,2007,8.89999999999405
KAZ,NY.GDP.MKTP.KD.ZG,2006,10.7
KAZ,NY.GDP.MKTP.KD.ZG,2005,9.69999999922682
KAZ,NY.GDP.MKTP.KD.ZG,2004,9.60000000136854
KAZ,NY.GDP.MKTP.KD.ZG,2003,9.30000000033759
KAZ,NY.GDP.MKTP.KD.ZG,2002,9.79999999960842
KAZ,NY.GDP.MKTP.KD.ZG,2001,13.4999999984358
KAZ,NY.GDP.MKTP.KD.ZG,2000,9.80000000214156
KAZ,NY.GDP.MKTP.KD.ZG,1999,2.69999999784199
KAZ,NY.GDP.MKTP.KD.ZG,1998,-1.89999999942479
KAZ,NY.GDP.MKTP.KD.ZG,1997,1.69999999949513
KAZ,NY.GDP.MKTP.KD.ZG,1996,0.500000002073506
KAZ,NY.GDP.MKTP.KD.ZG,1995,-8.2000000011824
KAZ,NY.GDP.MKTP.KD.ZG,1994,-12.5999999983168
KAZ,NY.GDP.MKTP.KD.ZG,1993,-9.20000000203308
KAZ,NY.GDP.MKTP.KD.ZG,1992,-5.29999999893468
KAZ,NY.GDP.MKTP.KD.ZG,1991,-11.0000000016926
KAZ,NY.GDP.MKTP.KD.ZG,1990,
KAZ,NY.GDP.MKTP.KD.ZG,1989,
KAZ,NY.GDP.MKTP.KD.ZG,1988,
KAZ,NY.GDP.MKTP.KD.ZG,1987,
KAZ,NY.GDP.MKTP.KD.ZG,1986,
KAZ,NY.GDP.MKTP.KD.ZG,1985,
KAZ,NY.GDP.MKTP.KD.ZG,1984,
KAZ,NY.GDP.MKTP.KD.ZG,1983,
KAZ,NY.GDP.MKTP.KD.ZG,1982,
KAZ,NY.GDP.MKTP.KD.ZG,1981,
KAZ,NY.GDP.MKTP.KD.ZG,1980,
KAZ,NY.GDP.MKTP.KD.ZG,1979,
KAZ,NY.GDP.MKTP.KD.ZG,1978,
KAZ,NY.GDP.MKTP.KD.ZG,1977,
KAZ,NY.GDP.MKTP.KD.ZG,1976,
KAZ,NY.GDP.MKTP.KD.ZG,1975,
KAZ,NY.GDP.MKTP.KD.ZG,1974,
KAZ,NY.GDP.MKTP.KD.ZG,1973,
KAZ,NY.GDP.MKTP.KD.ZG,1972,
KAZ,NY.GDP.MKTP.KD.ZG,1971,
KAZ,NY.GDP.MKTP.KD.ZG,1970,
KAZ,NY.GDP.MKTP.KD.ZG,1969,
KAZ,NY.GDP.MKTP.KD.ZG,1968,
KAZ,NY.GDP.MKTP.KD.ZG,1967,
KAZ,NY.GDP.MKTP.KD.ZG,1966,
KAZ,NY.GDP.MKTP.KD.ZG,1965,
KAZ,NY.GDP.MKTP.KD.ZG,1964,
KAZ,NY.GDP.MKTP.KD.ZG,1963,
KAZ,NY.GDP.MKTP.KD.ZG,1962,
KAZ,NY.GDP.MKTP.KD.ZG,1961,
KAZ,NY.GDP.MKTP.KD.ZG,1960,
KEN,NY.GDP.MKTP.KD.ZG,2025,
KEN,NY.GDP.MKTP.KD.ZG,2024,4.72473994710138
KEN,NY.GDP.MKTP.KD.ZG,2023,5.71999241214208
KEN,NY.GDP.MKTP.KD.ZG,2022,4.85998104287999
KEN,NY.GDP.MKTP.KD.ZG,2021,7.59048947333467
KEN,NY.GDP.MKTP.KD.ZG,2020,-0.272766327438816
KEN,NY.GDP.MKTP.KD.ZG,2019,5.11415885767801
KEN,NY.GDP.MKTP.KD.ZG,2018,5.64794640709219
KEN,NY.GDP.MKTP.KD.ZG,2017,3.83795817364721
KEN,NY.GDP.MKTP.KD.ZG,2016,4.21351706814744
KEN,NY.GDP.MKTP.KD.ZG,2015,4.96772112759767
KEN,NY.GDP.MKTP.KD.ZG,2014,5.02011100232484
KEN,NY.GDP.MKTP.KD.ZG,2013,3.7978483925754
KEN,NY.GDP.MKTP.KD.ZG,2012,4.56867961444982
KEN,NY.GDP.MKTP.KD.ZG,2011,5.1211061197056
KEN,NY.GDP.MKTP.KD.ZG,2010,8.05847360290906
KEN,NY.GDP.MKTP.KD.ZG,2009,3.30693981631089
KEN,NY.GDP.MKTP.KD.ZG,2008,0.232282744812977
KEN,NY.GDP.MKTP.KD.ZG,2007,6.85072976998784
KEN,NY.GDP.MKTP.KD.ZG,2006,6.47249430015484
KEN,NY.GDP.MKTP.KD.ZG,2005,5.90666607980057
KEN,NY.GDP.MKTP.KD.ZG,2004,5.10429977629738
KEN,NY.GDP.MKTP.KD.ZG,2003,2.93247554570904
KEN,NY.GDP.MKTP.KD.ZG,2002,0.546859530175595
KEN,NY.GDP.MKTP.KD.ZG,2001,3.77990649795343
KEN,NY.GDP.MKTP.KD.ZG,2000,0.599695390807426
KEN,NY.GDP.MKTP.KD.ZG,1999,2.30538859522412
KEN,NY.GDP.MKTP.KD.ZG,1998,3.29021372249065
KEN,NY.GDP.MKTP.KD.ZG,1997,0.474901921293579
KEN,NY.GDP.MKTP.KD.ZG,1996,4.14683926876013
KEN,NY.GDP.MKTP.KD.ZG,1995,4.40621652482287
KEN,NY.GDP.MKTP.KD.ZG,1994,2.632784517837
KEN,NY.GDP.MKTP.KD.ZG,1993,0.353197256227247
KEN,NY.GDP.MKTP.KD.ZG,1992,-0.799493958641349
KEN,NY.GDP.MKTP.KD.ZG,1991,1.43834679171559
KEN,NY.GDP.MKTP.KD.ZG,1990,4.19205097155167
KEN,NY.GDP.MKTP.KD.ZG,1989,4.69034876792047
KEN,NY.GDP.MKTP.KD.ZG,1988,6.20318382314591
KEN,NY.GDP.MKTP.KD.ZG,1987,5.93710744420895
KEN,NY.GDP.MKTP.KD.ZG,1986,7.17755539065963
KEN,NY.GDP.MKTP.KD.ZG,1985,4.30056181879613
KEN,NY.GDP.MKTP.KD.ZG,1984,1.75521697703473
KEN,NY.GDP.MKTP.KD.ZG,1983,1.3090502411486
KEN,NY.GDP.MKTP.KD.ZG,1982,1.50647825757706
KEN,NY.GDP.MKTP.KD.ZG,1981,3.77354419402822
KEN,NY.GDP.MKTP.KD.ZG,1980,5.5919762059677
KEN,NY.GDP.MKTP.KD.ZG,1979,7.61522604591983
KEN,NY.GDP.MKTP.KD.ZG,1978,6.91249354626197
KEN,NY.GDP.MKTP.KD.ZG,1977,9.45379784408087
KEN,NY.GDP.MKTP.KD.ZG,1976,2.15396450322561
KEN,NY.GDP.MKTP.KD.ZG,1975,0.882203175319148
KEN,NY.GDP.MKTP.KD.ZG,1974,4.06561734893735
KEN,NY.GDP.MKTP.KD.ZG,1973,5.89658021016672
KEN,NY.GDP.MKTP.KD.ZG,1972,17.082429349983
KEN,NY.GDP.MKTP.KD.ZG,1971,22.1738919255764
KEN,NY.GDP.MKTP.KD.ZG,1970,-4.65544691647621
KEN,NY.GDP.MKTP.KD.ZG,1969,7.9592244594956
KEN,NY.GDP.MKTP.KD.ZG,1968,7.9826899693479
KEN,NY.GDP.MKTP.KD.ZG,1967,3.36123203258556
KEN,NY.GDP.MKTP.KD.ZG,1966,14.7285664015687
KEN,NY.GDP.MKTP.KD.ZG,1965,2.00909417103099
KEN,NY.GDP.MKTP.KD.ZG,1964,4.96446728844091
KEN,NY.GDP.MKTP.KD.ZG,1963,8.77834021621184
KEN,NY.GDP.MKTP.KD.ZG,1962,9.45735874072126
KEN,NY.GDP.MKTP.KD.ZG,1961,-7.77463490371655
KEN,NY.GDP.MKTP.KD.ZG,1960,
KIR,NY.GDP.MKTP.KD.ZG,2025,
KIR,NY.GDP.MKTP.KD.ZG,2024,5.26689747917099
KIR,NY.GDP.MKTP.KD.ZG,2023,2.65201087489879
KIR,NY.GDP.MKTP.KD.ZG,2022,4.56632593100372
KIR,NY.GDP.MKTP.KD.ZG,2021,8.47973787138213
KIR,NY.GDP.MKTP.KD.ZG,2020,-1.46805538131593
KIR,NY.GDP.MKTP.KD.ZG,2019,3.26425930432951
KIR,NY.GDP.MKTP.KD.ZG,2018,3.47943880004293
KIR,NY.GDP.MKTP.KD.ZG,2017,3.74913001948165
KIR,NY.GDP.MKTP.KD.ZG,2016,7.08802960050427
KIR,NY.GDP.MKTP.KD.ZG,2015,11.2653312371772
KIR,NY.GDP.MKTP.KD.ZG,2014,1.26366268044595
KIR,NY.GDP.MKTP.KD.ZG,2013,7.73092188699647
KIR,NY.GDP.MKTP.KD.ZG,2012,5.80365974645258
KIR,NY.GDP.MKTP.KD.ZG,2011,3.26372719532225
KIR,NY.GDP.MKTP.KD.ZG,2010,1.2259519892488
KIR,NY.GDP.MKTP.KD.ZG,2009,0.536801194648319
KIR,NY.GDP.MKTP.KD.ZG,2008,-2.98473121631831
KIR,NY.GDP.MKTP.KD.ZG,2007,3.05507981566669
KIR,NY.GDP.MKTP.KD.ZG,2006,5.77693449836185
KIR,NY.GDP.MKTP.KD.ZG,2005,1.29243029465849
KIR,NY.GDP.MKTP.KD.ZG,2004,-0.608967597152244
KIR,NY.GDP.MKTP.KD.ZG,2003,-1.57546689217141
KIR,NY.GDP.MKTP.KD.ZG,2002,1.44715494184476
KIR,NY.GDP.MKTP.KD.ZG,2001,-3.14412917759699
KIR,NY.GDP.MKTP.KD.ZG,2000,6.74266531257052
KIR,NY.GDP.MKTP.KD.ZG,1999,-3.91423190476861
KIR,NY.GDP.MKTP.KD.ZG,1998,4.44227399222601
KIR,NY.GDP.MKTP.KD.ZG,1997,1.17713309543956
KIR,NY.GDP.MKTP.KD.ZG,1996,-0.052046772241269
KIR,NY.GDP.MKTP.KD.ZG,1995,2.75220829710202
KIR,NY.GDP.MKTP.KD.ZG,1994,2.04525656211744
KIR,NY.GDP.MKTP.KD.ZG,1993,-0.103994679118841
KIR,NY.GDP.MKTP.KD.ZG,1992,23.9592331951046
KIR,NY.GDP.MKTP.KD.ZG,1991,-5.64868397369625
KIR,NY.GDP.MKTP.KD.ZG,1990,-6.38533433567764
KIR,NY.GDP.MKTP.KD.ZG,1989,-7.29244160715844
KIR,NY.GDP.MKTP.KD.ZG,1988,22.0454150997514
KIR,NY.GDP.MKTP.KD.ZG,1987,1.29273394156704
KIR,NY.GDP.MKTP.KD.ZG,1986,-2.4657236254406
KIR,NY.GDP.MKTP.KD.ZG,1985,-13.2401226513068
KIR,NY.GDP.MKTP.KD.ZG,1984,13.9184874692011
KIR,NY.GDP.MKTP.KD.ZG,1983,-9.77794175437276
KIR,NY.GDP.MKTP.KD.ZG,1982,-1.09015193891933
KIR,NY.GDP.MKTP.KD.ZG,1981,6.12219427064029
KIR,NY.GDP.MKTP.KD.ZG,1980,-1.0793657199724
KIR,NY.GDP.MKTP.KD.ZG,1979,-11.584994159295
KIR,NY.GDP.MKTP.KD.ZG,1978,1.05959352122285
KIR,NY.GDP.MKTP.KD.ZG,1977,-4.61262962866989
KIR,NY.GDP.MKTP.KD.ZG,1976,-26.768232358117
KIR,NY.GDP.MKTP.KD.ZG,1975,5.34441976886055
KIR,NY.GDP.MKTP.KD.ZG,1974,45.3027533157077
KIR,NY.GDP.MKTP.KD.ZG,1973,20.9098828890047
KIR,NY.GDP.MKTP.KD.ZG,1972,12.0792270711954
KIR,NY.GDP.MKTP.KD.ZG,1971,-2.29006002273755
KIR,NY.GDP.MKTP.KD.ZG,1970,
KIR,NY.GDP.MKTP.KD.ZG,1969,
KIR,NY.GDP.MKTP.KD.ZG,1968,
KIR,NY.GDP.MKTP.KD.ZG,1967,
KIR,NY.GDP.MKTP.KD.ZG,1966,
KIR,NY.GDP.MKTP.KD.ZG,1965,
KIR,NY.GDP.MKTP.KD.ZG,1964,
KIR,NY.GDP.MKTP.KD.ZG,1963,
KIR,NY.GDP.MKTP.KD.ZG,1962,
KIR,NY.GDP.MKTP.KD.ZG,1961,
KIR,NY.GDP.MKTP.KD.ZG,1960,
PRK,NY.GDP.MKTP.KD.ZG,2025,
PRK,NY.GDP.MKTP.KD.ZG,2024,
PRK,NY.GDP.MKTP.KD.ZG,2023,
PRK,NY.GDP.MKTP.KD.ZG,2022,
PRK,NY.GDP.MKTP.KD.ZG,2021,
PRK,NY.GDP.MKTP.KD.ZG,2020,
PRK,NY.GDP.MKTP.KD.ZG,2019,
PRK,NY.GDP.MKTP.KD.ZG,2018,
PRK,NY.GDP.MKTP.KD.ZG,2017,
PRK,NY.GDP.MKTP.KD.ZG,2016,
PRK,NY.GDP.MKTP.KD.ZG,2015,
PRK,NY.GDP.MKTP.KD.ZG,2014,
PRK,NY.GDP.MKTP.KD.ZG,2013,
PRK,NY.GDP.MKTP.KD.ZG,2012,
PRK,NY.GDP.MKTP.KD.ZG,2011,
PRK,NY.GDP.MKTP.KD.ZG,2010,
PRK,NY.GDP.MKTP.KD.ZG,2009,
PRK,NY.GDP.MKTP.KD.ZG,2008,
PRK,NY.GDP.MKTP.KD.ZG,2007,
PRK,NY.GDP.MKTP.KD.ZG,2006,
PRK,NY.GDP.MKTP.KD.ZG,2005,
PRK,NY.GDP.MKTP.KD.ZG,2004,
PRK,NY.GDP.MKTP.KD.ZG,2003,
PRK,NY.GDP.MKTP.KD.ZG,2002,
PRK,NY.GDP.MKTP.KD.ZG,2001,
PRK,NY.GDP.MKTP.KD.ZG,2000,
PRK,NY.GDP.MKTP.KD.ZG,1999,
PRK,NY.GDP.MKTP.KD.ZG,1998,
PRK,NY.GDP.MKTP.KD.ZG,1997,
PRK,NY.GDP.MKTP.KD.ZG,1996,
PRK,NY.GDP.MKTP.KD.ZG,1995,
PRK,NY.GDP.MKTP.KD.ZG,1994,
PRK,NY.GDP.MKTP.KD.ZG,1993,
PRK,NY.GDP.MKTP.KD.ZG,1992,
PRK,NY.GDP.MKTP.KD.ZG,1991,
PRK,NY.GDP.MKTP.KD.ZG,1990,
PRK,NY.GDP.MKTP.KD.ZG,1989,
PRK,NY.GDP.MKTP.KD.ZG,1988,
PRK,NY.GDP.MKTP.KD.ZG,1987,
PRK,NY.GDP.MKTP.KD.ZG,1986,
PRK,NY.GDP.MKTP.KD.ZG,1985,
PRK,NY.GDP.MKTP.KD.ZG,1984,
PRK,NY.GDP.MKTP.KD.ZG,1983,
PRK,NY.GDP.MKTP.KD.ZG,1982,
PRK,NY.GDP.MKTP.KD.ZG,1981,
PRK,NY.GDP.MKTP.KD.ZG,1980,
PRK,NY.GDP.MKTP.KD.ZG,1979,
PRK,NY.GDP.MKTP.KD.ZG,1978,
PRK,NY.GDP.MKTP.KD.ZG,1977,
PRK,NY.GDP.MKTP.KD.ZG,1976,
PRK,NY.GDP.MKTP.KD.ZG,1975,
PRK,NY.GDP.MKTP.KD.ZG,1974,
PRK,NY.GDP.MKTP.KD.ZG,1973,
PRK,NY.GDP.MKTP.KD.ZG,1972,
PRK,NY.GDP.MKTP.KD.ZG,1971,
PRK,NY.GDP.MKTP.KD.ZG,1970,
PRK,NY.GDP.MKTP.KD.ZG,1969,
PRK,NY.GDP.MKTP.KD.ZG,1968,
PRK,NY.GDP.MKTP.KD.ZG,1967,
PRK,NY.GDP.MKTP.KD.ZG,1966,
PRK,NY.GDP.MKTP.KD.ZG,1965,
PRK,NY.GDP.MKTP.KD.ZG,1964,
PRK,NY.GDP.MKTP.KD.ZG,1963,
PRK,NY.GDP.MKTP.KD.ZG,1962,
PRK,NY.GDP.MKTP.KD.ZG,1961,
PRK,NY.GDP.MKTP.KD.ZG,1960,
KOR,NY.GDP.MKTP.KD.ZG,2025,
KOR,NY.GDP.MKTP.KD.ZG,2024,2.00361101838986
KOR,NY.GDP.MKTP.KD.ZG,2023,1.58301467403629
KOR,NY.GDP.MKTP.KD.ZG,2022,2.72756456708991
KOR,NY.GDP.MKTP.KD.ZG,2021,4.61296795454287
KOR,NY.GDP.MKTP.KD.ZG,2020,-0.700242317542106
KOR,NY.GDP.MKTP.KD.ZG,2019,2.31380210595475
KOR,NY.GDP.MKTP.KD.ZG,2018,3.17611568177327
KOR,NY.GDP.MKTP.KD.ZG,2017,3.433191763972
KOR,NY.GDP.MKTP.KD.ZG,2016,3.17152748983935
KOR,NY.GDP.MKTP.KD.ZG,2015,2.92029267301234
KOR,NY.GDP.MKTP.KD.ZG,2014,3.21468019683108
KOR,NY.GDP.MKTP.KD.ZG,2013,3.2913959543442
KOR,NY.GDP.MKTP.KD.ZG,2012,2.54766550568242
KOR,NY.GDP.MKTP.KD.ZG,2011,3.6880320602952
KOR,NY.GDP.MKTP.KD.ZG,2010,6.98166138853071
KOR,NY.GDP.MKTP.KD.ZG,2009,0.81986175641795
KOR,NY.GDP.MKTP.KD.ZG,2008,3.00440451679569
KOR,NY.GDP.MKTP.KD.ZG,2007,5.8419633918717
KOR,NY.GDP.MKTP.KD.ZG,2006,5.24500550580342
KOR,NY.GDP.MKTP.KD.ZG,2005,4.35823667337156
KOR,NY.GDP.MKTP.KD.ZG,2004,5.1836368597334
KOR,NY.GDP.MKTP.KD.ZG,2003,3.07472661826947
KOR,NY.GDP.MKTP.KD.ZG,2002,7.74399895319569
KOR,NY.GDP.MKTP.KD.ZG,2001,4.72593560322356
KOR,NY.GDP.MKTP.KD.ZG,2000,9.2018583880479
KOR,NY.GDP.MKTP.KD.ZG,1999,11.6172629559591
KOR,NY.GDP.MKTP.KD.ZG,1998,-4.9389297463141
KOR,NY.GDP.MKTP.KD.ZG,1997,6.2821926537929
KOR,NY.GDP.MKTP.KD.ZG,1996,7.99042982526839
KOR,NY.GDP.MKTP.KD.ZG,1995,9.7358937505409
KOR,NY.GDP.MKTP.KD.ZG,1994,9.3718357757101
KOR,NY.GDP.MKTP.KD.ZG,1993,6.99471791742556
KOR,NY.GDP.MKTP.KD.ZG,1992,6.35159199606441
KOR,NY.GDP.MKTP.KD.ZG,1991,10.8749739277708
KOR,NY.GDP.MKTP.KD.ZG,1990,10.0248996213899
KOR,NY.GDP.MKTP.KD.ZG,1989,7.16501737923842
KOR,NY.GDP.MKTP.KD.ZG,1988,12.1331951107172
KOR,NY.GDP.MKTP.KD.ZG,1987,12.8922089918574
KOR,NY.GDP.MKTP.KD.ZG,1986,11.50298504807
KOR,NY.GDP.MKTP.KD.ZG,1985,7.93879547760545
KOR,NY.GDP.MKTP.KD.ZG,1984,10.6366054976723
KOR,NY.GDP.MKTP.KD.ZG,1983,13.4668057465528
KOR,NY.GDP.MKTP.KD.ZG,1982,8.46826958565821
KOR,NY.GDP.MKTP.KD.ZG,1981,7.40382133739918
KOR,NY.GDP.MKTP.KD.ZG,1980,-1.52426391001066
KOR,NY.GDP.MKTP.KD.ZG,1979,8.73691533999403
KOR,NY.GDP.MKTP.KD.ZG,1978,11.0694555184031
KOR,NY.GDP.MKTP.KD.ZG,1977,12.3772941278967
KOR,NY.GDP.MKTP.KD.ZG,1976,13.2631948828989
KOR,NY.GDP.MKTP.KD.ZG,1975,7.93151191415265
KOR,NY.GDP.MKTP.KD.ZG,1974,9.64890876792887
KOR,NY.GDP.MKTP.KD.ZG,1973,14.9746910473879
KOR,NY.GDP.MKTP.KD.ZG,1972,7.33682343209188
KOR,NY.GDP.MKTP.KD.ZG,1971,10.6514008040897
KOR,NY.GDP.MKTP.KD.ZG,1970,10.1670415997143
KOR,NY.GDP.MKTP.KD.ZG,1969,14.5906815127852
KOR,NY.GDP.MKTP.KD.ZG,1968,13.222886263609
KOR,NY.GDP.MKTP.KD.ZG,1967,9.15142541597389
KOR,NY.GDP.MKTP.KD.ZG,1966,12.0079930944014
KOR,NY.GDP.MKTP.KD.ZG,1965,7.31363967906637
KOR,NY.GDP.MKTP.KD.ZG,1964,9.42671363350965
KOR,NY.GDP.MKTP.KD.ZG,1963,9.00980852779276
KOR,NY.GDP.MKTP.KD.ZG,1962,3.92175773832845
KOR,NY.GDP.MKTP.KD.ZG,1961,6.9203873483396
KOR,NY.GDP.MKTP.KD.ZG,1960,
XKX,NY.GDP.MKTP.KD.ZG,2025,
XKX,NY.GDP.MKTP.KD.ZG,2024,4.5730971681166
XKX,NY.GDP.MKTP.KD.ZG,2023,4.06762701436438
XKX,NY.GDP.MKTP.KD.ZG,2022,4.27849895827543
XKX,NY.GDP.MKTP.KD.ZG,2021,10.7456560819583
XKX,NY.GDP.MKTP.KD.ZG,2020,-5.34027547826166
XKX,NY.GDP.MKTP.KD.ZG,2019,4.75680057007834
XKX,NY.GDP.MKTP.KD.ZG,2018,3.40663227056285
XKX,NY.GDP.MKTP.KD.ZG,2017,4.82565565298054
XKX,NY.GDP.MKTP.KD.ZG,2016,5.57177504731632
XKX,NY.GDP.MKTP.KD.ZG,2015,5.91623128345211
XKX,NY.GDP.MKTP.KD.ZG,2014,3.34880478431623
XKX,NY.GDP.MKTP.KD.ZG,2013,5.34079911900278
XKX,NY.GDP.MKTP.KD.ZG,2012,1.71219595890548
XKX,NY.GDP.MKTP.KD.ZG,2011,6.31981022896761
XKX,NY.GDP.MKTP.KD.ZG,2010,4.93995095961395
XKX,NY.GDP.MKTP.KD.ZG,2009,5.03485413839893
XKX,NY.GDP.MKTP.KD.ZG,2008,
XKX,NY.GDP.MKTP.KD.ZG,2007,
XKX,NY.GDP.MKTP.KD.ZG,2006,
XKX,NY.GDP.MKTP.KD.ZG,2005,
XKX,NY.GDP.MKTP.KD.ZG,2004,
XKX,NY.GDP.MKTP.KD.ZG,2003,
XKX,NY.GDP.MKTP.KD.ZG,2002,
XKX,NY.GDP.MKTP.KD.ZG,2001,
XKX,NY.GDP.MKTP.KD.ZG,2000,
XKX,NY.GDP.MKTP.KD.ZG,1999,
XKX,NY.GDP.MKTP.KD.ZG,1998,
XKX,NY.GDP.MKTP.KD.ZG,1997,
XKX,NY.GDP.MKTP.KD.ZG,1996,
XKX,NY.GDP.MKTP.KD.ZG,1995,
XKX,NY.GDP.MKTP.KD.ZG,1994,
XKX,NY.GDP.MKTP.KD.ZG,1993,
XKX,NY.GDP.MKTP.KD.ZG,1992,
XKX,NY.GDP.MKTP.KD.ZG,1991,
XKX,NY.GDP.MKTP.KD.ZG,1990,
XKX,NY.GDP.MKTP.KD.ZG,1989,
XKX,NY.GDP.MKTP.KD.ZG,1988,
XKX,NY.GDP.MKTP.KD.ZG,1987,
XKX,NY.GDP.MKTP.KD.ZG,1986,
XKX,NY.GDP.MKTP.KD.ZG,1985,
XKX,NY.GDP.MKTP.KD.ZG,1984,
XKX,NY.GDP.MKTP.KD.ZG,1983,
XKX,NY.GDP.MKTP.KD.ZG,1982,
XKX,NY.GDP.MKTP.KD.ZG,1981,
XKX,NY.GDP.MKTP.KD.ZG,1980,
XKX,NY.GDP.MKTP.KD.ZG,1979,
XKX,NY.GDP.MKTP.KD.ZG,1978,
XKX,NY.GDP.MKTP.KD.ZG,1977,
XKX,NY.GDP.MKTP.KD.ZG,1976,
XKX,NY.GDP.MKTP.KD.ZG,1975,
XKX,NY.GDP.MKTP.KD.ZG,1974,
XKX,NY.GDP.MKTP.KD.ZG,1973,
XKX,NY.GDP.MKTP.KD.ZG,1972,
XKX,NY.GDP.MKTP.KD.ZG,1971,
XKX,NY.GDP.MKTP.KD.ZG,1970,
XKX,NY.GDP.MKTP.KD.ZG,1969,
XKX,NY.GDP.MKTP.KD.ZG,1968,
XKX,NY.GDP.MKTP.KD.ZG,1967,
XKX,NY.GDP.MKTP.KD.ZG,1966,
XKX,NY.GDP.MKTP.KD.ZG,1965,
XKX,NY.GDP.MKTP.KD.ZG,1964,
XKX,NY.GDP.MKTP.KD.ZG,1963,
XKX,NY.GDP.MKTP.KD.ZG,1962,
XKX,NY.GDP.MKTP.KD.ZG,1961,
XKX,NY.GDP.MKTP.KD.ZG,1960,
KWT,NY.GDP.MKTP.KD.ZG,2025,
KWT,NY.GDP.MKTP.KD.ZG,2024,-2.56011099967517
KWT,NY.GDP.MKTP.KD.ZG,2023,-1.6672059801285
KWT,NY.GDP.MKTP.KD.ZG,2022,6.75866711966617
KWT,NY.GDP.MKTP.KD.ZG,2021,1.67213054307859
KWT,NY.GDP.MKTP.KD.ZG,2020,-4.81731593381585
KWT,NY.GDP.MKTP.KD.ZG,2019,2.26381706595791
KWT,NY.GDP.MKTP.KD.ZG,2018,2.74333045031415
KWT,NY.GDP.MKTP.KD.ZG,2017,-4.71222270495362
KWT,NY.GDP.MKTP.KD.ZG,2016,2.92607584256388
KWT,NY.GDP.MKTP.KD.ZG,2015,0.592770817217982
KWT,NY.GDP.MKTP.KD.ZG,2014,0.500914669444924
KWT,NY.GDP.MKTP.KD.ZG,2013,1.14946552780648
KWT,NY.GDP.MKTP.KD.ZG,2012,6.62587485078971
KWT,NY.GDP.MKTP.KD.ZG,2011,9.62863419534361
KWT,NY.GDP.MKTP.KD.ZG,2010,-2.37054804425912
KWT,NY.GDP.MKTP.KD.ZG,2009,-7.07605643073411
KWT,NY.GDP.MKTP.KD.ZG,2008,2.47975694278544
KWT,NY.GDP.MKTP.KD.ZG,2007,5.99157551059315
KWT,NY.GDP.MKTP.KD.ZG,2006,7.51477300024021
KWT,NY.GDP.MKTP.KD.ZG,2005,10.6090449840228
KWT,NY.GDP.MKTP.KD.ZG,2004,10.2402980586354
KWT,NY.GDP.MKTP.KD.ZG,2003,17.3260204175143
KWT,NY.GDP.MKTP.KD.ZG,2002,3.01428315192251
KWT,NY.GDP.MKTP.KD.ZG,2001,0.213332576499354
KWT,NY.GDP.MKTP.KD.ZG,2000,4.69458187079211
KWT,NY.GDP.MKTP.KD.ZG,1999,-1.78900912450079
KWT,NY.GDP.MKTP.KD.ZG,1998,3.66205472795443
KWT,NY.GDP.MKTP.KD.ZG,1997,2.47332525804084
KWT,NY.GDP.MKTP.KD.ZG,1996,0.605127158807079
KWT,NY.GDP.MKTP.KD.ZG,1995,4.85829125202741
KWT,NY.GDP.MKTP.KD.ZG,1994,8.43616564472201
KWT,NY.GDP.MKTP.KD.ZG,1993,33.9904675559008
KWT,NY.GDP.MKTP.KD.ZG,1992,82.8093290262528
KWT,NY.GDP.MKTP.KD.ZG,1991,-41.007790668086
KWT,NY.GDP.MKTP.KD.ZG,1990,-26.2288925207873
KWT,NY.GDP.MKTP.KD.ZG,1989,25.8928571450524
KWT,NY.GDP.MKTP.KD.ZG,1988,-10.0526170080749
KWT,NY.GDP.MKTP.KD.ZG,1987,8.14615154374816
KWT,NY.GDP.MKTP.KD.ZG,1986,8.56771256493248
KWT,NY.GDP.MKTP.KD.ZG,1985,-4.26459143817853
KWT,NY.GDP.MKTP.KD.ZG,1984,5.241605241467
KWT,NY.GDP.MKTP.KD.ZG,1983,7.93847241856736
KWT,NY.GDP.MKTP.KD.ZG,1982,-11.7491028182833
KWT,NY.GDP.MKTP.KD.ZG,1981,-18.9247311849823
KWT,NY.GDP.MKTP.KD.ZG,1980,-19.4107452350066
KWT,NY.GDP.MKTP.KD.ZG,1979,13.8992104051842
KWT,NY.GDP.MKTP.KD.ZG,1978,7.35477437313764
KWT,NY.GDP.MKTP.KD.ZG,1977,-3.84753686100728
KWT,NY.GDP.MKTP.KD.ZG,1976,6.6061845107545
KWT,NY.GDP.MKTP.KD.ZG,1975,-12.2744086966918
KWT,NY.GDP.MKTP.KD.ZG,1974,-12.9913196130423
KWT,NY.GDP.MKTP.KD.ZG,1973,-6.57007472476863
KWT,NY.GDP.MKTP.KD.ZG,1972,3.90077636977662
KWT,NY.GDP.MKTP.KD.ZG,1971,7.04368095489498
KWT,NY.GDP.MKTP.KD.ZG,1970,
KWT,NY.GDP.MKTP.KD.ZG,1969,
KWT,NY.GDP.MKTP.KD.ZG,1968,
KWT,NY.GDP.MKTP.KD.ZG,1967,
KWT,NY.GDP.MKTP.KD.ZG,1966,
KWT,NY.GDP.MKTP.KD.ZG,1965,
KWT,NY.GDP.MKTP.KD.ZG,1964,
KWT,NY.GDP.MKTP.KD.ZG,1963,
KWT,NY.GDP.MKTP.KD.ZG,1962,
KWT,NY.GDP.MKTP.KD.ZG,1961,
KWT,NY.GDP.MKTP.KD.ZG,1960,
KGZ,NY.GDP.MKTP.KD.ZG,2025,
KGZ,NY.GDP.MKTP.KD.ZG,2024,9.04013556120012
KGZ,NY.GDP.MKTP.KD.ZG,2023,9.0132928339342
KGZ,NY.GDP.MKTP.KD.ZG,2022,8.96750520041391
KGZ,NY.GDP.MKTP.KD.ZG,2021,5.50700762671923
KGZ,NY.GDP.MKTP.KD.ZG,2020,-7.14897757727955
KGZ,NY.GDP.MKTP.KD.ZG,2019,4.60062565707598
KGZ,NY.GDP.MKTP.KD.ZG,2018,3.75791013557165
KGZ,NY.GDP.MKTP.KD.ZG,2017,4.73993722377884
KGZ,NY.GDP.MKTP.KD.ZG,2016,4.33585592190116
KGZ,NY.GDP.MKTP.KD.ZG,2015,3.87582544512439
KGZ,NY.GDP.MKTP.KD.ZG,2014,4.02403863083252
KGZ,NY.GDP.MKTP.KD.ZG,2013,10.9154694528045
KGZ,NY.GDP.MKTP.KD.ZG,2012,-0.0881501998439376
KGZ,NY.GDP.MKTP.KD.ZG,2011,5.95627429693504
KGZ,NY.GDP.MKTP.KD.ZG,2010,-0.471566596791618
KGZ,NY.GDP.MKTP.KD.ZG,2009,2.88629457537731
KGZ,NY.GDP.MKTP.KD.ZG,2008,8.40161604861429
KGZ,NY.GDP.MKTP.KD.ZG,2007,8.54287477507607
KGZ,NY.GDP.MKTP.KD.ZG,2006,3.10289874199981
KGZ,NY.GDP.MKTP.KD.ZG,2005,-0.175515404044219
KGZ,NY.GDP.MKTP.KD.ZG,2004,7.02681242497607
KGZ,NY.GDP.MKTP.KD.ZG,2003,7.03029319731168
KGZ,NY.GDP.MKTP.KD.ZG,2002,-0.0173246130360667
KGZ,NY.GDP.MKTP.KD.ZG,2001,5.32162141190466
KGZ,NY.GDP.MKTP.KD.ZG,2000,5.44333663288322
KGZ,NY.GDP.MKTP.KD.ZG,1999,3.655789399748
KGZ,NY.GDP.MKTP.KD.ZG,1998,2.12183528473682
KGZ,NY.GDP.MKTP.KD.ZG,1997,9.91525389550945
KGZ,NY.GDP.MKTP.KD.ZG,1996,7.08450239536558
KGZ,NY.GDP.MKTP.KD.ZG,1995,-5.4238219222602
KGZ,NY.GDP.MKTP.KD.ZG,1994,-20.0851588393243
KGZ,NY.GDP.MKTP.KD.ZG,1993,-15.4593282242512
KGZ,NY.GDP.MKTP.KD.ZG,1992,-13.8378377984379
KGZ,NY.GDP.MKTP.KD.ZG,1991,-7.94392523772915
KGZ,NY.GDP.MKTP.KD.ZG,1990,5.70279663301396
KGZ,NY.GDP.MKTP.KD.ZG,1989,2.78975093876642
KGZ,NY.GDP.MKTP.KD.ZG,1988,13.2000300558198
KGZ,NY.GDP.MKTP.KD.ZG,1987,3.2999683719047
KGZ,NY.GDP.MKTP.KD.ZG,1986,
KGZ,NY.GDP.MKTP.KD.ZG,1985,
KGZ,NY.GDP.MKTP.KD.ZG,1984,
KGZ,NY.GDP.MKTP.KD.ZG,1983,
KGZ,NY.GDP.MKTP.KD.ZG,1982,
KGZ,NY.GDP.MKTP.KD.ZG,1981,
KGZ,NY.GDP.MKTP.KD.ZG,1980,
KGZ,NY.GDP.MKTP.KD.ZG,1979,
KGZ,NY.GDP.MKTP.KD.ZG,1978,
KGZ,NY.GDP.MKTP.KD.ZG,1977,
KGZ,NY.GDP.MKTP.KD.ZG,1976,
KGZ,NY.GDP.MKTP.KD.ZG,1975,
KGZ,NY.GDP.MKTP.KD.ZG,1974,
KGZ,NY.GDP.MKTP.KD.ZG,1973,
KGZ,NY.GDP.MKTP.KD.ZG,1972,
KGZ,NY.GDP.MKTP.KD.ZG,1971,
KGZ,NY.GDP.MKTP.KD.ZG,1970,
KGZ,NY.GDP.MKTP.KD.ZG,1969,
KGZ,NY.GDP.MKTP.KD.ZG,1968,
KGZ,NY.GDP.MKTP.KD.ZG,1967,
KGZ,NY.GDP.MKTP.KD.ZG,1966,
KGZ,NY.GDP.MKTP.KD.ZG,1965,
KGZ,NY.GDP.MKTP.KD.ZG,1964,
KGZ,NY.GDP.MKTP.KD.ZG,1963,
KGZ,NY.GDP.MKTP.KD.ZG,1962,
KGZ,NY.GDP.MKTP.KD.ZG,1961,
KGZ,NY.GDP.MKTP.KD.ZG,1960,
LAO,NY.GDP.MKTP.KD.ZG,2025,
LAO,NY.GDP.MKTP.KD.ZG,2024,4.13019264436937
LAO,NY.GDP.MKTP.KD.ZG,2023,3.74568140158232
LAO,NY.GDP.MKTP.KD.ZG,2022,2.70742652643155
LAO,NY.GDP.MKTP.KD.ZG,2021,2.52835100486102
LAO,NY.GDP.MKTP.KD.ZG,2020,0.503031829018681
LAO,NY.GDP.MKTP.KD.ZG,2019,5.4577350924848
LAO,NY.GDP.MKTP.KD.ZG,2018,6.24796000755872
LAO,NY.GDP.MKTP.KD.ZG,2017,6.8925308726989
LAO,NY.GDP.MKTP.KD.ZG,2016,7.02283625501138
LAO,NY.GDP.MKTP.KD.ZG,2015,7.27006584373785
LAO,NY.GDP.MKTP.KD.ZG,2014,7.61196343979319
LAO,NY.GDP.MKTP.KD.ZG,2013,8.02630022699017
LAO,NY.GDP.MKTP.KD.ZG,2012,8.02609843461283
LAO,NY.GDP.MKTP.KD.ZG,2011,8.03865268023725
LAO,NY.GDP.MKTP.KD.ZG,2010,8.52690551739717
LAO,NY.GDP.MKTP.KD.ZG,2009,7.50177491225853
LAO,NY.GDP.MKTP.KD.ZG,2008,7.82490276337012
LAO,NY.GDP.MKTP.KD.ZG,2007,7.59682880054878
LAO,NY.GDP.MKTP.KD.ZG,2006,8.61926620832807
LAO,NY.GDP.MKTP.KD.ZG,2005,7.10756836811267
LAO,NY.GDP.MKTP.KD.ZG,2004,6.35769548008234
LAO,NY.GDP.MKTP.KD.ZG,2003,6.06700230344272
LAO,NY.GDP.MKTP.KD.ZG,2002,5.91874368370564
LAO,NY.GDP.MKTP.KD.ZG,2001,5.75141287983195
LAO,NY.GDP.MKTP.KD.ZG,2000,5.79878232861959
LAO,NY.GDP.MKTP.KD.ZG,1999,7.30637607138169
LAO,NY.GDP.MKTP.KD.ZG,1998,3.96760809197698
LAO,NY.GDP.MKTP.KD.ZG,1997,6.87209127120695
LAO,NY.GDP.MKTP.KD.ZG,1996,6.9283237283322
LAO,NY.GDP.MKTP.KD.ZG,1995,7.03125432419004
LAO,NY.GDP.MKTP.KD.ZG,1994,8.15901853271809
LAO,NY.GDP.MKTP.KD.ZG,1993,5.91255655432118
LAO,NY.GDP.MKTP.KD.ZG,1992,5.55985776817542
LAO,NY.GDP.MKTP.KD.ZG,1991,4.29656364110154
LAO,NY.GDP.MKTP.KD.ZG,1990,6.70457869081514
LAO,NY.GDP.MKTP.KD.ZG,1989,14.1906366290998
LAO,NY.GDP.MKTP.KD.ZG,1988,-2.01020105305003
LAO,NY.GDP.MKTP.KD.ZG,1987,-1.42579238293395
LAO,NY.GDP.MKTP.KD.ZG,1986,4.88513326275412
LAO,NY.GDP.MKTP.KD.ZG,1985,5.06996394724837
LAO,NY.GDP.MKTP.KD.ZG,1984,
LAO,NY.GDP.MKTP.KD.ZG,1983,
LAO,NY.GDP.MKTP.KD.ZG,1982,
LAO,NY.GDP.MKTP.KD.ZG,1981,
LAO,NY.GDP.MKTP.KD.ZG,1980,
LAO,NY.GDP.MKTP.KD.ZG,1979,
LAO,NY.GDP.MKTP.KD.ZG,1978,
LAO,NY.GDP.MKTP.KD.ZG,1977,
LAO,NY.GDP.MKTP.KD.ZG,1976,
LAO,NY.GDP.MKTP.KD.ZG,1975,
LAO,NY.GDP.MKTP.KD.ZG,1974,
LAO,NY.GDP.MKTP.KD.ZG,1973,
LAO,NY.GDP.MKTP.KD.ZG,1972,
LAO,NY.GDP.MKTP.KD.ZG,1971,
LAO,NY.GDP.MKTP.KD.ZG,1970,
LAO,NY.GDP.MKTP.KD.ZG,1969,
LAO,NY.GDP.MKTP.KD.ZG,1968,
LAO,NY.GDP.MKTP.KD.ZG,1967,
LAO,NY.GDP.MKTP.KD.ZG,1966,
LAO,NY.GDP.MKTP.KD.ZG,1965,
LAO,NY.GDP.MKTP.KD.ZG,1964,
LAO,NY.GDP.MKTP.KD.ZG,1963,
LAO,NY.GDP.MKTP.KD.ZG,1962,
LAO,NY.GDP.MKTP.KD.ZG,1961,
LAO,NY.GDP.MKTP.KD.ZG,1960,
LVA,NY.GDP.MKTP.KD.ZG,2025,
LVA,NY.GDP.MKTP.KD.ZG,2024,-0.0461080109713521
LVA,NY.GDP.MKTP.KD.ZG,2023,-0.941606068823631
LVA,NY.GDP.MKTP.KD.ZG,2022,1.90853419029801
LVA,NY.GDP.MKTP.KD.ZG,2021,6.94254173062592
LVA,NY.GDP.MKTP.KD.ZG,2020,-3.46922750780554
LVA,NY.GDP.MKTP.KD.ZG,2019,0.675372771884227
LVA,NY.GDP.MKTP.KD.ZG,2018,4.30971286294503
LVA,NY.GDP.MKTP.KD.ZG,2017,3.39894872623931
LVA,NY.GDP.MKTP.KD.ZG,2016,2.55168601974034
LVA,NY.GDP.MKTP.KD.ZG,2015,3.78336712084972
LVA,NY.GDP.MKTP.KD.ZG,2014,2.0949597710559
LVA,NY.GDP.MKTP.KD.ZG,2013,2.09609028156248
LVA,NY.GDP.MKTP.KD.ZG,2012,7.30524057200897
LVA,NY.GDP.MKTP.KD.ZG,2011,3.03634482668815
LVA,NY.GDP.MKTP.KD.ZG,2010,-3.66125859554762
LVA,NY.GDP.MKTP.KD.ZG,2009,-16.0400195313042
LVA,NY.GDP.MKTP.KD.ZG,2008,-3.38871665849958
LVA,NY.GDP.MKTP.KD.ZG,2007,10.4145372792714
LVA,NY.GDP.MKTP.KD.ZG,2006,12.825017846905
LVA,NY.GDP.MKTP.KD.ZG,2005,11.6153178557457
LVA,NY.GDP.MKTP.KD.ZG,2004,8.72514341727928
LVA,NY.GDP.MKTP.KD.ZG,2003,8.42913257059108
LVA,NY.GDP.MKTP.KD.ZG,2002,7.66548778586991
LVA,NY.GDP.MKTP.KD.ZG,2001,6.46057826727287
LVA,NY.GDP.MKTP.KD.ZG,2000,5.84102642353959
LVA,NY.GDP.MKTP.KD.ZG,1999,2.81840455944993
LVA,NY.GDP.MKTP.KD.ZG,1998,6.55000264756266
LVA,NY.GDP.MKTP.KD.ZG,1997,9.17147634072084
LVA,NY.GDP.MKTP.KD.ZG,1996,2.29996103802466
LVA,NY.GDP.MKTP.KD.ZG,1995,-0.944760634359824
LVA,NY.GDP.MKTP.KD.ZG,1994,2.18991178652736
LVA,NY.GDP.MKTP.KD.ZG,1993,-4.98297984318212
LVA,NY.GDP.MKTP.KD.ZG,1992,-32.1185704640622
LVA,NY.GDP.MKTP.KD.ZG,1991,-12.5952217915855
LVA,NY.GDP.MKTP.KD.ZG,1990,
LVA,NY.GDP.MKTP.KD.ZG,1989,
LVA,NY.GDP.MKTP.KD.ZG,1988,
LVA,NY.GDP.MKTP.KD.ZG,1987,
LVA,NY.GDP.MKTP.KD.ZG,1986,
LVA,NY.GDP.MKTP.KD.ZG,1985,
LVA,NY.GDP.MKTP.KD.ZG,1984,
LVA,NY.GDP.MKTP.KD.ZG,1983,
LVA,NY.GDP.MKTP.KD.ZG,1982,
LVA,NY.GDP.MKTP.KD.ZG,1981,
LVA,NY.GDP.MKTP.KD.ZG,1980,
LVA,NY.GDP.MKTP.KD.ZG,1979,
LVA,NY.GDP.MKTP.KD.ZG,1978,
LVA,NY.GDP.MKTP.KD.ZG,1977,
LVA,NY.GDP.MKTP.KD.ZG,1976,
LVA,NY.GDP.MKTP.KD.ZG,1975,
LVA,NY.GDP.MKTP.KD.ZG,1974,
LVA,NY.GDP.MKTP.KD.ZG,1973,
LVA,NY.GDP.MKTP.KD.ZG,1972,
LVA,NY.GDP.MKTP.KD.ZG,1971,
LVA,NY.GDP.MKTP.KD.ZG,1970,
LVA,NY.GDP.MKTP.KD.ZG,1969,
LVA,NY.GDP.MKTP.KD.ZG,1968,
LVA,NY.GDP.MKTP.KD.ZG,1967,
LVA,NY.GDP.MKTP.KD.ZG,1966,
LVA,NY.GDP.MKTP.KD.ZG,1965,
LVA,NY.GDP.MKTP.KD.ZG,1964,
LVA,NY.GDP.MKTP.KD.ZG,1963,
LVA,NY.GDP.MKTP.KD.ZG,1962,
LVA,NY.GDP.MKTP.KD.ZG,1961,
LVA,NY.GDP.MKTP.KD.ZG,1960,
LBN,NY.GDP.MKTP.KD.ZG,2025,
LBN,NY.GDP.MKTP.KD.ZG,2024,
LBN,NY.GDP.MKTP.KD.ZG,2023,-0.760584470257314
LBN,NY.GDP.MKTP.KD.ZG,2022,-0.621678970663112
LBN,NY.GDP.MKTP.KD.ZG,2021,-7.00123862514116
LBN,NY.GDP.MKTP.KD.ZG,2020,-21.3998996914321
LBN,NY.GDP.MKTP.KD.ZG,2019,-6.91492472851026
LBN,NY.GDP.MKTP.KD.ZG,2018,-1.88470575631651
LBN,NY.GDP.MKTP.KD.ZG,2017,0.903028464073813
LBN,NY.GDP.MKTP.KD.ZG,2016,1.55454940856943
LBN,NY.GDP.MKTP.KD.ZG,2015,0.462320792597581
LBN,NY.GDP.MKTP.KD.ZG,2014,2.48406010500743
LBN,NY.GDP.MKTP.KD.ZG,2013,3.8278734986016
LBN,NY.GDP.MKTP.KD.ZG,2012,2.56479133680038
LBN,NY.GDP.MKTP.KD.ZG,2011,0.86733987855277
LBN,NY.GDP.MKTP.KD.ZG,2010,7.97513555844932
LBN,NY.GDP.MKTP.KD.ZG,2009,10.232155577776
LBN,NY.GDP.MKTP.KD.ZG,2008,9.06912826789082
LBN,NY.GDP.MKTP.KD.ZG,2007,9.31062252641144
LBN,NY.GDP.MKTP.KD.ZG,2006,1.54951500083213
LBN,NY.GDP.MKTP.KD.ZG,2005,2.68577931016345
LBN,NY.GDP.MKTP.KD.ZG,2004,6.67944461641103
LBN,NY.GDP.MKTP.KD.ZG,2003,3.22709826879041
LBN,NY.GDP.MKTP.KD.ZG,2002,3.42314982843781
LBN,NY.GDP.MKTP.KD.ZG,2001,3.83966927702973
LBN,NY.GDP.MKTP.KD.ZG,2000,1.34187161970405
LBN,NY.GDP.MKTP.KD.ZG,1999,-0.525584634783087
LBN,NY.GDP.MKTP.KD.ZG,1998,3.66572378505683
LBN,NY.GDP.MKTP.KD.ZG,1997,1.05496666740667
LBN,NY.GDP.MKTP.KD.ZG,1996,11.2859357161668
LBN,NY.GDP.MKTP.KD.ZG,1995,6.44886256985258
LBN,NY.GDP.MKTP.KD.ZG,1994,8.10524197734502
LBN,NY.GDP.MKTP.KD.ZG,1993,10.7656697971889
LBN,NY.GDP.MKTP.KD.ZG,1992,16.4383457045728
LBN,NY.GDP.MKTP.KD.ZG,1991,49.4473791849141
LBN,NY.GDP.MKTP.KD.ZG,1990,26.5331600932491
LBN,NY.GDP.MKTP.KD.ZG,1989,-42.4511182157698
LBN,NY.GDP.MKTP.KD.ZG,1988,
LBN,NY.GDP.MKTP.KD.ZG,1987,
LBN,NY.GDP.MKTP.KD.ZG,1986,
LBN,NY.GDP.MKTP.KD.ZG,1985,
LBN,NY.GDP.MKTP.KD.ZG,1984,
LBN,NY.GDP.MKTP.KD.ZG,1983,
LBN,NY.GDP.MKTP.KD.ZG,1982,
LBN,NY.GDP.MKTP.KD.ZG,1981,
LBN,NY.GDP.MKTP.KD.ZG,1980,
LBN,NY.GDP.MKTP.KD.ZG,1979,
LBN,NY.GDP.MKTP.KD.ZG,1978,
LBN,NY.GDP.MKTP.KD.ZG,1977,
LBN,NY.GDP.MKTP.KD.ZG,1976,
LBN,NY.GDP.MKTP.KD.ZG,1975,
LBN,NY.GDP.MKTP.KD.ZG,1974,
LBN,NY.GDP.MKTP.KD.ZG,1973,
LBN,NY.GDP.MKTP.KD.ZG,1972,
LBN,NY.GDP.MKTP.KD.ZG,1971,
LBN,NY.GDP.MKTP.KD.ZG,1970,
LBN,NY.GDP.MKTP.KD.ZG,1969,
LBN,NY.GDP.MKTP.KD.ZG,1968,
LBN,NY.GDP.MKTP.KD.ZG,1967,
LBN,NY.GDP.MKTP.KD.ZG,1966,
LBN,NY.GDP.MKTP.KD.ZG,1965,
LBN,NY.GDP.MKTP.KD.ZG,1964,
LBN,NY.GDP.MKTP.KD.ZG,1963,
LBN,NY.GDP.MKTP.KD.ZG,1962,
LBN,NY.GDP.MKTP.KD.ZG,1961,
LBN,NY.GDP.MKTP.KD.ZG,1960,
LSO,NY.GDP.MKTP.KD.ZG,2025,
LSO,NY.GDP.MKTP.KD.ZG,2024,2.85452253179545
LSO,NY.GDP.MKTP.KD.ZG,2023,1.82662476743647
LSO,NY.GDP.MKTP.KD.ZG,2022,2.38778020186284
LSO,NY.GDP.MKTP.KD.ZG,2021,2.26670961833291
LSO,NY.GDP.MKTP.KD.ZG,2020,-8.15595785459911
LSO,NY.GDP.MKTP.KD.ZG,2019,-1.41799383085205
LSO,NY.GDP.MKTP.KD.ZG,2018,-1.48063315848241
LSO,NY.GDP.MKTP.KD.ZG,2017,-3.13817493733471
LSO,NY.GDP.MKTP.KD.ZG,2016,3.60890731687714
LSO,NY.GDP.MKTP.KD.ZG,2015,3.12406678044546
LSO,NY.GDP.MKTP.KD.ZG,2014,1.71054990545476
LSO,NY.GDP.MKTP.KD.ZG,2013,1.79252555575545
LSO,NY.GDP.MKTP.KD.ZG,2012,6.33408374679448
LSO,NY.GDP.MKTP.KD.ZG,2011,4.61641394528752
LSO,NY.GDP.MKTP.KD.ZG,2010,5.26967078056286
LSO,NY.GDP.MKTP.KD.ZG,2009,-1.25375779920832
LSO,NY.GDP.MKTP.KD.ZG,2008,5.52341966978646
LSO,NY.GDP.MKTP.KD.ZG,2007,4.18791409957151
LSO,NY.GDP.MKTP.KD.ZG,2006,4.23009522805209
LSO,NY.GDP.MKTP.KD.ZG,2005,3.46612222755311
LSO,NY.GDP.MKTP.KD.ZG,2004,1.69237417358596
LSO,NY.GDP.MKTP.KD.ZG,2003,4.55977716384528
LSO,NY.GDP.MKTP.KD.ZG,2002,0.723836067167127
LSO,NY.GDP.MKTP.KD.ZG,2001,3.56158183392093
LSO,NY.GDP.MKTP.KD.ZG,2000,3.87554677576694
LSO,NY.GDP.MKTP.KD.ZG,1999,0.476025052201194
LSO,NY.GDP.MKTP.KD.ZG,1998,1.53765589433743
LSO,NY.GDP.MKTP.KD.ZG,1997,3.70360343607432
LSO,NY.GDP.MKTP.KD.ZG,1996,5.59703605867827
LSO,NY.GDP.MKTP.KD.ZG,1995,3.29093812272822
LSO,NY.GDP.MKTP.KD.ZG,1994,5.97987353536386
LSO,NY.GDP.MKTP.KD.ZG,1993,3.50976615760111
LSO,NY.GDP.MKTP.KD.ZG,1992,6.95636495400254
LSO,NY.GDP.MKTP.KD.ZG,1991,6.96660729603671
LSO,NY.GDP.MKTP.KD.ZG,1990,6.04547332978933
LSO,NY.GDP.MKTP.KD.ZG,1989,5.79524440411279
LSO,NY.GDP.MKTP.KD.ZG,1988,8.60191907664445
LSO,NY.GDP.MKTP.KD.ZG,1987,0.729728231723655
LSO,NY.GDP.MKTP.KD.ZG,1986,4.68485602619326
LSO,NY.GDP.MKTP.KD.ZG,1985,2.6102493308543
LSO,NY.GDP.MKTP.KD.ZG,1984,5.53489782139683
LSO,NY.GDP.MKTP.KD.ZG,1983,1.98616536341514
LSO,NY.GDP.MKTP.KD.ZG,1982,4.45720389480559
LSO,NY.GDP.MKTP.KD.ZG,1981,0.694638131916435
LSO,NY.GDP.MKTP.KD.ZG,1980,-2.74477923142398
LSO,NY.GDP.MKTP.KD.ZG,1979,2.89391877929322
LSO,NY.GDP.MKTP.KD.ZG,1978,18.3168748732824
LSO,NY.GDP.MKTP.KD.ZG,1977,21.8090349742949
LSO,NY.GDP.MKTP.KD.ZG,1976,11.0491291576175
LSO,NY.GDP.MKTP.KD.ZG,1975,-13.5134975529629
LSO,NY.GDP.MKTP.KD.ZG,1974,10.9800889492213
LSO,NY.GDP.MKTP.KD.ZG,1973,26.4048810769096
LSO,NY.GDP.MKTP.KD.ZG,1972,-0.202708350280261
LSO,NY.GDP.MKTP.KD.ZG,1971,5.11371769989597
LSO,NY.GDP.MKTP.KD.ZG,1970,2.17707116764228
LSO,NY.GDP.MKTP.KD.ZG,1969,1.54753668338866
LSO,NY.GDP.MKTP.KD.ZG,1968,-0.367120035797669
LSO,NY.GDP.MKTP.KD.ZG,1967,10.9120615281481
LSO,NY.GDP.MKTP.KD.ZG,1966,-0.405521384253262
LSO,NY.GDP.MKTP.KD.ZG,1965,2.15410555150743
LSO,NY.GDP.MKTP.KD.ZG,1964,8.25111816012223
LSO,NY.GDP.MKTP.KD.ZG,1963,10.61506995942
LSO,NY.GDP.MKTP.KD.ZG,1962,15.331814336689
LSO,NY.GDP.MKTP.KD.ZG,1961,1.86479515845272
LSO,NY.GDP.MKTP.KD.ZG,1960,
LBR,NY.GDP.MKTP.KD.ZG,2025,
LBR,NY.GDP.MKTP.KD.ZG,2024,4.02185464964835
LBR,NY.GDP.MKTP.KD.ZG,2023,4.68375688761311
LBR,NY.GDP.MKTP.KD.ZG,2022,4.80810517290655
LBR,NY.GDP.MKTP.KD.ZG,2021,4.98671283481617
LBR,NY.GDP.MKTP.KD.ZG,2020,-2.98249127649473
LBR,NY.GDP.MKTP.KD.ZG,2019,-2.46729763532686
LBR,NY.GDP.MKTP.KD.ZG,2018,1.15757512207355
LBR,NY.GDP.MKTP.KD.ZG,2017,2.45515592012239
LBR,NY.GDP.MKTP.KD.ZG,2016,-1.5549586174878
LBR,NY.GDP.MKTP.KD.ZG,2015,-0.0185649695590939
LBR,NY.GDP.MKTP.KD.ZG,2014,0.701393100287518
LBR,NY.GDP.MKTP.KD.ZG,2013,8.68728781639683
LBR,NY.GDP.MKTP.KD.ZG,2012,7.99381444555367
LBR,NY.GDP.MKTP.KD.ZG,2011,8.20076822497064
LBR,NY.GDP.MKTP.KD.ZG,2010,6.09982524004147
LBR,NY.GDP.MKTP.KD.ZG,2009,5.30054050291531
LBR,NY.GDP.MKTP.KD.ZG,2008,7.14569112811476
LBR,NY.GDP.MKTP.KD.ZG,2007,9.53527536282282
LBR,NY.GDP.MKTP.KD.ZG,2006,8.04390997190059
LBR,NY.GDP.MKTP.KD.ZG,2005,5.28121245309295
LBR,NY.GDP.MKTP.KD.ZG,2004,2.61984689477413
LBR,NY.GDP.MKTP.KD.ZG,2003,-30.145132727942
LBR,NY.GDP.MKTP.KD.ZG,2002,3.76301761700071
LBR,NY.GDP.MKTP.KD.ZG,2001,2.92027476569781
LBR,NY.GDP.MKTP.KD.ZG,2000,28.6159342546183
LBR,NY.GDP.MKTP.KD.ZG,1999,21.7414468042611
LBR,NY.GDP.MKTP.KD.ZG,1998,30.2081273744464
LBR,NY.GDP.MKTP.KD.ZG,1997,106.279814466616
LBR,NY.GDP.MKTP.KD.ZG,1996,12.1212036605122
LBR,NY.GDP.MKTP.KD.ZG,1995,-4.26620499022189
LBR,NY.GDP.MKTP.KD.ZG,1994,-21.7623463097001
LBR,NY.GDP.MKTP.KD.ZG,1993,-32.9753952616656
LBR,NY.GDP.MKTP.KD.ZG,1992,-35.0856779208949
LBR,NY.GDP.MKTP.KD.ZG,1991,-14.2252140499536
LBR,NY.GDP.MKTP.KD.ZG,1990,-51.0308649467486
LBR,NY.GDP.MKTP.KD.ZG,1989,-26.6684493323435
LBR,NY.GDP.MKTP.KD.ZG,1988,-2.04189816424886
LBR,NY.GDP.MKTP.KD.ZG,1987,-1.00160074690007
LBR,NY.GDP.MKTP.KD.ZG,1986,-1.67859810155988
LBR,NY.GDP.MKTP.KD.ZG,1985,-0.843318161003538
LBR,NY.GDP.MKTP.KD.ZG,1984,-2.10731569730636
LBR,NY.GDP.MKTP.KD.ZG,1983,-1.89685282159904
LBR,NY.GDP.MKTP.KD.ZG,1982,-2.43293723906788
LBR,NY.GDP.MKTP.KD.ZG,1981,-2.13675012435537
LBR,NY.GDP.MKTP.KD.ZG,1980,-4.09836407281566
LBR,NY.GDP.MKTP.KD.ZG,1979,3.26481969521633
LBR,NY.GDP.MKTP.KD.ZG,1978,4.81622063946101
LBR,NY.GDP.MKTP.KD.ZG,1977,1.58798454932254
LBR,NY.GDP.MKTP.KD.ZG,1976,5.31073407721753
LBR,NY.GDP.MKTP.KD.ZG,1975,-3.46858948909045
LBR,NY.GDP.MKTP.KD.ZG,1974,4.75320033514291
LBR,NY.GDP.MKTP.KD.ZG,1973,-2.25597518400502
LBR,NY.GDP.MKTP.KD.ZG,1972,4.14049563165185
LBR,NY.GDP.MKTP.KD.ZG,1971,4.90483027900189
LBR,NY.GDP.MKTP.KD.ZG,1970,6.66319270701399
LBR,NY.GDP.MKTP.KD.ZG,1969,7.28847299452673
LBR,NY.GDP.MKTP.KD.ZG,1968,4.76887169722187
LBR,NY.GDP.MKTP.KD.ZG,1967,6.74579084966074
LBR,NY.GDP.MKTP.KD.ZG,1966,7.70265600116069
LBR,NY.GDP.MKTP.KD.ZG,1965,4.79378627844778
LBR,NY.GDP.MKTP.KD.ZG,1964,5.15196130203739
LBR,NY.GDP.MKTP.KD.ZG,1963,2.27446063593885
LBR,NY.GDP.MKTP.KD.ZG,1962,1.3446060733405
LBR,NY.GDP.MKTP.KD.ZG,1961,2.43998542296508
LBR,NY.GDP.MKTP.KD.ZG,1960,
LBY,NY.GDP.MKTP.KD.ZG,2025,
LBY,NY.GDP.MKTP.KD.ZG,2024,1.89995052025442
LBY,NY.GDP.MKTP.KD.ZG,2023,10.2000497852517
LBY,NY.GDP.MKTP.KD.ZG,2022,-8.29981811198795
LBY,NY.GDP.MKTP.KD.ZG,2021,28.2996823429147
LBY,NY.GDP.MKTP.KD.ZG,2020,-29.4552967282824
LBY,NY.GDP.MKTP.KD.ZG,2019,-11.1960828853386
LBY,NY.GDP.MKTP.KD.ZG,2018,7.9413678529104
LBY,NY.GDP.MKTP.KD.ZG,2017,32.4918021862688
LBY,NY.GDP.MKTP.KD.ZG,2016,-1.4909411172622
LBY,NY.GDP.MKTP.KD.ZG,2015,-0.842656252118843
LBY,NY.GDP.MKTP.KD.ZG,2014,-23.0428058282215
LBY,NY.GDP.MKTP.KD.ZG,2013,-17.9979615745681
LBY,NY.GDP.MKTP.KD.ZG,2012,86.8267484395784
LBY,NY.GDP.MKTP.KD.ZG,2011,-50.3385151384986
LBY,NY.GDP.MKTP.KD.ZG,2010,5.0272476723775
LBY,NY.GDP.MKTP.KD.ZG,2009,-4.4001817631021
LBY,NY.GDP.MKTP.KD.ZG,2008,-0.162048238799883
LBY,NY.GDP.MKTP.KD.ZG,2007,6.22998278561838
LBY,NY.GDP.MKTP.KD.ZG,2006,6.50052541959279
LBY,NY.GDP.MKTP.KD.ZG,2005,11.8707565226151
LBY,NY.GDP.MKTP.KD.ZG,2004,4.46163899648637
LBY,NY.GDP.MKTP.KD.ZG,2003,13.0160372478013
LBY,NY.GDP.MKTP.KD.ZG,2002,-0.958897332849631
LBY,NY.GDP.MKTP.KD.ZG,2001,-1.76283887062603
LBY,NY.GDP.MKTP.KD.ZG,2000,3.6792704082
LBY,NY.GDP.MKTP.KD.ZG,1999,0.749659257603952
LBY,NY.GDP.MKTP.KD.ZG,1998,-3.55224474739784
LBY,NY.GDP.MKTP.KD.ZG,1997,5.21267102136972
LBY,NY.GDP.MKTP.KD.ZG,1996,2.13412320029278
LBY,NY.GDP.MKTP.KD.ZG,1995,-2.2204069560875
LBY,NY.GDP.MKTP.KD.ZG,1994,1.93478674200678
LBY,NY.GDP.MKTP.KD.ZG,1993,-3.76319264327812
LBY,NY.GDP.MKTP.KD.ZG,1992,-2.71227407954309
LBY,NY.GDP.MKTP.KD.ZG,1991,15.6551316776498
LBY,NY.GDP.MKTP.KD.ZG,1990,3.72013163404128
LBY,NY.GDP.MKTP.KD.ZG,1989,7.19941714616827
LBY,NY.GDP.MKTP.KD.ZG,1988,7.57902335976675
LBY,NY.GDP.MKTP.KD.ZG,1987,-14.7020531689967
LBY,NY.GDP.MKTP.KD.ZG,1986,-11.3525063155837
LBY,NY.GDP.MKTP.KD.ZG,1985,8.32677842607399
LBY,NY.GDP.MKTP.KD.ZG,1984,-5.04178142890187
LBY,NY.GDP.MKTP.KD.ZG,1983,-2.47222728000759
LBY,NY.GDP.MKTP.KD.ZG,1982,2.80605677675277
LBY,NY.GDP.MKTP.KD.ZG,1981,-19.1901808011163
LBY,NY.GDP.MKTP.KD.ZG,1980,0.68528052679342
LBY,NY.GDP.MKTP.KD.ZG,1979,8.95810997017298
LBY,NY.GDP.MKTP.KD.ZG,1978,3.30491881279562
LBY,NY.GDP.MKTP.KD.ZG,1977,8.85272018683338
LBY,NY.GDP.MKTP.KD.ZG,1976,22.8809523817653
LBY,NY.GDP.MKTP.KD.ZG,1975,4.0282685479679
LBY,NY.GDP.MKTP.KD.ZG,1974,22.1934369650876
LBY,NY.GDP.MKTP.KD.ZG,1973,1.93661971417217
LBY,NY.GDP.MKTP.KD.ZG,1972,9.12584054018133
LBY,NY.GDP.MKTP.KD.ZG,1971,-5.27752502339565
LBY,NY.GDP.MKTP.KD.ZG,1970,4.95074891903874
LBY,NY.GDP.MKTP.KD.ZG,1969,13.0878908208299
LBY,NY.GDP.MKTP.KD.ZG,1968,33.8639151717893
LBY,NY.GDP.MKTP.KD.ZG,1967,11.1100869677181
LBY,NY.GDP.MKTP.KD.ZG,1966,18.5921637345644
LBY,NY.GDP.MKTP.KD.ZG,1965,28.1488789645187
LBY,NY.GDP.MKTP.KD.ZG,1964,45.0716938128605
LBY,NY.GDP.MKTP.KD.ZG,1963,35.0203767261421
LBY,NY.GDP.MKTP.KD.ZG,1962,32.5246410009676
LBY,NY.GDP.MKTP.KD.ZG,1961,9.89580391901764
LBY,NY.GDP.MKTP.KD.ZG,1960,
LIE,NY.GDP.MKTP.KD.ZG,2025,
LIE,NY.GDP.MKTP.KD.ZG,2024,
LIE,NY.GDP.MKTP.KD.ZG,2023,
LIE,NY.GDP.MKTP.KD.ZG,2022,
LIE,NY.GDP.MKTP.KD.ZG,2021,
LIE,NY.GDP.MKTP.KD.ZG,2020,
LIE,NY.GDP.MKTP.KD.ZG,2019,
LIE,NY.GDP.MKTP.KD.ZG,2018,
LIE,NY.GDP.MKTP.KD.ZG,2017,
LIE,NY.GDP.MKTP.KD.ZG,2016,
LIE,NY.GDP.MKTP.KD.ZG,2015,
LIE,NY.GDP.MKTP.KD.ZG,2014,
LIE,NY.GDP.MKTP.KD.ZG,2013,
LIE,NY.GDP.MKTP.KD.ZG,2012,
LIE,NY.GDP.MKTP.KD.ZG,2011,
LIE,NY.GDP.MKTP.KD.ZG,2010,
LIE,NY.GDP.MKTP.KD.ZG,2009,-1.15748291975636
LIE,NY.GDP.MKTP.KD.ZG,2008,1.79808847836411
LIE,NY.GDP.MKTP.KD.ZG,2007,3.325963509369
LIE,NY.GDP.MKTP.KD.ZG,2006,8.64496857267281
LIE,NY.GDP.MKTP.KD.ZG,2005,4.82807677743524
LIE,NY.GDP.MKTP.KD.ZG,2004,3.03917210306501
LIE,NY.GDP.MKTP.KD.ZG,2003,-1.93756534125014
LIE,NY.GDP.MKTP.KD.ZG,2002,-0.993919947159299
LIE,NY.GDP.MKTP.KD.ZG,2001,-0.733092455297992
LIE,NY.GDP.MKTP.KD.ZG,2000,3.22019308239609
LIE,NY.GDP.MKTP.KD.ZG,1999,10.4109232010236
LIE,NY.GDP.MKTP.KD.ZG,1998,7.76126283694691
LIE,NY.GDP.MKTP.KD.ZG,1997,7.22513485456875
LIE,NY.GDP.MKTP.KD.ZG,1996,6.90530179973636
LIE,NY.GDP.MKTP.KD.ZG,1995,5.8755504001748
LIE,NY.GDP.MKTP.KD.ZG,1994,6.86614413219762
LIE,NY.GDP.MKTP.KD.ZG,1993,4.33210120561074
LIE,NY.GDP.MKTP.KD.ZG,1992,3.60829384387156
LIE,NY.GDP.MKTP.KD.ZG,1991,1.80117005853981
LIE,NY.GDP.MKTP.KD.ZG,1990,2.25287099550282
LIE,NY.GDP.MKTP.KD.ZG,1989,4.49198530248391
LIE,NY.GDP.MKTP.KD.ZG,1988,5.63379830669763
LIE,NY.GDP.MKTP.KD.ZG,1987,9.23076795685181
LIE,NY.GDP.MKTP.KD.ZG,1986,4.00000004388119
LIE,NY.GDP.MKTP.KD.ZG,1985,7.02055443563529
LIE,NY.GDP.MKTP.KD.ZG,1984,4.28570943461186
LIE,NY.GDP.MKTP.KD.ZG,1983,0.538599963921854
LIE,NY.GDP.MKTP.KD.ZG,1982,-1.59010688585576
LIE,NY.GDP.MKTP.KD.ZG,1981,4.81482023600704
LIE,NY.GDP.MKTP.KD.ZG,1980,4.75867251061639
LIE,NY.GDP.MKTP.KD.ZG,1979,4.75867142807277
LIE,NY.GDP.MKTP.KD.ZG,1978,4.75867684230937
LIE,NY.GDP.MKTP.KD.ZG,1977,4.75867708458514
LIE,NY.GDP.MKTP.KD.ZG,1976,4.75867210711398
LIE,NY.GDP.MKTP.KD.ZG,1975,1.66923225070657
LIE,NY.GDP.MKTP.KD.ZG,1974,1.66922246260894
LIE,NY.GDP.MKTP.KD.ZG,1973,1.6692256792973
LIE,NY.GDP.MKTP.KD.ZG,1972,1.6692195289189
LIE,NY.GDP.MKTP.KD.ZG,1971,1.66922206623059
LIE,NY.GDP.MKTP.KD.ZG,1970,
LIE,NY.GDP.MKTP.KD.ZG,1969,
LIE,NY.GDP.MKTP.KD.ZG,1968,
LIE,NY.GDP.MKTP.KD.ZG,1967,
LIE,NY.GDP.MKTP.KD.ZG,1966,
LIE,NY.GDP.MKTP.KD.ZG,1965,
LIE,NY.GDP.MKTP.KD.ZG,1964,
LIE,NY.GDP.MKTP.KD.ZG,1963,
LIE,NY.GDP.MKTP.KD.ZG,1962,
LIE,NY.GDP.MKTP.KD.ZG,1961,
LIE,NY.GDP.MKTP.KD.ZG,1960,
LTU,NY.GDP.MKTP.KD.ZG,2025,
LTU,NY.GDP.MKTP.KD.ZG,2024,2.77263124530285
LTU,NY.GDP.MKTP.KD.ZG,2023,0.342262716277261
LTU,NY.GDP.MKTP.KD.ZG,2022,2.53752574011534
LTU,NY.GDP.MKTP.KD.ZG,2021,6.38001606179873
LTU,NY.GDP.MKTP.KD.ZG,2020,0.0428158336981426
LTU,NY.GDP.MKTP.KD.ZG,2019,4.67735183530451
LTU,NY.GDP.MKTP.KD.ZG,2018,4.91836780106811
LTU,NY.GDP.MKTP.KD.ZG,2017,4.61224310312809
LTU,NY.GDP.MKTP.KD.ZG,2016,2.67192215053329
LTU,NY.GDP.MKTP.KD.ZG,2015,2.83280643343234
LTU,NY.GDP.MKTP.KD.ZG,2014,3.7725437958099
LTU,NY.GDP.MKTP.KD.ZG,2013,4.04691318575325
LTU,NY.GDP.MKTP.KD.ZG,2012,4.38290584355157
LTU,NY.GDP.MKTP.KD.ZG,2011,6.32363664821298
LTU,NY.GDP.MKTP.KD.ZG,2010,0.427199566550769
LTU,NY.GDP.MKTP.KD.ZG,2009,-14.8386117894848
LTU,NY.GDP.MKTP.KD.ZG,2008,2.59946154605602
LTU,NY.GDP.MKTP.KD.ZG,2007,11.0779282578673
LTU,NY.GDP.MKTP.KD.ZG,2006,7.39548122468629
LTU,NY.GDP.MKTP.KD.ZG,2005,7.7314467577492
LTU,NY.GDP.MKTP.KD.ZG,2004,6.50203536075556
LTU,NY.GDP.MKTP.KD.ZG,2003,10.5518959629574
LTU,NY.GDP.MKTP.KD.ZG,2002,6.71983945103626
LTU,NY.GDP.MKTP.KD.ZG,2001,6.48412665187908
LTU,NY.GDP.MKTP.KD.ZG,2000,3.41862206571636
LTU,NY.GDP.MKTP.KD.ZG,1999,-1.09700818020993
LTU,NY.GDP.MKTP.KD.ZG,1998,7.46293714937232
LTU,NY.GDP.MKTP.KD.ZG,1997,8.30063037348748
LTU,NY.GDP.MKTP.KD.ZG,1996,5.02694376847307
LTU,NY.GDP.MKTP.KD.ZG,1995,3.2900801840418
LTU,NY.GDP.MKTP.KD.ZG,1994,-9.76605203702381
LTU,NY.GDP.MKTP.KD.ZG,1993,-16.2268623785221
LTU,NY.GDP.MKTP.KD.ZG,1992,-21.2589705631249
LTU,NY.GDP.MKTP.KD.ZG,1991,-5.67566299724814
LTU,NY.GDP.MKTP.KD.ZG,1990,
LTU,NY.GDP.MKTP.KD.ZG,1989,
LTU,NY.GDP.MKTP.KD.ZG,1988,
LTU,NY.GDP.MKTP.KD.ZG,1987,
LTU,NY.GDP.MKTP.KD.ZG,1986,
LTU,NY.GDP.MKTP.KD.ZG,1985,
LTU,NY.GDP.MKTP.KD.ZG,1984,
LTU,NY.GDP.MKTP.KD.ZG,1983,
LTU,NY.GDP.MKTP.KD.ZG,1982,
LTU,NY.GDP.MKTP.KD.ZG,1981,
LTU,NY.GDP.MKTP.KD.ZG,1980,
LTU,NY.GDP.MKTP.KD.ZG,1979,
LTU,NY.GDP.MKTP.KD.ZG,1978,
LTU,NY.GDP.MKTP.KD.ZG,1977,
LTU,NY.GDP.MKTP.KD.ZG,1976,
LTU,NY.GDP.MKTP.KD.ZG,1975,
LTU,NY.GDP.MKTP.KD.ZG,1974,
LTU,NY.GDP.MKTP.KD.ZG,1973,
LTU,NY.GDP.MKTP.KD.ZG,1972,
LTU,NY.GDP.MKTP.KD.ZG,1971,
LTU,NY.GDP.MKTP.KD.ZG,1970,
LTU,NY.GDP.MKTP.KD.ZG,1969,
LTU,NY.GDP.MKTP.KD.ZG,1968,
LTU,NY.GDP.MKTP.KD.ZG,1967,
LTU,NY.GDP.MKTP.KD.ZG,1966,
LTU,NY.GDP.MKTP.KD.ZG,1965,
LTU,NY.GDP.MKTP.KD.ZG,1964,
LTU,NY.GDP.MKTP.KD.ZG,1963,
LTU,NY.GDP.MKTP.KD.ZG,1962,
LTU,NY.GDP.MKTP.KD.ZG,1961,
LTU,NY.GDP.MKTP.KD.ZG,1960,
LUX,NY.GDP.MKTP.KD.ZG,2025,
LUX,NY.GDP.MKTP.KD.ZG,2024,0.35861253942069
LUX,NY.GDP.MKTP.KD.ZG,2023,0.0994399943552651
LUX,NY.GDP.MKTP.KD.ZG,2022,-1.0974168968152
LUX,NY.GDP.MKTP.KD.ZG,2021,6.9297342584233
LUX,NY.GDP.MKTP.KD.ZG,2020,-0.510051634039826
LUX,NY.GDP.MKTP.KD.ZG,2019,2.74931929072659
LUX,NY.GDP.MKTP.KD.ZG,2018,1.61129561338169
LUX,NY.GDP.MKTP.KD.ZG,2017,1.31718713754285
LUX,NY.GDP.MKTP.KD.ZG,2016,4.97819011520116
LUX,NY.GDP.MKTP.KD.ZG,2015,2.26978423302835
LUX,NY.GDP.MKTP.KD.ZG,2014,2.62308679154881
LUX,NY.GDP.MKTP.KD.ZG,2013,3.17178989968683
LUX,NY.GDP.MKTP.KD.ZG,2012,1.64990212764553
LUX,NY.GDP.MKTP.KD.ZG,2011,1.04429855323325
LUX,NY.GDP.MKTP.KD.ZG,2010,3.76041454320028
LUX,NY.GDP.MKTP.KD.ZG,2009,-3.23895409147492
LUX,NY.GDP.MKTP.KD.ZG,2008,-0.300175624936841
LUX,NY.GDP.MKTP.KD.ZG,2007,8.09866723048083
LUX,NY.GDP.MKTP.KD.ZG,2006,6.0167154014547
LUX,NY.GDP.MKTP.KD.ZG,2005,2.48287498468387
LUX,NY.GDP.MKTP.KD.ZG,2004,4.23188928835465
LUX,NY.GDP.MKTP.KD.ZG,2003,2.61937861354482
LUX,NY.GDP.MKTP.KD.ZG,2002,3.22541782301025
LUX,NY.GDP.MKTP.KD.ZG,2001,3.07435550952719
LUX,NY.GDP.MKTP.KD.ZG,2000,6.93812976136098
LUX,NY.GDP.MKTP.KD.ZG,1999,8.17518184900963
LUX,NY.GDP.MKTP.KD.ZG,1998,6.67451290702765
LUX,NY.GDP.MKTP.KD.ZG,1997,5.41983084056754
LUX,NY.GDP.MKTP.KD.ZG,1996,1.39807549779829
LUX,NY.GDP.MKTP.KD.ZG,1995,1.43220019776147
LUX,NY.GDP.MKTP.KD.ZG,1994,3.82092168668748
LUX,NY.GDP.MKTP.KD.ZG,1993,4.20064695547975
LUX,NY.GDP.MKTP.KD.ZG,1992,1.81965297334699
LUX,NY.GDP.MKTP.KD.ZG,1991,8.64419071515121
LUX,NY.GDP.MKTP.KD.ZG,1990,5.31993336839281
LUX,NY.GDP.MKTP.KD.ZG,1989,9.79805997542229
LUX,NY.GDP.MKTP.KD.ZG,1988,8.46328527903233
LUX,NY.GDP.MKTP.KD.ZG,1987,3.95097575291869
LUX,NY.GDP.MKTP.KD.ZG,1986,9.9839348061312
LUX,NY.GDP.MKTP.KD.ZG,1985,2.79170394643479
LUX,NY.GDP.MKTP.KD.ZG,1984,6.18693961495629
LUX,NY.GDP.MKTP.KD.ZG,1983,2.98908132601952
LUX,NY.GDP.MKTP.KD.ZG,1982,1.13129839739214
LUX,NY.GDP.MKTP.KD.ZG,1981,-0.550956987455137
LUX,NY.GDP.MKTP.KD.ZG,1980,0.8408877989134
LUX,NY.GDP.MKTP.KD.ZG,1979,2.34560880283956
LUX,NY.GDP.MKTP.KD.ZG,1978,4.0749709252494
LUX,NY.GDP.MKTP.KD.ZG,1977,1.56977857188436
LUX,NY.GDP.MKTP.KD.ZG,1976,2.53432875744861
LUX,NY.GDP.MKTP.KD.ZG,1975,-6.57137111658452
LUX,NY.GDP.MKTP.KD.ZG,1974,4.21246620996658
LUX,NY.GDP.MKTP.KD.ZG,1973,8.31268135042815
LUX,NY.GDP.MKTP.KD.ZG,1972,6.5981934376762
LUX,NY.GDP.MKTP.KD.ZG,1971,2.66723433902973
LUX,NY.GDP.MKTP.KD.ZG,1970,1.75993383128343
LUX,NY.GDP.MKTP.KD.ZG,1969,9.97285794333081
LUX,NY.GDP.MKTP.KD.ZG,1968,4.18387242678999
LUX,NY.GDP.MKTP.KD.ZG,1967,0.216730811573655
LUX,NY.GDP.MKTP.KD.ZG,1966,1.10590411235923
LUX,NY.GDP.MKTP.KD.ZG,1965,-0.734933604481071
LUX,NY.GDP.MKTP.KD.ZG,1964,7.86582881901583
LUX,NY.GDP.MKTP.KD.ZG,1963,3.43910854038496
LUX,NY.GDP.MKTP.KD.ZG,1962,1.35867767094882
LUX,NY.GDP.MKTP.KD.ZG,1961,3.82998312174058
LUX,NY.GDP.MKTP.KD.ZG,1960,
MAC,NY.GDP.MKTP.KD.ZG,2025,
MAC,NY.GDP.MKTP.KD.ZG,2024,7.84960207010525
MAC,NY.GDP.MKTP.KD.ZG,2023,75.3084184293413
MAC,NY.GDP.MKTP.KD.ZG,2022,-18.956941494497
MAC,NY.GDP.MKTP.KD.ZG,2021,22.4622020023362
MAC,NY.GDP.MKTP.KD.ZG,2020,-54.4020925789353
MAC,NY.GDP.MKTP.KD.ZG,2019,-2.4609094006739
MAC,NY.GDP.MKTP.KD.ZG,2018,6.35917030567686
MAC,NY.GDP.MKTP.KD.ZG,2017,9.91855844513513
MAC,NY.GDP.MKTP.KD.ZG,2016,-0.701510212552961
MAC,NY.GDP.MKTP.KD.ZG,2015,-21.7540078753246
MAC,NY.GDP.MKTP.KD.ZG,2014,-2.03874227961819
MAC,NY.GDP.MKTP.KD.ZG,2013,10.7816711590297
MAC,NY.GDP.MKTP.KD.ZG,2012,9.21747479596735
MAC,NY.GDP.MKTP.KD.ZG,2011,21.6223064381087
MAC,NY.GDP.MKTP.KD.ZG,2010,25.1031075246958
MAC,NY.GDP.MKTP.KD.ZG,2009,1.29837946885112
MAC,NY.GDP.MKTP.KD.ZG,2008,3.39251560752048
MAC,NY.GDP.MKTP.KD.ZG,2007,14.4817728129028
MAC,NY.GDP.MKTP.KD.ZG,2006,13.3921711919351
MAC,NY.GDP.MKTP.KD.ZG,2005,8.07794929953978
MAC,NY.GDP.MKTP.KD.ZG,2004,26.6368742306114
MAC,NY.GDP.MKTP.KD.ZG,2003,11.6433551416587
MAC,NY.GDP.MKTP.KD.ZG,2002,8.90480904902596
MAC,NY.GDP.MKTP.KD.ZG,2001,2.88824010651439
MAC,NY.GDP.MKTP.KD.ZG,2000,5.74714593475937
MAC,NY.GDP.MKTP.KD.ZG,1999,-2.35859213250518
MAC,NY.GDP.MKTP.KD.ZG,1998,-4.57110341884395
MAC,NY.GDP.MKTP.KD.ZG,1997,-0.278986192547762
MAC,NY.GDP.MKTP.KD.ZG,1996,-0.419861406496466
MAC,NY.GDP.MKTP.KD.ZG,1995,3.29612425723712
MAC,NY.GDP.MKTP.KD.ZG,1994,4.25357492985363
MAC,NY.GDP.MKTP.KD.ZG,1993,5.18623877678014
MAC,NY.GDP.MKTP.KD.ZG,1992,13.2989545353826
MAC,NY.GDP.MKTP.KD.ZG,1991,3.65938964930415
MAC,NY.GDP.MKTP.KD.ZG,1990,7.97943699762126
MAC,NY.GDP.MKTP.KD.ZG,1989,5.02492333558295
MAC,NY.GDP.MKTP.KD.ZG,1988,7.81082461067145
MAC,NY.GDP.MKTP.KD.ZG,1987,14.2932173963789
MAC,NY.GDP.MKTP.KD.ZG,1986,6.6949970424333
MAC,NY.GDP.MKTP.KD.ZG,1985,0.732261858094873
MAC,NY.GDP.MKTP.KD.ZG,1984,8.45903981224809
MAC,NY.GDP.MKTP.KD.ZG,1983,10.0235760796348
MAC,NY.GDP.MKTP.KD.ZG,1982,
MAC,NY.GDP.MKTP.KD.ZG,1981,
MAC,NY.GDP.MKTP.KD.ZG,1980,
MAC,NY.GDP.MKTP.KD.ZG,1979,
MAC,NY.GDP.MKTP.KD.ZG,1978,
MAC,NY.GDP.MKTP.KD.ZG,1977,
MAC,NY.GDP.MKTP.KD.ZG,1976,
MAC,NY.GDP.MKTP.KD.ZG,1975,
MAC,NY.GDP.MKTP.KD.ZG,1974,
MAC,NY.GDP.MKTP.KD.ZG,1973,
MAC,NY.GDP.MKTP.KD.ZG,1972,
MAC,NY.GDP.MKTP.KD.ZG,1971,
MAC,NY.GDP.MKTP.KD.ZG,1970,
MAC,NY.GDP.MKTP.KD.ZG,1969,
MAC,NY.GDP.MKTP.KD.ZG,1968,
MAC,NY.GDP.MKTP.KD.ZG,1967,
MAC,NY.GDP.MKTP.KD.ZG,1966,
MAC,NY.GDP.MKTP.KD.ZG,1965,
MAC,NY.GDP.MKTP.KD.ZG,1964,
MAC,NY.GDP.MKTP.KD.ZG,1963,
MAC,NY.GDP.MKTP.KD.ZG,1962,
MAC,NY.GDP.MKTP.KD.ZG,1961,
MAC,NY.GDP.MKTP.KD.ZG,1960,
MDG,NY.GDP.MKTP.KD.ZG,2025,
MDG,NY.GDP.MKTP.KD.ZG,2024,4.19999999988647
MDG,NY.GDP.MKTP.KD.ZG,2023,4.20304615840668
MDG,NY.GDP.MKTP.KD.ZG,2022,4.15609778386296
MDG,NY.GDP.MKTP.KD.ZG,2021,4.65068343174309
MDG,NY.GDP.MKTP.KD.ZG,2020,-7.13767162064489
MDG,NY.GDP.MKTP.KD.ZG,2019,4.41123212909589
MDG,NY.GDP.MKTP.KD.ZG,2018,3.19435651744398
MDG,NY.GDP.MKTP.KD.ZG,2017,3.93330759462793
MDG,NY.GDP.MKTP.KD.ZG,2016,3.99314606199499
MDG,NY.GDP.MKTP.KD.ZG,2015,3.13229807490305
MDG,NY.GDP.MKTP.KD.ZG,2014,3.33920311195367
MDG,NY.GDP.MKTP.KD.ZG,2013,2.30037622800727
MDG,NY.GDP.MKTP.KD.ZG,2012,3.01114811621208
MDG,NY.GDP.MKTP.KD.ZG,2011,1.57842705366555
MDG,NY.GDP.MKTP.KD.ZG,2010,0.619239744622121
MDG,NY.GDP.MKTP.KD.ZG,2009,-3.9787086116544
MDG,NY.GDP.MKTP.KD.ZG,2008,6.71263253913001
MDG,NY.GDP.MKTP.KD.ZG,2007,5.71056419885052
MDG,NY.GDP.MKTP.KD.ZG,2006,5.3985084485368
MDG,NY.GDP.MKTP.KD.ZG,2005,4.75584509499119
MDG,NY.GDP.MKTP.KD.ZG,2004,5.25700362208742
MDG,NY.GDP.MKTP.KD.ZG,2003,9.78489212474175
MDG,NY.GDP.MKTP.KD.ZG,2002,-12.4079711055149
MDG,NY.GDP.MKTP.KD.ZG,2001,5.98023576982733
MDG,NY.GDP.MKTP.KD.ZG,2000,4.45685893956946
MDG,NY.GDP.MKTP.KD.ZG,1999,4.69922703680521
MDG,NY.GDP.MKTP.KD.ZG,1998,3.91707460516817
MDG,NY.GDP.MKTP.KD.ZG,1997,3.69349261691789
MDG,NY.GDP.MKTP.KD.ZG,1996,2.15420447175147
MDG,NY.GDP.MKTP.KD.ZG,1995,1.67859232120303
MDG,NY.GDP.MKTP.KD.ZG,1994,-0.042101302622072
MDG,NY.GDP.MKTP.KD.ZG,1993,2.09992318110865
MDG,NY.GDP.MKTP.KD.ZG,1992,1.18088494825233
MDG,NY.GDP.MKTP.KD.ZG,1991,-6.30635159237733
MDG,NY.GDP.MKTP.KD.ZG,1990,3.12890505042525
MDG,NY.GDP.MKTP.KD.ZG,1989,4.07488065683054
MDG,NY.GDP.MKTP.KD.ZG,1988,3.40692921036734
MDG,NY.GDP.MKTP.KD.ZG,1987,1.17491326106625
MDG,NY.GDP.MKTP.KD.ZG,1986,1.96022488163399
MDG,NY.GDP.MKTP.KD.ZG,1985,1.15634413876586
MDG,NY.GDP.MKTP.KD.ZG,1984,1.76018194295042
MDG,NY.GDP.MKTP.KD.ZG,1983,0.899999999396201
MDG,NY.GDP.MKTP.KD.ZG,1982,-1.90000000001299
MDG,NY.GDP.MKTP.KD.ZG,1981,-9.80000000085953
MDG,NY.GDP.MKTP.KD.ZG,1980,0.952707585446319
MDG,NY.GDP.MKTP.KD.ZG,1979,9.85465029443104
MDG,NY.GDP.MKTP.KD.ZG,1978,-2.66180596408321
MDG,NY.GDP.MKTP.KD.ZG,1977,2.36400035834046
MDG,NY.GDP.MKTP.KD.ZG,1976,-3.06885839129959
MDG,NY.GDP.MKTP.KD.ZG,1975,1.25869163453154
MDG,NY.GDP.MKTP.KD.ZG,1974,2.00687937961095
MDG,NY.GDP.MKTP.KD.ZG,1973,-2.61847832966285
MDG,NY.GDP.MKTP.KD.ZG,1972,-1.27262153096891
MDG,NY.GDP.MKTP.KD.ZG,1971,3.92936503078364
MDG,NY.GDP.MKTP.KD.ZG,1970,5.27645557543077
MDG,NY.GDP.MKTP.KD.ZG,1969,3.72122216809368
MDG,NY.GDP.MKTP.KD.ZG,1968,6.8287860983493
MDG,NY.GDP.MKTP.KD.ZG,1967,5.52856560967709
MDG,NY.GDP.MKTP.KD.ZG,1966,2.06455240789826
MDG,NY.GDP.MKTP.KD.ZG,1965,-0.452253863397502
MDG,NY.GDP.MKTP.KD.ZG,1964,3.96251884651457
MDG,NY.GDP.MKTP.KD.ZG,1963,-0.929401622790394
MDG,NY.GDP.MKTP.KD.ZG,1962,2.27106970111232
MDG,NY.GDP.MKTP.KD.ZG,1961,2.04863275061248
MDG,NY.GDP.MKTP.KD.ZG,1960,
MWI,NY.GDP.MKTP.KD.ZG,2025,
MWI,NY.GDP.MKTP.KD.ZG,2024,1.6734340852915
MWI,NY.GDP.MKTP.KD.ZG,2023,1.94575281675984
MWI,NY.GDP.MKTP.KD.ZG,2022,0.921115069005936
MWI,NY.GDP.MKTP.KD.ZG,2021,4.55829212016083
MWI,NY.GDP.MKTP.KD.ZG,2020,0.793596429787286
MWI,NY.GDP.MKTP.KD.ZG,2019,5.71682519194337
MWI,NY.GDP.MKTP.KD.ZG,2018,4.35356471619211
MWI,NY.GDP.MKTP.KD.ZG,2017,4.00000000089172
MWI,NY.GDP.MKTP.KD.ZG,2016,2.49999999914311
MWI,NY.GDP.MKTP.KD.ZG,2015,2.80000000003355
MWI,NY.GDP.MKTP.KD.ZG,2014,5.62527000105139
MWI,NY.GDP.MKTP.KD.ZG,2013,5.41034999817167
MWI,NY.GDP.MKTP.KD.ZG,2012,1.90000000072909
MWI,NY.GDP.MKTP.KD.ZG,2011,4.93266999813729
MWI,NY.GDP.MKTP.KD.ZG,2010,6.87406585416142
MWI,NY.GDP.MKTP.KD.ZG,2009,8.3281098524038
MWI,NY.GDP.MKTP.KD.ZG,2008,7.63973639944591
MWI,NY.GDP.MKTP.KD.ZG,2007,9.59999987683469
MWI,NY.GDP.MKTP.KD.ZG,2006,4.69999976404691
MWI,NY.GDP.MKTP.KD.ZG,2005,3.26872602317066
MWI,NY.GDP.MKTP.KD.ZG,2004,5.42049754993828
MWI,NY.GDP.MKTP.KD.ZG,2003,5.70563940467414
MWI,NY.GDP.MKTP.KD.ZG,2002,1.70000003078317
MWI,NY.GDP.MKTP.KD.ZG,2001,-4.97496361892476
MWI,NY.GDP.MKTP.KD.ZG,2000,1.57607762616895
MWI,NY.GDP.MKTP.KD.ZG,1999,3.04227813671855
MWI,NY.GDP.MKTP.KD.ZG,1998,3.89525350328424
MWI,NY.GDP.MKTP.KD.ZG,1997,3.79241909354917
MWI,NY.GDP.MKTP.KD.ZG,1996,7.3166817822397
MWI,NY.GDP.MKTP.KD.ZG,1995,16.7288173003423
MWI,NY.GDP.MKTP.KD.ZG,1994,-10.2401817116217
MWI,NY.GDP.MKTP.KD.ZG,1993,9.69184059512781
MWI,NY.GDP.MKTP.KD.ZG,1992,-7.33297833747964
MWI,NY.GDP.MKTP.KD.ZG,1991,8.73023176233838
MWI,NY.GDP.MKTP.KD.ZG,1990,5.69229463403222
MWI,NY.GDP.MKTP.KD.ZG,1989,1.34468950923568
MWI,NY.GDP.MKTP.KD.ZG,1988,3.17729140008842
MWI,NY.GDP.MKTP.KD.ZG,1987,1.62523929306924
MWI,NY.GDP.MKTP.KD.ZG,1986,-0.214802401248818
MWI,NY.GDP.MKTP.KD.ZG,1985,4.57098201312564
MWI,NY.GDP.MKTP.KD.ZG,1984,5.36030402602383
MWI,NY.GDP.MKTP.KD.ZG,1983,3.71870915084847
MWI,NY.GDP.MKTP.KD.ZG,1982,2.50345374982433
MWI,NY.GDP.MKTP.KD.ZG,1981,-5.29011927676262
MWI,NY.GDP.MKTP.KD.ZG,1980,0.406746412556402
MWI,NY.GDP.MKTP.KD.ZG,1979,4.39615373587925
MWI,NY.GDP.MKTP.KD.ZG,1978,9.74506803060488
MWI,NY.GDP.MKTP.KD.ZG,1977,4.91803136848571
MWI,NY.GDP.MKTP.KD.ZG,1976,4.99773124236455
MWI,NY.GDP.MKTP.KD.ZG,1975,6.08682380628677
MWI,NY.GDP.MKTP.KD.ZG,1974,7.17596361816257
MWI,NY.GDP.MKTP.KD.ZG,1973,2.30066157066571
MWI,NY.GDP.MKTP.KD.ZG,1972,6.23134901058584
MWI,NY.GDP.MKTP.KD.ZG,1971,16.2185636344396
MWI,NY.GDP.MKTP.KD.ZG,1970,0.479297977511649
MWI,NY.GDP.MKTP.KD.ZG,1969,5.88235989261243
MWI,NY.GDP.MKTP.KD.ZG,1968,-1.92307916774375
MWI,NY.GDP.MKTP.KD.ZG,1967,7.28154994348667
MWI,NY.GDP.MKTP.KD.ZG,1966,13.2490363222993
MWI,NY.GDP.MKTP.KD.ZG,1965,13.6164934203186
MWI,NY.GDP.MKTP.KD.ZG,1964,2.66110326799726
MWI,NY.GDP.MKTP.KD.ZG,1963,-1.39107851792824
MWI,NY.GDP.MKTP.KD.ZG,1962,0.668364743563373
MWI,NY.GDP.MKTP.KD.ZG,1961,7.63959785582064
MWI,NY.GDP.MKTP.KD.ZG,1960,
MYS,NY.GDP.MKTP.KD.ZG,2025,
MYS,NY.GDP.MKTP.KD.ZG,2024,5.10545921024041
MYS,NY.GDP.MKTP.KD.ZG,2023,3.5370638041057
MYS,NY.GDP.MKTP.KD.ZG,2022,9.03173723044451
MYS,NY.GDP.MKTP.KD.ZG,2021,3.31534954399166
MYS,NY.GDP.MKTP.KD.ZG,2020,-5.45684658426701
MYS,NY.GDP.MKTP.KD.ZG,2019,4.41318742129586
MYS,NY.GDP.MKTP.KD.ZG,2018,4.84308697634881
MYS,NY.GDP.MKTP.KD.ZG,2017,5.81272240983328
MYS,NY.GDP.MKTP.KD.ZG,2016,4.44978139761541
MYS,NY.GDP.MKTP.KD.ZG,2015,5.09153242155011
MYS,NY.GDP.MKTP.KD.ZG,2014,6.00672194558203
MYS,NY.GDP.MKTP.KD.ZG,2013,4.69372252557893
MYS,NY.GDP.MKTP.KD.ZG,2012,5.47345419253853
MYS,NY.GDP.MKTP.KD.ZG,2011,5.29391283414003
MYS,NY.GDP.MKTP.KD.ZG,2010,7.42484738326097
MYS,NY.GDP.MKTP.KD.ZG,2009,-1.51352871598714
MYS,NY.GDP.MKTP.KD.ZG,2008,4.83176988913097
MYS,NY.GDP.MKTP.KD.ZG,2007,6.29878592740947
MYS,NY.GDP.MKTP.KD.ZG,2006,5.5848470671515
MYS,NY.GDP.MKTP.KD.ZG,2005,5.33213916141486
MYS,NY.GDP.MKTP.KD.ZG,2004,6.78343772370305
MYS,NY.GDP.MKTP.KD.ZG,2003,5.7884992858875
MYS,NY.GDP.MKTP.KD.ZG,2002,5.39098830692797
MYS,NY.GDP.MKTP.KD.ZG,2001,0.517675319192861
MYS,NY.GDP.MKTP.KD.ZG,2000,8.85886816969386
MYS,NY.GDP.MKTP.KD.ZG,1999,6.13761201057692
MYS,NY.GDP.MKTP.KD.ZG,1998,-7.35941518817556
MYS,NY.GDP.MKTP.KD.ZG,1997,7.32274185035924
MYS,NY.GDP.MKTP.KD.ZG,1996,10.0027006861844
MYS,NY.GDP.MKTP.KD.ZG,1995,9.82908519730812
MYS,NY.GDP.MKTP.KD.ZG,1994,9.21204179334867
MYS,NY.GDP.MKTP.KD.ZG,1993,9.89494333377064
MYS,NY.GDP.MKTP.KD.ZG,1992,8.88511797832156
MYS,NY.GDP.MKTP.KD.ZG,1991,9.54546741443052
MYS,NY.GDP.MKTP.KD.ZG,1990,9.00852713774628
MYS,NY.GDP.MKTP.KD.ZG,1989,9.0596008665043
MYS,NY.GDP.MKTP.KD.ZG,1988,9.93771967651989
MYS,NY.GDP.MKTP.KD.ZG,1987,5.19193211272702
MYS,NY.GDP.MKTP.KD.ZG,1986,1.24059492750688
MYS,NY.GDP.MKTP.KD.ZG,1985,-1.02525025342071
MYS,NY.GDP.MKTP.KD.ZG,1984,7.76179012218883
MYS,NY.GDP.MKTP.KD.ZG,1983,6.25223081092673
MYS,NY.GDP.MKTP.KD.ZG,1982,5.94315245801018
MYS,NY.GDP.MKTP.KD.ZG,1981,6.94210420118173
MYS,NY.GDP.MKTP.KD.ZG,1980,7.44182677934407
MYS,NY.GDP.MKTP.KD.ZG,1979,9.34909993075928
MYS,NY.GDP.MKTP.KD.ZG,1978,6.65389221500463
MYS,NY.GDP.MKTP.KD.ZG,1977,7.75305838033998
MYS,NY.GDP.MKTP.KD.ZG,1976,11.5634897772546
MYS,NY.GDP.MKTP.KD.ZG,1975,0.801068092192338
MYS,NY.GDP.MKTP.KD.ZG,1974,8.31866197361978
MYS,NY.GDP.MKTP.KD.ZG,1973,11.7010816119945
MYS,NY.GDP.MKTP.KD.ZG,1972,9.38844499098961
MYS,NY.GDP.MKTP.KD.ZG,1971,10.0346605803438
MYS,NY.GDP.MKTP.KD.ZG,1970,5.98653863031986
MYS,NY.GDP.MKTP.KD.ZG,1969,4.88853365256124
MYS,NY.GDP.MKTP.KD.ZG,1968,7.97799464201174
MYS,NY.GDP.MKTP.KD.ZG,1967,3.85714649161983
MYS,NY.GDP.MKTP.KD.ZG,1966,7.81671102618819
MYS,NY.GDP.MKTP.KD.ZG,1965,7.68486347467319
MYS,NY.GDP.MKTP.KD.ZG,1964,5.35896290971056
MYS,NY.GDP.MKTP.KD.ZG,1963,7.33880352682334
MYS,NY.GDP.MKTP.KD.ZG,1962,6.42102960904312
MYS,NY.GDP.MKTP.KD.ZG,1961,7.59799400028281
MYS,NY.GDP.MKTP.KD.ZG,1960,
MDV,NY.GDP.MKTP.KD.ZG,2025,
MDV,NY.GDP.MKTP.KD.ZG,2024,3.49440422654285
MDV,NY.GDP.MKTP.KD.ZG,2023,4.94286301229583
MDV,NY.GDP.MKTP.KD.ZG,2022,13.8260895184139
MDV,NY.GDP.MKTP.KD.ZG,2021,37.507870124321
MDV,NY.GDP.MKTP.KD.ZG,2020,-32.9088287752921
MDV,NY.GDP.MKTP.KD.ZG,2019,6.92305989050099
MDV,NY.GDP.MKTP.KD.ZG,2018,8.5689555834747
MDV,NY.GDP.MKTP.KD.ZG,2017,7.07442863215275
MDV,NY.GDP.MKTP.KD.ZG,2016,6.37528306716864
MDV,NY.GDP.MKTP.KD.ZG,2015,3.86813536494475
MDV,NY.GDP.MKTP.KD.ZG,2014,7.86068643108074
MDV,NY.GDP.MKTP.KD.ZG,2013,6.97496226412528
MDV,NY.GDP.MKTP.KD.ZG,2012,2.38928797963442
MDV,NY.GDP.MKTP.KD.ZG,2011,8.84342600490342
MDV,NY.GDP.MKTP.KD.ZG,2010,6.7854678229144
MDV,NY.GDP.MKTP.KD.ZG,2009,-8.34069861571051
MDV,NY.GDP.MKTP.KD.ZG,2008,8.97645459033633
MDV,NY.GDP.MKTP.KD.ZG,2007,7.13338024717898
MDV,NY.GDP.MKTP.KD.ZG,2006,23.6302719852686
MDV,NY.GDP.MKTP.KD.ZG,2005,-11.1773097061784
MDV,NY.GDP.MKTP.KD.ZG,2004,5.92489251113133
MDV,NY.GDP.MKTP.KD.ZG,2003,13.7500496410836
MDV,NY.GDP.MKTP.KD.ZG,2002,7.26838656139654
MDV,NY.GDP.MKTP.KD.ZG,2001,-3.94363452271253
MDV,NY.GDP.MKTP.KD.ZG,2000,3.84581040832157
MDV,NY.GDP.MKTP.KD.ZG,1999,6.17565592929535
MDV,NY.GDP.MKTP.KD.ZG,1998,7.4946829140504
MDV,NY.GDP.MKTP.KD.ZG,1997,8.39794100450224
MDV,NY.GDP.MKTP.KD.ZG,1996,7.85864699857959
MDV,NY.GDP.MKTP.KD.ZG,1995,12.9857843069314
MDV,NY.GDP.MKTP.KD.ZG,1994,7.74948623307952
MDV,NY.GDP.MKTP.KD.ZG,1993,5.55676907924001
MDV,NY.GDP.MKTP.KD.ZG,1992,6.67082544437399
MDV,NY.GDP.MKTP.KD.ZG,1991,1.44269605394094
MDV,NY.GDP.MKTP.KD.ZG,1990,16.9522974545621
MDV,NY.GDP.MKTP.KD.ZG,1989,9.32680833295309
MDV,NY.GDP.MKTP.KD.ZG,1988,8.73034178146668
MDV,NY.GDP.MKTP.KD.ZG,1987,8.8291556967326
MDV,NY.GDP.MKTP.KD.ZG,1986,9.36058909491051
MDV,NY.GDP.MKTP.KD.ZG,1985,15.4160435875059
MDV,NY.GDP.MKTP.KD.ZG,1984,26.9554753293923
MDV,NY.GDP.MKTP.KD.ZG,1983,16.2562954556645
MDV,NY.GDP.MKTP.KD.ZG,1982,-3.01221166353322
MDV,NY.GDP.MKTP.KD.ZG,1981,11.7647058888716
MDV,NY.GDP.MKTP.KD.ZG,1980,18.5728576106625
MDV,NY.GDP.MKTP.KD.ZG,1979,10.6642066212294
MDV,NY.GDP.MKTP.KD.ZG,1978,14.6847228465679
MDV,NY.GDP.MKTP.KD.ZG,1977,11.2523540290923
MDV,NY.GDP.MKTP.KD.ZG,1976,0.598802385709703
MDV,NY.GDP.MKTP.KD.ZG,1975,-7.98898069181037
MDV,NY.GDP.MKTP.KD.ZG,1974,5.7281553146566
MDV,NY.GDP.MKTP.KD.ZG,1973,1.57790928646529
MDV,NY.GDP.MKTP.KD.ZG,1972,2.42424241756413
MDV,NY.GDP.MKTP.KD.ZG,1971,5.20722636743771
MDV,NY.GDP.MKTP.KD.ZG,1970,
MDV,NY.GDP.MKTP.KD.ZG,1969,
MDV,NY.GDP.MKTP.KD.ZG,1968,
MDV,NY.GDP.MKTP.KD.ZG,1967,
MDV,NY.GDP.MKTP.KD.ZG,1966,
MDV,NY.GDP.MKTP.KD.ZG,1965,
MDV,NY.GDP.MKTP.KD.ZG,1964,
MDV,NY.GDP.MKTP.KD.ZG,1963,
MDV,NY.GDP.MKTP.KD.ZG,1962,
MDV,NY.GDP.MKTP.KD.ZG,1961,
MDV,NY.GDP.MKTP.KD.ZG,1960,
MLI,NY.GDP.MKTP.KD.ZG,2025,
MLI,NY.GDP.MKTP.KD.ZG,2024,4.99226917482922
MLI,NY.GDP.MKTP.KD.ZG,2023,4.72541109080376
MLI,NY.GDP.MKTP.KD.ZG,2022,3.70319027595568
MLI,NY.GDP.MKTP.KD.ZG,2021,3.10094124444834
MLI,NY.GDP.MKTP.KD.ZG,2020,-1.16910834828603
MLI,NY.GDP.MKTP.KD.ZG,2019,4.99999911608818
MLI,NY.GDP.MKTP.KD.ZG,2018,4.86784999991505
MLI,NY.GDP.MKTP.KD.ZG,2017,5.37554769639952
MLI,NY.GDP.MKTP.KD.ZG,2016,6.00506308559498
MLI,NY.GDP.MKTP.KD.ZG,2015,6.23887890197454
MLI,NY.GDP.MKTP.KD.ZG,2014,6.50263878409685
MLI,NY.GDP.MKTP.KD.ZG,2013,3.29068742019345
MLI,NY.GDP.MKTP.KD.ZG,2012,-1.07239924132972
MLI,NY.GDP.MKTP.KD.ZG,2011,2.93537897086446
MLI,NY.GDP.MKTP.KD.ZG,2010,5.57678859838062
MLI,NY.GDP.MKTP.KD.ZG,2009,5.45473562577585
MLI,NY.GDP.MKTP.KD.ZG,2008,3.63871070955426
MLI,NY.GDP.MKTP.KD.ZG,2007,1.76004607889122
MLI,NY.GDP.MKTP.KD.ZG,2006,3.6896026526873
MLI,NY.GDP.MKTP.KD.ZG,2005,2.53837834867178
MLI,NY.GDP.MKTP.KD.ZG,2004,1.47732490222614
MLI,NY.GDP.MKTP.KD.ZG,2003,9.79712256129343
MLI,NY.GDP.MKTP.KD.ZG,2002,3.03627540842406
MLI,NY.GDP.MKTP.KD.ZG,2001,15.8060317406145
MLI,NY.GDP.MKTP.KD.ZG,2000,-0.736019991927179
MLI,NY.GDP.MKTP.KD.ZG,1999,4.70587926246569
MLI,NY.GDP.MKTP.KD.ZG,1998,6.65326037456275
MLI,NY.GDP.MKTP.KD.ZG,1997,4.12133954321507
MLI,NY.GDP.MKTP.KD.ZG,1996,6.36569576842297
MLI,NY.GDP.MKTP.KD.ZG,1995,0.728693727529304
MLI,NY.GDP.MKTP.KD.ZG,1994,5.59168809130144
MLI,NY.GDP.MKTP.KD.ZG,1993,4.34822769920969
MLI,NY.GDP.MKTP.KD.ZG,1992,-5.05918121731715
MLI,NY.GDP.MKTP.KD.ZG,1991,12.6572078867442
MLI,NY.GDP.MKTP.KD.ZG,1990,-5.28752137337739
MLI,NY.GDP.MKTP.KD.ZG,1989,3.59496047121179
MLI,NY.GDP.MKTP.KD.ZG,1988,10.8056984434684
MLI,NY.GDP.MKTP.KD.ZG,1987,-0.771584850174861
MLI,NY.GDP.MKTP.KD.ZG,1986,-0.762659203660078
MLI,NY.GDP.MKTP.KD.ZG,1985,13.1917576039868
MLI,NY.GDP.MKTP.KD.ZG,1984,-2.81059456645639
MLI,NY.GDP.MKTP.KD.ZG,1983,-2.30134663129805
MLI,NY.GDP.MKTP.KD.ZG,1982,-8.40915367636504
MLI,NY.GDP.MKTP.KD.ZG,1981,2.24946208406604
MLI,NY.GDP.MKTP.KD.ZG,1980,-4.32583986899768
MLI,NY.GDP.MKTP.KD.ZG,1979,10.3956772105956
MLI,NY.GDP.MKTP.KD.ZG,1978,-1.46347633199147
MLI,NY.GDP.MKTP.KD.ZG,1977,6.34864719393605
MLI,NY.GDP.MKTP.KD.ZG,1976,13.6234385336645
MLI,NY.GDP.MKTP.KD.ZG,1975,11.6250491374523
MLI,NY.GDP.MKTP.KD.ZG,1974,-1.52882610238393
MLI,NY.GDP.MKTP.KD.ZG,1973,-1.45511580192959
MLI,NY.GDP.MKTP.KD.ZG,1972,5.84401643095464
MLI,NY.GDP.MKTP.KD.ZG,1971,2.56899602355884
MLI,NY.GDP.MKTP.KD.ZG,1970,6.13695486255882
MLI,NY.GDP.MKTP.KD.ZG,1969,0.230999419524053
MLI,NY.GDP.MKTP.KD.ZG,1968,3.70841019648789
MLI,NY.GDP.MKTP.KD.ZG,1967,
MLI,NY.GDP.MKTP.KD.ZG,1966,
MLI,NY.GDP.MKTP.KD.ZG,1965,
MLI,NY.GDP.MKTP.KD.ZG,1964,
MLI,NY.GDP.MKTP.KD.ZG,1963,
MLI,NY.GDP.MKTP.KD.ZG,1962,
MLI,NY.GDP.MKTP.KD.ZG,1961,
MLI,NY.GDP.MKTP.KD.ZG,1960,
MLT,NY.GDP.MKTP.KD.ZG,2025,
MLT,NY.GDP.MKTP.KD.ZG,2024,6.79990300224401
MLT,NY.GDP.MKTP.KD.ZG,2023,10.6215185022616
MLT,NY.GDP.MKTP.KD.ZG,2022,2.48309993837792
MLT,NY.GDP.MKTP.KD.ZG,2021,13.4117042939322
MLT,NY.GDP.MKTP.KD.ZG,2020,-3.45728276294712
MLT,NY.GDP.MKTP.KD.ZG,2019,4.08505582134097
MLT,NY.GDP.MKTP.KD.ZG,2018,7.18921479603796
MLT,NY.GDP.MKTP.KD.ZG,2017,12.9713424962459
MLT,NY.GDP.MKTP.KD.ZG,2016,4.07800355932196
MLT,NY.GDP.MKTP.KD.ZG,2015,9.62070315764963
MLT,NY.GDP.MKTP.KD.ZG,2014,7.63136360845897
MLT,NY.GDP.MKTP.KD.ZG,2013,6.29233375866998
MLT,NY.GDP.MKTP.KD.ZG,2012,4.10167392241412
MLT,NY.GDP.MKTP.KD.ZG,2011,0.99220191192282
MLT,NY.GDP.MKTP.KD.ZG,2010,6.19735041110465
MLT,NY.GDP.MKTP.KD.ZG,2009,-1.39524973471087
MLT,NY.GDP.MKTP.KD.ZG,2008,4.41059660584338
MLT,NY.GDP.MKTP.KD.ZG,2007,5.03640168136971
MLT,NY.GDP.MKTP.KD.ZG,2006,2.33618945029086
MLT,NY.GDP.MKTP.KD.ZG,2005,2.88123523900146
MLT,NY.GDP.MKTP.KD.ZG,2004,0.407354470561188
MLT,NY.GDP.MKTP.KD.ZG,2003,3.69331046215919
MLT,NY.GDP.MKTP.KD.ZG,2002,2.74113514481881
MLT,NY.GDP.MKTP.KD.ZG,2001,-0.757203079411141
MLT,NY.GDP.MKTP.KD.ZG,2000,19.6812692571542
MLT,NY.GDP.MKTP.KD.ZG,1999,4.71997595160968
MLT,NY.GDP.MKTP.KD.ZG,1998,5.12560097165955
MLT,NY.GDP.MKTP.KD.ZG,1997,5.25698091440572
MLT,NY.GDP.MKTP.KD.ZG,1996,3.77733566668861
MLT,NY.GDP.MKTP.KD.ZG,1995,6.34249258769448
MLT,NY.GDP.MKTP.KD.ZG,1994,5.65110409211232
MLT,NY.GDP.MKTP.KD.ZG,1993,4.48074912682689
MLT,NY.GDP.MKTP.KD.ZG,1992,4.69093217230623
MLT,NY.GDP.MKTP.KD.ZG,1991,6.25649306881415
MLT,NY.GDP.MKTP.KD.ZG,1990,6.29139095831148
MLT,NY.GDP.MKTP.KD.ZG,1989,8.17910558124002
MLT,NY.GDP.MKTP.KD.ZG,1988,8.41423629574032
MLT,NY.GDP.MKTP.KD.ZG,1987,4.11051445185959
MLT,NY.GDP.MKTP.KD.ZG,1986,3.88519000696455
MLT,NY.GDP.MKTP.KD.ZG,1985,2.58527966638211
MLT,NY.GDP.MKTP.KD.ZG,1984,0.942370935479602
MLT,NY.GDP.MKTP.KD.ZG,1983,-0.612390116892001
MLT,NY.GDP.MKTP.KD.ZG,1982,2.28445230555327
MLT,NY.GDP.MKTP.KD.ZG,1981,3.31176207442611
MLT,NY.GDP.MKTP.KD.ZG,1980,7.04971121492038
MLT,NY.GDP.MKTP.KD.ZG,1979,10.490773167609
MLT,NY.GDP.MKTP.KD.ZG,1978,11.1611581906178
MLT,NY.GDP.MKTP.KD.ZG,1977,12.1841698013333
MLT,NY.GDP.MKTP.KD.ZG,1976,17.0170895648023
MLT,NY.GDP.MKTP.KD.ZG,1975,19.5600808646505
MLT,NY.GDP.MKTP.KD.ZG,1974,10.036403959707
MLT,NY.GDP.MKTP.KD.ZG,1973,4.1461383732607
MLT,NY.GDP.MKTP.KD.ZG,1972,5.83832702652094
MLT,NY.GDP.MKTP.KD.ZG,1971,2.45399361227831
MLT,NY.GDP.MKTP.KD.ZG,1970,
MLT,NY.GDP.MKTP.KD.ZG,1969,
MLT,NY.GDP.MKTP.KD.ZG,1968,
MLT,NY.GDP.MKTP.KD.ZG,1967,
MLT,NY.GDP.MKTP.KD.ZG,1966,
MLT,NY.GDP.MKTP.KD.ZG,1965,
MLT,NY.GDP.MKTP.KD.ZG,1964,
MLT,NY.GDP.MKTP.KD.ZG,1963,
MLT,NY.GDP.MKTP.KD.ZG,1962,
MLT,NY.GDP.MKTP.KD.ZG,1961,
MLT,NY.GDP.MKTP.KD.ZG,1960,
MHL,NY.GDP.MKTP.KD.ZG,2025,
MHL,NY.GDP.MKTP.KD.ZG,2024,2.50192717852873
MHL,NY.GDP.MKTP.KD.ZG,2023,-5.00791779654826
MHL,NY.GDP.MKTP.KD.ZG,2022,-0.700563926576777
MHL,NY.GDP.MKTP.KD.ZG,2021,2.15938183019058
MHL,NY.GDP.MKTP.KD.ZG,2020,-2.77288732394366
MHL,NY.GDP.MKTP.KD.ZG,2019,10.4521147301896
MHL,NY.GDP.MKTP.KD.ZG,2018,5.48717948717949
MHL,NY.GDP.MKTP.KD.ZG,2017,3.55815188528943
MHL,NY.GDP.MKTP.KD.ZG,2016,2.5040827436037
MHL,NY.GDP.MKTP.KD.ZG,2015,1.88574597892401
MHL,NY.GDP.MKTP.KD.ZG,2014,-1.25958378970427
MHL,NY.GDP.MKTP.KD.ZG,2013,3.80898237635019
MHL,NY.GDP.MKTP.KD.ZG,2012,-1.29068462401796
MHL,NY.GDP.MKTP.KD.ZG,2011,-0.502512562814076
MHL,NY.GDP.MKTP.KD.ZG,2010,5.53918680023571
MHL,NY.GDP.MKTP.KD.ZG,2009,3.66524129505193
MHL,NY.GDP.MKTP.KD.ZG,2008,-7.56634669678148
MHL,NY.GDP.MKTP.KD.ZG,2007,3.68852459016394
MHL,NY.GDP.MKTP.KD.ZG,2006,0.175953079178882
MHL,NY.GDP.MKTP.KD.ZG,2005,1.79104477611941
MHL,NY.GDP.MKTP.KD.ZG,2004,-0.408355471416314
MHL,NY.GDP.MKTP.KD.ZG,2003,-1.56167510462087
MHL,NY.GDP.MKTP.KD.ZG,2002,3.63579015049041
MHL,NY.GDP.MKTP.KD.ZG,2001,6.93004446202892
MHL,NY.GDP.MKTP.KD.ZG,2000,2.45443006851272
MHL,NY.GDP.MKTP.KD.ZG,1999,-1.33472157840318
MHL,NY.GDP.MKTP.KD.ZG,1998,-0.674095984599532
MHL,NY.GDP.MKTP.KD.ZG,1997,-6.4456755576108
MHL,NY.GDP.MKTP.KD.ZG,1996,-10.3029571066249
MHL,NY.GDP.MKTP.KD.ZG,1995,8.21329431843584
MHL,NY.GDP.MKTP.KD.ZG,1994,5.87769745883959
MHL,NY.GDP.MKTP.KD.ZG,1993,6.00624977598774
MHL,NY.GDP.MKTP.KD.ZG,1992,7.14088119818035
MHL,NY.GDP.MKTP.KD.ZG,1991,0.0877993120756031
MHL,NY.GDP.MKTP.KD.ZG,1990,2.67624654001773
MHL,NY.GDP.MKTP.KD.ZG,1989,-1.69160864306495
MHL,NY.GDP.MKTP.KD.ZG,1988,7.78904656015229
MHL,NY.GDP.MKTP.KD.ZG,1987,9.36375397249417
MHL,NY.GDP.MKTP.KD.ZG,1986,24.5424987637753
MHL,NY.GDP.MKTP.KD.ZG,1985,-6.25729173068993
MHL,NY.GDP.MKTP.KD.ZG,1984,3.8660250433562
MHL,NY.GDP.MKTP.KD.ZG,1983,15.5080039135055
MHL,NY.GDP.MKTP.KD.ZG,1982,4.8312289320168
MHL,NY.GDP.MKTP.KD.ZG,1981,6.43651281900321
MHL,NY.GDP.MKTP.KD.ZG,1980,-7.19522267447481
MHL,NY.GDP.MKTP.KD.ZG,1979,2.1353285160797
MHL,NY.GDP.MKTP.KD.ZG,1978,5.62390414590249
MHL,NY.GDP.MKTP.KD.ZG,1977,2.43024226925175
MHL,NY.GDP.MKTP.KD.ZG,1976,0.361333947705901
MHL,NY.GDP.MKTP.KD.ZG,1975,0.0602602050046528
MHL,NY.GDP.MKTP.KD.ZG,1974,15.3231418916795
MHL,NY.GDP.MKTP.KD.ZG,1973,33.9227598520054
MHL,NY.GDP.MKTP.KD.ZG,1972,1.08184217262028
MHL,NY.GDP.MKTP.KD.ZG,1971,2.30991167674838
MHL,NY.GDP.MKTP.KD.ZG,1970,
MHL,NY.GDP.MKTP.KD.ZG,1969,
MHL,NY.GDP.MKTP.KD.ZG,1968,
MHL,NY.GDP.MKTP.KD.ZG,1967,
MHL,NY.GDP.MKTP.KD.ZG,1966,
MHL,NY.GDP.MKTP.KD.ZG,1965,
MHL,NY.GDP.MKTP.KD.ZG,1964,
MHL,NY.GDP.MKTP.KD.ZG,1963,
MHL,NY.GDP.MKTP.KD.ZG,1962,
MHL,NY.GDP.MKTP.KD.ZG,1961,
MHL,NY.GDP.MKTP.KD.ZG,1960,
MRT,NY.GDP.MKTP.KD.ZG,2025,
MRT,NY.GDP.MKTP.KD.ZG,2024,6.30760213290844
MRT,NY.GDP.MKTP.KD.ZG,2023,6.80949001978621
MRT,NY.GDP.MKTP.KD.ZG,2022,6.79600500489967
MRT,NY.GDP.MKTP.KD.ZG,2021,0.742715486567747
MRT,NY.GDP.MKTP.KD.ZG,2020,-0.360657384151068
MRT,NY.GDP.MKTP.KD.ZG,2019,3.14100489306969
MRT,NY.GDP.MKTP.KD.ZG,2018,4.77217365692621
MRT,NY.GDP.MKTP.KD.ZG,2017,6.27054566937677
MRT,NY.GDP.MKTP.KD.ZG,2016,1.26090923067225
MRT,NY.GDP.MKTP.KD.ZG,2015,5.37633924099251
MRT,NY.GDP.MKTP.KD.ZG,2014,4.27482328814457
MRT,NY.GDP.MKTP.KD.ZG,2013,4.1508131898954
MRT,NY.GDP.MKTP.KD.ZG,2012,4.47001319170479
MRT,NY.GDP.MKTP.KD.ZG,2011,4.17278327815399
MRT,NY.GDP.MKTP.KD.ZG,2010,2.62022948104543
MRT,NY.GDP.MKTP.KD.ZG,2009,0.0978759143320076
MRT,NY.GDP.MKTP.KD.ZG,2008,-0.331079223430805
MRT,NY.GDP.MKTP.KD.ZG,2007,-1.96942274988409
MRT,NY.GDP.MKTP.KD.ZG,2006,18.3331986932345
MRT,NY.GDP.MKTP.KD.ZG,2005,8.56628732009419
MRT,NY.GDP.MKTP.KD.ZG,2004,4.73275787510946
MRT,NY.GDP.MKTP.KD.ZG,2003,6.92826957568474
MRT,NY.GDP.MKTP.KD.ZG,2002,1.38148396045266
MRT,NY.GDP.MKTP.KD.ZG,2001,-0.799493830035985
MRT,NY.GDP.MKTP.KD.ZG,2000,-3.91802585208993
MRT,NY.GDP.MKTP.KD.ZG,1999,3.67317831340802
MRT,NY.GDP.MKTP.KD.ZG,1998,2.77780479737011
MRT,NY.GDP.MKTP.KD.ZG,1997,-4.04469654678225
MRT,NY.GDP.MKTP.KD.ZG,1996,5.81882663043622
MRT,NY.GDP.MKTP.KD.ZG,1995,9.81980039567452
MRT,NY.GDP.MKTP.KD.ZG,1994,-3.06073216744799
MRT,NY.GDP.MKTP.KD.ZG,1993,5.87363742064267
MRT,NY.GDP.MKTP.KD.ZG,1992,1.8741257364962
MRT,NY.GDP.MKTP.KD.ZG,1991,1.78808726312198
MRT,NY.GDP.MKTP.KD.ZG,1990,-1.77130453327383
MRT,NY.GDP.MKTP.KD.ZG,1989,4.77758542001072
MRT,NY.GDP.MKTP.KD.ZG,1988,1.72039797622097
MRT,NY.GDP.MKTP.KD.ZG,1987,1.90038415182198
MRT,NY.GDP.MKTP.KD.ZG,1986,5.71357935480461
MRT,NY.GDP.MKTP.KD.ZG,1985,2.99476050442853
MRT,NY.GDP.MKTP.KD.ZG,1984,-3.2268644524965
MRT,NY.GDP.MKTP.KD.ZG,1983,3.73534202712098
MRT,NY.GDP.MKTP.KD.ZG,1982,-2.33992412241979
MRT,NY.GDP.MKTP.KD.ZG,1981,3.45028841966048
MRT,NY.GDP.MKTP.KD.ZG,1980,3.37121021902442
MRT,NY.GDP.MKTP.KD.ZG,1979,4.79003983768619
MRT,NY.GDP.MKTP.KD.ZG,1978,-0.504713833016041
MRT,NY.GDP.MKTP.KD.ZG,1977,-1.87859368235064
MRT,NY.GDP.MKTP.KD.ZG,1976,8.54610493021579
MRT,NY.GDP.MKTP.KD.ZG,1975,-5.13437444709415
MRT,NY.GDP.MKTP.KD.ZG,1974,12.1626110590569
MRT,NY.GDP.MKTP.KD.ZG,1973,-4.58475693319915
MRT,NY.GDP.MKTP.KD.ZG,1972,-0.732907867878879
MRT,NY.GDP.MKTP.KD.ZG,1971,1.84288643786725
MRT,NY.GDP.MKTP.KD.ZG,1970,11.985931150312
MRT,NY.GDP.MKTP.KD.ZG,1969,1.24853208914932
MRT,NY.GDP.MKTP.KD.ZG,1968,10.1964426246682
MRT,NY.GDP.MKTP.KD.ZG,1967,3.56713289695298
MRT,NY.GDP.MKTP.KD.ZG,1966,0.230961966714773
MRT,NY.GDP.MKTP.KD.ZG,1965,16.1383305020503
MRT,NY.GDP.MKTP.KD.ZG,1964,27.6908863519324
MRT,NY.GDP.MKTP.KD.ZG,1963,-1.9837675752011
MRT,NY.GDP.MKTP.KD.ZG,1962,0.726608378640378
MRT,NY.GDP.MKTP.KD.ZG,1961,
MRT,NY.GDP.MKTP.KD.ZG,1960,
MUS,NY.GDP.MKTP.KD.ZG,2025,
MUS,NY.GDP.MKTP.KD.ZG,2024,4.92512304864294
MUS,NY.GDP.MKTP.KD.ZG,2023,5.00791900868131
MUS,NY.GDP.MKTP.KD.ZG,2022,8.69306675264066
MUS,NY.GDP.MKTP.KD.ZG,2021,3.40379866177662
MUS,NY.GDP.MKTP.KD.ZG,2020,-14.5465381490166
MUS,NY.GDP.MKTP.KD.ZG,2019,2.89128499346516
MUS,NY.GDP.MKTP.KD.ZG,2018,4.00674057198549
MUS,NY.GDP.MKTP.KD.ZG,2017,3.93798380632353
MUS,NY.GDP.MKTP.KD.ZG,2016,3.8624682634
MUS,NY.GDP.MKTP.KD.ZG,2015,3.69055690369433
MUS,NY.GDP.MKTP.KD.ZG,2014,3.82696982009337
MUS,NY.GDP.MKTP.KD.ZG,2013,3.36040609974133
MUS,NY.GDP.MKTP.KD.ZG,2012,3.49611836470866
MUS,NY.GDP.MKTP.KD.ZG,2011,4.07753806610333
MUS,NY.GDP.MKTP.KD.ZG,2010,4.37720322344293
MUS,NY.GDP.MKTP.KD.ZG,2009,3.31507699790781
MUS,NY.GDP.MKTP.KD.ZG,2008,5.38696254207251
MUS,NY.GDP.MKTP.KD.ZG,2007,5.72701615981669
MUS,NY.GDP.MKTP.KD.ZG,2006,4.8655446077553
MUS,NY.GDP.MKTP.KD.ZG,2005,1.77754302034454
MUS,NY.GDP.MKTP.KD.ZG,2004,4.33001985464357
MUS,NY.GDP.MKTP.KD.ZG,2003,5.92544548947731
MUS,NY.GDP.MKTP.KD.ZG,2002,1.61491865862433
MUS,NY.GDP.MKTP.KD.ZG,2001,3.34754072731407
MUS,NY.GDP.MKTP.KD.ZG,2000,8.20279174865273
MUS,NY.GDP.MKTP.KD.ZG,1999,2.61093234413026
MUS,NY.GDP.MKTP.KD.ZG,1998,6.07194017756214
MUS,NY.GDP.MKTP.KD.ZG,1997,5.68747741886635
MUS,NY.GDP.MKTP.KD.ZG,1996,5.58784392666244
MUS,NY.GDP.MKTP.KD.ZG,1995,4.28773657145238
MUS,NY.GDP.MKTP.KD.ZG,1994,4.13614286145543
MUS,NY.GDP.MKTP.KD.ZG,1993,5.0820629557426
MUS,NY.GDP.MKTP.KD.ZG,1992,6.51269858283499
MUS,NY.GDP.MKTP.KD.ZG,1991,4.43544626177179
MUS,NY.GDP.MKTP.KD.ZG,1990,7.18673677096029
MUS,NY.GDP.MKTP.KD.ZG,1989,4.46514860724652
MUS,NY.GDP.MKTP.KD.ZG,1988,6.79134674767192
MUS,NY.GDP.MKTP.KD.ZG,1987,8.89103982665314
MUS,NY.GDP.MKTP.KD.ZG,1986,9.742033321316
MUS,NY.GDP.MKTP.KD.ZG,1985,6.9544754614702
MUS,NY.GDP.MKTP.KD.ZG,1984,4.69838572777768
MUS,NY.GDP.MKTP.KD.ZG,1983,0.383795309593225
MUS,NY.GDP.MKTP.KD.ZG,1982,5.49707592772934
MUS,NY.GDP.MKTP.KD.ZG,1981,5.8823529013973
MUS,NY.GDP.MKTP.KD.ZG,1980,-10.0612584967252
MUS,NY.GDP.MKTP.KD.ZG,1979,3.51652574676662
MUS,NY.GDP.MKTP.KD.ZG,1978,3.83080608607303
MUS,NY.GDP.MKTP.KD.ZG,1977,6.54761905410257
MUS,NY.GDP.MKTP.KD.ZG,1976,23.7524440170883
MUS,NY.GDP.MKTP.KD.ZG,1975,0.906090279353336
MUS,NY.GDP.MKTP.KD.ZG,1974,8.81182619793313
MUS,NY.GDP.MKTP.KD.ZG,1973,11.9816863254232
MUS,NY.GDP.MKTP.KD.ZG,1972,8.346362138584
MUS,NY.GDP.MKTP.KD.ZG,1971,4.27356344804602
MUS,NY.GDP.MKTP.KD.ZG,1970,-0.402343022292044
MUS,NY.GDP.MKTP.KD.ZG,1969,4.93297089035192
MUS,NY.GDP.MKTP.KD.ZG,1968,-6.88965573613312
MUS,NY.GDP.MKTP.KD.ZG,1967,4.38412936446954
MUS,NY.GDP.MKTP.KD.ZG,1966,-3.56820454752456
MUS,NY.GDP.MKTP.KD.ZG,1965,3.1969798965965
MUS,NY.GDP.MKTP.KD.ZG,1964,-6.889492993565
MUS,NY.GDP.MKTP.KD.ZG,1963,13.8945256143361
MUS,NY.GDP.MKTP.KD.ZG,1962,0.806486902725595
MUS,NY.GDP.MKTP.KD.ZG,1961,22.8490949956659
MUS,NY.GDP.MKTP.KD.ZG,1960,
MEX,NY.GDP.MKTP.KD.ZG,2025,
MEX,NY.GDP.MKTP.KD.ZG,2024,1.42742769080466
MEX,NY.GDP.MKTP.KD.ZG,2023,3.35354140652768
MEX,NY.GDP.MKTP.KD.ZG,2022,3.70975709163623
MEX,NY.GDP.MKTP.KD.ZG,2021,6.0484834621255
MEX,NY.GDP.MKTP.KD.ZG,2020,-8.35403458167995
MEX,NY.GDP.MKTP.KD.ZG,2019,-0.392690505066824
MEX,NY.GDP.MKTP.KD.ZG,2018,1.97208209405635
MEX,NY.GDP.MKTP.KD.ZG,2017,1.87172853327193
MEX,NY.GDP.MKTP.KD.ZG,2016,1.77249323845399
MEX,NY.GDP.MKTP.KD.ZG,2015,2.70232342550646
MEX,NY.GDP.MKTP.KD.ZG,2014,2.50376350288664
MEX,NY.GDP.MKTP.KD.ZG,2013,0.852101559410627
MEX,NY.GDP.MKTP.KD.ZG,2012,3.55321075993527
MEX,NY.GDP.MKTP.KD.ZG,2011,3.44404505794418
MEX,NY.GDP.MKTP.KD.ZG,2010,4.9713345832195
MEX,NY.GDP.MKTP.KD.ZG,2009,-6.29525055780502
MEX,NY.GDP.MKTP.KD.ZG,2008,0.943331863036903
MEX,NY.GDP.MKTP.KD.ZG,2007,2.07786393438754
MEX,NY.GDP.MKTP.KD.ZG,2006,4.80501352746852
MEX,NY.GDP.MKTP.KD.ZG,2005,2.11324712586392
MEX,NY.GDP.MKTP.KD.ZG,2004,3.56544100946846
MEX,NY.GDP.MKTP.KD.ZG,2003,1.18554486709559
MEX,NY.GDP.MKTP.KD.ZG,2002,-0.236588001922641
MEX,NY.GDP.MKTP.KD.ZG,2001,-0.450845253215945
MEX,NY.GDP.MKTP.KD.ZG,2000,5.02928399378261
MEX,NY.GDP.MKTP.KD.ZG,1999,2.75503039300564
MEX,NY.GDP.MKTP.KD.ZG,1998,6.18507893082885
MEX,NY.GDP.MKTP.KD.ZG,1997,7.19887615284711
MEX,NY.GDP.MKTP.KD.ZG,1996,6.21829715869302
MEX,NY.GDP.MKTP.KD.ZG,1995,-5.91029962358286
MEX,NY.GDP.MKTP.KD.ZG,1994,4.39412788764169
MEX,NY.GDP.MKTP.KD.ZG,1993,2.86699945461075
MEX,NY.GDP.MKTP.KD.ZG,1992,3.56861354412243
MEX,NY.GDP.MKTP.KD.ZG,1991,3.97590497138043
MEX,NY.GDP.MKTP.KD.ZG,1990,5.25004329944582
MEX,NY.GDP.MKTP.KD.ZG,1989,3.62544873456009
MEX,NY.GDP.MKTP.KD.ZG,1988,1.21826122938586
MEX,NY.GDP.MKTP.KD.ZG,1987,2.06336322631584
MEX,NY.GDP.MKTP.KD.ZG,1986,-3.92995990782299
MEX,NY.GDP.MKTP.KD.ZG,1985,1.91921578613494
MEX,NY.GDP.MKTP.KD.ZG,1984,3.51341334932273
MEX,NY.GDP.MKTP.KD.ZG,1983,-4.62412795987231
MEX,NY.GDP.MKTP.KD.ZG,1982,-0.0495863656386035
MEX,NY.GDP.MKTP.KD.ZG,1981,9.58584115454994
MEX,NY.GDP.MKTP.KD.ZG,1980,8.75662242586424
MEX,NY.GDP.MKTP.KD.ZG,1979,9.69817013704461
MEX,NY.GDP.MKTP.KD.ZG,1978,8.95694232786306
MEX,NY.GDP.MKTP.KD.ZG,1977,3.39063970656844
MEX,NY.GDP.MKTP.KD.ZG,1976,4.41744413626853
MEX,NY.GDP.MKTP.KD.ZG,1975,5.74448504862428
MEX,NY.GDP.MKTP.KD.ZG,1974,5.77682723020618
MEX,NY.GDP.MKTP.KD.ZG,1973,7.86111986063614
MEX,NY.GDP.MKTP.KD.ZG,1972,8.22880731245257
MEX,NY.GDP.MKTP.KD.ZG,1971,3.76246768495716
MEX,NY.GDP.MKTP.KD.ZG,1970,6.50248403469675
MEX,NY.GDP.MKTP.KD.ZG,1969,3.41862002349839
MEX,NY.GDP.MKTP.KD.ZG,1968,9.42327881831926
MEX,NY.GDP.MKTP.KD.ZG,1967,5.85492487897324
MEX,NY.GDP.MKTP.KD.ZG,1966,6.09613930256681
MEX,NY.GDP.MKTP.KD.ZG,1965,7.09999999747173
MEX,NY.GDP.MKTP.KD.ZG,1964,11.9054807657866
MEX,NY.GDP.MKTP.KD.ZG,1963,8.10688692761114
MEX,NY.GDP.MKTP.KD.ZG,1962,4.66441467253127
MEX,NY.GDP.MKTP.KD.ZG,1961,5.00000000072309
MEX,NY.GDP.MKTP.KD.ZG,1960,
FSM,NY.GDP.MKTP.KD.ZG,2025,
FSM,NY.GDP.MKTP.KD.ZG,2024,0.718990177344025
FSM,NY.GDP.MKTP.KD.ZG,2023,0.453118220707168
FSM,NY.GDP.MKTP.KD.ZG,2022,-2.90588999868474
FSM,NY.GDP.MKTP.KD.ZG,2021,3.09969928290539
FSM,NY.GDP.MKTP.KD.ZG,2020,-1.67294117647059
FSM,NY.GDP.MKTP.KD.ZG,2019,4.08163265306123
FSM,NY.GDP.MKTP.KD.ZG,2018,0.0
FSM,NY.GDP.MKTP.KD.ZG,2017,2.17575003627566
FSM,NY.GDP.MKTP.KD.ZG,2016,0.942726461831327
FSM,NY.GDP.MKTP.KD.ZG,2015,4.43363849623874
FSM,NY.GDP.MKTP.KD.ZG,2014,-2.58581649978665
FSM,NY.GDP.MKTP.KD.ZG,2013,-3.67642942893428
FSM,NY.GDP.MKTP.KD.ZG,2012,-1.69422024723235
FSM,NY.GDP.MKTP.KD.ZG,2011,3.7837208928099
FSM,NY.GDP.MKTP.KD.ZG,2010,2.06618820882574
FSM,NY.GDP.MKTP.KD.ZG,2009,1.09846663749369
FSM,NY.GDP.MKTP.KD.ZG,2008,-2.5834881422762
FSM,NY.GDP.MKTP.KD.ZG,2007,-1.72367428324624
FSM,NY.GDP.MKTP.KD.ZG,2006,-0.198978337483553
FSM,NY.GDP.MKTP.KD.ZG,2005,2.31413355373383
FSM,NY.GDP.MKTP.KD.ZG,2004,-3.19038314015573
FSM,NY.GDP.MKTP.KD.ZG,2003,1.76276569060707
FSM,NY.GDP.MKTP.KD.ZG,2002,0.443232388562762
FSM,NY.GDP.MKTP.KD.ZG,2001,1.82014181387615
FSM,NY.GDP.MKTP.KD.ZG,2000,4.62457361932451
FSM,NY.GDP.MKTP.KD.ZG,1999,1.12879197102525
FSM,NY.GDP.MKTP.KD.ZG,1998,2.83680953653287
FSM,NY.GDP.MKTP.KD.ZG,1997,-6.21107419101304
FSM,NY.GDP.MKTP.KD.ZG,1996,-3.33904592536733
FSM,NY.GDP.MKTP.KD.ZG,1995,7.01446484549948
FSM,NY.GDP.MKTP.KD.ZG,1994,-0.534521158129408
FSM,NY.GDP.MKTP.KD.ZG,1993,8.14065510597315
FSM,NY.GDP.MKTP.KD.ZG,1992,4.00801603206385
FSM,NY.GDP.MKTP.KD.ZG,1991,7.42734122712645
FSM,NY.GDP.MKTP.KD.ZG,1990,3.74092685650469
FSM,NY.GDP.MKTP.KD.ZG,1989,3.52601156069341
FSM,NY.GDP.MKTP.KD.ZG,1988,2.54890337877882
FSM,NY.GDP.MKTP.KD.ZG,1987,1.19976004799031
FSM,NY.GDP.MKTP.KD.ZG,1986,7.97934730131362
FSM,NY.GDP.MKTP.KD.ZG,1985,16.5506760705723
FSM,NY.GDP.MKTP.KD.ZG,1984,-3.95249848429505
FSM,NY.GDP.MKTP.KD.ZG,1983,1.92999683713479
FSM,NY.GDP.MKTP.KD.ZG,1982,-2.6210641212119
FSM,NY.GDP.MKTP.KD.ZG,1981,9.72372488530095
FSM,NY.GDP.MKTP.KD.ZG,1980,-7.19641118821272
FSM,NY.GDP.MKTP.KD.ZG,1979,2.11922371015471
FSM,NY.GDP.MKTP.KD.ZG,1978,5.6402091844802
FSM,NY.GDP.MKTP.KD.ZG,1977,2.4262143303916
FSM,NY.GDP.MKTP.KD.ZG,1976,0.356323181158572
FSM,NY.GDP.MKTP.KD.ZG,1975,0.0742880925752587
FSM,NY.GDP.MKTP.KD.ZG,1974,15.3272774471001
FSM,NY.GDP.MKTP.KD.ZG,1973,33.9300078411578
FSM,NY.GDP.MKTP.KD.ZG,1972,1.06691546739171
FSM,NY.GDP.MKTP.KD.ZG,1971,2.30157453484256
FSM,NY.GDP.MKTP.KD.ZG,1970,
FSM,NY.GDP.MKTP.KD.ZG,1969,
FSM,NY.GDP.MKTP.KD.ZG,1968,
FSM,NY.GDP.MKTP.KD.ZG,1967,
FSM,NY.GDP.MKTP.KD.ZG,1966,
FSM,NY.GDP.MKTP.KD.ZG,1965,
FSM,NY.GDP.MKTP.KD.ZG,1964,
FSM,NY.GDP.MKTP.KD.ZG,1963,
FSM,NY.GDP.MKTP.KD.ZG,1962,
FSM,NY.GDP.MKTP.KD.ZG,1961,
FSM,NY.GDP.MKTP.KD.ZG,1960,
MDA,NY.GDP.MKTP.KD.ZG,2025,
MDA,NY.GDP.MKTP.KD.ZG,2024,0.103059364371205
MDA,NY.GDP.MKTP.KD.ZG,2023,1.2000000493378
MDA,NY.GDP.MKTP.KD.ZG,2022,-4.6000000255323
MDA,NY.GDP.MKTP.KD.ZG,2021,13.9299997889786
MDA,NY.GDP.MKTP.KD.ZG,2020,-8.27597831976949
MDA,NY.GDP.MKTP.KD.ZG,2019,3.5523140853476
MDA,NY.GDP.MKTP.KD.ZG,2018,4.07559546585034
MDA,NY.GDP.MKTP.KD.ZG,2017,4.17561205106279
MDA,NY.GDP.MKTP.KD.ZG,2016,4.64601436259409
MDA,NY.GDP.MKTP.KD.ZG,2015,-0.338235622387202
MDA,NY.GDP.MKTP.KD.ZG,2014,4.99962585407656
MDA,NY.GDP.MKTP.KD.ZG,2013,9.0438656074181
MDA,NY.GDP.MKTP.KD.ZG,2012,-0.589733954762579
MDA,NY.GDP.MKTP.KD.ZG,2011,5.81816614684824
MDA,NY.GDP.MKTP.KD.ZG,2010,7.10000010705836
MDA,NY.GDP.MKTP.KD.ZG,2009,-6.00000026352828
MDA,NY.GDP.MKTP.KD.ZG,2008,7.80000014541523
MDA,NY.GDP.MKTP.KD.ZG,2007,3.00000022585525
MDA,NY.GDP.MKTP.KD.ZG,2006,4.79999983670831
MDA,NY.GDP.MKTP.KD.ZG,2005,7.5000001493726
MDA,NY.GDP.MKTP.KD.ZG,2004,7.39999973358189
MDA,NY.GDP.MKTP.KD.ZG,2003,6.59999995777716
MDA,NY.GDP.MKTP.KD.ZG,2002,7.79999965773833
MDA,NY.GDP.MKTP.KD.ZG,2001,6.10000039929173
MDA,NY.GDP.MKTP.KD.ZG,2000,2.10771608200733
MDA,NY.GDP.MKTP.KD.ZG,1999,-3.36825447657218
MDA,NY.GDP.MKTP.KD.ZG,1998,-6.54219207711182
MDA,NY.GDP.MKTP.KD.ZG,1997,1.64706456037401
MDA,NY.GDP.MKTP.KD.ZG,1996,-5.87706028626823
MDA,NY.GDP.MKTP.KD.ZG,1995,-1.39999905491376
MDA,NY.GDP.MKTP.KD.ZG,1994,-30.9000002261447
MDA,NY.GDP.MKTP.KD.ZG,1993,-1.1999999330268
MDA,NY.GDP.MKTP.KD.ZG,1992,-29.0999999176414
MDA,NY.GDP.MKTP.KD.ZG,1991,-16.0000002715149
MDA,NY.GDP.MKTP.KD.ZG,1990,
MDA,NY.GDP.MKTP.KD.ZG,1989,
MDA,NY.GDP.MKTP.KD.ZG,1988,
MDA,NY.GDP.MKTP.KD.ZG,1987,
MDA,NY.GDP.MKTP.KD.ZG,1986,
MDA,NY.GDP.MKTP.KD.ZG,1985,
MDA,NY.GDP.MKTP.KD.ZG,1984,
MDA,NY.GDP.MKTP.KD.ZG,1983,
MDA,NY.GDP.MKTP.KD.ZG,1982,
MDA,NY.GDP.MKTP.KD.ZG,1981,
MDA,NY.GDP.MKTP.KD.ZG,1980,
MDA,NY.GDP.MKTP.KD.ZG,1979,
MDA,NY.GDP.MKTP.KD.ZG,1978,
MDA,NY.GDP.MKTP.KD.ZG,1977,
MDA,NY.GDP.MKTP.KD.ZG,1976,
MDA,NY.GDP.MKTP.KD.ZG,1975,
MDA,NY.GDP.MKTP.KD.ZG,1974,
MDA,NY.GDP.MKTP.KD.ZG,1973,
MDA,NY.GDP.MKTP.KD.ZG,1972,
MDA,NY.GDP.MKTP.KD.ZG,1971,
MDA,NY.GDP.MKTP.KD.ZG,1970,
MDA,NY.GDP.MKTP.KD.ZG,1969,
MDA,NY.GDP.MKTP.KD.ZG,1968,
MDA,NY.GDP.MKTP.KD.ZG,1967,
MDA,NY.GDP.MKTP.KD.ZG,1966,
MDA,NY.GDP.MKTP.KD.ZG,1965,
MDA,NY.GDP.MKTP.KD.ZG,1964,
MDA,NY.GDP.MKTP.KD.ZG,1963,
MDA,NY.GDP.MKTP.KD.ZG,1962,
MDA,NY.GDP.MKTP.KD.ZG,1961,
MDA,NY.GDP.MKTP.KD.ZG,1960,
MCO,NY.GDP.MKTP.KD.ZG,2025,
MCO,NY.GDP.MKTP.KD.ZG,2024,8.51053758860212
MCO,NY.GDP.MKTP.KD.ZG,2023,5.44395088840088
MCO,NY.GDP.MKTP.KD.ZG,2022,11.2662955198601
MCO,NY.GDP.MKTP.KD.ZG,2021,22.2322155851208
MCO,NY.GDP.MKTP.KD.ZG,2020,-13.2391048292108
MCO,NY.GDP.MKTP.KD.ZG,2019,7.12088951975396
MCO,NY.GDP.MKTP.KD.ZG,2018,5.69790121192926
MCO,NY.GDP.MKTP.KD.ZG,2017,-3.20618323813213
MCO,NY.GDP.MKTP.KD.ZG,2016,3.00844358752744
MCO,NY.GDP.MKTP.KD.ZG,2015,4.91037176536236
MCO,NY.GDP.MKTP.KD.ZG,2014,7.18702777537968
MCO,NY.GDP.MKTP.KD.ZG,2013,9.57709832354816
MCO,NY.GDP.MKTP.KD.ZG,2012,1.01221841230461
MCO,NY.GDP.MKTP.KD.ZG,2011,7.02235694617619
MCO,NY.GDP.MKTP.KD.ZG,2010,2.06521962654098
MCO,NY.GDP.MKTP.KD.ZG,2009,-11.3369865758365
MCO,NY.GDP.MKTP.KD.ZG,2008,0.746871215179652
MCO,NY.GDP.MKTP.KD.ZG,2007,14.4375144375144
MCO,NY.GDP.MKTP.KD.ZG,2006,5.81764849670007
MCO,NY.GDP.MKTP.KD.ZG,2005,1.89541410859198
MCO,NY.GDP.MKTP.KD.ZG,2004,2.47048260499609
MCO,NY.GDP.MKTP.KD.ZG,2003,1.08753654746801
MCO,NY.GDP.MKTP.KD.ZG,2002,1.02649757327522
MCO,NY.GDP.MKTP.KD.ZG,2001,2.18773369040099
MCO,NY.GDP.MKTP.KD.ZG,2000,3.91022992758094
MCO,NY.GDP.MKTP.KD.ZG,1999,3.30053899589946
MCO,NY.GDP.MKTP.KD.ZG,1998,3.50326599643141
MCO,NY.GDP.MKTP.KD.ZG,1997,2.23724927742614
MCO,NY.GDP.MKTP.KD.ZG,1996,1.11073179729593
MCO,NY.GDP.MKTP.KD.ZG,1995,2.11715302190068
MCO,NY.GDP.MKTP.KD.ZG,1994,2.21562422660615
MCO,NY.GDP.MKTP.KD.ZG,1993,-0.913919721547302
MCO,NY.GDP.MKTP.KD.ZG,1992,1.36663952678862
MCO,NY.GDP.MKTP.KD.ZG,1991,1.01512911296157
MCO,NY.GDP.MKTP.KD.ZG,1990,2.64345417053957
MCO,NY.GDP.MKTP.KD.ZG,1989,4.1636593103912
MCO,NY.GDP.MKTP.KD.ZG,1988,4.59860147535215
MCO,NY.GDP.MKTP.KD.ZG,1987,2.48457417040042
MCO,NY.GDP.MKTP.KD.ZG,1986,2.4523646833738
MCO,NY.GDP.MKTP.KD.ZG,1985,1.70869968354268
MCO,NY.GDP.MKTP.KD.ZG,1984,1.4845156308988
MCO,NY.GDP.MKTP.KD.ZG,1983,1.194973349035
MCO,NY.GDP.MKTP.KD.ZG,1982,2.4323894752107
MCO,NY.GDP.MKTP.KD.ZG,1981,0.922378365935245
MCO,NY.GDP.MKTP.KD.ZG,1980,1.68545743376301
MCO,NY.GDP.MKTP.KD.ZG,1979,3.53420492941619
MCO,NY.GDP.MKTP.KD.ZG,1978,3.95355130351356
MCO,NY.GDP.MKTP.KD.ZG,1977,3.55323607971012
MCO,NY.GDP.MKTP.KD.ZG,1976,4.41162878464969
MCO,NY.GDP.MKTP.KD.ZG,1975,-0.972637494746181
MCO,NY.GDP.MKTP.KD.ZG,1974,4.47461105113078
MCO,NY.GDP.MKTP.KD.ZG,1973,6.55375750568663
MCO,NY.GDP.MKTP.KD.ZG,1972,4.64830962143698
MCO,NY.GDP.MKTP.KD.ZG,1971,5.22806002306334
MCO,NY.GDP.MKTP.KD.ZG,1970,
MCO,NY.GDP.MKTP.KD.ZG,1969,
MCO,NY.GDP.MKTP.KD.ZG,1968,
MCO,NY.GDP.MKTP.KD.ZG,1967,
MCO,NY.GDP.MKTP.KD.ZG,1966,
MCO,NY.GDP.MKTP.KD.ZG,1965,
MCO,NY.GDP.MKTP.KD.ZG,1964,
MCO,NY.GDP.MKTP.KD.ZG,1963,
MCO,NY.GDP.MKTP.KD.ZG,1962,
MCO,NY.GDP.MKTP.KD.ZG,1961,
MCO,NY.GDP.MKTP.KD.ZG,1960,
MNG,NY.GDP.MKTP.KD.ZG,2025,
MNG,NY.GDP.MKTP.KD.ZG,2024,5.12204539122661
MNG,NY.GDP.MKTP.KD.ZG,2023,7.4221127615025
MNG,NY.GDP.MKTP.KD.ZG,2022,5.0327096366527
MNG,NY.GDP.MKTP.KD.ZG,2021,1.63676957736662
MNG,NY.GDP.MKTP.KD.ZG,2020,-4.55775197583431
MNG,NY.GDP.MKTP.KD.ZG,2019,5.60224422064255
MNG,NY.GDP.MKTP.KD.ZG,2018,7.74488062024881
MNG,NY.GDP.MKTP.KD.ZG,2017,5.63687638694772
MNG,NY.GDP.MKTP.KD.ZG,2016,1.48978448679577
MNG,NY.GDP.MKTP.KD.ZG,2015,2.37983580731722
MNG,NY.GDP.MKTP.KD.ZG,2014,7.88522548204762
MNG,NY.GDP.MKTP.KD.ZG,2013,11.6489161878925
MNG,NY.GDP.MKTP.KD.ZG,2012,12.3198198494032
MNG,NY.GDP.MKTP.KD.ZG,2011,17.2907775869555
MNG,NY.GDP.MKTP.KD.ZG,2010,6.3651616786311
MNG,NY.GDP.MKTP.KD.ZG,2009,-1.26859893608282
MNG,NY.GDP.MKTP.KD.ZG,2008,8.90036794067551
MNG,NY.GDP.MKTP.KD.ZG,2007,10.2480163590057
MNG,NY.GDP.MKTP.KD.ZG,2006,8.55623481664365
MNG,NY.GDP.MKTP.KD.ZG,2005,7.25366543796015
MNG,NY.GDP.MKTP.KD.ZG,2004,10.6254059599309
MNG,NY.GDP.MKTP.KD.ZG,2003,7.00463457384886
MNG,NY.GDP.MKTP.KD.ZG,2002,4.73297846590111
MNG,NY.GDP.MKTP.KD.ZG,2001,2.95271054338117
MNG,NY.GDP.MKTP.KD.ZG,2000,1.14606213709108
MNG,NY.GDP.MKTP.KD.ZG,1999,3.07036901086266
MNG,NY.GDP.MKTP.KD.ZG,1998,3.33993659935817
MNG,NY.GDP.MKTP.KD.ZG,1997,3.89671358377919
MNG,NY.GDP.MKTP.KD.ZG,1996,2.23509384338665
MNG,NY.GDP.MKTP.KD.ZG,1995,6.3764268864666
MNG,NY.GDP.MKTP.KD.ZG,1994,2.13438269473237
MNG,NY.GDP.MKTP.KD.ZG,1993,-3.16879155027824
MNG,NY.GDP.MKTP.KD.ZG,1992,-9.25646570382904
MNG,NY.GDP.MKTP.KD.ZG,1991,-8.69354473126558
MNG,NY.GDP.MKTP.KD.ZG,1990,-3.18446017825207
MNG,NY.GDP.MKTP.KD.ZG,1989,4.17819574333862
MNG,NY.GDP.MKTP.KD.ZG,1988,5.10797231165017
MNG,NY.GDP.MKTP.KD.ZG,1987,3.45864847134953
MNG,NY.GDP.MKTP.KD.ZG,1986,9.37499451271673
MNG,NY.GDP.MKTP.KD.ZG,1985,5.71287226080142
MNG,NY.GDP.MKTP.KD.ZG,1984,5.93341945270095
MNG,NY.GDP.MKTP.KD.ZG,1983,5.83403795449493
MNG,NY.GDP.MKTP.KD.ZG,1982,8.34213611505781
MNG,NY.GDP.MKTP.KD.ZG,1981,
MNG,NY.GDP.MKTP.KD.ZG,1980,
MNG,NY.GDP.MKTP.KD.ZG,1979,
MNG,NY.GDP.MKTP.KD.ZG,1978,
MNG,NY.GDP.MKTP.KD.ZG,1977,
MNG,NY.GDP.MKTP.KD.ZG,1976,
MNG,NY.GDP.MKTP.KD.ZG,1975,
MNG,NY.GDP.MKTP.KD.ZG,1974,
MNG,NY.GDP.MKTP.KD.ZG,1973,
MNG,NY.GDP.MKTP.KD.ZG,1972,
MNG,NY.GDP.MKTP.KD.ZG,1971,
MNG,NY.GDP.MKTP.KD.ZG,1970,
MNG,NY.GDP.MKTP.KD.ZG,1969,
MNG,NY.GDP.MKTP.KD.ZG,1968,
MNG,NY.GDP.MKTP.KD.ZG,1967,
MNG,NY.GDP.MKTP.KD.ZG,1966,
MNG,NY.GDP.MKTP.KD.ZG,1965,
MNG,NY.GDP.MKTP.KD.ZG,1964,
MNG,NY.GDP.MKTP.KD.ZG,1963,
MNG,NY.GDP.MKTP.KD.ZG,1962,
MNG,NY.GDP.MKTP.KD.ZG,1961,
MNG,NY.GDP.MKTP.KD.ZG,1960,
MNE,NY.GDP.MKTP.KD.ZG,2025,
MNE,NY.GDP.MKTP.KD.ZG,2024,3.16409886329913
MNE,NY.GDP.MKTP.KD.ZG,2023,6.47836283518564
MNE,NY.GDP.MKTP.KD.ZG,2022,7.73954689516201
MNE,NY.GDP.MKTP.KD.ZG,2021,13.0462607426359
MNE,NY.GDP.MKTP.KD.ZG,2020,-14.9926187023533
MNE,NY.GDP.MKTP.KD.ZG,2019,4.39391565821528
MNE,NY.GDP.MKTP.KD.ZG,2018,4.73292113433965
MNE,NY.GDP.MKTP.KD.ZG,2017,3.21668504736274
MNE,NY.GDP.MKTP.KD.ZG,2016,3.4393056210999
MNE,NY.GDP.MKTP.KD.ZG,2015,2.52306333975571
MNE,NY.GDP.MKTP.KD.ZG,2014,2.37030892464516
MNE,NY.GDP.MKTP.KD.ZG,2013,3.38612548540247
MNE,NY.GDP.MKTP.KD.ZG,2012,-2.48732882965353
MNE,NY.GDP.MKTP.KD.ZG,2011,3.40978812497193
MNE,NY.GDP.MKTP.KD.ZG,2010,2.77559782547836
MNE,NY.GDP.MKTP.KD.ZG,2009,-5.99444862538753
MNE,NY.GDP.MKTP.KD.ZG,2008,6.89860030860218
MNE,NY.GDP.MKTP.KD.ZG,2007,7.13755016459636
MNE,NY.GDP.MKTP.KD.ZG,2006,8.56641802964204
MNE,NY.GDP.MKTP.KD.ZG,2005,4.18060450885471
MNE,NY.GDP.MKTP.KD.ZG,2004,4.42605071745108
MNE,NY.GDP.MKTP.KD.ZG,2003,2.48265922878505
MNE,NY.GDP.MKTP.KD.ZG,2002,1.90393673332888
MNE,NY.GDP.MKTP.KD.ZG,2001,1.09983870937087
MNE,NY.GDP.MKTP.KD.ZG,2000,3.10000005928038
MNE,NY.GDP.MKTP.KD.ZG,1999,-9.39999812435001
MNE,NY.GDP.MKTP.KD.ZG,1998,4.90000584633157
MNE,NY.GDP.MKTP.KD.ZG,1997,
MNE,NY.GDP.MKTP.KD.ZG,1996,
MNE,NY.GDP.MKTP.KD.ZG,1995,
MNE,NY.GDP.MKTP.KD.ZG,1994,
MNE,NY.GDP.MKTP.KD.ZG,1993,
MNE,NY.GDP.MKTP.KD.ZG,1992,
MNE,NY.GDP.MKTP.KD.ZG,1991,
MNE,NY.GDP.MKTP.KD.ZG,1990,
MNE,NY.GDP.MKTP.KD.ZG,1989,
MNE,NY.GDP.MKTP.KD.ZG,1988,
MNE,NY.GDP.MKTP.KD.ZG,1987,
MNE,NY.GDP.MKTP.KD.ZG,1986,
MNE,NY.GDP.MKTP.KD.ZG,1985,
MNE,NY.GDP.MKTP.KD.ZG,1984,
MNE,NY.GDP.MKTP.KD.ZG,1983,
MNE,NY.GDP.MKTP.KD.ZG,1982,
MNE,NY.GDP.MKTP.KD.ZG,1981,
MNE,NY.GDP.MKTP.KD.ZG,1980,
MNE,NY.GDP.MKTP.KD.ZG,1979,
MNE,NY.GDP.MKTP.KD.ZG,1978,
MNE,NY.GDP.MKTP.KD.ZG,1977,
MNE,NY.GDP.MKTP.KD.ZG,1976,
MNE,NY.GDP.MKTP.KD.ZG,1975,
MNE,NY.GDP.MKTP.KD.ZG,1974,
MNE,NY.GDP.MKTP.KD.ZG,1973,
MNE,NY.GDP.MKTP.KD.ZG,1972,
MNE,NY.GDP.MKTP.KD.ZG,1971,
MNE,NY.GDP.MKTP.KD.ZG,1970,
MNE,NY.GDP.MKTP.KD.ZG,1969,
MNE,NY.GDP.MKTP.KD.ZG,1968,
MNE,NY.GDP.MKTP.KD.ZG,1967,
MNE,NY.GDP.MKTP.KD.ZG,1966,
MNE,NY.GDP.MKTP.KD.ZG,1965,
MNE,NY.GDP.MKTP.KD.ZG,1964,
MNE,NY.GDP.MKTP.KD.ZG,1963,
MNE,NY.GDP.MKTP.KD.ZG,1962,
MNE,NY.GDP.MKTP.KD.ZG,1961,
MNE,NY.GDP.MKTP.KD.ZG,1960,
MAR,NY.GDP.MKTP.KD.ZG,2025,
MAR,NY.GDP.MKTP.KD.ZG,2024,3.79336515978963
MAR,NY.GDP.MKTP.KD.ZG,2023,3.65564411017931
MAR,NY.GDP.MKTP.KD.ZG,2022,1.81269242194809
MAR,NY.GDP.MKTP.KD.ZG,2021,8.15473889823681
MAR,NY.GDP.MKTP.KD.ZG,2020,-7.17820744246774
MAR,NY.GDP.MKTP.KD.ZG,2019,2.89097476137077
MAR,NY.GDP.MKTP.KD.ZG,2018,3.06564133025955
MAR,NY.GDP.MKTP.KD.ZG,2017,5.05789816173446
MAR,NY.GDP.MKTP.KD.ZG,2016,0.52118550608968
MAR,NY.GDP.MKTP.KD.ZG,2015,4.34458297635238
MAR,NY.GDP.MKTP.KD.ZG,2014,2.7192440802029
MAR,NY.GDP.MKTP.KD.ZG,2013,4.12221286860944
MAR,NY.GDP.MKTP.KD.ZG,2012,3.06234368502997
MAR,NY.GDP.MKTP.KD.ZG,2011,5.52464523319847
MAR,NY.GDP.MKTP.KD.ZG,2010,3.49955709403216
MAR,NY.GDP.MKTP.KD.ZG,2009,3.74576940136258
MAR,NY.GDP.MKTP.KD.ZG,2008,5.68453936284732
MAR,NY.GDP.MKTP.KD.ZG,2007,3.44106776690418
MAR,NY.GDP.MKTP.KD.ZG,2006,7.7908200104027
MAR,NY.GDP.MKTP.KD.ZG,2005,3.19224973015831
MAR,NY.GDP.MKTP.KD.ZG,2004,4.57138016516208
MAR,NY.GDP.MKTP.KD.ZG,2003,6.17110214953244
MAR,NY.GDP.MKTP.KD.ZG,2002,3.73019737485745
MAR,NY.GDP.MKTP.KD.ZG,2001,7.72182519577728
MAR,NY.GDP.MKTP.KD.ZG,2000,2.58218091499747
MAR,NY.GDP.MKTP.KD.ZG,1999,1.6970614772566
MAR,NY.GDP.MKTP.KD.ZG,1998,7.23855267691987
MAR,NY.GDP.MKTP.KD.ZG,1997,-1.56070234550782
MAR,NY.GDP.MKTP.KD.ZG,1996,12.3728762700496
MAR,NY.GDP.MKTP.KD.ZG,1995,-5.40544787197402
MAR,NY.GDP.MKTP.KD.ZG,1994,10.5880004161286
MAR,NY.GDP.MKTP.KD.ZG,1993,-0.740591700332374
MAR,NY.GDP.MKTP.KD.ZG,1992,-2.097738754022
MAR,NY.GDP.MKTP.KD.ZG,1991,7.21608815359085
MAR,NY.GDP.MKTP.KD.ZG,1990,3.41181222630115
MAR,NY.GDP.MKTP.KD.ZG,1989,2.84620258132841
MAR,NY.GDP.MKTP.KD.ZG,1988,11.8752359788597
MAR,NY.GDP.MKTP.KD.ZG,1987,-0.325004075650469
MAR,NY.GDP.MKTP.KD.ZG,1986,9.27110576948627
MAR,NY.GDP.MKTP.KD.ZG,1985,6.00765207144033
MAR,NY.GDP.MKTP.KD.ZG,1984,6.41838632129115
MAR,NY.GDP.MKTP.KD.ZG,1983,1.38656957735846
MAR,NY.GDP.MKTP.KD.ZG,1982,8.95737202254297
MAR,NY.GDP.MKTP.KD.ZG,1981,-1.7434349305055
MAR,NY.GDP.MKTP.KD.ZG,1980,3.64216481334074
MAR,NY.GDP.MKTP.KD.ZG,1979,4.79378720493398
MAR,NY.GDP.MKTP.KD.ZG,1978,2.23266338861872
MAR,NY.GDP.MKTP.KD.ZG,1977,6.0591676788529
MAR,NY.GDP.MKTP.KD.ZG,1976,10.8127813442855
MAR,NY.GDP.MKTP.KD.ZG,1975,7.55822156113805
MAR,NY.GDP.MKTP.KD.ZG,1974,5.59604994440339
MAR,NY.GDP.MKTP.KD.ZG,1973,3.55931083241548
MAR,NY.GDP.MKTP.KD.ZG,1972,2.43723734665467
MAR,NY.GDP.MKTP.KD.ZG,1971,5.5968936595313
MAR,NY.GDP.MKTP.KD.ZG,1970,4.71346037515517
MAR,NY.GDP.MKTP.KD.ZG,1969,8.36216535672018
MAR,NY.GDP.MKTP.KD.ZG,1968,9.89173930674043
MAR,NY.GDP.MKTP.KD.ZG,1967,10.0288413593661
MAR,NY.GDP.MKTP.KD.ZG,1966,
MAR,NY.GDP.MKTP.KD.ZG,1965,
MAR,NY.GDP.MKTP.KD.ZG,1964,
MAR,NY.GDP.MKTP.KD.ZG,1963,
MAR,NY.GDP.MKTP.KD.ZG,1962,
MAR,NY.GDP.MKTP.KD.ZG,1961,
MAR,NY.GDP.MKTP.KD.ZG,1960,
MOZ,NY.GDP.MKTP.KD.ZG,2025,
MOZ,NY.GDP.MKTP.KD.ZG,2024,2.14854964610538
MOZ,NY.GDP.MKTP.KD.ZG,2023,5.48149036541776
MOZ,NY.GDP.MKTP.KD.ZG,2022,4.36445074432608
MOZ,NY.GDP.MKTP.KD.ZG,2021,2.37743572761507
MOZ,NY.GDP.MKTP.KD.ZG,2020,-1.21952250011192
MOZ,NY.GDP.MKTP.KD.ZG,2019,2.31781394821475
MOZ,NY.GDP.MKTP.KD.ZG,2018,3.48493202422782
MOZ,NY.GDP.MKTP.KD.ZG,2017,2.63820737310658
MOZ,NY.GDP.MKTP.KD.ZG,2016,4.69699024225795
MOZ,NY.GDP.MKTP.KD.ZG,2015,7.3930936986377
MOZ,NY.GDP.MKTP.KD.ZG,2014,7.70256844839309
MOZ,NY.GDP.MKTP.KD.ZG,2013,6.57141389665537
MOZ,NY.GDP.MKTP.KD.ZG,2012,7.9945031610722
MOZ,NY.GDP.MKTP.KD.ZG,2011,7.13405842300445
MOZ,NY.GDP.MKTP.KD.ZG,2010,6.67972935662864
MOZ,NY.GDP.MKTP.KD.ZG,2009,5.92897187460815
MOZ,NY.GDP.MKTP.KD.ZG,2008,6.87802942560995
MOZ,NY.GDP.MKTP.KD.ZG,2007,7.64935393795867
MOZ,NY.GDP.MKTP.KD.ZG,2006,9.91067756782915
MOZ,NY.GDP.MKTP.KD.ZG,2005,6.31202378023193
MOZ,NY.GDP.MKTP.KD.ZG,2004,8.20470494788577
MOZ,NY.GDP.MKTP.KD.ZG,2003,7.21770086569656
MOZ,NY.GDP.MKTP.KD.ZG,2002,9.66850534669427
MOZ,NY.GDP.MKTP.KD.ZG,2001,12.8516820207736
MOZ,NY.GDP.MKTP.KD.ZG,2000,0.766234955773442
MOZ,NY.GDP.MKTP.KD.ZG,1999,11.816986527255
MOZ,NY.GDP.MKTP.KD.ZG,1998,10.3692324974977
MOZ,NY.GDP.MKTP.KD.ZG,1997,11.8149459447588
MOZ,NY.GDP.MKTP.KD.ZG,1996,10.6959109797718
MOZ,NY.GDP.MKTP.KD.ZG,1995,2.12289380592357
MOZ,NY.GDP.MKTP.KD.ZG,1994,6.44018369521994
MOZ,NY.GDP.MKTP.KD.ZG,1993,10.940435029728
MOZ,NY.GDP.MKTP.KD.ZG,1992,-7.57664724880097
MOZ,NY.GDP.MKTP.KD.ZG,1991,4.92545125368862
MOZ,NY.GDP.MKTP.KD.ZG,1990,0.999992834277037
MOZ,NY.GDP.MKTP.KD.ZG,1989,6.50000455373727
MOZ,NY.GDP.MKTP.KD.ZG,1988,8.19999518020626
MOZ,NY.GDP.MKTP.KD.ZG,1987,14.7000004232617
MOZ,NY.GDP.MKTP.KD.ZG,1986,-2.29999602682032
MOZ,NY.GDP.MKTP.KD.ZG,1985,0.99999672066555
MOZ,NY.GDP.MKTP.KD.ZG,1984,-6.49999987937372
MOZ,NY.GDP.MKTP.KD.ZG,1983,-15.7000020371946
MOZ,NY.GDP.MKTP.KD.ZG,1982,-6.89999944211014
MOZ,NY.GDP.MKTP.KD.ZG,1981,5.00000295422545
MOZ,NY.GDP.MKTP.KD.ZG,1980,
MOZ,NY.GDP.MKTP.KD.ZG,1979,
MOZ,NY.GDP.MKTP.KD.ZG,1978,
MOZ,NY.GDP.MKTP.KD.ZG,1977,
MOZ,NY.GDP.MKTP.KD.ZG,1976,
MOZ,NY.GDP.MKTP.KD.ZG,1975,
MOZ,NY.GDP.MKTP.KD.ZG,1974,
MOZ,NY.GDP.MKTP.KD.ZG,1973,
MOZ,NY.GDP.MKTP.KD.ZG,1972,
MOZ,NY.GDP.MKTP.KD.ZG,1971,
MOZ,NY.GDP.MKTP.KD.ZG,1970,
MOZ,NY.GDP.MKTP.KD.ZG,1969,
MOZ,NY.GDP.MKTP.KD.ZG,1968,
MOZ,NY.GDP.MKTP.KD.ZG,1967,
MOZ,NY.GDP.MKTP.KD.ZG,1966,
MOZ,NY.GDP.MKTP.KD.ZG,1965,
MOZ,NY.GDP.MKTP.KD.ZG,1964,
MOZ,NY.GDP.MKTP.KD.ZG,1963,
MOZ,NY.GDP.MKTP.KD.ZG,1962,
MOZ,NY.GDP.MKTP.KD.ZG,1961,
MOZ,NY.GDP.MKTP.KD.ZG,1960,
MMR,NY.GDP.MKTP.KD.ZG,2025,
MMR,NY.GDP.MKTP.KD.ZG,2024,-0.97204641363362
MMR,NY.GDP.MKTP.KD.ZG,2023,0.958446625126115
MMR,NY.GDP.MKTP.KD.ZG,2022,4.0374934360085
MMR,NY.GDP.MKTP.KD.ZG,2021,-12.0163724829177
MMR,NY.GDP.MKTP.KD.ZG,2020,-9.04834717984643
MMR,NY.GDP.MKTP.KD.ZG,2019,6.57911006765414
MMR,NY.GDP.MKTP.KD.ZG,2018,6.26886221471075
MMR,NY.GDP.MKTP.KD.ZG,2017,6.13610824360305
MMR,NY.GDP.MKTP.KD.ZG,2016,5.86247291518572
MMR,NY.GDP.MKTP.KD.ZG,2015,6.99284029026121
MMR,NY.GDP.MKTP.KD.ZG,2014,8.16990745558277
MMR,NY.GDP.MKTP.KD.ZG,2013,8.42600102501767
MMR,NY.GDP.MKTP.KD.ZG,2012,7.33267044704149
MMR,NY.GDP.MKTP.KD.ZG,2011,5.59148237823661
MMR,NY.GDP.MKTP.KD.ZG,2010,9.6344394520444
MMR,NY.GDP.MKTP.KD.ZG,2009,10.5500090961932
MMR,NY.GDP.MKTP.KD.ZG,2008,10.2553053929808
MMR,NY.GDP.MKTP.KD.ZG,2007,11.9914352402146
MMR,NY.GDP.MKTP.KD.ZG,2006,13.0761013792372
MMR,NY.GDP.MKTP.KD.ZG,2005,13.5689500216456
MMR,NY.GDP.MKTP.KD.ZG,2004,13.5646616163416
MMR,NY.GDP.MKTP.KD.ZG,2003,13.8439968903798
MMR,NY.GDP.MKTP.KD.ZG,2002,12.0255134340315
MMR,NY.GDP.MKTP.KD.ZG,2001,11.3439970699605
MMR,NY.GDP.MKTP.KD.ZG,2000,13.7459305561226
MMR,NY.GDP.MKTP.KD.ZG,1999,10.9451299817104
MMR,NY.GDP.MKTP.KD.ZG,1998,5.86621315328905
MMR,NY.GDP.MKTP.KD.ZG,1997,5.65158296304853
MMR,NY.GDP.MKTP.KD.ZG,1996,6.44271534713997
MMR,NY.GDP.MKTP.KD.ZG,1995,6.94805143702995
MMR,NY.GDP.MKTP.KD.ZG,1994,7.47795835834528
MMR,NY.GDP.MKTP.KD.ZG,1993,6.03941022663199
MMR,NY.GDP.MKTP.KD.ZG,1992,9.66094245346783
MMR,NY.GDP.MKTP.KD.ZG,1991,-0.650616908622624
MMR,NY.GDP.MKTP.KD.ZG,1990,2.81693327328911
MMR,NY.GDP.MKTP.KD.ZG,1989,3.69529742267716
MMR,NY.GDP.MKTP.KD.ZG,1988,-11.3524394768121
MMR,NY.GDP.MKTP.KD.ZG,1987,-4.00563178606888
MMR,NY.GDP.MKTP.KD.ZG,1986,-1.05734875697635
MMR,NY.GDP.MKTP.KD.ZG,1985,2.85100023868532
MMR,NY.GDP.MKTP.KD.ZG,1984,4.9327280261799
MMR,NY.GDP.MKTP.KD.ZG,1983,4.39109267988809
MMR,NY.GDP.MKTP.KD.ZG,1982,5.60387642556786
MMR,NY.GDP.MKTP.KD.ZG,1981,6.35575459195157
MMR,NY.GDP.MKTP.KD.ZG,1980,7.93853808083058
MMR,NY.GDP.MKTP.KD.ZG,1979,5.20127748073821
MMR,NY.GDP.MKTP.KD.ZG,1978,6.51781702314163
MMR,NY.GDP.MKTP.KD.ZG,1977,5.95228661057057
MMR,NY.GDP.MKTP.KD.ZG,1976,6.08039622930205
MMR,NY.GDP.MKTP.KD.ZG,1975,4.15270918852109
MMR,NY.GDP.MKTP.KD.ZG,1974,5.34237568950537
MMR,NY.GDP.MKTP.KD.ZG,1973,-0.968124718340604
MMR,NY.GDP.MKTP.KD.ZG,1972,2.43584137286746
MMR,NY.GDP.MKTP.KD.ZG,1971,4.12996244451452
MMR,NY.GDP.MKTP.KD.ZG,1970,4.97933059716335
MMR,NY.GDP.MKTP.KD.ZG,1969,3.29174112062336
MMR,NY.GDP.MKTP.KD.ZG,1968,12.0593401836478
MMR,NY.GDP.MKTP.KD.ZG,1967,-5.92525888262607
MMR,NY.GDP.MKTP.KD.ZG,1966,-4.85177870419901
MMR,NY.GDP.MKTP.KD.ZG,1965,10.6926495101691
MMR,NY.GDP.MKTP.KD.ZG,1964,-5.8940188396242
MMR,NY.GDP.MKTP.KD.ZG,1963,13.3492949251208
MMR,NY.GDP.MKTP.KD.ZG,1962,4.08687253044889
MMR,NY.GDP.MKTP.KD.ZG,1961,0.471561080379175
MMR,NY.GDP.MKTP.KD.ZG,1960,
NAM,NY.GDP.MKTP.KD.ZG,2025,
NAM,NY.GDP.MKTP.KD.ZG,2024,3.71154502416731
NAM,NY.GDP.MKTP.KD.ZG,2023,4.44280600303956
NAM,NY.GDP.MKTP.KD.ZG,2022,5.3987247803654
NAM,NY.GDP.MKTP.KD.ZG,2021,3.60382919248703
NAM,NY.GDP.MKTP.KD.ZG,2020,-8.10140201443319
NAM,NY.GDP.MKTP.KD.ZG,2019,-0.839152163419357
NAM,NY.GDP.MKTP.KD.ZG,2018,1.05993949860752
NAM,NY.GDP.MKTP.KD.ZG,2017,-1.02724808856709
NAM,NY.GDP.MKTP.KD.ZG,2016,0.0337944502063294
NAM,NY.GDP.MKTP.KD.ZG,2015,4.26417453763675
NAM,NY.GDP.MKTP.KD.ZG,2014,6.09251915977956
NAM,NY.GDP.MKTP.KD.ZG,2013,5.61471962254485
NAM,NY.GDP.MKTP.KD.ZG,2012,5.0616820696264
NAM,NY.GDP.MKTP.KD.ZG,2011,5.09133813864338
NAM,NY.GDP.MKTP.KD.ZG,2010,6.03924947955858
NAM,NY.GDP.MKTP.KD.ZG,2009,0.295970914001089
NAM,NY.GDP.MKTP.KD.ZG,2008,2.64981203780268
NAM,NY.GDP.MKTP.KD.ZG,2007,5.37404415167634
NAM,NY.GDP.MKTP.KD.ZG,2006,7.07317531845825
NAM,NY.GDP.MKTP.KD.ZG,2005,2.52926265819022
NAM,NY.GDP.MKTP.KD.ZG,2004,12.2695481036769
NAM,NY.GDP.MKTP.KD.ZG,2003,4.23979429582137
NAM,NY.GDP.MKTP.KD.ZG,2002,4.7886612188211
NAM,NY.GDP.MKTP.KD.ZG,2001,1.17794869467917
NAM,NY.GDP.MKTP.KD.ZG,2000,3.49218336365178
NAM,NY.GDP.MKTP.KD.ZG,1999,3.36927842445498
NAM,NY.GDP.MKTP.KD.ZG,1998,3.29158562064818
NAM,NY.GDP.MKTP.KD.ZG,1997,4.22010030384476
NAM,NY.GDP.MKTP.KD.ZG,1996,3.19132430111469
NAM,NY.GDP.MKTP.KD.ZG,1995,3.8990142211043
NAM,NY.GDP.MKTP.KD.ZG,1994,1.72987948847074
NAM,NY.GDP.MKTP.KD.ZG,1993,-1.57953915916903
NAM,NY.GDP.MKTP.KD.ZG,1992,7.18934252280525
NAM,NY.GDP.MKTP.KD.ZG,1991,8.16561250262779
NAM,NY.GDP.MKTP.KD.ZG,1990,2.04745993989432
NAM,NY.GDP.MKTP.KD.ZG,1989,1.85867496230729
NAM,NY.GDP.MKTP.KD.ZG,1988,0.813148942821115
NAM,NY.GDP.MKTP.KD.ZG,1987,3.55376914117605
NAM,NY.GDP.MKTP.KD.ZG,1986,4.76726966632827
NAM,NY.GDP.MKTP.KD.ZG,1985,0.464171261803401
NAM,NY.GDP.MKTP.KD.ZG,1984,-0.236891525045252
NAM,NY.GDP.MKTP.KD.ZG,1983,-1.82345037490559
NAM,NY.GDP.MKTP.KD.ZG,1982,-0.39809074411238
NAM,NY.GDP.MKTP.KD.ZG,1981,0.97144950015074
NAM,NY.GDP.MKTP.KD.ZG,1980,
NAM,NY.GDP.MKTP.KD.ZG,1979,
NAM,NY.GDP.MKTP.KD.ZG,1978,
NAM,NY.GDP.MKTP.KD.ZG,1977,
NAM,NY.GDP.MKTP.KD.ZG,1976,
NAM,NY.GDP.MKTP.KD.ZG,1975,
NAM,NY.GDP.MKTP.KD.ZG,1974,
NAM,NY.GDP.MKTP.KD.ZG,1973,
NAM,NY.GDP.MKTP.KD.ZG,1972,
NAM,NY.GDP.MKTP.KD.ZG,1971,
NAM,NY.GDP.MKTP.KD.ZG,1970,
NAM,NY.GDP.MKTP.KD.ZG,1969,
NAM,NY.GDP.MKTP.KD.ZG,1968,
NAM,NY.GDP.MKTP.KD.ZG,1967,
NAM,NY.GDP.MKTP.KD.ZG,1966,
NAM,NY.GDP.MKTP.KD.ZG,1965,
NAM,NY.GDP.MKTP.KD.ZG,1964,
NAM,NY.GDP.MKTP.KD.ZG,1963,
NAM,NY.GDP.MKTP.KD.ZG,1962,
NAM,NY.GDP.MKTP.KD.ZG,1961,
NAM,NY.GDP.MKTP.KD.ZG,1960,
NRU,NY.GDP.MKTP.KD.ZG,2025,
NRU,NY.GDP.MKTP.KD.ZG,2024,1.38888888888904
NRU,NY.GDP.MKTP.KD.ZG,2023,0.699300699300778
NRU,NY.GDP.MKTP.KD.ZG,2022,2.87769784172609
NRU,NY.GDP.MKTP.KD.ZG,2021,7.75193798449692
NRU,NY.GDP.MKTP.KD.ZG,2020,1.57480314960559
NRU,NY.GDP.MKTP.KD.ZG,2019,8.5470085470084
NRU,NY.GDP.MKTP.KD.ZG,2018,-0.847457627117805
NRU,NY.GDP.MKTP.KD.ZG,2017,-6.34920634920697
NRU,NY.GDP.MKTP.KD.ZG,2016,4.13223140495909
NRU,NY.GDP.MKTP.KD.ZG,2015,3.41880341880281
NRU,NY.GDP.MKTP.KD.ZG,2014,15.8415841584163
NRU,NY.GDP.MKTP.KD.ZG,2013,4.12371134020613
NRU,NY.GDP.MKTP.KD.ZG,2012,24.3589743589745
NRU,NY.GDP.MKTP.KD.ZG,2011,14.7058823529412
NRU,NY.GDP.MKTP.KD.ZG,2010,0.0
NRU,NY.GDP.MKTP.KD.ZG,2009,-5.55555555555564
NRU,NY.GDP.MKTP.KD.ZG,2008,19.9999999999999
NRU,NY.GDP.MKTP.KD.ZG,2007,-22.077922077922
NRU,NY.GDP.MKTP.KD.ZG,2006,8.45070422535204
NRU,NY.GDP.MKTP.KD.ZG,2005,0.0
NRU,NY.GDP.MKTP.KD.ZG,2004,-4.3148265049213
NRU,NY.GDP.MKTP.KD.ZG,2003,0.28465686231101
NRU,NY.GDP.MKTP.KD.ZG,2002,-9.97138355338151
NRU,NY.GDP.MKTP.KD.ZG,2001,-6.76108886950998
NRU,NY.GDP.MKTP.KD.ZG,2000,-6.85619346501754
NRU,NY.GDP.MKTP.KD.ZG,1999,-6.56820999299312
NRU,NY.GDP.MKTP.KD.ZG,1998,-11.7879754358542
NRU,NY.GDP.MKTP.KD.ZG,1997,-8.95361250044344
NRU,NY.GDP.MKTP.KD.ZG,1996,-11.8595009473893
NRU,NY.GDP.MKTP.KD.ZG,1995,-7.92349131646668
NRU,NY.GDP.MKTP.KD.ZG,1994,-3.86612962166197
NRU,NY.GDP.MKTP.KD.ZG,1993,-16.1173254945599
NRU,NY.GDP.MKTP.KD.ZG,1992,-16.2603049432886
NRU,NY.GDP.MKTP.KD.ZG,1991,-18.993787330352
NRU,NY.GDP.MKTP.KD.ZG,1990,-2.81674699951282
NRU,NY.GDP.MKTP.KD.ZG,1989,-2.81674756297977
NRU,NY.GDP.MKTP.KD.ZG,1988,-2.8167467775236
NRU,NY.GDP.MKTP.KD.ZG,1987,-2.81674751020157
NRU,NY.GDP.MKTP.KD.ZG,1986,-2.81674733898076
NRU,NY.GDP.MKTP.KD.ZG,1985,-2.81674685264868
NRU,NY.GDP.MKTP.KD.ZG,1984,-2.81674740931578
NRU,NY.GDP.MKTP.KD.ZG,1983,-2.81674720713838
NRU,NY.GDP.MKTP.KD.ZG,1982,-2.81674700963013
NRU,NY.GDP.MKTP.KD.ZG,1981,-2.81674732710925
NRU,NY.GDP.MKTP.KD.ZG,1980,-2.81674687485054
NRU,NY.GDP.MKTP.KD.ZG,1979,-2.81674727483782
NRU,NY.GDP.MKTP.KD.ZG,1978,-2.81674748221531
NRU,NY.GDP.MKTP.KD.ZG,1977,-2.81674697227405
NRU,NY.GDP.MKTP.KD.ZG,1976,-2.81674731906762
NRU,NY.GDP.MKTP.KD.ZG,1975,2.89838757333574
NRU,NY.GDP.MKTP.KD.ZG,1974,2.89838720614799
NRU,NY.GDP.MKTP.KD.ZG,1973,2.8983877460778
NRU,NY.GDP.MKTP.KD.ZG,1972,2.89838752650489
NRU,NY.GDP.MKTP.KD.ZG,1971,2.89838710299522
NRU,NY.GDP.MKTP.KD.ZG,1970,
NRU,NY.GDP.MKTP.KD.ZG,1969,
NRU,NY.GDP.MKTP.KD.ZG,1968,
NRU,NY.GDP.MKTP.KD.ZG,1967,
NRU,NY.GDP.MKTP.KD.ZG,1966,
NRU,NY.GDP.MKTP.KD.ZG,1965,
NRU,NY.GDP.MKTP.KD.ZG,1964,
NRU,NY.GDP.MKTP.KD.ZG,1963,
NRU,NY.GDP.MKTP.KD.ZG,1962,
NRU,NY.GDP.MKTP.KD.ZG,1961,
NRU,NY.GDP.MKTP.KD.ZG,1960,
NPL,NY.GDP.MKTP.KD.ZG,2025,
NPL,NY.GDP.MKTP.KD.ZG,2024,3.66537430744967
NPL,NY.GDP.MKTP.KD.ZG,2023,1.98254843628392
NPL,NY.GDP.MKTP.KD.ZG,2022,5.6313145568451
NPL,NY.GDP.MKTP.KD.ZG,2021,4.838149614115
NPL,NY.GDP.MKTP.KD.ZG,2020,-2.3696206292072
NPL,NY.GDP.MKTP.KD.ZG,2019,6.65705543110467
NPL,NY.GDP.MKTP.KD.ZG,2018,7.62237610397935
NPL,NY.GDP.MKTP.KD.ZG,2017,8.97727935643466
NPL,NY.GDP.MKTP.KD.ZG,2016,0.433113719381524
NPL,NY.GDP.MKTP.KD.ZG,2015,3.97605327162971
NPL,NY.GDP.MKTP.KD.ZG,2014,6.01148284250441
NPL,NY.GDP.MKTP.KD.ZG,2013,3.52515317129149
NPL,NY.GDP.MKTP.KD.ZG,2012,4.67014192446953
NPL,NY.GDP.MKTP.KD.ZG,2011,3.42180870116162
NPL,NY.GDP.MKTP.KD.ZG,2010,4.81641464694573
NPL,NY.GDP.MKTP.KD.ZG,2009,4.5330787246486
NPL,NY.GDP.MKTP.KD.ZG,2008,6.10463914373472
NPL,NY.GDP.MKTP.KD.ZG,2007,3.41156027980276
NPL,NY.GDP.MKTP.KD.ZG,2006,3.36461478056277
NPL,NY.GDP.MKTP.KD.ZG,2005,3.47918104829496
NPL,NY.GDP.MKTP.KD.ZG,2004,4.68260325152944
NPL,NY.GDP.MKTP.KD.ZG,2003,3.94503776051116
NPL,NY.GDP.MKTP.KD.ZG,2002,0.120143177369414
NPL,NY.GDP.MKTP.KD.ZG,2001,4.79989214255407
NPL,NY.GDP.MKTP.KD.ZG,2000,6.19999998192236
NPL,NY.GDP.MKTP.KD.ZG,1999,4.41257328041399
NPL,NY.GDP.MKTP.KD.ZG,1998,3.01638947539399
NPL,NY.GDP.MKTP.KD.ZG,1997,5.04861254517328
NPL,NY.GDP.MKTP.KD.ZG,1996,5.32828417508708
NPL,NY.GDP.MKTP.KD.ZG,1995,3.46845189309603
NPL,NY.GDP.MKTP.KD.ZG,1994,8.21600269296587
NPL,NY.GDP.MKTP.KD.ZG,1993,3.84985002629573
NPL,NY.GDP.MKTP.KD.ZG,1992,4.10640661731669
NPL,NY.GDP.MKTP.KD.ZG,1991,6.3681503973968
NPL,NY.GDP.MKTP.KD.ZG,1990,4.63503634698831
NPL,NY.GDP.MKTP.KD.ZG,1989,4.32964793285106
NPL,NY.GDP.MKTP.KD.ZG,1988,7.6968087109188
NPL,NY.GDP.MKTP.KD.ZG,1987,1.69561826572762
NPL,NY.GDP.MKTP.KD.ZG,1986,4.56565054565317
NPL,NY.GDP.MKTP.KD.ZG,1985,6.14490523732366
NPL,NY.GDP.MKTP.KD.ZG,1984,9.68113001572144
NPL,NY.GDP.MKTP.KD.ZG,1983,-2.97740585726358
NPL,NY.GDP.MKTP.KD.ZG,1982,3.7793746536255
NPL,NY.GDP.MKTP.KD.ZG,1981,8.34197413529236
NPL,NY.GDP.MKTP.KD.ZG,1980,-2.31939420500922
NPL,NY.GDP.MKTP.KD.ZG,1979,2.36887779523897
NPL,NY.GDP.MKTP.KD.ZG,1978,4.40574138937914
NPL,NY.GDP.MKTP.KD.ZG,1977,3.01697344206637
NPL,NY.GDP.MKTP.KD.ZG,1976,4.3985361786365
NPL,NY.GDP.MKTP.KD.ZG,1975,1.45647070933495
NPL,NY.GDP.MKTP.KD.ZG,1974,6.33359037226893
NPL,NY.GDP.MKTP.KD.ZG,1973,-0.476536267743427
NPL,NY.GDP.MKTP.KD.ZG,1972,3.1178003639786
NPL,NY.GDP.MKTP.KD.ZG,1971,-1.19538330251048
NPL,NY.GDP.MKTP.KD.ZG,1970,2.57599212685933
NPL,NY.GDP.MKTP.KD.ZG,1969,4.46342160331348
NPL,NY.GDP.MKTP.KD.ZG,1968,0.675483463270709
NPL,NY.GDP.MKTP.KD.ZG,1967,-1.57149749972123
NPL,NY.GDP.MKTP.KD.ZG,1966,7.04064314491161
NPL,NY.GDP.MKTP.KD.ZG,1965,-1.2031890181289
NPL,NY.GDP.MKTP.KD.ZG,1964,7.53244855243838
NPL,NY.GDP.MKTP.KD.ZG,1963,1.8951116447969
NPL,NY.GDP.MKTP.KD.ZG,1962,1.91032003077318
NPL,NY.GDP.MKTP.KD.ZG,1961,1.90826597185792
NPL,NY.GDP.MKTP.KD.ZG,1960,
NLD,NY.GDP.MKTP.KD.ZG,2025,
NLD,NY.GDP.MKTP.KD.ZG,2024,1.08100584845663
NLD,NY.GDP.MKTP.KD.ZG,2023,-0.598096167209832
NLD,NY.GDP.MKTP.KD.ZG,2022,5.00723455159611
NLD,NY.GDP.MKTP.KD.ZG,2021,6.2768306708326
NLD,NY.GDP.MKTP.KD.ZG,2020,-3.86795333823223
NLD,NY.GDP.MKTP.KD.ZG,2019,2.30009157916757
NLD,NY.GDP.MKTP.KD.ZG,2018,2.2587403735731
NLD,NY.GDP.MKTP.KD.ZG,2017,2.78154619309936
NLD,NY.GDP.MKTP.KD.ZG,2016,2.42428572955482
NLD,NY.GDP.MKTP.KD.ZG,2015,2.12060523860846
NLD,NY.GDP.MKTP.KD.ZG,2014,1.61261001294011
NLD,NY.GDP.MKTP.KD.ZG,2013,-0.0302325600539604
NLD,NY.GDP.MKTP.KD.ZG,2012,-0.977876877747732
NLD,NY.GDP.MKTP.KD.ZG,2011,1.77334516269423
NLD,NY.GDP.MKTP.KD.ZG,2010,1.31932032302214
NLD,NY.GDP.MKTP.KD.ZG,2009,-3.66529049145096
NLD,NY.GDP.MKTP.KD.ZG,2008,2.11681593642137
NLD,NY.GDP.MKTP.KD.ZG,2007,3.88530644801823
NLD,NY.GDP.MKTP.KD.ZG,2006,3.53737509680782
NLD,NY.GDP.MKTP.KD.ZG,2005,2.03396336199143
NLD,NY.GDP.MKTP.KD.ZG,2004,2.01630996216733
NLD,NY.GDP.MKTP.KD.ZG,2003,0.097832364227159
NLD,NY.GDP.MKTP.KD.ZG,2002,0.245785659129112
NLD,NY.GDP.MKTP.KD.ZG,2001,2.32357570819386
NLD,NY.GDP.MKTP.KD.ZG,2000,4.2197537762102
NLD,NY.GDP.MKTP.KD.ZG,1999,5.04332136430241
NLD,NY.GDP.MKTP.KD.ZG,1998,4.64778462461781
NLD,NY.GDP.MKTP.KD.ZG,1997,4.24847954297027
NLD,NY.GDP.MKTP.KD.ZG,1996,3.42057733811352
NLD,NY.GDP.MKTP.KD.ZG,1995,3.11603588982837
NLD,NY.GDP.MKTP.KD.ZG,1994,2.96109249092605
NLD,NY.GDP.MKTP.KD.ZG,1993,1.2575522529669
NLD,NY.GDP.MKTP.KD.ZG,1992,1.70607086906817
NLD,NY.GDP.MKTP.KD.ZG,1991,2.43913458059633
NLD,NY.GDP.MKTP.KD.ZG,1990,4.18322279220835
NLD,NY.GDP.MKTP.KD.ZG,1989,4.42011805714839
NLD,NY.GDP.MKTP.KD.ZG,1988,3.44121887987075
NLD,NY.GDP.MKTP.KD.ZG,1987,1.93124842209245
NLD,NY.GDP.MKTP.KD.ZG,1986,2.7869758715855
NLD,NY.GDP.MKTP.KD.ZG,1985,2.58017979341983
NLD,NY.GDP.MKTP.KD.ZG,1984,3.06167906924874
NLD,NY.GDP.MKTP.KD.ZG,1983,2.0699579926675
NLD,NY.GDP.MKTP.KD.ZG,1982,-1.24075659484494
NLD,NY.GDP.MKTP.KD.ZG,1981,-0.783611600884143
NLD,NY.GDP.MKTP.KD.ZG,1980,1.34191398676504
NLD,NY.GDP.MKTP.KD.ZG,1979,2.01416637933245
NLD,NY.GDP.MKTP.KD.ZG,1978,2.696246606415
NLD,NY.GDP.MKTP.KD.ZG,1977,2.52044037565118
NLD,NY.GDP.MKTP.KD.ZG,1976,4.45630970254594
NLD,NY.GDP.MKTP.KD.ZG,1975,0.00202875578736439
NLD,NY.GDP.MKTP.KD.ZG,1974,3.43871774687629
NLD,NY.GDP.MKTP.KD.ZG,1973,5.44422309613472
NLD,NY.GDP.MKTP.KD.ZG,1972,3.53387455994611
NLD,NY.GDP.MKTP.KD.ZG,1971,4.3169803653326
NLD,NY.GDP.MKTP.KD.ZG,1970,6.1401814080279
NLD,NY.GDP.MKTP.KD.ZG,1969,6.42944907759069
NLD,NY.GDP.MKTP.KD.ZG,1968,6.4161340399009
NLD,NY.GDP.MKTP.KD.ZG,1967,5.28001474697683
NLD,NY.GDP.MKTP.KD.ZG,1966,2.74110433455468
NLD,NY.GDP.MKTP.KD.ZG,1965,8.64309493575048
NLD,NY.GDP.MKTP.KD.ZG,1964,8.2749039306044
NLD,NY.GDP.MKTP.KD.ZG,1963,3.62462153047385
NLD,NY.GDP.MKTP.KD.ZG,1962,6.84350732102845
NLD,NY.GDP.MKTP.KD.ZG,1961,0.295546672716625
NLD,NY.GDP.MKTP.KD.ZG,1960,
NCL,NY.GDP.MKTP.KD.ZG,2025,
NCL,NY.GDP.MKTP.KD.ZG,2024,-13.5
NCL,NY.GDP.MKTP.KD.ZG,2023,2.8
NCL,NY.GDP.MKTP.KD.ZG,2022,3.50000000000006
NCL,NY.GDP.MKTP.KD.ZG,2021,-2.10000000000004
NCL,NY.GDP.MKTP.KD.ZG,2020,-2.40000000000001
NCL,NY.GDP.MKTP.KD.ZG,2019,-1.40000000000001
NCL,NY.GDP.MKTP.KD.ZG,2018,0.400000000000006
NCL,NY.GDP.MKTP.KD.ZG,2017,
NCL,NY.GDP.MKTP.KD.ZG,2016,
NCL,NY.GDP.MKTP.KD.ZG,2015,
NCL,NY.GDP.MKTP.KD.ZG,2014,
NCL,NY.GDP.MKTP.KD.ZG,2013,
NCL,NY.GDP.MKTP.KD.ZG,2012,
NCL,NY.GDP.MKTP.KD.ZG,2011,
NCL,NY.GDP.MKTP.KD.ZG,2010,
NCL,NY.GDP.MKTP.KD.ZG,2009,
NCL,NY.GDP.MKTP.KD.ZG,2008,
NCL,NY.GDP.MKTP.KD.ZG,2007,
NCL,NY.GDP.MKTP.KD.ZG,2006,
NCL,NY.GDP.MKTP.KD.ZG,2005,
NCL,NY.GDP.MKTP.KD.ZG,2004,
NCL,NY.GDP.MKTP.KD.ZG,2003,
NCL,NY.GDP.MKTP.KD.ZG,2002,
NCL,NY.GDP.MKTP.KD.ZG,2001,
NCL,NY.GDP.MKTP.KD.ZG,2000,2.10010882688805
NCL,NY.GDP.MKTP.KD.ZG,1999,0.900172519173495
NCL,NY.GDP.MKTP.KD.ZG,1998,-3.20027552726621
NCL,NY.GDP.MKTP.KD.ZG,1997,2.00715233042861
NCL,NY.GDP.MKTP.KD.ZG,1996,0.449879083505621
NCL,NY.GDP.MKTP.KD.ZG,1995,5.9400311023842
NCL,NY.GDP.MKTP.KD.ZG,1994,2.59018690563668
NCL,NY.GDP.MKTP.KD.ZG,1993,0.529794654537113
NCL,NY.GDP.MKTP.KD.ZG,1992,0.519994838392222
NCL,NY.GDP.MKTP.KD.ZG,1991,4.90002814384245
NCL,NY.GDP.MKTP.KD.ZG,1990,3.6000012717432
NCL,NY.GDP.MKTP.KD.ZG,1989,10.999999473252
NCL,NY.GDP.MKTP.KD.ZG,1988,34.6000006526707
NCL,NY.GDP.MKTP.KD.ZG,1987,5.70000274552396
NCL,NY.GDP.MKTP.KD.ZG,1986,-1.00000349565384
NCL,NY.GDP.MKTP.KD.ZG,1985,4.50000049684343
NCL,NY.GDP.MKTP.KD.ZG,1984,1.79999923898761
NCL,NY.GDP.MKTP.KD.ZG,1983,-1.99999756958765
NCL,NY.GDP.MKTP.KD.ZG,1982,2.39999248842354
NCL,NY.GDP.MKTP.KD.ZG,1981,-6.99999937012467
NCL,NY.GDP.MKTP.KD.ZG,1980,-0.399994552333155
NCL,NY.GDP.MKTP.KD.ZG,1979,-13.6000050700344
NCL,NY.GDP.MKTP.KD.ZG,1978,9.80000719587157
NCL,NY.GDP.MKTP.KD.ZG,1977,1.89982428174216
NCL,NY.GDP.MKTP.KD.ZG,1976,2.29999821375679
NCL,NY.GDP.MKTP.KD.ZG,1975,6.49947180461912
NCL,NY.GDP.MKTP.KD.ZG,1974,12.7011152022729
NCL,NY.GDP.MKTP.KD.ZG,1973,-11.1993086277225
NCL,NY.GDP.MKTP.KD.ZG,1972,3.39849954627249
NCL,NY.GDP.MKTP.KD.ZG,1971,6.99921567606989
NCL,NY.GDP.MKTP.KD.ZG,1970,30.9992897319458
NCL,NY.GDP.MKTP.KD.ZG,1969,15.7163133858644
NCL,NY.GDP.MKTP.KD.ZG,1968,14.2625546890163
NCL,NY.GDP.MKTP.KD.ZG,1967,5.40079144250699
NCL,NY.GDP.MKTP.KD.ZG,1966,-3.84857770117728
NCL,NY.GDP.MKTP.KD.ZG,1965,
NCL,NY.GDP.MKTP.KD.ZG,1964,
NCL,NY.GDP.MKTP.KD.ZG,1963,
NCL,NY.GDP.MKTP.KD.ZG,1962,
NCL,NY.GDP.MKTP.KD.ZG,1961,
NCL,NY.GDP.MKTP.KD.ZG,1960,
NZL,NY.GDP.MKTP.KD.ZG,2025,
NZL,NY.GDP.MKTP.KD.ZG,2024,1.28862004711685
NZL,NY.GDP.MKTP.KD.ZG,2023,1.39425181563566
NZL,NY.GDP.MKTP.KD.ZG,2022,3.49638686458842
NZL,NY.GDP.MKTP.KD.ZG,2021,4.53540565716095
NZL,NY.GDP.MKTP.KD.ZG,2020,-0.307246896026541
NZL,NY.GDP.MKTP.KD.ZG,2019,2.31747144034802
NZL,NY.GDP.MKTP.KD.ZG,2018,3.47058203866328
NZL,NY.GDP.MKTP.KD.ZG,2017,3.37873219470765
NZL,NY.GDP.MKTP.KD.ZG,2016,3.77911068354334
NZL,NY.GDP.MKTP.KD.ZG,2015,3.69036908387233
NZL,NY.GDP.MKTP.KD.ZG,2014,3.82638491760299
NZL,NY.GDP.MKTP.KD.ZG,2013,2.58954199031598
NZL,NY.GDP.MKTP.KD.ZG,2012,2.36630664656174
NZL,NY.GDP.MKTP.KD.ZG,2011,2.09349621669912
NZL,NY.GDP.MKTP.KD.ZG,2010,1.45863634911349
NZL,NY.GDP.MKTP.KD.ZG,2009,-0.0374661120713
NZL,NY.GDP.MKTP.KD.ZG,2008,-1.01703846933975
NZL,NY.GDP.MKTP.KD.ZG,2007,3.05641638984955
NZL,NY.GDP.MKTP.KD.ZG,2006,2.77978059105617
NZL,NY.GDP.MKTP.KD.ZG,2005,3.35292760405062
NZL,NY.GDP.MKTP.KD.ZG,2004,4.08796484025709
NZL,NY.GDP.MKTP.KD.ZG,2003,4.72804204913962
NZL,NY.GDP.MKTP.KD.ZG,2002,4.71347767117496
NZL,NY.GDP.MKTP.KD.ZG,2001,3.41099312247906
NZL,NY.GDP.MKTP.KD.ZG,2000,2.87005108790095
NZL,NY.GDP.MKTP.KD.ZG,1999,5.37772890780957
NZL,NY.GDP.MKTP.KD.ZG,1998,0.858406352198429
NZL,NY.GDP.MKTP.KD.ZG,1997,2.07927288651346
NZL,NY.GDP.MKTP.KD.ZG,1996,3.61187886151062
NZL,NY.GDP.MKTP.KD.ZG,1995,4.72208114777668
NZL,NY.GDP.MKTP.KD.ZG,1994,5.11924841488023
NZL,NY.GDP.MKTP.KD.ZG,1993,6.39152850429893
NZL,NY.GDP.MKTP.KD.ZG,1992,1.09383475591748
NZL,NY.GDP.MKTP.KD.ZG,1991,-1.09079322533503
NZL,NY.GDP.MKTP.KD.ZG,1990,0.153140653942785
NZL,NY.GDP.MKTP.KD.ZG,1989,0.161414613910125
NZL,NY.GDP.MKTP.KD.ZG,1988,-0.353677478990647
NZL,NY.GDP.MKTP.KD.ZG,1987,0.970838684961976
NZL,NY.GDP.MKTP.KD.ZG,1986,2.70564214390055
NZL,NY.GDP.MKTP.KD.ZG,1985,1.61533460118027
NZL,NY.GDP.MKTP.KD.ZG,1984,4.79269943541195
NZL,NY.GDP.MKTP.KD.ZG,1983,3.49152501258526
NZL,NY.GDP.MKTP.KD.ZG,1982,0.929683828408145
NZL,NY.GDP.MKTP.KD.ZG,1981,4.65565399428766
NZL,NY.GDP.MKTP.KD.ZG,1980,1.2842522054453
NZL,NY.GDP.MKTP.KD.ZG,1979,2.19177430217911
NZL,NY.GDP.MKTP.KD.ZG,1978,0.31856336907461
NZL,NY.GDP.MKTP.KD.ZG,1977,-3.93633757968402
NZL,NY.GDP.MKTP.KD.ZG,1976,0.928812368981127
NZL,NY.GDP.MKTP.KD.ZG,1975,-1.73168330378346
NZL,NY.GDP.MKTP.KD.ZG,1974,5.99344084900848
NZL,NY.GDP.MKTP.KD.ZG,1973,7.80027772802192
NZL,NY.GDP.MKTP.KD.ZG,1972,5.11910876628924
NZL,NY.GDP.MKTP.KD.ZG,1971,3.78545794493455
NZL,NY.GDP.MKTP.KD.ZG,1970,-1.39760759972312
NZL,NY.GDP.MKTP.KD.ZG,1969,10.194671898837
NZL,NY.GDP.MKTP.KD.ZG,1968,-0.0488485286226563
NZL,NY.GDP.MKTP.KD.ZG,1967,-4.58942404013791
NZL,NY.GDP.MKTP.KD.ZG,1966,6.24846226221023
NZL,NY.GDP.MKTP.KD.ZG,1965,6.11173186378382
NZL,NY.GDP.MKTP.KD.ZG,1964,6.10328462223218
NZL,NY.GDP.MKTP.KD.ZG,1963,6.1021173586868
NZL,NY.GDP.MKTP.KD.ZG,1962,3.08087345285611
NZL,NY.GDP.MKTP.KD.ZG,1961,3.31564965480375
NZL,NY.GDP.MKTP.KD.ZG,1960,
NIC,NY.GDP.MKTP.KD.ZG,2025,
NIC,NY.GDP.MKTP.KD.ZG,2024,3.5878302292345
NIC,NY.GDP.MKTP.KD.ZG,2023,4.42774384760374
NIC,NY.GDP.MKTP.KD.ZG,2022,3.55029945613975
NIC,NY.GDP.MKTP.KD.ZG,2021,10.454389484408
NIC,NY.GDP.MKTP.KD.ZG,2020,-2.23654176262323
NIC,NY.GDP.MKTP.KD.ZG,2019,-2.89686986728901
NIC,NY.GDP.MKTP.KD.ZG,2018,-3.3633566598573
NIC,NY.GDP.MKTP.KD.ZG,2017,4.63120757580209
NIC,NY.GDP.MKTP.KD.ZG,2016,4.56314739524967
NIC,NY.GDP.MKTP.KD.ZG,2015,4.79226768332697
NIC,NY.GDP.MKTP.KD.ZG,2014,4.78546013589983
NIC,NY.GDP.MKTP.KD.ZG,2013,4.92709413447304
NIC,NY.GDP.MKTP.KD.ZG,2012,6.4961364710876
NIC,NY.GDP.MKTP.KD.ZG,2011,6.31668553491842
NIC,NY.GDP.MKTP.KD.ZG,2010,4.41009911716546
NIC,NY.GDP.MKTP.KD.ZG,2009,-3.2926651586197
NIC,NY.GDP.MKTP.KD.ZG,2008,3.43571693608081
NIC,NY.GDP.MKTP.KD.ZG,2007,5.0763520180987
NIC,NY.GDP.MKTP.KD.ZG,2006,4.15294559846254
NIC,NY.GDP.MKTP.KD.ZG,2005,4.28239833770654
NIC,NY.GDP.MKTP.KD.ZG,2004,5.31217056950739
NIC,NY.GDP.MKTP.KD.ZG,2003,2.52073289551447
NIC,NY.GDP.MKTP.KD.ZG,2002,0.753938876079573
NIC,NY.GDP.MKTP.KD.ZG,2001,2.96084349057273
NIC,NY.GDP.MKTP.KD.ZG,2000,4.10159025073438
NIC,NY.GDP.MKTP.KD.ZG,1999,7.03597046350201
NIC,NY.GDP.MKTP.KD.ZG,1998,3.71168146396694
NIC,NY.GDP.MKTP.KD.ZG,1997,3.96665092760821
NIC,NY.GDP.MKTP.KD.ZG,1996,6.3442683605154
NIC,NY.GDP.MKTP.KD.ZG,1995,5.91190793658714
NIC,NY.GDP.MKTP.KD.ZG,1994,3.33772611282539
NIC,NY.GDP.MKTP.KD.ZG,1993,-0.392936046663081
NIC,NY.GDP.MKTP.KD.ZG,1992,0.386346578416166
NIC,NY.GDP.MKTP.KD.ZG,1991,-0.189281493926757
NIC,NY.GDP.MKTP.KD.ZG,1990,-0.0524997212688305
NIC,NY.GDP.MKTP.KD.ZG,1989,-1.73821633052118
NIC,NY.GDP.MKTP.KD.ZG,1988,-12.4498220367125
NIC,NY.GDP.MKTP.KD.ZG,1987,-0.706352941499915
NIC,NY.GDP.MKTP.KD.ZG,1986,-1.01730916120101
NIC,NY.GDP.MKTP.KD.ZG,1985,-4.08185148731935
NIC,NY.GDP.MKTP.KD.ZG,1984,-1.56609391319724
NIC,NY.GDP.MKTP.KD.ZG,1983,4.61321162700499
NIC,NY.GDP.MKTP.KD.ZG,1982,-0.816361918743468
NIC,NY.GDP.MKTP.KD.ZG,1981,5.36329018938126
NIC,NY.GDP.MKTP.KD.ZG,1980,4.6117322795338
NIC,NY.GDP.MKTP.KD.ZG,1979,-26.478788867521
NIC,NY.GDP.MKTP.KD.ZG,1978,-7.83880037064259
NIC,NY.GDP.MKTP.KD.ZG,1977,8.36848053029937
NIC,NY.GDP.MKTP.KD.ZG,1976,5.20945449847707
NIC,NY.GDP.MKTP.KD.ZG,1975,-0.153246894342743
NIC,NY.GDP.MKTP.KD.ZG,1974,14.1924250953043
NIC,NY.GDP.MKTP.KD.ZG,1973,6.41701397366108
NIC,NY.GDP.MKTP.KD.ZG,1972,2.22072289181064
NIC,NY.GDP.MKTP.KD.ZG,1971,3.30475650020483
NIC,NY.GDP.MKTP.KD.ZG,1970,1.35382659012741
NIC,NY.GDP.MKTP.KD.ZG,1969,6.23770390833241
NIC,NY.GDP.MKTP.KD.ZG,1968,1.34296005265668
NIC,NY.GDP.MKTP.KD.ZG,1967,6.96951382476809
NIC,NY.GDP.MKTP.KD.ZG,1966,3.30113639858887
NIC,NY.GDP.MKTP.KD.ZG,1965,9.52515582624807
NIC,NY.GDP.MKTP.KD.ZG,1964,11.6984790301544
NIC,NY.GDP.MKTP.KD.ZG,1963,10.8654792457821
NIC,NY.GDP.MKTP.KD.ZG,1962,10.8907983290977
NIC,NY.GDP.MKTP.KD.ZG,1961,7.49774339849093
NIC,NY.GDP.MKTP.KD.ZG,1960,
NER,NY.GDP.MKTP.KD.ZG,2025,
NER,NY.GDP.MKTP.KD.ZG,2024,10.3000000007793
NER,NY.GDP.MKTP.KD.ZG,2023,1.66763406484279
NER,NY.GDP.MKTP.KD.ZG,2022,11.9000000000277
NER,NY.GDP.MKTP.KD.ZG,2021,1.38359636198477
NER,NY.GDP.MKTP.KD.ZG,2020,3.55064109436891
NER,NY.GDP.MKTP.KD.ZG,2019,5.93985257123522
NER,NY.GDP.MKTP.KD.ZG,2018,7.21141802762897
NER,NY.GDP.MKTP.KD.ZG,2017,5.00536078615544
NER,NY.GDP.MKTP.KD.ZG,2016,5.74089315058157
NER,NY.GDP.MKTP.KD.ZG,2015,4.39264883207291
NER,NY.GDP.MKTP.KD.ZG,2014,6.64213665495603
NER,NY.GDP.MKTP.KD.ZG,2013,5.31513063394726
NER,NY.GDP.MKTP.KD.ZG,2012,10.5489445763446
NER,NY.GDP.MKTP.KD.ZG,2011,2.35775693603874
NER,NY.GDP.MKTP.KD.ZG,2010,8.57816674262253
NER,NY.GDP.MKTP.KD.ZG,2009,1.96260090694645
NER,NY.GDP.MKTP.KD.ZG,2008,7.73141422777337
NER,NY.GDP.MKTP.KD.ZG,2007,3.14272408386731
NER,NY.GDP.MKTP.KD.ZG,2006,5.93104997350342
NER,NY.GDP.MKTP.KD.ZG,2005,7.33186884258517
NER,NY.GDP.MKTP.KD.ZG,2004,0.363801578722132
NER,NY.GDP.MKTP.KD.ZG,2003,2.1706103837418
NER,NY.GDP.MKTP.KD.ZG,2002,4.91847057594622
NER,NY.GDP.MKTP.KD.ZG,2001,7.26813490213235
NER,NY.GDP.MKTP.KD.ZG,2000,-1.20847774100575
NER,NY.GDP.MKTP.KD.ZG,1999,-0.2195625179166
NER,NY.GDP.MKTP.KD.ZG,1998,9.97261495642444
NER,NY.GDP.MKTP.KD.ZG,1997,1.52747571050666
NER,NY.GDP.MKTP.KD.ZG,1996,0.100530504281409
NER,NY.GDP.MKTP.KD.ZG,1995,2.4572441223155
NER,NY.GDP.MKTP.KD.ZG,1994,1.85477879101168
NER,NY.GDP.MKTP.KD.ZG,1993,0.321655474432788
NER,NY.GDP.MKTP.KD.ZG,1992,2.00075236142851
NER,NY.GDP.MKTP.KD.ZG,1991,-0.43948910045782
NER,NY.GDP.MKTP.KD.ZG,1990,-1.30847828481959
NER,NY.GDP.MKTP.KD.ZG,1989,0.957045972548471
NER,NY.GDP.MKTP.KD.ZG,1988,6.87115013671369
NER,NY.GDP.MKTP.KD.ZG,1987,0.0882813597233394
NER,NY.GDP.MKTP.KD.ZG,1986,6.35213730291468
NER,NY.GDP.MKTP.KD.ZG,1985,7.71812745021188
NER,NY.GDP.MKTP.KD.ZG,1984,-16.8198351136637
NER,NY.GDP.MKTP.KD.ZG,1983,-3.86362790714153
NER,NY.GDP.MKTP.KD.ZG,1982,2.17446021973329
NER,NY.GDP.MKTP.KD.ZG,1981,-0.177666071226056
NER,NY.GDP.MKTP.KD.ZG,1980,-2.45503612857507
NER,NY.GDP.MKTP.KD.ZG,1979,7.14699607024475
NER,NY.GDP.MKTP.KD.ZG,1978,13.4726123301411
NER,NY.GDP.MKTP.KD.ZG,1977,7.76458111935993
NER,NY.GDP.MKTP.KD.ZG,1976,0.678203402307915
NER,NY.GDP.MKTP.KD.ZG,1975,-2.79319343599114
NER,NY.GDP.MKTP.KD.ZG,1974,8.77523804936311
NER,NY.GDP.MKTP.KD.ZG,1973,-17.047583571921
NER,NY.GDP.MKTP.KD.ZG,1972,-5.16627230276923
NER,NY.GDP.MKTP.KD.ZG,1971,5.67932064048375
NER,NY.GDP.MKTP.KD.ZG,1970,3.05577892202147
NER,NY.GDP.MKTP.KD.ZG,1969,-5.48594581331632
NER,NY.GDP.MKTP.KD.ZG,1968,0.383494663073563
NER,NY.GDP.MKTP.KD.ZG,1967,0.122868671816278
NER,NY.GDP.MKTP.KD.ZG,1966,-0.382497199220253
NER,NY.GDP.MKTP.KD.ZG,1965,6.91976181761041
NER,NY.GDP.MKTP.KD.ZG,1964,0.131039891085265
NER,NY.GDP.MKTP.KD.ZG,1963,9.42822932000833
NER,NY.GDP.MKTP.KD.ZG,1962,10.2787134988997
NER,NY.GDP.MKTP.KD.ZG,1961,4.54639303660171
NER,NY.GDP.MKTP.KD.ZG,1960,
NGA,NY.GDP.MKTP.KD.ZG,2025,
NGA,NY.GDP.MKTP.KD.ZG,2024,4.06236408888319
NGA,NY.GDP.MKTP.KD.ZG,2023,3.32684556421316
NGA,NY.GDP.MKTP.KD.ZG,2022,4.31882949523192
NGA,NY.GDP.MKTP.KD.ZG,2021,1.10925253938163
NGA,NY.GDP.MKTP.KD.ZG,2020,-6.36889840510109
NGA,NY.GDP.MKTP.KD.ZG,2019,2.20842927714892
NGA,NY.GDP.MKTP.KD.ZG,2018,1.92275734200614
NGA,NY.GDP.MKTP.KD.ZG,2017,0.805886619102438
NGA,NY.GDP.MKTP.KD.ZG,2016,-1.61686894906509
NGA,NY.GDP.MKTP.KD.ZG,2015,2.65269329543001
NGA,NY.GDP.MKTP.KD.ZG,2014,6.30971865525431
NGA,NY.GDP.MKTP.KD.ZG,2013,6.67133539306167
NGA,NY.GDP.MKTP.KD.ZG,2012,4.23006117493223
NGA,NY.GDP.MKTP.KD.ZG,2011,5.30792420289453
NGA,NY.GDP.MKTP.KD.ZG,2010,8.00565591628701
NGA,NY.GDP.MKTP.KD.ZG,2009,8.03692510099023
NGA,NY.GDP.MKTP.KD.ZG,2008,6.76447277780228
NGA,NY.GDP.MKTP.KD.ZG,2007,6.59113036068679
NGA,NY.GDP.MKTP.KD.ZG,2006,6.05942803202906
NGA,NY.GDP.MKTP.KD.ZG,2005,6.43851652538348
NGA,NY.GDP.MKTP.KD.ZG,2004,9.2505582291798
NGA,NY.GDP.MKTP.KD.ZG,2003,7.34719496799492
NGA,NY.GDP.MKTP.KD.ZG,2002,15.3291557409559
NGA,NY.GDP.MKTP.KD.ZG,2001,5.91768464920371
NGA,NY.GDP.MKTP.KD.ZG,2000,5.01593475931152
NGA,NY.GDP.MKTP.KD.ZG,1999,0.584126892918889
NGA,NY.GDP.MKTP.KD.ZG,1998,2.58125410192937
NGA,NY.GDP.MKTP.KD.ZG,1997,2.93709941924898
NGA,NY.GDP.MKTP.KD.ZG,1996,4.19592404660108
NGA,NY.GDP.MKTP.KD.ZG,1995,-0.0726647639378371
NGA,NY.GDP.MKTP.KD.ZG,1994,-1.81492448525675
NGA,NY.GDP.MKTP.KD.ZG,1993,-2.03511877399139
NGA,NY.GDP.MKTP.KD.ZG,1992,4.63119294607692
NGA,NY.GDP.MKTP.KD.ZG,1991,0.358352601660286
NGA,NY.GDP.MKTP.KD.ZG,1990,11.7768859342067
NGA,NY.GDP.MKTP.KD.ZG,1989,1.91938129589555
NGA,NY.GDP.MKTP.KD.ZG,1988,7.33402548758716
NGA,NY.GDP.MKTP.KD.ZG,1987,3.20012546702944
NGA,NY.GDP.MKTP.KD.ZG,1986,0.0609452742066878
NGA,NY.GDP.MKTP.KD.ZG,1985,5.91302745911393
NGA,NY.GDP.MKTP.KD.ZG,1984,-1.11562321716821
NGA,NY.GDP.MKTP.KD.ZG,1983,-10.9240850339388
NGA,NY.GDP.MKTP.KD.ZG,1982,-6.80338881534801
NGA,NY.GDP.MKTP.KD.ZG,1981,-13.1278804850514
NGA,NY.GDP.MKTP.KD.ZG,1980,4.20483104427292
NGA,NY.GDP.MKTP.KD.ZG,1979,6.75943093519177
NGA,NY.GDP.MKTP.KD.ZG,1978,-5.76415839390282
NGA,NY.GDP.MKTP.KD.ZG,1977,6.02411784954168
NGA,NY.GDP.MKTP.KD.ZG,1976,9.04235172630207
NGA,NY.GDP.MKTP.KD.ZG,1975,-5.22774755532079
NGA,NY.GDP.MKTP.KD.ZG,1974,11.1606745454862
NGA,NY.GDP.MKTP.KD.ZG,1973,5.39276048395909
NGA,NY.GDP.MKTP.KD.ZG,1972,3.3642620350363
NGA,NY.GDP.MKTP.KD.ZG,1971,14.2375315562508
NGA,NY.GDP.MKTP.KD.ZG,1970,25.0072419293896
NGA,NY.GDP.MKTP.KD.ZG,1969,24.1973839456808
NGA,NY.GDP.MKTP.KD.ZG,1968,-1.24836024581224
NGA,NY.GDP.MKTP.KD.ZG,1967,-15.7436282082049
NGA,NY.GDP.MKTP.KD.ZG,1966,-4.25051418415514
NGA,NY.GDP.MKTP.KD.ZG,1965,4.88497683412908
NGA,NY.GDP.MKTP.KD.ZG,1964,4.95048866604155
NGA,NY.GDP.MKTP.KD.ZG,1963,8.57861891529701
NGA,NY.GDP.MKTP.KD.ZG,1962,4.10299258868014
NGA,NY.GDP.MKTP.KD.ZG,1961,0.191795489572229
NGA,NY.GDP.MKTP.KD.ZG,1960,
MKD,NY.GDP.MKTP.KD.ZG,2025,
MKD,NY.GDP.MKTP.KD.ZG,2024,2.99373536567732
MKD,NY.GDP.MKTP.KD.ZG,2023,2.554965253403
MKD,NY.GDP.MKTP.KD.ZG,2022,2.75888415332967
MKD,NY.GDP.MKTP.KD.ZG,2021,4.51067949038222
MKD,NY.GDP.MKTP.KD.ZG,2020,-4.68845000956652
MKD,NY.GDP.MKTP.KD.ZG,2019,3.91041953840173
MKD,NY.GDP.MKTP.KD.ZG,2018,2.88059670964267
MKD,NY.GDP.MKTP.KD.ZG,2017,1.08177273813243
MKD,NY.GDP.MKTP.KD.ZG,2016,2.84820519363306
MKD,NY.GDP.MKTP.KD.ZG,2015,3.85586514041738
MKD,NY.GDP.MKTP.KD.ZG,2014,3.62912351276373
MKD,NY.GDP.MKTP.KD.ZG,2013,2.92525766450484
MKD,NY.GDP.MKTP.KD.ZG,2012,-0.456183223607937
MKD,NY.GDP.MKTP.KD.ZG,2011,2.33988604520331
MKD,NY.GDP.MKTP.KD.ZG,2010,3.35875085773812
MKD,NY.GDP.MKTP.KD.ZG,2009,-0.358614856979671
MKD,NY.GDP.MKTP.KD.ZG,2008,5.47200139015595
MKD,NY.GDP.MKTP.KD.ZG,2007,6.47348685752347
MKD,NY.GDP.MKTP.KD.ZG,2006,5.13702516153505
MKD,NY.GDP.MKTP.KD.ZG,2005,4.72408864201974
MKD,NY.GDP.MKTP.KD.ZG,2004,4.67408957960916
MKD,NY.GDP.MKTP.KD.ZG,2003,2.22260165732409
MKD,NY.GDP.MKTP.KD.ZG,2002,1.49366547202928
MKD,NY.GDP.MKTP.KD.ZG,2001,-3.06725662451662
MKD,NY.GDP.MKTP.KD.ZG,2000,4.54913578288874
MKD,NY.GDP.MKTP.KD.ZG,1999,4.33902791307588
MKD,NY.GDP.MKTP.KD.ZG,1998,3.37873564718296
MKD,NY.GDP.MKTP.KD.ZG,1997,1.43998133659125
MKD,NY.GDP.MKTP.KD.ZG,1996,1.18510388873231
MKD,NY.GDP.MKTP.KD.ZG,1995,-1.11472769414412
MKD,NY.GDP.MKTP.KD.ZG,1994,-1.75816618126913
MKD,NY.GDP.MKTP.KD.ZG,1993,-7.46927131858557
MKD,NY.GDP.MKTP.KD.ZG,1992,-6.56519867685854
MKD,NY.GDP.MKTP.KD.ZG,1991,-6.17076764806545
MKD,NY.GDP.MKTP.KD.ZG,1990,
MKD,NY.GDP.MKTP.KD.ZG,1989,
MKD,NY.GDP.MKTP.KD.ZG,1988,
MKD,NY.GDP.MKTP.KD.ZG,1987,
MKD,NY.GDP.MKTP.KD.ZG,1986,
MKD,NY.GDP.MKTP.KD.ZG,1985,
MKD,NY.GDP.MKTP.KD.ZG,1984,
MKD,NY.GDP.MKTP.KD.ZG,1983,
MKD,NY.GDP.MKTP.KD.ZG,1982,
MKD,NY.GDP.MKTP.KD.ZG,1981,
MKD,NY.GDP.MKTP.KD.ZG,1980,
MKD,NY.GDP.MKTP.KD.ZG,1979,
MKD,NY.GDP.MKTP.KD.ZG,1978,
MKD,NY.GDP.MKTP.KD.ZG,1977,
MKD,NY.GDP.MKTP.KD.ZG,1976,
MKD,NY.GDP.MKTP.KD.ZG,1975,
MKD,NY.GDP.MKTP.KD.ZG,1974,
MKD,NY.GDP.MKTP.KD.ZG,1973,
MKD,NY.GDP.MKTP.KD.ZG,1972,
MKD,NY.GDP.MKTP.KD.ZG,1971,
MKD,NY.GDP.MKTP.KD.ZG,1970,
MKD,NY.GDP.MKTP.KD.ZG,1969,
MKD,NY.GDP.MKTP.KD.ZG,1968,
MKD,NY.GDP.MKTP.KD.ZG,1967,
MKD,NY.GDP.MKTP.KD.ZG,1966,
MKD,NY.GDP.MKTP.KD.ZG,1965,
MKD,NY.GDP.MKTP.KD.ZG,1964,
MKD,NY.GDP.MKTP.KD.ZG,1963,
MKD,NY.GDP.MKTP.KD.ZG,1962,
MKD,NY.GDP.MKTP.KD.ZG,1961,
MKD,NY.GDP.MKTP.KD.ZG,1960,
MNP,NY.GDP.MKTP.KD.ZG,2025,
MNP,NY.GDP.MKTP.KD.ZG,2024,
MNP,NY.GDP.MKTP.KD.ZG,2023,
MNP,NY.GDP.MKTP.KD.ZG,2022,16.6427546628408
MNP,NY.GDP.MKTP.KD.ZG,2021,4.96987951807229
MNP,NY.GDP.MKTP.KD.ZG,2020,-29.0598290598291
MNP,NY.GDP.MKTP.KD.ZG,2019,-11.4474929044465
MNP,NY.GDP.MKTP.KD.ZG,2018,-19.4973343488195
MNP,NY.GDP.MKTP.KD.ZG,2017,23.1707317073171
MNP,NY.GDP.MKTP.KD.ZG,2016,29.2121212121212
MNP,NY.GDP.MKTP.KD.ZG,2015,3.38345864661653
MNP,NY.GDP.MKTP.KD.ZG,2014,4.177545691906
MNP,NY.GDP.MKTP.KD.ZG,2013,2.68096514745308
MNP,NY.GDP.MKTP.KD.ZG,2012,0.810810810810807
MNP,NY.GDP.MKTP.KD.ZG,2011,-7.38423028785982
MNP,NY.GDP.MKTP.KD.ZG,2010,1.3959390862944
MNP,NY.GDP.MKTP.KD.ZG,2009,-17.5732217573222
MNP,NY.GDP.MKTP.KD.ZG,2008,-11.0697674418605
MNP,NY.GDP.MKTP.KD.ZG,2007,-6.68402777777779
MNP,NY.GDP.MKTP.KD.ZG,2006,-6.87146321746161
MNP,NY.GDP.MKTP.KD.ZG,2005,-12.7028934368384
MNP,NY.GDP.MKTP.KD.ZG,2004,-3.07797537619699
MNP,NY.GDP.MKTP.KD.ZG,2003,0.343170899107761
MNP,NY.GDP.MKTP.KD.ZG,2002,
MNP,NY.GDP.MKTP.KD.ZG,2001,
MNP,NY.GDP.MKTP.KD.ZG,2000,
MNP,NY.GDP.MKTP.KD.ZG,1999,
MNP,NY.GDP.MKTP.KD.ZG,1998,
MNP,NY.GDP.MKTP.KD.ZG,1997,
MNP,NY.GDP.MKTP.KD.ZG,1996,
MNP,NY.GDP.MKTP.KD.ZG,1995,
MNP,NY.GDP.MKTP.KD.ZG,1994,
MNP,NY.GDP.MKTP.KD.ZG,1993,
MNP,NY.GDP.MKTP.KD.ZG,1992,
MNP,NY.GDP.MKTP.KD.ZG,1991,
MNP,NY.GDP.MKTP.KD.ZG,1990,
MNP,NY.GDP.MKTP.KD.ZG,1989,
MNP,NY.GDP.MKTP.KD.ZG,1988,
MNP,NY.GDP.MKTP.KD.ZG,1987,
MNP,NY.GDP.MKTP.KD.ZG,1986,
MNP,NY.GDP.MKTP.KD.ZG,1985,
MNP,NY.GDP.MKTP.KD.ZG,1984,
MNP,NY.GDP.MKTP.KD.ZG,1983,
MNP,NY.GDP.MKTP.KD.ZG,1982,
MNP,NY.GDP.MKTP.KD.ZG,1981,
MNP,NY.GDP.MKTP.KD.ZG,1980,
MNP,NY.GDP.MKTP.KD.ZG,1979,
MNP,NY.GDP.MKTP.KD.ZG,1978,
MNP,NY.GDP.MKTP.KD.ZG,1977,
MNP,NY.GDP.MKTP.KD.ZG,1976,
MNP,NY.GDP.MKTP.KD.ZG,1975,
MNP,NY.GDP.MKTP.KD.ZG,1974,
MNP,NY.GDP.MKTP.KD.ZG,1973,
MNP,NY.GDP.MKTP.KD.ZG,1972,
MNP,NY.GDP.MKTP.KD.ZG,1971,
MNP,NY.GDP.MKTP.KD.ZG,1970,
MNP,NY.GDP.MKTP.KD.ZG,1969,
MNP,NY.GDP.MKTP.KD.ZG,1968,
MNP,NY.GDP.MKTP.KD.ZG,1967,
MNP,NY.GDP.MKTP.KD.ZG,1966,
MNP,NY.GDP.MKTP.KD.ZG,1965,
MNP,NY.GDP.MKTP.KD.ZG,1964,
MNP,NY.GDP.MKTP.KD.ZG,1963,
MNP,NY.GDP.MKTP.KD.ZG,1962,
MNP,NY.GDP.MKTP.KD.ZG,1961,
MNP,NY.GDP.MKTP.KD.ZG,1960,
NOR,NY.GDP.MKTP.KD.ZG,2025,
NOR,NY.GDP.MKTP.KD.ZG,2024,2.09723059960317
NOR,NY.GDP.MKTP.KD.ZG,2023,0.0721204806030329
NOR,NY.GDP.MKTP.KD.ZG,2022,3.24622860260932
NOR,NY.GDP.MKTP.KD.ZG,2021,3.90868676830634
NOR,NY.GDP.MKTP.KD.ZG,2020,-1.27817177234034
NOR,NY.GDP.MKTP.KD.ZG,2019,1.12374694968757
NOR,NY.GDP.MKTP.KD.ZG,2018,0.828931500516902
NOR,NY.GDP.MKTP.KD.ZG,2017,2.46374626574153
NOR,NY.GDP.MKTP.KD.ZG,2016,1.16472423928819
NOR,NY.GDP.MKTP.KD.ZG,2015,1.85733971623901
NOR,NY.GDP.MKTP.KD.ZG,2014,2.04813200438943
NOR,NY.GDP.MKTP.KD.ZG,2013,1.01619084044641
NOR,NY.GDP.MKTP.KD.ZG,2012,2.71795924894734
NOR,NY.GDP.MKTP.KD.ZG,2011,1.10565603382983
NOR,NY.GDP.MKTP.KD.ZG,2010,0.787051861494078
NOR,NY.GDP.MKTP.KD.ZG,2009,-1.94036472596633
NOR,NY.GDP.MKTP.KD.ZG,2008,0.481919549757933
NOR,NY.GDP.MKTP.KD.ZG,2007,2.91404000653228
NOR,NY.GDP.MKTP.KD.ZG,2006,2.46147311635166
NOR,NY.GDP.MKTP.KD.ZG,2005,2.68512290339085
NOR,NY.GDP.MKTP.KD.ZG,2004,4.01458802387079
NOR,NY.GDP.MKTP.KD.ZG,2003,0.944909363247831
NOR,NY.GDP.MKTP.KD.ZG,2002,1.37755702173065
NOR,NY.GDP.MKTP.KD.ZG,2001,2.06713043546189
NOR,NY.GDP.MKTP.KD.ZG,2000,3.31894570142394
NOR,NY.GDP.MKTP.KD.ZG,1999,2.0720471690145
NOR,NY.GDP.MKTP.KD.ZG,1998,2.66868660973638
NOR,NY.GDP.MKTP.KD.ZG,1997,5.28460660979037
NOR,NY.GDP.MKTP.KD.ZG,1996,5.02791307591366
NOR,NY.GDP.MKTP.KD.ZG,1995,4.1556430062232
NOR,NY.GDP.MKTP.KD.ZG,1994,5.0552739968782
NOR,NY.GDP.MKTP.KD.ZG,1993,2.8451826884301
NOR,NY.GDP.MKTP.KD.ZG,1992,3.5744589537378
NOR,NY.GDP.MKTP.KD.ZG,1991,3.08443862114596
NOR,NY.GDP.MKTP.KD.ZG,1990,1.93229130670601
NOR,NY.GDP.MKTP.KD.ZG,1989,1.03825236584341
NOR,NY.GDP.MKTP.KD.ZG,1988,-0.255186919919623
NOR,NY.GDP.MKTP.KD.ZG,1987,1.75355822215437
NOR,NY.GDP.MKTP.KD.ZG,1986,4.04211219801826
NOR,NY.GDP.MKTP.KD.ZG,1985,5.55340495751861
NOR,NY.GDP.MKTP.KD.ZG,1984,6.05238132229337
NOR,NY.GDP.MKTP.KD.ZG,1983,3.97300737987926
NOR,NY.GDP.MKTP.KD.ZG,1982,0.235322458035654
NOR,NY.GDP.MKTP.KD.ZG,1981,1.59834395257764
NOR,NY.GDP.MKTP.KD.ZG,1980,4.56424295324047
NOR,NY.GDP.MKTP.KD.ZG,1979,4.37250649718715
NOR,NY.GDP.MKTP.KD.ZG,1978,3.86935443104663
NOR,NY.GDP.MKTP.KD.ZG,1977,4.1607148004549
NOR,NY.GDP.MKTP.KD.ZG,1976,5.82553393357199
NOR,NY.GDP.MKTP.KD.ZG,1975,4.95210299779964
NOR,NY.GDP.MKTP.KD.ZG,1974,3.92218177458818
NOR,NY.GDP.MKTP.KD.ZG,1973,4.53293389868854
NOR,NY.GDP.MKTP.KD.ZG,1972,5.33060484229561
NOR,NY.GDP.MKTP.KD.ZG,1971,5.67361123845754
NOR,NY.GDP.MKTP.KD.ZG,1970,1.94330050548342
NOR,NY.GDP.MKTP.KD.ZG,1969,4.50461145559137
NOR,NY.GDP.MKTP.KD.ZG,1968,2.25987552819265
NOR,NY.GDP.MKTP.KD.ZG,1967,6.25607900635556
NOR,NY.GDP.MKTP.KD.ZG,1966,3.78651325489732
NOR,NY.GDP.MKTP.KD.ZG,1965,5.28560880055215
NOR,NY.GDP.MKTP.KD.ZG,1964,5.0096509866239
NOR,NY.GDP.MKTP.KD.ZG,1963,3.78504308366054
NOR,NY.GDP.MKTP.KD.ZG,1962,2.81394513844555
NOR,NY.GDP.MKTP.KD.ZG,1961,6.27333551040714
NOR,NY.GDP.MKTP.KD.ZG,1960,
OMN,NY.GDP.MKTP.KD.ZG,2025,
OMN,NY.GDP.MKTP.KD.ZG,2024,1.63163221127449
OMN,NY.GDP.MKTP.KD.ZG,2023,1.41401395818599
OMN,NY.GDP.MKTP.KD.ZG,2022,7.98570728354278
OMN,NY.GDP.MKTP.KD.ZG,2021,2.5821749892893
OMN,NY.GDP.MKTP.KD.ZG,2020,-3.37972052697999
OMN,NY.GDP.MKTP.KD.ZG,2019,-1.12863801728058
OMN,NY.GDP.MKTP.KD.ZG,2018,1.28710391543288
OMN,NY.GDP.MKTP.KD.ZG,2017,0.304057565922449
OMN,NY.GDP.MKTP.KD.ZG,2016,5.04642394571691
OMN,NY.GDP.MKTP.KD.ZG,2015,5.01705799719045
OMN,NY.GDP.MKTP.KD.ZG,2014,1.29225229411081
OMN,NY.GDP.MKTP.KD.ZG,2013,5.22770408145942
OMN,NY.GDP.MKTP.KD.ZG,2012,8.86312225557018
OMN,NY.GDP.MKTP.KD.ZG,2011,2.89460973541192
OMN,NY.GDP.MKTP.KD.ZG,2010,2.47199856582773
OMN,NY.GDP.MKTP.KD.ZG,2009,5.98196694904402
OMN,NY.GDP.MKTP.KD.ZG,2008,8.95005895005896
OMN,NY.GDP.MKTP.KD.ZG,2007,4.98065467051528
OMN,NY.GDP.MKTP.KD.ZG,2006,4.66981481939328
OMN,NY.GDP.MKTP.KD.ZG,2005,2.77944360306151
OMN,NY.GDP.MKTP.KD.ZG,2004,1.99251510973346
OMN,NY.GDP.MKTP.KD.ZG,2003,-2.19466567976842
OMN,NY.GDP.MKTP.KD.ZG,2002,-0.784165786429256
OMN,NY.GDP.MKTP.KD.ZG,2001,4.61316649389876
OMN,NY.GDP.MKTP.KD.ZG,2000,6.19241063695442
OMN,NY.GDP.MKTP.KD.ZG,1999,0.29759569579106
OMN,NY.GDP.MKTP.KD.ZG,1998,-0.0678740925781511
OMN,NY.GDP.MKTP.KD.ZG,1997,6.03351250709945
OMN,NY.GDP.MKTP.KD.ZG,1996,3.04593990978547
OMN,NY.GDP.MKTP.KD.ZG,1995,4.99681952030654
OMN,NY.GDP.MKTP.KD.ZG,1994,3.87577416657888
OMN,NY.GDP.MKTP.KD.ZG,1993,6.04296067461487
OMN,NY.GDP.MKTP.KD.ZG,1992,8.41388425937097
OMN,NY.GDP.MKTP.KD.ZG,1991,6.07407790816865
OMN,NY.GDP.MKTP.KD.ZG,1990,-0.130425738129333
OMN,NY.GDP.MKTP.KD.ZG,1989,11.7568618360793
OMN,NY.GDP.MKTP.KD.ZG,1988,5.96402764822645
OMN,NY.GDP.MKTP.KD.ZG,1987,-3.4407841670407
OMN,NY.GDP.MKTP.KD.ZG,1986,2.00215978258038
OMN,NY.GDP.MKTP.KD.ZG,1985,14.0071971120206
OMN,NY.GDP.MKTP.KD.ZG,1984,16.7115939832524
OMN,NY.GDP.MKTP.KD.ZG,1983,16.6666707336558
OMN,NY.GDP.MKTP.KD.ZG,1982,11.5698374015513
OMN,NY.GDP.MKTP.KD.ZG,1981,17.0470783890376
OMN,NY.GDP.MKTP.KD.ZG,1980,6.0354441115762
OMN,NY.GDP.MKTP.KD.ZG,1979,4.33174153321039
OMN,NY.GDP.MKTP.KD.ZG,1978,-3.69353109012729
OMN,NY.GDP.MKTP.KD.ZG,1977,1.00721834180912
OMN,NY.GDP.MKTP.KD.ZG,1976,20.5401229155617
OMN,NY.GDP.MKTP.KD.ZG,1975,24.4335027245109
OMN,NY.GDP.MKTP.KD.ZG,1974,11.4988064646665
OMN,NY.GDP.MKTP.KD.ZG,1973,-14.2520578360136
OMN,NY.GDP.MKTP.KD.ZG,1972,9.82522415284279
OMN,NY.GDP.MKTP.KD.ZG,1971,0.898225100183055
OMN,NY.GDP.MKTP.KD.ZG,1970,13.8950964378378
OMN,NY.GDP.MKTP.KD.ZG,1969,25.6661688006167
OMN,NY.GDP.MKTP.KD.ZG,1968,81.8877967363546
OMN,NY.GDP.MKTP.KD.ZG,1967,66.2190836702255
OMN,NY.GDP.MKTP.KD.ZG,1966,5.20446366819129
OMN,NY.GDP.MKTP.KD.ZG,1965,0.448098405676362
OMN,NY.GDP.MKTP.KD.ZG,1964,0.0747394471302556
OMN,NY.GDP.MKTP.KD.ZG,1963,4.5312435589145
OMN,NY.GDP.MKTP.KD.ZG,1962,20.1877918765272
OMN,NY.GDP.MKTP.KD.ZG,1961,1.13960640396104
OMN,NY.GDP.MKTP.KD.ZG,1960,
PAK,NY.GDP.MKTP.KD.ZG,2025,
PAK,NY.GDP.MKTP.KD.ZG,2024,3.04898287335465
PAK,NY.GDP.MKTP.KD.ZG,2023,-0.414935997088406
PAK,NY.GDP.MKTP.KD.ZG,2022,4.7781068690358
PAK,NY.GDP.MKTP.KD.ZG,2021,6.51388575852702
PAK,NY.GDP.MKTP.KD.ZG,2020,-1.27408744338709
PAK,NY.GDP.MKTP.KD.ZG,2019,2.49763692943365
PAK,NY.GDP.MKTP.KD.ZG,2018,6.15170261099519
PAK,NY.GDP.MKTP.KD.ZG,2017,4.43262590683975
PAK,NY.GDP.MKTP.KD.ZG,2016,6.57383828511043
PAK,NY.GDP.MKTP.KD.ZG,2015,4.21794209572506
PAK,NY.GDP.MKTP.KD.ZG,2014,4.11642817161422
PAK,NY.GDP.MKTP.KD.ZG,2013,4.36686504978387
PAK,NY.GDP.MKTP.KD.ZG,2012,3.02758391088629
PAK,NY.GDP.MKTP.KD.ZG,2011,2.68011685421705
PAK,NY.GDP.MKTP.KD.ZG,2010,1.50171752152883
PAK,NY.GDP.MKTP.KD.ZG,2009,3.47255059567348
PAK,NY.GDP.MKTP.KD.ZG,2008,2.1204410433083
PAK,NY.GDP.MKTP.KD.ZG,2007,4.4448143398844
PAK,NY.GDP.MKTP.KD.ZG,2006,6.05163767569996
PAK,NY.GDP.MKTP.KD.ZG,2005,7.2765744364722
PAK,NY.GDP.MKTP.KD.ZG,2004,7.83125556961251
PAK,NY.GDP.MKTP.KD.ZG,2003,5.40131087314342
PAK,NY.GDP.MKTP.KD.ZG,2002,2.59481668445784
PAK,NY.GDP.MKTP.KD.ZG,2001,3.65135017083765
PAK,NY.GDP.MKTP.KD.ZG,2000,4.2600880111325
PAK,NY.GDP.MKTP.KD.ZG,1999,3.66013273943236
PAK,NY.GDP.MKTP.KD.ZG,1998,2.55023429817393
PAK,NY.GDP.MKTP.KD.ZG,1997,1.01439601077892
PAK,NY.GDP.MKTP.KD.ZG,1996,4.84658128681654
PAK,NY.GDP.MKTP.KD.ZG,1995,4.96260914623281
PAK,NY.GDP.MKTP.KD.ZG,1994,3.73741555767747
PAK,NY.GDP.MKTP.KD.ZG,1993,1.7577476978468
PAK,NY.GDP.MKTP.KD.ZG,1992,7.70589781716029
PAK,NY.GDP.MKTP.KD.ZG,1991,5.06156775897861
PAK,NY.GDP.MKTP.KD.ZG,1990,4.45858681510218
PAK,NY.GDP.MKTP.KD.ZG,1989,4.95976889440439
PAK,NY.GDP.MKTP.KD.ZG,1988,7.62527877959378
PAK,NY.GDP.MKTP.KD.ZG,1987,6.45234302466982
PAK,NY.GDP.MKTP.KD.ZG,1986,5.50165366386253
PAK,NY.GDP.MKTP.KD.ZG,1985,7.59211469875896
PAK,NY.GDP.MKTP.KD.ZG,1984,5.06520560476402
PAK,NY.GDP.MKTP.KD.ZG,1983,6.77837833870171
PAK,NY.GDP.MKTP.KD.ZG,1982,6.53748679998847
PAK,NY.GDP.MKTP.KD.ZG,1981,7.92076357199696
PAK,NY.GDP.MKTP.KD.ZG,1980,10.2157040372755
PAK,NY.GDP.MKTP.KD.ZG,1979,3.75843556852186
PAK,NY.GDP.MKTP.KD.ZG,1978,8.04853361937855
PAK,NY.GDP.MKTP.KD.ZG,1977,3.94769828741323
PAK,NY.GDP.MKTP.KD.ZG,1976,5.15618958986124
PAK,NY.GDP.MKTP.KD.ZG,1975,4.21141563146435
PAK,NY.GDP.MKTP.KD.ZG,1974,3.54019171278873
PAK,NY.GDP.MKTP.KD.ZG,1973,7.06426385694971
PAK,NY.GDP.MKTP.KD.ZG,1972,0.813406404584697
PAK,NY.GDP.MKTP.KD.ZG,1971,0.468372548493363
PAK,NY.GDP.MKTP.KD.ZG,1970,11.3534617181927
PAK,NY.GDP.MKTP.KD.ZG,1969,5.5078996342957
PAK,NY.GDP.MKTP.KD.ZG,1968,7.23322092498739
PAK,NY.GDP.MKTP.KD.ZG,1967,5.4006125972184
PAK,NY.GDP.MKTP.KD.ZG,1966,5.78995180142022
PAK,NY.GDP.MKTP.KD.ZG,1965,10.4193658220408
PAK,NY.GDP.MKTP.KD.ZG,1964,7.56975744902432
PAK,NY.GDP.MKTP.KD.ZG,1963,8.68883151825786
PAK,NY.GDP.MKTP.KD.ZG,1962,4.48285862750326
PAK,NY.GDP.MKTP.KD.ZG,1961,5.98734641929141
PAK,NY.GDP.MKTP.KD.ZG,1960,
PLW,NY.GDP.MKTP.KD.ZG,2025,
PLW,NY.GDP.MKTP.KD.ZG,2024,
PLW,NY.GDP.MKTP.KD.ZG,2023,2.21599800170485
PLW,NY.GDP.MKTP.KD.ZG,2022,1.51267904038146
PLW,NY.GDP.MKTP.KD.ZG,2021,-13.2600319305925
PLW,NY.GDP.MKTP.KD.ZG,2020,-6.87233152299699
PLW,NY.GDP.MKTP.KD.ZG,2019,-0.362028649856498
PLW,NY.GDP.MKTP.KD.ZG,2018,-1.24390713667657
PLW,NY.GDP.MKTP.KD.ZG,2017,-2.98950254798218
PLW,NY.GDP.MKTP.KD.ZG,2016,1.32685546630708
PLW,NY.GDP.MKTP.KD.ZG,2015,7.92010724472276
PLW,NY.GDP.MKTP.KD.ZG,2014,5.16816298235885
PLW,NY.GDP.MKTP.KD.ZG,2013,-2.55228103983089
PLW,NY.GDP.MKTP.KD.ZG,2012,1.65514876664869
PLW,NY.GDP.MKTP.KD.ZG,2011,5.09200624133297
PLW,NY.GDP.MKTP.KD.ZG,2010,-2.64326159533755
PLW,NY.GDP.MKTP.KD.ZG,2009,-6.53652076215215
PLW,NY.GDP.MKTP.KD.ZG,2008,-5.19490494373626
PLW,NY.GDP.MKTP.KD.ZG,2007,1.32259368182741
PLW,NY.GDP.MKTP.KD.ZG,2006,0.228095913166968
PLW,NY.GDP.MKTP.KD.ZG,2005,2.88482726313062
PLW,NY.GDP.MKTP.KD.ZG,2004,3.47251046466637
PLW,NY.GDP.MKTP.KD.ZG,2003,-2.12776308332282
PLW,NY.GDP.MKTP.KD.ZG,2002,4.71497769088471
PLW,NY.GDP.MKTP.KD.ZG,2001,7.34589375241519
PLW,NY.GDP.MKTP.KD.ZG,2000,-2.60390246523619
PLW,NY.GDP.MKTP.KD.ZG,1999,-5.40000842150926
PLW,NY.GDP.MKTP.KD.ZG,1998,1.99998529650165
PLW,NY.GDP.MKTP.KD.ZG,1997,2.29999121249378
PLW,NY.GDP.MKTP.KD.ZG,1996,10.4000433504478
PLW,NY.GDP.MKTP.KD.ZG,1995,10.8999886111129
PLW,NY.GDP.MKTP.KD.ZG,1994,7.30003073270198
PLW,NY.GDP.MKTP.KD.ZG,1993,-12.3000390835031
PLW,NY.GDP.MKTP.KD.ZG,1992,-6.40003961286966
PLW,NY.GDP.MKTP.KD.ZG,1991,4.90522492306877
PLW,NY.GDP.MKTP.KD.ZG,1990,5.43650669451756
PLW,NY.GDP.MKTP.KD.ZG,1989,5.43650637635426
PLW,NY.GDP.MKTP.KD.ZG,1988,5.43650637200454
PLW,NY.GDP.MKTP.KD.ZG,1987,5.43650574891907
PLW,NY.GDP.MKTP.KD.ZG,1986,5.43650649081025
PLW,NY.GDP.MKTP.KD.ZG,1985,5.4365062581109
PLW,NY.GDP.MKTP.KD.ZG,1984,4.62199697543406
PLW,NY.GDP.MKTP.KD.ZG,1983,1.93200857888363
PLW,NY.GDP.MKTP.KD.ZG,1982,-0.374149391627597
PLW,NY.GDP.MKTP.KD.ZG,1981,-0.374146950588951
PLW,NY.GDP.MKTP.KD.ZG,1980,-0.374144776818014
PLW,NY.GDP.MKTP.KD.ZG,1979,-0.374146925110267
PLW,NY.GDP.MKTP.KD.ZG,1978,-0.488594888107158
PLW,NY.GDP.MKTP.KD.ZG,1977,1.43010429283959
PLW,NY.GDP.MKTP.KD.ZG,1976,-0.0415240695014916
PLW,NY.GDP.MKTP.KD.ZG,1975,0.0252666400614601
PLW,NY.GDP.MKTP.KD.ZG,1974,0.105534658034941
PLW,NY.GDP.MKTP.KD.ZG,1973,0.202024553629073
PLW,NY.GDP.MKTP.KD.ZG,1972,0.341301339262174
PLW,NY.GDP.MKTP.KD.ZG,1971,0.126339611580775
PLW,NY.GDP.MKTP.KD.ZG,1970,
PLW,NY.GDP.MKTP.KD.ZG,1969,
PLW,NY.GDP.MKTP.KD.ZG,1968,
PLW,NY.GDP.MKTP.KD.ZG,1967,
PLW,NY.GDP.MKTP.KD.ZG,1966,
PLW,NY.GDP.MKTP.KD.ZG,1965,
PLW,NY.GDP.MKTP.KD.ZG,1964,
PLW,NY.GDP.MKTP.KD.ZG,1963,
PLW,NY.GDP.MKTP.KD.ZG,1962,
PLW,NY.GDP.MKTP.KD.ZG,1961,
PLW,NY.GDP.MKTP.KD.ZG,1960,
PAN,NY.GDP.MKTP.KD.ZG,2025,
PAN,NY.GDP.MKTP.KD.ZG,2024,2.74788545546916
PAN,NY.GDP.MKTP.KD.ZG,2023,7.16632946099945
PAN,NY.GDP.MKTP.KD.ZG,2022,11.0385475261766
PAN,NY.GDP.MKTP.KD.ZG,2021,16.4671248604202
PAN,NY.GDP.MKTP.KD.ZG,2020,-17.8212299459324
PAN,NY.GDP.MKTP.KD.ZG,2019,3.10306793272473
PAN,NY.GDP.MKTP.KD.ZG,2018,3.9181980847881
PAN,NY.GDP.MKTP.KD.ZG,2017,5.74405946988693
PAN,NY.GDP.MKTP.KD.ZG,2016,4.57196696307969
PAN,NY.GDP.MKTP.KD.ZG,2015,5.26691726402875
PAN,NY.GDP.MKTP.KD.ZG,2014,4.62581384604574
PAN,NY.GDP.MKTP.KD.ZG,2013,6.32435373509259
PAN,NY.GDP.MKTP.KD.ZG,2012,9.62729355007232
PAN,NY.GDP.MKTP.KD.ZG,2011,11.9088772241134
PAN,NY.GDP.MKTP.KD.ZG,2010,6.07339340909564
PAN,NY.GDP.MKTP.KD.ZG,2009,1.61186417596689
PAN,NY.GDP.MKTP.KD.ZG,2008,10.197432548532
PAN,NY.GDP.MKTP.KD.ZG,2007,13.1530653136012
PAN,NY.GDP.MKTP.KD.ZG,2006,9.8572387394466
PAN,NY.GDP.MKTP.KD.ZG,2005,8.27618322400723
PAN,NY.GDP.MKTP.KD.ZG,2004,8.1756535098435
PAN,NY.GDP.MKTP.KD.ZG,2003,5.09686013628365
PAN,NY.GDP.MKTP.KD.ZG,2002,2.50884408826073
PAN,NY.GDP.MKTP.KD.ZG,2001,0.949907875683692
PAN,NY.GDP.MKTP.KD.ZG,2000,4.2090057360153
PAN,NY.GDP.MKTP.KD.ZG,1999,5.21164589070221
PAN,NY.GDP.MKTP.KD.ZG,1998,8.38747203278514
PAN,NY.GDP.MKTP.KD.ZG,1997,7.70904005690254
PAN,NY.GDP.MKTP.KD.ZG,1996,4.07970276668888
PAN,NY.GDP.MKTP.KD.ZG,1995,1.75167879322248
PAN,NY.GDP.MKTP.KD.ZG,1994,2.85014710063089
PAN,NY.GDP.MKTP.KD.ZG,1993,5.45574435675844
PAN,NY.GDP.MKTP.KD.ZG,1992,8.20168016089661
PAN,NY.GDP.MKTP.KD.ZG,1991,9.41900577743102
PAN,NY.GDP.MKTP.KD.ZG,1990,8.09899300573224
PAN,NY.GDP.MKTP.KD.ZG,1989,1.56224700549564
PAN,NY.GDP.MKTP.KD.ZG,1988,-13.3798437826627
PAN,NY.GDP.MKTP.KD.ZG,1987,-1.80905548139501
PAN,NY.GDP.MKTP.KD.ZG,1986,3.56778822819052
PAN,NY.GDP.MKTP.KD.ZG,1985,4.94223365153981
PAN,NY.GDP.MKTP.KD.ZG,1984,2.70947377305887
PAN,NY.GDP.MKTP.KD.ZG,1983,-4.49136434642946
PAN,NY.GDP.MKTP.KD.ZG,1982,5.34845643837734
PAN,NY.GDP.MKTP.KD.ZG,1981,9.20680945357908
PAN,NY.GDP.MKTP.KD.ZG,1980,13.0844817290489
PAN,NY.GDP.MKTP.KD.ZG,1979,4.51475107985127
PAN,NY.GDP.MKTP.KD.ZG,1978,9.79264391816659
PAN,NY.GDP.MKTP.KD.ZG,1977,1.0940258905988
PAN,NY.GDP.MKTP.KD.ZG,1976,1.66446135972971
PAN,NY.GDP.MKTP.KD.ZG,1975,1.74091944012658
PAN,NY.GDP.MKTP.KD.ZG,1974,2.44831956246551
PAN,NY.GDP.MKTP.KD.ZG,1973,5.36431021720534
PAN,NY.GDP.MKTP.KD.ZG,1972,4.58281250525241
PAN,NY.GDP.MKTP.KD.ZG,1971,9.61613757840476
PAN,NY.GDP.MKTP.KD.ZG,1970,6.95922610779934
PAN,NY.GDP.MKTP.KD.ZG,1969,8.44138916877408
PAN,NY.GDP.MKTP.KD.ZG,1968,6.97738862373494
PAN,NY.GDP.MKTP.KD.ZG,1967,8.55293117898977
PAN,NY.GDP.MKTP.KD.ZG,1966,7.58140188284906
PAN,NY.GDP.MKTP.KD.ZG,1965,9.16003626205379
PAN,NY.GDP.MKTP.KD.ZG,1964,4.43213036829097
PAN,NY.GDP.MKTP.KD.ZG,1963,8.53878879939805
PAN,NY.GDP.MKTP.KD.ZG,1962,8.24473681997463
PAN,NY.GDP.MKTP.KD.ZG,1961,10.926594841623
PAN,NY.GDP.MKTP.KD.ZG,1960,
PNG,NY.GDP.MKTP.KD.ZG,2025,
PNG,NY.GDP.MKTP.KD.ZG,2024,3.79979560086888
PNG,NY.GDP.MKTP.KD.ZG,2023,3.81088622906051
PNG,NY.GDP.MKTP.KD.ZG,2022,5.70758404238197
PNG,NY.GDP.MKTP.KD.ZG,2021,-0.511353418578196
PNG,NY.GDP.MKTP.KD.ZG,2020,-3.16743204434815
PNG,NY.GDP.MKTP.KD.ZG,2019,4.48051456942582
PNG,NY.GDP.MKTP.KD.ZG,2018,-0.279252284959952
PNG,NY.GDP.MKTP.KD.ZG,2017,3.53461081750459
PNG,NY.GDP.MKTP.KD.ZG,2016,5.48957315278187
PNG,NY.GDP.MKTP.KD.ZG,2015,6.57835632304275
PNG,NY.GDP.MKTP.KD.ZG,2014,13.5437706216546
PNG,NY.GDP.MKTP.KD.ZG,2013,3.82494632800675
PNG,NY.GDP.MKTP.KD.ZG,2012,4.65711959686239
PNG,NY.GDP.MKTP.KD.ZG,2011,1.10754362619616
PNG,NY.GDP.MKTP.KD.ZG,2010,10.1284540720232
PNG,NY.GDP.MKTP.KD.ZG,2009,6.80042148322096
PNG,NY.GDP.MKTP.KD.ZG,2008,-0.296457845880582
PNG,NY.GDP.MKTP.KD.ZG,2007,7.81518922862388
PNG,NY.GDP.MKTP.KD.ZG,2006,5.40994409107307
PNG,NY.GDP.MKTP.KD.ZG,2005,6.34479592309654
PNG,NY.GDP.MKTP.KD.ZG,2004,2.72117574098235
PNG,NY.GDP.MKTP.KD.ZG,2003,2.16410250222083
PNG,NY.GDP.MKTP.KD.ZG,2002,-0.158900533082658
PNG,NY.GDP.MKTP.KD.ZG,2001,-0.121288605564772
PNG,NY.GDP.MKTP.KD.ZG,2000,-2.49484199260023
PNG,NY.GDP.MKTP.KD.ZG,1999,1.85555399408817
PNG,NY.GDP.MKTP.KD.ZG,1998,-3.76911321783457
PNG,NY.GDP.MKTP.KD.ZG,1997,-3.90438965639359
PNG,NY.GDP.MKTP.KD.ZG,1996,7.73369579796399
PNG,NY.GDP.MKTP.KD.ZG,1995,-3.31244877829666
PNG,NY.GDP.MKTP.KD.ZG,1994,5.94210905967769
PNG,NY.GDP.MKTP.KD.ZG,1993,18.2022859527298
PNG,NY.GDP.MKTP.KD.ZG,1992,13.8490852689481
PNG,NY.GDP.MKTP.KD.ZG,1991,9.54689771039914
PNG,NY.GDP.MKTP.KD.ZG,1990,-3.01216922181256
PNG,NY.GDP.MKTP.KD.ZG,1989,-1.41957988360637
PNG,NY.GDP.MKTP.KD.ZG,1988,2.90924048446031
PNG,NY.GDP.MKTP.KD.ZG,1987,2.7704948317036
PNG,NY.GDP.MKTP.KD.ZG,1986,4.69305706882692
PNG,NY.GDP.MKTP.KD.ZG,1985,4.00019034409902
PNG,NY.GDP.MKTP.KD.ZG,1984,-0.354726452176862
PNG,NY.GDP.MKTP.KD.ZG,1983,3.22316306354293
PNG,NY.GDP.MKTP.KD.ZG,1982,0.352944288679396
PNG,NY.GDP.MKTP.KD.ZG,1981,-0.274829571650017
PNG,NY.GDP.MKTP.KD.ZG,1980,-2.30345120118429
PNG,NY.GDP.MKTP.KD.ZG,1979,1.83239551493573
PNG,NY.GDP.MKTP.KD.ZG,1978,8.549859334011
PNG,NY.GDP.MKTP.KD.ZG,1977,0.834815601092103
PNG,NY.GDP.MKTP.KD.ZG,1976,-3.38844861433063
PNG,NY.GDP.MKTP.KD.ZG,1975,-0.87988416462035
PNG,NY.GDP.MKTP.KD.ZG,1974,2.61053259341438
PNG,NY.GDP.MKTP.KD.ZG,1973,6.52926483244623
PNG,NY.GDP.MKTP.KD.ZG,1972,5.6435533711489
PNG,NY.GDP.MKTP.KD.ZG,1971,6.29519256737012
PNG,NY.GDP.MKTP.KD.ZG,1970,10.8428057776823
PNG,NY.GDP.MKTP.KD.ZG,1969,8.27345794779133
PNG,NY.GDP.MKTP.KD.ZG,1968,4.35959025088704
PNG,NY.GDP.MKTP.KD.ZG,1967,4.07046147460628
PNG,NY.GDP.MKTP.KD.ZG,1966,5.8137579823151
PNG,NY.GDP.MKTP.KD.ZG,1965,10.2685198038056
PNG,NY.GDP.MKTP.KD.ZG,1964,8.57028153120143
PNG,NY.GDP.MKTP.KD.ZG,1963,4.07252177318168
PNG,NY.GDP.MKTP.KD.ZG,1962,6.37409931200521
PNG,NY.GDP.MKTP.KD.ZG,1961,6.18111172492752
PNG,NY.GDP.MKTP.KD.ZG,1960,
PRY,NY.GDP.MKTP.KD.ZG,2025,
PRY,NY.GDP.MKTP.KD.ZG,2024,4.24996010464072
PRY,NY.GDP.MKTP.KD.ZG,2023,4.9992279112746
PRY,NY.GDP.MKTP.KD.ZG,2022,0.176038366149214
PRY,NY.GDP.MKTP.KD.ZG,2021,4.01673731776404
PRY,NY.GDP.MKTP.KD.ZG,2020,-0.819785390945569
PRY,NY.GDP.MKTP.KD.ZG,2019,-0.401855100701937
PRY,NY.GDP.MKTP.KD.ZG,2018,3.20425034080199
PRY,NY.GDP.MKTP.KD.ZG,2017,4.81007885552178
PRY,NY.GDP.MKTP.KD.ZG,2016,4.26802583314358
PRY,NY.GDP.MKTP.KD.ZG,2015,2.95715168364671
PRY,NY.GDP.MKTP.KD.ZG,2014,5.30123864475758
PRY,NY.GDP.MKTP.KD.ZG,2013,8.29307648937821
PRY,NY.GDP.MKTP.KD.ZG,2012,-0.708043112304196
PRY,NY.GDP.MKTP.KD.ZG,2011,4.28637120706239
PRY,NY.GDP.MKTP.KD.ZG,2010,11.0952312685449
PRY,NY.GDP.MKTP.KD.ZG,2009,-0.261137328115808
PRY,NY.GDP.MKTP.KD.ZG,2008,6.49629211973152
PRY,NY.GDP.MKTP.KD.ZG,2007,5.42162287218235
PRY,NY.GDP.MKTP.KD.ZG,2006,4.80711719268376
PRY,NY.GDP.MKTP.KD.ZG,2005,2.13349066459601
PRY,NY.GDP.MKTP.KD.ZG,2004,4.05741836363771
PRY,NY.GDP.MKTP.KD.ZG,2003,4.32074548551591
PRY,NY.GDP.MKTP.KD.ZG,2002,-0.0214043949985694
PRY,NY.GDP.MKTP.KD.ZG,2001,-0.834054716746095
PRY,NY.GDP.MKTP.KD.ZG,2000,-2.31414056819045
PRY,NY.GDP.MKTP.KD.ZG,1999,-1.36607971240079
PRY,NY.GDP.MKTP.KD.ZG,1998,0.0680377558080636
PRY,NY.GDP.MKTP.KD.ZG,1997,4.24251610269859
PRY,NY.GDP.MKTP.KD.ZG,1996,1.57378513175006
PRY,NY.GDP.MKTP.KD.ZG,1995,6.82281030358578
PRY,NY.GDP.MKTP.KD.ZG,1994,5.31791766023942
PRY,NY.GDP.MKTP.KD.ZG,1993,4.93635941475281
PRY,NY.GDP.MKTP.KD.ZG,1992,1.69642801124701
PRY,NY.GDP.MKTP.KD.ZG,1991,3.49365015491472
PRY,NY.GDP.MKTP.KD.ZG,1990,4.12328287941739
PRY,NY.GDP.MKTP.KD.ZG,1989,6.93520391103523
PRY,NY.GDP.MKTP.KD.ZG,1988,5.91537206556045
PRY,NY.GDP.MKTP.KD.ZG,1987,7.58230437604178
PRY,NY.GDP.MKTP.KD.ZG,1986,4.96483566571362
PRY,NY.GDP.MKTP.KD.ZG,1985,4.5231356783092
PRY,NY.GDP.MKTP.KD.ZG,1984,2.81659944601458
PRY,NY.GDP.MKTP.KD.ZG,1983,-3.0426178847186
PRY,NY.GDP.MKTP.KD.ZG,1982,-1.39761771803515
PRY,NY.GDP.MKTP.KD.ZG,1981,9.17045884942912
PRY,NY.GDP.MKTP.KD.ZG,1980,11.712145943448
PRY,NY.GDP.MKTP.KD.ZG,1979,11.862146971295
PRY,NY.GDP.MKTP.KD.ZG,1978,12.0287299461216
PRY,NY.GDP.MKTP.KD.ZG,1977,11.4940816019955
PRY,NY.GDP.MKTP.KD.ZG,1976,7.52594953142729
PRY,NY.GDP.MKTP.KD.ZG,1975,6.85244471412953
PRY,NY.GDP.MKTP.KD.ZG,1974,8.38152543650033
PRY,NY.GDP.MKTP.KD.ZG,1973,7.30281290740682
PRY,NY.GDP.MKTP.KD.ZG,1972,6.63129747573396
PRY,NY.GDP.MKTP.KD.ZG,1971,5.538151942856
PRY,NY.GDP.MKTP.KD.ZG,1970,5.55342573311894
PRY,NY.GDP.MKTP.KD.ZG,1969,4.70115140770775
PRY,NY.GDP.MKTP.KD.ZG,1968,4.52707384188076
PRY,NY.GDP.MKTP.KD.ZG,1967,9.15036720414034
PRY,NY.GDP.MKTP.KD.ZG,1966,1.99150333527275
PRY,NY.GDP.MKTP.KD.ZG,1965,6.16797475642743
PRY,NY.GDP.MKTP.KD.ZG,1964,4.21247735945683
PRY,NY.GDP.MKTP.KD.ZG,1963,4.71029133985073
PRY,NY.GDP.MKTP.KD.ZG,1962,3.30025851602093
PRY,NY.GDP.MKTP.KD.ZG,1961,6.90028551422945
PRY,NY.GDP.MKTP.KD.ZG,1960,
PER,NY.GDP.MKTP.KD.ZG,2025,
PER,NY.GDP.MKTP.KD.ZG,2024,3.30394098171516
PER,NY.GDP.MKTP.KD.ZG,2023,-0.403242151494268
PER,NY.GDP.MKTP.KD.ZG,2022,2.8090335533015
PER,NY.GDP.MKTP.KD.ZG,2021,13.3626240903125
PER,NY.GDP.MKTP.KD.ZG,2020,-10.9333065010382
PER,NY.GDP.MKTP.KD.ZG,2019,2.24063176875049
PER,NY.GDP.MKTP.KD.ZG,2018,3.969351341365
PER,NY.GDP.MKTP.KD.ZG,2017,2.51883544233135
PER,NY.GDP.MKTP.KD.ZG,2016,3.95331871520767
PER,NY.GDP.MKTP.KD.ZG,2015,3.25224477218451
PER,NY.GDP.MKTP.KD.ZG,2014,2.38215737180541
PER,NY.GDP.MKTP.KD.ZG,2013,5.85251821084928
PER,NY.GDP.MKTP.KD.ZG,2012,6.13972470560435
PER,NY.GDP.MKTP.KD.ZG,2011,6.32719240161117
PER,NY.GDP.MKTP.KD.ZG,2010,8.33245910749577
PER,NY.GDP.MKTP.KD.ZG,2009,1.0958236592427
PER,NY.GDP.MKTP.KD.ZG,2008,9.1265683014642
PER,NY.GDP.MKTP.KD.ZG,2007,8.5183877690955
PER,NY.GDP.MKTP.KD.ZG,2006,7.5288990440594
PER,NY.GDP.MKTP.KD.ZG,2005,6.28506032509601
PER,NY.GDP.MKTP.KD.ZG,2004,4.95820320611745
PER,NY.GDP.MKTP.KD.ZG,2003,4.16502313666112
PER,NY.GDP.MKTP.KD.ZG,2002,5.45352893818767
PER,NY.GDP.MKTP.KD.ZG,2001,0.617892325624297
PER,NY.GDP.MKTP.KD.ZG,2000,2.69437139806912
PER,NY.GDP.MKTP.KD.ZG,1999,1.49491064308833
PER,NY.GDP.MKTP.KD.ZG,1998,-0.391537555833821
PER,NY.GDP.MKTP.KD.ZG,1997,6.47682442079709
PER,NY.GDP.MKTP.KD.ZG,1996,2.79897307912609
PER,NY.GDP.MKTP.KD.ZG,1995,7.41139504735119
PER,NY.GDP.MKTP.KD.ZG,1994,12.3083661848445
PER,NY.GDP.MKTP.KD.ZG,1993,5.24357700773291
PER,NY.GDP.MKTP.KD.ZG,1992,-0.540509124723926
PER,NY.GDP.MKTP.KD.ZG,1991,2.2192591027909
PER,NY.GDP.MKTP.KD.ZG,1990,-4.98256353646605
PER,NY.GDP.MKTP.KD.ZG,1989,-12.3120414471296
PER,NY.GDP.MKTP.KD.ZG,1988,-9.44127344629392
PER,NY.GDP.MKTP.KD.ZG,1987,9.72614643050372
PER,NY.GDP.MKTP.KD.ZG,1986,9.42596236073652
PER,NY.GDP.MKTP.KD.ZG,1985,2.06113206625895
PER,NY.GDP.MKTP.KD.ZG,1984,3.60828653816966
PER,NY.GDP.MKTP.KD.ZG,1983,-10.408085798297
PER,NY.GDP.MKTP.KD.ZG,1982,-0.2227234441863
PER,NY.GDP.MKTP.KD.ZG,1981,5.55204181484046
PER,NY.GDP.MKTP.KD.ZG,1980,5.94333539830841
PER,NY.GDP.MKTP.KD.ZG,1979,4.09075057410003
PER,NY.GDP.MKTP.KD.ZG,1978,-2.64250297882154
PER,NY.GDP.MKTP.KD.ZG,1977,0.349063699303812
PER,NY.GDP.MKTP.KD.ZG,1976,1.44711099517411
PER,NY.GDP.MKTP.KD.ZG,1975,4.30086316548426
PER,NY.GDP.MKTP.KD.ZG,1974,9.38683491938303
PER,NY.GDP.MKTP.KD.ZG,1973,6.27693475562022
PER,NY.GDP.MKTP.KD.ZG,1972,3.47753512310473
PER,NY.GDP.MKTP.KD.ZG,1971,4.59053992759885
PER,NY.GDP.MKTP.KD.ZG,1970,3.36594600332614
PER,NY.GDP.MKTP.KD.ZG,1969,3.51445891251396
PER,NY.GDP.MKTP.KD.ZG,1968,0.152237710931757
PER,NY.GDP.MKTP.KD.ZG,1967,3.85256440782895
PER,NY.GDP.MKTP.KD.ZG,1966,8.2389204457594
PER,NY.GDP.MKTP.KD.ZG,1965,5.62173344947736
PER,NY.GDP.MKTP.KD.ZG,1964,6.54786765047102
PER,NY.GDP.MKTP.KD.ZG,1963,4.32824981844591
PER,NY.GDP.MKTP.KD.ZG,1962,10.0352933342212
PER,NY.GDP.MKTP.KD.ZG,1961,7.34709633145569
PER,NY.GDP.MKTP.KD.ZG,1960,
PHL,NY.GDP.MKTP.KD.ZG,2025,
PHL,NY.GDP.MKTP.KD.ZG,2024,5.69201612823412
PHL,NY.GDP.MKTP.KD.ZG,2023,5.51894967862863
PHL,NY.GDP.MKTP.KD.ZG,2022,7.58098212785563
PHL,NY.GDP.MKTP.KD.ZG,2021,5.71473313185116
PHL,NY.GDP.MKTP.KD.ZG,2020,-9.51829474045297
PHL,NY.GDP.MKTP.KD.ZG,2019,6.11852566221303
PHL,NY.GDP.MKTP.KD.ZG,2018,6.34148557153473
PHL,NY.GDP.MKTP.KD.ZG,2017,6.9309883258402
PHL,NY.GDP.MKTP.KD.ZG,2016,7.14945675000752
PHL,NY.GDP.MKTP.KD.ZG,2015,6.34830971672761
PHL,NY.GDP.MKTP.KD.ZG,2014,6.34798748260867
PHL,NY.GDP.MKTP.KD.ZG,2013,6.75053130142255
PHL,NY.GDP.MKTP.KD.ZG,2012,6.89695171050985
PHL,NY.GDP.MKTP.KD.ZG,2011,3.85823282795663
PHL,NY.GDP.MKTP.KD.ZG,2010,7.33449996034538
PHL,NY.GDP.MKTP.KD.ZG,2009,1.44832306275669
PHL,NY.GDP.MKTP.KD.ZG,2008,4.34448730509183
PHL,NY.GDP.MKTP.KD.ZG,2007,6.51929155018938
PHL,NY.GDP.MKTP.KD.ZG,2006,5.31641682136939
PHL,NY.GDP.MKTP.KD.ZG,2005,4.94250511877678
PHL,NY.GDP.MKTP.KD.ZG,2004,6.56922851180626
PHL,NY.GDP.MKTP.KD.ZG,2003,5.08691113513073
PHL,NY.GDP.MKTP.KD.ZG,2002,3.71625500158383
PHL,NY.GDP.MKTP.KD.ZG,2001,3.04923134463486
PHL,NY.GDP.MKTP.KD.ZG,2000,4.38250500083399
PHL,NY.GDP.MKTP.KD.ZG,1999,3.34645118398267
PHL,NY.GDP.MKTP.KD.ZG,1998,-0.514090599541888
PHL,NY.GDP.MKTP.KD.ZG,1997,5.18641167406165
PHL,NY.GDP.MKTP.KD.ZG,1996,5.8603478716379
PHL,NY.GDP.MKTP.KD.ZG,1995,4.62522511739661
PHL,NY.GDP.MKTP.KD.ZG,1994,4.37366591819077
PHL,NY.GDP.MKTP.KD.ZG,1993,2.181889985613
PHL,NY.GDP.MKTP.KD.ZG,1992,0.417629066097945
PHL,NY.GDP.MKTP.KD.ZG,1991,-0.436390080533428
PHL,NY.GDP.MKTP.KD.ZG,1990,3.08267252855887
PHL,NY.GDP.MKTP.KD.ZG,1989,6.18391820283388
PHL,NY.GDP.MKTP.KD.ZG,1988,6.69693110468185
PHL,NY.GDP.MKTP.KD.ZG,1987,4.36180967277697
PHL,NY.GDP.MKTP.KD.ZG,1986,3.51068403005506
PHL,NY.GDP.MKTP.KD.ZG,1985,-6.85837720864683
PHL,NY.GDP.MKTP.KD.ZG,1984,-7.0393782012259
PHL,NY.GDP.MKTP.KD.ZG,1983,1.89695178959097
PHL,NY.GDP.MKTP.KD.ZG,1982,3.69840609851109
PHL,NY.GDP.MKTP.KD.ZG,1981,3.42220873753665
PHL,NY.GDP.MKTP.KD.ZG,1980,5.20071107911187
PHL,NY.GDP.MKTP.KD.ZG,1979,5.59557107591131
PHL,NY.GDP.MKTP.KD.ZG,1978,5.19238453027808
PHL,NY.GDP.MKTP.KD.ZG,1977,5.56297025151267
PHL,NY.GDP.MKTP.KD.ZG,1976,8.77840333051334
PHL,NY.GDP.MKTP.KD.ZG,1975,5.45110286965478
PHL,NY.GDP.MKTP.KD.ZG,1974,3.39460637850206
PHL,NY.GDP.MKTP.KD.ZG,1973,8.78200912237088
PHL,NY.GDP.MKTP.KD.ZG,1972,5.43038749392343
PHL,NY.GDP.MKTP.KD.ZG,1971,5.38900841621259
PHL,NY.GDP.MKTP.KD.ZG,1970,3.69248748654796
PHL,NY.GDP.MKTP.KD.ZG,1969,4.68947344100819
PHL,NY.GDP.MKTP.KD.ZG,1968,5.03815939692956
PHL,NY.GDP.MKTP.KD.ZG,1967,5.22268758922664
PHL,NY.GDP.MKTP.KD.ZG,1966,4.4411585340256
PHL,NY.GDP.MKTP.KD.ZG,1965,5.34508932932236
PHL,NY.GDP.MKTP.KD.ZG,1964,3.40249443571273
PHL,NY.GDP.MKTP.KD.ZG,1963,7.01626518416583
PHL,NY.GDP.MKTP.KD.ZG,1962,4.84629418915898
PHL,NY.GDP.MKTP.KD.ZG,1961,5.69547095029755
PHL,NY.GDP.MKTP.KD.ZG,1960,
POL,NY.GDP.MKTP.KD.ZG,2025,
POL,NY.GDP.MKTP.KD.ZG,2024,3.02841630700273
POL,NY.GDP.MKTP.KD.ZG,2023,0.249610834017872
POL,NY.GDP.MKTP.KD.ZG,2022,5.25545697386036
POL,NY.GDP.MKTP.KD.ZG,2021,6.92718266052501
POL,NY.GDP.MKTP.KD.ZG,2020,-2.03556882399977
POL,NY.GDP.MKTP.KD.ZG,2019,4.58045817256199
POL,NY.GDP.MKTP.KD.ZG,2018,6.2458584723942
POL,NY.GDP.MKTP.KD.ZG,2017,5.15245773325907
POL,NY.GDP.MKTP.KD.ZG,2016,3.03117767594847
POL,NY.GDP.MKTP.KD.ZG,2015,4.43176700264478
POL,NY.GDP.MKTP.KD.ZG,2014,3.92050862390032
POL,NY.GDP.MKTP.KD.ZG,2013,0.684240607051805
POL,NY.GDP.MKTP.KD.ZG,2012,1.51178167644575
POL,NY.GDP.MKTP.KD.ZG,2011,5.25546256612796
POL,NY.GDP.MKTP.KD.ZG,2010,3.16892748258036
POL,NY.GDP.MKTP.KD.ZG,2009,2.61512859291683
POL,NY.GDP.MKTP.KD.ZG,2008,4.38377069274605
POL,NY.GDP.MKTP.KD.ZG,2007,6.7604478527626
POL,NY.GDP.MKTP.KD.ZG,2006,6.20210710934373
POL,NY.GDP.MKTP.KD.ZG,2005,3.26082274679216
POL,NY.GDP.MKTP.KD.ZG,2004,5.09079546409544
POL,NY.GDP.MKTP.KD.ZG,2003,3.52337117234833
POL,NY.GDP.MKTP.KD.ZG,2002,1.90119437968586
POL,NY.GDP.MKTP.KD.ZG,2001,1.23374464400356
POL,NY.GDP.MKTP.KD.ZG,2000,4.65633252988236
POL,NY.GDP.MKTP.KD.ZG,1999,4.69918479192557
POL,NY.GDP.MKTP.KD.ZG,1998,4.62161133761769
POL,NY.GDP.MKTP.KD.ZG,1997,6.35890635030509
POL,NY.GDP.MKTP.KD.ZG,1996,6.09387747385628
POL,NY.GDP.MKTP.KD.ZG,1995,7.92965956313934
POL,NY.GDP.MKTP.KD.ZG,1994,5.292802066626
POL,NY.GDP.MKTP.KD.ZG,1993,3.73831029461471
POL,NY.GDP.MKTP.KD.ZG,1992,2.51497861350261
POL,NY.GDP.MKTP.KD.ZG,1991,-7.01557879301123
POL,NY.GDP.MKTP.KD.ZG,1990,
POL,NY.GDP.MKTP.KD.ZG,1989,
POL,NY.GDP.MKTP.KD.ZG,1988,
POL,NY.GDP.MKTP.KD.ZG,1987,
POL,NY.GDP.MKTP.KD.ZG,1986,
POL,NY.GDP.MKTP.KD.ZG,1985,
POL,NY.GDP.MKTP.KD.ZG,1984,
POL,NY.GDP.MKTP.KD.ZG,1983,
POL,NY.GDP.MKTP.KD.ZG,1982,
POL,NY.GDP.MKTP.KD.ZG,1981,
POL,NY.GDP.MKTP.KD.ZG,1980,
POL,NY.GDP.MKTP.KD.ZG,1979,
POL,NY.GDP.MKTP.KD.ZG,1978,
POL,NY.GDP.MKTP.KD.ZG,1977,
POL,NY.GDP.MKTP.KD.ZG,1976,
POL,NY.GDP.MKTP.KD.ZG,1975,
POL,NY.GDP.MKTP.KD.ZG,1974,
POL,NY.GDP.MKTP.KD.ZG,1973,
POL,NY.GDP.MKTP.KD.ZG,1972,
POL,NY.GDP.MKTP.KD.ZG,1971,
POL,NY.GDP.MKTP.KD.ZG,1970,
POL,NY.GDP.MKTP.KD.ZG,1969,
POL,NY.GDP.MKTP.KD.ZG,1968,
POL,NY.GDP.MKTP.KD.ZG,1967,
POL,NY.GDP.MKTP.KD.ZG,1966,
POL,NY.GDP.MKTP.KD.ZG,1965,
POL,NY.GDP.MKTP.KD.ZG,1964,
POL,NY.GDP.MKTP.KD.ZG,1963,
POL,NY.GDP.MKTP.KD.ZG,1962,
POL,NY.GDP.MKTP.KD.ZG,1961,
POL,NY.GDP.MKTP.KD.ZG,1960,
PRT,NY.GDP.MKTP.KD.ZG,2025,
PRT,NY.GDP.MKTP.KD.ZG,2024,2.13967177177636
PRT,NY.GDP.MKTP.KD.ZG,2023,3.09997909018263
PRT,NY.GDP.MKTP.KD.ZG,2022,6.98584137580278
PRT,NY.GDP.MKTP.KD.ZG,2021,5.55875672070374
PRT,NY.GDP.MKTP.KD.ZG,2020,-8.20463159324387
PRT,NY.GDP.MKTP.KD.ZG,2019,2.74568432648596
PRT,NY.GDP.MKTP.KD.ZG,2018,2.94628343449202
PRT,NY.GDP.MKTP.KD.ZG,2017,3.31472008175986
PRT,NY.GDP.MKTP.KD.ZG,2016,2.00414129666575
PRT,NY.GDP.MKTP.KD.ZG,2015,1.58979803702681
PRT,NY.GDP.MKTP.KD.ZG,2014,0.741391420706506
PRT,NY.GDP.MKTP.KD.ZG,2013,-0.984106574148328
PRT,NY.GDP.MKTP.KD.ZG,2012,-4.05090267621935
PRT,NY.GDP.MKTP.KD.ZG,2011,-1.71352745905065
PRT,NY.GDP.MKTP.KD.ZG,2010,1.73762453640036
PRT,NY.GDP.MKTP.KD.ZG,2009,-3.12207827545093
PRT,NY.GDP.MKTP.KD.ZG,2008,0.319247344434558
PRT,NY.GDP.MKTP.KD.ZG,2007,2.50657937751231
PRT,NY.GDP.MKTP.KD.ZG,2006,1.62503532956156
PRT,NY.GDP.MKTP.KD.ZG,2005,0.781847569123585
PRT,NY.GDP.MKTP.KD.ZG,2004,1.78873552917291
PRT,NY.GDP.MKTP.KD.ZG,2003,-0.930521045062918
PRT,NY.GDP.MKTP.KD.ZG,2002,0.770924781247714
PRT,NY.GDP.MKTP.KD.ZG,2001,1.94367213427915
PRT,NY.GDP.MKTP.KD.ZG,2000,3.81617714108242
PRT,NY.GDP.MKTP.KD.ZG,1999,3.90657779623113
PRT,NY.GDP.MKTP.KD.ZG,1998,4.80796318953165
PRT,NY.GDP.MKTP.KD.ZG,1997,4.40086766458026
PRT,NY.GDP.MKTP.KD.ZG,1996,3.50424653058748
PRT,NY.GDP.MKTP.KD.ZG,1995,4.28278017236022
PRT,NY.GDP.MKTP.KD.ZG,1994,0.964838285067799
PRT,NY.GDP.MKTP.KD.ZG,1993,-2.04327729359404
PRT,NY.GDP.MKTP.KD.ZG,1992,1.08947689832507
PRT,NY.GDP.MKTP.KD.ZG,1991,4.36820616663232
PRT,NY.GDP.MKTP.KD.ZG,1990,3.95052317228428
PRT,NY.GDP.MKTP.KD.ZG,1989,6.44063956353789
PRT,NY.GDP.MKTP.KD.ZG,1988,7.4891073628233
PRT,NY.GDP.MKTP.KD.ZG,1987,6.38139391332237
PRT,NY.GDP.MKTP.KD.ZG,1986,4.14095608461172
PRT,NY.GDP.MKTP.KD.ZG,1985,2.80743961484895
PRT,NY.GDP.MKTP.KD.ZG,1984,-1.87997986277209
PRT,NY.GDP.MKTP.KD.ZG,1983,-0.173112539564684
PRT,NY.GDP.MKTP.KD.ZG,1982,2.1353747657862
PRT,NY.GDP.MKTP.KD.ZG,1981,1.61810337594387
PRT,NY.GDP.MKTP.KD.ZG,1980,4.58934022380851
PRT,NY.GDP.MKTP.KD.ZG,1979,5.63893733004393
PRT,NY.GDP.MKTP.KD.ZG,1978,2.81596606697316
PRT,NY.GDP.MKTP.KD.ZG,1977,5.60259779264088
PRT,NY.GDP.MKTP.KD.ZG,1976,6.90023019372026
PRT,NY.GDP.MKTP.KD.ZG,1975,-4.34763043220784
PRT,NY.GDP.MKTP.KD.ZG,1974,1.14285965477239
PRT,NY.GDP.MKTP.KD.ZG,1973,11.2006718999033
PRT,NY.GDP.MKTP.KD.ZG,1972,8.01569616394021
PRT,NY.GDP.MKTP.KD.ZG,1971,6.63165162093394
PRT,NY.GDP.MKTP.KD.ZG,1970,9.11384195989883
PRT,NY.GDP.MKTP.KD.ZG,1969,2.1207411616964
PRT,NY.GDP.MKTP.KD.ZG,1968,8.87550923376675
PRT,NY.GDP.MKTP.KD.ZG,1967,7.54448252895033
PRT,NY.GDP.MKTP.KD.ZG,1966,4.07790943398116
PRT,NY.GDP.MKTP.KD.ZG,1965,7.46898852994391
PRT,NY.GDP.MKTP.KD.ZG,1964,6.31074738257485
PRT,NY.GDP.MKTP.KD.ZG,1963,5.87370211616305
PRT,NY.GDP.MKTP.KD.ZG,1962,6.61444776877332
PRT,NY.GDP.MKTP.KD.ZG,1961,5.53490347567545
PRT,NY.GDP.MKTP.KD.ZG,1960,
PRI,NY.GDP.MKTP.KD.ZG,2025,
PRI,NY.GDP.MKTP.KD.ZG,2024,3.17707554784896
PRI,NY.GDP.MKTP.KD.ZG,2023,0.731492105366186
PRI,NY.GDP.MKTP.KD.ZG,2022,2.95709565499587
PRI,NY.GDP.MKTP.KD.ZG,2021,0.385222719529239
PRI,NY.GDP.MKTP.KD.ZG,2020,-4.1808743093346
PRI,NY.GDP.MKTP.KD.ZG,2019,1.67546379498209
PRI,NY.GDP.MKTP.KD.ZG,2018,-4.36142703162535
PRI,NY.GDP.MKTP.KD.ZG,2017,-2.88521838398481
PRI,NY.GDP.MKTP.KD.ZG,2016,-1.26369434781117
PRI,NY.GDP.MKTP.KD.ZG,2015,-1.04929003238674
PRI,NY.GDP.MKTP.KD.ZG,2014,-1.19036347346942
PRI,NY.GDP.MKTP.KD.ZG,2013,-0.306826666941774
PRI,NY.GDP.MKTP.KD.ZG,2012,0.0292751500944064
PRI,NY.GDP.MKTP.KD.ZG,2011,-0.358510636850312
PRI,NY.GDP.MKTP.KD.ZG,2010,-0.413254119172365
PRI,NY.GDP.MKTP.KD.ZG,2009,-1.95242518381124
PRI,NY.GDP.MKTP.KD.ZG,2008,-1.84413421831884
PRI,NY.GDP.MKTP.KD.ZG,2007,-1.16280665573993
PRI,NY.GDP.MKTP.KD.ZG,2006,-1.40941405684823
PRI,NY.GDP.MKTP.KD.ZG,2005,-1.98693871772703
PRI,NY.GDP.MKTP.KD.ZG,2004,8.7486769008168
PRI,NY.GDP.MKTP.KD.ZG,2003,0.0534198017173964
PRI,NY.GDP.MKTP.KD.ZG,2002,0.916459423425337
PRI,NY.GDP.MKTP.KD.ZG,2001,6.31347157694064
PRI,NY.GDP.MKTP.KD.ZG,2000,3.27196451910478
PRI,NY.GDP.MKTP.KD.ZG,1999,5.38969990123002
PRI,NY.GDP.MKTP.KD.ZG,1998,5.53072563643605
PRI,NY.GDP.MKTP.KD.ZG,1997,4.88008720859467
PRI,NY.GDP.MKTP.KD.ZG,1996,2.31370752929453
PRI,NY.GDP.MKTP.KD.ZG,1995,4.54898802663489
PRI,NY.GDP.MKTP.KD.ZG,1994,4.18595858478139
PRI,NY.GDP.MKTP.KD.ZG,1993,4.64452705678092
PRI,NY.GDP.MKTP.KD.ZG,1992,4.56405181441349
PRI,NY.GDP.MKTP.KD.ZG,1991,2.30439118770069
PRI,NY.GDP.MKTP.KD.ZG,1990,-2.84054072711358
PRI,NY.GDP.MKTP.KD.ZG,1989,4.33495239845647
PRI,NY.GDP.MKTP.KD.ZG,1988,5.88837273658802
PRI,NY.GDP.MKTP.KD.ZG,1987,5.76899890364437
PRI,NY.GDP.MKTP.KD.ZG,1986,4.9773674499896
PRI,NY.GDP.MKTP.KD.ZG,1985,3.09744264466305
PRI,NY.GDP.MKTP.KD.ZG,1984,5.92868652808995
PRI,NY.GDP.MKTP.KD.ZG,1983,-2.34197463251273
PRI,NY.GDP.MKTP.KD.ZG,1982,-1.55664320893013
PRI,NY.GDP.MKTP.KD.ZG,1981,1.14794722620853
PRI,NY.GDP.MKTP.KD.ZG,1980,4.24346530474689
PRI,NY.GDP.MKTP.KD.ZG,1979,7.90682468770329
PRI,NY.GDP.MKTP.KD.ZG,1978,6.93194622500064
PRI,NY.GDP.MKTP.KD.ZG,1977,5.95068223635388
PRI,NY.GDP.MKTP.KD.ZG,1976,6.24308781212062
PRI,NY.GDP.MKTP.KD.ZG,1975,-0.654567385249976
PRI,NY.GDP.MKTP.KD.ZG,1974,2.91737849093647
PRI,NY.GDP.MKTP.KD.ZG,1973,6.34489584805942
PRI,NY.GDP.MKTP.KD.ZG,1972,7.17357497675278
PRI,NY.GDP.MKTP.KD.ZG,1971,6.36544857550854
PRI,NY.GDP.MKTP.KD.ZG,1970,8.39791794437848
PRI,NY.GDP.MKTP.KD.ZG,1969,9.37523403803715
PRI,NY.GDP.MKTP.KD.ZG,1968,5.18043459789826
PRI,NY.GDP.MKTP.KD.ZG,1967,6.2232233534659
PRI,NY.GDP.MKTP.KD.ZG,1966,7.49914839628794
PRI,NY.GDP.MKTP.KD.ZG,1965,9.204842464826
PRI,NY.GDP.MKTP.KD.ZG,1964,7.06092372128818
PRI,NY.GDP.MKTP.KD.ZG,1963,8.65104700867182
PRI,NY.GDP.MKTP.KD.ZG,1962,8.32331253214566
PRI,NY.GDP.MKTP.KD.ZG,1961,7.04173847056543
PRI,NY.GDP.MKTP.KD.ZG,1960,
QAT,NY.GDP.MKTP.KD.ZG,2025,
QAT,NY.GDP.MKTP.KD.ZG,2024,2.35970586926597
QAT,NY.GDP.MKTP.KD.ZG,2023,1.53979117720789
QAT,NY.GDP.MKTP.KD.ZG,2022,4.18497018544697
QAT,NY.GDP.MKTP.KD.ZG,2021,1.62693587314129
QAT,NY.GDP.MKTP.KD.ZG,2020,-3.55750284254954
QAT,NY.GDP.MKTP.KD.ZG,2019,0.688255893930972
QAT,NY.GDP.MKTP.KD.ZG,2018,1.23483197031548
QAT,NY.GDP.MKTP.KD.ZG,2017,-1.49756209084892
QAT,NY.GDP.MKTP.KD.ZG,2016,3.06410503214877
QAT,NY.GDP.MKTP.KD.ZG,2015,4.75332372902957
QAT,NY.GDP.MKTP.KD.ZG,2014,5.33434159770252
QAT,NY.GDP.MKTP.KD.ZG,2013,5.55610364218512
QAT,NY.GDP.MKTP.KD.ZG,2012,4.73008513739958
QAT,NY.GDP.MKTP.KD.ZG,2011,13.3752345495477
QAT,NY.GDP.MKTP.KD.ZG,2010,19.5921744776308
QAT,NY.GDP.MKTP.KD.ZG,2009,11.9565611289086
QAT,NY.GDP.MKTP.KD.ZG,2008,17.6635563626089
QAT,NY.GDP.MKTP.KD.ZG,2007,17.9856568160263
QAT,NY.GDP.MKTP.KD.ZG,2006,26.1702456703032
QAT,NY.GDP.MKTP.KD.ZG,2005,7.49275848279068
QAT,NY.GDP.MKTP.KD.ZG,2004,19.2189153397893
QAT,NY.GDP.MKTP.KD.ZG,2003,3.71995867654906
QAT,NY.GDP.MKTP.KD.ZG,2002,7.18215168021513
QAT,NY.GDP.MKTP.KD.ZG,2001,3.89818666233907
QAT,NY.GDP.MKTP.KD.ZG,2000,8.02812545191884
QAT,NY.GDP.MKTP.KD.ZG,1999,4.28406439626644
QAT,NY.GDP.MKTP.KD.ZG,1998,11.2186524439444
QAT,NY.GDP.MKTP.KD.ZG,1997,30.012039826432
QAT,NY.GDP.MKTP.KD.ZG,1996,4.37391057029394
QAT,NY.GDP.MKTP.KD.ZG,1995,2.39923621838123
QAT,NY.GDP.MKTP.KD.ZG,1994,1.41870841852997
QAT,NY.GDP.MKTP.KD.ZG,1993,-1.32513610817219
QAT,NY.GDP.MKTP.KD.ZG,1992,11.3305277115916
QAT,NY.GDP.MKTP.KD.ZG,1991,-1.66223252157937
QAT,NY.GDP.MKTP.KD.ZG,1990,3.41446208226637
QAT,NY.GDP.MKTP.KD.ZG,1989,6.22221111913098
QAT,NY.GDP.MKTP.KD.ZG,1988,5.90444950099258
QAT,NY.GDP.MKTP.KD.ZG,1987,0.0449913979998513
QAT,NY.GDP.MKTP.KD.ZG,1986,5.33578656744929
QAT,NY.GDP.MKTP.KD.ZG,1985,-2.12017026614552
QAT,NY.GDP.MKTP.KD.ZG,1984,4.65773766871789
QAT,NY.GDP.MKTP.KD.ZG,1983,-1.82516541508235
QAT,NY.GDP.MKTP.KD.ZG,1982,-6.87449413863621
QAT,NY.GDP.MKTP.KD.ZG,1981,0.900972101319212
QAT,NY.GDP.MKTP.KD.ZG,1980,-1.01642177991292
QAT,NY.GDP.MKTP.KD.ZG,1979,5.22773574019966
QAT,NY.GDP.MKTP.KD.ZG,1978,8.863366336075
QAT,NY.GDP.MKTP.KD.ZG,1977,-7.30543318661844
QAT,NY.GDP.MKTP.KD.ZG,1976,8.348912134635
QAT,NY.GDP.MKTP.KD.ZG,1975,5.87913245017724
QAT,NY.GDP.MKTP.KD.ZG,1974,5.93825287801289
QAT,NY.GDP.MKTP.KD.ZG,1973,10.7848952141009
QAT,NY.GDP.MKTP.KD.ZG,1972,11.0793894825658
QAT,NY.GDP.MKTP.KD.ZG,1971,10.0078516626193
QAT,NY.GDP.MKTP.KD.ZG,1970,
QAT,NY.GDP.MKTP.KD.ZG,1969,
QAT,NY.GDP.MKTP.KD.ZG,1968,
QAT,NY.GDP.MKTP.KD.ZG,1967,
QAT,NY.GDP.MKTP.KD.ZG,1966,
QAT,NY.GDP.MKTP.KD.ZG,1965,
QAT,NY.GDP.MKTP.KD.ZG,1964,
QAT,NY.GDP.MKTP.KD.ZG,1963,
QAT,NY.GDP.MKTP.KD.ZG,1962,
QAT,NY.GDP.MKTP.KD.ZG,1961,
QAT,NY.GDP.MKTP.KD.ZG,1960,
ROU,NY.GDP.MKTP.KD.ZG,2025,
ROU,NY.GDP.MKTP.KD.ZG,2024,0.916003764382594
ROU,NY.GDP.MKTP.KD.ZG,2023,2.25773416555121
ROU,NY.GDP.MKTP.KD.ZG,2022,4.18771305104109
ROU,NY.GDP.MKTP.KD.ZG,2021,5.58735072538869
ROU,NY.GDP.MKTP.KD.ZG,2020,-3.59802546034757
ROU,NY.GDP.MKTP.KD.ZG,2019,3.96028958497598
ROU,NY.GDP.MKTP.KD.ZG,2018,5.39452228185675
ROU,NY.GDP.MKTP.KD.ZG,2017,8.19547826641261
ROU,NY.GDP.MKTP.KD.ZG,2016,2.85993252302089
ROU,NY.GDP.MKTP.KD.ZG,2015,3.1570360543854
ROU,NY.GDP.MKTP.KD.ZG,2014,4.11600109267832
ROU,NY.GDP.MKTP.KD.ZG,2013,0.278771877470234
ROU,NY.GDP.MKTP.KD.ZG,2012,1.90361696799603
ROU,NY.GDP.MKTP.KD.ZG,2011,4.49558909946313
ROU,NY.GDP.MKTP.KD.ZG,2010,-3.90581157302972
ROU,NY.GDP.MKTP.KD.ZG,2009,-5.51670615843011
ROU,NY.GDP.MKTP.KD.ZG,2008,9.30746717077338
ROU,NY.GDP.MKTP.KD.ZG,2007,7.23380774362805
ROU,NY.GDP.MKTP.KD.ZG,2006,8.02881107599163
ROU,NY.GDP.MKTP.KD.ZG,2005,4.6681480508487
ROU,NY.GDP.MKTP.KD.ZG,2004,10.4281130180976
ROU,NY.GDP.MKTP.KD.ZG,2003,2.34114732919521
ROU,NY.GDP.MKTP.KD.ZG,2002,5.70299165043771
ROU,NY.GDP.MKTP.KD.ZG,2001,5.21813625673708
ROU,NY.GDP.MKTP.KD.ZG,2000,2.4612634592269
ROU,NY.GDP.MKTP.KD.ZG,1999,-0.376660705758994
ROU,NY.GDP.MKTP.KD.ZG,1998,-2.02981290571721
ROU,NY.GDP.MKTP.KD.ZG,1997,-4.8490627379703
ROU,NY.GDP.MKTP.KD.ZG,1996,3.90770208816159
ROU,NY.GDP.MKTP.KD.ZG,1995,6.23351148371351
ROU,NY.GDP.MKTP.KD.ZG,1994,3.93194272962506
ROU,NY.GDP.MKTP.KD.ZG,1993,1.52883449664077
ROU,NY.GDP.MKTP.KD.ZG,1992,-8.7672284522824
ROU,NY.GDP.MKTP.KD.ZG,1991,-12.9182107298211
ROU,NY.GDP.MKTP.KD.ZG,1990,
ROU,NY.GDP.MKTP.KD.ZG,1989,
ROU,NY.GDP.MKTP.KD.ZG,1988,
ROU,NY.GDP.MKTP.KD.ZG,1987,
ROU,NY.GDP.MKTP.KD.ZG,1986,
ROU,NY.GDP.MKTP.KD.ZG,1985,
ROU,NY.GDP.MKTP.KD.ZG,1984,
ROU,NY.GDP.MKTP.KD.ZG,1983,
ROU,NY.GDP.MKTP.KD.ZG,1982,
ROU,NY.GDP.MKTP.KD.ZG,1981,
ROU,NY.GDP.MKTP.KD.ZG,1980,
ROU,NY.GDP.MKTP.KD.ZG,1979,
ROU,NY.GDP.MKTP.KD.ZG,1978,
ROU,NY.GDP.MKTP.KD.ZG,1977,
ROU,NY.GDP.MKTP.KD.ZG,1976,
ROU,NY.GDP.MKTP.KD.ZG,1975,
ROU,NY.GDP.MKTP.KD.ZG,1974,
ROU,NY.GDP.MKTP.KD.ZG,1973,
ROU,NY.GDP.MKTP.KD.ZG,1972,
ROU,NY.GDP.MKTP.KD.ZG,1971,
ROU,NY.GDP.MKTP.KD.ZG,1970,
ROU,NY.GDP.MKTP.KD.ZG,1969,
ROU,NY.GDP.MKTP.KD.ZG,1968,
ROU,NY.GDP.MKTP.KD.ZG,1967,
ROU,NY.GDP.MKTP.KD.ZG,1966,
ROU,NY.GDP.MKTP.KD.ZG,1965,
ROU,NY.GDP.MKTP.KD.ZG,1964,
ROU,NY.GDP.MKTP.KD.ZG,1963,
ROU,NY.GDP.MKTP.KD.ZG,1962,
ROU,NY.GDP.MKTP.KD.ZG,1961,
ROU,NY.GDP.MKTP.KD.ZG,1960,
RUS,NY.GDP.MKTP.KD.ZG,2025,
RUS,NY.GDP.MKTP.KD.ZG,2024,4.34437475491529
RUS,NY.GDP.MKTP.KD.ZG,2023,4.08252481259281
RUS,NY.GDP.MKTP.KD.ZG,2022,-1.43588213859842
RUS,NY.GDP.MKTP.KD.ZG,2021,5.86649177292595
RUS,NY.GDP.MKTP.KD.ZG,2020,-2.65365450102773
RUS,NY.GDP.MKTP.KD.ZG,2019,2.19807571335009
RUS,NY.GDP.MKTP.KD.ZG,2018,2.80724541059601
RUS,NY.GDP.MKTP.KD.ZG,2017,1.82579006401834
RUS,NY.GDP.MKTP.KD.ZG,2016,0.193690071260534
RUS,NY.GDP.MKTP.KD.ZG,2015,-1.97271922580408
RUS,NY.GDP.MKTP.KD.ZG,2014,0.736267221765672
RUS,NY.GDP.MKTP.KD.ZG,2013,1.75542214874298
RUS,NY.GDP.MKTP.KD.ZG,2012,4.02408615746921
RUS,NY.GDP.MKTP.KD.ZG,2011,4.30002918567749
RUS,NY.GDP.MKTP.KD.ZG,2010,4.49999999920672
RUS,NY.GDP.MKTP.KD.ZG,2009,-7.79999391271275
RUS,NY.GDP.MKTP.KD.ZG,2008,5.19996926404957
RUS,NY.GDP.MKTP.KD.ZG,2007,8.49997776916511
RUS,NY.GDP.MKTP.KD.ZG,2006,8.20006825456321
RUS,NY.GDP.MKTP.KD.ZG,2005,6.39996544799469
RUS,NY.GDP.MKTP.KD.ZG,2004,7.19994786954857
RUS,NY.GDP.MKTP.KD.ZG,2003,7.29995234528189
RUS,NY.GDP.MKTP.KD.ZG,2002,4.69999190914258
RUS,NY.GDP.MKTP.KD.ZG,2001,5.10005122572568
RUS,NY.GDP.MKTP.KD.ZG,2000,10.0000668136515
RUS,NY.GDP.MKTP.KD.ZG,1999,6.39991469144101
RUS,NY.GDP.MKTP.KD.ZG,1998,-5.2999616266239
RUS,NY.GDP.MKTP.KD.ZG,1997,1.3999158052963
RUS,NY.GDP.MKTP.KD.ZG,1996,-3.7550694383594
RUS,NY.GDP.MKTP.KD.ZG,1995,-4.1435284052602
RUS,NY.GDP.MKTP.KD.ZG,1994,-12.5697559802151
RUS,NY.GDP.MKTP.KD.ZG,1993,-8.66854034260423
RUS,NY.GDP.MKTP.KD.ZG,1992,-14.5310737729264
RUS,NY.GDP.MKTP.KD.ZG,1991,-5.04693945142463
RUS,NY.GDP.MKTP.KD.ZG,1990,-2.99999564243126
RUS,NY.GDP.MKTP.KD.ZG,1989,
RUS,NY.GDP.MKTP.KD.ZG,1988,
RUS,NY.GDP.MKTP.KD.ZG,1987,
RUS,NY.GDP.MKTP.KD.ZG,1986,
RUS,NY.GDP.MKTP.KD.ZG,1985,
RUS,NY.GDP.MKTP.KD.ZG,1984,
RUS,NY.GDP.MKTP.KD.ZG,1983,
RUS,NY.GDP.MKTP.KD.ZG,1982,
RUS,NY.GDP.MKTP.KD.ZG,1981,
RUS,NY.GDP.MKTP.KD.ZG,1980,
RUS,NY.GDP.MKTP.KD.ZG,1979,
RUS,NY.GDP.MKTP.KD.ZG,1978,
RUS,NY.GDP.MKTP.KD.ZG,1977,
RUS,NY.GDP.MKTP.KD.ZG,1976,
RUS,NY.GDP.MKTP.KD.ZG,1975,
RUS,NY.GDP.MKTP.KD.ZG,1974,
RUS,NY.GDP.MKTP.KD.ZG,1973,
RUS,NY.GDP.MKTP.KD.ZG,1972,
RUS,NY.GDP.MKTP.KD.ZG,1971,
RUS,NY.GDP.MKTP.KD.ZG,1970,
RUS,NY.GDP.MKTP.KD.ZG,1969,
RUS,NY.GDP.MKTP.KD.ZG,1968,
RUS,NY.GDP.MKTP.KD.ZG,1967,
RUS,NY.GDP.MKTP.KD.ZG,1966,
RUS,NY.GDP.MKTP.KD.ZG,1965,
RUS,NY.GDP.MKTP.KD.ZG,1964,
RUS,NY.GDP.MKTP.KD.ZG,1963,
RUS,NY.GDP.MKTP.KD.ZG,1962,
RUS,NY.GDP.MKTP.KD.ZG,1961,
RUS,NY.GDP.MKTP.KD.ZG,1960,
RWA,NY.GDP.MKTP.KD.ZG,2025,
RWA,NY.GDP.MKTP.KD.ZG,2024,8.89065529573114
RWA,NY.GDP.MKTP.KD.ZG,2023,8.24990302014558
RWA,NY.GDP.MKTP.KD.ZG,2022,8.16120720872912
RWA,NY.GDP.MKTP.KD.ZG,2021,10.8584320184896
RWA,NY.GDP.MKTP.KD.ZG,2020,-3.37368746369782
RWA,NY.GDP.MKTP.KD.ZG,2019,9.44738518613097
RWA,NY.GDP.MKTP.KD.ZG,2018,8.51646722592409
RWA,NY.GDP.MKTP.KD.ZG,2017,3.91817093628465
RWA,NY.GDP.MKTP.KD.ZG,2016,5.97074525431094
RWA,NY.GDP.MKTP.KD.ZG,2015,8.8568555974538
RWA,NY.GDP.MKTP.KD.ZG,2014,6.16716615166932
RWA,NY.GDP.MKTP.KD.ZG,2013,4.71984856978263
RWA,NY.GDP.MKTP.KD.ZG,2012,8.64150815836322
RWA,NY.GDP.MKTP.KD.ZG,2011,7.95838869847094
RWA,NY.GDP.MKTP.KD.ZG,2010,7.33465645006753
RWA,NY.GDP.MKTP.KD.ZG,2009,6.24825750620508
RWA,NY.GDP.MKTP.KD.ZG,2008,11.1612473247323
RWA,NY.GDP.MKTP.KD.ZG,2007,7.63329819125276
RWA,NY.GDP.MKTP.KD.ZG,2006,9.22707576798881
RWA,NY.GDP.MKTP.KD.ZG,2005,9.3778991673686
RWA,NY.GDP.MKTP.KD.ZG,2004,7.44766737034072
RWA,NY.GDP.MKTP.KD.ZG,2003,2.20238751139603
RWA,NY.GDP.MKTP.KD.ZG,2002,13.1920736254262
RWA,NY.GDP.MKTP.KD.ZG,2001,8.4845603416011
RWA,NY.GDP.MKTP.KD.ZG,2000,8.37089593548548
RWA,NY.GDP.MKTP.KD.ZG,1999,4.35188831936337
RWA,NY.GDP.MKTP.KD.ZG,1998,8.85866949392693
RWA,NY.GDP.MKTP.KD.ZG,1997,13.8497524857822
RWA,NY.GDP.MKTP.KD.ZG,1996,12.7456957645316
RWA,NY.GDP.MKTP.KD.ZG,1995,35.2240783089712
RWA,NY.GDP.MKTP.KD.ZG,1994,-50.2480671038988
RWA,NY.GDP.MKTP.KD.ZG,1993,-8.1086918809961
RWA,NY.GDP.MKTP.KD.ZG,1992,5.87272524148186
RWA,NY.GDP.MKTP.KD.ZG,1991,-2.5143796537652
RWA,NY.GDP.MKTP.KD.ZG,1990,-2.39929109760386
RWA,NY.GDP.MKTP.KD.ZG,1989,-0.0365342731879821
RWA,NY.GDP.MKTP.KD.ZG,1988,4.49882499325926
RWA,NY.GDP.MKTP.KD.ZG,1987,-0.0240361088553129
RWA,NY.GDP.MKTP.KD.ZG,1986,5.47213748768883
RWA,NY.GDP.MKTP.KD.ZG,1985,4.40274833269658
RWA,NY.GDP.MKTP.KD.ZG,1984,-4.24077327763513
RWA,NY.GDP.MKTP.KD.ZG,1983,5.98034993449889
RWA,NY.GDP.MKTP.KD.ZG,1982,1.8108464472071
RWA,NY.GDP.MKTP.KD.ZG,1981,5.43619947877278
RWA,NY.GDP.MKTP.KD.ZG,1980,8.95161232959185
RWA,NY.GDP.MKTP.KD.ZG,1979,11.8699080379505
RWA,NY.GDP.MKTP.KD.ZG,1978,9.15084081575202
RWA,NY.GDP.MKTP.KD.ZG,1977,1.99410948126506
RWA,NY.GDP.MKTP.KD.ZG,1976,19.5045771724679
RWA,NY.GDP.MKTP.KD.ZG,1975,-2.11382542445206
RWA,NY.GDP.MKTP.KD.ZG,1974,1.40982357375073
RWA,NY.GDP.MKTP.KD.ZG,1973,3.43808814067388
RWA,NY.GDP.MKTP.KD.ZG,1972,0.263068266748533
RWA,NY.GDP.MKTP.KD.ZG,1971,1.20664070130975
RWA,NY.GDP.MKTP.KD.ZG,1970,6.00142524647711
RWA,NY.GDP.MKTP.KD.ZG,1969,11.0073701491935
RWA,NY.GDP.MKTP.KD.ZG,1968,7.01378092757932
RWA,NY.GDP.MKTP.KD.ZG,1967,6.91601750997981
RWA,NY.GDP.MKTP.KD.ZG,1966,7.00891082281643
RWA,NY.GDP.MKTP.KD.ZG,1965,7.00952925499003
RWA,NY.GDP.MKTP.KD.ZG,1964,-12.4649926826469
RWA,NY.GDP.MKTP.KD.ZG,1963,-9.82044441324079
RWA,NY.GDP.MKTP.KD.ZG,1962,11.3337983684303
RWA,NY.GDP.MKTP.KD.ZG,1961,-4.2975260472235
RWA,NY.GDP.MKTP.KD.ZG,1960,
WSM,NY.GDP.MKTP.KD.ZG,2025,
WSM,NY.GDP.MKTP.KD.ZG,2024,4.74838445564714
WSM,NY.GDP.MKTP.KD.ZG,2023,15.2336106467304
WSM,NY.GDP.MKTP.KD.ZG,2022,2.26705055249026
WSM,NY.GDP.MKTP.KD.ZG,2021,-5.04350521486909
WSM,NY.GDP.MKTP.KD.ZG,2020,-3.10864485863991
WSM,NY.GDP.MKTP.KD.ZG,2019,4.45185891688691
WSM,NY.GDP.MKTP.KD.ZG,2018,-0.609647103380141
WSM,NY.GDP.MKTP.KD.ZG,2017,1.40628239971301
WSM,NY.GDP.MKTP.KD.ZG,2016,7.9838628784713
WSM,NY.GDP.MKTP.KD.ZG,2015,3.8503618166494
WSM,NY.GDP.MKTP.KD.ZG,2014,0.659923768782861
WSM,NY.GDP.MKTP.KD.ZG,2013,0.107293276488932
WSM,NY.GDP.MKTP.KD.ZG,2012,-3.73213020890266
WSM,NY.GDP.MKTP.KD.ZG,2011,3.84907794660396
WSM,NY.GDP.MKTP.KD.ZG,2010,6.1247199226125
WSM,NY.GDP.MKTP.KD.ZG,2009,-0.541677601834593
WSM,NY.GDP.MKTP.KD.ZG,2008,3.55610467395
WSM,NY.GDP.MKTP.KD.ZG,2007,0.485982550017255
WSM,NY.GDP.MKTP.KD.ZG,2006,2.13212714677351
WSM,NY.GDP.MKTP.KD.ZG,2005,6.63920361300734
WSM,NY.GDP.MKTP.KD.ZG,2004,3.0872602379675
WSM,NY.GDP.MKTP.KD.ZG,2003,5.21262892634149
WSM,NY.GDP.MKTP.KD.ZG,2002,5.65195919890348
WSM,NY.GDP.MKTP.KD.ZG,2001,7.39012906172989
WSM,NY.GDP.MKTP.KD.ZG,2000,5.09304469244418
WSM,NY.GDP.MKTP.KD.ZG,1999,2.18543437397388
WSM,NY.GDP.MKTP.KD.ZG,1998,2.19488971786478
WSM,NY.GDP.MKTP.KD.ZG,1997,0.643425004323134
WSM,NY.GDP.MKTP.KD.ZG,1996,7.17896881783187
WSM,NY.GDP.MKTP.KD.ZG,1995,6.6736431464967
WSM,NY.GDP.MKTP.KD.ZG,1994,-2.54210048090948
WSM,NY.GDP.MKTP.KD.ZG,1993,4.09999101013889
WSM,NY.GDP.MKTP.KD.ZG,1992,-0.199987145070338
WSM,NY.GDP.MKTP.KD.ZG,1991,-2.30001238645001
WSM,NY.GDP.MKTP.KD.ZG,1990,-4.42145088411849
WSM,NY.GDP.MKTP.KD.ZG,1989,3.70731363153662
WSM,NY.GDP.MKTP.KD.ZG,1988,-1.44229968442642
WSM,NY.GDP.MKTP.KD.ZG,1987,0.483096051256624
WSM,NY.GDP.MKTP.KD.ZG,1986,5.50457826286599
WSM,NY.GDP.MKTP.KD.ZG,1985,3.91949640266225
WSM,NY.GDP.MKTP.KD.ZG,1984,1.28755814292656
WSM,NY.GDP.MKTP.KD.ZG,1983,0.431035957397555
WSM,NY.GDP.MKTP.KD.ZG,1982,-0.960514107149763
WSM,NY.GDP.MKTP.KD.ZG,1981,-9.02912233689747
WSM,NY.GDP.MKTP.KD.ZG,1980,-6.19307884148303
WSM,NY.GDP.MKTP.KD.ZG,1979,10.9090919597421
WSM,NY.GDP.MKTP.KD.ZG,1978,6.24999996598103
WSM,NY.GDP.MKTP.KD.ZG,1977,-0.775193740673188
WSM,NY.GDP.MKTP.KD.ZG,1976,9.32203391331603
WSM,NY.GDP.MKTP.KD.ZG,1975,-3.80434788164912
WSM,NY.GDP.MKTP.KD.ZG,1974,-10.6796115697096
WSM,NY.GDP.MKTP.KD.ZG,1973,7.29166655440407
WSM,NY.GDP.MKTP.KD.ZG,1972,1.58730157852472
WSM,NY.GDP.MKTP.KD.ZG,1971,13.5135136424393
WSM,NY.GDP.MKTP.KD.ZG,1970,
WSM,NY.GDP.MKTP.KD.ZG,1969,
WSM,NY.GDP.MKTP.KD.ZG,1968,
WSM,NY.GDP.MKTP.KD.ZG,1967,
WSM,NY.GDP.MKTP.KD.ZG,1966,
WSM,NY.GDP.MKTP.KD.ZG,1965,
WSM,NY.GDP.MKTP.KD.ZG,1964,
WSM,NY.GDP.MKTP.KD.ZG,1963,
WSM,NY.GDP.MKTP.KD.ZG,1962,
WSM,NY.GDP.MKTP.KD.ZG,1961,
WSM,NY.GDP.MKTP.KD.ZG,1960,
SMR,NY.GDP.MKTP.KD.ZG,2025,
SMR,NY.GDP.MKTP.KD.ZG,2024,
SMR,NY.GDP.MKTP.KD.ZG,2023,0.401934896977224
SMR,NY.GDP.MKTP.KD.ZG,2022,7.89844145767604
SMR,NY.GDP.MKTP.KD.ZG,2021,13.8977895076234
SMR,NY.GDP.MKTP.KD.ZG,2020,-6.64791081780605
SMR,NY.GDP.MKTP.KD.ZG,2019,2.06568514732739
SMR,NY.GDP.MKTP.KD.ZG,2018,1.49390531817373
SMR,NY.GDP.MKTP.KD.ZG,2017,0.258265466328027
SMR,NY.GDP.MKTP.KD.ZG,2016,2.34440586055426
SMR,NY.GDP.MKTP.KD.ZG,2015,2.29150556129265
SMR,NY.GDP.MKTP.KD.ZG,2014,-0.702370500438988
SMR,NY.GDP.MKTP.KD.ZG,2013,-0.78397212543554
SMR,NY.GDP.MKTP.KD.ZG,2012,-7.04453441295546
SMR,NY.GDP.MKTP.KD.ZG,2011,-8.3147735708983
SMR,NY.GDP.MKTP.KD.ZG,2010,-5.47368421052632
SMR,NY.GDP.MKTP.KD.ZG,2009,-10.3209565764632
SMR,NY.GDP.MKTP.KD.ZG,2008,-0.500939261114581
SMR,NY.GDP.MKTP.KD.ZG,2007,7.10932260228034
SMR,NY.GDP.MKTP.KD.ZG,2006,3.83008356545962
SMR,NY.GDP.MKTP.KD.ZG,2005,2.42510699001426
SMR,NY.GDP.MKTP.KD.ZG,2004,4.5488441461596
SMR,NY.GDP.MKTP.KD.ZG,2003,3.87296669248644
SMR,NY.GDP.MKTP.KD.ZG,2002,0.310800310800303
SMR,NY.GDP.MKTP.KD.ZG,2001,5.57834290401968
SMR,NY.GDP.MKTP.KD.ZG,2000,2.17937971500419
SMR,NY.GDP.MKTP.KD.ZG,1999,9.04936014625228
SMR,NY.GDP.MKTP.KD.ZG,1998,7.4656188605108
SMR,NY.GDP.MKTP.KD.ZG,1997,
SMR,NY.GDP.MKTP.KD.ZG,1996,
SMR,NY.GDP.MKTP.KD.ZG,1995,
SMR,NY.GDP.MKTP.KD.ZG,1994,
SMR,NY.GDP.MKTP.KD.ZG,1993,
SMR,NY.GDP.MKTP.KD.ZG,1992,
SMR,NY.GDP.MKTP.KD.ZG,1991,
SMR,NY.GDP.MKTP.KD.ZG,1990,
SMR,NY.GDP.MKTP.KD.ZG,1989,
SMR,NY.GDP.MKTP.KD.ZG,1988,
SMR,NY.GDP.MKTP.KD.ZG,1987,
SMR,NY.GDP.MKTP.KD.ZG,1986,
SMR,NY.GDP.MKTP.KD.ZG,1985,
SMR,NY.GDP.MKTP.KD.ZG,1984,
SMR,NY.GDP.MKTP.KD.ZG,1983,
SMR,NY.GDP.MKTP.KD.ZG,1982,
SMR,NY.GDP.MKTP.KD.ZG,1981,
SMR,NY.GDP.MKTP.KD.ZG,1980,
SMR,NY.GDP.MKTP.KD.ZG,1979,
SMR,NY.GDP.MKTP.KD.ZG,1978,
SMR,NY.GDP.MKTP.KD.ZG,1977,
SMR,NY.GDP.MKTP.KD.ZG,1976,
SMR,NY.GDP.MKTP.KD.ZG,1975,
SMR,NY.GDP.MKTP.KD.ZG,1974,
SMR,NY.GDP.MKTP.KD.ZG,1973,
SMR,NY.GDP.MKTP.KD.ZG,1972,
SMR,NY.GDP.MKTP.KD.ZG,1971,
SMR,NY.GDP.MKTP.KD.ZG,1970,
SMR,NY.GDP.MKTP.KD.ZG,1969,
SMR,NY.GDP.MKTP.KD.ZG,1968,
SMR,NY.GDP.MKTP.KD.ZG,1967,
SMR,NY.GDP.MKTP.KD.ZG,1966,
SMR,NY.GDP.MKTP.KD.ZG,1965,
SMR,NY.GDP.MKTP.KD.ZG,1964,
SMR,NY.GDP.MKTP.KD.ZG,1963,
SMR,NY.GDP.MKTP.KD.ZG,1962,
SMR,NY.GDP.MKTP.KD.ZG,1961,
SMR,NY.GDP.MKTP.KD.ZG,1960,
STP,NY.GDP.MKTP.KD.ZG,2025,
STP,NY.GDP.MKTP.KD.ZG,2024,1.09999940100751
STP,NY.GDP.MKTP.KD.ZG,2023,0.372252775001456
STP,NY.GDP.MKTP.KD.ZG,2022,0.168698492216564
STP,NY.GDP.MKTP.KD.ZG,2021,1.89929891337832
STP,NY.GDP.MKTP.KD.ZG,2020,2.62485949543812
STP,NY.GDP.MKTP.KD.ZG,2019,2.01431672129407
STP,NY.GDP.MKTP.KD.ZG,2018,4.37812808264972
STP,NY.GDP.MKTP.KD.ZG,2017,4.11297966281954
STP,NY.GDP.MKTP.KD.ZG,2016,5.17682468684113
STP,NY.GDP.MKTP.KD.ZG,2015,1.5397042826735
STP,NY.GDP.MKTP.KD.ZG,2014,4.90621048664867
STP,NY.GDP.MKTP.KD.ZG,2013,5.11967735428513
STP,NY.GDP.MKTP.KD.ZG,2012,2.94294277416023
STP,NY.GDP.MKTP.KD.ZG,2011,1.99943210333259
STP,NY.GDP.MKTP.KD.ZG,2010,1.44845522890635
STP,NY.GDP.MKTP.KD.ZG,2009,3.30239966645061
STP,NY.GDP.MKTP.KD.ZG,2008,6.2287850696102
STP,NY.GDP.MKTP.KD.ZG,2007,3.64147185166024
STP,NY.GDP.MKTP.KD.ZG,2006,8.86610935944026
STP,NY.GDP.MKTP.KD.ZG,2005,6.61462475033599
STP,NY.GDP.MKTP.KD.ZG,2004,3.5379059435684
STP,NY.GDP.MKTP.KD.ZG,2003,8.29151946119818
STP,NY.GDP.MKTP.KD.ZG,2002,3.360188168222
STP,NY.GDP.MKTP.KD.ZG,2001,3.06448295788719
STP,NY.GDP.MKTP.KD.ZG,2000,0.448368261692949
STP,NY.GDP.MKTP.KD.ZG,1999,2.50000625631461
STP,NY.GDP.MKTP.KD.ZG,1998,2.49998790327494
STP,NY.GDP.MKTP.KD.ZG,1997,0.996320930540918
STP,NY.GDP.MKTP.KD.ZG,1996,1.50000107570656
STP,NY.GDP.MKTP.KD.ZG,1995,2.00000170678776
STP,NY.GDP.MKTP.KD.ZG,1994,2.20000158236296
STP,NY.GDP.MKTP.KD.ZG,1993,1.09999859547847
STP,NY.GDP.MKTP.KD.ZG,1992,0.699996987364386
STP,NY.GDP.MKTP.KD.ZG,1991,1.2010046399312
STP,NY.GDP.MKTP.KD.ZG,1990,-2.1526457716534
STP,NY.GDP.MKTP.KD.ZG,1989,3.13531564577619
STP,NY.GDP.MKTP.KD.ZG,1988,1.99872995054187
STP,NY.GDP.MKTP.KD.ZG,1987,-2.93011348938296
STP,NY.GDP.MKTP.KD.ZG,1986,-5.83211886217245
STP,NY.GDP.MKTP.KD.ZG,1985,9.29988604655227
STP,NY.GDP.MKTP.KD.ZG,1984,-6.03046000123703
STP,NY.GDP.MKTP.KD.ZG,1983,-3.87397151622915
STP,NY.GDP.MKTP.KD.ZG,1982,3.09278360147638
STP,NY.GDP.MKTP.KD.ZG,1981,-10.3139022174618
STP,NY.GDP.MKTP.KD.ZG,1980,-1.08135941310979
STP,NY.GDP.MKTP.KD.ZG,1979,16.3431584046761
STP,NY.GDP.MKTP.KD.ZG,1978,2.89729997671209
STP,NY.GDP.MKTP.KD.ZG,1977,23.4175289253147
STP,NY.GDP.MKTP.KD.ZG,1976,1.63934420591072
STP,NY.GDP.MKTP.KD.ZG,1975,5.37809647703489
STP,NY.GDP.MKTP.KD.ZG,1974,5.68377540167492
STP,NY.GDP.MKTP.KD.ZG,1973,1.59230103452408
STP,NY.GDP.MKTP.KD.ZG,1972,2.29103269566046
STP,NY.GDP.MKTP.KD.ZG,1971,5.37532999484682
STP,NY.GDP.MKTP.KD.ZG,1970,
STP,NY.GDP.MKTP.KD.ZG,1969,
STP,NY.GDP.MKTP.KD.ZG,1968,
STP,NY.GDP.MKTP.KD.ZG,1967,
STP,NY.GDP.MKTP.KD.ZG,1966,
STP,NY.GDP.MKTP.KD.ZG,1965,
STP,NY.GDP.MKTP.KD.ZG,1964,
STP,NY.GDP.MKTP.KD.ZG,1963,
STP,NY.GDP.MKTP.KD.ZG,1962,
STP,NY.GDP.MKTP.KD.ZG,1961,
STP,NY.GDP.MKTP.KD.ZG,1960,
SAU,NY.GDP.MKTP.KD.ZG,2025,
SAU,NY.GDP.MKTP.KD.ZG,2024,1.99650173436159
SAU,NY.GDP.MKTP.KD.ZG,2023,0.542592439393161
SAU,NY.GDP.MKTP.KD.ZG,2022,12.0005874752929
SAU,NY.GDP.MKTP.KD.ZG,2021,6.51959698325419
SAU,NY.GDP.MKTP.KD.ZG,2020,-3.80478901996312
SAU,NY.GDP.MKTP.KD.ZG,2019,1.65158925617395
SAU,NY.GDP.MKTP.KD.ZG,2018,3.2269508901591
SAU,NY.GDP.MKTP.KD.ZG,2017,1.18210705878283
SAU,NY.GDP.MKTP.KD.ZG,2016,1.70404739202878
SAU,NY.GDP.MKTP.KD.ZG,2015,4.65512316652699
SAU,NY.GDP.MKTP.KD.ZG,2014,4.02467158380668
SAU,NY.GDP.MKTP.KD.ZG,2013,2.94563789152025
SAU,NY.GDP.MKTP.KD.ZG,2012,5.76157382270968
SAU,NY.GDP.MKTP.KD.ZG,2011,11.758820686671
SAU,NY.GDP.MKTP.KD.ZG,2010,5.0395150823517
SAU,NY.GDP.MKTP.KD.ZG,2009,-1.06671711240203
SAU,NY.GDP.MKTP.KD.ZG,2008,6.2379875365458
SAU,NY.GDP.MKTP.KD.ZG,2007,2.21365396372528
SAU,NY.GDP.MKTP.KD.ZG,2006,3.31348473625901
SAU,NY.GDP.MKTP.KD.ZG,2005,5.94489623934835
SAU,NY.GDP.MKTP.KD.ZG,2004,8.63100545880309
SAU,NY.GDP.MKTP.KD.ZG,2003,8.76873381743964
SAU,NY.GDP.MKTP.KD.ZG,2002,-0.688390130317757
SAU,NY.GDP.MKTP.KD.ZG,2001,0.344593196175438
SAU,NY.GDP.MKTP.KD.ZG,2000,4.71813422138024
SAU,NY.GDP.MKTP.KD.ZG,1999,-0.633393640920247
SAU,NY.GDP.MKTP.KD.ZG,1998,2.80381183998992
SAU,NY.GDP.MKTP.KD.ZG,1997,2.64731939948642
SAU,NY.GDP.MKTP.KD.ZG,1996,3.30468254228352
SAU,NY.GDP.MKTP.KD.ZG,1995,0.311708028499027
SAU,NY.GDP.MKTP.KD.ZG,1994,0.952965973086691
SAU,NY.GDP.MKTP.KD.ZG,1993,0.379835927354492
SAU,NY.GDP.MKTP.KD.ZG,1992,4.58058206179402
SAU,NY.GDP.MKTP.KD.ZG,1991,8.22077074524385
SAU,NY.GDP.MKTP.KD.ZG,1990,9.4260985412794
SAU,NY.GDP.MKTP.KD.ZG,1989,0.415193428012302
SAU,NY.GDP.MKTP.KD.ZG,1988,6.60034126267189
SAU,NY.GDP.MKTP.KD.ZG,1987,-3.13303335653811
SAU,NY.GDP.MKTP.KD.ZG,1986,1.00815274394004
SAU,NY.GDP.MKTP.KD.ZG,1985,-7.2118044747188
SAU,NY.GDP.MKTP.KD.ZG,1984,-4.00750444885617
SAU,NY.GDP.MKTP.KD.ZG,1983,-10.9934407584828
SAU,NY.GDP.MKTP.KD.ZG,1982,-16.1090907190854
SAU,NY.GDP.MKTP.KD.ZG,1981,2.9827447321309
SAU,NY.GDP.MKTP.KD.ZG,1980,5.79761134177146
SAU,NY.GDP.MKTP.KD.ZG,1979,10.963914559319
SAU,NY.GDP.MKTP.KD.ZG,1978,0.172375715780035
SAU,NY.GDP.MKTP.KD.ZG,1977,5.89138331583297
SAU,NY.GDP.MKTP.KD.ZG,1976,15.223556317013
SAU,NY.GDP.MKTP.KD.ZG,1975,-5.48816172961487
SAU,NY.GDP.MKTP.KD.ZG,1974,16.0996752666363
SAU,NY.GDP.MKTP.KD.ZG,1973,22.495101661284
SAU,NY.GDP.MKTP.KD.ZG,1972,18.7851174670799
SAU,NY.GDP.MKTP.KD.ZG,1971,15.2291070662534
SAU,NY.GDP.MKTP.KD.ZG,1970,52.5920942005017
SAU,NY.GDP.MKTP.KD.ZG,1969,6.03788654154391
SAU,NY.GDP.MKTP.KD.ZG,1968,7.66012652552845
SAU,NY.GDP.MKTP.KD.ZG,1967,8.9093833311003
SAU,NY.GDP.MKTP.KD.ZG,1966,8.18114543360564
SAU,NY.GDP.MKTP.KD.ZG,1965,12.136763975251
SAU,NY.GDP.MKTP.KD.ZG,1964,8.77678436346099
SAU,NY.GDP.MKTP.KD.ZG,1963,8.69610923594517
SAU,NY.GDP.MKTP.KD.ZG,1962,11.922659566413
SAU,NY.GDP.MKTP.KD.ZG,1961,11.8768510783222
SAU,NY.GDP.MKTP.KD.ZG,1960,
SEN,NY.GDP.MKTP.KD.ZG,2025,
SEN,NY.GDP.MKTP.KD.ZG,2024,6.06055141198976
SEN,NY.GDP.MKTP.KD.ZG,2023,4.2574308328029
SEN,NY.GDP.MKTP.KD.ZG,2022,3.85043193735768
SEN,NY.GDP.MKTP.KD.ZG,2021,6.54400109964304
SEN,NY.GDP.MKTP.KD.ZG,2020,1.3420737726679
SEN,NY.GDP.MKTP.KD.ZG,2019,4.61362809749708
SEN,NY.GDP.MKTP.KD.ZG,2018,6.20924103389086
SEN,NY.GDP.MKTP.KD.ZG,2017,7.4074861863013
SEN,NY.GDP.MKTP.KD.ZG,2016,6.35606857181878
SEN,NY.GDP.MKTP.KD.ZG,2015,6.36704365066983
SEN,NY.GDP.MKTP.KD.ZG,2014,6.22407443790986
SEN,NY.GDP.MKTP.KD.ZG,2013,2.41238527605579
SEN,NY.GDP.MKTP.KD.ZG,2012,4.00299555090457
SEN,NY.GDP.MKTP.KD.ZG,2011,1.33409107961258
SEN,NY.GDP.MKTP.KD.ZG,2010,3.39088925336209
SEN,NY.GDP.MKTP.KD.ZG,2009,2.75210448455053
SEN,NY.GDP.MKTP.KD.ZG,2008,3.70316906391386
SEN,NY.GDP.MKTP.KD.ZG,2007,2.82711920133374
SEN,NY.GDP.MKTP.KD.ZG,2006,2.33077098330239
SEN,NY.GDP.MKTP.KD.ZG,2005,4.31023852639633
SEN,NY.GDP.MKTP.KD.ZG,2004,4.64329393683312
SEN,NY.GDP.MKTP.KD.ZG,2003,5.59395094456143
SEN,NY.GDP.MKTP.KD.ZG,2002,0.0686965747419066
SEN,NY.GDP.MKTP.KD.ZG,2001,4.31085146618369
SEN,NY.GDP.MKTP.KD.ZG,2000,3.88721095816793
SEN,NY.GDP.MKTP.KD.ZG,1999,6.28330825030987
SEN,NY.GDP.MKTP.KD.ZG,1998,5.89847931769205
SEN,NY.GDP.MKTP.KD.ZG,1997,3.04560103485423
SEN,NY.GDP.MKTP.KD.ZG,1996,2.01997720854131
SEN,NY.GDP.MKTP.KD.ZG,1995,5.46858485819628
SEN,NY.GDP.MKTP.KD.ZG,1994,-0.0475209486617416
SEN,NY.GDP.MKTP.KD.ZG,1993,1.36021300651346
SEN,NY.GDP.MKTP.KD.ZG,1992,1.32023303661357
SEN,NY.GDP.MKTP.KD.ZG,1991,2.65996265739379
SEN,NY.GDP.MKTP.KD.ZG,1990,-0.746282224252312
SEN,NY.GDP.MKTP.KD.ZG,1989,3.97378331483225
SEN,NY.GDP.MKTP.KD.ZG,1988,-0.816575488243529
SEN,NY.GDP.MKTP.KD.ZG,1987,6.25586340662731
SEN,NY.GDP.MKTP.KD.ZG,1986,3.12698554897204
SEN,NY.GDP.MKTP.KD.ZG,1985,3.46308446515194
SEN,NY.GDP.MKTP.KD.ZG,1984,3.93584244306339
SEN,NY.GDP.MKTP.KD.ZG,1983,-5.64746028114288
SEN,NY.GDP.MKTP.KD.ZG,1982,8.01038437134387
SEN,NY.GDP.MKTP.KD.ZG,1981,5.18022967002236
SEN,NY.GDP.MKTP.KD.ZG,1980,3.98776197168547
SEN,NY.GDP.MKTP.KD.ZG,1979,7.00168561322543
SEN,NY.GDP.MKTP.KD.ZG,1978,-3.95393126013779
SEN,NY.GDP.MKTP.KD.ZG,1977,-2.68290530487465
SEN,NY.GDP.MKTP.KD.ZG,1976,8.92050370390294
SEN,NY.GDP.MKTP.KD.ZG,1975,7.53566259858628
SEN,NY.GDP.MKTP.KD.ZG,1974,4.20077552585172
SEN,NY.GDP.MKTP.KD.ZG,1973,-5.58324010795549
SEN,NY.GDP.MKTP.KD.ZG,1972,6.38320891557467
SEN,NY.GDP.MKTP.KD.ZG,1971,-0.140449439855544
SEN,NY.GDP.MKTP.KD.ZG,1970,8.56204551455826
SEN,NY.GDP.MKTP.KD.ZG,1969,-6.55414292250094
SEN,NY.GDP.MKTP.KD.ZG,1968,6.2907735312989
SEN,NY.GDP.MKTP.KD.ZG,1967,-1.21979286528493
SEN,NY.GDP.MKTP.KD.ZG,1966,2.8767609752687
SEN,NY.GDP.MKTP.KD.ZG,1965,1.33218949146287
SEN,NY.GDP.MKTP.KD.ZG,1964,3.88392710164631
SEN,NY.GDP.MKTP.KD.ZG,1963,1.86447856929158
SEN,NY.GDP.MKTP.KD.ZG,1962,-0.136235360562637
SEN,NY.GDP.MKTP.KD.ZG,1961,2.99344825626973
SEN,NY.GDP.MKTP.KD.ZG,1960,
SRB,NY.GDP.MKTP.KD.ZG,2025,
SRB,NY.GDP.MKTP.KD.ZG,2024,3.94992622592932
SRB,NY.GDP.MKTP.KD.ZG,2023,3.74793303561771
SRB,NY.GDP.MKTP.KD.ZG,2022,2.70347705543654
SRB,NY.GDP.MKTP.KD.ZG,2021,7.94905650472278
SRB,NY.GDP.MKTP.KD.ZG,2020,-0.950023991851594
SRB,NY.GDP.MKTP.KD.ZG,2019,4.75020793899014
SRB,NY.GDP.MKTP.KD.ZG,2018,4.64935035491007
SRB,NY.GDP.MKTP.KD.ZG,2017,2.3634031250553
SRB,NY.GDP.MKTP.KD.ZG,2016,2.97519807160826
SRB,NY.GDP.MKTP.KD.ZG,2015,1.2957386351958
SRB,NY.GDP.MKTP.KD.ZG,2014,-1.80427041681132
SRB,NY.GDP.MKTP.KD.ZG,2013,0.451578805330726
SRB,NY.GDP.MKTP.KD.ZG,2012,-0.443956070983248
SRB,NY.GDP.MKTP.KD.ZG,2011,0.0542724836581954
SRB,NY.GDP.MKTP.KD.ZG,2010,1.61097281449412
SRB,NY.GDP.MKTP.KD.ZG,2009,-3.14261075416574
SRB,NY.GDP.MKTP.KD.ZG,2008,5.16089327231823
SRB,NY.GDP.MKTP.KD.ZG,2007,7.83207023027602
SRB,NY.GDP.MKTP.KD.ZG,2006,3.90066644620993
SRB,NY.GDP.MKTP.KD.ZG,2005,5.90349622935489
SRB,NY.GDP.MKTP.KD.ZG,2004,6.68686836863701
SRB,NY.GDP.MKTP.KD.ZG,2003,4.55968997935088
SRB,NY.GDP.MKTP.KD.ZG,2002,6.54104600309256
SRB,NY.GDP.MKTP.KD.ZG,2001,6.77852279368084
SRB,NY.GDP.MKTP.KD.ZG,2000,6.0550897288645
SRB,NY.GDP.MKTP.KD.ZG,1999,-10.3255055897713
SRB,NY.GDP.MKTP.KD.ZG,1998,5.34263970320437
SRB,NY.GDP.MKTP.KD.ZG,1997,8.93321347004755
SRB,NY.GDP.MKTP.KD.ZG,1996,6.16496253825672
SRB,NY.GDP.MKTP.KD.ZG,1995,
SRB,NY.GDP.MKTP.KD.ZG,1994,
SRB,NY.GDP.MKTP.KD.ZG,1993,
SRB,NY.GDP.MKTP.KD.ZG,1992,
SRB,NY.GDP.MKTP.KD.ZG,1991,
SRB,NY.GDP.MKTP.KD.ZG,1990,
SRB,NY.GDP.MKTP.KD.ZG,1989,
SRB,NY.GDP.MKTP.KD.ZG,1988,
SRB,NY.GDP.MKTP.KD.ZG,1987,
SRB,NY.GDP.MKTP.KD.ZG,1986,
SRB,NY.GDP.MKTP.KD.ZG,1985,
SRB,NY.GDP.MKTP.KD.ZG,1984,
SRB,NY.GDP.MKTP.KD.ZG,1983,
SRB,NY.GDP.MKTP.KD.ZG,1982,
SRB,NY.GDP.MKTP.KD.ZG,1981,
SRB,NY.GDP.MKTP.KD.ZG,1980,
SRB,NY.GDP.MKTP.KD.ZG,1979,
SRB,NY.GDP.MKTP.KD.ZG,1978,
SRB,NY.GDP.MKTP.KD.ZG,1977,
SRB,NY.GDP.MKTP.KD.ZG,1976,
SRB,NY.GDP.MKTP.KD.ZG,1975,
SRB,NY.GDP.MKTP.KD.ZG,1974,
SRB,NY.GDP.MKTP.KD.ZG,1973,
SRB,NY.GDP.MKTP.KD.ZG,1972,
SRB,NY.GDP.MKTP.KD.ZG,1971,
SRB,NY.GDP.MKTP.KD.ZG,1970,
SRB,NY.GDP.MKTP.KD.ZG,1969,
SRB,NY.GDP.MKTP.KD.ZG,1968,
SRB,NY.GDP.MKTP.KD.ZG,1967,
SRB,NY.GDP.MKTP.KD.ZG,1966,
SRB,NY.GDP.MKTP.KD.ZG,1965,
SRB,NY.GDP.MKTP.KD.ZG,1964,
SRB,NY.GDP.MKTP.KD.ZG,1963,
SRB,NY.GDP.MKTP.KD.ZG,1962,
SRB,NY.GDP.MKTP.KD.ZG,1961,
SRB,NY.GDP.MKTP.KD.ZG,1960,
SYC,NY.GDP.MKTP.KD.ZG,2025,
SYC,NY.GDP.MKTP.KD.ZG,2024,3.46568066415341
SYC,NY.GDP.MKTP.KD.ZG,2023,2.25925322283285
SYC,NY.GDP.MKTP.KD.ZG,2022,12.7104688902836
SYC,NY.GDP.MKTP.KD.ZG,2021,0.552281631207279
SYC,NY.GDP.MKTP.KD.ZG,2020,-11.7398608281732
SYC,NY.GDP.MKTP.KD.ZG,2019,5.5142920737342
SYC,NY.GDP.MKTP.KD.ZG,2018,4.93947272254312
SYC,NY.GDP.MKTP.KD.ZG,2017,6.95416218794271
SYC,NY.GDP.MKTP.KD.ZG,2016,12.1175272453913
SYC,NY.GDP.MKTP.KD.ZG,2015,8.9140088750469
SYC,NY.GDP.MKTP.KD.ZG,2014,4.0636918123521
SYC,NY.GDP.MKTP.KD.ZG,2013,1.25373496242949
SYC,NY.GDP.MKTP.KD.ZG,2012,3.1106784939243
SYC,NY.GDP.MKTP.KD.ZG,2011,9.5097833517957
SYC,NY.GDP.MKTP.KD.ZG,2010,4.50513204312067
SYC,NY.GDP.MKTP.KD.ZG,2009,-2.47937594726137
SYC,NY.GDP.MKTP.KD.ZG,2008,-2.72594626154864
SYC,NY.GDP.MKTP.KD.ZG,2007,8.87606645570879
SYC,NY.GDP.MKTP.KD.ZG,2006,9.40612855732827
SYC,NY.GDP.MKTP.KD.ZG,2005,9.0057617374238
SYC,NY.GDP.MKTP.KD.ZG,2004,-2.8504539768538
SYC,NY.GDP.MKTP.KD.ZG,2003,-5.88712848764477
SYC,NY.GDP.MKTP.KD.ZG,2002,1.21283290259314
SYC,NY.GDP.MKTP.KD.ZG,2001,-2.27116288552982
SYC,NY.GDP.MKTP.KD.ZG,2000,4.25319834931828
SYC,NY.GDP.MKTP.KD.ZG,1999,1.87200510893879
SYC,NY.GDP.MKTP.KD.ZG,1998,2.4674409352512
SYC,NY.GDP.MKTP.KD.ZG,1997,12.193641751411
SYC,NY.GDP.MKTP.KD.ZG,1996,9.99794595219808
SYC,NY.GDP.MKTP.KD.ZG,1995,0.485036699253456
SYC,NY.GDP.MKTP.KD.ZG,1994,-2.43656881060774
SYC,NY.GDP.MKTP.KD.ZG,1993,7.3033707678707
SYC,NY.GDP.MKTP.KD.ZG,1992,7.17304395387974
SYC,NY.GDP.MKTP.KD.ZG,1991,2.76042625999891
SYC,NY.GDP.MKTP.KD.ZG,1990,7.45476632743622
SYC,NY.GDP.MKTP.KD.ZG,1989,10.2856546063098
SYC,NY.GDP.MKTP.KD.ZG,1988,5.3264103896111
SYC,NY.GDP.MKTP.KD.ZG,1987,4.87455237857419
SYC,NY.GDP.MKTP.KD.ZG,1986,0.761946624567258
SYC,NY.GDP.MKTP.KD.ZG,1985,10.2937416502849
SYC,NY.GDP.MKTP.KD.ZG,1984,4.30562287993293
SYC,NY.GDP.MKTP.KD.ZG,1983,-0.616235246916048
SYC,NY.GDP.MKTP.KD.ZG,1982,-2.07107442786574
SYC,NY.GDP.MKTP.KD.ZG,1981,-3.87678310732159
SYC,NY.GDP.MKTP.KD.ZG,1980,-5.10067699600361
SYC,NY.GDP.MKTP.KD.ZG,1979,15.7943406095992
SYC,NY.GDP.MKTP.KD.ZG,1978,21.1516925236461
SYC,NY.GDP.MKTP.KD.ZG,1977,-6.19022681541391
SYC,NY.GDP.MKTP.KD.ZG,1976,16.2776477252918
SYC,NY.GDP.MKTP.KD.ZG,1975,3.17740509236735
SYC,NY.GDP.MKTP.KD.ZG,1974,1.3028496617177
SYC,NY.GDP.MKTP.KD.ZG,1973,9.0541863202116
SYC,NY.GDP.MKTP.KD.ZG,1972,6.30830794999662
SYC,NY.GDP.MKTP.KD.ZG,1971,15.851775748595
SYC,NY.GDP.MKTP.KD.ZG,1970,8.87186986242048
SYC,NY.GDP.MKTP.KD.ZG,1969,0.0
SYC,NY.GDP.MKTP.KD.ZG,1968,7.55323565508952
SYC,NY.GDP.MKTP.KD.ZG,1967,0.504739465799275
SYC,NY.GDP.MKTP.KD.ZG,1966,13.8965075360333
SYC,NY.GDP.MKTP.KD.ZG,1965,-1.06057106861537
SYC,NY.GDP.MKTP.KD.ZG,1964,5.91924643496992
SYC,NY.GDP.MKTP.KD.ZG,1963,10.1356029493254
SYC,NY.GDP.MKTP.KD.ZG,1962,8.40858127584126
SYC,NY.GDP.MKTP.KD.ZG,1961,-4.88227635362706
SYC,NY.GDP.MKTP.KD.ZG,1960,
SLE,NY.GDP.MKTP.KD.ZG,2025,
SLE,NY.GDP.MKTP.KD.ZG,2024,4.29322336690163
SLE,NY.GDP.MKTP.KD.ZG,2023,5.7100218981806
SLE,NY.GDP.MKTP.KD.ZG,2022,5.3135546141915
SLE,NY.GDP.MKTP.KD.ZG,2021,5.8968527047094
SLE,NY.GDP.MKTP.KD.ZG,2020,-1.2533490322766
SLE,NY.GDP.MKTP.KD.ZG,2019,5.50270937378153
SLE,NY.GDP.MKTP.KD.ZG,2018,2.8938564123677
SLE,NY.GDP.MKTP.KD.ZG,2017,3.20786087715987
SLE,NY.GDP.MKTP.KD.ZG,2016,6.43743652764257
SLE,NY.GDP.MKTP.KD.ZG,2015,-4.36333262093788
SLE,NY.GDP.MKTP.KD.ZG,2014,-7.81501512457241
SLE,NY.GDP.MKTP.KD.ZG,2013,14.6633238075229
SLE,NY.GDP.MKTP.KD.ZG,2012,10.578331663387
SLE,NY.GDP.MKTP.KD.ZG,2011,8.10065518714917
SLE,NY.GDP.MKTP.KD.ZG,2010,6.35566595800495
SLE,NY.GDP.MKTP.KD.ZG,2009,1.53080323958716
SLE,NY.GDP.MKTP.KD.ZG,2008,3.68605969932123
SLE,NY.GDP.MKTP.KD.ZG,2007,3.74975804751641
SLE,NY.GDP.MKTP.KD.ZG,2006,4.28311062264335
SLE,NY.GDP.MKTP.KD.ZG,2005,4.3534998069981
SLE,NY.GDP.MKTP.KD.ZG,2004,6.47884588417347
SLE,NY.GDP.MKTP.KD.ZG,2003,9.48363126885343
SLE,NY.GDP.MKTP.KD.ZG,2002,26.5241350674409
SLE,NY.GDP.MKTP.KD.ZG,2001,-6.34545563328469
SLE,NY.GDP.MKTP.KD.ZG,2000,6.65273028404766
SLE,NY.GDP.MKTP.KD.ZG,1999,-1.97928670052485
SLE,NY.GDP.MKTP.KD.ZG,1998,1.78501237019348
SLE,NY.GDP.MKTP.KD.ZG,1997,-5.87708084575527
SLE,NY.GDP.MKTP.KD.ZG,1996,1.75382062624389
SLE,NY.GDP.MKTP.KD.ZG,1995,-7.99975272721831
SLE,NY.GDP.MKTP.KD.ZG,1994,-1.9473850336049
SLE,NY.GDP.MKTP.KD.ZG,1993,1.37454997423123
SLE,NY.GDP.MKTP.KD.ZG,1992,-19.012909778472
SLE,NY.GDP.MKTP.KD.ZG,1991,2.35196132919053
SLE,NY.GDP.MKTP.KD.ZG,1990,3.34999799346166
SLE,NY.GDP.MKTP.KD.ZG,1989,0.729999989315928
SLE,NY.GDP.MKTP.KD.ZG,1988,-7.08000000523833
SLE,NY.GDP.MKTP.KD.ZG,1987,7.23126874831432
SLE,NY.GDP.MKTP.KD.ZG,1986,1.23604689260759
SLE,NY.GDP.MKTP.KD.ZG,1985,-5.31134047950705
SLE,NY.GDP.MKTP.KD.ZG,1984,4.09303426616118
SLE,NY.GDP.MKTP.KD.ZG,1983,-2.10280161544287
SLE,NY.GDP.MKTP.KD.ZG,1982,4.78175552357484
SLE,NY.GDP.MKTP.KD.ZG,1981,2.88142855921659
SLE,NY.GDP.MKTP.KD.ZG,1980,4.84350377144425
SLE,NY.GDP.MKTP.KD.ZG,1979,4.51126559856982
SLE,NY.GDP.MKTP.KD.ZG,1978,2.40633216635982
SLE,NY.GDP.MKTP.KD.ZG,1977,0.0466758030396051
SLE,NY.GDP.MKTP.KD.ZG,1976,-0.449176346762428
SLE,NY.GDP.MKTP.KD.ZG,1975,1.66921654763301
SLE,NY.GDP.MKTP.KD.ZG,1974,3.49982830211664
SLE,NY.GDP.MKTP.KD.ZG,1973,2.25661826183767
SLE,NY.GDP.MKTP.KD.ZG,1972,0.900234646639376
SLE,NY.GDP.MKTP.KD.ZG,1971,3.46591649879089
SLE,NY.GDP.MKTP.KD.ZG,1970,8.6204932371125
SLE,NY.GDP.MKTP.KD.ZG,1969,8.5254467948847
SLE,NY.GDP.MKTP.KD.ZG,1968,2.01992381869762
SLE,NY.GDP.MKTP.KD.ZG,1967,0.0362815543045798
SLE,NY.GDP.MKTP.KD.ZG,1966,1.69999999385276
SLE,NY.GDP.MKTP.KD.ZG,1965,7.18015579001271
SLE,NY.GDP.MKTP.KD.ZG,1964,6.68523879170613
SLE,NY.GDP.MKTP.KD.ZG,1963,1.69971521061807
SLE,NY.GDP.MKTP.KD.ZG,1962,4.54096703629196
SLE,NY.GDP.MKTP.KD.ZG,1961,1.80904354589393
SLE,NY.GDP.MKTP.KD.ZG,1960,
SGP,NY.GDP.MKTP.KD.ZG,2025,
SGP,NY.GDP.MKTP.KD.ZG,2024,4.38802362461865
SGP,NY.GDP.MKTP.KD.ZG,2023,1.82140694115385
SGP,NY.GDP.MKTP.KD.ZG,2022,4.10800021897151
SGP,NY.GDP.MKTP.KD.ZG,2021,9.7568044629903
SGP,NY.GDP.MKTP.KD.ZG,2020,-3.81470885510713
SGP,NY.GDP.MKTP.KD.ZG,2019,1.30804118153127
SGP,NY.GDP.MKTP.KD.ZG,2018,3.4519759658687
SGP,NY.GDP.MKTP.KD.ZG,2017,4.47689915845876
SGP,NY.GDP.MKTP.KD.ZG,2016,3.74757848792792
SGP,NY.GDP.MKTP.KD.ZG,2015,2.97679931634806
SGP,NY.GDP.MKTP.KD.ZG,2014,3.93554027709007
SGP,NY.GDP.MKTP.KD.ZG,2013,4.81763099120676
SGP,NY.GDP.MKTP.KD.ZG,2012,4.43549759378537
SGP,NY.GDP.MKTP.KD.ZG,2011,6.21493416858989
SGP,NY.GDP.MKTP.KD.ZG,2010,14.5197497108994
SGP,NY.GDP.MKTP.KD.ZG,2009,0.127953382778088
SGP,NY.GDP.MKTP.KD.ZG,2008,1.86348345462035
SGP,NY.GDP.MKTP.KD.ZG,2007,9.02151951268893
SGP,NY.GDP.MKTP.KD.ZG,2006,9.00676607871758
SGP,NY.GDP.MKTP.KD.ZG,2005,7.36632239250758
SGP,NY.GDP.MKTP.KD.ZG,2004,9.93998268434957
SGP,NY.GDP.MKTP.KD.ZG,2003,4.54825542643229
SGP,NY.GDP.MKTP.KD.ZG,2002,3.92336076702013
SGP,NY.GDP.MKTP.KD.ZG,2001,-1.07086275100448
SGP,NY.GDP.MKTP.KD.ZG,2000,9.03831632555163
SGP,NY.GDP.MKTP.KD.ZG,1999,5.71837175710837
SGP,NY.GDP.MKTP.KD.ZG,1998,-2.19101500611274
SGP,NY.GDP.MKTP.KD.ZG,1997,8.31620911124497
SGP,NY.GDP.MKTP.KD.ZG,1996,7.47139086002002
SGP,NY.GDP.MKTP.KD.ZG,1995,7.17540112091071
SGP,NY.GDP.MKTP.KD.ZG,1994,11.0956893100227
SGP,NY.GDP.MKTP.KD.ZG,1993,11.459650875246
SGP,NY.GDP.MKTP.KD.ZG,1992,6.63980556949564
SGP,NY.GDP.MKTP.KD.ZG,1991,6.68839753958379
SGP,NY.GDP.MKTP.KD.ZG,1990,9.82089955731777
SGP,NY.GDP.MKTP.KD.ZG,1989,10.1588286387889
SGP,NY.GDP.MKTP.KD.ZG,1988,11.26359213382
SGP,NY.GDP.MKTP.KD.ZG,1987,10.7979324702819
SGP,NY.GDP.MKTP.KD.ZG,1986,1.34281041445436
SGP,NY.GDP.MKTP.KD.ZG,1985,-0.622701650113157
SGP,NY.GDP.MKTP.KD.ZG,1984,8.79228623912256
SGP,NY.GDP.MKTP.KD.ZG,1983,8.55448210614414
SGP,NY.GDP.MKTP.KD.ZG,1982,7.10214484891354
SGP,NY.GDP.MKTP.KD.ZG,1981,10.8159232986752
SGP,NY.GDP.MKTP.KD.ZG,1980,10.1133721068475
SGP,NY.GDP.MKTP.KD.ZG,1979,9.55444873972347
SGP,NY.GDP.MKTP.KD.ZG,1978,7.77718195422017
SGP,NY.GDP.MKTP.KD.ZG,1977,6.85244239382494
SGP,NY.GDP.MKTP.KD.ZG,1976,7.43716681814959
SGP,NY.GDP.MKTP.KD.ZG,1975,3.98873862550901
SGP,NY.GDP.MKTP.KD.ZG,1974,6.11740437109883
SGP,NY.GDP.MKTP.KD.ZG,1973,10.6030030171787
SGP,NY.GDP.MKTP.KD.ZG,1972,13.3155626083739
SGP,NY.GDP.MKTP.KD.ZG,1971,12.4134371586342
SGP,NY.GDP.MKTP.KD.ZG,1970,13.9420030031916
SGP,NY.GDP.MKTP.KD.ZG,1969,13.8338251160131
SGP,NY.GDP.MKTP.KD.ZG,1968,13.5269942226387
SGP,NY.GDP.MKTP.KD.ZG,1967,12.508612746034
SGP,NY.GDP.MKTP.KD.ZG,1966,10.180095306912
SGP,NY.GDP.MKTP.KD.ZG,1965,7.83426046474929
SGP,NY.GDP.MKTP.KD.ZG,1964,-3.10316815597076
SGP,NY.GDP.MKTP.KD.ZG,1963,10.0401733131415
SGP,NY.GDP.MKTP.KD.ZG,1962,7.55344418052258
SGP,NY.GDP.MKTP.KD.ZG,1961,8.13752950817668
SGP,NY.GDP.MKTP.KD.ZG,1960,
SXM,NY.GDP.MKTP.KD.ZG,2025,
SXM,NY.GDP.MKTP.KD.ZG,2024,3.00000000000014
SXM,NY.GDP.MKTP.KD.ZG,2023,3.8
SXM,NY.GDP.MKTP.KD.ZG,2022,13.9
SXM,NY.GDP.MKTP.KD.ZG,2021,4.57759677933345
SXM,NY.GDP.MKTP.KD.ZG,2020,-13.3167887221567
SXM,NY.GDP.MKTP.KD.ZG,2019,10.9650009352392
SXM,NY.GDP.MKTP.KD.ZG,2018,-6.85698299227944
SXM,NY.GDP.MKTP.KD.ZG,2017,-7.53521399882428
SXM,NY.GDP.MKTP.KD.ZG,2016,0.96775836306881
SXM,NY.GDP.MKTP.KD.ZG,2015,0.105813149997005
SXM,NY.GDP.MKTP.KD.ZG,2014,1.58038221539113
SXM,NY.GDP.MKTP.KD.ZG,2013,1.30673103459678
SXM,NY.GDP.MKTP.KD.ZG,2012,1.39054456773131
SXM,NY.GDP.MKTP.KD.ZG,2011,4.60000341415395
SXM,NY.GDP.MKTP.KD.ZG,2010,3.19999269219366
SXM,NY.GDP.MKTP.KD.ZG,2009,
SXM,NY.GDP.MKTP.KD.ZG,2008,
SXM,NY.GDP.MKTP.KD.ZG,2007,
SXM,NY.GDP.MKTP.KD.ZG,2006,
SXM,NY.GDP.MKTP.KD.ZG,2005,
SXM,NY.GDP.MKTP.KD.ZG,2004,
SXM,NY.GDP.MKTP.KD.ZG,2003,
SXM,NY.GDP.MKTP.KD.ZG,2002,
SXM,NY.GDP.MKTP.KD.ZG,2001,
SXM,NY.GDP.MKTP.KD.ZG,2000,
SXM,NY.GDP.MKTP.KD.ZG,1999,
SXM,NY.GDP.MKTP.KD.ZG,1998,
SXM,NY.GDP.MKTP.KD.ZG,1997,
SXM,NY.GDP.MKTP.KD.ZG,1996,
SXM,NY.GDP.MKTP.KD.ZG,1995,
SXM,NY.GDP.MKTP.KD.ZG,1994,
SXM,NY.GDP.MKTP.KD.ZG,1993,
SXM,NY.GDP.MKTP.KD.ZG,1992,
SXM,NY.GDP.MKTP.KD.ZG,1991,
SXM,NY.GDP.MKTP.KD.ZG,1990,
SXM,NY.GDP.MKTP.KD.ZG,1989,
SXM,NY.GDP.MKTP.KD.ZG,1988,
SXM,NY.GDP.MKTP.KD.ZG,1987,
SXM,NY.GDP.MKTP.KD.ZG,1986,
SXM,NY.GDP.MKTP.KD.ZG,1985,
SXM,NY.GDP.MKTP.KD.ZG,1984,
SXM,NY.GDP.MKTP.KD.ZG,1983,
SXM,NY.GDP.MKTP.KD.ZG,1982,
SXM,NY.GDP.MKTP.KD.ZG,1981,
SXM,NY.GDP.MKTP.KD.ZG,1980,
SXM,NY.GDP.MKTP.KD.ZG,1979,
SXM,NY.GDP.MKTP.KD.ZG,1978,
SXM,NY.GDP.MKTP.KD.ZG,1977,
SXM,NY.GDP.MKTP.KD.ZG,1976,
SXM,NY.GDP.MKTP.KD.ZG,1975,
SXM,NY.GDP.MKTP.KD.ZG,1974,
SXM,NY.GDP.MKTP.KD.ZG,1973,
SXM,NY.GDP.MKTP.KD.ZG,1972,
SXM,NY.GDP.MKTP.KD.ZG,1971,
SXM,NY.GDP.MKTP.KD.ZG,1970,
SXM,NY.GDP.MKTP.KD.ZG,1969,
SXM,NY.GDP.MKTP.KD.ZG,1968,
SXM,NY.GDP.MKTP.KD.ZG,1967,
SXM,NY.GDP.MKTP.KD.ZG,1966,
SXM,NY.GDP.MKTP.KD.ZG,1965,
SXM,NY.GDP.MKTP.KD.ZG,1964,
SXM,NY.GDP.MKTP.KD.ZG,1963,
SXM,NY.GDP.MKTP.KD.ZG,1962,
SXM,NY.GDP.MKTP.KD.ZG,1961,
SXM,NY.GDP.MKTP.KD.ZG,1960,
SVK,NY.GDP.MKTP.KD.ZG,2025,
SVK,NY.GDP.MKTP.KD.ZG,2024,1.93867445549446
SVK,NY.GDP.MKTP.KD.ZG,2023,2.11263633214959
SVK,NY.GDP.MKTP.KD.ZG,2022,0.544591632137454
SVK,NY.GDP.MKTP.KD.ZG,2021,5.6558588065555
SVK,NY.GDP.MKTP.KD.ZG,2020,-2.58551241733207
SVK,NY.GDP.MKTP.KD.ZG,2019,2.27589910019393
SVK,NY.GDP.MKTP.KD.ZG,2018,4.06211981896483
SVK,NY.GDP.MKTP.KD.ZG,2017,2.87473327453695
SVK,NY.GDP.MKTP.KD.ZG,2016,1.94781841524558
SVK,NY.GDP.MKTP.KD.ZG,2015,5.17687909722133
SVK,NY.GDP.MKTP.KD.ZG,2014,2.70795151449488
SVK,NY.GDP.MKTP.KD.ZG,2013,0.703323545247201
SVK,NY.GDP.MKTP.KD.ZG,2012,1.56917104702706
SVK,NY.GDP.MKTP.KD.ZG,2011,2.56242473215553
SVK,NY.GDP.MKTP.KD.ZG,2010,6.79058159142423
SVK,NY.GDP.MKTP.KD.ZG,2009,-5.50533790972226
SVK,NY.GDP.MKTP.KD.ZG,2008,5.36337721231949
SVK,NY.GDP.MKTP.KD.ZG,2007,10.8186295074904
SVK,NY.GDP.MKTP.KD.ZG,2006,8.92568704770216
SVK,NY.GDP.MKTP.KD.ZG,2005,6.48493222274386
SVK,NY.GDP.MKTP.KD.ZG,2004,5.38949856996771
SVK,NY.GDP.MKTP.KD.ZG,2003,4.85669851591319
SVK,NY.GDP.MKTP.KD.ZG,2002,4.41725348271514
SVK,NY.GDP.MKTP.KD.ZG,2001,2.92516077248489
SVK,NY.GDP.MKTP.KD.ZG,2000,0.78922447792516
SVK,NY.GDP.MKTP.KD.ZG,1999,-0.473261209621114
SVK,NY.GDP.MKTP.KD.ZG,1998,3.82610773560614
SVK,NY.GDP.MKTP.KD.ZG,1997,5.48584018546269
SVK,NY.GDP.MKTP.KD.ZG,1996,6.11957878556568
SVK,NY.GDP.MKTP.KD.ZG,1995,5.8434942995335
SVK,NY.GDP.MKTP.KD.ZG,1994,6.20553051900119
SVK,NY.GDP.MKTP.KD.ZG,1993,1.90132875267943
SVK,NY.GDP.MKTP.KD.ZG,1992,-6.72148858941303
SVK,NY.GDP.MKTP.KD.ZG,1991,-14.5738026728363
SVK,NY.GDP.MKTP.KD.ZG,1990,
SVK,NY.GDP.MKTP.KD.ZG,1989,
SVK,NY.GDP.MKTP.KD.ZG,1988,
SVK,NY.GDP.MKTP.KD.ZG,1987,
SVK,NY.GDP.MKTP.KD.ZG,1986,
SVK,NY.GDP.MKTP.KD.ZG,1985,
SVK,NY.GDP.MKTP.KD.ZG,1984,
SVK,NY.GDP.MKTP.KD.ZG,1983,
SVK,NY.GDP.MKTP.KD.ZG,1982,
SVK,NY.GDP.MKTP.KD.ZG,1981,
SVK,NY.GDP.MKTP.KD.ZG,1980,
SVK,NY.GDP.MKTP.KD.ZG,1979,
SVK,NY.GDP.MKTP.KD.ZG,1978,
SVK,NY.GDP.MKTP.KD.ZG,1977,
SVK,NY.GDP.MKTP.KD.ZG,1976,
SVK,NY.GDP.MKTP.KD.ZG,1975,
SVK,NY.GDP.MKTP.KD.ZG,1974,
SVK,NY.GDP.MKTP.KD.ZG,1973,
SVK,NY.GDP.MKTP.KD.ZG,1972,
SVK,NY.GDP.MKTP.KD.ZG,1971,
SVK,NY.GDP.MKTP.KD.ZG,1970,
SVK,NY.GDP.MKTP.KD.ZG,1969,
SVK,NY.GDP.MKTP.KD.ZG,1968,
SVK,NY.GDP.MKTP.KD.ZG,1967,
SVK,NY.GDP.MKTP.KD.ZG,1966,
SVK,NY.GDP.MKTP.KD.ZG,1965,
SVK,NY.GDP.MKTP.KD.ZG,1964,
SVK,NY.GDP.MKTP.KD.ZG,1963,
SVK,NY.GDP.MKTP.KD.ZG,1962,
SVK,NY.GDP.MKTP.KD.ZG,1961,
SVK,NY.GDP.MKTP.KD.ZG,1960,
SVN,NY.GDP.MKTP.KD.ZG,2025,
SVN,NY.GDP.MKTP.KD.ZG,2024,1.73139722479493
SVN,NY.GDP.MKTP.KD.ZG,2023,2.3758326648385
SVN,NY.GDP.MKTP.KD.ZG,2022,2.66850555542486
SVN,NY.GDP.MKTP.KD.ZG,2021,8.41686457725321
SVN,NY.GDP.MKTP.KD.ZG,2020,-4.08500094942896
SVN,NY.GDP.MKTP.KD.ZG,2019,3.50525332381912
SVN,NY.GDP.MKTP.KD.ZG,2018,4.37908347331195
SVN,NY.GDP.MKTP.KD.ZG,2017,5.17440215579958
SVN,NY.GDP.MKTP.KD.ZG,2016,3.03441486663654
SVN,NY.GDP.MKTP.KD.ZG,2015,2.39330621338168
SVN,NY.GDP.MKTP.KD.ZG,2014,2.76283327639742
SVN,NY.GDP.MKTP.KD.ZG,2013,-0.823776417691676
SVN,NY.GDP.MKTP.KD.ZG,2012,-2.91553782040462
SVN,NY.GDP.MKTP.KD.ZG,2011,0.655438128379743
SVN,NY.GDP.MKTP.KD.ZG,2010,1.11213719306735
SVN,NY.GDP.MKTP.KD.ZG,2009,-7.59058614046387
SVN,NY.GDP.MKTP.KD.ZG,2008,3.37223866114127
SVN,NY.GDP.MKTP.KD.ZG,2007,7.1392312914716
SVN,NY.GDP.MKTP.KD.ZG,2006,5.90878130011174
SVN,NY.GDP.MKTP.KD.ZG,2005,3.8541277114569
SVN,NY.GDP.MKTP.KD.ZG,2004,4.54602214352336
SVN,NY.GDP.MKTP.KD.ZG,2003,3.19503117236037
SVN,NY.GDP.MKTP.KD.ZG,2002,3.28258371393918
SVN,NY.GDP.MKTP.KD.ZG,2001,2.82868479430465
SVN,NY.GDP.MKTP.KD.ZG,2000,3.49791942086068
SVN,NY.GDP.MKTP.KD.ZG,1999,5.26800700427259
SVN,NY.GDP.MKTP.KD.ZG,1998,3.06382595802013
SVN,NY.GDP.MKTP.KD.ZG,1997,5.17133827310541
SVN,NY.GDP.MKTP.KD.ZG,1996,2.91361775262531
SVN,NY.GDP.MKTP.KD.ZG,1995,4.10715835567808
SVN,NY.GDP.MKTP.KD.ZG,1994,5.32748574261758
SVN,NY.GDP.MKTP.KD.ZG,1993,2.84341931367295
SVN,NY.GDP.MKTP.KD.ZG,1992,-5.46369777775693
SVN,NY.GDP.MKTP.KD.ZG,1991,-8.90010793013202
SVN,NY.GDP.MKTP.KD.ZG,1990,
SVN,NY.GDP.MKTP.KD.ZG,1989,
SVN,NY.GDP.MKTP.KD.ZG,1988,
SVN,NY.GDP.MKTP.KD.ZG,1987,
SVN,NY.GDP.MKTP.KD.ZG,1986,
SVN,NY.GDP.MKTP.KD.ZG,1985,
SVN,NY.GDP.MKTP.KD.ZG,1984,
SVN,NY.GDP.MKTP.KD.ZG,1983,
SVN,NY.GDP.MKTP.KD.ZG,1982,
SVN,NY.GDP.MKTP.KD.ZG,1981,
SVN,NY.GDP.MKTP.KD.ZG,1980,
SVN,NY.GDP.MKTP.KD.ZG,1979,
SVN,NY.GDP.MKTP.KD.ZG,1978,
SVN,NY.GDP.MKTP.KD.ZG,1977,
SVN,NY.GDP.MKTP.KD.ZG,1976,
SVN,NY.GDP.MKTP.KD.ZG,1975,
SVN,NY.GDP.MKTP.KD.ZG,1974,
SVN,NY.GDP.MKTP.KD.ZG,1973,
SVN,NY.GDP.MKTP.KD.ZG,1972,
SVN,NY.GDP.MKTP.KD.ZG,1971,
SVN,NY.GDP.MKTP.KD.ZG,1970,
SVN,NY.GDP.MKTP.KD.ZG,1969,
SVN,NY.GDP.MKTP.KD.ZG,1968,
SVN,NY.GDP.MKTP.KD.ZG,1967,
SVN,NY.GDP.MKTP.KD.ZG,1966,
SVN,NY.GDP.MKTP.KD.ZG,1965,
SVN,NY.GDP.MKTP.KD.ZG,1964,
SVN,NY.GDP.MKTP.KD.ZG,1963,
SVN,NY.GDP.MKTP.KD.ZG,1962,
SVN,NY.GDP.MKTP.KD.ZG,1961,
SVN,NY.GDP.MKTP.KD.ZG,1960,
SLB,NY.GDP.MKTP.KD.ZG,2025,
SLB,NY.GDP.MKTP.KD.ZG,2024,2.99755987604104
SLB,NY.GDP.MKTP.KD.ZG,2023,2.84111851154807
SLB,NY.GDP.MKTP.KD.ZG,2022,-2.58448361755723
SLB,NY.GDP.MKTP.KD.ZG,2021,-0.227975292792024
SLB,NY.GDP.MKTP.KD.ZG,2020,-3.38125925839405
SLB,NY.GDP.MKTP.KD.ZG,2019,1.74925244485951
SLB,NY.GDP.MKTP.KD.ZG,2018,2.74585244829055
SLB,NY.GDP.MKTP.KD.ZG,2017,3.07546176144591
SLB,NY.GDP.MKTP.KD.ZG,2016,5.55494348257992
SLB,NY.GDP.MKTP.KD.ZG,2015,1.67578612030815
SLB,NY.GDP.MKTP.KD.ZG,2014,1.18945509547778
SLB,NY.GDP.MKTP.KD.ZG,2013,5.23744704670068
SLB,NY.GDP.MKTP.KD.ZG,2012,2.46591837712438
SLB,NY.GDP.MKTP.KD.ZG,2011,7.43023752099302
SLB,NY.GDP.MKTP.KD.ZG,2010,9.70817235491481
SLB,NY.GDP.MKTP.KD.ZG,2009,2.86486309630651
SLB,NY.GDP.MKTP.KD.ZG,2008,6.22590636247851
SLB,NY.GDP.MKTP.KD.ZG,2007,3.63973499569106
SLB,NY.GDP.MKTP.KD.ZG,2006,4.13726239664898
SLB,NY.GDP.MKTP.KD.ZG,2005,7.35907917681935
SLB,NY.GDP.MKTP.KD.ZG,2004,7.68364102152745
SLB,NY.GDP.MKTP.KD.ZG,2003,6.52346685055134
SLB,NY.GDP.MKTP.KD.ZG,2002,-2.79998288464981
SLB,NY.GDP.MKTP.KD.ZG,2001,-7.95660610016238
SLB,NY.GDP.MKTP.KD.ZG,2000,-14.2769995911797
SLB,NY.GDP.MKTP.KD.ZG,1999,-0.485730727999837
SLB,NY.GDP.MKTP.KD.ZG,1998,1.29151224937236
SLB,NY.GDP.MKTP.KD.ZG,1997,-0.914077188158032
SLB,NY.GDP.MKTP.KD.ZG,1996,1.60990763464251
SLB,NY.GDP.MKTP.KD.ZG,1995,10.0886153892407
SLB,NY.GDP.MKTP.KD.ZG,1994,8.10000122622149
SLB,NY.GDP.MKTP.KD.ZG,1993,3.9999995348559
SLB,NY.GDP.MKTP.KD.ZG,1992,12.6999982482398
SLB,NY.GDP.MKTP.KD.ZG,1991,6.00000155634048
SLB,NY.GDP.MKTP.KD.ZG,1990,2.19999999881691
SLB,NY.GDP.MKTP.KD.ZG,1989,4.26425671266092
SLB,NY.GDP.MKTP.KD.ZG,1988,1.25019632877232
SLB,NY.GDP.MKTP.KD.ZG,1987,8.42131018975358
SLB,NY.GDP.MKTP.KD.ZG,1986,-0.201430169017442
SLB,NY.GDP.MKTP.KD.ZG,1985,-3.13232290871788
SLB,NY.GDP.MKTP.KD.ZG,1984,0.170200301592132
SLB,NY.GDP.MKTP.KD.ZG,1983,3.89059164106416
SLB,NY.GDP.MKTP.KD.ZG,1982,-1.66956554612044
SLB,NY.GDP.MKTP.KD.ZG,1981,-1.79701939002045
SLB,NY.GDP.MKTP.KD.ZG,1980,
SLB,NY.GDP.MKTP.KD.ZG,1979,
SLB,NY.GDP.MKTP.KD.ZG,1978,
SLB,NY.GDP.MKTP.KD.ZG,1977,
SLB,NY.GDP.MKTP.KD.ZG,1976,
SLB,NY.GDP.MKTP.KD.ZG,1975,
SLB,NY.GDP.MKTP.KD.ZG,1974,
SLB,NY.GDP.MKTP.KD.ZG,1973,
SLB,NY.GDP.MKTP.KD.ZG,1972,
SLB,NY.GDP.MKTP.KD.ZG,1971,
SLB,NY.GDP.MKTP.KD.ZG,1970,
SLB,NY.GDP.MKTP.KD.ZG,1969,
SLB,NY.GDP.MKTP.KD.ZG,1968,
SLB,NY.GDP.MKTP.KD.ZG,1967,
SLB,NY.GDP.MKTP.KD.ZG,1966,
SLB,NY.GDP.MKTP.KD.ZG,1965,
SLB,NY.GDP.MKTP.KD.ZG,1964,
SLB,NY.GDP.MKTP.KD.ZG,1963,
SLB,NY.GDP.MKTP.KD.ZG,1962,
SLB,NY.GDP.MKTP.KD.ZG,1961,
SLB,NY.GDP.MKTP.KD.ZG,1960,
SOM,NY.GDP.MKTP.KD.ZG,2025,
SOM,NY.GDP.MKTP.KD.ZG,2024,4.11139335779471
SOM,NY.GDP.MKTP.KD.ZG,2023,4.17524257571303
SOM,NY.GDP.MKTP.KD.ZG,2022,2.71821202053759
SOM,NY.GDP.MKTP.KD.ZG,2021,3.44719850031242
SOM,NY.GDP.MKTP.KD.ZG,2020,-2.76455696202532
SOM,NY.GDP.MKTP.KD.ZG,2019,2.80033312513012
SOM,NY.GDP.MKTP.KD.ZG,2018,2.05431507259452
SOM,NY.GDP.MKTP.KD.ZG,2017,14.7357956045282
SOM,NY.GDP.MKTP.KD.ZG,2016,7.03487260042048
SOM,NY.GDP.MKTP.KD.ZG,2015,10.4621881235166
SOM,NY.GDP.MKTP.KD.ZG,2014,8.97800590573206
SOM,NY.GDP.MKTP.KD.ZG,2013,10.9592986164747
SOM,NY.GDP.MKTP.KD.ZG,2012,6.69435192553358
SOM,NY.GDP.MKTP.KD.ZG,2011,6.69435192565855
SOM,NY.GDP.MKTP.KD.ZG,2010,6.69435192555878
SOM,NY.GDP.MKTP.KD.ZG,2009,6.69435192557317
SOM,NY.GDP.MKTP.KD.ZG,2008,6.69435192576573
SOM,NY.GDP.MKTP.KD.ZG,2007,6.69435192557005
SOM,NY.GDP.MKTP.KD.ZG,2006,6.48637073266447
SOM,NY.GDP.MKTP.KD.ZG,2005,7.11031431132103
SOM,NY.GDP.MKTP.KD.ZG,2004,7.11031431127853
SOM,NY.GDP.MKTP.KD.ZG,2003,7.63026729340694
SOM,NY.GDP.MKTP.KD.ZG,2002,7.63026729326369
SOM,NY.GDP.MKTP.KD.ZG,2001,7.1103143114281
SOM,NY.GDP.MKTP.KD.ZG,2000,7.11031431133226
SOM,NY.GDP.MKTP.KD.ZG,1999,7.3182955039069
SOM,NY.GDP.MKTP.KD.ZG,1998,6.58649325359919
SOM,NY.GDP.MKTP.KD.ZG,1997,1.18049184636855
SOM,NY.GDP.MKTP.KD.ZG,1996,8.04601505007427
SOM,NY.GDP.MKTP.KD.ZG,1995,3.99059641876714
SOM,NY.GDP.MKTP.KD.ZG,1994,-17.8469894884473
SOM,NY.GDP.MKTP.KD.ZG,1993,3.99059641887422
SOM,NY.GDP.MKTP.KD.ZG,1992,-8.48832348124807
SOM,NY.GDP.MKTP.KD.ZG,1991,2.95057084434627
SOM,NY.GDP.MKTP.KD.ZG,1990,2.32693048576063
SOM,NY.GDP.MKTP.KD.ZG,1989,3.80766467033011
SOM,NY.GDP.MKTP.KD.ZG,1988,3.41524772059694
SOM,NY.GDP.MKTP.KD.ZG,1987,10.0877192982455
SOM,NY.GDP.MKTP.KD.ZG,1986,-2.14592274677898
SOM,NY.GDP.MKTP.KD.ZG,1985,9.52991452991402
SOM,NY.GDP.MKTP.KD.ZG,1984,3.2656663724599
SOM,NY.GDP.MKTP.KD.ZG,1983,-11.5764828303838
SOM,NY.GDP.MKTP.KD.ZG,1982,2.76700975805294
SOM,NY.GDP.MKTP.KD.ZG,1981,6.26420454545237
SOM,NY.GDP.MKTP.KD.ZG,1980,1.7929438982078
SOM,NY.GDP.MKTP.KD.ZG,1979,-4.98694875669908
SOM,NY.GDP.MKTP.KD.ZG,1978,5.79941860465809
SOM,NY.GDP.MKTP.KD.ZG,1977,13.6453290299402
SOM,NY.GDP.MKTP.KD.ZG,1976,-1.84794086589463
SOM,NY.GDP.MKTP.KD.ZG,1975,14.6951958013713
SOM,NY.GDP.MKTP.KD.ZG,1974,0.752491356521489
SOM,NY.GDP.MKTP.KD.ZG,1973,-12.1493657316414
SOM,NY.GDP.MKTP.KD.ZG,1972,14.8809523809569
SOM,NY.GDP.MKTP.KD.ZG,1971,2.13836477986746
SOM,NY.GDP.MKTP.KD.ZG,1970,4.58140792145136
SOM,NY.GDP.MKTP.KD.ZG,1969,-1.69956971733313
SOM,NY.GDP.MKTP.KD.ZG,1968,2.02997732483756
SOM,NY.GDP.MKTP.KD.ZG,1967,5.94094361661143
SOM,NY.GDP.MKTP.KD.ZG,1966,9.09865470772178
SOM,NY.GDP.MKTP.KD.ZG,1965,-5.94368149253897
SOM,NY.GDP.MKTP.KD.ZG,1964,-6.11062333034076
SOM,NY.GDP.MKTP.KD.ZG,1963,2.80880257009377
SOM,NY.GDP.MKTP.KD.ZG,1962,7.07665543416643
SOM,NY.GDP.MKTP.KD.ZG,1961,-3.2619812023401
SOM,NY.GDP.MKTP.KD.ZG,1960,
ZAF,NY.GDP.MKTP.KD.ZG,2025,
ZAF,NY.GDP.MKTP.KD.ZG,2024,0.534843531905139
ZAF,NY.GDP.MKTP.KD.ZG,2023,0.80610455095804
ZAF,NY.GDP.MKTP.KD.ZG,2022,2.05813661692193
ZAF,NY.GDP.MKTP.KD.ZG,2021,4.85864865060148
ZAF,NY.GDP.MKTP.KD.ZG,2020,-6.1689177146757
ZAF,NY.GDP.MKTP.KD.ZG,2019,0.25993557687633
ZAF,NY.GDP.MKTP.KD.ZG,2018,1.55678384721676
ZAF,NY.GDP.MKTP.KD.ZG,2017,1.15794695181735
ZAF,NY.GDP.MKTP.KD.ZG,2016,0.664552307858116
ZAF,NY.GDP.MKTP.KD.ZG,2015,1.32186223678229
ZAF,NY.GDP.MKTP.KD.ZG,2014,1.41382645223793
ZAF,NY.GDP.MKTP.KD.ZG,2013,2.48546800826588
ZAF,NY.GDP.MKTP.KD.ZG,2012,2.39623238465745
ZAF,NY.GDP.MKTP.KD.ZG,2011,3.16855627858818
ZAF,NY.GDP.MKTP.KD.ZG,2010,3.03973288127956
ZAF,NY.GDP.MKTP.KD.ZG,2009,-1.53808913525583
ZAF,NY.GDP.MKTP.KD.ZG,2008,3.1910438863288
ZAF,NY.GDP.MKTP.KD.ZG,2007,5.36047405394162
ZAF,NY.GDP.MKTP.KD.ZG,2006,5.60380645895889
ZAF,NY.GDP.MKTP.KD.ZG,2005,5.27705197295467
ZAF,NY.GDP.MKTP.KD.ZG,2004,4.55455990721774
ZAF,NY.GDP.MKTP.KD.ZG,2003,2.94907546754213
ZAF,NY.GDP.MKTP.KD.ZG,2002,3.70037440406668
ZAF,NY.GDP.MKTP.KD.ZG,2001,2.70000000019104
ZAF,NY.GDP.MKTP.KD.ZG,2000,4.20000000067826
ZAF,NY.GDP.MKTP.KD.ZG,1999,2.39999999746338
ZAF,NY.GDP.MKTP.KD.ZG,1998,0.50000000034143
ZAF,NY.GDP.MKTP.KD.ZG,1997,2.60000000146347
ZAF,NY.GDP.MKTP.KD.ZG,1996,4.29999999726792
ZAF,NY.GDP.MKTP.KD.ZG,1995,3.10000000054411
ZAF,NY.GDP.MKTP.KD.ZG,1994,3.20000000297172
ZAF,NY.GDP.MKTP.KD.ZG,1993,1.23355793864741
ZAF,NY.GDP.MKTP.KD.ZG,1992,-2.13703284500521
ZAF,NY.GDP.MKTP.KD.ZG,1991,-1.0182449675445
ZAF,NY.GDP.MKTP.KD.ZG,1990,-0.317760426540374
ZAF,NY.GDP.MKTP.KD.ZG,1989,2.39479511538406
ZAF,NY.GDP.MKTP.KD.ZG,1988,4.20010964838187
ZAF,NY.GDP.MKTP.KD.ZG,1987,2.10072902053675
ZAF,NY.GDP.MKTP.KD.ZG,1986,0.0178492401652193
ZAF,NY.GDP.MKTP.KD.ZG,1985,-1.21154088240387
ZAF,NY.GDP.MKTP.KD.ZG,1984,5.09915163001477
ZAF,NY.GDP.MKTP.KD.ZG,1983,-1.84655774595063
ZAF,NY.GDP.MKTP.KD.ZG,1982,-0.383419108375435
ZAF,NY.GDP.MKTP.KD.ZG,1981,5.36079105964045
ZAF,NY.GDP.MKTP.KD.ZG,1980,6.62058342724157
ZAF,NY.GDP.MKTP.KD.ZG,1979,3.79051926405782
ZAF,NY.GDP.MKTP.KD.ZG,1978,3.01447977912923
ZAF,NY.GDP.MKTP.KD.ZG,1977,-0.0939791161255812
ZAF,NY.GDP.MKTP.KD.ZG,1976,2.24986032919334
ZAF,NY.GDP.MKTP.KD.ZG,1975,1.69543377931099
ZAF,NY.GDP.MKTP.KD.ZG,1974,6.11112210372188
ZAF,NY.GDP.MKTP.KD.ZG,1973,4.57194474637271
ZAF,NY.GDP.MKTP.KD.ZG,1972,1.65482970884699
ZAF,NY.GDP.MKTP.KD.ZG,1971,4.27893440296982
ZAF,NY.GDP.MKTP.KD.ZG,1970,5.24866143118292
ZAF,NY.GDP.MKTP.KD.ZG,1969,4.71590286722241
ZAF,NY.GDP.MKTP.KD.ZG,1968,4.15337298293346
ZAF,NY.GDP.MKTP.KD.ZG,1967,7.19652306514106
ZAF,NY.GDP.MKTP.KD.ZG,1966,4.43838608946889
ZAF,NY.GDP.MKTP.KD.ZG,1965,6.12279809601442
ZAF,NY.GDP.MKTP.KD.ZG,1964,7.93960864480677
ZAF,NY.GDP.MKTP.KD.ZG,1963,7.37370924877223
ZAF,NY.GDP.MKTP.KD.ZG,1962,6.17793085042746
ZAF,NY.GDP.MKTP.KD.ZG,1961,3.84473414174089
ZAF,NY.GDP.MKTP.KD.ZG,1960,
SSD,NY.GDP.MKTP.KD.ZG,2025,
SSD,NY.GDP.MKTP.KD.ZG,2024,
SSD,NY.GDP.MKTP.KD.ZG,2023,
SSD,NY.GDP.MKTP.KD.ZG,2022,
SSD,NY.GDP.MKTP.KD.ZG,2021,
SSD,NY.GDP.MKTP.KD.ZG,2020,
SSD,NY.GDP.MKTP.KD.ZG,2019,
SSD,NY.GDP.MKTP.KD.ZG,2018,
SSD,NY.GDP.MKTP.KD.ZG,2017,
SSD,NY.GDP.MKTP.KD.ZG,2016,
SSD,NY.GDP.MKTP.KD.ZG,2015,-10.7933646271143
SSD,NY.GDP.MKTP.KD.ZG,2014,3.37364847715736
SSD,NY.GDP.MKTP.KD.ZG,2013,13.1297311406943
SSD,NY.GDP.MKTP.KD.ZG,2012,-46.0821223743007
SSD,NY.GDP.MKTP.KD.ZG,2011,-4.64031673600859
SSD,NY.GDP.MKTP.KD.ZG,2010,5.49341639529945
SSD,NY.GDP.MKTP.KD.ZG,2009,5.04164187983342
SSD,NY.GDP.MKTP.KD.ZG,2008,
SSD,NY.GDP.MKTP.KD.ZG,2007,
SSD,NY.GDP.MKTP.KD.ZG,2006,
SSD,NY.GDP.MKTP.KD.ZG,2005,
SSD,NY.GDP.MKTP.KD.ZG,2004,
SSD,NY.GDP.MKTP.KD.ZG,2003,
SSD,NY.GDP.MKTP.KD.ZG,2002,
SSD,NY.GDP.MKTP.KD.ZG,2001,
SSD,NY.GDP.MKTP.KD.ZG,2000,
SSD,NY.GDP.MKTP.KD.ZG,1999,
SSD,NY.GDP.MKTP.KD.ZG,1998,
SSD,NY.GDP.MKTP.KD.ZG,1997,
SSD,NY.GDP.MKTP.KD.ZG,1996,
SSD,NY.GDP.MKTP.KD.ZG,1995,
SSD,NY.GDP.MKTP.KD.ZG,1994,
SSD,NY.GDP.MKTP.KD.ZG,1993,
SSD,NY.GDP.MKTP.KD.ZG,1992,
SSD,NY.GDP.MKTP.KD.ZG,1991,
SSD,NY.GDP.MKTP.KD.ZG,1990,
SSD,NY.GDP.MKTP.KD.ZG,1989,
SSD,NY.GDP.MKTP.KD.ZG,1988,
SSD,NY.GDP.MKTP.KD.ZG,1987,
SSD,NY.GDP.MKTP.KD.ZG,1986,
SSD,NY.GDP.MKTP.KD.ZG,1985,
SSD,NY.GDP.MKTP.KD.ZG,1984,
SSD,NY.GDP.MKTP.KD.ZG,1983,
SSD,NY.GDP.MKTP.KD.ZG,1982,
SSD,NY.GDP.MKTP.KD.ZG,1981,
SSD,NY.GDP.MKTP.KD.ZG,1980,
SSD,NY.GDP.MKTP.KD.ZG,1979,
SSD,NY.GDP.MKTP.KD.ZG,1978,
SSD,NY.GDP.MKTP.KD.ZG,1977,
SSD,NY.GDP.MKTP.KD.ZG,1976,
SSD,NY.GDP.MKTP.KD.ZG,1975,
SSD,NY.GDP.MKTP.KD.ZG,1974,
SSD,NY.GDP.MKTP.KD.ZG,1973,
SSD,NY.GDP.MKTP.KD.ZG,1972,
SSD,NY.GDP.MKTP.KD.ZG,1971,
SSD,NY.GDP.MKTP.KD.ZG,1970,
SSD,NY.GDP.MKTP.KD.ZG,1969,
SSD,NY.GDP.MKTP.KD.ZG,1968,
SSD,NY.GDP.MKTP.KD.ZG,1967,
SSD,NY.GDP.MKTP.KD.ZG,1966,
SSD,NY.GDP.MKTP.KD.ZG,1965,
SSD,NY.GDP.MKTP.KD.ZG,1964,
SSD,NY.GDP.MKTP.KD.ZG,1963,
SSD,NY.GDP.MKTP.KD.ZG,1962,
SSD,NY.GDP.MKTP.KD.ZG,1961,
SSD,NY.GDP.MKTP.KD.ZG,1960,
ESP,NY.GDP.MKTP.KD.ZG,2025,
ESP,NY.GDP.MKTP.KD.ZG,2024,3.45525405630191
ESP,NY.GDP.MKTP.KD.ZG,2023,2.46085796805582
ESP,NY.GDP.MKTP.KD.ZG,2022,6.37031712129601
ESP,NY.GDP.MKTP.KD.ZG,2021,6.68314420473001
ESP,NY.GDP.MKTP.KD.ZG,2020,-10.9400706350371
ESP,NY.GDP.MKTP.KD.ZG,2019,1.96117850841711
ESP,NY.GDP.MKTP.KD.ZG,2018,2.39541124478878
ESP,NY.GDP.MKTP.KD.ZG,2017,2.89604207865007
ESP,NY.GDP.MKTP.KD.ZG,2016,2.91515598595787
ESP,NY.GDP.MKTP.KD.ZG,2015,4.06086672473866
ESP,NY.GDP.MKTP.KD.ZG,2014,1.52048593647231
ESP,NY.GDP.MKTP.KD.ZG,2013,-1.42732224757626
ESP,NY.GDP.MKTP.KD.ZG,2012,-2.86511368637748
ESP,NY.GDP.MKTP.KD.ZG,2011,-0.639920636520344
ESP,NY.GDP.MKTP.KD.ZG,2010,0.0941223116369514
ESP,NY.GDP.MKTP.KD.ZG,2009,-3.76813306940053
ESP,NY.GDP.MKTP.KD.ZG,2008,0.767165748290694
ESP,NY.GDP.MKTP.KD.ZG,2007,3.53350013165972
ESP,NY.GDP.MKTP.KD.ZG,2006,4.04343515605099
ESP,NY.GDP.MKTP.KD.ZG,2005,3.5512255846125
ESP,NY.GDP.MKTP.KD.ZG,2004,3.1145314799161
ESP,NY.GDP.MKTP.KD.ZG,2003,2.9392895953076
ESP,NY.GDP.MKTP.KD.ZG,2002,2.75545611564098
ESP,NY.GDP.MKTP.KD.ZG,2001,3.91908880808811
ESP,NY.GDP.MKTP.KD.ZG,2000,5.20064125553942
ESP,NY.GDP.MKTP.KD.ZG,1999,4.40886545305924
ESP,NY.GDP.MKTP.KD.ZG,1998,4.30197745333581
ESP,NY.GDP.MKTP.KD.ZG,1997,3.58729972356299
ESP,NY.GDP.MKTP.KD.ZG,1996,2.60741117110229
ESP,NY.GDP.MKTP.KD.ZG,1995,2.75749400293542
ESP,NY.GDP.MKTP.KD.ZG,1994,2.38319537908909
ESP,NY.GDP.MKTP.KD.ZG,1993,-1.03149183695307
ESP,NY.GDP.MKTP.KD.ZG,1992,0.929215482921151
ESP,NY.GDP.MKTP.KD.ZG,1991,2.54600049647455
ESP,NY.GDP.MKTP.KD.ZG,1990,3.7813935513235
ESP,NY.GDP.MKTP.KD.ZG,1989,4.82703031299745
ESP,NY.GDP.MKTP.KD.ZG,1988,5.09432412898086
ESP,NY.GDP.MKTP.KD.ZG,1987,5.54712273579352
ESP,NY.GDP.MKTP.KD.ZG,1986,3.25332169179885
ESP,NY.GDP.MKTP.KD.ZG,1985,2.3214357659951
ESP,NY.GDP.MKTP.KD.ZG,1984,1.78468751370853
ESP,NY.GDP.MKTP.KD.ZG,1983,1.77011581051299
ESP,NY.GDP.MKTP.KD.ZG,1982,1.2464617922282
ESP,NY.GDP.MKTP.KD.ZG,1981,-0.13246859717357
ESP,NY.GDP.MKTP.KD.ZG,1980,2.20872810257116
ESP,NY.GDP.MKTP.KD.ZG,1979,0.0415465166768456
ESP,NY.GDP.MKTP.KD.ZG,1978,1.46300333315605
ESP,NY.GDP.MKTP.KD.ZG,1977,2.83857436106388
ESP,NY.GDP.MKTP.KD.ZG,1976,3.30379140860018
ESP,NY.GDP.MKTP.KD.ZG,1975,0.542203343297047
ESP,NY.GDP.MKTP.KD.ZG,1974,5.61878564719633
ESP,NY.GDP.MKTP.KD.ZG,1973,7.7884653422601
ESP,NY.GDP.MKTP.KD.ZG,1972,8.14974586367205
ESP,NY.GDP.MKTP.KD.ZG,1971,4.64947364578497
ESP,NY.GDP.MKTP.KD.ZG,1970,4.24497076715365
ESP,NY.GDP.MKTP.KD.ZG,1969,8.90701555527092
ESP,NY.GDP.MKTP.KD.ZG,1968,6.5970201375833
ESP,NY.GDP.MKTP.KD.ZG,1967,4.34033841707546
ESP,NY.GDP.MKTP.KD.ZG,1966,7.24606030950727
ESP,NY.GDP.MKTP.KD.ZG,1965,6.25313489898529
ESP,NY.GDP.MKTP.KD.ZG,1964,5.30851024557084
ESP,NY.GDP.MKTP.KD.ZG,1963,9.59649887419791
ESP,NY.GDP.MKTP.KD.ZG,1962,9.9534381030183
ESP,NY.GDP.MKTP.KD.ZG,1961,11.8386741948328
ESP,NY.GDP.MKTP.KD.ZG,1960,
LKA,NY.GDP.MKTP.KD.ZG,2025,
LKA,NY.GDP.MKTP.KD.ZG,2024,5.00871930957159
LKA,NY.GDP.MKTP.KD.ZG,2023,-2.3298481898334
LKA,NY.GDP.MKTP.KD.ZG,2022,-7.34919301306745
LKA,NY.GDP.MKTP.KD.ZG,2021,4.2074764951157
LKA,NY.GDP.MKTP.KD.ZG,2020,-4.62451503749502
LKA,NY.GDP.MKTP.KD.ZG,2019,-0.220483886831275
LKA,NY.GDP.MKTP.KD.ZG,2018,2.31008425545845
LKA,NY.GDP.MKTP.KD.ZG,2017,6.46068127065753
LKA,NY.GDP.MKTP.KD.ZG,2016,5.05362488994436
LKA,NY.GDP.MKTP.KD.ZG,2015,4.20595547449241
LKA,NY.GDP.MKTP.KD.ZG,2014,6.3779788972687
LKA,NY.GDP.MKTP.KD.ZG,2013,4.05174633027869
LKA,NY.GDP.MKTP.KD.ZG,2012,8.63218137662685
LKA,NY.GDP.MKTP.KD.ZG,2011,8.6694830119314
LKA,NY.GDP.MKTP.KD.ZG,2010,8.01596737055139
LKA,NY.GDP.MKTP.KD.ZG,2009,3.53891205317842
LKA,NY.GDP.MKTP.KD.ZG,2008,5.95008814473897
LKA,NY.GDP.MKTP.KD.ZG,2007,6.79682611892866
LKA,NY.GDP.MKTP.KD.ZG,2006,7.66829190107919
LKA,NY.GDP.MKTP.KD.ZG,2005,6.24174804376447
LKA,NY.GDP.MKTP.KD.ZG,2004,5.44506127885352
LKA,NY.GDP.MKTP.KD.ZG,2003,5.9402690780223
LKA,NY.GDP.MKTP.KD.ZG,2002,3.96467568513113
LKA,NY.GDP.MKTP.KD.ZG,2001,-1.54540813366026
LKA,NY.GDP.MKTP.KD.ZG,2000,6.00003315828934
LKA,NY.GDP.MKTP.KD.ZG,1999,4.30054049813373
LKA,NY.GDP.MKTP.KD.ZG,1998,4.69842304772052
LKA,NY.GDP.MKTP.KD.ZG,1997,6.40539969571286
LKA,NY.GDP.MKTP.KD.ZG,1996,3.79996720568178
LKA,NY.GDP.MKTP.KD.ZG,1995,5.5000852341585
LKA,NY.GDP.MKTP.KD.ZG,1994,5.59991872510166
LKA,NY.GDP.MKTP.KD.ZG,1993,6.90006325149474
LKA,NY.GDP.MKTP.KD.ZG,1992,4.39999125181939
LKA,NY.GDP.MKTP.KD.ZG,1991,4.59998724404535
LKA,NY.GDP.MKTP.KD.ZG,1990,6.39999531084838
LKA,NY.GDP.MKTP.KD.ZG,1989,2.29930141198645
LKA,NY.GDP.MKTP.KD.ZG,1988,2.472685037698
LKA,NY.GDP.MKTP.KD.ZG,1987,1.72561069291237
LKA,NY.GDP.MKTP.KD.ZG,1986,4.35554691657009
LKA,NY.GDP.MKTP.KD.ZG,1985,4.99940636872589
LKA,NY.GDP.MKTP.KD.ZG,1984,5.09914655789932
LKA,NY.GDP.MKTP.KD.ZG,1983,4.81399096956454
LKA,NY.GDP.MKTP.KD.ZG,1982,4.14149570229377
LKA,NY.GDP.MKTP.KD.ZG,1981,5.69952476661454
LKA,NY.GDP.MKTP.KD.ZG,1980,5.84602651617143
LKA,NY.GDP.MKTP.KD.ZG,1979,6.40355692592513
LKA,NY.GDP.MKTP.KD.ZG,1978,5.65383685776763
LKA,NY.GDP.MKTP.KD.ZG,1977,5.10059026388485
LKA,NY.GDP.MKTP.KD.ZG,1976,3.33510669179992
LKA,NY.GDP.MKTP.KD.ZG,1975,6.12623316072201
LKA,NY.GDP.MKTP.KD.ZG,1974,3.84583083633434
LKA,NY.GDP.MKTP.KD.ZG,1973,7.05739893467769
LKA,NY.GDP.MKTP.KD.ZG,1972,-0.410479911058076
LKA,NY.GDP.MKTP.KD.ZG,1971,1.30690539651886
LKA,NY.GDP.MKTP.KD.ZG,1970,3.84662985663837
LKA,NY.GDP.MKTP.KD.ZG,1969,7.71681966188686
LKA,NY.GDP.MKTP.KD.ZG,1968,5.80109416633509
LKA,NY.GDP.MKTP.KD.ZG,1967,6.43902442038787
LKA,NY.GDP.MKTP.KD.ZG,1966,5.0237894383188
LKA,NY.GDP.MKTP.KD.ZG,1965,2.5369535357154
LKA,NY.GDP.MKTP.KD.ZG,1964,3.90643383678592
LKA,NY.GDP.MKTP.KD.ZG,1963,2.51674859433071
LKA,NY.GDP.MKTP.KD.ZG,1962,3.81801955808436
LKA,NY.GDP.MKTP.KD.ZG,1961,
LKA,NY.GDP.MKTP.KD.ZG,1960,
KNA,NY.GDP.MKTP.KD.ZG,2025,
KNA,NY.GDP.MKTP.KD.ZG,2024,0.312226855858171
KNA,NY.GDP.MKTP.KD.ZG,2023,3.02127526129283
KNA,NY.GDP.MKTP.KD.ZG,2022,10.4804941546807
KNA,NY.GDP.MKTP.KD.ZG,2021,0.367606879216311
KNA,NY.GDP.MKTP.KD.ZG,2020,-15.3018891740649
KNA,NY.GDP.MKTP.KD.ZG,2019,2.93824658056356
KNA,NY.GDP.MKTP.KD.ZG,2018,2.00352549800972
KNA,NY.GDP.MKTP.KD.ZG,2017,0.220941147299996
KNA,NY.GDP.MKTP.KD.ZG,2016,3.93270319273282
KNA,NY.GDP.MKTP.KD.ZG,2015,0.694135527876625
KNA,NY.GDP.MKTP.KD.ZG,2014,7.57696602328922
KNA,NY.GDP.MKTP.KD.ZG,2013,5.72728087234704
KNA,NY.GDP.MKTP.KD.ZG,2012,-0.737636737448398
KNA,NY.GDP.MKTP.KD.ZG,2011,1.61660730423688
KNA,NY.GDP.MKTP.KD.ZG,2010,-0.0541942065330545
KNA,NY.GDP.MKTP.KD.ZG,2009,-3.40474015376245
KNA,NY.GDP.MKTP.KD.ZG,2008,11.3170358267109
KNA,NY.GDP.MKTP.KD.ZG,2007,0.600602326543751
KNA,NY.GDP.MKTP.KD.ZG,2006,3.15038119968223
KNA,NY.GDP.MKTP.KD.ZG,2005,9.73282070298016
KNA,NY.GDP.MKTP.KD.ZG,2004,3.99634666125431
KNA,NY.GDP.MKTP.KD.ZG,2003,-3.93339486032939
KNA,NY.GDP.MKTP.KD.ZG,2002,1.36771507253633
KNA,NY.GDP.MKTP.KD.ZG,2001,5.25344983010886
KNA,NY.GDP.MKTP.KD.ZG,2000,10.042808415173
KNA,NY.GDP.MKTP.KD.ZG,1999,3.21988642181456
KNA,NY.GDP.MKTP.KD.ZG,1998,-0.486745779185156
KNA,NY.GDP.MKTP.KD.ZG,1997,6.82396677607342
KNA,NY.GDP.MKTP.KD.ZG,1996,5.84283802585985
KNA,NY.GDP.MKTP.KD.ZG,1995,5.38314265701612
KNA,NY.GDP.MKTP.KD.ZG,1994,5.30171905117815
KNA,NY.GDP.MKTP.KD.ZG,1993,6.80194941601546
KNA,NY.GDP.MKTP.KD.ZG,1992,4.26897382542985
KNA,NY.GDP.MKTP.KD.ZG,1991,-1.86468912891613
KNA,NY.GDP.MKTP.KD.ZG,1990,4.87725151603959
KNA,NY.GDP.MKTP.KD.ZG,1989,5.47979407673375
KNA,NY.GDP.MKTP.KD.ZG,1988,9.22537497565092
KNA,NY.GDP.MKTP.KD.ZG,1987,6.55034522837651
KNA,NY.GDP.MKTP.KD.ZG,1986,10.8569938490329
KNA,NY.GDP.MKTP.KD.ZG,1985,8.55006826734157
KNA,NY.GDP.MKTP.KD.ZG,1984,8.86580745735674
KNA,NY.GDP.MKTP.KD.ZG,1983,1.18672046955245
KNA,NY.GDP.MKTP.KD.ZG,1982,0.547738044741152
KNA,NY.GDP.MKTP.KD.ZG,1981,1.54690338408525
KNA,NY.GDP.MKTP.KD.ZG,1980,8.44012103734693
KNA,NY.GDP.MKTP.KD.ZG,1979,7.5976750284066
KNA,NY.GDP.MKTP.KD.ZG,1978,3.90990418237138
KNA,NY.GDP.MKTP.KD.ZG,1977,
KNA,NY.GDP.MKTP.KD.ZG,1976,
KNA,NY.GDP.MKTP.KD.ZG,1975,
KNA,NY.GDP.MKTP.KD.ZG,1974,
KNA,NY.GDP.MKTP.KD.ZG,1973,
KNA,NY.GDP.MKTP.KD.ZG,1972,
KNA,NY.GDP.MKTP.KD.ZG,1971,
KNA,NY.GDP.MKTP.KD.ZG,1970,
KNA,NY.GDP.MKTP.KD.ZG,1969,
KNA,NY.GDP.MKTP.KD.ZG,1968,
KNA,NY.GDP.MKTP.KD.ZG,1967,
KNA,NY.GDP.MKTP.KD.ZG,1966,
KNA,NY.GDP.MKTP.KD.ZG,1965,
KNA,NY.GDP.MKTP.KD.ZG,1964,
KNA,NY.GDP.MKTP.KD.ZG,1963,
KNA,NY.GDP.MKTP.KD.ZG,1962,
KNA,NY.GDP.MKTP.KD.ZG,1961,
KNA,NY.GDP.MKTP.KD.ZG,1960,
LCA,NY.GDP.MKTP.KD.ZG,2025,
LCA,NY.GDP.MKTP.KD.ZG,2024,3.89175024218898
LCA,NY.GDP.MKTP.KD.ZG,2023,2.20988276526516
LCA,NY.GDP.MKTP.KD.ZG,2022,20.3884431828414
LCA,NY.GDP.MKTP.KD.ZG,2021,11.598783583643
LCA,NY.GDP.MKTP.KD.ZG,2020,-24.3614732129122
LCA,NY.GDP.MKTP.KD.ZG,2019,-0.700322396299441
LCA,NY.GDP.MKTP.KD.ZG,2018,2.88677902171601
LCA,NY.GDP.MKTP.KD.ZG,2017,3.37982617272246
LCA,NY.GDP.MKTP.KD.ZG,2016,3.42787214525211
LCA,NY.GDP.MKTP.KD.ZG,2015,0.101917836412952
LCA,NY.GDP.MKTP.KD.ZG,2014,1.32809022110105
LCA,NY.GDP.MKTP.KD.ZG,2013,-1.81877603735991
LCA,NY.GDP.MKTP.KD.ZG,2012,-0.108756148262358
LCA,NY.GDP.MKTP.KD.ZG,2011,4.32694280532142
LCA,NY.GDP.MKTP.KD.ZG,2010,0.330018546071486
LCA,NY.GDP.MKTP.KD.ZG,2009,-2.82889954830628
LCA,NY.GDP.MKTP.KD.ZG,2008,4.94932194028057
LCA,NY.GDP.MKTP.KD.ZG,2007,1.69161857433913
LCA,NY.GDP.MKTP.KD.ZG,2006,6.19525729141048
LCA,NY.GDP.MKTP.KD.ZG,2005,-0.410304726290235
LCA,NY.GDP.MKTP.KD.ZG,2004,7.2674088699471
LCA,NY.GDP.MKTP.KD.ZG,2003,4.26461148738223
LCA,NY.GDP.MKTP.KD.ZG,2002,0.416450493043214
LCA,NY.GDP.MKTP.KD.ZG,2001,-3.40806396189404
LCA,NY.GDP.MKTP.KD.ZG,2000,0.0487485535201131
LCA,NY.GDP.MKTP.KD.ZG,1999,2.67060351127419
LCA,NY.GDP.MKTP.KD.ZG,1998,6.28647121511862
LCA,NY.GDP.MKTP.KD.ZG,1997,-0.694130142059308
LCA,NY.GDP.MKTP.KD.ZG,1996,2.92258795742219
LCA,NY.GDP.MKTP.KD.ZG,1995,1.74822586503767
LCA,NY.GDP.MKTP.KD.ZG,1994,1.59856016206341
LCA,NY.GDP.MKTP.KD.ZG,1993,0.583199758222051
LCA,NY.GDP.MKTP.KD.ZG,1992,7.9530753604442
LCA,NY.GDP.MKTP.KD.ZG,1991,0.375678035079076
LCA,NY.GDP.MKTP.KD.ZG,1990,9.89070151995526
LCA,NY.GDP.MKTP.KD.ZG,1989,8.98100421493095
LCA,NY.GDP.MKTP.KD.ZG,1988,13.8996638309097
LCA,NY.GDP.MKTP.KD.ZG,1987,3.92373138061495
LCA,NY.GDP.MKTP.KD.ZG,1986,14.4020192775924
LCA,NY.GDP.MKTP.KD.ZG,1985,8.28776508696711
LCA,NY.GDP.MKTP.KD.ZG,1984,7.26557365165689
LCA,NY.GDP.MKTP.KD.ZG,1983,4.96538398505454
LCA,NY.GDP.MKTP.KD.ZG,1982,2.08634210684508
LCA,NY.GDP.MKTP.KD.ZG,1981,6.31025315590261
LCA,NY.GDP.MKTP.KD.ZG,1980,-2.22052811020254
LCA,NY.GDP.MKTP.KD.ZG,1979,3.79273440292036
LCA,NY.GDP.MKTP.KD.ZG,1978,10.3119407617241
LCA,NY.GDP.MKTP.KD.ZG,1977,
LCA,NY.GDP.MKTP.KD.ZG,1976,
LCA,NY.GDP.MKTP.KD.ZG,1975,
LCA,NY.GDP.MKTP.KD.ZG,1974,
LCA,NY.GDP.MKTP.KD.ZG,1973,
LCA,NY.GDP.MKTP.KD.ZG,1972,
LCA,NY.GDP.MKTP.KD.ZG,1971,
LCA,NY.GDP.MKTP.KD.ZG,1970,
LCA,NY.GDP.MKTP.KD.ZG,1969,
LCA,NY.GDP.MKTP.KD.ZG,1968,
LCA,NY.GDP.MKTP.KD.ZG,1967,
LCA,NY.GDP.MKTP.KD.ZG,1966,
LCA,NY.GDP.MKTP.KD.ZG,1965,
LCA,NY.GDP.MKTP.KD.ZG,1964,
LCA,NY.GDP.MKTP.KD.ZG,1963,
LCA,NY.GDP.MKTP.KD.ZG,1962,
LCA,NY.GDP.MKTP.KD.ZG,1961,
LCA,NY.GDP.MKTP.KD.ZG,1960,
MAF,NY.GDP.MKTP.KD.ZG,2025,
MAF,NY.GDP.MKTP.KD.ZG,2024,
MAF,NY.GDP.MKTP.KD.ZG,2023,
MAF,NY.GDP.MKTP.KD.ZG,2022,
MAF,NY.GDP.MKTP.KD.ZG,2021,4.89999967133534
MAF,NY.GDP.MKTP.KD.ZG,2020,-12.500002246731
MAF,NY.GDP.MKTP.KD.ZG,2019,6.50000363700821
MAF,NY.GDP.MKTP.KD.ZG,2018,-7.99999506898229
MAF,NY.GDP.MKTP.KD.ZG,2017,-8.00000324038295
MAF,NY.GDP.MKTP.KD.ZG,2016,5.0
MAF,NY.GDP.MKTP.KD.ZG,2015,1.0
MAF,NY.GDP.MKTP.KD.ZG,2014,
MAF,NY.GDP.MKTP.KD.ZG,2013,
MAF,NY.GDP.MKTP.KD.ZG,2012,
MAF,NY.GDP.MKTP.KD.ZG,2011,
MAF,NY.GDP.MKTP.KD.ZG,2010,
MAF,NY.GDP.MKTP.KD.ZG,2009,
MAF,NY.GDP.MKTP.KD.ZG,2008,
MAF,NY.GDP.MKTP.KD.ZG,2007,
MAF,NY.GDP.MKTP.KD.ZG,2006,
MAF,NY.GDP.MKTP.KD.ZG,2005,
MAF,NY.GDP.MKTP.KD.ZG,2004,
MAF,NY.GDP.MKTP.KD.ZG,2003,
MAF,NY.GDP.MKTP.KD.ZG,2002,
MAF,NY.GDP.MKTP.KD.ZG,2001,
MAF,NY.GDP.MKTP.KD.ZG,2000,
MAF,NY.GDP.MKTP.KD.ZG,1999,
MAF,NY.GDP.MKTP.KD.ZG,1998,
MAF,NY.GDP.MKTP.KD.ZG,1997,
MAF,NY.GDP.MKTP.KD.ZG,1996,
MAF,NY.GDP.MKTP.KD.ZG,1995,
MAF,NY.GDP.MKTP.KD.ZG,1994,
MAF,NY.GDP.MKTP.KD.ZG,1993,
MAF,NY.GDP.MKTP.KD.ZG,1992,
MAF,NY.GDP.MKTP.KD.ZG,1991,
MAF,NY.GDP.MKTP.KD.ZG,1990,
MAF,NY.GDP.MKTP.KD.ZG,1989,
MAF,NY.GDP.MKTP.KD.ZG,1988,
MAF,NY.GDP.MKTP.KD.ZG,1987,
MAF,NY.GDP.MKTP.KD.ZG,1986,
MAF,NY.GDP.MKTP.KD.ZG,1985,
MAF,NY.GDP.MKTP.KD.ZG,1984,
MAF,NY.GDP.MKTP.KD.ZG,1983,
MAF,NY.GDP.MKTP.KD.ZG,1982,
MAF,NY.GDP.MKTP.KD.ZG,1981,
MAF,NY.GDP.MKTP.KD.ZG,1980,
MAF,NY.GDP.MKTP.KD.ZG,1979,
MAF,NY.GDP.MKTP.KD.ZG,1978,
MAF,NY.GDP.MKTP.KD.ZG,1977,
MAF,NY.GDP.MKTP.KD.ZG,1976,
MAF,NY.GDP.MKTP.KD.ZG,1975,
MAF,NY.GDP.MKTP.KD.ZG,1974,
MAF,NY.GDP.MKTP.KD.ZG,1973,
MAF,NY.GDP.MKTP.KD.ZG,1972,
MAF,NY.GDP.MKTP.KD.ZG,1971,
MAF,NY.GDP.MKTP.KD.ZG,1970,
MAF,NY.GDP.MKTP.KD.ZG,1969,
MAF,NY.GDP.MKTP.KD.ZG,1968,
MAF,NY.GDP.MKTP.KD.ZG,1967,
MAF,NY.GDP.MKTP.KD.ZG,1966,
MAF,NY.GDP.MKTP.KD.ZG,1965,
MAF,NY.GDP.MKTP.KD.ZG,1964,
MAF,NY.GDP.MKTP.KD.ZG,1963,
MAF,NY.GDP.MKTP.KD.ZG,1962,
MAF,NY.GDP.MKTP.KD.ZG,1961,
MAF,NY.GDP.MKTP.KD.ZG,1960,
VCT,NY.GDP.MKTP.KD.ZG,2025,
VCT,NY.GDP.MKTP.KD.ZG,2024,4.06183490050209
VCT,NY.GDP.MKTP.KD.ZG,2023,5.32636472098717
VCT,NY.GDP.MKTP.KD.ZG,2022,3.1108330034352
VCT,NY.GDP.MKTP.KD.ZG,2021,2.09340124465459
VCT,NY.GDP.MKTP.KD.ZG,2020,-4.26892434422649
VCT,NY.GDP.MKTP.KD.ZG,2019,0.668428481084234
VCT,NY.GDP.MKTP.KD.ZG,2018,3.1756114423991
VCT,NY.GDP.MKTP.KD.ZG,2017,1.54810173239956
VCT,NY.GDP.MKTP.KD.ZG,2016,4.1496810046981
VCT,NY.GDP.MKTP.KD.ZG,2015,2.78509791763551
VCT,NY.GDP.MKTP.KD.ZG,2014,1.1457271877622
VCT,NY.GDP.MKTP.KD.ZG,2013,2.4624841721544
VCT,NY.GDP.MKTP.KD.ZG,2012,1.16911218376478
VCT,NY.GDP.MKTP.KD.ZG,2011,-0.60627665148327
VCT,NY.GDP.MKTP.KD.ZG,2010,-4.47046793507802
VCT,NY.GDP.MKTP.KD.ZG,2009,-1.3781936056056
VCT,NY.GDP.MKTP.KD.ZG,2008,0.404640808638888
VCT,NY.GDP.MKTP.KD.ZG,2007,3.3229685982929
VCT,NY.GDP.MKTP.KD.ZG,2006,6.99692626758825
VCT,NY.GDP.MKTP.KD.ZG,2005,2.48855733938132
VCT,NY.GDP.MKTP.KD.ZG,2004,4.11469880444737
VCT,NY.GDP.MKTP.KD.ZG,2003,6.69133665352797
VCT,NY.GDP.MKTP.KD.ZG,2002,5.34212707436718
VCT,NY.GDP.MKTP.KD.ZG,2001,1.74823102028898
VCT,NY.GDP.MKTP.KD.ZG,2000,1.63903190394467
VCT,NY.GDP.MKTP.KD.ZG,1999,2.71031071289156
VCT,NY.GDP.MKTP.KD.ZG,1998,4.0901949332585
VCT,NY.GDP.MKTP.KD.ZG,1997,3.50515087270627
VCT,NY.GDP.MKTP.KD.ZG,1996,1.28791200314089
VCT,NY.GDP.MKTP.KD.ZG,1995,7.76665024455248
VCT,NY.GDP.MKTP.KD.ZG,1994,-1.24762336447148
VCT,NY.GDP.MKTP.KD.ZG,1993,4.25073077397103
VCT,NY.GDP.MKTP.KD.ZG,1992,6.37794062708292
VCT,NY.GDP.MKTP.KD.ZG,1991,1.13557520041245
VCT,NY.GDP.MKTP.KD.ZG,1990,4.14918678513905
VCT,NY.GDP.MKTP.KD.ZG,1989,1.40561082593132
VCT,NY.GDP.MKTP.KD.ZG,1988,14.07469453936
VCT,NY.GDP.MKTP.KD.ZG,1987,0.438004972316747
VCT,NY.GDP.MKTP.KD.ZG,1986,5.59974051938687
VCT,NY.GDP.MKTP.KD.ZG,1985,6.17934619533374
VCT,NY.GDP.MKTP.KD.ZG,1984,6.5863390070146
VCT,NY.GDP.MKTP.KD.ZG,1983,2.16859610337228
VCT,NY.GDP.MKTP.KD.ZG,1982,4.4768491414777
VCT,NY.GDP.MKTP.KD.ZG,1981,4.61390411174469
VCT,NY.GDP.MKTP.KD.ZG,1980,2.44272030705477
VCT,NY.GDP.MKTP.KD.ZG,1979,3.38221687351745
VCT,NY.GDP.MKTP.KD.ZG,1978,9.77747389000672
VCT,NY.GDP.MKTP.KD.ZG,1977,13.2294111793488
VCT,NY.GDP.MKTP.KD.ZG,1976,10.3768202054377
VCT,NY.GDP.MKTP.KD.ZG,1975,-7.60870937535856
VCT,NY.GDP.MKTP.KD.ZG,1974,-8.82059161778473
VCT,NY.GDP.MKTP.KD.ZG,1973,-11.1013349323496
VCT,NY.GDP.MKTP.KD.ZG,1972,25.8314887749849
VCT,NY.GDP.MKTP.KD.ZG,1971,2.96805060811765
VCT,NY.GDP.MKTP.KD.ZG,1970,10.7458896213528
VCT,NY.GDP.MKTP.KD.ZG,1969,2.86084490854772
VCT,NY.GDP.MKTP.KD.ZG,1968,6.50970596033511
VCT,NY.GDP.MKTP.KD.ZG,1967,-9.5238134868062
VCT,NY.GDP.MKTP.KD.ZG,1966,0.0
VCT,NY.GDP.MKTP.KD.ZG,1965,0.884935067524722
VCT,NY.GDP.MKTP.KD.ZG,1964,3.66972562214288
VCT,NY.GDP.MKTP.KD.ZG,1963,-6.26533863461877
VCT,NY.GDP.MKTP.KD.ZG,1962,3.69426175616188
VCT,NY.GDP.MKTP.KD.ZG,1961,4.52728343656233
VCT,NY.GDP.MKTP.KD.ZG,1960,
SDN,NY.GDP.MKTP.KD.ZG,2025,
SDN,NY.GDP.MKTP.KD.ZG,2024,-13.9643375197179
SDN,NY.GDP.MKTP.KD.ZG,2023,-29.4332718325149
SDN,NY.GDP.MKTP.KD.ZG,2022,-0.957816591119183
SDN,NY.GDP.MKTP.KD.ZG,2021,-1.8685204827207
SDN,NY.GDP.MKTP.KD.ZG,2020,-3.62980082410752
SDN,NY.GDP.MKTP.KD.ZG,2019,-2.17825104530091
SDN,NY.GDP.MKTP.KD.ZG,2018,-2.6809305497999
SDN,NY.GDP.MKTP.KD.ZG,2017,0.70925628476644
SDN,NY.GDP.MKTP.KD.ZG,2016,3.46764218409288
SDN,NY.GDP.MKTP.KD.ZG,2015,1.91017689052751
SDN,NY.GDP.MKTP.KD.ZG,2014,4.66137954229873
SDN,NY.GDP.MKTP.KD.ZG,2013,1.95514463302422
SDN,NY.GDP.MKTP.KD.ZG,2012,-17.0046884048945
SDN,NY.GDP.MKTP.KD.ZG,2011,-3.21353209253371
SDN,NY.GDP.MKTP.KD.ZG,2010,3.85824195230107
SDN,NY.GDP.MKTP.KD.ZG,2009,-2.76770436599138
SDN,NY.GDP.MKTP.KD.ZG,2008,3.84674473121058
SDN,NY.GDP.MKTP.KD.ZG,2007,5.73527423664484
SDN,NY.GDP.MKTP.KD.ZG,2006,6.5314117467792
SDN,NY.GDP.MKTP.KD.ZG,2005,5.64351551343631
SDN,NY.GDP.MKTP.KD.ZG,2004,5.14088851762675
SDN,NY.GDP.MKTP.KD.ZG,2003,6.28880816146516
SDN,NY.GDP.MKTP.KD.ZG,2002,6.0064715363132
SDN,NY.GDP.MKTP.KD.ZG,2001,6.50036053396883
SDN,NY.GDP.MKTP.KD.ZG,2000,6.34586743997545
SDN,NY.GDP.MKTP.KD.ZG,1999,3.10409561549652
SDN,NY.GDP.MKTP.KD.ZG,1998,4.30850425525036
SDN,NY.GDP.MKTP.KD.ZG,1997,18.3126571850273
SDN,NY.GDP.MKTP.KD.ZG,1996,5.9191237633176
SDN,NY.GDP.MKTP.KD.ZG,1995,5.99709226051246
SDN,NY.GDP.MKTP.KD.ZG,1994,1.00622924788334
SDN,NY.GDP.MKTP.KD.ZG,1993,4.56874918954713
SDN,NY.GDP.MKTP.KD.ZG,1992,6.57786138499603
SDN,NY.GDP.MKTP.KD.ZG,1991,7.51091035393294
SDN,NY.GDP.MKTP.KD.ZG,1990,-5.47005377383857
SDN,NY.GDP.MKTP.KD.ZG,1989,8.93139368961116
SDN,NY.GDP.MKTP.KD.ZG,1988,-0.331091817526797
SDN,NY.GDP.MKTP.KD.ZG,1987,14.2208845898774
SDN,NY.GDP.MKTP.KD.ZG,1986,5.41381101301441
SDN,NY.GDP.MKTP.KD.ZG,1985,-6.28104357777349
SDN,NY.GDP.MKTP.KD.ZG,1984,-5.00890676951549
SDN,NY.GDP.MKTP.KD.ZG,1983,2.06250168867739
SDN,NY.GDP.MKTP.KD.ZG,1982,5.95866643249556
SDN,NY.GDP.MKTP.KD.ZG,1981,7.43756366745045
SDN,NY.GDP.MKTP.KD.ZG,1980,1.52431014444207
SDN,NY.GDP.MKTP.KD.ZG,1979,-5.01859933123505
SDN,NY.GDP.MKTP.KD.ZG,1978,-5.93098672132243
SDN,NY.GDP.MKTP.KD.ZG,1977,6.22385378102565
SDN,NY.GDP.MKTP.KD.ZG,1976,16.6652197282337
SDN,NY.GDP.MKTP.KD.ZG,1975,15.7134664487533
SDN,NY.GDP.MKTP.KD.ZG,1974,11.4452891594056
SDN,NY.GDP.MKTP.KD.ZG,1973,0.632195249149476
SDN,NY.GDP.MKTP.KD.ZG,1972,-5.07098648865602
SDN,NY.GDP.MKTP.KD.ZG,1971,2.24731409476402
SDN,NY.GDP.MKTP.KD.ZG,1970,5.92507472251474
SDN,NY.GDP.MKTP.KD.ZG,1969,1.38935048833054
SDN,NY.GDP.MKTP.KD.ZG,1968,1.9632208185127
SDN,NY.GDP.MKTP.KD.ZG,1967,1.42408130316814
SDN,NY.GDP.MKTP.KD.ZG,1966,-3.57514749997277
SDN,NY.GDP.MKTP.KD.ZG,1965,6.7770740808087
SDN,NY.GDP.MKTP.KD.ZG,1964,-1.12044911557237
SDN,NY.GDP.MKTP.KD.ZG,1963,-2.84697169636277
SDN,NY.GDP.MKTP.KD.ZG,1962,6.91584216208018
SDN,NY.GDP.MKTP.KD.ZG,1961,0.0223913339764863
SDN,NY.GDP.MKTP.KD.ZG,1960,
SUR,NY.GDP.MKTP.KD.ZG,2025,
SUR,NY.GDP.MKTP.KD.ZG,2024,1.72095737011739
SUR,NY.GDP.MKTP.KD.ZG,2023,2.41659223498058
SUR,NY.GDP.MKTP.KD.ZG,2022,2.40622235601218
SUR,NY.GDP.MKTP.KD.ZG,2021,-2.43538583612838
SUR,NY.GDP.MKTP.KD.ZG,2020,-15.9751917148622
SUR,NY.GDP.MKTP.KD.ZG,2019,1.16758977233877
SUR,NY.GDP.MKTP.KD.ZG,2018,4.94827108468886
SUR,NY.GDP.MKTP.KD.ZG,2017,1.56603782534897
SUR,NY.GDP.MKTP.KD.ZG,2016,-4.91166050905851
SUR,NY.GDP.MKTP.KD.ZG,2015,-3.41304268067621
SUR,NY.GDP.MKTP.KD.ZG,2014,0.255503031645475
SUR,NY.GDP.MKTP.KD.ZG,2013,2.9334416518612
SUR,NY.GDP.MKTP.KD.ZG,2012,2.69034974668847
SUR,NY.GDP.MKTP.KD.ZG,2011,5.84936767173009
SUR,NY.GDP.MKTP.KD.ZG,2010,5.16882515225814
SUR,NY.GDP.MKTP.KD.ZG,2009,3.01369898266211
SUR,NY.GDP.MKTP.KD.ZG,2008,4.14340681165626
SUR,NY.GDP.MKTP.KD.ZG,2007,5.11148777773458
SUR,NY.GDP.MKTP.KD.ZG,2006,5.79354358463304
SUR,NY.GDP.MKTP.KD.ZG,2005,4.50000021086888
SUR,NY.GDP.MKTP.KD.ZG,2004,8.50000018479413
SUR,NY.GDP.MKTP.KD.ZG,2003,6.29999943314137
SUR,NY.GDP.MKTP.KD.ZG,2002,2.80000068850687
SUR,NY.GDP.MKTP.KD.ZG,2001,4.20000042083539
SUR,NY.GDP.MKTP.KD.ZG,2000,2.09999886750489
SUR,NY.GDP.MKTP.KD.ZG,1999,-1.4000004700581
SUR,NY.GDP.MKTP.KD.ZG,1998,2.30000165105389
SUR,NY.GDP.MKTP.KD.ZG,1997,5.6999976832949
SUR,NY.GDP.MKTP.KD.ZG,1996,1.00000122281456
SUR,NY.GDP.MKTP.KD.ZG,1995,0.0
SUR,NY.GDP.MKTP.KD.ZG,1994,3.39999889736058
SUR,NY.GDP.MKTP.KD.ZG,1993,-6.6999981497152
SUR,NY.GDP.MKTP.KD.ZG,1992,0.400000008536168
SUR,NY.GDP.MKTP.KD.ZG,1991,2.69999913539954
SUR,NY.GDP.MKTP.KD.ZG,1990,-4.49999999759301
SUR,NY.GDP.MKTP.KD.ZG,1989,4.19999999718658
SUR,NY.GDP.MKTP.KD.ZG,1988,7.79999999163023
SUR,NY.GDP.MKTP.KD.ZG,1987,-6.19999999331796
SUR,NY.GDP.MKTP.KD.ZG,1986,0.799999993864688
SUR,NY.GDP.MKTP.KD.ZG,1985,2.00000000362783
SUR,NY.GDP.MKTP.KD.ZG,1984,-1.89999999376079
SUR,NY.GDP.MKTP.KD.ZG,1983,-3.90000000527979
SUR,NY.GDP.MKTP.KD.ZG,1982,-4.20000000002048
SUR,NY.GDP.MKTP.KD.ZG,1981,7.10000000052638
SUR,NY.GDP.MKTP.KD.ZG,1980,-8.80000000368032
SUR,NY.GDP.MKTP.KD.ZG,1979,-0.599999993319713
SUR,NY.GDP.MKTP.KD.ZG,1978,6.59999999826209
SUR,NY.GDP.MKTP.KD.ZG,1977,10.1999999978279
SUR,NY.GDP.MKTP.KD.ZG,1976,8.80000000640359
SUR,NY.GDP.MKTP.KD.ZG,1975,2.79999999838039
SUR,NY.GDP.MKTP.KD.ZG,1974,0.399999992289239
SUR,NY.GDP.MKTP.KD.ZG,1973,-1.7999999922735
SUR,NY.GDP.MKTP.KD.ZG,1972,-0.600000002867247
SUR,NY.GDP.MKTP.KD.ZG,1971,3.89999999988031
SUR,NY.GDP.MKTP.KD.ZG,1970,2.70000000174831
SUR,NY.GDP.MKTP.KD.ZG,1969,4.49999999500439
SUR,NY.GDP.MKTP.KD.ZG,1968,7.60000000122862
SUR,NY.GDP.MKTP.KD.ZG,1967,12.1000000069554
SUR,NY.GDP.MKTP.KD.ZG,1966,19.1999999853885
SUR,NY.GDP.MKTP.KD.ZG,1965,12.0000000009194
SUR,NY.GDP.MKTP.KD.ZG,1964,6.50000000660916
SUR,NY.GDP.MKTP.KD.ZG,1963,5.60000000041359
SUR,NY.GDP.MKTP.KD.ZG,1962,3.90000000631146
SUR,NY.GDP.MKTP.KD.ZG,1961,4.79999998694005
SUR,NY.GDP.MKTP.KD.ZG,1960,
SWE,NY.GDP.MKTP.KD.ZG,2025,
SWE,NY.GDP.MKTP.KD.ZG,2024,0.820071806703865
SWE,NY.GDP.MKTP.KD.ZG,2023,-0.204061304891439
SWE,NY.GDP.MKTP.KD.ZG,2022,1.25543620445816
SWE,NY.GDP.MKTP.KD.ZG,2021,5.2258643028773
SWE,NY.GDP.MKTP.KD.ZG,2020,-1.93379704032216
SWE,NY.GDP.MKTP.KD.ZG,2019,2.60823012869524
SWE,NY.GDP.MKTP.KD.ZG,2018,1.7702553546772
SWE,NY.GDP.MKTP.KD.ZG,2017,1.88282184966646
SWE,NY.GDP.MKTP.KD.ZG,2016,2.13117914731151
SWE,NY.GDP.MKTP.KD.ZG,2015,4.38824673608589
SWE,NY.GDP.MKTP.KD.ZG,2014,2.29577238758284
SWE,NY.GDP.MKTP.KD.ZG,2013,1.13766671801426
SWE,NY.GDP.MKTP.KD.ZG,2012,-0.414397702454409
SWE,NY.GDP.MKTP.KD.ZG,2011,3.16388567406926
SWE,NY.GDP.MKTP.KD.ZG,2010,5.75076477579255
SWE,NY.GDP.MKTP.KD.ZG,2009,-4.25561384207619
SWE,NY.GDP.MKTP.KD.ZG,2008,-0.923113250067971
SWE,NY.GDP.MKTP.KD.ZG,2007,3.22486814096095
SWE,NY.GDP.MKTP.KD.ZG,2006,4.67607488877992
SWE,NY.GDP.MKTP.KD.ZG,2005,2.79313782840156
SWE,NY.GDP.MKTP.KD.ZG,2004,4.17958419343711
SWE,NY.GDP.MKTP.KD.ZG,2003,1.88102769675844
SWE,NY.GDP.MKTP.KD.ZG,2002,2.27772867861897
SWE,NY.GDP.MKTP.KD.ZG,2001,1.36080642694121
SWE,NY.GDP.MKTP.KD.ZG,2000,4.63112136551369
SWE,NY.GDP.MKTP.KD.ZG,1999,4.20111929805536
SWE,NY.GDP.MKTP.KD.ZG,1998,4.24583179417877
SWE,NY.GDP.MKTP.KD.ZG,1997,3.06499186399252
SWE,NY.GDP.MKTP.KD.ZG,1996,1.70471985374236
SWE,NY.GDP.MKTP.KD.ZG,1995,4.09438992772475
SWE,NY.GDP.MKTP.KD.ZG,1994,4.01576585901515
SWE,NY.GDP.MKTP.KD.ZG,1993,-2.06561636908388
SWE,NY.GDP.MKTP.KD.ZG,1992,-1.15859275987265
SWE,NY.GDP.MKTP.KD.ZG,1991,-1.14597485051154
SWE,NY.GDP.MKTP.KD.ZG,1990,0.754674765275468
SWE,NY.GDP.MKTP.KD.ZG,1989,2.65480690949124
SWE,NY.GDP.MKTP.KD.ZG,1988,2.55903868133913
SWE,NY.GDP.MKTP.KD.ZG,1987,3.35384296895474
SWE,NY.GDP.MKTP.KD.ZG,1986,2.69132318957357
SWE,NY.GDP.MKTP.KD.ZG,1985,2.16037374917175
SWE,NY.GDP.MKTP.KD.ZG,1984,4.22953525809793
SWE,NY.GDP.MKTP.KD.ZG,1983,1.90063868064665
SWE,NY.GDP.MKTP.KD.ZG,1982,1.24866467425022
SWE,NY.GDP.MKTP.KD.ZG,1981,0.454830427902976
SWE,NY.GDP.MKTP.KD.ZG,1980,1.69997145285421
SWE,NY.GDP.MKTP.KD.ZG,1979,3.84000348607525
SWE,NY.GDP.MKTP.KD.ZG,1978,1.75154803918647
SWE,NY.GDP.MKTP.KD.ZG,1977,-1.59625857600648
SWE,NY.GDP.MKTP.KD.ZG,1976,1.05810489091265
SWE,NY.GDP.MKTP.KD.ZG,1975,2.55286265850103
SWE,NY.GDP.MKTP.KD.ZG,1974,3.19819561873223
SWE,NY.GDP.MKTP.KD.ZG,1973,3.96798115589563
SWE,NY.GDP.MKTP.KD.ZG,1972,2.28873878707626
SWE,NY.GDP.MKTP.KD.ZG,1971,0.944646218021433
SWE,NY.GDP.MKTP.KD.ZG,1970,6.47367396370416
SWE,NY.GDP.MKTP.KD.ZG,1969,5.00907518225404
SWE,NY.GDP.MKTP.KD.ZG,1968,3.638505638623
SWE,NY.GDP.MKTP.KD.ZG,1967,3.36538864517098
SWE,NY.GDP.MKTP.KD.ZG,1966,2.09084426689796
SWE,NY.GDP.MKTP.KD.ZG,1965,3.821507586275
SWE,NY.GDP.MKTP.KD.ZG,1964,6.82116446107321
SWE,NY.GDP.MKTP.KD.ZG,1963,5.32793383778119
SWE,NY.GDP.MKTP.KD.ZG,1962,4.25904719368346
SWE,NY.GDP.MKTP.KD.ZG,1961,5.68129282767997
SWE,NY.GDP.MKTP.KD.ZG,1960,
CHE,NY.GDP.MKTP.KD.ZG,2025,
CHE,NY.GDP.MKTP.KD.ZG,2024,1.30233332541106
CHE,NY.GDP.MKTP.KD.ZG,2023,0.683328174376044
CHE,NY.GDP.MKTP.KD.ZG,2022,3.04406102969423
CHE,NY.GDP.MKTP.KD.ZG,2021,5.55962020605844
CHE,NY.GDP.MKTP.KD.ZG,2020,-2.14173712008038
CHE,NY.GDP.MKTP.KD.ZG,2019,1.14198218965691
CHE,NY.GDP.MKTP.KD.ZG,2018,2.86044579439036
CHE,NY.GDP.MKTP.KD.ZG,2017,1.36279965488859
CHE,NY.GDP.MKTP.KD.ZG,2016,2.06868969039562
CHE,NY.GDP.MKTP.KD.ZG,2015,1.64462750849488
CHE,NY.GDP.MKTP.KD.ZG,2014,2.34988141500179
CHE,NY.GDP.MKTP.KD.ZG,2013,1.79214400716117
CHE,NY.GDP.MKTP.KD.ZG,2012,1.17925385250513
CHE,NY.GDP.MKTP.KD.ZG,2011,1.81310830459596
CHE,NY.GDP.MKTP.KD.ZG,2010,3.24339715656356
CHE,NY.GDP.MKTP.KD.ZG,2009,-2.29737452570922
CHE,NY.GDP.MKTP.KD.ZG,2008,2.8079835919566
CHE,NY.GDP.MKTP.KD.ZG,2007,3.91637577227581
CHE,NY.GDP.MKTP.KD.ZG,2006,4.0736284178369
CHE,NY.GDP.MKTP.KD.ZG,2005,2.74969910618739
CHE,NY.GDP.MKTP.KD.ZG,2004,2.70170912949028
CHE,NY.GDP.MKTP.KD.ZG,2003,-0.0323984255438887
CHE,NY.GDP.MKTP.KD.ZG,2002,-0.0732172569941127
CHE,NY.GDP.MKTP.KD.ZG,2001,1.57566198688916
CHE,NY.GDP.MKTP.KD.ZG,2000,3.95871990780931
CHE,NY.GDP.MKTP.KD.ZG,1999,1.66270104939127
CHE,NY.GDP.MKTP.KD.ZG,1998,3.02996930632413
CHE,NY.GDP.MKTP.KD.ZG,1997,2.26132529914345
CHE,NY.GDP.MKTP.KD.ZG,1996,0.471280025458157
CHE,NY.GDP.MKTP.KD.ZG,1995,0.480866374676907
CHE,NY.GDP.MKTP.KD.ZG,1994,1.26975779924055
CHE,NY.GDP.MKTP.KD.ZG,1993,-0.125983460416222
CHE,NY.GDP.MKTP.KD.ZG,1992,-0.0437330086271288
CHE,NY.GDP.MKTP.KD.ZG,1991,-0.915816616547943
CHE,NY.GDP.MKTP.KD.ZG,1990,3.67462550079662
CHE,NY.GDP.MKTP.KD.ZG,1989,4.33079421991349
CHE,NY.GDP.MKTP.KD.ZG,1988,3.27759628671245
CHE,NY.GDP.MKTP.KD.ZG,1987,1.58547798189052
CHE,NY.GDP.MKTP.KD.ZG,1986,1.85863294100406
CHE,NY.GDP.MKTP.KD.ZG,1985,3.67359579947677
CHE,NY.GDP.MKTP.KD.ZG,1984,3.00845657385564
CHE,NY.GDP.MKTP.KD.ZG,1983,0.639079378496405
CHE,NY.GDP.MKTP.KD.ZG,1982,-1.30941759603877
CHE,NY.GDP.MKTP.KD.ZG,1981,1.60133597507155
CHE,NY.GDP.MKTP.KD.ZG,1980,4.60197730568336
CHE,NY.GDP.MKTP.KD.ZG,1979,2.49151208080576
CHE,NY.GDP.MKTP.KD.ZG,1978,0.409083760053534
CHE,NY.GDP.MKTP.KD.ZG,1977,2.4336521429565
CHE,NY.GDP.MKTP.KD.ZG,1976,-1.40367604081918
CHE,NY.GDP.MKTP.KD.ZG,1975,-7.2831743804977
CHE,NY.GDP.MKTP.KD.ZG,1974,1.45490788032913
CHE,NY.GDP.MKTP.KD.ZG,1973,3.04990737667008
CHE,NY.GDP.MKTP.KD.ZG,1972,3.20050876339681
CHE,NY.GDP.MKTP.KD.ZG,1971,4.07544263654522
CHE,NY.GDP.MKTP.KD.ZG,1970,6.3774065194208
CHE,NY.GDP.MKTP.KD.ZG,1969,5.63291212254617
CHE,NY.GDP.MKTP.KD.ZG,1968,3.58802600373956
CHE,NY.GDP.MKTP.KD.ZG,1967,3.05592216743931
CHE,NY.GDP.MKTP.KD.ZG,1966,2.46145745672325
CHE,NY.GDP.MKTP.KD.ZG,1965,2.10455491544954
CHE,NY.GDP.MKTP.KD.ZG,1964,5.25635078619852
CHE,NY.GDP.MKTP.KD.ZG,1963,4.87919908861309
CHE,NY.GDP.MKTP.KD.ZG,1962,4.78994131635299
CHE,NY.GDP.MKTP.KD.ZG,1961,8.10867221090632
CHE,NY.GDP.MKTP.KD.ZG,1960,
SYR,NY.GDP.MKTP.KD.ZG,2025,
SYR,NY.GDP.MKTP.KD.ZG,2024,
SYR,NY.GDP.MKTP.KD.ZG,2023,
SYR,NY.GDP.MKTP.KD.ZG,2022,0.732781301861365
SYR,NY.GDP.MKTP.KD.ZG,2021,1.85421590064124
SYR,NY.GDP.MKTP.KD.ZG,2020,-0.697154504235129
SYR,NY.GDP.MKTP.KD.ZG,2019,1.22070522070523
SYR,NY.GDP.MKTP.KD.ZG,2018,1.39317607830837
SYR,NY.GDP.MKTP.KD.ZG,2017,-0.723281777470547
SYR,NY.GDP.MKTP.KD.ZG,2016,-6.4055907393619
SYR,NY.GDP.MKTP.KD.ZG,2015,-4.179791613232
SYR,NY.GDP.MKTP.KD.ZG,2014,-10.310339909053
SYR,NY.GDP.MKTP.KD.ZG,2013,-26.3000876615061
SYR,NY.GDP.MKTP.KD.ZG,2012,-26.3390170772532
SYR,NY.GDP.MKTP.KD.ZG,2011,2.8500028435797
SYR,NY.GDP.MKTP.KD.ZG,2010,5.19190584075331
SYR,NY.GDP.MKTP.KD.ZG,2009,5.91204279337705
SYR,NY.GDP.MKTP.KD.ZG,2008,4.47667273608019
SYR,NY.GDP.MKTP.KD.ZG,2007,5.67459177685805
SYR,NY.GDP.MKTP.KD.ZG,2006,5.04619555585526
SYR,NY.GDP.MKTP.KD.ZG,2005,6.21507783539282
SYR,NY.GDP.MKTP.KD.ZG,2004,6.90295943489203
SYR,NY.GDP.MKTP.KD.ZG,2003,7.20443505274413
SYR,NY.GDP.MKTP.KD.ZG,2002,3.95483192702744
SYR,NY.GDP.MKTP.KD.ZG,2001,1.04728710191981
SYR,NY.GDP.MKTP.KD.ZG,2000,0.675642589410501
SYR,NY.GDP.MKTP.KD.ZG,1999,-3.55344987109004
SYR,NY.GDP.MKTP.KD.ZG,1998,6.78530452433867
SYR,NY.GDP.MKTP.KD.ZG,1997,5.0238045081104
SYR,NY.GDP.MKTP.KD.ZG,1996,9.82556940470964
SYR,NY.GDP.MKTP.KD.ZG,1995,7.02658954303115
SYR,NY.GDP.MKTP.KD.ZG,1994,7.21302920527431
SYR,NY.GDP.MKTP.KD.ZG,1993,6.15089557310075
SYR,NY.GDP.MKTP.KD.ZG,1992,12.972790068566
SYR,NY.GDP.MKTP.KD.ZG,1991,7.66646818712442
SYR,NY.GDP.MKTP.KD.ZG,1990,3.73955590233751
SYR,NY.GDP.MKTP.KD.ZG,1989,-13.6472821767151
SYR,NY.GDP.MKTP.KD.ZG,1988,18.0111401002195
SYR,NY.GDP.MKTP.KD.ZG,1987,1.68228234551005
SYR,NY.GDP.MKTP.KD.ZG,1986,-7.95292895543678
SYR,NY.GDP.MKTP.KD.ZG,1985,9.3508073317891
SYR,NY.GDP.MKTP.KD.ZG,1984,-7.61063021187196
SYR,NY.GDP.MKTP.KD.ZG,1983,2.32033993721339
SYR,NY.GDP.MKTP.KD.ZG,1982,2.78908664825673
SYR,NY.GDP.MKTP.KD.ZG,1981,7.75534386462431
SYR,NY.GDP.MKTP.KD.ZG,1980,14.5081169532396
SYR,NY.GDP.MKTP.KD.ZG,1979,0.887988823235375
SYR,NY.GDP.MKTP.KD.ZG,1978,9.94259012392304
SYR,NY.GDP.MKTP.KD.ZG,1977,-1.79951787755418
SYR,NY.GDP.MKTP.KD.ZG,1976,12.2544466019418
SYR,NY.GDP.MKTP.KD.ZG,1975,16.3515760555234
SYR,NY.GDP.MKTP.KD.ZG,1974,25.7957728545964
SYR,NY.GDP.MKTP.KD.ZG,1973,-10.4698549438381
SYR,NY.GDP.MKTP.KD.ZG,1972,25.6607151992633
SYR,NY.GDP.MKTP.KD.ZG,1971,8.95581456274421
SYR,NY.GDP.MKTP.KD.ZG,1970,-1.79685287528201
SYR,NY.GDP.MKTP.KD.ZG,1969,18.7679152118321
SYR,NY.GDP.MKTP.KD.ZG,1968,3.72908022105565
SYR,NY.GDP.MKTP.KD.ZG,1967,8.25768264705083
SYR,NY.GDP.MKTP.KD.ZG,1966,-7.65906551020211
SYR,NY.GDP.MKTP.KD.ZG,1965,2.29937387537676
SYR,NY.GDP.MKTP.KD.ZG,1964,9.2713638022407
SYR,NY.GDP.MKTP.KD.ZG,1963,-8.6527466722076
SYR,NY.GDP.MKTP.KD.ZG,1962,24.5212971717849
SYR,NY.GDP.MKTP.KD.ZG,1961,10.8330639000002
SYR,NY.GDP.MKTP.KD.ZG,1960,
TJK,NY.GDP.MKTP.KD.ZG,2025,
TJK,NY.GDP.MKTP.KD.ZG,2024,8.39999980983981
TJK,NY.GDP.MKTP.KD.ZG,2023,8.29999921651935
TJK,NY.GDP.MKTP.KD.ZG,2022,8.00000033846364
TJK,NY.GDP.MKTP.KD.ZG,2021,9.39999955037523
TJK,NY.GDP.MKTP.KD.ZG,2020,4.40000111553493
TJK,NY.GDP.MKTP.KD.ZG,2019,7.40000016310556
TJK,NY.GDP.MKTP.KD.ZG,2018,7.5999988895536
TJK,NY.GDP.MKTP.KD.ZG,2017,7.10000041864309
TJK,NY.GDP.MKTP.KD.ZG,2016,6.89999999999999
TJK,NY.GDP.MKTP.KD.ZG,2015,6.01930331771186
TJK,NY.GDP.MKTP.KD.ZG,2014,6.70000069016253
TJK,NY.GDP.MKTP.KD.ZG,2013,7.39999974700379
TJK,NY.GDP.MKTP.KD.ZG,2012,7.49999946321525
TJK,NY.GDP.MKTP.KD.ZG,2011,7.40000059956709
TJK,NY.GDP.MKTP.KD.ZG,2010,6.49999908585235
TJK,NY.GDP.MKTP.KD.ZG,2009,3.90000114826496
TJK,NY.GDP.MKTP.KD.ZG,2008,7.89999827154939
TJK,NY.GDP.MKTP.KD.ZG,2007,7.80000011872161
TJK,NY.GDP.MKTP.KD.ZG,2006,7.00000321108996
TJK,NY.GDP.MKTP.KD.ZG,2005,6.69999851655409
TJK,NY.GDP.MKTP.KD.ZG,2004,10.2999989410117
TJK,NY.GDP.MKTP.KD.ZG,2003,10.9999990780572
TJK,NY.GDP.MKTP.KD.ZG,2002,10.8000037591665
TJK,NY.GDP.MKTP.KD.ZG,2001,9.58083617842951
TJK,NY.GDP.MKTP.KD.ZG,2000,8.32432449473859
TJK,NY.GDP.MKTP.KD.ZG,1999,3.69955071665851
TJK,NY.GDP.MKTP.KD.ZG,1998,5.31286765940042
TJK,NY.GDP.MKTP.KD.ZG,1997,1.68067413588066
TJK,NY.GDP.MKTP.KD.ZG,1996,-16.6999984353389
TJK,NY.GDP.MKTP.KD.ZG,1995,-12.416322231899
TJK,NY.GDP.MKTP.KD.ZG,1994,-21.2999980130949
TJK,NY.GDP.MKTP.KD.ZG,1993,-16.3999998448822
TJK,NY.GDP.MKTP.KD.ZG,1992,-29.0000010554471
TJK,NY.GDP.MKTP.KD.ZG,1991,-7.09999909622525
TJK,NY.GDP.MKTP.KD.ZG,1990,-0.59999963133663
TJK,NY.GDP.MKTP.KD.ZG,1989,-6.50000066364703
TJK,NY.GDP.MKTP.KD.ZG,1988,13.900001094354
TJK,NY.GDP.MKTP.KD.ZG,1987,-1.20000004458646
TJK,NY.GDP.MKTP.KD.ZG,1986,3.49999987309577
TJK,NY.GDP.MKTP.KD.ZG,1985,
TJK,NY.GDP.MKTP.KD.ZG,1984,
TJK,NY.GDP.MKTP.KD.ZG,1983,
TJK,NY.GDP.MKTP.KD.ZG,1982,
TJK,NY.GDP.MKTP.KD.ZG,1981,
TJK,NY.GDP.MKTP.KD.ZG,1980,
TJK,NY.GDP.MKTP.KD.ZG,1979,
TJK,NY.GDP.MKTP.KD.ZG,1978,
TJK,NY.GDP.MKTP.KD.ZG,1977,
TJK,NY.GDP.MKTP.KD.ZG,1976,
TJK,NY.GDP.MKTP.KD.ZG,1975,
TJK,NY.GDP.MKTP.KD.ZG,1974,
TJK,NY.GDP.MKTP.KD.ZG,1973,
TJK,NY.GDP.MKTP.KD.ZG,1972,
TJK,NY.GDP.MKTP.KD.ZG,1971,
TJK,NY.GDP.MKTP.KD.ZG,1970,
TJK,NY.GDP.MKTP.KD.ZG,1969,
TJK,NY.GDP.MKTP.KD.ZG,1968,
TJK,NY.GDP.MKTP.KD.ZG,1967,
TJK,NY.GDP.MKTP.KD.ZG,1966,
TJK,NY.GDP.MKTP.KD.ZG,1965,
TJK,NY.GDP.MKTP.KD.ZG,1964,
TJK,NY.GDP.MKTP.KD.ZG,1963,
TJK,NY.GDP.MKTP.KD.ZG,1962,
TJK,NY.GDP.MKTP.KD.ZG,1961,
TJK,NY.GDP.MKTP.KD.ZG,1960,
TZA,NY.GDP.MKTP.KD.ZG,2025,
TZA,NY.GDP.MKTP.KD.ZG,2024,5.5263138305945
TZA,NY.GDP.MKTP.KD.ZG,2023,5.06952353203394
TZA,NY.GDP.MKTP.KD.ZG,2022,4.56600576430955
TZA,NY.GDP.MKTP.KD.ZG,2021,4.32138429480482
TZA,NY.GDP.MKTP.KD.ZG,2020,1.99196460647855
TZA,NY.GDP.MKTP.KD.ZG,2019,5.79999999996723
TZA,NY.GDP.MKTP.KD.ZG,2018,5.50267599385063
TZA,NY.GDP.MKTP.KD.ZG,2017,6.72726996832338
TZA,NY.GDP.MKTP.KD.ZG,2016,6.86711619644551
TZA,NY.GDP.MKTP.KD.ZG,2015,6.16062877406682
TZA,NY.GDP.MKTP.KD.ZG,2014,6.73246186832483
TZA,NY.GDP.MKTP.KD.ZG,2013,6.78158560065316
TZA,NY.GDP.MKTP.KD.ZG,2012,4.50015356010131
TZA,NY.GDP.MKTP.KD.ZG,2011,7.67215543486064
TZA,NY.GDP.MKTP.KD.ZG,2010,6.33652342666889
TZA,NY.GDP.MKTP.KD.ZG,2009,5.26910524873463
TZA,NY.GDP.MKTP.KD.ZG,2008,5.68641685905224
TZA,NY.GDP.MKTP.KD.ZG,2007,6.76853520293716
TZA,NY.GDP.MKTP.KD.ZG,2006,6.53222138847813
TZA,NY.GDP.MKTP.KD.ZG,2005,7.47631925974784
TZA,NY.GDP.MKTP.KD.ZG,2004,7.50381465859829
TZA,NY.GDP.MKTP.KD.ZG,2003,6.67278983053497
TZA,NY.GDP.MKTP.KD.ZG,2002,7.09319498355502
TZA,NY.GDP.MKTP.KD.ZG,2001,6.07080828734129
TZA,NY.GDP.MKTP.KD.ZG,2000,4.52078463603256
TZA,NY.GDP.MKTP.KD.ZG,1999,4.86386375362282
TZA,NY.GDP.MKTP.KD.ZG,1998,3.70851159859504
TZA,NY.GDP.MKTP.KD.ZG,1997,3.52527818941036
TZA,NY.GDP.MKTP.KD.ZG,1996,4.54436680394173
TZA,NY.GDP.MKTP.KD.ZG,1995,3.56991186849247
TZA,NY.GDP.MKTP.KD.ZG,1994,1.56766176421846
TZA,NY.GDP.MKTP.KD.ZG,1993,1.20580080875436
TZA,NY.GDP.MKTP.KD.ZG,1992,0.584322131924068
TZA,NY.GDP.MKTP.KD.ZG,1991,2.07198821361914
TZA,NY.GDP.MKTP.KD.ZG,1990,7.04507164205259
TZA,NY.GDP.MKTP.KD.ZG,1989,3.76444340906087
TZA,NY.GDP.MKTP.KD.ZG,1988,7.25543546092405
TZA,NY.GDP.MKTP.KD.ZG,1987,4.7965198054257
TZA,NY.GDP.MKTP.KD.ZG,1986,5.49571344557758
TZA,NY.GDP.MKTP.KD.ZG,1985,1.24490401004924
TZA,NY.GDP.MKTP.KD.ZG,1984,4.6729720643193
TZA,NY.GDP.MKTP.KD.ZG,1983,-0.391629233338236
TZA,NY.GDP.MKTP.KD.ZG,1982,-0.367659678144776
TZA,NY.GDP.MKTP.KD.ZG,1981,-0.978820953022364
TZA,NY.GDP.MKTP.KD.ZG,1980,2.73797995142824
TZA,NY.GDP.MKTP.KD.ZG,1979,2.50017391682478
TZA,NY.GDP.MKTP.KD.ZG,1978,2.08400760208103
TZA,NY.GDP.MKTP.KD.ZG,1977,0.0495928503172962
TZA,NY.GDP.MKTP.KD.ZG,1976,3.30601216563538
TZA,NY.GDP.MKTP.KD.ZG,1975,3.98942559802084
TZA,NY.GDP.MKTP.KD.ZG,1974,2.11339071824315
TZA,NY.GDP.MKTP.KD.ZG,1973,6.19196242050393
TZA,NY.GDP.MKTP.KD.ZG,1972,7.11531519183237
TZA,NY.GDP.MKTP.KD.ZG,1971,3.90146077101619
TZA,NY.GDP.MKTP.KD.ZG,1970,-46.4330351414871
TZA,NY.GDP.MKTP.KD.ZG,1969,3.26163984438857
TZA,NY.GDP.MKTP.KD.ZG,1968,6.28556212963629
TZA,NY.GDP.MKTP.KD.ZG,1967,5.52325857922256
TZA,NY.GDP.MKTP.KD.ZG,1966,11.6436755317812
TZA,NY.GDP.MKTP.KD.ZG,1965,4.3647206714603
TZA,NY.GDP.MKTP.KD.ZG,1964,5.51115870033439
TZA,NY.GDP.MKTP.KD.ZG,1963,6.26000305958226
TZA,NY.GDP.MKTP.KD.ZG,1962,9.09674738431541
TZA,NY.GDP.MKTP.KD.ZG,1961,1.13829635143543
TZA,NY.GDP.MKTP.KD.ZG,1960,
THA,NY.GDP.MKTP.KD.ZG,2025,
THA,NY.GDP.MKTP.KD.ZG,2024,2.54182067735289
THA,NY.GDP.MKTP.KD.ZG,2023,2.01775095328327
THA,NY.GDP.MKTP.KD.ZG,2022,2.58037874709827
THA,NY.GDP.MKTP.KD.ZG,2021,1.55216608426647
THA,NY.GDP.MKTP.KD.ZG,2020,-6.05003846851622
THA,NY.GDP.MKTP.KD.ZG,2019,2.11455779628278
THA,NY.GDP.MKTP.KD.ZG,2018,4.22287028746071
THA,NY.GDP.MKTP.KD.ZG,2017,4.1776810321001
THA,NY.GDP.MKTP.KD.ZG,2016,3.43515771692182
THA,NY.GDP.MKTP.KD.ZG,2015,3.13404724911635
THA,NY.GDP.MKTP.KD.ZG,2014,0.984468863619426
THA,NY.GDP.MKTP.KD.ZG,2013,2.68749556320556
THA,NY.GDP.MKTP.KD.ZG,2012,7.24279620249642
THA,NY.GDP.MKTP.KD.ZG,2011,0.840132083053334
THA,NY.GDP.MKTP.KD.ZG,2010,7.51339053261624
THA,NY.GDP.MKTP.KD.ZG,2009,-0.690618232300579
THA,NY.GDP.MKTP.KD.ZG,2008,1.72569884866334
THA,NY.GDP.MKTP.KD.ZG,2007,5.43515169050809
THA,NY.GDP.MKTP.KD.ZG,2006,4.96781089246107
THA,NY.GDP.MKTP.KD.ZG,2005,4.18763842884337
THA,NY.GDP.MKTP.KD.ZG,2004,6.28934214285795
THA,NY.GDP.MKTP.KD.ZG,2003,7.18924330340971
THA,NY.GDP.MKTP.KD.ZG,2002,6.14903605210036
THA,NY.GDP.MKTP.KD.ZG,2001,3.44424900968372
THA,NY.GDP.MKTP.KD.ZG,2000,4.45524704335014
THA,NY.GDP.MKTP.KD.ZG,1999,4.57230775115542
THA,NY.GDP.MKTP.KD.ZG,1998,-7.63403528600102
THA,NY.GDP.MKTP.KD.ZG,1997,-2.75357515314082
THA,NY.GDP.MKTP.KD.ZG,1996,5.65194446499471
THA,NY.GDP.MKTP.KD.ZG,1995,8.12031534625378
THA,NY.GDP.MKTP.KD.ZG,1994,7.99702466720433
THA,NY.GDP.MKTP.KD.ZG,1993,8.25191591524627
THA,NY.GDP.MKTP.KD.ZG,1992,8.08338802345332
THA,NY.GDP.MKTP.KD.ZG,1991,8.5582603212423
THA,NY.GDP.MKTP.KD.ZG,1990,11.1671634446293
THA,NY.GDP.MKTP.KD.ZG,1989,12.1905059866109
THA,NY.GDP.MKTP.KD.ZG,1988,13.2881140717644
THA,NY.GDP.MKTP.KD.ZG,1987,9.5189460221079
THA,NY.GDP.MKTP.KD.ZG,1986,5.53382776724771
THA,NY.GDP.MKTP.KD.ZG,1985,4.64724035659331
THA,NY.GDP.MKTP.KD.ZG,1984,5.75243025148993
THA,NY.GDP.MKTP.KD.ZG,1983,5.58420246919084
THA,NY.GDP.MKTP.KD.ZG,1982,5.35234875066743
THA,NY.GDP.MKTP.KD.ZG,1981,5.90686776303639
THA,NY.GDP.MKTP.KD.ZG,1980,5.17354100571934
THA,NY.GDP.MKTP.KD.ZG,1979,5.37176651254237
THA,NY.GDP.MKTP.KD.ZG,1978,10.2957465349385
THA,NY.GDP.MKTP.KD.ZG,1977,9.84346323531113
THA,NY.GDP.MKTP.KD.ZG,1976,9.32681108178437
THA,NY.GDP.MKTP.KD.ZG,1975,4.97040522766497
THA,NY.GDP.MKTP.KD.ZG,1974,4.46625338575453
THA,NY.GDP.MKTP.KD.ZG,1973,10.2364330148798
THA,NY.GDP.MKTP.KD.ZG,1972,4.27850803861051
THA,NY.GDP.MKTP.KD.ZG,1971,4.89537376024299
THA,NY.GDP.MKTP.KD.ZG,1970,11.4079490662098
THA,NY.GDP.MKTP.KD.ZG,1969,6.55065988587748
THA,NY.GDP.MKTP.KD.ZG,1968,8.12227025554289
THA,NY.GDP.MKTP.KD.ZG,1967,8.61598233328198
THA,NY.GDP.MKTP.KD.ZG,1966,11.1225184946389
THA,NY.GDP.MKTP.KD.ZG,1965,8.18166153767717
THA,NY.GDP.MKTP.KD.ZG,1964,6.83099614370542
THA,NY.GDP.MKTP.KD.ZG,1963,7.99983078698784
THA,NY.GDP.MKTP.KD.ZG,1962,7.55425444784086
THA,NY.GDP.MKTP.KD.ZG,1961,5.36214630168787
THA,NY.GDP.MKTP.KD.ZG,1960,
TLS,NY.GDP.MKTP.KD.ZG,2025,
TLS,NY.GDP.MKTP.KD.ZG,2024,-9.10069369772735
TLS,NY.GDP.MKTP.KD.ZG,2023,-18.135905003556
TLS,NY.GDP.MKTP.KD.ZG,2022,-20.5224785561874
TLS,NY.GDP.MKTP.KD.ZG,2021,5.36980163959615
TLS,NY.GDP.MKTP.KD.ZG,2020,31.7257429812373
TLS,NY.GDP.MKTP.KD.ZG,2019,24.2128789232326
TLS,NY.GDP.MKTP.KD.ZG,2018,-0.466502371512661
TLS,NY.GDP.MKTP.KD.ZG,2017,-3.18241515376397
TLS,NY.GDP.MKTP.KD.ZG,2016,3.00993358093274
TLS,NY.GDP.MKTP.KD.ZG,2015,2.48003785368208
TLS,NY.GDP.MKTP.KD.ZG,2014,4.47249922937381
TLS,NY.GDP.MKTP.KD.ZG,2013,3.10436980963603
TLS,NY.GDP.MKTP.KD.ZG,2012,4.86062134121768
TLS,NY.GDP.MKTP.KD.ZG,2011,5.95855501570803
TLS,NY.GDP.MKTP.KD.ZG,2010,9.33149806305823
TLS,NY.GDP.MKTP.KD.ZG,2009,10.146951414355
TLS,NY.GDP.MKTP.KD.ZG,2008,11.3948084309167
TLS,NY.GDP.MKTP.KD.ZG,2007,10.2653784307473
TLS,NY.GDP.MKTP.KD.ZG,2006,-4.11609279328982
TLS,NY.GDP.MKTP.KD.ZG,2005,2.9845905125044
TLS,NY.GDP.MKTP.KD.ZG,2004,0.400000000000006
TLS,NY.GDP.MKTP.KD.ZG,2003,-2.18226723759027
TLS,NY.GDP.MKTP.KD.ZG,2002,-6.7006946888999
TLS,NY.GDP.MKTP.KD.ZG,2001,16.3476915812463
TLS,NY.GDP.MKTP.KD.ZG,2000,58.078100510636
TLS,NY.GDP.MKTP.KD.ZG,1999,-35.4524312251332
TLS,NY.GDP.MKTP.KD.ZG,1998,-1.99999615720213
TLS,NY.GDP.MKTP.KD.ZG,1997,3.99999400523568
TLS,NY.GDP.MKTP.KD.ZG,1996,7.9821850008766
TLS,NY.GDP.MKTP.KD.ZG,1995,6.68126470624202
TLS,NY.GDP.MKTP.KD.ZG,1994,7.12283832241383
TLS,NY.GDP.MKTP.KD.ZG,1993,10.2047655200409
TLS,NY.GDP.MKTP.KD.ZG,1992,10.4595196012455
TLS,NY.GDP.MKTP.KD.ZG,1991,10.7142805140818
TLS,NY.GDP.MKTP.KD.ZG,1990,
TLS,NY.GDP.MKTP.KD.ZG,1989,
TLS,NY.GDP.MKTP.KD.ZG,1988,
TLS,NY.GDP.MKTP.KD.ZG,1987,
TLS,NY.GDP.MKTP.KD.ZG,1986,
TLS,NY.GDP.MKTP.KD.ZG,1985,
TLS,NY.GDP.MKTP.KD.ZG,1984,
TLS,NY.GDP.MKTP.KD.ZG,1983,
TLS,NY.GDP.MKTP.KD.ZG,1982,
TLS,NY.GDP.MKTP.KD.ZG,1981,
TLS,NY.GDP.MKTP.KD.ZG,1980,
TLS,NY.GDP.MKTP.KD.ZG,1979,
TLS,NY.GDP.MKTP.KD.ZG,1978,
TLS,NY.GDP.MKTP.KD.ZG,1977,
TLS,NY.GDP.MKTP.KD.ZG,1976,
TLS,NY.GDP.MKTP.KD.ZG,1975,
TLS,NY.GDP.MKTP.KD.ZG,1974,
TLS,NY.GDP.MKTP.KD.ZG,1973,
TLS,NY.GDP.MKTP.KD.ZG,1972,
TLS,NY.GDP.MKTP.KD.ZG,1971,
TLS,NY.GDP.MKTP.KD.ZG,1970,
TLS,NY.GDP.MKTP.KD.ZG,1969,
TLS,NY.GDP.MKTP.KD.ZG,1968,
TLS,NY.GDP.MKTP.KD.ZG,1967,
TLS,NY.GDP.MKTP.KD.ZG,1966,
TLS,NY.GDP.MKTP.KD.ZG,1965,
TLS,NY.GDP.MKTP.KD.ZG,1964,
TLS,NY.GDP.MKTP.KD.ZG,1963,
TLS,NY.GDP.MKTP.KD.ZG,1962,
TLS,NY.GDP.MKTP.KD.ZG,1961,
TLS,NY.GDP.MKTP.KD.ZG,1960,
TGO,NY.GDP.MKTP.KD.ZG,2025,
TGO,NY.GDP.MKTP.KD.ZG,2024,6.53204505563791
TGO,NY.GDP.MKTP.KD.ZG,2023,6.19211576941919
TGO,NY.GDP.MKTP.KD.ZG,2022,6.29443692019429
TGO,NY.GDP.MKTP.KD.ZG,2021,5.12890113701732
TGO,NY.GDP.MKTP.KD.ZG,2020,2.16228657424364
TGO,NY.GDP.MKTP.KD.ZG,2019,4.92283321360694
TGO,NY.GDP.MKTP.KD.ZG,2018,4.79518333086139
TGO,NY.GDP.MKTP.KD.ZG,2017,4.00791259566937
TGO,NY.GDP.MKTP.KD.ZG,2016,4.21490387414525
TGO,NY.GDP.MKTP.KD.ZG,2015,5.4680413807304
TGO,NY.GDP.MKTP.KD.ZG,2014,5.63323739145223
TGO,NY.GDP.MKTP.KD.ZG,2013,5.82425069283059
TGO,NY.GDP.MKTP.KD.ZG,2012,6.30271426865185
TGO,NY.GDP.MKTP.KD.ZG,2011,5.82325622135289
TGO,NY.GDP.MKTP.KD.ZG,2010,5.85433399076879
TGO,NY.GDP.MKTP.KD.ZG,2009,5.45381096920332
TGO,NY.GDP.MKTP.KD.ZG,2008,4.03561315398862
TGO,NY.GDP.MKTP.KD.ZG,2007,-1.1751368996605
TGO,NY.GDP.MKTP.KD.ZG,2006,2.65013209943473
TGO,NY.GDP.MKTP.KD.ZG,2005,-4.66629938413338
TGO,NY.GDP.MKTP.KD.ZG,2004,-0.978665332738743
TGO,NY.GDP.MKTP.KD.ZG,2003,6.72017142336034
TGO,NY.GDP.MKTP.KD.ZG,2002,3.82662257675142
TGO,NY.GDP.MKTP.KD.ZG,2001,0.823438752111855
TGO,NY.GDP.MKTP.KD.ZG,2000,-0.783479610048047
TGO,NY.GDP.MKTP.KD.ZG,1999,2.48175143834959
TGO,NY.GDP.MKTP.KD.ZG,1998,-2.29987657013699
TGO,NY.GDP.MKTP.KD.ZG,1997,14.3773775724317
TGO,NY.GDP.MKTP.KD.ZG,1996,8.83621162979911
TGO,NY.GDP.MKTP.KD.ZG,1995,7.84583232329818
TGO,NY.GDP.MKTP.KD.ZG,1994,14.9824143442687
TGO,NY.GDP.MKTP.KD.ZG,1993,-15.0958274819575
TGO,NY.GDP.MKTP.KD.ZG,1992,-3.98068681380465
TGO,NY.GDP.MKTP.KD.ZG,1991,-0.699967495023117
TGO,NY.GDP.MKTP.KD.ZG,1990,-0.243656134474705
TGO,NY.GDP.MKTP.KD.ZG,1989,4.06002168353761
TGO,NY.GDP.MKTP.KD.ZG,1988,6.64236977029414
TGO,NY.GDP.MKTP.KD.ZG,1987,0.510162180697307
TGO,NY.GDP.MKTP.KD.ZG,1986,1.5865043145251
TGO,NY.GDP.MKTP.KD.ZG,1985,5.55555216355627
TGO,NY.GDP.MKTP.KD.ZG,1984,5.55555504120959
TGO,NY.GDP.MKTP.KD.ZG,1983,-5.41400778468125
TGO,NY.GDP.MKTP.KD.ZG,1982,-3.58240254629433
TGO,NY.GDP.MKTP.KD.ZG,1981,-3.31518607757171
TGO,NY.GDP.MKTP.KD.ZG,1980,14.5769561096296
TGO,NY.GDP.MKTP.KD.ZG,1979,-5.16774264547425
TGO,NY.GDP.MKTP.KD.ZG,1978,11.0454345072834
TGO,NY.GDP.MKTP.KD.ZG,1977,6.95908537296113
TGO,NY.GDP.MKTP.KD.ZG,1976,-2.05152258707815
TGO,NY.GDP.MKTP.KD.ZG,1975,2.44054118351914
TGO,NY.GDP.MKTP.KD.ZG,1974,4.83284911849424
TGO,NY.GDP.MKTP.KD.ZG,1973,3.83748400245855
TGO,NY.GDP.MKTP.KD.ZG,1972,7.6251575468784
TGO,NY.GDP.MKTP.KD.ZG,1971,0.0
TGO,NY.GDP.MKTP.KD.ZG,1970,2.52430264526689
TGO,NY.GDP.MKTP.KD.ZG,1969,10.8308683441436
TGO,NY.GDP.MKTP.KD.ZG,1968,5.02369185243529
TGO,NY.GDP.MKTP.KD.ZG,1967,5.50037155762124
TGO,NY.GDP.MKTP.KD.ZG,1966,9.4087191007167
TGO,NY.GDP.MKTP.KD.ZG,1965,15.4597127063262
TGO,NY.GDP.MKTP.KD.ZG,1964,14.2860112631032
TGO,NY.GDP.MKTP.KD.ZG,1963,4.99969427082227
TGO,NY.GDP.MKTP.KD.ZG,1962,3.77365283189978
TGO,NY.GDP.MKTP.KD.ZG,1961,12.1693173716966
TGO,NY.GDP.MKTP.KD.ZG,1960,
TON,NY.GDP.MKTP.KD.ZG,2025,
TON,NY.GDP.MKTP.KD.ZG,2024,
TON,NY.GDP.MKTP.KD.ZG,2023,2.79014366862668
TON,NY.GDP.MKTP.KD.ZG,2022,-2.12854452405193
TON,NY.GDP.MKTP.KD.ZG,2021,-0.934926303735025
TON,NY.GDP.MKTP.KD.ZG,2020,1.80618735341196
TON,NY.GDP.MKTP.KD.ZG,2019,-0.285208794735084
TON,NY.GDP.MKTP.KD.ZG,2018,0.527827266310538
TON,NY.GDP.MKTP.KD.ZG,2017,3.2023165092282
TON,NY.GDP.MKTP.KD.ZG,2016,6.59870436118344
TON,NY.GDP.MKTP.KD.ZG,2015,1.11374405685874
TON,NY.GDP.MKTP.KD.ZG,2014,1.99053625497055
TON,NY.GDP.MKTP.KD.ZG,2013,0.393922530137331
TON,NY.GDP.MKTP.KD.ZG,2012,0.919761024923076
TON,NY.GDP.MKTP.KD.ZG,2011,6.70369746238768
TON,NY.GDP.MKTP.KD.ZG,2010,0.824396914081831
TON,NY.GDP.MKTP.KD.ZG,2009,-5.12917819150532
TON,NY.GDP.MKTP.KD.ZG,2008,4.86284132376997
TON,NY.GDP.MKTP.KD.ZG,2007,-2.46430779100223
TON,NY.GDP.MKTP.KD.ZG,2006,-2.16566342680382
TON,NY.GDP.MKTP.KD.ZG,2005,-0.657650703495165
TON,NY.GDP.MKTP.KD.ZG,2004,-1.96794740326561
TON,NY.GDP.MKTP.KD.ZG,2003,0.0518054450729011
TON,NY.GDP.MKTP.KD.ZG,2002,4.4292235994526
TON,NY.GDP.MKTP.KD.ZG,2001,1.49248125545273
TON,NY.GDP.MKTP.KD.ZG,2000,3.75409745006452
TON,NY.GDP.MKTP.KD.ZG,1999,2.30246259770198
TON,NY.GDP.MKTP.KD.ZG,1998,2.2925765040134
TON,NY.GDP.MKTP.KD.ZG,1997,-0.600537843483892
TON,NY.GDP.MKTP.KD.ZG,1996,0.0929181768768501
TON,NY.GDP.MKTP.KD.ZG,1995,6.22816022763234
TON,NY.GDP.MKTP.KD.ZG,1994,4.95252124359504
TON,NY.GDP.MKTP.KD.ZG,1993,3.73805810585928
TON,NY.GDP.MKTP.KD.ZG,1992,0.251973395838817
TON,NY.GDP.MKTP.KD.ZG,1991,6.4149535652702
TON,NY.GDP.MKTP.KD.ZG,1990,-2.0440915137989
TON,NY.GDP.MKTP.KD.ZG,1989,0.389906802973172
TON,NY.GDP.MKTP.KD.ZG,1988,-1.88187195516706
TON,NY.GDP.MKTP.KD.ZG,1987,2.98563769172688
TON,NY.GDP.MKTP.KD.ZG,1986,2.11866086493171
TON,NY.GDP.MKTP.KD.ZG,1985,6.55846354534968
TON,NY.GDP.MKTP.KD.ZG,1984,1.73839202111998
TON,NY.GDP.MKTP.KD.ZG,1983,1.98240271299422
TON,NY.GDP.MKTP.KD.ZG,1982,4.74126542034365
TON,NY.GDP.MKTP.KD.ZG,1981,
TON,NY.GDP.MKTP.KD.ZG,1980,
TON,NY.GDP.MKTP.KD.ZG,1979,
TON,NY.GDP.MKTP.KD.ZG,1978,
TON,NY.GDP.MKTP.KD.ZG,1977,
TON,NY.GDP.MKTP.KD.ZG,1976,
TON,NY.GDP.MKTP.KD.ZG,1975,
TON,NY.GDP.MKTP.KD.ZG,1974,
TON,NY.GDP.MKTP.KD.ZG,1973,
TON,NY.GDP.MKTP.KD.ZG,1972,
TON,NY.GDP.MKTP.KD.ZG,1971,
TON,NY.GDP.MKTP.KD.ZG,1970,
TON,NY.GDP.MKTP.KD.ZG,1969,
TON,NY.GDP.MKTP.KD.ZG,1968,
TON,NY.GDP.MKTP.KD.ZG,1967,
TON,NY.GDP.MKTP.KD.ZG,1966,
TON,NY.GDP.MKTP.KD.ZG,1965,
TON,NY.GDP.MKTP.KD.ZG,1964,
TON,NY.GDP.MKTP.KD.ZG,1963,
TON,NY.GDP.MKTP.KD.ZG,1962,
TON,NY.GDP.MKTP.KD.ZG,1961,
TON,NY.GDP.MKTP.KD.ZG,1960,
TTO,NY.GDP.MKTP.KD.ZG,2025,
TTO,NY.GDP.MKTP.KD.ZG,2024,2.50920813979569
TTO,NY.GDP.MKTP.KD.ZG,2023,1.46645947294053
TTO,NY.GDP.MKTP.KD.ZG,2022,0.86126082651883
TTO,NY.GDP.MKTP.KD.ZG,2021,-0.716740625909793
TTO,NY.GDP.MKTP.KD.ZG,2020,-8.78879817831519
TTO,NY.GDP.MKTP.KD.ZG,2019,0.467734528855885
TTO,NY.GDP.MKTP.KD.ZG,2018,-0.945449700943314
TTO,NY.GDP.MKTP.KD.ZG,2017,-4.87274946918724
TTO,NY.GDP.MKTP.KD.ZG,2016,-7.53636305379372
TTO,NY.GDP.MKTP.KD.ZG,2015,-0.406283288730492
TTO,NY.GDP.MKTP.KD.ZG,2014,3.67086851032413
TTO,NY.GDP.MKTP.KD.ZG,2013,3.36819291689019
TTO,NY.GDP.MKTP.KD.ZG,2012,6.71074625448722
TTO,NY.GDP.MKTP.KD.ZG,2011,-0.294354409043763
TTO,NY.GDP.MKTP.KD.ZG,2010,3.32322471027371
TTO,NY.GDP.MKTP.KD.ZG,2009,-4.3917292474614
TTO,NY.GDP.MKTP.KD.ZG,2008,3.39173707807387
TTO,NY.GDP.MKTP.KD.ZG,2007,4.75420970092722
TTO,NY.GDP.MKTP.KD.ZG,2006,13.2080586051735
TTO,NY.GDP.MKTP.KD.ZG,2005,6.20893787954175
TTO,NY.GDP.MKTP.KD.ZG,2004,7.95005151069972
TTO,NY.GDP.MKTP.KD.ZG,2003,14.4409895389734
TTO,NY.GDP.MKTP.KD.ZG,2002,7.93670968715332
TTO,NY.GDP.MKTP.KD.ZG,2001,4.16852398185424
TTO,NY.GDP.MKTP.KD.ZG,2000,6.90135959072803
TTO,NY.GDP.MKTP.KD.ZG,1999,8.02481764350063
TTO,NY.GDP.MKTP.KD.ZG,1998,8.1245639965458
TTO,NY.GDP.MKTP.KD.ZG,1997,7.52285462627518
TTO,NY.GDP.MKTP.KD.ZG,1996,7.13447746480871
TTO,NY.GDP.MKTP.KD.ZG,1995,3.80991314364765
TTO,NY.GDP.MKTP.KD.ZG,1994,3.56718060581952
TTO,NY.GDP.MKTP.KD.ZG,1993,-0.66911476645933
TTO,NY.GDP.MKTP.KD.ZG,1992,10.092979512969
TTO,NY.GDP.MKTP.KD.ZG,1991,3.11240786575588
TTO,NY.GDP.MKTP.KD.ZG,1990,1.50916784295177
TTO,NY.GDP.MKTP.KD.ZG,1989,-0.829914212231699
TTO,NY.GDP.MKTP.KD.ZG,1988,-3.91972405050394
TTO,NY.GDP.MKTP.KD.ZG,1987,-4.56177853811394
TTO,NY.GDP.MKTP.KD.ZG,1986,-3.27916304799267
TTO,NY.GDP.MKTP.KD.ZG,1985,-4.1194195543724
TTO,NY.GDP.MKTP.KD.ZG,1984,-5.75090617005851
TTO,NY.GDP.MKTP.KD.ZG,1983,-10.3003284842942
TTO,NY.GDP.MKTP.KD.ZG,1982,3.79931807144484
TTO,NY.GDP.MKTP.KD.ZG,1981,4.57720855842996
TTO,NY.GDP.MKTP.KD.ZG,1980,10.390810137283
TTO,NY.GDP.MKTP.KD.ZG,1979,3.59936750975606
TTO,NY.GDP.MKTP.KD.ZG,1978,10.0164804979013
TTO,NY.GDP.MKTP.KD.ZG,1977,9.12179038765797
TTO,NY.GDP.MKTP.KD.ZG,1976,6.40514537866505
TTO,NY.GDP.MKTP.KD.ZG,1975,1.47796537123553
TTO,NY.GDP.MKTP.KD.ZG,1974,3.80760400856937
TTO,NY.GDP.MKTP.KD.ZG,1973,1.65642076642045
TTO,NY.GDP.MKTP.KD.ZG,1972,5.78034681913935
TTO,NY.GDP.MKTP.KD.ZG,1971,1.04033582781962
TTO,NY.GDP.MKTP.KD.ZG,1970,3.53363567797224
TTO,NY.GDP.MKTP.KD.ZG,1969,2.73068461003507
TTO,NY.GDP.MKTP.KD.ZG,1968,5.21514161490035
TTO,NY.GDP.MKTP.KD.ZG,1967,2.04251771480521
TTO,NY.GDP.MKTP.KD.ZG,1966,4.05682156067668
TTO,NY.GDP.MKTP.KD.ZG,1965,0.693850281194557
TTO,NY.GDP.MKTP.KD.ZG,1964,7.63049977210248
TTO,NY.GDP.MKTP.KD.ZG,1963,5.60459724643465
TTO,NY.GDP.MKTP.KD.ZG,1962,2.74246314643362
TTO,NY.GDP.MKTP.KD.ZG,1961,14.037070864503
TTO,NY.GDP.MKTP.KD.ZG,1960,
TUN,NY.GDP.MKTP.KD.ZG,2025,
TUN,NY.GDP.MKTP.KD.ZG,2024,1.61444564976986
TUN,NY.GDP.MKTP.KD.ZG,2023,0.184015548469745
TUN,NY.GDP.MKTP.KD.ZG,2022,2.75228761004381
TUN,NY.GDP.MKTP.KD.ZG,2021,4.73603648206102
TUN,NY.GDP.MKTP.KD.ZG,2020,-8.97512622934723
TUN,NY.GDP.MKTP.KD.ZG,2019,1.55009304966742
TUN,NY.GDP.MKTP.KD.ZG,2018,2.60696965356362
TUN,NY.GDP.MKTP.KD.ZG,2017,2.25261437620587
TUN,NY.GDP.MKTP.KD.ZG,2016,1.117231963992
TUN,NY.GDP.MKTP.KD.ZG,2015,0.967834205635981
TUN,NY.GDP.MKTP.KD.ZG,2014,3.09032803070775
TUN,NY.GDP.MKTP.KD.ZG,2013,2.42993096446429
TUN,NY.GDP.MKTP.KD.ZG,2012,4.21667711535632
TUN,NY.GDP.MKTP.KD.ZG,2011,-2.04663389535644
TUN,NY.GDP.MKTP.KD.ZG,2010,2.97113275066512
TUN,NY.GDP.MKTP.KD.ZG,2009,3.04345012371552
TUN,NY.GDP.MKTP.KD.ZG,2008,4.23778147502819
TUN,NY.GDP.MKTP.KD.ZG,2007,6.70952097453554
TUN,NY.GDP.MKTP.KD.ZG,2006,5.24409983246916
TUN,NY.GDP.MKTP.KD.ZG,2005,3.4865455430439
TUN,NY.GDP.MKTP.KD.ZG,2004,6.23579072222647
TUN,NY.GDP.MKTP.KD.ZG,2003,4.70239953285241
TUN,NY.GDP.MKTP.KD.ZG,2002,1.32255714828946
TUN,NY.GDP.MKTP.KD.ZG,2001,3.79627166202512
TUN,NY.GDP.MKTP.KD.ZG,2000,4.7099729138049
TUN,NY.GDP.MKTP.KD.ZG,1999,6.05463447898158
TUN,NY.GDP.MKTP.KD.ZG,1998,4.78376247825665
TUN,NY.GDP.MKTP.KD.ZG,1997,5.44094350107467
TUN,NY.GDP.MKTP.KD.ZG,1996,7.14608096782061
TUN,NY.GDP.MKTP.KD.ZG,1995,2.35166985086541
TUN,NY.GDP.MKTP.KD.ZG,1994,3.17841132209441
TUN,NY.GDP.MKTP.KD.ZG,1993,2.18982886145824
TUN,NY.GDP.MKTP.KD.ZG,1992,7.80572887722397
TUN,NY.GDP.MKTP.KD.ZG,1991,3.90454530313198
TUN,NY.GDP.MKTP.KD.ZG,1990,7.94981943665461
TUN,NY.GDP.MKTP.KD.ZG,1989,1.74669912824352
TUN,NY.GDP.MKTP.KD.ZG,1988,0.0721590773964209
TUN,NY.GDP.MKTP.KD.ZG,1987,6.70137109577689
TUN,NY.GDP.MKTP.KD.ZG,1986,-1.44698841417973
TUN,NY.GDP.MKTP.KD.ZG,1985,5.6485732365982
TUN,NY.GDP.MKTP.KD.ZG,1984,5.74884326252969
TUN,NY.GDP.MKTP.KD.ZG,1983,4.68191738527311
TUN,NY.GDP.MKTP.KD.ZG,1982,-0.493737604022272
TUN,NY.GDP.MKTP.KD.ZG,1981,5.51407282903942
TUN,NY.GDP.MKTP.KD.ZG,1980,7.41873959497985
TUN,NY.GDP.MKTP.KD.ZG,1979,6.56752117644017
TUN,NY.GDP.MKTP.KD.ZG,1978,6.44047353293125
TUN,NY.GDP.MKTP.KD.ZG,1977,3.41109584954947
TUN,NY.GDP.MKTP.KD.ZG,1976,7.87685265272428
TUN,NY.GDP.MKTP.KD.ZG,1975,7.15609990912363
TUN,NY.GDP.MKTP.KD.ZG,1974,8.0747823343126
TUN,NY.GDP.MKTP.KD.ZG,1973,-0.65464350226631
TUN,NY.GDP.MKTP.KD.ZG,1972,17.7427182610332
TUN,NY.GDP.MKTP.KD.ZG,1971,10.5601974806863
TUN,NY.GDP.MKTP.KD.ZG,1970,4.6696317726705
TUN,NY.GDP.MKTP.KD.ZG,1969,4.74781540363225
TUN,NY.GDP.MKTP.KD.ZG,1968,10.4097285884098
TUN,NY.GDP.MKTP.KD.ZG,1967,0.161952470326938
TUN,NY.GDP.MKTP.KD.ZG,1966,3.45486789269532
TUN,NY.GDP.MKTP.KD.ZG,1965,-2.5366922286227
TUN,NY.GDP.MKTP.KD.ZG,1964,-4.6759498576432
TUN,NY.GDP.MKTP.KD.ZG,1963,-10.7339947141916
TUN,NY.GDP.MKTP.KD.ZG,1962,-4.59008450551823
TUN,NY.GDP.MKTP.KD.ZG,1961,
TUN,NY.GDP.MKTP.KD.ZG,1960,
TUR,NY.GDP.MKTP.KD.ZG,2025,
TUR,NY.GDP.MKTP.KD.ZG,2024,3.3276230893799
TUR,NY.GDP.MKTP.KD.ZG,2023,5.04512369812289
TUR,NY.GDP.MKTP.KD.ZG,2022,5.44122511322401
TUR,NY.GDP.MKTP.KD.ZG,2021,11.811094450607
TUR,NY.GDP.MKTP.KD.ZG,2020,1.80306247087255
TUR,NY.GDP.MKTP.KD.ZG,2019,1.30162365464503
TUR,NY.GDP.MKTP.KD.ZG,2018,3.46815306092219
TUR,NY.GDP.MKTP.KD.ZG,2017,7.82585730002594
TUR,NY.GDP.MKTP.KD.ZG,2016,3.32366508200445
TUR,NY.GDP.MKTP.KD.ZG,2015,5.80557386628684
TUR,NY.GDP.MKTP.KD.ZG,2014,4.60079447270559
TUR,NY.GDP.MKTP.KD.ZG,2013,8.48825689298511
TUR,NY.GDP.MKTP.KD.ZG,2012,4.80762696633448
TUR,NY.GDP.MKTP.KD.ZG,2011,10.9799625273598
TUR,NY.GDP.MKTP.KD.ZG,2010,8.54219848467686
TUR,NY.GDP.MKTP.KD.ZG,2009,-4.88269401706633
TUR,NY.GDP.MKTP.KD.ZG,2008,0.920118221365883
TUR,NY.GDP.MKTP.KD.ZG,2007,5.10818513903604
TUR,NY.GDP.MKTP.KD.ZG,2006,7.06762607623939
TUR,NY.GDP.MKTP.KD.ZG,2005,9.11157745861635
TUR,NY.GDP.MKTP.KD.ZG,2004,9.92540551918624
TUR,NY.GDP.MKTP.KD.ZG,2003,5.79909321038525
TUR,NY.GDP.MKTP.KD.ZG,2002,6.43550883793114
TUR,NY.GDP.MKTP.KD.ZG,2001,-5.45940838563062
TUR,NY.GDP.MKTP.KD.ZG,2000,6.98528697817062
TUR,NY.GDP.MKTP.KD.ZG,1999,-3.05277055759434
TUR,NY.GDP.MKTP.KD.ZG,1998,1.90857064345151
TUR,NY.GDP.MKTP.KD.ZG,1997,7.3578623747848
TUR,NY.GDP.MKTP.KD.ZG,1996,7.15779847930847
TUR,NY.GDP.MKTP.KD.ZG,1995,7.87826687618991
TUR,NY.GDP.MKTP.KD.ZG,1994,-4.66814736394839
TUR,NY.GDP.MKTP.KD.ZG,1993,7.65126520301509
TUR,NY.GDP.MKTP.KD.ZG,1992,5.03563493896803
TUR,NY.GDP.MKTP.KD.ZG,1991,0.720279035610119
TUR,NY.GDP.MKTP.KD.ZG,1990,9.26614667149315
TUR,NY.GDP.MKTP.KD.ZG,1989,0.2902440687796
TUR,NY.GDP.MKTP.KD.ZG,1988,2.32073679394847
TUR,NY.GDP.MKTP.KD.ZG,1987,9.48553884246728
TUR,NY.GDP.MKTP.KD.ZG,1986,7.01203111054394
TUR,NY.GDP.MKTP.KD.ZG,1985,4.24133571639942
TUR,NY.GDP.MKTP.KD.ZG,1984,6.71201571206028
TUR,NY.GDP.MKTP.KD.ZG,1983,4.97108077727097
TUR,NY.GDP.MKTP.KD.ZG,1982,3.56322781218334
TUR,NY.GDP.MKTP.KD.ZG,1981,4.85664876652028
TUR,NY.GDP.MKTP.KD.ZG,1980,-2.44735042580159
TUR,NY.GDP.MKTP.KD.ZG,1979,-0.62411357022269
TUR,NY.GDP.MKTP.KD.ZG,1978,1.50293301122338
TUR,NY.GDP.MKTP.KD.ZG,1977,3.40666980449136
TUR,NY.GDP.MKTP.KD.ZG,1976,10.4611795563238
TUR,NY.GDP.MKTP.KD.ZG,1975,7.17411268977115
TUR,NY.GDP.MKTP.KD.ZG,1974,5.59447440269354
TUR,NY.GDP.MKTP.KD.ZG,1973,3.26233451840494
TUR,NY.GDP.MKTP.KD.ZG,1972,7.42578832564243
TUR,NY.GDP.MKTP.KD.ZG,1971,5.56669450058796
TUR,NY.GDP.MKTP.KD.ZG,1970,3.23350897293227
TUR,NY.GDP.MKTP.KD.ZG,1969,4.08114562089492
TUR,NY.GDP.MKTP.KD.ZG,1968,6.77799601038105
TUR,NY.GDP.MKTP.KD.ZG,1967,4.73251024393737
TUR,NY.GDP.MKTP.KD.ZG,1966,11.2128150353513
TUR,NY.GDP.MKTP.KD.ZG,1965,2.82352954343872
TUR,NY.GDP.MKTP.KD.ZG,1964,5.45905679838043
TUR,NY.GDP.MKTP.KD.ZG,1963,9.06630555240935
TUR,NY.GDP.MKTP.KD.ZG,1962,5.57142858180481
TUR,NY.GDP.MKTP.KD.ZG,1961,1.15606938539699
TUR,NY.GDP.MKTP.KD.ZG,1960,
TKM,NY.GDP.MKTP.KD.ZG,2025,
TKM,NY.GDP.MKTP.KD.ZG,2024,6.2994265836889
TKM,NY.GDP.MKTP.KD.ZG,2023,6.30015758549871
TKM,NY.GDP.MKTP.KD.ZG,2022,6.19999993621698
TKM,NY.GDP.MKTP.KD.ZG,2021,6.20000001747076
TKM,NY.GDP.MKTP.KD.ZG,2020,5.900000048526
TKM,NY.GDP.MKTP.KD.ZG,2019,6.30000004226711
TKM,NY.GDP.MKTP.KD.ZG,2018,6.19999994137119
TKM,NY.GDP.MKTP.KD.ZG,2017,6.50000004682975
TKM,NY.GDP.MKTP.KD.ZG,2016,6.1999999664301
TKM,NY.GDP.MKTP.KD.ZG,2015,6.49999990951666
TKM,NY.GDP.MKTP.KD.ZG,2014,10.2999999705459
TKM,NY.GDP.MKTP.KD.ZG,2013,10.200000101399
TKM,NY.GDP.MKTP.KD.ZG,2012,11.0999999615545
TKM,NY.GDP.MKTP.KD.ZG,2011,14.6999999278723
TKM,NY.GDP.MKTP.KD.ZG,2010,9.19999998805483
TKM,NY.GDP.MKTP.KD.ZG,2009,6.10000011485643
TKM,NY.GDP.MKTP.KD.ZG,2008,14.7
TKM,NY.GDP.MKTP.KD.ZG,2007,11.05929947045
TKM,NY.GDP.MKTP.KD.ZG,2006,10.9733083254017
TKM,NY.GDP.MKTP.KD.ZG,2005,13.034034870022
TKM,NY.GDP.MKTP.KD.ZG,2004,5.00040743766748
TKM,NY.GDP.MKTP.KD.ZG,2003,3.26882855955344
TKM,NY.GDP.MKTP.KD.ZG,2002,0.257179925006284
TKM,NY.GDP.MKTP.KD.ZG,2001,4.34384571432727
TKM,NY.GDP.MKTP.KD.ZG,2000,5.46906413252854
TKM,NY.GDP.MKTP.KD.ZG,1999,16.4999994972271
TKM,NY.GDP.MKTP.KD.ZG,1998,7.10000034386493
TKM,NY.GDP.MKTP.KD.ZG,1997,-11.4000002276613
TKM,NY.GDP.MKTP.KD.ZG,1996,6.69999216064754
TKM,NY.GDP.MKTP.KD.ZG,1995,-7.2000409344549
TKM,NY.GDP.MKTP.KD.ZG,1994,-17.2998604721341
TKM,NY.GDP.MKTP.KD.ZG,1993,1.50000017391807
TKM,NY.GDP.MKTP.KD.ZG,1992,-14.965986595768
TKM,NY.GDP.MKTP.KD.ZG,1991,-4.60526321358375
TKM,NY.GDP.MKTP.KD.ZG,1990,35.3845581084463
TKM,NY.GDP.MKTP.KD.ZG,1989,-4.25531950689702
TKM,NY.GDP.MKTP.KD.ZG,1988,11.0236221751372
TKM,NY.GDP.MKTP.KD.ZG,1987,
TKM,NY.GDP.MKTP.KD.ZG,1986,
TKM,NY.GDP.MKTP.KD.ZG,1985,
TKM,NY.GDP.MKTP.KD.ZG,1984,
TKM,NY.GDP.MKTP.KD.ZG,1983,
TKM,NY.GDP.MKTP.KD.ZG,1982,
TKM,NY.GDP.MKTP.KD.ZG,1981,
TKM,NY.GDP.MKTP.KD.ZG,1980,
TKM,NY.GDP.MKTP.KD.ZG,1979,
TKM,NY.GDP.MKTP.KD.ZG,1978,
TKM,NY.GDP.MKTP.KD.ZG,1977,
TKM,NY.GDP.MKTP.KD.ZG,1976,
TKM,NY.GDP.MKTP.KD.ZG,1975,
TKM,NY.GDP.MKTP.KD.ZG,1974,
TKM,NY.GDP.MKTP.KD.ZG,1973,
TKM,NY.GDP.MKTP.KD.ZG,1972,
TKM,NY.GDP.MKTP.KD.ZG,1971,
TKM,NY.GDP.MKTP.KD.ZG,1970,
TKM,NY.GDP.MKTP.KD.ZG,1969,
TKM,NY.GDP.MKTP.KD.ZG,1968,
TKM,NY.GDP.MKTP.KD.ZG,1967,
TKM,NY.GDP.MKTP.KD.ZG,1966,
TKM,NY.GDP.MKTP.KD.ZG,1965,
TKM,NY.GDP.MKTP.KD.ZG,1964,
TKM,NY.GDP.MKTP.KD.ZG,1963,
TKM,NY.GDP.MKTP.KD.ZG,1962,
TKM,NY.GDP.MKTP.KD.ZG,1961,
TKM,NY.GDP.MKTP.KD.ZG,1960,
TCA,NY.GDP.MKTP.KD.ZG,2025,
TCA,NY.GDP.MKTP.KD.ZG,2024,5.63682517443362
TCA,NY.GDP.MKTP.KD.ZG,2023,13.7311481139228
TCA,NY.GDP.MKTP.KD.ZG,2022,14.0871234168153
TCA,NY.GDP.MKTP.KD.ZG,2021,29.6293781722414
TCA,NY.GDP.MKTP.KD.ZG,2020,-33.8170973434652
TCA,NY.GDP.MKTP.KD.ZG,2019,4.98170549382992
TCA,NY.GDP.MKTP.KD.ZG,2018,6.75264845178367
TCA,NY.GDP.MKTP.KD.ZG,2017,74.5879880544188
TCA,NY.GDP.MKTP.KD.ZG,2016,7.25118627570265
TCA,NY.GDP.MKTP.KD.ZG,2015,11.3148293929929
TCA,NY.GDP.MKTP.KD.ZG,2014,8.71129580824217
TCA,NY.GDP.MKTP.KD.ZG,2013,1.07088049554032
TCA,NY.GDP.MKTP.KD.ZG,2012,-2.66655562053364
TCA,NY.GDP.MKTP.KD.ZG,2011,4.62049892978239
TCA,NY.GDP.MKTP.KD.ZG,2010,0.984924853810682
TCA,NY.GDP.MKTP.KD.ZG,2009,-19.5502467595022
TCA,NY.GDP.MKTP.KD.ZG,2008,8.27189312486149
TCA,NY.GDP.MKTP.KD.ZG,2007,
TCA,NY.GDP.MKTP.KD.ZG,2006,
TCA,NY.GDP.MKTP.KD.ZG,2005,
TCA,NY.GDP.MKTP.KD.ZG,2004,
TCA,NY.GDP.MKTP.KD.ZG,2003,
TCA,NY.GDP.MKTP.KD.ZG,2002,
TCA,NY.GDP.MKTP.KD.ZG,2001,
TCA,NY.GDP.MKTP.KD.ZG,2000,
TCA,NY.GDP.MKTP.KD.ZG,1999,
TCA,NY.GDP.MKTP.KD.ZG,1998,
TCA,NY.GDP.MKTP.KD.ZG,1997,
TCA,NY.GDP.MKTP.KD.ZG,1996,
TCA,NY.GDP.MKTP.KD.ZG,1995,
TCA,NY.GDP.MKTP.KD.ZG,1994,
TCA,NY.GDP.MKTP.KD.ZG,1993,
TCA,NY.GDP.MKTP.KD.ZG,1992,
TCA,NY.GDP.MKTP.KD.ZG,1991,
TCA,NY.GDP.MKTP.KD.ZG,1990,
TCA,NY.GDP.MKTP.KD.ZG,1989,
TCA,NY.GDP.MKTP.KD.ZG,1988,
TCA,NY.GDP.MKTP.KD.ZG,1987,
TCA,NY.GDP.MKTP.KD.ZG,1986,
TCA,NY.GDP.MKTP.KD.ZG,1985,
TCA,NY.GDP.MKTP.KD.ZG,1984,
TCA,NY.GDP.MKTP.KD.ZG,1983,
TCA,NY.GDP.MKTP.KD.ZG,1982,
TCA,NY.GDP.MKTP.KD.ZG,1981,
TCA,NY.GDP.MKTP.KD.ZG,1980,
TCA,NY.GDP.MKTP.KD.ZG,1979,
TCA,NY.GDP.MKTP.KD.ZG,1978,
TCA,NY.GDP.MKTP.KD.ZG,1977,
TCA,NY.GDP.MKTP.KD.ZG,1976,
TCA,NY.GDP.MKTP.KD.ZG,1975,
TCA,NY.GDP.MKTP.KD.ZG,1974,
TCA,NY.GDP.MKTP.KD.ZG,1973,
TCA,NY.GDP.MKTP.KD.ZG,1972,
TCA,NY.GDP.MKTP.KD.ZG,1971,
TCA,NY.GDP.MKTP.KD.ZG,1970,
TCA,NY.GDP.MKTP.KD.ZG,1969,
TCA,NY.GDP.MKTP.KD.ZG,1968,
TCA,NY.GDP.MKTP.KD.ZG,1967,
TCA,NY.GDP.MKTP.KD.ZG,1966,
TCA,NY.GDP.MKTP.KD.ZG,1965,
TCA,NY.GDP.MKTP.KD.ZG,1964,
TCA,NY.GDP.MKTP.KD.ZG,1963,
TCA,NY.GDP.MKTP.KD.ZG,1962,
TCA,NY.GDP.MKTP.KD.ZG,1961,
TCA,NY.GDP.MKTP.KD.ZG,1960,
TUV,NY.GDP.MKTP.KD.ZG,2025,
TUV,NY.GDP.MKTP.KD.ZG,2024,
TUV,NY.GDP.MKTP.KD.ZG,2023,3.85280919517032
TUV,NY.GDP.MKTP.KD.ZG,2022,0.677309361438304
TUV,NY.GDP.MKTP.KD.ZG,2021,1.8041359113616
TUV,NY.GDP.MKTP.KD.ZG,2020,-4.27493206901397
TUV,NY.GDP.MKTP.KD.ZG,2019,13.8220984406966
TUV,NY.GDP.MKTP.KD.ZG,2018,1.38728384151602
TUV,NY.GDP.MKTP.KD.ZG,2017,2.44839285714286
TUV,NY.GDP.MKTP.KD.ZG,2016,5.66037735849056
TUV,NY.GDP.MKTP.KD.ZG,2015,10.4166666666667
TUV,NY.GDP.MKTP.KD.ZG,2014,0.0
TUV,NY.GDP.MKTP.KD.ZG,2013,4.34782608695652
TUV,NY.GDP.MKTP.KD.ZG,2012,-2.12765957446808
TUV,NY.GDP.MKTP.KD.ZG,2011,6.81818181818181
TUV,NY.GDP.MKTP.KD.ZG,2010,-2.22222222222223
TUV,NY.GDP.MKTP.KD.ZG,2009,-6.25
TUV,NY.GDP.MKTP.KD.ZG,2008,6.66666666666667
TUV,NY.GDP.MKTP.KD.ZG,2007,7.14285714285714
TUV,NY.GDP.MKTP.KD.ZG,2006,2.4390243902439
TUV,NY.GDP.MKTP.KD.ZG,2005,-4.65116279069767
TUV,NY.GDP.MKTP.KD.ZG,2004,-2.27272727272727
TUV,NY.GDP.MKTP.KD.ZG,2003,-4.34782608695652
TUV,NY.GDP.MKTP.KD.ZG,2002,9.52380952380953
TUV,NY.GDP.MKTP.KD.ZG,2001,0.0
TUV,NY.GDP.MKTP.KD.ZG,2000,-0.970489205783323
TUV,NY.GDP.MKTP.KD.ZG,1999,-1.56387082399142
TUV,NY.GDP.MKTP.KD.ZG,1998,15.5011661260488
TUV,NY.GDP.MKTP.KD.ZG,1997,10.0033027825943
TUV,NY.GDP.MKTP.KD.ZG,1996,-5.96137047461905
TUV,NY.GDP.MKTP.KD.ZG,1995,-5.00445203133808
TUV,NY.GDP.MKTP.KD.ZG,1994,10.2833768150468
TUV,NY.GDP.MKTP.KD.ZG,1993,4.11082376782662
TUV,NY.GDP.MKTP.KD.ZG,1992,2.7887888821527
TUV,NY.GDP.MKTP.KD.ZG,1991,3.60918332621661
TUV,NY.GDP.MKTP.KD.ZG,1990,15.376
TUV,NY.GDP.MKTP.KD.ZG,1989,-1.94779999999992
TUV,NY.GDP.MKTP.KD.ZG,1988,19.307
TUV,NY.GDP.MKTP.KD.ZG,1987,12.2568999999999
TUV,NY.GDP.MKTP.KD.ZG,1986,22.5855000000002
TUV,NY.GDP.MKTP.KD.ZG,1985,-1.83509999999991
TUV,NY.GDP.MKTP.KD.ZG,1984,7.46100000000006
TUV,NY.GDP.MKTP.KD.ZG,1983,8.97359999999938
TUV,NY.GDP.MKTP.KD.ZG,1982,-16.0091
TUV,NY.GDP.MKTP.KD.ZG,1981,2.60030000000026
TUV,NY.GDP.MKTP.KD.ZG,1980,-0.639500000000027
TUV,NY.GDP.MKTP.KD.ZG,1979,-0.396800000000113
TUV,NY.GDP.MKTP.KD.ZG,1978,-1.8324999999999
TUV,NY.GDP.MKTP.KD.ZG,1977,-3.74149999999992
TUV,NY.GDP.MKTP.KD.ZG,1976,-0.84509999999986
TUV,NY.GDP.MKTP.KD.ZG,1975,-1.50650000000014
TUV,NY.GDP.MKTP.KD.ZG,1974,-1.67810000000009
TUV,NY.GDP.MKTP.KD.ZG,1973,-1.93050000000022
TUV,NY.GDP.MKTP.KD.ZG,1972,-1.94999999999985
TUV,NY.GDP.MKTP.KD.ZG,1971,-1.58370000000018
TUV,NY.GDP.MKTP.KD.ZG,1970,
TUV,NY.GDP.MKTP.KD.ZG,1969,
TUV,NY.GDP.MKTP.KD.ZG,1968,
TUV,NY.GDP.MKTP.KD.ZG,1967,
TUV,NY.GDP.MKTP.KD.ZG,1966,
TUV,NY.GDP.MKTP.KD.ZG,1965,
TUV,NY.GDP.MKTP.KD.ZG,1964,
TUV,NY.GDP.MKTP.KD.ZG,1963,
TUV,NY.GDP.MKTP.KD.ZG,1962,
TUV,NY.GDP.MKTP.KD.ZG,1961,
TUV,NY.GDP.MKTP.KD.ZG,1960,
UGA,NY.GDP.MKTP.KD.ZG,2025,
UGA,NY.GDP.MKTP.KD.ZG,2024,6.05558075875589
UGA,NY.GDP.MKTP.KD.ZG,2023,5.33697295511469
UGA,NY.GDP.MKTP.KD.ZG,2022,4.58802192181773
UGA,NY.GDP.MKTP.KD.ZG,2021,3.53658034070898
UGA,NY.GDP.MKTP.KD.ZG,2020,2.95130642218098
UGA,NY.GDP.MKTP.KD.ZG,2019,6.43874503276439
UGA,NY.GDP.MKTP.KD.ZG,2018,6.30392378262997
UGA,NY.GDP.MKTP.KD.ZG,2017,3.13140551723596
UGA,NY.GDP.MKTP.KD.ZG,2016,4.78100029254482
UGA,NY.GDP.MKTP.KD.ZG,2015,5.18785986002466
UGA,NY.GDP.MKTP.KD.ZG,2014,5.10630732539796
UGA,NY.GDP.MKTP.KD.ZG,2013,3.58690582623025
UGA,NY.GDP.MKTP.KD.ZG,2012,3.83745560605229
UGA,NY.GDP.MKTP.KD.ZG,2011,9.3916554927176
UGA,NY.GDP.MKTP.KD.ZG,2010,5.63761163749757
UGA,NY.GDP.MKTP.KD.ZG,2009,6.80151734860395
UGA,NY.GDP.MKTP.KD.ZG,2008,8.70875190154499
UGA,NY.GDP.MKTP.KD.ZG,2007,8.41242596551071
UGA,NY.GDP.MKTP.KD.ZG,2006,10.7847443857453
UGA,NY.GDP.MKTP.KD.ZG,2005,6.33256511623156
UGA,NY.GDP.MKTP.KD.ZG,2004,6.80723334361883
UGA,NY.GDP.MKTP.KD.ZG,2003,6.47325867166543
UGA,NY.GDP.MKTP.KD.ZG,2002,8.73268576440127
UGA,NY.GDP.MKTP.KD.ZG,2001,5.18366112490236
UGA,NY.GDP.MKTP.KD.ZG,2000,3.141907338187
UGA,NY.GDP.MKTP.KD.ZG,1999,8.05394837724197
UGA,NY.GDP.MKTP.KD.ZG,1998,4.90526548451564
UGA,NY.GDP.MKTP.KD.ZG,1997,5.10000186476283
UGA,NY.GDP.MKTP.KD.ZG,1996,9.07211457909349
UGA,NY.GDP.MKTP.KD.ZG,1995,11.5232438119529
UGA,NY.GDP.MKTP.KD.ZG,1994,6.40363574007452
UGA,NY.GDP.MKTP.KD.ZG,1993,8.32629251939072
UGA,NY.GDP.MKTP.KD.ZG,1992,3.41835689468401
UGA,NY.GDP.MKTP.KD.ZG,1991,5.55409549507921
UGA,NY.GDP.MKTP.KD.ZG,1990,6.47414015255596
UGA,NY.GDP.MKTP.KD.ZG,1989,6.36194124395438
UGA,NY.GDP.MKTP.KD.ZG,1988,8.26707354577805
UGA,NY.GDP.MKTP.KD.ZG,1987,3.96190278946132
UGA,NY.GDP.MKTP.KD.ZG,1986,0.390086943062727
UGA,NY.GDP.MKTP.KD.ZG,1985,-3.30638000677493
UGA,NY.GDP.MKTP.KD.ZG,1984,-0.344676680158472
UGA,NY.GDP.MKTP.KD.ZG,1983,5.74455771307937
UGA,NY.GDP.MKTP.KD.ZG,1982,
UGA,NY.GDP.MKTP.KD.ZG,1981,
UGA,NY.GDP.MKTP.KD.ZG,1980,
UGA,NY.GDP.MKTP.KD.ZG,1979,
UGA,NY.GDP.MKTP.KD.ZG,1978,
UGA,NY.GDP.MKTP.KD.ZG,1977,
UGA,NY.GDP.MKTP.KD.ZG,1976,
UGA,NY.GDP.MKTP.KD.ZG,1975,
UGA,NY.GDP.MKTP.KD.ZG,1974,
UGA,NY.GDP.MKTP.KD.ZG,1973,
UGA,NY.GDP.MKTP.KD.ZG,1972,
UGA,NY.GDP.MKTP.KD.ZG,1971,
UGA,NY.GDP.MKTP.KD.ZG,1970,
UGA,NY.GDP.MKTP.KD.ZG,1969,
UGA,NY.GDP.MKTP.KD.ZG,1968,
UGA,NY.GDP.MKTP.KD.ZG,1967,
UGA,NY.GDP.MKTP.KD.ZG,1966,
UGA,NY.GDP.MKTP.KD.ZG,1965,
UGA,NY.GDP.MKTP.KD.ZG,1964,
UGA,NY.GDP.MKTP.KD.ZG,1963,
UGA,NY.GDP.MKTP.KD.ZG,1962,
UGA,NY.GDP.MKTP.KD.ZG,1961,
UGA,NY.GDP.MKTP.KD.ZG,1960,
UKR,NY.GDP.MKTP.KD.ZG,2025,
UKR,NY.GDP.MKTP.KD.ZG,2024,2.9138222142611
UKR,NY.GDP.MKTP.KD.ZG,2023,5.53473354963334
UKR,NY.GDP.MKTP.KD.ZG,2022,-28.7585842155085
UKR,NY.GDP.MKTP.KD.ZG,2021,3.44562065945944
UKR,NY.GDP.MKTP.KD.ZG,2020,-3.75281793983162
UKR,NY.GDP.MKTP.KD.ZG,2019,3.19950386354134
UKR,NY.GDP.MKTP.KD.ZG,2018,3.48836234022659
UKR,NY.GDP.MKTP.KD.ZG,2017,2.35997228099491
UKR,NY.GDP.MKTP.KD.ZG,2016,2.44098194492067
UKR,NY.GDP.MKTP.KD.ZG,2015,-9.7729872128676
UKR,NY.GDP.MKTP.KD.ZG,2014,-10.0788949840953
UKR,NY.GDP.MKTP.KD.ZG,2013,0.045439094492707
UKR,NY.GDP.MKTP.KD.ZG,2012,0.152314967200653
UKR,NY.GDP.MKTP.KD.ZG,2011,5.44528081048476
UKR,NY.GDP.MKTP.KD.ZG,2010,4.09200436668087
UKR,NY.GDP.MKTP.KD.ZG,2009,-15.1364679101502
UKR,NY.GDP.MKTP.KD.ZG,2008,2.24349159628288
UKR,NY.GDP.MKTP.KD.ZG,2007,8.21584445165715
UKR,NY.GDP.MKTP.KD.ZG,2006,7.57142076322967
UKR,NY.GDP.MKTP.KD.ZG,2005,3.07123039245209
UKR,NY.GDP.MKTP.KD.ZG,2004,11.7953525281136
UKR,NY.GDP.MKTP.KD.ZG,2003,9.51660986436364
UKR,NY.GDP.MKTP.KD.ZG,2002,5.33964720719075
UKR,NY.GDP.MKTP.KD.ZG,2001,8.80000000367222
UKR,NY.GDP.MKTP.KD.ZG,2000,5.90000000024899
UKR,NY.GDP.MKTP.KD.ZG,1999,-0.200000000106499
UKR,NY.GDP.MKTP.KD.ZG,1998,-1.90000000214164
UKR,NY.GDP.MKTP.KD.ZG,1997,-2.99999999842365
UKR,NY.GDP.MKTP.KD.ZG,1996,-10.0
UKR,NY.GDP.MKTP.KD.ZG,1995,-12.2000000007385
UKR,NY.GDP.MKTP.KD.ZG,1994,-22.8999999992283
UKR,NY.GDP.MKTP.KD.ZG,1993,-14.1999999993643
UKR,NY.GDP.MKTP.KD.ZG,1992,-9.90000000204168
UKR,NY.GDP.MKTP.KD.ZG,1991,-8.6999999997216
UKR,NY.GDP.MKTP.KD.ZG,1990,-6.34523512831163
UKR,NY.GDP.MKTP.KD.ZG,1989,3.87310321162344
UKR,NY.GDP.MKTP.KD.ZG,1988,2.56646326960379
UKR,NY.GDP.MKTP.KD.ZG,1987,
UKR,NY.GDP.MKTP.KD.ZG,1986,
UKR,NY.GDP.MKTP.KD.ZG,1985,
UKR,NY.GDP.MKTP.KD.ZG,1984,
UKR,NY.GDP.MKTP.KD.ZG,1983,
UKR,NY.GDP.MKTP.KD.ZG,1982,
UKR,NY.GDP.MKTP.KD.ZG,1981,
UKR,NY.GDP.MKTP.KD.ZG,1980,
UKR,NY.GDP.MKTP.KD.ZG,1979,
UKR,NY.GDP.MKTP.KD.ZG,1978,
UKR,NY.GDP.MKTP.KD.ZG,1977,
UKR,NY.GDP.MKTP.KD.ZG,1976,
UKR,NY.GDP.MKTP.KD.ZG,1975,
UKR,NY.GDP.MKTP.KD.ZG,1974,
UKR,NY.GDP.MKTP.KD.ZG,1973,
UKR,NY.GDP.MKTP.KD.ZG,1972,
UKR,NY.GDP.MKTP.KD.ZG,1971,
UKR,NY.GDP.MKTP.KD.ZG,1970,
UKR,NY.GDP.MKTP.KD.ZG,1969,
UKR,NY.GDP.MKTP.KD.ZG,1968,
UKR,NY.GDP.MKTP.KD.ZG,1967,
UKR,NY.GDP.MKTP.KD.ZG,1966,
UKR,NY.GDP.MKTP.KD.ZG,1965,
UKR,NY.GDP.MKTP.KD.ZG,1964,
UKR,NY.GDP.MKTP.KD.ZG,1963,
UKR,NY.GDP.MKTP.KD.ZG,1962,
UKR,NY.GDP.MKTP.KD.ZG,1961,
UKR,NY.GDP.MKTP.KD.ZG,1960,
ARE,NY.GDP.MKTP.KD.ZG,2025,
ARE,NY.GDP.MKTP.KD.ZG,2024,3.99180705485398
ARE,NY.GDP.MKTP.KD.ZG,2023,4.30118228020602
ARE,NY.GDP.MKTP.KD.ZG,2022,7.51448425801082
ARE,NY.GDP.MKTP.KD.ZG,2021,4.55278571242283
ARE,NY.GDP.MKTP.KD.ZG,2020,-8.69342617885171
ARE,NY.GDP.MKTP.KD.ZG,2019,1.27134240761141
ARE,NY.GDP.MKTP.KD.ZG,2018,1.53716683173516
ARE,NY.GDP.MKTP.KD.ZG,2017,-1.06137661464977
ARE,NY.GDP.MKTP.KD.ZG,2016,5.65793329224303
ARE,NY.GDP.MKTP.KD.ZG,2015,7.08767348587587
ARE,NY.GDP.MKTP.KD.ZG,2014,4.63288144983127
ARE,NY.GDP.MKTP.KD.ZG,2013,4.91847806719888
ARE,NY.GDP.MKTP.KD.ZG,2012,4.6832657020049
ARE,NY.GDP.MKTP.KD.ZG,2011,6.73646786920814
ARE,NY.GDP.MKTP.KD.ZG,2010,1.60285004671343
ARE,NY.GDP.MKTP.KD.ZG,2009,-5.24292190384988
ARE,NY.GDP.MKTP.KD.ZG,2008,3.19183627331763
ARE,NY.GDP.MKTP.KD.ZG,2007,3.18439017324592
ARE,NY.GDP.MKTP.KD.ZG,2006,9.83731976924005
ARE,NY.GDP.MKTP.KD.ZG,2005,4.85514119553341
ARE,NY.GDP.MKTP.KD.ZG,2004,9.56643663767056
ARE,NY.GDP.MKTP.KD.ZG,2003,8.80054081355328
ARE,NY.GDP.MKTP.KD.ZG,2002,2.43345681089617
ARE,NY.GDP.MKTP.KD.ZG,2001,1.39908503706683
ARE,NY.GDP.MKTP.KD.ZG,2000,10.8527042153779
ARE,NY.GDP.MKTP.KD.ZG,1999,2.90221363963283
ARE,NY.GDP.MKTP.KD.ZG,1998,0.291994342094213
ARE,NY.GDP.MKTP.KD.ZG,1997,8.19039864916886
ARE,NY.GDP.MKTP.KD.ZG,1996,5.79840406919965
ARE,NY.GDP.MKTP.KD.ZG,1995,6.68788645972636
ARE,NY.GDP.MKTP.KD.ZG,1994,6.89614855343763
ARE,NY.GDP.MKTP.KD.ZG,1993,1.26119094566648
ARE,NY.GDP.MKTP.KD.ZG,1992,3.34494485849423
ARE,NY.GDP.MKTP.KD.ZG,1991,0.860081947717788
ARE,NY.GDP.MKTP.KD.ZG,1990,18.3279855336307
ARE,NY.GDP.MKTP.KD.ZG,1989,12.3378912821231
ARE,NY.GDP.MKTP.KD.ZG,1988,-2.61890770379121
ARE,NY.GDP.MKTP.KD.ZG,1987,3.38198170911031
ARE,NY.GDP.MKTP.KD.ZG,1986,-14.9581365646217
ARE,NY.GDP.MKTP.KD.ZG,1985,-3.59447651738606
ARE,NY.GDP.MKTP.KD.ZG,1984,4.01695127951238
ARE,NY.GDP.MKTP.KD.ZG,1983,-4.74582069985284
ARE,NY.GDP.MKTP.KD.ZG,1982,-6.71931618568094
ARE,NY.GDP.MKTP.KD.ZG,1981,4.65917667398337
ARE,NY.GDP.MKTP.KD.ZG,1980,23.8747749106529
ARE,NY.GDP.MKTP.KD.ZG,1979,20.923573076849
ARE,NY.GDP.MKTP.KD.ZG,1978,-1.5896033198588
ARE,NY.GDP.MKTP.KD.ZG,1977,21.4393301703121
ARE,NY.GDP.MKTP.KD.ZG,1976,16.52685650611
ARE,NY.GDP.MKTP.KD.ZG,1975,6.22740138862783
ARE,NY.GDP.MKTP.KD.ZG,1974,14.4980412677649
ARE,NY.GDP.MKTP.KD.ZG,1973,76.6201550367607
ARE,NY.GDP.MKTP.KD.ZG,1972,39.0796375886669
ARE,NY.GDP.MKTP.KD.ZG,1971,36.6123778533091
ARE,NY.GDP.MKTP.KD.ZG,1970,
ARE,NY.GDP.MKTP.KD.ZG,1969,
ARE,NY.GDP.MKTP.KD.ZG,1968,
ARE,NY.GDP.MKTP.KD.ZG,1967,
ARE,NY.GDP.MKTP.KD.ZG,1966,
ARE,NY.GDP.MKTP.KD.ZG,1965,
ARE,NY.GDP.MKTP.KD.ZG,1964,
ARE,NY.GDP.MKTP.KD.ZG,1963,
ARE,NY.GDP.MKTP.KD.ZG,1962,
ARE,NY.GDP.MKTP.KD.ZG,1961,
ARE,NY.GDP.MKTP.KD.ZG,1960,
GBR,NY.GDP.MKTP.KD.ZG,2025,
GBR,NY.GDP.MKTP.KD.ZG,2024,1.1264226705118
GBR,NY.GDP.MKTP.KD.ZG,2023,0.271650048355255
GBR,NY.GDP.MKTP.KD.ZG,2022,5.14970388522993
GBR,NY.GDP.MKTP.KD.ZG,2021,8.5431118453255
GBR,NY.GDP.MKTP.KD.ZG,2020,-10.047896637362
GBR,NY.GDP.MKTP.KD.ZG,2019,1.25629899760824
GBR,NY.GDP.MKTP.KD.ZG,2018,1.55133095078786
GBR,NY.GDP.MKTP.KD.ZG,2017,3.02322219840339
GBR,NY.GDP.MKTP.KD.ZG,2016,2.20652020635357
GBR,NY.GDP.MKTP.KD.ZG,2015,2.14040560033371
GBR,NY.GDP.MKTP.KD.ZG,2014,3.16017351468152
GBR,NY.GDP.MKTP.KD.ZG,2013,1.71846961308464
GBR,NY.GDP.MKTP.KD.ZG,2012,1.52826034721852
GBR,NY.GDP.MKTP.KD.ZG,2011,0.851437739020326
GBR,NY.GDP.MKTP.KD.ZG,2010,2.26054460931586
GBR,NY.GDP.MKTP.KD.ZG,2009,-4.58740819226323
GBR,NY.GDP.MKTP.KD.ZG,2008,-0.0494116727402769
GBR,NY.GDP.MKTP.KD.ZG,2007,2.93091133582351
GBR,NY.GDP.MKTP.KD.ZG,2006,2.18982132415704
GBR,NY.GDP.MKTP.KD.ZG,2005,2.7906547174688
GBR,NY.GDP.MKTP.KD.ZG,2004,2.32601853325993
GBR,NY.GDP.MKTP.KD.ZG,2003,3.21851612669614
GBR,NY.GDP.MKTP.KD.ZG,2002,1.70902736258567
GBR,NY.GDP.MKTP.KD.ZG,2001,2.39102229602824
GBR,NY.GDP.MKTP.KD.ZG,2000,4.52438074810904
GBR,NY.GDP.MKTP.KD.ZG,1999,2.94445869854798
GBR,NY.GDP.MKTP.KD.ZG,1998,3.24631482881618
GBR,NY.GDP.MKTP.KD.ZG,1997,4.8799853038024
GBR,NY.GDP.MKTP.KD.ZG,1996,2.61491606949487
GBR,NY.GDP.MKTP.KD.ZG,1995,3.53339096338078
GBR,NY.GDP.MKTP.KD.ZG,1994,4.95341092800692
GBR,NY.GDP.MKTP.KD.ZG,1993,3.49048744653493
GBR,NY.GDP.MKTP.KD.ZG,1992,1.29472849604493
GBR,NY.GDP.MKTP.KD.ZG,1991,-1.29243974751705
GBR,NY.GDP.MKTP.KD.ZG,1990,0.779266119883417
GBR,NY.GDP.MKTP.KD.ZG,1989,2.28144671930745
GBR,NY.GDP.MKTP.KD.ZG,1988,5.0321018040183
GBR,NY.GDP.MKTP.KD.ZG,1987,4.56208082572655
GBR,NY.GDP.MKTP.KD.ZG,1986,4.01232987098167
GBR,NY.GDP.MKTP.KD.ZG,1985,3.59938143817158
GBR,NY.GDP.MKTP.KD.ZG,1984,2.67092491032817
GBR,NY.GDP.MKTP.KD.ZG,1983,3.62434641923983
GBR,NY.GDP.MKTP.KD.ZG,1982,2.09306886432368
GBR,NY.GDP.MKTP.KD.ZG,1981,-1.3234581733779
GBR,NY.GDP.MKTP.KD.ZG,1980,-2.17910220206564
GBR,NY.GDP.MKTP.KD.ZG,1979,2.74677219709527
GBR,NY.GDP.MKTP.KD.ZG,1978,3.40337382855367
GBR,NY.GDP.MKTP.KD.ZG,1977,2.36335094409922
GBR,NY.GDP.MKTP.KD.ZG,1976,2.80465599545295
GBR,NY.GDP.MKTP.KD.ZG,1975,-0.676870194049812
GBR,NY.GDP.MKTP.KD.ZG,1974,-1.67969792645223
GBR,NY.GDP.MKTP.KD.ZG,1973,7.31352424220155
GBR,NY.GDP.MKTP.KD.ZG,1972,3.62637105743457
GBR,NY.GDP.MKTP.KD.ZG,1971,2.00453760135888
GBR,NY.GDP.MKTP.KD.ZG,1970,2.70858153682569
GBR,NY.GDP.MKTP.KD.ZG,1969,1.93913774928538
GBR,NY.GDP.MKTP.KD.ZG,1968,5.47269304472715
GBR,NY.GDP.MKTP.KD.ZG,1967,2.77573771674906
GBR,NY.GDP.MKTP.KD.ZG,1966,1.56744967539477
GBR,NY.GDP.MKTP.KD.ZG,1965,2.13033310359295
GBR,NY.GDP.MKTP.KD.ZG,1964,5.59481102476671
GBR,NY.GDP.MKTP.KD.ZG,1963,4.85954517089937
GBR,NY.GDP.MKTP.KD.ZG,1962,1.09869626167405
GBR,NY.GDP.MKTP.KD.ZG,1961,2.7013141929652
GBR,NY.GDP.MKTP.KD.ZG,1960,
USA,NY.GDP.MKTP.KD.ZG,2025,
USA,NY.GDP.MKTP.KD.ZG,2024,2.79300127716779
USA,NY.GDP.MKTP.KD.ZG,2023,2.88755600749487
USA,NY.GDP.MKTP.KD.ZG,2022,2.51237531986017
USA,NY.GDP.MKTP.KD.ZG,2021,6.05505293244555
USA,NY.GDP.MKTP.KD.ZG,2020,-2.16302914036166
USA,NY.GDP.MKTP.KD.ZG,2019,2.58382533412825
USA,NY.GDP.MKTP.KD.ZG,2018,2.96650506901305
USA,NY.GDP.MKTP.KD.ZG,2017,2.45762229852507
USA,NY.GDP.MKTP.KD.ZG,2016,1.81945147788167
USA,NY.GDP.MKTP.KD.ZG,2015,2.94555045484053
USA,NY.GDP.MKTP.KD.ZG,2014,2.52381981363968
USA,NY.GDP.MKTP.KD.ZG,2013,2.11783009790057
USA,NY.GDP.MKTP.KD.ZG,2012,2.28911338669843
USA,NY.GDP.MKTP.KD.ZG,2011,1.56440685763506
USA,NY.GDP.MKTP.KD.ZG,2010,2.69519257744442
USA,NY.GDP.MKTP.KD.ZG,2009,-2.57650022958367
USA,NY.GDP.MKTP.KD.ZG,2008,0.113587249881704
USA,NY.GDP.MKTP.KD.ZG,2007,2.00385829784946
USA,NY.GDP.MKTP.KD.ZG,2006,2.78453963650701
USA,NY.GDP.MKTP.KD.ZG,2005,3.48354993555606
USA,NY.GDP.MKTP.KD.ZG,2004,3.84777169556921
USA,NY.GDP.MKTP.KD.ZG,2003,2.79560596320081
USA,NY.GDP.MKTP.KD.ZG,2002,1.70044732643726
USA,NY.GDP.MKTP.KD.ZG,2001,0.955538348341605
USA,NY.GDP.MKTP.KD.ZG,2000,4.07758575682804
USA,NY.GDP.MKTP.KD.ZG,1999,4.78842504725272
USA,NY.GDP.MKTP.KD.ZG,1998,4.48313335374613
USA,NY.GDP.MKTP.KD.ZG,1997,4.44712793566428
USA,NY.GDP.MKTP.KD.ZG,1996,3.77277269119453
USA,NY.GDP.MKTP.KD.ZG,1995,2.6844307317787
USA,NY.GDP.MKTP.KD.ZG,1994,4.02902272983438
USA,NY.GDP.MKTP.KD.ZG,1993,2.75179586709815
USA,NY.GDP.MKTP.KD.ZG,1992,3.52249717301392
USA,NY.GDP.MKTP.KD.ZG,1991,-0.108312882368935
USA,NY.GDP.MKTP.KD.ZG,1990,1.88596558187626
USA,NY.GDP.MKTP.KD.ZG,1989,3.67223784383981
USA,NY.GDP.MKTP.KD.ZG,1988,4.1769823865164
USA,NY.GDP.MKTP.KD.ZG,1987,3.45462966856461
USA,NY.GDP.MKTP.KD.ZG,1986,3.46265505694664
USA,NY.GDP.MKTP.KD.ZG,1985,4.16957534699196
USA,NY.GDP.MKTP.KD.ZG,1984,7.23645316474058
USA,NY.GDP.MKTP.KD.ZG,1983,4.58379098362749
USA,NY.GDP.MKTP.KD.ZG,1982,-1.80301378934359
USA,NY.GDP.MKTP.KD.ZG,1981,2.53770126828974
USA,NY.GDP.MKTP.KD.ZG,1980,-0.256775731395592
USA,NY.GDP.MKTP.KD.ZG,1979,3.16598821816159
USA,NY.GDP.MKTP.KD.ZG,1978,5.53520648243719
USA,NY.GDP.MKTP.KD.ZG,1977,4.62418650601657
USA,NY.GDP.MKTP.KD.ZG,1976,5.38803391770217
USA,NY.GDP.MKTP.KD.ZG,1975,-0.205619191121627
USA,NY.GDP.MKTP.KD.ZG,1974,-0.540550192633191
USA,NY.GDP.MKTP.KD.ZG,1973,5.64567976314829
USA,NY.GDP.MKTP.KD.ZG,1972,5.25550195781351
USA,NY.GDP.MKTP.KD.ZG,1971,3.29272245005524
USA,NY.GDP.MKTP.KD.ZG,1970,0.216606498194878
USA,NY.GDP.MKTP.KD.ZG,1969,3.09999999999999
USA,NY.GDP.MKTP.KD.ZG,1968,4.7999999999997
USA,NY.GDP.MKTP.KD.ZG,1967,2.49999999999999
USA,NY.GDP.MKTP.KD.ZG,1966,6.50000000000021
USA,NY.GDP.MKTP.KD.ZG,1965,6.39999999999981
USA,NY.GDP.MKTP.KD.ZG,1964,5.8000000000003
USA,NY.GDP.MKTP.KD.ZG,1963,4.39999999999982
USA,NY.GDP.MKTP.KD.ZG,1962,6.10000000000011
USA,NY.GDP.MKTP.KD.ZG,1961,2.29999999999977
USA,NY.GDP.MKTP.KD.ZG,1960,
URY,NY.GDP.MKTP.KD.ZG,2025,
URY,NY.GDP.MKTP.KD.ZG,2024,3.10825478066172
URY,NY.GDP.MKTP.KD.ZG,2023,0.742128785315927
URY,NY.GDP.MKTP.KD.ZG,2022,4.48622703072073
URY,NY.GDP.MKTP.KD.ZG,2021,5.84427312558179
URY,NY.GDP.MKTP.KD.ZG,2020,-7.35732706484723
URY,NY.GDP.MKTP.KD.ZG,2019,0.928351141267498
URY,NY.GDP.MKTP.KD.ZG,2018,0.164777608940113
URY,NY.GDP.MKTP.KD.ZG,2017,1.74037643374211
URY,NY.GDP.MKTP.KD.ZG,2016,1.68979822971775
URY,NY.GDP.MKTP.KD.ZG,2015,0.370741257681345
URY,NY.GDP.MKTP.KD.ZG,2014,3.23879122952364
URY,NY.GDP.MKTP.KD.ZG,2013,4.63753862902416
URY,NY.GDP.MKTP.KD.ZG,2012,3.53817872056869
URY,NY.GDP.MKTP.KD.ZG,2011,5.16213302463606
URY,NY.GDP.MKTP.KD.ZG,2010,7.8034096507169
URY,NY.GDP.MKTP.KD.ZG,2009,4.24349419462426
URY,NY.GDP.MKTP.KD.ZG,2008,7.17614466455107
URY,NY.GDP.MKTP.KD.ZG,2007,6.54151084504817
URY,NY.GDP.MKTP.KD.ZG,2006,4.09857735445401
URY,NY.GDP.MKTP.KD.ZG,2005,7.4601321302473
URY,NY.GDP.MKTP.KD.ZG,2004,5.00416035564457
URY,NY.GDP.MKTP.KD.ZG,2003,0.805283915893824
URY,NY.GDP.MKTP.KD.ZG,2002,-7.73200721540044
URY,NY.GDP.MKTP.KD.ZG,2001,-3.84412995940374
URY,NY.GDP.MKTP.KD.ZG,2000,-1.92993063549235
URY,NY.GDP.MKTP.KD.ZG,1999,-1.52094591992036
URY,NY.GDP.MKTP.KD.ZG,1998,4.51889009679091
URY,NY.GDP.MKTP.KD.ZG,1997,8.54768320111596
URY,NY.GDP.MKTP.KD.ZG,1996,5.57795776385868
URY,NY.GDP.MKTP.KD.ZG,1995,-1.44759896894408
URY,NY.GDP.MKTP.KD.ZG,1994,7.28134264410127
URY,NY.GDP.MKTP.KD.ZG,1993,2.65754610698545
URY,NY.GDP.MKTP.KD.ZG,1992,7.93158841395443
URY,NY.GDP.MKTP.KD.ZG,1991,3.53880850451309
URY,NY.GDP.MKTP.KD.ZG,1990,0.297348378681562
URY,NY.GDP.MKTP.KD.ZG,1989,1.1039010238153
URY,NY.GDP.MKTP.KD.ZG,1988,1.48093746177193
URY,NY.GDP.MKTP.KD.ZG,1987,7.99313720510438
URY,NY.GDP.MKTP.KD.ZG,1986,8.80980829469384
URY,NY.GDP.MKTP.KD.ZG,1985,1.46653602887281
URY,NY.GDP.MKTP.KD.ZG,1984,-1.142617449752
URY,NY.GDP.MKTP.KD.ZG,1983,-10.274399195032
URY,NY.GDP.MKTP.KD.ZG,1982,-9.75787146088504
URY,NY.GDP.MKTP.KD.ZG,1981,1.55955982937495
URY,NY.GDP.MKTP.KD.ZG,1980,5.84340090113461
URY,NY.GDP.MKTP.KD.ZG,1979,6.1991167323612
URY,NY.GDP.MKTP.KD.ZG,1978,5.37398534767648
URY,NY.GDP.MKTP.KD.ZG,1977,1.45546117847255
URY,NY.GDP.MKTP.KD.ZG,1976,3.93547017536275
URY,NY.GDP.MKTP.KD.ZG,1975,6.09691431298931
URY,NY.GDP.MKTP.KD.ZG,1974,2.89534459834873
URY,NY.GDP.MKTP.KD.ZG,1973,0.275199617416817
URY,NY.GDP.MKTP.KD.ZG,1972,-1.31956986163931
URY,NY.GDP.MKTP.KD.ZG,1971,-0.251711531030196
URY,NY.GDP.MKTP.KD.ZG,1970,2.33321338074524
URY,NY.GDP.MKTP.KD.ZG,1969,5.8647406331108
URY,NY.GDP.MKTP.KD.ZG,1968,1.88891174472745
URY,NY.GDP.MKTP.KD.ZG,1967,-3.65683411281653
URY,NY.GDP.MKTP.KD.ZG,1966,3.06285593493642
URY,NY.GDP.MKTP.KD.ZG,1965,1.04560405431261
URY,NY.GDP.MKTP.KD.ZG,1964,2.44052077893583
URY,NY.GDP.MKTP.KD.ZG,1963,0.170458855734793
URY,NY.GDP.MKTP.KD.ZG,1962,-1.57454885002421
URY,NY.GDP.MKTP.KD.ZG,1961,2.49303791805684
URY,NY.GDP.MKTP.KD.ZG,1960,
UZB,NY.GDP.MKTP.KD.ZG,2025,
UZB,NY.GDP.MKTP.KD.ZG,2024,6.49999999997677
UZB,NY.GDP.MKTP.KD.ZG,2023,6.29141635082311
UZB,NY.GDP.MKTP.KD.ZG,2022,6.00134232203442
UZB,NY.GDP.MKTP.KD.ZG,2021,8.03468312640049
UZB,NY.GDP.MKTP.KD.ZG,2020,1.56334277260515
UZB,NY.GDP.MKTP.KD.ZG,2019,6.77992399655236
UZB,NY.GDP.MKTP.KD.ZG,2018,5.55919572919288
UZB,NY.GDP.MKTP.KD.ZG,2017,4.39527463349263
UZB,NY.GDP.MKTP.KD.ZG,2016,5.93215079993293
UZB,NY.GDP.MKTP.KD.ZG,2015,7.21877350820803
UZB,NY.GDP.MKTP.KD.ZG,2014,6.8738384408164
UZB,NY.GDP.MKTP.KD.ZG,2013,7.29655036969899
UZB,NY.GDP.MKTP.KD.ZG,2012,7.10244488706317
UZB,NY.GDP.MKTP.KD.ZG,2011,7.52513989422977
UZB,NY.GDP.MKTP.KD.ZG,2010,7.5971679610016
UZB,NY.GDP.MKTP.KD.ZG,2009,8.05093332733966
UZB,NY.GDP.MKTP.KD.ZG,2008,9.02916101784777
UZB,NY.GDP.MKTP.KD.ZG,2007,9.4730053054454
UZB,NY.GDP.MKTP.KD.ZG,2006,7.45141847621768
UZB,NY.GDP.MKTP.KD.ZG,2005,6.95000719569097
UZB,NY.GDP.MKTP.KD.ZG,2004,7.44900060559664
UZB,NY.GDP.MKTP.KD.ZG,2003,4.23262738154364
UZB,NY.GDP.MKTP.KD.ZG,2002,3.97348819235724
UZB,NY.GDP.MKTP.KD.ZG,2001,4.1638382499889
UZB,NY.GDP.MKTP.KD.ZG,2000,3.83500000014033
UZB,NY.GDP.MKTP.KD.ZG,1999,4.30000000179396
UZB,NY.GDP.MKTP.KD.ZG,1998,4.30000000106287
UZB,NY.GDP.MKTP.KD.ZG,1997,5.19999999656402
UZB,NY.GDP.MKTP.KD.ZG,1996,1.70000000306203
UZB,NY.GDP.MKTP.KD.ZG,1995,-0.90000000546145
UZB,NY.GDP.MKTP.KD.ZG,1994,-5.19999999306704
UZB,NY.GDP.MKTP.KD.ZG,1993,-2.30000000438973
UZB,NY.GDP.MKTP.KD.ZG,1992,-11.199999997316
UZB,NY.GDP.MKTP.KD.ZG,1991,-0.492000005163078
UZB,NY.GDP.MKTP.KD.ZG,1990,1.60000000583702
UZB,NY.GDP.MKTP.KD.ZG,1989,3.09129397309778
UZB,NY.GDP.MKTP.KD.ZG,1988,9.13858227515789
UZB,NY.GDP.MKTP.KD.ZG,1987,
UZB,NY.GDP.MKTP.KD.ZG,1986,
UZB,NY.GDP.MKTP.KD.ZG,1985,
UZB,NY.GDP.MKTP.KD.ZG,1984,
UZB,NY.GDP.MKTP.KD.ZG,1983,
UZB,NY.GDP.MKTP.KD.ZG,1982,
UZB,NY.GDP.MKTP.KD.ZG,1981,
UZB,NY.GDP.MKTP.KD.ZG,1980,
UZB,NY.GDP.MKTP.KD.ZG,1979,
UZB,NY.GDP.MKTP.KD.ZG,1978,
UZB,NY.GDP.MKTP.KD.ZG,1977,
UZB,NY.GDP.MKTP.KD.ZG,1976,
UZB,NY.GDP.MKTP.KD.ZG,1975,
UZB,NY.GDP.MKTP.KD.ZG,1974,
UZB,NY.GDP.MKTP.KD.ZG,1973,
UZB,NY.GDP.MKTP.KD.ZG,1972,
UZB,NY.GDP.MKTP.KD.ZG,1971,
UZB,NY.GDP.MKTP.KD.ZG,1970,
UZB,NY.GDP.MKTP.KD.ZG,1969,
UZB,NY.GDP.MKTP.KD.ZG,1968,
UZB,NY.GDP.MKTP.KD.ZG,1967,
UZB,NY.GDP.MKTP.KD.ZG,1966,
UZB,NY.GDP.MKTP.KD.ZG,1965,
UZB,NY.GDP.MKTP.KD.ZG,1964,
UZB,NY.GDP.MKTP.KD.ZG,1963,
UZB,NY.GDP.MKTP.KD.ZG,1962,
UZB,NY.GDP.MKTP.KD.ZG,1961,
UZB,NY.GDP.MKTP.KD.ZG,1960,
VUT,NY.GDP.MKTP.KD.ZG,2025,
VUT,NY.GDP.MKTP.KD.ZG,2024,0.942185362275907
VUT,NY.GDP.MKTP.KD.ZG,2023,2.093743250054
VUT,NY.GDP.MKTP.KD.ZG,2022,5.18622862422562
VUT,NY.GDP.MKTP.KD.ZG,2021,-1.55229489129462
VUT,NY.GDP.MKTP.KD.ZG,2020,-4.99249142889525
VUT,NY.GDP.MKTP.KD.ZG,2019,3.24118765540442
VUT,NY.GDP.MKTP.KD.ZG,2018,2.90023027256446
VUT,NY.GDP.MKTP.KD.ZG,2017,4.41266598569969
VUT,NY.GDP.MKTP.KD.ZG,2016,3.47154471544715
VUT,NY.GDP.MKTP.KD.ZG,2015,3.96591946444873
VUT,NY.GDP.MKTP.KD.ZG,2014,2.5750403162878
VUT,NY.GDP.MKTP.KD.ZG,2013,0.463390415135095
VUT,NY.GDP.MKTP.KD.ZG,2012,1.01004768692042
VUT,NY.GDP.MKTP.KD.ZG,2011,3.13980290023412
VUT,NY.GDP.MKTP.KD.ZG,2010,1.25886720329326
VUT,NY.GDP.MKTP.KD.ZG,2009,3.03730354099602
VUT,NY.GDP.MKTP.KD.ZG,2008,5.60099182147214
VUT,NY.GDP.MKTP.KD.ZG,2007,2.8758922877538
VUT,NY.GDP.MKTP.KD.ZG,2006,8.46069747205426
VUT,NY.GDP.MKTP.KD.ZG,2005,5.30532647259227
VUT,NY.GDP.MKTP.KD.ZG,2004,3.98739280216962
VUT,NY.GDP.MKTP.KD.ZG,2003,4.28833511695458
VUT,NY.GDP.MKTP.KD.ZG,2002,-5.19831875936035
VUT,NY.GDP.MKTP.KD.ZG,2001,-3.39758248938256
VUT,NY.GDP.MKTP.KD.ZG,2000,5.92480905652914
VUT,NY.GDP.MKTP.KD.ZG,1999,0.337293221894313
VUT,NY.GDP.MKTP.KD.ZG,1998,1.17685436113621
VUT,NY.GDP.MKTP.KD.ZG,1997,4.90681267768768
VUT,NY.GDP.MKTP.KD.ZG,1996,2.3273354164422
VUT,NY.GDP.MKTP.KD.ZG,1995,1.00394504149095
VUT,NY.GDP.MKTP.KD.ZG,1994,9.08146609289211
VUT,NY.GDP.MKTP.KD.ZG,1993,0.735447995455772
VUT,NY.GDP.MKTP.KD.ZG,1992,2.5854137275348
VUT,NY.GDP.MKTP.KD.ZG,1991,3.14763848027586
VUT,NY.GDP.MKTP.KD.ZG,1990,11.6956997985937
VUT,NY.GDP.MKTP.KD.ZG,1989,1.53189352084379
VUT,NY.GDP.MKTP.KD.ZG,1988,-1.69288283840022
VUT,NY.GDP.MKTP.KD.ZG,1987,-2.89393472379192
VUT,NY.GDP.MKTP.KD.ZG,1986,-0.150463358752518
VUT,NY.GDP.MKTP.KD.ZG,1985,1.001623320554
VUT,NY.GDP.MKTP.KD.ZG,1984,9.57499148469137
VUT,NY.GDP.MKTP.KD.ZG,1983,3.0096292542201
VUT,NY.GDP.MKTP.KD.ZG,1982,1.97988311533415
VUT,NY.GDP.MKTP.KD.ZG,1981,4.37795667690264
VUT,NY.GDP.MKTP.KD.ZG,1980,-11.3998067077697
VUT,NY.GDP.MKTP.KD.ZG,1979,
VUT,NY.GDP.MKTP.KD.ZG,1978,
VUT,NY.GDP.MKTP.KD.ZG,1977,
VUT,NY.GDP.MKTP.KD.ZG,1976,
VUT,NY.GDP.MKTP.KD.ZG,1975,
VUT,NY.GDP.MKTP.KD.ZG,1974,
VUT,NY.GDP.MKTP.KD.ZG,1973,
VUT,NY.GDP.MKTP.KD.ZG,1972,
VUT,NY.GDP.MKTP.KD.ZG,1971,
VUT,NY.GDP.MKTP.KD.ZG,1970,
VUT,NY.GDP.MKTP.KD.ZG,1969,
VUT,NY.GDP.MKTP.KD.ZG,1968,
VUT,NY.GDP.MKTP.KD.ZG,1967,
VUT,NY.GDP.MKTP.KD.ZG,1966,
VUT,NY.GDP.MKTP.KD.ZG,1965,
VUT,NY.GDP.MKTP.KD.ZG,1964,
VUT,NY.GDP.MKTP.KD.ZG,1963,
VUT,NY.GDP.MKTP.KD.ZG,1962,
VUT,NY.GDP.MKTP.KD.ZG,1961,
VUT,NY.GDP.MKTP.KD.ZG,1960,
VEN,NY.GDP.MKTP.KD.ZG,2025,
VEN,NY.GDP.MKTP.KD.ZG,2024,5.29999999999984
VEN,NY.GDP.MKTP.KD.ZG,2023,4.00168591128376
VEN,NY.GDP.MKTP.KD.ZG,2022,8.00091310654791
VEN,NY.GDP.MKTP.KD.ZG,2021,0.955433428579269
VEN,NY.GDP.MKTP.KD.ZG,2020,-29.9985699155957
VEN,NY.GDP.MKTP.KD.ZG,2019,-27.6579678662627
VEN,NY.GDP.MKTP.KD.ZG,2018,-19.6553415972227
VEN,NY.GDP.MKTP.KD.ZG,2017,-15.6714088720003
VEN,NY.GDP.MKTP.KD.ZG,2016,-17.0403345996548
VEN,NY.GDP.MKTP.KD.ZG,2015,-6.22137102671199
VEN,NY.GDP.MKTP.KD.ZG,2014,-3.89438647450667
VEN,NY.GDP.MKTP.KD.ZG,2013,1.34309403607486
VEN,NY.GDP.MKTP.KD.ZG,2012,5.62595697508632
VEN,NY.GDP.MKTP.KD.ZG,2011,4.17642535923936
VEN,NY.GDP.MKTP.KD.ZG,2010,-1.48879125078356
VEN,NY.GDP.MKTP.KD.ZG,2009,-3.20230265749002
VEN,NY.GDP.MKTP.KD.ZG,2008,5.27785412398785
VEN,NY.GDP.MKTP.KD.ZG,2007,8.75357880785845
VEN,NY.GDP.MKTP.KD.ZG,2006,9.87214910851037
VEN,NY.GDP.MKTP.KD.ZG,2005,10.3179138043147
VEN,NY.GDP.MKTP.KD.ZG,2004,18.2866066891244
VEN,NY.GDP.MKTP.KD.ZG,2003,-7.75530004959877
VEN,NY.GDP.MKTP.KD.ZG,2002,-8.85564735286771
VEN,NY.GDP.MKTP.KD.ZG,2001,3.39423610779077
VEN,NY.GDP.MKTP.KD.ZG,2000,3.6869441668769
VEN,NY.GDP.MKTP.KD.ZG,1999,-5.97045814641012
VEN,NY.GDP.MKTP.KD.ZG,1998,0.294055160519548
VEN,NY.GDP.MKTP.KD.ZG,1997,6.37100504679063
VEN,NY.GDP.MKTP.KD.ZG,1996,-0.197928583722387
VEN,NY.GDP.MKTP.KD.ZG,1995,3.95160929610903
VEN,NY.GDP.MKTP.KD.ZG,1994,-2.34933212064234
VEN,NY.GDP.MKTP.KD.ZG,1993,0.275410410462172
VEN,NY.GDP.MKTP.KD.ZG,1992,6.06034937385407
VEN,NY.GDP.MKTP.KD.ZG,1991,9.72990963006499
VEN,NY.GDP.MKTP.KD.ZG,1990,6.4678522746499
VEN,NY.GDP.MKTP.KD.ZG,1989,-13.9197067893711
VEN,NY.GDP.MKTP.KD.ZG,1988,6.51035577626698
VEN,NY.GDP.MKTP.KD.ZG,1987,4.80107391677578
VEN,NY.GDP.MKTP.KD.ZG,1986,6.07980818844057
VEN,NY.GDP.MKTP.KD.ZG,1985,0.867445543503692
VEN,NY.GDP.MKTP.KD.ZG,1984,5.22290283259414
VEN,NY.GDP.MKTP.KD.ZG,1983,-9.8555302269491
VEN,NY.GDP.MKTP.KD.ZG,1982,2.64479628533559
VEN,NY.GDP.MKTP.KD.ZG,1981,-1.28832143395154
VEN,NY.GDP.MKTP.KD.ZG,1980,-4.42132236441782
VEN,NY.GDP.MKTP.KD.ZG,1979,0.764355145425426
VEN,NY.GDP.MKTP.KD.ZG,1978,2.34689637191248
VEN,NY.GDP.MKTP.KD.ZG,1977,6.27078351298829
VEN,NY.GDP.MKTP.KD.ZG,1976,7.72773984679837
VEN,NY.GDP.MKTP.KD.ZG,1975,2.89625778007183
VEN,NY.GDP.MKTP.KD.ZG,1974,2.06933320169247
VEN,NY.GDP.MKTP.KD.ZG,1973,7.10995789495608
VEN,NY.GDP.MKTP.KD.ZG,1972,1.28280503619366
VEN,NY.GDP.MKTP.KD.ZG,1971,1.47929120998987
VEN,NY.GDP.MKTP.KD.ZG,1970,7.71191438124387
VEN,NY.GDP.MKTP.KD.ZG,1969,0.706036796156368
VEN,NY.GDP.MKTP.KD.ZG,1968,7.33723265821627
VEN,NY.GDP.MKTP.KD.ZG,1967,2.83386903098939
VEN,NY.GDP.MKTP.KD.ZG,1966,1.51025011101866
VEN,NY.GDP.MKTP.KD.ZG,1965,4.16286666476383
VEN,NY.GDP.MKTP.KD.ZG,1964,11.1293452932631
VEN,NY.GDP.MKTP.KD.ZG,1963,3.90095116381761
VEN,NY.GDP.MKTP.KD.ZG,1962,8.53293376290748
VEN,NY.GDP.MKTP.KD.ZG,1961,3.19251943889351
VEN,NY.GDP.MKTP.KD.ZG,1960,
VNM,NY.GDP.MKTP.KD.ZG,2025,
VNM,NY.GDP.MKTP.KD.ZG,2024,7.09118746633975
VNM,NY.GDP.MKTP.KD.ZG,2023,5.06502391455075
VNM,NY.GDP.MKTP.KD.ZG,2022,8.53750046755788
VNM,NY.GDP.MKTP.KD.ZG,2021,2.55372852648131
VNM,NY.GDP.MKTP.KD.ZG,2020,2.86541320912272
VNM,NY.GDP.MKTP.KD.ZG,2019,7.35926270105006
VNM,NY.GDP.MKTP.KD.ZG,2018,7.46500685572751
VNM,NY.GDP.MKTP.KD.ZG,2017,6.94019037359206
VNM,NY.GDP.MKTP.KD.ZG,2016,6.69000892660424
VNM,NY.GDP.MKTP.KD.ZG,2015,6.98715430598611
VNM,NY.GDP.MKTP.KD.ZG,2014,6.42224312118567
VNM,NY.GDP.MKTP.KD.ZG,2013,5.55351081026072
VNM,NY.GDP.MKTP.KD.ZG,2012,5.5045447041189
VNM,NY.GDP.MKTP.KD.ZG,2011,6.41316889681683
VNM,NY.GDP.MKTP.KD.ZG,2010,6.42324482239482
VNM,NY.GDP.MKTP.KD.ZG,2009,5.39789754014181
VNM,NY.GDP.MKTP.KD.ZG,2008,5.66177120891362
VNM,NY.GDP.MKTP.KD.ZG,2007,7.12950448605439
VNM,NY.GDP.MKTP.KD.ZG,2006,6.97795481056711
VNM,NY.GDP.MKTP.KD.ZG,2005,7.54724772895918
VNM,NY.GDP.MKTP.KD.ZG,2004,7.53641060890386
VNM,NY.GDP.MKTP.KD.ZG,2003,6.89906349055258
VNM,NY.GDP.MKTP.KD.ZG,2002,6.32082099160833
VNM,NY.GDP.MKTP.KD.ZG,2001,6.19289331233377
VNM,NY.GDP.MKTP.KD.ZG,2000,6.78731640463151
VNM,NY.GDP.MKTP.KD.ZG,1999,4.77358688344989
VNM,NY.GDP.MKTP.KD.ZG,1998,5.76445545848843
VNM,NY.GDP.MKTP.KD.ZG,1997,8.1520841433542
VNM,NY.GDP.MKTP.KD.ZG,1996,9.34001749939179
VNM,NY.GDP.MKTP.KD.ZG,1995,9.54048017491264
VNM,NY.GDP.MKTP.KD.ZG,1994,8.83898095245374
VNM,NY.GDP.MKTP.KD.ZG,1993,8.07273065739605
VNM,NY.GDP.MKTP.KD.ZG,1992,8.64604745934572
VNM,NY.GDP.MKTP.KD.ZG,1991,5.96084393218912
VNM,NY.GDP.MKTP.KD.ZG,1990,5.10091813908369
VNM,NY.GDP.MKTP.KD.ZG,1989,7.36451289395819
VNM,NY.GDP.MKTP.KD.ZG,1988,5.13501167157808
VNM,NY.GDP.MKTP.KD.ZG,1987,3.5834696313072
VNM,NY.GDP.MKTP.KD.ZG,1986,2.78929157479443
VNM,NY.GDP.MKTP.KD.ZG,1985,3.80585566810947
VNM,NY.GDP.MKTP.KD.ZG,1984,
VNM,NY.GDP.MKTP.KD.ZG,1983,
VNM,NY.GDP.MKTP.KD.ZG,1982,
VNM,NY.GDP.MKTP.KD.ZG,1981,
VNM,NY.GDP.MKTP.KD.ZG,1980,
VNM,NY.GDP.MKTP.KD.ZG,1979,
VNM,NY.GDP.MKTP.KD.ZG,1978,
VNM,NY.GDP.MKTP.KD.ZG,1977,
VNM,NY.GDP.MKTP.KD.ZG,1976,
VNM,NY.GDP.MKTP.KD.ZG,1975,
VNM,NY.GDP.MKTP.KD.ZG,1974,
VNM,NY.GDP.MKTP.KD.ZG,1973,
VNM,NY.GDP.MKTP.KD.ZG,1972,
VNM,NY.GDP.MKTP.KD.ZG,1971,
VNM,NY.GDP.MKTP.KD.ZG,1970,
VNM,NY.GDP.MKTP.KD.ZG,1969,
VNM,NY.GDP.MKTP.KD.ZG,1968,
VNM,NY.GDP.MKTP.KD.ZG,1967,
VNM,NY.GDP.MKTP.KD.ZG,1966,
VNM,NY.GDP.MKTP.KD.ZG,1965,
VNM,NY.GDP.MKTP.KD.ZG,1964,
VNM,NY.GDP.MKTP.KD.ZG,1963,
VNM,NY.GDP.MKTP.KD.ZG,1962,
VNM,NY.GDP.MKTP.KD.ZG,1961,
VNM,NY.GDP.MKTP.KD.ZG,1960,
VIR,NY.GDP.MKTP.KD.ZG,2025,
VIR,NY.GDP.MKTP.KD.ZG,2024,
VIR,NY.GDP.MKTP.KD.ZG,2023,
VIR,NY.GDP.MKTP.KD.ZG,2022,-1.31123206333498
VIR,NY.GDP.MKTP.KD.ZG,2021,3.66760707873814
VIR,NY.GDP.MKTP.KD.ZG,2020,-1.61493817814787
VIR,NY.GDP.MKTP.KD.ZG,2019,2.90833549727343
VIR,NY.GDP.MKTP.KD.ZG,2018,1.87830687830687
VIR,NY.GDP.MKTP.KD.ZG,2017,-0.735294117647058
VIR,NY.GDP.MKTP.KD.ZG,2016,1.6008537886873
VIR,NY.GDP.MKTP.KD.ZG,2015,-0.425079702444208
VIR,NY.GDP.MKTP.KD.ZG,2014,-1.77453027139875
VIR,NY.GDP.MKTP.KD.ZG,2013,-6.28515529469308
VIR,NY.GDP.MKTP.KD.ZG,2012,-14.8125
VIR,NY.GDP.MKTP.KD.ZG,2011,-8.20424555364315
VIR,NY.GDP.MKTP.KD.ZG,2010,0.596383224317051
VIR,NY.GDP.MKTP.KD.ZG,2009,-6.59478885893981
VIR,NY.GDP.MKTP.KD.ZG,2008,1.21862495452891
VIR,NY.GDP.MKTP.KD.ZG,2007,4.01059402194477
VIR,NY.GDP.MKTP.KD.ZG,2006,3.50499314666143
VIR,NY.GDP.MKTP.KD.ZG,2005,3.4853090172239
VIR,NY.GDP.MKTP.KD.ZG,2004,3.28589367936377
VIR,NY.GDP.MKTP.KD.ZG,2003,-0.396080883885759
VIR,NY.GDP.MKTP.KD.ZG,2002,
VIR,NY.GDP.MKTP.KD.ZG,2001,
VIR,NY.GDP.MKTP.KD.ZG,2000,
VIR,NY.GDP.MKTP.KD.ZG,1999,
VIR,NY.GDP.MKTP.KD.ZG,1998,
VIR,NY.GDP.MKTP.KD.ZG,1997,
VIR,NY.GDP.MKTP.KD.ZG,1996,
VIR,NY.GDP.MKTP.KD.ZG,1995,
VIR,NY.GDP.MKTP.KD.ZG,1994,
VIR,NY.GDP.MKTP.KD.ZG,1993,
VIR,NY.GDP.MKTP.KD.ZG,1992,
VIR,NY.GDP.MKTP.KD.ZG,1991,
VIR,NY.GDP.MKTP.KD.ZG,1990,
VIR,NY.GDP.MKTP.KD.ZG,1989,
VIR,NY.GDP.MKTP.KD.ZG,1988,
VIR,NY.GDP.MKTP.KD.ZG,1987,
VIR,NY.GDP.MKTP.KD.ZG,1986,
VIR,NY.GDP.MKTP.KD.ZG,1985,
VIR,NY.GDP.MKTP.KD.ZG,1984,
VIR,NY.GDP.MKTP.KD.ZG,1983,
VIR,NY.GDP.MKTP.KD.ZG,1982,
VIR,NY.GDP.MKTP.KD.ZG,1981,
VIR,NY.GDP.MKTP.KD.ZG,1980,
VIR,NY.GDP.MKTP.KD.ZG,1979,
VIR,NY.GDP.MKTP.KD.ZG,1978,
VIR,NY.GDP.MKTP.KD.ZG,1977,
VIR,NY.GDP.MKTP.KD.ZG,1976,
VIR,NY.GDP.MKTP.KD.ZG,1975,
VIR,NY.GDP.MKTP.KD.ZG,1974,
VIR,NY.GDP.MKTP.KD.ZG,1973,
VIR,NY.GDP.MKTP.KD.ZG,1972,
VIR,NY.GDP.MKTP.KD.ZG,1971,
VIR,NY.GDP.MKTP.KD.ZG,1970,
VIR,NY.GDP.MKTP.KD.ZG,1969,
VIR,NY.GDP.MKTP.KD.ZG,1968,
VIR,NY.GDP.MKTP.KD.ZG,1967,
VIR,NY.GDP.MKTP.KD.ZG,1966,
VIR,NY.GDP.MKTP.KD.ZG,1965,
VIR,NY.GDP.MKTP.KD.ZG,1964,
VIR,NY.GDP.MKTP.KD.ZG,1963,
VIR,NY.GDP.MKTP.KD.ZG,1962,
VIR,NY.GDP.MKTP.KD.ZG,1961,
VIR,NY.GDP.MKTP.KD.ZG,1960,
PSE,NY.GDP.MKTP.KD.ZG,2025,
PSE,NY.GDP.MKTP.KD.ZG,2024,-26.5575264529877
PSE,NY.GDP.MKTP.KD.ZG,2023,-4.55580428525744
PSE,NY.GDP.MKTP.KD.ZG,2022,4.08276027347105
PSE,NY.GDP.MKTP.KD.ZG,2021,7.01198227592003
PSE,NY.GDP.MKTP.KD.ZG,2020,-11.3184661065134
PSE,NY.GDP.MKTP.KD.ZG,2019,1.36268746558062
PSE,NY.GDP.MKTP.KD.ZG,2018,1.22707737782703
PSE,NY.GDP.MKTP.KD.ZG,2017,1.41936756294787
PSE,NY.GDP.MKTP.KD.ZG,2016,8.86461881995935
PSE,NY.GDP.MKTP.KD.ZG,2015,3.72129967114788
PSE,NY.GDP.MKTP.KD.ZG,2014,-0.157866650855297
PSE,NY.GDP.MKTP.KD.ZG,2013,4.69856986552234
PSE,NY.GDP.MKTP.KD.ZG,2012,6.09645656326154
PSE,NY.GDP.MKTP.KD.ZG,2011,9.60080848913594
PSE,NY.GDP.MKTP.KD.ZG,2010,5.77736205629419
PSE,NY.GDP.MKTP.KD.ZG,2009,8.59349087893864
PSE,NY.GDP.MKTP.KD.ZG,2008,7.42918225547835
PSE,NY.GDP.MKTP.KD.ZG,2007,3.78828152085981
PSE,NY.GDP.MKTP.KD.ZG,2006,-0.996556103477076
PSE,NY.GDP.MKTP.KD.ZG,2005,11.2906511829271
PSE,NY.GDP.MKTP.KD.ZG,2004,21.9244861205987
PSE,NY.GDP.MKTP.KD.ZG,2003,14.0156476793996
PSE,NY.GDP.MKTP.KD.ZG,2002,-12.4883821798129
PSE,NY.GDP.MKTP.KD.ZG,2001,-9.31108114182962
PSE,NY.GDP.MKTP.KD.ZG,2000,-8.5555726838292
PSE,NY.GDP.MKTP.KD.ZG,1999,8.28059145094657
PSE,NY.GDP.MKTP.KD.ZG,1998,14.3341073189351
PSE,NY.GDP.MKTP.KD.ZG,1997,14.6676392814808
PSE,NY.GDP.MKTP.KD.ZG,1996,1.21453753437805
PSE,NY.GDP.MKTP.KD.ZG,1995,7.11785989679103
PSE,NY.GDP.MKTP.KD.ZG,1994,
PSE,NY.GDP.MKTP.KD.ZG,1993,
PSE,NY.GDP.MKTP.KD.ZG,1992,
PSE,NY.GDP.MKTP.KD.ZG,1991,
PSE,NY.GDP.MKTP.KD.ZG,1990,
PSE,NY.GDP.MKTP.KD.ZG,1989,
PSE,NY.GDP.MKTP.KD.ZG,1988,
PSE,NY.GDP.MKTP.KD.ZG,1987,
PSE,NY.GDP.MKTP.KD.ZG,1986,
PSE,NY.GDP.MKTP.KD.ZG,1985,
PSE,NY.GDP.MKTP.KD.ZG,1984,
PSE,NY.GDP.MKTP.KD.ZG,1983,
PSE,NY.GDP.MKTP.KD.ZG,1982,
PSE,NY.GDP.MKTP.KD.ZG,1981,
PSE,NY.GDP.MKTP.KD.ZG,1980,
PSE,NY.GDP.MKTP.KD.ZG,1979,
PSE,NY.GDP.MKTP.KD.ZG,1978,
PSE,NY.GDP.MKTP.KD.ZG,1977,
PSE,NY.GDP.MKTP.KD.ZG,1976,
PSE,NY.GDP.MKTP.KD.ZG,1975,
PSE,NY.GDP.MKTP.KD.ZG,1974,
PSE,NY.GDP.MKTP.KD.ZG,1973,
PSE,NY.GDP.MKTP.KD.ZG,1972,
PSE,NY.GDP.MKTP.KD.ZG,1971,
PSE,NY.GDP.MKTP.KD.ZG,1970,
PSE,NY.GDP.MKTP.KD.ZG,1969,
PSE,NY.GDP.MKTP.KD.ZG,1968,
PSE,NY.GDP.MKTP.KD.ZG,1967,
PSE,NY.GDP.MKTP.KD.ZG,1966,
PSE,NY.GDP.MKTP.KD.ZG,1965,
PSE,NY.GDP.MKTP.KD.ZG,1964,
PSE,NY.GDP.MKTP.KD.ZG,1963,
PSE,NY.GDP.MKTP.KD.ZG,1962,
PSE,NY.GDP.MKTP.KD.ZG,1961,
PSE,NY.GDP.MKTP.KD.ZG,1960,
YEM,NY.GDP.MKTP.KD.ZG,2025,
YEM,NY.GDP.MKTP.KD.ZG,2024,
YEM,NY.GDP.MKTP.KD.ZG,2023,
YEM,NY.GDP.MKTP.KD.ZG,2022,
YEM,NY.GDP.MKTP.KD.ZG,2021,
YEM,NY.GDP.MKTP.KD.ZG,2020,
YEM,NY.GDP.MKTP.KD.ZG,2019,
YEM,NY.GDP.MKTP.KD.ZG,2018,0.752447592962554
YEM,NY.GDP.MKTP.KD.ZG,2017,-5.07179568062152
YEM,NY.GDP.MKTP.KD.ZG,2016,-9.37512379736752
YEM,NY.GDP.MKTP.KD.ZG,2015,-27.9945462502541
YEM,NY.GDP.MKTP.KD.ZG,2014,-0.188690241954504
YEM,NY.GDP.MKTP.KD.ZG,2013,4.82351908493912
YEM,NY.GDP.MKTP.KD.ZG,2012,2.39299021364694
YEM,NY.GDP.MKTP.KD.ZG,2011,-12.7148969035133
YEM,NY.GDP.MKTP.KD.ZG,2010,7.70128607527964
YEM,NY.GDP.MKTP.KD.ZG,2009,3.86622951587742
YEM,NY.GDP.MKTP.KD.ZG,2008,3.64756947012633
YEM,NY.GDP.MKTP.KD.ZG,2007,3.33842795605096
YEM,NY.GDP.MKTP.KD.ZG,2006,3.17040935922364
YEM,NY.GDP.MKTP.KD.ZG,2005,5.59174807563268
YEM,NY.GDP.MKTP.KD.ZG,2004,3.972696401183
YEM,NY.GDP.MKTP.KD.ZG,2003,3.74739818489111
YEM,NY.GDP.MKTP.KD.ZG,2002,3.9352315052778
YEM,NY.GDP.MKTP.KD.ZG,2001,3.80364587188127
YEM,NY.GDP.MKTP.KD.ZG,2000,6.1819155928913
YEM,NY.GDP.MKTP.KD.ZG,1999,3.77553049612634
YEM,NY.GDP.MKTP.KD.ZG,1998,6.00669459871877
YEM,NY.GDP.MKTP.KD.ZG,1997,5.23111204040379
YEM,NY.GDP.MKTP.KD.ZG,1996,4.63496731668951
YEM,NY.GDP.MKTP.KD.ZG,1995,5.66937132228433
YEM,NY.GDP.MKTP.KD.ZG,1994,6.72194912231696
YEM,NY.GDP.MKTP.KD.ZG,1993,4.00196638126631
YEM,NY.GDP.MKTP.KD.ZG,1992,8.20759813722687
YEM,NY.GDP.MKTP.KD.ZG,1991,6.29349385992927
YEM,NY.GDP.MKTP.KD.ZG,1990,
YEM,NY.GDP.MKTP.KD.ZG,1989,
YEM,NY.GDP.MKTP.KD.ZG,1988,
YEM,NY.GDP.MKTP.KD.ZG,1987,
YEM,NY.GDP.MKTP.KD.ZG,1986,
YEM,NY.GDP.MKTP.KD.ZG,1985,
YEM,NY.GDP.MKTP.KD.ZG,1984,
YEM,NY.GDP.MKTP.KD.ZG,1983,
YEM,NY.GDP.MKTP.KD.ZG,1982,
YEM,NY.GDP.MKTP.KD.ZG,1981,
YEM,NY.GDP.MKTP.KD.ZG,1980,
YEM,NY.GDP.MKTP.KD.ZG,1979,
YEM,NY.GDP.MKTP.KD.ZG,1978,
YEM,NY.GDP.MKTP.KD.ZG,1977,
YEM,NY.GDP.MKTP.KD.ZG,1976,
YEM,NY.GDP.MKTP.KD.ZG,1975,
YEM,NY.GDP.MKTP.KD.ZG,1974,
YEM,NY.GDP.MKTP.KD.ZG,1973,
YEM,NY.GDP.MKTP.KD.ZG,1972,
YEM,NY.GDP.MKTP.KD.ZG,1971,
YEM,NY.GDP.MKTP.KD.ZG,1970,
YEM,NY.GDP.MKTP.KD.ZG,1969,
YEM,NY.GDP.MKTP.KD.ZG,1968,
YEM,NY.GDP.MKTP.KD.ZG,1967,
YEM,NY.GDP.MKTP.KD.ZG,1966,
YEM,NY.GDP.MKTP.KD.ZG,1965,
YEM,NY.GDP.MKTP.KD.ZG,1964,
YEM,NY.GDP.MKTP.KD.ZG,1963,
YEM,NY.GDP.MKTP.KD.ZG,1962,
YEM,NY.GDP.MKTP.KD.ZG,1961,
YEM,NY.GDP.MKTP.KD.ZG,1960,
ZMB,NY.GDP.MKTP.KD.ZG,2025,
ZMB,NY.GDP.MKTP.KD.ZG,2024,3.82004825518591
ZMB,NY.GDP.MKTP.KD.ZG,2023,5.36794285493059
ZMB,NY.GDP.MKTP.KD.ZG,2022,5.21122360356247
ZMB,NY.GDP.MKTP.KD.ZG,2021,6.23492204726448
ZMB,NY.GDP.MKTP.KD.ZG,2020,-2.78505506545167
ZMB,NY.GDP.MKTP.KD.ZG,2019,1.44130602603785
ZMB,NY.GDP.MKTP.KD.ZG,2018,4.03449389667165
ZMB,NY.GDP.MKTP.KD.ZG,2017,3.52586277149926
ZMB,NY.GDP.MKTP.KD.ZG,2016,3.75510031678988
ZMB,NY.GDP.MKTP.KD.ZG,2015,2.92037511217961
ZMB,NY.GDP.MKTP.KD.ZG,2014,4.69328316376705
ZMB,NY.GDP.MKTP.KD.ZG,2013,5.05753695047252
ZMB,NY.GDP.MKTP.KD.ZG,2012,7.59738104901994
ZMB,NY.GDP.MKTP.KD.ZG,2011,5.56925219263019
ZMB,NY.GDP.MKTP.KD.ZG,2010,10.2982233241213
ZMB,NY.GDP.MKTP.KD.ZG,2009,9.2203484058663
ZMB,NY.GDP.MKTP.KD.ZG,2008,7.77389581542363
ZMB,NY.GDP.MKTP.KD.ZG,2007,8.35243624447406
ZMB,NY.GDP.MKTP.KD.ZG,2006,7.90369444480079
ZMB,NY.GDP.MKTP.KD.ZG,2005,7.23559900655543
ZMB,NY.GDP.MKTP.KD.ZG,2004,7.03239511515218
ZMB,NY.GDP.MKTP.KD.ZG,2003,6.94497398221223
ZMB,NY.GDP.MKTP.KD.ZG,2002,4.50601428032604
ZMB,NY.GDP.MKTP.KD.ZG,2001,5.31686827418419
ZMB,NY.GDP.MKTP.KD.ZG,2000,3.89732294341896
ZMB,NY.GDP.MKTP.KD.ZG,1999,4.6501897463741
ZMB,NY.GDP.MKTP.KD.ZG,1998,-0.38574614579035
ZMB,NY.GDP.MKTP.KD.ZG,1997,3.81400749718355
ZMB,NY.GDP.MKTP.KD.ZG,1996,6.21854648894293
ZMB,NY.GDP.MKTP.KD.ZG,1995,2.89766889341698
ZMB,NY.GDP.MKTP.KD.ZG,1994,-8.62544195231277
ZMB,NY.GDP.MKTP.KD.ZG,1993,6.79727404907118
ZMB,NY.GDP.MKTP.KD.ZG,1992,-1.73092217352566
ZMB,NY.GDP.MKTP.KD.ZG,1991,-0.0361333838823299
ZMB,NY.GDP.MKTP.KD.ZG,1990,-0.481072027781664
ZMB,NY.GDP.MKTP.KD.ZG,1989,-1.02350178869868
ZMB,NY.GDP.MKTP.KD.ZG,1988,6.28074900897693
ZMB,NY.GDP.MKTP.KD.ZG,1987,2.67566171341133
ZMB,NY.GDP.MKTP.KD.ZG,1986,0.723893955923913
ZMB,NY.GDP.MKTP.KD.ZG,1985,1.61531036759311
ZMB,NY.GDP.MKTP.KD.ZG,1984,-0.336834899256019
ZMB,NY.GDP.MKTP.KD.ZG,1983,-1.96668929762134
ZMB,NY.GDP.MKTP.KD.ZG,1982,-2.81278262868891
ZMB,NY.GDP.MKTP.KD.ZG,1981,6.16795740650589
ZMB,NY.GDP.MKTP.KD.ZG,1980,3.03562235066106
ZMB,NY.GDP.MKTP.KD.ZG,1979,-3.02393103121803
ZMB,NY.GDP.MKTP.KD.ZG,1978,0.553763844248408
ZMB,NY.GDP.MKTP.KD.ZG,1977,-4.5642361743654
ZMB,NY.GDP.MKTP.KD.ZG,1976,6.22097526707175
ZMB,NY.GDP.MKTP.KD.ZG,1975,-2.26932892418952
ZMB,NY.GDP.MKTP.KD.ZG,1974,6.42815854892096
ZMB,NY.GDP.MKTP.KD.ZG,1973,-0.962048756426327
ZMB,NY.GDP.MKTP.KD.ZG,1972,9.20886514231279
ZMB,NY.GDP.MKTP.KD.ZG,1971,-0.0860395508674401
ZMB,NY.GDP.MKTP.KD.ZG,1970,4.79711290318896
ZMB,NY.GDP.MKTP.KD.ZG,1969,-0.436915823088214
ZMB,NY.GDP.MKTP.KD.ZG,1968,1.24832998222797
ZMB,NY.GDP.MKTP.KD.ZG,1967,7.91969651199875
ZMB,NY.GDP.MKTP.KD.ZG,1966,-5.57030980860466
ZMB,NY.GDP.MKTP.KD.ZG,1965,16.6474559632126
ZMB,NY.GDP.MKTP.KD.ZG,1964,12.2140480179323
ZMB,NY.GDP.MKTP.KD.ZG,1963,3.27239289272524
ZMB,NY.GDP.MKTP.KD.ZG,1962,-2.49083947454871
ZMB,NY.GDP.MKTP.KD.ZG,1961,1.36138199147489
ZMB,NY.GDP.MKTP.KD.ZG,1960,
ZWE,NY.GDP.MKTP.KD.ZG,2025,
ZWE,NY.GDP.MKTP.KD.ZG,2024,1.74239524880791
ZWE,NY.GDP.MKTP.KD.ZG,2023,5.3508687909833
ZWE,NY.GDP.MKTP.KD.ZG,2022,6.13926327570213
ZWE,NY.GDP.MKTP.KD.ZG,2021,8.46801676808001
ZWE,NY.GDP.MKTP.KD.ZG,2020,-7.81695060188729
ZWE,NY.GDP.MKTP.KD.ZG,2019,-6.33244976028571
ZWE,NY.GDP.MKTP.KD.ZG,2018,5.00992154297603
ZWE,NY.GDP.MKTP.KD.ZG,2017,4.73441117758482
ZWE,NY.GDP.MKTP.KD.ZG,2016,0.75579405855224
ZWE,NY.GDP.MKTP.KD.ZG,2015,1.77985356392176
ZWE,NY.GDP.MKTP.KD.ZG,2014,2.37698561663417
ZWE,NY.GDP.MKTP.KD.ZG,2013,1.98948554025198
ZWE,NY.GDP.MKTP.KD.ZG,2012,16.6654290410337
ZWE,NY.GDP.MKTP.KD.ZG,2011,14.1939156801139
ZWE,NY.GDP.MKTP.KD.ZG,2010,19.6754077019323
ZWE,NY.GDP.MKTP.KD.ZG,2009,13.2720546167979
ZWE,NY.GDP.MKTP.KD.ZG,2008,-17.6689987958491
ZWE,NY.GDP.MKTP.KD.ZG,2007,-3.653250914872
ZWE,NY.GDP.MKTP.KD.ZG,2006,-3.46140290336963
ZWE,NY.GDP.MKTP.KD.ZG,2005,-5.71112541241364
ZWE,NY.GDP.MKTP.KD.ZG,2004,-5.80753964196205
ZWE,NY.GDP.MKTP.KD.ZG,2003,-16.9950733355763
ZWE,NY.GDP.MKTP.KD.ZG,2002,-8.89401285792752
ZWE,NY.GDP.MKTP.KD.ZG,2001,1.43951727721958
ZWE,NY.GDP.MKTP.KD.ZG,2000,-3.05911780575599
ZWE,NY.GDP.MKTP.KD.ZG,1999,-0.817895267295725
ZWE,NY.GDP.MKTP.KD.ZG,1998,2.88529516415583
ZWE,NY.GDP.MKTP.KD.ZG,1997,2.68054632259202
ZWE,NY.GDP.MKTP.KD.ZG,1996,10.3607384594087
ZWE,NY.GDP.MKTP.KD.ZG,1995,0.158034828064515
ZWE,NY.GDP.MKTP.KD.ZG,1994,9.23523568054674
ZWE,NY.GDP.MKTP.KD.ZG,1993,1.05137020092701
ZWE,NY.GDP.MKTP.KD.ZG,1992,-9.01556538665926
ZWE,NY.GDP.MKTP.KD.ZG,1991,5.53179037448064
ZWE,NY.GDP.MKTP.KD.ZG,1990,6.98855293279334
ZWE,NY.GDP.MKTP.KD.ZG,1989,5.199766444125
ZWE,NY.GDP.MKTP.KD.ZG,1988,7.55237451045024
ZWE,NY.GDP.MKTP.KD.ZG,1987,1.1507372027161
ZWE,NY.GDP.MKTP.KD.ZG,1986,2.09902912557894
ZWE,NY.GDP.MKTP.KD.ZG,1985,6.94438776760782
ZWE,NY.GDP.MKTP.KD.ZG,1984,-1.9073601101602
ZWE,NY.GDP.MKTP.KD.ZG,1983,1.5853054617689
ZWE,NY.GDP.MKTP.KD.ZG,1982,2.6342971465491
ZWE,NY.GDP.MKTP.KD.ZG,1981,12.5254248524607
ZWE,NY.GDP.MKTP.KD.ZG,1980,14.420683908318
ZWE,NY.GDP.MKTP.KD.ZG,1979,3.29703539947116
ZWE,NY.GDP.MKTP.KD.ZG,1978,-2.70692248428711
ZWE,NY.GDP.MKTP.KD.ZG,1977,-6.86070319418188
ZWE,NY.GDP.MKTP.KD.ZG,1976,0.464838905905296
ZWE,NY.GDP.MKTP.KD.ZG,1975,-1.93122323911253
ZWE,NY.GDP.MKTP.KD.ZG,1974,6.62515361824849
ZWE,NY.GDP.MKTP.KD.ZG,1973,2.60471469721666
ZWE,NY.GDP.MKTP.KD.ZG,1972,8.32977472632579
ZWE,NY.GDP.MKTP.KD.ZG,1971,8.91758664245974
ZWE,NY.GDP.MKTP.KD.ZG,1970,22.5651508392827
ZWE,NY.GDP.MKTP.KD.ZG,1969,12.4282358363658
ZWE,NY.GDP.MKTP.KD.ZG,1968,1.97013496821758
ZWE,NY.GDP.MKTP.KD.ZG,1967,8.36700892929179
ZWE,NY.GDP.MKTP.KD.ZG,1966,1.52313002769391
ZWE,NY.GDP.MKTP.KD.ZG,1965,4.91057058739648
ZWE,NY.GDP.MKTP.KD.ZG,1964,-1.10617185953048
ZWE,NY.GDP.MKTP.KD.ZG,1963,6.24434450629604
ZWE,NY.GDP.MKTP.KD.ZG,1962,1.4344708894259
ZWE,NY.GDP.MKTP.KD.ZG,1961,6.3161572666004
ZWE,NY.GDP.MKTP.KD.ZG,1960,
