country_iso3,indicator,year,value
AFE,NY.GDP.PCAP.CD,2025,
AFE,NY.GDP.PCAP.CD,2024,1615.39635562849
AFE,NY.GDP.PCAP.CD,2023,1571.44918918981
AFE,NY.GDP.PCAP.CD,2022,1679.32762166466
AFE,NY.GDP.PCAP.CD,2021,1562.41617477738
AFE,NY.GDP.PCAP.CD,2020,1351.59166910879
AFE,NY.GDP.PCAP.CD,2019,1507.08559963484
AFE,NY.GDP.PCAP.CD,2018,1552.07372194919
AFE,NY.GDP.PCAP.CD,2017,1528.10422421284
AFE,NY.GDP.PCAP.CD,2016,1334.47050032928
AFE,NY.GDP.PCAP.CD,2015,1498.8752400759
AFE,NY.GDP.PCAP.CD,2014,1690.16679245944
AFE,NY.GDP.PCAP.CD,2013,1706.02274412621
AFE,NY.GDP.PCAP.CD,2012,1732.03802145335
AFE,NY.GDP.PCAP.CD,2011,1761.98926096159
AFE,NY.GDP.PCAP.CD,2010,1628.90524793139
AFE,NY.GDP.PCAP.CD,2009,1408.75346659428
AFE,NY.GDP.PCAP.CD,2008,1447.54575437552
AFE,NY.GDP.PCAP.CD,2007,1381.5525968929
AFE,NY.GDP.PCAP.CD,2006,1235.26660811771
AFE,NY.GDP.PCAP.CD,2005,1126.2973233912
AFE,NY.GDP.PCAP.CD,2004,989.015463629244
AFE,NY.GDP.PCAP.CD,2003,815.432296267735
AFE,NY.GDP.PCAP.CD,2002,630.512327648462
AFE,NY.GDP.PCAP.CD,2001,625.82781544115
AFE,NY.GDP.PCAP.CD,2000,706.727260967009
AFE,NY.GDP.PCAP.CD,1999,670.42421254121
AFE,NY.GDP.PCAP.CD,1998,697.079415310028
AFE,NY.GDP.PCAP.CD,1997,767.39941150858
AFE,NY.GDP.PCAP.CD,1996,746.787334695357
AFE,NY.GDP.PCAP.CD,1995,766.522931015445
AFE,NY.GDP.PCAP.CD,1994,700.77212550809
AFE,NY.GDP.PCAP.CD,1993,709.323533711482
AFE,NY.GDP.PCAP.CD,1992,732.910915212266
AFE,NY.GDP.PCAP.CD,1991,864.174086040692
AFE,NY.GDP.PCAP.CD,1990,822.402998906313
AFE,NY.GDP.PCAP.CD,1989,728.243318574474
AFE,NY.GDP.PCAP.CD,1988,704.142065764844
AFE,NY.GDP.PCAP.CD,1987,664.791812942192
AFE,NY.GDP.PCAP.CD,1986,578.317451651662
AFE,NY.GDP.PCAP.CD,1985,554.22129591426
AFE,NY.GDP.PCAP.CD,1984,650.346841439623
AFE,NY.GDP.PCAP.CD,1983,732.345461087142
AFE,NY.GDP.PCAP.CD,1982,725.547511093596
AFE,NY.GDP.PCAP.CD,1981,777.627959568645
AFE,NY.GDP.PCAP.CD,1980,773.301205346988
AFE,NY.GDP.PCAP.CD,1979,634.448116130271
AFE,NY.GDP.PCAP.CD,1978,571.617317230818
AFE,NY.GDP.PCAP.CD,1977,518.358684720575
AFE,NY.GDP.PCAP.CD,1976,468.774521811486
AFE,NY.GDP.PCAP.CD,1975,479.078797946454
AFE,NY.GDP.PCAP.CD,1974,463.468775136049
AFE,NY.GDP.PCAP.CD,1973,389.729024099655
AFE,NY.GDP.PCAP.CD,1972,311.465053421845
AFE,NY.GDP.PCAP.CD,1971,294.814162052789
AFE,NY.GDP.PCAP.CD,1970,276.732924213049
AFE,NY.GDP.PCAP.CD,1969,281.578893708839
AFE,NY.GDP.PCAP.CD,1968,257.143823139725
AFE,NY.GDP.PCAP.CD,1967,243.773592909361
AFE,NY.GDP.PCAP.CD,1966,240.911793947474
AFE,NY.GDP.PCAP.CD,1965,226.836134615766
AFE,NY.GDP.PCAP.CD,1964,208.962717137873
AFE,NY.GDP.PCAP.CD,1963,225.400079422489
AFE,NY.GDP.PCAP.CD,1962,197.367547013038
AFE,NY.GDP.PCAP.CD,1961,186.90905320299
AFE,NY.GDP.PCAP.CD,1960,186.089204223988
AFW,NY.GDP.PCAP.CD,2025,
AFW,NY.GDP.PCAP.CD,2024,1411.33702938476
AFW,NY.GDP.PCAP.CD,2023,1841.85506354867
AFW,NY.GDP.PCAP.CD,2022,2138.47315259913
AFW,NY.GDP.PCAP.CD,2021,2112.79407637079
AFW,NY.GDP.PCAP.CD,2020,2030.86165860293
AFW,NY.GDP.PCAP.CD,2019,2216.38505520833
AFW,NY.GDP.PCAP.CD,2018,1720.14009242722
AFW,NY.GDP.PCAP.CD,2017,1574.23056437855
AFW,NY.GDP.PCAP.CD,2016,1630.03943895258
AFW,NY.GDP.PCAP.CD,2015,1860.72768628324
AFW,NY.GDP.PCAP.CD,2014,2221.35033761012
AFW,NY.GDP.PCAP.CD,2013,2131.60609132899
AFW,NY.GDP.PCAP.CD,2012,1941.11824321812
AFW,NY.GDP.PCAP.CD,2011,1844.05436728177
AFW,NY.GDP.PCAP.CD,2010,1662.63365844147
AFW,NY.GDP.PCAP.CD,2009,1453.4952836253
AFW,NY.GDP.PCAP.CD,2008,1666.52048270501
AFW,NY.GDP.PCAP.CD,2007,1405.88018847409
AFW,NY.GDP.PCAP.CD,2006,1234.64185574403
AFW,NY.GDP.PCAP.CD,2005,999.770023047319
AFW,NY.GDP.PCAP.CD,2004,838.213391665852
AFW,NY.GDP.PCAP.CD,2003,697.481256337088
AFW,NY.GDP.PCAP.CD,2002,619.337335030759
AFW,NY.GDP.PCAP.CD,2001,532.972787221754
AFW,NY.GDP.PCAP.CD,2000,518.969226054683
AFW,NY.GDP.PCAP.CD,1999,523.797280235566
AFW,NY.GDP.PCAP.CD,1998,1141.48665070696
AFW,NY.GDP.PCAP.CD,1997,1091.83152927104
AFW,NY.GDP.PCAP.CD,1996,1069.59024047614
AFW,NY.GDP.PCAP.CD,1995,866.731606283751
AFW,NY.GDP.PCAP.CD,1994,580.008123493952
AFW,NY.GDP.PCAP.CD,1993,574.472938901996
AFW,NY.GDP.PCAP.CD,1992,567.153365168022
AFW,NY.GDP.PCAP.CD,1991,607.84041379997
AFW,NY.GDP.PCAP.CD,1990,593.024667183284
AFW,NY.GDP.PCAP.CD,1989,512.4777353649
AFW,NY.GDP.PCAP.CD,1988,563.117147218986
AFW,NY.GDP.PCAP.CD,1987,583.317520182878
AFW,NY.GDP.PCAP.CD,1986,582.885075620736
AFW,NY.GDP.PCAP.CD,1985,754.905547330188
AFW,NY.GDP.PCAP.CD,1984,738.545691276266
AFW,NY.GDP.PCAP.CD,1983,873.979406766518
AFW,NY.GDP.PCAP.CD,1982,1164.18848757408
AFW,NY.GDP.PCAP.CD,1981,1328.79368820509
AFW,NY.GDP.PCAP.CD,1980,763.011987564749
AFW,NY.GDP.PCAP.CD,1979,624.870706504666
AFW,NY.GDP.PCAP.CD,1978,523.781318335365
AFW,NY.GDP.PCAP.CD,1977,490.839576834053
AFW,NY.GDP.PCAP.CD,1976,480.447260139767
AFW,NY.GDP.PCAP.CD,1975,413.36616996255
AFW,NY.GDP.PCAP.CD,1974,368.294725144754
AFW,NY.GDP.PCAP.CD,1973,280.643967375144
AFW,NY.GDP.PCAP.CD,1972,230.068904176407
AFW,NY.GDP.PCAP.CD,1971,195.859987259659
AFW,NY.GDP.PCAP.CD,1970,218.672140995183
AFW,NY.GDP.PCAP.CD,1969,161.917968321991
AFW,NY.GDP.PCAP.CD,1968,146.186183137742
AFW,NY.GDP.PCAP.CD,1967,144.94080398911
AFW,NY.GDP.PCAP.CD,1966,162.107340296637
AFW,NY.GDP.PCAP.CD,1965,155.561896577631
AFW,NY.GDP.PCAP.CD,1964,148.545883334804
AFW,NY.GDP.PCAP.CD,1963,139.004980086033
AFW,NY.GDP.PCAP.CD,1962,133.823783489337
AFW,NY.GDP.PCAP.CD,1961,127.451039943698
AFW,NY.GDP.PCAP.CD,1960,121.936832429715
ARB,NY.GDP.PCAP.CD,2025,
ARB,NY.GDP.PCAP.CD,2024,7583.81170078145
ARB,NY.GDP.PCAP.CD,2023,7513.89907880749
ARB,NY.GDP.PCAP.CD,2022,7950.35581975672
ARB,NY.GDP.PCAP.CD,2021,6697.41498492196
ARB,NY.GDP.PCAP.CD,2020,5739.41283580539
ARB,NY.GDP.PCAP.CD,2019,6674.34224402621
ARB,NY.GDP.PCAP.CD,2018,6699.18058175457
ARB,NY.GDP.PCAP.CD,2017,6096.72395041636
ARB,NY.GDP.PCAP.CD,2016,6042.19675439671
ARB,NY.GDP.PCAP.CD,2015,6290.55879501691
ARB,NY.GDP.PCAP.CD,2014,7338.35092727915
ARB,NY.GDP.PCAP.CD,2013,7376.02829575498
ARB,NY.GDP.PCAP.CD,2012,7384.10682814613
ARB,NY.GDP.PCAP.CD,2011,6915.82768123695
ARB,NY.GDP.PCAP.CD,2010,5944.95217290432
ARB,NY.GDP.PCAP.CD,2009,5134.45006055159
ARB,NY.GDP.PCAP.CD,2008,6091.93206445672
ARB,NY.GDP.PCAP.CD,2007,4940.70226511719
ARB,NY.GDP.PCAP.CD,2006,4355.05756933724
ARB,NY.GDP.PCAP.CD,2005,3750.69825886818
ARB,NY.GDP.PCAP.CD,2004,3133.70187873975
ARB,NY.GDP.PCAP.CD,2003,2696.67212547749
ARB,NY.GDP.PCAP.CD,2002,2483.11187485029
ARB,NY.GDP.PCAP.CD,2001,2536.69232600737
ARB,NY.GDP.PCAP.CD,2000,2664.12520122649
ARB,NY.GDP.PCAP.CD,1999,2378.91283321485
ARB,NY.GDP.PCAP.CD,1998,2192.5892782815
ARB,NY.GDP.PCAP.CD,1997,2305.60995032747
ARB,NY.GDP.PCAP.CD,1996,2193.85960692838
ARB,NY.GDP.PCAP.CD,1995,2080.99829425308
ARB,NY.GDP.PCAP.CD,1994,2018.66801750107
ARB,NY.GDP.PCAP.CD,1993,1987.75290921938
ARB,NY.GDP.PCAP.CD,1992,1996.2882370158
ARB,NY.GDP.PCAP.CD,1991,2048.70631001886
ARB,NY.GDP.PCAP.CD,1990,2875.1308363764
ARB,NY.GDP.PCAP.CD,1989,2117.69374656993
ARB,NY.GDP.PCAP.CD,1988,2041.96156254739
ARB,NY.GDP.PCAP.CD,1987,2108.46610373939
ARB,NY.GDP.PCAP.CD,1986,2042.4786028706
ARB,NY.GDP.PCAP.CD,1985,2247.904844675
ARB,NY.GDP.PCAP.CD,1984,2357.29657111126
ARB,NY.GDP.PCAP.CD,1983,2417.3540635347
ARB,NY.GDP.PCAP.CD,1982,2640.69651258477
ARB,NY.GDP.PCAP.CD,1981,2911.11299721778
ARB,NY.GDP.PCAP.CD,1980,2954.24923103987
ARB,NY.GDP.PCAP.CD,1979,2251.65848258375
ARB,NY.GDP.PCAP.CD,1978,1728.32273624459
ARB,NY.GDP.PCAP.CD,1977,1630.47022408811
ARB,NY.GDP.PCAP.CD,1976,1458.24274468218
ARB,NY.GDP.PCAP.CD,1975,1205.55544629845
ARB,NY.GDP.PCAP.CD,1974,1125.04299484851
ARB,NY.GDP.PCAP.CD,1973,602.507544309351
ARB,NY.GDP.PCAP.CD,1972,470.227432505887
ARB,NY.GDP.PCAP.CD,1971,402.822310389485
ARB,NY.GDP.PCAP.CD,1970,357.718966442961
ARB,NY.GDP.PCAP.CD,1969,329.453730138284
ARB,NY.GDP.PCAP.CD,1968,307.557625918434
ARB,NY.GDP.PCAP.CD,1967,276.951727070344
ARB,NY.GDP.PCAP.CD,1966,263.968712840055
ARB,NY.GDP.PCAP.CD,1965,256.197488255539
ARB,NY.GDP.PCAP.CD,1964,243.913947637965
ARB,NY.GDP.PCAP.CD,1963,225.815920363838
ARB,NY.GDP.PCAP.CD,1962,210.81968957279
ARB,NY.GDP.PCAP.CD,1961,212.904079284244
ARB,NY.GDP.PCAP.CD,1960,
CSS,NY.GDP.PCAP.CD,2025,
CSS,NY.GDP.PCAP.CD,2024,19903.8112311908
CSS,NY.GDP.PCAP.CD,2023,17596.5404249612
CSS,NY.GDP.PCAP.CD,2022,17456.3084845676
CSS,NY.GDP.PCAP.CD,2021,13995.2694921728
CSS,NY.GDP.PCAP.CD,2020,11957.223222537
CSS,NY.GDP.PCAP.CD,2019,13995.8548364074
CSS,NY.GDP.PCAP.CD,2018,13896.7409040963
CSS,NY.GDP.PCAP.CD,2017,13671.1377634132
CSS,NY.GDP.PCAP.CD,2016,13376.8057759012
CSS,NY.GDP.PCAP.CD,2015,14497.5393236017
CSS,NY.GDP.PCAP.CD,2014,14947.9426963116
CSS,NY.GDP.PCAP.CD,2013,14577.1689272446
CSS,NY.GDP.PCAP.CD,2012,14290.6349320102
CSS,NY.GDP.PCAP.CD,2011,13526.9467561999
CSS,NY.GDP.PCAP.CD,2010,12711.087492863
CSS,NY.GDP.PCAP.CD,2009,11554.0589194758
CSS,NY.GDP.PCAP.CD,2008,13890.1303094208
CSS,NY.GDP.PCAP.CD,2007,12134.9066978741
CSS,NY.GDP.PCAP.CD,2006,10883.0475520742
CSS,NY.GDP.PCAP.CD,2005,9439.33720644986
CSS,NY.GDP.PCAP.CD,2004,8233.61082543875
CSS,NY.GDP.PCAP.CD,2003,7551.08983381761
CSS,NY.GDP.PCAP.CD,2002,6903.07418576198
CSS,NY.GDP.PCAP.CD,2001,6647.62547849072
CSS,NY.GDP.PCAP.CD,2000,6477.26482123395
CSS,NY.GDP.PCAP.CD,1999,5959.88473285313
CSS,NY.GDP.PCAP.CD,1998,5558.82422899327
CSS,NY.GDP.PCAP.CD,1997,5198.5063262239
CSS,NY.GDP.PCAP.CD,1996,4424.43957767727
CSS,NY.GDP.PCAP.CD,1995,4144.50619583341
CSS,NY.GDP.PCAP.CD,1994,3929.16090487784
CSS,NY.GDP.PCAP.CD,1993,3698.86380689567
CSS,NY.GDP.PCAP.CD,1992,3842.68138532177
CSS,NY.GDP.PCAP.CD,1991,3792.22074880024
CSS,NY.GDP.PCAP.CD,1990,3713.69534828331
CSS,NY.GDP.PCAP.CD,1989,3468.58939836147
CSS,NY.GDP.PCAP.CD,1988,3530.0768972102
CSS,NY.GDP.PCAP.CD,1987,3439.60046333553
CSS,NY.GDP.PCAP.CD,1986,3307.33904696522
CSS,NY.GDP.PCAP.CD,1985,3907.19546019831
CSS,NY.GDP.PCAP.CD,1984,3908.46277598906
CSS,NY.GDP.PCAP.CD,1983,3793.64092639991
CSS,NY.GDP.PCAP.CD,1982,3851.96097447913
CSS,NY.GDP.PCAP.CD,1981,3496.70815196286
CSS,NY.GDP.PCAP.CD,1980,3199.78302389516
CSS,NY.GDP.PCAP.CD,1979,2491.90112105547
CSS,NY.GDP.PCAP.CD,1978,2023.78593701824
CSS,NY.GDP.PCAP.CD,1977,1786.9463308162
CSS,NY.GDP.PCAP.CD,1976,1497.92274413475
CSS,NY.GDP.PCAP.CD,1975,1474.07313726819
CSS,NY.GDP.PCAP.CD,1974,1295.57997042313
CSS,NY.GDP.PCAP.CD,1973,987.049904340167
CSS,NY.GDP.PCAP.CD,1972,858.37605232848
CSS,NY.GDP.PCAP.CD,1971,780.664219545997
CSS,NY.GDP.PCAP.CD,1970,730.704086817937
CSS,NY.GDP.PCAP.CD,1969,704.371934968721
CSS,NY.GDP.PCAP.CD,1968,659.557119858247
CSS,NY.GDP.PCAP.CD,1967,654.511741813167
CSS,NY.GDP.PCAP.CD,1966,609.204934699445
CSS,NY.GDP.PCAP.CD,1965,584.032636917524
CSS,NY.GDP.PCAP.CD,1964,555.235936722189
CSS,NY.GDP.PCAP.CD,1963,530.733580669034
CSS,NY.GDP.PCAP.CD,1962,507.847334102197
CSS,NY.GDP.PCAP.CD,1961,486.571129974937
CSS,NY.GDP.PCAP.CD,1960,455.490441600162
CEB,NY.GDP.PCAP.CD,2025,
CEB,NY.GDP.PCAP.CD,2024,24604.8068595604
CEB,NY.GDP.PCAP.CD,2023,22690.3736174216
CEB,NY.GDP.PCAP.CD,2022,19530.1553232172
CEB,NY.GDP.PCAP.CD,2021,19223.9274030651
CEB,NY.GDP.PCAP.CD,2020,16581.3526115028
CEB,NY.GDP.PCAP.CD,2019,16534.9264870407
CEB,NY.GDP.PCAP.CD,2018,16227.2484719489
CEB,NY.GDP.PCAP.CD,2017,14339.8243059389
CEB,NY.GDP.PCAP.CD,2016,12874.699956166
CEB,NY.GDP.PCAP.CD,2015,12596.8862547468
CEB,NY.GDP.PCAP.CD,2014,14208.4090786575
CEB,NY.GDP.PCAP.CD,2013,13712.6744030811
CEB,NY.GDP.PCAP.CD,2012,13104.066588243
CEB,NY.GDP.PCAP.CD,2011,13997.3000771488
CEB,NY.GDP.PCAP.CD,2010,12635.7541209869
CEB,NY.GDP.PCAP.CD,2009,12302.0391574104
CEB,NY.GDP.PCAP.CD,2008,14573.6892707791
CEB,NY.GDP.PCAP.CD,2007,11997.2743828359
CEB,NY.GDP.PCAP.CD,2006,9466.68526162196
CEB,NY.GDP.PCAP.CD,2005,8352.50713208298
CEB,NY.GDP.PCAP.CD,2004,7180.27037029658
CEB,NY.GDP.PCAP.CD,2003,5948.84961048536
CEB,NY.GDP.PCAP.CD,2002,4941.34251407648
CEB,NY.GDP.PCAP.CD,2001,4360.9626352209
CEB,NY.GDP.PCAP.CD,2000,3959.62494896645
CEB,NY.GDP.PCAP.CD,1999,3998.01799002332
CEB,NY.GDP.PCAP.CD,1998,4117.99990144172
CEB,NY.GDP.PCAP.CD,1997,3757.40740977212
CEB,NY.GDP.PCAP.CD,1996,3808.56146312262
CEB,NY.GDP.PCAP.CD,1995,3593.18352287584
CEB,NY.GDP.PCAP.CD,1994,2805.59448321985
CEB,NY.GDP.PCAP.CD,1993,2457.01488544822
CEB,NY.GDP.PCAP.CD,1992,2316.71496981098
CEB,NY.GDP.PCAP.CD,1991,2233.29251960509
CEB,NY.GDP.PCAP.CD,1990,2457.17454927702
CEB,NY.GDP.PCAP.CD,1989,
CEB,NY.GDP.PCAP.CD,1988,
CEB,NY.GDP.PCAP.CD,1987,
CEB,NY.GDP.PCAP.CD,1986,
CEB,NY.GDP.PCAP.CD,1985,
CEB,NY.GDP.PCAP.CD,1984,
CEB,NY.GDP.PCAP.CD,1983,
CEB,NY.GDP.PCAP.CD,1982,
CEB,NY.GDP.PCAP.CD,1981,
CEB,NY.GDP.PCAP.CD,1980,
CEB,NY.GDP.PCAP.CD,1979,
CEB,NY.GDP.PCAP.CD,1978,
CEB,NY.GDP.PCAP.CD,1977,
CEB,NY.GDP.PCAP.CD,1976,
CEB,NY.GDP.PCAP.CD,1975,
CEB,NY.GDP.PCAP.CD,1974,
CEB,NY.GDP.PCAP.CD,1973,
CEB,NY.GDP.PCAP.CD,1972,
CEB,NY.GDP.PCAP.CD,1971,
CEB,NY.GDP.PCAP.CD,1970,
CEB,NY.GDP.PCAP.CD,1969,
CEB,NY.GDP.PCAP.CD,1968,
CEB,NY.GDP.PCAP.CD,1967,
CEB,NY.GDP.PCAP.CD,1966,
CEB,NY.GDP.PCAP.CD,1965,
CEB,NY.GDP.PCAP.CD,1964,
CEB,NY.GDP.PCAP.CD,1963,
CEB,NY.GDP.PCAP.CD,1962,
CEB,NY.GDP.PCAP.CD,1961,
CEB,NY.GDP.PCAP.CD,1960,
EAR,NY.GDP.PCAP.CD,2025,
EAR,NY.GDP.PCAP.CD,2024,4450.18711937385
EAR,NY.GDP.PCAP.CD,2023,4252.59733415786
EAR,NY.GDP.PCAP.CD,2022,4043.82776331568
EAR,NY.GDP.PCAP.CD,2021,3698.98363187847
EAR,NY.GDP.PCAP.CD,2020,3187.03781234801
EAR,NY.GDP.PCAP.CD,2019,3483.31545469615
EAR,NY.GDP.PCAP.CD,2018,3463.50882263375
EAR,NY.GDP.PCAP.CD,2017,3457.64943157186
EAR,NY.GDP.PCAP.CD,2016,3223.9805446069
EAR,NY.GDP.PCAP.CD,2015,3174.36962020929
EAR,NY.GDP.PCAP.CD,2014,3347.32555792556
EAR,NY.GDP.PCAP.CD,2013,3328.41752232259
EAR,NY.GDP.PCAP.CD,2012,3359.13086538369
EAR,NY.GDP.PCAP.CD,2011,3262.90999134968
EAR,NY.GDP.PCAP.CD,2010,2938.79859415379
EAR,NY.GDP.PCAP.CD,2009,2457.28657966372
EAR,NY.GDP.PCAP.CD,2008,2594.55632797992
EAR,NY.GDP.PCAP.CD,2007,2342.68810678142
EAR,NY.GDP.PCAP.CD,2006,2011.10903452871
EAR,NY.GDP.PCAP.CD,2005,1788.28350980842
EAR,NY.GDP.PCAP.CD,2004,1563.10591131168
EAR,NY.GDP.PCAP.CD,2003,1368.47911219559
EAR,NY.GDP.PCAP.CD,2002,1251.30296598532
EAR,NY.GDP.PCAP.CD,2001,1311.18270829395
EAR,NY.GDP.PCAP.CD,2000,1346.2395395696
EAR,NY.GDP.PCAP.CD,1999,1255.06572658008
EAR,NY.GDP.PCAP.CD,1998,1209.079710361
EAR,NY.GDP.PCAP.CD,1997,1278.98377914407
EAR,NY.GDP.PCAP.CD,1996,1221.88459499685
EAR,NY.GDP.PCAP.CD,1995,1150.91452190581
EAR,NY.GDP.PCAP.CD,1994,1122.66616303659
EAR,NY.GDP.PCAP.CD,1993,1090.31033442221
EAR,NY.GDP.PCAP.CD,1992,1032.31298955358
EAR,NY.GDP.PCAP.CD,1991,971.321737310106
EAR,NY.GDP.PCAP.CD,1990,936.989879630286
EAR,NY.GDP.PCAP.CD,1989,819.312297121629
EAR,NY.GDP.PCAP.CD,1988,824.760473918877
EAR,NY.GDP.PCAP.CD,1987,800.414142936597
EAR,NY.GDP.PCAP.CD,1986,807.395724412824
EAR,NY.GDP.PCAP.CD,1985,823.462882791905
EAR,NY.GDP.PCAP.CD,1984,846.73364680674
EAR,NY.GDP.PCAP.CD,1983,856.430768502953
EAR,NY.GDP.PCAP.CD,1982,870.647608944326
EAR,NY.GDP.PCAP.CD,1981,937.459873358865
EAR,NY.GDP.PCAP.CD,1980,868.426587879801
EAR,NY.GDP.PCAP.CD,1979,716.299464233645
EAR,NY.GDP.PCAP.CD,1978,623.757201750048
EAR,NY.GDP.PCAP.CD,1977,559.650363228133
EAR,NY.GDP.PCAP.CD,1976,512.907760931776
EAR,NY.GDP.PCAP.CD,1975,481.179666235853
EAR,NY.GDP.PCAP.CD,1974,460.725913425284
EAR,NY.GDP.PCAP.CD,1973,336.896059973761
EAR,NY.GDP.PCAP.CD,1972,269.859969061756
EAR,NY.GDP.PCAP.CD,1971,250.494530710009
EAR,NY.GDP.PCAP.CD,1970,238.291608642772
EAR,NY.GDP.PCAP.CD,1969,229.483856084865
EAR,NY.GDP.PCAP.CD,1968,210.496332209591
EAR,NY.GDP.PCAP.CD,1967,197.941783589278
EAR,NY.GDP.PCAP.CD,1966,192.18673394374
EAR,NY.GDP.PCAP.CD,1965,198.818331762015
EAR,NY.GDP.PCAP.CD,1964,187.912844563027
EAR,NY.GDP.PCAP.CD,1963,168.142193367347
EAR,NY.GDP.PCAP.CD,1962,156.289671717434
EAR,NY.GDP.PCAP.CD,1961,158.516274774966
EAR,NY.GDP.PCAP.CD,1960,149.365548876014
EAS,NY.GDP.PCAP.CD,2025,
EAS,NY.GDP.PCAP.CD,2024,13405.735673015
EAS,NY.GDP.PCAP.CD,2023,13176.1786055635
EAS,NY.GDP.PCAP.CD,2022,13139.2109813612
EAS,NY.GDP.PCAP.CD,2021,13336.4841670883
EAS,NY.GDP.PCAP.CD,2020,11639.4853357389
EAS,NY.GDP.PCAP.CD,2019,11622.8915284735
EAS,NY.GDP.PCAP.CD,2018,11438.8584591418
EAS,NY.GDP.PCAP.CD,2017,10566.2828244863
EAS,NY.GDP.PCAP.CD,2016,9965.00400107685
EAS,NY.GDP.PCAP.CD,2015,9691.70576095154
EAS,NY.GDP.PCAP.CD,2014,9793.53363771993
EAS,NY.GDP.PCAP.CD,2013,9553.8618750751
EAS,NY.GDP.PCAP.CD,2012,9507.12974075371
EAS,NY.GDP.PCAP.CD,2011,8955.7486981995
EAS,NY.GDP.PCAP.CD,2010,7784.344658223
EAS,NY.GDP.PCAP.CD,2009,6713.65045131004
EAS,NY.GDP.PCAP.CD,2008,6569.11576512158
EAS,NY.GDP.PCAP.CD,2007,5739.38750773872
EAS,NY.GDP.PCAP.CD,2006,5170.318905428
EAS,NY.GDP.PCAP.CD,2005,4910.91472643792
EAS,NY.GDP.PCAP.CD,2004,4634.6623943391
EAS,NY.GDP.PCAP.CD,2003,4162.83398166818
EAS,NY.GDP.PCAP.CD,2002,3813.81685560294
EAS,NY.GDP.PCAP.CD,2001,3783.30921974687
EAS,NY.GDP.PCAP.CD,2000,4103.33628080966
EAS,NY.GDP.PCAP.CD,1999,3827.75756789564
EAS,NY.GDP.PCAP.CD,1998,3459.91050076763
EAS,NY.GDP.PCAP.CD,1997,3909.67282575326
EAS,NY.GDP.PCAP.CD,1996,4138.00861008622
EAS,NY.GDP.PCAP.CD,1995,4345.04839008217
EAS,NY.GDP.PCAP.CD,1994,3872.66469966508
EAS,NY.GDP.PCAP.CD,1993,3505.51573409276
EAS,NY.GDP.PCAP.CD,1992,3174.20680565294
EAS,NY.GDP.PCAP.CD,1991,2942.86527561313
EAS,NY.GDP.PCAP.CD,1990,2642.45766205625
EAS,NY.GDP.PCAP.CD,1989,2569.5527191665
EAS,NY.GDP.PCAP.CD,1988,2505.86716715602
EAS,NY.GDP.PCAP.CD,1987,2118.31901292557
EAS,NY.GDP.PCAP.CD,1986,1833.48735926913
EAS,NY.GDP.PCAP.CD,1985,1425.07387579006
EAS,NY.GDP.PCAP.CD,1984,1371.62394802451
EAS,NY.GDP.PCAP.CD,1983,1301.62167510648
EAS,NY.GDP.PCAP.CD,1982,1242.66164799436
EAS,NY.GDP.PCAP.CD,1981,1289.27732595594
EAS,NY.GDP.PCAP.CD,1980,1188.17847086814
EAS,NY.GDP.PCAP.CD,1979,1114.65161511771
EAS,NY.GDP.PCAP.CD,1978,1042.00800228179
EAS,NY.GDP.PCAP.CD,1977,837.48490815821
EAS,NY.GDP.PCAP.CD,1976,713.637986891867
EAS,NY.GDP.PCAP.CD,1975,659.612813010632
EAS,NY.GDP.PCAP.CD,1974,613.865677463368
EAS,NY.GDP.PCAP.CD,1973,543.111178001157
EAS,NY.GDP.PCAP.CD,1972,421.264763056711
EAS,NY.GDP.PCAP.CD,1971,346.871556973199
EAS,NY.GDP.PCAP.CD,1970,320.403969139419
EAS,NY.GDP.PCAP.CD,1969,285.408436398002
EAS,NY.GDP.PCAP.CD,1968,253.935783109729
EAS,NY.GDP.PCAP.CD,1967,235.576978819233
EAS,NY.GDP.PCAP.CD,1966,222.051460731588
EAS,NY.GDP.PCAP.CD,1965,203.577743219365
EAS,NY.GDP.PCAP.CD,1964,187.212848491953
EAS,NY.GDP.PCAP.CD,1963,166.907093854542
EAS,NY.GDP.PCAP.CD,1962,153.204628797351
EAS,NY.GDP.PCAP.CD,1961,151.759431810602
EAS,NY.GDP.PCAP.CD,1960,150.859457445814
EAP,NY.GDP.PCAP.CD,2025,
EAP,NY.GDP.PCAP.CD,2024,10396.7957405051
EAP,NY.GDP.PCAP.CD,2023,10125.9095208645
EAP,NY.GDP.PCAP.CD,2022,10106.9935977814
EAP,NY.GDP.PCAP.CD,2021,9974.57829690175
EAP,NY.GDP.PCAP.CD,2020,8391.27634645493
EAP,NY.GDP.PCAP.CD,2019,8286.3981179292
EAP,NY.GDP.PCAP.CD,2018,8045.94630458507
EAP,NY.GDP.PCAP.CD,2017,7241.92533864361
EAP,NY.GDP.PCAP.CD,2016,6683.18386700353
EAP,NY.GDP.PCAP.CD,2015,6589.77076427461
EAP,NY.GDP.PCAP.CD,2014,6373.64846984799
EAP,NY.GDP.PCAP.CD,2013,5952.7689297214
EAP,NY.GDP.PCAP.CD,2012,5434.82527120289
EAP,NY.GDP.PCAP.CD,2011,4913.89394942906
EAP,NY.GDP.PCAP.CD,2010,4057.86521472833
EAP,NY.GDP.PCAP.CD,2009,3359.51721584875
EAP,NY.GDP.PCAP.CD,2008,3117.83131105355
EAP,NY.GDP.PCAP.CD,2007,2481.38704492063
EAP,NY.GDP.PCAP.CD,2006,1976.63130651455
EAP,NY.GDP.PCAP.CD,2005,1653.6791360518
EAP,NY.GDP.PCAP.CD,2004,1439.93214543391
EAP,NY.GDP.PCAP.CD,2003,1251.27771535816
EAP,NY.GDP.PCAP.CD,2002,1113.99915249896
EAP,NY.GDP.PCAP.CD,2001,1014.52467003618
EAP,NY.GDP.PCAP.CD,2000,961.301422369963
EAP,NY.GDP.PCAP.CD,1999,881.635750156455
EAP,NY.GDP.PCAP.CD,1998,809.007580493479
EAP,NY.GDP.PCAP.CD,1997,895.628860781461
EAP,NY.GDP.PCAP.CD,1996,876.038021478494
EAP,NY.GDP.PCAP.CD,1995,772.304602057404
EAP,NY.GDP.PCAP.CD,1994,634.195222952685
EAP,NY.GDP.PCAP.CD,1993,533.886061731311
EAP,NY.GDP.PCAP.CD,1992,493.06088369419
EAP,NY.GDP.PCAP.CD,1991,445.804753221262
EAP,NY.GDP.PCAP.CD,1990,416.938782261111
EAP,NY.GDP.PCAP.CD,1989,395.426029999221
EAP,NY.GDP.PCAP.CD,1988,371.9254393204
EAP,NY.GDP.PCAP.CD,1987,340.936766529025
EAP,NY.GDP.PCAP.CD,1986,351.028816056445
EAP,NY.GDP.PCAP.CD,1985,357.905467448196
EAP,NY.GDP.PCAP.CD,1984,332.153258401474
EAP,NY.GDP.PCAP.CD,1983,311.47279439249
EAP,NY.GDP.PCAP.CD,1982,302.516685584374
EAP,NY.GDP.PCAP.CD,1981,292.964871355699
EAP,NY.GDP.PCAP.CD,1980,278.675551801578
EAP,NY.GDP.PCAP.CD,1979,245.267886708048
EAP,NY.GDP.PCAP.CD,1978,215.184312618709
EAP,NY.GDP.PCAP.CD,1977,225.243013756806
EAP,NY.GDP.PCAP.CD,1976,198.554467967616
EAP,NY.GDP.PCAP.CD,1975,198.672510294299
EAP,NY.GDP.PCAP.CD,1974,180.40828103172
EAP,NY.GDP.PCAP.CD,1973,162.64572508994
EAP,NY.GDP.PCAP.CD,1972,132.336284588938
EAP,NY.GDP.PCAP.CD,1971,119.112482493189
EAP,NY.GDP.PCAP.CD,1970,113.922517317223
EAP,NY.GDP.PCAP.CD,1969,105.108977265853
EAP,NY.GDP.PCAP.CD,1968,96.0395573107908
EAP,NY.GDP.PCAP.CD,1967,97.5038099685848
EAP,NY.GDP.PCAP.CD,1966,103.042905274641
EAP,NY.GDP.PCAP.CD,1965,96.7854396235053
EAP,NY.GDP.PCAP.CD,1964,85.118184629145
EAP,NY.GDP.PCAP.CD,1963,75.5131219647953
EAP,NY.GDP.PCAP.CD,1962,71.6155290537605
EAP,NY.GDP.PCAP.CD,1961,79.558508230374
EAP,NY.GDP.PCAP.CD,1960,90.2785018672539
TEA,NY.GDP.PCAP.CD,2025,
TEA,NY.GDP.PCAP.CD,2024,10513.9529323033
TEA,NY.GDP.PCAP.CD,2023,10239.8162178816
TEA,NY.GDP.PCAP.CD,2022,10220.4774431567
TEA,NY.GDP.PCAP.CD,2021,10086.4176067356
TEA,NY.GDP.PCAP.CD,2020,8485.32855185979
TEA,NY.GDP.PCAP.CD,2019,8379.36503263574
TEA,NY.GDP.PCAP.CD,2018,8136.37041895137
TEA,NY.GDP.PCAP.CD,2017,7323.51364847919
TEA,NY.GDP.PCAP.CD,2016,6758.74365728701
TEA,NY.GDP.PCAP.CD,2015,6664.48834577557
TEA,NY.GDP.PCAP.CD,2014,6446.13612359241
TEA,NY.GDP.PCAP.CD,2013,6020.72398510662
TEA,NY.GDP.PCAP.CD,2012,5497.15517271917
TEA,NY.GDP.PCAP.CD,2011,4970.50535493565
TEA,NY.GDP.PCAP.CD,2010,4104.80262362259
TEA,NY.GDP.PCAP.CD,2009,3398.52989667846
TEA,NY.GDP.PCAP.CD,2008,3154.16872851062
TEA,NY.GDP.PCAP.CD,2007,2510.42261993326
TEA,NY.GDP.PCAP.CD,2006,1999.86070779606
TEA,NY.GDP.PCAP.CD,2005,1673.19096529507
TEA,NY.GDP.PCAP.CD,2004,1456.96694694124
TEA,NY.GDP.PCAP.CD,2003,1266.10778867241
TEA,NY.GDP.PCAP.CD,2002,1127.25093374819
TEA,NY.GDP.PCAP.CD,2001,1026.6492096959
TEA,NY.GDP.PCAP.CD,2000,972.833173916046
TEA,NY.GDP.PCAP.CD,1999,892.251747150348
TEA,NY.GDP.PCAP.CD,1998,818.793324750918
TEA,NY.GDP.PCAP.CD,1997,906.493021330197
TEA,NY.GDP.PCAP.CD,1996,886.701839756278
TEA,NY.GDP.PCAP.CD,1995,781.740273011855
TEA,NY.GDP.PCAP.CD,1994,641.960437587345
TEA,NY.GDP.PCAP.CD,1993,540.427508690314
TEA,NY.GDP.PCAP.CD,1992,499.112755101956
TEA,NY.GDP.PCAP.CD,1991,451.285275077955
TEA,NY.GDP.PCAP.CD,1990,422.071410076562
TEA,NY.GDP.PCAP.CD,1989,400.299436208748
TEA,NY.GDP.PCAP.CD,1988,376.514745475974
TEA,NY.GDP.PCAP.CD,1987,345.154435745665
TEA,NY.GDP.PCAP.CD,1986,355.377868708384
TEA,NY.GDP.PCAP.CD,1985,362.345629981071
TEA,NY.GDP.PCAP.CD,1984,336.28597041083
TEA,NY.GDP.PCAP.CD,1983,315.356013514066
TEA,NY.GDP.PCAP.CD,1982,306.301092040175
TEA,NY.GDP.PCAP.CD,1981,296.638660486771
TEA,NY.GDP.PCAP.CD,1980,282.172716876686
TEA,NY.GDP.PCAP.CD,1979,248.354130559149
TEA,NY.GDP.PCAP.CD,1978,217.901256348868
TEA,NY.GDP.PCAP.CD,1977,228.08829233148
TEA,NY.GDP.PCAP.CD,1976,201.071871936437
TEA,NY.GDP.PCAP.CD,1975,201.194079350329
TEA,NY.GDP.PCAP.CD,1974,182.701577930808
TEA,NY.GDP.PCAP.CD,1973,164.713132861926
TEA,NY.GDP.PCAP.CD,1972,134.020481612005
TEA,NY.GDP.PCAP.CD,1971,120.627148449905
TEA,NY.GDP.PCAP.CD,1970,115.371975482505
TEA,NY.GDP.PCAP.CD,1969,106.44617894735
TEA,NY.GDP.PCAP.CD,1968,97.2605818901622
TEA,NY.GDP.PCAP.CD,1967,98.7397966811936
TEA,NY.GDP.PCAP.CD,1966,104.345470535028
TEA,NY.GDP.PCAP.CD,1965,98.01030811847
TEA,NY.GDP.PCAP.CD,1964,86.1944413412986
TEA,NY.GDP.PCAP.CD,1963,76.4669229998067
TEA,NY.GDP.PCAP.CD,1962,72.5209927013903
TEA,NY.GDP.PCAP.CD,1961,80.5543140095915
TEA,NY.GDP.PCAP.CD,1960,91.3802571544007
EMU,NY.GDP.PCAP.CD,2025,
EMU,NY.GDP.PCAP.CD,2024,46945.4188234427
EMU,NY.GDP.PCAP.CD,2023,45330.1093015768
EMU,NY.GDP.PCAP.CD,2022,41608.7123275598
EMU,NY.GDP.PCAP.CD,2021,42984.5697414154
EMU,NY.GDP.PCAP.CD,2020,38236.5543048506
EMU,NY.GDP.PCAP.CD,2019,39220.5136743355
EMU,NY.GDP.PCAP.CD,2018,40107.5362854643
EMU,NY.GDP.PCAP.CD,2017,37243.5651015997
EMU,NY.GDP.PCAP.CD,2016,35228.4854539428
EMU,NY.GDP.PCAP.CD,2015,34471.1747135027
EMU,NY.GDP.PCAP.CD,2014,39979.3009314013
EMU,NY.GDP.PCAP.CD,2013,39097.5925470426
EMU,NY.GDP.PCAP.CD,2012,37481.4502473034
EMU,NY.GDP.PCAP.CD,2011,40569.5862836129
EMU,NY.GDP.PCAP.CD,2010,37491.6114073082
EMU,NY.GDP.PCAP.CD,2009,38464.1586390033
EMU,NY.GDP.PCAP.CD,2008,42172.9388150163
EMU,NY.GDP.PCAP.CD,2007,38544.2258256115
EMU,NY.GDP.PCAP.CD,2006,33646.2303491169
EMU,NY.GDP.PCAP.CD,2005,31781.6618833533
EMU,NY.GDP.PCAP.CD,2004,30803.286099919
EMU,NY.GDP.PCAP.CD,2003,27010.5876151819
EMU,NY.GDP.PCAP.CD,2002,22047.2795660791
EMU,NY.GDP.PCAP.CD,2001,20289.6505275093
EMU,NY.GDP.PCAP.CD,2000,20039.4002655128
EMU,NY.GDP.PCAP.CD,1999,22011.2608875031
EMU,NY.GDP.PCAP.CD,1998,22144.6949274767
EMU,NY.GDP.PCAP.CD,1997,21582.2300714774
EMU,NY.GDP.PCAP.CD,1996,23652.3522705446
EMU,NY.GDP.PCAP.CD,1995,23430.2422057728
EMU,NY.GDP.PCAP.CD,1994,20344.7655226337
EMU,NY.GDP.PCAP.CD,1993,19310.813004459
EMU,NY.GDP.PCAP.CD,1992,21178.5256358016
EMU,NY.GDP.PCAP.CD,1991,19305.465017279
EMU,NY.GDP.PCAP.CD,1990,18683.5116155586
EMU,NY.GDP.PCAP.CD,1989,14916.0812074781
EMU,NY.GDP.PCAP.CD,1988,14667.4326412971
EMU,NY.GDP.PCAP.CD,1987,13379.9532049657
EMU,NY.GDP.PCAP.CD,1986,10846.4728922026
EMU,NY.GDP.PCAP.CD,1985,7742.59506377773
EMU,NY.GDP.PCAP.CD,1984,7550.82986545877
EMU,NY.GDP.PCAP.CD,1983,7882.88747508699
EMU,NY.GDP.PCAP.CD,1982,8096.36447538062
EMU,NY.GDP.PCAP.CD,1981,8385.37448823064
EMU,NY.GDP.PCAP.CD,1980,9689.63756123281
EMU,NY.GDP.PCAP.CD,1979,8690.83859337917
EMU,NY.GDP.PCAP.CD,1978,7203.60562888095
EMU,NY.GDP.PCAP.CD,1977,5907.56870876833
EMU,NY.GDP.PCAP.CD,1976,5212.65412729294
EMU,NY.GDP.PCAP.CD,1975,5017.25574498842
EMU,NY.GDP.PCAP.CD,1974,4349.02059640083
EMU,NY.GDP.PCAP.CD,1973,3856.3439795314
EMU,NY.GDP.PCAP.CD,1972,2989.99899277962
EMU,NY.GDP.PCAP.CD,1971,2492.73227264391
EMU,NY.GDP.PCAP.CD,1970,2211.87403940428
EMU,NY.GDP.PCAP.CD,1969,1963.38799796288
EMU,NY.GDP.PCAP.CD,1968,1769.5279673443
EMU,NY.GDP.PCAP.CD,1967,1657.11135633377
EMU,NY.GDP.PCAP.CD,1966,1570.59049039747
EMU,NY.GDP.PCAP.CD,1965,1463.59251069044
EMU,NY.GDP.PCAP.CD,1964,1350.39539561431
EMU,NY.GDP.PCAP.CD,1963,1229.3647745555
EMU,NY.GDP.PCAP.CD,1962,1126.9207216647
EMU,NY.GDP.PCAP.CD,1961,1027.9119555993
EMU,NY.GDP.PCAP.CD,1960,931.404759430371
ECS,NY.GDP.PCAP.CD,2025,
ECS,NY.GDP.PCAP.CD,2024,31555.5207890657
ECS,NY.GDP.PCAP.CD,2023,29988.9022903108
ECS,NY.GDP.PCAP.CD,2022,27913.5882331645
ECS,NY.GDP.PCAP.CD,2021,27664.8914080918
ECS,NY.GDP.PCAP.CD,2020,24167.3551199699
ECS,NY.GDP.PCAP.CD,2019,25020.8648271756
ECS,NY.GDP.PCAP.CD,2018,25408.6379771601
ECS,NY.GDP.PCAP.CD,2017,23814.1197034605
ECS,NY.GDP.PCAP.CD,2016,22519.6408855547
ECS,NY.GDP.PCAP.CD,2015,22702.8228380066
ECS,NY.GDP.PCAP.CD,2014,26473.6213384574
ECS,NY.GDP.PCAP.CD,2013,26196.108944305
ECS,NY.GDP.PCAP.CD,2012,25164.7626116947
ECS,NY.GDP.PCAP.CD,2011,26239.3600613076
ECS,NY.GDP.PCAP.CD,2010,23702.4750230082
ECS,NY.GDP.PCAP.CD,2009,23259.5334613272
ECS,NY.GDP.PCAP.CD,2008,26524.5115468839
ECS,NY.GDP.PCAP.CD,2007,24195.9334256766
ECS,NY.GDP.PCAP.CD,2006,20766.9170925859
ECS,NY.GDP.PCAP.CD,2005,19227.6221679028
ECS,NY.GDP.PCAP.CD,2004,18114.0702003259
ECS,NY.GDP.PCAP.CD,2003,15584.8646461506
ECS,NY.GDP.PCAP.CD,2002,12849.7232593553
ECS,NY.GDP.PCAP.CD,2001,11757.603659314
ECS,NY.GDP.PCAP.CD,2000,11652.9290294061
ECS,NY.GDP.PCAP.CD,1999,12371.8879045226
ECS,NY.GDP.PCAP.CD,1998,12512.8882177513
ECS,NY.GDP.PCAP.CD,1997,12300.1736663162
ECS,NY.GDP.PCAP.CD,1996,12973.0558652764
ECS,NY.GDP.PCAP.CD,1995,12730.8476426985
ECS,NY.GDP.PCAP.CD,1994,10969.3139384644
ECS,NY.GDP.PCAP.CD,1993,10513.65827884
ECS,NY.GDP.PCAP.CD,1992,11479.1245108075
ECS,NY.GDP.PCAP.CD,1991,10760.2249451734
ECS,NY.GDP.PCAP.CD,1990,10494.4746850409
ECS,NY.GDP.PCAP.CD,1989,8631.06466394315
ECS,NY.GDP.PCAP.CD,1988,8570.85351449003
ECS,NY.GDP.PCAP.CD,1987,7746.34327897063
ECS,NY.GDP.PCAP.CD,1986,6311.90579736774
ECS,NY.GDP.PCAP.CD,1985,4656.28280891539
ECS,NY.GDP.PCAP.CD,1984,4527.81045694251
ECS,NY.GDP.PCAP.CD,1983,4738.49651577011
ECS,NY.GDP.PCAP.CD,1982,4914.32581490138
ECS,NY.GDP.PCAP.CD,1981,5128.71854308382
ECS,NY.GDP.PCAP.CD,1980,5795.1682033759
ECS,NY.GDP.PCAP.CD,1979,5162.40736139079
ECS,NY.GDP.PCAP.CD,1978,4262.6611027984
ECS,NY.GDP.PCAP.CD,1977,3501.39780781125
ECS,NY.GDP.PCAP.CD,1976,3116.99477203056
ECS,NY.GDP.PCAP.CD,1975,3019.9081663642
ECS,NY.GDP.PCAP.CD,1974,2604.15929471011
ECS,NY.GDP.PCAP.CD,1973,2321.88625856893
ECS,NY.GDP.PCAP.CD,1972,1839.96617758159
ECS,NY.GDP.PCAP.CD,1971,1547.55468828972
ECS,NY.GDP.PCAP.CD,1970,1381.85855003421
ECS,NY.GDP.PCAP.CD,1969,1238.63225937362
ECS,NY.GDP.PCAP.CD,1968,1126.74880888434
ECS,NY.GDP.PCAP.CD,1967,1079.39361350599
ECS,NY.GDP.PCAP.CD,1966,1025.58847675693
ECS,NY.GDP.PCAP.CD,1965,957.435547266057
ECS,NY.GDP.PCAP.CD,1964,887.549892759299
ECS,NY.GDP.PCAP.CD,1963,812.18375116517
ECS,NY.GDP.PCAP.CD,1962,751.316541487379
ECS,NY.GDP.PCAP.CD,1961,695.027463779439
ECS,NY.GDP.PCAP.CD,1960,638.829792544218
ECA,NY.GDP.PCAP.CD,2025,
ECA,NY.GDP.PCAP.CD,2024,9793.69205809432
ECA,NY.GDP.PCAP.CD,2023,8617.0484098633
ECA,NY.GDP.PCAP.CD,2022,7266.022431542
ECA,NY.GDP.PCAP.CD,2021,6673.97429035651
ECA,NY.GDP.PCAP.CD,2020,5776.19343817718
ECA,NY.GDP.PCAP.CD,2019,6069.27407282315
ECA,NY.GDP.PCAP.CD,2018,5996.28775888893
ECA,NY.GDP.PCAP.CD,2017,6138.12063922999
ECA,NY.GDP.PCAP.CD,2016,5986.89723080084
ECA,NY.GDP.PCAP.CD,2015,6291.45594655745
ECA,NY.GDP.PCAP.CD,2014,7290.90050313923
ECA,NY.GDP.PCAP.CD,2013,7667.03397664675
ECA,NY.GDP.PCAP.CD,2012,7093.45607745799
ECA,NY.GDP.PCAP.CD,2011,6785.87680428259
ECA,NY.GDP.PCAP.CD,2010,6019.29491137959
ECA,NY.GDP.PCAP.CD,2009,5125.12331489484
ECA,NY.GDP.PCAP.CD,2008,6191.07369718277
ECA,NY.GDP.PCAP.CD,2007,5206.48238815828
ECA,NY.GDP.PCAP.CD,2006,4142.44695498675
ECA,NY.GDP.PCAP.CD,2005,3576.72283332319
ECA,NY.GDP.PCAP.CD,2004,2883.55689723687
ECA,NY.GDP.PCAP.CD,2003,2249.74301490831
ECA,NY.GDP.PCAP.CD,2002,1771.9219856658
ECA,NY.GDP.PCAP.CD,2001,1529.60615620796
ECA,NY.GDP.PCAP.CD,2000,1790.77072090719
ECA,NY.GDP.PCAP.CD,1999,1767.11233534975
ECA,NY.GDP.PCAP.CD,1998,1940.93640820527
ECA,NY.GDP.PCAP.CD,1997,1941.24978910286
ECA,NY.GDP.PCAP.CD,1996,1830.59814351656
ECA,NY.GDP.PCAP.CD,1995,1737.88574685501
ECA,NY.GDP.PCAP.CD,1994,1239.75571509396
ECA,NY.GDP.PCAP.CD,1993,1589.70149156538
ECA,NY.GDP.PCAP.CD,1992,1549.06158695832
ECA,NY.GDP.PCAP.CD,1991,1622.91351746991
ECA,NY.GDP.PCAP.CD,1990,1700.93581132748
ECA,NY.GDP.PCAP.CD,1989,1438.8173010524
ECA,NY.GDP.PCAP.CD,1988,1284.36981012792
ECA,NY.GDP.PCAP.CD,1987,1174.52679004131
ECA,NY.GDP.PCAP.CD,1986,
ECA,NY.GDP.PCAP.CD,1985,
ECA,NY.GDP.PCAP.CD,1984,
ECA,NY.GDP.PCAP.CD,1983,
ECA,NY.GDP.PCAP.CD,1982,
ECA,NY.GDP.PCAP.CD,1981,
ECA,NY.GDP.PCAP.CD,1980,
ECA,NY.GDP.PCAP.CD,1979,
ECA,NY.GDP.PCAP.CD,1978,
ECA,NY.GDP.PCAP.CD,1977,
ECA,NY.GDP.PCAP.CD,1976,
ECA,NY.GDP.PCAP.CD,1975,
ECA,NY.GDP.PCAP.CD,1974,
ECA,NY.GDP.PCAP.CD,1973,
ECA,NY.GDP.PCAP.CD,1972,
ECA,NY.GDP.PCAP.CD,1971,
ECA,NY.GDP.PCAP.CD,1970,
ECA,NY.GDP.PCAP.CD,1969,
ECA,NY.GDP.PCAP.CD,1968,
ECA,NY.GDP.PCAP.CD,1967,
ECA,NY.GDP.PCAP.CD,1966,
ECA,NY.GDP.PCAP.CD,1965,
ECA,NY.GDP.PCAP.CD,1964,
ECA,NY.GDP.PCAP.CD,1963,
ECA,NY.GDP.PCAP.CD,1962,
ECA,NY.GDP.PCAP.CD,1961,
ECA,NY.GDP.PCAP.CD,1960,
TEC,NY.GDP.PCAP.CD,2025,
TEC,NY.GDP.PCAP.CD,2024,13337.4386956337
TEC,NY.GDP.PCAP.CD,2023,12129.8641155432
TEC,NY.GDP.PCAP.CD,2022,11421.1364427001
TEC,NY.GDP.PCAP.CD,2021,10014.5108823837
TEC,NY.GDP.PCAP.CD,2020,8478.35038656806
TEC,NY.GDP.PCAP.CD,2019,9058.74177112172
TEC,NY.GDP.PCAP.CD,2018,8911.87742979014
TEC,NY.GDP.PCAP.CD,2017,8575.46129195764
TEC,NY.GDP.PCAP.CD,2016,7659.54924391363
TEC,NY.GDP.PCAP.CD,2015,8009.61874995558
TEC,NY.GDP.PCAP.CD,2014,10307.2242685414
TEC,NY.GDP.PCAP.CD,2013,10965.2487116486
TEC,NY.GDP.PCAP.CD,2012,10418.3484935481
TEC,NY.GDP.PCAP.CD,2011,10028.6545563598
TEC,NY.GDP.PCAP.CD,2010,8280.72343768265
TEC,NY.GDP.PCAP.CD,2009,7074.02354262313
TEC,NY.GDP.PCAP.CD,2008,8951.25356376805
TEC,NY.GDP.PCAP.CD,2007,7247.02729943285
TEC,NY.GDP.PCAP.CD,2006,5632.99003233827
TEC,NY.GDP.PCAP.CD,2005,4660.80836930066
TEC,NY.GDP.PCAP.CD,2004,3723.43803208933
TEC,NY.GDP.PCAP.CD,2003,2879.65363440365
TEC,NY.GDP.PCAP.CD,2002,2340.82503908743
TEC,NY.GDP.PCAP.CD,2001,2080.98419116363
TEC,NY.GDP.PCAP.CD,2000,2044.35074576548
TEC,NY.GDP.PCAP.CD,1999,1878.78922808186
TEC,NY.GDP.PCAP.CD,1998,2165.16719527635
TEC,NY.GDP.PCAP.CD,1997,2408.22960725737
TEC,NY.GDP.PCAP.CD,1996,2329.86607015662
TEC,NY.GDP.PCAP.CD,1995,2264.47976869591
TEC,NY.GDP.PCAP.CD,1994,1896.39718541029
TEC,NY.GDP.PCAP.CD,1993,2107.47422371283
TEC,NY.GDP.PCAP.CD,1992,2135.37505754846
TEC,NY.GDP.PCAP.CD,1991,2312.73788388468
TEC,NY.GDP.PCAP.CD,1990,2374.40408071154
TEC,NY.GDP.PCAP.CD,1989,2251.56950368039
TEC,NY.GDP.PCAP.CD,1988,2335.03182707538
TEC,NY.GDP.PCAP.CD,1987,
TEC,NY.GDP.PCAP.CD,1986,
TEC,NY.GDP.PCAP.CD,1985,
TEC,NY.GDP.PCAP.CD,1984,
TEC,NY.GDP.PCAP.CD,1983,
TEC,NY.GDP.PCAP.CD,1982,
TEC,NY.GDP.PCAP.CD,1981,
TEC,NY.GDP.PCAP.CD,1980,
TEC,NY.GDP.PCAP.CD,1979,
TEC,NY.GDP.PCAP.CD,1978,
TEC,NY.GDP.PCAP.CD,1977,
TEC,NY.GDP.PCAP.CD,1976,
TEC,NY.GDP.PCAP.CD,1975,
TEC,NY.GDP.PCAP.CD,1974,
TEC,NY.GDP.PCAP.CD,1973,
TEC,NY.GDP.PCAP.CD,1972,
TEC,NY.GDP.PCAP.CD,1971,
TEC,NY.GDP.PCAP.CD,1970,
TEC,NY.GDP.PCAP.CD,1969,
TEC,NY.GDP.PCAP.CD,1968,
TEC,NY.GDP.PCAP.CD,1967,
TEC,NY.GDP.PCAP.CD,1966,
TEC,NY.GDP.PCAP.CD,1965,
TEC,NY.GDP.PCAP.CD,1964,
TEC,NY.GDP.PCAP.CD,1963,
TEC,NY.GDP.PCAP.CD,1962,
TEC,NY.GDP.PCAP.CD,1961,
TEC,NY.GDP.PCAP.CD,1960,
EUU,NY.GDP.PCAP.CD,2025,
EUU,NY.GDP.PCAP.CD,2024,43304.9642561331
EUU,NY.GDP.PCAP.CD,2023,41566.5741100785
EUU,NY.GDP.PCAP.CD,2022,38066.8844892624
EUU,NY.GDP.PCAP.CD,2021,39206.9791776084
EUU,NY.GDP.PCAP.CD,2020,34694.7035869194
EUU,NY.GDP.PCAP.CD,2019,35374.1403676934
EUU,NY.GDP.PCAP.CD,2018,36054.953230113
EUU,NY.GDP.PCAP.CD,2017,33394.5888043692
EUU,NY.GDP.PCAP.CD,2016,31456.8971280656
EUU,NY.GDP.PCAP.CD,2015,30771.6568591261
EUU,NY.GDP.PCAP.CD,2014,35590.1004559069
EUU,NY.GDP.PCAP.CD,2013,34804.7281200996
EUU,NY.GDP.PCAP.CD,2012,33324.7709896821
EUU,NY.GDP.PCAP.CD,2011,35963.3147849808
EUU,NY.GDP.PCAP.CD,2010,33119.5673211775
EUU,NY.GDP.PCAP.CD,2009,33632.0748456258
EUU,NY.GDP.PCAP.CD,2008,37169.0746850842
EUU,NY.GDP.PCAP.CD,2007,33704.6636441399
EUU,NY.GDP.PCAP.CD,2006,29200.5809467343
EUU,NY.GDP.PCAP.CD,2005,27431.4991030834
EUU,NY.GDP.PCAP.CD,2004,26368.6780464334
EUU,NY.GDP.PCAP.CD,2003,23020.9558032659
EUU,NY.GDP.PCAP.CD,2002,18797.8116316074
EUU,NY.GDP.PCAP.CD,2001,17230.6480095869
EUU,NY.GDP.PCAP.CD,2000,16976.0452668705
EUU,NY.GDP.PCAP.CD,1999,18506.5941717551
EUU,NY.GDP.PCAP.CD,1998,18616.5119307706
EUU,NY.GDP.PCAP.CD,1997,18093.6207027952
EUU,NY.GDP.PCAP.CD,1996,19755.2431380919
EUU,NY.GDP.PCAP.CD,1995,19470.1012385881
EUU,NY.GDP.PCAP.CD,1994,16826.1293837396
EUU,NY.GDP.PCAP.CD,1993,15908.7811027866
EUU,NY.GDP.PCAP.CD,1992,17470.0648653893
EUU,NY.GDP.PCAP.CD,1991,15952.0353697466
EUU,NY.GDP.PCAP.CD,1990,15470.4116881227
EUU,NY.GDP.PCAP.CD,1989,12414.3519594263
EUU,NY.GDP.PCAP.CD,1988,12196.9043169801
EUU,NY.GDP.PCAP.CD,1987,11144.9676483273
EUU,NY.GDP.PCAP.CD,1986,9042.11917395753
EUU,NY.GDP.PCAP.CD,1985,6490.26717374341
EUU,NY.GDP.PCAP.CD,1984,6326.07088890792
EUU,NY.GDP.PCAP.CD,1983,6578.61259104974
EUU,NY.GDP.PCAP.CD,1982,6783.32823147929
EUU,NY.GDP.PCAP.CD,1981,7053.63977896309
EUU,NY.GDP.PCAP.CD,1980,8116.44667188749
EUU,NY.GDP.PCAP.CD,1979,7288.83936422884
EUU,NY.GDP.PCAP.CD,1978,6057.75686822687
EUU,NY.GDP.PCAP.CD,1977,4996.99888643709
EUU,NY.GDP.PCAP.CD,1976,4432.18340481752
EUU,NY.GDP.PCAP.CD,1975,4253.76925051968
EUU,NY.GDP.PCAP.CD,1974,3674.5118857554
EUU,NY.GDP.PCAP.CD,1973,3265.5063578579
EUU,NY.GDP.PCAP.CD,1972,2540.42566943022
EUU,NY.GDP.PCAP.CD,1971,2120.68051969328
EUU,NY.GDP.PCAP.CD,1970,1886.4511408238
EUU,NY.GDP.PCAP.CD,1969,1677.37128578399
EUU,NY.GDP.PCAP.CD,1968,1513.54365997406
EUU,NY.GDP.PCAP.CD,1967,1420.38226810128
EUU,NY.GDP.PCAP.CD,1966,1344.28320010645
EUU,NY.GDP.PCAP.CD,1965,1251.61101979756
EUU,NY.GDP.PCAP.CD,1964,1153.27324710743
EUU,NY.GDP.PCAP.CD,1963,1048.81148246515
EUU,NY.GDP.PCAP.CD,1962,962.977170962183
EUU,NY.GDP.PCAP.CD,1961,878.773144679955
EUU,NY.GDP.PCAP.CD,1960,797.15751326742
FCS,NY.GDP.PCAP.CD,2025,
FCS,NY.GDP.PCAP.CD,2024,1527.95809514037
FCS,NY.GDP.PCAP.CD,2023,1682.75058845476
FCS,NY.GDP.PCAP.CD,2022,1850.91743054769
FCS,NY.GDP.PCAP.CD,2021,1711.40128929758
FCS,NY.GDP.PCAP.CD,2020,1618.4798041022
FCS,NY.GDP.PCAP.CD,2019,1861.65330453031
FCS,NY.GDP.PCAP.CD,2018,1634.92965875473
FCS,NY.GDP.PCAP.CD,2017,1549.60952933559
FCS,NY.GDP.PCAP.CD,2016,1491.08080315915
FCS,NY.GDP.PCAP.CD,2015,1663.16200127279
FCS,NY.GDP.PCAP.CD,2014,2051.54643733895
FCS,NY.GDP.PCAP.CD,2013,2144.21479332186
FCS,NY.GDP.PCAP.CD,2012,2233.12675819557
FCS,NY.GDP.PCAP.CD,2011,2053.715805371
FCS,NY.GDP.PCAP.CD,2010,2017.56741418682
FCS,NY.GDP.PCAP.CD,2009,1739.10283567866
FCS,NY.GDP.PCAP.CD,2008,1971.04693971359
FCS,NY.GDP.PCAP.CD,2007,1578.9042249996
FCS,NY.GDP.PCAP.CD,2006,1319.3385305318
FCS,NY.GDP.PCAP.CD,2005,1079.24067613473
FCS,NY.GDP.PCAP.CD,2004,871.15501215152
FCS,NY.GDP.PCAP.CD,2003,703.739369790737
FCS,NY.GDP.PCAP.CD,2002,684.998396992158
FCS,NY.GDP.PCAP.CD,2001,719.215886038336
FCS,NY.GDP.PCAP.CD,2000,751.801263034453
FCS,NY.GDP.PCAP.CD,1999,657.920628983046
FCS,NY.GDP.PCAP.CD,1998,902.662957751523
FCS,NY.GDP.PCAP.CD,1997,899.622391059043
FCS,NY.GDP.PCAP.CD,1996,821.742503657984
FCS,NY.GDP.PCAP.CD,1995,777.742817479696
FCS,NY.GDP.PCAP.CD,1994,653.490982766103
FCS,NY.GDP.PCAP.CD,1993,668.540906266802
FCS,NY.GDP.PCAP.CD,1992,673.979682139604
FCS,NY.GDP.PCAP.CD,1991,775.977706384562
FCS,NY.GDP.PCAP.CD,1990,1121.80132830689
FCS,NY.GDP.PCAP.CD,1989,808.34209224195
FCS,NY.GDP.PCAP.CD,1988,835.813705522075
FCS,NY.GDP.PCAP.CD,1987,787.120009595929
FCS,NY.GDP.PCAP.CD,1986,801.009794575855
FCS,NY.GDP.PCAP.CD,1985,889.203700940944
FCS,NY.GDP.PCAP.CD,1984,895.47509894907
FCS,NY.GDP.PCAP.CD,1983,1019.09796936658
FCS,NY.GDP.PCAP.CD,1982,1208.20205136792
FCS,NY.GDP.PCAP.CD,1981,1295.49731663969
FCS,NY.GDP.PCAP.CD,1980,1006.6237487225
FCS,NY.GDP.PCAP.CD,1979,811.670500011326
FCS,NY.GDP.PCAP.CD,1978,660.183026040108
FCS,NY.GDP.PCAP.CD,1977,616.895812231002
FCS,NY.GDP.PCAP.CD,1976,571.931709127015
FCS,NY.GDP.PCAP.CD,1975,493.085166033968
FCS,NY.GDP.PCAP.CD,1974,460.337503728246
FCS,NY.GDP.PCAP.CD,1973,313.148765971361
FCS,NY.GDP.PCAP.CD,1972,259.131098166077
FCS,NY.GDP.PCAP.CD,1971,228.984191448816
FCS,NY.GDP.PCAP.CD,1970,227.440774511902
FCS,NY.GDP.PCAP.CD,1969,195.316905978144
FCS,NY.GDP.PCAP.CD,1968,177.988839296466
FCS,NY.GDP.PCAP.CD,1967,164.750936206224
FCS,NY.GDP.PCAP.CD,1966,170.789635303789
FCS,NY.GDP.PCAP.CD,1965,163.639830903512
FCS,NY.GDP.PCAP.CD,1964,152.273193452149
FCS,NY.GDP.PCAP.CD,1963,172.023589329207
FCS,NY.GDP.PCAP.CD,1962,153.858258932713
FCS,NY.GDP.PCAP.CD,1961,142.286927480689
FCS,NY.GDP.PCAP.CD,1960,139.201818517738
HPC,NY.GDP.PCAP.CD,2025,
HPC,NY.GDP.PCAP.CD,2024,1216.37508472564
HPC,NY.GDP.PCAP.CD,2023,1155.90445279924
HPC,NY.GDP.PCAP.CD,2022,1121.48387311982
HPC,NY.GDP.PCAP.CD,2021,1061.41414950431
HPC,NY.GDP.PCAP.CD,2020,962.590226473892
HPC,NY.GDP.PCAP.CD,2019,983.900062178744
HPC,NY.GDP.PCAP.CD,2018,985.478210719267
HPC,NY.GDP.PCAP.CD,2017,943.132832332498
HPC,NY.GDP.PCAP.CD,2016,894.708764701024
HPC,NY.GDP.PCAP.CD,2015,917.296109229182
HPC,NY.GDP.PCAP.CD,2014,986.983783219797
HPC,NY.GDP.PCAP.CD,2013,960.685520477941
HPC,NY.GDP.PCAP.CD,2012,881.192621901094
HPC,NY.GDP.PCAP.CD,2011,873.222093086024
HPC,NY.GDP.PCAP.CD,2010,812.08054988398
HPC,NY.GDP.PCAP.CD,2009,764.823758486232
HPC,NY.GDP.PCAP.CD,2008,797.380456091108
HPC,NY.GDP.PCAP.CD,2007,688.372468350697
HPC,NY.GDP.PCAP.CD,2006,593.211178044594
HPC,NY.GDP.PCAP.CD,2005,519.647933058567
HPC,NY.GDP.PCAP.CD,2004,462.336970473255
HPC,NY.GDP.PCAP.CD,2003,412.76823992883
HPC,NY.GDP.PCAP.CD,2002,374.531772057964
HPC,NY.GDP.PCAP.CD,2001,355.171230947666
HPC,NY.GDP.PCAP.CD,2000,377.459385908018
HPC,NY.GDP.PCAP.CD,1999,359.069926606546
HPC,NY.GDP.PCAP.CD,1998,367.63883769207
HPC,NY.GDP.PCAP.CD,1997,365.376442370573
HPC,NY.GDP.PCAP.CD,1996,358.900827562186
HPC,NY.GDP.PCAP.CD,1995,337.597287128306
HPC,NY.GDP.PCAP.CD,1994,298.607566037976
HPC,NY.GDP.PCAP.CD,1993,359.759110518863
HPC,NY.GDP.PCAP.CD,1992,357.756774317661
HPC,NY.GDP.PCAP.CD,1991,484.673677252224
HPC,NY.GDP.PCAP.CD,1990,457.468692315205
HPC,NY.GDP.PCAP.CD,1989,409.390095483576
HPC,NY.GDP.PCAP.CD,1988,413.452348940116
HPC,NY.GDP.PCAP.CD,1987,403.910480739514
HPC,NY.GDP.PCAP.CD,1986,389.53568222666
HPC,NY.GDP.PCAP.CD,1985,434.951479538862
HPC,NY.GDP.PCAP.CD,1984,425.602086060453
HPC,NY.GDP.PCAP.CD,1983,429.410132495274
HPC,NY.GDP.PCAP.CD,1982,445.063803500033
HPC,NY.GDP.PCAP.CD,1981,451.572513740473
HPC,NY.GDP.PCAP.CD,1980,459.208823363419
HPC,NY.GDP.PCAP.CD,1979,424.769593090895
HPC,NY.GDP.PCAP.CD,1978,397.824622437476
HPC,NY.GDP.PCAP.CD,1977,351.516809204035
HPC,NY.GDP.PCAP.CD,1976,311.545793355116
HPC,NY.GDP.PCAP.CD,1975,298.545945572051
HPC,NY.GDP.PCAP.CD,1974,272.517186325367
HPC,NY.GDP.PCAP.CD,1973,237.870538064419
HPC,NY.GDP.PCAP.CD,1972,199.672129891292
HPC,NY.GDP.PCAP.CD,1971,184.49729524321
HPC,NY.GDP.PCAP.CD,1970,175.758084999252
HPC,NY.GDP.PCAP.CD,1969,187.003538090024
HPC,NY.GDP.PCAP.CD,1968,174.606385503424
HPC,NY.GDP.PCAP.CD,1967,166.513489520738
HPC,NY.GDP.PCAP.CD,1966,173.487384341159
HPC,NY.GDP.PCAP.CD,1965,164.177189590693
HPC,NY.GDP.PCAP.CD,1964,148.880649778661
HPC,NY.GDP.PCAP.CD,1963,164.108821020134
HPC,NY.GDP.PCAP.CD,1962,143.210707106393
HPC,NY.GDP.PCAP.CD,1961,134.982100905981
HPC,NY.GDP.PCAP.CD,1960,133.966706552323
,NY.GDP.PCAP.CD,2025,
,NY.GDP.PCAP.CD,2024,50302.6052129513
,NY.GDP.PCAP.CD,2023,48608.1947665895
,NY.GDP.PCAP.CD,2022,46553.1150181383
,NY.GDP.PCAP.CD,2021,45081.6648348437
,NY.GDP.PCAP.CD,2020,40108.2348602411
,NY.GDP.PCAP.CD,2019,41342.2066107349
,NY.GDP.PCAP.CD,2018,41094.8560877186
,NY.GDP.PCAP.CD,2017,38776.5615949516
,NY.GDP.PCAP.CD,2016,37057.8096501124
,NY.GDP.PCAP.CD,2015,36586.4346902662
,NY.GDP.PCAP.CD,2014,39447.7093246608
,NY.GDP.PCAP.CD,2013,39008.3249033591
,NY.GDP.PCAP.CD,2012,38693.845536167
,NY.GDP.PCAP.CD,2011,38785.8817355705
,NY.GDP.PCAP.CD,2010,35778.2487328682
,NY.GDP.PCAP.CD,2009,34111.8446047683
,NY.GDP.PCAP.CD,2008,36900.1405697144
,NY.GDP.PCAP.CD,2007,34666.0451564196
,NY.GDP.PCAP.CD,2006,31710.7967236991
,NY.GDP.PCAP.CD,2005,30051.3459550589
,NY.GDP.PCAP.CD,2004,28451.5065479041
,NY.GDP.PCAP.CD,2003,25606.6766440821
,NY.GDP.PCAP.CD,2002,22929.756695357
,NY.GDP.PCAP.CD,2001,22083.4201672758
,NY.GDP.PCAP.CD,2000,22374.3254750161
,NY.GDP.PCAP.CD,1999,21976.6114511313
,NY.GDP.PCAP.CD,1998,21090.4317620041
,NY.GDP.PCAP.CD,1997,21240.4885041756
,NY.GDP.PCAP.CD,1996,21713.2096953916
,NY.GDP.PCAP.CD,1995,21664.2004459795
,NY.GDP.PCAP.CD,1994,19634.0842734145
,NY.GDP.PCAP.CD,1993,18470.3300277875
,NY.GDP.PCAP.CD,1992,18462.7676067204
,NY.GDP.PCAP.CD,1991,17366.3731057
,NY.GDP.PCAP.CD,1990,16573.1448542517
,NY.GDP.PCAP.CD,1989,14891.784569451
,NY.GDP.PCAP.CD,1988,14398.6649680219
,NY.GDP.PCAP.CD,1987,12880.4033626254
,NY.GDP.PCAP.CD,1986,11184.5378321116
,NY.GDP.PCAP.CD,1985,9269.59471447854
,NY.GDP.PCAP.CD,1984,8892.16783596374
,NY.GDP.PCAP.CD,1983,8585.13267423053
,NY.GDP.PCAP.CD,1982,8366.52973337001
,NY.GDP.PCAP.CD,1981,8511.11527117423
,NY.GDP.PCAP.CD,1980,8449.56205648535
,NY.GDP.PCAP.CD,1979,7628.83619389771
,NY.GDP.PCAP.CD,1978,6654.57423930975
,NY.GDP.PCAP.CD,1977,5587.75422364676
,NY.GDP.PCAP.CD,1976,4975.48207279103
,NY.GDP.PCAP.CD,1975,4605.67978691039
,NY.GDP.PCAP.CD,1974,4163.32326850978
,NY.GDP.PCAP.CD,1973,3713.8725783283
,NY.GDP.PCAP.CD,1972,3089.59648226753
,NY.GDP.PCAP.CD,1971,2685.33158987821
,NY.GDP.PCAP.CD,1970,2443.51466106049
,NY.GDP.PCAP.CD,1969,2246.86290411431
,NY.GDP.PCAP.CD,1968,2057.92985788979
,NY.GDP.PCAP.CD,1967,1915.17916945488
,NY.GDP.PCAP.CD,1966,1810.04819310864
,NY.GDP.PCAP.CD,1965,1670.88078657724
,NY.GDP.PCAP.CD,1964,1554.93270380456
,NY.GDP.PCAP.CD,1963,1439.77872113396
,NY.GDP.PCAP.CD,1962,1354.85427587098
,NY.GDP.PCAP.CD,1961,1268.40315786502
,NY.GDP.PCAP.CD,1960,1203.87998018316
IBD,NY.GDP.PCAP.CD,2025,
IBD,NY.GDP.PCAP.CD,2024,8219.91265703844
IBD,NY.GDP.PCAP.CD,2023,7925.3992413749
IBD,NY.GDP.PCAP.CD,2022,7699.23258826186
IBD,NY.GDP.PCAP.CD,2021,7314.52836425796
IBD,NY.GDP.PCAP.CD,2020,6191.51088391849
IBD,NY.GDP.PCAP.CD,2019,6476.07259783679
IBD,NY.GDP.PCAP.CD,2018,6394.19484299789
IBD,NY.GDP.PCAP.CD,2017,6053.30921793356
IBD,NY.GDP.PCAP.CD,2016,5534.81953332906
IBD,NY.GDP.PCAP.CD,2015,5546.04775275527
IBD,NY.GDP.PCAP.CD,2014,5949.31912012409
IBD,NY.GDP.PCAP.CD,2013,5845.60507389183
IBD,NY.GDP.PCAP.CD,2012,5617.65268604461
IBD,NY.GDP.PCAP.CD,2011,5342.86138124845
IBD,NY.GDP.PCAP.CD,2010,4561.25191754242
IBD,NY.GDP.PCAP.CD,2009,3790.0835825848
IBD,NY.GDP.PCAP.CD,2008,3944.6530416302
IBD,NY.GDP.PCAP.CD,2007,3321.08117407742
IBD,NY.GDP.PCAP.CD,2006,2700.5582098436
IBD,NY.GDP.PCAP.CD,2005,2300.5592081511
IBD,NY.GDP.PCAP.CD,2004,1947.23386392599
IBD,NY.GDP.PCAP.CD,2003,1652.80701731861
IBD,NY.GDP.PCAP.CD,2002,1487.7220754011
IBD,NY.GDP.PCAP.CD,2001,1481.39193527337
IBD,NY.GDP.PCAP.CD,2000,1477.69257780304
IBD,NY.GDP.PCAP.CD,1999,1374.62285849786
IBD,NY.GDP.PCAP.CD,1998,1428.92521382257
IBD,NY.GDP.PCAP.CD,1997,1506.90781801379
IBD,NY.GDP.PCAP.CD,1996,1440.00819502256
IBD,NY.GDP.PCAP.CD,1995,1337.83541223494
IBD,NY.GDP.PCAP.CD,1994,1179.81986245707
IBD,NY.GDP.PCAP.CD,1993,1084.94479298226
IBD,NY.GDP.PCAP.CD,1992,1034.41148756919
IBD,NY.GDP.PCAP.CD,1991,1005.75150669877
IBD,NY.GDP.PCAP.CD,1990,1055.09810400631
IBD,NY.GDP.PCAP.CD,1989,954.468824209255
IBD,NY.GDP.PCAP.CD,1988,932.785048600875
IBD,NY.GDP.PCAP.CD,1987,888.944696065206
IBD,NY.GDP.PCAP.CD,1986,879.108556692831
IBD,NY.GDP.PCAP.CD,1985,862.742203681183
IBD,NY.GDP.PCAP.CD,1984,846.348877336452
IBD,NY.GDP.PCAP.CD,1983,832.747886904575
IBD,NY.GDP.PCAP.CD,1982,859.223117070691
IBD,NY.GDP.PCAP.CD,1981,888.932920285978
IBD,NY.GDP.PCAP.CD,1980,843.038548538932
IBD,NY.GDP.PCAP.CD,1979,723.252754208696
IBD,NY.GDP.PCAP.CD,1978,630.581127138128
IBD,NY.GDP.PCAP.CD,1977,581.017490706465
IBD,NY.GDP.PCAP.CD,1976,522.422637531815
IBD,NY.GDP.PCAP.CD,1975,490.704487092603
IBD,NY.GDP.PCAP.CD,1974,463.610665875758
IBD,NY.GDP.PCAP.CD,1973,374.106514850814
IBD,NY.GDP.PCAP.CD,1972,294.829633742321
IBD,NY.GDP.PCAP.CD,1971,267.38525500259
IBD,NY.GDP.PCAP.CD,1970,251.014570848352
IBD,NY.GDP.PCAP.CD,1969,235.973912549971
IBD,NY.GDP.PCAP.CD,1968,216.324800138825
IBD,NY.GDP.PCAP.CD,1967,208.878001155975
IBD,NY.GDP.PCAP.CD,1966,207.804925946862
IBD,NY.GDP.PCAP.CD,1965,205.868772123494
IBD,NY.GDP.PCAP.CD,1964,192.121587550216
IBD,NY.GDP.PCAP.CD,1963,173.464443187303
IBD,NY.GDP.PCAP.CD,1962,160.957483126443
IBD,NY.GDP.PCAP.CD,1961,161.832528192775
IBD,NY.GDP.PCAP.CD,1960,161.725811060126
IBT,NY.GDP.PCAP.CD,2025,
IBT,NY.GDP.PCAP.CD,2024,6327.14399704869
IBT,NY.GDP.PCAP.CD,2023,6149.50554558946
IBT,NY.GDP.PCAP.CD,2022,6036.81374407089
IBT,NY.GDP.PCAP.CD,2021,5754.24675079937
IBT,NY.GDP.PCAP.CD,2020,4923.57218418891
IBT,NY.GDP.PCAP.CD,2019,5167.89523774327
IBT,NY.GDP.PCAP.CD,2018,5085.50217477103
IBT,NY.GDP.PCAP.CD,2017,4831.93005964107
IBT,NY.GDP.PCAP.CD,2016,4447.41739069513
IBT,NY.GDP.PCAP.CD,2015,4474.43525326247
IBT,NY.GDP.PCAP.CD,2014,4801.77950721902
IBT,NY.GDP.PCAP.CD,2013,4714.62155942195
IBT,NY.GDP.PCAP.CD,2012,4531.17008727409
IBT,NY.GDP.PCAP.CD,2011,4324.06826881192
IBT,NY.GDP.PCAP.CD,2010,3715.56679095123
IBT,NY.GDP.PCAP.CD,2009,3109.25120385232
IBT,NY.GDP.PCAP.CD,2008,3245.39485060629
IBT,NY.GDP.PCAP.CD,2007,2742.68959561751
IBT,NY.GDP.PCAP.CD,2006,2247.71696802584
IBT,NY.GDP.PCAP.CD,2005,1919.70312051472
IBT,NY.GDP.PCAP.CD,2004,1633.14212751517
IBT,NY.GDP.PCAP.CD,2003,1392.4121168826
IBT,NY.GDP.PCAP.CD,2002,1256.62539530548
IBT,NY.GDP.PCAP.CD,2001,1248.91735602024
IBT,NY.GDP.PCAP.CD,2000,1251.80798458527
IBT,NY.GDP.PCAP.CD,1999,1162.7426663957
IBT,NY.GDP.PCAP.CD,1998,1239.87033049332
IBT,NY.GDP.PCAP.CD,1997,1301.06346834446
IBT,NY.GDP.PCAP.CD,1996,1247.97693671258
IBT,NY.GDP.PCAP.CD,1995,1156.75815715113
IBT,NY.GDP.PCAP.CD,1994,1017.95144867854
IBT,NY.GDP.PCAP.CD,1993,943.566195187043
IBT,NY.GDP.PCAP.CD,1992,902.9020818762
IBT,NY.GDP.PCAP.CD,1991,893.234402848569
IBT,NY.GDP.PCAP.CD,1990,929.094250911922
IBT,NY.GDP.PCAP.CD,1989,841.747349803477
IBT,NY.GDP.PCAP.CD,1988,826.807237789215
IBT,NY.GDP.PCAP.CD,1987,790.469132838511
IBT,NY.GDP.PCAP.CD,1986,782.706292921545
IBT,NY.GDP.PCAP.CD,1985,782.446088027187
IBT,NY.GDP.PCAP.CD,1984,769.521560568943
IBT,NY.GDP.PCAP.CD,1983,768.543290213909
IBT,NY.GDP.PCAP.CD,1982,810.699541068377
IBT,NY.GDP.PCAP.CD,1981,844.662632606173
IBT,NY.GDP.PCAP.CD,1980,770.16223875312
IBT,NY.GDP.PCAP.CD,1979,661.455350587043
IBT,NY.GDP.PCAP.CD,1978,579.188167052421
IBT,NY.GDP.PCAP.CD,1977,532.885932538139
IBT,NY.GDP.PCAP.CD,1976,482.312611999859
IBT,NY.GDP.PCAP.CD,1975,455.957616826261
IBT,NY.GDP.PCAP.CD,1974,426.328584032726
IBT,NY.GDP.PCAP.CD,1973,342.81707517253
IBT,NY.GDP.PCAP.CD,1972,274.365089101185
IBT,NY.GDP.PCAP.CD,1971,250.810008173824
IBT,NY.GDP.PCAP.CD,1970,238.146481689054
IBT,NY.GDP.PCAP.CD,1969,223.315080844557
IBT,NY.GDP.PCAP.CD,1968,204.687489157535
IBT,NY.GDP.PCAP.CD,1967,197.77619034576
IBT,NY.GDP.PCAP.CD,1966,197.298840515101
IBT,NY.GDP.PCAP.CD,1965,194.316042765223
IBT,NY.GDP.PCAP.CD,1964,180.904527733252
IBT,NY.GDP.PCAP.CD,1963,166.754562652447
IBT,NY.GDP.PCAP.CD,1962,154.740000363539
IBT,NY.GDP.PCAP.CD,1961,154.347622138411
IBT,NY.GDP.PCAP.CD,1960,153.638557581828
IDB,NY.GDP.PCAP.CD,2025,
IDB,NY.GDP.PCAP.CD,2024,1650.63788113049
IDB,NY.GDP.PCAP.CD,2023,1915.31328433422
IDB,NY.GDP.PCAP.CD,2022,2234.83616206483
IDB,NY.GDP.PCAP.CD,2021,2142.31172674601
IDB,NY.GDP.PCAP.CD,2020,2008.89632662853
IDB,NY.GDP.PCAP.CD,2019,2205.87361894796
IDB,NY.GDP.PCAP.CD,2018,1869.38204447615
IDB,NY.GDP.PCAP.CD,2017,1804.50559433385
IDB,NY.GDP.PCAP.CD,2016,1790.53787826053
IDB,NY.GDP.PCAP.CD,2015,1947.85246838642
IDB,NY.GDP.PCAP.CD,2014,2095.07253994271
IDB,NY.GDP.PCAP.CD,2013,1968.08172455739
IDB,NY.GDP.PCAP.CD,2012,1844.1586935183
IDB,NY.GDP.PCAP.CD,2011,1705.64443688917
IDB,NY.GDP.PCAP.CD,2010,1535.29922315138
IDB,NY.GDP.PCAP.CD,2009,1350.16810903148
IDB,NY.GDP.PCAP.CD,2008,1479.93269649198
IDB,NY.GDP.PCAP.CD,2007,1296.21736128505
IDB,NY.GDP.PCAP.CD,2006,1148.89181904758
IDB,NY.GDP.PCAP.CD,2005,957.94448356121
IDB,NY.GDP.PCAP.CD,2004,837.139763701924
IDB,NY.GDP.PCAP.CD,2003,712.27750643014
IDB,NY.GDP.PCAP.CD,2002,644.972024005813
IDB,NY.GDP.PCAP.CD,2001,602.892871654224
IDB,NY.GDP.PCAP.CD,2000,619.821306002405
IDB,NY.GDP.PCAP.CD,1999,530.021605991589
IDB,NY.GDP.PCAP.CD,1998,964.268672872189
IDB,NY.GDP.PCAP.CD,1997,943.89510994302
IDB,NY.GDP.PCAP.CD,1996,925.698418754674
IDB,NY.GDP.PCAP.CD,1995,774.076600795021
IDB,NY.GDP.PCAP.CD,1994,568.239663876701
IDB,NY.GDP.PCAP.CD,1993,535.686222828689
IDB,NY.GDP.PCAP.CD,1992,519.434174296556
IDB,NY.GDP.PCAP.CD,1991,549.405337140446
IDB,NY.GDP.PCAP.CD,1990,529.418516423727
IDB,NY.GDP.PCAP.CD,1989,493.693837000496
IDB,NY.GDP.PCAP.CD,1988,524.159879819327
IDB,NY.GDP.PCAP.CD,1987,518.767841753053
IDB,NY.GDP.PCAP.CD,1986,519.243541042603
IDB,NY.GDP.PCAP.CD,1985,579.675398817695
IDB,NY.GDP.PCAP.CD,1984,595.172664448521
IDB,NY.GDP.PCAP.CD,1983,708.403751993462
IDB,NY.GDP.PCAP.CD,1982,953.542282534373
IDB,NY.GDP.PCAP.CD,1981,1078.43779172704
IDB,NY.GDP.PCAP.CD,1980,612.367671988237
IDB,NY.GDP.PCAP.CD,1979,501.251164783132
IDB,NY.GDP.PCAP.CD,1978,424.361812850224
IDB,NY.GDP.PCAP.CD,1977,396.757447467945
IDB,NY.GDP.PCAP.CD,1976,380.02709800709
IDB,NY.GDP.PCAP.CD,1975,325.432942756318
IDB,NY.GDP.PCAP.CD,1974,289.637202081357
IDB,NY.GDP.PCAP.CD,1973,209.703032954816
IDB,NY.GDP.PCAP.CD,1972,198.632670859861
IDB,NY.GDP.PCAP.CD,1971,181.605754029018
IDB,NY.GDP.PCAP.CD,1970,198.686299060025
IDB,NY.GDP.PCAP.CD,1969,151.273009043362
IDB,NY.GDP.PCAP.CD,1968,136.60097571423
IDB,NY.GDP.PCAP.CD,1967,132.035396916859
IDB,NY.GDP.PCAP.CD,1966,134.372492786507
IDB,NY.GDP.PCAP.CD,1965,126.606835909544
IDB,NY.GDP.PCAP.CD,1964,120.301169372577
IDB,NY.GDP.PCAP.CD,1963,112.550598209092
IDB,NY.GDP.PCAP.CD,1962,108.527202243478
IDB,NY.GDP.PCAP.CD,1961,104.274532558611
IDB,NY.GDP.PCAP.CD,1960,99.630086640168
IDX,NY.GDP.PCAP.CD,2025,
IDX,NY.GDP.PCAP.CD,2024,1398.11181264033
IDX,NY.GDP.PCAP.CD,2023,1333.20971979026
IDX,NY.GDP.PCAP.CD,2022,1332.31730178708
IDX,NY.GDP.PCAP.CD,2021,1256.19296430735
IDX,NY.GDP.PCAP.CD,2020,1170.98051516892
IDX,NY.GDP.PCAP.CD,2019,1186.40559680864
IDX,NY.GDP.PCAP.CD,2018,1159.06134313704
IDX,NY.GDP.PCAP.CD,2017,1110.744251052
IDX,NY.GDP.PCAP.CD,2016,1054.10011053311
IDX,NY.GDP.PCAP.CD,2015,1023.43894668408
IDX,NY.GDP.PCAP.CD,2014,1049.32649145285
IDX,NY.GDP.PCAP.CD,2013,1005.78892337076
IDX,NY.GDP.PCAP.CD,2012,945.581958388053
IDX,NY.GDP.PCAP.CD,2011,961.368579226082
IDX,NY.GDP.PCAP.CD,2010,877.624039786351
IDX,NY.GDP.PCAP.CD,2009,784.340956107062
IDX,NY.GDP.PCAP.CD,2008,791.054232494495
IDX,NY.GDP.PCAP.CD,2007,666.895329303624
IDX,NY.GDP.PCAP.CD,2006,573.825446583335
IDX,NY.GDP.PCAP.CD,2005,507.001767833477
IDX,NY.GDP.PCAP.CD,2004,449.659876396915
IDX,NY.GDP.PCAP.CD,2003,405.748336914012
IDX,NY.GDP.PCAP.CD,2002,369.569993774013
IDX,NY.GDP.PCAP.CD,2001,356.727000119663
IDX,NY.GDP.PCAP.CD,2000,372.859415968736
IDX,NY.GDP.PCAP.CD,1999,345.770052362828
IDX,NY.GDP.PCAP.CD,1998,344.469083901452
IDX,NY.GDP.PCAP.CD,1997,342.519422685428
IDX,NY.GDP.PCAP.CD,1996,335.618927891741
IDX,NY.GDP.PCAP.CD,1995,326.305726823977
IDX,NY.GDP.PCAP.CD,1994,322.759984808056
IDX,NY.GDP.PCAP.CD,1993,335.825177076188
IDX,NY.GDP.PCAP.CD,1992,330.664036380434
IDX,NY.GDP.PCAP.CD,1991,408.151098620395
IDX,NY.GDP.PCAP.CD,1990,384.071674996326
IDX,NY.GDP.PCAP.CD,1989,342.707438106221
IDX,NY.GDP.PCAP.CD,1988,339.069289904144
IDX,NY.GDP.PCAP.CD,1987,325.953075568313
IDX,NY.GDP.PCAP.CD,1986,322.428174553117
IDX,NY.GDP.PCAP.CD,1985,370.935822998349
IDX,NY.GDP.PCAP.CD,1984,359.937123017399
IDX,NY.GDP.PCAP.CD,1983,361.339308955142
IDX,NY.GDP.PCAP.CD,1982,369.610785580351
IDX,NY.GDP.PCAP.CD,1981,373.289011494394
IDX,NY.GDP.PCAP.CD,1980,365.210513546295
IDX,NY.GDP.PCAP.CD,1979,330.192463077437
IDX,NY.GDP.PCAP.CD,1978,310.397459330784
IDX,NY.GDP.PCAP.CD,1977,276.143782985688
IDX,NY.GDP.PCAP.CD,1976,257.217254729527
IDX,NY.GDP.PCAP.CD,1975,278.273099980007
IDX,NY.GDP.PCAP.CD,1974,239.829322726143
IDX,NY.GDP.PCAP.CD,1973,196.895669450943
IDX,NY.GDP.PCAP.CD,1972,167.178904940029
IDX,NY.GDP.PCAP.CD,1971,165.000063296842
IDX,NY.GDP.PCAP.CD,1970,159.439975202259
IDX,NY.GDP.PCAP.CD,1969,165.643643396959
IDX,NY.GDP.PCAP.CD,1968,152.589335265
IDX,NY.GDP.PCAP.CD,1967,148.110427110546
IDX,NY.GDP.PCAP.CD,1966,149.641460992252
IDX,NY.GDP.PCAP.CD,1965,142.900093574726
IDX,NY.GDP.PCAP.CD,1964,128.563280929197
IDX,NY.GDP.PCAP.CD,1963,140.440489411057
IDX,NY.GDP.PCAP.CD,1962,128.001793620415
IDX,NY.GDP.PCAP.CD,1961,121.575702157803
IDX,NY.GDP.PCAP.CD,1960,118.851190618375
IDA,NY.GDP.PCAP.CD,2025,
IDA,NY.GDP.PCAP.CD,2024,1485.92227405633
IDA,NY.GDP.PCAP.CD,2023,1536.08719237098
IDA,NY.GDP.PCAP.CD,2022,1647.52732460307
IDA,NY.GDP.PCAP.CD,2021,1566.13709936781
IDA,NY.GDP.PCAP.CD,2020,1464.52261402905
IDA,NY.GDP.PCAP.CD,2019,1544.27890067061
IDA,NY.GDP.PCAP.CD,2018,1408.95016839901
IDA,NY.GDP.PCAP.CD,2017,1355.23505457315
IDA,NY.GDP.PCAP.CD,2016,1314.0817741131
IDA,NY.GDP.PCAP.CD,2015,1350.30758062231
IDA,NY.GDP.PCAP.CD,2014,1419.34391837187
IDA,NY.GDP.PCAP.CD,2013,1346.32438528916
IDA,NY.GDP.PCAP.CD,2012,1263.41124156596
IDA,NY.GDP.PCAP.CD,2011,1224.50986155293
IDA,NY.GDP.PCAP.CD,2010,1109.84138279455
IDA,NY.GDP.PCAP.CD,2009,983.70747485615
IDA,NY.GDP.PCAP.CD,2008,1033.2321035618
IDA,NY.GDP.PCAP.CD,2007,887.832604344602
IDA,NY.GDP.PCAP.CD,2006,775.4811759604
IDA,NY.GDP.PCAP.CD,2005,664.73305755977
IDA,NY.GDP.PCAP.CD,2004,584.965672067294
IDA,NY.GDP.PCAP.CD,2003,512.41649453404
IDA,NY.GDP.PCAP.CD,2002,465.333742769282
IDA,NY.GDP.PCAP.CD,2001,442.14518343609
IDA,NY.GDP.PCAP.CD,2000,458.298938832863
IDA,NY.GDP.PCAP.CD,1999,408.990256378247
IDA,NY.GDP.PCAP.CD,1998,561.866003128145
IDA,NY.GDP.PCAP.CD,1997,553.125032570024
IDA,NY.GDP.PCAP.CD,1996,542.019450614884
IDA,NY.GDP.PCAP.CD,1995,482.313584865841
IDA,NY.GDP.PCAP.CD,1994,407.328794485124
IDA,NY.GDP.PCAP.CD,1993,404.19546238004
IDA,NY.GDP.PCAP.CD,1992,395.150638284363
IDA,NY.GDP.PCAP.CD,1991,455.285273456111
IDA,NY.GDP.PCAP.CD,1990,432.610564539922
IDA,NY.GDP.PCAP.CD,1989,393.644760724518
IDA,NY.GDP.PCAP.CD,1988,402.393570546579
IDA,NY.GDP.PCAP.CD,1987,391.983544690911
IDA,NY.GDP.PCAP.CD,1986,389.611160468923
IDA,NY.GDP.PCAP.CD,1985,441.606895989602
IDA,NY.GDP.PCAP.CD,1984,439.765198319322
IDA,NY.GDP.PCAP.CD,1983,480.536484961767
IDA,NY.GDP.PCAP.CD,1982,572.00917685256
IDA,NY.GDP.PCAP.CD,1981,617.027047013018
IDA,NY.GDP.PCAP.CD,1980,447.22811393584
IDA,NY.GDP.PCAP.CD,1979,385.400264481372
IDA,NY.GDP.PCAP.CD,1978,345.813028285718
IDA,NY.GDP.PCAP.CD,1977,314.109242401733
IDA,NY.GDP.PCAP.CD,1976,295.962870485839
IDA,NY.GDP.PCAP.CD,1975,290.679464131519
IDA,NY.GDP.PCAP.CD,1974,253.589374507241
IDA,NY.GDP.PCAP.CD,1973,198.547454196381
IDA,NY.GDP.PCAP.CD,1972,175.59248778685
IDA,NY.GDP.PCAP.CD,1971,168.344251640329
IDA,NY.GDP.PCAP.CD,1970,170.530519064438
IDA,NY.GDP.PCAP.CD,1969,157.471380749563
IDA,NY.GDP.PCAP.CD,1968,144.07745958733
IDA,NY.GDP.PCAP.CD,1967,139.64828241675
IDA,NY.GDP.PCAP.CD,1966,141.436522334455
IDA,NY.GDP.PCAP.CD,1965,134.448546429794
IDA,NY.GDP.PCAP.CD,1964,123.241104578945
IDA,NY.GDP.PCAP.CD,1963,127.889122686715
IDA,NY.GDP.PCAP.CD,1962,118.681819571103
IDA,NY.GDP.PCAP.CD,1961,113.148348084276
IDA,NY.GDP.PCAP.CD,1960,109.786215143617
LTE,NY.GDP.PCAP.CD,2025,
LTE,NY.GDP.PCAP.CD,2024,12874.1679137972
LTE,NY.GDP.PCAP.CD,2023,12437.9861721907
LTE,NY.GDP.PCAP.CD,2022,12286.0846812169
LTE,NY.GDP.PCAP.CD,2021,11759.7974990154
LTE,NY.GDP.PCAP.CD,2020,9873.93519864422
LTE,NY.GDP.PCAP.CD,2019,10120.3125161359
LTE,NY.GDP.PCAP.CD,2018,9966.81160876464
LTE,NY.GDP.PCAP.CD,2017,9138.44134545505
LTE,NY.GDP.PCAP.CD,2016,8297.33610796797
LTE,NY.GDP.PCAP.CD,2015,8331.63270803563
LTE,NY.GDP.PCAP.CD,2014,8923.25728818124
LTE,NY.GDP.PCAP.CD,2013,8644.25761540222
LTE,NY.GDP.PCAP.CD,2012,8073.2094428812
LTE,NY.GDP.PCAP.CD,2011,7598.75722812692
LTE,NY.GDP.PCAP.CD,2010,6276.4619904196
LTE,NY.GDP.PCAP.CD,2009,5245.33524774178
LTE,NY.GDP.PCAP.CD,2008,5455.12758700264
LTE,NY.GDP.PCAP.CD,2007,4413.77838972074
LTE,NY.GDP.PCAP.CD,2006,3525.67817486105
LTE,NY.GDP.PCAP.CD,2005,2939.98271894785
LTE,NY.GDP.PCAP.CD,2004,2453.98769875258
LTE,NY.GDP.PCAP.CD,2003,2054.82227278492
LTE,NY.GDP.PCAP.CD,2002,1814.54824372473
LTE,NY.GDP.PCAP.CD,2001,1722.30765767874
LTE,NY.GDP.PCAP.CD,2000,1677.20655312269
LTE,NY.GDP.PCAP.CD,1999,1539.83588141158
LTE,NY.GDP.PCAP.CD,1998,1678.89693447915
LTE,NY.GDP.PCAP.CD,1997,1757.24066189517
LTE,NY.GDP.PCAP.CD,1996,1694.23721681537
LTE,NY.GDP.PCAP.CD,1995,1551.58337876202
LTE,NY.GDP.PCAP.CD,1994,1264.89434282607
LTE,NY.GDP.PCAP.CD,1993,1100.88927270165
LTE,NY.GDP.PCAP.CD,1992,1069.29435756892
LTE,NY.GDP.PCAP.CD,1991,1061.06334638846
LTE,NY.GDP.PCAP.CD,1990,1068.50986715113
LTE,NY.GDP.PCAP.CD,1989,1046.86239800875
LTE,NY.GDP.PCAP.CD,1988,996.541768611658
LTE,NY.GDP.PCAP.CD,1987,927.490790277
LTE,NY.GDP.PCAP.CD,1986,892.148642181842
LTE,NY.GDP.PCAP.CD,1985,852.160266539025
LTE,NY.GDP.PCAP.CD,1984,799.739837465727
LTE,NY.GDP.PCAP.CD,1983,777.160987891389
LTE,NY.GDP.PCAP.CD,1982,852.07370366193
LTE,NY.GDP.PCAP.CD,1981,857.608660145294
LTE,NY.GDP.PCAP.CD,1980,829.860357403746
LTE,NY.GDP.PCAP.CD,1979,733.857770128637
LTE,NY.GDP.PCAP.CD,1978,625.390561313951
LTE,NY.GDP.PCAP.CD,1977,609.815110864477
LTE,NY.GDP.PCAP.CD,1976,533.512441527364
LTE,NY.GDP.PCAP.CD,1975,502.776267368386
LTE,NY.GDP.PCAP.CD,1974,463.357769838142
LTE,NY.GDP.PCAP.CD,1973,393.117658005952
LTE,NY.GDP.PCAP.CD,1972,308.894090320261
LTE,NY.GDP.PCAP.CD,1971,274.261113276366
LTE,NY.GDP.PCAP.CD,1970,252.369986913064
LTE,NY.GDP.PCAP.CD,1969,227.1994388028
LTE,NY.GDP.PCAP.CD,1968,208.658275641687
LTE,NY.GDP.PCAP.CD,1967,209.825430237265
LTE,NY.GDP.PCAP.CD,1966,213.596689209702
LTE,NY.GDP.PCAP.CD,1965,196.429408763943
LTE,NY.GDP.PCAP.CD,1964,179.194433111729
LTE,NY.GDP.PCAP.CD,1963,167.038005432624
LTE,NY.GDP.PCAP.CD,1962,156.659536095225
LTE,NY.GDP.PCAP.CD,1961,155.776986549366
LTE,NY.GDP.PCAP.CD,1960,167.925181243184
LCN,NY.GDP.PCAP.CD,2025,
LCN,NY.GDP.PCAP.CD,2024,10737.6463538652
LCN,NY.GDP.PCAP.CD,2023,10508.6472548025
LCN,NY.GDP.PCAP.CD,2022,9408.84820249156
LCN,NY.GDP.PCAP.CD,2021,8291.07156305024
LCN,NY.GDP.PCAP.CD,2020,7168.64740599577
LCN,NY.GDP.PCAP.CD,2019,8539.39776066424
LCN,NY.GDP.PCAP.CD,2018,8778.37906311973
LCN,NY.GDP.PCAP.CD,2017,9065.54817792867
LCN,NY.GDP.PCAP.CD,2016,8241.45140922665
LCN,NY.GDP.PCAP.CD,2015,8547.2373391789
LCN,NY.GDP.PCAP.CD,2014,10145.7982098874
LCN,NY.GDP.PCAP.CD,2013,10306.1195798788
LCN,NY.GDP.PCAP.CD,2012,10330.3504679629
LCN,NY.GDP.PCAP.CD,2011,10334.20548878
LCN,NY.GDP.PCAP.CD,2010,9183.9687871441
LCN,NY.GDP.PCAP.CD,2009,7495.05944025108
LCN,NY.GDP.PCAP.CD,2008,8077.9658893562
LCN,NY.GDP.PCAP.CD,2007,7035.79917204558
LCN,NY.GDP.PCAP.CD,2006,6047.73425729833
LCN,NY.GDP.PCAP.CD,2005,5229.89898425288
LCN,NY.GDP.PCAP.CD,2004,4385.89813693868
LCN,NY.GDP.PCAP.CD,2003,3862.13747257956
LCN,NY.GDP.PCAP.CD,2002,3839.19615833069
LCN,NY.GDP.PCAP.CD,2001,4326.64007042641
LCN,NY.GDP.PCAP.CD,2000,4472.58404552831
LCN,NY.GDP.PCAP.CD,1999,4110.68211210527
LCN,NY.GDP.PCAP.CD,1998,4618.20564817823
LCN,NY.GDP.PCAP.CD,1997,4634.23789830744
LCN,NY.GDP.PCAP.CD,1996,4294.36513621923
LCN,NY.GDP.PCAP.CD,1995,4035.5479526034
LCN,NY.GDP.PCAP.CD,1994,3793.91317561999
LCN,NY.GDP.PCAP.CD,1993,3303.34471162475
LCN,NY.GDP.PCAP.CD,1992,2841.11960432234
LCN,NY.GDP.PCAP.CD,1991,2648.26964002302
LCN,NY.GDP.PCAP.CD,1990,2511.4430414948
LCN,NY.GDP.PCAP.CD,1989,2298.34872014773
LCN,NY.GDP.PCAP.CD,1988,2121.45481928375
LCN,NY.GDP.PCAP.CD,1987,1972.15072933032
LCN,NY.GDP.PCAP.CD,1986,1874.4681127503
LCN,NY.GDP.PCAP.CD,1985,1888.88683543883
LCN,NY.GDP.PCAP.CD,1984,1950.31317468832
LCN,NY.GDP.PCAP.CD,1983,1893.26388707614
LCN,NY.GDP.PCAP.CD,1982,2191.99177109396
LCN,NY.GDP.PCAP.CD,1981,2434.06470479822
LCN,NY.GDP.PCAP.CD,1980,2177.7288647345
LCN,NY.GDP.PCAP.CD,1979,1830.95352044635
LCN,NY.GDP.PCAP.CD,1978,1668.77654647872
LCN,NY.GDP.PCAP.CD,1977,1426.2106219647
LCN,NY.GDP.PCAP.CD,1976,1328.45565670275
LCN,NY.GDP.PCAP.CD,1975,1239.54020749061
LCN,NY.GDP.PCAP.CD,1974,1210.28751844341
LCN,NY.GDP.PCAP.CD,1973,956.596608068661
LCN,NY.GDP.PCAP.CD,1972,736.596936643981
LCN,NY.GDP.PCAP.CD,1971,670.818200311296
LCN,NY.GDP.PCAP.CD,1970,616.282250917977
LCN,NY.GDP.PCAP.CD,1969,579.038747366805
LCN,NY.GDP.PCAP.CD,1968,531.647639226971
LCN,NY.GDP.PCAP.CD,1967,508.219973579363
LCN,NY.GDP.PCAP.CD,1966,511.397057234288
LCN,NY.GDP.PCAP.CD,1965,476.958082568253
LCN,NY.GDP.PCAP.CD,1964,455.987315612864
LCN,NY.GDP.PCAP.CD,1963,421.718909453508
LCN,NY.GDP.PCAP.CD,1962,398.84593682548
LCN,NY.GDP.PCAP.CD,1961,390.200343747879
LCN,NY.GDP.PCAP.CD,1960,362.351255097181
LAC,NY.GDP.PCAP.CD,2025,
LAC,NY.GDP.PCAP.CD,2024,10382.3911125152
LAC,NY.GDP.PCAP.CD,2023,10196.271088969
LAC,NY.GDP.PCAP.CD,2022,9111.34927084769
LAC,NY.GDP.PCAP.CD,2021,7970.6164425206
LAC,NY.GDP.PCAP.CD,2020,6904.27677369596
LAC,NY.GDP.PCAP.CD,2019,8282.78290882792
LAC,NY.GDP.PCAP.CD,2018,8484.48335233409
LAC,NY.GDP.PCAP.CD,2017,8827.8501051856
LAC,NY.GDP.PCAP.CD,2016,7977.19727122285
LAC,NY.GDP.PCAP.CD,2015,8308.73911709951
LAC,NY.GDP.PCAP.CD,2014,9905.72193520855
LAC,NY.GDP.PCAP.CD,2013,9971.1692721171
LAC,NY.GDP.PCAP.CD,2012,9823.2489447351
LAC,NY.GDP.PCAP.CD,2011,9979.9897262503
LAC,NY.GDP.PCAP.CD,2010,8637.63171485475
LAC,NY.GDP.PCAP.CD,2009,6981.206567743
LAC,NY.GDP.PCAP.CD,2008,7623.43840731336
LAC,NY.GDP.PCAP.CD,2007,6672.17705130306
LAC,NY.GDP.PCAP.CD,2006,5717.84447760414
LAC,NY.GDP.PCAP.CD,2005,4960.44969790137
LAC,NY.GDP.PCAP.CD,2004,4149.53705480589
LAC,NY.GDP.PCAP.CD,2003,3686.28727046314
LAC,NY.GDP.PCAP.CD,2002,3658.15950641339
LAC,NY.GDP.PCAP.CD,2001,4122.79587535484
LAC,NY.GDP.PCAP.CD,2000,4290.89542947118
LAC,NY.GDP.PCAP.CD,1999,3936.58409916474
LAC,NY.GDP.PCAP.CD,1998,4506.9918823642
LAC,NY.GDP.PCAP.CD,1997,4542.6067269182
LAC,NY.GDP.PCAP.CD,1996,4229.22205234811
LAC,NY.GDP.PCAP.CD,1995,3935.86606689693
LAC,NY.GDP.PCAP.CD,1994,3755.85473031834
LAC,NY.GDP.PCAP.CD,1993,3231.05778778257
LAC,NY.GDP.PCAP.CD,1992,2727.10443556517
LAC,NY.GDP.PCAP.CD,1991,2557.78492670118
LAC,NY.GDP.PCAP.CD,1990,2437.12236336699
LAC,NY.GDP.PCAP.CD,1989,2227.16437642355
LAC,NY.GDP.PCAP.CD,1988,1996.97701624368
LAC,NY.GDP.PCAP.CD,1987,1872.03714995567
LAC,NY.GDP.PCAP.CD,1986,1742.35358904094
LAC,NY.GDP.PCAP.CD,1985,1755.0666580486
LAC,NY.GDP.PCAP.CD,1984,1821.56140117423
LAC,NY.GDP.PCAP.CD,1983,1734.26048077865
LAC,NY.GDP.PCAP.CD,1982,2054.07052556784
LAC,NY.GDP.PCAP.CD,1981,2276.292721421
LAC,NY.GDP.PCAP.CD,1980,2025.55638792036
LAC,NY.GDP.PCAP.CD,1979,1714.15629635029
LAC,NY.GDP.PCAP.CD,1978,1594.79688435988
LAC,NY.GDP.PCAP.CD,1977,1346.82754695593
LAC,NY.GDP.PCAP.CD,1976,1271.35414126981
LAC,NY.GDP.PCAP.CD,1975,1195.9493414531
LAC,NY.GDP.PCAP.CD,1974,1135.94277880265
LAC,NY.GDP.PCAP.CD,1973,884.948848617663
LAC,NY.GDP.PCAP.CD,1972,677.387657413198
LAC,NY.GDP.PCAP.CD,1971,610.375797427925
LAC,NY.GDP.PCAP.CD,1970,565.056159993711
LAC,NY.GDP.PCAP.CD,1969,533.065152330404
LAC,NY.GDP.PCAP.CD,1968,488.116883689685
LAC,NY.GDP.PCAP.CD,1967,465.571531354362
LAC,NY.GDP.PCAP.CD,1966,470.093943784685
LAC,NY.GDP.PCAP.CD,1965,436.831397647258
LAC,NY.GDP.PCAP.CD,1964,414.120750222649
LAC,NY.GDP.PCAP.CD,1963,371.299199473901
LAC,NY.GDP.PCAP.CD,1962,347.390934795997
LAC,NY.GDP.PCAP.CD,1961,345.627590477943
LAC,NY.GDP.PCAP.CD,1960,320.820097779733
TLA,NY.GDP.PCAP.CD,2025,
TLA,NY.GDP.PCAP.CD,2024,10474.2809944408
TLA,NY.GDP.PCAP.CD,2023,10260.5196915782
TLA,NY.GDP.PCAP.CD,2022,9174.55690452428
TLA,NY.GDP.PCAP.CD,2021,8075.78816650564
TLA,NY.GDP.PCAP.CD,2020,6964.3711102796
TLA,NY.GDP.PCAP.CD,2019,8362.63429845968
TLA,NY.GDP.PCAP.CD,2018,8620.46890240755
TLA,NY.GDP.PCAP.CD,2017,8918.30251254156
TLA,NY.GDP.PCAP.CD,2016,8082.02330614142
TLA,NY.GDP.PCAP.CD,2015,8404.37747196218
TLA,NY.GDP.PCAP.CD,2014,10058.6664815872
TLA,NY.GDP.PCAP.CD,2013,10231.0823830522
TLA,NY.GDP.PCAP.CD,2012,10263.4820243547
TLA,NY.GDP.PCAP.CD,2011,10277.6079254264
TLA,NY.GDP.PCAP.CD,2010,9115.80144590362
TLA,NY.GDP.PCAP.CD,2009,7386.60018995035
TLA,NY.GDP.PCAP.CD,2008,7989.38067187903
TLA,NY.GDP.PCAP.CD,2007,6927.88249936995
TLA,NY.GDP.PCAP.CD,2006,5926.88266865218
TLA,NY.GDP.PCAP.CD,2005,5103.97068943224
TLA,NY.GDP.PCAP.CD,2004,4252.838254593
TLA,NY.GDP.PCAP.CD,2003,3728.72739078731
TLA,NY.GDP.PCAP.CD,2002,3714.3747812476
TLA,NY.GDP.PCAP.CD,2001,4222.97461927511
TLA,NY.GDP.PCAP.CD,2000,4388.92611014216
TLA,NY.GDP.PCAP.CD,1999,4029.14295199903
TLA,NY.GDP.PCAP.CD,1998,4563.94003348545
TLA,NY.GDP.PCAP.CD,1997,4593.58618583537
TLA,NY.GDP.PCAP.CD,1996,4255.85859395714
TLA,NY.GDP.PCAP.CD,1995,3983.209208317
TLA,NY.GDP.PCAP.CD,1994,3744.59975128211
TLA,NY.GDP.PCAP.CD,1993,3258.76580335766
TLA,NY.GDP.PCAP.CD,1992,2787.65239476635
TLA,NY.GDP.PCAP.CD,1991,2588.04586799914
TLA,NY.GDP.PCAP.CD,1990,2439.30313189056
TLA,NY.GDP.PCAP.CD,1989,2227.77365185419
TLA,NY.GDP.PCAP.CD,1988,2047.52068815623
TLA,NY.GDP.PCAP.CD,1987,1903.50395165055
TLA,NY.GDP.PCAP.CD,1986,1809.28901937081
TLA,NY.GDP.PCAP.CD,1985,1830.61775316861
TLA,NY.GDP.PCAP.CD,1984,1893.10260985086
TLA,NY.GDP.PCAP.CD,1983,1843.39314383712
TLA,NY.GDP.PCAP.CD,1982,2155.75302223233
TLA,NY.GDP.PCAP.CD,1981,2409.70040368266
TLA,NY.GDP.PCAP.CD,1980,2149.04242467187
TLA,NY.GDP.PCAP.CD,1979,1795.7362545953
TLA,NY.GDP.PCAP.CD,1978,1637.65497516772
TLA,NY.GDP.PCAP.CD,1977,1400.74505217605
TLA,NY.GDP.PCAP.CD,1976,1302.9384934649
TLA,NY.GDP.PCAP.CD,1975,1214.74981069201
TLA,NY.GDP.PCAP.CD,1974,1190.2218432487
TLA,NY.GDP.PCAP.CD,1973,932.782273310876
TLA,NY.GDP.PCAP.CD,1972,712.288818801421
TLA,NY.GDP.PCAP.CD,1971,649.767246609576
TLA,NY.GDP.PCAP.CD,1970,598.981483850136
TLA,NY.GDP.PCAP.CD,1969,563.384415455481
TLA,NY.GDP.PCAP.CD,1968,517.782198082885
TLA,NY.GDP.PCAP.CD,1967,495.819431061317
TLA,NY.GDP.PCAP.CD,1966,500.490414071407
TLA,NY.GDP.PCAP.CD,1965,467.011193441283
TLA,NY.GDP.PCAP.CD,1964,447.159736530697
TLA,NY.GDP.PCAP.CD,1963,413.595959689434
TLA,NY.GDP.PCAP.CD,1962,391.536988544919
TLA,NY.GDP.PCAP.CD,1961,383.827979445882
TLA,NY.GDP.PCAP.CD,1960,356.537386441434
LDC,NY.GDP.PCAP.CD,2025,
LDC,NY.GDP.PCAP.CD,2024,1293.40100322932
LDC,NY.GDP.PCAP.CD,2023,1257.69806699331
LDC,NY.GDP.PCAP.CD,2022,1299.36172423082
LDC,NY.GDP.PCAP.CD,2021,1175.55718251136
LDC,NY.GDP.PCAP.CD,2020,1088.72161311357
LDC,NY.GDP.PCAP.CD,2019,1105.24693378698
LDC,NY.GDP.PCAP.CD,2018,1080.56177999961
LDC,NY.GDP.PCAP.CD,2017,1035.19428808636
LDC,NY.GDP.PCAP.CD,2016,966.721782937566
LDC,NY.GDP.PCAP.CD,2015,982.894810600519
LDC,NY.GDP.PCAP.CD,2014,1056.46705317141
LDC,NY.GDP.PCAP.CD,2013,1006.9873103895
LDC,NY.GDP.PCAP.CD,2012,947.489031265643
LDC,NY.GDP.PCAP.CD,2011,925.130488690388
LDC,NY.GDP.PCAP.CD,2010,831.532954611079
LDC,NY.GDP.PCAP.CD,2009,751.671383860855
LDC,NY.GDP.PCAP.CD,2008,778.614114766785
LDC,NY.GDP.PCAP.CD,2007,648.581446944078
LDC,NY.GDP.PCAP.CD,2006,552.743616465105
LDC,NY.GDP.PCAP.CD,2005,487.199978520551
LDC,NY.GDP.PCAP.CD,2004,419.798333896443
LDC,NY.GDP.PCAP.CD,2003,373.651845746871
LDC,NY.GDP.PCAP.CD,2002,337.91579001411
LDC,NY.GDP.PCAP.CD,2001,313.947863828234
LDC,NY.GDP.PCAP.CD,2000,333.363886094901
LDC,NY.GDP.PCAP.CD,1999,300.790832873041
LDC,NY.GDP.PCAP.CD,1998,299.672387401723
LDC,NY.GDP.PCAP.CD,1997,302.814162340806
LDC,NY.GDP.PCAP.CD,1996,297.936216317251
LDC,NY.GDP.PCAP.CD,1995,289.905722080224
LDC,NY.GDP.PCAP.CD,1994,290.191695218331
LDC,NY.GDP.PCAP.CD,1993,304.024899773069
LDC,NY.GDP.PCAP.CD,1992,302.105097950573
LDC,NY.GDP.PCAP.CD,1991,392.075323047772
LDC,NY.GDP.PCAP.CD,1990,370.750124436065
LDC,NY.GDP.PCAP.CD,1989,330.654245239687
LDC,NY.GDP.PCAP.CD,1988,315.955792959646
LDC,NY.GDP.PCAP.CD,1987,295.20966308461
LDC,NY.GDP.PCAP.CD,1986,284.844932219495
LDC,NY.GDP.PCAP.CD,1985,335.654184276596
LDC,NY.GDP.PCAP.CD,1984,315.42192750849
LDC,NY.GDP.PCAP.CD,1983,318.884722573194
LDC,NY.GDP.PCAP.CD,1982,331.703303575517
LDC,NY.GDP.PCAP.CD,1981,336.746970640719
LDC,NY.GDP.PCAP.CD,1980,336.74635755618
LDC,NY.GDP.PCAP.CD,1979,310.956581625425
LDC,NY.GDP.PCAP.CD,1978,291.226021089849
LDC,NY.GDP.PCAP.CD,1977,253.656354942367
LDC,NY.GDP.PCAP.CD,1976,235.962185479491
LDC,NY.GDP.PCAP.CD,1975,262.396517774294
LDC,NY.GDP.PCAP.CD,1974,223.44778168285
LDC,NY.GDP.PCAP.CD,1973,184.180202421678
LDC,NY.GDP.PCAP.CD,1972,155.357141773248
LDC,NY.GDP.PCAP.CD,1971,153.814069319331
LDC,NY.GDP.PCAP.CD,1970,149.849981858949
LDC,NY.GDP.PCAP.CD,1969,158.785302169003
LDC,NY.GDP.PCAP.CD,1968,147.301273985115
LDC,NY.GDP.PCAP.CD,1967,141.651293790135
LDC,NY.GDP.PCAP.CD,1966,142.994801870426
LDC,NY.GDP.PCAP.CD,1965,134.58999627802
LDC,NY.GDP.PCAP.CD,1964,122.690006239823
LDC,NY.GDP.PCAP.CD,1963,138.562842264703
LDC,NY.GDP.PCAP.CD,1962,123.632440981885
LDC,NY.GDP.PCAP.CD,1961,116.997587222291
LDC,NY.GDP.PCAP.CD,1960,114.605072503196
LMY,NY.GDP.PCAP.CD,2025,
LMY,NY.GDP.PCAP.CD,2024,6002.45120765259
LMY,NY.GDP.PCAP.CD,2023,5856.29495195922
LMY,NY.GDP.PCAP.CD,2022,5741.78381882952
LMY,NY.GDP.PCAP.CD,2021,5524.24398933119
LMY,NY.GDP.PCAP.CD,2020,4732.82727829687
LMY,NY.GDP.PCAP.CD,2019,4943.24879858439
LMY,NY.GDP.PCAP.CD,2018,4853.74507668345
LMY,NY.GDP.PCAP.CD,2017,4615.000484095
LMY,NY.GDP.PCAP.CD,2016,4274.9314240157
LMY,NY.GDP.PCAP.CD,2015,4284.85686298442
LMY,NY.GDP.PCAP.CD,2014,4472.91557836283
LMY,NY.GDP.PCAP.CD,2013,4330.27496489931
LMY,NY.GDP.PCAP.CD,2012,4133.76162366082
LMY,NY.GDP.PCAP.CD,2011,3942.65348704731
LMY,NY.GDP.PCAP.CD,2010,3394.26296887076
LMY,NY.GDP.PCAP.CD,2009,2829.0413443136
LMY,NY.GDP.PCAP.CD,2008,2860.66030359115
LMY,NY.GDP.PCAP.CD,2007,2442.09195354366
LMY,NY.GDP.PCAP.CD,2006,2015.80026970912
LMY,NY.GDP.PCAP.CD,2005,1736.10100020162
LMY,NY.GDP.PCAP.CD,2004,1490.85593705627
LMY,NY.GDP.PCAP.CD,2003,1289.04927474147
LMY,NY.GDP.PCAP.CD,2002,1168.21008818899
LMY,NY.GDP.PCAP.CD,2001,1162.27956492439
LMY,NY.GDP.PCAP.CD,2000,1178.01096453065
LMY,NY.GDP.PCAP.CD,1999,1100.00554776472
LMY,NY.GDP.PCAP.CD,1998,1161.1055810429
LMY,NY.GDP.PCAP.CD,1997,1201.98723733235
LMY,NY.GDP.PCAP.CD,1996,1151.38460074484
LMY,NY.GDP.PCAP.CD,1995,1054.98612211496
LMY,NY.GDP.PCAP.CD,1994,926.054332336124
LMY,NY.GDP.PCAP.CD,1993,840.389188381456
LMY,NY.GDP.PCAP.CD,1992,790.84163078592
LMY,NY.GDP.PCAP.CD,1991,767.803999715513
LMY,NY.GDP.PCAP.CD,1990,805.876785600705
LMY,NY.GDP.PCAP.CD,1989,715.657908906606
LMY,NY.GDP.PCAP.CD,1988,681.284528572487
LMY,NY.GDP.PCAP.CD,1987,651.89744802442
LMY,NY.GDP.PCAP.CD,1986,645.01116093056
LMY,NY.GDP.PCAP.CD,1985,645.031402996121
LMY,NY.GDP.PCAP.CD,1984,634.324579382646
LMY,NY.GDP.PCAP.CD,1983,630.455858022242
LMY,NY.GDP.PCAP.CD,1982,664.836308502643
LMY,NY.GDP.PCAP.CD,1981,689.018186931512
LMY,NY.GDP.PCAP.CD,1980,628.26586744689
LMY,NY.GDP.PCAP.CD,1979,543.012711568149
LMY,NY.GDP.PCAP.CD,1978,478.322941952439
LMY,NY.GDP.PCAP.CD,1977,439.846301691426
LMY,NY.GDP.PCAP.CD,1976,400.027990834519
LMY,NY.GDP.PCAP.CD,1975,379.82219890073
LMY,NY.GDP.PCAP.CD,1974,351.030398414893
LMY,NY.GDP.PCAP.CD,1973,282.164914310776
LMY,NY.GDP.PCAP.CD,1972,226.600201650888
LMY,NY.GDP.PCAP.CD,1971,206.592073670028
LMY,NY.GDP.PCAP.CD,1970,196.913727575828
LMY,NY.GDP.PCAP.CD,1969,185.041888167986
LMY,NY.GDP.PCAP.CD,1968,169.564963902933
LMY,NY.GDP.PCAP.CD,1967,163.964944307072
LMY,NY.GDP.PCAP.CD,1966,163.734801663215
LMY,NY.GDP.PCAP.CD,1965,161.862100213643
LMY,NY.GDP.PCAP.CD,1964,150.194617171414
LMY,NY.GDP.PCAP.CD,1963,137.365239811527
LMY,NY.GDP.PCAP.CD,1962,126.986307282778
LMY,NY.GDP.PCAP.CD,1961,127.526771684906
LMY,NY.GDP.PCAP.CD,1960,127.666593656787
,NY.GDP.PCAP.CD,2025,
,NY.GDP.PCAP.CD,2024,751.322764042233
,NY.GDP.PCAP.CD,2023,714.151764242762
,NY.GDP.PCAP.CD,2022,734.204117595357
,NY.GDP.PCAP.CD,2021,651.812637638679
,NY.GDP.PCAP.CD,2020,605.437906755342
,NY.GDP.PCAP.CD,2019,645.998249720369
,NY.GDP.PCAP.CD,2018,645.846067078284
,NY.GDP.PCAP.CD,2017,634.710788724745
,NY.GDP.PCAP.CD,2016,633.792954627598
,NY.GDP.PCAP.CD,2015,740.889503942237
,NY.GDP.PCAP.CD,2014,794.990235916855
,NY.GDP.PCAP.CD,2013,772.500259604632
,NY.GDP.PCAP.CD,2012,773.887672422173
,NY.GDP.PCAP.CD,2011,869.718827485855
,NY.GDP.PCAP.CD,2010,825.735188857174
,NY.GDP.PCAP.CD,2009,752.635927287489
,NY.GDP.PCAP.CD,2008,799.484016576029
,NY.GDP.PCAP.CD,2007,689.11060676483
,NY.GDP.PCAP.CD,2006,586.100552264911
,NY.GDP.PCAP.CD,2005,520.301355916657
,NY.GDP.PCAP.CD,2004,442.426324281659
,NY.GDP.PCAP.CD,2003,389.594478375983
,NY.GDP.PCAP.CD,2002,358.708085875866
,NY.GDP.PCAP.CD,2001,332.003849693568
,NY.GDP.PCAP.CD,2000,361.877753824032
,NY.GDP.PCAP.CD,1999,298.372775964067
,NY.GDP.PCAP.CD,1998,304.491352943612
,NY.GDP.PCAP.CD,1997,305.583033413587
,NY.GDP.PCAP.CD,1996,293.224041109446
,NY.GDP.PCAP.CD,1995,315.843363196236
,NY.GDP.PCAP.CD,1994,355.069947096744
,NY.GDP.PCAP.CD,1993,384.847441184861
,NY.GDP.PCAP.CD,1992,359.503148959575
,NY.GDP.PCAP.CD,1991,535.636925361024
,NY.GDP.PCAP.CD,1990,489.354554846981
,NY.GDP.PCAP.CD,1989,400.174024020823
,NY.GDP.PCAP.CD,1988,378.985964825507
,NY.GDP.PCAP.CD,1987,358.20692322369
,NY.GDP.PCAP.CD,1986,349.298899946602
,NY.GDP.PCAP.CD,1985,340.081322057494
,NY.GDP.PCAP.CD,1984,371.974276792287
,NY.GDP.PCAP.CD,1983,388.44963002565
,NY.GDP.PCAP.CD,1982,417.936186827646
,NY.GDP.PCAP.CD,1981,426.34432994898
,NY.GDP.PCAP.CD,1980,427.388162349425
,NY.GDP.PCAP.CD,1979,390.935446971681
,NY.GDP.PCAP.CD,1978,380.631076978014
,NY.GDP.PCAP.CD,1977,336.067669138536
,NY.GDP.PCAP.CD,1976,297.885409727264
,NY.GDP.PCAP.CD,1975,290.888192850264
,NY.GDP.PCAP.CD,1974,252.544092701884
,NY.GDP.PCAP.CD,1973,207.292076594679
,NY.GDP.PCAP.CD,1972,177.925665317966
,NY.GDP.PCAP.CD,1971,163.095744268922
,NY.GDP.PCAP.CD,1970,150.17644959645
,NY.GDP.PCAP.CD,1969,151.037151115031
,NY.GDP.PCAP.CD,1968,133.298836791172
,NY.GDP.PCAP.CD,1967,126.0460454558
,NY.GDP.PCAP.CD,1966,
,NY.GDP.PCAP.CD,1965,
,NY.GDP.PCAP.CD,1964,
,NY.GDP.PCAP.CD,1963,
,NY.GDP.PCAP.CD,1962,
,NY.GDP.PCAP.CD,1961,
,NY.GDP.PCAP.CD,1960,
,NY.GDP.PCAP.CD,2025,
,NY.GDP.PCAP.CD,2024,2544.49245457752
,NY.GDP.PCAP.CD,2023,2493.38985253651
,NY.GDP.PCAP.CD,2022,2493.61487371356
,NY.GDP.PCAP.CD,2021,2369.9577651033
,NY.GDP.PCAP.CD,2020,2121.61421722256
,NY.GDP.PCAP.CD,2019,2228.84805859217
,NY.GDP.PCAP.CD,2018,2085.0452543512
,NY.GDP.PCAP.CD,2017,2026.19304074045
,NY.GDP.PCAP.CD,2016,1895.24399500136
,NY.GDP.PCAP.CD,2015,1848.28029294397
,NY.GDP.PCAP.CD,2014,1881.19816238537
,NY.GDP.PCAP.CD,2013,1769.94084181484
,NY.GDP.PCAP.CD,2012,1701.13738449151
,NY.GDP.PCAP.CD,2011,1636.38338498875
,NY.GDP.PCAP.CD,2010,1491.30888839804
,NY.GDP.PCAP.CD,2009,1260.98799326347
,NY.GDP.PCAP.CD,2008,1229.9549188542
,NY.GDP.PCAP.CD,2007,1131.22988752611
,NY.GDP.PCAP.CD,2006,941.244764118773
,NY.GDP.PCAP.CD,2005,817.846092888275
,NY.GDP.PCAP.CD,2004,722.628943297013
,NY.GDP.PCAP.CD,2003,639.329708425509
,NY.GDP.PCAP.CD,2002,573.648227115116
,NY.GDP.PCAP.CD,2001,553.497178396773
,NY.GDP.PCAP.CD,2000,559.072816607957
,NY.GDP.PCAP.CD,1999,540.247034057987
,NY.GDP.PCAP.CD,1998,597.802461520308
,NY.GDP.PCAP.CD,1997,597.792781411356
,NY.GDP.PCAP.CD,1996,581.925736310282
,NY.GDP.PCAP.CD,1995,521.959095982764
,NY.GDP.PCAP.CD,1994,449.264199085402
,NY.GDP.PCAP.CD,1993,408.373772276605
,NY.GDP.PCAP.CD,1992,412.870927830986
,NY.GDP.PCAP.CD,1991,404.475701008687
,NY.GDP.PCAP.CD,1990,432.474545821421
,NY.GDP.PCAP.CD,1989,407.948649745992
,NY.GDP.PCAP.CD,1988,426.609476571407
,NY.GDP.PCAP.CD,1987,423.555461616382
,NY.GDP.PCAP.CD,1986,398.187078252626
,NY.GDP.PCAP.CD,1985,406.320652267942
,NY.GDP.PCAP.CD,1984,390.443694264012
,NY.GDP.PCAP.CD,1983,417.335540205782
,NY.GDP.PCAP.CD,1982,451.578548015008
,NY.GDP.PCAP.CD,1981,466.524709207347
,NY.GDP.PCAP.CD,1980,385.789184687462
,NY.GDP.PCAP.CD,1979,324.629239764227
,NY.GDP.PCAP.CD,1978,287.041554596414
,NY.GDP.PCAP.CD,1977,260.814054703214
,NY.GDP.PCAP.CD,1976,237.941973092627
,NY.GDP.PCAP.CD,1975,230.587651294711
,NY.GDP.PCAP.CD,1974,215.749591497895
,NY.GDP.PCAP.CD,1973,178.775570286835
,NY.GDP.PCAP.CD,1972,155.71919699866
,NY.GDP.PCAP.CD,1971,149.347709091742
,NY.GDP.PCAP.CD,1970,146.717059930611
,NY.GDP.PCAP.CD,1969,138.741324434999
,NY.GDP.PCAP.CD,1968,128.312649386522
,NY.GDP.PCAP.CD,1967,123.822194887829
,NY.GDP.PCAP.CD,1966,118.81816686926
,NY.GDP.PCAP.CD,1965,133.298779181214
,NY.GDP.PCAP.CD,1964,127.481039129592
,NY.GDP.PCAP.CD,1963,116.302952459909
,NY.GDP.PCAP.CD,1962,107.769873681032
,NY.GDP.PCAP.CD,1961,108.790631532897
,NY.GDP.PCAP.CD,1960,104.622190033308
MEA,NY.GDP.PCAP.CD,2025,
MEA,NY.GDP.PCAP.CD,2024,6265.44445247452
MEA,NY.GDP.PCAP.CD,2023,6149.061198935
MEA,NY.GDP.PCAP.CD,2022,6430.53553485753
MEA,NY.GDP.PCAP.CD,2021,5615.91186098726
MEA,NY.GDP.PCAP.CD,2020,4742.76402632259
MEA,NY.GDP.PCAP.CD,2019,5412.42875673528
MEA,NY.GDP.PCAP.CD,2018,5545.88899607591
MEA,NY.GDP.PCAP.CD,2017,5279.47951180077
MEA,NY.GDP.PCAP.CD,2016,5126.05331639032
MEA,NY.GDP.PCAP.CD,2015,5125.68064083245
MEA,NY.GDP.PCAP.CD,2014,5810.23874019206
MEA,NY.GDP.PCAP.CD,2013,5866.59647635813
MEA,NY.GDP.PCAP.CD,2012,6048.09249990772
MEA,NY.GDP.PCAP.CD,2011,5731.46333788345
MEA,NY.GDP.PCAP.CD,2010,4867.92943497015
MEA,NY.GDP.PCAP.CD,2009,4256.64048356928
MEA,NY.GDP.PCAP.CD,2008,4834.32204392542
MEA,NY.GDP.PCAP.CD,2007,4010.05228061244
MEA,NY.GDP.PCAP.CD,2006,3482.47657906214
MEA,NY.GDP.PCAP.CD,2005,3050.86086272731
MEA,NY.GDP.PCAP.CD,2004,2624.1893550003
MEA,NY.GDP.PCAP.CD,2003,2279.51886072397
MEA,NY.GDP.PCAP.CD,2002,2092.42427637017
MEA,NY.GDP.PCAP.CD,2001,2153.19332542263
MEA,NY.GDP.PCAP.CD,2000,2220.38439290516
MEA,NY.GDP.PCAP.CD,1999,1974.9071869837
MEA,NY.GDP.PCAP.CD,1998,1868.51735331272
MEA,NY.GDP.PCAP.CD,1997,1954.53257122915
MEA,NY.GDP.PCAP.CD,1996,1918.37750328186
MEA,NY.GDP.PCAP.CD,1995,1775.49074159851
MEA,NY.GDP.PCAP.CD,1994,1643.168624246
MEA,NY.GDP.PCAP.CD,1993,1598.25278331231
MEA,NY.GDP.PCAP.CD,1992,1752.02956170843
MEA,NY.GDP.PCAP.CD,1991,1708.90497550516
MEA,NY.GDP.PCAP.CD,1990,2183.54170524632
MEA,NY.GDP.PCAP.CD,1989,1756.45372733816
MEA,NY.GDP.PCAP.CD,1988,1755.78284468907
MEA,NY.GDP.PCAP.CD,1987,1810.61784034747
MEA,NY.GDP.PCAP.CD,1986,2000.41414631101
MEA,NY.GDP.PCAP.CD,1985,2039.1574879861
MEA,NY.GDP.PCAP.CD,1984,2068.31795747118
MEA,NY.GDP.PCAP.CD,1983,2113.54114414754
MEA,NY.GDP.PCAP.CD,1982,2156.09021445524
MEA,NY.GDP.PCAP.CD,1981,2219.61499344124
MEA,NY.GDP.PCAP.CD,1980,2223.90274787428
MEA,NY.GDP.PCAP.CD,1979,1785.00658364678
MEA,NY.GDP.PCAP.CD,1978,1415.9747311151
MEA,NY.GDP.PCAP.CD,1977,1373.88100465532
MEA,NY.GDP.PCAP.CD,1976,1220.75859998216
MEA,NY.GDP.PCAP.CD,1975,1013.13262030814
MEA,NY.GDP.PCAP.CD,1974,949.627449051638
MEA,NY.GDP.PCAP.CD,1973,538.008696465296
MEA,NY.GDP.PCAP.CD,1972,425.142980883399
MEA,NY.GDP.PCAP.CD,1971,370.997128769102
MEA,NY.GDP.PCAP.CD,1970,334.685311330393
MEA,NY.GDP.PCAP.CD,1969,304.591700866561
MEA,NY.GDP.PCAP.CD,1968,282.282140077867
MEA,NY.GDP.PCAP.CD,1967,255.436435035555
MEA,NY.GDP.PCAP.CD,1966,241.833569316645
MEA,NY.GDP.PCAP.CD,1965,230.939907201185
MEA,NY.GDP.PCAP.CD,1964,215.760727187524
MEA,NY.GDP.PCAP.CD,1963,198.857517059403
MEA,NY.GDP.PCAP.CD,1962,185.301767181033
MEA,NY.GDP.PCAP.CD,1961,191.196978177693
MEA,NY.GDP.PCAP.CD,1960,183.776176064767
MNA,NY.GDP.PCAP.CD,2025,
MNA,NY.GDP.PCAP.CD,2024,2971.05462651558
MNA,NY.GDP.PCAP.CD,2023,2873.03929302735
MNA,NY.GDP.PCAP.CD,2022,3015.7557973385
MNA,NY.GDP.PCAP.CD,2021,2753.47858029524
MNA,NY.GDP.PCAP.CD,2020,2408.49731335268
MNA,NY.GDP.PCAP.CD,2019,2695.63342343004
MNA,NY.GDP.PCAP.CD,2018,2809.30894215325
MNA,NY.GDP.PCAP.CD,2017,2859.85560174494
MNA,NY.GDP.PCAP.CD,2016,2863.14057781135
MNA,NY.GDP.PCAP.CD,2015,2802.63134980954
MNA,NY.GDP.PCAP.CD,2014,3073.79994256301
MNA,NY.GDP.PCAP.CD,2013,3148.36412420635
MNA,NY.GDP.PCAP.CD,2012,3412.57302470262
MNA,NY.GDP.PCAP.CD,2011,3232.55085445141
MNA,NY.GDP.PCAP.CD,2010,2816.19347268465
MNA,NY.GDP.PCAP.CD,2009,2510.74762666028
MNA,NY.GDP.PCAP.CD,2008,2652.79039146265
MNA,NY.GDP.PCAP.CD,2007,2237.26188319836
MNA,NY.GDP.PCAP.CD,2006,1883.1206783718
MNA,NY.GDP.PCAP.CD,2005,1657.11024431574
MNA,NY.GDP.PCAP.CD,2004,1463.04148806759
MNA,NY.GDP.PCAP.CD,2003,1263.87606211705
MNA,NY.GDP.PCAP.CD,2002,1168.28204981285
MNA,NY.GDP.PCAP.CD,2001,1226.50991412098
MNA,NY.GDP.PCAP.CD,2000,1247.47238123443
MNA,NY.GDP.PCAP.CD,1999,1137.92232755084
MNA,NY.GDP.PCAP.CD,1998,1075.35859706641
MNA,NY.GDP.PCAP.CD,1997,1077.33623074357
MNA,NY.GDP.PCAP.CD,1996,1058.06607840369
MNA,NY.GDP.PCAP.CD,1995,977.954473374118
MNA,NY.GDP.PCAP.CD,1994,899.269793129222
MNA,NY.GDP.PCAP.CD,1993,877.444978569883
MNA,NY.GDP.PCAP.CD,1992,1022.14274575119
MNA,NY.GDP.PCAP.CD,1991,1024.13992334534
MNA,NY.GDP.PCAP.CD,1990,1555.05827461027
MNA,NY.GDP.PCAP.CD,1989,1191.06195135547
MNA,NY.GDP.PCAP.CD,1988,1221.34786873756
MNA,NY.GDP.PCAP.CD,1987,1297.36415829114
MNA,NY.GDP.PCAP.CD,1986,1527.50087137492
MNA,NY.GDP.PCAP.CD,1985,1465.40188841291
MNA,NY.GDP.PCAP.CD,1984,1407.14205594428
MNA,NY.GDP.PCAP.CD,1983,1390.23697764039
MNA,NY.GDP.PCAP.CD,1982,1310.02447173409
MNA,NY.GDP.PCAP.CD,1981,1208.89717460626
MNA,NY.GDP.PCAP.CD,1980,1276.99663113903
MNA,NY.GDP.PCAP.CD,1979,1084.26572041917
MNA,NY.GDP.PCAP.CD,1978,898.680264188785
MNA,NY.GDP.PCAP.CD,1977,862.38550472864
MNA,NY.GDP.PCAP.CD,1976,768.946324268176
MNA,NY.GDP.PCAP.CD,1975,642.068951433979
MNA,NY.GDP.PCAP.CD,1974,575.347025852723
MNA,NY.GDP.PCAP.CD,1973,384.787511125291
MNA,NY.GDP.PCAP.CD,1972,320.732769391266
MNA,NY.GDP.PCAP.CD,1971,290.071546997093
MNA,NY.GDP.PCAP.CD,1970,263.507081088814
MNA,NY.GDP.PCAP.CD,1969,241.191037330677
MNA,NY.GDP.PCAP.CD,1968,223.001762234569
MNA,NY.GDP.PCAP.CD,1967,204.177075114679
MNA,NY.GDP.PCAP.CD,1966,191.099330709373
MNA,NY.GDP.PCAP.CD,1965,183.832655356929
MNA,NY.GDP.PCAP.CD,1964,170.270677059085
MNA,NY.GDP.PCAP.CD,1963,156.510635788666
MNA,NY.GDP.PCAP.CD,1962,145.831668669409
MNA,NY.GDP.PCAP.CD,1961,146.972007328324
MNA,NY.GDP.PCAP.CD,1960,144.528783640979
TMN,NY.GDP.PCAP.CD,2025,
TMN,NY.GDP.PCAP.CD,2024,2973.77496155262
TMN,NY.GDP.PCAP.CD,2023,2868.88626501212
TMN,NY.GDP.PCAP.CD,2022,3010.19656726913
TMN,NY.GDP.PCAP.CD,2021,2746.96809945183
TMN,NY.GDP.PCAP.CD,2020,2402.73480964451
TMN,NY.GDP.PCAP.CD,2019,2688.96932958269
TMN,NY.GDP.PCAP.CD,2018,2804.12633142444
TMN,NY.GDP.PCAP.CD,2017,2854.66192638041
TMN,NY.GDP.PCAP.CD,2016,2858.61689096826
TMN,NY.GDP.PCAP.CD,2015,2799.45441811583
TMN,NY.GDP.PCAP.CD,2014,3071.92771988993
TMN,NY.GDP.PCAP.CD,2013,3147.24679176234
TMN,NY.GDP.PCAP.CD,2012,3414.87165876956
TMN,NY.GDP.PCAP.CD,2011,3234.88259884042
TMN,NY.GDP.PCAP.CD,2010,2817.90380218571
TMN,NY.GDP.PCAP.CD,2009,2512.84382036535
TMN,NY.GDP.PCAP.CD,2008,2656.83046140986
TMN,NY.GDP.PCAP.CD,2007,2240.98836783175
TMN,NY.GDP.PCAP.CD,2006,1885.14870247669
TMN,NY.GDP.PCAP.CD,2005,1657.84296915154
TMN,NY.GDP.PCAP.CD,2004,1463.3046705277
TMN,NY.GDP.PCAP.CD,2003,1263.9157454015
TMN,NY.GDP.PCAP.CD,2002,1168.35927304729
TMN,NY.GDP.PCAP.CD,2001,1225.81474139888
TMN,NY.GDP.PCAP.CD,2000,1246.01975069059
TMN,NY.GDP.PCAP.CD,1999,1135.62755537135
TMN,NY.GDP.PCAP.CD,1998,1072.89061340122
TMN,NY.GDP.PCAP.CD,1997,1075.36776792627
TMN,NY.GDP.PCAP.CD,1996,1056.46578559905
TMN,NY.GDP.PCAP.CD,1995,975.846138056246
TMN,NY.GDP.PCAP.CD,1994,897.479717030969
TMN,NY.GDP.PCAP.CD,1993,875.599089415656
TMN,NY.GDP.PCAP.CD,1992,1019.88704638035
TMN,NY.GDP.PCAP.CD,1991,1021.78047542013
TMN,NY.GDP.PCAP.CD,1990,1551.33182483379
TMN,NY.GDP.PCAP.CD,1989,1181.70229392391
TMN,NY.GDP.PCAP.CD,1988,1211.75021712663
TMN,NY.GDP.PCAP.CD,1987,1287.16915200135
TMN,NY.GDP.PCAP.CD,1986,1515.49739425418
TMN,NY.GDP.PCAP.CD,1985,1453.88640035665
TMN,NY.GDP.PCAP.CD,1984,1396.08438796471
TMN,NY.GDP.PCAP.CD,1983,1379.31215391935
TMN,NY.GDP.PCAP.CD,1982,1299.72997759091
TMN,NY.GDP.PCAP.CD,1981,1199.39736360866
TMN,NY.GDP.PCAP.CD,1980,1266.96167788146
TMN,NY.GDP.PCAP.CD,1979,1075.7452940078
TMN,NY.GDP.PCAP.CD,1978,891.618213886749
TMN,NY.GDP.PCAP.CD,1977,855.608667563269
TMN,NY.GDP.PCAP.CD,1976,762.903755138821
TMN,NY.GDP.PCAP.CD,1975,637.023415871345
TMN,NY.GDP.PCAP.CD,1974,570.82580757342
TMN,NY.GDP.PCAP.CD,1973,381.763756329013
TMN,NY.GDP.PCAP.CD,1972,318.212372492379
TMN,NY.GDP.PCAP.CD,1971,287.79209351657
TMN,NY.GDP.PCAP.CD,1970,261.436377707704
TMN,NY.GDP.PCAP.CD,1969,239.295698903982
TMN,NY.GDP.PCAP.CD,1968,221.249359600286
TMN,NY.GDP.PCAP.CD,1967,202.572601496596
TMN,NY.GDP.PCAP.CD,1966,189.597625219742
TMN,NY.GDP.PCAP.CD,1965,182.388053187481
TMN,NY.GDP.PCAP.CD,1964,168.932648246982
TMN,NY.GDP.PCAP.CD,1963,155.280736761407
TMN,NY.GDP.PCAP.CD,1962,144.685687589361
TMN,NY.GDP.PCAP.CD,1961,145.817065186938
TMN,NY.GDP.PCAP.CD,1960,143.393040951574
MIC,NY.GDP.PCAP.CD,2025,
MIC,NY.GDP.PCAP.CD,2024,6554.37054933497
MIC,NY.GDP.PCAP.CD,2023,6386.30246387838
MIC,NY.GDP.PCAP.CD,2022,6248.00962014697
MIC,NY.GDP.PCAP.CD,2021,6007.32308658147
MIC,NY.GDP.PCAP.CD,2020,5134.62007912707
MIC,NY.GDP.PCAP.CD,2019,5353.79775844374
MIC,NY.GDP.PCAP.CD,2018,5248.39737081301
MIC,NY.GDP.PCAP.CD,2017,4982.00575599033
MIC,NY.GDP.PCAP.CD,2016,4605.60639396078
MIC,NY.GDP.PCAP.CD,2015,4602.51682691609
MIC,NY.GDP.PCAP.CD,2014,4798.48322756442
MIC,NY.GDP.PCAP.CD,2013,4641.4999159695
MIC,NY.GDP.PCAP.CD,2012,4424.22119652774
MIC,NY.GDP.PCAP.CD,2011,4205.16300649743
MIC,NY.GDP.PCAP.CD,2010,3610.66323367037
MIC,NY.GDP.PCAP.CD,2009,3001.53141895573
MIC,NY.GDP.PCAP.CD,2008,3029.34246580388
MIC,NY.GDP.PCAP.CD,2007,2583.28146959331
MIC,NY.GDP.PCAP.CD,2006,2129.12103739521
MIC,NY.GDP.PCAP.CD,2005,1830.92630559246
MIC,NY.GDP.PCAP.CD,2004,1571.30392795214
MIC,NY.GDP.PCAP.CD,2003,1357.07541063235
MIC,NY.GDP.PCAP.CD,2002,1228.47350986789
MIC,NY.GDP.PCAP.CD,2001,1222.94251438049
MIC,NY.GDP.PCAP.CD,2000,1237.10225471924
MIC,NY.GDP.PCAP.CD,1999,1156.99314507115
MIC,NY.GDP.PCAP.CD,1998,1221.1178559528
MIC,NY.GDP.PCAP.CD,1997,1263.93755302408
MIC,NY.GDP.PCAP.CD,1996,1209.98978256185
MIC,NY.GDP.PCAP.CD,1995,1105.20646514846
MIC,NY.GDP.PCAP.CD,1994,965.05441920224
MIC,NY.GDP.PCAP.CD,1993,871.717592246639
MIC,NY.GDP.PCAP.CD,1992,820.059169692785
MIC,NY.GDP.PCAP.CD,1991,785.342588322895
MIC,NY.GDP.PCAP.CD,1990,828.178421407122
MIC,NY.GDP.PCAP.CD,1989,737.045036015593
MIC,NY.GDP.PCAP.CD,1988,701.623160326822
MIC,NY.GDP.PCAP.CD,1987,671.488290927628
MIC,NY.GDP.PCAP.CD,1986,664.555821393631
MIC,NY.GDP.PCAP.CD,1985,664.929613257678
MIC,NY.GDP.PCAP.CD,1984,651.894465142062
MIC,NY.GDP.PCAP.CD,1983,646.859499640296
MIC,NY.GDP.PCAP.CD,1982,681.610498263494
MIC,NY.GDP.PCAP.CD,1981,706.741931365568
MIC,NY.GDP.PCAP.CD,1980,642.569231783784
MIC,NY.GDP.PCAP.CD,1979,554.272572005284
MIC,NY.GDP.PCAP.CD,1978,486.395472627906
MIC,NY.GDP.PCAP.CD,1977,447.840571894009
MIC,NY.GDP.PCAP.CD,1976,407.607453059609
MIC,NY.GDP.PCAP.CD,1975,386.595950953224
MIC,NY.GDP.PCAP.CD,1974,358.010460033725
MIC,NY.GDP.PCAP.CD,1973,287.54850772253
MIC,NY.GDP.PCAP.CD,1972,230.379842575033
MIC,NY.GDP.PCAP.CD,1971,209.989315803016
MIC,NY.GDP.PCAP.CD,1970,200.388416355737
MIC,NY.GDP.PCAP.CD,1969,187.84250453974
MIC,NY.GDP.PCAP.CD,1968,172.362814647394
MIC,NY.GDP.PCAP.CD,1967,166.79561848936
MIC,NY.GDP.PCAP.CD,1966,166.089735494019
MIC,NY.GDP.PCAP.CD,1965,164.286188140847
MIC,NY.GDP.PCAP.CD,1964,152.791374147283
MIC,NY.GDP.PCAP.CD,1963,137.598466510279
MIC,NY.GDP.PCAP.CD,1962,128.056853970694
MIC,NY.GDP.PCAP.CD,1961,129.14824371912
MIC,NY.GDP.PCAP.CD,1960,129.194896984232
NAC,NY.GDP.PCAP.CD,2025,
NAC,NY.GDP.PCAP.CD,2024,81275.8436781762
NAC,NY.GDP.PCAP.CD,2023,78190.0640735535
NAC,NY.GDP.PCAP.CD,2022,74535.6365392629
NAC,NY.GDP.PCAP.CD,2021,68424.560031595
NAC,NY.GDP.PCAP.CD,2020,61468.3372208474
NAC,NY.GDP.PCAP.CD,2019,62874.6117089583
NAC,NY.GDP.PCAP.CD,2018,60890.5689258698
NAC,NY.GDP.PCAP.CD,2017,58184.8571647569
NAC,NY.GDP.PCAP.CD,2016,56112.2253713869
NAC,NY.GDP.PCAP.CD,2015,55285.5686917861
NAC,NY.GDP.PCAP.CD,2014,54580.8673039295
NAC,NY.GDP.PCAP.CD,2013,53133.8537338421
NAC,NY.GDP.PCAP.CD,2012,51812.8921210048
NAC,NY.GDP.PCAP.CD,2011,50251.9815319984
NAC,NY.GDP.PCAP.CD,2010,48545.7752706944
NAC,NY.GDP.PCAP.CD,2009,46581.4062631638
NAC,NY.GDP.PCAP.CD,2008,48398.3601410965
NAC,NY.GDP.PCAP.CD,2007,47727.7701044725
NAC,NY.GDP.PCAP.CD,2006,45741.2633538401
NAC,NY.GDP.PCAP.CD,2005,43368.5783940626
NAC,NY.GDP.PCAP.CD,2004,40788.4744089861
NAC,NY.GDP.PCAP.CD,2003,38395.5205652019
NAC,NY.GDP.PCAP.CD,2002,36652.0186585008
NAC,NY.GDP.PCAP.CD,2001,35831.4569213799
NAC,NY.GDP.PCAP.CD,2000,35151.3613936987
NAC,NY.GDP.PCAP.CD,1999,33320.9396278081
NAC,NY.GDP.PCAP.CD,1998,31691.9492537212
NAC,NY.GDP.PCAP.CD,1997,30518.0718884439
NAC,NY.GDP.PCAP.CD,1996,29112.2451436921
NAC,NY.GDP.PCAP.CD,1995,27897.9346077139
NAC,NY.GDP.PCAP.CD,1994,26931.65092829
NAC,NY.GDP.PCAP.CD,1993,25772.0724370973
NAC,NY.GDP.PCAP.CD,1992,24974.7405630878
NAC,NY.GDP.PCAP.CD,1991,24094.1306916521
NAC,NY.GDP.PCAP.CD,1990,23653.5020058697
NAC,NY.GDP.PCAP.CD,1989,22652.6630458719
NAC,NY.GDP.PCAP.CD,1988,21180.3472351774
NAC,NY.GDP.PCAP.CD,1987,19679.3370907984
NAC,NY.GDP.PCAP.CD,1986,18625.6594397012
NAC,NY.GDP.PCAP.CD,1985,17838.5825446095
NAC,NY.GDP.PCAP.CD,1984,16808.9173401045
NAC,NY.GDP.PCAP.CD,1983,15341.7852470968
NAC,NY.GDP.PCAP.CD,1982,14247.3479863069
NAC,NY.GDP.PCAP.CD,1981,13820.1932805098
NAC,NY.GDP.PCAP.CD,1980,12441.4904083867
NAC,NY.GDP.PCAP.CD,1979,11518.7542483322
NAC,NY.GDP.PCAP.CD,1978,10427.5235353317
NAC,NY.GDP.PCAP.CD,1977,9403.39083487762
NAC,NY.GDP.PCAP.CD,1976,8615.91036395796
NAC,NY.GDP.PCAP.CD,1975,7775.52950366746
NAC,NY.GDP.PCAP.CD,1974,7209.11056718541
NAC,NY.GDP.PCAP.CD,1973,6642.71747804851
NAC,NY.GDP.PCAP.CD,1972,5999.16290039623
NAC,NY.GDP.PCAP.CD,1971,5506.31995735305
NAC,NY.GDP.PCAP.CD,1970,5130.46496658829
NAC,NY.GDP.PCAP.CD,1969,4902.69124991101
NAC,NY.GDP.PCAP.CD,1968,4570.75388903652
NAC,NY.GDP.PCAP.CD,1967,4223.19167135647
NAC,NY.GDP.PCAP.CD,1966,4035.88185355802
NAC,NY.GDP.PCAP.CD,1965,3722.17913835061
NAC,NY.GDP.PCAP.CD,1964,3473.15658682108
NAC,NY.GDP.PCAP.CD,1963,3276.24057329535
NAC,NY.GDP.PCAP.CD,1962,3148.48034494887
NAC,NY.GDP.PCAP.CD,1961,2985.34509534559
NAC,NY.GDP.PCAP.CD,1960,2933.32612076162
,NY.GDP.PCAP.CD,2025,
,NY.GDP.PCAP.CD,2024,
,NY.GDP.PCAP.CD,2023,
,NY.GDP.PCAP.CD,2022,
,NY.GDP.PCAP.CD,2021,
,NY.GDP.PCAP.CD,2020,
,NY.GDP.PCAP.CD,2019,
,NY.GDP.PCAP.CD,2018,
,NY.GDP.PCAP.CD,2017,
,NY.GDP.PCAP.CD,2016,
,NY.GDP.PCAP.CD,2015,
,NY.GDP.PCAP.CD,2014,
,NY.GDP.PCAP.CD,2013,
,NY.GDP.PCAP.CD,2012,
,NY.GDP.PCAP.CD,2011,
,NY.GDP.PCAP.CD,2010,
,NY.GDP.PCAP.CD,2009,
,NY.GDP.PCAP.CD,2008,
,NY.GDP.PCAP.CD,2007,
,NY.GDP.PCAP.CD,2006,
,NY.GDP.PCAP.CD,2005,
,NY.GDP.PCAP.CD,2004,
,NY.GDP.PCAP.CD,2003,
,NY.GDP.PCAP.CD,2002,
,NY.GDP.PCAP.CD,2001,
,NY.GDP.PCAP.CD,2000,
,NY.GDP.PCAP.CD,1999,
,NY.GDP.PCAP.CD,1998,
,NY.GDP.PCAP.CD,1997,
,NY.GDP.PCAP.CD,1996,
,NY.GDP.PCAP.CD,1995,
,NY.GDP.PCAP.CD,1994,
,NY.GDP.PCAP.CD,1993,
,NY.GDP.PCAP.CD,1992,
,NY.GDP.PCAP.CD,1991,
,NY.GDP.PCAP.CD,1990,
,NY.GDP.PCAP.CD,1989,
,NY.GDP.PCAP.CD,1988,
,NY.GDP.PCAP.CD,1987,
,NY.GDP.PCAP.CD,1986,
,NY.GDP.PCAP.CD,1985,
,NY.GDP.PCAP.CD,1984,
,NY.GDP.PCAP.CD,1983,
,NY.GDP.PCAP.CD,1982,
,NY.GDP.PCAP.CD,1981,
,NY.GDP.PCAP.CD,1980,
,NY.GDP.PCAP.CD,1979,
,NY.GDP.PCAP.CD,1978,
,NY.GDP.PCAP.CD,1977,
,NY.GDP.PCAP.CD,1976,
,NY.GDP.PCAP.CD,1975,
,NY.GDP.PCAP.CD,1974,
,NY.GDP.PCAP.CD,1973,
,NY.GDP.PCAP.CD,1972,
,NY.GDP.PCAP.CD,1971,
,NY.GDP.PCAP.CD,1970,
,NY.GDP.PCAP.CD,1969,
,NY.GDP.PCAP.CD,1968,
,NY.GDP.PCAP.CD,1967,
,NY.GDP.PCAP.CD,1966,
,NY.GDP.PCAP.CD,1965,
,NY.GDP.PCAP.CD,1964,
,NY.GDP.PCAP.CD,1963,
,NY.GDP.PCAP.CD,1962,
,NY.GDP.PCAP.CD,1961,
,NY.GDP.PCAP.CD,1960,
OED,NY.GDP.PCAP.CD,2025,
OED,NY.GDP.PCAP.CD,2024,48322.164420487
OED,NY.GDP.PCAP.CD,2023,46580.4448807226
OED,NY.GDP.PCAP.CD,2022,43950.173710934
OED,NY.GDP.PCAP.CD,2021,43027.7494275705
OED,NY.GDP.PCAP.CD,2020,38597.246423496
OED,NY.GDP.PCAP.CD,2019,39708.8864576635
OED,NY.GDP.PCAP.CD,2018,39552.695671629
OED,NY.GDP.PCAP.CD,2017,37605.2706249889
OED,NY.GDP.PCAP.CD,2016,36229.3490773616
OED,NY.GDP.PCAP.CD,2015,35779.9123271942
OED,NY.GDP.PCAP.CD,2014,38191.0527518506
OED,NY.GDP.PCAP.CD,2013,37640.7879025687
OED,NY.GDP.PCAP.CD,2012,37353.4975162109
OED,NY.GDP.PCAP.CD,2011,37631.4111773315
OED,NY.GDP.PCAP.CD,2010,35162.1991743522
OED,NY.GDP.PCAP.CD,2009,33747.3871210811
OED,NY.GDP.PCAP.CD,2008,36330.0253989704
OED,NY.GDP.PCAP.CD,2007,34485.4326856798
OED,NY.GDP.PCAP.CD,2006,31719.3360872902
OED,NY.GDP.PCAP.CD,2005,30274.0543423729
OED,NY.GDP.PCAP.CD,2004,28822.9827767557
OED,NY.GDP.PCAP.CD,2003,26073.4116073956
OED,NY.GDP.PCAP.CD,2002,23479.8118974849
OED,NY.GDP.PCAP.CD,2001,22671.1632008523
OED,NY.GDP.PCAP.CD,2000,23049.6329362256
OED,NY.GDP.PCAP.CD,1999,22708.4528563704
OED,NY.GDP.PCAP.CD,1998,21771.4465206304
OED,NY.GDP.PCAP.CD,1997,21776.2051995173
OED,NY.GDP.PCAP.CD,1996,22275.1958552208
OED,NY.GDP.PCAP.CD,1995,22257.1540058272
OED,NY.GDP.PCAP.CD,1994,20297.3652322185
OED,NY.GDP.PCAP.CD,1993,19145.0608082069
OED,NY.GDP.PCAP.CD,1992,19022.1602500181
OED,NY.GDP.PCAP.CD,1991,17848.8288080181
OED,NY.GDP.PCAP.CD,1990,17019.8138229679
OED,NY.GDP.PCAP.CD,1989,15248.4399776717
OED,NY.GDP.PCAP.CD,1988,14699.4122913473
OED,NY.GDP.PCAP.CD,1987,13143.0606690674
OED,NY.GDP.PCAP.CD,1986,11438.7298803863
OED,NY.GDP.PCAP.CD,1985,9513.4336195632
OED,NY.GDP.PCAP.CD,1984,9108.52947442265
OED,NY.GDP.PCAP.CD,1983,8783.63797290203
OED,NY.GDP.PCAP.CD,1982,8567.90771442788
OED,NY.GDP.PCAP.CD,1981,8777.03323718415
OED,NY.GDP.PCAP.CD,1980,8697.79852547106
OED,NY.GDP.PCAP.CD,1979,7904.73805822461
OED,NY.GDP.PCAP.CD,1978,6911.98538256439
OED,NY.GDP.PCAP.CD,1977,5796.51329896157
OED,NY.GDP.PCAP.CD,1976,5188.50863424851
OED,NY.GDP.PCAP.CD,1975,4834.40243101262
OED,NY.GDP.PCAP.CD,1974,4358.59467744636
OED,NY.GDP.PCAP.CD,1973,3927.60473339204
OED,NY.GDP.PCAP.CD,1972,3281.03297212865
OED,NY.GDP.PCAP.CD,1971,2857.71711558076
OED,NY.GDP.PCAP.CD,1970,2613.45086482186
OED,NY.GDP.PCAP.CD,1969,2412.17249188675
OED,NY.GDP.PCAP.CD,1968,2214.14937800704
OED,NY.GDP.PCAP.CD,1967,2065.10872661645
OED,NY.GDP.PCAP.CD,1966,1955.39339306377
OED,NY.GDP.PCAP.CD,1965,1808.25250458159
OED,NY.GDP.PCAP.CD,1964,1686.10645607716
OED,NY.GDP.PCAP.CD,1963,1561.7900587487
OED,NY.GDP.PCAP.CD,1962,1470.94736235899
OED,NY.GDP.PCAP.CD,1961,1379.30179320983
OED,NY.GDP.PCAP.CD,1960,1311.17893215607
OSS,NY.GDP.PCAP.CD,2025,
OSS,NY.GDP.PCAP.CD,2024,16094.1266173126
OSS,NY.GDP.PCAP.CD,2023,15334.1046502228
OSS,NY.GDP.PCAP.CD,2022,14320.7706776288
OSS,NY.GDP.PCAP.CD,2021,13717.0894877353
OSS,NY.GDP.PCAP.CD,2020,11770.4564127379
OSS,NY.GDP.PCAP.CD,2019,12907.6162560274
OSS,NY.GDP.PCAP.CD,2018,13025.990833966
OSS,NY.GDP.PCAP.CD,2017,11950.9740553004
OSS,NY.GDP.PCAP.CD,2016,10813.3826960431
OSS,NY.GDP.PCAP.CD,2015,10359.1182462574
OSS,NY.GDP.PCAP.CD,2014,11682.6165859401
OSS,NY.GDP.PCAP.CD,2013,11421.795928003
OSS,NY.GDP.PCAP.CD,2012,11084.1020617547
OSS,NY.GDP.PCAP.CD,2011,11469.9518928722
OSS,NY.GDP.PCAP.CD,2010,10149.5632621314
OSS,NY.GDP.PCAP.CD,2009,9809.38880958963
OSS,NY.GDP.PCAP.CD,2008,11515.1421303682
OSS,NY.GDP.PCAP.CD,2007,10758.3750236866
OSS,NY.GDP.PCAP.CD,2006,9046.58680529661
OSS,NY.GDP.PCAP.CD,2005,8233.33980947954
OSS,NY.GDP.PCAP.CD,2004,7419.39387365304
OSS,NY.GDP.PCAP.CD,2003,6311.76435003034
OSS,NY.GDP.PCAP.CD,2002,5142.08694078179
OSS,NY.GDP.PCAP.CD,2001,4780.95492978974
OSS,NY.GDP.PCAP.CD,2000,4847.45033301194
OSS,NY.GDP.PCAP.CD,1999,4829.25338074138
OSS,NY.GDP.PCAP.CD,1998,4635.15882617706
OSS,NY.GDP.PCAP.CD,1997,4678.51999052447
OSS,NY.GDP.PCAP.CD,1996,4739.0769500531
OSS,NY.GDP.PCAP.CD,1995,4659.34188114157
OSS,NY.GDP.PCAP.CD,1994,3950.98003696727
OSS,NY.GDP.PCAP.CD,1993,3762.44885385124
OSS,NY.GDP.PCAP.CD,1992,3949.4087886711
OSS,NY.GDP.PCAP.CD,1991,3674.36136996381
OSS,NY.GDP.PCAP.CD,1990,3570.55788974992
OSS,NY.GDP.PCAP.CD,1989,3031.12852460855
OSS,NY.GDP.PCAP.CD,1988,3025.7530579756
OSS,NY.GDP.PCAP.CD,1987,2860.79960151015
OSS,NY.GDP.PCAP.CD,1986,2329.74925875711
OSS,NY.GDP.PCAP.CD,1985,2379.80193160861
OSS,NY.GDP.PCAP.CD,1984,2486.49373071247
OSS,NY.GDP.PCAP.CD,1983,2559.29489706228
OSS,NY.GDP.PCAP.CD,1982,2836.77204394683
OSS,NY.GDP.PCAP.CD,1981,3011.87340195636
OSS,NY.GDP.PCAP.CD,1980,3286.78459445228
OSS,NY.GDP.PCAP.CD,1979,2242.72935981237
OSS,NY.GDP.PCAP.CD,1978,1737.21605574619
OSS,NY.GDP.PCAP.CD,1977,1526.12975983573
OSS,NY.GDP.PCAP.CD,1976,1266.59792646945
OSS,NY.GDP.PCAP.CD,1975,1109.83809300147
OSS,NY.GDP.PCAP.CD,1974,
OSS,NY.GDP.PCAP.CD,1973,
OSS,NY.GDP.PCAP.CD,1972,
OSS,NY.GDP.PCAP.CD,1971,
OSS,NY.GDP.PCAP.CD,1970,
OSS,NY.GDP.PCAP.CD,1969,
OSS,NY.GDP.PCAP.CD,1968,
OSS,NY.GDP.PCAP.CD,1967,
OSS,NY.GDP.PCAP.CD,1966,
OSS,NY.GDP.PCAP.CD,1965,
OSS,NY.GDP.PCAP.CD,1964,
OSS,NY.GDP.PCAP.CD,1963,
OSS,NY.GDP.PCAP.CD,1962,
OSS,NY.GDP.PCAP.CD,1961,
OSS,NY.GDP.PCAP.CD,1960,
PSS,NY.GDP.PCAP.CD,2025,
PSS,NY.GDP.PCAP.CD,2024,4453.58561280276
PSS,NY.GDP.PCAP.CD,2023,4173.79964748513
PSS,NY.GDP.PCAP.CD,2022,3896.81060847355
PSS,NY.GDP.PCAP.CD,2021,3600.81254375167
PSS,NY.GDP.PCAP.CD,2020,3592.04110507296
PSS,NY.GDP.PCAP.CD,2019,4136.34140894161
PSS,NY.GDP.PCAP.CD,2018,4247.0901276249
PSS,NY.GDP.PCAP.CD,2017,4099.79965867267
PSS,NY.GDP.PCAP.CD,2016,3856.70459060951
PSS,NY.GDP.PCAP.CD,2015,3722.7745565917
PSS,NY.GDP.PCAP.CD,2014,3846.91150223659
PSS,NY.GDP.PCAP.CD,2013,3584.6215764592
PSS,NY.GDP.PCAP.CD,2012,3493.08705679511
PSS,NY.GDP.PCAP.CD,2011,3339.33261214487
PSS,NY.GDP.PCAP.CD,2010,2900.92919415648
PSS,NY.GDP.PCAP.CD,2009,2668.40106360978
PSS,NY.GDP.PCAP.CD,2008,2989.2238467677
PSS,NY.GDP.PCAP.CD,2007,2819.69749738645
PSS,NY.GDP.PCAP.CD,2006,2586.87375078468
PSS,NY.GDP.PCAP.CD,2005,2492.38724073066
PSS,NY.GDP.PCAP.CD,2004,2270.72657843606
PSS,NY.GDP.PCAP.CD,2003,1997.28052538689
PSS,NY.GDP.PCAP.CD,2002,1695.01149741751
PSS,NY.GDP.PCAP.CD,2001,1637.06349284566
PSS,NY.GDP.PCAP.CD,2000,1686.60570445369
PSS,NY.GDP.PCAP.CD,1999,1857.38928924737
PSS,NY.GDP.PCAP.CD,1998,1728.10547677798
PSS,NY.GDP.PCAP.CD,1997,2035.88564452676
PSS,NY.GDP.PCAP.CD,1996,2060.80457831478
PSS,NY.GDP.PCAP.CD,1995,1947.90073365074
PSS,NY.GDP.PCAP.CD,1994,1818.22509065982
PSS,NY.GDP.PCAP.CD,1993,1573.63525576083
PSS,NY.GDP.PCAP.CD,1992,1519.64824897657
PSS,NY.GDP.PCAP.CD,1991,1404.20977100088
PSS,NY.GDP.PCAP.CD,1990,1343.27719993773
PSS,NY.GDP.PCAP.CD,1989,1219.29470793172
PSS,NY.GDP.PCAP.CD,1988,1188.98390796449
PSS,NY.GDP.PCAP.CD,1987,1173.87310359514
PSS,NY.GDP.PCAP.CD,1986,1222.70707456586
PSS,NY.GDP.PCAP.CD,1985,1145.73022924272
PSS,NY.GDP.PCAP.CD,1984,1219.06037971704
PSS,NY.GDP.PCAP.CD,1983,1185.33657065957
PSS,NY.GDP.PCAP.CD,1982,1265.72256598649
PSS,NY.GDP.PCAP.CD,1981,1314.59553013966
PSS,NY.GDP.PCAP.CD,1980,1299.84947305632
PSS,NY.GDP.PCAP.CD,1979,1162.2101205448
PSS,NY.GDP.PCAP.CD,1978,986.17530347436
PSS,NY.GDP.PCAP.CD,1977,879.523805566507
PSS,NY.GDP.PCAP.CD,1976,854.424460640589
PSS,NY.GDP.PCAP.CD,1975,872.139831893069
PSS,NY.GDP.PCAP.CD,1974,804.436169034547
PSS,NY.GDP.PCAP.CD,1973,604.320910189444
PSS,NY.GDP.PCAP.CD,1972,460.183843709943
PSS,NY.GDP.PCAP.CD,1971,395.810012764913
PSS,NY.GDP.PCAP.CD,1970,358.687331175362
PSS,NY.GDP.PCAP.CD,1969,
PSS,NY.GDP.PCAP.CD,1968,
PSS,NY.GDP.PCAP.CD,1967,
PSS,NY.GDP.PCAP.CD,1966,
PSS,NY.GDP.PCAP.CD,1965,
PSS,NY.GDP.PCAP.CD,1964,
PSS,NY.GDP.PCAP.CD,1963,
PSS,NY.GDP.PCAP.CD,1962,
PSS,NY.GDP.PCAP.CD,1961,
PSS,NY.GDP.PCAP.CD,1960,
PST,NY.GDP.PCAP.CD,2025,
PST,NY.GDP.PCAP.CD,2024,55644.314789934
PST,NY.GDP.PCAP.CD,2023,53813.7418308678
PST,NY.GDP.PCAP.CD,2022,50969.801641014
PST,NY.GDP.PCAP.CD,2021,49855.2269396596
PST,NY.GDP.PCAP.CD,2020,44743.7389324311
PST,NY.GDP.PCAP.CD,2019,45840.3536114764
PST,NY.GDP.PCAP.CD,2018,45535.8018785923
PST,NY.GDP.PCAP.CD,2017,43114.2688521392
PST,NY.GDP.PCAP.CD,2016,41502.2222895522
PST,NY.GDP.PCAP.CD,2015,40775.9479386213
PST,NY.GDP.PCAP.CD,2014,43322.2029738924
PST,NY.GDP.PCAP.CD,2013,42643.099618304
PST,NY.GDP.PCAP.CD,2012,42374.8223653419
PST,NY.GDP.PCAP.CD,2011,42635.8220864603
PST,NY.GDP.PCAP.CD,2010,39801.8641147794
PST,NY.GDP.PCAP.CD,2009,38339.4065630367
PST,NY.GDP.PCAP.CD,2008,40922.2537544049
PST,NY.GDP.PCAP.CD,2007,38870.3636110318
PST,NY.GDP.PCAP.CD,2006,35820.4258144709
PST,NY.GDP.PCAP.CD,2005,34219.0204237417
PST,NY.GDP.PCAP.CD,2004,32671.0834694674
PST,NY.GDP.PCAP.CD,2003,29550.1857442906
PST,NY.GDP.PCAP.CD,2002,26484.3378337689
PST,NY.GDP.PCAP.CD,2001,25517.8708554
PST,NY.GDP.PCAP.CD,2000,25890.8986396573
PST,NY.GDP.PCAP.CD,1999,25570.8524745238
PST,NY.GDP.PCAP.CD,1998,24458.4576370477
PST,NY.GDP.PCAP.CD,1997,24482.6157813598
PST,NY.GDP.PCAP.CD,1996,25102.7012317803
PST,NY.GDP.PCAP.CD,1995,25120.8119457481
PST,NY.GDP.PCAP.CD,1994,22758.8730271059
PST,NY.GDP.PCAP.CD,1993,21368.6769875873
PST,NY.GDP.PCAP.CD,1992,21351.2309519189
PST,NY.GDP.PCAP.CD,1991,20038.9599781189
PST,NY.GDP.PCAP.CD,1990,19133.9838313942
PST,NY.GDP.PCAP.CD,1989,17164.8452545418
PST,NY.GDP.PCAP.CD,1988,16538.1506068162
PST,NY.GDP.PCAP.CD,1987,14764.815364129
PST,NY.GDP.PCAP.CD,1986,12805.7247263693
PST,NY.GDP.PCAP.CD,1985,10531.6489476392
PST,NY.GDP.PCAP.CD,1984,10055.2031286677
PST,NY.GDP.PCAP.CD,1983,9673.91830631036
PST,NY.GDP.PCAP.CD,1982,9374.34907320372
PST,NY.GDP.PCAP.CD,1981,9474.07361240578
PST,NY.GDP.PCAP.CD,1980,9428.38816453979
PST,NY.GDP.PCAP.CD,1979,8578.25921246045
PST,NY.GDP.PCAP.CD,1978,7518.53375451935
PST,NY.GDP.PCAP.CD,1977,6284.05068306661
PST,NY.GDP.PCAP.CD,1976,5598.93227088066
PST,NY.GDP.PCAP.CD,1975,5197.31808411018
PST,NY.GDP.PCAP.CD,1974,4673.94163306876
PST,NY.GDP.PCAP.CD,1973,4218.45613852176
PST,NY.GDP.PCAP.CD,1972,3518.5594752851
PST,NY.GDP.PCAP.CD,1971,3058.81713989308
PST,NY.GDP.PCAP.CD,1970,2786.24978158553
PST,NY.GDP.PCAP.CD,1969,2562.60917046577
PST,NY.GDP.PCAP.CD,1968,2347.57123043067
PST,NY.GDP.PCAP.CD,1967,2184.64834110308
PST,NY.GDP.PCAP.CD,1966,2063.98255975691
PST,NY.GDP.PCAP.CD,1965,1905.77794888474
PST,NY.GDP.PCAP.CD,1964,1771.80146780409
PST,NY.GDP.PCAP.CD,1963,1640.35023794655
PST,NY.GDP.PCAP.CD,1962,1542.43788883719
PST,NY.GDP.PCAP.CD,1961,1442.99574317349
PST,NY.GDP.PCAP.CD,1960,1370.83880659399
PRE,NY.GDP.PCAP.CD,2025,
PRE,NY.GDP.PCAP.CD,2024,1366.06577255622
PRE,NY.GDP.PCAP.CD,2023,1558.34344693401
PRE,NY.GDP.PCAP.CD,2022,1770.15579032781
PRE,NY.GDP.PCAP.CD,2021,1594.14229813292
PRE,NY.GDP.PCAP.CD,2020,1496.33767488397
PRE,NY.GDP.PCAP.CD,2019,1681.19065754666
PRE,NY.GDP.PCAP.CD,2018,1449.85562070843
PRE,NY.GDP.PCAP.CD,2017,1338.96011884626
PRE,NY.GDP.PCAP.CD,2016,1316.74567214685
PRE,NY.GDP.PCAP.CD,2015,1524.98608713796
PRE,NY.GDP.PCAP.CD,2014,1848.07094913552
PRE,NY.GDP.PCAP.CD,2013,1796.00337097112
PRE,NY.GDP.PCAP.CD,2012,1686.96007926334
PRE,NY.GDP.PCAP.CD,2011,1596.90914437848
PRE,NY.GDP.PCAP.CD,2010,1421.48905142231
PRE,NY.GDP.PCAP.CD,2009,1252.32925493054
PRE,NY.GDP.PCAP.CD,2008,1423.20106621059
PRE,NY.GDP.PCAP.CD,2007,1173.40020441153
PRE,NY.GDP.PCAP.CD,2006,997.421514005206
PRE,NY.GDP.PCAP.CD,2005,815.454464076119
PRE,NY.GDP.PCAP.CD,2004,670.783711150831
PRE,NY.GDP.PCAP.CD,2003,554.26625446439
PRE,NY.GDP.PCAP.CD,2002,523.615860228603
PRE,NY.GDP.PCAP.CD,2001,465.954902190537
PRE,NY.GDP.PCAP.CD,2000,503.562641272677
PRE,NY.GDP.PCAP.CD,1999,448.838902293491
PRE,NY.GDP.PCAP.CD,1998,741.382596228637
PRE,NY.GDP.PCAP.CD,1997,720.575466777837
PRE,NY.GDP.PCAP.CD,1996,675.003973069927
PRE,NY.GDP.PCAP.CD,1995,571.946464976273
PRE,NY.GDP.PCAP.CD,1994,401.058986551584
PRE,NY.GDP.PCAP.CD,1993,397.603669222058
PRE,NY.GDP.PCAP.CD,1992,392.59155606961
PRE,NY.GDP.PCAP.CD,1991,518.875898396304
PRE,NY.GDP.PCAP.CD,1990,939.805533338588
PRE,NY.GDP.PCAP.CD,1989,595.019758951012
PRE,NY.GDP.PCAP.CD,1988,604.357525676561
PRE,NY.GDP.PCAP.CD,1987,592.46744900635
PRE,NY.GDP.PCAP.CD,1986,565.833192274468
PRE,NY.GDP.PCAP.CD,1985,670.636596004781
PRE,NY.GDP.PCAP.CD,1984,665.139328584365
PRE,NY.GDP.PCAP.CD,1983,732.138927725284
PRE,NY.GDP.PCAP.CD,1982,907.611047024129
PRE,NY.GDP.PCAP.CD,1981,982.406374054837
PRE,NY.GDP.PCAP.CD,1980,737.592382448643
PRE,NY.GDP.PCAP.CD,1979,613.967097677942
PRE,NY.GDP.PCAP.CD,1978,513.142065602647
PRE,NY.GDP.PCAP.CD,1977,466.206407407095
PRE,NY.GDP.PCAP.CD,1976,434.720610576905
PRE,NY.GDP.PCAP.CD,1975,382.578437780366
PRE,NY.GDP.PCAP.CD,1974,345.607853291771
PRE,NY.GDP.PCAP.CD,1973,257.950696795063
PRE,NY.GDP.PCAP.CD,1972,215.177731973705
PRE,NY.GDP.PCAP.CD,1971,188.073499385562
PRE,NY.GDP.PCAP.CD,1970,195.305004758919
PRE,NY.GDP.PCAP.CD,1969,178.017001416652
PRE,NY.GDP.PCAP.CD,1968,162.474091588099
PRE,NY.GDP.PCAP.CD,1967,154.614839965865
PRE,NY.GDP.PCAP.CD,1966,166.712837899083
PRE,NY.GDP.PCAP.CD,1965,156.396247285528
PRE,NY.GDP.PCAP.CD,1964,145.551638158562
PRE,NY.GDP.PCAP.CD,1963,157.647405752148
PRE,NY.GDP.PCAP.CD,1962,139.724963338914
PRE,NY.GDP.PCAP.CD,1961,130.63188360831
PRE,NY.GDP.PCAP.CD,1960,128.965295180455
SST,NY.GDP.PCAP.CD,2025,
SST,NY.GDP.PCAP.CD,2024,15383.3425638674
SST,NY.GDP.PCAP.CD,2023,14346.3202783396
SST,NY.GDP.PCAP.CD,2022,13636.4661190787
SST,NY.GDP.PCAP.CD,2021,12428.6087674544
SST,NY.GDP.PCAP.CD,2020,10723.093901861
SST,NY.GDP.PCAP.CD,2019,11990.4670996465
SST,NY.GDP.PCAP.CD,2018,12057.788581183
SST,NY.GDP.PCAP.CD,2017,11304.5050810878
SST,NY.GDP.PCAP.CD,2016,10486.2161094903
SST,NY.GDP.PCAP.CD,2015,10446.850341907
SST,NY.GDP.PCAP.CD,2014,11413.5892863022
SST,NY.GDP.PCAP.CD,2013,11132.3602165915
SST,NY.GDP.PCAP.CD,2012,10844.5207585756
SST,NY.GDP.PCAP.CD,2011,10893.6298369854
SST,NY.GDP.PCAP.CD,2010,9813.58319583758
SST,NY.GDP.PCAP.CD,2009,9296.64440865481
SST,NY.GDP.PCAP.CD,2008,10974.8922038731
SST,NY.GDP.PCAP.CD,2007,10056.3574835992
SST,NY.GDP.PCAP.CD,2006,8649.72106282857
SST,NY.GDP.PCAP.CD,2005,7779.765881341
SST,NY.GDP.PCAP.CD,2004,6954.01090826418
SST,NY.GDP.PCAP.CD,2003,6060.64034085427
SST,NY.GDP.PCAP.CD,2002,5133.13224592248
SST,NY.GDP.PCAP.CD,2001,4839.48717828642
SST,NY.GDP.PCAP.CD,2000,4846.98212617811
SST,NY.GDP.PCAP.CD,1999,4730.62919742795
SST,NY.GDP.PCAP.CD,1998,4496.03901702663
SST,NY.GDP.PCAP.CD,1997,4473.96160624632
SST,NY.GDP.PCAP.CD,1996,4316.17395236976
SST,NY.GDP.PCAP.CD,1995,4180.97411712487
SST,NY.GDP.PCAP.CD,1994,3675.23861681821
SST,NY.GDP.PCAP.CD,1993,3469.66607817133
SST,NY.GDP.PCAP.CD,1992,3614.08631163198
SST,NY.GDP.PCAP.CD,1991,3423.52643740564
SST,NY.GDP.PCAP.CD,1990,3333.50757381486
SST,NY.GDP.PCAP.CD,1989,2933.31818737147
SST,NY.GDP.PCAP.CD,1988,2946.35966263778
SST,NY.GDP.PCAP.CD,1987,2825.11103257746
SST,NY.GDP.PCAP.CD,1986,2491.67827849373
SST,NY.GDP.PCAP.CD,1985,2693.95828565609
SST,NY.GDP.PCAP.CD,1984,2770.5186777053
SST,NY.GDP.PCAP.CD,1983,2777.2630814362
SST,NY.GDP.PCAP.CD,1982,2968.4407341809
SST,NY.GDP.PCAP.CD,1981,2968.66696580703
SST,NY.GDP.PCAP.CD,1980,3032.74092442574
SST,NY.GDP.PCAP.CD,1979,2205.76399030155
SST,NY.GDP.PCAP.CD,1978,1751.15849591736
SST,NY.GDP.PCAP.CD,1977,1544.66966710141
SST,NY.GDP.PCAP.CD,1976,1303.64327803315
SST,NY.GDP.PCAP.CD,1975,1210.54410634502
SST,NY.GDP.PCAP.CD,1974,1133.71962149617
SST,NY.GDP.PCAP.CD,1973,722.345048935436
SST,NY.GDP.PCAP.CD,1972,583.969376858542
SST,NY.GDP.PCAP.CD,1971,510.955694695086
SST,NY.GDP.PCAP.CD,1970,464.618823649029
SST,NY.GDP.PCAP.CD,1969,
SST,NY.GDP.PCAP.CD,1968,
SST,NY.GDP.PCAP.CD,1967,
SST,NY.GDP.PCAP.CD,1966,
SST,NY.GDP.PCAP.CD,1965,
SST,NY.GDP.PCAP.CD,1964,
SST,NY.GDP.PCAP.CD,1963,
SST,NY.GDP.PCAP.CD,1962,
SST,NY.GDP.PCAP.CD,1961,
SST,NY.GDP.PCAP.CD,1960,
SAS,NY.GDP.PCAP.CD,2025,
SAS,NY.GDP.PCAP.CD,2024,2690.07883749003
SAS,NY.GDP.PCAP.CD,2023,2532.38988993306
SAS,NY.GDP.PCAP.CD,2022,2385.08341896271
SAS,NY.GDP.PCAP.CD,2021,2273.72055798689
SAS,NY.GDP.PCAP.CD,2020,1957.20343722686
SAS,NY.GDP.PCAP.CD,2019,2067.05975687637
SAS,NY.GDP.PCAP.CD,2018,1988.3663331799
SAS,NY.GDP.PCAP.CD,2017,1956.06707554186
SAS,NY.GDP.PCAP.CD,2016,1722.90703415144
SAS,NY.GDP.PCAP.CD,2015,1570.54142462917
SAS,NY.GDP.PCAP.CD,2014,1528.49208733408
SAS,NY.GDP.PCAP.CD,2013,1405.8407235793
SAS,NY.GDP.PCAP.CD,2012,1387.18205956625
SAS,NY.GDP.PCAP.CD,2011,1397.00682550999
SAS,NY.GDP.PCAP.CD,2010,1294.02734404973
SAS,NY.GDP.PCAP.CD,2009,1054.43555885745
SAS,NY.GDP.PCAP.CD,2008,958.275511460297
SAS,NY.GDP.PCAP.CD,2007,967.697911561283
SAS,NY.GDP.PCAP.CD,2006,769.378704313512
SAS,NY.GDP.PCAP.CD,2005,686.338193475473
SAS,NY.GDP.PCAP.CD,2004,606.478041696258
SAS,NY.GDP.PCAP.CD,2003,532.66154684429
SAS,NY.GDP.PCAP.CD,2002,462.898836496672
SAS,NY.GDP.PCAP.CD,2001,446.418919348871
SAS,NY.GDP.PCAP.CD,2000,440.467918910931
SAS,NY.GDP.PCAP.CD,1999,437.982047564941
SAS,NY.GDP.PCAP.CD,1998,413.676322288749
SAS,NY.GDP.PCAP.CD,1997,415.002724170031
SAS,NY.GDP.PCAP.CD,1996,400.095114023544
SAS,NY.GDP.PCAP.CD,1995,370.570693920918
SAS,NY.GDP.PCAP.CD,1994,342.723111684397
SAS,NY.GDP.PCAP.CD,1993,302.994994507191
SAS,NY.GDP.PCAP.CD,1992,315.53713133931
SAS,NY.GDP.PCAP.CD,1991,303.81805683771
SAS,NY.GDP.PCAP.CD,1990,359.953973128088
SAS,NY.GDP.PCAP.CD,1989,338.645008018599
SAS,NY.GDP.PCAP.CD,1988,344.39140735961
SAS,NY.GDP.PCAP.CD,1987,330.263803635955
SAS,NY.GDP.PCAP.CD,1986,302.215568474208
SAS,NY.GDP.PCAP.CD,1985,290.836561595941
SAS,NY.GDP.PCAP.CD,1984,270.882249205897
SAS,NY.GDP.PCAP.CD,1983,281.59105118681
SAS,NY.GDP.PCAP.CD,1982,268.048426266136
SAS,NY.GDP.PCAP.CD,1981,267.20705190365
SAS,NY.GDP.PCAP.CD,1980,261.180795941491
SAS,NY.GDP.PCAP.CD,1979,220.868328829727
SAS,NY.GDP.PCAP.CD,1978,201.52609182316
SAS,NY.GDP.PCAP.CD,1977,181.897614762572
SAS,NY.GDP.PCAP.CD,1976,160.699674402499
SAS,NY.GDP.PCAP.CD,1975,172.084670696833
SAS,NY.GDP.PCAP.CD,1974,167.031856543517
SAS,NY.GDP.PCAP.CD,1973,142.63419231482
SAS,NY.GDP.PCAP.CD,1972,121.825770983221
SAS,NY.GDP.PCAP.CD,1971,121.457638271028
SAS,NY.GDP.PCAP.CD,1970,116.640107755321
SAS,NY.GDP.PCAP.CD,1969,111.460473459612
SAS,NY.GDP.PCAP.CD,1968,103.257624279526
SAS,NY.GDP.PCAP.CD,1967,100.49023197921
SAS,NY.GDP.PCAP.CD,1966,93.5095090778818
SAS,NY.GDP.PCAP.CD,1965,118.725582639515
SAS,NY.GDP.PCAP.CD,1964,113.953993552671
SAS,NY.GDP.PCAP.CD,1963,101.699730347077
SAS,NY.GDP.PCAP.CD,1962,92.475978400802
SAS,NY.GDP.PCAP.CD,1961,88.537440136904
SAS,NY.GDP.PCAP.CD,1960,85.1907206631683
TSA,NY.GDP.PCAP.CD,2025,
TSA,NY.GDP.PCAP.CD,2024,2690.07883749003
TSA,NY.GDP.PCAP.CD,2023,2532.38988993306
TSA,NY.GDP.PCAP.CD,2022,2385.08341896271
TSA,NY.GDP.PCAP.CD,2021,2273.72055798689
TSA,NY.GDP.PCAP.CD,2020,1957.20343722686
TSA,NY.GDP.PCAP.CD,2019,2067.05975687637
TSA,NY.GDP.PCAP.CD,2018,1988.3663331799
TSA,NY.GDP.PCAP.CD,2017,1956.06707554186
TSA,NY.GDP.PCAP.CD,2016,1722.90703415144
TSA,NY.GDP.PCAP.CD,2015,1570.54142462917
TSA,NY.GDP.PCAP.CD,2014,1528.49208733408
TSA,NY.GDP.PCAP.CD,2013,1405.8407235793
TSA,NY.GDP.PCAP.CD,2012,1387.18205956625
TSA,NY.GDP.PCAP.CD,2011,1397.00682550999
TSA,NY.GDP.PCAP.CD,2010,1294.02734404973
TSA,NY.GDP.PCAP.CD,2009,1054.43555885745
TSA,NY.GDP.PCAP.CD,2008,958.275511460297
TSA,NY.GDP.PCAP.CD,2007,967.697911561283
TSA,NY.GDP.PCAP.CD,2006,769.378704313512
TSA,NY.GDP.PCAP.CD,2005,686.338193475473
TSA,NY.GDP.PCAP.CD,2004,606.478041696258
TSA,NY.GDP.PCAP.CD,2003,532.66154684429
TSA,NY.GDP.PCAP.CD,2002,462.898836496672
TSA,NY.GDP.PCAP.CD,2001,446.418919348871
TSA,NY.GDP.PCAP.CD,2000,440.467918910931
TSA,NY.GDP.PCAP.CD,1999,437.982047564941
TSA,NY.GDP.PCAP.CD,1998,413.676322288749
TSA,NY.GDP.PCAP.CD,1997,415.002724170031
TSA,NY.GDP.PCAP.CD,1996,400.095114023544
TSA,NY.GDP.PCAP.CD,1995,370.570693920918
TSA,NY.GDP.PCAP.CD,1994,342.723111684397
TSA,NY.GDP.PCAP.CD,1993,302.994994507191
TSA,NY.GDP.PCAP.CD,1992,315.53713133931
TSA,NY.GDP.PCAP.CD,1991,303.81805683771
TSA,NY.GDP.PCAP.CD,1990,359.953973128088
TSA,NY.GDP.PCAP.CD,1989,338.645008018599
TSA,NY.GDP.PCAP.CD,1988,344.39140735961
TSA,NY.GDP.PCAP.CD,1987,330.263803635955
TSA,NY.GDP.PCAP.CD,1986,302.215568474208
TSA,NY.GDP.PCAP.CD,1985,290.836561595941
TSA,NY.GDP.PCAP.CD,1984,270.882249205897
TSA,NY.GDP.PCAP.CD,1983,281.59105118681
TSA,NY.GDP.PCAP.CD,1982,268.048426266136
TSA,NY.GDP.PCAP.CD,1981,267.20705190365
TSA,NY.GDP.PCAP.CD,1980,261.180795941491
TSA,NY.GDP.PCAP.CD,1979,220.868328829727
TSA,NY.GDP.PCAP.CD,1978,201.52609182316
TSA,NY.GDP.PCAP.CD,1977,181.897614762572
TSA,NY.GDP.PCAP.CD,1976,160.699674402499
TSA,NY.GDP.PCAP.CD,1975,172.084670696833
TSA,NY.GDP.PCAP.CD,1974,167.031856543517
TSA,NY.GDP.PCAP.CD,1973,142.63419231482
TSA,NY.GDP.PCAP.CD,1972,121.825770983221
TSA,NY.GDP.PCAP.CD,1971,121.457638271028
TSA,NY.GDP.PCAP.CD,1970,116.640107755321
TSA,NY.GDP.PCAP.CD,1969,111.460473459612
TSA,NY.GDP.PCAP.CD,1968,103.257624279526
TSA,NY.GDP.PCAP.CD,1967,100.49023197921
TSA,NY.GDP.PCAP.CD,1966,93.5095090778818
TSA,NY.GDP.PCAP.CD,1965,118.725582639515
TSA,NY.GDP.PCAP.CD,1964,113.953993552671
TSA,NY.GDP.PCAP.CD,1963,101.699730347077
TSA,NY.GDP.PCAP.CD,1962,92.475978400802
TSA,NY.GDP.PCAP.CD,1961,88.537440136904
TSA,NY.GDP.PCAP.CD,1960,85.1907206631683
SSF,NY.GDP.PCAP.CD,2025,
SSF,NY.GDP.PCAP.CD,2024,1532.92763550207
SSF,NY.GDP.PCAP.CD,2023,1680.77966672218
SSF,NY.GDP.PCAP.CD,2022,1865.11635260699
SSF,NY.GDP.PCAP.CD,2021,1785.46664916614
SSF,NY.GDP.PCAP.CD,2020,1627.34569596297
SSF,NY.GDP.PCAP.CD,2019,1795.5612786554
SSF,NY.GDP.PCAP.CD,2018,1620.54140805919
SSF,NY.GDP.PCAP.CD,2017,1546.91774199323
SSF,NY.GDP.PCAP.CD,2016,1455.03525304571
SSF,NY.GDP.PCAP.CD,2015,1646.44941139316
SSF,NY.GDP.PCAP.CD,2014,1906.79596971017
SSF,NY.GDP.PCAP.CD,2013,1879.5587312692
SSF,NY.GDP.PCAP.CD,2012,1817.30125816633
SSF,NY.GDP.PCAP.CD,2011,1795.43814856316
SSF,NY.GDP.PCAP.CD,2010,1642.64134193596
SSF,NY.GDP.PCAP.CD,2009,1426.96916919949
SSF,NY.GDP.PCAP.CD,2008,1536.66763137174
SSF,NY.GDP.PCAP.CD,2007,1390.58865074962
SSF,NY.GDP.PCAP.CD,2006,1234.13340009531
SSF,NY.GDP.PCAP.CD,2005,1073.52977403181
SSF,NY.GDP.PCAP.CD,2004,926.435499820006
SSF,NY.GDP.PCAP.CD,2003,766.500842930002
SSF,NY.GDP.PCAP.CD,2002,625.468994411853
SSF,NY.GDP.PCAP.CD,2001,587.39704857074
SSF,NY.GDP.PCAP.CD,2000,629.529731613317
SSF,NY.GDP.PCAP.CD,1999,610.097793801745
SSF,NY.GDP.PCAP.CD,1998,877.691028047643
SSF,NY.GDP.PCAP.CD,1997,898.909546886988
SSF,NY.GDP.PCAP.CD,1996,877.522517236211
SSF,NY.GDP.PCAP.CD,1995,806.661765849349
SSF,NY.GDP.PCAP.CD,1994,651.137004627086
SSF,NY.GDP.PCAP.CD,1993,653.9561441408
SSF,NY.GDP.PCAP.CD,1992,664.940115247967
SSF,NY.GDP.PCAP.CD,1991,759.299379290791
SSF,NY.GDP.PCAP.CD,1990,728.527589410931
SSF,NY.GDP.PCAP.CD,1989,639.820980128762
SSF,NY.GDP.PCAP.CD,1988,646.450584676321
SSF,NY.GDP.PCAP.CD,1987,631.57325018827
SSF,NY.GDP.PCAP.CD,1986,580.523381886051
SSF,NY.GDP.PCAP.CD,1985,637.484872898001
SSF,NY.GDP.PCAP.CD,1984,687.251169971653
SSF,NY.GDP.PCAP.CD,1983,791.585856027712
SSF,NY.GDP.PCAP.CD,1982,908.491836566255
SSF,NY.GDP.PCAP.CD,1981,1007.86068218968
SSF,NY.GDP.PCAP.CD,1980,769.565371849649
SSF,NY.GDP.PCAP.CD,1979,630.91316426834
SSF,NY.GDP.PCAP.CD,1978,551.471446603229
SSF,NY.GDP.PCAP.CD,1977,506.974853644566
SSF,NY.GDP.PCAP.CD,1976,474.37449880929
SSF,NY.GDP.PCAP.CD,1975,451.044954629341
SSF,NY.GDP.PCAP.CD,1974,422.561744482754
SSF,NY.GDP.PCAP.CD,1973,342.597615628812
SSF,NY.GDP.PCAP.CD,1972,276.271075877442
SSF,NY.GDP.PCAP.CD,1971,251.837152474141
SSF,NY.GDP.PCAP.CD,1970,251.635573386979
SSF,NY.GDP.PCAP.CD,1969,231.436186928761
SSF,NY.GDP.PCAP.CD,1968,210.515656880994
SSF,NY.GDP.PCAP.CD,1967,202.000081009945
SSF,NY.GDP.PCAP.CD,1966,207.086227369075
SSF,NY.GDP.PCAP.CD,1965,196.052907840159
SSF,NY.GDP.PCAP.CD,1964,182.61985429987
SSF,NY.GDP.PCAP.CD,1963,188.247660251779
SSF,NY.GDP.PCAP.CD,1962,169.661209577902
SSF,NY.GDP.PCAP.CD,1961,160.870330859825
SSF,NY.GDP.PCAP.CD,1960,158.066623264321
SSA,NY.GDP.PCAP.CD,2025,
SSA,NY.GDP.PCAP.CD,2024,1576.69166875191
SSA,NY.GDP.PCAP.CD,2023,1750.13136836946
SSA,NY.GDP.PCAP.CD,2022,1963.80330032374
SSA,NY.GDP.PCAP.CD,2021,1885.48155965903
SSA,NY.GDP.PCAP.CD,2020,1716.50863861427
SSA,NY.GDP.PCAP.CD,2019,1907.22499436387
SSA,NY.GDP.PCAP.CD,2018,1718.42346098448
SSA,NY.GDP.PCAP.CD,2017,1641.39239957439
SSA,NY.GDP.PCAP.CD,2016,1545.27948291265
SSA,NY.GDP.PCAP.CD,2015,1763.27463036367
SSA,NY.GDP.PCAP.CD,2014,2058.4331234679
SSA,NY.GDP.PCAP.CD,2013,2035.63571636535
SSA,NY.GDP.PCAP.CD,2012,1970.23745756606
SSA,NY.GDP.PCAP.CD,2011,1958.08105419725
SSA,NY.GDP.PCAP.CD,2010,1789.34374213402
SSA,NY.GDP.PCAP.CD,2009,1545.11577892078
SSA,NY.GDP.PCAP.CD,2008,1672.71983508686
SSA,NY.GDP.PCAP.CD,2007,1518.8219699939
SSA,NY.GDP.PCAP.CD,2006,1349.88715192875
SSA,NY.GDP.PCAP.CD,2005,1174.63116054875
SSA,NY.GDP.PCAP.CD,2004,1013.73402157662
SSA,NY.GDP.PCAP.CD,2003,837.714582574766
SSA,NY.GDP.PCAP.CD,2002,681.544934837755
SSA,NY.GDP.PCAP.CD,2001,638.142786998755
SSA,NY.GDP.PCAP.CD,2000,684.279233995118
SSA,NY.GDP.PCAP.CD,1999,662.590169433438
SSA,NY.GDP.PCAP.CD,1998,958.505961105787
SSA,NY.GDP.PCAP.CD,1997,979.802484553982
SSA,NY.GDP.PCAP.CD,1996,955.24506094557
SSA,NY.GDP.PCAP.CD,1995,877.380053747795
SSA,NY.GDP.PCAP.CD,1994,705.690345152701
SSA,NY.GDP.PCAP.CD,1993,703.970630626046
SSA,NY.GDP.PCAP.CD,1992,711.638059637478
SSA,NY.GDP.PCAP.CD,1991,807.752713490534
SSA,NY.GDP.PCAP.CD,1990,774.580966599021
SSA,NY.GDP.PCAP.CD,1989,677.218041239499
SSA,NY.GDP.PCAP.CD,1988,684.428660072219
SSA,NY.GDP.PCAP.CD,1987,667.631775029137
SSA,NY.GDP.PCAP.CD,1986,612.290345475843
SSA,NY.GDP.PCAP.CD,1985,675.07596436795
SSA,NY.GDP.PCAP.CD,1984,732.705041568774
SSA,NY.GDP.PCAP.CD,1983,845.557742043703
SSA,NY.GDP.PCAP.CD,1982,975.755126412414
SSA,NY.GDP.PCAP.CD,1981,1084.43386106418
SSA,NY.GDP.PCAP.CD,1980,824.148876981371
SSA,NY.GDP.PCAP.CD,1979,674.141635658371
SSA,NY.GDP.PCAP.CD,1978,588.866373097918
SSA,NY.GDP.PCAP.CD,1977,541.141279228963
SSA,NY.GDP.PCAP.CD,1976,507.496605255139
SSA,NY.GDP.PCAP.CD,1975,482.654337914885
SSA,NY.GDP.PCAP.CD,1974,450.894118871282
SSA,NY.GDP.PCAP.CD,1973,363.946125469476
SSA,NY.GDP.PCAP.CD,1972,292.273906466396
SSA,NY.GDP.PCAP.CD,1971,266.058283575359
SSA,NY.GDP.PCAP.CD,1970,266.208132173233
SSA,NY.GDP.PCAP.CD,1969,244.637862489874
SSA,NY.GDP.PCAP.CD,1968,221.75372280299
SSA,NY.GDP.PCAP.CD,1967,212.689011873384
SSA,NY.GDP.PCAP.CD,1966,218.668754585632
SSA,NY.GDP.PCAP.CD,1965,206.935300583305
SSA,NY.GDP.PCAP.CD,1964,192.611504561715
SSA,NY.GDP.PCAP.CD,1963,199.39230771098
SSA,NY.GDP.PCAP.CD,1962,178.940820853321
SSA,NY.GDP.PCAP.CD,1961,169.315685292769
SSA,NY.GDP.PCAP.CD,1960,166.362261985158
TSS,NY.GDP.PCAP.CD,2025,
TSS,NY.GDP.PCAP.CD,2024,1532.92763550207
TSS,NY.GDP.PCAP.CD,2023,1680.77966672218
TSS,NY.GDP.PCAP.CD,2022,1865.11635260699
TSS,NY.GDP.PCAP.CD,2021,1785.46664916614
TSS,NY.GDP.PCAP.CD,2020,1627.34569596297
TSS,NY.GDP.PCAP.CD,2019,1795.5612786554
TSS,NY.GDP.PCAP.CD,2018,1620.54140805919
TSS,NY.GDP.PCAP.CD,2017,1546.91774199323
TSS,NY.GDP.PCAP.CD,2016,1455.03525304571
TSS,NY.GDP.PCAP.CD,2015,1646.44941139316
TSS,NY.GDP.PCAP.CD,2014,1906.79596971017
TSS,NY.GDP.PCAP.CD,2013,1879.55873126921
TSS,NY.GDP.PCAP.CD,2012,1817.30125816633
TSS,NY.GDP.PCAP.CD,2011,1795.43814856316
TSS,NY.GDP.PCAP.CD,2010,1642.64134193596
TSS,NY.GDP.PCAP.CD,2009,1426.96916919949
TSS,NY.GDP.PCAP.CD,2008,1536.66763137174
TSS,NY.GDP.PCAP.CD,2007,1390.58865074962
TSS,NY.GDP.PCAP.CD,2006,1234.13340009531
TSS,NY.GDP.PCAP.CD,2005,1073.52977403181
TSS,NY.GDP.PCAP.CD,2004,926.435499820007
TSS,NY.GDP.PCAP.CD,2003,766.500842930002
TSS,NY.GDP.PCAP.CD,2002,625.468994411853
TSS,NY.GDP.PCAP.CD,2001,587.39704857074
TSS,NY.GDP.PCAP.CD,2000,629.529731613317
TSS,NY.GDP.PCAP.CD,1999,610.097793801745
TSS,NY.GDP.PCAP.CD,1998,877.691028047644
TSS,NY.GDP.PCAP.CD,1997,898.909546886989
TSS,NY.GDP.PCAP.CD,1996,877.522517236211
TSS,NY.GDP.PCAP.CD,1995,806.66176584935
TSS,NY.GDP.PCAP.CD,1994,651.137004627086
TSS,NY.GDP.PCAP.CD,1993,653.9561441408
TSS,NY.GDP.PCAP.CD,1992,664.940115247967
TSS,NY.GDP.PCAP.CD,1991,759.299379290791
TSS,NY.GDP.PCAP.CD,1990,728.527589410931
TSS,NY.GDP.PCAP.CD,1989,639.820980128762
TSS,NY.GDP.PCAP.CD,1988,646.450584676321
TSS,NY.GDP.PCAP.CD,1987,631.57325018827
TSS,NY.GDP.PCAP.CD,1986,580.523381886051
TSS,NY.GDP.PCAP.CD,1985,637.484872898002
TSS,NY.GDP.PCAP.CD,1984,687.251169971653
TSS,NY.GDP.PCAP.CD,1983,791.585856027712
TSS,NY.GDP.PCAP.CD,1982,908.491836566255
TSS,NY.GDP.PCAP.CD,1981,1007.86068218968
TSS,NY.GDP.PCAP.CD,1980,769.565371849649
TSS,NY.GDP.PCAP.CD,1979,630.913164268341
TSS,NY.GDP.PCAP.CD,1978,551.471446603229
TSS,NY.GDP.PCAP.CD,1977,506.974853644567
TSS,NY.GDP.PCAP.CD,1976,474.37449880929
TSS,NY.GDP.PCAP.CD,1975,451.044954629342
TSS,NY.GDP.PCAP.CD,1974,422.561744482754
TSS,NY.GDP.PCAP.CD,1973,342.597615628812
TSS,NY.GDP.PCAP.CD,1972,276.271075877443
TSS,NY.GDP.PCAP.CD,1971,251.837152474141
TSS,NY.GDP.PCAP.CD,1970,251.635573386979
TSS,NY.GDP.PCAP.CD,1969,231.436186928761
TSS,NY.GDP.PCAP.CD,1968,210.515656880994
TSS,NY.GDP.PCAP.CD,1967,202.000081009946
TSS,NY.GDP.PCAP.CD,1966,207.086227369075
TSS,NY.GDP.PCAP.CD,1965,196.052907840159
TSS,NY.GDP.PCAP.CD,1964,182.61985429987
TSS,NY.GDP.PCAP.CD,1963,188.24766025178
TSS,NY.GDP.PCAP.CD,1962,169.661209577902
TSS,NY.GDP.PCAP.CD,1961,160.870330859826
TSS,NY.GDP.PCAP.CD,1960,158.066623264322
,NY.GDP.PCAP.CD,2025,
,NY.GDP.PCAP.CD,2024,10996.101696107
,NY.GDP.PCAP.CD,2023,10657.9686111279
,NY.GDP.PCAP.CD,2022,10324.5193124329
,NY.GDP.PCAP.CD,2021,9918.6994774671
,NY.GDP.PCAP.CD,2020,8346.18727671434
,NY.GDP.PCAP.CD,2019,8657.73234539015
,NY.GDP.PCAP.CD,2018,8569.23675625056
,NY.GDP.PCAP.CD,2017,8064.20583627107
,NY.GDP.PCAP.CD,2016,7413.22237473365
,NY.GDP.PCAP.CD,2015,7435.76486473308
,NY.GDP.PCAP.CD,2014,7778.57802636616
,NY.GDP.PCAP.CD,2013,7553.62352185493
,NY.GDP.PCAP.CD,2012,7166.76033698733
,NY.GDP.PCAP.CD,2011,6773.01375512825
,NY.GDP.PCAP.CD,2010,5710.9010671794
,NY.GDP.PCAP.CD,2009,4710.56351783068
,NY.GDP.PCAP.CD,2008,4780.19249304455
,NY.GDP.PCAP.CD,2007,3982.92205517928
,NY.GDP.PCAP.CD,2006,3262.39559875801
,NY.GDP.PCAP.CD,2005,2788.28442311953
,NY.GDP.PCAP.CD,2004,2365.83446249947
,NY.GDP.PCAP.CD,2003,2022.46978917982
,NY.GDP.PCAP.CD,2002,1829.51821405556
,NY.GDP.PCAP.CD,2001,1831.16075225617
,NY.GDP.PCAP.CD,2000,1846.75293360867
,NY.GDP.PCAP.CD,1999,1705.94773687031
,NY.GDP.PCAP.CD,1998,1770.42756924785
,NY.GDP.PCAP.CD,1997,1845.29469515271
,NY.GDP.PCAP.CD,1996,1752.90714613617
,NY.GDP.PCAP.CD,1995,1604.5960539726
,NY.GDP.PCAP.CD,1994,1402.50456500445
,NY.GDP.PCAP.CD,1993,1260.95164933191
,NY.GDP.PCAP.CD,1992,1158.85298770779
,NY.GDP.PCAP.CD,1991,1099.45464846937
,NY.GDP.PCAP.CD,1990,1151.7887372852
,NY.GDP.PCAP.CD,1989,1003.34956238491
,NY.GDP.PCAP.CD,1988,921.812027727811
,NY.GDP.PCAP.CD,1987,868.390301826451
,NY.GDP.PCAP.CD,1986,875.756759565109
,NY.GDP.PCAP.CD,1985,868.179956174679
,NY.GDP.PCAP.CD,1984,855.952611875676
,NY.GDP.PCAP.CD,1983,823.925727665102
,NY.GDP.PCAP.CD,1982,857.461902827683
,NY.GDP.PCAP.CD,1981,889.089615341322
,NY.GDP.PCAP.CD,1980,836.735431868119
,NY.GDP.PCAP.CD,1979,726.417259423815
,NY.GDP.PCAP.CD,1978,634.678930260753
,NY.GDP.PCAP.CD,1977,585.992448922881
,NY.GDP.PCAP.CD,1976,532.040164342313
,NY.GDP.PCAP.CD,1975,500.306924849695
,NY.GDP.PCAP.CD,1974,461.198114251014
,NY.GDP.PCAP.CD,1973,366.190095241849
,NY.GDP.PCAP.CD,1972,284.215777698313
,NY.GDP.PCAP.CD,1971,253.702322322823
,NY.GDP.PCAP.CD,1970,239.146971010432
,NY.GDP.PCAP.CD,1969,223.37113209288
,NY.GDP.PCAP.CD,1968,204.31216350293
,NY.GDP.PCAP.CD,1967,198.015953117188
,NY.GDP.PCAP.CD,1966,200.582234098055
,NY.GDP.PCAP.CD,1965,186.628403051966
,NY.GDP.PCAP.CD,1964,170.933195229739
,NY.GDP.PCAP.CD,1963,152.804995944899
,NY.GDP.PCAP.CD,1962,142.565521305467
,NY.GDP.PCAP.CD,1961,143.582203301007
,NY.GDP.PCAP.CD,1960,146.39297675606
WLD,NY.GDP.PCAP.CD,2025,
WLD,NY.GDP.PCAP.CD,2024,13631.2043097215
WLD,NY.GDP.PCAP.CD,2023,13236.7163960917
WLD,NY.GDP.PCAP.CD,2022,12798.1658465319
WLD,NY.GDP.PCAP.CD,2021,12390.6686716727
WLD,NY.GDP.PCAP.CD,2020,10937.6846205191
WLD,NY.GDP.PCAP.CD,2019,11376.0818134476
WLD,NY.GDP.PCAP.CD,2018,11309.3830773178
WLD,NY.GDP.PCAP.CD,2017,10747.764306505
WLD,NY.GDP.PCAP.CD,2016,10204.9287763386
WLD,NY.GDP.PCAP.CD,2015,10161.9445773234
WLD,NY.GDP.PCAP.CD,2014,10885.7966024868
WLD,NY.GDP.PCAP.CD,2013,10739.8911620948
WLD,NY.GDP.PCAP.CD,2012,10583.9966715989
WLD,NY.GDP.PCAP.CD,2011,10485.1771943036
WLD,NY.GDP.PCAP.CD,2010,9542.72886249208
WLD,NY.GDP.PCAP.CD,2009,8816.8105604156
WLD,NY.GDP.PCAP.CD,2008,9415.35786125182
WLD,NY.GDP.PCAP.CD,2007,8677.57102707632
WLD,NY.GDP.PCAP.CD,2006,7796.34931015336
WLD,NY.GDP.PCAP.CD,2005,7284.31331023763
WLD,NY.GDP.PCAP.CD,2004,6811.48195762271
WLD,NY.GDP.PCAP.CD,2003,6122.43446098028
WLD,NY.GDP.PCAP.CD,2002,5530.02104262965
WLD,NY.GDP.PCAP.CD,2001,5394.68512526725
WLD,NY.GDP.PCAP.CD,2000,5501.26421816454
WLD,NY.GDP.PCAP.CD,1999,5393.3279117337
WLD,NY.GDP.PCAP.CD,1998,5294.21706064972
WLD,NY.GDP.PCAP.CD,1997,5394.04933498749
WLD,NY.GDP.PCAP.CD,1996,5490.48018554204
WLD,NY.GDP.PCAP.CD,1995,5446.76886240778
WLD,NY.GDP.PCAP.CD,1994,4948.18171319114
WLD,NY.GDP.PCAP.CD,1993,4667.73707542885
WLD,NY.GDP.PCAP.CD,1992,4664.3017809973
WLD,NY.GDP.PCAP.CD,1991,4439.25408220989
WLD,NY.GDP.PCAP.CD,1990,4325.66214326506
WLD,NY.GDP.PCAP.CD,1989,3916.50646692665
WLD,NY.GDP.PCAP.CD,1988,3815.55297783922
WLD,NY.GDP.PCAP.CD,1987,3475.65832276632
WLD,NY.GDP.PCAP.CD,1986,3108.41144802427
WLD,NY.GDP.PCAP.CD,1985,2683.50402889705
WLD,NY.GDP.PCAP.CD,1984,2607.60648184783
WLD,NY.GDP.PCAP.CD,1983,2554.59482699534
WLD,NY.GDP.PCAP.CD,1982,2547.9240514252
WLD,NY.GDP.PCAP.CD,1981,2622.01342168238
WLD,NY.GDP.PCAP.CD,1980,2580.84574495937
WLD,NY.GDP.PCAP.CD,1979,2329.20448022386
WLD,NY.GDP.PCAP.CD,1978,2049.67972097619
WLD,NY.GDP.PCAP.CD,1977,1762.06116583042
WLD,NY.GDP.PCAP.CD,1976,1586.20808865228
WLD,NY.GDP.PCAP.CD,1975,1485.7304279419
WLD,NY.GDP.PCAP.CD,1974,1359.19595292831
WLD,NY.GDP.PCAP.CD,1973,1198.79202881573
WLD,NY.GDP.PCAP.CD,1972,999.939292970036
WLD,NY.GDP.PCAP.CD,1971,883.27704745992
WLD,NY.GDP.PCAP.CD,1970,816.243922926329
WLD,NY.GDP.PCAP.CD,1969,759.851347244496
WLD,NY.GDP.PCAP.CD,1968,702.357250344395
WLD,NY.GDP.PCAP.CD,1967,663.446920048249
WLD,NY.GDP.PCAP.CD,1966,638.138650082703
WLD,NY.GDP.PCAP.CD,1965,601.155818711732
WLD,NY.GDP.PCAP.CD,1964,563.176772281603
WLD,NY.GDP.PCAP.CD,1963,524.598449902349
WLD,NY.GDP.PCAP.CD,1962,495.578743305208
WLD,NY.GDP.PCAP.CD,1961,471.458659222586
WLD,NY.GDP.PCAP.CD,1960,452.253084186565
AFG,NY.GDP.PCAP.CD,2025,
AFG,NY.GDP.PCAP.CD,2024,
AFG,NY.GDP.PCAP.CD,2023,413.757894705303
AFG,NY.GDP.PCAP.CD,2022,357.261152798144
AFG,NY.GDP.PCAP.CD,2021,356.496214115892
AFG,NY.GDP.PCAP.CD,2020,510.787063366811
AFG,NY.GDP.PCAP.CD,2019,496.6025042585
AFG,NY.GDP.PCAP.CD,2018,491.337221382603
AFG,NY.GDP.PCAP.CD,2017,525.469770891619
AFG,NY.GDP.PCAP.CD,2016,522.082215583898
AFG,NY.GDP.PCAP.CD,2015,565.569730408751
AFG,NY.GDP.PCAP.CD,2014,625.054941813938
AFG,NY.GDP.PCAP.CD,2013,637.087099117099
AFG,NY.GDP.PCAP.CD,2012,651.417134470046
AFG,NY.GDP.PCAP.CD,2011,606.694676337726
AFG,NY.GDP.PCAP.CD,2010,560.621505463146
AFG,NY.GDP.PCAP.CD,2009,452.053705477043
AFG,NY.GDP.PCAP.CD,2008,381.73323802844
AFG,NY.GDP.PCAP.CD,2007,376.223152003876
AFG,NY.GDP.PCAP.CD,2006,274.218553561575
AFG,NY.GDP.PCAP.CD,2005,254.184249149336
AFG,NY.GDP.PCAP.CD,2004,221.763653873013
AFG,NY.GDP.PCAP.CD,2003,198.871115728727
AFG,NY.GDP.PCAP.CD,2002,178.954088379235
AFG,NY.GDP.PCAP.CD,2001,138.706821676113
AFG,NY.GDP.PCAP.CD,2000,174.930991430166
AFG,NY.GDP.PCAP.CD,1999,
AFG,NY.GDP.PCAP.CD,1998,
AFG,NY.GDP.PCAP.CD,1997,
AFG,NY.GDP.PCAP.CD,1996,
AFG,NY.GDP.PCAP.CD,1995,
AFG,NY.GDP.PCAP.CD,1994,
AFG,NY.GDP.PCAP.CD,1993,
AFG,NY.GDP.PCAP.CD,1992,
AFG,NY.GDP.PCAP.CD,1991,
AFG,NY.GDP.PCAP.CD,1990,
AFG,NY.GDP.PCAP.CD,1989,
AFG,NY.GDP.PCAP.CD,1988,
AFG,NY.GDP.PCAP.CD,1987,
AFG,NY.GDP.PCAP.CD,1986,
AFG,NY.GDP.PCAP.CD,1985,
AFG,NY.GDP.PCAP.CD,1984,
AFG,NY.GDP.PCAP.CD,1983,
AFG,NY.GDP.PCAP.CD,1982,
AFG,NY.GDP.PCAP.CD,1981,
AFG,NY.GDP.PCAP.CD,1980,
AFG,NY.GDP.PCAP.CD,1979,
AFG,NY.GDP.PCAP.CD,1978,
AFG,NY.GDP.PCAP.CD,1977,
AFG,NY.GDP.PCAP.CD,1976,
AFG,NY.GDP.PCAP.CD,1975,
AFG,NY.GDP.PCAP.CD,1974,
AFG,NY.GDP.PCAP.CD,1973,
AFG,NY.GDP.PCAP.CD,1972,
AFG,NY.GDP.PCAP.CD,1971,
AFG,NY.GDP.PCAP.CD,1970,
AFG,NY.GDP.PCAP.CD,1969,
AFG,NY.GDP.PCAP.CD,1968,
AFG,NY.GDP.PCAP.CD,1967,
AFG,NY.GDP.PCAP.CD,1966,
AFG,NY.GDP.PCAP.CD,1965,
AFG,NY.GDP.PCAP.CD,1964,
AFG,NY.GDP.PCAP.CD,1963,
AFG,NY.GDP.PCAP.CD,1962,
AFG,NY.GDP.PCAP.CD,1961,
AFG,NY.GDP.PCAP.CD,1960,
ALB,NY.GDP.PCAP.CD,2025,
ALB,NY.GDP.PCAP.CD,2024,11377.7757431099
ALB,NY.GDP.PCAP.CD,2023,9730.86921906893
ALB,NY.GDP.PCAP.CD,2022,7756.96188744253
ALB,NY.GDP.PCAP.CD,2021,7242.45513146613
ALB,NY.GDP.PCAP.CD,2020,6027.91350716348
ALB,NY.GDP.PCAP.CD,2019,6069.43903131027
ALB,NY.GDP.PCAP.CD,2018,5897.65452588774
ALB,NY.GDP.PCAP.CD,2017,5006.36012951959
ALB,NY.GDP.PCAP.CD,2016,4457.63412207495
ALB,NY.GDP.PCAP.CD,2015,4199.53912925398
ALB,NY.GDP.PCAP.CD,2014,4793.59751131525
ALB,NY.GDP.PCAP.CD,2013,4542.92903556739
ALB,NY.GDP.PCAP.CD,2012,4280.93316338873
ALB,NY.GDP.PCAP.CD,2011,4465.70914328865
ALB,NY.GDP.PCAP.CD,2010,4149.14469936847
ALB,NY.GDP.PCAP.CD,2009,4213.65007574693
ALB,NY.GDP.PCAP.CD,2008,4498.50486763601
ALB,NY.GDP.PCAP.CD,2007,3743.05529896187
ALB,NY.GDP.PCAP.CD,2006,3057.77257038113
ALB,NY.GDP.PCAP.CD,2005,2741.72136549578
ALB,NY.GDP.PCAP.CD,2004,2446.90949947798
ALB,NY.GDP.PCAP.CD,2003,1908.69900687608
ALB,NY.GDP.PCAP.CD,2002,1479.83884572006
ALB,NY.GDP.PCAP.CD,2001,1326.41652388077
ALB,NY.GDP.PCAP.CD,2000,1160.42047054038
ALB,NY.GDP.PCAP.CD,1999,1056.34481153033
ALB,NY.GDP.PCAP.CD,1998,831.175344077295
ALB,NY.GDP.PCAP.CD,1997,728.545523729675
ALB,NY.GDP.PCAP.CD,1996,1020.97618050188
ALB,NY.GDP.PCAP.CD,1995,911.320465445326
ALB,NY.GDP.PCAP.CD,1994,586.416135130865
ALB,NY.GDP.PCAP.CD,1993,367.279225077581
ALB,NY.GDP.PCAP.CD,1992,200.852219772323
ALB,NY.GDP.PCAP.CD,1991,336.586994504629
ALB,NY.GDP.PCAP.CD,1990,617.230435515505
ALB,NY.GDP.PCAP.CD,1989,697.995596576519
ALB,NY.GDP.PCAP.CD,1988,652.774321396566
ALB,NY.GDP.PCAP.CD,1987,674.793383069492
ALB,NY.GDP.PCAP.CD,1986,693.873474633887
ALB,NY.GDP.PCAP.CD,1985,639.865903755552
ALB,NY.GDP.PCAP.CD,1984,639.484730161417
ALB,NY.GDP.PCAP.CD,1983,661.546782448624
ALB,NY.GDP.PCAP.CD,1982,668.454504242454
ALB,NY.GDP.PCAP.CD,1981,663.2942082544
ALB,NY.GDP.PCAP.CD,1980,590.607738430529
ALB,NY.GDP.PCAP.CD,1979,
ALB,NY.GDP.PCAP.CD,1978,
ALB,NY.GDP.PCAP.CD,1977,
ALB,NY.GDP.PCAP.CD,1976,
ALB,NY.GDP.PCAP.CD,1975,
ALB,NY.GDP.PCAP.CD,1974,
ALB,NY.GDP.PCAP.CD,1973,
ALB,NY.GDP.PCAP.CD,1972,
ALB,NY.GDP.PCAP.CD,1971,
ALB,NY.GDP.PCAP.CD,1970,
ALB,NY.GDP.PCAP.CD,1969,
ALB,NY.GDP.PCAP.CD,1968,
ALB,NY.GDP.PCAP.CD,1967,
ALB,NY.GDP.PCAP.CD,1966,
ALB,NY.GDP.PCAP.CD,1965,
ALB,NY.GDP.PCAP.CD,1964,
ALB,NY.GDP.PCAP.CD,1963,
ALB,NY.GDP.PCAP.CD,1962,
ALB,NY.GDP.PCAP.CD,1961,
ALB,NY.GDP.PCAP.CD,1960,
DZA,NY.GDP.PCAP.CD,2025,
DZA,NY.GDP.PCAP.CD,2024,5752.99076651465
DZA,NY.GDP.PCAP.CD,2023,5370.477235078
DZA,NY.GDP.PCAP.CD,2022,4960.30334332888
DZA,NY.GDP.PCAP.CD,2021,4160.55926736925
DZA,NY.GDP.PCAP.CD,2020,3743.5419522929
DZA,NY.GDP.PCAP.CD,2019,4468.45341883656
DZA,NY.GDP.PCAP.CD,2018,4577.21029180491
DZA,NY.GDP.PCAP.CD,2017,4554.66753957828
DZA,NY.GDP.PCAP.CD,2016,4424.98529027556
DZA,NY.GDP.PCAP.CD,2015,4685.05902729002
DZA,NY.GDP.PCAP.CD,2014,6094.69392314956
DZA,NY.GDP.PCAP.CD,2013,5979.60138960585
DZA,NY.GDP.PCAP.CD,2012,6033.64884689543
DZA,NY.GDP.PCAP.CD,2011,5916.31364364343
DZA,NY.GDP.PCAP.CD,2010,4912.78585503672
DZA,NY.GDP.PCAP.CD,2009,4235.42990456612
DZA,NY.GDP.PCAP.CD,2008,5180.91881514686
DZA,NY.GDP.PCAP.CD,2007,4167.45169937531
DZA,NY.GDP.PCAP.CD,2006,3660.66104745322
DZA,NY.GDP.PCAP.CD,2005,3233.13339634212
DZA,NY.GDP.PCAP.CD,2004,2816.99384960555
DZA,NY.GDP.PCAP.CD,2003,2283.77299346126
DZA,NY.GDP.PCAP.CD,2002,1937.46411413019
DZA,NY.GDP.PCAP.CD,2001,1896.30020878013
DZA,NY.GDP.PCAP.CD,2000,1772.92869122761
DZA,NY.GDP.PCAP.CD,1999,1596.11822239025
DZA,NY.GDP.PCAP.CD,1998,1603.36623200836
DZA,NY.GDP.PCAP.CD,1997,1628.76100561506
DZA,NY.GDP.PCAP.CD,1996,1616.83198721285
DZA,NY.GDP.PCAP.CD,1995,1466.94806760415
DZA,NY.GDP.PCAP.CD,1994,1525.54061760288
DZA,NY.GDP.PCAP.CD,1993,1831.04800976449
DZA,NY.GDP.PCAP.CD,1992,1802.69300801289
DZA,NY.GDP.PCAP.CD,1991,1759.11201648229
DZA,NY.GDP.PCAP.CD,1990,2445.18332740258
DZA,NY.GDP.PCAP.CD,1989,2247.4602712492
DZA,NY.GDP.PCAP.CD,1988,2450.87242078961
DZA,NY.GDP.PCAP.CD,1987,2847.0776691988
DZA,NY.GDP.PCAP.CD,1986,2800.20270812187
DZA,NY.GDP.PCAP.CD,1985,2632.51711109075
DZA,NY.GDP.PCAP.CD,1984,2524.38071403143
DZA,NY.GDP.PCAP.CD,1983,2373.82511968473
DZA,NY.GDP.PCAP.CD,1982,2274.87800990349
DZA,NY.GDP.PCAP.CD,1981,2307.33434430543
DZA,NY.GDP.PCAP.CD,1980,2275.77971158899
DZA,NY.GDP.PCAP.CD,1979,1843.11929565984
DZA,NY.GDP.PCAP.CD,1978,1505.94222127977
DZA,NY.GDP.PCAP.CD,1977,1232.49418664321
DZA,NY.GDP.PCAP.CD,1976,1080.38620675609
DZA,NY.GDP.PCAP.CD,1975,992.302037378411
DZA,NY.GDP.PCAP.CD,1974,872.889277439184
DZA,NY.GDP.PCAP.CD,1973,589.518126935221
DZA,NY.GDP.PCAP.CD,1972,469.030996510511
DZA,NY.GDP.PCAP.CD,1971,360.111081707845
DZA,NY.GDP.PCAP.CD,1970,352.845766557928
DZA,NY.GDP.PCAP.CD,1969,315.914655734237
DZA,NY.GDP.PCAP.CD,1968,292.436036368561
DZA,NY.GDP.PCAP.CD,1967,261.792442124002
DZA,NY.GDP.PCAP.CD,1966,241.44896961658
DZA,NY.GDP.PCAP.CD,1965,253.622059985778
DZA,NY.GDP.PCAP.CD,1964,238.863801545015
DZA,NY.GDP.PCAP.CD,1963,225.584660210993
DZA,NY.GDP.PCAP.CD,1962,169.60286272133
DZA,NY.GDP.PCAP.CD,1961,209.370672655334
DZA,NY.GDP.PCAP.CD,1960,238.392476666447
ASM,NY.GDP.PCAP.CD,2025,
ASM,NY.GDP.PCAP.CD,2024,
ASM,NY.GDP.PCAP.CD,2023,
ASM,NY.GDP.PCAP.CD,2022,18017.4589383973
ASM,NY.GDP.PCAP.CD,2021,15236.1604875571
ASM,NY.GDP.PCAP.CD,2020,14489.2586563775
ASM,NY.GDP.PCAP.CD,2019,12886.1359517218
ASM,NY.GDP.PCAP.CD,2018,12552.0546868861
ASM,NY.GDP.PCAP.CD,2017,11863.6839452565
ASM,NY.GDP.PCAP.CD,2016,12843.3342903627
ASM,NY.GDP.PCAP.CD,2015,12727.4102651386
ASM,NY.GDP.PCAP.CD,2014,12026.3344929488
ASM,NY.GDP.PCAP.CD,2013,11813.5022034589
ASM,NY.GDP.PCAP.CD,2012,11745.4899153958
ASM,NY.GDP.PCAP.CD,2011,10383.459331451
ASM,NY.GDP.PCAP.CD,2010,10375.1720141957
ASM,NY.GDP.PCAP.CD,2009,12156.0293905777
ASM,NY.GDP.PCAP.CD,2008,10030.8089130902
ASM,NY.GDP.PCAP.CD,2007,9231.37240924563
ASM,NY.GDP.PCAP.CD,2006,8745.16621137404
ASM,NY.GDP.PCAP.CD,2005,8831.26975996609
ASM,NY.GDP.PCAP.CD,2004,8958.42866697173
ASM,NY.GDP.PCAP.CD,2003,9197.66196836987
ASM,NY.GDP.PCAP.CD,2002,8972.69636535698
ASM,NY.GDP.PCAP.CD,2001,
ASM,NY.GDP.PCAP.CD,2000,
ASM,NY.GDP.PCAP.CD,1999,
ASM,NY.GDP.PCAP.CD,1998,
ASM,NY.GDP.PCAP.CD,1997,
ASM,NY.GDP.PCAP.CD,1996,
ASM,NY.GDP.PCAP.CD,1995,
ASM,NY.GDP.PCAP.CD,1994,
ASM,NY.GDP.PCAP.CD,1993,
ASM,NY.GDP.PCAP.CD,1992,
ASM,NY.GDP.PCAP.CD,1991,
ASM,NY.GDP.PCAP.CD,1990,
ASM,NY.GDP.PCAP.CD,1989,
ASM,NY.GDP.PCAP.CD,1988,
ASM,NY.GDP.PCAP.CD,1987,
ASM,NY.GDP.PCAP.CD,1986,
ASM,NY.GDP.PCAP.CD,1985,
ASM,NY.GDP.PCAP.CD,1984,
ASM,NY.GDP.PCAP.CD,1983,
ASM,NY.GDP.PCAP.CD,1982,
ASM,NY.GDP.PCAP.CD,1981,
ASM,NY.GDP.PCAP.CD,1980,
ASM,NY.GDP.PCAP.CD,1979,
ASM,NY.GDP.PCAP.CD,1978,
ASM,NY.GDP.PCAP.CD,1977,
ASM,NY.GDP.PCAP.CD,1976,
ASM,NY.GDP.PCAP.CD,1975,
ASM,NY.GDP.PCAP.CD,1974,
ASM,NY.GDP.PCAP.CD,1973,
ASM,NY.GDP.PCAP.CD,1972,
ASM,NY.GDP.PCAP.CD,1971,
ASM,NY.GDP.PCAP.CD,1970,
ASM,NY.GDP.PCAP.CD,1969,
ASM,NY.GDP.PCAP.CD,1968,
ASM,NY.GDP.PCAP.CD,1967,
ASM,NY.GDP.PCAP.CD,1966,
ASM,NY.GDP.PCAP.CD,1965,
ASM,NY.GDP.PCAP.CD,1964,
ASM,NY.GDP.PCAP.CD,1963,
ASM,NY.GDP.PCAP.CD,1962,
ASM,NY.GDP.PCAP.CD,1961,
ASM,NY.GDP.PCAP.CD,1960,
AND,NY.GDP.PCAP.CD,2025,
AND,NY.GDP.PCAP.CD,2024,49303.6491674336
AND,NY.GDP.PCAP.CD,2023,46812.4261013102
AND,NY.GDP.PCAP.CD,2022,42414.0479861228
AND,NY.GDP.PCAP.CD,2021,42425.7066454357
AND,NY.GDP.PCAP.CD,2020,37361.1070081615
AND,NY.GDP.PCAP.CD,2019,41257.816459345
AND,NY.GDP.PCAP.CD,2018,42819.7577456133
AND,NY.GDP.PCAP.CD,2017,40672.9717424447
AND,NY.GDP.PCAP.CD,2016,40129.8385811474
AND,NY.GDP.PCAP.CD,2015,38654.95287916
AND,NY.GDP.PCAP.CD,2014,44369.6712976777
AND,NY.GDP.PCAP.CD,2013,42470.3230369366
AND,NY.GDP.PCAP.CD,2012,41500.5499988288
AND,NY.GDP.PCAP.CD,2011,46657.1495384811
AND,NY.GDP.PCAP.CD,2010,42746.830391567
AND,NY.GDP.PCAP.CD,2009,43975.0000888133
AND,NY.GDP.PCAP.CD,2008,49132.4925840057
AND,NY.GDP.PCAP.CD,2007,48336.2548304926
AND,NY.GDP.PCAP.CD,2006,43467.1963063068
AND,NY.GDP.PCAP.CD,2005,40829.8116399538
AND,NY.GDP.PCAP.CD,2004,39021.1107100919
AND,NY.GDP.PCAP.CD,2003,34063.575598394
AND,NY.GDP.PCAP.CD,2002,26528.1300628236
AND,NY.GDP.PCAP.CD,2001,23511.2969500881
AND,NY.GDP.PCAP.CD,2000,21810.2503808666
AND,NY.GDP.PCAP.CD,1999,18875.2883698571
AND,NY.GDP.PCAP.CD,1998,18536.5084282698
AND,NY.GDP.PCAP.CD,1997,18247.9995651361
AND,NY.GDP.PCAP.CD,1996,19130.1597151312
AND,NY.GDP.PCAP.CD,1995,18443.2545197741
AND,NY.GDP.PCAP.CD,1994,15748.5307503373
AND,NY.GDP.PCAP.CD,1993,15916.8395162087
AND,NY.GDP.PCAP.CD,1992,20099.5352208543
AND,NY.GDP.PCAP.CD,1991,19533.2620668023
AND,NY.GDP.PCAP.CD,1990,19563.6574722488
AND,NY.GDP.PCAP.CD,1989,15714.9265516576
AND,NY.GDP.PCAP.CD,1988,14599.0355178798
AND,NY.GDP.PCAP.CD,1987,12828.1519430152
AND,NY.GDP.PCAP.CD,1986,10539.1177869653
AND,NY.GDP.PCAP.CD,1985,7911.98436223964
AND,NY.GDP.PCAP.CD,1984,7808.13002713549
AND,NY.GDP.PCAP.CD,1983,8082.09152017435
AND,NY.GDP.PCAP.CD,1982,9697.52201994133
AND,NY.GDP.PCAP.CD,1981,10465.2604643624
AND,NY.GDP.PCAP.CD,1980,12474.9252919904
AND,NY.GDP.PCAP.CD,1979,11996.4072860354
AND,NY.GDP.PCAP.CD,1978,9409.50851272793
AND,NY.GDP.PCAP.CD,1977,8167.92286159334
AND,NY.GDP.PCAP.CD,1976,7721.28858646797
AND,NY.GDP.PCAP.CD,1975,7925.41577090452
AND,NY.GDP.PCAP.CD,1974,7139.5745119838
AND,NY.GDP.PCAP.CD,1973,6151.02717030722
AND,NY.GDP.PCAP.CD,1972,4940.29696239207
AND,NY.GDP.PCAP.CD,1971,4169.69537103885
AND,NY.GDP.PCAP.CD,1970,3935.41127779609
AND,NY.GDP.PCAP.CD,1969,
AND,NY.GDP.PCAP.CD,1968,
AND,NY.GDP.PCAP.CD,1967,
AND,NY.GDP.PCAP.CD,1966,
AND,NY.GDP.PCAP.CD,1965,
AND,NY.GDP.PCAP.CD,1964,
AND,NY.GDP.PCAP.CD,1963,
AND,NY.GDP.PCAP.CD,1962,
AND,NY.GDP.PCAP.CD,1961,
AND,NY.GDP.PCAP.CD,1960,
AGO,NY.GDP.PCAP.CD,2025,
AGO,NY.GDP.PCAP.CD,2024,2665.87444776753
AGO,NY.GDP.PCAP.CD,2023,2916.13663284275
AGO,NY.GDP.PCAP.CD,2022,3682.1131513698
AGO,NY.GDP.PCAP.CD,2021,2303.90812662776
AGO,NY.GDP.PCAP.CD,2020,1759.35619918264
AGO,NY.GDP.PCAP.CD,2019,2493.67884440177
AGO,NY.GDP.PCAP.CD,2018,2860.0936483682
AGO,NY.GDP.PCAP.CD,2017,2790.71886869768
AGO,NY.GDP.PCAP.CD,2016,2051.81462126253
AGO,NY.GDP.PCAP.CD,2015,3641.72893919944
AGO,NY.GDP.PCAP.CD,2014,5649.68762469139
AGO,NY.GDP.PCAP.CD,2013,5688.57916215215
AGO,NY.GDP.PCAP.CD,2012,5702.45306277434
AGO,NY.GDP.PCAP.CD,2011,5184.15269149912
AGO,NY.GDP.PCAP.CD,2010,4101.63715566712
AGO,NY.GDP.PCAP.CD,2009,3645.14846562976
AGO,NY.GDP.PCAP.CD,2008,4578.15526451517
AGO,NY.GDP.PCAP.CD,2007,3515.05678986535
AGO,NY.GDP.PCAP.CD,2006,2930.4442860732
AGO,NY.GDP.PCAP.CD,2005,2145.88621096327
AGO,NY.GDP.PCAP.CD,2004,1451.47117872493
AGO,NY.GDP.PCAP.CD,2003,1133.66331960607
AGO,NY.GDP.PCAP.CD,2002,999.065855913758
AGO,NY.GDP.PCAP.CD,2001,533.586202412447
AGO,NY.GDP.PCAP.CD,2000,563.733795571487
AGO,NY.GDP.PCAP.CD,1999,392.725539027496
AGO,NY.GDP.PCAP.CD,1998,429.188126933192
AGO,NY.GDP.PCAP.CD,1997,521.70291489053
AGO,NY.GDP.PCAP.CD,1996,531.115366543271
AGO,NY.GDP.PCAP.CD,1995,404.29481849612
AGO,NY.GDP.PCAP.CD,1994,334.973590276074
AGO,NY.GDP.PCAP.CD,1993,449.727894936295
AGO,NY.GDP.PCAP.CD,1992,668.706017459877
AGO,NY.GDP.PCAP.CD,1991,881.919488130062
AGO,NY.GDP.PCAP.CD,1990,965.866840464665
AGO,NY.GDP.PCAP.CD,1989,907.747893072936
AGO,NY.GDP.PCAP.CD,1988,807.43962838624
AGO,NY.GDP.PCAP.CD,1987,770.10114008645
AGO,NY.GDP.PCAP.CD,1986,697.526602399253
AGO,NY.GDP.PCAP.CD,1985,772.468832586265
AGO,NY.GDP.PCAP.CD,1984,650.491094413218
AGO,NY.GDP.PCAP.CD,1983,636.83281102292
AGO,NY.GDP.PCAP.CD,1982,634.221467312782
AGO,NY.GDP.PCAP.CD,1981,657.982648547398
AGO,NY.GDP.PCAP.CD,1980,729.111965489822
AGO,NY.GDP.PCAP.CD,1979,
AGO,NY.GDP.PCAP.CD,1978,
AGO,NY.GDP.PCAP.CD,1977,
AGO,NY.GDP.PCAP.CD,1976,
AGO,NY.GDP.PCAP.CD,1975,
AGO,NY.GDP.PCAP.CD,1974,
AGO,NY.GDP.PCAP.CD,1973,
AGO,NY.GDP.PCAP.CD,1972,
AGO,NY.GDP.PCAP.CD,1971,
AGO,NY.GDP.PCAP.CD,1970,
AGO,NY.GDP.PCAP.CD,1969,
AGO,NY.GDP.PCAP.CD,1968,
AGO,NY.GDP.PCAP.CD,1967,
AGO,NY.GDP.PCAP.CD,1966,
AGO,NY.GDP.PCAP.CD,1965,
AGO,NY.GDP.PCAP.CD,1964,
AGO,NY.GDP.PCAP.CD,1963,
AGO,NY.GDP.PCAP.CD,1962,
AGO,NY.GDP.PCAP.CD,1961,
AGO,NY.GDP.PCAP.CD,1960,
ATG,NY.GDP.PCAP.CD,2025,
ATG,NY.GDP.PCAP.CD,2024,23542.4526945578
ATG,NY.GDP.PCAP.CD,2023,21494.5474000727
ATG,NY.GDP.PCAP.CD,2022,20105.1989085164
ATG,NY.GDP.PCAP.CD,2021,17348.6006987182
ATG,NY.GDP.PCAP.CD,2020,15369.6082250401
ATG,NY.GDP.PCAP.CD,2019,18896.3721832248
ATG,NY.GDP.PCAP.CD,2018,18273.4270684912
ATG,NY.GDP.PCAP.CD,2017,16965.7288273816
ATG,NY.GDP.PCAP.CD,2016,16556.8551801588
ATG,NY.GDP.PCAP.CD,2015,16077.6340769406
ATG,NY.GDP.PCAP.CD,2014,15532.1062063584
ATG,NY.GDP.PCAP.CD,2013,15051.5113587425
ATG,NY.GDP.PCAP.CD,2012,15639.8078114787
ATG,NY.GDP.PCAP.CD,2011,14911.7275084471
ATG,NY.GDP.PCAP.CD,2010,15217.3950790922
ATG,NY.GDP.PCAP.CD,2009,16472.2478528568
ATG,NY.GDP.PCAP.CD,2008,18786.6743142216
ATG,NY.GDP.PCAP.CD,2007,18204.5124043068
ATG,NY.GDP.PCAP.CD,2006,16173.8136329968
ATG,NY.GDP.PCAP.CD,2005,14368.5708796058
ATG,NY.GDP.PCAP.CD,2004,13037.8895772257
ATG,NY.GDP.PCAP.CD,2003,12173.2319860305
ATG,NY.GDP.PCAP.CD,2002,11658.6949915956
ATG,NY.GDP.PCAP.CD,2001,11539.1825063308
ATG,NY.GDP.PCAP.CD,2000,12027.4949768222
ATG,NY.GDP.PCAP.CD,1999,11342.3349230913
ATG,NY.GDP.PCAP.CD,1998,10906.8785406961
ATG,NY.GDP.PCAP.CD,1997,10336.2591617838
ATG,NY.GDP.PCAP.CD,1996,9756.08717951992
ATG,NY.GDP.PCAP.CD,1995,9034.47552907143
ATG,NY.GDP.PCAP.CD,1994,9351.48753768505
ATG,NY.GDP.PCAP.CD,1993,8624.62016806628
ATG,NY.GDP.PCAP.CD,1992,8153.73786307269
ATG,NY.GDP.PCAP.CD,1991,7956.47430919648
ATG,NY.GDP.PCAP.CD,1990,7590.75442423046
ATG,NY.GDP.PCAP.CD,1989,7187.90484128028
ATG,NY.GDP.PCAP.CD,1988,6466.15683473424
ATG,NY.GDP.PCAP.CD,1987,5424.36847756962
ATG,NY.GDP.PCAP.CD,1986,4629.45676400154
ATG,NY.GDP.PCAP.CD,1985,3814.3142290779
ATG,NY.GDP.PCAP.CD,1984,3270.7810304062
ATG,NY.GDP.PCAP.CD,1983,2846.99335735773
ATG,NY.GDP.PCAP.CD,1982,2569.18182363887
ATG,NY.GDP.PCAP.CD,1981,2310.19699820442
ATG,NY.GDP.PCAP.CD,1980,2053.10327921275
ATG,NY.GDP.PCAP.CD,1979,1705.14199048287
ATG,NY.GDP.PCAP.CD,1978,1374.82027453607
ATG,NY.GDP.PCAP.CD,1977,1213.67021714646
ATG,NY.GDP.PCAP.CD,1976,
ATG,NY.GDP.PCAP.CD,1975,
ATG,NY.GDP.PCAP.CD,1974,
ATG,NY.GDP.PCAP.CD,1973,
ATG,NY.GDP.PCAP.CD,1972,
ATG,NY.GDP.PCAP.CD,1971,
ATG,NY.GDP.PCAP.CD,1970,
ATG,NY.GDP.PCAP.CD,1969,
ATG,NY.GDP.PCAP.CD,1968,
ATG,NY.GDP.PCAP.CD,1967,
ATG,NY.GDP.PCAP.CD,1966,
ATG,NY.GDP.PCAP.CD,1965,
ATG,NY.GDP.PCAP.CD,1964,
ATG,NY.GDP.PCAP.CD,1963,
ATG,NY.GDP.PCAP.CD,1962,
ATG,NY.GDP.PCAP.CD,1961,
ATG,NY.GDP.PCAP.CD,1960,
ARG,NY.GDP.PCAP.CD,2025,
ARG,NY.GDP.PCAP.CD,2024,13969.7836603737
ARG,NY.GDP.PCAP.CD,2023,14261.8465667948
ARG,NY.GDP.PCAP.CD,2022,13962.1894087223
ARG,NY.GDP.PCAP.CD,2021,10738.0179223384
ARG,NY.GDP.PCAP.CD,2020,8535.59938004389
ARG,NY.GDP.PCAP.CD,2019,9955.97478680428
ARG,NY.GDP.PCAP.CD,2018,11752.7998922979
ARG,NY.GDP.PCAP.CD,2017,14532.5009308511
ARG,NY.GDP.PCAP.CD,2016,12699.9623137756
ARG,NY.GDP.PCAP.CD,2015,13679.6264980954
ARG,NY.GDP.PCAP.CD,2014,12233.1444119186
ARG,NY.GDP.PCAP.CD,2013,12963.675773326
ARG,NY.GDP.PCAP.CD,2012,12949.717486654
ARG,NY.GDP.PCAP.CD,2011,12704.2831819684
ARG,NY.GDP.PCAP.CD,2010,10260.1313108254
ARG,NY.GDP.PCAP.CD,2009,8150.23527028221
ARG,NY.GDP.PCAP.CD,2008,8944.1102657357
ARG,NY.GDP.PCAP.CD,2007,7185.25155147027
ARG,NY.GDP.PCAP.CD,2006,5869.38028970204
ARG,NY.GDP.PCAP.CD,2005,5067.65342293276
ARG,NY.GDP.PCAP.CD,2004,4242.02099089422
ARG,NY.GDP.PCAP.CD,2003,3320.47775133903
ARG,NY.GDP.PCAP.CD,2002,2569.69963519124
ARG,NY.GDP.PCAP.CD,2001,7141.47507662826
ARG,NY.GDP.PCAP.CD,2000,7637.01489203628
ARG,NY.GDP.PCAP.CD,1999,7705.54288252851
ARG,NY.GDP.PCAP.CD,1998,8218.99212764682
ARG,NY.GDP.PCAP.CD,1997,8146.78710021431
ARG,NY.GDP.PCAP.CD,1996,7663.21271287469
ARG,NY.GDP.PCAP.CD,1995,7357.6162773788
ARG,NY.GDP.PCAP.CD,1994,7437.56242327594
ARG,NY.GDP.PCAP.CD,1993,6931.85596375876
ARG,NY.GDP.PCAP.CD,1992,6789.99611136495
ARG,NY.GDP.PCAP.CD,1991,5709.24784079504
ARG,NY.GDP.PCAP.CD,1990,4315.33403111588
ARG,NY.GDP.PCAP.CD,1989,2374.57321551641
ARG,NY.GDP.PCAP.CD,1988,3992.70330179156
ARG,NY.GDP.PCAP.CD,1987,3477.30131979313
ARG,NY.GDP.PCAP.CD,1986,3436.07819471053
ARG,NY.GDP.PCAP.CD,1985,2905.77565536137
ARG,NY.GDP.PCAP.CD,1984,3915.03492645691
ARG,NY.GDP.PCAP.CD,1983,3537.7473459832
ARG,NY.GDP.PCAP.CD,1982,2914.76708504176
ARG,NY.GDP.PCAP.CD,1981,2764.08641421079
ARG,NY.GDP.PCAP.CD,1980,2747.5022751674
ARG,NY.GDP.PCAP.CD,1979,2511.97332905958
ARG,NY.GDP.PCAP.CD,1978,3282.06304446289
ARG,NY.GDP.PCAP.CD,1977,2126.48546048047
ARG,NY.GDP.PCAP.CD,1976,1946.91990388248
ARG,NY.GDP.PCAP.CD,1975,2026.68435752865
ARG,NY.GDP.PCAP.CD,1974,2844.96990526761
ARG,NY.GDP.PCAP.CD,1973,2097.89945010806
ARG,NY.GDP.PCAP.CD,1972,1409.37097316211
ARG,NY.GDP.PCAP.CD,1971,1372.50746646061
ARG,NY.GDP.PCAP.CD,1970,1322.71454216808
ARG,NY.GDP.PCAP.CD,1969,1329.56181832409
ARG,NY.GDP.PCAP.CD,1968,1141.95211617341
ARG,NY.GDP.PCAP.CD,1967,1063.93283833587
ARG,NY.GDP.PCAP.CD,1966,1275.07843418966
ARG,NY.GDP.PCAP.CD,1965,1281.83337976859
ARG,NY.GDP.PCAP.CD,1964,1176.20086190313
ARG,NY.GDP.PCAP.CD,1963,852.972425139433
ARG,NY.GDP.PCAP.CD,1962,870.217490905403
ARG,NY.GDP.PCAP.CD,1961,971.338043308372
ARG,NY.GDP.PCAP.CD,1960,778.251706763404
ARM,NY.GDP.PCAP.CD,2025,
ARM,NY.GDP.PCAP.CD,2024,8556.21406956719
ARM,NY.GDP.PCAP.CD,2023,8159.08720967996
ARM,NY.GDP.PCAP.CD,2022,6571.97445545099
ARM,NY.GDP.PCAP.CD,2021,4685.17997128509
ARM,NY.GDP.PCAP.CD,2020,4268.68093304583
ARM,NY.GDP.PCAP.CD,2019,4597.22887399548
ARM,NY.GDP.PCAP.CD,2018,4196.00562301769
ARM,NY.GDP.PCAP.CD,2017,3869.05373867752
ARM,NY.GDP.PCAP.CD,2016,3524.42476874707
ARM,NY.GDP.PCAP.CD,2015,3512.39350276709
ARM,NY.GDP.PCAP.CD,2014,3852.11800610384
ARM,NY.GDP.PCAP.CD,2013,3680.16692158886
ARM,NY.GDP.PCAP.CD,2012,3511.56399687426
ARM,NY.GDP.PCAP.CD,2011,3349.55309771906
ARM,NY.GDP.PCAP.CD,2010,3041.34450723339
ARM,NY.GDP.PCAP.CD,2009,2820.5926553347
ARM,NY.GDP.PCAP.CD,2008,3777.66859313767
ARM,NY.GDP.PCAP.CD,2007,2962.70234594569
ARM,NY.GDP.PCAP.CD,2006,2041.65267068997
ARM,NY.GDP.PCAP.CD,2005,1557.48458908655
ARM,NY.GDP.PCAP.CD,2004,1130.08791444158
ARM,NY.GDP.PCAP.CD,2003,882.030167695474
ARM,NY.GDP.PCAP.CD,2002,742.651118319819
ARM,NY.GDP.PCAP.CD,2001,659.588988535629
ARM,NY.GDP.PCAP.CD,2000,593.450581742282
ARM,NY.GDP.PCAP.CD,1999,582.669886150895
ARM,NY.GDP.PCAP.CD,1998,590.239947333459
ARM,NY.GDP.PCAP.CD,1997,505.035887057966
ARM,NY.GDP.PCAP.CD,1996,487.068624404558
ARM,NY.GDP.PCAP.CD,1995,443.924860857976
ARM,NY.GDP.PCAP.CD,1994,390.879964297655
ARM,NY.GDP.PCAP.CD,1993,347.870644720878
ARM,NY.GDP.PCAP.CD,1992,356.350780006933
ARM,NY.GDP.PCAP.CD,1991,572.740260900977
ARM,NY.GDP.PCAP.CD,1990,635.355327502517
ARM,NY.GDP.PCAP.CD,1989,
ARM,NY.GDP.PCAP.CD,1988,
ARM,NY.GDP.PCAP.CD,1987,
ARM,NY.GDP.PCAP.CD,1986,
ARM,NY.GDP.PCAP.CD,1985,
ARM,NY.GDP.PCAP.CD,1984,
ARM,NY.GDP.PCAP.CD,1983,
ARM,NY.GDP.PCAP.CD,1982,
ARM,NY.GDP.PCAP.CD,1981,
ARM,NY.GDP.PCAP.CD,1980,
ARM,NY.GDP.PCAP.CD,1979,
ARM,NY.GDP.PCAP.CD,1978,
ARM,NY.GDP.PCAP.CD,1977,
ARM,NY.GDP.PCAP.CD,1976,
ARM,NY.GDP.PCAP.CD,1975,
ARM,NY.GDP.PCAP.CD,1974,
ARM,NY.GDP.PCAP.CD,1973,
ARM,NY.GDP.PCAP.CD,1972,
ARM,NY.GDP.PCAP.CD,1971,
ARM,NY.GDP.PCAP.CD,1970,
ARM,NY.GDP.PCAP.CD,1969,
ARM,NY.GDP.PCAP.CD,1968,
ARM,NY.GDP.PCAP.CD,1967,
ARM,NY.GDP.PCAP.CD,1966,
ARM,NY.GDP.PCAP.CD,1965,
ARM,NY.GDP.PCAP.CD,1964,
ARM,NY.GDP.PCAP.CD,1963,
ARM,NY.GDP.PCAP.CD,1962,
ARM,NY.GDP.PCAP.CD,1961,
ARM,NY.GDP.PCAP.CD,1960,
ABW,NY.GDP.PCAP.CD,2025,
ABW,NY.GDP.PCAP.CD,2024,39498.5941293797
ABW,NY.GDP.PCAP.CD,2023,35718.7531191634
ABW,NY.GDP.PCAP.CD,2022,30975.9989121779
ABW,NY.GDP.PCAP.CD,2021,26749.3296093118
ABW,NY.GDP.PCAP.CD,2020,22759.8071750722
ABW,NY.GDP.PCAP.CD,2019,30645.8906024548
ABW,NY.GDP.PCAP.CD,2018,30082.1584226798
ABW,NY.GDP.PCAP.CD,2017,28440.0416881491
ABW,NY.GDP.PCAP.CD,2016,27441.5502144601
ABW,NY.GDP.PCAP.CD,2015,27458.2201537506
ABW,NY.GDP.PCAP.CD,2014,26129.8390617693
ABW,NY.GDP.PCAP.CD,2013,25813.5714408438
ABW,NY.GDP.PCAP.CD,2012,25119.6655449838
ABW,NY.GDP.PCAP.CD,2011,25712.3843015186
ABW,NY.GDP.PCAP.CD,2010,24093.1401510626
ABW,NY.GDP.PCAP.CD,2009,25134.7712303589
ABW,NY.GDP.PCAP.CD,2008,28171.9094008501
ABW,NY.GDP.PCAP.CD,2007,26736.3089444046
ABW,NY.GDP.PCAP.CD,2006,24845.65848362
ABW,NY.GDP.PCAP.CD,2005,24171.8371325422
ABW,NY.GDP.PCAP.CD,2004,23700.6319899197
ABW,NY.GDP.PCAP.CD,2003,21949.4859960868
ABW,NY.GDP.PCAP.CD,2002,21307.2482505267
ABW,NY.GDP.PCAP.CD,2001,20740.1325828172
ABW,NY.GDP.PCAP.CD,2000,20681.0230269625
ABW,NY.GDP.PCAP.CD,1999,19216.1972354472
ABW,NY.GDP.PCAP.CD,1998,18828.0870594071
ABW,NY.GDP.PCAP.CD,1997,17750.0095644198
ABW,NY.GDP.PCAP.CD,1996,16620.9545555513
ABW,NY.GDP.PCAP.CD,1995,16548.7173868987
ABW,NY.GDP.PCAP.CD,1994,16055.2877874337
ABW,NY.GDP.PCAP.CD,1993,14700.9598081521
ABW,NY.GDP.PCAP.CD,1992,13892.6051427736
ABW,NY.GDP.PCAP.CD,1991,13233.9905169683
ABW,NY.GDP.PCAP.CD,1990,12187.5363611898
ABW,NY.GDP.PCAP.CD,1989,11507.2171509849
ABW,NY.GDP.PCAP.CD,1988,10056.2613927414
ABW,NY.GDP.PCAP.CD,1987,8244.04566011433
ABW,NY.GDP.PCAP.CD,1986,6767.55922942669
ABW,NY.GDP.PCAP.CD,1985,
ABW,NY.GDP.PCAP.CD,1984,
ABW,NY.GDP.PCAP.CD,1983,
ABW,NY.GDP.PCAP.CD,1982,
ABW,NY.GDP.PCAP.CD,1981,
ABW,NY.GDP.PCAP.CD,1980,
ABW,NY.GDP.PCAP.CD,1979,
ABW,NY.GDP.PCAP.CD,1978,
ABW,NY.GDP.PCAP.CD,1977,
ABW,NY.GDP.PCAP.CD,1976,
ABW,NY.GDP.PCAP.CD,1975,
ABW,NY.GDP.PCAP.CD,1974,
ABW,NY.GDP.PCAP.CD,1973,
ABW,NY.GDP.PCAP.CD,1972,
ABW,NY.GDP.PCAP.CD,1971,
ABW,NY.GDP.PCAP.CD,1970,
ABW,NY.GDP.PCAP.CD,1969,
ABW,NY.GDP.PCAP.CD,1968,
ABW,NY.GDP.PCAP.CD,1967,
ABW,NY.GDP.PCAP.CD,1966,
ABW,NY.GDP.PCAP.CD,1965,
ABW,NY.GDP.PCAP.CD,1964,
ABW,NY.GDP.PCAP.CD,1963,
ABW,NY.GDP.PCAP.CD,1962,
ABW,NY.GDP.PCAP.CD,1961,
ABW,NY.GDP.PCAP.CD,1960,
AUS,NY.GDP.PCAP.CD,2025,
AUS,NY.GDP.PCAP.CD,2024,64603.9856308464
AUS,NY.GDP.PCAP.CD,2023,65058.3773146674
AUS,NY.GDP.PCAP.CD,2022,65169.5191118657
AUS,NY.GDP.PCAP.CD,2021,60758.9044397144
AUS,NY.GDP.PCAP.CD,2020,51983.4523666382
AUS,NY.GDP.PCAP.CD,2019,55194.7585097428
AUS,NY.GDP.PCAP.CD,2018,57410.1737346009
AUS,NY.GDP.PCAP.CD,2017,54117.547718609
AUS,NY.GDP.PCAP.CD,2016,50084.4440606385
AUS,NY.GDP.PCAP.CD,2015,56970.3613028094
AUS,NY.GDP.PCAP.CD,2014,62817.2061751737
AUS,NY.GDP.PCAP.CD,2013,68476.6788496118
AUS,NY.GDP.PCAP.CD,2012,68301.4402512587
AUS,NY.GDP.PCAP.CD,2011,62799.3895017032
AUS,NY.GDP.PCAP.CD,2010,52313.8939041213
AUS,NY.GDP.PCAP.CD,2009,42954.8494884573
AUS,NY.GDP.PCAP.CD,2008,49811.2067218988
AUS,NY.GDP.PCAP.CD,2007,41128.2476618402
AUS,NY.GDP.PCAP.CD,2006,36658.8243476122
AUS,NY.GDP.PCAP.CD,2005,34535.20727091
AUS,NY.GDP.PCAP.CD,2004,30886.0500949401
AUS,NY.GDP.PCAP.CD,2003,23757.5898471684
AUS,NY.GDP.PCAP.CD,2002,20335.0960191023
AUS,NY.GDP.PCAP.CD,2001,19733.6510102645
AUS,NY.GDP.PCAP.CD,2000,21908.9968019784
AUS,NY.GDP.PCAP.CD,1999,20749.6443779096
AUS,NY.GDP.PCAP.CD,1998,21516.0403147759
AUS,NY.GDP.PCAP.CD,1997,23683.4948964934
AUS,NY.GDP.PCAP.CD,1996,22055.838490507
AUS,NY.GDP.PCAP.CD,1995,20479.1748274233
AUS,NY.GDP.PCAP.CD,1994,18155.6282000179
AUS,NY.GDP.PCAP.CD,1993,17724.5399501656
AUS,NY.GDP.PCAP.CD,1992,18650.3675476612
AUS,NY.GDP.PCAP.CD,1991,18885.4274465057
AUS,NY.GDP.PCAP.CD,1990,18273.561526468
AUS,NY.GDP.PCAP.CD,1989,17857.5520554588
AUS,NY.GDP.PCAP.CD,1988,14303.093047615
AUS,NY.GDP.PCAP.CD,1987,11665.5298271811
AUS,NY.GDP.PCAP.CD,1986,11406.1093011037
AUS,NY.GDP.PCAP.CD,1985,11455.379711213
AUS,NY.GDP.PCAP.CD,1984,12436.2969052038
AUS,NY.GDP.PCAP.CD,1983,11532.4028055582
AUS,NY.GDP.PCAP.CD,1982,12797.6758959809
AUS,NY.GDP.PCAP.CD,1981,11870.8633077339
AUS,NY.GDP.PCAP.CD,1980,10223.2886675105
AUS,NY.GDP.PCAP.CD,1979,9307.82127950011
AUS,NY.GDP.PCAP.CD,1978,8264.43890373653
AUS,NY.GDP.PCAP.CD,1977,7786.4080406928
AUS,NY.GDP.PCAP.CD,1976,7497.28175413577
AUS,NY.GDP.PCAP.CD,1975,7013.67159761514
AUS,NY.GDP.PCAP.CD,1974,6491.74521621099
AUS,NY.GDP.PCAP.CD,1973,4777.513168995
AUS,NY.GDP.PCAP.CD,1972,3955.22430403017
AUS,NY.GDP.PCAP.CD,1971,3500.33603195606
AUS,NY.GDP.PCAP.CD,1970,3309.76306254362
AUS,NY.GDP.PCAP.CD,1969,2995.86119857452
AUS,NY.GDP.PCAP.CD,1968,2728.23426114901
AUS,NY.GDP.PCAP.CD,1967,2583.9075241973
AUS,NY.GDP.PCAP.CD,1966,2347.37656646515
AUS,NY.GDP.PCAP.CD,1965,2284.35582738664
AUS,NY.GDP.PCAP.CD,1964,2134.48946124608
AUS,NY.GDP.PCAP.CD,1963,1970.17748417817
AUS,NY.GDP.PCAP.CD,1962,1857.56127281956
AUS,NY.GDP.PCAP.CD,1961,1880.48489498232
AUS,NY.GDP.PCAP.CD,1960,1813.43109917039
AUT,NY.GDP.PCAP.CD,2025,
AUT,NY.GDP.PCAP.CD,2024,58268.8787651601
AUT,NY.GDP.PCAP.CD,2023,56579.504175468
AUT,NY.GDP.PCAP.CD,2022,52336.7725223758
AUT,NY.GDP.PCAP.CD,2021,53648.6437976214
AUT,NY.GDP.PCAP.CD,2020,48716.4098900349
AUT,NY.GDP.PCAP.CD,2019,49885.9947355204
AUT,NY.GDP.PCAP.CD,2018,51194.0749841299
AUT,NY.GDP.PCAP.CD,2017,47163.7425775142
AUT,NY.GDP.PCAP.CD,2016,45061.4993920192
AUT,NY.GDP.PCAP.CD,2015,43915.228020857
AUT,NY.GDP.PCAP.CD,2014,51314.9722616322
AUT,NY.GDP.PCAP.CD,2013,50305.3545774973
AUT,NY.GDP.PCAP.CD,2012,48250.4059142637
AUT,NY.GDP.PCAP.CD,2011,51116.8953522042
AUT,NY.GDP.PCAP.CD,2010,46611.1393420232
AUT,NY.GDP.PCAP.CD,2009,47857.4446635266
AUT,NY.GDP.PCAP.CD,2008,51581.3982361071
AUT,NY.GDP.PCAP.CD,2007,46622.9622913635
AUT,NY.GDP.PCAP.CD,2006,40382.2078298575
AUT,NY.GDP.PCAP.CD,2005,38157.37022862
AUT,NY.GDP.PCAP.CD,2004,36614.2506533707
AUT,NY.GDP.PCAP.CD,2003,32110.1159661425
AUT,NY.GDP.PCAP.CD,2002,26334.862215032
AUT,NY.GDP.PCAP.CD,2001,24430.495982841
AUT,NY.GDP.PCAP.CD,2000,24487.2974685956
AUT,NY.GDP.PCAP.CD,1999,27078.7081612201
AUT,NY.GDP.PCAP.CD,1998,27212.4642905708
AUT,NY.GDP.PCAP.CD,1997,26571.7523626508
AUT,NY.GDP.PCAP.CD,1996,29645.9451251491
AUT,NY.GDP.PCAP.CD,1995,30207.0674314652
AUT,NY.GDP.PCAP.CD,1994,25546.2460525087
AUT,NY.GDP.PCAP.CD,1993,23987.2037240657
AUT,NY.GDP.PCAP.CD,1992,24782.7118767063
AUT,NY.GDP.PCAP.CD,1991,22323.1312492943
AUT,NY.GDP.PCAP.CD,1990,21596.068219998
AUT,NY.GDP.PCAP.CD,1989,17400.5226619741
AUT,NY.GDP.PCAP.CD,1988,17509.7658683817
AUT,NY.GDP.PCAP.CD,1987,16328.5613047296
AUT,NY.GDP.PCAP.CD,1986,13031.8281010744
AUT,NY.GDP.PCAP.CD,1985,9136.17092559695
AUT,NY.GDP.PCAP.CD,1984,8955.84829191534
AUT,NY.GDP.PCAP.CD,1983,9500.05070417494
AUT,NY.GDP.PCAP.CD,1982,9373.48820626125
AUT,NY.GDP.PCAP.CD,1981,9348.48832395232
AUT,NY.GDP.PCAP.CD,1980,10826.9718274995
AUT,NY.GDP.PCAP.CD,1979,9755.4044562579
AUT,NY.GDP.PCAP.CD,1978,8173.32926347245
AUT,NY.GDP.PCAP.CD,1977,6783.95142193665
AUT,NY.GDP.PCAP.CD,1976,5656.1451383787
AUT,NY.GDP.PCAP.CD,1975,5264.91772004051
AUT,NY.GDP.PCAP.CD,1974,4612.61920779656
AUT,NY.GDP.PCAP.CD,1973,3875.48305618551
AUT,NY.GDP.PCAP.CD,1972,2912.59577111524
AUT,NY.GDP.PCAP.CD,1971,2371.65247955003
AUT,NY.GDP.PCAP.CD,1970,2050.7051537705
AUT,NY.GDP.PCAP.CD,1969,1834.0780781796
AUT,NY.GDP.PCAP.CD,1968,1685.66211669148
AUT,NY.GDP.PCAP.CD,1967,1577.14147705169
AUT,NY.GDP.PCAP.CD,1966,1494.04911382106
AUT,NY.GDP.PCAP.CD,1965,1381.07725824421
AUT,NY.GDP.PCAP.CD,1964,1275.45715281679
AUT,NY.GDP.PCAP.CD,1963,1172.55744626178
AUT,NY.GDP.PCAP.CD,1962,1093.01419061569
AUT,NY.GDP.PCAP.CD,1961,1036.72820436083
AUT,NY.GDP.PCAP.CD,1960,939.914814681174
AZE,NY.GDP.PCAP.CD,2025,
AZE,NY.GDP.PCAP.CD,2024,7283.8499076179
AZE,NY.GDP.PCAP.CD,2023,7133.02838048328
AZE,NY.GDP.PCAP.CD,2022,7770.594223351
AZE,NY.GDP.PCAP.CD,2021,5408.04535175023
AZE,NY.GDP.PCAP.CD,2020,4229.91064904503
AZE,NY.GDP.PCAP.CD,2019,4805.75371765917
AZE,NY.GDP.PCAP.CD,2018,4739.7943123408
AZE,NY.GDP.PCAP.CD,2017,4147.1981423222
AZE,NY.GDP.PCAP.CD,2016,3880.6852276838
AZE,NY.GDP.PCAP.CD,2015,5500.50364628486
AZE,NY.GDP.PCAP.CD,2014,7890.84028062087
AZE,NY.GDP.PCAP.CD,2013,7875.34536661549
AZE,NY.GDP.PCAP.CD,2012,7495.86527658099
AZE,NY.GDP.PCAP.CD,2011,7189.81869211976
AZE,NY.GDP.PCAP.CD,2010,5843.5337683582
AZE,NY.GDP.PCAP.CD,2009,4950.39949009423
AZE,NY.GDP.PCAP.CD,2008,5574.46810432575
AZE,NY.GDP.PCAP.CD,2007,3851.33015175141
AZE,NY.GDP.PCAP.CD,2006,2472.95725732287
AZE,NY.GDP.PCAP.CD,2005,1578.36733030667
AZE,NY.GDP.PCAP.CD,2004,1045.0136328106
AZE,NY.GDP.PCAP.CD,2003,883.692580745256
AZE,NY.GDP.PCAP.CD,2002,763.108895463487
AZE,NY.GDP.PCAP.CD,2001,703.670998584686
AZE,NY.GDP.PCAP.CD,2000,655.097249579917
AZE,NY.GDP.PCAP.CD,1999,573.893528734031
AZE,NY.GDP.PCAP.CD,1998,561.906807871869
AZE,NY.GDP.PCAP.CD,1997,505.516204188336
AZE,NY.GDP.PCAP.CD,1996,409.185543774103
AZE,NY.GDP.PCAP.CD,1995,314.55801908334
AZE,NY.GDP.PCAP.CD,1994,157.063549947072
AZE,NY.GDP.PCAP.CD,1993,209.530954548425
AZE,NY.GDP.PCAP.CD,1992,60.2351205405972
AZE,NY.GDP.PCAP.CD,1991,734.944232805688
AZE,NY.GDP.PCAP.CD,1990,1238.27189274842
AZE,NY.GDP.PCAP.CD,1989,
AZE,NY.GDP.PCAP.CD,1988,
AZE,NY.GDP.PCAP.CD,1987,
AZE,NY.GDP.PCAP.CD,1986,
AZE,NY.GDP.PCAP.CD,1985,
AZE,NY.GDP.PCAP.CD,1984,
AZE,NY.GDP.PCAP.CD,1983,
AZE,NY.GDP.PCAP.CD,1982,
AZE,NY.GDP.PCAP.CD,1981,
AZE,NY.GDP.PCAP.CD,1980,
AZE,NY.GDP.PCAP.CD,1979,
AZE,NY.GDP.PCAP.CD,1978,
AZE,NY.GDP.PCAP.CD,1977,
AZE,NY.GDP.PCAP.CD,1976,
AZE,NY.GDP.PCAP.CD,1975,
AZE,NY.GDP.PCAP.CD,1974,
AZE,NY.GDP.PCAP.CD,1973,
AZE,NY.GDP.PCAP.CD,1972,
AZE,NY.GDP.PCAP.CD,1971,
AZE,NY.GDP.PCAP.CD,1970,
AZE,NY.GDP.PCAP.CD,1969,
AZE,NY.GDP.PCAP.CD,1968,
AZE,NY.GDP.PCAP.CD,1967,
AZE,NY.GDP.PCAP.CD,1966,
AZE,NY.GDP.PCAP.CD,1965,
AZE,NY.GDP.PCAP.CD,1964,
AZE,NY.GDP.PCAP.CD,1963,
AZE,NY.GDP.PCAP.CD,1962,
AZE,NY.GDP.PCAP.CD,1961,
AZE,NY.GDP.PCAP.CD,1960,
BHS,NY.GDP.PCAP.CD,2025,
BHS,NY.GDP.PCAP.CD,2024,39455.4466548546
BHS,NY.GDP.PCAP.CD,2023,38231.774484278
BHS,NY.GDP.PCAP.CD,2022,34957.1613279737
BHS,NY.GDP.PCAP.CD,2021,30367.8605757708
BHS,NY.GDP.PCAP.CD,2020,26178.7537607708
BHS,NY.GDP.PCAP.CD,2019,33640.3369861278
BHS,NY.GDP.PCAP.CD,2018,32642.3353203452
BHS,NY.GDP.PCAP.CD,2017,31875.4881749619
BHS,NY.GDP.PCAP.CD,2016,30616.5363157284
BHS,NY.GDP.PCAP.CD,2015,30719.405417469
BHS,NY.GDP.PCAP.CD,2014,29137.2175632622
BHS,NY.GDP.PCAP.CD,2013,27642.7419759179
BHS,NY.GDP.PCAP.CD,2012,28552.0242683151
BHS,NY.GDP.PCAP.CD,2011,27090.8376801379
BHS,NY.GDP.PCAP.CD,2010,27473.100430502
BHS,NY.GDP.PCAP.CD,2009,27512.9130950084
BHS,NY.GDP.PCAP.CD,2008,29392.3824416397
BHS,NY.GDP.PCAP.CD,2007,30051.8489587756
BHS,NY.GDP.PCAP.CD,2006,29184.7865087908
BHS,NY.GDP.PCAP.CD,2005,28602.4181869995
BHS,NY.GDP.PCAP.CD,2004,26650.2934234303
BHS,NY.GDP.PCAP.CD,2003,26429.1247787663
BHS,NY.GDP.PCAP.CD,2002,26781.6195938652
BHS,NY.GDP.PCAP.CD,2001,25371.9237667614
BHS,NY.GDP.PCAP.CD,2000,24940.0775086078
BHS,NY.GDP.PCAP.CD,1999,24041.0933188158
BHS,NY.GDP.PCAP.CD,1998,21667.448821694
BHS,NY.GDP.PCAP.CD,1997,20367.5732702056
BHS,NY.GDP.PCAP.CD,1996,11783.797197226
BHS,NY.GDP.PCAP.CD,1995,11374.6056703852
BHS,NY.GDP.PCAP.CD,1994,10991.2346674131
BHS,NY.GDP.PCAP.CD,1993,10613.0658785813
BHS,NY.GDP.PCAP.CD,1992,10873.4047501635
BHS,NY.GDP.PCAP.CD,1991,11082.3528573617
BHS,NY.GDP.PCAP.CD,1990,11473.3008389353
BHS,NY.GDP.PCAP.CD,1989,11291.4764472044
BHS,NY.GDP.PCAP.CD,1988,10575.797153666
BHS,NY.GDP.PCAP.CD,1987,10361.3488079104
BHS,NY.GDP.PCAP.CD,1986,9600.599527833
BHS,NY.GDP.PCAP.CD,1985,9167.14687502469
BHS,NY.GDP.PCAP.CD,1984,8201.70133768379
BHS,NY.GDP.PCAP.CD,1983,7081.38194836084
BHS,NY.GDP.PCAP.CD,1982,6559.46869259478
BHS,NY.GDP.PCAP.CD,1981,6028.80641044063
BHS,NY.GDP.PCAP.CD,1980,5742.58362505698
BHS,NY.GDP.PCAP.CD,1979,4994.08535249529
BHS,NY.GDP.PCAP.CD,1978,3720.04057901064
BHS,NY.GDP.PCAP.CD,1977,3253.37543404956
BHS,NY.GDP.PCAP.CD,1976,2993.45923795227
BHS,NY.GDP.PCAP.CD,1975,2840.58965343091
BHS,NY.GDP.PCAP.CD,1974,3079.74014083821
BHS,NY.GDP.PCAP.CD,1973,3341.2852169669
BHS,NY.GDP.PCAP.CD,1972,3013.95016704496
BHS,NY.GDP.PCAP.CD,1971,3004.34356612542
BHS,NY.GDP.PCAP.CD,1970,2916.49998378221
BHS,NY.GDP.PCAP.CD,1969,3026.72757204421
BHS,NY.GDP.PCAP.CD,1968,2668.01498039262
BHS,NY.GDP.PCAP.CD,1967,2452.74763198925
BHS,NY.GDP.PCAP.CD,1966,2239.23963996539
BHS,NY.GDP.PCAP.CD,1965,2029.52341329301
BHS,NY.GDP.PCAP.CD,1964,1883.44386022276
BHS,NY.GDP.PCAP.CD,1963,1759.23692156911
BHS,NY.GDP.PCAP.CD,1962,1651.21861850222
BHS,NY.GDP.PCAP.CD,1961,1555.04660837439
BHS,NY.GDP.PCAP.CD,1960,1459.25382495907
BHR,NY.GDP.PCAP.CD,2025,
BHR,NY.GDP.PCAP.CD,2024,29653.5682731534
BHR,NY.GDP.PCAP.CD,2023,29290.1284215098
BHR,NY.GDP.PCAP.CD,2022,30470.5219276023
BHR,NY.GDP.PCAP.CD,2021,27147.8083882286
BHR,NY.GDP.PCAP.CD,2020,24342.8444554718
BHR,NY.GDP.PCAP.CD,2019,27259.7438599327
BHR,NY.GDP.PCAP.CD,2018,26324.4066549559
BHR,NY.GDP.PCAP.CD,2017,24784.7693514607
BHR,NY.GDP.PCAP.CD,2016,23800.001440631
BHR,NY.GDP.PCAP.CD,2015,23734.0551143019
BHR,NY.GDP.PCAP.CD,2014,26451.7965647453
BHR,NY.GDP.PCAP.CD,2013,26989.7601148469
BHR,NY.GDP.PCAP.CD,2012,26438.6733230428
BHR,NY.GDP.PCAP.CD,2011,25032.7867743333
BHR,NY.GDP.PCAP.CD,2010,21819.3291098099
BHR,NY.GDP.PCAP.CD,2009,19465.3140745038
BHR,NY.GDP.PCAP.CD,2008,23299.4992780392
BHR,NY.GDP.PCAP.CD,2007,20908.4042548073
BHR,NY.GDP.PCAP.CD,2006,19267.282615072
BHR,NY.GDP.PCAP.CD,2005,17966.1657837625
BHR,NY.GDP.PCAP.CD,2004,15963.9493171617
BHR,NY.GDP.PCAP.CD,2003,14486.0269029822
BHR,NY.GDP.PCAP.CD,2002,13501.4708801425
BHR,NY.GDP.PCAP.CD,2001,13573.2339887597
BHR,NY.GDP.PCAP.CD,2000,14214.4836839343
BHR,NY.GDP.PCAP.CD,1999,12123.3534715368
BHR,NY.GDP.PCAP.CD,1998,11625.0343768343
BHR,NY.GDP.PCAP.CD,1997,12254.6662583128
BHR,NY.GDP.PCAP.CD,1996,12091.7802188235
BHR,NY.GDP.PCAP.CD,1995,11900.9317778335
BHR,NY.GDP.PCAP.CD,1994,11629.3595219612
BHR,NY.GDP.PCAP.CD,1993,11151.871495742
BHR,NY.GDP.PCAP.CD,1992,10460.1583222808
BHR,NY.GDP.PCAP.CD,1991,10434.1323962786
BHR,NY.GDP.PCAP.CD,1990,9342.53891401688
BHR,NY.GDP.PCAP.CD,1989,8833.41134256929
BHR,NY.GDP.PCAP.CD,1988,8771.7853534009
BHR,NY.GDP.PCAP.CD,1987,8332.91425406054
BHR,NY.GDP.PCAP.CD,1986,7776.95657736318
BHR,NY.GDP.PCAP.CD,1985,9648.65643032674
BHR,NY.GDP.PCAP.CD,1984,10696.9331055208
BHR,NY.GDP.PCAP.CD,1983,10598.8427157127
BHR,NY.GDP.PCAP.CD,1982,10712.1529364009
BHR,NY.GDP.PCAP.CD,1981,10556.5091718735
BHR,NY.GDP.PCAP.CD,1980,9732.72587186027
BHR,NY.GDP.PCAP.CD,1979,7890.82982494874
BHR,NY.GDP.PCAP.CD,1978,6925.98893207436
BHR,NY.GDP.PCAP.CD,1977,6358.42084195442
BHR,NY.GDP.PCAP.CD,1976,5310.19132615533
BHR,NY.GDP.PCAP.CD,1975,3880.44047162927
BHR,NY.GDP.PCAP.CD,1974,3873.71629107511
BHR,NY.GDP.PCAP.CD,1973,2981.09253134976
BHR,NY.GDP.PCAP.CD,1972,2205.917004377
BHR,NY.GDP.PCAP.CD,1971,1829.74070543315
BHR,NY.GDP.PCAP.CD,1970,1741.82245407152
BHR,NY.GDP.PCAP.CD,1969,
BHR,NY.GDP.PCAP.CD,1968,
BHR,NY.GDP.PCAP.CD,1967,
BHR,NY.GDP.PCAP.CD,1966,
BHR,NY.GDP.PCAP.CD,1965,
BHR,NY.GDP.PCAP.CD,1964,
BHR,NY.GDP.PCAP.CD,1963,
BHR,NY.GDP.PCAP.CD,1962,
BHR,NY.GDP.PCAP.CD,1961,
BHR,NY.GDP.PCAP.CD,1960,
BGD,NY.GDP.PCAP.CD,2025,
BGD,NY.GDP.PCAP.CD,2024,2593.41611680774
BGD,NY.GDP.PCAP.CD,2023,2551.01773827307
BGD,NY.GDP.PCAP.CD,2022,2716.48592780431
BGD,NY.GDP.PCAP.CD,2021,2482.84917843357
BGD,NY.GDP.PCAP.CD,2020,2248.85078828233
BGD,NY.GDP.PCAP.CD,2019,2129.79896954606
BGD,NY.GDP.PCAP.CD,2018,1965.24372731467
BGD,NY.GDP.PCAP.CD,2017,1811.08221668646
BGD,NY.GDP.PCAP.CD,2016,1649.28380858601
BGD,NY.GDP.PCAP.CD,2015,1224.38647668165
BGD,NY.GDP.PCAP.CD,2014,1094.46199702838
BGD,NY.GDP.PCAP.CD,2013,958.262989798283
BGD,NY.GDP.PCAP.CD,2012,859.680536375497
BGD,NY.GDP.PCAP.CD,2011,837.336944695647
BGD,NY.GDP.PCAP.CD,2010,757.385280361508
BGD,NY.GDP.PCAP.CD,2009,679.211477428056
BGD,NY.GDP.PCAP.CD,2008,613.06204104124
BGD,NY.GDP.PCAP.CD,2007,537.955492792911
BGD,NY.GDP.PCAP.CD,2006,490.388026533289
BGD,NY.GDP.PCAP.CD,2005,480.08585075452
BGD,NY.GDP.PCAP.CD,2004,455.614016909798
BGD,NY.GDP.PCAP.CD,2003,426.74880754362
BGD,NY.GDP.PCAP.CD,2002,393.886422327628
BGD,NY.GDP.PCAP.CD,2001,394.65641001891
BGD,NY.GDP.PCAP.CD,2000,396.670730249751
BGD,NY.GDP.PCAP.CD,1999,388.095684268235
BGD,NY.GDP.PCAP.CD,1998,385.616881752796
BGD,NY.GDP.PCAP.CD,1997,379.284917709635
BGD,NY.GDP.PCAP.CD,1996,371.917937677345
BGD,NY.GDP.PCAP.CD,1995,309.458680823367
BGD,NY.GDP.PCAP.CD,1994,280.603031791216
BGD,NY.GDP.PCAP.CD,1993,280.757274450366
BGD,NY.GDP.PCAP.CD,1992,273.465072520272
BGD,NY.GDP.PCAP.CD,1991,272.064948495878
BGD,NY.GDP.PCAP.CD,1990,283.053737055234
BGD,NY.GDP.PCAP.CD,1989,263.005720827547
BGD,NY.GDP.PCAP.CD,1988,247.901465967332
BGD,NY.GDP.PCAP.CD,1987,231.499584520483
BGD,NY.GDP.PCAP.CD,1986,212.14899385306
BGD,NY.GDP.PCAP.CD,1985,222.22018039634
BGD,NY.GDP.PCAP.CD,1984,193.435020976238
BGD,NY.GDP.PCAP.CD,1983,184.70677287459
BGD,NY.GDP.PCAP.CD,1982,199.595944646851
BGD,NY.GDP.PCAP.CD,1981,224.241392391192
BGD,NY.GDP.PCAP.CD,1980,206.075714312155
BGD,NY.GDP.PCAP.CD,1979,181.130706703135
BGD,NY.GDP.PCAP.CD,1978,158.324255152285
BGD,NY.GDP.PCAP.CD,1977,117.887771379224
BGD,NY.GDP.PCAP.CD,1976,126.693044204437
BGD,NY.GDP.PCAP.CD,1975,249.804254016022
BGD,NY.GDP.PCAP.CD,1974,164.986393602814
BGD,NY.GDP.PCAP.CD,1973,109.691726756912
BGD,NY.GDP.PCAP.CD,1972,87.773765191476
BGD,NY.GDP.PCAP.CD,1971,124.533963099152
BGD,NY.GDP.PCAP.CD,1970,130.218160844955
BGD,NY.GDP.PCAP.CD,1969,125.880311698198
BGD,NY.GDP.PCAP.CD,1968,114.414967470375
BGD,NY.GDP.PCAP.CD,1967,114.209881696109
BGD,NY.GDP.PCAP.CD,1966,104.42205467886
BGD,NY.GDP.PCAP.CD,1965,98.6041470420746
BGD,NY.GDP.PCAP.CD,1964,92.5782977938389
BGD,NY.GDP.PCAP.CD,1963,94.1423742967849
BGD,NY.GDP.PCAP.CD,1962,92.5894211769315
BGD,NY.GDP.PCAP.CD,1961,90.3685786294248
BGD,NY.GDP.PCAP.CD,1960,82.4812774116354
BRB,NY.GDP.PCAP.CD,2025,
BRB,NY.GDP.PCAP.CD,2024,26544.8707282621
BRB,NY.GDP.PCAP.CD,2023,25583.878782727
BRB,NY.GDP.PCAP.CD,2022,24387.0387293761
BRB,NY.GDP.PCAP.CD,2021,21079.6145271791
BRB,NY.GDP.PCAP.CD,2020,19194.4919736739
BRB,NY.GDP.PCAP.CD,2019,21912.1501242857
BRB,NY.GDP.PCAP.CD,2018,21381.2426303209
BRB,NY.GDP.PCAP.CD,2017,20284.5762052461
BRB,NY.GDP.PCAP.CD,2016,20295.5672072046
BRB,NY.GDP.PCAP.CD,2015,20424.2087530019
BRB,NY.GDP.PCAP.CD,2014,20192.7084081797
BRB,NY.GDP.PCAP.CD,2013,20410.2065438568
BRB,NY.GDP.PCAP.CD,2012,20804.1150004694
BRB,NY.GDP.PCAP.CD,2011,20508.1498810382
BRB,NY.GDP.PCAP.CD,2010,20610.5150721363
BRB,NY.GDP.PCAP.CD,2009,16294.9099491834
BRB,NY.GDP.PCAP.CD,2008,17565.6929970592
BRB,NY.GDP.PCAP.CD,2007,17235.4396434785
BRB,NY.GDP.PCAP.CD,2006,15619.6005955511
BRB,NY.GDP.PCAP.CD,2005,14214.4202213572
BRB,NY.GDP.PCAP.CD,2004,12886.3665272467
BRB,NY.GDP.PCAP.CD,2003,12075.9587020649
BRB,NY.GDP.PCAP.CD,2002,11760.4524736133
BRB,NY.GDP.PCAP.CD,2001,11639.5160522054
BRB,NY.GDP.PCAP.CD,2000,11674.6736471764
BRB,NY.GDP.PCAP.CD,1999,11244.3087668392
BRB,NY.GDP.PCAP.CD,1998,10734.3637242884
BRB,NY.GDP.PCAP.CD,1997,9521.57127377123
BRB,NY.GDP.PCAP.CD,1996,9011.77884838722
BRB,NY.GDP.PCAP.CD,1995,8460.47380869104
BRB,NY.GDP.PCAP.CD,1994,8223.16681181719
BRB,NY.GDP.PCAP.CD,1993,7904.70762426389
BRB,NY.GDP.PCAP.CD,1992,7519.20143544898
BRB,NY.GDP.PCAP.CD,1991,7790.26229439159
BRB,NY.GDP.PCAP.CD,1990,7781.40573306125
BRB,NY.GDP.PCAP.CD,1989,7772.55022803365
BRB,NY.GDP.PCAP.CD,1988,7032.65370811416
BRB,NY.GDP.PCAP.CD,1987,6624.59939505809
BRB,NY.GDP.PCAP.CD,1986,6031.35860779383
BRB,NY.GDP.PCAP.CD,1985,5509.8746029115
BRB,NY.GDP.PCAP.CD,1984,5283.57944099441
BRB,NY.GDP.PCAP.CD,1983,4866.35999061756
BRB,NY.GDP.PCAP.CD,1982,4598.7626399513
BRB,NY.GDP.PCAP.CD,1981,4416.71519879857
BRB,NY.GDP.PCAP.CD,1980,4024.58856621204
BRB,NY.GDP.PCAP.CD,1979,2667.90751006045
BRB,NY.GDP.PCAP.CD,1978,2197.89906243719
BRB,NY.GDP.PCAP.CD,1977,1967.59344395667
BRB,NY.GDP.PCAP.CD,1976,1733.64540764741
BRB,NY.GDP.PCAP.CD,1975,1601.18883256516
BRB,NY.GDP.PCAP.CD,1974,1243.35417471937
BRB,NY.GDP.PCAP.CD,1973,1041.72956280824
BRB,NY.GDP.PCAP.CD,1972,856.071973120587
BRB,NY.GDP.PCAP.CD,1971,749.801351020502
BRB,NY.GDP.PCAP.CD,1970,666.475008721385
BRB,NY.GDP.PCAP.CD,1969,566.833205048027
BRB,NY.GDP.PCAP.CD,1968,505.889066146294
BRB,NY.GDP.PCAP.CD,1967,508.128619491284
BRB,NY.GDP.PCAP.CD,1966,462.028452555116
BRB,NY.GDP.PCAP.CD,1965,433.228679761215
BRB,NY.GDP.PCAP.CD,1964,413.625432165232
BRB,NY.GDP.PCAP.CD,1963,420.504389538497
BRB,NY.GDP.PCAP.CD,1962,377.438456365881
BRB,NY.GDP.PCAP.CD,1961,366.135499084709
BRB,NY.GDP.PCAP.CD,1960,346.575456793331
BLR,NY.GDP.PCAP.CD,2025,
BLR,NY.GDP.PCAP.CD,2024,8317.63399913792
BLR,NY.GDP.PCAP.CD,2023,7896.75388295584
BLR,NY.GDP.PCAP.CD,2022,7994.64806074889
BLR,NY.GDP.PCAP.CD,2021,7489.71894713888
BLR,NY.GDP.PCAP.CD,2020,6542.85579976768
BLR,NY.GDP.PCAP.CD,2019,6837.77339645635
BLR,NY.GDP.PCAP.CD,2018,6360.037502312
BLR,NY.GDP.PCAP.CD,2017,5785.54491935194
BLR,NY.GDP.PCAP.CD,2016,5039.77560949445
BLR,NY.GDP.PCAP.CD,2015,5967.05595058777
BLR,NY.GDP.PCAP.CD,2014,8341.31809294883
BLR,NY.GDP.PCAP.CD,2013,7998.0802045456
BLR,NY.GDP.PCAP.CD,2012,6953.21591683101
BLR,NY.GDP.PCAP.CD,2011,6527.6593428786
BLR,NY.GDP.PCAP.CD,2010,6034.67885177216
BLR,NY.GDP.PCAP.CD,2009,5352.48809190697
BLR,NY.GDP.PCAP.CD,2008,6376.17569162063
BLR,NY.GDP.PCAP.CD,2007,4735.48107556066
BLR,NY.GDP.PCAP.CD,2006,3848.22350300163
BLR,NY.GDP.PCAP.CD,2005,3126.07176665248
BLR,NY.GDP.PCAP.CD,2004,2378.33700470129
BLR,NY.GDP.PCAP.CD,2003,1819.52653114699
BLR,NY.GDP.PCAP.CD,2002,1479.38066337175
BLR,NY.GDP.PCAP.CD,2001,1244.37318523431
BLR,NY.GDP.PCAP.CD,2000,1276.2880341
BLR,NY.GDP.PCAP.CD,1999,1210.6117195862
BLR,NY.GDP.PCAP.CD,1998,1511.32531567314
BLR,NY.GDP.PCAP.CD,1997,1396.44201900881
BLR,NY.GDP.PCAP.CD,1996,1427.26896385327
BLR,NY.GDP.PCAP.CD,1995,1370.69991385664
BLR,NY.GDP.PCAP.CD,1994,1460.00791360458
BLR,NY.GDP.PCAP.CD,1993,1589.51011343649
BLR,NY.GDP.PCAP.CD,1992,1658.08641281239
BLR,NY.GDP.PCAP.CD,1991,1805.45592531527
BLR,NY.GDP.PCAP.CD,1990,1706.64091882343
BLR,NY.GDP.PCAP.CD,1989,
BLR,NY.GDP.PCAP.CD,1988,
BLR,NY.GDP.PCAP.CD,1987,
BLR,NY.GDP.PCAP.CD,1986,
BLR,NY.GDP.PCAP.CD,1985,
BLR,NY.GDP.PCAP.CD,1984,
BLR,NY.GDP.PCAP.CD,1983,
BLR,NY.GDP.PCAP.CD,1982,
BLR,NY.GDP.PCAP.CD,1981,
BLR,NY.GDP.PCAP.CD,1980,
BLR,NY.GDP.PCAP.CD,1979,
BLR,NY.GDP.PCAP.CD,1978,
BLR,NY.GDP.PCAP.CD,1977,
BLR,NY.GDP.PCAP.CD,1976,
BLR,NY.GDP.PCAP.CD,1975,
BLR,NY.GDP.PCAP.CD,1974,
BLR,NY.GDP.PCAP.CD,1973,
BLR,NY.GDP.PCAP.CD,1972,
BLR,NY.GDP.PCAP.CD,1971,
BLR,NY.GDP.PCAP.CD,1970,
BLR,NY.GDP.PCAP.CD,1969,
BLR,NY.GDP.PCAP.CD,1968,
BLR,NY.GDP.PCAP.CD,1967,
BLR,NY.GDP.PCAP.CD,1966,
BLR,NY.GDP.PCAP.CD,1965,
BLR,NY.GDP.PCAP.CD,1964,
BLR,NY.GDP.PCAP.CD,1963,
BLR,NY.GDP.PCAP.CD,1962,
BLR,NY.GDP.PCAP.CD,1961,
BLR,NY.GDP.PCAP.CD,1960,
BEL,NY.GDP.PCAP.CD,2025,
BEL,NY.GDP.PCAP.CD,2024,56614.5679499036
BEL,NY.GDP.PCAP.CD,2023,55291.4754541329
BEL,NY.GDP.PCAP.CD,2022,50605.7496677086
BEL,NY.GDP.PCAP.CD,2021,51658.238294958
BEL,NY.GDP.PCAP.CD,2020,45906.2875805246
BEL,NY.GDP.PCAP.CD,2019,46716.6227467964
BEL,NY.GDP.PCAP.CD,2018,47487.2100392561
BEL,NY.GDP.PCAP.CD,2017,44035.3239358548
BEL,NY.GDP.PCAP.CD,2016,41854.5498296444
BEL,NY.GDP.PCAP.CD,2015,40893.804537772
BEL,NY.GDP.PCAP.CD,2014,47995.7786961339
BEL,NY.GDP.PCAP.CD,2013,46964.5946777056
BEL,NY.GDP.PCAP.CD,2012,44874.1709182123
BEL,NY.GDP.PCAP.CD,2011,47760.8298776546
BEL,NY.GDP.PCAP.CD,2010,44197.393671162
BEL,NY.GDP.PCAP.CD,2009,44923.3400135081
BEL,NY.GDP.PCAP.CD,2008,48303.397956286
BEL,NY.GDP.PCAP.CD,2007,44319.165448813
BEL,NY.GDP.PCAP.CD,2006,38705.1067959147
BEL,NY.GDP.PCAP.CD,2005,36809.7013403619
BEL,NY.GDP.PCAP.CD,2004,35429.4077933344
BEL,NY.GDP.PCAP.CD,2003,30655.2092679024
BEL,NY.GDP.PCAP.CD,2002,25006.191397109
BEL,NY.GDP.PCAP.CD,2001,23015.0712632462
BEL,NY.GDP.PCAP.CD,2000,23098.8865077401
BEL,NY.GDP.PCAP.CD,1999,25252.8019066564
BEL,NY.GDP.PCAP.CD,1998,25338.4432934904
BEL,NY.GDP.PCAP.CD,1997,24820.9380503896
BEL,NY.GDP.PCAP.CD,1996,27489.5551770488
BEL,NY.GDP.PCAP.CD,1995,28413.8264387368
BEL,NY.GDP.PCAP.CD,1994,24208.5547931447
BEL,NY.GDP.PCAP.CD,1993,22283.9360213551
BEL,NY.GDP.PCAP.CD,1992,23372.619171015
BEL,NY.GDP.PCAP.CD,1991,21041.6606519648
BEL,NY.GDP.PCAP.CD,1990,20600.3752789827
BEL,NY.GDP.PCAP.CD,1989,16525.0617432848
BEL,NY.GDP.PCAP.CD,1988,16391.093827791
BEL,NY.GDP.PCAP.CD,1987,15135.8523116968
BEL,NY.GDP.PCAP.CD,1986,12170.0406962702
BEL,NY.GDP.PCAP.CD,1985,8750.81851250536
BEL,NY.GDP.PCAP.CD,1984,8457.26880316374
BEL,NY.GDP.PCAP.CD,1983,8846.23429846974
BEL,NY.GDP.PCAP.CD,1982,9343.86109959618
BEL,NY.GDP.PCAP.CD,1981,10622.8024830789
BEL,NY.GDP.PCAP.CD,1980,12864.0025661396
BEL,NY.GDP.PCAP.CD,1979,11810.6158754725
BEL,NY.GDP.PCAP.CD,1978,10289.7684173296
BEL,NY.GDP.PCAP.CD,1977,8426.94695947372
BEL,NY.GDP.PCAP.CD,1976,7243.04734119583
BEL,NY.GDP.PCAP.CD,1975,6701.37736052433
BEL,NY.GDP.PCAP.CD,1974,5733.79813933878
BEL,NY.GDP.PCAP.CD,1973,4900.96220075866
BEL,NY.GDP.PCAP.CD,1972,3831.63189999433
BEL,NY.GDP.PCAP.CD,1971,3082.92798879126
BEL,NY.GDP.PCAP.CD,1970,2765.89099664794
BEL,NY.GDP.PCAP.CD,1969,2490.1071730838
BEL,NY.GDP.PCAP.CD,1968,2251.31575906782
BEL,NY.GDP.PCAP.CD,1967,2113.82194132888
BEL,NY.GDP.PCAP.CD,1966,1983.13119821777
BEL,NY.GDP.PCAP.CD,1965,1859.50998671639
BEL,NY.GDP.PCAP.CD,1964,1724.01894179056
BEL,NY.GDP.PCAP.CD,1963,1555.02293182578
BEL,NY.GDP.PCAP.CD,1962,1457.26516998378
BEL,NY.GDP.PCAP.CD,1961,1367.78885228138
BEL,NY.GDP.PCAP.CD,1960,1290.28607216192
BLZ,NY.GDP.PCAP.CD,2025,
BLZ,NY.GDP.PCAP.CD,2024,7681.24400583113
BLZ,NY.GDP.PCAP.CD,2023,7424.75821321022
BLZ,NY.GDP.PCAP.CD,2022,7068.21728043145
BLZ,NY.GDP.PCAP.CD,2021,6142.98930557031
BLZ,NY.GDP.PCAP.CD,2020,5238.54078175696
BLZ,NY.GDP.PCAP.CD,2019,6171.61449761423
BLZ,NY.GDP.PCAP.CD,2018,6011.99036888587
BLZ,NY.GDP.PCAP.CD,2017,6071.85451846453
BLZ,NY.GDP.PCAP.CD,2016,6140.86713919469
BLZ,NY.GDP.PCAP.CD,2015,6154.62264230369
BLZ,NY.GDP.PCAP.CD,2014,6128.12053089077
BLZ,NY.GDP.PCAP.CD,2013,5957.34953619006
BLZ,NY.GDP.PCAP.CD,2012,5732.66519942347
BLZ,NY.GDP.PCAP.CD,2011,5596.05222152289
BLZ,NY.GDP.PCAP.CD,2010,5461.40735999001
BLZ,NY.GDP.PCAP.CD,2009,5399.67100001919
BLZ,NY.GDP.PCAP.CD,2008,5711.81458859709
BLZ,NY.GDP.PCAP.CD,2007,5762.21023302938
BLZ,NY.GDP.PCAP.CD,2006,5524.78167834986
BLZ,NY.GDP.PCAP.CD,2005,5270.41479135312
BLZ,NY.GDP.PCAP.CD,2004,5153.71308265363
BLZ,NY.GDP.PCAP.CD,2003,4959.74012434605
BLZ,NY.GDP.PCAP.CD,2002,4858.86062599362
BLZ,NY.GDP.PCAP.CD,2001,4718.77715104739
BLZ,NY.GDP.PCAP.CD,2000,4726.50675459616
BLZ,NY.GDP.PCAP.CD,1999,4289.5277590653
BLZ,NY.GDP.PCAP.CD,1998,4125.92539958166
BLZ,NY.GDP.PCAP.CD,1997,4014.40380600241
BLZ,NY.GDP.PCAP.CD,1996,4043.26517997242
BLZ,NY.GDP.PCAP.CD,1995,4009.82752539849
BLZ,NY.GDP.PCAP.CD,1994,3876.69327011457
BLZ,NY.GDP.PCAP.CD,1993,3859.6584437307
BLZ,NY.GDP.PCAP.CD,1992,3642.9480634402
BLZ,NY.GDP.PCAP.CD,1991,3190.13098802395
BLZ,NY.GDP.PCAP.CD,1990,2986.46962075029
BLZ,NY.GDP.PCAP.CD,1989,2741.93638439592
BLZ,NY.GDP.PCAP.CD,1988,2405.81116565818
BLZ,NY.GDP.PCAP.CD,1987,2165.89431416265
BLZ,NY.GDP.PCAP.CD,1986,1859.10214020555
BLZ,NY.GDP.PCAP.CD,1985,1754.01108696183
BLZ,NY.GDP.PCAP.CD,1984,1814.18859813551
BLZ,NY.GDP.PCAP.CD,1983,1677.25548155115
BLZ,NY.GDP.PCAP.CD,1982,1629.32322940976
BLZ,NY.GDP.PCAP.CD,1981,1752.51703789335
BLZ,NY.GDP.PCAP.CD,1980,1774.4136989701
BLZ,NY.GDP.PCAP.CD,1979,1071.443696269
BLZ,NY.GDP.PCAP.CD,1978,982.604370174389
BLZ,NY.GDP.PCAP.CD,1977,865.792901454885
BLZ,NY.GDP.PCAP.CD,1976,729.488780751524
BLZ,NY.GDP.PCAP.CD,1975,906.486277401685
BLZ,NY.GDP.PCAP.CD,1974,804.777863602367
BLZ,NY.GDP.PCAP.CD,1973,618.567502314442
BLZ,NY.GDP.PCAP.CD,1972,529.356647508447
BLZ,NY.GDP.PCAP.CD,1971,481.04464147376
BLZ,NY.GDP.PCAP.CD,1970,441.7894689257
BLZ,NY.GDP.PCAP.CD,1969,401.557990513297
BLZ,NY.GDP.PCAP.CD,1968,392.282566057727
BLZ,NY.GDP.PCAP.CD,1967,426.264071353746
BLZ,NY.GDP.PCAP.CD,1966,411.933019943696
BLZ,NY.GDP.PCAP.CD,1965,383.186435252354
BLZ,NY.GDP.PCAP.CD,1964,356.235408350011
BLZ,NY.GDP.PCAP.CD,1963,341.932583787017
BLZ,NY.GDP.PCAP.CD,1962,331.704794335727
BLZ,NY.GDP.PCAP.CD,1961,320.029476728041
BLZ,NY.GDP.PCAP.CD,1960,307.414508338751
BEN,NY.GDP.PCAP.CD,2025,
BEN,NY.GDP.PCAP.CD,2024,1485.38018885134
BEN,NY.GDP.PCAP.CD,2023,1394.17784721831
BEN,NY.GDP.PCAP.CD,2022,1266.42711031904
BEN,NY.GDP.PCAP.CD,2021,1318.65158075198
BEN,NY.GDP.PCAP.CD,2020,1200.19426557789
BEN,NY.GDP.PCAP.CD,2019,1130.82135339795
BEN,NY.GDP.PCAP.CD,2018,1151.7409703472
BEN,NY.GDP.PCAP.CD,2017,1054.97408066814
BEN,NY.GDP.PCAP.CD,2016,1010.5338961993
BEN,NY.GDP.PCAP.CD,2015,1002.41886879614
BEN,NY.GDP.PCAP.CD,2014,1204.39918670094
BEN,NY.GDP.PCAP.CD,2013,1168.92699279226
BEN,NY.GDP.PCAP.CD,2012,1071.5258366283
BEN,NY.GDP.PCAP.CD,2011,1059.41358852588
BEN,NY.GDP.PCAP.CD,2010,973.244254931526
BEN,NY.GDP.PCAP.CD,2009,1024.10277858112
BEN,NY.GDP.PCAP.CD,2008,1060.60254502099
BEN,NY.GDP.PCAP.CD,2007,912.338247188342
BEN,NY.GDP.PCAP.CD,2006,809.147072506221
BEN,NY.GDP.PCAP.CD,2005,779.437777753268
BEN,NY.GDP.PCAP.CD,2004,758.695803786371
BEN,NY.GDP.PCAP.CD,2003,676.002878084282
BEN,NY.GDP.PCAP.CD,2002,546.463829658159
BEN,NY.GDP.PCAP.CD,2001,492.401499509072
BEN,NY.GDP.PCAP.CD,2000,487.424141384242
BEN,NY.GDP.PCAP.CD,1999,525.130597245974
BEN,NY.GDP.PCAP.CD,1998,361.601983057505
BEN,NY.GDP.PCAP.CD,1997,344.550491498963
BEN,NY.GDP.PCAP.CD,1996,369.394384135736
BEN,NY.GDP.PCAP.CD,1995,348.435238914394
BEN,NY.GDP.PCAP.CD,1994,262.129807445074
BEN,NY.GDP.PCAP.CD,1993,387.310054813122
BEN,NY.GDP.PCAP.CD,1992,301.77329696287
BEN,NY.GDP.PCAP.CD,1991,364.689296016645
BEN,NY.GDP.PCAP.CD,1990,371.101604332357
BEN,NY.GDP.PCAP.CD,1989,293.321949550953
BEN,NY.GDP.PCAP.CD,1988,326.179757700303
BEN,NY.GDP.PCAP.CD,1987,324.253765166191
BEN,NY.GDP.PCAP.CD,1986,285.771551064424
BEN,NY.GDP.PCAP.CD,1985,230.434117218913
BEN,NY.GDP.PCAP.CD,1984,238.574457355381
BEN,NY.GDP.PCAP.CD,1983,255.983601560726
BEN,NY.GDP.PCAP.CD,1982,305.0040635075
BEN,NY.GDP.PCAP.CD,1981,319.718185970269
BEN,NY.GDP.PCAP.CD,1980,358.003054209903
BEN,NY.GDP.PCAP.CD,1979,310.651387084352
BEN,NY.GDP.PCAP.CD,1978,249.802926180538
BEN,NY.GDP.PCAP.CD,1977,207.012962247396
BEN,NY.GDP.PCAP.CD,1976,197.726361142541
BEN,NY.GDP.PCAP.CD,1975,196.455786019338
BEN,NY.GDP.PCAP.CD,1974,164.946594142916
BEN,NY.GDP.PCAP.CD,1973,153.609468135703
BEN,NY.GDP.PCAP.CD,1972,127.927157014331
BEN,NY.GDP.PCAP.CD,1971,106.889292742067
BEN,NY.GDP.PCAP.CD,1970,108.848779482547
BEN,NY.GDP.PCAP.CD,1969,110.314794748212
BEN,NY.GDP.PCAP.CD,1968,111.211494175445
BEN,NY.GDP.PCAP.CD,1967,106.58624185995
BEN,NY.GDP.PCAP.CD,1966,107.637211853532
BEN,NY.GDP.PCAP.CD,1965,105.117986938927
BEN,NY.GDP.PCAP.CD,1964,99.7850246017255
BEN,NY.GDP.PCAP.CD,1963,95.7167369761973
BEN,NY.GDP.PCAP.CD,1962,90.7738610077473
BEN,NY.GDP.PCAP.CD,1961,92.085848129765
BEN,NY.GDP.PCAP.CD,1960,89.8569246539715
BMU,NY.GDP.PCAP.CD,2025,
BMU,NY.GDP.PCAP.CD,2024,142855.374713782
BMU,NY.GDP.PCAP.CD,2023,132604.439086216
BMU,NY.GDP.PCAP.CD,2022,121613.939983629
BMU,NY.GDP.PCAP.CD,2021,112765.08167306
BMU,NY.GDP.PCAP.CD,2020,106976.546239632
BMU,NY.GDP.PCAP.CD,2019,115798.040775578
BMU,NY.GDP.PCAP.CD,2018,113204.82210838
BMU,NY.GDP.PCAP.CD,2017,112339.425587467
BMU,NY.GDP.PCAP.CD,2016,108747.356144305
BMU,NY.GDP.PCAP.CD,2015,104855.366822135
BMU,NY.GDP.PCAP.CD,2014,100961.576602811
BMU,NY.GDP.PCAP.CD,2013,101704.40746217
BMU,NY.GDP.PCAP.CD,2012,100213.493385287
BMU,NY.GDP.PCAP.CD,2011,99049.0169927667
BMU,NY.GDP.PCAP.CD,2010,104111.824244802
BMU,NY.GDP.PCAP.CD,2009,104711.712420357
BMU,NY.GDP.PCAP.CD,2008,110268.562401264
BMU,NY.GDP.PCAP.CD,2007,107395.651483891
BMU,NY.GDP.PCAP.CD,2006,97781.4558996721
BMU,NY.GDP.PCAP.CD,2005,77628.103522508
BMU,NY.GDP.PCAP.CD,2004,71692.1589001679
BMU,NY.GDP.PCAP.CD,2003,67106.8028083224
BMU,NY.GDP.PCAP.CD,2002,63358.5658652763
BMU,NY.GDP.PCAP.CD,2001,59490.2452034202
BMU,NY.GDP.PCAP.CD,2000,56542.9569455727
BMU,NY.GDP.PCAP.CD,1999,54388.3417315621
BMU,NY.GDP.PCAP.CD,1998,51629.2814855126
BMU,NY.GDP.PCAP.CD,1997,48736.6768034299
BMU,NY.GDP.PCAP.CD,1996,45063.6149332085
BMU,NY.GDP.PCAP.CD,1995,34115.3445553204
BMU,NY.GDP.PCAP.CD,1994,31543.0634861641
BMU,NY.GDP.PCAP.CD,1993,30950.0799102285
BMU,NY.GDP.PCAP.CD,1992,28761.9634632835
BMU,NY.GDP.PCAP.CD,1991,28195.7091611479
BMU,NY.GDP.PCAP.CD,1990,27665.525808301
BMU,NY.GDP.PCAP.CD,1989,26282.6240963434
BMU,NY.GDP.PCAP.CD,1988,24958.1127004004
BMU,NY.GDP.PCAP.CD,1987,23042.7435883764
BMU,NY.GDP.PCAP.CD,1986,20996.9767217163
BMU,NY.GDP.PCAP.CD,1985,18713.8825139071
BMU,NY.GDP.PCAP.CD,1984,17866.9174355163
BMU,NY.GDP.PCAP.CD,1983,16236.741698158
BMU,NY.GDP.PCAP.CD,1982,14442.7902256054
BMU,NY.GDP.PCAP.CD,1981,13687.7980628553
BMU,NY.GDP.PCAP.CD,1980,11426.6012333948
BMU,NY.GDP.PCAP.CD,1979,9664.21884634789
BMU,NY.GDP.PCAP.CD,1978,8904.94282345455
BMU,NY.GDP.PCAP.CD,1977,8383.03139417126
BMU,NY.GDP.PCAP.CD,1976,7259.91355008457
BMU,NY.GDP.PCAP.CD,1975,6493.6287150144
BMU,NY.GDP.PCAP.CD,1974,5891.88781664656
BMU,NY.GDP.PCAP.CD,1973,5090.09179163676
BMU,NY.GDP.PCAP.CD,1972,4458.08003333144
BMU,NY.GDP.PCAP.CD,1971,4012.77396544186
BMU,NY.GDP.PCAP.CD,1970,3574.16928861945
BMU,NY.GDP.PCAP.CD,1969,3214.04903909874
BMU,NY.GDP.PCAP.CD,1968,2975.95428934212
BMU,NY.GDP.PCAP.CD,1967,2722.46233388537
BMU,NY.GDP.PCAP.CD,1966,2369.47294680018
BMU,NY.GDP.PCAP.CD,1965,2064.85324792988
BMU,NY.GDP.PCAP.CD,1964,1986.64081017022
BMU,NY.GDP.PCAP.CD,1963,1821.79091310101
BMU,NY.GDP.PCAP.CD,1962,1824.18228260132
BMU,NY.GDP.PCAP.CD,1961,1773.99531572479
BMU,NY.GDP.PCAP.CD,1960,1715.31463229719
BTN,NY.GDP.PCAP.CD,2025,
BTN,NY.GDP.PCAP.CD,2024,
BTN,NY.GDP.PCAP.CD,2023,3831.32535494609
BTN,NY.GDP.PCAP.CD,2022,3711.32767981591
BTN,NY.GDP.PCAP.CD,2021,3570.61257980872
BTN,NY.GDP.PCAP.CD,2020,3191.66906999331
BTN,NY.GDP.PCAP.CD,2019,3576.87987100503
BTN,NY.GDP.PCAP.CD,2018,3400.20417245342
BTN,NY.GDP.PCAP.CD,2017,3435.28804735662
BTN,NY.GDP.PCAP.CD,2016,3152.30905106786
BTN,NY.GDP.PCAP.CD,2015,2954.04081911097
BTN,NY.GDP.PCAP.CD,2014,2849.49998647303
BTN,NY.GDP.PCAP.CD,2013,2679.95217201538
BTN,NY.GDP.PCAP.CD,2012,2751.2128864294
BTN,NY.GDP.PCAP.CD,2011,2787.97967608562
BTN,NY.GDP.PCAP.CD,2010,2435.5798056672
BTN,NY.GDP.PCAP.CD,2009,1918.39599211093
BTN,NY.GDP.PCAP.CD,2008,1919.59774896395
BTN,NY.GDP.PCAP.CD,2007,1850.41570433398
BTN,NY.GDP.PCAP.CD,2006,1405.6071618158
BTN,NY.GDP.PCAP.CD,2005,1299.94938578359
BTN,NY.GDP.PCAP.CD,2004,1130.35934606796
BTN,NY.GDP.PCAP.CD,2003,1022.38240311018
BTN,NY.GDP.PCAP.CD,2002,895.799489930972
BTN,NY.GDP.PCAP.CD,2001,812.238210772056
BTN,NY.GDP.PCAP.CD,2000,771.924911410619
BTN,NY.GDP.PCAP.CD,1999,685.419830628567
BTN,NY.GDP.PCAP.CD,1998,638.278962310609
BTN,NY.GDP.PCAP.CD,1997,630.447410148304
BTN,NY.GDP.PCAP.CD,1996,552.873891403681
BTN,NY.GDP.PCAP.CD,1995,530.103676927417
BTN,NY.GDP.PCAP.CD,1994,467.008312125283
BTN,NY.GDP.PCAP.CD,1993,407.39984249657
BTN,NY.GDP.PCAP.CD,1992,415.791522568451
BTN,NY.GDP.PCAP.CD,1991,400.634705187075
BTN,NY.GDP.PCAP.CD,1990,488.327431477129
BTN,NY.GDP.PCAP.CD,1989,461.654618792732
BTN,NY.GDP.PCAP.CD,1988,488.877757351253
BTN,NY.GDP.PCAP.CD,1987,449.060443850487
BTN,NY.GDP.PCAP.CD,1986,364.694569557154
BTN,NY.GDP.PCAP.CD,1985,321.186830951891
BTN,NY.GDP.PCAP.CD,1984,325.545257021725
BTN,NY.GDP.PCAP.CD,1983,328.204016909505
BTN,NY.GDP.PCAP.CD,1982,305.824658960335
BTN,NY.GDP.PCAP.CD,1981,310.77041169131
BTN,NY.GDP.PCAP.CD,1980,296.880510831581
BTN,NY.GDP.PCAP.CD,1979,251.378805345213
BTN,NY.GDP.PCAP.CD,1978,232.172369685589
BTN,NY.GDP.PCAP.CD,1977,249.935358333789
BTN,NY.GDP.PCAP.CD,1976,233.721532349196
BTN,NY.GDP.PCAP.CD,1975,237.350734416968
BTN,NY.GDP.PCAP.CD,1974,262.777366220031
BTN,NY.GDP.PCAP.CD,1973,230.90176999619
BTN,NY.GDP.PCAP.CD,1972,212.375150813633
BTN,NY.GDP.PCAP.CD,1971,207.666560128876
BTN,NY.GDP.PCAP.CD,1970,200.345229822469
BTN,NY.GDP.PCAP.CD,1969,
BTN,NY.GDP.PCAP.CD,1968,
BTN,NY.GDP.PCAP.CD,1967,
BTN,NY.GDP.PCAP.CD,1966,
BTN,NY.GDP.PCAP.CD,1965,
BTN,NY.GDP.PCAP.CD,1964,
BTN,NY.GDP.PCAP.CD,1963,
BTN,NY.GDP.PCAP.CD,1962,
BTN,NY.GDP.PCAP.CD,1961,
BTN,NY.GDP.PCAP.CD,1960,
BOL,NY.GDP.PCAP.CD,2025,
BOL,NY.GDP.PCAP.CD,2024,4421.16609889999
BOL,NY.GDP.PCAP.CD,2023,4274.70820547613
BOL,NY.GDP.PCAP.CD,2022,4219.46113742445
BOL,NY.GDP.PCAP.CD,2021,4010.76053686204
BOL,NY.GDP.PCAP.CD,2020,3580.96761778303
BOL,NY.GDP.PCAP.CD,2019,4203.15492855788
BOL,NY.GDP.PCAP.CD,2018,4206.8552936661
BOL,NY.GDP.PCAP.CD,2017,4048.40119739839
BOL,NY.GDP.PCAP.CD,2016,3035.87347732132
BOL,NY.GDP.PCAP.CD,2015,2996.01289811344
BOL,NY.GDP.PCAP.CD,2014,3041.43503162408
BOL,NY.GDP.PCAP.CD,2013,2870.02377000756
BOL,NY.GDP.PCAP.CD,2012,2575.59857098084
BOL,NY.GDP.PCAP.CD,2011,2315.52121930607
BOL,NY.GDP.PCAP.CD,2010,1929.78373077158
BOL,NY.GDP.PCAP.CD,2009,1731.18172112209
BOL,NY.GDP.PCAP.CD,2008,1692.67248455876
BOL,NY.GDP.PCAP.CD,2007,1354.54905949929
BOL,NY.GDP.PCAP.CD,2006,1202.71150446327
BOL,NY.GDP.PCAP.CD,2005,1020.12326200737
BOL,NY.GDP.PCAP.CD,2004,953.191893246277
BOL,NY.GDP.PCAP.CD,2003,893.013760211149
BOL,NY.GDP.PCAP.CD,2002,888.221328974352
BOL,NY.GDP.PCAP.CD,2001,930.168227214313
BOL,NY.GDP.PCAP.CD,2000,975.777060358751
BOL,NY.GDP.PCAP.CD,1999,979.344494964572
BOL,NY.GDP.PCAP.CD,1998,1022.14506519545
BOL,NY.GDP.PCAP.CD,1997,970.351843368594
BOL,NY.GDP.PCAP.CD,1996,922.113259069714
BOL,NY.GDP.PCAP.CD,1995,852.754034861444
BOL,NY.GDP.PCAP.CD,1994,774.035669644318
BOL,NY.GDP.PCAP.CD,1993,756.637016048451
BOL,NY.GDP.PCAP.CD,1992,759.57113496365
BOL,NY.GDP.PCAP.CD,1991,733.935487602519
BOL,NY.GDP.PCAP.CD,1990,682.67681029538
BOL,NY.GDP.PCAP.CD,1989,675.469993900788
BOL,NY.GDP.PCAP.CD,1988,672.607268146683
BOL,NY.GDP.PCAP.CD,1987,649.708769442851
BOL,NY.GDP.PCAP.CD,1986,604.257233504238
BOL,NY.GDP.PCAP.CD,1985,838.080035867133
BOL,NY.GDP.PCAP.CD,1984,982.109656770748
BOL,NY.GDP.PCAP.CD,1983,881.867606330418
BOL,NY.GDP.PCAP.CD,1982,929.552105072211
BOL,NY.GDP.PCAP.CD,1981,1000.59266819668
BOL,NY.GDP.PCAP.CD,1980,787.907344889279
BOL,NY.GDP.PCAP.CD,1979,785.198889713429
BOL,NY.GDP.PCAP.CD,1978,682.801036523933
BOL,NY.GDP.PCAP.CD,1977,599.9882290041
BOL,NY.GDP.PCAP.CD,1976,519.734821066353
BOL,NY.GDP.PCAP.CD,1975,468.064116140902
BOL,NY.GDP.PCAP.CD,1974,418.170299516169
BOL,NY.GDP.PCAP.CD,1973,257.213253175457
BOL,NY.GDP.PCAP.CD,1972,261.949887081198
BOL,NY.GDP.PCAP.CD,1971,233.392218893062
BOL,NY.GDP.PCAP.CD,1970,221.568878282044
BOL,NY.GDP.PCAP.CD,1969,207.126019695423
BOL,NY.GDP.PCAP.CD,1968,195.471270062333
BOL,NY.GDP.PCAP.CD,1967,176.073477814252
BOL,NY.GDP.PCAP.CD,1966,159.348482383093
BOL,NY.GDP.PCAP.CD,1965,147.057689573182
BOL,NY.GDP.PCAP.CD,1964,135.228463817406
BOL,NY.GDP.PCAP.CD,1963,122.579067582423
BOL,NY.GDP.PCAP.CD,1962,116.24147429449
BOL,NY.GDP.PCAP.CD,1961,108.528765371499
BOL,NY.GDP.PCAP.CD,1960,101.833417024987
BIH,NY.GDP.PCAP.CD,2025,
BIH,NY.GDP.PCAP.CD,2024,9358.78768951134
BIH,NY.GDP.PCAP.CD,2023,8663.02326458629
BIH,NY.GDP.PCAP.CD,2022,7655.59421024383
BIH,NY.GDP.PCAP.CD,2021,7295.34378682258
BIH,NY.GDP.PCAP.CD,2020,6130.31187968266
BIH,NY.GDP.PCAP.CD,2019,6122.37541352353
BIH,NY.GDP.PCAP.CD,2018,6047.84707207392
BIH,NY.GDP.PCAP.CD,2017,5345.01978766473
BIH,NY.GDP.PCAP.CD,2016,4928.5665903114
BIH,NY.GDP.PCAP.CD,2015,4662.25869219448
BIH,NY.GDP.PCAP.CD,2014,5206.06573475132
BIH,NY.GDP.PCAP.CD,2013,5034.56634817068
BIH,NY.GDP.PCAP.CD,2012,4693.78899115381
BIH,NY.GDP.PCAP.CD,2011,4982.69375768263
BIH,NY.GDP.PCAP.CD,2010,4506.47828548389
BIH,NY.GDP.PCAP.CD,2009,4539.91863774968
BIH,NY.GDP.PCAP.CD,2008,4841.69311934649
BIH,NY.GDP.PCAP.CD,2007,3931.48948737505
BIH,NY.GDP.PCAP.CD,2006,3166.12865344833
BIH,NY.GDP.PCAP.CD,2005,2739.61076866057
BIH,NY.GDP.PCAP.CD,2004,2452.6860917386
BIH,NY.GDP.PCAP.CD,2003,2033.94700935864
BIH,NY.GDP.PCAP.CD,2002,1606.5467454132
BIH,NY.GDP.PCAP.CD,2001,1387.89362942121
BIH,NY.GDP.PCAP.CD,2000,1338.48059636261
BIH,NY.GDP.PCAP.CD,1999,1134.60298042083
BIH,NY.GDP.PCAP.CD,1998,1006.70479669823
BIH,NY.GDP.PCAP.CD,1997,913.813399054859
BIH,NY.GDP.PCAP.CD,1996,718.933797141505
BIH,NY.GDP.PCAP.CD,1995,502.365980975339
BIH,NY.GDP.PCAP.CD,1994,337.090896023259
BIH,NY.GDP.PCAP.CD,1993,929.872118717018
BIH,NY.GDP.PCAP.CD,1992,1118.17569934079
BIH,NY.GDP.PCAP.CD,1991,1373.37104472973
BIH,NY.GDP.PCAP.CD,1990,1742.88262171767
BIH,NY.GDP.PCAP.CD,1989,
BIH,NY.GDP.PCAP.CD,1988,
BIH,NY.GDP.PCAP.CD,1987,
BIH,NY.GDP.PCAP.CD,1986,
BIH,NY.GDP.PCAP.CD,1985,
BIH,NY.GDP.PCAP.CD,1984,
BIH,NY.GDP.PCAP.CD,1983,
BIH,NY.GDP.PCAP.CD,1982,
BIH,NY.GDP.PCAP.CD,1981,
BIH,NY.GDP.PCAP.CD,1980,
BIH,NY.GDP.PCAP.CD,1979,
BIH,NY.GDP.PCAP.CD,1978,
BIH,NY.GDP.PCAP.CD,1977,
BIH,NY.GDP.PCAP.CD,1976,
BIH,NY.GDP.PCAP.CD,1975,
BIH,NY.GDP.PCAP.CD,1974,
BIH,NY.GDP.PCAP.CD,1973,
BIH,NY.GDP.PCAP.CD,1972,
BIH,NY.GDP.PCAP.CD,1971,
BIH,NY.GDP.PCAP.CD,1970,
BIH,NY.GDP.PCAP.CD,1969,
BIH,NY.GDP.PCAP.CD,1968,
BIH,NY.GDP.PCAP.CD,1967,
BIH,NY.GDP.PCAP.CD,1966,
BIH,NY.GDP.PCAP.CD,1965,
BIH,NY.GDP.PCAP.CD,1964,
BIH,NY.GDP.PCAP.CD,1963,
BIH,NY.GDP.PCAP.CD,1962,
BIH,NY.GDP.PCAP.CD,1961,
BIH,NY.GDP.PCAP.CD,1960,
BWA,NY.GDP.PCAP.CD,2025,
BWA,NY.GDP.PCAP.CD,2024,7695.75319445165
BWA,NY.GDP.PCAP.CD,2023,7826.35376483298
BWA,NY.GDP.PCAP.CD,2022,8328.7090572666
BWA,NY.GDP.PCAP.CD,2021,7807.88794570471
BWA,NY.GDP.PCAP.CD,2020,6323.2974967659
BWA,NY.GDP.PCAP.CD,2019,7172.08956480028
BWA,NY.GDP.PCAP.CD,2018,7407.95940141786
BWA,NY.GDP.PCAP.CD,2017,7104.96401088027
BWA,NY.GDP.PCAP.CD,2016,6749.05994339013
BWA,NY.GDP.PCAP.CD,2015,6141.20394726616
BWA,NY.GDP.PCAP.CD,2014,7122.36423421503
BWA,NY.GDP.PCAP.CD,2013,6666.91219583487
BWA,NY.GDP.PCAP.CD,2012,6595.53845015424
BWA,NY.GDP.PCAP.CD,2011,7287.38295334919
BWA,NY.GDP.PCAP.CD,2010,6215.73216077919
BWA,NY.GDP.PCAP.CD,2009,5082.93388332404
BWA,NY.GDP.PCAP.CD,2008,5503.07395314313
BWA,NY.GDP.PCAP.CD,2007,5529.12574632532
BWA,NY.GDP.PCAP.CD,2006,5291.58379144849
BWA,NY.GDP.PCAP.CD,2005,5391.07076619634
BWA,NY.GDP.PCAP.CD,2004,4956.69287735214
BWA,NY.GDP.PCAP.CD,2003,4230.12326909926
BWA,NY.GDP.PCAP.CD,2002,3117.25087183011
BWA,NY.GDP.PCAP.CD,2001,3206.07123689853
BWA,NY.GDP.PCAP.CD,2000,3450.81180622992
BWA,NY.GDP.PCAP.CD,1999,3339.99596033431
BWA,NY.GDP.PCAP.CD,1998,2981.19639702109
BWA,NY.GDP.PCAP.CD,1997,3194.18106145858
BWA,NY.GDP.PCAP.CD,1996,3156.26865681161
BWA,NY.GDP.PCAP.CD,1995,3156.18194514079
BWA,NY.GDP.PCAP.CD,1994,2917.25514197806
BWA,NY.GDP.PCAP.CD,1993,2929.43119022452
BWA,NY.GDP.PCAP.CD,1992,3004.61263362306
BWA,NY.GDP.PCAP.CD,1991,2938.59442659608
BWA,NY.GDP.PCAP.CD,1990,2903.15381562611
BWA,NY.GDP.PCAP.CD,1989,2427.68261967121
BWA,NY.GDP.PCAP.CD,1988,2140.51439180359
BWA,NY.GDP.PCAP.CD,1987,1638.82669390133
BWA,NY.GDP.PCAP.CD,1986,1199.84677856226
BWA,NY.GDP.PCAP.CD,1985,993.616748339174
BWA,NY.GDP.PCAP.CD,1984,1145.02903810762
BWA,NY.GDP.PCAP.CD,1983,1120.53239354023
BWA,NY.GDP.PCAP.CD,1982,1005.62456165727
BWA,NY.GDP.PCAP.CD,1981,1107.02810145663
BWA,NY.GDP.PCAP.CD,1980,1131.63379014463
BWA,NY.GDP.PCAP.CD,1979,909.207133285411
BWA,NY.GDP.PCAP.CD,1978,695.219336897052
BWA,NY.GDP.PCAP.CD,1977,564.831748249189
BWA,NY.GDP.PCAP.CD,1976,490.469570533565
BWA,NY.GDP.PCAP.CD,1975,493.029472690457
BWA,NY.GDP.PCAP.CD,1974,446.487855432073
BWA,NY.GDP.PCAP.CD,1973,374.189409146144
BWA,NY.GDP.PCAP.CD,1972,264.233716807813
BWA,NY.GDP.PCAP.CD,1971,212.244206736036
BWA,NY.GDP.PCAP.CD,1970,163.031832252562
BWA,NY.GDP.PCAP.CD,1969,131.776574536345
BWA,NY.GDP.PCAP.CD,1968,113.445716733931
BWA,NY.GDP.PCAP.CD,1967,100.945124635152
BWA,NY.GDP.PCAP.CD,1966,89.0615737768069
BWA,NY.GDP.PCAP.CD,1965,79.6790756588049
BWA,NY.GDP.PCAP.CD,1964,73.4925773235308
BWA,NY.GDP.PCAP.CD,1963,68.8864104749411
BWA,NY.GDP.PCAP.CD,1962,65.9864503023827
BWA,NY.GDP.PCAP.CD,1961,62.3224006926623
BWA,NY.GDP.PCAP.CD,1960,58.9180081084204
BRA,NY.GDP.PCAP.CD,2025,
BRA,NY.GDP.PCAP.CD,2024,10310.5488778166
BRA,NY.GDP.PCAP.CD,2023,10377.5897719195
BRA,NY.GDP.PCAP.CD,2022,9281.33282136864
BRA,NY.GDP.PCAP.CD,2021,7972.53696080695
BRA,NY.GDP.PCAP.CD,2020,7074.19407495707
BRA,NY.GDP.PCAP.CD,2019,9029.83304401079
BRA,NY.GDP.PCAP.CD,2018,9300.66072904004
BRA,NY.GDP.PCAP.CD,2017,10080.5078722821
BRA,NY.GDP.PCAP.CD,2016,8836.28546025694
BRA,NY.GDP.PCAP.CD,2015,8936.1955889444
BRA,NY.GDP.PCAP.CD,2014,12274.9941630213
BRA,NY.GDP.PCAP.CD,2013,12458.8903396625
BRA,NY.GDP.PCAP.CD,2012,12521.7238454434
BRA,NY.GDP.PCAP.CD,2011,13396.6263158041
BRA,NY.GDP.PCAP.CD,2010,11403.2840038694
BRA,NY.GDP.PCAP.CD,2009,8678.6584730653
BRA,NY.GDP.PCAP.CD,2008,8908.33338467948
BRA,NY.GDP.PCAP.CD,2007,7409.69003822861
BRA,NY.GDP.PCAP.CD,2006,5934.14561857454
BRA,NY.GDP.PCAP.CD,2005,4827.78165890291
BRA,NY.GDP.PCAP.CD,2004,3663.82262497811
BRA,NY.GDP.PCAP.CD,2003,3090.6068907839
BRA,NY.GDP.PCAP.CD,2002,2855.94017137049
BRA,NY.GDP.PCAP.CD,2001,3176.28975052524
BRA,NY.GDP.PCAP.CD,2000,3766.54786339835
BRA,NY.GDP.PCAP.CD,1999,3493.57192043228
BRA,NY.GDP.PCAP.CD,1998,5105.89246192003
BRA,NY.GDP.PCAP.CD,1997,5299.39794248133
BRA,NY.GDP.PCAP.CD,1996,5179.13052009976
BRA,NY.GDP.PCAP.CD,1995,4756.75013552302
BRA,NY.GDP.PCAP.CD,1994,3298.71491891786
BRA,NY.GDP.PCAP.CD,1993,2348.90635436384
BRA,NY.GDP.PCAP.CD,1992,2127.29083011489
BRA,NY.GDP.PCAP.CD,1991,2258.10454027063
BRA,NY.GDP.PCAP.CD,1990,2619.80141064047
BRA,NY.GDP.PCAP.CD,1989,2818.99277980122
BRA,NY.GDP.PCAP.CD,1988,2140.65027561164
BRA,NY.GDP.PCAP.CD,1987,2006.00226235757
BRA,NY.GDP.PCAP.CD,1986,1854.03775211919
BRA,NY.GDP.PCAP.CD,1985,1556.1297180511
BRA,NY.GDP.PCAP.CD,1984,1419.73154606978
BRA,NY.GDP.PCAP.CD,1983,1461.25582714178
BRA,NY.GDP.PCAP.CD,1982,2137.6250359394
BRA,NY.GDP.PCAP.CD,1981,2079.70908377484
BRA,NY.GDP.PCAP.CD,1980,1958.57159232662
BRA,NY.GDP.PCAP.CD,1979,1869.7133759549
BRA,NY.GDP.PCAP.CD,1978,1732.50012204556
BRA,NY.GDP.PCAP.CD,1977,1562.29143045708
BRA,NY.GDP.PCAP.CD,1976,1389.74952306555
BRA,NY.GDP.PCAP.CD,1975,1200.55823714607
BRA,NY.GDP.PCAP.CD,1974,1044.76980947499
BRA,NY.GDP.PCAP.CD,1973,814.731780553415
BRA,NY.GDP.PCAP.CD,1972,583.492034946156
BRA,NY.GDP.PCAP.CD,1971,500.001988983361
BRA,NY.GDP.PCAP.CD,1970,443.799484982738
BRA,NY.GDP.PCAP.CD,1969,399.49841913391
BRA,NY.GDP.PCAP.CD,1968,373.925432639683
BRA,NY.GDP.PCAP.CD,1967,351.472600370379
BRA,NY.GDP.PCAP.CD,1966,328.343791519407
BRA,NY.GDP.PCAP.CD,1965,268.028760553723
BRA,NY.GDP.PCAP.CD,1964,257.259726897671
BRA,NY.GDP.PCAP.CD,1963,294.169619376733
BRA,NY.GDP.PCAP.CD,1962,250.200572910273
BRA,NY.GDP.PCAP.CD,1961,231.564063269854
BRA,NY.GDP.PCAP.CD,1960,235.266009502589
VGB,NY.GDP.PCAP.CD,2025,
VGB,NY.GDP.PCAP.CD,2024,
VGB,NY.GDP.PCAP.CD,2023,
VGB,NY.GDP.PCAP.CD,2022,
VGB,NY.GDP.PCAP.CD,2021,
VGB,NY.GDP.PCAP.CD,2020,
VGB,NY.GDP.PCAP.CD,2019,
VGB,NY.GDP.PCAP.CD,2018,
VGB,NY.GDP.PCAP.CD,2017,
VGB,NY.GDP.PCAP.CD,2016,
VGB,NY.GDP.PCAP.CD,2015,
VGB,NY.GDP.PCAP.CD,2014,
VGB,NY.GDP.PCAP.CD,2013,
VGB,NY.GDP.PCAP.CD,2012,
VGB,NY.GDP.PCAP.CD,2011,
VGB,NY.GDP.PCAP.CD,2010,
VGB,NY.GDP.PCAP.CD,2009,
VGB,NY.GDP.PCAP.CD,2008,
VGB,NY.GDP.PCAP.CD,2007,
VGB,NY.GDP.PCAP.CD,2006,
VGB,NY.GDP.PCAP.CD,2005,
VGB,NY.GDP.PCAP.CD,2004,
VGB,NY.GDP.PCAP.CD,2003,
VGB,NY.GDP.PCAP.CD,2002,
VGB,NY.GDP.PCAP.CD,2001,
VGB,NY.GDP.PCAP.CD,2000,
VGB,NY.GDP.PCAP.CD,1999,
VGB,NY.GDP.PCAP.CD,1998,
VGB,NY.GDP.PCAP.CD,1997,
VGB,NY.GDP.PCAP.CD,1996,
VGB,NY.GDP.PCAP.CD,1995,
VGB,NY.GDP.PCAP.CD,1994,
VGB,NY.GDP.PCAP.CD,1993,
VGB,NY.GDP.PCAP.CD,1992,
VGB,NY.GDP.PCAP.CD,1991,
VGB,NY.GDP.PCAP.CD,1990,
VGB,NY.GDP.PCAP.CD,1989,
VGB,NY.GDP.PCAP.CD,1988,
VGB,NY.GDP.PCAP.CD,1987,
VGB,NY.GDP.PCAP.CD,1986,
VGB,NY.GDP.PCAP.CD,1985,
VGB,NY.GDP.PCAP.CD,1984,
VGB,NY.GDP.PCAP.CD,1983,
VGB,NY.GDP.PCAP.CD,1982,
VGB,NY.GDP.PCAP.CD,1981,
VGB,NY.GDP.PCAP.CD,1980,
VGB,NY.GDP.PCAP.CD,1979,
VGB,NY.GDP.PCAP.CD,1978,
VGB,NY.GDP.PCAP.CD,1977,
VGB,NY.GDP.PCAP.CD,1976,
VGB,NY.GDP.PCAP.CD,1975,
VGB,NY.GDP.PCAP.CD,1974,
VGB,NY.GDP.PCAP.CD,1973,
VGB,NY.GDP.PCAP.CD,1972,
VGB,NY.GDP.PCAP.CD,1971,
VGB,NY.GDP.PCAP.CD,1970,
VGB,NY.GDP.PCAP.CD,1969,
VGB,NY.GDP.PCAP.CD,1968,
VGB,NY.GDP.PCAP.CD,1967,
VGB,NY.GDP.PCAP.CD,1966,
VGB,NY.GDP.PCAP.CD,1965,
VGB,NY.GDP.PCAP.CD,1964,
VGB,NY.GDP.PCAP.CD,1963,
VGB,NY.GDP.PCAP.CD,1962,
VGB,NY.GDP.PCAP.CD,1961,
VGB,NY.GDP.PCAP.CD,1960,
BRN,NY.GDP.PCAP.CD,2025,
BRN,NY.GDP.PCAP.CD,2024,33153.4738913513
BRN,NY.GDP.PCAP.CD,2023,32890.5491812019
BRN,NY.GDP.PCAP.CD,2022,36632.9280952155
BRN,NY.GDP.PCAP.CD,2021,31006.9636289785
BRN,NY.GDP.PCAP.CD,2020,26834.3592233943
BRN,NY.GDP.PCAP.CD,2019,30426.5730656528
BRN,NY.GDP.PCAP.CD,2018,30988.1190267227
BRN,NY.GDP.PCAP.CD,2017,28024.3824580252
BRN,NY.GDP.PCAP.CD,2016,26663.2972950602
BRN,NY.GDP.PCAP.CD,2015,30625.1287744656
BRN,NY.GDP.PCAP.CD,2014,41026.5084247957
BRN,NY.GDP.PCAP.CD,2013,44003.0644273461
BRN,NY.GDP.PCAP.CD,2012,46968.5971164922
BRN,NY.GDP.PCAP.CD,2011,46382.8274255349
BRN,NY.GDP.PCAP.CD,2010,34937.5555357155
BRN,NY.GDP.PCAP.CD,2009,30946.4673773828
BRN,NY.GDP.PCAP.CD,2008,42156.5685838672
BRN,NY.GDP.PCAP.CD,2007,36217.3290706015
BRN,NY.GDP.PCAP.CD,2006,34674.7995236452
BRN,NY.GDP.PCAP.CD,2005,29386.2703822862
BRN,NY.GDP.PCAP.CD,2004,24423.0946995548
BRN,NY.GDP.PCAP.CD,2003,20677.9001143188
BRN,NY.GDP.PCAP.CD,2002,18621.2922577525
BRN,NY.GDP.PCAP.CD,2001,18287.8272281914
BRN,NY.GDP.PCAP.CD,2000,20130.2572346624
BRN,NY.GDP.PCAP.CD,1999,19752.2013255542
BRN,NY.GDP.PCAP.CD,1998,17769.2463451942
BRN,NY.GDP.PCAP.CD,1997,25522.3975038009
BRN,NY.GDP.PCAP.CD,1996,25692.2357348562
BRN,NY.GDP.PCAP.CD,1995,26443.2564746713
BRN,NY.GDP.PCAP.CD,1994,22766.587177075
BRN,NY.GDP.PCAP.CD,1993,22397.0737447404
BRN,NY.GDP.PCAP.CD,1992,23450.8964055243
BRN,NY.GDP.PCAP.CD,1991,23932.1897281583
BRN,NY.GDP.PCAP.CD,1990,23658.7166330381
BRN,NY.GDP.PCAP.CD,1989,20090.0690184766
BRN,NY.GDP.PCAP.CD,1988,18824.7637309359
BRN,NY.GDP.PCAP.CD,1987,21029.7189772961
BRN,NY.GDP.PCAP.CD,1986,18500.5408625966
BRN,NY.GDP.PCAP.CD,1985,31827.4059557344
BRN,NY.GDP.PCAP.CD,1984,36061.3815259405
BRN,NY.GDP.PCAP.CD,1983,38720.0939254718
BRN,NY.GDP.PCAP.CD,1982,45074.5499241983
BRN,NY.GDP.PCAP.CD,1981,48793.4422577232
BRN,NY.GDP.PCAP.CD,1980,58005.3424763282
BRN,NY.GDP.PCAP.CD,1979,33501.2782714145
BRN,NY.GDP.PCAP.CD,1978,23446.5341231193
BRN,NY.GDP.PCAP.CD,1977,21746.8559126458
BRN,NY.GDP.PCAP.CD,1976,18671.3624129294
BRN,NY.GDP.PCAP.CD,1975,15793.1312553958
BRN,NY.GDP.PCAP.CD,1974,15194.792305663
BRN,NY.GDP.PCAP.CD,1973,2938.85095702716
BRN,NY.GDP.PCAP.CD,1972,1904.66760457331
BRN,NY.GDP.PCAP.CD,1971,1432.16600656705
BRN,NY.GDP.PCAP.CD,1970,1325.15598362979
BRN,NY.GDP.PCAP.CD,1969,1226.43698889034
BRN,NY.GDP.PCAP.CD,1968,1274.0903793851
BRN,NY.GDP.PCAP.CD,1967,1148.84303232869
BRN,NY.GDP.PCAP.CD,1966,1145.70592233266
BRN,NY.GDP.PCAP.CD,1965,1028.88450343084
BRN,NY.GDP.PCAP.CD,1964,
BRN,NY.GDP.PCAP.CD,1963,
BRN,NY.GDP.PCAP.CD,1962,
BRN,NY.GDP.PCAP.CD,1961,
BRN,NY.GDP.PCAP.CD,1960,
BGR,NY.GDP.PCAP.CD,2025,
BGR,NY.GDP.PCAP.CD,2024,17596.0173663521
BGR,NY.GDP.PCAP.CD,2023,15853.208636704
BGR,NY.GDP.PCAP.CD,2022,13999.1949530956
BGR,NY.GDP.PCAP.CD,2021,12966.1457543396
BGR,NY.GDP.PCAP.CD,2020,10760.211975413
BGR,NY.GDP.PCAP.CD,2019,10353.7204584127
BGR,NY.GDP.PCAP.CD,2018,9849.38397225174
BGR,NY.GDP.PCAP.CD,2017,8696.68930427924
BGR,NY.GDP.PCAP.CD,2016,7822.49923292968
BGR,NY.GDP.PCAP.CD,2015,7268.65445473873
BGR,NY.GDP.PCAP.CD,2014,8069.60005667684
BGR,NY.GDP.PCAP.CD,2013,7795.98092108928
BGR,NY.GDP.PCAP.CD,2012,7431.95789508871
BGR,NY.GDP.PCAP.CD,2011,7849.58061302818
BGR,NY.GDP.PCAP.CD,2010,6853.94805511171
BGR,NY.GDP.PCAP.CD,2009,6988.27316296465
BGR,NY.GDP.PCAP.CD,2008,7271.30338858025
BGR,NY.GDP.PCAP.CD,2007,5888.57081403932
BGR,NY.GDP.PCAP.CD,2006,4523.1465578805
BGR,NY.GDP.PCAP.CD,2005,3899.82596332878
BGR,NY.GDP.PCAP.CD,2004,3389.68743360274
BGR,NY.GDP.PCAP.CD,2003,2719.49436859287
BGR,NY.GDP.PCAP.CD,2002,2092.98288625558
BGR,NY.GDP.PCAP.CD,2001,1770.90704918691
BGR,NY.GDP.PCAP.CD,2000,1621.26210738992
BGR,NY.GDP.PCAP.CD,1999,1660.9089125393
BGR,NY.GDP.PCAP.CD,1998,1820.44866449942
BGR,NY.GDP.PCAP.CD,1997,1361.40938439884
BGR,NY.GDP.PCAP.CD,1996,1470.19259250682
BGR,NY.GDP.PCAP.CD,1995,2259.25922555221
BGR,NY.GDP.PCAP.CD,1994,1149.89464008734
BGR,NY.GDP.PCAP.CD,1993,1278.52511370319
BGR,NY.GDP.PCAP.CD,1992,1007.34454544881
BGR,NY.GDP.PCAP.CD,1991,883.736578319325
BGR,NY.GDP.PCAP.CD,1990,2366.52982128614
BGR,NY.GDP.PCAP.CD,1989,2477.0208179596
BGR,NY.GDP.PCAP.CD,1988,2511.39306259489
BGR,NY.GDP.PCAP.CD,1987,3132.30136036246
BGR,NY.GDP.PCAP.CD,1986,2260.4272811545
BGR,NY.GDP.PCAP.CD,1985,1914.55064658793
BGR,NY.GDP.PCAP.CD,1984,1963.57267618274
BGR,NY.GDP.PCAP.CD,1983,1852.81343442802
BGR,NY.GDP.PCAP.CD,1982,2169.00401089683
BGR,NY.GDP.PCAP.CD,1981,2234.81481573125
BGR,NY.GDP.PCAP.CD,1980,2238.80295786574
BGR,NY.GDP.PCAP.CD,1979,
BGR,NY.GDP.PCAP.CD,1978,
BGR,NY.GDP.PCAP.CD,1977,
BGR,NY.GDP.PCAP.CD,1976,
BGR,NY.GDP.PCAP.CD,1975,
BGR,NY.GDP.PCAP.CD,1974,
BGR,NY.GDP.PCAP.CD,1973,
BGR,NY.GDP.PCAP.CD,1972,
BGR,NY.GDP.PCAP.CD,1971,
BGR,NY.GDP.PCAP.CD,1970,
BGR,NY.GDP.PCAP.CD,1969,
BGR,NY.GDP.PCAP.CD,1968,
BGR,NY.GDP.PCAP.CD,1967,
BGR,NY.GDP.PCAP.CD,1966,
BGR,NY.GDP.PCAP.CD,1965,
BGR,NY.GDP.PCAP.CD,1964,
BGR,NY.GDP.PCAP.CD,1963,
BGR,NY.GDP.PCAP.CD,1962,
BGR,NY.GDP.PCAP.CD,1961,
BGR,NY.GDP.PCAP.CD,1960,
BFA,NY.GDP.PCAP.CD,2025,
BFA,NY.GDP.PCAP.CD,2024,981.992649769081
BFA,NY.GDP.PCAP.CD,2023,873.482589651003
BFA,NY.GDP.PCAP.CD,2022,827.330843486661
BFA,NY.GDP.PCAP.CD,2021,895.535288442991
BFA,NY.GDP.PCAP.CD,2020,825.237038782475
BFA,NY.GDP.PCAP.CD,2019,764.853077774946
BFA,NY.GDP.PCAP.CD,2018,777.465618514048
BFA,NY.GDP.PCAP.CD,2017,709.091535894695
BFA,NY.GDP.PCAP.CD,2016,663.742364842886
BFA,NY.GDP.PCAP.CD,2015,630.124750752312
BFA,NY.GDP.PCAP.CD,2014,764.861675106225
BFA,NY.GDP.PCAP.CD,2013,759.762065168498
BFA,NY.GDP.PCAP.CD,2012,731.470138867833
BFA,NY.GDP.PCAP.CD,2011,725.024767725475
BFA,NY.GDP.PCAP.CD,2010,624.957252224766
BFA,NY.GDP.PCAP.CD,2009,601.569520671859
BFA,NY.GDP.PCAP.CD,2008,619.437533256264
BFA,NY.GDP.PCAP.CD,2007,514.684451177238
BFA,NY.GDP.PCAP.CD,2006,455.513655620024
BFA,NY.GDP.PCAP.CD,2005,441.164148016012
BFA,NY.GDP.PCAP.CD,2004,403.81283743461
BFA,NY.GDP.PCAP.CD,2003,362.373899996953
BFA,NY.GDP.PCAP.CD,2002,285.654087637533
BFA,NY.GDP.PCAP.CD,2001,259.485223380436
BFA,NY.GDP.PCAP.CD,2000,248.908526921752
BFA,NY.GDP.PCAP.CD,1999,292.836958697313
BFA,NY.GDP.PCAP.CD,1998,249.53173292493
BFA,NY.GDP.PCAP.CD,1997,223.853958525611
BFA,NY.GDP.PCAP.CD,1996,242.733171352672
BFA,NY.GDP.PCAP.CD,1995,229.092294496817
BFA,NY.GDP.PCAP.CD,1994,187.21142372606
BFA,NY.GDP.PCAP.CD,1993,324.111576707435
BFA,NY.GDP.PCAP.CD,1992,348.592443894547
BFA,NY.GDP.PCAP.CD,1991,333.70605512636
BFA,NY.GDP.PCAP.CD,1990,338.593759055128
BFA,NY.GDP.PCAP.CD,1989,293.188703727147
BFA,NY.GDP.PCAP.CD,1988,301.129214663833
BFA,NY.GDP.PCAP.CD,1987,280.218092226592
BFA,NY.GDP.PCAP.CD,1986,247.459134637104
BFA,NY.GDP.PCAP.CD,1985,194.063226299244
BFA,NY.GDP.PCAP.CD,1984,187.832224278391
BFA,NY.GDP.PCAP.CD,1983,211.925740542196
BFA,NY.GDP.PCAP.CD,1982,239.019483569339
BFA,NY.GDP.PCAP.CD,1981,248.707973908892
BFA,NY.GDP.PCAP.CD,1980,277.597531370181
BFA,NY.GDP.PCAP.CD,1979,258.501729034845
BFA,NY.GDP.PCAP.CD,1978,223.879111971163
BFA,NY.GDP.PCAP.CD,1977,175.963864454284
BFA,NY.GDP.PCAP.CD,1976,155.485422740659
BFA,NY.GDP.PCAP.CD,1975,152.901529606747
BFA,NY.GDP.PCAP.CD,1974,124.671435503255
BFA,NY.GDP.PCAP.CD,1973,114.137669473515
BFA,NY.GDP.PCAP.CD,1972,99.6335814933813
BFA,NY.GDP.PCAP.CD,1971,84.5149375676447
BFA,NY.GDP.PCAP.CD,1970,81.707563219742
BFA,NY.GDP.PCAP.CD,1969,86.7555395725224
BFA,NY.GDP.PCAP.CD,1968,84.9737848392287
BFA,NY.GDP.PCAP.CD,1967,84.6272011419546
BFA,NY.GDP.PCAP.CD,1966,82.8360664864243
BFA,NY.GDP.PCAP.CD,1965,82.0746159924647
BFA,NY.GDP.PCAP.CD,1964,80.9147887718582
BFA,NY.GDP.PCAP.CD,1963,78.9087736712073
BFA,NY.GDP.PCAP.CD,1962,77.1529279288175
BFA,NY.GDP.PCAP.CD,1961,72.2423787062462
BFA,NY.GDP.PCAP.CD,1960,69.1502456087615
BDI,NY.GDP.PCAP.CD,2025,
BDI,NY.GDP.PCAP.CD,2024,219.424830882698
BDI,NY.GDP.PCAP.CD,2023,250.627253097255
BDI,NY.GDP.PCAP.CD,2022,302.992505263552
BDI,NY.GDP.PCAP.CD,2021,264.980379269655
BDI,NY.GDP.PCAP.CD,2020,255.8324539389
BDI,NY.GDP.PCAP.CD,2019,234.31061590725
BDI,NY.GDP.PCAP.CD,2018,245.661678332009
BDI,NY.GDP.PCAP.CD,2017,246.060725714184
BDI,NY.GDP.PCAP.CD,2016,232.937812100153
BDI,NY.GDP.PCAP.CD,2015,254.402585226788
BDI,NY.GDP.PCAP.CD,2014,250.544492155185
BDI,NY.GDP.PCAP.CD,2013,234.844770150871
BDI,NY.GDP.PCAP.CD,2012,231.098787811507
BDI,NY.GDP.PCAP.CD,2011,230.069761381132
BDI,NY.GDP.PCAP.CD,2010,216.727705301976
BDI,NY.GDP.PCAP.CD,2009,198.431524048225
BDI,NY.GDP.PCAP.CD,2008,189.502074570768
BDI,NY.GDP.PCAP.CD,2007,166.162744906755
BDI,NY.GDP.PCAP.CD,2006,161.892755640319
BDI,NY.GDP.PCAP.CD,2005,147.234619294225
BDI,NY.GDP.PCAP.CD,2004,125.194965184533
BDI,NY.GDP.PCAP.CD,2003,111.406682804391
BDI,NY.GDP.PCAP.CD,2002,120.952308575468
BDI,NY.GDP.PCAP.CD,2001,132.159554541932
BDI,NY.GDP.PCAP.CD,2000,134.537861752389
BDI,NY.GDP.PCAP.CD,1999,127.51419578119
BDI,NY.GDP.PCAP.CD,1998,144.456948255536
BDI,NY.GDP.PCAP.CD,1997,160.278342046962
BDI,NY.GDP.PCAP.CD,1996,143.156741187159
BDI,NY.GDP.PCAP.CD,1995,164.915311679326
BDI,NY.GDP.PCAP.CD,1994,161.892584261635
BDI,NY.GDP.PCAP.CD,1993,165.344120319403
BDI,NY.GDP.PCAP.CD,1992,184.868970456447
BDI,NY.GDP.PCAP.CD,1991,204.668258398817
BDI,NY.GDP.PCAP.CD,1990,202.629446176297
BDI,NY.GDP.PCAP.CD,1989,203.578944192449
BDI,NY.GDP.PCAP.CD,1988,201.740400815807
BDI,NY.GDP.PCAP.CD,1987,215.608311467483
BDI,NY.GDP.PCAP.CD,1986,234.281244809988
BDI,NY.GDP.PCAP.CD,1985,228.440542564696
BDI,NY.GDP.PCAP.CD,1984,200.375711827241
BDI,NY.GDP.PCAP.CD,1983,225.209524508283
BDI,NY.GDP.PCAP.CD,1982,216.43619143507
BDI,NY.GDP.PCAP.CD,1981,212.23033189707
BDI,NY.GDP.PCAP.CD,1980,209.805736668168
BDI,NY.GDP.PCAP.CD,1979,186.152273604962
BDI,NY.GDP.PCAP.CD,1978,148.823232512919
BDI,NY.GDP.PCAP.CD,1977,137.448044387076
BDI,NY.GDP.PCAP.CD,1976,115.492131774523
BDI,NY.GDP.PCAP.CD,1975,110.884827490053
BDI,NY.GDP.PCAP.CD,1974,93.2240048340913
BDI,NY.GDP.PCAP.CD,1973,84.2581069284158
BDI,NY.GDP.PCAP.CD,1972,68.2321917909931
BDI,NY.GDP.PCAP.CD,1971,69.8982817558359
BDI,NY.GDP.PCAP.CD,1970,68.7543539795049
BDI,NY.GDP.PCAP.CD,1969,55.058838902942
BDI,NY.GDP.PCAP.CD,1968,54.1949782672812
BDI,NY.GDP.PCAP.CD,1967,54.0181425269089
BDI,NY.GDP.PCAP.CD,1966,51.4128738171299
BDI,NY.GDP.PCAP.CD,1965,50.613304005219
BDI,NY.GDP.PCAP.CD,1964,85.3337286665685
BDI,NY.GDP.PCAP.CD,1963,78.3711983234119
BDI,NY.GDP.PCAP.CD,1962,73.4195979769892
BDI,NY.GDP.PCAP.CD,1961,71.601929936627
BDI,NY.GDP.PCAP.CD,1960,70.9051000304602
CPV,NY.GDP.PCAP.CD,2025,
CPV,NY.GDP.PCAP.CD,2024,5192.48157325878
CPV,NY.GDP.PCAP.CD,2023,4794.90121917259
CPV,NY.GDP.PCAP.CD,2022,4323.31362032709
CPV,NY.GDP.PCAP.CD,2021,3971.44409203423
CPV,NY.GDP.PCAP.CD,2020,3539.22661248299
CPV,NY.GDP.PCAP.CD,2019,4380.78117331128
CPV,NY.GDP.PCAP.CD,2018,4294.96510035729
CPV,NY.GDP.PCAP.CD,2017,3893.09571382506
CPV,NY.GDP.PCAP.CD,2016,3608.96605234906
CPV,NY.GDP.PCAP.CD,2015,3415.06266730931
CPV,NY.GDP.PCAP.CD,2014,3985.60706548134
CPV,NY.GDP.PCAP.CD,2013,3960.97596791345
CPV,NY.GDP.PCAP.CD,2012,3736.81517011087
CPV,NY.GDP.PCAP.CD,2011,4002.01386888785
CPV,NY.GDP.PCAP.CD,2010,3579.46006137809
CPV,NY.GDP.PCAP.CD,2009,3659.72046361628
CPV,NY.GDP.PCAP.CD,2008,3908.64885822576
CPV,NY.GDP.PCAP.CD,2007,3324.57675212498
CPV,NY.GDP.PCAP.CD,2006,2256.99666191075
CPV,NY.GDP.PCAP.CD,2005,2004.14680417563
CPV,NY.GDP.PCAP.CD,2004,1929.49081468781
CPV,NY.GDP.PCAP.CD,2003,1717.97565369655
CPV,NY.GDP.PCAP.CD,2002,1328.57874270666
CPV,NY.GDP.PCAP.CD,2001,1223.33055331575
CPV,NY.GDP.PCAP.CD,2000,1189.51479345891
CPV,NY.GDP.PCAP.CD,1999,1326.74466945164
CPV,NY.GDP.PCAP.CD,1998,1186.74294773086
CPV,NY.GDP.PCAP.CD,1997,1133.57422614008
CPV,NY.GDP.PCAP.CD,1996,1179.51522705182
CPV,NY.GDP.PCAP.CD,1995,1165.13832331934
CPV,NY.GDP.PCAP.CD,1994,991.108974352157
CPV,NY.GDP.PCAP.CD,1993,1220.04997868613
CPV,NY.GDP.PCAP.CD,1992,907.847909529157
CPV,NY.GDP.PCAP.CD,1991,831.61388764249
CPV,NY.GDP.PCAP.CD,1990,817.442925539738
CPV,NY.GDP.PCAP.CD,1989,727.151685588784
CPV,NY.GDP.PCAP.CD,1988,729.470012847852
CPV,NY.GDP.PCAP.CD,1987,658.415191378217
CPV,NY.GDP.PCAP.CD,1986,541.142985647338
CPV,NY.GDP.PCAP.CD,1985,396.494191452033
CPV,NY.GDP.PCAP.CD,1984,385.451419954827
CPV,NY.GDP.PCAP.CD,1983,410.112646734121
CPV,NY.GDP.PCAP.CD,1982,422.664667963472
CPV,NY.GDP.PCAP.CD,1981,425.407688720331
CPV,NY.GDP.PCAP.CD,1980,439.982602420059
CPV,NY.GDP.PCAP.CD,1979,
CPV,NY.GDP.PCAP.CD,1978,
CPV,NY.GDP.PCAP.CD,1977,
CPV,NY.GDP.PCAP.CD,1976,
CPV,NY.GDP.PCAP.CD,1975,
CPV,NY.GDP.PCAP.CD,1974,
CPV,NY.GDP.PCAP.CD,1973,
CPV,NY.GDP.PCAP.CD,1972,
CPV,NY.GDP.PCAP.CD,1971,
CPV,NY.GDP.PCAP.CD,1970,
CPV,NY.GDP.PCAP.CD,1969,
CPV,NY.GDP.PCAP.CD,1968,
CPV,NY.GDP.PCAP.CD,1967,
CPV,NY.GDP.PCAP.CD,1966,
CPV,NY.GDP.PCAP.CD,1965,
CPV,NY.GDP.PCAP.CD,1964,
CPV,NY.GDP.PCAP.CD,1963,
CPV,NY.GDP.PCAP.CD,1962,
CPV,NY.GDP.PCAP.CD,1961,
CPV,NY.GDP.PCAP.CD,1960,
KHM,NY.GDP.PCAP.CD,2025,
KHM,NY.GDP.PCAP.CD,2024,2627.87969756224
KHM,NY.GDP.PCAP.CD,2023,2429.74853452838
KHM,NY.GDP.PCAP.CD,2022,2325.03050040841
KHM,NY.GDP.PCAP.CD,2021,2167.40324198499
KHM,NY.GDP.PCAP.CD,2020,2081.73914242939
KHM,NY.GDP.PCAP.CD,2019,2225.87705485686
KHM,NY.GDP.PCAP.CD,2018,2036.67377566578
KHM,NY.GDP.PCAP.CD,2017,1826.35391688754
KHM,NY.GDP.PCAP.CD,2016,1675.19555711109
KHM,NY.GDP.PCAP.CD,2015,1547.32010444393
KHM,NY.GDP.PCAP.CD,2014,1431.56396469993
KHM,NY.GDP.PCAP.CD,2013,1305.6600972686
KHM,NY.GDP.PCAP.CD,2012,1192.80263041673
KHM,NY.GDP.PCAP.CD,2011,1088.98152823081
KHM,NY.GDP.PCAP.CD,2010,952.274616324008
KHM,NY.GDP.PCAP.CD,2009,875.748936193569
KHM,NY.GDP.PCAP.CD,2008,866.283999789749
KHM,NY.GDP.PCAP.CD,2007,731.692295125426
KHM,NY.GDP.PCAP.CD,2006,612.252648550727
KHM,NY.GDP.PCAP.CD,2005,525.797325120926
KHM,NY.GDP.PCAP.CD,2004,444.199067529081
KHM,NY.GDP.PCAP.CD,2003,386.691123931778
KHM,NY.GDP.PCAP.CD,2002,350.147276634294
KHM,NY.GDP.PCAP.CD,2001,327.500984314444
KHM,NY.GDP.PCAP.CD,2000,296.426687526334
KHM,NY.GDP.PCAP.CD,1999,286.753596443196
KHM,NY.GDP.PCAP.CD,1998,258.780953189377
KHM,NY.GDP.PCAP.CD,1997,297.59041960803
KHM,NY.GDP.PCAP.CD,1996,324.655870983004
KHM,NY.GDP.PCAP.CD,1995,343.485224671585
KHM,NY.GDP.PCAP.CD,1994,302.1307854832
KHM,NY.GDP.PCAP.CD,1993,294.059372727558
KHM,NY.GDP.PCAP.CD,1992,307.094922385136
KHM,NY.GDP.PCAP.CD,1991,267.336306726982
KHM,NY.GDP.PCAP.CD,1990,190.181470036159
KHM,NY.GDP.PCAP.CD,1989,191.297492431658
KHM,NY.GDP.PCAP.CD,1988,244.109577464605
KHM,NY.GDP.PCAP.CD,1987,158.124375446975
KHM,NY.GDP.PCAP.CD,1986,185.759997798349
KHM,NY.GDP.PCAP.CD,1985,182.446852317187
KHM,NY.GDP.PCAP.CD,1984,174.705837134358
KHM,NY.GDP.PCAP.CD,1983,166.65319934361
KHM,NY.GDP.PCAP.CD,1982,159.206634020357
KHM,NY.GDP.PCAP.CD,1981,154.253841174151
KHM,NY.GDP.PCAP.CD,1980,143.154317973128
KHM,NY.GDP.PCAP.CD,1979,142.221617062037
KHM,NY.GDP.PCAP.CD,1978,147.101573366096
KHM,NY.GDP.PCAP.CD,1977,126.357117453489
KHM,NY.GDP.PCAP.CD,1976,128.827777341533
KHM,NY.GDP.PCAP.CD,1975,113.825789208758
KHM,NY.GDP.PCAP.CD,1974,
KHM,NY.GDP.PCAP.CD,1973,
KHM,NY.GDP.PCAP.CD,1972,
KHM,NY.GDP.PCAP.CD,1971,
KHM,NY.GDP.PCAP.CD,1970,
KHM,NY.GDP.PCAP.CD,1969,
KHM,NY.GDP.PCAP.CD,1968,
KHM,NY.GDP.PCAP.CD,1967,
KHM,NY.GDP.PCAP.CD,1966,
KHM,NY.GDP.PCAP.CD,1965,
KHM,NY.GDP.PCAP.CD,1964,
KHM,NY.GDP.PCAP.CD,1963,
KHM,NY.GDP.PCAP.CD,1962,
KHM,NY.GDP.PCAP.CD,1961,
KHM,NY.GDP.PCAP.CD,1960,
CMR,NY.GDP.PCAP.CD,2025,
CMR,NY.GDP.PCAP.CD,2024,1830.00833684727
CMR,NY.GDP.PCAP.CD,2023,1720.47510154506
CMR,NY.GDP.PCAP.CD,2022,1604.87726954895
CMR,NY.GDP.PCAP.CD,2021,1672.32657340872
CMR,NY.GDP.PCAP.CD,2020,1555.60370660749
CMR,NY.GDP.PCAP.CD,2019,1555.22660476477
CMR,NY.GDP.PCAP.CD,2018,1610.69641591017
CMR,NY.GDP.PCAP.CD,2017,1496.08951771242
CMR,NY.GDP.PCAP.CD,2016,1441.7201725688
CMR,NY.GDP.PCAP.CD,2015,1415.00009710569
CMR,NY.GDP.PCAP.CD,2014,1649.4433905949
CMR,NY.GDP.PCAP.CD,2013,1575.92882118897
CMR,NY.GDP.PCAP.CD,2012,1449.09874362279
CMR,NY.GDP.PCAP.CD,2011,1513.96056994878
CMR,NY.GDP.PCAP.CD,2010,1398.58702025047
CMR,NY.GDP.PCAP.CD,2009,1461.38999232337
CMR,NY.GDP.PCAP.CD,2008,1492.14269801453
CMR,NY.GDP.PCAP.CD,2007,1325.67248215933
CMR,NY.GDP.PCAP.CD,2006,1191.45458990968
CMR,NY.GDP.PCAP.CD,2005,1142.62466252106
CMR,NY.GDP.PCAP.CD,2004,1133.39326749673
CMR,NY.GDP.PCAP.CD,2003,988.241276791846
CMR,NY.GDP.PCAP.CD,2002,789.623811072554
CMR,NY.GDP.PCAP.CD,2001,715.470296470585
CMR,NY.GDP.PCAP.CD,2000,708.565731625965
CMR,NY.GDP.PCAP.CD,1999,796.262649784591
CMR,NY.GDP.PCAP.CD,1998,798.745621406677
CMR,NY.GDP.PCAP.CD,1997,783.251601945462
CMR,NY.GDP.PCAP.CD,1996,826.965322327363
CMR,NY.GDP.PCAP.CD,1995,832.006674487689
CMR,NY.GDP.PCAP.CD,1994,700.70950185009
CMR,NY.GDP.PCAP.CD,1993,1309.93629975506
CMR,NY.GDP.PCAP.CD,1992,1005.44897647465
CMR,NY.GDP.PCAP.CD,1991,1014.82897292999
CMR,NY.GDP.PCAP.CD,1990,1086.71700937081
CMR,NY.GDP.PCAP.CD,1989,1000.89261316386
CMR,NY.GDP.PCAP.CD,1988,1145.16555992416
CMR,NY.GDP.PCAP.CD,1987,1258.31412766207
CMR,NY.GDP.PCAP.CD,1986,1178.59374950439
CMR,NY.GDP.PCAP.CD,1985,875.337721693686
CMR,NY.GDP.PCAP.CD,1984,771.702146026357
CMR,NY.GDP.PCAP.CD,1983,745.513189491527
CMR,NY.GDP.PCAP.CD,1982,732.250719743892
CMR,NY.GDP.PCAP.CD,1981,749.847541304586
CMR,NY.GDP.PCAP.CD,1980,784.116227118122
CMR,NY.GDP.PCAP.CD,1979,718.356902030319
CMR,NY.GDP.PCAP.CD,1978,581.989336032215
CMR,NY.GDP.PCAP.CD,1977,435.408656274786
CMR,NY.GDP.PCAP.CD,1976,381.429915266252
CMR,NY.GDP.PCAP.CD,1975,386.236450275088
CMR,NY.GDP.PCAP.CD,1974,299.908339494791
CMR,NY.GDP.PCAP.CD,1973,271.757290053085
CMR,NY.GDP.PCAP.CD,1972,220.108720960652
CMR,NY.GDP.PCAP.CD,1971,186.724820408777
CMR,NY.GDP.PCAP.CD,1970,178.488982961305
CMR,NY.GDP.PCAP.CD,1969,175.150496434432
CMR,NY.GDP.PCAP.CD,1968,170.782666507465
CMR,NY.GDP.PCAP.CD,1967,156.621290691062
CMR,NY.GDP.PCAP.CD,1966,145.80598283154
CMR,NY.GDP.PCAP.CD,1965,142.704307565995
CMR,NY.GDP.PCAP.CD,1964,139.228109587718
CMR,NY.GDP.PCAP.CD,1963,131.642014675439
CMR,NY.GDP.PCAP.CD,1962,130.042569873656
CMR,NY.GDP.PCAP.CD,1961,124.593165563331
CMR,NY.GDP.PCAP.CD,1960,119.05394115577
CAN,NY.GDP.PCAP.CD,2025,
CAN,NY.GDP.PCAP.CD,2024,54340.3477224733
CAN,NY.GDP.PCAP.CD,2023,54220.3285039875
CAN,NY.GDP.PCAP.CD,2022,56256.8007264015
CAN,NY.GDP.PCAP.CD,2021,52886.6616372703
CAN,NY.GDP.PCAP.CD,2020,43537.839298904
CAN,NY.GDP.PCAP.CD,2019,46352.8693445211
CAN,NY.GDP.PCAP.CD,2018,46539.1761570405
CAN,NY.GDP.PCAP.CD,2017,45129.628116623
CAN,NY.GDP.PCAP.CD,2016,42314.0615817218
CAN,NY.GDP.PCAP.CD,2015,43594.1941045394
CAN,NY.GDP.PCAP.CD,2014,50960.8431174661
CAN,NY.GDP.PCAP.CD,2013,52638.1187235237
CAN,NY.GDP.PCAP.CD,2012,52670.3447335415
CAN,NY.GDP.PCAP.CD,2011,52223.8588398531
CAN,NY.GDP.PCAP.CD,2010,47560.6666009406
CAN,NY.GDP.PCAP.CD,2009,40874.8831932903
CAN,NY.GDP.PCAP.CD,2008,46710.2526864484
CAN,NY.GDP.PCAP.CD,2007,44660.0838892281
CAN,NY.GDP.PCAP.CD,2006,40504.0370977806
CAN,NY.GDP.PCAP.CD,2005,36383.6600068095
CAN,NY.GDP.PCAP.CD,2004,32145.5412620217
CAN,NY.GDP.PCAP.CD,2003,28301.8645937428
CAN,NY.GDP.PCAP.CD,2002,24256.0192337185
CAN,NY.GDP.PCAP.CD,2001,23822.096210932
CAN,NY.GDP.PCAP.CD,2000,24271.0020563821
CAN,NY.GDP.PCAP.CD,1999,22315.2466731545
CAN,NY.GDP.PCAP.CD,1998,21024.5850687045
CAN,NY.GDP.PCAP.CD,1997,21901.5628548392
CAN,NY.GDP.PCAP.CD,1996,21296.9723536904
CAN,NY.GDP.PCAP.CD,1995,20679.634792669
CAN,NY.GDP.PCAP.CD,1994,19997.6237373354
CAN,NY.GDP.PCAP.CD,1993,20186.7988782965
CAN,NY.GDP.PCAP.CD,1992,20950.3305287651
CAN,NY.GDP.PCAP.CD,1991,21846.7930471354
CAN,NY.GDP.PCAP.CD,1990,21525.8611387148
CAN,NY.GDP.PCAP.CD,1989,20794.682233334
CAN,NY.GDP.PCAP.CD,1988,19012.5723278349
CAN,NY.GDP.PCAP.CD,1987,16377.6902109541
CAN,NY.GDP.PCAP.CD,1986,14521.1800806
CAN,NY.GDP.PCAP.CD,1985,14170.1249406067
CAN,NY.GDP.PCAP.CD,1984,13930.4745502555
CAN,NY.GDP.PCAP.CD,1983,13477.1031699599
CAN,NY.GDP.PCAP.CD,1982,12527.3135323802
CAN,NY.GDP.PCAP.CD,1981,12379.0368643833
CAN,NY.GDP.PCAP.CD,1980,11208.2027394178
CAN,NY.GDP.PCAP.CD,1979,10077.5026707269
CAN,NY.GDP.PCAP.CD,1978,9154.43325277735
CAN,NY.GDP.PCAP.CD,1977,8949.10989272982
CAN,NY.GDP.PCAP.CD,1976,8838.94710677652
CAN,NY.GDP.PCAP.CD,1975,7536.52009823861
CAN,NY.GDP.PCAP.CD,1974,7056.70847496589
CAN,NY.GDP.PCAP.CD,1973,5858.33407318788
CAN,NY.GDP.PCAP.CD,1972,5106.73708049128
CAN,NY.GDP.PCAP.CD,1971,4535.39338907773
CAN,NY.GDP.PCAP.CD,1970,4135.82149842006
CAN,NY.GDP.PCAP.CD,1969,3776.15613110238
CAN,NY.GDP.PCAP.CD,1968,3473.23722551871
CAN,NY.GDP.PCAP.CD,1967,3226.38273682011
CAN,NY.GDP.PCAP.CD,1966,3055.28807884507
CAN,NY.GDP.PCAP.CD,1965,2777.18317301162
CAN,NY.GDP.PCAP.CD,1964,2561.63849088572
CAN,NY.GDP.PCAP.CD,1963,2380.31732899108
CAN,NY.GDP.PCAP.CD,1962,2274.4284708191
CAN,NY.GDP.PCAP.CD,1961,2246.08356619252
CAN,NY.GDP.PCAP.CD,1960,2264.94849658191
CYM,NY.GDP.PCAP.CD,2025,
CYM,NY.GDP.PCAP.CD,2024,
CYM,NY.GDP.PCAP.CD,2023,99143.5180243123
CYM,NY.GDP.PCAP.CD,2022,93030.7051447803
CYM,NY.GDP.PCAP.CD,2021,86449.6749037302
CYM,NY.GDP.PCAP.CD,2020,82338.7977439023
CYM,NY.GDP.PCAP.CD,2019,88254.2902486867
CYM,NY.GDP.PCAP.CD,2018,83865.5540393356
CYM,NY.GDP.PCAP.CD,2017,80053.9442657031
CYM,NY.GDP.PCAP.CD,2016,77802.2535658023
CYM,NY.GDP.PCAP.CD,2015,76379.2098777987
CYM,NY.GDP.PCAP.CD,2014,75845.3055572577
CYM,NY.GDP.PCAP.CD,2013,75113.7342282813
CYM,NY.GDP.PCAP.CD,2012,75101.5906883232
CYM,NY.GDP.PCAP.CD,2011,75280.9617699986
CYM,NY.GDP.PCAP.CD,2010,76837.6710064442
CYM,NY.GDP.PCAP.CD,2009,81373.5721242232
CYM,NY.GDP.PCAP.CD,2008,89655.1185574521
CYM,NY.GDP.PCAP.CD,2007,89888.2611264853
CYM,NY.GDP.PCAP.CD,2006,87085.0945866141
CYM,NY.GDP.PCAP.CD,2005,
CYM,NY.GDP.PCAP.CD,2004,
CYM,NY.GDP.PCAP.CD,2003,
CYM,NY.GDP.PCAP.CD,2002,
CYM,NY.GDP.PCAP.CD,2001,
CYM,NY.GDP.PCAP.CD,2000,
CYM,NY.GDP.PCAP.CD,1999,
CYM,NY.GDP.PCAP.CD,1998,
CYM,NY.GDP.PCAP.CD,1997,
CYM,NY.GDP.PCAP.CD,1996,
CYM,NY.GDP.PCAP.CD,1995,
CYM,NY.GDP.PCAP.CD,1994,
CYM,NY.GDP.PCAP.CD,1993,
CYM,NY.GDP.PCAP.CD,1992,
CYM,NY.GDP.PCAP.CD,1991,
CYM,NY.GDP.PCAP.CD,1990,
CYM,NY.GDP.PCAP.CD,1989,
CYM,NY.GDP.PCAP.CD,1988,
CYM,NY.GDP.PCAP.CD,1987,
CYM,NY.GDP.PCAP.CD,1986,
CYM,NY.GDP.PCAP.CD,1985,
CYM,NY.GDP.PCAP.CD,1984,
CYM,NY.GDP.PCAP.CD,1983,
CYM,NY.GDP.PCAP.CD,1982,
CYM,NY.GDP.PCAP.CD,1981,
CYM,NY.GDP.PCAP.CD,1980,
CYM,NY.GDP.PCAP.CD,1979,
CYM,NY.GDP.PCAP.CD,1978,
CYM,NY.GDP.PCAP.CD,1977,
CYM,NY.GDP.PCAP.CD,1976,
CYM,NY.GDP.PCAP.CD,1975,
CYM,NY.GDP.PCAP.CD,1974,
CYM,NY.GDP.PCAP.CD,1973,
CYM,NY.GDP.PCAP.CD,1972,
CYM,NY.GDP.PCAP.CD,1971,
CYM,NY.GDP.PCAP.CD,1970,
CYM,NY.GDP.PCAP.CD,1969,
CYM,NY.GDP.PCAP.CD,1968,
CYM,NY.GDP.PCAP.CD,1967,
CYM,NY.GDP.PCAP.CD,1966,
CYM,NY.GDP.PCAP.CD,1965,
CYM,NY.GDP.PCAP.CD,1964,
CYM,NY.GDP.PCAP.CD,1963,
CYM,NY.GDP.PCAP.CD,1962,
CYM,NY.GDP.PCAP.CD,1961,
CYM,NY.GDP.PCAP.CD,1960,
CAF,NY.GDP.PCAP.CD,2025,
CAF,NY.GDP.PCAP.CD,2024,516.160999996036
CAF,NY.GDP.PCAP.CD,2023,495.978897288721
CAF,NY.GDP.PCAP.CD,2022,467.359825026238
CAF,NY.GDP.PCAP.CD,2021,492.263142830507
CAF,NY.GDP.PCAP.CD,2020,462.879071294011
CAF,NY.GDP.PCAP.CD,2019,449.228467602439
CAF,NY.GDP.PCAP.CD,2018,455.243962859534
CAF,NY.GDP.PCAP.CD,2017,432.324025684263
CAF,NY.GDP.PCAP.CD,2016,387.176203444318
CAF,NY.GDP.PCAP.CD,2015,366.322853938121
CAF,NY.GDP.PCAP.CD,2014,409.8504859647
CAF,NY.GDP.PCAP.CD,2013,364.36696260838
CAF,NY.GDP.PCAP.CD,2012,544.395849142785
CAF,NY.GDP.PCAP.CD,2011,534.057281471636
CAF,NY.GDP.PCAP.CD,2010,476.873786950728
CAF,NY.GDP.PCAP.CD,2009,456.471673898404
CAF,NY.GDP.PCAP.CD,2008,437.24827472489
CAF,NY.GDP.PCAP.CD,2007,380.887048839475
CAF,NY.GDP.PCAP.CD,2006,333.942519903031
CAF,NY.GDP.PCAP.CD,2005,311.950023138687
CAF,NY.GDP.PCAP.CD,2004,303.461321152782
CAF,NY.GDP.PCAP.CD,2003,278.403992150941
CAF,NY.GDP.PCAP.CD,2002,248.639290978403
CAF,NY.GDP.PCAP.CD,2001,237.951702544735
CAF,NY.GDP.PCAP.CD,2000,239.154133726071
CAF,NY.GDP.PCAP.CD,1999,267.995954011083
CAF,NY.GDP.PCAP.CD,1998,266.570544600384
CAF,NY.GDP.PCAP.CD,1997,265.5212823896
CAF,NY.GDP.PCAP.CD,1996,293.306575328658
CAF,NY.GDP.PCAP.CD,1995,333.145863233895
CAF,NY.GDP.PCAP.CD,1994,261.260397409459
CAF,NY.GDP.PCAP.CD,1993,404.954546941526
CAF,NY.GDP.PCAP.CD,1992,461.587303490896
CAF,NY.GDP.PCAP.CD,1991,464.828283626364
CAF,NY.GDP.PCAP.CD,1990,501.656200636394
CAF,NY.GDP.PCAP.CD,1989,443.226859814307
CAF,NY.GDP.PCAP.CD,1988,466.070596898859
CAF,NY.GDP.PCAP.CD,1987,449.952130096608
CAF,NY.GDP.PCAP.CD,1986,426.02699258009
CAF,NY.GDP.PCAP.CD,1985,332.515358450814
CAF,NY.GDP.PCAP.CD,1984,248.313551025498
CAF,NY.GDP.PCAP.CD,1983,259.588394525784
CAF,NY.GDP.PCAP.CD,1982,298.444544895201
CAF,NY.GDP.PCAP.CD,1981,280.343391789938
CAF,NY.GDP.PCAP.CD,1980,325.254770299088
CAF,NY.GDP.PCAP.CD,1979,289.118938225139
CAF,NY.GDP.PCAP.CD,1978,254.624087711594
CAF,NY.GDP.PCAP.CD,1977,213.785550996675
CAF,NY.GDP.PCAP.CD,1976,192.09699080748
CAF,NY.GDP.PCAP.CD,1975,163.644668287845
CAF,NY.GDP.PCAP.CD,1974,124.000349692552
CAF,NY.GDP.PCAP.CD,1973,121.824846111542
CAF,NY.GDP.PCAP.CD,1972,105.468061578138
CAF,NY.GDP.PCAP.CD,1971,94.0721472956876
CAF,NY.GDP.PCAP.CD,1970,90.1578442993038
CAF,NY.GDP.PCAP.CD,1969,91.6587059467658
CAF,NY.GDP.PCAP.CD,1968,95.6398392122972
CAF,NY.GDP.PCAP.CD,1967,83.562965105064
CAF,NY.GDP.PCAP.CD,1966,82.3374694570342
CAF,NY.GDP.PCAP.CD,1965,80.184506042463
CAF,NY.GDP.PCAP.CD,1964,77.2050398029084
CAF,NY.GDP.PCAP.CD,1963,71.7551875686265
CAF,NY.GDP.PCAP.CD,1962,70.404229268492
CAF,NY.GDP.PCAP.CD,1961,70.988125923024
CAF,NY.GDP.PCAP.CD,1960,65.8829629770666
TCD,NY.GDP.PCAP.CD,2025,
TCD,NY.GDP.PCAP.CD,2024,961.55975562506
TCD,NY.GDP.PCAP.CD,2023,949.333453674592
TCD,NY.GDP.PCAP.CD,2022,966.036468278568
TCD,NY.GDP.PCAP.CD,2021,946.358500208374
TCD,NY.GDP.PCAP.CD,2020,866.947814890409
TCD,NY.GDP.PCAP.CD,2019,893.336441643325
TCD,NY.GDP.PCAP.CD,2018,948.656629871231
TCD,NY.GDP.PCAP.CD,2017,854.46120040098
TCD,NY.GDP.PCAP.CD,2016,861.831767630746
TCD,NY.GDP.PCAP.CD,2015,993.990730610869
TCD,NY.GDP.PCAP.CD,2014,1278.78981422494
TCD,NY.GDP.PCAP.CD,2013,1304.88742971475
TCD,NY.GDP.PCAP.CD,2012,1354.34344701937
TCD,NY.GDP.PCAP.CD,2011,1308.1421872538
TCD,NY.GDP.PCAP.CD,2010,1141.80069268412
TCD,NY.GDP.PCAP.CD,2009,1035.63719694254
TCD,NY.GDP.PCAP.CD,2008,1166.36883453841
TCD,NY.GDP.PCAP.CD,2007,980.483531485103
TCD,NY.GDP.PCAP.CD,2006,906.897260572747
TCD,NY.GDP.PCAP.CD,2005,838.092107712557
TCD,NY.GDP.PCAP.CD,2004,445.850767157087
TCD,NY.GDP.PCAP.CD,2003,289.087621122168
TCD,NY.GDP.PCAP.CD,2002,219.061391951349
TCD,NY.GDP.PCAP.CD,2001,194.32295331156
TCD,NY.GDP.PCAP.CD,2000,163.121663683369
TCD,NY.GDP.PCAP.CD,1999,186.638531146223
TCD,NY.GDP.PCAP.CD,1998,219.779530915601
TCD,NY.GDP.PCAP.CD,1997,201.384076969355
TCD,NY.GDP.PCAP.CD,1996,216.912541056484
TCD,NY.GDP.PCAP.CD,1995,203.964852705041
TCD,NY.GDP.PCAP.CD,1994,173.928895064035
TCD,NY.GDP.PCAP.CD,1993,220.729964903293
TCD,NY.GDP.PCAP.CD,1992,290.648286132566
TCD,NY.GDP.PCAP.CD,1991,302.487268390603
TCD,NY.GDP.PCAP.CD,1990,290.599045262191
TCD,NY.GDP.PCAP.CD,1989,246.355378549117
TCD,NY.GDP.PCAP.CD,1988,263.544647841815
TCD,NY.GDP.PCAP.CD,1987,213.931729919066
TCD,NY.GDP.PCAP.CD,1986,203.354449515341
TCD,NY.GDP.PCAP.CD,1985,202.710985101435
TCD,NY.GDP.PCAP.CD,1984,182.175880946335
TCD,NY.GDP.PCAP.CD,1983,167.180974589951
TCD,NY.GDP.PCAP.CD,1982,176.083750783324
TCD,NY.GDP.PCAP.CD,1981,193.971579541809
TCD,NY.GDP.PCAP.CD,1980,228.770491876017
TCD,NY.GDP.PCAP.CD,1979,222.914738532944
TCD,NY.GDP.PCAP.CD,1978,252.511381682505
TCD,NY.GDP.PCAP.CD,1977,215.935450416974
TCD,NY.GDP.PCAP.CD,1976,203.713116730324
TCD,NY.GDP.PCAP.CD,1975,207.476255156215
TCD,NY.GDP.PCAP.CD,1974,159.998978775959
TCD,NY.GDP.PCAP.CD,1973,162.371866237422
TCD,NY.GDP.PCAP.CD,1972,150.369805704401
TCD,NY.GDP.PCAP.CD,1971,131.816410865026
TCD,NY.GDP.PCAP.CD,1970,125.882078424937
TCD,NY.GDP.PCAP.CD,1969,129.175848997716
TCD,NY.GDP.PCAP.CD,1968,126.87277490154
TCD,NY.GDP.PCAP.CD,1967,128.209999741615
TCD,NY.GDP.PCAP.CD,1966,125.779460124418
TCD,NY.GDP.PCAP.CD,1965,123.56227611622
TCD,NY.GDP.PCAP.CD,1964,118.594106789032
TCD,NY.GDP.PCAP.CD,1963,114.710860761079
TCD,NY.GDP.PCAP.CD,1962,112.619958010844
TCD,NY.GDP.PCAP.CD,1961,107.320380491931
TCD,NY.GDP.PCAP.CD,1960,102.819470459603
CHI,NY.GDP.PCAP.CD,2025,
CHI,NY.GDP.PCAP.CD,2024,
CHI,NY.GDP.PCAP.CD,2023,74585.5224096294
CHI,NY.GDP.PCAP.CD,2022,67627.1417347907
CHI,NY.GDP.PCAP.CD,2021,66915.3963925722
CHI,NY.GDP.PCAP.CD,2020,56785.9402005039
CHI,NY.GDP.PCAP.CD,2019,60564.6293993681
CHI,NY.GDP.PCAP.CD,2018,60784.8125397162
CHI,NY.GDP.PCAP.CD,2017,55806.3554257428
CHI,NY.GDP.PCAP.CD,2016,55947.579811974
CHI,NY.GDP.PCAP.CD,2015,61847.8212238857
CHI,NY.GDP.PCAP.CD,2014,64697.5485024325
CHI,NY.GDP.PCAP.CD,2013,59308.4666588674
CHI,NY.GDP.PCAP.CD,2012,58809.5698945413
CHI,NY.GDP.PCAP.CD,2011,60415.2632075658
CHI,NY.GDP.PCAP.CD,2010,56123.4597963451
CHI,NY.GDP.PCAP.CD,2009,57778.5407063052
CHI,NY.GDP.PCAP.CD,2008,
CHI,NY.GDP.PCAP.CD,2007,74139.97799443
CHI,NY.GDP.PCAP.CD,2006,62745.1006593557
CHI,NY.GDP.PCAP.CD,2005,57647.1188908006
CHI,NY.GDP.PCAP.CD,2004,56259.5344226334
CHI,NY.GDP.PCAP.CD,2003,48570.7796632166
CHI,NY.GDP.PCAP.CD,2002,44459.7318188977
CHI,NY.GDP.PCAP.CD,2001,41873.7406146127
CHI,NY.GDP.PCAP.CD,2000,43479.1940767689
CHI,NY.GDP.PCAP.CD,1999,42443.7199726991
CHI,NY.GDP.PCAP.CD,1998,40472.6653548172
CHI,NY.GDP.PCAP.CD,1997,
CHI,NY.GDP.PCAP.CD,1996,
CHI,NY.GDP.PCAP.CD,1995,
CHI,NY.GDP.PCAP.CD,1994,
CHI,NY.GDP.PCAP.CD,1993,
CHI,NY.GDP.PCAP.CD,1992,
CHI,NY.GDP.PCAP.CD,1991,
CHI,NY.GDP.PCAP.CD,1990,
CHI,NY.GDP.PCAP.CD,1989,
CHI,NY.GDP.PCAP.CD,1988,
CHI,NY.GDP.PCAP.CD,1987,
CHI,NY.GDP.PCAP.CD,1986,
CHI,NY.GDP.PCAP.CD,1985,
CHI,NY.GDP.PCAP.CD,1984,
CHI,NY.GDP.PCAP.CD,1983,
CHI,NY.GDP.PCAP.CD,1982,
CHI,NY.GDP.PCAP.CD,1981,
CHI,NY.GDP.PCAP.CD,1980,
CHI,NY.GDP.PCAP.CD,1979,
CHI,NY.GDP.PCAP.CD,1978,
CHI,NY.GDP.PCAP.CD,1977,
CHI,NY.GDP.PCAP.CD,1976,
CHI,NY.GDP.PCAP.CD,1975,
CHI,NY.GDP.PCAP.CD,1974,
CHI,NY.GDP.PCAP.CD,1973,
CHI,NY.GDP.PCAP.CD,1972,
CHI,NY.GDP.PCAP.CD,1971,
CHI,NY.GDP.PCAP.CD,1970,
CHI,NY.GDP.PCAP.CD,1969,
CHI,NY.GDP.PCAP.CD,1968,
CHI,NY.GDP.PCAP.CD,1967,
CHI,NY.GDP.PCAP.CD,1966,
CHI,NY.GDP.PCAP.CD,1965,
CHI,NY.GDP.PCAP.CD,1964,
CHI,NY.GDP.PCAP.CD,1963,
CHI,NY.GDP.PCAP.CD,1962,
CHI,NY.GDP.PCAP.CD,1961,
CHI,NY.GDP.PCAP.CD,1960,
CHL,NY.GDP.PCAP.CD,2025,
CHL,NY.GDP.PCAP.CD,2024,16709.8893972307
CHL,NY.GDP.PCAP.CD,2023,17067.0364799154
CHL,NY.GDP.PCAP.CD,2022,15405.6165774073
CHL,NY.GDP.PCAP.CD,2021,16206.8325493421
CHL,NY.GDP.PCAP.CD,2020,13114.815470545
CHL,NY.GDP.PCAP.CD,2019,14495.716721687
CHL,NY.GDP.PCAP.CD,2018,15659.4808675628
CHL,NY.GDP.PCAP.CD,2017,14879.9086227187
CHL,NY.GDP.PCAP.CD,2016,13649.8520452803
CHL,NY.GDP.PCAP.CD,2015,13433.9202987032
CHL,NY.GDP.PCAP.CD,2014,14529.6767206336
CHL,NY.GDP.PCAP.CD,2013,15683.5486369155
CHL,NY.GDP.PCAP.CD,2012,15241.9069981119
CHL,NY.GDP.PCAP.CD,2011,14487.3927832032
CHL,NY.GDP.PCAP.CD,2010,12632.8704724192
CHL,NY.GDP.PCAP.CD,2009,10098.8017167286
CHL,NY.GDP.PCAP.CD,2008,10683.2188772511
CHL,NY.GDP.PCAP.CD,2007,10346.4138184533
CHL,NY.GDP.PCAP.CD,2006,9318.65655296121
CHL,NY.GDP.PCAP.CD,2005,7480.32330998636
CHL,NY.GDP.PCAP.CD,2004,6120.59152055344
CHL,NY.GDP.PCAP.CD,2003,4773.40177520754
CHL,NY.GDP.PCAP.CD,2002,4430.84741157984
CHL,NY.GDP.PCAP.CD,2001,4563.5952986689
CHL,NY.GDP.PCAP.CD,2000,5052.99245766325
CHL,NY.GDP.PCAP.CD,1999,4933.55581516755
CHL,NY.GDP.PCAP.CD,1998,5419.82417297191
CHL,NY.GDP.PCAP.CD,1997,5741.95842989596
CHL,NY.GDP.PCAP.CD,1996,5333.50438729711
CHL,NY.GDP.PCAP.CD,1995,5081.4682771561
CHL,NY.GDP.PCAP.CD,1994,4012.10159912285
CHL,NY.GDP.PCAP.CD,1993,3540.91377313015
CHL,NY.GDP.PCAP.CD,1992,3351.84108855522
CHL,NY.GDP.PCAP.CD,1991,2798.34262413795
CHL,NY.GDP.PCAP.CD,1990,2487.76829657299
CHL,NY.GDP.PCAP.CD,1989,2277.84764297202
CHL,NY.GDP.PCAP.CD,1988,2013.53987790886
CHL,NY.GDP.PCAP.CD,1987,1767.41389670161
CHL,NY.GDP.PCAP.CD,1986,1524.97809458987
CHL,NY.GDP.PCAP.CD,1985,1446.80604557863
CHL,NY.GDP.PCAP.CD,1984,1636.22476246476
CHL,NY.GDP.PCAP.CD,1983,1715.40345654344
CHL,NY.GDP.PCAP.CD,1982,1663.28043251256
CHL,NY.GDP.PCAP.CD,1981,3012.3447816477
CHL,NY.GDP.PCAP.CD,1980,2570.84311890682
CHL,NY.GDP.PCAP.CD,1979,1962.08185606537
CHL,NY.GDP.PCAP.CD,1978,1465.45605636916
CHL,NY.GDP.PCAP.CD,1977,1296.86854720323
CHL,NY.GDP.PCAP.CD,1976,970.957314866348
CHL,NY.GDP.PCAP.CD,1975,732.054406775965
CHL,NY.GDP.PCAP.CD,1974,1578.5836760852
CHL,NY.GDP.PCAP.CD,1973,1666.99542750899
CHL,NY.GDP.PCAP.CD,1972,1185.04994801594
CHL,NY.GDP.PCAP.CD,1971,1098.91469956231
CHL,NY.GDP.PCAP.CD,1970,940.648345061287
CHL,NY.GDP.PCAP.CD,1969,873.581889905917
CHL,NY.GDP.PCAP.CD,1968,765.847401648627
CHL,NY.GDP.PCAP.CD,1967,764.265128656993
CHL,NY.GDP.PCAP.CD,1966,790.361773771396
CHL,NY.GDP.PCAP.CD,1965,686.123541995524
CHL,NY.GDP.PCAP.CD,1964,685.970202891974
CHL,NY.GDP.PCAP.CD,1963,657.719196593697
CHL,NY.GDP.PCAP.CD,1962,678.584336588862
CHL,NY.GDP.PCAP.CD,1961,594.436306222113
CHL,NY.GDP.PCAP.CD,1960,516.487539077836
CHN,NY.GDP.PCAP.CD,2025,
CHN,NY.GDP.PCAP.CD,2024,13303.1481543868
CHN,NY.GDP.PCAP.CD,2023,12951.1782397043
CHN,NY.GDP.PCAP.CD,2022,12970.6056414327
CHN,NY.GDP.PCAP.CD,2021,12887.4357242941
CHN,NY.GDP.PCAP.CD,2020,10627.4637989619
CHN,NY.GDP.PCAP.CD,2019,10342.9009524335
CHN,NY.GDP.PCAP.CD,2018,10085.6638148819
CHN,NY.GDP.PCAP.CD,2017,8979.67652709856
CHN,NY.GDP.PCAP.CD,2016,8254.86859320357
CHN,NY.GDP.PCAP.CD,2015,8175.33285077393
CHN,NY.GDP.PCAP.CD,2014,7781.06597484974
CHN,NY.GDP.PCAP.CD,2013,7147.03518622344
CHN,NY.GDP.PCAP.CD,2012,6405.0574241349
CHN,NY.GDP.PCAP.CD,2011,5703.76027973346
CHN,NY.GDP.PCAP.CD,2010,4629.24551710077
CHN,NY.GDP.PCAP.CD,2009,3898.24459158811
CHN,NY.GDP.PCAP.CD,2008,3523.44302065213
CHN,NY.GDP.PCAP.CD,2007,2734.72709877693
CHN,NY.GDP.PCAP.CD,2006,2129.25696999613
CHN,NY.GDP.PCAP.CD,2005,1777.64496828464
CHN,NY.GDP.PCAP.CD,2004,1530.92726215723
CHN,NY.GDP.PCAP.CD,2003,1306.97245408557
CHN,NY.GDP.PCAP.CD,2002,1163.55957673426
CHN,NY.GDP.PCAP.CD,2001,1065.40597574519
CHN,NY.GDP.PCAP.CD,2000,969.199513696287
CHN,NY.GDP.PCAP.CD,1999,881.146614068925
CHN,NY.GDP.PCAP.CD,1998,835.095348597432
CHN,NY.GDP.PCAP.CD,1997,786.743548510999
CHN,NY.GDP.PCAP.CD,1996,713.337387811657
CHN,NY.GDP.PCAP.CD,1995,612.680277898627
CHN,NY.GDP.PCAP.CD,1994,475.677874448369
CHN,NY.GDP.PCAP.CD,1993,378.939353053314
CHN,NY.GDP.PCAP.CD,1992,367.822651903542
CHN,NY.GDP.PCAP.CD,1991,334.130288119078
CHN,NY.GDP.PCAP.CD,1990,318.50335359039
CHN,NY.GDP.PCAP.CD,1989,311.429461227032
CHN,NY.GDP.PCAP.CD,1988,284.023573149686
CHN,NY.GDP.PCAP.CD,1987,252.256760114454
CHN,NY.GDP.PCAP.CD,1986,282.445603096707
CHN,NY.GDP.PCAP.CD,1985,295.007445815897
CHN,NY.GDP.PCAP.CD,1984,251.192686463827
CHN,NY.GDP.PCAP.CD,1983,225.86534696156
CHN,NY.GDP.PCAP.CD,1982,203.722788366928
CHN,NY.GDP.PCAP.CD,1981,197.425510967822
CHN,NY.GDP.PCAP.CD,1980,195.149479992051
CHN,NY.GDP.PCAP.CD,1979,184.285853059043
CHN,NY.GDP.PCAP.CD,1978,156.655616850835
CHN,NY.GDP.PCAP.CD,1977,185.728620718294
CHN,NY.GDP.PCAP.CD,1976,165.680987722637
CHN,NY.GDP.PCAP.CD,1975,178.621249282085
CHN,NY.GDP.PCAP.CD,1974,160.402546852304
CHN,NY.GDP.PCAP.CD,1973,157.339888078555
CHN,NY.GDP.PCAP.CD,1972,132.097410431007
CHN,NY.GDP.PCAP.CD,1971,118.84249157909
CHN,NY.GDP.PCAP.CD,1970,113.346243039894
CHN,NY.GDP.PCAP.CD,1969,100.308139479526
CHN,NY.GDP.PCAP.CD,1968,91.6454581848979
CHN,NY.GDP.PCAP.CD,1967,96.7614480104016
CHN,NY.GDP.PCAP.CD,1966,104.50646350178
CHN,NY.GDP.PCAP.CD,1965,98.6681688740435
CHN,NY.GDP.PCAP.CD,1964,85.6611074645449
CHN,NY.GDP.PCAP.CD,1963,74.4681540864463
CHN,NY.GDP.PCAP.CD,1962,71.0616845971262
CHN,NY.GDP.PCAP.CD,1961,75.9655011127574
CHN,NY.GDP.PCAP.CD,1960,89.7150749167731
COL,NY.GDP.PCAP.CD,2025,
COL,NY.GDP.PCAP.CD,2024,7919.20886825345
COL,NY.GDP.PCAP.CD,2023,7000.83660501046
COL,NY.GDP.PCAP.CD,2022,6680.44506854481
COL,NY.GDP.PCAP.CD,2021,6222.62164397614
COL,NY.GDP.PCAP.CD,2020,5339.68711357943
COL,NY.GDP.PCAP.CD,2019,6472.54544924705
COL,NY.GDP.PCAP.CD,2018,6816.96818309544
COL,NY.GDP.PCAP.CD,2017,6479.53231292429
COL,NY.GDP.PCAP.CD,2016,5959.84250367574
COL,NY.GDP.PCAP.CD,2015,6248.51490534512
COL,NY.GDP.PCAP.CD,2014,8187.20824890084
COL,NY.GDP.PCAP.CD,2013,8279.10255642981
COL,NY.GDP.PCAP.CD,2012,8108.59838244229
COL,NY.GDP.PCAP.CD,2011,7400.9940695669
COL,NY.GDP.PCAP.CD,2010,6398.2958447102
COL,NY.GDP.PCAP.CD,2009,5250.97292433518
COL,NY.GDP.PCAP.CD,2008,5541.83629665898
COL,NY.GDP.PCAP.CD,2007,4769.926147194
COL,NY.GDP.PCAP.CD,2006,3789.85361217027
COL,NY.GDP.PCAP.CD,2005,3456.06610874512
COL,NY.GDP.PCAP.CD,2004,2818.57195413044
COL,NY.GDP.PCAP.CD,2003,2311.94218760291
COL,NY.GDP.PCAP.CD,2002,2428.92969771584
COL,NY.GDP.PCAP.CD,2001,2472.99084035833
COL,NY.GDP.PCAP.CD,2000,2555.00751039968
COL,NY.GDP.PCAP.CD,1999,2241.22911801216
COL,NY.GDP.PCAP.CD,1998,2604.87166959518
COL,NY.GDP.PCAP.CD,1997,2873.2814350993
COL,NY.GDP.PCAP.CD,1996,2664.64056059983
COL,NY.GDP.PCAP.CD,1995,2583.66576349858
COL,NY.GDP.PCAP.CD,1994,2325.91872973374
COL,NY.GDP.PCAP.CD,1993,1929.26721811738
COL,NY.GDP.PCAP.CD,1992,1730.39091795329
COL,NY.GDP.PCAP.CD,1991,1485.73971889208
COL,NY.GDP.PCAP.CD,1990,1474.8455285342
COL,NY.GDP.PCAP.CD,1989,1244.3269459081
COL,NY.GDP.PCAP.CD,1988,1259.6174112078
COL,NY.GDP.PCAP.CD,1987,1192.58828638182
COL,NY.GDP.PCAP.CD,1986,1169.46212069392
COL,NY.GDP.PCAP.CD,1985,1192.21849833568
COL,NY.GDP.PCAP.CD,1984,1335.52821812362
COL,NY.GDP.PCAP.CD,1983,1383.7924605368
COL,NY.GDP.PCAP.CD,1982,1425.39936771371
COL,NY.GDP.PCAP.CD,1981,1362.18332520058
COL,NY.GDP.PCAP.CD,1980,1279.50116658241
COL,NY.GDP.PCAP.CD,1979,1095.0313839164
COL,NY.GDP.PCAP.CD,1978,932.392695058624
COL,NY.GDP.PCAP.CD,1977,798.203021638873
COL,NY.GDP.PCAP.CD,1976,643.007914496566
COL,NY.GDP.PCAP.CD,1975,561.098036100584
COL,NY.GDP.PCAP.CD,1974,541.749901587091
COL,NY.GDP.PCAP.CD,1973,462.064375734059
COL,NY.GDP.PCAP.CD,1972,397.41211740514
COL,NY.GDP.PCAP.CD,1971,366.825167940364
COL,NY.GDP.PCAP.CD,1970,345.879101568471
COL,NY.GDP.PCAP.CD,1969,317.868798055367
COL,NY.GDP.PCAP.CD,1968,301.526502784249
COL,NY.GDP.PCAP.CD,1967,302.832507824134
COL,NY.GDP.PCAP.CD,1966,290.253385958132
COL,NY.GDP.PCAP.CD,1965,317.064563351518
COL,NY.GDP.PCAP.CD,1964,338.675935298365
COL,NY.GDP.PCAP.CD,1963,282.588330302742
COL,NY.GDP.PCAP.CD,1962,298.544207818945
COL,NY.GDP.PCAP.CD,1961,282.099440509948
COL,NY.GDP.PCAP.CD,1960,258.304433616071
COM,NY.GDP.PCAP.CD,2025,
COM,NY.GDP.PCAP.CD,2024,1662.75663312504
COM,NY.GDP.PCAP.CD,2023,1560.27378476855
COM,NY.GDP.PCAP.CD,2022,1465.479642862
COM,NY.GDP.PCAP.CD,2021,1554.97289190153
COM,NY.GDP.PCAP.CD,2020,1519.34665556206
COM,NY.GDP.PCAP.CD,2019,1510.23218151592
COM,NY.GDP.PCAP.CD,2018,1527.40527125285
COM,NY.GDP.PCAP.CD,2017,1423.9248027797
COM,NY.GDP.PCAP.CD,2016,1365.48403444497
COM,NY.GDP.PCAP.CD,2015,1329.37048235986
COM,NY.GDP.PCAP.CD,2014,1615.71723662012
COM,NY.GDP.PCAP.CD,2013,1603.32797107303
COM,NY.GDP.PCAP.CD,2012,1490.31511351281
COM,NY.GDP.PCAP.CD,2011,1531.43789372951
COM,NY.GDP.PCAP.CD,2010,1386.5742428453
COM,NY.GDP.PCAP.CD,2009,1410.30516959473
COM,NY.GDP.PCAP.CD,2008,1455.02768595586
COM,NY.GDP.PCAP.CD,2007,1289.73631056361
COM,NY.GDP.PCAP.CD,2006,1138.47908404345
COM,NY.GDP.PCAP.CD,2005,1105.78796866788
COM,NY.GDP.PCAP.CD,2004,1072.28409029621
COM,NY.GDP.PCAP.CD,2003,959.691049354812
COM,NY.GDP.PCAP.CD,2002,764.61349832543
COM,NY.GDP.PCAP.CD,2001,681.163857619963
COM,NY.GDP.PCAP.CD,2000,633.309032776244
COM,NY.GDP.PCAP.CD,1999,707.228776682623
COM,NY.GDP.PCAP.CD,1998,704.479817408486
COM,NY.GDP.PCAP.CD,1997,714.519968676115
COM,NY.GDP.PCAP.CD,1996,786.380773511866
COM,NY.GDP.PCAP.CD,1995,800.623567802959
COM,NY.GDP.PCAP.CD,1994,652.898017688557
COM,NY.GDP.PCAP.CD,1993,903.033729112507
COM,NY.GDP.PCAP.CD,1992,938.595399659213
COM,NY.GDP.PCAP.CD,1991,879.348889291867
COM,NY.GDP.PCAP.CD,1990,903.20430581841
COM,NY.GDP.PCAP.CD,1989,758.861242815325
COM,NY.GDP.PCAP.CD,1988,797.801503027398
COM,NY.GDP.PCAP.CD,1987,763.310316408075
COM,NY.GDP.PCAP.CD,1986,646.461974891796
COM,NY.GDP.PCAP.CD,1985,494.254932645725
COM,NY.GDP.PCAP.CD,1984,500.752665003745
COM,NY.GDP.PCAP.CD,1983,534.247684014857
COM,NY.GDP.PCAP.CD,1982,566.033006092361
COM,NY.GDP.PCAP.CD,1981,613.038043236083
COM,NY.GDP.PCAP.CD,1980,720.685109658453
COM,NY.GDP.PCAP.CD,1979,
COM,NY.GDP.PCAP.CD,1978,
COM,NY.GDP.PCAP.CD,1977,
COM,NY.GDP.PCAP.CD,1976,
COM,NY.GDP.PCAP.CD,1975,
COM,NY.GDP.PCAP.CD,1974,
COM,NY.GDP.PCAP.CD,1973,
COM,NY.GDP.PCAP.CD,1972,
COM,NY.GDP.PCAP.CD,1971,
COM,NY.GDP.PCAP.CD,1970,
COM,NY.GDP.PCAP.CD,1969,
COM,NY.GDP.PCAP.CD,1968,
COM,NY.GDP.PCAP.CD,1967,
COM,NY.GDP.PCAP.CD,1966,
COM,NY.GDP.PCAP.CD,1965,
COM,NY.GDP.PCAP.CD,1964,
COM,NY.GDP.PCAP.CD,1963,
COM,NY.GDP.PCAP.CD,1962,
COM,NY.GDP.PCAP.CD,1961,
COM,NY.GDP.PCAP.CD,1960,
COD,NY.GDP.PCAP.CD,2025,
COD,NY.GDP.PCAP.CD,2024,649.383338556725
COD,NY.GDP.PCAP.CD,2023,660.21205238997
COD,NY.GDP.PCAP.CD,2022,687.738587554685
COD,NY.GDP.PCAP.CD,2021,595.743074403567
COD,NY.GDP.PCAP.CD,2020,486.425572682256
COD,NY.GDP.PCAP.CD,2019,504.00419142286
COD,NY.GDP.PCAP.CD,2018,518.169626875371
COD,NY.GDP.PCAP.CD,2017,431.052559128788
COD,NY.GDP.PCAP.CD,2016,459.765036590388
COD,NY.GDP.PCAP.CD,2015,495.826633014883
COD,NY.GDP.PCAP.CD,2014,489.175952097319
COD,NY.GDP.PCAP.CD,2013,460.370334930107
COD,NY.GDP.PCAP.CD,2012,409.931424783784
COD,NY.GDP.PCAP.CD,2011,372.514273875789
COD,NY.GDP.PCAP.CD,2010,352.400398754692
COD,NY.GDP.PCAP.CD,2009,280.178991035792
COD,NY.GDP.PCAP.CD,2008,352.900363371995
COD,NY.GDP.PCAP.CD,2007,294.101615124419
COD,NY.GDP.PCAP.CD,2006,255.445229568751
COD,NY.GDP.PCAP.CD,2005,214.539740473519
COD,NY.GDP.PCAP.CD,2004,180.664764963633
COD,NY.GDP.PCAP.CD,2003,161.491553524396
COD,NY.GDP.PCAP.CD,2002,162.38052907429
COD,NY.GDP.PCAP.CD,2001,142.678142604412
COD,NY.GDP.PCAP.CD,2000,377.925421481395
COD,NY.GDP.PCAP.CD,1999,96.3192243479286
COD,NY.GDP.PCAP.CD,1998,131.461338858019
COD,NY.GDP.PCAP.CD,1997,132.323520768553
COD,NY.GDP.PCAP.CD,1996,127.416132828292
COD,NY.GDP.PCAP.CD,1995,127.008078734668
COD,NY.GDP.PCAP.CD,1994,136.542547670676
COD,NY.GDP.PCAP.CD,1993,263.335582841074
COD,NY.GDP.PCAP.CD,1992,209.726548794417
COD,NY.GDP.PCAP.CD,1991,253.79642770809
COD,NY.GDP.PCAP.CD,1990,254.872656292509
COD,NY.GDP.PCAP.CD,1989,254.231037905154
COD,NY.GDP.PCAP.CD,1988,257.725151748806
COD,NY.GDP.PCAP.CD,1987,230.086415834499
COD,NY.GDP.PCAP.CD,1986,250.900914044275
COD,NY.GDP.PCAP.CD,1985,230.132255248427
COD,NY.GDP.PCAP.CD,1984,259.801889543739
COD,NY.GDP.PCAP.CD,1983,376.285479915589
COD,NY.GDP.PCAP.CD,1982,481.7409782053
COD,NY.GDP.PCAP.CD,1981,455.912227033575
COD,NY.GDP.PCAP.CD,1980,538.911839414196
COD,NY.GDP.PCAP.CD,1979,582.089432219357
COD,NY.GDP.PCAP.CD,1978,615.084195317772
COD,NY.GDP.PCAP.CD,1977,509.488368681423
COD,NY.GDP.PCAP.CD,1976,408.42239095403
COD,NY.GDP.PCAP.CD,1975,444.693899464352
COD,NY.GDP.PCAP.CD,1974,428.074954493294
COD,NY.GDP.PCAP.CD,1973,360.562591604638
COD,NY.GDP.PCAP.CD,1972,290.511803326089
COD,NY.GDP.PCAP.CD,1971,270.336629028245
COD,NY.GDP.PCAP.CD,1970,242.219759763837
COD,NY.GDP.PCAP.CD,1969,257.144636724402
COD,NY.GDP.PCAP.CD,1968,205.645995783134
COD,NY.GDP.PCAP.CD,1967,183.291086454789
COD,NY.GDP.PCAP.CD,1966,252.770361839944
COD,NY.GDP.PCAP.CD,1965,232.037397382746
COD,NY.GDP.PCAP.CD,1964,169.949259765221
COD,NY.GDP.PCAP.CD,1963,376.383370020937
COD,NY.GDP.PCAP.CD,1962,235.127290601122
COD,NY.GDP.PCAP.CD,1961,197.080395165053
COD,NY.GDP.PCAP.CD,1960,220.074550221277
COG,NY.GDP.PCAP.CD,2025,
COG,NY.GDP.PCAP.CD,2024,2482.2489948456
COG,NY.GDP.PCAP.CD,2023,2477.97845544866
COG,NY.GDP.PCAP.CD,2022,2620.83804267402
COG,NY.GDP.PCAP.CD,2021,2516.16255145432
COG,NY.GDP.PCAP.CD,2020,1993.586671931
COG,NY.GDP.PCAP.CD,2019,2488.42466724916
COG,NY.GDP.PCAP.CD,2018,2694.43413191427
COG,NY.GDP.PCAP.CD,2017,2211.63309874797
COG,NY.GDP.PCAP.CD,2016,2093.10728558843
COG,NY.GDP.PCAP.CD,2015,2439.35189403696
COG,NY.GDP.PCAP.CD,2014,3601.2365808718
COG,NY.GDP.PCAP.CD,2013,3697.41705884249
COG,NY.GDP.PCAP.CD,2012,3732.32737320389
COG,NY.GDP.PCAP.CD,2011,3396.16505817952
COG,NY.GDP.PCAP.CD,2010,2946.55798067708
COG,NY.GDP.PCAP.CD,2009,2271.15219175966
COG,NY.GDP.PCAP.CD,2008,2832.09177777643
COG,NY.GDP.PCAP.CD,2007,2206.47101863414
COG,NY.GDP.PCAP.CD,2006,2103.5821381211
COG,NY.GDP.PCAP.CD,2005,1799.05158366154
COG,NY.GDP.PCAP.CD,2004,1306.10136324599
COG,NY.GDP.PCAP.CD,2003,1016.82363412143
COG,NY.GDP.PCAP.CD,2002,905.538135544704
COG,NY.GDP.PCAP.CD,2001,854.598314408095
COG,NY.GDP.PCAP.CD,2000,1024.30159109181
COG,NY.GDP.PCAP.CD,1999,776.416349733937
COG,NY.GDP.PCAP.CD,1998,660.379775085784
COG,NY.GDP.PCAP.CD,1997,804.304050086499
COG,NY.GDP.PCAP.CD,1996,898.794050151577
COG,NY.GDP.PCAP.CD,1995,769.606794842829
COG,NY.GDP.PCAP.CD,1994,661.904273689712
COG,NY.GDP.PCAP.CD,1993,1034.37200809816
COG,NY.GDP.PCAP.CD,1992,1164.22442980292
COG,NY.GDP.PCAP.CD,1991,1112.53521242945
COG,NY.GDP.PCAP.CD,1990,1175.66709098428
COG,NY.GDP.PCAP.CD,1989,1032.8649749016
COG,NY.GDP.PCAP.CD,1988,984.376285838246
COG,NY.GDP.PCAP.CD,1987,1052.33893542503
COG,NY.GDP.PCAP.CD,1986,872.048697635314
COG,NY.GDP.PCAP.CD,1985,1049.31821372865
COG,NY.GDP.PCAP.CD,1984,1097.04958637388
COG,NY.GDP.PCAP.CD,1983,1075.34825792814
COG,NY.GDP.PCAP.CD,1982,1130.97081000634
COG,NY.GDP.PCAP.CD,1981,1066.18677734612
COG,NY.GDP.PCAP.CD,1980,932.646715470458
COG,NY.GDP.PCAP.CD,1979,670.245223116511
COG,NY.GDP.PCAP.CD,1978,502.704251443805
COG,NY.GDP.PCAP.CD,1977,448.136782421875
COG,NY.GDP.PCAP.CD,1976,452.578147155598
COG,NY.GDP.PCAP.CD,1975,471.473628201515
COG,NY.GDP.PCAP.CD,1974,369.945183927696
COG,NY.GDP.PCAP.CD,1973,353.380993825585
COG,NY.GDP.PCAP.CD,1972,276.271849546575
COG,NY.GDP.PCAP.CD,1971,223.538723764898
COG,NY.GDP.PCAP.CD,1970,196.7324156078
COG,NY.GDP.PCAP.CD,1969,195.431023577377
COG,NY.GDP.PCAP.CD,1968,190.84225732065
COG,NY.GDP.PCAP.CD,1967,185.656603616519
COG,NY.GDP.PCAP.CD,1966,177.551344246999
COG,NY.GDP.PCAP.CD,1965,164.186892761636
COG,NY.GDP.PCAP.CD,1964,158.061964516344
COG,NY.GDP.PCAP.CD,1963,150.65075197733
COG,NY.GDP.PCAP.CD,1962,149.591249938458
COG,NY.GDP.PCAP.CD,1961,139.872074436703
COG,NY.GDP.PCAP.CD,1960,124.659670363931
CRI,NY.GDP.PCAP.CD,2025,
CRI,NY.GDP.PCAP.CD,2024,18587.1532203482
CRI,NY.GDP.PCAP.CD,2023,16942.0268119375
CRI,NY.GDP.PCAP.CD,2022,13625.9008491328
CRI,NY.GDP.PCAP.CD,2021,12838.1185358931
CRI,NY.GDP.PCAP.CD,2020,12394.0493969492
CRI,NY.GDP.PCAP.CD,2019,12884.6859951989
CRI,NY.GDP.PCAP.CD,2018,12590.2493781614
CRI,NY.GDP.PCAP.CD,2017,12317.0902771304
CRI,NY.GDP.PCAP.CD,2016,12091.0301606154
CRI,NY.GDP.PCAP.CD,2015,11714.7105980732
CRI,NY.GDP.PCAP.CD,2014,10911.497878334
CRI,NY.GDP.PCAP.CD,2013,10803.2401962173
CRI,NY.GDP.PCAP.CD,2012,10126.9991024177
CRI,NY.GDP.PCAP.CD,2011,9276.39107511347
CRI,NY.GDP.PCAP.CD,2010,8265.78820275582
CRI,NY.GDP.PCAP.CD,2009,6832.69829924138
CRI,NY.GDP.PCAP.CD,2008,6937.24261596055
CRI,NY.GDP.PCAP.CD,2007,6137.71199925542
CRI,NY.GDP.PCAP.CD,2006,5256.59640859159
CRI,NY.GDP.PCAP.CD,2005,4703.00721784778
CRI,NY.GDP.PCAP.CD,2004,4431.0117207843
CRI,NY.GDP.PCAP.CD,2003,4173.14856415514
CRI,NY.GDP.PCAP.CD,2002,4067.71851429092
CRI,NY.GDP.PCAP.CD,2001,3985.12984506207
CRI,NY.GDP.PCAP.CD,2000,3812.75388284924
CRI,NY.GDP.PCAP.CD,1999,3690.96154778297
CRI,NY.GDP.PCAP.CD,1998,3617.45756666726
CRI,NY.GDP.PCAP.CD,1997,3407.776128985
CRI,NY.GDP.PCAP.CD,1996,3226.96395598625
CRI,NY.GDP.PCAP.CD,1995,3275.25256447416
CRI,NY.GDP.PCAP.CD,1994,3039.56328550633
CRI,NY.GDP.PCAP.CD,1993,2840.38706479397
CRI,NY.GDP.PCAP.CD,1992,2612.38756453737
CRI,NY.GDP.PCAP.CD,1991,2253.38191508071
CRI,NY.GDP.PCAP.CD,1990,1829.6687089559
CRI,NY.GDP.PCAP.CD,1989,1725.13936155907
CRI,NY.GDP.PCAP.CD,1988,1554.74048522018
CRI,NY.GDP.PCAP.CD,1987,1567.0320510901
CRI,NY.GDP.PCAP.CD,1986,1568.5640969552
CRI,NY.GDP.PCAP.CD,1985,1429.37836415122
CRI,NY.GDP.PCAP.CD,1984,1372.20149843952
CRI,NY.GDP.PCAP.CD,1983,1212.55765296791
CRI,NY.GDP.PCAP.CD,1982,1032.40548167496
CRI,NY.GDP.PCAP.CD,1981,1068.04672232202
CRI,NY.GDP.PCAP.CD,1980,2020.99067534283
CRI,NY.GDP.PCAP.CD,1979,1734.59560248294
CRI,NY.GDP.PCAP.CD,1978,1555.83716115258
CRI,NY.GDP.PCAP.CD,1977,1393.37513762224
CRI,NY.GDP.PCAP.CD,1976,1123.28179124262
CRI,NY.GDP.PCAP.CD,1975,936.993196686988
CRI,NY.GDP.PCAP.CD,1974,817.076691410389
CRI,NY.GDP.PCAP.CD,1973,768.944717412776
CRI,NY.GDP.PCAP.CD,1972,638.851011611456
CRI,NY.GDP.PCAP.CD,1971,570.360229534426
CRI,NY.GDP.PCAP.CD,1970,535.539679724977
CRI,NY.GDP.PCAP.CD,1969,477.081346742249
CRI,NY.GDP.PCAP.CD,1968,444.805256869954
CRI,NY.GDP.PCAP.CD,1967,413.996506036274
CRI,NY.GDP.PCAP.CD,1966,395.15249847305
CRI,NY.GDP.PCAP.CD,1965,373.835690063441
CRI,NY.GDP.PCAP.CD,1964,353.710896791701
CRI,NY.GDP.PCAP.CD,1963,345.505369052711
CRI,NY.GDP.PCAP.CD,1962,335.221589042255
CRI,NY.GDP.PCAP.CD,1961,355.844447873806
CRI,NY.GDP.PCAP.CD,1960,382.309121831519
CIV,NY.GDP.PCAP.CD,2025,
CIV,NY.GDP.PCAP.CD,2024,2727.8935220697
CIV,NY.GDP.PCAP.CD,2023,2591.9659048119
CIV,NY.GDP.PCAP.CD,2022,2333.37128301259
CIV,NY.GDP.PCAP.CD,2021,2455.98127641148
CIV,NY.GDP.PCAP.CD,2020,2179.72934832935
CIV,NY.GDP.PCAP.CD,2019,2141.76836170115
CIV,NY.GDP.PCAP.CD,2018,2130.86619381144
CIV,NY.GDP.PCAP.CD,2017,1964.29930338343
CIV,NY.GDP.PCAP.CD,2016,1862.59597081287
CIV,NY.GDP.PCAP.CD,2015,1814.71855088017
CIV,NY.GDP.PCAP.CD,2014,1991.36539423404
CIV,NY.GDP.PCAP.CD,2013,1786.15862031324
CIV,NY.GDP.PCAP.CD,2012,1546.9460184731
CIV,NY.GDP.PCAP.CD,2011,1596.62826565998
CIV,NY.GDP.PCAP.CD,2010,1553.54887048143
CIV,NY.GDP.PCAP.CD,2009,1540.45393569596
CIV,NY.GDP.PCAP.CD,2008,1583.97066701372
CIV,NY.GDP.PCAP.CD,2007,1367.53817722326
CIV,NY.GDP.PCAP.CD,2006,1230.43056838584
CIV,NY.GDP.PCAP.CD,2005,1197.74616979415
CIV,NY.GDP.PCAP.CD,2004,1199.82524528546
CIV,NY.GDP.PCAP.CD,2003,1111.17135087887
CIV,NY.GDP.PCAP.CD,2002,967.815864415991
CIV,NY.GDP.PCAP.CD,2001,924.727294962066
CIV,NY.GDP.PCAP.CD,2000,936.636541348798
CIV,NY.GDP.PCAP.CD,1999,1096.13520587572
CIV,NY.GDP.PCAP.CD,1998,1177.37133815342
CIV,NY.GDP.PCAP.CD,1997,1124.65674867927
CIV,NY.GDP.PCAP.CD,1996,1170.23622049666
CIV,NY.GDP.PCAP.CD,1995,740.4730999133
CIV,NY.GDP.PCAP.CD,1994,581.888468577405
CIV,NY.GDP.PCAP.CD,1993,804.149657211252
CIV,NY.GDP.PCAP.CD,1992,844.902223806738
CIV,NY.GDP.PCAP.CD,1991,827.241889166985
CIV,NY.GDP.PCAP.CD,1990,885.647842214928
CIV,NY.GDP.PCAP.CD,1989,832.559837958259
CIV,NY.GDP.PCAP.CD,1988,909.534182158689
CIV,NY.GDP.PCAP.CD,1987,929.611362954514
CIV,NY.GDP.PCAP.CD,1986,877.154956751363
CIV,NY.GDP.PCAP.CD,1985,694.951691466923
CIV,NY.GDP.PCAP.CD,1984,708.940252199945
CIV,NY.GDP.PCAP.CD,1983,737.449968695419
CIV,NY.GDP.PCAP.CD,1982,849.479705391045
CIV,NY.GDP.PCAP.CD,1981,985.507547907408
CIV,NY.GDP.PCAP.CD,1980,1237.80216768229
CIV,NY.GDP.PCAP.CD,1979,1157.00139805383
CIV,NY.GDP.PCAP.CD,1978,1039.11498268738
CIV,NY.GDP.PCAP.CD,1977,855.655691363342
CIV,NY.GDP.PCAP.CD,1976,660.538618229175
CIV,NY.GDP.PCAP.CD,1975,574.626405877437
CIV,NY.GDP.PCAP.CD,1974,474.223861362208
CIV,NY.GDP.PCAP.CD,1973,405.568979472686
CIV,NY.GDP.PCAP.CD,1972,312.942348100524
CIV,NY.GDP.PCAP.CD,1971,280.333660150746
CIV,NY.GDP.PCAP.CD,1970,268.957733574566
CIV,NY.GDP.PCAP.CD,1969,262.192286003745
CIV,NY.GDP.PCAP.CD,1968,256.768714344803
CIV,NY.GDP.PCAP.CD,1967,225.620934131463
CIV,NY.GDP.PCAP.CD,1966,221.786392228948
CIV,NY.GDP.PCAP.CD,1965,207.044838566402
CIV,NY.GDP.PCAP.CD,1964,215.506240264261
CIV,NY.GDP.PCAP.CD,1963,185.076825958966
CIV,NY.GDP.PCAP.CD,1962,163.076679659123
CIV,NY.GDP.PCAP.CD,1961,162.262764436326
CIV,NY.GDP.PCAP.CD,1960,148.680788984181
HRV,NY.GDP.PCAP.CD,2025,
HRV,NY.GDP.PCAP.CD,2024,24050.4397933135
HRV,NY.GDP.PCAP.CD,2023,22184.2279304842
HRV,NY.GDP.PCAP.CD,2022,18465.5414420364
HRV,NY.GDP.PCAP.CD,2021,17788.7865816658
HRV,NY.GDP.PCAP.CD,2020,14807.5608543265
HRV,NY.GDP.PCAP.CD,2019,15563.5987295029
HRV,NY.GDP.PCAP.CD,2018,15460.3669595491
HRV,NY.GDP.PCAP.CD,2017,13901.7878144679
HRV,NY.GDP.PCAP.CD,2016,12820.1653893008
HRV,NY.GDP.PCAP.CD,2015,12283.7840620053
HRV,NY.GDP.PCAP.CD,2014,14186.7295493276
HRV,NY.GDP.PCAP.CD,2013,14134.9474982889
HRV,NY.GDP.PCAP.CD,2012,13507.7805260991
HRV,NY.GDP.PCAP.CD,2011,14691.558296292
HRV,NY.GDP.PCAP.CD,2010,13729.7654965022
HRV,NY.GDP.PCAP.CD,2009,14474.6519774194
HRV,NY.GDP.PCAP.CD,2008,15888.0606949392
HRV,NY.GDP.PCAP.CD,2007,13755.8321073292
HRV,NY.GDP.PCAP.CD,2006,11501.2099669894
HRV,NY.GDP.PCAP.CD,2005,10443.5278353294
HRV,NY.GDP.PCAP.CD,2004,9718.97322801967
HRV,NY.GDP.PCAP.CD,2003,8190.11135193887
HRV,NY.GDP.PCAP.CD,2002,6219.58164143945
HRV,NY.GDP.PCAP.CD,2001,5364.83824691607
HRV,NY.GDP.PCAP.CD,2000,4953.65158789022
HRV,NY.GDP.PCAP.CD,1999,5269.03394637289
HRV,NY.GDP.PCAP.CD,1998,5712.58985659548
HRV,NY.GDP.PCAP.CD,1997,5331.02343858808
HRV,NY.GDP.PCAP.CD,1996,5299.6410536193
HRV,NY.GDP.PCAP.CD,1995,4929.05772183424
HRV,NY.GDP.PCAP.CD,1994,3237.92646315285
HRV,NY.GDP.PCAP.CD,1993,2447.50319141761
HRV,NY.GDP.PCAP.CD,1992,2321.15204123035
HRV,NY.GDP.PCAP.CD,1991,4000.91677428625
HRV,NY.GDP.PCAP.CD,1990,5369.10978590681
HRV,NY.GDP.PCAP.CD,1989,
HRV,NY.GDP.PCAP.CD,1988,
HRV,NY.GDP.PCAP.CD,1987,
HRV,NY.GDP.PCAP.CD,1986,
HRV,NY.GDP.PCAP.CD,1985,
HRV,NY.GDP.PCAP.CD,1984,
HRV,NY.GDP.PCAP.CD,1983,
HRV,NY.GDP.PCAP.CD,1982,
HRV,NY.GDP.PCAP.CD,1981,
HRV,NY.GDP.PCAP.CD,1980,
HRV,NY.GDP.PCAP.CD,1979,
HRV,NY.GDP.PCAP.CD,1978,
HRV,NY.GDP.PCAP.CD,1977,
HRV,NY.GDP.PCAP.CD,1976,
HRV,NY.GDP.PCAP.CD,1975,
HRV,NY.GDP.PCAP.CD,1974,
HRV,NY.GDP.PCAP.CD,1973,
HRV,NY.GDP.PCAP.CD,1972,
HRV,NY.GDP.PCAP.CD,1971,
HRV,NY.GDP.PCAP.CD,1970,
HRV,NY.GDP.PCAP.CD,1969,
HRV,NY.GDP.PCAP.CD,1968,
HRV,NY.GDP.PCAP.CD,1967,
HRV,NY.GDP.PCAP.CD,1966,
HRV,NY.GDP.PCAP.CD,1965,
HRV,NY.GDP.PCAP.CD,1964,
HRV,NY.GDP.PCAP.CD,1963,
HRV,NY.GDP.PCAP.CD,1962,
HRV,NY.GDP.PCAP.CD,1961,
HRV,NY.GDP.PCAP.CD,1960,
CUB,NY.GDP.PCAP.CD,2025,
CUB,NY.GDP.PCAP.CD,2024,
CUB,NY.GDP.PCAP.CD,2023,
CUB,NY.GDP.PCAP.CD,2022,
CUB,NY.GDP.PCAP.CD,2021,
CUB,NY.GDP.PCAP.CD,2020,9605.27914559614
CUB,NY.GDP.PCAP.CD,2019,9232.26115935183
CUB,NY.GDP.PCAP.CD,2018,8911.46205998726
CUB,NY.GDP.PCAP.CD,2017,8610.60829605429
CUB,NY.GDP.PCAP.CD,2016,8110.55874283616
CUB,NY.GDP.PCAP.CD,2015,7727.91997207998
CUB,NY.GDP.PCAP.CD,2014,7146.70459051328
CUB,NY.GDP.PCAP.CD,2013,6828.36428245396
CUB,NY.GDP.PCAP.CD,2012,6470.83673392653
CUB,NY.GDP.PCAP.CD,2011,6104.46105236166
CUB,NY.GDP.PCAP.CD,2010,5272.26755824835
CUB,NY.GDP.PCAP.CD,2009,5089.23519757167
CUB,NY.GDP.PCAP.CD,2008,4986.12436479175
CUB,NY.GDP.PCAP.CD,2007,4807.43888960684
CUB,NY.GDP.PCAP.CD,2006,4329.98265964383
CUB,NY.GDP.PCAP.CD,2005,3786.33799225291
CUB,NY.GDP.PCAP.CD,2004,3399.21962893402
CUB,NY.GDP.PCAP.CD,2003,3202.78109865637
CUB,NY.GDP.PCAP.CD,2002,3005.21104247868
CUB,NY.GDP.PCAP.CD,2001,2842.96704310394
CUB,NY.GDP.PCAP.CD,2000,2751.3817714814
CUB,NY.GDP.PCAP.CD,1999,2561.77980406838
CUB,NY.GDP.PCAP.CD,1998,2332.30656133119
CUB,NY.GDP.PCAP.CD,1997,2306.42483397336
CUB,NY.GDP.PCAP.CD,1996,2282.18809324202
CUB,NY.GDP.PCAP.CD,1995,2785.24442954103
CUB,NY.GDP.PCAP.CD,1994,2613.28971869122
CUB,NY.GDP.PCAP.CD,1993,2063.20366253587
CUB,NY.GDP.PCAP.CD,1992,2047.67900346421
CUB,NY.GDP.PCAP.CD,1991,2268.83493247194
CUB,NY.GDP.PCAP.CD,1990,2694.31697957692
CUB,NY.GDP.PCAP.CD,1989,2565.54117909344
CUB,NY.GDP.PCAP.CD,1988,2632.04176839158
CUB,NY.GDP.PCAP.CD,1987,2439.58400332393
CUB,NY.GDP.PCAP.CD,1986,2364.89559789307
CUB,NY.GDP.PCAP.CD,1985,2256.56948668495
CUB,NY.GDP.PCAP.CD,1984,2386.44595066854
CUB,NY.GDP.PCAP.CD,1983,2222.48851241339
CUB,NY.GDP.PCAP.CD,1982,2113.80858874548
CUB,NY.GDP.PCAP.CD,1981,2045.85231227999
CUB,NY.GDP.PCAP.CD,1980,2030.93362280165
CUB,NY.GDP.PCAP.CD,1979,2005.91326318373
CUB,NY.GDP.PCAP.CD,1978,1837.39107006762
CUB,NY.GDP.PCAP.CD,1977,1472.37881716617
CUB,NY.GDP.PCAP.CD,1976,1440.73046137146
CUB,NY.GDP.PCAP.CD,1975,1374.2396398274
CUB,NY.GDP.PCAP.CD,1974,1216.74148211883
CUB,NY.GDP.PCAP.CD,1973,1079.13081526456
CUB,NY.GDP.PCAP.CD,1972,891.631749208781
CUB,NY.GDP.PCAP.CD,1971,770.084969682323
CUB,NY.GDP.PCAP.CD,1970,645.144917797076
CUB,NY.GDP.PCAP.CD,1969,
CUB,NY.GDP.PCAP.CD,1968,
CUB,NY.GDP.PCAP.CD,1967,
CUB,NY.GDP.PCAP.CD,1966,
CUB,NY.GDP.PCAP.CD,1965,
CUB,NY.GDP.PCAP.CD,1964,
CUB,NY.GDP.PCAP.CD,1963,
CUB,NY.GDP.PCAP.CD,1962,
CUB,NY.GDP.PCAP.CD,1961,
CUB,NY.GDP.PCAP.CD,1960,
CUW,NY.GDP.PCAP.CD,2025,
CUW,NY.GDP.PCAP.CD,2024,22832.8953958667
CUW,NY.GDP.PCAP.CD,2023,21217.8110321785
CUW,NY.GDP.PCAP.CD,2022,20057.1404747175
CUW,NY.GDP.PCAP.CD,2021,17795.5826616182
CUW,NY.GDP.PCAP.CD,2020,16299.8134349902
CUW,NY.GDP.PCAP.CD,2019,19220.6865793075
CUW,NY.GDP.PCAP.CD,2018,19119.1244887029
CUW,NY.GDP.PCAP.CD,2017,18938.2440965187
CUW,NY.GDP.PCAP.CD,2016,18944.0962772875
CUW,NY.GDP.PCAP.CD,2015,19361.8129630226
CUW,NY.GDP.PCAP.CD,2014,19623.0300713664
CUW,NY.GDP.PCAP.CD,2013,19721.292182955
CUW,NY.GDP.PCAP.CD,2012,19809.8223170482
CUW,NY.GDP.PCAP.CD,2011,19426.3264002202
CUW,NY.GDP.PCAP.CD,2010,19847.2310127979
CUW,NY.GDP.PCAP.CD,2009,19540.2476579348
CUW,NY.GDP.PCAP.CD,2008,19423.3352430175
CUW,NY.GDP.PCAP.CD,2007,18005.7165850772
CUW,NY.GDP.PCAP.CD,2006,17400.1637780186
CUW,NY.GDP.PCAP.CD,2005,17032.3356620744
CUW,NY.GDP.PCAP.CD,2004,16671.3403391655
CUW,NY.GDP.PCAP.CD,2003,16695.7351137757
CUW,NY.GDP.PCAP.CD,2002,16723.6925253468
CUW,NY.GDP.PCAP.CD,2001,16609.8454536485
CUW,NY.GDP.PCAP.CD,2000,15841.2612359949
CUW,NY.GDP.PCAP.CD,1999,
CUW,NY.GDP.PCAP.CD,1998,
CUW,NY.GDP.PCAP.CD,1997,
CUW,NY.GDP.PCAP.CD,1996,
CUW,NY.GDP.PCAP.CD,1995,
CUW,NY.GDP.PCAP.CD,1994,
CUW,NY.GDP.PCAP.CD,1993,
CUW,NY.GDP.PCAP.CD,1992,
CUW,NY.GDP.PCAP.CD,1991,
CUW,NY.GDP.PCAP.CD,1990,
CUW,NY.GDP.PCAP.CD,1989,
CUW,NY.GDP.PCAP.CD,1988,
CUW,NY.GDP.PCAP.CD,1987,
CUW,NY.GDP.PCAP.CD,1986,
CUW,NY.GDP.PCAP.CD,1985,
CUW,NY.GDP.PCAP.CD,1984,
CUW,NY.GDP.PCAP.CD,1983,
CUW,NY.GDP.PCAP.CD,1982,
CUW,NY.GDP.PCAP.CD,1981,
CUW,NY.GDP.PCAP.CD,1980,
CUW,NY.GDP.PCAP.CD,1979,
CUW,NY.GDP.PCAP.CD,1978,
CUW,NY.GDP.PCAP.CD,1977,
CUW,NY.GDP.PCAP.CD,1976,
CUW,NY.GDP.PCAP.CD,1975,
CUW,NY.GDP.PCAP.CD,1974,
CUW,NY.GDP.PCAP.CD,1973,
CUW,NY.GDP.PCAP.CD,1972,
CUW,NY.GDP.PCAP.CD,1971,
CUW,NY.GDP.PCAP.CD,1970,
CUW,NY.GDP.PCAP.CD,1969,
CUW,NY.GDP.PCAP.CD,1968,
CUW,NY.GDP.PCAP.CD,1967,
CUW,NY.GDP.PCAP.CD,1966,
CUW,NY.GDP.PCAP.CD,1965,
CUW,NY.GDP.PCAP.CD,1964,
CUW,NY.GDP.PCAP.CD,1963,
CUW,NY.GDP.PCAP.CD,1962,
CUW,NY.GDP.PCAP.CD,1961,
CUW,NY.GDP.PCAP.CD,1960,
CYP,NY.GDP.PCAP.CD,2025,
CYP,NY.GDP.PCAP.CD,2024,38674.29296875
CYP,NY.GDP.PCAP.CD,2023,36623.69140625
CYP,NY.GDP.PCAP.CD,2022,33231.04296875
CYP,NY.GDP.PCAP.CD,2021,32937.83984375
CYP,NY.GDP.PCAP.CD,2020,28130.341796875
CYP,NY.GDP.PCAP.CD,2019,29227.173828125
CYP,NY.GDP.PCAP.CD,2018,29120.375
CYP,NY.GDP.PCAP.CD,2017,26247.44921875
CYP,NY.GDP.PCAP.CD,2016,24280.056640625
CYP,NY.GDP.PCAP.CD,2015,23088.44140625
CYP,NY.GDP.PCAP.CD,2014,26993.103515625
CYP,NY.GDP.PCAP.CD,2013,27764.73046875
CYP,NY.GDP.PCAP.CD,2012,28991.935546875
CYP,NY.GDP.PCAP.CD,2011,32485.798828125
CYP,NY.GDP.PCAP.CD,2010,31105.02734375
CYP,NY.GDP.PCAP.CD,2009,32236.44921875
CYP,NY.GDP.PCAP.CD,2008,35397.296875
CYP,NY.GDP.PCAP.CD,2007,31244.87890625
CYP,NY.GDP.PCAP.CD,2006,26729.28125
CYP,NY.GDP.PCAP.CD,2005,24959.26171875
CYP,NY.GDP.PCAP.CD,2004,23792.619140625
CYP,NY.GDP.PCAP.CD,2003,20252.24609375
CYP,NY.GDP.PCAP.CD,2002,16093.2158203125
CYP,NY.GDP.PCAP.CD,2001,14821.44921875
CYP,NY.GDP.PCAP.CD,2000,14388.3525390625
CYP,NY.GDP.PCAP.CD,1999,15287.91796875
CYP,NY.GDP.PCAP.CD,1998,15092.828125
CYP,NY.GDP.PCAP.CD,1997,14234.2412109375
CYP,NY.GDP.PCAP.CD,1996,15139.220703125
CYP,NY.GDP.PCAP.CD,1995,15261.4169921875
CYP,NY.GDP.PCAP.CD,1994,11617.6923828125
CYP,NY.GDP.PCAP.CD,1993,10526.1416015625
CYP,NY.GDP.PCAP.CD,1992,11310.072265625
CYP,NY.GDP.PCAP.CD,1991,9696.099609375
CYP,NY.GDP.PCAP.CD,1990,9641.5751953125
CYP,NY.GDP.PCAP.CD,1989,8038.9140625
CYP,NY.GDP.PCAP.CD,1988,7645.6298828125
CYP,NY.GDP.PCAP.CD,1987,6690.578125
CYP,NY.GDP.PCAP.CD,1986,5642.63134765625
CYP,NY.GDP.PCAP.CD,1985,4488.287109375
CYP,NY.GDP.PCAP.CD,1984,4258.74365234375
CYP,NY.GDP.PCAP.CD,1983,4091.04858398438
CYP,NY.GDP.PCAP.CD,1982,4122.78466796875
CYP,NY.GDP.PCAP.CD,1981,4033.24047851563
CYP,NY.GDP.PCAP.CD,1980,4232.02294921875
CYP,NY.GDP.PCAP.CD,1979,2559.22900390625
CYP,NY.GDP.PCAP.CD,1978,1929.39929199219
CYP,NY.GDP.PCAP.CD,1977,1476.24755859375
CYP,NY.GDP.PCAP.CD,1976,1157.41162109375
CYP,NY.GDP.PCAP.CD,1975,976.329895019531
CYP,NY.GDP.PCAP.CD,1974,
CYP,NY.GDP.PCAP.CD,1973,
CYP,NY.GDP.PCAP.CD,1972,
CYP,NY.GDP.PCAP.CD,1971,
CYP,NY.GDP.PCAP.CD,1970,
CYP,NY.GDP.PCAP.CD,1969,
CYP,NY.GDP.PCAP.CD,1968,
CYP,NY.GDP.PCAP.CD,1967,
CYP,NY.GDP.PCAP.CD,1966,
CYP,NY.GDP.PCAP.CD,1965,
CYP,NY.GDP.PCAP.CD,1964,
CYP,NY.GDP.PCAP.CD,1963,
CYP,NY.GDP.PCAP.CD,1962,
CYP,NY.GDP.PCAP.CD,1961,
CYP,NY.GDP.PCAP.CD,1960,
CZE,NY.GDP.PCAP.CD,2025,
CZE,NY.GDP.PCAP.CD,2024,31823.3078290564
CZE,NY.GDP.PCAP.CD,2023,31761.5944102491
CZE,NY.GDP.PCAP.CD,2022,28282.2236715857
CZE,NY.GDP.PCAP.CD,2021,27696.4619527544
CZE,NY.GDP.PCAP.CD,2020,23472.8915454417
CZE,NY.GDP.PCAP.CD,2019,24062.7190013343
CZE,NY.GDP.PCAP.CD,2018,23705.9329811299
CZE,NY.GDP.PCAP.CD,2017,20913.197632212
CZE,NY.GDP.PCAP.CD,2016,18753.9686718096
CZE,NY.GDP.PCAP.CD,2015,17931.5987670768
CZE,NY.GDP.PCAP.CD,2014,20038.4163180257
CZE,NY.GDP.PCAP.CD,2013,20260.4954999375
CZE,NY.GDP.PCAP.CD,2012,20014.0354015165
CZE,NY.GDP.PCAP.CD,2011,22049.1080788682
CZE,NY.GDP.PCAP.CD,2010,20160.4355077059
CZE,NY.GDP.PCAP.CD,2009,19817.4215836554
CZE,NY.GDP.PCAP.CD,2008,22774.7045076205
CZE,NY.GDP.PCAP.CD,2007,18452.6532812196
CZE,NY.GDP.PCAP.CD,2006,15259.0788162004
CZE,NY.GDP.PCAP.CD,2005,13442.4916284309
CZE,NY.GDP.PCAP.CD,2004,11782.5546676117
CZE,NY.GDP.PCAP.CD,2003,9852.45677945801
CZE,NY.GDP.PCAP.CD,2002,8101.26018588111
CZE,NY.GDP.PCAP.CD,2001,6669.07494847497
CZE,NY.GDP.PCAP.CD,2000,6062.92152842793
CZE,NY.GDP.PCAP.CD,1999,6377.6211077224
CZE,NY.GDP.PCAP.CD,1998,6526.59635780951
CZE,NY.GDP.PCAP.CD,1997,6069.38762357837
CZE,NY.GDP.PCAP.CD,1996,6573.19643136362
CZE,NY.GDP.PCAP.CD,1995,5865.29460556726
CZE,NY.GDP.PCAP.CD,1994,4663.28665345469
CZE,NY.GDP.PCAP.CD,1993,3984.1463439879
CZE,NY.GDP.PCAP.CD,1992,3396.70972430469
CZE,NY.GDP.PCAP.CD,1991,2917.08655474323
CZE,NY.GDP.PCAP.CD,1990,3969.36733543794
CZE,NY.GDP.PCAP.CD,1989,
CZE,NY.GDP.PCAP.CD,1988,
CZE,NY.GDP.PCAP.CD,1987,
CZE,NY.GDP.PCAP.CD,1986,
CZE,NY.GDP.PCAP.CD,1985,
CZE,NY.GDP.PCAP.CD,1984,
CZE,NY.GDP.PCAP.CD,1983,
CZE,NY.GDP.PCAP.CD,1982,
CZE,NY.GDP.PCAP.CD,1981,
CZE,NY.GDP.PCAP.CD,1980,
CZE,NY.GDP.PCAP.CD,1979,
CZE,NY.GDP.PCAP.CD,1978,
CZE,NY.GDP.PCAP.CD,1977,
CZE,NY.GDP.PCAP.CD,1976,
CZE,NY.GDP.PCAP.CD,1975,
CZE,NY.GDP.PCAP.CD,1974,
CZE,NY.GDP.PCAP.CD,1973,
CZE,NY.GDP.PCAP.CD,1972,
CZE,NY.GDP.PCAP.CD,1971,
CZE,NY.GDP.PCAP.CD,1970,
CZE,NY.GDP.PCAP.CD,1969,
CZE,NY.GDP.PCAP.CD,1968,
CZE,NY.GDP.PCAP.CD,1967,
CZE,NY.GDP.PCAP.CD,1966,
CZE,NY.GDP.PCAP.CD,1965,
CZE,NY.GDP.PCAP.CD,1964,
CZE,NY.GDP.PCAP.CD,1963,
CZE,NY.GDP.PCAP.CD,1962,
CZE,NY.GDP.PCAP.CD,1961,
CZE,NY.GDP.PCAP.CD,1960,
DNK,NY.GDP.PCAP.CD,2025,
DNK,NY.GDP.PCAP.CD,2024,71026.4832271897
DNK,NY.GDP.PCAP.CD,2023,68043.5466971243
DNK,NY.GDP.PCAP.CD,2022,67781.0940939514
DNK,NY.GDP.PCAP.CD,2021,69340.7334922138
DNK,NY.GDP.PCAP.CD,2020,60985.4885601514
DNK,NY.GDP.PCAP.CD,2019,59404.2663247723
DNK,NY.GDP.PCAP.CD,2018,61324.7665045565
DNK,NY.GDP.PCAP.CD,2017,57521.5514992225
DNK,NY.GDP.PCAP.CD,2016,54500.9260410217
DNK,NY.GDP.PCAP.CD,2015,53094.0133607574
DNK,NY.GDP.PCAP.CD,2014,62520.4509747011
DNK,NY.GDP.PCAP.CD,2013,61377.5940590412
DNK,NY.GDP.PCAP.CD,2012,58443.7747103968
DNK,NY.GDP.PCAP.CD,2011,61809.737898222
DNK,NY.GDP.PCAP.CD,2010,58104.5445594981
DNK,NY.GDP.PCAP.CD,2009,58412.7472358513
DNK,NY.GDP.PCAP.CD,2008,64616.6657583663
DNK,NY.GDP.PCAP.CD,2007,58631.6566433635
DNK,NY.GDP.PCAP.CD,2006,52119.1787984282
DNK,NY.GDP.PCAP.CD,2005,48925.8076698784
DNK,NY.GDP.PCAP.CD,2004,46625.050098011
DNK,NY.GDP.PCAP.CD,2003,40519.0974905924
DNK,NY.GDP.PCAP.CD,2002,33257.1622586509
DNK,NY.GDP.PCAP.CD,2001,30768.4775471112
DNK,NY.GDP.PCAP.CD,2000,30722.0251837567
DNK,NY.GDP.PCAP.CD,1999,33426.2381077405
DNK,NY.GDP.PCAP.CD,1998,33346.4884298957
DNK,NY.GDP.PCAP.CD,1997,32779.879045297
DNK,NY.GDP.PCAP.CD,1996,35621.9878051732
DNK,NY.GDP.PCAP.CD,1995,35321.0980773087
DNK,NY.GDP.PCAP.CD,1994,29967.8303903163
DNK,NY.GDP.PCAP.CD,1993,27581.7241097459
DNK,NY.GDP.PCAP.CD,1992,29579.4913648682
DNK,NY.GDP.PCAP.CD,1991,27002.8057705804
DNK,NY.GDP.PCAP.CD,1990,26885.6994188191
DNK,NY.GDP.PCAP.CD,1989,21882.1517463842
DNK,NY.GDP.PCAP.CD,1988,22524.5792595476
DNK,NY.GDP.PCAP.CD,1987,21295.6768566078
DNK,NY.GDP.PCAP.CD,1986,17136.6297376226
DNK,NY.GDP.PCAP.CD,1985,12212.7873997293
DNK,NY.GDP.PCAP.CD,1984,11516.6821578436
DNK,NY.GDP.PCAP.CD,1983,11796.5691955784
DNK,NY.GDP.PCAP.CD,1982,11740.2199128271
DNK,NY.GDP.PCAP.CD,1981,12000.2103769191
DNK,NY.GDP.PCAP.CD,1980,13822.1578405912
DNK,NY.GDP.PCAP.CD,1979,13757.2343740839
DNK,NY.GDP.PCAP.CD,1978,11817.6250875179
DNK,NY.GDP.PCAP.CD,1977,9769.57864283968
DNK,NY.GDP.PCAP.CD,1976,8773.3396162771
DNK,NY.GDP.PCAP.CD,1975,7988.15613263518
DNK,NY.GDP.PCAP.CD,1974,6763.86592918646
DNK,NY.GDP.PCAP.CD,1973,6116.89199229142
DNK,NY.GDP.PCAP.CD,1972,4653.95587889115
DNK,NY.GDP.PCAP.CD,1971,3845.59906810072
DNK,NY.GDP.PCAP.CD,1970,3464.45518278408
DNK,NY.GDP.PCAP.CD,1969,3151.13324311543
DNK,NY.GDP.PCAP.CD,1968,2776.13544525805
DNK,NY.GDP.PCAP.CD,1967,2700.74637883336
DNK,NY.GDP.PCAP.CD,1966,2487.13627144432
DNK,NY.GDP.PCAP.CD,1965,2284.22850484956
DNK,NY.GDP.PCAP.CD,1964,2049.39724281483
DNK,NY.GDP.PCAP.CD,1963,1807.25279179793
DNK,NY.GDP.PCAP.CD,1962,1711.2181376602
DNK,NY.GDP.PCAP.CD,1961,1530.53779004389
DNK,NY.GDP.PCAP.CD,1960,1389.0213943225
DJI,NY.GDP.PCAP.CD,2025,
DJI,NY.GDP.PCAP.CD,2024,3552.72335079222
DJI,NY.GDP.PCAP.CD,2023,3381.29779710722
DJI,NY.GDP.PCAP.CD,2022,3133.25779772463
DJI,NY.GDP.PCAP.CD,2021,3025.91126413549
DJI,NY.GDP.PCAP.CD,2020,2844.88810647853
DJI,NY.GDP.PCAP.CD,2019,2837.16902340932
DJI,NY.GDP.PCAP.CD,2018,2718.08338799203
DJI,NY.GDP.PCAP.CD,2017,2618.95521147369
DJI,NY.GDP.PCAP.CD,2016,2510.4300076241
DJI,NY.GDP.PCAP.CD,2015,2376.12554719873
DJI,NY.GDP.PCAP.CD,2014,2214.62084142432
DJI,NY.GDP.PCAP.CD,2013,2075.94498424748
DJI,NY.GDP.PCAP.CD,2012,1400.19357858954
DJI,NY.GDP.PCAP.CD,2011,1306.34552844977
DJI,NY.GDP.PCAP.CD,2010,1213.23352553429
DJI,NY.GDP.PCAP.CD,2009,1150.9375857489
DJI,NY.GDP.PCAP.CD,2008,1119.15233346969
DJI,NY.GDP.PCAP.CD,2007,969.573220191902
DJI,NY.GDP.PCAP.CD,2006,898.464628136774
DJI,NY.GDP.PCAP.CD,2005,844.4483573908
DJI,NY.GDP.PCAP.CD,2004,806.261652944964
DJI,NY.GDP.PCAP.CD,2003,764.634465224597
DJI,NY.GDP.PCAP.CD,2002,743.013270420348
DJI,NY.GDP.PCAP.CD,2001,742.133791107063
DJI,NY.GDP.PCAP.CD,2000,737.612183644052
DJI,NY.GDP.PCAP.CD,1999,740.21930978973
DJI,NY.GDP.PCAP.CD,1998,735.349107889529
DJI,NY.GDP.PCAP.CD,1997,748.232840194914
DJI,NY.GDP.PCAP.CD,1996,761.943659476655
DJI,NY.GDP.PCAP.CD,1995,786.201866748458
DJI,NY.GDP.PCAP.CD,1994,784.556207408331
DJI,NY.GDP.PCAP.CD,1993,758.733842733535
DJI,NY.GDP.PCAP.CD,1992,763.659214503152
DJI,NY.GDP.PCAP.CD,1991,732.733101553782
DJI,NY.GDP.PCAP.CD,1990,780.497719360725
DJI,NY.GDP.PCAP.CD,1989,781.9168386713
DJI,NY.GDP.PCAP.CD,1988,816.874614065329
DJI,NY.GDP.PCAP.CD,1987,821.682570354282
DJI,NY.GDP.PCAP.CD,1986,
DJI,NY.GDP.PCAP.CD,1985,846.785538068015
DJI,NY.GDP.PCAP.CD,1984,
DJI,NY.GDP.PCAP.CD,1983,
DJI,NY.GDP.PCAP.CD,1982,
DJI,NY.GDP.PCAP.CD,1981,
DJI,NY.GDP.PCAP.CD,1980,
DJI,NY.GDP.PCAP.CD,1979,
DJI,NY.GDP.PCAP.CD,1978,
DJI,NY.GDP.PCAP.CD,1977,
DJI,NY.GDP.PCAP.CD,1976,
DJI,NY.GDP.PCAP.CD,1975,
DJI,NY.GDP.PCAP.CD,1974,
DJI,NY.GDP.PCAP.CD,1973,
DJI,NY.GDP.PCAP.CD,1972,
DJI,NY.GDP.PCAP.CD,1971,
DJI,NY.GDP.PCAP.CD,1970,
DJI,NY.GDP.PCAP.CD,1969,
DJI,NY.GDP.PCAP.CD,1968,
DJI,NY.GDP.PCAP.CD,1967,
DJI,NY.GDP.PCAP.CD,1966,
DJI,NY.GDP.PCAP.CD,1965,
DJI,NY.GDP.PCAP.CD,1964,
DJI,NY.GDP.PCAP.CD,1963,
DJI,NY.GDP.PCAP.CD,1962,
DJI,NY.GDP.PCAP.CD,1961,
DJI,NY.GDP.PCAP.CD,1960,
DMA,NY.GDP.PCAP.CD,2025,
DMA,NY.GDP.PCAP.CD,2024,10405.2787777582
DMA,NY.GDP.PCAP.CD,2023,9912.96212766668
DMA,NY.GDP.PCAP.CD,2022,9323.66089490562
DMA,NY.GDP.PCAP.CD,2021,8376.40414141113
DMA,NY.GDP.PCAP.CD,2020,7827.74842680426
DMA,NY.GDP.PCAP.CD,2019,9491.14995962374
DMA,NY.GDP.PCAP.CD,2018,9215.3085405645
DMA,NY.GDP.PCAP.CD,2017,8224.64896571414
DMA,NY.GDP.PCAP.CD,2016,8802.56172041363
DMA,NY.GDP.PCAP.CD,2015,8282.59874702141
DMA,NY.GDP.PCAP.CD,2014,8131.74876096735
DMA,NY.GDP.PCAP.CD,2013,7822.21797211398
DMA,NY.GDP.PCAP.CD,2012,7528.51001990155
DMA,NY.GDP.PCAP.CD,2011,7705.40717248319
DMA,NY.GDP.PCAP.CD,2010,7549.61964680375
DMA,NY.GDP.PCAP.CD,2009,7487.49010395154
DMA,NY.GDP.PCAP.CD,2008,6971.32633839289
DMA,NY.GDP.PCAP.CD,2007,6459.03503689609
DMA,NY.GDP.PCAP.CD,2006,6055.78109574854
DMA,NY.GDP.PCAP.CD,2005,5695.22442394675
DMA,NY.GDP.PCAP.CD,2004,5778.83306546506
DMA,NY.GDP.PCAP.CD,2003,5447.44011496284
DMA,NY.GDP.PCAP.CD,2002,5488.02784969357
DMA,NY.GDP.PCAP.CD,2001,5527.51527300496
DMA,NY.GDP.PCAP.CD,2000,4867.39896323759
DMA,NY.GDP.PCAP.CD,1999,4817.18105502046
DMA,NY.GDP.PCAP.CD,1998,4664.24268142919
DMA,NY.GDP.PCAP.CD,1997,4372.19712966838
DMA,NY.GDP.PCAP.CD,1996,4210.99532034556
DMA,NY.GDP.PCAP.CD,1995,3951.72267086358
DMA,NY.GDP.PCAP.CD,1994,3805.20278759984
DMA,NY.GDP.PCAP.CD,1993,3536.15609185727
DMA,NY.GDP.PCAP.CD,1992,3376.26050139573
DMA,NY.GDP.PCAP.CD,1991,3171.36577815405
DMA,NY.GDP.PCAP.CD,1990,2892.9815966454
DMA,NY.GDP.PCAP.CD,1989,2639.0495483153
DMA,NY.GDP.PCAP.CD,1988,2423.32574317463
DMA,NY.GDP.PCAP.CD,1987,2138.30385149099
DMA,NY.GDP.PCAP.CD,1986,1892.86556477773
DMA,NY.GDP.PCAP.CD,1985,1665.53207185218
DMA,NY.GDP.PCAP.CD,1984,1514.89217748336
DMA,NY.GDP.PCAP.CD,1983,1363.43800844996
DMA,NY.GDP.PCAP.CD,1982,1231.66928057818
DMA,NY.GDP.PCAP.CD,1981,1124.97453088416
DMA,NY.GDP.PCAP.CD,1980,996.191362332325
DMA,NY.GDP.PCAP.CD,1979,754.091460805232
DMA,NY.GDP.PCAP.CD,1978,785.575814800555
DMA,NY.GDP.PCAP.CD,1977,633.551741670682
DMA,NY.GDP.PCAP.CD,1976,
DMA,NY.GDP.PCAP.CD,1975,
DMA,NY.GDP.PCAP.CD,1974,
DMA,NY.GDP.PCAP.CD,1973,
DMA,NY.GDP.PCAP.CD,1972,
DMA,NY.GDP.PCAP.CD,1971,
DMA,NY.GDP.PCAP.CD,1970,
DMA,NY.GDP.PCAP.CD,1969,
DMA,NY.GDP.PCAP.CD,1968,
DMA,NY.GDP.PCAP.CD,1967,
DMA,NY.GDP.PCAP.CD,1966,
DMA,NY.GDP.PCAP.CD,1965,
DMA,NY.GDP.PCAP.CD,1964,
DMA,NY.GDP.PCAP.CD,1963,
DMA,NY.GDP.PCAP.CD,1962,
DMA,NY.GDP.PCAP.CD,1961,
DMA,NY.GDP.PCAP.CD,1960,
DOM,NY.GDP.PCAP.CD,2025,
DOM,NY.GDP.PCAP.CD,2024,10875.6618443092
DOM,NY.GDP.PCAP.CD,2023,10630.431743829
DOM,NY.GDP.PCAP.CD,2022,10104.2449349081
DOM,NY.GDP.PCAP.CD,2021,8527.0754858205
DOM,NY.GDP.PCAP.CD,2020,7135.22273255899
DOM,NY.GDP.PCAP.CD,2019,8183.01623600375
DOM,NY.GDP.PCAP.CD,2018,7882.98221584944
DOM,NY.GDP.PCAP.CD,2017,7412.71571571512
DOM,NY.GDP.PCAP.CD,2016,7160.44200982307
DOM,NY.GDP.PCAP.CD,2015,6800.95309395474
DOM,NY.GDP.PCAP.CD,2014,6496.45166971142
DOM,NY.GDP.PCAP.CD,2013,6136.59429329301
DOM,NY.GDP.PCAP.CD,2012,6013.81965002603
DOM,NY.GDP.PCAP.CD,2011,5826.51014109195
DOM,NY.GDP.PCAP.CD,2010,5478.62470398954
DOM,NY.GDP.PCAP.CD,2009,4973.95186999952
DOM,NY.GDP.PCAP.CD,2008,5023.58513403515
DOM,NY.GDP.PCAP.CD,2007,4649.64558875814
DOM,NY.GDP.PCAP.CD,2006,4055.14270347371
DOM,NY.GDP.PCAP.CD,2005,3878.31206735244
DOM,NY.GDP.PCAP.CD,2004,2451.69161616569
DOM,NY.GDP.PCAP.CD,2003,2383.26171780393
DOM,NY.GDP.PCAP.CD,2002,3065.60329524196
DOM,NY.GDP.PCAP.CD,2001,2935.89367312668
DOM,NY.GDP.PCAP.CD,2000,2831.45883638033
DOM,NY.GDP.PCAP.CD,1999,2620.8896817272
DOM,NY.GDP.PCAP.CD,1998,2607.85457321405
DOM,NY.GDP.PCAP.CD,1997,2448.89393535363
DOM,NY.GDP.PCAP.CD,1996,2270.86558687203
DOM,NY.GDP.PCAP.CD,1995,2109.16940728689
DOM,NY.GDP.PCAP.CD,1994,1891.67055679
DOM,NY.GDP.PCAP.CD,1993,1722.41995993981
DOM,NY.GDP.PCAP.CD,1992,1558.29782071075
DOM,NY.GDP.PCAP.CD,1991,1345.84673690623
DOM,NY.GDP.PCAP.CD,1990,989.163941207659
DOM,NY.GDP.PCAP.CD,1989,954.914504449885
DOM,NY.GDP.PCAP.CD,1988,783.913142122635
DOM,NY.GDP.PCAP.CD,1987,868.087557831807
DOM,NY.GDP.PCAP.CD,1986,931.659530115685
DOM,NY.GDP.PCAP.CD,1985,784.488809604008
DOM,NY.GDP.PCAP.CD,1984,1843.52460788928
DOM,NY.GDP.PCAP.CD,1983,1499.95575255789
DOM,NY.GDP.PCAP.CD,1982,1376.26820466534
DOM,NY.GDP.PCAP.CD,1981,1288.46563140235
DOM,NY.GDP.PCAP.CD,1980,1180.18089253045
DOM,NY.GDP.PCAP.CD,1979,983.739706495351
DOM,NY.GDP.PCAP.CD,1978,868.397371769969
DOM,NY.GDP.PCAP.CD,1977,862.976049221109
DOM,NY.GDP.PCAP.CD,1976,762.778347016951
DOM,NY.GDP.PCAP.CD,1975,713.168169144024
DOM,NY.GDP.PCAP.CD,1974,595.356677805143
DOM,NY.GDP.PCAP.CD,1973,490.3154952703
DOM,NY.GDP.PCAP.CD,1972,427.224846368664
DOM,NY.GDP.PCAP.CD,1971,368.349647697268
DOM,NY.GDP.PCAP.CD,1970,337.668123719964
DOM,NY.GDP.PCAP.CD,1969,287.699305710615
DOM,NY.GDP.PCAP.CD,1968,259.574438400563
DOM,NY.GDP.PCAP.CD,1967,256.20659739416
DOM,NY.GDP.PCAP.CD,1966,250.876691518053
DOM,NY.GDP.PCAP.CD,1965,233.160574151022
DOM,NY.GDP.PCAP.CD,1964,277.29715816349
DOM,NY.GDP.PCAP.CD,1963,262.186358003136
DOM,NY.GDP.PCAP.CD,1962,236.814700040461
DOM,NY.GDP.PCAP.CD,1961,193.908988795022
DOM,NY.GDP.PCAP.CD,1960,205.731509857004
ECU,NY.GDP.PCAP.CD,2025,
ECU,NY.GDP.PCAP.CD,2024,6874.705739766
ECU,NY.GDP.PCAP.CD,2023,6737.84748379638
ECU,NY.GDP.PCAP.CD,2022,6515.58528418336
ECU,NY.GDP.PCAP.CD,2021,6061.32350181711
ECU,NY.GDP.PCAP.CD,2020,5463.64515348598
ECU,NY.GDP.PCAP.CD,2019,6205.05765246766
ECU,NY.GDP.PCAP.CD,2018,6303.91886658338
ECU,NY.GDP.PCAP.CD,2017,6233.32244797718
ECU,NY.GDP.PCAP.CD,2016,5917.63771271481
ECU,NY.GDP.PCAP.CD,2015,5976.1596805651
ECU,NY.GDP.PCAP.CD,2014,6405.79979300441
ECU,NY.GDP.PCAP.CD,2013,6109.29031510341
ECU,NY.GDP.PCAP.CD,2012,5634.08393191094
ECU,NY.GDP.PCAP.CD,2011,5153.6916424375
ECU,NY.GDP.PCAP.CD,2010,4520.30959039763
ECU,NY.GDP.PCAP.CD,2009,4053.36331139298
ECU,NY.GDP.PCAP.CD,2008,4194.75750661981
ECU,NY.GDP.PCAP.CD,2007,3478.92488770671
ECU,NY.GDP.PCAP.CD,2006,3243.67010359339
ECU,NY.GDP.PCAP.CD,2005,2909.02606014388
ECU,NY.GDP.PCAP.CD,2004,2586.20914663347
ECU,NY.GDP.PCAP.CD,2003,2315.62215223014
ECU,NY.GDP.PCAP.CD,2002,2059.1585535974
ECU,NY.GDP.PCAP.CD,2001,1791.30359685037
ECU,NY.GDP.PCAP.CD,2000,1382.23421759909
ECU,NY.GDP.PCAP.CD,1999,1575.30234730971
ECU,NY.GDP.PCAP.CD,1998,2284.01572847769
ECU,NY.GDP.PCAP.CD,1997,2340.76600026857
ECU,NY.GDP.PCAP.CD,1996,2135.8479374308
ECU,NY.GDP.PCAP.CD,1995,2108.00698245316
ECU,NY.GDP.PCAP.CD,1994,1996.85894789444
ECU,NY.GDP.PCAP.CD,1993,1697.88884141445
ECU,NY.GDP.PCAP.CD,1992,1655.44613192632
ECU,NY.GDP.PCAP.CD,1991,1587.36049996672
ECU,NY.GDP.PCAP.CD,1990,1455.00748510871
ECU,NY.GDP.PCAP.CD,1989,1356.28045636224
ECU,NY.GDP.PCAP.CD,1988,1303.77906073184
ECU,NY.GDP.PCAP.CD,1987,1426.01629151663
ECU,NY.GDP.PCAP.CD,1986,1604.24698102055
ECU,NY.GDP.PCAP.CD,1985,1841.77905481426
ECU,NY.GDP.PCAP.CD,1984,1863.68213493779
ECU,NY.GDP.PCAP.CD,1983,1940.23393200801
ECU,NY.GDP.PCAP.CD,1982,2314.38354547989
ECU,NY.GDP.PCAP.CD,1981,2600.57152797996
ECU,NY.GDP.PCAP.CD,1980,2189.78417657382
ECU,NY.GDP.PCAP.CD,1979,1783.29280581578
ECU,NY.GDP.PCAP.CD,1978,1541.13760425322
ECU,NY.GDP.PCAP.CD,1977,1464.94058354719
ECU,NY.GDP.PCAP.CD,1976,1241.91098461141
ECU,NY.GDP.PCAP.CD,1975,1086.17615086517
ECU,NY.GDP.PCAP.CD,1974,953.846558260516
ECU,NY.GDP.PCAP.CD,1973,578.954930783286
ECU,NY.GDP.PCAP.CD,1972,487.972047217986
ECU,NY.GDP.PCAP.CD,1971,434.415880347799
ECU,NY.GDP.PCAP.CD,1970,465.040319805007
ECU,NY.GDP.PCAP.CD,1969,520.843984636492
ECU,NY.GDP.PCAP.CD,1968,445.227989157148
ECU,NY.GDP.PCAP.CD,1967,453.645285895565
ECU,NY.GDP.PCAP.CD,1966,444.623111980641
ECU,NY.GDP.PCAP.CD,1965,450.049782719552
ECU,NY.GDP.PCAP.CD,1964,435.763463220837
ECU,NY.GDP.PCAP.CD,1963,364.743594141305
ECU,NY.GDP.PCAP.CD,1962,312.43541024174
ECU,NY.GDP.PCAP.CD,1961,371.395176462235
ECU,NY.GDP.PCAP.CD,1960,450.776317102259
EGY,NY.GDP.PCAP.CD,2025,
EGY,NY.GDP.PCAP.CD,2024,3338.47371395895
EGY,NY.GDP.PCAP.CD,2023,3456.78968456253
EGY,NY.GDP.PCAP.CD,2022,4233.30783744856
EGY,NY.GDP.PCAP.CD,2021,3827.35415374308
EGY,NY.GDP.PCAP.CD,2020,3511.11381026379
EGY,NY.GDP.PCAP.CD,2019,2962.98892023003
EGY,NY.GDP.PCAP.CD,2018,2484.70315630508
EGY,NY.GDP.PCAP.CD,2017,2395.10333299491
EGY,NY.GDP.PCAP.CD,2016,3270.6287768197
EGY,NY.GDP.PCAP.CD,2015,3306.98159414141
EGY,NY.GDP.PCAP.CD,2014,3133.39102265541
EGY,NY.GDP.PCAP.CD,2013,3025.52563552448
EGY,NY.GDP.PCAP.CD,2012,2996.0677072015
EGY,NY.GDP.PCAP.CD,2011,2590.64384891965
EGY,NY.GDP.PCAP.CD,2010,2455.08194645282
EGY,NY.GDP.PCAP.CD,2009,2161.63964573927
EGY,NY.GDP.PCAP.CD,2008,1896.21594269779
EGY,NY.GDP.PCAP.CD,2007,1547.74170735909
EGY,NY.GDP.PCAP.CD,2006,1298.97900203124
EGY,NY.GDP.PCAP.CD,2005,1105.53920713903
EGY,NY.GDP.PCAP.CD,2004,991.255689145253
EGY,NY.GDP.PCAP.CD,2003,1031.27556291284
EGY,NY.GDP.PCAP.CD,2002,1116.82884626213
EGY,NY.GDP.PCAP.CD,2001,1295.1374184163
EGY,NY.GDP.PCAP.CD,2000,1366.09274372613
EGY,NY.GDP.PCAP.CD,1999,1268.30949160496
EGY,NY.GDP.PCAP.CD,1998,1212.82259820477
EGY,NY.GDP.PCAP.CD,1997,1146.20172117634
EGY,NY.GDP.PCAP.CD,1996,1008.97637629447
EGY,NY.GDP.PCAP.CD,1995,916.326617700876
EGY,NY.GDP.PCAP.CD,1994,807.303537230487
EGY,NY.GDP.PCAP.CD,1993,740.334217356418
EGY,NY.GDP.PCAP.CD,1992,680.79923864551
EGY,NY.GDP.PCAP.CD,1991,622.829605007867
EGY,NY.GDP.PCAP.CD,1990,735.982935028025
EGY,NY.GDP.PCAP.CD,1989,701.037717929191
EGY,NY.GDP.PCAP.CD,1988,633.839369496566
EGY,NY.GDP.PCAP.CD,1987,753.722263747615
EGY,NY.GDP.PCAP.CD,1986,790.201793698565
EGY,NY.GDP.PCAP.CD,1985,769.755137148666
EGY,NY.GDP.PCAP.CD,1984,689.807675510205
EGY,NY.GDP.PCAP.CD,1983,648.013629771434
EGY,NY.GDP.PCAP.CD,1982,595.918898169378
EGY,NY.GDP.PCAP.CD,1981,490.308796861598
EGY,NY.GDP.PCAP.CD,1980,493.053573271061
EGY,NY.GDP.PCAP.CD,1979,420.85821686233
EGY,NY.GDP.PCAP.CD,1978,354.674246269687
EGY,NY.GDP.PCAP.CD,1977,353.403833676533
EGY,NY.GDP.PCAP.CD,1976,334.609918474469
EGY,NY.GDP.PCAP.CD,1975,299.217518322538
EGY,NY.GDP.PCAP.CD,1974,243.061473902314
EGY,NY.GDP.PCAP.CD,1973,272.182710085295
EGY,NY.GDP.PCAP.CD,1972,256.482815640115
EGY,NY.GDP.PCAP.CD,1971,242.971070265891
EGY,NY.GDP.PCAP.CD,1970,232.272492342671
EGY,NY.GDP.PCAP.CD,1969,192.964908828257
EGY,NY.GDP.PCAP.CD,1968,179.774096694265
EGY,NY.GDP.PCAP.CD,1967,174.103044536176
EGY,NY.GDP.PCAP.CD,1966,168.054342944501
EGY,NY.GDP.PCAP.CD,1965,161.567123566919
EGY,NY.GDP.PCAP.CD,1964,157.716536507206
EGY,NY.GDP.PCAP.CD,1963,143.928402522656
EGY,NY.GDP.PCAP.CD,1962,142.409576739705
EGY,NY.GDP.PCAP.CD,1961,162.841644181754
EGY,NY.GDP.PCAP.CD,1960,156.387397481519
SLV,NY.GDP.PCAP.CD,2025,
SLV,NY.GDP.PCAP.CD,2024,5579.65969165029
SLV,NY.GDP.PCAP.CD,2023,5365.44491399171
SLV,NY.GDP.PCAP.CD,2022,5074.60210221806
SLV,NY.GDP.PCAP.CD,2021,4642.60743101342
SLV,NY.GDP.PCAP.CD,2020,3997.19279583709
SLV,NY.GDP.PCAP.CD,2019,4320.11671534627
SLV,NY.GDP.PCAP.CD,2018,4183.54620971358
SLV,NY.GDP.PCAP.CD,2017,4020.12671373919
SLV,NY.GDP.PCAP.CD,2016,3901.34014965811
SLV,NY.GDP.PCAP.CD,2015,3790.34089108162
SLV,NY.GDP.PCAP.CD,2014,3666.01248913873
SLV,NY.GDP.PCAP.CD,2013,3582.26694005169
SLV,NY.GDP.PCAP.CD,2012,3497.91256915509
SLV,NY.GDP.PCAP.CD,2011,3330.60049486653
SLV,NY.GDP.PCAP.CD,2010,3040.07300952878
SLV,NY.GDP.PCAP.CD,2009,2910.18651752011
SLV,NY.GDP.PCAP.CD,2008,2983.24829577976
SLV,NY.GDP.PCAP.CD,2007,2830.65693770733
SLV,NY.GDP.PCAP.CD,2006,2665.61807194853
SLV,NY.GDP.PCAP.CD,2005,2447.39140845394
SLV,NY.GDP.PCAP.CD,2004,2285.68907438892
SLV,NY.GDP.PCAP.CD,2003,2207.83089518069
SLV,NY.GDP.PCAP.CD,2002,2115.41187355626
SLV,NY.GDP.PCAP.CD,2001,2058.04459070452
SLV,NY.GDP.PCAP.CD,2000,1982.87093542615
SLV,NY.GDP.PCAP.CD,1999,1908.0804545224
SLV,NY.GDP.PCAP.CD,1998,1859.73085887742
SLV,NY.GDP.PCAP.CD,1997,1748.92111971129
SLV,NY.GDP.PCAP.CD,1996,1651.31016800895
SLV,NY.GDP.PCAP.CD,1995,1548.3763038362
SLV,NY.GDP.PCAP.CD,1994,1343.9290572544
SLV,NY.GDP.PCAP.CD,1993,1180.26854267621
SLV,NY.GDP.PCAP.CD,1992,1040.78164082019
SLV,NY.GDP.PCAP.CD,1991,955.826897421092
SLV,NY.GDP.PCAP.CD,1990,892.18271519703
SLV,NY.GDP.PCAP.CD,1989,825.105232536306
SLV,NY.GDP.PCAP.CD,1988,806.392353256927
SLV,NY.GDP.PCAP.CD,1987,777.239402479086
SLV,NY.GDP.PCAP.CD,1986,755.425135831439
SLV,NY.GDP.PCAP.CD,1985,776.424283705702
SLV,NY.GDP.PCAP.CD,1984,763.168218110743
SLV,NY.GDP.PCAP.CD,1983,744.863912246485
SLV,NY.GDP.PCAP.CD,1982,735.360954743528
SLV,NY.GDP.PCAP.CD,1981,752.024012607538
SLV,NY.GDP.PCAP.CD,1980,787.149605473724
SLV,NY.GDP.PCAP.CD,1979,773.066953129952
SLV,NY.GDP.PCAP.CD,1978,711.852264187957
SLV,NY.GDP.PCAP.CD,1977,683.90258566335
SLV,NY.GDP.PCAP.CD,1976,552.994933864727
SLV,NY.GDP.PCAP.CD,1975,457.260871327372
SLV,NY.GDP.PCAP.CD,1974,413.403476363207
SLV,NY.GDP.PCAP.CD,1973,366.250658952563
SLV,NY.GDP.PCAP.CD,1972,328.509448039035
SLV,NY.GDP.PCAP.CD,1971,315.665399785976
SLV,NY.GDP.PCAP.CD,1970,308.798853901934
SLV,NY.GDP.PCAP.CD,1969,293.416580804896
SLV,NY.GDP.PCAP.CD,1968,290.096510171735
SLV,NY.GDP.PCAP.CD,1967,288.374280393621
SLV,NY.GDP.PCAP.CD,1966,282.44637356687
SLV,NY.GDP.PCAP.CD,1965,274.333279365994
SLV,NY.GDP.PCAP.CD,1964,
SLV,NY.GDP.PCAP.CD,1963,
SLV,NY.GDP.PCAP.CD,1962,
SLV,NY.GDP.PCAP.CD,1961,
SLV,NY.GDP.PCAP.CD,1960,
GNQ,NY.GDP.PCAP.CD,2025,
GNQ,NY.GDP.PCAP.CD,2024,6745.40013244916
GNQ,NY.GDP.PCAP.CD,2023,6677.793435386
GNQ,NY.GDP.PCAP.CD,2022,7589.29964909381
GNQ,NY.GDP.PCAP.CD,2021,6945.63069794539
GNQ,NY.GDP.PCAP.CD,2020,5764.05502912947
GNQ,NY.GDP.PCAP.CD,2019,6804.14923073888
GNQ,NY.GDP.PCAP.CD,2018,8102.47084834031
GNQ,NY.GDP.PCAP.CD,2017,7809.10465655488
GNQ,NY.GDP.PCAP.CD,2016,7453.19797948517
GNQ,NY.GDP.PCAP.CD,2015,9068.91003238645
GNQ,NY.GDP.PCAP.CD,2014,15548.6624656619
GNQ,NY.GDP.PCAP.CD,2013,16304.0713196418
GNQ,NY.GDP.PCAP.CD,2012,17308.5723924575
GNQ,NY.GDP.PCAP.CD,2011,17198.2136668275
GNQ,NY.GDP.PCAP.CD,2010,13720.1658723222
GNQ,NY.GDP.PCAP.CD,2009,13232.5019378102
GNQ,NY.GDP.PCAP.CD,2008,18210.5552970599
GNQ,NY.GDP.PCAP.CD,2007,12616.9532942011
GNQ,NY.GDP.PCAP.CD,2006,10184.8841248541
GNQ,NY.GDP.PCAP.CD,2005,8673.9026086535
GNQ,NY.GDP.PCAP.CD,2004,4901.30127408119
GNQ,NY.GDP.PCAP.CD,2003,2930.60183743733
GNQ,NY.GDP.PCAP.CD,2002,2264.21065580365
GNQ,NY.GDP.PCAP.CD,2001,1948.61145907844
GNQ,NY.GDP.PCAP.CD,2000,1487.3165506701
GNQ,NY.GDP.PCAP.CD,1999,930.912549299779
GNQ,NY.GDP.PCAP.CD,1998,577.868525342745
GNQ,NY.GDP.PCAP.CD,1997,717.041481576821
GNQ,NY.GDP.PCAP.CD,1996,391.686868235732
GNQ,NY.GDP.PCAP.CD,1995,248.314896208855
GNQ,NY.GDP.PCAP.CD,1994,183.239482711964
GNQ,NY.GDP.PCAP.CD,1993,256.683023652574
GNQ,NY.GDP.PCAP.CD,1992,263.733547088944
GNQ,NY.GDP.PCAP.CD,1991,225.319378519763
GNQ,NY.GDP.PCAP.CD,1990,236.402188376265
GNQ,NY.GDP.PCAP.CD,1989,193.2233561169
GNQ,NY.GDP.PCAP.CD,1988,228.669232827247
GNQ,NY.GDP.PCAP.CD,1987,220.925441822509
GNQ,NY.GDP.PCAP.CD,1986,188.78702702248
GNQ,NY.GDP.PCAP.CD,1985,161.11802183767
GNQ,NY.GDP.PCAP.CD,1984,137.903678570149
GNQ,NY.GDP.PCAP.CD,1983,129.411005581021
GNQ,NY.GDP.PCAP.CD,1982,137.468802708366
GNQ,NY.GDP.PCAP.CD,1981,121.125080282047
GNQ,NY.GDP.PCAP.CD,1980,175.451008071362
GNQ,NY.GDP.PCAP.CD,1979,
GNQ,NY.GDP.PCAP.CD,1978,
GNQ,NY.GDP.PCAP.CD,1977,375.705960625002
GNQ,NY.GDP.PCAP.CD,1976,368.831374253979
GNQ,NY.GDP.PCAP.CD,1975,362.262178278078
GNQ,NY.GDP.PCAP.CD,1974,319.236836741342
GNQ,NY.GDP.PCAP.CD,1973,268.634902338667
GNQ,NY.GDP.PCAP.CD,1972,211.424761974446
GNQ,NY.GDP.PCAP.CD,1971,205.56736961701
GNQ,NY.GDP.PCAP.CD,1970,206.766858699665
GNQ,NY.GDP.PCAP.CD,1969,208.44083966338
GNQ,NY.GDP.PCAP.CD,1968,211.743758689178
GNQ,NY.GDP.PCAP.CD,1967,231.931646165774
GNQ,NY.GDP.PCAP.CD,1966,226.694963901345
GNQ,NY.GDP.PCAP.CD,1965,217.10289545039
GNQ,NY.GDP.PCAP.CD,1964,177.826417576094
GNQ,NY.GDP.PCAP.CD,1963,154.797498528375
GNQ,NY.GDP.PCAP.CD,1962,132.911859077276
GNQ,NY.GDP.PCAP.CD,1961,
GNQ,NY.GDP.PCAP.CD,1960,
ERI,NY.GDP.PCAP.CD,2025,
ERI,NY.GDP.PCAP.CD,2024,
ERI,NY.GDP.PCAP.CD,2023,
ERI,NY.GDP.PCAP.CD,2022,
ERI,NY.GDP.PCAP.CD,2021,
ERI,NY.GDP.PCAP.CD,2020,
ERI,NY.GDP.PCAP.CD,2019,
ERI,NY.GDP.PCAP.CD,2018,
ERI,NY.GDP.PCAP.CD,2017,
ERI,NY.GDP.PCAP.CD,2016,
ERI,NY.GDP.PCAP.CD,2015,
ERI,NY.GDP.PCAP.CD,2014,
ERI,NY.GDP.PCAP.CD,2013,
ERI,NY.GDP.PCAP.CD,2012,
ERI,NY.GDP.PCAP.CD,2011,688.68165957684
ERI,NY.GDP.PCAP.CD,2010,539.699512069686
ERI,NY.GDP.PCAP.CD,2009,642.92572288007
ERI,NY.GDP.PCAP.CD,2008,490.066956003333
ERI,NY.GDP.PCAP.CD,2007,480.44762365456
ERI,NY.GDP.PCAP.CD,2006,447.997404727201
ERI,NY.GDP.PCAP.CD,2005,412.753079199423
ERI,NY.GDP.PCAP.CD,2004,426.840947887032
ERI,NY.GDP.PCAP.CD,2003,348.950327077742
ERI,NY.GDP.PCAP.CD,2002,304.775756465092
ERI,NY.GDP.PCAP.CD,2001,325.409161513593
ERI,NY.GDP.PCAP.CD,2000,314.357396753501
ERI,NY.GDP.PCAP.CD,1999,311.336209255125
ERI,NY.GDP.PCAP.CD,1998,341.91736400208
ERI,NY.GDP.PCAP.CD,1997,318.980960831984
ERI,NY.GDP.PCAP.CD,1996,325.838705371605
ERI,NY.GDP.PCAP.CD,1995,285.402184008331
ERI,NY.GDP.PCAP.CD,1994,277.801423620334
ERI,NY.GDP.PCAP.CD,1993,252.085777069472
ERI,NY.GDP.PCAP.CD,1992,265.240962963337
ERI,NY.GDP.PCAP.CD,1991,
ERI,NY.GDP.PCAP.CD,1990,
ERI,NY.GDP.PCAP.CD,1989,
ERI,NY.GDP.PCAP.CD,1988,
ERI,NY.GDP.PCAP.CD,1987,
ERI,NY.GDP.PCAP.CD,1986,
ERI,NY.GDP.PCAP.CD,1985,
ERI,NY.GDP.PCAP.CD,1984,
ERI,NY.GDP.PCAP.CD,1983,
ERI,NY.GDP.PCAP.CD,1982,
ERI,NY.GDP.PCAP.CD,1981,
ERI,NY.GDP.PCAP.CD,1980,
ERI,NY.GDP.PCAP.CD,1979,
ERI,NY.GDP.PCAP.CD,1978,
ERI,NY.GDP.PCAP.CD,1977,
ERI,NY.GDP.PCAP.CD,1976,
ERI,NY.GDP.PCAP.CD,1975,
ERI,NY.GDP.PCAP.CD,1974,
ERI,NY.GDP.PCAP.CD,1973,
ERI,NY.GDP.PCAP.CD,1972,
ERI,NY.GDP.PCAP.CD,1971,
ERI,NY.GDP.PCAP.CD,1970,
ERI,NY.GDP.PCAP.CD,1969,
ERI,NY.GDP.PCAP.CD,1968,
ERI,NY.GDP.PCAP.CD,1967,
ERI,NY.GDP.PCAP.CD,1966,
ERI,NY.GDP.PCAP.CD,1965,
ERI,NY.GDP.PCAP.CD,1964,
ERI,NY.GDP.PCAP.CD,1963,
ERI,NY.GDP.PCAP.CD,1962,
ERI,NY.GDP.PCAP.CD,1961,
ERI,NY.GDP.PCAP.CD,1960,
EST,NY.GDP.PCAP.CD,2025,
EST,NY.GDP.PCAP.CD,2024,31428.3547816104
EST,NY.GDP.PCAP.CD,2023,30264.0064885057
EST,NY.GDP.PCAP.CD,2022,28340.3826549406
EST,NY.GDP.PCAP.CD,2021,27951.1659277744
EST,NY.GDP.PCAP.CD,2020,23933.9939421065
EST,NY.GDP.PCAP.CD,2019,24021.2501413306
EST,NY.GDP.PCAP.CD,2018,23618.1361254581
EST,NY.GDP.PCAP.CD,2017,20851.5223496861
EST,NY.GDP.PCAP.CD,2016,18666.3736521706
EST,NY.GDP.PCAP.CD,2015,17722.1557669523
EST,NY.GDP.PCAP.CD,2014,20581.7898991695
EST,NY.GDP.PCAP.CD,2013,19310.3874900757
EST,NY.GDP.PCAP.CD,2012,17568.2137969714
EST,NY.GDP.PCAP.CD,2011,17555.5455239426
EST,NY.GDP.PCAP.CD,2010,14663.7041018705
EST,NY.GDP.PCAP.CD,2009,14712.4494217916
EST,NY.GDP.PCAP.CD,2008,18205.9064113446
EST,NY.GDP.PCAP.CD,2007,16745.4308011148
EST,NY.GDP.PCAP.CD,2006,12641.4800976473
EST,NY.GDP.PCAP.CD,2005,10414.6381183565
EST,NY.GDP.PCAP.CD,2004,8916.0728274602
EST,NY.GDP.PCAP.CD,2003,7205.40703313243
EST,NY.GDP.PCAP.CD,2002,5343.18310760735
EST,NY.GDP.PCAP.CD,2001,4502.66614992392
EST,NY.GDP.PCAP.CD,2000,4070.60902410208
EST,NY.GDP.PCAP.CD,1999,4140.93660232167
EST,NY.GDP.PCAP.CD,1998,4093.39247738765
EST,NY.GDP.PCAP.CD,1997,3682.95230146695
EST,NY.GDP.PCAP.CD,1996,3380.92630243199
EST,NY.GDP.PCAP.CD,1995,3134.38975345407
EST,NY.GDP.PCAP.CD,1994,2819.12612100926
EST,NY.GDP.PCAP.CD,1993,2685.90889287357
EST,NY.GDP.PCAP.CD,1992,
EST,NY.GDP.PCAP.CD,1991,
EST,NY.GDP.PCAP.CD,1990,
EST,NY.GDP.PCAP.CD,1989,
EST,NY.GDP.PCAP.CD,1988,
EST,NY.GDP.PCAP.CD,1987,
EST,NY.GDP.PCAP.CD,1986,
EST,NY.GDP.PCAP.CD,1985,
EST,NY.GDP.PCAP.CD,1984,
EST,NY.GDP.PCAP.CD,1983,
EST,NY.GDP.PCAP.CD,1982,
EST,NY.GDP.PCAP.CD,1981,
EST,NY.GDP.PCAP.CD,1980,
EST,NY.GDP.PCAP.CD,1979,
EST,NY.GDP.PCAP.CD,1978,
EST,NY.GDP.PCAP.CD,1977,
EST,NY.GDP.PCAP.CD,1976,
EST,NY.GDP.PCAP.CD,1975,
EST,NY.GDP.PCAP.CD,1974,
EST,NY.GDP.PCAP.CD,1973,
EST,NY.GDP.PCAP.CD,1972,
EST,NY.GDP.PCAP.CD,1971,
EST,NY.GDP.PCAP.CD,1970,
EST,NY.GDP.PCAP.CD,1969,
EST,NY.GDP.PCAP.CD,1968,
EST,NY.GDP.PCAP.CD,1967,
EST,NY.GDP.PCAP.CD,1966,
EST,NY.GDP.PCAP.CD,1965,
EST,NY.GDP.PCAP.CD,1964,
EST,NY.GDP.PCAP.CD,1963,
EST,NY.GDP.PCAP.CD,1962,
EST,NY.GDP.PCAP.CD,1961,
EST,NY.GDP.PCAP.CD,1960,
SWZ,NY.GDP.PCAP.CD,2025,
SWZ,NY.GDP.PCAP.CD,2024,3909.55892378182
SWZ,NY.GDP.PCAP.CD,2023,3755.52111232464
SWZ,NY.GDP.PCAP.CD,2022,3894.1620089869
SWZ,NY.GDP.PCAP.CD,2021,3984.00229174306
SWZ,NY.GDP.PCAP.CD,2020,3466.56936278145
SWZ,NY.GDP.PCAP.CD,2019,3913.14577547336
SWZ,NY.GDP.PCAP.CD,2018,3972.65450620357
SWZ,NY.GDP.PCAP.CD,2017,3853.09956569679
SWZ,NY.GDP.PCAP.CD,2016,3238.17611961364
SWZ,NY.GDP.PCAP.CD,2015,3419.82276559528
SWZ,NY.GDP.PCAP.CD,2014,3771.07228381938
SWZ,NY.GDP.PCAP.CD,2013,3949.94310039907
SWZ,NY.GDP.PCAP.CD,2012,4224.54789174487
SWZ,NY.GDP.PCAP.CD,2011,4225.06049411911
SWZ,NY.GDP.PCAP.CD,2010,3922.74039390733
SWZ,NY.GDP.PCAP.CD,2009,3189.79679956637
SWZ,NY.GDP.PCAP.CD,2008,2946.8606613746
SWZ,NY.GDP.PCAP.CD,2007,3109.11097608864
SWZ,NY.GDP.PCAP.CD,2006,2964.95865200682
SWZ,NY.GDP.PCAP.CD,2005,2871.06877437449
SWZ,NY.GDP.PCAP.CD,2004,2525.5640452625
SWZ,NY.GDP.PCAP.CD,2003,2015.21743065251
SWZ,NY.GDP.PCAP.CD,2002,1315.73634647994
SWZ,NY.GDP.PCAP.CD,2001,1429.85630359447
SWZ,NY.GDP.PCAP.CD,2000,1629.67038842815
SWZ,NY.GDP.PCAP.CD,1999,1501.66426653189
SWZ,NY.GDP.PCAP.CD,1998,1546.51519325373
SWZ,NY.GDP.PCAP.CD,1997,1705.39874942229
SWZ,NY.GDP.PCAP.CD,1996,1619.19119707662
SWZ,NY.GDP.PCAP.CD,1995,1750.75400773784
SWZ,NY.GDP.PCAP.CD,1994,1461.36400128736
SWZ,NY.GDP.PCAP.CD,1993,1397.26593317978
SWZ,NY.GDP.PCAP.CD,1992,1361.8169795148
SWZ,NY.GDP.PCAP.CD,1991,1273.01224518903
SWZ,NY.GDP.PCAP.CD,1990,1277.69173005665
SWZ,NY.GDP.PCAP.CD,1989,831.847150129225
SWZ,NY.GDP.PCAP.CD,1988,865.25154443731
SWZ,NY.GDP.PCAP.CD,1987,764.752134047322
SWZ,NY.GDP.PCAP.CD,1986,611.298158219647
SWZ,NY.GDP.PCAP.CD,1985,509.885951472336
SWZ,NY.GDP.PCAP.CD,1984,726.345118603826
SWZ,NY.GDP.PCAP.CD,1983,842.750203378801
SWZ,NY.GDP.PCAP.CD,1982,843.043006864844
SWZ,NY.GDP.PCAP.CD,1981,925.368712517647
SWZ,NY.GDP.PCAP.CD,1980,908.375601827987
SWZ,NY.GDP.PCAP.CD,1979,713.953305118319
SWZ,NY.GDP.PCAP.CD,1978,609.960650013647
SWZ,NY.GDP.PCAP.CD,1977,562.711578492044
SWZ,NY.GDP.PCAP.CD,1976,520.799625738095
SWZ,NY.GDP.PCAP.CD,1975,567.884816620216
SWZ,NY.GDP.PCAP.CD,1974,536.161003835798
SWZ,NY.GDP.PCAP.CD,1973,463.251615844177
SWZ,NY.GDP.PCAP.CD,1972,315.028466244508
SWZ,NY.GDP.PCAP.CD,1971,301.119152172814
SWZ,NY.GDP.PCAP.CD,1970,254.161125489597
SWZ,NY.GDP.PCAP.CD,1969,245.233981580731
SWZ,NY.GDP.PCAP.CD,1968,190.386590098492
SWZ,NY.GDP.PCAP.CD,1967,182.773359711151
SWZ,NY.GDP.PCAP.CD,1966,192.744540046073
SWZ,NY.GDP.PCAP.CD,1965,180.977225619081
SWZ,NY.GDP.PCAP.CD,1964,171.608409764479
SWZ,NY.GDP.PCAP.CD,1963,146.391131380777
SWZ,NY.GDP.PCAP.CD,1962,127.095766410182
SWZ,NY.GDP.PCAP.CD,1961,121.795718753065
SWZ,NY.GDP.PCAP.CD,1960,101.572799813694
ETH,NY.GDP.PCAP.CD,2025,
ETH,NY.GDP.PCAP.CD,2024,1133.88279681719
ETH,NY.GDP.PCAP.CD,2023,1055.81091592527
ETH,NY.GDP.PCAP.CD,2022,982.103161506992
ETH,NY.GDP.PCAP.CD,2021,893.00983544905
ETH,NY.GDP.PCAP.CD,2020,829.790982547947
ETH,NY.GDP.PCAP.CD,2019,793.473247210264
ETH,NY.GDP.PCAP.CD,2018,739.702022272086
ETH,NY.GDP.PCAP.CD,2017,696.348429076216
ETH,NY.GDP.PCAP.CD,2016,641.651523286233
ETH,NY.GDP.PCAP.CD,2015,597.912113218663
ETH,NY.GDP.PCAP.CD,2014,549.986577082588
ETH,NY.GDP.PCAP.CD,2013,484.039833104062
ETH,NY.GDP.PCAP.CD,2012,452.101031885754
ETH,NY.GDP.PCAP.CD,2011,343.024942351887
ETH,NY.GDP.PCAP.CD,2010,330.619412798644
ETH,NY.GDP.PCAP.CD,2009,368.574712267445
ETH,NY.GDP.PCAP.CD,2008,316.410475118075
ETH,NY.GDP.PCAP.CD,2007,237.146255996319
ETH,NY.GDP.PCAP.CD,2006,189.345737521418
ETH,NY.GDP.PCAP.CD,2005,158.243458082465
ETH,NY.GDP.PCAP.CD,2004,133.169812538096
ETH,NY.GDP.PCAP.CD,2003,116.800491132777
ETH,NY.GDP.PCAP.CD,2002,109.593813612988
ETH,NY.GDP.PCAP.CD,2001,118.457204255261
ETH,NY.GDP.PCAP.CD,2000,122.269202606069
ETH,NY.GDP.PCAP.CD,1999,120.734631499865
ETH,NY.GDP.PCAP.CD,1998,126.465095781244
ETH,NY.GDP.PCAP.CD,1997,143.369531498844
ETH,NY.GDP.PCAP.CD,1996,147.327458851964
ETH,NY.GDP.PCAP.CD,1995,136.523619088963
ETH,NY.GDP.PCAP.CD,1994,127.685923459033
ETH,NY.GDP.PCAP.CD,1993,168.520401400989
ETH,NY.GDP.PCAP.CD,1992,207.406400863847
ETH,NY.GDP.PCAP.CD,1991,277.565910365091
ETH,NY.GDP.PCAP.CD,1990,262.108971053707
ETH,NY.GDP.PCAP.CD,1989,256.386475306315
ETH,NY.GDP.PCAP.CD,1988,253.248262470167
ETH,NY.GDP.PCAP.CD,1987,254.121329421554
ETH,NY.GDP.PCAP.CD,1986,245.977228769295
ETH,NY.GDP.PCAP.CD,1985,243.897382584019
ETH,NY.GDP.PCAP.CD,1984,214.228860396002
ETH,NY.GDP.PCAP.CD,1983,232.683474421159
ETH,NY.GDP.PCAP.CD,1982,215.25098547162
ETH,NY.GDP.PCAP.CD,1981,212.657517980298
ETH,NY.GDP.PCAP.CD,1980,203.685394440965
ETH,NY.GDP.PCAP.CD,1979,192.357117273999
ETH,NY.GDP.PCAP.CD,1978,178.302480574913
ETH,NY.GDP.PCAP.CD,1977,170.40414371556
ETH,NY.GDP.PCAP.CD,1976,151.95618662171
ETH,NY.GDP.PCAP.CD,1975,144.280537635495
ETH,NY.GDP.PCAP.CD,1974,147.855722504485
ETH,NY.GDP.PCAP.CD,1973,134.935511021947
ETH,NY.GDP.PCAP.CD,1972,119.839997124757
ETH,NY.GDP.PCAP.CD,1971,112.736674296624
ETH,NY.GDP.PCAP.CD,1970,109.430466337285
ETH,NY.GDP.PCAP.CD,1969,102.280177675035
ETH,NY.GDP.PCAP.CD,1968,99.4743651000667
ETH,NY.GDP.PCAP.CD,1967,96.0864747436757
ETH,NY.GDP.PCAP.CD,1966,93.1549467874985
ETH,NY.GDP.PCAP.CD,1965,88.8500294110243
ETH,NY.GDP.PCAP.CD,1964,83.8368648270969
ETH,NY.GDP.PCAP.CD,1963,79.1726343703284
ETH,NY.GDP.PCAP.CD,1962,77.7901849782504
ETH,NY.GDP.PCAP.CD,1961,76.7301966411733
ETH,NY.GDP.PCAP.CD,1960,75.3396090705961
FRO,NY.GDP.PCAP.CD,2025,
FRO,NY.GDP.PCAP.CD,2024,74119.6607553879
FRO,NY.GDP.PCAP.CD,2023,72465.3769660215
FRO,NY.GDP.PCAP.CD,2022,67058.2022648126
FRO,NY.GDP.PCAP.CD,2021,69415.1853254579
FRO,NY.GDP.PCAP.CD,2020,62243.1905561324
FRO,NY.GDP.PCAP.CD,2019,63068.2872688483
FRO,NY.GDP.PCAP.CD,2018,62526.4908515743
FRO,NY.GDP.PCAP.CD,2017,59387.353086482
FRO,NY.GDP.PCAP.CD,2016,56875.2803813296
FRO,NY.GDP.PCAP.CD,2015,52637.1903526574
FRO,NY.GDP.PCAP.CD,2014,60172.0632541664
FRO,NY.GDP.PCAP.CD,2013,55758.2083680611
FRO,NY.GDP.PCAP.CD,2012,50261.9616267693
FRO,NY.GDP.PCAP.CD,2011,51618.9907766392
FRO,NY.GDP.PCAP.CD,2010,47923.1515374991
FRO,NY.GDP.PCAP.CD,2009,47059.1947296738
FRO,NY.GDP.PCAP.CD,2008,51287.8911081663
FRO,NY.GDP.PCAP.CD,2007,48348.7393711011
FRO,NY.GDP.PCAP.CD,2006,41743.6812847661
FRO,NY.GDP.PCAP.CD,2005,36389.081644098
FRO,NY.GDP.PCAP.CD,2004,35647.5440400531
FRO,NY.GDP.PCAP.CD,2003,31269.6031997217
FRO,NY.GDP.PCAP.CD,2002,26937.6505602847
FRO,NY.GDP.PCAP.CD,2001,24879.7729617864
FRO,NY.GDP.PCAP.CD,2000,23322.7593357515
FRO,NY.GDP.PCAP.CD,1999,24978.6210817538
FRO,NY.GDP.PCAP.CD,1998,24729.019906458
FRO,NY.GDP.PCAP.CD,1997,21158.4130199317
FRO,NY.GDP.PCAP.CD,1996,22705.6954787426
FRO,NY.GDP.PCAP.CD,1995,20669.2052425004
FRO,NY.GDP.PCAP.CD,1994,16975.9297150055
FRO,NY.GDP.PCAP.CD,1993,16373.8260050275
FRO,NY.GDP.PCAP.CD,1992,19300.6621973456
FRO,NY.GDP.PCAP.CD,1991,19163.5554371421
FRO,NY.GDP.PCAP.CD,1990,20125.7940710069
FRO,NY.GDP.PCAP.CD,1989,18181.2283745133
FRO,NY.GDP.PCAP.CD,1988,20453.530924512
FRO,NY.GDP.PCAP.CD,1987,18982.6475307663
FRO,NY.GDP.PCAP.CD,1986,14933.8685239492
FRO,NY.GDP.PCAP.CD,1985,10048.9483272876
FRO,NY.GDP.PCAP.CD,1984,9437.29347360867
FRO,NY.GDP.PCAP.CD,1983,10893.3317148574
FRO,NY.GDP.PCAP.CD,1982,10052.9192302665
FRO,NY.GDP.PCAP.CD,1981,10458.0965252581
FRO,NY.GDP.PCAP.CD,1980,11446.2829681746
FRO,NY.GDP.PCAP.CD,1979,10549.3401533022
FRO,NY.GDP.PCAP.CD,1978,9479.43754490354
FRO,NY.GDP.PCAP.CD,1977,8387.1492388171
FRO,NY.GDP.PCAP.CD,1976,6593.6212932559
FRO,NY.GDP.PCAP.CD,1975,5605.51262112203
FRO,NY.GDP.PCAP.CD,1974,4906.27514325385
FRO,NY.GDP.PCAP.CD,1973,4067.92980683272
FRO,NY.GDP.PCAP.CD,1972,3046.4591497805
FRO,NY.GDP.PCAP.CD,1971,2563.60186171096
FRO,NY.GDP.PCAP.CD,1970,2219.37686726419
FRO,NY.GDP.PCAP.CD,1969,1849.43853817677
FRO,NY.GDP.PCAP.CD,1968,1735.53425630103
FRO,NY.GDP.PCAP.CD,1967,1780.15707646919
FRO,NY.GDP.PCAP.CD,1966,1749.16153532827
FRO,NY.GDP.PCAP.CD,1965,1594.47884066707
FRO,NY.GDP.PCAP.CD,1964,
FRO,NY.GDP.PCAP.CD,1963,
FRO,NY.GDP.PCAP.CD,1962,
FRO,NY.GDP.PCAP.CD,1961,
FRO,NY.GDP.PCAP.CD,1960,
FJI,NY.GDP.PCAP.CD,2025,
FJI,NY.GDP.PCAP.CD,2024,6425.74151715712
FJI,NY.GDP.PCAP.CD,2023,5926.20586394763
FJI,NY.GDP.PCAP.CD,2022,5414.12092119088
FJI,NY.GDP.PCAP.CD,2021,4536.73312110335
FJI,NY.GDP.PCAP.CD,2020,4620.6457238014
FJI,NY.GDP.PCAP.CD,2019,5842.07344577597
FJI,NY.GDP.PCAP.CD,2018,6085.41979485376
FJI,NY.GDP.PCAP.CD,2017,5826.84814459328
FJI,NY.GDP.PCAP.CD,2016,5363.79026679243
FJI,NY.GDP.PCAP.CD,2015,5097.53106864695
FJI,NY.GDP.PCAP.CD,2014,5293.35676680464
FJI,NY.GDP.PCAP.CD,2013,4572.44377544245
FJI,NY.GDP.PCAP.CD,2012,4341.40338748749
FJI,NY.GDP.PCAP.CD,2011,4139.60288609702
FJI,NY.GDP.PCAP.CD,2010,3449.14452883369
FJI,NY.GDP.PCAP.CD,2009,3164.13275408169
FJI,NY.GDP.PCAP.CD,2008,3899.92231512129
FJI,NY.GDP.PCAP.CD,2007,3762.74692789299
FJI,NY.GDP.PCAP.CD,2006,3455.10599907349
FJI,NY.GDP.PCAP.CD,2005,3377.69126953493
FJI,NY.GDP.PCAP.CD,2004,3097.19096651759
FJI,NY.GDP.PCAP.CD,2003,2655.58079586044
FJI,NY.GDP.PCAP.CD,2002,2136.56794118683
FJI,NY.GDP.PCAP.CD,2001,1944.997414609
FJI,NY.GDP.PCAP.CD,2000,1995.72071163264
FJI,NY.GDP.PCAP.CD,1999,2327.95720514091
FJI,NY.GDP.PCAP.CD,1998,2010.49636073149
FJI,NY.GDP.PCAP.CD,1997,2573.72338605678
FJI,NY.GDP.PCAP.CD,1996,2648.32766264
FJI,NY.GDP.PCAP.CD,1995,2466.74347815903
FJI,NY.GDP.PCAP.CD,1994,2297.18005884304
FJI,NY.GDP.PCAP.CD,1993,2070.04734110195
FJI,NY.GDP.PCAP.CD,1992,1951.25592930351
FJI,NY.GDP.PCAP.CD,1991,1774.99211138118
FJI,NY.GDP.PCAP.CD,1990,1728.94076871199
FJI,NY.GDP.PCAP.CD,1989,1543.2961719258
FJI,NY.GDP.PCAP.CD,1988,1463.04720165947
FJI,NY.GDP.PCAP.CD,1987,1569.46727039388
FJI,NY.GDP.PCAP.CD,1986,1745.24126633634
FJI,NY.GDP.PCAP.CD,1985,1576.72069091401
FJI,NY.GDP.PCAP.CD,1984,1666.86572541062
FJI,NY.GDP.PCAP.CD,1983,1628.04901181455
FJI,NY.GDP.PCAP.CD,1982,1773.14392517051
FJI,NY.GDP.PCAP.CD,1981,1879.36315139259
FJI,NY.GDP.PCAP.CD,1980,1873.31097972432
FJI,NY.GDP.PCAP.CD,1979,1626.66019023926
FJI,NY.GDP.PCAP.CD,1978,1354.81144050374
FJI,NY.GDP.PCAP.CD,1977,1203.57267969162
FJI,NY.GDP.PCAP.CD,1976,1186.16648457757
FJI,NY.GDP.PCAP.CD,1975,1188.18424249981
FJI,NY.GDP.PCAP.CD,1974,984.313523932329
FJI,NY.GDP.PCAP.CD,1973,761.684067364828
FJI,NY.GDP.PCAP.CD,1972,575.217482137037
FJI,NY.GDP.PCAP.CD,1971,457.844599860784
FJI,NY.GDP.PCAP.CD,1970,413.93721652892
FJI,NY.GDP.PCAP.CD,1969,349.813973013608
FJI,NY.GDP.PCAP.CD,1968,327.357416510141
FJI,NY.GDP.PCAP.CD,1967,325.9865454003
FJI,NY.GDP.PCAP.CD,1966,309.5744090096
FJI,NY.GDP.PCAP.CD,1965,311.241072912198
FJI,NY.GDP.PCAP.CD,1964,305.532203132127
FJI,NY.GDP.PCAP.CD,1963,291.38357377756
FJI,NY.GDP.PCAP.CD,1962,285.473073001593
FJI,NY.GDP.PCAP.CD,1961,280.273366731046
FJI,NY.GDP.PCAP.CD,1960,277.431535497766
FIN,NY.GDP.PCAP.CD,2025,
FIN,NY.GDP.PCAP.CD,2024,53149.7671934051
FIN,NY.GDP.PCAP.CD,2023,52834.2916752703
FIN,NY.GDP.PCAP.CD,2022,50440.560224974
FIN,NY.GDP.PCAP.CD,2021,53099.1351400148
FIN,NY.GDP.PCAP.CD,2020,48828.6846862799
FIN,NY.GDP.PCAP.CD,2019,48358.1807773701
FIN,NY.GDP.PCAP.CD,2018,49654.2497035329
FIN,NY.GDP.PCAP.CD,2017,46085.0174739036
FIN,NY.GDP.PCAP.CD,2016,43451.2562442158
FIN,NY.GDP.PCAP.CD,2015,42560.3456767103
FIN,NY.GDP.PCAP.CD,2014,50073.7760815871
FIN,NY.GDP.PCAP.CD,2013,49691.0145200739
FIN,NY.GDP.PCAP.CD,2012,47551.6740841369
FIN,NY.GDP.PCAP.CD,2011,51060.3242589767
FIN,NY.GDP.PCAP.CD,2010,46506.2919016566
FIN,NY.GDP.PCAP.CD,2009,47478.3495310999
FIN,NY.GDP.PCAP.CD,2008,53769.4726240385
FIN,NY.GDP.PCAP.CD,2007,48473.0240091455
FIN,NY.GDP.PCAP.CD,2006,41214.0187765069
FIN,NY.GDP.PCAP.CD,2005,39049.8703780223
FIN,NY.GDP.PCAP.CD,2004,37768.1334202029
FIN,NY.GDP.PCAP.CD,2003,32920.0857192568
FIN,NY.GDP.PCAP.CD,2002,26989.389260959
FIN,NY.GDP.PCAP.CD,2001,24965.202996776
FIN,NY.GDP.PCAP.CD,2000,24335.9225082659
FIN,NY.GDP.PCAP.CD,1999,26180.4128562349
FIN,NY.GDP.PCAP.CD,1998,25999.9861694953
FIN,NY.GDP.PCAP.CD,1997,24682.29083271
FIN,NY.GDP.PCAP.CD,1996,25756.6777073618
FIN,NY.GDP.PCAP.CD,1995,26246.2743214462
FIN,NY.GDP.PCAP.CD,1994,20278.29109854
FIN,NY.GDP.PCAP.CD,1993,17588.6781715509
FIN,NY.GDP.PCAP.CD,1992,22320.1124695857
FIN,NY.GDP.PCAP.CD,1991,25488.8450525604
FIN,NY.GDP.PCAP.CD,1990,28366.204276071
FIN,NY.GDP.PCAP.CD,1989,23969.052798644
FIN,NY.GDP.PCAP.CD,1988,22043.7701596288
FIN,NY.GDP.PCAP.CD,1987,18565.0264426011
FIN,NY.GDP.PCAP.CD,1986,14946.9926198261
FIN,NY.GDP.PCAP.CD,1985,11394.1921044246
FIN,NY.GDP.PCAP.CD,1984,10830.2185222663
FIN,NY.GDP.PCAP.CD,1983,10493.9626636806
FIN,NY.GDP.PCAP.CD,1982,10935.3110588486
FIN,NY.GDP.PCAP.CD,1981,10925.0957161181
FIN,NY.GDP.PCAP.CD,1980,11224.9380036353
FIN,NY.GDP.PCAP.CD,1979,9333.07695567452
FIN,NY.GDP.PCAP.CD,1978,7629.49572475149
FIN,NY.GDP.PCAP.CD,1977,7069.73565139858
FIN,NY.GDP.PCAP.CD,1976,6740.29145314637
FIN,NY.GDP.PCAP.CD,1975,6256.10245136117
FIN,NY.GDP.PCAP.CD,1974,5298.08008790754
FIN,NY.GDP.PCAP.CD,1973,4173.54485169644
FIN,NY.GDP.PCAP.CD,1972,3177.9287929756
FIN,NY.GDP.PCAP.CD,1971,2716.43223544591
FIN,NY.GDP.PCAP.CD,1970,2465.86455526041
FIN,NY.GDP.PCAP.CD,1969,2201.12415237742
FIN,NY.GDP.PCAP.CD,1968,1927.29380452918
FIN,NY.GDP.PCAP.CD,1967,2055.75306771186
FIN,NY.GDP.PCAP.CD,1966,2031.52331393903
FIN,NY.GDP.PCAP.CD,1965,1902.03847177709
FIN,NY.GDP.PCAP.CD,1964,1725.60483489826
FIN,NY.GDP.PCAP.CD,1963,1538.45703402737
FIN,NY.GDP.PCAP.CD,1962,1426.6675637882
FIN,NY.GDP.PCAP.CD,1961,1341.49900625891
FIN,NY.GDP.PCAP.CD,1960,1191.85508873415
FRA,NY.GDP.PCAP.CD,2025,
FRA,NY.GDP.PCAP.CD,2024,46103.0840855884
FRA,NY.GDP.PCAP.CD,2023,44700.1384177544
FRA,NY.GDP.PCAP.CD,2022,40988.6396406579
FRA,NY.GDP.PCAP.CD,2021,43725.0999521245
FRA,NY.GDP.PCAP.CD,2020,39169.8606000707
FRA,NY.GDP.PCAP.CD,2019,40408.2848574751
FRA,NY.GDP.PCAP.CD,2018,41418.1766484844
FRA,NY.GDP.PCAP.CD,2017,38687.1626407164
FRA,NY.GDP.PCAP.CD,2016,37024.2157133669
FRA,NY.GDP.PCAP.CD,2015,36702.4323733379
FRA,NY.GDP.PCAP.CD,2014,43148.0459288416
FRA,NY.GDP.PCAP.CD,2013,42669.1795111893
FRA,NY.GDP.PCAP.CD,2012,40863.5814412333
FRA,NY.GDP.PCAP.CD,2011,43929.7840873812
FRA,NY.GDP.PCAP.CD,2010,40694.8211697025
FRA,NY.GDP.PCAP.CD,2009,41728.0884164132
FRA,NY.GDP.PCAP.CD,2008,45464.8181385158
FRA,NY.GDP.PCAP.CD,2007,41486.1907828787
FRA,NY.GDP.PCAP.CD,2006,36431.5658906555
FRA,NY.GDP.PCAP.CD,2005,34696.3718316971
FRA,NY.GDP.PCAP.CD,2004,33644.9282220364
FRA,NY.GDP.PCAP.CD,2003,29479.5222101175
FRA,NY.GDP.PCAP.CD,2002,24144.5727019529
FRA,NY.GDP.PCAP.CD,2001,22331.7948343036
FRA,NY.GDP.PCAP.CD,2000,22340.5939516217
FRA,NY.GDP.PCAP.CD,1999,24576.3152254528
FRA,NY.GDP.PCAP.CD,1998,24869.4030795939
FRA,NY.GDP.PCAP.CD,1997,24169.4008102822
FRA,NY.GDP.PCAP.CD,1996,26757.6351494145
FRA,NY.GDP.PCAP.CD,1995,26791.8151982369
FRA,NY.GDP.PCAP.CD,1994,23359.8985104774
FRA,NY.GDP.PCAP.CD,1993,22238.8250618434
FRA,NY.GDP.PCAP.CD,1992,23615.0168565483
FRA,NY.GDP.PCAP.CD,1991,21500.7778366233
FRA,NY.GDP.PCAP.CD,1990,21586.4674617483
FRA,NY.GDP.PCAP.CD,1989,17547.2645422514
FRA,NY.GDP.PCAP.CD,1988,17549.6440487161
FRA,NY.GDP.PCAP.CD,1987,16175.7090467566
FRA,NY.GDP.PCAP.CD,1986,13430.4824599685
FRA,NY.GDP.PCAP.CD,1985,9657.01938533723
FRA,NY.GDP.PCAP.CD,1984,9311.89426452129
FRA,NY.GDP.PCAP.CD,1983,9862.28449386586
FRA,NY.GDP.PCAP.CD,1982,10359.8920663549
FRA,NY.GDP.PCAP.CD,1981,10955.9002996167
FRA,NY.GDP.PCAP.CD,1980,12565.1639377144
FRA,NY.GDP.PCAP.CD,1979,11062.5731730373
FRA,NY.GDP.PCAP.CD,1978,9166.59011961391
FRA,NY.GDP.PCAP.CD,1977,7458.76424117602
FRA,NY.GDP.PCAP.CD,1976,6792.3099035538
FRA,NY.GDP.PCAP.CD,1975,6616.76722499173
FRA,NY.GDP.PCAP.CD,1974,5260.60025882755
FRA,NY.GDP.PCAP.CD,1973,4906.53555379458
FRA,NY.GDP.PCAP.CD,1972,3809.09946046394
FRA,NY.GDP.PCAP.CD,1971,3137.05929958055
FRA,NY.GDP.PCAP.CD,1970,2832.54913756906
FRA,NY.GDP.PCAP.CD,1969,2729.37124785377
FRA,NY.GDP.PCAP.CD,1968,2518.15825593491
FRA,NY.GDP.PCAP.CD,1967,2328.11785496887
FRA,NY.GDP.PCAP.CD,1966,2172.59339649824
FRA,NY.GDP.PCAP.CD,1965,2023.50184544884
FRA,NY.GDP.PCAP.CD,1964,1891.12061521027
FRA,NY.GDP.PCAP.CD,1963,1723.23648290171
FRA,NY.GDP.PCAP.CD,1962,1553.99323202639
FRA,NY.GDP.PCAP.CD,1961,1401.87190432812
FRA,NY.GDP.PCAP.CD,1960,1306.79629911648
PYF,NY.GDP.PCAP.CD,2025,
PYF,NY.GDP.PCAP.CD,2024,22439.8838746025
PYF,NY.GDP.PCAP.CD,2023,21832.2831795569
PYF,NY.GDP.PCAP.CD,2022,20053.9569369322
PYF,NY.GDP.PCAP.CD,2021,21426.3854449835
PYF,NY.GDP.PCAP.CD,2020,19966.4838503859
PYF,NY.GDP.PCAP.CD,2019,21582.5892046801
PYF,NY.GDP.PCAP.CD,2018,21925.616043938
PYF,NY.GDP.PCAP.CD,2017,20826.9312492172
PYF,NY.GDP.PCAP.CD,2016,19690.0775734589
PYF,NY.GDP.PCAP.CD,2015,19166.9594761931
PYF,NY.GDP.PCAP.CD,2014,22258.6321384251
PYF,NY.GDP.PCAP.CD,2013,21955.6329264095
PYF,NY.GDP.PCAP.CD,2012,20846.5457478364
PYF,NY.GDP.PCAP.CD,2011,22831.5185348524
PYF,NY.GDP.PCAP.CD,2010,22494.806706186
PYF,NY.GDP.PCAP.CD,2009,24434.2197555208
PYF,NY.GDP.PCAP.CD,2008,26592.0262835732
PYF,NY.GDP.PCAP.CD,2007,24888.1781337361
PYF,NY.GDP.PCAP.CD,2006,22330.8676659055
PYF,NY.GDP.PCAP.CD,2005,21984.1936230719
PYF,NY.GDP.PCAP.CD,2004,21764.2203208782
PYF,NY.GDP.PCAP.CD,2003,19582.8936395312
PYF,NY.GDP.PCAP.CD,2002,16004.0583292112
PYF,NY.GDP.PCAP.CD,2001,14640.9360062298
PYF,NY.GDP.PCAP.CD,2000,14978.324104668
PYF,NY.GDP.PCAP.CD,1999,16532.9022343754
PYF,NY.GDP.PCAP.CD,1998,16759.7141702526
PYF,NY.GDP.PCAP.CD,1997,16423.0214308681
PYF,NY.GDP.PCAP.CD,1996,18475.7253329475
PYF,NY.GDP.PCAP.CD,1995,18850.3149185956
PYF,NY.GDP.PCAP.CD,1994,16806.0592491122
PYF,NY.GDP.PCAP.CD,1993,16469.7751983669
PYF,NY.GDP.PCAP.CD,1992,17554.3737937032
PYF,NY.GDP.PCAP.CD,1991,16414.8132696888
PYF,NY.GDP.PCAP.CD,1990,16293.1823294474
PYF,NY.GDP.PCAP.CD,1989,13682.8412939782
PYF,NY.GDP.PCAP.CD,1988,13952.8382782589
PYF,NY.GDP.PCAP.CD,1987,14061.3873698969
PYF,NY.GDP.PCAP.CD,1986,11913.8267538469
PYF,NY.GDP.PCAP.CD,1985,8002.08427164997
PYF,NY.GDP.PCAP.CD,1984,7511.32179070332
PYF,NY.GDP.PCAP.CD,1983,7477.03464924524
PYF,NY.GDP.PCAP.CD,1982,7416.30736944627
PYF,NY.GDP.PCAP.CD,1981,7645.18391267409
PYF,NY.GDP.PCAP.CD,1980,8438.72682447341
PYF,NY.GDP.PCAP.CD,1979,8016.36524403648
PYF,NY.GDP.PCAP.CD,1978,6848.95100426122
PYF,NY.GDP.PCAP.CD,1977,5573.60451054244
PYF,NY.GDP.PCAP.CD,1976,5302.06138605756
PYF,NY.GDP.PCAP.CD,1975,5149.93762191732
PYF,NY.GDP.PCAP.CD,1974,4273.16745814336
PYF,NY.GDP.PCAP.CD,1973,3425.44252890097
PYF,NY.GDP.PCAP.CD,1972,2678.18747088327
PYF,NY.GDP.PCAP.CD,1971,2516.98260839219
PYF,NY.GDP.PCAP.CD,1970,2228.19051620548
PYF,NY.GDP.PCAP.CD,1969,2206.35343555808
PYF,NY.GDP.PCAP.CD,1968,2440.8345277325
PYF,NY.GDP.PCAP.CD,1967,2150.61571935477
PYF,NY.GDP.PCAP.CD,1966,2171.35978202717
PYF,NY.GDP.PCAP.CD,1965,1838.57638129761
PYF,NY.GDP.PCAP.CD,1964,
PYF,NY.GDP.PCAP.CD,1963,
PYF,NY.GDP.PCAP.CD,1962,
PYF,NY.GDP.PCAP.CD,1961,
PYF,NY.GDP.PCAP.CD,1960,
GAB,NY.GDP.PCAP.CD,2025,
GAB,NY.GDP.PCAP.CD,2024,8230.04311451151
GAB,NY.GDP.PCAP.CD,2023,7802.82433276138
GAB,NY.GDP.PCAP.CD,2022,8409.2074145028
GAB,NY.GDP.PCAP.CD,2021,8181.40914134656
GAB,NY.GDP.PCAP.CD,2020,6605.80346077565
GAB,NY.GDP.PCAP.CD,2019,7441.1786472281
GAB,NY.GDP.PCAP.CD,2018,7624.2775233771
GAB,NY.GDP.PCAP.CD,2017,6921.73373135624
GAB,NY.GDP.PCAP.CD,2016,6677.07003901644
GAB,NY.GDP.PCAP.CD,2015,7047.12654634355
GAB,NY.GDP.PCAP.CD,2014,9201.36276648105
GAB,NY.GDP.PCAP.CD,2013,9197.70106323947
GAB,NY.GDP.PCAP.CD,2012,9296.96587941088
GAB,NY.GDP.PCAP.CD,2011,10219.1139339454
GAB,NY.GDP.PCAP.CD,2010,8356.74662013345
GAB,NY.GDP.PCAP.CD,2009,7290.57526093114
GAB,NY.GDP.PCAP.CD,2008,9688.64519690633
GAB,NY.GDP.PCAP.CD,2007,8003.54289696049
GAB,NY.GDP.PCAP.CD,2006,6847.00985685394
GAB,NY.GDP.PCAP.CD,2005,6547.87613955186
GAB,NY.GDP.PCAP.CD,2004,5465.79193590708
GAB,NY.GDP.PCAP.CD,2003,4710.74862768151
GAB,NY.GDP.PCAP.CD,2002,3966.48001864663
GAB,NY.GDP.PCAP.CD,2001,3835.75718279727
GAB,NY.GDP.PCAP.CD,2000,3982.906200928
GAB,NY.GDP.PCAP.CD,1999,3751.35318950625
GAB,NY.GDP.PCAP.CD,1998,3699.99513906504
GAB,NY.GDP.PCAP.CD,1997,4508.75340541142
GAB,NY.GDP.PCAP.CD,1996,4942.67870027615
GAB,NY.GDP.PCAP.CD,1995,4414.8755828572
GAB,NY.GDP.PCAP.CD,1994,3828.21118114454
GAB,NY.GDP.PCAP.CD,1993,4105.98701339331
GAB,NY.GDP.PCAP.CD,1992,5385.68811745078
GAB,NY.GDP.PCAP.CD,1991,5345.0965303052
GAB,NY.GDP.PCAP.CD,1990,6050.71468999523
GAB,NY.GDP.PCAP.CD,1989,4373.88491926948
GAB,NY.GDP.PCAP.CD,1988,4118.60473032795
GAB,NY.GDP.PCAP.CD,1987,3624.37675865476
GAB,NY.GDP.PCAP.CD,1986,3864.67453823981
GAB,NY.GDP.PCAP.CD,1985,3898.46316935487
GAB,NY.GDP.PCAP.CD,1984,4272.88216871705
GAB,NY.GDP.PCAP.CD,1983,4181.57191575578
GAB,NY.GDP.PCAP.CD,1982,4583.89967785445
GAB,NY.GDP.PCAP.CD,1981,5026.47646757156
GAB,NY.GDP.PCAP.CD,1980,5718.46719052717
GAB,NY.GDP.PCAP.CD,1979,4154.58594015093
GAB,NY.GDP.PCAP.CD,1978,3359.57268123664
GAB,NY.GDP.PCAP.CD,1977,4048.1467428949
GAB,NY.GDP.PCAP.CD,1976,4441.09448586623
GAB,NY.GDP.PCAP.CD,1975,3258.23424153589
GAB,NY.GDP.PCAP.CD,1974,2384.18628892572
GAB,NY.GDP.PCAP.CD,1973,1140.0416427509
GAB,NY.GDP.PCAP.CD,1972,693.294831412979
GAB,NY.GDP.PCAP.CD,1971,627.415677576616
GAB,NY.GDP.PCAP.CD,1970,543.433161441757
GAB,NY.GDP.PCAP.CD,1969,545.410237141201
GAB,NY.GDP.PCAP.CD,1968,514.573983796217
GAB,NY.GDP.PCAP.CD,1967,482.22309050643
GAB,NY.GDP.PCAP.CD,1966,443.401599878142
GAB,NY.GDP.PCAP.CD,1965,414.554218095035
GAB,NY.GDP.PCAP.CD,1964,400.402956504958
GAB,NY.GDP.PCAP.CD,1963,290.675816546409
GAB,NY.GDP.PCAP.CD,1962,348.416820133128
GAB,NY.GDP.PCAP.CD,1961,323.4592026542
GAB,NY.GDP.PCAP.CD,1960,276.136169473227
GMB,NY.GDP.PCAP.CD,2025,
GMB,NY.GDP.PCAP.CD,2024,871.340291776294
GMB,NY.GDP.PCAP.CD,2023,883.024111719809
GMB,NY.GDP.PCAP.CD,2022,836.244875868476
GMB,NY.GDP.PCAP.CD,2021,781.890925169531
GMB,NY.GDP.PCAP.CD,2020,720.335143352133
GMB,NY.GDP.PCAP.CD,2019,738.186751987483
GMB,NY.GDP.PCAP.CD,2018,696.219806960615
GMB,NY.GDP.PCAP.CD,2017,642.522641296331
GMB,NY.GDP.PCAP.CD,2016,650.056501323611
GMB,NY.GDP.PCAP.CD,2015,619.536364296461
GMB,NY.GDP.PCAP.CD,2014,568.00453558864
GMB,NY.GDP.PCAP.CD,2013,653.862713272743
GMB,NY.GDP.PCAP.CD,2012,692.579361628102
GMB,NY.GDP.PCAP.CD,2011,710.608411468152
GMB,NY.GDP.PCAP.CD,2010,801.033372714536
GMB,NY.GDP.PCAP.CD,2009,774.888030908091
GMB,NY.GDP.PCAP.CD,2008,859.127671411226
GMB,NY.GDP.PCAP.CD,2007,724.726407242432
GMB,NY.GDP.PCAP.CD,2006,614.544307904464
GMB,NY.GDP.PCAP.CD,2005,616.483657865348
GMB,NY.GDP.PCAP.CD,2004,593.285346326581
GMB,NY.GDP.PCAP.CD,2003,308.719123437587
GMB,NY.GDP.PCAP.CD,2002,376.531026962584
GMB,NY.GDP.PCAP.CD,2001,459.803068381399
GMB,NY.GDP.PCAP.CD,2000,538.054072348854
GMB,NY.GDP.PCAP.CD,1999,575.459893151216
GMB,NY.GDP.PCAP.CD,1998,610.234711461724
GMB,NY.GDP.PCAP.CD,1997,600.224023405754
GMB,NY.GDP.PCAP.CD,1996,651.784945724837
GMB,NY.GDP.PCAP.CD,1995,621.681391269646
GMB,NY.GDP.PCAP.CD,1994,608.2774907808
GMB,NY.GDP.PCAP.CD,1993,635.3611677282
GMB,NY.GDP.PCAP.CD,1992,623.485927783598
GMB,NY.GDP.PCAP.CD,1991,627.578919318827
GMB,NY.GDP.PCAP.CD,1990,300.639895740381
GMB,NY.GDP.PCAP.CD,1989,280.929809553919
GMB,NY.GDP.PCAP.CD,1988,274.874465999589
GMB,NY.GDP.PCAP.CD,1987,236.954802725846
GMB,NY.GDP.PCAP.CD,1986,207.654408714945
GMB,NY.GDP.PCAP.CD,1985,262.816616745779
GMB,NY.GDP.PCAP.CD,1984,214.794357389928
GMB,NY.GDP.PCAP.CD,1983,268.649299816803
GMB,NY.GDP.PCAP.CD,1982,282.141307055388
GMB,NY.GDP.PCAP.CD,1981,295.982064548083
GMB,NY.GDP.PCAP.CD,1980,337.692534389517
GMB,NY.GDP.PCAP.CD,1979,300.258528034397
GMB,NY.GDP.PCAP.CD,1978,257.581042237291
GMB,NY.GDP.PCAP.CD,1977,213.842543162023
GMB,NY.GDP.PCAP.CD,1976,179.313963291107
GMB,NY.GDP.PCAP.CD,1975,189.808393377344
GMB,NY.GDP.PCAP.CD,1974,162.618334686551
GMB,NY.GDP.PCAP.CD,1973,131.449182060787
GMB,NY.GDP.PCAP.CD,1972,106.524604282625
GMB,NY.GDP.PCAP.CD,1971,103.318322288749
GMB,NY.GDP.PCAP.CD,1970,99.7816919772448
GMB,NY.GDP.PCAP.CD,1969,88.662202161031
GMB,NY.GDP.PCAP.CD,1968,83.1064852758912
GMB,NY.GDP.PCAP.CD,1967,96.9604868849254
GMB,NY.GDP.PCAP.CD,1966,94.3662144947658
GMB,NY.GDP.PCAP.CD,1965,
GMB,NY.GDP.PCAP.CD,1964,
GMB,NY.GDP.PCAP.CD,1963,
GMB,NY.GDP.PCAP.CD,1962,
GMB,NY.GDP.PCAP.CD,1961,
GMB,NY.GDP.PCAP.CD,1960,
GEO,NY.GDP.PCAP.CD,2025,
GEO,NY.GDP.PCAP.CD,2024,9241.49122313713
GEO,NY.GDP.PCAP.CD,2023,8283.66960652261
GEO,NY.GDP.PCAP.CD,2022,6729.84659930283
GEO,NY.GDP.PCAP.CD,2021,5083.60695484577
GEO,NY.GDP.PCAP.CD,2020,4300.85701291207
GEO,NY.GDP.PCAP.CD,2019,4741.2832715876
GEO,NY.GDP.PCAP.CD,2018,4804.0546040444
GEO,NY.GDP.PCAP.CD,2017,4418.75206546679
GEO,NY.GDP.PCAP.CD,2016,4143.40125686315
GEO,NY.GDP.PCAP.CD,2015,4086.6223465965
GEO,NY.GDP.PCAP.CD,2014,4830.33486170249
GEO,NY.GDP.PCAP.CD,2013,4712.00229382665
GEO,NY.GDP.PCAP.CD,2012,4530.69533409431
GEO,NY.GDP.PCAP.CD,2011,4119.66818307193
GEO,NY.GDP.PCAP.CD,2010,3281.72930937343
GEO,NY.GDP.PCAP.CD,2009,2822.68939668797
GEO,NY.GDP.PCAP.CD,2008,3324.7537205015
GEO,NY.GDP.PCAP.CD,2007,2635.36650276116
GEO,NY.GDP.PCAP.CD,2006,1996.02013272284
GEO,NY.GDP.PCAP.CD,2005,1642.78359414797
GEO,NY.GDP.PCAP.CD,2004,1305.04748557208
GEO,NY.GDP.PCAP.CD,2003,1010.03151630868
GEO,NY.GDP.PCAP.CD,2002,853.526171868939
GEO,NY.GDP.PCAP.CD,2001,801.98383707929
GEO,NY.GDP.PCAP.CD,2000,749.908534993961
GEO,NY.GDP.PCAP.CD,1999,673.537782887275
GEO,NY.GDP.PCAP.CD,1998,851.515542450841
GEO,NY.GDP.PCAP.CD,1997,807.032285752352
GEO,NY.GDP.PCAP.CD,1996,689.034634153312
GEO,NY.GDP.PCAP.CD,1995,578.336923460866
GEO,NY.GDP.PCAP.CD,1994,519.815578814965
GEO,NY.GDP.PCAP.CD,1993,550.015542609224
GEO,NY.GDP.PCAP.CD,1992,757.223548505358
GEO,NY.GDP.PCAP.CD,1991,1307.82342713006
GEO,NY.GDP.PCAP.CD,1990,1610.98027146868
GEO,NY.GDP.PCAP.CD,1989,1853.44090838675
GEO,NY.GDP.PCAP.CD,1988,1843.90343235858
GEO,NY.GDP.PCAP.CD,1987,1543.58202459728
GEO,NY.GDP.PCAP.CD,1986,
GEO,NY.GDP.PCAP.CD,1985,
GEO,NY.GDP.PCAP.CD,1984,
GEO,NY.GDP.PCAP.CD,1983,
GEO,NY.GDP.PCAP.CD,1982,
GEO,NY.GDP.PCAP.CD,1981,
GEO,NY.GDP.PCAP.CD,1980,
GEO,NY.GDP.PCAP.CD,1979,
GEO,NY.GDP.PCAP.CD,1978,
GEO,NY.GDP.PCAP.CD,1977,
GEO,NY.GDP.PCAP.CD,1976,
GEO,NY.GDP.PCAP.CD,1975,
GEO,NY.GDP.PCAP.CD,1974,
GEO,NY.GDP.PCAP.CD,1973,
GEO,NY.GDP.PCAP.CD,1972,
GEO,NY.GDP.PCAP.CD,1971,
GEO,NY.GDP.PCAP.CD,1970,
GEO,NY.GDP.PCAP.CD,1969,
GEO,NY.GDP.PCAP.CD,1968,
GEO,NY.GDP.PCAP.CD,1967,
GEO,NY.GDP.PCAP.CD,1966,
GEO,NY.GDP.PCAP.CD,1965,
GEO,NY.GDP.PCAP.CD,1964,
GEO,NY.GDP.PCAP.CD,1963,
GEO,NY.GDP.PCAP.CD,1962,
GEO,NY.GDP.PCAP.CD,1961,
GEO,NY.GDP.PCAP.CD,1960,
DEU,NY.GDP.PCAP.CD,2025,
DEU,NY.GDP.PCAP.CD,2024,56103.7323182554
DEU,NY.GDP.PCAP.CD,2023,54776.7668235491
DEU,NY.GDP.PCAP.CD,2022,50506.5179638543
DEU,NY.GDP.PCAP.CD,2021,52349.2459994422
DEU,NY.GDP.PCAP.CD,2020,47394.8734504469
DEU,NY.GDP.PCAP.CD,2019,47656.199739747
DEU,NY.GDP.PCAP.CD,2018,48916.1686612154
DEU,NY.GDP.PCAP.CD,2017,45553.9341495339
DEU,NY.GDP.PCAP.CD,2016,42948.9381932694
DEU,NY.GDP.PCAP.CD,2015,41929.7549110722
DEU,NY.GDP.PCAP.CD,2014,48959.5991203133
DEU,NY.GDP.PCAP.CD,2013,47206.8353514242
DEU,NY.GDP.PCAP.CD,2012,44718.0159214069
DEU,NY.GDP.PCAP.CD,2011,47630.9761883572
DEU,NY.GDP.PCAP.CD,2010,42396.9665976293
DEU,NY.GDP.PCAP.CD,2009,42471.8868625226
DEU,NY.GDP.PCAP.CD,2008,46379.1647953479
DEU,NY.GDP.PCAP.CD,2007,42350.9217211489
DEU,NY.GDP.PCAP.CD,2006,36980.3349948954
DEU,NY.GDP.PCAP.CD,2005,35084.4363546269
DEU,NY.GDP.PCAP.CD,2004,34566.7359143735
DEU,NY.GDP.PCAP.CD,2003,30711.1022511331
DEU,NY.GDP.PCAP.CD,2002,25486.5942008748
DEU,NY.GDP.PCAP.CD,2001,23878.3641471651
DEU,NY.GDP.PCAP.CD,2000,23925.8559901991
DEU,NY.GDP.PCAP.CD,1999,26965.4922773722
DEU,NY.GDP.PCAP.CD,1998,27395.9440608051
DEU,NY.GDP.PCAP.CD,1997,27046.9565464237
DEU,NY.GDP.PCAP.CD,1996,30599.7891048363
DEU,NY.GDP.PCAP.CD,1995,31747.2449398447
DEU,NY.GDP.PCAP.CD,1994,27201.9593555204
DEU,NY.GDP.PCAP.CD,1993,25616.6508772405
DEU,NY.GDP.PCAP.CD,1992,26559.8543879632
DEU,NY.GDP.PCAP.CD,1991,23443.3350818536
DEU,NY.GDP.PCAP.CD,1990,22385.6778250275
DEU,NY.GDP.PCAP.CD,1989,17829.4609524705
DEU,NY.GDP.PCAP.CD,1988,17996.9783507619
DEU,NY.GDP.PCAP.CD,1987,16738.6132825523
DEU,NY.GDP.PCAP.CD,1986,13511.1520027486
DEU,NY.GDP.PCAP.CD,1985,9464.11694710857
DEU,NY.GDP.PCAP.CD,1984,9347.29068412377
DEU,NY.GDP.PCAP.CD,1983,9900.48559233526
DEU,NY.GDP.PCAP.CD,1982,9950.05926025365
DEU,NY.GDP.PCAP.CD,1981,10246.4767623188
DEU,NY.GDP.PCAP.CD,1980,12182.7800196802
DEU,NY.GDP.PCAP.CD,1979,11322.3543443813
DEU,NY.GDP.PCAP.CD,1978,9516.78283228907
DEU,NY.GDP.PCAP.CD,1977,7711.10232025365
DEU,NY.GDP.PCAP.CD,1976,6659.16546576017
DEU,NY.GDP.PCAP.CD,1975,6259.20744498342
DEU,NY.GDP.PCAP.CD,1974,5659.73787773336
DEU,NY.GDP.PCAP.CD,1973,5065.24523302283
DEU,NY.GDP.PCAP.CD,1972,3823.94032602696
DEU,NY.GDP.PCAP.CD,1971,3203.82884836051
DEU,NY.GDP.PCAP.CD,1970,2771.28310514754
DEU,NY.GDP.PCAP.CD,1969,2281.27598218229
DEU,NY.GDP.PCAP.CD,1968,2025.08159465853
DEU,NY.GDP.PCAP.CD,1967,1885.61596607874
DEU,NY.GDP.PCAP.CD,1966,1870.80540291774
DEU,NY.GDP.PCAP.CD,1965,1774.1986904555
DEU,NY.GDP.PCAP.CD,1964,1637.45522773672
DEU,NY.GDP.PCAP.CD,1963,1502.15452905146
DEU,NY.GDP.PCAP.CD,1962,1430.52095516263
DEU,NY.GDP.PCAP.CD,1961,1315.90787834504
DEU,NY.GDP.PCAP.CD,1960,1162.12266831735
GHA,NY.GDP.PCAP.CD,2025,
GHA,NY.GDP.PCAP.CD,2024,2390.77237652715
GHA,NY.GDP.PCAP.CD,2023,2383.90410483418
GHA,NY.GDP.PCAP.CD,2022,2229.89122647803
GHA,NY.GDP.PCAP.CD,2021,2445.18662529344
GHA,NY.GDP.PCAP.CD,2020,2195.45481659987
GHA,NY.GDP.PCAP.CD,2019,2186.65822682613
GHA,NY.GDP.PCAP.CD,2018,2195.32166016377
GHA,NY.GDP.PCAP.CD,2017,2012.28662641265
GHA,NY.GDP.PCAP.CD,2016,1912.47991339951
GHA,NY.GDP.PCAP.CD,2015,1722.77282833606
GHA,NY.GDP.PCAP.CD,2014,1949.90832923846
GHA,NY.GDP.PCAP.CD,2013,2294.79584693743
GHA,NY.GDP.PCAP.CD,2012,1543.77524235764
GHA,NY.GDP.PCAP.CD,2011,1507.43573198753
GHA,NY.GDP.PCAP.CD,2010,1263.89251760539
GHA,NY.GDP.PCAP.CD,2009,1047.70430093586
GHA,NY.GDP.PCAP.CD,2008,1182.65761256016
GHA,NY.GDP.PCAP.CD,2007,1050.12461524926
GHA,NY.GDP.PCAP.CD,2006,906.441027564887
GHA,NY.GDP.PCAP.CD,2005,478.611909191028
GHA,NY.GDP.PCAP.CD,2004,406.132105329565
GHA,NY.GDP.PCAP.CD,2003,358.39927142073
GHA,NY.GDP.PCAP.CD,2002,297.46164468774
GHA,NY.GDP.PCAP.CD,2001,263.542156494853
GHA,NY.GDP.PCAP.CD,2000,253.746936203344
GHA,NY.GDP.PCAP.CD,1999,403.037326127273
GHA,NY.GDP.PCAP.CD,1998,400.366799508524
GHA,NY.GDP.PCAP.CD,1997,377.841935501461
GHA,NY.GDP.PCAP.CD,1996,389.271267898831
GHA,NY.GDP.PCAP.CD,1995,371.537243033836
GHA,NY.GDP.PCAP.CD,1994,320.50390343252
GHA,NY.GDP.PCAP.CD,1993,359.800844097528
GHA,NY.GDP.PCAP.CD,1992,396.426407640517
GHA,NY.GDP.PCAP.CD,1991,418.254121349986
GHA,NY.GDP.PCAP.CD,1990,382.54246368354
GHA,NY.GDP.PCAP.CD,1989,349.964941914982
GHA,NY.GDP.PCAP.CD,1988,355.121844932881
GHA,NY.GDP.PCAP.CD,1987,355.153724919203
GHA,NY.GDP.PCAP.CD,1986,410.711658388611
GHA,NY.GDP.PCAP.CD,1985,329.714604937014
GHA,NY.GDP.PCAP.CD,1984,329.998888863111
GHA,NY.GDP.PCAP.CD,1983,311.383438154949
GHA,NY.GDP.PCAP.CD,1982,319.206910329791
GHA,NY.GDP.PCAP.CD,1981,343.799126739425
GHA,NY.GDP.PCAP.CD,1980,372.252026367961
GHA,NY.GDP.PCAP.CD,1979,346.653403777697
GHA,NY.GDP.PCAP.CD,1978,325.598476678233
GHA,NY.GDP.PCAP.CD,1977,292.28979809499
GHA,NY.GDP.PCAP.CD,1976,260.998295813107
GHA,NY.GDP.PCAP.CD,1975,272.976715188503
GHA,NY.GDP.PCAP.CD,1974,289.425856816508
GHA,NY.GDP.PCAP.CD,1973,309.509552300391
GHA,NY.GDP.PCAP.CD,1972,223.80286383233
GHA,NY.GDP.PCAP.CD,1971,263.408787882235
GHA,NY.GDP.PCAP.CD,1970,248.159869409818
GHA,NY.GDP.PCAP.CD,1969,225.772621963554
GHA,NY.GDP.PCAP.CD,1968,196.668571830464
GHA,NY.GDP.PCAP.CD,1967,211.219296540365
GHA,NY.GDP.PCAP.CD,1966,263.334589411514
GHA,NY.GDP.PCAP.CD,1965,260.50559523622
GHA,NY.GDP.PCAP.CD,1964,224.968154393354
GHA,NY.GDP.PCAP.CD,1963,205.037422391885
GHA,NY.GDP.PCAP.CD,1962,188.421016299893
GHA,NY.GDP.PCAP.CD,1961,181.870010833085
GHA,NY.GDP.PCAP.CD,1960,174.858856531804
GIB,NY.GDP.PCAP.CD,2025,
GIB,NY.GDP.PCAP.CD,2024,
GIB,NY.GDP.PCAP.CD,2023,
GIB,NY.GDP.PCAP.CD,2022,
GIB,NY.GDP.PCAP.CD,2021,
GIB,NY.GDP.PCAP.CD,2020,
GIB,NY.GDP.PCAP.CD,2019,
GIB,NY.GDP.PCAP.CD,2018,
GIB,NY.GDP.PCAP.CD,2017,
GIB,NY.GDP.PCAP.CD,2016,
GIB,NY.GDP.PCAP.CD,2015,
GIB,NY.GDP.PCAP.CD,2014,
GIB,NY.GDP.PCAP.CD,2013,
GIB,NY.GDP.PCAP.CD,2012,
GIB,NY.GDP.PCAP.CD,2011,
GIB,NY.GDP.PCAP.CD,2010,
GIB,NY.GDP.PCAP.CD,2009,
GIB,NY.GDP.PCAP.CD,2008,
GIB,NY.GDP.PCAP.CD,2007,
GIB,NY.GDP.PCAP.CD,2006,
GIB,NY.GDP.PCAP.CD,2005,
GIB,NY.GDP.PCAP.CD,2004,
GIB,NY.GDP.PCAP.CD,2003,
GIB,NY.GDP.PCAP.CD,2002,
GIB,NY.GDP.PCAP.CD,2001,
GIB,NY.GDP.PCAP.CD,2000,
GIB,NY.GDP.PCAP.CD,1999,
GIB,NY.GDP.PCAP.CD,1998,
GIB,NY.GDP.PCAP.CD,1997,
GIB,NY.GDP.PCAP.CD,1996,
GIB,NY.GDP.PCAP.CD,1995,
GIB,NY.GDP.PCAP.CD,1994,
GIB,NY.GDP.PCAP.CD,1993,
GIB,NY.GDP.PCAP.CD,1992,
GIB,NY.GDP.PCAP.CD,1991,
GIB,NY.GDP.PCAP.CD,1990,
GIB,NY.GDP.PCAP.CD,1989,
GIB,NY.GDP.PCAP.CD,1988,
GIB,NY.GDP.PCAP.CD,1987,
GIB,NY.GDP.PCAP.CD,1986,
GIB,NY.GDP.PCAP.CD,1985,
GIB,NY.GDP.PCAP.CD,1984,
GIB,NY.GDP.PCAP.CD,1983,
GIB,NY.GDP.PCAP.CD,1982,
GIB,NY.GDP.PCAP.CD,1981,
GIB,NY.GDP.PCAP.CD,1980,
GIB,NY.GDP.PCAP.CD,1979,
GIB,NY.GDP.PCAP.CD,1978,
GIB,NY.GDP.PCAP.CD,1977,
GIB,NY.GDP.PCAP.CD,1976,
GIB,NY.GDP.PCAP.CD,1975,
GIB,NY.GDP.PCAP.CD,1974,
GIB,NY.GDP.PCAP.CD,1973,
GIB,NY.GDP.PCAP.CD,1972,
GIB,NY.GDP.PCAP.CD,1971,
GIB,NY.GDP.PCAP.CD,1970,
GIB,NY.GDP.PCAP.CD,1969,
GIB,NY.GDP.PCAP.CD,1968,
GIB,NY.GDP.PCAP.CD,1967,
GIB,NY.GDP.PCAP.CD,1966,
GIB,NY.GDP.PCAP.CD,1965,
GIB,NY.GDP.PCAP.CD,1964,
GIB,NY.GDP.PCAP.CD,1963,
GIB,NY.GDP.PCAP.CD,1962,
GIB,NY.GDP.PCAP.CD,1961,
GIB,NY.GDP.PCAP.CD,1960,
GRC,NY.GDP.PCAP.CD,2025,
GRC,NY.GDP.PCAP.CD,2024,24626.1481858973
GRC,NY.GDP.PCAP.CD,2023,23343.7103964562
GRC,NY.GDP.PCAP.CD,2022,20886.5243087629
GRC,NY.GDP.PCAP.CD,2021,20654.7001960815
GRC,NY.GDP.PCAP.CD,2020,17886.733165236
GRC,NY.GDP.PCAP.CD,2019,19335.3602002969
GRC,NY.GDP.PCAP.CD,2018,19873.4015238771
GRC,NY.GDP.PCAP.CD,2017,18631.9930129293
GRC,NY.GDP.PCAP.CD,2016,17919.2426377048
GRC,NY.GDP.PCAP.CD,2015,17980.7298238137
GRC,NY.GDP.PCAP.CD,2014,21474.7257123892
GRC,NY.GDP.PCAP.CD,2013,21573.3449762805
GRC,NY.GDP.PCAP.CD,2012,21624.346052551
GRC,NY.GDP.PCAP.CD,2011,25504.7866510124
GRC,NY.GDP.PCAP.CD,2010,26653.0488008626
GRC,NY.GDP.PCAP.CD,2009,29425.4573200263
GRC,NY.GDP.PCAP.CD,2008,31695.8331092209
GRC,NY.GDP.PCAP.CD,2007,28440.7625328955
GRC,NY.GDP.PCAP.CD,2006,24416.0232970275
GRC,NY.GDP.PCAP.CD,2005,22054.1315756886
GRC,NY.GDP.PCAP.CD,2004,21449.2552764245
GRC,NY.GDP.PCAP.CD,2003,18020.612039764
GRC,NY.GDP.PCAP.CD,2002,13782.195640943
GRC,NY.GDP.PCAP.CD,2001,12156.9572824221
GRC,NY.GDP.PCAP.CD,2000,11638.2010697215
GRC,NY.GDP.PCAP.CD,1999,12742.5404388143
GRC,NY.GDP.PCAP.CD,1998,13022.9648774809
GRC,NY.GDP.PCAP.CD,1997,13015.9175046854
GRC,NY.GDP.PCAP.CD,1996,13432.5262183244
GRC,NY.GDP.PCAP.CD,1995,12779.081491606
GRC,NY.GDP.PCAP.CD,1994,10937.0223808611
GRC,NY.GDP.PCAP.CD,1993,10257.3085789073
GRC,NY.GDP.PCAP.CD,1992,11021.012224607
GRC,NY.GDP.PCAP.CD,1991,10046.6663875475
GRC,NY.GDP.PCAP.CD,1990,9466.66238502174
GRC,NY.GDP.PCAP.CD,1989,7737.54385772032
GRC,NY.GDP.PCAP.CD,1988,7492.35204811251
GRC,NY.GDP.PCAP.CD,1987,6473.57783168117
GRC,NY.GDP.PCAP.CD,1986,5577.83258692769
GRC,NY.GDP.PCAP.CD,1985,4746.76035816355
GRC,NY.GDP.PCAP.CD,1984,4785.07463033775
GRC,NY.GDP.PCAP.CD,1983,4950.06026518761
GRC,NY.GDP.PCAP.CD,1982,5501.63700061234
GRC,NY.GDP.PCAP.CD,1981,5305.43729381339
GRC,NY.GDP.PCAP.CD,1980,5811.69069600941
GRC,NY.GDP.PCAP.CD,1979,5626.58879087082
GRC,NY.GDP.PCAP.CD,1978,4629.33937671209
GRC,NY.GDP.PCAP.CD,1977,3832.32110004611
GRC,NY.GDP.PCAP.CD,1976,3343.38819444676
GRC,NY.GDP.PCAP.CD,1975,3109.3794397892
GRC,NY.GDP.PCAP.CD,1974,2789.40577350635
GRC,NY.GDP.PCAP.CD,1973,2468.00395502023
GRC,NY.GDP.PCAP.CD,1972,1873.25412773592
GRC,NY.GDP.PCAP.CD,1971,1629.3452793287
GRC,NY.GDP.PCAP.CD,1970,1473.60394808707
GRC,NY.GDP.PCAP.CD,1969,1305.64395976862
GRC,NY.GDP.PCAP.CD,1968,1138.38219032671
GRC,NY.GDP.PCAP.CD,1967,1053.2588863313
GRC,NY.GDP.PCAP.CD,1966,983.55754915871
GRC,NY.GDP.PCAP.CD,1965,886.773611071551
GRC,NY.GDP.PCAP.CD,1964,772.805500770312
GRC,NY.GDP.PCAP.CD,1963,685.559282001744
GRC,NY.GDP.PCAP.CD,1962,608.475515462307
GRC,NY.GDP.PCAP.CD,1961,582.563503591063
GRC,NY.GDP.PCAP.CD,1960,513.085862390915
GRL,NY.GDP.PCAP.CD,2025,
GRL,NY.GDP.PCAP.CD,2024,
GRL,NY.GDP.PCAP.CD,2023,58498.9707973609
GRL,NY.GDP.PCAP.CD,2022,55635.0006491223
GRL,NY.GDP.PCAP.CD,2021,58135.9939910203
GRL,NY.GDP.PCAP.CD,2020,54812.6661771023
GRL,NY.GDP.PCAP.CD,2019,53309.2035905065
GRL,NY.GDP.PCAP.CD,2018,54545.135857765
GRL,NY.GDP.PCAP.CD,2017,50765.7494665372
GRL,NY.GDP.PCAP.CD,2016,48181.7453541266
GRL,NY.GDP.PCAP.CD,2015,44536.3549705377
GRL,NY.GDP.PCAP.CD,2014,50485.2244135291
GRL,NY.GDP.PCAP.CD,2013,47535.4883792376
GRL,NY.GDP.PCAP.CD,2012,45936.9562817724
GRL,NY.GDP.PCAP.CD,2011,47186.8759969388
GRL,NY.GDP.PCAP.CD,2010,44277.1993400972
GRL,NY.GDP.PCAP.CD,2009,44918.8413832155
GRL,NY.GDP.PCAP.CD,2008,44366.7858688175
GRL,NY.GDP.PCAP.CD,2007,39780.9441368721
GRL,NY.GDP.PCAP.CD,2006,35457.6297578214
GRL,NY.GDP.PCAP.CD,2005,32489.7277309899
GRL,NY.GDP.PCAP.CD,2004,32030.9987915109
GRL,NY.GDP.PCAP.CD,2003,27466.6494525504
GRL,NY.GDP.PCAP.CD,2002,20657.9506323097
GRL,NY.GDP.PCAP.CD,2001,19265.5191468738
GRL,NY.GDP.PCAP.CD,2000,19009.0774407515
GRL,NY.GDP.PCAP.CD,1999,20170.322763798
GRL,NY.GDP.PCAP.CD,1998,20496.578783559
GRL,NY.GDP.PCAP.CD,1997,19145.614890096
GRL,NY.GDP.PCAP.CD,1996,21422.4609853672
GRL,NY.GDP.PCAP.CD,1995,21665.8295173116
GRL,NY.GDP.PCAP.CD,1994,18124.0998075763
GRL,NY.GDP.PCAP.CD,1993,16797.3578218828
GRL,NY.GDP.PCAP.CD,1992,18768.8275325455
GRL,NY.GDP.PCAP.CD,1991,18315.3165631906
GRL,NY.GDP.PCAP.CD,1990,18326.9295023252
GRL,NY.GDP.PCAP.CD,1989,16813.7414501107
GRL,NY.GDP.PCAP.CD,1988,16397.9501938761
GRL,NY.GDP.PCAP.CD,1987,14554.3513669736
GRL,NY.GDP.PCAP.CD,1986,11271.3325735884
GRL,NY.GDP.PCAP.CD,1985,7760.83426370628
GRL,NY.GDP.PCAP.CD,1984,7198.7078081665
GRL,NY.GDP.PCAP.CD,1983,7988.17794662988
GRL,NY.GDP.PCAP.CD,1982,7813.65128212172
GRL,NY.GDP.PCAP.CD,1981,8544.09791016512
GRL,NY.GDP.PCAP.CD,1980,9483.10240585198
GRL,NY.GDP.PCAP.CD,1979,8480.76253105822
GRL,NY.GDP.PCAP.CD,1978,7235.5169393433
GRL,NY.GDP.PCAP.CD,1977,5713.96253360554
GRL,NY.GDP.PCAP.CD,1976,4844.65629347485
GRL,NY.GDP.PCAP.CD,1975,4257.87561148406
GRL,NY.GDP.PCAP.CD,1974,3432.70603291276
GRL,NY.GDP.PCAP.CD,1973,2860.28057640115
GRL,NY.GDP.PCAP.CD,1972,2196.71424019198
GRL,NY.GDP.PCAP.CD,1971,1874.29530190099
GRL,NY.GDP.PCAP.CD,1970,1498.27643678161
GRL,NY.GDP.PCAP.CD,1969,
GRL,NY.GDP.PCAP.CD,1968,
GRL,NY.GDP.PCAP.CD,1967,
GRL,NY.GDP.PCAP.CD,1966,
GRL,NY.GDP.PCAP.CD,1965,
GRL,NY.GDP.PCAP.CD,1964,
GRL,NY.GDP.PCAP.CD,1963,
GRL,NY.GDP.PCAP.CD,1962,
GRL,NY.GDP.PCAP.CD,1961,
GRL,NY.GDP.PCAP.CD,1960,
GRD,NY.GDP.PCAP.CD,2025,
GRD,NY.GDP.PCAP.CD,2024,11705.0902976658
GRD,NY.GDP.PCAP.CD,2023,11414.4781691181
GRD,NY.GDP.PCAP.CD,2022,10469.3867012856
GRD,NY.GDP.PCAP.CD,2021,9617.28902905373
GRD,NY.GDP.PCAP.CD,2020,8968.55890108484
GRD,NY.GDP.PCAP.CD,2019,10462.7929159533
GRD,NY.GDP.PCAP.CD,2018,10083.021279225
GRD,NY.GDP.PCAP.CD,2017,9751.42661155932
GRD,NY.GDP.PCAP.CD,2016,9221.23461079424
GRD,NY.GDP.PCAP.CD,2015,8694.12438005692
GRD,NY.GDP.PCAP.CD,2014,7986.33421210788
GRD,NY.GDP.PCAP.CD,2013,7424.80212287327
GRD,NY.GDP.PCAP.CD,2012,7092.71985352677
GRD,NY.GDP.PCAP.CD,2011,6947.38136096464
GRD,NY.GDP.PCAP.CD,2010,6909.60169568597
GRD,NY.GDP.PCAP.CD,2009,6932.56472176781
GRD,NY.GDP.PCAP.CD,2008,7448.2040563865
GRD,NY.GDP.PCAP.CD,2007,6864.54816771858
GRD,NY.GDP.PCAP.CD,2006,6344.0383771432
GRD,NY.GDP.PCAP.CD,2005,6338.56011405358
GRD,NY.GDP.PCAP.CD,2004,5480.26117644588
GRD,NY.GDP.PCAP.CD,2003,5427.96377252312
GRD,NY.GDP.PCAP.CD,2002,4984.47405931447
GRD,NY.GDP.PCAP.CD,2001,4819.50776653843
GRD,NY.GDP.PCAP.CD,2000,4839.82811114248
GRD,NY.GDP.PCAP.CD,1999,4516.28332446682
GRD,NY.GDP.PCAP.CD,1998,4206.28052894181
GRD,NY.GDP.PCAP.CD,1997,3724.75466168304
GRD,NY.GDP.PCAP.CD,1996,3508.294236637
GRD,NY.GDP.PCAP.CD,1995,3294.26988339657
GRD,NY.GDP.PCAP.CD,1994,3152.2020478855
GRD,NY.GDP.PCAP.CD,1993,3026.04154231393
GRD,NY.GDP.PCAP.CD,1992,3052.70018744163
GRD,NY.GDP.PCAP.CD,1991,2983.91643158641
GRD,NY.GDP.PCAP.CD,1990,2782.18396873619
GRD,NY.GDP.PCAP.CD,1989,2696.98290193019
GRD,NY.GDP.PCAP.CD,1988,2404.25523562379
GRD,NY.GDP.PCAP.CD,1987,2204.6384515886
GRD,NY.GDP.PCAP.CD,1986,1938.10850906698
GRD,NY.GDP.PCAP.CD,1985,1745.15357435866
GRD,NY.GDP.PCAP.CD,1984,1523.94092798531
GRD,NY.GDP.PCAP.CD,1983,1388.16565090599
GRD,NY.GDP.PCAP.CD,1982,1329.00617695983
GRD,NY.GDP.PCAP.CD,1981,1229.65932557403
GRD,NY.GDP.PCAP.CD,1980,1173.07809597238
GRD,NY.GDP.PCAP.CD,1979,1070.73371266334
GRD,NY.GDP.PCAP.CD,1978,917.111118802723
GRD,NY.GDP.PCAP.CD,1977,736.927499151542
GRD,NY.GDP.PCAP.CD,1976,
GRD,NY.GDP.PCAP.CD,1975,
GRD,NY.GDP.PCAP.CD,1974,
GRD,NY.GDP.PCAP.CD,1973,
GRD,NY.GDP.PCAP.CD,1972,
GRD,NY.GDP.PCAP.CD,1971,
GRD,NY.GDP.PCAP.CD,1970,
GRD,NY.GDP.PCAP.CD,1969,
GRD,NY.GDP.PCAP.CD,1968,
GRD,NY.GDP.PCAP.CD,1967,
GRD,NY.GDP.PCAP.CD,1966,
GRD,NY.GDP.PCAP.CD,1965,
GRD,NY.GDP.PCAP.CD,1964,
GRD,NY.GDP.PCAP.CD,1963,
GRD,NY.GDP.PCAP.CD,1962,
GRD,NY.GDP.PCAP.CD,1961,
GRD,NY.GDP.PCAP.CD,1960,
GUM,NY.GDP.PCAP.CD,2025,
GUM,NY.GDP.PCAP.CD,2024,
GUM,NY.GDP.PCAP.CD,2023,
GUM,NY.GDP.PCAP.CD,2022,41833.1517132825
GUM,NY.GDP.PCAP.CD,2021,38074.8793745801
GUM,NY.GDP.PCAP.CD,2020,36482.9363953675
GUM,NY.GDP.PCAP.CD,2019,39274.9431424899
GUM,NY.GDP.PCAP.CD,2018,37195.9503070464
GUM,NY.GDP.PCAP.CD,2017,36779.0078903909
GUM,NY.GDP.PCAP.CD,2016,35930.6594898711
GUM,NY.GDP.PCAP.CD,2015,35165.7014644795
GUM,NY.GDP.PCAP.CD,2014,33900.1486530583
GUM,NY.GDP.PCAP.CD,2013,32530.7593121483
GUM,NY.GDP.PCAP.CD,2012,31653.7506538168
GUM,NY.GDP.PCAP.CD,2011,29926.2052442913
GUM,NY.GDP.PCAP.CD,2010,29719.7967836082
GUM,NY.GDP.PCAP.CD,2009,29054.0581201519
GUM,NY.GDP.PCAP.CD,2008,28112.2316573422
GUM,NY.GDP.PCAP.CD,2007,26605.4324214756
GUM,NY.GDP.PCAP.CD,2006,25709.9351488422
GUM,NY.GDP.PCAP.CD,2005,25631.9776108052
GUM,NY.GDP.PCAP.CD,2004,23618.8266894573
GUM,NY.GDP.PCAP.CD,2003,21877.3178371553
GUM,NY.GDP.PCAP.CD,2002,20909.9590302806
GUM,NY.GDP.PCAP.CD,2001,
GUM,NY.GDP.PCAP.CD,2000,
GUM,NY.GDP.PCAP.CD,1999,
GUM,NY.GDP.PCAP.CD,1998,
GUM,NY.GDP.PCAP.CD,1997,
GUM,NY.GDP.PCAP.CD,1996,
GUM,NY.GDP.PCAP.CD,1995,
GUM,NY.GDP.PCAP.CD,1994,
GUM,NY.GDP.PCAP.CD,1993,
GUM,NY.GDP.PCAP.CD,1992,
GUM,NY.GDP.PCAP.CD,1991,
GUM,NY.GDP.PCAP.CD,1990,
GUM,NY.GDP.PCAP.CD,1989,
GUM,NY.GDP.PCAP.CD,1988,
GUM,NY.GDP.PCAP.CD,1987,
GUM,NY.GDP.PCAP.CD,1986,
GUM,NY.GDP.PCAP.CD,1985,
GUM,NY.GDP.PCAP.CD,1984,
GUM,NY.GDP.PCAP.CD,1983,
GUM,NY.GDP.PCAP.CD,1982,
GUM,NY.GDP.PCAP.CD,1981,
GUM,NY.GDP.PCAP.CD,1980,
GUM,NY.GDP.PCAP.CD,1979,
GUM,NY.GDP.PCAP.CD,1978,
GUM,NY.GDP.PCAP.CD,1977,
GUM,NY.GDP.PCAP.CD,1976,
GUM,NY.GDP.PCAP.CD,1975,
GUM,NY.GDP.PCAP.CD,1974,
GUM,NY.GDP.PCAP.CD,1973,
GUM,NY.GDP.PCAP.CD,1972,
GUM,NY.GDP.PCAP.CD,1971,
GUM,NY.GDP.PCAP.CD,1970,
GUM,NY.GDP.PCAP.CD,1969,
GUM,NY.GDP.PCAP.CD,1968,
GUM,NY.GDP.PCAP.CD,1967,
GUM,NY.GDP.PCAP.CD,1966,
GUM,NY.GDP.PCAP.CD,1965,
GUM,NY.GDP.PCAP.CD,1964,
GUM,NY.GDP.PCAP.CD,1963,
GUM,NY.GDP.PCAP.CD,1962,
GUM,NY.GDP.PCAP.CD,1961,
GUM,NY.GDP.PCAP.CD,1960,
GTM,NY.GDP.PCAP.CD,2025,
GTM,NY.GDP.PCAP.CD,2024,6150.02571438505
GTM,NY.GDP.PCAP.CD,2023,5758.32760847852
GTM,NY.GDP.PCAP.CD,2022,5358.70156997677
GTM,NY.GDP.PCAP.CD,2021,4912.62240414681
GTM,NY.GDP.PCAP.CD,2020,4477.61785000665
GTM,NY.GDP.PCAP.CD,2019,4511.99839552697
GTM,NY.GDP.PCAP.CD,2018,4352.94593289707
GTM,NY.GDP.PCAP.CD,2017,4324.99768915601
GTM,NY.GDP.PCAP.CD,2016,4060.13784737643
GTM,NY.GDP.PCAP.CD,2015,3893.50533299068
GTM,NY.GDP.PCAP.CD,2014,3689.14510410202
GTM,NY.GDP.PCAP.CD,2013,3444.15802275864
GTM,NY.GDP.PCAP.CD,2012,3286.61959336267
GTM,NY.GDP.PCAP.CD,2011,3168.98370607705
GTM,NY.GDP.PCAP.CD,2010,2805.25960237322
GTM,NY.GDP.PCAP.CD,2009,2611.64632773352
GTM,NY.GDP.PCAP.CD,2008,2763.05988172926
GTM,NY.GDP.PCAP.CD,2007,2458.81573919384
GTM,NY.GDP.PCAP.CD,2006,2225.1234753878
GTM,NY.GDP.PCAP.CD,2005,2046.46611650758
GTM,NY.GDP.PCAP.CD,2004,1840.91184884
GTM,NY.GDP.PCAP.CD,2003,1722.54701910774
GTM,NY.GDP.PCAP.CD,2002,1669.33517469705
GTM,NY.GDP.PCAP.CD,2001,1537.68663578252
GTM,NY.GDP.PCAP.CD,2000,1648.96578971559
GTM,NY.GDP.PCAP.CD,1999,1603.64776144934
GTM,NY.GDP.PCAP.CD,1998,1741.20114182856
GTM,NY.GDP.PCAP.CD,1997,1638.46281851789
GTM,NY.GDP.PCAP.CD,1996,1481.05986750672
GTM,NY.GDP.PCAP.CD,1995,1421.06177809796
GTM,NY.GDP.PCAP.CD,1994,1292.67202750483
GTM,NY.GDP.PCAP.CD,1993,1165.67442716224
GTM,NY.GDP.PCAP.CD,1992,1096.45976992698
GTM,NY.GDP.PCAP.CD,1991,1014.40279682682
GTM,NY.GDP.PCAP.CD,1990,847.688561830359
GTM,NY.GDP.PCAP.CD,1989,958.427471156263
GTM,NY.GDP.PCAP.CD,1988,919.070773138882
GTM,NY.GDP.PCAP.CD,1987,853.903772501246
GTM,NY.GDP.PCAP.CD,1986,896.063263473632
GTM,NY.GDP.PCAP.CD,1985,1238.47545209176
GTM,NY.GDP.PCAP.CD,1984,1241.04242582773
GTM,NY.GDP.PCAP.CD,1983,1219.73545354345
GTM,NY.GDP.PCAP.CD,1982,1203.96540667638
GTM,NY.GDP.PCAP.CD,1981,1216.49639722044
GTM,NY.GDP.PCAP.CD,1980,1141.80549814991
GTM,NY.GDP.PCAP.CD,1979,1025.98223460072
GTM,NY.GDP.PCAP.CD,1978,925.180026499901
GTM,NY.GDP.PCAP.CD,1977,856.125495292911
GTM,NY.GDP.PCAP.CD,1976,697.064609693019
GTM,NY.GDP.PCAP.CD,1975,594.88660866336
GTM,NY.GDP.PCAP.CD,1974,528.57311003132
GTM,NY.GDP.PCAP.CD,1973,440.562871690613
GTM,NY.GDP.PCAP.CD,1972,369.762757413424
GTM,NY.GDP.PCAP.CD,1971,358.373560380293
GTM,NY.GDP.PCAP.CD,1970,352.790808761812
GTM,NY.GDP.PCAP.CD,1969,326.30273339901
GTM,NY.GDP.PCAP.CD,1968,314.666876118943
GTM,NY.GDP.PCAP.CD,1967,291.934180943356
GTM,NY.GDP.PCAP.CD,1966,287.277848723331
GTM,NY.GDP.PCAP.CD,1965,282.97764170403
GTM,NY.GDP.PCAP.CD,1964,284.197970339364
GTM,NY.GDP.PCAP.CD,1963,284.397504292538
GTM,NY.GDP.PCAP.CD,1962,265.21065183936
GTM,NY.GDP.PCAP.CD,1961,257.20215058952
GTM,NY.GDP.PCAP.CD,1960,256.813115286608
GIN,NY.GDP.PCAP.CD,2025,
GIN,NY.GDP.PCAP.CD,2024,1694.95375862193
GIN,NY.GDP.PCAP.CD,2023,1555.49375806861
GIN,NY.GDP.PCAP.CD,2022,1416.59612011764
GIN,NY.GDP.PCAP.CD,2021,1244.96550477914
GIN,NY.GDP.PCAP.CD,2020,1053.66097696415
GIN,NY.GDP.PCAP.CD,2019,1031.34146480732
GIN,NY.GDP.PCAP.CD,2018,933.273615633705
GIN,NY.GDP.PCAP.CD,2017,833.598621691121
GIN,NY.GDP.PCAP.CD,2016,711.996509782316
GIN,NY.GDP.PCAP.CD,2015,747.356966759448
GIN,NY.GDP.PCAP.CD,2014,765.146999389279
GIN,NY.GDP.PCAP.CD,2013,748.455020824734
GIN,NY.GDP.PCAP.CD,2012,699.353377212197
GIN,NY.GDP.PCAP.CD,2011,636.694958747648
GIN,NY.GDP.PCAP.CD,2010,659.235326211315
GIN,NY.GDP.PCAP.CD,2009,662.185914665575
GIN,NY.GDP.PCAP.CD,2008,703.532825784369
GIN,NY.GDP.PCAP.CD,2007,650.148575304743
GIN,NY.GDP.PCAP.CD,2006,446.980554135013
GIN,NY.GDP.PCAP.CD,2005,463.17768685098
GIN,NY.GDP.PCAP.CD,2004,584.897740538081
GIN,NY.GDP.PCAP.CD,2003,566.48540588068
GIN,NY.GDP.PCAP.CD,2002,495.916073559269
GIN,NY.GDP.PCAP.CD,2001,483.085120214741
GIN,NY.GDP.PCAP.CD,2000,518.157066924026
GIN,NY.GDP.PCAP.CD,1999,610.614842942762
GIN,NY.GDP.PCAP.CD,1998,647.379920832778
GIN,NY.GDP.PCAP.CD,1997,695.58174225826
GIN,NY.GDP.PCAP.CD,1996,726.025442583799
GIN,NY.GDP.PCAP.CD,1995,713.031460558683
GIN,NY.GDP.PCAP.CD,1994,671.576385058752
GIN,NY.GDP.PCAP.CD,1993,670.741778229959
GIN,NY.GDP.PCAP.CD,1992,692.647802662806
GIN,NY.GDP.PCAP.CD,1991,656.42373119518
GIN,NY.GDP.PCAP.CD,1990,604.304422702532
GIN,NY.GDP.PCAP.CD,1989,570.493417986787
GIN,NY.GDP.PCAP.CD,1988,574.001127225182
GIN,NY.GDP.PCAP.CD,1987,504.510868799406
GIN,NY.GDP.PCAP.CD,1986,505.876944250303
GIN,NY.GDP.PCAP.CD,1985,4061.69867242443
GIN,NY.GDP.PCAP.CD,1984,3361.5282015455
GIN,NY.GDP.PCAP.CD,1983,2822.83932284682
GIN,NY.GDP.PCAP.CD,1982,2272.63298724274
GIN,NY.GDP.PCAP.CD,1981,1875.53966772396
GIN,NY.GDP.PCAP.CD,1980,1930.99184257949
GIN,NY.GDP.PCAP.CD,1979,1789.99554924567
GIN,NY.GDP.PCAP.CD,1978,1657.96393230706
GIN,NY.GDP.PCAP.CD,1977,1440.15766515101
GIN,NY.GDP.PCAP.CD,1976,1430.66435286764
GIN,NY.GDP.PCAP.CD,1975,1311.33051362563
GIN,NY.GDP.PCAP.CD,1974,1242.5292252039
GIN,NY.GDP.PCAP.CD,1973,1143.30003514078
GIN,NY.GDP.PCAP.CD,1972,948.497421297055
GIN,NY.GDP.PCAP.CD,1971,825.289977053096
GIN,NY.GDP.PCAP.CD,1970,752.822503572388
GIN,NY.GDP.PCAP.CD,1969,
GIN,NY.GDP.PCAP.CD,1968,
GIN,NY.GDP.PCAP.CD,1967,
GIN,NY.GDP.PCAP.CD,1966,
GIN,NY.GDP.PCAP.CD,1965,
GIN,NY.GDP.PCAP.CD,1964,
GIN,NY.GDP.PCAP.CD,1963,
GIN,NY.GDP.PCAP.CD,1962,
GIN,NY.GDP.PCAP.CD,1961,
GIN,NY.GDP.PCAP.CD,1960,
GNB,NY.GDP.PCAP.CD,2025,
GNB,NY.GDP.PCAP.CD,2024,1007.74151728028
GNB,NY.GDP.PCAP.CD,2023,988.087886357022
GNB,NY.GDP.PCAP.CD,2022,883.199131457831
GNB,NY.GDP.PCAP.CD,2021,926.780921081233
GNB,NY.GDP.PCAP.CD,2020,846.915855715971
GNB,NY.GDP.PCAP.CD,2019,811.216425885129
GNB,NY.GDP.PCAP.CD,2018,808.531613218504
GNB,NY.GDP.PCAP.CD,2017,783.123186602022
GNB,NY.GDP.PCAP.CD,2016,679.665386626818
GNB,NY.GDP.PCAP.CD,2015,645.066837207039
GNB,NY.GDP.PCAP.CD,2014,652.022501029449
GNB,NY.GDP.PCAP.CD,2013,654.304534409417
GNB,NY.GDP.PCAP.CD,2012,635.461653303881
GNB,NY.GDP.PCAP.CD,2011,719.539573498937
GNB,NY.GDP.PCAP.CD,2010,600.194298540768
GNB,NY.GDP.PCAP.CD,2009,583.190020139094
GNB,NY.GDP.PCAP.CD,2008,640.210331101753
GNB,NY.GDP.PCAP.CD,2007,519.069789794741
GNB,NY.GDP.PCAP.CD,2006,448.513075469701
GNB,NY.GDP.PCAP.CD,2005,463.073962650452
GNB,NY.GDP.PCAP.CD,2004,431.376557669634
GNB,NY.GDP.PCAP.CD,2003,419.78486611807
GNB,NY.GDP.PCAP.CD,2002,362.034574570354
GNB,NY.GDP.PCAP.CD,2001,327.138431972397
GNB,NY.GDP.PCAP.CD,2000,316.945495037639
GNB,NY.GDP.PCAP.CD,1999,478.733190989909
GNB,NY.GDP.PCAP.CD,1998,497.724279563733
GNB,NY.GDP.PCAP.CD,1997,598.953470198484
GNB,NY.GDP.PCAP.CD,1996,614.729892454585
GNB,NY.GDP.PCAP.CD,1995,589.487023081945
GNB,NY.GDP.PCAP.CD,1994,560.883422537973
GNB,NY.GDP.PCAP.CD,1993,581.612681813953
GNB,NY.GDP.PCAP.CD,1992,574.32110641811
GNB,NY.GDP.PCAP.CD,1991,672.07387884966
GNB,NY.GDP.PCAP.CD,1990,651.337640650994
GNB,NY.GDP.PCAP.CD,1989,578.490985831256
GNB,NY.GDP.PCAP.CD,1988,453.807472688208
GNB,NY.GDP.PCAP.CD,1987,487.551949436993
GNB,NY.GDP.PCAP.CD,1986,371.137575913103
GNB,NY.GDP.PCAP.CD,1985,416.576139998898
GNB,NY.GDP.PCAP.CD,1984,407.439444684912
GNB,NY.GDP.PCAP.CD,1983,488.993892322107
GNB,NY.GDP.PCAP.CD,1982,502.732266005568
GNB,NY.GDP.PCAP.CD,1981,477.46389637563
GNB,NY.GDP.PCAP.CD,1980,346.855441567554
GNB,NY.GDP.PCAP.CD,1979,375.845330171625
GNB,NY.GDP.PCAP.CD,1978,402.777525700936
GNB,NY.GDP.PCAP.CD,1977,402.906587803326
GNB,NY.GDP.PCAP.CD,1976,420.852937438178
GNB,NY.GDP.PCAP.CD,1975,435.217809874848
GNB,NY.GDP.PCAP.CD,1974,418.643114014064
GNB,NY.GDP.PCAP.CD,1973,391.9165756129
GNB,NY.GDP.PCAP.CD,1972,388.643761374553
GNB,NY.GDP.PCAP.CD,1971,348.277009620267
GNB,NY.GDP.PCAP.CD,1970,350.221594962107
GNB,NY.GDP.PCAP.CD,1969,
GNB,NY.GDP.PCAP.CD,1968,
GNB,NY.GDP.PCAP.CD,1967,
GNB,NY.GDP.PCAP.CD,1966,
GNB,NY.GDP.PCAP.CD,1965,
GNB,NY.GDP.PCAP.CD,1964,
GNB,NY.GDP.PCAP.CD,1963,
GNB,NY.GDP.PCAP.CD,1962,
GNB,NY.GDP.PCAP.CD,1961,
GNB,NY.GDP.PCAP.CD,1960,
GUY,NY.GDP.PCAP.CD,2025,
GUY,NY.GDP.PCAP.CD,2024,29675.2443873316
GUY,NY.GDP.PCAP.CD,2023,20473.7002190617
GUY,NY.GDP.PCAP.CD,2022,17913.4928066879
GUY,NY.GDP.PCAP.CD,2021,9860.87014834386
GUY,NY.GDP.PCAP.CD,2020,6775.70939096303
GUY,NY.GDP.PCAP.CD,2019,6405.82443444562
GUY,NY.GDP.PCAP.CD,2018,6048.38697180418
GUY,NY.GDP.PCAP.CD,2017,6178.6650437298
GUY,NY.GDP.PCAP.CD,2016,5870.87823759835
GUY,NY.GDP.PCAP.CD,2015,5640.41560569466
GUY,NY.GDP.PCAP.CD,2014,5472.68820452237
GUY,NY.GDP.PCAP.CD,2013,5556.91231156932
GUY,NY.GDP.PCAP.CD,2012,5444.39751913913
GUY,NY.GDP.PCAP.CD,2011,4947.22170589917
GUY,NY.GDP.PCAP.CD,2010,4581.76179693492
GUY,NY.GDP.PCAP.CD,2009,4209.13230624565
GUY,NY.GDP.PCAP.CD,2008,4008.9628671603
GUY,NY.GDP.PCAP.CD,2007,3608.28685240188
GUY,NY.GDP.PCAP.CD,2006,3135.60553528326
GUY,NY.GDP.PCAP.CD,2005,1084.06541388904
GUY,NY.GDP.PCAP.CD,2004,1033.31030902188
GUY,NY.GDP.PCAP.CD,2003,973.742598054188
GUY,NY.GDP.PCAP.CD,2002,950.866932470993
GUY,NY.GDP.PCAP.CD,2001,931.574723847673
GUY,NY.GDP.PCAP.CD,2000,931.796651718955
GUY,NY.GDP.PCAP.CD,1999,908.790631391797
GUY,NY.GDP.PCAP.CD,1998,939.685488169724
GUY,NY.GDP.PCAP.CD,1997,982.804753805587
GUY,NY.GDP.PCAP.CD,1996,927.523847211669
GUY,NY.GDP.PCAP.CD,1995,819.668541584905
GUY,NY.GDP.PCAP.CD,1994,715.611525201717
GUY,NY.GDP.PCAP.CD,1993,603.084316652805
GUY,NY.GDP.PCAP.CD,1992,498.156636569954
GUY,NY.GDP.PCAP.CD,1991,466.039938988882
GUY,NY.GDP.PCAP.CD,1990,528.851095342994
GUY,NY.GDP.PCAP.CD,1989,503.109019103922
GUY,NY.GDP.PCAP.CD,1988,544.715209244099
GUY,NY.GDP.PCAP.CD,1987,464.052566270711
GUY,NY.GDP.PCAP.CD,1986,657.014000212061
GUY,NY.GDP.PCAP.CD,1985,587.818395225034
GUY,NY.GDP.PCAP.CD,1984,565.33443558244
GUY,NY.GDP.PCAP.CD,1983,630.672779209107
GUY,NY.GDP.PCAP.CD,1982,620.564636570569
GUY,NY.GDP.PCAP.CD,1981,734.567458871119
GUY,NY.GDP.PCAP.CD,1980,778.958814102357
GUY,NY.GDP.PCAP.CD,1979,688.827652838343
GUY,NY.GDP.PCAP.CD,1978,663.208586084495
GUY,NY.GDP.PCAP.CD,1977,592.99759837818
GUY,NY.GDP.PCAP.CD,1976,604.105267775602
GUY,NY.GDP.PCAP.CD,1975,663.799722651899
GUY,NY.GDP.PCAP.CD,1974,587.968877003464
GUY,NY.GDP.PCAP.CD,1973,420.533678630093
GUY,NY.GDP.PCAP.CD,1972,395.474264576572
GUY,NY.GDP.PCAP.CD,1971,395.769663599294
GUY,NY.GDP.PCAP.CD,1970,381.098754100227
GUY,NY.GDP.PCAP.CD,1969,361.187616176221
GUY,NY.GDP.PCAP.CD,1968,339.786441079035
GUY,NY.GDP.PCAP.CD,1967,377.732621967981
GUY,NY.GDP.PCAP.CD,1966,352.589675035291
GUY,NY.GDP.PCAP.CD,1965,335.73593687831
GUY,NY.GDP.PCAP.CD,1964,313.261161893769
GUY,NY.GDP.PCAP.CD,1963,288.820390442321
GUY,NY.GDP.PCAP.CD,1962,327.392579238974
GUY,NY.GDP.PCAP.CD,1961,319.017754796284
GUY,NY.GDP.PCAP.CD,1960,299.074645785091
HTI,NY.GDP.PCAP.CD,2025,
HTI,NY.GDP.PCAP.CD,2024,2142.62330526788
HTI,NY.GDP.PCAP.CD,2023,1705.75808460999
HTI,NY.GDP.PCAP.CD,2022,1760.62635668777
HTI,NY.GDP.PCAP.CD,2021,1841.33189337222
HTI,NY.GDP.PCAP.CD,2020,1290.32538667383
HTI,NY.GDP.PCAP.CD,2019,1352.17204191532
HTI,NY.GDP.PCAP.CD,2018,1496.38048970156
HTI,NY.GDP.PCAP.CD,2017,1395.23945184461
HTI,NY.GDP.PCAP.CD,2016,1318.40268167953
HTI,NY.GDP.PCAP.CD,2015,1411.12684746796
HTI,NY.GDP.PCAP.CD,2014,1460.18898613914
HTI,NY.GDP.PCAP.CD,2013,1457.83221179626
HTI,NY.GDP.PCAP.CD,2012,1361.39396587374
HTI,NY.GDP.PCAP.CD,2011,1312.03953552013
HTI,NY.GDP.PCAP.CD,2010,1209.72733503094
HTI,NY.GDP.PCAP.CD,2009,1196.8528706018
HTI,NY.GDP.PCAP.CD,2008,1094.66058421644
HTI,NY.GDP.PCAP.CD,2007,984.566983448521
HTI,NY.GDP.PCAP.CD,2006,828.805700289589
HTI,NY.GDP.PCAP.CD,2005,775.845704056916
HTI,NY.GDP.PCAP.CD,2004,683.185298155273
HTI,NY.GDP.PCAP.CD,2003,578.995291079709
HTI,NY.GDP.PCAP.CD,2002,720.969568042522
HTI,NY.GDP.PCAP.CD,2001,748.821159844528
HTI,NY.GDP.PCAP.CD,2000,820.600046761464
HTI,NY.GDP.PCAP.CD,1999,509.578585275375
HTI,NY.GDP.PCAP.CD,1998,465.363306259051
HTI,NY.GDP.PCAP.CD,1997,425.111085879256
HTI,NY.GDP.PCAP.CD,1996,377.229465025972
HTI,NY.GDP.PCAP.CD,1995,372.006104665125
HTI,NY.GDP.PCAP.CD,1994,292.134224374091
HTI,NY.GDP.PCAP.CD,1993,258.066372258817
HTI,NY.GDP.PCAP.CD,1992,316.276513134354
HTI,NY.GDP.PCAP.CD,1991,496.545987433864
HTI,NY.GDP.PCAP.CD,1990,451.720249689216
HTI,NY.GDP.PCAP.CD,1989,407.498708064211
HTI,NY.GDP.PCAP.CD,1988,397.365336276412
HTI,NY.GDP.PCAP.CD,1987,317.635520687503
HTI,NY.GDP.PCAP.CD,1986,366.997344256492
HTI,NY.GDP.PCAP.CD,1985,324.575156092964
HTI,NY.GDP.PCAP.CD,1984,299.247186216373
HTI,NY.GDP.PCAP.CD,1983,272.823694996686
HTI,NY.GDP.PCAP.CD,1982,252.607250558051
HTI,NY.GDP.PCAP.CD,1981,258.468043101302
HTI,NY.GDP.PCAP.CD,1980,246.46927157982
HTI,NY.GDP.PCAP.CD,1979,196.20196855612
HTI,NY.GDP.PCAP.CD,1978,180.321253919424
HTI,NY.GDP.PCAP.CD,1977,178.696912675895
HTI,NY.GDP.PCAP.CD,1976,169.091888071558
HTI,NY.GDP.PCAP.CD,1975,133.631792050575
HTI,NY.GDP.PCAP.CD,1974,113.039260601755
HTI,NY.GDP.PCAP.CD,1973,95.1341802581181
HTI,NY.GDP.PCAP.CD,1972,77.2765182599349
HTI,NY.GDP.PCAP.CD,1971,76.8116150679491
HTI,NY.GDP.PCAP.CD,1970,71.4543990624631
HTI,NY.GDP.PCAP.CD,1969,86.1269803448153
HTI,NY.GDP.PCAP.CD,1968,82.4057717596557
HTI,NY.GDP.PCAP.CD,1967,84.217267674485
HTI,NY.GDP.PCAP.CD,1966,85.7493738145357
HTI,NY.GDP.PCAP.CD,1965,83.6332514169638
HTI,NY.GDP.PCAP.CD,1964,78.4520158485608
HTI,NY.GDP.PCAP.CD,1963,72.3983493523801
HTI,NY.GDP.PCAP.CD,1962,70.4464617057034
HTI,NY.GDP.PCAP.CD,1961,68.99056510131
HTI,NY.GDP.PCAP.CD,1960,70.8024454423715
HND,NY.GDP.PCAP.CD,2025,
HND,NY.GDP.PCAP.CD,2024,3426.43483328923
HND,NY.GDP.PCAP.CD,2023,3227.45762509776
HND,NY.GDP.PCAP.CD,2022,3003.28996826399
HND,NY.GDP.PCAP.CD,2021,2735.14751503977
HND,NY.GDP.PCAP.CD,2020,2307.61494319511
HND,NY.GDP.PCAP.CD,2019,2502.32744328073
HND,NY.GDP.PCAP.CD,2018,2464.64241531918
HND,NY.GDP.PCAP.CD,2017,2413.0076562942
HND,NY.GDP.PCAP.CD,2016,2307.34468351082
HND,NY.GDP.PCAP.CD,2015,2271.20265980349
HND,NY.GDP.PCAP.CD,2014,2179.88171977271
HND,NY.GDP.PCAP.CD,2013,2081.12843527945
HND,NY.GDP.PCAP.CD,2012,2126.03474686503
HND,NY.GDP.PCAP.CD,2011,2073.66121088074
HND,NY.GDP.PCAP.CD,2010,1893.32722662035
HND,NY.GDP.PCAP.CD,2009,1781.15703614674
HND,NY.GDP.PCAP.CD,2008,1732.49062702803
HND,NY.GDP.PCAP.CD,2007,1577.73789197407
HND,NY.GDP.PCAP.CD,2006,1425.84780051892
HND,NY.GDP.PCAP.CD,2005,1304.70039153826
HND,NY.GDP.PCAP.CD,2004,1215.13995412761
HND,NY.GDP.PCAP.CD,2003,1156.08162681357
HND,NY.GDP.PCAP.CD,2002,1132.49965345317
HND,NY.GDP.PCAP.CD,2001,1132.1648753329
HND,NY.GDP.PCAP.CD,2000,1092.56400746252
HND,NY.GDP.PCAP.CD,1999,999.004383328908
HND,NY.GDP.PCAP.CD,1998,988.655986927253
HND,NY.GDP.PCAP.CD,1997,917.272651200904
HND,NY.GDP.PCAP.CD,1996,812.817047602244
HND,NY.GDP.PCAP.CD,1995,814.049075569071
HND,NY.GDP.PCAP.CD,1994,735.886147157389
HND,NY.GDP.PCAP.CD,1993,772.74224772986
HND,NY.GDP.PCAP.CD,1992,782.111518709432
HND,NY.GDP.PCAP.CD,1991,722.000657931123
HND,NY.GDP.PCAP.CD,1990,749.818113552631
HND,NY.GDP.PCAP.CD,1989,903.767650161806
HND,NY.GDP.PCAP.CD,1988,1039.29410284648
HND,NY.GDP.PCAP.CD,1987,1097.85859892373
HND,NY.GDP.PCAP.CD,1986,1057.81228119586
HND,NY.GDP.PCAP.CD,1985,1001.1467980095
HND,NY.GDP.PCAP.CD,1984,959.534269081039
HND,NY.GDP.PCAP.CD,1983,941.732746077043
HND,NY.GDP.PCAP.CD,1982,914.30883859664
HND,NY.GDP.PCAP.CD,1981,911.505037511277
HND,NY.GDP.PCAP.CD,1980,854.374079228412
HND,NY.GDP.PCAP.CD,1979,768.717733232899
HND,NY.GDP.PCAP.CD,1978,682.834193371888
HND,NY.GDP.PCAP.CD,1977,559.250644740346
HND,NY.GDP.PCAP.CD,1976,482.416373927479
HND,NY.GDP.PCAP.CD,1975,416.521307238993
HND,NY.GDP.PCAP.CD,1974,400.988955544745
HND,NY.GDP.PCAP.CD,1973,374.668702396507
HND,NY.GDP.PCAP.CD,1972,352.711426613473
HND,NY.GDP.PCAP.CD,1971,338.123400136033
HND,NY.GDP.PCAP.CD,1970,328.787242589654
HND,NY.GDP.PCAP.CD,1969,316.220454040742
HND,NY.GDP.PCAP.CD,1968,314.474382938748
HND,NY.GDP.PCAP.CD,1967,298.155994803561
HND,NY.GDP.PCAP.CD,1966,282.88534468771
HND,NY.GDP.PCAP.CD,1965,273.877577290856
HND,NY.GDP.PCAP.CD,1964,255.903509094727
HND,NY.GDP.PCAP.CD,1963,246.561283063044
HND,NY.GDP.PCAP.CD,1962,244.01209130438
HND,NY.GDP.PCAP.CD,1961,237.266657929647
HND,NY.GDP.PCAP.CD,1960,230.667390861566
HKG,NY.GDP.PCAP.CD,2025,
HKG,NY.GDP.PCAP.CD,2024,54074.6928519479
HKG,NY.GDP.PCAP.CD,2023,50562.3633144379
HKG,NY.GDP.PCAP.CD,2022,48825.8441873536
HKG,NY.GDP.PCAP.CD,2021,49770.5642374739
HKG,NY.GDP.PCAP.CD,2020,46109.2299946609
HKG,NY.GDP.PCAP.CD,2019,48359.0011950597
HKG,NY.GDP.PCAP.CD,2018,48537.5668888343
HKG,NY.GDP.PCAP.CD,2017,46160.429791493
HKG,NY.GDP.PCAP.CD,2016,43734.1980702999
HKG,NY.GDP.PCAP.CD,2015,42432.1619740441
HKG,NY.GDP.PCAP.CD,2014,40315.3739510191
HKG,NY.GDP.PCAP.CD,2013,38403.7777145477
HKG,NY.GDP.PCAP.CD,2012,36730.796195815
HKG,NY.GDP.PCAP.CD,2011,35142.4879344543
HKG,NY.GDP.PCAP.CD,2010,32550.136489179
HKG,NY.GDP.PCAP.CD,2009,30697.5383861641
HKG,NY.GDP.PCAP.CD,2008,31515.5292103443
HKG,NY.GDP.PCAP.CD,2007,30593.9511738646
HKG,NY.GDP.PCAP.CD,2006,28224.0951563146
HKG,NY.GDP.PCAP.CD,2005,26649.637724155
HKG,NY.GDP.PCAP.CD,2004,24928.1003722551
HKG,NY.GDP.PCAP.CD,2003,23977.1734120477
HKG,NY.GDP.PCAP.CD,2002,24665.8362318216
HKG,NY.GDP.PCAP.CD,2001,25230.3780910304
HKG,NY.GDP.PCAP.CD,2000,25756.7728723704
HKG,NY.GDP.PCAP.CD,1999,25091.6665997966
HKG,NY.GDP.PCAP.CD,1998,25808.8609899709
HKG,NY.GDP.PCAP.CD,1997,27330.0933613355
HKG,NY.GDP.PCAP.CD,1996,24818.3021600084
HKG,NY.GDP.PCAP.CD,1995,23497.3920767477
HKG,NY.GDP.PCAP.CD,1994,22502.5302426236
HKG,NY.GDP.PCAP.CD,1993,20395.5621886121
HKG,NY.GDP.PCAP.CD,1992,17976.4688629053
HKG,NY.GDP.PCAP.CD,1991,15465.9245305858
HKG,NY.GDP.PCAP.CD,1990,13485.6314525052
HKG,NY.GDP.PCAP.CD,1989,12097.7487914553
HKG,NY.GDP.PCAP.CD,1988,10609.7456394545
HKG,NY.GDP.PCAP.CD,1987,9071.39076473445
HKG,NY.GDP.PCAP.CD,1986,7434.99925513073
HKG,NY.GDP.PCAP.CD,1985,6542.97352840976
HKG,NY.GDP.PCAP.CD,1984,6208.22615937199
HKG,NY.GDP.PCAP.CD,1983,5595.26055343754
HKG,NY.GDP.PCAP.CD,1982,6133.7668997328
HKG,NY.GDP.PCAP.CD,1981,5991.28488804536
HKG,NY.GDP.PCAP.CD,1980,5700.43210891578
HKG,NY.GDP.PCAP.CD,1979,4569.4838495588
HKG,NY.GDP.PCAP.CD,1978,3923.9713784987
HKG,NY.GDP.PCAP.CD,1977,3429.42027607254
HKG,NY.GDP.PCAP.CD,1976,2850.0146101832
HKG,NY.GDP.PCAP.CD,1975,2252.12694057369
HKG,NY.GDP.PCAP.CD,1974,2144.61495884823
HKG,NY.GDP.PCAP.CD,1973,1893.18124189464
HKG,NY.GDP.PCAP.CD,1972,1384.7342645141
HKG,NY.GDP.PCAP.CD,1971,1106.46971695915
HKG,NY.GDP.PCAP.CD,1970,960.031961510704
HKG,NY.GDP.PCAP.CD,1969,825.523449142012
HKG,NY.GDP.PCAP.CD,1968,714.48296958061
HKG,NY.GDP.PCAP.CD,1967,723.239225616661
HKG,NY.GDP.PCAP.CD,1966,685.926614135084
HKG,NY.GDP.PCAP.CD,1965,676.805507110096
HKG,NY.GDP.PCAP.CD,1964,629.591525784494
HKG,NY.GDP.PCAP.CD,1963,565.727810358046
HKG,NY.GDP.PCAP.CD,1962,487.821134050813
HKG,NY.GDP.PCAP.CD,1961,436.754411520393
HKG,NY.GDP.PCAP.CD,1960,426.773807917233
HUN,NY.GDP.PCAP.CD,2025,
HUN,NY.GDP.PCAP.CD,2024,23292.3263882478
HUN,NY.GDP.PCAP.CD,2023,22230.6277875187
HUN,NY.GDP.PCAP.CD,2022,18428.028825614
HUN,NY.GDP.PCAP.CD,2021,19030.628130329
HUN,NY.GDP.PCAP.CD,2020,16386.9308821258
HUN,NY.GDP.PCAP.CD,2019,17012.8598553199
HUN,NY.GDP.PCAP.CD,2018,16605.0570511887
HUN,NY.GDP.PCAP.CD,2017,14736.1668157258
HUN,NY.GDP.PCAP.CD,2016,13215.8605277789
HUN,NY.GDP.PCAP.CD,2015,12782.9412577973
HUN,NY.GDP.PCAP.CD,2014,14352.501883174
HUN,NY.GDP.PCAP.CD,2013,13739.4620151401
HUN,NY.GDP.PCAP.CD,2012,12950.1594488143
HUN,NY.GDP.PCAP.CD,2011,14211.460557822
HUN,NY.GDP.PCAP.CD,2010,13189.8433874768
HUN,NY.GDP.PCAP.CD,2009,13051.1831777184
HUN,NY.GDP.PCAP.CD,2008,15762.6322515113
HUN,NY.GDP.PCAP.CD,2007,13934.605460375
HUN,NY.GDP.PCAP.CD,2006,11478.4891640501
HUN,NY.GDP.PCAP.CD,2005,11212.2046968994
HUN,NY.GDP.PCAP.CD,2004,10291.2694721409
HUN,NY.GDP.PCAP.CD,2003,8410.09248198479
HUN,NY.GDP.PCAP.CD,2002,6658.04494326809
HUN,NY.GDP.PCAP.CD,2001,5280.94887987063
HUN,NY.GDP.PCAP.CD,2000,4629.91760812548
HUN,NY.GDP.PCAP.CD,1999,4801.95949584162
HUN,NY.GDP.PCAP.CD,1998,4751.7732430202
HUN,NY.GDP.PCAP.CD,1997,4606.0569733295
HUN,NY.GDP.PCAP.CD,1996,4542.0120380978
HUN,NY.GDP.PCAP.CD,1995,4509.41740910077
HUN,NY.GDP.PCAP.CD,1994,4187.0311799663
HUN,NY.GDP.PCAP.CD,1993,3886.66608419616
HUN,NY.GDP.PCAP.CD,1992,3747.32966394956
HUN,NY.GDP.PCAP.CD,1991,3361.22268037924
HUN,NY.GDP.PCAP.CD,1990,3323.53967237633
HUN,NY.GDP.PCAP.CD,1989,2902.43508126549
HUN,NY.GDP.PCAP.CD,1988,2812.23754602897
HUN,NY.GDP.PCAP.CD,1987,2565.9739107384
HUN,NY.GDP.PCAP.CD,1986,2330.84188308476
HUN,NY.GDP.PCAP.CD,1985,2020.02286569062
HUN,NY.GDP.PCAP.CD,1984,1991.23894795513
HUN,NY.GDP.PCAP.CD,1983,2049.71617921793
HUN,NY.GDP.PCAP.CD,1982,2255.06405686887
HUN,NY.GDP.PCAP.CD,1981,2213.05267699322
HUN,NY.GDP.PCAP.CD,1980,2158.22181355246
HUN,NY.GDP.PCAP.CD,1979,1864.67188851588
HUN,NY.GDP.PCAP.CD,1978,1617.87853402771
HUN,NY.GDP.PCAP.CD,1977,1388.39509904029
HUN,NY.GDP.PCAP.CD,1976,1248.79851313891
HUN,NY.GDP.PCAP.CD,1975,1083.47473343284
HUN,NY.GDP.PCAP.CD,1974,955.874207823024
HUN,NY.GDP.PCAP.CD,1973,875.981999921224
HUN,NY.GDP.PCAP.CD,1972,709.652502602719
HUN,NY.GDP.PCAP.CD,1971,606.852738581394
HUN,NY.GDP.PCAP.CD,1970,559.197091346639
HUN,NY.GDP.PCAP.CD,1969,527.231617602682
HUN,NY.GDP.PCAP.CD,1968,476.434350138292
HUN,NY.GDP.PCAP.CD,1967,
HUN,NY.GDP.PCAP.CD,1966,
HUN,NY.GDP.PCAP.CD,1965,
HUN,NY.GDP.PCAP.CD,1964,
HUN,NY.GDP.PCAP.CD,1963,
HUN,NY.GDP.PCAP.CD,1962,
HUN,NY.GDP.PCAP.CD,1961,
HUN,NY.GDP.PCAP.CD,1960,
ISL,NY.GDP.PCAP.CD,2025,
ISL,NY.GDP.PCAP.CD,2024,86040.5309851288
ISL,NY.GDP.PCAP.CD,2023,82138.7892973557
ISL,NY.GDP.PCAP.CD,2022,76350.4550416502
ISL,NY.GDP.PCAP.CD,2021,70425.4064277273
ISL,NY.GDP.PCAP.CD,2020,60127.9393575616
ISL,NY.GDP.PCAP.CD,2019,69296.3144361601
ISL,NY.GDP.PCAP.CD,2018,75633.8651351915
ISL,NY.GDP.PCAP.CD,2017,72976.3729990975
ISL,NY.GDP.PCAP.CD,2016,62854.0906407932
ISL,NY.GDP.PCAP.CD,2015,53505.6964079339
ISL,NY.GDP.PCAP.CD,2014,55140.364935793
ISL,NY.GDP.PCAP.CD,2013,50173.3360061057
ISL,NY.GDP.PCAP.CD,2012,46594.9869146614
ISL,NY.GDP.PCAP.CD,2011,48254.953927254
ISL,NY.GDP.PCAP.CD,2010,43776.4677400475
ISL,NY.GDP.PCAP.CD,2009,41483.7843682814
ISL,NY.GDP.PCAP.CD,2008,57489.3399795216
ISL,NY.GDP.PCAP.CD,2007,70483.0117228535
ISL,NY.GDP.PCAP.CD,2006,58172.1426656622
ISL,NY.GDP.PCAP.CD,2005,57783.7745608117
ISL,NY.GDP.PCAP.CD,2004,47809.6073050042
ISL,NY.GDP.PCAP.CD,2003,39944.2104095591
ISL,NY.GDP.PCAP.CD,2002,32749.379004627
ISL,NY.GDP.PCAP.CD,2001,29208.1981853568
ISL,NY.GDP.PCAP.CD,2000,32503.578963236
ISL,NY.GDP.PCAP.CD,1999,32834.4215745364
ISL,NY.GDP.PCAP.CD,1998,31519.1647473126
ISL,NY.GDP.PCAP.CD,1997,28461.7664095122
ISL,NY.GDP.PCAP.CD,1996,28583.5208959793
ISL,NY.GDP.PCAP.CD,1995,27564.569102386
ISL,NY.GDP.PCAP.CD,1994,24858.2031335605
ISL,NY.GDP.PCAP.CD,1993,24404.0275812365
ISL,NY.GDP.PCAP.CD,1992,28072.4041083276
ISL,NY.GDP.PCAP.CD,1991,27739.8886025504
ISL,NY.GDP.PCAP.CD,1990,26272.2452156659
ISL,NY.GDP.PCAP.CD,1989,23218.5398304599
ISL,NY.GDP.PCAP.CD,1988,25306.6926061001
ISL,NY.GDP.PCAP.CD,1987,23238.0398336304
ISL,NY.GDP.PCAP.CD,1986,16979.5217287811
ISL,NY.GDP.PCAP.CD,1985,12793.2725790514
ISL,NY.GDP.PCAP.CD,1984,12377.5860216394
ISL,NY.GDP.PCAP.CD,1983,12079.7974639769
ISL,NY.GDP.PCAP.CD,1982,14191.030215493
ISL,NY.GDP.PCAP.CD,1981,15666.3769807272
ISL,NY.GDP.PCAP.CD,1980,15339.9112964156
ISL,NY.GDP.PCAP.CD,1979,13082.4948327554
ISL,NY.GDP.PCAP.CD,1978,11629.5158682259
ISL,NY.GDP.PCAP.CD,1977,10305.3113349502
ISL,NY.GDP.PCAP.CD,1976,7848.3489698757
ISL,NY.GDP.PCAP.CD,1975,6679.78429144579
ISL,NY.GDP.PCAP.CD,1974,7286.65658517311
ISL,NY.GDP.PCAP.CD,1973,5627.40706667636
ISL,NY.GDP.PCAP.CD,1972,4155.18509800672
ISL,NY.GDP.PCAP.CD,1971,3365.77524019906
ISL,NY.GDP.PCAP.CD,1970,2666.41186614479
ISL,NY.GDP.PCAP.CD,1969,2142.21248048432
ISL,NY.GDP.PCAP.CD,1968,2473.42372591393
ISL,NY.GDP.PCAP.CD,1967,3283.55115538008
ISL,NY.GDP.PCAP.CD,1966,3378.14472198321
ISL,NY.GDP.PCAP.CD,1965,2861.10787055081
ISL,NY.GDP.PCAP.CD,1964,2414.00707361378
ISL,NY.GDP.PCAP.CD,1963,1924.23982220827
ISL,NY.GDP.PCAP.CD,1962,1641.15155373051
ISL,NY.GDP.PCAP.CD,1961,1489.76679890669
ISL,NY.GDP.PCAP.CD,1960,1486.46439009414
IND,NY.GDP.PCAP.CD,2025,
IND,NY.GDP.PCAP.CD,2024,2694.73780859961
IND,NY.GDP.PCAP.CD,2023,2530.12031278204
IND,NY.GDP.PCAP.CD,2022,2347.44829434623
IND,NY.GDP.PCAP.CD,2021,2239.61384367482
IND,NY.GDP.PCAP.CD,2020,1907.04251637669
IND,NY.GDP.PCAP.CD,2019,2041.42863698585
IND,NY.GDP.PCAP.CD,2018,1966.25455171679
IND,NY.GDP.PCAP.CD,2017,1950.10468280866
IND,NY.GDP.PCAP.CD,2016,1707.50892912243
IND,NY.GDP.PCAP.CD,2015,1583.99815907985
IND,NY.GDP.PCAP.CD,2014,1553.88396075118
IND,NY.GDP.PCAP.CD,2013,1432.84397512195
IND,NY.GDP.PCAP.CD,2012,1429.32199520032
IND,NY.GDP.PCAP.CD,2011,1445.46127486037
IND,NY.GDP.PCAP.CD,2010,1347.51939071367
IND,NY.GDP.PCAP.CD,2009,1094.94974598436
IND,NY.GDP.PCAP.CD,2008,992.519584923828
IND,NY.GDP.PCAP.CD,2007,1021.88707706826
IND,NY.GDP.PCAP.CD,2006,801.668353659022
IND,NY.GDP.PCAP.CD,2005,710.488080408949
IND,NY.GDP.PCAP.CD,2004,624.258826510066
IND,NY.GDP.PCAP.CD,2003,544.143133545002
IND,NY.GDP.PCAP.CD,2002,469.149928973927
IND,NY.GDP.PCAP.CD,2001,450.357900514128
IND,NY.GDP.PCAP.CD,2000,442.750218937263
IND,NY.GDP.PCAP.CD,1999,441.927991436397
IND,NY.GDP.PCAP.CD,1998,413.630864056851
IND,NY.GDP.PCAP.CD,1997,416.228116203753
IND,NY.GDP.PCAP.CD,1996,401.046754673579
IND,NY.GDP.PCAP.CD,1995,375.17600537305
IND,NY.GDP.PCAP.CD,1994,347.73421473994
IND,NY.GDP.PCAP.CD,1993,302.884806246174
IND,NY.GDP.PCAP.CD,1992,319.182472626315
IND,NY.GDP.PCAP.CD,1991,305.574055928592
IND,NY.GDP.PCAP.CD,1990,371.085936203765
IND,NY.GDP.PCAP.CD,1989,349.915155021864
IND,NY.GDP.PCAP.CD,1988,358.484539641693
IND,NY.GDP.PCAP.CD,1987,344.941028293075
IND,NY.GDP.PCAP.CD,1986,314.897116402542
IND,NY.GDP.PCAP.CD,1985,300.928258576378
IND,NY.GDP.PCAP.CD,1984,281.049867840717
IND,NY.GDP.PCAP.CD,1983,295.999773299382
IND,NY.GDP.PCAP.CD,1982,278.65038258267
IND,NY.GDP.PCAP.CD,1981,274.964330768528
IND,NY.GDP.PCAP.CD,1980,271.080945953678
IND,NY.GDP.PCAP.CD,1979,227.958179873426
IND,NY.GDP.PCAP.CD,1978,209.389063573463
IND,NY.GDP.PCAP.CD,1977,189.585568552477
IND,NY.GDP.PCAP.CD,1976,164.119999587322
IND,NY.GDP.PCAP.CD,1975,161.086694022079
IND,NY.GDP.PCAP.CD,1974,166.699661755332
IND,NY.GDP.PCAP.CD,1973,146.568492582405
IND,NY.GDP.PCAP.CD,1972,125.270705961882
IND,NY.GDP.PCAP.CD,1971,120.680595539912
IND,NY.GDP.PCAP.CD,1970,114.35532002008
IND,NY.GDP.PCAP.CD,1969,109.477664384288
IND,NY.GDP.PCAP.CD,1968,101.556802521195
IND,NY.GDP.PCAP.CD,1967,97.9951481214155
IND,NY.GDP.PCAP.CD,1966,91.0276950517841
IND,NY.GDP.PCAP.CD,1965,121.50831902883
IND,NY.GDP.PCAP.CD,1964,117.856430772855
IND,NY.GDP.PCAP.CD,1963,103.435021262932
IND,NY.GDP.PCAP.CD,1962,92.1999583629516
IND,NY.GDP.PCAP.CD,1961,87.8538613470205
IND,NY.GDP.PCAP.CD,1960,84.9328084793106
IDN,NY.GDP.PCAP.CD,2025,
IDN,NY.GDP.PCAP.CD,2024,4925.43048751861
IDN,NY.GDP.PCAP.CD,2023,4876.30774512252
IDN,NY.GDP.PCAP.CD,2022,4730.83484836107
IDN,NY.GDP.PCAP.CD,2021,4287.17313995098
IDN,NY.GDP.PCAP.CD,2020,3853.70288774146
IDN,NY.GDP.PCAP.CD,2019,4106.94856160358
IDN,NY.GDP.PCAP.CD,2018,3860.95353090726
IDN,NY.GDP.PCAP.CD,2017,3798.88326174526
IDN,NY.GDP.PCAP.CD,2016,3521.46943457574
IDN,NY.GDP.PCAP.CD,2015,3288.22269725538
IDN,NY.GDP.PCAP.CD,2014,3441.06808464008
IDN,NY.GDP.PCAP.CD,2013,3566.60284506078
IDN,NY.GDP.PCAP.CD,2012,3632.27254030331
IDN,NY.GDP.PCAP.CD,2011,3579.46442466152
IDN,NY.GDP.PCAP.CD,2010,3065.68348377765
IDN,NY.GDP.PCAP.CD,2009,2218.48541852977
IDN,NY.GDP.PCAP.CD,2008,2124.55483920618
IDN,NY.GDP.PCAP.CD,2007,1823.21976255073
IDN,NY.GDP.PCAP.CD,2006,1558.31562847163
IDN,NY.GDP.PCAP.CD,2005,1238.21447629488
IDN,NY.GDP.PCAP.CD,2004,1126.84004447173
IDN,NY.GDP.PCAP.CD,2003,1043.2105838671
IDN,NY.GDP.PCAP.CD,2002,881.002913569131
IDN,NY.GDP.PCAP.CD,2001,732.307093405708
IDN,NY.GDP.PCAP.CD,2000,763.711124950924
IDN,NY.GDP.PCAP.CD,1999,657.268934667018
IDN,NY.GDP.PCAP.CD,1998,454.877800792123
IDN,NY.GDP.PCAP.CD,1997,1044.60674832472
IDN,NY.GDP.PCAP.CD,1996,1118.92133024129
IDN,NY.GDP.PCAP.CD,1995,1011.22614205568
IDN,NY.GDP.PCAP.CD,1994,899.793982949817
IDN,NY.GDP.PCAP.CD,1993,817.395116417856
IDN,NY.GDP.PCAP.CD,1992,673.67103954742
IDN,NY.GDP.PCAP.CD,1991,624.387495384411
IDN,NY.GDP.PCAP.CD,1990,578.420121135382
IDN,NY.GDP.PCAP.CD,1989,524.143027322576
IDN,NY.GDP.PCAP.CD,1988,476.662483405818
IDN,NY.GDP.PCAP.CD,1987,437.60655039936
IDN,NY.GDP.PCAP.CD,1986,469.834241253429
IDN,NY.GDP.PCAP.CD,1985,511.400883618027
IDN,NY.GDP.PCAP.CD,1984,519.774063103241
IDN,NY.GDP.PCAP.CD,1983,507.682945653414
IDN,NY.GDP.PCAP.CD,1982,577.745632722784
IDN,NY.GDP.PCAP.CD,1981,560.830336032961
IDN,NY.GDP.PCAP.CD,1980,486.620172021155
IDN,NY.GDP.PCAP.CD,1979,353.424175826329
IDN,NY.GDP.PCAP.CD,1978,362.483779779007
IDN,NY.GDP.PCAP.CD,1977,330.670214101079
IDN,NY.GDP.PCAP.CD,1976,275.713167824796
IDN,NY.GDP.PCAP.CD,1975,231.060120618497
IDN,NY.GDP.PCAP.CD,1974,200.710984454591
IDN,NY.GDP.PCAP.CD,1973,129.886231088685
IDN,NY.GDP.PCAP.CD,1972,90.1147549138956
IDN,NY.GDP.PCAP.CD,1971,78.5428393869752
IDN,NY.GDP.PCAP.CD,1970,79.118823484002
IDN,NY.GDP.PCAP.CD,1969,74.0988114128793
IDN,NY.GDP.PCAP.CD,1968,64.6547730642556
IDN,NY.GDP.PCAP.CD,1967,53.2051866988581
IDN,NY.GDP.PCAP.CD,1966,
IDN,NY.GDP.PCAP.CD,1965,
IDN,NY.GDP.PCAP.CD,1964,
IDN,NY.GDP.PCAP.CD,1963,
IDN,NY.GDP.PCAP.CD,1962,
IDN,NY.GDP.PCAP.CD,1961,
IDN,NY.GDP.PCAP.CD,1960,
IRN,NY.GDP.PCAP.CD,2025,
IRN,NY.GDP.PCAP.CD,2024,5190.16959024821
IRN,NY.GDP.PCAP.CD,2023,5049.29931642754
IRN,NY.GDP.PCAP.CD,2022,4721.20437099984
IRN,NY.GDP.PCAP.CD,2021,4605.14881318992
IRN,NY.GDP.PCAP.CD,2020,3202.50003502169
IRN,NY.GDP.PCAP.CD,2019,3997.4935449585
IRN,NY.GDP.PCAP.CD,2018,4783.01067340237
IRN,NY.GDP.PCAP.CD,2017,6000.93346404409
IRN,NY.GDP.PCAP.CD,2016,5710.59947089104
IRN,NY.GDP.PCAP.CD,2015,4952.73355532178
IRN,NY.GDP.PCAP.CD,2014,5672.06372896319
IRN,NY.GDP.PCAP.CD,2013,6222.74194840326
IRN,NY.GDP.PCAP.CD,2012,8114.08099831877
IRN,NY.GDP.PCAP.CD,2011,8025.68743364356
IRN,NY.GDP.PCAP.CD,2010,6291.19443655454
IRN,NY.GDP.PCAP.CD,2009,5415.52280553446
IRN,NY.GDP.PCAP.CD,2008,5377.4115072957
IRN,NY.GDP.PCAP.CD,2007,4687.99166260718
IRN,NY.GDP.PCAP.CD,2006,3618.91601364428
IRN,NY.GDP.PCAP.CD,2005,3132.0508192007
IRN,NY.GDP.PCAP.CD,2004,2672.4226651404
IRN,NY.GDP.PCAP.CD,2003,2208.99636552406
IRN,NY.GDP.PCAP.CD,2002,1891.25756091033
IRN,NY.GDP.PCAP.CD,2001,1881.02266635283
IRN,NY.GDP.PCAP.CD,2000,1650.01385833785
IRN,NY.GDP.PCAP.CD,1999,1739.59462001458
IRN,NY.GDP.PCAP.CD,1998,1709.19334096046
IRN,NY.GDP.PCAP.CD,1997,1790.06617575598
IRN,NY.GDP.PCAP.CD,1996,1914.78121294313
IRN,NY.GDP.PCAP.CD,1995,1550.0095955025
IRN,NY.GDP.PCAP.CD,1994,1167.76272513795
IRN,NY.GDP.PCAP.CD,1993,1038.10985682067
IRN,NY.GDP.PCAP.CD,1992,1957.48507794252
IRN,NY.GDP.PCAP.CD,1991,2194.43906803657
IRN,NY.GDP.PCAP.CD,1990,2137.94222739877
IRN,NY.GDP.PCAP.CD,1989,2124.97214820344
IRN,NY.GDP.PCAP.CD,1988,2234.46235141335
IRN,NY.GDP.PCAP.CD,1987,2513.15111564745
IRN,NY.GDP.PCAP.CD,1986,4064.34667297515
IRN,NY.GDP.PCAP.CD,1985,3634.03209560745
IRN,NY.GDP.PCAP.CD,1984,3395.33697556582
IRN,NY.GDP.PCAP.CD,1983,3397.06140021273
IRN,NY.GDP.PCAP.CD,1982,2844.87611384065
IRN,NY.GDP.PCAP.CD,1981,2393.44985576145
IRN,NY.GDP.PCAP.CD,1980,2368.39285730478
IRN,NY.GDP.PCAP.CD,1979,2352.42655152643
IRN,NY.GDP.PCAP.CD,1978,2100.77015324703
IRN,NY.GDP.PCAP.CD,1977,2243.05559538309
IRN,NY.GDP.PCAP.CD,1976,1953.51969678549
IRN,NY.GDP.PCAP.CD,1975,1531.70617122603
IRN,NY.GDP.PCAP.CD,1974,1408.96571902093
IRN,NY.GDP.PCAP.CD,1973,850.560177143749
IRN,NY.GDP.PCAP.CD,1972,554.748034126016
IRN,NY.GDP.PCAP.CD,1971,457.283638013187
IRN,NY.GDP.PCAP.CD,1970,376.606879152564
IRN,NY.GDP.PCAP.CD,1969,344.60168745738
IRN,NY.GDP.PCAP.CD,1968,314.285456656503
IRN,NY.GDP.PCAP.CD,1967,283.733705768331
IRN,NY.GDP.PCAP.CD,1966,262.877683796365
IRN,NY.GDP.PCAP.CD,1965,247.526675505342
IRN,NY.GDP.PCAP.CD,1964,221.731727810865
IRN,NY.GDP.PCAP.CD,1963,209.559376274106
IRN,NY.GDP.PCAP.CD,1962,205.786809656996
IRN,NY.GDP.PCAP.CD,1961,200.081529294917
IRN,NY.GDP.PCAP.CD,1960,195.57752721271
IRQ,NY.GDP.PCAP.CD,2025,
IRQ,NY.GDP.PCAP.CD,2024,6073.61032342708
IRQ,NY.GDP.PCAP.CD,2023,5965.31835077761
IRQ,NY.GDP.PCAP.CD,2022,6520.73154560584
IRQ,NY.GDP.PCAP.CD,2021,4868.49431080783
IRQ,NY.GDP.PCAP.CD,2020,4295.18945121228
IRQ,NY.GDP.PCAP.CD,2019,5671.8568632942
IRQ,NY.GDP.PCAP.CD,2018,5646.68932074742
IRQ,NY.GDP.PCAP.CD,2017,4759.2846435467
IRQ,NY.GDP.PCAP.CD,2016,4334.42096404188
IRQ,NY.GDP.PCAP.CD,2015,4440.14189252367
IRQ,NY.GDP.PCAP.CD,2014,6249.39226978969
IRQ,NY.GDP.PCAP.CD,2013,6650.35282247395
IRQ,NY.GDP.PCAP.CD,2012,6477.59618450955
IRQ,NY.GDP.PCAP.CD,2011,5775.54229080293
IRQ,NY.GDP.PCAP.CD,2010,4461.75196161555
IRQ,NY.GDP.PCAP.CD,2009,3714.71205987194
IRQ,NY.GDP.PCAP.CD,2008,4542.96609046032
IRQ,NY.GDP.PCAP.CD,2007,3128.99010329066
IRQ,NY.GDP.PCAP.CD,2006,2276.55435744086
IRQ,NY.GDP.PCAP.CD,2005,1762.39360423421
IRQ,NY.GDP.PCAP.CD,2004,1328.37157628292
IRQ,NY.GDP.PCAP.CD,2003,817.887862499622
IRQ,NY.GDP.PCAP.CD,2002,1266.15961275094
IRQ,NY.GDP.PCAP.CD,2001,1435.695683789
IRQ,NY.GDP.PCAP.CD,2000,1980.18916038782
IRQ,NY.GDP.PCAP.CD,1999,1560.36466710272
IRQ,NY.GDP.PCAP.CD,1998,900.937142559106
IRQ,NY.GDP.PCAP.CD,1997,936.341170908421
IRQ,NY.GDP.PCAP.CD,1996,485.258492784825
IRQ,NY.GDP.PCAP.CD,1995,619.135530927038
IRQ,NY.GDP.PCAP.CD,1994,198.182101881974
IRQ,NY.GDP.PCAP.CD,1993,53.7437842348819
IRQ,NY.GDP.PCAP.CD,1992,30.2539012636825
IRQ,NY.GDP.PCAP.CD,1991,22.9521327615352
IRQ,NY.GDP.PCAP.CD,1990,10261.4157706888
IRQ,NY.GDP.PCAP.CD,1989,3791.17027583399
IRQ,NY.GDP.PCAP.CD,1988,3707.20841763297
IRQ,NY.GDP.PCAP.CD,1987,3436.4763126353
IRQ,NY.GDP.PCAP.CD,1986,2940.40623181091
IRQ,NY.GDP.PCAP.CD,1985,3087.66394151806
IRQ,NY.GDP.PCAP.CD,1984,3065.7178266236
IRQ,NY.GDP.PCAP.CD,1983,2743.35449218755
IRQ,NY.GDP.PCAP.CD,1982,2941.9748125381
IRQ,NY.GDP.PCAP.CD,1981,2700.41204790874
IRQ,NY.GDP.PCAP.CD,1980,3867.64500744262
IRQ,NY.GDP.PCAP.CD,1979,2871.32952195974
IRQ,NY.GDP.PCAP.CD,1978,1863.21761229727
IRQ,NY.GDP.PCAP.CD,1977,1608.79545129648
IRQ,NY.GDP.PCAP.CD,1976,1488.54335200482
IRQ,NY.GDP.PCAP.CD,1975,1165.88163945653
IRQ,NY.GDP.PCAP.CD,1974,1031.25081332691
IRQ,NY.GDP.PCAP.CD,1973,475.586335675674
IRQ,NY.GDP.PCAP.CD,1972,394.41834302923
IRQ,NY.GDP.PCAP.CD,1971,383.550287036941
IRQ,NY.GDP.PCAP.CD,1970,337.042912609442
IRQ,NY.GDP.PCAP.CD,1969,319.860143218706
IRQ,NY.GDP.PCAP.CD,1968,318.832552563525
IRQ,NY.GDP.PCAP.CD,1967,290.643664484678
IRQ,NY.GDP.PCAP.CD,1966,298.205666763491
IRQ,NY.GDP.PCAP.CD,1965,284.77757098584
IRQ,NY.GDP.PCAP.CD,1964,269.423092996101
IRQ,NY.GDP.PCAP.CD,1963,235.513623763733
IRQ,NY.GDP.PCAP.CD,1962,240.653442461626
IRQ,NY.GDP.PCAP.CD,1961,232.392612190864
IRQ,NY.GDP.PCAP.CD,1960,218.917802531101
IRL,NY.GDP.PCAP.CD,2025,
IRL,NY.GDP.PCAP.CD,2024,112894.953240805
IRL,NY.GDP.PCAP.CD,2023,106818.917130804
IRL,NY.GDP.PCAP.CD,2022,105190.685952731
IRL,NY.GDP.PCAP.CD,2021,103783.446284479
IRL,NY.GDP.PCAP.CD,2020,86514.0706108754
IRL,NY.GDP.PCAP.CD,2019,81827.6688873996
IRL,NY.GDP.PCAP.CD,2018,80804.1123164826
IRL,NY.GDP.PCAP.CD,2017,72161.4047531385
IRL,NY.GDP.PCAP.CD,2016,64129.5571542383
IRL,NY.GDP.PCAP.CD,2015,64250.1385181257
IRL,NY.GDP.PCAP.CD,2014,57214.5379785709
IRL,NY.GDP.PCAP.CD,2013,52537.6108648692
IRL,NY.GDP.PCAP.CD,2012,49335.8408099555
IRL,NY.GDP.PCAP.CD,2011,52613.8540355689
IRL,NY.GDP.PCAP.CD,2010,48623.9666422487
IRL,NY.GDP.PCAP.CD,2009,52133.0906162544
IRL,NY.GDP.PCAP.CD,2008,61353.1065629523
IRL,NY.GDP.PCAP.CD,2007,61396.417461176
IRL,NY.GDP.PCAP.CD,2006,54329.1618599624
IRL,NY.GDP.PCAP.CD,2005,50933.0216095589
IRL,NY.GDP.PCAP.CD,2004,47754.2023194244
IRL,NY.GDP.PCAP.CD,2003,41203.5295847568
IRL,NY.GDP.PCAP.CD,2002,32705.4345565698
IRL,NY.GDP.PCAP.CD,2001,28282.409882073
IRL,NY.GDP.PCAP.CD,2000,26334.5672050501
IRL,NY.GDP.PCAP.CD,1999,26338.1077543817
IRL,NY.GDP.PCAP.CD,1998,24294.8547674007
IRL,NY.GDP.PCAP.CD,1997,22551.1139134126
IRL,NY.GDP.PCAP.CD,1996,20835.8977130847
IRL,NY.GDP.PCAP.CD,1995,19158.4564773907
IRL,NY.GDP.PCAP.CD,1994,15902.9296755168
IRL,NY.GDP.PCAP.CD,1993,14657.0615549805
IRL,NY.GDP.PCAP.CD,1992,15714.3847487231
IRL,NY.GDP.PCAP.CD,1991,14087.2074393708
IRL,NY.GDP.PCAP.CD,1990,14031.3025675469
IRL,NY.GDP.PCAP.CD,1989,11175.816603647
IRL,NY.GDP.PCAP.CD,1988,10715.8702780539
IRL,NY.GDP.PCAP.CD,1987,9581.91308572415
IRL,NY.GDP.PCAP.CD,1986,8112.17136316453
IRL,NY.GDP.PCAP.CD,1985,6011.7355464232
IRL,NY.GDP.PCAP.CD,1984,5692.02738597285
IRL,NY.GDP.PCAP.CD,1983,5915.24177164341
IRL,NY.GDP.PCAP.CD,1982,6160.63829313723
IRL,NY.GDP.PCAP.CD,1981,5986.1541089392
IRL,NY.GDP.PCAP.CD,1980,6372.43777545453
IRL,NY.GDP.PCAP.CD,1979,5429.96200087479
IRL,NY.GDP.PCAP.CD,1978,4399.98680535092
IRL,NY.GDP.PCAP.CD,1977,3427.0734359204
IRL,NY.GDP.PCAP.CD,1976,2919.58308695615
IRL,NY.GDP.PCAP.CD,1975,2973.40012301715
IRL,NY.GDP.PCAP.CD,1974,2516.92768605196
IRL,NY.GDP.PCAP.CD,1973,2424.26904706558
IRL,NY.GDP.PCAP.CD,1972,2080.46514718169
IRL,NY.GDP.PCAP.CD,1971,1703.93218277317
IRL,NY.GDP.PCAP.CD,1970,1486.51452734638
IRL,NY.GDP.PCAP.CD,1969,1330.78329549951
IRL,NY.GDP.PCAP.CD,1968,1158.85549787929
IRL,NY.GDP.PCAP.CD,1967,1187.18321236576
IRL,NY.GDP.PCAP.CD,1966,1107.31823034754
IRL,NY.GDP.PCAP.CD,1965,1055.03624701098
IRL,NY.GDP.PCAP.CD,1964,994.607331611746
IRL,NY.GDP.PCAP.CD,1963,878.156576476286
IRL,NY.GDP.PCAP.CD,1962,821.344113076887
IRL,NY.GDP.PCAP.CD,1961,761.851359570018
IRL,NY.GDP.PCAP.CD,1960,706.551022345168
IMN,NY.GDP.PCAP.CD,2025,
IMN,NY.GDP.PCAP.CD,2024,
IMN,NY.GDP.PCAP.CD,2023,
IMN,NY.GDP.PCAP.CD,2022,88328.548125887
IMN,NY.GDP.PCAP.CD,2021,94299.969348965
IMN,NY.GDP.PCAP.CD,2020,79513.5330346598
IMN,NY.GDP.PCAP.CD,2019,87127.5517977404
IMN,NY.GDP.PCAP.CD,2018,89393.8244248812
IMN,NY.GDP.PCAP.CD,2017,83481.3038489014
IMN,NY.GDP.PCAP.CD,2016,82025.9454509241
IMN,NY.GDP.PCAP.CD,2015,84753.5187422732
IMN,NY.GDP.PCAP.CD,2014,91885.4528718026
IMN,NY.GDP.PCAP.CD,2013,83207.6588430451
IMN,NY.GDP.PCAP.CD,2012,79329.2034347434
IMN,NY.GDP.PCAP.CD,2011,77808.8579649376
IMN,NY.GDP.PCAP.CD,2010,70587.3140283741
IMN,NY.GDP.PCAP.CD,2009,66156.105656847
IMN,NY.GDP.PCAP.CD,2008,72276.7741329461
IMN,NY.GDP.PCAP.CD,2007,55040.2437046236
IMN,NY.GDP.PCAP.CD,2006,42627.5089352891
IMN,NY.GDP.PCAP.CD,2005,38135.8597885858
IMN,NY.GDP.PCAP.CD,2004,35564.6023910146
IMN,NY.GDP.PCAP.CD,2003,28861.6178062918
IMN,NY.GDP.PCAP.CD,2002,24471.0798814847
IMN,NY.GDP.PCAP.CD,2001,21819.7123825606
IMN,NY.GDP.PCAP.CD,2000,21161.3963073772
IMN,NY.GDP.PCAP.CD,1999,21042.1461816648
IMN,NY.GDP.PCAP.CD,1998,18753.1202301034
IMN,NY.GDP.PCAP.CD,1997,16160.7112518361
IMN,NY.GDP.PCAP.CD,1996,13979.8454930411
IMN,NY.GDP.PCAP.CD,1995,12896.5252829716
IMN,NY.GDP.PCAP.CD,1994,11708.2857474351
IMN,NY.GDP.PCAP.CD,1993,10818.5139663414
IMN,NY.GDP.PCAP.CD,1992,12150.8545456352
IMN,NY.GDP.PCAP.CD,1991,11768.1058977186
IMN,NY.GDP.PCAP.CD,1990,11049.8949396235
IMN,NY.GDP.PCAP.CD,1989,9110.77499886082
IMN,NY.GDP.PCAP.CD,1988,8768.79053218172
IMN,NY.GDP.PCAP.CD,1987,7012.1421130624
IMN,NY.GDP.PCAP.CD,1986,5507.18003873984
IMN,NY.GDP.PCAP.CD,1985,3980.23093051439
IMN,NY.GDP.PCAP.CD,1984,3892.81857107699
IMN,NY.GDP.PCAP.CD,1983,
IMN,NY.GDP.PCAP.CD,1982,
IMN,NY.GDP.PCAP.CD,1981,
IMN,NY.GDP.PCAP.CD,1980,
IMN,NY.GDP.PCAP.CD,1979,
IMN,NY.GDP.PCAP.CD,1978,
IMN,NY.GDP.PCAP.CD,1977,
IMN,NY.GDP.PCAP.CD,1976,
IMN,NY.GDP.PCAP.CD,1975,
IMN,NY.GDP.PCAP.CD,1974,
IMN,NY.GDP.PCAP.CD,1973,
IMN,NY.GDP.PCAP.CD,1972,
IMN,NY.GDP.PCAP.CD,1971,
IMN,NY.GDP.PCAP.CD,1970,
IMN,NY.GDP.PCAP.CD,1969,
IMN,NY.GDP.PCAP.CD,1968,
IMN,NY.GDP.PCAP.CD,1967,
IMN,NY.GDP.PCAP.CD,1966,
IMN,NY.GDP.PCAP.CD,1965,
IMN,NY.GDP.PCAP.CD,1964,
IMN,NY.GDP.PCAP.CD,1963,
IMN,NY.GDP.PCAP.CD,1962,
IMN,NY.GDP.PCAP.CD,1961,
IMN,NY.GDP.PCAP.CD,1960,
ISR,NY.GDP.PCAP.CD,2025,
ISR,NY.GDP.PCAP.CD,2024,54176.6844383302
ISR,NY.GDP.PCAP.CD,2023,52003.7200729997
ISR,NY.GDP.PCAP.CD,2022,54949.621556429
ISR,NY.GDP.PCAP.CD,2021,52270.9040241956
ISR,NY.GDP.PCAP.CD,2020,44575.5719045492
ISR,NY.GDP.PCAP.CD,2019,44250.6313628073
ISR,NY.GDP.PCAP.CD,2018,42362.6652754196
ISR,NY.GDP.PCAP.CD,2017,41138.470964272
ISR,NY.GDP.PCAP.CD,2016,37671.5389138798
ISR,NY.GDP.PCAP.CD,2015,36213.1041481958
ISR,NY.GDP.PCAP.CD,2014,38343.3046626235
ISR,NY.GDP.PCAP.CD,2013,37034.3161080785
ISR,NY.GDP.PCAP.CD,2012,33321.4300881602
ISR,NY.GDP.PCAP.CD,2011,34522.5215979073
ISR,NY.GDP.PCAP.CD,2010,31439.0887027614
ISR,NY.GDP.PCAP.CD,2009,28508.4938886475
ISR,NY.GDP.PCAP.CD,2008,30269.217773489
ISR,NY.GDP.PCAP.CD,2007,25721.2594077311
ISR,NY.GDP.PCAP.CD,2006,22527.2619795719
ISR,NY.GDP.PCAP.CD,2005,21286.8388636595
ISR,NY.GDP.PCAP.CD,2004,20568.0694088834
ISR,NY.GDP.PCAP.CD,2003,19643.4690380742
ISR,NY.GDP.PCAP.CD,2002,19076.4584298321
ISR,NY.GDP.PCAP.CD,2001,20966.3052667971
ISR,NY.GDP.PCAP.CD,2000,21706.5194056329
ISR,NY.GDP.PCAP.CD,1999,19823.2138876277
ISR,NY.GDP.PCAP.CD,1998,20188.8141481667
ISR,NY.GDP.PCAP.CD,1997,20469.4699017497
ISR,NY.GDP.PCAP.CD,1996,20224.2789080629
ISR,NY.GDP.PCAP.CD,1995,19025.6840502517
ISR,NY.GDP.PCAP.CD,1994,16806.8353081322
ISR,NY.GDP.PCAP.CD,1993,15178.8399875391
ISR,NY.GDP.PCAP.CD,1992,15509.9913638817
ISR,NY.GDP.PCAP.CD,1991,14346.0810278646
ISR,NY.GDP.PCAP.CD,1990,13308.311060238
ISR,NY.GDP.PCAP.CD,1989,11607.6758419907
ISR,NY.GDP.PCAP.CD,1988,11852.9826452892
ISR,NY.GDP.PCAP.CD,1987,9853.40893452981
ISR,NY.GDP.PCAP.CD,1986,8335.46286893748
ISR,NY.GDP.PCAP.CD,1985,6828.66439090667
ISR,NY.GDP.PCAP.CD,1984,7368.50379730819
ISR,NY.GDP.PCAP.CD,1983,7959.98915032557
ISR,NY.GDP.PCAP.CD,1982,7257.57514298241
ISR,NY.GDP.PCAP.CD,1981,6795.25020711467
ISR,NY.GDP.PCAP.CD,1980,6548.54473377969
ISR,NY.GDP.PCAP.CD,1979,5971.93371892207
ISR,NY.GDP.PCAP.CD,1978,4797.09672278828
ISR,NY.GDP.PCAP.CD,1977,5053.17295993573
ISR,NY.GDP.PCAP.CD,1976,4516.37405887818
ISR,NY.GDP.PCAP.CD,1975,4672.00213414932
ISR,NY.GDP.PCAP.CD,1974,5085.16646080013
ISR,NY.GDP.PCAP.CD,1973,3631.04766898453
ISR,NY.GDP.PCAP.CD,1972,2929.65614313336
ISR,NY.GDP.PCAP.CD,1971,2297.99413492783
ISR,NY.GDP.PCAP.CD,1970,2490.48852601991
ISR,NY.GDP.PCAP.CD,1969,2189.03467540307
ISR,NY.GDP.PCAP.CD,1968,1947.35209699825
ISR,NY.GDP.PCAP.CD,1967,1734.93143268466
ISR,NY.GDP.PCAP.CD,1966,1789.00726438581
ISR,NY.GDP.PCAP.CD,1965,1689.06922693166
ISR,NY.GDP.PCAP.CD,1964,1625.9979202214
ISR,NY.GDP.PCAP.CD,1963,1486.31739760801
ISR,NY.GDP.PCAP.CD,1962,1293.56913708296
ISR,NY.GDP.PCAP.CD,1961,1697.29357961733
ISR,NY.GDP.PCAP.CD,1960,1452.48664030437
ITA,NY.GDP.PCAP.CD,2025,
ITA,NY.GDP.PCAP.CD,2024,40385.3413957669
ITA,NY.GDP.PCAP.CD,2023,39277.0838783918
ITA,NY.GDP.PCAP.CD,2022,35653.9042103495
ITA,NY.GDP.PCAP.CD,2021,36852.5425414951
ITA,NY.GDP.PCAP.CD,2020,32091.4866621366
ITA,NY.GDP.PCAP.CD,2019,33812.788724868
ITA,NY.GDP.PCAP.CD,2018,34904.1081923834
ITA,NY.GDP.PCAP.CD,2017,32844.115660604
ITA,NY.GDP.PCAP.CD,2016,31391.5692898108
ITA,NY.GDP.PCAP.CD,2015,30639.8829751432
ITA,NY.GDP.PCAP.CD,2014,36028.3494022349
ITA,NY.GDP.PCAP.CD,2013,35701.6746002376
ITA,NY.GDP.PCAP.CD,2012,34854.3949441965
ITA,NY.GDP.PCAP.CD,2011,38432.3742820019
ITA,NY.GDP.PCAP.CD,2010,35856.8625485539
ITA,NY.GDP.PCAP.CD,2009,37099.6133958219
ITA,NY.GDP.PCAP.CD,2008,40828.5795580937
ITA,NY.GDP.PCAP.CD,2007,37826.1754554823
ITA,NY.GDP.PCAP.CD,2006,33537.1286994269
ITA,NY.GDP.PCAP.CD,2005,32062.723833669
ITA,NY.GDP.PCAP.CD,2004,31348.1901841445
ITA,NY.GDP.PCAP.CD,2003,27577.5700319855
ITA,NY.GDP.PCAP.CD,2002,22451.3964379368
ITA,NY.GDP.PCAP.CD,2001,20570.4385917862
ITA,NY.GDP.PCAP.CD,2000,20190.0035636084
ITA,NY.GDP.PCAP.CD,1999,22049.9990620261
ITA,NY.GDP.PCAP.CD,1998,22365.1837644545
ITA,NY.GDP.PCAP.CD,1997,21883.9872666651
ITA,NY.GDP.PCAP.CD,1996,23122.9337219116
ITA,NY.GDP.PCAP.CD,1995,20712.1798690324
ITA,NY.GDP.PCAP.CD,1994,19382.2002150155
ITA,NY.GDP.PCAP.CD,1993,18781.9529427137
ITA,NY.GDP.PCAP.CD,1992,23297.0460325456
ITA,NY.GDP.PCAP.CD,1991,22007.1350964074
ITA,NY.GDP.PCAP.CD,1990,20873.7834092719
ITA,NY.GDP.PCAP.CD,1989,16424.4301587005
ITA,NY.GDP.PCAP.CD,1988,15780.9495122174
ITA,NY.GDP.PCAP.CD,1987,14267.5368168757
ITA,NY.GDP.PCAP.CD,1986,11341.0939892903
ITA,NY.GDP.PCAP.CD,1985,8009.10347642127
ITA,NY.GDP.PCAP.CD,1984,7757.55374836822
ITA,NY.GDP.PCAP.CD,1983,7850.62789042275
ITA,NY.GDP.PCAP.CD,1982,7573.93967597775
ITA,NY.GDP.PCAP.CD,1981,7640.40241250516
ITA,NY.GDP.PCAP.CD,1980,8476.41045000836
ITA,NY.GDP.PCAP.CD,1979,7006.39699054556
ITA,NY.GDP.PCAP.CD,1978,5623.42917622719
ITA,NY.GDP.PCAP.CD,1977,4614.21004931651
ITA,NY.GDP.PCAP.CD,1976,4042.39482463789
ITA,NY.GDP.PCAP.CD,1975,4116.45964933054
ITA,NY.GDP.PCAP.CD,1974,3629.49182319594
ITA,NY.GDP.PCAP.CD,1973,3212.63949627574
ITA,NY.GDP.PCAP.CD,1972,2677.29372999774
ITA,NY.GDP.PCAP.CD,1971,2310.92376058816
ITA,NY.GDP.PCAP.CD,1970,2111.71986404332
ITA,NY.GDP.PCAP.CD,1969,1886.45002730465
ITA,NY.GDP.PCAP.CD,1968,1718.49646427147
ITA,NY.GDP.PCAP.CD,1967,1595.48578129215
ITA,NY.GDP.PCAP.CD,1966,1458.94713889011
ITA,NY.GDP.PCAP.CD,1965,1357.0106162201
ITA,NY.GDP.PCAP.CD,1964,1271.80119301518
ITA,NY.GDP.PCAP.CD,1963,1171.3869628098
ITA,NY.GDP.PCAP.CD,1962,1030.15800343763
ITA,NY.GDP.PCAP.CD,1961,923.08778375214
ITA,NY.GDP.PCAP.CD,1960,836.905850281885
JAM,NY.GDP.PCAP.CD,2025,
JAM,NY.GDP.PCAP.CD,2024,7753.8006955432
JAM,NY.GDP.PCAP.CD,2023,7542.40084275345
JAM,NY.GDP.PCAP.CD,2022,6626.47502388538
JAM,NY.GDP.PCAP.CD,2021,5625.67806271236
JAM,NY.GDP.PCAP.CD,2020,5299.04530804283
JAM,NY.GDP.PCAP.CD,2019,6030.68896415921
JAM,NY.GDP.PCAP.CD,2018,5976.90362644337
JAM,NY.GDP.PCAP.CD,2017,5605.43541173019
JAM,NY.GDP.PCAP.CD,2016,5302.29553353854
JAM,NY.GDP.PCAP.CD,2015,5339.30718256806
JAM,NY.GDP.PCAP.CD,2014,4975.11325459872
JAM,NY.GDP.PCAP.CD,2013,5124.21301411137
JAM,NY.GDP.PCAP.CD,2012,5340.83333232158
JAM,NY.GDP.PCAP.CD,2011,5232.63644918132
JAM,NY.GDP.PCAP.CD,2010,4809.977380312
JAM,NY.GDP.PCAP.CD,2009,4428.38153333557
JAM,NY.GDP.PCAP.CD,2008,5029.80095281745
JAM,NY.GDP.PCAP.CD,2007,4716.48612542727
JAM,NY.GDP.PCAP.CD,2006,4417.00127135363
JAM,NY.GDP.PCAP.CD,2005,4184.43974867497
JAM,NY.GDP.PCAP.CD,2004,3807.56293124552
JAM,NY.GDP.PCAP.CD,2003,3549.70758394618
JAM,NY.GDP.PCAP.CD,2002,3680.64551727724
JAM,NY.GDP.PCAP.CD,2001,3503.55026688858
JAM,NY.GDP.PCAP.CD,2000,3453.09252800226
JAM,NY.GDP.PCAP.CD,1999,3431.56813468335
JAM,NY.GDP.PCAP.CD,1998,3419.49352868739
JAM,NY.GDP.PCAP.CD,1997,3296.91634805083
JAM,NY.GDP.PCAP.CD,1996,2928.89692611996
JAM,NY.GDP.PCAP.CD,1995,2630.84935382822
JAM,NY.GDP.PCAP.CD,1994,2202.85831038471
JAM,NY.GDP.PCAP.CD,1993,2220.51518327186
JAM,NY.GDP.PCAP.CD,1992,1458.10146892635
JAM,NY.GDP.PCAP.CD,1991,1710.30058243722
JAM,NY.GDP.PCAP.CD,1990,1929.59891905857
JAM,NY.GDP.PCAP.CD,1989,1864.98497550062
JAM,NY.GDP.PCAP.CD,1988,1632.01481656159
JAM,NY.GDP.PCAP.CD,1987,1410.84598702428
JAM,NY.GDP.PCAP.CD,1986,1191.34976782142
JAM,NY.GDP.PCAP.CD,1985,916.872292838674
JAM,NY.GDP.PCAP.CD,1984,1048.13405395534
JAM,NY.GDP.PCAP.CD,1983,1619.4784563122
JAM,NY.GDP.PCAP.CD,1982,1494.40208283218
JAM,NY.GDP.PCAP.CD,1981,1370.41277901541
JAM,NY.GDP.PCAP.CD,1980,1248.74484727418
JAM,NY.GDP.PCAP.CD,1979,1144.17562986584
JAM,NY.GDP.PCAP.CD,1978,1262.40327239465
JAM,NY.GDP.PCAP.CD,1977,1569.42127051131
JAM,NY.GDP.PCAP.CD,1976,1449.977882067
JAM,NY.GDP.PCAP.CD,1975,1416.77546764568
JAM,NY.GDP.PCAP.CD,1974,1192.98569350958
JAM,NY.GDP.PCAP.CD,1973,971.802513228502
JAM,NY.GDP.PCAP.CD,1972,970.802906405502
JAM,NY.GDP.PCAP.CD,1971,808.866506083755
JAM,NY.GDP.PCAP.CD,1970,747.909399172491
JAM,NY.GDP.PCAP.CD,1969,642.133421058915
JAM,NY.GDP.PCAP.CD,1968,591.045817173244
JAM,NY.GDP.PCAP.CD,1967,633.259680574944
JAM,NY.GDP.PCAP.CD,1966,612.210363692586
JAM,NY.GDP.PCAP.CD,1965,549.493560414107
JAM,NY.GDP.PCAP.CD,1964,514.416511313452
JAM,NY.GDP.PCAP.CD,1963,480.336499711715
JAM,NY.GDP.PCAP.CD,1962,458.313997796567
JAM,NY.GDP.PCAP.CD,1961,447.057273660594
JAM,NY.GDP.PCAP.CD,1960,423.674098184095
JPN,NY.GDP.PCAP.CD,2025,
JPN,NY.GDP.PCAP.CD,2024,32487.0778047567
JPN,NY.GDP.PCAP.CD,2023,33836.1756271617
JPN,NY.GDP.PCAP.CD,2022,34065.6438962526
JPN,NY.GDP.PCAP.CD,2021,40094.5599795288
JPN,NY.GDP.PCAP.CD,2020,40028.7341726762
JPN,NY.GDP.PCAP.CD,2019,40415.9567649547
JPN,NY.GDP.PCAP.CD,2018,39751.1330982711
JPN,NY.GDP.PCAP.CD,2017,38834.0529341227
JPN,NY.GDP.PCAP.CD,2016,39375.4731620781
JPN,NY.GDP.PCAP.CD,2015,34960.6393843385
JPN,NY.GDP.PCAP.CD,2014,38475.3952461838
JPN,NY.GDP.PCAP.CD,2013,40898.6478964744
JPN,NY.GDP.PCAP.CD,2012,49145.2804308193
JPN,NY.GDP.PCAP.CD,2011,48760.0789494211
JPN,NY.GDP.PCAP.CD,2010,44968.1562349739
JPN,NY.GDP.PCAP.CD,2009,41308.9968370512
JPN,NY.GDP.PCAP.CD,2008,39876.3039685725
JPN,NY.GDP.PCAP.CD,2007,35779.0245416427
JPN,NY.GDP.PCAP.CD,2006,35991.546002862
JPN,NY.GDP.PCAP.CD,2005,37812.8950199948
JPN,NY.GDP.PCAP.CD,2004,38298.9801712303
JPN,NY.GDP.PCAP.CD,2003,35387.0374203599
JPN,NY.GDP.PCAP.CD,2002,32820.7936433254
JPN,NY.GDP.PCAP.CD,2001,34406.1824638092
JPN,NY.GDP.PCAP.CD,2000,39169.3595701504
JPN,NY.GDP.PCAP.CD,1999,36610.1683163197
JPN,NY.GDP.PCAP.CD,1998,32423.7556133801
JPN,NY.GDP.PCAP.CD,1997,35638.2319556941
JPN,NY.GDP.PCAP.CD,1996,39150.0396308089
JPN,NY.GDP.PCAP.CD,1995,44197.6191013908
JPN,NY.GDP.PCAP.CD,1994,39933.5150564874
JPN,NY.GDP.PCAP.CD,1993,36345.2441262708
JPN,NY.GDP.PCAP.CD,1992,31992.7902119161
JPN,NY.GDP.PCAP.CD,1991,29428.4289039469
JPN,NY.GDP.PCAP.CD,1990,25801.3950393094
JPN,NY.GDP.PCAP.CD,1989,25265.9487590208
JPN,NY.GDP.PCAP.CD,1988,25499.8811728107
JPN,NY.GDP.PCAP.CD,1987,21141.7183951789
JPN,NY.GDP.PCAP.CD,1986,17451.8349394142
JPN,NY.GDP.PCAP.CD,1985,11809.4603450715
JPN,NY.GDP.PCAP.CD,1984,11207.4523524293
JPN,NY.GDP.PCAP.CD,1983,10652.0147161768
JPN,NY.GDP.PCAP.CD,1982,9779.97490636267
JPN,NY.GDP.PCAP.CD,1981,10583.1278908402
JPN,NY.GDP.PCAP.CD,1980,9668.74626395709
JPN,NY.GDP.PCAP.CD,1979,9301.14831026293
JPN,NY.GDP.PCAP.CD,1978,9012.13603523182
JPN,NY.GDP.PCAP.CD,1977,6472.7877874079
JPN,NY.GDP.PCAP.CD,1976,5310.43140904992
JPN,NY.GDP.PCAP.CD,1975,4775.89953559305
JPN,NY.GDP.PCAP.CD,1974,4448.31965623627
JPN,NY.GDP.PCAP.CD,1973,4061.0133895326
JPN,NY.GDP.PCAP.CD,1972,3031.43860570759
JPN,NY.GDP.PCAP.CD,1971,2321.39092521418
JPN,NY.GDP.PCAP.CD,1970,2100.74807036009
JPN,NY.GDP.PCAP.CD,1969,1802.98028061972
JPN,NY.GDP.PCAP.CD,1968,1553.27139379996
JPN,NY.GDP.PCAP.CD,1967,1326.36103912253
JPN,NY.GDP.PCAP.CD,1966,1143.60789652395
JPN,NY.GDP.PCAP.CD,1965,993.732722209078
JPN,NY.GDP.PCAP.CD,1964,902.867721515126
JPN,NY.GDP.PCAP.CD,1963,775.592123080162
JPN,NY.GDP.PCAP.CD,1962,684.565509797705
JPN,NY.GDP.PCAP.CD,1961,608.864581144951
JPN,NY.GDP.PCAP.CD,1960,508.702779291773
JOR,NY.GDP.PCAP.CD,2025,
JOR,NY.GDP.PCAP.CD,2024,4618.09592498567
JOR,NY.GDP.PCAP.CD,2023,4466.08314208575
JOR,NY.GDP.PCAP.CD,2022,4332.25159897931
JOR,NY.GDP.PCAP.CD,2021,4183.49998326866
JOR,NY.GDP.PCAP.CD,2020,4022.0401356135
JOR,NY.GDP.PCAP.CD,2019,4170.1144003465
JOR,NY.GDP.PCAP.CD,2018,4145.43989673265
JOR,NY.GDP.PCAP.CD,2017,4065.61628749384
JOR,NY.GDP.PCAP.CD,2016,3986.71677010853
JOR,NY.GDP.PCAP.CD,2015,4042.75678097555
JOR,NY.GDP.PCAP.CD,2014,4191.18050084986
JOR,NY.GDP.PCAP.CD,2013,4311.21916713038
JOR,NY.GDP.PCAP.CD,2012,4169.50470054618
JOR,NY.GDP.PCAP.CD,2011,3946.85503855525
JOR,NY.GDP.PCAP.CD,2010,3718.46571622945
JOR,NY.GDP.PCAP.CD,2009,3435.8337590698
JOR,NY.GDP.PCAP.CD,2008,3241.6524135556
JOR,NY.GDP.PCAP.CD,2007,2506.20599484139
JOR,NY.GDP.PCAP.CD,2006,2342.63459574933
JOR,NY.GDP.PCAP.CD,2005,2087.87079273635
JOR,NY.GDP.PCAP.CD,2004,1940.08641342805
JOR,NY.GDP.PCAP.CD,2003,1775.67625581432
JOR,NY.GDP.PCAP.CD,2002,1706.26744384401
JOR,NY.GDP.PCAP.CD,2001,1632.29454010563
JOR,NY.GDP.PCAP.CD,2000,1570.61002940477
JOR,NY.GDP.PCAP.CD,1999,1544.58750592979
JOR,NY.GDP.PCAP.CD,1998,1532.11380395602
JOR,NY.GDP.PCAP.CD,1997,1435.87593846863
JOR,NY.GDP.PCAP.CD,1996,1410.17424189419
JOR,NY.GDP.PCAP.CD,1995,1415.71151592128
JOR,NY.GDP.PCAP.CD,1994,1367.18721776691
JOR,NY.GDP.PCAP.CD,1993,1289.4145431007
JOR,NY.GDP.PCAP.CD,1992,1286.6347360596
JOR,NY.GDP.PCAP.CD,1991,1109.65564611997
JOR,NY.GDP.PCAP.CD,1990,1148.59005469899
JOR,NY.GDP.PCAP.CD,1989,1260.2518650001
JOR,NY.GDP.PCAP.CD,1988,1965.98031813995
JOR,NY.GDP.PCAP.CD,1987,2216.87045179385
JOR,NY.GDP.PCAP.CD,1986,2200.10278230881
JOR,NY.GDP.PCAP.CD,1985,1797.02877146361
JOR,NY.GDP.PCAP.CD,1984,1871.09074979987
JOR,NY.GDP.PCAP.CD,1983,1939.33654498872
JOR,NY.GDP.PCAP.CD,1982,1928.87589643338
JOR,NY.GDP.PCAP.CD,1981,1885.14842198943
JOR,NY.GDP.PCAP.CD,1980,1750.09801076564
JOR,NY.GDP.PCAP.CD,1979,1518.82451343828
JOR,NY.GDP.PCAP.CD,1978,1248.90326044987
JOR,NY.GDP.PCAP.CD,1977,1038.52230070493
JOR,NY.GDP.PCAP.CD,1976,872.506019353732
JOR,NY.GDP.PCAP.CD,1975,717.7640972871
JOR,NY.GDP.PCAP.CD,1974,651.095948462669
JOR,NY.GDP.PCAP.CD,1973,530.783996638002
JOR,NY.GDP.PCAP.CD,1972,459.874244108895
JOR,NY.GDP.PCAP.CD,1971,412.218818849468
JOR,NY.GDP.PCAP.CD,1970,408.596257509347
JOR,NY.GDP.PCAP.CD,1969,474.427887073594
JOR,NY.GDP.PCAP.CD,1968,408.842352820548
JOR,NY.GDP.PCAP.CD,1967,496.922746235673
JOR,NY.GDP.PCAP.CD,1966,558.402981092455
JOR,NY.GDP.PCAP.CD,1965,545.513861689675
JOR,NY.GDP.PCAP.CD,1964,
JOR,NY.GDP.PCAP.CD,1963,
JOR,NY.GDP.PCAP.CD,1962,
JOR,NY.GDP.PCAP.CD,1961,
JOR,NY.GDP.PCAP.CD,1960,
KAZ,NY.GDP.PCAP.CD,2025,
KAZ,NY.GDP.PCAP.CD,2024,14154.6324958076
KAZ,NY.GDP.PCAP.CD,2023,12879.4275257974
KAZ,NY.GDP.PCAP.CD,2022,11255.3396437881
KAZ,NY.GDP.PCAP.CD,2021,9983.60103576902
KAZ,NY.GDP.PCAP.CD,2020,8781.50797787648
KAZ,NY.GDP.PCAP.CD,2019,9457.12614657136
KAZ,NY.GDP.PCAP.CD,2018,9472.48527327758
KAZ,NY.GDP.PCAP.CD,2017,8943.08416791984
KAZ,NY.GDP.PCAP.CD,2016,7475.56688689424
KAZ,NY.GDP.PCAP.CD,2015,10196.1226255982
KAZ,NY.GDP.PCAP.CD,2014,12427.7094576939
KAZ,NY.GDP.PCAP.CD,2013,13478.459627612
KAZ,NY.GDP.PCAP.CD,2012,12018.7966527993
KAZ,NY.GDP.PCAP.CD,2011,11287.1464926039
KAZ,NY.GDP.PCAP.CD,2010,8793.07589980782
KAZ,NY.GDP.PCAP.CD,2009,6938.01175663001
KAZ,NY.GDP.PCAP.CD,2008,8123.54705891736
KAZ,NY.GDP.PCAP.CD,2007,6449.43931096532
KAZ,NY.GDP.PCAP.CD,2006,5030.13494711519
KAZ,NY.GDP.PCAP.CD,2005,3577.35804001782
KAZ,NY.GDP.PCAP.CD,2004,2722.47407755402
KAZ,NY.GDP.PCAP.CD,2003,1958.02050246511
KAZ,NY.GDP.PCAP.CD,2002,1573.55219932325
KAZ,NY.GDP.PCAP.CD,2001,1422.27331810957
KAZ,NY.GDP.PCAP.CD,2000,1180.0444563226
KAZ,NY.GDP.PCAP.CD,1999,1091.54727722159
KAZ,NY.GDP.PCAP.CD,1998,1414.59289652597
KAZ,NY.GDP.PCAP.CD,1997,1381.63593295187
KAZ,NY.GDP.PCAP.CD,1996,1281.39152895397
KAZ,NY.GDP.PCAP.CD,1995,1217.79138769863
KAZ,NY.GDP.PCAP.CD,1994,1246.83633018218
KAZ,NY.GDP.PCAP.CD,1993,1355.13493859139
KAZ,NY.GDP.PCAP.CD,1992,1437.59848100913
KAZ,NY.GDP.PCAP.CD,1991,1442.42455540825
KAZ,NY.GDP.PCAP.CD,1990,1570.00883112591
KAZ,NY.GDP.PCAP.CD,1989,
KAZ,NY.GDP.PCAP.CD,1988,
KAZ,NY.GDP.PCAP.CD,1987,
KAZ,NY.GDP.PCAP.CD,1986,
KAZ,NY.GDP.PCAP.CD,1985,
KAZ,NY.GDP.PCAP.CD,1984,
KAZ,NY.GDP.PCAP.CD,1983,
KAZ,NY.GDP.PCAP.CD,1982,
KAZ,NY.GDP.PCAP.CD,1981,
KAZ,NY.GDP.PCAP.CD,1980,
KAZ,NY.GDP.PCAP.CD,1979,
KAZ,NY.GDP.PCAP.CD,1978,
KAZ,NY.GDP.PCAP.CD,1977,
KAZ,NY.GDP.PCAP.CD,1976,
KAZ,NY.GDP.PCAP.CD,1975,
KAZ,NY.GDP.PCAP.CD,1974,
KAZ,NY.GDP.PCAP.CD,1973,
KAZ,NY.GDP.PCAP.CD,1972,
KAZ,NY.GDP.PCAP.CD,1971,
KAZ,NY.GDP.PCAP.CD,1970,
KAZ,NY.GDP.PCAP.CD,1969,
KAZ,NY.GDP.PCAP.CD,1968,
KAZ,NY.GDP.PCAP.CD,1967,
KAZ,NY.GDP.PCAP.CD,1966,
KAZ,NY.GDP.PCAP.CD,1965,
KAZ,NY.GDP.PCAP.CD,1964,
KAZ,NY.GDP.PCAP.CD,1963,
KAZ,NY.GDP.PCAP.CD,1962,
KAZ,NY.GDP.PCAP.CD,1961,
KAZ,NY.GDP.PCAP.CD,1960,
KEN,NY.GDP.PCAP.CD,2025,
KEN,NY.GDP.PCAP.CD,2024,2132.43452097647
KEN,NY.GDP.PCAP.CD,2023,1942.58802756191
KEN,NY.GDP.PCAP.CD,2022,2109.56288513137
KEN,NY.GDP.PCAP.CD,2021,2061.35622089594
KEN,NY.GDP.PCAP.CD,2020,1927.66459027849
KEN,NY.GDP.PCAP.CD,2019,1960.40808854893
KEN,NY.GDP.PCAP.CD,2018,1836.45275528993
KEN,NY.GDP.PCAP.CD,2017,1667.48447230835
KEN,NY.GDP.PCAP.CD,2016,1554.12610314423
KEN,NY.GDP.PCAP.CD,2015,1489.11959777284
KEN,NY.GDP.PCAP.CD,2014,1482.81566253497
KEN,NY.GDP.PCAP.CD,2013,1370.87885214659
KEN,NY.GDP.PCAP.CD,2012,1285.00536171512
KEN,NY.GDP.PCAP.CD,2011,1096.14499807675
KEN,NY.GDP.PCAP.CD,2010,1091.51873101194
KEN,NY.GDP.PCAP.CD,2009,1047.9678324485
KEN,NY.GDP.PCAP.CD,2008,915.54435473604
KEN,NY.GDP.PCAP.CD,2007,840.201439476765
KEN,NY.GDP.PCAP.CD,2006,699.80237063381
KEN,NY.GDP.PCAP.CD,2005,523.456312433863
KEN,NY.GDP.PCAP.CD,2004,463.662781300121
KEN,NY.GDP.PCAP.CD,2003,442.898457253405
KEN,NY.GDP.PCAP.CD,2002,402.936385605382
KEN,NY.GDP.PCAP.CD,2001,410.700452474814
KEN,NY.GDP.PCAP.CD,2000,414.626365130846
KEN,NY.GDP.PCAP.CD,1999,433.721235701305
KEN,NY.GDP.PCAP.CD,1998,487.883239905452
KEN,NY.GDP.PCAP.CD,1997,466.723814611399
KEN,NY.GDP.PCAP.CD,1996,440.527078880876
KEN,NY.GDP.PCAP.CD,1995,340.064842175429
KEN,NY.GDP.PCAP.CD,1994,276.447871981244
KEN,NY.GDP.PCAP.CD,1993,228.998032843434
KEN,NY.GDP.PCAP.CD,1992,336.68139978696
KEN,NY.GDP.PCAP.CD,1991,344.722642127742
KEN,NY.GDP.PCAP.CD,1990,374.458992895562
KEN,NY.GDP.PCAP.CD,1989,374.489193682103
KEN,NY.GDP.PCAP.CD,1988,391.238771204282
KEN,NY.GDP.PCAP.CD,1987,386.630929992512
KEN,NY.GDP.PCAP.CD,1986,363.745117772717
KEN,NY.GDP.PCAP.CD,1985,319.503611010714
KEN,NY.GDP.PCAP.CD,1984,334.40283575753
KEN,NY.GDP.PCAP.CD,1983,335.037151735189
KEN,NY.GDP.PCAP.CD,1982,373.794835688888
KEN,NY.GDP.PCAP.CD,1981,412.883704225392
KEN,NY.GDP.PCAP.CD,1980,453.558973444809
KEN,NY.GDP.PCAP.CD,1979,403.242079834358
KEN,NY.GDP.PCAP.CD,1978,355.141982232607
KEN,NY.GDP.PCAP.CD,1977,311.48625291648
KEN,NY.GDP.PCAP.CD,1976,248.935108198575
KEN,NY.GDP.PCAP.CD,1975,241.224426147057
KEN,NY.GDP.PCAP.CD,1974,227.233442066411
KEN,NY.GDP.PCAP.CD,1973,198.578083872556
KEN,NY.GDP.PCAP.CD,1972,172.642044778441
KEN,NY.GDP.PCAP.CD,1971,150.852979093178
KEN,NY.GDP.PCAP.CD,1970,141.039390962597
KEN,NY.GDP.PCAP.CD,1969,133.310793093247
KEN,NY.GDP.PCAP.CD,1968,128.654646882243
KEN,NY.GDP.PCAP.CD,1967,121.90214207834
KEN,NY.GDP.PCAP.CD,1966,119.833476389359
KEN,NY.GDP.PCAP.CD,1965,106.865601340262
KEN,NY.GDP.PCAP.CD,1964,111.300544823892
KEN,NY.GDP.PCAP.CD,1963,107.393655978243
KEN,NY.GDP.PCAP.CD,1962,104.600455936259
KEN,NY.GDP.PCAP.CD,1961,99.2716957068382
KEN,NY.GDP.PCAP.CD,1960,102.824417465582
KIR,NY.GDP.PCAP.CD,2025,
KIR,NY.GDP.PCAP.CD,2024,2288.63471423684
KIR,NY.GDP.PCAP.CD,2023,2177.70125812262
KIR,NY.GDP.PCAP.CD,2022,2069.7671726925
KIR,NY.GDP.PCAP.CD,2021,2222.04819501897
KIR,NY.GDP.PCAP.CD,2020,1751.78249168214
KIR,NY.GDP.PCAP.CD,2019,1750.9977188915
KIR,NY.GDP.PCAP.CD,2018,1912.73809378187
KIR,NY.GDP.PCAP.CD,2017,1853.05122713319
KIR,NY.GDP.PCAP.CD,2016,1742.66799324117
KIR,NY.GDP.PCAP.CD,2015,1639.85274740652
KIR,NY.GDP.PCAP.CD,2014,1736.70535682101
KIR,NY.GDP.PCAP.CD,2013,1772.08718317132
KIR,NY.GDP.PCAP.CD,2012,1843.55336349889
KIR,NY.GDP.PCAP.CD,2011,1771.12926848792
KIR,NY.GDP.PCAP.CD,2010,1522.10068744154
KIR,NY.GDP.PCAP.CD,2009,1316.62753853678
KIR,NY.GDP.PCAP.CD,2008,1410.62246914058
KIR,NY.GDP.PCAP.CD,2007,1352.57814048911
KIR,NY.GDP.PCAP.CD,2006,1123.19258990684
KIR,NY.GDP.PCAP.CD,2005,1161.78341739977
KIR,NY.GDP.PCAP.CD,2004,1083.2688987175
KIR,NY.GDP.PCAP.CD,2003,1020.50033851394
KIR,NY.GDP.PCAP.CD,2002,810.10870037444
KIR,NY.GDP.PCAP.CD,2001,718.833787096781
KIR,NY.GDP.PCAP.CD,2000,845.367240231973
KIR,NY.GDP.PCAP.CD,1999,887.496019475758
KIR,NY.GDP.PCAP.CD,1998,874.484349123221
KIR,NY.GDP.PCAP.CD,1997,953.162998384941
KIR,NY.GDP.PCAP.CD,1996,985.885941426854
KIR,NY.GDP.PCAP.CD,1995,844.429605862723
KIR,NY.GDP.PCAP.CD,1994,837.971706204
KIR,NY.GDP.PCAP.CD,1993,747.75302075115
KIR,NY.GDP.PCAP.CD,1992,791.99610105394
KIR,NY.GDP.PCAP.CD,1991,540.125861123481
KIR,NY.GDP.PCAP.CD,1990,488.067527876014
KIR,NY.GDP.PCAP.CD,1989,514.652948165033
KIR,NY.GDP.PCAP.CD,1988,535.915134580045
KIR,NY.GDP.PCAP.CD,1987,423.822473332128
KIR,NY.GDP.PCAP.CD,1986,381.918758641144
KIR,NY.GDP.PCAP.CD,1985,392.905065394709
KIR,NY.GDP.PCAP.CD,1984,527.291455228898
KIR,NY.GDP.PCAP.CD,1983,483.107821082637
KIR,NY.GDP.PCAP.CD,1982,518.62249584629
KIR,NY.GDP.PCAP.CD,1981,567.722497103141
KIR,NY.GDP.PCAP.CD,1980,542.253599617514
KIR,NY.GDP.PCAP.CD,1979,572.794606018137
KIR,NY.GDP.PCAP.CD,1978,610.783852582543
KIR,NY.GDP.PCAP.CD,1977,519.943894734849
KIR,NY.GDP.PCAP.CD,1976,548.075641711172
KIR,NY.GDP.PCAP.CD,1975,730.441792552945
KIR,NY.GDP.PCAP.CD,1974,1131.29075149996
KIR,NY.GDP.PCAP.CD,1973,421.626997094822
KIR,NY.GDP.PCAP.CD,1972,256.187000109277
KIR,NY.GDP.PCAP.CD,1971,210.668594146279
KIR,NY.GDP.PCAP.CD,1970,201.023774667798
KIR,NY.GDP.PCAP.CD,1969,
KIR,NY.GDP.PCAP.CD,1968,
KIR,NY.GDP.PCAP.CD,1967,
KIR,NY.GDP.PCAP.CD,1966,
KIR,NY.GDP.PCAP.CD,1965,
KIR,NY.GDP.PCAP.CD,1964,
KIR,NY.GDP.PCAP.CD,1963,
KIR,NY.GDP.PCAP.CD,1962,
KIR,NY.GDP.PCAP.CD,1961,
KIR,NY.GDP.PCAP.CD,1960,
PRK,NY.GDP.PCAP.CD,2025,
PRK,NY.GDP.PCAP.CD,2024,
PRK,NY.GDP.PCAP.CD,2023,
PRK,NY.GDP.PCAP.CD,2022,
PRK,NY.GDP.PCAP.CD,2021,
PRK,NY.GDP.PCAP.CD,2020,
PRK,NY.GDP.PCAP.CD,2019,
PRK,NY.GDP.PCAP.CD,2018,
PRK,NY.GDP.PCAP.CD,2017,
PRK,NY.GDP.PCAP.CD,2016,
PRK,NY.GDP.PCAP.CD,2015,
PRK,NY.GDP.PCAP.CD,2014,
PRK,NY.GDP.PCAP.CD,2013,
PRK,NY.GDP.PCAP.CD,2012,
PRK,NY.GDP.PCAP.CD,2011,
PRK,NY.GDP.PCAP.CD,2010,
PRK,NY.GDP.PCAP.CD,2009,
PRK,NY.GDP.PCAP.CD,2008,
PRK,NY.GDP.PCAP.CD,2007,
PRK,NY.GDP.PCAP.CD,2006,
PRK,NY.GDP.PCAP.CD,2005,
PRK,NY.GDP.PCAP.CD,2004,
PRK,NY.GDP.PCAP.CD,2003,
PRK,NY.GDP.PCAP.CD,2002,
PRK,NY.GDP.PCAP.CD,2001,
PRK,NY.GDP.PCAP.CD,2000,
PRK,NY.GDP.PCAP.CD,1999,
PRK,NY.GDP.PCAP.CD,1998,
PRK,NY.GDP.PCAP.CD,1997,
PRK,NY.GDP.PCAP.CD,1996,
PRK,NY.GDP.PCAP.CD,1995,
PRK,NY.GDP.PCAP.CD,1994,
PRK,NY.GDP.PCAP.CD,1993,
PRK,NY.GDP.PCAP.CD,1992,
PRK,NY.GDP.PCAP.CD,1991,
PRK,NY.GDP.PCAP.CD,1990,
PRK,NY.GDP.PCAP.CD,1989,
PRK,NY.GDP.PCAP.CD,1988,
PRK,NY.GDP.PCAP.CD,1987,
PRK,NY.GDP.PCAP.CD,1986,
PRK,NY.GDP.PCAP.CD,1985,
PRK,NY.GDP.PCAP.CD,1984,
PRK,NY.GDP.PCAP.CD,1983,
PRK,NY.GDP.PCAP.CD,1982,
PRK,NY.GDP.PCAP.CD,1981,
PRK,NY.GDP.PCAP.CD,1980,
PRK,NY.GDP.PCAP.CD,1979,
PRK,NY.GDP.PCAP.CD,1978,
PRK,NY.GDP.PCAP.CD,1977,
PRK,NY.GDP.PCAP.CD,1976,
PRK,NY.GDP.PCAP.CD,1975,
PRK,NY.GDP.PCAP.CD,1974,
PRK,NY.GDP.PCAP.CD,1973,
PRK,NY.GDP.PCAP.CD,1972,
PRK,NY.GDP.PCAP.CD,1971,
PRK,NY.GDP.PCAP.CD,1970,
PRK,NY.GDP.PCAP.CD,1969,
PRK,NY.GDP.PCAP.CD,1968,
PRK,NY.GDP.PCAP.CD,1967,
PRK,NY.GDP.PCAP.CD,1966,
PRK,NY.GDP.PCAP.CD,1965,
PRK,NY.GDP.PCAP.CD,1964,
PRK,NY.GDP.PCAP.CD,1963,
PRK,NY.GDP.PCAP.CD,1962,
PRK,NY.GDP.PCAP.CD,1961,
PRK,NY.GDP.PCAP.CD,1960,
KOR,NY.GDP.PCAP.CD,2025,
KOR,NY.GDP.PCAP.CD,2024,36238.639908315
KOR,NY.GDP.PCAP.CD,2023,35674.095995632
KOR,NY.GDP.PCAP.CD,2022,34822.4048404971
KOR,NY.GDP.PCAP.CD,2021,37518.4635305697
KOR,NY.GDP.PCAP.CD,2020,33645.7719545073
KOR,NY.GDP.PCAP.CD,2019,33826.9443301597
KOR,NY.GDP.PCAP.CD,2018,35363.9508228687
KOR,NY.GDP.PCAP.CD,2017,33296.9845439195
KOR,NY.GDP.PCAP.CD,2016,30832.0628072516
KOR,NY.GDP.PCAP.CD,2015,30171.7906545222
KOR,NY.GDP.PCAP.CD,2014,30667.0912467447
KOR,NY.GDP.PCAP.CD,2013,28449.3591104972
KOR,NY.GDP.PCAP.CD,2012,26600.5477433903
KOR,NY.GDP.PCAP.CD,2011,26175.2398553363
KOR,NY.GDP.PCAP.CD,2010,24071.2620526362
KOR,NY.GDP.PCAP.CD,2009,19937.3029137734
KOR,NY.GDP.PCAP.CD,2008,22252.3125108061
KOR,NY.GDP.PCAP.CD,2007,25078.4853957105
KOR,NY.GDP.PCAP.CD,2006,22609.7059431449
KOR,NY.GDP.PCAP.CD,2005,20167.0474902506
KOR,NY.GDP.PCAP.CD,2004,17121.6301633201
KOR,NY.GDP.PCAP.CD,2003,15211.5483770422
KOR,NY.GDP.PCAP.CD,2002,13642.9424537101
KOR,NY.GDP.PCAP.CD,2001,11981.4828218758
KOR,NY.GDP.PCAP.CD,2000,12710.2995795579
KOR,NY.GDP.PCAP.CD,1999,11062.5019301357
KOR,NY.GDP.PCAP.CD,1998,8583.43557499234
KOR,NY.GDP.PCAP.CD,1997,12821.6893313675
KOR,NY.GDP.PCAP.CD,1996,13864.9376534518
KOR,NY.GDP.PCAP.CD,1995,13001.7205867019
KOR,NY.GDP.PCAP.CD,1994,10733.9888860657
KOR,NY.GDP.PCAP.CD,1993,9179.96872485152
KOR,NY.GDP.PCAP.CD,1992,8387.16308258471
KOR,NY.GDP.PCAP.CD,1991,7872.65052449111
KOR,NY.GDP.PCAP.CD,1990,6812.9019416767
KOR,NY.GDP.PCAP.CD,1989,5989.2109474999
KOR,NY.GDP.PCAP.CD,1988,4888.68509195605
KOR,NY.GDP.PCAP.CD,1987,3657.71773432329
KOR,NY.GDP.PCAP.CD,1986,2910.82908054352
KOR,NY.GDP.PCAP.CD,1985,2542.88419005153
KOR,NY.GDP.PCAP.CD,1984,2468.68667303898
KOR,NY.GDP.PCAP.CD,1983,2245.56009425258
KOR,NY.GDP.PCAP.CD,1982,2032.25817758667
KOR,NY.GDP.PCAP.CD,1981,1918.41779613494
KOR,NY.GDP.PCAP.CD,1980,1745.57662116658
KOR,NY.GDP.PCAP.CD,1979,1813.9142168105
KOR,NY.GDP.PCAP.CD,1978,1428.88714989064
KOR,NY.GDP.PCAP.CD,1977,1072.85188247153
KOR,NY.GDP.PCAP.CD,1976,847.205737881176
KOR,NY.GDP.PCAP.CD,1975,627.142244323246
KOR,NY.GDP.PCAP.CD,1974,572.488691764846
KOR,NY.GDP.PCAP.CD,1973,412.499262547237
KOR,NY.GDP.PCAP.CD,1972,328.021411521648
KOR,NY.GDP.PCAP.CD,1971,304.271118680953
KOR,NY.GDP.PCAP.CD,1970,281.785631415674
KOR,NY.GDP.PCAP.CD,1969,245.494385222026
KOR,NY.GDP.PCAP.CD,1968,199.982134957643
KOR,NY.GDP.PCAP.CD,1967,162.459907730169
KOR,NY.GDP.PCAP.CD,1966,134.431383763277
KOR,NY.GDP.PCAP.CD,1965,109.429276511316
KOR,NY.GDP.PCAP.CD,1964,124.24136735879
KOR,NY.GDP.PCAP.CD,1963,147.00790480127
KOR,NY.GDP.PCAP.CD,1962,106.623915747203
KOR,NY.GDP.PCAP.CD,1961,94.2045938667769
KOR,NY.GDP.PCAP.CD,1960,158.844150776359
XKX,NY.GDP.PCAP.CD,2025,
XKX,NY.GDP.PCAP.CD,2024,7023.06598512878
XKX,NY.GDP.PCAP.CD,2023,6221.20618847799
XKX,NY.GDP.PCAP.CD,2022,5290.95006509706
XKX,NY.GDP.PCAP.CD,2021,5270.43236861018
XKX,NY.GDP.PCAP.CD,2020,4310.88963754863
XKX,NY.GDP.PCAP.CD,2019,4415.99923011071
XKX,NY.GDP.PCAP.CD,2018,4384.18796444738
XKX,NY.GDP.PCAP.CD,2017,4009.32022050863
XKX,NY.GDP.PCAP.CD,2016,3759.44959067104
XKX,NY.GDP.PCAP.CD,2015,3520.62850699375
XKX,NY.GDP.PCAP.CD,2014,3902.49424360946
XKX,NY.GDP.PCAP.CD,2013,3704.55872781672
XKX,NY.GDP.PCAP.CD,2012,3410.65550749316
XKX,NY.GDP.PCAP.CD,2011,3538.94759838576
XKX,NY.GDP.PCAP.CD,2010,2987.54519574464
XKX,NY.GDP.PCAP.CD,2009,2794.86699473069
XKX,NY.GDP.PCAP.CD,2008,2877.39331402724
XKX,NY.GDP.PCAP.CD,2007,
XKX,NY.GDP.PCAP.CD,2006,
XKX,NY.GDP.PCAP.CD,2005,
XKX,NY.GDP.PCAP.CD,2004,
XKX,NY.GDP.PCAP.CD,2003,
XKX,NY.GDP.PCAP.CD,2002,
XKX,NY.GDP.PCAP.CD,2001,
XKX,NY.GDP.PCAP.CD,2000,
XKX,NY.GDP.PCAP.CD,1999,
XKX,NY.GDP.PCAP.CD,1998,
XKX,NY.GDP.PCAP.CD,1997,
XKX,NY.GDP.PCAP.CD,1996,
XKX,NY.GDP.PCAP.CD,1995,
XKX,NY.GDP.PCAP.CD,1994,
XKX,NY.GDP.PCAP.CD,1993,
XKX,NY.GDP.PCAP.CD,1992,
XKX,NY.GDP.PCAP.CD,1991,
XKX,NY.GDP.PCAP.CD,1990,
XKX,NY.GDP.PCAP.CD,1989,
XKX,NY.GDP.PCAP.CD,1988,
XKX,NY.GDP.PCAP.CD,1987,
XKX,NY.GDP.PCAP.CD,1986,
XKX,NY.GDP.PCAP.CD,1985,
XKX,NY.GDP.PCAP.CD,1984,
XKX,NY.GDP.PCAP.CD,1983,
XKX,NY.GDP.PCAP.CD,1982,
XKX,NY.GDP.PCAP.CD,1981,
XKX,NY.GDP.PCAP.CD,1980,
XKX,NY.GDP.PCAP.CD,1979,
XKX,NY.GDP.PCAP.CD,1978,
XKX,NY.GDP.PCAP.CD,1977,
XKX,NY.GDP.PCAP.CD,1976,
XKX,NY.GDP.PCAP.CD,1975,
XKX,NY.GDP.PCAP.CD,1974,
XKX,NY.GDP.PCAP.CD,1973,
XKX,NY.GDP.PCAP.CD,1972,
XKX,NY.GDP.PCAP.CD,1971,
XKX,NY.GDP.PCAP.CD,1970,
XKX,NY.GDP.PCAP.CD,1969,
XKX,NY.GDP.PCAP.CD,1968,
XKX,NY.GDP.PCAP.CD,1967,
XKX,NY.GDP.PCAP.CD,1966,
XKX,NY.GDP.PCAP.CD,1965,
XKX,NY.GDP.PCAP.CD,1964,
XKX,NY.GDP.PCAP.CD,1963,
XKX,NY.GDP.PCAP.CD,1962,
XKX,NY.GDP.PCAP.CD,1961,
XKX,NY.GDP.PCAP.CD,1960,
KWT,NY.GDP.PCAP.CD,2025,
KWT,NY.GDP.PCAP.CD,2024,32717.7186631255
KWT,NY.GDP.PCAP.CD,2023,34075.849012909
KWT,NY.GDP.PCAP.CD,2022,39981.7691035833
KWT,NY.GDP.PCAP.CD,2021,34018.6342592913
KWT,NY.GDP.PCAP.CD,2020,25236.0755848941
KWT,NY.GDP.PCAP.CD,2019,31707.8737443551
KWT,NY.GDP.PCAP.CD,2018,32067.9623756889
KWT,NY.GDP.PCAP.CD,2017,29047.6536135703
KWT,NY.GDP.PCAP.CD,2016,27323.6890735517
KWT,NY.GDP.PCAP.CD,2015,29882.2126495698
KWT,NY.GDP.PCAP.CD,2014,44368.7813457751
KWT,NY.GDP.PCAP.CD,2013,49651.0439275077
KWT,NY.GDP.PCAP.CD,2012,52155.2225833921
KWT,NY.GDP.PCAP.CD,2011,49169.6063813095
KWT,NY.GDP.PCAP.CD,2010,39212.252220155
KWT,NY.GDP.PCAP.CD,2009,37907.1001320042
KWT,NY.GDP.PCAP.CD,2008,55585.1889344442
KWT,NY.GDP.PCAP.CD,2007,45709.4132876371
KWT,NY.GDP.PCAP.CD,2006,42946.6374104066
KWT,NY.GDP.PCAP.CD,2005,36122.6142741227
KWT,NY.GDP.PCAP.CD,2004,27552.2827399787
KWT,NY.GDP.PCAP.CD,2003,22690.655175144
KWT,NY.GDP.PCAP.CD,2002,18512.7523035862
KWT,NY.GDP.PCAP.CD,2001,17374.2318664227
KWT,NY.GDP.PCAP.CD,2000,19296.3471698729
KWT,NY.GDP.PCAP.CD,1999,15853.6264423466
KWT,NY.GDP.PCAP.CD,1998,14066.9509572183
KWT,NY.GDP.PCAP.CD,1997,16977.3895620399
KWT,NY.GDP.PCAP.CD,1996,18201.0958607918
KWT,NY.GDP.PCAP.CD,1995,16168.165602374
KWT,NY.GDP.PCAP.CD,1994,14929.7441110335
KWT,NY.GDP.PCAP.CD,1993,14317.7209419057
KWT,NY.GDP.PCAP.CD,1992,12146.19505586
KWT,NY.GDP.PCAP.CD,1991,8147.10807329839
KWT,NY.GDP.PCAP.CD,1990,10937.5415268808
KWT,NY.GDP.PCAP.CD,1989,10964.6929080372
KWT,NY.GDP.PCAP.CD,1988,9692.34754600725
KWT,NY.GDP.PCAP.CD,1987,10895.6500280404
KWT,NY.GDP.PCAP.CD,1986,9076.70885221848
KWT,NY.GDP.PCAP.CD,1985,11321.663553949
KWT,NY.GDP.PCAP.CD,1984,11918.6168925905
KWT,NY.GDP.PCAP.CD,1983,11965.3390511088
KWT,NY.GDP.PCAP.CD,1982,12978.8949980867
KWT,NY.GDP.PCAP.CD,1981,15825.191918191
KWT,NY.GDP.PCAP.CD,1980,19031.9051902
KWT,NY.GDP.PCAP.CD,1979,17385.8942886966
KWT,NY.GDP.PCAP.CD,1978,11567.0653748784
KWT,NY.GDP.PCAP.CD,1977,11237.7967179507
KWT,NY.GDP.PCAP.CD,1976,11141.1981409668
KWT,NY.GDP.PCAP.CD,1975,10881.7216440289
KWT,NY.GDP.PCAP.CD,1974,12526.6031710726
KWT,NY.GDP.PCAP.CD,1973,5532.43234039128
KWT,NY.GDP.PCAP.CD,1972,4835.69104574325
KWT,NY.GDP.PCAP.CD,1971,4485.60842678202
KWT,NY.GDP.PCAP.CD,1970,3551.58710706336
KWT,NY.GDP.PCAP.CD,1969,3694.96497750415
KWT,NY.GDP.PCAP.CD,1968,3871.94559219275
KWT,NY.GDP.PCAP.CD,1967,3887.34562038245
KWT,NY.GDP.PCAP.CD,1966,4176.11038180964
KWT,NY.GDP.PCAP.CD,1965,4023.99037772478
KWT,NY.GDP.PCAP.CD,1964,4378.78429775998
KWT,NY.GDP.PCAP.CD,1963,4444.5230858112
KWT,NY.GDP.PCAP.CD,1962,4748.39284354226
KWT,NY.GDP.PCAP.CD,1961,
KWT,NY.GDP.PCAP.CD,1960,
KGZ,NY.GDP.PCAP.CD,2025,
KGZ,NY.GDP.PCAP.CD,2024,2420.18542283831
KGZ,NY.GDP.PCAP.CD,2023,2138.22210211478
KGZ,NY.GDP.PCAP.CD,2022,1739.72018344174
KGZ,NY.GDP.PCAP.CD,2021,1349.99730650542
KGZ,NY.GDP.PCAP.CD,2020,1229.51766602907
KGZ,NY.GDP.PCAP.CD,2019,1421.99927504102
KGZ,NY.GDP.PCAP.CD,2018,1283.5203037417
KGZ,NY.GDP.PCAP.CD,2017,1221.39046807082
KGZ,NY.GDP.PCAP.CD,2016,1103.27489428412
KGZ,NY.GDP.PCAP.CD,2015,1105.65193844261
KGZ,NY.GDP.PCAP.CD,2014,1264.52668823891
KGZ,NY.GDP.PCAP.CD,2013,1269.66303464348
KGZ,NY.GDP.PCAP.CD,2012,1168.62244675446
KGZ,NY.GDP.PCAP.CD,2011,1117.40174350185
KGZ,NY.GDP.PCAP.CD,2010,876.954476440354
KGZ,NY.GDP.PCAP.CD,2009,870.198894546917
KGZ,NY.GDP.PCAP.CD,2008,966.388569370494
KGZ,NY.GDP.PCAP.CD,2007,721.771577544361
KGZ,NY.GDP.PCAP.CD,2006,543.113512472219
KGZ,NY.GDP.PCAP.CD,2005,476.548193640077
KGZ,NY.GDP.PCAP.CD,2004,433.233873286
KGZ,NY.GDP.PCAP.CD,2003,380.505828812441
KGZ,NY.GDP.PCAP.CD,2002,321.726775366804
KGZ,NY.GDP.PCAP.CD,2001,308.41129550148
KGZ,NY.GDP.PCAP.CD,2000,279.621738464365
KGZ,NY.GDP.PCAP.CD,1999,258.048055936976
KGZ,NY.GDP.PCAP.CD,1998,345.137046084246
KGZ,NY.GDP.PCAP.CD,1997,376.427930059811
KGZ,NY.GDP.PCAP.CD,1996,394.856879614212
KGZ,NY.GDP.PCAP.CD,1995,364.250365258345
KGZ,NY.GDP.PCAP.CD,1994,372.481759948941
KGZ,NY.GDP.PCAP.CD,1993,448.554190878232
KGZ,NY.GDP.PCAP.CD,1992,512.766741120388
KGZ,NY.GDP.PCAP.CD,1991,569.548584035047
KGZ,NY.GDP.PCAP.CD,1990,605.798144966488
KGZ,NY.GDP.PCAP.CD,1989,
KGZ,NY.GDP.PCAP.CD,1988,
KGZ,NY.GDP.PCAP.CD,1987,
KGZ,NY.GDP.PCAP.CD,1986,
KGZ,NY.GDP.PCAP.CD,1985,
KGZ,NY.GDP.PCAP.CD,1984,
KGZ,NY.GDP.PCAP.CD,1983,
KGZ,NY.GDP.PCAP.CD,1982,
KGZ,NY.GDP.PCAP.CD,1981,
KGZ,NY.GDP.PCAP.CD,1980,
KGZ,NY.GDP.PCAP.CD,1979,
KGZ,NY.GDP.PCAP.CD,1978,
KGZ,NY.GDP.PCAP.CD,1977,
KGZ,NY.GDP.PCAP.CD,1976,
KGZ,NY.GDP.PCAP.CD,1975,
KGZ,NY.GDP.PCAP.CD,1974,
KGZ,NY.GDP.PCAP.CD,1973,
KGZ,NY.GDP.PCAP.CD,1972,
KGZ,NY.GDP.PCAP.CD,1971,
KGZ,NY.GDP.PCAP.CD,1970,
KGZ,NY.GDP.PCAP.CD,1969,
KGZ,NY.GDP.PCAP.CD,1968,
KGZ,NY.GDP.PCAP.CD,1967,
KGZ,NY.GDP.PCAP.CD,1966,
KGZ,NY.GDP.PCAP.CD,1965,
KGZ,NY.GDP.PCAP.CD,1964,
KGZ,NY.GDP.PCAP.CD,1963,
KGZ,NY.GDP.PCAP.CD,1962,
KGZ,NY.GDP.PCAP.CD,1961,
KGZ,NY.GDP.PCAP.CD,1960,
LAO,NY.GDP.PCAP.CD,2025,
LAO,NY.GDP.PCAP.CD,2024,2123.97909415109
LAO,NY.GDP.PCAP.CD,2023,2066.94979776957
LAO,NY.GDP.PCAP.CD,2022,2046.40440255621
LAO,NY.GDP.PCAP.CD,2021,2526.05105018529
LAO,NY.GDP.PCAP.CD,2020,2583.77730696131
LAO,NY.GDP.PCAP.CD,2019,2589.32081035237
LAO,NY.GDP.PCAP.CD,2018,2545.1075420815
LAO,NY.GDP.PCAP.CD,2017,2432.43059478511
LAO,NY.GDP.PCAP.CD,2016,2303.22156035363
LAO,NY.GDP.PCAP.CD,2015,2121.01339097363
LAO,NY.GDP.PCAP.CD,2014,1981.03910900473
LAO,NY.GDP.PCAP.CD,2013,1812.51774424651
LAO,NY.GDP.PCAP.CD,2012,1563.5650771337
LAO,NY.GDP.PCAP.CD,2011,1361.54704394913
LAO,NY.GDP.PCAP.CD,2010,1125.91610151261
LAO,NY.GDP.PCAP.CD,2009,935.03237283283
LAO,NY.GDP.PCAP.CD,2008,885.747376088762
LAO,NY.GDP.PCAP.CD,2007,697.323013673925
LAO,NY.GDP.PCAP.CD,2006,579.391947440719
LAO,NY.GDP.PCAP.CD,2005,466.061506997741
LAO,NY.GDP.PCAP.CD,2004,409.296298284117
LAO,NY.GDP.PCAP.CD,2003,355.097216151461
LAO,NY.GDP.PCAP.CD,2002,313.350817148131
LAO,NY.GDP.PCAP.CD,2001,320.316005439568
LAO,NY.GDP.PCAP.CD,2000,318.749852236965
LAO,NY.GDP.PCAP.CD,1999,272.325307005412
LAO,NY.GDP.PCAP.CD,1998,243.923962451418
LAO,NY.GDP.PCAP.CD,1997,339.09319241187
LAO,NY.GDP.PCAP.CD,1996,371.341879197673
LAO,NY.GDP.PCAP.CD,1995,357.758162193406
LAO,NY.GDP.PCAP.CD,1994,320.968128951646
LAO,NY.GDP.PCAP.CD,1993,283.400573286349
LAO,NY.GDP.PCAP.CD,1992,247.345286150532
LAO,NY.GDP.PCAP.CD,1991,231.806227548139
LAO,NY.GDP.PCAP.CD,1990,200.7349054896
LAO,NY.GDP.PCAP.CD,1989,170.377296803511
LAO,NY.GDP.PCAP.CD,1988,147.070942942331
LAO,NY.GDP.PCAP.CD,1987,274.729585339944
LAO,NY.GDP.PCAP.CD,1986,461.911552367003
LAO,NY.GDP.PCAP.CD,1985,632.801098281291
LAO,NY.GDP.PCAP.CD,1984,483.017781668524
LAO,NY.GDP.PCAP.CD,1983,
LAO,NY.GDP.PCAP.CD,1982,
LAO,NY.GDP.PCAP.CD,1981,
LAO,NY.GDP.PCAP.CD,1980,
LAO,NY.GDP.PCAP.CD,1979,
LAO,NY.GDP.PCAP.CD,1978,
LAO,NY.GDP.PCAP.CD,1977,
LAO,NY.GDP.PCAP.CD,1976,
LAO,NY.GDP.PCAP.CD,1975,
LAO,NY.GDP.PCAP.CD,1974,
LAO,NY.GDP.PCAP.CD,1973,
LAO,NY.GDP.PCAP.CD,1972,
LAO,NY.GDP.PCAP.CD,1971,
LAO,NY.GDP.PCAP.CD,1970,
LAO,NY.GDP.PCAP.CD,1969,
LAO,NY.GDP.PCAP.CD,1968,
LAO,NY.GDP.PCAP.CD,1967,
LAO,NY.GDP.PCAP.CD,1966,
LAO,NY.GDP.PCAP.CD,1965,
LAO,NY.GDP.PCAP.CD,1964,
LAO,NY.GDP.PCAP.CD,1963,
LAO,NY.GDP.PCAP.CD,1962,
LAO,NY.GDP.PCAP.CD,1961,
LAO,NY.GDP.PCAP.CD,1960,
LVA,NY.GDP.PCAP.CD,2025,
LVA,NY.GDP.PCAP.CD,2024,23409.0845154775
LVA,NY.GDP.PCAP.CD,2023,22710.2637544197
LVA,NY.GDP.PCAP.CD,2022,20221.103686109
LVA,NY.GDP.PCAP.CD,2021,20261.8887788916
LVA,NY.GDP.PCAP.CD,2020,17564.2321549354
LVA,NY.GDP.PCAP.CD,2019,17294.9751600969
LVA,NY.GDP.PCAP.CD,2018,17252.1710428626
LVA,NY.GDP.PCAP.CD,2017,15132.4958333982
LVA,NY.GDP.PCAP.CD,2016,13838.5266823272
LVA,NY.GDP.PCAP.CD,2015,13321.9753140616
LVA,NY.GDP.PCAP.CD,2014,15185.814581236
LVA,NY.GDP.PCAP.CD,2013,14484.4715282132
LVA,NY.GDP.PCAP.CD,2012,13329.3499931271
LVA,NY.GDP.PCAP.CD,2011,12902.574053337
LVA,NY.GDP.PCAP.CD,2010,11188.4191700977
LVA,NY.GDP.PCAP.CD,2009,11996.0322729773
LVA,NY.GDP.PCAP.CD,2008,15677.6080864506
LVA,NY.GDP.PCAP.CD,2007,13370.9789452508
LVA,NY.GDP.PCAP.CD,2006,9211.7374468148
LVA,NY.GDP.PCAP.CD,2005,7283.78738127622
LVA,NY.GDP.PCAP.CD,2004,6109.73265186817
LVA,NY.GDP.PCAP.CD,2003,4914.57992829302
LVA,NY.GDP.PCAP.CD,2002,4003.60935783538
LVA,NY.GDP.PCAP.CD,2001,3504.61829462397
LVA,NY.GDP.PCAP.CD,2000,3278.17896440803
LVA,NY.GDP.PCAP.CD,1999,3063.89794599707
LVA,NY.GDP.PCAP.CD,1998,2893.79998716563
LVA,NY.GDP.PCAP.CD,1997,2609.89308697195
LVA,NY.GDP.PCAP.CD,1996,2360.1714816213
LVA,NY.GDP.PCAP.CD,1995,2256.77360387054
LVA,NY.GDP.PCAP.CD,1994,
LVA,NY.GDP.PCAP.CD,1993,
LVA,NY.GDP.PCAP.CD,1992,
LVA,NY.GDP.PCAP.CD,1991,
LVA,NY.GDP.PCAP.CD,1990,
LVA,NY.GDP.PCAP.CD,1989,
LVA,NY.GDP.PCAP.CD,1988,
LVA,NY.GDP.PCAP.CD,1987,
LVA,NY.GDP.PCAP.CD,1986,
LVA,NY.GDP.PCAP.CD,1985,
LVA,NY.GDP.PCAP.CD,1984,
LVA,NY.GDP.PCAP.CD,1983,
LVA,NY.GDP.PCAP.CD,1982,
LVA,NY.GDP.PCAP.CD,1981,
LVA,NY.GDP.PCAP.CD,1980,
LVA,NY.GDP.PCAP.CD,1979,
LVA,NY.GDP.PCAP.CD,1978,
LVA,NY.GDP.PCAP.CD,1977,
LVA,NY.GDP.PCAP.CD,1976,
LVA,NY.GDP.PCAP.CD,1975,
LVA,NY.GDP.PCAP.CD,1974,
LVA,NY.GDP.PCAP.CD,1973,
LVA,NY.GDP.PCAP.CD,1972,
LVA,NY.GDP.PCAP.CD,1971,
LVA,NY.GDP.PCAP.CD,1970,
LVA,NY.GDP.PCAP.CD,1969,
LVA,NY.GDP.PCAP.CD,1968,
LVA,NY.GDP.PCAP.CD,1967,
LVA,NY.GDP.PCAP.CD,1966,
LVA,NY.GDP.PCAP.CD,1965,
LVA,NY.GDP.PCAP.CD,1964,
LVA,NY.GDP.PCAP.CD,1963,
LVA,NY.GDP.PCAP.CD,1962,
LVA,NY.GDP.PCAP.CD,1961,
LVA,NY.GDP.PCAP.CD,1960,
LBN,NY.GDP.PCAP.CD,2025,
LBN,NY.GDP.PCAP.CD,2024,
LBN,NY.GDP.PCAP.CD,2023,3477.72489842684
LBN,NY.GDP.PCAP.CD,2022,3654.35845534878
LBN,NY.GDP.PCAP.CD,2021,4045.37391066234
LBN,NY.GDP.PCAP.CD,2020,5561.19166950397
LBN,NY.GDP.PCAP.CD,2019,8905.88005497437
LBN,NY.GDP.PCAP.CD,2018,9174.53666204759
LBN,NY.GDP.PCAP.CD,2017,8608.21084982387
LBN,NY.GDP.PCAP.CD,2016,8089.012088155
LBN,NY.GDP.PCAP.CD,2015,7714.1099998804
LBN,NY.GDP.PCAP.CD,2014,7577.6413302369
LBN,NY.GDP.PCAP.CD,2013,8162.37929361396
LBN,NY.GDP.PCAP.CD,2012,8406.98405608118
LBN,NY.GDP.PCAP.CD,2011,7834.96257108993
LBN,NY.GDP.PCAP.CD,2010,7625.81051551165
LBN,NY.GDP.PCAP.CD,2009,7090.85493856621
LBN,NY.GDP.PCAP.CD,2008,5912.04532820842
LBN,NY.GDP.PCAP.CD,2007,5125.25809960149
LBN,NY.GDP.PCAP.CD,2006,4635.2514117486
LBN,NY.GDP.PCAP.CD,2005,4602.19804637945
LBN,NY.GDP.PCAP.CD,2004,4600.68371412993
LBN,NY.GDP.PCAP.CD,2003,4437.71588507526
LBN,NY.GDP.PCAP.CD,2002,4290.85283803266
LBN,NY.GDP.PCAP.CD,2001,4009.55929751102
LBN,NY.GDP.PCAP.CD,2000,3986.83513941026
LBN,NY.GDP.PCAP.CD,1999,4086.93872789633
LBN,NY.GDP.PCAP.CD,1998,4124.85527892575
LBN,NY.GDP.PCAP.CD,1997,3834.0590787531
LBN,NY.GDP.PCAP.CD,1996,3393.05090749359
LBN,NY.GDP.PCAP.CD,1995,2958.74263957462
LBN,NY.GDP.PCAP.CD,1994,2467.76942720577
LBN,NY.GDP.PCAP.CD,1993,2078.63864215562
LBN,NY.GDP.PCAP.CD,1992,1559.38100628446
LBN,NY.GDP.PCAP.CD,1991,1278.42125745633
LBN,NY.GDP.PCAP.CD,1990,789.526338484738
LBN,NY.GDP.PCAP.CD,1989,771.001121245521
LBN,NY.GDP.PCAP.CD,1988,959.153901867443
LBN,NY.GDP.PCAP.CD,1987,
LBN,NY.GDP.PCAP.CD,1986,
LBN,NY.GDP.PCAP.CD,1985,
LBN,NY.GDP.PCAP.CD,1984,
LBN,NY.GDP.PCAP.CD,1983,
LBN,NY.GDP.PCAP.CD,1982,
LBN,NY.GDP.PCAP.CD,1981,
LBN,NY.GDP.PCAP.CD,1980,
LBN,NY.GDP.PCAP.CD,1979,
LBN,NY.GDP.PCAP.CD,1978,
LBN,NY.GDP.PCAP.CD,1977,
LBN,NY.GDP.PCAP.CD,1976,
LBN,NY.GDP.PCAP.CD,1975,
LBN,NY.GDP.PCAP.CD,1974,
LBN,NY.GDP.PCAP.CD,1973,
LBN,NY.GDP.PCAP.CD,1972,
LBN,NY.GDP.PCAP.CD,1971,
LBN,NY.GDP.PCAP.CD,1970,
LBN,NY.GDP.PCAP.CD,1969,
LBN,NY.GDP.PCAP.CD,1968,
LBN,NY.GDP.PCAP.CD,1967,
LBN,NY.GDP.PCAP.CD,1966,
LBN,NY.GDP.PCAP.CD,1965,
LBN,NY.GDP.PCAP.CD,1964,
LBN,NY.GDP.PCAP.CD,1963,
LBN,NY.GDP.PCAP.CD,1962,
LBN,NY.GDP.PCAP.CD,1961,
LBN,NY.GDP.PCAP.CD,1960,
LSO,NY.GDP.PCAP.CD,2025,
LSO,NY.GDP.PCAP.CD,2024,971.90771824829
LSO,NY.GDP.PCAP.CD,2023,916.282976983803
LSO,NY.GDP.PCAP.CD,2022,1030.12582947757
LSO,NY.GDP.PCAP.CD,2021,1066.58645143823
LSO,NY.GDP.PCAP.CD,2020,918.582574704447
LSO,NY.GDP.PCAP.CD,2019,1082.05706777516
LSO,NY.GDP.PCAP.CD,2018,1170.65569702819
LSO,NY.GDP.PCAP.CD,2017,1069.36673247542
LSO,NY.GDP.PCAP.CD,2016,992.491840678465
LSO,NY.GDP.PCAP.CD,2015,1121.19851342518
LSO,NY.GDP.PCAP.CD,2014,1173.5377928819
LSO,NY.GDP.PCAP.CD,2013,1151.03735837227
LSO,NY.GDP.PCAP.CD,2012,1217.93071228944
LSO,NY.GDP.PCAP.CD,2011,1280.73390931581
LSO,NY.GDP.PCAP.CD,2010,1119.47557793042
LSO,NY.GDP.PCAP.CD,2009,878.847950537772
LSO,NY.GDP.PCAP.CD,2008,898.482517882593
LSO,NY.GDP.PCAP.CD,2007,861.188420899563
LSO,NY.GDP.PCAP.CD,2006,925.467485502842
LSO,NY.GDP.PCAP.CD,2005,861.381496414995
LSO,NY.GDP.PCAP.CD,2004,766.685820928242
LSO,NY.GDP.PCAP.CD,2003,583.270036200288
LSO,NY.GDP.PCAP.CD,2002,388.92334985135
LSO,NY.GDP.PCAP.CD,2001,412.677473676821
LSO,NY.GDP.PCAP.CD,2000,442.779545779081
LSO,NY.GDP.PCAP.CD,1999,455.650054387377
LSO,NY.GDP.PCAP.CD,1998,464.683745548265
LSO,NY.GDP.PCAP.CD,1997,501.981388900965
LSO,NY.GDP.PCAP.CD,1996,479.671394625707
LSO,NY.GDP.PCAP.CD,1995,513.413448796175
LSO,NY.GDP.PCAP.CD,1994,455.593586203956
LSO,NY.GDP.PCAP.CD,1993,439.365410681482
LSO,NY.GDP.PCAP.CD,1992,443.624297195576
LSO,NY.GDP.PCAP.CD,1991,382.291247739142
LSO,NY.GDP.PCAP.CD,1990,329.563785157203
LSO,NY.GDP.PCAP.CD,1989,279.035252539421
LSO,NY.GDP.PCAP.CD,1988,270.36712009929
LSO,NY.GDP.PCAP.CD,1987,236.451032636079
LSO,NY.GDP.PCAP.CD,1986,191.375758184053
LSO,NY.GDP.PCAP.CD,1985,165.373921882027
LSO,NY.GDP.PCAP.CD,1984,210.998495414288
LSO,NY.GDP.PCAP.CD,1983,252.017748063376
LSO,NY.GDP.PCAP.CD,1982,233.939892397725
LSO,NY.GDP.PCAP.CD,1981,299.839326847018
LSO,NY.GDP.PCAP.CD,1980,306.815565970065
LSO,NY.GDP.PCAP.CD,1979,212.370938385373
LSO,NY.GDP.PCAP.CD,1978,200.845413521682
LSO,NY.GDP.PCAP.CD,1977,149.860460251124
LSO,NY.GDP.PCAP.CD,1976,117.825077692245
LSO,NY.GDP.PCAP.CD,1975,123.231375218727
LSO,NY.GDP.PCAP.CD,1974,128.666618214693
LSO,NY.GDP.PCAP.CD,1973,106.991292251913
LSO,NY.GDP.PCAP.CD,1972,73.9566189783241
LSO,NY.GDP.PCAP.CD,1971,72.4076446248424
LSO,NY.GDP.PCAP.CD,1970,67.4401975761263
LSO,NY.GDP.PCAP.CD,1969,67.0950360280091
LSO,NY.GDP.PCAP.CD,1968,64.809251529746
LSO,NY.GDP.PCAP.CD,1967,64.8393253862871
LSO,NY.GDP.PCAP.CD,1966,64.2951651830872
LSO,NY.GDP.PCAP.CD,1965,64.255497720391
LSO,NY.GDP.PCAP.CD,1964,62.6207647163176
LSO,NY.GDP.PCAP.CD,1963,58.4076957931387
LSO,NY.GDP.PCAP.CD,1962,53.5421254364935
LSO,NY.GDP.PCAP.CD,1961,47.0464636332084
LSO,NY.GDP.PCAP.CD,1960,46.9517802688466
LBR,NY.GDP.PCAP.CD,2025,
LBR,NY.GDP.PCAP.CD,2024,851.497723870206
LBR,NY.GDP.PCAP.CD,2023,799.194470229642
LBR,NY.GDP.PCAP.CD,2022,744.617175237387
LBR,NY.GDP.PCAP.CD,2021,667.96610514319
LBR,NY.GDP.PCAP.CD,2020,616.787867006715
LBR,NY.GDP.PCAP.CD,2019,658.164180770507
LBR,NY.GDP.PCAP.CD,2018,692.203127129794
LBR,NY.GDP.PCAP.CD,2017,699.269095727404
LBR,NY.GDP.PCAP.CD,2016,714.613063145659
LBR,NY.GDP.PCAP.CD,2015,692.590082351257
LBR,NY.GDP.PCAP.CD,2014,706.714490064507
LBR,NY.GDP.PCAP.CD,2013,710.744570927863
LBR,NY.GDP.PCAP.CD,2012,638.368751462083
LBR,NY.GDP.PCAP.CD,2011,568.087865520004
LBR,NY.GDP.PCAP.CD,2010,492.252808033724
LBR,NY.GDP.PCAP.CD,2009,448.386367025545
LBR,NY.GDP.PCAP.CD,2008,451.713856283285
LBR,NY.GDP.PCAP.CD,2007,374.211308104278
LBR,NY.GDP.PCAP.CD,2006,320.55808618515
LBR,NY.GDP.PCAP.CD,2005,287.487333441381
LBR,NY.GDP.PCAP.CD,2004,284.140223992458
LBR,NY.GDP.PCAP.CD,2003,239.779556677091
LBR,NY.GDP.PCAP.CD,2002,299.536445539621
LBR,NY.GDP.PCAP.CD,2001,300.463828598983
LBR,NY.GDP.PCAP.CD,2000,298.485340578945
LBR,NY.GDP.PCAP.CD,1999,156.573166945696
LBR,NY.GDP.PCAP.CD,1998,134.675393352518
LBR,NY.GDP.PCAP.CD,1997,122.627993745516
LBR,NY.GDP.PCAP.CD,1996,71.4065248720036
LBR,NY.GDP.PCAP.CD,1995,62.1438140627579
LBR,NY.GDP.PCAP.CD,1994,61.490431307467
LBR,NY.GDP.PCAP.CD,1993,74.4272028642409
LBR,NY.GDP.PCAP.CD,1992,107.842801384441
LBR,NY.GDP.PCAP.CD,1991,177.867006590279
LBR,NY.GDP.PCAP.CD,1990,172.867610123278
LBR,NY.GDP.PCAP.CD,1989,312.289255390892
LBR,NY.GDP.PCAP.CD,1988,424.325719336919
LBR,NY.GDP.PCAP.CD,1987,409.215940071402
LBR,NY.GDP.PCAP.CD,1986,364.288669189794
LBR,NY.GDP.PCAP.CD,1985,379.951475961811
LBR,NY.GDP.PCAP.CD,1984,390.407957992226
LBR,NY.GDP.PCAP.CD,1983,390.759726697144
LBR,NY.GDP.PCAP.CD,1982,422.446142509338
LBR,NY.GDP.PCAP.CD,1981,426.054939761947
LBR,NY.GDP.PCAP.CD,1980,443.027171656595
LBR,NY.GDP.PCAP.CD,1979,434.69976445937
LBR,NY.GDP.PCAP.CD,1978,394.468078319392
LBR,NY.GDP.PCAP.CD,1977,381.089104930355
LBR,NY.GDP.PCAP.CD,1976,347.498456664298
LBR,NY.GDP.PCAP.CD,1975,345.648935641772
LBR,NY.GDP.PCAP.CD,1974,299.413660673331
LBR,NY.GDP.PCAP.CD,1973,244.361727924182
LBR,NY.GDP.PCAP.CD,1972,238.610979665126
LBR,NY.GDP.PCAP.CD,1971,227.078201448463
LBR,NY.GDP.PCAP.CD,1970,220.293848130057
LBR,NY.GDP.PCAP.CD,1969,214.717911590964
LBR,NY.GDP.PCAP.CD,1968,198.647104834485
LBR,NY.GDP.PCAP.CD,1967,192.150746999304
LBR,NY.GDP.PCAP.CD,1966,184.583689159405
LBR,NY.GDP.PCAP.CD,1965,177.562432424897
LBR,NY.GDP.PCAP.CD,1964,173.926490274043
LBR,NY.GDP.PCAP.CD,1963,163.131266223133
LBR,NY.GDP.PCAP.CD,1962,160.280325035358
LBR,NY.GDP.PCAP.CD,1961,157.504686495101
LBR,NY.GDP.PCAP.CD,1960,167.171498224694
LBY,NY.GDP.PCAP.CD,2025,
LBY,NY.GDP.PCAP.CD,2024,6569.16408678648
LBY,NY.GDP.PCAP.CD,2023,6026.51518708812
LBY,NY.GDP.PCAP.CD,2022,5986.63694851258
LBY,NY.GDP.PCAP.CD,2021,4935.82787349801
LBY,NY.GDP.PCAP.CD,2020,6650.33810585348
LBY,NY.GDP.PCAP.CD,2019,9963.19489084483
LBY,NY.GDP.PCAP.CD,2018,11196.5854810844
LBY,NY.GDP.PCAP.CD,2017,9965.83236729757
LBY,NY.GDP.PCAP.CD,2016,7525.80299308216
LBY,NY.GDP.PCAP.CD,2015,7458.48917756374
LBY,NY.GDP.PCAP.CD,2014,8926.42074591474
LBY,NY.GDP.PCAP.CD,2013,11951.7134126011
LBY,NY.GDP.PCAP.CD,2012,14975.8902795144
LBY,NY.GDP.PCAP.CD,2011,7593.8391525702
LBY,NY.GDP.PCAP.CD,2010,11600.9068649472
LBY,NY.GDP.PCAP.CD,2009,9551.05403869755
LBY,NY.GDP.PCAP.CD,2008,13906.1407818125
LBY,NY.GDP.PCAP.CD,2007,11144.9448413435
LBY,NY.GDP.PCAP.CD,2006,10048.8480434289
LBY,NY.GDP.PCAP.CD,2005,8079.24957329001
LBY,NY.GDP.PCAP.CD,2004,5773.76333234281
LBY,NY.GDP.PCAP.CD,2003,4674.09943200321
LBY,NY.GDP.PCAP.CD,2002,3718.29434696755
LBY,NY.GDP.PCAP.CD,2001,6312.80030498965
LBY,NY.GDP.PCAP.CD,2000,7214.10040377084
LBY,NY.GDP.PCAP.CD,1999,6894.51875534758
LBY,NY.GDP.PCAP.CD,1998,5301.08354775559
LBY,NY.GDP.PCAP.CD,1997,6061.81366033598
LBY,NY.GDP.PCAP.CD,1996,5591.02027544558
LBY,NY.GDP.PCAP.CD,1995,5205.25706378741
LBY,NY.GDP.PCAP.CD,1994,5933.29121354077
LBY,NY.GDP.PCAP.CD,1993,6477.87035840641
LBY,NY.GDP.PCAP.CD,1992,7302.68908679226
LBY,NY.GDP.PCAP.CD,1991,7039.83391970596
LBY,NY.GDP.PCAP.CD,1990,6502.27886565421
LBY,NY.GDP.PCAP.CD,1989,5792.5791631313
LBY,NY.GDP.PCAP.CD,1988,5736.28243992278
LBY,NY.GDP.PCAP.CD,1987,6464.7328401846
LBY,NY.GDP.PCAP.CD,1986,6018.91345215523
LBY,NY.GDP.PCAP.CD,1985,8087.36306792904
LBY,NY.GDP.PCAP.CD,1984,7811.06937340039
LBY,NY.GDP.PCAP.CD,1983,8927.36442785362
LBY,NY.GDP.PCAP.CD,1982,9063.69851267735
LBY,NY.GDP.PCAP.CD,1981,10044.0410042727
LBY,NY.GDP.PCAP.CD,1980,11959.5222690783
LBY,NY.GDP.PCAP.CD,1979,9442.75933267842
LBY,NY.GDP.PCAP.CD,1978,7251.83754156259
LBY,NY.GDP.PCAP.CD,1977,7783.46009141417
LBY,NY.GDP.PCAP.CD,1976,7017.74340734557
LBY,NY.GDP.PCAP.CD,1975,5720.62691135285
LBY,NY.GDP.PCAP.CD,1974,6213.50027490617
LBY,NY.GDP.PCAP.CD,1973,3727.38549878198
LBY,NY.GDP.PCAP.CD,1972,2829.80145194559
LBY,NY.GDP.PCAP.CD,1971,2442.58280826718
LBY,NY.GDP.PCAP.CD,1970,2209.5811758058
LBY,NY.GDP.PCAP.CD,1969,2174.95045716041
LBY,NY.GDP.PCAP.CD,1968,1971.86632548697
LBY,NY.GDP.PCAP.CD,1967,1436.61803256942
LBY,NY.GDP.PCAP.CD,1966,1250.60018821673
LBY,NY.GDP.PCAP.CD,1965,1000.53474079103
LBY,NY.GDP.PCAP.CD,1964,764.898389420845
LBY,NY.GDP.PCAP.CD,1963,527.861939504427
LBY,NY.GDP.PCAP.CD,1962,382.084505727445
LBY,NY.GDP.PCAP.CD,1961,285.341580882777
LBY,NY.GDP.PCAP.CD,1960,269.038073094669
LIE,NY.GDP.PCAP.CD,2025,
LIE,NY.GDP.PCAP.CD,2024,
LIE,NY.GDP.PCAP.CD,2023,206780.590353385
LIE,NY.GDP.PCAP.CD,2022,188055.003235348
LIE,NY.GDP.PCAP.CD,2021,201944.830335076
LIE,NY.GDP.PCAP.CD,2020,164671.093553454
LIE,NY.GDP.PCAP.CD,2019,166907.839305016
LIE,NY.GDP.PCAP.CD,2018,174988.775083446
LIE,NY.GDP.PCAP.CD,2017,170547.092298954
LIE,NY.GDP.PCAP.CD,2016,165375.491396259
LIE,NY.GDP.PCAP.CD,2015,167187.15730982
LIE,NY.GDP.PCAP.CD,2014,178735.153020908
LIE,NY.GDP.PCAP.CD,2013,172823.607794648
LIE,NY.GDP.PCAP.CD,2012,148842.035144342
LIE,NY.GDP.PCAP.CD,2011,158066.369379163
LIE,NY.GDP.PCAP.CD,2010,141089.812849014
LIE,NY.GDP.PCAP.CD,2009,126024.714567466
LIE,NY.GDP.PCAP.CD,2008,143249.227302093
LIE,NY.GDP.PCAP.CD,2007,130492.595349517
LIE,NY.GDP.PCAP.CD,2006,114167.939211301
LIE,NY.GDP.PCAP.CD,2005,105295.057027611
LIE,NY.GDP.PCAP.CD,2004,100280.831356705
LIE,NY.GDP.PCAP.CD,2003,90108.3673647008
LIE,NY.GDP.PCAP.CD,2002,79795.1785891101
LIE,NY.GDP.PCAP.CD,2001,75067.8001680043
LIE,NY.GDP.PCAP.CD,2000,76087.911114202
LIE,NY.GDP.PCAP.CD,1999,82682.284882177
LIE,NY.GDP.PCAP.CD,1998,78302.9905905848
LIE,NY.GDP.PCAP.CD,1997,73590.8620289713
LIE,NY.GDP.PCAP.CD,1996,80688.7182490376
LIE,NY.GDP.PCAP.CD,1995,78909.7043377718
LIE,NY.GDP.PCAP.CD,1994,63935.9902445462
LIE,NY.GDP.PCAP.CD,1993,55604.5479972049
LIE,NY.GDP.PCAP.CD,1992,55057.1110625654
LIE,NY.GDP.PCAP.CD,1991,50811.7464531317
LIE,NY.GDP.PCAP.CD,1990,49457.5609343203
LIE,NY.GDP.PCAP.CD,1989,39551.6404002324
LIE,NY.GDP.PCAP.CD,1988,41568.5441182755
LIE,NY.GDP.PCAP.CD,1987,38206.2269467289
LIE,NY.GDP.PCAP.CD,1986,28612.8865004795
LIE,NY.GDP.PCAP.CD,1985,19684.2626852288
LIE,NY.GDP.PCAP.CD,1984,18898.3678693391
LIE,NY.GDP.PCAP.CD,1983,19814.8538489961
LIE,NY.GDP.PCAP.CD,1982,19885.6126562976
LIE,NY.GDP.PCAP.CD,1981,19929.4102802351
LIE,NY.GDP.PCAP.CD,1980,20958.7395302666
LIE,NY.GDP.PCAP.CD,1979,19674.4126839447
LIE,NY.GDP.PCAP.CD,1978,17456.9309487089
LIE,NY.GDP.PCAP.CD,1977,12416.8693020523
LIE,NY.GDP.PCAP.CD,1976,11326.3488431219
LIE,NY.GDP.PCAP.CD,1975,10332.5128681378
LIE,NY.GDP.PCAP.CD,1974,8271.73531542796
LIE,NY.GDP.PCAP.CD,1973,7282.37355960148
LIE,NY.GDP.PCAP.CD,1972,5645.23266418851
LIE,NY.GDP.PCAP.CD,1971,4856.0090432336
LIE,NY.GDP.PCAP.CD,1970,4262.03220640334
LIE,NY.GDP.PCAP.CD,1969,
LIE,NY.GDP.PCAP.CD,1968,
LIE,NY.GDP.PCAP.CD,1967,
LIE,NY.GDP.PCAP.CD,1966,
LIE,NY.GDP.PCAP.CD,1965,
LIE,NY.GDP.PCAP.CD,1964,
LIE,NY.GDP.PCAP.CD,1963,
LIE,NY.GDP.PCAP.CD,1962,
LIE,NY.GDP.PCAP.CD,1961,
LIE,NY.GDP.PCAP.CD,1960,
LTU,NY.GDP.PCAP.CD,2025,
LTU,NY.GDP.PCAP.CD,2024,29384.0189598663
LTU,NY.GDP.PCAP.CD,2023,27786.0057829276
LTU,NY.GDP.PCAP.CD,2022,25085.784063499
LTU,NY.GDP.PCAP.CD,2021,23870.4594851722
LTU,NY.GDP.PCAP.CD,2020,20428.6478157394
LTU,NY.GDP.PCAP.CD,2019,19608.7943945553
LTU,NY.GDP.PCAP.CD,2018,19247.2315367967
LTU,NY.GDP.PCAP.CD,2017,16800.1510246099
LTU,NY.GDP.PCAP.CD,2016,14934.2702840428
LTU,NY.GDP.PCAP.CD,2015,14269.8039878287
LTU,NY.GDP.PCAP.CD,2014,16446.1647181663
LTU,NY.GDP.PCAP.CD,2013,15636.5252586048
LTU,NY.GDP.PCAP.CD,2012,14288.1853493139
LTU,NY.GDP.PCAP.CD,2011,14261.8433787325
LTU,NY.GDP.PCAP.CD,2010,11829.122609457
LTU,NY.GDP.PCAP.CD,2009,11854.3711053096
LTU,NY.GDP.PCAP.CD,2008,14955.5345462921
LTU,NY.GDP.PCAP.CD,2007,12295.1212779366
LTU,NY.GDP.PCAP.CD,2006,9210.10118229413
LTU,NY.GDP.PCAP.CD,2005,7857.03148786492
LTU,NY.GDP.PCAP.CD,2004,6734.57487061946
LTU,NY.GDP.PCAP.CD,2003,5507.47434187652
LTU,NY.GDP.PCAP.CD,2002,4148.13091485015
LTU,NY.GDP.PCAP.CD,2001,3532.52787363242
LTU,NY.GDP.PCAP.CD,2000,3300.63634928559
LTU,NY.GDP.PCAP.CD,1999,3127.51176667183
LTU,NY.GDP.PCAP.CD,1998,3180.64498555255
LTU,NY.GDP.PCAP.CD,1997,2844.16286797492
LTU,NY.GDP.PCAP.CD,1996,2340.67545970008
LTU,NY.GDP.PCAP.CD,1995,2182.69156931505
LTU,NY.GDP.PCAP.CD,1994,
LTU,NY.GDP.PCAP.CD,1993,
LTU,NY.GDP.PCAP.CD,1992,
LTU,NY.GDP.PCAP.CD,1991,
LTU,NY.GDP.PCAP.CD,1990,
LTU,NY.GDP.PCAP.CD,1989,
LTU,NY.GDP.PCAP.CD,1988,
LTU,NY.GDP.PCAP.CD,1987,
LTU,NY.GDP.PCAP.CD,1986,
LTU,NY.GDP.PCAP.CD,1985,
LTU,NY.GDP.PCAP.CD,1984,
LTU,NY.GDP.PCAP.CD,1983,
LTU,NY.GDP.PCAP.CD,1982,
LTU,NY.GDP.PCAP.CD,1981,
LTU,NY.GDP.PCAP.CD,1980,
LTU,NY.GDP.PCAP.CD,1979,
LTU,NY.GDP.PCAP.CD,1978,
LTU,NY.GDP.PCAP.CD,1977,
LTU,NY.GDP.PCAP.CD,1976,
LTU,NY.GDP.PCAP.CD,1975,
LTU,NY.GDP.PCAP.CD,1974,
LTU,NY.GDP.PCAP.CD,1973,
LTU,NY.GDP.PCAP.CD,1972,
LTU,NY.GDP.PCAP.CD,1971,
LTU,NY.GDP.PCAP.CD,1970,
LTU,NY.GDP.PCAP.CD,1969,
LTU,NY.GDP.PCAP.CD,1968,
LTU,NY.GDP.PCAP.CD,1967,
LTU,NY.GDP.PCAP.CD,1966,
LTU,NY.GDP.PCAP.CD,1965,
LTU,NY.GDP.PCAP.CD,1964,
LTU,NY.GDP.PCAP.CD,1963,
LTU,NY.GDP.PCAP.CD,1962,
LTU,NY.GDP.PCAP.CD,1961,
LTU,NY.GDP.PCAP.CD,1960,
LUX,NY.GDP.PCAP.CD,2025,
LUX,NY.GDP.PCAP.CD,2024,137781.681659123
LUX,NY.GDP.PCAP.CD,2023,133230.619178899
LUX,NY.GDP.PCAP.CD,2022,123719.658915996
LUX,NY.GDP.PCAP.CD,2021,134965.815442152
LUX,NY.GDP.PCAP.CD,2020,116860.02817236
LUX,NY.GDP.PCAP.CD,2019,112696.649059674
LUX,NY.GDP.PCAP.CD,2018,116926.759593905
LUX,NY.GDP.PCAP.CD,2017,110193.213797228
LUX,NY.GDP.PCAP.CD,2016,106899.293549552
LUX,NY.GDP.PCAP.CD,2015,105462.012584423
LUX,NY.GDP.PCAP.CD,2014,123678.702143275
LUX,NY.GDP.PCAP.CD,2013,120000.140729859
LUX,NY.GDP.PCAP.CD,2012,112584.676270958
LUX,NY.GDP.PCAP.CD,2011,119025.057203467
LUX,NY.GDP.PCAP.CD,2010,110885.991378721
LUX,NY.GDP.PCAP.CD,2009,109419.746953106
LUX,NY.GDP.PCAP.CD,2008,120422.137934157
LUX,NY.GDP.PCAP.CD,2007,107475.320297978
LUX,NY.GDP.PCAP.CD,2006,90788.8004876145
LUX,NY.GDP.PCAP.CD,2005,80988.1376230858
LUX,NY.GDP.PCAP.CD,2004,76544.9170868473
LUX,NY.GDP.PCAP.CD,2003,65689.3214536911
LUX,NY.GDP.PCAP.CD,2002,53005.7339209179
LUX,NY.GDP.PCAP.CD,2001,48440.1420151355
LUX,NY.GDP.PCAP.CD,2000,48659.5988753233
LUX,NY.GDP.PCAP.CD,1999,50872.4492684624
LUX,NY.GDP.PCAP.CD,1998,47445.3810812051
LUX,NY.GDP.PCAP.CD,1997,46641.6408754876
LUX,NY.GDP.PCAP.CD,1996,50444.3591236175
LUX,NY.GDP.PCAP.CD,1995,51032.349635318
LUX,NY.GDP.PCAP.CD,1994,43933.235442736
LUX,NY.GDP.PCAP.CD,1993,40066.7242518773
LUX,NY.GDP.PCAP.CD,1992,39570.8615665986
LUX,NY.GDP.PCAP.CD,1991,35747.3377992066
LUX,NY.GDP.PCAP.CD,1990,33465.478207919
LUX,NY.GDP.PCAP.CD,1989,26618.0695774968
LUX,NY.GDP.PCAP.CD,1988,25219.3542781732
LUX,NY.GDP.PCAP.CD,1987,22443.4314633012
LUX,NY.GDP.PCAP.CD,1986,18149.8692500239
LUX,NY.GDP.PCAP.CD,1985,12481.9658448559
LUX,NY.GDP.PCAP.CD,1984,12126.9391987909
LUX,NY.GDP.PCAP.CD,1983,12374.0304234408
LUX,NY.GDP.PCAP.CD,1982,12590.9767956204
LUX,NY.GDP.PCAP.CD,1981,13837.1299814617
LUX,NY.GDP.PCAP.CD,1980,16531.1148988397
LUX,NY.GDP.PCAP.CD,1979,15204.3308191994
LUX,NY.GDP.PCAP.CD,1978,13034.3882079614
LUX,NY.GDP.PCAP.CD,1977,10486.3357891095
LUX,NY.GDP.PCAP.CD,1976,9490.6903118849
LUX,NY.GDP.PCAP.CD,1975,8701.30473139249
LUX,NY.GDP.PCAP.CD,1974,8966.72895879047
LUX,NY.GDP.PCAP.CD,1973,7447.21301786664
LUX,NY.GDP.PCAP.CD,1972,5486.72062789089
LUX,NY.GDP.PCAP.CD,1971,4435.39800823681
LUX,NY.GDP.PCAP.CD,1970,4298.03389742102
LUX,NY.GDP.PCAP.CD,1969,3690.17182620062
LUX,NY.GDP.PCAP.CD,1968,3202.50594852825
LUX,NY.GDP.PCAP.CD,1967,2934.52832111007
LUX,NY.GDP.PCAP.CD,1966,2925.22204723477
LUX,NY.GDP.PCAP.CD,1965,2803.85304611765
LUX,NY.GDP.PCAP.CD,1964,2779.18439746326
LUX,NY.GDP.PCAP.CD,1963,2461.90112384487
LUX,NY.GDP.PCAP.CD,1962,2331.55685801925
LUX,NY.GDP.PCAP.CD,1961,2241.36003221423
LUX,NY.GDP.PCAP.CD,1960,2261.17741836594
MAC,NY.GDP.PCAP.CD,2025,
MAC,NY.GDP.PCAP.CD,2024,72004.7437020733
MAC,NY.GDP.PCAP.CD,2023,67216.3631112124
MAC,NY.GDP.PCAP.CD,2022,36806.891255461
MAC,NY.GDP.PCAP.CD,2021,44884.8961602393
MAC,NY.GDP.PCAP.CD,2020,36883.6652578543
MAC,NY.GDP.PCAP.CD,2019,81882.6964523869
MAC,NY.GDP.PCAP.CD,2018,83588.2875009014
MAC,NY.GDP.PCAP.CD,2017,77570.9876166977
MAC,NY.GDP.PCAP.CD,2016,68911.6755919628
MAC,NY.GDP.PCAP.CD,2015,69902.9605741233
MAC,NY.GDP.PCAP.CD,2014,88355.3181764446
MAC,NY.GDP.PCAP.CD,2013,87107.8313063626
MAC,NY.GDP.PCAP.CD,2012,76058.0224963659
MAC,NY.GDP.PCAP.CD,2011,67046.7284292101
MAC,NY.GDP.PCAP.CD,2010,52596.2250160214
MAC,NY.GDP.PCAP.CD,2009,40354.2810293673
MAC,NY.GDP.PCAP.CD,2008,38888.5118044503
MAC,NY.GDP.PCAP.CD,2007,35400.2334659409
MAC,NY.GDP.PCAP.CD,2006,29813.7877167933
MAC,NY.GDP.PCAP.CD,2005,25681.2167315221
MAC,NY.GDP.PCAP.CD,2004,23407.1993692194
MAC,NY.GDP.PCAP.CD,2003,18589.8998330534
MAC,NY.GDP.PCAP.CD,2002,16814.9926424134
MAC,NY.GDP.PCAP.CD,2001,15810.7227666562
MAC,NY.GDP.PCAP.CD,2000,15731.4081633771
MAC,NY.GDP.PCAP.CD,1999,15318.6006770368
MAC,NY.GDP.PCAP.CD,1998,16094.9913844594
MAC,NY.GDP.PCAP.CD,1997,17415.6982810978
MAC,NY.GDP.PCAP.CD,1996,17289.5517956917
MAC,NY.GDP.PCAP.CD,1995,17215.1178522275
MAC,NY.GDP.PCAP.CD,1994,15905.2615421482
MAC,NY.GDP.PCAP.CD,1993,14754.1825906333
MAC,NY.GDP.PCAP.CD,1992,13249.8387410349
MAC,NY.GDP.PCAP.CD,1991,10707.3786750774
MAC,NY.GDP.PCAP.CD,1990,9692.43538809962
MAC,NY.GDP.PCAP.CD,1989,8322.56380195863
MAC,NY.GDP.PCAP.CD,1988,7242.91715984991
MAC,NY.GDP.PCAP.CD,1987,6380.07114016362
MAC,NY.GDP.PCAP.CD,1986,5175.15646068506
MAC,NY.GDP.PCAP.CD,1985,4701.66434223387
MAC,NY.GDP.PCAP.CD,1984,4611.49497355573
MAC,NY.GDP.PCAP.CD,1983,4207.25300817099
MAC,NY.GDP.PCAP.CD,1982,4486.541208636
MAC,NY.GDP.PCAP.CD,1981,
MAC,NY.GDP.PCAP.CD,1980,
MAC,NY.GDP.PCAP.CD,1979,
MAC,NY.GDP.PCAP.CD,1978,
MAC,NY.GDP.PCAP.CD,1977,
MAC,NY.GDP.PCAP.CD,1976,
MAC,NY.GDP.PCAP.CD,1975,
MAC,NY.GDP.PCAP.CD,1974,
MAC,NY.GDP.PCAP.CD,1973,
MAC,NY.GDP.PCAP.CD,1972,
MAC,NY.GDP.PCAP.CD,1971,
MAC,NY.GDP.PCAP.CD,1970,
MAC,NY.GDP.PCAP.CD,1969,
MAC,NY.GDP.PCAP.CD,1968,
MAC,NY.GDP.PCAP.CD,1967,
MAC,NY.GDP.PCAP.CD,1966,
MAC,NY.GDP.PCAP.CD,1965,
MAC,NY.GDP.PCAP.CD,1964,
MAC,NY.GDP.PCAP.CD,1963,
MAC,NY.GDP.PCAP.CD,1962,
MAC,NY.GDP.PCAP.CD,1961,
MAC,NY.GDP.PCAP.CD,1960,
MDG,NY.GDP.PCAP.CD,2025,
MDG,NY.GDP.PCAP.CD,2024,544.987501003384
MDG,NY.GDP.PCAP.CD,2023,508.718427705591
MDG,NY.GDP.PCAP.CD,2022,503.51453347296
MDG,NY.GDP.PCAP.CD,2021,483.469463351195
MDG,NY.GDP.PCAP.CD,2020,450.771615201509
MDG,NY.GDP.PCAP.CD,2019,499.818837622534
MDG,NY.GDP.PCAP.CD,2018,500.45718552916
MDG,NY.GDP.PCAP.CD,2017,491.866848718929
MDG,NY.GDP.PCAP.CD,2016,453.970714522463
MDG,NY.GDP.PCAP.CD,2015,445.320069480568
MDG,NY.GDP.PCAP.CD,2014,505.684922503435
MDG,NY.GDP.PCAP.CD,2013,515.301589361832
MDG,NY.GDP.PCAP.CD,2012,493.511162904211
MDG,NY.GDP.PCAP.CD,2011,506.163691559309
MDG,NY.GDP.PCAP.CD,2010,450.009391645726
MDG,NY.GDP.PCAP.CD,2009,446.315238370592
MDG,NY.GDP.PCAP.CD,2008,512.579800058444
MDG,NY.GDP.PCAP.CD,2007,419.548001431865
MDG,NY.GDP.PCAP.CD,2006,324.146874882604
MDG,NY.GDP.PCAP.CD,2005,305.812074924388
MDG,NY.GDP.PCAP.CD,2004,272.20074858856
MDG,NY.GDP.PCAP.CD,2003,352.620095849925
MDG,NY.GDP.PCAP.CD,2002,304.941777398445
MDG,NY.GDP.PCAP.CD,2001,319.283278235657
MDG,NY.GDP.PCAP.CD,2000,280.282905559649
MDG,NY.GDP.PCAP.CD,1999,267.360530991414
MDG,NY.GDP.PCAP.CD,1998,284.192923139852
MDG,NY.GDP.PCAP.CD,1997,284.371843967244
MDG,NY.GDP.PCAP.CD,1996,339.877283663608
MDG,NY.GDP.PCAP.CD,1995,273.149653945976
MDG,NY.GDP.PCAP.CD,1994,258.723806434505
MDG,NY.GDP.PCAP.CD,1993,307.887603096441
MDG,NY.GDP.PCAP.CD,1992,290.2120463948
MDG,NY.GDP.PCAP.CD,1991,262.024402380479
MDG,NY.GDP.PCAP.CD,1990,326.099253221978
MDG,NY.GDP.PCAP.CD,1989,271.306183276982
MDG,NY.GDP.PCAP.CD,1988,280.528398357653
MDG,NY.GDP.PCAP.CD,1987,290.831531079348
MDG,NY.GDP.PCAP.CD,1986,404.959271422966
MDG,NY.GDP.PCAP.CD,1985,364.469101913106
MDG,NY.GDP.PCAP.CD,1984,385.408181010621
MDG,NY.GDP.PCAP.CD,1983,476.118671340584
MDG,NY.GDP.PCAP.CD,1982,500.642606965445
MDG,NY.GDP.PCAP.CD,1981,512.913929983213
MDG,NY.GDP.PCAP.CD,1980,577.592700958515
MDG,NY.GDP.PCAP.CD,1979,396.398711932997
MDG,NY.GDP.PCAP.CD,1978,314.983241249429
MDG,NY.GDP.PCAP.CD,1977,286.89632096228
MDG,NY.GDP.PCAP.CD,1976,273.522678185535
MDG,NY.GDP.PCAP.CD,1975,294.992905767807
MDG,NY.GDP.PCAP.CD,1974,255.336638120604
MDG,NY.GDP.PCAP.CD,1973,226.818255725382
MDG,NY.GDP.PCAP.CD,1972,189.640262028465
MDG,NY.GDP.PCAP.CD,1971,174.629594145065
MDG,NY.GDP.PCAP.CD,1970,166.645544206518
MDG,NY.GDP.PCAP.CD,1969,162.904752589963
MDG,NY.GDP.PCAP.CD,1968,163.588485295319
MDG,NY.GDP.PCAP.CD,1967,155.860688364854
MDG,NY.GDP.PCAP.CD,1966,150.690080692721
MDG,NY.GDP.PCAP.CD,1965,143.245722030305
MDG,NY.GDP.PCAP.CD,1964,141.534669132002
MDG,NY.GDP.PCAP.CD,1963,137.433563533649
MDG,NY.GDP.PCAP.CD,1962,137.308007316434
MDG,NY.GDP.PCAP.CD,1961,133.271232882825
MDG,NY.GDP.PCAP.CD,1960,131.69201832961
MWI,NY.GDP.PCAP.CD,2025,
MWI,NY.GDP.PCAP.CD,2024,522.570393642547
MWI,NY.GDP.PCAP.CD,2023,633.214767978695
MWI,NY.GDP.PCAP.CD,2022,604.269740360317
MWI,NY.GDP.PCAP.CD,2021,617.446994451007
MWI,NY.GDP.PCAP.CD,2020,602.507478176106
MWI,NY.GDP.PCAP.CD,2019,580.889139762475
MWI,NY.GDP.PCAP.CD,2018,533.202567189331
MWI,NY.GDP.PCAP.CD,2017,495.769683367165
MWI,NY.GDP.PCAP.CD,2016,450.506105510719
MWI,NY.GDP.PCAP.CD,2015,539.605363240686
MWI,NY.GDP.PCAP.CD,2014,529.5133440206
MWI,NY.GDP.PCAP.CD,2013,496.947368267313
MWI,NY.GDP.PCAP.CD,2012,558.46208832772
MWI,NY.GDP.PCAP.CD,2011,763.061000394572
MWI,NY.GDP.PCAP.CD,2010,683.124694716799
MWI,NY.GDP.PCAP.CD,2009,625.869729869625
MWI,NY.GDP.PCAP.CD,2008,554.048820396119
MWI,NY.GDP.PCAP.CD,2007,475.180261659331
MWI,NY.GDP.PCAP.CD,2006,440.822149023873
MWI,NY.GDP.PCAP.CD,2005,414.361121984475
MWI,NY.GDP.PCAP.CD,2004,404.674248445428
MWI,NY.GDP.PCAP.CD,2003,383.348596852642
MWI,NY.GDP.PCAP.CD,2002,428.210439838398
MWI,NY.GDP.PCAP.CD,2001,215.474524898357
MWI,NY.GDP.PCAP.CD,2000,224.22415918428
MWI,NY.GDP.PCAP.CD,1999,233.935986197873
MWI,NY.GDP.PCAP.CD,1998,236.045479450504
MWI,NY.GDP.PCAP.CD,1997,366.954461274104
MWI,NY.GDP.PCAP.CD,1996,320.662735559137
MWI,NY.GDP.PCAP.CD,1995,200.362370007247
MWI,NY.GDP.PCAP.CD,1994,169.196526919639
MWI,NY.GDP.PCAP.CD,1993,293.016883079922
MWI,NY.GDP.PCAP.CD,1992,258.393430877557
MWI,NY.GDP.PCAP.CD,1991,325.75273105931
MWI,NY.GDP.PCAP.CD,1990,286.730598968269
MWI,NY.GDP.PCAP.CD,1989,252.19590741943
MWI,NY.GDP.PCAP.CD,1988,229.421843922728
MWI,NY.GDP.PCAP.CD,1987,207.605894737179
MWI,NY.GDP.PCAP.CD,1986,217.8701899466
MWI,NY.GDP.PCAP.CD,1985,216.054136140391
MWI,NY.GDP.PCAP.CD,1984,239.74828969103
MWI,NY.GDP.PCAP.CD,1983,252.442074600122
MWI,NY.GDP.PCAP.CD,1982,253.342697905133
MWI,NY.GDP.PCAP.CD,1981,276.407062724717
MWI,NY.GDP.PCAP.CD,1980,287.470822426729
MWI,NY.GDP.PCAP.CD,1979,
MWI,NY.GDP.PCAP.CD,1978,
MWI,NY.GDP.PCAP.CD,1977,
MWI,NY.GDP.PCAP.CD,1976,
MWI,NY.GDP.PCAP.CD,1975,
MWI,NY.GDP.PCAP.CD,1974,
MWI,NY.GDP.PCAP.CD,1973,
MWI,NY.GDP.PCAP.CD,1972,
MWI,NY.GDP.PCAP.CD,1971,
MWI,NY.GDP.PCAP.CD,1970,
MWI,NY.GDP.PCAP.CD,1969,
MWI,NY.GDP.PCAP.CD,1968,
MWI,NY.GDP.PCAP.CD,1967,
MWI,NY.GDP.PCAP.CD,1966,
MWI,NY.GDP.PCAP.CD,1965,
MWI,NY.GDP.PCAP.CD,1964,
MWI,NY.GDP.PCAP.CD,1963,
MWI,NY.GDP.PCAP.CD,1962,
MWI,NY.GDP.PCAP.CD,1961,
MWI,NY.GDP.PCAP.CD,1960,
MYS,NY.GDP.PCAP.CD,2025,
MYS,NY.GDP.PCAP.CD,2024,11874.4273684245
MYS,NY.GDP.PCAP.CD,2023,11386.0395636528
MYS,NY.GDP.PCAP.CD,2022,11754.5678336248
MYS,NY.GDP.PCAP.CD,2021,10903.1037480772
MYS,NY.GDP.PCAP.CD,2020,9957.52626697613
MYS,NY.GDP.PCAP.CD,2019,10920.191763972
MYS,NY.GDP.PCAP.CD,2018,10901.8019954421
MYS,NY.GDP.PCAP.CD,2017,9862.54806612235
MYS,NY.GDP.PCAP.CD,2016,9476.53409809923
MYS,NY.GDP.PCAP.CD,2015,9648.6797937523
MYS,NY.GDP.PCAP.CD,2014,11013.3107334403
MYS,NY.GDP.PCAP.CD,2013,10713.6407638899
MYS,NY.GDP.PCAP.CD,2012,10600.5744240026
MYS,NY.GDP.PCAP.CD,2011,10217.1068585031
MYS,NY.GDP.PCAP.CD,2010,8899.34505544675
MYS,NY.GDP.PCAP.CD,2009,7191.43287234626
MYS,NY.GDP.PCAP.CD,2008,8371.82156086005
MYS,NY.GDP.PCAP.CD,2007,7168.93031942508
MYS,NY.GDP.PCAP.CD,2006,6158.40785533236
MYS,NY.GDP.PCAP.CD,2005,5555.58179951206
MYS,NY.GDP.PCAP.CD,2004,4939.24851854427
MYS,NY.GDP.PCAP.CD,2003,4465.32194567208
MYS,NY.GDP.PCAP.CD,2002,4184.03163773539
MYS,NY.GDP.PCAP.CD,2001,3943.79943910239
MYS,NY.GDP.PCAP.CD,2000,4083.52874483605
MYS,NY.GDP.PCAP.CD,1999,3527.81581379249
MYS,NY.GDP.PCAP.CD,1998,3294.30978444095
MYS,NY.GDP.PCAP.CD,1997,4678.56390058182
MYS,NY.GDP.PCAP.CD,1996,4837.16897250768
MYS,NY.GDP.PCAP.CD,1995,4363.14458333034
MYS,NY.GDP.PCAP.CD,1994,3757.65292858601
MYS,NY.GDP.PCAP.CD,1993,3461.99504214189
MYS,NY.GDP.PCAP.CD,1992,3141.43321987651
MYS,NY.GDP.PCAP.CD,1991,2679.20101106745
MYS,NY.GDP.PCAP.CD,1990,2468.69080320116
MYS,NY.GDP.PCAP.CD,1989,2243.60219599914
MYS,NY.GDP.PCAP.CD,1988,2099.95467656701
MYS,NY.GDP.PCAP.CD,1987,1977.1290866202
MYS,NY.GDP.PCAP.CD,1986,1759.73185736702
MYS,NY.GDP.PCAP.CD,1985,2045.57471772113
MYS,NY.GDP.PCAP.CD,1984,2299.80870816235
MYS,NY.GDP.PCAP.CD,1983,2124.29229106221
MYS,NY.GDP.PCAP.CD,1982,1937.74922725899
MYS,NY.GDP.PCAP.CD,1981,1866.10246831744
MYS,NY.GDP.PCAP.CD,1980,1886.12339323875
MYS,NY.GDP.PCAP.CD,1979,1679.87779419937
MYS,NY.GDP.PCAP.CD,1978,1326.88769798353
MYS,NY.GDP.PCAP.CD,1977,1091.70837095855
MYS,NY.GDP.PCAP.CD,1976,940.437734141673
MYS,NY.GDP.PCAP.CD,1975,810.570999701272
MYS,NY.GDP.PCAP.CD,1974,847.806802570239
MYS,NY.GDP.PCAP.CD,1973,700.728626010603
MYS,NY.GDP.PCAP.CD,1972,472.363509449959
MYS,NY.GDP.PCAP.CD,1971,407.19672797331
MYS,NY.GDP.PCAP.CD,1970,379.626764270849
MYS,NY.GDP.PCAP.CD,1969,368.385655484736
MYS,NY.GDP.PCAP.CD,1968,342.444763417284
MYS,NY.GDP.PCAP.CD,1967,335.425630582949
MYS,NY.GDP.PCAP.CD,1966,338.570121454412
MYS,NY.GDP.PCAP.CD,1965,326.436007443045
MYS,NY.GDP.PCAP.CD,1964,302.933952345239
MYS,NY.GDP.PCAP.CD,1963,291.800006993807
MYS,NY.GDP.PCAP.CD,1962,238.836339180717
MYS,NY.GDP.PCAP.CD,1961,232.943768818315
MYS,NY.GDP.PCAP.CD,1960,240.847414554537
MDV,NY.GDP.PCAP.CD,2025,
MDV,NY.GDP.PCAP.CD,2024,13379.3513577224
MDV,NY.GDP.PCAP.CD,2023,12587.6126038651
MDV,NY.GDP.PCAP.CD,2022,11786.0191492983
MDV,NY.GDP.PCAP.CD,2021,10176.143882547
MDV,NY.GDP.PCAP.CD,2020,7393.8886543933
MDV,NY.GDP.PCAP.CD,2019,11740.2724029785
MDV,NY.GDP.PCAP.CD,2018,11423.2838427029
MDV,NY.GDP.PCAP.CD,2017,10509.628805812
MDV,NY.GDP.PCAP.CD,2016,9947.80744731739
MDV,NY.GDP.PCAP.CD,2015,9644.90655028145
MDV,NY.GDP.PCAP.CD,2014,8939.07416571472
MDV,NY.GDP.PCAP.CD,2013,8236.08177944126
MDV,NY.GDP.PCAP.CD,2012,7461.29703686309
MDV,NY.GDP.PCAP.CD,2011,7424.520410971
MDV,NY.GDP.PCAP.CD,2010,7173.59601844692
MDV,NY.GDP.PCAP.CD,2009,6734.03165601895
MDV,NY.GDP.PCAP.CD,2008,6757.43280929292
MDV,NY.GDP.PCAP.CD,2007,5758.10286933053
MDV,NY.GDP.PCAP.CD,2006,5018.94335409159
MDV,NY.GDP.PCAP.CD,2005,3796.51546524644
MDV,NY.GDP.PCAP.CD,2004,4070.2609459446
MDV,NY.GDP.PCAP.CD,2003,3548.5767011056
MDV,NY.GDP.PCAP.CD,2002,3076.07007160101
MDV,NY.GDP.PCAP.CD,2001,3033.93234507036
MDV,NY.GDP.PCAP.CD,2000,2213.81235053178
MDV,NY.GDP.PCAP.CD,1999,2124.06007530631
MDV,NY.GDP.PCAP.CD,1998,1980.38448396751
MDV,NY.GDP.PCAP.CD,1997,1898.43225010526
MDV,NY.GDP.PCAP.CD,1996,1716.74281753716
MDV,NY.GDP.PCAP.CD,1995,1554.60942754604
MDV,NY.GDP.PCAP.CD,1994,1419.39276513408
MDV,NY.GDP.PCAP.CD,1993,1316.614548774
MDV,NY.GDP.PCAP.CD,1992,1194.2325242813
MDV,NY.GDP.PCAP.CD,1991,1054.33413828759
MDV,NY.GDP.PCAP.CD,1990,956.763019768672
MDV,NY.GDP.PCAP.CD,1989,870.378318180563
MDV,NY.GDP.PCAP.CD,1988,799.082501719284
MDV,NY.GDP.PCAP.CD,1987,692.459838892363
MDV,NY.GDP.PCAP.CD,1986,720.452201133255
MDV,NY.GDP.PCAP.CD,1985,668.830135090308
MDV,NY.GDP.PCAP.CD,1984,594.488246882652
MDV,NY.GDP.PCAP.CD,1983,322.84057899403
MDV,NY.GDP.PCAP.CD,1982,274.826568598483
MDV,NY.GDP.PCAP.CD,1981,264.147517599287
MDV,NY.GDP.PCAP.CD,1980,257.612619643525
MDV,NY.GDP.PCAP.CD,1979,240.230509391253
MDV,NY.GDP.PCAP.CD,1978,156.053183880423
MDV,NY.GDP.PCAP.CD,1977,137.259189834243
MDV,NY.GDP.PCAP.CD,1976,151.835059178195
MDV,NY.GDP.PCAP.CD,1975,171.425121922398
MDV,NY.GDP.PCAP.CD,1974,281.484632436928
MDV,NY.GDP.PCAP.CD,1973,228.689027239389
MDV,NY.GDP.PCAP.CD,1972,192.238848639394
MDV,NY.GDP.PCAP.CD,1971,169.767418561131
MDV,NY.GDP.PCAP.CD,1970,156.859236934154
MDV,NY.GDP.PCAP.CD,1969,
MDV,NY.GDP.PCAP.CD,1968,
MDV,NY.GDP.PCAP.CD,1967,
MDV,NY.GDP.PCAP.CD,1966,
MDV,NY.GDP.PCAP.CD,1965,
MDV,NY.GDP.PCAP.CD,1964,
MDV,NY.GDP.PCAP.CD,1963,
MDV,NY.GDP.PCAP.CD,1962,
MDV,NY.GDP.PCAP.CD,1961,
MDV,NY.GDP.PCAP.CD,1960,
MLI,NY.GDP.PCAP.CD,2025,
MLI,NY.GDP.PCAP.CD,2024,1094.61949265799
MLI,NY.GDP.PCAP.CD,2023,1043.9533853528
MLI,NY.GDP.PCAP.CD,2022,976.914116406452
MLI,NY.GDP.PCAP.CD,2021,1027.27345365357
MLI,NY.GDP.PCAP.CD,2020,953.242943290974
MLI,NY.GDP.PCAP.CD,2019,971.949318638092
MLI,NY.GDP.PCAP.CD,2018,996.379292136901
MLI,NY.GDP.PCAP.CD,2017,924.057531692284
MLI,NY.GDP.PCAP.CD,2016,872.468587171653
MLI,NY.GDP.PCAP.CD,2015,838.11986940103
MLI,NY.GDP.PCAP.CD,2014,947.915033288325
MLI,NY.GDP.PCAP.CD,2013,901.920957644831
MLI,NY.GDP.PCAP.CD,2012,872.506092465564
MLI,NY.GDP.PCAP.CD,2011,938.292902583696
MLI,NY.GDP.PCAP.CD,2010,797.151541135109
MLI,NY.GDP.PCAP.CD,2009,787.482564287398
MLI,NY.GDP.PCAP.CD,2008,767.19483895009
MLI,NY.GDP.PCAP.CD,2007,670.853394973479
MLI,NY.GDP.PCAP.CD,2006,586.985415515264
MLI,NY.GDP.PCAP.CD,2005,548.730382842725
MLI,NY.GDP.PCAP.CD,2004,495.006294680645
MLI,NY.GDP.PCAP.CD,2003,441.910358475095
MLI,NY.GDP.PCAP.CD,2002,378.191678628285
MLI,NY.GDP.PCAP.CD,2001,346.224554251022
MLI,NY.GDP.PCAP.CD,2000,304.652870194271
MLI,NY.GDP.PCAP.CD,1999,364.415678427556
MLI,NY.GDP.PCAP.CD,1998,356.647044025322
MLI,NY.GDP.PCAP.CD,1997,320.75152297828
MLI,NY.GDP.PCAP.CD,1996,359.662096047648
MLI,NY.GDP.PCAP.CD,1995,331.193112410921
MLI,NY.GDP.PCAP.CD,1994,266.455340167693
MLI,NY.GDP.PCAP.CD,1993,372.412257655559
MLI,NY.GDP.PCAP.CD,1992,385.278654489301
MLI,NY.GDP.PCAP.CD,1991,381.993534670324
MLI,NY.GDP.PCAP.CD,1990,353.903252431339
MLI,NY.GDP.PCAP.CD,1989,313.871327696511
MLI,NY.GDP.PCAP.CD,1988,307.019371606958
MLI,NY.GDP.PCAP.CD,1987,280.723262413678
MLI,NY.GDP.PCAP.CD,1986,250.013920202755
MLI,NY.GDP.PCAP.CD,1985,190.377454158271
MLI,NY.GDP.PCAP.CD,1984,169.067780598011
MLI,NY.GDP.PCAP.CD,1983,186.276028899026
MLI,NY.GDP.PCAP.CD,1982,213.773956907607
MLI,NY.GDP.PCAP.CD,1981,290.478605534961
MLI,NY.GDP.PCAP.CD,1980,359.12056332085
MLI,NY.GDP.PCAP.CD,1979,216.320734146311
MLI,NY.GDP.PCAP.CD,1978,169.123319071279
MLI,NY.GDP.PCAP.CD,1977,148.052694572807
MLI,NY.GDP.PCAP.CD,1976,134.927575165475
MLI,NY.GDP.PCAP.CD,1975,121.497572665422
MLI,NY.GDP.PCAP.CD,1974,80.2252214087116
MLI,NY.GDP.PCAP.CD,1973,85.4440876506614
MLI,NY.GDP.PCAP.CD,1972,75.0521043387011
MLI,NY.GDP.PCAP.CD,1971,61.966462690907
MLI,NY.GDP.PCAP.CD,1970,57.3207870762744
MLI,NY.GDP.PCAP.CD,1969,55.0226859514125
MLI,NY.GDP.PCAP.CD,1968,56.5137530466331
MLI,NY.GDP.PCAP.CD,1967,45.9854448702914
MLI,NY.GDP.PCAP.CD,1966,
MLI,NY.GDP.PCAP.CD,1965,
MLI,NY.GDP.PCAP.CD,1964,
MLI,NY.GDP.PCAP.CD,1963,
MLI,NY.GDP.PCAP.CD,1962,
MLI,NY.GDP.PCAP.CD,1961,
MLI,NY.GDP.PCAP.CD,1960,
MLT,NY.GDP.PCAP.CD,2025,
MLT,NY.GDP.PCAP.CD,2024,43898.5781808597
MLT,NY.GDP.PCAP.CD,2023,40905.8059585057
MLT,NY.GDP.PCAP.CD,2022,35638.8869457406
MLT,NY.GDP.PCAP.CD,2021,38096.8360735119
MLT,NY.GDP.PCAP.CD,2020,31823.4363934505
MLT,NY.GDP.PCAP.CD,2019,32421.9179752262
MLT,NY.GDP.PCAP.CD,2018,33382.2677499267
MLT,NY.GDP.PCAP.CD,2017,30317.2443175543
MLT,NY.GDP.PCAP.CD,2016,26459.0770929988
MLT,NY.GDP.PCAP.CD,2015,25529.6813337717
MLT,NY.GDP.PCAP.CD,2014,27424.5765646694
MLT,NY.GDP.PCAP.CD,2013,25415.5566867731
MLT,NY.GDP.PCAP.CD,2012,22878.3130866521
MLT,NY.GDP.PCAP.CD,2011,23516.9691234302
MLT,NY.GDP.PCAP.CD,2010,21946.6069636029
MLT,NY.GDP.PCAP.CD,2009,21176.3218262672
MLT,NY.GDP.PCAP.CD,2008,22315.3104212988
MLT,NY.GDP.PCAP.CD,2007,19444.1741958382
MLT,NY.GDP.PCAP.CD,2006,16653.6036929688
MLT,NY.GDP.PCAP.CD,2005,15831.344048672
MLT,NY.GDP.PCAP.CD,2004,15212.1313438497
MLT,NY.GDP.PCAP.CD,2003,13593.9787155682
MLT,NY.GDP.PCAP.CD,2002,11251.2025296416
MLT,NY.GDP.PCAP.CD,2001,10357.7025891731
MLT,NY.GDP.PCAP.CD,2000,10348.4858902403
MLT,NY.GDP.PCAP.CD,1999,10609.1104477299
MLT,NY.GDP.PCAP.CD,1998,10408.1157380149
MLT,NY.GDP.PCAP.CD,1997,9893.18898998688
MLT,NY.GDP.PCAP.CD,1996,10061.850192141
MLT,NY.GDP.PCAP.CD,1995,9828.32354719517
MLT,NY.GDP.PCAP.CD,1994,8000.3453286604
MLT,NY.GDP.PCAP.CD,1993,7296.35111127489
MLT,NY.GDP.PCAP.CD,1992,8220.33403924666
MLT,NY.GDP.PCAP.CD,1991,7558.75921583164
MLT,NY.GDP.PCAP.CD,1990,7192.38994693962
MLT,NY.GDP.PCAP.CD,1989,6040.84054229986
MLT,NY.GDP.PCAP.CD,1988,5814.44775940093
MLT,NY.GDP.PCAP.CD,1987,5083.80179308013
MLT,NY.GDP.PCAP.CD,1986,4194.53480236296
MLT,NY.GDP.PCAP.CD,1985,3322.30879632858
MLT,NY.GDP.PCAP.CD,1984,3332.82018387922
MLT,NY.GDP.PCAP.CD,1983,3526.91395139354
MLT,NY.GDP.PCAP.CD,1982,3787.91647703123
MLT,NY.GDP.PCAP.CD,1981,3898.36853997864
MLT,NY.GDP.PCAP.CD,1980,3948.26572689504
MLT,NY.GDP.PCAP.CD,1979,3195.51431611516
MLT,NY.GDP.PCAP.CD,1978,2558.73455468428
MLT,NY.GDP.PCAP.CD,1977,2037.8641908695
MLT,NY.GDP.PCAP.CD,1976,1726.55944845303
MLT,NY.GDP.PCAP.CD,1975,1560.10519115107
MLT,NY.GDP.PCAP.CD,1974,1245.31823028606
MLT,NY.GDP.PCAP.CD,1973,1143.66679643467
MLT,NY.GDP.PCAP.CD,1972,975.720378043786
MLT,NY.GDP.PCAP.CD,1971,874.061727024101
MLT,NY.GDP.PCAP.CD,1970,828.44472588263
MLT,NY.GDP.PCAP.CD,1969,
MLT,NY.GDP.PCAP.CD,1968,
MLT,NY.GDP.PCAP.CD,1967,
MLT,NY.GDP.PCAP.CD,1966,
MLT,NY.GDP.PCAP.CD,1965,
MLT,NY.GDP.PCAP.CD,1964,
MLT,NY.GDP.PCAP.CD,1963,
MLT,NY.GDP.PCAP.CD,1962,
MLT,NY.GDP.PCAP.CD,1961,
MLT,NY.GDP.PCAP.CD,1960,
MHL,NY.GDP.PCAP.CD,2025,
MHL,NY.GDP.PCAP.CD,2024,7726.33668877794
MHL,NY.GDP.PCAP.CD,2023,6793.24495895856
MHL,NY.GDP.PCAP.CD,2022,6455.66062185762
MHL,NY.GDP.PCAP.CD,2021,6315.31279603534
MHL,NY.GDP.PCAP.CD,2020,5661.96787336674
MHL,NY.GDP.PCAP.CD,2019,5292.33985502306
MHL,NY.GDP.PCAP.CD,2018,4858.12079054875
MHL,NY.GDP.PCAP.CD,2017,4592.83457628576
MHL,NY.GDP.PCAP.CD,2016,4229.80988911945
MHL,NY.GDP.PCAP.CD,2015,3764.34426229508
MHL,NY.GDP.PCAP.CD,2014,3735.23977829545
MHL,NY.GDP.PCAP.CD,2013,3677.90690791421
MHL,NY.GDP.PCAP.CD,2012,3514.26515490383
MHL,NY.GDP.PCAP.CD,2011,3319.39815439151
MHL,NY.GDP.PCAP.CD,2010,3095.45768964722
MHL,NY.GDP.PCAP.CD,2009,2906.63026970914
MHL,NY.GDP.PCAP.CD,2008,2817.60522775322
MHL,NY.GDP.PCAP.CD,2007,2892.28403958874
MHL,NY.GDP.PCAP.CD,2006,2754.26988767503
MHL,NY.GDP.PCAP.CD,2005,2658.65217893885
MHL,NY.GDP.PCAP.CD,2004,2566.08291015814
MHL,NY.GDP.PCAP.CD,2003,2539.3307383954
MHL,NY.GDP.PCAP.CD,2002,2566.06708799222
MHL,NY.GDP.PCAP.CD,2001,2394.34501105178
MHL,NY.GDP.PCAP.CD,2000,2264.79114897645
MHL,NY.GDP.PCAP.CD,1999,2257.92000318712
MHL,NY.GDP.PCAP.CD,1998,2254.16054870567
MHL,NY.GDP.PCAP.CD,1997,2230.75377088451
MHL,NY.GDP.PCAP.CD,1996,2272.84469502819
MHL,NY.GDP.PCAP.CD,1995,2490.98744457796
MHL,NY.GDP.PCAP.CD,1994,2265.0695841717
MHL,NY.GDP.PCAP.CD,1993,2112.01240099378
MHL,NY.GDP.PCAP.CD,1992,1963.07234629646
MHL,NY.GDP.PCAP.CD,1991,1810.63465589888
MHL,NY.GDP.PCAP.CD,1990,1758.40820990836
MHL,NY.GDP.PCAP.CD,1989,1670.21520671775
MHL,NY.GDP.PCAP.CD,1988,1670.28189314997
MHL,NY.GDP.PCAP.CD,1987,1542.64230430097
MHL,NY.GDP.PCAP.CD,1986,1425.16418062414
MHL,NY.GDP.PCAP.CD,1985,1162.01901432695
MHL,NY.GDP.PCAP.CD,1984,1244.87094639312
MHL,NY.GDP.PCAP.CD,1983,1199.30481744276
MHL,NY.GDP.PCAP.CD,1982,1045.54301284547
MHL,NY.GDP.PCAP.CD,1981,968.86029296936
MHL,NY.GDP.PCAP.CD,1980,867.961688438292
MHL,NY.GDP.PCAP.CD,1979,859.013585311722
MHL,NY.GDP.PCAP.CD,1978,770.91776875282
MHL,NY.GDP.PCAP.CD,1977,724.219486848706
MHL,NY.GDP.PCAP.CD,1976,671.834758151068
MHL,NY.GDP.PCAP.CD,1975,638.193048864418
MHL,NY.GDP.PCAP.CD,1974,601.578589500316
MHL,NY.GDP.PCAP.CD,1973,472.208860502014
MHL,NY.GDP.PCAP.CD,1972,415.707402467489
MHL,NY.GDP.PCAP.CD,1971,390.174184712831
MHL,NY.GDP.PCAP.CD,1970,373.212871726587
MHL,NY.GDP.PCAP.CD,1969,
MHL,NY.GDP.PCAP.CD,1968,
MHL,NY.GDP.PCAP.CD,1967,
MHL,NY.GDP.PCAP.CD,1966,
MHL,NY.GDP.PCAP.CD,1965,
MHL,NY.GDP.PCAP.CD,1964,
MHL,NY.GDP.PCAP.CD,1963,
MHL,NY.GDP.PCAP.CD,1962,
MHL,NY.GDP.PCAP.CD,1961,
MHL,NY.GDP.PCAP.CD,1960,
MRT,NY.GDP.PCAP.CD,2025,
MRT,NY.GDP.PCAP.CD,2024,2110.12036938187
MRT,NY.GDP.PCAP.CD,2023,2135.78187606359
MRT,NY.GDP.PCAP.CD,2022,1960.35240077424
MRT,NY.GDP.PCAP.CD,2021,1947.78918383313
MRT,NY.GDP.PCAP.CD,2020,1795.76459566714
MRT,NY.GDP.PCAP.CD,2019,1767.072710621
MRT,NY.GDP.PCAP.CD,2018,1722.93528854073
MRT,NY.GDP.PCAP.CD,2017,1615.00401327323
MRT,NY.GDP.PCAP.CD,2016,1565.76575722696
MRT,NY.GDP.PCAP.CD,2015,1554.94897871782
MRT,NY.GDP.PCAP.CD,2014,1713.00865264234
MRT,NY.GDP.PCAP.CD,2013,1934.24103064714
MRT,NY.GDP.PCAP.CD,2012,1859.11733247641
MRT,NY.GDP.PCAP.CD,2011,1931.19975525465
MRT,NY.GDP.PCAP.CD,2010,1659.96369705455
MRT,NY.GDP.PCAP.CD,2009,1435.43010811893
MRT,NY.GDP.PCAP.CD,2008,1635.5630623124
MRT,NY.GDP.PCAP.CD,2007,1405.15016203368
MRT,NY.GDP.PCAP.CD,2006,1300.60367988659
MRT,NY.GDP.PCAP.CD,2005,998.96583416747
MRT,NY.GDP.PCAP.CD,2004,823.554457141893
MRT,NY.GDP.PCAP.CD,2003,732.017820812675
MRT,NY.GDP.PCAP.CD,2002,648.879643934862
MRT,NY.GDP.PCAP.CD,2001,651.817840199777
MRT,NY.GDP.PCAP.CD,2000,680.911061879778
MRT,NY.GDP.PCAP.CD,1999,781.337033563197
MRT,NY.GDP.PCAP.CD,1998,821.266378551937
MRT,NY.GDP.PCAP.CD,1997,859.28395817576
MRT,NY.GDP.PCAP.CD,1996,904.120879798142
MRT,NY.GDP.PCAP.CD,1995,904.719170071042
MRT,NY.GDP.PCAP.CD,1994,864.599478365453
MRT,NY.GDP.PCAP.CD,1993,849.620301696661
MRT,NY.GDP.PCAP.CD,1992,1036.47437808576
MRT,NY.GDP.PCAP.CD,1991,1061.67704285264
MRT,NY.GDP.PCAP.CD,1990,772.033092140219
MRT,NY.GDP.PCAP.CD,1989,762.275580637475
MRT,NY.GDP.PCAP.CD,1988,762.423918016846
MRT,NY.GDP.PCAP.CD,1987,745.787178962507
MRT,NY.GDP.PCAP.CD,1986,677.363323878901
MRT,NY.GDP.PCAP.CD,1985,593.219654421302
MRT,NY.GDP.PCAP.CD,1984,649.681186509673
MRT,NY.GDP.PCAP.CD,1983,725.174522510668
MRT,NY.GDP.PCAP.CD,1982,710.21886884239
MRT,NY.GDP.PCAP.CD,1981,728.796521822095
MRT,NY.GDP.PCAP.CD,1980,710.918952530534
MRT,NY.GDP.PCAP.CD,1979,664.383619042778
MRT,NY.GDP.PCAP.CD,1978,577.742777476832
MRT,NY.GDP.PCAP.CD,1977,590.226698413217
MRT,NY.GDP.PCAP.CD,1976,589.237667658903
MRT,NY.GDP.PCAP.CD,1975,550.66258324178
MRT,NY.GDP.PCAP.CD,1974,494.288408290337
MRT,NY.GDP.PCAP.CD,1973,409.721138785311
MRT,NY.GDP.PCAP.CD,1972,335.23154288786
MRT,NY.GDP.PCAP.CD,1971,295.993927021331
MRT,NY.GDP.PCAP.CD,1970,281.327175871626
MRT,NY.GDP.PCAP.CD,1969,276.598267711858
MRT,NY.GDP.PCAP.CD,1968,300.94152952866
MRT,NY.GDP.PCAP.CD,1967,281.533377446756
MRT,NY.GDP.PCAP.CD,1966,273.604362731912
MRT,NY.GDP.PCAP.CD,1965,269.962165823141
MRT,NY.GDP.PCAP.CD,1964,244.294599697524
MRT,NY.GDP.PCAP.CD,1963,188.249348047987
MRT,NY.GDP.PCAP.CD,1962,188.995146612769
MRT,NY.GDP.PCAP.CD,1961,188.158401597739
MRT,NY.GDP.PCAP.CD,1960,
MUS,NY.GDP.PCAP.CD,2025,
MUS,NY.GDP.PCAP.CD,2024,11990.7798944837
MUS,NY.GDP.PCAP.CD,2023,11269.9684462139
MUS,NY.GDP.PCAP.CD,2022,10246.5017455553
MUS,NY.GDP.PCAP.CD,2021,9177.71195973013
MUS,NY.GDP.PCAP.CD,2020,9135.84773751062
MUS,NY.GDP.PCAP.CD,2019,11568.2533399824
MUS,NY.GDP.PCAP.CD,2018,11818.7480619272
MUS,NY.GDP.PCAP.CD,2017,10986.7034093005
MUS,NY.GDP.PCAP.CD,2016,10095.1225574156
MUS,NY.GDP.PCAP.CD,2015,9630.5437837507
MUS,NY.GDP.PCAP.CD,2014,10490.3315563853
MUS,NY.GDP.PCAP.CD,2013,9877.13865958834
MUS,NY.GDP.PCAP.CD,2012,9421.52514098225
MUS,NY.GDP.PCAP.CD,2011,9324.24232310496
MUS,NY.GDP.PCAP.CD,2010,8113.17670740212
MUS,NY.GDP.PCAP.CD,2009,7426.88645617593
MUS,NY.GDP.PCAP.CD,2008,8140.50808595895
MUS,NY.GDP.PCAP.CD,2007,6677.34962448608
MUS,NY.GDP.PCAP.CD,2006,5784.22491883026
MUS,NY.GDP.PCAP.CD,2005,5354.02974260642
MUS,NY.GDP.PCAP.CD,2004,5460.60800184198
MUS,NY.GDP.PCAP.CD,2003,4858.26575549747
MUS,NY.GDP.PCAP.CD,2002,4073.06053055903
MUS,NY.GDP.PCAP.CD,2001,3908.55694927435
MUS,NY.GDP.PCAP.CD,2000,3981.98343249582
MUS,NY.GDP.PCAP.CD,1999,3745.69625069831
MUS,NY.GDP.PCAP.CD,1998,3641.62142564086
MUS,NY.GDP.PCAP.CD,1997,3695.73668844327
MUS,NY.GDP.PCAP.CD,1996,3951.94494649336
MUS,NY.GDP.PCAP.CD,1995,3648.01649622256
MUS,NY.GDP.PCAP.CD,1994,3240.38624662702
MUS,NY.GDP.PCAP.CD,1993,3013.83313790492
MUS,NY.GDP.PCAP.CD,1992,3013.23706337167
MUS,NY.GDP.PCAP.CD,1991,2705.26648158805
MUS,NY.GDP.PCAP.CD,1990,2539.92846467452
MUS,NY.GDP.PCAP.CD,1989,2103.48802694458
MUS,NY.GDP.PCAP.CD,1988,2073.59238787189
MUS,NY.GDP.PCAP.CD,1987,1839.79109565422
MUS,NY.GDP.PCAP.CD,1986,1441.71452837714
MUS,NY.GDP.PCAP.CD,1985,1068.67359316099
MUS,NY.GDP.PCAP.CD,1984,1041.83252378016
MUS,NY.GDP.PCAP.CD,1983,1103.09124580137
MUS,NY.GDP.PCAP.CD,1982,1101.15920527391
MUS,NY.GDP.PCAP.CD,1981,1180.84070937438
MUS,NY.GDP.PCAP.CD,1980,1187.35157080412
MUS,NY.GDP.PCAP.CD,1979,1292.2014302482
MUS,NY.GDP.PCAP.CD,1978,1102.34753691974
MUS,NY.GDP.PCAP.CD,1977,905.949638747869
MUS,NY.GDP.PCAP.CD,1976,787.098225962589
MUS,NY.GDP.PCAP.CD,1975,754.833281472402
MUS,NY.GDP.PCAP.CD,1974,762.940758670279
MUS,NY.GDP.PCAP.CD,1973,467.480218496262
MUS,NY.GDP.PCAP.CD,1972,373.996570209941
MUS,NY.GDP.PCAP.CD,1971,299.604801832026
MUS,NY.GDP.PCAP.CD,1970,271.338746980393
MUS,NY.GDP.PCAP.CD,1969,272.713256163629
MUS,NY.GDP.PCAP.CD,1968,258.734051896237
MUS,NY.GDP.PCAP.CD,1967,304.163949585507
MUS,NY.GDP.PCAP.CD,1966,295.955041673441
MUS,NY.GDP.PCAP.CD,1965,305.47697280765
MUS,NY.GDP.PCAP.CD,1964,297.284380211561
MUS,NY.GDP.PCAP.CD,1963,353.11354761151
MUS,NY.GDP.PCAP.CD,1962,282.342386236302
MUS,NY.GDP.PCAP.CD,1961,281.683081448637
MUS,NY.GDP.PCAP.CD,1960,238.251033437494
MEX,NY.GDP.PCAP.CD,2025,
MEX,NY.GDP.PCAP.CD,2024,14185.7812248529
MEX,NY.GDP.PCAP.CD,2023,13860.9597809326
MEX,NY.GDP.PCAP.CD,2022,11405.7940473759
MEX,NY.GDP.PCAP.CD,2021,10314.0506722115
MEX,NY.GDP.PCAP.CD,2020,8841.27075039868
MEX,NY.GDP.PCAP.CD,2019,10369.5553585271
MEX,NY.GDP.PCAP.CD,2018,10084.7937562021
MEX,NY.GDP.PCAP.CD,2017,9649.27816772402
MEX,NY.GDP.PCAP.CD,2016,9097.92397674769
MEX,NY.GDP.PCAP.CD,2015,10021.2386118827
MEX,NY.GDP.PCAP.CD,2014,11391.3773497683
MEX,NY.GDP.PCAP.CD,2013,11216.8008505428
MEX,NY.GDP.PCAP.CD,2012,10744.1335242686
MEX,NY.GDP.PCAP.CD,2011,10664.4944032313
MEX,NY.GDP.PCAP.CD,2010,9728.80078377082
MEX,NY.GDP.PCAP.CD,2009,8423.56933214711
MEX,NY.GDP.PCAP.CD,2008,10523.7685403244
MEX,NY.GDP.PCAP.CD,2007,10134.3327138119
MEX,NY.GDP.PCAP.CD,2006,9512.63575346699
MEX,NY.GDP.PCAP.CD,2005,8671.75891885163
MEX,NY.GDP.PCAP.CD,2004,7849.66759649565
MEX,NY.GDP.PCAP.CD,2003,7434.0746485155
MEX,NY.GDP.PCAP.CD,2002,7983.03398381759
MEX,NY.GDP.PCAP.CD,2001,7952.76479510706
MEX,NY.GDP.PCAP.CD,2000,7524.0271380091
MEX,NY.GDP.PCAP.CD,1999,6499.97182950425
MEX,NY.GDP.PCAP.CD,1998,5832.69342004468
MEX,NY.GDP.PCAP.CD,1997,5567.35599516667
MEX,NY.GDP.PCAP.CD,1996,4674.36792733681
MEX,NY.GDP.PCAP.CD,1995,4183.87847727479
MEX,NY.GDP.PCAP.CD,1994,6202.36588372862
MEX,NY.GDP.PCAP.CD,1993,6048.34840388099
MEX,NY.GDP.PCAP.CD,1992,4220.56643677057
MEX,NY.GDP.PCAP.CD,1991,3708.8420548157
MEX,NY.GDP.PCAP.CD,1990,3154.46920349038
MEX,NY.GDP.PCAP.CD,1989,2725.05572275442
MEX,NY.GDP.PCAP.CD,1988,2278.81222720992
MEX,NY.GDP.PCAP.CD,1987,1888.2631431041
MEX,NY.GDP.PCAP.CD,1986,1756.93563367491
MEX,NY.GDP.PCAP.CD,1985,2601.70825226684
MEX,NY.GDP.PCAP.CD,1984,2506.30742754755
MEX,NY.GDP.PCAP.CD,1983,2169.85285279223
MEX,NY.GDP.PCAP.CD,1982,2620.95793392947
MEX,NY.GDP.PCAP.CD,1981,3829.14437544129
MEX,NY.GDP.PCAP.CD,1980,3054.62162291784
MEX,NY.GDP.PCAP.CD,1979,2049.26468871816
MEX,NY.GDP.PCAP.CD,1978,1604.40920452482
MEX,NY.GDP.PCAP.CD,1977,1314.62044481645
MEX,NY.GDP.PCAP.CD,1976,1465.49877862474
MEX,NY.GDP.PCAP.CD,1975,1491.97048611111
MEX,NY.GDP.PCAP.CD,1974,1256.10280601329
MEX,NY.GDP.PCAP.CD,1973,993.042879548426
MEX,NY.GDP.PCAP.CD,1972,836.569673446138
MEX,NY.GDP.PCAP.CD,1971,747.912361003254
MEX,NY.GDP.PCAP.CD,1970,699.006845485029
MEX,NY.GDP.PCAP.CD,1969,659.71750685117
MEX,NY.GDP.PCAP.CD,1968,615.922912128842
MEX,NY.GDP.PCAP.CD,1967,575.769037534418
MEX,NY.GDP.PCAP.CD,1966,544.935854193449
MEX,NY.GDP.PCAP.CD,1965,505.854419498816
MEX,NY.GDP.PCAP.CD,1964,480.704214437745
MEX,NY.GDP.PCAP.CD,1963,419.552066324849
MEX,NY.GDP.PCAP.CD,1962,388.456702411498
MEX,NY.GDP.PCAP.CD,1961,373.712216995471
MEX,NY.GDP.PCAP.CD,1960,355.075199563018
FSM,NY.GDP.PCAP.CD,2025,
FSM,NY.GDP.PCAP.CD,2024,4166.00476748564
FSM,NY.GDP.PCAP.CD,2023,3919.64307910859
FSM,NY.GDP.PCAP.CD,2022,3710.12451611752
FSM,NY.GDP.PCAP.CD,2021,3508.22314197664
FSM,NY.GDP.PCAP.CD,2020,3362.02802120524
FSM,NY.GDP.PCAP.CD,2019,3572.65918282222
FSM,NY.GDP.PCAP.CD,2018,3566.58690371125
FSM,NY.GDP.PCAP.CD,2017,3279.10779039285
FSM,NY.GDP.PCAP.CD,2016,2979.60119184048
FSM,NY.GDP.PCAP.CD,2015,2853.07643587028
FSM,NY.GDP.PCAP.CD,2014,2896.73082002714
FSM,NY.GDP.PCAP.CD,2013,2893.13437410825
FSM,NY.GDP.PCAP.CD,2012,2992.28916099077
FSM,NY.GDP.PCAP.CD,2011,2848.70077003105
FSM,NY.GDP.PCAP.CD,2010,2702.61165204772
FSM,NY.GDP.PCAP.CD,2009,2544.11114550961
FSM,NY.GDP.PCAP.CD,2008,2369.50811741318
FSM,NY.GDP.PCAP.CD,2007,2293.51341684075
FSM,NY.GDP.PCAP.CD,2006,2244.97227274486
FSM,NY.GDP.PCAP.CD,2005,2207.16844533875
FSM,NY.GDP.PCAP.CD,2004,2104.42804750084
FSM,NY.GDP.PCAP.CD,2003,2145.87755337517
FSM,NY.GDP.PCAP.CD,2002,2113.45987332485
FSM,NY.GDP.PCAP.CD,2001,2103.74859460914
FSM,NY.GDP.PCAP.CD,2000,2049.3453246655
FSM,NY.GDP.PCAP.CD,1999,1944.83228089695
FSM,NY.GDP.PCAP.CD,1998,1944.03333786902
FSM,NY.GDP.PCAP.CD,1997,1840.23883354727
FSM,NY.GDP.PCAP.CD,1996,1955.97504197565
FSM,NY.GDP.PCAP.CD,1995,1995.19190194111
FSM,NY.GDP.PCAP.CD,1994,1856.5207426083
FSM,NY.GDP.PCAP.CD,1993,1853.06259690284
FSM,NY.GDP.PCAP.CD,1992,1699.3301910196
FSM,NY.GDP.PCAP.CD,1991,1617.45528154622
FSM,NY.GDP.PCAP.CD,1990,1459.04369201491
FSM,NY.GDP.PCAP.CD,1989,1365.61518337828
FSM,NY.GDP.PCAP.CD,1988,1284.2827275817
FSM,NY.GDP.PCAP.CD,1987,1230.44156720509
FSM,NY.GDP.PCAP.CD,1986,1216.15763119676
FSM,NY.GDP.PCAP.CD,1985,1136.27633295061
FSM,NY.GDP.PCAP.CD,1984,971.323735890612
FSM,NY.GDP.PCAP.CD,1983,993.272945205479
FSM,NY.GDP.PCAP.CD,1982,973.688636446563
FSM,NY.GDP.PCAP.CD,1981,958.37442664862
FSM,NY.GDP.PCAP.CD,1980,829.209813066002
FSM,NY.GDP.PCAP.CD,1979,803.032190156421
FSM,NY.GDP.PCAP.CD,1978,737.510432416087
FSM,NY.GDP.PCAP.CD,1977,668.601472729072
FSM,NY.GDP.PCAP.CD,1976,677.970615070457
FSM,NY.GDP.PCAP.CD,1975,683.97674556564
FSM,NY.GDP.PCAP.CD,1974,701.077963162938
FSM,NY.GDP.PCAP.CD,1973,544.204466602069
FSM,NY.GDP.PCAP.CD,1972,403.046469058094
FSM,NY.GDP.PCAP.CD,1971,359.244640147767
FSM,NY.GDP.PCAP.CD,1970,337.4957740742
FSM,NY.GDP.PCAP.CD,1969,
FSM,NY.GDP.PCAP.CD,1968,
FSM,NY.GDP.PCAP.CD,1967,
FSM,NY.GDP.PCAP.CD,1966,
FSM,NY.GDP.PCAP.CD,1965,
FSM,NY.GDP.PCAP.CD,1964,
FSM,NY.GDP.PCAP.CD,1963,
FSM,NY.GDP.PCAP.CD,1962,
FSM,NY.GDP.PCAP.CD,1961,
FSM,NY.GDP.PCAP.CD,1960,
MDA,NY.GDP.PCAP.CD,2025,
MDA,NY.GDP.PCAP.CD,2024,7576.19589413326
MDA,NY.GDP.PCAP.CD,2023,6799.58594644576
MDA,NY.GDP.PCAP.CD,2022,5744.29618434435
MDA,NY.GDP.PCAP.CD,2021,5274.60582195352
MDA,NY.GDP.PCAP.CD,2020,4375.7788930524
MDA,NY.GDP.PCAP.CD,2019,4405.33418162155
MDA,NY.GDP.PCAP.CD,2018,4156.44981956646
MDA,NY.GDP.PCAP.CD,2017,3453.26727720294
MDA,NY.GDP.PCAP.CD,2016,2847.08794770479
MDA,NY.GDP.PCAP.CD,2015,2749.55137054338
MDA,NY.GDP.PCAP.CD,2014,3289.95758568777
MDA,NY.GDP.PCAP.CD,2013,3321.04397795719
MDA,NY.GDP.PCAP.CD,2012,3044.8084324815
MDA,NY.GDP.PCAP.CD,2011,2941.36224066021
MDA,NY.GDP.PCAP.CD,2010,2436.79935102421
MDA,NY.GDP.PCAP.CD,2009,1898.43975710988
MDA,NY.GDP.PCAP.CD,2008,2110.55305353857
MDA,NY.GDP.PCAP.CD,2007,1531.21618590748
MDA,NY.GDP.PCAP.CD,2006,1183.02481442894
MDA,NY.GDP.PCAP.CD,2005,1034.39197746993
MDA,NY.GDP.PCAP.CD,2004,897.178494749468
MDA,NY.GDP.PCAP.CD,2003,682.319095965299
MDA,NY.GDP.PCAP.CD,2002,570.799866188293
MDA,NY.GDP.PCAP.CD,2001,507.404076252819
MDA,NY.GDP.PCAP.CD,2000,440.538683980372
MDA,NY.GDP.PCAP.CD,1999,399.499818596336
MDA,NY.GDP.PCAP.CD,1998,578.734627562193
MDA,NY.GDP.PCAP.CD,1997,657.29213459795
MDA,NY.GDP.PCAP.CD,1996,575.145455139019
MDA,NY.GDP.PCAP.CD,1995,593.593177049161
MDA,NY.GDP.PCAP.CD,1994,573.798647201304
MDA,NY.GDP.PCAP.CD,1993,796.989388848336
MDA,NY.GDP.PCAP.CD,1992,778.017667420102
MDA,NY.GDP.PCAP.CD,1991,1037.89950336245
MDA,NY.GDP.PCAP.CD,1990,1206.50208704977
MDA,NY.GDP.PCAP.CD,1989,
MDA,NY.GDP.PCAP.CD,1988,
MDA,NY.GDP.PCAP.CD,1987,
MDA,NY.GDP.PCAP.CD,1986,
MDA,NY.GDP.PCAP.CD,1985,
MDA,NY.GDP.PCAP.CD,1984,
MDA,NY.GDP.PCAP.CD,1983,
MDA,NY.GDP.PCAP.CD,1982,
MDA,NY.GDP.PCAP.CD,1981,
MDA,NY.GDP.PCAP.CD,1980,
MDA,NY.GDP.PCAP.CD,1979,
MDA,NY.GDP.PCAP.CD,1978,
MDA,NY.GDP.PCAP.CD,1977,
MDA,NY.GDP.PCAP.CD,1976,
MDA,NY.GDP.PCAP.CD,1975,
MDA,NY.GDP.PCAP.CD,1974,
MDA,NY.GDP.PCAP.CD,1973,
MDA,NY.GDP.PCAP.CD,1972,
MDA,NY.GDP.PCAP.CD,1971,
MDA,NY.GDP.PCAP.CD,1970,
MDA,NY.GDP.PCAP.CD,1969,
MDA,NY.GDP.PCAP.CD,1968,
MDA,NY.GDP.PCAP.CD,1967,
MDA,NY.GDP.PCAP.CD,1966,
MDA,NY.GDP.PCAP.CD,1965,
MDA,NY.GDP.PCAP.CD,1964,
MDA,NY.GDP.PCAP.CD,1963,
MDA,NY.GDP.PCAP.CD,1962,
MDA,NY.GDP.PCAP.CD,1961,
MDA,NY.GDP.PCAP.CD,1960,
MCO,NY.GDP.PCAP.CD,2025,
MCO,NY.GDP.PCAP.CD,2024,288001.433369041
MCO,NY.GDP.PCAP.CD,2023,256799.788612806
MCO,NY.GDP.PCAP.CD,2022,226052.001905201
MCO,NY.GDP.PCAP.CD,2021,223823.363960226
MCO,NY.GDP.PCAP.CD,2020,176891.886538492
MCO,NY.GDP.PCAP.CD,2019,193746.785647412
MCO,NY.GDP.PCAP.CD,2018,188298.315668437
MCO,NY.GDP.PCAP.CD,2017,170663.375247872
MCO,NY.GDP.PCAP.CD,2016,173604.753555915
MCO,NY.GDP.PCAP.CD,2015,170437.101188261
MCO,NY.GDP.PCAP.CD,2014,195693.570738894
MCO,NY.GDP.PCAP.CD,2013,184940.663804718
MCO,NY.GDP.PCAP.CD,2012,165444.651378771
MCO,NY.GDP.PCAP.CD,2011,179363.984221513
MCO,NY.GDP.PCAP.CD,2010,161853.920622244
MCO,NY.GDP.PCAP.CD,2009,169150.267344616
MCO,NY.GDP.PCAP.CD,2008,204263.797114294
MCO,NY.GDP.PCAP.CD,2007,184558.556593338
MCO,NY.GDP.PCAP.CD,2006,143083.461107202
MCO,NY.GDP.PCAP.CD,2005,130538.742587117
MCO,NY.GDP.PCAP.CD,2004,125160.228087598
MCO,NY.GDP.PCAP.CD,2003,111110.451312249
MCO,NY.GDP.PCAP.CD,2002,90051.4459877468
MCO,NY.GDP.PCAP.CD,2001,82402.7809570189
MCO,NY.GDP.PCAP.CD,2000,81789.0206522549
MCO,NY.GDP.PCAP.CD,1999,89698.1993575302
MCO,NY.GDP.PCAP.CD,1998,90947.2051224438
MCO,NY.GDP.PCAP.CD,1997,88581.7044683607
MCO,NY.GDP.PCAP.CD,1996,98561.0137425657
MCO,NY.GDP.PCAP.CD,1995,99032.2375054091
MCO,NY.GDP.PCAP.CD,1994,86703.8130529474
MCO,NY.GDP.PCAP.CD,1993,82685.4559266948
MCO,NY.GDP.PCAP.CD,1992,88614.926367223
MCO,NY.GDP.PCAP.CD,1991,80997.2520924871
MCO,NY.GDP.PCAP.CD,1990,81734.8664968011
MCO,NY.GDP.PCAP.CD,1989,66815.7104498273
MCO,NY.GDP.PCAP.CD,1988,67180.5763713568
MCO,NY.GDP.PCAP.CD,1987,62456.0708848997
MCO,NY.GDP.PCAP.CD,1986,52082.4508807502
MCO,NY.GDP.PCAP.CD,1985,37689.8648613491
MCO,NY.GDP.PCAP.CD,1984,36582.3672009832
MCO,NY.GDP.PCAP.CD,1983,39075.8356409009
MCO,NY.GDP.PCAP.CD,1982,41479.49844229
MCO,NY.GDP.PCAP.CD,1981,44157.4267369518
MCO,NY.GDP.PCAP.CD,1980,50813.9342272643
MCO,NY.GDP.PCAP.CD,1979,44989.9653239249
MCO,NY.GDP.PCAP.CD,1978,37607.7886875432
MCO,NY.GDP.PCAP.CD,1977,30875.4764291964
MCO,NY.GDP.PCAP.CD,1976,28396.3794040315
MCO,NY.GDP.PCAP.CD,1975,27920.7436036735
MCO,NY.GDP.PCAP.CD,1974,22347.8999054501
MCO,NY.GDP.PCAP.CD,1973,20882.02134665
MCO,NY.GDP.PCAP.CD,1972,16187.4306500397
MCO,NY.GDP.PCAP.CD,1971,13334.3998386726
MCO,NY.GDP.PCAP.CD,1970,12098.2018753587
MCO,NY.GDP.PCAP.CD,1969,
MCO,NY.GDP.PCAP.CD,1968,
MCO,NY.GDP.PCAP.CD,1967,
MCO,NY.GDP.PCAP.CD,1966,
MCO,NY.GDP.PCAP.CD,1965,
MCO,NY.GDP.PCAP.CD,1964,
MCO,NY.GDP.PCAP.CD,1963,
MCO,NY.GDP.PCAP.CD,1962,
MCO,NY.GDP.PCAP.CD,1961,
MCO,NY.GDP.PCAP.CD,1960,
MNG,NY.GDP.PCAP.CD,2025,
MNG,NY.GDP.PCAP.CD,2024,6750.6301157724
MNG,NY.GDP.PCAP.CD,2023,5838.63108083902
MNG,NY.GDP.PCAP.CD,2022,4993.51487463495
MNG,NY.GDP.PCAP.CD,2021,4517.61578018785
MNG,NY.GDP.PCAP.CD,2020,4001.25193077703
MNG,NY.GDP.PCAP.CD,2019,4347.54610314873
MNG,NY.GDP.PCAP.CD,2018,4107.64288528468
MNG,NY.GDP.PCAP.CD,2017,3645.96708669551
MNG,NY.GDP.PCAP.CD,2016,3619.90026383792
MNG,NY.GDP.PCAP.CD,2015,3838.92126989984
MNG,NY.GDP.PCAP.CD,2014,4126.23975800524
MNG,NY.GDP.PCAP.CD,2013,4340.14310544449
MNG,NY.GDP.PCAP.CD,2012,4328.89001905655
MNG,NY.GDP.PCAP.CD,2011,3736.04201455077
MNG,NY.GDP.PCAP.CD,2010,2625.21881402433
MNG,NY.GDP.PCAP.CD,2009,1703.32756790019
MNG,NY.GDP.PCAP.CD,2008,2127.42678594737
MNG,NY.GDP.PCAP.CD,2007,1627.68787743359
MNG,NY.GDP.PCAP.CD,2006,1329.89179579053
MNG,NY.GDP.PCAP.CD,2005,994.90010913241
MNG,NY.GDP.PCAP.CD,2004,794.154552001815
MNG,NY.GDP.PCAP.CD,2003,643.168068921658
MNG,NY.GDP.PCAP.CD,2002,570.249213248399
MNG,NY.GDP.PCAP.CD,2001,524.453483552485
MNG,NY.GDP.PCAP.CD,2000,476.02755082717
MNG,NY.GDP.PCAP.CD,1999,448.660368337533
MNG,NY.GDP.PCAP.CD,1998,483.878066074871
MNG,NY.GDP.PCAP.CD,1997,515.298004947316
MNG,NY.GDP.PCAP.CD,1996,595.5810149554
MNG,NY.GDP.PCAP.CD,1995,652.67456284915
MNG,NY.GDP.PCAP.CD,1994,422.864349383041
MNG,NY.GDP.PCAP.CD,1993,354.898613087701
MNG,NY.GDP.PCAP.CD,1992,607.813424662797
MNG,NY.GDP.PCAP.CD,1991,1098.68017445549
MNG,NY.GDP.PCAP.CD,1990,1220.17127664137
MNG,NY.GDP.PCAP.CD,1989,1683.92432862486
MNG,NY.GDP.PCAP.CD,1988,1543.33555521093
MNG,NY.GDP.PCAP.CD,1987,1493.28238085822
MNG,NY.GDP.PCAP.CD,1986,1469.42176378914
MNG,NY.GDP.PCAP.CD,1985,1137.90764730312
MNG,NY.GDP.PCAP.CD,1984,1119.71388466075
MNG,NY.GDP.PCAP.CD,1983,1490.21297634746
MNG,NY.GDP.PCAP.CD,1982,1429.62551800828
MNG,NY.GDP.PCAP.CD,1981,1325.46680536613
MNG,NY.GDP.PCAP.CD,1980,1235.14422497627
MNG,NY.GDP.PCAP.CD,1979,
MNG,NY.GDP.PCAP.CD,1978,
MNG,NY.GDP.PCAP.CD,1977,
MNG,NY.GDP.PCAP.CD,1976,
MNG,NY.GDP.PCAP.CD,1975,
MNG,NY.GDP.PCAP.CD,1974,
MNG,NY.GDP.PCAP.CD,1973,
MNG,NY.GDP.PCAP.CD,1972,
MNG,NY.GDP.PCAP.CD,1971,
MNG,NY.GDP.PCAP.CD,1970,
MNG,NY.GDP.PCAP.CD,1969,
MNG,NY.GDP.PCAP.CD,1968,
MNG,NY.GDP.PCAP.CD,1967,
MNG,NY.GDP.PCAP.CD,1966,
MNG,NY.GDP.PCAP.CD,1965,
MNG,NY.GDP.PCAP.CD,1964,
MNG,NY.GDP.PCAP.CD,1963,
MNG,NY.GDP.PCAP.CD,1962,
MNG,NY.GDP.PCAP.CD,1961,
MNG,NY.GDP.PCAP.CD,1960,
MNE,NY.GDP.PCAP.CD,2025,
MNE,NY.GDP.PCAP.CD,2024,13263.3281277699
MNE,NY.GDP.PCAP.CD,2023,12259.8775034436
MNE,NY.GDP.PCAP.CD,2022,10024.5435616209
MNE,NY.GDP.PCAP.CD,2021,9317.15520065156
MNE,NY.GDP.PCAP.CD,2020,7538.53635992191
MNE,NY.GDP.PCAP.CD,2019,8749.02375172644
MNE,NY.GDP.PCAP.CD,2018,8673.59128084795
MNE,NY.GDP.PCAP.CD,2017,7674.2813940676
MNE,NY.GDP.PCAP.CD,2016,6968.01539365317
MNE,NY.GDP.PCAP.CD,2015,6421.00307345999
MNE,NY.GDP.PCAP.CD,2014,7342.17339453427
MNE,NY.GDP.PCAP.CD,2013,7102.77882895852
MNE,NY.GDP.PCAP.CD,2012,6552.48071710904
MNE,NY.GDP.PCAP.CD,2011,7265.51668681954
MNE,NY.GDP.PCAP.CD,2010,6678.63930800758
MNE,NY.GDP.PCAP.CD,2009,6700.11405052395
MNE,NY.GDP.PCAP.CD,2008,7359.95118960869
MNE,NY.GDP.PCAP.CD,2007,5971.84638953467
MNE,NY.GDP.PCAP.CD,2006,4418.84951521682
MNE,NY.GDP.PCAP.CD,2005,3674.6179242797
MNE,NY.GDP.PCAP.CD,2004,3380.16512135859
MNE,NY.GDP.PCAP.CD,2003,2789.15906483509
MNE,NY.GDP.PCAP.CD,2002,2106.6350684523
MNE,NY.GDP.PCAP.CD,2001,1909.59870186179
MNE,NY.GDP.PCAP.CD,2000,1627.06511911987
MNE,NY.GDP.PCAP.CD,1999,1367.90257335097
MNE,NY.GDP.PCAP.CD,1998,1405.81632669854
MNE,NY.GDP.PCAP.CD,1997,1375.32616813442
MNE,NY.GDP.PCAP.CD,1996,
MNE,NY.GDP.PCAP.CD,1995,
MNE,NY.GDP.PCAP.CD,1994,
MNE,NY.GDP.PCAP.CD,1993,
MNE,NY.GDP.PCAP.CD,1992,
MNE,NY.GDP.PCAP.CD,1991,
MNE,NY.GDP.PCAP.CD,1990,
MNE,NY.GDP.PCAP.CD,1989,
MNE,NY.GDP.PCAP.CD,1988,
MNE,NY.GDP.PCAP.CD,1987,
MNE,NY.GDP.PCAP.CD,1986,
MNE,NY.GDP.PCAP.CD,1985,
MNE,NY.GDP.PCAP.CD,1984,
MNE,NY.GDP.PCAP.CD,1983,
MNE,NY.GDP.PCAP.CD,1982,
MNE,NY.GDP.PCAP.CD,1981,
MNE,NY.GDP.PCAP.CD,1980,
MNE,NY.GDP.PCAP.CD,1979,
MNE,NY.GDP.PCAP.CD,1978,
MNE,NY.GDP.PCAP.CD,1977,
MNE,NY.GDP.PCAP.CD,1976,
MNE,NY.GDP.PCAP.CD,1975,
MNE,NY.GDP.PCAP.CD,1974,
MNE,NY.GDP.PCAP.CD,1973,
MNE,NY.GDP.PCAP.CD,1972,
MNE,NY.GDP.PCAP.CD,1971,
MNE,NY.GDP.PCAP.CD,1970,
MNE,NY.GDP.PCAP.CD,1969,
MNE,NY.GDP.PCAP.CD,1968,
MNE,NY.GDP.PCAP.CD,1967,
MNE,NY.GDP.PCAP.CD,1966,
MNE,NY.GDP.PCAP.CD,1965,
MNE,NY.GDP.PCAP.CD,1964,
MNE,NY.GDP.PCAP.CD,1963,
MNE,NY.GDP.PCAP.CD,1962,
MNE,NY.GDP.PCAP.CD,1961,
MNE,NY.GDP.PCAP.CD,1960,
MAR,NY.GDP.PCAP.CD,2025,
MAR,NY.GDP.PCAP.CD,2024,4153.1943359375
MAR,NY.GDP.PCAP.CD,2023,3813.72607421875
MAR,NY.GDP.PCAP.CD,2022,3463.1376953125
MAR,NY.GDP.PCAP.CD,2021,3785.93627929688
MAR,NY.GDP.PCAP.CD,2020,3268.0302734375
MAR,NY.GDP.PCAP.CD,2019,3508.09765625
MAR,NY.GDP.PCAP.CD,2018,3501.69799804688
MAR,NY.GDP.PCAP.CD,2017,3296.52661132813
MAR,NY.GDP.PCAP.CD,2016,3140.85546875
MAR,NY.GDP.PCAP.CD,2015,3146.24780273438
MAR,NY.GDP.PCAP.CD,2014,3435.40698242188
MAR,NY.GDP.PCAP.CD,2013,3379.7431640625
MAR,NY.GDP.PCAP.CD,2012,3164.17724609375
MAR,NY.GDP.PCAP.CD,2011,3301.98876953125
MAR,NY.GDP.PCAP.CD,2010,3067.9853515625
MAR,NY.GDP.PCAP.CD,2009,3119.58862304688
MAR,NY.GDP.PCAP.CD,2008,3183.20043945313
MAR,NY.GDP.PCAP.CD,2007,2755.5859375
MAR,NY.GDP.PCAP.CD,2006,2438.12646484375
MAR,NY.GDP.PCAP.CD,2005,2242.98828125
MAR,NY.GDP.PCAP.CD,2004,2183.55541992188
MAR,NY.GDP.PCAP.CD,2003,1941.87255859375
MAR,NY.GDP.PCAP.CD,2002,1596.02062988281
MAR,NY.GDP.PCAP.CD,2001,1506.24523925781
MAR,NY.GDP.PCAP.CD,2000,1499.107421875
MAR,NY.GDP.PCAP.CD,1999,1635.65673828125
MAR,NY.GDP.PCAP.CD,1998,1668.49755859375
MAR,NY.GDP.PCAP.CD,1997,1426.30114746094
MAR,NY.GDP.PCAP.CD,1996,1596.83239746094
MAR,NY.GDP.PCAP.CD,1995,1466.78820800781
MAR,NY.GDP.PCAP.CD,1994,1358.79443359375
MAR,NY.GDP.PCAP.CD,1993,1226.43054199219
MAR,NY.GDP.PCAP.CD,1992,1327.02954101563
MAR,NY.GDP.PCAP.CD,1991,1292.23376464844
MAR,NY.GDP.PCAP.CD,1990,1229.07104492188
MAR,NY.GDP.PCAP.CD,1989,1091.27624511719
MAR,NY.GDP.PCAP.CD,1988,1086.03527832031
MAR,NY.GDP.PCAP.CD,1987,937.457153320313
MAR,NY.GDP.PCAP.CD,1986,855.169311523438
MAR,NY.GDP.PCAP.CD,1985,673.2900390625
MAR,NY.GDP.PCAP.CD,1984,681.909729003906
MAR,NY.GDP.PCAP.CD,1983,766.529602050781
MAR,NY.GDP.PCAP.CD,1982,856.569763183594
MAR,NY.GDP.PCAP.CD,1981,884.443237304688
MAR,NY.GDP.PCAP.CD,1980,1109.88220214844
MAR,NY.GDP.PCAP.CD,1979,834.812133789063
MAR,NY.GDP.PCAP.CD,1978,712.879638671875
MAR,NY.GDP.PCAP.CD,1977,610.750366210938
MAR,NY.GDP.PCAP.CD,1976,543.368469238281
MAR,NY.GDP.PCAP.CD,1975,521.838928222656
MAR,NY.GDP.PCAP.CD,1974,456.592529296875
MAR,NY.GDP.PCAP.CD,1973,380.527801513672
MAR,NY.GDP.PCAP.CD,1972,317.074066162109
MAR,NY.GDP.PCAP.CD,1971,279.167236328125
MAR,NY.GDP.PCAP.CD,1970,260.26513671875
MAR,NY.GDP.PCAP.CD,1969,246.799652099609
MAR,NY.GDP.PCAP.CD,1968,227.120864868164
MAR,NY.GDP.PCAP.CD,1967,217.304306030273
MAR,NY.GDP.PCAP.CD,1966,210.824432373047
MAR,NY.GDP.PCAP.CD,1965,221.967697143555
MAR,NY.GDP.PCAP.CD,1964,216.263046264648
MAR,NY.GDP.PCAP.CD,1963,210.635650634766
MAR,NY.GDP.PCAP.CD,1962,193.647811889648
MAR,NY.GDP.PCAP.CD,1961,169.318435668945
MAR,NY.GDP.PCAP.CD,1960,174.784133911133
MOZ,NY.GDP.PCAP.CD,2025,
MOZ,NY.GDP.PCAP.CD,2024,656.776824637306
MOZ,NY.GDP.PCAP.CD,2023,622.000297682823
MOZ,NY.GDP.PCAP.CD,2022,578.251663751351
MOZ,NY.GDP.PCAP.CD,2021,509.907829475551
MOZ,NY.GDP.PCAP.CD,2020,462.433876479921
MOZ,NY.GDP.PCAP.CD,2019,519.09255091362
MOZ,NY.GDP.PCAP.CD,2018,517.507260258101
MOZ,NY.GDP.PCAP.CD,2017,470.93856305196
MOZ,NY.GDP.PCAP.CD,2016,441.489734819071
MOZ,NY.GDP.PCAP.CD,2015,610.563774706589
MOZ,NY.GDP.PCAP.CD,2014,697.142680444123
MOZ,NY.GDP.PCAP.CD,2013,686.505672517351
MOZ,NY.GDP.PCAP.CD,2012,685.685748199513
MOZ,NY.GDP.PCAP.CD,2011,618.17649286789
MOZ,NY.GDP.PCAP.CD,2010,496.185839392659
MOZ,NY.GDP.PCAP.CD,2009,547.697144193651
MOZ,NY.GDP.PCAP.CD,2008,592.159111184122
MOZ,NY.GDP.PCAP.CD,2007,507.874923914304
MOZ,NY.GDP.PCAP.CD,2006,457.487647833183
MOZ,NY.GDP.PCAP.CD,2005,436.773856167384
MOZ,NY.GDP.PCAP.CD,2004,400.056973161545
MOZ,NY.GDP.PCAP.CD,2003,339.488737800648
MOZ,NY.GDP.PCAP.CD,2002,313.886661721198
MOZ,NY.GDP.PCAP.CD,2001,304.792138621913
MOZ,NY.GDP.PCAP.CD,2000,327.12623979157
MOZ,NY.GDP.PCAP.CD,1999,354.406245723711
MOZ,NY.GDP.PCAP.CD,1998,320.125121723292
MOZ,NY.GDP.PCAP.CD,1997,287.532091475389
MOZ,NY.GDP.PCAP.CD,1996,244.362651012498
MOZ,NY.GDP.PCAP.CD,1995,191.826096861406
MOZ,NY.GDP.PCAP.CD,1994,196.763143175646
MOZ,NY.GDP.PCAP.CD,1993,205.189844208699
MOZ,NY.GDP.PCAP.CD,1992,205.585216062094
MOZ,NY.GDP.PCAP.CD,1991,288.708092484444
MOZ,NY.GDP.PCAP.CD,1990,
MOZ,NY.GDP.PCAP.CD,1989,
MOZ,NY.GDP.PCAP.CD,1988,
MOZ,NY.GDP.PCAP.CD,1987,
MOZ,NY.GDP.PCAP.CD,1986,
MOZ,NY.GDP.PCAP.CD,1985,
MOZ,NY.GDP.PCAP.CD,1984,
MOZ,NY.GDP.PCAP.CD,1983,
MOZ,NY.GDP.PCAP.CD,1982,
MOZ,NY.GDP.PCAP.CD,1981,
MOZ,NY.GDP.PCAP.CD,1980,
MOZ,NY.GDP.PCAP.CD,1979,
MOZ,NY.GDP.PCAP.CD,1978,
MOZ,NY.GDP.PCAP.CD,1977,
MOZ,NY.GDP.PCAP.CD,1976,
MOZ,NY.GDP.PCAP.CD,1975,
MOZ,NY.GDP.PCAP.CD,1974,
MOZ,NY.GDP.PCAP.CD,1973,
MOZ,NY.GDP.PCAP.CD,1972,
MOZ,NY.GDP.PCAP.CD,1971,
MOZ,NY.GDP.PCAP.CD,1970,
MOZ,NY.GDP.PCAP.CD,1969,
MOZ,NY.GDP.PCAP.CD,1968,
MOZ,NY.GDP.PCAP.CD,1967,
MOZ,NY.GDP.PCAP.CD,1966,
MOZ,NY.GDP.PCAP.CD,1965,
MOZ,NY.GDP.PCAP.CD,1964,
MOZ,NY.GDP.PCAP.CD,1963,
MOZ,NY.GDP.PCAP.CD,1962,
MOZ,NY.GDP.PCAP.CD,1961,
MOZ,NY.GDP.PCAP.CD,1960,
MMR,NY.GDP.PCAP.CD,2025,
MMR,NY.GDP.PCAP.CD,2024,1359.05001560107
MMR,NY.GDP.PCAP.CD,2023,1233.19666209269
MMR,NY.GDP.PCAP.CD,2022,1158.05005055976
MMR,NY.GDP.PCAP.CD,2021,1242.7213439951
MMR,NY.GDP.PCAP.CD,2020,1490.21683599469
MMR,NY.GDP.PCAP.CD,2019,1425.98954241668
MMR,NY.GDP.PCAP.CD,2018,1298.21310327675
MMR,NY.GDP.PCAP.CD,2017,1272.82241815234
MMR,NY.GDP.PCAP.CD,2016,1229.19713491328
MMR,NY.GDP.PCAP.CD,2015,1166.73305547935
MMR,NY.GDP.PCAP.CD,2014,1293.00042319714
MMR,NY.GDP.PCAP.CD,2013,1199.09561597055
MMR,NY.GDP.PCAP.CD,2012,1202.6658960055
MMR,NY.GDP.PCAP.CD,2011,1213.62898703376
MMR,NY.GDP.PCAP.CD,2010,1010.53417343401
MMR,NY.GDP.PCAP.CD,2009,758.442935789255
MMR,NY.GDP.PCAP.CD,2008,658.442487229705
MMR,NY.GDP.PCAP.CD,2007,419.375780725042
MMR,NY.GDP.PCAP.CD,2006,303.495087119254
MMR,NY.GDP.PCAP.CD,2005,252.685193060728
MMR,NY.GDP.PCAP.CD,2004,224.508811413327
MMR,NY.GDP.PCAP.CD,2003,224.292688912409
MMR,NY.GDP.PCAP.CD,2002,146.598390364449
MMR,NY.GDP.PCAP.CD,2001,141.525660705722
MMR,NY.GDP.PCAP.CD,2000,196.619580625284
MMR,NY.GDP.PCAP.CD,1999,189.490155849067
MMR,NY.GDP.PCAP.CD,1998,145.950830383757
MMR,NY.GDP.PCAP.CD,1997,108.039770292032
MMR,NY.GDP.PCAP.CD,1996,141.897267580367
MMR,NY.GDP.PCAP.CD,1995,124.14348039051
MMR,NY.GDP.PCAP.CD,1994,105.391561114159
MMR,NY.GDP.PCAP.CD,1993,76.212889482598
MMR,NY.GDP.PCAP.CD,1992,58.8896739558883
MMR,NY.GDP.PCAP.CD,1991,51.2408970610106
MMR,NY.GDP.PCAP.CD,1990,53.1225401094506
MMR,NY.GDP.PCAP.CD,1989,51.3443285034615
MMR,NY.GDP.PCAP.CD,1988,39.9236088878004
MMR,NY.GDP.PCAP.CD,1987,41.1478137224602
MMR,NY.GDP.PCAP.CD,1986,42.4193735892874
MMR,NY.GDP.PCAP.CD,1985,40.3821412603663
MMR,NY.GDP.PCAP.CD,1984,36.3255768443636
MMR,NY.GDP.PCAP.CD,1983,39.2908686161265
MMR,NY.GDP.PCAP.CD,1982,42.9535414901862
MMR,NY.GDP.PCAP.CD,1981,32.8127790443581
MMR,NY.GDP.PCAP.CD,1980,31.2462392881093
MMR,NY.GDP.PCAP.CD,1979,29.2136757858848
MMR,NY.GDP.PCAP.CD,1978,29.2562311044151
MMR,NY.GDP.PCAP.CD,1977,27.8600867193791
MMR,NY.GDP.PCAP.CD,1976,39.1660083715823
MMR,NY.GDP.PCAP.CD,1975,35.163291569876
MMR,NY.GDP.PCAP.CD,1974,41.4076276435663
MMR,NY.GDP.PCAP.CD,1973,24.7965628847435
MMR,NY.GDP.PCAP.CD,1972,23.2941302744944
MMR,NY.GDP.PCAP.CD,1971,21.1257517513266
MMR,NY.GDP.PCAP.CD,1970,20.7242782768026
MMR,NY.GDP.PCAP.CD,1969,21.5103180527937
MMR,NY.GDP.PCAP.CD,1968,21.5453410007264
MMR,NY.GDP.PCAP.CD,1967,16.5453805372426
MMR,NY.GDP.PCAP.CD,1966,11.8013216738981
MMR,NY.GDP.PCAP.CD,1965,15.1178632326484
MMR,NY.GDP.PCAP.CD,1964,17.3322006236435
MMR,NY.GDP.PCAP.CD,1963,25.8039844353997
MMR,NY.GDP.PCAP.CD,1962,27.9470039695431
MMR,NY.GDP.PCAP.CD,1961,27.2654541223873
MMR,NY.GDP.PCAP.CD,1960,25.0847757223623
NAM,NY.GDP.PCAP.CD,2025,
NAM,NY.GDP.PCAP.CD,2024,4413.12752211572
NAM,NY.GDP.PCAP.CD,2023,4187.60500396525
NAM,NY.GDP.PCAP.CD,2022,4349.79908493314
NAM,NY.GDP.PCAP.CD,2021,4412.8355693052
NAM,NY.GDP.PCAP.CD,2020,3878.58982993966
NAM,NY.GDP.PCAP.CD,2019,4731.9210318831
NAM,NY.GDP.PCAP.CD,2018,5308.60813408705
NAM,NY.GDP.PCAP.CD,2017,5143.96072323076
NAM,NY.GDP.PCAP.CD,2016,4395.68776162376
NAM,NY.GDP.PCAP.CD,2015,4774.10650865775
NAM,NY.GDP.PCAP.CD,2014,5378.32326241205
NAM,NY.GDP.PCAP.CD,2013,5346.62131149967
NAM,NY.GDP.PCAP.CD,2012,5942.64680978673
NAM,NY.GDP.PCAP.CD,2011,5834.7917675794
NAM,NY.GDP.PCAP.CD,2010,5418.21633365814
NAM,NY.GDP.PCAP.CD,2009,4302.91374148376
NAM,NY.GDP.PCAP.CD,2008,4204.78555422749
NAM,NY.GDP.PCAP.CD,2007,4379.04313682732
NAM,NY.GDP.PCAP.CD,2006,4017.1834716928
NAM,NY.GDP.PCAP.CD,2005,3685.77299991587
NAM,NY.GDP.PCAP.CD,2004,3403.15496192955
NAM,NY.GDP.PCAP.CD,2003,2569.24739317883
NAM,NY.GDP.PCAP.CD,2002,1772.07565537493
NAM,NY.GDP.PCAP.CD,2001,1915.58926594875
NAM,NY.GDP.PCAP.CD,2000,2156.67590512714
NAM,NY.GDP.PCAP.CD,1999,2177.78733370092
NAM,NY.GDP.PCAP.CD,1998,2235.24515468625
NAM,NY.GDP.PCAP.CD,1997,2459.64511763936
NAM,NY.GDP.PCAP.CD,1996,2423.3982907313
NAM,NY.GDP.PCAP.CD,1995,2483.20353415161
NAM,NY.GDP.PCAP.CD,1994,2355.90445673153
NAM,NY.GDP.PCAP.CD,1993,2154.96473655435
NAM,NY.GDP.PCAP.CD,1992,2346.86242963741
NAM,NY.GDP.PCAP.CD,1991,2116.90552516214
NAM,NY.GDP.PCAP.CD,1990,2037.47589359778
NAM,NY.GDP.PCAP.CD,1989,1966.82702819252
NAM,NY.GDP.PCAP.CD,1988,2062.57997582884
NAM,NY.GDP.PCAP.CD,1987,1969.42364982372
NAM,NY.GDP.PCAP.CD,1986,1599.39785666132
NAM,NY.GDP.PCAP.CD,1985,1466.17924353732
NAM,NY.GDP.PCAP.CD,1984,1830.46920554097
NAM,NY.GDP.PCAP.CD,1983,2214.33863115715
NAM,NY.GDP.PCAP.CD,1982,2097.09340946461
NAM,NY.GDP.PCAP.CD,1981,2266.91040607673
NAM,NY.GDP.PCAP.CD,1980,2467.80765504439
NAM,NY.GDP.PCAP.CD,1979,
NAM,NY.GDP.PCAP.CD,1978,
NAM,NY.GDP.PCAP.CD,1977,
NAM,NY.GDP.PCAP.CD,1976,
NAM,NY.GDP.PCAP.CD,1975,
NAM,NY.GDP.PCAP.CD,1974,
NAM,NY.GDP.PCAP.CD,1973,
NAM,NY.GDP.PCAP.CD,1972,
NAM,NY.GDP.PCAP.CD,1971,
NAM,NY.GDP.PCAP.CD,1970,
NAM,NY.GDP.PCAP.CD,1969,
NAM,NY.GDP.PCAP.CD,1968,
NAM,NY.GDP.PCAP.CD,1967,
NAM,NY.GDP.PCAP.CD,1966,
NAM,NY.GDP.PCAP.CD,1965,
NAM,NY.GDP.PCAP.CD,1964,
NAM,NY.GDP.PCAP.CD,1963,
NAM,NY.GDP.PCAP.CD,1962,
NAM,NY.GDP.PCAP.CD,1961,
NAM,NY.GDP.PCAP.CD,1960,
NRU,NY.GDP.PCAP.CD,2025,
NRU,NY.GDP.PCAP.CD,2024,13609.158837552
NRU,NY.GDP.PCAP.CD,2023,12752.4723855838
NRU,NY.GDP.PCAP.CD,2022,12911.9086441381
NRU,NY.GDP.PCAP.CD,2021,14979.099896799
NRU,NY.GDP.PCAP.CD,2020,10709.068810538
NRU,NY.GDP.PCAP.CD,2019,10801.7705659635
NRU,NY.GDP.PCAP.CD,2018,11413.7463016389
NRU,NY.GDP.PCAP.CD,2017,9656.97976571484
NRU,NY.GDP.PCAP.CD,2016,8748.15632605428
NRU,NY.GDP.PCAP.CD,2015,7747.25584993607
NRU,NY.GDP.PCAP.CD,2014,9230.05440328927
NRU,NY.GDP.PCAP.CD,2013,8974.51886874433
NRU,NY.GDP.PCAP.CD,2012,9842.77032731856
NRU,NY.GDP.PCAP.CD,2011,6444.03642094634
NRU,NY.GDP.PCAP.CD,2010,4735.92000502092
NRU,NY.GDP.PCAP.CD,2009,4410.56764668962
NRU,NY.GDP.PCAP.CD,2008,3756.84531228766
NRU,NY.GDP.PCAP.CD,2007,2272.15291307045
NRU,NY.GDP.PCAP.CD,2006,2910.14145794684
NRU,NY.GDP.PCAP.CD,2005,2992.40382776926
NRU,NY.GDP.PCAP.CD,2004,3040.51349889
NRU,NY.GDP.PCAP.CD,2003,2463.28259078079
NRU,NY.GDP.PCAP.CD,2002,2084.64824520971
NRU,NY.GDP.PCAP.CD,2001,2232.30874026726
NRU,NY.GDP.PCAP.CD,2000,2648.60152860938
NRU,NY.GDP.PCAP.CD,1999,2682.69486680046
NRU,NY.GDP.PCAP.CD,1998,2908.84986525428
NRU,NY.GDP.PCAP.CD,1997,3661.02846701327
NRU,NY.GDP.PCAP.CD,1996,3678.56242894634
NRU,NY.GDP.PCAP.CD,1995,3932.0910939209
NRU,NY.GDP.PCAP.CD,1994,3920.53972987914
NRU,NY.GDP.PCAP.CD,1993,4310.24433298623
NRU,NY.GDP.PCAP.CD,1992,5102.59685913907
NRU,NY.GDP.PCAP.CD,1991,5333.37954889626
NRU,NY.GDP.PCAP.CD,1990,5775.55347423089
NRU,NY.GDP.PCAP.CD,1989,5722.7674219742
NRU,NY.GDP.PCAP.CD,1988,5011.58031484611
NRU,NY.GDP.PCAP.CD,1987,4484.50814586951
NRU,NY.GDP.PCAP.CD,1986,4568.67887653491
NRU,NY.GDP.PCAP.CD,1985,4858.93351745825
NRU,NY.GDP.PCAP.CD,1984,5653.96100020028
NRU,NY.GDP.PCAP.CD,1983,5895.70266811075
NRU,NY.GDP.PCAP.CD,1982,6576.83364047027
NRU,NY.GDP.PCAP.CD,1981,6593.90695188717
NRU,NY.GDP.PCAP.CD,1980,6137.68129611495
NRU,NY.GDP.PCAP.CD,1979,5949.5621623368
NRU,NY.GDP.PCAP.CD,1978,5721.31368927221
NRU,NY.GDP.PCAP.CD,1977,5646.3355809661
NRU,NY.GDP.PCAP.CD,1976,5703.20317140765
NRU,NY.GDP.PCAP.CD,1975,5740.19978696317
NRU,NY.GDP.PCAP.CD,1974,5199.26497504766
NRU,NY.GDP.PCAP.CD,1973,3863.94069095729
NRU,NY.GDP.PCAP.CD,1972,3190.58553898837
NRU,NY.GDP.PCAP.CD,1971,2811.2146269153
NRU,NY.GDP.PCAP.CD,1970,2618.53445937725
NRU,NY.GDP.PCAP.CD,1969,
NRU,NY.GDP.PCAP.CD,1968,
NRU,NY.GDP.PCAP.CD,1967,
NRU,NY.GDP.PCAP.CD,1966,
NRU,NY.GDP.PCAP.CD,1965,
NRU,NY.GDP.PCAP.CD,1964,
NRU,NY.GDP.PCAP.CD,1963,
NRU,NY.GDP.PCAP.CD,1962,
NRU,NY.GDP.PCAP.CD,1961,
NRU,NY.GDP.PCAP.CD,1960,
NPL,NY.GDP.PCAP.CD,2025,
NPL,NY.GDP.PCAP.CD,2024,1447.31004458428
NPL,NY.GDP.PCAP.CD,2023,1382.33055769304
NPL,NY.GDP.PCAP.CD,2022,1385.91066274851
NPL,NY.GDP.PCAP.CD,2021,1252.75076731986
NPL,NY.GDP.PCAP.CD,2020,1154.21517578318
NPL,NY.GDP.PCAP.CD,2019,1203.14294706401
NPL,NY.GDP.PCAP.CD,2018,1179.19843190389
NPL,NY.GDP.PCAP.CD,2017,1034.28374906846
NPL,NY.GDP.PCAP.CD,2016,877.256454696737
NPL,NY.GDP.PCAP.CD,2015,875.543635474862
NPL,NY.GDP.PCAP.CD,2014,821.455224911731
NPL,NY.GDP.PCAP.CD,2013,803.269595420477
NPL,NY.GDP.PCAP.CD,2012,788.202937148377
NPL,NY.GDP.PCAP.CD,2011,785.518656222132
NPL,NY.GDP.PCAP.CD,2010,585.278491984574
NPL,NY.GDP.PCAP.CD,2009,473.078751198621
NPL,NY.GDP.PCAP.CD,2008,464.817391891529
NPL,NY.GDP.PCAP.CD,2007,385.449767660642
NPL,NY.GDP.PCAP.CD,2006,340.431796437968
NPL,NY.GDP.PCAP.CD,2005,309.024168339372
NPL,NY.GDP.PCAP.CD,2004,279.587750044428
NPL,NY.GDP.PCAP.CD,2003,246.429706587633
NPL,NY.GDP.PCAP.CD,2002,238.89140296106
NPL,NY.GDP.PCAP.CD,2001,240.795114544664
NPL,NY.GDP.PCAP.CD,2000,223.830289183078
NPL,NY.GDP.PCAP.CD,1999,208.646667913743
NPL,NY.GDP.PCAP.CD,1998,205.075246306069
NPL,NY.GDP.PCAP.CD,1997,211.834869589153
NPL,NY.GDP.PCAP.CD,1996,198.821907435345
NPL,NY.GDP.PCAP.CD,1995,197.843001330326
NPL,NY.GDP.PCAP.CD,1994,187.258176246151
NPL,NY.GDP.PCAP.CD,1993,172.805202579767
NPL,NY.GDP.PCAP.CD,1992,165.02959412726
NPL,NY.GDP.PCAP.CD,1991,195.716621410462
NPL,NY.GDP.PCAP.CD,1990,185.794600449903
NPL,NY.GDP.PCAP.CD,1989,184.975416457251
NPL,NY.GDP.PCAP.CD,1988,187.084777621975
NPL,NY.GDP.PCAP.CD,1987,162.036906898913
NPL,NY.GDP.PCAP.CD,1986,159.545682806044
NPL,NY.GDP.PCAP.CD,1985,149.900453418882
NPL,NY.GDP.PCAP.CD,1984,151.078187115939
NPL,NY.GDP.PCAP.CD,1983,146.632953086254
NPL,NY.GDP.PCAP.CD,1982,146.976662933749
NPL,NY.GDP.PCAP.CD,1981,142.916898807843
NPL,NY.GDP.PCAP.CD,1980,125.114347478097
NPL,NY.GDP.PCAP.CD,1979,121.86820974915
NPL,NY.GDP.PCAP.CD,1978,108.099425052837
NPL,NY.GDP.PCAP.CD,1977,95.3433557426543
NPL,NY.GDP.PCAP.CD,1976,102.470373251774
NPL,NY.GDP.PCAP.CD,1975,113.605645172746
NPL,NY.GDP.PCAP.CD,1974,89.7637455591626
NPL,NY.GDP.PCAP.CD,1973,73.2266835267801
NPL,NY.GDP.PCAP.CD,1972,78.842912842237
NPL,NY.GDP.PCAP.CD,1971,69.4540704096493
NPL,NY.GDP.PCAP.CD,1970,69.6334897297304
NPL,NY.GDP.PCAP.CD,1969,64.8179199463286
NPL,NY.GDP.PCAP.CD,1968,64.8592419247839
NPL,NY.GDP.PCAP.CD,1967,72.255603368576
NPL,NY.GDP.PCAP.CD,1966,79.484178651631
NPL,NY.GDP.PCAP.CD,1965,65.8050690424137
NPL,NY.GDP.PCAP.CD,1964,45.320757315163
NPL,NY.GDP.PCAP.CD,1963,46.3146629740628
NPL,NY.GDP.PCAP.CD,1962,54.565608932967
NPL,NY.GDP.PCAP.CD,1961,51.5544820747585
NPL,NY.GDP.PCAP.CD,1960,50.2125233749587
NLD,NY.GDP.PCAP.CD,2025,
NLD,NY.GDP.PCAP.CD,2024,67520.4218956281
NLD,NY.GDP.PCAP.CD,2023,63515.6030780019
NLD,NY.GDP.PCAP.CD,2022,59123.318556487
NLD,NY.GDP.PCAP.CD,2021,60141.9880911492
NLD,NY.GDP.PCAP.CD,2020,53467.9277413737
NLD,NY.GDP.PCAP.CD,2019,53554.9007491475
NLD,NY.GDP.PCAP.CD,2018,53955.0770024266
NLD,NY.GDP.PCAP.CD,2017,49513.6817346384
NLD,NY.GDP.PCAP.CD,2016,46808.5291492503
NLD,NY.GDP.PCAP.CD,2015,45793.8135434697
NLD,NY.GDP.PCAP.CD,2014,53457.2234864322
NLD,NY.GDP.PCAP.CD,2013,52602.2860520766
NLD,NY.GDP.PCAP.CD,2012,50473.9442002689
NLD,NY.GDP.PCAP.CD,2011,54701.7728030611
NLD,NY.GDP.PCAP.CD,2010,51305.7338533973
NLD,NY.GDP.PCAP.CD,2009,53172.0261581418
NLD,NY.GDP.PCAP.CD,2008,58246.7026905874
NLD,NY.GDP.PCAP.CD,2007,52100.7996285947
NLD,NY.GDP.PCAP.CD,2006,45123.5432406426
NLD,NY.GDP.PCAP.CD,2005,42165.396168388
NLD,NY.GDP.PCAP.CD,2004,40611.3414353091
NLD,NY.GDP.PCAP.CD,2003,35896.7504630706
NLD,NY.GDP.PCAP.CD,2002,29446.5330872868
NLD,NY.GDP.PCAP.CD,2001,26955.7128032278
NLD,NY.GDP.PCAP.CD,2000,26225.1697734149
NLD,NY.GDP.PCAP.CD,1999,28318.7466538357
NLD,NY.GDP.PCAP.CD,1998,27924.281808994
NLD,NY.GDP.PCAP.CD,1997,26744.9601318097
NLD,NY.GDP.PCAP.CD,1996,29063.6236532536
NLD,NY.GDP.PCAP.CD,1995,29301.1940492376
NLD,NY.GDP.PCAP.CD,1994,24682.5866742863
NLD,NY.GDP.PCAP.CD,1993,23156.4404444568
NLD,NY.GDP.PCAP.CD,1992,23939.2173482108
NLD,NY.GDP.PCAP.CD,1991,21764.2144987258
NLD,NY.GDP.PCAP.CD,1990,21322.1944802703
NLD,NY.GDP.PCAP.CD,1989,17423.2961585523
NLD,NY.GDP.PCAP.CD,1988,17770.6162376388
NLD,NY.GDP.PCAP.CD,1987,16734.1514052316
NLD,NY.GDP.PCAP.CD,1986,13804.1360603265
NLD,NY.GDP.PCAP.CD,1985,9940.73843593795
NLD,NY.GDP.PCAP.CD,1984,9991.84377655651
NLD,NY.GDP.PCAP.CD,1983,10696.0774958682
NLD,NY.GDP.PCAP.CD,1982,11088.9543150885
NLD,NY.GDP.PCAP.CD,1981,11537.4026865092
NLD,NY.GDP.PCAP.CD,1980,13812.1600098191
NLD,NY.GDP.PCAP.CD,1979,12817.3790153401
NLD,NY.GDP.PCAP.CD,1978,11195.8424872959
NLD,NY.GDP.PCAP.CD,1977,9180.29918461772
NLD,NY.GDP.PCAP.CD,1976,7937.35246713998
NLD,NY.GDP.PCAP.CD,1975,7346.3047476862
NLD,NY.GDP.PCAP.CD,1974,6450.45770236493
NLD,NY.GDP.PCAP.CD,1973,5353.44265154981
NLD,NY.GDP.PCAP.CD,1972,4110.49164551948
NLD,NY.GDP.PCAP.CD,1971,3383.58715579996
NLD,NY.GDP.PCAP.CD,1970,2931.38078026525
NLD,NY.GDP.PCAP.CD,1969,2646.84581766825
NLD,NY.GDP.PCAP.CD,1968,2364.3594192663
NLD,NY.GDP.PCAP.CD,1967,2154.57969743046
NLD,NY.GDP.PCAP.CD,1966,1986.2702443166
NLD,NY.GDP.PCAP.CD,1965,1848.09801532427
NLD,NY.GDP.PCAP.CD,1964,1668.33086114697
NLD,NY.GDP.PCAP.CD,1963,1436.88726083934
NLD,NY.GDP.PCAP.CD,1962,1342.36827187015
NLD,NY.GDP.PCAP.CD,1961,1254.42028262131
NLD,NY.GDP.PCAP.CD,1960,1156.38597727767
NCL,NY.GDP.PCAP.CD,2025,
NCL,NY.GDP.PCAP.CD,2024,29213.1923192946
NCL,NY.GDP.PCAP.CD,2023,33701.8923322781
NCL,NY.GDP.PCAP.CD,2022,33516.363085906
NCL,NY.GDP.PCAP.CD,2021,35311.5543551452
NCL,NY.GDP.PCAP.CD,2020,33270.330597637
NCL,NY.GDP.PCAP.CD,2019,33411.3358835672
NCL,NY.GDP.PCAP.CD,2018,34902.8968780031
NCL,NY.GDP.PCAP.CD,2017,32354.7102832901
NCL,NY.GDP.PCAP.CD,2016,30782.8544433514
NCL,NY.GDP.PCAP.CD,2015,30858.7237060533
NCL,NY.GDP.PCAP.CD,2014,37816.9558599295
NCL,NY.GDP.PCAP.CD,2013,36671.1566752621
NCL,NY.GDP.PCAP.CD,2012,35559.5672006157
NCL,NY.GDP.PCAP.CD,2011,38835.9401851385
NCL,NY.GDP.PCAP.CD,2010,35798.9084757829
NCL,NY.GDP.PCAP.CD,2009,33836.494080472
NCL,NY.GDP.PCAP.CD,2008,35723.9033194947
NCL,NY.GDP.PCAP.CD,2007,35177.6535261448
NCL,NY.GDP.PCAP.CD,2006,28193.2537573387
NCL,NY.GDP.PCAP.CD,2005,25528.2918353444
NCL,NY.GDP.PCAP.CD,2004,24475.6488547037
NCL,NY.GDP.PCAP.CD,2003,20768.1061488848
NCL,NY.GDP.PCAP.CD,2002,16104.5520406819
NCL,NY.GDP.PCAP.CD,2001,14482.3606263602
NCL,NY.GDP.PCAP.CD,2000,15329.7297200058
NCL,NY.GDP.PCAP.CD,1999,16692.6835119189
NCL,NY.GDP.PCAP.CD,1998,16614.5978812179
NCL,NY.GDP.PCAP.CD,1997,15704.9593483537
NCL,NY.GDP.PCAP.CD,1996,17592.0502745845
NCL,NY.GDP.PCAP.CD,1995,18107.8880778022
NCL,NY.GDP.PCAP.CD,1994,15534.3093278924
NCL,NY.GDP.PCAP.CD,1993,14787.2165075183
NCL,NY.GDP.PCAP.CD,1992,15713.7198562158
NCL,NY.GDP.PCAP.CD,1991,14642.5179713722
NCL,NY.GDP.PCAP.CD,1990,14334.6807372176
NCL,NY.GDP.PCAP.CD,1989,12701.8289877333
NCL,NY.GDP.PCAP.CD,1988,12301.1923190702
NCL,NY.GDP.PCAP.CD,1987,8983.35708724875
NCL,NY.GDP.PCAP.CD,1986,7374.68547045802
NCL,NY.GDP.PCAP.CD,1985,5334.82839832455
NCL,NY.GDP.PCAP.CD,1984,5051.72635841793
NCL,NY.GDP.PCAP.CD,1983,5315.10934087161
NCL,NY.GDP.PCAP.CD,1982,5912.37880618972
NCL,NY.GDP.PCAP.CD,1981,6422.06638106676
NCL,NY.GDP.PCAP.CD,1980,7892.72212911846
NCL,NY.GDP.PCAP.CD,1979,7069.54421444295
NCL,NY.GDP.PCAP.CD,1978,5779.03633913119
NCL,NY.GDP.PCAP.CD,1977,5792.71036838794
NCL,NY.GDP.PCAP.CD,1976,5618.32573273327
NCL,NY.GDP.PCAP.CD,1975,5940.93032547352
NCL,NY.GDP.PCAP.CD,1974,4848.9446983879
NCL,NY.GDP.PCAP.CD,1973,4318.13831160265
NCL,NY.GDP.PCAP.CD,1972,4225.83816273241
NCL,NY.GDP.PCAP.CD,1971,3615.1542919613
NCL,NY.GDP.PCAP.CD,1970,3281.71069593272
NCL,NY.GDP.PCAP.CD,1969,2509.40725556196
NCL,NY.GDP.PCAP.CD,1968,2124.4581832684
NCL,NY.GDP.PCAP.CD,1967,1826.17147949386
NCL,NY.GDP.PCAP.CD,1966,1713.69793827137
NCL,NY.GDP.PCAP.CD,1965,1713.14089313598
NCL,NY.GDP.PCAP.CD,1964,
NCL,NY.GDP.PCAP.CD,1963,
NCL,NY.GDP.PCAP.CD,1962,
NCL,NY.GDP.PCAP.CD,1961,
NCL,NY.GDP.PCAP.CD,1960,
NZL,NY.GDP.PCAP.CD,2025,
NZL,NY.GDP.PCAP.CD,2024,49205.1792146792
NZL,NY.GDP.PCAP.CD,2023,49075.9562832927
NZL,NY.GDP.PCAP.CD,2022,49099.7090423358
NZL,NY.GDP.PCAP.CD,2021,49950.4251691316
NZL,NY.GDP.PCAP.CD,2020,41997.7830324279
NZL,NY.GDP.PCAP.CD,2019,42855.831861632
NZL,NY.GDP.PCAP.CD,2018,43257.0769238879
NZL,NY.GDP.PCAP.CD,2017,42950.3841711138
NZL,NY.GDP.PCAP.CD,2016,40113.7195382428
NZL,NY.GDP.PCAP.CD,2015,38665.3723018158
NZL,NY.GDP.PCAP.CD,2014,44618.266973847
NZL,NY.GDP.PCAP.CD,2013,43000.4646849189
NZL,NY.GDP.PCAP.CD,2012,40053.6991536369
NZL,NY.GDP.PCAP.CD,2011,38431.7766788499
NZL,NY.GDP.PCAP.CD,2010,33761.9009639947
NZL,NY.GDP.PCAP.CD,2009,28276.7255416225
NZL,NY.GDP.PCAP.CD,2008,31324.7397977102
NZL,NY.GDP.PCAP.CD,2007,32479.9817381467
NZL,NY.GDP.PCAP.CD,2006,26654.5932018985
NZL,NY.GDP.PCAP.CD,2005,27751.0654708859
NZL,NY.GDP.PCAP.CD,2004,25420.234882944
NZL,NY.GDP.PCAP.CD,2003,21913.7081719961
NZL,NY.GDP.PCAP.CD,2002,16874.1874918196
NZL,NY.GDP.PCAP.CD,2001,13882.8568268586
NZL,NY.GDP.PCAP.CD,2000,13641.1027183822
NZL,NY.GDP.PCAP.CD,1999,15322.2238340267
NZL,NY.GDP.PCAP.CD,1998,14738.4455703918
NZL,NY.GDP.PCAP.CD,1997,17474.187029724
NZL,NY.GDP.PCAP.CD,1996,18794.436039393
NZL,NY.GDP.PCAP.CD,1995,17400.4201848172
NZL,NY.GDP.PCAP.CD,1994,15280.3127842922
NZL,NY.GDP.PCAP.CD,1993,13094.3454502639
NZL,NY.GDP.PCAP.CD,1992,11793.1392416214
NZL,NY.GDP.PCAP.CD,1991,12230.0734548834
NZL,NY.GDP.PCAP.CD,1990,13663.0216184298
NZL,NY.GDP.PCAP.CD,1989,13312.3855858113
NZL,NY.GDP.PCAP.CD,1988,13759.1556295922
NZL,NY.GDP.PCAP.CD,1987,12330.9168305483
NZL,NY.GDP.PCAP.CD,1986,9427.55394035348
NZL,NY.GDP.PCAP.CD,1985,7600.56524172937
NZL,NY.GDP.PCAP.CD,1984,6713.76013104154
NZL,NY.GDP.PCAP.CD,1983,7598.31203875006
NZL,NY.GDP.PCAP.CD,1982,7656.47573238963
NZL,NY.GDP.PCAP.CD,1981,7813.88754336067
NZL,NY.GDP.PCAP.CD,1980,7467.16803773805
NZL,NY.GDP.PCAP.CD,1979,6668.1386662247
NZL,NY.GDP.PCAP.CD,1978,5936.98526036423
NZL,NY.GDP.PCAP.CD,1977,4950.58820538927
NZL,NY.GDP.PCAP.CD,1976,4373.84099791231
NZL,NY.GDP.PCAP.CD,1975,4171.76973967475
NZL,NY.GDP.PCAP.CD,1974,4610.57042634013
NZL,NY.GDP.PCAP.CD,1973,4323.19653458655
NZL,NY.GDP.PCAP.CD,1972,3294.64894268304
NZL,NY.GDP.PCAP.CD,1971,2772.9185969396
NZL,NY.GDP.PCAP.CD,1970,2311.02761979013
NZL,NY.GDP.PCAP.CD,1969,2096.92646729301
NZL,NY.GDP.PCAP.CD,1968,1902.42182426883
NZL,NY.GDP.PCAP.CD,1967,2208.44213762022
NZL,NY.GDP.PCAP.CD,1966,2211.38222406465
NZL,NY.GDP.PCAP.CD,1965,2170.99809777651
NZL,NY.GDP.PCAP.CD,1964,2839.31554692453
NZL,NY.GDP.PCAP.CD,1963,2646.23652937762
NZL,NY.GDP.PCAP.CD,1962,2471.05500895111
NZL,NY.GDP.PCAP.CD,1961,2364.75383900097
NZL,NY.GDP.PCAP.CD,1960,2334.1337214332
NIC,NY.GDP.PCAP.CD,2025,
NIC,NY.GDP.PCAP.CD,2024,2847.53966339498
NIC,NY.GDP.PCAP.CD,2023,2609.44492072931
NIC,NY.GDP.PCAP.CD,2022,2322.89053964583
NIC,NY.GDP.PCAP.CD,2021,2138.38588469449
NIC,NY.GDP.PCAP.CD,2020,1938.44704754382
NIC,NY.GDP.PCAP.CD,2019,1958.62051528095
NIC,NY.GDP.PCAP.CD,2018,2035.16549390507
NIC,NY.GDP.PCAP.CD,2017,2182.61380995674
NIC,NY.GDP.PCAP.CD,2016,2131.68704828322
NIC,NY.GDP.PCAP.CD,2015,2074.45620634731
NIC,NY.GDP.PCAP.CD,2014,1958.37047579547
NIC,NY.GDP.PCAP.CD,2013,1835.43996363715
NIC,NY.GDP.PCAP.CD,2012,1784.69836017555
NIC,NY.GDP.PCAP.CD,2011,1679.71192084633
NIC,NY.GDP.PCAP.CD,2010,1526.56706951408
NIC,NY.GDP.PCAP.CD,2009,1467.08288052845
NIC,NY.GDP.PCAP.CD,2008,1523.68437086409
NIC,NY.GDP.PCAP.CD,2007,1350.38145753377
NIC,NY.GDP.PCAP.CD,2006,1248.17371577788
NIC,NY.GDP.PCAP.CD,2005,1183.30214010175
NIC,NY.GDP.PCAP.CD,2004,1098.62118662335
NIC,NY.GDP.PCAP.CD,2003,1021.35216668794
NIC,NY.GDP.PCAP.CD,2002,1014.3339042591
NIC,NY.GDP.PCAP.CD,2001,1051.874235891
NIC,NY.GDP.PCAP.CD,2000,1017.3124434882
NIC,NY.GDP.PCAP.CD,1999,980.219744675246
NIC,NY.GDP.PCAP.CD,1998,949.155373494771
NIC,NY.GDP.PCAP.CD,1997,912.757429788533
NIC,NY.GDP.PCAP.CD,1996,910.861645917295
NIC,NY.GDP.PCAP.CD,1995,891.779352309996
NIC,NY.GDP.PCAP.CD,1994,849.179331364895
NIC,NY.GDP.PCAP.CD,1993,394.378074021071
NIC,NY.GDP.PCAP.CD,1992,411.473330661786
NIC,NY.GDP.PCAP.CD,1991,349.514318640612
NIC,NY.GDP.PCAP.CD,1990,242.508390600822
NIC,NY.GDP.PCAP.CD,1989,249.155474069011
NIC,NY.GDP.PCAP.CD,1988,662.308196621167
NIC,NY.GDP.PCAP.CD,1987,992.024066415935
NIC,NY.GDP.PCAP.CD,1986,760.59055909276
NIC,NY.GDP.PCAP.CD,1985,724.056425347288
NIC,NY.GDP.PCAP.CD,1984,861.428649767358
NIC,NY.GDP.PCAP.CD,1983,779.852730684977
NIC,NY.GDP.PCAP.CD,1982,713.777809066357
NIC,NY.GDP.PCAP.CD,1981,739.671655710215
NIC,NY.GDP.PCAP.CD,1980,659.297143121648
NIC,NY.GDP.PCAP.CD,1979,495.366597419221
NIC,NY.GDP.PCAP.CD,1978,690.741261696299
NIC,NY.GDP.PCAP.CD,1977,744.185320440322
NIC,NY.GDP.PCAP.CD,1976,632.573778388006
NIC,NY.GDP.PCAP.CD,1975,561.459695350208
NIC,NY.GDP.PCAP.CD,1974,556.866122465391
NIC,NY.GDP.PCAP.CD,1973,412.527494204714
NIC,NY.GDP.PCAP.CD,1972,341.380772391976
NIC,NY.GDP.PCAP.CD,1971,331.451182972568
NIC,NY.GDP.PCAP.CD,1970,321.316159006971
NIC,NY.GDP.PCAP.CD,1969,319.366650327118
NIC,NY.GDP.PCAP.CD,1968,304.441965331491
NIC,NY.GDP.PCAP.CD,1967,297.946065908473
NIC,NY.GDP.PCAP.CD,1966,283.999593265889
NIC,NY.GDP.PCAP.CD,1965,272.251263163163
NIC,NY.GDP.PCAP.CD,1964,172.68135633824
NIC,NY.GDP.PCAP.CD,1963,152.461498316554
NIC,NY.GDP.PCAP.CD,1962,142.303523551421
NIC,NY.GDP.PCAP.CD,1961,132.943507152279
NIC,NY.GDP.PCAP.CD,1960,127.483812082529
NER,NY.GDP.PCAP.CD,2025,
NER,NY.GDP.PCAP.CD,2024,735.270255787226
NER,NY.GDP.PCAP.CD,2023,638.336080897887
NER,NY.GDP.PCAP.CD,2022,609.745147574878
NER,NY.GDP.PCAP.CD,2021,608.722439593808
NER,NY.GDP.PCAP.CD,2020,579.512495758236
NER,NY.GDP.PCAP.CD,2019,561.691304349698
NER,NY.GDP.PCAP.CD,2018,578.568035680892
NER,NY.GDP.PCAP.CD,2017,521.804130023434
NER,NY.GDP.PCAP.CD,2016,502.706475406446
NER,NY.GDP.PCAP.CD,2015,485.662574175279
NER,NY.GDP.PCAP.CD,2014,565.30989731175
NER,NY.GDP.PCAP.CD,2013,552.103334363117
NER,NY.GDP.PCAP.CD,2012,528.510104469655
NER,NY.GDP.PCAP.CD,2011,510.75956176268
NER,NY.GDP.PCAP.CD,2010,474.425692340831
NER,NY.GDP.PCAP.CD,2009,461.131533961487
NER,NY.GDP.PCAP.CD,2008,475.044955398162
NER,NY.GDP.PCAP.CD,2007,387.168065883301
NER,NY.GDP.PCAP.CD,2006,333.345078419447
NER,NY.GDP.PCAP.CD,2005,318.643121918273
NER,NY.GDP.PCAP.CD,2004,283.468281798296
NER,NY.GDP.PCAP.CD,2003,265.225363452469
NER,NY.GDP.PCAP.CD,2002,225.294391147438
NER,NY.GDP.PCAP.CD,2001,205.417936120931
NER,NY.GDP.PCAP.CD,2000,194.771959898935
NER,NY.GDP.PCAP.CD,1999,228.271656116064
NER,NY.GDP.PCAP.CD,1998,246.090855923026
NER,NY.GDP.PCAP.CD,1997,220.562957209
NER,NY.GDP.PCAP.CD,1996,239.494513213973
NER,NY.GDP.PCAP.CD,1995,237.01998956862
NER,NY.GDP.PCAP.CD,1994,206.214617135856
NER,NY.GDP.PCAP.CD,1993,335.429581902384
NER,NY.GDP.PCAP.CD,1992,384.029657304316
NER,NY.GDP.PCAP.CD,1991,384.44311679922
NER,NY.GDP.PCAP.CD,1990,423.887460599302
NER,NY.GDP.PCAP.CD,1989,271.266557931133
NER,NY.GDP.PCAP.CD,1988,292.587878484489
NER,NY.GDP.PCAP.CD,1987,295.326253933298
NER,NY.GDP.PCAP.CD,1986,259.561894151866
NER,NY.GDP.PCAP.CD,1985,202.372740665362
NER,NY.GDP.PCAP.CD,1984,211.468807340699
NER,NY.GDP.PCAP.CD,1983,268.772580748131
NER,NY.GDP.PCAP.CD,1982,309.795062345471
NER,NY.GDP.PCAP.CD,1981,343.386800706738
NER,NY.GDP.PCAP.CD,1980,408.822779755471
NER,NY.GDP.PCAP.CD,1979,354.169730869649
NER,NY.GDP.PCAP.CD,1978,306.828022482047
NER,NY.GDP.PCAP.CD,1977,229.808417625006
NER,NY.GDP.PCAP.CD,1976,194.789570593583
NER,NY.GDP.PCAP.CD,1975,197.232873008404
NER,NY.GDP.PCAP.CD,1974,198.28916531089
NER,NY.GDP.PCAP.CD,1973,187.854399670045
NER,NY.GDP.PCAP.CD,1972,151.437947747318
NER,NY.GDP.PCAP.CD,1971,145.213783611591
NER,NY.GDP.PCAP.CD,1970,139.75875001865
NER,NY.GDP.PCAP.CD,1969,138.291209756182
NER,NY.GDP.PCAP.CD,1968,145.610145933803
NER,NY.GDP.PCAP.CD,1967,155.380620524944
NER,NY.GDP.PCAP.CD,1966,168.596485499415
NER,NY.GDP.PCAP.CD,1965,166.280055859235
NER,NY.GDP.PCAP.CD,1964,148.080269139855
NER,NY.GDP.PCAP.CD,1963,153.324882584919
NER,NY.GDP.PCAP.CD,1962,143.150824130834
NER,NY.GDP.PCAP.CD,1961,134.635094261008
NER,NY.GDP.PCAP.CD,1960,128.251201351162
NGA,NY.GDP.PCAP.CD,2025,
NGA,NY.GDP.PCAP.CD,2024,1084.16041805436
NGA,NY.GDP.PCAP.CD,2023,2138.76383719983
NGA,NY.GDP.PCAP.CD,2022,2899.16047470324
NGA,NY.GDP.PCAP.CD,2021,2787.48779224428
NGA,NY.GDP.PCAP.CD,2020,2797.18458068686
NGA,NY.GDP.PCAP.CD,2019,3189.81286498516
NGA,NY.GDP.PCAP.CD,2018,2057.87944554011
NGA,NY.GDP.PCAP.CD,2017,1876.34027111773
NGA,NY.GDP.PCAP.CD,2016,2070.4127339595
NGA,NY.GDP.PCAP.CD,2015,2585.73360671797
NGA,NY.GDP.PCAP.CD,2014,3088.72131316169
NGA,NY.GDP.PCAP.CD,2013,2872.79083379398
NGA,NY.GDP.PCAP.CD,2012,2633.19734671361
NGA,NY.GDP.PCAP.CD,2011,2418.41316975875
NGA,NY.GDP.PCAP.CD,2010,2202.25672957344
NGA,NY.GDP.PCAP.CD,2009,1820.48633854782
NGA,NY.GDP.PCAP.CD,2008,2154.10543545364
NGA,NY.GDP.PCAP.CD,2007,1815.52697545827
NGA,NY.GDP.PCAP.CD,2006,1599.53891556365
NGA,NY.GDP.PCAP.CD,2005,1211.37703504386
NGA,NY.GDP.PCAP.CD,2004,962.48104194733
NGA,NY.GDP.PCAP.CD,2003,763.388745367223
NGA,NY.GDP.PCAP.CD,2002,712.164852077686
NGA,NY.GDP.PCAP.CD,2001,566.428231812933
NGA,NY.GDP.PCAP.CD,2000,547.318298903379
NGA,NY.GDP.PCAP.CD,1999,480.669363941805
NGA,NY.GDP.PCAP.CD,1998,1822.46998452473
NGA,NY.GDP.PCAP.CD,1997,1720.27540949396
NGA,NY.GDP.PCAP.CD,1996,1632.72469370276
NGA,NY.GDP.PCAP.CD,1995,1271.61617353199
NGA,NY.GDP.PCAP.CD,1994,744.884247151377
NGA,NY.GDP.PCAP.CD,1993,539.573202297542
NGA,NY.GDP.PCAP.CD,1992,508.515905682785
NGA,NY.GDP.PCAP.CD,1991,596.938795710722
NGA,NY.GDP.PCAP.CD,1990,556.376449130902
NGA,NY.GDP.PCAP.CD,1989,465.488089532188
NGA,NY.GDP.PCAP.CD,1988,539.539468397166
NGA,NY.GDP.PCAP.CD,1987,587.956613434089
NGA,NY.GDP.PCAP.CD,1986,628.248453718536
NGA,NY.GDP.PCAP.CD,1985,868.640540548893
NGA,NY.GDP.PCAP.CD,1984,890.434106332302
NGA,NY.GDP.PCAP.CD,1983,1207.07374565349
NGA,NY.GDP.PCAP.CD,1982,1821.53265482387
NGA,NY.GDP.PCAP.CD,1981,2162.20995436075
NGA,NY.GDP.PCAP.CD,1980,870.359934682057
NGA,NY.GDP.PCAP.CD,1979,660.994040864293
NGA,NY.GDP.PCAP.CD,1978,526.895852928476
NGA,NY.GDP.PCAP.CD,1977,535.965307817329
NGA,NY.GDP.PCAP.CD,1976,556.389687719878
NGA,NY.GDP.PCAP.CD,1975,438.078813916795
NGA,NY.GDP.PCAP.CD,1974,402.836999782685
NGA,NY.GDP.PCAP.CD,1973,252.369032452868
NGA,NY.GDP.PCAP.CD,1972,209.454776294345
NGA,NY.GDP.PCAP.CD,1971,160.479255841113
NGA,NY.GDP.PCAP.CD,1970,224.46293599595
NGA,NY.GDP.PCAP.CD,1969,121.436663307697
NGA,NY.GDP.PCAP.CD,1968,97.3372081255964
NGA,NY.GDP.PCAP.CD,1967,99.5014906604697
NGA,NY.GDP.PCAP.CD,1966,124.382440176253
NGA,NY.GDP.PCAP.CD,1965,117.287226824734
NGA,NY.GDP.PCAP.CD,1964,113.297345671875
NGA,NY.GDP.PCAP.CD,1963,107.675741358944
NGA,NY.GDP.PCAP.CD,1962,104.532495533943
NGA,NY.GDP.PCAP.CD,1961,97.1375281143562
NGA,NY.GDP.PCAP.CD,1960,93.1370090424417
MKD,NY.GDP.PCAP.CD,2025,
MKD,NY.GDP.PCAP.CD,2024,9291.85661671864
MKD,NY.GDP.PCAP.CD,2023,8674.35846327485
MKD,NY.GDP.PCAP.CD,2022,7606.2375253797
MKD,NY.GDP.PCAP.CD,2021,7620.80296977508
MKD,NY.GDP.PCAP.CD,2020,6659.59651070776
MKD,NY.GDP.PCAP.CD,2019,6718.85826635458
MKD,NY.GDP.PCAP.CD,2018,6713.98925398989
MKD,NY.GDP.PCAP.CD,2017,5955.2973863451
MKD,NY.GDP.PCAP.CD,2016,5598.48622617967
MKD,NY.GDP.PCAP.CD,2015,5262.68671928674
MKD,NY.GDP.PCAP.CD,2014,5925.38592218015
MKD,NY.GDP.PCAP.CD,2013,5626.26115664893
MKD,NY.GDP.PCAP.CD,2012,5049.8265386157
MKD,NY.GDP.PCAP.CD,2011,5416.86672931659
MKD,NY.GDP.PCAP.CD,2010,4833.36586759968
MKD,NY.GDP.PCAP.CD,2009,4799.78722768888
MKD,NY.GDP.PCAP.CD,2008,5026.4202989873
MKD,NY.GDP.PCAP.CD,2007,4204.11328760452
MKD,NY.GDP.PCAP.CD,2006,3440.4411057968
MKD,NY.GDP.PCAP.CD,2005,3120.98401394233
MKD,NY.GDP.PCAP.CD,2004,2818.5814561242
MKD,NY.GDP.PCAP.CD,2003,2445.36286400013
MKD,NY.GDP.PCAP.CD,2002,1989.13537265159
MKD,NY.GDP.PCAP.CD,2001,1823.02267682636
MKD,NY.GDP.PCAP.CD,2000,1861.89899780644
MKD,NY.GDP.PCAP.CD,1999,1915.39281060996
MKD,NY.GDP.PCAP.CD,1998,1875.81662735988
MKD,NY.GDP.PCAP.CD,1997,1959.56073782188
MKD,NY.GDP.PCAP.CD,1996,2306.53366957635
MKD,NY.GDP.PCAP.CD,1995,2355.24705371138
MKD,NY.GDP.PCAP.CD,1994,1786.35488334914
MKD,NY.GDP.PCAP.CD,1993,1336.64775641463
MKD,NY.GDP.PCAP.CD,1992,1198.92829846257
MKD,NY.GDP.PCAP.CD,1991,2402.13517656378
MKD,NY.GDP.PCAP.CD,1990,2277.30372314314
MKD,NY.GDP.PCAP.CD,1989,
MKD,NY.GDP.PCAP.CD,1988,
MKD,NY.GDP.PCAP.CD,1987,
MKD,NY.GDP.PCAP.CD,1986,
MKD,NY.GDP.PCAP.CD,1985,
MKD,NY.GDP.PCAP.CD,1984,
MKD,NY.GDP.PCAP.CD,1983,
MKD,NY.GDP.PCAP.CD,1982,
MKD,NY.GDP.PCAP.CD,1981,
MKD,NY.GDP.PCAP.CD,1980,
MKD,NY.GDP.PCAP.CD,1979,
MKD,NY.GDP.PCAP.CD,1978,
MKD,NY.GDP.PCAP.CD,1977,
MKD,NY.GDP.PCAP.CD,1976,
MKD,NY.GDP.PCAP.CD,1975,
MKD,NY.GDP.PCAP.CD,1974,
MKD,NY.GDP.PCAP.CD,1973,
MKD,NY.GDP.PCAP.CD,1972,
MKD,NY.GDP.PCAP.CD,1971,
MKD,NY.GDP.PCAP.CD,1970,
MKD,NY.GDP.PCAP.CD,1969,
MKD,NY.GDP.PCAP.CD,1968,
MKD,NY.GDP.PCAP.CD,1967,
MKD,NY.GDP.PCAP.CD,1966,
MKD,NY.GDP.PCAP.CD,1965,
MKD,NY.GDP.PCAP.CD,1964,
MKD,NY.GDP.PCAP.CD,1963,
MKD,NY.GDP.PCAP.CD,1962,
MKD,NY.GDP.PCAP.CD,1961,
MKD,NY.GDP.PCAP.CD,1960,
MNP,NY.GDP.PCAP.CD,2025,
MNP,NY.GDP.PCAP.CD,2024,
MNP,NY.GDP.PCAP.CD,2023,
MNP,NY.GDP.PCAP.CD,2022,23785.754590043
MNP,NY.GDP.PCAP.CD,2021,19455.50139424
MNP,NY.GDP.PCAP.CD,2020,18220.8382427201
MNP,NY.GDP.PCAP.CD,2019,24496.6652122421
MNP,NY.GDP.PCAP.CD,2018,26509.3628379893
MNP,NY.GDP.PCAP.CD,2017,31225.6049960968
MNP,NY.GDP.PCAP.CD,2016,24225.474169342
MNP,NY.GDP.PCAP.CD,2015,17665.1007493109
MNP,NY.GDP.PCAP.CD,2014,15945.417608954
MNP,NY.GDP.PCAP.CD,2013,14632.8518897608
MNP,NY.GDP.PCAP.CD,2012,14013.6003306158
MNP,NY.GDP.PCAP.CD,2011,13598.7166094613
MNP,NY.GDP.PCAP.CD,2010,14771.4037455399
MNP,NY.GDP.PCAP.CD,2009,14369.6339810212
MNP,NY.GDP.PCAP.CD,2008,16430.4461942257
MNP,NY.GDP.PCAP.CD,2007,15914.2193040498
MNP,NY.GDP.PCAP.CD,2006,16314.5578590027
MNP,NY.GDP.PCAP.CD,2005,17015.7487891715
MNP,NY.GDP.PCAP.CD,2004,18924.5831899653
MNP,NY.GDP.PCAP.CD,2003,18938.8728389967
MNP,NY.GDP.PCAP.CD,2002,19227.8894246608
MNP,NY.GDP.PCAP.CD,2001,
MNP,NY.GDP.PCAP.CD,2000,
MNP,NY.GDP.PCAP.CD,1999,
MNP,NY.GDP.PCAP.CD,1998,
MNP,NY.GDP.PCAP.CD,1997,
MNP,NY.GDP.PCAP.CD,1996,
MNP,NY.GDP.PCAP.CD,1995,
MNP,NY.GDP.PCAP.CD,1994,
MNP,NY.GDP.PCAP.CD,1993,
MNP,NY.GDP.PCAP.CD,1992,
MNP,NY.GDP.PCAP.CD,1991,
MNP,NY.GDP.PCAP.CD,1990,
MNP,NY.GDP.PCAP.CD,1989,
MNP,NY.GDP.PCAP.CD,1988,
MNP,NY.GDP.PCAP.CD,1987,
MNP,NY.GDP.PCAP.CD,1986,
MNP,NY.GDP.PCAP.CD,1985,
MNP,NY.GDP.PCAP.CD,1984,
MNP,NY.GDP.PCAP.CD,1983,
MNP,NY.GDP.PCAP.CD,1982,
MNP,NY.GDP.PCAP.CD,1981,
MNP,NY.GDP.PCAP.CD,1980,
MNP,NY.GDP.PCAP.CD,1979,
MNP,NY.GDP.PCAP.CD,1978,
MNP,NY.GDP.PCAP.CD,1977,
MNP,NY.GDP.PCAP.CD,1976,
MNP,NY.GDP.PCAP.CD,1975,
MNP,NY.GDP.PCAP.CD,1974,
MNP,NY.GDP.PCAP.CD,1973,
MNP,NY.GDP.PCAP.CD,1972,
MNP,NY.GDP.PCAP.CD,1971,
MNP,NY.GDP.PCAP.CD,1970,
MNP,NY.GDP.PCAP.CD,1969,
MNP,NY.GDP.PCAP.CD,1968,
MNP,NY.GDP.PCAP.CD,1967,
MNP,NY.GDP.PCAP.CD,1966,
MNP,NY.GDP.PCAP.CD,1965,
MNP,NY.GDP.PCAP.CD,1964,
MNP,NY.GDP.PCAP.CD,1963,
MNP,NY.GDP.PCAP.CD,1962,
MNP,NY.GDP.PCAP.CD,1961,
MNP,NY.GDP.PCAP.CD,1960,
NOR,NY.GDP.PCAP.CD,2025,
NOR,NY.GDP.PCAP.CD,2024,86785.4334489176
NOR,NY.GDP.PCAP.CD,2023,87497.2179649556
NOR,NY.GDP.PCAP.CD,2022,109269.520580298
NOR,NY.GDP.PCAP.CD,2021,93072.8925119571
NOR,NY.GDP.PCAP.CD,2020,68340.0181033702
NOR,NY.GDP.PCAP.CD,2019,76430.5889473338
NOR,NY.GDP.PCAP.CD,2018,82792.8427113304
NOR,NY.GDP.PCAP.CD,2017,76131.8384032764
NOR,NY.GDP.PCAP.CD,2016,70867.3609970749
NOR,NY.GDP.PCAP.CD,2015,74809.9658049898
NOR,NY.GDP.PCAP.CD,2014,97666.6951838749
NOR,NY.GDP.PCAP.CD,2013,103553.840134417
NOR,NY.GDP.PCAP.CD,2012,102175.919298374
NOR,NY.GDP.PCAP.CD,2011,101221.813476644
NOR,NY.GDP.PCAP.CD,2010,88163.2085931423
NOR,NY.GDP.PCAP.CD,2009,80347.5700665184
NOR,NY.GDP.PCAP.CD,2008,97503.5407803783
NOR,NY.GDP.PCAP.CD,2007,85502.2677087731
NOR,NY.GDP.PCAP.CD,2006,74434.4996835671
NOR,NY.GDP.PCAP.CD,2005,67047.1704558264
NOR,NY.GDP.PCAP.CD,2004,57768.6980958462
NOR,NY.GDP.PCAP.CD,2003,50250.3298214345
NOR,NY.GDP.PCAP.CD,2002,43170.557174499
NOR,NY.GDP.PCAP.CD,2001,38601.897639231
NOR,NY.GDP.PCAP.CD,2000,38178.2368777076
NOR,NY.GDP.PCAP.CD,1999,36393.2927471088
NOR,NY.GDP.PCAP.CD,1998,34803.4634058738
NOR,NY.GDP.PCAP.CD,1997,36629.0309036621
NOR,NY.GDP.PCAP.CD,1996,37321.9741993473
NOR,NY.GDP.PCAP.CD,1995,34875.7043347536
NOR,NY.GDP.PCAP.CD,1994,29315.8092337732
NOR,NY.GDP.PCAP.CD,1993,27963.6979095744
NOR,NY.GDP.PCAP.CD,1992,30523.9850558974
NOR,NY.GDP.PCAP.CD,1991,28596.9330036444
NOR,NY.GDP.PCAP.CD,1990,28242.981402822
NOR,NY.GDP.PCAP.CD,1989,24281.1304051396
NOR,NY.GDP.PCAP.CD,1988,24207.281468963
NOR,NY.GDP.PCAP.CD,1987,22505.8622623684
NOR,NY.GDP.PCAP.CD,1986,18883.2333523873
NOR,NY.GDP.PCAP.CD,1985,15753.5527652129
NOR,NY.GDP.PCAP.CD,1984,14989.4857665906
NOR,NY.GDP.PCAP.CD,1983,14927.5174766339
NOR,NY.GDP.PCAP.CD,1982,15224.8939100982
NOR,NY.GDP.PCAP.CD,1981,15512.5067043575
NOR,NY.GDP.PCAP.CD,1980,15772.2409073814
NOR,NY.GDP.PCAP.CD,1979,13046.5372210653
NOR,NY.GDP.PCAP.CD,1978,11462.5945916053
NOR,NY.GDP.PCAP.CD,1977,10266.1206718698
NOR,NY.GDP.PCAP.CD,1976,8927.20162734477
NOR,NY.GDP.PCAP.CD,1975,8204.45151152979
NOR,NY.GDP.PCAP.CD,1974,6811.52733653232
NOR,NY.GDP.PCAP.CD,1973,5689.5888066967
NOR,NY.GDP.PCAP.CD,1972,4413.57569168528
NOR,NY.GDP.PCAP.CD,1971,3736.34873749991
NOR,NY.GDP.PCAP.CD,1970,3306.21947607769
NOR,NY.GDP.PCAP.CD,1969,2894.23998236681
NOR,NY.GDP.PCAP.CD,1968,2679.71300438189
NOR,NY.GDP.PCAP.CD,1967,2530.66057799458
NOR,NY.GDP.PCAP.CD,1966,2332.51059866098
NOR,NY.GDP.PCAP.CD,1965,2178.77508111808
NOR,NY.GDP.PCAP.CD,1964,1950.69324222931
NOR,NY.GDP.PCAP.CD,1963,1787.31853394909
NOR,NY.GDP.PCAP.CD,1962,1678.26725653992
NOR,NY.GDP.PCAP.CD,1961,1570.63804374719
NOR,NY.GDP.PCAP.CD,1960,1451.2850779894
OMN,NY.GDP.PCAP.CD,2025,
OMN,NY.GDP.PCAP.CD,2024,20285.2272897377
OMN,NY.GDP.PCAP.CD,2023,21027.7384778886
OMN,NY.GDP.PCAP.CD,2022,23223.5829405935
OMN,NY.GDP.PCAP.CD,2021,19403.4600160211
OMN,NY.GDP.PCAP.CD,2020,16784.8630630058
OMN,NY.GDP.PCAP.CD,2019,19180.1864152801
OMN,NY.GDP.PCAP.CD,2018,19901.7615642016
OMN,NY.GDP.PCAP.CD,2017,17820.0661809335
OMN,NY.GDP.PCAP.CD,2016,17110.1897460545
OMN,NY.GDP.PCAP.CD,2015,18808.3077921839
OMN,NY.GDP.PCAP.CD,2014,23160.6502252547
OMN,NY.GDP.PCAP.CD,2013,23458.0233840053
OMN,NY.GDP.PCAP.CD,2012,24642.2978768596
OMN,NY.GDP.PCAP.CD,2011,25188.0074151885
OMN,NY.GDP.PCAP.CD,2010,23570.1798147325
OMN,NY.GDP.PCAP.CD,2009,20655.9180249218
OMN,NY.GDP.PCAP.CD,2008,26576.779241509
OMN,NY.GDP.PCAP.CD,2007,18792.653772482
OMN,NY.GDP.PCAP.CD,2006,16930.8565071853
OMN,NY.GDP.PCAP.CD,2005,14434.8577924647
OMN,NY.GDP.PCAP.CD,2004,11800.8507411171
OMN,NY.GDP.PCAP.CD,2003,10463.5425832141
OMN,NY.GDP.PCAP.CD,2002,9869.13050219438
OMN,NY.GDP.PCAP.CD,2001,9611.96360191054
OMN,NY.GDP.PCAP.CD,2000,9753.84755185404
OMN,NY.GDP.PCAP.CD,1999,7915.44169380534
OMN,NY.GDP.PCAP.CD,1998,7219.02932432025
OMN,NY.GDP.PCAP.CD,1997,8234.64063759005
OMN,NY.GDP.PCAP.CD,1996,8068.00076784612
OMN,NY.GDP.PCAP.CD,1995,7414.30279204109
OMN,NY.GDP.PCAP.CD,1994,7068.38996979073
OMN,NY.GDP.PCAP.CD,1993,7038.9301587736
OMN,NY.GDP.PCAP.CD,1992,7317.78815838166
OMN,NY.GDP.PCAP.CD,1991,6977.3285922345
OMN,NY.GDP.PCAP.CD,1990,7545.70305230441
OMN,NY.GDP.PCAP.CD,1989,5591.22723847558
OMN,NY.GDP.PCAP.CD,1988,5279.10411437183
OMN,NY.GDP.PCAP.CD,1987,5203.99994065839
OMN,NY.GDP.PCAP.CD,1986,5181.87980290561
OMN,NY.GDP.PCAP.CD,1985,7548.69588410284
OMN,NY.GDP.PCAP.CD,1984,7070.07295804885
OMN,NY.GDP.PCAP.CD,1983,6714.19125910699
OMN,NY.GDP.PCAP.CD,1982,6759.29870293907
OMN,NY.GDP.PCAP.CD,1981,6865.58482819779
OMN,NY.GDP.PCAP.CD,1980,5974.30434611467
OMN,NY.GDP.PCAP.CD,1979,3933.50510857105
OMN,NY.GDP.PCAP.CD,1978,3043.75121036129
OMN,NY.GDP.PCAP.CD,1977,3204.86972958061
OMN,NY.GDP.PCAP.CD,1976,3142.52717836645
OMN,NY.GDP.PCAP.CD,1975,2691.99653514052
OMN,NY.GDP.PCAP.CD,1974,2203.40591346986
OMN,NY.GDP.PCAP.CD,1973,669.829529995212
OMN,NY.GDP.PCAP.CD,1972,523.675726630998
OMN,NY.GDP.PCAP.CD,1971,441.935384423256
OMN,NY.GDP.PCAP.CD,1970,386.792712839023
OMN,NY.GDP.PCAP.CD,1969,371.945677290612
OMN,NY.GDP.PCAP.CD,1968,300.382394498902
OMN,NY.GDP.PCAP.CD,1967,174.708442422448
OMN,NY.GDP.PCAP.CD,1966,113.158851470616
OMN,NY.GDP.PCAP.CD,1965,108.127276326149
OMN,NY.GDP.PCAP.CD,1964,108.059747071369
OMN,NY.GDP.PCAP.CD,1963,106.829311959455
OMN,NY.GDP.PCAP.CD,1962,102.325889863048
OMN,NY.GDP.PCAP.CD,1961,84.5311646369716
OMN,NY.GDP.PCAP.CD,1960,83.3853105243323
PAK,NY.GDP.PCAP.CD,2025,
PAK,NY.GDP.PCAP.CD,2024,1478.77277977996
PAK,NY.GDP.PCAP.CD,2023,1360.32417758419
PAK,NY.GDP.PCAP.CD,2022,1538.3228133171
PAK,NY.GDP.PCAP.CD,2021,1455.31922370186
PAK,NY.GDP.PCAP.CD,2020,1278.39735206896
PAK,NY.GDP.PCAP.CD,2019,1390.41690981745
PAK,NY.GDP.PCAP.CD,2018,1569.33814626355
PAK,NY.GDP.PCAP.CD,2017,1519.23459514248
PAK,NY.GDP.PCAP.CD,2016,1424.69161195897
PAK,NY.GDP.PCAP.CD,2015,1380.47020838317
PAK,NY.GDP.PCAP.CD,2014,1266.61340849959
PAK,NY.GDP.PCAP.CD,2013,1225.4340119198
PAK,NY.GDP.PCAP.CD,2012,1204.36475491585
PAK,NY.GDP.PCAP.CD,2011,1131.73513834324
PAK,NY.GDP.PCAP.CD,2010,987.304571124485
PAK,NY.GDP.PCAP.CD,2009,963.788066395225
PAK,NY.GDP.PCAP.CD,2008,1067.04324565284
PAK,NY.GDP.PCAP.CD,2007,998.090114197524
PAK,NY.GDP.PCAP.CD,2006,900.873564984808
PAK,NY.GDP.PCAP.CD,2005,827.619861189926
PAK,NY.GDP.PCAP.CD,2004,771.902247348954
PAK,NY.GDP.PCAP.CD,2003,672.44178669894
PAK,NY.GDP.PCAP.CD,2002,599.937345723927
PAK,NY.GDP.PCAP.CD,2001,609.939506905073
PAK,NY.GDP.PCAP.CD,2000,642.338346499898
PAK,NY.GDP.PCAP.CD,1999,418.249257055367
PAK,NY.GDP.PCAP.CD,1998,424.453697798497
PAK,NY.GDP.PCAP.CD,1997,438.030942680153
PAK,NY.GDP.PCAP.CD,1996,456.996961832943
PAK,NY.GDP.PCAP.CD,1995,450.550279346206
PAK,NY.GDP.PCAP.CD,1994,399.955927561352
PAK,NY.GDP.PCAP.CD,1993,407.888140688466
PAK,NY.GDP.PCAP.CD,1992,395.67720859593
PAK,NY.GDP.PCAP.CD,1991,380.019843346229
PAK,NY.GDP.PCAP.CD,1990,344.45547384189
PAK,NY.GDP.PCAP.CD,1989,357.595796105007
PAK,NY.GDP.PCAP.CD,1988,353.85454278549
PAK,NY.GDP.PCAP.CD,1987,317.23867416111
PAK,NY.GDP.PCAP.CD,1986,313.946324043906
PAK,NY.GDP.PCAP.CD,1985,317.063499386432
PAK,NY.GDP.PCAP.CD,1984,327.345625152291
PAK,NY.GDP.PCAP.CD,1983,311.098361356703
PAK,NY.GDP.PCAP.CD,1982,344.889792466995
PAK,NY.GDP.PCAP.CD,1981,327.505069961745
PAK,NY.GDP.PCAP.CD,1980,287.448707270022
PAK,NY.GDP.PCAP.CD,1979,249.229389957057
PAK,NY.GDP.PCAP.CD,1978,233.41799161409
PAK,NY.GDP.PCAP.CD,1977,204.677762649367
PAK,NY.GDP.PCAP.CD,1976,183.859733422347
PAK,NY.GDP.PCAP.CD,1975,161.681774899518
PAK,NY.GDP.PCAP.CD,1974,132.005156607293
PAK,NY.GDP.PCAP.CD,1973,97.5136425928243
PAK,NY.GDP.PCAP.CD,1972,148.073976270617
PAK,NY.GDP.PCAP.CD,1971,172.453662202274
PAK,NY.GDP.PCAP.CD,1970,166.662061958389
PAK,NY.GDP.PCAP.CD,1969,148.528512990071
PAK,NY.GDP.PCAP.CD,1968,141.558306459346
PAK,NY.GDP.PCAP.CD,1967,135.190474942968
PAK,NY.GDP.PCAP.CD,1966,122.229353754713
PAK,NY.GDP.PCAP.CD,1965,113.567206414596
PAK,NY.GDP.PCAP.CD,1964,102.45976384531
PAK,NY.GDP.PCAP.CD,1963,93.6508728613463
PAK,NY.GDP.PCAP.CD,1962,89.5039525753413
PAK,NY.GDP.PCAP.CD,1961,87.7778246966181
PAK,NY.GDP.PCAP.CD,1960,82.0241000071912
PLW,NY.GDP.PCAP.CD,2025,
PLW,NY.GDP.PCAP.CD,2024,
PLW,NY.GDP.PCAP.CD,2023,15610.8231931032
PLW,NY.GDP.PCAP.CD,2022,13729.7602761496
PLW,NY.GDP.PCAP.CD,2021,13009.2481630213
PLW,NY.GDP.PCAP.CD,2020,14708.2119536914
PLW,NY.GDP.PCAP.CD,2019,15846.7968470167
PLW,NY.GDP.PCAP.CD,2018,16166.9671073752
PLW,NY.GDP.PCAP.CD,2017,16401.7847567871
PLW,NY.GDP.PCAP.CD,2016,17150.4759377239
PLW,NY.GDP.PCAP.CD,2015,16154.0532152373
PLW,NY.GDP.PCAP.CD,2014,13863.4544155068
PLW,NY.GDP.PCAP.CD,2013,12698.9240118945
PLW,NY.GDP.PCAP.CD,2012,12137.1732239921
PLW,NY.GDP.PCAP.CD,2011,10993.6038613491
PLW,NY.GDP.PCAP.CD,2010,10221.9163762354
PLW,NY.GDP.PCAP.CD,2009,10147.7741092815
PLW,NY.GDP.PCAP.CD,2008,10577.501907762
PLW,NY.GDP.PCAP.CD,2007,10402.5367528907
PLW,NY.GDP.PCAP.CD,2006,9881.65970716981
PLW,NY.GDP.PCAP.CD,2005,9635.28357539048
PLW,NY.GDP.PCAP.CD,2004,8393.73052541231
PLW,NY.GDP.PCAP.CD,2003,7862.3931898737
PLW,NY.GDP.PCAP.CD,2002,8340.18981304558
PLW,NY.GDP.PCAP.CD,2001,8239.26354006532
PLW,NY.GDP.PCAP.CD,2000,7798.07504193852
PLW,NY.GDP.PCAP.CD,1999,7629.56986402836
PLW,NY.GDP.PCAP.CD,1998,8047.91621679983
PLW,NY.GDP.PCAP.CD,1997,7944.59907223327
PLW,NY.GDP.PCAP.CD,1996,7788.29726974057
PLW,NY.GDP.PCAP.CD,1995,7038.00523407967
PLW,NY.GDP.PCAP.CD,1994,6329.06976744186
PLW,NY.GDP.PCAP.CD,1993,5891.50378695334
PLW,NY.GDP.PCAP.CD,1992,6552.7112389768
PLW,NY.GDP.PCAP.CD,1991,6824.34353785065
PLW,NY.GDP.PCAP.CD,1990,6402.929615309
PLW,NY.GDP.PCAP.CD,1989,5741.0868517899
PLW,NY.GDP.PCAP.CD,1988,5145.00614544213
PLW,NY.GDP.PCAP.CD,1987,4616.29028882378
PLW,NY.GDP.PCAP.CD,1986,4143.56203650884
PLW,NY.GDP.PCAP.CD,1985,3728.1295295149
PLW,NY.GDP.PCAP.CD,1984,3360.14538501912
PLW,NY.GDP.PCAP.CD,1983,3049.47947101338
PLW,NY.GDP.PCAP.CD,1982,2838.1584213014
PLW,NY.GDP.PCAP.CD,1981,2638.81583615546
PLW,NY.GDP.PCAP.CD,1980,2422.62684377801
PLW,NY.GDP.PCAP.CD,1979,2188.88311583043
PLW,NY.GDP.PCAP.CD,1978,1971.86615755627
PLW,NY.GDP.PCAP.CD,1977,1781.08614770459
PLW,NY.GDP.PCAP.CD,1976,1616.48039371329
PLW,NY.GDP.PCAP.CD,1975,1463.541050968
PLW,NY.GDP.PCAP.CD,1974,1328.03334121542
PLW,NY.GDP.PCAP.CD,1973,1221.46980560867
PLW,NY.GDP.PCAP.CD,1972,1144.53616532721
PLW,NY.GDP.PCAP.CD,1971,1080.60838506676
PLW,NY.GDP.PCAP.CD,1970,1017.15701970443
PLW,NY.GDP.PCAP.CD,1969,
PLW,NY.GDP.PCAP.CD,1968,
PLW,NY.GDP.PCAP.CD,1967,
PLW,NY.GDP.PCAP.CD,1966,
PLW,NY.GDP.PCAP.CD,1965,
PLW,NY.GDP.PCAP.CD,1964,
PLW,NY.GDP.PCAP.CD,1963,
PLW,NY.GDP.PCAP.CD,1962,
PLW,NY.GDP.PCAP.CD,1961,
PLW,NY.GDP.PCAP.CD,1960,
PAN,NY.GDP.PCAP.CD,2025,
PAN,NY.GDP.PCAP.CD,2024,19161.2188501596
PAN,NY.GDP.PCAP.CD,2023,18797.1933994045
PAN,NY.GDP.PCAP.CD,2022,17378.6070017557
PAN,NY.GDP.PCAP.CD,2021,15509.8069124139
PAN,NY.GDP.PCAP.CD,2020,13290.5608397749
PAN,NY.GDP.PCAP.CD,2019,16477.9066268111
PAN,NY.GDP.PCAP.CD,2018,16151.3273433486
PAN,NY.GDP.PCAP.CD,2017,15694.6297518495
PAN,NY.GDP.PCAP.CD,2016,14832.3611652459
PAN,NY.GDP.PCAP.CD,2015,14082.6548434996
PAN,NY.GDP.PCAP.CD,2014,13213.1989591137
PAN,NY.GDP.PCAP.CD,2013,12273.3224983788
PAN,NY.GDP.PCAP.CD,2012,11064.8063662003
PAN,NY.GDP.PCAP.CD,2011,9662.29590911979
PAN,NY.GDP.PCAP.CD,2010,8331.46422259967
PAN,NY.GDP.PCAP.CD,2009,7796.92618363433
PAN,NY.GDP.PCAP.CD,2008,7347.59049046839
PAN,NY.GDP.PCAP.CD,2007,6317.8173051466
PAN,NY.GDP.PCAP.CD,2006,5528.76705854901
PAN,NY.GDP.PCAP.CD,2005,5017.74110414832
PAN,NY.GDP.PCAP.CD,2004,4644.56581177581
PAN,NY.GDP.PCAP.CD,2003,4264.66428949623
PAN,NY.GDP.PCAP.CD,2002,4090.58616456082
PAN,NY.GDP.PCAP.CD,2001,3991.77672094655
PAN,NY.GDP.PCAP.CD,2000,3975.09310275544
PAN,NY.GDP.PCAP.CD,1999,3950.34144236614
PAN,NY.GDP.PCAP.CD,1998,3807.83868807701
PAN,NY.GDP.PCAP.CD,1997,3545.97670392453
PAN,NY.GDP.PCAP.CD,1996,3308.18430390528
PAN,NY.GDP.PCAP.CD,1995,3513.89737854631
PAN,NY.GDP.PCAP.CD,1994,3508.19570069218
PAN,NY.GDP.PCAP.CD,1993,3358.41411740053
PAN,NY.GDP.PCAP.CD,1992,3139.89952899581
PAN,NY.GDP.PCAP.CD,1991,2820.54547665418
PAN,NY.GDP.PCAP.CD,1990,2620.13827266274
PAN,NY.GDP.PCAP.CD,1989,2462.11022455924
PAN,NY.GDP.PCAP.CD,1988,2508.78229277879
PAN,NY.GDP.PCAP.CD,1987,2966.00967866653
PAN,NY.GDP.PCAP.CD,1986,3019.48150533575
PAN,NY.GDP.PCAP.CD,1985,2972.18070666064
PAN,NY.GDP.PCAP.CD,1984,2874.94832112227
PAN,NY.GDP.PCAP.CD,1983,2819.35128451397
PAN,NY.GDP.PCAP.CD,1982,2811.40643706411
PAN,NY.GDP.PCAP.CD,1981,2605.45529924397
PAN,NY.GDP.PCAP.CD,1980,2357.09131999751
PAN,NY.GDP.PCAP.CD,1979,1937.98107506361
PAN,NY.GDP.PCAP.CD,1978,1738.48763684081
PAN,NY.GDP.PCAP.CD,1977,1503.26503409472
PAN,NY.GDP.PCAP.CD,1976,1456.50009707727
PAN,NY.GDP.PCAP.CD,1975,1405.74899748267
PAN,NY.GDP.PCAP.CD,1974,1296.44759308169
PAN,NY.GDP.PCAP.CD,1973,1164.32745834068
PAN,NY.GDP.PCAP.CD,1972,1046.06341222824
PAN,NY.GDP.PCAP.CD,1971,979.3302533737
PAN,NY.GDP.PCAP.CD,1970,892.890877487492
PAN,NY.GDP.PCAP.CD,1969,830.319752856442
PAN,NY.GDP.PCAP.CD,1968,778.476641666323
PAN,NY.GDP.PCAP.CD,1967,744.890928311974
PAN,NY.GDP.PCAP.CD,1966,688.846978762789
PAN,NY.GDP.PCAP.CD,1965,651.331374848625
PAN,NY.GDP.PCAP.CD,1964,611.100612960754
PAN,NY.GDP.PCAP.CD,1963,586.61668793076
PAN,NY.GDP.PCAP.CD,1962,545.570446272529
PAN,NY.GDP.PCAP.CD,1961,516.459861881073
PAN,NY.GDP.PCAP.CD,1960,477.037935000289
PNG,NY.GDP.PCAP.CD,2025,
PNG,NY.GDP.PCAP.CD,2024,3006.70564478923
PNG,NY.GDP.PCAP.CD,2023,2966.06830432055
PNG,NY.GDP.PCAP.CD,2022,3102.28968594061
PNG,NY.GDP.PCAP.CD,2021,2607.57861874444
PNG,NY.GDP.PCAP.CD,2020,2429.61134585269
PNG,NY.GDP.PCAP.CD,2019,2575.77274140393
PNG,NY.GDP.PCAP.CD,2018,2566.36833735041
PNG,NY.GDP.PCAP.CD,2017,2477.76530986323
PNG,NY.GDP.PCAP.CD,2016,2316.39479758492
PNG,NY.GDP.PCAP.CD,2015,2484.5963398603
PNG,NY.GDP.PCAP.CD,2014,2723.17529825196
PNG,NY.GDP.PCAP.CD,2013,2560.77458976327
PNG,NY.GDP.PCAP.CD,2012,2635.0873631547
PNG,NY.GDP.PCAP.CD,2011,2288.37591141234
PNG,NY.GDP.PCAP.CD,2010,1866.86889851208
PNG,NY.GDP.PCAP.CD,2009,1568.83193368607
PNG,NY.GDP.PCAP.CD,2008,1624.79319935188
PNG,NY.GDP.PCAP.CD,2007,1370.753415829
PNG,NY.GDP.PCAP.CD,2006,1238.18282926706
PNG,NY.GDP.PCAP.CD,2005,744.486489977433
PNG,NY.GDP.PCAP.CD,2004,620.596147680561
PNG,NY.GDP.PCAP.CD,2003,577.467922387259
PNG,NY.GDP.PCAP.CD,2002,506.331789534482
PNG,NY.GDP.PCAP.CD,2001,537.847459634131
PNG,NY.GDP.PCAP.CD,2000,635.957919047725
PNG,NY.GDP.PCAP.CD,1999,649.994719718763
PNG,NY.GDP.PCAP.CD,1998,733.479860137662
PNG,NY.GDP.PCAP.CD,1997,989.721550965343
PNG,NY.GDP.PCAP.CD,1996,1071.04185150251
PNG,NY.GDP.PCAP.CD,1995,998.229967376131
PNG,NY.GDP.PCAP.CD,1994,1228.24343638772
PNG,NY.GDP.PCAP.CD,1993,1151.28388116601
PNG,NY.GDP.PCAP.CD,1992,1050.7071689258
PNG,NY.GDP.PCAP.CD,1991,941.707721616563
PNG,NY.GDP.PCAP.CD,1990,826.317152082832
PNG,NY.GDP.PCAP.CD,1989,934.246494854331
PNG,NY.GDP.PCAP.CD,1988,984.993556016427
PNG,NY.GDP.PCAP.CD,1987,865.468569563314
PNG,NY.GDP.PCAP.CD,1986,744.908522742949
PNG,NY.GDP.PCAP.CD,1985,696.574806636325
PNG,NY.GDP.PCAP.CD,1984,749.637059926778
PNG,NY.GDP.PCAP.CD,1983,768.636364904269
PNG,NY.GDP.PCAP.CD,1982,725.645992789394
PNG,NY.GDP.PCAP.CD,1981,781.41257446286
PNG,NY.GDP.PCAP.CD,1980,812.964617578981
PNG,NY.GDP.PCAP.CD,1979,747.800949082904
PNG,NY.GDP.PCAP.CD,1978,648.490112781654
PNG,NY.GDP.PCAP.CD,1977,558.015016249782
PNG,NY.GDP.PCAP.CD,1976,525.433235600649
PNG,NY.GDP.PCAP.CD,1975,481.950394020557
PNG,NY.GDP.PCAP.CD,1974,533.088651774956
PNG,NY.GDP.PCAP.CD,1973,482.816252421415
PNG,NY.GDP.PCAP.CD,1972,326.720237042343
PNG,NY.GDP.PCAP.CD,1971,279.669733884528
PNG,NY.GDP.PCAP.CD,1970,257.647270580834
PNG,NY.GDP.PCAP.CD,1969,225.288234672395
PNG,NY.GDP.PCAP.CD,1968,202.937753394767
PNG,NY.GDP.PCAP.CD,1967,188.972036608059
PNG,NY.GDP.PCAP.CD,1966,171.054558569102
PNG,NY.GDP.PCAP.CD,1965,153.93728254876
PNG,NY.GDP.PCAP.CD,1964,139.518603886501
PNG,NY.GDP.PCAP.CD,1963,128.874165095194
PNG,NY.GDP.PCAP.CD,1962,124.734548848091
PNG,NY.GDP.PCAP.CD,1961,119.656325913849
PNG,NY.GDP.PCAP.CD,1960,115.530490488928
PRY,NY.GDP.PCAP.CD,2025,
PRY,NY.GDP.PCAP.CD,2024,6416.09708970845
PRY,NY.GDP.PCAP.CD,2023,6299.99026533713
PRY,NY.GDP.PCAP.CD,2022,6205.62595379319
PRY,NY.GDP.PCAP.CD,2021,5976.93179789949
PRY,NY.GDP.PCAP.CD,2020,5365.47220721104
PRY,NY.GDP.PCAP.CD,2019,5821.18199548738
PRY,NY.GDP.PCAP.CD,2018,6258.44991640984
PRY,NY.GDP.PCAP.CD,2017,6152.2671153779
PRY,NY.GDP.PCAP.CD,2016,5775.15963399596
PRY,NY.GDP.PCAP.CD,2015,5879.33792308762
PRY,NY.GDP.PCAP.CD,2014,6652.25478942461
PRY,NY.GDP.PCAP.CD,2013,6435.68342733004
PRY,NY.GDP.PCAP.CD,2012,5642.16991672846
PRY,NY.GDP.PCAP.CD,2011,5805.40154542925
PRY,NY.GDP.PCAP.CD,2010,4750.96273669458
PRY,NY.GDP.PCAP.CD,2009,3941.84815479431
PRY,NY.GDP.PCAP.CD,2008,4384.95469437803
PRY,NY.GDP.PCAP.CD,2007,3211.93621659546
PRY,NY.GDP.PCAP.CD,2006,2439.43124694576
PRY,NY.GDP.PCAP.CD,2005,1970.87169852378
PRY,NY.GDP.PCAP.CD,2004,1786.21533938543
PRY,NY.GDP.PCAP.CD,2003,1443.99885236205
PRY,NY.GDP.PCAP.CD,2002,1367.76506935997
PRY,NY.GDP.PCAP.CD,2001,1637.68615122932
PRY,NY.GDP.PCAP.CD,2000,1736.11729210765
PRY,NY.GDP.PCAP.CD,1999,1766.30657288259
PRY,NY.GDP.PCAP.CD,1998,1889.88455618586
PRY,NY.GDP.PCAP.CD,1997,2078.50841313824
PRY,NY.GDP.PCAP.CD,1996,2088.17109102236
PRY,NY.GDP.PCAP.CD,1995,1978.71514099575
PRY,NY.GDP.PCAP.CD,1994,1760.28807083292
PRY,NY.GDP.PCAP.CD,1993,1661.70955306218
PRY,NY.GDP.PCAP.CD,1992,1682.67444777611
PRY,NY.GDP.PCAP.CD,1991,1685.26890082621
PRY,NY.GDP.PCAP.CD,1990,1440.15829610029
PRY,NY.GDP.PCAP.CD,1989,1211.29634333964
PRY,NY.GDP.PCAP.CD,1988,1113.89406863138
PRY,NY.GDP.PCAP.CD,1987,1068.95380287336
PRY,NY.GDP.PCAP.CD,1986,1031.15623781062
PRY,NY.GDP.PCAP.CD,1985,934.991981806694
PRY,NY.GDP.PCAP.CD,1984,1319.23446766653
PRY,NY.GDP.PCAP.CD,1983,1709.80484009501
PRY,NY.GDP.PCAP.CD,1982,1679.81843739033
PRY,NY.GDP.PCAP.CD,1981,1792.61496129399
PRY,NY.GDP.PCAP.CD,1980,1456.84406918803
PRY,NY.GDP.PCAP.CD,1979,1148.89527317637
PRY,NY.GDP.PCAP.CD,1978,882.931919341442
PRY,NY.GDP.PCAP.CD,1977,739.83449409653
PRY,NY.GDP.PCAP.CD,1976,615.825049934218
PRY,NY.GDP.PCAP.CD,1975,561.522396286823
PRY,NY.GDP.PCAP.CD,1974,507.87047971714
PRY,NY.GDP.PCAP.CD,1973,388.712259813059
PRY,NY.GDP.PCAP.CD,1972,307.630516228445
PRY,NY.GDP.PCAP.CD,1971,272.082440745597
PRY,NY.GDP.PCAP.CD,1970,248.996708209079
PRY,NY.GDP.PCAP.CD,1969,238.242208450243
PRY,NY.GDP.PCAP.CD,1968,226.80197812329
PRY,NY.GDP.PCAP.CD,1967,220.930909757875
PRY,NY.GDP.PCAP.CD,1966,213.947608399441
PRY,NY.GDP.PCAP.CD,1965,208.729579506696
PRY,NY.GDP.PCAP.CD,1964,196.973355774177
PRY,NY.GDP.PCAP.CD,1963,189.872423489268
PRY,NY.GDP.PCAP.CD,1962,182.805194132375
PRY,NY.GDP.PCAP.CD,1961,167.092827495951
PRY,NY.GDP.PCAP.CD,1960,153.375216758109
PER,NY.GDP.PCAP.CD,2025,
PER,NY.GDP.PCAP.CD,2024,8452.37167056621
PER,NY.GDP.PCAP.CD,2023,7887.54185920108
PER,NY.GDP.PCAP.CD,2022,7350.63034300417
PER,NY.GDP.PCAP.CD,2021,6826.20255614477
PER,NY.GDP.PCAP.CD,2020,6133.32552410183
PER,NY.GDP.PCAP.CD,2019,7037.00803692604
PER,NY.GDP.PCAP.CD,2018,6978.49121548627
PER,NY.GDP.PCAP.CD,2017,6736.16693725487
PER,NY.GDP.PCAP.CD,2016,6217.03599995447
PER,NY.GDP.PCAP.CD,2015,6231.71150338894
PER,NY.GDP.PCAP.CD,2014,6667.13410360861
PER,NY.GDP.PCAP.CD,2013,6746.80025696601
PER,NY.GDP.PCAP.CD,2012,6519.37852981527
PER,NY.GDP.PCAP.CD,2011,5861.35793645245
PER,NY.GDP.PCAP.CD,2010,5072.11494019615
PER,NY.GDP.PCAP.CD,2009,4181.18755462253
PER,NY.GDP.PCAP.CD,2008,4197.58444634142
PER,NY.GDP.PCAP.CD,2007,3581.0893081917
PER,NY.GDP.PCAP.CD,2006,3129.55996496982
PER,NY.GDP.PCAP.CD,2005,2706.66947297608
PER,NY.GDP.PCAP.CD,2004,2397.25147277714
PER,NY.GDP.PCAP.CD,2003,2129.44114197634
PER,NY.GDP.PCAP.CD,2002,2007.37019626753
PER,NY.GDP.PCAP.CD,2001,1929.57273038846
PER,NY.GDP.PCAP.CD,2000,1945.41338451698
PER,NY.GDP.PCAP.CD,1999,1916.53397367908
PER,NY.GDP.PCAP.CD,1998,2156.39377651613
PER,NY.GDP.PCAP.CD,1997,2300.67200774461
PER,NY.GDP.PCAP.CD,1996,2226.91682429265
PER,NY.GDP.PCAP.CD,1995,2189.53431515311
PER,NY.GDP.PCAP.CD,1994,1879.36657757919
PER,NY.GDP.PCAP.CD,1993,1487.67404314175
PER,NY.GDP.PCAP.CD,1992,1567.40910765128
PER,NY.GDP.PCAP.CD,1991,1527.38879472866
PER,NY.GDP.PCAP.CD,1990,1199.66666756615
PER,NY.GDP.PCAP.CD,1989,1044.90725784847
PER,NY.GDP.PCAP.CD,1988,733.299784874657
PER,NY.GDP.PCAP.CD,1987,1792.30070238361
PER,NY.GDP.PCAP.CD,1986,1086.60913755382
PER,NY.GDP.PCAP.CD,1985,767.43588754407
PER,NY.GDP.PCAP.CD,1984,917.896274683145
PER,NY.GDP.PCAP.CD,1983,927.258656933852
PER,NY.GDP.PCAP.CD,1982,1194.45000618562
PER,NY.GDP.PCAP.CD,1981,1216.27350223135
PER,NY.GDP.PCAP.CD,1980,1044.69165468575
PER,NY.GDP.PCAP.CD,1979,942.176901705359
PER,NY.GDP.PCAP.CD,1978,756.347306761911
PER,NY.GDP.PCAP.CD,1977,902.860901025509
PER,NY.GDP.PCAP.CD,1976,1026.41438542928
PER,NY.GDP.PCAP.CD,1975,1104.16133001287
PER,NY.GDP.PCAP.CD,1974,926.57995047717
PER,NY.GDP.PCAP.CD,1973,753.924581161999
PER,NY.GDP.PCAP.CD,1972,646.679686654992
PER,NY.GDP.PCAP.CD,1971,599.041967615617
PER,NY.GDP.PCAP.CD,1970,550.484609442545
PER,NY.GDP.PCAP.CD,1969,487.660318575547
PER,NY.GDP.PCAP.CD,1968,447.99179719095
PER,NY.GDP.PCAP.CD,1967,497.58475625699
PER,NY.GDP.PCAP.CD,1966,504.825948542419
PER,NY.GDP.PCAP.CD,1965,438.990796969303
PER,NY.GDP.PCAP.CD,1964,380.965457465866
PER,NY.GDP.PCAP.CD,1963,324.107404672837
PER,NY.GDP.PCAP.CD,1962,304.537817519843
PER,NY.GDP.PCAP.CD,1961,276.641400132003
PER,NY.GDP.PCAP.CD,1960,252.796782675034
PHL,NY.GDP.PCAP.CD,2025,
PHL,NY.GDP.PCAP.CD,2024,3984.8315387656
PHL,NY.GDP.PCAP.CD,2023,3804.08274131097
PHL,NY.GDP.PCAP.CD,2022,3548.06930572116
PHL,NY.GDP.PCAP.CD,2021,3484.38593882819
PHL,NY.GDP.PCAP.CD,2020,3227.57910235199
PHL,NY.GDP.PCAP.CD,2019,3400.78949767074
PHL,NY.GDP.PCAP.CD,2018,3168.51036609727
PHL,NY.GDP.PCAP.CD,2017,3038.12124959289
PHL,NY.GDP.PCAP.CD,2016,2985.19564024046
PHL,NY.GDP.PCAP.CD,2015,2909.85818010301
PHL,NY.GDP.PCAP.CD,2014,2866.83803761407
PHL,NY.GDP.PCAP.CD,2013,2781.27957677397
PHL,NY.GDP.PCAP.CD,2012,2614.61644401308
PHL,NY.GDP.PCAP.CD,2011,2383.91892522087
PHL,NY.GDP.PCAP.CD,2010,2162.91375885614
PHL,NY.GDP.PCAP.CD,2009,1864.45043406471
PHL,NY.GDP.PCAP.CD,2008,1959.29233534978
PHL,NY.GDP.PCAP.CD,2007,1712.65543282793
PHL,NY.GDP.PCAP.CD,2006,1426.14649179546
PHL,NY.GDP.PCAP.CD,2005,1220.46018559867
PHL,NY.GDP.PCAP.CD,2004,1099.63013023758
PHL,NY.GDP.PCAP.CD,2003,1027.2301192843
PHL,NY.GDP.PCAP.CD,2002,1014.90879320106
PHL,NY.GDP.PCAP.CD,2001,969.530611744453
PHL,NY.GDP.PCAP.CD,2000,1050.79273107952
PHL,NY.GDP.PCAP.CD,1999,1101.43515975318
PHL,NY.GDP.PCAP.CD,1998,982.865943728564
PHL,NY.GDP.PCAP.CD,1997,1273.27604875636
PHL,NY.GDP.PCAP.CD,1996,1311.09249403865
PHL,NY.GDP.PCAP.CD,1995,1199.84171414993
PHL,NY.GDP.PCAP.CD,1994,1059.9838951587
PHL,NY.GDP.PCAP.CD,1993,918.642953796961
PHL,NY.GDP.PCAP.CD,1992,916.515694532029
PHL,NY.GDP.PCAP.CD,1991,804.323330530547
PHL,NY.GDP.PCAP.CD,1990,803.572588255813
PHL,NY.GDP.PCAP.CD,1989,791.864324425833
PHL,NY.GDP.PCAP.CD,1988,722.343718454247
PHL,NY.GDP.PCAP.CD,1987,649.812857590607
PHL,NY.GDP.PCAP.CD,1986,600.002843935462
PHL,NY.GDP.PCAP.CD,1985,633.211065310196
PHL,NY.GDP.PCAP.CD,1984,665.042349344043
PHL,NY.GDP.PCAP.CD,1983,723.430497138016
PHL,NY.GDP.PCAP.CD,1982,832.536200258054
PHL,NY.GDP.PCAP.CD,1981,821.293256858092
PHL,NY.GDP.PCAP.CD,1980,766.969451146209
PHL,NY.GDP.PCAP.CD,1979,666.956386771672
PHL,NY.GDP.PCAP.CD,1978,565.267487053598
PHL,NY.GDP.PCAP.CD,1977,502.23424288346
PHL,NY.GDP.PCAP.CD,1976,448.620084504484
PHL,NY.GDP.PCAP.CD,1975,400.638883090952
PHL,NY.GDP.PCAP.CD,1974,379.068181207602
PHL,NY.GDP.PCAP.CD,1973,283.228592733126
PHL,NY.GDP.PCAP.CD,1972,230.097611314044
PHL,NY.GDP.PCAP.CD,1971,217.429055093343
PHL,NY.GDP.PCAP.CD,1970,200.921655645037
PHL,NY.GDP.PCAP.CD,1969,261.090890369413
PHL,NY.GDP.PCAP.CD,1968,242.232067627814
PHL,NY.GDP.PCAP.CD,1967,223.124766332659
PHL,NY.GDP.PCAP.CD,1966,213.849586020843
PHL,NY.GDP.PCAP.CD,1965,199.763575376063
PHL,NY.GDP.PCAP.CD,1964,188.153783582113
PHL,NY.GDP.PCAP.CD,1963,179.464434045296
PHL,NY.GDP.PCAP.CD,1962,166.689221357377
PHL,NY.GDP.PCAP.CD,1961,283.794741192369
PHL,NY.GDP.PCAP.CD,1960,269.465146474794
POL,NY.GDP.PCAP.CD,2025,
POL,NY.GDP.PCAP.CD,2024,25103.565661423
POL,NY.GDP.PCAP.CD,2023,22145.2660647429
POL,NY.GDP.PCAP.CD,2022,18891.2121169279
POL,NY.GDP.PCAP.CD,2021,18635.5104895754
POL,NY.GDP.PCAP.CD,2020,16150.9304813473
POL,NY.GDP.PCAP.CD,2019,15874.5220531254
POL,NY.GDP.PCAP.CD,2018,15658.2120316794
POL,NY.GDP.PCAP.CD,2017,13913.3402919927
POL,NY.GDP.PCAP.CD,2016,12464.0110508476
POL,NY.GDP.PCAP.CD,2015,12637.5220324406
POL,NY.GDP.PCAP.CD,2014,14262.2841914116
POL,NY.GDP.PCAP.CD,2013,13621.9023794031
POL,NY.GDP.PCAP.CD,2012,13087.420943321
POL,NY.GDP.PCAP.CD,2011,13867.6669408192
POL,NY.GDP.PCAP.CD,2010,12567.7317676382
POL,NY.GDP.PCAP.CD,2009,11556.3026866026
POL,NY.GDP.PCAP.CD,2008,14048.5604672654
POL,NY.GDP.PCAP.CD,2007,11272.5293683383
POL,NY.GDP.PCAP.CD,2006,9068.85528307627
POL,NY.GDP.PCAP.CD,2005,8043.92332253757
POL,NY.GDP.PCAP.CD,2004,6711.72715262967
POL,NY.GDP.PCAP.CD,2003,5720.81366178104
POL,NY.GDP.PCAP.CD,2002,5223.45178967082
POL,NY.GDP.PCAP.CD,2001,5015.23790036613
POL,NY.GDP.PCAP.CD,2000,4520.64100449111
POL,NY.GDP.PCAP.CD,1999,4415.50067547826
POL,NY.GDP.PCAP.CD,1998,4533.5356551781
POL,NY.GDP.PCAP.CD,1997,4137.00831823145
POL,NY.GDP.PCAP.CD,1996,4163.51195431959
POL,NY.GDP.PCAP.CD,1995,3700.95956775144
POL,NY.GDP.PCAP.CD,1994,2874.83163555069
POL,NY.GDP.PCAP.CD,1993,2497.13055936127
POL,NY.GDP.PCAP.CD,1992,2459.02068468253
POL,NY.GDP.PCAP.CD,1991,2235.54108862522
POL,NY.GDP.PCAP.CD,1990,1731.2095094382
POL,NY.GDP.PCAP.CD,1989,
POL,NY.GDP.PCAP.CD,1988,
POL,NY.GDP.PCAP.CD,1987,
POL,NY.GDP.PCAP.CD,1986,
POL,NY.GDP.PCAP.CD,1985,
POL,NY.GDP.PCAP.CD,1984,
POL,NY.GDP.PCAP.CD,1983,
POL,NY.GDP.PCAP.CD,1982,
POL,NY.GDP.PCAP.CD,1981,
POL,NY.GDP.PCAP.CD,1980,
POL,NY.GDP.PCAP.CD,1979,
POL,NY.GDP.PCAP.CD,1978,
POL,NY.GDP.PCAP.CD,1977,
POL,NY.GDP.PCAP.CD,1976,
POL,NY.GDP.PCAP.CD,1975,
POL,NY.GDP.PCAP.CD,1974,
POL,NY.GDP.PCAP.CD,1973,
POL,NY.GDP.PCAP.CD,1972,
POL,NY.GDP.PCAP.CD,1971,
POL,NY.GDP.PCAP.CD,1970,
POL,NY.GDP.PCAP.CD,1969,
POL,NY.GDP.PCAP.CD,1968,
POL,NY.GDP.PCAP.CD,1967,
POL,NY.GDP.PCAP.CD,1966,
POL,NY.GDP.PCAP.CD,1965,
POL,NY.GDP.PCAP.CD,1964,
POL,NY.GDP.PCAP.CD,1963,
POL,NY.GDP.PCAP.CD,1962,
POL,NY.GDP.PCAP.CD,1961,
POL,NY.GDP.PCAP.CD,1960,
PRT,NY.GDP.PCAP.CD,2025,
PRT,NY.GDP.PCAP.CD,2024,29292.242104753
PRT,NY.GDP.PCAP.CD,2023,27634.6183139773
PRT,NY.GDP.PCAP.CD,2022,24620.5197587181
PRT,NY.GDP.PCAP.CD,2021,24711.4510062111
PRT,NY.GDP.PCAP.CD,2020,22299.4044062173
PRT,NY.GDP.PCAP.CD,2019,23343.3628970034
PRT,NY.GDP.PCAP.CD,2018,23541.1401075289
PRT,NY.GDP.PCAP.CD,2017,21442.3842768879
PRT,NY.GDP.PCAP.CD,2016,19980.2808866516
PRT,NY.GDP.PCAP.CD,2015,19215.7813014347
PRT,NY.GDP.PCAP.CD,2014,22120.6850127107
PRT,NY.GDP.PCAP.CD,2013,21676.4859642714
PRT,NY.GDP.PCAP.CD,2012,20593.4274224109
PRT,NY.GDP.PCAP.CD,2011,23246.5425416481
PRT,NY.GDP.PCAP.CD,2010,22551.935098809
PRT,NY.GDP.PCAP.CD,2009,23151.2154130712
PRT,NY.GDP.PCAP.CD,2008,24949.0413566739
PRT,NY.GDP.PCAP.CD,2007,22811.0564844365
PRT,NY.GDP.PCAP.CD,2006,19839.4540499032
PRT,NY.GDP.PCAP.CD,2005,18780.12751241
PRT,NY.GDP.PCAP.CD,2004,18064.1580932987
PRT,NY.GDP.PCAP.CD,2003,15797.7821340276
PRT,NY.GDP.PCAP.CD,2002,12936.6928204482
PRT,NY.GDP.PCAP.CD,2001,11734.7649743954
PRT,NY.GDP.PCAP.CD,2000,11526.3720667968
PRT,NY.GDP.PCAP.CD,1999,12475.2917701476
PRT,NY.GDP.PCAP.CD,1998,12199.206385024
PRT,NY.GDP.PCAP.CD,1997,11575.5071124358
PRT,NY.GDP.PCAP.CD,1996,12185.0914010629
PRT,NY.GDP.PCAP.CD,1995,11781.3618502221
PRT,NY.GDP.PCAP.CD,1994,9977.31990905771
PRT,NY.GDP.PCAP.CD,1993,9534.6563637308
PRT,NY.GDP.PCAP.CD,1992,10810.5665079626
PRT,NY.GDP.PCAP.CD,1991,8958.9853330247
PRT,NY.GDP.PCAP.CD,1990,7884.61798756332
PRT,NY.GDP.PCAP.CD,1989,6056.38102771889
PRT,NY.GDP.PCAP.CD,1988,5623.69699982123
PRT,NY.GDP.PCAP.CD,1987,4803.86609546941
PRT,NY.GDP.PCAP.CD,1986,3861.9484333688
PRT,NY.GDP.PCAP.CD,1985,2705.19300197317
PRT,NY.GDP.PCAP.CD,1984,2522.74747620658
PRT,NY.GDP.PCAP.CD,1983,2735.49106580047
PRT,NY.GDP.PCAP.CD,1982,3079.94956634271
PRT,NY.GDP.PCAP.CD,1981,3245.97521367748
PRT,NY.GDP.PCAP.CD,1980,3368.36666940279
PRT,NY.GDP.PCAP.CD,1979,2755.6246177008
PRT,NY.GDP.PCAP.CD,1978,2457.31321644599
PRT,NY.GDP.PCAP.CD,1977,2267.37100319478
PRT,NY.GDP.PCAP.CD,1976,2173.28393425975
PRT,NY.GDP.PCAP.CD,1975,2127.6375072593
PRT,NY.GDP.PCAP.CD,1974,2000.41824574682
PRT,NY.GDP.PCAP.CD,1973,1747.98904060266
PRT,NY.GDP.PCAP.CD,1972,1302.2662677393
PRT,NY.GDP.PCAP.CD,1971,1064.53771257341
PRT,NY.GDP.PCAP.CD,1970,934.082156096117
PRT,NY.GDP.PCAP.CD,1969,832.130682107245
PRT,NY.GDP.PCAP.CD,1968,751.947085624465
PRT,NY.GDP.PCAP.CD,1967,676.386669887118
PRT,NY.GDP.PCAP.CD,1966,601.289222261876
PRT,NY.GDP.PCAP.CD,1965,544.71961987576
PRT,NY.GDP.PCAP.CD,1964,490.207385856289
PRT,NY.GDP.PCAP.CD,1963,452.280291618213
PRT,NY.GDP.PCAP.CD,1962,426.49433629823
PRT,NY.GDP.PCAP.CD,1961,400.223162057827
PRT,NY.GDP.PCAP.CD,1960,376.976430250874
PRI,NY.GDP.PCAP.CD,2025,
PRI,NY.GDP.PCAP.CD,2024,39343.7154660139
PRI,NY.GDP.PCAP.CD,2023,36980.7884784287
PRI,NY.GDP.PCAP.CD,2022,35353.6821570014
PRI,NY.GDP.PCAP.CD,2021,32619.0704601174
PRI,NY.GDP.PCAP.CD,2020,31427.1130762831
PRI,NY.GDP.PCAP.CD,2019,31830.5284993358
PRI,NY.GDP.PCAP.CD,2018,30679.9181934488
PRI,NY.GDP.PCAP.CD,2017,30328.479490518
PRI,NY.GDP.PCAP.CD,2016,29978.0889268918
PRI,NY.GDP.PCAP.CD,2015,29242.041465085
PRI,NY.GDP.PCAP.CD,2014,28576.0988023209
PRI,NY.GDP.PCAP.CD,2013,28212.0499737431
PRI,NY.GDP.PCAP.CD,2012,27742.024476618
PRI,NY.GDP.PCAP.CD,2011,27170.0766543278
PRI,NY.GDP.PCAP.CD,2010,26414.8810634548
PRI,NY.GDP.PCAP.CD,2009,25768.7258883384
PRI,NY.GDP.PCAP.CD,2008,24898.3345857045
PRI,NY.GDP.PCAP.CD,2007,23664.8823485096
PRI,NY.GDP.PCAP.CD,2006,22935.9411586313
PRI,NY.GDP.PCAP.CD,2005,21959.322696986
PRI,NY.GDP.PCAP.CD,2004,20988.9923326534
PRI,NY.GDP.PCAP.CD,2003,19557.1202492358
PRI,NY.GDP.PCAP.CD,2002,18731.4593897378
PRI,NY.GDP.PCAP.CD,2001,18123.1987019918
PRI,NY.GDP.PCAP.CD,2000,16192.1269719638
PRI,NY.GDP.PCAP.CD,1999,15220.9913420267
PRI,NY.GDP.PCAP.CD,1998,14304.4049868015
PRI,NY.GDP.PCAP.CD,1997,12817.6449621352
PRI,NY.GDP.PCAP.CD,1996,12173.163688986
PRI,NY.GDP.PCAP.CD,1995,11579.1849969985
PRI,NY.GDP.PCAP.CD,1994,10876.4188239898
PRI,NY.GDP.PCAP.CD,1993,10212.2767630564
PRI,NY.GDP.PCAP.CD,1992,9659.33889995916
PRI,NY.GDP.PCAP.CD,1991,9064.01851711486
PRI,NY.GDP.PCAP.CD,1990,8652.50749222505
PRI,NY.GDP.PCAP.CD,1989,8033.08944133042
PRI,NY.GDP.PCAP.CD,1988,7595.44465611829
PRI,NY.GDP.PCAP.CD,1987,6980.49014338219
PRI,NY.GDP.PCAP.CD,1986,6455.18446107614
PRI,NY.GDP.PCAP.CD,1985,6008.05448623038
PRI,NY.GDP.PCAP.CD,1984,5730.11700890201
PRI,NY.GDP.PCAP.CD,1983,5217.72272856039
PRI,NY.GDP.PCAP.CD,1982,5115.00851423346
PRI,NY.GDP.PCAP.CD,1981,4920.72293674859
PRI,NY.GDP.PCAP.CD,1980,4502.8384279476
PRI,NY.GDP.PCAP.CD,1979,4024.50942019287
PRI,NY.GDP.PCAP.CD,1978,3567.7526290007
PRI,NY.GDP.PCAP.CD,1977,3208.77135614128
PRI,NY.GDP.PCAP.CD,1976,2946.46195251152
PRI,NY.GDP.PCAP.CD,1975,2738.24315297261
PRI,NY.GDP.PCAP.CD,1974,2614.50094053038
PRI,NY.GDP.PCAP.CD,1973,2432.41421904928
PRI,NY.GDP.PCAP.CD,1972,2246.4767135113
PRI,NY.GDP.PCAP.CD,1971,2044.31990558216
PRI,NY.GDP.PCAP.CD,1970,1852.35467255335
PRI,NY.GDP.PCAP.CD,1969,1661.86688523369
PRI,NY.GDP.PCAP.CD,1968,1480.69317642251
PRI,NY.GDP.PCAP.CD,1967,1335.27411162524
PRI,NY.GDP.PCAP.CD,1966,1207.81182440348
PRI,NY.GDP.PCAP.CD,1965,1110.83269082498
PRI,NY.GDP.PCAP.CD,1964,1006.43444609497
PRI,NY.GDP.PCAP.CD,1963,931.751665981242
PRI,NY.GDP.PCAP.CD,1962,854.74480496849
PRI,NY.GDP.PCAP.CD,1961,777.215027407341
PRI,NY.GDP.PCAP.CD,1960,717.514843087362
QAT,NY.GDP.PCAP.CD,2025,
QAT,NY.GDP.PCAP.CD,2024,76688.6941743178
QAT,NY.GDP.PCAP.CD,2023,81816.9797967481
QAT,NY.GDP.PCAP.CD,2022,88701.4689763536
QAT,NY.GDP.PCAP.CD,2021,71751.9363398856
QAT,NY.GDP.PCAP.CD,2020,51683.5681078949
QAT,NY.GDP.PCAP.CD,2019,66841.3623185691
QAT,NY.GDP.PCAP.CD,2018,71039.9308240078
QAT,NY.GDP.PCAP.CD,2017,63279.8767486216
QAT,NY.GDP.PCAP.CD,2016,61253.6217997091
QAT,NY.GDP.PCAP.CD,2015,68985.2433380102
QAT,NY.GDP.PCAP.CD,2014,95840.6898934238
QAT,NY.GDP.PCAP.CD,2013,103697.062789144
QAT,NY.GDP.PCAP.CD,2012,108470.387023229
QAT,NY.GDP.PCAP.CD,2011,103261.510293068
QAT,NY.GDP.PCAP.CD,2010,76462.6119486736
QAT,NY.GDP.PCAP.CD,2009,60785.7351551657
QAT,NY.GDP.PCAP.CD,2008,80781.4039187792
QAT,NY.GDP.PCAP.CD,2007,65954.3419525051
QAT,NY.GDP.PCAP.CD,2006,62582.4453138755
QAT,NY.GDP.PCAP.CD,2005,53949.6764091147
QAT,NY.GDP.PCAP.CD,2004,41035.5008380177
QAT,NY.GDP.PCAP.CD,2003,31602.470865136
QAT,NY.GDP.PCAP.CD,2002,27226.6593510117
QAT,NY.GDP.PCAP.CD,2001,25870.7991864314
QAT,NY.GDP.PCAP.CD,2000,27535.182940934
QAT,NY.GDP.PCAP.CD,1999,20233.6846826643
QAT,NY.GDP.PCAP.CD,1998,17665.4408438222
QAT,NY.GDP.PCAP.CD,1997,20522.8012995179
QAT,NY.GDP.PCAP.CD,1996,17124.7920861356
QAT,NY.GDP.PCAP.CD,1995,15822.5090711554
QAT,NY.GDP.PCAP.CD,1994,14764.8771355222
QAT,NY.GDP.PCAP.CD,1993,14769.7193322522
QAT,NY.GDP.PCAP.CD,1992,16280.2938815273
QAT,NY.GDP.PCAP.CD,1991,15133.4969397069
QAT,NY.GDP.PCAP.CD,1990,16721.6207714589
QAT,NY.GDP.PCAP.CD,1989,15242.5068904961
QAT,NY.GDP.PCAP.CD,1988,14682.0218472004
QAT,NY.GDP.PCAP.CD,1987,13718.7911520477
QAT,NY.GDP.PCAP.CD,1986,13213.2093617769
QAT,NY.GDP.PCAP.CD,1985,16815.0419632835
QAT,NY.GDP.PCAP.CD,1984,19272.2616094603
QAT,NY.GDP.PCAP.CD,1983,19616.0320394418
QAT,NY.GDP.PCAP.CD,1982,24384.5938501228
QAT,NY.GDP.PCAP.CD,1981,29504.9403812472
QAT,NY.GDP.PCAP.CD,1980,28375.4852501113
QAT,NY.GDP.PCAP.CD,1979,21776.6381753833
QAT,NY.GDP.PCAP.CD,1978,16757.0982461328
QAT,NY.GDP.PCAP.CD,1977,16057.7252719384
QAT,NY.GDP.PCAP.CD,1976,15710.3208135683
QAT,NY.GDP.PCAP.CD,1975,13013.6838099496
QAT,NY.GDP.PCAP.CD,1974,13539.5587974924
QAT,NY.GDP.PCAP.CD,1973,4905.34265094329
QAT,NY.GDP.PCAP.CD,1972,3482.877835561
QAT,NY.GDP.PCAP.CD,1971,2951.769414533
QAT,NY.GDP.PCAP.CD,1970,2593.82296339752
QAT,NY.GDP.PCAP.CD,1969,
QAT,NY.GDP.PCAP.CD,1968,
QAT,NY.GDP.PCAP.CD,1967,
QAT,NY.GDP.PCAP.CD,1966,
QAT,NY.GDP.PCAP.CD,1965,
QAT,NY.GDP.PCAP.CD,1964,
QAT,NY.GDP.PCAP.CD,1963,
QAT,NY.GDP.PCAP.CD,1962,
QAT,NY.GDP.PCAP.CD,1961,
QAT,NY.GDP.PCAP.CD,1960,
ROU,NY.GDP.PCAP.CD,2025,
ROU,NY.GDP.PCAP.CD,2024,20080.2096215595
ROU,NY.GDP.PCAP.CD,2023,18244.4186876321
ROU,NY.GDP.PCAP.CD,2022,15503.551804598
ROU,NY.GDP.PCAP.CD,2021,14907.9803652143
ROU,NY.GDP.PCAP.CD,2020,13009.1770573223
ROU,NY.GDP.PCAP.CD,2019,12909.6104013244
ROU,NY.GDP.PCAP.CD,2018,12416.134317959
ROU,NY.GDP.PCAP.CD,2017,10727.9822007426
ROU,NY.GDP.PCAP.CD,2016,9404.54005870715
ROU,NY.GDP.PCAP.CD,2015,8977.01748158196
ROU,NY.GDP.PCAP.CD,2014,10031.7710755404
ROU,NY.GDP.PCAP.CD,2013,9497.67411615237
ROU,NY.GDP.PCAP.CD,2012,8929.95366231474
ROU,NY.GDP.PCAP.CD,2011,9560.6755277458
ROU,NY.GDP.PCAP.CD,2010,8399.5374234284
ROU,NY.GDP.PCAP.CD,2009,8548.4543409242
ROU,NY.GDP.PCAP.CD,2008,10435.1561230787
ROU,NY.GDP.PCAP.CD,2007,8360.33775916596
ROU,NY.GDP.PCAP.CD,2006,5757.53127301178
ROU,NY.GDP.PCAP.CD,2005,4618.00350802913
ROU,NY.GDP.PCAP.CD,2004,3494.99056448955
ROU,NY.GDP.PCAP.CD,2003,2679.40626016154
ROU,NY.GDP.PCAP.CD,2002,2119.85509684554
ROU,NY.GDP.PCAP.CD,2001,1825.19299373184
ROU,NY.GDP.PCAP.CD,2000,1659.92904910528
ROU,NY.GDP.PCAP.CD,1999,1599.90622808339
ROU,NY.GDP.PCAP.CD,1998,1852.5549693339
ROU,NY.GDP.PCAP.CD,1997,1577.33656023974
ROU,NY.GDP.PCAP.CD,1996,1633.01064354117
ROU,NY.GDP.PCAP.CD,1995,1650.04922365201
ROU,NY.GDP.PCAP.CD,1994,1323.03237766927
ROU,NY.GDP.PCAP.CD,1993,1158.05632799712
ROU,NY.GDP.PCAP.CD,1992,1102.10378473246
ROU,NY.GDP.PCAP.CD,1991,1254.3124421298
ROU,NY.GDP.PCAP.CD,1990,1648.48522974542
ROU,NY.GDP.PCAP.CD,1989,1789.64455528113
ROU,NY.GDP.PCAP.CD,1988,1753.19285632198
ROU,NY.GDP.PCAP.CD,1987,1658.75873899995
ROU,NY.GDP.PCAP.CD,1986,
ROU,NY.GDP.PCAP.CD,1985,
ROU,NY.GDP.PCAP.CD,1984,
ROU,NY.GDP.PCAP.CD,1983,
ROU,NY.GDP.PCAP.CD,1982,
ROU,NY.GDP.PCAP.CD,1981,
ROU,NY.GDP.PCAP.CD,1980,
ROU,NY.GDP.PCAP.CD,1979,
ROU,NY.GDP.PCAP.CD,1978,
ROU,NY.GDP.PCAP.CD,1977,
ROU,NY.GDP.PCAP.CD,1976,
ROU,NY.GDP.PCAP.CD,1975,
ROU,NY.GDP.PCAP.CD,1974,
ROU,NY.GDP.PCAP.CD,1973,
ROU,NY.GDP.PCAP.CD,1972,
ROU,NY.GDP.PCAP.CD,1971,
ROU,NY.GDP.PCAP.CD,1970,
ROU,NY.GDP.PCAP.CD,1969,
ROU,NY.GDP.PCAP.CD,1968,
ROU,NY.GDP.PCAP.CD,1967,
ROU,NY.GDP.PCAP.CD,1966,
ROU,NY.GDP.PCAP.CD,1965,
ROU,NY.GDP.PCAP.CD,1964,
ROU,NY.GDP.PCAP.CD,1963,
ROU,NY.GDP.PCAP.CD,1962,
ROU,NY.GDP.PCAP.CD,1961,
ROU,NY.GDP.PCAP.CD,1960,
RUS,NY.GDP.PCAP.CD,2025,
RUS,NY.GDP.PCAP.CD,2024,14889.0185546875
RUS,NY.GDP.PCAP.CD,2023,14159.3876953125
RUS,NY.GDP.PCAP.CD,2022,15619.6142578125
RUS,NY.GDP.PCAP.CD,2021,12425.029296875
RUS,NY.GDP.PCAP.CD,2020,10108.3271484375
RUS,NY.GDP.PCAP.CD,2019,11447.701171875
RUS,NY.GDP.PCAP.CD,2018,11211.8876953125
RUS,NY.GDP.PCAP.CD,2017,10658.9130859375
RUS,NY.GDP.PCAP.CD,2016,8663.158203125
RUS,NY.GDP.PCAP.CD,2015,9277.7138671875
RUS,NY.GDP.PCAP.CD,2014,14055.47265625
RUS,NY.GDP.PCAP.CD,2013,15941.4482421875
RUS,NY.GDP.PCAP.CD,2012,15401.8515625
RUS,NY.GDP.PCAP.CD,2011,14305.33203125
RUS,NY.GDP.PCAP.CD,2010,10674.990234375
RUS,NY.GDP.PCAP.CD,2009,8562.82421875
RUS,NY.GDP.PCAP.CD,2008,11635.2841796875
RUS,NY.GDP.PCAP.CD,2007,9101.2392578125
RUS,NY.GDP.PCAP.CD,2006,6920.19970703125
RUS,NY.GDP.PCAP.CD,2005,5323.455078125
RUS,NY.GDP.PCAP.CD,2004,4102.36474609375
RUS,NY.GDP.PCAP.CD,2003,2975.123046875
RUS,NY.GDP.PCAP.CD,2002,2377.52954101563
RUS,NY.GDP.PCAP.CD,2001,2100.3525390625
RUS,NY.GDP.PCAP.CD,2000,1771.59411621094
RUS,NY.GDP.PCAP.CD,1999,1330.75720214844
RUS,NY.GDP.PCAP.CD,1998,1834.86181640625
RUS,NY.GDP.PCAP.CD,1997,2737.57202148438
RUS,NY.GDP.PCAP.CD,1996,2643.92919921875
RUS,NY.GDP.PCAP.CD,1995,2665.77978515625
RUS,NY.GDP.PCAP.CD,1994,2662.10400390625
RUS,NY.GDP.PCAP.CD,1993,2930.67016601563
RUS,NY.GDP.PCAP.CD,1992,3098.802734375
RUS,NY.GDP.PCAP.CD,1991,3490.45239257813
RUS,NY.GDP.PCAP.CD,1990,3494.06323242188
RUS,NY.GDP.PCAP.CD,1989,3429.64990234375
RUS,NY.GDP.PCAP.CD,1988,3778.01977539063
RUS,NY.GDP.PCAP.CD,1987,
RUS,NY.GDP.PCAP.CD,1986,
RUS,NY.GDP.PCAP.CD,1985,
RUS,NY.GDP.PCAP.CD,1984,
RUS,NY.GDP.PCAP.CD,1983,
RUS,NY.GDP.PCAP.CD,1982,
RUS,NY.GDP.PCAP.CD,1981,
RUS,NY.GDP.PCAP.CD,1980,
RUS,NY.GDP.PCAP.CD,1979,
RUS,NY.GDP.PCAP.CD,1978,
RUS,NY.GDP.PCAP.CD,1977,
RUS,NY.GDP.PCAP.CD,1976,
RUS,NY.GDP.PCAP.CD,1975,
RUS,NY.GDP.PCAP.CD,1974,
RUS,NY.GDP.PCAP.CD,1973,
RUS,NY.GDP.PCAP.CD,1972,
RUS,NY.GDP.PCAP.CD,1971,
RUS,NY.GDP.PCAP.CD,1970,
RUS,NY.GDP.PCAP.CD,1969,
RUS,NY.GDP.PCAP.CD,1968,
RUS,NY.GDP.PCAP.CD,1967,
RUS,NY.GDP.PCAP.CD,1966,
RUS,NY.GDP.PCAP.CD,1965,
RUS,NY.GDP.PCAP.CD,1964,
RUS,NY.GDP.PCAP.CD,1963,
RUS,NY.GDP.PCAP.CD,1962,
RUS,NY.GDP.PCAP.CD,1961,
RUS,NY.GDP.PCAP.CD,1960,
RWA,NY.GDP.PCAP.CD,2025,
RWA,NY.GDP.PCAP.CD,2024,999.65456165547
RWA,NY.GDP.PCAP.CD,2023,1027.03446826565
RWA,NY.GDP.PCAP.CD,2022,975.469323735369
RWA,NY.GDP.PCAP.CD,2021,829.544845263697
RWA,NY.GDP.PCAP.CD,2020,778.701498925026
RWA,NY.GDP.PCAP.CD,2019,810.051412137354
RWA,NY.GDP.PCAP.CD,2018,771.773511207309
RWA,NY.GDP.PCAP.CD,2017,758.300966509647
RWA,NY.GDP.PCAP.CD,2016,729.519133812945
RWA,NY.GDP.PCAP.CD,2015,733.998629882494
RWA,NY.GDP.PCAP.CD,2014,724.957526520906
RWA,NY.GDP.PCAP.CD,2013,704.92421851123
RWA,NY.GDP.PCAP.CD,2012,706.817269168561
RWA,NY.GDP.PCAP.CD,2011,651.133677964662
RWA,NY.GDP.PCAP.CD,2010,593.624927744346
RWA,NY.GDP.PCAP.CD,2009,564.039095842449
RWA,NY.GDP.PCAP.CD,2008,528.326391755502
RWA,NY.GDP.PCAP.CD,2007,426.234183487629
RWA,NY.GDP.PCAP.CD,2006,356.995022901154
RWA,NY.GDP.PCAP.CD,2005,324.016863847189
RWA,NY.GDP.PCAP.CD,2004,269.540446333402
RWA,NY.GDP.PCAP.CD,2003,249.012274982252
RWA,NY.GDP.PCAP.CD,2002,234.043016755733
RWA,NY.GDP.PCAP.CD,2001,237.308846200901
RWA,NY.GDP.PCAP.CD,2000,251.86926386091
RWA,NY.GDP.PCAP.CD,1999,264.74368682977
RWA,NY.GDP.PCAP.CD,1998,246.154673288384
RWA,NY.GDP.PCAP.CD,1997,238.749371368214
RWA,NY.GDP.PCAP.CD,1996,206.04911417485
RWA,NY.GDP.PCAP.CD,1995,227.971147849318
RWA,NY.GDP.PCAP.CD,1994,110.953668251372
RWA,NY.GDP.PCAP.CD,1993,247.023318476014
RWA,NY.GDP.PCAP.CD,1992,264.083914517464
RWA,NY.GDP.PCAP.CD,1991,253.966902025944
RWA,NY.GDP.PCAP.CD,1990,345.773495134655
RWA,NY.GDP.PCAP.CD,1989,334.741963422255
RWA,NY.GDP.PCAP.CD,1988,343.781325819105
RWA,NY.GDP.PCAP.CD,1987,319.643663252334
RWA,NY.GDP.PCAP.CD,1986,297.725981822308
RWA,NY.GDP.PCAP.CD,1985,271.578979038705
RWA,NY.GDP.PCAP.CD,1984,259.906684530767
RWA,NY.GDP.PCAP.CD,1983,250.568951735636
RWA,NY.GDP.PCAP.CD,1982,246.385549568864
RWA,NY.GDP.PCAP.CD,1981,254.569201374867
RWA,NY.GDP.PCAP.CD,1980,234.392851442674
RWA,NY.GDP.PCAP.CD,1979,213.765751335745
RWA,NY.GDP.PCAP.CD,1978,179.876527812666
RWA,NY.GDP.PCAP.CD,1977,152.744262359212
RWA,NY.GDP.PCAP.CD,1976,134.378431212254
RWA,NY.GDP.PCAP.CD,1975,124.109648019297
RWA,NY.GDP.PCAP.CD,1974,68.9411498886186
RWA,NY.GDP.PCAP.CD,1973,66.9143871506847
RWA,NY.GDP.PCAP.CD,1972,58.397695523384
RWA,NY.GDP.PCAP.CD,1971,54.3780760416401
RWA,NY.GDP.PCAP.CD,1970,55.2419721408638
RWA,NY.GDP.PCAP.CD,1969,48.8699283215294
RWA,NY.GDP.PCAP.CD,1968,45.9934717054709
RWA,NY.GDP.PCAP.CD,1967,43.9610505576821
RWA,NY.GDP.PCAP.CD,1966,35.3602860886258
RWA,NY.GDP.PCAP.CD,1965,43.4679672003763
RWA,NY.GDP.PCAP.CD,1964,38.9824483017745
RWA,NY.GDP.PCAP.CD,1963,39.2771771983712
RWA,NY.GDP.PCAP.CD,1962,39.2338440533266
RWA,NY.GDP.PCAP.CD,1961,39.2689714974898
RWA,NY.GDP.PCAP.CD,1960,39.3740728069473
WSM,NY.GDP.PCAP.CD,2025,
WSM,NY.GDP.PCAP.CD,2024,5392.87761915762
WSM,NY.GDP.PCAP.CD,2023,4822.74084650019
WSM,NY.GDP.PCAP.CD,2022,4132.44717734444
WSM,NY.GDP.PCAP.CD,2021,4021.55934894283
WSM,NY.GDP.PCAP.CD,2020,4099.59660548583
WSM,NY.GDP.PCAP.CD,2019,4351.94234943706
WSM,NY.GDP.PCAP.CD,2018,4231.81409469194
WSM,NY.GDP.PCAP.CD,2017,4307.59381964907
WSM,NY.GDP.PCAP.CD,2016,4147.07097674888
WSM,NY.GDP.PCAP.CD,2015,4084.36083819933
WSM,NY.GDP.PCAP.CD,2014,3982.68080202084
WSM,NY.GDP.PCAP.CD,2013,4023.5254013825
WSM,NY.GDP.PCAP.CD,2012,3934.60320799981
WSM,NY.GDP.PCAP.CD,2011,3821.50678264479
WSM,NY.GDP.PCAP.CD,2010,3524.2479246203
WSM,NY.GDP.PCAP.CD,2009,3279.18269477295
WSM,NY.GDP.PCAP.CD,2008,3373.60639884263
WSM,NY.GDP.PCAP.CD,2007,3038.61904093377
WSM,NY.GDP.PCAP.CD,2006,2663.29135939532
WSM,NY.GDP.PCAP.CD,2005,2550.04221437511
WSM,NY.GDP.PCAP.CD,2004,2189.26042607992
WSM,NY.GDP.PCAP.CD,2003,1798.12429714048
WSM,NY.GDP.PCAP.CD,2002,1527.55790455937
WSM,NY.GDP.PCAP.CD,2001,1453.87021324606
WSM,NY.GDP.PCAP.CD,2000,1424.75240002471
WSM,NY.GDP.PCAP.CD,1999,1416.76915966987
WSM,NY.GDP.PCAP.CD,1998,1506.30359215846
WSM,NY.GDP.PCAP.CD,1997,1607.88744330521
WSM,NY.GDP.PCAP.CD,1996,1419.35849045228
WSM,NY.GDP.PCAP.CD,1995,1288.10473321401
WSM,NY.GDP.PCAP.CD,1994,1276.85021574897
WSM,NY.GDP.PCAP.CD,1993,774.988631552282
WSM,NY.GDP.PCAP.CD,1992,776.740824409711
WSM,NY.GDP.PCAP.CD,1991,741.563963808482
WSM,NY.GDP.PCAP.CD,1990,743.994213008355
WSM,NY.GDP.PCAP.CD,1989,728.151128858805
WSM,NY.GDP.PCAP.CD,1988,790.134992313838
WSM,NY.GDP.PCAP.CD,1987,666.308337309081
WSM,NY.GDP.PCAP.CD,1986,604.257418815764
WSM,NY.GDP.PCAP.CD,1985,572.806387713236
WSM,NY.GDP.PCAP.CD,1984,654.697560664036
WSM,NY.GDP.PCAP.CD,1983,670.98638131758
WSM,NY.GDP.PCAP.CD,1982,728.127937935873
WSM,NY.GDP.PCAP.CD,1981,713.375672542904
WSM,NY.GDP.PCAP.CD,1980,765.24773288828
WSM,NY.GDP.PCAP.CD,1979,750.588726090539
WSM,NY.GDP.PCAP.CD,1978,670.633271871531
WSM,NY.GDP.PCAP.CD,1977,615.297809957995
WSM,NY.GDP.PCAP.CD,1976,541.03147223181
WSM,NY.GDP.PCAP.CD,1975,609.670300459943
WSM,NY.GDP.PCAP.CD,1974,626.0388469155
WSM,NY.GDP.PCAP.CD,1973,562.757551160649
WSM,NY.GDP.PCAP.CD,1972,432.869670090088
WSM,NY.GDP.PCAP.CD,1971,376.971495094961
WSM,NY.GDP.PCAP.CD,1970,321.996706619559
WSM,NY.GDP.PCAP.CD,1969,
WSM,NY.GDP.PCAP.CD,1968,
WSM,NY.GDP.PCAP.CD,1967,
WSM,NY.GDP.PCAP.CD,1966,
WSM,NY.GDP.PCAP.CD,1965,
WSM,NY.GDP.PCAP.CD,1964,
WSM,NY.GDP.PCAP.CD,1963,
WSM,NY.GDP.PCAP.CD,1962,
WSM,NY.GDP.PCAP.CD,1961,
WSM,NY.GDP.PCAP.CD,1960,
SMR,NY.GDP.PCAP.CD,2025,
SMR,NY.GDP.PCAP.CD,2024,
SMR,NY.GDP.PCAP.CD,2023,59879.7173015651
SMR,NY.GDP.PCAP.CD,2022,54190.8417700372
SMR,NY.GDP.PCAP.CD,2021,54176.4798021628
SMR,NY.GDP.PCAP.CD,2020,44326.9556746411
SMR,NY.GDP.PCAP.CD,2019,46630.1443120725
SMR,NY.GDP.PCAP.CD,2018,47950.6880557136
SMR,NY.GDP.PCAP.CD,2017,45192.0279766943
SMR,NY.GDP.PCAP.CD,2016,44359.4797662688
SMR,NY.GDP.PCAP.CD,2015,43146.8240435428
SMR,NY.GDP.PCAP.CD,2014,51260.4938347125
SMR,NY.GDP.PCAP.CD,2013,50807.8289138024
SMR,NY.GDP.PCAP.CD,2012,47945.8991734281
SMR,NY.GDP.PCAP.CD,2011,55601.3929703047
SMR,NY.GDP.PCAP.CD,2010,56543.1898204098
SMR,NY.GDP.PCAP.CD,2009,62428.9943269418
SMR,NY.GDP.PCAP.CD,2008,75902.1320521765
SMR,NY.GDP.PCAP.CD,2007,70124.4634385624
SMR,NY.GDP.PCAP.CD,2006,63270.7780755157
SMR,NY.GDP.PCAP.CD,2005,59877.8005839737
SMR,NY.GDP.PCAP.CD,2004,58232.0176184948
SMR,NY.GDP.PCAP.CD,2003,52529.9093701059
SMR,NY.GDP.PCAP.CD,2002,41790.8432718184
SMR,NY.GDP.PCAP.CD,2001,39035.1034290445
SMR,NY.GDP.PCAP.CD,2000,37600.7077379601
SMR,NY.GDP.PCAP.CD,1999,41931.7951488407
SMR,NY.GDP.PCAP.CD,1998,40126.93686908
SMR,NY.GDP.PCAP.CD,1997,37852.9810311
SMR,NY.GDP.PCAP.CD,1996,
SMR,NY.GDP.PCAP.CD,1995,
SMR,NY.GDP.PCAP.CD,1994,
SMR,NY.GDP.PCAP.CD,1993,
SMR,NY.GDP.PCAP.CD,1992,
SMR,NY.GDP.PCAP.CD,1991,
SMR,NY.GDP.PCAP.CD,1990,
SMR,NY.GDP.PCAP.CD,1989,
SMR,NY.GDP.PCAP.CD,1988,
SMR,NY.GDP.PCAP.CD,1987,
SMR,NY.GDP.PCAP.CD,1986,
SMR,NY.GDP.PCAP.CD,1985,
SMR,NY.GDP.PCAP.CD,1984,
SMR,NY.GDP.PCAP.CD,1983,
SMR,NY.GDP.PCAP.CD,1982,
SMR,NY.GDP.PCAP.CD,1981,
SMR,NY.GDP.PCAP.CD,1980,
SMR,NY.GDP.PCAP.CD,1979,
SMR,NY.GDP.PCAP.CD,1978,
SMR,NY.GDP.PCAP.CD,1977,
SMR,NY.GDP.PCAP.CD,1976,
SMR,NY.GDP.PCAP.CD,1975,
SMR,NY.GDP.PCAP.CD,1974,
SMR,NY.GDP.PCAP.CD,1973,
SMR,NY.GDP.PCAP.CD,1972,
SMR,NY.GDP.PCAP.CD,1971,
SMR,NY.GDP.PCAP.CD,1970,
SMR,NY.GDP.PCAP.CD,1969,
SMR,NY.GDP.PCAP.CD,1968,
SMR,NY.GDP.PCAP.CD,1967,
SMR,NY.GDP.PCAP.CD,1966,
SMR,NY.GDP.PCAP.CD,1965,
SMR,NY.GDP.PCAP.CD,1964,
SMR,NY.GDP.PCAP.CD,1963,
SMR,NY.GDP.PCAP.CD,1962,
SMR,NY.GDP.PCAP.CD,1961,
SMR,NY.GDP.PCAP.CD,1960,
STP,NY.GDP.PCAP.CD,2025,
STP,NY.GDP.PCAP.CD,2024,3490.56883486557
STP,NY.GDP.PCAP.CD,2023,2990.6606143535
STP,NY.GDP.PCAP.CD,2022,2389.73729784737
STP,NY.GDP.PCAP.CD,2021,2362.58827248102
STP,NY.GDP.PCAP.CD,2020,2167.22001796925
STP,NY.GDP.PCAP.CD,2019,1935.2931816596
STP,NY.GDP.PCAP.CD,2018,1825.59971753966
STP,NY.GDP.PCAP.CD,2017,1555.79477812888
STP,NY.GDP.PCAP.CD,2016,1434.87018050521
STP,NY.GDP.PCAP.CD,2015,1298.10946596396
STP,NY.GDP.PCAP.CD,2014,1489.67633417608
STP,NY.GDP.PCAP.CD,2013,1382.5757842916
STP,NY.GDP.PCAP.CD,2012,1192.0202911189
STP,NY.GDP.PCAP.CD,2011,1219.80189089671
STP,NY.GDP.PCAP.CD,2010,1045.20958234528
STP,NY.GDP.PCAP.CD,2009,1128.28046213305
STP,NY.GDP.PCAP.CD,2008,1081.8684584729
STP,NY.GDP.PCAP.CD,2007,878.885791918745
STP,NY.GDP.PCAP.CD,2006,861.970707697664
STP,NY.GDP.PCAP.CD,2005,844.169181884274
STP,NY.GDP.PCAP.CD,2004,726.560882130444
STP,NY.GDP.PCAP.CD,2003,663.696211810494
STP,NY.GDP.PCAP.CD,2002,568.10257252271
STP,NY.GDP.PCAP.CD,2001,518.88050130005
STP,NY.GDP.PCAP.CD,2000,529.089383412262
STP,NY.GDP.PCAP.CD,1999,542.692548018387
STP,NY.GDP.PCAP.CD,1998,513.569380269738
STP,NY.GDP.PCAP.CD,1997,661.668232822488
STP,NY.GDP.PCAP.CD,1996,987.048712395264
STP,NY.GDP.PCAP.CD,1995,768.710751184259
STP,NY.GDP.PCAP.CD,1994,989.500757799244
STP,NY.GDP.PCAP.CD,1993,963.785698734091
STP,NY.GDP.PCAP.CD,1992,740.471318576498
STP,NY.GDP.PCAP.CD,1991,855.105075821698
STP,NY.GDP.PCAP.CD,1990,970.059625606155
STP,NY.GDP.PCAP.CD,1989,821.355129173615
STP,NY.GDP.PCAP.CD,1988,846.60177007008
STP,NY.GDP.PCAP.CD,1987,1017.85413731046
STP,NY.GDP.PCAP.CD,1986,1042.99511241999
STP,NY.GDP.PCAP.CD,1985,761.407990592529
STP,NY.GDP.PCAP.CD,1984,735.13352186245
STP,NY.GDP.PCAP.CD,1983,719.585065944304
STP,NY.GDP.PCAP.CD,1982,783.429221364288
STP,NY.GDP.PCAP.CD,1981,829.888818772033
STP,NY.GDP.PCAP.CD,1980,828.688007722406
STP,NY.GDP.PCAP.CD,1979,683.1642785186
STP,NY.GDP.PCAP.CD,1978,586.866567172971
STP,NY.GDP.PCAP.CD,1977,538.961153996478
STP,NY.GDP.PCAP.CD,1976,585.225491976985
STP,NY.GDP.PCAP.CD,1975,693.150687886501
STP,NY.GDP.PCAP.CD,1974,682.841924804006
STP,NY.GDP.PCAP.CD,1973,676.480648564475
STP,NY.GDP.PCAP.CD,1972,511.225883278212
STP,NY.GDP.PCAP.CD,1971,470.047210516664
STP,NY.GDP.PCAP.CD,1970,479.373226585893
STP,NY.GDP.PCAP.CD,1969,
STP,NY.GDP.PCAP.CD,1968,
STP,NY.GDP.PCAP.CD,1967,
STP,NY.GDP.PCAP.CD,1966,
STP,NY.GDP.PCAP.CD,1965,
STP,NY.GDP.PCAP.CD,1964,
STP,NY.GDP.PCAP.CD,1963,
STP,NY.GDP.PCAP.CD,1962,
STP,NY.GDP.PCAP.CD,1961,
STP,NY.GDP.PCAP.CD,1960,
SAU,NY.GDP.PCAP.CD,2025,
SAU,NY.GDP.PCAP.CD,2024,35121.6628687742
SAU,NY.GDP.PCAP.CD,2023,36156.848337701
SAU,NY.GDP.PCAP.CD,2022,38510.2276211037
SAU,NY.GDP.PCAP.CD,2021,31920.7653655643
SAU,NY.GDP.PCAP.CD,2020,24338.8307301067
SAU,NY.GDP.PCAP.CD,2019,29566.7933827436
SAU,NY.GDP.PCAP.CD,2018,29360.0658968566
SAU,NY.GDP.PCAP.CD,2017,23929.2907135982
SAU,NY.GDP.PCAP.CD,2016,22267.7217050387
SAU,NY.GDP.PCAP.CD,2015,23256.1549553531
SAU,NY.GDP.PCAP.CD,2014,27805.4850319422
SAU,NY.GDP.PCAP.CD,2013,27865.465604962
SAU,NY.GDP.PCAP.CD,2012,28733.4375513452
SAU,NY.GDP.PCAP.CD,2011,27126.7498747702
SAU,NY.GDP.PCAP.CD,2010,22028.3901426586
SAU,NY.GDP.PCAP.CD,2009,17718.3911648365
SAU,NY.GDP.PCAP.CD,2008,22320.4888964331
SAU,NY.GDP.PCAP.CD,2007,18596.1502627898
SAU,NY.GDP.PCAP.CD,2006,17563.6145370639
SAU,NY.GDP.PCAP.CD,2005,15975.7473782258
SAU,NY.GDP.PCAP.CD,2004,13154.4978989446
SAU,NY.GDP.PCAP.CD,2003,11487.220410693
SAU,NY.GDP.PCAP.CD,2002,10586.0543471363
SAU,NY.GDP.PCAP.CD,2001,10805.311325122
SAU,NY.GDP.PCAP.CD,2000,11714.5623675159
SAU,NY.GDP.PCAP.CD,1999,10452.1899400479
SAU,NY.GDP.PCAP.CD,1998,9836.05729768574
SAU,NY.GDP.PCAP.CD,1997,11545.3455998551
SAU,NY.GDP.PCAP.CD,1996,11471.5045960191
SAU,NY.GDP.PCAP.CD,1995,10786.4008952769
SAU,NY.GDP.PCAP.CD,1994,10601.9196697805
SAU,NY.GDP.PCAP.CD,1993,10884.8607880777
SAU,NY.GDP.PCAP.CD,1992,11730.2687665244
SAU,NY.GDP.PCAP.CD,1991,11847.1699534218
SAU,NY.GDP.PCAP.CD,1990,11054.7495049666
SAU,NY.GDP.PCAP.CD,1989,9413.58119352769
SAU,NY.GDP.PCAP.CD,1988,9165.49615323397
SAU,NY.GDP.PCAP.CD,1987,9385.98469519899
SAU,NY.GDP.PCAP.CD,1986,10078.2896080512
SAU,NY.GDP.PCAP.CD,1985,12745.41992535
SAU,NY.GDP.PCAP.CD,1984,15541.1312184609
SAU,NY.GDP.PCAP.CD,1983,17809.5527471054
SAU,NY.GDP.PCAP.CD,1982,22454.4843169614
SAU,NY.GDP.PCAP.CD,1981,28703.35585508
SAU,NY.GDP.PCAP.CD,1980,27205.6452285141
SAU,NY.GDP.PCAP.CD,1979,19611.565126033
SAU,NY.GDP.PCAP.CD,1978,14914.1542686138
SAU,NY.GDP.PCAP.CD,1977,14595.3739933329
SAU,NY.GDP.PCAP.CD,1976,13312.5119926546
SAU,NY.GDP.PCAP.CD,1975,10265.6414406471
SAU,NY.GDP.PCAP.CD,1974,10503.4280777085
SAU,NY.GDP.PCAP.CD,1973,3640.08361192413
SAU,NY.GDP.PCAP.CD,1972,2474.38683208975
SAU,NY.GDP.PCAP.CD,1971,1929.30910330483
SAU,NY.GDP.PCAP.CD,1970,1509.43961165521
SAU,NY.GDP.PCAP.CD,1969,1312.73865737123
SAU,NY.GDP.PCAP.CD,1968,1275.70709426176
SAU,NY.GDP.PCAP.CD,1967,1031.60360297585
SAU,NY.GDP.PCAP.CD,1966,960.744776733843
SAU,NY.GDP.PCAP.CD,1965,904.118334125664
SAU,NY.GDP.PCAP.CD,1964,840.480371460232
SAU,NY.GDP.PCAP.CD,1963,811.738274661234
SAU,NY.GDP.PCAP.CD,1962,812.926247668855
SAU,NY.GDP.PCAP.CD,1961,760.311740320004
SAU,NY.GDP.PCAP.CD,1960,717.796628958557
SEN,NY.GDP.PCAP.CD,2025,
SEN,NY.GDP.PCAP.CD,2024,1773.21829923448
SEN,NY.GDP.PCAP.CD,2023,1698.03387300843
SEN,NY.GDP.PCAP.CD,2022,1574.0281059306
SEN,NY.GDP.PCAP.CD,2021,1598.10676952274
SEN,NY.GDP.PCAP.CD,2020,1461.08720350553
SEN,NY.GDP.PCAP.CD,2019,1431.18128932159
SEN,NY.GDP.PCAP.CD,2018,1452.55612562445
SEN,NY.GDP.PCAP.CD,2017,1356.80518449031
SEN,NY.GDP.PCAP.CD,2016,1266.43957151587
SEN,NY.GDP.PCAP.CD,2015,1218.00613555438
SEN,NY.GDP.PCAP.CD,2014,1398.89137601382
SEN,NY.GDP.PCAP.CD,2013,1379.83196553924
SEN,NY.GDP.PCAP.CD,2012,1326.83798848379
SEN,NY.GDP.PCAP.CD,2011,1374.67591873844
SEN,NY.GDP.PCAP.CD,2010,1275.88357492357
SEN,NY.GDP.PCAP.CD,2009,1308.69404336205
SEN,NY.GDP.PCAP.CD,2008,1398.79218010021
SEN,NY.GDP.PCAP.CD,2007,1188.93877808175
SEN,NY.GDP.PCAP.CD,2006,1017.20196747987
SEN,NY.GDP.PCAP.CD,2005,979.846101520171
SEN,NY.GDP.PCAP.CD,2004,918.102079522155
SEN,NY.GDP.PCAP.CD,2003,817.888034221442
SEN,NY.GDP.PCAP.CD,2002,669.430447319209
SEN,NY.GDP.PCAP.CD,2001,637.213530563724
SEN,NY.GDP.PCAP.CD,2000,603.233162455158
SEN,NY.GDP.PCAP.CD,1999,677.516338727268
SEN,NY.GDP.PCAP.CD,1998,684.588105785786
SEN,NY.GDP.PCAP.CD,1997,650.776321407448
SEN,NY.GDP.PCAP.CD,1996,723.469950081149
SEN,NY.GDP.PCAP.CD,1995,714.994396357297
SEN,NY.GDP.PCAP.CD,1994,583.782776032181
SEN,NY.GDP.PCAP.CD,1993,877.52900343803
SEN,NY.GDP.PCAP.CD,1992,951.204960087807
SEN,NY.GDP.PCAP.CD,1991,913.399575796737
SEN,NY.GDP.PCAP.CD,1990,957.314337438177
SEN,NY.GDP.PCAP.CD,1989,848.555548058968
SEN,NY.GDP.PCAP.CD,1988,880.487755138196
SEN,NY.GDP.PCAP.CD,1987,916.09484148409
SEN,NY.GDP.PCAP.CD,1986,783.940524706279
SEN,NY.GDP.PCAP.CD,1985,571.417166069201
SEN,NY.GDP.PCAP.CD,1984,536.231765402514
SEN,NY.GDP.PCAP.CD,1983,564.369336303935
SEN,NY.GDP.PCAP.CD,1982,651.93712330983
SEN,NY.GDP.PCAP.CD,1981,682.972070210382
SEN,NY.GDP.PCAP.CD,1980,771.533969550579
SEN,NY.GDP.PCAP.CD,1979,716.281436518959
SEN,NY.GDP.PCAP.CD,1978,589.134045255614
SEN,NY.GDP.PCAP.CD,1977,540.126849249781
SEN,NY.GDP.PCAP.CD,1976,540.594007051938
SEN,NY.GDP.PCAP.CD,1975,547.378148664851
SEN,NY.GDP.PCAP.CD,1974,417.407600285381
SEN,NY.GDP.PCAP.CD,1973,381.439007163828
SEN,NY.GDP.PCAP.CD,1972,341.835352336553
SEN,NY.GDP.PCAP.CD,1971,291.08835742165
SEN,NY.GDP.PCAP.CD,1970,290.486425297989
SEN,NY.GDP.PCAP.CD,1969,287.253148792203
SEN,NY.GDP.PCAP.CD,1968,311.196146846683
SEN,NY.GDP.PCAP.CD,1967,305.22048105837
SEN,NY.GDP.PCAP.CD,1966,314.534344145945
SEN,NY.GDP.PCAP.CD,1965,314.318146394326
SEN,NY.GDP.PCAP.CD,1964,317.850426568454
SEN,NY.GDP.PCAP.CD,1963,308.629849224244
SEN,NY.GDP.PCAP.CD,1962,307.092565107939
SEN,NY.GDP.PCAP.CD,1961,308.166383753301
SEN,NY.GDP.PCAP.CD,1960,300.425115236279
SRB,NY.GDP.PCAP.CD,2025,
SRB,NY.GDP.PCAP.CD,2024,13679.2065983557
SRB,NY.GDP.PCAP.CD,2023,12281.707946167
SRB,NY.GDP.PCAP.CD,2022,10024.8191112596
SRB,NY.GDP.PCAP.CD,2021,9680.52798074468
SRB,NY.GDP.PCAP.CD,2020,8098.70955668849
SRB,NY.GDP.PCAP.CD,2019,7755.632986437
SRB,NY.GDP.PCAP.CD,2018,7559.86165747394
SRB,NY.GDP.PCAP.CD,2017,6548.03653824187
SRB,NY.GDP.PCAP.CD,2016,5982.37030126471
SRB,NY.GDP.PCAP.CD,2015,5820.3215576888
SRB,NY.GDP.PCAP.CD,2014,6886.67809068704
SRB,NY.GDP.PCAP.CD,2013,7040.41812068781
SRB,NY.GDP.PCAP.CD,2012,6263.04086072815
SRB,NY.GDP.PCAP.CD,2011,7082.2861666075
SRB,NY.GDP.PCAP.CD,2010,5970.92660940072
SRB,NY.GDP.PCAP.CD,2009,6414.0448463847
SRB,NY.GDP.PCAP.CD,2008,7376.73517910716
SRB,NY.GDP.PCAP.CD,2007,6081.08765700202
SRB,NY.GDP.PCAP.CD,2006,4492.7136699046
SRB,NY.GDP.PCAP.CD,2005,3807.97417321786
SRB,NY.GDP.PCAP.CD,2004,3597.08798057009
SRB,NY.GDP.PCAP.CD,2003,3153.9011312754
SRB,NY.GDP.PCAP.CD,2002,2390.73459447107
SRB,NY.GDP.PCAP.CD,2001,1812.42088281393
SRB,NY.GDP.PCAP.CD,2000,974.725469278615
SRB,NY.GDP.PCAP.CD,1999,2768.91041346166
SRB,NY.GDP.PCAP.CD,1998,2775.47372982047
SRB,NY.GDP.PCAP.CD,1997,3573.50440240049
SRB,NY.GDP.PCAP.CD,1996,3053.90516860949
SRB,NY.GDP.PCAP.CD,1995,2349.40645150289
SRB,NY.GDP.PCAP.CD,1994,
SRB,NY.GDP.PCAP.CD,1993,
SRB,NY.GDP.PCAP.CD,1992,
SRB,NY.GDP.PCAP.CD,1991,
SRB,NY.GDP.PCAP.CD,1990,
SRB,NY.GDP.PCAP.CD,1989,
SRB,NY.GDP.PCAP.CD,1988,
SRB,NY.GDP.PCAP.CD,1987,
SRB,NY.GDP.PCAP.CD,1986,
SRB,NY.GDP.PCAP.CD,1985,
SRB,NY.GDP.PCAP.CD,1984,
SRB,NY.GDP.PCAP.CD,1983,
SRB,NY.GDP.PCAP.CD,1982,
SRB,NY.GDP.PCAP.CD,1981,
SRB,NY.GDP.PCAP.CD,1980,
SRB,NY.GDP.PCAP.CD,1979,
SRB,NY.GDP.PCAP.CD,1978,
SRB,NY.GDP.PCAP.CD,1977,
SRB,NY.GDP.PCAP.CD,1976,
SRB,NY.GDP.PCAP.CD,1975,
SRB,NY.GDP.PCAP.CD,1974,
SRB,NY.GDP.PCAP.CD,1973,
SRB,NY.GDP.PCAP.CD,1972,
SRB,NY.GDP.PCAP.CD,1971,
SRB,NY.GDP.PCAP.CD,1970,
SRB,NY.GDP.PCAP.CD,1969,
SRB,NY.GDP.PCAP.CD,1968,
SRB,NY.GDP.PCAP.CD,1967,
SRB,NY.GDP.PCAP.CD,1966,
SRB,NY.GDP.PCAP.CD,1965,
SRB,NY.GDP.PCAP.CD,1964,
SRB,NY.GDP.PCAP.CD,1963,
SRB,NY.GDP.PCAP.CD,1962,
SRB,NY.GDP.PCAP.CD,1961,
SRB,NY.GDP.PCAP.CD,1960,
SYC,NY.GDP.PCAP.CD,2025,
SYC,NY.GDP.PCAP.CD,2024,17858.8226383978
SYC,NY.GDP.PCAP.CD,2023,18262.7115849287
SYC,NY.GDP.PCAP.CD,2022,16836.6721895387
SYC,NY.GDP.PCAP.CD,2021,14982.9111487767
SYC,NY.GDP.PCAP.CD,2020,14041.4754074575
SYC,NY.GDP.PCAP.CD,2019,19141.5118743615
SYC,NY.GDP.PCAP.CD,2018,18440.2340460932
SYC,NY.GDP.PCAP.CD,2017,17480.3651911372
SYC,NY.GDP.PCAP.CD,2016,16566.9946042294
SYC,NY.GDP.PCAP.CD,2015,15333.1051727105
SYC,NY.GDP.PCAP.CD,2014,15188.1902175113
SYC,NY.GDP.PCAP.CD,2013,14821.2921476077
SYC,NY.GDP.PCAP.CD,2012,12337.1554669388
SYC,NY.GDP.PCAP.CD,2011,12110.0937461973
SYC,NY.GDP.PCAP.CD,2010,10934.79494629
SYC,NY.GDP.PCAP.CD,2009,9747.09180546291
SYC,NY.GDP.PCAP.CD,2008,11265.4376270005
SYC,NY.GDP.PCAP.CD,2007,12669.3026687222
SYC,NY.GDP.PCAP.CD,2006,12782.9938926475
SYC,NY.GDP.PCAP.CD,2005,11802.1118276833
SYC,NY.GDP.PCAP.CD,2004,10827.671636033
SYC,NY.GDP.PCAP.CD,2003,9070.28460757013
SYC,NY.GDP.PCAP.CD,2002,8864.16919495467
SYC,NY.GDP.PCAP.CD,2001,8153.2986369879
SYC,NY.GDP.PCAP.CD,2000,8063.65500575169
SYC,NY.GDP.PCAP.CD,1999,8243.23610099084
SYC,NY.GDP.PCAP.CD,1998,8209.51444287
SYC,NY.GDP.PCAP.CD,1997,7746.69851330444
SYC,NY.GDP.PCAP.CD,1996,7004.33603896356
SYC,NY.GDP.PCAP.CD,1995,7180.66832748656
SYC,NY.GDP.PCAP.CD,1994,6974.86770636796
SYC,NY.GDP.PCAP.CD,1993,6978.68075445824
SYC,NY.GDP.PCAP.CD,1992,6520.48950519188
SYC,NY.GDP.PCAP.CD,1991,5654.63975724251
SYC,NY.GDP.PCAP.CD,1990,5642.072897243
SYC,NY.GDP.PCAP.CD,1989,4689.1345079999
SYC,NY.GDP.PCAP.CD,1988,4392.19864861545
SYC,NY.GDP.PCAP.CD,1987,3871.77851995844
SYC,NY.GDP.PCAP.CD,1986,3368.4740950781
SYC,NY.GDP.PCAP.CD,1985,2754.14571028218
SYC,NY.GDP.PCAP.CD,1984,2487.64499220084
SYC,NY.GDP.PCAP.CD,1983,2426.33460826276
SYC,NY.GDP.PCAP.CD,1982,2440.6841742286
SYC,NY.GDP.PCAP.CD,1981,2557.20665504671
SYC,NY.GDP.PCAP.CD,1980,2478.36470343969
SYC,NY.GDP.PCAP.CD,1979,2030.13590313409
SYC,NY.GDP.PCAP.CD,1978,1376.5465132826
SYC,NY.GDP.PCAP.CD,1977,1044.35311338903
SYC,NY.GDP.PCAP.CD,1976,814.47477447888
SYC,NY.GDP.PCAP.CD,1975,806.232644338165
SYC,NY.GDP.PCAP.CD,1974,744.506898260813
SYC,NY.GDP.PCAP.CD,1973,648.531963657638
SYC,NY.GDP.PCAP.CD,1972,546.951095334072
SYC,NY.GDP.PCAP.CD,1971,401.608022143052
SYC,NY.GDP.PCAP.CD,1970,343.88118849057
SYC,NY.GDP.PCAP.CD,1969,314.179858636278
SYC,NY.GDP.PCAP.CD,1968,314.351070663894
SYC,NY.GDP.PCAP.CD,1967,333.233798841887
SYC,NY.GDP.PCAP.CD,1966,337.64622904411
SYC,NY.GDP.PCAP.CD,1965,328.484883920328
SYC,NY.GDP.PCAP.CD,1964,332.304985875279
SYC,NY.GDP.PCAP.CD,1963,308.195248410849
SYC,NY.GDP.PCAP.CD,1962,287.04477353783
SYC,NY.GDP.PCAP.CD,1961,270.279646614487
SYC,NY.GDP.PCAP.CD,1960,288.058144476031
SLE,NY.GDP.PCAP.CD,2025,
SLE,NY.GDP.PCAP.CD,2024,806.654650417726
SLE,NY.GDP.PCAP.CD,2023,758.329137378248
SLE,NY.GDP.PCAP.CD,2022,860.371067916096
SLE,NY.GDP.PCAP.CD,2021,885.396401885395
SLE,NY.GDP.PCAP.CD,2020,845.277557920549
SLE,NY.GDP.PCAP.CD,2019,843.712517809977
SLE,NY.GDP.PCAP.CD,2018,845.914540460932
SLE,NY.GDP.PCAP.CD,2017,779.186007841728
SLE,NY.GDP.PCAP.CD,2016,844.416411175476
SLE,NY.GDP.PCAP.CD,2015,964.575980888989
SLE,NY.GDP.PCAP.CD,2014,1117.7586465721
SLE,NY.GDP.PCAP.CD,2013,1117.47183075115
SLE,NY.GDP.PCAP.CD,2012,937.504428180231
SLE,NY.GDP.PCAP.CD,2011,761.146365577281
SLE,NY.GDP.PCAP.CD,2010,685.039673490948
SLE,NY.GDP.PCAP.CD,2009,652.845806767943
SLE,NY.GDP.PCAP.CD,2008,705.359014080005
SLE,NY.GDP.PCAP.CD,2007,631.889926264998
SLE,NY.GDP.PCAP.CD,2006,580.26796974773
SLE,NY.GDP.PCAP.CD,2005,462.633324427945
SLE,NY.GDP.PCAP.CD,2004,417.749983329227
SLE,NY.GDP.PCAP.CD,2003,413.817607346927
SLE,NY.GDP.PCAP.CD,2002,388.995111216836
SLE,NY.GDP.PCAP.CD,2001,358.315716051546
SLE,NY.GDP.PCAP.CD,2000,143.743743239644
SLE,NY.GDP.PCAP.CD,1999,155.020833269007
SLE,NY.GDP.PCAP.CD,1998,156.51811883387
SLE,NY.GDP.PCAP.CD,1997,199.880001395777
SLE,NY.GDP.PCAP.CD,1996,224.258711163044
SLE,NY.GDP.PCAP.CD,1995,208.351997250955
SLE,NY.GDP.PCAP.CD,1994,218.507275126222
SLE,NY.GDP.PCAP.CD,1993,184.951609154872
SLE,NY.GDP.PCAP.CD,1992,163.197571684381
SLE,NY.GDP.PCAP.CD,1991,183.686515027567
SLE,NY.GDP.PCAP.CD,1990,154.794072467618
SLE,NY.GDP.PCAP.CD,1989,231.275622974338
SLE,NY.GDP.PCAP.CD,1988,268.160979625957
SLE,NY.GDP.PCAP.CD,1987,172.364214833661
SLE,NY.GDP.PCAP.CD,1986,131.473041005587
SLE,NY.GDP.PCAP.CD,1985,235.510529343624
SLE,NY.GDP.PCAP.CD,1984,305.576232491583
SLE,NY.GDP.PCAP.CD,1983,285.814326139727
SLE,NY.GDP.PCAP.CD,1982,380.074041189746
SLE,NY.GDP.PCAP.CD,1981,333.887542728491
SLE,NY.GDP.PCAP.CD,1980,336.386279506102
SLE,NY.GDP.PCAP.CD,1979,345.86913707629
SLE,NY.GDP.PCAP.CD,1978,305.427800560744
SLE,NY.GDP.PCAP.CD,1977,224.21335896988
SLE,NY.GDP.PCAP.CD,1976,196.411784759207
SLE,NY.GDP.PCAP.CD,1975,228.374681042069
SLE,NY.GDP.PCAP.CD,1974,222.085173234717
SLE,NY.GDP.PCAP.CD,1973,200.641699774769
SLE,NY.GDP.PCAP.CD,1972,165.357917863636
SLE,NY.GDP.PCAP.CD,1971,151.83336869958
SLE,NY.GDP.PCAP.CD,1970,160.164147056907
SLE,NY.GDP.PCAP.CD,1969,153.564115961571
SLE,NY.GDP.PCAP.CD,1968,126.308899122773
SLE,NY.GDP.PCAP.CD,1967,136.121402178747
SLE,NY.GDP.PCAP.CD,1966,149.317655188564
SLE,NY.GDP.PCAP.CD,1965,145.576540628849
SLE,NY.GDP.PCAP.CD,1964,153.377740974545
SLE,NY.GDP.PCAP.CD,1963,146.309626743915
SLE,NY.GDP.PCAP.CD,1962,146.32194986298
SLE,NY.GDP.PCAP.CD,1961,142.275127657602
SLE,NY.GDP.PCAP.CD,1960,141.957418300764
SGP,NY.GDP.PCAP.CD,2025,
SGP,NY.GDP.PCAP.CD,2024,90674.066632628
SGP,NY.GDP.PCAP.CD,2023,85412.230345235
SGP,NY.GDP.PCAP.CD,2022,90299.0694637269
SGP,NY.GDP.PCAP.CD,2021,80056.1288247844
SGP,NY.GDP.PCAP.CD,2020,61410.0792630788
SGP,NY.GDP.PCAP.CD,2019,65952.0378959293
SGP,NY.GDP.PCAP.CD,2018,66881.6067035265
SGP,NY.GDP.PCAP.CD,2017,61236.251270627
SGP,NY.GDP.PCAP.CD,2016,57005.5887176547
SGP,NY.GDP.PCAP.CD,2015,55645.6068614606
SGP,NY.GDP.PCAP.CD,2014,57564.8023114977
SGP,NY.GDP.PCAP.CD,2013,56967.4257940383
SGP,NY.GDP.PCAP.CD,2012,55547.5553077786
SGP,NY.GDP.PCAP.CD,2011,53891.4570264372
SGP,NY.GDP.PCAP.CD,2010,47236.683084953
SGP,NY.GDP.PCAP.CD,2009,38926.8054365453
SGP,NY.GDP.PCAP.CD,2008,40008.5720489092
SGP,NY.GDP.PCAP.CD,2007,39432.8860198877
SGP,NY.GDP.PCAP.CD,2006,33768.4528234651
SGP,NY.GDP.PCAP.CD,2005,29961.3172812732
SGP,NY.GDP.PCAP.CD,2004,27608.080013423
SGP,NY.GDP.PCAP.CD,2003,23730.3840054566
SGP,NY.GDP.PCAP.CD,2002,22159.8373710639
SGP,NY.GDP.PCAP.CD,2001,21699.7414868907
SGP,NY.GDP.PCAP.CD,2000,23852.8389514753
SGP,NY.GDP.PCAP.CD,1999,21796.6373891001
SGP,NY.GDP.PCAP.CD,1998,21829.2737831583
SGP,NY.GDP.PCAP.CD,1997,26375.8653668113
SGP,NY.GDP.PCAP.CD,1996,26232.866096827
SGP,NY.GDP.PCAP.CD,1995,24914.8507020358
SGP,NY.GDP.PCAP.CD,1994,21552.4100366948
SGP,NY.GDP.PCAP.CD,1993,18290.130113185
SGP,NY.GDP.PCAP.CD,1992,16136.2405377661
SGP,NY.GDP.PCAP.CD,1991,14502.3799938606
SGP,NY.GDP.PCAP.CD,1990,11861.7561591366
SGP,NY.GDP.PCAP.CD,1989,10394.5389962406
SGP,NY.GDP.PCAP.CD,1988,8914.44122574729
SGP,NY.GDP.PCAP.CD,1987,7539.02930212443
SGP,NY.GDP.PCAP.CD,1986,6799.93036332671
SGP,NY.GDP.PCAP.CD,1985,7001.7667477117
SGP,NY.GDP.PCAP.CD,1984,7228.31758410647
SGP,NY.GDP.PCAP.CD,1983,6633.23667366491
SGP,NY.GDP.PCAP.CD,1982,6077.63424070932
SGP,NY.GDP.PCAP.CD,1981,5596.58597723068
SGP,NY.GDP.PCAP.CD,1980,4928.13911785754
SGP,NY.GDP.PCAP.CD,1979,3900.53355310873
SGP,NY.GDP.PCAP.CD,1978,3193.90565722355
SGP,NY.GDP.PCAP.CD,1977,2846.33598832854
SGP,NY.GDP.PCAP.CD,1976,2758.94038028476
SGP,NY.GDP.PCAP.CD,1975,2489.91157517591
SGP,NY.GDP.PCAP.CD,1974,2341.70551423633
SGP,NY.GDP.PCAP.CD,1973,1685.45979632163
SGP,NY.GDP.PCAP.CD,1972,1264.37510720987
SGP,NY.GDP.PCAP.CD,1971,1071.41154035538
SGP,NY.GDP.PCAP.CD,1970,925.797864348214
SGP,NY.GDP.PCAP.CD,1969,812.677487316618
SGP,NY.GDP.PCAP.CD,1968,708.601436896422
SGP,NY.GDP.PCAP.CD,1967,626.029437593984
SGP,NY.GDP.PCAP.CD,1966,566.803974405961
SGP,NY.GDP.PCAP.CD,1965,516.531928636745
SGP,NY.GDP.PCAP.CD,1964,485.530686047381
SGP,NY.GDP.PCAP.CD,1963,511.202235371449
SGP,NY.GDP.PCAP.CD,1962,472.082740153988
SGP,NY.GDP.PCAP.CD,1961,449.148136820776
SGP,NY.GDP.PCAP.CD,1960,428.056183371291
SXM,NY.GDP.PCAP.CD,2025,
SXM,NY.GDP.PCAP.CD,2024,41472.5874498583
SXM,NY.GDP.PCAP.CD,2023,39451.8223361963
SXM,NY.GDP.PCAP.CD,2022,37793.1284399157
SXM,NY.GDP.PCAP.CD,2021,32548.4366854902
SXM,NY.GDP.PCAP.CD,2020,30150.8998380477
SXM,NY.GDP.PCAP.CD,2019,34861.469528968
SXM,NY.GDP.PCAP.CD,2018,31708.3110124742
SXM,NY.GDP.PCAP.CD,2017,34701.3058494468
SXM,NY.GDP.PCAP.CD,2016,37308.6147795736
SXM,NY.GDP.PCAP.CD,2015,37839.6283815163
SXM,NY.GDP.PCAP.CD,2014,37134.912423099
SXM,NY.GDP.PCAP.CD,2013,28529.7324687053
SXM,NY.GDP.PCAP.CD,2012,28149.0997855041
SXM,NY.GDP.PCAP.CD,2011,27317.5178881974
SXM,NY.GDP.PCAP.CD,2010,26403.8143692163
SXM,NY.GDP.PCAP.CD,2009,25528.412619483
SXM,NY.GDP.PCAP.CD,2008,
SXM,NY.GDP.PCAP.CD,2007,
SXM,NY.GDP.PCAP.CD,2006,
SXM,NY.GDP.PCAP.CD,2005,
SXM,NY.GDP.PCAP.CD,2004,
SXM,NY.GDP.PCAP.CD,2003,
SXM,NY.GDP.PCAP.CD,2002,
SXM,NY.GDP.PCAP.CD,2001,
SXM,NY.GDP.PCAP.CD,2000,
SXM,NY.GDP.PCAP.CD,1999,
SXM,NY.GDP.PCAP.CD,1998,
SXM,NY.GDP.PCAP.CD,1997,
SXM,NY.GDP.PCAP.CD,1996,
SXM,NY.GDP.PCAP.CD,1995,
SXM,NY.GDP.PCAP.CD,1994,
SXM,NY.GDP.PCAP.CD,1993,
SXM,NY.GDP.PCAP.CD,1992,
SXM,NY.GDP.PCAP.CD,1991,
SXM,NY.GDP.PCAP.CD,1990,
SXM,NY.GDP.PCAP.CD,1989,
SXM,NY.GDP.PCAP.CD,1988,
SXM,NY.GDP.PCAP.CD,1987,
SXM,NY.GDP.PCAP.CD,1986,
SXM,NY.GDP.PCAP.CD,1985,
SXM,NY.GDP.PCAP.CD,1984,
SXM,NY.GDP.PCAP.CD,1983,
SXM,NY.GDP.PCAP.CD,1982,
SXM,NY.GDP.PCAP.CD,1981,
SXM,NY.GDP.PCAP.CD,1980,
SXM,NY.GDP.PCAP.CD,1979,
SXM,NY.GDP.PCAP.CD,1978,
SXM,NY.GDP.PCAP.CD,1977,
SXM,NY.GDP.PCAP.CD,1976,
SXM,NY.GDP.PCAP.CD,1975,
SXM,NY.GDP.PCAP.CD,1974,
SXM,NY.GDP.PCAP.CD,1973,
SXM,NY.GDP.PCAP.CD,1972,
SXM,NY.GDP.PCAP.CD,1971,
SXM,NY.GDP.PCAP.CD,1970,
SXM,NY.GDP.PCAP.CD,1969,
SXM,NY.GDP.PCAP.CD,1968,
SXM,NY.GDP.PCAP.CD,1967,
SXM,NY.GDP.PCAP.CD,1966,
SXM,NY.GDP.PCAP.CD,1965,
SXM,NY.GDP.PCAP.CD,1964,
SXM,NY.GDP.PCAP.CD,1963,
SXM,NY.GDP.PCAP.CD,1962,
SXM,NY.GDP.PCAP.CD,1961,
SXM,NY.GDP.PCAP.CD,1960,
SVK,NY.GDP.PCAP.CD,2025,
SVK,NY.GDP.PCAP.CD,2024,25992.6748502048
SVK,NY.GDP.PCAP.CD,2023,24614.8734642794
SVK,NY.GDP.PCAP.CD,2022,21317.7943982363
SVK,NY.GDP.PCAP.CD,2021,22123.3342114545
SVK,NY.GDP.PCAP.CD,2020,19735.4858280801
SVK,NY.GDP.PCAP.CD,2019,19406.0589683582
SVK,NY.GDP.PCAP.CD,2018,19573.3717031314
SVK,NY.GDP.PCAP.CD,2017,17645.5298716761
SVK,NY.GDP.PCAP.CD,2016,16636.0769133073
SVK,NY.GDP.PCAP.CD,2015,16442.0760860018
SVK,NY.GDP.PCAP.CD,2014,18770.9289896545
SVK,NY.GDP.PCAP.CD,2013,18312.7805149823
SVK,NY.GDP.PCAP.CD,2012,17516.9691054078
SVK,NY.GDP.PCAP.CD,2011,18469.4354316836
SVK,NY.GDP.PCAP.CD,2010,16899.448680529
SVK,NY.GDP.PCAP.CD,2009,16586.7527805228
SVK,NY.GDP.PCAP.CD,2008,18744.3192278346
SVK,NY.GDP.PCAP.CD,2007,16110.4817265237
SVK,NY.GDP.PCAP.CD,2006,13167.8954730379
SVK,NY.GDP.PCAP.CD,2005,11641.5410321763
SVK,NY.GDP.PCAP.CD,2004,10650.1290097126
SVK,NY.GDP.PCAP.CD,2003,8675.39633696465
SVK,NY.GDP.PCAP.CD,2002,6554.62808369461
SVK,NY.GDP.PCAP.CD,2001,5712.47802761654
SVK,NY.GDP.PCAP.CD,2000,5421.6448441887
SVK,NY.GDP.PCAP.CD,1999,5651.62327514236
SVK,NY.GDP.PCAP.CD,1998,5560.916177503
SVK,NY.GDP.PCAP.CD,1997,5172.41757491248
SVK,NY.GDP.PCAP.CD,1996,5247.70081044708
SVK,NY.GDP.PCAP.CD,1995,4882.51158238228
SVK,NY.GDP.PCAP.CD,1994,3820.96427542658
SVK,NY.GDP.PCAP.CD,1993,3143.10143068756
SVK,NY.GDP.PCAP.CD,1992,2959.33644860111
SVK,NY.GDP.PCAP.CD,1991,2726.59305498582
SVK,NY.GDP.PCAP.CD,1990,2437.17517010845
SVK,NY.GDP.PCAP.CD,1989,
SVK,NY.GDP.PCAP.CD,1988,
SVK,NY.GDP.PCAP.CD,1987,
SVK,NY.GDP.PCAP.CD,1986,
SVK,NY.GDP.PCAP.CD,1985,
SVK,NY.GDP.PCAP.CD,1984,
SVK,NY.GDP.PCAP.CD,1983,
SVK,NY.GDP.PCAP.CD,1982,
SVK,NY.GDP.PCAP.CD,1981,
SVK,NY.GDP.PCAP.CD,1980,
SVK,NY.GDP.PCAP.CD,1979,
SVK,NY.GDP.PCAP.CD,1978,
SVK,NY.GDP.PCAP.CD,1977,
SVK,NY.GDP.PCAP.CD,1976,
SVK,NY.GDP.PCAP.CD,1975,
SVK,NY.GDP.PCAP.CD,1974,
SVK,NY.GDP.PCAP.CD,1973,
SVK,NY.GDP.PCAP.CD,1972,
SVK,NY.GDP.PCAP.CD,1971,
SVK,NY.GDP.PCAP.CD,1970,
SVK,NY.GDP.PCAP.CD,1969,
SVK,NY.GDP.PCAP.CD,1968,
SVK,NY.GDP.PCAP.CD,1967,
SVK,NY.GDP.PCAP.CD,1966,
SVK,NY.GDP.PCAP.CD,1965,
SVK,NY.GDP.PCAP.CD,1964,
SVK,NY.GDP.PCAP.CD,1963,
SVK,NY.GDP.PCAP.CD,1962,
SVK,NY.GDP.PCAP.CD,1961,
SVK,NY.GDP.PCAP.CD,1960,
SVN,NY.GDP.PCAP.CD,2025,
SVN,NY.GDP.PCAP.CD,2024,34301.0318686594
SVN,NY.GDP.PCAP.CD,2023,32660.4753581346
SVN,NY.GDP.PCAP.CD,2022,28360.3041467268
SVN,NY.GDP.PCAP.CD,2021,29192.8401933019
SVN,NY.GDP.PCAP.CD,2020,25392.0651093612
SVN,NY.GDP.PCAP.CD,2019,25814.1687167572
SVN,NY.GDP.PCAP.CD,2018,25888.0481065655
SVN,NY.GDP.PCAP.CD,2017,23303.077705959
SVN,NY.GDP.PCAP.CD,2016,21447.8377796036
SVN,NY.GDP.PCAP.CD,2015,20697.2748530619
SVN,NY.GDP.PCAP.CD,2014,24013.0682060959
SVN,NY.GDP.PCAP.CD,2013,23236.9655321695
SVN,NY.GDP.PCAP.CD,2012,22442.1417859955
SVN,NY.GDP.PCAP.CD,2011,24940.6284841605
SVN,NY.GDP.PCAP.CD,2010,23329.8417691156
SVN,NY.GDP.PCAP.CD,2009,24501.7897290425
SVN,NY.GDP.PCAP.CD,2008,27461.9764165315
SVN,NY.GDP.PCAP.CD,2007,23725.1596001515
SVN,NY.GDP.PCAP.CD,2006,19563.005059144
SVN,NY.GDP.PCAP.CD,2005,17969.7095907161
SVN,NY.GDP.PCAP.CD,2004,17103.8297783905
SVN,NY.GDP.PCAP.CD,2003,14711.674874253
SVN,NY.GDP.PCAP.CD,2002,11639.1297780477
SVN,NY.GDP.PCAP.CD,2001,10375.6255869861
SVN,NY.GDP.PCAP.CD,2000,10135.7219109212
SVN,NY.GDP.PCAP.CD,1999,11401.4906790909
SVN,NY.GDP.PCAP.CD,1998,11131.5666628231
SVN,NY.GDP.PCAP.CD,1997,10436.7260661871
SVN,NY.GDP.PCAP.CD,1996,10796.7399446283
SVN,NY.GDP.PCAP.CD,1995,10738.0887611468
SVN,NY.GDP.PCAP.CD,1994,8243.89895545106
SVN,NY.GDP.PCAP.CD,1993,7254.58887417768
SVN,NY.GDP.PCAP.CD,1992,7151.15243829224
SVN,NY.GDP.PCAP.CD,1991,7229.31149788617
SVN,NY.GDP.PCAP.CD,1990,9925.14071044684
SVN,NY.GDP.PCAP.CD,1989,
SVN,NY.GDP.PCAP.CD,1988,
SVN,NY.GDP.PCAP.CD,1987,
SVN,NY.GDP.PCAP.CD,1986,
SVN,NY.GDP.PCAP.CD,1985,
SVN,NY.GDP.PCAP.CD,1984,
SVN,NY.GDP.PCAP.CD,1983,
SVN,NY.GDP.PCAP.CD,1982,
SVN,NY.GDP.PCAP.CD,1981,
SVN,NY.GDP.PCAP.CD,1980,
SVN,NY.GDP.PCAP.CD,1979,
SVN,NY.GDP.PCAP.CD,1978,
SVN,NY.GDP.PCAP.CD,1977,
SVN,NY.GDP.PCAP.CD,1976,
SVN,NY.GDP.PCAP.CD,1975,
SVN,NY.GDP.PCAP.CD,1974,
SVN,NY.GDP.PCAP.CD,1973,
SVN,NY.GDP.PCAP.CD,1972,
SVN,NY.GDP.PCAP.CD,1971,
SVN,NY.GDP.PCAP.CD,1970,
SVN,NY.GDP.PCAP.CD,1969,
SVN,NY.GDP.PCAP.CD,1968,
SVN,NY.GDP.PCAP.CD,1967,
SVN,NY.GDP.PCAP.CD,1966,
SVN,NY.GDP.PCAP.CD,1965,
SVN,NY.GDP.PCAP.CD,1964,
SVN,NY.GDP.PCAP.CD,1963,
SVN,NY.GDP.PCAP.CD,1962,
SVN,NY.GDP.PCAP.CD,1961,
SVN,NY.GDP.PCAP.CD,1960,
SLB,NY.GDP.PCAP.CD,2025,
SLB,NY.GDP.PCAP.CD,2024,1933.55538435227
SLB,NY.GDP.PCAP.CD,2023,1882.64394148042
SLB,NY.GDP.PCAP.CD,2022,1877.78104490956
SLB,NY.GDP.PCAP.CD,2021,2043.44413170658
SLB,NY.GDP.PCAP.CD,2020,2063.32780991967
SLB,NY.GDP.PCAP.CD,2019,2223.65890942466
SLB,NY.GDP.PCAP.CD,2018,2278.19908624102
SLB,NY.GDP.PCAP.CD,2017,2143.57670489272
SLB,NY.GDP.PCAP.CD,2016,2082.62383124213
SLB,NY.GDP.PCAP.CD,2015,2045.47721526649
SLB,NY.GDP.PCAP.CD,2014,2164.95289873002
SLB,NY.GDP.PCAP.CD,2013,2161.38627543917
SLB,NY.GDP.PCAP.CD,2012,2066.25738638356
SLB,NY.GDP.PCAP.CD,2011,1924.05795643133
SLB,NY.GDP.PCAP.CD,2010,1685.14535823757
SLB,NY.GDP.PCAP.CD,2009,1554.70671006386
SLB,NY.GDP.PCAP.CD,2008,1525.84666261203
SLB,NY.GDP.PCAP.CD,2007,1390.14870956707
SLB,NY.GDP.PCAP.CD,2006,1255.62447417684
SLB,NY.GDP.PCAP.CD,2005,1144.49233397681
SLB,NY.GDP.PCAP.CD,2004,986.070953503889
SLB,NY.GDP.PCAP.CD,2003,895.984242546501
SLB,NY.GDP.PCAP.CD,2002,756.890296490792
SLB,NY.GDP.PCAP.CD,2001,911.791935385411
SLB,NY.GDP.PCAP.CD,2000,953.17190137706
SLB,NY.GDP.PCAP.CD,1999,1133.62256531791
SLB,NY.GDP.PCAP.CD,1998,1091.89096889326
SLB,NY.GDP.PCAP.CD,1997,1292.23951946469
SLB,NY.GDP.PCAP.CD,1996,1289.33036923435
SLB,NY.GDP.PCAP.CD,1995,1220.17919311126
SLB,NY.GDP.PCAP.CD,1994,1078.0410925874
SLB,NY.GDP.PCAP.CD,1993,828.869997791691
SLB,NY.GDP.PCAP.CD,1992,763.857968549522
SLB,NY.GDP.PCAP.CD,1991,665.833104132659
SLB,NY.GDP.PCAP.CD,1990,648.325212624098
SLB,NY.GDP.PCAP.CD,1989,538.101762870503
SLB,NY.GDP.PCAP.CD,1988,567.022935580171
SLB,NY.GDP.PCAP.CD,1987,514.6693332731
SLB,NY.GDP.PCAP.CD,1986,505.821806525665
SLB,NY.GDP.PCAP.CD,1985,586.02235220521
SLB,NY.GDP.PCAP.CD,1984,664.696440482807
SLB,NY.GDP.PCAP.CD,1983,686.264140182978
SLB,NY.GDP.PCAP.CD,1982,755.885653343722
SLB,NY.GDP.PCAP.CD,1981,785.830912783879
SLB,NY.GDP.PCAP.CD,1980,767.850616345384
SLB,NY.GDP.PCAP.CD,1979,657.858329669684
SLB,NY.GDP.PCAP.CD,1978,500.058223062566
SLB,NY.GDP.PCAP.CD,1977,434.409813335233
SLB,NY.GDP.PCAP.CD,1976,401.077416855387
SLB,NY.GDP.PCAP.CD,1975,371.718806188648
SLB,NY.GDP.PCAP.CD,1974,433.443902987382
SLB,NY.GDP.PCAP.CD,1973,291.252272932738
SLB,NY.GDP.PCAP.CD,1972,219.502859825935
SLB,NY.GDP.PCAP.CD,1971,277.11312090761
SLB,NY.GDP.PCAP.CD,1970,
SLB,NY.GDP.PCAP.CD,1969,165.857344778641
SLB,NY.GDP.PCAP.CD,1968,166.888037688373
SLB,NY.GDP.PCAP.CD,1967,153.450784088184
SLB,NY.GDP.PCAP.CD,1966,
SLB,NY.GDP.PCAP.CD,1965,
SLB,NY.GDP.PCAP.CD,1964,
SLB,NY.GDP.PCAP.CD,1963,
SLB,NY.GDP.PCAP.CD,1962,
SLB,NY.GDP.PCAP.CD,1961,
SLB,NY.GDP.PCAP.CD,1960,
SOM,NY.GDP.PCAP.CD,2025,
SOM,NY.GDP.PCAP.CD,2024,629.538899449007
SOM,NY.GDP.PCAP.CD,2023,596.885985135589
SOM,NY.GDP.PCAP.CD,2022,573.141165798229
SOM,NY.GDP.PCAP.CD,2021,549.056994756254
SOM,NY.GDP.PCAP.CD,2020,518.16113333875
SOM,NY.GDP.PCAP.CD,2019,539.954816211694
SOM,NY.GDP.PCAP.CD,2018,509.497273804534
SOM,NY.GDP.PCAP.CD,2017,510.939952317726
SOM,NY.GDP.PCAP.CD,2016,460.928490585175
SOM,NY.GDP.PCAP.CD,2015,445.583080073396
SOM,NY.GDP.PCAP.CD,2014,429.431656725102
SOM,NY.GDP.PCAP.CD,2013,393.398703952979
SOM,NY.GDP.PCAP.CD,2012,350.261946720512
SOM,NY.GDP.PCAP.CD,2011,235.325945610434
SOM,NY.GDP.PCAP.CD,2010,219.202453852397
SOM,NY.GDP.PCAP.CD,2009,246.513251675105
SOM,NY.GDP.PCAP.CD,2008,507.03744334738
SOM,NY.GDP.PCAP.CD,2007,479.635628065289
SOM,NY.GDP.PCAP.CD,2006,457.996662206659
SOM,NY.GDP.PCAP.CD,2005,439.979907805478
SOM,NY.GDP.PCAP.CD,2004,375.410326225387
SOM,NY.GDP.PCAP.CD,2003,286.273025198975
SOM,NY.GDP.PCAP.CD,2002,229.598918310039
SOM,NY.GDP.PCAP.CD,2001,244.914842538455
SOM,NY.GDP.PCAP.CD,2000,386.119274401275
SOM,NY.GDP.PCAP.CD,1999,358.658780828071
SOM,NY.GDP.PCAP.CD,1998,363.200013489992
SOM,NY.GDP.PCAP.CD,1997,280.112724233259
SOM,NY.GDP.PCAP.CD,1996,237.241440951671
SOM,NY.GDP.PCAP.CD,1995,210.673254610492
SOM,NY.GDP.PCAP.CD,1994,210.793779581384
SOM,NY.GDP.PCAP.CD,1993,188.603158677914
SOM,NY.GDP.PCAP.CD,1992,109.204910481074
SOM,NY.GDP.PCAP.CD,1991,105.37132651622
SOM,NY.GDP.PCAP.CD,1990,145.603501373513
SOM,NY.GDP.PCAP.CD,1989,166.042337271006
SOM,NY.GDP.PCAP.CD,1988,145.341346820158
SOM,NY.GDP.PCAP.CD,1987,140.969852181578
SOM,NY.GDP.PCAP.CD,1986,131.414859681198
SOM,NY.GDP.PCAP.CD,1985,130.832875614815
SOM,NY.GDP.PCAP.CD,1984,122.493293689734
SOM,NY.GDP.PCAP.CD,1983,118.644340868341
SOM,NY.GDP.PCAP.CD,1982,129.013919752012
SOM,NY.GDP.PCAP.CD,1981,116.884526594286
SOM,NY.GDP.PCAP.CD,1980,101.499312257078
SOM,NY.GDP.PCAP.CD,1979,108.194947756464
SOM,NY.GDP.PCAP.CD,1978,117.255345126001
SOM,NY.GDP.PCAP.CD,1977,111.183132355277
SOM,NY.GDP.PCAP.CD,1976,199.583547142014
SOM,NY.GDP.PCAP.CD,1975,177.806143412254
SOM,NY.GDP.PCAP.CD,1974,137.891575811774
SOM,NY.GDP.PCAP.CD,1973,119.562133453537
SOM,NY.GDP.PCAP.CD,1972,113.69240195555
SOM,NY.GDP.PCAP.CD,1971,90.4292309374489
SOM,NY.GDP.PCAP.CD,1970,93.0828499649358
SOM,NY.GDP.PCAP.CD,1969,84.1406268777878
SOM,NY.GDP.PCAP.CD,1968,80.8438204901175
SOM,NY.GDP.PCAP.CD,1967,78.6738966197917
SOM,NY.GDP.PCAP.CD,1966,76.4837413887233
SOM,NY.GDP.PCAP.CD,1965,74.3548708796131
SOM,NY.GDP.PCAP.CD,1964,71.8899399360419
SOM,NY.GDP.PCAP.CD,1963,69.4922344839154
SOM,NY.GDP.PCAP.CD,1962,67.1702359919979
SOM,NY.GDP.PCAP.CD,1961,64.9242576104754
SOM,NY.GDP.PCAP.CD,1960,62.7396279412993
ZAF,NY.GDP.PCAP.CD,2025,
ZAF,NY.GDP.PCAP.CD,2024,6267.186814093
ZAF,NY.GDP.PCAP.CD,2023,6034.27208964673
ZAF,NY.GDP.PCAP.CD,2022,6534.24867783397
ZAF,NY.GDP.PCAP.CD,2021,6828.75624590017
ZAF,NY.GDP.PCAP.CD,2020,5580.60383075189
ZAF,NY.GDP.PCAP.CD,2019,6533.71121032856
ZAF,NY.GDP.PCAP.CD,2018,6914.1780318076
ZAF,NY.GDP.PCAP.CD,2017,6618.33508255701
ZAF,NY.GDP.PCAP.CD,2016,5651.20585165749
ZAF,NY.GDP.PCAP.CD,2015,6112.27382485974
ZAF,NY.GDP.PCAP.CD,2014,6856.73137092522
ZAF,NY.GDP.PCAP.CD,2013,7331.65467384919
ZAF,NY.GDP.PCAP.CD,2012,8076.97678479741
ZAF,NY.GDP.PCAP.CD,2011,8646.05571071635
ZAF,NY.GDP.PCAP.CD,2010,7973.47195771517
ZAF,NY.GDP.PCAP.CD,2009,6374.70560042992
ZAF,NY.GDP.PCAP.CD,2008,6184.75474328399
ZAF,NY.GDP.PCAP.CD,2007,6591.85535960564
ZAF,NY.GDP.PCAP.CD,2006,6077.38293388876
ZAF,NY.GDP.PCAP.CD,2005,5836.87663325127
ZAF,NY.GDP.PCAP.CD,2004,5221.46333731721
ZAF,NY.GDP.PCAP.CD,2003,4062.21755993786
ZAF,NY.GDP.PCAP.CD,2002,2688.23676032806
ZAF,NY.GDP.PCAP.CD,2001,2847.15191945908
ZAF,NY.GDP.PCAP.CD,2000,3217.84693448467
ZAF,NY.GDP.PCAP.CD,1999,3242.36830483958
ZAF,NY.GDP.PCAP.CD,1998,3309.60933087472
ZAF,NY.GDP.PCAP.CD,1997,3700.23554789867
ZAF,NY.GDP.PCAP.CD,1996,3617.55336002932
ZAF,NY.GDP.PCAP.CD,1995,3855.6340871567
ZAF,NY.GDP.PCAP.CD,1994,3488.59711541763
ZAF,NY.GDP.PCAP.CD,1993,3399.64009566241
ZAF,NY.GDP.PCAP.CD,1992,3462.39400202835
ZAF,NY.GDP.PCAP.CD,1991,3243.23616023953
ZAF,NY.GDP.PCAP.CD,1990,3093.48920352334
ZAF,NY.GDP.PCAP.CD,1989,2726.70980679488
ZAF,NY.GDP.PCAP.CD,1988,2702.05504774508
ZAF,NY.GDP.PCAP.CD,1987,2586.27423314228
ZAF,NY.GDP.PCAP.CD,1986,2027.4662038189
ZAF,NY.GDP.PCAP.CD,1985,1839.4841908184
ZAF,NY.GDP.PCAP.CD,1984,2504.07736790289
ZAF,NY.GDP.PCAP.CD,1983,2938.48980239675
ZAF,NY.GDP.PCAP.CD,1982,2717.16388710425
ZAF,NY.GDP.PCAP.CD,1981,3049.71474333882
ZAF,NY.GDP.PCAP.CD,1980,3028.97447561832
ZAF,NY.GDP.PCAP.CD,1979,2201.51922339868
ZAF,NY.GDP.PCAP.CD,1978,1851.75191300848
ZAF,NY.GDP.PCAP.CD,1977,1671.46618837272
ZAF,NY.GDP.PCAP.CD,1976,1558.99824733487
ZAF,NY.GDP.PCAP.CD,1975,1670.11816898954
ZAF,NY.GDP.PCAP.CD,1974,1656.2890557998
ZAF,NY.GDP.PCAP.CD,1973,1369.16160033933
ZAF,NY.GDP.PCAP.CD,1972,1038.39407468283
ZAF,NY.GDP.PCAP.CD,1971,1020.43983590718
ZAF,NY.GDP.PCAP.CD,1970,952.352188073537
ZAF,NY.GDP.PCAP.CD,1969,890.922089102936
ZAF,NY.GDP.PCAP.CD,1968,817.128340614066
ZAF,NY.GDP.PCAP.CD,1967,778.839335829791
ZAF,NY.GDP.PCAP.CD,1966,721.75375941418
ZAF,NY.GDP.PCAP.CD,1965,684.62122774035
ZAF,NY.GDP.PCAP.CD,1964,645.873375685446
ZAF,NY.GDP.PCAP.CD,1963,604.536855270991
ZAF,NY.GDP.PCAP.CD,1962,563.423008817945
ZAF,NY.GDP.PCAP.CD,1961,545.657511922673
ZAF,NY.GDP.PCAP.CD,1960,532.147504330332
SSD,NY.GDP.PCAP.CD,2025,
SSD,NY.GDP.PCAP.CD,2024,
SSD,NY.GDP.PCAP.CD,2023,
SSD,NY.GDP.PCAP.CD,2022,
SSD,NY.GDP.PCAP.CD,2021,
SSD,NY.GDP.PCAP.CD,2020,
SSD,NY.GDP.PCAP.CD,2019,
SSD,NY.GDP.PCAP.CD,2018,
SSD,NY.GDP.PCAP.CD,2017,
SSD,NY.GDP.PCAP.CD,2016,
SSD,NY.GDP.PCAP.CD,2015,1080.14718624765
SSD,NY.GDP.PCAP.CD,2014,1242.73450181032
SSD,NY.GDP.PCAP.CD,2013,1650.18943353528
SSD,NY.GDP.PCAP.CD,2012,1109.26050083408
SSD,NY.GDP.PCAP.CD,2011,1448.98435006408
SSD,NY.GDP.PCAP.CD,2010,1498.27034985194
SSD,NY.GDP.PCAP.CD,2009,1323.22068747862
SSD,NY.GDP.PCAP.CD,2008,1654.21153546555
SSD,NY.GDP.PCAP.CD,2007,
SSD,NY.GDP.PCAP.CD,2006,
SSD,NY.GDP.PCAP.CD,2005,
SSD,NY.GDP.PCAP.CD,2004,
SSD,NY.GDP.PCAP.CD,2003,
SSD,NY.GDP.PCAP.CD,2002,
SSD,NY.GDP.PCAP.CD,2001,
SSD,NY.GDP.PCAP.CD,2000,
SSD,NY.GDP.PCAP.CD,1999,
SSD,NY.GDP.PCAP.CD,1998,
SSD,NY.GDP.PCAP.CD,1997,
SSD,NY.GDP.PCAP.CD,1996,
SSD,NY.GDP.PCAP.CD,1995,
SSD,NY.GDP.PCAP.CD,1994,
SSD,NY.GDP.PCAP.CD,1993,
SSD,NY.GDP.PCAP.CD,1992,
SSD,NY.GDP.PCAP.CD,1991,
SSD,NY.GDP.PCAP.CD,1990,
SSD,NY.GDP.PCAP.CD,1989,
SSD,NY.GDP.PCAP.CD,1988,
SSD,NY.GDP.PCAP.CD,1987,
SSD,NY.GDP.PCAP.CD,1986,
SSD,NY.GDP.PCAP.CD,1985,
SSD,NY.GDP.PCAP.CD,1984,
SSD,NY.GDP.PCAP.CD,1983,
SSD,NY.GDP.PCAP.CD,1982,
SSD,NY.GDP.PCAP.CD,1981,
SSD,NY.GDP.PCAP.CD,1980,
SSD,NY.GDP.PCAP.CD,1979,
SSD,NY.GDP.PCAP.CD,1978,
SSD,NY.GDP.PCAP.CD,1977,
SSD,NY.GDP.PCAP.CD,1976,
SSD,NY.GDP.PCAP.CD,1975,
SSD,NY.GDP.PCAP.CD,1974,
SSD,NY.GDP.PCAP.CD,1973,
SSD,NY.GDP.PCAP.CD,1972,
SSD,NY.GDP.PCAP.CD,1971,
SSD,NY.GDP.PCAP.CD,1970,
SSD,NY.GDP.PCAP.CD,1969,
SSD,NY.GDP.PCAP.CD,1968,
SSD,NY.GDP.PCAP.CD,1967,
SSD,NY.GDP.PCAP.CD,1966,
SSD,NY.GDP.PCAP.CD,1965,
SSD,NY.GDP.PCAP.CD,1964,
SSD,NY.GDP.PCAP.CD,1963,
SSD,NY.GDP.PCAP.CD,1962,
SSD,NY.GDP.PCAP.CD,1961,
SSD,NY.GDP.PCAP.CD,1960,
ESP,NY.GDP.PCAP.CD,2025,
ESP,NY.GDP.PCAP.CD,2024,35326.7683069278
ESP,NY.GDP.PCAP.CD,2023,33493.2225409111
ESP,NY.GDP.PCAP.CD,2022,30319.4987196616
ESP,NY.GDP.PCAP.CD,2021,30799.4775937775
ESP,NY.GDP.PCAP.CD,2020,27233.9426461608
ESP,NY.GDP.PCAP.CD,2019,29786.5245689007
ESP,NY.GDP.PCAP.CD,2018,30602.4212881113
ESP,NY.GDP.PCAP.CD,2017,28381.3425596906
ESP,NY.GDP.PCAP.CD,2016,26755.6061149398
ESP,NY.GDP.PCAP.CD,2015,25982.4416197775
ESP,NY.GDP.PCAP.CD,2014,29707.765509467
ESP,NY.GDP.PCAP.CD,2013,29228.846559842
ESP,NY.GDP.PCAP.CD,2012,28456.4438151477
ESP,NY.GDP.PCAP.CD,2011,31824.6219134777
ESP,NY.GDP.PCAP.CD,2010,30658.7422282912
ESP,NY.GDP.PCAP.CD,2009,32279.8208476151
ESP,NY.GDP.PCAP.CD,2008,35603.248328071
ESP,NY.GDP.PCAP.CD,2007,32652.015594702
ESP,NY.GDP.PCAP.CD,2006,28421.686527407
ESP,NY.GDP.PCAP.CD,2005,26450.9530130382
ESP,NY.GDP.PCAP.CD,2004,24925.0267844576
ESP,NY.GDP.PCAP.CD,2003,21522.0170990262
ESP,NY.GDP.PCAP.CD,2002,17111.0685058941
ESP,NY.GDP.PCAP.CD,2001,15368.2337984435
ESP,NY.GDP.PCAP.CD,2000,14743.2671031455
ESP,NY.GDP.PCAP.CD,1999,15707.9473068138
ESP,NY.GDP.PCAP.CD,1998,15382.3348573373
ESP,NY.GDP.PCAP.CD,1997,14722.3717633536
ESP,NY.GDP.PCAP.CD,1996,16100.6215831114
ESP,NY.GDP.PCAP.CD,1995,15460.9110266653
ESP,NY.GDP.PCAP.CD,1994,13405.704414883
ESP,NY.GDP.PCAP.CD,1993,13330.3798192211
ESP,NY.GDP.PCAP.CD,1992,16100.6799428032
ESP,NY.GDP.PCAP.CD,1991,14801.3226152172
ESP,NY.GDP.PCAP.CD,1990,13795.0159385128
ESP,NY.GDP.PCAP.CD,1989,10674.3410230107
ESP,NY.GDP.PCAP.CD,1988,9696.1928538538
ESP,NY.GDP.PCAP.CD,1987,8233.72822993027
ESP,NY.GDP.PCAP.CD,1986,6508.8506547565
ESP,NY.GDP.PCAP.CD,1985,4696.29879620729
ESP,NY.GDP.PCAP.CD,1984,4486.78173863382
ESP,NY.GDP.PCAP.CD,1983,4475.30126831295
ESP,NY.GDP.PCAP.CD,1982,5156.02303792945
ESP,NY.GDP.PCAP.CD,1981,5367.32976278411
ESP,NY.GDP.PCAP.CD,1980,6204.14321544225
ESP,NY.GDP.PCAP.CD,1979,5766.09296672485
ESP,NY.GDP.PCAP.CD,1978,4353.3273744052
ESP,NY.GDP.PCAP.CD,1977,3624.99940255962
ESP,NY.GDP.PCAP.CD,1976,3276.97023260494
ESP,NY.GDP.PCAP.CD,1975,3207.54465082024
ESP,NY.GDP.PCAP.CD,1974,2747.96036737994
ESP,NY.GDP.PCAP.CD,1973,2245.9479911066
ESP,NY.GDP.PCAP.CD,1972,1707.58800052655
ESP,NY.GDP.PCAP.CD,1971,1361.19251917206
ESP,NY.GDP.PCAP.CD,1970,1211.42343321309
ESP,NY.GDP.PCAP.CD,1969,1109.13637135526
ESP,NY.GDP.PCAP.CD,1968,978.292373768035
ESP,NY.GDP.PCAP.CD,1967,996.571863525297
ESP,NY.GDP.PCAP.CD,1966,915.62923367863
ESP,NY.GDP.PCAP.CD,1965,797.377066170904
ESP,NY.GDP.PCAP.CD,1964,694.952086797899
ESP,NY.GDP.PCAP.CD,1963,627.278450964262
ESP,NY.GDP.PCAP.CD,1962,535.391059454488
ESP,NY.GDP.PCAP.CD,1961,463.19044087717
ESP,NY.GDP.PCAP.CD,1960,407.96302786933
LKA,NY.GDP.PCAP.CD,2025,
LKA,NY.GDP.PCAP.CD,2024,4515.56787322732
LKA,NY.GDP.PCAP.CD,2023,3798.89016573011
LKA,NY.GDP.PCAP.CD,2022,3342.63650253855
LKA,NY.GDP.PCAP.CD,2021,3996.96240014909
LKA,NY.GDP.PCAP.CD,2020,3847.60137695639
LKA,NY.GDP.PCAP.CD,2019,4081.94772722003
LKA,NY.GDP.PCAP.CD,2018,4358.56095906047
LKA,NY.GDP.PCAP.CD,2017,4398.88828068715
LKA,NY.GDP.PCAP.CD,2016,4149.19190775593
LKA,NY.GDP.PCAP.CD,2015,4057.7158346231
LKA,NY.GDP.PCAP.CD,2014,3972.04375736464
LKA,NY.GDP.PCAP.CD,2013,3739.43181100202
LKA,NY.GDP.PCAP.CD,2012,3327.77613691283
LKA,NY.GDP.PCAP.CD,2011,3224.95745150496
LKA,NY.GDP.PCAP.CD,2010,2808.36244503709
LKA,NY.GDP.PCAP.CD,2009,2026.65939950702
LKA,NY.GDP.PCAP.CD,2008,1973.58476901287
LKA,NY.GDP.PCAP.CD,2007,1578.63451125392
LKA,NY.GDP.PCAP.CD,2006,1388.89739119932
LKA,NY.GDP.PCAP.CD,2005,1207.21994764165
LKA,NY.GDP.PCAP.CD,2004,1028.62068132555
LKA,NY.GDP.PCAP.CD,2003,946.382255128072
LKA,NY.GDP.PCAP.CD,2002,834.936014905338
LKA,NY.GDP.PCAP.CD,2001,803.544026627385
LKA,NY.GDP.PCAP.CD,2000,860.199884304769
LKA,NY.GDP.PCAP.CD,1999,829.356379527539
LKA,NY.GDP.PCAP.CD,1998,847.533577843861
LKA,NY.GDP.PCAP.CD,1997,827.035756058631
LKA,NY.GDP.PCAP.CD,1996,776.192371057587
LKA,NY.GDP.PCAP.CD,1995,741.838255293455
LKA,NY.GDP.PCAP.CD,1994,678.268012020205
LKA,NY.GDP.PCAP.CD,1993,607.231847102846
LKA,NY.GDP.PCAP.CD,1992,579.655117618283
LKA,NY.GDP.PCAP.CD,1991,546.292515570886
LKA,NY.GDP.PCAP.CD,1990,491.213686238493
LKA,NY.GDP.PCAP.CD,1989,430.02388973818
LKA,NY.GDP.PCAP.CD,1988,434.015552780537
LKA,NY.GDP.PCAP.CD,1987,419.824409443665
LKA,NY.GDP.PCAP.CD,1986,407.164600454213
LKA,NY.GDP.PCAP.CD,1985,384.611537689196
LKA,NY.GDP.PCAP.CD,1984,391.369617569858
LKA,NY.GDP.PCAP.CD,1983,335.823151714647
LKA,NY.GDP.PCAP.CD,1982,311.957878889278
LKA,NY.GDP.PCAP.CD,1981,292.45135975768
LKA,NY.GDP.PCAP.CD,1980,271.055290073685
LKA,NY.GDP.PCAP.CD,1979,230.775069370251
LKA,NY.GDP.PCAP.CD,1978,190.996464636951
LKA,NY.GDP.PCAP.CD,1977,292.148992496788
LKA,NY.GDP.PCAP.CD,1976,260.301495010261
LKA,NY.GDP.PCAP.CD,1975,279.82158260032
LKA,NY.GDP.PCAP.CD,1974,268.650905004753
LKA,NY.GDP.PCAP.CD,1973,220.170239208337
LKA,NY.GDP.PCAP.CD,1972,199.38289288123
LKA,NY.GDP.PCAP.CD,1971,188.760802167739
LKA,NY.GDP.PCAP.CD,1970,186.900791824546
LKA,NY.GDP.PCAP.CD,1969,163.60657987529
LKA,NY.GDP.PCAP.CD,1968,153.48764748655
LKA,NY.GDP.PCAP.CD,1967,162.294823066611
LKA,NY.GDP.PCAP.CD,1966,156.606032177183
LKA,NY.GDP.PCAP.CD,1965,155.566984755479
LKA,NY.GDP.PCAP.CD,1964,122.941808998544
LKA,NY.GDP.PCAP.CD,1963,119.352332353465
LKA,NY.GDP.PCAP.CD,1962,141.383197837884
LKA,NY.GDP.PCAP.CD,1961,145.900945139998
LKA,NY.GDP.PCAP.CD,1960,145.928701305768
KNA,NY.GDP.PCAP.CD,2025,
KNA,NY.GDP.PCAP.CD,2024,23960.6534357084
KNA,NY.GDP.PCAP.CD,2023,22576.9248439166
KNA,NY.GDP.PCAP.CD,2022,21011.5744209816
KNA,NY.GDP.PCAP.CD,2021,18361.1449697886
KNA,NY.GDP.PCAP.CD,2020,18859.0190361046
KNA,NY.GDP.PCAP.CD,2019,23595.4923231291
KNA,NY.GDP.PCAP.CD,2018,22901.3816403197
KNA,NY.GDP.PCAP.CD,2017,22464.9899633959
KNA,NY.GDP.PCAP.CD,2016,21387.5415511103
KNA,NY.GDP.PCAP.CD,2015,20328.8003530109
KNA,NY.GDP.PCAP.CD,2014,20219.3954237956
KNA,NY.GDP.PCAP.CD,2013,18580.1301949935
KNA,NY.GDP.PCAP.CD,2012,17532.0559008608
KNA,NY.GDP.PCAP.CD,2011,17832.4572919975
KNA,NY.GDP.PCAP.CD,2010,16622.9457908577
KNA,NY.GDP.PCAP.CD,2009,16503.4119292794
KNA,NY.GDP.PCAP.CD,2008,16604.9448615905
KNA,NY.GDP.PCAP.CD,2007,14757.9579751035
KNA,NY.GDP.PCAP.CD,2006,13837.8495311219
KNA,NY.GDP.PCAP.CD,2005,11783.7867154145
KNA,NY.GDP.PCAP.CD,2004,10944.6183741768
KNA,NY.GDP.PCAP.CD,2003,10175.6295449989
KNA,NY.GDP.PCAP.CD,2002,10453.6587064313
KNA,NY.GDP.PCAP.CD,2001,10022.5919235637
KNA,NY.GDP.PCAP.CD,2000,9319.65545093525
KNA,NY.GDP.PCAP.CD,1999,9116.28627997718
KNA,NY.GDP.PCAP.CD,1998,8710.78984057184
KNA,NY.GDP.PCAP.CD,1997,8626.72257471312
KNA,NY.GDP.PCAP.CD,1996,7788.42839854571
KNA,NY.GDP.PCAP.CD,1995,7406.44486096454
KNA,NY.GDP.PCAP.CD,1994,7065.28291984056
KNA,NY.GDP.PCAP.CD,1993,6395.31437746849
KNA,NY.GDP.PCAP.CD,1992,5947.1211356266
KNA,NY.GDP.PCAP.CD,1991,5464.61025672087
KNA,NY.GDP.PCAP.CD,1990,5373.44824048425
KNA,NY.GDP.PCAP.CD,1989,4723.45351878204
KNA,NY.GDP.PCAP.CD,1988,4205.65468298165
KNA,NY.GDP.PCAP.CD,1987,3573.284031831
KNA,NY.GDP.PCAP.CD,1986,3140.11209537184
KNA,NY.GDP.PCAP.CD,1985,2650.9864691075
KNA,NY.GDP.PCAP.CD,1984,2341.40772929271
KNA,NY.GDP.PCAP.CD,1983,2052.11116535348
KNA,NY.GDP.PCAP.CD,1982,2022.52944188428
KNA,NY.GDP.PCAP.CD,1981,1894.44210241437
KNA,NY.GDP.PCAP.CD,1980,1597.6489908812
KNA,NY.GDP.PCAP.CD,1979,1367.339965625
KNA,NY.GDP.PCAP.CD,1978,1143.84000123408
KNA,NY.GDP.PCAP.CD,1977,1026.25343180719
KNA,NY.GDP.PCAP.CD,1976,692.139328790191
KNA,NY.GDP.PCAP.CD,1975,765.12533365911
KNA,NY.GDP.PCAP.CD,1974,720.537205812844
KNA,NY.GDP.PCAP.CD,1973,551.413363188761
KNA,NY.GDP.PCAP.CD,1972,521.083031260752
KNA,NY.GDP.PCAP.CD,1971,443.938525320189
KNA,NY.GDP.PCAP.CD,1970,365.421692149038
KNA,NY.GDP.PCAP.CD,1969,346.592027290022
KNA,NY.GDP.PCAP.CD,1968,309.027410307969
KNA,NY.GDP.PCAP.CD,1967,344.457118650064
KNA,NY.GDP.PCAP.CD,1966,289.973108735753
KNA,NY.GDP.PCAP.CD,1965,265.823194079933
KNA,NY.GDP.PCAP.CD,1964,256.40471515277
KNA,NY.GDP.PCAP.CD,1963,240.139616588017
KNA,NY.GDP.PCAP.CD,1962,230.286541058342
KNA,NY.GDP.PCAP.CD,1961,225.599127572162
KNA,NY.GDP.PCAP.CD,1960,221.584586097067
LCA,NY.GDP.PCAP.CD,2025,
LCA,NY.GDP.PCAP.CD,2024,14181.6303351598
LCA,NY.GDP.PCAP.CD,2023,13554.7684784933
LCA,NY.GDP.PCAP.CD,2022,13103.8243147472
LCA,NY.GDP.PCAP.CD,2021,10459.1321248092
LCA,NY.GDP.PCAP.CD,2020,8411.07474936367
LCA,NY.GDP.PCAP.CD,2019,11794.0597229805
LCA,NY.GDP.PCAP.CD,2018,11642.6984727769
LCA,NY.GDP.PCAP.CD,2017,11333.1123822102
LCA,NY.GDP.PCAP.CD,2016,10638.1269396653
LCA,NY.GDP.PCAP.CD,2015,10334.9860823918
LCA,NY.GDP.PCAP.CD,2014,10044.8218377677
LCA,NY.GDP.PCAP.CD,2013,9577.21733754358
LCA,NY.GDP.PCAP.CD,2012,9260.30006551714
LCA,NY.GDP.PCAP.CD,2011,9128.99442011613
LCA,NY.GDP.PCAP.CD,2010,8673.68720340529
LCA,NY.GDP.PCAP.CD,2009,8250.52180732734
LCA,NY.GDP.PCAP.CD,2008,8516.96075488787
LCA,NY.GDP.PCAP.CD,2007,7964.38211480117
LCA,NY.GDP.PCAP.CD,2006,7611.17856675319
LCA,NY.GDP.PCAP.CD,2005,6863.43641919345
LCA,NY.GDP.PCAP.CD,2004,6494.60034867886
LCA,NY.GDP.PCAP.CD,2003,6058.60622059326
LCA,NY.GDP.PCAP.CD,2002,5567.89428424719
LCA,NY.GDP.PCAP.CD,2001,5570.45247098106
LCA,NY.GDP.PCAP.CD,2000,5879.56191426207
LCA,NY.GDP.PCAP.CD,1999,5882.83398968649
LCA,NY.GDP.PCAP.CD,1998,5672.51373770766
LCA,NY.GDP.PCAP.CD,1997,5282.37011402006
LCA,NY.GDP.PCAP.CD,1996,5244.01665086076
LCA,NY.GDP.PCAP.CD,1995,5147.92024022295
LCA,NY.GDP.PCAP.CD,1994,4892.06733637469
LCA,NY.GDP.PCAP.CD,1993,4764.72464839218
LCA,NY.GDP.PCAP.CD,1992,4759.83867808296
LCA,NY.GDP.PCAP.CD,1991,4398.67906897723
LCA,NY.GDP.PCAP.CD,1990,4204.57161863111
LCA,NY.GDP.PCAP.CD,1989,3565.01015783716
LCA,NY.GDP.PCAP.CD,1988,3182.44170096022
LCA,NY.GDP.PCAP.CD,1987,2818.91475118073
LCA,NY.GDP.PCAP.CD,1986,2590.69331524928
LCA,NY.GDP.PCAP.CD,1985,2202.28125368301
LCA,NY.GDP.PCAP.CD,1984,1979.12504018731
LCA,NY.GDP.PCAP.CD,1983,1575.74163524069
LCA,NY.GDP.PCAP.CD,1982,1489.46138368254
LCA,NY.GDP.PCAP.CD,1981,1604.77728442339
LCA,NY.GDP.PCAP.CD,1980,1428.20328921427
LCA,NY.GDP.PCAP.CD,1979,
LCA,NY.GDP.PCAP.CD,1978,
LCA,NY.GDP.PCAP.CD,1977,
LCA,NY.GDP.PCAP.CD,1976,
LCA,NY.GDP.PCAP.CD,1975,
LCA,NY.GDP.PCAP.CD,1974,
LCA,NY.GDP.PCAP.CD,1973,
LCA,NY.GDP.PCAP.CD,1972,
LCA,NY.GDP.PCAP.CD,1971,
LCA,NY.GDP.PCAP.CD,1970,
LCA,NY.GDP.PCAP.CD,1969,
LCA,NY.GDP.PCAP.CD,1968,
LCA,NY.GDP.PCAP.CD,1967,
LCA,NY.GDP.PCAP.CD,1966,
LCA,NY.GDP.PCAP.CD,1965,
LCA,NY.GDP.PCAP.CD,1964,
LCA,NY.GDP.PCAP.CD,1963,
LCA,NY.GDP.PCAP.CD,1962,
LCA,NY.GDP.PCAP.CD,1961,
LCA,NY.GDP.PCAP.CD,1960,
MAF,NY.GDP.PCAP.CD,2025,
MAF,NY.GDP.PCAP.CD,2024,
MAF,NY.GDP.PCAP.CD,2023,
MAF,NY.GDP.PCAP.CD,2022,
MAF,NY.GDP.PCAP.CD,2021,21668.3776525323
MAF,NY.GDP.PCAP.CD,2020,
MAF,NY.GDP.PCAP.CD,2019,19033.0649634889
MAF,NY.GDP.PCAP.CD,2018,
MAF,NY.GDP.PCAP.CD,2017,
MAF,NY.GDP.PCAP.CD,2016,
MAF,NY.GDP.PCAP.CD,2015,
MAF,NY.GDP.PCAP.CD,2014,20638.7705882379
MAF,NY.GDP.PCAP.CD,2013,
MAF,NY.GDP.PCAP.CD,2012,
MAF,NY.GDP.PCAP.CD,2011,20930.5821177758
MAF,NY.GDP.PCAP.CD,2010,
MAF,NY.GDP.PCAP.CD,2009,
MAF,NY.GDP.PCAP.CD,2008,
MAF,NY.GDP.PCAP.CD,2007,
MAF,NY.GDP.PCAP.CD,2006,
MAF,NY.GDP.PCAP.CD,2005,
MAF,NY.GDP.PCAP.CD,2004,
MAF,NY.GDP.PCAP.CD,2003,
MAF,NY.GDP.PCAP.CD,2002,
MAF,NY.GDP.PCAP.CD,2001,
MAF,NY.GDP.PCAP.CD,2000,
MAF,NY.GDP.PCAP.CD,1999,
MAF,NY.GDP.PCAP.CD,1998,
MAF,NY.GDP.PCAP.CD,1997,
MAF,NY.GDP.PCAP.CD,1996,
MAF,NY.GDP.PCAP.CD,1995,
MAF,NY.GDP.PCAP.CD,1994,
MAF,NY.GDP.PCAP.CD,1993,
MAF,NY.GDP.PCAP.CD,1992,
MAF,NY.GDP.PCAP.CD,1991,
MAF,NY.GDP.PCAP.CD,1990,
MAF,NY.GDP.PCAP.CD,1989,
MAF,NY.GDP.PCAP.CD,1988,
MAF,NY.GDP.PCAP.CD,1987,
MAF,NY.GDP.PCAP.CD,1986,
MAF,NY.GDP.PCAP.CD,1985,
MAF,NY.GDP.PCAP.CD,1984,
MAF,NY.GDP.PCAP.CD,1983,
MAF,NY.GDP.PCAP.CD,1982,
MAF,NY.GDP.PCAP.CD,1981,
MAF,NY.GDP.PCAP.CD,1980,
MAF,NY.GDP.PCAP.CD,1979,
MAF,NY.GDP.PCAP.CD,1978,
MAF,NY.GDP.PCAP.CD,1977,
MAF,NY.GDP.PCAP.CD,1976,
MAF,NY.GDP.PCAP.CD,1975,
MAF,NY.GDP.PCAP.CD,1974,
MAF,NY.GDP.PCAP.CD,1973,
MAF,NY.GDP.PCAP.CD,1972,
MAF,NY.GDP.PCAP.CD,1971,
MAF,NY.GDP.PCAP.CD,1970,
MAF,NY.GDP.PCAP.CD,1969,
MAF,NY.GDP.PCAP.CD,1968,
MAF,NY.GDP.PCAP.CD,1967,
MAF,NY.GDP.PCAP.CD,1966,
MAF,NY.GDP.PCAP.CD,1965,
MAF,NY.GDP.PCAP.CD,1964,
MAF,NY.GDP.PCAP.CD,1963,
MAF,NY.GDP.PCAP.CD,1962,
MAF,NY.GDP.PCAP.CD,1961,
MAF,NY.GDP.PCAP.CD,1960,
VCT,NY.GDP.PCAP.CD,2025,
VCT,NY.GDP.PCAP.CD,2024,11501.2265187188
VCT,NY.GDP.PCAP.CD,2023,10582.3656725229
VCT,NY.GDP.PCAP.CD,2022,9693.55867833025
VCT,NY.GDP.PCAP.CD,2021,8641.27904024443
VCT,NY.GDP.PCAP.CD,2020,8351.20324040982
VCT,NY.GDP.PCAP.CD,2019,8740.59425232061
VCT,NY.GDP.PCAP.CD,2018,8428.12677153069
VCT,NY.GDP.PCAP.CD,2017,7988.04445019298
VCT,NY.GDP.PCAP.CD,2016,7656.90042881178
VCT,NY.GDP.PCAP.CD,2015,7353.73556054184
VCT,NY.GDP.PCAP.CD,2014,7168.82875342911
VCT,NY.GDP.PCAP.CD,2013,7072.46737188939
VCT,NY.GDP.PCAP.CD,2012,6713.80768643865
VCT,NY.GDP.PCAP.CD,2011,6527.68996854448
VCT,NY.GDP.PCAP.CD,2010,6551.96835992405
VCT,NY.GDP.PCAP.CD,2009,6463.78777336717
VCT,NY.GDP.PCAP.CD,2008,6598.90531450859
VCT,NY.GDP.PCAP.CD,2007,6398.19123532172
VCT,NY.GDP.PCAP.CD,2006,5744.8278621257
VCT,NY.GDP.PCAP.CD,2005,5157.39373878102
VCT,NY.GDP.PCAP.CD,2004,4873.48947742443
VCT,NY.GDP.PCAP.CD,2003,4499.61454193342
VCT,NY.GDP.PCAP.CD,2002,4303.27976789727
VCT,NY.GDP.PCAP.CD,2001,4071.08601098962
VCT,NY.GDP.PCAP.CD,2000,3768.95536604022
VCT,NY.GDP.PCAP.CD,1999,3446.52293031878
VCT,NY.GDP.PCAP.CD,1998,3301.10018129103
VCT,NY.GDP.PCAP.CD,1997,3073.7784743848
VCT,NY.GDP.PCAP.CD,1996,2930.44394742606
VCT,NY.GDP.PCAP.CD,1995,2795.36305613955
VCT,NY.GDP.PCAP.CD,1994,2563.24976564442
VCT,NY.GDP.PCAP.CD,1993,2539.64968649849
VCT,NY.GDP.PCAP.CD,1992,2470.51840791008
VCT,NY.GDP.PCAP.CD,1991,2270.76357246912
VCT,NY.GDP.PCAP.CD,1990,2149.73944358984
VCT,NY.GDP.PCAP.CD,1989,1929.91050958212
VCT,NY.GDP.PCAP.CD,1988,1813.93765107441
VCT,NY.GDP.PCAP.CD,1987,1596.17319303831
VCT,NY.GDP.PCAP.CD,1986,1471.86296489478
VCT,NY.GDP.PCAP.CD,1985,1342.2456378927
VCT,NY.GDP.PCAP.CD,1984,1253.86525558125
VCT,NY.GDP.PCAP.CD,1983,1144.30586148776
VCT,NY.GDP.PCAP.CD,1982,1073.51398364931
VCT,NY.GDP.PCAP.CD,1981,971.577277314431
VCT,NY.GDP.PCAP.CD,1980,790.115816929074
VCT,NY.GDP.PCAP.CD,1979,687.067392389007
VCT,NY.GDP.PCAP.CD,1978,592.019182500428
VCT,NY.GDP.PCAP.CD,1977,483.859271677682
VCT,NY.GDP.PCAP.CD,1976,324.049573435426
VCT,NY.GDP.PCAP.CD,1975,331.090937950783
VCT,NY.GDP.PCAP.CD,1974,330.705359076164
VCT,NY.GDP.PCAP.CD,1973,305.651792826921
VCT,NY.GDP.PCAP.CD,1972,282.092288222755
VCT,NY.GDP.PCAP.CD,1971,206.99399543877
VCT,NY.GDP.PCAP.CD,1970,192.259597349006
VCT,NY.GDP.PCAP.CD,1969,175.156220412801
VCT,NY.GDP.PCAP.CD,1968,163.084474570509
VCT,NY.GDP.PCAP.CD,1967,170.043233030992
VCT,NY.GDP.PCAP.CD,1966,174.900705580548
VCT,NY.GDP.PCAP.CD,1965,166.1585179605
VCT,NY.GDP.PCAP.CD,1964,164.439675512733
VCT,NY.GDP.PCAP.CD,1963,154.855789598022
VCT,NY.GDP.PCAP.CD,1962,166.501945155564
VCT,NY.GDP.PCAP.CD,1961,163.036741587138
VCT,NY.GDP.PCAP.CD,1960,154.839953548866
SDN,NY.GDP.PCAP.CD,2025,
SDN,NY.GDP.PCAP.CD,2024,984.607666015625
SDN,NY.GDP.PCAP.CD,2023,797.283447265625
SDN,NY.GDP.PCAP.CD,2022,1046.24084472656
SDN,NY.GDP.PCAP.CD,2021,712.122009277344
SDN,NY.GDP.PCAP.CD,2020,577.795227050781
SDN,NY.GDP.PCAP.CD,2019,709.975280761719
SDN,NY.GDP.PCAP.CD,2018,731.027465820313
SDN,NY.GDP.PCAP.CD,2017,966.505676269531
SDN,NY.GDP.PCAP.CD,2016,1033.21594238281
SDN,NY.GDP.PCAP.CD,2015,1292.37963867188
SDN,NY.GDP.PCAP.CD,2014,1275.43835449219
SDN,NY.GDP.PCAP.CD,2013,1138.62780761719
SDN,NY.GDP.PCAP.CD,2012,1019.22210693359
SDN,NY.GDP.PCAP.CD,2011,1332.6572265625
SDN,NY.GDP.PCAP.CD,2010,1305.63598632813
SDN,NY.GDP.PCAP.CD,2009,1178.22180175781
SDN,NY.GDP.PCAP.CD,2008,1527.58239746094
SDN,NY.GDP.PCAP.CD,2007,1444.37219238281
SDN,NY.GDP.PCAP.CD,2006,1132.474609375
SDN,NY.GDP.PCAP.CD,2005,905.543640136719
SDN,NY.GDP.PCAP.CD,2004,705.113342285156
SDN,NY.GDP.PCAP.CD,2003,580.320251464844
SDN,NY.GDP.PCAP.CD,2002,506.262634277344
SDN,NY.GDP.PCAP.CD,2001,451.293304443359
SDN,NY.GDP.PCAP.CD,2000,362.116882324219
SDN,NY.GDP.PCAP.CD,1999,324.659606933594
SDN,NY.GDP.PCAP.CD,1998,350.702880859375
SDN,NY.GDP.PCAP.CD,1997,373.09375
SDN,NY.GDP.PCAP.CD,1996,294.826965332031
SDN,NY.GDP.PCAP.CD,1995,462.585235595703
SDN,NY.GDP.PCAP.CD,1994,439.420806884766
SDN,NY.GDP.PCAP.CD,1993,312.693908691406
SDN,NY.GDP.PCAP.CD,1992,252.610092163086
SDN,NY.GDP.PCAP.CD,1991,1617.55676269531
SDN,NY.GDP.PCAP.CD,1990,1257.1875
SDN,NY.GDP.PCAP.CD,1989,814.267517089844
SDN,NY.GDP.PCAP.CD,1988,553.07861328125
SDN,NY.GDP.PCAP.CD,1987,471.1572265625
SDN,NY.GDP.PCAP.CD,1986,400.333557128906
SDN,NY.GDP.PCAP.CD,1985,326.402770996094
SDN,NY.GDP.PCAP.CD,1984,429.993377685547
SDN,NY.GDP.PCAP.CD,1983,346.221649169922
SDN,NY.GDP.PCAP.CD,1982,378.945373535156
SDN,NY.GDP.PCAP.CD,1981,483.802581787109
SDN,NY.GDP.PCAP.CD,1980,418.348785400391
SDN,NY.GDP.PCAP.CD,1979,408.899627685547
SDN,NY.GDP.PCAP.CD,1978,410.072082519531
SDN,NY.GDP.PCAP.CD,1977,392.399383544922
SDN,NY.GDP.PCAP.CD,1976,325.185607910156
SDN,NY.GDP.PCAP.CD,1975,269.652893066406
SDN,NY.GDP.PCAP.CD,1974,228.787322998047
SDN,NY.GDP.PCAP.CD,1973,184.524200439453
SDN,NY.GDP.PCAP.CD,1972,154.511581420898
SDN,NY.GDP.PCAP.CD,1971,146.931610107422
SDN,NY.GDP.PCAP.CD,1970,139.038482666016
SDN,NY.GDP.PCAP.CD,1969,125.984886169434
SDN,NY.GDP.PCAP.CD,1968,117.824935913086
SDN,NY.GDP.PCAP.CD,1967,116.241035461426
SDN,NY.GDP.PCAP.CD,1966,110.502571105957
SDN,NY.GDP.PCAP.CD,1965,110.889373779297
SDN,NY.GDP.PCAP.CD,1964,109.650077819824
SDN,NY.GDP.PCAP.CD,1963,109.939208984375
SDN,NY.GDP.PCAP.CD,1962,111.213455200195
SDN,NY.GDP.PCAP.CD,1961,105.313102722168
SDN,NY.GDP.PCAP.CD,1960,99.7131195068359
SUR,NY.GDP.PCAP.CD,2025,
SUR,NY.GDP.PCAP.CD,2024,6961.78955961526
SUR,NY.GDP.PCAP.CD,2023,5521.97602122638
SUR,NY.GDP.PCAP.CD,2022,6084.43876736445
SUR,NY.GDP.PCAP.CD,2021,5029.84838543953
SUR,NY.GDP.PCAP.CD,2020,4755.39221710693
SUR,NY.GDP.PCAP.CD,2019,6629.66775248603
SUR,NY.GDP.PCAP.CD,2018,6665.74180472239
SUR,NY.GDP.PCAP.CD,2017,6049.52128553675
SUR,NY.GDP.PCAP.CD,2016,5644.2061057532
SUR,NY.GDP.PCAP.CD,2015,8813.61705392067
SUR,NY.GDP.PCAP.CD,2014,9108.18905406764
SUR,NY.GDP.PCAP.CD,2013,9043.19281529222
SUR,NY.GDP.PCAP.CD,2012,8851.24050668908
SUR,NY.GDP.PCAP.CD,2011,7949.88867218383
SUR,NY.GDP.PCAP.CD,2010,7943.60482816915
SUR,NY.GDP.PCAP.CD,2009,7129.5768626291
SUR,NY.GDP.PCAP.CD,2008,6576.08546307249
SUR,NY.GDP.PCAP.CD,2007,5530.17615638309
SUR,NY.GDP.PCAP.CD,2006,5002.65798695759
SUR,NY.GDP.PCAP.CD,2005,3453.42865937765
SUR,NY.GDP.PCAP.CD,2004,2887.7721728844
SUR,NY.GDP.PCAP.CD,2003,2516.10404020956
SUR,NY.GDP.PCAP.CD,2002,2202.340682196
SUR,NY.GDP.PCAP.CD,2001,1714.64846637242
SUR,NY.GDP.PCAP.CD,2000,1988.22172925433
SUR,NY.GDP.PCAP.CD,1999,1898.1801816053
SUR,NY.GDP.PCAP.CD,1998,2428.58641994202
SUR,NY.GDP.PCAP.CD,1997,2067.59814938391
SUR,NY.GDP.PCAP.CD,1996,1962.88495820295
SUR,NY.GDP.PCAP.CD,1995,1609.82504373206
SUR,NY.GDP.PCAP.CD,1994,1433.54255652781
SUR,NY.GDP.PCAP.CD,1993,1022.44583519896
SUR,NY.GDP.PCAP.CD,1992,968.895253466926
SUR,NY.GDP.PCAP.CD,1991,1079.72521342705
SUR,NY.GDP.PCAP.CD,1990,941.591736102188
SUR,NY.GDP.PCAP.CD,1989,1328.57013435061
SUR,NY.GDP.PCAP.CD,1988,2886.42980207694
SUR,NY.GDP.PCAP.CD,1987,2469.06737278634
SUR,NY.GDP.PCAP.CD,1986,2271.04733260266
SUR,NY.GDP.PCAP.CD,1985,2255.97717664327
SUR,NY.GDP.PCAP.CD,1984,2260.63794993629
SUR,NY.GDP.PCAP.CD,1983,2332.69790308016
SUR,NY.GDP.PCAP.CD,1982,2429.92391549707
SUR,NY.GDP.PCAP.CD,1981,2367.76851800063
SUR,NY.GDP.PCAP.CD,1980,2117.87083385503
SUR,NY.GDP.PCAP.CD,1979,2072.28775271317
SUR,NY.GDP.PCAP.CD,1978,1927.90601359888
SUR,NY.GDP.PCAP.CD,1977,1665.94384873282
SUR,NY.GDP.PCAP.CD,1976,1301.86536317022
SUR,NY.GDP.PCAP.CD,1975,1190.01968453614
SUR,NY.GDP.PCAP.CD,1974,1041.08454668306
SUR,NY.GDP.PCAP.CD,1973,857.69079166793
SUR,NY.GDP.PCAP.CD,1972,784.951674957789
SUR,NY.GDP.PCAP.CD,1971,767.990365675678
SUR,NY.GDP.PCAP.CD,1970,724.484901513275
SUR,NY.GDP.PCAP.CD,1969,707.674445225753
SUR,NY.GDP.PCAP.CD,1968,680.595348207639
SUR,NY.GDP.PCAP.CD,1967,644.042967325106
SUR,NY.GDP.PCAP.CD,1966,574.84107690217
SUR,NY.GDP.PCAP.CD,1965,481.71875
SUR,NY.GDP.PCAP.CD,1964,434.893751961714
SUR,NY.GDP.PCAP.CD,1963,424.025532430631
SUR,NY.GDP.PCAP.CD,1962,409.105638366818
SUR,NY.GDP.PCAP.CD,1961,394.80774658988
SUR,NY.GDP.PCAP.CD,1960,377.579399662016
SWE,NY.GDP.PCAP.CD,2025,
SWE,NY.GDP.PCAP.CD,2024,57117.4877440616
SWE,NY.GDP.PCAP.CD,2023,54950.2834725622
SWE,NY.GDP.PCAP.CD,2022,54836.8907235124
SWE,NY.GDP.PCAP.CD,2021,60647.5416365347
SWE,NY.GDP.PCAP.CD,2020,52568.5726980146
SWE,NY.GDP.PCAP.CD,2019,51648.9892820514
SWE,NY.GDP.PCAP.CD,2018,54018.4554391861
SWE,NY.GDP.PCAP.CD,2017,53210.2233318965
SWE,NY.GDP.PCAP.CD,2016,51703.5088332851
SWE,NY.GDP.PCAP.CD,2015,51188.1652120493
SWE,NY.GDP.PCAP.CD,2014,59583.4584491714
SWE,NY.GDP.PCAP.CD,2013,60843.9888799369
SWE,NY.GDP.PCAP.CD,2012,57749.5615420853
SWE,NY.GDP.PCAP.CD,2011,60379.4814599322
SWE,NY.GDP.PCAP.CD,2010,52542.5759090299
SWE,NY.GDP.PCAP.CD,2009,46707.6425044751
SWE,NY.GDP.PCAP.CD,2008,55817.1759726485
SWE,NY.GDP.PCAP.CD,2007,53568.3057787832
SWE,NY.GDP.PCAP.CD,2006,46531.3762240485
SWE,NY.GDP.PCAP.CD,2005,43378.4077394363
SWE,NY.GDP.PCAP.CD,2004,42758.0048564929
SWE,NY.GDP.PCAP.CD,2003,37292.2419727801
SWE,NY.GDP.PCAP.CD,2002,29957.7776664916
SWE,NY.GDP.PCAP.CD,2001,27259.3174300217
SWE,NY.GDP.PCAP.CD,2000,29632.5890811623
SWE,NY.GDP.PCAP.CD,1999,30968.8710702052
SWE,NY.GDP.PCAP.CD,1998,30605.3669074811
SWE,NY.GDP.PCAP.CD,1997,30324.1845796306
SWE,NY.GDP.PCAP.CD,1996,33022.2444768661
SWE,NY.GDP.PCAP.CD,1995,30254.0273028727
SWE,NY.GDP.PCAP.CD,1994,26045.5196995275
SWE,NY.GDP.PCAP.CD,1993,24389.8738124128
SWE,NY.GDP.PCAP.CD,1992,32753.4287003642
SWE,NY.GDP.PCAP.CD,1991,31776.6680192213
SWE,NY.GDP.PCAP.CD,1990,30549.3185706762
SWE,NY.GDP.PCAP.CD,1989,25625.0162127747
SWE,NY.GDP.PCAP.CD,1988,24499.1240758517
SWE,NY.GDP.PCAP.CD,1987,21760.9646490625
SWE,NY.GDP.PCAP.CD,1986,17954.9510185679
SWE,NY.GDP.PCAP.CD,1985,13647.0439039697
SWE,NY.GDP.PCAP.CD,1984,13080.0302290066
SWE,NY.GDP.PCAP.CD,1983,12589.950077442
SWE,NY.GDP.PCAP.CD,1982,13719.0538964279
SWE,NY.GDP.PCAP.CD,1981,15563.8332773497
SWE,NY.GDP.PCAP.CD,1980,17073.0446711494
SWE,NY.GDP.PCAP.CD,1979,14855.5957561141
SWE,NY.GDP.PCAP.CD,1978,12602.2217238449
SWE,NY.GDP.PCAP.CD,1977,11432.0214920218
SWE,NY.GDP.PCAP.CD,1976,10852.5192441428
SWE,NY.GDP.PCAP.CD,1975,10102.6388909372
SWE,NY.GDP.PCAP.CD,1974,8078.18604272449
SWE,NY.GDP.PCAP.CD,1973,7290.6303239401
SWE,NY.GDP.PCAP.CD,1972,6018.39052977191
SWE,NY.GDP.PCAP.CD,1971,5125.27034757101
SWE,NY.GDP.PCAP.CD,1970,4729.35071602705
SWE,NY.GDP.PCAP.CD,1969,4262.92603293035
SWE,NY.GDP.PCAP.CD,1968,3953.08297234501
SWE,NY.GDP.PCAP.CD,1967,3746.2048797826
SWE,NY.GDP.PCAP.CD,1966,3477.89737890027
SWE,NY.GDP.PCAP.CD,1965,3227.87974049912
SWE,NY.GDP.PCAP.CD,1964,2961.02884624727
SWE,NY.GDP.PCAP.CD,1963,2675.07291656901
SWE,NY.GDP.PCAP.CD,1962,2485.46561781218
SWE,NY.GDP.PCAP.CD,1961,2304.47143531351
SWE,NY.GDP.PCAP.CD,1960,2128.36441205712
CHE,NY.GDP.PCAP.CD,2025,
CHE,NY.GDP.PCAP.CD,2024,103998.186685604
CHE,NY.GDP.PCAP.CD,2023,100623.549627296
CHE,NY.GDP.PCAP.CD,2022,94394.5106803525
CHE,NY.GDP.PCAP.CD,2021,93664.7736696111
CHE,NY.GDP.PCAP.CD,2020,85897.7843338323
CHE,NY.GDP.PCAP.CD,2019,84121.9310304414
CHE,NY.GDP.PCAP.CD,2018,85217.3691512274
CHE,NY.GDP.PCAP.CD,2017,82254.3769269767
CHE,NY.GDP.PCAP.CD,2016,82153.0745447889
CHE,NY.GDP.PCAP.CD,2015,83806.4476003837
CHE,NY.GDP.PCAP.CD,2014,88724.9909402638
CHE,NY.GDP.PCAP.CD,2013,87304.3305813557
CHE,NY.GDP.PCAP.CD,2012,85836.2076767359
CHE,NY.GDP.PCAP.CD,2011,90476.7589651577
CHE,NY.GDP.PCAP.CD,2010,76531.3729407691
CHE,NY.GDP.PCAP.CD,2009,71568.3123885672
CHE,NY.GDP.PCAP.CD,2008,74175.1927898555
CHE,NY.GDP.PCAP.CD,2007,64989.1553256031
CHE,NY.GDP.PCAP.CD,2006,59011.0324592016
CHE,NY.GDP.PCAP.CD,2005,56242.8933645639
CHE,NY.GDP.PCAP.CD,2004,54659.4571488233
CHE,NY.GDP.PCAP.CD,2003,49335.7456291067
CHE,NY.GDP.PCAP.CD,2002,42458.7384679187
CHE,NY.GDP.PCAP.CD,2001,39638.7911061864
CHE,NY.GDP.PCAP.CD,2000,38865.021939688
CHE,NY.GDP.PCAP.CD,1999,41695.6912912021
CHE,NY.GDP.PCAP.CD,1998,42680.5867322391
CHE,NY.GDP.PCAP.CD,1997,41584.441782159
CHE,NY.GDP.PCAP.CD,1996,48092.6433036512
CHE,NY.GDP.PCAP.CD,1995,50113.8321221345
CHE,NY.GDP.PCAP.CD,1994,43091.7770970073
CHE,NY.GDP.PCAP.CD,1993,39237.1186558781
CHE,NY.GDP.PCAP.CD,1992,40713.6881521435
CHE,NY.GDP.PCAP.CD,1991,39544.4946826768
CHE,NY.GDP.PCAP.CD,1990,39574.5398083788
CHE,NY.GDP.PCAP.CD,1989,31308.6508343136
CHE,NY.GDP.PCAP.CD,1988,32690.4302734561
CHE,NY.GDP.PCAP.CD,1987,30440.5108240499
CHE,NY.GDP.PCAP.CD,1986,24459.8536348433
CHE,NY.GDP.PCAP.CD,1985,17152.0948495991
CHE,NY.GDP.PCAP.CD,1984,16991.2458841517
CHE,NY.GDP.PCAP.CD,1983,17859.2323695837
CHE,NY.GDP.PCAP.CD,1982,17999.969257078
CHE,NY.GDP.PCAP.CD,1981,17665.0138979789
CHE,NY.GDP.PCAP.CD,1980,19393.8805480097
CHE,NY.GDP.PCAP.CD,1979,18265.5588649103
CHE,NY.GDP.PCAP.CD,1978,16282.1932458492
CHE,NY.GDP.PCAP.CD,1977,11643.6467397732
CHE,NY.GDP.PCAP.CD,1976,10864.971231108
CHE,NY.GDP.PCAP.CD,1975,10328.1089388433
CHE,NY.GDP.PCAP.CD,1974,9004.788599
CHE,NY.GDP.PCAP.CD,1973,7855.91887040854
CHE,NY.GDP.PCAP.CD,1972,5884.77524107186
CHE,NY.GDP.PCAP.CD,1971,4834.74049399485
CHE,NY.GDP.PCAP.CD,1970,4044.42068227245
CHE,NY.GDP.PCAP.CD,1969,3657.20794240553
CHE,NY.GDP.PCAP.CD,1968,3413.49358157003
CHE,NY.GDP.PCAP.CD,1967,3237.27315217356
CHE,NY.GDP.PCAP.CD,1966,3044.84560389449
CHE,NY.GDP.PCAP.CD,1965,2865.2448479366
CHE,NY.GDP.PCAP.CD,1964,2734.93009044177
CHE,NY.GDP.PCAP.CD,1963,2508.47430732203
CHE,NY.GDP.PCAP.CD,1962,2330.47736501501
CHE,NY.GDP.PCAP.CD,1961,2155.44996908648
CHE,NY.GDP.PCAP.CD,1960,1954.3113206427
SYR,NY.GDP.PCAP.CD,2025,
SYR,NY.GDP.PCAP.CD,2024,
SYR,NY.GDP.PCAP.CD,2023,
SYR,NY.GDP.PCAP.CD,2022,1051.67149587463
SYR,NY.GDP.PCAP.CD,2021,663.614245706815
SYR,NY.GDP.PCAP.CD,2020,572.355289831901
SYR,NY.GDP.PCAP.CD,2019,1109.53926036049
SYR,NY.GDP.PCAP.CD,2018,1098.0668642357
SYR,NY.GDP.PCAP.CD,2017,851.502005254153
SYR,NY.GDP.PCAP.CD,2016,656.3490586313
SYR,NY.GDP.PCAP.CD,2015,847.731631942565
SYR,NY.GDP.PCAP.CD,2014,1060.59105886854
SYR,NY.GDP.PCAP.CD,2013,985.892669227054
SYR,NY.GDP.PCAP.CD,2012,1897.66115018696
SYR,NY.GDP.PCAP.CD,2011,2952.14349372257
SYR,NY.GDP.PCAP.CD,2010,2730.61477118949
SYR,NY.GDP.PCAP.CD,2009,2462.20193643202
SYR,NY.GDP.PCAP.CD,2008,2429.12477087189
SYR,NY.GDP.PCAP.CD,2007,1937.61138578027
SYR,NY.GDP.PCAP.CD,2006,1718.78347217338
SYR,NY.GDP.PCAP.CD,2005,1533.90166536568
SYR,NY.GDP.PCAP.CD,2004,1368.1148230028
SYR,NY.GDP.PCAP.CD,2003,1220.179077256
SYR,NY.GDP.PCAP.CD,2002,1183.2473451033
SYR,NY.GDP.PCAP.CD,2001,1186.82913474027
SYR,NY.GDP.PCAP.CD,2000,1138.1884854278
SYR,NY.GDP.PCAP.CD,1999,978.17453169496
SYR,NY.GDP.PCAP.CD,1998,960.837504927725
SYR,NY.GDP.PCAP.CD,1997,940.826589804978
SYR,NY.GDP.PCAP.CD,1996,918.195857362788
SYR,NY.GDP.PCAP.CD,1995,779.699100153744
SYR,NY.GDP.PCAP.CD,1994,712.387716635783
SYR,NY.GDP.PCAP.CD,1993,992.771367475098
SYR,NY.GDP.PCAP.CD,1992,990.138251191708
SYR,NY.GDP.PCAP.CD,1991,1000.07798684947
SYR,NY.GDP.PCAP.CD,1990,978.489616979607
SYR,NY.GDP.PCAP.CD,1989,809.044028162459
SYR,NY.GDP.PCAP.CD,1988,897.70876335774
SYR,NY.GDP.PCAP.CD,1987,997.128134355135
SYR,NY.GDP.PCAP.CD,1986,1208.16084262217
SYR,NY.GDP.PCAP.CD,1985,1543.7649395519
SYR,NY.GDP.PCAP.CD,1984,1706.21944810524
SYR,NY.GDP.PCAP.CD,1983,1775.83203705709
SYR,NY.GDP.PCAP.CD,1982,1702.68062491316
SYR,NY.GDP.PCAP.CD,1981,1675.79747403807
SYR,NY.GDP.PCAP.CD,1980,1458.23976434095
SYR,NY.GDP.PCAP.CD,1979,1146.36179260974
SYR,NY.GDP.PCAP.CD,1978,1107.78304477534
SYR,NY.GDP.PCAP.CD,1977,951.240398587355
SYR,NY.GDP.PCAP.CD,1976,976.48924016597
SYR,NY.GDP.PCAP.CD,1975,903.713462066405
SYR,NY.GDP.PCAP.CD,1974,706.579580221326
SYR,NY.GDP.PCAP.CD,1973,458.830061186419
SYR,NY.GDP.PCAP.CD,1972,448.237758556479
SYR,NY.GDP.PCAP.CD,1971,392.515069525448
SYR,NY.GDP.PCAP.CD,1970,335.451366800943
SYR,NY.GDP.PCAP.CD,1969,363.554844445761
SYR,NY.GDP.PCAP.CD,1968,293.330341001656
SYR,NY.GDP.PCAP.CD,1967,272.914639434944
SYR,NY.GDP.PCAP.CD,1966,239.30759595908
SYR,NY.GDP.PCAP.CD,1965,270.830584796164
SYR,NY.GDP.PCAP.CD,1964,254.217527062223
SYR,NY.GDP.PCAP.CD,1963,234.899747591945
SYR,NY.GDP.PCAP.CD,1962,223.934209140492
SYR,NY.GDP.PCAP.CD,1961,196.293561633919
SYR,NY.GDP.PCAP.CD,1960,183.525069735278
TJK,NY.GDP.PCAP.CD,2025,
TJK,NY.GDP.PCAP.CD,2024,1341.20229027672
TJK,NY.GDP.PCAP.CD,2023,1178.47990060249
TJK,NY.GDP.PCAP.CD,2022,1052.17949484894
TJK,NY.GDP.PCAP.CD,2021,896.748053372182
TJK,NY.GDP.PCAP.CD,2020,834.311715460625
TJK,NY.GDP.PCAP.CD,2019,871.022372934846
TJK,NY.GDP.PCAP.CD,2018,834.288404578801
TJK,NY.GDP.PCAP.CD,2017,829.45714764957
TJK,NY.GDP.PCAP.CD,2016,788.710481734485
TJK,NY.GDP.PCAP.CD,2015,956.916310930656
TJK,NY.GDP.PCAP.CD,2014,1081.54402932039
TJK,NY.GDP.PCAP.CD,2013,1028.19704279396
TJK,NY.GDP.PCAP.CD,2012,952.452819695469
TJK,NY.GDP.PCAP.CD,2011,833.601978202852
TJK,NY.GDP.PCAP.CD,2010,737.338883219356
TJK,NY.GDP.PCAP.CD,2009,664.795655734657
TJK,NY.GDP.PCAP.CD,2008,703.327375898643
TJK,NY.GDP.PCAP.CD,2007,516.997210618914
TJK,NY.GDP.PCAP.CD,2006,401.018403316427
TJK,NY.GDP.PCAP.CD,2005,333.927150941684
TJK,NY.GDP.PCAP.CD,2004,305.745158587502
TJK,NY.GDP.PCAP.CD,2003,233.58124845289
TJK,NY.GDP.PCAP.CD,2002,186.951638285222
TJK,NY.GDP.PCAP.CD,2001,168.676285365186
TJK,NY.GDP.PCAP.CD,2000,136.925716400723
TJK,NY.GDP.PCAP.CD,1999,175.023764735625
TJK,NY.GDP.PCAP.CD,1998,213.749145581577
TJK,NY.GDP.PCAP.CD,1997,150.088550171239
TJK,NY.GDP.PCAP.CD,1996,172.035088688368
TJK,NY.GDP.PCAP.CD,1995,207.034457343036
TJK,NY.GDP.PCAP.CD,1994,261.271254544865
TJK,NY.GDP.PCAP.CD,1993,287.620123754917
TJK,NY.GDP.PCAP.CD,1992,337.833145514813
TJK,NY.GDP.PCAP.CD,1991,457.767825924805
TJK,NY.GDP.PCAP.CD,1990,487.03612866309
TJK,NY.GDP.PCAP.CD,1989,
TJK,NY.GDP.PCAP.CD,1988,
TJK,NY.GDP.PCAP.CD,1987,
TJK,NY.GDP.PCAP.CD,1986,
TJK,NY.GDP.PCAP.CD,1985,
TJK,NY.GDP.PCAP.CD,1984,
TJK,NY.GDP.PCAP.CD,1983,
TJK,NY.GDP.PCAP.CD,1982,
TJK,NY.GDP.PCAP.CD,1981,
TJK,NY.GDP.PCAP.CD,1980,
TJK,NY.GDP.PCAP.CD,1979,
TJK,NY.GDP.PCAP.CD,1978,
TJK,NY.GDP.PCAP.CD,1977,
TJK,NY.GDP.PCAP.CD,1976,
TJK,NY.GDP.PCAP.CD,1975,
TJK,NY.GDP.PCAP.CD,1974,
TJK,NY.GDP.PCAP.CD,1973,
TJK,NY.GDP.PCAP.CD,1972,
TJK,NY.GDP.PCAP.CD,1971,
TJK,NY.GDP.PCAP.CD,1970,
TJK,NY.GDP.PCAP.CD,1969,
TJK,NY.GDP.PCAP.CD,1968,
TJK,NY.GDP.PCAP.CD,1967,
TJK,NY.GDP.PCAP.CD,1966,
TJK,NY.GDP.PCAP.CD,1965,
TJK,NY.GDP.PCAP.CD,1964,
TJK,NY.GDP.PCAP.CD,1963,
TJK,NY.GDP.PCAP.CD,1962,
TJK,NY.GDP.PCAP.CD,1961,
TJK,NY.GDP.PCAP.CD,1960,
TZA,NY.GDP.PCAP.CD,2025,
TZA,NY.GDP.PCAP.CD,2024,1186.71691894531
TZA,NY.GDP.PCAP.CD,2023,1224.00219726563
TZA,NY.GDP.PCAP.CD,2022,1207.52062988281
TZA,NY.GDP.PCAP.CD,2021,1159.85656738281
TZA,NY.GDP.PCAP.CD,2020,1117.41528320313
TZA,NY.GDP.PCAP.CD,2019,1063.32250976563
TZA,NY.GDP.PCAP.CD,2018,1023.10626220703
TZA,NY.GDP.PCAP.CD,2017,986.674011230469
TZA,NY.GDP.PCAP.CD,2016,953.0107421875
TZA,NY.GDP.PCAP.CD,2015,939.127319335938
TZA,NY.GDP.PCAP.CD,2014,1022.74841308594
TZA,NY.GDP.PCAP.CD,2013,963.05712890625
TZA,NY.GDP.PCAP.CD,2012,861.969909667969
TZA,NY.GDP.PCAP.CD,2011,775.392761230469
TZA,NY.GDP.PCAP.CD,2010,736.530151367188
TZA,NY.GDP.PCAP.CD,2009,693.823547363281
TZA,NY.GDP.PCAP.CD,2008,675.977233886719
TZA,NY.GDP.PCAP.CD,2007,543.198303222656
TZA,NY.GDP.PCAP.CD,2006,475.746734619141
TZA,NY.GDP.PCAP.CD,2005,483.334869384766
TZA,NY.GDP.PCAP.CD,2004,450.385284423828
TZA,NY.GDP.PCAP.CD,2003,422.18359375
TZA,NY.GDP.PCAP.CD,2002,402.649047851563
TZA,NY.GDP.PCAP.CD,2001,396.638732910156
TZA,NY.GDP.PCAP.CD,2000,401.698150634766
TZA,NY.GDP.PCAP.CD,1999,392.621765136719
TZA,NY.GDP.PCAP.CD,1998,386.378448486328
TZA,NY.GDP.PCAP.CD,1997,363.597686767578
TZA,NY.GDP.PCAP.CD,1996,313.658386230469
TZA,NY.GDP.PCAP.CD,1995,258.418334960938
TZA,NY.GDP.PCAP.CD,1994,228.890029907227
TZA,NY.GDP.PCAP.CD,1993,224.491546630859
TZA,NY.GDP.PCAP.CD,1992,250.329925537109
TZA,NY.GDP.PCAP.CD,1991,276.452453613281
TZA,NY.GDP.PCAP.CD,1990,243.611557006836
TZA,NY.GDP.PCAP.CD,1989,259.502227783203
TZA,NY.GDP.PCAP.CD,1988,307.50634765625
TZA,NY.GDP.PCAP.CD,1987,334.822784423828
TZA,NY.GDP.PCAP.CD,1986,479.281768798828
TZA,NY.GDP.PCAP.CD,1985,700.450073242188
TZA,NY.GDP.PCAP.CD,1984,609.331420898438
TZA,NY.GDP.PCAP.CD,1983,685.276489257813
TZA,NY.GDP.PCAP.CD,1982,701.959838867188
TZA,NY.GDP.PCAP.CD,1981,683.913269042969
TZA,NY.GDP.PCAP.CD,1980,611.211791992188
TZA,NY.GDP.PCAP.CD,1979,542.11474609375
TZA,NY.GDP.PCAP.CD,1978,529.603637695313
TZA,NY.GDP.PCAP.CD,1977,458.058349609375
TZA,NY.GDP.PCAP.CD,1976,397.542755126953
TZA,NY.GDP.PCAP.CD,1975,364.969940185547
TZA,NY.GDP.PCAP.CD,1974,328.783599853516
TZA,NY.GDP.PCAP.CD,1973,283.801849365234
TZA,NY.GDP.PCAP.CD,1972,246.546295166016
TZA,NY.GDP.PCAP.CD,1971,224.451416015625
TZA,NY.GDP.PCAP.CD,1970,217.235641479492
TZA,NY.GDP.PCAP.CD,1969,405.450805664063
TZA,NY.GDP.PCAP.CD,1968,399.301635742188
TZA,NY.GDP.PCAP.CD,1967,384.642944335938
TZA,NY.GDP.PCAP.CD,1966,380.497924804688
TZA,NY.GDP.PCAP.CD,1965,342.077941894531
TZA,NY.GDP.PCAP.CD,1964,346.301818847656
TZA,NY.GDP.PCAP.CD,1963,329.010589599609
TZA,NY.GDP.PCAP.CD,1962,303.997436523438
TZA,NY.GDP.PCAP.CD,1961,285.156799316406
TZA,NY.GDP.PCAP.CD,1960,275.296020507813
THA,NY.GDP.PCAP.CD,2025,
THA,NY.GDP.PCAP.CD,2024,7346.62022142185
THA,NY.GDP.PCAP.CD,2023,7195.10130919449
THA,NY.GDP.PCAP.CD,2022,6909.35281815827
THA,NY.GDP.PCAP.CD,2021,7057.20754802279
THA,NY.GDP.PCAP.CD,2020,6985.64393892574
THA,NY.GDP.PCAP.CD,2019,7605.69657797759
THA,NY.GDP.PCAP.CD,2018,7099.77650081458
THA,NY.GDP.PCAP.CD,2017,6413.09182530343
THA,NY.GDP.PCAP.CD,2016,5833.57715617098
THA,NY.GDP.PCAP.CD,2015,5688.85335397884
THA,NY.GDP.PCAP.CD,2014,5801.1978916205
THA,NY.GDP.PCAP.CD,2013,6018.08244729255
THA,NY.GDP.PCAP.CD,2012,5725.52802835463
THA,NY.GDP.PCAP.CD,2011,5373.6232832898
THA,NY.GDP.PCAP.CD,2010,4973.86288823778
THA,NY.GDP.PCAP.CD,2009,4135.43986952819
THA,NY.GDP.PCAP.CD,2008,4309.13509292986
THA,NY.GDP.PCAP.CD,2007,3918.52817434581
THA,NY.GDP.PCAP.CD,2006,3331.32043511773
THA,NY.GDP.PCAP.CD,2005,2867.70383436062
THA,NY.GDP.PCAP.CD,2004,2641.56268717857
THA,NY.GDP.PCAP.CD,2003,2347.54001286066
THA,NY.GDP.PCAP.CD,2002,2089.75183111554
THA,NY.GDP.PCAP.CD,2001,1889.93432467144
THA,NY.GDP.PCAP.CD,2000,2005.97694514234
THA,NY.GDP.PCAP.CD,1999,2033.24490520569
THA,NY.GDP.PCAP.CD,1998,1847.70379269771
THA,NY.GDP.PCAP.CD,1997,2473.14096982086
THA,NY.GDP.PCAP.CD,1996,3054.65690806473
THA,NY.GDP.PCAP.CD,1995,2864.36515719866
THA,NY.GDP.PCAP.CD,1994,2517.70732641683
THA,NY.GDP.PCAP.CD,1993,2245.13688708983
THA,NY.GDP.PCAP.CD,1992,1971.60879910694
THA,NY.GDP.PCAP.CD,1991,1765.62267359529
THA,NY.GDP.PCAP.CD,1990,1559.11209344755
THA,NY.GDP.PCAP.CD,1989,1341.72978395303
THA,NY.GDP.PCAP.CD,1988,1164.20096229495
THA,NY.GDP.PCAP.CD,1987,970.452522513385
THA,NY.GDP.PCAP.CD,1986,842.098436226451
THA,NY.GDP.PCAP.CD,1985,773.823923674613
THA,NY.GDP.PCAP.CD,1984,846.934168430884
THA,NY.GDP.PCAP.CD,1983,826.932302137698
THA,NY.GDP.PCAP.CD,1982,770.398953205891
THA,NY.GDP.PCAP.CD,1981,748.156726132308
THA,NY.GDP.PCAP.CD,1980,708.729450091584
THA,NY.GDP.PCAP.CD,1979,612.08876018577
THA,NY.GDP.PCAP.CD,1978,548.233113208345
THA,NY.GDP.PCAP.CD,1977,461.659141640678
THA,NY.GDP.PCAP.CD,1976,405.408734060752
THA,NY.GDP.PCAP.CD,1975,363.526350179478
THA,NY.GDP.PCAP.CD,1974,342.978897633446
THA,NY.GDP.PCAP.CD,1973,278.285062967675
THA,NY.GDP.PCAP.CD,1972,215.582022917854
THA,NY.GDP.PCAP.CD,1971,199.662201986255
THA,NY.GDP.PCAP.CD,1970,197.097903475424
THA,NY.GDP.PCAP.CD,1969,191.438734515692
THA,NY.GDP.PCAP.CD,1968,178.839752885801
THA,NY.GDP.PCAP.CD,1967,170.666971518706
THA,NY.GDP.PCAP.CD,1966,164.533414431069
THA,NY.GDP.PCAP.CD,1965,140.899873696781
THA,NY.GDP.PCAP.CD,1964,128.642226903734
THA,NY.GDP.PCAP.CD,1963,120.658598748696
THA,NY.GDP.PCAP.CD,1962,116.179493337844
THA,NY.GDP.PCAP.CD,1961,109.728794269464
THA,NY.GDP.PCAP.CD,1960,102.814571454958
TLS,NY.GDP.PCAP.CD,2025,
TLS,NY.GDP.PCAP.CD,2024,1331.9705130185
TLS,NY.GDP.PCAP.CD,2023,1502.41147438211
TLS,NY.GDP.PCAP.CD,2022,2343.24954740187
TLS,NY.GDP.PCAP.CD,2021,2684.92676774277
TLS,NY.GDP.PCAP.CD,2020,1630.86938521256
TLS,NY.GDP.PCAP.CD,2019,1562.36458068032
TLS,NY.GDP.PCAP.CD,2018,1219.46599728983
TLS,NY.GDP.PCAP.CD,2017,1266.17771143471
TLS,NY.GDP.PCAP.CD,2016,1335.54391073349
TLS,NY.GDP.PCAP.CD,2015,1319.59295003154
TLS,NY.GDP.PCAP.CD,2014,1224.74956308733
TLS,NY.GDP.PCAP.CD,2013,1204.56843320518
TLS,NY.GDP.PCAP.CD,2012,1022.61906675901
TLS,NY.GDP.PCAP.CD,2011,939.045238884406
TLS,NY.GDP.PCAP.CD,2010,813.060220670369
TLS,NY.GDP.PCAP.CD,2009,686.579329690731
TLS,NY.GDP.PCAP.CD,2008,628.153191495026
TLS,NY.GDP.PCAP.CD,2007,540.154630518785
TLS,NY.GDP.PCAP.CD,2006,464.667016791076
TLS,NY.GDP.PCAP.CD,2005,487.464506929223
TLS,NY.GDP.PCAP.CD,2004,474.420726695663
TLS,NY.GDP.PCAP.CD,2003,534.901171348385
TLS,NY.GDP.PCAP.CD,2002,533.982465942154
TLS,NY.GDP.PCAP.CD,2001,587.700634429079
TLS,NY.GDP.PCAP.CD,2000,492.457637913906
TLS,NY.GDP.PCAP.CD,1999,269.987312761397
TLS,NY.GDP.PCAP.CD,1998,345.59090957317
TLS,NY.GDP.PCAP.CD,1997,348.86424098109
TLS,NY.GDP.PCAP.CD,1996,344.013327625123
TLS,NY.GDP.PCAP.CD,1995,302.736982028369
TLS,NY.GDP.PCAP.CD,1994,283.058000480762
TLS,NY.GDP.PCAP.CD,1993,264.066994790836
TLS,NY.GDP.PCAP.CD,1992,235.064767714477
TLS,NY.GDP.PCAP.CD,1991,189.794649212749
TLS,NY.GDP.PCAP.CD,1990,168.621010199317
TLS,NY.GDP.PCAP.CD,1989,
TLS,NY.GDP.PCAP.CD,1988,
TLS,NY.GDP.PCAP.CD,1987,
TLS,NY.GDP.PCAP.CD,1986,
TLS,NY.GDP.PCAP.CD,1985,
TLS,NY.GDP.PCAP.CD,1984,
TLS,NY.GDP.PCAP.CD,1983,
TLS,NY.GDP.PCAP.CD,1982,
TLS,NY.GDP.PCAP.CD,1981,
TLS,NY.GDP.PCAP.CD,1980,
TLS,NY.GDP.PCAP.CD,1979,
TLS,NY.GDP.PCAP.CD,1978,
TLS,NY.GDP.PCAP.CD,1977,
TLS,NY.GDP.PCAP.CD,1976,
TLS,NY.GDP.PCAP.CD,1975,
TLS,NY.GDP.PCAP.CD,1974,
TLS,NY.GDP.PCAP.CD,1973,
TLS,NY.GDP.PCAP.CD,1972,
TLS,NY.GDP.PCAP.CD,1971,
TLS,NY.GDP.PCAP.CD,1970,
TLS,NY.GDP.PCAP.CD,1969,
TLS,NY.GDP.PCAP.CD,1968,
TLS,NY.GDP.PCAP.CD,1967,
TLS,NY.GDP.PCAP.CD,1966,
TLS,NY.GDP.PCAP.CD,1965,
TLS,NY.GDP.PCAP.CD,1964,
TLS,NY.GDP.PCAP.CD,1963,
TLS,NY.GDP.PCAP.CD,1962,
TLS,NY.GDP.PCAP.CD,1961,
TLS,NY.GDP.PCAP.CD,1960,
TGO,NY.GDP.PCAP.CD,2025,
TGO,NY.GDP.PCAP.CD,2024,1119.38160509429
TGO,NY.GDP.PCAP.CD,2023,1055.01727877926
TGO,NY.GDP.PCAP.CD,2022,951.232378690387
TGO,NY.GDP.PCAP.CD,2021,962.075187515872
TGO,NY.GDP.PCAP.CD,2020,863.468665870276
TGO,NY.GDP.PCAP.CD,2019,826.255209019798
TGO,NY.GDP.PCAP.CD,2018,851.120561233595
TGO,NY.GDP.PCAP.CD,2017,792.765700965864
TGO,NY.GDP.PCAP.CD,2016,772.581357620609
TGO,NY.GDP.PCAP.CD,2015,751.051987587248
TGO,NY.GDP.PCAP.CD,2014,855.584809246574
TGO,NY.GDP.PCAP.CD,2013,826.542799987227
TGO,NY.GDP.PCAP.CD,2012,762.39162379069
TGO,NY.GDP.PCAP.CD,2011,783.988944671672
TGO,NY.GDP.PCAP.CD,2010,704.986772286079
TGO,NY.GDP.PCAP.CD,2009,720.693768151415
TGO,NY.GDP.PCAP.CD,2008,718.948386717473
TGO,NY.GDP.PCAP.CD,2007,607.587886721352
TGO,NY.GDP.PCAP.CD,2006,552.50227125256
TGO,NY.GDP.PCAP.CD,2005,551.259850017077
TGO,NY.GDP.PCAP.CD,2004,560.266308533382
TGO,NY.GDP.PCAP.CD,2003,538.16537776929
TGO,NY.GDP.PCAP.CD,2002,445.238691488925
TGO,NY.GDP.PCAP.CD,2001,396.692654520135
TGO,NY.GDP.PCAP.CD,2000,409.889802792768
TGO,NY.GDP.PCAP.CD,1999,445.291484100954
TGO,NY.GDP.PCAP.CD,1998,461.158245854911
TGO,NY.GDP.PCAP.CD,1997,448.001096915436
TGO,NY.GDP.PCAP.CD,1996,452.068436882428
TGO,NY.GDP.PCAP.CD,1995,419.220334892756
TGO,NY.GDP.PCAP.CD,1994,328.600956079736
TGO,NY.GDP.PCAP.CD,1993,414.013995214907
TGO,NY.GDP.PCAP.CD,1992,564.71733648074
TGO,NY.GDP.PCAP.CD,1991,549.808011573
TGO,NY.GDP.PCAP.CD,1990,575.094511928654
TGO,NY.GDP.PCAP.CD,1989,491.999321055752
TGO,NY.GDP.PCAP.CD,1988,516.536238879357
TGO,NY.GDP.PCAP.CD,1987,482.289598775121
TGO,NY.GDP.PCAP.CD,1986,422.277296555811
TGO,NY.GDP.PCAP.CD,1985,312.867204158294
TGO,NY.GDP.PCAP.CD,1984,304.296330488676
TGO,NY.GDP.PCAP.CD,1983,335.532470799693
TGO,NY.GDP.PCAP.CD,1982,372.494829726432
TGO,NY.GDP.PCAP.CD,1981,451.047897242509
TGO,NY.GDP.PCAP.CD,1980,549.433466591605
TGO,NY.GDP.PCAP.CD,1979,443.461428487243
TGO,NY.GDP.PCAP.CD,1978,420.507009475158
TGO,NY.GDP.PCAP.CD,1977,406.342301359026
TGO,NY.GDP.PCAP.CD,1976,331.595624501807
TGO,NY.GDP.PCAP.CD,1975,338.605700917386
TGO,NY.GDP.PCAP.CD,1974,315.097902810358
TGO,NY.GDP.PCAP.CD,1973,234.418057538789
TGO,NY.GDP.PCAP.CD,1972,198.7610542599
TGO,NY.GDP.PCAP.CD,1971,174.569696910771
TGO,NY.GDP.PCAP.CD,1970,159.778184212523
TGO,NY.GDP.PCAP.CD,1969,174.653254091407
TGO,NY.GDP.PCAP.CD,1968,164.256944901945
TGO,NY.GDP.PCAP.CD,1967,163.944828440613
TGO,NY.GDP.PCAP.CD,1966,159.095922113344
TGO,NY.GDP.PCAP.CD,1965,142.685102972499
TGO,NY.GDP.PCAP.CD,1964,130.069304471372
TGO,NY.GDP.PCAP.CD,1963,114.616211257053
TGO,NY.GDP.PCAP.CD,1962,107.761209503061
TGO,NY.GDP.PCAP.CD,1961,104.830748893841
TGO,NY.GDP.PCAP.CD,1960,102.238985564471
TON,NY.GDP.PCAP.CD,2025,
TON,NY.GDP.PCAP.CD,2024,
TON,NY.GDP.PCAP.CD,2023,5651.59373063157
TON,NY.GDP.PCAP.CD,2022,5298.01941509951
TON,NY.GDP.PCAP.CD,2021,4922.80171378368
TON,NY.GDP.PCAP.CD,2020,4792.35854741522
TON,NY.GDP.PCAP.CD,2019,4788.83342304684
TON,NY.GDP.PCAP.CD,2018,4675.04791274385
TON,NY.GDP.PCAP.CD,2017,4365.92932788383
TON,NY.GDP.PCAP.CD,2016,3987.98626206287
TON,NY.GDP.PCAP.CD,2015,4123.90323993332
TON,NY.GDP.PCAP.CD,2014,4136.59013792529
TON,NY.GDP.PCAP.CD,2013,4219.24670113014
TON,NY.GDP.PCAP.CD,2012,4384.17058724217
TON,NY.GDP.PCAP.CD,2011,3849.99375750134
TON,NY.GDP.PCAP.CD,2010,3416.08356601207
TON,NY.GDP.PCAP.CD,2009,2914.23774004564
TON,NY.GDP.PCAP.CD,2008,3218.45303993196
TON,NY.GDP.PCAP.CD,2007,2797.06560109144
TON,NY.GDP.PCAP.CD,2006,2750.34778600857
TON,NY.GDP.PCAP.CD,2005,2477.72620144825
TON,NY.GDP.PCAP.CD,2004,2195.44890047673
TON,NY.GDP.PCAP.CD,2003,1936.04104012389
TON,NY.GDP.PCAP.CD,2002,1759.4805324576
TON,NY.GDP.PCAP.CD,2001,1753.51667576626
TON,NY.GDP.PCAP.CD,2000,1995.07667546271
TON,NY.GDP.PCAP.CD,1999,1952.14626248861
TON,NY.GDP.PCAP.CD,1998,1888.83194028282
TON,NY.GDP.PCAP.CD,1997,2135.52111086276
TON,NY.GDP.PCAP.CD,1996,2214.91474789811
TON,NY.GDP.PCAP.CD,1995,2084.02759539718
TON,NY.GDP.PCAP.CD,1994,1956.66180354821
TON,NY.GDP.PCAP.CD,1993,1383.47386584881
TON,NY.GDP.PCAP.CD,1992,1370.36142598699
TON,NY.GDP.PCAP.CD,1991,1323.40098550339
TON,NY.GDP.PCAP.CD,1990,1139.0553819198
TON,NY.GDP.PCAP.CD,1989,1069.83546760253
TON,NY.GDP.PCAP.CD,1988,1077.6835915018
TON,NY.GDP.PCAP.CD,1987,830.153019585043
TON,NY.GDP.PCAP.CD,1986,695.805077185729
TON,NY.GDP.PCAP.CD,1985,612.943575629463
TON,NY.GDP.PCAP.CD,1984,655.66235882708
TON,NY.GDP.PCAP.CD,1983,621.073531745178
TON,NY.GDP.PCAP.CD,1982,633.477863554833
TON,NY.GDP.PCAP.CD,1981,635.712889829014
TON,NY.GDP.PCAP.CD,1980,544.754241437563
TON,NY.GDP.PCAP.CD,1979,457.916448085709
TON,NY.GDP.PCAP.CD,1978,427.631287521076
TON,NY.GDP.PCAP.CD,1977,352.953092694597
TON,NY.GDP.PCAP.CD,1976,315.094854046623
TON,NY.GDP.PCAP.CD,1975,349.470975414391
TON,NY.GDP.PCAP.CD,1974,
TON,NY.GDP.PCAP.CD,1973,
TON,NY.GDP.PCAP.CD,1972,
TON,NY.GDP.PCAP.CD,1971,
TON,NY.GDP.PCAP.CD,1970,
TON,NY.GDP.PCAP.CD,1969,
TON,NY.GDP.PCAP.CD,1968,
TON,NY.GDP.PCAP.CD,1967,
TON,NY.GDP.PCAP.CD,1966,
TON,NY.GDP.PCAP.CD,1965,
TON,NY.GDP.PCAP.CD,1964,
TON,NY.GDP.PCAP.CD,1963,
TON,NY.GDP.PCAP.CD,1962,
TON,NY.GDP.PCAP.CD,1961,
TON,NY.GDP.PCAP.CD,1960,
TTO,NY.GDP.PCAP.CD,2025,
TTO,NY.GDP.PCAP.CD,2024,18733.4110406494
TTO,NY.GDP.PCAP.CD,2023,18308.4536298575
TTO,NY.GDP.PCAP.CD,2022,20750.5202434652
TTO,NY.GDP.PCAP.CD,2021,17712.5674104655
TTO,NY.GDP.PCAP.CD,2020,15283.6270531554
TTO,NY.GDP.PCAP.CD,2019,17212.6128892163
TTO,NY.GDP.PCAP.CD,2018,17571.498737278
TTO,NY.GDP.PCAP.CD,2017,17566.0999700656
TTO,NY.GDP.PCAP.CD,2016,17449.1538801956
TTO,NY.GDP.PCAP.CD,2015,19887.2327716498
TTO,NY.GDP.PCAP.CD,2014,21908.3014555644
TTO,NY.GDP.PCAP.CD,2013,21304.9777496628
TTO,NY.GDP.PCAP.CD,2012,20332.1389531925
TTO,NY.GDP.PCAP.CD,2011,19151.0870229722
TTO,NY.GDP.PCAP.CD,2010,16815.424737361
TTO,NY.GDP.PCAP.CD,2009,14634.0565003912
TTO,NY.GDP.PCAP.CD,2008,21298.9945258063
TTO,NY.GDP.PCAP.CD,2007,16606.675360681
TTO,NY.GDP.PCAP.CD,2006,14152.6607422113
TTO,NY.GDP.PCAP.CD,2005,12346.4373094075
TTO,NY.GDP.PCAP.CD,2004,9871.03419820086
TTO,NY.GDP.PCAP.CD,2003,8445.04653518298
TTO,NY.GDP.PCAP.CD,2002,6762.93080808096
TTO,NY.GDP.PCAP.CD,2001,6657.41466937221
TTO,NY.GDP.PCAP.CD,2000,6178.58975559687
TTO,NY.GDP.PCAP.CD,1999,5179.08350809274
TTO,NY.GDP.PCAP.CD,1998,4612.70900312686
TTO,NY.GDP.PCAP.CD,1997,4393.94496943068
TTO,NY.GDP.PCAP.CD,1996,4427.27832448289
TTO,NY.GDP.PCAP.CD,1995,4114.68908475464
TTO,NY.GDP.PCAP.CD,1994,3839.96290233114
TTO,NY.GDP.PCAP.CD,1993,3646.71231742803
TTO,NY.GDP.PCAP.CD,1992,4277.47436935604
TTO,NY.GDP.PCAP.CD,1991,4205.37778348016
TTO,NY.GDP.PCAP.CD,1990,4047.25093594674
TTO,NY.GDP.PCAP.CD,1989,3481.84505761067
TTO,NY.GDP.PCAP.CD,1988,3655.81977035897
TTO,NY.GDP.PCAP.CD,1987,3941.12013972631
TTO,NY.GDP.PCAP.CD,1986,3984.99609719733
TTO,NY.GDP.PCAP.CD,1985,6212.00065299742
TTO,NY.GDP.PCAP.CD,1984,6613.11947420709
TTO,NY.GDP.PCAP.CD,1983,6689.80831238034
TTO,NY.GDP.PCAP.CD,1982,7091.40621892043
TTO,NY.GDP.PCAP.CD,1981,6159.70947284839
TTO,NY.GDP.PCAP.CD,1980,5559.05209507101
TTO,NY.GDP.PCAP.CD,1979,4155.1594201721
TTO,NY.GDP.PCAP.CD,1978,3258.0927567116
TTO,NY.GDP.PCAP.CD,1977,2907.3734770717
TTO,NY.GDP.PCAP.CD,1976,2344.93028321949
TTO,NY.GDP.PCAP.CD,1975,2318.69169815563
TTO,NY.GDP.PCAP.CD,1974,1962.02689234886
TTO,NY.GDP.PCAP.CD,1973,1273.3221357336
TTO,NY.GDP.PCAP.CD,1972,1067.46412567566
TTO,NY.GDP.PCAP.CD,1971,894.45305348288
TTO,NY.GDP.PCAP.CD,1970,828.919857464313
TTO,NY.GDP.PCAP.CD,1969,794.529655166788
TTO,NY.GDP.PCAP.CD,1968,783.173633599792
TTO,NY.GDP.PCAP.CD,1967,796.703860051473
TTO,NY.GDP.PCAP.CD,1966,767.537870840813
TTO,NY.GDP.PCAP.CD,1965,793.357738715678
TTO,NY.GDP.PCAP.CD,1964,779.766014894579
TTO,NY.GDP.PCAP.CD,1963,756.284906625836
TTO,NY.GDP.PCAP.CD,1962,703.620804079905
TTO,NY.GDP.PCAP.CD,1961,677.713824022157
TTO,NY.GDP.PCAP.CD,1960,633.975608394336
TUN,NY.GDP.PCAP.CD,2025,
TUN,NY.GDP.PCAP.CD,2024,4181.13789301228
TUN,NY.GDP.PCAP.CD,2023,3951.11683376921
TUN,NY.GDP.PCAP.CD,2022,3707.29283414381
TUN,NY.GDP.PCAP.CD,2021,3906.93926319391
TUN,NY.GDP.PCAP.CD,2020,3548.65363663803
TUN,NY.GDP.PCAP.CD,2019,3528.87213306798
TUN,NY.GDP.PCAP.CD,2018,3628.10366464236
TUN,NY.GDP.PCAP.CD,2017,3619.03247319953
TUN,NY.GDP.PCAP.CD,2016,3847.80354448809
TUN,NY.GDP.PCAP.CD,2015,4014.94773686432
TUN,NY.GDP.PCAP.CD,2014,4458.97895464547
TUN,NY.GDP.PCAP.CD,2013,4369.79345826358
TUN,NY.GDP.PCAP.CD,2012,4297.26782454273
TUN,NY.GDP.PCAP.CD,2011,4420.64772206537
TUN,NY.GDP.PCAP.CD,2010,4291.86120891575
TUN,NY.GDP.PCAP.CD,2009,4080.09032448781
TUN,NY.GDP.PCAP.CD,2008,4255.05008019523
TUN,NY.GDP.PCAP.CD,2007,3726.91672935667
TUN,NY.GDP.PCAP.CD,2006,3322.56933570096
TUN,NY.GDP.PCAP.CD,2005,3146.8260743927
TUN,NY.GDP.PCAP.CD,2004,3067.41936376975
TUN,NY.GDP.PCAP.CD,2003,2725.8643148859
TUN,NY.GDP.PCAP.CD,2002,2320.7723805785
TUN,NY.GDP.PCAP.CD,2001,2235.71981624751
TUN,NY.GDP.PCAP.CD,2000,2199.04465936314
TUN,NY.GDP.PCAP.CD,1999,2376.06566791596
TUN,NY.GDP.PCAP.CD,1998,2285.01933541864
TUN,NY.GDP.PCAP.CD,1997,2202.06090620956
TUN,NY.GDP.PCAP.CD,1996,2107.40815649257
TUN,NY.GDP.PCAP.CD,1995,1968.16600944373
TUN,NY.GDP.PCAP.CD,1994,1733.46614673506
TUN,NY.GDP.PCAP.CD,1993,1649.18537309075
TUN,NY.GDP.PCAP.CD,1992,1784.81850188268
TUN,NY.GDP.PCAP.CD,1991,1537.87916511306
TUN,NY.GDP.PCAP.CD,1990,1476.43160477311
TUN,NY.GDP.PCAP.CD,1989,1239.23860226784
TUN,NY.GDP.PCAP.CD,1988,1266.07583258953
TUN,NY.GDP.PCAP.CD,1987,1244.76663577347
TUN,NY.GDP.PCAP.CD,1986,1186.50651525734
TUN,NY.GDP.PCAP.CD,1985,1134.99813055736
TUN,NY.GDP.PCAP.CD,1984,1143.2812867658
TUN,NY.GDP.PCAP.CD,1983,1183.8417233031
TUN,NY.GDP.PCAP.CD,1982,1177.30518554913
TUN,NY.GDP.PCAP.CD,1981,1247.12801268551
TUN,NY.GDP.PCAP.CD,1980,1323.62643763339
TUN,NY.GDP.PCAP.CD,1979,1113.44445018775
TUN,NY.GDP.PCAP.CD,1978,945.964678061001
TUN,NY.GDP.PCAP.CD,1977,829.983963323177
TUN,NY.GDP.PCAP.CD,1976,751.741946408618
TUN,NY.GDP.PCAP.CD,1975,741.35491566103
TUN,NY.GDP.PCAP.CD,1974,623.75935280482
TUN,NY.GDP.PCAP.CD,1973,493.172121667472
TUN,NY.GDP.PCAP.CD,1972,414.626612581104
TUN,NY.GDP.PCAP.CD,1971,320.272102901124
TUN,NY.GDP.PCAP.CD,1970,280.476910228346
TUN,NY.GDP.PCAP.CD,1969,257.738832521682
TUN,NY.GDP.PCAP.CD,1968,248.91225549272
TUN,NY.GDP.PCAP.CD,1967,228.044765187406
TUN,NY.GDP.PCAP.CD,1966,223.750680246593
TUN,NY.GDP.PCAP.CD,1965,217.269013478937
TUN,NY.GDP.PCAP.CD,1964,228.484793689273
TUN,NY.GDP.PCAP.CD,1963,231.91940785127
TUN,NY.GDP.PCAP.CD,1962,201.419166932165
TUN,NY.GDP.PCAP.CD,1961,200.671835449762
TUN,NY.GDP.PCAP.CD,1960,
TUR,NY.GDP.PCAP.CD,2025,
TUR,NY.GDP.PCAP.CD,2024,15892.7157287241
TUR,NY.GDP.PCAP.CD,2023,13375.0947282864
TUR,NY.GDP.PCAP.CD,2022,10897.8397861365
TUR,NY.GDP.PCAP.CD,2021,9981.76398411336
TUR,NY.GDP.PCAP.CD,2020,8798.11791709313
TUR,NY.GDP.PCAP.CD,2019,9395.23378001368
TUR,NY.GDP.PCAP.CD,2018,9684.11819884721
TUR,NY.GDP.PCAP.CD,2017,10756.3877677883
TUR,NY.GDP.PCAP.CD,2016,10984.3643169061
TUR,NY.GDP.PCAP.CD,2015,11064.6494504662
TUR,NY.GDP.PCAP.CD,2014,12209.3862327674
TUR,NY.GDP.PCAP.CD,2013,12635.5570016068
TUR,NY.GDP.PCAP.CD,2012,11776.7593362033
TUR,NY.GDP.PCAP.CD,2011,11373.6355760885
TUR,NY.GDP.PCAP.CD,2010,10698.9699409757
TUR,NY.GDP.PCAP.CD,2009,9076.92472236977
TUR,NY.GDP.PCAP.CD,2008,10913.4079047769
TUR,NY.GDP.PCAP.CD,2007,9766.91734545294
TUR,NY.GDP.PCAP.CD,2006,7990.08251407245
TUR,NY.GDP.PCAP.CD,2005,7331.85429430255
TUR,NY.GDP.PCAP.CD,2004,5979.6054216148
TUR,NY.GDP.PCAP.CD,2003,4649.63668068586
TUR,NY.GDP.PCAP.CD,2002,3591.08628982587
TUR,NY.GDP.PCAP.CD,2001,3052.2256706793
TUR,NY.GDP.PCAP.CD,2000,4199.3798635759
TUR,NY.GDP.PCAP.CD,1999,3973.77763854116
TUR,NY.GDP.PCAP.CD,1998,4331.02761275037
TUR,NY.GDP.PCAP.CD,1997,4197.37636165642
TUR,NY.GDP.PCAP.CD,1996,4041.36210281686
TUR,NY.GDP.PCAP.CD,1995,3845.98997887841
TUR,NY.GDP.PCAP.CD,1994,2176.2801813809
TUR,NY.GDP.PCAP.CD,1993,3057.93737480422
TUR,NY.GDP.PCAP.CD,1992,2743.65320297936
TUR,NY.GDP.PCAP.CD,1991,2649.27259974439
TUR,NY.GDP.PCAP.CD,1990,2689.52621921233
TUR,NY.GDP.PCAP.CD,1989,1948.59179454794
TUR,NY.GDP.PCAP.CD,1988,1685.69479240535
TUR,NY.GDP.PCAP.CD,1987,1649.96264794402
TUR,NY.GDP.PCAP.CD,1986,1461.49658654754
TUR,NY.GDP.PCAP.CD,1985,1326.42701445307
TUR,NY.GDP.PCAP.CD,1984,1209.05149383313
TUR,NY.GDP.PCAP.CD,1983,1275.68337617131
TUR,NY.GDP.PCAP.CD,1982,1360.23825219775
TUR,NY.GDP.PCAP.CD,1981,1536.66562064101
TUR,NY.GDP.PCAP.CD,1980,1515.64589850068
TUR,NY.GDP.PCAP.CD,1979,2013.37374286503
TUR,NY.GDP.PCAP.CD,1978,1510.18531064944
TUR,NY.GDP.PCAP.CD,1977,1371.96185651463
TUR,NY.GDP.PCAP.CD,1976,1227.92409658199
TUR,NY.GDP.PCAP.CD,1975,1121.54326914976
TUR,NY.GDP.PCAP.CD,1974,880.728167716848
TUR,NY.GDP.PCAP.CD,1973,661.080821885172
TUR,NY.GDP.PCAP.CD,1972,537.337529232528
TUR,NY.GDP.PCAP.CD,1971,430.897259673783
TUR,NY.GDP.PCAP.CD,1970,487.565086682435
TUR,NY.GDP.PCAP.CD,1969,543.947401329478
TUR,NY.GDP.PCAP.CD,1968,501.12130904111
TUR,NY.GDP.PCAP.CD,1967,459.449369053159
TUR,NY.GDP.PCAP.CD,1966,424.984610131778
TUR,NY.GDP.PCAP.CD,1965,369.967082204625
TUR,NY.GDP.PCAP.CD,1964,354.365541117168
TUR,NY.GDP.PCAP.CD,1963,337.019856859205
TUR,NY.GDP.PCAP.CD,1962,298.241020884883
TUR,NY.GDP.PCAP.CD,1961,274.350890943262
TUR,NY.GDP.PCAP.CD,1960,267.091207552765
TKM,NY.GDP.PCAP.CD,2025,
TKM,NY.GDP.PCAP.CD,2024,6856.65802730208
TKM,NY.GDP.PCAP.CD,2023,6231.91323839698
TKM,NY.GDP.PCAP.CD,2022,5837.84224538947
TKM,NY.GDP.PCAP.CD,2021,5723.30227157906
TKM,NY.GDP.PCAP.CD,2020,5972.72356566861
TKM,NY.GDP.PCAP.CD,2019,5998.0017434754
TKM,NY.GDP.PCAP.CD,2018,6125.05169712085
TKM,NY.GDP.PCAP.CD,2017,5828.4816623489
TKM,NY.GDP.PCAP.CD,2016,5686.98040962764
TKM,NY.GDP.PCAP.CD,2015,5759.497903834
TKM,NY.GDP.PCAP.CD,2014,7164.14536184006
TKM,NY.GDP.PCAP.CD,2013,6599.64529055481
TKM,NY.GDP.PCAP.CD,2012,6053.8748468749
TKM,NY.GDP.PCAP.CD,2011,5143.61929334647
TKM,NY.GDP.PCAP.CD,2010,4058.53937000739
TKM,NY.GDP.PCAP.CD,2009,3707.97850699617
TKM,NY.GDP.PCAP.CD,2008,3605.50395120549
TKM,NY.GDP.PCAP.CD,2007,2414.96071986964
TKM,NY.GDP.PCAP.CD,2006,1996.59310717308
TKM,NY.GDP.PCAP.CD,2005,1604.01618452312
TKM,NY.GDP.PCAP.CD,2004,1379.23009682692
TKM,NY.GDP.PCAP.CD,2003,1228.94870289404
TKM,NY.GDP.PCAP.CD,2002,935.540801478466
TKM,NY.GDP.PCAP.CD,2001,756.034976276398
TKM,NY.GDP.PCAP.CD,2000,633.835487638011
TKM,NY.GDP.PCAP.CD,1999,545.519003106054
TKM,NY.GDP.PCAP.CD,1998,590.791293266381
TKM,NY.GDP.PCAP.CD,1997,565.022638048501
TKM,NY.GDP.PCAP.CD,1996,557.894220051334
TKM,NY.GDP.PCAP.CD,1995,592.247247321132
TKM,NY.GDP.PCAP.CD,1994,622.13478015809
TKM,NY.GDP.PCAP.CD,1993,788.418914207107
TKM,NY.GDP.PCAP.CD,1992,811.354156451902
TKM,NY.GDP.PCAP.CD,1991,831.99873207474
TKM,NY.GDP.PCAP.CD,1990,848.155047388424
TKM,NY.GDP.PCAP.CD,1989,821.029864511916
TKM,NY.GDP.PCAP.CD,1988,845.932942002334
TKM,NY.GDP.PCAP.CD,1987,675.221678074412
TKM,NY.GDP.PCAP.CD,1986,
TKM,NY.GDP.PCAP.CD,1985,
TKM,NY.GDP.PCAP.CD,1984,
TKM,NY.GDP.PCAP.CD,1983,
TKM,NY.GDP.PCAP.CD,1982,
TKM,NY.GDP.PCAP.CD,1981,
TKM,NY.GDP.PCAP.CD,1980,
TKM,NY.GDP.PCAP.CD,1979,
TKM,NY.GDP.PCAP.CD,1978,
TKM,NY.GDP.PCAP.CD,1977,
TKM,NY.GDP.PCAP.CD,1976,
TKM,NY.GDP.PCAP.CD,1975,
TKM,NY.GDP.PCAP.CD,1974,
TKM,NY.GDP.PCAP.CD,1973,
TKM,NY.GDP.PCAP.CD,1972,
TKM,NY.GDP.PCAP.CD,1971,
TKM,NY.GDP.PCAP.CD,1970,
TKM,NY.GDP.PCAP.CD,1969,
TKM,NY.GDP.PCAP.CD,1968,
TKM,NY.GDP.PCAP.CD,1967,
TKM,NY.GDP.PCAP.CD,1966,
TKM,NY.GDP.PCAP.CD,1965,
TKM,NY.GDP.PCAP.CD,1964,
TKM,NY.GDP.PCAP.CD,1963,
TKM,NY.GDP.PCAP.CD,1962,
TKM,NY.GDP.PCAP.CD,1961,
TKM,NY.GDP.PCAP.CD,1960,
TCA,NY.GDP.PCAP.CD,2025,
TCA,NY.GDP.PCAP.CD,2024,37506.7798431288
TCA,NY.GDP.PCAP.CD,2023,35470.2151608295
TCA,NY.GDP.PCAP.CD,2022,31280.5418020808
TCA,NY.GDP.PCAP.CD,2021,27329.2885087196
TCA,NY.GDP.PCAP.CD,2020,20690.9160546118
TCA,NY.GDP.PCAP.CD,2019,31780.5217068989
TCA,NY.GDP.PCAP.CD,2018,31625.616593277
TCA,NY.GDP.PCAP.CD,2017,30014.2309523213
TCA,NY.GDP.PCAP.CD,2016,31373.5612684327
TCA,NY.GDP.PCAP.CD,2015,29457.0140691162
TCA,NY.GDP.PCAP.CD,2014,27292.5820256776
TCA,NY.GDP.PCAP.CD,2013,25653.819867471
TCA,NY.GDP.PCAP.CD,2012,25923.6156503875
TCA,NY.GDP.PCAP.CD,2011,27327.4006354146
TCA,NY.GDP.PCAP.CD,2010,23093.8498268267
TCA,NY.GDP.PCAP.CD,2009,24596.8938015951
TCA,NY.GDP.PCAP.CD,2008,31453.8228752689
TCA,NY.GDP.PCAP.CD,2007,29443.8523030072
TCA,NY.GDP.PCAP.CD,2006,28734.2873064523
TCA,NY.GDP.PCAP.CD,2005,24122.3028180757
TCA,NY.GDP.PCAP.CD,2004,21246.00980049
TCA,NY.GDP.PCAP.CD,2003,18859.1890274773
TCA,NY.GDP.PCAP.CD,2002,17803.9471767733
TCA,NY.GDP.PCAP.CD,2001,18325.7458111974
TCA,NY.GDP.PCAP.CD,2000,
TCA,NY.GDP.PCAP.CD,1999,
TCA,NY.GDP.PCAP.CD,1998,
TCA,NY.GDP.PCAP.CD,1997,
TCA,NY.GDP.PCAP.CD,1996,
TCA,NY.GDP.PCAP.CD,1995,
TCA,NY.GDP.PCAP.CD,1994,
TCA,NY.GDP.PCAP.CD,1993,
TCA,NY.GDP.PCAP.CD,1992,
TCA,NY.GDP.PCAP.CD,1991,
TCA,NY.GDP.PCAP.CD,1990,
TCA,NY.GDP.PCAP.CD,1989,
TCA,NY.GDP.PCAP.CD,1988,
TCA,NY.GDP.PCAP.CD,1987,
TCA,NY.GDP.PCAP.CD,1986,
TCA,NY.GDP.PCAP.CD,1985,
TCA,NY.GDP.PCAP.CD,1984,
TCA,NY.GDP.PCAP.CD,1983,
TCA,NY.GDP.PCAP.CD,1982,
TCA,NY.GDP.PCAP.CD,1981,
TCA,NY.GDP.PCAP.CD,1980,
TCA,NY.GDP.PCAP.CD,1979,
TCA,NY.GDP.PCAP.CD,1978,
TCA,NY.GDP.PCAP.CD,1977,
TCA,NY.GDP.PCAP.CD,1976,
TCA,NY.GDP.PCAP.CD,1975,
TCA,NY.GDP.PCAP.CD,1974,
TCA,NY.GDP.PCAP.CD,1973,
TCA,NY.GDP.PCAP.CD,1972,
TCA,NY.GDP.PCAP.CD,1971,
TCA,NY.GDP.PCAP.CD,1970,
TCA,NY.GDP.PCAP.CD,1969,
TCA,NY.GDP.PCAP.CD,1968,
TCA,NY.GDP.PCAP.CD,1967,
TCA,NY.GDP.PCAP.CD,1966,
TCA,NY.GDP.PCAP.CD,1965,
TCA,NY.GDP.PCAP.CD,1964,
TCA,NY.GDP.PCAP.CD,1963,
TCA,NY.GDP.PCAP.CD,1962,
TCA,NY.GDP.PCAP.CD,1961,
TCA,NY.GDP.PCAP.CD,1960,
TUV,NY.GDP.PCAP.CD,2025,
TUV,NY.GDP.PCAP.CD,2024,
TUV,NY.GDP.PCAP.CD,2023,6344.7750188689
TUV,NY.GDP.PCAP.CD,2022,5911.32727055301
TUV,NY.GDP.PCAP.CD,2021,5905.08198095343
TUV,NY.GDP.PCAP.CD,2020,4976.11254109571
TUV,NY.GDP.PCAP.CD,2019,5115.13075950206
TUV,NY.GDP.PCAP.CD,2018,4466.12034928245
TUV,NY.GDP.PCAP.CD,2017,4165.66338700106
TUV,NY.GDP.PCAP.CD,2016,3808.69755015909
TUV,NY.GDP.PCAP.CD,2015,3357.83417700071
TUV,NY.GDP.PCAP.CD,2014,3528.85858102782
TUV,NY.GDP.PCAP.CD,2013,3510.21640142483
TUV,NY.GDP.PCAP.CD,2012,3598.46163091053
TUV,NY.GDP.PCAP.CD,2011,3636.08139989792
TUV,NY.GDP.PCAP.CD,2010,3024.8170790571
TUV,NY.GDP.PCAP.CD,2009,2683.96749549583
TUV,NY.GDP.PCAP.CD,2008,3088.30877413836
TUV,NY.GDP.PCAP.CD,2007,2794.16310084119
TUV,NY.GDP.PCAP.CD,2006,2396.26844307702
TUV,NY.GDP.PCAP.CD,2005,2304.82694329052
TUV,NY.GDP.PCAP.CD,2004,2322.56265072892
TUV,NY.GDP.PCAP.CD,2003,2006.84249941442
TUV,NY.GDP.PCAP.CD,2002,1750.25175052348
TUV,NY.GDP.PCAP.CD,2001,1456.78409421177
TUV,NY.GDP.PCAP.CD,2000,1579.41906275542
TUV,NY.GDP.PCAP.CD,1999,1558.60396569869
TUV,NY.GDP.PCAP.CD,1998,1459.64937141718
TUV,NY.GDP.PCAP.CD,1997,1461.08618049276
TUV,NY.GDP.PCAP.CD,1996,1427.80960501753
TUV,NY.GDP.PCAP.CD,1995,1284.76446104166
TUV,NY.GDP.PCAP.CD,1994,1278.65870076399
TUV,NY.GDP.PCAP.CD,1993,1141.17904410247
TUV,NY.GDP.PCAP.CD,1992,1165.63710360353
TUV,NY.GDP.PCAP.CD,1991,1134.33175551477
TUV,NY.GDP.PCAP.CD,1990,1084.66707221699
TUV,NY.GDP.PCAP.CD,1989,976.047477175313
TUV,NY.GDP.PCAP.CD,1988,823.087505442832
TUV,NY.GDP.PCAP.CD,1987,599.750746530394
TUV,NY.GDP.PCAP.CD,1986,556.736790985481
TUV,NY.GDP.PCAP.CD,1985,480.095933768573
TUV,NY.GDP.PCAP.CD,1984,567.195381239419
TUV,NY.GDP.PCAP.CD,1983,533.130094256608
TUV,NY.GDP.PCAP.CD,1982,537.440652615639
TUV,NY.GDP.PCAP.CD,1981,634.203764501491
TUV,NY.GDP.PCAP.CD,1980,571.0192959143
TUV,NY.GDP.PCAP.CD,1979,565.932549315669
TUV,NY.GDP.PCAP.CD,1978,546.037352781083
TUV,NY.GDP.PCAP.CD,1977,548.821356812662
TUV,NY.GDP.PCAP.CD,1976,611.972553080204
TUV,NY.GDP.PCAP.CD,1975,656.326312583979
TUV,NY.GDP.PCAP.CD,1974,708.060574746717
TUV,NY.GDP.PCAP.CD,1973,600.583601271126
TUV,NY.GDP.PCAP.CD,1972,521.514044962269
TUV,NY.GDP.PCAP.CD,1971,477.922530255047
TUV,NY.GDP.PCAP.CD,1970,456.640627603398
TUV,NY.GDP.PCAP.CD,1969,
TUV,NY.GDP.PCAP.CD,1968,
TUV,NY.GDP.PCAP.CD,1967,
TUV,NY.GDP.PCAP.CD,1966,
TUV,NY.GDP.PCAP.CD,1965,
TUV,NY.GDP.PCAP.CD,1964,
TUV,NY.GDP.PCAP.CD,1963,
TUV,NY.GDP.PCAP.CD,1962,
TUV,NY.GDP.PCAP.CD,1961,
TUV,NY.GDP.PCAP.CD,1960,
UGA,NY.GDP.PCAP.CD,2025,
UGA,NY.GDP.PCAP.CD,2024,1077.91278452817
UGA,NY.GDP.PCAP.CD,2023,1002.30913917142
UGA,NY.GDP.PCAP.CD,2022,963.067314117178
UGA,NY.GDP.PCAP.CD,2021,882.791717542504
UGA,NY.GDP.PCAP.CD,2020,845.766463890124
UGA,NY.GDP.PCAP.CD,2019,822.171150036357
UGA,NY.GDP.PCAP.CD,2018,792.16570022814
UGA,NY.GDP.PCAP.CD,2017,765.218332297361
UGA,NY.GDP.PCAP.CD,2016,752.696571725656
UGA,NY.GDP.PCAP.CD,2015,862.934610355811
UGA,NY.GDP.PCAP.CD,2014,896.054795546394
UGA,NY.GDP.PCAP.CD,2013,818.285427416713
UGA,NY.GDP.PCAP.CD,2012,795.222867553127
UGA,NY.GDP.PCAP.CD,2011,835.620060555838
UGA,NY.GDP.PCAP.CD,2010,823.488144282
UGA,NY.GDP.PCAP.CD,2009,798.947089938247
UGA,NY.GDP.PCAP.CD,2008,472.842681495852
UGA,NY.GDP.PCAP.CD,2007,401.389130865581
UGA,NY.GDP.PCAP.CD,2006,346.518255310647
UGA,NY.GDP.PCAP.CD,2005,330.405402707025
UGA,NY.GDP.PCAP.CD,2004,292.38185796262
UGA,NY.GDP.PCAP.CD,2003,250.71543664681
UGA,NY.GDP.PCAP.CD,2002,241.984688408335
UGA,NY.GDP.PCAP.CD,2001,236.021188853993
UGA,NY.GDP.PCAP.CD,2000,258.050338731086
UGA,NY.GDP.PCAP.CD,1999,257.921949601357
UGA,NY.GDP.PCAP.CD,1998,292.453037058835
UGA,NY.GDP.PCAP.CD,1997,286.846637912964
UGA,NY.GDP.PCAP.CD,1996,284.698259285733
UGA,NY.GDP.PCAP.CD,1995,278.520835668767
UGA,NY.GDP.PCAP.CD,1994,198.441987998795
UGA,NY.GDP.PCAP.CD,1993,165.616476211716
UGA,NY.GDP.PCAP.CD,1992,152.113542415537
UGA,NY.GDP.PCAP.CD,1991,182.955897348348
UGA,NY.GDP.PCAP.CD,1990,244.987168126806
UGA,NY.GDP.PCAP.CD,1989,310.186025249445
UGA,NY.GDP.PCAP.CD,1988,395.187660960924
UGA,NY.GDP.PCAP.CD,1987,392.97074320479
UGA,NY.GDP.PCAP.CD,1986,253.643058810817
UGA,NY.GDP.PCAP.CD,1985,234.276502777526
UGA,NY.GDP.PCAP.CD,1984,247.516937638636
UGA,NY.GDP.PCAP.CD,1983,157.527216922525
UGA,NY.GDP.PCAP.CD,1982,156.952422909331
UGA,NY.GDP.PCAP.CD,1981,98.6467550654109
UGA,NY.GDP.PCAP.CD,1980,93.7506991135184
UGA,NY.GDP.PCAP.CD,1979,164.513012181127
UGA,NY.GDP.PCAP.CD,1978,190.690145097606
UGA,NY.GDP.PCAP.CD,1977,237.584889064205
UGA,NY.GDP.PCAP.CD,1976,203.309813650809
UGA,NY.GDP.PCAP.CD,1975,201.237292844799
UGA,NY.GDP.PCAP.CD,1974,183.71757196626
UGA,NY.GDP.PCAP.CD,1973,152.709417587824
UGA,NY.GDP.PCAP.CD,1972,136.964736487473
UGA,NY.GDP.PCAP.CD,1971,133.468088316131
UGA,NY.GDP.PCAP.CD,1970,122.030929585629
UGA,NY.GDP.PCAP.CD,1969,116.682296330854
UGA,NY.GDP.PCAP.CD,1968,106.851228104531
UGA,NY.GDP.PCAP.CD,1967,102.80034732844
UGA,NY.GDP.PCAP.CD,1966,101.435414620908
UGA,NY.GDP.PCAP.CD,1965,99.9527652325075
UGA,NY.GDP.PCAP.CD,1964,68.6259930194368
UGA,NY.GDP.PCAP.CD,1963,61.9553768191835
UGA,NY.GDP.PCAP.CD,1962,55.5048704604887
UGA,NY.GDP.PCAP.CD,1961,56.1759278091596
UGA,NY.GDP.PCAP.CD,1960,55.3784976132181
UKR,NY.GDP.PCAP.CD,2025,
UKR,NY.GDP.PCAP.CD,2024,5389.47314453125
UKR,NY.GDP.PCAP.CD,2023,5139.59814453125
UKR,NY.GDP.PCAP.CD,2022,4199.6708984375
UKR,NY.GDP.PCAP.CD,2021,4775.94580078125
UKR,NY.GDP.PCAP.CD,2020,3709.76928710938
UKR,NY.GDP.PCAP.CD,2019,3619.86157226563
UKR,NY.GDP.PCAP.CD,2018,3059.0517578125
UKR,NY.GDP.PCAP.CD,2017,2604.28759765625
UKR,NY.GDP.PCAP.CD,2016,2158.46118164063
UKR,NY.GDP.PCAP.CD,2015,2094.47387695313
UKR,NY.GDP.PCAP.CD,2014,3054.908203125
UKR,NY.GDP.PCAP.CD,2013,4129.89697265625
UKR,NY.GDP.PCAP.CD,2012,3951.34228515625
UKR,NY.GDP.PCAP.CD,2011,3656.69799804688
UKR,NY.GDP.PCAP.CD,2010,3039.63232421875
UKR,NY.GDP.PCAP.CD,2009,2607.08764648438
UKR,NY.GDP.PCAP.CD,2008,4017.806640625
UKR,NY.GDP.PCAP.CD,2007,3160.32763671875
UKR,NY.GDP.PCAP.CD,2006,2366.494140625
UKR,NY.GDP.PCAP.CD,2005,1875.33508300781
UKR,NY.GDP.PCAP.CD,2004,1401.01806640625
UKR,NY.GDP.PCAP.CD,2003,1076.48156738281
UKR,NY.GDP.PCAP.CD,2002,903.011901855469
UKR,NY.GDP.PCAP.CD,2001,800.49072265625
UKR,NY.GDP.PCAP.CD,2000,653.294311523438
UKR,NY.GDP.PCAP.CD,1999,631.910461425781
UKR,NY.GDP.PCAP.CD,1998,831.336791992188
UKR,NY.GDP.PCAP.CD,1997,987.489807128906
UKR,NY.GDP.PCAP.CD,1996,869.846069335938
UKR,NY.GDP.PCAP.CD,1995,933.191772460938
UKR,NY.GDP.PCAP.CD,1994,1009.09405517578
UKR,NY.GDP.PCAP.CD,1993,1254.02868652344
UKR,NY.GDP.PCAP.CD,1992,1413.24011230469
UKR,NY.GDP.PCAP.CD,1991,1482.6396484375
UKR,NY.GDP.PCAP.CD,1990,1563.63415527344
UKR,NY.GDP.PCAP.CD,1989,1593.07861328125
UKR,NY.GDP.PCAP.CD,1988,1444.248046875
UKR,NY.GDP.PCAP.CD,1987,1244.04125976563
UKR,NY.GDP.PCAP.CD,1986,
UKR,NY.GDP.PCAP.CD,1985,
UKR,NY.GDP.PCAP.CD,1984,
UKR,NY.GDP.PCAP.CD,1983,
UKR,NY.GDP.PCAP.CD,1982,
UKR,NY.GDP.PCAP.CD,1981,
UKR,NY.GDP.PCAP.CD,1980,
UKR,NY.GDP.PCAP.CD,1979,
UKR,NY.GDP.PCAP.CD,1978,
UKR,NY.GDP.PCAP.CD,1977,
UKR,NY.GDP.PCAP.CD,1976,
UKR,NY.GDP.PCAP.CD,1975,
UKR,NY.GDP.PCAP.CD,1974,
UKR,NY.GDP.PCAP.CD,1973,
UKR,NY.GDP.PCAP.CD,1972,
UKR,NY.GDP.PCAP.CD,1971,
UKR,NY.GDP.PCAP.CD,1970,
UKR,NY.GDP.PCAP.CD,1969,
UKR,NY.GDP.PCAP.CD,1968,
UKR,NY.GDP.PCAP.CD,1967,
UKR,NY.GDP.PCAP.CD,1966,
UKR,NY.GDP.PCAP.CD,1965,
UKR,NY.GDP.PCAP.CD,1964,
UKR,NY.GDP.PCAP.CD,1963,
UKR,NY.GDP.PCAP.CD,1962,
UKR,NY.GDP.PCAP.CD,1961,
UKR,NY.GDP.PCAP.CD,1960,
ARE,NY.GDP.PCAP.CD,2025,
ARE,NY.GDP.PCAP.CD,2024,50273.5060469837
ARE,NY.GDP.PCAP.CD,2023,49850.6872175164
ARE,NY.GDP.PCAP.CD,2022,50759.7589231191
ARE,NY.GDP.PCAP.CD,2021,44118.5047192771
ARE,NY.GDP.PCAP.CD,2020,37991.7492971665
ARE,NY.GDP.PCAP.CD,2019,45938.6073581994
ARE,NY.GDP.PCAP.CD,2018,47135.3591943971
ARE,NY.GDP.PCAP.CD,2017,43733.6192287435
ARE,NY.GDP.PCAP.CD,2016,42721.0999383185
ARE,NY.GDP.PCAP.CD,2015,44910.334995523
ARE,NY.GDP.PCAP.CD,2014,52725.2358407934
ARE,NY.GDP.PCAP.CD,2013,53247.2409495441
ARE,NY.GDP.PCAP.CD,2012,53141.6124340099
ARE,NY.GDP.PCAP.CD,2011,51921.904511613
ARE,NY.GDP.PCAP.CD,2010,44795.2949302268
ARE,NY.GDP.PCAP.CD,2009,37803.0663738777
ARE,NY.GDP.PCAP.CD,2008,50054.1700681803
ARE,NY.GDP.PCAP.CD,2007,45854.7325158162
ARE,NY.GDP.PCAP.CD,2006,44342.6048322482
ARE,NY.GDP.PCAP.CD,2005,38719.3138307623
ARE,NY.GDP.PCAP.CD,2004,33376.7152295209
ARE,NY.GDP.PCAP.CD,2003,29659.5428567811
ARE,NY.GDP.PCAP.CD,2002,27753.6089526346
ARE,NY.GDP.PCAP.CD,2001,27745.1708087672
ARE,NY.GDP.PCAP.CD,2000,29865.502347066
ARE,NY.GDP.PCAP.CD,1999,25855.8605046587
ARE,NY.GDP.PCAP.CD,1998,24889.4269192279
ARE,NY.GDP.PCAP.CD,1997,27982.7957040564
ARE,NY.GDP.PCAP.CD,1996,28323.1650870532
ARE,NY.GDP.PCAP.CD,1995,27003.2006807782
ARE,NY.GDP.PCAP.CD,1994,25472.6396578979
ARE,NY.GDP.PCAP.CD,1993,25032.7822702907
ARE,NY.GDP.PCAP.CD,1992,25648.2727760844
ARE,NY.GDP.PCAP.CD,1991,25690.9686321448
ARE,NY.GDP.PCAP.CD,1990,26709.993440327
ARE,NY.GDP.PCAP.CD,1989,23166.7305903787
ARE,NY.GDP.PCAP.CD,1988,21569.7068852997
ARE,NY.GDP.PCAP.CD,1987,23112.623420646
ARE,NY.GDP.PCAP.CD,1986,23132.0739675988
ARE,NY.GDP.PCAP.CD,1985,29467.5419758929
ARE,NY.GDP.PCAP.CD,1984,32012.3141540273
ARE,NY.GDP.PCAP.CD,1983,34650.0041245988
ARE,NY.GDP.PCAP.CD,1982,39972.4946674594
ARE,NY.GDP.PCAP.CD,1981,44854.4800315615
ARE,NY.GDP.PCAP.CD,1980,42925.2338784407
ARE,NY.GDP.PCAP.CD,1979,34238.2864453187
ARE,NY.GDP.PCAP.CD,1978,29379.1277424991
ARE,NY.GDP.PCAP.CD,1977,35020.3604355962
ARE,NY.GDP.PCAP.CD,1976,31196.9791785759
ARE,NY.GDP.PCAP.CD,1975,27117.1880729614
ARE,NY.GDP.PCAP.CD,1974,23822.9715560307
ARE,NY.GDP.PCAP.CD,1973,9695.81418807304
ARE,NY.GDP.PCAP.CD,1972,3675.41681419534
ARE,NY.GDP.PCAP.CD,1971,2805.42642722587
ARE,NY.GDP.PCAP.CD,1970,2394.06811471055
ARE,NY.GDP.PCAP.CD,1969,
ARE,NY.GDP.PCAP.CD,1968,
ARE,NY.GDP.PCAP.CD,1967,
ARE,NY.GDP.PCAP.CD,1966,
ARE,NY.GDP.PCAP.CD,1965,
ARE,NY.GDP.PCAP.CD,1964,
ARE,NY.GDP.PCAP.CD,1963,
ARE,NY.GDP.PCAP.CD,1962,
ARE,NY.GDP.PCAP.CD,1961,
ARE,NY.GDP.PCAP.CD,1960,
GBR,NY.GDP.PCAP.CD,2025,
GBR,NY.GDP.PCAP.CD,2024,53246.3676145108
GBR,NY.GDP.PCAP.CD,2023,49944.4702124201
GBR,NY.GDP.PCAP.CD,2022,47057.043229179
GBR,NY.GDP.PCAP.CD,2021,47691.3768799404
GBR,NY.GDP.PCAP.CD,2020,40812.6794663879
GBR,NY.GDP.PCAP.CD,2019,43158.7411267323
GBR,NY.GDP.PCAP.CD,2018,43702.9976303165
GBR,NY.GDP.PCAP.CD,2017,40916.8115070354
GBR,NY.GDP.PCAP.CD,2016,41257.9085545556
GBR,NY.GDP.PCAP.CD,2015,45255.3449216209
GBR,NY.GDP.PCAP.CD,2014,47746.2421759562
GBR,NY.GDP.PCAP.CD,2013,43606.9837896348
GBR,NY.GDP.PCAP.CD,2012,42688.3263728372
GBR,NY.GDP.PCAP.CD,2011,42295.9273835322
GBR,NY.GDP.PCAP.CD,2010,39778.3220528565
GBR,NY.GDP.PCAP.CD,2009,39009.3715547821
GBR,NY.GDP.PCAP.CD,2008,47652.4030691881
GBR,NY.GDP.PCAP.CD,2007,50629.0799172887
GBR,NY.GDP.PCAP.CD,2006,44695.161023424
GBR,NY.GDP.PCAP.CD,2005,42240.2462987547
GBR,NY.GDP.PCAP.CD,2004,40504.4118103928
GBR,NY.GDP.PCAP.CD,2003,34556.7726095905
GBR,NY.GDP.PCAP.CD,2002,30158.7017807858
GBR,NY.GDP.PCAP.CD,2001,28013.8729635508
GBR,NY.GDP.PCAP.CD,2000,28383.8761094996
GBR,NY.GDP.PCAP.CD,1999,28858.0065333126
GBR,NY.GDP.PCAP.CD,1998,28396.3523548013
GBR,NY.GDP.PCAP.CD,1997,26910.1381529902
GBR,NY.GDP.PCAP.CD,1996,24503.3829602903
GBR,NY.GDP.PCAP.CD,1995,23252.6157127423
GBR,NY.GDP.PCAP.CD,1994,19709.2380983653
GBR,NY.GDP.PCAP.CD,1993,18389.0195675099
GBR,NY.GDP.PCAP.CD,1992,20487.1707852878
GBR,NY.GDP.PCAP.CD,1991,19900.7266505069
GBR,NY.GDP.PCAP.CD,1990,19095.4669984608
GBR,NY.GDP.PCAP.CD,1989,16239.2821960944
GBR,NY.GDP.PCAP.CD,1988,15987.1680775688
GBR,NY.GDP.PCAP.CD,1987,13118.586534629
GBR,NY.GDP.PCAP.CD,1986,10611.112210096
GBR,NY.GDP.PCAP.CD,1985,8652.21654247593
GBR,NY.GDP.PCAP.CD,1984,8179.19444064991
GBR,NY.GDP.PCAP.CD,1983,8691.51881306514
GBR,NY.GDP.PCAP.CD,1982,9146.07735701852
GBR,NY.GDP.PCAP.CD,1981,9599.30622221965
GBR,NY.GDP.PCAP.CD,1980,10032.062080015
GBR,NY.GDP.PCAP.CD,1979,7804.76208051155
GBR,NY.GDP.PCAP.CD,1978,5976.93816899991
GBR,NY.GDP.PCAP.CD,1977,4681.43993173038
GBR,NY.GDP.PCAP.CD,1976,4138.16778761535
GBR,NY.GDP.PCAP.CD,1975,4299.74561799284
GBR,NY.GDP.PCAP.CD,1974,3665.8627976419
GBR,NY.GDP.PCAP.CD,1973,3426.27622050378
GBR,NY.GDP.PCAP.CD,1972,3030.43251411977
GBR,NY.GDP.PCAP.CD,1971,2649.80151387223
GBR,NY.GDP.PCAP.CD,1970,2347.54431773747
GBR,NY.GDP.PCAP.CD,1969,2100.66786858672
GBR,NY.GDP.PCAP.CD,1968,1951.75859587532
GBR,NY.GDP.PCAP.CD,1967,2058.78188198056
GBR,NY.GDP.PCAP.CD,1966,1986.74715869685
GBR,NY.GDP.PCAP.CD,1965,1873.56777435421
GBR,NY.GDP.PCAP.CD,1964,1748.2881176141
GBR,NY.GDP.PCAP.CD,1963,1613.45688373392
GBR,NY.GDP.PCAP.CD,1962,1525.77585271032
GBR,NY.GDP.PCAP.CD,1961,1472.38571407868
GBR,NY.GDP.PCAP.CD,1960,1397.5948032844
USA,NY.GDP.PCAP.CD,2025,
USA,NY.GDP.PCAP.CD,2024,84534.0407841548
USA,NY.GDP.PCAP.CD,2023,81032.262117545
USA,NY.GDP.PCAP.CD,2022,76657.2488844403
USA,NY.GDP.PCAP.CD,2021,70205.050916026
USA,NY.GDP.PCAP.CD,2020,63515.9491807833
USA,NY.GDP.PCAP.CD,2019,64746.4506778863
USA,NY.GDP.PCAP.CD,2018,62499.8744390068
USA,NY.GDP.PCAP.CD,2017,59635.0984397965
USA,NY.GDP.PCAP.CD,2016,57638.1018367192
USA,NY.GDP.PCAP.CD,2015,56572.9188996063
USA,NY.GDP.PCAP.CD,2014,54973.4207515712
USA,NY.GDP.PCAP.CD,2013,53179.0127634561
USA,NY.GDP.PCAP.CD,2012,51708.4011556577
USA,NY.GDP.PCAP.CD,2011,50024.868799398
USA,NY.GDP.PCAP.CD,2010,48642.6100179312
USA,NY.GDP.PCAP.CD,2009,47194.9433547336
USA,NY.GDP.PCAP.CD,2008,48570.0459804586
USA,NY.GDP.PCAP.CD,2007,48050.2237771135
USA,NY.GDP.PCAP.CD,2006,46302.0008800056
USA,NY.GDP.PCAP.CD,2005,44123.4070679055
USA,NY.GDP.PCAP.CD,2004,41724.6316287624
USA,NY.GDP.PCAP.CD,2003,39490.2749557007
USA,NY.GDP.PCAP.CD,2002,37997.7596573051
USA,NY.GDP.PCAP.CD,2001,37133.623113437
USA,NY.GDP.PCAP.CD,2000,36329.9560727102
USA,NY.GDP.PCAP.CD,1999,34515.3902272076
USA,NY.GDP.PCAP.CD,1998,32853.6769523009
USA,NY.GDP.PCAP.CD,1997,31459.1389804773
USA,NY.GDP.PCAP.CD,1996,29967.7127181749
USA,NY.GDP.PCAP.CD,1995,28690.8757013347
USA,NY.GDP.PCAP.CD,1994,27694.853416234
USA,NY.GDP.PCAP.CD,1993,26387.2937338171
USA,NY.GDP.PCAP.CD,1992,25418.9907763319
USA,NY.GDP.PCAP.CD,1991,24342.2589048189
USA,NY.GDP.PCAP.CD,1990,23888.6000088133
USA,NY.GDP.PCAP.CD,1989,22857.1544330056
USA,NY.GDP.PCAP.CD,1988,21417.0119305191
USA,NY.GDP.PCAP.CD,1987,20038.9410992658
USA,NY.GDP.PCAP.CD,1986,19071.2271949295
USA,NY.GDP.PCAP.CD,1985,18236.8277265009
USA,NY.GDP.PCAP.CD,1984,17121.2254849995
USA,NY.GDP.PCAP.CD,1983,15543.8937174925
USA,NY.GDP.PCAP.CD,1982,14433.787727053
USA,NY.GDP.PCAP.CD,1981,13976.10539252
USA,NY.GDP.PCAP.CD,1980,12574.7915062163
USA,NY.GDP.PCAP.CD,1979,11674.1818666548
USA,NY.GDP.PCAP.CD,1978,10564.9482220275
USA,NY.GDP.PCAP.CD,1977,9452.57651914511
USA,NY.GDP.PCAP.CD,1976,8592.25353727612
USA,NY.GDP.PCAP.CD,1975,7801.45666356443
USA,NY.GDP.PCAP.CD,1974,7225.69135952566
USA,NY.GDP.PCAP.CD,1973,6726.35895596695
USA,NY.GDP.PCAP.CD,1972,6094.01798986165
USA,NY.GDP.PCAP.CD,1971,5609.38259952519
USA,NY.GDP.PCAP.CD,1970,5234.2966662115
USA,NY.GDP.PCAP.CD,1969,5019.99818634473
USA,NY.GDP.PCAP.CD,1968,4684.58840293763
USA,NY.GDP.PCAP.CD,1967,4325.95935063186
USA,NY.GDP.PCAP.CD,1966,4136.30829579106
USA,NY.GDP.PCAP.CD,1965,3818.28825117968
USA,NY.GDP.PCAP.CD,1964,3565.31443016356
USA,NY.GDP.PCAP.CD,1963,3366.36978960346
USA,NY.GDP.PCAP.CD,1962,3236.01311150062
USA,NY.GDP.PCAP.CD,1961,3059.16082086127
USA,NY.GDP.PCAP.CD,1960,2999.86487154495
URY,NY.GDP.PCAP.CD,2025,
URY,NY.GDP.PCAP.CD,2024,23906.5133029408
URY,NY.GDP.PCAP.CD,2023,23019.4221560046
URY,NY.GDP.PCAP.CD,2022,20818.6146091144
URY,NY.GDP.PCAP.CD,2021,17881.818721099
URY,NY.GDP.PCAP.CD,2020,15757.5355995779
URY,NY.GDP.PCAP.CD,2019,18315.7316980028
URY,NY.GDP.PCAP.CD,2018,19249.9404677501
URY,NY.GDP.PCAP.CD,2017,19184.6502617082
URY,NY.GDP.PCAP.CD,2016,17009.7584207276
URY,NY.GDP.PCAP.CD,2015,17125.9016800298
URY,NY.GDP.PCAP.CD,2014,18322.4276767157
URY,NY.GDP.PCAP.CD,2013,18335.2594772322
URY,NY.GDP.PCAP.CD,2012,16259.5940814256
URY,NY.GDP.PCAP.CD,2011,15132.2675725587
URY,NY.GDP.PCAP.CD,2010,12641.0576849008
URY,NY.GDP.PCAP.CD,2009,9881.39573127081
URY,NY.GDP.PCAP.CD,2008,9423.96562595893
URY,NY.GDP.PCAP.CD,2007,7222.05403645877
URY,NY.GDP.PCAP.CD,2006,6001.33294783172
URY,NY.GDP.PCAP.CD,2005,5284.25677987129
URY,NY.GDP.PCAP.CD,2004,4168.66065438387
URY,NY.GDP.PCAP.CD,2003,3671.12329256883
URY,NY.GDP.PCAP.CD,2002,4149.76140312687
URY,NY.GDP.PCAP.CD,2001,6382.76104740859
URY,NY.GDP.PCAP.CD,2000,6987.70098766257
URY,NY.GDP.PCAP.CD,1999,7370.56995453931
URY,NY.GDP.PCAP.CD,1998,7836.89183322307
URY,NY.GDP.PCAP.CD,1997,7436.29342620682
URY,NY.GDP.PCAP.CD,1996,6398.43575184095
URY,NY.GDP.PCAP.CD,1995,6050.48632253644
URY,NY.GDP.PCAP.CD,1994,5507.56481300056
URY,NY.GDP.PCAP.CD,1993,4753.00924682647
URY,NY.GDP.PCAP.CD,1992,4101.71054155291
URY,NY.GDP.PCAP.CD,1991,3589.01541942634
URY,NY.GDP.PCAP.CD,1990,2995.36105663465
URY,NY.GDP.PCAP.CD,1989,2734.36623871535
URY,NY.GDP.PCAP.CD,1988,2677.19777690993
URY,NY.GDP.PCAP.CD,1987,2415.6541994875
URY,NY.GDP.PCAP.CD,1986,1938.8108486947
URY,NY.GDP.PCAP.CD,1985,1568.43216486363
URY,NY.GDP.PCAP.CD,1984,1615.40647277136
URY,NY.GDP.PCAP.CD,1983,1707.14462849135
URY,NY.GDP.PCAP.CD,1982,3084.79407002174
URY,NY.GDP.PCAP.CD,1981,3728.4455696996
URY,NY.GDP.PCAP.CD,1980,3442.81230620351
URY,NY.GDP.PCAP.CD,1979,2442.65957894266
URY,NY.GDP.PCAP.CD,1978,1678.30925622568
URY,NY.GDP.PCAP.CD,1977,1414.23789985403
URY,NY.GDP.PCAP.CD,1976,1268.30303240921
URY,NY.GDP.PCAP.CD,1975,1231.85370953179
URY,NY.GDP.PCAP.CD,1974,1433.17797475063
URY,NY.GDP.PCAP.CD,1973,1397.28960304383
URY,NY.GDP.PCAP.CD,1972,775.937251050835
URY,NY.GDP.PCAP.CD,1971,1000.28365412257
URY,NY.GDP.PCAP.CD,1970,765.763011986694
URY,NY.GDP.PCAP.CD,1969,722.586254907569
URY,NY.GDP.PCAP.CD,1968,578.548868536136
URY,NY.GDP.PCAP.CD,1967,584.75530449369
URY,NY.GDP.PCAP.CD,1966,668.17637665776
URY,NY.GDP.PCAP.CD,1965,705.202527526694
URY,NY.GDP.PCAP.CD,1964,744.654270146069
URY,NY.GDP.PCAP.CD,1963,586.821191669431
URY,NY.GDP.PCAP.CD,1962,659.393716891716
URY,NY.GDP.PCAP.CD,1961,603.966513233705
URY,NY.GDP.PCAP.CD,1960,491.031760304596
UZB,NY.GDP.PCAP.CD,2025,
UZB,NY.GDP.PCAP.CD,2024,3161.70010632875
UZB,NY.GDP.PCAP.CD,2023,2878.96879292451
UZB,NY.GDP.PCAP.CD,2022,2578.66689394219
UZB,NY.GDP.PCAP.CD,2021,2258.51964119278
UZB,NY.GDP.PCAP.CD,2020,1978.28051860763
UZB,NY.GDP.PCAP.CD,2019,2041.38480729431
UZB,NY.GDP.PCAP.CD,2018,1813.08530813664
UZB,NY.GDP.PCAP.CD,2017,2190.60411562888
UZB,NY.GDP.PCAP.CD,2016,2753.37951427589
UZB,NY.GDP.PCAP.CD,2015,2803.19018021751
UZB,NY.GDP.PCAP.CD,2014,2674.9628382103
UZB,NY.GDP.PCAP.CD,2013,2461.97947403595
UZB,NY.GDP.PCAP.CD,2012,2307.34649117185
UZB,NY.GDP.PCAP.CD,2011,2087.86386135694
UZB,NY.GDP.PCAP.CD,2010,1753.20730243278
UZB,NY.GDP.PCAP.CD,2009,1205.7993547038
UZB,NY.GDP.PCAP.CD,2008,1074.72928796701
UZB,NY.GDP.PCAP.CD,2007,824.028192334768
UZB,NY.GDP.PCAP.CD,2006,649.118167003925
UZB,NY.GDP.PCAP.CD,2005,542.835808692209
UZB,NY.GDP.PCAP.CD,2004,462.171492867885
UZB,NY.GDP.PCAP.CD,2003,394.164028897235
UZB,NY.GDP.PCAP.CD,2002,381.409296889283
UZB,NY.GDP.PCAP.CD,2001,454.415812256778
UZB,NY.GDP.PCAP.CD,2000,555.149231099186
UZB,NY.GDP.PCAP.CD,1999,697.763539790812
UZB,NY.GDP.PCAP.CD,1998,621.048904301242
UZB,NY.GDP.PCAP.CD,1997,620.59129581366
UZB,NY.GDP.PCAP.CD,1996,597.33228695111
UZB,NY.GDP.PCAP.CD,1995,582.54213674034
UZB,NY.GDP.PCAP.CD,1994,574.229079896619
UZB,NY.GDP.PCAP.CD,1993,595.777099596612
UZB,NY.GDP.PCAP.CD,1992,602.920525827048
UZB,NY.GDP.PCAP.CD,1991,658.313550528068
UZB,NY.GDP.PCAP.CD,1990,652.9376529256
UZB,NY.GDP.PCAP.CD,1989,598.123131680436
UZB,NY.GDP.PCAP.CD,1988,550.999615085024
UZB,NY.GDP.PCAP.CD,1987,450.244536476152
UZB,NY.GDP.PCAP.CD,1986,
UZB,NY.GDP.PCAP.CD,1985,
UZB,NY.GDP.PCAP.CD,1984,
UZB,NY.GDP.PCAP.CD,1983,
UZB,NY.GDP.PCAP.CD,1982,
UZB,NY.GDP.PCAP.CD,1981,
UZB,NY.GDP.PCAP.CD,1980,
UZB,NY.GDP.PCAP.CD,1979,
UZB,NY.GDP.PCAP.CD,1978,
UZB,NY.GDP.PCAP.CD,1977,
UZB,NY.GDP.PCAP.CD,1976,
UZB,NY.GDP.PCAP.CD,1975,
UZB,NY.GDP.PCAP.CD,1974,
UZB,NY.GDP.PCAP.CD,1973,
UZB,NY.GDP.PCAP.CD,1972,
UZB,NY.GDP.PCAP.CD,1971,
UZB,NY.GDP.PCAP.CD,1970,
UZB,NY.GDP.PCAP.CD,1969,
UZB,NY.GDP.PCAP.CD,1968,
UZB,NY.GDP.PCAP.CD,1967,
UZB,NY.GDP.PCAP.CD,1966,
UZB,NY.GDP.PCAP.CD,1965,
UZB,NY.GDP.PCAP.CD,1964,
UZB,NY.GDP.PCAP.CD,1963,
UZB,NY.GDP.PCAP.CD,1962,
UZB,NY.GDP.PCAP.CD,1961,
UZB,NY.GDP.PCAP.CD,1960,
VUT,NY.GDP.PCAP.CD,2025,
VUT,NY.GDP.PCAP.CD,2024,3410.77023167097
VUT,NY.GDP.PCAP.CD,2023,3482.61458237637
VUT,NY.GDP.PCAP.CD,2022,3370.21191956953
VUT,NY.GDP.PCAP.CD,2021,3107.20312858002
VUT,NY.GDP.PCAP.CD,2020,3042.98711598286
VUT,NY.GDP.PCAP.CD,2019,3207.44650452083
VUT,NY.GDP.PCAP.CD,2018,3206.65748718811
VUT,NY.GDP.PCAP.CD,2017,3159.86055790126
VUT,NY.GDP.PCAP.CD,2016,2956.12644801489
VUT,NY.GDP.PCAP.CD,2015,2854.89412272653
VUT,NY.GDP.PCAP.CD,2014,2973.09026493408
VUT,NY.GDP.PCAP.CD,2013,2979.79608084399
VUT,NY.GDP.PCAP.CD,2012,3004.78416664293
VUT,NY.GDP.PCAP.CD,2011,3163.1861645138
VUT,NY.GDP.PCAP.CD,2010,2815.18828985779
VUT,NY.GDP.PCAP.CD,2009,2546.38324565986
VUT,NY.GDP.PCAP.CD,2008,2603.60883136724
VUT,NY.GDP.PCAP.CD,2007,2333.70506748914
VUT,NY.GDP.PCAP.CD,2006,2034.79289624351
VUT,NY.GDP.PCAP.CD,2005,1873.99142640619
VUT,NY.GDP.PCAP.CD,2004,1774.31867585894
VUT,NY.GDP.PCAP.CD,2003,1566.51396790858
VUT,NY.GDP.PCAP.CD,2002,1340.71537528287
VUT,NY.GDP.PCAP.CD,2001,1350.18338238522
VUT,NY.GDP.PCAP.CD,2000,1460.23817692229
VUT,NY.GDP.PCAP.CD,1999,1472.17751741462
VUT,NY.GDP.PCAP.CD,1998,1470.97189048658
VUT,NY.GDP.PCAP.CD,1997,1562.03090670153
VUT,NY.GDP.PCAP.CD,1996,1529.27573115021
VUT,NY.GDP.PCAP.CD,1995,1491.78967004617
VUT,NY.GDP.PCAP.CD,1994,1430.99367776483
VUT,NY.GDP.PCAP.CD,1993,1257.29387486656
VUT,NY.GDP.PCAP.CD,1992,1343.68942861831
VUT,NY.GDP.PCAP.CD,1991,1326.37321256212
VUT,NY.GDP.PCAP.CD,1990,1140.59020311724
VUT,NY.GDP.PCAP.CD,1989,1066.62512806351
VUT,NY.GDP.PCAP.CD,1988,1125.00616977712
VUT,NY.GDP.PCAP.CD,1987,1016.59904763078
VUT,NY.GDP.PCAP.CD,1986,945.998619022206
VUT,NY.GDP.PCAP.CD,1985,1011.51017753831
VUT,NY.GDP.PCAP.CD,1984,1136.68202384045
VUT,NY.GDP.PCAP.CD,1983,946.705222595573
VUT,NY.GDP.PCAP.CD,1982,946.023154648384
VUT,NY.GDP.PCAP.CD,1981,962.222055354043
VUT,NY.GDP.PCAP.CD,1980,1047.77362587983
VUT,NY.GDP.PCAP.CD,1979,1055.01446687478
VUT,NY.GDP.PCAP.CD,1978,
VUT,NY.GDP.PCAP.CD,1977,
VUT,NY.GDP.PCAP.CD,1976,
VUT,NY.GDP.PCAP.CD,1975,
VUT,NY.GDP.PCAP.CD,1974,
VUT,NY.GDP.PCAP.CD,1973,
VUT,NY.GDP.PCAP.CD,1972,
VUT,NY.GDP.PCAP.CD,1971,
VUT,NY.GDP.PCAP.CD,1970,
VUT,NY.GDP.PCAP.CD,1969,
VUT,NY.GDP.PCAP.CD,1968,
VUT,NY.GDP.PCAP.CD,1967,
VUT,NY.GDP.PCAP.CD,1966,
VUT,NY.GDP.PCAP.CD,1965,
VUT,NY.GDP.PCAP.CD,1964,
VUT,NY.GDP.PCAP.CD,1963,
VUT,NY.GDP.PCAP.CD,1962,
VUT,NY.GDP.PCAP.CD,1961,
VUT,NY.GDP.PCAP.CD,1960,
VEN,NY.GDP.PCAP.CD,2025,
VEN,NY.GDP.PCAP.CD,2024,4217.59102643391
VEN,NY.GDP.PCAP.CD,2023,3617.43594578269
VEN,NY.GDP.PCAP.CD,2022,3155.04207099687
VEN,NY.GDP.PCAP.CD,2021,2004.93397949792
VEN,NY.GDP.PCAP.CD,2020,1506.0436210041
VEN,NY.GDP.PCAP.CD,2019,2523.11275230667
VEN,NY.GDP.PCAP.CD,2018,3422.65467014854
VEN,NY.GDP.PCAP.CD,2017,3791.33160682077
VEN,NY.GDP.PCAP.CD,2016,3670.15737848208
VEN,NY.GDP.PCAP.CD,2015,4103.1384987005
VEN,NY.GDP.PCAP.CD,2014,7096.22047105512
VEN,NY.GDP.PCAP.CD,2013,8656.35669723668
VEN,NY.GDP.PCAP.CD,2012,12607.2361246243
VEN,NY.GDP.PCAP.CD,2011,10843.9229703167
VEN,NY.GDP.PCAP.CD,2010,13646.3046622664
VEN,NY.GDP.PCAP.CD,2009,11596.6021921731
VEN,NY.GDP.PCAP.CD,2008,11262.4514256759
VEN,NY.GDP.PCAP.CD,2007,8331.62096991844
VEN,NY.GDP.PCAP.CD,2006,6739.38065342218
VEN,NY.GDP.PCAP.CD,2005,5432.4854184654
VEN,NY.GDP.PCAP.CD,2004,4269.08970872392
VEN,NY.GDP.PCAP.CD,2003,3229.50557082079
VEN,NY.GDP.PCAP.CD,2002,3652.09896501865
VEN,NY.GDP.PCAP.CD,2001,4920.39313600453
VEN,NY.GDP.PCAP.CD,2000,4776.2816763938
VEN,NY.GDP.PCAP.CD,1999,4070.90619189484
VEN,NY.GDP.PCAP.CD,1998,3869.98258848894
VEN,NY.GDP.PCAP.CD,1997,3710.82688355096
VEN,NY.GDP.PCAP.CD,1996,3112.825848106
VEN,NY.GDP.PCAP.CD,1995,3486.98350635919
VEN,NY.GDP.PCAP.CD,1994,2688.98325145295
VEN,NY.GDP.PCAP.CD,1993,2824.69144366441
VEN,NY.GDP.PCAP.CD,1992,2907.30334439434
VEN,NY.GDP.PCAP.CD,1991,2632.53969814106
VEN,NY.GDP.PCAP.CD,1990,2451.5523114567
VEN,NY.GDP.PCAP.CD,1989,2250.08459665588
VEN,NY.GDP.PCAP.CD,1988,3191.47633742656
VEN,NY.GDP.PCAP.CD,1987,2610.98837126004
VEN,NY.GDP.PCAP.CD,1986,3376.34960597843
VEN,NY.GDP.PCAP.CD,1985,3548.70434276284
VEN,NY.GDP.PCAP.CD,1984,3519.80146489308
VEN,NY.GDP.PCAP.CD,1983,4078.94233103427
VEN,NY.GDP.PCAP.CD,1982,4201.54283466342
VEN,NY.GDP.PCAP.CD,1981,4228.0988152685
VEN,NY.GDP.PCAP.CD,1980,3874.40470623155
VEN,NY.GDP.PCAP.CD,1979,3256.64908738452
VEN,NY.GDP.PCAP.CD,1978,2727.13746585327
VEN,NY.GDP.PCAP.CD,1977,2585.22051087846
VEN,NY.GDP.PCAP.CD,1976,2309.19293494983
VEN,NY.GDP.PCAP.CD,1975,2078.1534203511
VEN,NY.GDP.PCAP.CD,1974,2033.51900797712
VEN,NY.GDP.PCAP.CD,1973,1366.83361997071
VEN,NY.GDP.PCAP.CD,1972,1155.26236263344
VEN,NY.GDP.PCAP.CD,1971,1106.08824294225
VEN,NY.GDP.PCAP.CD,1970,1015.21990755986
VEN,NY.GDP.PCAP.CD,1969,931.598755748143
VEN,NY.GDP.PCAP.CD,1968,938.015078662499
VEN,NY.GDP.PCAP.CD,1967,892.985315556393
VEN,NY.GDP.PCAP.CD,1966,875.956231715029
VEN,NY.GDP.PCAP.CD,1965,869.041067890496
VEN,NY.GDP.PCAP.CD,1964,873.604754880876
VEN,NY.GDP.PCAP.CD,1963,1060.09433210388
VEN,NY.GDP.PCAP.CD,1962,1006.55940812318
VEN,NY.GDP.PCAP.CD,1961,954.038330638213
VEN,NY.GDP.PCAP.CD,1960,939.197766577539
VNM,NY.GDP.PCAP.CD,2025,
VNM,NY.GDP.PCAP.CD,2024,4717.29028732449
VNM,NY.GDP.PCAP.CD,2023,4323.35031982451
VNM,NY.GDP.PCAP.CD,2022,4147.69777213621
VNM,NY.GDP.PCAP.CD,2021,3704.1935590038
VNM,NY.GDP.PCAP.CD,2020,3534.03953482647
VNM,NY.GDP.PCAP.CD,2019,3440.90025375434
VNM,NY.GDP.PCAP.CD,2018,3222.31003125366
VNM,NY.GDP.PCAP.CD,2017,2956.10992127753
VNM,NY.GDP.PCAP.CD,2016,2735.0604380416
VNM,NY.GDP.PCAP.CD,2015,2577.56885340113
VNM,NY.GDP.PCAP.CD,2014,2546.38464459903
VNM,NY.GDP.PCAP.CD,2013,2359.51736472828
VNM,NY.GDP.PCAP.CD,2012,2185.11767654291
VNM,NY.GDP.PCAP.CD,2011,1950.92504174913
VNM,NY.GDP.PCAP.CD,2010,1683.16182443979
VNM,NY.GDP.PCAP.CD,2009,1226.16976051536
VNM,NY.GDP.PCAP.CD,2008,1163.83195772873
VNM,NY.GDP.PCAP.CD,2007,925.640338348717
VNM,NY.GDP.PCAP.CD,2006,807.756645117054
VNM,NY.GDP.PCAP.CD,2005,710.746759994861
VNM,NY.GDP.PCAP.CD,2004,565.452284586212
VNM,NY.GDP.PCAP.CD,2003,497.117089249256
VNM,NY.GDP.PCAP.CD,2002,445.132861817313
VNM,NY.GDP.PCAP.CD,2001,419.205677580901
VNM,NY.GDP.PCAP.CD,2000,404.029784055118
VNM,NY.GDP.PCAP.CD,1999,375.994455900496
VNM,NY.GDP.PCAP.CD,1998,361.350928411167
VNM,NY.GDP.PCAP.CD,1997,361.643884085566
VNM,NY.GDP.PCAP.CD,1996,337.051231790277
VNM,NY.GDP.PCAP.CD,1995,287.802661028593
VNM,NY.GDP.PCAP.CD,1994,229.857787265757
VNM,NY.GDP.PCAP.CD,1993,189.418573584332
VNM,NY.GDP.PCAP.CD,1992,144.549392371677
VNM,NY.GDP.PCAP.CD,1991,143.715270231936
VNM,NY.GDP.PCAP.CD,1990,98.7983370311401
VNM,NY.GDP.PCAP.CD,1989,98.1070172159577
VNM,NY.GDP.PCAP.CD,1988,404.559305078888
VNM,NY.GDP.PCAP.CD,1987,595.247488701606
VNM,NY.GDP.PCAP.CD,1986,436.419296772225
VNM,NY.GDP.PCAP.CD,1985,238.647805313403
VNM,NY.GDP.PCAP.CD,1984,
VNM,NY.GDP.PCAP.CD,1983,
VNM,NY.GDP.PCAP.CD,1982,
VNM,NY.GDP.PCAP.CD,1981,
VNM,NY.GDP.PCAP.CD,1980,
VNM,NY.GDP.PCAP.CD,1979,
VNM,NY.GDP.PCAP.CD,1978,
VNM,NY.GDP.PCAP.CD,1977,
VNM,NY.GDP.PCAP.CD,1976,
VNM,NY.GDP.PCAP.CD,1975,
VNM,NY.GDP.PCAP.CD,1974,
VNM,NY.GDP.PCAP.CD,1973,
VNM,NY.GDP.PCAP.CD,1972,
VNM,NY.GDP.PCAP.CD,1971,
VNM,NY.GDP.PCAP.CD,1970,
VNM,NY.GDP.PCAP.CD,1969,
VNM,NY.GDP.PCAP.CD,1968,
VNM,NY.GDP.PCAP.CD,1967,
VNM,NY.GDP.PCAP.CD,1966,
VNM,NY.GDP.PCAP.CD,1965,
VNM,NY.GDP.PCAP.CD,1964,
VNM,NY.GDP.PCAP.CD,1963,
VNM,NY.GDP.PCAP.CD,1962,
VNM,NY.GDP.PCAP.CD,1961,
VNM,NY.GDP.PCAP.CD,1960,
VIR,NY.GDP.PCAP.CD,2025,
VIR,NY.GDP.PCAP.CD,2024,
VIR,NY.GDP.PCAP.CD,2023,
VIR,NY.GDP.PCAP.CD,2022,44320.909185774
VIR,NY.GDP.PCAP.CD,2021,42571.0777368471
VIR,NY.GDP.PCAP.CD,2020,39787.3741650202
VIR,NY.GDP.PCAP.CD,2019,38633.5298915336
VIR,NY.GDP.PCAP.CD,2018,36663.2087550584
VIR,NY.GDP.PCAP.CD,2017,35365.0693039774
VIR,NY.GDP.PCAP.CD,2016,35324.9748874586
VIR,NY.GDP.PCAP.CD,2015,34007.3529411765
VIR,NY.GDP.PCAP.CD,2014,33045.3643795999
VIR,NY.GDP.PCAP.CD,2013,34597.9766940328
VIR,NY.GDP.PCAP.CD,2012,37795.3192590675
VIR,NY.GDP.PCAP.CD,2011,38997.1373164651
VIR,NY.GDP.PCAP.CD,2010,39905.1284180994
VIR,NY.GDP.PCAP.CD,2009,38753.1825393897
VIR,NY.GDP.PCAP.CD,2008,39152.3750657306
VIR,NY.GDP.PCAP.CD,2007,44158.5054044325
VIR,NY.GDP.PCAP.CD,2006,41377.1466009652
VIR,NY.GDP.PCAP.CD,2005,40828.7460927775
VIR,NY.GDP.PCAP.CD,2004,35006.3614404514
VIR,NY.GDP.PCAP.CD,2003,31731.2566241187
VIR,NY.GDP.PCAP.CD,2002,30062.0225050457
VIR,NY.GDP.PCAP.CD,2001,
VIR,NY.GDP.PCAP.CD,2000,
VIR,NY.GDP.PCAP.CD,1999,
VIR,NY.GDP.PCAP.CD,1998,
VIR,NY.GDP.PCAP.CD,1997,
VIR,NY.GDP.PCAP.CD,1996,
VIR,NY.GDP.PCAP.CD,1995,
VIR,NY.GDP.PCAP.CD,1994,
VIR,NY.GDP.PCAP.CD,1993,
VIR,NY.GDP.PCAP.CD,1992,
VIR,NY.GDP.PCAP.CD,1991,
VIR,NY.GDP.PCAP.CD,1990,
VIR,NY.GDP.PCAP.CD,1989,
VIR,NY.GDP.PCAP.CD,1988,
VIR,NY.GDP.PCAP.CD,1987,
VIR,NY.GDP.PCAP.CD,1986,
VIR,NY.GDP.PCAP.CD,1985,
VIR,NY.GDP.PCAP.CD,1984,
VIR,NY.GDP.PCAP.CD,1983,
VIR,NY.GDP.PCAP.CD,1982,
VIR,NY.GDP.PCAP.CD,1981,
VIR,NY.GDP.PCAP.CD,1980,
VIR,NY.GDP.PCAP.CD,1979,
VIR,NY.GDP.PCAP.CD,1978,
VIR,NY.GDP.PCAP.CD,1977,
VIR,NY.GDP.PCAP.CD,1976,
VIR,NY.GDP.PCAP.CD,1975,
VIR,NY.GDP.PCAP.CD,1974,
VIR,NY.GDP.PCAP.CD,1973,
VIR,NY.GDP.PCAP.CD,1972,
VIR,NY.GDP.PCAP.CD,1971,
VIR,NY.GDP.PCAP.CD,1970,
VIR,NY.GDP.PCAP.CD,1969,
VIR,NY.GDP.PCAP.CD,1968,
VIR,NY.GDP.PCAP.CD,1967,
VIR,NY.GDP.PCAP.CD,1966,
VIR,NY.GDP.PCAP.CD,1965,
VIR,NY.GDP.PCAP.CD,1964,
VIR,NY.GDP.PCAP.CD,1963,
VIR,NY.GDP.PCAP.CD,1962,
VIR,NY.GDP.PCAP.CD,1961,
VIR,NY.GDP.PCAP.CD,1960,
PSE,NY.GDP.PCAP.CD,2025,
PSE,NY.GDP.PCAP.CD,2024,2592.30591217647
PSE,NY.GDP.PCAP.CD,2023,3455.02852911712
PSE,NY.GDP.PCAP.CD,2022,3799.95527015163
PSE,NY.GDP.PCAP.CD,2021,3678.63565662194
PSE,NY.GDP.PCAP.CD,2020,3233.56863835858
PSE,NY.GDP.PCAP.CD,2019,3656.85827137011
PSE,NY.GDP.PCAP.CD,2018,3562.33094270256
PSE,NY.GDP.PCAP.CD,2017,3620.36048715937
PSE,NY.GDP.PCAP.CD,2016,3527.61382413178
PSE,NY.GDP.PCAP.CD,2015,3272.15432360708
PSE,NY.GDP.PCAP.CD,2014,3352.11259506043
PSE,NY.GDP.PCAP.CD,2013,3315.29753909282
PSE,NY.GDP.PCAP.CD,2012,3067.43872735614
PSE,NY.GDP.PCAP.CD,2011,2880.79843707909
PSE,NY.GDP.PCAP.CD,2010,2557.07562356699
PSE,NY.GDP.PCAP.CD,2009,2191.78178736868
PSE,NY.GDP.PCAP.CD,2008,2035.20234121766
PSE,NY.GDP.PCAP.CD,2007,1664.24571669276
PSE,NY.GDP.PCAP.CD,2006,1570.10439962728
PSE,NY.GDP.PCAP.CD,2005,1543.70141392774
PSE,NY.GDP.PCAP.CD,2004,1422.19088643544
PSE,NY.GDP.PCAP.CD,2003,1257.69857009689
PSE,NY.GDP.PCAP.CD,2002,1156.21747345769
PSE,NY.GDP.PCAP.CD,2001,1335.55319529359
PSE,NY.GDP.PCAP.CD,2000,1476.17185000238
PSE,NY.GDP.PCAP.CD,1999,1499.49217657019
PSE,NY.GDP.PCAP.CD,1998,1465.04605685868
PSE,NY.GDP.PCAP.CD,1997,1389.16497137651
PSE,NY.GDP.PCAP.CD,1996,1317.46675131385
PSE,NY.GDP.PCAP.CD,1995,1326.56285737146
PSE,NY.GDP.PCAP.CD,1994,1201.58154213882
PSE,NY.GDP.PCAP.CD,1993,
PSE,NY.GDP.PCAP.CD,1992,
PSE,NY.GDP.PCAP.CD,1991,
PSE,NY.GDP.PCAP.CD,1990,
PSE,NY.GDP.PCAP.CD,1989,
PSE,NY.GDP.PCAP.CD,1988,
PSE,NY.GDP.PCAP.CD,1987,
PSE,NY.GDP.PCAP.CD,1986,
PSE,NY.GDP.PCAP.CD,1985,
PSE,NY.GDP.PCAP.CD,1984,
PSE,NY.GDP.PCAP.CD,1983,
PSE,NY.GDP.PCAP.CD,1982,
PSE,NY.GDP.PCAP.CD,1981,
PSE,NY.GDP.PCAP.CD,1980,
PSE,NY.GDP.PCAP.CD,1979,
PSE,NY.GDP.PCAP.CD,1978,
PSE,NY.GDP.PCAP.CD,1977,
PSE,NY.GDP.PCAP.CD,1976,
PSE,NY.GDP.PCAP.CD,1975,
PSE,NY.GDP.PCAP.CD,1974,
PSE,NY.GDP.PCAP.CD,1973,
PSE,NY.GDP.PCAP.CD,1972,
PSE,NY.GDP.PCAP.CD,1971,
PSE,NY.GDP.PCAP.CD,1970,
PSE,NY.GDP.PCAP.CD,1969,
PSE,NY.GDP.PCAP.CD,1968,
PSE,NY.GDP.PCAP.CD,1967,
PSE,NY.GDP.PCAP.CD,1966,
PSE,NY.GDP.PCAP.CD,1965,
PSE,NY.GDP.PCAP.CD,1964,
PSE,NY.GDP.PCAP.CD,1963,
PSE,NY.GDP.PCAP.CD,1962,
PSE,NY.GDP.PCAP.CD,1961,
PSE,NY.GDP.PCAP.CD,1960,
YEM,NY.GDP.PCAP.CD,2025,
YEM,NY.GDP.PCAP.CD,2024,
YEM,NY.GDP.PCAP.CD,2023,
YEM,NY.GDP.PCAP.CD,2022,
YEM,NY.GDP.PCAP.CD,2021,
YEM,NY.GDP.PCAP.CD,2020,
YEM,NY.GDP.PCAP.CD,2019,
YEM,NY.GDP.PCAP.CD,2018,633.887202451545
YEM,NY.GDP.PCAP.CD,2017,811.165970405745
YEM,NY.GDP.PCAP.CD,2016,975.359417003225
YEM,NY.GDP.PCAP.CD,2015,1362.1738120601
YEM,NY.GDP.PCAP.CD,2014,1430.16420964026
YEM,NY.GDP.PCAP.CD,2013,1378.75002954928
YEM,NY.GDP.PCAP.CD,2012,1245.05068272078
YEM,NY.GDP.PCAP.CD,2011,1186.47500581215
YEM,NY.GDP.PCAP.CD,2010,1155.20305261418
YEM,NY.GDP.PCAP.CD,2009,969.243509864478
YEM,NY.GDP.PCAP.CD,2008,1071.63583282105
YEM,NY.GDP.PCAP.CD,2007,890.305768114988
YEM,NY.GDP.PCAP.CD,2006,809.713127624703
YEM,NY.GDP.PCAP.CD,2005,734.159908450927
YEM,NY.GDP.PCAP.CD,2004,627.632023395762
YEM,NY.GDP.PCAP.CD,2003,548.905883049973
YEM,NY.GDP.PCAP.CD,2002,513.241486570603
YEM,NY.GDP.PCAP.CD,2001,487.141257946318
YEM,NY.GDP.PCAP.CD,2000,493.235182634814
YEM,NY.GDP.PCAP.CD,1999,401.448141660801
YEM,NY.GDP.PCAP.CD,1998,342.73940747773
YEM,NY.GDP.PCAP.CD,1997,382.584928722421
YEM,NY.GDP.PCAP.CD,1996,375.214994663363
YEM,NY.GDP.PCAP.CD,1995,764.414656090937
YEM,NY.GDP.PCAP.CD,1994,1735.04419543214
YEM,NY.GDP.PCAP.CD,1993,1396.61544419009
YEM,NY.GDP.PCAP.CD,1992,1198.13031674085
YEM,NY.GDP.PCAP.CD,1991,1016.30223044813
YEM,NY.GDP.PCAP.CD,1990,910.422465960748
YEM,NY.GDP.PCAP.CD,1989,
YEM,NY.GDP.PCAP.CD,1988,
YEM,NY.GDP.PCAP.CD,1987,
YEM,NY.GDP.PCAP.CD,1986,
YEM,NY.GDP.PCAP.CD,1985,
YEM,NY.GDP.PCAP.CD,1984,
YEM,NY.GDP.PCAP.CD,1983,
YEM,NY.GDP.PCAP.CD,1982,
YEM,NY.GDP.PCAP.CD,1981,
YEM,NY.GDP.PCAP.CD,1980,
YEM,NY.GDP.PCAP.CD,1979,
YEM,NY.GDP.PCAP.CD,1978,
YEM,NY.GDP.PCAP.CD,1977,
YEM,NY.GDP.PCAP.CD,1976,
YEM,NY.GDP.PCAP.CD,1975,
YEM,NY.GDP.PCAP.CD,1974,
YEM,NY.GDP.PCAP.CD,1973,
YEM,NY.GDP.PCAP.CD,1972,
YEM,NY.GDP.PCAP.CD,1971,
YEM,NY.GDP.PCAP.CD,1970,
YEM,NY.GDP.PCAP.CD,1969,
YEM,NY.GDP.PCAP.CD,1968,
YEM,NY.GDP.PCAP.CD,1967,
YEM,NY.GDP.PCAP.CD,1966,
YEM,NY.GDP.PCAP.CD,1965,
YEM,NY.GDP.PCAP.CD,1964,
YEM,NY.GDP.PCAP.CD,1963,
YEM,NY.GDP.PCAP.CD,1962,
YEM,NY.GDP.PCAP.CD,1961,
YEM,NY.GDP.PCAP.CD,1960,
ZMB,NY.GDP.PCAP.CD,2025,
ZMB,NY.GDP.PCAP.CD,2024,1187.10943350064
ZMB,NY.GDP.PCAP.CD,2023,1330.72780576709
ZMB,NY.GDP.PCAP.CD,2022,1447.12310138035
ZMB,NY.GDP.PCAP.CD,2021,1127.16077872857
ZMB,NY.GDP.PCAP.CD,2020,951.644316655957
ZMB,NY.GDP.PCAP.CD,2019,1258.98619844462
ZMB,NY.GDP.PCAP.CD,2018,1463.89997855593
ZMB,NY.GDP.PCAP.CD,2017,1483.46577328065
ZMB,NY.GDP.PCAP.CD,2016,1239.08527877713
ZMB,NY.GDP.PCAP.CD,2015,1295.87788680068
ZMB,NY.GDP.PCAP.CD,2014,1707.48573136694
ZMB,NY.GDP.PCAP.CD,2013,1820.71854827391
ZMB,NY.GDP.PCAP.CD,2012,1710.05061343728
ZMB,NY.GDP.PCAP.CD,2011,1624.86817763443
ZMB,NY.GDP.PCAP.CD,2010,1451.10616017155
ZMB,NY.GDP.PCAP.CD,2009,1136.24168316848
ZMB,NY.GDP.PCAP.CD,2008,1375.50211006997
ZMB,NY.GDP.PCAP.CD,2007,1118.73162626953
ZMB,NY.GDP.PCAP.CD,2006,1051.71714895686
ZMB,NY.GDP.PCAP.CD,2005,710.982068171696
ZMB,NY.GDP.PCAP.CD,2004,548.685974566277
ZMB,NY.GDP.PCAP.CD,2003,446.290104839041
ZMB,NY.GDP.PCAP.CD,2002,393.864625518616
ZMB,NY.GDP.PCAP.CD,2001,396.548952993504
ZMB,NY.GDP.PCAP.CD,2000,359.429500988221
ZMB,NY.GDP.PCAP.CD,1999,349.515723095687
ZMB,NY.GDP.PCAP.CD,1998,373.084763057408
ZMB,NY.GDP.PCAP.CD,1997,465.871942164799
ZMB,NY.GDP.PCAP.CD,1996,399.511304742449
ZMB,NY.GDP.PCAP.CD,1995,433.312782642118
ZMB,NY.GDP.PCAP.CD,1994,426.386598390102
ZMB,NY.GDP.PCAP.CD,1993,390.916673784646
ZMB,NY.GDP.PCAP.CD,1992,389.254665832226
ZMB,NY.GDP.PCAP.CD,1991,423.071256835592
ZMB,NY.GDP.PCAP.CD,1990,422.336298804219
ZMB,NY.GDP.PCAP.CD,1989,526.361769256072
ZMB,NY.GDP.PCAP.CD,1988,504.486020154114
ZMB,NY.GDP.PCAP.CD,1987,314.999602622841
ZMB,NY.GDP.PCAP.CD,1986,238.23379616097
ZMB,NY.GDP.PCAP.CD,1985,332.173737253298
ZMB,NY.GDP.PCAP.CD,1984,413.269974271735
ZMB,NY.GDP.PCAP.CD,1983,520.45583354177
ZMB,NY.GDP.PCAP.CD,1982,626.532533448195
ZMB,NY.GDP.PCAP.CD,1981,669.886829361684
ZMB,NY.GDP.PCAP.CD,1980,669.419722015371
ZMB,NY.GDP.PCAP.CD,1979,595.455849101956
ZMB,NY.GDP.PCAP.CD,1978,514.334878626644
ZMB,NY.GDP.PCAP.CD,1977,474.362362443019
ZMB,NY.GDP.PCAP.CD,1976,533.231631721853
ZMB,NY.GDP.PCAP.CD,1975,489.505018740558
ZMB,NY.GDP.PCAP.CD,1974,601.101371432691
ZMB,NY.GDP.PCAP.CD,1973,517.630055161873
ZMB,NY.GDP.PCAP.CD,1972,409.781146356948
ZMB,NY.GDP.PCAP.CD,1971,372.144071511389
ZMB,NY.GDP.PCAP.CD,1970,413.904675224945
ZMB,NY.GDP.PCAP.CD,1969,458.981650783744
ZMB,NY.GDP.PCAP.CD,1968,387.087288652294
ZMB,NY.GDP.PCAP.CD,1967,340.579940386412
ZMB,NY.GDP.PCAP.CD,1966,325.025847276562
ZMB,NY.GDP.PCAP.CD,1965,287.42547598963
ZMB,NY.GDP.PCAP.CD,1964,229.979245632097
ZMB,NY.GDP.PCAP.CD,1963,203.219451227586
ZMB,NY.GDP.PCAP.CD,1962,202.28103119051
ZMB,NY.GDP.PCAP.CD,1961,209.693206426951
ZMB,NY.GDP.PCAP.CD,1960,221.559848922849
ZWE,NY.GDP.PCAP.CD,2025,
ZWE,NY.GDP.PCAP.CD,2024,2497.20332208763
ZWE,NY.GDP.PCAP.CD,2023,2195.22492079245
ZWE,NY.GDP.PCAP.CD,2022,2536.40050223076
ZWE,NY.GDP.PCAP.CD,2021,2613.60542083552
ZWE,NY.GDP.PCAP.CD,2020,2059.67445384499
ZWE,NY.GDP.PCAP.CD,2019,2184.32923855469
ZWE,NY.GDP.PCAP.CD,2018,2270.89531874302
ZWE,NY.GDP.PCAP.CD,2017,3445.44941020134
ZWE,NY.GDP.PCAP.CD,2016,1408.13945253431
ZWE,NY.GDP.PCAP.CD,2015,1387.12632595026
ZWE,NY.GDP.PCAP.CD,2014,1372.91526173161
ZWE,NY.GDP.PCAP.CD,2013,1362.99498323368
ZWE,NY.GDP.PCAP.CD,2012,1239.22709745709
ZWE,NY.GDP.PCAP.CD,2011,1037.77565157218
ZWE,NY.GDP.PCAP.CD,2010,902.010759067388
ZWE,NY.GDP.PCAP.CD,2009,735.821693871697
ZWE,NY.GDP.PCAP.CD,2008,340.917447588572
ZWE,NY.GDP.PCAP.CD,2007,413.521244592925
ZWE,NY.GDP.PCAP.CD,2006,431.034994414964
ZWE,NY.GDP.PCAP.CD,2005,461.271387547912
ZWE,NY.GDP.PCAP.CD,2004,469.719298949304
ZWE,NY.GDP.PCAP.CD,2003,468.471932927213
ZWE,NY.GDP.PCAP.CD,2002,524.936478570323
ZWE,NY.GDP.PCAP.CD,2001,566.388746448872
ZWE,NY.GDP.PCAP.CD,2000,562.833757496076
ZWE,NY.GDP.PCAP.CD,1999,582.299355588147
ZWE,NY.GDP.PCAP.CD,1998,552.448328691252
ZWE,NY.GDP.PCAP.CD,1997,750.583100340929
ZWE,NY.GDP.PCAP.CD,1996,766.913775859535
ZWE,NY.GDP.PCAP.CD,1995,648.315259628165
ZWE,NY.GDP.PCAP.CD,1994,634.062003018813
ZWE,NY.GDP.PCAP.CD,1993,604.70311652877
ZWE,NY.GDP.PCAP.CD,1992,631.149149280088
ZWE,NY.GDP.PCAP.CD,1991,830.961354818769
ZWE,NY.GDP.PCAP.CD,1990,866.928868406131
ZWE,NY.GDP.PCAP.CD,1989,840.417972601175
ZWE,NY.GDP.PCAP.CD,1988,815.89246404532
ZWE,NY.GDP.PCAP.CD,1987,726.43141011947
ZWE,NY.GDP.PCAP.CD,1986,692.529276865648
ZWE,NY.GDP.PCAP.CD,1985,649.27581323637
ZWE,NY.GDP.PCAP.CD,1984,757.359025240321
ZWE,NY.GDP.PCAP.CD,1983,959.205194217604
ZWE,NY.GDP.PCAP.CD,1982,1095.88472887835
ZWE,NY.GDP.PCAP.CD,1981,1068.92311090177
ZWE,NY.GDP.PCAP.CD,1980,949.011610530352
ZWE,NY.GDP.PCAP.CD,1979,779.249232367068
ZWE,NY.GDP.PCAP.CD,1978,665.358361846219
ZWE,NY.GDP.PCAP.CD,1977,677.045095606361
ZWE,NY.GDP.PCAP.CD,1976,687.212457369771
ZWE,NY.GDP.PCAP.CD,1975,717.130326238498
ZWE,NY.GDP.PCAP.CD,1974,674.335381210306
ZWE,NY.GDP.PCAP.CD,1973,578.81284112321
ZWE,NY.GDP.PCAP.CD,1972,483.378111388597
ZWE,NY.GDP.PCAP.CD,1971,405.571258550669
ZWE,NY.GDP.PCAP.CD,1970,361.425992338609
ZWE,NY.GDP.PCAP.CD,1969,345.754984688223
ZWE,NY.GDP.PCAP.CD,1968,302.086211635024
ZWE,NY.GDP.PCAP.CD,1967,294.360765229111
ZWE,NY.GDP.PCAP.CD,1966,278.709727530089
ZWE,NY.GDP.PCAP.CD,1965,294.295520209542
ZWE,NY.GDP.PCAP.CD,1964,281.888369368235
ZWE,NY.GDP.PCAP.CD,1963,277.147112572228
ZWE,NY.GDP.PCAP.CD,1962,275.686274355878
ZWE,NY.GDP.PCAP.CD,1961,279.158927151344
ZWE,NY.GDP.PCAP.CD,1960,276.560896360952
