country_iso3,indicator,year,value
AFE,FP.CPI.TOTL.ZG,2025,
AFE,FP.CPI.TOTL.ZG,2024,4.48978854243448
AFE,FP.CPI.TOTL.ZG,2023,7.39918558080627
AFE,FP.CPI.TOTL.ZG,2022,10.8834775726018
AFE,FP.CPI.TOTL.ZG,2021,6.82472709282067
AFE,FP.CPI.TOTL.ZG,2020,5.19162942092851
AFE,FP.CPI.TOTL.ZG,2019,4.10285075461156
AFE,FP.CPI.TOTL.ZG,2018,4.6898064677633
AFE,FP.CPI.TOTL.ZG,2017,6.22137528933118
AFE,FP.CPI.TOTL.ZG,2016,6.44687722255584
AFE,FP.CPI.TOTL.ZG,2015,5.09856164363687
AFE,FP.CPI.TOTL.ZG,2014,5.52581923392517
AFE,FP.CPI.TOTL.ZG,2013,5.74883133553454
AFE,FP.CPI.TOTL.ZG,2012,9.15870843167905
AFE,FP.CPI.TOTL.ZG,2011,8.97120640995788
AFE,FP.CPI.TOTL.ZG,2010,5.53753791645676
AFE,FP.CPI.TOTL.ZG,2009,8.95421802392949
AFE,FP.CPI.TOTL.ZG,2008,12.5666446595157
AFE,FP.CPI.TOTL.ZG,2007,8.45077480635
AFE,FP.CPI.TOTL.ZG,2006,8.89816380214033
AFE,FP.CPI.TOTL.ZG,2005,8.55803802239778
AFE,FP.CPI.TOTL.ZG,2004,5.02342068616285
AFE,FP.CPI.TOTL.ZG,2003,7.44970014007366
AFE,FP.CPI.TOTL.ZG,2002,8.76375520313543
AFE,FP.CPI.TOTL.ZG,2001,5.84035398311557
AFE,FP.CPI.TOTL.ZG,2000,8.60148514851491
AFE,FP.CPI.TOTL.ZG,1999,7.81986477630862
AFE,FP.CPI.TOTL.ZG,1998,7.49525542305607
AFE,FP.CPI.TOTL.ZG,1997,10.2495987403066
AFE,FP.CPI.TOTL.ZG,1996,9.70658632526504
AFE,FP.CPI.TOTL.ZG,1995,12.2885912601426
AFE,FP.CPI.TOTL.ZG,1994,14.8528149833969
AFE,FP.CPI.TOTL.ZG,1993,13.1356607683724
AFE,FP.CPI.TOTL.ZG,1992,16.1676123963339
AFE,FP.CPI.TOTL.ZG,1991,17.6781002638523
AFE,FP.CPI.TOTL.ZG,1990,12.4579139789566
AFE,FP.CPI.TOTL.ZG,1989,12.5582020707012
AFE,FP.CPI.TOTL.ZG,1988,12.5222580655931
AFE,FP.CPI.TOTL.ZG,1987,12.5634432211069
AFE,FP.CPI.TOTL.ZG,1986,13.8919716455565
AFE,FP.CPI.TOTL.ZG,1985,13.0065664218827
AFE,FP.CPI.TOTL.ZG,1984,10.9838625715774
AFE,FP.CPI.TOTL.ZG,1983,11.5675243834069
AFE,FP.CPI.TOTL.ZG,1982,12.1399176954734
AFE,FP.CPI.TOTL.ZG,1981,14.4615910742106
AFE,FP.CPI.TOTL.ZG,1980,15.0665115372509
AFE,FP.CPI.TOTL.ZG,1979,15.0698498241015
AFE,FP.CPI.TOTL.ZG,1978,12.5268925146401
AFE,FP.CPI.TOTL.ZG,1977,14.2380554942681
AFE,FP.CPI.TOTL.ZG,1976,11.2164812938294
AFE,FP.CPI.TOTL.ZG,1975,15.2240989352891
AFE,FP.CPI.TOTL.ZG,1974,19.5983935742148
AFE,FP.CPI.TOTL.ZG,1973,
AFE,FP.CPI.TOTL.ZG,1972,
AFE,FP.CPI.TOTL.ZG,1971,
AFE,FP.CPI.TOTL.ZG,1970,
AFE,FP.CPI.TOTL.ZG,1969,
AFE,FP.CPI.TOTL.ZG,1968,
AFE,FP.CPI.TOTL.ZG,1967,
AFE,FP.CPI.TOTL.ZG,1966,
AFE,FP.CPI.TOTL.ZG,1965,
AFE,FP.CPI.TOTL.ZG,1964,
AFE,FP.CPI.TOTL.ZG,1963,
AFE,FP.CPI.TOTL.ZG,1962,
AFE,FP.CPI.TOTL.ZG,1961,
AFE,FP.CPI.TOTL.ZG,1960,
AFW,FP.CPI.TOTL.ZG,2025,
AFW,FP.CPI.TOTL.ZG,2024,3.60804426950566
AFW,FP.CPI.TOTL.ZG,2023,5.22116801324002
AFW,FP.CPI.TOTL.ZG,2022,7.94925143524016
AFW,FP.CPI.TOTL.ZG,2021,3.74556782333009
AFW,FP.CPI.TOTL.ZG,2020,2.49037783931949
AFW,FP.CPI.TOTL.ZG,2019,1.98309228487232
AFW,FP.CPI.TOTL.ZG,2018,1.78404994832044
AFW,FP.CPI.TOTL.ZG,2017,1.72548602374731
AFW,FP.CPI.TOTL.ZG,2016,1.48741550755546
AFW,FP.CPI.TOTL.ZG,2015,2.13081738058791
AFW,FP.CPI.TOTL.ZG,2014,1.76843582146224
AFW,FP.CPI.TOTL.ZG,2013,2.43920076104126
AFW,FP.CPI.TOTL.ZG,2012,4.57837463515948
AFW,FP.CPI.TOTL.ZG,2011,4.01869907534492
AFW,FP.CPI.TOTL.ZG,2010,1.78484420477113
AFW,FP.CPI.TOTL.ZG,2009,3.28244037589321
AFW,FP.CPI.TOTL.ZG,2008,8.45297623326755
AFW,FP.CPI.TOTL.ZG,2007,3.60736767984596
AFW,FP.CPI.TOTL.ZG,2006,4.41589984169561
AFW,FP.CPI.TOTL.ZG,2005,5.63163351357613
AFW,FP.CPI.TOTL.ZG,2004,0.694336305945758
AFW,FP.CPI.TOTL.ZG,2003,1.76090410099629
AFW,FP.CPI.TOTL.ZG,2002,3.18869330220589
AFW,FP.CPI.TOTL.ZG,2001,4.36152914007256
AFW,FP.CPI.TOTL.ZG,2000,2.53077516737997
AFW,FP.CPI.TOTL.ZG,1999,0.372266170311928
AFW,FP.CPI.TOTL.ZG,1998,4.47112543851099
AFW,FP.CPI.TOTL.ZG,1997,3.99714170439303
AFW,FP.CPI.TOTL.ZG,1996,4.91423972637201
AFW,FP.CPI.TOTL.ZG,1995,10.5632886691814
AFW,FP.CPI.TOTL.ZG,1994,31.8410168416385
AFW,FP.CPI.TOTL.ZG,1993,0.553455723541917
AFW,FP.CPI.TOTL.ZG,1992,-0.0629990064787035
AFW,FP.CPI.TOTL.ZG,1991,1.74188785932669
AFW,FP.CPI.TOTL.ZG,1990,1.05736139457209
AFW,FP.CPI.TOTL.ZG,1989,0.869287022608288
AFW,FP.CPI.TOTL.ZG,1988,2.52365930599391
AFW,FP.CPI.TOTL.ZG,1987,0.248788555354745
AFW,FP.CPI.TOTL.ZG,1986,5.95096499946618
AFW,FP.CPI.TOTL.ZG,1985,7.3549257759783
AFW,FP.CPI.TOTL.ZG,1984,11.2499999999997
AFW,FP.CPI.TOTL.ZG,1983,10.6719367588934
AFW,FP.CPI.TOTL.ZG,1982,12.0597652081337
AFW,FP.CPI.TOTL.ZG,1981,8.79921083308777
AFW,FP.CPI.TOTL.ZG,1980,
AFW,FP.CPI.TOTL.ZG,1979,
AFW,FP.CPI.TOTL.ZG,1978,
AFW,FP.CPI.TOTL.ZG,1977,
AFW,FP.CPI.TOTL.ZG,1976,
AFW,FP.CPI.TOTL.ZG,1975,
AFW,FP.CPI.TOTL.ZG,1974,
AFW,FP.CPI.TOTL.ZG,1973,
AFW,FP.CPI.TOTL.ZG,1972,
AFW,FP.CPI.TOTL.ZG,1971,
AFW,FP.CPI.TOTL.ZG,1970,
AFW,FP.CPI.TOTL.ZG,1969,
AFW,FP.CPI.TOTL.ZG,1968,
AFW,FP.CPI.TOTL.ZG,1967,
AFW,FP.CPI.TOTL.ZG,1966,
AFW,FP.CPI.TOTL.ZG,1965,
AFW,FP.CPI.TOTL.ZG,1964,
AFW,FP.CPI.TOTL.ZG,1963,
AFW,FP.CPI.TOTL.ZG,1962,
AFW,FP.CPI.TOTL.ZG,1961,
AFW,FP.CPI.TOTL.ZG,1960,
ARB,FP.CPI.TOTL.ZG,2025,
ARB,FP.CPI.TOTL.ZG,2024,2.10135577419612
ARB,FP.CPI.TOTL.ZG,2023,4.00025877060147
ARB,FP.CPI.TOTL.ZG,2022,5.17980847967061
ARB,FP.CPI.TOTL.ZG,2021,2.86833027751019
ARB,FP.CPI.TOTL.ZG,2020,1.44703656998741
ARB,FP.CPI.TOTL.ZG,2019,1.33601568147656
ARB,FP.CPI.TOTL.ZG,2018,2.30874696703938
ARB,FP.CPI.TOTL.ZG,2017,2.06932928164424
ARB,FP.CPI.TOTL.ZG,2016,2.36503123461077
ARB,FP.CPI.TOTL.ZG,2015,1.83135233156369
ARB,FP.CPI.TOTL.ZG,2014,2.89947905006057
ARB,FP.CPI.TOTL.ZG,2013,3.25423910998847
ARB,FP.CPI.TOTL.ZG,2012,4.6118443220664
ARB,FP.CPI.TOTL.ZG,2011,4.7531638888563
ARB,FP.CPI.TOTL.ZG,2010,3.91106195534028
ARB,FP.CPI.TOTL.ZG,2009,2.92089711805367
ARB,FP.CPI.TOTL.ZG,2008,11.2706652380848
ARB,FP.CPI.TOTL.ZG,2007,4.74390639021648
ARB,FP.CPI.TOTL.ZG,2006,3.54498591605033
ARB,FP.CPI.TOTL.ZG,2005,3.49368534619531
ARB,FP.CPI.TOTL.ZG,2004,3.63228004956625
ARB,FP.CPI.TOTL.ZG,2003,2.71259247474352
ARB,FP.CPI.TOTL.ZG,2002,1.83299389002049
ARB,FP.CPI.TOTL.ZG,2001,1.77220437351017
ARB,FP.CPI.TOTL.ZG,2000,1.85379035325277
ARB,FP.CPI.TOTL.ZG,1999,2.66937369053699
ARB,FP.CPI.TOTL.ZG,1998,3.41731948975801
ARB,FP.CPI.TOTL.ZG,1997,3.60116103260946
ARB,FP.CPI.TOTL.ZG,1996,4.68130623916413
ARB,FP.CPI.TOTL.ZG,1995,6.54379068524171
ARB,FP.CPI.TOTL.ZG,1994,5.11259890444314
ARB,FP.CPI.TOTL.ZG,1993,9.37034415971461
ARB,FP.CPI.TOTL.ZG,1992,9.35975158953135
ARB,FP.CPI.TOTL.ZG,1991,9.00000000000003
ARB,FP.CPI.TOTL.ZG,1990,8.45146240803882
ARB,FP.CPI.TOTL.ZG,1989,7.74088603961336
ARB,FP.CPI.TOTL.ZG,1988,5.91154496373489
ARB,FP.CPI.TOTL.ZG,1987,4.22241666240752
ARB,FP.CPI.TOTL.ZG,1986,7.4333333333332
ARB,FP.CPI.TOTL.ZG,1985,7.25436179981635
ARB,FP.CPI.TOTL.ZG,1984,8.116397955171
ARB,FP.CPI.TOTL.ZG,1983,5.49366551432091
ARB,FP.CPI.TOTL.ZG,1982,8.33125575581156
ARB,FP.CPI.TOTL.ZG,1981,10.7585034160145
ARB,FP.CPI.TOTL.ZG,1980,9.62605664613178
ARB,FP.CPI.TOTL.ZG,1979,
ARB,FP.CPI.TOTL.ZG,1978,9.7160327495434
ARB,FP.CPI.TOTL.ZG,1977,11.989283322105
ARB,FP.CPI.TOTL.ZG,1976,10.3174158877413
ARB,FP.CPI.TOTL.ZG,1975,9.66969548151245
ARB,FP.CPI.TOTL.ZG,1974,15.5282817502668
ARB,FP.CPI.TOTL.ZG,1973,8.26666666600006
ARB,FP.CPI.TOTL.ZG,1972,
ARB,FP.CPI.TOTL.ZG,1971,
ARB,FP.CPI.TOTL.ZG,1970,
ARB,FP.CPI.TOTL.ZG,1969,
ARB,FP.CPI.TOTL.ZG,1968,
ARB,FP.CPI.TOTL.ZG,1967,
ARB,FP.CPI.TOTL.ZG,1966,
ARB,FP.CPI.TOTL.ZG,1965,
ARB,FP.CPI.TOTL.ZG,1964,
ARB,FP.CPI.TOTL.ZG,1963,
ARB,FP.CPI.TOTL.ZG,1962,
ARB,FP.CPI.TOTL.ZG,1961,
ARB,FP.CPI.TOTL.ZG,1960,
CSS,FP.CPI.TOTL.ZG,2025,
CSS,FP.CPI.TOTL.ZG,2024,2.56921890367726
CSS,FP.CPI.TOTL.ZG,2023,4.47720868651285
CSS,FP.CPI.TOTL.ZG,2022,5.82838638517959
CSS,FP.CPI.TOTL.ZG,2021,2.22891330700344
CSS,FP.CPI.TOTL.ZG,2020,0.121434644614894
CSS,FP.CPI.TOTL.ZG,2019,1.00054293027237
CSS,FP.CPI.TOTL.ZG,2018,1.20715793367008
CSS,FP.CPI.TOTL.ZG,2017,1.6992957045984
CSS,FP.CPI.TOTL.ZG,2016,0.402621696824957
CSS,FP.CPI.TOTL.ZG,2015,-0.852705497033039
CSS,FP.CPI.TOTL.ZG,2014,1.14542060958206
CSS,FP.CPI.TOTL.ZG,2013,1.08324168178149
CSS,FP.CPI.TOTL.ZG,2012,2.50461059084482
CSS,FP.CPI.TOTL.ZG,2011,3.32776554447465
CSS,FP.CPI.TOTL.ZG,2010,3.31018474700138
CSS,FP.CPI.TOTL.ZG,2009,0.213901348378942
CSS,FP.CPI.TOTL.ZG,2008,7.21385213950187
CSS,FP.CPI.TOTL.ZG,2007,3.94652952677362
CSS,FP.CPI.TOTL.ZG,2006,3.4963141902432
CSS,FP.CPI.TOTL.ZG,2005,3.6046180511121
CSS,FP.CPI.TOTL.ZG,2004,2.35433222144196
CSS,FP.CPI.TOTL.ZG,2003,2.19518237141616
CSS,FP.CPI.TOTL.ZG,2002,2.10733447564151
CSS,FP.CPI.TOTL.ZG,2001,2.60262402317311
CSS,FP.CPI.TOTL.ZG,2000,2.30881560835479
CSS,FP.CPI.TOTL.ZG,1999,2.09072882416176
CSS,FP.CPI.TOTL.ZG,1998,2.1952625003759
CSS,FP.CPI.TOTL.ZG,1997,2.43629715479674
CSS,FP.CPI.TOTL.ZG,1996,2.08657385169121
CSS,FP.CPI.TOTL.ZG,1995,2.88961584372151
CSS,FP.CPI.TOTL.ZG,1994,2.00580631724619
CSS,FP.CPI.TOTL.ZG,1993,2.25887956702186
CSS,FP.CPI.TOTL.ZG,1992,5.30536169644503
CSS,FP.CPI.TOTL.ZG,1991,5.52453270215233
CSS,FP.CPI.TOTL.ZG,1990,4.13927035305795
CSS,FP.CPI.TOTL.ZG,1989,5.2788115917369
CSS,FP.CPI.TOTL.ZG,1988,3.56944444444454
CSS,FP.CPI.TOTL.ZG,1987,3.66815577042445
CSS,FP.CPI.TOTL.ZG,1986,1.76016335297524
CSS,FP.CPI.TOTL.ZG,1985,3.82754261573517
CSS,FP.CPI.TOTL.ZG,1984,3.53582207812307
CSS,FP.CPI.TOTL.ZG,1983,4.70395243717878
CSS,FP.CPI.TOTL.ZG,1982,7.03364457480115
CSS,FP.CPI.TOTL.ZG,1981,13.0011720698715
CSS,FP.CPI.TOTL.ZG,1980,17.3388896416565
CSS,FP.CPI.TOTL.ZG,1979,14.7221703689992
CSS,FP.CPI.TOTL.ZG,1978,9.15295600140715
CSS,FP.CPI.TOTL.ZG,1977,9.61739401027866
CSS,FP.CPI.TOTL.ZG,1976,10.0695380302795
CSS,FP.CPI.TOTL.ZG,1975,16.9790604656895
CSS,FP.CPI.TOTL.ZG,1974,28.1227907493205
CSS,FP.CPI.TOTL.ZG,1973,13.1907070156339
CSS,FP.CPI.TOTL.ZG,1972,7.3556938040386
CSS,FP.CPI.TOTL.ZG,1971,4.12618893277718
CSS,FP.CPI.TOTL.ZG,1970,6.71815489749284
CSS,FP.CPI.TOTL.ZG,1969,5.02551027728158
CSS,FP.CPI.TOTL.ZG,1968,4.95547524072765
CSS,FP.CPI.TOTL.ZG,1967,3.42102712027143
CSS,FP.CPI.TOTL.ZG,1966,
CSS,FP.CPI.TOTL.ZG,1965,
CSS,FP.CPI.TOTL.ZG,1964,
CSS,FP.CPI.TOTL.ZG,1963,
CSS,FP.CPI.TOTL.ZG,1962,
CSS,FP.CPI.TOTL.ZG,1961,
CSS,FP.CPI.TOTL.ZG,1960,
CEB,FP.CPI.TOTL.ZG,2025,
CEB,FP.CPI.TOTL.ZG,2024,2.75760909424272
CEB,FP.CPI.TOTL.ZG,2023,9.44284140088564
CEB,FP.CPI.TOTL.ZG,2022,14.6081439492433
CEB,FP.CPI.TOTL.ZG,2021,3.83984491500146
CEB,FP.CPI.TOTL.ZG,2020,1.67244096855756
CEB,FP.CPI.TOTL.ZG,2019,2.66456133425431
CEB,FP.CPI.TOTL.ZG,2018,2.53445424186598
CEB,FP.CPI.TOTL.ZG,2017,2.0759355367385
CEB,FP.CPI.TOTL.ZG,2016,-0.054999541670474
CEB,FP.CPI.TOTL.ZG,2015,-0.464499004644911
CEB,FP.CPI.TOTL.ZG,2014,0.0538213132399802
CEB,FP.CPI.TOTL.ZG,2013,1.4382978723404
CEB,FP.CPI.TOTL.ZG,2012,3.33492267693442
CEB,FP.CPI.TOTL.ZG,2011,4.13027562645085
CEB,FP.CPI.TOTL.ZG,2010,1.80117022137134
CEB,FP.CPI.TOTL.ZG,2009,2.75320223914816
CEB,FP.CPI.TOTL.ZG,2008,6.35866380152373
CEB,FP.CPI.TOTL.ZG,2007,4.83732928313989
CEB,FP.CPI.TOTL.ZG,2006,3.93032603841001
CEB,FP.CPI.TOTL.ZG,2005,3.31717824448045
CEB,FP.CPI.TOTL.ZG,2004,3.59297594249509
CEB,FP.CPI.TOTL.ZG,2003,2.34864169582755
CEB,FP.CPI.TOTL.ZG,2002,3.12714222984608
CEB,FP.CPI.TOTL.ZG,2001,5.74827981651373
CEB,FP.CPI.TOTL.ZG,2000,8.91174418658769
CEB,FP.CPI.TOTL.ZG,1999,4.01913875598086
CEB,FP.CPI.TOTL.ZG,1998,8.20833333333298
CEB,FP.CPI.TOTL.ZG,1997,8.88104848465892
CEB,FP.CPI.TOTL.ZG,1996,19.7949669196707
CEB,FP.CPI.TOTL.ZG,1995,27.951388563304
CEB,FP.CPI.TOTL.ZG,1994,35.9247053929642
CEB,FP.CPI.TOTL.ZG,1993,72.8787913866333
CEB,FP.CPI.TOTL.ZG,1992,150.615831956876
CEB,FP.CPI.TOTL.ZG,1991,118.527578905984
CEB,FP.CPI.TOTL.ZG,1990,
CEB,FP.CPI.TOTL.ZG,1989,
CEB,FP.CPI.TOTL.ZG,1988,
CEB,FP.CPI.TOTL.ZG,1987,
CEB,FP.CPI.TOTL.ZG,1986,
CEB,FP.CPI.TOTL.ZG,1985,
CEB,FP.CPI.TOTL.ZG,1984,
CEB,FP.CPI.TOTL.ZG,1983,
CEB,FP.CPI.TOTL.ZG,1982,
CEB,FP.CPI.TOTL.ZG,1981,
CEB,FP.CPI.TOTL.ZG,1980,
CEB,FP.CPI.TOTL.ZG,1979,
CEB,FP.CPI.TOTL.ZG,1978,
CEB,FP.CPI.TOTL.ZG,1977,
CEB,FP.CPI.TOTL.ZG,1976,
CEB,FP.CPI.TOTL.ZG,1975,
CEB,FP.CPI.TOTL.ZG,1974,
CEB,FP.CPI.TOTL.ZG,1973,
CEB,FP.CPI.TOTL.ZG,1972,
CEB,FP.CPI.TOTL.ZG,1971,
CEB,FP.CPI.TOTL.ZG,1970,
CEB,FP.CPI.TOTL.ZG,1969,
CEB,FP.CPI.TOTL.ZG,1968,
CEB,FP.CPI.TOTL.ZG,1967,
CEB,FP.CPI.TOTL.ZG,1966,
CEB,FP.CPI.TOTL.ZG,1965,
CEB,FP.CPI.TOTL.ZG,1964,
CEB,FP.CPI.TOTL.ZG,1963,
CEB,FP.CPI.TOTL.ZG,1962,
CEB,FP.CPI.TOTL.ZG,1961,
CEB,FP.CPI.TOTL.ZG,1960,
EAR,FP.CPI.TOTL.ZG,2025,
EAR,FP.CPI.TOTL.ZG,2024,3.29589662451998
EAR,FP.CPI.TOTL.ZG,2023,5.88585897042164
EAR,FP.CPI.TOTL.ZG,2022,7.19861615609867
EAR,FP.CPI.TOTL.ZG,2021,4.12676744440695
EAR,FP.CPI.TOTL.ZG,2020,2.96354992076065
EAR,FP.CPI.TOTL.ZG,2019,2.76252019386111
EAR,FP.CPI.TOTL.ZG,2018,3.97561015740694
EAR,FP.CPI.TOTL.ZG,2017,3.32817337461298
EAR,FP.CPI.TOTL.ZG,2016,3.52317317628473
EAR,FP.CPI.TOTL.ZG,2015,3.12900274473925
EAR,FP.CPI.TOTL.ZG,2014,4.07392957476225
EAR,FP.CPI.TOTL.ZG,2013,4.82778705505169
EAR,FP.CPI.TOTL.ZG,2012,5.01827254237431
EAR,FP.CPI.TOTL.ZG,2011,5.81149223300288
EAR,FP.CPI.TOTL.ZG,2010,4.3974138315007
EAR,FP.CPI.TOTL.ZG,2009,4.37376765455939
EAR,FP.CPI.TOTL.ZG,2008,10.4469875128223
EAR,FP.CPI.TOTL.ZG,2007,6.17781214809388
EAR,FP.CPI.TOTL.ZG,2006,5.68713772607966
EAR,FP.CPI.TOTL.ZG,2005,4.8217005071285
EAR,FP.CPI.TOTL.ZG,2004,4.43526108410782
EAR,FP.CPI.TOTL.ZG,2003,5.45293224327203
EAR,FP.CPI.TOTL.ZG,2002,4.24026660688645
EAR,FP.CPI.TOTL.ZG,2001,3.7508205747202
EAR,FP.CPI.TOTL.ZG,2000,3.89952980284712
EAR,FP.CPI.TOTL.ZG,1999,5.02344345094613
EAR,FP.CPI.TOTL.ZG,1998,6.42073242971301
EAR,FP.CPI.TOTL.ZG,1997,7.01828599869913
EAR,FP.CPI.TOTL.ZG,1996,8.51995195925336
EAR,FP.CPI.TOTL.ZG,1995,10.0221733553239
EAR,FP.CPI.TOTL.ZG,1994,9.59324963960296
EAR,FP.CPI.TOTL.ZG,1993,9.97366476029209
EAR,FP.CPI.TOTL.ZG,1992,10.5274440119592
EAR,FP.CPI.TOTL.ZG,1991,15.050130775937
EAR,FP.CPI.TOTL.ZG,1990,11.9060546010382
EAR,FP.CPI.TOTL.ZG,1989,9.07562408537859
EAR,FP.CPI.TOTL.ZG,1988,8.98300338208989
EAR,FP.CPI.TOTL.ZG,1987,9.75300310170998
EAR,FP.CPI.TOTL.ZG,1986,10.4379579935207
EAR,FP.CPI.TOTL.ZG,1985,9.35333081274149
EAR,FP.CPI.TOTL.ZG,1984,8.49737141281979
EAR,FP.CPI.TOTL.ZG,1983,10.2436633526545
EAR,FP.CPI.TOTL.ZG,1982,10.2217271376892
EAR,FP.CPI.TOTL.ZG,1981,12.413261372398
EAR,FP.CPI.TOTL.ZG,1980,14.6845027763768
EAR,FP.CPI.TOTL.ZG,1979,11.5424155726988
EAR,FP.CPI.TOTL.ZG,1978,9.31418369560825
EAR,FP.CPI.TOTL.ZG,1977,12.1569315041025
EAR,FP.CPI.TOTL.ZG,1976,10.1220840734225
EAR,FP.CPI.TOTL.ZG,1975,12.8791818338341
EAR,FP.CPI.TOTL.ZG,1974,19.0704733006475
EAR,FP.CPI.TOTL.ZG,1973,12.0819394612938
EAR,FP.CPI.TOTL.ZG,1972,6.07499999951511
EAR,FP.CPI.TOTL.ZG,1971,4.19529837265423
EAR,FP.CPI.TOTL.ZG,1970,3.8126649076679
EAR,FP.CPI.TOTL.ZG,1969,2.9751392473965
EAR,FP.CPI.TOTL.ZG,1968,2.07922185813625
EAR,FP.CPI.TOTL.ZG,1967,1.97774154682666
EAR,FP.CPI.TOTL.ZG,1966,4.47981069723109
EAR,FP.CPI.TOTL.ZG,1965,
EAR,FP.CPI.TOTL.ZG,1964,
EAR,FP.CPI.TOTL.ZG,1963,
EAR,FP.CPI.TOTL.ZG,1962,
EAR,FP.CPI.TOTL.ZG,1961,
EAR,FP.CPI.TOTL.ZG,1960,
EAS,FP.CPI.TOTL.ZG,2025,
EAS,FP.CPI.TOTL.ZG,2024,2.3556272611928
EAS,FP.CPI.TOTL.ZG,2023,5.21536927681554
EAS,FP.CPI.TOTL.ZG,2022,5.34595440908904
EAS,FP.CPI.TOTL.ZG,2021,2.47710241465447
EAS,FP.CPI.TOTL.ZG,2020,0.846905537459305
EAS,FP.CPI.TOTL.ZG,2019,1.70397863236257
EAS,FP.CPI.TOTL.ZG,2018,2.368549058067
EAS,FP.CPI.TOTL.ZG,2017,1.80034222468621
EAS,FP.CPI.TOTL.ZG,2016,1.27699094497324
EAS,FP.CPI.TOTL.ZG,2015,0.795279630579839
EAS,FP.CPI.TOTL.ZG,2014,2.51087633253706
EAS,FP.CPI.TOTL.ZG,2013,2.58268766141795
EAS,FP.CPI.TOTL.ZG,2012,2.97460779814468
EAS,FP.CPI.TOTL.ZG,2011,5.0214601462073
EAS,FP.CPI.TOTL.ZG,2010,3.05730563962442
EAS,FP.CPI.TOTL.ZG,2009,1.6217301400345
EAS,FP.CPI.TOTL.ZG,2008,8.34208634920956
EAS,FP.CPI.TOTL.ZG,2007,3.76400259181596
EAS,FP.CPI.TOTL.ZG,2006,3.93616259929866
EAS,FP.CPI.TOTL.ZG,2005,3.03702332617012
EAS,FP.CPI.TOTL.ZG,2004,3.23751394003321
EAS,FP.CPI.TOTL.ZG,2003,2.28915662650607
EAS,FP.CPI.TOTL.ZG,2002,1.88572000240366
EAS,FP.CPI.TOTL.ZG,2001,3.57755452095074
EAS,FP.CPI.TOTL.ZG,2000,1.59196917460972
EAS,FP.CPI.TOTL.ZG,1999,1.98382427234187
EAS,FP.CPI.TOTL.ZG,1998,5.49101180380942
EAS,FP.CPI.TOTL.ZG,1997,3.72765760183632
EAS,FP.CPI.TOTL.ZG,1996,5.52480986015136
EAS,FP.CPI.TOTL.ZG,1995,4.62776659959759
EAS,FP.CPI.TOTL.ZG,1994,5.64990893945513
EAS,FP.CPI.TOTL.ZG,1993,4.887555452635
EAS,FP.CPI.TOTL.ZG,1992,6.21328146355184
EAS,FP.CPI.TOTL.ZG,1991,6.49734555984547
EAS,FP.CPI.TOTL.ZG,1990,7.81919756505635
EAS,FP.CPI.TOTL.ZG,1989,6.41554079916364
EAS,FP.CPI.TOTL.ZG,1988,7.8873239436618
EAS,FP.CPI.TOTL.ZG,1987,4.68598778792495
EAS,FP.CPI.TOTL.ZG,1986,
EAS,FP.CPI.TOTL.ZG,1985,
EAS,FP.CPI.TOTL.ZG,1984,
EAS,FP.CPI.TOTL.ZG,1983,
EAS,FP.CPI.TOTL.ZG,1982,
EAS,FP.CPI.TOTL.ZG,1981,
EAS,FP.CPI.TOTL.ZG,1980,
EAS,FP.CPI.TOTL.ZG,1979,
EAS,FP.CPI.TOTL.ZG,1978,
EAS,FP.CPI.TOTL.ZG,1977,
EAS,FP.CPI.TOTL.ZG,1976,
EAS,FP.CPI.TOTL.ZG,1975,
EAS,FP.CPI.TOTL.ZG,1974,
EAS,FP.CPI.TOTL.ZG,1973,
EAS,FP.CPI.TOTL.ZG,1972,
EAS,FP.CPI.TOTL.ZG,1971,
EAS,FP.CPI.TOTL.ZG,1970,
EAS,FP.CPI.TOTL.ZG,1969,
EAS,FP.CPI.TOTL.ZG,1968,
EAS,FP.CPI.TOTL.ZG,1967,
EAS,FP.CPI.TOTL.ZG,1966,
EAS,FP.CPI.TOTL.ZG,1965,
EAS,FP.CPI.TOTL.ZG,1964,
EAS,FP.CPI.TOTL.ZG,1963,
EAS,FP.CPI.TOTL.ZG,1962,
EAS,FP.CPI.TOTL.ZG,1961,
EAS,FP.CPI.TOTL.ZG,1960,
EAP,FP.CPI.TOTL.ZG,2025,
EAP,FP.CPI.TOTL.ZG,2024,2.31848172887108
EAP,FP.CPI.TOTL.ZG,2023,5.97802515541409
EAP,FP.CPI.TOTL.ZG,2022,5.37734908193985
EAP,FP.CPI.TOTL.ZG,2021,2.69891859529198
EAP,FP.CPI.TOTL.ZG,2020,2.40629214387011
EAP,FP.CPI.TOTL.ZG,2019,1.94257500833107
EAP,FP.CPI.TOTL.ZG,2018,3.19834755924996
EAP,FP.CPI.TOTL.ZG,2017,2.91263557371478
EAP,FP.CPI.TOTL.ZG,2016,1.91731090233378
EAP,FP.CPI.TOTL.ZG,2015,1.22393195511119
EAP,FP.CPI.TOTL.ZG,2014,3.14299050879095
EAP,FP.CPI.TOTL.ZG,2013,2.91354193604001
EAP,FP.CPI.TOTL.ZG,2012,3.02696391124796
EAP,FP.CPI.TOTL.ZG,2011,5.29573220295508
EAP,FP.CPI.TOTL.ZG,2010,3.68901229670758
EAP,FP.CPI.TOTL.ZG,2009,4.21903052064628
EAP,FP.CPI.TOTL.ZG,2008,10.2266663272483
EAP,FP.CPI.TOTL.ZG,2007,4.81676767378834
EAP,FP.CPI.TOTL.ZG,2006,4.86632048837461
EAP,FP.CPI.TOTL.ZG,2005,5.52861156446484
EAP,FP.CPI.TOTL.ZG,2004,4.42677525782239
EAP,FP.CPI.TOTL.ZG,2003,3.70369797528481
EAP,FP.CPI.TOTL.ZG,2002,2.72277227722765
EAP,FP.CPI.TOTL.ZG,2001,4.27267024465104
EAP,FP.CPI.TOTL.ZG,2000,2.15851810619419
EAP,FP.CPI.TOTL.ZG,1999,4.29072851723813
EAP,FP.CPI.TOTL.ZG,1998,8.61483153647291
EAP,FP.CPI.TOTL.ZG,1997,5.60802843389853
EAP,FP.CPI.TOTL.ZG,1996,7.31348259330353
EAP,FP.CPI.TOTL.ZG,1995,5.81818181818192
EAP,FP.CPI.TOTL.ZG,1994,7.65823953904687
EAP,FP.CPI.TOTL.ZG,1993,5.73690583357397
EAP,FP.CPI.TOTL.ZG,1992,7.52351006242677
EAP,FP.CPI.TOTL.ZG,1991,6.96568127760753
EAP,FP.CPI.TOTL.ZG,1990,8.19137132040972
EAP,FP.CPI.TOTL.ZG,1989,6.46256171146444
EAP,FP.CPI.TOTL.ZG,1988,9.34212688547205
EAP,FP.CPI.TOTL.ZG,1987,5.17488127323858
EAP,FP.CPI.TOTL.ZG,1986,5.45375218150084
EAP,FP.CPI.TOTL.ZG,1985,4.72453518543398
EAP,FP.CPI.TOTL.ZG,1984,5.5164001084304
EAP,FP.CPI.TOTL.ZG,1983,6.70418399801419
EAP,FP.CPI.TOTL.ZG,1982,7.03155689389485
EAP,FP.CPI.TOTL.ZG,1981,12.6629930710215
EAP,FP.CPI.TOTL.ZG,1980,14.4928744064522
EAP,FP.CPI.TOTL.ZG,1979,7.80675824952118
EAP,FP.CPI.TOTL.ZG,1978,6.26304801670155
EAP,FP.CPI.TOTL.ZG,1977,7.60126687769031
EAP,FP.CPI.TOTL.ZG,1976,
EAP,FP.CPI.TOTL.ZG,1975,
EAP,FP.CPI.TOTL.ZG,1974,
EAP,FP.CPI.TOTL.ZG,1973,
EAP,FP.CPI.TOTL.ZG,1972,
EAP,FP.CPI.TOTL.ZG,1971,
EAP,FP.CPI.TOTL.ZG,1970,
EAP,FP.CPI.TOTL.ZG,1969,
EAP,FP.CPI.TOTL.ZG,1968,
EAP,FP.CPI.TOTL.ZG,1967,
EAP,FP.CPI.TOTL.ZG,1966,
EAP,FP.CPI.TOTL.ZG,1965,
EAP,FP.CPI.TOTL.ZG,1964,
EAP,FP.CPI.TOTL.ZG,1963,
EAP,FP.CPI.TOTL.ZG,1962,
EAP,FP.CPI.TOTL.ZG,1961,
EAP,FP.CPI.TOTL.ZG,1960,
TEA,FP.CPI.TOTL.ZG,2025,
TEA,FP.CPI.TOTL.ZG,2024,2.23172772921704
TEA,FP.CPI.TOTL.ZG,2023,6.16457747898299
TEA,FP.CPI.TOTL.ZG,2022,5.40874375479067
TEA,FP.CPI.TOTL.ZG,2021,2.6124818577648
TEA,FP.CPI.TOTL.ZG,2020,2.3931623931624
TEA,FP.CPI.TOTL.ZG,2019,1.93321335810515
TEA,FP.CPI.TOTL.ZG,2018,2.91740978470444
TEA,FP.CPI.TOTL.ZG,2017,2.88291164981213
TEA,FP.CPI.TOTL.ZG,2016,1.75711158908291
TEA,FP.CPI.TOTL.ZG,2015,1.08648629940414
TEA,FP.CPI.TOTL.ZG,2014,3.37040697371653
TEA,FP.CPI.TOTL.ZG,2013,2.92758351575675
TEA,FP.CPI.TOTL.ZG,2012,3.02696391124796
TEA,FP.CPI.TOTL.ZG,2011,5.15900497684403
TEA,FP.CPI.TOTL.ZG,2010,3.61196234430295
TEA,FP.CPI.TOTL.ZG,2009,3.67503305540298
TEA,FP.CPI.TOTL.ZG,2008,10.3368269200353
TEA,FP.CPI.TOTL.ZG,2007,4.81023704342912
TEA,FP.CPI.TOTL.ZG,2006,4.63747436011765
TEA,FP.CPI.TOTL.ZG,2005,4.54036919634535
TEA,FP.CPI.TOTL.ZG,2004,4.53421374129692
TEA,FP.CPI.TOTL.ZG,2003,3.23464817293927
TEA,FP.CPI.TOTL.ZG,2002,2.3431699096098
TEA,FP.CPI.TOTL.ZG,2001,4.27267024465104
TEA,FP.CPI.TOTL.ZG,2000,2.15851810619419
TEA,FP.CPI.TOTL.ZG,1999,4.29072851723813
TEA,FP.CPI.TOTL.ZG,1998,8.61483153647291
TEA,FP.CPI.TOTL.ZG,1997,5.60802843389853
TEA,FP.CPI.TOTL.ZG,1996,7.31348259330353
TEA,FP.CPI.TOTL.ZG,1995,5.81818181818192
TEA,FP.CPI.TOTL.ZG,1994,7.65823953904687
TEA,FP.CPI.TOTL.ZG,1993,5.73690583357397
TEA,FP.CPI.TOTL.ZG,1992,7.52351006242677
TEA,FP.CPI.TOTL.ZG,1991,6.96568127760753
TEA,FP.CPI.TOTL.ZG,1990,8.19137132040972
TEA,FP.CPI.TOTL.ZG,1989,6.46256171146444
TEA,FP.CPI.TOTL.ZG,1988,9.34212688547205
TEA,FP.CPI.TOTL.ZG,1987,5.17488127323858
TEA,FP.CPI.TOTL.ZG,1986,
TEA,FP.CPI.TOTL.ZG,1985,
TEA,FP.CPI.TOTL.ZG,1984,
TEA,FP.CPI.TOTL.ZG,1983,
TEA,FP.CPI.TOTL.ZG,1982,
TEA,FP.CPI.TOTL.ZG,1981,
TEA,FP.CPI.TOTL.ZG,1980,
TEA,FP.CPI.TOTL.ZG,1979,
TEA,FP.CPI.TOTL.ZG,1978,
TEA,FP.CPI.TOTL.ZG,1977,
TEA,FP.CPI.TOTL.ZG,1976,
TEA,FP.CPI.TOTL.ZG,1975,
TEA,FP.CPI.TOTL.ZG,1974,
TEA,FP.CPI.TOTL.ZG,1973,
TEA,FP.CPI.TOTL.ZG,1972,
TEA,FP.CPI.TOTL.ZG,1971,
TEA,FP.CPI.TOTL.ZG,1970,
TEA,FP.CPI.TOTL.ZG,1969,
TEA,FP.CPI.TOTL.ZG,1968,
TEA,FP.CPI.TOTL.ZG,1967,
TEA,FP.CPI.TOTL.ZG,1966,
TEA,FP.CPI.TOTL.ZG,1965,
TEA,FP.CPI.TOTL.ZG,1964,
TEA,FP.CPI.TOTL.ZG,1963,
TEA,FP.CPI.TOTL.ZG,1962,
TEA,FP.CPI.TOTL.ZG,1961,
TEA,FP.CPI.TOTL.ZG,1960,
EMU,FP.CPI.TOTL.ZG,2025,
EMU,FP.CPI.TOTL.ZG,2024,2.18497406958038
EMU,FP.CPI.TOTL.ZG,2023,5.78431554960862
EMU,FP.CPI.TOTL.ZG,2022,8.47117645590892
EMU,FP.CPI.TOTL.ZG,2021,2.4865043812082
EMU,FP.CPI.TOTL.ZG,2020,0.186938139702131
EMU,FP.CPI.TOTL.ZG,2019,1.44123966942341
EMU,FP.CPI.TOTL.ZG,2018,1.6892396580413
EMU,FP.CPI.TOTL.ZG,2017,1.37503641525339
EMU,FP.CPI.TOTL.ZG,2016,0.166009884375616
EMU,FP.CPI.TOTL.ZG,2015,-0.0852072296963751
EMU,FP.CPI.TOTL.ZG,2014,0.220195628198753
EMU,FP.CPI.TOTL.ZG,2013,1.31023355618666
EMU,FP.CPI.TOTL.ZG,2012,2.54154474108009
EMU,FP.CPI.TOTL.ZG,2011,3.28801427219796
EMU,FP.CPI.TOTL.ZG,2010,1.5205755786839
EMU,FP.CPI.TOTL.ZG,2009,0.437175412792701
EMU,FP.CPI.TOTL.ZG,2008,4.11407022033816
EMU,FP.CPI.TOTL.ZG,2007,2.48231546689542
EMU,FP.CPI.TOTL.ZG,2006,2.72004750529271
EMU,FP.CPI.TOTL.ZG,2005,2.52392898747161
EMU,FP.CPI.TOTL.ZG,2004,2.21620788926273
EMU,FP.CPI.TOTL.ZG,2003,2.09523529072289
EMU,FP.CPI.TOTL.ZG,2002,2.32690683615857
EMU,FP.CPI.TOTL.ZG,2001,2.85732893518829
EMU,FP.CPI.TOTL.ZG,2000,2.94756559977476
EMU,FP.CPI.TOTL.ZG,1999,1.8991144190705
EMU,FP.CPI.TOTL.ZG,1998,2.30647934035989
EMU,FP.CPI.TOTL.ZG,1997,2.223054305268
EMU,FP.CPI.TOTL.ZG,1996,3.02395109495527
EMU,FP.CPI.TOTL.ZG,1995,4.08646004554944
EMU,FP.CPI.TOTL.ZG,1994,4.41425556346619
EMU,FP.CPI.TOTL.ZG,1993,4.59790321006556
EMU,FP.CPI.TOTL.ZG,1992,5.2705899859293
EMU,FP.CPI.TOTL.ZG,1991,4.17862274798466
EMU,FP.CPI.TOTL.ZG,1990,3.97518340428825
EMU,FP.CPI.TOTL.ZG,1989,3.92726718218467
EMU,FP.CPI.TOTL.ZG,1988,3.06504079522199
EMU,FP.CPI.TOTL.ZG,1987,3.22415428117573
EMU,FP.CPI.TOTL.ZG,1986,2.73605256111872
EMU,FP.CPI.TOTL.ZG,1985,5.19562195429435
EMU,FP.CPI.TOTL.ZG,1984,7.06765638328172
EMU,FP.CPI.TOTL.ZG,1983,8.66927159808522
EMU,FP.CPI.TOTL.ZG,1982,9.58492764677445
EMU,FP.CPI.TOTL.ZG,1981,11.5097558377123
EMU,FP.CPI.TOTL.ZG,1980,13.54006971278
EMU,FP.CPI.TOTL.ZG,1979,8.46533490414879
EMU,FP.CPI.TOTL.ZG,1978,7.57369772258264
EMU,FP.CPI.TOTL.ZG,1977,9.76746473607038
EMU,FP.CPI.TOTL.ZG,1976,9.71142110935913
EMU,FP.CPI.TOTL.ZG,1975,12.2270629206871
EMU,FP.CPI.TOTL.ZG,1974,14.6648454356764
EMU,FP.CPI.TOTL.ZG,1973,7.91554614965598
EMU,FP.CPI.TOTL.ZG,1972,5.90625351724097
EMU,FP.CPI.TOTL.ZG,1971,5.0163194330344
EMU,FP.CPI.TOTL.ZG,1970,4.14064840027024
EMU,FP.CPI.TOTL.ZG,1969,2.64808571111228
EMU,FP.CPI.TOTL.ZG,1968,3.24282887679454
EMU,FP.CPI.TOTL.ZG,1967,2.98754606695165
EMU,FP.CPI.TOTL.ZG,1966,3.43237006366126
EMU,FP.CPI.TOTL.ZG,1965,3.66648280262594
EMU,FP.CPI.TOTL.ZG,1964,3.65673101579698
EMU,FP.CPI.TOTL.ZG,1963,2.92164111900189
EMU,FP.CPI.TOTL.ZG,1962,2.75266718866912
EMU,FP.CPI.TOTL.ZG,1961,1.87084961406325
EMU,FP.CPI.TOTL.ZG,1960,1.74118084746923
ECS,FP.CPI.TOTL.ZG,2025,
ECS,FP.CPI.TOTL.ZG,2024,2.75760909424272
ECS,FP.CPI.TOTL.ZG,2023,7.120422120899
ECS,FP.CPI.TOTL.ZG,2022,11.1136121878761
ECS,FP.CPI.TOTL.ZG,2021,3.19017771027094
ECS,FP.CPI.TOTL.ZG,2020,1.19998396936028
ECS,FP.CPI.TOTL.ZG,2019,1.76373586528842
ECS,FP.CPI.TOTL.ZG,2018,2.01321972250337
ECS,FP.CPI.TOTL.ZG,2017,1.91558846458259
ECS,FP.CPI.TOTL.ZG,2016,0.388838296895799
ECS,FP.CPI.TOTL.ZG,2015,0.36804684232536
ECS,FP.CPI.TOTL.ZG,2014,0.620490636732421
ECS,FP.CPI.TOTL.ZG,2013,1.73403963519162
ECS,FP.CPI.TOTL.ZG,2012,2.77333854051586
ECS,FP.CPI.TOTL.ZG,2011,3.8561124468282
ECS,FP.CPI.TOTL.ZG,2010,2.42447361791628
ECS,FP.CPI.TOTL.ZG,2009,1.53607650014279
ECS,FP.CPI.TOTL.ZG,2008,6.05974046339707
ECS,FP.CPI.TOTL.ZG,2007,2.91598261872856
ECS,FP.CPI.TOTL.ZG,2006,3.19288637808747
ECS,FP.CPI.TOTL.ZG,2005,2.60932308197748
ECS,FP.CPI.TOTL.ZG,2004,2.82947796214663
ECS,FP.CPI.TOTL.ZG,2003,2.34864169582755
ECS,FP.CPI.TOTL.ZG,2002,2.78615988589508
ECS,FP.CPI.TOTL.ZG,2001,4.26287228873703
ECS,FP.CPI.TOTL.ZG,2000,3.77538829151734
ECS,FP.CPI.TOTL.ZG,1999,2.36481836111807
ECS,FP.CPI.TOTL.ZG,1998,4.64421422660787
ECS,FP.CPI.TOTL.ZG,1997,5.5360026677348
ECS,FP.CPI.TOTL.ZG,1996,8.19455217632728
ECS,FP.CPI.TOTL.ZG,1995,8.96251888719981
ECS,FP.CPI.TOTL.ZG,1994,12.1447980115689
ECS,FP.CPI.TOTL.ZG,1993,14.4112644439348
ECS,FP.CPI.TOTL.ZG,1992,5.9245312622849
ECS,FP.CPI.TOTL.ZG,1991,
ECS,FP.CPI.TOTL.ZG,1990,
ECS,FP.CPI.TOTL.ZG,1989,
ECS,FP.CPI.TOTL.ZG,1988,
ECS,FP.CPI.TOTL.ZG,1987,
ECS,FP.CPI.TOTL.ZG,1986,
ECS,FP.CPI.TOTL.ZG,1985,
ECS,FP.CPI.TOTL.ZG,1984,
ECS,FP.CPI.TOTL.ZG,1983,
ECS,FP.CPI.TOTL.ZG,1982,
ECS,FP.CPI.TOTL.ZG,1981,
ECS,FP.CPI.TOTL.ZG,1980,
ECS,FP.CPI.TOTL.ZG,1979,
ECS,FP.CPI.TOTL.ZG,1978,
ECS,FP.CPI.TOTL.ZG,1977,
ECS,FP.CPI.TOTL.ZG,1976,
ECS,FP.CPI.TOTL.ZG,1975,
ECS,FP.CPI.TOTL.ZG,1974,
ECS,FP.CPI.TOTL.ZG,1973,
ECS,FP.CPI.TOTL.ZG,1972,
ECS,FP.CPI.TOTL.ZG,1971,
ECS,FP.CPI.TOTL.ZG,1970,
ECS,FP.CPI.TOTL.ZG,1969,
ECS,FP.CPI.TOTL.ZG,1968,
ECS,FP.CPI.TOTL.ZG,1967,
ECS,FP.CPI.TOTL.ZG,1966,
ECS,FP.CPI.TOTL.ZG,1965,
ECS,FP.CPI.TOTL.ZG,1964,
ECS,FP.CPI.TOTL.ZG,1963,
ECS,FP.CPI.TOTL.ZG,1962,
ECS,FP.CPI.TOTL.ZG,1961,
ECS,FP.CPI.TOTL.ZG,1960,
ECA,FP.CPI.TOTL.ZG,2025,
ECA,FP.CPI.TOTL.ZG,2024,3.48974086026947
ECA,FP.CPI.TOTL.ZG,2023,9.07365149809048
ECA,FP.CPI.TOTL.ZG,2022,13.8875841659221
ECA,FP.CPI.TOTL.ZG,2021,6.91756771076075
ECA,FP.CPI.TOTL.ZG,2020,2.74615078213777
ECA,FP.CPI.TOTL.ZG,2019,2.64328192719554
ECA,FP.CPI.TOTL.ZG,2018,2.56572880132719
ECA,FP.CPI.TOTL.ZG,2017,4.60357355778862
ECA,FP.CPI.TOTL.ZG,2016,2.13492713939121
ECA,FP.CPI.TOTL.ZG,2015,4.02768573742726
ECA,FP.CPI.TOTL.ZG,2014,3.06881210379543
ECA,FP.CPI.TOTL.ZG,2013,4.59787897363136
ECA,FP.CPI.TOTL.ZG,2012,3.31605566687647
ECA,FP.CPI.TOTL.ZG,2011,7.8583333333334
ECA,FP.CPI.TOTL.ZG,2010,6.77774669133379
ECA,FP.CPI.TOTL.ZG,2009,3.43674527945797
ECA,FP.CPI.TOTL.ZG,2008,11.4275575758332
ECA,FP.CPI.TOTL.ZG,2007,8.59146682238974
ECA,FP.CPI.TOTL.ZG,2006,7.66302693199397
ECA,FP.CPI.TOTL.ZG,2005,7.87957982963885
ECA,FP.CPI.TOTL.ZG,2004,6.92165787428846
ECA,FP.CPI.TOTL.ZG,2003,4.95061559256828
ECA,FP.CPI.TOTL.ZG,2002,5.58783730000794
ECA,FP.CPI.TOTL.ZG,2001,8.35413777161341
ECA,FP.CPI.TOTL.ZG,2000,15.9408124351877
ECA,FP.CPI.TOTL.ZG,1999,20.938173814012
ECA,FP.CPI.TOTL.ZG,1998,9.56493445426185
ECA,FP.CPI.TOTL.ZG,1997,16.6743202378393
ECA,FP.CPI.TOTL.ZG,1996,35.5649400436339
ECA,FP.CPI.TOTL.ZG,1995,162.717152150377
ECA,FP.CPI.TOTL.ZG,1994,891.187748133705
ECA,FP.CPI.TOTL.ZG,1993,
ECA,FP.CPI.TOTL.ZG,1992,
ECA,FP.CPI.TOTL.ZG,1991,
ECA,FP.CPI.TOTL.ZG,1990,
ECA,FP.CPI.TOTL.ZG,1989,
ECA,FP.CPI.TOTL.ZG,1988,
ECA,FP.CPI.TOTL.ZG,1987,
ECA,FP.CPI.TOTL.ZG,1986,
ECA,FP.CPI.TOTL.ZG,1985,
ECA,FP.CPI.TOTL.ZG,1984,
ECA,FP.CPI.TOTL.ZG,1983,
ECA,FP.CPI.TOTL.ZG,1982,
ECA,FP.CPI.TOTL.ZG,1981,
ECA,FP.CPI.TOTL.ZG,1980,
ECA,FP.CPI.TOTL.ZG,1979,
ECA,FP.CPI.TOTL.ZG,1978,
ECA,FP.CPI.TOTL.ZG,1977,
ECA,FP.CPI.TOTL.ZG,1976,
ECA,FP.CPI.TOTL.ZG,1975,
ECA,FP.CPI.TOTL.ZG,1974,
ECA,FP.CPI.TOTL.ZG,1973,
ECA,FP.CPI.TOTL.ZG,1972,
ECA,FP.CPI.TOTL.ZG,1971,
ECA,FP.CPI.TOTL.ZG,1970,
ECA,FP.CPI.TOTL.ZG,1969,
ECA,FP.CPI.TOTL.ZG,1968,
ECA,FP.CPI.TOTL.ZG,1967,
ECA,FP.CPI.TOTL.ZG,1966,
ECA,FP.CPI.TOTL.ZG,1965,
ECA,FP.CPI.TOTL.ZG,1964,
ECA,FP.CPI.TOTL.ZG,1963,
ECA,FP.CPI.TOTL.ZG,1962,
ECA,FP.CPI.TOTL.ZG,1961,
ECA,FP.CPI.TOTL.ZG,1960,
TEC,FP.CPI.TOTL.ZG,2025,
TEC,FP.CPI.TOTL.ZG,2024,3.63700046769908
TEC,FP.CPI.TOTL.ZG,2023,9.36187249769016
TEC,FP.CPI.TOTL.ZG,2022,13.8522590144267
TEC,FP.CPI.TOTL.ZG,2021,5.10641129002841
TEC,FP.CPI.TOTL.ZG,2020,2.73249209419427
TEC,FP.CPI.TOTL.ZG,2019,2.67599202639893
TEC,FP.CPI.TOTL.ZG,2018,2.611223782638
TEC,FP.CPI.TOTL.ZG,2017,3.13106248590115
TEC,FP.CPI.TOTL.ZG,2016,1.19887282892596
TEC,FP.CPI.TOTL.ZG,2015,3.86763469978395
TEC,FP.CPI.TOTL.ZG,2014,2.53187831406913
TEC,FP.CPI.TOTL.ZG,2013,3.38485646137124
TEC,FP.CPI.TOTL.ZG,2012,3.373498083874
TEC,FP.CPI.TOTL.ZG,2011,7.66862955607738
TEC,FP.CPI.TOTL.ZG,2010,6.14255360247248
TEC,FP.CPI.TOTL.ZG,2009,3.46672373207793
TEC,FP.CPI.TOTL.ZG,2008,10.4441283764885
TEC,FP.CPI.TOTL.ZG,2007,8.40253419005901
TEC,FP.CPI.TOTL.ZG,2006,6.99712903535585
TEC,FP.CPI.TOTL.ZG,2005,7.57999929125767
TEC,FP.CPI.TOTL.ZG,2004,6.88205438981896
TEC,FP.CPI.TOTL.ZG,2003,4.7215533660534
TEC,FP.CPI.TOTL.ZG,2002,5.6989904786131
TEC,FP.CPI.TOTL.ZG,2001,7.85753852196593
TEC,FP.CPI.TOTL.ZG,2000,13.1808905865731
TEC,FP.CPI.TOTL.ZG,1999,19.1926758218895
TEC,FP.CPI.TOTL.ZG,1998,10.5771611482514
TEC,FP.CPI.TOTL.ZG,1997,15.940599414943
TEC,FP.CPI.TOTL.ZG,1996,38.8293013382852
TEC,FP.CPI.TOTL.ZG,1995,85.8869162056581
TEC,FP.CPI.TOTL.ZG,1994,222.241014184317
TEC,FP.CPI.TOTL.ZG,1993,
TEC,FP.CPI.TOTL.ZG,1992,
TEC,FP.CPI.TOTL.ZG,1991,
TEC,FP.CPI.TOTL.ZG,1990,
TEC,FP.CPI.TOTL.ZG,1989,
TEC,FP.CPI.TOTL.ZG,1988,
TEC,FP.CPI.TOTL.ZG,1987,
TEC,FP.CPI.TOTL.ZG,1986,
TEC,FP.CPI.TOTL.ZG,1985,
TEC,FP.CPI.TOTL.ZG,1984,
TEC,FP.CPI.TOTL.ZG,1983,
TEC,FP.CPI.TOTL.ZG,1982,
TEC,FP.CPI.TOTL.ZG,1981,
TEC,FP.CPI.TOTL.ZG,1980,
TEC,FP.CPI.TOTL.ZG,1979,
TEC,FP.CPI.TOTL.ZG,1978,
TEC,FP.CPI.TOTL.ZG,1977,
TEC,FP.CPI.TOTL.ZG,1976,
TEC,FP.CPI.TOTL.ZG,1975,
TEC,FP.CPI.TOTL.ZG,1974,
TEC,FP.CPI.TOTL.ZG,1973,
TEC,FP.CPI.TOTL.ZG,1972,
TEC,FP.CPI.TOTL.ZG,1971,
TEC,FP.CPI.TOTL.ZG,1970,
TEC,FP.CPI.TOTL.ZG,1969,
TEC,FP.CPI.TOTL.ZG,1968,
TEC,FP.CPI.TOTL.ZG,1967,
TEC,FP.CPI.TOTL.ZG,1966,
TEC,FP.CPI.TOTL.ZG,1965,
TEC,FP.CPI.TOTL.ZG,1964,
TEC,FP.CPI.TOTL.ZG,1963,
TEC,FP.CPI.TOTL.ZG,1962,
TEC,FP.CPI.TOTL.ZG,1961,
TEC,FP.CPI.TOTL.ZG,1960,
EUU,FP.CPI.TOTL.ZG,2025,
EUU,FP.CPI.TOTL.ZG,2024,2.43531202435314
EUU,FP.CPI.TOTL.ZG,2023,6.29942487419125
EUU,FP.CPI.TOTL.ZG,2022,8.83369886749452
EUU,FP.CPI.TOTL.ZG,2021,2.55450699642041
EUU,FP.CPI.TOTL.ZG,2020,0.476498852725066
EUU,FP.CPI.TOTL.ZG,2019,1.63052260754344
EUU,FP.CPI.TOTL.ZG,2018,1.7386086198818
EUU,FP.CPI.TOTL.ZG,2017,1.42910743319306
EUU,FP.CPI.TOTL.ZG,2016,0.18333486112386
EUU,FP.CPI.TOTL.ZG,2015,-0.0616446800641672
EUU,FP.CPI.TOTL.ZG,2014,0.19934382657075
EUU,FP.CPI.TOTL.ZG,2013,1.21999342274306
EUU,FP.CPI.TOTL.ZG,2012,2.66284165508021
EUU,FP.CPI.TOTL.ZG,2011,3.28944939564211
EUU,FP.CPI.TOTL.ZG,2010,1.53112270420926
EUU,FP.CPI.TOTL.ZG,2009,0.839262246793887
EUU,FP.CPI.TOTL.ZG,2008,4.16497193524764
EUU,FP.CPI.TOTL.ZG,2007,2.5106656524034
EUU,FP.CPI.TOTL.ZG,2006,2.66631494577069
EUU,FP.CPI.TOTL.ZG,2005,2.48769665164088
EUU,FP.CPI.TOTL.ZG,2004,2.28621706801675
EUU,FP.CPI.TOTL.ZG,2003,2.09199838997655
EUU,FP.CPI.TOTL.ZG,2002,2.42443661219697
EUU,FP.CPI.TOTL.ZG,2001,3.37396832213867
EUU,FP.CPI.TOTL.ZG,2000,3.15076707022592
EUU,FP.CPI.TOTL.ZG,1999,2.15717918055059
EUU,FP.CPI.TOTL.ZG,1998,2.40768094534715
EUU,FP.CPI.TOTL.ZG,1997,3.11207791953272
EUU,FP.CPI.TOTL.ZG,1996,3.55884559338558
EUU,FP.CPI.TOTL.ZG,1995,4.42664550286654
EUU,FP.CPI.TOTL.ZG,1994,4.71841373967329
EUU,FP.CPI.TOTL.ZG,1993,4.85416666666693
EUU,FP.CPI.TOTL.ZG,1992,6.21737539647154
EUU,FP.CPI.TOTL.ZG,1991,5.48474391592015
EUU,FP.CPI.TOTL.ZG,1990,6.1495653117985
EUU,FP.CPI.TOTL.ZG,1989,6.25983137956977
EUU,FP.CPI.TOTL.ZG,1988,4.5351330101572
EUU,FP.CPI.TOTL.ZG,1987,4.01999345683163
EUU,FP.CPI.TOTL.ZG,1986,3.67818411863452
EUU,FP.CPI.TOTL.ZG,1985,5.39548620170352
EUU,FP.CPI.TOTL.ZG,1984,7.67380262247321
EUU,FP.CPI.TOTL.ZG,1983,8.66927159808522
EUU,FP.CPI.TOTL.ZG,1982,9.58492764677445
EUU,FP.CPI.TOTL.ZG,1981,11.7673874344181
EUU,FP.CPI.TOTL.ZG,1980,12.9114423266382
EUU,FP.CPI.TOTL.ZG,1979,8.22168693005521
EUU,FP.CPI.TOTL.ZG,1978,7.75523144587007
EUU,FP.CPI.TOTL.ZG,1977,9.76746473607038
EUU,FP.CPI.TOTL.ZG,1976,9.34705279605249
EUU,FP.CPI.TOTL.ZG,1975,10.4675734643719
EUU,FP.CPI.TOTL.ZG,1974,13.1636026120795
EUU,FP.CPI.TOTL.ZG,1973,7.74908612919204
EUU,FP.CPI.TOTL.ZG,1972,6.00738969862495
EUU,FP.CPI.TOTL.ZG,1971,5.24097448273094
EUU,FP.CPI.TOTL.ZG,1970,4.50608892986043
EUU,FP.CPI.TOTL.ZG,1969,2.67462365971336
EUU,FP.CPI.TOTL.ZG,1968,3.24282887679454
EUU,FP.CPI.TOTL.ZG,1967,3.31932361134947
EUU,FP.CPI.TOTL.ZG,1966,3.70335718669507
EUU,FP.CPI.TOTL.ZG,1965,3.98661960127133
EUU,FP.CPI.TOTL.ZG,1964,3.41628039655559
EUU,FP.CPI.TOTL.ZG,1963,2.92164111900189
EUU,FP.CPI.TOTL.ZG,1962,3.55349865974074
EUU,FP.CPI.TOTL.ZG,1961,2.07713833137861
EUU,FP.CPI.TOTL.ZG,1960,1.74118084746923
FCS,FP.CPI.TOTL.ZG,2025,
FCS,FP.CPI.TOTL.ZG,2024,4.4275764904982
FCS,FP.CPI.TOTL.ZG,2023,7.11459205344455
FCS,FP.CPI.TOTL.ZG,2022,9.39075933985203
FCS,FP.CPI.TOTL.ZG,2021,4.25936417542868
FCS,FP.CPI.TOTL.ZG,2020,2.8981937602627
FCS,FP.CPI.TOTL.ZG,2019,2.45280214062732
FCS,FP.CPI.TOTL.ZG,2018,2.96760366004456
FCS,FP.CPI.TOTL.ZG,2017,4.18072331871267
FCS,FP.CPI.TOTL.ZG,2016,3.19056179723773
FCS,FP.CPI.TOTL.ZG,2015,2.676235314199
FCS,FP.CPI.TOTL.ZG,2014,2.4963450872176
FCS,FP.CPI.TOTL.ZG,2013,4.44648435335712
FCS,FP.CPI.TOTL.ZG,2012,5.9859049732401
FCS,FP.CPI.TOTL.ZG,2011,5.08259403890371
FCS,FP.CPI.TOTL.ZG,2010,3.55195748963008
FCS,FP.CPI.TOTL.ZG,2009,4.36234829325719
FCS,FP.CPI.TOTL.ZG,2008,12.121964000874
FCS,FP.CPI.TOTL.ZG,2007,5.00272284550311
FCS,FP.CPI.TOTL.ZG,2006,6.78459655001655
FCS,FP.CPI.TOTL.ZG,2005,7.33066341633299
FCS,FP.CPI.TOTL.ZG,2004,3.32737047894847
FCS,FP.CPI.TOTL.ZG,2003,5.79682944905841
FCS,FP.CPI.TOTL.ZG,2002,4.70579123746033
FCS,FP.CPI.TOTL.ZG,2001,5.3708029338044
FCS,FP.CPI.TOTL.ZG,2000,3.82260088086306
FCS,FP.CPI.TOTL.ZG,1999,4.84353158826398
FCS,FP.CPI.TOTL.ZG,1998,5.9765085214186
FCS,FP.CPI.TOTL.ZG,1997,7.08700591205709
FCS,FP.CPI.TOTL.ZG,1996,11.4775285982865
FCS,FP.CPI.TOTL.ZG,1995,18.2351683274844
FCS,FP.CPI.TOTL.ZG,1994,30.1361690354713
FCS,FP.CPI.TOTL.ZG,1993,10.3764499263591
FCS,FP.CPI.TOTL.ZG,1992,10.5274440119592
FCS,FP.CPI.TOTL.ZG,1991,11.8960953011251
FCS,FP.CPI.TOTL.ZG,1990,7.00216956651122
FCS,FP.CPI.TOTL.ZG,1989,6.92390503711238
FCS,FP.CPI.TOTL.ZG,1988,
FCS,FP.CPI.TOTL.ZG,1987,
FCS,FP.CPI.TOTL.ZG,1986,
FCS,FP.CPI.TOTL.ZG,1985,
FCS,FP.CPI.TOTL.ZG,1984,
FCS,FP.CPI.TOTL.ZG,1983,
FCS,FP.CPI.TOTL.ZG,1982,
FCS,FP.CPI.TOTL.ZG,1981,
FCS,FP.CPI.TOTL.ZG,1980,
FCS,FP.CPI.TOTL.ZG,1979,
FCS,FP.CPI.TOTL.ZG,1978,
FCS,FP.CPI.TOTL.ZG,1977,
FCS,FP.CPI.TOTL.ZG,1976,
FCS,FP.CPI.TOTL.ZG,1975,
FCS,FP.CPI.TOTL.ZG,1974,
FCS,FP.CPI.TOTL.ZG,1973,
FCS,FP.CPI.TOTL.ZG,1972,
FCS,FP.CPI.TOTL.ZG,1971,
FCS,FP.CPI.TOTL.ZG,1970,
FCS,FP.CPI.TOTL.ZG,1969,
FCS,FP.CPI.TOTL.ZG,1968,
FCS,FP.CPI.TOTL.ZG,1967,
FCS,FP.CPI.TOTL.ZG,1966,
FCS,FP.CPI.TOTL.ZG,1965,
FCS,FP.CPI.TOTL.ZG,1964,
FCS,FP.CPI.TOTL.ZG,1963,
FCS,FP.CPI.TOTL.ZG,1962,
FCS,FP.CPI.TOTL.ZG,1961,
FCS,FP.CPI.TOTL.ZG,1960,
HPC,FP.CPI.TOTL.ZG,2025,
HPC,FP.CPI.TOTL.ZG,2024,4.56976223919357
HPC,FP.CPI.TOTL.ZG,2023,7.12697482131851
HPC,FP.CPI.TOTL.ZG,2022,9.65914753785069
HPC,FP.CPI.TOTL.ZG,2021,4.37012190478157
HPC,FP.CPI.TOTL.ZG,2020,3.47617372722194
HPC,FP.CPI.TOTL.ZG,2019,2.83514555687506
HPC,FP.CPI.TOTL.ZG,2018,3.01748181031406
HPC,FP.CPI.TOTL.ZG,2017,4.5783374121255
HPC,FP.CPI.TOTL.ZG,2016,4.38389195513915
HPC,FP.CPI.TOTL.ZG,2015,3.55075967356746
HPC,FP.CPI.TOTL.ZG,2014,4.40535234185293
HPC,FP.CPI.TOTL.ZG,2013,5.16189898581494
HPC,FP.CPI.TOTL.ZG,2012,6.31474450315177
HPC,FP.CPI.TOTL.ZG,2011,6.4293968107234
HPC,FP.CPI.TOTL.ZG,2010,4.69889064976226
HPC,FP.CPI.TOTL.ZG,2009,4.36234829325719
HPC,FP.CPI.TOTL.ZG,2008,10.6597978997424
HPC,FP.CPI.TOTL.ZG,2007,7.25410841304887
HPC,FP.CPI.TOTL.ZG,2006,6.73993060387505
HPC,FP.CPI.TOTL.ZG,2005,8.16954604881263
HPC,FP.CPI.TOTL.ZG,2004,4.47499289078107
HPC,FP.CPI.TOTL.ZG,2003,5.30238773219936
HPC,FP.CPI.TOTL.ZG,2002,3.8957052575849
HPC,FP.CPI.TOTL.ZG,2001,4.60374621964682
HPC,FP.CPI.TOTL.ZG,2000,4.16540442290283
HPC,FP.CPI.TOTL.ZG,1999,3.59889816353237
HPC,FP.CPI.TOTL.ZG,1998,5.75331458417064
HPC,FP.CPI.TOTL.ZG,1997,5.5722571112533
HPC,FP.CPI.TOTL.ZG,1996,7.41137173526642
HPC,FP.CPI.TOTL.ZG,1995,14.3788086516419
HPC,FP.CPI.TOTL.ZG,1994,32.2936668569552
HPC,FP.CPI.TOTL.ZG,1993,8.52787695688003
HPC,FP.CPI.TOTL.ZG,1992,9.5234771910899
HPC,FP.CPI.TOTL.ZG,1991,8.81964099733884
HPC,FP.CPI.TOTL.ZG,1990,6.8011976076257
HPC,FP.CPI.TOTL.ZG,1989,8.0461586348732
HPC,FP.CPI.TOTL.ZG,1988,6.93068617206515
HPC,FP.CPI.TOTL.ZG,1987,7.02827195245955
HPC,FP.CPI.TOTL.ZG,1986,6.80905593895127
HPC,FP.CPI.TOTL.ZG,1985,10.4238402303886
HPC,FP.CPI.TOTL.ZG,1984,11.3733220902937
HPC,FP.CPI.TOTL.ZG,1983,11.126644122143
HPC,FP.CPI.TOTL.ZG,1982,12.3124508707736
HPC,FP.CPI.TOTL.ZG,1981,11.3365154415105
HPC,FP.CPI.TOTL.ZG,1980,
HPC,FP.CPI.TOTL.ZG,1979,
HPC,FP.CPI.TOTL.ZG,1978,
HPC,FP.CPI.TOTL.ZG,1977,
HPC,FP.CPI.TOTL.ZG,1976,
HPC,FP.CPI.TOTL.ZG,1975,
HPC,FP.CPI.TOTL.ZG,1974,
HPC,FP.CPI.TOTL.ZG,1973,
HPC,FP.CPI.TOTL.ZG,1972,
HPC,FP.CPI.TOTL.ZG,1971,
HPC,FP.CPI.TOTL.ZG,1970,
HPC,FP.CPI.TOTL.ZG,1969,
HPC,FP.CPI.TOTL.ZG,1968,
HPC,FP.CPI.TOTL.ZG,1967,
HPC,FP.CPI.TOTL.ZG,1966,
HPC,FP.CPI.TOTL.ZG,1965,
HPC,FP.CPI.TOTL.ZG,1964,
HPC,FP.CPI.TOTL.ZG,1963,
HPC,FP.CPI.TOTL.ZG,1962,
HPC,FP.CPI.TOTL.ZG,1961,
HPC,FP.CPI.TOTL.ZG,1960,
,FP.CPI.TOTL.ZG,2025,
,FP.CPI.TOTL.ZG,2024,2.38554753438095
,FP.CPI.TOTL.ZG,2023,4.85604044667119
,FP.CPI.TOTL.ZG,2022,7.53107834634288
,FP.CPI.TOTL.ZG,2021,2.51837109614213
,FP.CPI.TOTL.ZG,2020,0.598986330824643
,FP.CPI.TOTL.ZG,2019,1.61519988737213
,FP.CPI.TOTL.ZG,2018,1.88110801380597
,FP.CPI.TOTL.ZG,2017,1.58909413567799
,FP.CPI.TOTL.ZG,2016,0.394769306686392
,FP.CPI.TOTL.ZG,2015,0.330027165141066
,FP.CPI.TOTL.ZG,2014,1.04119621178439
,FP.CPI.TOTL.ZG,2013,1.50472330251876
,FP.CPI.TOTL.ZG,2012,2.710119177355
,FP.CPI.TOTL.ZG,2011,3.41374547661777
,FP.CPI.TOTL.ZG,2010,2.13371996141622
,FP.CPI.TOTL.ZG,2009,1.61510464058238
,FP.CPI.TOTL.ZG,2008,4.66900841902485
,FP.CPI.TOTL.ZG,2007,2.85289842680657
,FP.CPI.TOTL.ZG,2006,2.72004750529271
,FP.CPI.TOTL.ZG,2005,2.65848484065262
,FP.CPI.TOTL.ZG,2004,2.20673661423657
,FP.CPI.TOTL.ZG,2003,2.06537075200125
,FP.CPI.TOTL.ZG,2002,2.11628413580453
,FP.CPI.TOTL.ZG,2001,2.62741314203332
,FP.CPI.TOTL.ZG,2000,2.71943995691976
,FP.CPI.TOTL.ZG,1999,2.13544844417331
,FP.CPI.TOTL.ZG,1998,2.09342182464284
,FP.CPI.TOTL.ZG,1997,2.49923734928092
,FP.CPI.TOTL.ZG,1996,2.95506453237353
,FP.CPI.TOTL.ZG,1995,3.85252404343978
,FP.CPI.TOTL.ZG,1994,2.95340936761079
,FP.CPI.TOTL.ZG,1993,4.25170068027212
,FP.CPI.TOTL.ZG,1992,4.03703020778739
,FP.CPI.TOTL.ZG,1991,5.55555555555579
,FP.CPI.TOTL.ZG,1990,5.62032342188553
,FP.CPI.TOTL.ZG,1989,5.2788115917369
,FP.CPI.TOTL.ZG,1988,4.40241182786764
,FP.CPI.TOTL.ZG,1987,3.6645632175169
,FP.CPI.TOTL.ZG,1986,2.93357920442327
,FP.CPI.TOTL.ZG,1985,4.6787514518325
,FP.CPI.TOTL.ZG,1984,6.08160229486443
,FP.CPI.TOTL.ZG,1983,7.09406227219166
,FP.CPI.TOTL.ZG,1982,9.1213820394942
,FP.CPI.TOTL.ZG,1981,11.5097558377123
,FP.CPI.TOTL.ZG,1980,
,FP.CPI.TOTL.ZG,1979,
,FP.CPI.TOTL.ZG,1978,
,FP.CPI.TOTL.ZG,1977,
,FP.CPI.TOTL.ZG,1976,
,FP.CPI.TOTL.ZG,1975,
,FP.CPI.TOTL.ZG,1974,
,FP.CPI.TOTL.ZG,1973,
,FP.CPI.TOTL.ZG,1972,
,FP.CPI.TOTL.ZG,1971,
,FP.CPI.TOTL.ZG,1970,
,FP.CPI.TOTL.ZG,1969,
,FP.CPI.TOTL.ZG,1968,
,FP.CPI.TOTL.ZG,1967,
,FP.CPI.TOTL.ZG,1966,
,FP.CPI.TOTL.ZG,1965,
,FP.CPI.TOTL.ZG,1964,
,FP.CPI.TOTL.ZG,1963,
,FP.CPI.TOTL.ZG,1962,
,FP.CPI.TOTL.ZG,1961,
,FP.CPI.TOTL.ZG,1960,
IBD,FP.CPI.TOTL.ZG,2025,
IBD,FP.CPI.TOTL.ZG,2024,3.48974086026947
IBD,FP.CPI.TOTL.ZG,2023,6.02663450060535
IBD,FP.CPI.TOTL.ZG,2022,9.10437983075437
IBD,FP.CPI.TOTL.ZG,2021,4.27166381536798
IBD,FP.CPI.TOTL.ZG,2020,2.41513094083414
IBD,FP.CPI.TOTL.ZG,2019,2.58405829251271
IBD,FP.CPI.TOTL.ZG,2018,3.22703471046143
IBD,FP.CPI.TOTL.ZG,2017,3.32389447576097
IBD,FP.CPI.TOTL.ZG,2016,2.12081713361588
IBD,FP.CPI.TOTL.ZG,2015,3.09551722027242
IBD,FP.CPI.TOTL.ZG,2014,3.50379093139812
IBD,FP.CPI.TOTL.ZG,2013,3.89555152647667
IBD,FP.CPI.TOTL.ZG,2012,4.2795142691943
IBD,FP.CPI.TOTL.ZG,2011,5.55389892257493
IBD,FP.CPI.TOTL.ZG,2010,4.11211139315219
IBD,FP.CPI.TOTL.ZG,2009,3.73014786563162
IBD,FP.CPI.TOTL.ZG,2008,9.41346312169848
IBD,FP.CPI.TOTL.ZG,2007,5.43249256550149
IBD,FP.CPI.TOTL.ZG,2006,5.64087772156342
IBD,FP.CPI.TOTL.ZG,2005,4.90328350926892
IBD,FP.CPI.TOTL.ZG,2004,4.69938972474513
IBD,FP.CPI.TOTL.ZG,2003,4.09500376698844
IBD,FP.CPI.TOTL.ZG,2002,4.1500586166472
IBD,FP.CPI.TOTL.ZG,2001,5.39883985897828
IBD,FP.CPI.TOTL.ZG,2000,4.68757013735526
IBD,FP.CPI.TOTL.ZG,1999,5.01996827507182
IBD,FP.CPI.TOTL.ZG,1998,7.2661980440096
IBD,FP.CPI.TOTL.ZG,1997,7.71053878969885
IBD,FP.CPI.TOTL.ZG,1996,10.0828580652108
IBD,FP.CPI.TOTL.ZG,1995,14.5838224334001
IBD,FP.CPI.TOTL.ZG,1994,22.705647224337
IBD,FP.CPI.TOTL.ZG,1993,14.3308033365888
IBD,FP.CPI.TOTL.ZG,1992,13.6374241717218
IBD,FP.CPI.TOTL.ZG,1991,19.505001673093
IBD,FP.CPI.TOTL.ZG,1990,16.1921375615233
IBD,FP.CPI.TOTL.ZG,1989,14.3295390328572
IBD,FP.CPI.TOTL.ZG,1988,10.8327037689912
IBD,FP.CPI.TOTL.ZG,1987,9.80193387398675
IBD,FP.CPI.TOTL.ZG,1986,11.8350618936099
IBD,FP.CPI.TOTL.ZG,1985,11.5212607368495
IBD,FP.CPI.TOTL.ZG,1984,12.4475693291853
IBD,FP.CPI.TOTL.ZG,1983,11.8339097531693
IBD,FP.CPI.TOTL.ZG,1982,10.8325068623836
IBD,FP.CPI.TOTL.ZG,1981,14.1899276364132
IBD,FP.CPI.TOTL.ZG,1980,17.4703042795772
IBD,FP.CPI.TOTL.ZG,1979,12.825002382747
IBD,FP.CPI.TOTL.ZG,1978,10.3556722757191
IBD,FP.CPI.TOTL.ZG,1977,11.8202775391489
IBD,FP.CPI.TOTL.ZG,1976,10.3174158877413
IBD,FP.CPI.TOTL.ZG,1975,13.4259248530376
IBD,FP.CPI.TOTL.ZG,1974,22.3645294471887
IBD,FP.CPI.TOTL.ZG,1973,13.1238462026398
IBD,FP.CPI.TOTL.ZG,1972,6.41195887004023
IBD,FP.CPI.TOTL.ZG,1971,4.00930648268453
IBD,FP.CPI.TOTL.ZG,1970,
IBD,FP.CPI.TOTL.ZG,1969,
IBD,FP.CPI.TOTL.ZG,1968,
IBD,FP.CPI.TOTL.ZG,1967,
IBD,FP.CPI.TOTL.ZG,1966,
IBD,FP.CPI.TOTL.ZG,1965,
IBD,FP.CPI.TOTL.ZG,1964,
IBD,FP.CPI.TOTL.ZG,1963,
IBD,FP.CPI.TOTL.ZG,1962,
IBD,FP.CPI.TOTL.ZG,1961,
IBD,FP.CPI.TOTL.ZG,1960,
IBT,FP.CPI.TOTL.ZG,2025,
IBT,FP.CPI.TOTL.ZG,2024,3.62109273885843
IBT,FP.CPI.TOTL.ZG,2023,6.20657592272126
IBT,FP.CPI.TOTL.ZG,2022,8.81109209279587
IBT,FP.CPI.TOTL.ZG,2021,4.25936417542868
IBT,FP.CPI.TOTL.ZG,2020,2.8981937602627
IBT,FP.CPI.TOTL.ZG,2019,2.70590196327809
IBT,FP.CPI.TOTL.ZG,2018,3.13285375991676
IBT,FP.CPI.TOTL.ZG,2017,3.33787586109568
IBT,FP.CPI.TOTL.ZG,2016,2.81495791361944
IBT,FP.CPI.TOTL.ZG,2015,3.12900274473925
IBT,FP.CPI.TOTL.ZG,2014,3.52566203758282
IBT,FP.CPI.TOTL.ZG,2013,4.3411548980431
IBT,FP.CPI.TOTL.ZG,2012,5.00686319367273
IBT,FP.CPI.TOTL.ZG,2011,5.79911173145917
IBT,FP.CPI.TOTL.ZG,2010,4.06749555950263
IBT,FP.CPI.TOTL.ZG,2009,3.99895451849944
IBT,FP.CPI.TOTL.ZG,2008,10.2783937621135
IBT,FP.CPI.TOTL.ZG,2007,6.14356655248047
IBT,FP.CPI.TOTL.ZG,2006,6.12556615620285
IBT,FP.CPI.TOTL.ZG,2005,6.08218729535043
IBT,FP.CPI.TOTL.ZG,2004,4.46346840736576
IBT,FP.CPI.TOTL.ZG,2003,4.52733824219011
IBT,FP.CPI.TOTL.ZG,2002,3.8957052575849
IBT,FP.CPI.TOTL.ZG,2001,5.00743290822373
IBT,FP.CPI.TOTL.ZG,2000,4.18234633956545
IBT,FP.CPI.TOTL.ZG,1999,4.46435467675891
IBT,FP.CPI.TOTL.ZG,1998,6.81079323797193
IBT,FP.CPI.TOTL.ZG,1997,7.12532722513057
IBT,FP.CPI.TOTL.ZG,1996,8.82705061756342
IBT,FP.CPI.TOTL.ZG,1995,11.1287029707089
IBT,FP.CPI.TOTL.ZG,1994,20.5661948376355
IBT,FP.CPI.TOTL.ZG,1993,10.6332425818308
IBT,FP.CPI.TOTL.ZG,1992,10.0561167448841
IBT,FP.CPI.TOTL.ZG,1991,12.4452441633871
IBT,FP.CPI.TOTL.ZG,1990,10.8589657782787
IBT,FP.CPI.TOTL.ZG,1989,8.92994142894027
IBT,FP.CPI.TOTL.ZG,1988,8.91047020013381
IBT,FP.CPI.TOTL.ZG,1987,8.18907449481081
IBT,FP.CPI.TOTL.ZG,1986,8.72972072702581
IBT,FP.CPI.TOTL.ZG,1985,8.50837434391595
IBT,FP.CPI.TOTL.ZG,1984,10.284098213138
IBT,FP.CPI.TOTL.ZG,1983,10.6207536480241
IBT,FP.CPI.TOTL.ZG,1982,10.8165852547049
IBT,FP.CPI.TOTL.ZG,1981,13.0286479969934
IBT,FP.CPI.TOTL.ZG,1980,15.4879114590199
IBT,FP.CPI.TOTL.ZG,1979,
IBT,FP.CPI.TOTL.ZG,1978,9.53338085606526
IBT,FP.CPI.TOTL.ZG,1977,11.8930447524802
IBT,FP.CPI.TOTL.ZG,1976,
IBT,FP.CPI.TOTL.ZG,1975,
IBT,FP.CPI.TOTL.ZG,1974,
IBT,FP.CPI.TOTL.ZG,1973,
IBT,FP.CPI.TOTL.ZG,1972,
IBT,FP.CPI.TOTL.ZG,1971,
IBT,FP.CPI.TOTL.ZG,1970,
IBT,FP.CPI.TOTL.ZG,1969,
IBT,FP.CPI.TOTL.ZG,1968,
IBT,FP.CPI.TOTL.ZG,1967,
IBT,FP.CPI.TOTL.ZG,1966,
IBT,FP.CPI.TOTL.ZG,1965,
IBT,FP.CPI.TOTL.ZG,1964,
IBT,FP.CPI.TOTL.ZG,1963,
IBT,FP.CPI.TOTL.ZG,1962,
IBT,FP.CPI.TOTL.ZG,1961,
IBT,FP.CPI.TOTL.ZG,1960,
IDB,FP.CPI.TOTL.ZG,2025,
IDB,FP.CPI.TOTL.ZG,2024,3.45053028131019
IDB,FP.CPI.TOTL.ZG,2023,4.56457719814894
IDB,FP.CPI.TOTL.ZG,2022,6.32752007290448
IDB,FP.CPI.TOTL.ZG,2021,3.46677876951929
IDB,FP.CPI.TOTL.ZG,2020,2.1039488213608
IDB,FP.CPI.TOTL.ZG,2019,1.98958744120896
IDB,FP.CPI.TOTL.ZG,2018,2.48030843191907
IDB,FP.CPI.TOTL.ZG,2017,1.14765339305816
IDB,FP.CPI.TOTL.ZG,2016,1.65038994431573
IDB,FP.CPI.TOTL.ZG,2015,1.37488542621446
IDB,FP.CPI.TOTL.ZG,2014,1.20139964481058
IDB,FP.CPI.TOTL.ZG,2013,2.58117037252936
IDB,FP.CPI.TOTL.ZG,2012,4.17763587102515
IDB,FP.CPI.TOTL.ZG,2011,4.47388342165023
IDB,FP.CPI.TOTL.ZG,2010,3.3434265756174
IDB,FP.CPI.TOTL.ZG,2009,1.01950457731138
IDB,FP.CPI.TOTL.ZG,2008,8.0332732765034
IDB,FP.CPI.TOTL.ZG,2007,4.41099704193489
IDB,FP.CPI.TOTL.ZG,2006,4.25195321977967
IDB,FP.CPI.TOTL.ZG,2005,3.475806937554
IDB,FP.CPI.TOTL.ZG,2004,2.82748519391201
IDB,FP.CPI.TOTL.ZG,2003,2.91413470059479
IDB,FP.CPI.TOTL.ZG,2002,2.95584372642747
IDB,FP.CPI.TOTL.ZG,2001,4.3170996923618
IDB,FP.CPI.TOTL.ZG,2000,2.79910741834291
IDB,FP.CPI.TOTL.ZG,1999,3.82321751095557
IDB,FP.CPI.TOTL.ZG,1998,4.61144759515372
IDB,FP.CPI.TOTL.ZG,1997,4.02083333333306
IDB,FP.CPI.TOTL.ZG,1996,5.18576037812015
IDB,FP.CPI.TOTL.ZG,1995,8.71060784947218
IDB,FP.CPI.TOTL.ZG,1994,8.06942603327222
IDB,FP.CPI.TOTL.ZG,1993,4.94888921262694
IDB,FP.CPI.TOTL.ZG,1992,4.59631864289181
IDB,FP.CPI.TOTL.ZG,1991,6.32344804551798
IDB,FP.CPI.TOTL.ZG,1990,7.15888095230383
IDB,FP.CPI.TOTL.ZG,1989,4.51780282778772
IDB,FP.CPI.TOTL.ZG,1988,4.75957807533924
IDB,FP.CPI.TOTL.ZG,1987,5.17249665237717
IDB,FP.CPI.TOTL.ZG,1986,3.83226256526941
IDB,FP.CPI.TOTL.ZG,1985,5.39325842696639
IDB,FP.CPI.TOTL.ZG,1984,5.65961278703288
IDB,FP.CPI.TOTL.ZG,1983,6.22869039089322
IDB,FP.CPI.TOTL.ZG,1982,7.25233262011902
IDB,FP.CPI.TOTL.ZG,1981,11.7414835138213
IDB,FP.CPI.TOTL.ZG,1980,14.301290428072
IDB,FP.CPI.TOTL.ZG,1979,10.5498866670427
IDB,FP.CPI.TOTL.ZG,1978,8.82352941179666
IDB,FP.CPI.TOTL.ZG,1977,10.1869132045143
IDB,FP.CPI.TOTL.ZG,1976,10.4860171482741
IDB,FP.CPI.TOTL.ZG,1975,13.3091051940543
IDB,FP.CPI.TOTL.ZG,1974,17.8099480331818
IDB,FP.CPI.TOTL.ZG,1973,11.1029866698229
IDB,FP.CPI.TOTL.ZG,1972,5.18323764549138
IDB,FP.CPI.TOTL.ZG,1971,3.89711787177382
IDB,FP.CPI.TOTL.ZG,1970,5.60396335917379
IDB,FP.CPI.TOTL.ZG,1969,
IDB,FP.CPI.TOTL.ZG,1968,
IDB,FP.CPI.TOTL.ZG,1967,
IDB,FP.CPI.TOTL.ZG,1966,
IDB,FP.CPI.TOTL.ZG,1965,
IDB,FP.CPI.TOTL.ZG,1964,
IDB,FP.CPI.TOTL.ZG,1963,
IDB,FP.CPI.TOTL.ZG,1962,
IDB,FP.CPI.TOTL.ZG,1961,
IDB,FP.CPI.TOTL.ZG,1960,
IDX,FP.CPI.TOTL.ZG,2025,
IDX,FP.CPI.TOTL.ZG,2024,4.19081721344523
IDX,FP.CPI.TOTL.ZG,2023,7.12142371831339
IDX,FP.CPI.TOTL.ZG,2022,9.57337118555953
IDX,FP.CPI.TOTL.ZG,2021,4.37012190478157
IDX,FP.CPI.TOTL.ZG,2020,3.94180326908065
IDX,FP.CPI.TOTL.ZG,2019,3.09342088075364
IDX,FP.CPI.TOTL.ZG,2018,3.01748181031406
IDX,FP.CPI.TOTL.ZG,2017,4.31421134623784
IDX,FP.CPI.TOTL.ZG,2016,3.74103082110771
IDX,FP.CPI.TOTL.ZG,2015,3.40274327737188
IDX,FP.CPI.TOTL.ZG,2014,4.40535234185293
IDX,FP.CPI.TOTL.ZG,2013,5.16189898581494
IDX,FP.CPI.TOTL.ZG,2012,6.05143662139967
IDX,FP.CPI.TOTL.ZG,2011,6.7395240045165
IDX,FP.CPI.TOTL.ZG,2010,4.82734190074673
IDX,FP.CPI.TOTL.ZG,2009,4.53017659132801
IDX,FP.CPI.TOTL.ZG,2008,11.4846669599236
IDX,FP.CPI.TOTL.ZG,2007,7.13981139139829
IDX,FP.CPI.TOTL.ZG,2006,6.73026291414056
IDX,FP.CPI.TOTL.ZG,2005,7.20288349647587
IDX,FP.CPI.TOTL.ZG,2004,4.66846622369882
IDX,FP.CPI.TOTL.ZG,2003,5.70700931874738
IDX,FP.CPI.TOTL.ZG,2002,4.60574757807992
IDX,FP.CPI.TOTL.ZG,2001,4.7148963468961
IDX,FP.CPI.TOTL.ZG,2000,4.08876261680312
IDX,FP.CPI.TOTL.ZG,1999,4.69170563048438
IDX,FP.CPI.TOTL.ZG,1998,6.2100670945581
IDX,FP.CPI.TOTL.ZG,1997,7.57283467072592
IDX,FP.CPI.TOTL.ZG,1996,8.79001381935162
IDX,FP.CPI.TOTL.ZG,1995,10.5632886691814
IDX,FP.CPI.TOTL.ZG,1994,21.729346883819
IDX,FP.CPI.TOTL.ZG,1993,9.67934658067928
IDX,FP.CPI.TOTL.ZG,1992,10.3346307870551
IDX,FP.CPI.TOTL.ZG,1991,12.4452441633871
IDX,FP.CPI.TOTL.ZG,1990,10.0118383223406
IDX,FP.CPI.TOTL.ZG,1989,8.84688691232552
IDX,FP.CPI.TOTL.ZG,1988,9.92402339810402
IDX,FP.CPI.TOTL.ZG,1987,8.15234253800871
IDX,FP.CPI.TOTL.ZG,1986,9.52382758843107
IDX,FP.CPI.TOTL.ZG,1985,
IDX,FP.CPI.TOTL.ZG,1984,
IDX,FP.CPI.TOTL.ZG,1983,
IDX,FP.CPI.TOTL.ZG,1982,
IDX,FP.CPI.TOTL.ZG,1981,
IDX,FP.CPI.TOTL.ZG,1980,
IDX,FP.CPI.TOTL.ZG,1979,
IDX,FP.CPI.TOTL.ZG,1978,
IDX,FP.CPI.TOTL.ZG,1977,
IDX,FP.CPI.TOTL.ZG,1976,
IDX,FP.CPI.TOTL.ZG,1975,
IDX,FP.CPI.TOTL.ZG,1974,
IDX,FP.CPI.TOTL.ZG,1973,
IDX,FP.CPI.TOTL.ZG,1972,
IDX,FP.CPI.TOTL.ZG,1971,
IDX,FP.CPI.TOTL.ZG,1970,
IDX,FP.CPI.TOTL.ZG,1969,
IDX,FP.CPI.TOTL.ZG,1968,
IDX,FP.CPI.TOTL.ZG,1967,
IDX,FP.CPI.TOTL.ZG,1966,
IDX,FP.CPI.TOTL.ZG,1965,
IDX,FP.CPI.TOTL.ZG,1964,
IDX,FP.CPI.TOTL.ZG,1963,
IDX,FP.CPI.TOTL.ZG,1962,
IDX,FP.CPI.TOTL.ZG,1961,
IDX,FP.CPI.TOTL.ZG,1960,
IDA,FP.CPI.TOTL.ZG,2025,
IDA,FP.CPI.TOTL.ZG,2024,3.92206330291068
IDA,FP.CPI.TOTL.ZG,2023,7.10220928557059
IDA,FP.CPI.TOTL.ZG,2022,8.21619710967436
IDA,FP.CPI.TOTL.ZG,2021,4.17270582217659
IDA,FP.CPI.TOTL.ZG,2020,3.47617372722194
IDA,FP.CPI.TOTL.ZG,2019,2.74447528387472
IDA,FP.CPI.TOTL.ZG,2018,2.84578376094084
IDA,FP.CPI.TOTL.ZG,2017,3.85067166284727
IDA,FP.CPI.TOTL.ZG,2016,3.21988689395718
IDA,FP.CPI.TOTL.ZG,2015,3.15783117980923
IDA,FP.CPI.TOTL.ZG,2014,3.52566203758282
IDA,FP.CPI.TOTL.ZG,2013,4.88516387595471
IDA,FP.CPI.TOTL.ZG,2012,5.59607014268585
IDA,FP.CPI.TOTL.ZG,2011,6.33279483849042
IDA,FP.CPI.TOTL.ZG,2010,3.99639528107218
IDA,FP.CPI.TOTL.ZG,2009,4.32909396037581
IDA,FP.CPI.TOTL.ZG,2008,10.7156661309681
IDA,FP.CPI.TOTL.ZG,2007,6.55722772638066
IDA,FP.CPI.TOTL.ZG,2006,6.2410332814282
IDA,FP.CPI.TOTL.ZG,2005,6.83633265892877
IDA,FP.CPI.TOTL.ZG,2004,4.37623907077312
IDA,FP.CPI.TOTL.ZG,2003,5.30297697364859
IDA,FP.CPI.TOTL.ZG,2002,3.82293995768478
IDA,FP.CPI.TOTL.ZG,2001,4.41977245881146
IDA,FP.CPI.TOTL.ZG,2000,3.86106534185509
IDA,FP.CPI.TOTL.ZG,1999,4.14267137284048
IDA,FP.CPI.TOTL.ZG,1998,6.0922623040259
IDA,FP.CPI.TOTL.ZG,1997,6.68365536789982
IDA,FP.CPI.TOTL.ZG,1996,7.19164660433344
IDA,FP.CPI.TOTL.ZG,1995,10.0221733553239
IDA,FP.CPI.TOTL.ZG,1994,15.1763474313441
IDA,FP.CPI.TOTL.ZG,1993,7.50539419087105
IDA,FP.CPI.TOTL.ZG,1992,9.49779198403657
IDA,FP.CPI.TOTL.ZG,1991,9.27545370655182
IDA,FP.CPI.TOTL.ZG,1990,8.23970037453206
IDA,FP.CPI.TOTL.ZG,1989,7.54616477272771
IDA,FP.CPI.TOTL.ZG,1988,8.50786801086301
IDA,FP.CPI.TOTL.ZG,1987,7.02175303902781
IDA,FP.CPI.TOTL.ZG,1986,6.80905593895127
IDA,FP.CPI.TOTL.ZG,1985,7.17070132449551
IDA,FP.CPI.TOTL.ZG,1984,7.89251666092375
IDA,FP.CPI.TOTL.ZG,1983,8.80413836917203
IDA,FP.CPI.TOTL.ZG,1982,10.8165852547049
IDA,FP.CPI.TOTL.ZG,1981,12.0236539706611
IDA,FP.CPI.TOTL.ZG,1980,
IDA,FP.CPI.TOTL.ZG,1979,
IDA,FP.CPI.TOTL.ZG,1978,
IDA,FP.CPI.TOTL.ZG,1977,
IDA,FP.CPI.TOTL.ZG,1976,
IDA,FP.CPI.TOTL.ZG,1975,
IDA,FP.CPI.TOTL.ZG,1974,
IDA,FP.CPI.TOTL.ZG,1973,
IDA,FP.CPI.TOTL.ZG,1972,
IDA,FP.CPI.TOTL.ZG,1971,
IDA,FP.CPI.TOTL.ZG,1970,
IDA,FP.CPI.TOTL.ZG,1969,
IDA,FP.CPI.TOTL.ZG,1968,
IDA,FP.CPI.TOTL.ZG,1967,
IDA,FP.CPI.TOTL.ZG,1966,
IDA,FP.CPI.TOTL.ZG,1965,
IDA,FP.CPI.TOTL.ZG,1964,
IDA,FP.CPI.TOTL.ZG,1963,
IDA,FP.CPI.TOTL.ZG,1962,
IDA,FP.CPI.TOTL.ZG,1961,
IDA,FP.CPI.TOTL.ZG,1960,
LTE,FP.CPI.TOTL.ZG,2025,
LTE,FP.CPI.TOTL.ZG,2024,2.90125149455067
LTE,FP.CPI.TOTL.ZG,2023,6.09114152504141
LTE,FP.CPI.TOTL.ZG,2022,8.64091108973855
LTE,FP.CPI.TOTL.ZG,2021,3.49505757399448
LTE,FP.CPI.TOTL.ZG,2020,1.93694126694223
LTE,FP.CPI.TOTL.ZG,2019,2.16176258133054
LTE,FP.CPI.TOTL.ZG,2018,2.47446347118434
LTE,FP.CPI.TOTL.ZG,2017,2.17727572689262
LTE,FP.CPI.TOTL.ZG,2016,1.10920805807027
LTE,FP.CPI.TOTL.ZG,2015,1.5579071134626
LTE,FP.CPI.TOTL.ZG,2014,2.04461481539333
LTE,FP.CPI.TOTL.ZG,2013,2.68229684085039
LTE,FP.CPI.TOTL.ZG,2012,3.31605566687647
LTE,FP.CPI.TOTL.ZG,2011,4.3707355993922
LTE,FP.CPI.TOTL.ZG,2010,3.29777961339846
LTE,FP.CPI.TOTL.ZG,2009,3.04166827698485
LTE,FP.CPI.TOTL.ZG,2008,8.95598705177784
LTE,FP.CPI.TOTL.ZG,2007,5.43875883876557
LTE,FP.CPI.TOTL.ZG,2006,4.3655220300907
LTE,FP.CPI.TOTL.ZG,2005,4.14297583631023
LTE,FP.CPI.TOTL.ZG,2004,3.85730391367399
LTE,FP.CPI.TOTL.ZG,2003,3.23464817293927
LTE,FP.CPI.TOTL.ZG,2002,2.80115505180747
LTE,FP.CPI.TOTL.ZG,2001,4.64604442058634
LTE,FP.CPI.TOTL.ZG,2000,4.10280983042328
LTE,FP.CPI.TOTL.ZG,1999,3.3880075420401
LTE,FP.CPI.TOTL.ZG,1998,5.44152554019983
LTE,FP.CPI.TOTL.ZG,1997,5.87983105743516
LTE,FP.CPI.TOTL.ZG,1996,7.22691489532406
LTE,FP.CPI.TOTL.ZG,1995,8.01292443952666
LTE,FP.CPI.TOTL.ZG,1994,11.4431196444973
LTE,FP.CPI.TOTL.ZG,1993,10.6765371840708
LTE,FP.CPI.TOTL.ZG,1992,5.82434514637906
LTE,FP.CPI.TOTL.ZG,1991,6.90489632742756
LTE,FP.CPI.TOTL.ZG,1990,7.60609957743892
LTE,FP.CPI.TOTL.ZG,1989,6.18935403382355
LTE,FP.CPI.TOTL.ZG,1988,7.19696969696955
LTE,FP.CPI.TOTL.ZG,1987,5.75646401118136
LTE,FP.CPI.TOTL.ZG,1986,
LTE,FP.CPI.TOTL.ZG,1985,
LTE,FP.CPI.TOTL.ZG,1984,
LTE,FP.CPI.TOTL.ZG,1983,
LTE,FP.CPI.TOTL.ZG,1982,
LTE,FP.CPI.TOTL.ZG,1981,
LTE,FP.CPI.TOTL.ZG,1980,
LTE,FP.CPI.TOTL.ZG,1979,
LTE,FP.CPI.TOTL.ZG,1978,
LTE,FP.CPI.TOTL.ZG,1977,
LTE,FP.CPI.TOTL.ZG,1976,
LTE,FP.CPI.TOTL.ZG,1975,
LTE,FP.CPI.TOTL.ZG,1974,
LTE,FP.CPI.TOTL.ZG,1973,
LTE,FP.CPI.TOTL.ZG,1972,
LTE,FP.CPI.TOTL.ZG,1971,
LTE,FP.CPI.TOTL.ZG,1970,
LTE,FP.CPI.TOTL.ZG,1969,
LTE,FP.CPI.TOTL.ZG,1968,
LTE,FP.CPI.TOTL.ZG,1967,
LTE,FP.CPI.TOTL.ZG,1966,
LTE,FP.CPI.TOTL.ZG,1965,
LTE,FP.CPI.TOTL.ZG,1964,
LTE,FP.CPI.TOTL.ZG,1963,
LTE,FP.CPI.TOTL.ZG,1962,
LTE,FP.CPI.TOTL.ZG,1961,
LTE,FP.CPI.TOTL.ZG,1960,
LCN,FP.CPI.TOTL.ZG,2025,
LCN,FP.CPI.TOTL.ZG,2024,3.46497037946077
LCN,FP.CPI.TOTL.ZG,2023,4.78561281021135
LCN,FP.CPI.TOTL.ZG,2022,7.71367726901419
LCN,FP.CPI.TOTL.ZG,2021,3.87805442411131
LCN,FP.CPI.TOTL.ZG,2020,1.49389017299587
LCN,FP.CPI.TOTL.ZG,2019,2.37167859363036
LCN,FP.CPI.TOTL.ZG,2018,2.37951733360489
LCN,FP.CPI.TOTL.ZG,2017,2.19201010962985
LCN,FP.CPI.TOTL.ZG,2016,1.65038994431573
LCN,FP.CPI.TOTL.ZG,2015,1.86148302863371
LCN,FP.CPI.TOTL.ZG,2014,3.38341272749477
LCN,FP.CPI.TOTL.ZG,2013,2.5286478853837
LCN,FP.CPI.TOTL.ZG,2012,3.78180754679678
LCN,FP.CPI.TOTL.ZG,2011,4.9777356370697
LCN,FP.CPI.TOTL.ZG,2010,3.491288726188
LCN,FP.CPI.TOTL.ZG,2009,2.50049988756383
LCN,FP.CPI.TOTL.ZG,2008,8.10810810810782
LCN,FP.CPI.TOTL.ZG,2007,4.57808572377153
LCN,FP.CPI.TOTL.ZG,2006,4.25195321977967
LCN,FP.CPI.TOTL.ZG,2005,4.44057565687913
LCN,FP.CPI.TOTL.ZG,2004,4.38032286534608
LCN,FP.CPI.TOTL.ZG,2003,3.73373566167644
LCN,FP.CPI.TOTL.ZG,2002,3.95011663721593
LCN,FP.CPI.TOTL.ZG,2001,4.05508061344645
LCN,FP.CPI.TOTL.ZG,2000,4.60822998872598
LCN,FP.CPI.TOTL.ZG,1999,3.45439793587508
LCN,FP.CPI.TOTL.ZG,1998,5.11024954517559
LCN,FP.CPI.TOTL.ZG,1997,6.94956608534118
LCN,FP.CPI.TOTL.ZG,1996,7.35911781788767
LCN,FP.CPI.TOTL.ZG,1995,10.1932067630745
LCN,FP.CPI.TOTL.ZG,1994,9.70025033516309
LCN,FP.CPI.TOTL.ZG,1993,10.2636237496549
LCN,FP.CPI.TOTL.ZG,1992,10.6301996893037
LCN,FP.CPI.TOTL.ZG,1991,21.6157411224449
LCN,FP.CPI.TOTL.ZG,1990,21.5079881732679
LCN,FP.CPI.TOTL.ZG,1989,11.4096320065762
LCN,FP.CPI.TOTL.ZG,1988,8.01262890572412
LCN,FP.CPI.TOTL.ZG,1987,11.5375361337894
LCN,FP.CPI.TOTL.ZG,1986,9.76436924342062
LCN,FP.CPI.TOTL.ZG,1985,12.9616863143474
LCN,FP.CPI.TOTL.ZG,1984,11.5071695057309
LCN,FP.CPI.TOTL.ZG,1983,10.2436633526545
LCN,FP.CPI.TOTL.ZG,1982,7.81274141216489
LCN,FP.CPI.TOTL.ZG,1981,14.0479686718868
LCN,FP.CPI.TOTL.ZG,1980,17.9199241406266
LCN,FP.CPI.TOTL.ZG,1979,14.7221703689992
LCN,FP.CPI.TOTL.ZG,1978,10.3061292222966
LCN,FP.CPI.TOTL.ZG,1977,10.6889574207751
LCN,FP.CPI.TOTL.ZG,1976,9.79365327534651
LCN,FP.CPI.TOTL.ZG,1975,16.7735703245816
LCN,FP.CPI.TOTL.ZG,1974,23.2440485325972
LCN,FP.CPI.TOTL.ZG,1973,13.618317345838
LCN,FP.CPI.TOTL.ZG,1972,6.67117766528369
LCN,FP.CPI.TOTL.ZG,1971,4.78411438154619
LCN,FP.CPI.TOTL.ZG,1970,4.65229749303154
LCN,FP.CPI.TOTL.ZG,1969,2.62934083658332
LCN,FP.CPI.TOTL.ZG,1968,4.09389143106836
LCN,FP.CPI.TOTL.ZG,1967,3.01694847502148
LCN,FP.CPI.TOTL.ZG,1966,
LCN,FP.CPI.TOTL.ZG,1965,
LCN,FP.CPI.TOTL.ZG,1964,
LCN,FP.CPI.TOTL.ZG,1963,
LCN,FP.CPI.TOTL.ZG,1962,
LCN,FP.CPI.TOTL.ZG,1961,
LCN,FP.CPI.TOTL.ZG,1960,
LAC,FP.CPI.TOTL.ZG,2025,
LAC,FP.CPI.TOTL.ZG,2024,3.83540271728533
LAC,FP.CPI.TOTL.ZG,2023,5.08677483158112
LAC,FP.CPI.TOTL.ZG,2022,8.33370630096231
LAC,FP.CPI.TOTL.ZG,2021,4.27166381536798
LAC,FP.CPI.TOTL.ZG,2020,2.52663500084706
LAC,FP.CPI.TOTL.ZG,2019,2.50460959460401
LAC,FP.CPI.TOTL.ZG,2018,3.40250179472038
LAC,FP.CPI.TOTL.ZG,2017,3.36296514855608
LAC,FP.CPI.TOTL.ZG,2016,2.77316004021475
LAC,FP.CPI.TOTL.ZG,2015,3.14341696227424
LAC,FP.CPI.TOTL.ZG,2014,3.4282641481078
LAC,FP.CPI.TOTL.ZG,2013,2.74483621896186
LAC,FP.CPI.TOTL.ZG,2012,3.94665867874984
LAC,FP.CPI.TOTL.ZG,2011,5.46284592944072
LAC,FP.CPI.TOTL.ZG,2010,3.70694322200501
LAC,FP.CPI.TOTL.ZG,2009,2.22552464081798
LAC,FP.CPI.TOTL.ZG,2008,9.23316888222976
LAC,FP.CPI.TOTL.ZG,2007,5.84397570531601
LAC,FP.CPI.TOTL.ZG,2006,4.26717463390264
LAC,FP.CPI.TOTL.ZG,2005,4.87098416796732
LAC,FP.CPI.TOTL.ZG,2004,5.29621445194822
LAC,FP.CPI.TOTL.ZG,2003,5.45293224327203
LAC,FP.CPI.TOTL.ZG,2002,5.12704751455371
LAC,FP.CPI.TOTL.ZG,2001,6.58482368511314
LAC,FP.CPI.TOTL.ZG,2000,7.05702729099891
LAC,FP.CPI.TOTL.ZG,1999,4.85844749902667
LAC,FP.CPI.TOTL.ZG,1998,6.61346070518058
LAC,FP.CPI.TOTL.ZG,1997,7.14511160883929
LAC,FP.CPI.TOTL.ZG,1996,11.0569165321987
LAC,FP.CPI.TOTL.ZG,1995,12.5359594558963
LAC,FP.CPI.TOTL.ZG,1994,10.8553211494391
LAC,FP.CPI.TOTL.ZG,1993,11.8196901746257
LAC,FP.CPI.TOTL.ZG,1992,12.060323601829
LAC,FP.CPI.TOTL.ZG,1991,24.2253521126763
LAC,FP.CPI.TOTL.ZG,1990,23.3225664366467
LAC,FP.CPI.TOTL.ZG,1989,14.3295390328572
LAC,FP.CPI.TOTL.ZG,1988,10.8327037689912
LAC,FP.CPI.TOTL.ZG,1987,13.5507237827822
LAC,FP.CPI.TOTL.ZG,1986,18.6879606879605
LAC,FP.CPI.TOTL.ZG,1985,22.3283750554416
LAC,FP.CPI.TOTL.ZG,1984,11.5071695057309
LAC,FP.CPI.TOTL.ZG,1983,10.2436633526545
LAC,FP.CPI.TOTL.ZG,1982,7.64624306606148
LAC,FP.CPI.TOTL.ZG,1981,13.2666874934914
LAC,FP.CPI.TOTL.ZG,1980,18.7696360744434
LAC,FP.CPI.TOTL.ZG,1979,15.2253932445516
LAC,FP.CPI.TOTL.ZG,1978,10.6602475929181
LAC,FP.CPI.TOTL.ZG,1977,11.1910016370359
LAC,FP.CPI.TOTL.ZG,1976,9.931595652813
LAC,FP.CPI.TOTL.ZG,1975,14.7231301923441
LAC,FP.CPI.TOTL.ZG,1974,22.7040816226158
LAC,FP.CPI.TOTL.ZG,1973,12.9408133340937
LAC,FP.CPI.TOTL.ZG,1972,5.42770299630751
LAC,FP.CPI.TOTL.ZG,1971,4.95325693640987
LAC,FP.CPI.TOTL.ZG,1970,3.95550921099769
LAC,FP.CPI.TOTL.ZG,1969,2.25438149968916
LAC,FP.CPI.TOTL.ZG,1968,2.53768071348792
LAC,FP.CPI.TOTL.ZG,1967,3.01694847502148
LAC,FP.CPI.TOTL.ZG,1966,3.5444912994938
LAC,FP.CPI.TOTL.ZG,1965,2.86028602860271
LAC,FP.CPI.TOTL.ZG,1964,4.03420453764312
LAC,FP.CPI.TOTL.ZG,1963,2.09790209790211
LAC,FP.CPI.TOTL.ZG,1962,2.05255023209699
LAC,FP.CPI.TOTL.ZG,1961,3.77970638342675
LAC,FP.CPI.TOTL.ZG,1960,2.85714285714286
TLA,FP.CPI.TOTL.ZG,2025,
TLA,FP.CPI.TOTL.ZG,2024,3.62770736940927
TLA,FP.CPI.TOTL.ZG,2023,4.92637573192674
TLA,FP.CPI.TOTL.ZG,2022,7.8962761916855
TLA,FP.CPI.TOTL.ZG,2021,4.26105127422813
TLA,FP.CPI.TOTL.ZG,2020,1.76751592356698
TLA,FP.CPI.TOTL.ZG,2019,2.09604635327807
TLA,FP.CPI.TOTL.ZG,2018,2.32414485367921
TLA,FP.CPI.TOTL.ZG,2017,2.8227580554717
TLA,FP.CPI.TOTL.ZG,2016,2.53781710390567
TLA,FP.CPI.TOTL.ZG,2015,2.92482169718974
TLA,FP.CPI.TOTL.ZG,2014,3.4282641481078
TLA,FP.CPI.TOTL.ZG,2013,2.74483621896186
TLA,FP.CPI.TOTL.ZG,2012,4.14457284086402
TLA,FP.CPI.TOTL.ZG,2011,5.46284592944072
TLA,FP.CPI.TOTL.ZG,2010,3.79644333768703
TLA,FP.CPI.TOTL.ZG,2009,2.76408913513633
TLA,FP.CPI.TOTL.ZG,2008,8.40009593987462
TLA,FP.CPI.TOTL.ZG,2007,5.54438485815156
TLA,FP.CPI.TOTL.ZG,2006,4.29342363628927
TLA,FP.CPI.TOTL.ZG,2005,4.6992773903564
TLA,FP.CPI.TOTL.ZG,2004,4.45194392395045
TLA,FP.CPI.TOTL.ZG,2003,4.54690012118718
TLA,FP.CPI.TOTL.ZG,2002,4.24026660688645
TLA,FP.CPI.TOTL.ZG,2001,5.30722081028547
TLA,FP.CPI.TOTL.ZG,2000,4.76382472733251
TLA,FP.CPI.TOTL.ZG,1999,3.48672890200981
TLA,FP.CPI.TOTL.ZG,1998,5.26903547042201
TLA,FP.CPI.TOTL.ZG,1997,7.14511160883929
TLA,FP.CPI.TOTL.ZG,1996,9.78892040179966
TLA,FP.CPI.TOTL.ZG,1995,11.1287029707089
TLA,FP.CPI.TOTL.ZG,1994,10.7205639010421
TLA,FP.CPI.TOTL.ZG,1993,10.791941318612
TLA,FP.CPI.TOTL.ZG,1992,11.6374024910138
TLA,FP.CPI.TOTL.ZG,1991,22.2233859414184
TLA,FP.CPI.TOTL.ZG,1990,21.8500597281305
TLA,FP.CPI.TOTL.ZG,1989,12.8808354231069
TLA,FP.CPI.TOTL.ZG,1988,9.54973475650015
TLA,FP.CPI.TOTL.ZG,1987,12.9369685291434
TLA,FP.CPI.TOTL.ZG,1986,13.4702186572948
TLA,FP.CPI.TOTL.ZG,1985,16.8721054708497
TLA,FP.CPI.TOTL.ZG,1984,11.7272982588086
TLA,FP.CPI.TOTL.ZG,1983,10.9128872185399
TLA,FP.CPI.TOTL.ZG,1982,8.39768155916691
TLA,FP.CPI.TOTL.ZG,1981,14.1899276364132
TLA,FP.CPI.TOTL.ZG,1980,18.0615430355956
TLA,FP.CPI.TOTL.ZG,1979,14.782239267266
TLA,FP.CPI.TOTL.ZG,1978,10.3556722757191
TLA,FP.CPI.TOTL.ZG,1977,11.1910016370359
TLA,FP.CPI.TOTL.ZG,1976,9.931595652813
TLA,FP.CPI.TOTL.ZG,1975,16.8763153951355
TLA,FP.CPI.TOTL.ZG,1974,23.7840154425787
TLA,FP.CPI.TOTL.ZG,1973,13.7960339945019
TLA,FP.CPI.TOTL.ZG,1972,6.5115440115437
TLA,FP.CPI.TOTL.ZG,1971,4.95325693640987
TLA,FP.CPI.TOTL.ZG,1970,4.30390335201462
TLA,FP.CPI.TOTL.ZG,1969,2.53227177629933
TLA,FP.CPI.TOTL.ZG,1968,4.03167276820612
TLA,FP.CPI.TOTL.ZG,1967,2.5766035675882
TLA,FP.CPI.TOTL.ZG,1966,3.48377613575408
TLA,FP.CPI.TOTL.ZG,1965,2.63157894736852
TLA,FP.CPI.TOTL.ZG,1964,3.32403316018127
TLA,FP.CPI.TOTL.ZG,1963,2.93161847051352
TLA,FP.CPI.TOTL.ZG,1962,2.1008403361344
TLA,FP.CPI.TOTL.ZG,1961,2.43079391009159
TLA,FP.CPI.TOTL.ZG,1960,2.08000000007815
LDC,FP.CPI.TOTL.ZG,2025,
LDC,FP.CPI.TOTL.ZG,2024,4.50346801326901
LDC,FP.CPI.TOTL.ZG,2023,7.12697482131851
LDC,FP.CPI.TOTL.ZG,2022,9.45801281304023
LDC,FP.CPI.TOTL.ZG,2021,4.15649125482107
LDC,FP.CPI.TOTL.ZG,2020,4.33296874711709
LDC,FP.CPI.TOTL.ZG,2019,3.32255881256925
LDC,FP.CPI.TOTL.ZG,2018,3.46147484973729
LDC,FP.CPI.TOTL.ZG,2017,4.5725365531752
LDC,FP.CPI.TOTL.ZG,2016,5.34414600997244
LDC,FP.CPI.TOTL.ZG,2015,3.40274327737188
LDC,FP.CPI.TOTL.ZG,2014,4.40535234185293
LDC,FP.CPI.TOTL.ZG,2013,5.52412877994266
LDC,FP.CPI.TOTL.ZG,2012,6.31474450315177
LDC,FP.CPI.TOTL.ZG,2011,6.61038986512481
LDC,FP.CPI.TOTL.ZG,2010,5.04968075857402
LDC,FP.CPI.TOTL.ZG,2009,4.56150687670983
LDC,FP.CPI.TOTL.ZG,2008,11.010388006835
LDC,FP.CPI.TOTL.ZG,2007,7.78556896236768
LDC,FP.CPI.TOTL.ZG,2006,6.85246617854622
LDC,FP.CPI.TOTL.ZG,2005,7.5640806170987
LDC,FP.CPI.TOTL.ZG,2004,4.53421374129692
LDC,FP.CPI.TOTL.ZG,2003,6.48943208673338
LDC,FP.CPI.TOTL.ZG,2002,4.46426400734842
LDC,FP.CPI.TOTL.ZG,2001,4.7148963468961
LDC,FP.CPI.TOTL.ZG,2000,3.89952980284712
LDC,FP.CPI.TOTL.ZG,1999,4.92577256142324
LDC,FP.CPI.TOTL.ZG,1998,7.11191114210706
LDC,FP.CPI.TOTL.ZG,1997,8.02210766631749
LDC,FP.CPI.TOTL.ZG,1996,9.33031458531928
LDC,FP.CPI.TOTL.ZG,1995,15.4480258352529
LDC,FP.CPI.TOTL.ZG,1994,25.1778762249963
LDC,FP.CPI.TOTL.ZG,1993,9.37034415971461
LDC,FP.CPI.TOTL.ZG,1992,10.6393021897438
LDC,FP.CPI.TOTL.ZG,1991,14.2458446087478
LDC,FP.CPI.TOTL.ZG,1990,8.48864649650694
LDC,FP.CPI.TOTL.ZG,1989,8.92994142894027
LDC,FP.CPI.TOTL.ZG,1988,10.2196875039766
LDC,FP.CPI.TOTL.ZG,1987,9.01351931463752
LDC,FP.CPI.TOTL.ZG,1986,9.32546190007652
LDC,FP.CPI.TOTL.ZG,1985,
LDC,FP.CPI.TOTL.ZG,1984,
LDC,FP.CPI.TOTL.ZG,1983,
LDC,FP.CPI.TOTL.ZG,1982,
LDC,FP.CPI.TOTL.ZG,1981,
LDC,FP.CPI.TOTL.ZG,1980,
LDC,FP.CPI.TOTL.ZG,1979,
LDC,FP.CPI.TOTL.ZG,1978,
LDC,FP.CPI.TOTL.ZG,1977,
LDC,FP.CPI.TOTL.ZG,1976,
LDC,FP.CPI.TOTL.ZG,1975,
LDC,FP.CPI.TOTL.ZG,1974,
LDC,FP.CPI.TOTL.ZG,1973,
LDC,FP.CPI.TOTL.ZG,1972,
LDC,FP.CPI.TOTL.ZG,1971,
LDC,FP.CPI.TOTL.ZG,1970,
LDC,FP.CPI.TOTL.ZG,1969,
LDC,FP.CPI.TOTL.ZG,1968,
LDC,FP.CPI.TOTL.ZG,1967,
LDC,FP.CPI.TOTL.ZG,1966,
LDC,FP.CPI.TOTL.ZG,1965,
LDC,FP.CPI.TOTL.ZG,1964,
LDC,FP.CPI.TOTL.ZG,1963,
LDC,FP.CPI.TOTL.ZG,1962,
LDC,FP.CPI.TOTL.ZG,1961,
LDC,FP.CPI.TOTL.ZG,1960,
LMY,FP.CPI.TOTL.ZG,2025,
LMY,FP.CPI.TOTL.ZG,2024,3.6966328135552
LMY,FP.CPI.TOTL.ZG,2023,6.20657592272126
LMY,FP.CPI.TOTL.ZG,2022,8.48730869535043
LMY,FP.CPI.TOTL.ZG,2021,4.22278962033194
LMY,FP.CPI.TOTL.ZG,2020,2.99313555869912
LMY,FP.CPI.TOTL.ZG,2019,2.75980873474443
LMY,FP.CPI.TOTL.ZG,2018,3.23929245939142
LMY,FP.CPI.TOTL.ZG,2017,3.63473722012434
LMY,FP.CPI.TOTL.ZG,2016,2.95249541214558
LMY,FP.CPI.TOTL.ZG,2015,3.16346457365876
LMY,FP.CPI.TOTL.ZG,2014,3.53436856147324
LMY,FP.CPI.TOTL.ZG,2013,4.63161619729461
LMY,FP.CPI.TOTL.ZG,2012,5.01804155429246
LMY,FP.CPI.TOTL.ZG,2011,6.16077553828675
LMY,FP.CPI.TOTL.ZG,2010,4.11211139315219
LMY,FP.CPI.TOTL.ZG,2009,4.20251661216482
LMY,FP.CPI.TOTL.ZG,2008,10.2969758221254
LMY,FP.CPI.TOTL.ZG,2007,6.17781214809388
LMY,FP.CPI.TOTL.ZG,2006,5.81068550464306
LMY,FP.CPI.TOTL.ZG,2005,6.41504018369684
LMY,FP.CPI.TOTL.ZG,2004,4.504603316039
LMY,FP.CPI.TOTL.ZG,2003,4.9252741801388
LMY,FP.CPI.TOTL.ZG,2002,4.24026660688645
LMY,FP.CPI.TOTL.ZG,2001,5.07745045522496
LMY,FP.CPI.TOTL.ZG,2000,4.06396201382596
LMY,FP.CPI.TOTL.ZG,1999,4.56708752856742
LMY,FP.CPI.TOTL.ZG,1998,6.88054521037351
LMY,FP.CPI.TOTL.ZG,1997,7.08761762948726
LMY,FP.CPI.TOTL.ZG,1996,8.97715233826453
LMY,FP.CPI.TOTL.ZG,1995,11.7086471154257
LMY,FP.CPI.TOTL.ZG,1994,21.729346883819
LMY,FP.CPI.TOTL.ZG,1993,10.2630998256518
LMY,FP.CPI.TOTL.ZG,1992,9.95522383415957
LMY,FP.CPI.TOTL.ZG,1991,12.1856307214389
LMY,FP.CPI.TOTL.ZG,1990,10.3326720542949
LMY,FP.CPI.TOTL.ZG,1989,8.92994142894027
LMY,FP.CPI.TOTL.ZG,1988,9.07115875780022
LMY,FP.CPI.TOTL.ZG,1987,8.18907449481081
LMY,FP.CPI.TOTL.ZG,1986,8.73355918706675
LMY,FP.CPI.TOTL.ZG,1985,8.50837434391595
LMY,FP.CPI.TOTL.ZG,1984,10.284098213138
LMY,FP.CPI.TOTL.ZG,1983,10.6207536480241
LMY,FP.CPI.TOTL.ZG,1982,10.8318097738171
LMY,FP.CPI.TOTL.ZG,1981,12.8572077921642
LMY,FP.CPI.TOTL.ZG,1980,
LMY,FP.CPI.TOTL.ZG,1979,
LMY,FP.CPI.TOTL.ZG,1978,
LMY,FP.CPI.TOTL.ZG,1977,
LMY,FP.CPI.TOTL.ZG,1976,
LMY,FP.CPI.TOTL.ZG,1975,
LMY,FP.CPI.TOTL.ZG,1974,
LMY,FP.CPI.TOTL.ZG,1973,
LMY,FP.CPI.TOTL.ZG,1972,
LMY,FP.CPI.TOTL.ZG,1971,
LMY,FP.CPI.TOTL.ZG,1970,
LMY,FP.CPI.TOTL.ZG,1969,
LMY,FP.CPI.TOTL.ZG,1968,
LMY,FP.CPI.TOTL.ZG,1967,
LMY,FP.CPI.TOTL.ZG,1966,
LMY,FP.CPI.TOTL.ZG,1965,
LMY,FP.CPI.TOTL.ZG,1964,
LMY,FP.CPI.TOTL.ZG,1963,
LMY,FP.CPI.TOTL.ZG,1962,
LMY,FP.CPI.TOTL.ZG,1961,
LMY,FP.CPI.TOTL.ZG,1960,
,FP.CPI.TOTL.ZG,2025,
,FP.CPI.TOTL.ZG,2024,4.19081721344523
,FP.CPI.TOTL.ZG,2023,7.11459205344455
,FP.CPI.TOTL.ZG,2022,9.62147608489064
,FP.CPI.TOTL.ZG,2021,5.13320340824963
,FP.CPI.TOTL.ZG,2020,4.46414437232861
,FP.CPI.TOTL.ZG,2019,2.83514555687506
,FP.CPI.TOTL.ZG,2018,2.79180778478365
,FP.CPI.TOTL.ZG,2017,8.15686323403372
,FP.CPI.TOTL.ZG,2016,5.70637504616212
,FP.CPI.TOTL.ZG,2015,4.37712665065654
,FP.CPI.TOTL.ZG,2014,3.74052951571967
,FP.CPI.TOTL.ZG,2013,5.61162933815824
,FP.CPI.TOTL.ZG,2012,6.70977471405567
,FP.CPI.TOTL.ZG,2011,7.20710277400571
,FP.CPI.TOTL.ZG,2010,4.18698335814119
,FP.CPI.TOTL.ZG,2009,4.78389024602515
,FP.CPI.TOTL.ZG,2008,11.3051098827019
,FP.CPI.TOTL.ZG,2007,7.9051177898873
,FP.CPI.TOTL.ZG,2006,7.25490301838286
,FP.CPI.TOTL.ZG,2005,8.16954604881263
,FP.CPI.TOTL.ZG,2004,4.21376268767905
,FP.CPI.TOTL.ZG,2003,6.14313076789589
,FP.CPI.TOTL.ZG,2002,4.16647225497473
,FP.CPI.TOTL.ZG,2001,4.49259609239754
,FP.CPI.TOTL.ZG,2000,3.82260088086306
,FP.CPI.TOTL.ZG,1999,-0.0532136248823534
,FP.CPI.TOTL.ZG,1998,5.08433344145324
,FP.CPI.TOTL.ZG,1997,5.5722571112533
,FP.CPI.TOTL.ZG,1996,8.2498900991551
,FP.CPI.TOTL.ZG,1995,17.8114537129631
,FP.CPI.TOTL.ZG,1994,29.9137561879143
,FP.CPI.TOTL.ZG,1993,9.84385389234665
,FP.CPI.TOTL.ZG,1992,9.5234771910899
,FP.CPI.TOTL.ZG,1991,8.81964099733884
,FP.CPI.TOTL.ZG,1990,7.00216956651122
,FP.CPI.TOTL.ZG,1989,8.27501608751592
,FP.CPI.TOTL.ZG,1988,13.5840522695533
,FP.CPI.TOTL.ZG,1987,7.11323763955337
,FP.CPI.TOTL.ZG,1986,4.12461526367686
,FP.CPI.TOTL.ZG,1985,10.4238402303886
,FP.CPI.TOTL.ZG,1984,9.85662095433889
,FP.CPI.TOTL.ZG,1983,
,FP.CPI.TOTL.ZG,1982,
,FP.CPI.TOTL.ZG,1981,
,FP.CPI.TOTL.ZG,1980,
,FP.CPI.TOTL.ZG,1979,
,FP.CPI.TOTL.ZG,1978,
,FP.CPI.TOTL.ZG,1977,
,FP.CPI.TOTL.ZG,1976,
,FP.CPI.TOTL.ZG,1975,
,FP.CPI.TOTL.ZG,1974,
,FP.CPI.TOTL.ZG,1973,
,FP.CPI.TOTL.ZG,1972,
,FP.CPI.TOTL.ZG,1971,
,FP.CPI.TOTL.ZG,1970,
,FP.CPI.TOTL.ZG,1969,
,FP.CPI.TOTL.ZG,1968,
,FP.CPI.TOTL.ZG,1967,
,FP.CPI.TOTL.ZG,1966,
,FP.CPI.TOTL.ZG,1965,
,FP.CPI.TOTL.ZG,1964,
,FP.CPI.TOTL.ZG,1963,
,FP.CPI.TOTL.ZG,1962,
,FP.CPI.TOTL.ZG,1961,
,FP.CPI.TOTL.ZG,1960,
,FP.CPI.TOTL.ZG,2025,
,FP.CPI.TOTL.ZG,2024,4.60621098127107
,FP.CPI.TOTL.ZG,2023,7.38281384280984
,FP.CPI.TOTL.ZG,2022,7.6702057938028
,FP.CPI.TOTL.ZG,2021,4.15919657911798
,FP.CPI.TOTL.ZG,2020,4.87167398565555
,FP.CPI.TOTL.ZG,2019,3.46428057999021
,FP.CPI.TOTL.ZG,2018,4.29159105337875
,FP.CPI.TOTL.ZG,2017,3.52025688811617
,FP.CPI.TOTL.ZG,2016,3.37153003512095
,FP.CPI.TOTL.ZG,2015,3.32437113264095
,FP.CPI.TOTL.ZG,2014,5.19400979076006
,FP.CPI.TOTL.ZG,2013,5.4961444543898
,FP.CPI.TOTL.ZG,2012,5.98172132315561
,FP.CPI.TOTL.ZG,2011,6.38109582460691
,FP.CPI.TOTL.ZG,2010,4.84551875852116
,FP.CPI.TOTL.ZG,2009,4.38867602060471
,FP.CPI.TOTL.ZG,2008,11.4034270813932
,FP.CPI.TOTL.ZG,2007,6.93621470895774
,FP.CPI.TOTL.ZG,2006,6.15687603938557
,FP.CPI.TOTL.ZG,2005,5.37887596361502
,FP.CPI.TOTL.ZG,2004,4.47499289078107
,FP.CPI.TOTL.ZG,2003,5.15190150769578
,FP.CPI.TOTL.ZG,2002,3.75017465778466
,FP.CPI.TOTL.ZG,2001,4.41977245881146
,FP.CPI.TOTL.ZG,2000,4.08876261680312
,FP.CPI.TOTL.ZG,1999,4.86539785077528
,FP.CPI.TOTL.ZG,1998,8.81858613940175
,FP.CPI.TOTL.ZG,1997,7.10616656859383
,FP.CPI.TOTL.ZG,1996,9.09880948101719
,FP.CPI.TOTL.ZG,1995,10.2090464634145
,FP.CPI.TOTL.ZG,1994,12.3681943936948
,FP.CPI.TOTL.ZG,1993,9.16866233321985
,FP.CPI.TOTL.ZG,1992,10.0989671535176
,FP.CPI.TOTL.ZG,1991,13.2242657726507
,FP.CPI.TOTL.ZG,1990,10.0118383223406
,FP.CPI.TOTL.ZG,1989,9.85040925769098
,FP.CPI.TOTL.ZG,1988,9.18323762197162
,FP.CPI.TOTL.ZG,1987,8.63767318980084
,FP.CPI.TOTL.ZG,1986,8.72972072702581
,FP.CPI.TOTL.ZG,1985,7.7286389008592
,FP.CPI.TOTL.ZG,1984,10.284098213138
,FP.CPI.TOTL.ZG,1983,11.4826535601296
,FP.CPI.TOTL.ZG,1982,10.3747672174937
,FP.CPI.TOTL.ZG,1981,11.7414835138213
,FP.CPI.TOTL.ZG,1980,13.8581814562484
,FP.CPI.TOTL.ZG,1979,
,FP.CPI.TOTL.ZG,1978,
,FP.CPI.TOTL.ZG,1977,
,FP.CPI.TOTL.ZG,1976,
,FP.CPI.TOTL.ZG,1975,
,FP.CPI.TOTL.ZG,1974,
,FP.CPI.TOTL.ZG,1973,
,FP.CPI.TOTL.ZG,1972,
,FP.CPI.TOTL.ZG,1971,
,FP.CPI.TOTL.ZG,1970,
,FP.CPI.TOTL.ZG,1969,
,FP.CPI.TOTL.ZG,1968,
,FP.CPI.TOTL.ZG,1967,
,FP.CPI.TOTL.ZG,1966,
,FP.CPI.TOTL.ZG,1965,
,FP.CPI.TOTL.ZG,1964,
,FP.CPI.TOTL.ZG,1963,
,FP.CPI.TOTL.ZG,1962,
,FP.CPI.TOTL.ZG,1961,
,FP.CPI.TOTL.ZG,1960,
MEA,FP.CPI.TOTL.ZG,2025,
MEA,FP.CPI.TOTL.ZG,2024,2.07655387954199
MEA,FP.CPI.TOTL.ZG,2023,4.22522603168918
MEA,FP.CPI.TOTL.ZG,2022,5.17980847967061
MEA,FP.CPI.TOTL.ZG,2021,2.86833027751019
MEA,FP.CPI.TOTL.ZG,2020,1.44703656998741
MEA,FP.CPI.TOTL.ZG,2019,1.33601568147656
MEA,FP.CPI.TOTL.ZG,2018,1.94579304594437
MEA,FP.CPI.TOTL.ZG,2017,2.06932928164424
MEA,FP.CPI.TOTL.ZG,2016,2.70750189418473
MEA,FP.CPI.TOTL.ZG,2015,1.6859921764201
MEA,FP.CPI.TOTL.ZG,2014,2.64755321246189
MEA,FP.CPI.TOTL.ZG,2013,3.25423910998847
MEA,FP.CPI.TOTL.ZG,2012,4.5152295667099
MEA,FP.CPI.TOTL.ZG,2011,4.7531638888563
MEA,FP.CPI.TOTL.ZG,2010,3.74915727597096
MEA,FP.CPI.TOTL.ZG,2009,2.92089711805367
MEA,FP.CPI.TOTL.ZG,2008,12.1045204672346
MEA,FP.CPI.TOTL.ZG,2007,4.74390639021648
MEA,FP.CPI.TOTL.ZG,2006,3.54498591605033
MEA,FP.CPI.TOTL.ZG,2005,3.49368534619531
MEA,FP.CPI.TOTL.ZG,2004,3.24206513087977
MEA,FP.CPI.TOTL.ZG,2003,2.12326619508507
MEA,FP.CPI.TOTL.ZG,2002,2.01074218531299
MEA,FP.CPI.TOTL.ZG,2001,1.75942831168225
MEA,FP.CPI.TOTL.ZG,2000,1.85379035325277
MEA,FP.CPI.TOTL.ZG,1999,2.66937369053699
MEA,FP.CPI.TOTL.ZG,1998,3.41731948975801
MEA,FP.CPI.TOTL.ZG,1997,3.60116103260946
MEA,FP.CPI.TOTL.ZG,1996,4.90453460620532
MEA,FP.CPI.TOTL.ZG,1995,7.23798494499129
MEA,FP.CPI.TOTL.ZG,1994,5.14167152953361
MEA,FP.CPI.TOTL.ZG,1993,9.97366476029209
MEA,FP.CPI.TOTL.ZG,1992,9.35975158953135
MEA,FP.CPI.TOTL.ZG,1991,9.05818836232758
MEA,FP.CPI.TOTL.ZG,1990,8.45146240803882
MEA,FP.CPI.TOTL.ZG,1989,7.74088603961336
MEA,FP.CPI.TOTL.ZG,1988,6.08695652173909
MEA,FP.CPI.TOTL.ZG,1987,4.22241666240752
MEA,FP.CPI.TOTL.ZG,1986,6.16438356164371
MEA,FP.CPI.TOTL.ZG,1985,5.00209008767383
MEA,FP.CPI.TOTL.ZG,1984,7.10178234545408
MEA,FP.CPI.TOTL.ZG,1983,5.9671639303272
MEA,FP.CPI.TOTL.ZG,1982,7.77679842690853
MEA,FP.CPI.TOTL.ZG,1981,11.3445968083975
MEA,FP.CPI.TOTL.ZG,1980,11.1111111111113
MEA,FP.CPI.TOTL.ZG,1979,8.26704697617572
MEA,FP.CPI.TOTL.ZG,1978,9.2028889361459
MEA,FP.CPI.TOTL.ZG,1977,11.9775476439583
MEA,FP.CPI.TOTL.ZG,1976,10.7867791969762
MEA,FP.CPI.TOTL.ZG,1975,10.5673318171894
MEA,FP.CPI.TOTL.ZG,1974,14.8886086442618
MEA,FP.CPI.TOTL.ZG,1973,9.04307669959384
MEA,FP.CPI.TOTL.ZG,1972,4.33117970783497
MEA,FP.CPI.TOTL.ZG,1971,4.19529837265423
MEA,FP.CPI.TOTL.ZG,1970,3.76289859580536
MEA,FP.CPI.TOTL.ZG,1969,
MEA,FP.CPI.TOTL.ZG,1968,
MEA,FP.CPI.TOTL.ZG,1967,
MEA,FP.CPI.TOTL.ZG,1966,
MEA,FP.CPI.TOTL.ZG,1965,
MEA,FP.CPI.TOTL.ZG,1964,
MEA,FP.CPI.TOTL.ZG,1963,
MEA,FP.CPI.TOTL.ZG,1962,
MEA,FP.CPI.TOTL.ZG,1961,
MEA,FP.CPI.TOTL.ZG,1960,
MNA,FP.CPI.TOTL.ZG,2025,
MNA,FP.CPI.TOTL.ZG,2024,4.04611455313434
MNA,FP.CPI.TOTL.ZG,2023,6.09114152504141
MNA,FP.CPI.TOTL.ZG,2022,8.30646124447623
MNA,FP.CPI.TOTL.ZG,2021,5.21404940513043
MNA,FP.CPI.TOTL.ZG,2020,2.41513094083414
MNA,FP.CPI.TOTL.ZG,2019,2.65388100453608
MNA,FP.CPI.TOTL.ZG,2018,4.36615064471282
MNA,FP.CPI.TOTL.ZG,2017,4.64865184428512
MNA,FP.CPI.TOTL.ZG,2016,3.69725926870481
MNA,FP.CPI.TOTL.ZG,2015,2.04361764300244
MNA,FP.CPI.TOTL.ZG,2014,2.91692692067458
MNA,FP.CPI.TOTL.ZG,2013,4.82462314269537
MNA,FP.CPI.TOTL.ZG,2012,6.44121280934117
MNA,FP.CPI.TOTL.ZG,2011,5.0687139477799
MNA,FP.CPI.TOTL.ZG,2010,3.95007875923885
MNA,FP.CPI.TOTL.ZG,2009,2.92089711805367
MNA,FP.CPI.TOTL.ZG,2008,13.3170419140979
MNA,FP.CPI.TOTL.ZG,2007,4.85494146787474
MNA,FP.CPI.TOTL.ZG,2006,6.51816060829049
MNA,FP.CPI.TOTL.ZG,2005,4.4883238379396
MNA,FP.CPI.TOTL.ZG,2004,3.96180030257187
MNA,FP.CPI.TOTL.ZG,2003,4.268953958395
MNA,FP.CPI.TOTL.ZG,2002,2.73723855000334
MNA,FP.CPI.TOTL.ZG,2001,2.26975720475956
MNA,FP.CPI.TOTL.ZG,2000,2.74100213892152
MNA,FP.CPI.TOTL.ZG,1999,2.88481199224956
MNA,FP.CPI.TOTL.ZG,1998,4.41136855110302
MNA,FP.CPI.TOTL.ZG,1997,4.13881599774754
MNA,FP.CPI.TOTL.ZG,1996,7.18710369719992
MNA,FP.CPI.TOTL.ZG,1995,12.3435785170513
MNA,FP.CPI.TOTL.ZG,1994,12.3681943936948
MNA,FP.CPI.TOTL.ZG,1993,12.0897922868977
MNA,FP.CPI.TOTL.ZG,1992,11.0091743119265
MNA,FP.CPI.TOTL.ZG,1991,11.8960953011251
MNA,FP.CPI.TOTL.ZG,1990,9.05213155279776
MNA,FP.CPI.TOTL.ZG,1989,9.30436125843166
MNA,FP.CPI.TOTL.ZG,1988,7.19696969696955
MNA,FP.CPI.TOTL.ZG,1987,6.0612397295373
MNA,FP.CPI.TOTL.ZG,1986,12.3716091651299
MNA,FP.CPI.TOTL.ZG,1985,7.49150035033778
MNA,FP.CPI.TOTL.ZG,1984,9.06475909737753
MNA,FP.CPI.TOTL.ZG,1983,6.20793538870313
MNA,FP.CPI.TOTL.ZG,1982,10.2588088556284
MNA,FP.CPI.TOTL.ZG,1981,11.8799135925283
MNA,FP.CPI.TOTL.ZG,1980,11.9382309107087
MNA,FP.CPI.TOTL.ZG,1979,9.11786296523296
MNA,FP.CPI.TOTL.ZG,1978,9.7160327495434
MNA,FP.CPI.TOTL.ZG,1977,11.989283322105
MNA,FP.CPI.TOTL.ZG,1976,10.3174158877413
MNA,FP.CPI.TOTL.ZG,1975,9.66969548151245
MNA,FP.CPI.TOTL.ZG,1974,14.2489355382567
MNA,FP.CPI.TOTL.ZG,1973,7.970895563186
MNA,FP.CPI.TOTL.ZG,1972,3.75917055722263
MNA,FP.CPI.TOTL.ZG,1971,4.1553520683533
MNA,FP.CPI.TOTL.ZG,1970,4.35559526470564
MNA,FP.CPI.TOTL.ZG,1969,
MNA,FP.CPI.TOTL.ZG,1968,
MNA,FP.CPI.TOTL.ZG,1967,
MNA,FP.CPI.TOTL.ZG,1966,
MNA,FP.CPI.TOTL.ZG,1965,
MNA,FP.CPI.TOTL.ZG,1964,
MNA,FP.CPI.TOTL.ZG,1963,
MNA,FP.CPI.TOTL.ZG,1962,
MNA,FP.CPI.TOTL.ZG,1961,
MNA,FP.CPI.TOTL.ZG,1960,
TMN,FP.CPI.TOTL.ZG,2025,
TMN,FP.CPI.TOTL.ZG,2024,3.0861361109923
TMN,FP.CPI.TOTL.ZG,2023,7.70665764216232
TMN,FP.CPI.TOTL.ZG,2022,8.78598837999588
TMN,FP.CPI.TOTL.ZG,2021,5.46019980671871
TMN,FP.CPI.TOTL.ZG,2020,3.73003191530476
TMN,FP.CPI.TOTL.ZG,2019,3.00538949390383
TMN,FP.CPI.TOTL.ZG,2018,4.46231108475481
TMN,FP.CPI.TOTL.ZG,2017,4.97595150553833
TMN,FP.CPI.TOTL.ZG,2016,3.7651191635658
TMN,FP.CPI.TOTL.ZG,2015,2.52932817254229
TMN,FP.CPI.TOTL.ZG,2014,3.77123895800744
TMN,FP.CPI.TOTL.ZG,2013,5.07042922798113
TMN,FP.CPI.TOTL.ZG,2012,6.51134364308897
TMN,FP.CPI.TOTL.ZG,2011,5.43508465931645
TMN,FP.CPI.TOTL.ZG,2010,3.96677908889859
TMN,FP.CPI.TOTL.ZG,2009,3.29290021224143
TMN,FP.CPI.TOTL.ZG,2008,13.9712310012729
TMN,FP.CPI.TOTL.ZG,2007,4.96597654553301
TMN,FP.CPI.TOTL.ZG,2006,6.78459655001655
TMN,FP.CPI.TOTL.ZG,2005,4.86939696871988
TMN,FP.CPI.TOTL.ZG,2004,4.19747083488513
TMN,FP.CPI.TOTL.ZG,2003,3.5915443294949
TMN,FP.CPI.TOTL.ZG,2002,2.72913569925394
TMN,FP.CPI.TOTL.ZG,2001,2.63487860237975
TMN,FP.CPI.TOTL.ZG,2000,2.68380535348546
TMN,FP.CPI.TOTL.ZG,1999,2.6901248581158
TMN,FP.CPI.TOTL.ZG,1998,3.8725754642749
TMN,FP.CPI.TOTL.ZG,1997,3.65202620723071
TMN,FP.CPI.TOTL.ZG,1996,7.18710369719992
TMN,FP.CPI.TOTL.ZG,1995,12.3435785170513
TMN,FP.CPI.TOTL.ZG,1994,12.3681943936948
TMN,FP.CPI.TOTL.ZG,1993,12.0897922868977
TMN,FP.CPI.TOTL.ZG,1992,11.0091743119265
TMN,FP.CPI.TOTL.ZG,1991,11.8960953011251
TMN,FP.CPI.TOTL.ZG,1990,9.05213155279776
TMN,FP.CPI.TOTL.ZG,1989,9.30436125843166
TMN,FP.CPI.TOTL.ZG,1988,7.19696969696955
TMN,FP.CPI.TOTL.ZG,1987,6.0612397295373
TMN,FP.CPI.TOTL.ZG,1986,12.3716091651299
TMN,FP.CPI.TOTL.ZG,1985,7.49150035033778
TMN,FP.CPI.TOTL.ZG,1984,9.06475909737753
TMN,FP.CPI.TOTL.ZG,1983,6.20793538870313
TMN,FP.CPI.TOTL.ZG,1982,10.2588088556284
TMN,FP.CPI.TOTL.ZG,1981,11.8799135925283
TMN,FP.CPI.TOTL.ZG,1980,11.9382309107087
TMN,FP.CPI.TOTL.ZG,1979,9.11786296523296
TMN,FP.CPI.TOTL.ZG,1978,9.7160327495434
TMN,FP.CPI.TOTL.ZG,1977,11.989283322105
TMN,FP.CPI.TOTL.ZG,1976,10.3174158877413
TMN,FP.CPI.TOTL.ZG,1975,9.66969548151245
TMN,FP.CPI.TOTL.ZG,1974,14.2489355382567
TMN,FP.CPI.TOTL.ZG,1973,7.970895563186
TMN,FP.CPI.TOTL.ZG,1972,3.75917055722263
TMN,FP.CPI.TOTL.ZG,1971,4.1553520683533
TMN,FP.CPI.TOTL.ZG,1970,4.35559526470564
TMN,FP.CPI.TOTL.ZG,1969,3.40982028243742
TMN,FP.CPI.TOTL.ZG,1968,0.436479069044525
TMN,FP.CPI.TOTL.ZG,1967,3.29094988781672
TMN,FP.CPI.TOTL.ZG,1966,3.79338175948378
TMN,FP.CPI.TOTL.ZG,1965,3.4828212200169
TMN,FP.CPI.TOTL.ZG,1964,
TMN,FP.CPI.TOTL.ZG,1963,
TMN,FP.CPI.TOTL.ZG,1962,
TMN,FP.CPI.TOTL.ZG,1961,
TMN,FP.CPI.TOTL.ZG,1960,
MIC,FP.CPI.TOTL.ZG,2025,
MIC,FP.CPI.TOTL.ZG,2024,3.6045220384796
MIC,FP.CPI.TOTL.ZG,2023,6.1059011284828
MIC,FP.CPI.TOTL.ZG,2022,8.30646124447623
MIC,FP.CPI.TOTL.ZG,2021,4.12676744440695
MIC,FP.CPI.TOTL.ZG,2020,2.73249209419427
MIC,FP.CPI.TOTL.ZG,2019,2.74176382475804
MIC,FP.CPI.TOTL.ZG,2018,3.35102208952149
MIC,FP.CPI.TOTL.ZG,2017,3.33787586109568
MIC,FP.CPI.TOTL.ZG,2016,2.72461223295289
MIC,FP.CPI.TOTL.ZG,2015,3.12900274473925
MIC,FP.CPI.TOTL.ZG,2014,3.53436856147324
MIC,FP.CPI.TOTL.ZG,2013,4.34337131279521
MIC,FP.CPI.TOTL.ZG,2012,4.54633427355302
MIC,FP.CPI.TOTL.ZG,2011,5.95444125837776
MIC,FP.CPI.TOTL.ZG,2010,4.11211139315219
MIC,FP.CPI.TOTL.ZG,2009,3.68700160498797
MIC,FP.CPI.TOTL.ZG,2008,10.1105132367436
MIC,FP.CPI.TOTL.ZG,2007,6.16068935028718
MIC,FP.CPI.TOTL.ZG,2006,5.55212333162542
MIC,FP.CPI.TOTL.ZG,2005,5.03457009267163
MIC,FP.CPI.TOTL.ZG,2004,4.61131129486418
MIC,FP.CPI.TOTL.ZG,2003,4.63422674362029
MIC,FP.CPI.TOTL.ZG,2002,4.24026660688645
MIC,FP.CPI.TOTL.ZG,2001,5.19888525744048
MIC,FP.CPI.TOTL.ZG,2000,4.18234633956545
MIC,FP.CPI.TOTL.ZG,1999,4.85844749902667
MIC,FP.CPI.TOTL.ZG,1998,7.46971350038022
MIC,FP.CPI.TOTL.ZG,1997,7.10647242730892
MIC,FP.CPI.TOTL.ZG,1996,9.09880948101719
MIC,FP.CPI.TOTL.ZG,1995,10.4051789381498
MIC,FP.CPI.TOTL.ZG,1994,13.2560325916638
MIC,FP.CPI.TOTL.ZG,1993,10.6332425818308
MIC,FP.CPI.TOTL.ZG,1992,10.0510173716465
MIC,FP.CPI.TOTL.ZG,1991,13.0069731037428
MIC,FP.CPI.TOTL.ZG,1990,10.6535057862491
MIC,FP.CPI.TOTL.ZG,1989,9.30436125843166
MIC,FP.CPI.TOTL.ZG,1988,8.91047020013381
MIC,FP.CPI.TOTL.ZG,1987,8.2258064516129
MIC,FP.CPI.TOTL.ZG,1986,9.02951054357163
MIC,FP.CPI.TOTL.ZG,1985,8.30147507183768
MIC,FP.CPI.TOTL.ZG,1984,10.3695687181396
MIC,FP.CPI.TOTL.ZG,1983,10.6385701894015
MIC,FP.CPI.TOTL.ZG,1982,10.2402679966588
MIC,FP.CPI.TOTL.ZG,1981,12.8572077921642
MIC,FP.CPI.TOTL.ZG,1980,16.5139886539817
MIC,FP.CPI.TOTL.ZG,1979,
MIC,FP.CPI.TOTL.ZG,1978,9.04398827010362
MIC,FP.CPI.TOTL.ZG,1977,11.3405856371037
MIC,FP.CPI.TOTL.ZG,1976,
MIC,FP.CPI.TOTL.ZG,1975,
MIC,FP.CPI.TOTL.ZG,1974,
MIC,FP.CPI.TOTL.ZG,1973,
MIC,FP.CPI.TOTL.ZG,1972,
MIC,FP.CPI.TOTL.ZG,1971,
MIC,FP.CPI.TOTL.ZG,1970,
MIC,FP.CPI.TOTL.ZG,1969,
MIC,FP.CPI.TOTL.ZG,1968,
MIC,FP.CPI.TOTL.ZG,1967,
MIC,FP.CPI.TOTL.ZG,1966,
MIC,FP.CPI.TOTL.ZG,1965,
MIC,FP.CPI.TOTL.ZG,1964,
MIC,FP.CPI.TOTL.ZG,1963,
MIC,FP.CPI.TOTL.ZG,1962,
MIC,FP.CPI.TOTL.ZG,1961,
MIC,FP.CPI.TOTL.ZG,1960,
NAC,FP.CPI.TOTL.ZG,2025,
NAC,FP.CPI.TOTL.ZG,2024,2.6655545188319
NAC,FP.CPI.TOTL.ZG,2023,3.99766999081457
NAC,FP.CPI.TOTL.ZG,2022,7.40280048696867
NAC,FP.CPI.TOTL.ZG,2021,4.04652602445635
NAC,FP.CPI.TOTL.ZG,2020,0.97529201430706
NAC,FP.CPI.TOTL.ZG,2019,1.88073954968807
NAC,FP.CPI.TOTL.ZG,2018,2.3554044847046
NAC,FP.CPI.TOTL.ZG,2017,1.86349706609469
NAC,FP.CPI.TOTL.ZG,2016,1.34517137635811
NAC,FP.CPI.TOTL.ZG,2015,0.621934248247613
NAC,FP.CPI.TOTL.ZG,2014,1.76442944229339
NAC,FP.CPI.TOTL.ZG,2013,1.20156227672124
NAC,FP.CPI.TOTL.ZG,2012,1.79250774825292
NAC,FP.CPI.TOTL.ZG,2011,3.03448832867276
NAC,FP.CPI.TOTL.ZG,2010,1.70845749165809
NAC,FP.CPI.TOTL.ZG,2009,-0.0280397316452242
NAC,FP.CPI.TOTL.ZG,2008,3.10468548554699
NAC,FP.CPI.TOTL.ZG,2007,2.49552823708488
NAC,FP.CPI.TOTL.ZG,2006,2.61398474802283
NAC,FP.CPI.TOTL.ZG,2005,2.80314943994659
NAC,FP.CPI.TOTL.ZG,2004,2.26724770583214
NAC,FP.CPI.TOTL.ZG,2003,2.51432909348113
NAC,FP.CPI.TOTL.ZG,2002,1.92221301795728
NAC,FP.CPI.TOTL.ZG,2001,2.67564562932656
NAC,FP.CPI.TOTL.ZG,2000,3.04814861420953
NAC,FP.CPI.TOTL.ZG,1999,1.96143507401638
NAC,FP.CPI.TOTL.ZG,1998,1.27411077770083
NAC,FP.CPI.TOTL.ZG,1997,1.97945315907633
NAC,FP.CPI.TOTL.ZG,1996,2.2508676625029
NAC,FP.CPI.TOTL.ZG,1995,2.47709000955755
NAC,FP.CPI.TOTL.ZG,1994,1.38650225303091
NAC,FP.CPI.TOTL.ZG,1993,2.40836816573249
NAC,FP.CPI.TOTL.ZG,1992,2.25947629094757
NAC,FP.CPI.TOTL.ZG,1991,4.93041402523427
NAC,FP.CPI.TOTL.ZG,1990,5.08921668663315
NAC,FP.CPI.TOTL.ZG,1989,4.90531246497451
NAC,FP.CPI.TOTL.ZG,1988,4.05298762808012
NAC,FP.CPI.TOTL.ZG,1987,4.01033596486715
NAC,FP.CPI.TOTL.ZG,1986,3.04641700659948
NAC,FP.CPI.TOTL.ZG,1985,3.75383734637285
NAC,FP.CPI.TOTL.ZG,1984,4.30265688957583
NAC,FP.CPI.TOTL.ZG,1983,4.53801163146716
NAC,FP.CPI.TOTL.ZG,1982,8.45019944999442
NAC,FP.CPI.TOTL.ZG,1981,11.4031638775571
NAC,FP.CPI.TOTL.ZG,1980,11.8392112417569
NAC,FP.CPI.TOTL.ZG,1979,10.1995740541757
NAC,FP.CPI.TOTL.ZG,1978,8.3023435951841
NAC,FP.CPI.TOTL.ZG,1977,7.23906469543705
NAC,FP.CPI.TOTL.ZG,1976,6.64327563265616
NAC,FP.CPI.TOTL.ZG,1975,9.90766773002969
NAC,FP.CPI.TOTL.ZG,1974,11.0259879752454
NAC,FP.CPI.TOTL.ZG,1973,6.83270367308625
NAC,FP.CPI.TOTL.ZG,1972,4.13015348879917
NAC,FP.CPI.TOTL.ZG,1971,3.49884236045868
NAC,FP.CPI.TOTL.ZG,1970,4.59214757606041
NAC,FP.CPI.TOTL.ZG,1969,5.01197255098519
NAC,FP.CPI.TOTL.ZG,1968,4.16354784602792
NAC,FP.CPI.TOTL.ZG,1967,3.1763689449481
NAC,FP.CPI.TOTL.ZG,1966,3.41536722263447
NAC,FP.CPI.TOTL.ZG,1965,1.95891323232399
NAC,FP.CPI.TOTL.ZG,1964,1.59552813373414
NAC,FP.CPI.TOTL.ZG,1963,1.4339103409959
NAC,FP.CPI.TOTL.ZG,1962,1.1301722367336
NAC,FP.CPI.TOTL.ZG,1961,1.04474545183967
NAC,FP.CPI.TOTL.ZG,1960,1.40833581922591
,FP.CPI.TOTL.ZG,2025,
,FP.CPI.TOTL.ZG,2024,
,FP.CPI.TOTL.ZG,2023,
,FP.CPI.TOTL.ZG,2022,
,FP.CPI.TOTL.ZG,2021,
,FP.CPI.TOTL.ZG,2020,
,FP.CPI.TOTL.ZG,2019,
,FP.CPI.TOTL.ZG,2018,
,FP.CPI.TOTL.ZG,2017,
,FP.CPI.TOTL.ZG,2016,
,FP.CPI.TOTL.ZG,2015,
,FP.CPI.TOTL.ZG,2014,
,FP.CPI.TOTL.ZG,2013,
,FP.CPI.TOTL.ZG,2012,
,FP.CPI.TOTL.ZG,2011,
,FP.CPI.TOTL.ZG,2010,
,FP.CPI.TOTL.ZG,2009,
,FP.CPI.TOTL.ZG,2008,
,FP.CPI.TOTL.ZG,2007,
,FP.CPI.TOTL.ZG,2006,
,FP.CPI.TOTL.ZG,2005,
,FP.CPI.TOTL.ZG,2004,
,FP.CPI.TOTL.ZG,2003,
,FP.CPI.TOTL.ZG,2002,
,FP.CPI.TOTL.ZG,2001,
,FP.CPI.TOTL.ZG,2000,
,FP.CPI.TOTL.ZG,1999,
,FP.CPI.TOTL.ZG,1998,
,FP.CPI.TOTL.ZG,1997,
,FP.CPI.TOTL.ZG,1996,
,FP.CPI.TOTL.ZG,1995,
,FP.CPI.TOTL.ZG,1994,
,FP.CPI.TOTL.ZG,1993,
,FP.CPI.TOTL.ZG,1992,
,FP.CPI.TOTL.ZG,1991,
,FP.CPI.TOTL.ZG,1990,
,FP.CPI.TOTL.ZG,1989,
,FP.CPI.TOTL.ZG,1988,
,FP.CPI.TOTL.ZG,1987,
,FP.CPI.TOTL.ZG,1986,
,FP.CPI.TOTL.ZG,1985,
,FP.CPI.TOTL.ZG,1984,
,FP.CPI.TOTL.ZG,1983,
,FP.CPI.TOTL.ZG,1982,
,FP.CPI.TOTL.ZG,1981,
,FP.CPI.TOTL.ZG,1980,
,FP.CPI.TOTL.ZG,1979,
,FP.CPI.TOTL.ZG,1978,
,FP.CPI.TOTL.ZG,1977,
,FP.CPI.TOTL.ZG,1976,
,FP.CPI.TOTL.ZG,1975,
,FP.CPI.TOTL.ZG,1974,
,FP.CPI.TOTL.ZG,1973,
,FP.CPI.TOTL.ZG,1972,
,FP.CPI.TOTL.ZG,1971,
,FP.CPI.TOTL.ZG,1970,
,FP.CPI.TOTL.ZG,1969,
,FP.CPI.TOTL.ZG,1968,
,FP.CPI.TOTL.ZG,1967,
,FP.CPI.TOTL.ZG,1966,
,FP.CPI.TOTL.ZG,1965,
,FP.CPI.TOTL.ZG,1964,
,FP.CPI.TOTL.ZG,1963,
,FP.CPI.TOTL.ZG,1962,
,FP.CPI.TOTL.ZG,1961,
,FP.CPI.TOTL.ZG,1960,
OED,FP.CPI.TOTL.ZG,2025,
OED,FP.CPI.TOTL.ZG,2024,2.76589367979522
OED,FP.CPI.TOTL.ZG,2023,5.67767862615429
OED,FP.CPI.TOTL.ZG,2022,8.23803240697186
OED,FP.CPI.TOTL.ZG,2021,2.81528854435832
OED,FP.CPI.TOTL.ZG,2020,0.73285164517586
OED,FP.CPI.TOTL.ZG,2019,1.74071267870181
OED,FP.CPI.TOTL.ZG,2018,1.9324681228636
OED,FP.CPI.TOTL.ZG,2017,1.82264336059063
OED,FP.CPI.TOTL.ZG,2016,0.443258157565783
OED,FP.CPI.TOTL.ZG,2015,0.338705695410168
OED,FP.CPI.TOTL.ZG,2014,0.624517311086569
OED,FP.CPI.TOTL.ZG,2013,1.45156526398378
OED,FP.CPI.TOTL.ZG,2012,2.52945520915772
OED,FP.CPI.TOTL.ZG,2011,3.37429759432522
OED,FP.CPI.TOTL.ZG,2010,1.80735230566098
OED,FP.CPI.TOTL.ZG,2009,1.10457711175391
OED,FP.CPI.TOTL.ZG,2008,4.11407022033816
OED,FP.CPI.TOTL.ZG,2007,2.48470438812871
OED,FP.CPI.TOTL.ZG,2006,2.60015376460352
OED,FP.CPI.TOTL.ZG,2005,2.47212179047863
OED,FP.CPI.TOTL.ZG,2004,2.2579640963823
OED,FP.CPI.TOTL.ZG,2003,2.18428358241519
OED,FP.CPI.TOTL.ZG,2002,2.47736067910935
OED,FP.CPI.TOTL.ZG,2001,3.18908268106052
OED,FP.CPI.TOTL.ZG,2000,3.06380344899536
OED,FP.CPI.TOTL.ZG,1999,2.17260318876208
OED,FP.CPI.TOTL.ZG,1998,2.10577481135337
OED,FP.CPI.TOTL.ZG,1997,2.26900305912499
OED,FP.CPI.TOTL.ZG,1996,3.00009076251615
OED,FP.CPI.TOTL.ZG,1995,4.35177861328367
OED,FP.CPI.TOTL.ZG,1994,3.50262577413398
OED,FP.CPI.TOTL.ZG,1993,4.59790321006556
OED,FP.CPI.TOTL.ZG,1992,5.05697796731731
OED,FP.CPI.TOTL.ZG,1991,5.93421344335924
OED,FP.CPI.TOTL.ZG,1990,6.72181952228657
OED,FP.CPI.TOTL.ZG,1989,6.25983137956977
OED,FP.CPI.TOTL.ZG,1988,5.82489868439437
OED,FP.CPI.TOTL.ZG,1987,4.74728490389789
OED,FP.CPI.TOTL.ZG,1986,5.29166170071091
OED,FP.CPI.TOTL.ZG,1985,6.734693877551
OED,FP.CPI.TOTL.ZG,1984,7.67380262247321
OED,FP.CPI.TOTL.ZG,1983,8.87302152363213
OED,FP.CPI.TOTL.ZG,1982,11.3409961685824
OED,FP.CPI.TOTL.ZG,1981,13.6429608127722
OED,FP.CPI.TOTL.ZG,1980,13.634450606601
OED,FP.CPI.TOTL.ZG,1979,10.1288922753688
OED,FP.CPI.TOTL.ZG,1978,8.61843219505991
OED,FP.CPI.TOTL.ZG,1977,11.1820214595703
OED,FP.CPI.TOTL.ZG,1976,11.6367520558869
OED,FP.CPI.TOTL.ZG,1975,14.1568726272874
OED,FP.CPI.TOTL.ZG,1974,15.5485200326028
OED,FP.CPI.TOTL.ZG,1973,9.14347112874364
OED,FP.CPI.TOTL.ZG,1972,6.56236090256536
OED,FP.CPI.TOTL.ZG,1971,6.39534883720926
OED,FP.CPI.TOTL.ZG,1970,5.73114484293532
OED,FP.CPI.TOTL.ZG,1969,3.48791924395193
OED,FP.CPI.TOTL.ZG,1968,4.09389143106836
OED,FP.CPI.TOTL.ZG,1967,3.57995226730312
OED,FP.CPI.TOTL.ZG,1966,4.17434761852995
OED,FP.CPI.TOTL.ZG,1965,4.18722443998004
OED,FP.CPI.TOTL.ZG,1964,3.44489848222768
OED,FP.CPI.TOTL.ZG,1963,2.9669597758771
OED,FP.CPI.TOTL.ZG,1962,4.26372712149085
OED,FP.CPI.TOTL.ZG,1961,2.15797310981964
OED,FP.CPI.TOTL.ZG,1960,1.94574935198645
OSS,FP.CPI.TOTL.ZG,2025,
OSS,FP.CPI.TOTL.ZG,2024,2.06969770479834
OSS,FP.CPI.TOTL.ZG,2023,5.51293808804143
OSS,FP.CPI.TOTL.ZG,2022,7.46811935414937
OSS,FP.CPI.TOTL.ZG,2021,2.4284453278932
OSS,FP.CPI.TOTL.ZG,2020,0.712593443137932
OSS,FP.CPI.TOTL.ZG,2019,1.6420600176894
OSS,FP.CPI.TOTL.ZG,2018,2.611223782638
OSS,FP.CPI.TOTL.ZG,2017,1.76041559180596
OSS,FP.CPI.TOTL.ZG,2016,0.642702771527304
OSS,FP.CPI.TOTL.ZG,2015,0.953206658777607
OSS,FP.CPI.TOTL.ZG,2014,1.34186494340157
OSS,FP.CPI.TOTL.ZG,2013,2.78056658954988
OSS,FP.CPI.TOTL.ZG,2012,4.14524724981119
OSS,FP.CPI.TOTL.ZG,2011,4.47388342165023
OSS,FP.CPI.TOTL.ZG,2010,2.97204512015694
OSS,FP.CPI.TOTL.ZG,2009,2.51609128145113
OSS,FP.CPI.TOTL.ZG,2008,9.06423621948942
OSS,FP.CPI.TOTL.ZG,2007,5.05155736492146
OSS,FP.CPI.TOTL.ZG,2006,3.48340699677866
OSS,FP.CPI.TOTL.ZG,2005,3.01064523754217
OSS,FP.CPI.TOTL.ZG,2004,3.14022764498909
OSS,FP.CPI.TOTL.ZG,2003,2.57230861693339
OSS,FP.CPI.TOTL.ZG,2002,3.16709859744412
OSS,FP.CPI.TOTL.ZG,2001,4.40206686170551
OSS,FP.CPI.TOTL.ZG,2000,4.08007358605412
OSS,FP.CPI.TOTL.ZG,1999,3.82627232114681
OSS,FP.CPI.TOTL.ZG,1998,3.4870438398436
OSS,FP.CPI.TOTL.ZG,1997,6.66941526632594
OSS,FP.CPI.TOTL.ZG,1996,5.96361961777576
OSS,FP.CPI.TOTL.ZG,1995,5.96664139499613
OSS,FP.CPI.TOTL.ZG,1994,4.12992181638259
OSS,FP.CPI.TOTL.ZG,1993,5.78839590443697
OSS,FP.CPI.TOTL.ZG,1992,4.2956155335387
OSS,FP.CPI.TOTL.ZG,1991,6.90489632742756
OSS,FP.CPI.TOTL.ZG,1990,7.25694647564951
OSS,FP.CPI.TOTL.ZG,1989,5.86050951852831
OSS,FP.CPI.TOTL.ZG,1988,5.26521717104663
OSS,FP.CPI.TOTL.ZG,1987,3.84615384615409
OSS,FP.CPI.TOTL.ZG,1986,9.72219327678563
OSS,FP.CPI.TOTL.ZG,1985,3.69383447394862
OSS,FP.CPI.TOTL.ZG,1984,6.51482886102734
OSS,FP.CPI.TOTL.ZG,1983,5.58949801843939
OSS,FP.CPI.TOTL.ZG,1982,6.43279726693689
OSS,FP.CPI.TOTL.ZG,1981,10.7446936083977
OSS,FP.CPI.TOTL.ZG,1980,
OSS,FP.CPI.TOTL.ZG,1979,
OSS,FP.CPI.TOTL.ZG,1978,
OSS,FP.CPI.TOTL.ZG,1977,
OSS,FP.CPI.TOTL.ZG,1976,
OSS,FP.CPI.TOTL.ZG,1975,
OSS,FP.CPI.TOTL.ZG,1974,
OSS,FP.CPI.TOTL.ZG,1973,
OSS,FP.CPI.TOTL.ZG,1972,
OSS,FP.CPI.TOTL.ZG,1971,
OSS,FP.CPI.TOTL.ZG,1970,
OSS,FP.CPI.TOTL.ZG,1969,
OSS,FP.CPI.TOTL.ZG,1968,
OSS,FP.CPI.TOTL.ZG,1967,
OSS,FP.CPI.TOTL.ZG,1966,
OSS,FP.CPI.TOTL.ZG,1965,
OSS,FP.CPI.TOTL.ZG,1964,
OSS,FP.CPI.TOTL.ZG,1963,
OSS,FP.CPI.TOTL.ZG,1962,
OSS,FP.CPI.TOTL.ZG,1961,
OSS,FP.CPI.TOTL.ZG,1960,
PSS,FP.CPI.TOTL.ZG,2025,
PSS,FP.CPI.TOTL.ZG,2024,2.8195484170954
PSS,FP.CPI.TOTL.ZG,2023,7.92164684826777
PSS,FP.CPI.TOTL.ZG,2022,6.09871755232029
PSS,FP.CPI.TOTL.ZG,2021,2.47788271992717
PSS,FP.CPI.TOTL.ZG,2020,0.386388224517504
PSS,FP.CPI.TOTL.ZG,2019,1.40719939417024
PSS,FP.CPI.TOTL.ZG,2018,2.89621932270298
PSS,FP.CPI.TOTL.ZG,2017,1.58394248575812
PSS,FP.CPI.TOTL.ZG,2016,1.07339388853343
PSS,FP.CPI.TOTL.ZG,2015,0.648242939254492
PSS,FP.CPI.TOTL.ZG,2014,1.45142452367373
PSS,FP.CPI.TOTL.ZG,2013,1.60563054554341
PSS,FP.CPI.TOTL.ZG,2012,2.0490188352116
PSS,FP.CPI.TOTL.ZG,2011,4.87864641704221
PSS,FP.CPI.TOTL.ZG,2010,2.10244243416258
PSS,FP.CPI.TOTL.ZG,2009,5.31100954595293
PSS,FP.CPI.TOTL.ZG,2008,11.0064471756381
PSS,FP.CPI.TOTL.ZG,2007,4.36959514201882
PSS,FP.CPI.TOTL.ZG,2006,4.42981143370254
PSS,FP.CPI.TOTL.ZG,2005,3.9514623522091
PSS,FP.CPI.TOTL.ZG,2004,4.96407576747217
PSS,FP.CPI.TOTL.ZG,2003,3.01624129930394
PSS,FP.CPI.TOTL.ZG,2002,1.96356754199195
PSS,FP.CPI.TOTL.ZG,2001,4.05547744166414
PSS,FP.CPI.TOTL.ZG,2000,2.34810327420263
PSS,FP.CPI.TOTL.ZG,1999,
PSS,FP.CPI.TOTL.ZG,1998,
PSS,FP.CPI.TOTL.ZG,1997,
PSS,FP.CPI.TOTL.ZG,1996,
PSS,FP.CPI.TOTL.ZG,1995,
PSS,FP.CPI.TOTL.ZG,1994,
PSS,FP.CPI.TOTL.ZG,1993,
PSS,FP.CPI.TOTL.ZG,1992,
PSS,FP.CPI.TOTL.ZG,1991,
PSS,FP.CPI.TOTL.ZG,1990,
PSS,FP.CPI.TOTL.ZG,1989,
PSS,FP.CPI.TOTL.ZG,1988,
PSS,FP.CPI.TOTL.ZG,1987,
PSS,FP.CPI.TOTL.ZG,1986,
PSS,FP.CPI.TOTL.ZG,1985,
PSS,FP.CPI.TOTL.ZG,1984,
PSS,FP.CPI.TOTL.ZG,1983,
PSS,FP.CPI.TOTL.ZG,1982,
PSS,FP.CPI.TOTL.ZG,1981,
PSS,FP.CPI.TOTL.ZG,1980,
PSS,FP.CPI.TOTL.ZG,1979,
PSS,FP.CPI.TOTL.ZG,1978,
PSS,FP.CPI.TOTL.ZG,1977,
PSS,FP.CPI.TOTL.ZG,1976,
PSS,FP.CPI.TOTL.ZG,1975,
PSS,FP.CPI.TOTL.ZG,1974,
PSS,FP.CPI.TOTL.ZG,1973,
PSS,FP.CPI.TOTL.ZG,1972,
PSS,FP.CPI.TOTL.ZG,1971,
PSS,FP.CPI.TOTL.ZG,1970,
PSS,FP.CPI.TOTL.ZG,1969,
PSS,FP.CPI.TOTL.ZG,1968,
PSS,FP.CPI.TOTL.ZG,1967,
PSS,FP.CPI.TOTL.ZG,1966,
PSS,FP.CPI.TOTL.ZG,1965,
PSS,FP.CPI.TOTL.ZG,1964,
PSS,FP.CPI.TOTL.ZG,1963,
PSS,FP.CPI.TOTL.ZG,1962,
PSS,FP.CPI.TOTL.ZG,1961,
PSS,FP.CPI.TOTL.ZG,1960,
PST,FP.CPI.TOTL.ZG,2025,
PST,FP.CPI.TOTL.ZG,2024,2.44091572720697
PST,FP.CPI.TOTL.ZG,2023,5.09396758978883
PST,FP.CPI.TOTL.ZG,2022,7.87737003690613
PST,FP.CPI.TOTL.ZG,2021,2.50835221473776
PST,FP.CPI.TOTL.ZG,2020,0.632267331911716
PST,FP.CPI.TOTL.ZG,2019,1.61963190184048
PST,FP.CPI.TOTL.ZG,2018,1.7386086198818
PST,FP.CPI.TOTL.ZG,2017,1.73079959118887
PST,FP.CPI.TOTL.ZG,2016,0.607397074641719
PST,FP.CPI.TOTL.ZG,2015,0.36804684232536
PST,FP.CPI.TOTL.ZG,2014,0.906794000434246
PST,FP.CPI.TOTL.ZG,2013,1.40858109183019
PST,FP.CPI.TOTL.ZG,2012,2.48567562177015
PST,FP.CPI.TOTL.ZG,2011,3.3298532335065
PST,FP.CPI.TOTL.ZG,2010,1.99621236745887
PST,FP.CPI.TOTL.ZG,2009,0.839262246793887
PST,FP.CPI.TOTL.ZG,2008,4.15279708110293
PST,FP.CPI.TOTL.ZG,2007,2.32761128891476
PST,FP.CPI.TOTL.ZG,2006,2.45792444195865
PST,FP.CPI.TOTL.ZG,2005,2.3753195897788
PST,FP.CPI.TOTL.ZG,2004,2.07924464636088
PST,FP.CPI.TOTL.ZG,2003,2.02168542857986
PST,FP.CPI.TOTL.ZG,2002,1.99874921149352
PST,FP.CPI.TOTL.ZG,2001,2.65691093929315
PST,FP.CPI.TOTL.ZG,2000,2.57987611218614
PST,FP.CPI.TOTL.ZG,1999,1.6117611762866
PST,FP.CPI.TOTL.ZG,1998,1.8343299990841
PST,FP.CPI.TOTL.ZG,1997,2.20114313510882
PST,FP.CPI.TOTL.ZG,1996,2.61538461538461
PST,FP.CPI.TOTL.ZG,1995,3.75494413677554
PST,FP.CPI.TOTL.ZG,1994,2.95340936761079
PST,FP.CPI.TOTL.ZG,1993,4.14481954180488
PST,FP.CPI.TOTL.ZG,1992,4.03703020778739
PST,FP.CPI.TOTL.ZG,1991,5.62586408593005
PST,FP.CPI.TOTL.ZG,1990,6.09844414810204
PST,FP.CPI.TOTL.ZG,1989,5.7159915513563
PST,FP.CPI.TOTL.ZG,1988,4.68620183753041
PST,FP.CPI.TOTL.ZG,1987,4.0665111594411
PST,FP.CPI.TOTL.ZG,1986,3.1590972945193
PST,FP.CPI.TOTL.ZG,1985,4.77374272340097
PST,FP.CPI.TOTL.ZG,1984,6.19476379545977
PST,FP.CPI.TOTL.ZG,1983,7.31048579668418
PST,FP.CPI.TOTL.ZG,1982,9.47098932052413
PST,FP.CPI.TOTL.ZG,1981,11.7673874344181
PST,FP.CPI.TOTL.ZG,1980,11.9499716626145
PST,FP.CPI.TOTL.ZG,1979,9.04920959425409
PST,FP.CPI.TOTL.ZG,1978,8.0832988258853
PST,FP.CPI.TOTL.ZG,1977,9.29919719175366
PST,FP.CPI.TOTL.ZG,1976,9.26775457576898
PST,FP.CPI.TOTL.ZG,1975,11.6875753655041
PST,FP.CPI.TOTL.ZG,1974,13.1636026120795
PST,FP.CPI.TOTL.ZG,1973,8.09443961602797
PST,FP.CPI.TOTL.ZG,1972,6.06300309718187
PST,FP.CPI.TOTL.ZG,1971,6.13810741687984
PST,FP.CPI.TOTL.ZG,1970,4.96831987329335
PST,FP.CPI.TOTL.ZG,1969,3.27868852459016
PST,FP.CPI.TOTL.ZG,1968,3.72079328019141
PST,FP.CPI.TOTL.ZG,1967,3.63487515335757
PST,FP.CPI.TOTL.ZG,1966,3.84465654349889
PST,FP.CPI.TOTL.ZG,1965,3.66648280262594
PST,FP.CPI.TOTL.ZG,1964,3.33462462892781
PST,FP.CPI.TOTL.ZG,1963,2.87403140349219
PST,FP.CPI.TOTL.ZG,1962,3.51988454018806
PST,FP.CPI.TOTL.ZG,1961,2.07713833137861
PST,FP.CPI.TOTL.ZG,1960,1.53661234295201
PRE,FP.CPI.TOTL.ZG,2025,
PRE,FP.CPI.TOTL.ZG,2024,4.13469278078273
PRE,FP.CPI.TOTL.ZG,2023,7.10220928557059
PRE,FP.CPI.TOTL.ZG,2022,8.77567482988523
PRE,FP.CPI.TOTL.ZG,2021,4.22278962033194
PRE,FP.CPI.TOTL.ZG,2020,3.39862928518853
PRE,FP.CPI.TOTL.ZG,2019,2.56908784664759
PRE,FP.CPI.TOTL.ZG,2018,2.80203783510174
PRE,FP.CPI.TOTL.ZG,2017,4.5783374121255
PRE,FP.CPI.TOTL.ZG,2016,4.38389195513915
PRE,FP.CPI.TOTL.ZG,2015,3.25472688117631
PRE,FP.CPI.TOTL.ZG,2014,3.53436856147324
PRE,FP.CPI.TOTL.ZG,2013,4.63161619729461
PRE,FP.CPI.TOTL.ZG,2012,6.44121280934117
PRE,FP.CPI.TOTL.ZG,2011,6.4293968107234
PRE,FP.CPI.TOTL.ZG,2010,3.97655288478168
PRE,FP.CPI.TOTL.ZG,2009,4.56150687670983
PRE,FP.CPI.TOTL.ZG,2008,10.2876847921194
PRE,FP.CPI.TOTL.ZG,2007,5.99590755876365
PRE,FP.CPI.TOTL.ZG,2006,6.69526465773354
PRE,FP.CPI.TOTL.ZG,2005,7.7974978178644
PRE,FP.CPI.TOTL.ZG,2004,4.10703593955402
PRE,FP.CPI.TOTL.ZG,2003,5.2277338613968
PRE,FP.CPI.TOTL.ZG,2002,4.37875971780873
PRE,FP.CPI.TOTL.ZG,2001,5.07745045522496
PRE,FP.CPI.TOTL.ZG,2000,4.16540442290283
PRE,FP.CPI.TOTL.ZG,1999,3.8123720536602
PRE,FP.CPI.TOTL.ZG,1998,6.46522629708624
PRE,FP.CPI.TOTL.ZG,1997,6.87063927616146
PRE,FP.CPI.TOTL.ZG,1996,7.19164660433344
PRE,FP.CPI.TOTL.ZG,1995,16.4335034524163
PRE,FP.CPI.TOTL.ZG,1994,34.6496361508324
PRE,FP.CPI.TOTL.ZG,1993,7.91707419362654
PRE,FP.CPI.TOTL.ZG,1992,9.48654250617163
PRE,FP.CPI.TOTL.ZG,1991,8.59264760490192
PRE,FP.CPI.TOTL.ZG,1990,6.60022564874018
PRE,FP.CPI.TOTL.ZG,1989,8.27501608751592
PRE,FP.CPI.TOTL.ZG,1988,9.31063652987074
PRE,FP.CPI.TOTL.ZG,1987,8.15234253800871
PRE,FP.CPI.TOTL.ZG,1986,6.18477854456934
PRE,FP.CPI.TOTL.ZG,1985,
PRE,FP.CPI.TOTL.ZG,1984,
PRE,FP.CPI.TOTL.ZG,1983,
PRE,FP.CPI.TOTL.ZG,1982,
PRE,FP.CPI.TOTL.ZG,1981,
PRE,FP.CPI.TOTL.ZG,1980,
PRE,FP.CPI.TOTL.ZG,1979,
PRE,FP.CPI.TOTL.ZG,1978,
PRE,FP.CPI.TOTL.ZG,1977,
PRE,FP.CPI.TOTL.ZG,1976,
PRE,FP.CPI.TOTL.ZG,1975,
PRE,FP.CPI.TOTL.ZG,1974,
PRE,FP.CPI.TOTL.ZG,1973,
PRE,FP.CPI.TOTL.ZG,1972,
PRE,FP.CPI.TOTL.ZG,1971,
PRE,FP.CPI.TOTL.ZG,1970,
PRE,FP.CPI.TOTL.ZG,1969,
PRE,FP.CPI.TOTL.ZG,1968,
PRE,FP.CPI.TOTL.ZG,1967,
PRE,FP.CPI.TOTL.ZG,1966,
PRE,FP.CPI.TOTL.ZG,1965,
PRE,FP.CPI.TOTL.ZG,1964,
PRE,FP.CPI.TOTL.ZG,1963,
PRE,FP.CPI.TOTL.ZG,1962,
PRE,FP.CPI.TOTL.ZG,1961,
PRE,FP.CPI.TOTL.ZG,1960,
SST,FP.CPI.TOTL.ZG,2025,
SST,FP.CPI.TOTL.ZG,2024,2.45545072159028
SST,FP.CPI.TOTL.ZG,2023,5.08677483158112
SST,FP.CPI.TOTL.ZG,2022,6.15375621933037
SST,FP.CPI.TOTL.ZG,2021,2.41070312174393
SST,FP.CPI.TOTL.ZG,2020,0.598986330824643
SST,FP.CPI.TOTL.ZG,2019,1.30544966502392
SST,FP.CPI.TOTL.ZG,2018,2.13062774274025
SST,FP.CPI.TOTL.ZG,2017,1.74989677484705
SST,FP.CPI.TOTL.ZG,2016,0.644075340346552
SST,FP.CPI.TOTL.ZG,2015,0.552796026277853
SST,FP.CPI.TOTL.ZG,2014,1.20139964481058
SST,FP.CPI.TOTL.ZG,2013,1.75232737350762
SST,FP.CPI.TOTL.ZG,2012,3.51877785642059
SST,FP.CPI.TOTL.ZG,2011,4.47388342165023
SST,FP.CPI.TOTL.ZG,2010,2.99936630549
SST,FP.CPI.TOTL.ZG,2009,2.19959237046011
SST,FP.CPI.TOTL.ZG,2008,8.42372566246186
SST,FP.CPI.TOTL.ZG,2007,4.48088608614726
SST,FP.CPI.TOTL.ZG,2006,3.8181247024271
SST,FP.CPI.TOTL.ZG,2005,3.37781903988238
SST,FP.CPI.TOTL.ZG,2004,3.04811107523416
SST,FP.CPI.TOTL.ZG,2003,2.27675969518827
SST,FP.CPI.TOTL.ZG,2002,2.40765801293491
SST,FP.CPI.TOTL.ZG,2001,3.49617199103334
SST,FP.CPI.TOTL.ZG,2000,2.80256405575846
SST,FP.CPI.TOTL.ZG,1999,3.23183260906467
SST,FP.CPI.TOTL.ZG,1998,3.2381944796978
SST,FP.CPI.TOTL.ZG,1997,3.58050767471719
SST,FP.CPI.TOTL.ZG,1996,2.99528023991141
SST,FP.CPI.TOTL.ZG,1995,2.9568002509262
SST,FP.CPI.TOTL.ZG,1994,3.1010088172273
SST,FP.CPI.TOTL.ZG,1993,4.1982601110385
SST,FP.CPI.TOTL.ZG,1992,5.13889779944828
SST,FP.CPI.TOTL.ZG,1991,6.25752663270021
SST,FP.CPI.TOTL.ZG,1990,4.7594412829797
SST,FP.CPI.TOTL.ZG,1989,5.59294871794896
SST,FP.CPI.TOTL.ZG,1988,4.85885917814048
SST,FP.CPI.TOTL.ZG,1987,4.32798297139021
SST,FP.CPI.TOTL.ZG,1986,3.77018750436734
SST,FP.CPI.TOTL.ZG,1985,4.42097239621912
SST,FP.CPI.TOTL.ZG,1984,4.68579731185602
SST,FP.CPI.TOTL.ZG,1983,5.34434338639529
SST,FP.CPI.TOTL.ZG,1982,7.12990675816714
SST,FP.CPI.TOTL.ZG,1981,13.0011720698715
SST,FP.CPI.TOTL.ZG,1980,16.4773645536109
SST,FP.CPI.TOTL.ZG,1979,
SST,FP.CPI.TOTL.ZG,1978,
SST,FP.CPI.TOTL.ZG,1977,
SST,FP.CPI.TOTL.ZG,1976,
SST,FP.CPI.TOTL.ZG,1975,
SST,FP.CPI.TOTL.ZG,1974,
SST,FP.CPI.TOTL.ZG,1973,
SST,FP.CPI.TOTL.ZG,1972,
SST,FP.CPI.TOTL.ZG,1971,
SST,FP.CPI.TOTL.ZG,1970,
SST,FP.CPI.TOTL.ZG,1969,
SST,FP.CPI.TOTL.ZG,1968,
SST,FP.CPI.TOTL.ZG,1967,
SST,FP.CPI.TOTL.ZG,1966,
SST,FP.CPI.TOTL.ZG,1965,
SST,FP.CPI.TOTL.ZG,1964,
SST,FP.CPI.TOTL.ZG,1963,
SST,FP.CPI.TOTL.ZG,1962,
SST,FP.CPI.TOTL.ZG,1961,
SST,FP.CPI.TOTL.ZG,1960,
SAS,FP.CPI.TOTL.ZG,2025,
SAS,FP.CPI.TOTL.ZG,2024,3.72320611944934
SAS,FP.CPI.TOTL.ZG,2023,6.38250790219375
SAS,FP.CPI.TOTL.ZG,2022,7.18461996730066
SAS,FP.CPI.TOTL.ZG,2021,5.33853088974921
SAS,FP.CPI.TOTL.ZG,2020,5.6602199868936
SAS,FP.CPI.TOTL.ZG,2019,3.6289496588547
SAS,FP.CPI.TOTL.ZG,2018,3.33139516437672
SAS,FP.CPI.TOTL.ZG,2017,4.14162852223214
SAS,FP.CPI.TOTL.ZG,2016,4.45355240327605
SAS,FP.CPI.TOTL.ZG,2015,4.72755869604731
SAS,FP.CPI.TOTL.ZG,2014,6.82864780544374
SAS,FP.CPI.TOTL.ZG,2013,8.15339493090692
SAS,FP.CPI.TOTL.ZG,2012,9.46940335888463
SAS,FP.CPI.TOTL.ZG,2011,9.06943441304666
SAS,FP.CPI.TOTL.ZG,2010,7.58152977621468
SAS,FP.CPI.TOTL.ZG,2009,4.9768244765374
SAS,FP.CPI.TOTL.ZG,2008,9.40488747385817
SAS,FP.CPI.TOTL.ZG,2007,6.583827447617
SAS,FP.CPI.TOTL.ZG,2006,6.28089227308195
SAS,FP.CPI.TOTL.ZG,2005,6.07448185265313
SAS,FP.CPI.TOTL.ZG,2004,3.93659435875237
SAS,FP.CPI.TOTL.ZG,2003,4.73728336485163
SAS,FP.CPI.TOTL.ZG,2002,3.75561866588351
SAS,FP.CPI.TOTL.ZG,2001,3.05154659828612
SAS,FP.CPI.TOTL.ZG,2000,3.24412805877163
SAS,FP.CPI.TOTL.ZG,1999,5.39920076445198
SAS,FP.CPI.TOTL.ZG,1998,9.9749164980393
SAS,FP.CPI.TOTL.ZG,1997,6.83486964865905
SAS,FP.CPI.TOTL.ZG,1996,8.88358307880807
SAS,FP.CPI.TOTL.ZG,1995,8.58119855119587
SAS,FP.CPI.TOTL.ZG,1994,7.67962013946667
SAS,FP.CPI.TOTL.ZG,1993,9.35170538916948
SAS,FP.CPI.TOTL.ZG,1992,13.8815172016762
SAS,FP.CPI.TOTL.ZG,1991,13.0727095606288
SAS,FP.CPI.TOTL.ZG,1990,8.60546643863228
SAS,FP.CPI.TOTL.ZG,1989,7.97284804184409
SAS,FP.CPI.TOTL.ZG,1988,9.18323762197162
SAS,FP.CPI.TOTL.ZG,1987,9.25259907097576
SAS,FP.CPI.TOTL.ZG,1986,9.72219327678563
SAS,FP.CPI.TOTL.ZG,1985,3.71921826891531
SAS,FP.CPI.TOTL.ZG,1984,7.67830686508552
SAS,FP.CPI.TOTL.ZG,1983,13.1708130423856
SAS,FP.CPI.TOTL.ZG,1982,10.3362606676829
SAS,FP.CPI.TOTL.ZG,1981,12.1287018127432
SAS,FP.CPI.TOTL.ZG,1980,14.6845027763768
SAS,FP.CPI.TOTL.ZG,1979,6.27568336762335
SAS,FP.CPI.TOTL.ZG,1978,7.34609125083297
SAS,FP.CPI.TOTL.ZG,1977,8.30747009171166
SAS,FP.CPI.TOTL.ZG,1976,-3.11323573327195
SAS,FP.CPI.TOTL.ZG,1975,6.62599255320979
SAS,FP.CPI.TOTL.ZG,1974,19.8063380280849
SAS,FP.CPI.TOTL.ZG,1973,11.42977252586
SAS,FP.CPI.TOTL.ZG,1972,6.44209746158243
SAS,FP.CPI.TOTL.ZG,1971,2.66538020859991
SAS,FP.CPI.TOTL.ZG,1970,5.86695607765968
SAS,FP.CPI.TOTL.ZG,1969,4.0575916228156
SAS,FP.CPI.TOTL.ZG,1968,3.23741242627502
SAS,FP.CPI.TOTL.ZG,1967,2.18923933203517
SAS,FP.CPI.TOTL.ZG,1966,10.8018483489342
SAS,FP.CPI.TOTL.ZG,1965,8.47186932846475
SAS,FP.CPI.TOTL.ZG,1964,
SAS,FP.CPI.TOTL.ZG,1963,
SAS,FP.CPI.TOTL.ZG,1962,
SAS,FP.CPI.TOTL.ZG,1961,
SAS,FP.CPI.TOTL.ZG,1960,
TSA,FP.CPI.TOTL.ZG,2025,
TSA,FP.CPI.TOTL.ZG,2024,3.72320611944934
TSA,FP.CPI.TOTL.ZG,2023,6.38250790219375
TSA,FP.CPI.TOTL.ZG,2022,7.18461996730066
TSA,FP.CPI.TOTL.ZG,2021,5.33853088974921
TSA,FP.CPI.TOTL.ZG,2020,5.6602199868936
TSA,FP.CPI.TOTL.ZG,2019,3.6289496588547
TSA,FP.CPI.TOTL.ZG,2018,3.33139516437672
TSA,FP.CPI.TOTL.ZG,2017,4.14162852223214
TSA,FP.CPI.TOTL.ZG,2016,4.45355240327605
TSA,FP.CPI.TOTL.ZG,2015,4.72755869604731
TSA,FP.CPI.TOTL.ZG,2014,6.82864780544374
TSA,FP.CPI.TOTL.ZG,2013,8.15339493090692
TSA,FP.CPI.TOTL.ZG,2012,9.46940335888463
TSA,FP.CPI.TOTL.ZG,2011,9.06943441304666
TSA,FP.CPI.TOTL.ZG,2010,7.58152977621468
TSA,FP.CPI.TOTL.ZG,2009,4.9768244765374
TSA,FP.CPI.TOTL.ZG,2008,9.40488747385817
TSA,FP.CPI.TOTL.ZG,2007,6.583827447617
TSA,FP.CPI.TOTL.ZG,2006,6.28089227308195
TSA,FP.CPI.TOTL.ZG,2005,6.07448185265313
TSA,FP.CPI.TOTL.ZG,2004,3.93659435875237
TSA,FP.CPI.TOTL.ZG,2003,4.73728336485163
TSA,FP.CPI.TOTL.ZG,2002,3.75561866588351
TSA,FP.CPI.TOTL.ZG,2001,3.05154659828612
TSA,FP.CPI.TOTL.ZG,2000,3.24412805877163
TSA,FP.CPI.TOTL.ZG,1999,5.39920076445198
TSA,FP.CPI.TOTL.ZG,1998,9.9749164980393
TSA,FP.CPI.TOTL.ZG,1997,6.83486964865905
TSA,FP.CPI.TOTL.ZG,1996,8.88358307880807
TSA,FP.CPI.TOTL.ZG,1995,8.58119855119587
TSA,FP.CPI.TOTL.ZG,1994,7.67962013946667
TSA,FP.CPI.TOTL.ZG,1993,9.35170538916948
TSA,FP.CPI.TOTL.ZG,1992,13.8815172016762
TSA,FP.CPI.TOTL.ZG,1991,13.0727095606288
TSA,FP.CPI.TOTL.ZG,1990,8.60546643863228
TSA,FP.CPI.TOTL.ZG,1989,7.97284804184409
TSA,FP.CPI.TOTL.ZG,1988,9.18323762197162
TSA,FP.CPI.TOTL.ZG,1987,9.25259907097576
TSA,FP.CPI.TOTL.ZG,1986,9.72219327678563
TSA,FP.CPI.TOTL.ZG,1985,3.71921826891531
TSA,FP.CPI.TOTL.ZG,1984,7.67830686508552
TSA,FP.CPI.TOTL.ZG,1983,13.1708130423856
TSA,FP.CPI.TOTL.ZG,1982,10.3362606676829
TSA,FP.CPI.TOTL.ZG,1981,12.1287018127432
TSA,FP.CPI.TOTL.ZG,1980,14.6845027763768
TSA,FP.CPI.TOTL.ZG,1979,6.27568336762335
TSA,FP.CPI.TOTL.ZG,1978,7.34609125083297
TSA,FP.CPI.TOTL.ZG,1977,8.30747009171166
TSA,FP.CPI.TOTL.ZG,1976,-3.11323573327195
TSA,FP.CPI.TOTL.ZG,1975,6.62599255320979
TSA,FP.CPI.TOTL.ZG,1974,19.8063380280849
TSA,FP.CPI.TOTL.ZG,1973,11.42977252586
TSA,FP.CPI.TOTL.ZG,1972,6.44209746158243
TSA,FP.CPI.TOTL.ZG,1971,2.66538020859991
TSA,FP.CPI.TOTL.ZG,1970,5.86695607765968
TSA,FP.CPI.TOTL.ZG,1969,4.0575916228156
TSA,FP.CPI.TOTL.ZG,1968,3.23741242627502
TSA,FP.CPI.TOTL.ZG,1967,2.18923933203517
TSA,FP.CPI.TOTL.ZG,1966,10.8018483489342
TSA,FP.CPI.TOTL.ZG,1965,8.47186932846475
TSA,FP.CPI.TOTL.ZG,1964,
TSA,FP.CPI.TOTL.ZG,1963,
TSA,FP.CPI.TOTL.ZG,1962,
TSA,FP.CPI.TOTL.ZG,1961,
TSA,FP.CPI.TOTL.ZG,1960,
SSF,FP.CPI.TOTL.ZG,2025,
SSF,FP.CPI.TOTL.ZG,2024,4.23903922877036
SSF,FP.CPI.TOTL.ZG,2023,6.69759990789845
SSF,FP.CPI.TOTL.ZG,2022,9.45801281304023
SSF,FP.CPI.TOTL.ZG,2021,4.43905481215002
SSF,FP.CPI.TOTL.ZG,2020,3.39862928518853
SSF,FP.CPI.TOTL.ZG,2019,2.867588034469
SSF,FP.CPI.TOTL.ZG,2018,3.91133439990729
SSF,FP.CPI.TOTL.ZG,2017,5.18618655524149
SSF,FP.CPI.TOTL.ZG,2016,5.30264297710325
SSF,FP.CPI.TOTL.ZG,2015,3.47238752883652
SSF,FP.CPI.TOTL.ZG,2014,4.4038027171436
SSF,FP.CPI.TOTL.ZG,2013,4.88516387595471
SSF,FP.CPI.TOTL.ZG,2012,6.58183105075141
SSF,FP.CPI.TOTL.ZG,2011,5.36621092948077
SSF,FP.CPI.TOTL.ZG,2010,4.02202422214216
SSF,FP.CPI.TOTL.ZG,2009,5.00627361534047
SSF,FP.CPI.TOTL.ZG,2008,10.378524478798
SSF,FP.CPI.TOTL.ZG,2007,6.78669789038244
SSF,FP.CPI.TOTL.ZG,2006,6.53784395299604
SSF,FP.CPI.TOTL.ZG,2005,6.42755278070087
SSF,FP.CPI.TOTL.ZG,2004,4.13663213144748
SSF,FP.CPI.TOTL.ZG,2003,5.67942414068799
SSF,FP.CPI.TOTL.ZG,2002,4.70579123746033
SSF,FP.CPI.TOTL.ZG,2001,5.14746800222618
SSF,FP.CPI.TOTL.ZG,2000,4.50078856262102
SSF,FP.CPI.TOTL.ZG,1999,4.35643374510453
SSF,FP.CPI.TOTL.ZG,1998,6.43573287560781
SSF,FP.CPI.TOTL.ZG,1997,7.6471743331001
SSF,FP.CPI.TOTL.ZG,1996,7.19164660433344
SSF,FP.CPI.TOTL.ZG,1995,11.425939964662
SSF,FP.CPI.TOTL.ZG,1994,27.4479807126947
SSF,FP.CPI.TOTL.ZG,1993,9.52484537019694
SSF,FP.CPI.TOTL.ZG,1992,9.48654250617163
SSF,FP.CPI.TOTL.ZG,1991,8.93430656934288
SSF,FP.CPI.TOTL.ZG,1990,7.54486109699452
SSF,FP.CPI.TOTL.ZG,1989,8.0461586348732
SSF,FP.CPI.TOTL.ZG,1988,8.35167956821219
SSF,FP.CPI.TOTL.ZG,1987,7.63279008878104
SSF,FP.CPI.TOTL.ZG,1986,6.85934422794885
SSF,FP.CPI.TOTL.ZG,1985,9.40690750687275
SSF,FP.CPI.TOTL.ZG,1984,11.1169312857885
SSF,FP.CPI.TOTL.ZG,1983,11.4826535601296
SSF,FP.CPI.TOTL.ZG,1982,12.0998414518035
SSF,FP.CPI.TOTL.ZG,1981,12.2903278605959
SSF,FP.CPI.TOTL.ZG,1980,13.6019828289491
SSF,FP.CPI.TOTL.ZG,1979,13.6746273591787
SSF,FP.CPI.TOTL.ZG,1978,11.4594300574244
SSF,FP.CPI.TOTL.ZG,1977,14.8900665023223
SSF,FP.CPI.TOTL.ZG,1976,11.5448806519836
SSF,FP.CPI.TOTL.ZG,1975,18.3117857539903
SSF,FP.CPI.TOTL.ZG,1974,
SSF,FP.CPI.TOTL.ZG,1973,
SSF,FP.CPI.TOTL.ZG,1972,
SSF,FP.CPI.TOTL.ZG,1971,
SSF,FP.CPI.TOTL.ZG,1970,
SSF,FP.CPI.TOTL.ZG,1969,
SSF,FP.CPI.TOTL.ZG,1968,
SSF,FP.CPI.TOTL.ZG,1967,
SSF,FP.CPI.TOTL.ZG,1966,
SSF,FP.CPI.TOTL.ZG,1965,
SSF,FP.CPI.TOTL.ZG,1964,
SSF,FP.CPI.TOTL.ZG,1963,
SSF,FP.CPI.TOTL.ZG,1962,
SSF,FP.CPI.TOTL.ZG,1961,
SSF,FP.CPI.TOTL.ZG,1960,
SSA,FP.CPI.TOTL.ZG,2025,
SSA,FP.CPI.TOTL.ZG,2024,4.23903922877036
SSA,FP.CPI.TOTL.ZG,2023,6.69759990789845
SSA,FP.CPI.TOTL.ZG,2022,9.45801281304023
SSA,FP.CPI.TOTL.ZG,2021,4.22278962033194
SSA,FP.CPI.TOTL.ZG,2020,3.39862928518853
SSA,FP.CPI.TOTL.ZG,2019,2.867588034469
SSA,FP.CPI.TOTL.ZG,2018,3.91133439990729
SSA,FP.CPI.TOTL.ZG,2017,5.18618655524149
SSA,FP.CPI.TOTL.ZG,2016,5.30264297710325
SSA,FP.CPI.TOTL.ZG,2015,3.32437113264095
SSA,FP.CPI.TOTL.ZG,2014,4.4038027171436
SSA,FP.CPI.TOTL.ZG,2013,4.88516387595471
SSA,FP.CPI.TOTL.ZG,2012,6.44532210536437
SSA,FP.CPI.TOTL.ZG,2011,5.36621092948077
SSA,FP.CPI.TOTL.ZG,2010,4.02202422214216
SSA,FP.CPI.TOTL.ZG,2009,4.69106567747375
SSA,FP.CPI.TOTL.ZG,2008,10.2876847921194
SSA,FP.CPI.TOTL.ZG,2007,6.78669789038244
SSA,FP.CPI.TOTL.ZG,2006,6.53784395299604
SSA,FP.CPI.TOTL.ZG,2005,6.42755278070087
SSA,FP.CPI.TOTL.ZG,2004,4.21968787094834
SSA,FP.CPI.TOTL.ZG,2003,5.67942414068799
SSA,FP.CPI.TOTL.ZG,2002,5.1123208545332
SSA,FP.CPI.TOTL.ZG,2001,5.14746800222618
SSA,FP.CPI.TOTL.ZG,2000,4.50078856262102
SSA,FP.CPI.TOTL.ZG,1999,4.14267137284048
SSA,FP.CPI.TOTL.ZG,1998,6.6919175820984
SSA,FP.CPI.TOTL.ZG,1997,8.20992326178883
SSA,FP.CPI.TOTL.ZG,1996,7.35411972085333
SSA,FP.CPI.TOTL.ZG,1995,12.86518047067
SSA,FP.CPI.TOTL.ZG,1994,30.3277031361558
SSA,FP.CPI.TOTL.ZG,1993,9.69838693935478
SSA,FP.CPI.TOTL.ZG,1992,9.48654250617163
SSA,FP.CPI.TOTL.ZG,1991,8.93430656934288
SSA,FP.CPI.TOTL.ZG,1990,9.1894138373306
SSA,FP.CPI.TOTL.ZG,1989,8.64400601653546
SSA,FP.CPI.TOTL.ZG,1988,9.15931413351054
SSA,FP.CPI.TOTL.ZG,1987,8.39500786390478
SSA,FP.CPI.TOTL.ZG,1986,7.60167916018426
SSA,FP.CPI.TOTL.ZG,1985,9.40690750687275
SSA,FP.CPI.TOTL.ZG,1984,11.3116610451467
SSA,FP.CPI.TOTL.ZG,1983,11.5922544757772
SSA,FP.CPI.TOTL.ZG,1982,12.3525271144434
SSA,FP.CPI.TOTL.ZG,1981,13.4374262233043
SSA,FP.CPI.TOTL.ZG,1980,
SSA,FP.CPI.TOTL.ZG,1979,
SSA,FP.CPI.TOTL.ZG,1978,
SSA,FP.CPI.TOTL.ZG,1977,
SSA,FP.CPI.TOTL.ZG,1976,
SSA,FP.CPI.TOTL.ZG,1975,
SSA,FP.CPI.TOTL.ZG,1974,
SSA,FP.CPI.TOTL.ZG,1973,
SSA,FP.CPI.TOTL.ZG,1972,
SSA,FP.CPI.TOTL.ZG,1971,
SSA,FP.CPI.TOTL.ZG,1970,
SSA,FP.CPI.TOTL.ZG,1969,
SSA,FP.CPI.TOTL.ZG,1968,
SSA,FP.CPI.TOTL.ZG,1967,
SSA,FP.CPI.TOTL.ZG,1966,
SSA,FP.CPI.TOTL.ZG,1965,
SSA,FP.CPI.TOTL.ZG,1964,
SSA,FP.CPI.TOTL.ZG,1963,
SSA,FP.CPI.TOTL.ZG,1962,
SSA,FP.CPI.TOTL.ZG,1961,
SSA,FP.CPI.TOTL.ZG,1960,
TSS,FP.CPI.TOTL.ZG,2025,
TSS,FP.CPI.TOTL.ZG,2024,4.23903922877036
TSS,FP.CPI.TOTL.ZG,2023,6.69759990789845
TSS,FP.CPI.TOTL.ZG,2022,9.45801281304023
TSS,FP.CPI.TOTL.ZG,2021,4.43905481215002
TSS,FP.CPI.TOTL.ZG,2020,3.39862928518853
TSS,FP.CPI.TOTL.ZG,2019,2.867588034469
TSS,FP.CPI.TOTL.ZG,2018,3.91133439990729
TSS,FP.CPI.TOTL.ZG,2017,5.18618655524149
TSS,FP.CPI.TOTL.ZG,2016,5.30264297710325
TSS,FP.CPI.TOTL.ZG,2015,3.47238752883652
TSS,FP.CPI.TOTL.ZG,2014,4.4038027171436
TSS,FP.CPI.TOTL.ZG,2013,4.88516387595471
TSS,FP.CPI.TOTL.ZG,2012,6.58183105075141
TSS,FP.CPI.TOTL.ZG,2011,5.36621092948077
TSS,FP.CPI.TOTL.ZG,2010,4.02202422214216
TSS,FP.CPI.TOTL.ZG,2009,5.00627361534047
TSS,FP.CPI.TOTL.ZG,2008,10.378524478798
TSS,FP.CPI.TOTL.ZG,2007,6.78669789038244
TSS,FP.CPI.TOTL.ZG,2006,6.53784395299604
TSS,FP.CPI.TOTL.ZG,2005,6.42755278070087
TSS,FP.CPI.TOTL.ZG,2004,4.13663213144748
TSS,FP.CPI.TOTL.ZG,2003,5.67942414068799
TSS,FP.CPI.TOTL.ZG,2002,4.70579123746033
TSS,FP.CPI.TOTL.ZG,2001,5.14746800222618
TSS,FP.CPI.TOTL.ZG,2000,4.50078856262102
TSS,FP.CPI.TOTL.ZG,1999,4.35643374510453
TSS,FP.CPI.TOTL.ZG,1998,6.43573287560781
TSS,FP.CPI.TOTL.ZG,1997,7.6471743331001
TSS,FP.CPI.TOTL.ZG,1996,7.19164660433344
TSS,FP.CPI.TOTL.ZG,1995,11.425939964662
TSS,FP.CPI.TOTL.ZG,1994,27.4479807126947
TSS,FP.CPI.TOTL.ZG,1993,9.52484537019694
TSS,FP.CPI.TOTL.ZG,1992,9.48654250617163
TSS,FP.CPI.TOTL.ZG,1991,8.93430656934288
TSS,FP.CPI.TOTL.ZG,1990,7.54486109699452
TSS,FP.CPI.TOTL.ZG,1989,8.0461586348732
TSS,FP.CPI.TOTL.ZG,1988,8.35167956821219
TSS,FP.CPI.TOTL.ZG,1987,7.63279008878104
TSS,FP.CPI.TOTL.ZG,1986,6.85934422794885
TSS,FP.CPI.TOTL.ZG,1985,9.40690750687275
TSS,FP.CPI.TOTL.ZG,1984,11.1169312857885
TSS,FP.CPI.TOTL.ZG,1983,11.4826535601296
TSS,FP.CPI.TOTL.ZG,1982,12.0998414518035
TSS,FP.CPI.TOTL.ZG,1981,12.2903278605959
TSS,FP.CPI.TOTL.ZG,1980,13.6019828289491
TSS,FP.CPI.TOTL.ZG,1979,13.6746273591787
TSS,FP.CPI.TOTL.ZG,1978,11.4594300574244
TSS,FP.CPI.TOTL.ZG,1977,14.8900665023223
TSS,FP.CPI.TOTL.ZG,1976,11.5448806519836
TSS,FP.CPI.TOTL.ZG,1975,18.3117857539903
TSS,FP.CPI.TOTL.ZG,1974,
TSS,FP.CPI.TOTL.ZG,1973,
TSS,FP.CPI.TOTL.ZG,1972,
TSS,FP.CPI.TOTL.ZG,1971,
TSS,FP.CPI.TOTL.ZG,1970,
TSS,FP.CPI.TOTL.ZG,1969,
TSS,FP.CPI.TOTL.ZG,1968,
TSS,FP.CPI.TOTL.ZG,1967,
TSS,FP.CPI.TOTL.ZG,1966,
TSS,FP.CPI.TOTL.ZG,1965,
TSS,FP.CPI.TOTL.ZG,1964,
TSS,FP.CPI.TOTL.ZG,1963,
TSS,FP.CPI.TOTL.ZG,1962,
TSS,FP.CPI.TOTL.ZG,1961,
TSS,FP.CPI.TOTL.ZG,1960,
,FP.CPI.TOTL.ZG,2025,
,FP.CPI.TOTL.ZG,2024,3.05252419284577
,FP.CPI.TOTL.ZG,2023,5.07719516250971
,FP.CPI.TOTL.ZG,2022,9.0383038041557
,FP.CPI.TOTL.ZG,2021,4.05681586746239
,FP.CPI.TOTL.ZG,2020,1.82893754590454
,FP.CPI.TOTL.ZG,2019,1.84922984511086
,FP.CPI.TOTL.ZG,2018,3.04505397337071
,FP.CPI.TOTL.ZG,2017,3.30828076768219
,FP.CPI.TOTL.ZG,2016,2.09056659525742
,FP.CPI.TOTL.ZG,2015,2.10438980238359
,FP.CPI.TOTL.ZG,2014,2.99864226125219
,FP.CPI.TOTL.ZG,2013,2.68385738718582
,FP.CPI.TOTL.ZG,2012,3.67591897974496
,FP.CPI.TOTL.ZG,2011,5.67533350732013
,FP.CPI.TOTL.ZG,2010,3.68901229670758
,FP.CPI.TOTL.ZG,2009,2.59194673430567
,FP.CPI.TOTL.ZG,2008,9.73228317146887
,FP.CPI.TOTL.ZG,2007,5.54438485815156
,FP.CPI.TOTL.ZG,2006,4.29342363628927
,FP.CPI.TOTL.ZG,2005,4.54036919634535
,FP.CPI.TOTL.ZG,2004,4.71037060105883
,FP.CPI.TOTL.ZG,2003,4.54690012118718
,FP.CPI.TOTL.ZG,2002,5.26230580010517
,FP.CPI.TOTL.ZG,2001,5.54561954639558
,FP.CPI.TOTL.ZG,2000,4.50078856262102
,FP.CPI.TOTL.ZG,1999,4.66140108789279
,FP.CPI.TOTL.ZG,1998,6.73609594731473
,FP.CPI.TOTL.ZG,1997,7.11636461916328
,FP.CPI.TOTL.ZG,1996,9.05104034536937
,FP.CPI.TOTL.ZG,1995,11.8323312133026
,FP.CPI.TOTL.ZG,1994,21.5656237655025
,FP.CPI.TOTL.ZG,1993,14.3308033365888
,FP.CPI.TOTL.ZG,1992,9.70283479397009
,FP.CPI.TOTL.ZG,1991,11.8960953011251
,FP.CPI.TOTL.ZG,1990,11.0249259531024
,FP.CPI.TOTL.ZG,1989,8.23511007656971
,FP.CPI.TOTL.ZG,1988,8.4297737895376
,FP.CPI.TOTL.ZG,1987,7.33754822176428
,FP.CPI.TOTL.ZG,1986,10.0017155606022
,FP.CPI.TOTL.ZG,1985,9.13844055467156
,FP.CPI.TOTL.ZG,1984,10.4550392231412
,FP.CPI.TOTL.ZG,1983,10.5411737152167
,FP.CPI.TOTL.ZG,1982,9.85211710241992
,FP.CPI.TOTL.ZG,1981,14.2547798730487
,FP.CPI.TOTL.ZG,1980,18.035422125313
,FP.CPI.TOTL.ZG,1979,11.7362306367885
,FP.CPI.TOTL.ZG,1978,10.6602475929181
,FP.CPI.TOTL.ZG,1977,11.8202775391489
,FP.CPI.TOTL.ZG,1976,10.8137481327593
,FP.CPI.TOTL.ZG,1975,13.4259248530376
,FP.CPI.TOTL.ZG,1974,
,FP.CPI.TOTL.ZG,1973,
,FP.CPI.TOTL.ZG,1972,
,FP.CPI.TOTL.ZG,1971,
,FP.CPI.TOTL.ZG,1970,
,FP.CPI.TOTL.ZG,1969,
,FP.CPI.TOTL.ZG,1968,
,FP.CPI.TOTL.ZG,1967,
,FP.CPI.TOTL.ZG,1966,
,FP.CPI.TOTL.ZG,1965,
,FP.CPI.TOTL.ZG,1964,
,FP.CPI.TOTL.ZG,1963,
,FP.CPI.TOTL.ZG,1962,
,FP.CPI.TOTL.ZG,1961,
,FP.CPI.TOTL.ZG,1960,
WLD,FP.CPI.TOTL.ZG,2025,
WLD,FP.CPI.TOTL.ZG,2024,2.97200477643618
WLD,FP.CPI.TOTL.ZG,2023,5.87010268787553
WLD,FP.CPI.TOTL.ZG,2022,7.98518671835033
WLD,FP.CPI.TOTL.ZG,2021,3.4754032028988
WLD,FP.CPI.TOTL.ZG,2020,1.90509722047501
WLD,FP.CPI.TOTL.ZG,2019,2.227478809383
WLD,FP.CPI.TOTL.ZG,2018,2.44258329692817
WLD,FP.CPI.TOTL.ZG,2017,2.22314331448899
WLD,FP.CPI.TOTL.ZG,2016,1.59691227583204
WLD,FP.CPI.TOTL.ZG,2015,1.43702380935655
WLD,FP.CPI.TOTL.ZG,2014,2.39371597209792
WLD,FP.CPI.TOTL.ZG,2013,2.65167342916577
WLD,FP.CPI.TOTL.ZG,2012,3.72532666110646
WLD,FP.CPI.TOTL.ZG,2011,4.82239636013325
WLD,FP.CPI.TOTL.ZG,2010,3.32634463368643
WLD,FP.CPI.TOTL.ZG,2009,2.86044855902674
WLD,FP.CPI.TOTL.ZG,2008,8.94995335353387
WLD,FP.CPI.TOTL.ZG,2007,4.81023704342912
WLD,FP.CPI.TOTL.ZG,2006,4.26717463390264
WLD,FP.CPI.TOTL.ZG,2005,4.10725070715931
WLD,FP.CPI.TOTL.ZG,2004,3.51799903099596
WLD,FP.CPI.TOTL.ZG,2003,3.02504526252236
WLD,FP.CPI.TOTL.ZG,2002,2.90799857032207
WLD,FP.CPI.TOTL.ZG,2001,3.83657262052543
WLD,FP.CPI.TOTL.ZG,2000,3.43351563418767
WLD,FP.CPI.TOTL.ZG,1999,3.04194667094533
WLD,FP.CPI.TOTL.ZG,1998,5.09729149331442
WLD,FP.CPI.TOTL.ZG,1997,5.55412988949405
WLD,FP.CPI.TOTL.ZG,1996,6.52609569372579
WLD,FP.CPI.TOTL.ZG,1995,9.07738095238091
WLD,FP.CPI.TOTL.ZG,1994,10.2479355556119
WLD,FP.CPI.TOTL.ZG,1993,7.14458706876256
WLD,FP.CPI.TOTL.ZG,1992,7.63610852336974
WLD,FP.CPI.TOTL.ZG,1991,8.99693873494331
WLD,FP.CPI.TOTL.ZG,1990,8.06346090938833
WLD,FP.CPI.TOTL.ZG,1989,6.92390503711238
WLD,FP.CPI.TOTL.ZG,1988,7.11340652931347
WLD,FP.CPI.TOTL.ZG,1987,5.71011938486679
WLD,FP.CPI.TOTL.ZG,1986,5.82266576732484
WLD,FP.CPI.TOTL.ZG,1985,6.80756655768333
WLD,FP.CPI.TOTL.ZG,1984,8.08032017255761
WLD,FP.CPI.TOTL.ZG,1983,8.66927159808522
WLD,FP.CPI.TOTL.ZG,1982,10.2217271376892
WLD,FP.CPI.TOTL.ZG,1981,12.4424368936176
WLD,FP.CPI.TOTL.ZG,1980,
WLD,FP.CPI.TOTL.ZG,1979,
WLD,FP.CPI.TOTL.ZG,1978,
WLD,FP.CPI.TOTL.ZG,1977,
WLD,FP.CPI.TOTL.ZG,1976,
WLD,FP.CPI.TOTL.ZG,1975,
WLD,FP.CPI.TOTL.ZG,1974,
WLD,FP.CPI.TOTL.ZG,1973,
WLD,FP.CPI.TOTL.ZG,1972,
WLD,FP.CPI.TOTL.ZG,1971,
WLD,FP.CPI.TOTL.ZG,1970,
WLD,FP.CPI.TOTL.ZG,1969,
WLD,FP.CPI.TOTL.ZG,1968,
WLD,FP.CPI.TOTL.ZG,1967,
WLD,FP.CPI.TOTL.ZG,1966,
WLD,FP.CPI.TOTL.ZG,1965,
WLD,FP.CPI.TOTL.ZG,1964,
WLD,FP.CPI.TOTL.ZG,1963,
WLD,FP.CPI.TOTL.ZG,1962,
WLD,FP.CPI.TOTL.ZG,1961,
WLD,FP.CPI.TOTL.ZG,1960,
AFG,FP.CPI.TOTL.ZG,2025,
AFG,FP.CPI.TOTL.ZG,2024,-6.60118564073726
AFG,FP.CPI.TOTL.ZG,2023,-4.64470870797775
AFG,FP.CPI.TOTL.ZG,2022,13.7121023720065
AFG,FP.CPI.TOTL.ZG,2021,5.13320340824963
AFG,FP.CPI.TOTL.ZG,2020,5.60188791482224
AFG,FP.CPI.TOTL.ZG,2019,2.30237251516834
AFG,FP.CPI.TOTL.ZG,2018,0.626149149168847
AFG,FP.CPI.TOTL.ZG,2017,4.97595150553833
AFG,FP.CPI.TOTL.ZG,2016,4.38389195513915
AFG,FP.CPI.TOTL.ZG,2015,-0.661709164713742
AFG,FP.CPI.TOTL.ZG,2014,4.67399603536345
AFG,FP.CPI.TOTL.ZG,2013,7.38577178397855
AFG,FP.CPI.TOTL.ZG,2012,6.44121280934117
AFG,FP.CPI.TOTL.ZG,2011,11.8041858089129
AFG,FP.CPI.TOTL.ZG,2010,2.17853752389419
AFG,FP.CPI.TOTL.ZG,2009,-6.81116108898996
AFG,FP.CPI.TOTL.ZG,2008,26.4186641547444
AFG,FP.CPI.TOTL.ZG,2007,8.68057078513406
AFG,FP.CPI.TOTL.ZG,2006,6.78459655001655
AFG,FP.CPI.TOTL.ZG,2005,12.6862687216715
AFG,FP.CPI.TOTL.ZG,2004,
AFG,FP.CPI.TOTL.ZG,2003,
AFG,FP.CPI.TOTL.ZG,2002,
AFG,FP.CPI.TOTL.ZG,2001,
AFG,FP.CPI.TOTL.ZG,2000,
AFG,FP.CPI.TOTL.ZG,1999,
AFG,FP.CPI.TOTL.ZG,1998,
AFG,FP.CPI.TOTL.ZG,1997,
AFG,FP.CPI.TOTL.ZG,1996,
AFG,FP.CPI.TOTL.ZG,1995,
AFG,FP.CPI.TOTL.ZG,1994,
AFG,FP.CPI.TOTL.ZG,1993,
AFG,FP.CPI.TOTL.ZG,1992,
AFG,FP.CPI.TOTL.ZG,1991,
AFG,FP.CPI.TOTL.ZG,1990,
AFG,FP.CPI.TOTL.ZG,1989,
AFG,FP.CPI.TOTL.ZG,1988,
AFG,FP.CPI.TOTL.ZG,1987,
AFG,FP.CPI.TOTL.ZG,1986,
AFG,FP.CPI.TOTL.ZG,1985,
AFG,FP.CPI.TOTL.ZG,1984,
AFG,FP.CPI.TOTL.ZG,1983,
AFG,FP.CPI.TOTL.ZG,1982,
AFG,FP.CPI.TOTL.ZG,1981,
AFG,FP.CPI.TOTL.ZG,1980,
AFG,FP.CPI.TOTL.ZG,1979,
AFG,FP.CPI.TOTL.ZG,1978,
AFG,FP.CPI.TOTL.ZG,1977,
AFG,FP.CPI.TOTL.ZG,1976,
AFG,FP.CPI.TOTL.ZG,1975,
AFG,FP.CPI.TOTL.ZG,1974,
AFG,FP.CPI.TOTL.ZG,1973,
AFG,FP.CPI.TOTL.ZG,1972,
AFG,FP.CPI.TOTL.ZG,1971,
AFG,FP.CPI.TOTL.ZG,1970,
AFG,FP.CPI.TOTL.ZG,1969,
AFG,FP.CPI.TOTL.ZG,1968,
AFG,FP.CPI.TOTL.ZG,1967,
AFG,FP.CPI.TOTL.ZG,1966,
AFG,FP.CPI.TOTL.ZG,1965,
AFG,FP.CPI.TOTL.ZG,1964,
AFG,FP.CPI.TOTL.ZG,1963,
AFG,FP.CPI.TOTL.ZG,1962,
AFG,FP.CPI.TOTL.ZG,1961,
AFG,FP.CPI.TOTL.ZG,1960,
ALB,FP.CPI.TOTL.ZG,2025,
ALB,FP.CPI.TOTL.ZG,2024,2.21587375089999
ALB,FP.CPI.TOTL.ZG,2023,4.75834555150039
ALB,FP.CPI.TOTL.ZG,2022,6.7252027153006
ALB,FP.CPI.TOTL.ZG,2021,2.04147163139545
ALB,FP.CPI.TOTL.ZG,2020,1.62088661717004
ALB,FP.CPI.TOTL.ZG,2019,1.41109078954251
ALB,FP.CPI.TOTL.ZG,2018,2.02805963071135
ALB,FP.CPI.TOTL.ZG,2017,1.98666133171194
ALB,FP.CPI.TOTL.ZG,2016,1.27543168367423
ALB,FP.CPI.TOTL.ZG,2015,1.89617402592366
ALB,FP.CPI.TOTL.ZG,2014,1.62586504402604
ALB,FP.CPI.TOTL.ZG,2013,1.93762080205223
ALB,FP.CPI.TOTL.ZG,2012,2.03159268395296
ALB,FP.CPI.TOTL.ZG,2011,3.42807130141503
ALB,FP.CPI.TOTL.ZG,2010,3.6271009151748
ALB,FP.CPI.TOTL.ZG,2009,2.26692209450831
ALB,FP.CPI.TOTL.ZG,2008,3.32087090389265
ALB,FP.CPI.TOTL.ZG,2007,2.93268248162323
ALB,FP.CPI.TOTL.ZG,2006,2.37072831904282
ALB,FP.CPI.TOTL.ZG,2005,2.36658195679795
ALB,FP.CPI.TOTL.ZG,2004,2.28001916938101
ALB,FP.CPI.TOTL.ZG,2003,0.484002611818478
ALB,FP.CPI.TOTL.ZG,2002,7.77052583431552
ALB,FP.CPI.TOTL.ZG,2001,3.10758827031434
ALB,FP.CPI.TOTL.ZG,2000,0.0500181363468238
ALB,FP.CPI.TOTL.ZG,1999,0.389437653561628
ALB,FP.CPI.TOTL.ZG,1998,20.6428588670596
ALB,FP.CPI.TOTL.ZG,1997,33.1802743753956
ALB,FP.CPI.TOTL.ZG,1996,12.7254778087103
ALB,FP.CPI.TOTL.ZG,1995,7.79321853789217
ALB,FP.CPI.TOTL.ZG,1994,22.5650526933696
ALB,FP.CPI.TOTL.ZG,1993,85.0047512387156
ALB,FP.CPI.TOTL.ZG,1992,226.005421253526
ALB,FP.CPI.TOTL.ZG,1991,
ALB,FP.CPI.TOTL.ZG,1990,
ALB,FP.CPI.TOTL.ZG,1989,
ALB,FP.CPI.TOTL.ZG,1988,
ALB,FP.CPI.TOTL.ZG,1987,
ALB,FP.CPI.TOTL.ZG,1986,
ALB,FP.CPI.TOTL.ZG,1985,
ALB,FP.CPI.TOTL.ZG,1984,
ALB,FP.CPI.TOTL.ZG,1983,
ALB,FP.CPI.TOTL.ZG,1982,
ALB,FP.CPI.TOTL.ZG,1981,
ALB,FP.CPI.TOTL.ZG,1980,
ALB,FP.CPI.TOTL.ZG,1979,
ALB,FP.CPI.TOTL.ZG,1978,
ALB,FP.CPI.TOTL.ZG,1977,
ALB,FP.CPI.TOTL.ZG,1976,
ALB,FP.CPI.TOTL.ZG,1975,
ALB,FP.CPI.TOTL.ZG,1974,
ALB,FP.CPI.TOTL.ZG,1973,
ALB,FP.CPI.TOTL.ZG,1972,
ALB,FP.CPI.TOTL.ZG,1971,
ALB,FP.CPI.TOTL.ZG,1970,
ALB,FP.CPI.TOTL.ZG,1969,
ALB,FP.CPI.TOTL.ZG,1968,
ALB,FP.CPI.TOTL.ZG,1967,
ALB,FP.CPI.TOTL.ZG,1966,
ALB,FP.CPI.TOTL.ZG,1965,
ALB,FP.CPI.TOTL.ZG,1964,
ALB,FP.CPI.TOTL.ZG,1963,
ALB,FP.CPI.TOTL.ZG,1962,
ALB,FP.CPI.TOTL.ZG,1961,
ALB,FP.CPI.TOTL.ZG,1960,
DZA,FP.CPI.TOTL.ZG,2025,
DZA,FP.CPI.TOTL.ZG,2024,4.04611455313434
DZA,FP.CPI.TOTL.ZG,2023,9.32217375928322
DZA,FP.CPI.TOTL.ZG,2022,9.26551551551553
DZA,FP.CPI.TOTL.ZG,2021,7.22606307415477
DZA,FP.CPI.TOTL.ZG,2020,2.41513094083414
DZA,FP.CPI.TOTL.ZG,2019,1.95176821052892
DZA,FP.CPI.TOTL.ZG,2018,4.26999020467084
DZA,FP.CPI.TOTL.ZG,2017,5.59111590961664
DZA,FP.CPI.TOTL.ZG,2016,6.39769480268757
DZA,FP.CPI.TOTL.ZG,2015,4.78444700693889
DZA,FP.CPI.TOTL.ZG,2014,2.91692692067458
DZA,FP.CPI.TOTL.ZG,2013,3.25423910998847
DZA,FP.CPI.TOTL.ZG,2012,8.89145091062317
DZA,FP.CPI.TOTL.ZG,2011,4.5242115050527
DZA,FP.CPI.TOTL.ZG,2010,3.91106195534028
DZA,FP.CPI.TOTL.ZG,2009,5.73706036145628
DZA,FP.CPI.TOTL.ZG,2008,4.85859062814939
DZA,FP.CPI.TOTL.ZG,2007,3.67899574741699
DZA,FP.CPI.TOTL.ZG,2006,2.31149918514424
DZA,FP.CPI.TOTL.ZG,2005,1.38244656662118
DZA,FP.CPI.TOTL.ZG,2004,3.96180030257187
DZA,FP.CPI.TOTL.ZG,2003,4.268953958395
DZA,FP.CPI.TOTL.ZG,2002,1.41830192345051
DZA,FP.CPI.TOTL.ZG,2001,4.22598834854673
DZA,FP.CPI.TOTL.ZG,2000,0.339163189071768
DZA,FP.CPI.TOTL.ZG,1999,2.64551113392799
DZA,FP.CPI.TOTL.ZG,1998,4.95016163793114
DZA,FP.CPI.TOTL.ZG,1997,5.73352275357187
DZA,FP.CPI.TOTL.ZG,1996,18.6790758601749
DZA,FP.CPI.TOTL.ZG,1995,29.7796264864999
DZA,FP.CPI.TOTL.ZG,1994,29.0476561173071
DZA,FP.CPI.TOTL.ZG,1993,20.5403261235827
DZA,FP.CPI.TOTL.ZG,1992,31.6696619117149
DZA,FP.CPI.TOTL.ZG,1991,25.8863869348514
DZA,FP.CPI.TOTL.ZG,1990,16.6525343885432
DZA,FP.CPI.TOTL.ZG,1989,9.30436125843166
DZA,FP.CPI.TOTL.ZG,1988,5.91154496373489
DZA,FP.CPI.TOTL.ZG,1987,7.44126091287247
DZA,FP.CPI.TOTL.ZG,1986,12.3716091651299
DZA,FP.CPI.TOTL.ZG,1985,10.4822870444467
DZA,FP.CPI.TOTL.ZG,1984,8.116397955171
DZA,FP.CPI.TOTL.ZG,1983,5.9671639303272
DZA,FP.CPI.TOTL.ZG,1982,6.54250963007673
DZA,FP.CPI.TOTL.ZG,1981,14.6548426360634
DZA,FP.CPI.TOTL.ZG,1980,9.51782449754963
DZA,FP.CPI.TOTL.ZG,1979,11.3486005086091
DZA,FP.CPI.TOTL.ZG,1978,17.5239234455033
DZA,FP.CPI.TOTL.ZG,1977,11.989283322105
DZA,FP.CPI.TOTL.ZG,1976,9.43073540174557
DZA,FP.CPI.TOTL.ZG,1975,8.23031665265143
DZA,FP.CPI.TOTL.ZG,1974,4.69961240341694
DZA,FP.CPI.TOTL.ZG,1973,6.17283950622715
DZA,FP.CPI.TOTL.ZG,1972,3.65630712983236
DZA,FP.CPI.TOTL.ZG,1971,2.62664165105635
DZA,FP.CPI.TOTL.ZG,1970,6.59999999900017
DZA,FP.CPI.TOTL.ZG,1969,
DZA,FP.CPI.TOTL.ZG,1968,
DZA,FP.CPI.TOTL.ZG,1967,
DZA,FP.CPI.TOTL.ZG,1966,
DZA,FP.CPI.TOTL.ZG,1965,
DZA,FP.CPI.TOTL.ZG,1964,
DZA,FP.CPI.TOTL.ZG,1963,
DZA,FP.CPI.TOTL.ZG,1962,
DZA,FP.CPI.TOTL.ZG,1961,
DZA,FP.CPI.TOTL.ZG,1960,
ASM,FP.CPI.TOTL.ZG,2025,
ASM,FP.CPI.TOTL.ZG,2024,
ASM,FP.CPI.TOTL.ZG,2023,
ASM,FP.CPI.TOTL.ZG,2022,
ASM,FP.CPI.TOTL.ZG,2021,
ASM,FP.CPI.TOTL.ZG,2020,
ASM,FP.CPI.TOTL.ZG,2019,
ASM,FP.CPI.TOTL.ZG,2018,
ASM,FP.CPI.TOTL.ZG,2017,
ASM,FP.CPI.TOTL.ZG,2016,
ASM,FP.CPI.TOTL.ZG,2015,
ASM,FP.CPI.TOTL.ZG,2014,
ASM,FP.CPI.TOTL.ZG,2013,
ASM,FP.CPI.TOTL.ZG,2012,
ASM,FP.CPI.TOTL.ZG,2011,
ASM,FP.CPI.TOTL.ZG,2010,
ASM,FP.CPI.TOTL.ZG,2009,
ASM,FP.CPI.TOTL.ZG,2008,
ASM,FP.CPI.TOTL.ZG,2007,
ASM,FP.CPI.TOTL.ZG,2006,
ASM,FP.CPI.TOTL.ZG,2005,
ASM,FP.CPI.TOTL.ZG,2004,
ASM,FP.CPI.TOTL.ZG,2003,
ASM,FP.CPI.TOTL.ZG,2002,
ASM,FP.CPI.TOTL.ZG,2001,
ASM,FP.CPI.TOTL.ZG,2000,
ASM,FP.CPI.TOTL.ZG,1999,
ASM,FP.CPI.TOTL.ZG,1998,
ASM,FP.CPI.TOTL.ZG,1997,
ASM,FP.CPI.TOTL.ZG,1996,
ASM,FP.CPI.TOTL.ZG,1995,
ASM,FP.CPI.TOTL.ZG,1994,
ASM,FP.CPI.TOTL.ZG,1993,
ASM,FP.CPI.TOTL.ZG,1992,
ASM,FP.CPI.TOTL.ZG,1991,
ASM,FP.CPI.TOTL.ZG,1990,
ASM,FP.CPI.TOTL.ZG,1989,
ASM,FP.CPI.TOTL.ZG,1988,
ASM,FP.CPI.TOTL.ZG,1987,
ASM,FP.CPI.TOTL.ZG,1986,
ASM,FP.CPI.TOTL.ZG,1985,
ASM,FP.CPI.TOTL.ZG,1984,
ASM,FP.CPI.TOTL.ZG,1983,
ASM,FP.CPI.TOTL.ZG,1982,
ASM,FP.CPI.TOTL.ZG,1981,
ASM,FP.CPI.TOTL.ZG,1980,
ASM,FP.CPI.TOTL.ZG,1979,
ASM,FP.CPI.TOTL.ZG,1978,
ASM,FP.CPI.TOTL.ZG,1977,
ASM,FP.CPI.TOTL.ZG,1976,
ASM,FP.CPI.TOTL.ZG,1975,
ASM,FP.CPI.TOTL.ZG,1974,
ASM,FP.CPI.TOTL.ZG,1973,
ASM,FP.CPI.TOTL.ZG,1972,
ASM,FP.CPI.TOTL.ZG,1971,
ASM,FP.CPI.TOTL.ZG,1970,
ASM,FP.CPI.TOTL.ZG,1969,
ASM,FP.CPI.TOTL.ZG,1968,
ASM,FP.CPI.TOTL.ZG,1967,
ASM,FP.CPI.TOTL.ZG,1966,
ASM,FP.CPI.TOTL.ZG,1965,
ASM,FP.CPI.TOTL.ZG,1964,
ASM,FP.CPI.TOTL.ZG,1963,
ASM,FP.CPI.TOTL.ZG,1962,
ASM,FP.CPI.TOTL.ZG,1961,
ASM,FP.CPI.TOTL.ZG,1960,
AND,FP.CPI.TOTL.ZG,2025,
AND,FP.CPI.TOTL.ZG,2024,
AND,FP.CPI.TOTL.ZG,2023,
AND,FP.CPI.TOTL.ZG,2022,
AND,FP.CPI.TOTL.ZG,2021,
AND,FP.CPI.TOTL.ZG,2020,
AND,FP.CPI.TOTL.ZG,2019,
AND,FP.CPI.TOTL.ZG,2018,
AND,FP.CPI.TOTL.ZG,2017,
AND,FP.CPI.TOTL.ZG,2016,
AND,FP.CPI.TOTL.ZG,2015,
AND,FP.CPI.TOTL.ZG,2014,
AND,FP.CPI.TOTL.ZG,2013,
AND,FP.CPI.TOTL.ZG,2012,
AND,FP.CPI.TOTL.ZG,2011,
AND,FP.CPI.TOTL.ZG,2010,
AND,FP.CPI.TOTL.ZG,2009,
AND,FP.CPI.TOTL.ZG,2008,
AND,FP.CPI.TOTL.ZG,2007,
AND,FP.CPI.TOTL.ZG,2006,
AND,FP.CPI.TOTL.ZG,2005,
AND,FP.CPI.TOTL.ZG,2004,
AND,FP.CPI.TOTL.ZG,2003,
AND,FP.CPI.TOTL.ZG,2002,
AND,FP.CPI.TOTL.ZG,2001,
AND,FP.CPI.TOTL.ZG,2000,
AND,FP.CPI.TOTL.ZG,1999,
AND,FP.CPI.TOTL.ZG,1998,
AND,FP.CPI.TOTL.ZG,1997,
AND,FP.CPI.TOTL.ZG,1996,
AND,FP.CPI.TOTL.ZG,1995,
AND,FP.CPI.TOTL.ZG,1994,
AND,FP.CPI.TOTL.ZG,1993,
AND,FP.CPI.TOTL.ZG,1992,
AND,FP.CPI.TOTL.ZG,1991,
AND,FP.CPI.TOTL.ZG,1990,
AND,FP.CPI.TOTL.ZG,1989,
AND,FP.CPI.TOTL.ZG,1988,
AND,FP.CPI.TOTL.ZG,1987,
AND,FP.CPI.TOTL.ZG,1986,
AND,FP.CPI.TOTL.ZG,1985,
AND,FP.CPI.TOTL.ZG,1984,
AND,FP.CPI.TOTL.ZG,1983,
AND,FP.CPI.TOTL.ZG,1982,
AND,FP.CPI.TOTL.ZG,1981,
AND,FP.CPI.TOTL.ZG,1980,
AND,FP.CPI.TOTL.ZG,1979,
AND,FP.CPI.TOTL.ZG,1978,
AND,FP.CPI.TOTL.ZG,1977,
AND,FP.CPI.TOTL.ZG,1976,
AND,FP.CPI.TOTL.ZG,1975,
AND,FP.CPI.TOTL.ZG,1974,
AND,FP.CPI.TOTL.ZG,1973,
AND,FP.CPI.TOTL.ZG,1972,
AND,FP.CPI.TOTL.ZG,1971,
AND,FP.CPI.TOTL.ZG,1970,
AND,FP.CPI.TOTL.ZG,1969,
AND,FP.CPI.TOTL.ZG,1968,
AND,FP.CPI.TOTL.ZG,1967,
AND,FP.CPI.TOTL.ZG,1966,
AND,FP.CPI.TOTL.ZG,1965,
AND,FP.CPI.TOTL.ZG,1964,
AND,FP.CPI.TOTL.ZG,1963,
AND,FP.CPI.TOTL.ZG,1962,
AND,FP.CPI.TOTL.ZG,1961,
AND,FP.CPI.TOTL.ZG,1960,
AGO,FP.CPI.TOTL.ZG,2025,
AGO,FP.CPI.TOTL.ZG,2024,28.2404948915772
AGO,FP.CPI.TOTL.ZG,2023,13.6441017767715
AGO,FP.CPI.TOTL.ZG,2022,21.3552901320822
AGO,FP.CPI.TOTL.ZG,2021,25.7542948841891
AGO,FP.CPI.TOTL.ZG,2020,22.271539247051
AGO,FP.CPI.TOTL.ZG,2019,17.080954143438
AGO,FP.CPI.TOTL.ZG,2018,19.6289379701521
AGO,FP.CPI.TOTL.ZG,2017,29.8444799015679
AGO,FP.CPI.TOTL.ZG,2016,30.6944150806719
AGO,FP.CPI.TOTL.ZG,2015,9.35597215533784
AGO,FP.CPI.TOTL.ZG,2014,7.28038730361121
AGO,FP.CPI.TOTL.ZG,2013,8.77781429332624
AGO,FP.CPI.TOTL.ZG,2012,10.2779049218839
AGO,FP.CPI.TOTL.ZG,2011,13.4824679218511
AGO,FP.CPI.TOTL.ZG,2010,14.4696564932577
AGO,FP.CPI.TOTL.ZG,2009,13.7302839288408
AGO,FP.CPI.TOTL.ZG,2008,12.4758291326398
AGO,FP.CPI.TOTL.ZG,2007,12.2514974459487
AGO,FP.CPI.TOTL.ZG,2006,13.3052101780032
AGO,FP.CPI.TOTL.ZG,2005,22.953513851394
AGO,FP.CPI.TOTL.ZG,2004,43.5421067519687
AGO,FP.CPI.TOTL.ZG,2003,98.2241436573304
AGO,FP.CPI.TOTL.ZG,2002,108.897436089429
AGO,FP.CPI.TOTL.ZG,2001,152.561022469299
AGO,FP.CPI.TOTL.ZG,2000,324.996871601321
AGO,FP.CPI.TOTL.ZG,1999,248.195902412868
AGO,FP.CPI.TOTL.ZG,1998,107.284821528298
AGO,FP.CPI.TOTL.ZG,1997,219.176721172974
AGO,FP.CPI.TOTL.ZG,1996,4145.10598220638
AGO,FP.CPI.TOTL.ZG,1995,2666.45059288538
AGO,FP.CPI.TOTL.ZG,1994,949.792531120332
AGO,FP.CPI.TOTL.ZG,1993,1378.52760736196
AGO,FP.CPI.TOTL.ZG,1992,299.509803921569
AGO,FP.CPI.TOTL.ZG,1991,83.7837837837838
AGO,FP.CPI.TOTL.ZG,1990,
AGO,FP.CPI.TOTL.ZG,1989,
AGO,FP.CPI.TOTL.ZG,1988,
AGO,FP.CPI.TOTL.ZG,1987,
AGO,FP.CPI.TOTL.ZG,1986,
AGO,FP.CPI.TOTL.ZG,1985,
AGO,FP.CPI.TOTL.ZG,1984,
AGO,FP.CPI.TOTL.ZG,1983,
AGO,FP.CPI.TOTL.ZG,1982,
AGO,FP.CPI.TOTL.ZG,1981,
AGO,FP.CPI.TOTL.ZG,1980,
AGO,FP.CPI.TOTL.ZG,1979,
AGO,FP.CPI.TOTL.ZG,1978,
AGO,FP.CPI.TOTL.ZG,1977,
AGO,FP.CPI.TOTL.ZG,1976,
AGO,FP.CPI.TOTL.ZG,1975,
AGO,FP.CPI.TOTL.ZG,1974,
AGO,FP.CPI.TOTL.ZG,1973,
AGO,FP.CPI.TOTL.ZG,1972,
AGO,FP.CPI.TOTL.ZG,1971,
AGO,FP.CPI.TOTL.ZG,1970,
AGO,FP.CPI.TOTL.ZG,1969,
AGO,FP.CPI.TOTL.ZG,1968,
AGO,FP.CPI.TOTL.ZG,1967,
AGO,FP.CPI.TOTL.ZG,1966,
AGO,FP.CPI.TOTL.ZG,1965,
AGO,FP.CPI.TOTL.ZG,1964,
AGO,FP.CPI.TOTL.ZG,1963,
AGO,FP.CPI.TOTL.ZG,1962,
AGO,FP.CPI.TOTL.ZG,1961,
AGO,FP.CPI.TOTL.ZG,1960,
ATG,FP.CPI.TOTL.ZG,2025,
ATG,FP.CPI.TOTL.ZG,2024,6.19886698842116
ATG,FP.CPI.TOTL.ZG,2023,5.06713865364213
ATG,FP.CPI.TOTL.ZG,2022,7.53107834634288
ATG,FP.CPI.TOTL.ZG,2021,2.06299638545334
ATG,FP.CPI.TOTL.ZG,2020,0.625989707046719
ATG,FP.CPI.TOTL.ZG,2019,1.43135598182984
ATG,FP.CPI.TOTL.ZG,2018,1.20715793367008
ATG,FP.CPI.TOTL.ZG,2017,2.43248789041363
ATG,FP.CPI.TOTL.ZG,2016,-0.489437796230499
ATG,FP.CPI.TOTL.ZG,2015,0.968993458825638
ATG,FP.CPI.TOTL.ZG,2014,1.08944157435355
ATG,FP.CPI.TOTL.ZG,2013,1.05949782356169
ATG,FP.CPI.TOTL.ZG,2012,3.37688044338874
ATG,FP.CPI.TOTL.ZG,2011,3.4567496723461
ATG,FP.CPI.TOTL.ZG,2010,3.37002540220148
ATG,FP.CPI.TOTL.ZG,2009,-0.550159995508914
ATG,FP.CPI.TOTL.ZG,2008,5.33380639820233
ATG,FP.CPI.TOTL.ZG,2007,1.41605259409741
ATG,FP.CPI.TOTL.ZG,2006,1.78778537419121
ATG,FP.CPI.TOTL.ZG,2005,2.09875196709308
ATG,FP.CPI.TOTL.ZG,2004,2.03007757853236
ATG,FP.CPI.TOTL.ZG,2003,1.99353055152454
ATG,FP.CPI.TOTL.ZG,2002,2.40765801293491
ATG,FP.CPI.TOTL.ZG,2001,1.40279663573988
ATG,FP.CPI.TOTL.ZG,2000,0.77177979690018
ATG,FP.CPI.TOTL.ZG,1999,1.12128789571146
ATG,FP.CPI.TOTL.ZG,1998,
ATG,FP.CPI.TOTL.ZG,1997,
ATG,FP.CPI.TOTL.ZG,1996,
ATG,FP.CPI.TOTL.ZG,1995,
ATG,FP.CPI.TOTL.ZG,1994,
ATG,FP.CPI.TOTL.ZG,1993,
ATG,FP.CPI.TOTL.ZG,1992,
ATG,FP.CPI.TOTL.ZG,1991,
ATG,FP.CPI.TOTL.ZG,1990,
ATG,FP.CPI.TOTL.ZG,1989,
ATG,FP.CPI.TOTL.ZG,1988,
ATG,FP.CPI.TOTL.ZG,1987,
ATG,FP.CPI.TOTL.ZG,1986,
ATG,FP.CPI.TOTL.ZG,1985,
ATG,FP.CPI.TOTL.ZG,1984,
ATG,FP.CPI.TOTL.ZG,1983,
ATG,FP.CPI.TOTL.ZG,1982,
ATG,FP.CPI.TOTL.ZG,1981,
ATG,FP.CPI.TOTL.ZG,1980,
ATG,FP.CPI.TOTL.ZG,1979,
ATG,FP.CPI.TOTL.ZG,1978,
ATG,FP.CPI.TOTL.ZG,1977,
ATG,FP.CPI.TOTL.ZG,1976,
ATG,FP.CPI.TOTL.ZG,1975,
ATG,FP.CPI.TOTL.ZG,1974,
ATG,FP.CPI.TOTL.ZG,1973,
ATG,FP.CPI.TOTL.ZG,1972,
ATG,FP.CPI.TOTL.ZG,1971,
ATG,FP.CPI.TOTL.ZG,1970,
ATG,FP.CPI.TOTL.ZG,1969,
ATG,FP.CPI.TOTL.ZG,1968,
ATG,FP.CPI.TOTL.ZG,1967,
ATG,FP.CPI.TOTL.ZG,1966,
ATG,FP.CPI.TOTL.ZG,1965,
ATG,FP.CPI.TOTL.ZG,1964,
ATG,FP.CPI.TOTL.ZG,1963,
ATG,FP.CPI.TOTL.ZG,1962,
ATG,FP.CPI.TOTL.ZG,1961,
ATG,FP.CPI.TOTL.ZG,1960,
ARG,FP.CPI.TOTL.ZG,2025,
ARG,FP.CPI.TOTL.ZG,2024,219.883929014578
ARG,FP.CPI.TOTL.ZG,2023,133.488935594175
ARG,FP.CPI.TOTL.ZG,2022,72.430757531824
ARG,FP.CPI.TOTL.ZG,2021,48.4093786255199
ARG,FP.CPI.TOTL.ZG,2020,42.0150947376509
ARG,FP.CPI.TOTL.ZG,2019,53.5483043492339
ARG,FP.CPI.TOTL.ZG,2018,34.2772237131003
ARG,FP.CPI.TOTL.ZG,2017,
ARG,FP.CPI.TOTL.ZG,2016,
ARG,FP.CPI.TOTL.ZG,2015,
ARG,FP.CPI.TOTL.ZG,2014,
ARG,FP.CPI.TOTL.ZG,2013,
ARG,FP.CPI.TOTL.ZG,2012,
ARG,FP.CPI.TOTL.ZG,2011,
ARG,FP.CPI.TOTL.ZG,2010,
ARG,FP.CPI.TOTL.ZG,2009,
ARG,FP.CPI.TOTL.ZG,2008,
ARG,FP.CPI.TOTL.ZG,2007,
ARG,FP.CPI.TOTL.ZG,2006,
ARG,FP.CPI.TOTL.ZG,2005,
ARG,FP.CPI.TOTL.ZG,2004,
ARG,FP.CPI.TOTL.ZG,2003,
ARG,FP.CPI.TOTL.ZG,2002,
ARG,FP.CPI.TOTL.ZG,2001,
ARG,FP.CPI.TOTL.ZG,2000,
ARG,FP.CPI.TOTL.ZG,1999,
ARG,FP.CPI.TOTL.ZG,1998,
ARG,FP.CPI.TOTL.ZG,1997,
ARG,FP.CPI.TOTL.ZG,1996,
ARG,FP.CPI.TOTL.ZG,1995,
ARG,FP.CPI.TOTL.ZG,1994,
ARG,FP.CPI.TOTL.ZG,1993,
ARG,FP.CPI.TOTL.ZG,1992,
ARG,FP.CPI.TOTL.ZG,1991,
ARG,FP.CPI.TOTL.ZG,1990,
ARG,FP.CPI.TOTL.ZG,1989,
ARG,FP.CPI.TOTL.ZG,1988,
ARG,FP.CPI.TOTL.ZG,1987,
ARG,FP.CPI.TOTL.ZG,1986,
ARG,FP.CPI.TOTL.ZG,1985,
ARG,FP.CPI.TOTL.ZG,1984,
ARG,FP.CPI.TOTL.ZG,1983,
ARG,FP.CPI.TOTL.ZG,1982,
ARG,FP.CPI.TOTL.ZG,1981,
ARG,FP.CPI.TOTL.ZG,1980,
ARG,FP.CPI.TOTL.ZG,1979,
ARG,FP.CPI.TOTL.ZG,1978,
ARG,FP.CPI.TOTL.ZG,1977,
ARG,FP.CPI.TOTL.ZG,1976,
ARG,FP.CPI.TOTL.ZG,1975,
ARG,FP.CPI.TOTL.ZG,1974,
ARG,FP.CPI.TOTL.ZG,1973,
ARG,FP.CPI.TOTL.ZG,1972,
ARG,FP.CPI.TOTL.ZG,1971,
ARG,FP.CPI.TOTL.ZG,1970,
ARG,FP.CPI.TOTL.ZG,1969,
ARG,FP.CPI.TOTL.ZG,1968,
ARG,FP.CPI.TOTL.ZG,1967,
ARG,FP.CPI.TOTL.ZG,1966,
ARG,FP.CPI.TOTL.ZG,1965,
ARG,FP.CPI.TOTL.ZG,1964,
ARG,FP.CPI.TOTL.ZG,1963,
ARG,FP.CPI.TOTL.ZG,1962,
ARG,FP.CPI.TOTL.ZG,1961,
ARG,FP.CPI.TOTL.ZG,1960,
ARM,FP.CPI.TOTL.ZG,2025,
ARM,FP.CPI.TOTL.ZG,2024,0.269511978259125
ARM,FP.CPI.TOTL.ZG,2023,1.98041877615554
ARM,FP.CPI.TOTL.ZG,2022,8.64091108973855
ARM,FP.CPI.TOTL.ZG,2021,7.18483629443371
ARM,FP.CPI.TOTL.ZG,2020,1.21143577838465
ARM,FP.CPI.TOTL.ZG,2019,1.44344660770698
ARM,FP.CPI.TOTL.ZG,2018,2.52023382001638
ARM,FP.CPI.TOTL.ZG,2017,0.969553268816138
ARM,FP.CPI.TOTL.ZG,2016,-1.403607559009
ARM,FP.CPI.TOTL.ZG,2015,3.73169119261693
ARM,FP.CPI.TOTL.ZG,2014,2.98130868933672
ARM,FP.CPI.TOTL.ZG,2013,5.78966778544651
ARM,FP.CPI.TOTL.ZG,2012,2.55802007757907
ARM,FP.CPI.TOTL.ZG,2011,7.65000807859294
ARM,FP.CPI.TOTL.ZG,2010,8.17636138473952
ARM,FP.CPI.TOTL.ZG,2009,3.40676682683801
ARM,FP.CPI.TOTL.ZG,2008,8.94995335353387
ARM,FP.CPI.TOTL.ZG,2007,4.40736089644516
ARM,FP.CPI.TOTL.ZG,2006,2.89235662459004
ARM,FP.CPI.TOTL.ZG,2005,0.638928002410097
ARM,FP.CPI.TOTL.ZG,2004,6.96126135875795
ARM,FP.CPI.TOTL.ZG,2003,4.7215533660534
ARM,FP.CPI.TOTL.ZG,2002,1.06004929341667
ARM,FP.CPI.TOTL.ZG,2001,3.1459046468502
ARM,FP.CPI.TOTL.ZG,2000,-0.790883768934757
ARM,FP.CPI.TOTL.ZG,1999,0.648245760470385
ARM,FP.CPI.TOTL.ZG,1998,8.67248632385158
ARM,FP.CPI.TOTL.ZG,1997,13.960764121791
ARM,FP.CPI.TOTL.ZG,1996,18.681185640036
ARM,FP.CPI.TOTL.ZG,1995,175.951325534583
ARM,FP.CPI.TOTL.ZG,1994,3373.75944336293
ARM,FP.CPI.TOTL.ZG,1993,
ARM,FP.CPI.TOTL.ZG,1992,
ARM,FP.CPI.TOTL.ZG,1991,
ARM,FP.CPI.TOTL.ZG,1990,
ARM,FP.CPI.TOTL.ZG,1989,
ARM,FP.CPI.TOTL.ZG,1988,
ARM,FP.CPI.TOTL.ZG,1987,
ARM,FP.CPI.TOTL.ZG,1986,
ARM,FP.CPI.TOTL.ZG,1985,
ARM,FP.CPI.TOTL.ZG,1984,
ARM,FP.CPI.TOTL.ZG,1983,
ARM,FP.CPI.TOTL.ZG,1982,
ARM,FP.CPI.TOTL.ZG,1981,
ARM,FP.CPI.TOTL.ZG,1980,
ARM,FP.CPI.TOTL.ZG,1979,
ARM,FP.CPI.TOTL.ZG,1978,
ARM,FP.CPI.TOTL.ZG,1977,
ARM,FP.CPI.TOTL.ZG,1976,
ARM,FP.CPI.TOTL.ZG,1975,
ARM,FP.CPI.TOTL.ZG,1974,
ARM,FP.CPI.TOTL.ZG,1973,
ARM,FP.CPI.TOTL.ZG,1972,
ARM,FP.CPI.TOTL.ZG,1971,
ARM,FP.CPI.TOTL.ZG,1970,
ARM,FP.CPI.TOTL.ZG,1969,
ARM,FP.CPI.TOTL.ZG,1968,
ARM,FP.CPI.TOTL.ZG,1967,
ARM,FP.CPI.TOTL.ZG,1966,
ARM,FP.CPI.TOTL.ZG,1965,
ARM,FP.CPI.TOTL.ZG,1964,
ARM,FP.CPI.TOTL.ZG,1963,
ARM,FP.CPI.TOTL.ZG,1962,
ARM,FP.CPI.TOTL.ZG,1961,
ARM,FP.CPI.TOTL.ZG,1960,
ABW,FP.CPI.TOTL.ZG,2025,
ABW,FP.CPI.TOTL.ZG,2024,
ABW,FP.CPI.TOTL.ZG,2023,
ABW,FP.CPI.TOTL.ZG,2022,
ABW,FP.CPI.TOTL.ZG,2021,
ABW,FP.CPI.TOTL.ZG,2020,
ABW,FP.CPI.TOTL.ZG,2019,4.25746204335428
ABW,FP.CPI.TOTL.ZG,2018,3.62604141352961
ABW,FP.CPI.TOTL.ZG,2017,-1.02828178762012
ABW,FP.CPI.TOTL.ZG,2016,-0.931195987079561
ABW,FP.CPI.TOTL.ZG,2015,0.474763597342641
ABW,FP.CPI.TOTL.ZG,2014,0.421440918881214
ABW,FP.CPI.TOTL.ZG,2013,-2.37206524252261
ABW,FP.CPI.TOTL.ZG,2012,0.627471992893373
ABW,FP.CPI.TOTL.ZG,2011,4.31629742195203
ABW,FP.CPI.TOTL.ZG,2010,2.07814071860787
ABW,FP.CPI.TOTL.ZG,2009,-2.13542872046937
ABW,FP.CPI.TOTL.ZG,2008,8.95598705177784
ABW,FP.CPI.TOTL.ZG,2007,5.39256784475517
ABW,FP.CPI.TOTL.ZG,2006,3.60802438784541
ABW,FP.CPI.TOTL.ZG,2005,3.39778677828806
ABW,FP.CPI.TOTL.ZG,2004,2.52912946932762
ABW,FP.CPI.TOTL.ZG,2003,3.65636507938418
ABW,FP.CPI.TOTL.ZG,2002,3.31524678585423
ABW,FP.CPI.TOTL.ZG,2001,2.88360430316264
ABW,FP.CPI.TOTL.ZG,2000,4.04402131190513
ABW,FP.CPI.TOTL.ZG,1999,2.28037198258753
ABW,FP.CPI.TOTL.ZG,1998,1.86948853615541
ABW,FP.CPI.TOTL.ZG,1997,2.99994809778412
ABW,FP.CPI.TOTL.ZG,1996,3.22528797213979
ABW,FP.CPI.TOTL.ZG,1995,3.36139107320899
ABW,FP.CPI.TOTL.ZG,1994,6.3110797127044
ABW,FP.CPI.TOTL.ZG,1993,5.2155599603571
ABW,FP.CPI.TOTL.ZG,1992,3.8733753699648
ABW,FP.CPI.TOTL.ZG,1991,5.55555555555579
ABW,FP.CPI.TOTL.ZG,1990,5.83668775158166
ABW,FP.CPI.TOTL.ZG,1989,3.99162804604575
ABW,FP.CPI.TOTL.ZG,1988,3.12186849610723
ABW,FP.CPI.TOTL.ZG,1987,3.64304545817706
ABW,FP.CPI.TOTL.ZG,1986,1.07396640826829
ABW,FP.CPI.TOTL.ZG,1985,4.03225805628628
ABW,FP.CPI.TOTL.ZG,1984,
ABW,FP.CPI.TOTL.ZG,1983,
ABW,FP.CPI.TOTL.ZG,1982,
ABW,FP.CPI.TOTL.ZG,1981,
ABW,FP.CPI.TOTL.ZG,1980,
ABW,FP.CPI.TOTL.ZG,1979,
ABW,FP.CPI.TOTL.ZG,1978,
ABW,FP.CPI.TOTL.ZG,1977,
ABW,FP.CPI.TOTL.ZG,1976,
ABW,FP.CPI.TOTL.ZG,1975,
ABW,FP.CPI.TOTL.ZG,1974,
ABW,FP.CPI.TOTL.ZG,1973,
ABW,FP.CPI.TOTL.ZG,1972,
ABW,FP.CPI.TOTL.ZG,1971,
ABW,FP.CPI.TOTL.ZG,1970,
ABW,FP.CPI.TOTL.ZG,1969,
ABW,FP.CPI.TOTL.ZG,1968,
ABW,FP.CPI.TOTL.ZG,1967,
ABW,FP.CPI.TOTL.ZG,1966,
ABW,FP.CPI.TOTL.ZG,1965,
ABW,FP.CPI.TOTL.ZG,1964,
ABW,FP.CPI.TOTL.ZG,1963,
ABW,FP.CPI.TOTL.ZG,1962,
ABW,FP.CPI.TOTL.ZG,1961,
ABW,FP.CPI.TOTL.ZG,1960,
AUS,FP.CPI.TOTL.ZG,2025,
AUS,FP.CPI.TOTL.ZG,2024,3.1616142830575
AUS,FP.CPI.TOTL.ZG,2023,5.5970149253731
AUS,FP.CPI.TOTL.ZG,2022,6.59409671341846
AUS,FP.CPI.TOTL.ZG,2021,2.86391042204994
AUS,FP.CPI.TOTL.ZG,2020,0.846905537459305
AUS,FP.CPI.TOTL.ZG,2019,1.61076787290379
AUS,FP.CPI.TOTL.ZG,2018,1.91140094445691
AUS,FP.CPI.TOTL.ZG,2017,1.94864740944527
AUS,FP.CPI.TOTL.ZG,2016,1.27699094497324
AUS,FP.CPI.TOTL.ZG,2015,1.50836672165921
AUS,FP.CPI.TOTL.ZG,2014,2.48792270531404
AUS,FP.CPI.TOTL.ZG,2013,2.4498886414254
AUS,FP.CPI.TOTL.ZG,2012,1.76278015613196
AUS,FP.CPI.TOTL.ZG,2011,3.3038501560874
AUS,FP.CPI.TOTL.ZG,2010,2.91834002677376
AUS,FP.CPI.TOTL.ZG,2009,1.77111716621254
AUS,FP.CPI.TOTL.ZG,2008,4.35029854990048
AUS,FP.CPI.TOTL.ZG,2007,2.32761128891476
AUS,FP.CPI.TOTL.ZG,2006,3.55528773727026
AUS,FP.CPI.TOTL.ZG,2005,2.69183168316832
AUS,FP.CPI.TOTL.ZG,2004,2.34325522482583
AUS,FP.CPI.TOTL.ZG,2003,2.73259596616786
AUS,FP.CPI.TOTL.ZG,2002,2.98157453936348
AUS,FP.CPI.TOTL.ZG,2001,4.40713536201469
AUS,FP.CPI.TOTL.ZG,2000,4.45743514797224
AUS,FP.CPI.TOTL.ZG,1999,1.48312940304041
AUS,FP.CPI.TOTL.ZG,1998,0.860134629768142
AUS,FP.CPI.TOTL.ZG,1997,0.224887556221887
AUS,FP.CPI.TOTL.ZG,1996,2.61538461538461
AUS,FP.CPI.TOTL.ZG,1995,4.62776659959759
AUS,FP.CPI.TOTL.ZG,1994,1.96963479688141
AUS,FP.CPI.TOTL.ZG,1993,1.75365344467641
AUS,FP.CPI.TOTL.ZG,1992,1.01223112610714
AUS,FP.CPI.TOTL.ZG,1991,3.17667536988685
AUS,FP.CPI.TOTL.ZG,1990,7.33302195235872
AUS,FP.CPI.TOTL.ZG,1989,7.53390256152688
AUS,FP.CPI.TOTL.ZG,1988,7.21593968766828
AUS,FP.CPI.TOTL.ZG,1987,8.53302162478083
AUS,FP.CPI.TOTL.ZG,1986,9.05035054174634
AUS,FP.CPI.TOTL.ZG,1985,6.734693877551
AUS,FP.CPI.TOTL.ZG,1984,3.96039603960396
AUS,FP.CPI.TOTL.ZG,1983,10.0389105058366
AUS,FP.CPI.TOTL.ZG,1982,11.3518197573657
AUS,FP.CPI.TOTL.ZG,1981,9.48766603415561
AUS,FP.CPI.TOTL.ZG,1980,10.1358411703239
AUS,FP.CPI.TOTL.ZG,1979,9.12200684150515
AUS,FP.CPI.TOTL.ZG,1978,8.0049261083744
AUS,FP.CPI.TOTL.ZG,1977,12.3098201936376
AUS,FP.CPI.TOTL.ZG,1976,13.3228840125392
AUS,FP.CPI.TOTL.ZG,1975,15.1624548736462
AUS,FP.CPI.TOTL.ZG,1974,15.4166666666666
AUS,FP.CPI.TOTL.ZG,1973,9.09090909090915
AUS,FP.CPI.TOTL.ZG,1972,6.02409638554213
AUS,FP.CPI.TOTL.ZG,1971,6.13810741687984
AUS,FP.CPI.TOTL.ZG,1970,3.43915343915341
AUS,FP.CPI.TOTL.ZG,1969,3.27868852459016
AUS,FP.CPI.TOTL.ZG,1968,2.52100840336134
AUS,FP.CPI.TOTL.ZG,1967,3.47826086956522
AUS,FP.CPI.TOTL.ZG,1966,3.29341317365269
AUS,FP.CPI.TOTL.ZG,1965,3.40557275541795
AUS,FP.CPI.TOTL.ZG,1964,2.86624203821656
AUS,FP.CPI.TOTL.ZG,1963,0.641025641025652
AUS,FP.CPI.TOTL.ZG,1962,-0.319488817891379
AUS,FP.CPI.TOTL.ZG,1961,2.28758169934641
AUS,FP.CPI.TOTL.ZG,1960,3.72881355932203
AUT,FP.CPI.TOTL.ZG,2025,
AUT,FP.CPI.TOTL.ZG,2024,2.93791574279383
AUT,FP.CPI.TOTL.ZG,2023,7.81413417002832
AUT,FP.CPI.TOTL.ZG,2022,8.5468699318845
AUT,FP.CPI.TOTL.ZG,2021,2.7666666666667
AUT,FP.CPI.TOTL.ZG,2020,1.38191063351862
AUT,FP.CPI.TOTL.ZG,2019,1.53089564152644
AUT,FP.CPI.TOTL.ZG,2018,1.9983798142954
AUT,FP.CPI.TOTL.ZG,2017,2.08126911385587
AUT,FP.CPI.TOTL.ZG,2016,0.891591752655362
AUT,FP.CPI.TOTL.ZG,2015,0.89656333526032
AUT,FP.CPI.TOTL.ZG,2014,1.60581182954474
AUT,FP.CPI.TOTL.ZG,2013,2.00015616900597
AUT,FP.CPI.TOTL.ZG,2012,2.48567562177015
AUT,FP.CPI.TOTL.ZG,2011,3.2865791487538
AUT,FP.CPI.TOTL.ZG,2010,1.81353438995062
AUT,FP.CPI.TOTL.ZG,2009,0.506308827696515
AUT,FP.CPI.TOTL.ZG,2008,3.21595033239886
AUT,FP.CPI.TOTL.ZG,2007,2.16855528800749
AUT,FP.CPI.TOTL.ZG,2006,1.4415485111902
AUT,FP.CPI.TOTL.ZG,2005,2.29913785639285
AUT,FP.CPI.TOTL.ZG,2004,2.06120618032862
AUT,FP.CPI.TOTL.ZG,2003,1.35555370896452
AUT,FP.CPI.TOTL.ZG,2002,1.81035787764127
AUT,FP.CPI.TOTL.ZG,2001,2.65000077279528
AUT,FP.CPI.TOTL.ZG,2000,2.34486285357282
AUT,FP.CPI.TOTL.ZG,1999,0.568993765885568
AUT,FP.CPI.TOTL.ZG,1998,0.922467196680799
AUT,FP.CPI.TOTL.ZG,1997,1.30597857227693
AUT,FP.CPI.TOTL.ZG,1996,1.86097115760433
AUT,FP.CPI.TOTL.ZG,1995,2.24336631500905
AUT,FP.CPI.TOTL.ZG,1994,2.95340936761079
AUT,FP.CPI.TOTL.ZG,1993,3.63178524943176
AUT,FP.CPI.TOTL.ZG,1992,4.02084780038557
AUT,FP.CPI.TOTL.ZG,1991,3.33742703474788
AUT,FP.CPI.TOTL.ZG,1990,3.26187231878578
AUT,FP.CPI.TOTL.ZG,1989,2.56834829029372
AUT,FP.CPI.TOTL.ZG,1988,1.91571684671258
AUT,FP.CPI.TOTL.ZG,1987,1.4019527178397
AUT,FP.CPI.TOTL.ZG,1986,1.70544456731973
AUT,FP.CPI.TOTL.ZG,1985,3.18951681805193
AUT,FP.CPI.TOTL.ZG,1984,5.66318573909351
AUT,FP.CPI.TOTL.ZG,1983,3.33916453409534
AUT,FP.CPI.TOTL.ZG,1982,5.43603082512847
AUT,FP.CPI.TOTL.ZG,1981,6.80304177599257
AUT,FP.CPI.TOTL.ZG,1980,6.32832536226101
AUT,FP.CPI.TOTL.ZG,1979,3.7074009635341
AUT,FP.CPI.TOTL.ZG,1978,3.57431857551221
AUT,FP.CPI.TOTL.ZG,1977,5.49461568127666
AUT,FP.CPI.TOTL.ZG,1976,7.31868545106923
AUT,FP.CPI.TOTL.ZG,1975,8.44525863917974
AUT,FP.CPI.TOTL.ZG,1974,9.52178819742238
AUT,FP.CPI.TOTL.ZG,1973,7.53107803827116
AUT,FP.CPI.TOTL.ZG,1972,6.35514612686787
AUT,FP.CPI.TOTL.ZG,1971,4.70425813828696
AUT,FP.CPI.TOTL.ZG,1970,4.37282441582139
AUT,FP.CPI.TOTL.ZG,1969,3.08040419539532
AUT,FP.CPI.TOTL.ZG,1968,2.76486447339768
AUT,FP.CPI.TOTL.ZG,1967,3.97467292898832
AUT,FP.CPI.TOTL.ZG,1966,2.05482059257987
AUT,FP.CPI.TOTL.ZG,1965,4.93091637676269
AUT,FP.CPI.TOTL.ZG,1964,3.86856354936629
AUT,FP.CPI.TOTL.ZG,1963,2.70876699499833
AUT,FP.CPI.TOTL.ZG,1962,4.38179863851178
AUT,FP.CPI.TOTL.ZG,1961,3.54223986727557
AUT,FP.CPI.TOTL.ZG,1960,1.94574935198645
AZE,FP.CPI.TOTL.ZG,2025,
AZE,FP.CPI.TOTL.ZG,2024,2.21217188919901
AZE,FP.CPI.TOTL.ZG,2023,8.78543049849081
AZE,FP.CPI.TOTL.ZG,2022,13.8522590144267
AZE,FP.CPI.TOTL.ZG,2021,6.65029912708779
AZE,FP.CPI.TOTL.ZG,2020,2.75980947008127
AZE,FP.CPI.TOTL.ZG,2019,2.61057182799215
AZE,FP.CPI.TOTL.ZG,2018,2.26854690373999
AZE,FP.CPI.TOTL.ZG,2017,12.9359184187335
AZE,FP.CPI.TOTL.ZG,2016,12.4433748584372
AZE,FP.CPI.TOTL.ZG,2015,4.02768573742726
AZE,FP.CPI.TOTL.ZG,2014,1.37344181533176
AZE,FP.CPI.TOTL.ZG,2013,2.41571745279419
AZE,FP.CPI.TOTL.ZG,2012,1.06621339720303
AZE,FP.CPI.TOTL.ZG,2011,7.8583333333334
AZE,FP.CPI.TOTL.ZG,2010,5.72687224669605
AZE,FP.CPI.TOTL.ZG,2009,1.45704835970321
AZE,FP.CPI.TOTL.ZG,2008,20.8490871772712
AZE,FP.CPI.TOTL.ZG,2007,16.6997549618244
AZE,FP.CPI.TOTL.ZG,2006,8.3289248286321
AZE,FP.CPI.TOTL.ZG,2005,9.67950731917057
AZE,FP.CPI.TOTL.ZG,2004,6.70893042797784
AZE,FP.CPI.TOTL.ZG,2003,2.2338649296705
AZE,FP.CPI.TOTL.ZG,2002,2.7711647199827
AZE,FP.CPI.TOTL.ZG,2001,1.5471959015228
AZE,FP.CPI.TOTL.ZG,2000,1.80500303704356
AZE,FP.CPI.TOTL.ZG,1999,-8.52517000536064
AZE,FP.CPI.TOTL.ZG,1998,-0.772697886033167
AZE,FP.CPI.TOTL.ZG,1997,3.6743480968473
AZE,FP.CPI.TOTL.ZG,1996,19.7948028061898
AZE,FP.CPI.TOTL.ZG,1995,411.759641777268
AZE,FP.CPI.TOTL.ZG,1994,1662.21594875899
AZE,FP.CPI.TOTL.ZG,1993,1128.00002429404
AZE,FP.CPI.TOTL.ZG,1992,-10.6300971576201
AZE,FP.CPI.TOTL.ZG,1991,
AZE,FP.CPI.TOTL.ZG,1990,
AZE,FP.CPI.TOTL.ZG,1989,
AZE,FP.CPI.TOTL.ZG,1988,
AZE,FP.CPI.TOTL.ZG,1987,
AZE,FP.CPI.TOTL.ZG,1986,
AZE,FP.CPI.TOTL.ZG,1985,
AZE,FP.CPI.TOTL.ZG,1984,
AZE,FP.CPI.TOTL.ZG,1983,
AZE,FP.CPI.TOTL.ZG,1982,
AZE,FP.CPI.TOTL.ZG,1981,
AZE,FP.CPI.TOTL.ZG,1980,
AZE,FP.CPI.TOTL.ZG,1979,
AZE,FP.CPI.TOTL.ZG,1978,
AZE,FP.CPI.TOTL.ZG,1977,
AZE,FP.CPI.TOTL.ZG,1976,
AZE,FP.CPI.TOTL.ZG,1975,
AZE,FP.CPI.TOTL.ZG,1974,
AZE,FP.CPI.TOTL.ZG,1973,
AZE,FP.CPI.TOTL.ZG,1972,
AZE,FP.CPI.TOTL.ZG,1971,
AZE,FP.CPI.TOTL.ZG,1970,
AZE,FP.CPI.TOTL.ZG,1969,
AZE,FP.CPI.TOTL.ZG,1968,
AZE,FP.CPI.TOTL.ZG,1967,
AZE,FP.CPI.TOTL.ZG,1966,
AZE,FP.CPI.TOTL.ZG,1965,
AZE,FP.CPI.TOTL.ZG,1964,
AZE,FP.CPI.TOTL.ZG,1963,
AZE,FP.CPI.TOTL.ZG,1962,
AZE,FP.CPI.TOTL.ZG,1961,
AZE,FP.CPI.TOTL.ZG,1960,
BHS,FP.CPI.TOTL.ZG,2025,
BHS,FP.CPI.TOTL.ZG,2024,0.409162489083286
BHS,FP.CPI.TOTL.ZG,2023,3.05291578969743
BHS,FP.CPI.TOTL.ZG,2022,5.60540633583044
BHS,FP.CPI.TOTL.ZG,2021,2.90491262928478
BHS,FP.CPI.TOTL.ZG,2020,0.0385210980054558
BHS,FP.CPI.TOTL.ZG,2019,2.49123527368046
BHS,FP.CPI.TOTL.ZG,2018,2.26586346678736
BHS,FP.CPI.TOTL.ZG,2017,1.51820700736147
BHS,FP.CPI.TOTL.ZG,2016,-0.346376929989397
BHS,FP.CPI.TOTL.ZG,2015,1.86148302863371
BHS,FP.CPI.TOTL.ZG,2014,1.51375643050831
BHS,FP.CPI.TOTL.ZG,2013,0.722414784530551
BHS,FP.CPI.TOTL.ZG,2012,1.97336755976254
BHS,FP.CPI.TOTL.ZG,2011,3.1987814166032
BHS,FP.CPI.TOTL.ZG,2010,1.34402738392836
BHS,FP.CPI.TOTL.ZG,2009,2.06273473452682
BHS,FP.CPI.TOTL.ZG,2008,4.4895599537506
BHS,FP.CPI.TOTL.ZG,2007,2.49257794939396
BHS,FP.CPI.TOTL.ZG,2006,2.38982627439254
BHS,FP.CPI.TOTL.ZG,2005,1.59160618079802
BHS,FP.CPI.TOTL.ZG,2004,0.981914036757662
BHS,FP.CPI.TOTL.ZG,2003,3.02504526252236
BHS,FP.CPI.TOTL.ZG,2002,2.17357792508093
BHS,FP.CPI.TOTL.ZG,2001,2.04498977505121
BHS,FP.CPI.TOTL.ZG,2000,1.60632941740579
BHS,FP.CPI.TOTL.ZG,1999,1.2542482602363
BHS,FP.CPI.TOTL.ZG,1998,1.33661336613371
BHS,FP.CPI.TOTL.ZG,1997,0.544150383378688
BHS,FP.CPI.TOTL.ZG,1996,1.37913741223666
BHS,FP.CPI.TOTL.ZG,1995,2.06699495410042
BHS,FP.CPI.TOTL.ZG,1994,1.39933423745548
BHS,FP.CPI.TOTL.ZG,1993,2.72289766970591
BHS,FP.CPI.TOTL.ZG,1992,5.73819886173447
BHS,FP.CPI.TOTL.ZG,1991,7.11468120203628
BHS,FP.CPI.TOTL.ZG,1990,4.66931912018676
BHS,FP.CPI.TOTL.ZG,1989,5.38765822784807
BHS,FP.CPI.TOTL.ZG,1988,4.40241182786764
BHS,FP.CPI.TOTL.ZG,1987,5.75646401118136
BHS,FP.CPI.TOTL.ZG,1986,5.43378154356233
BHS,FP.CPI.TOTL.ZG,1985,4.60500963391135
BHS,FP.CPI.TOTL.ZG,1984,3.96634615384615
BHS,FP.CPI.TOTL.ZG,1983,3.99999999999994
BHS,FP.CPI.TOTL.ZG,1982,6.01262101667498
BHS,FP.CPI.TOTL.ZG,1981,11.1144984973891
BHS,FP.CPI.TOTL.ZG,1980,12.0978372310682
BHS,FP.CPI.TOTL.ZG,1979,9.09139326792413
BHS,FP.CPI.TOTL.ZG,1978,6.10907035899874
BHS,FP.CPI.TOTL.ZG,1977,3.1898763705574
BHS,FP.CPI.TOTL.ZG,1976,4.25583657583811
BHS,FP.CPI.TOTL.ZG,1975,10.3596349973051
BHS,FP.CPI.TOTL.ZG,1974,13.0718458387012
BHS,FP.CPI.TOTL.ZG,1973,5.48175416169897
BHS,FP.CPI.TOTL.ZG,1972,6.83081131902369
BHS,FP.CPI.TOTL.ZG,1971,4.61497182668251
BHS,FP.CPI.TOTL.ZG,1970,6.15209342130048
BHS,FP.CPI.TOTL.ZG,1969,8.93577412289434
BHS,FP.CPI.TOTL.ZG,1968,4.54103146287562
BHS,FP.CPI.TOTL.ZG,1967,5.43775649904798
BHS,FP.CPI.TOTL.ZG,1966,
BHS,FP.CPI.TOTL.ZG,1965,
BHS,FP.CPI.TOTL.ZG,1964,
BHS,FP.CPI.TOTL.ZG,1963,
BHS,FP.CPI.TOTL.ZG,1962,
BHS,FP.CPI.TOTL.ZG,1961,
BHS,FP.CPI.TOTL.ZG,1960,
BHR,FP.CPI.TOTL.ZG,2025,
BHR,FP.CPI.TOTL.ZG,2024,0.919635459817651
BHR,FP.CPI.TOTL.ZG,2023,0.0746206782192256
BHR,FP.CPI.TOTL.ZG,2022,3.62574104304482
BHR,FP.CPI.TOTL.ZG,2021,-0.60631938514085
BHR,FP.CPI.TOTL.ZG,2020,-2.31770629331379
BHR,FP.CPI.TOTL.ZG,2019,1.00582004702137
BHR,FP.CPI.TOTL.ZG,2018,2.08766938046978
BHR,FP.CPI.TOTL.ZG,2017,1.38671830576406
BHR,FP.CPI.TOTL.ZG,2016,2.78679347602044
BHR,FP.CPI.TOTL.ZG,2015,1.84862742374977
BHR,FP.CPI.TOTL.ZG,2014,2.64755321246189
BHR,FP.CPI.TOTL.ZG,2013,3.30001156888442
BHR,FP.CPI.TOTL.ZG,2012,2.75739669962979
BHR,FP.CPI.TOTL.ZG,2011,-0.40004069748808
BHR,FP.CPI.TOTL.ZG,2010,1.96188468334623
BHR,FP.CPI.TOTL.ZG,2009,2.79551283550412
BHR,FP.CPI.TOTL.ZG,2008,3.52600316363721
BHR,FP.CPI.TOTL.ZG,2007,3.25666666666703
BHR,FP.CPI.TOTL.ZG,2006,2.00746965452849
BHR,FP.CPI.TOTL.ZG,2005,2.58620689655173
BHR,FP.CPI.TOTL.ZG,2004,2.35294117647062
BHR,FP.CPI.TOTL.ZG,2003,1.59362549800787
BHR,FP.CPI.TOTL.ZG,2002,-0.495540138751154
BHR,FP.CPI.TOTL.ZG,2001,-1.20757180156659
BHR,FP.CPI.TOTL.ZG,2000,-0.70485295309079
BHR,FP.CPI.TOTL.ZG,1999,-1.2875879718491
BHR,FP.CPI.TOTL.ZG,1998,-0.366533864541774
BHR,FP.CPI.TOTL.ZG,1997,2.43155133955926
BHR,FP.CPI.TOTL.ZG,1996,-0.452227382530348
BHR,FP.CPI.TOTL.ZG,1995,2.70403475064704
BHR,FP.CPI.TOTL.ZG,1994,0.816910897759778
BHR,FP.CPI.TOTL.ZG,1993,2.53886010362695
BHR,FP.CPI.TOTL.ZG,1992,-0.172413793103312
BHR,FP.CPI.TOTL.ZG,1991,0.764419735927609
BHR,FP.CPI.TOTL.ZG,1990,0.929335437489093
BHR,FP.CPI.TOTL.ZG,1989,1.48589732182571
BHR,FP.CPI.TOTL.ZG,1988,0.303435966086578
BHR,FP.CPI.TOTL.ZG,1987,-1.7450017537706
BHR,FP.CPI.TOTL.ZG,1986,-2.2960932141956
BHR,FP.CPI.TOTL.ZG,1985,-2.6359693029697
BHR,FP.CPI.TOTL.ZG,1984,0.322399250235326
BHR,FP.CPI.TOTL.ZG,1983,2.97239915075073
BHR,FP.CPI.TOTL.ZG,1982,8.88571308471459
BHR,FP.CPI.TOTL.ZG,1981,11.3445968083975
BHR,FP.CPI.TOTL.ZG,1980,3.86952505941503
BHR,FP.CPI.TOTL.ZG,1979,2.20599195116767
BHR,FP.CPI.TOTL.ZG,1978,15.7855375941987
BHR,FP.CPI.TOTL.ZG,1977,17.7311208942373
BHR,FP.CPI.TOTL.ZG,1976,22.495766575964
BHR,FP.CPI.TOTL.ZG,1975,16.1597821153707
BHR,FP.CPI.TOTL.ZG,1974,24.3929983061798
BHR,FP.CPI.TOTL.ZG,1973,14.3318269849978
BHR,FP.CPI.TOTL.ZG,1972,5.08819538648815
BHR,FP.CPI.TOTL.ZG,1971,5.78947368498404
BHR,FP.CPI.TOTL.ZG,1970,1.62898127839351
BHR,FP.CPI.TOTL.ZG,1969,-0.19412763892392
BHR,FP.CPI.TOTL.ZG,1968,3.25732899024462
BHR,FP.CPI.TOTL.ZG,1967,4.2580982230929
BHR,FP.CPI.TOTL.ZG,1966,2.13447171852241
BHR,FP.CPI.TOTL.ZG,1965,
BHR,FP.CPI.TOTL.ZG,1964,
BHR,FP.CPI.TOTL.ZG,1963,
BHR,FP.CPI.TOTL.ZG,1962,
BHR,FP.CPI.TOTL.ZG,1961,
BHR,FP.CPI.TOTL.ZG,1960,
BGD,FP.CPI.TOTL.ZG,2025,
BGD,FP.CPI.TOTL.ZG,2024,10.4657482763412
BGD,FP.CPI.TOTL.ZG,2023,9.8835030377921
BGD,FP.CPI.TOTL.ZG,2022,7.69695437176898
BGD,FP.CPI.TOTL.ZG,2021,5.54565430773473
BGD,FP.CPI.TOTL.ZG,2020,5.69107474746211
BGD,FP.CPI.TOTL.ZG,2019,5.59199639930629
BGD,FP.CPI.TOTL.ZG,2018,5.54362139486476
BGD,FP.CPI.TOTL.ZG,2017,5.70207015717239
BGD,FP.CPI.TOTL.ZG,2016,5.51352572692995
BGD,FP.CPI.TOTL.ZG,2015,6.19428022984984
BGD,FP.CPI.TOTL.ZG,2014,6.99163889220849
BGD,FP.CPI.TOTL.ZG,2013,7.53040640913172
BGD,FP.CPI.TOTL.ZG,2012,6.21750422069284
BGD,FP.CPI.TOTL.ZG,2011,11.3951651552399
BGD,FP.CPI.TOTL.ZG,2010,8.12667639169917
BGD,FP.CPI.TOTL.ZG,2009,5.42347236174679
BGD,FP.CPI.TOTL.ZG,2008,8.90194489465154
BGD,FP.CPI.TOTL.ZG,2007,9.10698496905383
BGD,FP.CPI.TOTL.ZG,2006,6.76526117054757
BGD,FP.CPI.TOTL.ZG,2005,7.04661816222039
BGD,FP.CPI.TOTL.ZG,2004,7.5875363850469
BGD,FP.CPI.TOTL.ZG,2003,5.66870773441476
BGD,FP.CPI.TOTL.ZG,2002,3.33256493271913
BGD,FP.CPI.TOTL.ZG,2001,2.0071737421384
BGD,FP.CPI.TOTL.ZG,2000,2.20825620937535
BGD,FP.CPI.TOTL.ZG,1999,6.10669589841958
BGD,FP.CPI.TOTL.ZG,1998,8.40223795613228
BGD,FP.CPI.TOTL.ZG,1997,5.30560105668802
BGD,FP.CPI.TOTL.ZG,1996,2.37712902953223
BGD,FP.CPI.TOTL.ZG,1995,10.2978117947206
BGD,FP.CPI.TOTL.ZG,1994,5.31374007936498
BGD,FP.CPI.TOTL.ZG,1993,3.01481859989799
BGD,FP.CPI.TOTL.ZG,1992,3.63407691798491
BGD,FP.CPI.TOTL.ZG,1991,6.35736412278234
BGD,FP.CPI.TOTL.ZG,1990,6.12671846981458
BGD,FP.CPI.TOTL.ZG,1989,6.04547975596244
BGD,FP.CPI.TOTL.ZG,1988,7.41276595744666
BGD,FP.CPI.TOTL.ZG,1987,9.87469609126633
BGD,FP.CPI.TOTL.ZG,1986,
BGD,FP.CPI.TOTL.ZG,1985,
BGD,FP.CPI.TOTL.ZG,1984,
BGD,FP.CPI.TOTL.ZG,1983,
BGD,FP.CPI.TOTL.ZG,1982,
BGD,FP.CPI.TOTL.ZG,1981,
BGD,FP.CPI.TOTL.ZG,1980,
BGD,FP.CPI.TOTL.ZG,1979,
BGD,FP.CPI.TOTL.ZG,1978,
BGD,FP.CPI.TOTL.ZG,1977,
BGD,FP.CPI.TOTL.ZG,1976,
BGD,FP.CPI.TOTL.ZG,1975,
BGD,FP.CPI.TOTL.ZG,1974,
BGD,FP.CPI.TOTL.ZG,1973,
BGD,FP.CPI.TOTL.ZG,1972,
BGD,FP.CPI.TOTL.ZG,1971,
BGD,FP.CPI.TOTL.ZG,1970,
BGD,FP.CPI.TOTL.ZG,1969,
BGD,FP.CPI.TOTL.ZG,1968,
BGD,FP.CPI.TOTL.ZG,1967,
BGD,FP.CPI.TOTL.ZG,1966,
BGD,FP.CPI.TOTL.ZG,1965,
BGD,FP.CPI.TOTL.ZG,1964,
BGD,FP.CPI.TOTL.ZG,1963,
BGD,FP.CPI.TOTL.ZG,1962,
BGD,FP.CPI.TOTL.ZG,1961,
BGD,FP.CPI.TOTL.ZG,1960,
BRB,FP.CPI.TOTL.ZG,2025,
BRB,FP.CPI.TOTL.ZG,2024,-0.440112940205204
BRB,FP.CPI.TOTL.ZG,2023,9.79207077126447
BRB,FP.CPI.TOTL.ZG,2022,
BRB,FP.CPI.TOTL.ZG,2021,
BRB,FP.CPI.TOTL.ZG,2020,
BRB,FP.CPI.TOTL.ZG,2019,4.10028964518461
BRB,FP.CPI.TOTL.ZG,2018,3.67381410406801
BRB,FP.CPI.TOTL.ZG,2017,4.66018463955996
BRB,FP.CPI.TOTL.ZG,2016,1.28192813061895
BRB,FP.CPI.TOTL.ZG,2015,-1.11278992510967
BRB,FP.CPI.TOTL.ZG,2014,1.76950322089729
BRB,FP.CPI.TOTL.ZG,2013,1.81410436049105
BRB,FP.CPI.TOTL.ZG,2012,4.53334753888766
BRB,FP.CPI.TOTL.ZG,2011,9.43220240177221
BRB,FP.CPI.TOTL.ZG,2010,5.82421853311866
BRB,FP.CPI.TOTL.ZG,2009,3.64386189258334
BRB,FP.CPI.TOTL.ZG,2008,8.10810810810782
BRB,FP.CPI.TOTL.ZG,2007,4.03422982885071
BRB,FP.CPI.TOTL.ZG,2006,7.30766262828939
BRB,FP.CPI.TOTL.ZG,2005,6.08218729535043
BRB,FP.CPI.TOTL.ZG,2004,1.39442231075691
BRB,FP.CPI.TOTL.ZG,2003,1.61943319838055
BRB,FP.CPI.TOTL.ZG,2002,0.12524945805599
BRB,FP.CPI.TOTL.ZG,2001,2.57783490431289
BRB,FP.CPI.TOTL.ZG,2000,2.43581303489137
BRB,FP.CPI.TOTL.ZG,1999,1.56006240249605
BRB,FP.CPI.TOTL.ZG,1998,-1.26888660701212
BRB,FP.CPI.TOTL.ZG,1997,7.71053878969885
BRB,FP.CPI.TOTL.ZG,1996,2.38615222842325
BRB,FP.CPI.TOTL.ZG,1995,1.87886279357229
BRB,FP.CPI.TOTL.ZG,1994,0.0772043884602494
BRB,FP.CPI.TOTL.ZG,1993,1.11343933604485
BRB,FP.CPI.TOTL.ZG,1992,6.09389302994638
BRB,FP.CPI.TOTL.ZG,1991,6.25752663270021
BRB,FP.CPI.TOTL.ZG,1990,3.07457271078017
BRB,FP.CPI.TOTL.ZG,1989,6.19011406844121
BRB,FP.CPI.TOTL.ZG,1988,4.85885917814048
BRB,FP.CPI.TOTL.ZG,1987,3.31173110743255
BRB,FP.CPI.TOTL.ZG,1986,1.33006845161916
BRB,FP.CPI.TOTL.ZG,1985,3.91510525082794
BRB,FP.CPI.TOTL.ZG,1984,4.68579731185602
BRB,FP.CPI.TOTL.ZG,1983,5.23029878288839
BRB,FP.CPI.TOTL.ZG,1982,10.3324664370561
BRB,FP.CPI.TOTL.ZG,1981,14.5675632146886
BRB,FP.CPI.TOTL.ZG,1980,14.4305197203943
BRB,FP.CPI.TOTL.ZG,1979,13.1698355431799
BRB,FP.CPI.TOTL.ZG,1978,9.48238259101763
BRB,FP.CPI.TOTL.ZG,1977,8.35236969934998
BRB,FP.CPI.TOTL.ZG,1976,4.98676811113187
BRB,FP.CPI.TOTL.ZG,1975,20.294468762529
BRB,FP.CPI.TOTL.ZG,1974,38.922928087811
BRB,FP.CPI.TOTL.ZG,1973,16.8550818260213
BRB,FP.CPI.TOTL.ZG,1972,11.8766562275328
BRB,FP.CPI.TOTL.ZG,1971,7.46925566353863
BRB,FP.CPI.TOTL.ZG,1970,7.28421637368521
BRB,FP.CPI.TOTL.ZG,1969,5.83523186605494
BRB,FP.CPI.TOTL.ZG,1968,7.48874318687617
BRB,FP.CPI.TOTL.ZG,1967,3.63487515335757
BRB,FP.CPI.TOTL.ZG,1966,
BRB,FP.CPI.TOTL.ZG,1965,
BRB,FP.CPI.TOTL.ZG,1964,
BRB,FP.CPI.TOTL.ZG,1963,
BRB,FP.CPI.TOTL.ZG,1962,
BRB,FP.CPI.TOTL.ZG,1961,
BRB,FP.CPI.TOTL.ZG,1960,
BLR,FP.CPI.TOTL.ZG,2025,
BLR,FP.CPI.TOTL.ZG,2024,5.78531910427999
BLR,FP.CPI.TOTL.ZG,2023,5.00059903091313
BLR,FP.CPI.TOTL.ZG,2022,15.209675274081
BLR,FP.CPI.TOTL.ZG,2021,9.46028389623106
BLR,FP.CPI.TOTL.ZG,2020,5.54814357456511
BLR,FP.CPI.TOTL.ZG,2019,5.59815595039854
BLR,FP.CPI.TOTL.ZG,2018,4.8723022055069
BLR,FP.CPI.TOTL.ZG,2017,6.03183725177785
BLR,FP.CPI.TOTL.ZG,2016,11.8365807653496
BLR,FP.CPI.TOTL.ZG,2015,13.5344897649735
BLR,FP.CPI.TOTL.ZG,2014,18.1195543526734
BLR,FP.CPI.TOTL.ZG,2013,18.3122610377873
BLR,FP.CPI.TOTL.ZG,2012,59.2197360232518
BLR,FP.CPI.TOTL.ZG,2011,53.2286983118174
BLR,FP.CPI.TOTL.ZG,2010,7.735748043125
BLR,FP.CPI.TOTL.ZG,2009,12.9456563410401
BLR,FP.CPI.TOTL.ZG,2008,14.8378764828254
BLR,FP.CPI.TOTL.ZG,2007,8.42675273505309
BLR,FP.CPI.TOTL.ZG,2006,6.99712903535585
BLR,FP.CPI.TOTL.ZG,2005,10.3388794457932
BLR,FP.CPI.TOTL.ZG,2004,18.1082424937646
BLR,FP.CPI.TOTL.ZG,2003,28.3978399133474
BLR,FP.CPI.TOTL.ZG,2002,42.5375481348794
BLR,FP.CPI.TOTL.ZG,2001,61.1349331618476
BLR,FP.CPI.TOTL.ZG,2000,168.620235850934
BLR,FP.CPI.TOTL.ZG,1999,293.678750889773
BLR,FP.CPI.TOTL.ZG,1998,72.8697170535354
BLR,FP.CPI.TOTL.ZG,1997,63.9373663357478
BLR,FP.CPI.TOTL.ZG,1996,52.7120767531954
BLR,FP.CPI.TOTL.ZG,1995,709.346032118606
BLR,FP.CPI.TOTL.ZG,1994,2221.01656992039
BLR,FP.CPI.TOTL.ZG,1993,1190.22923349187
BLR,FP.CPI.TOTL.ZG,1992,
BLR,FP.CPI.TOTL.ZG,1991,
BLR,FP.CPI.TOTL.ZG,1990,
BLR,FP.CPI.TOTL.ZG,1989,
BLR,FP.CPI.TOTL.ZG,1988,
BLR,FP.CPI.TOTL.ZG,1987,
BLR,FP.CPI.TOTL.ZG,1986,
BLR,FP.CPI.TOTL.ZG,1985,
BLR,FP.CPI.TOTL.ZG,1984,
BLR,FP.CPI.TOTL.ZG,1983,
BLR,FP.CPI.TOTL.ZG,1982,
BLR,FP.CPI.TOTL.ZG,1981,
BLR,FP.CPI.TOTL.ZG,1980,
BLR,FP.CPI.TOTL.ZG,1979,
BLR,FP.CPI.TOTL.ZG,1978,
BLR,FP.CPI.TOTL.ZG,1977,
BLR,FP.CPI.TOTL.ZG,1976,
BLR,FP.CPI.TOTL.ZG,1975,
BLR,FP.CPI.TOTL.ZG,1974,
BLR,FP.CPI.TOTL.ZG,1973,
BLR,FP.CPI.TOTL.ZG,1972,
BLR,FP.CPI.TOTL.ZG,1971,
BLR,FP.CPI.TOTL.ZG,1970,
BLR,FP.CPI.TOTL.ZG,1969,
BLR,FP.CPI.TOTL.ZG,1968,
BLR,FP.CPI.TOTL.ZG,1967,
BLR,FP.CPI.TOTL.ZG,1966,
BLR,FP.CPI.TOTL.ZG,1965,
BLR,FP.CPI.TOTL.ZG,1964,
BLR,FP.CPI.TOTL.ZG,1963,
BLR,FP.CPI.TOTL.ZG,1962,
BLR,FP.CPI.TOTL.ZG,1961,
BLR,FP.CPI.TOTL.ZG,1960,
BEL,FP.CPI.TOTL.ZG,2025,
BEL,FP.CPI.TOTL.ZG,2024,3.14349136500041
BEL,FP.CPI.TOTL.ZG,2023,4.04901077613941
BEL,FP.CPI.TOTL.ZG,2022,9.597511728725
BEL,FP.CPI.TOTL.ZG,2021,2.44024851144084
BEL,FP.CPI.TOTL.ZG,2020,0.740791812220344
BEL,FP.CPI.TOTL.ZG,2019,1.43681956996429
BEL,FP.CPI.TOTL.ZG,2018,2.05316499865186
BEL,FP.CPI.TOTL.ZG,2017,2.12597086002607
BEL,FP.CPI.TOTL.ZG,2016,1.97385264653181
BEL,FP.CPI.TOTL.ZG,2015,0.561429152790065
BEL,FP.CPI.TOTL.ZG,2014,0.340002833356922
BEL,FP.CPI.TOTL.ZG,2013,1.1130959402754
BEL,FP.CPI.TOTL.ZG,2012,2.83966343445899
BEL,FP.CPI.TOTL.ZG,2011,3.53208210722742
BEL,FP.CPI.TOTL.ZG,2010,2.18929920422457
BEL,FP.CPI.TOTL.ZG,2009,-0.0531456741253769
BEL,FP.CPI.TOTL.ZG,2008,4.48944420508401
BEL,FP.CPI.TOTL.ZG,2007,1.82305630026808
BEL,FP.CPI.TOTL.ZG,2006,1.7912077007046
BEL,FP.CPI.TOTL.ZG,2005,2.78143263670022
BEL,FP.CPI.TOTL.ZG,2004,2.09728311239314
BEL,FP.CPI.TOTL.ZG,2003,1.5889639997038
BEL,FP.CPI.TOTL.ZG,2002,1.64521436175357
BEL,FP.CPI.TOTL.ZG,2001,2.46925823086078
BEL,FP.CPI.TOTL.ZG,2000,2.54451776190908
BEL,FP.CPI.TOTL.ZG,1999,1.12084823417845
BEL,FP.CPI.TOTL.ZG,1998,0.94925028835061
BEL,FP.CPI.TOTL.ZG,1997,1.62816049512958
BEL,FP.CPI.TOTL.ZG,1996,2.07702107350674
BEL,FP.CPI.TOTL.ZG,1995,1.46796699090272
BEL,FP.CPI.TOTL.ZG,1994,2.37754084476398
BEL,FP.CPI.TOTL.ZG,1993,2.75442643473461
BEL,FP.CPI.TOTL.ZG,1992,2.42795567164615
BEL,FP.CPI.TOTL.ZG,1991,3.2153106926081
BEL,FP.CPI.TOTL.ZG,1990,3.44831217961808
BEL,FP.CPI.TOTL.ZG,1989,3.10705065111094
BEL,FP.CPI.TOTL.ZG,1988,1.16093493415325
BEL,FP.CPI.TOTL.ZG,1987,1.55338261314948
BEL,FP.CPI.TOTL.ZG,1986,1.2943681910248
BEL,FP.CPI.TOTL.ZG,1985,4.86873399496944
BEL,FP.CPI.TOTL.ZG,1984,6.34177491009126
BEL,FP.CPI.TOTL.ZG,1983,7.66160983743883
BEL,FP.CPI.TOTL.ZG,1982,8.72654906555469
BEL,FP.CPI.TOTL.ZG,1981,7.62748656814276
BEL,FP.CPI.TOTL.ZG,1980,6.64868829655356
BEL,FP.CPI.TOTL.ZG,1979,4.46908394900479
BEL,FP.CPI.TOTL.ZG,1978,4.47059331592944
BEL,FP.CPI.TOTL.ZG,1977,7.09600059132598
BEL,FP.CPI.TOTL.ZG,1976,9.06860981054968
BEL,FP.CPI.TOTL.ZG,1975,12.7681985920515
BEL,FP.CPI.TOTL.ZG,1974,12.6778877513452
BEL,FP.CPI.TOTL.ZG,1973,6.95528008719914
BEL,FP.CPI.TOTL.ZG,1972,5.44843128438085
BEL,FP.CPI.TOTL.ZG,1971,4.34362854612092
BEL,FP.CPI.TOTL.ZG,1970,3.9084723847191
BEL,FP.CPI.TOTL.ZG,1969,3.75399229053284
BEL,FP.CPI.TOTL.ZG,1968,2.70144982931349
BEL,FP.CPI.TOTL.ZG,1967,2.73030268590907
BEL,FP.CPI.TOTL.ZG,1966,4.17434761852995
BEL,FP.CPI.TOTL.ZG,1965,4.06520137474643
BEL,FP.CPI.TOTL.ZG,1964,4.1687605856437
BEL,FP.CPI.TOTL.ZG,1963,2.14800341332202
BEL,FP.CPI.TOTL.ZG,1962,1.40460703543514
BEL,FP.CPI.TOTL.ZG,1961,0.992676260767339
BEL,FP.CPI.TOTL.ZG,1960,0.299467254769695
BLZ,FP.CPI.TOTL.ZG,2025,
BLZ,FP.CPI.TOTL.ZG,2024,3.28955985952768
BLZ,FP.CPI.TOTL.ZG,2023,4.38984017487675
BLZ,FP.CPI.TOTL.ZG,2022,6.27689319447544
BLZ,FP.CPI.TOTL.ZG,2021,3.23563659237071
BLZ,FP.CPI.TOTL.ZG,2020,0.121434644614894
BLZ,FP.CPI.TOTL.ZG,2019,0.187069385181424
BLZ,FP.CPI.TOTL.ZG,2018,0.269982622646335
BLZ,FP.CPI.TOTL.ZG,2017,1.14765339305816
BLZ,FP.CPI.TOTL.ZG,2016,0.663427167917601
BLZ,FP.CPI.TOTL.ZG,2015,-0.861584009427748
BLZ,FP.CPI.TOTL.ZG,2014,1.20139964481058
BLZ,FP.CPI.TOTL.ZG,2013,0.50974776898322
BLZ,FP.CPI.TOTL.ZG,2012,1.30058074547858
BLZ,FP.CPI.TOTL.ZG,2011,1.602056156402
BLZ,FP.CPI.TOTL.ZG,2010,0.917977378808888
BLZ,FP.CPI.TOTL.ZG,2009,-1.10431044864355
BLZ,FP.CPI.TOTL.ZG,2008,6.39443100250034
BLZ,FP.CPI.TOTL.ZG,2007,2.31808274642021
BLZ,FP.CPI.TOTL.ZG,2006,-7.11376771265014
BLZ,FP.CPI.TOTL.ZG,2005,-1.1043104441191
BLZ,FP.CPI.TOTL.ZG,2004,6.39443099742399
BLZ,FP.CPI.TOTL.ZG,2003,2.31808274663101
BLZ,FP.CPI.TOTL.ZG,2002,4.24026660688645
BLZ,FP.CPI.TOTL.ZG,2001,3.65141786561502
BLZ,FP.CPI.TOTL.ZG,2000,3.06743966930585
BLZ,FP.CPI.TOTL.ZG,1999,2.62139524582746
BLZ,FP.CPI.TOTL.ZG,1998,2.1952625003759
BLZ,FP.CPI.TOTL.ZG,1997,1.1490375676054
BLZ,FP.CPI.TOTL.ZG,1996,5.96502097537242
BLZ,FP.CPI.TOTL.ZG,1995,2.88961584372151
BLZ,FP.CPI.TOTL.ZG,1994,2.56934304644295
BLZ,FP.CPI.TOTL.ZG,1993,1.4725969469368
BLZ,FP.CPI.TOTL.ZG,1992,2.39670073025188
BLZ,FP.CPI.TOTL.ZG,1991,0.76195150080688
BLZ,FP.CPI.TOTL.ZG,1990,3.05907172995786
BLZ,FP.CPI.TOTL.ZG,1989,2.12765957446807
BLZ,FP.CPI.TOTL.ZG,1988,3.13888888888894
BLZ,FP.CPI.TOTL.ZG,1987,2.01190138849529
BLZ,FP.CPI.TOTL.ZG,1986,0.799771493858953
BLZ,FP.CPI.TOTL.ZG,1985,6.2371661180555
BLZ,FP.CPI.TOTL.ZG,1984,3.38289962863707
BLZ,FP.CPI.TOTL.ZG,1983,4.99609679980487
BLZ,FP.CPI.TOTL.ZG,1982,6.83903252716288
BLZ,FP.CPI.TOTL.ZG,1981,11.2244897960225
BLZ,FP.CPI.TOTL.ZG,1980,
BLZ,FP.CPI.TOTL.ZG,1979,
BLZ,FP.CPI.TOTL.ZG,1978,
BLZ,FP.CPI.TOTL.ZG,1977,
BLZ,FP.CPI.TOTL.ZG,1976,
BLZ,FP.CPI.TOTL.ZG,1975,
BLZ,FP.CPI.TOTL.ZG,1974,
BLZ,FP.CPI.TOTL.ZG,1973,
BLZ,FP.CPI.TOTL.ZG,1972,
BLZ,FP.CPI.TOTL.ZG,1971,
BLZ,FP.CPI.TOTL.ZG,1970,
BLZ,FP.CPI.TOTL.ZG,1969,
BLZ,FP.CPI.TOTL.ZG,1968,
BLZ,FP.CPI.TOTL.ZG,1967,
BLZ,FP.CPI.TOTL.ZG,1966,
BLZ,FP.CPI.TOTL.ZG,1965,
BLZ,FP.CPI.TOTL.ZG,1964,
BLZ,FP.CPI.TOTL.ZG,1963,
BLZ,FP.CPI.TOTL.ZG,1962,
BLZ,FP.CPI.TOTL.ZG,1961,
BLZ,FP.CPI.TOTL.ZG,1960,
BEN,FP.CPI.TOTL.ZG,2025,
BEN,FP.CPI.TOTL.ZG,2024,1.16093089640415
BEN,FP.CPI.TOTL.ZG,2023,2.73870078406075
BEN,FP.CPI.TOTL.ZG,2022,1.35077863583527
BEN,FP.CPI.TOTL.ZG,2021,1.73353962694036
BEN,FP.CPI.TOTL.ZG,2020,3.02272119663759
BEN,FP.CPI.TOTL.ZG,2019,0.732849371241066
BEN,FP.CPI.TOTL.ZG,2018,0.919170717886054
BEN,FP.CPI.TOTL.ZG,2017,0.0432648555103608
BEN,FP.CPI.TOTL.ZG,2016,-0.793310145785624
BEN,FP.CPI.TOTL.ZG,2015,0.218785923536245
BEN,FP.CPI.TOTL.ZG,2014,-0.548757550948181
BEN,FP.CPI.TOTL.ZG,2013,0.428888888888884
BEN,FP.CPI.TOTL.ZG,2012,6.74468253340712
BEN,FP.CPI.TOTL.ZG,2011,2.7042390774728
BEN,FP.CPI.TOTL.ZG,2010,2.20783532536524
BEN,FP.CPI.TOTL.ZG,2009,0.896072355749069
BEN,FP.CPI.TOTL.ZG,2008,7.94729876067854
BEN,FP.CPI.TOTL.ZG,2007,1.29806813334152
BEN,FP.CPI.TOTL.ZG,2006,3.78217696540375
BEN,FP.CPI.TOTL.ZG,2005,5.36452085832342
BEN,FP.CPI.TOTL.ZG,2004,0.8738908308685
BEN,FP.CPI.TOTL.ZG,2003,1.48724246145442
BEN,FP.CPI.TOTL.ZG,2002,2.48916235491541
BEN,FP.CPI.TOTL.ZG,2001,3.98429547767893
BEN,FP.CPI.TOTL.ZG,2000,4.16540442290283
BEN,FP.CPI.TOTL.ZG,1999,0.326722893396866
BEN,FP.CPI.TOTL.ZG,1998,5.75331458417064
BEN,FP.CPI.TOTL.ZG,1997,3.46629590564776
BEN,FP.CPI.TOTL.ZG,1996,4.91423972637201
BEN,FP.CPI.TOTL.ZG,1995,14.4625482180894
BEN,FP.CPI.TOTL.ZG,1994,38.5308661668538
BEN,FP.CPI.TOTL.ZG,1993,0.440599214931794
BEN,FP.CPI.TOTL.ZG,1992,
BEN,FP.CPI.TOTL.ZG,1991,
BEN,FP.CPI.TOTL.ZG,1990,
BEN,FP.CPI.TOTL.ZG,1989,
BEN,FP.CPI.TOTL.ZG,1988,
BEN,FP.CPI.TOTL.ZG,1987,
BEN,FP.CPI.TOTL.ZG,1986,
BEN,FP.CPI.TOTL.ZG,1985,
BEN,FP.CPI.TOTL.ZG,1984,
BEN,FP.CPI.TOTL.ZG,1983,
BEN,FP.CPI.TOTL.ZG,1982,
BEN,FP.CPI.TOTL.ZG,1981,
BEN,FP.CPI.TOTL.ZG,1980,
BEN,FP.CPI.TOTL.ZG,1979,
BEN,FP.CPI.TOTL.ZG,1978,
BEN,FP.CPI.TOTL.ZG,1977,
BEN,FP.CPI.TOTL.ZG,1976,
BEN,FP.CPI.TOTL.ZG,1975,
BEN,FP.CPI.TOTL.ZG,1974,
BEN,FP.CPI.TOTL.ZG,1973,
BEN,FP.CPI.TOTL.ZG,1972,
BEN,FP.CPI.TOTL.ZG,1971,
BEN,FP.CPI.TOTL.ZG,1970,
BEN,FP.CPI.TOTL.ZG,1969,
BEN,FP.CPI.TOTL.ZG,1968,
BEN,FP.CPI.TOTL.ZG,1967,
BEN,FP.CPI.TOTL.ZG,1966,
BEN,FP.CPI.TOTL.ZG,1965,
BEN,FP.CPI.TOTL.ZG,1964,
BEN,FP.CPI.TOTL.ZG,1963,
BEN,FP.CPI.TOTL.ZG,1962,
BEN,FP.CPI.TOTL.ZG,1961,
BEN,FP.CPI.TOTL.ZG,1960,
BMU,FP.CPI.TOTL.ZG,2025,
BMU,FP.CPI.TOTL.ZG,2024,
BMU,FP.CPI.TOTL.ZG,2023,
BMU,FP.CPI.TOTL.ZG,2022,
BMU,FP.CPI.TOTL.ZG,2021,
BMU,FP.CPI.TOTL.ZG,2020,
BMU,FP.CPI.TOTL.ZG,2019,
BMU,FP.CPI.TOTL.ZG,2018,
BMU,FP.CPI.TOTL.ZG,2017,
BMU,FP.CPI.TOTL.ZG,2016,
BMU,FP.CPI.TOTL.ZG,2015,
BMU,FP.CPI.TOTL.ZG,2014,
BMU,FP.CPI.TOTL.ZG,2013,
BMU,FP.CPI.TOTL.ZG,2012,
BMU,FP.CPI.TOTL.ZG,2011,
BMU,FP.CPI.TOTL.ZG,2010,
BMU,FP.CPI.TOTL.ZG,2009,
BMU,FP.CPI.TOTL.ZG,2008,
BMU,FP.CPI.TOTL.ZG,2007,
BMU,FP.CPI.TOTL.ZG,2006,
BMU,FP.CPI.TOTL.ZG,2005,
BMU,FP.CPI.TOTL.ZG,2004,
BMU,FP.CPI.TOTL.ZG,2003,
BMU,FP.CPI.TOTL.ZG,2002,
BMU,FP.CPI.TOTL.ZG,2001,
BMU,FP.CPI.TOTL.ZG,2000,
BMU,FP.CPI.TOTL.ZG,1999,
BMU,FP.CPI.TOTL.ZG,1998,
BMU,FP.CPI.TOTL.ZG,1997,
BMU,FP.CPI.TOTL.ZG,1996,
BMU,FP.CPI.TOTL.ZG,1995,
BMU,FP.CPI.TOTL.ZG,1994,
BMU,FP.CPI.TOTL.ZG,1993,
BMU,FP.CPI.TOTL.ZG,1992,
BMU,FP.CPI.TOTL.ZG,1991,
BMU,FP.CPI.TOTL.ZG,1990,
BMU,FP.CPI.TOTL.ZG,1989,
BMU,FP.CPI.TOTL.ZG,1988,
BMU,FP.CPI.TOTL.ZG,1987,
BMU,FP.CPI.TOTL.ZG,1986,
BMU,FP.CPI.TOTL.ZG,1985,
BMU,FP.CPI.TOTL.ZG,1984,
BMU,FP.CPI.TOTL.ZG,1983,
BMU,FP.CPI.TOTL.ZG,1982,
BMU,FP.CPI.TOTL.ZG,1981,
BMU,FP.CPI.TOTL.ZG,1980,
BMU,FP.CPI.TOTL.ZG,1979,
BMU,FP.CPI.TOTL.ZG,1978,
BMU,FP.CPI.TOTL.ZG,1977,
BMU,FP.CPI.TOTL.ZG,1976,
BMU,FP.CPI.TOTL.ZG,1975,
BMU,FP.CPI.TOTL.ZG,1974,
BMU,FP.CPI.TOTL.ZG,1973,
BMU,FP.CPI.TOTL.ZG,1972,
BMU,FP.CPI.TOTL.ZG,1971,
BMU,FP.CPI.TOTL.ZG,1970,
BMU,FP.CPI.TOTL.ZG,1969,
BMU,FP.CPI.TOTL.ZG,1968,
BMU,FP.CPI.TOTL.ZG,1967,
BMU,FP.CPI.TOTL.ZG,1966,
BMU,FP.CPI.TOTL.ZG,1965,
BMU,FP.CPI.TOTL.ZG,1964,
BMU,FP.CPI.TOTL.ZG,1963,
BMU,FP.CPI.TOTL.ZG,1962,
BMU,FP.CPI.TOTL.ZG,1961,
BMU,FP.CPI.TOTL.ZG,1960,
BTN,FP.CPI.TOTL.ZG,2025,
BTN,FP.CPI.TOTL.ZG,2024,2.76131569624098
BTN,FP.CPI.TOTL.ZG,2023,4.22934419929251
BTN,FP.CPI.TOTL.ZG,2022,5.6391667139637
BTN,FP.CPI.TOTL.ZG,2021,7.3468144053353
BTN,FP.CPI.TOTL.ZG,2020,5.62936522632508
BTN,FP.CPI.TOTL.ZG,2019,2.72643037388832
BTN,FP.CPI.TOTL.ZG,2018,2.72396386183713
BTN,FP.CPI.TOTL.ZG,2017,4.95508366985129
BTN,FP.CPI.TOTL.ZG,2016,3.21988689395718
BTN,FP.CPI.TOTL.ZG,2015,4.54814395082205
BTN,FP.CPI.TOTL.ZG,2014,8.27106093949328
BTN,FP.CPI.TOTL.ZG,2013,8.77638345268213
BTN,FP.CPI.TOTL.ZG,2012,10.919656944683
BTN,FP.CPI.TOTL.ZG,2011,8.848985699468
BTN,FP.CPI.TOTL.ZG,2010,7.03638316073019
BTN,FP.CPI.TOTL.ZG,2009,4.36112219119805
BTN,FP.CPI.TOTL.ZG,2008,8.32716049382713
BTN,FP.CPI.TOTL.ZG,2007,5.15611138758463
BTN,FP.CPI.TOTL.ZG,2006,5.00045438022541
BTN,FP.CPI.TOTL.ZG,2005,5.3126310463775
BTN,FP.CPI.TOTL.ZG,2004,4.10593698272958
BTN,FP.CPI.TOTL.ZG,2003,2.57230861693339
BTN,FP.CPI.TOTL.ZG,2002,2.45535714285714
BTN,FP.CPI.TOTL.ZG,2001,3.41478946111594
BTN,FP.CPI.TOTL.ZG,2000,4.01212081070342
BTN,FP.CPI.TOTL.ZG,1999,6.77699393553632
BTN,FP.CPI.TOTL.ZG,1998,10.5855899892463
BTN,FP.CPI.TOTL.ZG,1997,6.50548718269086
BTN,FP.CPI.TOTL.ZG,1996,8.79001381935162
BTN,FP.CPI.TOTL.ZG,1995,9.48754836789369
BTN,FP.CPI.TOTL.ZG,1994,7.00995355009951
BTN,FP.CPI.TOTL.ZG,1993,11.1980165874679
BTN,FP.CPI.TOTL.ZG,1992,15.975217361539
BTN,FP.CPI.TOTL.ZG,1991,12.2751729438893
BTN,FP.CPI.TOTL.ZG,1990,10.0118383223406
BTN,FP.CPI.TOTL.ZG,1989,8.77983718898041
BTN,FP.CPI.TOTL.ZG,1988,10.0967137576586
BTN,FP.CPI.TOTL.ZG,1987,6.33177192699079
BTN,FP.CPI.TOTL.ZG,1986,9.96447602131439
BTN,FP.CPI.TOTL.ZG,1985,1.88201230546507
BTN,FP.CPI.TOTL.ZG,1984,7.03770661157025
BTN,FP.CPI.TOTL.ZG,1983,18.0577787941154
BTN,FP.CPI.TOTL.ZG,1982,9.84677216779704
BTN,FP.CPI.TOTL.ZG,1981,9.97237569060774
BTN,FP.CPI.TOTL.ZG,1980,
BTN,FP.CPI.TOTL.ZG,1979,
BTN,FP.CPI.TOTL.ZG,1978,
BTN,FP.CPI.TOTL.ZG,1977,
BTN,FP.CPI.TOTL.ZG,1976,
BTN,FP.CPI.TOTL.ZG,1975,
BTN,FP.CPI.TOTL.ZG,1974,
BTN,FP.CPI.TOTL.ZG,1973,
BTN,FP.CPI.TOTL.ZG,1972,
BTN,FP.CPI.TOTL.ZG,1971,
BTN,FP.CPI.TOTL.ZG,1970,
BTN,FP.CPI.TOTL.ZG,1969,
BTN,FP.CPI.TOTL.ZG,1968,
BTN,FP.CPI.TOTL.ZG,1967,
BTN,FP.CPI.TOTL.ZG,1966,
BTN,FP.CPI.TOTL.ZG,1965,
BTN,FP.CPI.TOTL.ZG,1964,
BTN,FP.CPI.TOTL.ZG,1963,
BTN,FP.CPI.TOTL.ZG,1962,
BTN,FP.CPI.TOTL.ZG,1961,
BTN,FP.CPI.TOTL.ZG,1960,
BOL,FP.CPI.TOTL.ZG,2025,
BOL,FP.CPI.TOTL.ZG,2024,5.09976568317427
BOL,FP.CPI.TOTL.ZG,2023,2.57688800489192
BOL,FP.CPI.TOTL.ZG,2022,1.74632872945969
BOL,FP.CPI.TOTL.ZG,2021,0.737383721452275
BOL,FP.CPI.TOTL.ZG,2020,0.940742153381849
BOL,FP.CPI.TOTL.ZG,2019,1.83954504969026
BOL,FP.CPI.TOTL.ZG,2018,2.27205987230155
BOL,FP.CPI.TOTL.ZG,2017,2.8227580554717
BOL,FP.CPI.TOTL.ZG,2016,3.62321431764138
BOL,FP.CPI.TOTL.ZG,2015,4.05961041135645
BOL,FP.CPI.TOTL.ZG,2014,5.76660074579144
BOL,FP.CPI.TOTL.ZG,2013,5.73640023719607
BOL,FP.CPI.TOTL.ZG,2012,4.51560291399376
BOL,FP.CPI.TOTL.ZG,2011,9.88446419823883
BOL,FP.CPI.TOTL.ZG,2010,2.50327605844241
BOL,FP.CPI.TOTL.ZG,2009,3.34645420142014
BOL,FP.CPI.TOTL.ZG,2008,14.0068107702519
BOL,FP.CPI.TOTL.ZG,2007,8.70560923578869
BOL,FP.CPI.TOTL.ZG,2006,4.28239604802561
BOL,FP.CPI.TOTL.ZG,2005,5.39323106890663
BOL,FP.CPI.TOTL.ZG,2004,4.43738080101725
BOL,FP.CPI.TOTL.ZG,2003,3.33727499671534
BOL,FP.CPI.TOTL.ZG,2002,0.92825885161107
BOL,FP.CPI.TOTL.ZG,2001,1.58965377879568
BOL,FP.CPI.TOTL.ZG,2000,4.60822998872598
BOL,FP.CPI.TOTL.ZG,1999,2.15951626835598
BOL,FP.CPI.TOTL.ZG,1998,7.67322895675083
BOL,FP.CPI.TOTL.ZG,1997,4.70844436028193
BOL,FP.CPI.TOTL.ZG,1996,12.4254866180049
BOL,FP.CPI.TOTL.ZG,1995,10.1932067630745
BOL,FP.CPI.TOTL.ZG,1994,7.87404421467434
BOL,FP.CPI.TOTL.ZG,1993,8.52787695688003
BOL,FP.CPI.TOTL.ZG,1992,12.060323601829
BOL,FP.CPI.TOTL.ZG,1991,21.4470698171141
BOL,FP.CPI.TOTL.ZG,1990,17.1187746048239
BOL,FP.CPI.TOTL.ZG,1989,15.1734681125732
BOL,FP.CPI.TOTL.ZG,1988,16.0020910549391
BOL,FP.CPI.TOTL.ZG,1987,14.5786984489191
BOL,FP.CPI.TOTL.ZG,1986,276.335967563202
BOL,FP.CPI.TOTL.ZG,1985,11749.6396321438
BOL,FP.CPI.TOTL.ZG,1984,1281.34994174486
BOL,FP.CPI.TOTL.ZG,1983,275.586283560362
BOL,FP.CPI.TOTL.ZG,1982,123.535718565329
BOL,FP.CPI.TOTL.ZG,1981,32.1336011133424
BOL,FP.CPI.TOTL.ZG,1980,47.2416501018426
BOL,FP.CPI.TOTL.ZG,1979,19.7197167787999
BOL,FP.CPI.TOTL.ZG,1978,10.3556722757191
BOL,FP.CPI.TOTL.ZG,1977,8.10725552050415
BOL,FP.CPI.TOTL.ZG,1976,4.49401164707216
BOL,FP.CPI.TOTL.ZG,1975,7.97674602546866
BOL,FP.CPI.TOTL.ZG,1974,62.8360756029239
BOL,FP.CPI.TOTL.ZG,1973,31.4860287891618
BOL,FP.CPI.TOTL.ZG,1972,6.5115440115437
BOL,FP.CPI.TOTL.ZG,1971,3.67461430575032
BOL,FP.CPI.TOTL.ZG,1970,3.95550921099769
BOL,FP.CPI.TOTL.ZG,1969,2.20974847251324
BOL,FP.CPI.TOTL.ZG,1968,5.47062350162299
BOL,FP.CPI.TOTL.ZG,1967,11.1999999990001
BOL,FP.CPI.TOTL.ZG,1966,6.95187165775404
BOL,FP.CPI.TOTL.ZG,1965,2.86028602860271
BOL,FP.CPI.TOTL.ZG,1964,10.1818181818181
BOL,FP.CPI.TOTL.ZG,1963,-0.706357214552389
BOL,FP.CPI.TOTL.ZG,1962,5.87933142225296
BOL,FP.CPI.TOTL.ZG,1961,7.56149307183899
BOL,FP.CPI.TOTL.ZG,1960,11.5331525756195
BIH,FP.CPI.TOTL.ZG,2025,
BIH,FP.CPI.TOTL.ZG,2024,1.69212733599724
BIH,FP.CPI.TOTL.ZG,2023,6.1059011284828
BIH,FP.CPI.TOTL.ZG,2022,14.0208440826771
BIH,FP.CPI.TOTL.ZG,2021,1.98163900587622
BIH,FP.CPI.TOTL.ZG,2020,-1.0512960076349
BIH,FP.CPI.TOTL.ZG,2019,0.56278215406123
BIH,FP.CPI.TOTL.ZG,2018,1.41710814018034
BIH,FP.CPI.TOTL.ZG,2017,0.810133321953039
BIH,FP.CPI.TOTL.ZG,2016,-1.58410000000002
BIH,FP.CPI.TOTL.ZG,2015,-1.03602303425474
BIH,FP.CPI.TOTL.ZG,2014,-0.897194054194333
BIH,FP.CPI.TOTL.ZG,2013,-0.0930456838317588
BIH,FP.CPI.TOTL.ZG,2012,2.05267452001717
BIH,FP.CPI.TOTL.ZG,2011,3.67125
BIH,FP.CPI.TOTL.ZG,2010,1.99621236745887
BIH,FP.CPI.TOTL.ZG,2009,-0.381464282453057
BIH,FP.CPI.TOTL.ZG,2008,7.42704310332953
BIH,FP.CPI.TOTL.ZG,2007,1.50077710611542
BIH,FP.CPI.TOTL.ZG,2006,6.12556615620285
BIH,FP.CPI.TOTL.ZG,2005,
BIH,FP.CPI.TOTL.ZG,2004,
BIH,FP.CPI.TOTL.ZG,2003,
BIH,FP.CPI.TOTL.ZG,2002,
BIH,FP.CPI.TOTL.ZG,2001,
BIH,FP.CPI.TOTL.ZG,2000,
BIH,FP.CPI.TOTL.ZG,1999,
BIH,FP.CPI.TOTL.ZG,1998,
BIH,FP.CPI.TOTL.ZG,1997,
BIH,FP.CPI.TOTL.ZG,1996,
BIH,FP.CPI.TOTL.ZG,1995,
BIH,FP.CPI.TOTL.ZG,1994,
BIH,FP.CPI.TOTL.ZG,1993,
BIH,FP.CPI.TOTL.ZG,1992,
BIH,FP.CPI.TOTL.ZG,1991,
BIH,FP.CPI.TOTL.ZG,1990,
BIH,FP.CPI.TOTL.ZG,1989,
BIH,FP.CPI.TOTL.ZG,1988,
BIH,FP.CPI.TOTL.ZG,1987,
BIH,FP.CPI.TOTL.ZG,1986,
BIH,FP.CPI.TOTL.ZG,1985,
BIH,FP.CPI.TOTL.ZG,1984,
BIH,FP.CPI.TOTL.ZG,1983,
BIH,FP.CPI.TOTL.ZG,1982,
BIH,FP.CPI.TOTL.ZG,1981,
BIH,FP.CPI.TOTL.ZG,1980,
BIH,FP.CPI.TOTL.ZG,1979,
BIH,FP.CPI.TOTL.ZG,1978,
BIH,FP.CPI.TOTL.ZG,1977,
BIH,FP.CPI.TOTL.ZG,1976,
BIH,FP.CPI.TOTL.ZG,1975,
BIH,FP.CPI.TOTL.ZG,1974,
BIH,FP.CPI.TOTL.ZG,1973,
BIH,FP.CPI.TOTL.ZG,1972,
BIH,FP.CPI.TOTL.ZG,1971,
BIH,FP.CPI.TOTL.ZG,1970,
BIH,FP.CPI.TOTL.ZG,1969,
BIH,FP.CPI.TOTL.ZG,1968,
BIH,FP.CPI.TOTL.ZG,1967,
BIH,FP.CPI.TOTL.ZG,1966,
BIH,FP.CPI.TOTL.ZG,1965,
BIH,FP.CPI.TOTL.ZG,1964,
BIH,FP.CPI.TOTL.ZG,1963,
BIH,FP.CPI.TOTL.ZG,1962,
BIH,FP.CPI.TOTL.ZG,1961,
BIH,FP.CPI.TOTL.ZG,1960,
BWA,FP.CPI.TOTL.ZG,2025,
BWA,FP.CPI.TOTL.ZG,2024,2.81835131676251
BWA,FP.CPI.TOTL.ZG,2023,5.0676154934383
BWA,FP.CPI.TOTL.ZG,2022,11.665567478802
BWA,FP.CPI.TOTL.ZG,2021,7.24097765588442
BWA,FP.CPI.TOTL.ZG,2020,1.8903591682421
BWA,FP.CPI.TOTL.ZG,2019,2.77286442863321
BWA,FP.CPI.TOTL.ZG,2018,3.23801558947715
BWA,FP.CPI.TOTL.ZG,2017,3.30828076768219
BWA,FP.CPI.TOTL.ZG,2016,2.81495791361944
BWA,FP.CPI.TOTL.ZG,2015,3.06203169580558
BWA,FP.CPI.TOTL.ZG,2014,4.40225309243427
BWA,FP.CPI.TOTL.ZG,2013,5.88460707056817
BWA,FP.CPI.TOTL.ZG,2012,7.53690261091916
BWA,FP.CPI.TOTL.ZG,2011,8.45987233408583
BWA,FP.CPI.TOTL.ZG,2010,6.94887658743103
BWA,FP.CPI.TOTL.ZG,2009,8.02729703109582
BWA,FP.CPI.TOTL.ZG,2008,12.7021883920076
BWA,FP.CPI.TOTL.ZG,2007,7.08099847172693
BWA,FP.CPI.TOTL.ZG,2006,11.5552187914379
BWA,FP.CPI.TOTL.ZG,2005,8.6102252854644
BWA,FP.CPI.TOTL.ZG,2004,6.94570363654675
BWA,FP.CPI.TOTL.ZG,2003,9.18990265632739
BWA,FP.CPI.TOTL.ZG,2002,8.03279662527486
BWA,FP.CPI.TOTL.ZG,2001,6.55903767014862
BWA,FP.CPI.TOTL.ZG,2000,8.60148514851491
BWA,FP.CPI.TOTL.ZG,1999,7.74929619202848
BWA,FP.CPI.TOTL.ZG,1998,6.66139865665752
BWA,FP.CPI.TOTL.ZG,1997,8.71993127147747
BWA,FP.CPI.TOTL.ZG,1996,10.0828580652108
BWA,FP.CPI.TOTL.ZG,1995,10.512546081579
BWA,FP.CPI.TOTL.ZG,1994,10.5429209938218
BWA,FP.CPI.TOTL.ZG,1993,14.3308033365888
BWA,FP.CPI.TOTL.ZG,1992,16.1676123963339
BWA,FP.CPI.TOTL.ZG,1991,11.7650160839535
BWA,FP.CPI.TOTL.ZG,1990,11.3963461199556
BWA,FP.CPI.TOTL.ZG,1989,11.5750147473285
BWA,FP.CPI.TOTL.ZG,1988,8.35167956821219
BWA,FP.CPI.TOTL.ZG,1987,9.80193387398675
BWA,FP.CPI.TOTL.ZG,1986,10.0017155606022
BWA,FP.CPI.TOTL.ZG,1985,8.09457579975941
BWA,FP.CPI.TOTL.ZG,1984,8.57746904251906
BWA,FP.CPI.TOTL.ZG,1983,10.4771438105237
BWA,FP.CPI.TOTL.ZG,1982,11.1372064274689
BWA,FP.CPI.TOTL.ZG,1981,16.4280267725712
BWA,FP.CPI.TOTL.ZG,1980,13.6324251470895
BWA,FP.CPI.TOTL.ZG,1979,11.7362306367885
BWA,FP.CPI.TOTL.ZG,1978,9.04398827010362
BWA,FP.CPI.TOTL.ZG,1977,13.1687242801079
BWA,FP.CPI.TOTL.ZG,1976,11.732423613642
BWA,FP.CPI.TOTL.ZG,1975,11.9747550240953
BWA,FP.CPI.TOTL.ZG,1974,
BWA,FP.CPI.TOTL.ZG,1973,
BWA,FP.CPI.TOTL.ZG,1972,
BWA,FP.CPI.TOTL.ZG,1971,
BWA,FP.CPI.TOTL.ZG,1970,
BWA,FP.CPI.TOTL.ZG,1969,
BWA,FP.CPI.TOTL.ZG,1968,
BWA,FP.CPI.TOTL.ZG,1967,
BWA,FP.CPI.TOTL.ZG,1966,
BWA,FP.CPI.TOTL.ZG,1965,
BWA,FP.CPI.TOTL.ZG,1964,
BWA,FP.CPI.TOTL.ZG,1963,
BWA,FP.CPI.TOTL.ZG,1962,
BWA,FP.CPI.TOTL.ZG,1961,
BWA,FP.CPI.TOTL.ZG,1960,
BRA,FP.CPI.TOTL.ZG,2025,
BRA,FP.CPI.TOTL.ZG,2024,4.36746407652337
BRA,FP.CPI.TOTL.ZG,2023,4.59356282283204
BRA,FP.CPI.TOTL.ZG,2022,9.28010608956873
BRA,FP.CPI.TOTL.ZG,2021,8.30165975585673
BRA,FP.CPI.TOTL.ZG,2020,3.21176803803376
BRA,FP.CPI.TOTL.ZG,2019,3.73297621216894
BRA,FP.CPI.TOTL.ZG,2018,3.66485028376729
BRA,FP.CPI.TOTL.ZG,2017,3.44637335032669
BRA,FP.CPI.TOTL.ZG,2016,8.73914352329393
BRA,FP.CPI.TOTL.ZG,2015,9.02990102416136
BRA,FP.CPI.TOTL.ZG,2014,6.32904015516139
BRA,FP.CPI.TOTL.ZG,2013,6.20431066640101
BRA,FP.CPI.TOTL.ZG,2012,5.40349914036997
BRA,FP.CPI.TOTL.ZG,2011,6.6364496221309
BRA,FP.CPI.TOTL.ZG,2010,5.03872690108075
BRA,FP.CPI.TOTL.ZG,2009,4.88803479876799
BRA,FP.CPI.TOTL.ZG,2008,5.67859390284168
BRA,FP.CPI.TOTL.ZG,2007,3.64127299102652
BRA,FP.CPI.TOTL.ZG,2006,4.18356812896909
BRA,FP.CPI.TOTL.ZG,2005,6.86953720898964
BRA,FP.CPI.TOTL.ZG,2004,6.59718509985963
BRA,FP.CPI.TOTL.ZG,2003,14.7149197228147
BRA,FP.CPI.TOTL.ZG,2002,8.45016437708331
BRA,FP.CPI.TOTL.ZG,2001,6.84035902487523
BRA,FP.CPI.TOTL.ZG,2000,7.04414105947266
BRA,FP.CPI.TOTL.ZG,1999,4.85844749902667
BRA,FP.CPI.TOTL.ZG,1998,3.19507629280052
BRA,FP.CPI.TOTL.ZG,1997,6.92671251629154
BRA,FP.CPI.TOTL.ZG,1996,15.7576656002606
BRA,FP.CPI.TOTL.ZG,1995,66.0070335542481
BRA,FP.CPI.TOTL.ZG,1994,2075.88839757325
BRA,FP.CPI.TOTL.ZG,1993,1927.38079016026
BRA,FP.CPI.TOTL.ZG,1992,951.962053052818
BRA,FP.CPI.TOTL.ZG,1991,432.786661926461
BRA,FP.CPI.TOTL.ZG,1990,2947.732772483
BRA,FP.CPI.TOTL.ZG,1989,1430.7237251472
BRA,FP.CPI.TOTL.ZG,1988,629.114509120897
BRA,FP.CPI.TOTL.ZG,1987,228.336162575513
BRA,FP.CPI.TOTL.ZG,1986,147.142826237604
BRA,FP.CPI.TOTL.ZG,1985,225.989665211895
BRA,FP.CPI.TOTL.ZG,1984,192.121733132051
BRA,FP.CPI.TOTL.ZG,1983,135.027682230473
BRA,FP.CPI.TOTL.ZG,1982,100.54335919485
BRA,FP.CPI.TOTL.ZG,1981,101.725072957927
BRA,FP.CPI.TOTL.ZG,1980,
BRA,FP.CPI.TOTL.ZG,1979,
BRA,FP.CPI.TOTL.ZG,1978,
BRA,FP.CPI.TOTL.ZG,1977,
BRA,FP.CPI.TOTL.ZG,1976,
BRA,FP.CPI.TOTL.ZG,1975,
BRA,FP.CPI.TOTL.ZG,1974,
BRA,FP.CPI.TOTL.ZG,1973,
BRA,FP.CPI.TOTL.ZG,1972,
BRA,FP.CPI.TOTL.ZG,1971,
BRA,FP.CPI.TOTL.ZG,1970,
BRA,FP.CPI.TOTL.ZG,1969,
BRA,FP.CPI.TOTL.ZG,1968,
BRA,FP.CPI.TOTL.ZG,1967,
BRA,FP.CPI.TOTL.ZG,1966,
BRA,FP.CPI.TOTL.ZG,1965,
BRA,FP.CPI.TOTL.ZG,1964,
BRA,FP.CPI.TOTL.ZG,1963,
BRA,FP.CPI.TOTL.ZG,1962,
BRA,FP.CPI.TOTL.ZG,1961,
BRA,FP.CPI.TOTL.ZG,1960,
VGB,FP.CPI.TOTL.ZG,2025,
VGB,FP.CPI.TOTL.ZG,2024,
VGB,FP.CPI.TOTL.ZG,2023,
VGB,FP.CPI.TOTL.ZG,2022,
VGB,FP.CPI.TOTL.ZG,2021,
VGB,FP.CPI.TOTL.ZG,2020,
VGB,FP.CPI.TOTL.ZG,2019,
VGB,FP.CPI.TOTL.ZG,2018,
VGB,FP.CPI.TOTL.ZG,2017,
VGB,FP.CPI.TOTL.ZG,2016,
VGB,FP.CPI.TOTL.ZG,2015,
VGB,FP.CPI.TOTL.ZG,2014,
VGB,FP.CPI.TOTL.ZG,2013,
VGB,FP.CPI.TOTL.ZG,2012,
VGB,FP.CPI.TOTL.ZG,2011,
VGB,FP.CPI.TOTL.ZG,2010,
VGB,FP.CPI.TOTL.ZG,2009,
VGB,FP.CPI.TOTL.ZG,2008,
VGB,FP.CPI.TOTL.ZG,2007,
VGB,FP.CPI.TOTL.ZG,2006,
VGB,FP.CPI.TOTL.ZG,2005,
VGB,FP.CPI.TOTL.ZG,2004,
VGB,FP.CPI.TOTL.ZG,2003,
VGB,FP.CPI.TOTL.ZG,2002,
VGB,FP.CPI.TOTL.ZG,2001,
VGB,FP.CPI.TOTL.ZG,2000,
VGB,FP.CPI.TOTL.ZG,1999,
VGB,FP.CPI.TOTL.ZG,1998,
VGB,FP.CPI.TOTL.ZG,1997,
VGB,FP.CPI.TOTL.ZG,1996,
VGB,FP.CPI.TOTL.ZG,1995,
VGB,FP.CPI.TOTL.ZG,1994,
VGB,FP.CPI.TOTL.ZG,1993,
VGB,FP.CPI.TOTL.ZG,1992,
VGB,FP.CPI.TOTL.ZG,1991,
VGB,FP.CPI.TOTL.ZG,1990,
VGB,FP.CPI.TOTL.ZG,1989,
VGB,FP.CPI.TOTL.ZG,1988,
VGB,FP.CPI.TOTL.ZG,1987,
VGB,FP.CPI.TOTL.ZG,1986,
VGB,FP.CPI.TOTL.ZG,1985,
VGB,FP.CPI.TOTL.ZG,1984,
VGB,FP.CPI.TOTL.ZG,1983,
VGB,FP.CPI.TOTL.ZG,1982,
VGB,FP.CPI.TOTL.ZG,1981,
VGB,FP.CPI.TOTL.ZG,1980,
VGB,FP.CPI.TOTL.ZG,1979,
VGB,FP.CPI.TOTL.ZG,1978,
VGB,FP.CPI.TOTL.ZG,1977,
VGB,FP.CPI.TOTL.ZG,1976,
VGB,FP.CPI.TOTL.ZG,1975,
VGB,FP.CPI.TOTL.ZG,1974,
VGB,FP.CPI.TOTL.ZG,1973,
VGB,FP.CPI.TOTL.ZG,1972,
VGB,FP.CPI.TOTL.ZG,1971,
VGB,FP.CPI.TOTL.ZG,1970,
VGB,FP.CPI.TOTL.ZG,1969,
VGB,FP.CPI.TOTL.ZG,1968,
VGB,FP.CPI.TOTL.ZG,1967,
VGB,FP.CPI.TOTL.ZG,1966,
VGB,FP.CPI.TOTL.ZG,1965,
VGB,FP.CPI.TOTL.ZG,1964,
VGB,FP.CPI.TOTL.ZG,1963,
VGB,FP.CPI.TOTL.ZG,1962,
VGB,FP.CPI.TOTL.ZG,1961,
VGB,FP.CPI.TOTL.ZG,1960,
BRN,FP.CPI.TOTL.ZG,2025,
BRN,FP.CPI.TOTL.ZG,2024,-0.388674165036461
BRN,FP.CPI.TOTL.ZG,2023,0.35706431153689
BRN,FP.CPI.TOTL.ZG,2022,3.68225030604216
BRN,FP.CPI.TOTL.ZG,2021,1.73341388450593
BRN,FP.CPI.TOTL.ZG,2020,1.94031996607184
BRN,FP.CPI.TOTL.ZG,2019,-0.390522069165529
BRN,FP.CPI.TOTL.ZG,2018,1.02505179290212
BRN,FP.CPI.TOTL.ZG,2017,-1.2605056462896
BRN,FP.CPI.TOTL.ZG,2016,-0.278693265753083
BRN,FP.CPI.TOTL.ZG,2015,-0.488347420743522
BRN,FP.CPI.TOTL.ZG,2014,-0.207108731719822
BRN,FP.CPI.TOTL.ZG,2013,0.389205053123632
BRN,FP.CPI.TOTL.ZG,2012,0.111766261400307
BRN,FP.CPI.TOTL.ZG,2011,0.13791156316954
BRN,FP.CPI.TOTL.ZG,2010,0.356869132017561
BRN,FP.CPI.TOTL.ZG,2009,1.03571774271613
BRN,FP.CPI.TOTL.ZG,2008,2.08498023715415
BRN,FP.CPI.TOTL.ZG,2007,0.967774119525101
BRN,FP.CPI.TOTL.ZG,2006,0.159888078345121
BRN,FP.CPI.TOTL.ZG,2005,1.24443711883965
BRN,FP.CPI.TOTL.ZG,2004,0.814223994682613
BRN,FP.CPI.TOTL.ZG,2003,0.299999999999967
BRN,FP.CPI.TOTL.ZG,2002,-2.31497242459321
BRN,FP.CPI.TOTL.ZG,2001,0.59589041095899
BRN,FP.CPI.TOTL.ZG,2000,1.55815247634946
BRN,FP.CPI.TOTL.ZG,1999,-0.415627597672454
BRN,FP.CPI.TOTL.ZG,1998,-0.4413793103449
BRN,FP.CPI.TOTL.ZG,1997,1.71156004489335
BRN,FP.CPI.TOTL.ZG,1996,1.99613650998078
BRN,FP.CPI.TOTL.ZG,1995,5.96664139499613
BRN,FP.CPI.TOTL.ZG,1994,2.4625184494679
BRN,FP.CPI.TOTL.ZG,1993,4.25170068027212
BRN,FP.CPI.TOTL.ZG,1992,1.27952755905515
BRN,FP.CPI.TOTL.ZG,1991,1.6
BRN,FP.CPI.TOTL.ZG,1990,2.13866293163795
BRN,FP.CPI.TOTL.ZG,1989,1.30430037109823
BRN,FP.CPI.TOTL.ZG,1988,1.19284294234596
BRN,FP.CPI.TOTL.ZG,1987,1.24685490634579
BRN,FP.CPI.TOTL.ZG,1986,1.78124288641065
BRN,FP.CPI.TOTL.ZG,1985,2.35321528424928
BRN,FP.CPI.TOTL.ZG,1984,3.07396733909727
BRN,FP.CPI.TOTL.ZG,1983,1.16618075801749
BRN,FP.CPI.TOTL.ZG,1982,6.35658914728688
BRN,FP.CPI.TOTL.ZG,1981,9.13705583756339
BRN,FP.CPI.TOTL.ZG,1980,
BRN,FP.CPI.TOTL.ZG,1979,
BRN,FP.CPI.TOTL.ZG,1978,
BRN,FP.CPI.TOTL.ZG,1977,
BRN,FP.CPI.TOTL.ZG,1976,
BRN,FP.CPI.TOTL.ZG,1975,
BRN,FP.CPI.TOTL.ZG,1974,
BRN,FP.CPI.TOTL.ZG,1973,
BRN,FP.CPI.TOTL.ZG,1972,
BRN,FP.CPI.TOTL.ZG,1971,
BRN,FP.CPI.TOTL.ZG,1970,
BRN,FP.CPI.TOTL.ZG,1969,
BRN,FP.CPI.TOTL.ZG,1968,
BRN,FP.CPI.TOTL.ZG,1967,
BRN,FP.CPI.TOTL.ZG,1966,
BRN,FP.CPI.TOTL.ZG,1965,
BRN,FP.CPI.TOTL.ZG,1964,
BRN,FP.CPI.TOTL.ZG,1963,
BRN,FP.CPI.TOTL.ZG,1962,
BRN,FP.CPI.TOTL.ZG,1961,
BRN,FP.CPI.TOTL.ZG,1960,
BGR,FP.CPI.TOTL.ZG,2025,
BGR,FP.CPI.TOTL.ZG,2024,2.44651943006079
BGR,FP.CPI.TOTL.ZG,2023,9.44284140088564
BGR,FP.CPI.TOTL.ZG,2022,15.3252589264366
BGR,FP.CPI.TOTL.ZG,2021,3.29774435299515
BGR,FP.CPI.TOTL.ZG,2020,1.67244096855756
BGR,FP.CPI.TOTL.ZG,2019,3.10372944796781
BGR,FP.CPI.TOTL.ZG,2018,2.81454473824829
BGR,FP.CPI.TOTL.ZG,2017,2.06159619443141
BGR,FP.CPI.TOTL.ZG,2016,-0.79864988645371
BGR,FP.CPI.TOTL.ZG,2015,-0.104633261008385
BGR,FP.CPI.TOTL.ZG,2014,-1.4181838026484
BGR,FP.CPI.TOTL.ZG,2013,0.890093540913002
BGR,FP.CPI.TOTL.ZG,2012,2.95456829831022
BGR,FP.CPI.TOTL.ZG,2011,4.21990346601873
BGR,FP.CPI.TOTL.ZG,2010,2.43899060504113
BGR,FP.CPI.TOTL.ZG,2009,2.75320223914816
BGR,FP.CPI.TOTL.ZG,2008,12.3487195994021
BGR,FP.CPI.TOTL.ZG,2007,8.40253419005901
BGR,FP.CPI.TOTL.ZG,2006,7.26159462769944
BGR,FP.CPI.TOTL.ZG,2005,5.03883807111902
BGR,FP.CPI.TOTL.ZG,2004,6.14713074246273
BGR,FP.CPI.TOTL.ZG,2003,2.34864169582755
BGR,FP.CPI.TOTL.ZG,2002,5.81014365721825
BGR,FP.CPI.TOTL.ZG,2001,7.36093927231844
BGR,FP.CPI.TOTL.ZG,2000,10.316262128999
BGR,FP.CPI.TOTL.ZG,1999,2.57304281890206
BGR,FP.CPI.TOTL.ZG,1998,18.672204442064
BGR,FP.CPI.TOTL.ZG,1997,1058.37355921973
BGR,FP.CPI.TOTL.ZG,1996,121.60754244925
BGR,FP.CPI.TOTL.ZG,1995,62.0548336837992
BGR,FP.CPI.TOTL.ZG,1994,96.0573382686505
BGR,FP.CPI.TOTL.ZG,1993,72.8787913866333
BGR,FP.CPI.TOTL.ZG,1992,91.2979327269303
BGR,FP.CPI.TOTL.ZG,1991,338.449111470112
BGR,FP.CPI.TOTL.ZG,1990,23.8000000000003
BGR,FP.CPI.TOTL.ZG,1989,6.38888888888878
BGR,FP.CPI.TOTL.ZG,1988,2.36966824644552
BGR,FP.CPI.TOTL.ZG,1987,2.72638753651409
BGR,FP.CPI.TOTL.ZG,1986,2.69999999999986
BGR,FP.CPI.TOTL.ZG,1985,
BGR,FP.CPI.TOTL.ZG,1984,
BGR,FP.CPI.TOTL.ZG,1983,
BGR,FP.CPI.TOTL.ZG,1982,
BGR,FP.CPI.TOTL.ZG,1981,
BGR,FP.CPI.TOTL.ZG,1980,
BGR,FP.CPI.TOTL.ZG,1979,
BGR,FP.CPI.TOTL.ZG,1978,
BGR,FP.CPI.TOTL.ZG,1977,
BGR,FP.CPI.TOTL.ZG,1976,
BGR,FP.CPI.TOTL.ZG,1975,
BGR,FP.CPI.TOTL.ZG,1974,
BGR,FP.CPI.TOTL.ZG,1973,
BGR,FP.CPI.TOTL.ZG,1972,
BGR,FP.CPI.TOTL.ZG,1971,
BGR,FP.CPI.TOTL.ZG,1970,
BGR,FP.CPI.TOTL.ZG,1969,
BGR,FP.CPI.TOTL.ZG,1968,
BGR,FP.CPI.TOTL.ZG,1967,
BGR,FP.CPI.TOTL.ZG,1966,
BGR,FP.CPI.TOTL.ZG,1965,
BGR,FP.CPI.TOTL.ZG,1964,
BGR,FP.CPI.TOTL.ZG,1963,
BGR,FP.CPI.TOTL.ZG,1962,
BGR,FP.CPI.TOTL.ZG,1961,
BGR,FP.CPI.TOTL.ZG,1960,
BFA,FP.CPI.TOTL.ZG,2025,
BFA,FP.CPI.TOTL.ZG,2024,4.19081721344523
BFA,FP.CPI.TOTL.ZG,2023,0.742910428668918
BFA,FP.CPI.TOTL.ZG,2022,14.2902354303358
BFA,FP.CPI.TOTL.ZG,2021,3.65326761825509
BFA,FP.CPI.TOTL.ZG,2020,1.88470066518847
BFA,FP.CPI.TOTL.ZG,2019,-3.23338933983322
BFA,FP.CPI.TOTL.ZG,2018,1.95594302672532
BFA,FP.CPI.TOTL.ZG,2017,1.48299897161326
BFA,FP.CPI.TOTL.ZG,2016,0.441041448058809
BFA,FP.CPI.TOTL.ZG,2015,0.724838981070517
BFA,FP.CPI.TOTL.ZG,2014,-0.258089517535291
BFA,FP.CPI.TOTL.ZG,2013,0.533738507090536
BFA,FP.CPI.TOTL.ZG,2012,3.8181524025238
BFA,FP.CPI.TOTL.ZG,2011,2.75976724854534
BFA,FP.CPI.TOTL.ZG,2010,-0.764230734676768
BFA,FP.CPI.TOTL.ZG,2009,2.60817666368314
BFA,FP.CPI.TOTL.ZG,2008,10.6597978997424
BFA,FP.CPI.TOTL.ZG,2007,-0.230627306273049
BFA,FP.CPI.TOTL.ZG,2006,2.3331085637222
BFA,FP.CPI.TOTL.ZG,2005,6.41504018369684
BFA,FP.CPI.TOTL.ZG,2004,-0.400228702115452
BFA,FP.CPI.TOTL.ZG,2003,2.03456574053815
BFA,FP.CPI.TOTL.ZG,2002,2.17569480664608
BFA,FP.CPI.TOTL.ZG,2001,5.00743290822373
BFA,FP.CPI.TOTL.ZG,2000,-0.304212168486803
BFA,FP.CPI.TOTL.ZG,1999,-1.07261362759534
BFA,FP.CPI.TOTL.ZG,1998,5.08433344145324
BFA,FP.CPI.TOTL.ZG,1997,2.31869062176683
BFA,FP.CPI.TOTL.ZG,1996,6.09780439121741
BFA,FP.CPI.TOTL.ZG,1995,7.45884497828324
BFA,FP.CPI.TOTL.ZG,1994,25.1778762249963
BFA,FP.CPI.TOTL.ZG,1993,0.553455723541917
BFA,FP.CPI.TOTL.ZG,1992,-1.99113580736894
BFA,FP.CPI.TOTL.ZG,1991,2.16260052713423
BFA,FP.CPI.TOTL.ZG,1990,-0.504303388918912
BFA,FP.CPI.TOTL.ZG,1989,-0.481798715203334
BFA,FP.CPI.TOTL.ZG,1988,4.25561601785942
BFA,FP.CPI.TOTL.ZG,1987,-2.68178423511596
BFA,FP.CPI.TOTL.ZG,1986,-2.61174292476783
BFA,FP.CPI.TOTL.ZG,1985,6.90605782140467
BFA,FP.CPI.TOTL.ZG,1984,4.84695768186085
BFA,FP.CPI.TOTL.ZG,1983,8.15376277420427
BFA,FP.CPI.TOTL.ZG,1982,12.0597652081337
BFA,FP.CPI.TOTL.ZG,1981,7.55570560440939
BFA,FP.CPI.TOTL.ZG,1980,12.2026364968299
BFA,FP.CPI.TOTL.ZG,1979,14.9934659503595
BFA,FP.CPI.TOTL.ZG,1978,8.26914007214047
BFA,FP.CPI.TOTL.ZG,1977,29.9861042997141
BFA,FP.CPI.TOTL.ZG,1976,-8.40071877820545
BFA,FP.CPI.TOTL.ZG,1975,18.7569466058634
BFA,FP.CPI.TOTL.ZG,1974,8.71960945428422
BFA,FP.CPI.TOTL.ZG,1973,7.60389036254298
BFA,FP.CPI.TOTL.ZG,1972,-2.92335655867952
BFA,FP.CPI.TOTL.ZG,1971,2.06121817995229
BFA,FP.CPI.TOTL.ZG,1970,1.77260331451337
BFA,FP.CPI.TOTL.ZG,1969,9.65552935762118
BFA,FP.CPI.TOTL.ZG,1968,-0.28671368777001
BFA,FP.CPI.TOTL.ZG,1967,-4.33375390856906
BFA,FP.CPI.TOTL.ZG,1966,2.36410601983339
BFA,FP.CPI.TOTL.ZG,1965,-0.730252522661333
BFA,FP.CPI.TOTL.ZG,1964,1.84512319774997
BFA,FP.CPI.TOTL.ZG,1963,5.57420282915088
BFA,FP.CPI.TOTL.ZG,1962,1.67590956140175
BFA,FP.CPI.TOTL.ZG,1961,18.5621387281079
BFA,FP.CPI.TOTL.ZG,1960,7.78816199376883
BDI,FP.CPI.TOTL.ZG,2025,
BDI,FP.CPI.TOTL.ZG,2024,20.2124925027847
BDI,FP.CPI.TOTL.ZG,2023,26.9414835762453
BDI,FP.CPI.TOTL.ZG,2022,18.8008786664945
BDI,FP.CPI.TOTL.ZG,2021,8.40453845076341
BDI,FP.CPI.TOTL.ZG,2020,7.32110643415521
BDI,FP.CPI.TOTL.ZG,2019,-0.686772170797359
BDI,FP.CPI.TOTL.ZG,2018,-2.81469807668465
BDI,FP.CPI.TOTL.ZG,2017,16.0525353030392
BDI,FP.CPI.TOTL.ZG,2016,5.55768961400965
BDI,FP.CPI.TOTL.ZG,2015,5.54468891259779
BDI,FP.CPI.TOTL.ZG,2014,4.40535234185293
BDI,FP.CPI.TOTL.ZG,2013,7.93795807492418
BDI,FP.CPI.TOTL.ZG,2012,18.1610453065451
BDI,FP.CPI.TOTL.ZG,2011,9.5921660597967
BDI,FP.CPI.TOTL.ZG,2010,6.49326591473993
BDI,FP.CPI.TOTL.ZG,2009,10.5554355299529
BDI,FP.CPI.TOTL.ZG,2008,24.4069510353914
BDI,FP.CPI.TOTL.ZG,2007,8.41206285772544
BDI,FP.CPI.TOTL.ZG,2006,2.74542000214241
BDI,FP.CPI.TOTL.ZG,2005,13.2520699188224
BDI,FP.CPI.TOTL.ZG,2004,8.17642937482053
BDI,FP.CPI.TOTL.ZG,2003,10.6474645658306
BDI,FP.CPI.TOTL.ZG,2002,-1.3656800532806
BDI,FP.CPI.TOTL.ZG,2001,9.29618771341889
BDI,FP.CPI.TOTL.ZG,2000,24.4320242102151
BDI,FP.CPI.TOTL.ZG,1999,3.38542427340455
BDI,FP.CPI.TOTL.ZG,1998,12.5004107653378
BDI,FP.CPI.TOTL.ZG,1997,31.1115898319695
BDI,FP.CPI.TOTL.ZG,1996,26.4367816091951
BDI,FP.CPI.TOTL.ZG,1995,19.2632536382538
BDI,FP.CPI.TOTL.ZG,1994,14.8528149833969
BDI,FP.CPI.TOTL.ZG,1993,9.67934658067928
BDI,FP.CPI.TOTL.ZG,1992,1.82333333333308
BDI,FP.CPI.TOTL.ZG,1991,8.99693873494331
BDI,FP.CPI.TOTL.ZG,1990,7.00216956651122
BDI,FP.CPI.TOTL.ZG,1989,11.6615998479958
BDI,FP.CPI.TOTL.ZG,1988,4.48679769704177
BDI,FP.CPI.TOTL.ZG,1987,7.11323763955337
BDI,FP.CPI.TOTL.ZG,1986,1.67567567567547
BDI,FP.CPI.TOTL.ZG,1985,3.80428683649425
BDI,FP.CPI.TOTL.ZG,1984,14.3168697883258
BDI,FP.CPI.TOTL.ZG,1983,8.15123135622631
BDI,FP.CPI.TOTL.ZG,1982,5.86809635722661
BDI,FP.CPI.TOTL.ZG,1981,12.1673943487938
BDI,FP.CPI.TOTL.ZG,1980,2.49851950030166
BDI,FP.CPI.TOTL.ZG,1979,36.5407569980925
BDI,FP.CPI.TOTL.ZG,1978,23.8956206469303
BDI,FP.CPI.TOTL.ZG,1977,6.83451404136489
BDI,FP.CPI.TOTL.ZG,1976,6.85655157364539
BDI,FP.CPI.TOTL.ZG,1975,15.7098745988233
BDI,FP.CPI.TOTL.ZG,1974,15.7223072990938
BDI,FP.CPI.TOTL.ZG,1973,6.00649350675306
BDI,FP.CPI.TOTL.ZG,1972,3.82855766917334
BDI,FP.CPI.TOTL.ZG,1971,3.85096274044454
BDI,FP.CPI.TOTL.ZG,1970,-0.199650611430225
BDI,FP.CPI.TOTL.ZG,1969,4.02388369733122
BDI,FP.CPI.TOTL.ZG,1968,6.05726872222518
BDI,FP.CPI.TOTL.ZG,1967,-1.08932461874253
BDI,FP.CPI.TOTL.ZG,1966,4.43686006769088
BDI,FP.CPI.TOTL.ZG,1965,
BDI,FP.CPI.TOTL.ZG,1964,
BDI,FP.CPI.TOTL.ZG,1963,
BDI,FP.CPI.TOTL.ZG,1962,
BDI,FP.CPI.TOTL.ZG,1961,
BDI,FP.CPI.TOTL.ZG,1960,
CPV,FP.CPI.TOTL.ZG,2025,
CPV,FP.CPI.TOTL.ZG,2024,1.04817001091965
CPV,FP.CPI.TOTL.ZG,2023,3.72437517668748
CPV,FP.CPI.TOTL.ZG,2022,7.93092925430087
CPV,FP.CPI.TOTL.ZG,2021,1.86215297494647
CPV,FP.CPI.TOTL.ZG,2020,0.605795808395385
CPV,FP.CPI.TOTL.ZG,2019,1.10666674296063
CPV,FP.CPI.TOTL.ZG,2018,1.25699566690509
CPV,FP.CPI.TOTL.ZG,2017,0.784415251101334
CPV,FP.CPI.TOTL.ZG,2016,-1.40781637091706
CPV,FP.CPI.TOTL.ZG,2015,0.131187999024545
CPV,FP.CPI.TOTL.ZG,2014,-0.238778144990624
CPV,FP.CPI.TOTL.ZG,2013,1.50654285701407
CPV,FP.CPI.TOTL.ZG,2012,2.54039644167109
CPV,FP.CPI.TOTL.ZG,2011,4.47388342165023
CPV,FP.CPI.TOTL.ZG,2010,2.07866470906424
CPV,FP.CPI.TOTL.ZG,2009,0.991103480568085
CPV,FP.CPI.TOTL.ZG,2008,6.77443546371143
CPV,FP.CPI.TOTL.ZG,2007,4.41099704193489
CPV,FP.CPI.TOTL.ZG,2006,5.36907687065549
CPV,FP.CPI.TOTL.ZG,2005,0.41889161285517
CPV,FP.CPI.TOTL.ZG,2004,-1.8908217230618
CPV,FP.CPI.TOTL.ZG,2003,1.18817038620528
CPV,FP.CPI.TOTL.ZG,2002,1.88453410076765
CPV,FP.CPI.TOTL.ZG,2001,3.34996472317894
CPV,FP.CPI.TOTL.ZG,2000,-2.47745668519835
CPV,FP.CPI.TOTL.ZG,1999,4.35643374510453
CPV,FP.CPI.TOTL.ZG,1998,4.39423509983477
CPV,FP.CPI.TOTL.ZG,1997,8.55606258148634
CPV,FP.CPI.TOTL.ZG,1996,5.96361961777576
CPV,FP.CPI.TOTL.ZG,1995,8.35152497972927
CPV,FP.CPI.TOTL.ZG,1994,3.45205833010708
CPV,FP.CPI.TOTL.ZG,1993,5.78839590443697
CPV,FP.CPI.TOTL.ZG,1992,3.11666432682861
CPV,FP.CPI.TOTL.ZG,1991,9.55090741310361
CPV,FP.CPI.TOTL.ZG,1990,10.6535057862491
CPV,FP.CPI.TOTL.ZG,1989,4.55516014234884
CPV,FP.CPI.TOTL.ZG,1988,4.07407407407384
CPV,FP.CPI.TOTL.ZG,1987,3.84615384615409
CPV,FP.CPI.TOTL.ZG,1986,10.8742004264391
CPV,FP.CPI.TOTL.ZG,1985,5.39325842696639
CPV,FP.CPI.TOTL.ZG,1984,11.2499999999997
CPV,FP.CPI.TOTL.ZG,1983,
CPV,FP.CPI.TOTL.ZG,1982,
CPV,FP.CPI.TOTL.ZG,1981,
CPV,FP.CPI.TOTL.ZG,1980,
CPV,FP.CPI.TOTL.ZG,1979,
CPV,FP.CPI.TOTL.ZG,1978,
CPV,FP.CPI.TOTL.ZG,1977,
CPV,FP.CPI.TOTL.ZG,1976,
CPV,FP.CPI.TOTL.ZG,1975,
CPV,FP.CPI.TOTL.ZG,1974,
CPV,FP.CPI.TOTL.ZG,1973,
CPV,FP.CPI.TOTL.ZG,1972,
CPV,FP.CPI.TOTL.ZG,1971,
CPV,FP.CPI.TOTL.ZG,1970,
CPV,FP.CPI.TOTL.ZG,1969,
CPV,FP.CPI.TOTL.ZG,1968,
CPV,FP.CPI.TOTL.ZG,1967,
CPV,FP.CPI.TOTL.ZG,1966,
CPV,FP.CPI.TOTL.ZG,1965,
CPV,FP.CPI.TOTL.ZG,1964,
CPV,FP.CPI.TOTL.ZG,1963,
CPV,FP.CPI.TOTL.ZG,1962,
CPV,FP.CPI.TOTL.ZG,1961,
CPV,FP.CPI.TOTL.ZG,1960,
KHM,FP.CPI.TOTL.ZG,2025,
KHM,FP.CPI.TOTL.ZG,2024,0.808042016536654
KHM,FP.CPI.TOTL.ZG,2023,2.12746796594194
KHM,FP.CPI.TOTL.ZG,2022,5.34370264895437
KHM,FP.CPI.TOTL.ZG,2021,2.92073477592949
KHM,FP.CPI.TOTL.ZG,2020,2.9402951426397
KHM,FP.CPI.TOTL.ZG,2019,1.94257500833107
KHM,FP.CPI.TOTL.ZG,2018,2.45908515380146
KHM,FP.CPI.TOTL.ZG,2017,2.91263557371478
KHM,FP.CPI.TOTL.ZG,2016,3.01913975139128
KHM,FP.CPI.TOTL.ZG,2015,1.22393195511119
KHM,FP.CPI.TOTL.ZG,2014,3.85568861424207
KHM,FP.CPI.TOTL.ZG,2013,2.94162509547349
KHM,FP.CPI.TOTL.ZG,2012,2.93431609293951
KHM,FP.CPI.TOTL.ZG,2011,5.4784474961745
KHM,FP.CPI.TOTL.ZG,2010,3.99639528107218
KHM,FP.CPI.TOTL.ZG,2009,-1.24171754189637
KHM,FP.CPI.TOTL.ZG,2008,24.096851930605
KHM,FP.CPI.TOTL.ZG,2007,8.70882770568049
KHM,FP.CPI.TOTL.ZG,2006,5.81068550464306
KHM,FP.CPI.TOTL.ZG,2005,6.61525912001587
KHM,FP.CPI.TOTL.ZG,2004,4.31933677434786
KHM,FP.CPI.TOTL.ZG,2003,0.94174611779921
KHM,FP.CPI.TOTL.ZG,2002,0.211466568022607
KHM,FP.CPI.TOTL.ZG,2001,-0.600648300123686
KHM,FP.CPI.TOTL.ZG,2000,-0.791992529473567
KHM,FP.CPI.TOTL.ZG,1999,4.00820702088782
KHM,FP.CPI.TOTL.ZG,1998,14.8065035437763
KHM,FP.CPI.TOTL.ZG,1997,7.96021397777456
KHM,FP.CPI.TOTL.ZG,1996,7.15086140872796
KHM,FP.CPI.TOTL.ZG,1995,-0.798944337811878
KHM,FP.CPI.TOTL.ZG,1994,
KHM,FP.CPI.TOTL.ZG,1993,
KHM,FP.CPI.TOTL.ZG,1992,
KHM,FP.CPI.TOTL.ZG,1991,
KHM,FP.CPI.TOTL.ZG,1990,
KHM,FP.CPI.TOTL.ZG,1989,
KHM,FP.CPI.TOTL.ZG,1988,
KHM,FP.CPI.TOTL.ZG,1987,
KHM,FP.CPI.TOTL.ZG,1986,
KHM,FP.CPI.TOTL.ZG,1985,
KHM,FP.CPI.TOTL.ZG,1984,
KHM,FP.CPI.TOTL.ZG,1983,
KHM,FP.CPI.TOTL.ZG,1982,
KHM,FP.CPI.TOTL.ZG,1981,
KHM,FP.CPI.TOTL.ZG,1980,
KHM,FP.CPI.TOTL.ZG,1979,
KHM,FP.CPI.TOTL.ZG,1978,
KHM,FP.CPI.TOTL.ZG,1977,
KHM,FP.CPI.TOTL.ZG,1976,
KHM,FP.CPI.TOTL.ZG,1975,
KHM,FP.CPI.TOTL.ZG,1974,
KHM,FP.CPI.TOTL.ZG,1973,
KHM,FP.CPI.TOTL.ZG,1972,
KHM,FP.CPI.TOTL.ZG,1971,
KHM,FP.CPI.TOTL.ZG,1970,
KHM,FP.CPI.TOTL.ZG,1969,
KHM,FP.CPI.TOTL.ZG,1968,
KHM,FP.CPI.TOTL.ZG,1967,
KHM,FP.CPI.TOTL.ZG,1966,
KHM,FP.CPI.TOTL.ZG,1965,
KHM,FP.CPI.TOTL.ZG,1964,
KHM,FP.CPI.TOTL.ZG,1963,
KHM,FP.CPI.TOTL.ZG,1962,
KHM,FP.CPI.TOTL.ZG,1961,
KHM,FP.CPI.TOTL.ZG,1960,
CMR,FP.CPI.TOTL.ZG,2025,
CMR,FP.CPI.TOTL.ZG,2024,4.53331349711606
CMR,FP.CPI.TOTL.ZG,2023,7.38281384280984
CMR,FP.CPI.TOTL.ZG,2022,6.24767713343861
CMR,FP.CPI.TOTL.ZG,2021,2.27185762503637
CMR,FP.CPI.TOTL.ZG,2020,2.43760882182236
CMR,FP.CPI.TOTL.ZG,2019,2.45280214062732
CMR,FP.CPI.TOTL.ZG,2018,1.0688581131292
CMR,FP.CPI.TOTL.ZG,2017,0.64040914988195
CMR,FP.CPI.TOTL.ZG,2016,0.874190383288856
CMR,FP.CPI.TOTL.ZG,2015,2.676235314199
CMR,FP.CPI.TOTL.ZG,2014,1.85489850366777
CMR,FP.CPI.TOTL.ZG,2013,2.05034718001741
CMR,FP.CPI.TOTL.ZG,2012,2.73529677529539
CMR,FP.CPI.TOTL.ZG,2011,2.93969946305091
CMR,FP.CPI.TOTL.ZG,2010,1.27538046242338
CMR,FP.CPI.TOTL.ZG,2009,3.04361847939999
CMR,FP.CPI.TOTL.ZG,2008,5.33780627627498
CMR,FP.CPI.TOTL.ZG,2007,0.921402245650095
CMR,FP.CPI.TOTL.ZG,2006,5.11757816019469
CMR,FP.CPI.TOTL.ZG,2005,2.01353950175986
CMR,FP.CPI.TOTL.ZG,2004,0.233647380067584
CMR,FP.CPI.TOTL.ZG,2003,0.623163557374316
CMR,FP.CPI.TOTL.ZG,2002,2.83442260128067
CMR,FP.CPI.TOTL.ZG,2001,4.41977245881146
CMR,FP.CPI.TOTL.ZG,2000,1.22719012976132
CMR,FP.CPI.TOTL.ZG,1999,1.87174500672008
CMR,FP.CPI.TOTL.ZG,1998,3.17075185386907
CMR,FP.CPI.TOTL.ZG,1997,4.78623881860376
CMR,FP.CPI.TOTL.ZG,1996,3.92406372749798
CMR,FP.CPI.TOTL.ZG,1995,9.06969071921509
CMR,FP.CPI.TOTL.ZG,1994,35.0944618459464
CMR,FP.CPI.TOTL.ZG,1993,-3.20655456915868
CMR,FP.CPI.TOTL.ZG,1992,-0.0160550458717418
CMR,FP.CPI.TOTL.ZG,1991,0.0600513305003455
CMR,FP.CPI.TOTL.ZG,1990,1.09938128383608
CMR,FP.CPI.TOTL.ZG,1989,-1.66552589550544
CMR,FP.CPI.TOTL.ZG,1988,1.6823326077121
CMR,FP.CPI.TOTL.ZG,1987,13.140499844701
CMR,FP.CPI.TOTL.ZG,1986,7.77002498703532
CMR,FP.CPI.TOTL.ZG,1985,8.50837434391595
CMR,FP.CPI.TOTL.ZG,1984,11.3733220902937
CMR,FP.CPI.TOTL.ZG,1983,16.6312264100787
CMR,FP.CPI.TOTL.ZG,1982,13.2570198610704
CMR,FP.CPI.TOTL.ZG,1981,10.7275000000004
CMR,FP.CPI.TOTL.ZG,1980,9.55175427642866
CMR,FP.CPI.TOTL.ZG,1979,6.58061081902716
CMR,FP.CPI.TOTL.ZG,1978,12.4630523441787
CMR,FP.CPI.TOTL.ZG,1977,14.6983091581554
CMR,FP.CPI.TOTL.ZG,1976,9.93065056369725
CMR,FP.CPI.TOTL.ZG,1975,13.5533294051262
CMR,FP.CPI.TOTL.ZG,1974,17.2329334923306
CMR,FP.CPI.TOTL.ZG,1973,10.3847487003839
CMR,FP.CPI.TOTL.ZG,1972,8.09291869579621
CMR,FP.CPI.TOTL.ZG,1971,4.01402961809857
CMR,FP.CPI.TOTL.ZG,1970,5.8580858085174
CMR,FP.CPI.TOTL.ZG,1969,-1.1015911872741
CMR,FP.CPI.TOTL.ZG,1968,
CMR,FP.CPI.TOTL.ZG,1967,
CMR,FP.CPI.TOTL.ZG,1966,
CMR,FP.CPI.TOTL.ZG,1965,
CMR,FP.CPI.TOTL.ZG,1964,
CMR,FP.CPI.TOTL.ZG,1963,
CMR,FP.CPI.TOTL.ZG,1962,
CMR,FP.CPI.TOTL.ZG,1961,
CMR,FP.CPI.TOTL.ZG,1960,
CAN,FP.CPI.TOTL.ZG,2025,
CAN,FP.CPI.TOTL.ZG,2024,2.38158383281173
CAN,FP.CPI.TOTL.ZG,2023,3.87900159788426
CAN,FP.CPI.TOTL.ZG,2022,6.80280115341613
CAN,FP.CPI.TOTL.ZG,2021,3.39519318527528
CAN,FP.CPI.TOTL.ZG,2020,0.716999632307827
CAN,FP.CPI.TOTL.ZG,2019,1.94926902411593
CAN,FP.CPI.TOTL.ZG,2018,2.26822567248103
CAN,FP.CPI.TOTL.ZG,2017,1.59688412852977
CAN,FP.CPI.TOTL.ZG,2016,1.42875954701085
CAN,FP.CPI.TOTL.ZG,2015,1.12524136094277
CAN,FP.CPI.TOTL.ZG,2014,1.90663590717861
CAN,FP.CPI.TOTL.ZG,2013,0.938291897815317
CAN,FP.CPI.TOTL.ZG,2012,1.51567823124517
CAN,FP.CPI.TOTL.ZG,2011,2.91213508872351
CAN,FP.CPI.TOTL.ZG,2010,1.77687154092627
CAN,FP.CPI.TOTL.ZG,2009,0.299466803009299
CAN,FP.CPI.TOTL.ZG,2008,2.37027067444299
CAN,FP.CPI.TOTL.ZG,2007,2.13838399266837
CAN,FP.CPI.TOTL.ZG,2006,2.00202539534161
CAN,FP.CPI.TOTL.ZG,2005,2.21355203439767
CAN,FP.CPI.TOTL.ZG,2004,1.85725871857256
CAN,FP.CPI.TOTL.ZG,2003,2.75856321360112
CAN,FP.CPI.TOTL.ZG,2002,2.25839440940855
CAN,FP.CPI.TOTL.ZG,2001,2.52512013979906
CAN,FP.CPI.TOTL.ZG,2000,2.71943995691976
CAN,FP.CPI.TOTL.ZG,1999,1.73484295105918
CAN,FP.CPI.TOTL.ZG,1998,0.99594245665802
CAN,FP.CPI.TOTL.ZG,1997,1.62121638084531
CAN,FP.CPI.TOTL.ZG,1996,1.57053112507138
CAN,FP.CPI.TOTL.ZG,1995,2.14876033057849
CAN,FP.CPI.TOTL.ZG,1994,0.165562913907291
CAN,FP.CPI.TOTL.ZG,1993,1.86507936507939
CAN,FP.CPI.TOTL.ZG,1992,1.49013290374545
CAN,FP.CPI.TOTL.ZG,1991,5.62586408593005
CAN,FP.CPI.TOTL.ZG,1990,4.78047693336304
CAN,FP.CPI.TOTL.ZG,1989,4.98362189985958
CAN,FP.CPI.TOTL.ZG,1988,4.02823414871611
CAN,FP.CPI.TOTL.ZG,1987,4.3561087122174
CAN,FP.CPI.TOTL.ZG,1986,4.19478629085621
CAN,FP.CPI.TOTL.ZG,1985,3.96203054065205
CAN,FP.CPI.TOTL.ZG,1984,4.30477830391737
CAN,FP.CPI.TOTL.ZG,1983,5.86358802977368
CAN,FP.CPI.TOTL.ZG,1982,10.7689718997139
CAN,FP.CPI.TOTL.ZG,1981,12.4716124148372
CAN,FP.CPI.TOTL.ZG,1980,10.1292205085453
CAN,FP.CPI.TOTL.ZG,1979,9.14467697907181
CAN,FP.CPI.TOTL.ZG,1978,8.97372335151214
CAN,FP.CPI.TOTL.ZG,1977,7.9764453961457
CAN,FP.CPI.TOTL.ZG,1976,7.54173862982148
CAN,FP.CPI.TOTL.ZG,1975,10.672188595094
CAN,FP.CPI.TOTL.ZG,1974,10.997171145686
CAN,FP.CPI.TOTL.ZG,1973,7.48764728240211
CAN,FP.CPI.TOTL.ZG,1972,4.98802873104551
CAN,FP.CPI.TOTL.ZG,1971,2.70491803278685
CAN,FP.CPI.TOTL.ZG,1970,3.34603981363832
CAN,FP.CPI.TOTL.ZG,1969,4.56155890168292
CAN,FP.CPI.TOTL.ZG,1968,4.05529953917047
CAN,FP.CPI.TOTL.ZG,1967,3.57995226730312
CAN,FP.CPI.TOTL.ZG,1966,3.81565906838453
CAN,FP.CPI.TOTL.ZG,1965,2.33265720081135
CAN,FP.CPI.TOTL.ZG,1964,1.91214470284237
CAN,FP.CPI.TOTL.ZG,1963,1.62815126050428
CAN,FP.CPI.TOTL.ZG,1962,1.06157112526535
CAN,FP.CPI.TOTL.ZG,1961,1.01876675603211
CAN,FP.CPI.TOTL.ZG,1960,1.35869565217392
CYM,FP.CPI.TOTL.ZG,2025,
CYM,FP.CPI.TOTL.ZG,2024,
CYM,FP.CPI.TOTL.ZG,2023,
CYM,FP.CPI.TOTL.ZG,2022,
CYM,FP.CPI.TOTL.ZG,2021,
CYM,FP.CPI.TOTL.ZG,2020,
CYM,FP.CPI.TOTL.ZG,2019,
CYM,FP.CPI.TOTL.ZG,2018,
CYM,FP.CPI.TOTL.ZG,2017,
CYM,FP.CPI.TOTL.ZG,2016,-0.62525835861814
CYM,FP.CPI.TOTL.ZG,2015,-2.34752770165615
CYM,FP.CPI.TOTL.ZG,2014,1.27397911533388
CYM,FP.CPI.TOTL.ZG,2013,2.16061146813391
CYM,FP.CPI.TOTL.ZG,2012,1.18894845245608
CYM,FP.CPI.TOTL.ZG,2011,1.32543575779664
CYM,FP.CPI.TOTL.ZG,2010,0.276140861750108
CYM,FP.CPI.TOTL.ZG,2009,
CYM,FP.CPI.TOTL.ZG,2008,
CYM,FP.CPI.TOTL.ZG,2007,
CYM,FP.CPI.TOTL.ZG,2006,
CYM,FP.CPI.TOTL.ZG,2005,
CYM,FP.CPI.TOTL.ZG,2004,
CYM,FP.CPI.TOTL.ZG,2003,
CYM,FP.CPI.TOTL.ZG,2002,
CYM,FP.CPI.TOTL.ZG,2001,
CYM,FP.CPI.TOTL.ZG,2000,
CYM,FP.CPI.TOTL.ZG,1999,
CYM,FP.CPI.TOTL.ZG,1998,
CYM,FP.CPI.TOTL.ZG,1997,
CYM,FP.CPI.TOTL.ZG,1996,
CYM,FP.CPI.TOTL.ZG,1995,
CYM,FP.CPI.TOTL.ZG,1994,
CYM,FP.CPI.TOTL.ZG,1993,
CYM,FP.CPI.TOTL.ZG,1992,
CYM,FP.CPI.TOTL.ZG,1991,
CYM,FP.CPI.TOTL.ZG,1990,
CYM,FP.CPI.TOTL.ZG,1989,
CYM,FP.CPI.TOTL.ZG,1988,
CYM,FP.CPI.TOTL.ZG,1987,
CYM,FP.CPI.TOTL.ZG,1986,
CYM,FP.CPI.TOTL.ZG,1985,
CYM,FP.CPI.TOTL.ZG,1984,
CYM,FP.CPI.TOTL.ZG,1983,
CYM,FP.CPI.TOTL.ZG,1982,
CYM,FP.CPI.TOTL.ZG,1981,
CYM,FP.CPI.TOTL.ZG,1980,
CYM,FP.CPI.TOTL.ZG,1979,
CYM,FP.CPI.TOTL.ZG,1978,
CYM,FP.CPI.TOTL.ZG,1977,
CYM,FP.CPI.TOTL.ZG,1976,
CYM,FP.CPI.TOTL.ZG,1975,
CYM,FP.CPI.TOTL.ZG,1974,
CYM,FP.CPI.TOTL.ZG,1973,
CYM,FP.CPI.TOTL.ZG,1972,
CYM,FP.CPI.TOTL.ZG,1971,
CYM,FP.CPI.TOTL.ZG,1970,
CYM,FP.CPI.TOTL.ZG,1969,
CYM,FP.CPI.TOTL.ZG,1968,
CYM,FP.CPI.TOTL.ZG,1967,
CYM,FP.CPI.TOTL.ZG,1966,
CYM,FP.CPI.TOTL.ZG,1965,
CYM,FP.CPI.TOTL.ZG,1964,
CYM,FP.CPI.TOTL.ZG,1963,
CYM,FP.CPI.TOTL.ZG,1962,
CYM,FP.CPI.TOTL.ZG,1961,
CYM,FP.CPI.TOTL.ZG,1960,
CAF,FP.CPI.TOTL.ZG,2025,
CAF,FP.CPI.TOTL.ZG,2024,1.47733600718744
CAF,FP.CPI.TOTL.ZG,2023,2.97913852618937
CAF,FP.CPI.TOTL.ZG,2022,5.58316735183247
CAF,FP.CPI.TOTL.ZG,2021,4.25936417542868
CAF,FP.CPI.TOTL.ZG,2020,1.71015659523153
CAF,FP.CPI.TOTL.ZG,2019,2.68537355266787
CAF,FP.CPI.TOTL.ZG,2018,1.61215686991555
CAF,FP.CPI.TOTL.ZG,2017,4.18072331871267
CAF,FP.CPI.TOTL.ZG,2016,4.94543276106518
CAF,FP.CPI.TOTL.ZG,2015,1.40297017136816
CAF,FP.CPI.TOTL.ZG,2014,14.898684179755
CAF,FP.CPI.TOTL.ZG,2013,6.98879341970198
CAF,FP.CPI.TOTL.ZG,2012,5.47829594346117
CAF,FP.CPI.TOTL.ZG,2011,1.1944757244985
CAF,FP.CPI.TOTL.ZG,2010,1.49102370047802
CAF,FP.CPI.TOTL.ZG,2009,3.52126227238643
CAF,FP.CPI.TOTL.ZG,2008,9.25895099417076
CAF,FP.CPI.TOTL.ZG,2007,0.95991761945711
CAF,FP.CPI.TOTL.ZG,2006,6.69526465773354
CAF,FP.CPI.TOTL.ZG,2005,2.88352073359022
CAF,FP.CPI.TOTL.ZG,2004,-2.06640601136303
CAF,FP.CPI.TOTL.ZG,2003,4.13470905150996
CAF,FP.CPI.TOTL.ZG,2002,2.33181703516235
CAF,FP.CPI.TOTL.ZG,2001,3.83486060237362
CAF,FP.CPI.TOTL.ZG,2000,3.20340091563112
CAF,FP.CPI.TOTL.ZG,1999,-1.41420220082551
CAF,FP.CPI.TOTL.ZG,1998,-1.8852009615791
CAF,FP.CPI.TOTL.ZG,1997,1.61131347760911
CAF,FP.CPI.TOTL.ZG,1996,3.72494110325802
CAF,FP.CPI.TOTL.ZG,1995,19.1894039735098
CAF,FP.CPI.TOTL.ZG,1994,24.5710137275605
CAF,FP.CPI.TOTL.ZG,1993,-2.91535849298335
CAF,FP.CPI.TOTL.ZG,1992,-1.03360811667777
CAF,FP.CPI.TOTL.ZG,1991,-2.76236280675762
CAF,FP.CPI.TOTL.ZG,1990,-0.0123304562272102
CAF,FP.CPI.TOTL.ZG,1989,0.689055807312738
CAF,FP.CPI.TOTL.ZG,1988,-3.96446882079366
CAF,FP.CPI.TOTL.ZG,1987,-6.98680270599974
CAF,FP.CPI.TOTL.ZG,1986,2.24515251162269
CAF,FP.CPI.TOTL.ZG,1985,10.4238402303886
CAF,FP.CPI.TOTL.ZG,1984,2.54220966810047
CAF,FP.CPI.TOTL.ZG,1983,14.6126112868811
CAF,FP.CPI.TOTL.ZG,1982,13.2960986995663
CAF,FP.CPI.TOTL.ZG,1981,-0.0333333333334091
CAF,FP.CPI.TOTL.ZG,1980,
CAF,FP.CPI.TOTL.ZG,1979,
CAF,FP.CPI.TOTL.ZG,1978,
CAF,FP.CPI.TOTL.ZG,1977,
CAF,FP.CPI.TOTL.ZG,1976,
CAF,FP.CPI.TOTL.ZG,1975,
CAF,FP.CPI.TOTL.ZG,1974,
CAF,FP.CPI.TOTL.ZG,1973,
CAF,FP.CPI.TOTL.ZG,1972,
CAF,FP.CPI.TOTL.ZG,1971,
CAF,FP.CPI.TOTL.ZG,1970,
CAF,FP.CPI.TOTL.ZG,1969,
CAF,FP.CPI.TOTL.ZG,1968,
CAF,FP.CPI.TOTL.ZG,1967,
CAF,FP.CPI.TOTL.ZG,1966,
CAF,FP.CPI.TOTL.ZG,1965,
CAF,FP.CPI.TOTL.ZG,1964,
CAF,FP.CPI.TOTL.ZG,1963,
CAF,FP.CPI.TOTL.ZG,1962,
CAF,FP.CPI.TOTL.ZG,1961,
CAF,FP.CPI.TOTL.ZG,1960,
TCD,FP.CPI.TOTL.ZG,2025,
TCD,FP.CPI.TOTL.ZG,2024,8.89950732263754
TCD,FP.CPI.TOTL.ZG,2023,10.8363568399843
TCD,FP.CPI.TOTL.ZG,2022,5.78802687843616
TCD,FP.CPI.TOTL.ZG,2021,-0.77284437035914
TCD,FP.CPI.TOTL.ZG,2020,4.46414437232861
TCD,FP.CPI.TOTL.ZG,2019,-0.971939175419401
TCD,FP.CPI.TOTL.ZG,2018,4.27462198610545
TCD,FP.CPI.TOTL.ZG,2017,-1.5370996298084
TCD,FP.CPI.TOTL.ZG,2016,-0.792440525236102
TCD,FP.CPI.TOTL.ZG,2015,4.37712665065654
TCD,FP.CPI.TOTL.ZG,2014,1.6819731392567
TCD,FP.CPI.TOTL.ZG,2013,0.222671564624551
TCD,FP.CPI.TOTL.ZG,2012,7.51662364663833
TCD,FP.CPI.TOTL.ZG,2011,2.0292405367826
TCD,FP.CPI.TOTL.ZG,2010,-2.07786574641866
TCD,FP.CPI.TOTL.ZG,2009,9.95242290748864
TCD,FP.CPI.TOTL.ZG,2008,10.2969758221254
TCD,FP.CPI.TOTL.ZG,2007,-8.9747396200927
TCD,FP.CPI.TOTL.ZG,2006,8.03628897951331
TCD,FP.CPI.TOTL.ZG,2005,7.89036567462993
TCD,FP.CPI.TOTL.ZG,2004,-5.35540028884816
TCD,FP.CPI.TOTL.ZG,2003,-1.75256941248655
TCD,FP.CPI.TOTL.ZG,2002,5.19181895195446
TCD,FP.CPI.TOTL.ZG,2001,12.4312865279941
TCD,FP.CPI.TOTL.ZG,2000,3.82260088086306
TCD,FP.CPI.TOTL.ZG,1999,-8.02505962727454
TCD,FP.CPI.TOTL.ZG,1998,4.2588511022514
TCD,FP.CPI.TOTL.ZG,1997,5.5722571112533
TCD,FP.CPI.TOTL.ZG,1996,11.3308789057282
TCD,FP.CPI.TOTL.ZG,1995,9.23032599768656
TCD,FP.CPI.TOTL.ZG,1994,41.7248972364414
TCD,FP.CPI.TOTL.ZG,1993,-8.427933486518
TCD,FP.CPI.TOTL.ZG,1992,-3.11303067214949
TCD,FP.CPI.TOTL.ZG,1991,3.19387473029496
TCD,FP.CPI.TOTL.ZG,1990,-0.738282265310918
TCD,FP.CPI.TOTL.ZG,1989,-3.68913460441471
TCD,FP.CPI.TOTL.ZG,1988,15.4775176514303
TCD,FP.CPI.TOTL.ZG,1987,-5.97484276729554
TCD,FP.CPI.TOTL.ZG,1986,-13.0565725758829
TCD,FP.CPI.TOTL.ZG,1985,5.15399900645816
TCD,FP.CPI.TOTL.ZG,1984,20.2508960573479
TCD,FP.CPI.TOTL.ZG,1983,
TCD,FP.CPI.TOTL.ZG,1982,
TCD,FP.CPI.TOTL.ZG,1981,
TCD,FP.CPI.TOTL.ZG,1980,
TCD,FP.CPI.TOTL.ZG,1979,
TCD,FP.CPI.TOTL.ZG,1978,
TCD,FP.CPI.TOTL.ZG,1977,
TCD,FP.CPI.TOTL.ZG,1976,
TCD,FP.CPI.TOTL.ZG,1975,
TCD,FP.CPI.TOTL.ZG,1974,
TCD,FP.CPI.TOTL.ZG,1973,
TCD,FP.CPI.TOTL.ZG,1972,
TCD,FP.CPI.TOTL.ZG,1971,
TCD,FP.CPI.TOTL.ZG,1970,
TCD,FP.CPI.TOTL.ZG,1969,
TCD,FP.CPI.TOTL.ZG,1968,
TCD,FP.CPI.TOTL.ZG,1967,
TCD,FP.CPI.TOTL.ZG,1966,
TCD,FP.CPI.TOTL.ZG,1965,
TCD,FP.CPI.TOTL.ZG,1964,
TCD,FP.CPI.TOTL.ZG,1963,
TCD,FP.CPI.TOTL.ZG,1962,
TCD,FP.CPI.TOTL.ZG,1961,
TCD,FP.CPI.TOTL.ZG,1960,
CHI,FP.CPI.TOTL.ZG,2025,
CHI,FP.CPI.TOTL.ZG,2024,
CHI,FP.CPI.TOTL.ZG,2023,
CHI,FP.CPI.TOTL.ZG,2022,
CHI,FP.CPI.TOTL.ZG,2021,
CHI,FP.CPI.TOTL.ZG,2020,
CHI,FP.CPI.TOTL.ZG,2019,
CHI,FP.CPI.TOTL.ZG,2018,
CHI,FP.CPI.TOTL.ZG,2017,
CHI,FP.CPI.TOTL.ZG,2016,
CHI,FP.CPI.TOTL.ZG,2015,
CHI,FP.CPI.TOTL.ZG,2014,
CHI,FP.CPI.TOTL.ZG,2013,
CHI,FP.CPI.TOTL.ZG,2012,
CHI,FP.CPI.TOTL.ZG,2011,
CHI,FP.CPI.TOTL.ZG,2010,
CHI,FP.CPI.TOTL.ZG,2009,
CHI,FP.CPI.TOTL.ZG,2008,
CHI,FP.CPI.TOTL.ZG,2007,
CHI,FP.CPI.TOTL.ZG,2006,
CHI,FP.CPI.TOTL.ZG,2005,
CHI,FP.CPI.TOTL.ZG,2004,
CHI,FP.CPI.TOTL.ZG,2003,
CHI,FP.CPI.TOTL.ZG,2002,
CHI,FP.CPI.TOTL.ZG,2001,
CHI,FP.CPI.TOTL.ZG,2000,
CHI,FP.CPI.TOTL.ZG,1999,
CHI,FP.CPI.TOTL.ZG,1998,
CHI,FP.CPI.TOTL.ZG,1997,
CHI,FP.CPI.TOTL.ZG,1996,
CHI,FP.CPI.TOTL.ZG,1995,
CHI,FP.CPI.TOTL.ZG,1994,
CHI,FP.CPI.TOTL.ZG,1993,
CHI,FP.CPI.TOTL.ZG,1992,
CHI,FP.CPI.TOTL.ZG,1991,
CHI,FP.CPI.TOTL.ZG,1990,
CHI,FP.CPI.TOTL.ZG,1989,
CHI,FP.CPI.TOTL.ZG,1988,
CHI,FP.CPI.TOTL.ZG,1987,
CHI,FP.CPI.TOTL.ZG,1986,
CHI,FP.CPI.TOTL.ZG,1985,
CHI,FP.CPI.TOTL.ZG,1984,
CHI,FP.CPI.TOTL.ZG,1983,
CHI,FP.CPI.TOTL.ZG,1982,
CHI,FP.CPI.TOTL.ZG,1981,
CHI,FP.CPI.TOTL.ZG,1980,
CHI,FP.CPI.TOTL.ZG,1979,
CHI,FP.CPI.TOTL.ZG,1978,
CHI,FP.CPI.TOTL.ZG,1977,
CHI,FP.CPI.TOTL.ZG,1976,
CHI,FP.CPI.TOTL.ZG,1975,
CHI,FP.CPI.TOTL.ZG,1974,
CHI,FP.CPI.TOTL.ZG,1973,
CHI,FP.CPI.TOTL.ZG,1972,
CHI,FP.CPI.TOTL.ZG,1971,
CHI,FP.CPI.TOTL.ZG,1970,
CHI,FP.CPI.TOTL.ZG,1969,
CHI,FP.CPI.TOTL.ZG,1968,
CHI,FP.CPI.TOTL.ZG,1967,
CHI,FP.CPI.TOTL.ZG,1966,
CHI,FP.CPI.TOTL.ZG,1965,
CHI,FP.CPI.TOTL.ZG,1964,
CHI,FP.CPI.TOTL.ZG,1963,
CHI,FP.CPI.TOTL.ZG,1962,
CHI,FP.CPI.TOTL.ZG,1961,
CHI,FP.CPI.TOTL.ZG,1960,
CHL,FP.CPI.TOTL.ZG,2025,
CHL,FP.CPI.TOTL.ZG,2024,4.29763891572524
CHL,FP.CPI.TOTL.ZG,2023,7.58168251407962
CHL,FP.CPI.TOTL.ZG,2022,11.643866711056
CHL,FP.CPI.TOTL.ZG,2021,4.52456838259144
CHL,FP.CPI.TOTL.ZG,2020,3.04549084804326
CHL,FP.CPI.TOTL.ZG,2019,2.55754475703327
CHL,FP.CPI.TOTL.ZG,2018,2.43488981353057
CHL,FP.CPI.TOTL.ZG,2017,2.18271846868519
CHL,FP.CPI.TOTL.ZG,2016,3.78619355893118
CHL,FP.CPI.TOTL.ZG,2015,4.34877353217044
CHL,FP.CPI.TOTL.ZG,2014,4.71867527854672
CHL,FP.CPI.TOTL.ZG,2013,1.7895555398459
CHL,FP.CPI.TOTL.ZG,2012,3.00744840213047
CHL,FP.CPI.TOTL.ZG,2011,3.34121694259302
CHL,FP.CPI.TOTL.ZG,2010,1.41071107954321
CHL,FP.CPI.TOTL.ZG,2009,0.353045178360937
CHL,FP.CPI.TOTL.ZG,2008,8.71626873039607
CHL,FP.CPI.TOTL.ZG,2007,4.40779938398044
CHL,FP.CPI.TOTL.ZG,2006,3.39201733699405
CHL,FP.CPI.TOTL.ZG,2005,3.05257621387849
CHL,FP.CPI.TOTL.ZG,2004,1.05473871403517
CHL,FP.CPI.TOTL.ZG,2003,2.8101787574361
CHL,FP.CPI.TOTL.ZG,2002,2.48939816650705
CHL,FP.CPI.TOTL.ZG,2001,3.56910053001467
CHL,FP.CPI.TOTL.ZG,2000,3.84327295706565
CHL,FP.CPI.TOTL.ZG,1999,3.33687917526023
CHL,FP.CPI.TOTL.ZG,1998,5.11024954517559
CHL,FP.CPI.TOTL.ZG,1997,6.13386464357927
CHL,FP.CPI.TOTL.ZG,1996,7.35911781788767
CHL,FP.CPI.TOTL.ZG,1995,8.23263034116114
CHL,FP.CPI.TOTL.ZG,1994,11.4431196444973
CHL,FP.CPI.TOTL.ZG,1993,12.7277669490964
CHL,FP.CPI.TOTL.ZG,1992,15.4258064688928
CHL,FP.CPI.TOTL.ZG,1991,21.7844124277757
CHL,FP.CPI.TOTL.ZG,1990,26.0364811362364
CHL,FP.CPI.TOTL.ZG,1989,17.0279367308962
CHL,FP.CPI.TOTL.ZG,1988,14.684351250082
CHL,FP.CPI.TOTL.ZG,1987,19.8808457201905
CHL,FP.CPI.TOTL.ZG,1986,19.4768379232582
CHL,FP.CPI.TOTL.ZG,1985,30.7034989096151
CHL,FP.CPI.TOTL.ZG,1984,19.8602056602626
CHL,FP.CPI.TOTL.ZG,1983,27.2571946726204
CHL,FP.CPI.TOTL.ZG,1982,9.94102693041832
CHL,FP.CPI.TOTL.ZG,1981,19.6868327084319
CHL,FP.CPI.TOTL.ZG,1980,35.1383405330485
CHL,FP.CPI.TOTL.ZG,1979,33.3892190102252
CHL,FP.CPI.TOTL.ZG,1978,40.0872246313854
CHL,FP.CPI.TOTL.ZG,1977,91.9541325565104
CHL,FP.CPI.TOTL.ZG,1976,211.924302225904
CHL,FP.CPI.TOTL.ZG,1975,374.735274232635
CHL,FP.CPI.TOTL.ZG,1974,504.738541215978
CHL,FP.CPI.TOTL.ZG,1973,352.810986573029
CHL,FP.CPI.TOTL.ZG,1972,77.7957404755204
CHL,FP.CPI.TOTL.ZG,1971,20.0522312040536
CHL,FP.CPI.TOTL.ZG,1970,
CHL,FP.CPI.TOTL.ZG,1969,
CHL,FP.CPI.TOTL.ZG,1968,
CHL,FP.CPI.TOTL.ZG,1967,
CHL,FP.CPI.TOTL.ZG,1966,
CHL,FP.CPI.TOTL.ZG,1965,
CHL,FP.CPI.TOTL.ZG,1964,
CHL,FP.CPI.TOTL.ZG,1963,
CHL,FP.CPI.TOTL.ZG,1962,
CHL,FP.CPI.TOTL.ZG,1961,
CHL,FP.CPI.TOTL.ZG,1960,
CHN,FP.CPI.TOTL.ZG,2025,
CHN,FP.CPI.TOTL.ZG,2024,0.218128938439177
CHN,FP.CPI.TOTL.ZG,2023,0.234836828893051
CHN,FP.CPI.TOTL.ZG,2022,1.97357555739051
CHN,FP.CPI.TOTL.ZG,2021,0.981015135544882
CHN,FP.CPI.TOTL.ZG,2020,2.41942189457782
CHN,FP.CPI.TOTL.ZG,2019,2.89923416358227
CHN,FP.CPI.TOTL.ZG,2018,2.07479039965576
CHN,FP.CPI.TOTL.ZG,2017,1.59313600071436
CHN,FP.CPI.TOTL.ZG,2016,2.00000182191943
CHN,FP.CPI.TOTL.ZG,2015,1.43702380935655
CHN,FP.CPI.TOTL.ZG,2014,1.92164162788521
CHN,FP.CPI.TOTL.ZG,2013,2.62105001748115
CHN,FP.CPI.TOTL.ZG,2012,2.61952432645541
CHN,FP.CPI.TOTL.ZG,2011,5.55389892257493
CHN,FP.CPI.TOTL.ZG,2010,3.17532475269199
CHN,FP.CPI.TOTL.ZG,2009,-0.728165250932898
CHN,FP.CPI.TOTL.ZG,2008,5.92525137041092
CHN,FP.CPI.TOTL.ZG,2007,4.81676767378834
CHN,FP.CPI.TOTL.ZG,2006,1.6494309945586
CHN,FP.CPI.TOTL.ZG,2005,1.77641407667571
CHN,FP.CPI.TOTL.ZG,2004,3.82463743108159
CHN,FP.CPI.TOTL.ZG,2003,1.12760348729637
CHN,FP.CPI.TOTL.ZG,2002,-0.731970902350244
CHN,FP.CPI.TOTL.ZG,2001,0.719125609120114
CHN,FP.CPI.TOTL.ZG,2000,0.347811226864587
CHN,FP.CPI.TOTL.ZG,1999,-1.40147268276465
CHN,FP.CPI.TOTL.ZG,1998,-0.773186011549318
CHN,FP.CPI.TOTL.ZG,1997,2.78646505531882
CHN,FP.CPI.TOTL.ZG,1996,8.31316028893909
CHN,FP.CPI.TOTL.ZG,1995,16.7912251650916
CHN,FP.CPI.TOTL.ZG,1994,24.2569897243361
CHN,FP.CPI.TOTL.ZG,1993,14.6100786356602
CHN,FP.CPI.TOTL.ZG,1992,6.35398134024869
CHN,FP.CPI.TOTL.ZG,1991,3.55668565220452
CHN,FP.CPI.TOTL.ZG,1990,3.05229012075233
CHN,FP.CPI.TOTL.ZG,1989,18.2456383621648
CHN,FP.CPI.TOTL.ZG,1988,18.8118179448753
CHN,FP.CPI.TOTL.ZG,1987,7.23383553065609
CHN,FP.CPI.TOTL.ZG,1986,
CHN,FP.CPI.TOTL.ZG,1985,
CHN,FP.CPI.TOTL.ZG,1984,
CHN,FP.CPI.TOTL.ZG,1983,
CHN,FP.CPI.TOTL.ZG,1982,
CHN,FP.CPI.TOTL.ZG,1981,
CHN,FP.CPI.TOTL.ZG,1980,
CHN,FP.CPI.TOTL.ZG,1979,
CHN,FP.CPI.TOTL.ZG,1978,
CHN,FP.CPI.TOTL.ZG,1977,
CHN,FP.CPI.TOTL.ZG,1976,
CHN,FP.CPI.TOTL.ZG,1975,
CHN,FP.CPI.TOTL.ZG,1974,
CHN,FP.CPI.TOTL.ZG,1973,
CHN,FP.CPI.TOTL.ZG,1972,
CHN,FP.CPI.TOTL.ZG,1971,
CHN,FP.CPI.TOTL.ZG,1970,
CHN,FP.CPI.TOTL.ZG,1969,
CHN,FP.CPI.TOTL.ZG,1968,
CHN,FP.CPI.TOTL.ZG,1967,
CHN,FP.CPI.TOTL.ZG,1966,
CHN,FP.CPI.TOTL.ZG,1965,
CHN,FP.CPI.TOTL.ZG,1964,
CHN,FP.CPI.TOTL.ZG,1963,
CHN,FP.CPI.TOTL.ZG,1962,
CHN,FP.CPI.TOTL.ZG,1961,
CHN,FP.CPI.TOTL.ZG,1960,
COL,FP.CPI.TOTL.ZG,2025,
COL,FP.CPI.TOTL.ZG,2024,6.60908593728228
COL,FP.CPI.TOTL.ZG,2023,11.7359044948689
COL,FP.CPI.TOTL.ZG,2022,10.1772313546166
COL,FP.CPI.TOTL.ZG,2021,3.49505757399448
COL,FP.CPI.TOTL.ZG,2020,2.52663500084706
COL,FP.CPI.TOTL.ZG,2019,3.52301932741447
COL,FP.CPI.TOTL.ZG,2018,3.24056932930569
COL,FP.CPI.TOTL.ZG,2017,4.31431325695011
COL,FP.CPI.TOTL.ZG,2016,7.51346024627675
COL,FP.CPI.TOTL.ZG,2015,4.9898311584953
COL,FP.CPI.TOTL.ZG,2014,2.89883787761738
COL,FP.CPI.TOTL.ZG,2013,2.01699224310383
COL,FP.CPI.TOTL.ZG,2012,3.16930188840055
COL,FP.CPI.TOTL.ZG,2011,3.4150334477625
COL,FP.CPI.TOTL.ZG,2010,2.27200227892008
COL,FP.CPI.TOTL.ZG,2009,4.20251661216482
COL,FP.CPI.TOTL.ZG,2008,6.99688495554511
COL,FP.CPI.TOTL.ZG,2007,5.54438485815156
COL,FP.CPI.TOTL.ZG,2006,4.29342363628927
COL,FP.CPI.TOTL.ZG,2005,5.05101962689696
COL,FP.CPI.TOTL.ZG,2004,5.90402005546502
COL,FP.CPI.TOTL.ZG,2003,7.1297886294186
COL,FP.CPI.TOTL.ZG,2002,6.35150728778872
COL,FP.CPI.TOTL.ZG,2001,7.96556090304834
COL,FP.CPI.TOTL.ZG,2000,9.22534818585366
COL,FP.CPI.TOTL.ZG,1999,10.8736870857471
COL,FP.CPI.TOTL.ZG,1998,18.6769799276672
COL,FP.CPI.TOTL.ZG,1997,18.4700217119089
COL,FP.CPI.TOTL.ZG,1996,20.7975755127402
COL,FP.CPI.TOTL.ZG,1995,20.8917930194849
COL,FP.CPI.TOTL.ZG,1994,22.8462417553045
COL,FP.CPI.TOTL.ZG,1993,22.4424828533275
COL,FP.CPI.TOTL.ZG,1992,27.0106266231361
COL,FP.CPI.TOTL.ZG,1991,30.3878204854436
COL,FP.CPI.TOTL.ZG,1990,29.1520245976215
COL,FP.CPI.TOTL.ZG,1989,25.8675480831988
COL,FP.CPI.TOTL.ZG,1988,28.1083969771704
COL,FP.CPI.TOTL.ZG,1987,23.302028364018
COL,FP.CPI.TOTL.ZG,1986,18.8424631612406
COL,FP.CPI.TOTL.ZG,1985,24.090174368125
COL,FP.CPI.TOTL.ZG,1984,16.1616171361426
COL,FP.CPI.TOTL.ZG,1983,19.5973170624765
COL,FP.CPI.TOTL.ZG,1982,24.7209882528585
COL,FP.CPI.TOTL.ZG,1981,27.4537624347993
COL,FP.CPI.TOTL.ZG,1980,26.5526531495356
COL,FP.CPI.TOTL.ZG,1979,24.1340757440455
COL,FP.CPI.TOTL.ZG,1978,17.7631590853462
COL,FP.CPI.TOTL.ZG,1977,33.802818357982
COL,FP.CPI.TOTL.ZG,1976,19.8312249167931
COL,FP.CPI.TOTL.ZG,1975,23.4375025650554
COL,FP.CPI.TOTL.ZG,1974,23.8709573656697
COL,FP.CPI.TOTL.ZG,1973,22.5296486781843
COL,FP.CPI.TOTL.ZG,1972,12.4444589907729
COL,FP.CPI.TOTL.ZG,1971,11.9402616979216
COL,FP.CPI.TOTL.ZG,1970,6.90862275848241
COL,FP.CPI.TOTL.ZG,1969,6.98166307955375
COL,FP.CPI.TOTL.ZG,1968,7.4475387831777
COL,FP.CPI.TOTL.ZG,1967,8.32819136425948
COL,FP.CPI.TOTL.ZG,1966,16.7281682748598
COL,FP.CPI.TOTL.ZG,1965,7.5906836693158
COL,FP.CPI.TOTL.ZG,1964,17.0724352164554
COL,FP.CPI.TOTL.ZG,1963,26.3554355250467
COL,FP.CPI.TOTL.ZG,1962,4.6970939506247
COL,FP.CPI.TOTL.ZG,1961,8.28319045648716
COL,FP.CPI.TOTL.ZG,1960,5.81407628204986
COM,FP.CPI.TOTL.ZG,2025,
COM,FP.CPI.TOTL.ZG,2024,5.05192609588218
COM,FP.CPI.TOTL.ZG,2023,8.37373955490996
COM,FP.CPI.TOTL.ZG,2022,12.5320314570999
COM,FP.CPI.TOTL.ZG,2021,-0.00441793682346988
COM,FP.CPI.TOTL.ZG,2020,0.786641929499151
COM,FP.CPI.TOTL.ZG,2019,3.58213544469211
COM,FP.CPI.TOTL.ZG,2018,2.15155084413033
COM,FP.CPI.TOTL.ZG,2017,-0.237362224154613
COM,FP.CPI.TOTL.ZG,2016,0.797517430888487
COM,FP.CPI.TOTL.ZG,2015,-0.11717388419007
COM,FP.CPI.TOTL.ZG,2014,7.54755379096711
COM,FP.CPI.TOTL.ZG,2013,-4.29487331536756
COM,FP.CPI.TOTL.ZG,2012,6.31474450315177
COM,FP.CPI.TOTL.ZG,2011,1.8426630075619
COM,FP.CPI.TOTL.ZG,2010,3.35475770328919
COM,FP.CPI.TOTL.ZG,2009,4.36234829325719
COM,FP.CPI.TOTL.ZG,2008,1.7007817628453
COM,FP.CPI.TOTL.ZG,2007,4.46616710098132
COM,FP.CPI.TOTL.ZG,2006,3.37436360121204
COM,FP.CPI.TOTL.ZG,2005,3.0133239505812
COM,FP.CPI.TOTL.ZG,2004,4.47499289078107
COM,FP.CPI.TOTL.ZG,2003,3.799081366719
COM,FP.CPI.TOTL.ZG,2002,3.53304214308078
COM,FP.CPI.TOTL.ZG,2001,5.55459394816812
COM,FP.CPI.TOTL.ZG,2000,
COM,FP.CPI.TOTL.ZG,1999,
COM,FP.CPI.TOTL.ZG,1998,
COM,FP.CPI.TOTL.ZG,1997,
COM,FP.CPI.TOTL.ZG,1996,
COM,FP.CPI.TOTL.ZG,1995,
COM,FP.CPI.TOTL.ZG,1994,
COM,FP.CPI.TOTL.ZG,1993,
COM,FP.CPI.TOTL.ZG,1992,
COM,FP.CPI.TOTL.ZG,1991,
COM,FP.CPI.TOTL.ZG,1990,
COM,FP.CPI.TOTL.ZG,1989,
COM,FP.CPI.TOTL.ZG,1988,
COM,FP.CPI.TOTL.ZG,1987,
COM,FP.CPI.TOTL.ZG,1986,
COM,FP.CPI.TOTL.ZG,1985,
COM,FP.CPI.TOTL.ZG,1984,
COM,FP.CPI.TOTL.ZG,1983,
COM,FP.CPI.TOTL.ZG,1982,
COM,FP.CPI.TOTL.ZG,1981,
COM,FP.CPI.TOTL.ZG,1980,
COM,FP.CPI.TOTL.ZG,1979,
COM,FP.CPI.TOTL.ZG,1978,
COM,FP.CPI.TOTL.ZG,1977,
COM,FP.CPI.TOTL.ZG,1976,
COM,FP.CPI.TOTL.ZG,1975,
COM,FP.CPI.TOTL.ZG,1974,
COM,FP.CPI.TOTL.ZG,1973,
COM,FP.CPI.TOTL.ZG,1972,
COM,FP.CPI.TOTL.ZG,1971,
COM,FP.CPI.TOTL.ZG,1970,
COM,FP.CPI.TOTL.ZG,1969,
COM,FP.CPI.TOTL.ZG,1968,
COM,FP.CPI.TOTL.ZG,1967,
COM,FP.CPI.TOTL.ZG,1966,
COM,FP.CPI.TOTL.ZG,1965,
COM,FP.CPI.TOTL.ZG,1964,
COM,FP.CPI.TOTL.ZG,1963,
COM,FP.CPI.TOTL.ZG,1962,
COM,FP.CPI.TOTL.ZG,1961,
COM,FP.CPI.TOTL.ZG,1960,
COD,FP.CPI.TOTL.ZG,2025,
COD,FP.CPI.TOTL.ZG,2024,
COD,FP.CPI.TOTL.ZG,2023,
COD,FP.CPI.TOTL.ZG,2022,
COD,FP.CPI.TOTL.ZG,2021,
COD,FP.CPI.TOTL.ZG,2020,
COD,FP.CPI.TOTL.ZG,2019,
COD,FP.CPI.TOTL.ZG,2018,
COD,FP.CPI.TOTL.ZG,2017,
COD,FP.CPI.TOTL.ZG,2016,2.88585107289988
COD,FP.CPI.TOTL.ZG,2015,0.74419899478147
COD,FP.CPI.TOTL.ZG,2014,1.24303889760803
COD,FP.CPI.TOTL.ZG,2013,0.808223101487111
COD,FP.CPI.TOTL.ZG,2012,9.72182806273364
COD,FP.CPI.TOTL.ZG,2011,15.316515913949
COD,FP.CPI.TOTL.ZG,2010,7.10000000000037
COD,FP.CPI.TOTL.ZG,2009,2.79999999999982
COD,FP.CPI.TOTL.ZG,2008,17.3013845700157
COD,FP.CPI.TOTL.ZG,2007,16.945100654195
COD,FP.CPI.TOTL.ZG,2006,13.0526949745101
COD,FP.CPI.TOTL.ZG,2005,21.3168167229341
COD,FP.CPI.TOTL.ZG,2004,3.99438400815971
COD,FP.CPI.TOTL.ZG,2003,12.8739657187405
COD,FP.CPI.TOTL.ZG,2002,31.5225826025495
COD,FP.CPI.TOTL.ZG,2001,359.936614264586
COD,FP.CPI.TOTL.ZG,2000,513.906843747535
COD,FP.CPI.TOTL.ZG,1999,284.894975914087
COD,FP.CPI.TOTL.ZG,1998,29.1488069236652
COD,FP.CPI.TOTL.ZG,1997,198.516707416463
COD,FP.CPI.TOTL.ZG,1996,492.441850235414
COD,FP.CPI.TOTL.ZG,1995,541.908883239027
COD,FP.CPI.TOTL.ZG,1994,23773.1317741016
COD,FP.CPI.TOTL.ZG,1993,1986.90476190476
COD,FP.CPI.TOTL.ZG,1992,4129.16985661558
COD,FP.CPI.TOTL.ZG,1991,2154.43682711341
COD,FP.CPI.TOTL.ZG,1990,81.295404814004
COD,FP.CPI.TOTL.ZG,1989,104.06522942826
COD,FP.CPI.TOTL.ZG,1988,71.0917312661503
COD,FP.CPI.TOTL.ZG,1987,78.6703601108033
COD,FP.CPI.TOTL.ZG,1986,44.4
COD,FP.CPI.TOTL.ZG,1985,23.820784521335
COD,FP.CPI.TOTL.ZG,1984,52.2270113573208
COD,FP.CPI.TOTL.ZG,1983,76.5266976662658
COD,FP.CPI.TOTL.ZG,1982,36.6996975740914
COD,FP.CPI.TOTL.ZG,1981,35.4082648744294
COD,FP.CPI.TOTL.ZG,1980,46.6259068303308
COD,FP.CPI.TOTL.ZG,1979,101.051260411497
COD,FP.CPI.TOTL.ZG,1978,48.7690376115202
COD,FP.CPI.TOTL.ZG,1977,68.9477081989997
COD,FP.CPI.TOTL.ZG,1976,80.385959075414
COD,FP.CPI.TOTL.ZG,1975,28.6579701952268
COD,FP.CPI.TOTL.ZG,1974,29.4692810459945
COD,FP.CPI.TOTL.ZG,1973,15.6427621238194
COD,FP.CPI.TOTL.ZG,1972,15.8042153907951
COD,FP.CPI.TOTL.ZG,1971,5.77734982596516
COD,FP.CPI.TOTL.ZG,1970,8.02528404548487
COD,FP.CPI.TOTL.ZG,1969,6.17619573522314
COD,FP.CPI.TOTL.ZG,1968,53.3216727107739
COD,FP.CPI.TOTL.ZG,1967,36.9265248728318
COD,FP.CPI.TOTL.ZG,1966,15.7801012491141
COD,FP.CPI.TOTL.ZG,1965,-2.72698027762915
COD,FP.CPI.TOTL.ZG,1964,35.4210649777883
COD,FP.CPI.TOTL.ZG,1963,
COD,FP.CPI.TOTL.ZG,1962,
COD,FP.CPI.TOTL.ZG,1961,
COD,FP.CPI.TOTL.ZG,1960,
COG,FP.CPI.TOTL.ZG,2025,
COG,FP.CPI.TOTL.ZG,2024,3.09143630919166
COG,FP.CPI.TOTL.ZG,2023,4.30174563591016
COG,FP.CPI.TOTL.ZG,2022,3.04344334698478
COG,FP.CPI.TOTL.ZG,2021,1.7156427545126
COG,FP.CPI.TOTL.ZG,2020,1.79537147083108
COG,FP.CPI.TOTL.ZG,2019,2.20607305781525
COG,FP.CPI.TOTL.ZG,2018,1.15277896375523
COG,FP.CPI.TOTL.ZG,2017,0.450063823285546
COG,FP.CPI.TOTL.ZG,2016,3.19056179723773
COG,FP.CPI.TOTL.ZG,2015,3.16909796750829
COG,FP.CPI.TOTL.ZG,2014,0.912139545450097
COG,FP.CPI.TOTL.ZG,2013,4.63161619729461
COG,FP.CPI.TOTL.ZG,2012,5.01018773134471
COG,FP.CPI.TOTL.ZG,2011,1.75958704273803
COG,FP.CPI.TOTL.ZG,2010,0.391525011227612
COG,FP.CPI.TOTL.ZG,2009,4.41500374795223
COG,FP.CPI.TOTL.ZG,2008,4.95875092023152
COG,FP.CPI.TOTL.ZG,2007,2.65464645060703
COG,FP.CPI.TOTL.ZG,2006,6.53784395299604
COG,FP.CPI.TOTL.ZG,2005,3.09449011456182
COG,FP.CPI.TOTL.ZG,2004,2.42976607961799
COG,FP.CPI.TOTL.ZG,2003,-0.631844987363156
COG,FP.CPI.TOTL.ZG,2002,4.37875971780873
COG,FP.CPI.TOTL.ZG,2001,0.0559899218140583
COG,FP.CPI.TOTL.ZG,2000,-0.881991517025431
COG,FP.CPI.TOTL.ZG,1999,4.14267137284048
COG,FP.CPI.TOTL.ZG,1998,
COG,FP.CPI.TOTL.ZG,1997,
COG,FP.CPI.TOTL.ZG,1996,10.0311203319503
COG,FP.CPI.TOTL.ZG,1995,9.41800743452228
COG,FP.CPI.TOTL.ZG,1994,42.4396750333452
COG,FP.CPI.TOTL.ZG,1993,4.92366412213743
COG,FP.CPI.TOTL.ZG,1992,-3.93546810070881
COG,FP.CPI.TOTL.ZG,1991,-1.67834968956537
COG,FP.CPI.TOTL.ZG,1990,2.88905374216947
COG,FP.CPI.TOTL.ZG,1989,-1.79698882952885
COG,FP.CPI.TOTL.ZG,1988,1.0304219823355
COG,FP.CPI.TOTL.ZG,1987,0.443568260226844
COG,FP.CPI.TOTL.ZG,1986,4.15811088295678
COG,FP.CPI.TOTL.ZG,1985,
COG,FP.CPI.TOTL.ZG,1984,
COG,FP.CPI.TOTL.ZG,1983,
COG,FP.CPI.TOTL.ZG,1982,
COG,FP.CPI.TOTL.ZG,1981,
COG,FP.CPI.TOTL.ZG,1980,
COG,FP.CPI.TOTL.ZG,1979,
COG,FP.CPI.TOTL.ZG,1978,
COG,FP.CPI.TOTL.ZG,1977,
COG,FP.CPI.TOTL.ZG,1976,
COG,FP.CPI.TOTL.ZG,1975,
COG,FP.CPI.TOTL.ZG,1974,
COG,FP.CPI.TOTL.ZG,1973,
COG,FP.CPI.TOTL.ZG,1972,
COG,FP.CPI.TOTL.ZG,1971,
COG,FP.CPI.TOTL.ZG,1970,
COG,FP.CPI.TOTL.ZG,1969,
COG,FP.CPI.TOTL.ZG,1968,
COG,FP.CPI.TOTL.ZG,1967,
COG,FP.CPI.TOTL.ZG,1966,
COG,FP.CPI.TOTL.ZG,1965,
COG,FP.CPI.TOTL.ZG,1964,
COG,FP.CPI.TOTL.ZG,1963,
COG,FP.CPI.TOTL.ZG,1962,
COG,FP.CPI.TOTL.ZG,1961,
COG,FP.CPI.TOTL.ZG,1960,
CRI,FP.CPI.TOTL.ZG,2025,
CRI,FP.CPI.TOTL.ZG,2024,-0.412853001047069
CRI,FP.CPI.TOTL.ZG,2023,0.525193508693455
CRI,FP.CPI.TOTL.ZG,2022,8.27477490232654
CRI,FP.CPI.TOTL.ZG,2021,1.72647755109241
CRI,FP.CPI.TOTL.ZG,2020,0.724911478131376
CRI,FP.CPI.TOTL.ZG,2019,2.09604635327807
CRI,FP.CPI.TOTL.ZG,2018,2.22111461526581
CRI,FP.CPI.TOTL.ZG,2017,1.62590692991732
CRI,FP.CPI.TOTL.ZG,2016,-0.0174788505908217
CRI,FP.CPI.TOTL.ZG,2015,0.801982005099623
CRI,FP.CPI.TOTL.ZG,2014,4.51920098516954
CRI,FP.CPI.TOTL.ZG,2013,5.23133614174428
CRI,FP.CPI.TOTL.ZG,2012,4.49545314354605
CRI,FP.CPI.TOTL.ZG,2011,4.87799830970702
CRI,FP.CPI.TOTL.ZG,2010,5.66275708420021
CRI,FP.CPI.TOTL.ZG,2009,7.84270167700654
CRI,FP.CPI.TOTL.ZG,2008,13.4244635507284
CRI,FP.CPI.TOTL.ZG,2007,9.35724456417157
CRI,FP.CPI.TOTL.ZG,2006,11.4705968149052
CRI,FP.CPI.TOTL.ZG,2005,13.7982949108987
CRI,FP.CPI.TOTL.ZG,2004,12.3148150178852
CRI,FP.CPI.TOTL.ZG,2003,9.44758091616984
CRI,FP.CPI.TOTL.ZG,2002,9.16752048509119
CRI,FP.CPI.TOTL.ZG,2001,11.2556157091172
CRI,FP.CPI.TOTL.ZG,2000,10.9615496593622
CRI,FP.CPI.TOTL.ZG,1999,10.0452817292494
CRI,FP.CPI.TOTL.ZG,1998,11.6592997742233
CRI,FP.CPI.TOTL.ZG,1997,13.2480440791191
CRI,FP.CPI.TOTL.ZG,1996,17.5114524814591
CRI,FP.CPI.TOTL.ZG,1995,23.1864981102567
CRI,FP.CPI.TOTL.ZG,1994,13.5344687273427
CRI,FP.CPI.TOTL.ZG,1993,9.77860078293777
CRI,FP.CPI.TOTL.ZG,1992,21.791168790061
CRI,FP.CPI.TOTL.ZG,1991,28.7092913706618
CRI,FP.CPI.TOTL.ZG,1990,19.0397526635649
CRI,FP.CPI.TOTL.ZG,1989,16.509808768739
CRI,FP.CPI.TOTL.ZG,1988,20.8325332309203
CRI,FP.CPI.TOTL.ZG,1987,16.8424201630394
CRI,FP.CPI.TOTL.ZG,1986,11.8350618936099
CRI,FP.CPI.TOTL.ZG,1985,15.0574196445756
CRI,FP.CPI.TOTL.ZG,1984,11.9474270118864
CRI,FP.CPI.TOTL.ZG,1983,32.6237081487831
CRI,FP.CPI.TOTL.ZG,1982,90.1213328504166
CRI,FP.CPI.TOTL.ZG,1981,37.0563415239514
CRI,FP.CPI.TOTL.ZG,1980,18.135170796071
CRI,FP.CPI.TOTL.ZG,1979,9.18841043700977
CRI,FP.CPI.TOTL.ZG,1978,6.00712709994902
CRI,FP.CPI.TOTL.ZG,1977,4.1902404526167
CRI,FP.CPI.TOTL.ZG,1976,3.48583333291706
CRI,FP.CPI.TOTL.ZG,1975,17.3692020226552
CRI,FP.CPI.TOTL.ZG,1974,30.0736292803636
CRI,FP.CPI.TOTL.ZG,1973,15.2140342204182
CRI,FP.CPI.TOTL.ZG,1972,4.60112569280858
CRI,FP.CPI.TOTL.ZG,1971,3.08304841408707
CRI,FP.CPI.TOTL.ZG,1970,4.65229749303154
CRI,FP.CPI.TOTL.ZG,1969,2.62934083658332
CRI,FP.CPI.TOTL.ZG,1968,4.09389143106836
CRI,FP.CPI.TOTL.ZG,1967,1.20834031134425
CRI,FP.CPI.TOTL.ZG,1966,0.182882837621527
CRI,FP.CPI.TOTL.ZG,1965,-0.665000000583401
CRI,FP.CPI.TOTL.ZG,1964,3.32403316018127
CRI,FP.CPI.TOTL.ZG,1963,2.93161847051352
CRI,FP.CPI.TOTL.ZG,1962,2.67785968742788
CRI,FP.CPI.TOTL.ZG,1961,2.43079391009159
CRI,FP.CPI.TOTL.ZG,1960,0.790205817960074
CIV,FP.CPI.TOTL.ZG,2025,
CIV,FP.CPI.TOTL.ZG,2024,3.45053028131019
CIV,FP.CPI.TOTL.ZG,2023,4.36972254867474
CIV,FP.CPI.TOTL.ZG,2022,5.23352856100843
CIV,FP.CPI.TOTL.ZG,2021,4.15919657911798
CIV,FP.CPI.TOTL.ZG,2020,2.41252617189053
CIV,FP.CPI.TOTL.ZG,2019,0.790855512053661
CIV,FP.CPI.TOTL.ZG,2018,0.401297817263547
CIV,FP.CPI.TOTL.ZG,2017,0.685881065304603
CIV,FP.CPI.TOTL.ZG,2016,0.723178457513308
CIV,FP.CPI.TOTL.ZG,2015,1.25149954781468
CIV,FP.CPI.TOTL.ZG,2014,0.448682076766141
CIV,FP.CPI.TOTL.ZG,2013,2.58117037252936
CIV,FP.CPI.TOTL.ZG,2012,1.30451119915606
CIV,FP.CPI.TOTL.ZG,2011,4.9124339505245
CIV,FP.CPI.TOTL.ZG,2010,1.2264561213548
CIV,FP.CPI.TOTL.ZG,2009,1.01950457731138
CIV,FP.CPI.TOTL.ZG,2008,6.30852769152578
CIV,FP.CPI.TOTL.ZG,2007,1.89200629349598
CIV,FP.CPI.TOTL.ZG,2006,2.46719148596915
CIV,FP.CPI.TOTL.ZG,2005,3.88583039886482
CIV,FP.CPI.TOTL.ZG,2004,1.45798835600741
CIV,FP.CPI.TOTL.ZG,2003,3.29680746974208
CIV,FP.CPI.TOTL.ZG,2002,3.07726485157427
CIV,FP.CPI.TOTL.ZG,2001,4.36152914007256
CIV,FP.CPI.TOTL.ZG,2000,2.53077516737997
CIV,FP.CPI.TOTL.ZG,1999,0.702375805955961
CIV,FP.CPI.TOTL.ZG,1998,4.61144759515372
CIV,FP.CPI.TOTL.ZG,1997,4.02083333333306
CIV,FP.CPI.TOTL.ZG,1996,2.48080669187551
CIV,FP.CPI.TOTL.ZG,1995,14.2950690851945
CIV,FP.CPI.TOTL.ZG,1994,26.0815719947162
CIV,FP.CPI.TOTL.ZG,1993,2.16471453976754
CIV,FP.CPI.TOTL.ZG,1992,4.23138382869968
CIV,FP.CPI.TOTL.ZG,1991,1.6833484986348
CIV,FP.CPI.TOTL.ZG,1990,-0.80587969827806
CIV,FP.CPI.TOTL.ZG,1989,1.04951823790384
CIV,FP.CPI.TOTL.ZG,1988,6.93068617206515
CIV,FP.CPI.TOTL.ZG,1987,6.94330626536574
CIV,FP.CPI.TOTL.ZG,1986,9.68295473116514
CIV,FP.CPI.TOTL.ZG,1985,1.86380327150628
CIV,FP.CPI.TOTL.ZG,1984,4.28476110361871
CIV,FP.CPI.TOTL.ZG,1983,5.64042843342126
CIV,FP.CPI.TOTL.ZG,1982,7.5831258964215
CIV,FP.CPI.TOTL.ZG,1981,8.79921083308777
CIV,FP.CPI.TOTL.ZG,1980,14.7009812997866
CIV,FP.CPI.TOTL.ZG,1979,16.3423565736251
CIV,FP.CPI.TOTL.ZG,1978,13.2429868545927
CIV,FP.CPI.TOTL.ZG,1977,27.4218615091476
CIV,FP.CPI.TOTL.ZG,1976,12.0766402169566
CIV,FP.CPI.TOTL.ZG,1975,11.4442239670114
CIV,FP.CPI.TOTL.ZG,1974,17.3593884470648
CIV,FP.CPI.TOTL.ZG,1973,11.1029866698229
CIV,FP.CPI.TOTL.ZG,1972,0.310313698883911
CIV,FP.CPI.TOTL.ZG,1971,-0.443745436275745
CIV,FP.CPI.TOTL.ZG,1970,8.2051905431072
CIV,FP.CPI.TOTL.ZG,1969,4.45022854223325
CIV,FP.CPI.TOTL.ZG,1968,5.3504547886788
CIV,FP.CPI.TOTL.ZG,1967,2.29185195349457
CIV,FP.CPI.TOTL.ZG,1966,4.19131798405668
CIV,FP.CPI.TOTL.ZG,1965,2.61117612633012
CIV,FP.CPI.TOTL.ZG,1964,0.618192522743668
CIV,FP.CPI.TOTL.ZG,1963,0.943466310460198
CIV,FP.CPI.TOTL.ZG,1962,-1.34124890120529
CIV,FP.CPI.TOTL.ZG,1961,11.616492146899
CIV,FP.CPI.TOTL.ZG,1960,
HRV,FP.CPI.TOTL.ZG,2025,
HRV,FP.CPI.TOTL.ZG,2024,2.97200477643618
HRV,FP.CPI.TOTL.ZG,2023,7.9412817758683
HRV,FP.CPI.TOTL.ZG,2022,10.7805806758686
HRV,FP.CPI.TOTL.ZG,2021,2.55450699642041
HRV,FP.CPI.TOTL.ZG,2020,0.154811374562106
HRV,FP.CPI.TOTL.ZG,2019,0.771820346498019
HRV,FP.CPI.TOTL.ZG,2018,1.50012501041756
HRV,FP.CPI.TOTL.ZG,2017,1.12937210282347
HRV,FP.CPI.TOTL.ZG,2016,-1.12500000000002
HRV,FP.CPI.TOTL.ZG,2015,-0.464499004644911
HRV,FP.CPI.TOTL.ZG,2014,-0.215196159576268
HRV,FP.CPI.TOTL.ZG,2013,2.21658206429779
HRV,FP.CPI.TOTL.ZG,2012,3.41207349081358
HRV,FP.CPI.TOTL.ZG,2011,2.2727272727273
HRV,FP.CPI.TOTL.ZG,2010,1.03055505333574
HRV,FP.CPI.TOTL.ZG,2009,2.37852845904674
HRV,FP.CPI.TOTL.ZG,2008,6.07696838798354
HRV,FP.CPI.TOTL.ZG,2007,2.89928275583388
HRV,FP.CPI.TOTL.ZG,2006,3.18982591472949
HRV,FP.CPI.TOTL.ZG,2005,3.31717824448045
HRV,FP.CPI.TOTL.ZG,2004,2.05539679050328
HRV,FP.CPI.TOTL.ZG,2003,1.76733780760629
HRV,FP.CPI.TOTL.ZG,2002,1.67178437393383
HRV,FP.CPI.TOTL.ZG,2001,3.77670246665889
HRV,FP.CPI.TOTL.ZG,2000,4.61131554737801
HRV,FP.CPI.TOTL.ZG,1999,4.01913875598086
HRV,FP.CPI.TOTL.ZG,1998,6.39668660837554
HRV,FP.CPI.TOTL.ZG,1997,4.17066155321188
HRV,FP.CPI.TOTL.ZG,1996,4.29999999999995
HRV,FP.CPI.TOTL.ZG,1995,3.95010395010402
HRV,FP.CPI.TOTL.ZG,1994,107.327586206896
HRV,FP.CPI.TOTL.ZG,1993,1500.0
HRV,FP.CPI.TOTL.ZG,1992,625.000000000001
HRV,FP.CPI.TOTL.ZG,1991,122.222222222221
HRV,FP.CPI.TOTL.ZG,1990,500.000000000001
HRV,FP.CPI.TOTL.ZG,1989,1400.0
HRV,FP.CPI.TOTL.ZG,1988,185.714285714285
HRV,FP.CPI.TOTL.ZG,1987,133.333263744315
HRV,FP.CPI.TOTL.ZG,1986,50.0
HRV,FP.CPI.TOTL.ZG,1985,
HRV,FP.CPI.TOTL.ZG,1984,
HRV,FP.CPI.TOTL.ZG,1983,
HRV,FP.CPI.TOTL.ZG,1982,
HRV,FP.CPI.TOTL.ZG,1981,
HRV,FP.CPI.TOTL.ZG,1980,
HRV,FP.CPI.TOTL.ZG,1979,
HRV,FP.CPI.TOTL.ZG,1978,
HRV,FP.CPI.TOTL.ZG,1977,
HRV,FP.CPI.TOTL.ZG,1976,
HRV,FP.CPI.TOTL.ZG,1975,
HRV,FP.CPI.TOTL.ZG,1974,
HRV,FP.CPI.TOTL.ZG,1973,
HRV,FP.CPI.TOTL.ZG,1972,
HRV,FP.CPI.TOTL.ZG,1971,
HRV,FP.CPI.TOTL.ZG,1970,
HRV,FP.CPI.TOTL.ZG,1969,
HRV,FP.CPI.TOTL.ZG,1968,
HRV,FP.CPI.TOTL.ZG,1967,
HRV,FP.CPI.TOTL.ZG,1966,
HRV,FP.CPI.TOTL.ZG,1965,
HRV,FP.CPI.TOTL.ZG,1964,
HRV,FP.CPI.TOTL.ZG,1963,
HRV,FP.CPI.TOTL.ZG,1962,
HRV,FP.CPI.TOTL.ZG,1961,
HRV,FP.CPI.TOTL.ZG,1960,
CUB,FP.CPI.TOTL.ZG,2025,
CUB,FP.CPI.TOTL.ZG,2024,
CUB,FP.CPI.TOTL.ZG,2023,
CUB,FP.CPI.TOTL.ZG,2022,
CUB,FP.CPI.TOTL.ZG,2021,
CUB,FP.CPI.TOTL.ZG,2020,
CUB,FP.CPI.TOTL.ZG,2019,
CUB,FP.CPI.TOTL.ZG,2018,
CUB,FP.CPI.TOTL.ZG,2017,
CUB,FP.CPI.TOTL.ZG,2016,
CUB,FP.CPI.TOTL.ZG,2015,
CUB,FP.CPI.TOTL.ZG,2014,
CUB,FP.CPI.TOTL.ZG,2013,
CUB,FP.CPI.TOTL.ZG,2012,
CUB,FP.CPI.TOTL.ZG,2011,
CUB,FP.CPI.TOTL.ZG,2010,
CUB,FP.CPI.TOTL.ZG,2009,
CUB,FP.CPI.TOTL.ZG,2008,
CUB,FP.CPI.TOTL.ZG,2007,
CUB,FP.CPI.TOTL.ZG,2006,
CUB,FP.CPI.TOTL.ZG,2005,
CUB,FP.CPI.TOTL.ZG,2004,
CUB,FP.CPI.TOTL.ZG,2003,
CUB,FP.CPI.TOTL.ZG,2002,
CUB,FP.CPI.TOTL.ZG,2001,
CUB,FP.CPI.TOTL.ZG,2000,
CUB,FP.CPI.TOTL.ZG,1999,
CUB,FP.CPI.TOTL.ZG,1998,
CUB,FP.CPI.TOTL.ZG,1997,
CUB,FP.CPI.TOTL.ZG,1996,
CUB,FP.CPI.TOTL.ZG,1995,
CUB,FP.CPI.TOTL.ZG,1994,
CUB,FP.CPI.TOTL.ZG,1993,
CUB,FP.CPI.TOTL.ZG,1992,
CUB,FP.CPI.TOTL.ZG,1991,
CUB,FP.CPI.TOTL.ZG,1990,
CUB,FP.CPI.TOTL.ZG,1989,
CUB,FP.CPI.TOTL.ZG,1988,
CUB,FP.CPI.TOTL.ZG,1987,
CUB,FP.CPI.TOTL.ZG,1986,
CUB,FP.CPI.TOTL.ZG,1985,
CUB,FP.CPI.TOTL.ZG,1984,
CUB,FP.CPI.TOTL.ZG,1983,
CUB,FP.CPI.TOTL.ZG,1982,
CUB,FP.CPI.TOTL.ZG,1981,
CUB,FP.CPI.TOTL.ZG,1980,
CUB,FP.CPI.TOTL.ZG,1979,
CUB,FP.CPI.TOTL.ZG,1978,
CUB,FP.CPI.TOTL.ZG,1977,
CUB,FP.CPI.TOTL.ZG,1976,
CUB,FP.CPI.TOTL.ZG,1975,
CUB,FP.CPI.TOTL.ZG,1974,
CUB,FP.CPI.TOTL.ZG,1973,
CUB,FP.CPI.TOTL.ZG,1972,
CUB,FP.CPI.TOTL.ZG,1971,
CUB,FP.CPI.TOTL.ZG,1970,
CUB,FP.CPI.TOTL.ZG,1969,
CUB,FP.CPI.TOTL.ZG,1968,
CUB,FP.CPI.TOTL.ZG,1967,
CUB,FP.CPI.TOTL.ZG,1966,
CUB,FP.CPI.TOTL.ZG,1965,
CUB,FP.CPI.TOTL.ZG,1964,
CUB,FP.CPI.TOTL.ZG,1963,
CUB,FP.CPI.TOTL.ZG,1962,
CUB,FP.CPI.TOTL.ZG,1961,
CUB,FP.CPI.TOTL.ZG,1960,
CUW,FP.CPI.TOTL.ZG,2025,
CUW,FP.CPI.TOTL.ZG,2024,
CUW,FP.CPI.TOTL.ZG,2023,
CUW,FP.CPI.TOTL.ZG,2022,
CUW,FP.CPI.TOTL.ZG,2021,
CUW,FP.CPI.TOTL.ZG,2020,
CUW,FP.CPI.TOTL.ZG,2019,2.62220783425059
CUW,FP.CPI.TOTL.ZG,2018,2.58368756641814
CUW,FP.CPI.TOTL.ZG,2017,1.58558801700345
CUW,FP.CPI.TOTL.ZG,2016,-0.0472079848940293
CUW,FP.CPI.TOTL.ZG,2015,-0.476542049801405
CUW,FP.CPI.TOTL.ZG,2014,1.4987396961643
CUW,FP.CPI.TOTL.ZG,2013,1.33232086152117
CUW,FP.CPI.TOTL.ZG,2012,3.18398746349455
CUW,FP.CPI.TOTL.ZG,2011,2.3325315256217
CUW,FP.CPI.TOTL.ZG,2010,2.77944261312587
CUW,FP.CPI.TOTL.ZG,2009,1.75331605427595
CUW,FP.CPI.TOTL.ZG,2008,6.8763239367776
CUW,FP.CPI.TOTL.ZG,2007,2.99572039942908
CUW,FP.CPI.TOTL.ZG,2006,3.1149952409795
CUW,FP.CPI.TOTL.ZG,2005,4.11711711711708
CUW,FP.CPI.TOTL.ZG,2004,1.37912138094799
CUW,FP.CPI.TOTL.ZG,2003,1.63371391441571
CUW,FP.CPI.TOTL.ZG,2002,0.391389432485324
CUW,FP.CPI.TOTL.ZG,2001,1.79282868525896
CUW,FP.CPI.TOTL.ZG,2000,
CUW,FP.CPI.TOTL.ZG,1999,
CUW,FP.CPI.TOTL.ZG,1998,
CUW,FP.CPI.TOTL.ZG,1997,
CUW,FP.CPI.TOTL.ZG,1996,
CUW,FP.CPI.TOTL.ZG,1995,
CUW,FP.CPI.TOTL.ZG,1994,
CUW,FP.CPI.TOTL.ZG,1993,
CUW,FP.CPI.TOTL.ZG,1992,
CUW,FP.CPI.TOTL.ZG,1991,
CUW,FP.CPI.TOTL.ZG,1990,
CUW,FP.CPI.TOTL.ZG,1989,
CUW,FP.CPI.TOTL.ZG,1988,
CUW,FP.CPI.TOTL.ZG,1987,
CUW,FP.CPI.TOTL.ZG,1986,
CUW,FP.CPI.TOTL.ZG,1985,
CUW,FP.CPI.TOTL.ZG,1984,
CUW,FP.CPI.TOTL.ZG,1983,
CUW,FP.CPI.TOTL.ZG,1982,
CUW,FP.CPI.TOTL.ZG,1981,
CUW,FP.CPI.TOTL.ZG,1980,
CUW,FP.CPI.TOTL.ZG,1979,
CUW,FP.CPI.TOTL.ZG,1978,
CUW,FP.CPI.TOTL.ZG,1977,
CUW,FP.CPI.TOTL.ZG,1976,
CUW,FP.CPI.TOTL.ZG,1975,
CUW,FP.CPI.TOTL.ZG,1974,
CUW,FP.CPI.TOTL.ZG,1973,
CUW,FP.CPI.TOTL.ZG,1972,
CUW,FP.CPI.TOTL.ZG,1971,
CUW,FP.CPI.TOTL.ZG,1970,
CUW,FP.CPI.TOTL.ZG,1969,
CUW,FP.CPI.TOTL.ZG,1968,
CUW,FP.CPI.TOTL.ZG,1967,
CUW,FP.CPI.TOTL.ZG,1966,
CUW,FP.CPI.TOTL.ZG,1965,
CUW,FP.CPI.TOTL.ZG,1964,
CUW,FP.CPI.TOTL.ZG,1963,
CUW,FP.CPI.TOTL.ZG,1962,
CUW,FP.CPI.TOTL.ZG,1961,
CUW,FP.CPI.TOTL.ZG,1960,
CYP,FP.CPI.TOTL.ZG,2025,
CYP,FP.CPI.TOTL.ZG,2024,1.80023018624815
CYP,FP.CPI.TOTL.ZG,2023,3.54134188751663
CYP,FP.CPI.TOTL.ZG,2022,8.39548297993334
CYP,FP.CPI.TOTL.ZG,2021,2.44608867175474
CYP,FP.CPI.TOTL.ZG,2020,-0.638422797978959
CYP,FP.CPI.TOTL.ZG,2019,0.250370996758493
CYP,FP.CPI.TOTL.ZG,2018,1.43549119531759
CYP,FP.CPI.TOTL.ZG,2017,0.531766496174467
CYP,FP.CPI.TOTL.ZG,2016,-1.42916666666665
CYP,FP.CPI.TOTL.ZG,2015,-2.0969976905311
CYP,FP.CPI.TOTL.ZG,2014,-1.35498885446315
CYP,FP.CPI.TOTL.ZG,2013,-0.399357676464426
CYP,FP.CPI.TOTL.ZG,2012,2.38905410042317
CYP,FP.CPI.TOTL.ZG,2011,3.28944939564211
CYP,FP.CPI.TOTL.ZG,2010,2.43004084102254
CYP,FP.CPI.TOTL.ZG,2009,0.326276652249794
CYP,FP.CPI.TOTL.ZG,2008,4.66900841902485
CYP,FP.CPI.TOTL.ZG,2007,2.37265183669719
CYP,FP.CPI.TOTL.ZG,2006,2.30468732978555
CYP,FP.CPI.TOTL.ZG,2005,2.56016132330234
CYP,FP.CPI.TOTL.ZG,2004,2.28621706801675
CYP,FP.CPI.TOTL.ZG,2003,4.13906538686858
CYP,FP.CPI.TOTL.ZG,2002,2.80115505180747
CYP,FP.CPI.TOTL.ZG,2001,1.97304191729914
CYP,FP.CPI.TOTL.ZG,2000,4.14165764702061
CYP,FP.CPI.TOTL.ZG,1999,1.62999999999999
CYP,FP.CPI.TOTL.ZG,1998,2.22770732654316
CYP,FP.CPI.TOTL.ZG,1997,3.60534444364628
CYP,FP.CPI.TOTL.ZG,1996,2.97892486481265
CYP,FP.CPI.TOTL.ZG,1995,2.61581787956337
CYP,FP.CPI.TOTL.ZG,1994,4.6985893105498
CYP,FP.CPI.TOTL.ZG,1993,4.85416666666693
CYP,FP.CPI.TOTL.ZG,1992,6.51021953065818
CYP,FP.CPI.TOTL.ZG,1991,5.03527438848105
CYP,FP.CPI.TOTL.ZG,1990,4.50205462895843
CYP,FP.CPI.TOTL.ZG,1989,3.7654804828339
CYP,FP.CPI.TOTL.ZG,1988,3.42926631536285
CYP,FP.CPI.TOTL.ZG,1987,2.79166666666697
CYP,FP.CPI.TOTL.ZG,1986,1.21836925967665
CYP,FP.CPI.TOTL.ZG,1985,5.03445366364796
CYP,FP.CPI.TOTL.ZG,1984,5.99195111048444
CYP,FP.CPI.TOTL.ZG,1983,5.04971424100878
CYP,FP.CPI.TOTL.ZG,1982,6.43279726693689
CYP,FP.CPI.TOTL.ZG,1981,10.7446936083977
CYP,FP.CPI.TOTL.ZG,1980,13.5175605772583
CYP,FP.CPI.TOTL.ZG,1979,9.4637082951902
CYP,FP.CPI.TOTL.ZG,1978,7.43628329894659
CYP,FP.CPI.TOTL.ZG,1977,7.32646048101325
CYP,FP.CPI.TOTL.ZG,1976,3.85438972162729
CYP,FP.CPI.TOTL.ZG,1975,4.63948584046548
CYP,FP.CPI.TOTL.ZG,1974,16.1766666665001
CYP,FP.CPI.TOTL.ZG,1973,7.8088823405226
CYP,FP.CPI.TOTL.ZG,1972,4.83230361865648
CYP,FP.CPI.TOTL.ZG,1971,4.14400612825455
CYP,FP.CPI.TOTL.ZG,1970,2.40018825031691
CYP,FP.CPI.TOTL.ZG,1969,2.38515901013025
CYP,FP.CPI.TOTL.ZG,1968,3.76666666616697
CYP,FP.CPI.TOTL.ZG,1967,0.70493454280659
CYP,FP.CPI.TOTL.ZG,1966,0.506072874498886
CYP,FP.CPI.TOTL.ZG,1965,0.202839756594412
CYP,FP.CPI.TOTL.ZG,1964,-0.303336704752538
CYP,FP.CPI.TOTL.ZG,1963,1.95876288659851
CYP,FP.CPI.TOTL.ZG,1962,0.103199174406312
CYP,FP.CPI.TOTL.ZG,1961,-0.615384615384946
CYP,FP.CPI.TOTL.ZG,1960,0.827300930713946
CZE,FP.CPI.TOTL.ZG,2025,
CZE,FP.CPI.TOTL.ZG,2024,2.43531202435314
CZE,FP.CPI.TOTL.ZG,2023,10.6612601372426
CZE,FP.CPI.TOTL.ZG,2022,15.1001651468371
CZE,FP.CPI.TOTL.ZG,2021,3.83984491500146
CZE,FP.CPI.TOTL.ZG,2020,3.16129528497801
CZE,FP.CPI.TOTL.ZG,2019,2.8478759591805
CZE,FP.CPI.TOTL.ZG,2018,2.14949494949493
CZE,FP.CPI.TOTL.ZG,2017,2.4505339846014
CZE,FP.CPI.TOTL.ZG,2016,0.683504209385703
CZE,FP.CPI.TOTL.ZG,2015,0.309364548494975
CZE,FP.CPI.TOTL.ZG,2014,0.343988589646794
CZE,FP.CPI.TOTL.ZG,2013,1.4382978723404
CZE,FP.CPI.TOTL.ZG,2012,3.28762306610411
CZE,FP.CPI.TOTL.ZG,2011,1.9172191363555
CZE,FP.CPI.TOTL.ZG,2010,1.47272727272722
CZE,FP.CPI.TOTL.ZG,2009,1.01937735329232
CZE,FP.CPI.TOTL.ZG,2008,6.35866380152373
CZE,FP.CPI.TOTL.ZG,2007,2.85312437211175
CZE,FP.CPI.TOTL.ZG,2006,2.53399258343635
CZE,FP.CPI.TOTL.ZG,2005,1.8570978910922
CZE,FP.CPI.TOTL.ZG,2004,2.76010781671157
CZE,FP.CPI.TOTL.ZG,2003,0.118739205526791
CZE,FP.CPI.TOTL.ZG,2002,1.90298097019032
CZE,FP.CPI.TOTL.ZG,2001,4.66267556988253
CZE,FP.CPI.TOTL.ZG,2000,3.77538829151734
CZE,FP.CPI.TOTL.ZG,1999,2.13544844417331
CZE,FP.CPI.TOTL.ZG,1998,10.6983655274889
CZE,FP.CPI.TOTL.ZG,1997,8.59615666715563
CZE,FP.CPI.TOTL.ZG,1996,8.75877472878111
CZE,FP.CPI.TOTL.ZG,1995,8.99052361478445
CZE,FP.CPI.TOTL.ZG,1994,10.039429835143
CZE,FP.CPI.TOTL.ZG,1993,20.8130295438428
CZE,FP.CPI.TOTL.ZG,1992,11.086500072223
CZE,FP.CPI.TOTL.ZG,1991,
CZE,FP.CPI.TOTL.ZG,1990,
CZE,FP.CPI.TOTL.ZG,1989,
CZE,FP.CPI.TOTL.ZG,1988,
CZE,FP.CPI.TOTL.ZG,1987,
CZE,FP.CPI.TOTL.ZG,1986,
CZE,FP.CPI.TOTL.ZG,1985,
CZE,FP.CPI.TOTL.ZG,1984,
CZE,FP.CPI.TOTL.ZG,1983,
CZE,FP.CPI.TOTL.ZG,1982,
CZE,FP.CPI.TOTL.ZG,1981,
CZE,FP.CPI.TOTL.ZG,1980,
CZE,FP.CPI.TOTL.ZG,1979,
CZE,FP.CPI.TOTL.ZG,1978,
CZE,FP.CPI.TOTL.ZG,1977,
CZE,FP.CPI.TOTL.ZG,1976,
CZE,FP.CPI.TOTL.ZG,1975,
CZE,FP.CPI.TOTL.ZG,1974,
CZE,FP.CPI.TOTL.ZG,1973,
CZE,FP.CPI.TOTL.ZG,1972,
CZE,FP.CPI.TOTL.ZG,1971,
CZE,FP.CPI.TOTL.ZG,1970,
CZE,FP.CPI.TOTL.ZG,1969,
CZE,FP.CPI.TOTL.ZG,1968,
CZE,FP.CPI.TOTL.ZG,1967,
CZE,FP.CPI.TOTL.ZG,1966,
CZE,FP.CPI.TOTL.ZG,1965,
CZE,FP.CPI.TOTL.ZG,1964,
CZE,FP.CPI.TOTL.ZG,1963,
CZE,FP.CPI.TOTL.ZG,1962,
CZE,FP.CPI.TOTL.ZG,1961,
CZE,FP.CPI.TOTL.ZG,1960,
DNK,FP.CPI.TOTL.ZG,2025,
DNK,FP.CPI.TOTL.ZG,2024,1.37220049768918
DNK,FP.CPI.TOTL.ZG,2023,3.30517811237606
DNK,FP.CPI.TOTL.ZG,2022,7.6965669988926
DNK,FP.CPI.TOTL.ZG,2021,1.8530454398968
DNK,FP.CPI.TOTL.ZG,2020,0.420711974110115
DNK,FP.CPI.TOTL.ZG,2019,0.75813157251162
DNK,FP.CPI.TOTL.ZG,2018,0.813609467455631
DNK,FP.CPI.TOTL.ZG,2017,1.14713216957602
DNK,FP.CPI.TOTL.ZG,2016,0.250000000000031
DNK,FP.CPI.TOTL.ZG,2015,0.452034153691575
DNK,FP.CPI.TOTL.ZG,2014,0.56402054044954
DNK,FP.CPI.TOTL.ZG,2013,0.789071780078062
DNK,FP.CPI.TOTL.ZG,2012,2.3979148566464
DNK,FP.CPI.TOTL.ZG,2011,2.7586822605125
DNK,FP.CPI.TOTL.ZG,2010,2.31092436974789
DNK,FP.CPI.TOTL.ZG,2009,1.30470991024337
DNK,FP.CPI.TOTL.ZG,2008,3.41626794258373
DNK,FP.CPI.TOTL.ZG,2007,1.69326586220315
DNK,FP.CPI.TOTL.ZG,2006,1.92422138464594
DNK,FP.CPI.TOTL.ZG,2005,1.81781458291254
DNK,FP.CPI.TOTL.ZG,2004,1.15435693124932
DNK,FP.CPI.TOTL.ZG,2003,2.07507820646507
DNK,FP.CPI.TOTL.ZG,2002,2.42443661219697
DNK,FP.CPI.TOTL.ZG,2001,2.33787000255262
DNK,FP.CPI.TOTL.ZG,2000,2.90328203236453
DNK,FP.CPI.TOTL.ZG,1999,2.4977954440453
DNK,FP.CPI.TOTL.ZG,1998,1.84565122007889
DNK,FP.CPI.TOTL.ZG,1997,2.18216677907116
DNK,FP.CPI.TOTL.ZG,1996,2.12629802275584
DNK,FP.CPI.TOTL.ZG,1995,2.08360842382846
DNK,FP.CPI.TOTL.ZG,1994,1.99201463809526
DNK,FP.CPI.TOTL.ZG,1993,1.25785667953259
DNK,FP.CPI.TOTL.ZG,1992,2.09604442933217
DNK,FP.CPI.TOTL.ZG,1991,2.39515331724415
DNK,FP.CPI.TOTL.ZG,1990,2.64160306382
DNK,FP.CPI.TOTL.ZG,1989,4.77272342435522
DNK,FP.CPI.TOTL.ZG,1988,4.5351330101572
DNK,FP.CPI.TOTL.ZG,1987,4.01999345683163
DNK,FP.CPI.TOTL.ZG,1986,3.67818411863452
DNK,FP.CPI.TOTL.ZG,1985,4.6787514518325
DNK,FP.CPI.TOTL.ZG,1984,6.29077936023771
DNK,FP.CPI.TOTL.ZG,1983,6.90822881158842
DNK,FP.CPI.TOTL.ZG,1982,10.1208256779823
DNK,FP.CPI.TOTL.ZG,1981,11.7673874344181
DNK,FP.CPI.TOTL.ZG,1980,12.3053240760182
DNK,FP.CPI.TOTL.ZG,1979,9.61105037907122
DNK,FP.CPI.TOTL.ZG,1978,10.2136545710405
DNK,FP.CPI.TOTL.ZG,1977,10.9222378100329
DNK,FP.CPI.TOTL.ZG,1976,9.01029083562224
DNK,FP.CPI.TOTL.ZG,1975,9.60561207538676
DNK,FP.CPI.TOTL.ZG,1974,15.2752062218395
DNK,FP.CPI.TOTL.ZG,1973,9.30338297973673
DNK,FP.CPI.TOTL.ZG,1972,6.56236090256536
DNK,FP.CPI.TOTL.ZG,1971,5.8698695907191
DNK,FP.CPI.TOTL.ZG,1970,6.51484141652981
DNK,FP.CPI.TOTL.ZG,1969,3.48791924395193
DNK,FP.CPI.TOTL.ZG,1968,8.00520710366467
DNK,FP.CPI.TOTL.ZG,1967,8.20785355844014
DNK,FP.CPI.TOTL.ZG,1966,7.06495969658815
DNK,FP.CPI.TOTL.ZG,1965,5.44999999925051
DNK,FP.CPI.TOTL.ZG,1964,3.09278350515449
DNK,FP.CPI.TOTL.ZG,1963,6.10503282302931
DNK,FP.CPI.TOTL.ZG,1962,7.37781954818461
DNK,FP.CPI.TOTL.ZG,1961,3.45162858557827
DNK,FP.CPI.TOTL.ZG,1960,1.25523012552923
DJI,FP.CPI.TOTL.ZG,2025,
DJI,FP.CPI.TOTL.ZG,2024,2.07655387954199
DJI,FP.CPI.TOTL.ZG,2023,1.49506816515088
DJI,FP.CPI.TOTL.ZG,2022,5.17980847967061
DJI,FP.CPI.TOTL.ZG,2021,1.18191775339802
DJI,FP.CPI.TOTL.ZG,2020,1.7774078380617
DJI,FP.CPI.TOTL.ZG,2019,3.31925372703827
DJI,FP.CPI.TOTL.ZG,2018,0.14797084987711
DJI,FP.CPI.TOTL.ZG,2017,0.568112117084804
DJI,FP.CPI.TOTL.ZG,2016,2.73841208738755
DJI,FP.CPI.TOTL.ZG,2015,-0.847389733971996
DJI,FP.CPI.TOTL.ZG,2014,1.34186494340157
DJI,FP.CPI.TOTL.ZG,2013,2.70603242872182
DJI,FP.CPI.TOTL.ZG,2012,3.73120950756887
DJI,FP.CPI.TOTL.ZG,2011,5.0687139477799
DJI,FP.CPI.TOTL.ZG,2010,3.95007875923885
DJI,FP.CPI.TOTL.ZG,2009,1.67549587285964
DJI,FP.CPI.TOTL.ZG,2008,11.9586206896552
DJI,FP.CPI.TOTL.ZG,2007,4.96597654553301
DJI,FP.CPI.TOTL.ZG,2006,3.48340699677866
DJI,FP.CPI.TOTL.ZG,2005,3.10496640148298
DJI,FP.CPI.TOTL.ZG,2004,3.12226204699354
DJI,FP.CPI.TOTL.ZG,2003,1.98196734627545
DJI,FP.CPI.TOTL.ZG,2002,0.63761955366632
DJI,FP.CPI.TOTL.ZG,2001,1.74665224985434
DJI,FP.CPI.TOTL.ZG,2000,
DJI,FP.CPI.TOTL.ZG,1999,
DJI,FP.CPI.TOTL.ZG,1998,
DJI,FP.CPI.TOTL.ZG,1997,
DJI,FP.CPI.TOTL.ZG,1996,
DJI,FP.CPI.TOTL.ZG,1995,
DJI,FP.CPI.TOTL.ZG,1994,
DJI,FP.CPI.TOTL.ZG,1993,
DJI,FP.CPI.TOTL.ZG,1992,
DJI,FP.CPI.TOTL.ZG,1991,
DJI,FP.CPI.TOTL.ZG,1990,
DJI,FP.CPI.TOTL.ZG,1989,
DJI,FP.CPI.TOTL.ZG,1988,
DJI,FP.CPI.TOTL.ZG,1987,4.08911644641214
DJI,FP.CPI.TOTL.ZG,1986,18.147633450986
DJI,FP.CPI.TOTL.ZG,1985,2.12890298848072
DJI,FP.CPI.TOTL.ZG,1984,1.88471502578427
DJI,FP.CPI.TOTL.ZG,1983,0.901842896356874
DJI,FP.CPI.TOTL.ZG,1982,-2.41071428572345
DJI,FP.CPI.TOTL.ZG,1981,5.71736785374118
DJI,FP.CPI.TOTL.ZG,1980,12.0580235721856
DJI,FP.CPI.TOTL.ZG,1979,
DJI,FP.CPI.TOTL.ZG,1978,
DJI,FP.CPI.TOTL.ZG,1977,
DJI,FP.CPI.TOTL.ZG,1976,
DJI,FP.CPI.TOTL.ZG,1975,
DJI,FP.CPI.TOTL.ZG,1974,
DJI,FP.CPI.TOTL.ZG,1973,
DJI,FP.CPI.TOTL.ZG,1972,
DJI,FP.CPI.TOTL.ZG,1971,
DJI,FP.CPI.TOTL.ZG,1970,
DJI,FP.CPI.TOTL.ZG,1969,
DJI,FP.CPI.TOTL.ZG,1968,
DJI,FP.CPI.TOTL.ZG,1967,
DJI,FP.CPI.TOTL.ZG,1966,
DJI,FP.CPI.TOTL.ZG,1965,
DJI,FP.CPI.TOTL.ZG,1964,
DJI,FP.CPI.TOTL.ZG,1963,
DJI,FP.CPI.TOTL.ZG,1962,
DJI,FP.CPI.TOTL.ZG,1961,
DJI,FP.CPI.TOTL.ZG,1960,
DMA,FP.CPI.TOTL.ZG,2025,
DMA,FP.CPI.TOTL.ZG,2024,2.56921890367726
DMA,FP.CPI.TOTL.ZG,2023,5.08677483158112
DMA,FP.CPI.TOTL.ZG,2022,2.88490226829353
DMA,FP.CPI.TOTL.ZG,2021,2.22891330700344
DMA,FP.CPI.TOTL.ZG,2020,1.22026442242476
DMA,FP.CPI.TOTL.ZG,2019,1.50462353858141
DMA,FP.CPI.TOTL.ZG,2018,0.98919111918989
DMA,FP.CPI.TOTL.ZG,2017,0.296252889279487
DMA,FP.CPI.TOTL.ZG,2016,0.141816225732312
DMA,FP.CPI.TOTL.ZG,2015,-0.84382698463833
DMA,FP.CPI.TOTL.ZG,2014,0.799250372687492
DMA,FP.CPI.TOTL.ZG,2013,-0.0464116468805992
DMA,FP.CPI.TOTL.ZG,2012,1.3567714780886
DMA,FP.CPI.TOTL.ZG,2011,1.1312313652648
DMA,FP.CPI.TOTL.ZG,2010,2.99936630549
DMA,FP.CPI.TOTL.ZG,2009,0.00626357107066859
DMA,FP.CPI.TOTL.ZG,2008,6.35992183336295
DMA,FP.CPI.TOTL.ZG,2007,3.63222129317821
DMA,FP.CPI.TOTL.ZG,2006,2.2023913263167
DMA,FP.CPI.TOTL.ZG,2005,1.68190079877553
DMA,FP.CPI.TOTL.ZG,2004,2.39410982050298
DMA,FP.CPI.TOTL.ZG,2003,1.45336800437251
DMA,FP.CPI.TOTL.ZG,2002,0.170055330197681
DMA,FP.CPI.TOTL.ZG,2001,1.3038940346596
DMA,FP.CPI.TOTL.ZG,2000,0.856946805358483
DMA,FP.CPI.TOTL.ZG,1999,1.17947787394175
DMA,FP.CPI.TOTL.ZG,1998,0.999147457910748
DMA,FP.CPI.TOTL.ZG,1997,2.43629715479674
DMA,FP.CPI.TOTL.ZG,1996,1.67716450485913
DMA,FP.CPI.TOTL.ZG,1995,1.3175374577497
DMA,FP.CPI.TOTL.ZG,1994,0.0151367351744227
DMA,FP.CPI.TOTL.ZG,1993,1.56902604224498
DMA,FP.CPI.TOTL.ZG,1992,5.47182559344178
DMA,FP.CPI.TOTL.ZG,1991,5.55706153429132
DMA,FP.CPI.TOTL.ZG,1990,3.19092323226821
DMA,FP.CPI.TOTL.ZG,1989,6.21852149777859
DMA,FP.CPI.TOTL.ZG,1988,2.92459163123741
DMA,FP.CPI.TOTL.ZG,1987,4.02458043341635
DMA,FP.CPI.TOTL.ZG,1986,2.77423367675706
DMA,FP.CPI.TOTL.ZG,1985,3.7399799806424
DMA,FP.CPI.TOTL.ZG,1984,2.2179942499574
DMA,FP.CPI.TOTL.ZG,1983,4.14795244385732
DMA,FP.CPI.TOTL.ZG,1982,4.39459409763738
DMA,FP.CPI.TOTL.ZG,1981,13.2666874934914
DMA,FP.CPI.TOTL.ZG,1980,
DMA,FP.CPI.TOTL.ZG,1979,
DMA,FP.CPI.TOTL.ZG,1978,7.71257905832727
DMA,FP.CPI.TOTL.ZG,1977,9.50365525201994
DMA,FP.CPI.TOTL.ZG,1976,10.9024962662686
DMA,FP.CPI.TOTL.ZG,1975,19.9027884369402
DMA,FP.CPI.TOTL.ZG,1974,34.3760742523203
DMA,FP.CPI.TOTL.ZG,1973,12.0991167230851
DMA,FP.CPI.TOTL.ZG,1972,3.68799557454748
DMA,FP.CPI.TOTL.ZG,1971,3.63740603887184
DMA,FP.CPI.TOTL.ZG,1970,12.3934989618914
DMA,FP.CPI.TOTL.ZG,1969,4.21578868850823
DMA,FP.CPI.TOTL.ZG,1968,5.36991901857967
DMA,FP.CPI.TOTL.ZG,1967,0.952456544255429
DMA,FP.CPI.TOTL.ZG,1966,
DMA,FP.CPI.TOTL.ZG,1965,
DMA,FP.CPI.TOTL.ZG,1964,
DMA,FP.CPI.TOTL.ZG,1963,
DMA,FP.CPI.TOTL.ZG,1962,
DMA,FP.CPI.TOTL.ZG,1961,
DMA,FP.CPI.TOTL.ZG,1960,
DOM,FP.CPI.TOTL.ZG,2025,
DOM,FP.CPI.TOTL.ZG,2024,3.30223338951227
DOM,FP.CPI.TOTL.ZG,2023,4.78561281021135
DOM,FP.CPI.TOTL.ZG,2022,8.81109209279587
DOM,FP.CPI.TOTL.ZG,2021,8.24300347981809
DOM,FP.CPI.TOTL.ZG,2020,3.78103179915517
DOM,FP.CPI.TOTL.ZG,2019,1.81060377042959
DOM,FP.CPI.TOTL.ZG,2018,3.56443426013508
DOM,FP.CPI.TOTL.ZG,2017,3.27955694678546
DOM,FP.CPI.TOTL.ZG,2016,1.61416607245223
DOM,FP.CPI.TOTL.ZG,2015,0.836746346724557
DOM,FP.CPI.TOTL.ZG,2014,2.99864226125219
DOM,FP.CPI.TOTL.ZG,2013,4.830950967408
DOM,FP.CPI.TOTL.ZG,2012,3.69449707884777
DOM,FP.CPI.TOTL.ZG,2011,5.79676809206533
DOM,FP.CPI.TOTL.ZG,2010,6.32993220146146
DOM,FP.CPI.TOTL.ZG,2009,1.44215131834353
DOM,FP.CPI.TOTL.ZG,2008,10.6446210953712
DOM,FP.CPI.TOTL.ZG,2007,6.14356655248047
DOM,FP.CPI.TOTL.ZG,2006,7.57280523853074
DOM,FP.CPI.TOTL.ZG,2005,4.19020260472056
DOM,FP.CPI.TOTL.ZG,2004,51.4608598338065
DOM,FP.CPI.TOTL.ZG,2003,27.4497127394395
DOM,FP.CPI.TOTL.ZG,2002,5.22336769759447
DOM,FP.CPI.TOTL.ZG,2001,8.88306848812961
DOM,FP.CPI.TOTL.ZG,2000,7.72413566181616
DOM,FP.CPI.TOTL.ZG,1999,6.47054186846928
DOM,FP.CPI.TOTL.ZG,1998,4.83166558591895
DOM,FP.CPI.TOTL.ZG,1997,8.29656754792046
DOM,FP.CPI.TOTL.ZG,1996,5.39929385038922
DOM,FP.CPI.TOTL.ZG,1995,12.5359594558963
DOM,FP.CPI.TOTL.ZG,1994,8.26076798575834
DOM,FP.CPI.TOTL.ZG,1993,5.25033880690971
DOM,FP.CPI.TOTL.ZG,1992,4.25902638893392
DOM,FP.CPI.TOTL.ZG,1991,47.079157410536
DOM,FP.CPI.TOTL.ZG,1990,50.4624792378524
DOM,FP.CPI.TOTL.ZG,1989,40.6579161175005
DOM,FP.CPI.TOTL.ZG,1988,43.8638323515053
DOM,FP.CPI.TOTL.ZG,1987,13.5507237827822
DOM,FP.CPI.TOTL.ZG,1986,7.6389726657993
DOM,FP.CPI.TOTL.ZG,1985,45.3361755532178
DOM,FP.CPI.TOTL.ZG,1984,20.1516781053536
DOM,FP.CPI.TOTL.ZG,1983,5.62862329448988
DOM,FP.CPI.TOTL.ZG,1982,7.64624306606148
DOM,FP.CPI.TOTL.ZG,1981,7.51463890696157
DOM,FP.CPI.TOTL.ZG,1980,16.7531356897102
DOM,FP.CPI.TOTL.ZG,1979,9.17380513351446
DOM,FP.CPI.TOTL.ZG,1978,3.47785034212178
DOM,FP.CPI.TOTL.ZG,1977,12.8535275054287
DOM,FP.CPI.TOTL.ZG,1976,7.76555023925677
DOM,FP.CPI.TOTL.ZG,1975,14.5017257437616
DOM,FP.CPI.TOTL.ZG,1974,13.1407673714854
DOM,FP.CPI.TOTL.ZG,1973,15.0795349169139
DOM,FP.CPI.TOTL.ZG,1972,8.64073155607574
DOM,FP.CPI.TOTL.ZG,1971,3.58002889678131
DOM,FP.CPI.TOTL.ZG,1970,3.81666666641709
DOM,FP.CPI.TOTL.ZG,1969,0.956628066179126
DOM,FP.CPI.TOTL.ZG,1968,0.0359763993382312
DOM,FP.CPI.TOTL.ZG,1967,1.23834498871987
DOM,FP.CPI.TOTL.ZG,1966,0.262927256794539
DOM,FP.CPI.TOTL.ZG,1965,-1.8916595013061
DOM,FP.CPI.TOTL.ZG,1964,2.10711150133545
DOM,FP.CPI.TOTL.ZG,1963,8.57959961876623
DOM,FP.CPI.TOTL.ZG,1962,9.15712799177066
DOM,FP.CPI.TOTL.ZG,1961,-3.90000000099988
DOM,FP.CPI.TOTL.ZG,1960,-3.56219179976055
ECU,FP.CPI.TOTL.ZG,2025,
ECU,FP.CPI.TOTL.ZG,2024,1.54732515615369
ECU,FP.CPI.TOTL.ZG,2023,2.21568764237058
ECU,FP.CPI.TOTL.ZG,2022,3.46616972213077
ECU,FP.CPI.TOTL.ZG,2021,0.133251386096389
ECU,FP.CPI.TOTL.ZG,2020,-0.338872392562139
ECU,FP.CPI.TOTL.ZG,2019,0.266012515466155
ECU,FP.CPI.TOTL.ZG,2018,-0.224103246005552
ECU,FP.CPI.TOTL.ZG,2017,0.417335588666825
ECU,FP.CPI.TOTL.ZG,2016,1.72826463324533
ECU,FP.CPI.TOTL.ZG,2015,3.96664623255358
ECU,FP.CPI.TOTL.ZG,2014,3.58922016616663
ECU,FP.CPI.TOTL.ZG,2013,2.72177577710371
ECU,FP.CPI.TOTL.ZG,2012,5.10172180958666
ECU,FP.CPI.TOTL.ZG,2011,4.4745326579584
ECU,FP.CPI.TOTL.ZG,2010,3.55437734567843
ECU,FP.CPI.TOTL.ZG,2009,5.15996829181047
ECU,FP.CPI.TOTL.ZG,2008,8.40009593987462
ECU,FP.CPI.TOTL.ZG,2007,2.27618478002121
ECU,FP.CPI.TOTL.ZG,2006,3.29874846258215
ECU,FP.CPI.TOTL.ZG,2005,2.1682770118372
ECU,FP.CPI.TOTL.ZG,2004,2.74323198926704
ECU,FP.CPI.TOTL.ZG,2003,7.92936487461556
ECU,FP.CPI.TOTL.ZG,2002,12.4835980082095
ECU,FP.CPI.TOTL.ZG,2001,37.6767454518094
ECU,FP.CPI.TOTL.ZG,2000,96.0963756926096
ECU,FP.CPI.TOTL.ZG,1999,52.2420051858225
ECU,FP.CPI.TOTL.ZG,1998,36.0984331623886
ECU,FP.CPI.TOTL.ZG,1997,30.6575675722173
ECU,FP.CPI.TOTL.ZG,1996,24.4114592150674
ECU,FP.CPI.TOTL.ZG,1995,22.9341344145802
ECU,FP.CPI.TOTL.ZG,1994,27.3108817940495
ECU,FP.CPI.TOTL.ZG,1993,44.9550537592163
ECU,FP.CPI.TOTL.ZG,1992,54.6078215093597
ECU,FP.CPI.TOTL.ZG,1991,48.718080675219
ECU,FP.CPI.TOTL.ZG,1990,48.5191129963729
ECU,FP.CPI.TOTL.ZG,1989,75.6481901026386
ECU,FP.CPI.TOTL.ZG,1988,58.2162865413938
ECU,FP.CPI.TOTL.ZG,1987,29.5039972488395
ECU,FP.CPI.TOTL.ZG,1986,23.0302261142618
ECU,FP.CPI.TOTL.ZG,1985,27.9936107429224
ECU,FP.CPI.TOTL.ZG,1984,31.2195815120372
ECU,FP.CPI.TOTL.ZG,1983,48.4182220804492
ECU,FP.CPI.TOTL.ZG,1982,16.2844880461285
ECU,FP.CPI.TOTL.ZG,1981,14.0479686718868
ECU,FP.CPI.TOTL.ZG,1980,11.9092893836134
ECU,FP.CPI.TOTL.ZG,1979,10.1171908690016
ECU,FP.CPI.TOTL.ZG,1978,13.098138583854
ECU,FP.CPI.TOTL.ZG,1977,12.9444138723701
ECU,FP.CPI.TOTL.ZG,1976,10.1746301165654
ECU,FP.CPI.TOTL.ZG,1975,14.2896742946894
ECU,FP.CPI.TOTL.ZG,1974,22.7040816226158
ECU,FP.CPI.TOTL.ZG,1973,12.1281464590342
ECU,FP.CPI.TOTL.ZG,1972,7.52511790034726
ECU,FP.CPI.TOTL.ZG,1971,9.52167078004847
ECU,FP.CPI.TOTL.ZG,1970,5.17127612015708
ECU,FP.CPI.TOTL.ZG,1969,6.32668144851309
ECU,FP.CPI.TOTL.ZG,1968,4.31765612971037
ECU,FP.CPI.TOTL.ZG,1967,3.81813815731002
ECU,FP.CPI.TOTL.ZG,1966,5.45372692773346
ECU,FP.CPI.TOTL.ZG,1965,3.06907066175736
ECU,FP.CPI.TOTL.ZG,1964,4.03420453764312
ECU,FP.CPI.TOTL.ZG,1963,5.93950905922402
ECU,FP.CPI.TOTL.ZG,1962,2.87088531460987
ECU,FP.CPI.TOTL.ZG,1961,3.98562050634913
ECU,FP.CPI.TOTL.ZG,1960,1.67659912611285
EGY,FP.CPI.TOTL.ZG,2025,
EGY,FP.CPI.TOTL.ZG,2024,28.2705899322083
EGY,FP.CPI.TOTL.ZG,2023,33.8847763115546
EGY,FP.CPI.TOTL.ZG,2022,13.8956609775178
EGY,FP.CPI.TOTL.ZG,2021,5.21404940513043
EGY,FP.CPI.TOTL.ZG,2020,5.04493288977539
EGY,FP.CPI.TOTL.ZG,2019,9.15279959324804
EGY,FP.CPI.TOTL.ZG,2018,14.4014657807422
EGY,FP.CPI.TOTL.ZG,2017,29.5066083940039
EGY,FP.CPI.TOTL.ZG,2016,13.813606214829
EGY,FP.CPI.TOTL.ZG,2015,10.370490343517
EGY,FP.CPI.TOTL.ZG,2014,10.0702154687481
EGY,FP.CPI.TOTL.ZG,2013,9.46971981064921
EGY,FP.CPI.TOTL.ZG,2012,7.11172943343083
EGY,FP.CPI.TOTL.ZG,2011,10.0649259874818
EGY,FP.CPI.TOTL.ZG,2010,11.2651882653185
EGY,FP.CPI.TOTL.ZG,2009,11.7634954386443
EGY,FP.CPI.TOTL.ZG,2008,18.3168316831684
EGY,FP.CPI.TOTL.ZG,2007,9.3189690579923
EGY,FP.CPI.TOTL.ZG,2006,7.64452644526434
EGY,FP.CPI.TOTL.ZG,2005,4.86939696871988
EGY,FP.CPI.TOTL.ZG,2004,11.270619332052
EGY,FP.CPI.TOTL.ZG,2003,4.50777636319304
EGY,FP.CPI.TOTL.ZG,2002,2.73723855000334
EGY,FP.CPI.TOTL.ZG,2001,2.26975720475956
EGY,FP.CPI.TOTL.ZG,2000,2.68380535348546
EGY,FP.CPI.TOTL.ZG,1999,3.07949912638332
EGY,FP.CPI.TOTL.ZG,1998,3.8725754642749
EGY,FP.CPI.TOTL.ZG,1997,4.62560578826438
EGY,FP.CPI.TOTL.ZG,1996,7.18710369719992
EGY,FP.CPI.TOTL.ZG,1995,15.7422305021596
EGY,FP.CPI.TOTL.ZG,1994,8.15423128587096
EGY,FP.CPI.TOTL.ZG,1993,12.0897922868977
EGY,FP.CPI.TOTL.ZG,1992,13.6374241717218
EGY,FP.CPI.TOTL.ZG,1991,19.7485448195578
EGY,FP.CPI.TOTL.ZG,1990,16.7563747077691
EGY,FP.CPI.TOTL.ZG,1989,21.2618670886078
EGY,FP.CPI.TOTL.ZG,1988,17.66348615313
EGY,FP.CPI.TOTL.ZG,1987,19.693593314763
EGY,FP.CPI.TOTL.ZG,1986,23.8642898217366
EGY,FP.CPI.TOTL.ZG,1985,12.1067560598247
EGY,FP.CPI.TOTL.ZG,1984,17.0363663799608
EGY,FP.CPI.TOTL.ZG,1983,16.079873883342
EGY,FP.CPI.TOTL.ZG,1982,14.8230088495577
EGY,FP.CPI.TOTL.ZG,1981,10.3172842245396
EGY,FP.CPI.TOTL.ZG,1980,20.8192249324218
EGY,FP.CPI.TOTL.ZG,1979,9.90436051231129
EGY,FP.CPI.TOTL.ZG,1978,11.078100382614
EGY,FP.CPI.TOTL.ZG,1977,12.7321627929891
EGY,FP.CPI.TOTL.ZG,1976,10.3174158877413
EGY,FP.CPI.TOTL.ZG,1975,9.66969548151245
EGY,FP.CPI.TOTL.ZG,1974,10.0243177516484
EGY,FP.CPI.TOTL.ZG,1973,5.11218403908757
EGY,FP.CPI.TOTL.ZG,1972,2.10236334610113
EGY,FP.CPI.TOTL.ZG,1971,3.14042171394198
EGY,FP.CPI.TOTL.ZG,1970,3.76289859580536
EGY,FP.CPI.TOTL.ZG,1969,3.40982028243742
EGY,FP.CPI.TOTL.ZG,1968,-1.6757594245691
EGY,FP.CPI.TOTL.ZG,1967,0.70189748435374
EGY,FP.CPI.TOTL.ZG,1966,9.0364406581763
EGY,FP.CPI.TOTL.ZG,1965,14.8390044616241
EGY,FP.CPI.TOTL.ZG,1964,3.66098294885468
EGY,FP.CPI.TOTL.ZG,1963,0.74664570813543
EGY,FP.CPI.TOTL.ZG,1962,-3.00307658790784
EGY,FP.CPI.TOTL.ZG,1961,0.693606754935329
EGY,FP.CPI.TOTL.ZG,1960,0.332829047091752
SLV,FP.CPI.TOTL.ZG,2025,
SLV,FP.CPI.TOTL.ZG,2024,0.853782292567288
SLV,FP.CPI.TOTL.ZG,2023,4.04554694222477
SLV,FP.CPI.TOTL.ZG,2022,7.19861615609867
SLV,FP.CPI.TOTL.ZG,2021,3.46692585313082
SLV,FP.CPI.TOTL.ZG,2020,-0.371590212324095
SLV,FP.CPI.TOTL.ZG,2019,0.0753241350024612
SLV,FP.CPI.TOTL.ZG,2018,1.09033000581892
SLV,FP.CPI.TOTL.ZG,2017,1.0123540331558
SLV,FP.CPI.TOTL.ZG,2016,0.60404908699661
SLV,FP.CPI.TOTL.ZG,2015,-0.731384487387957
SLV,FP.CPI.TOTL.ZG,2014,1.14134467538233
SLV,FP.CPI.TOTL.ZG,2013,0.757669184522973
SLV,FP.CPI.TOTL.ZG,2012,1.72973481581383
SLV,FP.CPI.TOTL.ZG,2011,5.1289237668161
SLV,FP.CPI.TOTL.ZG,2010,1.17933576873673
SLV,FP.CPI.TOTL.ZG,2009,1.05595029731201
SLV,FP.CPI.TOTL.ZG,2008,6.70792293515939
SLV,FP.CPI.TOTL.ZG,2007,4.57808572377153
SLV,FP.CPI.TOTL.ZG,2006,4.03712359429612
SLV,FP.CPI.TOTL.ZG,2005,4.69094870903769
SLV,FP.CPI.TOTL.ZG,2004,4.45194392395045
SLV,FP.CPI.TOTL.ZG,2003,2.1203909173333
SLV,FP.CPI.TOTL.ZG,2002,1.86552503610077
SLV,FP.CPI.TOTL.ZG,2001,3.7508205747202
SLV,FP.CPI.TOTL.ZG,2000,2.27128756828723
SLV,FP.CPI.TOTL.ZG,1999,0.514827130192979
SLV,FP.CPI.TOTL.ZG,1998,2.54705977554151
SLV,FP.CPI.TOTL.ZG,1997,4.49013627855204
SLV,FP.CPI.TOTL.ZG,1996,9.78892040179966
SLV,FP.CPI.TOTL.ZG,1995,10.0296564501018
SLV,FP.CPI.TOTL.ZG,1994,10.5858066526451
SLV,FP.CPI.TOTL.ZG,1993,18.5066883302714
SLV,FP.CPI.TOTL.ZG,1992,11.2144813801987
SLV,FP.CPI.TOTL.ZG,1991,14.4026748806266
SLV,FP.CPI.TOTL.ZG,1990,23.9991651130861
SLV,FP.CPI.TOTL.ZG,1989,17.6340799385345
SLV,FP.CPI.TOTL.ZG,1988,19.7611617858858
SLV,FP.CPI.TOTL.ZG,1987,24.8645003373125
SLV,FP.CPI.TOTL.ZG,1986,31.9350161472763
SLV,FP.CPI.TOTL.ZG,1985,22.3283750554416
SLV,FP.CPI.TOTL.ZG,1984,11.5071695057309
SLV,FP.CPI.TOTL.ZG,1983,13.3143177303524
SLV,FP.CPI.TOTL.ZG,1982,11.7288868654679
SLV,FP.CPI.TOTL.ZG,1981,14.7971516299733
SLV,FP.CPI.TOTL.ZG,1980,17.3669682564025
SLV,FP.CPI.TOTL.ZG,1979,14.0560247361062
SLV,FP.CPI.TOTL.ZG,1978,13.2751232921383
SLV,FP.CPI.TOTL.ZG,1977,11.8202775391489
SLV,FP.CPI.TOTL.ZG,1976,7.03468963198825
SLV,FP.CPI.TOTL.ZG,1975,19.0884996543863
SLV,FP.CPI.TOTL.ZG,1974,16.8990368422354
SLV,FP.CPI.TOTL.ZG,1973,6.39197420311837
SLV,FP.CPI.TOTL.ZG,1972,1.53521536678872
SLV,FP.CPI.TOTL.ZG,1971,0.445808667692475
SLV,FP.CPI.TOTL.ZG,1970,2.81785392208514
SLV,FP.CPI.TOTL.ZG,1969,-0.194990250038154
SLV,FP.CPI.TOTL.ZG,1968,2.53768071348792
SLV,FP.CPI.TOTL.ZG,1967,1.46691635472379
SLV,FP.CPI.TOTL.ZG,1966,-1.18735543593374
SLV,FP.CPI.TOTL.ZG,1965,0.456974672917124
SLV,FP.CPI.TOTL.ZG,1964,1.75756620405747
SLV,FP.CPI.TOTL.ZG,1963,1.56900416258926
SLV,FP.CPI.TOTL.ZG,1962,0.0961538463947943
SLV,FP.CPI.TOTL.ZG,1961,-2.68247036807419
SLV,FP.CPI.TOTL.ZG,1960,-0.0389741990030698
GNQ,FP.CPI.TOTL.ZG,2025,
GNQ,FP.CPI.TOTL.ZG,2024,2.92140227309103
GNQ,FP.CPI.TOTL.ZG,2023,2.85949506037322
GNQ,FP.CPI.TOTL.ZG,2022,4.78671704710803
GNQ,FP.CPI.TOTL.ZG,2021,-0.0971007664640198
GNQ,FP.CPI.TOTL.ZG,2020,4.76669523944228
GNQ,FP.CPI.TOTL.ZG,2019,1.53027528964189
GNQ,FP.CPI.TOTL.ZG,2018,1.06007410662171
GNQ,FP.CPI.TOTL.ZG,2017,0.74435474661241
GNQ,FP.CPI.TOTL.ZG,2016,1.41193915479015
GNQ,FP.CPI.TOTL.ZG,2015,1.67663085315988
GNQ,FP.CPI.TOTL.ZG,2014,4.30999866149107
GNQ,FP.CPI.TOTL.ZG,2013,2.94887694639662
GNQ,FP.CPI.TOTL.ZG,2012,3.65662048278806
GNQ,FP.CPI.TOTL.ZG,2011,4.805389221557
GNQ,FP.CPI.TOTL.ZG,2010,7.78916547991184
GNQ,FP.CPI.TOTL.ZG,2009,4.69106567747375
GNQ,FP.CPI.TOTL.ZG,2008,6.55176691184535
GNQ,FP.CPI.TOTL.ZG,2007,2.80373831775704
GNQ,FP.CPI.TOTL.ZG,2006,4.41589984169561
GNQ,FP.CPI.TOTL.ZG,2005,5.63163351357613
GNQ,FP.CPI.TOTL.ZG,2004,4.21968787094834
GNQ,FP.CPI.TOTL.ZG,2003,7.32354399351809
GNQ,FP.CPI.TOTL.ZG,2002,7.5924784983324
GNQ,FP.CPI.TOTL.ZG,2001,8.82538925854966
GNQ,FP.CPI.TOTL.ZG,2000,4.80228886901398
GNQ,FP.CPI.TOTL.ZG,1999,0.372266170311928
GNQ,FP.CPI.TOTL.ZG,1998,7.93571069814148
GNQ,FP.CPI.TOTL.ZG,1997,3.01650540694366
GNQ,FP.CPI.TOTL.ZG,1996,4.54072771540235
GNQ,FP.CPI.TOTL.ZG,1995,19.8724349483472
GNQ,FP.CPI.TOTL.ZG,1994,31.8410168416385
GNQ,FP.CPI.TOTL.ZG,1993,5.4522847373328
GNQ,FP.CPI.TOTL.ZG,1992,-4.27874315639129
GNQ,FP.CPI.TOTL.ZG,1991,-3.42528735632201
GNQ,FP.CPI.TOTL.ZG,1990,0.857871551124735
GNQ,FP.CPI.TOTL.ZG,1989,6.16615384615363
GNQ,FP.CPI.TOTL.ZG,1988,2.52365930599391
GNQ,FP.CPI.TOTL.ZG,1987,-13.1744727471927
GNQ,FP.CPI.TOTL.ZG,1986,-17.6404240920371
GNQ,FP.CPI.TOTL.ZG,1985,
GNQ,FP.CPI.TOTL.ZG,1984,
GNQ,FP.CPI.TOTL.ZG,1983,
GNQ,FP.CPI.TOTL.ZG,1982,
GNQ,FP.CPI.TOTL.ZG,1981,
GNQ,FP.CPI.TOTL.ZG,1980,
GNQ,FP.CPI.TOTL.ZG,1979,
GNQ,FP.CPI.TOTL.ZG,1978,
GNQ,FP.CPI.TOTL.ZG,1977,
GNQ,FP.CPI.TOTL.ZG,1976,
GNQ,FP.CPI.TOTL.ZG,1975,
GNQ,FP.CPI.TOTL.ZG,1974,
GNQ,FP.CPI.TOTL.ZG,1973,
GNQ,FP.CPI.TOTL.ZG,1972,
GNQ,FP.CPI.TOTL.ZG,1971,
GNQ,FP.CPI.TOTL.ZG,1970,
GNQ,FP.CPI.TOTL.ZG,1969,
GNQ,FP.CPI.TOTL.ZG,1968,
GNQ,FP.CPI.TOTL.ZG,1967,
GNQ,FP.CPI.TOTL.ZG,1966,
GNQ,FP.CPI.TOTL.ZG,1965,
GNQ,FP.CPI.TOTL.ZG,1964,
GNQ,FP.CPI.TOTL.ZG,1963,
GNQ,FP.CPI.TOTL.ZG,1962,
GNQ,FP.CPI.TOTL.ZG,1961,
GNQ,FP.CPI.TOTL.ZG,1960,
ERI,FP.CPI.TOTL.ZG,2025,
ERI,FP.CPI.TOTL.ZG,2024,
ERI,FP.CPI.TOTL.ZG,2023,
ERI,FP.CPI.TOTL.ZG,2022,
ERI,FP.CPI.TOTL.ZG,2021,
ERI,FP.CPI.TOTL.ZG,2020,
ERI,FP.CPI.TOTL.ZG,2019,
ERI,FP.CPI.TOTL.ZG,2018,
ERI,FP.CPI.TOTL.ZG,2017,
ERI,FP.CPI.TOTL.ZG,2016,
ERI,FP.CPI.TOTL.ZG,2015,
ERI,FP.CPI.TOTL.ZG,2014,
ERI,FP.CPI.TOTL.ZG,2013,
ERI,FP.CPI.TOTL.ZG,2012,
ERI,FP.CPI.TOTL.ZG,2011,
ERI,FP.CPI.TOTL.ZG,2010,
ERI,FP.CPI.TOTL.ZG,2009,
ERI,FP.CPI.TOTL.ZG,2008,
ERI,FP.CPI.TOTL.ZG,2007,
ERI,FP.CPI.TOTL.ZG,2006,
ERI,FP.CPI.TOTL.ZG,2005,
ERI,FP.CPI.TOTL.ZG,2004,
ERI,FP.CPI.TOTL.ZG,2003,
ERI,FP.CPI.TOTL.ZG,2002,
ERI,FP.CPI.TOTL.ZG,2001,
ERI,FP.CPI.TOTL.ZG,2000,
ERI,FP.CPI.TOTL.ZG,1999,
ERI,FP.CPI.TOTL.ZG,1998,
ERI,FP.CPI.TOTL.ZG,1997,
ERI,FP.CPI.TOTL.ZG,1996,
ERI,FP.CPI.TOTL.ZG,1995,
ERI,FP.CPI.TOTL.ZG,1994,
ERI,FP.CPI.TOTL.ZG,1993,
ERI,FP.CPI.TOTL.ZG,1992,
ERI,FP.CPI.TOTL.ZG,1991,
ERI,FP.CPI.TOTL.ZG,1990,
ERI,FP.CPI.TOTL.ZG,1989,
ERI,FP.CPI.TOTL.ZG,1988,
ERI,FP.CPI.TOTL.ZG,1987,
ERI,FP.CPI.TOTL.ZG,1986,
ERI,FP.CPI.TOTL.ZG,1985,
ERI,FP.CPI.TOTL.ZG,1984,
ERI,FP.CPI.TOTL.ZG,1983,
ERI,FP.CPI.TOTL.ZG,1982,
ERI,FP.CPI.TOTL.ZG,1981,
ERI,FP.CPI.TOTL.ZG,1980,
ERI,FP.CPI.TOTL.ZG,1979,
ERI,FP.CPI.TOTL.ZG,1978,
ERI,FP.CPI.TOTL.ZG,1977,
ERI,FP.CPI.TOTL.ZG,1976,
ERI,FP.CPI.TOTL.ZG,1975,
ERI,FP.CPI.TOTL.ZG,1974,
ERI,FP.CPI.TOTL.ZG,1973,
ERI,FP.CPI.TOTL.ZG,1972,
ERI,FP.CPI.TOTL.ZG,1971,
ERI,FP.CPI.TOTL.ZG,1970,
ERI,FP.CPI.TOTL.ZG,1969,
ERI,FP.CPI.TOTL.ZG,1968,
ERI,FP.CPI.TOTL.ZG,1967,
ERI,FP.CPI.TOTL.ZG,1966,
ERI,FP.CPI.TOTL.ZG,1965,
ERI,FP.CPI.TOTL.ZG,1964,
ERI,FP.CPI.TOTL.ZG,1963,
ERI,FP.CPI.TOTL.ZG,1962,
ERI,FP.CPI.TOTL.ZG,1961,
ERI,FP.CPI.TOTL.ZG,1960,
EST,FP.CPI.TOTL.ZG,2025,
EST,FP.CPI.TOTL.ZG,2024,3.52056053296586
EST,FP.CPI.TOTL.ZG,2023,9.15922507983982
EST,FP.CPI.TOTL.ZG,2022,19.3982634080616
EST,FP.CPI.TOTL.ZG,2021,4.65316673847473
EST,FP.CPI.TOTL.ZG,2020,-0.44453109767983
EST,FP.CPI.TOTL.ZG,2019,2.27725931243522
EST,FP.CPI.TOTL.ZG,2018,3.43632688420446
EST,FP.CPI.TOTL.ZG,2017,3.41723549488054
EST,FP.CPI.TOTL.ZG,2016,0.148684907627373
EST,FP.CPI.TOTL.ZG,2015,-0.49232600654737
EST,FP.CPI.TOTL.ZG,2014,-0.10617514652171
EST,FP.CPI.TOTL.ZG,2013,2.78056658954988
EST,FP.CPI.TOTL.ZG,2012,3.93339987296985
EST,FP.CPI.TOTL.ZG,2011,4.9819013145361
EST,FP.CPI.TOTL.ZG,2010,2.97204512015694
EST,FP.CPI.TOTL.ZG,2009,-0.0784083112809768
EST,FP.CPI.TOTL.ZG,2008,10.3623580313683
EST,FP.CPI.TOTL.ZG,2007,6.60132603055637
EST,FP.CPI.TOTL.ZG,2006,4.43762042389213
EST,FP.CPI.TOTL.ZG,2005,4.07971423199849
EST,FP.CPI.TOTL.ZG,2004,3.04811107523416
EST,FP.CPI.TOTL.ZG,2003,1.33499116549955
EST,FP.CPI.TOTL.ZG,2002,3.57191270164027
EST,FP.CPI.TOTL.ZG,2001,5.74827981651373
EST,FP.CPI.TOTL.ZG,2000,4.01848952508763
EST,FP.CPI.TOTL.ZG,1999,3.29611089718909
EST,FP.CPI.TOTL.ZG,1998,8.20833333333298
EST,FP.CPI.TOTL.ZG,1997,10.5818789322146
EST,FP.CPI.TOTL.ZG,1996,23.050343349517
EST,FP.CPI.TOTL.ZG,1995,28.7766137208514
EST,FP.CPI.TOTL.ZG,1994,47.6546906187628
EST,FP.CPI.TOTL.ZG,1993,89.8119490277275
EST,FP.CPI.TOTL.ZG,1992,
EST,FP.CPI.TOTL.ZG,1991,
EST,FP.CPI.TOTL.ZG,1990,
EST,FP.CPI.TOTL.ZG,1989,
EST,FP.CPI.TOTL.ZG,1988,
EST,FP.CPI.TOTL.ZG,1987,
EST,FP.CPI.TOTL.ZG,1986,
EST,FP.CPI.TOTL.ZG,1985,
EST,FP.CPI.TOTL.ZG,1984,
EST,FP.CPI.TOTL.ZG,1983,
EST,FP.CPI.TOTL.ZG,1982,
EST,FP.CPI.TOTL.ZG,1981,
EST,FP.CPI.TOTL.ZG,1980,
EST,FP.CPI.TOTL.ZG,1979,
EST,FP.CPI.TOTL.ZG,1978,
EST,FP.CPI.TOTL.ZG,1977,
EST,FP.CPI.TOTL.ZG,1976,
EST,FP.CPI.TOTL.ZG,1975,
EST,FP.CPI.TOTL.ZG,1974,
EST,FP.CPI.TOTL.ZG,1973,
EST,FP.CPI.TOTL.ZG,1972,
EST,FP.CPI.TOTL.ZG,1971,
EST,FP.CPI.TOTL.ZG,1970,
EST,FP.CPI.TOTL.ZG,1969,
EST,FP.CPI.TOTL.ZG,1968,
EST,FP.CPI.TOTL.ZG,1967,
EST,FP.CPI.TOTL.ZG,1966,
EST,FP.CPI.TOTL.ZG,1965,
EST,FP.CPI.TOTL.ZG,1964,
EST,FP.CPI.TOTL.ZG,1963,
EST,FP.CPI.TOTL.ZG,1962,
EST,FP.CPI.TOTL.ZG,1961,
EST,FP.CPI.TOTL.ZG,1960,
SWZ,FP.CPI.TOTL.ZG,2025,
SWZ,FP.CPI.TOTL.ZG,2024,
SWZ,FP.CPI.TOTL.ZG,2023,
SWZ,FP.CPI.TOTL.ZG,2022,
SWZ,FP.CPI.TOTL.ZG,2021,
SWZ,FP.CPI.TOTL.ZG,2020,
SWZ,FP.CPI.TOTL.ZG,2019,2.59801620311077
SWZ,FP.CPI.TOTL.ZG,2018,4.81506167461513
SWZ,FP.CPI.TOTL.ZG,2017,6.22137528933118
SWZ,FP.CPI.TOTL.ZG,2016,7.8472745908568
SWZ,FP.CPI.TOTL.ZG,2015,4.95124493704919
SWZ,FP.CPI.TOTL.ZG,2014,5.68134885776447
SWZ,FP.CPI.TOTL.ZG,2013,5.62130623468948
SWZ,FP.CPI.TOTL.ZG,2012,8.93964682788212
SWZ,FP.CPI.TOTL.ZG,2011,6.10742714590251
SWZ,FP.CPI.TOTL.ZG,2010,4.50923691774369
SWZ,FP.CPI.TOTL.ZG,2009,7.44823423445754
SWZ,FP.CPI.TOTL.ZG,2008,12.6574601863915
SWZ,FP.CPI.TOTL.ZG,2007,8.07608827861589
SWZ,FP.CPI.TOTL.ZG,2006,5.30463946338728
SWZ,FP.CPI.TOTL.ZG,2005,4.77400404553712
SWZ,FP.CPI.TOTL.ZG,2004,3.44533507316614
SWZ,FP.CPI.TOTL.ZG,2003,7.28999999999999
SWZ,FP.CPI.TOTL.ZG,2002,12.0197154699232
SWZ,FP.CPI.TOTL.ZG,2001,5.94210982281648
SWZ,FP.CPI.TOTL.ZG,2000,12.2085358545844
SWZ,FP.CPI.TOTL.ZG,1999,6.08886063431493
SWZ,FP.CPI.TOTL.ZG,1998,8.10996563573863
SWZ,FP.CPI.TOTL.ZG,1997,7.12532722513057
SWZ,FP.CPI.TOTL.ZG,1996,6.42521330315218
SWZ,FP.CPI.TOTL.ZG,1995,12.2885912601426
SWZ,FP.CPI.TOTL.ZG,1994,13.7693248804359
SWZ,FP.CPI.TOTL.ZG,1993,12.0234238724148
SWZ,FP.CPI.TOTL.ZG,1992,7.55829536317337
SWZ,FP.CPI.TOTL.ZG,1991,8.93430656934288
SWZ,FP.CPI.TOTL.ZG,1990,13.0922899124981
SWZ,FP.CPI.TOTL.ZG,1989,7.54616477272771
SWZ,FP.CPI.TOTL.ZG,1988,20.3945622781115
SWZ,FP.CPI.TOTL.ZG,1987,13.3766233766228
SWZ,FP.CPI.TOTL.ZG,1986,13.7370753323486
SWZ,FP.CPI.TOTL.ZG,1985,20.4626334519576
SWZ,FP.CPI.TOTL.ZG,1984,12.9397266412726
SWZ,FP.CPI.TOTL.ZG,1983,11.5675243834069
SWZ,FP.CPI.TOTL.ZG,1982,10.8074213418412
SWZ,FP.CPI.TOTL.ZG,1981,20.0557966522539
SWZ,FP.CPI.TOTL.ZG,1980,18.6839754034956
SWZ,FP.CPI.TOTL.ZG,1979,16.4535169700762
SWZ,FP.CPI.TOTL.ZG,1978,8.51761476291623
SWZ,FP.CPI.TOTL.ZG,1977,20.80512182762
SWZ,FP.CPI.TOTL.ZG,1976,6.53091265949243
SWZ,FP.CPI.TOTL.ZG,1975,12.0457419321678
SWZ,FP.CPI.TOTL.ZG,1974,19.2877754456961
SWZ,FP.CPI.TOTL.ZG,1973,11.5435259696435
SWZ,FP.CPI.TOTL.ZG,1972,2.36633218489993
SWZ,FP.CPI.TOTL.ZG,1971,2.32166117555597
SWZ,FP.CPI.TOTL.ZG,1970,1.84953956571386
SWZ,FP.CPI.TOTL.ZG,1969,3.20554123770314
SWZ,FP.CPI.TOTL.ZG,1968,3.44942509524238
SWZ,FP.CPI.TOTL.ZG,1967,1.82404343794972
SWZ,FP.CPI.TOTL.ZG,1966,3.1775210084201
SWZ,FP.CPI.TOTL.ZG,1965,
SWZ,FP.CPI.TOTL.ZG,1964,
SWZ,FP.CPI.TOTL.ZG,1963,
SWZ,FP.CPI.TOTL.ZG,1962,
SWZ,FP.CPI.TOTL.ZG,1961,
SWZ,FP.CPI.TOTL.ZG,1960,
ETH,FP.CPI.TOTL.ZG,2025,
ETH,FP.CPI.TOTL.ZG,2024,21.0377460577711
ETH,FP.CPI.TOTL.ZG,2023,30.2188278135278
ETH,FP.CPI.TOTL.ZG,2022,33.8898797100898
ETH,FP.CPI.TOTL.ZG,2021,26.8395221557722
ETH,FP.CPI.TOTL.ZG,2020,20.3563468559061
ETH,FP.CPI.TOTL.ZG,2019,15.8096321719344
ETH,FP.CPI.TOTL.ZG,2018,13.8330356586661
ETH,FP.CPI.TOTL.ZG,2017,10.6871150284238
ETH,FP.CPI.TOTL.ZG,2016,6.62813337230924
ETH,FP.CPI.TOTL.ZG,2015,9.56889955968623
ETH,FP.CPI.TOTL.ZG,2014,6.89001951597192
ETH,FP.CPI.TOTL.ZG,2013,7.46402192944517
ETH,FP.CPI.TOTL.ZG,2012,23.600417677317
ETH,FP.CPI.TOTL.ZG,2011,33.2499598823344
ETH,FP.CPI.TOTL.ZG,2010,8.14926402965082
ETH,FP.CPI.TOTL.ZG,2009,8.48364404530282
ETH,FP.CPI.TOTL.ZG,2008,44.3566858766952
ETH,FP.CPI.TOTL.ZG,2007,17.2404008340898
ETH,FP.CPI.TOTL.ZG,2006,12.2994763114825
ETH,FP.CPI.TOTL.ZG,2005,9.96997123512892
ETH,FP.CPI.TOTL.ZG,2004,3.32737047894847
ETH,FP.CPI.TOTL.ZG,2003,13.6740452028272
ETH,FP.CPI.TOTL.ZG,2002,0.675089102170801
ETH,FP.CPI.TOTL.ZG,2001,-8.23784453391137
ETH,FP.CPI.TOTL.ZG,2000,0.662458109266482
ETH,FP.CPI.TOTL.ZG,1999,7.94144864137325
ETH,FP.CPI.TOTL.ZG,1998,0.894801693964107
ETH,FP.CPI.TOTL.ZG,1997,2.39520958083829
ETH,FP.CPI.TOTL.ZG,1996,-8.48424868948825
ETH,FP.CPI.TOTL.ZG,1995,10.0221733553239
ETH,FP.CPI.TOTL.ZG,1994,7.59387600185337
ETH,FP.CPI.TOTL.ZG,1993,3.54306596166032
ETH,FP.CPI.TOTL.ZG,1992,10.5274440119592
ETH,FP.CPI.TOTL.ZG,1991,35.7225982298715
ETH,FP.CPI.TOTL.ZG,1990,5.15248124174767
ETH,FP.CPI.TOTL.ZG,1989,7.81730118223048
ETH,FP.CPI.TOTL.ZG,1988,7.08071532141089
ETH,FP.CPI.TOTL.ZG,1987,-2.42867248283368
ETH,FP.CPI.TOTL.ZG,1986,-9.80876507050661
ETH,FP.CPI.TOTL.ZG,1985,19.0646851444406
ETH,FP.CPI.TOTL.ZG,1984,8.41727378312053
ETH,FP.CPI.TOTL.ZG,1983,-0.675378064854718
ETH,FP.CPI.TOTL.ZG,1982,5.89006107723961
ETH,FP.CPI.TOTL.ZG,1981,6.13596718680434
ETH,FP.CPI.TOTL.ZG,1980,4.48253780600435
ETH,FP.CPI.TOTL.ZG,1979,16.0322359396519
ETH,FP.CPI.TOTL.ZG,1978,14.3081144649155
ETH,FP.CPI.TOTL.ZG,1977,16.6571395908503
ETH,FP.CPI.TOTL.ZG,1976,28.5378398237849
ETH,FP.CPI.TOTL.ZG,1975,6.55010438394199
ETH,FP.CPI.TOTL.ZG,1974,8.59215597391085
ETH,FP.CPI.TOTL.ZG,1973,8.91358024695813
ETH,FP.CPI.TOTL.ZG,1972,-6.08151197179128
ETH,FP.CPI.TOTL.ZG,1971,0.536224281695193
ETH,FP.CPI.TOTL.ZG,1970,10.1219512195636
ETH,FP.CPI.TOTL.ZG,1969,1.42568843148626
ETH,FP.CPI.TOTL.ZG,1968,0.182612665558996
ETH,FP.CPI.TOTL.ZG,1967,0.808678501054678
ETH,FP.CPI.TOTL.ZG,1966,-1.36186770466907
ETH,FP.CPI.TOTL.ZG,1965,
ETH,FP.CPI.TOTL.ZG,1964,
ETH,FP.CPI.TOTL.ZG,1963,
ETH,FP.CPI.TOTL.ZG,1962,
ETH,FP.CPI.TOTL.ZG,1961,
ETH,FP.CPI.TOTL.ZG,1960,
FRO,FP.CPI.TOTL.ZG,2025,
FRO,FP.CPI.TOTL.ZG,2024,
FRO,FP.CPI.TOTL.ZG,2023,
FRO,FP.CPI.TOTL.ZG,2022,
FRO,FP.CPI.TOTL.ZG,2021,
FRO,FP.CPI.TOTL.ZG,2020,
FRO,FP.CPI.TOTL.ZG,2019,
FRO,FP.CPI.TOTL.ZG,2018,
FRO,FP.CPI.TOTL.ZG,2017,
FRO,FP.CPI.TOTL.ZG,2016,
FRO,FP.CPI.TOTL.ZG,2015,
FRO,FP.CPI.TOTL.ZG,2014,
FRO,FP.CPI.TOTL.ZG,2013,
FRO,FP.CPI.TOTL.ZG,2012,
FRO,FP.CPI.TOTL.ZG,2011,
FRO,FP.CPI.TOTL.ZG,2010,
FRO,FP.CPI.TOTL.ZG,2009,
FRO,FP.CPI.TOTL.ZG,2008,
FRO,FP.CPI.TOTL.ZG,2007,
FRO,FP.CPI.TOTL.ZG,2006,
FRO,FP.CPI.TOTL.ZG,2005,
FRO,FP.CPI.TOTL.ZG,2004,
FRO,FP.CPI.TOTL.ZG,2003,
FRO,FP.CPI.TOTL.ZG,2002,
FRO,FP.CPI.TOTL.ZG,2001,
FRO,FP.CPI.TOTL.ZG,2000,
FRO,FP.CPI.TOTL.ZG,1999,
FRO,FP.CPI.TOTL.ZG,1998,
FRO,FP.CPI.TOTL.ZG,1997,
FRO,FP.CPI.TOTL.ZG,1996,
FRO,FP.CPI.TOTL.ZG,1995,
FRO,FP.CPI.TOTL.ZG,1994,
FRO,FP.CPI.TOTL.ZG,1993,
FRO,FP.CPI.TOTL.ZG,1992,
FRO,FP.CPI.TOTL.ZG,1991,
FRO,FP.CPI.TOTL.ZG,1990,
FRO,FP.CPI.TOTL.ZG,1989,
FRO,FP.CPI.TOTL.ZG,1988,
FRO,FP.CPI.TOTL.ZG,1987,
FRO,FP.CPI.TOTL.ZG,1986,
FRO,FP.CPI.TOTL.ZG,1985,
FRO,FP.CPI.TOTL.ZG,1984,
FRO,FP.CPI.TOTL.ZG,1983,
FRO,FP.CPI.TOTL.ZG,1982,
FRO,FP.CPI.TOTL.ZG,1981,
FRO,FP.CPI.TOTL.ZG,1980,
FRO,FP.CPI.TOTL.ZG,1979,
FRO,FP.CPI.TOTL.ZG,1978,
FRO,FP.CPI.TOTL.ZG,1977,
FRO,FP.CPI.TOTL.ZG,1976,
FRO,FP.CPI.TOTL.ZG,1975,
FRO,FP.CPI.TOTL.ZG,1974,
FRO,FP.CPI.TOTL.ZG,1973,
FRO,FP.CPI.TOTL.ZG,1972,
FRO,FP.CPI.TOTL.ZG,1971,
FRO,FP.CPI.TOTL.ZG,1970,
FRO,FP.CPI.TOTL.ZG,1969,
FRO,FP.CPI.TOTL.ZG,1968,
FRO,FP.CPI.TOTL.ZG,1967,
FRO,FP.CPI.TOTL.ZG,1966,
FRO,FP.CPI.TOTL.ZG,1965,
FRO,FP.CPI.TOTL.ZG,1964,
FRO,FP.CPI.TOTL.ZG,1963,
FRO,FP.CPI.TOTL.ZG,1962,
FRO,FP.CPI.TOTL.ZG,1961,
FRO,FP.CPI.TOTL.ZG,1960,
FJI,FP.CPI.TOTL.ZG,2025,
FJI,FP.CPI.TOTL.ZG,2024,4.51138256524155
FJI,FP.CPI.TOTL.ZG,2023,2.34408296633042
FJI,FP.CPI.TOTL.ZG,2022,4.32011856243056
FJI,FP.CPI.TOTL.ZG,2021,0.155855722131516
FJI,FP.CPI.TOTL.ZG,2020,-2.59524325887372
FJI,FP.CPI.TOTL.ZG,2019,1.77310182460266
FJI,FP.CPI.TOTL.ZG,2018,4.08147637644542
FJI,FP.CPI.TOTL.ZG,2017,3.34757834757839
FJI,FP.CPI.TOTL.ZG,2016,3.86322538221269
FJI,FP.CPI.TOTL.ZG,2015,1.37488542621446
FJI,FP.CPI.TOTL.ZG,2014,0.519306474579106
FJI,FP.CPI.TOTL.ZG,2013,2.91354193604001
FJI,FP.CPI.TOTL.ZG,2012,3.42337523401979
FJI,FP.CPI.TOTL.ZG,2011,7.278117827085
FJI,FP.CPI.TOTL.ZG,2010,3.68901229670758
FJI,FP.CPI.TOTL.ZG,2009,3.13103559015968
FJI,FP.CPI.TOTL.ZG,2008,7.73227857918425
FJI,FP.CPI.TOTL.ZG,2007,4.8037064130699
FJI,FP.CPI.TOTL.ZG,2006,2.49083638787078
FJI,FP.CPI.TOTL.ZG,2005,2.36576453830435
FJI,FP.CPI.TOTL.ZG,2004,2.82748519391201
FJI,FP.CPI.TOTL.ZG,2003,4.17274777763035
FJI,FP.CPI.TOTL.ZG,2002,0.762032085561207
FJI,FP.CPI.TOTL.ZG,2001,4.27267024465104
FJI,FP.CPI.TOTL.ZG,2000,1.09216459977386
FJI,FP.CPI.TOTL.ZG,1999,1.96867366000922
FJI,FP.CPI.TOTL.ZG,1998,5.71168160413119
FJI,FP.CPI.TOTL.ZG,1997,3.36814006437941
FJI,FP.CPI.TOTL.ZG,1996,3.05016181229799
FJI,FP.CPI.TOTL.ZG,1995,2.16564721441535
FJI,FP.CPI.TOTL.ZG,1994,0.816666666667028
FJI,FP.CPI.TOTL.ZG,1993,5.20658925195765
FJI,FP.CPI.TOTL.ZG,1992,4.88302271568613
FJI,FP.CPI.TOTL.ZG,1991,6.49734555984547
FJI,FP.CPI.TOTL.ZG,1990,8.19137132040972
FJI,FP.CPI.TOTL.ZG,1989,6.18935403382355
FJI,FP.CPI.TOTL.ZG,1988,11.7583268783888
FJI,FP.CPI.TOTL.ZG,1987,5.66377475855222
FJI,FP.CPI.TOTL.ZG,1986,1.79884248433802
FJI,FP.CPI.TOTL.ZG,1985,4.42097239621912
FJI,FP.CPI.TOTL.ZG,1984,5.2912176107243
FJI,FP.CPI.TOTL.ZG,1983,6.70418399801419
FJI,FP.CPI.TOTL.ZG,1982,7.03155689389485
FJI,FP.CPI.TOTL.ZG,1981,11.1806667637621
FJI,FP.CPI.TOTL.ZG,1980,14.4928744064522
FJI,FP.CPI.TOTL.ZG,1979,7.80675824952118
FJI,FP.CPI.TOTL.ZG,1978,6.108071005015
FJI,FP.CPI.TOTL.ZG,1977,7.00630444983935
FJI,FP.CPI.TOTL.ZG,1976,11.4324364264688
FJI,FP.CPI.TOTL.ZG,1975,13.0648809829825
FJI,FP.CPI.TOTL.ZG,1974,14.4984695078882
FJI,FP.CPI.TOTL.ZG,1973,11.0853182063401
FJI,FP.CPI.TOTL.ZG,1972,21.9785040579069
FJI,FP.CPI.TOTL.ZG,1971,9.13819368879199
FJI,FP.CPI.TOTL.ZG,1970,4.12417856333566
FJI,FP.CPI.TOTL.ZG,1969,
FJI,FP.CPI.TOTL.ZG,1968,
FJI,FP.CPI.TOTL.ZG,1967,
FJI,FP.CPI.TOTL.ZG,1966,
FJI,FP.CPI.TOTL.ZG,1965,
FJI,FP.CPI.TOTL.ZG,1964,
FJI,FP.CPI.TOTL.ZG,1963,
FJI,FP.CPI.TOTL.ZG,1962,
FJI,FP.CPI.TOTL.ZG,1961,
FJI,FP.CPI.TOTL.ZG,1960,
FIN,FP.CPI.TOTL.ZG,2025,
FIN,FP.CPI.TOTL.ZG,2024,1.56568906231616
FIN,FP.CPI.TOTL.ZG,2023,6.25064322154763
FIN,FP.CPI.TOTL.ZG,2022,7.12350773301402
FIN,FP.CPI.TOTL.ZG,2021,2.19457432340007
FIN,FP.CPI.TOTL.ZG,2020,0.290554555653239
FIN,FP.CPI.TOTL.ZG,2019,1.02409392963431
FIN,FP.CPI.TOTL.ZG,2018,1.08382098409305
FIN,FP.CPI.TOTL.ZG,2017,0.754015047084346
FIN,FP.CPI.TOTL.ZG,2016,0.356684500891695
FIN,FP.CPI.TOTL.ZG,2015,-0.207928839905268
FIN,FP.CPI.TOTL.ZG,2014,1.04119621178439
FIN,FP.CPI.TOTL.ZG,2013,1.4782861568881
FIN,FP.CPI.TOTL.ZG,2012,2.80833622561574
FIN,FP.CPI.TOTL.ZG,2011,3.41680754255211
FIN,FP.CPI.TOTL.ZG,2010,1.18413523154646
FIN,FP.CPI.TOTL.ZG,2009,-9.17360384430342e-07
FIN,FP.CPI.TOTL.ZG,2008,4.06595355358379
FIN,FP.CPI.TOTL.ZG,2007,2.5106656524034
FIN,FP.CPI.TOTL.ZG,2006,1.56666380704386
FIN,FP.CPI.TOTL.ZG,2005,0.623874450025191
FIN,FP.CPI.TOTL.ZG,2004,0.187120559084418
FIN,FP.CPI.TOTL.ZG,2003,0.877440386254785
FIN,FP.CPI.TOTL.ZG,2002,1.5712201278938
FIN,FP.CPI.TOTL.ZG,2001,2.57844080098896
FIN,FP.CPI.TOTL.ZG,2000,3.04210080667795
FIN,FP.CPI.TOTL.ZG,1999,1.16223155669444
FIN,FP.CPI.TOTL.ZG,1998,1.3994737857984
FIN,FP.CPI.TOTL.ZG,1997,1.19255883425839
FIN,FP.CPI.TOTL.ZG,1996,0.629194238120966
FIN,FP.CPI.TOTL.ZG,1995,0.791239406938498
FIN,FP.CPI.TOTL.ZG,1994,1.08855677589405
FIN,FP.CPI.TOTL.ZG,1993,2.19065319556437
FIN,FP.CPI.TOTL.ZG,1992,2.91932319285011
FIN,FP.CPI.TOTL.ZG,1991,4.31021289843465
FIN,FP.CPI.TOTL.ZG,1990,6.1495653117985
FIN,FP.CPI.TOTL.ZG,1989,6.59290980189131
FIN,FP.CPI.TOTL.ZG,1988,5.08592861394881
FIN,FP.CPI.TOTL.ZG,1987,4.11302886205058
FIN,FP.CPI.TOTL.ZG,1986,2.93357920442327
FIN,FP.CPI.TOTL.ZG,1985,5.19562195429435
FIN,FP.CPI.TOTL.ZG,1984,7.06765638328172
FIN,FP.CPI.TOTL.ZG,1983,8.3662926064564
FIN,FP.CPI.TOTL.ZG,1982,9.58492764677445
FIN,FP.CPI.TOTL.ZG,1981,11.3057566509548
FIN,FP.CPI.TOTL.ZG,1980,11.5946192492107
FIN,FP.CPI.TOTL.ZG,1979,7.46696151310738
FIN,FP.CPI.TOTL.ZG,1978,7.79935074552145
FIN,FP.CPI.TOTL.ZG,1977,11.7933469184054
FIN,FP.CPI.TOTL.ZG,1976,14.3426930852257
FIN,FP.CPI.TOTL.ZG,1975,17.8113972340213
FIN,FP.CPI.TOTL.ZG,1974,16.9363999989274
FIN,FP.CPI.TOTL.ZG,1973,10.7544718831368
FIN,FP.CPI.TOTL.ZG,1972,6.66249783515328
FIN,FP.CPI.TOTL.ZG,1971,6.47576543061856
FIN,FP.CPI.TOTL.ZG,1970,2.7404204305122
FIN,FP.CPI.TOTL.ZG,1969,2.20561093521246
FIN,FP.CPI.TOTL.ZG,1968,9.19166799519512
FIN,FP.CPI.TOTL.ZG,1967,5.37778183372858
FIN,FP.CPI.TOTL.ZG,1966,3.87365401861324
FIN,FP.CPI.TOTL.ZG,1965,4.94058806755308
FIN,FP.CPI.TOTL.ZG,1964,10.2758607417486
FIN,FP.CPI.TOTL.ZG,1963,4.99638188645285
FIN,FP.CPI.TOTL.ZG,1962,4.38398278172668
FIN,FP.CPI.TOTL.ZG,1961,1.69100191533953
FIN,FP.CPI.TOTL.ZG,1960,3.41812725350792
FRA,FP.CPI.TOTL.ZG,2025,
FRA,FP.CPI.TOTL.ZG,2024,1.99904942291463
FRA,FP.CPI.TOTL.ZG,2023,4.87835726508441
FRA,FP.CPI.TOTL.ZG,2022,5.22236748369735
FRA,FP.CPI.TOTL.ZG,2021,1.64233141038385
FRA,FP.CPI.TOTL.ZG,2020,0.476498852725066
FRA,FP.CPI.TOTL.ZG,2019,1.10825492288294
FRA,FP.CPI.TOTL.ZG,2018,1.85081508315502
FRA,FP.CPI.TOTL.ZG,2017,1.03228275064662
FRA,FP.CPI.TOTL.ZG,2016,0.18333486112386
FRA,FP.CPI.TOTL.ZG,2015,0.0375143805125182
FRA,FP.CPI.TOTL.ZG,2014,0.50775882293799
FRA,FP.CPI.TOTL.ZG,2013,0.863715497861805
FRA,FP.CPI.TOTL.ZG,2012,1.9541953161351
FRA,FP.CPI.TOTL.ZG,2011,2.11159795174994
FRA,FP.CPI.TOTL.ZG,2010,1.53112270420926
FRA,FP.CPI.TOTL.ZG,2009,0.0876204781574552
FRA,FP.CPI.TOTL.ZG,2008,2.81286194914787
FRA,FP.CPI.TOTL.ZG,2007,1.4879980595386
FRA,FP.CPI.TOTL.ZG,2006,1.67512449608723
FRA,FP.CPI.TOTL.ZG,2005,1.74586936380482
FRA,FP.CPI.TOTL.ZG,2004,2.14208964640241
FRA,FP.CPI.TOTL.ZG,2003,2.09847219146923
FRA,FP.CPI.TOTL.ZG,2002,1.9234122872706
FRA,FP.CPI.TOTL.ZG,2001,1.63478079549601
FRA,FP.CPI.TOTL.ZG,2000,1.67595988720927
FRA,FP.CPI.TOTL.ZG,1999,0.537141639134645
FRA,FP.CPI.TOTL.ZG,1998,0.651126867833049
FRA,FP.CPI.TOTL.ZG,1997,1.20394294026962
FRA,FP.CPI.TOTL.ZG,1996,1.98288365089738
FRA,FP.CPI.TOTL.ZG,1995,1.79648142095595
FRA,FP.CPI.TOTL.ZG,1994,1.65551532926993
FRA,FP.CPI.TOTL.ZG,1993,2.10446277124644
FRA,FP.CPI.TOTL.ZG,1992,2.36376046269353
FRA,FP.CPI.TOTL.ZG,1991,3.21340732409687
FRA,FP.CPI.TOTL.ZG,1990,3.19428338029475
FRA,FP.CPI.TOTL.ZG,1989,3.49830220700749
FRA,FP.CPI.TOTL.ZG,1988,2.70081527508113
FRA,FP.CPI.TOTL.ZG,1987,3.28889821400133
FRA,FP.CPI.TOTL.ZG,1986,2.53852591781417
FRA,FP.CPI.TOTL.ZG,1985,5.83109973854516
FRA,FP.CPI.TOTL.ZG,1984,7.67380262247321
FRA,FP.CPI.TOTL.ZG,1983,9.45954847235318
FRA,FP.CPI.TOTL.ZG,1982,11.9784719523806
FRA,FP.CPI.TOTL.ZG,1981,13.3144055680071
FRA,FP.CPI.TOTL.ZG,1980,13.5625788483016
FRA,FP.CPI.TOTL.ZG,1979,10.6467341716664
FRA,FP.CPI.TOTL.ZG,1978,9.2505584672443
FRA,FP.CPI.TOTL.ZG,1977,9.49455467190434
FRA,FP.CPI.TOTL.ZG,1976,9.62549578155529
FRA,FP.CPI.TOTL.ZG,1975,11.6859272493228
FRA,FP.CPI.TOTL.ZG,1974,13.6493174728139
FRA,FP.CPI.TOTL.ZG,1973,7.38060106398912
FRA,FP.CPI.TOTL.ZG,1972,6.06300309718187
FRA,FP.CPI.TOTL.ZG,1971,5.39751865595105
FRA,FP.CPI.TOTL.ZG,1970,5.29964124562675
FRA,FP.CPI.TOTL.ZG,1969,6.04596284173893
FRA,FP.CPI.TOTL.ZG,1968,4.54320486402014
FRA,FP.CPI.TOTL.ZG,1967,2.7917770943515
FRA,FP.CPI.TOTL.ZG,1966,2.60200076636444
FRA,FP.CPI.TOTL.ZG,1965,2.70310455873084
FRA,FP.CPI.TOTL.ZG,1964,3.21119170293105
FRA,FP.CPI.TOTL.ZG,1963,4.99915289796841
FRA,FP.CPI.TOTL.ZG,1962,5.33128007065639
FRA,FP.CPI.TOTL.ZG,1961,2.40046104546321
FRA,FP.CPI.TOTL.ZG,1960,4.13993575518437
PYF,FP.CPI.TOTL.ZG,2025,
PYF,FP.CPI.TOTL.ZG,2024,
PYF,FP.CPI.TOTL.ZG,2023,
PYF,FP.CPI.TOTL.ZG,2022,
PYF,FP.CPI.TOTL.ZG,2021,
PYF,FP.CPI.TOTL.ZG,2020,
PYF,FP.CPI.TOTL.ZG,2019,
PYF,FP.CPI.TOTL.ZG,2018,
PYF,FP.CPI.TOTL.ZG,2017,
PYF,FP.CPI.TOTL.ZG,2016,
PYF,FP.CPI.TOTL.ZG,2015,
PYF,FP.CPI.TOTL.ZG,2014,
PYF,FP.CPI.TOTL.ZG,2013,
PYF,FP.CPI.TOTL.ZG,2012,
PYF,FP.CPI.TOTL.ZG,2011,
PYF,FP.CPI.TOTL.ZG,2010,
PYF,FP.CPI.TOTL.ZG,2009,
PYF,FP.CPI.TOTL.ZG,2008,
PYF,FP.CPI.TOTL.ZG,2007,
PYF,FP.CPI.TOTL.ZG,2006,
PYF,FP.CPI.TOTL.ZG,2005,
PYF,FP.CPI.TOTL.ZG,2004,
PYF,FP.CPI.TOTL.ZG,2003,
PYF,FP.CPI.TOTL.ZG,2002,
PYF,FP.CPI.TOTL.ZG,2001,
PYF,FP.CPI.TOTL.ZG,2000,
PYF,FP.CPI.TOTL.ZG,1999,
PYF,FP.CPI.TOTL.ZG,1998,
PYF,FP.CPI.TOTL.ZG,1997,
PYF,FP.CPI.TOTL.ZG,1996,
PYF,FP.CPI.TOTL.ZG,1995,
PYF,FP.CPI.TOTL.ZG,1994,
PYF,FP.CPI.TOTL.ZG,1993,
PYF,FP.CPI.TOTL.ZG,1992,
PYF,FP.CPI.TOTL.ZG,1991,
PYF,FP.CPI.TOTL.ZG,1990,
PYF,FP.CPI.TOTL.ZG,1989,
PYF,FP.CPI.TOTL.ZG,1988,
PYF,FP.CPI.TOTL.ZG,1987,
PYF,FP.CPI.TOTL.ZG,1986,
PYF,FP.CPI.TOTL.ZG,1985,
PYF,FP.CPI.TOTL.ZG,1984,
PYF,FP.CPI.TOTL.ZG,1983,
PYF,FP.CPI.TOTL.ZG,1982,
PYF,FP.CPI.TOTL.ZG,1981,
PYF,FP.CPI.TOTL.ZG,1980,
PYF,FP.CPI.TOTL.ZG,1979,
PYF,FP.CPI.TOTL.ZG,1978,
PYF,FP.CPI.TOTL.ZG,1977,
PYF,FP.CPI.TOTL.ZG,1976,
PYF,FP.CPI.TOTL.ZG,1975,
PYF,FP.CPI.TOTL.ZG,1974,
PYF,FP.CPI.TOTL.ZG,1973,
PYF,FP.CPI.TOTL.ZG,1972,
PYF,FP.CPI.TOTL.ZG,1971,
PYF,FP.CPI.TOTL.ZG,1970,
PYF,FP.CPI.TOTL.ZG,1969,
PYF,FP.CPI.TOTL.ZG,1968,
PYF,FP.CPI.TOTL.ZG,1967,
PYF,FP.CPI.TOTL.ZG,1966,
PYF,FP.CPI.TOTL.ZG,1965,
PYF,FP.CPI.TOTL.ZG,1964,
PYF,FP.CPI.TOTL.ZG,1963,
PYF,FP.CPI.TOTL.ZG,1962,
PYF,FP.CPI.TOTL.ZG,1961,
PYF,FP.CPI.TOTL.ZG,1960,
GAB,FP.CPI.TOTL.ZG,2025,
GAB,FP.CPI.TOTL.ZG,2024,1.17311998381218
GAB,FP.CPI.TOTL.ZG,2023,3.62901534185376
GAB,FP.CPI.TOTL.ZG,2022,4.23124798274579
GAB,FP.CPI.TOTL.ZG,2021,1.0869074651941
GAB,FP.CPI.TOTL.ZG,2020,1.35276110675333
GAB,FP.CPI.TOTL.ZG,2019,2.46456756151187
GAB,FP.CPI.TOTL.ZG,2018,4.74906652083221
GAB,FP.CPI.TOTL.ZG,2017,2.65192583143902
GAB,FP.CPI.TOTL.ZG,2016,2.10670712784054
GAB,FP.CPI.TOTL.ZG,2015,-0.338795188753406
GAB,FP.CPI.TOTL.ZG,2014,4.69045751826284
GAB,FP.CPI.TOTL.ZG,2013,0.505441058915615
GAB,FP.CPI.TOTL.ZG,2012,2.65241828695626
GAB,FP.CPI.TOTL.ZG,2011,1.26331707837421
GAB,FP.CPI.TOTL.ZG,2010,1.46154402720469
GAB,FP.CPI.TOTL.ZG,2009,1.88570754577918
GAB,FP.CPI.TOTL.ZG,2008,5.26430145575285
GAB,FP.CPI.TOTL.ZG,2007,5.03031883679951
GAB,FP.CPI.TOTL.ZG,2006,-1.4094013660098
GAB,FP.CPI.TOTL.ZG,2005,3.70833333333304
GAB,FP.CPI.TOTL.ZG,2004,0.40820530743925
GAB,FP.CPI.TOTL.ZG,2003,2.23535313551536
GAB,FP.CPI.TOTL.ZG,2002,0.0366828893971394
GAB,FP.CPI.TOTL.ZG,2001,2.13762052701465
GAB,FP.CPI.TOTL.ZG,2000,0.504920025834859
GAB,FP.CPI.TOTL.ZG,1999,-1.93660397603626
GAB,FP.CPI.TOTL.ZG,1998,1.44873854294598
GAB,FP.CPI.TOTL.ZG,1997,3.973450075453
GAB,FP.CPI.TOTL.ZG,1996,0.689693377281638
GAB,FP.CPI.TOTL.ZG,1995,9.64653104079616
GAB,FP.CPI.TOTL.ZG,1994,36.1162456962985
GAB,FP.CPI.TOTL.ZG,1993,0.533746556474191
GAB,FP.CPI.TOTL.ZG,1992,-9.54291330336575
GAB,FP.CPI.TOTL.ZG,1991,-11.6861126920888
GAB,FP.CPI.TOTL.ZG,1990,7.72532188841208
GAB,FP.CPI.TOTL.ZG,1989,6.74083769633498
GAB,FP.CPI.TOTL.ZG,1988,-8.77611940298511
GAB,FP.CPI.TOTL.ZG,1987,-0.946185688941441
GAB,FP.CPI.TOTL.ZG,1986,6.28535512256451
GAB,FP.CPI.TOTL.ZG,1985,7.3549257759783
GAB,FP.CPI.TOTL.ZG,1984,5.85714285714295
GAB,FP.CPI.TOTL.ZG,1983,10.6719367588934
GAB,FP.CPI.TOTL.ZG,1982,16.6857968797492
GAB,FP.CPI.TOTL.ZG,1981,8.70650214893005
GAB,FP.CPI.TOTL.ZG,1980,12.3403592565602
GAB,FP.CPI.TOTL.ZG,1979,7.95269853751444
GAB,FP.CPI.TOTL.ZG,1978,10.7641690976807
GAB,FP.CPI.TOTL.ZG,1977,13.8525690862841
GAB,FP.CPI.TOTL.ZG,1976,20.1715644639721
GAB,FP.CPI.TOTL.ZG,1975,28.4529426372338
GAB,FP.CPI.TOTL.ZG,1974,12.0728041856619
GAB,FP.CPI.TOTL.ZG,1973,6.20714116814339
GAB,FP.CPI.TOTL.ZG,1972,3.4870916434787
GAB,FP.CPI.TOTL.ZG,1971,3.86326089701576
GAB,FP.CPI.TOTL.ZG,1970,3.8126649076679
GAB,FP.CPI.TOTL.ZG,1969,2.9751392473965
GAB,FP.CPI.TOTL.ZG,1968,2.33560405929839
GAB,FP.CPI.TOTL.ZG,1967,1.97774154682666
GAB,FP.CPI.TOTL.ZG,1966,3.64411138096769
GAB,FP.CPI.TOTL.ZG,1965,2.43847369595919
GAB,FP.CPI.TOTL.ZG,1964,3.3284081190083
GAB,FP.CPI.TOTL.ZG,1963,7.15833333249996
GAB,FP.CPI.TOTL.ZG,1962,
GAB,FP.CPI.TOTL.ZG,1961,
GAB,FP.CPI.TOTL.ZG,1960,
GMB,FP.CPI.TOTL.ZG,2025,
GMB,FP.CPI.TOTL.ZG,2024,11.5610532897511
GMB,FP.CPI.TOTL.ZG,2023,16.9742129632327
GMB,FP.CPI.TOTL.ZG,2022,11.5131198380505
GMB,FP.CPI.TOTL.ZG,2021,7.37034758876618
GMB,FP.CPI.TOTL.ZG,2020,5.93127636562441
GMB,FP.CPI.TOTL.ZG,2019,7.11567625631192
GMB,FP.CPI.TOTL.ZG,2018,6.52096823946573
GMB,FP.CPI.TOTL.ZG,2017,8.03418974545911
GMB,FP.CPI.TOTL.ZG,2016,7.22879272057922
GMB,FP.CPI.TOTL.ZG,2015,6.8084549457961
GMB,FP.CPI.TOTL.ZG,2014,5.94799935696626
GMB,FP.CPI.TOTL.ZG,2013,5.69912989637382
GMB,FP.CPI.TOTL.ZG,2012,4.25432199813899
GMB,FP.CPI.TOTL.ZG,2011,4.7958826618311
GMB,FP.CPI.TOTL.ZG,2010,5.04968075857402
GMB,FP.CPI.TOTL.ZG,2009,4.56150687670983
GMB,FP.CPI.TOTL.ZG,2008,4.4436549094501
GMB,FP.CPI.TOTL.ZG,2007,5.36913473801957
GMB,FP.CPI.TOTL.ZG,2006,2.0565034236599
GMB,FP.CPI.TOTL.ZG,2005,4.83862177543157
GMB,FP.CPI.TOTL.ZG,2004,14.2067432845569
GMB,FP.CPI.TOTL.ZG,2003,17.0328665431988
GMB,FP.CPI.TOTL.ZG,2002,8.60912474386327
GMB,FP.CPI.TOTL.ZG,2001,4.49259609239754
GMB,FP.CPI.TOTL.ZG,2000,0.8449695667737
GMB,FP.CPI.TOTL.ZG,1999,3.8123720536602
GMB,FP.CPI.TOTL.ZG,1998,1.11418841174713
GMB,FP.CPI.TOTL.ZG,1997,2.78122790023229
GMB,FP.CPI.TOTL.ZG,1996,1.09948870771018
GMB,FP.CPI.TOTL.ZG,1995,6.98097441830556
GMB,FP.CPI.TOTL.ZG,1994,1.71020632305637
GMB,FP.CPI.TOTL.ZG,1993,6.46380422753847
GMB,FP.CPI.TOTL.ZG,1992,9.48654250617163
GMB,FP.CPI.TOTL.ZG,1991,8.64234325973438
GMB,FP.CPI.TOTL.ZG,1990,12.1677841130696
GMB,FP.CPI.TOTL.ZG,1989,8.27501608751592
GMB,FP.CPI.TOTL.ZG,1988,11.6905868876763
GMB,FP.CPI.TOTL.ZG,1987,23.5291669556941
GMB,FP.CPI.TOTL.ZG,1986,56.560172013504
GMB,FP.CPI.TOTL.ZG,1985,18.319884874273
GMB,FP.CPI.TOTL.ZG,1984,22.0984594145327
GMB,FP.CPI.TOTL.ZG,1983,10.6363036761385
GMB,FP.CPI.TOTL.ZG,1982,10.8558454553089
GMB,FP.CPI.TOTL.ZG,1981,5.94422700614445
GMB,FP.CPI.TOTL.ZG,1980,6.82461565247797
GMB,FP.CPI.TOTL.ZG,1979,6.12895770734282
GMB,FP.CPI.TOTL.ZG,1978,8.85534591214091
GMB,FP.CPI.TOTL.ZG,1977,12.3897308301286
GMB,FP.CPI.TOTL.ZG,1976,17.0273310832519
GMB,FP.CPI.TOTL.ZG,1975,25.9249999994999
GMB,FP.CPI.TOTL.ZG,1974,9.23631035966853
GMB,FP.CPI.TOTL.ZG,1973,6.91860844589019
GMB,FP.CPI.TOTL.ZG,1972,8.69811990079435
GMB,FP.CPI.TOTL.ZG,1971,3.05622578045008
GMB,FP.CPI.TOTL.ZG,1970,-1.98509387961995
GMB,FP.CPI.TOTL.ZG,1969,5.01204093884017
GMB,FP.CPI.TOTL.ZG,1968,4.17875343012887
GMB,FP.CPI.TOTL.ZG,1967,1.40721895381677
GMB,FP.CPI.TOTL.ZG,1966,0.23908192532822
GMB,FP.CPI.TOTL.ZG,1965,1.21803662168856
GMB,FP.CPI.TOTL.ZG,1964,-4.53565378123679
GMB,FP.CPI.TOTL.ZG,1963,4.61612825298721
GMB,FP.CPI.TOTL.ZG,1962,1.78761787610517
GMB,FP.CPI.TOTL.ZG,1961,
GMB,FP.CPI.TOTL.ZG,1960,
GEO,FP.CPI.TOTL.ZG,2025,
GEO,FP.CPI.TOTL.ZG,2024,1.10971758022096
GEO,FP.CPI.TOTL.ZG,2023,2.48776056578715
GEO,FP.CPI.TOTL.ZG,2022,11.8981654203198
GEO,FP.CPI.TOTL.ZG,2021,9.56691433824769
GEO,FP.CPI.TOTL.ZG,2020,5.2024648897534
GEO,FP.CPI.TOTL.ZG,2019,4.85289821696723
GEO,FP.CPI.TOTL.ZG,2018,2.6152447139767
GEO,FP.CPI.TOTL.ZG,2017,6.03531725272117
GEO,FP.CPI.TOTL.ZG,2016,2.13492713939121
GEO,FP.CPI.TOTL.ZG,2015,4.00357820695097
GEO,FP.CPI.TOTL.ZG,2014,3.06881210379543
GEO,FP.CPI.TOTL.ZG,2013,-0.512058410947092
GEO,FP.CPI.TOTL.ZG,2012,-0.943658853270964
GEO,FP.CPI.TOTL.ZG,2011,8.5429333333333
GEO,FP.CPI.TOTL.ZG,2010,7.11017897486099
GEO,FP.CPI.TOTL.ZG,2009,1.7275146113791
GEO,FP.CPI.TOTL.ZG,2008,9.99948761552747
GEO,FP.CPI.TOTL.ZG,2007,9.24489745592404
GEO,FP.CPI.TOTL.ZG,2006,9.16096508394497
GEO,FP.CPI.TOTL.ZG,2005,8.24709043114158
GEO,FP.CPI.TOTL.ZG,2004,5.65632636191132
GEO,FP.CPI.TOTL.ZG,2003,0.837734531536568
GEO,FP.CPI.TOTL.ZG,2002,5.58783730000794
GEO,FP.CPI.TOTL.ZG,2001,4.64604442058634
GEO,FP.CPI.TOTL.ZG,2000,4.06396201382596
GEO,FP.CPI.TOTL.ZG,1999,19.1926758218895
GEO,FP.CPI.TOTL.ZG,1998,3.56680781278783
GEO,FP.CPI.TOTL.ZG,1997,7.08761762948726
GEO,FP.CPI.TOTL.ZG,1996,39.3574999987146
GEO,FP.CPI.TOTL.ZG,1995,162.717152150377
GEO,FP.CPI.TOTL.ZG,1994,
GEO,FP.CPI.TOTL.ZG,1993,
GEO,FP.CPI.TOTL.ZG,1992,
GEO,FP.CPI.TOTL.ZG,1991,
GEO,FP.CPI.TOTL.ZG,1990,
GEO,FP.CPI.TOTL.ZG,1989,
GEO,FP.CPI.TOTL.ZG,1988,
GEO,FP.CPI.TOTL.ZG,1987,
GEO,FP.CPI.TOTL.ZG,1986,
GEO,FP.CPI.TOTL.ZG,1985,
GEO,FP.CPI.TOTL.ZG,1984,
GEO,FP.CPI.TOTL.ZG,1983,
GEO,FP.CPI.TOTL.ZG,1982,
GEO,FP.CPI.TOTL.ZG,1981,
GEO,FP.CPI.TOTL.ZG,1980,
GEO,FP.CPI.TOTL.ZG,1979,
GEO,FP.CPI.TOTL.ZG,1978,
GEO,FP.CPI.TOTL.ZG,1977,
GEO,FP.CPI.TOTL.ZG,1976,
GEO,FP.CPI.TOTL.ZG,1975,
GEO,FP.CPI.TOTL.ZG,1974,
GEO,FP.CPI.TOTL.ZG,1973,
GEO,FP.CPI.TOTL.ZG,1972,
GEO,FP.CPI.TOTL.ZG,1971,
GEO,FP.CPI.TOTL.ZG,1970,
GEO,FP.CPI.TOTL.ZG,1969,
GEO,FP.CPI.TOTL.ZG,1968,
GEO,FP.CPI.TOTL.ZG,1967,
GEO,FP.CPI.TOTL.ZG,1966,
GEO,FP.CPI.TOTL.ZG,1965,
GEO,FP.CPI.TOTL.ZG,1964,
GEO,FP.CPI.TOTL.ZG,1963,
GEO,FP.CPI.TOTL.ZG,1962,
GEO,FP.CPI.TOTL.ZG,1961,
GEO,FP.CPI.TOTL.ZG,1960,
DEU,FP.CPI.TOTL.ZG,2025,
DEU,FP.CPI.TOTL.ZG,2024,2.2564981433876
DEU,FP.CPI.TOTL.ZG,2023,5.94643667725823
DEU,FP.CPI.TOTL.ZG,2022,6.87257438551097
DEU,FP.CPI.TOTL.ZG,2021,3.06666666666673
DEU,FP.CPI.TOTL.ZG,2020,0.144877925813982
DEU,FP.CPI.TOTL.ZG,2019,1.44565976888253
DEU,FP.CPI.TOTL.ZG,2018,1.73216879766942
DEU,FP.CPI.TOTL.ZG,2017,1.50949485109628
DEU,FP.CPI.TOTL.ZG,2016,0.491747008445174
DEU,FP.CPI.TOTL.ZG,2015,0.514426137125456
DEU,FP.CPI.TOTL.ZG,2014,0.906794000434246
DEU,FP.CPI.TOTL.ZG,2013,1.50472330251876
DEU,FP.CPI.TOTL.ZG,2012,2.00848884782956
DEU,FP.CPI.TOTL.ZG,2011,2.07517283735874
DEU,FP.CPI.TOTL.ZG,2010,1.1038103778926
DEU,FP.CPI.TOTL.ZG,2009,0.312739007368447
DEU,FP.CPI.TOTL.ZG,2008,2.62837981637219
DEU,FP.CPI.TOTL.ZG,2007,2.29834400700951
DEU,FP.CPI.TOTL.ZG,2006,1.57742642840563
DEU,FP.CPI.TOTL.ZG,2005,1.54691114751328
DEU,FP.CPI.TOTL.ZG,2004,1.66573696655992
DEU,FP.CPI.TOTL.ZG,2003,1.03422218628562
DEU,FP.CPI.TOTL.ZG,2002,1.42080615551526
DEU,FP.CPI.TOTL.ZG,2001,1.98385731334471
DEU,FP.CPI.TOTL.ZG,2000,1.44026838719741
DEU,FP.CPI.TOTL.ZG,1999,0.585433064230783
DEU,FP.CPI.TOTL.ZG,1998,0.911183535014403
DEU,FP.CPI.TOTL.ZG,1997,1.93937198922729
DEU,FP.CPI.TOTL.ZG,1996,1.44972701963239
DEU,FP.CPI.TOTL.ZG,1995,1.70616041317076
DEU,FP.CPI.TOTL.ZG,1994,2.69305639854954
DEU,FP.CPI.TOTL.ZG,1993,4.47457650752808
DEU,FP.CPI.TOTL.ZG,1992,5.05697796731731
DEU,FP.CPI.TOTL.ZG,1991,4.04703259753466
DEU,FP.CPI.TOTL.ZG,1990,2.69646824292392
DEU,FP.CPI.TOTL.ZG,1989,2.78056955569751
DEU,FP.CPI.TOTL.ZG,1988,1.27411894006923
DEU,FP.CPI.TOTL.ZG,1987,0.24990610870503
DEU,FP.CPI.TOTL.ZG,1986,-0.129413360854742
DEU,FP.CPI.TOTL.ZG,1985,2.0662330121658
DEU,FP.CPI.TOTL.ZG,1984,2.4057933993196
DEU,FP.CPI.TOTL.ZG,1983,3.29341474302854
DEU,FP.CPI.TOTL.ZG,1982,5.24104507228422
DEU,FP.CPI.TOTL.ZG,1981,6.34424277746325
DEU,FP.CPI.TOTL.ZG,1980,5.44105754460347
DEU,FP.CPI.TOTL.ZG,1979,4.04362006473399
DEU,FP.CPI.TOTL.ZG,1978,2.71869696123339
DEU,FP.CPI.TOTL.ZG,1977,3.73416240635147
DEU,FP.CPI.TOTL.ZG,1976,4.24663102299209
DEU,FP.CPI.TOTL.ZG,1975,5.91033626324104
DEU,FP.CPI.TOTL.ZG,1974,6.98643109327497
DEU,FP.CPI.TOTL.ZG,1973,7.03202399303898
DEU,FP.CPI.TOTL.ZG,1972,5.4849331221432
DEU,FP.CPI.TOTL.ZG,1971,5.24097448273094
DEU,FP.CPI.TOTL.ZG,1970,3.45024936360895
DEU,FP.CPI.TOTL.ZG,1969,1.91267848797596
DEU,FP.CPI.TOTL.ZG,1968,1.470289313277
DEU,FP.CPI.TOTL.ZG,1967,1.79604992213175
DEU,FP.CPI.TOTL.ZG,1966,3.53306035477689
DEU,FP.CPI.TOTL.ZG,1965,3.24231923668133
DEU,FP.CPI.TOTL.ZG,1964,2.33573581177832
DEU,FP.CPI.TOTL.ZG,1963,2.9669597758771
DEU,FP.CPI.TOTL.ZG,1962,2.84327019799062
DEU,FP.CPI.TOTL.ZG,1961,2.29369500700884
DEU,FP.CPI.TOTL.ZG,1960,1.53661234295201
GHA,FP.CPI.TOTL.ZG,2025,
GHA,FP.CPI.TOTL.ZG,2024,22.8483281157842
GHA,FP.CPI.TOTL.ZG,2023,38.1069656296501
GHA,FP.CPI.TOTL.ZG,2022,31.2558951049016
GHA,FP.CPI.TOTL.ZG,2021,9.9710886750444
GHA,FP.CPI.TOTL.ZG,2020,9.88728956269944
GHA,FP.CPI.TOTL.ZG,2019,7.14364003330857
GHA,FP.CPI.TOTL.ZG,2018,7.80876516610703
GHA,FP.CPI.TOTL.ZG,2017,12.3719215507048
GHA,FP.CPI.TOTL.ZG,2016,17.4546347070868
GHA,FP.CPI.TOTL.ZG,2015,17.1499695007878
GHA,FP.CPI.TOTL.ZG,2014,15.4896160333318
GHA,FP.CPI.TOTL.ZG,2013,11.6661923071729
GHA,FP.CPI.TOTL.ZG,2012,11.1863409441067
GHA,FP.CPI.TOTL.ZG,2011,8.7284593709302
GHA,FP.CPI.TOTL.ZG,2010,10.7333898354915
GHA,FP.CPI.TOTL.ZG,2009,19.2469482220857
GHA,FP.CPI.TOTL.ZG,2008,16.494639613412
GHA,FP.CPI.TOTL.ZG,2007,10.7342665456292
GHA,FP.CPI.TOTL.ZG,2006,11.6791839392492
GHA,FP.CPI.TOTL.ZG,2005,15.4389920155908
GHA,FP.CPI.TOTL.ZG,2004,18.0427388232565
GHA,FP.CPI.TOTL.ZG,2003,29.7729797160384
GHA,FP.CPI.TOTL.ZG,2002,9.36093239560313
GHA,FP.CPI.TOTL.ZG,2001,41.509496287803
GHA,FP.CPI.TOTL.ZG,2000,40.240933123914
GHA,FP.CPI.TOTL.ZG,1999,4.86539785077528
GHA,FP.CPI.TOTL.ZG,1998,14.6241666666675
GHA,FP.CPI.TOTL.ZG,1997,27.8852086407527
GHA,FP.CPI.TOTL.ZG,1996,46.5610196762282
GHA,FP.CPI.TOTL.ZG,1995,59.4615536991446
GHA,FP.CPI.TOTL.ZG,1994,24.8702554369576
GHA,FP.CPI.TOTL.ZG,1993,24.9598424742497
GHA,FP.CPI.TOTL.ZG,1992,10.0561167448841
GHA,FP.CPI.TOTL.ZG,1991,18.0314390089849
GHA,FP.CPI.TOTL.ZG,1990,37.2590664855671
GHA,FP.CPI.TOTL.ZG,1989,25.2236920295825
GHA,FP.CPI.TOTL.ZG,1988,31.3592676264768
GHA,FP.CPI.TOTL.ZG,1987,39.8150678775363
GHA,FP.CPI.TOTL.ZG,1986,24.5654160765001
GHA,FP.CPI.TOTL.ZG,1985,10.3054406698295
GHA,FP.CPI.TOTL.ZG,1984,39.6653137947268
GHA,FP.CPI.TOTL.ZG,1983,122.874514572592
GHA,FP.CPI.TOTL.ZG,1982,22.2955664080893
GHA,FP.CPI.TOTL.ZG,1981,116.503603996541
GHA,FP.CPI.TOTL.ZG,1980,50.0701393436364
GHA,FP.CPI.TOTL.ZG,1979,54.4412883345616
GHA,FP.CPI.TOTL.ZG,1978,73.091666667343
GHA,FP.CPI.TOTL.ZG,1977,116.450216453639
GHA,FP.CPI.TOTL.ZG,1976,56.0810810829756
GHA,FP.CPI.TOTL.ZG,1975,29.8245614048168
GHA,FP.CPI.TOTL.ZG,1974,18.1347150268463
GHA,FP.CPI.TOTL.ZG,1973,17.6829268231711
GHA,FP.CPI.TOTL.ZG,1972,10.0671140939595
GHA,FP.CPI.TOTL.ZG,1971,9.55882353746772
GHA,FP.CPI.TOTL.ZG,1970,3.03030303053265
GHA,FP.CPI.TOTL.ZG,1969,7.31707316260125
GHA,FP.CPI.TOTL.ZG,1968,7.89473684210539
GHA,FP.CPI.TOTL.ZG,1967,-8.42248589780283
GHA,FP.CPI.TOTL.ZG,1966,13.2378854626539
GHA,FP.CPI.TOTL.ZG,1965,26.4447848490173
GHA,FP.CPI.TOTL.ZG,1964,
GHA,FP.CPI.TOTL.ZG,1963,
GHA,FP.CPI.TOTL.ZG,1962,
GHA,FP.CPI.TOTL.ZG,1961,
GHA,FP.CPI.TOTL.ZG,1960,
GIB,FP.CPI.TOTL.ZG,2025,
GIB,FP.CPI.TOTL.ZG,2024,
GIB,FP.CPI.TOTL.ZG,2023,
GIB,FP.CPI.TOTL.ZG,2022,
GIB,FP.CPI.TOTL.ZG,2021,
GIB,FP.CPI.TOTL.ZG,2020,
GIB,FP.CPI.TOTL.ZG,2019,
GIB,FP.CPI.TOTL.ZG,2018,
GIB,FP.CPI.TOTL.ZG,2017,
GIB,FP.CPI.TOTL.ZG,2016,
GIB,FP.CPI.TOTL.ZG,2015,
GIB,FP.CPI.TOTL.ZG,2014,
GIB,FP.CPI.TOTL.ZG,2013,
GIB,FP.CPI.TOTL.ZG,2012,
GIB,FP.CPI.TOTL.ZG,2011,
GIB,FP.CPI.TOTL.ZG,2010,
GIB,FP.CPI.TOTL.ZG,2009,
GIB,FP.CPI.TOTL.ZG,2008,
GIB,FP.CPI.TOTL.ZG,2007,
GIB,FP.CPI.TOTL.ZG,2006,
GIB,FP.CPI.TOTL.ZG,2005,
GIB,FP.CPI.TOTL.ZG,2004,
GIB,FP.CPI.TOTL.ZG,2003,
GIB,FP.CPI.TOTL.ZG,2002,
GIB,FP.CPI.TOTL.ZG,2001,
GIB,FP.CPI.TOTL.ZG,2000,
GIB,FP.CPI.TOTL.ZG,1999,
GIB,FP.CPI.TOTL.ZG,1998,
GIB,FP.CPI.TOTL.ZG,1997,
GIB,FP.CPI.TOTL.ZG,1996,
GIB,FP.CPI.TOTL.ZG,1995,
GIB,FP.CPI.TOTL.ZG,1994,
GIB,FP.CPI.TOTL.ZG,1993,
GIB,FP.CPI.TOTL.ZG,1992,
GIB,FP.CPI.TOTL.ZG,1991,
GIB,FP.CPI.TOTL.ZG,1990,
GIB,FP.CPI.TOTL.ZG,1989,
GIB,FP.CPI.TOTL.ZG,1988,
GIB,FP.CPI.TOTL.ZG,1987,
GIB,FP.CPI.TOTL.ZG,1986,
GIB,FP.CPI.TOTL.ZG,1985,
GIB,FP.CPI.TOTL.ZG,1984,
GIB,FP.CPI.TOTL.ZG,1983,
GIB,FP.CPI.TOTL.ZG,1982,
GIB,FP.CPI.TOTL.ZG,1981,
GIB,FP.CPI.TOTL.ZG,1980,
GIB,FP.CPI.TOTL.ZG,1979,
GIB,FP.CPI.TOTL.ZG,1978,
GIB,FP.CPI.TOTL.ZG,1977,
GIB,FP.CPI.TOTL.ZG,1976,
GIB,FP.CPI.TOTL.ZG,1975,
GIB,FP.CPI.TOTL.ZG,1974,
GIB,FP.CPI.TOTL.ZG,1973,
GIB,FP.CPI.TOTL.ZG,1972,
GIB,FP.CPI.TOTL.ZG,1971,
GIB,FP.CPI.TOTL.ZG,1970,
GIB,FP.CPI.TOTL.ZG,1969,
GIB,FP.CPI.TOTL.ZG,1968,
GIB,FP.CPI.TOTL.ZG,1967,
GIB,FP.CPI.TOTL.ZG,1966,
GIB,FP.CPI.TOTL.ZG,1965,
GIB,FP.CPI.TOTL.ZG,1964,
GIB,FP.CPI.TOTL.ZG,1963,
GIB,FP.CPI.TOTL.ZG,1962,
GIB,FP.CPI.TOTL.ZG,1961,
GIB,FP.CPI.TOTL.ZG,1960,
GRC,FP.CPI.TOTL.ZG,2025,
GRC,FP.CPI.TOTL.ZG,2024,2.74149045788606
GRC,FP.CPI.TOTL.ZG,2023,3.46480128513405
GRC,FP.CPI.TOTL.ZG,2022,9.64525981280632
GRC,FP.CPI.TOTL.ZG,2021,1.22382501019854
GRC,FP.CPI.TOTL.ZG,2020,-1.24798355581405
GRC,FP.CPI.TOTL.ZG,2019,0.253007522038157
GRC,FP.CPI.TOTL.ZG,2018,0.62562141345364
GRC,FP.CPI.TOTL.ZG,2017,1.12125452031419
GRC,FP.CPI.TOTL.ZG,2016,-0.825653978390973
GRC,FP.CPI.TOTL.ZG,2015,-1.73588804765284
GRC,FP.CPI.TOTL.ZG,2014,-1.31226096405506
GRC,FP.CPI.TOTL.ZG,2013,-0.921269454256994
GRC,FP.CPI.TOTL.ZG,2012,1.50152696177758
GRC,FP.CPI.TOTL.ZG,2011,3.3298532335065
GRC,FP.CPI.TOTL.ZG,2010,4.71298907760388
GRC,FP.CPI.TOTL.ZG,2009,1.21007269197809
GRC,FP.CPI.TOTL.ZG,2008,4.15279708110293
GRC,FP.CPI.TOTL.ZG,2007,2.89500321516578
GRC,FP.CPI.TOTL.ZG,2006,3.19594684144545
GRC,FP.CPI.TOTL.ZG,2005,3.54507273335078
GRC,FP.CPI.TOTL.ZG,2004,2.8988481075817
GRC,FP.CPI.TOTL.ZG,2003,3.53065027765552
GRC,FP.CPI.TOTL.ZG,2002,3.62935871878874
GRC,FP.CPI.TOTL.ZG,2001,3.37396832213867
GRC,FP.CPI.TOTL.ZG,2000,3.1511816249383
GRC,FP.CPI.TOTL.ZG,1999,2.6366330602198
GRC,FP.CPI.TOTL.ZG,1998,4.76622572397641
GRC,FP.CPI.TOTL.ZG,1997,5.5360026677348
GRC,FP.CPI.TOTL.ZG,1996,8.19455217632728
GRC,FP.CPI.TOTL.ZG,1995,8.93451415961517
GRC,FP.CPI.TOTL.ZG,1994,10.8740756809132
GRC,FP.CPI.TOTL.ZG,1993,14.4112644439348
GRC,FP.CPI.TOTL.ZG,1992,15.8770737923919
GRC,FP.CPI.TOTL.ZG,1991,19.4558456445745
GRC,FP.CPI.TOTL.ZG,1990,20.433499109463
GRC,FP.CPI.TOTL.ZG,1989,13.6555638723612
GRC,FP.CPI.TOTL.ZG,1988,13.5288583215049
GRC,FP.CPI.TOTL.ZG,1987,16.3968631635363
GRC,FP.CPI.TOTL.ZG,1986,23.0154508205013
GRC,FP.CPI.TOTL.ZG,1985,19.3146929406642
GRC,FP.CPI.TOTL.ZG,1984,18.4568132050187
GRC,FP.CPI.TOTL.ZG,1983,20.1794812892138
GRC,FP.CPI.TOTL.ZG,1982,20.9910886220016
GRC,FP.CPI.TOTL.ZG,1981,24.5060675977966
GRC,FP.CPI.TOTL.ZG,1980,24.6758939736232
GRC,FP.CPI.TOTL.ZG,1979,19.0941746808767
GRC,FP.CPI.TOTL.ZG,1978,12.5724256724441
GRC,FP.CPI.TOTL.ZG,1977,12.3697970875078
GRC,FP.CPI.TOTL.ZG,1976,13.0242794587955
GRC,FP.CPI.TOTL.ZG,1975,13.6287617821755
GRC,FP.CPI.TOTL.ZG,1974,26.5608465867349
GRC,FP.CPI.TOTL.ZG,1973,15.3846240702128
GRC,FP.CPI.TOTL.ZG,1972,4.33120123203348
GRC,FP.CPI.TOTL.ZG,1971,3.28947072230333
GRC,FP.CPI.TOTL.ZG,1970,2.84167067884117
GRC,FP.CPI.TOTL.ZG,1969,2.63891868835485
GRC,FP.CPI.TOTL.ZG,1968,0.139060583507755
GRC,FP.CPI.TOTL.ZG,1967,1.84135702750597
GRC,FP.CPI.TOTL.ZG,1966,4.90341596130601
GRC,FP.CPI.TOTL.ZG,1965,3.22087246997095
GRC,FP.CPI.TOTL.ZG,1964,0.617302978512524
GRC,FP.CPI.TOTL.ZG,1963,3.18466272791608
GRC,FP.CPI.TOTL.ZG,1962,-0.475428291049914
GRC,FP.CPI.TOTL.ZG,1961,2.10357934997025
GRC,FP.CPI.TOTL.ZG,1960,1.47784758493376
GRL,FP.CPI.TOTL.ZG,2025,
GRL,FP.CPI.TOTL.ZG,2024,
GRL,FP.CPI.TOTL.ZG,2023,
GRL,FP.CPI.TOTL.ZG,2022,
GRL,FP.CPI.TOTL.ZG,2021,
GRL,FP.CPI.TOTL.ZG,2020,
GRL,FP.CPI.TOTL.ZG,2019,
GRL,FP.CPI.TOTL.ZG,2018,
GRL,FP.CPI.TOTL.ZG,2017,
GRL,FP.CPI.TOTL.ZG,2016,
GRL,FP.CPI.TOTL.ZG,2015,
GRL,FP.CPI.TOTL.ZG,2014,
GRL,FP.CPI.TOTL.ZG,2013,
GRL,FP.CPI.TOTL.ZG,2012,
GRL,FP.CPI.TOTL.ZG,2011,
GRL,FP.CPI.TOTL.ZG,2010,
GRL,FP.CPI.TOTL.ZG,2009,
GRL,FP.CPI.TOTL.ZG,2008,
GRL,FP.CPI.TOTL.ZG,2007,
GRL,FP.CPI.TOTL.ZG,2006,
GRL,FP.CPI.TOTL.ZG,2005,
GRL,FP.CPI.TOTL.ZG,2004,
GRL,FP.CPI.TOTL.ZG,2003,
GRL,FP.CPI.TOTL.ZG,2002,
GRL,FP.CPI.TOTL.ZG,2001,
GRL,FP.CPI.TOTL.ZG,2000,
GRL,FP.CPI.TOTL.ZG,1999,
GRL,FP.CPI.TOTL.ZG,1998,
GRL,FP.CPI.TOTL.ZG,1997,
GRL,FP.CPI.TOTL.ZG,1996,
GRL,FP.CPI.TOTL.ZG,1995,
GRL,FP.CPI.TOTL.ZG,1994,
GRL,FP.CPI.TOTL.ZG,1993,
GRL,FP.CPI.TOTL.ZG,1992,
GRL,FP.CPI.TOTL.ZG,1991,
GRL,FP.CPI.TOTL.ZG,1990,
GRL,FP.CPI.TOTL.ZG,1989,
GRL,FP.CPI.TOTL.ZG,1988,
GRL,FP.CPI.TOTL.ZG,1987,
GRL,FP.CPI.TOTL.ZG,1986,
GRL,FP.CPI.TOTL.ZG,1985,
GRL,FP.CPI.TOTL.ZG,1984,
GRL,FP.CPI.TOTL.ZG,1983,
GRL,FP.CPI.TOTL.ZG,1982,
GRL,FP.CPI.TOTL.ZG,1981,
GRL,FP.CPI.TOTL.ZG,1980,
GRL,FP.CPI.TOTL.ZG,1979,
GRL,FP.CPI.TOTL.ZG,1978,
GRL,FP.CPI.TOTL.ZG,1977,
GRL,FP.CPI.TOTL.ZG,1976,
GRL,FP.CPI.TOTL.ZG,1975,
GRL,FP.CPI.TOTL.ZG,1974,
GRL,FP.CPI.TOTL.ZG,1973,
GRL,FP.CPI.TOTL.ZG,1972,
GRL,FP.CPI.TOTL.ZG,1971,
GRL,FP.CPI.TOTL.ZG,1970,
GRL,FP.CPI.TOTL.ZG,1969,
GRL,FP.CPI.TOTL.ZG,1968,
GRL,FP.CPI.TOTL.ZG,1967,
GRL,FP.CPI.TOTL.ZG,1966,
GRL,FP.CPI.TOTL.ZG,1965,
GRL,FP.CPI.TOTL.ZG,1964,
GRL,FP.CPI.TOTL.ZG,1963,
GRL,FP.CPI.TOTL.ZG,1962,
GRL,FP.CPI.TOTL.ZG,1961,
GRL,FP.CPI.TOTL.ZG,1960,
GRD,FP.CPI.TOTL.ZG,2025,
GRD,FP.CPI.TOTL.ZG,2024,1.08615365134737
GRD,FP.CPI.TOTL.ZG,2023,2.69612269814564
GRD,FP.CPI.TOTL.ZG,2022,2.5805392590792
GRD,FP.CPI.TOTL.ZG,2021,1.21951193916838
GRD,FP.CPI.TOTL.ZG,2020,-0.740732597045498
GRD,FP.CPI.TOTL.ZG,2019,0.598149764736022
GRD,FP.CPI.TOTL.ZG,2018,0.804102313277033
GRD,FP.CPI.TOTL.ZG,2017,0.908458255874249
GRD,FP.CPI.TOTL.ZG,2016,1.65038994431573
GRD,FP.CPI.TOTL.ZG,2015,-0.515448031435329
GRD,FP.CPI.TOTL.ZG,2014,-0.98360305555498
GRD,FP.CPI.TOTL.ZG,2013,-0.0439997864828058
GRD,FP.CPI.TOTL.ZG,2012,2.41077704021862
GRD,FP.CPI.TOTL.ZG,2011,3.0334728033474
GRD,FP.CPI.TOTL.ZG,2010,3.43650905943351
GRD,FP.CPI.TOTL.ZG,2009,-0.308654779585642
GRD,FP.CPI.TOTL.ZG,2008,8.0332732765034
GRD,FP.CPI.TOTL.ZG,2007,3.85882922469653
GRD,FP.CPI.TOTL.ZG,2006,4.25195321977967
GRD,FP.CPI.TOTL.ZG,2005,3.475806937554
GRD,FP.CPI.TOTL.ZG,2004,2.3129167822611
GRD,FP.CPI.TOTL.ZG,2003,2.15492809908679
GRD,FP.CPI.TOTL.ZG,2002,1.06721547992874
GRD,FP.CPI.TOTL.ZG,2001,3.14099305202543
GRD,FP.CPI.TOTL.ZG,2000,2.18181818181821
GRD,FP.CPI.TOTL.ZG,1999,0.577427638677119
GRD,FP.CPI.TOTL.ZG,1998,1.37769330389496
GRD,FP.CPI.TOTL.ZG,1997,1.24452782989343
GRD,FP.CPI.TOTL.ZG,1996,2.03235172127782
GRD,FP.CPI.TOTL.ZG,1995,1.86882475298978
GRD,FP.CPI.TOTL.ZG,1994,3.77065767284965
GRD,FP.CPI.TOTL.ZG,1993,2.80859916782245
GRD,FP.CPI.TOTL.ZG,1992,3.77833753148618
GRD,FP.CPI.TOTL.ZG,1991,2.64460367880678
GRD,FP.CPI.TOTL.ZG,1990,2.72423736530525
GRD,FP.CPI.TOTL.ZG,1989,5.59294871794896
GRD,FP.CPI.TOTL.ZG,1988,4.00000000000013
GRD,FP.CPI.TOTL.ZG,1987,-0.872333388457509
GRD,FP.CPI.TOTL.ZG,1986,0.557079903550532
GRD,FP.CPI.TOTL.ZG,1985,2.50138492350979
GRD,FP.CPI.TOTL.ZG,1984,5.65961278703288
GRD,FP.CPI.TOTL.ZG,1983,6.09534728193344
GRD,FP.CPI.TOTL.ZG,1982,7.81274141216489
GRD,FP.CPI.TOTL.ZG,1981,18.7874709409026
GRD,FP.CPI.TOTL.ZG,1980,21.821433894768
GRD,FP.CPI.TOTL.ZG,1979,20.8828828828831
GRD,FP.CPI.TOTL.ZG,1978,18.1353767560665
GRD,FP.CPI.TOTL.ZG,1977,18.4568835098337
GRD,FP.CPI.TOTL.ZG,1976,
GRD,FP.CPI.TOTL.ZG,1975,
GRD,FP.CPI.TOTL.ZG,1974,
GRD,FP.CPI.TOTL.ZG,1973,
GRD,FP.CPI.TOTL.ZG,1972,
GRD,FP.CPI.TOTL.ZG,1971,
GRD,FP.CPI.TOTL.ZG,1970,
GRD,FP.CPI.TOTL.ZG,1969,
GRD,FP.CPI.TOTL.ZG,1968,
GRD,FP.CPI.TOTL.ZG,1967,
GRD,FP.CPI.TOTL.ZG,1966,
GRD,FP.CPI.TOTL.ZG,1965,
GRD,FP.CPI.TOTL.ZG,1964,
GRD,FP.CPI.TOTL.ZG,1963,
GRD,FP.CPI.TOTL.ZG,1962,
GRD,FP.CPI.TOTL.ZG,1961,
GRD,FP.CPI.TOTL.ZG,1960,
GUM,FP.CPI.TOTL.ZG,2025,
GUM,FP.CPI.TOTL.ZG,2024,
GUM,FP.CPI.TOTL.ZG,2023,
GUM,FP.CPI.TOTL.ZG,2022,
GUM,FP.CPI.TOTL.ZG,2021,
GUM,FP.CPI.TOTL.ZG,2020,
GUM,FP.CPI.TOTL.ZG,2019,
GUM,FP.CPI.TOTL.ZG,2018,
GUM,FP.CPI.TOTL.ZG,2017,
GUM,FP.CPI.TOTL.ZG,2016,
GUM,FP.CPI.TOTL.ZG,2015,
GUM,FP.CPI.TOTL.ZG,2014,
GUM,FP.CPI.TOTL.ZG,2013,
GUM,FP.CPI.TOTL.ZG,2012,
GUM,FP.CPI.TOTL.ZG,2011,
GUM,FP.CPI.TOTL.ZG,2010,
GUM,FP.CPI.TOTL.ZG,2009,
GUM,FP.CPI.TOTL.ZG,2008,
GUM,FP.CPI.TOTL.ZG,2007,
GUM,FP.CPI.TOTL.ZG,2006,
GUM,FP.CPI.TOTL.ZG,2005,
GUM,FP.CPI.TOTL.ZG,2004,
GUM,FP.CPI.TOTL.ZG,2003,
GUM,FP.CPI.TOTL.ZG,2002,
GUM,FP.CPI.TOTL.ZG,2001,
GUM,FP.CPI.TOTL.ZG,2000,
GUM,FP.CPI.TOTL.ZG,1999,
GUM,FP.CPI.TOTL.ZG,1998,
GUM,FP.CPI.TOTL.ZG,1997,
GUM,FP.CPI.TOTL.ZG,1996,
GUM,FP.CPI.TOTL.ZG,1995,
GUM,FP.CPI.TOTL.ZG,1994,
GUM,FP.CPI.TOTL.ZG,1993,
GUM,FP.CPI.TOTL.ZG,1992,
GUM,FP.CPI.TOTL.ZG,1991,
GUM,FP.CPI.TOTL.ZG,1990,
GUM,FP.CPI.TOTL.ZG,1989,
GUM,FP.CPI.TOTL.ZG,1988,
GUM,FP.CPI.TOTL.ZG,1987,
GUM,FP.CPI.TOTL.ZG,1986,
GUM,FP.CPI.TOTL.ZG,1985,
GUM,FP.CPI.TOTL.ZG,1984,
GUM,FP.CPI.TOTL.ZG,1983,
GUM,FP.CPI.TOTL.ZG,1982,
GUM,FP.CPI.TOTL.ZG,1981,
GUM,FP.CPI.TOTL.ZG,1980,
GUM,FP.CPI.TOTL.ZG,1979,
GUM,FP.CPI.TOTL.ZG,1978,
GUM,FP.CPI.TOTL.ZG,1977,
GUM,FP.CPI.TOTL.ZG,1976,
GUM,FP.CPI.TOTL.ZG,1975,
GUM,FP.CPI.TOTL.ZG,1974,
GUM,FP.CPI.TOTL.ZG,1973,
GUM,FP.CPI.TOTL.ZG,1972,
GUM,FP.CPI.TOTL.ZG,1971,
GUM,FP.CPI.TOTL.ZG,1970,
GUM,FP.CPI.TOTL.ZG,1969,
GUM,FP.CPI.TOTL.ZG,1968,
GUM,FP.CPI.TOTL.ZG,1967,
GUM,FP.CPI.TOTL.ZG,1966,
GUM,FP.CPI.TOTL.ZG,1965,
GUM,FP.CPI.TOTL.ZG,1964,
GUM,FP.CPI.TOTL.ZG,1963,
GUM,FP.CPI.TOTL.ZG,1962,
GUM,FP.CPI.TOTL.ZG,1961,
GUM,FP.CPI.TOTL.ZG,1960,
GTM,FP.CPI.TOTL.ZG,2025,
GTM,FP.CPI.TOTL.ZG,2024,2.86992752918294
GTM,FP.CPI.TOTL.ZG,2023,6.20657592272126
GTM,FP.CPI.TOTL.ZG,2022,6.88512823344287
GTM,FP.CPI.TOTL.ZG,2021,4.26105127422813
GTM,FP.CPI.TOTL.ZG,2020,3.21444062197345
GTM,FP.CPI.TOTL.ZG,2019,3.69998398008605
GTM,FP.CPI.TOTL.ZG,2018,3.75186186704508
GTM,FP.CPI.TOTL.ZG,2017,4.42453655182546
GTM,FP.CPI.TOTL.ZG,2016,4.44844199942827
GTM,FP.CPI.TOTL.ZG,2015,2.3887203283955
GTM,FP.CPI.TOTL.ZG,2014,3.4183616966296
GTM,FP.CPI.TOTL.ZG,2013,4.34337131279521
GTM,FP.CPI.TOTL.ZG,2012,3.78180754679678
GTM,FP.CPI.TOTL.ZG,2011,6.214123930671
GTM,FP.CPI.TOTL.ZG,2010,3.8595090983316
GTM,FP.CPI.TOTL.ZG,2009,1.85910254733028
GTM,FP.CPI.TOTL.ZG,2008,11.355761126315
GTM,FP.CPI.TOTL.ZG,2007,6.82161753590326
GTM,FP.CPI.TOTL.ZG,2006,6.56085282795384
GTM,FP.CPI.TOTL.ZG,2005,9.1086498571922
GTM,FP.CPI.TOTL.ZG,2004,7.57862247309729
GTM,FP.CPI.TOTL.ZG,2003,5.60347675434469
GTM,FP.CPI.TOTL.ZG,2002,8.13263054281054
GTM,FP.CPI.TOTL.ZG,2001,7.28587366610138
GTM,FP.CPI.TOTL.ZG,2000,5.97757734737136
GTM,FP.CPI.TOTL.ZG,1999,5.21361058601122
GTM,FP.CPI.TOTL.ZG,1998,6.61346070518058
GTM,FP.CPI.TOTL.ZG,1997,9.23290294884935
GTM,FP.CPI.TOTL.ZG,1996,11.0569165321987
GTM,FP.CPI.TOTL.ZG,1995,8.41141312270566
GTM,FP.CPI.TOTL.ZG,1994,10.8553211494391
GTM,FP.CPI.TOTL.ZG,1993,11.8196901746257
GTM,FP.CPI.TOTL.ZG,1992,10.0459179984088
GTM,FP.CPI.TOTL.ZG,1991,33.1664219167535
GTM,FP.CPI.TOTL.ZG,1990,41.2218671380973
GTM,FP.CPI.TOTL.ZG,1989,11.3871321997958
GTM,FP.CPI.TOTL.ZG,1988,10.8327037689912
GTM,FP.CPI.TOTL.ZG,1987,12.3232132755046
GTM,FP.CPI.TOTL.ZG,1986,36.9311212965016
GTM,FP.CPI.TOTL.ZG,1985,18.6867912971238
GTM,FP.CPI.TOTL.ZG,1984,3.40675011837794
GTM,FP.CPI.TOTL.ZG,1983,4.53867815133253
GTM,FP.CPI.TOTL.ZG,1982,0.307385561437072
GTM,FP.CPI.TOTL.ZG,1981,11.4330679503505
GTM,FP.CPI.TOTL.ZG,1980,10.8238432335411
GTM,FP.CPI.TOTL.ZG,1979,11.3433858811607
GTM,FP.CPI.TOTL.ZG,1978,8.28797624957704
GTM,FP.CPI.TOTL.ZG,1977,12.3245796860999
GTM,FP.CPI.TOTL.ZG,1976,10.72499999925
GTM,FP.CPI.TOTL.ZG,1975,13.1592443798582
GTM,FP.CPI.TOTL.ZG,1974,16.4948966890134
GTM,FP.CPI.TOTL.ZG,1973,13.7960339945019
GTM,FP.CPI.TOTL.ZG,1972,0.529703252323012
GTM,FP.CPI.TOTL.ZG,1971,-0.453591880763805
GTM,FP.CPI.TOTL.ZG,1970,2.34433934881414
GTM,FP.CPI.TOTL.ZG,1969,2.09728064471577
GTM,FP.CPI.TOTL.ZG,1968,1.92632850230086
GTM,FP.CPI.TOTL.ZG,1967,0.485436893448745
GTM,FP.CPI.TOTL.ZG,1966,0.684261974465235
GTM,FP.CPI.TOTL.ZG,1965,-0.800000000003537
GTM,FP.CPI.TOTL.ZG,1964,-0.193563997036552
GTM,FP.CPI.TOTL.ZG,1963,0.151450899375914
GTM,FP.CPI.TOTL.ZG,1962,2.05255023209699
GTM,FP.CPI.TOTL.ZG,1961,-0.553335382726564
GTM,FP.CPI.TOTL.ZG,1960,-1.19069315346
GIN,FP.CPI.TOTL.ZG,2025,
GIN,FP.CPI.TOTL.ZG,2024,8.12313914948596
GIN,FP.CPI.TOTL.ZG,2023,7.80497591927973
GIN,FP.CPI.TOTL.ZG,2022,10.4930409984424
GIN,FP.CPI.TOTL.ZG,2021,12.5972882566934
GIN,FP.CPI.TOTL.ZG,2020,10.6016203387167
GIN,FP.CPI.TOTL.ZG,2019,9.47001039253012
GIN,FP.CPI.TOTL.ZG,2018,9.82761701259191
GIN,FP.CPI.TOTL.ZG,2017,8.91435947913097
GIN,FP.CPI.TOTL.ZG,2016,8.17268112275132
GIN,FP.CPI.TOTL.ZG,2015,11.7800825029834
GIN,FP.CPI.TOTL.ZG,2014,6.1505055670642
GIN,FP.CPI.TOTL.ZG,2013,11.8875884481828
GIN,FP.CPI.TOTL.ZG,2012,15.2262941038638
GIN,FP.CPI.TOTL.ZG,2011,21.3169268542577
GIN,FP.CPI.TOTL.ZG,2010,15.0502688559001
GIN,FP.CPI.TOTL.ZG,2009,4.68438868976504
GIN,FP.CPI.TOTL.ZG,2008,23.065612938798
GIN,FP.CPI.TOTL.ZG,2007,18.1755656108597
GIN,FP.CPI.TOTL.ZG,2006,34.6952705997072
GIN,FP.CPI.TOTL.ZG,2005,31.3733025877534
GIN,FP.CPI.TOTL.ZG,2004,
GIN,FP.CPI.TOTL.ZG,2003,
GIN,FP.CPI.TOTL.ZG,2002,
GIN,FP.CPI.TOTL.ZG,2001,
GIN,FP.CPI.TOTL.ZG,2000,
GIN,FP.CPI.TOTL.ZG,1999,
GIN,FP.CPI.TOTL.ZG,1998,
GIN,FP.CPI.TOTL.ZG,1997,
GIN,FP.CPI.TOTL.ZG,1996,
GIN,FP.CPI.TOTL.ZG,1995,
GIN,FP.CPI.TOTL.ZG,1994,
GIN,FP.CPI.TOTL.ZG,1993,
GIN,FP.CPI.TOTL.ZG,1992,
GIN,FP.CPI.TOTL.ZG,1991,
GIN,FP.CPI.TOTL.ZG,1990,
GIN,FP.CPI.TOTL.ZG,1989,
GIN,FP.CPI.TOTL.ZG,1988,
GIN,FP.CPI.TOTL.ZG,1987,
GIN,FP.CPI.TOTL.ZG,1986,
GIN,FP.CPI.TOTL.ZG,1985,
GIN,FP.CPI.TOTL.ZG,1984,
GIN,FP.CPI.TOTL.ZG,1983,
GIN,FP.CPI.TOTL.ZG,1982,
GIN,FP.CPI.TOTL.ZG,1981,
GIN,FP.CPI.TOTL.ZG,1980,
GIN,FP.CPI.TOTL.ZG,1979,
GIN,FP.CPI.TOTL.ZG,1978,
GIN,FP.CPI.TOTL.ZG,1977,
GIN,FP.CPI.TOTL.ZG,1976,
GIN,FP.CPI.TOTL.ZG,1975,
GIN,FP.CPI.TOTL.ZG,1974,
GIN,FP.CPI.TOTL.ZG,1973,
GIN,FP.CPI.TOTL.ZG,1972,
GIN,FP.CPI.TOTL.ZG,1971,
GIN,FP.CPI.TOTL.ZG,1970,
GIN,FP.CPI.TOTL.ZG,1969,
GIN,FP.CPI.TOTL.ZG,1968,
GIN,FP.CPI.TOTL.ZG,1967,
GIN,FP.CPI.TOTL.ZG,1966,
GIN,FP.CPI.TOTL.ZG,1965,
GIN,FP.CPI.TOTL.ZG,1964,
GIN,FP.CPI.TOTL.ZG,1963,
GIN,FP.CPI.TOTL.ZG,1962,
GIN,FP.CPI.TOTL.ZG,1961,
GIN,FP.CPI.TOTL.ZG,1960,
GNB,FP.CPI.TOTL.ZG,2025,
GNB,FP.CPI.TOTL.ZG,2024,3.76555825770114
GNB,FP.CPI.TOTL.ZG,2023,7.10220928557059
GNB,FP.CPI.TOTL.ZG,2022,9.39075933985203
GNB,FP.CPI.TOTL.ZG,2021,2.24248879577658
GNB,FP.CPI.TOTL.ZG,2020,1.14000939393222
GNB,FP.CPI.TOTL.ZG,2019,0.24660026814783
GNB,FP.CPI.TOTL.ZG,2018,0.381324702790992
GNB,FP.CPI.TOTL.ZG,2017,1.69111461822298
GNB,FP.CPI.TOTL.ZG,2016,1.50312055861088
GNB,FP.CPI.TOTL.ZG,2015,1.47672048910485
GNB,FP.CPI.TOTL.ZG,2014,-1.50924460570494
GNB,FP.CPI.TOTL.ZG,2013,1.20712555668405
GNB,FP.CPI.TOTL.ZG,2012,2.13054580274503
GNB,FP.CPI.TOTL.ZG,2011,5.046102263202
GNB,FP.CPI.TOTL.ZG,2010,2.51785140171701
GNB,FP.CPI.TOTL.ZG,2009,-1.65139733620775
GNB,FP.CPI.TOTL.ZG,2008,10.4600731354706
GNB,FP.CPI.TOTL.ZG,2007,4.61743772241997
GNB,FP.CPI.TOTL.ZG,2006,1.95473717628916
GNB,FP.CPI.TOTL.ZG,2005,3.32919922802856
GNB,FP.CPI.TOTL.ZG,2004,0.883302696930943
GNB,FP.CPI.TOTL.ZG,2003,-3.50258551103421
GNB,FP.CPI.TOTL.ZG,2002,3.30012175283752
GNB,FP.CPI.TOTL.ZG,2001,3.34812265527108
GNB,FP.CPI.TOTL.ZG,2000,8.63632094930278
GNB,FP.CPI.TOTL.ZG,1999,-2.08630513223527
GNB,FP.CPI.TOTL.ZG,1998,8.01375518965603
GNB,FP.CPI.TOTL.ZG,1997,49.1009235769531
GNB,FP.CPI.TOTL.ZG,1996,50.7340549612119
GNB,FP.CPI.TOTL.ZG,1995,45.3653083621856
GNB,FP.CPI.TOTL.ZG,1994,15.1763474313441
GNB,FP.CPI.TOTL.ZG,1993,48.1081660687067
GNB,FP.CPI.TOTL.ZG,1992,69.5836363993793
GNB,FP.CPI.TOTL.ZG,1991,57.5952847505664
GNB,FP.CPI.TOTL.ZG,1990,33.0019778318026
GNB,FP.CPI.TOTL.ZG,1989,80.7881406436233
GNB,FP.CPI.TOTL.ZG,1988,60.2817826333536
GNB,FP.CPI.TOTL.ZG,1987,
GNB,FP.CPI.TOTL.ZG,1986,
GNB,FP.CPI.TOTL.ZG,1985,
GNB,FP.CPI.TOTL.ZG,1984,
GNB,FP.CPI.TOTL.ZG,1983,
GNB,FP.CPI.TOTL.ZG,1982,
GNB,FP.CPI.TOTL.ZG,1981,
GNB,FP.CPI.TOTL.ZG,1980,
GNB,FP.CPI.TOTL.ZG,1979,
GNB,FP.CPI.TOTL.ZG,1978,
GNB,FP.CPI.TOTL.ZG,1977,
GNB,FP.CPI.TOTL.ZG,1976,
GNB,FP.CPI.TOTL.ZG,1975,
GNB,FP.CPI.TOTL.ZG,1974,
GNB,FP.CPI.TOTL.ZG,1973,
GNB,FP.CPI.TOTL.ZG,1972,
GNB,FP.CPI.TOTL.ZG,1971,
GNB,FP.CPI.TOTL.ZG,1970,
GNB,FP.CPI.TOTL.ZG,1969,
GNB,FP.CPI.TOTL.ZG,1968,
GNB,FP.CPI.TOTL.ZG,1967,
GNB,FP.CPI.TOTL.ZG,1966,
GNB,FP.CPI.TOTL.ZG,1965,
GNB,FP.CPI.TOTL.ZG,1964,
GNB,FP.CPI.TOTL.ZG,1963,
GNB,FP.CPI.TOTL.ZG,1962,
GNB,FP.CPI.TOTL.ZG,1961,
GNB,FP.CPI.TOTL.ZG,1960,
GUY,FP.CPI.TOTL.ZG,2025,
GUY,FP.CPI.TOTL.ZG,2024,2.90395226446373
GUY,FP.CPI.TOTL.ZG,2023,2.82110335099641
GUY,FP.CPI.TOTL.ZG,2022,6.11505550109935
GUY,FP.CPI.TOTL.ZG,2021,5.03285574626702
GUY,FP.CPI.TOTL.ZG,2020,0.99333702283873
GUY,FP.CPI.TOTL.ZG,2019,2.08723089162013
GUY,FP.CPI.TOTL.ZG,2018,1.28284288443528
GUY,FP.CPI.TOTL.ZG,2017,1.90465615515584
GUY,FP.CPI.TOTL.ZG,2016,0.836008061506207
GUY,FP.CPI.TOTL.ZG,2015,-1.00173432776374
GUY,FP.CPI.TOTL.ZG,2014,0.852630497539914
GUY,FP.CPI.TOTL.ZG,2013,1.90125181860582
GUY,FP.CPI.TOTL.ZG,2012,2.39193521312334
GUY,FP.CPI.TOTL.ZG,2011,4.9777356370697
GUY,FP.CPI.TOTL.ZG,2010,3.73337757704246
GUY,FP.CPI.TOTL.ZG,2009,2.95230096381001
GUY,FP.CPI.TOTL.ZG,2008,8.10202206969276
GUY,FP.CPI.TOTL.ZG,2007,12.2001544446648
GUY,FP.CPI.TOTL.ZG,2006,6.67715790410028
GUY,FP.CPI.TOTL.ZG,2005,6.92554303890157
GUY,FP.CPI.TOTL.ZG,2004,4.66846622369882
GUY,FP.CPI.TOTL.ZG,2003,5.98097814066473
GUY,FP.CPI.TOTL.ZG,2002,5.3410152137741
GUY,FP.CPI.TOTL.ZG,2001,2.62741314203332
GUY,FP.CPI.TOTL.ZG,2000,6.14854333024871
GUY,FP.CPI.TOTL.ZG,1999,7.53821939851393
GUY,FP.CPI.TOTL.ZG,1998,4.5864661654135
GUY,FP.CPI.TOTL.ZG,1997,3.55567090578809
GUY,FP.CPI.TOTL.ZG,1996,7.09471197276045
GUY,FP.CPI.TOTL.ZG,1995,12.2105263157895
GUY,FP.CPI.TOTL.ZG,1994,
GUY,FP.CPI.TOTL.ZG,1993,
GUY,FP.CPI.TOTL.ZG,1992,
GUY,FP.CPI.TOTL.ZG,1991,
GUY,FP.CPI.TOTL.ZG,1990,
GUY,FP.CPI.TOTL.ZG,1989,
GUY,FP.CPI.TOTL.ZG,1988,
GUY,FP.CPI.TOTL.ZG,1987,
GUY,FP.CPI.TOTL.ZG,1986,
GUY,FP.CPI.TOTL.ZG,1985,
GUY,FP.CPI.TOTL.ZG,1984,
GUY,FP.CPI.TOTL.ZG,1983,
GUY,FP.CPI.TOTL.ZG,1982,
GUY,FP.CPI.TOTL.ZG,1981,
GUY,FP.CPI.TOTL.ZG,1980,
GUY,FP.CPI.TOTL.ZG,1979,
GUY,FP.CPI.TOTL.ZG,1978,
GUY,FP.CPI.TOTL.ZG,1977,
GUY,FP.CPI.TOTL.ZG,1976,
GUY,FP.CPI.TOTL.ZG,1975,
GUY,FP.CPI.TOTL.ZG,1974,
GUY,FP.CPI.TOTL.ZG,1973,
GUY,FP.CPI.TOTL.ZG,1972,
GUY,FP.CPI.TOTL.ZG,1971,
GUY,FP.CPI.TOTL.ZG,1970,
GUY,FP.CPI.TOTL.ZG,1969,
GUY,FP.CPI.TOTL.ZG,1968,
GUY,FP.CPI.TOTL.ZG,1967,
GUY,FP.CPI.TOTL.ZG,1966,
GUY,FP.CPI.TOTL.ZG,1965,
GUY,FP.CPI.TOTL.ZG,1964,
GUY,FP.CPI.TOTL.ZG,1963,
GUY,FP.CPI.TOTL.ZG,1962,
GUY,FP.CPI.TOTL.ZG,1961,
GUY,FP.CPI.TOTL.ZG,1960,
HTI,FP.CPI.TOTL.ZG,2025,
HTI,FP.CPI.TOTL.ZG,2024,26.9490564091987
HTI,FP.CPI.TOTL.ZG,2023,36.8135162780854
HTI,FP.CPI.TOTL.ZG,2022,33.98393194707
HTI,FP.CPI.TOTL.ZG,2021,16.8415240198785
HTI,FP.CPI.TOTL.ZG,2020,22.7963113642528
HTI,FP.CPI.TOTL.ZG,2019,18.7037825672506
HTI,FP.CPI.TOTL.ZG,2018,12.4814111170435
HTI,FP.CPI.TOTL.ZG,2017,10.6800887242584
HTI,FP.CPI.TOTL.ZG,2016,11.5029073942666
HTI,FP.CPI.TOTL.ZG,2015,6.73184069658997
HTI,FP.CPI.TOTL.ZG,2014,3.43816659958601
HTI,FP.CPI.TOTL.ZG,2013,4.76502404779142
HTI,FP.CPI.TOTL.ZG,2012,5.01804155429246
HTI,FP.CPI.TOTL.ZG,2011,6.33279483849042
HTI,FP.CPI.TOTL.ZG,2010,4.82734190074673
HTI,FP.CPI.TOTL.ZG,2009,0.393886040173341
HTI,FP.CPI.TOTL.ZG,2008,15.2817744823772
HTI,FP.CPI.TOTL.ZG,2007,6.55722772638066
HTI,FP.CPI.TOTL.ZG,2006,11.3452152244299
HTI,FP.CPI.TOTL.ZG,2005,13.973008326384
HTI,FP.CPI.TOTL.ZG,2004,21.0318339277222
HTI,FP.CPI.TOTL.ZG,2003,28.6995777887374
HTI,FP.CPI.TOTL.ZG,2002,7.03287406224601
HTI,FP.CPI.TOTL.ZG,2001,13.31672224251
HTI,FP.CPI.TOTL.ZG,2000,9.33322197565603
HTI,FP.CPI.TOTL.ZG,1999,3.00439421550734
HTI,FP.CPI.TOTL.ZG,1998,5.26903547042201
HTI,FP.CPI.TOTL.ZG,1997,20.5590073395833
HTI,FP.CPI.TOTL.ZG,1996,20.5835962145112
HTI,FP.CPI.TOTL.ZG,1995,27.6081851727601
HTI,FP.CPI.TOTL.ZG,1994,39.3316195372753
HTI,FP.CPI.TOTL.ZG,1993,29.7059715065172
HTI,FP.CPI.TOTL.ZG,1992,19.358494654122
HTI,FP.CPI.TOTL.ZG,1991,15.4199073669492
HTI,FP.CPI.TOTL.ZG,1990,21.2760320067832
HTI,FP.CPI.TOTL.ZG,1989,6.92390503711238
HTI,FP.CPI.TOTL.ZG,1988,4.10546805875063
HTI,FP.CPI.TOTL.ZG,1987,-11.4494646121705
HTI,FP.CPI.TOTL.ZG,1986,3.27992663366622
HTI,FP.CPI.TOTL.ZG,1985,10.6488390138928
HTI,FP.CPI.TOTL.ZG,1984,6.40203239106075
HTI,FP.CPI.TOTL.ZG,1983,10.2436633526545
HTI,FP.CPI.TOTL.ZG,1982,7.35924227605051
HTI,FP.CPI.TOTL.ZG,1981,10.8583333329997
HTI,FP.CPI.TOTL.ZG,1980,17.7783052456577
HTI,FP.CPI.TOTL.ZG,1979,13.0939242998193
HTI,FP.CPI.TOTL.ZG,1978,-2.67359498369291
HTI,FP.CPI.TOTL.ZG,1977,6.49190058113337
HTI,FP.CPI.TOTL.ZG,1976,7.03815227823619
HTI,FP.CPI.TOTL.ZG,1975,16.7735703245816
HTI,FP.CPI.TOTL.ZG,1974,14.9506973439721
HTI,FP.CPI.TOTL.ZG,1973,22.7389194789195
HTI,FP.CPI.TOTL.ZG,1972,3.18969396917928
HTI,FP.CPI.TOTL.ZG,1971,9.57958328225631
HTI,FP.CPI.TOTL.ZG,1970,1.36849340736673
HTI,FP.CPI.TOTL.ZG,1969,1.41318124201974
HTI,FP.CPI.TOTL.ZG,1968,1.31621187827357
HTI,FP.CPI.TOTL.ZG,1967,-2.93531098100653
HTI,FP.CPI.TOTL.ZG,1966,8.301835853323
HTI,FP.CPI.TOTL.ZG,1965,2.26394257289731
HTI,FP.CPI.TOTL.ZG,1964,9.16214587129442
HTI,FP.CPI.TOTL.ZG,1963,4.30682175435956
HTI,FP.CPI.TOTL.ZG,1962,-0.554904259869525
HTI,FP.CPI.TOTL.ZG,1961,3.77970638342675
HTI,FP.CPI.TOTL.ZG,1960,-5.03004159593691
HND,FP.CPI.TOTL.ZG,2025,
HND,FP.CPI.TOTL.ZG,2024,4.60621098127107
HND,FP.CPI.TOTL.ZG,2023,6.66325180347457
HND,FP.CPI.TOTL.ZG,2022,9.08963911525025
HND,FP.CPI.TOTL.ZG,2021,4.48087963413445
HND,FP.CPI.TOTL.ZG,2020,3.46841177951184
HND,FP.CPI.TOTL.ZG,2019,4.36587159819267
HND,FP.CPI.TOTL.ZG,2018,4.34734937777528
HND,FP.CPI.TOTL.ZG,2017,3.93436084442044
HND,FP.CPI.TOTL.ZG,2016,2.72461223295289
HND,FP.CPI.TOTL.ZG,2015,3.15783117980923
HND,FP.CPI.TOTL.ZG,2014,6.12924930313022
HND,FP.CPI.TOTL.ZG,2013,5.16189898581494
HND,FP.CPI.TOTL.ZG,2012,5.19618615531848
HND,FP.CPI.TOTL.ZG,2011,6.7622795731476
HND,FP.CPI.TOTL.ZG,2010,4.69889064976226
HND,FP.CPI.TOTL.ZG,2009,5.49634273772208
HND,FP.CPI.TOTL.ZG,2008,11.4034270813932
HND,FP.CPI.TOTL.ZG,2007,6.93621470895774
HND,FP.CPI.TOTL.ZG,2006,5.57775207654298
HND,FP.CPI.TOTL.ZG,2005,8.80906074819819
HND,FP.CPI.TOTL.ZG,2004,8.1137909709338
HND,FP.CPI.TOTL.ZG,2003,7.67416639397937
HND,FP.CPI.TOTL.ZG,2002,7.69050972034271
HND,FP.CPI.TOTL.ZG,2001,9.67415556865377
HND,FP.CPI.TOTL.ZG,2000,11.0480349344976
HND,FP.CPI.TOTL.ZG,1999,11.66374097913
HND,FP.CPI.TOTL.ZG,1998,13.6681077485869
HND,FP.CPI.TOTL.ZG,1997,20.1998667554962
HND,FP.CPI.TOTL.ZG,1996,23.8378353073358
HND,FP.CPI.TOTL.ZG,1995,29.4645292281585
HND,FP.CPI.TOTL.ZG,1994,21.729346883819
HND,FP.CPI.TOTL.ZG,1993,10.748646716372
HND,FP.CPI.TOTL.ZG,1992,8.75988625255494
HND,FP.CPI.TOTL.ZG,1991,33.9722602535864
HND,FP.CPI.TOTL.ZG,1990,23.3225664366467
HND,FP.CPI.TOTL.ZG,1989,9.85040925769098
HND,FP.CPI.TOTL.ZG,1988,4.49125763640182
HND,FP.CPI.TOTL.ZG,1987,2.48715402223898
HND,FP.CPI.TOTL.ZG,1986,4.35272383207559
HND,FP.CPI.TOTL.ZG,1985,3.36267523608605
HND,FP.CPI.TOTL.ZG,1984,4.72636815920389
HND,FP.CPI.TOTL.ZG,1983,8.2528116584826
HND,FP.CPI.TOTL.ZG,1982,8.98262170616892
HND,FP.CPI.TOTL.ZG,1981,9.40569126142496
HND,FP.CPI.TOTL.ZG,1980,18.0615430355956
HND,FP.CPI.TOTL.ZG,1979,12.1353558926061
HND,FP.CPI.TOTL.ZG,1978,5.74832464618229
HND,FP.CPI.TOTL.ZG,1977,8.43470771895128
HND,FP.CPI.TOTL.ZG,1976,4.88341895790898
HND,FP.CPI.TOTL.ZG,1975,8.3761625062971
HND,FP.CPI.TOTL.ZG,1974,12.8495477454187
HND,FP.CPI.TOTL.ZG,1973,5.19320162691133
HND,FP.CPI.TOTL.ZG,1972,3.61228175799332
HND,FP.CPI.TOTL.ZG,1971,2.22324794223759
HND,FP.CPI.TOTL.ZG,1970,2.8808864266098
HND,FP.CPI.TOTL.ZG,1969,1.25821445737097
HND,FP.CPI.TOTL.ZG,1968,1.86122448972086
HND,FP.CPI.TOTL.ZG,1967,2.09184098667308
HND,FP.CPI.TOTL.ZG,1966,1.78423465718738
HND,FP.CPI.TOTL.ZG,1965,3.18627450998763
HND,FP.CPI.TOTL.ZG,1964,4.47210147080726
HND,FP.CPI.TOTL.ZG,1963,3.08145601867274
HND,FP.CPI.TOTL.ZG,1962,1.09215017084013
HND,FP.CPI.TOTL.ZG,1961,1.56299237392687
HND,FP.CPI.TOTL.ZG,1960,-1.74623815710751
HKG,FP.CPI.TOTL.ZG,2025,
HKG,FP.CPI.TOTL.ZG,2024,1.72972119105914
HKG,FP.CPI.TOTL.ZG,2023,2.09660511249089
HKG,FP.CPI.TOTL.ZG,2022,1.88136707196853
HKG,FP.CPI.TOTL.ZG,2021,1.56875834445922
HKG,FP.CPI.TOTL.ZG,2020,0.2509620210808
HKG,FP.CPI.TOTL.ZG,2019,2.88320853773996
HKG,FP.CPI.TOTL.ZG,2018,2.40613432046534
HKG,FP.CPI.TOTL.ZG,2017,1.49387243939522
HKG,FP.CPI.TOTL.ZG,2016,2.40930743862224
HKG,FP.CPI.TOTL.ZG,2015,2.99084819322581
HKG,FP.CPI.TOTL.ZG,2014,4.42364532019699
HKG,FP.CPI.TOTL.ZG,2013,4.33799342105267
HKG,FP.CPI.TOTL.ZG,2012,4.05390950903844
HKG,FP.CPI.TOTL.ZG,2011,5.3052489299392
HKG,FP.CPI.TOTL.ZG,2010,2.29289088604673
HKG,FP.CPI.TOTL.ZG,2009,0.579441418472608
HKG,FP.CPI.TOTL.ZG,2008,4.30315484104921
HKG,FP.CPI.TOTL.ZG,2007,2.03502713369511
HKG,FP.CPI.TOTL.ZG,2006,2.00025160397534
HKG,FP.CPI.TOTL.ZG,2005,0.826446280991827
HKG,FP.CPI.TOTL.ZG,2004,-0.274725274725253
HKG,FP.CPI.TOTL.ZG,2003,-2.67379679144394
HKG,FP.CPI.TOTL.ZG,2002,-2.98313878080415
HKG,FP.CPI.TOTL.ZG,2001,-1.65816326530609
HKG,FP.CPI.TOTL.ZG,2000,-3.68550368550369
HKG,FP.CPI.TOTL.ZG,1999,-4.00943396226445
HKG,FP.CPI.TOTL.ZG,1998,2.91262135922399
HKG,FP.CPI.TOTL.ZG,1997,5.77663671373521
HKG,FP.CPI.TOTL.ZG,1996,6.27557980900412
HKG,FP.CPI.TOTL.ZG,1995,9.07738095238091
HKG,FP.CPI.TOTL.ZG,1994,8.73786407766985
HKG,FP.CPI.TOTL.ZG,1993,8.80281690140857
HKG,FP.CPI.TOTL.ZG,1992,9.65250965250966
HKG,FP.CPI.TOTL.ZG,1991,11.1587982832617
HKG,FP.CPI.TOTL.ZG,1990,10.4265402843602
HKG,FP.CPI.TOTL.ZG,1989,10.1827676240209
HKG,FP.CPI.TOTL.ZG,1988,7.8873239436618
HKG,FP.CPI.TOTL.ZG,1987,5.65476190476196
HKG,FP.CPI.TOTL.ZG,1986,3.38461538461534
HKG,FP.CPI.TOTL.ZG,1985,3.50318471337575
HKG,FP.CPI.TOTL.ZG,1984,8.65051903114184
HKG,FP.CPI.TOTL.ZG,1983,9.8859315589355
HKG,FP.CPI.TOTL.ZG,1982,10.9704641350212
HKG,FP.CPI.TOTL.ZG,1981,
HKG,FP.CPI.TOTL.ZG,1980,
HKG,FP.CPI.TOTL.ZG,1979,
HKG,FP.CPI.TOTL.ZG,1978,
HKG,FP.CPI.TOTL.ZG,1977,
HKG,FP.CPI.TOTL.ZG,1976,
HKG,FP.CPI.TOTL.ZG,1975,
HKG,FP.CPI.TOTL.ZG,1974,
HKG,FP.CPI.TOTL.ZG,1973,
HKG,FP.CPI.TOTL.ZG,1972,
HKG,FP.CPI.TOTL.ZG,1971,
HKG,FP.CPI.TOTL.ZG,1970,
HKG,FP.CPI.TOTL.ZG,1969,
HKG,FP.CPI.TOTL.ZG,1968,
HKG,FP.CPI.TOTL.ZG,1967,
HKG,FP.CPI.TOTL.ZG,1966,
HKG,FP.CPI.TOTL.ZG,1965,
HKG,FP.CPI.TOTL.ZG,1964,
HKG,FP.CPI.TOTL.ZG,1963,
HKG,FP.CPI.TOTL.ZG,1962,
HKG,FP.CPI.TOTL.ZG,1961,
HKG,FP.CPI.TOTL.ZG,1960,
HUN,FP.CPI.TOTL.ZG,2025,
HUN,FP.CPI.TOTL.ZG,2024,3.70370370370369
HUN,FP.CPI.TOTL.ZG,2023,17.1249659678737
HUN,FP.CPI.TOTL.ZG,2022,14.6081439492433
HUN,FP.CPI.TOTL.ZG,2021,5.11096534382855
HUN,FP.CPI.TOTL.ZG,2020,3.32674385766738
HUN,FP.CPI.TOTL.ZG,2019,3.33858635382008
HUN,FP.CPI.TOTL.ZG,2018,2.85024792594646
HUN,FP.CPI.TOTL.ZG,2017,2.34824281150154
HUN,FP.CPI.TOTL.ZG,2016,0.394769306686392
HUN,FP.CPI.TOTL.ZG,2015,-0.0616446800641672
HUN,FP.CPI.TOTL.ZG,2014,-0.227566270988219
HUN,FP.CPI.TOTL.ZG,2013,1.73319984983101
HUN,FP.CPI.TOTL.ZG,2012,5.65214517088646
HUN,FP.CPI.TOTL.ZG,2011,3.9299209893507
HUN,FP.CPI.TOTL.ZG,2010,4.85555795691956
HUN,FP.CPI.TOTL.ZG,2009,4.21171171171171
HUN,FP.CPI.TOTL.ZG,2008,6.0425125388106
HUN,FP.CPI.TOTL.ZG,2007,7.9587451654491
HUN,FP.CPI.TOTL.ZG,2006,3.93032603841001
HUN,FP.CPI.TOTL.ZG,2005,3.56151711378352
HUN,FP.CPI.TOTL.ZG,2004,6.74434679569469
HUN,FP.CPI.TOTL.ZG,2003,4.66101694915254
HUN,FP.CPI.TOTL.ZG,2002,5.26544821583985
HUN,FP.CPI.TOTL.ZG,2001,9.11680911680911
HUN,FP.CPI.TOTL.ZG,2000,9.80361016908125
HUN,FP.CPI.TOTL.ZG,1999,9.99774409303368
HUN,FP.CPI.TOTL.ZG,1998,14.153789654534
HUN,FP.CPI.TOTL.ZG,1997,18.3050744143799
HUN,FP.CPI.TOTL.ZG,1996,23.4690301919185
HUN,FP.CPI.TOTL.ZG,1995,28.3054683706654
HUN,FP.CPI.TOTL.ZG,1994,18.8680749869283
HUN,FP.CPI.TOTL.ZG,1993,22.4642346133809
HUN,FP.CPI.TOTL.ZG,1992,23.6557207806552
HUN,FP.CPI.TOTL.ZG,1991,34.8175429072704
HUN,FP.CPI.TOTL.ZG,1990,28.3695996532777
HUN,FP.CPI.TOTL.ZG,1989,17.149151997396
HUN,FP.CPI.TOTL.ZG,1988,15.7235490703556
HUN,FP.CPI.TOTL.ZG,1987,8.67431417733243
HUN,FP.CPI.TOTL.ZG,1986,5.29166170071091
HUN,FP.CPI.TOTL.ZG,1985,6.94234501879147
HUN,FP.CPI.TOTL.ZG,1984,8.46785487646018
HUN,FP.CPI.TOTL.ZG,1983,7.27989573279491
HUN,FP.CPI.TOTL.ZG,1982,6.8358050825954
HUN,FP.CPI.TOTL.ZG,1981,4.66141394394755
HUN,FP.CPI.TOTL.ZG,1980,9.28585743921337
HUN,FP.CPI.TOTL.ZG,1979,8.97641234700303
HUN,FP.CPI.TOTL.ZG,1978,4.68714274853112
HUN,FP.CPI.TOTL.ZG,1977,3.90889569564822
HUN,FP.CPI.TOTL.ZG,1976,5.2283983330866
HUN,FP.CPI.TOTL.ZG,1975,3.84215991793819
HUN,FP.CPI.TOTL.ZG,1974,1.79704016823474
HUN,FP.CPI.TOTL.ZG,1973,3.38797814176702
HUN,FP.CPI.TOTL.ZG,1972,
HUN,FP.CPI.TOTL.ZG,1971,
HUN,FP.CPI.TOTL.ZG,1970,
HUN,FP.CPI.TOTL.ZG,1969,
HUN,FP.CPI.TOTL.ZG,1968,
HUN,FP.CPI.TOTL.ZG,1967,
HUN,FP.CPI.TOTL.ZG,1966,
HUN,FP.CPI.TOTL.ZG,1965,
HUN,FP.CPI.TOTL.ZG,1964,
HUN,FP.CPI.TOTL.ZG,1963,
HUN,FP.CPI.TOTL.ZG,1962,
HUN,FP.CPI.TOTL.ZG,1961,
HUN,FP.CPI.TOTL.ZG,1960,
ISL,FP.CPI.TOTL.ZG,2025,
ISL,FP.CPI.TOTL.ZG,2024,5.85683849970066
ISL,FP.CPI.TOTL.ZG,2023,8.73630299937298
ISL,FP.CPI.TOTL.ZG,2022,8.3087551155892
ISL,FP.CPI.TOTL.ZG,2021,4.44423970189739
ISL,FP.CPI.TOTL.ZG,2020,2.84792401518665
ISL,FP.CPI.TOTL.ZG,2019,3.01397179156053
ISL,FP.CPI.TOTL.ZG,2018,2.68291768267392
ISL,FP.CPI.TOTL.ZG,2017,1.76041559180596
ISL,FP.CPI.TOTL.ZG,2016,1.69692761997751
ISL,FP.CPI.TOTL.ZG,2015,1.63305558181326
ISL,FP.CPI.TOTL.ZG,2014,2.04461481539333
ISL,FP.CPI.TOTL.ZG,2013,3.87227923748249
ISL,FP.CPI.TOTL.ZG,2012,5.18589988750698
ISL,FP.CPI.TOTL.ZG,2011,4.0010266434312
ISL,FP.CPI.TOTL.ZG,2010,5.39673113167477
ISL,FP.CPI.TOTL.ZG,2009,12.0031298461743
ISL,FP.CPI.TOTL.ZG,2008,12.6943942775878
ISL,FP.CPI.TOTL.ZG,2007,5.05155736492146
ISL,FP.CPI.TOTL.ZG,2006,6.68707906136661
ISL,FP.CPI.TOTL.ZG,2005,3.98704782806593
ISL,FP.CPI.TOTL.ZG,2004,3.15819324298464
ISL,FP.CPI.TOTL.ZG,2003,2.05566329753742
ISL,FP.CPI.TOTL.ZG,2002,5.19702230216628
ISL,FP.CPI.TOTL.ZG,2001,6.40508550386868
ISL,FP.CPI.TOTL.ZG,2000,5.13647123245151
ISL,FP.CPI.TOTL.ZG,1999,3.23183260906467
ISL,FP.CPI.TOTL.ZG,1998,1.65924170953427
ISL,FP.CPI.TOTL.ZG,1997,1.81543080282242
ISL,FP.CPI.TOTL.ZG,1996,2.26041898267297
ISL,FP.CPI.TOTL.ZG,1995,1.65123150116658
ISL,FP.CPI.TOTL.ZG,1994,1.55265627495777
ISL,FP.CPI.TOTL.ZG,1993,4.04285291076947
ISL,FP.CPI.TOTL.ZG,1992,3.94771176824031
ISL,FP.CPI.TOTL.ZG,1991,6.80877887943634
ISL,FP.CPI.TOTL.ZG,1990,15.510721994253
ISL,FP.CPI.TOTL.ZG,1989,20.7581950334485
ISL,FP.CPI.TOTL.ZG,1988,25.7255090852842
ISL,FP.CPI.TOTL.ZG,1987,18.2977682232304
ISL,FP.CPI.TOTL.ZG,1986,22.1284011876646
ISL,FP.CPI.TOTL.ZG,1985,31.9946290240703
ISL,FP.CPI.TOTL.ZG,1984,30.8523970770909
ISL,FP.CPI.TOTL.ZG,1983,83.9500461937034
ISL,FP.CPI.TOTL.ZG,1982,50.2432263896761
ISL,FP.CPI.TOTL.ZG,1981,51.7932416010108
ISL,FP.CPI.TOTL.ZG,1980,58.5284260893646
ISL,FP.CPI.TOTL.ZG,1979,44.4444558043744
ISL,FP.CPI.TOTL.ZG,1978,43.7499982853606
ISL,FP.CPI.TOTL.ZG,1977,30.3167412725928
ISL,FP.CPI.TOTL.ZG,1976,32.0351102236086
ISL,FP.CPI.TOTL.ZG,1975,49.3613382334053
ISL,FP.CPI.TOTL.ZG,1974,42.5161819585292
ISL,FP.CPI.TOTL.ZG,1973,21.3549309168298
ISL,FP.CPI.TOTL.ZG,1972,9.81132391279972
ISL,FP.CPI.TOTL.ZG,1971,6.73187452980988
ISL,FP.CPI.TOTL.ZG,1970,13.3724751491846
ISL,FP.CPI.TOTL.ZG,1969,21.7632949193453
ISL,FP.CPI.TOTL.ZG,1968,15.2317984034252
ISL,FP.CPI.TOTL.ZG,1967,3.32021867821532
ISL,FP.CPI.TOTL.ZG,1966,10.6866430342387
ISL,FP.CPI.TOTL.ZG,1965,7.31706942783346
ISL,FP.CPI.TOTL.ZG,1964,19.2450543572579
ISL,FP.CPI.TOTL.ZG,1963,12.9280230755903
ISL,FP.CPI.TOTL.ZG,1962,11.016292445577
ISL,FP.CPI.TOTL.ZG,1961,4.71161499679353
ISL,FP.CPI.TOTL.ZG,1960,1.98839723902034
IND,FP.CPI.TOTL.ZG,2025,
IND,FP.CPI.TOTL.ZG,2024,4.95303550973656
IND,FP.CPI.TOTL.ZG,2023,5.64914318907925
IND,FP.CPI.TOTL.ZG,2022,6.69903414079852
IND,FP.CPI.TOTL.ZG,2021,5.13140747176369
IND,FP.CPI.TOTL.ZG,2020,6.62343677628535
IND,FP.CPI.TOTL.ZG,2019,3.72950573539129
IND,FP.CPI.TOTL.ZG,2018,3.9388264669163
IND,FP.CPI.TOTL.ZG,2017,3.32817337461298
IND,FP.CPI.TOTL.ZG,2016,4.94821634062141
IND,FP.CPI.TOTL.ZG,2015,4.90697344127256
IND,FP.CPI.TOTL.ZG,2014,6.66565671867899
IND,FP.CPI.TOTL.ZG,2013,10.0178784746102
IND,FP.CPI.TOTL.ZG,2012,9.47899691419801
IND,FP.CPI.TOTL.ZG,2011,8.91179336483371
IND,FP.CPI.TOTL.ZG,2010,11.9893899204244
IND,FP.CPI.TOTL.ZG,2009,10.8823529411764
IND,FP.CPI.TOTL.ZG,2008,8.34926704907581
IND,FP.CPI.TOTL.ZG,2007,6.37288135593231
IND,FP.CPI.TOTL.ZG,2006,5.79652337561634
IND,FP.CPI.TOTL.ZG,2005,4.24634362031922
IND,FP.CPI.TOTL.ZG,2004,3.76725173477515
IND,FP.CPI.TOTL.ZG,2003,3.80585899528851
IND,FP.CPI.TOTL.ZG,2002,4.29715203929563
IND,FP.CPI.TOTL.ZG,2001,3.77929312235637
IND,FP.CPI.TOTL.ZG,2000,4.0094359104519
IND,FP.CPI.TOTL.ZG,1999,4.66982038037594
IND,FP.CPI.TOTL.ZG,1998,13.2308389767977
IND,FP.CPI.TOTL.ZG,1997,7.16425211462724
IND,FP.CPI.TOTL.ZG,1996,8.97715233826453
IND,FP.CPI.TOTL.ZG,1995,10.2248861637544
IND,FP.CPI.TOTL.ZG,1994,10.2479355556119
IND,FP.CPI.TOTL.ZG,1993,6.32689048779867
IND,FP.CPI.TOTL.ZG,1992,11.7878170418134
IND,FP.CPI.TOTL.ZG,1991,13.8702461773683
IND,FP.CPI.TOTL.ZG,1990,8.9712325027325
IND,FP.CPI.TOTL.ZG,1989,7.07428002942301
IND,FP.CPI.TOTL.ZG,1988,9.38347186185335
IND,FP.CPI.TOTL.ZG,1987,8.80112581251833
IND,FP.CPI.TOTL.ZG,1986,8.72972072702581
IND,FP.CPI.TOTL.ZG,1985,5.55642423236554
IND,FP.CPI.TOTL.ZG,1984,8.3189071186008
IND,FP.CPI.TOTL.ZG,1983,11.8680812986734
IND,FP.CPI.TOTL.ZG,1982,7.89074279377487
IND,FP.CPI.TOTL.ZG,1981,13.112546897642
IND,FP.CPI.TOTL.ZG,1980,11.3460734795095
IND,FP.CPI.TOTL.ZG,1979,6.27568336762335
IND,FP.CPI.TOTL.ZG,1978,2.5230487569518
IND,FP.CPI.TOTL.ZG,1977,8.30747009171166
IND,FP.CPI.TOTL.ZG,1976,-7.63394763392882
IND,FP.CPI.TOTL.ZG,1975,5.74843029767437
IND,FP.CPI.TOTL.ZG,1974,28.598734077509
IND,FP.CPI.TOTL.ZG,1973,16.9408159791736
IND,FP.CPI.TOTL.ZG,1972,6.44209746158243
IND,FP.CPI.TOTL.ZG,1971,3.07993868406537
IND,FP.CPI.TOTL.ZG,1970,5.09226161997552
IND,FP.CPI.TOTL.ZG,1969,-0.584136610466349
IND,FP.CPI.TOTL.ZG,1968,3.23741242627502
IND,FP.CPI.TOTL.ZG,1967,13.062202477797
IND,FP.CPI.TOTL.ZG,1966,10.8018483489342
IND,FP.CPI.TOTL.ZG,1965,9.47475859170699
IND,FP.CPI.TOTL.ZG,1964,13.3552611508153
IND,FP.CPI.TOTL.ZG,1963,2.94616135685229
IND,FP.CPI.TOTL.ZG,1962,3.63221497106987
IND,FP.CPI.TOTL.ZG,1961,1.69521293914433
IND,FP.CPI.TOTL.ZG,1960,1.77987784677382
IDN,FP.CPI.TOTL.ZG,2025,
IDN,FP.CPI.TOTL.ZG,2024,2.18151273615189
IDN,FP.CPI.TOTL.ZG,2023,3.66938654859761
IDN,FP.CPI.TOTL.ZG,2022,4.20946463714784
IDN,FP.CPI.TOTL.ZG,2021,1.56007882983334
IDN,FP.CPI.TOTL.ZG,2020,1.91983527270793
IDN,FP.CPI.TOTL.ZG,2019,3.03058460941661
IDN,FP.CPI.TOTL.ZG,2018,3.19834755924996
IDN,FP.CPI.TOTL.ZG,2017,3.80879857691949
IDN,FP.CPI.TOTL.ZG,2016,3.52580452815451
IDN,FP.CPI.TOTL.ZG,2015,6.36312061196646
IDN,FP.CPI.TOTL.ZG,2014,6.39492882396559
IDN,FP.CPI.TOTL.ZG,2013,6.41249457900391
IDN,FP.CPI.TOTL.ZG,2012,4.2795142691943
IDN,FP.CPI.TOTL.ZG,2011,5.35604849112582
IDN,FP.CPI.TOTL.ZG,2010,5.13420639015885
IDN,FP.CPI.TOTL.ZG,2009,4.38641311792074
IDN,FP.CPI.TOTL.ZG,2008,10.2266663272483
IDN,FP.CPI.TOTL.ZG,2007,6.40656087966005
IDN,FP.CPI.TOTL.ZG,2006,13.108670985346
IDN,FP.CPI.TOTL.ZG,2005,10.4532001873347
IDN,FP.CPI.TOTL.ZG,2004,6.06406189133648
IDN,FP.CPI.TOTL.ZG,2003,6.75731256333564
IDN,FP.CPI.TOTL.ZG,2002,11.9001200338414
IDN,FP.CPI.TOTL.ZG,2001,11.5001160550887
IDN,FP.CPI.TOTL.ZG,2000,3.68862037056682
IDN,FP.CPI.TOTL.ZG,1999,20.4778324428892
IDN,FP.CPI.TOTL.ZG,1998,58.4510413515526
IDN,FP.CPI.TOTL.ZG,1997,6.22615154887214
IDN,FP.CPI.TOTL.ZG,1996,7.97328096513346
IDN,FP.CPI.TOTL.ZG,1995,9.42030300572996
IDN,FP.CPI.TOTL.ZG,1994,8.53199829189143
IDN,FP.CPI.TOTL.ZG,1993,9.6719108926401
IDN,FP.CPI.TOTL.ZG,1992,7.52351006242677
IDN,FP.CPI.TOTL.ZG,1991,9.41906784347004
IDN,FP.CPI.TOTL.ZG,1990,7.81919756505635
IDN,FP.CPI.TOTL.ZG,1989,6.41554079916364
IDN,FP.CPI.TOTL.ZG,1988,8.04535671530907
IDN,FP.CPI.TOTL.ZG,1987,9.27865406602839
IDN,FP.CPI.TOTL.ZG,1986,5.82266576732484
IDN,FP.CPI.TOTL.ZG,1985,4.72453518543398
IDN,FP.CPI.TOTL.ZG,1984,10.4550392231412
IDN,FP.CPI.TOTL.ZG,1983,11.7997382076652
IDN,FP.CPI.TOTL.ZG,1982,9.44542534921144
IDN,FP.CPI.TOTL.ZG,1981,12.2659075874853
IDN,FP.CPI.TOTL.ZG,1980,18.035422125313
IDN,FP.CPI.TOTL.ZG,1979,16.2327695334308
IDN,FP.CPI.TOTL.ZG,1978,8.11259425677378
IDN,FP.CPI.TOTL.ZG,1977,11.0520846464477
IDN,FP.CPI.TOTL.ZG,1976,19.8286499927534
IDN,FP.CPI.TOTL.ZG,1975,19.1656916610533
IDN,FP.CPI.TOTL.ZG,1974,40.491811600695
IDN,FP.CPI.TOTL.ZG,1973,31.0418824339182
IDN,FP.CPI.TOTL.ZG,1972,6.52174091852604
IDN,FP.CPI.TOTL.ZG,1971,4.23374587741607
IDN,FP.CPI.TOTL.ZG,1970,12.399468513041
IDN,FP.CPI.TOTL.ZG,1969,15.4798773314404
IDN,FP.CPI.TOTL.ZG,1968,128.843042071197
IDN,FP.CPI.TOTL.ZG,1967,106.0
IDN,FP.CPI.TOTL.ZG,1966,1136.2541122077
IDN,FP.CPI.TOTL.ZG,1965,306.763110307415
IDN,FP.CPI.TOTL.ZG,1964,108.994708994709
IDN,FP.CPI.TOTL.ZG,1963,145.910780669145
IDN,FP.CPI.TOTL.ZG,1962,131.397849462365
IDN,FP.CPI.TOTL.ZG,1961,13.6919315403424
IDN,FP.CPI.TOTL.ZG,1960,39.5904436860067
IRN,FP.CPI.TOTL.ZG,2025,
IRN,FP.CPI.TOTL.ZG,2024,32.455871402917
IRN,FP.CPI.TOTL.ZG,2023,44.5791857572797
IRN,FP.CPI.TOTL.ZG,2022,43.4884641742179
IRN,FP.CPI.TOTL.ZG,2021,43.3890162681514
IRN,FP.CPI.TOTL.ZG,2020,30.5941390387295
IRN,FP.CPI.TOTL.ZG,2019,39.9073455697784
IRN,FP.CPI.TOTL.ZG,2018,18.0141183371874
IRN,FP.CPI.TOTL.ZG,2017,8.04492437660278
IRN,FP.CPI.TOTL.ZG,2016,7.24542548952979
IRN,FP.CPI.TOTL.ZG,2015,12.4846815611533
IRN,FP.CPI.TOTL.ZG,2014,16.6065532357449
IRN,FP.CPI.TOTL.ZG,2013,36.6030355191029
IRN,FP.CPI.TOTL.ZG,2012,27.2568127242908
IRN,FP.CPI.TOTL.ZG,2011,26.2933856738608
IRN,FP.CPI.TOTL.ZG,2010,10.0893629287979
IRN,FP.CPI.TOTL.ZG,2009,13.5515548281506
IRN,FP.CPI.TOTL.ZG,2008,25.4105090311987
IRN,FP.CPI.TOTL.ZG,2007,17.3410404624277
IRN,FP.CPI.TOTL.ZG,2006,10.0158982511924
IRN,FP.CPI.TOTL.ZG,2005,13.433118008508
IRN,FP.CPI.TOTL.ZG,2004,14.7615086970672
IRN,FP.CPI.TOTL.ZG,2003,16.4680116244792
IRN,FP.CPI.TOTL.ZG,2002,14.3359337378404
IRN,FP.CPI.TOTL.ZG,2001,11.2742471332117
IRN,FP.CPI.TOTL.ZG,2000,14.4767513188567
IRN,FP.CPI.TOTL.ZG,1999,20.0707078146866
IRN,FP.CPI.TOTL.ZG,1998,17.8661342130398
IRN,FP.CPI.TOTL.ZG,1997,17.3492257538708
IRN,FP.CPI.TOTL.ZG,1996,28.9373440168137
IRN,FP.CPI.TOTL.ZG,1995,49.6559858462746
IRN,FP.CPI.TOTL.ZG,1994,31.4470284237728
IRN,FP.CPI.TOTL.ZG,1993,21.2026307547761
IRN,FP.CPI.TOTL.ZG,1992,25.8077226162332
IRN,FP.CPI.TOTL.ZG,1991,17.1285679434012
IRN,FP.CPI.TOTL.ZG,1990,7.62767493763934
IRN,FP.CPI.TOTL.ZG,1989,22.3496530454896
IRN,FP.CPI.TOTL.ZG,1988,28.6706349206345
IRN,FP.CPI.TOTL.ZG,1987,28.5714285714292
IRN,FP.CPI.TOTL.ZG,1986,18.4290030211474
IRN,FP.CPI.TOTL.ZG,1985,4.38934095741541
IRN,FP.CPI.TOTL.ZG,1984,12.5402194538868
IRN,FP.CPI.TOTL.ZG,1983,19.7401891778611
IRN,FP.CPI.TOTL.ZG,1982,18.6897259269564
IRN,FP.CPI.TOTL.ZG,1981,24.2035897624486
IRN,FP.CPI.TOTL.ZG,1980,20.6439144373798
IRN,FP.CPI.TOTL.ZG,1979,10.4872367273486
IRN,FP.CPI.TOTL.ZG,1978,11.7219692041212
IRN,FP.CPI.TOTL.ZG,1977,27.2877846793093
IRN,FP.CPI.TOTL.ZG,1976,11.2561425062111
IRN,FP.CPI.TOTL.ZG,1975,12.8791818338341
IRN,FP.CPI.TOTL.ZG,1974,14.2489355382567
IRN,FP.CPI.TOTL.ZG,1973,9.81948673318762
IRN,FP.CPI.TOTL.ZG,1972,6.39824135128871
IRN,FP.CPI.TOTL.ZG,1971,4.19529837265423
IRN,FP.CPI.TOTL.ZG,1970,1.66687093970068
IRN,FP.CPI.TOTL.ZG,1969,3.59319451551281
IRN,FP.CPI.TOTL.ZG,1968,0.690360521996233
IRN,FP.CPI.TOTL.ZG,1967,1.59761007964354
IRN,FP.CPI.TOTL.ZG,1966,-0.388148532154432
IRN,FP.CPI.TOTL.ZG,1965,2.15437483520967
IRN,FP.CPI.TOTL.ZG,1964,3.81448957223043
IRN,FP.CPI.TOTL.ZG,1963,0.371849607221666
IRN,FP.CPI.TOTL.ZG,1962,0.721320571656337
IRN,FP.CPI.TOTL.ZG,1961,3.16256439585745
IRN,FP.CPI.TOTL.ZG,1960,9.82241081297867
IRQ,FP.CPI.TOTL.ZG,2025,
IRQ,FP.CPI.TOTL.ZG,2024,-12.2969837587007
IRQ,FP.CPI.TOTL.ZG,2023,4.35835351089586
IRQ,FP.CPI.TOTL.ZG,2022,4.99476596381044
IRQ,FP.CPI.TOTL.ZG,2021,6.04186489058044
IRQ,FP.CPI.TOTL.ZG,2020,0.574162679425795
IRQ,FP.CPI.TOTL.ZG,2019,-0.198965380023928
IRQ,FP.CPI.TOTL.ZG,2018,0.367441488936849
IRQ,FP.CPI.TOTL.ZG,2017,0.18405889884769
IRQ,FP.CPI.TOTL.ZG,2016,0.556521397155511
IRQ,FP.CPI.TOTL.ZG,2015,1.39333028780309
IRQ,FP.CPI.TOTL.ZG,2014,2.23597407904679
IRQ,FP.CPI.TOTL.ZG,2013,1.87949800749469
IRQ,FP.CPI.TOTL.ZG,2012,6.08909641595043
IRQ,FP.CPI.TOTL.ZG,2011,5.801455370853
IRQ,FP.CPI.TOTL.ZG,2010,2.8777472527476
IRQ,FP.CPI.TOTL.ZG,2009,6.8736154721255
IRQ,FP.CPI.TOTL.ZG,2008,12.6628528269228
IRQ,FP.CPI.TOTL.ZG,2007,-10.0674925768978
IRQ,FP.CPI.TOTL.ZG,2006,53.230962911428
IRQ,FP.CPI.TOTL.ZG,2005,36.9594809201871
IRQ,FP.CPI.TOTL.ZG,2004,26.9619068193272
IRQ,FP.CPI.TOTL.ZG,2003,33.6162105992383
IRQ,FP.CPI.TOTL.ZG,2002,19.316694601979
IRQ,FP.CPI.TOTL.ZG,2001,16.3740814963262
IRQ,FP.CPI.TOTL.ZG,2000,4.97896213183735
IRQ,FP.CPI.TOTL.ZG,1999,12.5777623393436
IRQ,FP.CPI.TOTL.ZG,1998,14.7687735575528
IRQ,FP.CPI.TOTL.ZG,1997,23.0631996788727
IRQ,FP.CPI.TOTL.ZG,1996,-16.1173257510572
IRQ,FP.CPI.TOTL.ZG,1995,387.310847766638
IRQ,FP.CPI.TOTL.ZG,1994,448.499999999999
IRQ,FP.CPI.TOTL.ZG,1993,207.692307692309
IRQ,FP.CPI.TOTL.ZG,1992,83.615819209039
IRQ,FP.CPI.TOTL.ZG,1991,180.952380952381
IRQ,FP.CPI.TOTL.ZG,1990,
IRQ,FP.CPI.TOTL.ZG,1989,
IRQ,FP.CPI.TOTL.ZG,1988,
IRQ,FP.CPI.TOTL.ZG,1987,
IRQ,FP.CPI.TOTL.ZG,1986,
IRQ,FP.CPI.TOTL.ZG,1985,
IRQ,FP.CPI.TOTL.ZG,1984,
IRQ,FP.CPI.TOTL.ZG,1983,
IRQ,FP.CPI.TOTL.ZG,1982,
IRQ,FP.CPI.TOTL.ZG,1981,
IRQ,FP.CPI.TOTL.ZG,1980,
IRQ,FP.CPI.TOTL.ZG,1979,
IRQ,FP.CPI.TOTL.ZG,1978,4.61194286682018
IRQ,FP.CPI.TOTL.ZG,1977,9.16776253995512
IRQ,FP.CPI.TOTL.ZG,1976,12.8232301828134
IRQ,FP.CPI.TOTL.ZG,1975,9.51717734405536
IRQ,FP.CPI.TOTL.ZG,1974,7.69999999976926
IRQ,FP.CPI.TOTL.ZG,1973,4.89098408992571
IRQ,FP.CPI.TOTL.ZG,1972,5.18595041325518
IRQ,FP.CPI.TOTL.ZG,1971,3.59589041076037
IRQ,FP.CPI.TOTL.ZG,1970,4.35559526470564
IRQ,FP.CPI.TOTL.ZG,1969,5.73925366136733
IRQ,FP.CPI.TOTL.ZG,1968,2.19647598286799
IRQ,FP.CPI.TOTL.ZG,1967,3.29094988781672
IRQ,FP.CPI.TOTL.ZG,1966,1.98321891712164
IRQ,FP.CPI.TOTL.ZG,1965,-0.45558086585781
IRQ,FP.CPI.TOTL.ZG,1964,-0.0901365196717478
IRQ,FP.CPI.TOTL.ZG,1963,3.95495742929742
IRQ,FP.CPI.TOTL.ZG,1962,1.29236216541521
IRQ,FP.CPI.TOTL.ZG,1961,0.916260431846688
IRQ,FP.CPI.TOTL.ZG,1960,3.47823790409599
IRL,FP.CPI.TOTL.ZG,2025,
IRL,FP.CPI.TOTL.ZG,2024,2.11344999577317
IRL,FP.CPI.TOTL.ZG,2023,6.29942487419125
IRL,FP.CPI.TOTL.ZG,2022,7.82945736434105
IRL,FP.CPI.TOTL.ZG,2021,2.34034113447044
IRL,FP.CPI.TOTL.ZG,2020,-0.326183651280033
IRL,FP.CPI.TOTL.ZG,2019,0.937842961189274
IRL,FP.CPI.TOTL.ZG,2018,0.471130713712916
IRL,FP.CPI.TOTL.ZG,2017,0.362173038229378
IRL,FP.CPI.TOTL.ZG,2016,0.0201247735963237
IRL,FP.CPI.TOTL.ZG,2015,-0.330959783371788
IRL,FP.CPI.TOTL.ZG,2014,0.190916398713745
IRL,FP.CPI.TOTL.ZG,2013,0.515099484900573
IRL,FP.CPI.TOTL.ZG,2012,1.69474116680366
IRL,FP.CPI.TOTL.ZG,2011,2.5489783020855
IRL,FP.CPI.TOTL.ZG,2010,-0.918388645376774
IRL,FP.CPI.TOTL.ZG,2009,-4.44754686876746
IRL,FP.CPI.TOTL.ZG,2008,4.03568834941391
IRL,FP.CPI.TOTL.ZG,2007,4.88574537540802
IRL,FP.CPI.TOTL.ZG,2006,3.93576114001354
IRL,FP.CPI.TOTL.ZG,2005,2.45654692931639
IRL,FP.CPI.TOTL.ZG,2004,2.17854605730523
IRL,FP.CPI.TOTL.ZG,2003,3.49221909079765
IRL,FP.CPI.TOTL.ZG,2002,4.62820512820515
IRL,FP.CPI.TOTL.ZG,2001,4.85280279607477
IRL,FP.CPI.TOTL.ZG,2000,5.57763269940387
IRL,FP.CPI.TOTL.ZG,1999,1.62988605221407
IRL,FP.CPI.TOTL.ZG,1998,2.40768094534715
IRL,FP.CPI.TOTL.ZG,1997,1.5418020226137
IRL,FP.CPI.TOTL.ZG,1996,1.75574469607419
IRL,FP.CPI.TOTL.ZG,1995,2.52486446780802
IRL,FP.CPI.TOTL.ZG,1994,2.30920192610951
IRL,FP.CPI.TOTL.ZG,1993,1.46941522411422
IRL,FP.CPI.TOTL.ZG,1992,3.06999853835904
IRL,FP.CPI.TOTL.ZG,1991,3.21081037142378
IRL,FP.CPI.TOTL.ZG,1990,3.31732886680118
IRL,FP.CPI.TOTL.ZG,1989,4.08905388153544
IRL,FP.CPI.TOTL.ZG,1988,2.13456989107103
IRL,FP.CPI.TOTL.ZG,1987,3.15941034835014
IRL,FP.CPI.TOTL.ZG,1986,3.82704166542659
IRL,FP.CPI.TOTL.ZG,1985,5.39548620170352
IRL,FP.CPI.TOTL.ZG,1984,8.65111053796386
IRL,FP.CPI.TOTL.ZG,1983,10.4476255348594
IRL,FP.CPI.TOTL.ZG,1982,17.1471262037092
IRL,FP.CPI.TOTL.ZG,1981,20.3735110701934
IRL,FP.CPI.TOTL.ZG,1980,18.1544622557972
IRL,FP.CPI.TOTL.ZG,1979,13.2954688248281
IRL,FP.CPI.TOTL.ZG,1978,7.71111214621869
IRL,FP.CPI.TOTL.ZG,1977,13.4722552937948
IRL,FP.CPI.TOTL.ZG,1976,17.9856958613386
IRL,FP.CPI.TOTL.ZG,1975,20.8758503401952
IRL,FP.CPI.TOTL.ZG,1974,16.9761273212048
IRL,FP.CPI.TOTL.ZG,1973,11.4148503873296
IRL,FP.CPI.TOTL.ZG,1972,8.60581745301066
IRL,FP.CPI.TOTL.ZG,1971,8.96174863417669
IRL,FP.CPI.TOTL.ZG,1970,8.20719016091027
IRL,FP.CPI.TOTL.ZG,1969,7.41869918597554
IRL,FP.CPI.TOTL.ZG,1968,4.6808510638299
IRL,FP.CPI.TOTL.ZG,1967,3.1833150395518
IRL,FP.CPI.TOTL.ZG,1966,3.05429864140273
IRL,FP.CPI.TOTL.ZG,1965,4.98812351543946
IRL,FP.CPI.TOTL.ZG,1964,6.71728971926295
IRL,FP.CPI.TOTL.ZG,1963,2.45362058668928
IRL,FP.CPI.TOTL.ZG,1962,4.26372712149085
IRL,FP.CPI.TOTL.ZG,1961,2.7569993586355
IRL,FP.CPI.TOTL.ZG,1960,0.450837269431776
IMN,FP.CPI.TOTL.ZG,2025,
IMN,FP.CPI.TOTL.ZG,2024,
IMN,FP.CPI.TOTL.ZG,2023,
IMN,FP.CPI.TOTL.ZG,2022,
IMN,FP.CPI.TOTL.ZG,2021,
IMN,FP.CPI.TOTL.ZG,2020,
IMN,FP.CPI.TOTL.ZG,2019,
IMN,FP.CPI.TOTL.ZG,2018,
IMN,FP.CPI.TOTL.ZG,2017,
IMN,FP.CPI.TOTL.ZG,2016,
IMN,FP.CPI.TOTL.ZG,2015,
IMN,FP.CPI.TOTL.ZG,2014,
IMN,FP.CPI.TOTL.ZG,2013,
IMN,FP.CPI.TOTL.ZG,2012,
IMN,FP.CPI.TOTL.ZG,2011,
IMN,FP.CPI.TOTL.ZG,2010,
IMN,FP.CPI.TOTL.ZG,2009,
IMN,FP.CPI.TOTL.ZG,2008,
IMN,FP.CPI.TOTL.ZG,2007,
IMN,FP.CPI.TOTL.ZG,2006,
IMN,FP.CPI.TOTL.ZG,2005,
IMN,FP.CPI.TOTL.ZG,2004,
IMN,FP.CPI.TOTL.ZG,2003,
IMN,FP.CPI.TOTL.ZG,2002,
IMN,FP.CPI.TOTL.ZG,2001,
IMN,FP.CPI.TOTL.ZG,2000,
IMN,FP.CPI.TOTL.ZG,1999,
IMN,FP.CPI.TOTL.ZG,1998,
IMN,FP.CPI.TOTL.ZG,1997,
IMN,FP.CPI.TOTL.ZG,1996,
IMN,FP.CPI.TOTL.ZG,1995,
IMN,FP.CPI.TOTL.ZG,1994,
IMN,FP.CPI.TOTL.ZG,1993,
IMN,FP.CPI.TOTL.ZG,1992,
IMN,FP.CPI.TOTL.ZG,1991,
IMN,FP.CPI.TOTL.ZG,1990,
IMN,FP.CPI.TOTL.ZG,1989,
IMN,FP.CPI.TOTL.ZG,1988,
IMN,FP.CPI.TOTL.ZG,1987,
IMN,FP.CPI.TOTL.ZG,1986,
IMN,FP.CPI.TOTL.ZG,1985,
IMN,FP.CPI.TOTL.ZG,1984,
IMN,FP.CPI.TOTL.ZG,1983,
IMN,FP.CPI.TOTL.ZG,1982,
IMN,FP.CPI.TOTL.ZG,1981,
IMN,FP.CPI.TOTL.ZG,1980,
IMN,FP.CPI.TOTL.ZG,1979,
IMN,FP.CPI.TOTL.ZG,1978,
IMN,FP.CPI.TOTL.ZG,1977,
IMN,FP.CPI.TOTL.ZG,1976,
IMN,FP.CPI.TOTL.ZG,1975,
IMN,FP.CPI.TOTL.ZG,1974,
IMN,FP.CPI.TOTL.ZG,1973,
IMN,FP.CPI.TOTL.ZG,1972,
IMN,FP.CPI.TOTL.ZG,1971,
IMN,FP.CPI.TOTL.ZG,1970,
IMN,FP.CPI.TOTL.ZG,1969,
IMN,FP.CPI.TOTL.ZG,1968,
IMN,FP.CPI.TOTL.ZG,1967,
IMN,FP.CPI.TOTL.ZG,1966,
IMN,FP.CPI.TOTL.ZG,1965,
IMN,FP.CPI.TOTL.ZG,1964,
IMN,FP.CPI.TOTL.ZG,1963,
IMN,FP.CPI.TOTL.ZG,1962,
IMN,FP.CPI.TOTL.ZG,1961,
IMN,FP.CPI.TOTL.ZG,1960,
ISR,FP.CPI.TOTL.ZG,2025,
ISR,FP.CPI.TOTL.ZG,2024,3.07480889805025
ISR,FP.CPI.TOTL.ZG,2023,4.22522603168918
ISR,FP.CPI.TOTL.ZG,2022,4.41162725488371
ISR,FP.CPI.TOTL.ZG,2021,1.47965474722561
ISR,FP.CPI.TOTL.ZG,2020,-0.575254620897756
ISR,FP.CPI.TOTL.ZG,2019,0.817645940292794
ISR,FP.CPI.TOTL.ZG,2018,0.805060379528526
ISR,FP.CPI.TOTL.ZG,2017,0.249807840123008
ISR,FP.CPI.TOTL.ZG,2016,-0.535168195718695
ISR,FP.CPI.TOTL.ZG,2015,-0.617342577642765
ISR,FP.CPI.TOTL.ZG,2014,0.467557251908503
ISR,FP.CPI.TOTL.ZG,2013,1.58976347421476
ISR,FP.CPI.TOTL.ZG,2012,1.67553715750052
ISR,FP.CPI.TOTL.ZG,2011,3.48837209302323
ISR,FP.CPI.TOTL.ZG,2010,2.70270270270273
ISR,FP.CPI.TOTL.ZG,2009,3.3676231727125
ISR,FP.CPI.TOTL.ZG,2008,4.52744765138651
ISR,FP.CPI.TOTL.ZG,2007,0.466226972936065
ISR,FP.CPI.TOTL.ZG,2006,2.05407914587443
ISR,FP.CPI.TOTL.ZG,2005,1.34070328119492
ISR,FP.CPI.TOTL.ZG,2004,-0.421595034547416
ISR,FP.CPI.TOTL.ZG,2003,0.70763061681807
ISR,FP.CPI.TOTL.ZG,2002,5.80234589468429
ISR,FP.CPI.TOTL.ZG,2001,1.12302839116721
ISR,FP.CPI.TOTL.ZG,2000,1.03263640999489
ISR,FP.CPI.TOTL.ZG,1999,5.18975459299983
ISR,FP.CPI.TOTL.ZG,1998,5.48875371339656
ISR,FP.CPI.TOTL.ZG,1997,8.95499383477184
ISR,FP.CPI.TOTL.ZG,1996,11.4585122831129
ISR,FP.CPI.TOTL.ZG,1995,9.93389990557126
ISR,FP.CPI.TOTL.ZG,1994,12.253550985796
ISR,FP.CPI.TOTL.ZG,1993,10.8838740009403
ISR,FP.CPI.TOTL.ZG,1992,12.0653319283457
ISR,FP.CPI.TOTL.ZG,1991,19.1088798242862
ISR,FP.CPI.TOTL.ZG,1990,17.2553348050036
ISR,FP.CPI.TOTL.ZG,1989,20.3187250996016
ISR,FP.CPI.TOTL.ZG,1988,16.3833075734158
ISR,FP.CPI.TOTL.ZG,1987,19.079754601227
ISR,FP.CPI.TOTL.ZG,1986,47.6449275362319
ISR,FP.CPI.TOTL.ZG,1985,307.161914643941
ISR,FP.CPI.TOTL.ZG,1984,373.215631362847
ISR,FP.CPI.TOTL.ZG,1983,145.951502714297
ISR,FP.CPI.TOTL.ZG,1982,120.364409812253
ISR,FP.CPI.TOTL.ZG,1981,116.799989401855
ISR,FP.CPI.TOTL.ZG,1980,131.025012286006
ISR,FP.CPI.TOTL.ZG,1979,78.3100111243614
ISR,FP.CPI.TOTL.ZG,1978,50.5509459579113
ISR,FP.CPI.TOTL.ZG,1977,34.6167156932756
ISR,FP.CPI.TOTL.ZG,1976,31.3108664045145
ISR,FP.CPI.TOTL.ZG,1975,39.3067319555898
ISR,FP.CPI.TOTL.ZG,1974,39.6799724579547
ISR,FP.CPI.TOTL.ZG,1973,20.0323778110705
ISR,FP.CPI.TOTL.ZG,1972,12.8814630846459
ISR,FP.CPI.TOTL.ZG,1971,11.9725718864026
ISR,FP.CPI.TOTL.ZG,1970,6.1107420359874
ISR,FP.CPI.TOTL.ZG,1969,2.45805425617799
ISR,FP.CPI.TOTL.ZG,1968,2.07922185813625
ISR,FP.CPI.TOTL.ZG,1967,1.70609316005932
ISR,FP.CPI.TOTL.ZG,1966,7.9303675444845
ISR,FP.CPI.TOTL.ZG,1965,7.708333264205
ISR,FP.CPI.TOTL.ZG,1964,5.17275042328815
ISR,FP.CPI.TOTL.ZG,1963,6.58113736464057
ISR,FP.CPI.TOTL.ZG,1962,9.40819406826555
ISR,FP.CPI.TOTL.ZG,1961,6.78982340440244
ISR,FP.CPI.TOTL.ZG,1960,2.22811242067084
ITA,FP.CPI.TOTL.ZG,2025,
ITA,FP.CPI.TOTL.ZG,2024,0.982373023061417
ITA,FP.CPI.TOTL.ZG,2023,5.62219442195901
ITA,FP.CPI.TOTL.ZG,2022,8.20128991161718
ITA,FP.CPI.TOTL.ZG,2021,1.87378325762481
ITA,FP.CPI.TOTL.ZG,2020,-0.13770757391651
ITA,FP.CPI.TOTL.ZG,2019,0.611246943765304
ITA,FP.CPI.TOTL.ZG,2018,1.13748763600391
ITA,FP.CPI.TOTL.ZG,2017,1.22653316645812
ITA,FP.CPI.TOTL.ZG,2016,-0.09401665691575
ITA,FP.CPI.TOTL.ZG,2015,0.0387903996579733
ITA,FP.CPI.TOTL.ZG,2014,0.241047429826756
ITA,FP.CPI.TOTL.ZG,2013,1.21999342274306
ITA,FP.CPI.TOTL.ZG,2012,3.04136333226775
ITA,FP.CPI.TOTL.ZG,2011,2.78063272879323
ITA,FP.CPI.TOTL.ZG,2010,1.52551602118248
ITA,FP.CPI.TOTL.ZG,2009,0.774768131387381
ITA,FP.CPI.TOTL.ZG,2008,3.34783258401022
ITA,FP.CPI.TOTL.ZG,2007,1.82974112202403
ITA,FP.CPI.TOTL.ZG,2006,2.09084391012754
ITA,FP.CPI.TOTL.ZG,2005,1.9852929852798
ITA,FP.CPI.TOTL.ZG,2004,2.20673661423657
ITA,FP.CPI.TOTL.ZG,2003,2.6725555277285
ITA,FP.CPI.TOTL.ZG,2002,2.46532319171165
ITA,FP.CPI.TOTL.ZG,2001,2.78516542713554
ITA,FP.CPI.TOTL.ZG,2000,2.53768532095002
ITA,FP.CPI.TOTL.ZG,1999,1.66345995007714
ITA,FP.CPI.TOTL.ZG,1998,1.95508557719381
ITA,FP.CPI.TOTL.ZG,1997,2.04310779750136
ITA,FP.CPI.TOTL.ZG,1996,4.0069766898104
ITA,FP.CPI.TOTL.ZG,1995,5.23542258044301
ITA,FP.CPI.TOTL.ZG,1994,4.05184218065716
ITA,FP.CPI.TOTL.ZG,1993,4.62673468331298
ITA,FP.CPI.TOTL.ZG,1992,5.2705899859293
ITA,FP.CPI.TOTL.ZG,1991,6.24999929790291
ITA,FP.CPI.TOTL.ZG,1990,6.456609061464
ITA,FP.CPI.TOTL.ZG,1989,6.25983137956977
ITA,FP.CPI.TOTL.ZG,1988,5.05824747667119
ITA,FP.CPI.TOTL.ZG,1987,4.74728490389789
ITA,FP.CPI.TOTL.ZG,1986,5.82354691862017
ITA,FP.CPI.TOTL.ZG,1985,9.20599144253118
ITA,FP.CPI.TOTL.ZG,1984,10.7944960076811
ITA,FP.CPI.TOTL.ZG,1983,14.646576674877
ITA,FP.CPI.TOTL.ZG,1982,16.4804146202214
ITA,FP.CPI.TOTL.ZG,1981,17.9692987519672
ITA,FP.CPI.TOTL.ZG,1980,21.0641682770745
ITA,FP.CPI.TOTL.ZG,1979,14.7985735661484
ITA,FP.CPI.TOTL.ZG,1978,12.0940138425074
ITA,FP.CPI.TOTL.ZG,1977,17.13004878665
ITA,FP.CPI.TOTL.ZG,1976,16.6141664725788
ITA,FP.CPI.TOTL.ZG,1975,16.9505025668306
ITA,FP.CPI.TOTL.ZG,1974,19.1597695854699
ITA,FP.CPI.TOTL.ZG,1973,10.7986174547602
ITA,FP.CPI.TOTL.ZG,1972,5.74950393730007
ITA,FP.CPI.TOTL.ZG,1971,4.79166438333786
ITA,FP.CPI.TOTL.ZG,1970,4.96831987329335
ITA,FP.CPI.TOTL.ZG,1969,2.65725273386972
ITA,FP.CPI.TOTL.ZG,1968,1.27731335390797
ITA,FP.CPI.TOTL.ZG,1967,3.73333832073822
ITA,FP.CPI.TOTL.ZG,1966,2.34658893413318
ITA,FP.CPI.TOTL.ZG,1965,4.51926830743458
ITA,FP.CPI.TOTL.ZG,1964,5.91232253218587
ITA,FP.CPI.TOTL.ZG,1963,7.45471822539103
ITA,FP.CPI.TOTL.ZG,1962,4.69114360740471
ITA,FP.CPI.TOTL.ZG,1961,2.05069731278698
ITA,FP.CPI.TOTL.ZG,1960,2.3501614137705
JAM,FP.CPI.TOTL.ZG,2025,
JAM,FP.CPI.TOTL.ZG,2024,5.41194447981659
JAM,FP.CPI.TOTL.ZG,2023,6.47413734662063
JAM,FP.CPI.TOTL.ZG,2022,10.3495688391272
JAM,FP.CPI.TOTL.ZG,2021,5.86278242801063
JAM,FP.CPI.TOTL.ZG,2020,5.2267777929352
JAM,FP.CPI.TOTL.ZG,2019,3.90510000865872
JAM,FP.CPI.TOTL.ZG,2018,3.73663882152163
JAM,FP.CPI.TOTL.ZG,2017,4.37839864991561
JAM,FP.CPI.TOTL.ZG,2016,2.35102197485846
JAM,FP.CPI.TOTL.ZG,2015,3.69154228855725
JAM,FP.CPI.TOTL.ZG,2014,8.27407886231419
JAM,FP.CPI.TOTL.ZG,2013,9.34150076569673
JAM,FP.CPI.TOTL.ZG,2012,6.87397708674309
JAM,FP.CPI.TOTL.ZG,2011,7.555856465809
JAM,FP.CPI.TOTL.ZG,2010,12.6105519975603
JAM,FP.CPI.TOTL.ZG,2009,9.59224598930482
JAM,FP.CPI.TOTL.ZG,2008,22.0228384991843
JAM,FP.CPI.TOTL.ZG,2007,9.24482067275562
JAM,FP.CPI.TOTL.ZG,2006,8.56106408706157
JAM,FP.CPI.TOTL.ZG,2005,15.0528658875905
JAM,FP.CPI.TOTL.ZG,2004,13.5545023696682
JAM,FP.CPI.TOTL.ZG,2003,10.0869565217391
JAM,FP.CPI.TOTL.ZG,2002,7.07635009310985
JAM,FP.CPI.TOTL.ZG,2001,6.8019093078759
JAM,FP.CPI.TOTL.ZG,2000,8.17108356120225
JAM,FP.CPI.TOTL.ZG,1999,5.95423949113006
JAM,FP.CPI.TOTL.ZG,1998,8.63189613012144
JAM,FP.CPI.TOTL.ZG,1997,9.65755261268595
JAM,FP.CPI.TOTL.ZG,1996,26.4066566074043
JAM,FP.CPI.TOTL.ZG,1995,19.9087488364168
JAM,FP.CPI.TOTL.ZG,1994,35.0633942484772
JAM,FP.CPI.TOTL.ZG,1993,22.0699494185292
JAM,FP.CPI.TOTL.ZG,1992,77.2965929559651
JAM,FP.CPI.TOTL.ZG,1991,51.0710977304313
JAM,FP.CPI.TOTL.ZG,1990,21.9601751165083
JAM,FP.CPI.TOTL.ZG,1989,14.3295390328572
JAM,FP.CPI.TOTL.ZG,1988,8.26676574400908
JAM,FP.CPI.TOTL.ZG,1987,6.65244804962684
JAM,FP.CPI.TOTL.ZG,1986,15.1053754209796
JAM,FP.CPI.TOTL.ZG,1985,25.6731012391772
JAM,FP.CPI.TOTL.ZG,1984,27.8147693237453
JAM,FP.CPI.TOTL.ZG,1983,11.5821110844253
JAM,FP.CPI.TOTL.ZG,1982,6.54540796720066
JAM,FP.CPI.TOTL.ZG,1981,12.7397181145091
JAM,FP.CPI.TOTL.ZG,1980,27.3081589882307
JAM,FP.CPI.TOTL.ZG,1979,29.0792596109786
JAM,FP.CPI.TOTL.ZG,1978,34.8998015240508
JAM,FP.CPI.TOTL.ZG,1977,11.1910016370359
JAM,FP.CPI.TOTL.ZG,1976,9.79365327534651
JAM,FP.CPI.TOTL.ZG,1975,17.3761467885801
JAM,FP.CPI.TOTL.ZG,1974,27.1581894550216
JAM,FP.CPI.TOTL.ZG,1973,17.6825919824838
JAM,FP.CPI.TOTL.ZG,1972,5.42770299630751
JAM,FP.CPI.TOTL.ZG,1971,5.33617929585868
JAM,FP.CPI.TOTL.ZG,1970,14.7280041962567
JAM,FP.CPI.TOTL.ZG,1969,6.30345853477095
JAM,FP.CPI.TOTL.ZG,1968,5.92869805002995
JAM,FP.CPI.TOTL.ZG,1967,3.02353896103856
JAM,FP.CPI.TOTL.ZG,1966,1.90239867659225
JAM,FP.CPI.TOTL.ZG,1965,2.63157894736852
JAM,FP.CPI.TOTL.ZG,1964,2.01342281879186
JAM,FP.CPI.TOTL.ZG,1963,1.76250275391075
JAM,FP.CPI.TOTL.ZG,1962,1.40750670241315
JAM,FP.CPI.TOTL.ZG,1961,6.69845053635209
JAM,FP.CPI.TOTL.ZG,1960,3.27424913835588
JPN,FP.CPI.TOTL.ZG,2025,
JPN,FP.CPI.TOTL.ZG,2024,2.73853681635241
JPN,FP.CPI.TOTL.ZG,2023,3.26813365933163
JPN,FP.CPI.TOTL.ZG,2022,2.49770278172255
JPN,FP.CPI.TOTL.ZG,2021,-0.233352779398264
JPN,FP.CPI.TOTL.ZG,2020,-0.024995834027731
JPN,FP.CPI.TOTL.ZG,2019,0.46877615938395
JPN,FP.CPI.TOTL.ZG,2018,0.989094598021848
JPN,FP.CPI.TOTL.ZG,2017,0.484199796126385
JPN,FP.CPI.TOTL.ZG,2016,-0.127258844489754
JPN,FP.CPI.TOTL.ZG,2015,0.795279630579839
JPN,FP.CPI.TOTL.ZG,2014,2.75922671353253
JPN,FP.CPI.TOTL.ZG,2013,0.335037912184741
JPN,FP.CPI.TOTL.ZG,2012,-0.0440645104432602
JPN,FP.CPI.TOTL.ZG,2011,-0.27245561610124
JPN,FP.CPI.TOTL.ZG,2010,-0.728243207517779
JPN,FP.CPI.TOTL.ZG,2009,-1.35283672951719
JPN,FP.CPI.TOTL.ZG,2008,1.3800788616492
JPN,FP.CPI.TOTL.ZG,2007,0.060039454498669
JPN,FP.CPI.TOTL.ZG,2006,0.249355116079085
JPN,FP.CPI.TOTL.ZG,2005,-0.282946068764391
JPN,FP.CPI.TOTL.ZG,2004,-0.00857338820310272
JPN,FP.CPI.TOTL.ZG,2003,-0.256541816316025
JPN,FP.CPI.TOTL.ZG,2002,-0.923494026942321
JPN,FP.CPI.TOTL.ZG,2001,-0.740055504162738
JPN,FP.CPI.TOTL.ZG,2000,-0.676578683595175
JPN,FP.CPI.TOTL.ZG,1999,-0.341296928327554
JPN,FP.CPI.TOTL.ZG,1998,0.661974191385911
JPN,FP.CPI.TOTL.ZG,1997,1.74780458692133
JPN,FP.CPI.TOTL.ZG,1996,0.136600358575909
JPN,FP.CPI.TOTL.ZG,1995,-0.127899045020446
JPN,FP.CPI.TOTL.ZG,1994,0.695458057869004
JPN,FP.CPI.TOTL.ZG,1993,1.24304589707924
JPN,FP.CPI.TOTL.ZG,1992,1.7602830605927
JPN,FP.CPI.TOTL.ZG,1991,3.25143848753308
JPN,FP.CPI.TOTL.ZG,1990,3.0785162869516
JPN,FP.CPI.TOTL.ZG,1989,2.27228962064317
JPN,FP.CPI.TOTL.ZG,1988,0.678557580457558
JPN,FP.CPI.TOTL.ZG,1987,0.126176841696583
JPN,FP.CPI.TOTL.ZG,1986,0.595586799453249
JPN,FP.CPI.TOTL.ZG,1985,2.0322773460849
JPN,FP.CPI.TOTL.ZG,1984,2.26161369193155
JPN,FP.CPI.TOTL.ZG,1983,1.89971971348485
JPN,FP.CPI.TOTL.ZG,1982,2.7410409556314
JPN,FP.CPI.TOTL.ZG,1981,4.91216291820523
JPN,FP.CPI.TOTL.ZG,1980,7.77858176555718
JPN,FP.CPI.TOTL.ZG,1979,3.70185092546269
JPN,FP.CPI.TOTL.ZG,1978,4.20956601068681
JPN,FP.CPI.TOTL.ZG,1977,8.16182689596842
JPN,FP.CPI.TOTL.ZG,1976,9.37403638606234
JPN,FP.CPI.TOTL.ZG,1975,11.7312661498708
JPN,FP.CPI.TOTL.ZG,1974,23.2222458076842
JPN,FP.CPI.TOTL.ZG,1973,11.6086235489221
JPN,FP.CPI.TOTL.ZG,1972,4.84351713859905
JPN,FP.CPI.TOTL.ZG,1971,6.39534883720926
JPN,FP.CPI.TOTL.ZG,1970,6.92417383485781
JPN,FP.CPI.TOTL.ZG,1969,5.24982091102027
JPN,FP.CPI.TOTL.ZG,1968,5.33943295739344
JPN,FP.CPI.TOTL.ZG,1967,3.98984808881518
JPN,FP.CPI.TOTL.ZG,1966,5.04083205887676
JPN,FP.CPI.TOTL.ZG,1965,6.65599094260621
JPN,FP.CPI.TOTL.ZG,1964,3.80038945305753
JPN,FP.CPI.TOTL.ZG,1963,6.7069055639799
JPN,FP.CPI.TOTL.ZG,1962,6.8354403481973
JPN,FP.CPI.TOTL.ZG,1961,5.36846178480055
JPN,FP.CPI.TOTL.ZG,1960,3.5745115253591
JOR,FP.CPI.TOTL.ZG,2025,
JOR,FP.CPI.TOTL.ZG,2024,1.55659611283953
JOR,FP.CPI.TOTL.ZG,2023,2.08486986327134
JOR,FP.CPI.TOTL.ZG,2022,4.22915568897117
JOR,FP.CPI.TOTL.ZG,2021,1.34609377243118
JOR,FP.CPI.TOTL.ZG,2020,0.333294350628378
JOR,FP.CPI.TOTL.ZG,2019,0.761514047265601
JOR,FP.CPI.TOTL.ZG,2018,4.46231108475481
JOR,FP.CPI.TOTL.ZG,2017,3.32389447576097
JOR,FP.CPI.TOTL.ZG,2016,-0.778430463054142
JOR,FP.CPI.TOTL.ZG,2015,-0.876851359704049
JOR,FP.CPI.TOTL.ZG,2014,2.89947905006057
JOR,FP.CPI.TOTL.ZG,2013,4.82462314269537
JOR,FP.CPI.TOTL.ZG,2012,4.5152295667099
JOR,FP.CPI.TOTL.ZG,2011,4.1624416292779
JOR,FP.CPI.TOTL.ZG,2010,4.84551875852116
JOR,FP.CPI.TOTL.ZG,2009,-0.739069743144777
JOR,FP.CPI.TOTL.ZG,2008,13.9712310012729
JOR,FP.CPI.TOTL.ZG,2007,4.74390639021648
JOR,FP.CPI.TOTL.ZG,2006,6.25172466656443
JOR,FP.CPI.TOTL.ZG,2005,3.49368534619531
JOR,FP.CPI.TOTL.ZG,2004,3.36186821476601
JOR,FP.CPI.TOTL.ZG,2003,1.62999999999998
JOR,FP.CPI.TOTL.ZG,2002,1.83299389002049
JOR,FP.CPI.TOTL.ZG,2001,1.77220437351017
JOR,FP.CPI.TOTL.ZG,2000,0.66688092559796
JOR,FP.CPI.TOTL.ZG,1999,0.606256567779427
JOR,FP.CPI.TOTL.ZG,1998,3.09166666666703
JOR,FP.CPI.TOTL.ZG,1997,3.0378842030025
JOR,FP.CPI.TOTL.ZG,1996,6.50121802679586
JOR,FP.CPI.TOTL.ZG,1995,2.35312451301273
JOR,FP.CPI.TOTL.ZG,1994,3.51669624132886
JOR,FP.CPI.TOTL.ZG,1993,3.31666666666706
JOR,FP.CPI.TOTL.ZG,1992,3.9958356055719
JOR,FP.CPI.TOTL.ZG,1991,8.15549597855212
JOR,FP.CPI.TOTL.ZG,1990,16.1921375615233
JOR,FP.CPI.TOTL.ZG,1989,25.7127192982454
JOR,FP.CPI.TOTL.ZG,1988,6.61322645290578
JOR,FP.CPI.TOTL.ZG,1987,-0.199999999999908
JOR,FP.CPI.TOTL.ZG,1986,
JOR,FP.CPI.TOTL.ZG,1985,2.98507462714756
JOR,FP.CPI.TOTL.ZG,1984,3.84747273837611
JOR,FP.CPI.TOTL.ZG,1983,5.02016709831461
JOR,FP.CPI.TOTL.ZG,1982,7.42804085422491
JOR,FP.CPI.TOTL.ZG,1981,7.69999999999975
JOR,FP.CPI.TOTL.ZG,1980,11.1111111111113
JOR,FP.CPI.TOTL.ZG,1979,14.2464917630784
JOR,FP.CPI.TOTL.ZG,1978,6.92152129952408
JOR,FP.CPI.TOTL.ZG,1977,14.5665171893876
JOR,FP.CPI.TOTL.ZG,1976,11.4999999999997
JOR,FP.CPI.TOTL.ZG,1975,11.9798234553088
JOR,FP.CPI.TOTL.ZG,1974,19.4277108435204
JOR,FP.CPI.TOTL.ZG,1973,11.1297071121337
JOR,FP.CPI.TOTL.ZG,1972,7.6576576576576
JOR,FP.CPI.TOTL.ZG,1971,4.81586402365268
JOR,FP.CPI.TOTL.ZG,1970,5.89999999899992
JOR,FP.CPI.TOTL.ZG,1969,
JOR,FP.CPI.TOTL.ZG,1968,
JOR,FP.CPI.TOTL.ZG,1967,
JOR,FP.CPI.TOTL.ZG,1966,
JOR,FP.CPI.TOTL.ZG,1965,
JOR,FP.CPI.TOTL.ZG,1964,
JOR,FP.CPI.TOTL.ZG,1963,
JOR,FP.CPI.TOTL.ZG,1962,
JOR,FP.CPI.TOTL.ZG,1961,
JOR,FP.CPI.TOTL.ZG,1960,
KAZ,FP.CPI.TOTL.ZG,2025,
KAZ,FP.CPI.TOTL.ZG,2024,8.83943897452672
KAZ,FP.CPI.TOTL.ZG,2023,14.7249900200331
KAZ,FP.CPI.TOTL.ZG,2022,15.0278644440851
KAZ,FP.CPI.TOTL.ZG,2021,8.04147134028391
KAZ,FP.CPI.TOTL.ZG,2020,6.71815454861464
KAZ,FP.CPI.TOTL.ZG,2019,5.33356098916675
KAZ,FP.CPI.TOTL.ZG,2018,6.16366247577757
KAZ,FP.CPI.TOTL.ZG,2017,7.44266321306792
KAZ,FP.CPI.TOTL.ZG,2016,14.3610942386248
KAZ,FP.CPI.TOTL.ZG,2015,6.67828585615244
KAZ,FP.CPI.TOTL.ZG,2014,6.84944977003349
KAZ,FP.CPI.TOTL.ZG,2013,5.94283871648418
KAZ,FP.CPI.TOTL.ZG,2012,5.19568369035063
KAZ,FP.CPI.TOTL.ZG,2011,8.452904661768
KAZ,FP.CPI.TOTL.ZG,2010,7.40046356341397
KAZ,FP.CPI.TOTL.ZG,2009,7.31607858288579
KAZ,FP.CPI.TOTL.ZG,2008,17.139899777207
KAZ,FP.CPI.TOTL.ZG,2007,10.8468362075556
KAZ,FP.CPI.TOTL.ZG,2006,8.72169386091742
KAZ,FP.CPI.TOTL.ZG,2005,7.57999929125767
KAZ,FP.CPI.TOTL.ZG,2004,6.88205438981896
KAZ,FP.CPI.TOTL.ZG,2003,6.43821810118941
KAZ,FP.CPI.TOTL.ZG,2002,5.83692452105646
KAZ,FP.CPI.TOTL.ZG,2001,8.35413777161341
KAZ,FP.CPI.TOTL.ZG,2000,13.1808905865731
KAZ,FP.CPI.TOTL.ZG,1999,8.29602765342571
KAZ,FP.CPI.TOTL.ZG,1998,7.14632665452332
KAZ,FP.CPI.TOTL.ZG,1997,17.4080410607357
KAZ,FP.CPI.TOTL.ZG,1996,39.1825423654111
KAZ,FP.CPI.TOTL.ZG,1995,176.15529894237
KAZ,FP.CPI.TOTL.ZG,1994,1877.37239517572
KAZ,FP.CPI.TOTL.ZG,1993,
KAZ,FP.CPI.TOTL.ZG,1992,
KAZ,FP.CPI.TOTL.ZG,1991,
KAZ,FP.CPI.TOTL.ZG,1990,
KAZ,FP.CPI.TOTL.ZG,1989,
KAZ,FP.CPI.TOTL.ZG,1988,
KAZ,FP.CPI.TOTL.ZG,1987,
KAZ,FP.CPI.TOTL.ZG,1986,
KAZ,FP.CPI.TOTL.ZG,1985,
KAZ,FP.CPI.TOTL.ZG,1984,
KAZ,FP.CPI.TOTL.ZG,1983,
KAZ,FP.CPI.TOTL.ZG,1982,
KAZ,FP.CPI.TOTL.ZG,1981,
KAZ,FP.CPI.TOTL.ZG,1980,
KAZ,FP.CPI.TOTL.ZG,1979,
KAZ,FP.CPI.TOTL.ZG,1978,
KAZ,FP.CPI.TOTL.ZG,1977,
KAZ,FP.CPI.TOTL.ZG,1976,
KAZ,FP.CPI.TOTL.ZG,1975,
KAZ,FP.CPI.TOTL.ZG,1974,
KAZ,FP.CPI.TOTL.ZG,1973,
KAZ,FP.CPI.TOTL.ZG,1972,
KAZ,FP.CPI.TOTL.ZG,1971,
KAZ,FP.CPI.TOTL.ZG,1970,
KAZ,FP.CPI.TOTL.ZG,1969,
KAZ,FP.CPI.TOTL.ZG,1968,
KAZ,FP.CPI.TOTL.ZG,1967,
KAZ,FP.CPI.TOTL.ZG,1966,
KAZ,FP.CPI.TOTL.ZG,1965,
KAZ,FP.CPI.TOTL.ZG,1964,
KAZ,FP.CPI.TOTL.ZG,1963,
KAZ,FP.CPI.TOTL.ZG,1962,
KAZ,FP.CPI.TOTL.ZG,1961,
KAZ,FP.CPI.TOTL.ZG,1960,
KEN,FP.CPI.TOTL.ZG,2025,
KEN,FP.CPI.TOTL.ZG,2024,4.48978854243448
KEN,FP.CPI.TOTL.ZG,2023,7.67139634029402
KEN,FP.CPI.TOTL.ZG,2022,7.65986268272224
KEN,FP.CPI.TOTL.ZG,2021,6.10793603659176
KEN,FP.CPI.TOTL.ZG,2020,5.40516207933392
KEN,FP.CPI.TOTL.ZG,2019,5.23963795764792
KEN,FP.CPI.TOTL.ZG,2018,4.6898064677633
KEN,FP.CPI.TOTL.ZG,2017,8.00564967709945
KEN,FP.CPI.TOTL.ZG,2016,6.29724953814625
KEN,FP.CPI.TOTL.ZG,2015,6.58215429284779
KEN,FP.CPI.TOTL.ZG,2014,6.87815499275949
KEN,FP.CPI.TOTL.ZG,2013,5.71749357037733
KEN,FP.CPI.TOTL.ZG,2012,9.37777003547598
KEN,FP.CPI.TOTL.ZG,2011,14.0224913014704
KEN,FP.CPI.TOTL.ZG,2010,3.96138889115385
KEN,FP.CPI.TOTL.ZG,2009,9.23412592394652
KEN,FP.CPI.TOTL.ZG,2008,26.2398166445063
KEN,FP.CPI.TOTL.ZG,2007,9.75888023027529
KEN,FP.CPI.TOTL.ZG,2006,14.4537342081708
KEN,FP.CPI.TOTL.ZG,2005,10.3127783574683
KEN,FP.CPI.TOTL.ZG,2004,11.6240355442426
KEN,FP.CPI.TOTL.ZG,2003,9.81569062979654
KEN,FP.CPI.TOTL.ZG,2002,1.96130821739162
KEN,FP.CPI.TOTL.ZG,2001,5.73859814341467
KEN,FP.CPI.TOTL.ZG,2000,9.98002515350979
KEN,FP.CPI.TOTL.ZG,1999,5.74200109520484
KEN,FP.CPI.TOTL.ZG,1998,6.72243650753928
KEN,FP.CPI.TOTL.ZG,1997,11.3618450505783
KEN,FP.CPI.TOTL.ZG,1996,8.86408741577522
KEN,FP.CPI.TOTL.ZG,1995,1.55432816055009
KEN,FP.CPI.TOTL.ZG,1994,28.8143894306731
KEN,FP.CPI.TOTL.ZG,1993,45.9788813036218
KEN,FP.CPI.TOTL.ZG,1992,27.3323644475784
KEN,FP.CPI.TOTL.ZG,1991,20.0844955754632
KEN,FP.CPI.TOTL.ZG,1990,17.78181442992
KEN,FP.CPI.TOTL.ZG,1989,13.7893172763883
KEN,FP.CPI.TOTL.ZG,1988,12.2649630481582
KEN,FP.CPI.TOTL.ZG,1987,8.63767318980084
KEN,FP.CPI.TOTL.ZG,1986,2.53427598892888
KEN,FP.CPI.TOTL.ZG,1985,13.0065664218827
KEN,FP.CPI.TOTL.ZG,1984,10.284098213138
KEN,FP.CPI.TOTL.ZG,1983,11.3977827368523
KEN,FP.CPI.TOTL.ZG,1982,20.6667146662827
KEN,FP.CPI.TOTL.ZG,1981,11.6030534351142
KEN,FP.CPI.TOTL.ZG,1980,13.8581814562484
KEN,FP.CPI.TOTL.ZG,1979,7.97935261848786
KEN,FP.CPI.TOTL.ZG,1978,16.9317824582842
KEN,FP.CPI.TOTL.ZG,1977,14.8209644818935
KEN,FP.CPI.TOTL.ZG,1976,11.4490304932756
KEN,FP.CPI.TOTL.ZG,1975,19.1201840136051
KEN,FP.CPI.TOTL.ZG,1974,17.8099480331818
KEN,FP.CPI.TOTL.ZG,1973,9.28119422332106
KEN,FP.CPI.TOTL.ZG,1972,5.83164474311005
KEN,FP.CPI.TOTL.ZG,1971,3.78020612544907
KEN,FP.CPI.TOTL.ZG,1970,2.18852703907439
KEN,FP.CPI.TOTL.ZG,1969,-0.17150100656233
KEN,FP.CPI.TOTL.ZG,1968,0.366711570051019
KEN,FP.CPI.TOTL.ZG,1967,1.75919579598299
KEN,FP.CPI.TOTL.ZG,1966,5.01439539323414
KEN,FP.CPI.TOTL.ZG,1965,3.57852882806742
KEN,FP.CPI.TOTL.ZG,1964,-0.0993048669314341
KEN,FP.CPI.TOTL.ZG,1963,0.697674418604589
KEN,FP.CPI.TOTL.ZG,1962,3.11750599520378
KEN,FP.CPI.TOTL.ZG,1961,2.45700245700254
KEN,FP.CPI.TOTL.ZG,1960,1.24378109452731
KIR,FP.CPI.TOTL.ZG,2025,
KIR,FP.CPI.TOTL.ZG,2024,2.45545072159028
KIR,FP.CPI.TOTL.ZG,2023,9.28307374517721
KIR,FP.CPI.TOTL.ZG,2022,5.34595440908904
KIR,FP.CPI.TOTL.ZG,2021,2.05361676773907
KIR,FP.CPI.TOTL.ZG,2020,2.5532455441463
KIR,FP.CPI.TOTL.ZG,2019,-1.81307995302947
KIR,FP.CPI.TOTL.ZG,2018,0.564030491493476
KIR,FP.CPI.TOTL.ZG,2017,0.355520888546828
KIR,FP.CPI.TOTL.ZG,2016,1.91731090233378
KIR,FP.CPI.TOTL.ZG,2015,0.572015743634256
KIR,FP.CPI.TOTL.ZG,2014,2.10398520925043
KIR,FP.CPI.TOTL.ZG,2013,-1.488059084681
KIR,FP.CPI.TOTL.ZG,2012,-3.04586292775571
KIR,FP.CPI.TOTL.ZG,2011,1.4974097987597
KIR,FP.CPI.TOTL.ZG,2010,-3.89955040651649
KIR,FP.CPI.TOTL.ZG,2009,9.81643884508657
KIR,FP.CPI.TOTL.ZG,2008,13.6653995252441
KIR,FP.CPI.TOTL.ZG,2007,3.59252131266417
KIR,FP.CPI.TOTL.ZG,2006,
KIR,FP.CPI.TOTL.ZG,2005,
KIR,FP.CPI.TOTL.ZG,2004,
KIR,FP.CPI.TOTL.ZG,2003,
KIR,FP.CPI.TOTL.ZG,2002,
KIR,FP.CPI.TOTL.ZG,2001,
KIR,FP.CPI.TOTL.ZG,2000,
KIR,FP.CPI.TOTL.ZG,1999,
KIR,FP.CPI.TOTL.ZG,1998,
KIR,FP.CPI.TOTL.ZG,1997,
KIR,FP.CPI.TOTL.ZG,1996,
KIR,FP.CPI.TOTL.ZG,1995,
KIR,FP.CPI.TOTL.ZG,1994,
KIR,FP.CPI.TOTL.ZG,1993,
KIR,FP.CPI.TOTL.ZG,1992,
KIR,FP.CPI.TOTL.ZG,1991,
KIR,FP.CPI.TOTL.ZG,1990,
KIR,FP.CPI.TOTL.ZG,1989,
KIR,FP.CPI.TOTL.ZG,1988,
KIR,FP.CPI.TOTL.ZG,1987,
KIR,FP.CPI.TOTL.ZG,1986,
KIR,FP.CPI.TOTL.ZG,1985,
KIR,FP.CPI.TOTL.ZG,1984,
KIR,FP.CPI.TOTL.ZG,1983,
KIR,FP.CPI.TOTL.ZG,1982,
KIR,FP.CPI.TOTL.ZG,1981,
KIR,FP.CPI.TOTL.ZG,1980,
KIR,FP.CPI.TOTL.ZG,1979,
KIR,FP.CPI.TOTL.ZG,1978,
KIR,FP.CPI.TOTL.ZG,1977,
KIR,FP.CPI.TOTL.ZG,1976,
KIR,FP.CPI.TOTL.ZG,1975,
KIR,FP.CPI.TOTL.ZG,1974,
KIR,FP.CPI.TOTL.ZG,1973,
KIR,FP.CPI.TOTL.ZG,1972,
KIR,FP.CPI.TOTL.ZG,1971,
KIR,FP.CPI.TOTL.ZG,1970,
KIR,FP.CPI.TOTL.ZG,1969,
KIR,FP.CPI.TOTL.ZG,1968,
KIR,FP.CPI.TOTL.ZG,1967,
KIR,FP.CPI.TOTL.ZG,1966,
KIR,FP.CPI.TOTL.ZG,1965,
KIR,FP.CPI.TOTL.ZG,1964,
KIR,FP.CPI.TOTL.ZG,1963,
KIR,FP.CPI.TOTL.ZG,1962,
KIR,FP.CPI.TOTL.ZG,1961,
KIR,FP.CPI.TOTL.ZG,1960,
PRK,FP.CPI.TOTL.ZG,2025,
PRK,FP.CPI.TOTL.ZG,2024,
PRK,FP.CPI.TOTL.ZG,2023,
PRK,FP.CPI.TOTL.ZG,2022,
PRK,FP.CPI.TOTL.ZG,2021,
PRK,FP.CPI.TOTL.ZG,2020,
PRK,FP.CPI.TOTL.ZG,2019,
PRK,FP.CPI.TOTL.ZG,2018,
PRK,FP.CPI.TOTL.ZG,2017,
PRK,FP.CPI.TOTL.ZG,2016,
PRK,FP.CPI.TOTL.ZG,2015,
PRK,FP.CPI.TOTL.ZG,2014,
PRK,FP.CPI.TOTL.ZG,2013,
PRK,FP.CPI.TOTL.ZG,2012,
PRK,FP.CPI.TOTL.ZG,2011,
PRK,FP.CPI.TOTL.ZG,2010,
PRK,FP.CPI.TOTL.ZG,2009,
PRK,FP.CPI.TOTL.ZG,2008,
PRK,FP.CPI.TOTL.ZG,2007,
PRK,FP.CPI.TOTL.ZG,2006,
PRK,FP.CPI.TOTL.ZG,2005,
PRK,FP.CPI.TOTL.ZG,2004,
PRK,FP.CPI.TOTL.ZG,2003,
PRK,FP.CPI.TOTL.ZG,2002,
PRK,FP.CPI.TOTL.ZG,2001,
PRK,FP.CPI.TOTL.ZG,2000,
PRK,FP.CPI.TOTL.ZG,1999,
PRK,FP.CPI.TOTL.ZG,1998,
PRK,FP.CPI.TOTL.ZG,1997,
PRK,FP.CPI.TOTL.ZG,1996,
PRK,FP.CPI.TOTL.ZG,1995,
PRK,FP.CPI.TOTL.ZG,1994,
PRK,FP.CPI.TOTL.ZG,1993,
PRK,FP.CPI.TOTL.ZG,1992,
PRK,FP.CPI.TOTL.ZG,1991,
PRK,FP.CPI.TOTL.ZG,1990,
PRK,FP.CPI.TOTL.ZG,1989,
PRK,FP.CPI.TOTL.ZG,1988,
PRK,FP.CPI.TOTL.ZG,1987,
PRK,FP.CPI.TOTL.ZG,1986,
PRK,FP.CPI.TOTL.ZG,1985,
PRK,FP.CPI.TOTL.ZG,1984,
PRK,FP.CPI.TOTL.ZG,1983,
PRK,FP.CPI.TOTL.ZG,1982,
PRK,FP.CPI.TOTL.ZG,1981,
PRK,FP.CPI.TOTL.ZG,1980,
PRK,FP.CPI.TOTL.ZG,1979,
PRK,FP.CPI.TOTL.ZG,1978,
PRK,FP.CPI.TOTL.ZG,1977,
PRK,FP.CPI.TOTL.ZG,1976,
PRK,FP.CPI.TOTL.ZG,1975,
PRK,FP.CPI.TOTL.ZG,1974,
PRK,FP.CPI.TOTL.ZG,1973,
PRK,FP.CPI.TOTL.ZG,1972,
PRK,FP.CPI.TOTL.ZG,1971,
PRK,FP.CPI.TOTL.ZG,1970,
PRK,FP.CPI.TOTL.ZG,1969,
PRK,FP.CPI.TOTL.ZG,1968,
PRK,FP.CPI.TOTL.ZG,1967,
PRK,FP.CPI.TOTL.ZG,1966,
PRK,FP.CPI.TOTL.ZG,1965,
PRK,FP.CPI.TOTL.ZG,1964,
PRK,FP.CPI.TOTL.ZG,1963,
PRK,FP.CPI.TOTL.ZG,1962,
PRK,FP.CPI.TOTL.ZG,1961,
PRK,FP.CPI.TOTL.ZG,1960,
KOR,FP.CPI.TOTL.ZG,2025,
KOR,FP.CPI.TOTL.ZG,2024,2.32174328643542
KOR,FP.CPI.TOTL.ZG,2023,3.5974562502901
KOR,FP.CPI.TOTL.ZG,2022,5.08951365062842
KOR,FP.CPI.TOTL.ZG,2021,2.49833333333339
KOR,FP.CPI.TOTL.ZG,2020,0.537288023411737
KOR,FP.CPI.TOTL.ZG,2019,0.383000303608136
KOR,FP.CPI.TOTL.ZG,2018,1.47583935002645
KOR,FP.CPI.TOTL.ZG,2017,1.94433230786366
KOR,FP.CPI.TOTL.ZG,2016,0.971685739912168
KOR,FP.CPI.TOTL.ZG,2015,0.70633177245575
KOR,FP.CPI.TOTL.ZG,2014,1.27477446401322
KOR,FP.CPI.TOTL.ZG,2013,1.30134754547413
KOR,FP.CPI.TOTL.ZG,2012,2.18707104433314
KOR,FP.CPI.TOTL.ZG,2011,4.0259650043609
KOR,FP.CPI.TOTL.ZG,2010,2.93928652655686
KOR,FP.CPI.TOTL.ZG,2009,2.7564965449393
KOR,FP.CPI.TOTL.ZG,2008,4.67389655533408
KOR,FP.CPI.TOTL.ZG,2007,2.53457382137932
KOR,FP.CPI.TOTL.ZG,2006,2.24234028518921
KOR,FP.CPI.TOTL.ZG,2005,2.75379162735039
KOR,FP.CPI.TOTL.ZG,2004,3.59066298882578
KOR,FP.CPI.TOTL.ZG,2003,3.51487451459939
KOR,FP.CPI.TOTL.ZG,2002,2.76226210296599
KOR,FP.CPI.TOTL.ZG,2001,4.06657587897792
KOR,FP.CPI.TOTL.ZG,2000,2.25916580080157
KOR,FP.CPI.TOTL.ZG,1999,0.81295725444637
KOR,FP.CPI.TOTL.ZG,1998,7.51358008079307
KOR,FP.CPI.TOTL.ZG,1997,4.4389318457463
KOR,FP.CPI.TOTL.ZG,1996,4.92454354292754
KOR,FP.CPI.TOTL.ZG,1995,4.48074108557248
KOR,FP.CPI.TOTL.ZG,1994,6.26585950039679
KOR,FP.CPI.TOTL.ZG,1993,4.80099660215354
KOR,FP.CPI.TOTL.ZG,1992,6.21328146355184
KOR,FP.CPI.TOTL.ZG,1991,9.33279048161495
KOR,FP.CPI.TOTL.ZG,1990,8.57327225728677
KOR,FP.CPI.TOTL.ZG,1989,5.70016544561401
KOR,FP.CPI.TOTL.ZG,1988,7.14609773721605
KOR,FP.CPI.TOTL.ZG,1987,3.04966077087423
KOR,FP.CPI.TOTL.ZG,1986,2.74998096063358
KOR,FP.CPI.TOTL.ZG,1985,2.45910879215274
KOR,FP.CPI.TOTL.ZG,1984,2.27395640001863
KOR,FP.CPI.TOTL.ZG,1983,3.42061419498921
KOR,FP.CPI.TOTL.ZG,1982,7.1908466400687
KOR,FP.CPI.TOTL.ZG,1981,21.351640254
KOR,FP.CPI.TOTL.ZG,1980,28.6976086362017
KOR,FP.CPI.TOTL.ZG,1979,18.3234963421791
KOR,FP.CPI.TOTL.ZG,1978,14.4602850195024
KOR,FP.CPI.TOTL.ZG,1977,10.0966653313387
KOR,FP.CPI.TOTL.ZG,1976,15.3273205213194
KOR,FP.CPI.TOTL.ZG,1975,25.2492564056733
KOR,FP.CPI.TOTL.ZG,1974,24.3041995402397
KOR,FP.CPI.TOTL.ZG,1973,3.22102904692326
KOR,FP.CPI.TOTL.ZG,1972,11.6889866806845
KOR,FP.CPI.TOTL.ZG,1971,13.5117023313079
KOR,FP.CPI.TOTL.ZG,1970,15.9503423646945
KOR,FP.CPI.TOTL.ZG,1969,12.3895647111187
KOR,FP.CPI.TOTL.ZG,1968,10.7718213969351
KOR,FP.CPI.TOTL.ZG,1967,10.8824400571964
KOR,FP.CPI.TOTL.ZG,1966,11.261384877581
KOR,FP.CPI.TOTL.ZG,1965,13.5481947104654
KOR,FP.CPI.TOTL.ZG,1964,29.4628314500798
KOR,FP.CPI.TOTL.ZG,1963,20.6916473186476
KOR,FP.CPI.TOTL.ZG,1962,6.61831097492391
KOR,FP.CPI.TOTL.ZG,1961,8.19565288254092
KOR,FP.CPI.TOTL.ZG,1960,7.96556575482592
XKX,FP.CPI.TOTL.ZG,2025,
XKX,FP.CPI.TOTL.ZG,2024,1.61944994559476
XKX,FP.CPI.TOTL.ZG,2023,4.94432438791283
XKX,FP.CPI.TOTL.ZG,2022,11.5805104542012
XKX,FP.CPI.TOTL.ZG,2021,3.35369139207997
XKX,FP.CPI.TOTL.ZG,2020,0.198227922994854
XKX,FP.CPI.TOTL.ZG,2019,2.67599202639893
XKX,FP.CPI.TOTL.ZG,2018,1.05379773654991
XKX,FP.CPI.TOTL.ZG,2017,1.48823430592319
XKX,FP.CPI.TOTL.ZG,2016,0.273169431045468
XKX,FP.CPI.TOTL.ZG,2015,-0.536929392740659
XKX,FP.CPI.TOTL.ZG,2014,0.428957808324092
XKX,FP.CPI.TOTL.ZG,2013,1.76732428354892
XKX,FP.CPI.TOTL.ZG,2012,2.47673782156533
XKX,FP.CPI.TOTL.ZG,2011,7.3364177131527
XKX,FP.CPI.TOTL.ZG,2010,3.48050763735842
XKX,FP.CPI.TOTL.ZG,2009,-2.41026401661229
XKX,FP.CPI.TOTL.ZG,2008,9.35041764658178
XKX,FP.CPI.TOTL.ZG,2007,4.35849695328369
XKX,FP.CPI.TOTL.ZG,2006,0.621646938601728
XKX,FP.CPI.TOTL.ZG,2005,-1.38518913159299
XKX,FP.CPI.TOTL.ZG,2004,-1.06472696605525
XKX,FP.CPI.TOTL.ZG,2003,-1.08481262327414
XKX,FP.CPI.TOTL.ZG,2002,
XKX,FP.CPI.TOTL.ZG,2001,
XKX,FP.CPI.TOTL.ZG,2000,
XKX,FP.CPI.TOTL.ZG,1999,
XKX,FP.CPI.TOTL.ZG,1998,
XKX,FP.CPI.TOTL.ZG,1997,
XKX,FP.CPI.TOTL.ZG,1996,
XKX,FP.CPI.TOTL.ZG,1995,
XKX,FP.CPI.TOTL.ZG,1994,
XKX,FP.CPI.TOTL.ZG,1993,
XKX,FP.CPI.TOTL.ZG,1992,
XKX,FP.CPI.TOTL.ZG,1991,
XKX,FP.CPI.TOTL.ZG,1990,
XKX,FP.CPI.TOTL.ZG,1989,
XKX,FP.CPI.TOTL.ZG,1988,
XKX,FP.CPI.TOTL.ZG,1987,
XKX,FP.CPI.TOTL.ZG,1986,
XKX,FP.CPI.TOTL.ZG,1985,
XKX,FP.CPI.TOTL.ZG,1984,
XKX,FP.CPI.TOTL.ZG,1983,
XKX,FP.CPI.TOTL.ZG,1982,
XKX,FP.CPI.TOTL.ZG,1981,
XKX,FP.CPI.TOTL.ZG,1980,
XKX,FP.CPI.TOTL.ZG,1979,
XKX,FP.CPI.TOTL.ZG,1978,
XKX,FP.CPI.TOTL.ZG,1977,
XKX,FP.CPI.TOTL.ZG,1976,
XKX,FP.CPI.TOTL.ZG,1975,
XKX,FP.CPI.TOTL.ZG,1974,
XKX,FP.CPI.TOTL.ZG,1973,
XKX,FP.CPI.TOTL.ZG,1972,
XKX,FP.CPI.TOTL.ZG,1971,
XKX,FP.CPI.TOTL.ZG,1970,
XKX,FP.CPI.TOTL.ZG,1969,
XKX,FP.CPI.TOTL.ZG,1968,
XKX,FP.CPI.TOTL.ZG,1967,
XKX,FP.CPI.TOTL.ZG,1966,
XKX,FP.CPI.TOTL.ZG,1965,
XKX,FP.CPI.TOTL.ZG,1964,
XKX,FP.CPI.TOTL.ZG,1963,
XKX,FP.CPI.TOTL.ZG,1962,
XKX,FP.CPI.TOTL.ZG,1961,
XKX,FP.CPI.TOTL.ZG,1960,
KWT,FP.CPI.TOTL.ZG,2025,
KWT,FP.CPI.TOTL.ZG,2024,2.89855072463762
KWT,FP.CPI.TOTL.ZG,2023,3.64216403030709
KWT,FP.CPI.TOTL.ZG,2022,3.98064961990313
KWT,FP.CPI.TOTL.ZG,2021,3.42362947609188
KWT,FP.CPI.TOTL.ZG,2020,2.101729548274
KWT,FP.CPI.TOTL.ZG,2019,1.09184802655856
KWT,FP.CPI.TOTL.ZG,2018,0.543133148199567
KWT,FP.CPI.TOTL.ZG,2017,2.17183298510006
KWT,FP.CPI.TOTL.ZG,2016,3.19839776658374
KWT,FP.CPI.TOTL.ZG,2015,3.27170166092133
KWT,FP.CPI.TOTL.ZG,2014,2.90892672858625
KWT,FP.CPI.TOTL.ZG,2013,2.68229684085039
KWT,FP.CPI.TOTL.ZG,2012,3.25514600287211
KWT,FP.CPI.TOTL.ZG,2011,4.8394034987095
KWT,FP.CPI.TOTL.ZG,2010,4.49640287769787
KWT,FP.CPI.TOTL.ZG,2009,4.60959548447787
KWT,FP.CPI.TOTL.ZG,2008,10.5827097865144
KWT,FP.CPI.TOTL.ZG,2007,5.48494983277596
KWT,FP.CPI.TOTL.ZG,2006,3.05701339166722
KWT,FP.CPI.TOTL.ZG,2005,4.14297583631023
KWT,FP.CPI.TOTL.ZG,2004,1.24856443679889
KWT,FP.CPI.TOTL.ZG,2003,0.961350293542112
KWT,FP.CPI.TOTL.ZG,2002,0.888450148074907
KWT,FP.CPI.TOTL.ZG,2001,1.29999999999999
KWT,FP.CPI.TOTL.ZG,2000,1.81294613887089
KWT,FP.CPI.TOTL.ZG,1999,2.99081035923166
KWT,FP.CPI.TOTL.ZG,1998,0.129658287674027
KWT,FP.CPI.TOTL.ZG,1997,0.682191434707604
KWT,FP.CPI.TOTL.ZG,1996,3.55398569684287
KWT,FP.CPI.TOTL.ZG,1995,2.68672756582484
KWT,FP.CPI.TOTL.ZG,1994,2.53443526170792
KWT,FP.CPI.TOTL.ZG,1993,0.382541365165916
KWT,FP.CPI.TOTL.ZG,1992,-0.54547121378821
KWT,FP.CPI.TOTL.ZG,1991,9.05818836232758
KWT,FP.CPI.TOTL.ZG,1990,9.83363531543402
KWT,FP.CPI.TOTL.ZG,1989,3.34203359055792
KWT,FP.CPI.TOTL.ZG,1988,1.46813288041913
KWT,FP.CPI.TOTL.ZG,1987,0.654844691701656
KWT,FP.CPI.TOTL.ZG,1986,0.953606740192038
KWT,FP.CPI.TOTL.ZG,1985,1.49032181427877
KWT,FP.CPI.TOTL.ZG,1984,1.17746005046669
KWT,FP.CPI.TOTL.ZG,1983,4.71816809275156
KWT,FP.CPI.TOTL.ZG,1982,7.77679842690853
KWT,FP.CPI.TOTL.ZG,1981,7.37478159583807
KWT,FP.CPI.TOTL.ZG,1980,6.92822668563188
KWT,FP.CPI.TOTL.ZG,1979,7.04999999925009
KWT,FP.CPI.TOTL.ZG,1978,8.6897451227484
KWT,FP.CPI.TOTL.ZG,1977,9.88951925933102
KWT,FP.CPI.TOTL.ZG,1976,5.23504273532376
KWT,FP.CPI.TOTL.ZG,1975,8.39237057218445
KWT,FP.CPI.TOTL.ZG,1974,12.9926108375187
KWT,FP.CPI.TOTL.ZG,1973,8.26666666600006
KWT,FP.CPI.TOTL.ZG,1972,
KWT,FP.CPI.TOTL.ZG,1971,
KWT,FP.CPI.TOTL.ZG,1970,
KWT,FP.CPI.TOTL.ZG,1969,
KWT,FP.CPI.TOTL.ZG,1968,
KWT,FP.CPI.TOTL.ZG,1967,
KWT,FP.CPI.TOTL.ZG,1966,
KWT,FP.CPI.TOTL.ZG,1965,
KWT,FP.CPI.TOTL.ZG,1964,
KWT,FP.CPI.TOTL.ZG,1963,
KWT,FP.CPI.TOTL.ZG,1962,
KWT,FP.CPI.TOTL.ZG,1961,
KWT,FP.CPI.TOTL.ZG,1960,
KGZ,FP.CPI.TOTL.ZG,2025,
KGZ,FP.CPI.TOTL.ZG,2024,
KGZ,FP.CPI.TOTL.ZG,2023,10.7532770416742
KGZ,FP.CPI.TOTL.ZG,2022,13.9229093174176
KGZ,FP.CPI.TOTL.ZG,2021,11.9050398185147
KGZ,FP.CPI.TOTL.ZG,2020,6.32542296338078
KGZ,FP.CPI.TOTL.ZG,2019,1.13362257718804
KGZ,FP.CPI.TOTL.ZG,2018,1.54266145238436
KGZ,FP.CPI.TOTL.ZG,2017,3.1753098637994
KGZ,FP.CPI.TOTL.ZG,2016,0.388838296895799
KGZ,FP.CPI.TOTL.ZG,2015,6.50331838993384
KGZ,FP.CPI.TOTL.ZG,2014,7.5342472977589
KGZ,FP.CPI.TOTL.ZG,2013,6.61375202358082
KGZ,FP.CPI.TOTL.ZG,2012,2.76844236540957
KGZ,FP.CPI.TOTL.ZG,2011,16.6363262731495
KGZ,FP.CPI.TOTL.ZG,2010,7.96772225579684
KGZ,FP.CPI.TOTL.ZG,2009,6.83656248105368
KGZ,FP.CPI.TOTL.ZG,2008,24.5201024234102
KGZ,FP.CPI.TOTL.ZG,2007,10.2301032660484
KGZ,FP.CPI.TOTL.ZG,2006,5.55212333162542
KGZ,FP.CPI.TOTL.ZG,2005,4.3386739184431
KGZ,FP.CPI.TOTL.ZG,2004,4.11065084723381
KGZ,FP.CPI.TOTL.ZG,2003,2.97461295184355
KGZ,FP.CPI.TOTL.ZG,2002,2.13420986310243
KGZ,FP.CPI.TOTL.ZG,2001,6.9196798942304
KGZ,FP.CPI.TOTL.ZG,2000,18.7007342838023
KGZ,FP.CPI.TOTL.ZG,1999,37.0309258369344
KGZ,FP.CPI.TOTL.ZG,1998,10.4573825846721
KGZ,FP.CPI.TOTL.ZG,1997,23.4354278497005
KGZ,FP.CPI.TOTL.ZG,1996,31.9473377218567
KGZ,FP.CPI.TOTL.ZG,1995,
KGZ,FP.CPI.TOTL.ZG,1994,
KGZ,FP.CPI.TOTL.ZG,1993,
KGZ,FP.CPI.TOTL.ZG,1992,
KGZ,FP.CPI.TOTL.ZG,1991,
KGZ,FP.CPI.TOTL.ZG,1990,
KGZ,FP.CPI.TOTL.ZG,1989,
KGZ,FP.CPI.TOTL.ZG,1988,
KGZ,FP.CPI.TOTL.ZG,1987,
KGZ,FP.CPI.TOTL.ZG,1986,
KGZ,FP.CPI.TOTL.ZG,1985,
KGZ,FP.CPI.TOTL.ZG,1984,
KGZ,FP.CPI.TOTL.ZG,1983,
KGZ,FP.CPI.TOTL.ZG,1982,
KGZ,FP.CPI.TOTL.ZG,1981,
KGZ,FP.CPI.TOTL.ZG,1980,
KGZ,FP.CPI.TOTL.ZG,1979,
KGZ,FP.CPI.TOTL.ZG,1978,
KGZ,FP.CPI.TOTL.ZG,1977,
KGZ,FP.CPI.TOTL.ZG,1976,
KGZ,FP.CPI.TOTL.ZG,1975,
KGZ,FP.CPI.TOTL.ZG,1974,
KGZ,FP.CPI.TOTL.ZG,1973,
KGZ,FP.CPI.TOTL.ZG,1972,
KGZ,FP.CPI.TOTL.ZG,1971,
KGZ,FP.CPI.TOTL.ZG,1970,
KGZ,FP.CPI.TOTL.ZG,1969,
KGZ,FP.CPI.TOTL.ZG,1968,
KGZ,FP.CPI.TOTL.ZG,1967,
KGZ,FP.CPI.TOTL.ZG,1966,
KGZ,FP.CPI.TOTL.ZG,1965,
KGZ,FP.CPI.TOTL.ZG,1964,
KGZ,FP.CPI.TOTL.ZG,1963,
KGZ,FP.CPI.TOTL.ZG,1962,
KGZ,FP.CPI.TOTL.ZG,1961,
KGZ,FP.CPI.TOTL.ZG,1960,
LAO,FP.CPI.TOTL.ZG,2025,
LAO,FP.CPI.TOTL.ZG,2024,23.1305695942588
LAO,FP.CPI.TOTL.ZG,2023,31.2301341732646
LAO,FP.CPI.TOTL.ZG,2022,22.9562225132056
LAO,FP.CPI.TOTL.ZG,2021,3.75562036658877
LAO,FP.CPI.TOTL.ZG,2020,5.10407262959919
LAO,FP.CPI.TOTL.ZG,2019,3.32255881256925
LAO,FP.CPI.TOTL.ZG,2018,2.04039266890201
LAO,FP.CPI.TOTL.ZG,2017,0.825478607568026
LAO,FP.CPI.TOTL.ZG,2016,1.59691227583204
LAO,FP.CPI.TOTL.ZG,2015,1.27735427102992
LAO,FP.CPI.TOTL.ZG,2014,4.12924306873771
LAO,FP.CPI.TOTL.ZG,2013,6.37142717782947
LAO,FP.CPI.TOTL.ZG,2012,4.2551267783209
LAO,FP.CPI.TOTL.ZG,2011,7.5689885610998
LAO,FP.CPI.TOTL.ZG,2010,5.98254521550082
LAO,FP.CPI.TOTL.ZG,2009,0.141187674980385
LAO,FP.CPI.TOTL.ZG,2008,7.62880887577516
LAO,FP.CPI.TOTL.ZG,2007,4.66197269469701
LAO,FP.CPI.TOTL.ZG,2006,6.54559439052787
LAO,FP.CPI.TOTL.ZG,2005,7.16541759946639
LAO,FP.CPI.TOTL.ZG,2004,10.4622667314208
LAO,FP.CPI.TOTL.ZG,2003,15.4893529233525
LAO,FP.CPI.TOTL.ZG,2002,10.6313446323333
LAO,FP.CPI.TOTL.ZG,2001,7.81180794783471
LAO,FP.CPI.TOTL.ZG,2000,25.0846414281315
LAO,FP.CPI.TOTL.ZG,1999,125.27212839928
LAO,FP.CPI.TOTL.ZG,1998,90.9807345622878
LAO,FP.CPI.TOTL.ZG,1997,27.5088624491449
LAO,FP.CPI.TOTL.ZG,1996,13.0244156963462
LAO,FP.CPI.TOTL.ZG,1995,19.5939189878584
LAO,FP.CPI.TOTL.ZG,1994,6.7844807862023
LAO,FP.CPI.TOTL.ZG,1993,6.26722241519029
LAO,FP.CPI.TOTL.ZG,1992,9.86452966991032
LAO,FP.CPI.TOTL.ZG,1991,13.4415584415586
LAO,FP.CPI.TOTL.ZG,1990,35.642982971227
LAO,FP.CPI.TOTL.ZG,1989,61.3325965106187
LAO,FP.CPI.TOTL.ZG,1988,
LAO,FP.CPI.TOTL.ZG,1987,
LAO,FP.CPI.TOTL.ZG,1986,
LAO,FP.CPI.TOTL.ZG,1985,
LAO,FP.CPI.TOTL.ZG,1984,
LAO,FP.CPI.TOTL.ZG,1983,
LAO,FP.CPI.TOTL.ZG,1982,
LAO,FP.CPI.TOTL.ZG,1981,
LAO,FP.CPI.TOTL.ZG,1980,
LAO,FP.CPI.TOTL.ZG,1979,
LAO,FP.CPI.TOTL.ZG,1978,
LAO,FP.CPI.TOTL.ZG,1977,
LAO,FP.CPI.TOTL.ZG,1976,
LAO,FP.CPI.TOTL.ZG,1975,
LAO,FP.CPI.TOTL.ZG,1974,
LAO,FP.CPI.TOTL.ZG,1973,
LAO,FP.CPI.TOTL.ZG,1972,
LAO,FP.CPI.TOTL.ZG,1971,
LAO,FP.CPI.TOTL.ZG,1970,
LAO,FP.CPI.TOTL.ZG,1969,
LAO,FP.CPI.TOTL.ZG,1968,
LAO,FP.CPI.TOTL.ZG,1967,
LAO,FP.CPI.TOTL.ZG,1966,
LAO,FP.CPI.TOTL.ZG,1965,
LAO,FP.CPI.TOTL.ZG,1964,
LAO,FP.CPI.TOTL.ZG,1963,
LAO,FP.CPI.TOTL.ZG,1962,
LAO,FP.CPI.TOTL.ZG,1961,
LAO,FP.CPI.TOTL.ZG,1960,
LVA,FP.CPI.TOTL.ZG,2025,
LVA,FP.CPI.TOTL.ZG,2024,1.26579885828729
LVA,FP.CPI.TOTL.ZG,2023,8.93804623316637
LVA,FP.CPI.TOTL.ZG,2022,17.3102830198815
LVA,FP.CPI.TOTL.ZG,2021,3.27582937431156
LVA,FP.CPI.TOTL.ZG,2020,0.219064904842156
LVA,FP.CPI.TOTL.ZG,2019,2.81140920075615
LVA,FP.CPI.TOTL.ZG,2018,2.53445424186598
LVA,FP.CPI.TOTL.ZG,2017,2.93036312374665
LVA,FP.CPI.TOTL.ZG,2016,0.140633334505327
LVA,FP.CPI.TOTL.ZG,2015,0.174242243625186
LVA,FP.CPI.TOTL.ZG,2014,0.620490636732421
LVA,FP.CPI.TOTL.ZG,2013,-0.0294547782579216
LVA,FP.CPI.TOTL.ZG,2012,2.25778924374595
LVA,FP.CPI.TOTL.ZG,2011,4.3707355993922
LVA,FP.CPI.TOTL.ZG,2010,-1.08463595015162
LVA,FP.CPI.TOTL.ZG,2009,3.53410672858944
LVA,FP.CPI.TOTL.ZG,2008,15.4023191064986
LVA,FP.CPI.TOTL.ZG,2007,10.0929775849168
LVA,FP.CPI.TOTL.ZG,2006,6.53619908765877
LVA,FP.CPI.TOTL.ZG,2005,6.74845027893112
LVA,FP.CPI.TOTL.ZG,2004,6.1923854719744
LVA,FP.CPI.TOTL.ZG,2003,2.94264752948473
LVA,FP.CPI.TOTL.ZG,2002,1.93887573855896
LVA,FP.CPI.TOTL.ZG,2001,2.48704003555457
LVA,FP.CPI.TOTL.ZG,2000,2.65425477796048
LVA,FP.CPI.TOTL.ZG,1999,2.36481836111807
LVA,FP.CPI.TOTL.ZG,1998,4.64421422660787
LVA,FP.CPI.TOTL.ZG,1997,8.44738342092952
LVA,FP.CPI.TOTL.ZG,1996,17.6104698431032
LVA,FP.CPI.TOTL.ZG,1995,24.9759355316751
LVA,FP.CPI.TOTL.ZG,1994,35.9247053929642
LVA,FP.CPI.TOTL.ZG,1993,108.989540624323
LVA,FP.CPI.TOTL.ZG,1992,951.696194870801
LVA,FP.CPI.TOTL.ZG,1991,
LVA,FP.CPI.TOTL.ZG,1990,
LVA,FP.CPI.TOTL.ZG,1989,
LVA,FP.CPI.TOTL.ZG,1988,
LVA,FP.CPI.TOTL.ZG,1987,
LVA,FP.CPI.TOTL.ZG,1986,
LVA,FP.CPI.TOTL.ZG,1985,
LVA,FP.CPI.TOTL.ZG,1984,
LVA,FP.CPI.TOTL.ZG,1983,
LVA,FP.CPI.TOTL.ZG,1982,
LVA,FP.CPI.TOTL.ZG,1981,
LVA,FP.CPI.TOTL.ZG,1980,
LVA,FP.CPI.TOTL.ZG,1979,
LVA,FP.CPI.TOTL.ZG,1978,
LVA,FP.CPI.TOTL.ZG,1977,
LVA,FP.CPI.TOTL.ZG,1976,
LVA,FP.CPI.TOTL.ZG,1975,
LVA,FP.CPI.TOTL.ZG,1974,
LVA,FP.CPI.TOTL.ZG,1973,
LVA,FP.CPI.TOTL.ZG,1972,
LVA,FP.CPI.TOTL.ZG,1971,
LVA,FP.CPI.TOTL.ZG,1970,
LVA,FP.CPI.TOTL.ZG,1969,
LVA,FP.CPI.TOTL.ZG,1968,
LVA,FP.CPI.TOTL.ZG,1967,
LVA,FP.CPI.TOTL.ZG,1966,
LVA,FP.CPI.TOTL.ZG,1965,
LVA,FP.CPI.TOTL.ZG,1964,
LVA,FP.CPI.TOTL.ZG,1963,
LVA,FP.CPI.TOTL.ZG,1962,
LVA,FP.CPI.TOTL.ZG,1961,
LVA,FP.CPI.TOTL.ZG,1960,
LBN,FP.CPI.TOTL.ZG,2025,
LBN,FP.CPI.TOTL.ZG,2024,45.2430422716718
LBN,FP.CPI.TOTL.ZG,2023,221.341644023365
LBN,FP.CPI.TOTL.ZG,2022,171.205491336641
LBN,FP.CPI.TOTL.ZG,2021,154.756096023393
LBN,FP.CPI.TOTL.ZG,2020,84.8643330472041
LBN,FP.CPI.TOTL.ZG,2019,3.00538949390383
LBN,FP.CPI.TOTL.ZG,2018,6.07698907889607
LBN,FP.CPI.TOTL.ZG,2017,4.32135218303191
LBN,FP.CPI.TOTL.ZG,2016,-0.783359624361508
LBN,FP.CPI.TOTL.ZG,2015,-3.74914524799629
LBN,FP.CPI.TOTL.ZG,2014,1.8546042134091
LBN,FP.CPI.TOTL.ZG,2013,4.82101956297399
LBN,FP.CPI.TOTL.ZG,2012,6.58147447683677
LBN,FP.CPI.TOTL.ZG,2011,4.97148571692384
LBN,FP.CPI.TOTL.ZG,2010,3.98347941855833
LBN,FP.CPI.TOTL.ZG,2009,1.19509671165543
LBN,FP.CPI.TOTL.ZG,2008,
LBN,FP.CPI.TOTL.ZG,2007,
LBN,FP.CPI.TOTL.ZG,2006,
LBN,FP.CPI.TOTL.ZG,2005,
LBN,FP.CPI.TOTL.ZG,2004,
LBN,FP.CPI.TOTL.ZG,2003,
LBN,FP.CPI.TOTL.ZG,2002,
LBN,FP.CPI.TOTL.ZG,2001,
LBN,FP.CPI.TOTL.ZG,2000,
LBN,FP.CPI.TOTL.ZG,1999,
LBN,FP.CPI.TOTL.ZG,1998,
LBN,FP.CPI.TOTL.ZG,1997,
LBN,FP.CPI.TOTL.ZG,1996,
LBN,FP.CPI.TOTL.ZG,1995,
LBN,FP.CPI.TOTL.ZG,1994,
LBN,FP.CPI.TOTL.ZG,1993,
LBN,FP.CPI.TOTL.ZG,1992,
LBN,FP.CPI.TOTL.ZG,1991,
LBN,FP.CPI.TOTL.ZG,1990,
LBN,FP.CPI.TOTL.ZG,1989,
LBN,FP.CPI.TOTL.ZG,1988,
LBN,FP.CPI.TOTL.ZG,1987,
LBN,FP.CPI.TOTL.ZG,1986,
LBN,FP.CPI.TOTL.ZG,1985,
LBN,FP.CPI.TOTL.ZG,1984,
LBN,FP.CPI.TOTL.ZG,1983,
LBN,FP.CPI.TOTL.ZG,1982,
LBN,FP.CPI.TOTL.ZG,1981,
LBN,FP.CPI.TOTL.ZG,1980,
LBN,FP.CPI.TOTL.ZG,1979,
LBN,FP.CPI.TOTL.ZG,1978,
LBN,FP.CPI.TOTL.ZG,1977,
LBN,FP.CPI.TOTL.ZG,1976,
LBN,FP.CPI.TOTL.ZG,1975,
LBN,FP.CPI.TOTL.ZG,1974,
LBN,FP.CPI.TOTL.ZG,1973,
LBN,FP.CPI.TOTL.ZG,1972,
LBN,FP.CPI.TOTL.ZG,1971,
LBN,FP.CPI.TOTL.ZG,1970,
LBN,FP.CPI.TOTL.ZG,1969,
LBN,FP.CPI.TOTL.ZG,1968,
LBN,FP.CPI.TOTL.ZG,1967,
LBN,FP.CPI.TOTL.ZG,1966,
LBN,FP.CPI.TOTL.ZG,1965,
LBN,FP.CPI.TOTL.ZG,1964,
LBN,FP.CPI.TOTL.ZG,1963,
LBN,FP.CPI.TOTL.ZG,1962,
LBN,FP.CPI.TOTL.ZG,1961,
LBN,FP.CPI.TOTL.ZG,1960,
LSO,FP.CPI.TOTL.ZG,2025,
LSO,FP.CPI.TOTL.ZG,2024,6.10544624245032
LSO,FP.CPI.TOTL.ZG,2023,6.34221743124953
LSO,FP.CPI.TOTL.ZG,2022,8.27180389943028
LSO,FP.CPI.TOTL.ZG,2021,6.04774591950676
LSO,FP.CPI.TOTL.ZG,2020,4.97809676252309
LSO,FP.CPI.TOTL.ZG,2019,5.18708359197982
LSO,FP.CPI.TOTL.ZG,2018,4.7518030162474
LSO,FP.CPI.TOTL.ZG,2017,4.447699373763
LSO,FP.CPI.TOTL.ZG,2016,6.59650490696543
LSO,FP.CPI.TOTL.ZG,2015,3.21844513655931
LSO,FP.CPI.TOTL.ZG,2014,5.37028961008587
LSO,FP.CPI.TOTL.ZG,2013,4.86511899496385
LSO,FP.CPI.TOTL.ZG,2012,6.05143662139967
LSO,FP.CPI.TOTL.ZG,2011,5.0366305210156
LSO,FP.CPI.TOTL.ZG,2010,-2.40524254598706
LSO,FP.CPI.TOTL.ZG,2009,-16.8596910540644
LSO,FP.CPI.TOTL.ZG,2008,10.7156661309681
LSO,FP.CPI.TOTL.ZG,2007,8.01243669043409
LSO,FP.CPI.TOTL.ZG,2006,6.07271879734293
LSO,FP.CPI.TOTL.ZG,2005,3.43788423057443
LSO,FP.CPI.TOTL.ZG,2004,5.02342068616285
LSO,FP.CPI.TOTL.ZG,2003,6.62916357146762
LSO,FP.CPI.TOTL.ZG,2002,33.812578338126
LSO,FP.CPI.TOTL.ZG,2001,-9.61615353858472
LSO,FP.CPI.TOTL.ZG,2000,6.13197538722696
LSO,FP.CPI.TOTL.ZG,1999,
LSO,FP.CPI.TOTL.ZG,1998,
LSO,FP.CPI.TOTL.ZG,1997,
LSO,FP.CPI.TOTL.ZG,1996,9.33031458531928
LSO,FP.CPI.TOTL.ZG,1995,9.27083333333323
LSO,FP.CPI.TOTL.ZG,1994,8.21473862195302
LSO,FP.CPI.TOTL.ZG,1993,13.1356607683724
LSO,FP.CPI.TOTL.ZG,1992,17.2085201793721
LSO,FP.CPI.TOTL.ZG,1991,17.6781002638523
LSO,FP.CPI.TOTL.ZG,1990,11.6347569955818
LSO,FP.CPI.TOTL.ZG,1989,14.7282455646297
LSO,FP.CPI.TOTL.ZG,1988,11.4563716258632
LSO,FP.CPI.TOTL.ZG,1987,11.750263065591
LSO,FP.CPI.TOTL.ZG,1986,18.0049668874172
LSO,FP.CPI.TOTL.ZG,1985,13.3208255159471
LSO,FP.CPI.TOTL.ZG,1984,10.9838625715774
LSO,FP.CPI.TOTL.ZG,1983,17.4923547400614
LSO,FP.CPI.TOTL.ZG,1982,12.1399176954734
LSO,FP.CPI.TOTL.ZG,1981,12.413261372398
LSO,FP.CPI.TOTL.ZG,1980,16.2748416182533
LSO,FP.CPI.TOTL.ZG,1979,16.0035523977478
LSO,FP.CPI.TOTL.ZG,1978,13.4835790118489
LSO,FP.CPI.TOTL.ZG,1977,16.6883116885552
LSO,FP.CPI.TOTL.ZG,1976,11.4125519984136
LSO,FP.CPI.TOTL.ZG,1975,14.2119396819426
LSO,FP.CPI.TOTL.ZG,1974,13.4228345165924
LSO,FP.CPI.TOTL.ZG,1973,
LSO,FP.CPI.TOTL.ZG,1972,
LSO,FP.CPI.TOTL.ZG,1971,
LSO,FP.CPI.TOTL.ZG,1970,
LSO,FP.CPI.TOTL.ZG,1969,
LSO,FP.CPI.TOTL.ZG,1968,
LSO,FP.CPI.TOTL.ZG,1967,
LSO,FP.CPI.TOTL.ZG,1966,
LSO,FP.CPI.TOTL.ZG,1965,
LSO,FP.CPI.TOTL.ZG,1964,
LSO,FP.CPI.TOTL.ZG,1963,
LSO,FP.CPI.TOTL.ZG,1962,
LSO,FP.CPI.TOTL.ZG,1961,
LSO,FP.CPI.TOTL.ZG,1960,
LBR,FP.CPI.TOTL.ZG,2025,
LBR,FP.CPI.TOTL.ZG,2024,8.21497439118964
LBR,FP.CPI.TOTL.ZG,2023,10.0944535665552
LBR,FP.CPI.TOTL.ZG,2022,7.59298486560313
LBR,FP.CPI.TOTL.ZG,2021,7.81559385858648
LBR,FP.CPI.TOTL.ZG,2020,16.9557241496255
LBR,FP.CPI.TOTL.ZG,2019,26.9662760197878
LBR,FP.CPI.TOTL.ZG,2018,23.5635148953742
LBR,FP.CPI.TOTL.ZG,2017,12.4196323907138
LBR,FP.CPI.TOTL.ZG,2016,8.83424868336488
LBR,FP.CPI.TOTL.ZG,2015,7.74869687621322
LBR,FP.CPI.TOTL.ZG,2014,9.86111285574904
LBR,FP.CPI.TOTL.ZG,2013,7.577306817414
LBR,FP.CPI.TOTL.ZG,2012,6.83178703418548
LBR,FP.CPI.TOTL.ZG,2011,8.488167518494
LBR,FP.CPI.TOTL.ZG,2010,7.28992796890218
LBR,FP.CPI.TOTL.ZG,2009,7.42764305914919
LBR,FP.CPI.TOTL.ZG,2008,17.489448642993
LBR,FP.CPI.TOTL.ZG,2007,11.3918966807102
LBR,FP.CPI.TOTL.ZG,2006,7.34144608278558
LBR,FP.CPI.TOTL.ZG,2005,10.8343588481414
LBR,FP.CPI.TOTL.ZG,2004,7.82908704883235
LBR,FP.CPI.TOTL.ZG,2003,10.3302881236823
LBR,FP.CPI.TOTL.ZG,2002,14.1596470116325
LBR,FP.CPI.TOTL.ZG,2001,
LBR,FP.CPI.TOTL.ZG,2000,
LBR,FP.CPI.TOTL.ZG,1999,
LBR,FP.CPI.TOTL.ZG,1998,
LBR,FP.CPI.TOTL.ZG,1997,
LBR,FP.CPI.TOTL.ZG,1996,
LBR,FP.CPI.TOTL.ZG,1995,
LBR,FP.CPI.TOTL.ZG,1994,
LBR,FP.CPI.TOTL.ZG,1993,
LBR,FP.CPI.TOTL.ZG,1992,
LBR,FP.CPI.TOTL.ZG,1991,
LBR,FP.CPI.TOTL.ZG,1990,
LBR,FP.CPI.TOTL.ZG,1989,
LBR,FP.CPI.TOTL.ZG,1988,
LBR,FP.CPI.TOTL.ZG,1987,
LBR,FP.CPI.TOTL.ZG,1986,
LBR,FP.CPI.TOTL.ZG,1985,
LBR,FP.CPI.TOTL.ZG,1984,
LBR,FP.CPI.TOTL.ZG,1983,
LBR,FP.CPI.TOTL.ZG,1982,
LBR,FP.CPI.TOTL.ZG,1981,
LBR,FP.CPI.TOTL.ZG,1980,
LBR,FP.CPI.TOTL.ZG,1979,
LBR,FP.CPI.TOTL.ZG,1978,
LBR,FP.CPI.TOTL.ZG,1977,
LBR,FP.CPI.TOTL.ZG,1976,
LBR,FP.CPI.TOTL.ZG,1975,
LBR,FP.CPI.TOTL.ZG,1974,
LBR,FP.CPI.TOTL.ZG,1973,
LBR,FP.CPI.TOTL.ZG,1972,
LBR,FP.CPI.TOTL.ZG,1971,
LBR,FP.CPI.TOTL.ZG,1970,
LBR,FP.CPI.TOTL.ZG,1969,
LBR,FP.CPI.TOTL.ZG,1968,
LBR,FP.CPI.TOTL.ZG,1967,
LBR,FP.CPI.TOTL.ZG,1966,
LBR,FP.CPI.TOTL.ZG,1965,
LBR,FP.CPI.TOTL.ZG,1964,
LBR,FP.CPI.TOTL.ZG,1963,
LBR,FP.CPI.TOTL.ZG,1962,
LBR,FP.CPI.TOTL.ZG,1961,
LBR,FP.CPI.TOTL.ZG,1960,
LBY,FP.CPI.TOTL.ZG,2025,
LBY,FP.CPI.TOTL.ZG,2024,2.12615766885025
LBY,FP.CPI.TOTL.ZG,2023,2.37317531435169
LBY,FP.CPI.TOTL.ZG,2022,4.51030149235703
LBY,FP.CPI.TOTL.ZG,2021,2.86833027751019
LBY,FP.CPI.TOTL.ZG,2020,1.44703656998741
LBY,FP.CPI.TOTL.ZG,2019,-2.16217883470595
LBY,FP.CPI.TOTL.ZG,2018,13.1702038536721
LBY,FP.CPI.TOTL.ZG,2017,25.8036184788338
LBY,FP.CPI.TOTL.ZG,2016,25.8538742124461
LBY,FP.CPI.TOTL.ZG,2015,10.4022933588151
LBY,FP.CPI.TOTL.ZG,2014,2.43294141599225
LBY,FP.CPI.TOTL.ZG,2013,2.60581802719517
LBY,FP.CPI.TOTL.ZG,2012,6.05980392156864
LBY,FP.CPI.TOTL.ZG,2011,15.5184815317561
LBY,FP.CPI.TOTL.ZG,2010,2.79989500109268
LBY,FP.CPI.TOTL.ZG,2009,2.45990025609948
LBY,FP.CPI.TOTL.ZG,2008,10.3607288954998
LBY,FP.CPI.TOTL.ZG,2007,6.25098782993553
LBY,FP.CPI.TOTL.ZG,2006,1.45926876202724
LBY,FP.CPI.TOTL.ZG,2005,2.65020576131657
LBY,FP.CPI.TOTL.ZG,2004,-2.197567740559
LBY,FP.CPI.TOTL.ZG,2003,-2.19115191986644
LBY,FP.CPI.TOTL.ZG,2002,-9.79764705882357
LBY,FP.CPI.TOTL.ZG,2001,-8.81393752145546
LBY,FP.CPI.TOTL.ZG,2000,-2.90000000000024
LBY,FP.CPI.TOTL.ZG,1999,2.64862252295818
LBY,FP.CPI.TOTL.ZG,1998,3.70927318295739
LBY,FP.CPI.TOTL.ZG,1997,3.55029585798821
LBY,FP.CPI.TOTL.ZG,1996,4.02807775377963
LBY,FP.CPI.TOTL.ZG,1995,7.23798494499129
LBY,FP.CPI.TOTL.ZG,1994,5.11259890444314
LBY,FP.CPI.TOTL.ZG,1993,11.0735532720389
LBY,FP.CPI.TOTL.ZG,1992,9.35975158953135
LBY,FP.CPI.TOTL.ZG,1991,11.8960953011251
LBY,FP.CPI.TOTL.ZG,1990,8.45146240803882
LBY,FP.CPI.TOTL.ZG,1989,1.51183970856093
LBY,FP.CPI.TOTL.ZG,1988,6.08695652173909
LBY,FP.CPI.TOTL.ZG,1987,4.35571687840289
LBY,FP.CPI.TOTL.ZG,1986,3.29098104561558
LBY,FP.CPI.TOTL.ZG,1985,9.13844055467156
LBY,FP.CPI.TOTL.ZG,1984,12.4776272053182
LBY,FP.CPI.TOTL.ZG,1983,10.6052036199096
LBY,FP.CPI.TOTL.ZG,1982,10.2588088556284
LBY,FP.CPI.TOTL.ZG,1981,11.1997226074894
LBY,FP.CPI.TOTL.ZG,1980,9.73428879471392
LBY,FP.CPI.TOTL.ZG,1979,-6.03902875017094
LBY,FP.CPI.TOTL.ZG,1978,29.3797941641698
LBY,FP.CPI.TOTL.ZG,1977,6.28021302750907
LBY,FP.CPI.TOTL.ZG,1976,5.47921527968846
LBY,FP.CPI.TOTL.ZG,1975,9.11920030145642
LBY,FP.CPI.TOTL.ZG,1974,7.45845156082894
LBY,FP.CPI.TOTL.ZG,1973,7.970895563186
LBY,FP.CPI.TOTL.ZG,1972,-0.251023192089008
LBY,FP.CPI.TOTL.ZG,1971,-3.10384940810851
LBY,FP.CPI.TOTL.ZG,1970,-5.29637142204704
LBY,FP.CPI.TOTL.ZG,1969,9.78597055547384
LBY,FP.CPI.TOTL.ZG,1968,0.391231447309205
LBY,FP.CPI.TOTL.ZG,1967,7.29610874230891
LBY,FP.CPI.TOTL.ZG,1966,12.2429137683409
LBY,FP.CPI.TOTL.ZG,1965,11.4249999996678
LBY,FP.CPI.TOTL.ZG,1964,
LBY,FP.CPI.TOTL.ZG,1963,
LBY,FP.CPI.TOTL.ZG,1962,
LBY,FP.CPI.TOTL.ZG,1961,
LBY,FP.CPI.TOTL.ZG,1960,
LIE,FP.CPI.TOTL.ZG,2025,
LIE,FP.CPI.TOTL.ZG,2024,
LIE,FP.CPI.TOTL.ZG,2023,
LIE,FP.CPI.TOTL.ZG,2022,
LIE,FP.CPI.TOTL.ZG,2021,
LIE,FP.CPI.TOTL.ZG,2020,
LIE,FP.CPI.TOTL.ZG,2019,
LIE,FP.CPI.TOTL.ZG,2018,
LIE,FP.CPI.TOTL.ZG,2017,
LIE,FP.CPI.TOTL.ZG,2016,
LIE,FP.CPI.TOTL.ZG,2015,
LIE,FP.CPI.TOTL.ZG,2014,
LIE,FP.CPI.TOTL.ZG,2013,
LIE,FP.CPI.TOTL.ZG,2012,
LIE,FP.CPI.TOTL.ZG,2011,
LIE,FP.CPI.TOTL.ZG,2010,
LIE,FP.CPI.TOTL.ZG,2009,
LIE,FP.CPI.TOTL.ZG,2008,
LIE,FP.CPI.TOTL.ZG,2007,
LIE,FP.CPI.TOTL.ZG,2006,
LIE,FP.CPI.TOTL.ZG,2005,
LIE,FP.CPI.TOTL.ZG,2004,
LIE,FP.CPI.TOTL.ZG,2003,
LIE,FP.CPI.TOTL.ZG,2002,
LIE,FP.CPI.TOTL.ZG,2001,
LIE,FP.CPI.TOTL.ZG,2000,
LIE,FP.CPI.TOTL.ZG,1999,
LIE,FP.CPI.TOTL.ZG,1998,
LIE,FP.CPI.TOTL.ZG,1997,
LIE,FP.CPI.TOTL.ZG,1996,
LIE,FP.CPI.TOTL.ZG,1995,
LIE,FP.CPI.TOTL.ZG,1994,
LIE,FP.CPI.TOTL.ZG,1993,
LIE,FP.CPI.TOTL.ZG,1992,
LIE,FP.CPI.TOTL.ZG,1991,
LIE,FP.CPI.TOTL.ZG,1990,
LIE,FP.CPI.TOTL.ZG,1989,
LIE,FP.CPI.TOTL.ZG,1988,
LIE,FP.CPI.TOTL.ZG,1987,
LIE,FP.CPI.TOTL.ZG,1986,
LIE,FP.CPI.TOTL.ZG,1985,
LIE,FP.CPI.TOTL.ZG,1984,
LIE,FP.CPI.TOTL.ZG,1983,
LIE,FP.CPI.TOTL.ZG,1982,
LIE,FP.CPI.TOTL.ZG,1981,
LIE,FP.CPI.TOTL.ZG,1980,
LIE,FP.CPI.TOTL.ZG,1979,
LIE,FP.CPI.TOTL.ZG,1978,
LIE,FP.CPI.TOTL.ZG,1977,
LIE,FP.CPI.TOTL.ZG,1976,
LIE,FP.CPI.TOTL.ZG,1975,
LIE,FP.CPI.TOTL.ZG,1974,
LIE,FP.CPI.TOTL.ZG,1973,
LIE,FP.CPI.TOTL.ZG,1972,
LIE,FP.CPI.TOTL.ZG,1971,
LIE,FP.CPI.TOTL.ZG,1970,
LIE,FP.CPI.TOTL.ZG,1969,
LIE,FP.CPI.TOTL.ZG,1968,
LIE,FP.CPI.TOTL.ZG,1967,
LIE,FP.CPI.TOTL.ZG,1966,
LIE,FP.CPI.TOTL.ZG,1965,
LIE,FP.CPI.TOTL.ZG,1964,
LIE,FP.CPI.TOTL.ZG,1963,
LIE,FP.CPI.TOTL.ZG,1962,
LIE,FP.CPI.TOTL.ZG,1961,
LIE,FP.CPI.TOTL.ZG,1960,
LTU,FP.CPI.TOTL.ZG,2025,
LTU,FP.CPI.TOTL.ZG,2024,0.715735835228723
LTU,FP.CPI.TOTL.ZG,2023,9.11731962390475
LTU,FP.CPI.TOTL.ZG,2022,19.7050461518394
LTU,FP.CPI.TOTL.ZG,2021,4.68354420903453
LTU,FP.CPI.TOTL.ZG,2020,1.19989444983569
LTU,FP.CPI.TOTL.ZG,2019,2.33450937988027
LTU,FP.CPI.TOTL.ZG,2018,2.69792779208394
LTU,FP.CPI.TOTL.ZG,2017,3.72288862303707
LTU,FP.CPI.TOTL.ZG,2016,0.905525075460342
LTU,FP.CPI.TOTL.ZG,2015,-0.884097405500596
LTU,FP.CPI.TOTL.ZG,2014,0.103758009433708
LTU,FP.CPI.TOTL.ZG,2013,1.04747937065344
LTU,FP.CPI.TOTL.ZG,2012,3.08998277055417
LTU,FP.CPI.TOTL.ZG,2011,4.13027562645085
LTU,FP.CPI.TOTL.ZG,2010,1.31921362055463
LTU,FP.CPI.TOTL.ZG,2009,4.45304456518535
LTU,FP.CPI.TOTL.ZG,2008,10.9258856241655
LTU,FP.CPI.TOTL.ZG,2007,5.73717382799842
LTU,FP.CPI.TOTL.ZG,2006,3.73912004060664
LTU,FP.CPI.TOTL.ZG,2005,2.65848484065262
LTU,FP.CPI.TOTL.ZG,2004,1.16410252104671
LTU,FP.CPI.TOTL.ZG,2003,-1.13430854990247
LTU,FP.CPI.TOTL.ZG,2002,0.281506610345575
LTU,FP.CPI.TOTL.ZG,2001,1.36712030817819
LTU,FP.CPI.TOTL.ZG,2000,0.981615478857598
LTU,FP.CPI.TOTL.ZG,1999,0.727550626557424
LTU,FP.CPI.TOTL.ZG,1998,5.06755385841968
LTU,FP.CPI.TOTL.ZG,1997,8.88104848465892
LTU,FP.CPI.TOTL.ZG,1996,24.62519538645
LTU,FP.CPI.TOTL.ZG,1995,39.6476290328289
LTU,FP.CPI.TOTL.ZG,1994,72.2546816164428
LTU,FP.CPI.TOTL.ZG,1993,410.451858561316
LTU,FP.CPI.TOTL.ZG,1992,1020.62056524354
LTU,FP.CPI.TOTL.ZG,1991,
LTU,FP.CPI.TOTL.ZG,1990,
LTU,FP.CPI.TOTL.ZG,1989,
LTU,FP.CPI.TOTL.ZG,1988,
LTU,FP.CPI.TOTL.ZG,1987,
LTU,FP.CPI.TOTL.ZG,1986,
LTU,FP.CPI.TOTL.ZG,1985,
LTU,FP.CPI.TOTL.ZG,1984,
LTU,FP.CPI.TOTL.ZG,1983,
LTU,FP.CPI.TOTL.ZG,1982,
LTU,FP.CPI.TOTL.ZG,1981,
LTU,FP.CPI.TOTL.ZG,1980,
LTU,FP.CPI.TOTL.ZG,1979,
LTU,FP.CPI.TOTL.ZG,1978,
LTU,FP.CPI.TOTL.ZG,1977,
LTU,FP.CPI.TOTL.ZG,1976,
LTU,FP.CPI.TOTL.ZG,1975,
LTU,FP.CPI.TOTL.ZG,1974,
LTU,FP.CPI.TOTL.ZG,1973,
LTU,FP.CPI.TOTL.ZG,1972,
LTU,FP.CPI.TOTL.ZG,1971,
LTU,FP.CPI.TOTL.ZG,1970,
LTU,FP.CPI.TOTL.ZG,1969,
LTU,FP.CPI.TOTL.ZG,1968,
LTU,FP.CPI.TOTL.ZG,1967,
LTU,FP.CPI.TOTL.ZG,1966,
LTU,FP.CPI.TOTL.ZG,1965,
LTU,FP.CPI.TOTL.ZG,1964,
LTU,FP.CPI.TOTL.ZG,1963,
LTU,FP.CPI.TOTL.ZG,1962,
LTU,FP.CPI.TOTL.ZG,1961,
LTU,FP.CPI.TOTL.ZG,1960,
LUX,FP.CPI.TOTL.ZG,2025,
LUX,FP.CPI.TOTL.ZG,2024,2.05113269954859
LUX,FP.CPI.TOTL.ZG,2023,3.74140361983136
LUX,FP.CPI.TOTL.ZG,2022,6.33600807777919
LUX,FP.CPI.TOTL.ZG,2021,2.52692009066166
LUX,FP.CPI.TOTL.ZG,2020,0.819957302127036
LUX,FP.CPI.TOTL.ZG,2019,1.74332075653848
LUX,FP.CPI.TOTL.ZG,2018,1.5281952430738
LUX,FP.CPI.TOTL.ZG,2017,1.73079959118887
LUX,FP.CPI.TOTL.ZG,2016,0.290833333333317
LUX,FP.CPI.TOTL.ZG,2015,0.474743161437779
LUX,FP.CPI.TOTL.ZG,2014,0.628543985440717
LUX,FP.CPI.TOTL.ZG,2013,1.73403963519162
LUX,FP.CPI.TOTL.ZG,2012,2.66284165508021
LUX,FP.CPI.TOTL.ZG,2011,3.41068341068342
LUX,FP.CPI.TOTL.ZG,2010,2.2736791162154
LUX,FP.CPI.TOTL.ZG,2009,0.368041997888887
LUX,FP.CPI.TOTL.ZG,2008,3.40187963025571
LUX,FP.CPI.TOTL.ZG,2007,2.31245861786127
LUX,FP.CPI.TOTL.ZG,2006,2.66631494577069
LUX,FP.CPI.TOTL.ZG,2005,2.48769665164088
LUX,FP.CPI.TOTL.ZG,2004,2.22567916428889
LUX,FP.CPI.TOTL.ZG,2003,2.04984030563518
LUX,FP.CPI.TOTL.ZG,2002,2.07408613571643
LUX,FP.CPI.TOTL.ZG,2001,2.66382110579103
LUX,FP.CPI.TOTL.ZG,2000,3.15076707022592
LUX,FP.CPI.TOTL.ZG,1999,1.02519676474932
LUX,FP.CPI.TOTL.ZG,1998,0.958570110494674
LUX,FP.CPI.TOTL.ZG,1997,1.36751261207943
LUX,FP.CPI.TOTL.ZG,1996,1.18385968843571
LUX,FP.CPI.TOTL.ZG,1995,1.86769424969105
LUX,FP.CPI.TOTL.ZG,1994,2.1947646868907
LUX,FP.CPI.TOTL.ZG,1993,3.58809818535164
LUX,FP.CPI.TOTL.ZG,1992,3.15417375961789
LUX,FP.CPI.TOTL.ZG,1991,3.11835659874851
LUX,FP.CPI.TOTL.ZG,1990,3.25376659083639
LUX,FP.CPI.TOTL.ZG,1989,3.37095887290443
LUX,FP.CPI.TOTL.ZG,1988,1.43659056634904
LUX,FP.CPI.TOTL.ZG,1987,-0.0566629093891044
LUX,FP.CPI.TOTL.ZG,1986,0.294563408545436
LUX,FP.CPI.TOTL.ZG,1985,4.09358778530093
LUX,FP.CPI.TOTL.ZG,1984,6.43585780786993
LUX,FP.CPI.TOTL.ZG,1983,8.66927159808522
LUX,FP.CPI.TOTL.ZG,1982,9.35705099427382
LUX,FP.CPI.TOTL.ZG,1981,8.07294375934595
LUX,FP.CPI.TOTL.ZG,1980,6.29990006244593
LUX,FP.CPI.TOTL.ZG,1979,4.54652779042165
LUX,FP.CPI.TOTL.ZG,1978,3.09466077424648
LUX,FP.CPI.TOTL.ZG,1977,6.70549411450666
LUX,FP.CPI.TOTL.ZG,1976,9.79734643716296
LUX,FP.CPI.TOTL.ZG,1975,10.7176711339197
LUX,FP.CPI.TOTL.ZG,1974,9.54065541660593
LUX,FP.CPI.TOTL.ZG,1973,6.06809835910203
LUX,FP.CPI.TOTL.ZG,1972,5.22568050555548
LUX,FP.CPI.TOTL.ZG,1971,4.67221498041397
LUX,FP.CPI.TOTL.ZG,1970,4.63935344389948
LUX,FP.CPI.TOTL.ZG,1969,2.29443437047165
LUX,FP.CPI.TOTL.ZG,1968,2.62542908963153
LUX,FP.CPI.TOTL.ZG,1967,2.16615698739849
LUX,FP.CPI.TOTL.ZG,1966,3.33167977254562
LUX,FP.CPI.TOTL.ZG,1965,3.33367932929353
LUX,FP.CPI.TOTL.ZG,1964,3.09638151245736
LUX,FP.CPI.TOTL.ZG,1963,2.87632246212668
LUX,FP.CPI.TOTL.ZG,1962,0.895946647339897
LUX,FP.CPI.TOTL.ZG,1961,0.48243359063082
LUX,FP.CPI.TOTL.ZG,1960,0.449620296389857
MAC,FP.CPI.TOTL.ZG,2025,
MAC,FP.CPI.TOTL.ZG,2024,
MAC,FP.CPI.TOTL.ZG,2023,0.476384495788075
MAC,FP.CPI.TOTL.ZG,2022,1.04502802369954
MAC,FP.CPI.TOTL.ZG,2021,0.0264543647054126
MAC,FP.CPI.TOTL.ZG,2020,0.811410511491651
MAC,FP.CPI.TOTL.ZG,2019,2.75193081051982
MAC,FP.CPI.TOTL.ZG,2018,3.00446293166938
MAC,FP.CPI.TOTL.ZG,2017,1.22812404052816
MAC,FP.CPI.TOTL.ZG,2016,2.36895749705898
MAC,FP.CPI.TOTL.ZG,2015,4.56056338028164
MAC,FP.CPI.TOTL.ZG,2014,6.04823452094085
MAC,FP.CPI.TOTL.ZG,2013,5.50057779178484
MAC,FP.CPI.TOTL.ZG,2012,6.10738928336549
MAC,FP.CPI.TOTL.ZG,2011,5.80624616691043
MAC,FP.CPI.TOTL.ZG,2010,2.80947242060845
MAC,FP.CPI.TOTL.ZG,2009,1.16906695453765
MAC,FP.CPI.TOTL.ZG,2008,8.61101858636995
MAC,FP.CPI.TOTL.ZG,2007,5.57149689143953
MAC,FP.CPI.TOTL.ZG,2006,5.14997337750697
MAC,FP.CPI.TOTL.ZG,2005,4.39589284335676
MAC,FP.CPI.TOTL.ZG,2004,0.980728452039424
MAC,FP.CPI.TOTL.ZG,2003,-1.56245203671305
MAC,FP.CPI.TOTL.ZG,2002,-2.63751699816194
MAC,FP.CPI.TOTL.ZG,2001,-1.98465008641652
MAC,FP.CPI.TOTL.ZG,2000,-1.60971883961895
MAC,FP.CPI.TOTL.ZG,1999,-3.20416248186588
MAC,FP.CPI.TOTL.ZG,1998,0.172630384568575
MAC,FP.CPI.TOTL.ZG,1997,3.49093715138855
MAC,FP.CPI.TOTL.ZG,1996,4.82248676783488
MAC,FP.CPI.TOTL.ZG,1995,8.55866604308446
MAC,FP.CPI.TOTL.ZG,1994,6.2520689021027
MAC,FP.CPI.TOTL.ZG,1993,6.70588552770045
MAC,FP.CPI.TOTL.ZG,1992,7.71392168356611
MAC,FP.CPI.TOTL.ZG,1991,9.56887765934839
MAC,FP.CPI.TOTL.ZG,1990,7.96969384363224
MAC,FP.CPI.TOTL.ZG,1989,8.77094554159179
MAC,FP.CPI.TOTL.ZG,1988,
MAC,FP.CPI.TOTL.ZG,1987,
MAC,FP.CPI.TOTL.ZG,1986,
MAC,FP.CPI.TOTL.ZG,1985,
MAC,FP.CPI.TOTL.ZG,1984,
MAC,FP.CPI.TOTL.ZG,1983,
MAC,FP.CPI.TOTL.ZG,1982,
MAC,FP.CPI.TOTL.ZG,1981,
MAC,FP.CPI.TOTL.ZG,1980,
MAC,FP.CPI.TOTL.ZG,1979,
MAC,FP.CPI.TOTL.ZG,1978,
MAC,FP.CPI.TOTL.ZG,1977,
MAC,FP.CPI.TOTL.ZG,1976,
MAC,FP.CPI.TOTL.ZG,1975,
MAC,FP.CPI.TOTL.ZG,1974,
MAC,FP.CPI.TOTL.ZG,1973,
MAC,FP.CPI.TOTL.ZG,1972,
MAC,FP.CPI.TOTL.ZG,1971,
MAC,FP.CPI.TOTL.ZG,1970,
MAC,FP.CPI.TOTL.ZG,1969,
MAC,FP.CPI.TOTL.ZG,1968,
MAC,FP.CPI.TOTL.ZG,1967,
MAC,FP.CPI.TOTL.ZG,1966,
MAC,FP.CPI.TOTL.ZG,1965,
MAC,FP.CPI.TOTL.ZG,1964,
MAC,FP.CPI.TOTL.ZG,1963,
MAC,FP.CPI.TOTL.ZG,1962,
MAC,FP.CPI.TOTL.ZG,1961,
MAC,FP.CPI.TOTL.ZG,1960,
MDG,FP.CPI.TOTL.ZG,2025,
MDG,FP.CPI.TOTL.ZG,2024,
MDG,FP.CPI.TOTL.ZG,2023,9.87432675044888
MDG,FP.CPI.TOTL.ZG,2022,8.16059031991844
MDG,FP.CPI.TOTL.ZG,2021,5.81225118787715
MDG,FP.CPI.TOTL.ZG,2020,4.20179312190557
MDG,FP.CPI.TOTL.ZG,2019,5.61051441492365
MDG,FP.CPI.TOTL.ZG,2018,8.59422958870476
MDG,FP.CPI.TOTL.ZG,2017,8.60905075422949
MDG,FP.CPI.TOTL.ZG,2016,6.03575858154679
MDG,FP.CPI.TOTL.ZG,2015,7.40419174202129
MDG,FP.CPI.TOTL.ZG,2014,6.08040811088302
MDG,FP.CPI.TOTL.ZG,2013,5.8264294445198
MDG,FP.CPI.TOTL.ZG,2012,5.71384434191053
MDG,FP.CPI.TOTL.ZG,2011,9.48254048582992
MDG,FP.CPI.TOTL.ZG,2010,9.24732173644116
MDG,FP.CPI.TOTL.ZG,2009,8.95421802392949
MDG,FP.CPI.TOTL.ZG,2008,9.29650839381057
MDG,FP.CPI.TOTL.ZG,2007,10.2879663187671
MDG,FP.CPI.TOTL.ZG,2006,10.7656371554865
MDG,FP.CPI.TOTL.ZG,2005,18.3638246468932
MDG,FP.CPI.TOTL.ZG,2004,13.9558018033211
MDG,FP.CPI.TOTL.ZG,2003,-1.70400479616298
MDG,FP.CPI.TOTL.ZG,2002,16.4985255315846
MDG,FP.CPI.TOTL.ZG,2001,7.91694484529586
MDG,FP.CPI.TOTL.ZG,2000,11.859684500028
MDG,FP.CPI.TOTL.ZG,1999,9.92953399348781
MDG,FP.CPI.TOTL.ZG,1998,6.2080160866332
MDG,FP.CPI.TOTL.ZG,1997,4.48638261737399
MDG,FP.CPI.TOTL.ZG,1996,19.7563545439776
MDG,FP.CPI.TOTL.ZG,1995,49.0802100590784
MDG,FP.CPI.TOTL.ZG,1994,38.9417908989239
MDG,FP.CPI.TOTL.ZG,1993,10.008361204014
MDG,FP.CPI.TOTL.ZG,1992,14.5123786075771
MDG,FP.CPI.TOTL.ZG,1991,8.59264760490192
MDG,FP.CPI.TOTL.ZG,1990,11.7844838321357
MDG,FP.CPI.TOTL.ZG,1989,9.01299594555501
MDG,FP.CPI.TOTL.ZG,1988,26.8537971413812
MDG,FP.CPI.TOTL.ZG,1987,14.9931351322502
MDG,FP.CPI.TOTL.ZG,1986,14.4973321039129
MDG,FP.CPI.TOTL.ZG,1985,10.5564839573619
MDG,FP.CPI.TOTL.ZG,1984,9.85662095433889
MDG,FP.CPI.TOTL.ZG,1983,19.328338591095
MDG,FP.CPI.TOTL.ZG,1982,31.7897046510535
MDG,FP.CPI.TOTL.ZG,1981,30.5381774327711
MDG,FP.CPI.TOTL.ZG,1980,18.2178658946756
MDG,FP.CPI.TOTL.ZG,1979,14.0555922555516
MDG,FP.CPI.TOTL.ZG,1978,6.52844692261797
MDG,FP.CPI.TOTL.ZG,1977,3.10895289128426
MDG,FP.CPI.TOTL.ZG,1976,4.98681511862571
MDG,FP.CPI.TOTL.ZG,1975,8.19121283215929
MDG,FP.CPI.TOTL.ZG,1974,22.100944418778
MDG,FP.CPI.TOTL.ZG,1973,6.1201018646478
MDG,FP.CPI.TOTL.ZG,1972,5.6225596527748
MDG,FP.CPI.TOTL.ZG,1971,5.38588149243495
MDG,FP.CPI.TOTL.ZG,1970,2.87864534318793
MDG,FP.CPI.TOTL.ZG,1969,3.82887282683659
MDG,FP.CPI.TOTL.ZG,1968,0.956513164485543
MDG,FP.CPI.TOTL.ZG,1967,0.815190376680787
MDG,FP.CPI.TOTL.ZG,1966,3.21157397897554
MDG,FP.CPI.TOTL.ZG,1965,4.20186036589442
MDG,FP.CPI.TOTL.ZG,1964,
MDG,FP.CPI.TOTL.ZG,1963,
MDG,FP.CPI.TOTL.ZG,1962,
MDG,FP.CPI.TOTL.ZG,1961,
MDG,FP.CPI.TOTL.ZG,1960,
MWI,FP.CPI.TOTL.ZG,2025,
MWI,FP.CPI.TOTL.ZG,2024,32.1796504225025
MWI,FP.CPI.TOTL.ZG,2023,28.7897428247298
MWI,FP.CPI.TOTL.ZG,2022,20.953969729969
MWI,FP.CPI.TOTL.ZG,2021,9.33014410835212
MWI,FP.CPI.TOTL.ZG,2020,8.62551469650552
MWI,FP.CPI.TOTL.ZG,2019,9.3708360560567
MWI,FP.CPI.TOTL.ZG,2018,12.420178108921
MWI,FP.CPI.TOTL.ZG,2017,11.5433939188771
MWI,FP.CPI.TOTL.ZG,2016,21.7111132136499
MWI,FP.CPI.TOTL.ZG,2015,21.8673475542553
MWI,FP.CPI.TOTL.ZG,2014,23.7920649469687
MWI,FP.CPI.TOTL.ZG,2013,27.2833333333334
MWI,FP.CPI.TOTL.ZG,2012,21.2712650013779
MWI,FP.CPI.TOTL.ZG,2011,7.6228226284852
MWI,FP.CPI.TOTL.ZG,2010,7.41159092883827
MWI,FP.CPI.TOTL.ZG,2009,8.42204427696655
MWI,FP.CPI.TOTL.ZG,2008,8.71260186609043
MWI,FP.CPI.TOTL.ZG,2007,7.9522099086403
MWI,FP.CPI.TOTL.ZG,2006,13.9742943548388
MWI,FP.CPI.TOTL.ZG,2005,15.4103446604296
MWI,FP.CPI.TOTL.ZG,2004,11.4298060822124
MWI,FP.CPI.TOTL.ZG,2003,9.57679786919214
MWI,FP.CPI.TOTL.ZG,2002,14.7446346101603
MWI,FP.CPI.TOTL.ZG,2001,22.7
MWI,FP.CPI.TOTL.ZG,2000,29.5814884631684
MWI,FP.CPI.TOTL.ZG,1999,44.8041642861674
MWI,FP.CPI.TOTL.ZG,1998,29.7486512828264
MWI,FP.CPI.TOTL.ZG,1997,9.13735243003495
MWI,FP.CPI.TOTL.ZG,1996,37.6020450235016
MWI,FP.CPI.TOTL.ZG,1995,83.3257747543458
MWI,FP.CPI.TOTL.ZG,1994,34.6496361508324
MWI,FP.CPI.TOTL.ZG,1993,22.7727102336625
MWI,FP.CPI.TOTL.ZG,1992,23.7513530230399
MWI,FP.CPI.TOTL.ZG,1991,12.6153153828849
MWI,FP.CPI.TOTL.ZG,1990,11.8235380454151
MWI,FP.CPI.TOTL.ZG,1989,12.4463620502664
MWI,FP.CPI.TOTL.ZG,1988,33.9121649354339
MWI,FP.CPI.TOTL.ZG,1987,25.1550954282911
MWI,FP.CPI.TOTL.ZG,1986,14.0468679587644
MWI,FP.CPI.TOTL.ZG,1985,10.5189759937166
MWI,FP.CPI.TOTL.ZG,1984,20.0263032042325
MWI,FP.CPI.TOTL.ZG,1983,13.5025105170179
MWI,FP.CPI.TOTL.ZG,1982,9.82116244432078
MWI,FP.CPI.TOTL.ZG,1981,11.8146975500212
MWI,FP.CPI.TOTL.ZG,1980,
MWI,FP.CPI.TOTL.ZG,1979,
MWI,FP.CPI.TOTL.ZG,1978,
MWI,FP.CPI.TOTL.ZG,1977,
MWI,FP.CPI.TOTL.ZG,1976,
MWI,FP.CPI.TOTL.ZG,1975,
MWI,FP.CPI.TOTL.ZG,1974,
MWI,FP.CPI.TOTL.ZG,1973,
MWI,FP.CPI.TOTL.ZG,1972,
MWI,FP.CPI.TOTL.ZG,1971,
MWI,FP.CPI.TOTL.ZG,1970,
MWI,FP.CPI.TOTL.ZG,1969,
MWI,FP.CPI.TOTL.ZG,1968,
MWI,FP.CPI.TOTL.ZG,1967,
MWI,FP.CPI.TOTL.ZG,1966,
MWI,FP.CPI.TOTL.ZG,1965,
MWI,FP.CPI.TOTL.ZG,1964,
MWI,FP.CPI.TOTL.ZG,1963,
MWI,FP.CPI.TOTL.ZG,1962,
MWI,FP.CPI.TOTL.ZG,1961,
MWI,FP.CPI.TOTL.ZG,1960,
MYS,FP.CPI.TOTL.ZG,2025,
MYS,FP.CPI.TOTL.ZG,2024,1.834100204499
MYS,FP.CPI.TOTL.ZG,2023,2.48886560125754
MYS,FP.CPI.TOTL.ZG,2022,3.37869862549928
MYS,FP.CPI.TOTL.ZG,2021,2.47710241465447
MYS,FP.CPI.TOTL.ZG,2020,-1.1387021539305
MYS,FP.CPI.TOTL.ZG,2019,0.662891865764326
MYS,FP.CPI.TOTL.ZG,2018,0.884709160571235
MYS,FP.CPI.TOTL.ZG,2017,3.87120115774237
MYS,FP.CPI.TOTL.ZG,2016,2.09056659525742
MYS,FP.CPI.TOTL.ZG,2015,2.10438980238359
MYS,FP.CPI.TOTL.ZG,2014,3.14299050879095
MYS,FP.CPI.TOTL.ZG,2013,2.10501231233612
MYS,FP.CPI.TOTL.ZG,2012,1.66357102479206
MYS,FP.CPI.TOTL.ZG,2011,3.1744709215131
MYS,FP.CPI.TOTL.ZG,2010,1.62285235577035
MYS,FP.CPI.TOTL.ZG,2009,0.583308405623702
MYS,FP.CPI.TOTL.ZG,2008,5.44078221100769
MYS,FP.CPI.TOTL.ZG,2007,2.02735317779569
MYS,FP.CPI.TOTL.ZG,2006,3.60923564224389
MYS,FP.CPI.TOTL.ZG,2005,2.97507092684449
MYS,FP.CPI.TOTL.ZG,2004,1.42127115937402
MYS,FP.CPI.TOTL.ZG,2003,1.08967632577286
MYS,FP.CPI.TOTL.ZG,2002,1.80787246281536
MYS,FP.CPI.TOTL.ZG,2001,1.41678473206098
MYS,FP.CPI.TOTL.ZG,2000,1.53474023697699
MYS,FP.CPI.TOTL.ZG,1999,2.74456130240604
MYS,FP.CPI.TOTL.ZG,1998,5.27034200348766
MYS,FP.CPI.TOTL.ZG,1997,2.66251459711946
MYS,FP.CPI.TOTL.ZG,1996,3.48855945858916
MYS,FP.CPI.TOTL.ZG,1995,3.45057509584895
MYS,FP.CPI.TOTL.ZG,1994,3.72497055359284
MYS,FP.CPI.TOTL.ZG,1993,3.53658536585389
MYS,FP.CPI.TOTL.ZG,1992,4.76722829992821
MYS,FP.CPI.TOTL.ZG,1991,4.358333333333
MYS,FP.CPI.TOTL.ZG,1990,2.61780104712051
MYS,FP.CPI.TOTL.ZG,1989,2.81320089714805
MYS,FP.CPI.TOTL.ZG,1988,2.55651945320742
MYS,FP.CPI.TOTL.ZG,1987,0.290007909438412
MYS,FP.CPI.TOTL.ZG,1986,0.737002855391939
MYS,FP.CPI.TOTL.ZG,1985,0.346458791259884
MYS,FP.CPI.TOTL.ZG,1984,3.89727260149768
MYS,FP.CPI.TOTL.ZG,1983,3.70423546319373
MYS,FP.CPI.TOTL.ZG,1982,5.8189000297783
MYS,FP.CPI.TOTL.ZG,1981,9.70000000000015
MYS,FP.CPI.TOTL.ZG,1980,6.6749195345051
MYS,FP.CPI.TOTL.ZG,1979,3.65446799796414
MYS,FP.CPI.TOTL.ZG,1978,4.86006458554252
MYS,FP.CPI.TOTL.ZG,1977,4.78822401445964
MYS,FP.CPI.TOTL.ZG,1976,2.63371150730571
MYS,FP.CPI.TOTL.ZG,1975,4.48772226915906
MYS,FP.CPI.TOTL.ZG,1974,17.3289809824411
MYS,FP.CPI.TOTL.ZG,1973,10.5601757413101
MYS,FP.CPI.TOTL.ZG,1972,3.23155422354874
MYS,FP.CPI.TOTL.ZG,1971,1.61303596395808
MYS,FP.CPI.TOTL.ZG,1970,1.84393596556387
MYS,FP.CPI.TOTL.ZG,1969,-0.40901502529407
MYS,FP.CPI.TOTL.ZG,1968,-0.158346528794567
MYS,FP.CPI.TOTL.ZG,1967,4.57556214033291
MYS,FP.CPI.TOTL.ZG,1966,0.967969025261369
MYS,FP.CPI.TOTL.ZG,1965,-0.10548523224379
MYS,FP.CPI.TOTL.ZG,1964,-0.402731571003658
MYS,FP.CPI.TOTL.ZG,1963,3.10525365608344
MYS,FP.CPI.TOTL.ZG,1962,0.10844026784809
MYS,FP.CPI.TOTL.ZG,1961,-0.180407721631565
MYS,FP.CPI.TOTL.ZG,1960,0.063182597888167
MDV,FP.CPI.TOTL.ZG,2025,
MDV,FP.CPI.TOTL.ZG,2024,1.39979779674928
MDV,FP.CPI.TOTL.ZG,2023,2.92746542425035
MDV,FP.CPI.TOTL.ZG,2022,2.33314337624567
MDV,FP.CPI.TOTL.ZG,2021,0.543149688737013
MDV,FP.CPI.TOTL.ZG,2020,-1.36977425569811
MDV,FP.CPI.TOTL.ZG,2019,0.220029731065383
MDV,FP.CPI.TOTL.ZG,2018,-0.133373386117595
MDV,FP.CPI.TOTL.ZG,2017,2.81747338234509
MDV,FP.CPI.TOTL.ZG,2016,0.502509413611612
MDV,FP.CPI.TOTL.ZG,2015,0.953206658777607
MDV,FP.CPI.TOTL.ZG,2014,2.12000175718134
MDV,FP.CPI.TOTL.ZG,2013,3.8056300091943
MDV,FP.CPI.TOTL.ZG,2012,10.884695658563
MDV,FP.CPI.TOTL.ZG,2011,11.2734146055937
MDV,FP.CPI.TOTL.ZG,2010,6.14988536750173
MDV,FP.CPI.TOTL.ZG,2009,4.53017659132801
MDV,FP.CPI.TOTL.ZG,2008,12.0414583505108
MDV,FP.CPI.TOTL.ZG,2007,6.79477353930168
MDV,FP.CPI.TOTL.ZG,2006,2.73842131602099
MDV,FP.CPI.TOTL.ZG,2005,1.30027500930997
MDV,FP.CPI.TOTL.ZG,2004,-1.68541212459466
MDV,FP.CPI.TOTL.ZG,2003,-1.26065113450354
MDV,FP.CPI.TOTL.ZG,2002,4.1786723990479
MDV,FP.CPI.TOTL.ZG,2001,0.67257737006247
MDV,FP.CPI.TOTL.ZG,2000,-1.17475681175946
MDV,FP.CPI.TOTL.ZG,1999,2.95370836069129
MDV,FP.CPI.TOTL.ZG,1998,-1.40425233816792
MDV,FP.CPI.TOTL.ZG,1997,7.57283467072592
MDV,FP.CPI.TOTL.ZG,1996,6.24124591476026
MDV,FP.CPI.TOTL.ZG,1995,5.48886133171504
MDV,FP.CPI.TOTL.ZG,1994,3.38610098291493
MDV,FP.CPI.TOTL.ZG,1993,20.1273593149248
MDV,FP.CPI.TOTL.ZG,1992,16.8559977535548
MDV,FP.CPI.TOTL.ZG,1991,14.7136770282735
MDV,FP.CPI.TOTL.ZG,1990,3.64991197717477
MDV,FP.CPI.TOTL.ZG,1989,7.16585889470777
MDV,FP.CPI.TOTL.ZG,1988,6.45636026801941
MDV,FP.CPI.TOTL.ZG,1987,9.7040723294332
MDV,FP.CPI.TOTL.ZG,1986,9.72219327678563
MDV,FP.CPI.TOTL.ZG,1985,
MDV,FP.CPI.TOTL.ZG,1984,
MDV,FP.CPI.TOTL.ZG,1983,
MDV,FP.CPI.TOTL.ZG,1982,
MDV,FP.CPI.TOTL.ZG,1981,
MDV,FP.CPI.TOTL.ZG,1980,
MDV,FP.CPI.TOTL.ZG,1979,
MDV,FP.CPI.TOTL.ZG,1978,
MDV,FP.CPI.TOTL.ZG,1977,
MDV,FP.CPI.TOTL.ZG,1976,
MDV,FP.CPI.TOTL.ZG,1975,
MDV,FP.CPI.TOTL.ZG,1974,
MDV,FP.CPI.TOTL.ZG,1973,
MDV,FP.CPI.TOTL.ZG,1972,
MDV,FP.CPI.TOTL.ZG,1971,
MDV,FP.CPI.TOTL.ZG,1970,
MDV,FP.CPI.TOTL.ZG,1969,
MDV,FP.CPI.TOTL.ZG,1968,
MDV,FP.CPI.TOTL.ZG,1967,
MDV,FP.CPI.TOTL.ZG,1966,
MDV,FP.CPI.TOTL.ZG,1965,
MDV,FP.CPI.TOTL.ZG,1964,
MDV,FP.CPI.TOTL.ZG,1963,
MDV,FP.CPI.TOTL.ZG,1962,
MDV,FP.CPI.TOTL.ZG,1961,
MDV,FP.CPI.TOTL.ZG,1960,
MLI,FP.CPI.TOTL.ZG,2025,
MLI,FP.CPI.TOTL.ZG,2024,3.2063986409966
MLI,FP.CPI.TOTL.ZG,2023,2.05880228274223
MLI,FP.CPI.TOTL.ZG,2022,9.62147608489064
MLI,FP.CPI.TOTL.ZG,2021,3.92560283104277
MLI,FP.CPI.TOTL.ZG,2020,0.438088940320669
MLI,FP.CPI.TOTL.ZG,2019,-1.65826694846365
MLI,FP.CPI.TOTL.ZG,2018,0.299546507387843
MLI,FP.CPI.TOTL.ZG,2017,1.75985742927165
MLI,FP.CPI.TOTL.ZG,2016,-1.79964707083386
MLI,FP.CPI.TOTL.ZG,2015,1.45069057605961
MLI,FP.CPI.TOTL.ZG,2014,0.883814547137841
MLI,FP.CPI.TOTL.ZG,2013,-0.606736356351563
MLI,FP.CPI.TOTL.ZG,2012,5.32312847064058
MLI,FP.CPI.TOTL.ZG,2011,2.95564395229392
MLI,FP.CPI.TOTL.ZG,2010,1.10892690670186
MLI,FP.CPI.TOTL.ZG,2009,2.46375188572299
MLI,FP.CPI.TOTL.ZG,2008,9.17098813667678
MLI,FP.CPI.TOTL.ZG,2007,1.41200201714577
MLI,FP.CPI.TOTL.ZG,2006,1.54352596927582
MLI,FP.CPI.TOTL.ZG,2005,6.39788293897883
MLI,FP.CPI.TOTL.ZG,2004,-3.09978128063957
MLI,FP.CPI.TOTL.ZG,2003,-1.34672619047621
MLI,FP.CPI.TOTL.ZG,2002,5.03282275711194
MLI,FP.CPI.TOTL.ZG,2001,5.18701191944068
MLI,FP.CPI.TOTL.ZG,2000,-0.677661659046769
MLI,FP.CPI.TOTL.ZG,1999,-1.20190368637502
MLI,FP.CPI.TOTL.ZG,1998,4.03658945954986
MLI,FP.CPI.TOTL.ZG,1997,-0.362999795946695
MLI,FP.CPI.TOTL.ZG,1996,6.80545996788233
MLI,FP.CPI.TOTL.ZG,1995,13.4417696811974
MLI,FP.CPI.TOTL.ZG,1994,23.1767911524285
MLI,FP.CPI.TOTL.ZG,1993,-0.263767884261804
MLI,FP.CPI.TOTL.ZG,1992,-6.24250599520425
MLI,FP.CPI.TOTL.ZG,1991,1.80042722001858
MLI,FP.CPI.TOTL.ZG,1990,0.606339703737523
MLI,FP.CPI.TOTL.ZG,1989,-0.0766929979288841
MLI,FP.CPI.TOTL.ZG,1988,
MLI,FP.CPI.TOTL.ZG,1987,
MLI,FP.CPI.TOTL.ZG,1986,
MLI,FP.CPI.TOTL.ZG,1985,
MLI,FP.CPI.TOTL.ZG,1984,
MLI,FP.CPI.TOTL.ZG,1983,
MLI,FP.CPI.TOTL.ZG,1982,
MLI,FP.CPI.TOTL.ZG,1981,
MLI,FP.CPI.TOTL.ZG,1980,
MLI,FP.CPI.TOTL.ZG,1979,
MLI,FP.CPI.TOTL.ZG,1978,
MLI,FP.CPI.TOTL.ZG,1977,
MLI,FP.CPI.TOTL.ZG,1976,
MLI,FP.CPI.TOTL.ZG,1975,
MLI,FP.CPI.TOTL.ZG,1974,
MLI,FP.CPI.TOTL.ZG,1973,
MLI,FP.CPI.TOTL.ZG,1972,
MLI,FP.CPI.TOTL.ZG,1971,
MLI,FP.CPI.TOTL.ZG,1970,
MLI,FP.CPI.TOTL.ZG,1969,
MLI,FP.CPI.TOTL.ZG,1968,
MLI,FP.CPI.TOTL.ZG,1967,
MLI,FP.CPI.TOTL.ZG,1966,
MLI,FP.CPI.TOTL.ZG,1965,
MLI,FP.CPI.TOTL.ZG,1964,
MLI,FP.CPI.TOTL.ZG,1963,
MLI,FP.CPI.TOTL.ZG,1962,
MLI,FP.CPI.TOTL.ZG,1961,
MLI,FP.CPI.TOTL.ZG,1960,
MLT,FP.CPI.TOTL.ZG,2025,
MLT,FP.CPI.TOTL.ZG,2024,1.65079469283109
MLT,FP.CPI.TOTL.ZG,2023,5.09396758978883
MLT,FP.CPI.TOTL.ZG,2022,6.15375621933037
MLT,FP.CPI.TOTL.ZG,2021,1.49789217934724
MLT,FP.CPI.TOTL.ZG,2020,0.638544956776712
MLT,FP.CPI.TOTL.ZG,2019,1.6420600176894
MLT,FP.CPI.TOTL.ZG,2018,1.15782362451517
MLT,FP.CPI.TOTL.ZG,2017,1.36435448150708
MLT,FP.CPI.TOTL.ZG,2016,0.642702771527304
MLT,FP.CPI.TOTL.ZG,2015,1.10054826378929
MLT,FP.CPI.TOTL.ZG,2014,0.310306472181665
MLT,FP.CPI.TOTL.ZG,2013,1.1802843636655
MLT,FP.CPI.TOTL.ZG,2012,2.37582057760386
MLT,FP.CPI.TOTL.ZG,2011,2.9629852819288
MLT,FP.CPI.TOTL.ZG,2010,1.51563513618532
MLT,FP.CPI.TOTL.ZG,2009,2.08432746082343
MLT,FP.CPI.TOTL.ZG,2008,4.25862171897073
MLT,FP.CPI.TOTL.ZG,2007,1.24921923797629
MLT,FP.CPI.TOTL.ZG,2006,2.77378006481472
MLT,FP.CPI.TOTL.ZG,2005,3.00796652450313
MLT,FP.CPI.TOTL.ZG,2004,2.79082848067754
MLT,FP.CPI.TOTL.ZG,2003,1.30383777442602
MLT,FP.CPI.TOTL.ZG,2002,2.18849048060549
MLT,FP.CPI.TOTL.ZG,2001,2.92949244324104
MLT,FP.CPI.TOTL.ZG,2000,2.36959287531806
MLT,FP.CPI.TOTL.ZG,1999,2.13476888806386
MLT,FP.CPI.TOTL.ZG,1998,2.38525135417661
MLT,FP.CPI.TOTL.ZG,1997,3.11207791953272
MLT,FP.CPI.TOTL.ZG,1996,2.05400000000009
MLT,FP.CPI.TOTL.ZG,1995,4.42664550286654
MLT,FP.CPI.TOTL.ZG,1994,4.12992181638259
MLT,FP.CPI.TOTL.ZG,1993,4.14481954180488
MLT,FP.CPI.TOTL.ZG,1992,1.63321209889045
MLT,FP.CPI.TOTL.ZG,1991,2.54219284786975
MLT,FP.CPI.TOTL.ZG,1990,2.9834058606356
MLT,FP.CPI.TOTL.ZG,1989,0.847691359226212
MLT,FP.CPI.TOTL.ZG,1988,0.938344387128515
MLT,FP.CPI.TOTL.ZG,1987,0.431725669422442
MLT,FP.CPI.TOTL.ZG,1986,2.02788871414761
MLT,FP.CPI.TOTL.ZG,1985,-0.235207459677474
MLT,FP.CPI.TOTL.ZG,1984,-0.442500000750075
MLT,FP.CPI.TOTL.ZG,1983,-0.880997560317507
MLT,FP.CPI.TOTL.ZG,1982,5.81823397218665
MLT,FP.CPI.TOTL.ZG,1981,11.5097558377123
MLT,FP.CPI.TOTL.ZG,1980,15.747254103486
MLT,FP.CPI.TOTL.ZG,1979,7.14710743797893
MLT,FP.CPI.TOTL.ZG,1978,4.70751124951487
MLT,FP.CPI.TOTL.ZG,1977,10.0403748002364
MLT,FP.CPI.TOTL.ZG,1976,0.551512830258583
MLT,FP.CPI.TOTL.ZG,1975,8.79166666616691
MLT,FP.CPI.TOTL.ZG,1974,7.25561627204007
MLT,FP.CPI.TOTL.ZG,1973,7.68928991786149
MLT,FP.CPI.TOTL.ZG,1972,3.37276106781155
MLT,FP.CPI.TOTL.ZG,1971,2.32381215838809
MLT,FP.CPI.TOTL.ZG,1970,3.71565884809263
MLT,FP.CPI.TOTL.ZG,1969,2.33428760186217
MLT,FP.CPI.TOTL.ZG,1968,2.03730057682276
MLT,FP.CPI.TOTL.ZG,1967,0.693868315713048
MLT,FP.CPI.TOTL.ZG,1966,0.52312357869953
MLT,FP.CPI.TOTL.ZG,1965,1.60221845610132
MLT,FP.CPI.TOTL.ZG,1964,2.18024399859687
MLT,FP.CPI.TOTL.ZG,1963,1.87635313921265
MLT,FP.CPI.TOTL.ZG,1962,0.168674698957635
MLT,FP.CPI.TOTL.ZG,1961,2.51132153100695
MLT,FP.CPI.TOTL.ZG,1960,3.38461538461553
MHL,FP.CPI.TOTL.ZG,2025,
MHL,FP.CPI.TOTL.ZG,2024,
MHL,FP.CPI.TOTL.ZG,2023,
MHL,FP.CPI.TOTL.ZG,2022,
MHL,FP.CPI.TOTL.ZG,2021,
MHL,FP.CPI.TOTL.ZG,2020,
MHL,FP.CPI.TOTL.ZG,2019,
MHL,FP.CPI.TOTL.ZG,2018,
MHL,FP.CPI.TOTL.ZG,2017,
MHL,FP.CPI.TOTL.ZG,2016,
MHL,FP.CPI.TOTL.ZG,2015,
MHL,FP.CPI.TOTL.ZG,2014,
MHL,FP.CPI.TOTL.ZG,2013,
MHL,FP.CPI.TOTL.ZG,2012,
MHL,FP.CPI.TOTL.ZG,2011,
MHL,FP.CPI.TOTL.ZG,2010,
MHL,FP.CPI.TOTL.ZG,2009,
MHL,FP.CPI.TOTL.ZG,2008,
MHL,FP.CPI.TOTL.ZG,2007,
MHL,FP.CPI.TOTL.ZG,2006,
MHL,FP.CPI.TOTL.ZG,2005,
MHL,FP.CPI.TOTL.ZG,2004,
MHL,FP.CPI.TOTL.ZG,2003,
MHL,FP.CPI.TOTL.ZG,2002,
MHL,FP.CPI.TOTL.ZG,2001,
MHL,FP.CPI.TOTL.ZG,2000,
MHL,FP.CPI.TOTL.ZG,1999,
MHL,FP.CPI.TOTL.ZG,1998,
MHL,FP.CPI.TOTL.ZG,1997,
MHL,FP.CPI.TOTL.ZG,1996,
MHL,FP.CPI.TOTL.ZG,1995,
MHL,FP.CPI.TOTL.ZG,1994,
MHL,FP.CPI.TOTL.ZG,1993,
MHL,FP.CPI.TOTL.ZG,1992,
MHL,FP.CPI.TOTL.ZG,1991,
MHL,FP.CPI.TOTL.ZG,1990,
MHL,FP.CPI.TOTL.ZG,1989,
MHL,FP.CPI.TOTL.ZG,1988,
MHL,FP.CPI.TOTL.ZG,1987,
MHL,FP.CPI.TOTL.ZG,1986,
MHL,FP.CPI.TOTL.ZG,1985,
MHL,FP.CPI.TOTL.ZG,1984,
MHL,FP.CPI.TOTL.ZG,1983,
MHL,FP.CPI.TOTL.ZG,1982,
MHL,FP.CPI.TOTL.ZG,1981,
MHL,FP.CPI.TOTL.ZG,1980,
MHL,FP.CPI.TOTL.ZG,1979,
MHL,FP.CPI.TOTL.ZG,1978,
MHL,FP.CPI.TOTL.ZG,1977,
MHL,FP.CPI.TOTL.ZG,1976,
MHL,FP.CPI.TOTL.ZG,1975,
MHL,FP.CPI.TOTL.ZG,1974,
MHL,FP.CPI.TOTL.ZG,1973,
MHL,FP.CPI.TOTL.ZG,1972,
MHL,FP.CPI.TOTL.ZG,1971,
MHL,FP.CPI.TOTL.ZG,1970,
MHL,FP.CPI.TOTL.ZG,1969,
MHL,FP.CPI.TOTL.ZG,1968,
MHL,FP.CPI.TOTL.ZG,1967,
MHL,FP.CPI.TOTL.ZG,1966,
MHL,FP.CPI.TOTL.ZG,1965,
MHL,FP.CPI.TOTL.ZG,1964,
MHL,FP.CPI.TOTL.ZG,1963,
MHL,FP.CPI.TOTL.ZG,1962,
MHL,FP.CPI.TOTL.ZG,1961,
MHL,FP.CPI.TOTL.ZG,1960,
MRT,FP.CPI.TOTL.ZG,2025,
MRT,FP.CPI.TOTL.ZG,2024,2.49164347481972
MRT,FP.CPI.TOTL.ZG,2023,4.95305034506872
MRT,FP.CPI.TOTL.ZG,2022,9.52526628622843
MRT,FP.CPI.TOTL.ZG,2021,3.56516484650185
MRT,FP.CPI.TOTL.ZG,2020,2.3856948845632
MRT,FP.CPI.TOTL.ZG,2019,2.30009262117937
MRT,FP.CPI.TOTL.ZG,2018,3.06735996058356
MRT,FP.CPI.TOTL.ZG,2017,2.25427651934813
MRT,FP.CPI.TOTL.ZG,2016,1.47171045650004
MRT,FP.CPI.TOTL.ZG,2015,3.25472688117631
MRT,FP.CPI.TOTL.ZG,2014,3.53436856147324
MRT,FP.CPI.TOTL.ZG,2013,4.12910173783393
MRT,FP.CPI.TOTL.ZG,2012,4.90242727217997
MRT,FP.CPI.TOTL.ZG,2011,5.68631959575954
MRT,FP.CPI.TOTL.ZG,2010,6.28354087427704
MRT,FP.CPI.TOTL.ZG,2009,2.22092032381779
MRT,FP.CPI.TOTL.ZG,2008,7.34663541249786
MRT,FP.CPI.TOTL.ZG,2007,7.25410841304887
MRT,FP.CPI.TOTL.ZG,2006,6.2410332814282
MRT,FP.CPI.TOTL.ZG,2005,12.1256487185541
MRT,FP.CPI.TOTL.ZG,2004,10.3676233473073
MRT,FP.CPI.TOTL.ZG,2003,5.15190150769578
MRT,FP.CPI.TOTL.ZG,2002,3.8957052575849
MRT,FP.CPI.TOTL.ZG,2001,4.7148963468961
MRT,FP.CPI.TOTL.ZG,2000,3.25406745833358
MRT,FP.CPI.TOTL.ZG,1999,4.07417613596754
MRT,FP.CPI.TOTL.ZG,1998,8.03166665498858
MRT,FP.CPI.TOTL.ZG,1997,4.62534695318394
MRT,FP.CPI.TOTL.ZG,1996,4.68130623916413
MRT,FP.CPI.TOTL.ZG,1995,6.54379068524171
MRT,FP.CPI.TOTL.ZG,1994,4.12825861295442
MRT,FP.CPI.TOTL.ZG,1993,9.37034415971461
MRT,FP.CPI.TOTL.ZG,1992,10.141817562151
MRT,FP.CPI.TOTL.ZG,1991,5.62866666666699
MRT,FP.CPI.TOTL.ZG,1990,6.60022564874018
MRT,FP.CPI.TOTL.ZG,1989,12.9326820981099
MRT,FP.CPI.TOTL.ZG,1988,1.31965861005482
MRT,FP.CPI.TOTL.ZG,1987,8.15234253800871
MRT,FP.CPI.TOTL.ZG,1986,7.4333333333332
MRT,FP.CPI.TOTL.ZG,1985,
MRT,FP.CPI.TOTL.ZG,1984,
MRT,FP.CPI.TOTL.ZG,1983,
MRT,FP.CPI.TOTL.ZG,1982,
MRT,FP.CPI.TOTL.ZG,1981,
MRT,FP.CPI.TOTL.ZG,1980,
MRT,FP.CPI.TOTL.ZG,1979,
MRT,FP.CPI.TOTL.ZG,1978,
MRT,FP.CPI.TOTL.ZG,1977,
MRT,FP.CPI.TOTL.ZG,1976,
MRT,FP.CPI.TOTL.ZG,1975,
MRT,FP.CPI.TOTL.ZG,1974,
MRT,FP.CPI.TOTL.ZG,1973,
MRT,FP.CPI.TOTL.ZG,1972,
MRT,FP.CPI.TOTL.ZG,1971,
MRT,FP.CPI.TOTL.ZG,1970,
MRT,FP.CPI.TOTL.ZG,1969,
MRT,FP.CPI.TOTL.ZG,1968,
MRT,FP.CPI.TOTL.ZG,1967,
MRT,FP.CPI.TOTL.ZG,1966,
MRT,FP.CPI.TOTL.ZG,1965,
MRT,FP.CPI.TOTL.ZG,1964,
MRT,FP.CPI.TOTL.ZG,1963,
MRT,FP.CPI.TOTL.ZG,1962,
MRT,FP.CPI.TOTL.ZG,1961,
MRT,FP.CPI.TOTL.ZG,1960,
MUS,FP.CPI.TOTL.ZG,2025,
MUS,FP.CPI.TOTL.ZG,2024,3.6045220384796
MUS,FP.CPI.TOTL.ZG,2023,7.05298238454736
MUS,FP.CPI.TOTL.ZG,2022,10.7737512242899
MUS,FP.CPI.TOTL.ZG,2021,4.02852888157376
MUS,FP.CPI.TOTL.ZG,2020,2.5808007718283
MUS,FP.CPI.TOTL.ZG,2019,0.405655190309553
MUS,FP.CPI.TOTL.ZG,2018,3.2160538314457
MUS,FP.CPI.TOTL.ZG,2017,3.66699702675925
MUS,FP.CPI.TOTL.ZG,2016,0.977675134718965
MUS,FP.CPI.TOTL.ZG,2015,1.28654970760232
MUS,FP.CPI.TOTL.ZG,2014,3.21769191994684
MUS,FP.CPI.TOTL.ZG,2013,3.54329573934839
MUS,FP.CPI.TOTL.ZG,2012,3.85216033315983
MUS,FP.CPI.TOTL.ZG,2011,6.52249254869341
MUS,FP.CPI.TOTL.ZG,2010,2.93236301369857
MUS,FP.CPI.TOTL.ZG,2009,2.51609128145113
MUS,FP.CPI.TOTL.ZG,2008,9.73228317146887
MUS,FP.CPI.TOTL.ZG,2007,8.82729272393294
MUS,FP.CPI.TOTL.ZG,2006,8.91350105650142
MUS,FP.CPI.TOTL.ZG,2005,4.93717004981795
MUS,FP.CPI.TOTL.ZG,2004,4.71037060105883
MUS,FP.CPI.TOTL.ZG,2003,3.92105357558188
MUS,FP.CPI.TOTL.ZG,2002,6.41933372221149
MUS,FP.CPI.TOTL.ZG,2001,5.38934426229508
MUS,FP.CPI.TOTL.ZG,2000,4.19928825622807
MUS,FP.CPI.TOTL.ZG,1999,6.90914624866773
MUS,FP.CPI.TOTL.ZG,1998,6.81079323797193
MUS,FP.CPI.TOTL.ZG,1997,6.83334334996102
MUS,FP.CPI.TOTL.ZG,1996,6.55097336065573
MUS,FP.CPI.TOTL.ZG,1995,6.02933188484532
MUS,FP.CPI.TOTL.ZG,1994,7.32347154412294
MUS,FP.CPI.TOTL.ZG,1993,10.5178384472896
MUS,FP.CPI.TOTL.ZG,1992,4.64351929883709
MUS,FP.CPI.TOTL.ZG,1991,7.00101377541879
MUS,FP.CPI.TOTL.ZG,1990,13.4880887926371
MUS,FP.CPI.TOTL.ZG,1989,12.670042091136
MUS,FP.CPI.TOTL.ZG,1988,9.15931413351054
MUS,FP.CPI.TOTL.ZG,1987,0.518741633199852
MUS,FP.CPI.TOTL.ZG,1986,1.63265306122486
MUS,FP.CPI.TOTL.ZG,1985,6.69870394658498
MUS,FP.CPI.TOTL.ZG,1984,7.38916256169471
MUS,FP.CPI.TOTL.ZG,1983,5.58949801843939
MUS,FP.CPI.TOTL.ZG,1982,11.4156931283651
MUS,FP.CPI.TOTL.ZG,1981,14.4615910742106
MUS,FP.CPI.TOTL.ZG,1980,41.9995143865699
MUS,FP.CPI.TOTL.ZG,1979,14.4663702058303
MUS,FP.CPI.TOTL.ZG,1978,8.54513915082285
MUS,FP.CPI.TOTL.ZG,1977,9.172498970748
MUS,FP.CPI.TOTL.ZG,1976,12.9557291671836
MUS,FP.CPI.TOTL.ZG,1975,14.738323271755
MUS,FP.CPI.TOTL.ZG,1974,29.115630311092
MUS,FP.CPI.TOTL.ZG,1973,13.4507978726776
MUS,FP.CPI.TOTL.ZG,1972,5.39593552933404
MUS,FP.CPI.TOTL.ZG,1971,0.316344463692538
MUS,FP.CPI.TOTL.ZG,1970,1.5418659432567
MUS,FP.CPI.TOTL.ZG,1969,2.31522056676472
MUS,FP.CPI.TOTL.ZG,1968,6.97710758672967
MUS,FP.CPI.TOTL.ZG,1967,1.87853219781646
MUS,FP.CPI.TOTL.ZG,1966,2.50489556095841
MUS,FP.CPI.TOTL.ZG,1965,1.78556598298231
MUS,FP.CPI.TOTL.ZG,1964,1.89557417280998
MUS,FP.CPI.TOTL.ZG,1963,
MUS,FP.CPI.TOTL.ZG,1962,
MUS,FP.CPI.TOTL.ZG,1961,
MUS,FP.CPI.TOTL.ZG,1960,
MEX,FP.CPI.TOTL.ZG,2025,
MEX,FP.CPI.TOTL.ZG,2024,4.72225588452932
MEX,FP.CPI.TOTL.ZG,2023,5.52796087314389
MEX,FP.CPI.TOTL.ZG,2022,7.8962761916855
MEX,FP.CPI.TOTL.ZG,2021,5.68920847683753
MEX,FP.CPI.TOTL.ZG,2020,3.39683415570006
MEX,FP.CPI.TOTL.ZG,2019,3.63596142127046
MEX,FP.CPI.TOTL.ZG,2018,4.89935015356551
MEX,FP.CPI.TOTL.ZG,2017,6.04145724018986
MEX,FP.CPI.TOTL.ZG,2016,2.8217078474766
MEX,FP.CPI.TOTL.ZG,2015,2.72064064964023
MEX,FP.CPI.TOTL.ZG,2014,4.01861608078679
MEX,FP.CPI.TOTL.ZG,2013,3.80639069747204
MEX,FP.CPI.TOTL.ZG,2012,4.11150981070289
MEX,FP.CPI.TOTL.ZG,2011,3.40737824605742
MEX,FP.CPI.TOTL.ZG,2010,4.15672722680174
MEX,FP.CPI.TOTL.ZG,2009,5.29735584228856
MEX,FP.CPI.TOTL.ZG,2008,5.12498274575896
MEX,FP.CPI.TOTL.ZG,2007,3.96684905458235
MEX,FP.CPI.TOTL.ZG,2006,3.62946762439132
MEX,FP.CPI.TOTL.ZG,2005,3.98805714597437
MEX,FP.CPI.TOTL.ZG,2004,4.68840884843143
MEX,FP.CPI.TOTL.ZG,2003,4.54690012118718
MEX,FP.CPI.TOTL.ZG,2002,5.03072733151295
MEX,FP.CPI.TOTL.ZG,2001,6.36773806235037
MEX,FP.CPI.TOTL.ZG,2000,9.49156149435403
MEX,FP.CPI.TOTL.ZG,1999,16.5856169707538
MEX,FP.CPI.TOTL.ZG,1998,15.9283950119353
MEX,FP.CPI.TOTL.ZG,1997,20.6256287259247
MEX,FP.CPI.TOTL.ZG,1996,34.3783832235168
MEX,FP.CPI.TOTL.ZG,1995,34.9992712889592
MEX,FP.CPI.TOTL.ZG,1994,6.96581237191123
MEX,FP.CPI.TOTL.ZG,1993,9.75146045357553
MEX,FP.CPI.TOTL.ZG,1992,15.5078962533573
MEX,FP.CPI.TOTL.ZG,1991,22.662359455061
MEX,FP.CPI.TOTL.ZG,1990,26.6516725646771
MEX,FP.CPI.TOTL.ZG,1989,20.0078767139978
MEX,FP.CPI.TOTL.ZG,1988,114.162258549066
MEX,FP.CPI.TOTL.ZG,1987,131.82738392309
MEX,FP.CPI.TOTL.ZG,1986,86.2333169923538
MEX,FP.CPI.TOTL.ZG,1985,57.7484484008702
MEX,FP.CPI.TOTL.ZG,1984,65.4488071277602
MEX,FP.CPI.TOTL.ZG,1983,101.874938435992
MEX,FP.CPI.TOTL.ZG,1982,58.9134198531048
MEX,FP.CPI.TOTL.ZG,1981,27.9337625982399
MEX,FP.CPI.TOTL.ZG,1980,26.3516513562834
MEX,FP.CPI.TOTL.ZG,1979,18.1912462987643
MEX,FP.CPI.TOTL.ZG,1978,17.4572925678265
MEX,FP.CPI.TOTL.ZG,1977,29.0641247103461
MEX,FP.CPI.TOTL.ZG,1976,15.824722489347
MEX,FP.CPI.TOTL.ZG,1975,14.9445346409267
MEX,FP.CPI.TOTL.ZG,1974,23.7840154425787
MEX,FP.CPI.TOTL.ZG,1973,12.0819394612938
MEX,FP.CPI.TOTL.ZG,1972,4.94369236377875
MEX,FP.CPI.TOTL.ZG,1971,5.46902899376838
MEX,FP.CPI.TOTL.ZG,1970,5.00341205483431
MEX,FP.CPI.TOTL.ZG,1969,3.36700336711678
MEX,FP.CPI.TOTL.ZG,1968,2.33395093467026
MEX,FP.CPI.TOTL.ZG,1967,3.01694847502148
MEX,FP.CPI.TOTL.ZG,1966,4.21578837738435
MEX,FP.CPI.TOTL.ZG,1965,3.56803865742936
MEX,FP.CPI.TOTL.ZG,1964,2.33790317234362
MEX,FP.CPI.TOTL.ZG,1963,0.594055008461965
MEX,FP.CPI.TOTL.ZG,1962,1.19898417815082
MEX,FP.CPI.TOTL.ZG,1961,1.6087596908193
MEX,FP.CPI.TOTL.ZG,1960,4.92751886903116
FSM,FP.CPI.TOTL.ZG,2025,
FSM,FP.CPI.TOTL.ZG,2024,
FSM,FP.CPI.TOTL.ZG,2023,
FSM,FP.CPI.TOTL.ZG,2022,5.40874375479067
FSM,FP.CPI.TOTL.ZG,2021,3.19128406597466
FSM,FP.CPI.TOTL.ZG,2020,0.554594630853174
FSM,FP.CPI.TOTL.ZG,2019,1.92385170787923
FSM,FP.CPI.TOTL.ZG,2018,1.49840023593737
FSM,FP.CPI.TOTL.ZG,2017,0.58225373525489
FSM,FP.CPI.TOTL.ZG,2016,-1.03746806405349
FSM,FP.CPI.TOTL.ZG,2015,-0.2981158373807
FSM,FP.CPI.TOTL.ZG,2014,0.650284891767944
FSM,FP.CPI.TOTL.ZG,2013,1.75232737350762
FSM,FP.CPI.TOTL.ZG,2012,5.01850353045616
FSM,FP.CPI.TOTL.ZG,2011,5.08259403890371
FSM,FP.CPI.TOTL.ZG,2010,3.31370963136217
FSM,FP.CPI.TOTL.ZG,2009,6.39360257735201
FSM,FP.CPI.TOTL.ZG,2008,8.42372566246186
FSM,FP.CPI.TOTL.ZG,2007,3.30634278002699
FSM,FP.CPI.TOTL.ZG,2006,4.63737008585635
FSM,FP.CPI.TOTL.ZG,2005,4.25769978210942
FSM,FP.CPI.TOTL.ZG,2004,2.27669698247304
FSM,FP.CPI.TOTL.ZG,2003,0.126643348208903
FSM,FP.CPI.TOTL.ZG,2002,-0.111442426432945
FSM,FP.CPI.TOTL.ZG,2001,0.502497351294027
FSM,FP.CPI.TOTL.ZG,2000,2.15851810619419
FSM,FP.CPI.TOTL.ZG,1999,
FSM,FP.CPI.TOTL.ZG,1998,
FSM,FP.CPI.TOTL.ZG,1997,
FSM,FP.CPI.TOTL.ZG,1996,
FSM,FP.CPI.TOTL.ZG,1995,
FSM,FP.CPI.TOTL.ZG,1994,
FSM,FP.CPI.TOTL.ZG,1993,
FSM,FP.CPI.TOTL.ZG,1992,
FSM,FP.CPI.TOTL.ZG,1991,
FSM,FP.CPI.TOTL.ZG,1990,
FSM,FP.CPI.TOTL.ZG,1989,
FSM,FP.CPI.TOTL.ZG,1988,
FSM,FP.CPI.TOTL.ZG,1987,
FSM,FP.CPI.TOTL.ZG,1986,
FSM,FP.CPI.TOTL.ZG,1985,
FSM,FP.CPI.TOTL.ZG,1984,
FSM,FP.CPI.TOTL.ZG,1983,
FSM,FP.CPI.TOTL.ZG,1982,
FSM,FP.CPI.TOTL.ZG,1981,
FSM,FP.CPI.TOTL.ZG,1980,
FSM,FP.CPI.TOTL.ZG,1979,
FSM,FP.CPI.TOTL.ZG,1978,
FSM,FP.CPI.TOTL.ZG,1977,
FSM,FP.CPI.TOTL.ZG,1976,
FSM,FP.CPI.TOTL.ZG,1975,
FSM,FP.CPI.TOTL.ZG,1974,
FSM,FP.CPI.TOTL.ZG,1973,
FSM,FP.CPI.TOTL.ZG,1972,
FSM,FP.CPI.TOTL.ZG,1971,
FSM,FP.CPI.TOTL.ZG,1970,
FSM,FP.CPI.TOTL.ZG,1969,
FSM,FP.CPI.TOTL.ZG,1968,
FSM,FP.CPI.TOTL.ZG,1967,
FSM,FP.CPI.TOTL.ZG,1966,
FSM,FP.CPI.TOTL.ZG,1965,
FSM,FP.CPI.TOTL.ZG,1964,
FSM,FP.CPI.TOTL.ZG,1963,
FSM,FP.CPI.TOTL.ZG,1962,
FSM,FP.CPI.TOTL.ZG,1961,
FSM,FP.CPI.TOTL.ZG,1960,
MDA,FP.CPI.TOTL.ZG,2025,
MDA,FP.CPI.TOTL.ZG,2024,4.67773516007052
MDA,FP.CPI.TOTL.ZG,2023,13.4170104381299
MDA,FP.CPI.TOTL.ZG,2022,28.7372976766235
MDA,FP.CPI.TOTL.ZG,2021,5.10641129002841
MDA,FP.CPI.TOTL.ZG,2020,3.76597122245351
MDA,FP.CPI.TOTL.ZG,2019,4.83778351428734
MDA,FP.CPI.TOTL.ZG,2018,3.04505397337071
MDA,FP.CPI.TOTL.ZG,2017,6.57022997455597
MDA,FP.CPI.TOTL.ZG,2016,6.35930898037931
MDA,FP.CPI.TOTL.ZG,2015,9.67624033101867
MDA,FP.CPI.TOTL.ZG,2014,5.08878554625869
MDA,FP.CPI.TOTL.ZG,2013,4.59787897363136
MDA,FP.CPI.TOTL.ZG,2012,4.54633427355302
MDA,FP.CPI.TOTL.ZG,2011,7.68725103356181
MDA,FP.CPI.TOTL.ZG,2010,7.48385086350851
MDA,FP.CPI.TOTL.ZG,2009,-0.0627185967109436
MDA,FP.CPI.TOTL.ZG,2008,12.783047261882
MDA,FP.CPI.TOTL.ZG,2007,12.3671668414301
MDA,FP.CPI.TOTL.ZG,2006,12.777755783035
MDA,FP.CPI.TOTL.ZG,2005,11.9591837222126
MDA,FP.CPI.TOTL.ZG,2004,12.5242768428228
MDA,FP.CPI.TOTL.ZG,2003,11.7460792058232
MDA,FP.CPI.TOTL.ZG,2002,5.30124390261588
MDA,FP.CPI.TOTL.ZG,2001,9.76466285757643
MDA,FP.CPI.TOTL.ZG,2000,31.2993015817784
MDA,FP.CPI.TOTL.ZG,1999,39.2559806891747
MDA,FP.CPI.TOTL.ZG,1998,7.69576517517203
MDA,FP.CPI.TOTL.ZG,1997,11.7728324494468
MDA,FP.CPI.TOTL.ZG,1996,23.5056772963368
MDA,FP.CPI.TOTL.ZG,1995,29.8656104095719
MDA,FP.CPI.TOTL.ZG,1994,486.425623795891
MDA,FP.CPI.TOTL.ZG,1993,1613.60398876194
MDA,FP.CPI.TOTL.ZG,1992,1026.82626424702
MDA,FP.CPI.TOTL.ZG,1991,
MDA,FP.CPI.TOTL.ZG,1990,
MDA,FP.CPI.TOTL.ZG,1989,
MDA,FP.CPI.TOTL.ZG,1988,
MDA,FP.CPI.TOTL.ZG,1987,
MDA,FP.CPI.TOTL.ZG,1986,
MDA,FP.CPI.TOTL.ZG,1985,
MDA,FP.CPI.TOTL.ZG,1984,
MDA,FP.CPI.TOTL.ZG,1983,
MDA,FP.CPI.TOTL.ZG,1982,
MDA,FP.CPI.TOTL.ZG,1981,
MDA,FP.CPI.TOTL.ZG,1980,
MDA,FP.CPI.TOTL.ZG,1979,
MDA,FP.CPI.TOTL.ZG,1978,
MDA,FP.CPI.TOTL.ZG,1977,
MDA,FP.CPI.TOTL.ZG,1976,
MDA,FP.CPI.TOTL.ZG,1975,
MDA,FP.CPI.TOTL.ZG,1974,
MDA,FP.CPI.TOTL.ZG,1973,
MDA,FP.CPI.TOTL.ZG,1972,
MDA,FP.CPI.TOTL.ZG,1971,
MDA,FP.CPI.TOTL.ZG,1970,
MDA,FP.CPI.TOTL.ZG,1969,
MDA,FP.CPI.TOTL.ZG,1968,
MDA,FP.CPI.TOTL.ZG,1967,
MDA,FP.CPI.TOTL.ZG,1966,
MDA,FP.CPI.TOTL.ZG,1965,
MDA,FP.CPI.TOTL.ZG,1964,
MDA,FP.CPI.TOTL.ZG,1963,
MDA,FP.CPI.TOTL.ZG,1962,
MDA,FP.CPI.TOTL.ZG,1961,
MDA,FP.CPI.TOTL.ZG,1960,
MCO,FP.CPI.TOTL.ZG,2025,
MCO,FP.CPI.TOTL.ZG,2024,
MCO,FP.CPI.TOTL.ZG,2023,
MCO,FP.CPI.TOTL.ZG,2022,
MCO,FP.CPI.TOTL.ZG,2021,
MCO,FP.CPI.TOTL.ZG,2020,
MCO,FP.CPI.TOTL.ZG,2019,
MCO,FP.CPI.TOTL.ZG,2018,
MCO,FP.CPI.TOTL.ZG,2017,
MCO,FP.CPI.TOTL.ZG,2016,
MCO,FP.CPI.TOTL.ZG,2015,
MCO,FP.CPI.TOTL.ZG,2014,
MCO,FP.CPI.TOTL.ZG,2013,
MCO,FP.CPI.TOTL.ZG,2012,
MCO,FP.CPI.TOTL.ZG,2011,
MCO,FP.CPI.TOTL.ZG,2010,
MCO,FP.CPI.TOTL.ZG,2009,
MCO,FP.CPI.TOTL.ZG,2008,
MCO,FP.CPI.TOTL.ZG,2007,
MCO,FP.CPI.TOTL.ZG,2006,
MCO,FP.CPI.TOTL.ZG,2005,
MCO,FP.CPI.TOTL.ZG,2004,
MCO,FP.CPI.TOTL.ZG,2003,
MCO,FP.CPI.TOTL.ZG,2002,
MCO,FP.CPI.TOTL.ZG,2001,
MCO,FP.CPI.TOTL.ZG,2000,
MCO,FP.CPI.TOTL.ZG,1999,
MCO,FP.CPI.TOTL.ZG,1998,
MCO,FP.CPI.TOTL.ZG,1997,
MCO,FP.CPI.TOTL.ZG,1996,
MCO,FP.CPI.TOTL.ZG,1995,
MCO,FP.CPI.TOTL.ZG,1994,
MCO,FP.CPI.TOTL.ZG,1993,
MCO,FP.CPI.TOTL.ZG,1992,
MCO,FP.CPI.TOTL.ZG,1991,
MCO,FP.CPI.TOTL.ZG,1990,
MCO,FP.CPI.TOTL.ZG,1989,
MCO,FP.CPI.TOTL.ZG,1988,
MCO,FP.CPI.TOTL.ZG,1987,
MCO,FP.CPI.TOTL.ZG,1986,
MCO,FP.CPI.TOTL.ZG,1985,
MCO,FP.CPI.TOTL.ZG,1984,
MCO,FP.CPI.TOTL.ZG,1983,
MCO,FP.CPI.TOTL.ZG,1982,
MCO,FP.CPI.TOTL.ZG,1981,
MCO,FP.CPI.TOTL.ZG,1980,
MCO,FP.CPI.TOTL.ZG,1979,
MCO,FP.CPI.TOTL.ZG,1978,
MCO,FP.CPI.TOTL.ZG,1977,
MCO,FP.CPI.TOTL.ZG,1976,
MCO,FP.CPI.TOTL.ZG,1975,
MCO,FP.CPI.TOTL.ZG,1974,
MCO,FP.CPI.TOTL.ZG,1973,
MCO,FP.CPI.TOTL.ZG,1972,
MCO,FP.CPI.TOTL.ZG,1971,
MCO,FP.CPI.TOTL.ZG,1970,
MCO,FP.CPI.TOTL.ZG,1969,
MCO,FP.CPI.TOTL.ZG,1968,
MCO,FP.CPI.TOTL.ZG,1967,
MCO,FP.CPI.TOTL.ZG,1966,
MCO,FP.CPI.TOTL.ZG,1965,
MCO,FP.CPI.TOTL.ZG,1964,
MCO,FP.CPI.TOTL.ZG,1963,
MCO,FP.CPI.TOTL.ZG,1962,
MCO,FP.CPI.TOTL.ZG,1961,
MCO,FP.CPI.TOTL.ZG,1960,
MNG,FP.CPI.TOTL.ZG,2025,
MNG,FP.CPI.TOTL.ZG,2024,6.20713301510303
MNG,FP.CPI.TOTL.ZG,2023,10.347583131434
MNG,FP.CPI.TOTL.ZG,2022,15.1509728200805
MNG,FP.CPI.TOTL.ZG,2021,7.35894657888155
MNG,FP.CPI.TOTL.ZG,2020,3.7237230614026
MNG,FP.CPI.TOTL.ZG,2019,7.30106953550729
MNG,FP.CPI.TOTL.ZG,2018,6.82424790145522
MNG,FP.CPI.TOTL.ZG,2017,4.30143105302342
MNG,FP.CPI.TOTL.ZG,2016,0.733272227314397
MNG,FP.CPI.TOTL.ZG,2015,5.73568281938327
MNG,FP.CPI.TOTL.ZG,2014,12.2539808129759
MNG,FP.CPI.TOTL.ZG,2013,10.4906567588241
MNG,FP.CPI.TOTL.ZG,2012,14.3303348325838
MNG,FP.CPI.TOTL.ZG,2011,8.41121495327101
MNG,FP.CPI.TOTL.ZG,2010,10.0462065881651
MNG,FP.CPI.TOTL.ZG,2009,7.6195059351941
MNG,FP.CPI.TOTL.ZG,2008,27.9556650246306
MNG,FP.CPI.TOTL.ZG,2007,9.63096309630964
MNG,FP.CPI.TOTL.ZG,2006,5.09516661663157
MNG,FP.CPI.TOTL.ZG,2005,12.7165674066053
MNG,FP.CPI.TOTL.ZG,2004,8.24115449417619
MNG,FP.CPI.TOTL.ZG,2003,5.12899499422419
MNG,FP.CPI.TOTL.ZG,2002,0.91707468718427
MNG,FP.CPI.TOTL.ZG,2001,6.27736020484006
MNG,FP.CPI.TOTL.ZG,2000,11.5955387593327
MNG,FP.CPI.TOTL.ZG,1999,7.56494150307377
MNG,FP.CPI.TOTL.ZG,1998,9.35704217716548
MNG,FP.CPI.TOTL.ZG,1997,36.5561148948773
MNG,FP.CPI.TOTL.ZG,1996,46.8899521531102
MNG,FP.CPI.TOTL.ZG,1995,0.0435161009571923
MNG,FP.CPI.TOTL.ZG,1994,87.580009329808
MNG,FP.CPI.TOTL.ZG,1993,268.150488882784
MNG,FP.CPI.TOTL.ZG,1992,
MNG,FP.CPI.TOTL.ZG,1991,
MNG,FP.CPI.TOTL.ZG,1990,
MNG,FP.CPI.TOTL.ZG,1989,
MNG,FP.CPI.TOTL.ZG,1988,
MNG,FP.CPI.TOTL.ZG,1987,
MNG,FP.CPI.TOTL.ZG,1986,
MNG,FP.CPI.TOTL.ZG,1985,
MNG,FP.CPI.TOTL.ZG,1984,
MNG,FP.CPI.TOTL.ZG,1983,
MNG,FP.CPI.TOTL.ZG,1982,
MNG,FP.CPI.TOTL.ZG,1981,
MNG,FP.CPI.TOTL.ZG,1980,
MNG,FP.CPI.TOTL.ZG,1979,
MNG,FP.CPI.TOTL.ZG,1978,
MNG,FP.CPI.TOTL.ZG,1977,
MNG,FP.CPI.TOTL.ZG,1976,
MNG,FP.CPI.TOTL.ZG,1975,
MNG,FP.CPI.TOTL.ZG,1974,
MNG,FP.CPI.TOTL.ZG,1973,
MNG,FP.CPI.TOTL.ZG,1972,
MNG,FP.CPI.TOTL.ZG,1971,
MNG,FP.CPI.TOTL.ZG,1970,
MNG,FP.CPI.TOTL.ZG,1969,
MNG,FP.CPI.TOTL.ZG,1968,
MNG,FP.CPI.TOTL.ZG,1967,
MNG,FP.CPI.TOTL.ZG,1966,
MNG,FP.CPI.TOTL.ZG,1965,
MNG,FP.CPI.TOTL.ZG,1964,
MNG,FP.CPI.TOTL.ZG,1963,
MNG,FP.CPI.TOTL.ZG,1962,
MNG,FP.CPI.TOTL.ZG,1961,
MNG,FP.CPI.TOTL.ZG,1960,
MNE,FP.CPI.TOTL.ZG,2025,
MNE,FP.CPI.TOTL.ZG,2024,3.33675009282281
MNE,FP.CPI.TOTL.ZG,2023,8.58476910455403
MNE,FP.CPI.TOTL.ZG,2022,13.0403036347004
MNE,FP.CPI.TOTL.ZG,2021,2.41080198403165
MNE,FP.CPI.TOTL.ZG,2020,-0.255655699848551
MNE,FP.CPI.TOTL.ZG,2019,0.361563704540767
MNE,FP.CPI.TOTL.ZG,2018,2.611223782638
MNE,FP.CPI.TOTL.ZG,2017,2.3802359905313
MNE,FP.CPI.TOTL.ZG,2016,-0.271385023385176
MNE,FP.CPI.TOTL.ZG,2015,1.54869158222486
MNE,FP.CPI.TOTL.ZG,2014,-0.710514051710227
MNE,FP.CPI.TOTL.ZG,2013,2.20589268141178
MNE,FP.CPI.TOTL.ZG,2012,4.14524724981119
MNE,FP.CPI.TOTL.ZG,2011,3.4501431124869
MNE,FP.CPI.TOTL.ZG,2010,0.654946570148479
MNE,FP.CPI.TOTL.ZG,2009,3.46672373207793
MNE,FP.CPI.TOTL.ZG,2008,8.75872769588798
MNE,FP.CPI.TOTL.ZG,2007,4.34712215656112
MNE,FP.CPI.TOTL.ZG,2006,2.92451258123648
MNE,FP.CPI.TOTL.ZG,2005,
MNE,FP.CPI.TOTL.ZG,2004,
MNE,FP.CPI.TOTL.ZG,2003,
MNE,FP.CPI.TOTL.ZG,2002,
MNE,FP.CPI.TOTL.ZG,2001,
MNE,FP.CPI.TOTL.ZG,2000,
MNE,FP.CPI.TOTL.ZG,1999,
MNE,FP.CPI.TOTL.ZG,1998,
MNE,FP.CPI.TOTL.ZG,1997,
MNE,FP.CPI.TOTL.ZG,1996,
MNE,FP.CPI.TOTL.ZG,1995,
MNE,FP.CPI.TOTL.ZG,1994,
MNE,FP.CPI.TOTL.ZG,1993,
MNE,FP.CPI.TOTL.ZG,1992,
MNE,FP.CPI.TOTL.ZG,1991,
MNE,FP.CPI.TOTL.ZG,1990,
MNE,FP.CPI.TOTL.ZG,1989,
MNE,FP.CPI.TOTL.ZG,1988,
MNE,FP.CPI.TOTL.ZG,1987,
MNE,FP.CPI.TOTL.ZG,1986,
MNE,FP.CPI.TOTL.ZG,1985,
MNE,FP.CPI.TOTL.ZG,1984,
MNE,FP.CPI.TOTL.ZG,1983,
MNE,FP.CPI.TOTL.ZG,1982,
MNE,FP.CPI.TOTL.ZG,1981,
MNE,FP.CPI.TOTL.ZG,1980,
MNE,FP.CPI.TOTL.ZG,1979,
MNE,FP.CPI.TOTL.ZG,1978,
MNE,FP.CPI.TOTL.ZG,1977,
MNE,FP.CPI.TOTL.ZG,1976,
MNE,FP.CPI.TOTL.ZG,1975,
MNE,FP.CPI.TOTL.ZG,1974,
MNE,FP.CPI.TOTL.ZG,1973,
MNE,FP.CPI.TOTL.ZG,1972,
MNE,FP.CPI.TOTL.ZG,1971,
MNE,FP.CPI.TOTL.ZG,1970,
MNE,FP.CPI.TOTL.ZG,1969,
MNE,FP.CPI.TOTL.ZG,1968,
MNE,FP.CPI.TOTL.ZG,1967,
MNE,FP.CPI.TOTL.ZG,1966,
MNE,FP.CPI.TOTL.ZG,1965,
MNE,FP.CPI.TOTL.ZG,1964,
MNE,FP.CPI.TOTL.ZG,1963,
MNE,FP.CPI.TOTL.ZG,1962,
MNE,FP.CPI.TOTL.ZG,1961,
MNE,FP.CPI.TOTL.ZG,1960,
MAR,FP.CPI.TOTL.ZG,2025,
MAR,FP.CPI.TOTL.ZG,2024,0.985256592004507
MAR,FP.CPI.TOTL.ZG,2023,6.09114152504141
MAR,FP.CPI.TOTL.ZG,2022,6.65704202759067
MAR,FP.CPI.TOTL.ZG,2021,1.40195883962006
MAR,FP.CPI.TOTL.ZG,2020,0.705968661338261
MAR,FP.CPI.TOTL.ZG,2019,0.303386036590383
MAR,FP.CPI.TOTL.ZG,2018,1.80391671141896
MAR,FP.CPI.TOTL.ZG,2017,0.754663249323619
MAR,FP.CPI.TOTL.ZG,2016,1.63531114327064
MAR,FP.CPI.TOTL.ZG,2015,1.5579071134626
MAR,FP.CPI.TOTL.ZG,2014,0.442310053557048
MAR,FP.CPI.TOTL.ZG,2013,1.88065466724086
MAR,FP.CPI.TOTL.ZG,2012,1.28712240079219
MAR,FP.CPI.TOTL.ZG,2011,0.9069249096918
MAR,FP.CPI.TOTL.ZG,2010,0.993557401226392
MAR,FP.CPI.TOTL.ZG,2009,0.971862998667636
MAR,FP.CPI.TOTL.ZG,2008,3.71484311494064
MAR,FP.CPI.TOTL.ZG,2007,2.04208512673344
MAR,FP.CPI.TOTL.ZG,2006,3.28476166954811
MAR,FP.CPI.TOTL.ZG,2005,0.982641660015951
MAR,FP.CPI.TOTL.ZG,2004,1.49344403381774
MAR,FP.CPI.TOTL.ZG,2003,1.16773367477592
MAR,FP.CPI.TOTL.ZG,2002,2.79561966936936
MAR,FP.CPI.TOTL.ZG,2001,0.619801875297975
MAR,FP.CPI.TOTL.ZG,2000,1.89463456763464
MAR,FP.CPI.TOTL.ZG,1999,0.684782608695643
MAR,FP.CPI.TOTL.ZG,1998,2.75311330764477
MAR,FP.CPI.TOTL.ZG,1997,1.03819895051614
MAR,FP.CPI.TOTL.ZG,1996,2.98680922773017
MAR,FP.CPI.TOTL.ZG,1995,6.12358164775523
MAR,FP.CPI.TOTL.ZG,1994,5.14167152953361
MAR,FP.CPI.TOTL.ZG,1993,5.18311396030801
MAR,FP.CPI.TOTL.ZG,1992,5.7402466286874
MAR,FP.CPI.TOTL.ZG,1991,7.98616600790512
MAR,FP.CPI.TOTL.ZG,1990,6.78259401511006
MAR,FP.CPI.TOTL.ZG,1989,3.2599694922639
MAR,FP.CPI.TOTL.ZG,1988,2.36905505487641
MAR,FP.CPI.TOTL.ZG,1987,2.69873997713767
MAR,FP.CPI.TOTL.ZG,1986,8.73355918706675
MAR,FP.CPI.TOTL.ZG,1985,7.7286389008592
MAR,FP.CPI.TOTL.ZG,1984,12.4475693291853
MAR,FP.CPI.TOTL.ZG,1983,6.20793538870313
MAR,FP.CPI.TOTL.ZG,1982,10.5278072972983
MAR,FP.CPI.TOTL.ZG,1981,12.4925283921001
MAR,FP.CPI.TOTL.ZG,1980,9.40837947437956
MAR,FP.CPI.TOTL.ZG,1979,8.33136541815462
MAR,FP.CPI.TOTL.ZG,1978,9.7160327495434
MAR,FP.CPI.TOTL.ZG,1977,12.5970009920069
MAR,FP.CPI.TOTL.ZG,1976,8.50215244349303
MAR,FP.CPI.TOTL.ZG,1975,7.91828926702741
MAR,FP.CPI.TOTL.ZG,1974,17.5568227452454
MAR,FP.CPI.TOTL.ZG,1973,4.08461403612973
MAR,FP.CPI.TOTL.ZG,1972,3.75917055722263
MAR,FP.CPI.TOTL.ZG,1971,4.1553520683533
MAR,FP.CPI.TOTL.ZG,1970,1.27918132376476
MAR,FP.CPI.TOTL.ZG,1969,2.94989135439242
MAR,FP.CPI.TOTL.ZG,1968,0.436479069044525
MAR,FP.CPI.TOTL.ZG,1967,-0.748276993897715
MAR,FP.CPI.TOTL.ZG,1966,-1.0135793646964
MAR,FP.CPI.TOTL.ZG,1965,3.4828212200169
MAR,FP.CPI.TOTL.ZG,1964,4.02154147421213
MAR,FP.CPI.TOTL.ZG,1963,5.69971168745222
MAR,FP.CPI.TOTL.ZG,1962,5.09672908138148
MAR,FP.CPI.TOTL.ZG,1961,1.76312460493452
MAR,FP.CPI.TOTL.ZG,1960,3.42429906542058
MOZ,FP.CPI.TOTL.ZG,2025,
MOZ,FP.CPI.TOTL.ZG,2024,4.07856834812022
MOZ,FP.CPI.TOTL.ZG,2023,7.12697482131851
MOZ,FP.CPI.TOTL.ZG,2022,10.2794018093421
MOZ,FP.CPI.TOTL.ZG,2021,6.40847652975692
MOZ,FP.CPI.TOTL.ZG,2020,3.48393567493204
MOZ,FP.CPI.TOTL.ZG,2019,2.80270307928111
MOZ,FP.CPI.TOTL.ZG,2018,3.91133439990729
MOZ,FP.CPI.TOTL.ZG,2017,15.1132073899384
MOZ,FP.CPI.TOTL.ZG,2016,17.4180418197597
MOZ,FP.CPI.TOTL.ZG,2015,3.55075967356746
MOZ,FP.CPI.TOTL.ZG,2014,2.55974875844295
MOZ,FP.CPI.TOTL.ZG,2013,4.26135250941963
MOZ,FP.CPI.TOTL.ZG,2012,2.60245456956618
MOZ,FP.CPI.TOTL.ZG,2011,11.1666056127874
MOZ,FP.CPI.TOTL.ZG,2010,12.4255421735156
MOZ,FP.CPI.TOTL.ZG,2009,3.78861330914625
MOZ,FP.CPI.TOTL.ZG,2008,14.5028053002268
MOZ,FP.CPI.TOTL.ZG,2007,8.48948675497455
MOZ,FP.CPI.TOTL.ZG,2006,13.2450879070999
MOZ,FP.CPI.TOTL.ZG,2005,6.42755278070087
MOZ,FP.CPI.TOTL.ZG,2004,
MOZ,FP.CPI.TOTL.ZG,2003,
MOZ,FP.CPI.TOTL.ZG,2002,
MOZ,FP.CPI.TOTL.ZG,2001,
MOZ,FP.CPI.TOTL.ZG,2000,
MOZ,FP.CPI.TOTL.ZG,1999,
MOZ,FP.CPI.TOTL.ZG,1998,
MOZ,FP.CPI.TOTL.ZG,1997,
MOZ,FP.CPI.TOTL.ZG,1996,
MOZ,FP.CPI.TOTL.ZG,1995,
MOZ,FP.CPI.TOTL.ZG,1994,
MOZ,FP.CPI.TOTL.ZG,1993,
MOZ,FP.CPI.TOTL.ZG,1992,
MOZ,FP.CPI.TOTL.ZG,1991,
MOZ,FP.CPI.TOTL.ZG,1990,
MOZ,FP.CPI.TOTL.ZG,1989,
MOZ,FP.CPI.TOTL.ZG,1988,
MOZ,FP.CPI.TOTL.ZG,1987,
MOZ,FP.CPI.TOTL.ZG,1986,
MOZ,FP.CPI.TOTL.ZG,1985,
MOZ,FP.CPI.TOTL.ZG,1984,
MOZ,FP.CPI.TOTL.ZG,1983,
MOZ,FP.CPI.TOTL.ZG,1982,
MOZ,FP.CPI.TOTL.ZG,1981,
MOZ,FP.CPI.TOTL.ZG,1980,
MOZ,FP.CPI.TOTL.ZG,1979,
MOZ,FP.CPI.TOTL.ZG,1978,
MOZ,FP.CPI.TOTL.ZG,1977,
MOZ,FP.CPI.TOTL.ZG,1976,
MOZ,FP.CPI.TOTL.ZG,1975,
MOZ,FP.CPI.TOTL.ZG,1974,
MOZ,FP.CPI.TOTL.ZG,1973,
MOZ,FP.CPI.TOTL.ZG,1972,
MOZ,FP.CPI.TOTL.ZG,1971,
MOZ,FP.CPI.TOTL.ZG,1970,
MOZ,FP.CPI.TOTL.ZG,1969,
MOZ,FP.CPI.TOTL.ZG,1968,
MOZ,FP.CPI.TOTL.ZG,1967,
MOZ,FP.CPI.TOTL.ZG,1966,
MOZ,FP.CPI.TOTL.ZG,1965,
MOZ,FP.CPI.TOTL.ZG,1964,
MOZ,FP.CPI.TOTL.ZG,1963,
MOZ,FP.CPI.TOTL.ZG,1962,
MOZ,FP.CPI.TOTL.ZG,1961,
MOZ,FP.CPI.TOTL.ZG,1960,
MMR,FP.CPI.TOTL.ZG,2025,
MMR,FP.CPI.TOTL.ZG,2024,
MMR,FP.CPI.TOTL.ZG,2023,
MMR,FP.CPI.TOTL.ZG,2022,
MMR,FP.CPI.TOTL.ZG,2021,
MMR,FP.CPI.TOTL.ZG,2020,
MMR,FP.CPI.TOTL.ZG,2019,8.82506696804558
MMR,FP.CPI.TOTL.ZG,2018,6.87232865662935
MMR,FP.CPI.TOTL.ZG,2017,4.5725365531752
MMR,FP.CPI.TOTL.ZG,2016,6.92882525816076
MMR,FP.CPI.TOTL.ZG,2015,9.45417189526018
MMR,FP.CPI.TOTL.ZG,2014,4.953299184844
MMR,FP.CPI.TOTL.ZG,2013,5.64303883425501
MMR,FP.CPI.TOTL.ZG,2012,1.46758322674679
MMR,FP.CPI.TOTL.ZG,2011,5.0214601462073
MMR,FP.CPI.TOTL.ZG,2010,7.71838195873614
MMR,FP.CPI.TOTL.ZG,2009,1.47234311385647
MMR,FP.CPI.TOTL.ZG,2008,26.7995371934022
MMR,FP.CPI.TOTL.ZG,2007,35.0245970717698
MMR,FP.CPI.TOTL.ZG,2006,19.9964873359214
MMR,FP.CPI.TOTL.ZG,2005,9.36861814196704
MMR,FP.CPI.TOTL.ZG,2004,4.53421374129692
MMR,FP.CPI.TOTL.ZG,2003,36.5897175323924
MMR,FP.CPI.TOTL.ZG,2002,57.0745112621703
MMR,FP.CPI.TOTL.ZG,2001,21.101305376923
MMR,FP.CPI.TOTL.ZG,2000,-0.109165514668565
MMR,FP.CPI.TOTL.ZG,1999,18.4010433741609
MMR,FP.CPI.TOTL.ZG,1998,51.4875497504079
MMR,FP.CPI.TOTL.ZG,1997,29.6972325791529
MMR,FP.CPI.TOTL.ZG,1996,16.2753966377374
MMR,FP.CPI.TOTL.ZG,1995,25.1947123972847
MMR,FP.CPI.TOTL.ZG,1994,24.0987860757019
MMR,FP.CPI.TOTL.ZG,1993,31.83160687276
MMR,FP.CPI.TOTL.ZG,1992,21.9132104007913
MMR,FP.CPI.TOTL.ZG,1991,32.2720382866416
MMR,FP.CPI.TOTL.ZG,1990,17.6267750314504
MMR,FP.CPI.TOTL.ZG,1989,27.1985264490888
MMR,FP.CPI.TOTL.ZG,1988,16.0428021801856
MMR,FP.CPI.TOTL.ZG,1987,24.7599999999999
MMR,FP.CPI.TOTL.ZG,1986,9.32546190007652
MMR,FP.CPI.TOTL.ZG,1985,6.80756655768333
MMR,FP.CPI.TOTL.ZG,1984,4.84631154769053
MMR,FP.CPI.TOTL.ZG,1983,5.65008336345438
MMR,FP.CPI.TOTL.ZG,1982,5.30474040537993
MMR,FP.CPI.TOTL.ZG,1981,0.318444733265915
MMR,FP.CPI.TOTL.ZG,1980,0.608153083899614
MMR,FP.CPI.TOTL.ZG,1979,5.67229502887827
MMR,FP.CPI.TOTL.ZG,1978,-6.04470612570265
MMR,FP.CPI.TOTL.ZG,1977,-1.15668724252864
MMR,FP.CPI.TOTL.ZG,1976,22.3844016992292
MMR,FP.CPI.TOTL.ZG,1975,31.6556629348014
MMR,FP.CPI.TOTL.ZG,1974,25.2116613422039
MMR,FP.CPI.TOTL.ZG,1973,25.1999999992502
MMR,FP.CPI.TOTL.ZG,1972,7.64262648008593
MMR,FP.CPI.TOTL.ZG,1971,2.08791208791186
MMR,FP.CPI.TOTL.ZG,1970,-4.00843881755277
MMR,FP.CPI.TOTL.ZG,1969,-4.33905146321215
MMR,FP.CPI.TOTL.ZG,1968,2.37603305787562
MMR,FP.CPI.TOTL.ZG,1967,0.833333332291585
MMR,FP.CPI.TOTL.ZG,1966,25.4901960784319
MMR,FP.CPI.TOTL.ZG,1965,17.6923076923075
MMR,FP.CPI.TOTL.ZG,1964,-0.459418068919959
MMR,FP.CPI.TOTL.ZG,1963,-2.68256333834103
MMR,FP.CPI.TOTL.ZG,1962,-1.61290322727254
MMR,FP.CPI.TOTL.ZG,1961,-0.146412882872103
MMR,FP.CPI.TOTL.ZG,1960,7.38993710703491
NAM,FP.CPI.TOTL.ZG,2025,
NAM,FP.CPI.TOTL.ZG,2024,4.23903922877036
NAM,FP.CPI.TOTL.ZG,2023,5.87993463284275
NAM,FP.CPI.TOTL.ZG,2022,6.08128114112413
NAM,FP.CPI.TOTL.ZG,2021,3.61690530108814
NAM,FP.CPI.TOTL.ZG,2020,2.20938236933469
NAM,FP.CPI.TOTL.ZG,2019,3.72239414422695
NAM,FP.CPI.TOTL.ZG,2018,4.29159105337875
NAM,FP.CPI.TOTL.ZG,2017,6.14579981111164
NAM,FP.CPI.TOTL.ZG,2016,6.72858234593338
NAM,FP.CPI.TOTL.ZG,2015,3.39401538410559
NAM,FP.CPI.TOTL.ZG,2014,5.35016966859602
NAM,FP.CPI.TOTL.ZG,2013,5.60092502290401
NAM,FP.CPI.TOTL.ZG,2012,6.72199777334886
NAM,FP.CPI.TOTL.ZG,2011,5.005595180812
NAM,FP.CPI.TOTL.ZG,2010,4.8749198764395
NAM,FP.CPI.TOTL.ZG,2009,9.45172651521705
NAM,FP.CPI.TOTL.ZG,2008,9.0946430719281
NAM,FP.CPI.TOTL.ZG,2007,6.54788141101717
NAM,FP.CPI.TOTL.ZG,2006,4.96116689298916
NAM,FP.CPI.TOTL.ZG,2005,2.28194607024307
NAM,FP.CPI.TOTL.ZG,2004,4.13663213144748
NAM,FP.CPI.TOTL.ZG,2003,7.1361531145863
NAM,FP.CPI.TOTL.ZG,2002,
NAM,FP.CPI.TOTL.ZG,2001,
NAM,FP.CPI.TOTL.ZG,2000,
NAM,FP.CPI.TOTL.ZG,1999,
NAM,FP.CPI.TOTL.ZG,1998,
NAM,FP.CPI.TOTL.ZG,1997,
NAM,FP.CPI.TOTL.ZG,1996,
NAM,FP.CPI.TOTL.ZG,1995,
NAM,FP.CPI.TOTL.ZG,1994,
NAM,FP.CPI.TOTL.ZG,1993,
NAM,FP.CPI.TOTL.ZG,1992,
NAM,FP.CPI.TOTL.ZG,1991,
NAM,FP.CPI.TOTL.ZG,1990,
NAM,FP.CPI.TOTL.ZG,1989,
NAM,FP.CPI.TOTL.ZG,1988,
NAM,FP.CPI.TOTL.ZG,1987,
NAM,FP.CPI.TOTL.ZG,1986,
NAM,FP.CPI.TOTL.ZG,1985,
NAM,FP.CPI.TOTL.ZG,1984,
NAM,FP.CPI.TOTL.ZG,1983,
NAM,FP.CPI.TOTL.ZG,1982,
NAM,FP.CPI.TOTL.ZG,1981,
NAM,FP.CPI.TOTL.ZG,1980,
NAM,FP.CPI.TOTL.ZG,1979,
NAM,FP.CPI.TOTL.ZG,1978,
NAM,FP.CPI.TOTL.ZG,1977,
NAM,FP.CPI.TOTL.ZG,1976,
NAM,FP.CPI.TOTL.ZG,1975,
NAM,FP.CPI.TOTL.ZG,1974,
NAM,FP.CPI.TOTL.ZG,1973,
NAM,FP.CPI.TOTL.ZG,1972,
NAM,FP.CPI.TOTL.ZG,1971,
NAM,FP.CPI.TOTL.ZG,1970,
NAM,FP.CPI.TOTL.ZG,1969,
NAM,FP.CPI.TOTL.ZG,1968,
NAM,FP.CPI.TOTL.ZG,1967,
NAM,FP.CPI.TOTL.ZG,1966,
NAM,FP.CPI.TOTL.ZG,1965,
NAM,FP.CPI.TOTL.ZG,1964,
NAM,FP.CPI.TOTL.ZG,1963,
NAM,FP.CPI.TOTL.ZG,1962,
NAM,FP.CPI.TOTL.ZG,1961,
NAM,FP.CPI.TOTL.ZG,1960,
NRU,FP.CPI.TOTL.ZG,2025,
NRU,FP.CPI.TOTL.ZG,2024,
NRU,FP.CPI.TOTL.ZG,2023,
NRU,FP.CPI.TOTL.ZG,2022,
NRU,FP.CPI.TOTL.ZG,2021,
NRU,FP.CPI.TOTL.ZG,2020,
NRU,FP.CPI.TOTL.ZG,2019,
NRU,FP.CPI.TOTL.ZG,2018,
NRU,FP.CPI.TOTL.ZG,2017,
NRU,FP.CPI.TOTL.ZG,2016,
NRU,FP.CPI.TOTL.ZG,2015,
NRU,FP.CPI.TOTL.ZG,2014,
NRU,FP.CPI.TOTL.ZG,2013,
NRU,FP.CPI.TOTL.ZG,2012,-0.124750499001971
NRU,FP.CPI.TOTL.ZG,2011,0.3003003003003
NRU,FP.CPI.TOTL.ZG,2010,
NRU,FP.CPI.TOTL.ZG,2009,
NRU,FP.CPI.TOTL.ZG,2008,
NRU,FP.CPI.TOTL.ZG,2007,
NRU,FP.CPI.TOTL.ZG,2006,
NRU,FP.CPI.TOTL.ZG,2005,
NRU,FP.CPI.TOTL.ZG,2004,
NRU,FP.CPI.TOTL.ZG,2003,
NRU,FP.CPI.TOTL.ZG,2002,
NRU,FP.CPI.TOTL.ZG,2001,
NRU,FP.CPI.TOTL.ZG,2000,
NRU,FP.CPI.TOTL.ZG,1999,
NRU,FP.CPI.TOTL.ZG,1998,
NRU,FP.CPI.TOTL.ZG,1997,
NRU,FP.CPI.TOTL.ZG,1996,
NRU,FP.CPI.TOTL.ZG,1995,
NRU,FP.CPI.TOTL.ZG,1994,
NRU,FP.CPI.TOTL.ZG,1993,
NRU,FP.CPI.TOTL.ZG,1992,
NRU,FP.CPI.TOTL.ZG,1991,
NRU,FP.CPI.TOTL.ZG,1990,
NRU,FP.CPI.TOTL.ZG,1989,
NRU,FP.CPI.TOTL.ZG,1988,
NRU,FP.CPI.TOTL.ZG,1987,
NRU,FP.CPI.TOTL.ZG,1986,
NRU,FP.CPI.TOTL.ZG,1985,
NRU,FP.CPI.TOTL.ZG,1984,
NRU,FP.CPI.TOTL.ZG,1983,
NRU,FP.CPI.TOTL.ZG,1982,
NRU,FP.CPI.TOTL.ZG,1981,
NRU,FP.CPI.TOTL.ZG,1980,
NRU,FP.CPI.TOTL.ZG,1979,
NRU,FP.CPI.TOTL.ZG,1978,
NRU,FP.CPI.TOTL.ZG,1977,
NRU,FP.CPI.TOTL.ZG,1976,
NRU,FP.CPI.TOTL.ZG,1975,
NRU,FP.CPI.TOTL.ZG,1974,
NRU,FP.CPI.TOTL.ZG,1973,
NRU,FP.CPI.TOTL.ZG,1972,
NRU,FP.CPI.TOTL.ZG,1971,
NRU,FP.CPI.TOTL.ZG,1970,
NRU,FP.CPI.TOTL.ZG,1969,
NRU,FP.CPI.TOTL.ZG,1968,
NRU,FP.CPI.TOTL.ZG,1967,
NRU,FP.CPI.TOTL.ZG,1966,
NRU,FP.CPI.TOTL.ZG,1965,
NRU,FP.CPI.TOTL.ZG,1964,
NRU,FP.CPI.TOTL.ZG,1963,
NRU,FP.CPI.TOTL.ZG,1962,
NRU,FP.CPI.TOTL.ZG,1961,
NRU,FP.CPI.TOTL.ZG,1960,
NPL,FP.CPI.TOTL.ZG,2025,
NPL,FP.CPI.TOTL.ZG,2024,4.6850965426577
NPL,FP.CPI.TOTL.ZG,2023,7.11587261530826
NPL,FP.CPI.TOTL.ZG,2022,7.6702057938028
NPL,FP.CPI.TOTL.ZG,2021,4.12676744440695
NPL,FP.CPI.TOTL.ZG,2020,5.05635826238499
NPL,FP.CPI.TOTL.ZG,2019,5.56616035243723
NPL,FP.CPI.TOTL.ZG,2018,4.40659410175714
NPL,FP.CPI.TOTL.ZG,2017,2.77703998300211
NPL,FP.CPI.TOTL.ZG,2016,8.7903433200464
NPL,FP.CPI.TOTL.ZG,2015,7.86890895590891
NPL,FP.CPI.TOTL.ZG,2014,8.36415469659563
NPL,FP.CPI.TOTL.ZG,2013,9.04016311917645
NPL,FP.CPI.TOTL.ZG,2012,9.45980980357125
NPL,FP.CPI.TOTL.ZG,2011,9.2270754612596
NPL,FP.CPI.TOTL.ZG,2010,9.32650410745395
NPL,FP.CPI.TOTL.ZG,2009,11.0948237386987
NPL,FP.CPI.TOTL.ZG,2008,9.9078300530648
NPL,FP.CPI.TOTL.ZG,2007,2.26921924439074
NPL,FP.CPI.TOTL.ZG,2006,6.92033580707589
NPL,FP.CPI.TOTL.ZG,2005,6.83633265892877
NPL,FP.CPI.TOTL.ZG,2004,2.8418113124898
NPL,FP.CPI.TOTL.ZG,2003,5.70700931874738
NPL,FP.CPI.TOTL.ZG,2002,3.02939948714892
NPL,FP.CPI.TOTL.ZG,2001,2.6883037354563
NPL,FP.CPI.TOTL.ZG,2000,2.47882020709136
NPL,FP.CPI.TOTL.ZG,1999,7.45111260957546
NPL,FP.CPI.TOTL.ZG,1998,11.2444677818614
NPL,FP.CPI.TOTL.ZG,1997,4.00998860523181
NPL,FP.CPI.TOTL.ZG,1996,9.22046662376986
NPL,FP.CPI.TOTL.ZG,1995,7.62296950698163
NPL,FP.CPI.TOTL.ZG,1994,8.34928672883384
NPL,FP.CPI.TOTL.ZG,1993,7.50539419087105
NPL,FP.CPI.TOTL.ZG,1992,17.1495236243439
NPL,FP.CPI.TOTL.ZG,1991,15.5574529276949
NPL,FP.CPI.TOTL.ZG,1990,8.23970037453206
NPL,FP.CPI.TOTL.ZG,1989,8.84688691232552
NPL,FP.CPI.TOTL.ZG,1988,8.98300338208989
NPL,FP.CPI.TOTL.ZG,1987,10.750328044985
NPL,FP.CPI.TOTL.ZG,1986,18.9989495502395
NPL,FP.CPI.TOTL.ZG,1985,8.0526412661963
NPL,FP.CPI.TOTL.ZG,1984,2.84578495716266
NPL,FP.CPI.TOTL.ZG,1983,12.3772380782712
NPL,FP.CPI.TOTL.ZG,1982,11.6985465924139
NPL,FP.CPI.TOTL.ZG,1981,11.1448567278444
NPL,FP.CPI.TOTL.ZG,1980,14.6845027763768
NPL,FP.CPI.TOTL.ZG,1979,3.56545378520235
NPL,FP.CPI.TOTL.ZG,1978,7.34609125083297
NPL,FP.CPI.TOTL.ZG,1977,9.89885284313483
NPL,FP.CPI.TOTL.ZG,1976,-3.11323573327195
NPL,FP.CPI.TOTL.ZG,1975,7.58598521352968
NPL,FP.CPI.TOTL.ZG,1974,19.8063380280849
NPL,FP.CPI.TOTL.ZG,1973,11.42977252586
NPL,FP.CPI.TOTL.ZG,1972,8.3890238963018
NPL,FP.CPI.TOTL.ZG,1971,-1.99950384520826
NPL,FP.CPI.TOTL.ZG,1970,15.2372784450359
NPL,FP.CPI.TOTL.ZG,1969,4.0575916228156
NPL,FP.CPI.TOTL.ZG,1968,1.1798699737004
NPL,FP.CPI.TOTL.ZG,1967,-2.80833138334684
NPL,FP.CPI.TOTL.ZG,1966,14.3889706868656
NPL,FP.CPI.TOTL.ZG,1965,8.47186932846475
NPL,FP.CPI.TOTL.ZG,1964,
NPL,FP.CPI.TOTL.ZG,1963,
NPL,FP.CPI.TOTL.ZG,1962,
NPL,FP.CPI.TOTL.ZG,1961,
NPL,FP.CPI.TOTL.ZG,1960,
NLD,FP.CPI.TOTL.ZG,2025,
NLD,FP.CPI.TOTL.ZG,2024,3.34754304219953
NLD,FP.CPI.TOTL.ZG,2023,3.83839354342808
NLD,FP.CPI.TOTL.ZG,2022,10.0012078753473
NLD,FP.CPI.TOTL.ZG,2021,2.67572008805385
NLD,FP.CPI.TOTL.ZG,2020,1.27246037789161
NLD,FP.CPI.TOTL.ZG,2019,2.63369910249601
NLD,FP.CPI.TOTL.ZG,2018,1.7034979474447
NLD,FP.CPI.TOTL.ZG,2017,1.38145871407206
NLD,FP.CPI.TOTL.ZG,2016,0.316666666666743
NLD,FP.CPI.TOTL.ZG,2015,0.600248147278776
NLD,FP.CPI.TOTL.ZG,2014,0.976035079699679
NLD,FP.CPI.TOTL.ZG,2013,2.50689852657885
NLD,FP.CPI.TOTL.ZG,2012,2.45554765291604
NLD,FP.CPI.TOTL.ZG,2011,2.34107017751373
NLD,FP.CPI.TOTL.ZG,2010,1.27530569556683
NLD,FP.CPI.TOTL.ZG,2009,1.1897768702155
NLD,FP.CPI.TOTL.ZG,2008,2.48650198289454
NLD,FP.CPI.TOTL.ZG,2007,1.61385859802103
NLD,FP.CPI.TOTL.ZG,2006,1.10150106517702
NLD,FP.CPI.TOTL.ZG,2005,1.68813017869623
NLD,FP.CPI.TOTL.ZG,2004,1.2636473918318
NLD,FP.CPI.TOTL.ZG,2003,2.09199838997655
NLD,FP.CPI.TOTL.ZG,2002,3.28753104712771
NLD,FP.CPI.TOTL.ZG,2001,4.15584127195613
NLD,FP.CPI.TOTL.ZG,2000,2.36052233801948
NLD,FP.CPI.TOTL.ZG,1999,2.15717918055059
NLD,FP.CPI.TOTL.ZG,1998,1.95913632274251
NLD,FP.CPI.TOTL.ZG,1997,2.10924562739483
NLD,FP.CPI.TOTL.ZG,1996,1.94936713166008
NLD,FP.CPI.TOTL.ZG,1995,1.92322003453525
NLD,FP.CPI.TOTL.ZG,1994,2.80152463293178
NLD,FP.CPI.TOTL.ZG,1993,2.58418448671799
NLD,FP.CPI.TOTL.ZG,1992,3.18358181761551
NLD,FP.CPI.TOTL.ZG,1991,3.15820041477122
NLD,FP.CPI.TOTL.ZG,1990,2.45409184818341
NLD,FP.CPI.TOTL.ZG,1989,1.08215810253299
NLD,FP.CPI.TOTL.ZG,1988,0.737950688332319
NLD,FP.CPI.TOTL.ZG,1987,-0.691210481411519
NLD,FP.CPI.TOTL.ZG,1986,0.0833467771085387
NLD,FP.CPI.TOTL.ZG,1985,2.2585844298862
NLD,FP.CPI.TOTL.ZG,1984,3.30164075759304
NLD,FP.CPI.TOTL.ZG,1983,2.74084033162258
NLD,FP.CPI.TOTL.ZG,1982,5.91109658468384
NLD,FP.CPI.TOTL.ZG,1981,6.73892655204782
NLD,FP.CPI.TOTL.ZG,1980,6.51345545521797
NLD,FP.CPI.TOTL.ZG,1979,4.19929990168348
NLD,FP.CPI.TOTL.ZG,1978,4.11201196269291
NLD,FP.CPI.TOTL.ZG,1977,6.39929487406097
NLD,FP.CPI.TOTL.ZG,1976,8.83065158603156
NLD,FP.CPI.TOTL.ZG,1975,10.2174757948241
NLD,FP.CPI.TOTL.ZG,1974,9.59142267268508
NLD,FP.CPI.TOTL.ZG,1973,8.02220995878936
NLD,FP.CPI.TOTL.ZG,1972,7.80279219256605
NLD,FP.CPI.TOTL.ZG,1971,7.47767867671161
NLD,FP.CPI.TOTL.ZG,1970,3.66893088808655
NLD,FP.CPI.TOTL.ZG,1969,7.42179005501285
NLD,FP.CPI.TOTL.ZG,1968,3.72079328019141
NLD,FP.CPI.TOTL.ZG,1967,3.45533218314714
NLD,FP.CPI.TOTL.ZG,1966,5.76214023622459
NLD,FP.CPI.TOTL.ZG,1965,3.90803782779622
NLD,FP.CPI.TOTL.ZG,1964,5.8237682581744
NLD,FP.CPI.TOTL.ZG,1963,3.24364737396401
NLD,FP.CPI.TOTL.ZG,1962,2.4311226441781
NLD,FP.CPI.TOTL.ZG,1961,1.30763936682731
NLD,FP.CPI.TOTL.ZG,1960,2.32394366197218
NCL,FP.CPI.TOTL.ZG,2025,
NCL,FP.CPI.TOTL.ZG,2024,
NCL,FP.CPI.TOTL.ZG,2023,
NCL,FP.CPI.TOTL.ZG,2022,
NCL,FP.CPI.TOTL.ZG,2021,
NCL,FP.CPI.TOTL.ZG,2020,
NCL,FP.CPI.TOTL.ZG,2019,
NCL,FP.CPI.TOTL.ZG,2018,
NCL,FP.CPI.TOTL.ZG,2017,
NCL,FP.CPI.TOTL.ZG,2016,0.578317435520754
NCL,FP.CPI.TOTL.ZG,2015,0.570508141048402
NCL,FP.CPI.TOTL.ZG,2014,0.178851060785511
NCL,FP.CPI.TOTL.ZG,2013,1.27761318992718
NCL,FP.CPI.TOTL.ZG,2012,1.74967234600262
NCL,FP.CPI.TOTL.ZG,2011,2.42899693753383
NCL,FP.CPI.TOTL.ZG,2010,
NCL,FP.CPI.TOTL.ZG,2009,
NCL,FP.CPI.TOTL.ZG,2008,
NCL,FP.CPI.TOTL.ZG,2007,
NCL,FP.CPI.TOTL.ZG,2006,
NCL,FP.CPI.TOTL.ZG,2005,
NCL,FP.CPI.TOTL.ZG,2004,
NCL,FP.CPI.TOTL.ZG,2003,
NCL,FP.CPI.TOTL.ZG,2002,
NCL,FP.CPI.TOTL.ZG,2001,
NCL,FP.CPI.TOTL.ZG,2000,
NCL,FP.CPI.TOTL.ZG,1999,
NCL,FP.CPI.TOTL.ZG,1998,
NCL,FP.CPI.TOTL.ZG,1997,
NCL,FP.CPI.TOTL.ZG,1996,
NCL,FP.CPI.TOTL.ZG,1995,
NCL,FP.CPI.TOTL.ZG,1994,
NCL,FP.CPI.TOTL.ZG,1993,
NCL,FP.CPI.TOTL.ZG,1992,
NCL,FP.CPI.TOTL.ZG,1991,
NCL,FP.CPI.TOTL.ZG,1990,
NCL,FP.CPI.TOTL.ZG,1989,
NCL,FP.CPI.TOTL.ZG,1988,
NCL,FP.CPI.TOTL.ZG,1987,
NCL,FP.CPI.TOTL.ZG,1986,
NCL,FP.CPI.TOTL.ZG,1985,
NCL,FP.CPI.TOTL.ZG,1984,
NCL,FP.CPI.TOTL.ZG,1983,
NCL,FP.CPI.TOTL.ZG,1982,
NCL,FP.CPI.TOTL.ZG,1981,
NCL,FP.CPI.TOTL.ZG,1980,
NCL,FP.CPI.TOTL.ZG,1979,
NCL,FP.CPI.TOTL.ZG,1978,
NCL,FP.CPI.TOTL.ZG,1977,
NCL,FP.CPI.TOTL.ZG,1976,
NCL,FP.CPI.TOTL.ZG,1975,
NCL,FP.CPI.TOTL.ZG,1974,
NCL,FP.CPI.TOTL.ZG,1973,
NCL,FP.CPI.TOTL.ZG,1972,
NCL,FP.CPI.TOTL.ZG,1971,
NCL,FP.CPI.TOTL.ZG,1970,
NCL,FP.CPI.TOTL.ZG,1969,
NCL,FP.CPI.TOTL.ZG,1968,
NCL,FP.CPI.TOTL.ZG,1967,
NCL,FP.CPI.TOTL.ZG,1966,
NCL,FP.CPI.TOTL.ZG,1965,
NCL,FP.CPI.TOTL.ZG,1964,
NCL,FP.CPI.TOTL.ZG,1963,
NCL,FP.CPI.TOTL.ZG,1962,
NCL,FP.CPI.TOTL.ZG,1961,
NCL,FP.CPI.TOTL.ZG,1960,
NZL,FP.CPI.TOTL.ZG,2025,
NZL,FP.CPI.TOTL.ZG,2024,2.92279782301957
NZL,FP.CPI.TOTL.ZG,2023,5.73316283034957
NZL,FP.CPI.TOTL.ZG,2022,7.17222476016441
NZL,FP.CPI.TOTL.ZG,2021,3.94112060778728
NZL,FP.CPI.TOTL.ZG,2020,1.71456170007245
NZL,FP.CPI.TOTL.ZG,2019,1.61963190184048
NZL,FP.CPI.TOTL.ZG,2018,1.59829703801696
NZL,FP.CPI.TOTL.ZG,2017,1.85078767452536
NZL,FP.CPI.TOTL.ZG,2016,0.646240284454524
NZL,FP.CPI.TOTL.ZG,2015,0.292704628136101
NZL,FP.CPI.TOTL.ZG,2014,1.227507505974
NZL,FP.CPI.TOTL.ZG,2013,1.13442266445817
NZL,FP.CPI.TOTL.ZG,2012,1.05991318445632
NZL,FP.CPI.TOTL.ZG,2011,4.0279066739204
NZL,FP.CPI.TOTL.ZG,2010,2.30202385958572
NZL,FP.CPI.TOTL.ZG,2009,2.1156511055456
NZL,FP.CPI.TOTL.ZG,2008,3.9589493731206
NZL,FP.CPI.TOTL.ZG,2007,2.37614310290659
NZL,FP.CPI.TOTL.ZG,2006,3.36540196171993
NZL,FP.CPI.TOTL.ZG,2005,3.03702332617012
NZL,FP.CPI.TOTL.ZG,2004,2.29024902847571
NZL,FP.CPI.TOTL.ZG,2003,1.75357444759557
NZL,FP.CPI.TOTL.ZG,2002,2.67709257711605
NZL,FP.CPI.TOTL.ZG,2001,2.62581630392903
NZL,FP.CPI.TOTL.ZG,2000,2.6152344624632
NZL,FP.CPI.TOTL.ZG,1999,-0.114267129777524
NZL,FP.CPI.TOTL.ZG,1998,1.26524409915406
NZL,FP.CPI.TOTL.ZG,1997,1.18714833105632
NZL,FP.CPI.TOTL.ZG,1996,2.28571305402195
NZL,FP.CPI.TOTL.ZG,1995,3.75494413677554
NZL,FP.CPI.TOTL.ZG,1994,1.74537790773743
NZL,FP.CPI.TOTL.ZG,1993,1.28820776574386
NZL,FP.CPI.TOTL.ZG,1992,1.01456027171236
NZL,FP.CPI.TOTL.ZG,1991,2.60239285999773
NZL,FP.CPI.TOTL.ZG,1990,6.09844414810204
NZL,FP.CPI.TOTL.ZG,1989,5.7159915513563
NZL,FP.CPI.TOTL.ZG,1988,6.37524944411053
NZL,FP.CPI.TOTL.ZG,1987,15.7443007888927
NZL,FP.CPI.TOTL.ZG,1986,13.2133980640021
NZL,FP.CPI.TOTL.ZG,1985,15.4176555719917
NZL,FP.CPI.TOTL.ZG,1984,6.17125347924442
NZL,FP.CPI.TOTL.ZG,1983,7.34107586057345
NZL,FP.CPI.TOTL.ZG,1982,16.1636941231018
NZL,FP.CPI.TOTL.ZG,1981,15.3701595831853
NZL,FP.CPI.TOTL.ZG,1980,17.1505454240954
NZL,FP.CPI.TOTL.ZG,1979,13.6995950156642
NZL,FP.CPI.TOTL.ZG,1978,11.9566179733303
NZL,FP.CPI.TOTL.ZG,1977,14.3835494194622
NZL,FP.CPI.TOTL.ZG,1976,16.906857005945
NZL,FP.CPI.TOTL.ZG,1975,14.6849834723994
NZL,FP.CPI.TOTL.ZG,1974,11.1094020122224
NZL,FP.CPI.TOTL.ZG,1973,8.16666927326658
NZL,FP.CPI.TOTL.ZG,1972,6.93280459206854
NZL,FP.CPI.TOTL.ZG,1971,10.3875683188138
NZL,FP.CPI.TOTL.ZG,1970,6.5171810515548
NZL,FP.CPI.TOTL.ZG,1969,4.92524242695133
NZL,FP.CPI.TOTL.ZG,1968,4.31192496550194
NZL,FP.CPI.TOTL.ZG,1967,6.05692006267522
NZL,FP.CPI.TOTL.ZG,1966,2.75548077542815
NZL,FP.CPI.TOTL.ZG,1965,3.39748975611084
NZL,FP.CPI.TOTL.ZG,1964,3.4749054767661
NZL,FP.CPI.TOTL.ZG,1963,1.96849850441887
NZL,FP.CPI.TOTL.ZG,1962,2.68085396987461
NZL,FP.CPI.TOTL.ZG,1961,1.79770429009208
NZL,FP.CPI.TOTL.ZG,1960,0.697929233796477
NIC,FP.CPI.TOTL.ZG,2025,
NIC,FP.CPI.TOTL.ZG,2024,4.62473841057141
NIC,FP.CPI.TOTL.ZG,2023,8.38765854872536
NIC,FP.CPI.TOTL.ZG,2022,10.4674244465991
NIC,FP.CPI.TOTL.ZG,2021,4.92841396948968
NIC,FP.CPI.TOTL.ZG,2020,3.68181341625572
NIC,FP.CPI.TOTL.ZG,2019,5.37628990844126
NIC,FP.CPI.TOTL.ZG,2018,4.94723728039886
NIC,FP.CPI.TOTL.ZG,2017,3.85067166284727
NIC,FP.CPI.TOTL.ZG,2016,3.52317317628473
NIC,FP.CPI.TOTL.ZG,2015,3.99737996694396
NIC,FP.CPI.TOTL.ZG,2014,6.03596861798425
NIC,FP.CPI.TOTL.ZG,2013,7.13546785289407
NIC,FP.CPI.TOTL.ZG,2012,7.1935505333896
NIC,FP.CPI.TOTL.ZG,2011,8.082387980991
NIC,FP.CPI.TOTL.ZG,2010,5.45513425887423
NIC,FP.CPI.TOTL.ZG,2009,3.68700160498797
NIC,FP.CPI.TOTL.ZG,2008,19.8262031287429
NIC,FP.CPI.TOTL.ZG,2007,11.1269347446118
NIC,FP.CPI.TOTL.ZG,2006,9.1401996677772
NIC,FP.CPI.TOTL.ZG,2005,9.59909986064425
NIC,FP.CPI.TOTL.ZG,2004,8.47021063584077
NIC,FP.CPI.TOTL.ZG,2003,5.30238773219936
NIC,FP.CPI.TOTL.ZG,2002,3.75017465778466
NIC,FP.CPI.TOTL.ZG,2001,5.98604186279518
NIC,FP.CPI.TOTL.ZG,2000,7.06991352252517
NIC,FP.CPI.TOTL.ZG,1999,
NIC,FP.CPI.TOTL.ZG,1998,
NIC,FP.CPI.TOTL.ZG,1997,
NIC,FP.CPI.TOTL.ZG,1996,
NIC,FP.CPI.TOTL.ZG,1995,
NIC,FP.CPI.TOTL.ZG,1994,
NIC,FP.CPI.TOTL.ZG,1993,
NIC,FP.CPI.TOTL.ZG,1992,
NIC,FP.CPI.TOTL.ZG,1991,
NIC,FP.CPI.TOTL.ZG,1990,
NIC,FP.CPI.TOTL.ZG,1989,
NIC,FP.CPI.TOTL.ZG,1988,
NIC,FP.CPI.TOTL.ZG,1987,
NIC,FP.CPI.TOTL.ZG,1986,
NIC,FP.CPI.TOTL.ZG,1985,
NIC,FP.CPI.TOTL.ZG,1984,
NIC,FP.CPI.TOTL.ZG,1983,
NIC,FP.CPI.TOTL.ZG,1982,
NIC,FP.CPI.TOTL.ZG,1981,
NIC,FP.CPI.TOTL.ZG,1980,
NIC,FP.CPI.TOTL.ZG,1979,
NIC,FP.CPI.TOTL.ZG,1978,
NIC,FP.CPI.TOTL.ZG,1977,
NIC,FP.CPI.TOTL.ZG,1976,
NIC,FP.CPI.TOTL.ZG,1975,
NIC,FP.CPI.TOTL.ZG,1974,
NIC,FP.CPI.TOTL.ZG,1973,
NIC,FP.CPI.TOTL.ZG,1972,
NIC,FP.CPI.TOTL.ZG,1971,
NIC,FP.CPI.TOTL.ZG,1970,
NIC,FP.CPI.TOTL.ZG,1969,
NIC,FP.CPI.TOTL.ZG,1968,
NIC,FP.CPI.TOTL.ZG,1967,
NIC,FP.CPI.TOTL.ZG,1966,
NIC,FP.CPI.TOTL.ZG,1965,
NIC,FP.CPI.TOTL.ZG,1964,
NIC,FP.CPI.TOTL.ZG,1963,
NIC,FP.CPI.TOTL.ZG,1962,
NIC,FP.CPI.TOTL.ZG,1961,
NIC,FP.CPI.TOTL.ZG,1960,
NER,FP.CPI.TOTL.ZG,2025,
NER,FP.CPI.TOTL.ZG,2024,9.07151997725013
NER,FP.CPI.TOTL.ZG,2023,3.70097316425834
NER,FP.CPI.TOTL.ZG,2022,4.22621791916392
NER,FP.CPI.TOTL.ZG,2021,3.8378680284051
NER,FP.CPI.TOTL.ZG,2020,2.8981937602627
NER,FP.CPI.TOTL.ZG,2019,-2.48979265070855
NER,FP.CPI.TOTL.ZG,2018,2.96760366004456
NER,FP.CPI.TOTL.ZG,2017,2.79637318871284
NER,FP.CPI.TOTL.ZG,2016,1.65388922387806
NER,FP.CPI.TOTL.ZG,2015,-0.576090369833189
NER,FP.CPI.TOTL.ZG,2014,-0.930287259984466
NER,FP.CPI.TOTL.ZG,2013,2.29723114955317
NER,FP.CPI.TOTL.ZG,2012,0.455089820359289
NER,FP.CPI.TOTL.ZG,2011,2.9423851401332
NER,FP.CPI.TOTL.ZG,2010,0.804073080882659
NER,FP.CPI.TOTL.ZG,2009,0.582906590801122
NER,FP.CPI.TOTL.ZG,2008,11.3051098827019
NER,FP.CPI.TOTL.ZG,2007,0.0539592607581562
NER,FP.CPI.TOTL.ZG,2006,0.0404858299595074
NER,FP.CPI.TOTL.ZG,2005,7.7974978178644
NER,FP.CPI.TOTL.ZG,2004,0.262543757292838
NER,FP.CPI.TOTL.ZG,2003,-1.61440769175596
NER,FP.CPI.TOTL.ZG,2002,2.62886597938136
NER,FP.CPI.TOTL.ZG,2001,4.00551428352678
NER,FP.CPI.TOTL.ZG,2000,2.90014973599108
NER,FP.CPI.TOTL.ZG,1999,-2.30212503849648
NER,FP.CPI.TOTL.ZG,1998,4.5480157771872
NER,FP.CPI.TOTL.ZG,1997,2.93345253394422
NER,FP.CPI.TOTL.ZG,1996,5.28885751264882
NER,FP.CPI.TOTL.ZG,1995,10.5632886691814
NER,FP.CPI.TOTL.ZG,1994,36.0410583134241
NER,FP.CPI.TOTL.ZG,1993,-1.21503496503496
NER,FP.CPI.TOTL.ZG,1992,-4.47561790247176
NER,FP.CPI.TOTL.ZG,1991,-7.79664179104467
NER,FP.CPI.TOTL.ZG,1990,-0.775653010977504
NER,FP.CPI.TOTL.ZG,1989,-2.84352517985618
NER,FP.CPI.TOTL.ZG,1988,-1.39396304047091
NER,FP.CPI.TOTL.ZG,1987,-6.71210892901195
NER,FP.CPI.TOTL.ZG,1986,-3.20757134165687
NER,FP.CPI.TOTL.ZG,1985,-0.923399123994819
NER,FP.CPI.TOTL.ZG,1984,8.36442411829965
NER,FP.CPI.TOTL.ZG,1983,-2.48960568671488
NER,FP.CPI.TOTL.ZG,1982,11.6418357416785
NER,FP.CPI.TOTL.ZG,1981,22.9134075641635
NER,FP.CPI.TOTL.ZG,1980,10.3052757124046
NER,FP.CPI.TOTL.ZG,1979,7.2678770722336
NER,FP.CPI.TOTL.ZG,1978,10.0932002756994
NER,FP.CPI.TOTL.ZG,1977,23.251089606333
NER,FP.CPI.TOTL.ZG,1976,23.5296801569284
NER,FP.CPI.TOTL.ZG,1975,9.11580205137059
NER,FP.CPI.TOTL.ZG,1974,3.39750849373326
NER,FP.CPI.TOTL.ZG,1973,11.7850155367474
NER,FP.CPI.TOTL.ZG,1972,9.75116837202703
NER,FP.CPI.TOTL.ZG,1971,4.19161676648677
NER,FP.CPI.TOTL.ZG,1970,1.11783884490559
NER,FP.CPI.TOTL.ZG,1969,10.6456600158433
NER,FP.CPI.TOTL.ZG,1968,-2.92309891297468
NER,FP.CPI.TOTL.ZG,1967,0.430663221364437
NER,FP.CPI.TOTL.ZG,1966,10.5714285704761
NER,FP.CPI.TOTL.ZG,1965,4.37375745630592
NER,FP.CPI.TOTL.ZG,1964,1.00401606426671
NER,FP.CPI.TOTL.ZG,1963,
NER,FP.CPI.TOTL.ZG,1962,
NER,FP.CPI.TOTL.ZG,1961,
NER,FP.CPI.TOTL.ZG,1960,
NGA,FP.CPI.TOTL.ZG,2025,
NGA,FP.CPI.TOTL.ZG,2024,33.2420966545406
NGA,FP.CPI.TOTL.ZG,2023,24.659550203114
NGA,FP.CPI.TOTL.ZG,2022,18.8471877843274
NGA,FP.CPI.TOTL.ZG,2021,16.9528457221608
NGA,FP.CPI.TOTL.ZG,2020,13.2460234276597
NGA,FP.CPI.TOTL.ZG,2019,11.3964223378116
NGA,FP.CPI.TOTL.ZG,2018,12.0951065173432
NGA,FP.CPI.TOTL.ZG,2017,16.5022662139641
NGA,FP.CPI.TOTL.ZG,2016,15.6968126387972
NGA,FP.CPI.TOTL.ZG,2015,9.00943498007706
NGA,FP.CPI.TOTL.ZG,2014,8.04741087967907
NGA,FP.CPI.TOTL.ZG,2013,8.49551838265669
NGA,FP.CPI.TOTL.ZG,2012,12.2242413020584
NGA,FP.CPI.TOTL.ZG,2011,10.8261371880017
NGA,FP.CPI.TOTL.ZG,2010,13.7400521363694
NGA,FP.CPI.TOTL.ZG,2009,12.5378277304689
NGA,FP.CPI.TOTL.ZG,2008,11.5810751748252
NGA,FP.CPI.TOTL.ZG,2007,5.38800796858626
NGA,FP.CPI.TOTL.ZG,2006,8.22522152017047
NGA,FP.CPI.TOTL.ZG,2005,17.8634933661605
NGA,FP.CPI.TOTL.ZG,2004,14.9980338183251
NGA,FP.CPI.TOTL.ZG,2003,14.0317836131437
NGA,FP.CPI.TOTL.ZG,2002,12.8765792031099
NGA,FP.CPI.TOTL.ZG,2001,18.8736462093863
NGA,FP.CPI.TOTL.ZG,2000,6.93329215565161
NGA,FP.CPI.TOTL.ZG,1999,6.61837339479751
NGA,FP.CPI.TOTL.ZG,1998,9.99637812386806
NGA,FP.CPI.TOTL.ZG,1997,8.52987421383634
NGA,FP.CPI.TOTL.ZG,1996,29.2682926829271
NGA,FP.CPI.TOTL.ZG,1995,72.8355022972638
NGA,FP.CPI.TOTL.ZG,1994,57.0317089119659
NGA,FP.CPI.TOTL.ZG,1993,57.1652528349217
NGA,FP.CPI.TOTL.ZG,1992,44.588842715023
NGA,FP.CPI.TOTL.ZG,1991,13.0069731037428
NGA,FP.CPI.TOTL.ZG,1990,7.36440030557696
NGA,FP.CPI.TOTL.ZG,1989,50.4666881235915
NGA,FP.CPI.TOTL.ZG,1988,54.5112247797673
NGA,FP.CPI.TOTL.ZG,1987,11.2903225806451
NGA,FP.CPI.TOTL.ZG,1986,5.71715145436302
NGA,FP.CPI.TOTL.ZG,1985,7.43534482758635
NGA,FP.CPI.TOTL.ZG,1984,17.8205332860842
NGA,FP.CPI.TOTL.ZG,1983,23.2123315511559
NGA,FP.CPI.TOTL.ZG,1982,7.69774724714249
NGA,FP.CPI.TOTL.ZG,1981,20.8128229121949
NGA,FP.CPI.TOTL.ZG,1980,9.97226199001424
NGA,FP.CPI.TOTL.ZG,1979,11.7097306212118
NGA,FP.CPI.TOTL.ZG,1978,21.7092457416665
NGA,FP.CPI.TOTL.ZG,1977,15.0878340572687
NGA,FP.CPI.TOTL.ZG,1976,24.2999999999997
NGA,FP.CPI.TOTL.ZG,1975,33.9641883221776
NGA,FP.CPI.TOTL.ZG,1974,12.674393177433
NGA,FP.CPI.TOTL.ZG,1973,5.4026644539422
NGA,FP.CPI.TOTL.ZG,1972,3.457649752015
NGA,FP.CPI.TOTL.ZG,1971,15.9991148482235
NGA,FP.CPI.TOTL.ZG,1970,13.757079924793
NGA,FP.CPI.TOTL.ZG,1969,10.155979202822
NGA,FP.CPI.TOTL.ZG,1968,-0.476059059060833
NGA,FP.CPI.TOTL.ZG,1967,-3.72633676514216
NGA,FP.CPI.TOTL.ZG,1966,9.69034608375118
NGA,FP.CPI.TOTL.ZG,1965,4.10345873811619
NGA,FP.CPI.TOTL.ZG,1964,0.856793145737554
NGA,FP.CPI.TOTL.ZG,1963,-2.69465535232731
NGA,FP.CPI.TOTL.ZG,1962,5.26563234621733
NGA,FP.CPI.TOTL.ZG,1961,6.27914723477514
NGA,FP.CPI.TOTL.ZG,1960,5.4443273618724
MKD,FP.CPI.TOTL.ZG,2025,
MKD,FP.CPI.TOTL.ZG,2024,3.48974086026947
MKD,FP.CPI.TOTL.ZG,2023,9.36187249769016
MKD,FP.CPI.TOTL.ZG,2022,14.2047173195833
MKD,FP.CPI.TOTL.ZG,2021,3.23074912132919
MKD,FP.CPI.TOTL.ZG,2020,1.20007348888487
MKD,FP.CPI.TOTL.ZG,2019,0.766439573459716
MKD,FP.CPI.TOTL.ZG,2018,1.45831298507117
MKD,FP.CPI.TOTL.ZG,2017,1.35161889677442
MKD,FP.CPI.TOTL.ZG,2016,-0.23929078768441
MKD,FP.CPI.TOTL.ZG,2015,-0.299920475631552
MKD,FP.CPI.TOTL.ZG,2014,-0.281705032928494
MKD,FP.CPI.TOTL.ZG,2013,2.78500056726118
MKD,FP.CPI.TOTL.ZG,2012,3.31605566687647
MKD,FP.CPI.TOTL.ZG,2011,3.9047542206973
MKD,FP.CPI.TOTL.ZG,2010,1.50997522027621
MKD,FP.CPI.TOTL.ZG,2009,-0.739633963061153
MKD,FP.CPI.TOTL.ZG,2008,8.33189666968095
MKD,FP.CPI.TOTL.ZG,2007,2.25175798305457
MKD,FP.CPI.TOTL.ZG,2006,3.21362929606346
MKD,FP.CPI.TOTL.ZG,2005,0.525515950714282
MKD,FP.CPI.TOTL.ZG,2004,-0.448650206552038
MKD,FP.CPI.TOTL.ZG,2003,0.855562122724231
MKD,FP.CPI.TOTL.ZG,2002,2.31459794083219
MKD,FP.CPI.TOTL.ZG,2001,5.19888525744048
MKD,FP.CPI.TOTL.ZG,2000,6.60742291038536
MKD,FP.CPI.TOTL.ZG,1999,-1.27928657572626
MKD,FP.CPI.TOTL.ZG,1998,0.544199652523074
MKD,FP.CPI.TOTL.ZG,1997,1.29436487155045
MKD,FP.CPI.TOTL.ZG,1996,2.46660008582917
MKD,FP.CPI.TOTL.ZG,1995,16.3735889723568
MKD,FP.CPI.TOTL.ZG,1994,126.583368336245
MKD,FP.CPI.TOTL.ZG,1993,
MKD,FP.CPI.TOTL.ZG,1992,
MKD,FP.CPI.TOTL.ZG,1991,
MKD,FP.CPI.TOTL.ZG,1990,
MKD,FP.CPI.TOTL.ZG,1989,
MKD,FP.CPI.TOTL.ZG,1988,
MKD,FP.CPI.TOTL.ZG,1987,
MKD,FP.CPI.TOTL.ZG,1986,
MKD,FP.CPI.TOTL.ZG,1985,
MKD,FP.CPI.TOTL.ZG,1984,
MKD,FP.CPI.TOTL.ZG,1983,
MKD,FP.CPI.TOTL.ZG,1982,
MKD,FP.CPI.TOTL.ZG,1981,
MKD,FP.CPI.TOTL.ZG,1980,
MKD,FP.CPI.TOTL.ZG,1979,
MKD,FP.CPI.TOTL.ZG,1978,
MKD,FP.CPI.TOTL.ZG,1977,
MKD,FP.CPI.TOTL.ZG,1976,
MKD,FP.CPI.TOTL.ZG,1975,
MKD,FP.CPI.TOTL.ZG,1974,
MKD,FP.CPI.TOTL.ZG,1973,
MKD,FP.CPI.TOTL.ZG,1972,
MKD,FP.CPI.TOTL.ZG,1971,
MKD,FP.CPI.TOTL.ZG,1970,
MKD,FP.CPI.TOTL.ZG,1969,
MKD,FP.CPI.TOTL.ZG,1968,
MKD,FP.CPI.TOTL.ZG,1967,
MKD,FP.CPI.TOTL.ZG,1966,
MKD,FP.CPI.TOTL.ZG,1965,
MKD,FP.CPI.TOTL.ZG,1964,
MKD,FP.CPI.TOTL.ZG,1963,
MKD,FP.CPI.TOTL.ZG,1962,
MKD,FP.CPI.TOTL.ZG,1961,
MKD,FP.CPI.TOTL.ZG,1960,
MNP,FP.CPI.TOTL.ZG,2025,
MNP,FP.CPI.TOTL.ZG,2024,
MNP,FP.CPI.TOTL.ZG,2023,
MNP,FP.CPI.TOTL.ZG,2022,
MNP,FP.CPI.TOTL.ZG,2021,
MNP,FP.CPI.TOTL.ZG,2020,
MNP,FP.CPI.TOTL.ZG,2019,
MNP,FP.CPI.TOTL.ZG,2018,
MNP,FP.CPI.TOTL.ZG,2017,
MNP,FP.CPI.TOTL.ZG,2016,
MNP,FP.CPI.TOTL.ZG,2015,
MNP,FP.CPI.TOTL.ZG,2014,
MNP,FP.CPI.TOTL.ZG,2013,
MNP,FP.CPI.TOTL.ZG,2012,
MNP,FP.CPI.TOTL.ZG,2011,
MNP,FP.CPI.TOTL.ZG,2010,
MNP,FP.CPI.TOTL.ZG,2009,
MNP,FP.CPI.TOTL.ZG,2008,
MNP,FP.CPI.TOTL.ZG,2007,
MNP,FP.CPI.TOTL.ZG,2006,
MNP,FP.CPI.TOTL.ZG,2005,
MNP,FP.CPI.TOTL.ZG,2004,
MNP,FP.CPI.TOTL.ZG,2003,
MNP,FP.CPI.TOTL.ZG,2002,
MNP,FP.CPI.TOTL.ZG,2001,
MNP,FP.CPI.TOTL.ZG,2000,
MNP,FP.CPI.TOTL.ZG,1999,
MNP,FP.CPI.TOTL.ZG,1998,
MNP,FP.CPI.TOTL.ZG,1997,
MNP,FP.CPI.TOTL.ZG,1996,
MNP,FP.CPI.TOTL.ZG,1995,
MNP,FP.CPI.TOTL.ZG,1994,
MNP,FP.CPI.TOTL.ZG,1993,
MNP,FP.CPI.TOTL.ZG,1992,
MNP,FP.CPI.TOTL.ZG,1991,
MNP,FP.CPI.TOTL.ZG,1990,
MNP,FP.CPI.TOTL.ZG,1989,
MNP,FP.CPI.TOTL.ZG,1988,
MNP,FP.CPI.TOTL.ZG,1987,
MNP,FP.CPI.TOTL.ZG,1986,
MNP,FP.CPI.TOTL.ZG,1985,
MNP,FP.CPI.TOTL.ZG,1984,
MNP,FP.CPI.TOTL.ZG,1983,
MNP,FP.CPI.TOTL.ZG,1982,
MNP,FP.CPI.TOTL.ZG,1981,
MNP,FP.CPI.TOTL.ZG,1980,
MNP,FP.CPI.TOTL.ZG,1979,
MNP,FP.CPI.TOTL.ZG,1978,
MNP,FP.CPI.TOTL.ZG,1977,
MNP,FP.CPI.TOTL.ZG,1976,
MNP,FP.CPI.TOTL.ZG,1975,
MNP,FP.CPI.TOTL.ZG,1974,
MNP,FP.CPI.TOTL.ZG,1973,
MNP,FP.CPI.TOTL.ZG,1972,
MNP,FP.CPI.TOTL.ZG,1971,
MNP,FP.CPI.TOTL.ZG,1970,
MNP,FP.CPI.TOTL.ZG,1969,
MNP,FP.CPI.TOTL.ZG,1968,
MNP,FP.CPI.TOTL.ZG,1967,
MNP,FP.CPI.TOTL.ZG,1966,
MNP,FP.CPI.TOTL.ZG,1965,
MNP,FP.CPI.TOTL.ZG,1964,
MNP,FP.CPI.TOTL.ZG,1963,
MNP,FP.CPI.TOTL.ZG,1962,
MNP,FP.CPI.TOTL.ZG,1961,
MNP,FP.CPI.TOTL.ZG,1960,
NOR,FP.CPI.TOTL.ZG,2025,
NOR,FP.CPI.TOTL.ZG,2024,3.14530134431073
NOR,FP.CPI.TOTL.ZG,2023,5.51784987104659
NOR,FP.CPI.TOTL.ZG,2022,5.76412317852272
NOR,FP.CPI.TOTL.ZG,2021,3.48388055266678
NOR,FP.CPI.TOTL.ZG,2020,1.28658490708005
NOR,FP.CPI.TOTL.ZG,2019,2.16773003305402
NOR,FP.CPI.TOTL.ZG,2018,2.76483134528788
NOR,FP.CPI.TOTL.ZG,2017,1.87510059552554
NOR,FP.CPI.TOTL.ZG,2016,3.54999999999998
NOR,FP.CPI.TOTL.ZG,2015,2.17113665389527
NOR,FP.CPI.TOTL.ZG,2014,2.04170286707211
NOR,FP.CPI.TOTL.ZG,2013,2.12048620353112
NOR,FP.CPI.TOTL.ZG,2012,0.696864111498362
NOR,FP.CPI.TOTL.ZG,2011,1.28495158809152
NOR,FP.CPI.TOTL.ZG,2010,2.41890639481001
NOR,FP.CPI.TOTL.ZG,2009,2.19738586853574
NOR,FP.CPI.TOTL.ZG,2008,3.75393081761005
NOR,FP.CPI.TOTL.ZG,2007,0.712589073634201
NOR,FP.CPI.TOTL.ZG,2006,2.32934980757544
NOR,FP.CPI.TOTL.ZG,2005,1.53213367609254
NOR,FP.CPI.TOTL.ZG,2004,0.45449850222084
NOR,FP.CPI.TOTL.ZG,2003,2.48782553461783
NOR,FP.CPI.TOTL.ZG,2002,1.28672528415184
NOR,FP.CPI.TOTL.ZG,2001,3.00419703998237
NOR,FP.CPI.TOTL.ZG,2000,3.08550609131276
NOR,FP.CPI.TOTL.ZG,1999,2.36596736596734
NOR,FP.CPI.TOTL.ZG,1998,2.25241329996423
NOR,FP.CPI.TOTL.ZG,1997,2.56692335900259
NOR,FP.CPI.TOTL.ZG,1996,1.26253249164502
NOR,FP.CPI.TOTL.ZG,1995,2.46036778693724
NOR,FP.CPI.TOTL.ZG,1994,1.37567498071479
NOR,FP.CPI.TOTL.ZG,1993,2.28826933193057
NOR,FP.CPI.TOTL.ZG,1992,2.32808504911857
NOR,FP.CPI.TOTL.ZG,1991,3.43819599109134
NOR,FP.CPI.TOTL.ZG,1990,4.1310334831135
NOR,FP.CPI.TOTL.ZG,1989,4.54614335505379
NOR,FP.CPI.TOTL.ZG,1988,6.67636598771417
NOR,FP.CPI.TOTL.ZG,1987,8.71704745166956
NOR,FP.CPI.TOTL.ZG,1986,7.17649274816357
NOR,FP.CPI.TOTL.ZG,1985,5.71485463958579
NOR,FP.CPI.TOTL.ZG,1984,6.21827411167512
NOR,FP.CPI.TOTL.ZG,1983,8.46524432209222
NOR,FP.CPI.TOTL.ZG,1982,11.3409961685824
NOR,FP.CPI.TOTL.ZG,1981,13.6429608127722
NOR,FP.CPI.TOTL.ZG,1980,10.878661087866
NOR,FP.CPI.TOTL.ZG,1979,4.50972761206209
NOR,FP.CPI.TOTL.ZG,1978,8.1616715433962
NOR,FP.CPI.TOTL.ZG,1977,9.10383971160298
NOR,FP.CPI.TOTL.ZG,1976,9.16147276547562
NOR,FP.CPI.TOTL.ZG,1975,11.6892234816854
NOR,FP.CPI.TOTL.ZG,1974,9.4117681321189
NOR,FP.CPI.TOTL.ZG,1973,7.41947283637503
NOR,FP.CPI.TOTL.ZG,1972,7.25843582961521
NOR,FP.CPI.TOTL.ZG,1971,6.22386323501293
NOR,FP.CPI.TOTL.ZG,1970,10.6372065264183
NOR,FP.CPI.TOTL.ZG,1969,2.96294951075211
NOR,FP.CPI.TOTL.ZG,1968,3.44829324254207
NOR,FP.CPI.TOTL.ZG,1967,4.57926975753999
NOR,FP.CPI.TOTL.ZG,1966,3.250563343053
NOR,FP.CPI.TOTL.ZG,1965,4.18722443998004
NOR,FP.CPI.TOTL.ZG,1964,5.86701538751922
NOR,FP.CPI.TOTL.ZG,1963,2.47161052896497
NOR,FP.CPI.TOTL.ZG,1962,5.27425952920732
NOR,FP.CPI.TOTL.ZG,1961,2.15517277670922
NOR,FP.CPI.TOTL.ZG,1960,0.360492346844622
OMN,FP.CPI.TOTL.ZG,2025,
OMN,FP.CPI.TOTL.ZG,2024,0.593589236248469
OMN,FP.CPI.TOTL.ZG,2023,0.950782997762827
OMN,FP.CPI.TOTL.ZG,2022,2.5061425061425
OMN,FP.CPI.TOTL.ZG,2021,1.68221185876085
OMN,FP.CPI.TOTL.ZG,2020,-0.40640291946585
OMN,FP.CPI.TOTL.ZG,2019,0.490815362820671
OMN,FP.CPI.TOTL.ZG,2018,0.889312370970404
OMN,FP.CPI.TOTL.ZG,2017,1.58909413567799
OMN,FP.CPI.TOTL.ZG,2016,1.10920805807027
OMN,FP.CPI.TOTL.ZG,2015,0.0652901330286599
OMN,FP.CPI.TOTL.ZG,2014,1.01401483924156
OMN,FP.CPI.TOTL.ZG,2013,1.05354820265932
OMN,FP.CPI.TOTL.ZG,2012,2.94773495257209
OMN,FP.CPI.TOTL.ZG,2011,4.0421886711639
OMN,FP.CPI.TOTL.ZG,2010,3.25657959078624
OMN,FP.CPI.TOTL.ZG,2009,3.46881023754893
OMN,FP.CPI.TOTL.ZG,2008,12.3754091529912
OMN,FP.CPI.TOTL.ZG,2007,5.8304841809271
OMN,FP.CPI.TOTL.ZG,2006,3.54498591605033
OMN,FP.CPI.TOTL.ZG,2005,1.90983553531865
OMN,FP.CPI.TOTL.ZG,2004,0.624969062631367
OMN,FP.CPI.TOTL.ZG,2003,0.231328682267143
OMN,FP.CPI.TOTL.ZG,2002,-0.279578822571373
OMN,FP.CPI.TOTL.ZG,2001,-0.816666666666656
OMN,FP.CPI.TOTL.ZG,2000,
OMN,FP.CPI.TOTL.ZG,1999,
OMN,FP.CPI.TOTL.ZG,1998,
OMN,FP.CPI.TOTL.ZG,1997,
OMN,FP.CPI.TOTL.ZG,1996,
OMN,FP.CPI.TOTL.ZG,1995,
OMN,FP.CPI.TOTL.ZG,1994,
OMN,FP.CPI.TOTL.ZG,1993,
OMN,FP.CPI.TOTL.ZG,1992,
OMN,FP.CPI.TOTL.ZG,1991,
OMN,FP.CPI.TOTL.ZG,1990,
OMN,FP.CPI.TOTL.ZG,1989,
OMN,FP.CPI.TOTL.ZG,1988,
OMN,FP.CPI.TOTL.ZG,1987,
OMN,FP.CPI.TOTL.ZG,1986,
OMN,FP.CPI.TOTL.ZG,1985,
OMN,FP.CPI.TOTL.ZG,1984,
OMN,FP.CPI.TOTL.ZG,1983,
OMN,FP.CPI.TOTL.ZG,1982,
OMN,FP.CPI.TOTL.ZG,1981,
OMN,FP.CPI.TOTL.ZG,1980,
OMN,FP.CPI.TOTL.ZG,1979,
OMN,FP.CPI.TOTL.ZG,1978,
OMN,FP.CPI.TOTL.ZG,1977,
OMN,FP.CPI.TOTL.ZG,1976,
OMN,FP.CPI.TOTL.ZG,1975,
OMN,FP.CPI.TOTL.ZG,1974,
OMN,FP.CPI.TOTL.ZG,1973,
OMN,FP.CPI.TOTL.ZG,1972,
OMN,FP.CPI.TOTL.ZG,1971,
OMN,FP.CPI.TOTL.ZG,1970,
OMN,FP.CPI.TOTL.ZG,1969,
OMN,FP.CPI.TOTL.ZG,1968,
OMN,FP.CPI.TOTL.ZG,1967,
OMN,FP.CPI.TOTL.ZG,1966,
OMN,FP.CPI.TOTL.ZG,1965,
OMN,FP.CPI.TOTL.ZG,1964,
OMN,FP.CPI.TOTL.ZG,1963,
OMN,FP.CPI.TOTL.ZG,1962,
OMN,FP.CPI.TOTL.ZG,1961,
OMN,FP.CPI.TOTL.ZG,1960,
PAK,FP.CPI.TOTL.ZG,2025,
PAK,FP.CPI.TOTL.ZG,2024,12.6325318530452
PAK,FP.CPI.TOTL.ZG,2023,30.7681280657005
PAK,FP.CPI.TOTL.ZG,2022,19.8738599646655
PAK,FP.CPI.TOTL.ZG,2021,9.49621056124947
PAK,FP.CPI.TOTL.ZG,2020,9.73999313898155
PAK,FP.CPI.TOTL.ZG,2019,10.5783618004555
PAK,FP.CPI.TOTL.ZG,2018,5.07805725868917
PAK,FP.CPI.TOTL.ZG,2017,4.08537368032608
PAK,FP.CPI.TOTL.ZG,2016,3.7651191635658
PAK,FP.CPI.TOTL.ZG,2015,2.52932817254229
PAK,FP.CPI.TOTL.ZG,2014,7.18938402847028
PAK,FP.CPI.TOTL.ZG,2013,7.69215611899565
PAK,FP.CPI.TOTL.ZG,2012,9.68235186055684
PAK,FP.CPI.TOTL.ZG,2011,11.9160927116277
PAK,FP.CPI.TOTL.ZG,2010,12.9388705634889
PAK,FP.CPI.TOTL.ZG,2009,13.6477650639761
PAK,FP.CPI.TOTL.ZG,2008,20.2861210929554
PAK,FP.CPI.TOTL.ZG,2007,7.59868441050774
PAK,FP.CPI.TOTL.ZG,2006,7.92108440058789
PAK,FP.CPI.TOTL.ZG,2005,9.06332737030417
PAK,FP.CPI.TOTL.ZG,2004,7.44462469342739
PAK,FP.CPI.TOTL.ZG,2003,2.91413470059479
PAK,FP.CPI.TOTL.ZG,2002,3.29034472613153
PAK,FP.CPI.TOTL.ZG,2001,3.14826144590618
PAK,FP.CPI.TOTL.ZG,2000,4.36666451291681
PAK,FP.CPI.TOTL.ZG,1999,4.14263718082171
PAK,FP.CPI.TOTL.ZG,1998,6.22800415424543
PAK,FP.CPI.TOTL.ZG,1997,11.3754928865122
PAK,FP.CPI.TOTL.ZG,1996,10.3738085885002
PAK,FP.CPI.TOTL.ZG,1995,12.3435785170513
PAK,FP.CPI.TOTL.ZG,1994,12.3681943936948
PAK,FP.CPI.TOTL.ZG,1993,9.97366476029209
PAK,FP.CPI.TOTL.ZG,1992,9.5090414619015
PAK,FP.CPI.TOTL.ZG,1991,11.7912703351416
PAK,FP.CPI.TOTL.ZG,1990,9.05213155279776
PAK,FP.CPI.TOTL.ZG,1989,7.84426473740044
PAK,FP.CPI.TOTL.ZG,1988,8.83793701817773
PAK,FP.CPI.TOTL.ZG,1987,4.68121854620213
PAK,FP.CPI.TOTL.ZG,1986,3.50641424758205
PAK,FP.CPI.TOTL.ZG,1985,5.61483921793224
PAK,FP.CPI.TOTL.ZG,1984,6.08716673573716
PAK,FP.CPI.TOTL.ZG,1983,6.362033499853
PAK,FP.CPI.TOTL.ZG,1982,5.90352878435863
PAK,FP.CPI.TOTL.ZG,1981,11.8799135925283
PAK,FP.CPI.TOTL.ZG,1980,11.9382309107087
PAK,FP.CPI.TOTL.ZG,1979,8.26704697617572
PAK,FP.CPI.TOTL.ZG,1978,6.13869266742743
PAK,FP.CPI.TOTL.ZG,1977,10.1329676874055
PAK,FP.CPI.TOTL.ZG,1976,7.15832373118465
PAK,FP.CPI.TOTL.ZG,1975,20.9045094573998
PAK,FP.CPI.TOTL.ZG,1974,26.6630348537488
PAK,FP.CPI.TOTL.ZG,1973,23.0700840250844
PAK,FP.CPI.TOTL.ZG,1972,5.18323764549138
PAK,FP.CPI.TOTL.ZG,1971,4.73069148232272
PAK,FP.CPI.TOTL.ZG,1970,5.34984090983017
PAK,FP.CPI.TOTL.ZG,1969,3.18698679573686
PAK,FP.CPI.TOTL.ZG,1968,0.170627348438101
PAK,FP.CPI.TOTL.ZG,1967,6.81139963428688
PAK,FP.CPI.TOTL.ZG,1966,7.22762159787735
PAK,FP.CPI.TOTL.ZG,1965,5.56863547936375
PAK,FP.CPI.TOTL.ZG,1964,4.17958688145319
PAK,FP.CPI.TOTL.ZG,1963,1.45648844797496
PAK,FP.CPI.TOTL.ZG,1962,-0.5164622336985
PAK,FP.CPI.TOTL.ZG,1961,1.64041994750609
PAK,FP.CPI.TOTL.ZG,1960,6.94736842105289
PLW,FP.CPI.TOTL.ZG,2025,
PLW,FP.CPI.TOTL.ZG,2024,2.23172772921704
PLW,FP.CPI.TOTL.ZG,2023,12.8199748216534
PLW,FP.CPI.TOTL.ZG,2022,12.3526638378124
PLW,FP.CPI.TOTL.ZG,2021,2.6124818577648
PLW,FP.CPI.TOTL.ZG,2020,0.218181818181833
PLW,FP.CPI.TOTL.ZG,2019,0.26737967914444
PLW,FP.CPI.TOTL.ZG,2018,2.10970464135017
PLW,FP.CPI.TOTL.ZG,2017,1.4179881966692
PLW,FP.CPI.TOTL.ZG,2016,-1.04230533415074
PLW,FP.CPI.TOTL.ZG,2015,0.949040643697081
PLW,FP.CPI.TOTL.ZG,2014,4.19174548581256
PLW,FP.CPI.TOTL.ZG,2013,3.35481004221287
PLW,FP.CPI.TOTL.ZG,2012,3.61418047882138
PLW,FP.CPI.TOTL.ZG,2011,4.6746987951807
PLW,FP.CPI.TOTL.ZG,2010,1.44219017355169
PLW,FP.CPI.TOTL.ZG,2009,1.43813538308953
PLW,FP.CPI.TOTL.ZG,2008,11.9655746807329
PLW,FP.CPI.TOTL.ZG,2007,3.23875035826881
PLW,FP.CPI.TOTL.ZG,2006,4.42981143370254
PLW,FP.CPI.TOTL.ZG,2005,3.9514623522091
PLW,FP.CPI.TOTL.ZG,2004,4.96407576747217
PLW,FP.CPI.TOTL.ZG,2003,0.922874093605824
PLW,FP.CPI.TOTL.ZG,2002,-1.30123617436562
PLW,FP.CPI.TOTL.ZG,2001,
PLW,FP.CPI.TOTL.ZG,2000,
PLW,FP.CPI.TOTL.ZG,1999,
PLW,FP.CPI.TOTL.ZG,1998,
PLW,FP.CPI.TOTL.ZG,1997,
PLW,FP.CPI.TOTL.ZG,1996,
PLW,FP.CPI.TOTL.ZG,1995,
PLW,FP.CPI.TOTL.ZG,1994,
PLW,FP.CPI.TOTL.ZG,1993,
PLW,FP.CPI.TOTL.ZG,1992,
PLW,FP.CPI.TOTL.ZG,1991,
PLW,FP.CPI.TOTL.ZG,1990,
PLW,FP.CPI.TOTL.ZG,1989,
PLW,FP.CPI.TOTL.ZG,1988,
PLW,FP.CPI.TOTL.ZG,1987,
PLW,FP.CPI.TOTL.ZG,1986,
PLW,FP.CPI.TOTL.ZG,1985,
PLW,FP.CPI.TOTL.ZG,1984,
PLW,FP.CPI.TOTL.ZG,1983,
PLW,FP.CPI.TOTL.ZG,1982,
PLW,FP.CPI.TOTL.ZG,1981,
PLW,FP.CPI.TOTL.ZG,1980,
PLW,FP.CPI.TOTL.ZG,1979,
PLW,FP.CPI.TOTL.ZG,1978,
PLW,FP.CPI.TOTL.ZG,1977,
PLW,FP.CPI.TOTL.ZG,1976,
PLW,FP.CPI.TOTL.ZG,1975,
PLW,FP.CPI.TOTL.ZG,1974,
PLW,FP.CPI.TOTL.ZG,1973,
PLW,FP.CPI.TOTL.ZG,1972,
PLW,FP.CPI.TOTL.ZG,1971,
PLW,FP.CPI.TOTL.ZG,1970,
PLW,FP.CPI.TOTL.ZG,1969,
PLW,FP.CPI.TOTL.ZG,1968,
PLW,FP.CPI.TOTL.ZG,1967,
PLW,FP.CPI.TOTL.ZG,1966,
PLW,FP.CPI.TOTL.ZG,1965,
PLW,FP.CPI.TOTL.ZG,1964,
PLW,FP.CPI.TOTL.ZG,1963,
PLW,FP.CPI.TOTL.ZG,1962,
PLW,FP.CPI.TOTL.ZG,1961,
PLW,FP.CPI.TOTL.ZG,1960,
PAN,FP.CPI.TOTL.ZG,2025,
PAN,FP.CPI.TOTL.ZG,2024,0.693225551004538
PAN,FP.CPI.TOTL.ZG,2023,1.48641355277038
PAN,FP.CPI.TOTL.ZG,2022,2.85965128834711
PAN,FP.CPI.TOTL.ZG,2021,1.63070337301898
PAN,FP.CPI.TOTL.ZG,2020,-1.5502754080376
PAN,FP.CPI.TOTL.ZG,2019,-0.355083821021245
PAN,FP.CPI.TOTL.ZG,2018,0.761578359399944
PAN,FP.CPI.TOTL.ZG,2017,0.875585918759878
PAN,FP.CPI.TOTL.ZG,2016,0.739734025300033
PAN,FP.CPI.TOTL.ZG,2015,0.137492058461504
PAN,FP.CPI.TOTL.ZG,2014,2.62652699929151
PAN,FP.CPI.TOTL.ZG,2013,4.0271599157106
PAN,FP.CPI.TOTL.ZG,2012,5.69819959165992
PAN,FP.CPI.TOTL.ZG,2011,5.8758024367877
PAN,FP.CPI.TOTL.ZG,2010,3.491288726188
PAN,FP.CPI.TOTL.ZG,2009,2.409053040822
PAN,FP.CPI.TOTL.ZG,2008,8.75868317728784
PAN,FP.CPI.TOTL.ZG,2007,4.16863300298887
PAN,FP.CPI.TOTL.ZG,2006,2.45789346442096
PAN,FP.CPI.TOTL.ZG,2005,2.85588324760959
PAN,FP.CPI.TOTL.ZG,2004,0.474723078204336
PAN,FP.CPI.TOTL.ZG,2003,0.391666666666657
PAN,FP.CPI.TOTL.ZG,2002,1.00583090379039
PAN,FP.CPI.TOTL.ZG,2001,0.307062436028722
PAN,FP.CPI.TOTL.ZG,2000,1.49896111605777
PAN,FP.CPI.TOTL.ZG,1999,1.24718256949636
PAN,FP.CPI.TOTL.ZG,1998,0.559081293442493
PAN,FP.CPI.TOTL.ZG,1997,1.32435122100608
PAN,FP.CPI.TOTL.ZG,1996,1.25571661111548
PAN,FP.CPI.TOTL.ZG,1995,0.994206982933841
PAN,FP.CPI.TOTL.ZG,1994,1.26843190106196
PAN,FP.CPI.TOTL.ZG,1993,0.453930078840388
PAN,FP.CPI.TOTL.ZG,1992,1.82452156989957
PAN,FP.CPI.TOTL.ZG,1991,1.25626077674688
PAN,FP.CPI.TOTL.ZG,1990,0.769485354956023
PAN,FP.CPI.TOTL.ZG,1989,0.205867258317745
PAN,FP.CPI.TOTL.ZG,1988,0.35922084492817
PAN,FP.CPI.TOTL.ZG,1987,0.996423096679178
PAN,FP.CPI.TOTL.ZG,1986,-0.0663841083593552
PAN,FP.CPI.TOTL.ZG,1985,1.02661989275157
PAN,FP.CPI.TOTL.ZG,1984,1.58264332858587
PAN,FP.CPI.TOTL.ZG,1983,2.10284124368167
PAN,FP.CPI.TOTL.ZG,1982,4.25057176328124
PAN,FP.CPI.TOTL.ZG,1981,7.30232836526219
PAN,FP.CPI.TOTL.ZG,1980,13.8079019078008
PAN,FP.CPI.TOTL.ZG,1979,7.98881859610768
PAN,FP.CPI.TOTL.ZG,1978,4.20052123266097
PAN,FP.CPI.TOTL.ZG,1977,4.58553791889613
PAN,FP.CPI.TOTL.ZG,1976,3.94999999941722
PAN,FP.CPI.TOTL.ZG,1975,5.88104130650944
PAN,FP.CPI.TOTL.ZG,1974,16.2680666277125
PAN,FP.CPI.TOTL.ZG,1973,6.85643050053377
PAN,FP.CPI.TOTL.ZG,1972,5.40954883948926
PAN,FP.CPI.TOTL.ZG,1971,1.91964285715142
PAN,FP.CPI.TOTL.ZG,1970,3.08329498367029
PAN,FP.CPI.TOTL.ZG,1969,1.82755388941356
PAN,FP.CPI.TOTL.ZG,1968,1.61904761953549
PAN,FP.CPI.TOTL.ZG,1967,1.37581462709177
PAN,FP.CPI.TOTL.ZG,1966,0.193470375092593
PAN,FP.CPI.TOTL.ZG,1965,0.461613216719862
PAN,FP.CPI.TOTL.ZG,1964,2.41353570491375
PAN,FP.CPI.TOTL.ZG,1963,0.449887528120002
PAN,FP.CPI.TOTL.ZG,1962,0.788002033555912
PAN,FP.CPI.TOTL.ZG,1961,0.613810741946727
PAN,FP.CPI.TOTL.ZG,1960,0.0511770724157666
PNG,FP.CPI.TOTL.ZG,2025,
PNG,FP.CPI.TOTL.ZG,2024,0.602403921107917
PNG,FP.CPI.TOTL.ZG,2023,2.29869991296791
PNG,FP.CPI.TOTL.ZG,2022,5.25323922215241
PNG,FP.CPI.TOTL.ZG,2021,4.48359014042398
PNG,FP.CPI.TOTL.ZG,2020,4.87167398565555
PNG,FP.CPI.TOTL.ZG,2019,3.92867290939597
PNG,FP.CPI.TOTL.ZG,2018,4.37448921453162
PNG,FP.CPI.TOTL.ZG,2017,5.42204568023834
PNG,FP.CPI.TOTL.ZG,2016,6.6737288135593
PNG,FP.CPI.TOTL.ZG,2015,5.99595778127107
PNG,FP.CPI.TOTL.ZG,2014,5.22211720226841
PNG,FP.CPI.TOTL.ZG,2013,4.9603174603175
PNG,FP.CPI.TOTL.ZG,2012,4.53720508166972
PNG,FP.CPI.TOTL.ZG,2011,4.44083401028971
PNG,FP.CPI.TOTL.ZG,2010,6.01360893567856
PNG,FP.CPI.TOTL.ZG,2009,6.91832532601224
PNG,FP.CPI.TOTL.ZG,2008,10.7614182326827
PNG,FP.CPI.TOTL.ZG,2007,0.91135045567524
PNG,FP.CPI.TOTL.ZG,2006,2.3684623841683
PNG,FP.CPI.TOTL.ZG,2005,1.78080439925826
PNG,FP.CPI.TOTL.ZG,2004,2.15893131266946
PNG,FP.CPI.TOTL.ZG,2003,14.7090779663557
PNG,FP.CPI.TOTL.ZG,2002,11.7994470972606
PNG,FP.CPI.TOTL.ZG,2001,9.29817332783968
PNG,FP.CPI.TOTL.ZG,2000,15.5958933107535
PNG,FP.CPI.TOTL.ZG,1999,14.9321817407701
PNG,FP.CPI.TOTL.ZG,1998,13.5741917656809
PNG,FP.CPI.TOTL.ZG,1997,3.96437805228409
PNG,FP.CPI.TOTL.ZG,1996,11.6241782908448
PNG,FP.CPI.TOTL.ZG,1995,17.280932681459
PNG,FP.CPI.TOTL.ZG,1994,2.85272217387134
PNG,FP.CPI.TOTL.ZG,1993,4.97411430311646
PNG,FP.CPI.TOTL.ZG,1992,4.30961457009748
PNG,FP.CPI.TOTL.ZG,1991,6.96568127760753
PNG,FP.CPI.TOTL.ZG,1990,6.9533615990307
PNG,FP.CPI.TOTL.ZG,1989,4.48044551322661
PNG,FP.CPI.TOTL.ZG,1988,5.44508207660464
PNG,FP.CPI.TOTL.ZG,1987,3.33747069369721
PNG,FP.CPI.TOTL.ZG,1986,5.45375218150084
PNG,FP.CPI.TOTL.ZG,1985,3.71040723981909
PNG,FP.CPI.TOTL.ZG,1984,7.42060920354786
PNG,FP.CPI.TOTL.ZG,1983,7.90209790139863
PNG,FP.CPI.TOTL.ZG,1982,5.53505535055348
PNG,FP.CPI.TOTL.ZG,1981,8.05422647614106
PNG,FP.CPI.TOTL.ZG,1980,12.0643431636459
PNG,FP.CPI.TOTL.ZG,1979,5.76559546319348
PNG,FP.CPI.TOTL.ZG,1978,5.79999999899959
PNG,FP.CPI.TOTL.ZG,1977,4.52858203462227
PNG,FP.CPI.TOTL.ZG,1976,7.65664961624512
PNG,FP.CPI.TOTL.ZG,1975,10.4909925823773
PNG,FP.CPI.TOTL.ZG,1974,23.1672830103248
PNG,FP.CPI.TOTL.ZG,1973,8.34315342947217
PNG,FP.CPI.TOTL.ZG,1972,6.07499999951511
PNG,FP.CPI.TOTL.ZG,1971,
PNG,FP.CPI.TOTL.ZG,1970,
PNG,FP.CPI.TOTL.ZG,1969,
PNG,FP.CPI.TOTL.ZG,1968,
PNG,FP.CPI.TOTL.ZG,1967,
PNG,FP.CPI.TOTL.ZG,1966,
PNG,FP.CPI.TOTL.ZG,1965,
PNG,FP.CPI.TOTL.ZG,1964,
PNG,FP.CPI.TOTL.ZG,1963,
PNG,FP.CPI.TOTL.ZG,1962,
PNG,FP.CPI.TOTL.ZG,1961,
PNG,FP.CPI.TOTL.ZG,1960,
PRY,FP.CPI.TOTL.ZG,2025,
PRY,FP.CPI.TOTL.ZG,2024,3.83540271728533
PRY,FP.CPI.TOTL.ZG,2023,4.63202285403356
PRY,FP.CPI.TOTL.ZG,2022,9.76556667164402
PRY,FP.CPI.TOTL.ZG,2021,4.787983101236
PRY,FP.CPI.TOTL.ZG,2020,1.76751592356698
PRY,FP.CPI.TOTL.ZG,2019,2.75709727562775
PRY,FP.CPI.TOTL.ZG,2018,3.97561015740694
PRY,FP.CPI.TOTL.ZG,2017,3.60247741348943
PRY,FP.CPI.TOTL.ZG,2016,4.08682280577241
PRY,FP.CPI.TOTL.ZG,2015,3.12900274473925
PRY,FP.CPI.TOTL.ZG,2014,5.02882767456766
PRY,FP.CPI.TOTL.ZG,2013,2.68385738718582
PRY,FP.CPI.TOTL.ZG,2012,3.67591897974496
PRY,FP.CPI.TOTL.ZG,2011,8.2539682539683
PRY,FP.CPI.TOTL.ZG,2010,4.65116279069765
PRY,FP.CPI.TOTL.ZG,2009,2.59194673430567
PRY,FP.CPI.TOTL.ZG,2008,10.1547846489023
PRY,FP.CPI.TOTL.ZG,2007,8.13047417698577
PRY,FP.CPI.TOTL.ZG,2006,9.58934941129229
PRY,FP.CPI.TOTL.ZG,2005,6.80738203116377
PRY,FP.CPI.TOTL.ZG,2004,4.32326492967491
PRY,FP.CPI.TOTL.ZG,2003,14.2367970499143
PRY,FP.CPI.TOTL.ZG,2002,10.5102420856612
PRY,FP.CPI.TOTL.ZG,2001,7.26806028584825
PRY,FP.CPI.TOTL.ZG,2000,8.98215976750022
PRY,FP.CPI.TOTL.ZG,1999,6.75226586102725
PRY,FP.CPI.TOTL.ZG,1998,11.5532684355839
PRY,FP.CPI.TOTL.ZG,1997,6.94956608534118
PRY,FP.CPI.TOTL.ZG,1996,9.79968339016083
PRY,FP.CPI.TOTL.ZG,1995,13.4254143646407
PRY,FP.CPI.TOTL.ZG,1994,20.5661948376355
PRY,FP.CPI.TOTL.ZG,1993,18.2086614173228
PRY,FP.CPI.TOTL.ZG,1992,15.192743764172
PRY,FP.CPI.TOTL.ZG,1991,24.2253521126763
PRY,FP.CPI.TOTL.ZG,1990,37.2599561799201
PRY,FP.CPI.TOTL.ZG,1989,26.4221267235586
PRY,FP.CPI.TOTL.ZG,1988,22.5942571785268
PRY,FP.CPI.TOTL.ZG,1987,21.8102740350983
PRY,FP.CPI.TOTL.ZG,1986,31.7425972672999
PRY,FP.CPI.TOTL.ZG,1985,25.2107164358818
PRY,FP.CPI.TOTL.ZG,1984,20.3114625460255
PRY,FP.CPI.TOTL.ZG,1983,13.4337555631631
PRY,FP.CPI.TOTL.ZG,1982,5.12006543713188
PRY,FP.CPI.TOTL.ZG,1981,12.9746974698193
PRY,FP.CPI.TOTL.ZG,1980,22.4473301362177
PRY,FP.CPI.TOTL.ZG,1979,28.1610386024436
PRY,FP.CPI.TOTL.ZG,1978,10.6602475929181
PRY,FP.CPI.TOTL.ZG,1977,9.35985291662838
PRY,FP.CPI.TOTL.ZG,1976,4.47461474664498
PRY,FP.CPI.TOTL.ZG,1975,6.69306008366748
PRY,FP.CPI.TOTL.ZG,1974,25.2333177791075
PRY,FP.CPI.TOTL.ZG,1973,12.796894532602
PRY,FP.CPI.TOTL.ZG,1972,9.18037497303685
PRY,FP.CPI.TOTL.ZG,1971,4.95325693640987
PRY,FP.CPI.TOTL.ZG,1970,-0.859556021006909
PRY,FP.CPI.TOTL.ZG,1969,2.24684753574717
PRY,FP.CPI.TOTL.ZG,1968,0.708073577854366
PRY,FP.CPI.TOTL.ZG,1967,1.36526759221905
PRY,FP.CPI.TOTL.ZG,1966,2.87319422160326
PRY,FP.CPI.TOTL.ZG,1965,3.8592981578052
PRY,FP.CPI.TOTL.ZG,1964,1.36986301369865
PRY,FP.CPI.TOTL.ZG,1963,2.09790209790211
PRY,FP.CPI.TOTL.ZG,1962,1.41843971631208
PRY,FP.CPI.TOTL.ZG,1961,18.4873949579832
PRY,FP.CPI.TOTL.ZG,1960,8.18181818181802
PER,FP.CPI.TOTL.ZG,2025,
PER,FP.CPI.TOTL.ZG,2024,2.00770739412712
PER,FP.CPI.TOTL.ZG,2023,6.45561348369586
PER,FP.CPI.TOTL.ZG,2022,8.33370630096231
PER,FP.CPI.TOTL.ZG,2021,4.27166381536798
PER,FP.CPI.TOTL.ZG,2020,2.00241205759292
PER,FP.CPI.TOTL.ZG,2019,2.25212191358027
PER,FP.CPI.TOTL.ZG,2018,1.50915423024742
PER,FP.CPI.TOTL.ZG,2017,2.99490045809443
PER,FP.CPI.TOTL.ZG,2016,3.55717663556279
PER,FP.CPI.TOTL.ZG,2015,3.39809194746308
PER,FP.CPI.TOTL.ZG,2014,3.41194579807465
PER,FP.CPI.TOTL.ZG,2013,2.76789666082002
PER,FP.CPI.TOTL.ZG,2012,3.61121294940163
PER,FP.CPI.TOTL.ZG,2011,3.36931095333853
PER,FP.CPI.TOTL.ZG,2010,1.52832059732901
PER,FP.CPI.TOTL.ZG,2009,2.936231535967
PER,FP.CPI.TOTL.ZG,2008,5.78587598206755
PER,FP.CPI.TOTL.ZG,2007,1.77998644680372
PER,FP.CPI.TOTL.ZG,2006,2.00225801248819
PER,FP.CPI.TOTL.ZG,2005,1.61630193862544
PER,FP.CPI.TOTL.ZG,2004,3.66247320092233
PER,FP.CPI.TOTL.ZG,2003,2.25937753363072
PER,FP.CPI.TOTL.ZG,2002,0.193135003853722
PER,FP.CPI.TOTL.ZG,2001,1.97709878502053
PER,FP.CPI.TOTL.ZG,2000,3.75733833344474
PER,FP.CPI.TOTL.ZG,1999,3.46965996293019
PER,FP.CPI.TOTL.ZG,1998,7.24782175213469
PER,FP.CPI.TOTL.ZG,1997,8.56218948953653
PER,FP.CPI.TOTL.ZG,1996,11.5379424115177
PER,FP.CPI.TOTL.ZG,1995,11.1287029707089
PER,FP.CPI.TOTL.ZG,1994,23.7369050565046
PER,FP.CPI.TOTL.ZG,1993,48.5799864468885
PER,FP.CPI.TOTL.ZG,1992,73.5282942442641
PER,FP.CPI.TOTL.ZG,1991,409.530166622023
PER,FP.CPI.TOTL.ZG,1990,7481.66361124526
PER,FP.CPI.TOTL.ZG,1989,3398.67901005332
PER,FP.CPI.TOTL.ZG,1988,667.019328585961
PER,FP.CPI.TOTL.ZG,1987,85.8223062381846
PER,FP.CPI.TOTL.ZG,1986,77.9210255473595
PER,FP.CPI.TOTL.ZG,1985,163.399505243688
PER,FP.CPI.TOTL.ZG,1984,110.208519562543
PER,FP.CPI.TOTL.ZG,1983,111.150635209157
PER,FP.CPI.TOTL.ZG,1982,64.4481585387929
PER,FP.CPI.TOTL.ZG,1981,75.4332687576064
PER,FP.CPI.TOTL.ZG,1980,59.1450712444914
PER,FP.CPI.TOTL.ZG,1979,66.6944229664876
PER,FP.CPI.TOTL.ZG,1978,57.8487826251505
PER,FP.CPI.TOTL.ZG,1977,38.0540914196793
PER,FP.CPI.TOTL.ZG,1976,33.4832756634566
PER,FP.CPI.TOTL.ZG,1975,23.6187352963326
PER,FP.CPI.TOTL.ZG,1974,16.8916666665703
PER,FP.CPI.TOTL.ZG,1973,9.48905109503398
PER,FP.CPI.TOTL.ZG,1972,7.21972216770545
PER,FP.CPI.TOTL.ZG,1971,6.79063936495415
PER,FP.CPI.TOTL.ZG,1970,5.02523590072424
PER,FP.CPI.TOTL.ZG,1969,6.23615806078061
PER,FP.CPI.TOTL.ZG,1968,19.086618545438
PER,FP.CPI.TOTL.ZG,1967,9.78360256063414
PER,FP.CPI.TOTL.ZG,1966,8.84060374922209
PER,FP.CPI.TOTL.ZG,1965,16.3899613894424
PER,FP.CPI.TOTL.ZG,1964,9.79228486663484
PER,FP.CPI.TOTL.ZG,1963,6.07014388428593
PER,FP.CPI.TOTL.ZG,1962,6.64109326359749
PER,FP.CPI.TOTL.ZG,1961,5.91670898836375
PER,FP.CPI.TOTL.ZG,1960,8.6644591627191
PHL,FP.CPI.TOTL.ZG,2025,
PHL,FP.CPI.TOTL.ZG,2024,3.21260487006347
PHL,FP.CPI.TOTL.ZG,2023,5.97802515541409
PHL,FP.CPI.TOTL.ZG,2022,5.82115811213955
PHL,FP.CPI.TOTL.ZG,2021,3.92718022100332
PHL,FP.CPI.TOTL.ZG,2020,2.3931623931624
PHL,FP.CPI.TOTL.ZG,2019,2.39206534422404
PHL,FP.CPI.TOTL.ZG,2018,5.30934661627707
PHL,FP.CPI.TOTL.ZG,2017,2.85318772590947
PHL,FP.CPI.TOTL.ZG,2016,1.25369880080982
PHL,FP.CPI.TOTL.ZG,2015,0.674192536845408
PHL,FP.CPI.TOTL.ZG,2014,3.59782343864211
PHL,FP.CPI.TOTL.ZG,2013,2.58268766141795
PHL,FP.CPI.TOTL.ZG,2012,3.02696391124796
PHL,FP.CPI.TOTL.ZG,2011,4.7184170471842
PHL,FP.CPI.TOTL.ZG,2010,3.78983634797591
PHL,FP.CPI.TOTL.ZG,2009,4.21903052064628
PHL,FP.CPI.TOTL.ZG,2008,8.26044703595725
PHL,FP.CPI.TOTL.ZG,2007,2.90000000000003
PHL,FP.CPI.TOTL.ZG,2006,5.4852320675105
PHL,FP.CPI.TOTL.ZG,2005,6.51685393258433
PHL,FP.CPI.TOTL.ZG,2004,4.82921083627795
PHL,FP.CPI.TOTL.ZG,2003,2.28915662650607
PHL,FP.CPI.TOTL.ZG,2002,2.72277227722765
PHL,FP.CPI.TOTL.ZG,2001,5.34550195567142
PHL,FP.CPI.TOTL.ZG,2000,3.9771250324928
PHL,FP.CPI.TOTL.ZG,1999,5.93904901780808
PHL,FP.CPI.TOTL.ZG,1998,9.23493432267121
PHL,FP.CPI.TOTL.ZG,1997,5.59025939650601
PHL,FP.CPI.TOTL.ZG,1996,7.4761037778791
PHL,FP.CPI.TOTL.ZG,1995,6.83199610989534
PHL,FP.CPI.TOTL.ZG,1994,10.3864734299517
PHL,FP.CPI.TOTL.ZG,1993,6.71631104109973
PHL,FP.CPI.TOTL.ZG,1992,8.65100357865265
PHL,FP.CPI.TOTL.ZG,1991,19.2614585266282
PHL,FP.CPI.TOTL.ZG,1990,12.1773522064946
PHL,FP.CPI.TOTL.ZG,1989,12.2429906542055
PHL,FP.CPI.TOTL.ZG,1988,13.8600691673319
PHL,FP.CPI.TOTL.ZG,1987,4.06976744186024
PHL,FP.CPI.TOTL.ZG,1986,1.14813777653338
PHL,FP.CPI.TOTL.ZG,1985,23.1031071803888
PHL,FP.CPI.TOTL.ZG,1984,50.3389756374498
PHL,FP.CPI.TOTL.ZG,1983,10.0293565620481
PHL,FP.CPI.TOTL.ZG,1982,10.2217271376892
PHL,FP.CPI.TOTL.ZG,1981,13.0825985241676
PHL,FP.CPI.TOTL.ZG,1980,18.2005104938508
PHL,FP.CPI.TOTL.ZG,1979,17.5333333327501
PHL,FP.CPI.TOTL.ZG,1978,7.33452593917692
PHL,FP.CPI.TOTL.ZG,1977,9.89875159736566
PHL,FP.CPI.TOTL.ZG,1976,9.19922713611011
PHL,FP.CPI.TOTL.ZG,1975,6.76140270456077
PHL,FP.CPI.TOTL.ZG,1974,34.1635916359165
PHL,FP.CPI.TOTL.ZG,1973,16.5800322638464
PHL,FP.CPI.TOTL.ZG,1972,8.20403413498834
PHL,FP.CPI.TOTL.ZG,1971,21.4033435366143
PHL,FP.CPI.TOTL.ZG,1970,14.3814616757328
PHL,FP.CPI.TOTL.ZG,1969,1.95551032285384
PHL,FP.CPI.TOTL.ZG,1968,2.35880645890594
PHL,FP.CPI.TOTL.ZG,1967,6.25395319397734
PHL,FP.CPI.TOTL.ZG,1966,5.39999999968075
PHL,FP.CPI.TOTL.ZG,1965,2.56410256428449
PHL,FP.CPI.TOTL.ZG,1964,8.1830790570033
PHL,FP.CPI.TOTL.ZG,1963,5.62554937008824
PHL,FP.CPI.TOTL.ZG,1962,5.79665220101376
PHL,FP.CPI.TOTL.ZG,1961,1.59563300452722
PHL,FP.CPI.TOTL.ZG,1960,4.15482177982161
POL,FP.CPI.TOTL.ZG,2025,
POL,FP.CPI.TOTL.ZG,2024,3.7842600751287
POL,FP.CPI.TOTL.ZG,2023,11.5289127961105
POL,FP.CPI.TOTL.ZG,2022,14.4294507575758
POL,FP.CPI.TOTL.ZG,2021,5.05502704719272
POL,FP.CPI.TOTL.ZG,2020,3.37446972618589
POL,FP.CPI.TOTL.ZG,2019,2.227478809383
POL,FP.CPI.TOTL.ZG,2018,1.81295156542679
POL,FP.CPI.TOTL.ZG,2017,2.0759355367385
POL,FP.CPI.TOTL.ZG,2016,-0.664767331433961
POL,FP.CPI.TOTL.ZG,2015,-0.87412587412577
POL,FP.CPI.TOTL.ZG,2014,0.0538213132399802
POL,FP.CPI.TOTL.ZG,2013,0.991982606332428
POL,FP.CPI.TOTL.ZG,2012,3.56037151702783
POL,FP.CPI.TOTL.ZG,2011,4.2394014962594
POL,FP.CPI.TOTL.ZG,2010,2.58069370250543
POL,FP.CPI.TOTL.ZG,2009,3.79539242483406
POL,FP.CPI.TOTL.ZG,2008,4.16497193524764
POL,FP.CPI.TOTL.ZG,2007,2.45874312385402
POL,FP.CPI.TOTL.ZG,2006,1.28469394366408
POL,FP.CPI.TOTL.ZG,2005,2.18379872390258
POL,FP.CPI.TOTL.ZG,2004,3.38264681884691
POL,FP.CPI.TOTL.ZG,2003,0.682701375787681
POL,FP.CPI.TOTL.ZG,2002,1.90528215048055
POL,FP.CPI.TOTL.ZG,2001,5.40833545566148
POL,FP.CPI.TOTL.ZG,2000,9.90017538843064
POL,FP.CPI.TOTL.ZG,1999,7.15407291179862
POL,FP.CPI.TOTL.ZG,1998,11.5978554257235
POL,FP.CPI.TOTL.ZG,1997,14.9131586149599
POL,FP.CPI.TOTL.ZG,1996,19.7949669196707
POL,FP.CPI.TOTL.ZG,1995,27.951388563304
POL,FP.CPI.TOTL.ZG,1994,32.9912766093522
POL,FP.CPI.TOTL.ZG,1993,36.9641666120718
POL,FP.CPI.TOTL.ZG,1992,46.0985621037431
POL,FP.CPI.TOTL.ZG,1991,76.7694992087347
POL,FP.CPI.TOTL.ZG,1990,567.878800666191
POL,FP.CPI.TOTL.ZG,1989,244.550932984827
POL,FP.CPI.TOTL.ZG,1988,58.7208297320654
POL,FP.CPI.TOTL.ZG,1987,26.3790278536323
POL,FP.CPI.TOTL.ZG,1986,16.5499681731383
POL,FP.CPI.TOTL.ZG,1985,11.5212607368495
POL,FP.CPI.TOTL.ZG,1984,15.4009994265582
POL,FP.CPI.TOTL.ZG,1983,25.534759358289
POL,FP.CPI.TOTL.ZG,1982,103.55871886121
POL,FP.CPI.TOTL.ZG,1981,19.1271820448877
POL,FP.CPI.TOTL.ZG,1980,9.68271334792129
POL,FP.CPI.TOTL.ZG,1979,7.02576112412187
POL,FP.CPI.TOTL.ZG,1978,8.10126582278465
POL,FP.CPI.TOTL.ZG,1977,4.90278951821559
POL,FP.CPI.TOTL.ZG,1976,4.41306266552893
POL,FP.CPI.TOTL.ZG,1975,2.2563176895509
POL,FP.CPI.TOTL.ZG,1974,7.05314009565229
POL,FP.CPI.TOTL.ZG,1973,2.47524752475231
POL,FP.CPI.TOTL.ZG,1972,-0.0989119673600758
POL,FP.CPI.TOTL.ZG,1971,1.09999999900012
POL,FP.CPI.TOTL.ZG,1970,
POL,FP.CPI.TOTL.ZG,1969,
POL,FP.CPI.TOTL.ZG,1968,
POL,FP.CPI.TOTL.ZG,1967,
POL,FP.CPI.TOTL.ZG,1966,
POL,FP.CPI.TOTL.ZG,1965,
POL,FP.CPI.TOTL.ZG,1964,
POL,FP.CPI.TOTL.ZG,1963,
POL,FP.CPI.TOTL.ZG,1962,
POL,FP.CPI.TOTL.ZG,1961,
POL,FP.CPI.TOTL.ZG,1960,
PRT,FP.CPI.TOTL.ZG,2025,
PRT,FP.CPI.TOTL.ZG,2024,2.41613187791884
PRT,FP.CPI.TOTL.ZG,2023,4.31128191898672
PRT,FP.CPI.TOTL.ZG,2022,7.83269124233323
PRT,FP.CPI.TOTL.ZG,2021,1.26565719069044
PRT,FP.CPI.TOTL.ZG,2020,-0.0124383299575305
PRT,FP.CPI.TOTL.ZG,2019,0.338178410046034
PRT,FP.CPI.TOTL.ZG,2018,0.993715683468326
PRT,FP.CPI.TOTL.ZG,2017,1.36861411643472
PRT,FP.CPI.TOTL.ZG,2016,0.607397074641719
PRT,FP.CPI.TOTL.ZG,2015,0.48793862390472
PRT,FP.CPI.TOTL.ZG,2014,-0.278153367467428
PRT,FP.CPI.TOTL.ZG,2013,0.274416666666663
PRT,FP.CPI.TOTL.ZG,2012,2.77333854051586
PRT,FP.CPI.TOTL.ZG,2011,3.65301100430724
PRT,FP.CPI.TOTL.ZG,2010,1.40257289895369
PRT,FP.CPI.TOTL.ZG,2009,-0.835530021504157
PRT,FP.CPI.TOTL.ZG,2008,2.58850657657959
PRT,FP.CPI.TOTL.ZG,2007,2.45396528138743
PRT,FP.CPI.TOTL.ZG,2006,3.1076654587105
PRT,FP.CPI.TOTL.ZG,2005,2.27716394887834
PRT,FP.CPI.TOTL.ZG,2004,2.36536204097302
PRT,FP.CPI.TOTL.ZG,2003,3.21899090682895
PRT,FP.CPI.TOTL.ZG,2002,3.60034658290914
PRT,FP.CPI.TOTL.ZG,2001,4.36990330551793
PRT,FP.CPI.TOTL.ZG,2000,2.85303039287157
PRT,FP.CPI.TOTL.ZG,1999,2.34009490312169
PRT,FP.CPI.TOTL.ZG,1998,2.5727522590913
PRT,FP.CPI.TOTL.ZG,1997,2.33686298314116
PRT,FP.CPI.TOTL.ZG,1996,3.06897732509789
PRT,FP.CPI.TOTL.ZG,1995,4.22281614099486
PRT,FP.CPI.TOTL.ZG,1994,5.42044019241626
PRT,FP.CPI.TOTL.ZG,1993,6.78377994665407
PRT,FP.CPI.TOTL.ZG,1992,9.55926033177508
PRT,FP.CPI.TOTL.ZG,1991,11.8494841773675
PRT,FP.CPI.TOTL.ZG,1990,13.6305705693074
PRT,FP.CPI.TOTL.ZG,1989,12.6863036456149
PRT,FP.CPI.TOTL.ZG,1988,10.1016321152266
PRT,FP.CPI.TOTL.ZG,1987,9.63483186245753
PRT,FP.CPI.TOTL.ZG,1986,12.3313334897219
PRT,FP.CPI.TOTL.ZG,1985,19.4614100078696
PRT,FP.CPI.TOTL.ZG,1984,28.3846388897103
PRT,FP.CPI.TOTL.ZG,1983,24.0027623802917
PRT,FP.CPI.TOTL.ZG,1982,21.6792837277095
PRT,FP.CPI.TOTL.ZG,1981,19.0404107466915
PRT,FP.CPI.TOTL.ZG,1980,15.8674803836094
PRT,FP.CPI.TOTL.ZG,1979,21.8992248062015
PRT,FP.CPI.TOTL.ZG,1978,21.0387723599382
PRT,FP.CPI.TOTL.ZG,1977,31.0167490988807
PRT,FP.CPI.TOTL.ZG,1976,21.1419048031955
PRT,FP.CPI.TOTL.ZG,1975,15.2716857518483
PRT,FP.CPI.TOTL.ZG,1974,25.0827778589527
PRT,FP.CPI.TOTL.ZG,1973,12.9746085239333
PRT,FP.CPI.TOTL.ZG,1972,10.6633559759477
PRT,FP.CPI.TOTL.ZG,1971,11.9468983654056
PRT,FP.CPI.TOTL.ZG,1970,6.38014449001673
PRT,FP.CPI.TOTL.ZG,1969,8.7827710555412
PRT,FP.CPI.TOTL.ZG,1968,6.08136171148615
PRT,FP.CPI.TOTL.ZG,1967,5.52647600753092
PRT,FP.CPI.TOTL.ZG,1966,5.03926721858183
PRT,FP.CPI.TOTL.ZG,1965,3.42492777745566
PRT,FP.CPI.TOTL.ZG,1964,3.44489848222768
PRT,FP.CPI.TOTL.ZG,1963,2.02158272759789
PRT,FP.CPI.TOTL.ZG,1962,2.66206417934763
PRT,FP.CPI.TOTL.ZG,1961,1.54899696989872
PRT,FP.CPI.TOTL.ZG,1960,3.046592778327
PRI,FP.CPI.TOTL.ZG,2025,
PRI,FP.CPI.TOTL.ZG,2024,
PRI,FP.CPI.TOTL.ZG,2023,
PRI,FP.CPI.TOTL.ZG,2022,
PRI,FP.CPI.TOTL.ZG,2021,
PRI,FP.CPI.TOTL.ZG,2020,
PRI,FP.CPI.TOTL.ZG,2019,
PRI,FP.CPI.TOTL.ZG,2018,
PRI,FP.CPI.TOTL.ZG,2017,
PRI,FP.CPI.TOTL.ZG,2016,
PRI,FP.CPI.TOTL.ZG,2015,
PRI,FP.CPI.TOTL.ZG,2014,
PRI,FP.CPI.TOTL.ZG,2013,
PRI,FP.CPI.TOTL.ZG,2012,
PRI,FP.CPI.TOTL.ZG,2011,
PRI,FP.CPI.TOTL.ZG,2010,
PRI,FP.CPI.TOTL.ZG,2009,
PRI,FP.CPI.TOTL.ZG,2008,
PRI,FP.CPI.TOTL.ZG,2007,
PRI,FP.CPI.TOTL.ZG,2006,
PRI,FP.CPI.TOTL.ZG,2005,
PRI,FP.CPI.TOTL.ZG,2004,
PRI,FP.CPI.TOTL.ZG,2003,
PRI,FP.CPI.TOTL.ZG,2002,
PRI,FP.CPI.TOTL.ZG,2001,
PRI,FP.CPI.TOTL.ZG,2000,
PRI,FP.CPI.TOTL.ZG,1999,
PRI,FP.CPI.TOTL.ZG,1998,
PRI,FP.CPI.TOTL.ZG,1997,
PRI,FP.CPI.TOTL.ZG,1996,
PRI,FP.CPI.TOTL.ZG,1995,
PRI,FP.CPI.TOTL.ZG,1994,
PRI,FP.CPI.TOTL.ZG,1993,
PRI,FP.CPI.TOTL.ZG,1992,
PRI,FP.CPI.TOTL.ZG,1991,
PRI,FP.CPI.TOTL.ZG,1990,
PRI,FP.CPI.TOTL.ZG,1989,
PRI,FP.CPI.TOTL.ZG,1988,
PRI,FP.CPI.TOTL.ZG,1987,
PRI,FP.CPI.TOTL.ZG,1986,
PRI,FP.CPI.TOTL.ZG,1985,
PRI,FP.CPI.TOTL.ZG,1984,
PRI,FP.CPI.TOTL.ZG,1983,
PRI,FP.CPI.TOTL.ZG,1982,
PRI,FP.CPI.TOTL.ZG,1981,
PRI,FP.CPI.TOTL.ZG,1980,
PRI,FP.CPI.TOTL.ZG,1979,
PRI,FP.CPI.TOTL.ZG,1978,
PRI,FP.CPI.TOTL.ZG,1977,
PRI,FP.CPI.TOTL.ZG,1976,
PRI,FP.CPI.TOTL.ZG,1975,
PRI,FP.CPI.TOTL.ZG,1974,
PRI,FP.CPI.TOTL.ZG,1973,
PRI,FP.CPI.TOTL.ZG,1972,
PRI,FP.CPI.TOTL.ZG,1971,
PRI,FP.CPI.TOTL.ZG,1970,
PRI,FP.CPI.TOTL.ZG,1969,
PRI,FP.CPI.TOTL.ZG,1968,
PRI,FP.CPI.TOTL.ZG,1967,
PRI,FP.CPI.TOTL.ZG,1966,
PRI,FP.CPI.TOTL.ZG,1965,
PRI,FP.CPI.TOTL.ZG,1964,
PRI,FP.CPI.TOTL.ZG,1963,
PRI,FP.CPI.TOTL.ZG,1962,
PRI,FP.CPI.TOTL.ZG,1961,
PRI,FP.CPI.TOTL.ZG,1960,
QAT,FP.CPI.TOTL.ZG,2025,
QAT,FP.CPI.TOTL.ZG,2024,1.26734310292375
QAT,FP.CPI.TOTL.ZG,2023,3.02764899198902
QAT,FP.CPI.TOTL.ZG,2022,4.99527553740761
QAT,FP.CPI.TOTL.ZG,2021,2.30446565742003
QAT,FP.CPI.TOTL.ZG,2020,-2.5403150300476
QAT,FP.CPI.TOTL.ZG,2019,-0.666641124861147
QAT,FP.CPI.TOTL.ZG,2018,0.255815382724408
QAT,FP.CPI.TOTL.ZG,2017,0.394878914083005
QAT,FP.CPI.TOTL.ZG,2016,2.6765917009819
QAT,FP.CPI.TOTL.ZG,2015,1.8140772393776
QAT,FP.CPI.TOTL.ZG,2014,3.34972085659523
QAT,FP.CPI.TOTL.ZG,2013,3.22197756829293
QAT,FP.CPI.TOTL.ZG,2012,2.31534853431661
QAT,FP.CPI.TOTL.ZG,2011,1.13836623529202
QAT,FP.CPI.TOTL.ZG,2010,-2.42525675161714
QAT,FP.CPI.TOTL.ZG,2009,-4.86327801622565
QAT,FP.CPI.TOTL.ZG,2008,15.0501451570333
QAT,FP.CPI.TOTL.ZG,2007,13.7581625759964
QAT,FP.CPI.TOTL.ZG,2006,11.8358096197431
QAT,FP.CPI.TOTL.ZG,2005,8.81439532334683
QAT,FP.CPI.TOTL.ZG,2004,6.79933665008279
QAT,FP.CPI.TOTL.ZG,2003,2.26456504389469
QAT,FP.CPI.TOTL.ZG,2002,0.239999999999952
QAT,FP.CPI.TOTL.ZG,2001,1.47133434804683
QAT,FP.CPI.TOTL.ZG,2000,1.65033522434232
QAT,FP.CPI.TOTL.ZG,1999,2.18170320404723
QAT,FP.CPI.TOTL.ZG,1998,2.9513888888889
QAT,FP.CPI.TOTL.ZG,1997,4.83448981913322
QAT,FP.CPI.TOTL.ZG,1996,4.90453460620532
QAT,FP.CPI.TOTL.ZG,1995,2.9565217391303
QAT,FP.CPI.TOTL.ZG,1994,1.32158590308376
QAT,FP.CPI.TOTL.ZG,1993,-0.8733624454148
QAT,FP.CPI.TOTL.ZG,1992,3.06030603060311
QAT,FP.CPI.TOTL.ZG,1991,4.41729323308255
QAT,FP.CPI.TOTL.ZG,1990,3.0009680542111
QAT,FP.CPI.TOTL.ZG,1989,3.30000000000015
QAT,FP.CPI.TOTL.ZG,1988,4.60251046025085
QAT,FP.CPI.TOTL.ZG,1987,2.6852846401719
QAT,FP.CPI.TOTL.ZG,1986,0.757575757575709
QAT,FP.CPI.TOTL.ZG,1985,1.91256830693925
QAT,FP.CPI.TOTL.ZG,1984,1.10497237570068
QAT,FP.CPI.TOTL.ZG,1983,2.74361400094617
QAT,FP.CPI.TOTL.ZG,1982,5.69999999999979
QAT,FP.CPI.TOTL.ZG,1981,8.5205992510162
QAT,FP.CPI.TOTL.ZG,1980,6.79999999900022
QAT,FP.CPI.TOTL.ZG,1979,
QAT,FP.CPI.TOTL.ZG,1978,
QAT,FP.CPI.TOTL.ZG,1977,
QAT,FP.CPI.TOTL.ZG,1976,
QAT,FP.CPI.TOTL.ZG,1975,
QAT,FP.CPI.TOTL.ZG,1974,
QAT,FP.CPI.TOTL.ZG,1973,
QAT,FP.CPI.TOTL.ZG,1972,
QAT,FP.CPI.TOTL.ZG,1971,
QAT,FP.CPI.TOTL.ZG,1970,
QAT,FP.CPI.TOTL.ZG,1969,
QAT,FP.CPI.TOTL.ZG,1968,
QAT,FP.CPI.TOTL.ZG,1967,
QAT,FP.CPI.TOTL.ZG,1966,
QAT,FP.CPI.TOTL.ZG,1965,
QAT,FP.CPI.TOTL.ZG,1964,
QAT,FP.CPI.TOTL.ZG,1963,
QAT,FP.CPI.TOTL.ZG,1962,
QAT,FP.CPI.TOTL.ZG,1961,
QAT,FP.CPI.TOTL.ZG,1960,
ROU,FP.CPI.TOTL.ZG,2025,
ROU,FP.CPI.TOTL.ZG,2024,5.72140574354439
ROU,FP.CPI.TOTL.ZG,2023,10.3971874764996
ROU,FP.CPI.TOTL.ZG,2022,13.7954887432521
ROU,FP.CPI.TOTL.ZG,2021,5.05232876096582
ROU,FP.CPI.TOTL.ZG,2020,2.63107311184743
ROU,FP.CPI.TOTL.ZG,2019,3.82785432599438
ROU,FP.CPI.TOTL.ZG,2018,4.62548443137779
ROU,FP.CPI.TOTL.ZG,2017,1.3390212110439
ROU,FP.CPI.TOTL.ZG,2016,-1.54479666813897
ROU,FP.CPI.TOTL.ZG,2015,-0.594156437495203
ROU,FP.CPI.TOTL.ZG,2014,1.06830987684298
ROU,FP.CPI.TOTL.ZG,2013,3.9847123554813
ROU,FP.CPI.TOTL.ZG,2012,3.33492267693442
ROU,FP.CPI.TOTL.ZG,2011,5.7892532881588
ROU,FP.CPI.TOTL.ZG,2010,6.09141668601891
ROU,FP.CPI.TOTL.ZG,2009,5.58742004264393
ROU,FP.CPI.TOTL.ZG,2008,7.85080255714482
ROU,FP.CPI.TOTL.ZG,2007,4.83732928313989
ROU,FP.CPI.TOTL.ZG,2006,6.55851412276983
ROU,FP.CPI.TOTL.ZG,2005,9.01491283343835
ROU,FP.CPI.TOTL.ZG,2004,11.8743635936399
ROU,FP.CPI.TOTL.ZG,2003,15.2734889936255
ROU,FP.CPI.TOTL.ZG,2002,22.5398862605386
ROU,FP.CPI.TOTL.ZG,2001,34.4770123493527
ROU,FP.CPI.TOTL.ZG,2000,45.6665940440238
ROU,FP.CPI.TOTL.ZG,1999,45.8037811326363
ROU,FP.CPI.TOTL.ZG,1998,59.0965827541167
ROU,FP.CPI.TOTL.ZG,1997,154.763480436309
ROU,FP.CPI.TOTL.ZG,1996,38.8293013382852
ROU,FP.CPI.TOTL.ZG,1995,32.2424847257597
ROU,FP.CPI.TOTL.ZG,1994,136.759392815441
ROU,FP.CPI.TOTL.ZG,1993,255.166861826698
ROU,FP.CPI.TOTL.ZG,1992,211.205587610082
ROU,FP.CPI.TOTL.ZG,1991,230.622494900178
ROU,FP.CPI.TOTL.ZG,1990,
ROU,FP.CPI.TOTL.ZG,1989,
ROU,FP.CPI.TOTL.ZG,1988,
ROU,FP.CPI.TOTL.ZG,1987,
ROU,FP.CPI.TOTL.ZG,1986,
ROU,FP.CPI.TOTL.ZG,1985,
ROU,FP.CPI.TOTL.ZG,1984,
ROU,FP.CPI.TOTL.ZG,1983,
ROU,FP.CPI.TOTL.ZG,1982,
ROU,FP.CPI.TOTL.ZG,1981,
ROU,FP.CPI.TOTL.ZG,1980,
ROU,FP.CPI.TOTL.ZG,1979,
ROU,FP.CPI.TOTL.ZG,1978,
ROU,FP.CPI.TOTL.ZG,1977,
ROU,FP.CPI.TOTL.ZG,1976,
ROU,FP.CPI.TOTL.ZG,1975,
ROU,FP.CPI.TOTL.ZG,1974,
ROU,FP.CPI.TOTL.ZG,1973,
ROU,FP.CPI.TOTL.ZG,1972,
ROU,FP.CPI.TOTL.ZG,1971,
ROU,FP.CPI.TOTL.ZG,1970,
ROU,FP.CPI.TOTL.ZG,1969,
ROU,FP.CPI.TOTL.ZG,1968,
ROU,FP.CPI.TOTL.ZG,1967,
ROU,FP.CPI.TOTL.ZG,1966,
ROU,FP.CPI.TOTL.ZG,1965,
ROU,FP.CPI.TOTL.ZG,1964,
ROU,FP.CPI.TOTL.ZG,1963,
ROU,FP.CPI.TOTL.ZG,1962,
ROU,FP.CPI.TOTL.ZG,1961,
ROU,FP.CPI.TOTL.ZG,1960,
RUS,FP.CPI.TOTL.ZG,2025,
RUS,FP.CPI.TOTL.ZG,2024,8.43486410496723
RUS,FP.CPI.TOTL.ZG,2023,5.86571931748967
RUS,FP.CPI.TOTL.ZG,2022,13.7436797398232
RUS,FP.CPI.TOTL.ZG,2021,6.69445891957612
RUS,FP.CPI.TOTL.ZG,2020,3.38219796948068
RUS,FP.CPI.TOTL.ZG,2019,4.47202631837903
RUS,FP.CPI.TOTL.ZG,2018,2.87831382614981
RUS,FP.CPI.TOTL.ZG,2017,3.68333072334495
RUS,FP.CPI.TOTL.ZG,2016,7.04243725413707
RUS,FP.CPI.TOTL.ZG,2015,15.5343959935701
RUS,FP.CPI.TOTL.ZG,2014,7.82016970013845
RUS,FP.CPI.TOTL.ZG,2013,6.75466833903486
RUS,FP.CPI.TOTL.ZG,2012,5.07474300799149
RUS,FP.CPI.TOTL.ZG,2011,8.4404648593257
RUS,FP.CPI.TOTL.ZG,2010,6.84939230255025
RUS,FP.CPI.TOTL.ZG,2009,11.6473295764118
RUS,FP.CPI.TOTL.ZG,2008,14.1107677840442
RUS,FP.CPI.TOTL.ZG,2007,9.00729868861079
RUS,FP.CPI.TOTL.ZG,2006,9.66865454789265
RUS,FP.CPI.TOTL.ZG,2005,12.6853039507349
RUS,FP.CPI.TOTL.ZG,2004,10.8886157326216
RUS,FP.CPI.TOTL.ZG,2003,13.6632930228666
RUS,FP.CPI.TOTL.ZG,2002,15.7887307914463
RUS,FP.CPI.TOTL.ZG,2001,21.4770072117159
RUS,FP.CPI.TOTL.ZG,2000,20.7987606558704
RUS,FP.CPI.TOTL.ZG,1999,85.7464940960636
RUS,FP.CPI.TOTL.ZG,1998,27.6856798076742
RUS,FP.CPI.TOTL.ZG,1997,14.761329268806
RUS,FP.CPI.TOTL.ZG,1996,47.7520122009939
RUS,FP.CPI.TOTL.ZG,1995,197.414268084251
RUS,FP.CPI.TOTL.ZG,1994,307.722635553193
RUS,FP.CPI.TOTL.ZG,1993,874.245720380188
RUS,FP.CPI.TOTL.ZG,1992,
RUS,FP.CPI.TOTL.ZG,1991,
RUS,FP.CPI.TOTL.ZG,1990,
RUS,FP.CPI.TOTL.ZG,1989,
RUS,FP.CPI.TOTL.ZG,1988,
RUS,FP.CPI.TOTL.ZG,1987,
RUS,FP.CPI.TOTL.ZG,1986,
RUS,FP.CPI.TOTL.ZG,1985,
RUS,FP.CPI.TOTL.ZG,1984,
RUS,FP.CPI.TOTL.ZG,1983,
RUS,FP.CPI.TOTL.ZG,1982,
RUS,FP.CPI.TOTL.ZG,1981,
RUS,FP.CPI.TOTL.ZG,1980,
RUS,FP.CPI.TOTL.ZG,1979,
RUS,FP.CPI.TOTL.ZG,1978,
RUS,FP.CPI.TOTL.ZG,1977,
RUS,FP.CPI.TOTL.ZG,1976,
RUS,FP.CPI.TOTL.ZG,1975,
RUS,FP.CPI.TOTL.ZG,1974,
RUS,FP.CPI.TOTL.ZG,1973,
RUS,FP.CPI.TOTL.ZG,1972,
RUS,FP.CPI.TOTL.ZG,1971,
RUS,FP.CPI.TOTL.ZG,1970,
RUS,FP.CPI.TOTL.ZG,1969,
RUS,FP.CPI.TOTL.ZG,1968,
RUS,FP.CPI.TOTL.ZG,1967,
RUS,FP.CPI.TOTL.ZG,1966,
RUS,FP.CPI.TOTL.ZG,1965,
RUS,FP.CPI.TOTL.ZG,1964,
RUS,FP.CPI.TOTL.ZG,1963,
RUS,FP.CPI.TOTL.ZG,1962,
RUS,FP.CPI.TOTL.ZG,1961,
RUS,FP.CPI.TOTL.ZG,1960,
RWA,FP.CPI.TOTL.ZG,2025,
RWA,FP.CPI.TOTL.ZG,2024,1.77029240198635
RWA,FP.CPI.TOTL.ZG,2023,19.789546746467
RWA,FP.CPI.TOTL.ZG,2022,17.6892095588153
RWA,FP.CPI.TOTL.ZG,2021,-0.391346748300791
RWA,FP.CPI.TOTL.ZG,2020,9.85039902274207
RWA,FP.CPI.TOTL.ZG,2019,3.34787655037648
RWA,FP.CPI.TOTL.ZG,2018,-0.311210160390699
RWA,FP.CPI.TOTL.ZG,2017,8.27953672260832
RWA,FP.CPI.TOTL.ZG,2016,7.17434301982009
RWA,FP.CPI.TOTL.ZG,2015,2.52850284192421
RWA,FP.CPI.TOTL.ZG,2014,2.35449052820358
RWA,FP.CPI.TOTL.ZG,2013,5.92426867984854
RWA,FP.CPI.TOTL.ZG,2012,10.2710182318876
RWA,FP.CPI.TOTL.ZG,2011,3.0801706924026
RWA,FP.CPI.TOTL.ZG,2010,-0.246128693436934
RWA,FP.CPI.TOTL.ZG,2009,12.9443978401712
RWA,FP.CPI.TOTL.ZG,2008,15.4382138709255
RWA,FP.CPI.TOTL.ZG,2007,9.08072205873158
RWA,FP.CPI.TOTL.ZG,2006,8.88282654777923
RWA,FP.CPI.TOTL.ZG,2005,9.01408918092339
RWA,FP.CPI.TOTL.ZG,2004,12.2507102894391
RWA,FP.CPI.TOTL.ZG,2003,7.44970014007366
RWA,FP.CPI.TOTL.ZG,2002,1.99258542453993
RWA,FP.CPI.TOTL.ZG,2001,3.34285506749409
RWA,FP.CPI.TOTL.ZG,2000,3.89952980284712
RWA,FP.CPI.TOTL.ZG,1999,-2.40593209742259
RWA,FP.CPI.TOTL.ZG,1998,6.2100670945581
RWA,FP.CPI.TOTL.ZG,1997,12.0154225195686
RWA,FP.CPI.TOTL.ZG,1996,7.41137173526642
RWA,FP.CPI.TOTL.ZG,1995,
RWA,FP.CPI.TOTL.ZG,1994,
RWA,FP.CPI.TOTL.ZG,1993,12.3543887630448
RWA,FP.CPI.TOTL.ZG,1992,9.56041187600816
RWA,FP.CPI.TOTL.ZG,1991,19.6371658148373
RWA,FP.CPI.TOTL.ZG,1990,4.18576372649948
RWA,FP.CPI.TOTL.ZG,1989,1.01027824831114
RWA,FP.CPI.TOTL.ZG,1988,2.97864355658034
RWA,FP.CPI.TOTL.ZG,1987,4.13301490809125
RWA,FP.CPI.TOTL.ZG,1986,-1.11706657280676
RWA,FP.CPI.TOTL.ZG,1985,1.75933005651688
RWA,FP.CPI.TOTL.ZG,1984,5.36957038827376
RWA,FP.CPI.TOTL.ZG,1983,6.59300214307078
RWA,FP.CPI.TOTL.ZG,1982,12.5651365334134
RWA,FP.CPI.TOTL.ZG,1981,6.4506644718119
RWA,FP.CPI.TOTL.ZG,1980,7.24939299325274
RWA,FP.CPI.TOTL.ZG,1979,15.6733294423726
RWA,FP.CPI.TOTL.ZG,1978,13.2705337973878
RWA,FP.CPI.TOTL.ZG,1977,13.6551465066428
RWA,FP.CPI.TOTL.ZG,1976,7.1658615138318
RWA,FP.CPI.TOTL.ZG,1975,30.2260465749065
RWA,FP.CPI.TOTL.ZG,1974,31.0882993654484
RWA,FP.CPI.TOTL.ZG,1973,9.3736740756774
RWA,FP.CPI.TOTL.ZG,1972,3.092193808935
RWA,FP.CPI.TOTL.ZG,1971,0.488580074222891
RWA,FP.CPI.TOTL.ZG,1970,0.514885808022463
RWA,FP.CPI.TOTL.ZG,1969,0.484939553317571
RWA,FP.CPI.TOTL.ZG,1968,3.16193697269933
RWA,FP.CPI.TOTL.ZG,1967,1.45292730022852
RWA,FP.CPI.TOTL.ZG,1966,
RWA,FP.CPI.TOTL.ZG,1965,
RWA,FP.CPI.TOTL.ZG,1964,
RWA,FP.CPI.TOTL.ZG,1963,
RWA,FP.CPI.TOTL.ZG,1962,
RWA,FP.CPI.TOTL.ZG,1961,
RWA,FP.CPI.TOTL.ZG,1960,
WSM,FP.CPI.TOTL.ZG,2025,
WSM,FP.CPI.TOTL.ZG,2024,2.17245530514377
WSM,FP.CPI.TOTL.ZG,2023,7.92164684826777
WSM,FP.CPI.TOTL.ZG,2022,10.9618822286844
WSM,FP.CPI.TOTL.ZG,2021,3.13320473174494
WSM,FP.CPI.TOTL.ZG,2020,-1.56891247740895
WSM,FP.CPI.TOTL.ZG,2019,0.982326569888117
WSM,FP.CPI.TOTL.ZG,2018,4.19745888663752
WSM,FP.CPI.TOTL.ZG,2017,1.74989677484705
WSM,FP.CPI.TOTL.ZG,2016,1.30471869303179
WSM,FP.CPI.TOTL.ZG,2015,0.724470134874729
WSM,FP.CPI.TOTL.ZG,2014,-0.40681608842489
WSM,FP.CPI.TOTL.ZG,2013,0.61008572090503
WSM,FP.CPI.TOTL.ZG,2012,2.0490188352116
WSM,FP.CPI.TOTL.ZG,2011,5.23541591478434
WSM,FP.CPI.TOTL.ZG,2010,0.777007268777692
WSM,FP.CPI.TOTL.ZG,2009,6.32495336235228
WSM,FP.CPI.TOTL.ZG,2008,11.565906838454
WSM,FP.CPI.TOTL.ZG,2007,5.57706393219629
WSM,FP.CPI.TOTL.ZG,2006,3.70008680555553
WSM,FP.CPI.TOTL.ZG,2005,1.85676392572949
WSM,FP.CPI.TOTL.ZG,2004,16.3131507905901
WSM,FP.CPI.TOTL.ZG,2003,0.115830115830107
WSM,FP.CPI.TOTL.ZG,2002,8.0503144654087
WSM,FP.CPI.TOTL.ZG,2001,3.83828463867725
WSM,FP.CPI.TOTL.ZG,2000,0.966782350024729
WSM,FP.CPI.TOTL.ZG,1999,0.265120132560355
WSM,FP.CPI.TOTL.ZG,1998,2.21883468834654
WSM,FP.CPI.TOTL.ZG,1997,6.86182355310877
WSM,FP.CPI.TOTL.ZG,1996,5.37461972030278
WSM,FP.CPI.TOTL.ZG,1995,-2.90352865746142
WSM,FP.CPI.TOTL.ZG,1994,12.0803818909762
WSM,FP.CPI.TOTL.ZG,1993,1.71509123658868
WSM,FP.CPI.TOTL.ZG,1992,9.03113792907172
WSM,FP.CPI.TOTL.ZG,1991,-1.81919798798399
WSM,FP.CPI.TOTL.ZG,1990,15.2384632724695
WSM,FP.CPI.TOTL.ZG,1989,6.46256171146444
WSM,FP.CPI.TOTL.ZG,1988,8.50786801086301
WSM,FP.CPI.TOTL.ZG,1987,4.56684949636828
WSM,FP.CPI.TOTL.ZG,1986,5.73355817902005
WSM,FP.CPI.TOTL.ZG,1985,9.09050118887493
WSM,FP.CPI.TOTL.ZG,1984,11.8600682594715
WSM,FP.CPI.TOTL.ZG,1983,16.4601356089933
WSM,FP.CPI.TOTL.ZG,1982,18.2962245891187
WSM,FP.CPI.TOTL.ZG,1981,20.5066244471294
WSM,FP.CPI.TOTL.ZG,1980,33.0472428985001
WSM,FP.CPI.TOTL.ZG,1979,11.1195509980497
WSM,FP.CPI.TOTL.ZG,1978,2.05865885702086
WSM,FP.CPI.TOTL.ZG,1977,14.6107902659428
WSM,FP.CPI.TOTL.ZG,1976,4.90368682691046
WSM,FP.CPI.TOTL.ZG,1975,8.78774222631875
WSM,FP.CPI.TOTL.ZG,1974,24.9876786595613
WSM,FP.CPI.TOTL.ZG,1973,11.7642429959867
WSM,FP.CPI.TOTL.ZG,1972,7.50682438580534
WSM,FP.CPI.TOTL.ZG,1971,4.76644423260296
WSM,FP.CPI.TOTL.ZG,1970,2.74240940254606
WSM,FP.CPI.TOTL.ZG,1969,4.13054563997966
WSM,FP.CPI.TOTL.ZG,1968,1.71161825726125
WSM,FP.CPI.TOTL.ZG,1967,-0.515995872032687
WSM,FP.CPI.TOTL.ZG,1966,2.86624203821646
WSM,FP.CPI.TOTL.ZG,1965,2.11382113821132
WSM,FP.CPI.TOTL.ZG,1964,5.30821917808229
WSM,FP.CPI.TOTL.ZG,1963,0.689655172413793
WSM,FP.CPI.TOTL.ZG,1962,2.65486725663724
WSM,FP.CPI.TOTL.ZG,1961,
WSM,FP.CPI.TOTL.ZG,1960,
SMR,FP.CPI.TOTL.ZG,2025,
SMR,FP.CPI.TOTL.ZG,2024,1.24216507945569
SMR,FP.CPI.TOTL.ZG,2023,5.93190858629403
SMR,FP.CPI.TOTL.ZG,2022,5.32545321311365
SMR,FP.CPI.TOTL.ZG,2021,1.61551411551421
SMR,FP.CPI.TOTL.ZG,2020,-0.133368898372915
SMR,FP.CPI.TOTL.ZG,2019,0.472651967352852
SMR,FP.CPI.TOTL.ZG,2018,1.16333522293158
SMR,FP.CPI.TOTL.ZG,2017,1.01413313194508
SMR,FP.CPI.TOTL.ZG,2016,0.644075340346552
SMR,FP.CPI.TOTL.ZG,2015,0.145686073241066
SMR,FP.CPI.TOTL.ZG,2014,1.11296303373851
SMR,FP.CPI.TOTL.ZG,2013,1.60439298078082
SMR,FP.CPI.TOTL.ZG,2012,2.8273322422258
SMR,FP.CPI.TOTL.ZG,2011,2.89979584300123
SMR,FP.CPI.TOTL.ZG,2010,2.58541815582587
SMR,FP.CPI.TOTL.ZG,2009,2.19959237046011
SMR,FP.CPI.TOTL.ZG,2008,4.29320249287704
SMR,FP.CPI.TOTL.ZG,2007,2.49894575725803
SMR,FP.CPI.TOTL.ZG,2006,2.09525935611432
SMR,FP.CPI.TOTL.ZG,2005,1.68548890528347
SMR,FP.CPI.TOTL.ZG,2004,1.43083868527343
SMR,FP.CPI.TOTL.ZG,2003,
SMR,FP.CPI.TOTL.ZG,2002,
SMR,FP.CPI.TOTL.ZG,2001,
SMR,FP.CPI.TOTL.ZG,2000,
SMR,FP.CPI.TOTL.ZG,1999,
SMR,FP.CPI.TOTL.ZG,1998,
SMR,FP.CPI.TOTL.ZG,1997,
SMR,FP.CPI.TOTL.ZG,1996,
SMR,FP.CPI.TOTL.ZG,1995,
SMR,FP.CPI.TOTL.ZG,1994,
SMR,FP.CPI.TOTL.ZG,1993,
SMR,FP.CPI.TOTL.ZG,1992,
SMR,FP.CPI.TOTL.ZG,1991,
SMR,FP.CPI.TOTL.ZG,1990,
SMR,FP.CPI.TOTL.ZG,1989,
SMR,FP.CPI.TOTL.ZG,1988,
SMR,FP.CPI.TOTL.ZG,1987,
SMR,FP.CPI.TOTL.ZG,1986,
SMR,FP.CPI.TOTL.ZG,1985,
SMR,FP.CPI.TOTL.ZG,1984,
SMR,FP.CPI.TOTL.ZG,1983,
SMR,FP.CPI.TOTL.ZG,1982,
SMR,FP.CPI.TOTL.ZG,1981,
SMR,FP.CPI.TOTL.ZG,1980,
SMR,FP.CPI.TOTL.ZG,1979,
SMR,FP.CPI.TOTL.ZG,1978,
SMR,FP.CPI.TOTL.ZG,1977,
SMR,FP.CPI.TOTL.ZG,1976,
SMR,FP.CPI.TOTL.ZG,1975,
SMR,FP.CPI.TOTL.ZG,1974,
SMR,FP.CPI.TOTL.ZG,1973,
SMR,FP.CPI.TOTL.ZG,1972,
SMR,FP.CPI.TOTL.ZG,1971,
SMR,FP.CPI.TOTL.ZG,1970,
SMR,FP.CPI.TOTL.ZG,1969,
SMR,FP.CPI.TOTL.ZG,1968,
SMR,FP.CPI.TOTL.ZG,1967,
SMR,FP.CPI.TOTL.ZG,1966,
SMR,FP.CPI.TOTL.ZG,1965,
SMR,FP.CPI.TOTL.ZG,1964,
SMR,FP.CPI.TOTL.ZG,1963,
SMR,FP.CPI.TOTL.ZG,1962,
SMR,FP.CPI.TOTL.ZG,1961,
SMR,FP.CPI.TOTL.ZG,1960,
STP,FP.CPI.TOTL.ZG,2025,
STP,FP.CPI.TOTL.ZG,2024,14.3519273571008
STP,FP.CPI.TOTL.ZG,2023,21.2589138473
STP,FP.CPI.TOTL.ZG,2022,18.0056351122841
STP,FP.CPI.TOTL.ZG,2021,8.13777038378732
STP,FP.CPI.TOTL.ZG,2020,9.81932791540146
STP,FP.CPI.TOTL.ZG,2019,7.72024525213248
STP,FP.CPI.TOTL.ZG,2018,7.86859628873909
STP,FP.CPI.TOTL.ZG,2017,5.6902961992902
STP,FP.CPI.TOTL.ZG,2016,5.43051966119156
STP,FP.CPI.TOTL.ZG,2015,5.24587835022454
STP,FP.CPI.TOTL.ZG,2014,6.99849943966421
STP,FP.CPI.TOTL.ZG,2013,8.10583270875476
STP,FP.CPI.TOTL.ZG,2012,10.6379353431628
STP,FP.CPI.TOTL.ZG,2011,14.3271667616801
STP,FP.CPI.TOTL.ZG,2010,13.34005235378
STP,FP.CPI.TOTL.ZG,2009,16.9574758025945
STP,FP.CPI.TOTL.ZG,2008,31.9901039492573
STP,FP.CPI.TOTL.ZG,2007,18.5485136325779
STP,FP.CPI.TOTL.ZG,2006,23.0770373451381
STP,FP.CPI.TOTL.ZG,2005,17.1522049354354
STP,FP.CPI.TOTL.ZG,2004,13.2858860871796
STP,FP.CPI.TOTL.ZG,2003,9.79241974934509
STP,FP.CPI.TOTL.ZG,2002,10.128724672229
STP,FP.CPI.TOTL.ZG,2001,9.22203707560889
STP,FP.CPI.TOTL.ZG,2000,12.2089456308977
STP,FP.CPI.TOTL.ZG,1999,12.7251770130085
STP,FP.CPI.TOTL.ZG,1998,50.4931357486254
STP,FP.CPI.TOTL.ZG,1997,35.81717824448
STP,FP.CPI.TOTL.ZG,1996,
STP,FP.CPI.TOTL.ZG,1995,
STP,FP.CPI.TOTL.ZG,1994,
STP,FP.CPI.TOTL.ZG,1993,
STP,FP.CPI.TOTL.ZG,1992,
STP,FP.CPI.TOTL.ZG,1991,
STP,FP.CPI.TOTL.ZG,1990,
STP,FP.CPI.TOTL.ZG,1989,
STP,FP.CPI.TOTL.ZG,1988,
STP,FP.CPI.TOTL.ZG,1987,
STP,FP.CPI.TOTL.ZG,1986,
STP,FP.CPI.TOTL.ZG,1985,
STP,FP.CPI.TOTL.ZG,1984,
STP,FP.CPI.TOTL.ZG,1983,
STP,FP.CPI.TOTL.ZG,1982,
STP,FP.CPI.TOTL.ZG,1981,
STP,FP.CPI.TOTL.ZG,1980,
STP,FP.CPI.TOTL.ZG,1979,
STP,FP.CPI.TOTL.ZG,1978,
STP,FP.CPI.TOTL.ZG,1977,
STP,FP.CPI.TOTL.ZG,1976,
STP,FP.CPI.TOTL.ZG,1975,
STP,FP.CPI.TOTL.ZG,1974,
STP,FP.CPI.TOTL.ZG,1973,
STP,FP.CPI.TOTL.ZG,1972,
STP,FP.CPI.TOTL.ZG,1971,
STP,FP.CPI.TOTL.ZG,1970,
STP,FP.CPI.TOTL.ZG,1969,
STP,FP.CPI.TOTL.ZG,1968,
STP,FP.CPI.TOTL.ZG,1967,
STP,FP.CPI.TOTL.ZG,1966,
STP,FP.CPI.TOTL.ZG,1965,
STP,FP.CPI.TOTL.ZG,1964,
STP,FP.CPI.TOTL.ZG,1963,
STP,FP.CPI.TOTL.ZG,1962,
STP,FP.CPI.TOTL.ZG,1961,
STP,FP.CPI.TOTL.ZG,1960,
SAU,FP.CPI.TOTL.ZG,2025,
SAU,FP.CPI.TOTL.ZG,2024,1.68792112375809
SAU,FP.CPI.TOTL.ZG,2023,2.32708518362699
SAU,FP.CPI.TOTL.ZG,2022,2.47407371925372
SAU,FP.CPI.TOTL.ZG,2021,3.06328988941548
SAU,FP.CPI.TOTL.ZG,2020,3.37234961012303
SAU,FP.CPI.TOTL.ZG,2019,-1.1929864453332
SAU,FP.CPI.TOTL.ZG,2018,2.46594308994843
SAU,FP.CPI.TOTL.ZG,2017,-0.834845735027246
SAU,FP.CPI.TOTL.ZG,2016,2.05347076823965
SAU,FP.CPI.TOTL.ZG,2015,1.22269318552337
SAU,FP.CPI.TOTL.ZG,2014,2.24185348779063
SAU,FP.CPI.TOTL.ZG,2013,3.51104209799857
SAU,FP.CPI.TOTL.ZG,2012,2.86627029905053
SAU,FP.CPI.TOTL.ZG,2011,5.82621637394042
SAU,FP.CPI.TOTL.ZG,2010,5.33941733020903
SAU,FP.CPI.TOTL.ZG,2009,5.0572227614833
SAU,FP.CPI.TOTL.ZG,2008,9.87024816760269
SAU,FP.CPI.TOTL.ZG,2007,4.1678235843158
SAU,FP.CPI.TOTL.ZG,2006,2.20902314069639
SAU,FP.CPI.TOTL.ZG,2005,0.47923167163102
SAU,FP.CPI.TOTL.ZG,2004,0.51550789776726
SAU,FP.CPI.TOTL.ZG,2003,0.612195358172966
SAU,FP.CPI.TOTL.ZG,2002,0.247186492339725
SAU,FP.CPI.TOTL.ZG,2001,-1.12094804896791
SAU,FP.CPI.TOTL.ZG,2000,-1.1249983851764
SAU,FP.CPI.TOTL.ZG,1999,-1.333754896539
SAU,FP.CPI.TOTL.ZG,1998,-0.371266751712053
SAU,FP.CPI.TOTL.ZG,1997,0.0571506050626109
SAU,FP.CPI.TOTL.ZG,1996,1.22206054877769
SAU,FP.CPI.TOTL.ZG,1995,4.86843103056028
SAU,FP.CPI.TOTL.ZG,1994,0.564325478533135
SAU,FP.CPI.TOTL.ZG,1993,1.05579531442695
SAU,FP.CPI.TOTL.ZG,1992,-0.0770060064690784
SAU,FP.CPI.TOTL.ZG,1991,4.86111111111135
SAU,FP.CPI.TOTL.ZG,1990,2.0771513353116
SAU,FP.CPI.TOTL.ZG,1989,1.03264490339739
SAU,FP.CPI.TOTL.ZG,1988,0.907563025210508
SAU,FP.CPI.TOTL.ZG,1987,-1.5471167369902
SAU,FP.CPI.TOTL.ZG,1986,-3.203331464723
SAU,FP.CPI.TOTL.ZG,1985,-3.05876872913659
SAU,FP.CPI.TOTL.ZG,1984,-1.55903706534204
SAU,FP.CPI.TOTL.ZG,1983,0.191424196019064
SAU,FP.CPI.TOTL.ZG,1982,1.02103960396035
SAU,FP.CPI.TOTL.ZG,1981,2.79898218829488
SAU,FP.CPI.TOTL.ZG,1980,4.16926655363289
SAU,FP.CPI.TOTL.ZG,1979,1.08156690288337
SAU,FP.CPI.TOTL.ZG,1978,-1.58360185022086
SAU,FP.CPI.TOTL.ZG,1977,11.3990111699532
SAU,FP.CPI.TOTL.ZG,1976,31.5586605641125
SAU,FP.CPI.TOTL.ZG,1975,34.5761063381485
SAU,FP.CPI.TOTL.ZG,1974,21.4370078736641
SAU,FP.CPI.TOTL.ZG,1973,16.5137614681954
SAU,FP.CPI.TOTL.ZG,1972,4.33117970783497
SAU,FP.CPI.TOTL.ZG,1971,4.47499999974997
SAU,FP.CPI.TOTL.ZG,1970,0.177777777777784
SAU,FP.CPI.TOTL.ZG,1969,3.49586016559326
SAU,FP.CPI.TOTL.ZG,1968,1.58878504672938
SAU,FP.CPI.TOTL.ZG,1967,2.09923664219521
SAU,FP.CPI.TOTL.ZG,1966,1.55038759593042
SAU,FP.CPI.TOTL.ZG,1965,0.389105059342286
SAU,FP.CPI.TOTL.ZG,1964,2.79999999899983
SAU,FP.CPI.TOTL.ZG,1963,
SAU,FP.CPI.TOTL.ZG,1962,
SAU,FP.CPI.TOTL.ZG,1961,
SAU,FP.CPI.TOTL.ZG,1960,
SEN,FP.CPI.TOTL.ZG,2025,
SEN,FP.CPI.TOTL.ZG,2024,0.804503298792438
SEN,FP.CPI.TOTL.ZG,2023,5.93947798773215
SEN,FP.CPI.TOTL.ZG,2022,9.69681899081073
SEN,FP.CPI.TOTL.ZG,2021,2.18032278088147
SEN,FP.CPI.TOTL.ZG,2020,2.54314685681662
SEN,FP.CPI.TOTL.ZG,2019,1.76011151192939
SEN,FP.CPI.TOTL.ZG,2018,0.460985642464188
SEN,FP.CPI.TOTL.ZG,2017,1.31815314847789
SEN,FP.CPI.TOTL.ZG,2016,0.837284942557434
SEN,FP.CPI.TOTL.ZG,2015,0.135211933635165
SEN,FP.CPI.TOTL.ZG,2014,-1.09025507446895
SEN,FP.CPI.TOTL.ZG,2013,0.710245486695176
SEN,FP.CPI.TOTL.ZG,2012,1.41822871177854
SEN,FP.CPI.TOTL.ZG,2011,3.40322829786971
SEN,FP.CPI.TOTL.ZG,2010,1.22868119673344
SEN,FP.CPI.TOTL.ZG,2009,-2.2480214785534
SEN,FP.CPI.TOTL.ZG,2008,7.34720236578406
SEN,FP.CPI.TOTL.ZG,2007,5.85330428467681
SEN,FP.CPI.TOTL.ZG,2006,2.11228583877117
SEN,FP.CPI.TOTL.ZG,2005,1.71133325855502
SEN,FP.CPI.TOTL.ZG,2004,0.514781781023016
SEN,FP.CPI.TOTL.ZG,2003,-0.0519970242714495
SEN,FP.CPI.TOTL.ZG,2002,2.33730187454299
SEN,FP.CPI.TOTL.ZG,2001,2.97450083919566
SEN,FP.CPI.TOTL.ZG,2000,0.731981981981597
SEN,FP.CPI.TOTL.ZG,1999,0.827250608272497
SEN,FP.CPI.TOTL.ZG,1998,1.15678070391341
SEN,FP.CPI.TOTL.ZG,1997,1.75316478097236
SEN,FP.CPI.TOTL.ZG,1996,2.75430663482407
SEN,FP.CPI.TOTL.ZG,1995,7.8640078457011
SEN,FP.CPI.TOTL.ZG,1994,32.2936668569552
SEN,FP.CPI.TOTL.ZG,1993,-0.586434615120184
SEN,FP.CPI.TOTL.ZG,1992,-0.109942967085665
SEN,FP.CPI.TOTL.ZG,1991,-1.75355690199309
SEN,FP.CPI.TOTL.ZG,1990,0.325098630183258
SEN,FP.CPI.TOTL.ZG,1989,0.447309340771316
SEN,FP.CPI.TOTL.ZG,1988,-1.82668225079295
SEN,FP.CPI.TOTL.ZG,1987,-4.14072378633809
SEN,FP.CPI.TOTL.ZG,1986,6.18477854456934
SEN,FP.CPI.TOTL.ZG,1985,13.0000576159794
SEN,FP.CPI.TOTL.ZG,1984,11.7840274796329
SEN,FP.CPI.TOTL.ZG,1983,11.6169845681475
SEN,FP.CPI.TOTL.ZG,1982,17.3763852168922
SEN,FP.CPI.TOTL.ZG,1981,5.91319372031625
SEN,FP.CPI.TOTL.ZG,1980,8.72902766072326
SEN,FP.CPI.TOTL.ZG,1979,9.65335985257037
SEN,FP.CPI.TOTL.ZG,1978,3.41965105587518
SEN,FP.CPI.TOTL.ZG,1977,11.3405856371037
SEN,FP.CPI.TOTL.ZG,1976,1.08309218710659
SEN,FP.CPI.TOTL.ZG,1975,31.6534233153685
SEN,FP.CPI.TOTL.ZG,1974,16.6010915093494
SEN,FP.CPI.TOTL.ZG,1973,11.2853107346839
SEN,FP.CPI.TOTL.ZG,1972,6.15488417411265
SEN,FP.CPI.TOTL.ZG,1971,3.87820263197536
SEN,FP.CPI.TOTL.ZG,1970,2.81024819857036
SEN,FP.CPI.TOTL.ZG,1969,4.02265345225706
SEN,FP.CPI.TOTL.ZG,1968,0.058333332832952
SEN,FP.CPI.TOTL.ZG,1967,
SEN,FP.CPI.TOTL.ZG,1966,
SEN,FP.CPI.TOTL.ZG,1965,
SEN,FP.CPI.TOTL.ZG,1964,
SEN,FP.CPI.TOTL.ZG,1963,
SEN,FP.CPI.TOTL.ZG,1962,
SEN,FP.CPI.TOTL.ZG,1961,
SEN,FP.CPI.TOTL.ZG,1960,
SRB,FP.CPI.TOTL.ZG,2025,
SRB,FP.CPI.TOTL.ZG,2024,4.6705297488997
SRB,FP.CPI.TOTL.ZG,2023,12.3719043552519
SRB,FP.CPI.TOTL.ZG,2022,11.9815117344703
SRB,FP.CPI.TOTL.ZG,2021,4.08510285335102
SRB,FP.CPI.TOTL.ZG,2020,1.57553290083415
SRB,FP.CPI.TOTL.ZG,2019,1.84922984511086
SRB,FP.CPI.TOTL.ZG,2018,1.95984076293801
SRB,FP.CPI.TOTL.ZG,2017,3.13106248590115
SRB,FP.CPI.TOTL.ZG,2016,1.12231397417769
SRB,FP.CPI.TOTL.ZG,2015,1.39235822000187
SRB,FP.CPI.TOTL.ZG,2014,2.08244793880154
SRB,FP.CPI.TOTL.ZG,2013,7.69426362896655
SRB,FP.CPI.TOTL.ZG,2012,7.33038589596646
SRB,FP.CPI.TOTL.ZG,2011,11.1373976342129
SRB,FP.CPI.TOTL.ZG,2010,6.14255360247248
SRB,FP.CPI.TOTL.ZG,2009,8.11695092238082
SRB,FP.CPI.TOTL.ZG,2008,12.410986775178
SRB,FP.CPI.TOTL.ZG,2007,6.39170644391413
SRB,FP.CPI.TOTL.ZG,2006,11.7240229980834
SRB,FP.CPI.TOTL.ZG,2005,16.1199806482826
SRB,FP.CPI.TOTL.ZG,2004,11.0263627183464
SRB,FP.CPI.TOTL.ZG,2003,9.87617889729578
SRB,FP.CPI.TOTL.ZG,2002,19.4908321579689
SRB,FP.CPI.TOTL.ZG,2001,95.0052258100006
SRB,FP.CPI.TOTL.ZG,2000,71.1206287946541
SRB,FP.CPI.TOTL.ZG,1999,42.4539054642972
SRB,FP.CPI.TOTL.ZG,1998,30.1596997992844
SRB,FP.CPI.TOTL.ZG,1997,23.307866135801
SRB,FP.CPI.TOTL.ZG,1996,95.6009261208171
SRB,FP.CPI.TOTL.ZG,1995,82.6605151864663
SRB,FP.CPI.TOTL.ZG,1994,
SRB,FP.CPI.TOTL.ZG,1993,
SRB,FP.CPI.TOTL.ZG,1992,
SRB,FP.CPI.TOTL.ZG,1991,
SRB,FP.CPI.TOTL.ZG,1990,
SRB,FP.CPI.TOTL.ZG,1989,
SRB,FP.CPI.TOTL.ZG,1988,
SRB,FP.CPI.TOTL.ZG,1987,
SRB,FP.CPI.TOTL.ZG,1986,
SRB,FP.CPI.TOTL.ZG,1985,
SRB,FP.CPI.TOTL.ZG,1984,
SRB,FP.CPI.TOTL.ZG,1983,
SRB,FP.CPI.TOTL.ZG,1982,
SRB,FP.CPI.TOTL.ZG,1981,
SRB,FP.CPI.TOTL.ZG,1980,
SRB,FP.CPI.TOTL.ZG,1979,
SRB,FP.CPI.TOTL.ZG,1978,
SRB,FP.CPI.TOTL.ZG,1977,
SRB,FP.CPI.TOTL.ZG,1976,
SRB,FP.CPI.TOTL.ZG,1975,
SRB,FP.CPI.TOTL.ZG,1974,
SRB,FP.CPI.TOTL.ZG,1973,
SRB,FP.CPI.TOTL.ZG,1972,
SRB,FP.CPI.TOTL.ZG,1971,
SRB,FP.CPI.TOTL.ZG,1970,
SRB,FP.CPI.TOTL.ZG,1969,
SRB,FP.CPI.TOTL.ZG,1968,
SRB,FP.CPI.TOTL.ZG,1967,
SRB,FP.CPI.TOTL.ZG,1966,
SRB,FP.CPI.TOTL.ZG,1965,
SRB,FP.CPI.TOTL.ZG,1964,
SRB,FP.CPI.TOTL.ZG,1963,
SRB,FP.CPI.TOTL.ZG,1962,
SRB,FP.CPI.TOTL.ZG,1961,
SRB,FP.CPI.TOTL.ZG,1960,
SYC,FP.CPI.TOTL.ZG,2025,
SYC,FP.CPI.TOTL.ZG,2024,0.311726050919668
SYC,FP.CPI.TOTL.ZG,2023,-1.03530088431952
SYC,FP.CPI.TOTL.ZG,2022,2.6260363285129
SYC,FP.CPI.TOTL.ZG,2021,9.76909936973542
SYC,FP.CPI.TOTL.ZG,2020,1.20266463987123
SYC,FP.CPI.TOTL.ZG,2019,1.80709400809982
SYC,FP.CPI.TOTL.ZG,2018,3.70291839111568
SYC,FP.CPI.TOTL.ZG,2017,2.85679575568437
SYC,FP.CPI.TOTL.ZG,2016,-1.01548191697626
SYC,FP.CPI.TOTL.ZG,2015,4.04194410725617
SYC,FP.CPI.TOTL.ZG,2014,1.38583454581263
SYC,FP.CPI.TOTL.ZG,2013,4.33893848329099
SYC,FP.CPI.TOTL.ZG,2012,7.11037062326403
SYC,FP.CPI.TOTL.ZG,2011,2.55926772230953
SYC,FP.CPI.TOTL.ZG,2010,-2.40463875108227
SYC,FP.CPI.TOTL.ZG,2009,31.7544407744178
SYC,FP.CPI.TOTL.ZG,2008,36.9647582875289
SYC,FP.CPI.TOTL.ZG,2007,5.32060027285142
SYC,FP.CPI.TOTL.ZG,2006,-0.353465498693756
SYC,FP.CPI.TOTL.ZG,2005,0.907187718073944
SYC,FP.CPI.TOTL.ZG,2004,3.85730391367399
SYC,FP.CPI.TOTL.ZG,2003,3.30255386407089
SYC,FP.CPI.TOTL.ZG,2002,0.174999999999924
SYC,FP.CPI.TOTL.ZG,2001,5.96962204168156
SYC,FP.CPI.TOTL.ZG,2000,6.26876876876878
SYC,FP.CPI.TOTL.ZG,1999,6.34730538922156
SYC,FP.CPI.TOTL.ZG,1998,2.57985257985242
SYC,FP.CPI.TOTL.ZG,1997,0.618046971569891
SYC,FP.CPI.TOTL.ZG,1996,-1.10024449877743
SYC,FP.CPI.TOTL.ZG,1995,-0.243902439024459
SYC,FP.CPI.TOTL.ZG,1994,1.73697270471464
SYC,FP.CPI.TOTL.ZG,1993,1.38364779874215
SYC,FP.CPI.TOTL.ZG,1992,3.24675324675323
SYC,FP.CPI.TOTL.ZG,1991,1.98675496688734
SYC,FP.CPI.TOTL.ZG,1990,3.88888888888912
SYC,FP.CPI.TOTL.ZG,1989,1.58013544018057
SYC,FP.CPI.TOTL.ZG,1988,1.8390804597701
SYC,FP.CPI.TOTL.ZG,1987,2.59433962264135
SYC,FP.CPI.TOTL.ZG,1986,0.236406619385411
SYC,FP.CPI.TOTL.ZG,1985,0.834326579261014
SYC,FP.CPI.TOTL.ZG,1984,4.09429280397012
SYC,FP.CPI.TOTL.ZG,1983,6.05263157894738
SYC,FP.CPI.TOTL.ZG,1982,-0.912646675358527
SYC,FP.CPI.TOTL.ZG,1981,10.5767903960918
SYC,FP.CPI.TOTL.ZG,1980,13.5715405108088
SYC,FP.CPI.TOTL.ZG,1979,12.480169222314
SYC,FP.CPI.TOTL.ZG,1978,11.7832512318923
SYC,FP.CPI.TOTL.ZG,1977,14.9591685227511
SYC,FP.CPI.TOTL.ZG,1976,14.8687336300478
SYC,FP.CPI.TOTL.ZG,1975,18.6113720103131
SYC,FP.CPI.TOTL.ZG,1974,24.4246673859205
SYC,FP.CPI.TOTL.ZG,1973,18.2397959188218
SYC,FP.CPI.TOTL.ZG,1972,20.940994987157
SYC,FP.CPI.TOTL.ZG,1971,14.5992928698164
SYC,FP.CPI.TOTL.ZG,1970,
SYC,FP.CPI.TOTL.ZG,1969,
SYC,FP.CPI.TOTL.ZG,1968,
SYC,FP.CPI.TOTL.ZG,1967,
SYC,FP.CPI.TOTL.ZG,1966,
SYC,FP.CPI.TOTL.ZG,1965,
SYC,FP.CPI.TOTL.ZG,1964,
SYC,FP.CPI.TOTL.ZG,1963,
SYC,FP.CPI.TOTL.ZG,1962,
SYC,FP.CPI.TOTL.ZG,1961,
SYC,FP.CPI.TOTL.ZG,1960,
SLE,FP.CPI.TOTL.ZG,2025,
SLE,FP.CPI.TOTL.ZG,2024,28.6337500014115
SLE,FP.CPI.TOTL.ZG,2023,47.6428733253179
SLE,FP.CPI.TOTL.ZG,2022,27.2082883814653
SLE,FP.CPI.TOTL.ZG,2021,11.8739588840234
SLE,FP.CPI.TOTL.ZG,2020,13.4468711101052
SLE,FP.CPI.TOTL.ZG,2019,14.8049990906021
SLE,FP.CPI.TOTL.ZG,2018,16.0295447693699
SLE,FP.CPI.TOTL.ZG,2017,18.2215094003386
SLE,FP.CPI.TOTL.ZG,2016,10.8860609413903
SLE,FP.CPI.TOTL.ZG,2015,6.68943562498681
SLE,FP.CPI.TOTL.ZG,2014,4.63931171409667
SLE,FP.CPI.TOTL.ZG,2013,5.52412877994266
SLE,FP.CPI.TOTL.ZG,2012,6.58776239392585
SLE,FP.CPI.TOTL.ZG,2011,6.79138291952621
SLE,FP.CPI.TOTL.ZG,2010,7.18566275668163
SLE,FP.CPI.TOTL.ZG,2009,7.46901898540982
SLE,FP.CPI.TOTL.ZG,2008,8.21112432289608
SLE,FP.CPI.TOTL.ZG,2007,11.6499744518106
SLE,FP.CPI.TOTL.ZG,2006,
SLE,FP.CPI.TOTL.ZG,2005,
SLE,FP.CPI.TOTL.ZG,2004,
SLE,FP.CPI.TOTL.ZG,2003,
SLE,FP.CPI.TOTL.ZG,2002,
SLE,FP.CPI.TOTL.ZG,2001,
SLE,FP.CPI.TOTL.ZG,2000,
SLE,FP.CPI.TOTL.ZG,1999,
SLE,FP.CPI.TOTL.ZG,1998,
SLE,FP.CPI.TOTL.ZG,1997,
SLE,FP.CPI.TOTL.ZG,1996,
SLE,FP.CPI.TOTL.ZG,1995,
SLE,FP.CPI.TOTL.ZG,1994,
SLE,FP.CPI.TOTL.ZG,1993,
SLE,FP.CPI.TOTL.ZG,1992,
SLE,FP.CPI.TOTL.ZG,1991,
SLE,FP.CPI.TOTL.ZG,1990,
SLE,FP.CPI.TOTL.ZG,1989,
SLE,FP.CPI.TOTL.ZG,1988,
SLE,FP.CPI.TOTL.ZG,1987,
SLE,FP.CPI.TOTL.ZG,1986,
SLE,FP.CPI.TOTL.ZG,1985,
SLE,FP.CPI.TOTL.ZG,1984,
SLE,FP.CPI.TOTL.ZG,1983,
SLE,FP.CPI.TOTL.ZG,1982,
SLE,FP.CPI.TOTL.ZG,1981,
SLE,FP.CPI.TOTL.ZG,1980,
SLE,FP.CPI.TOTL.ZG,1979,
SLE,FP.CPI.TOTL.ZG,1978,
SLE,FP.CPI.TOTL.ZG,1977,
SLE,FP.CPI.TOTL.ZG,1976,
SLE,FP.CPI.TOTL.ZG,1975,
SLE,FP.CPI.TOTL.ZG,1974,
SLE,FP.CPI.TOTL.ZG,1973,
SLE,FP.CPI.TOTL.ZG,1972,
SLE,FP.CPI.TOTL.ZG,1971,
SLE,FP.CPI.TOTL.ZG,1970,
SLE,FP.CPI.TOTL.ZG,1969,
SLE,FP.CPI.TOTL.ZG,1968,
SLE,FP.CPI.TOTL.ZG,1967,
SLE,FP.CPI.TOTL.ZG,1966,
SLE,FP.CPI.TOTL.ZG,1965,
SLE,FP.CPI.TOTL.ZG,1964,
SLE,FP.CPI.TOTL.ZG,1963,
SLE,FP.CPI.TOTL.ZG,1962,
SLE,FP.CPI.TOTL.ZG,1961,
SLE,FP.CPI.TOTL.ZG,1960,
SGP,FP.CPI.TOTL.ZG,2025,
SGP,FP.CPI.TOTL.ZG,2024,2.38951123595017
SGP,FP.CPI.TOTL.ZG,2023,4.83372362825798
SGP,FP.CPI.TOTL.ZG,2022,6.13095418919732
SGP,FP.CPI.TOTL.ZG,2021,2.31610315765146
SGP,FP.CPI.TOTL.ZG,2020,-0.172111865925382
SGP,FP.CPI.TOTL.ZG,2019,0.567829988405447
SGP,FP.CPI.TOTL.ZG,2018,0.438784215129623
SGP,FP.CPI.TOTL.ZG,2017,0.576763191179996
SGP,FP.CPI.TOTL.ZG,2016,-0.529809760375464
SGP,FP.CPI.TOTL.ZG,2015,-0.521975611895763
SGP,FP.CPI.TOTL.ZG,2014,1.03316955857629
SGP,FP.CPI.TOTL.ZG,2013,2.36439793742726
SGP,FP.CPI.TOTL.ZG,2012,4.58084479423094
SGP,FP.CPI.TOTL.ZG,2011,5.25115624639373
SGP,FP.CPI.TOTL.ZG,2010,2.82884527612958
SGP,FP.CPI.TOTL.ZG,2009,0.589142019610516
SGP,FP.CPI.TOTL.ZG,2008,6.63544058395309
SGP,FP.CPI.TOTL.ZG,2007,2.10980166714574
SGP,FP.CPI.TOTL.ZG,2006,0.965657519018511
SGP,FP.CPI.TOTL.ZG,2005,0.425106276569107
SGP,FP.CPI.TOTL.ZG,2004,1.66272719863072
SGP,FP.CPI.TOTL.ZG,2003,0.507905300237551
SGP,FP.CPI.TOTL.ZG,2002,-0.391676866585049
SGP,FP.CPI.TOTL.ZG,2001,0.997197956155943
SGP,FP.CPI.TOTL.ZG,2000,1.36162392448456
SGP,FP.CPI.TOTL.ZG,1999,0.0167098337370727
SGP,FP.CPI.TOTL.ZG,1998,-0.267502292876153
SGP,FP.CPI.TOTL.ZG,1997,2.00358618538962
SGP,FP.CPI.TOTL.ZG,1996,1.38318052481876
SGP,FP.CPI.TOTL.ZG,1995,1.72053384788524
SGP,FP.CPI.TOTL.ZG,1994,3.10013262599502
SGP,FP.CPI.TOTL.ZG,1993,2.28929964388641
SGP,FP.CPI.TOTL.ZG,1992,2.26307118702851
SGP,FP.CPI.TOTL.ZG,1991,3.42570173078643
SGP,FP.CPI.TOTL.ZG,1990,3.46075338652824
SGP,FP.CPI.TOTL.ZG,1989,2.34545627195895
SGP,FP.CPI.TOTL.ZG,1988,1.52318519232634
SGP,FP.CPI.TOTL.ZG,1987,0.523306521949755
SGP,FP.CPI.TOTL.ZG,1986,-1.38570336391441
SGP,FP.CPI.TOTL.ZG,1985,0.480122911465343
SGP,FP.CPI.TOTL.ZG,1984,2.60098522167485
SGP,FP.CPI.TOTL.ZG,1983,1.19641076769694
SGP,FP.CPI.TOTL.ZG,1982,3.916286779942
SGP,FP.CPI.TOTL.ZG,1981,8.18202196816849
SGP,FP.CPI.TOTL.ZG,1980,8.52694319425856
SGP,FP.CPI.TOTL.ZG,1979,4.07646537536398
SGP,FP.CPI.TOTL.ZG,1978,4.87254381306428
SGP,FP.CPI.TOTL.ZG,1977,3.16395014381583
SGP,FP.CPI.TOTL.ZG,1976,-1.84189298198423
SGP,FP.CPI.TOTL.ZG,1975,2.53653156878947
SGP,FP.CPI.TOTL.ZG,1974,22.3684210526316
SGP,FP.CPI.TOTL.ZG,1973,19.6367305751764
SGP,FP.CPI.TOTL.ZG,1972,2.08075813761874
SGP,FP.CPI.TOTL.ZG,1971,1.76100628930819
SGP,FP.CPI.TOTL.ZG,1970,0.4633529907327
SGP,FP.CPI.TOTL.ZG,1969,-0.273051879856979
SGP,FP.CPI.TOTL.ZG,1968,0.655391120507378
SGP,FP.CPI.TOTL.ZG,1967,3.34280096132817
SGP,FP.CPI.TOTL.ZG,1966,2.00579451749496
SGP,FP.CPI.TOTL.ZG,1965,0.178611297164573
SGP,FP.CPI.TOTL.ZG,1964,1.72609584374285
SGP,FP.CPI.TOTL.ZG,1963,2.20519962859835
SGP,FP.CPI.TOTL.ZG,1962,0.419580419580285
SGP,FP.CPI.TOTL.ZG,1961,0.400000000000083
SGP,FP.CPI.TOTL.ZG,1960,
SXM,FP.CPI.TOTL.ZG,2025,
SXM,FP.CPI.TOTL.ZG,2024,
SXM,FP.CPI.TOTL.ZG,2023,
SXM,FP.CPI.TOTL.ZG,2022,
SXM,FP.CPI.TOTL.ZG,2021,
SXM,FP.CPI.TOTL.ZG,2020,
SXM,FP.CPI.TOTL.ZG,2019,
SXM,FP.CPI.TOTL.ZG,2018,
SXM,FP.CPI.TOTL.ZG,2017,2.19201010962985
SXM,FP.CPI.TOTL.ZG,2016,0.111682655737579
SXM,FP.CPI.TOTL.ZG,2015,0.330027165141066
SXM,FP.CPI.TOTL.ZG,2014,1.88675466275266
SXM,FP.CPI.TOTL.ZG,2013,2.5286478853837
SXM,FP.CPI.TOTL.ZG,2012,4.01518421081576
SXM,FP.CPI.TOTL.ZG,2011,4.58475435650401
SXM,FP.CPI.TOTL.ZG,2010,1.33857621672882
SXM,FP.CPI.TOTL.ZG,2009,5.95763688760801
SXM,FP.CPI.TOTL.ZG,2008,-0.417929020080758
SXM,FP.CPI.TOTL.ZG,2007,4.43245754245754
SXM,FP.CPI.TOTL.ZG,2006,0.300601202404805
SXM,FP.CPI.TOTL.ZG,2005,
SXM,FP.CPI.TOTL.ZG,2004,
SXM,FP.CPI.TOTL.ZG,2003,
SXM,FP.CPI.TOTL.ZG,2002,
SXM,FP.CPI.TOTL.ZG,2001,
SXM,FP.CPI.TOTL.ZG,2000,
SXM,FP.CPI.TOTL.ZG,1999,
SXM,FP.CPI.TOTL.ZG,1998,
SXM,FP.CPI.TOTL.ZG,1997,
SXM,FP.CPI.TOTL.ZG,1996,
SXM,FP.CPI.TOTL.ZG,1995,
SXM,FP.CPI.TOTL.ZG,1994,
SXM,FP.CPI.TOTL.ZG,1993,
SXM,FP.CPI.TOTL.ZG,1992,
SXM,FP.CPI.TOTL.ZG,1991,
SXM,FP.CPI.TOTL.ZG,1990,
SXM,FP.CPI.TOTL.ZG,1989,
SXM,FP.CPI.TOTL.ZG,1988,
SXM,FP.CPI.TOTL.ZG,1987,
SXM,FP.CPI.TOTL.ZG,1986,
SXM,FP.CPI.TOTL.ZG,1985,
SXM,FP.CPI.TOTL.ZG,1984,
SXM,FP.CPI.TOTL.ZG,1983,
SXM,FP.CPI.TOTL.ZG,1982,
SXM,FP.CPI.TOTL.ZG,1981,
SXM,FP.CPI.TOTL.ZG,1980,
SXM,FP.CPI.TOTL.ZG,1979,
SXM,FP.CPI.TOTL.ZG,1978,
SXM,FP.CPI.TOTL.ZG,1977,
SXM,FP.CPI.TOTL.ZG,1976,
SXM,FP.CPI.TOTL.ZG,1975,
SXM,FP.CPI.TOTL.ZG,1974,
SXM,FP.CPI.TOTL.ZG,1973,
SXM,FP.CPI.TOTL.ZG,1972,
SXM,FP.CPI.TOTL.ZG,1971,
SXM,FP.CPI.TOTL.ZG,1970,
SXM,FP.CPI.TOTL.ZG,1969,
SXM,FP.CPI.TOTL.ZG,1968,
SXM,FP.CPI.TOTL.ZG,1967,
SXM,FP.CPI.TOTL.ZG,1966,
SXM,FP.CPI.TOTL.ZG,1965,
SXM,FP.CPI.TOTL.ZG,1964,
SXM,FP.CPI.TOTL.ZG,1963,
SXM,FP.CPI.TOTL.ZG,1962,
SXM,FP.CPI.TOTL.ZG,1961,
SXM,FP.CPI.TOTL.ZG,1960,
SVK,FP.CPI.TOTL.ZG,2025,
SVK,FP.CPI.TOTL.ZG,2024,2.75760909424272
SVK,FP.CPI.TOTL.ZG,2023,10.5319476645211
SVK,FP.CPI.TOTL.ZG,2022,12.7741463637611
SVK,FP.CPI.TOTL.ZG,2021,3.14960629921268
SVK,FP.CPI.TOTL.ZG,2020,1.93694126694223
SVK,FP.CPI.TOTL.ZG,2019,2.66456133425431
SVK,FP.CPI.TOTL.ZG,2018,2.51403712883812
SVK,FP.CPI.TOTL.ZG,2017,1.31194588223228
SVK,FP.CPI.TOTL.ZG,2016,-0.520010196278266
SVK,FP.CPI.TOTL.ZG,2015,-0.325219777427673
SVK,FP.CPI.TOTL.ZG,2014,-0.0761653295419871
SVK,FP.CPI.TOTL.ZG,2013,1.40047368963025
SVK,FP.CPI.TOTL.ZG,2012,3.6061026352289
SVK,FP.CPI.TOTL.ZG,2011,3.9192859914629
SVK,FP.CPI.TOTL.ZG,2010,0.957018132975143
SVK,FP.CPI.TOTL.ZG,2009,1.61510464058238
SVK,FP.CPI.TOTL.ZG,2008,4.59817976325028
SVK,FP.CPI.TOTL.ZG,2007,2.7567237163814
SVK,FP.CPI.TOTL.ZG,2006,4.48333120449611
SVK,FP.CPI.TOTL.ZG,2005,2.70908494588384
SVK,FP.CPI.TOTL.ZG,2004,7.54850088183423
SVK,FP.CPI.TOTL.ZG,2003,8.55414305406645
SVK,FP.CPI.TOTL.ZG,2002,3.12714222984608
SVK,FP.CPI.TOTL.ZG,2001,7.3296201911553
SVK,FP.CPI.TOTL.ZG,2000,12.0357805974299
SVK,FP.CPI.TOTL.ZG,1999,10.5704416075225
SVK,FP.CPI.TOTL.ZG,1998,6.66565123195824
SVK,FP.CPI.TOTL.ZG,1997,6.14198999595652
SVK,FP.CPI.TOTL.ZG,1996,5.77582786155949
SVK,FP.CPI.TOTL.ZG,1995,9.84109579837748
SVK,FP.CPI.TOTL.ZG,1994,13.4155203422246
SVK,FP.CPI.TOTL.ZG,1993,23.287027664545
SVK,FP.CPI.TOTL.ZG,1992,9.89350519771167
SVK,FP.CPI.TOTL.ZG,1991,
SVK,FP.CPI.TOTL.ZG,1990,
SVK,FP.CPI.TOTL.ZG,1989,
SVK,FP.CPI.TOTL.ZG,1988,
SVK,FP.CPI.TOTL.ZG,1987,
SVK,FP.CPI.TOTL.ZG,1986,
SVK,FP.CPI.TOTL.ZG,1985,
SVK,FP.CPI.TOTL.ZG,1984,
SVK,FP.CPI.TOTL.ZG,1983,
SVK,FP.CPI.TOTL.ZG,1982,
SVK,FP.CPI.TOTL.ZG,1981,
SVK,FP.CPI.TOTL.ZG,1980,
SVK,FP.CPI.TOTL.ZG,1979,
SVK,FP.CPI.TOTL.ZG,1978,
SVK,FP.CPI.TOTL.ZG,1977,
SVK,FP.CPI.TOTL.ZG,1976,
SVK,FP.CPI.TOTL.ZG,1975,
SVK,FP.CPI.TOTL.ZG,1974,
SVK,FP.CPI.TOTL.ZG,1973,
SVK,FP.CPI.TOTL.ZG,1972,
SVK,FP.CPI.TOTL.ZG,1971,
SVK,FP.CPI.TOTL.ZG,1970,
SVK,FP.CPI.TOTL.ZG,1969,
SVK,FP.CPI.TOTL.ZG,1968,
SVK,FP.CPI.TOTL.ZG,1967,
SVK,FP.CPI.TOTL.ZG,1966,
SVK,FP.CPI.TOTL.ZG,1965,
SVK,FP.CPI.TOTL.ZG,1964,
SVK,FP.CPI.TOTL.ZG,1963,
SVK,FP.CPI.TOTL.ZG,1962,
SVK,FP.CPI.TOTL.ZG,1961,
SVK,FP.CPI.TOTL.ZG,1960,
SVN,FP.CPI.TOTL.ZG,2025,
SVN,FP.CPI.TOTL.ZG,2024,1.96562656432512
SVN,FP.CPI.TOTL.ZG,2023,7.44687717385838
SVN,FP.CPI.TOTL.ZG,2022,8.83369886749452
SVN,FP.CPI.TOTL.ZG,2021,1.91706506089259
SVN,FP.CPI.TOTL.ZG,2020,-0.05485681576061
SVN,FP.CPI.TOTL.ZG,2019,1.63052260754344
SVN,FP.CPI.TOTL.ZG,2018,1.7386086198818
SVN,FP.CPI.TOTL.ZG,2017,1.42910743319306
SVN,FP.CPI.TOTL.ZG,2016,-0.054999541670474
SVN,FP.CPI.TOTL.ZG,2015,-0.525552285820877
SVN,FP.CPI.TOTL.ZG,2014,0.19934382657075
SVN,FP.CPI.TOTL.ZG,2013,1.76920085881907
SVN,FP.CPI.TOTL.ZG,2012,2.59741386039003
SVN,FP.CPI.TOTL.ZG,2011,1.8028517194191
SVN,FP.CPI.TOTL.ZG,2010,1.80117022137134
SVN,FP.CPI.TOTL.ZG,2009,0.839262246793887
SVN,FP.CPI.TOTL.ZG,2008,5.64742380573935
SVN,FP.CPI.TOTL.ZG,2007,3.65749563284099
SVN,FP.CPI.TOTL.ZG,2006,2.45792444195865
SVN,FP.CPI.TOTL.ZG,2005,2.45150132316475
SVN,FP.CPI.TOTL.ZG,2004,3.59297594249509
SVN,FP.CPI.TOTL.ZG,2003,5.54416421752901
SVN,FP.CPI.TOTL.ZG,2002,7.48077770703754
SVN,FP.CPI.TOTL.ZG,2001,8.37966587492204
SVN,FP.CPI.TOTL.ZG,2000,8.91174418658769
SVN,FP.CPI.TOTL.ZG,1999,6.15558754451559
SVN,FP.CPI.TOTL.ZG,1998,7.89116682856684
SVN,FP.CPI.TOTL.ZG,1997,8.359679907043
SVN,FP.CPI.TOTL.ZG,1996,9.86445061546851
SVN,FP.CPI.TOTL.ZG,1995,13.4637296178669
SVN,FP.CPI.TOTL.ZG,1994,20.9918180471498
SVN,FP.CPI.TOTL.ZG,1993,31.7621306305932
SVN,FP.CPI.TOTL.ZG,1992,209.933731186822
SVN,FP.CPI.TOTL.ZG,1991,114.832935589747
SVN,FP.CPI.TOTL.ZG,1990,552.083528914325
SVN,FP.CPI.TOTL.ZG,1989,1281.44349404876
SVN,FP.CPI.TOTL.ZG,1988,198.753712862023
SVN,FP.CPI.TOTL.ZG,1987,132.072721014831
SVN,FP.CPI.TOTL.ZG,1986,95.8865052101644
SVN,FP.CPI.TOTL.ZG,1985,79.4063811481874
SVN,FP.CPI.TOTL.ZG,1984,53.6719669102484
SVN,FP.CPI.TOTL.ZG,1983,40.2134918436935
SVN,FP.CPI.TOTL.ZG,1982,30.1125435950715
SVN,FP.CPI.TOTL.ZG,1981,42.6229527318244
SVN,FP.CPI.TOTL.ZG,1980,
SVN,FP.CPI.TOTL.ZG,1979,
SVN,FP.CPI.TOTL.ZG,1978,
SVN,FP.CPI.TOTL.ZG,1977,
SVN,FP.CPI.TOTL.ZG,1976,
SVN,FP.CPI.TOTL.ZG,1975,
SVN,FP.CPI.TOTL.ZG,1974,
SVN,FP.CPI.TOTL.ZG,1973,
SVN,FP.CPI.TOTL.ZG,1972,
SVN,FP.CPI.TOTL.ZG,1971,
SVN,FP.CPI.TOTL.ZG,1970,
SVN,FP.CPI.TOTL.ZG,1969,
SVN,FP.CPI.TOTL.ZG,1968,
SVN,FP.CPI.TOTL.ZG,1967,
SVN,FP.CPI.TOTL.ZG,1966,
SVN,FP.CPI.TOTL.ZG,1965,
SVN,FP.CPI.TOTL.ZG,1964,
SVN,FP.CPI.TOTL.ZG,1963,
SVN,FP.CPI.TOTL.ZG,1962,
SVN,FP.CPI.TOTL.ZG,1961,
SVN,FP.CPI.TOTL.ZG,1960,
SLB,FP.CPI.TOTL.ZG,2025,
SLB,FP.CPI.TOTL.ZG,2024,4.32183948388033
SLB,FP.CPI.TOTL.ZG,2023,5.88585897042164
SLB,FP.CPI.TOTL.ZG,2022,5.51812928576938
SLB,FP.CPI.TOTL.ZG,2021,-0.115437894412839
SLB,FP.CPI.TOTL.ZG,2020,2.96354992076065
SLB,FP.CPI.TOTL.ZG,2019,1.63485544012247
SLB,FP.CPI.TOTL.ZG,2018,3.46147484973729
SLB,FP.CPI.TOTL.ZG,2017,0.488686760261083
SLB,FP.CPI.TOTL.ZG,2016,0.512485626268792
SLB,FP.CPI.TOTL.ZG,2015,-0.57446928635949
SLB,FP.CPI.TOTL.ZG,2014,5.16590237925171
SLB,FP.CPI.TOTL.ZG,2013,5.3913638858756
SLB,FP.CPI.TOTL.ZG,2012,5.91200602491155
SLB,FP.CPI.TOTL.ZG,2011,7.34270706018
SLB,FP.CPI.TOTL.ZG,2010,1.05148163321038
SLB,FP.CPI.TOTL.ZG,2009,7.09271716876286
SLB,FP.CPI.TOTL.ZG,2008,17.3200651968774
SLB,FP.CPI.TOTL.ZG,2007,7.66602013484806
SLB,FP.CPI.TOTL.ZG,2006,11.2199870214146
SLB,FP.CPI.TOTL.ZG,2005,7.33066341633299
SLB,FP.CPI.TOTL.ZG,2004,6.98584202682567
SLB,FP.CPI.TOTL.ZG,2003,8.26946349334406
SLB,FP.CPI.TOTL.ZG,2002,10.9296341872692
SLB,FP.CPI.TOTL.ZG,2001,6.92583732057426
SLB,FP.CPI.TOTL.ZG,2000,7.88956186986721
SLB,FP.CPI.TOTL.ZG,1999,8.02036839296841
SLB,FP.CPI.TOTL.ZG,1998,12.3995038128069
SLB,FP.CPI.TOTL.ZG,1997,8.08400135486043
SLB,FP.CPI.TOTL.ZG,1996,11.7743563856637
SLB,FP.CPI.TOTL.ZG,1995,9.62921970116226
SLB,FP.CPI.TOTL.ZG,1994,13.2560325916638
SLB,FP.CPI.TOTL.ZG,1993,9.16866233321985
SLB,FP.CPI.TOTL.ZG,1992,10.7511603675285
SLB,FP.CPI.TOTL.ZG,1991,15.050130775937
SLB,FP.CPI.TOTL.ZG,1990,8.73759261848181
SLB,FP.CPI.TOTL.ZG,1989,14.9322478710301
SLB,FP.CPI.TOTL.ZG,1988,16.7375265724654
SLB,FP.CPI.TOTL.ZG,1987,10.9923664122135
SLB,FP.CPI.TOTL.ZG,1986,13.5718789407313
SLB,FP.CPI.TOTL.ZG,1985,9.56822107081143
SLB,FP.CPI.TOTL.ZG,1984,11.0471806674338
SLB,FP.CPI.TOTL.ZG,1983,6.23471882640582
SLB,FP.CPI.TOTL.ZG,1982,12.9834254143648
SLB,FP.CPI.TOTL.ZG,1981,16.3987138263664
SLB,FP.CPI.TOTL.ZG,1980,13.0909090909091
SLB,FP.CPI.TOTL.ZG,1979,8.05500982318267
SLB,FP.CPI.TOTL.ZG,1978,6.26304801670155
SLB,FP.CPI.TOTL.ZG,1977,8.61678004535154
SLB,FP.CPI.TOTL.ZG,1976,4.25531914893602
SLB,FP.CPI.TOTL.ZG,1975,10.0694444446641
SLB,FP.CPI.TOTL.ZG,1974,18.8531711555989
SLB,FP.CPI.TOTL.ZG,1973,3.2286995513524
SLB,FP.CPI.TOTL.ZG,1972,6.87754613015531
SLB,FP.CPI.TOTL.ZG,1971,
SLB,FP.CPI.TOTL.ZG,1970,
SLB,FP.CPI.TOTL.ZG,1969,
SLB,FP.CPI.TOTL.ZG,1968,
SLB,FP.CPI.TOTL.ZG,1967,
SLB,FP.CPI.TOTL.ZG,1966,
SLB,FP.CPI.TOTL.ZG,1965,
SLB,FP.CPI.TOTL.ZG,1964,
SLB,FP.CPI.TOTL.ZG,1963,
SLB,FP.CPI.TOTL.ZG,1962,
SLB,FP.CPI.TOTL.ZG,1961,
SLB,FP.CPI.TOTL.ZG,1960,
SOM,FP.CPI.TOTL.ZG,2025,
SOM,FP.CPI.TOTL.ZG,2024,
SOM,FP.CPI.TOTL.ZG,2023,
SOM,FP.CPI.TOTL.ZG,2022,
SOM,FP.CPI.TOTL.ZG,2021,
SOM,FP.CPI.TOTL.ZG,2020,
SOM,FP.CPI.TOTL.ZG,2019,
SOM,FP.CPI.TOTL.ZG,2018,
SOM,FP.CPI.TOTL.ZG,2017,
SOM,FP.CPI.TOTL.ZG,2016,
SOM,FP.CPI.TOTL.ZG,2015,
SOM,FP.CPI.TOTL.ZG,2014,
SOM,FP.CPI.TOTL.ZG,2013,
SOM,FP.CPI.TOTL.ZG,2012,
SOM,FP.CPI.TOTL.ZG,2011,
SOM,FP.CPI.TOTL.ZG,2010,
SOM,FP.CPI.TOTL.ZG,2009,
SOM,FP.CPI.TOTL.ZG,2008,
SOM,FP.CPI.TOTL.ZG,2007,
SOM,FP.CPI.TOTL.ZG,2006,
SOM,FP.CPI.TOTL.ZG,2005,
SOM,FP.CPI.TOTL.ZG,2004,
SOM,FP.CPI.TOTL.ZG,2003,
SOM,FP.CPI.TOTL.ZG,2002,
SOM,FP.CPI.TOTL.ZG,2001,
SOM,FP.CPI.TOTL.ZG,2000,
SOM,FP.CPI.TOTL.ZG,1999,
SOM,FP.CPI.TOTL.ZG,1998,
SOM,FP.CPI.TOTL.ZG,1997,
SOM,FP.CPI.TOTL.ZG,1996,
SOM,FP.CPI.TOTL.ZG,1995,
SOM,FP.CPI.TOTL.ZG,1994,
SOM,FP.CPI.TOTL.ZG,1993,
SOM,FP.CPI.TOTL.ZG,1992,
SOM,FP.CPI.TOTL.ZG,1991,
SOM,FP.CPI.TOTL.ZG,1990,
SOM,FP.CPI.TOTL.ZG,1989,
SOM,FP.CPI.TOTL.ZG,1988,
SOM,FP.CPI.TOTL.ZG,1987,
SOM,FP.CPI.TOTL.ZG,1986,
SOM,FP.CPI.TOTL.ZG,1985,
SOM,FP.CPI.TOTL.ZG,1984,
SOM,FP.CPI.TOTL.ZG,1983,
SOM,FP.CPI.TOTL.ZG,1982,
SOM,FP.CPI.TOTL.ZG,1981,
SOM,FP.CPI.TOTL.ZG,1980,
SOM,FP.CPI.TOTL.ZG,1979,
SOM,FP.CPI.TOTL.ZG,1978,
SOM,FP.CPI.TOTL.ZG,1977,
SOM,FP.CPI.TOTL.ZG,1976,
SOM,FP.CPI.TOTL.ZG,1975,
SOM,FP.CPI.TOTL.ZG,1974,
SOM,FP.CPI.TOTL.ZG,1973,
SOM,FP.CPI.TOTL.ZG,1972,
SOM,FP.CPI.TOTL.ZG,1971,
SOM,FP.CPI.TOTL.ZG,1970,
SOM,FP.CPI.TOTL.ZG,1969,
SOM,FP.CPI.TOTL.ZG,1968,
SOM,FP.CPI.TOTL.ZG,1967,
SOM,FP.CPI.TOTL.ZG,1966,
SOM,FP.CPI.TOTL.ZG,1965,
SOM,FP.CPI.TOTL.ZG,1964,
SOM,FP.CPI.TOTL.ZG,1963,
SOM,FP.CPI.TOTL.ZG,1962,
SOM,FP.CPI.TOTL.ZG,1961,
SOM,FP.CPI.TOTL.ZG,1960,
ZAF,FP.CPI.TOTL.ZG,2025,
ZAF,FP.CPI.TOTL.ZG,2024,4.36115246518962
ZAF,FP.CPI.TOTL.ZG,2023,6.0752438457966
ZAF,FP.CPI.TOTL.ZG,2022,7.03987272546482
ZAF,FP.CPI.TOTL.ZG,2021,4.61874544887136
ZAF,FP.CPI.TOTL.ZG,2020,3.23238831615113
ZAF,FP.CPI.TOTL.ZG,2019,4.10285075461156
ZAF,FP.CPI.TOTL.ZG,2018,4.50987264867388
ZAF,FP.CPI.TOTL.ZG,2017,5.18618655524149
ZAF,FP.CPI.TOTL.ZG,2016,6.60290842394872
ZAF,FP.CPI.TOTL.ZG,2015,4.51869094892506
ZAF,FP.CPI.TOTL.ZG,2014,6.13282953059149
ZAF,FP.CPI.TOTL.ZG,2013,5.78016910069176
ZAF,FP.CPI.TOTL.ZG,2012,5.73797139141739
ZAF,FP.CPI.TOTL.ZG,2011,5.0008533879502
ZAF,FP.CPI.TOTL.ZG,2010,4.06749555950263
ZAF,FP.CPI.TOTL.ZG,2009,7.23809523809527
ZAF,FP.CPI.TOTL.ZG,2008,9.90998456005467
ZAF,FP.CPI.TOTL.ZG,2007,6.17781214809388
ZAF,FP.CPI.TOTL.ZG,2006,3.2439076541923
ZAF,FP.CPI.TOTL.ZG,2005,2.06285308223427
ZAF,FP.CPI.TOTL.ZG,2004,-0.692039437857687
ZAF,FP.CPI.TOTL.ZG,2003,5.67942414068799
ZAF,FP.CPI.TOTL.ZG,2002,9.494713780996
ZAF,FP.CPI.TOTL.ZG,2001,5.70189483049608
ZAF,FP.CPI.TOTL.ZG,2000,5.33895913599828
ZAF,FP.CPI.TOTL.ZG,1999,5.18148905111697
ZAF,FP.CPI.TOTL.ZG,1998,6.88054521037351
ZAF,FP.CPI.TOTL.ZG,1997,8.59777611252274
ZAF,FP.CPI.TOTL.ZG,1996,7.35411972085333
ZAF,FP.CPI.TOTL.ZG,1995,8.68042421392631
ZAF,FP.CPI.TOTL.ZG,1994,8.938563723594
ZAF,FP.CPI.TOTL.ZG,1993,9.71742729803028
ZAF,FP.CPI.TOTL.ZG,1992,13.874703748615
ZAF,FP.CPI.TOTL.ZG,1991,15.3347785733672
ZAF,FP.CPI.TOTL.ZG,1990,14.3209918914915
ZAF,FP.CPI.TOTL.ZG,1989,14.7308753982381
ZAF,FP.CPI.TOTL.ZG,1988,12.779553083028
ZAF,FP.CPI.TOTL.ZG,1987,16.1605948546791
ZAF,FP.CPI.TOTL.ZG,1986,18.6549230388755
ZAF,FP.CPI.TOTL.ZG,1985,16.2942252426421
ZAF,FP.CPI.TOTL.ZG,1984,11.526481434496
ZAF,FP.CPI.TOTL.ZG,1983,12.3032053006006
ZAF,FP.CPI.TOTL.ZG,1982,14.6390405853128
ZAF,FP.CPI.TOTL.ZG,1981,15.2542337674194
ZAF,FP.CPI.TOTL.ZG,1980,13.6602404681115
ZAF,FP.CPI.TOTL.ZG,1979,13.2936624628059
ZAF,FP.CPI.TOTL.ZG,1978,11.1356088829565
ZAF,FP.CPI.TOTL.ZG,1977,11.15195783193
ZAF,FP.CPI.TOTL.ZG,1976,11.0204105892452
ZAF,FP.CPI.TOTL.ZG,1975,13.4259248530376
ZAF,FP.CPI.TOTL.ZG,1974,11.7241315190611
ZAF,FP.CPI.TOTL.ZG,1973,9.43398376978394
ZAF,FP.CPI.TOTL.ZG,1972,6.42567638879175
ZAF,FP.CPI.TOTL.ZG,1971,5.95742085213486
ZAF,FP.CPI.TOTL.ZG,1970,4.99192455435617
ZAF,FP.CPI.TOTL.ZG,1969,3.23821721585667
ZAF,FP.CPI.TOTL.ZG,1968,1.98613362103222
ZAF,FP.CPI.TOTL.ZG,1967,3.53896580236233
ZAF,FP.CPI.TOTL.ZG,1966,3.48923715385175
ZAF,FP.CPI.TOTL.ZG,1965,4.06901853294584
ZAF,FP.CPI.TOTL.ZG,1964,2.53498854234898
ZAF,FP.CPI.TOTL.ZG,1963,1.33797064490693
ZAF,FP.CPI.TOTL.ZG,1962,1.24627519965495
ZAF,FP.CPI.TOTL.ZG,1961,2.10235059955978
ZAF,FP.CPI.TOTL.ZG,1960,1.28887692687992
SSD,FP.CPI.TOTL.ZG,2025,
SSD,FP.CPI.TOTL.ZG,2024,91.4408220769046
SSD,FP.CPI.TOTL.ZG,2023,2.38280434813754
SSD,FP.CPI.TOTL.ZG,2022,-6.68732094212668
SSD,FP.CPI.TOTL.ZG,2021,10.5167158294358
SSD,FP.CPI.TOTL.ZG,2020,29.6758435538572
SSD,FP.CPI.TOTL.ZG,2019,87.2413641500032
SSD,FP.CPI.TOTL.ZG,2018,83.5015294922
SSD,FP.CPI.TOTL.ZG,2017,187.851630279442
SSD,FP.CPI.TOTL.ZG,2016,379.999585624026
SSD,FP.CPI.TOTL.ZG,2015,52.7663304192143
SSD,FP.CPI.TOTL.ZG,2014,1.6742990629552
SSD,FP.CPI.TOTL.ZG,2013,-0.0580909784225664
SSD,FP.CPI.TOTL.ZG,2012,45.5258978371706
SSD,FP.CPI.TOTL.ZG,2011,46.8521757193597
SSD,FP.CPI.TOTL.ZG,2010,1.16962180301108
SSD,FP.CPI.TOTL.ZG,2009,5.00627361534047
SSD,FP.CPI.TOTL.ZG,2008,
SSD,FP.CPI.TOTL.ZG,2007,
SSD,FP.CPI.TOTL.ZG,2006,
SSD,FP.CPI.TOTL.ZG,2005,
SSD,FP.CPI.TOTL.ZG,2004,
SSD,FP.CPI.TOTL.ZG,2003,
SSD,FP.CPI.TOTL.ZG,2002,
SSD,FP.CPI.TOTL.ZG,2001,
SSD,FP.CPI.TOTL.ZG,2000,
SSD,FP.CPI.TOTL.ZG,1999,
SSD,FP.CPI.TOTL.ZG,1998,
SSD,FP.CPI.TOTL.ZG,1997,
SSD,FP.CPI.TOTL.ZG,1996,
SSD,FP.CPI.TOTL.ZG,1995,
SSD,FP.CPI.TOTL.ZG,1994,
SSD,FP.CPI.TOTL.ZG,1993,
SSD,FP.CPI.TOTL.ZG,1992,
SSD,FP.CPI.TOTL.ZG,1991,
SSD,FP.CPI.TOTL.ZG,1990,
SSD,FP.CPI.TOTL.ZG,1989,
SSD,FP.CPI.TOTL.ZG,1988,
SSD,FP.CPI.TOTL.ZG,1987,
SSD,FP.CPI.TOTL.ZG,1986,
SSD,FP.CPI.TOTL.ZG,1985,
SSD,FP.CPI.TOTL.ZG,1984,
SSD,FP.CPI.TOTL.ZG,1983,
SSD,FP.CPI.TOTL.ZG,1982,
SSD,FP.CPI.TOTL.ZG,1981,
SSD,FP.CPI.TOTL.ZG,1980,
SSD,FP.CPI.TOTL.ZG,1979,
SSD,FP.CPI.TOTL.ZG,1978,
SSD,FP.CPI.TOTL.ZG,1977,
SSD,FP.CPI.TOTL.ZG,1976,
SSD,FP.CPI.TOTL.ZG,1975,
SSD,FP.CPI.TOTL.ZG,1974,
SSD,FP.CPI.TOTL.ZG,1973,
SSD,FP.CPI.TOTL.ZG,1972,
SSD,FP.CPI.TOTL.ZG,1971,
SSD,FP.CPI.TOTL.ZG,1970,
SSD,FP.CPI.TOTL.ZG,1969,
SSD,FP.CPI.TOTL.ZG,1968,
SSD,FP.CPI.TOTL.ZG,1967,
SSD,FP.CPI.TOTL.ZG,1966,
SSD,FP.CPI.TOTL.ZG,1965,
SSD,FP.CPI.TOTL.ZG,1964,
SSD,FP.CPI.TOTL.ZG,1963,
SSD,FP.CPI.TOTL.ZG,1962,
SSD,FP.CPI.TOTL.ZG,1961,
SSD,FP.CPI.TOTL.ZG,1960,
ESP,FP.CPI.TOTL.ZG,2025,
ESP,FP.CPI.TOTL.ZG,2024,2.77417826534772
ESP,FP.CPI.TOTL.ZG,2023,3.53236133492433
ESP,FP.CPI.TOTL.ZG,2022,8.39057634118627
ESP,FP.CPI.TOTL.ZG,2021,3.0931351197642
ESP,FP.CPI.TOTL.ZG,2020,-0.322753017299739
ESP,FP.CPI.TOTL.ZG,2019,0.699518994458739
ESP,FP.CPI.TOTL.ZG,2018,1.6749813686379
ESP,FP.CPI.TOTL.ZG,2017,1.95607633363963
ESP,FP.CPI.TOTL.ZG,2016,-0.202598000426452
ESP,FP.CPI.TOTL.ZG,2015,-0.500365709903242
ESP,FP.CPI.TOTL.ZG,2014,-0.151114837527235
ESP,FP.CPI.TOTL.ZG,2013,1.40858109183019
ESP,FP.CPI.TOTL.ZG,2012,2.44612782366809
ESP,FP.CPI.TOTL.ZG,2011,3.1961018883379
ESP,FP.CPI.TOTL.ZG,2010,1.79986457728769
ESP,FP.CPI.TOTL.ZG,2009,-0.28781308353524
ESP,FP.CPI.TOTL.ZG,2008,4.07534335957339
ESP,FP.CPI.TOTL.ZG,2007,2.78679745804946
ESP,FP.CPI.TOTL.ZG,2006,3.51557576832128
ESP,FP.CPI.TOTL.ZG,2005,3.36881409750383
ESP,FP.CPI.TOTL.ZG,2004,3.03924881090925
ESP,FP.CPI.TOTL.ZG,2003,3.03888839396655
ESP,FP.CPI.TOTL.ZG,2002,3.06565685902219
ESP,FP.CPI.TOTL.ZG,2001,3.58983413338112
ESP,FP.CPI.TOTL.ZG,2000,3.43351563418767
ESP,FP.CPI.TOTL.ZG,1999,2.31034813987067
ESP,FP.CPI.TOTL.ZG,1998,1.8343299990841
ESP,FP.CPI.TOTL.ZG,1997,1.97107395582926
ESP,FP.CPI.TOTL.ZG,1996,3.55884559338558
ESP,FP.CPI.TOTL.ZG,1995,4.67380337624704
ESP,FP.CPI.TOTL.ZG,1994,4.71841373967329
ESP,FP.CPI.TOTL.ZG,1993,4.56907173681813
ESP,FP.CPI.TOTL.ZG,1992,5.9245312622849
ESP,FP.CPI.TOTL.ZG,1991,5.93421344335924
ESP,FP.CPI.TOTL.ZG,1990,6.72181952228657
ESP,FP.CPI.TOTL.ZG,1989,6.79143584025099
ESP,FP.CPI.TOTL.ZG,1988,4.83727066490361
ESP,FP.CPI.TOTL.ZG,1987,5.24801863489594
ESP,FP.CPI.TOTL.ZG,1986,8.79493932290321
ESP,FP.CPI.TOTL.ZG,1985,8.81445506678387
ESP,FP.CPI.TOTL.ZG,1984,11.2802765604038
ESP,FP.CPI.TOTL.ZG,1983,12.1740727351699
ESP,FP.CPI.TOTL.ZG,1982,14.4150020548327
ESP,FP.CPI.TOTL.ZG,1981,14.5493457170322
ESP,FP.CPI.TOTL.ZG,1980,15.5619020957245
ESP,FP.CPI.TOTL.ZG,1979,15.6602355971772
ESP,FP.CPI.TOTL.ZG,1978,19.7736704973662
ESP,FP.CPI.TOTL.ZG,1977,24.5380632929205
ESP,FP.CPI.TOTL.ZG,1976,17.6248800527481
ESP,FP.CPI.TOTL.ZG,1975,16.9532859334982
ESP,FP.CPI.TOTL.ZG,1974,15.680373398539
ESP,FP.CPI.TOTL.ZG,1973,11.4167076137084
ESP,FP.CPI.TOTL.ZG,1972,8.27228754941943
ESP,FP.CPI.TOTL.ZG,1971,8.23688714893602
ESP,FP.CPI.TOTL.ZG,1970,5.73114484293532
ESP,FP.CPI.TOTL.ZG,1969,2.16034713599867
ESP,FP.CPI.TOTL.ZG,1968,4.95436611736463
ESP,FP.CPI.TOTL.ZG,1967,6.39163108782116
ESP,FP.CPI.TOTL.ZG,1966,6.24036708297987
ESP,FP.CPI.TOTL.ZG,1965,13.2141378382198
ESP,FP.CPI.TOTL.ZG,1964,6.97924673989605
ESP,FP.CPI.TOTL.ZG,1963,8.74369768409153
ESP,FP.CPI.TOTL.ZG,1962,5.70647719271309
ESP,FP.CPI.TOTL.ZG,1961,0.809252873882167
ESP,FP.CPI.TOTL.ZG,1960,1.17777108409632
LKA,FP.CPI.TOTL.ZG,2025,
LKA,FP.CPI.TOTL.ZG,2024,-0.42936004906973
LKA,FP.CPI.TOTL.ZG,2023,16.5411742279832
LKA,FP.CPI.TOTL.ZG,2022,49.7211021114327
LKA,FP.CPI.TOTL.ZG,2021,7.01478071238195
LKA,FP.CPI.TOTL.ZG,2020,6.15394508391738
LKA,FP.CPI.TOTL.ZG,2019,3.52839358231811
LKA,FP.CPI.TOTL.ZG,2018,2.135037737132
LKA,FP.CPI.TOTL.ZG,2017,7.70413767850602
LKA,FP.CPI.TOTL.ZG,2016,3.9588884659307
LKA,FP.CPI.TOTL.ZG,2015,3.76836783062096
LKA,FP.CPI.TOTL.ZG,2014,3.1790022823606
LKA,FP.CPI.TOTL.ZG,2013,6.90845034828452
LKA,FP.CPI.TOTL.ZG,2012,7.54291373239437
LKA,FP.CPI.TOTL.ZG,2011,6.7167684358854
LKA,FP.CPI.TOTL.ZG,2010,6.2176488930462
LKA,FP.CPI.TOTL.ZG,2009,3.46496322106074
LKA,FP.CPI.TOTL.ZG,2008,22.5644955300126
LKA,FP.CPI.TOTL.ZG,2007,15.8421114924843
LKA,FP.CPI.TOTL.ZG,2006,10.0201836057035
LKA,FP.CPI.TOTL.ZG,2005,11.6396860971118
LKA,FP.CPI.TOTL.ZG,2004,7.57592582995856
LKA,FP.CPI.TOTL.ZG,2003,6.31463787051174
LKA,FP.CPI.TOTL.ZG,2002,9.55103167007251
LKA,FP.CPI.TOTL.ZG,2001,14.15845579912
LKA,FP.CPI.TOTL.ZG,2000,6.17627591012045
LKA,FP.CPI.TOTL.ZG,1999,4.69170563048438
LKA,FP.CPI.TOTL.ZG,1998,9.36424300683229
LKA,FP.CPI.TOTL.ZG,1997,9.57369626405162
LKA,FP.CPI.TOTL.ZG,1996,15.9358310447214
LKA,FP.CPI.TOTL.ZG,1995,7.67484873449805
LKA,FP.CPI.TOTL.ZG,1994,8.44871248698348
LKA,FP.CPI.TOTL.ZG,1993,11.7467370174946
LKA,FP.CPI.TOTL.ZG,1992,11.3834370512206
LKA,FP.CPI.TOTL.ZG,1991,12.1856307214389
LKA,FP.CPI.TOTL.ZG,1990,21.495252052759
LKA,FP.CPI.TOTL.ZG,1989,11.5675360890558
LKA,FP.CPI.TOTL.ZG,1988,13.9915489002075
LKA,FP.CPI.TOTL.ZG,1987,7.71716560559269
LKA,FP.CPI.TOTL.ZG,1986,7.97636193570627
LKA,FP.CPI.TOTL.ZG,1985,1.48118012235429
LKA,FP.CPI.TOTL.ZG,1984,16.6382537479217
LKA,FP.CPI.TOTL.ZG,1983,13.9643880065001
LKA,FP.CPI.TOTL.ZG,1982,10.8257491675687
LKA,FP.CPI.TOTL.ZG,1981,17.9689954960101
LKA,FP.CPI.TOTL.ZG,1980,26.1454101014465
LKA,FP.CPI.TOTL.ZG,1979,10.731921430873
LKA,FP.CPI.TOTL.ZG,1978,12.141597276466
LKA,FP.CPI.TOTL.ZG,1977,1.22487958802845
LKA,FP.CPI.TOTL.ZG,1976,1.3295186805823
LKA,FP.CPI.TOTL.ZG,1975,6.62599255320979
LKA,FP.CPI.TOTL.ZG,1974,12.3028867952472
LKA,FP.CPI.TOTL.ZG,1973,9.62664310171122
LKA,FP.CPI.TOTL.ZG,1972,6.34948605013613
LKA,FP.CPI.TOTL.ZG,1971,2.66538020859991
LKA,FP.CPI.TOTL.ZG,1970,5.86695607765968
LKA,FP.CPI.TOTL.ZG,1969,7.45695273372576
LKA,FP.CPI.TOTL.ZG,1968,5.86056644898579
LKA,FP.CPI.TOTL.ZG,1967,2.18923933203517
LKA,FP.CPI.TOTL.ZG,1966,-0.155601659973846
LKA,FP.CPI.TOTL.ZG,1965,0.222783306254021
LKA,FP.CPI.TOTL.ZG,1964,3.19564717604592
LKA,FP.CPI.TOTL.ZG,1963,2.27290539996214
LKA,FP.CPI.TOTL.ZG,1962,1.50357995251549
LKA,FP.CPI.TOTL.ZG,1961,1.1344436397999
LKA,FP.CPI.TOTL.ZG,1960,-1.54467680609201
KNA,FP.CPI.TOTL.ZG,2025,
KNA,FP.CPI.TOTL.ZG,2024,
KNA,FP.CPI.TOTL.ZG,2023,3.55711230848243
KNA,FP.CPI.TOTL.ZG,2022,2.66817533111249
KNA,FP.CPI.TOTL.ZG,2021,1.195688870384
KNA,FP.CPI.TOTL.ZG,2020,-1.16724501769353
KNA,FP.CPI.TOTL.ZG,2019,-0.329562063663977
KNA,FP.CPI.TOTL.ZG,2018,-1.03712214131572
KNA,FP.CPI.TOTL.ZG,2017,0.694916711613604
KNA,FP.CPI.TOTL.ZG,2016,-0.687037123294039
KNA,FP.CPI.TOTL.ZG,2015,-2.30187563045616
KNA,FP.CPI.TOTL.ZG,2014,0.247865392364942
KNA,FP.CPI.TOTL.ZG,2013,1.10698554000129
KNA,FP.CPI.TOTL.ZG,2012,0.816089281562459
KNA,FP.CPI.TOTL.ZG,2011,5.8351651957086
KNA,FP.CPI.TOTL.ZG,2010,0.850878649795844
KNA,FP.CPI.TOTL.ZG,2009,2.05793709041836
KNA,FP.CPI.TOTL.ZG,2008,5.30029675072584
KNA,FP.CPI.TOTL.ZG,2007,4.48088608614726
KNA,FP.CPI.TOTL.ZG,2006,8.48748575845879
KNA,FP.CPI.TOTL.ZG,2005,3.37781903988238
KNA,FP.CPI.TOTL.ZG,2004,2.31455462238093
KNA,FP.CPI.TOTL.ZG,2003,2.23543664374553
KNA,FP.CPI.TOTL.ZG,2002,2.04109102620208
KNA,FP.CPI.TOTL.ZG,2001,2.30344748349255
KNA,FP.CPI.TOTL.ZG,2000,2.14885532743696
KNA,FP.CPI.TOTL.ZG,1999,3.36303630363045
KNA,FP.CPI.TOTL.ZG,1998,3.44635865955273
KNA,FP.CPI.TOTL.ZG,1997,8.90518339116016
KNA,FP.CPI.TOTL.ZG,1996,2.08657385169121
KNA,FP.CPI.TOTL.ZG,1995,2.9568002509262
KNA,FP.CPI.TOTL.ZG,1994,1.44226958804943
KNA,FP.CPI.TOTL.ZG,1993,1.79486146433782
KNA,FP.CPI.TOTL.ZG,1992,2.85844672514458
KNA,FP.CPI.TOTL.ZG,1991,4.3237394435542
KNA,FP.CPI.TOTL.ZG,1990,4.01098407755617
KNA,FP.CPI.TOTL.ZG,1989,5.16996495562573
KNA,FP.CPI.TOTL.ZG,1988,0.232525033997813
KNA,FP.CPI.TOTL.ZG,1987,0.96301264865157
KNA,FP.CPI.TOTL.ZG,1986,-0.00668553372426752
KNA,FP.CPI.TOTL.ZG,1985,2.61954629955699
KNA,FP.CPI.TOTL.ZG,1984,2.71490470548818
KNA,FP.CPI.TOTL.ZG,1983,2.29153537034707
KNA,FP.CPI.TOTL.ZG,1982,5.92722298201993
KNA,FP.CPI.TOTL.ZG,1981,10.476363196689
KNA,FP.CPI.TOTL.ZG,1980,17.7366548046812
KNA,FP.CPI.TOTL.ZG,1979,
KNA,FP.CPI.TOTL.ZG,1978,
KNA,FP.CPI.TOTL.ZG,1977,
KNA,FP.CPI.TOTL.ZG,1976,
KNA,FP.CPI.TOTL.ZG,1975,
KNA,FP.CPI.TOTL.ZG,1974,
KNA,FP.CPI.TOTL.ZG,1973,
KNA,FP.CPI.TOTL.ZG,1972,
KNA,FP.CPI.TOTL.ZG,1971,
KNA,FP.CPI.TOTL.ZG,1970,
KNA,FP.CPI.TOTL.ZG,1969,
KNA,FP.CPI.TOTL.ZG,1968,
KNA,FP.CPI.TOTL.ZG,1967,
KNA,FP.CPI.TOTL.ZG,1966,
KNA,FP.CPI.TOTL.ZG,1965,
KNA,FP.CPI.TOTL.ZG,1964,
KNA,FP.CPI.TOTL.ZG,1963,
KNA,FP.CPI.TOTL.ZG,1962,
KNA,FP.CPI.TOTL.ZG,1961,
KNA,FP.CPI.TOTL.ZG,1960,
LCA,FP.CPI.TOTL.ZG,2025,
LCA,FP.CPI.TOTL.ZG,2024,-0.110283575834694
LCA,FP.CPI.TOTL.ZG,2023,4.07060821926204
LCA,FP.CPI.TOTL.ZG,2022,6.37814695133351
LCA,FP.CPI.TOTL.ZG,2021,2.41070312174393
LCA,FP.CPI.TOTL.ZG,2020,-1.75580833517594
LCA,FP.CPI.TOTL.ZG,2019,0.539087559191757
LCA,FP.CPI.TOTL.ZG,2018,1.93561893150602
LCA,FP.CPI.TOTL.ZG,2017,0.104262078958441
LCA,FP.CPI.TOTL.ZG,2016,-3.07821765676927
LCA,FP.CPI.TOTL.ZG,2015,-0.983600952696996
LCA,FP.CPI.TOTL.ZG,2014,3.51695551369241
LCA,FP.CPI.TOTL.ZG,2013,1.46856511035428
LCA,FP.CPI.TOTL.ZG,2012,4.17763587102515
LCA,FP.CPI.TOTL.ZG,2011,2.76940794144093
LCA,FP.CPI.TOTL.ZG,2010,3.25034409180129
LCA,FP.CPI.TOTL.ZG,2009,-0.156936087168669
LCA,FP.CPI.TOTL.ZG,2008,5.54954769383937
LCA,FP.CPI.TOTL.ZG,2007,2.82310373736929
LCA,FP.CPI.TOTL.ZG,2006,2.39562082529168
LCA,FP.CPI.TOTL.ZG,2005,3.89827370759476
LCA,FP.CPI.TOTL.ZG,2004,1.46036814425245
LCA,FP.CPI.TOTL.ZG,2003,1.03425372426221
LCA,FP.CPI.TOTL.ZG,2002,-0.255536626916508
LCA,FP.CPI.TOTL.ZG,2001,5.30722081028547
LCA,FP.CPI.TOTL.ZG,2000,3.7107860871361
LCA,FP.CPI.TOTL.ZG,1999,3.50379784108942
LCA,FP.CPI.TOTL.ZG,1998,3.20194341679091
LCA,FP.CPI.TOTL.ZG,1997,-0.0055202870547238
LCA,FP.CPI.TOTL.ZG,1996,0.924842609615973
LCA,FP.CPI.TOTL.ZG,1995,5.62965921512378
LCA,FP.CPI.TOTL.ZG,1994,2.81591665153968
LCA,FP.CPI.TOTL.ZG,1993,0.848181596289603
LCA,FP.CPI.TOTL.ZG,1992,5.13889779944828
LCA,FP.CPI.TOTL.ZG,1991,6.14955053119049
LCA,FP.CPI.TOTL.ZG,1990,4.26755662855972
LCA,FP.CPI.TOTL.ZG,1989,4.37263766397329
LCA,FP.CPI.TOTL.ZG,1988,0.829472425646376
LCA,FP.CPI.TOTL.ZG,1987,7.02175303902781
LCA,FP.CPI.TOTL.ZG,1986,2.19025825433132
LCA,FP.CPI.TOTL.ZG,1985,1.42319898238732
LCA,FP.CPI.TOTL.ZG,1984,1.20548410365588
LCA,FP.CPI.TOTL.ZG,1983,1.47305853462301
LCA,FP.CPI.TOTL.ZG,1982,4.61406749873088
LCA,FP.CPI.TOTL.ZG,1981,15.1248443770346
LCA,FP.CPI.TOTL.ZG,1980,19.4777291132912
LCA,FP.CPI.TOTL.ZG,1979,9.3900427128736
LCA,FP.CPI.TOTL.ZG,1978,10.8775182920991
LCA,FP.CPI.TOTL.ZG,1977,8.86573190026188
LCA,FP.CPI.TOTL.ZG,1976,9.66911984668741
LCA,FP.CPI.TOTL.ZG,1975,17.7427876996523
LCA,FP.CPI.TOTL.ZG,1974,34.2206042268792
LCA,FP.CPI.TOTL.ZG,1973,13.440600697174
LCA,FP.CPI.TOTL.ZG,1972,7.88057628905351
LCA,FP.CPI.TOTL.ZG,1971,8.3913452492058
LCA,FP.CPI.TOTL.ZG,1970,13.3987625348182
LCA,FP.CPI.TOTL.ZG,1969,2.25438149968916
LCA,FP.CPI.TOTL.ZG,1968,3.96945410534389
LCA,FP.CPI.TOTL.ZG,1967,3.20717908718529
LCA,FP.CPI.TOTL.ZG,1966,2.47900839657731
LCA,FP.CPI.TOTL.ZG,1965,
LCA,FP.CPI.TOTL.ZG,1964,
LCA,FP.CPI.TOTL.ZG,1963,
LCA,FP.CPI.TOTL.ZG,1962,
LCA,FP.CPI.TOTL.ZG,1961,
LCA,FP.CPI.TOTL.ZG,1960,
MAF,FP.CPI.TOTL.ZG,2025,
MAF,FP.CPI.TOTL.ZG,2024,
MAF,FP.CPI.TOTL.ZG,2023,
MAF,FP.CPI.TOTL.ZG,2022,
MAF,FP.CPI.TOTL.ZG,2021,
MAF,FP.CPI.TOTL.ZG,2020,
MAF,FP.CPI.TOTL.ZG,2019,
MAF,FP.CPI.TOTL.ZG,2018,
MAF,FP.CPI.TOTL.ZG,2017,
MAF,FP.CPI.TOTL.ZG,2016,
MAF,FP.CPI.TOTL.ZG,2015,
MAF,FP.CPI.TOTL.ZG,2014,
MAF,FP.CPI.TOTL.ZG,2013,
MAF,FP.CPI.TOTL.ZG,2012,
MAF,FP.CPI.TOTL.ZG,2011,
MAF,FP.CPI.TOTL.ZG,2010,
MAF,FP.CPI.TOTL.ZG,2009,
MAF,FP.CPI.TOTL.ZG,2008,
MAF,FP.CPI.TOTL.ZG,2007,
MAF,FP.CPI.TOTL.ZG,2006,
MAF,FP.CPI.TOTL.ZG,2005,
MAF,FP.CPI.TOTL.ZG,2004,
MAF,FP.CPI.TOTL.ZG,2003,
MAF,FP.CPI.TOTL.ZG,2002,
MAF,FP.CPI.TOTL.ZG,2001,
MAF,FP.CPI.TOTL.ZG,2000,
MAF,FP.CPI.TOTL.ZG,1999,
MAF,FP.CPI.TOTL.ZG,1998,
MAF,FP.CPI.TOTL.ZG,1997,
MAF,FP.CPI.TOTL.ZG,1996,
MAF,FP.CPI.TOTL.ZG,1995,
MAF,FP.CPI.TOTL.ZG,1994,
MAF,FP.CPI.TOTL.ZG,1993,
MAF,FP.CPI.TOTL.ZG,1992,
MAF,FP.CPI.TOTL.ZG,1991,
MAF,FP.CPI.TOTL.ZG,1990,
MAF,FP.CPI.TOTL.ZG,1989,
MAF,FP.CPI.TOTL.ZG,1988,
MAF,FP.CPI.TOTL.ZG,1987,
MAF,FP.CPI.TOTL.ZG,1986,
MAF,FP.CPI.TOTL.ZG,1985,
MAF,FP.CPI.TOTL.ZG,1984,
MAF,FP.CPI.TOTL.ZG,1983,
MAF,FP.CPI.TOTL.ZG,1982,
MAF,FP.CPI.TOTL.ZG,1981,
MAF,FP.CPI.TOTL.ZG,1980,
MAF,FP.CPI.TOTL.ZG,1979,
MAF,FP.CPI.TOTL.ZG,1978,
MAF,FP.CPI.TOTL.ZG,1977,
MAF,FP.CPI.TOTL.ZG,1976,
MAF,FP.CPI.TOTL.ZG,1975,
MAF,FP.CPI.TOTL.ZG,1974,
MAF,FP.CPI.TOTL.ZG,1973,
MAF,FP.CPI.TOTL.ZG,1972,
MAF,FP.CPI.TOTL.ZG,1971,
MAF,FP.CPI.TOTL.ZG,1970,
MAF,FP.CPI.TOTL.ZG,1969,
MAF,FP.CPI.TOTL.ZG,1968,
MAF,FP.CPI.TOTL.ZG,1967,
MAF,FP.CPI.TOTL.ZG,1966,
MAF,FP.CPI.TOTL.ZG,1965,
MAF,FP.CPI.TOTL.ZG,1964,
MAF,FP.CPI.TOTL.ZG,1963,
MAF,FP.CPI.TOTL.ZG,1962,
MAF,FP.CPI.TOTL.ZG,1961,
MAF,FP.CPI.TOTL.ZG,1960,
VCT,FP.CPI.TOTL.ZG,2025,
VCT,FP.CPI.TOTL.ZG,2024,3.62770736940927
VCT,FP.CPI.TOTL.ZG,2023,4.56457719814894
VCT,FP.CPI.TOTL.ZG,2022,5.66009779226552
VCT,FP.CPI.TOTL.ZG,2021,1.57272932500558
VCT,FP.CPI.TOTL.ZG,2020,-0.628131309354654
VCT,FP.CPI.TOTL.ZG,2019,0.91306972532459
VCT,FP.CPI.TOTL.ZG,2018,2.32414485367921
VCT,FP.CPI.TOTL.ZG,2017,2.15333648840511
VCT,FP.CPI.TOTL.ZG,2016,-0.149641647633284
VCT,FP.CPI.TOTL.ZG,2015,-1.73361194953959
VCT,FP.CPI.TOTL.ZG,2014,0.193858560794015
VCT,FP.CPI.TOTL.ZG,2013,0.805127804267928
VCT,FP.CPI.TOTL.ZG,2012,2.59844414147101
VCT,FP.CPI.TOTL.ZG,2011,3.1860311155246
VCT,FP.CPI.TOTL.ZG,2010,0.747109026311474
VCT,FP.CPI.TOTL.ZG,2009,0.421539125687215
VCT,FP.CPI.TOTL.ZG,2008,10.0662418245849
VCT,FP.CPI.TOTL.ZG,2007,7.23614701584807
VCT,FP.CPI.TOTL.ZG,2006,2.74067516070673
VCT,FP.CPI.TOTL.ZG,2005,3.7334291646702
VCT,FP.CPI.TOTL.ZG,2004,2.96003946719286
VCT,FP.CPI.TOTL.ZG,2003,0.205981708824254
VCT,FP.CPI.TOTL.ZG,2002,1.85550399046655
VCT,FP.CPI.TOTL.ZG,2001,0.9008584858665
VCT,FP.CPI.TOTL.ZG,2000,0.167679637488279
VCT,FP.CPI.TOTL.ZG,1999,1.01355044438875
VCT,FP.CPI.TOTL.ZG,1998,2.1424064726839
VCT,FP.CPI.TOTL.ZG,1997,0.443616029823348
VCT,FP.CPI.TOTL.ZG,1996,4.40790113846454
VCT,FP.CPI.TOTL.ZG,1995,1.73837289880567
VCT,FP.CPI.TOTL.ZG,1994,1.0089495525225
VCT,FP.CPI.TOTL.ZG,1993,4.29137553446651
VCT,FP.CPI.TOTL.ZG,1992,3.46353042727654
VCT,FP.CPI.TOTL.ZG,1991,5.49200387001333
VCT,FP.CPI.TOTL.ZG,1990,7.60609957743892
VCT,FP.CPI.TOTL.ZG,1989,2.83393160778396
VCT,FP.CPI.TOTL.ZG,1988,0.227229691346298
VCT,FP.CPI.TOTL.ZG,1987,3.30594679186221
VCT,FP.CPI.TOTL.ZG,1986,1.02766798418975
VCT,FP.CPI.TOTL.ZG,1985,2.13968510329097
VCT,FP.CPI.TOTL.ZG,1984,2.70195563584383
VCT,FP.CPI.TOTL.ZG,1983,5.4583879899022
VCT,FP.CPI.TOTL.ZG,1982,7.22825662243943
VCT,FP.CPI.TOTL.ZG,1981,12.7356566462516
VCT,FP.CPI.TOTL.ZG,1980,17.2074750037358
VCT,FP.CPI.TOTL.ZG,1979,15.6084783235704
VCT,FP.CPI.TOTL.ZG,1978,8.42952810284595
VCT,FP.CPI.TOTL.ZG,1977,10.1869132045143
VCT,FP.CPI.TOTL.ZG,1976,11.2889826175874
VCT,FP.CPI.TOTL.ZG,1975,6.79770679739963
VCT,FP.CPI.TOTL.ZG,1974,
VCT,FP.CPI.TOTL.ZG,1973,
VCT,FP.CPI.TOTL.ZG,1972,
VCT,FP.CPI.TOTL.ZG,1971,
VCT,FP.CPI.TOTL.ZG,1970,
VCT,FP.CPI.TOTL.ZG,1969,
VCT,FP.CPI.TOTL.ZG,1968,
VCT,FP.CPI.TOTL.ZG,1967,
VCT,FP.CPI.TOTL.ZG,1966,
VCT,FP.CPI.TOTL.ZG,1965,
VCT,FP.CPI.TOTL.ZG,1964,
VCT,FP.CPI.TOTL.ZG,1963,
VCT,FP.CPI.TOTL.ZG,1962,
VCT,FP.CPI.TOTL.ZG,1961,
VCT,FP.CPI.TOTL.ZG,1960,
SDN,FP.CPI.TOTL.ZG,2025,
SDN,FP.CPI.TOTL.ZG,2024,
SDN,FP.CPI.TOTL.ZG,2023,
SDN,FP.CPI.TOTL.ZG,2022,138.80846024176
SDN,FP.CPI.TOTL.ZG,2021,359.093040778999
SDN,FP.CPI.TOTL.ZG,2020,163.257782355458
SDN,FP.CPI.TOTL.ZG,2019,50.9940515002965
SDN,FP.CPI.TOTL.ZG,2018,63.2925073455888
SDN,FP.CPI.TOTL.ZG,2017,32.3516260968437
SDN,FP.CPI.TOTL.ZG,2016,17.750253831196
SDN,FP.CPI.TOTL.ZG,2015,16.9095706050977
SDN,FP.CPI.TOTL.ZG,2014,36.9066427863595
SDN,FP.CPI.TOTL.ZG,2013,36.5223449139154
SDN,FP.CPI.TOTL.ZG,2012,35.5590574147024
SDN,FP.CPI.TOTL.ZG,2011,18.0966171221351
SDN,FP.CPI.TOTL.ZG,2010,12.9776663898014
SDN,FP.CPI.TOTL.ZG,2009,11.256758706301
SDN,FP.CPI.TOTL.ZG,2008,14.2971224481434
SDN,FP.CPI.TOTL.ZG,2007,14.7542770780084
SDN,FP.CPI.TOTL.ZG,2006,7.19912990114709
SDN,FP.CPI.TOTL.ZG,2005,8.50585075933117
SDN,FP.CPI.TOTL.ZG,2004,9.65754628605945
SDN,FP.CPI.TOTL.ZG,2003,6.48943208673338
SDN,FP.CPI.TOTL.ZG,2002,22.2247241495905
SDN,FP.CPI.TOTL.ZG,2001,1.93529572095333
SDN,FP.CPI.TOTL.ZG,2000,7.12125897172291
SDN,FP.CPI.TOTL.ZG,1999,17.1664454201761
SDN,FP.CPI.TOTL.ZG,1998,24.6218785461586
SDN,FP.CPI.TOTL.ZG,1997,47.1685369647197
SDN,FP.CPI.TOTL.ZG,1996,132.823777374139
SDN,FP.CPI.TOTL.ZG,1995,68.3751929485422
SDN,FP.CPI.TOTL.ZG,1994,115.398144292738
SDN,FP.CPI.TOTL.ZG,1993,101.380423763812
SDN,FP.CPI.TOTL.ZG,1992,117.624468896394
SDN,FP.CPI.TOTL.ZG,1991,123.578126902936
SDN,FP.CPI.TOTL.ZG,1990,65.1580979966203
SDN,FP.CPI.TOTL.ZG,1989,66.7203219315898
SDN,FP.CPI.TOTL.ZG,1988,64.7005631001051
SDN,FP.CPI.TOTL.ZG,1987,20.557237745391
SDN,FP.CPI.TOTL.ZG,1986,24.453490125132
SDN,FP.CPI.TOTL.ZG,1985,45.40750323421
SDN,FP.CPI.TOTL.ZG,1984,34.14634146336
SDN,FP.CPI.TOTL.ZG,1983,30.5877747791383
SDN,FP.CPI.TOTL.ZG,1982,25.7128797492595
SDN,FP.CPI.TOTL.ZG,1981,24.5757243336576
SDN,FP.CPI.TOTL.ZG,1980,25.3523690119419
SDN,FP.CPI.TOTL.ZG,1979,31.138455010753
SDN,FP.CPI.TOTL.ZG,1978,19.2304044013514
SDN,FP.CPI.TOTL.ZG,1977,17.0763307914922
SDN,FP.CPI.TOTL.ZG,1976,1.67488426358217
SDN,FP.CPI.TOTL.ZG,1975,23.9630476370738
SDN,FP.CPI.TOTL.ZG,1974,26.1581023014198
SDN,FP.CPI.TOTL.ZG,1973,15.2890879478773
SDN,FP.CPI.TOTL.ZG,1972,13.5547507128621
SDN,FP.CPI.TOTL.ZG,1971,1.30366900859353
SDN,FP.CPI.TOTL.ZG,1970,4.02779565047173
SDN,FP.CPI.TOTL.ZG,1969,12.606868569676
SDN,FP.CPI.TOTL.ZG,1968,-10.0338953589389
SDN,FP.CPI.TOTL.ZG,1967,11.0135558877735
SDN,FP.CPI.TOTL.ZG,1966,1.71246319927017
SDN,FP.CPI.TOTL.ZG,1965,-2.44602939056201
SDN,FP.CPI.TOTL.ZG,1964,3.95083843356371
SDN,FP.CPI.TOTL.ZG,1963,4.68823253646181
SDN,FP.CPI.TOTL.ZG,1962,1.66287136567997
SDN,FP.CPI.TOTL.ZG,1961,8.76051146191632
SDN,FP.CPI.TOTL.ZG,1960,0.092240285829437
SUR,FP.CPI.TOTL.ZG,2025,
SUR,FP.CPI.TOTL.ZG,2024,16.2296159130279
SUR,FP.CPI.TOTL.ZG,2023,51.5873159600861
SUR,FP.CPI.TOTL.ZG,2022,52.446027276241
SUR,FP.CPI.TOTL.ZG,2021,59.1196626251977
SUR,FP.CPI.TOTL.ZG,2020,34.889784309078
SUR,FP.CPI.TOTL.ZG,2019,
SUR,FP.CPI.TOTL.ZG,2018,
SUR,FP.CPI.TOTL.ZG,2017,21.9969430173304
SUR,FP.CPI.TOTL.ZG,2016,55.4123879763196
SUR,FP.CPI.TOTL.ZG,2015,6.89390359168238
SUR,FP.CPI.TOTL.ZG,2014,3.38341272749477
SUR,FP.CPI.TOTL.ZG,2013,1.92343604108305
SUR,FP.CPI.TOTL.ZG,2012,5.00686319367273
SUR,FP.CPI.TOTL.ZG,2011,17.7117796414558
SUR,FP.CPI.TOTL.ZG,2010,6.94108221639996
SUR,FP.CPI.TOTL.ZG,2009,-0.133636646714877
SUR,FP.CPI.TOTL.ZG,2008,14.6671427437912
SUR,FP.CPI.TOTL.ZG,2007,6.42627934470524
SUR,FP.CPI.TOTL.ZG,2006,11.2813043273975
SUR,FP.CPI.TOTL.ZG,2005,9.89800489561465
SUR,FP.CPI.TOTL.ZG,2004,9.98632511974878
SUR,FP.CPI.TOTL.ZG,2003,23.0022321778219
SUR,FP.CPI.TOTL.ZG,2002,15.5273989185702
SUR,FP.CPI.TOTL.ZG,2001,38.5862878872611
SUR,FP.CPI.TOTL.ZG,2000,59.401686545079
SUR,FP.CPI.TOTL.ZG,1999,98.7730914112164
SUR,FP.CPI.TOTL.ZG,1998,18.9753691994478
SUR,FP.CPI.TOTL.ZG,1997,7.14511160883929
SUR,FP.CPI.TOTL.ZG,1996,-0.701887251452818
SUR,FP.CPI.TOTL.ZG,1995,235.558815073605
SUR,FP.CPI.TOTL.ZG,1994,368.478068706267
SUR,FP.CPI.TOTL.ZG,1993,143.51155848349
SUR,FP.CPI.TOTL.ZG,1992,43.6661783854171
SUR,FP.CPI.TOTL.ZG,1991,25.9674625060223
SUR,FP.CPI.TOTL.ZG,1990,21.7399443397526
SUR,FP.CPI.TOTL.ZG,1989,0.769646742205996
SUR,FP.CPI.TOTL.ZG,1988,7.31328780803817
SUR,FP.CPI.TOTL.ZG,1987,53.3929532563242
SUR,FP.CPI.TOTL.ZG,1986,18.6879606879605
SUR,FP.CPI.TOTL.ZG,1985,10.8659529841192
SUR,FP.CPI.TOTL.ZG,1984,3.68874452760907
SUR,FP.CPI.TOTL.ZG,1983,4.41180807455269
SUR,FP.CPI.TOTL.ZG,1982,7.27640861779861
SUR,FP.CPI.TOTL.ZG,1981,8.79396984924597
SUR,FP.CPI.TOTL.ZG,1980,14.1097064496918
SUR,FP.CPI.TOTL.ZG,1979,14.8423081655328
SUR,FP.CPI.TOTL.ZG,1978,8.82352941179666
SUR,FP.CPI.TOTL.ZG,1977,9.73113276853737
SUR,FP.CPI.TOTL.ZG,1976,10.0695380302795
SUR,FP.CPI.TOTL.ZG,1975,8.44732842274659
SUR,FP.CPI.TOTL.ZG,1974,16.8761956821095
SUR,FP.CPI.TOTL.ZG,1973,12.9408133340937
SUR,FP.CPI.TOTL.ZG,1972,3.23428662488595
SUR,FP.CPI.TOTL.ZG,1971,0.215551652643419
SUR,FP.CPI.TOTL.ZG,1970,2.58804258797295
SUR,FP.CPI.TOTL.ZG,1969,11.2745098039219
SUR,FP.CPI.TOTL.ZG,1968,0.163666121112876
SUR,FP.CPI.TOTL.ZG,1967,10.6884057971016
SUR,FP.CPI.TOTL.ZG,1966,4.74383301707783
SUR,FP.CPI.TOTL.ZG,1965,1.93423597678913
SUR,FP.CPI.TOTL.ZG,1964,4.23387096774197
SUR,FP.CPI.TOTL.ZG,1963,2.05761316872425
SUR,FP.CPI.TOTL.ZG,1962,2.1008403361344
SUR,FP.CPI.TOTL.ZG,1961,1.70940170940175
SUR,FP.CPI.TOTL.ZG,1960,2.85714285714286
SWE,FP.CPI.TOTL.ZG,2025,
SWE,FP.CPI.TOTL.ZG,2024,2.83581658224034
SWE,FP.CPI.TOTL.ZG,2023,8.54862489748902
SWE,FP.CPI.TOTL.ZG,2022,8.36929098869189
SWE,FP.CPI.TOTL.ZG,2021,2.16319736447153
SWE,FP.CPI.TOTL.ZG,2020,0.497367318853572
SWE,FP.CPI.TOTL.ZG,2019,1.78415097403835
SWE,FP.CPI.TOTL.ZG,2018,1.95353530127028
SWE,FP.CPI.TOTL.ZG,2017,1.79449904665589
SWE,FP.CPI.TOTL.ZG,2016,0.984269244577992
SWE,FP.CPI.TOTL.ZG,2015,-0.0467847449832812
SWE,FP.CPI.TOTL.ZG,2014,-0.179638494114635
SWE,FP.CPI.TOTL.ZG,2013,-0.0442929701485858
SWE,FP.CPI.TOTL.ZG,2012,0.888377506923638
SWE,FP.CPI.TOTL.ZG,2011,2.9611507382214
SWE,FP.CPI.TOTL.ZG,2010,1.15798802715628
SWE,FP.CPI.TOTL.ZG,2009,-0.494460544377991
SWE,FP.CPI.TOTL.ZG,2008,3.43704910602874
SWE,FP.CPI.TOTL.ZG,2007,2.21216883436735
SWE,FP.CPI.TOTL.ZG,2006,1.3602146862768
SWE,FP.CPI.TOTL.ZG,2005,0.453170852576182
SWE,FP.CPI.TOTL.ZG,2004,0.373659828721813
SWE,FP.CPI.TOTL.ZG,2003,1.92565534892391
SWE,FP.CPI.TOTL.ZG,2002,2.15848213589264
SWE,FP.CPI.TOTL.ZG,2001,2.40595834145438
SWE,FP.CPI.TOTL.ZG,2000,0.899143734041633
SWE,FP.CPI.TOTL.ZG,1999,0.462175756339173
SWE,FP.CPI.TOTL.ZG,1998,-0.267132668355006
SWE,FP.CPI.TOTL.ZG,1997,0.658410256243514
SWE,FP.CPI.TOTL.ZG,1996,0.533131978766297
SWE,FP.CPI.TOTL.ZG,1995,2.45514857818395
SWE,FP.CPI.TOTL.ZG,1994,2.15813800724632
SWE,FP.CPI.TOTL.ZG,1993,4.72817304626053
SWE,FP.CPI.TOTL.ZG,1992,2.3743672511188
SWE,FP.CPI.TOTL.ZG,1991,9.4446273294419
SWE,FP.CPI.TOTL.ZG,1990,10.3665533879493
SWE,FP.CPI.TOTL.ZG,1989,6.4432758742661
SWE,FP.CPI.TOTL.ZG,1988,5.82489868439437
SWE,FP.CPI.TOTL.ZG,1987,4.18857151771368
SWE,FP.CPI.TOTL.ZG,1986,4.23591011089793
SWE,FP.CPI.TOTL.ZG,1985,7.37257458126246
SWE,FP.CPI.TOTL.ZG,1984,8.04424238994422
SWE,FP.CPI.TOTL.ZG,1983,8.87302152363213
SWE,FP.CPI.TOTL.ZG,1982,8.58918509047123
SWE,FP.CPI.TOTL.ZG,1981,12.1039385302598
SWE,FP.CPI.TOTL.ZG,1980,13.7063223649005
SWE,FP.CPI.TOTL.ZG,1979,7.20978617047808
SWE,FP.CPI.TOTL.ZG,1978,9.99526541717732
SWE,FP.CPI.TOTL.ZG,1977,11.4418051091077
SWE,FP.CPI.TOTL.ZG,1976,10.2492246529784
SWE,FP.CPI.TOTL.ZG,1975,9.77987398822576
SWE,FP.CPI.TOTL.ZG,1974,9.91172530113238
SWE,FP.CPI.TOTL.ZG,1973,6.71799739819354
SWE,FP.CPI.TOTL.ZG,1972,6.00738969862495
SWE,FP.CPI.TOTL.ZG,1971,7.39554113837636
SWE,FP.CPI.TOTL.ZG,1970,7.01635885100763
SWE,FP.CPI.TOTL.ZG,1969,2.691994585557
SWE,FP.CPI.TOTL.ZG,1968,1.94312582473244
SWE,FP.CPI.TOTL.ZG,1967,4.28931922993319
SWE,FP.CPI.TOTL.ZG,1966,6.40480825348414
SWE,FP.CPI.TOTL.ZG,1965,5.01277129643838
SWE,FP.CPI.TOTL.ZG,1964,3.38766231088349
SWE,FP.CPI.TOTL.ZG,1963,2.8717403448577
SWE,FP.CPI.TOTL.ZG,1962,4.76619721905823
SWE,FP.CPI.TOTL.ZG,1961,2.15797310981964
SWE,FP.CPI.TOTL.ZG,1960,4.14177915090215
CHE,FP.CPI.TOTL.ZG,2025,
CHE,FP.CPI.TOTL.ZG,2024,1.06234041976595
CHE,FP.CPI.TOTL.ZG,2023,2.13540088016377
CHE,FP.CPI.TOTL.ZG,2022,2.83502798644463
CHE,FP.CPI.TOTL.ZG,2021,0.581814168489856
CHE,FP.CPI.TOTL.ZG,2020,-0.725874933313384
CHE,FP.CPI.TOTL.ZG,2019,0.362886179940614
CHE,FP.CPI.TOTL.ZG,2018,0.936335464113563
CHE,FP.CPI.TOTL.ZG,2017,0.533787839825897
CHE,FP.CPI.TOTL.ZG,2016,-0.434618664285835
CHE,FP.CPI.TOTL.ZG,2015,-1.14390867228183
CHE,FP.CPI.TOTL.ZG,2014,-0.0132025387514939
CHE,FP.CPI.TOTL.ZG,2013,-0.217323155115693
CHE,FP.CPI.TOTL.ZG,2012,-0.692552018105253
CHE,FP.CPI.TOTL.ZG,2011,0.2313492076509
CHE,FP.CPI.TOTL.ZG,2010,0.688238707220026
CHE,FP.CPI.TOTL.ZG,2009,-0.480481936423275
CHE,FP.CPI.TOTL.ZG,2008,2.42604117060158
CHE,FP.CPI.TOTL.ZG,2007,0.732350603122248
CHE,FP.CPI.TOTL.ZG,2006,1.05950928324802
CHE,FP.CPI.TOTL.ZG,2005,1.17195420333703
CHE,FP.CPI.TOTL.ZG,2004,0.802908730955227
CHE,FP.CPI.TOTL.ZG,2003,0.638272930887201
CHE,FP.CPI.TOTL.ZG,2002,0.642711506543278
CHE,FP.CPI.TOTL.ZG,2001,0.989020329832546
CHE,FP.CPI.TOTL.ZG,2000,1.5585291967901
CHE,FP.CPI.TOTL.ZG,1999,0.806444380959449
CHE,FP.CPI.TOTL.ZG,1998,0.0179384378439098
CHE,FP.CPI.TOTL.ZG,1997,0.520225422736652
CHE,FP.CPI.TOTL.ZG,1996,0.811634064628211
CHE,FP.CPI.TOTL.ZG,1995,1.79982776867144
CHE,FP.CPI.TOTL.ZG,1994,0.8521169951207
CHE,FP.CPI.TOTL.ZG,1993,3.29262180313611
CHE,FP.CPI.TOTL.ZG,1992,4.03703020778739
CHE,FP.CPI.TOTL.ZG,1991,5.8595966346867
CHE,FP.CPI.TOTL.ZG,1990,5.4039590921894
CHE,FP.CPI.TOTL.ZG,1989,3.15526979710908
CHE,FP.CPI.TOTL.ZG,1988,1.87246859731873
CHE,FP.CPI.TOTL.ZG,1987,1.44032188041722
CHE,FP.CPI.TOTL.ZG,1986,0.750309839410783
CHE,FP.CPI.TOTL.ZG,1985,3.43539935298269
CHE,FP.CPI.TOTL.ZG,1984,2.93145669136625
CHE,FP.CPI.TOTL.ZG,1983,2.94979443545723
CHE,FP.CPI.TOTL.ZG,1982,5.65510182392343
CHE,FP.CPI.TOTL.ZG,1981,6.49030964005719
CHE,FP.CPI.TOTL.ZG,1980,4.02250084839003
CHE,FP.CPI.TOTL.ZG,1979,3.64764010558785
CHE,FP.CPI.TOTL.ZG,1978,1.02879289487425
CHE,FP.CPI.TOTL.ZG,1977,1.29599916278321
CHE,FP.CPI.TOTL.ZG,1976,1.71547632285655
CHE,FP.CPI.TOTL.ZG,1975,6.6965952250783
CHE,FP.CPI.TOTL.ZG,1974,9.76741431913024
CHE,FP.CPI.TOTL.ZG,1973,8.75467033024639
CHE,FP.CPI.TOTL.ZG,1972,6.66000704160239
CHE,FP.CPI.TOTL.ZG,1971,6.57322111925795
CHE,FP.CPI.TOTL.ZG,1970,3.61598678629518
CHE,FP.CPI.TOTL.ZG,1969,2.48903598959377
CHE,FP.CPI.TOTL.ZG,1968,2.39582226957016
CHE,FP.CPI.TOTL.ZG,1967,4.00519621563871
CHE,FP.CPI.TOTL.ZG,1966,4.77597959563696
CHE,FP.CPI.TOTL.ZG,1965,3.4144786084618
CHE,FP.CPI.TOTL.ZG,1964,3.08055687101806
CHE,FP.CPI.TOTL.ZG,1963,3.44021288042955
CHE,FP.CPI.TOTL.ZG,1962,4.31599287754389
CHE,FP.CPI.TOTL.ZG,1961,1.84539787448658
CHE,FP.CPI.TOTL.ZG,1960,1.43879470321092
SYR,FP.CPI.TOTL.ZG,2025,
SYR,FP.CPI.TOTL.ZG,2024,
SYR,FP.CPI.TOTL.ZG,2023,
SYR,FP.CPI.TOTL.ZG,2022,
SYR,FP.CPI.TOTL.ZG,2021,
SYR,FP.CPI.TOTL.ZG,2020,
SYR,FP.CPI.TOTL.ZG,2019,13.4175653228571
SYR,FP.CPI.TOTL.ZG,2018,0.940983843906769
SYR,FP.CPI.TOTL.ZG,2017,18.0752696281771
SYR,FP.CPI.TOTL.ZG,2016,47.7051615298923
SYR,FP.CPI.TOTL.ZG,2015,38.4611429599733
SYR,FP.CPI.TOTL.ZG,2014,10.9271141804297
SYR,FP.CPI.TOTL.ZG,2013,40.0318378290723
SYR,FP.CPI.TOTL.ZG,2012,36.7022953364139
SYR,FP.CPI.TOTL.ZG,2011,4.7531638888563
SYR,FP.CPI.TOTL.ZG,2010,4.3974138315007
SYR,FP.CPI.TOTL.ZG,2009,2.92089711805367
SYR,FP.CPI.TOTL.ZG,2008,15.7453252219709
SYR,FP.CPI.TOTL.ZG,2007,3.90770950443607
SYR,FP.CPI.TOTL.ZG,2006,10.0241105377571
SYR,FP.CPI.TOTL.ZG,2005,7.24034939348535
SYR,FP.CPI.TOTL.ZG,2004,4.43314136719839
SYR,FP.CPI.TOTL.ZG,2003,5.79682944905841
SYR,FP.CPI.TOTL.ZG,2002,-0.130505282417402
SYR,FP.CPI.TOTL.ZG,2001,2.99999999999995
SYR,FP.CPI.TOTL.ZG,2000,-3.84615384615379
SYR,FP.CPI.TOTL.ZG,1999,-3.70370370370365
SYR,FP.CPI.TOTL.ZG,1998,-0.797165633303916
SYR,FP.CPI.TOTL.ZG,1997,1.88611136179086
SYR,FP.CPI.TOTL.ZG,1996,8.2498900991551
SYR,FP.CPI.TOTL.ZG,1995,7.97995780590686
SYR,FP.CPI.TOTL.ZG,1994,15.3284671532846
SYR,FP.CPI.TOTL.ZG,1993,13.2231404958679
SYR,FP.CPI.TOTL.ZG,1992,11.0091743119265
SYR,FP.CPI.TOTL.ZG,1991,9.00000000000003
SYR,FP.CPI.TOTL.ZG,1990,19.3968672229543
SYR,FP.CPI.TOTL.ZG,1989,11.3992172211349
SYR,FP.CPI.TOTL.ZG,1988,34.562211981567
SYR,FP.CPI.TOTL.ZG,1987,59.4843677088198
SYR,FP.CPI.TOTL.ZG,1986,36.0634920634916
SYR,FP.CPI.TOTL.ZG,1985,17.2529313232832
SYR,FP.CPI.TOTL.ZG,1984,9.22951819475496
SYR,FP.CPI.TOTL.ZG,1983,6.1272923408846
SYR,FP.CPI.TOTL.ZG,1982,14.3033292231811
SYR,FP.CPI.TOTL.ZG,1981,18.3941605839417
SYR,FP.CPI.TOTL.ZG,1980,19.2964123998608
SYR,FP.CPI.TOTL.ZG,1979,4.55207574654038
SYR,FP.CPI.TOTL.ZG,1978,4.80916030534371
SYR,FP.CPI.TOTL.ZG,1977,11.9658119658116
SYR,FP.CPI.TOTL.ZG,1976,11.4285714285715
SYR,FP.CPI.TOTL.ZG,1975,11.4649681528663
SYR,FP.CPI.TOTL.ZG,1974,15.5282817502668
SYR,FP.CPI.TOTL.ZG,1973,20.3596660244059
SYR,FP.CPI.TOTL.ZG,1972,2.09836065573833
SYR,FP.CPI.TOTL.ZG,1971,5.6094182825485
SYR,FP.CPI.TOTL.ZG,1970,4.63768115941983
SYR,FP.CPI.TOTL.ZG,1969,-1.98863636363599
SYR,FP.CPI.TOTL.ZG,1968,2.84879474068662
SYR,FP.CPI.TOTL.ZG,1967,6.45412130637526
SYR,FP.CPI.TOTL.ZG,1966,3.79338175948378
SYR,FP.CPI.TOTL.ZG,1965,-3.87897595034945
SYR,FP.CPI.TOTL.ZG,1964,5.39656582175021
SYR,FP.CPI.TOTL.ZG,1963,1.91666666666659
SYR,FP.CPI.TOTL.ZG,1962,-3.8461538461533
SYR,FP.CPI.TOTL.ZG,1961,1.95889088150075
SYR,FP.CPI.TOTL.ZG,1960,5.11890951276099
TJK,FP.CPI.TOTL.ZG,2025,
TJK,FP.CPI.TOTL.ZG,2024,
TJK,FP.CPI.TOTL.ZG,2023,
TJK,FP.CPI.TOTL.ZG,2022,
TJK,FP.CPI.TOTL.ZG,2021,
TJK,FP.CPI.TOTL.ZG,2020,
TJK,FP.CPI.TOTL.ZG,2019,
TJK,FP.CPI.TOTL.ZG,2018,
TJK,FP.CPI.TOTL.ZG,2017,
TJK,FP.CPI.TOTL.ZG,2016,6.00458082322139
TJK,FP.CPI.TOTL.ZG,2015,5.7145594964971
TJK,FP.CPI.TOTL.ZG,2014,6.10442765129667
TJK,FP.CPI.TOTL.ZG,2013,5.00964645344951
TJK,FP.CPI.TOTL.ZG,2012,5.83116601031462
TJK,FP.CPI.TOTL.ZG,2011,12.4315490430406
TJK,FP.CPI.TOTL.ZG,2010,6.44531440780658
TJK,FP.CPI.TOTL.ZG,2009,6.44823481066697
TJK,FP.CPI.TOTL.ZG,2008,20.4705219109964
TJK,FP.CPI.TOTL.ZG,2007,13.1491247062982
TJK,FP.CPI.TOTL.ZG,2006,10.0108651886461
TJK,FP.CPI.TOTL.ZG,2005,7.09193244083773
TJK,FP.CPI.TOTL.ZG,2004,7.14196508692253
TJK,FP.CPI.TOTL.ZG,2003,16.3034912049491
TJK,FP.CPI.TOTL.ZG,2002,12.2499847845885
TJK,FP.CPI.TOTL.ZG,2001,38.59188944886
TJK,FP.CPI.TOTL.ZG,2000,
TJK,FP.CPI.TOTL.ZG,1999,
TJK,FP.CPI.TOTL.ZG,1998,
TJK,FP.CPI.TOTL.ZG,1997,
TJK,FP.CPI.TOTL.ZG,1996,
TJK,FP.CPI.TOTL.ZG,1995,
TJK,FP.CPI.TOTL.ZG,1994,
TJK,FP.CPI.TOTL.ZG,1993,
TJK,FP.CPI.TOTL.ZG,1992,
TJK,FP.CPI.TOTL.ZG,1991,
TJK,FP.CPI.TOTL.ZG,1990,
TJK,FP.CPI.TOTL.ZG,1989,
TJK,FP.CPI.TOTL.ZG,1988,
TJK,FP.CPI.TOTL.ZG,1987,
TJK,FP.CPI.TOTL.ZG,1986,
TJK,FP.CPI.TOTL.ZG,1985,
TJK,FP.CPI.TOTL.ZG,1984,
TJK,FP.CPI.TOTL.ZG,1983,
TJK,FP.CPI.TOTL.ZG,1982,
TJK,FP.CPI.TOTL.ZG,1981,
TJK,FP.CPI.TOTL.ZG,1980,
TJK,FP.CPI.TOTL.ZG,1979,
TJK,FP.CPI.TOTL.ZG,1978,
TJK,FP.CPI.TOTL.ZG,1977,
TJK,FP.CPI.TOTL.ZG,1976,
TJK,FP.CPI.TOTL.ZG,1975,
TJK,FP.CPI.TOTL.ZG,1974,
TJK,FP.CPI.TOTL.ZG,1973,
TJK,FP.CPI.TOTL.ZG,1972,
TJK,FP.CPI.TOTL.ZG,1971,
TJK,FP.CPI.TOTL.ZG,1970,
TJK,FP.CPI.TOTL.ZG,1969,
TJK,FP.CPI.TOTL.ZG,1968,
TJK,FP.CPI.TOTL.ZG,1967,
TJK,FP.CPI.TOTL.ZG,1966,
TJK,FP.CPI.TOTL.ZG,1965,
TJK,FP.CPI.TOTL.ZG,1964,
TJK,FP.CPI.TOTL.ZG,1963,
TJK,FP.CPI.TOTL.ZG,1962,
TJK,FP.CPI.TOTL.ZG,1961,
TJK,FP.CPI.TOTL.ZG,1960,
TZA,FP.CPI.TOTL.ZG,2025,
TZA,FP.CPI.TOTL.ZG,2024,3.05694676312373
TZA,FP.CPI.TOTL.ZG,2023,3.79923291384916
TZA,FP.CPI.TOTL.ZG,2022,4.35027204269101
TZA,FP.CPI.TOTL.ZG,2021,3.69091958802199
TZA,FP.CPI.TOTL.ZG,2020,3.29029062798325
TZA,FP.CPI.TOTL.ZG,2019,3.46428057999021
TZA,FP.CPI.TOTL.ZG,2018,3.49445848856181
TZA,FP.CPI.TOTL.ZG,2017,5.31871605228931
TZA,FP.CPI.TOTL.ZG,2016,5.17476629301493
TZA,FP.CPI.TOTL.ZG,2015,5.58816952959298
TZA,FP.CPI.TOTL.ZG,2014,6.13161432988012
TZA,FP.CPI.TOTL.ZG,2013,7.87072364573959
TZA,FP.CPI.TOTL.ZG,2012,16.0010938506338
TZA,FP.CPI.TOTL.ZG,2011,12.6909694699162
TZA,FP.CPI.TOTL.ZG,2010,6.20015595647403
TZA,FP.CPI.TOTL.ZG,2009,12.1422278742988
TZA,FP.CPI.TOTL.ZG,2008,10.2783937621135
TZA,FP.CPI.TOTL.ZG,2007,7.02551436974771
TZA,FP.CPI.TOTL.ZG,2006,7.25097262082546
TZA,FP.CPI.TOTL.ZG,2005,5.03457009267163
TZA,FP.CPI.TOTL.ZG,2004,4.73580143949058
TZA,FP.CPI.TOTL.ZG,2003,5.30356621509782
TZA,FP.CPI.TOTL.ZG,2002,5.31783366118203
TZA,FP.CPI.TOTL.ZG,2001,5.14746800222618
TZA,FP.CPI.TOTL.ZG,2000,5.92396109637479
TZA,FP.CPI.TOTL.ZG,1999,7.89043336058877
TZA,FP.CPI.TOTL.ZG,1998,12.7997540479609
TZA,FP.CPI.TOTL.ZG,1997,16.0906549283201
TZA,FP.CPI.TOTL.ZG,1996,20.9772596430629
TZA,FP.CPI.TOTL.ZG,1995,27.4277854195323
TZA,FP.CPI.TOTL.ZG,1994,34.0833640722984
TZA,FP.CPI.TOTL.ZG,1993,25.277264325323
TZA,FP.CPI.TOTL.ZG,1992,21.8468468468473
TZA,FP.CPI.TOTL.ZG,1991,28.695652173913
TZA,FP.CPI.TOTL.ZG,1990,35.8267716535433
TZA,FP.CPI.TOTL.ZG,1989,25.8498382611657
TZA,FP.CPI.TOTL.ZG,1988,31.1867182846932
TZA,FP.CPI.TOTL.ZG,1987,29.9493695378761
TZA,FP.CPI.TOTL.ZG,1986,32.4322015801837
TZA,FP.CPI.TOTL.ZG,1985,33.2821038251368
TZA,FP.CPI.TOTL.ZG,1984,36.1459415056028
TZA,FP.CPI.TOTL.ZG,1983,27.0559275305238
TZA,FP.CPI.TOTL.ZG,1982,28.9323346451693
TZA,FP.CPI.TOTL.ZG,1981,25.6500239272612
TZA,FP.CPI.TOTL.ZG,1980,30.197300103842
TZA,FP.CPI.TOTL.ZG,1979,12.9486277269529
TZA,FP.CPI.TOTL.ZG,1978,6.57500000000009
TZA,FP.CPI.TOTL.ZG,1977,11.6041381030119
TZA,FP.CPI.TOTL.ZG,1976,6.85935002653251
TZA,FP.CPI.TOTL.ZG,1975,26.0577568841573
TZA,FP.CPI.TOTL.ZG,1974,19.5983935742148
TZA,FP.CPI.TOTL.ZG,1973,10.3968078032167
TZA,FP.CPI.TOTL.ZG,1972,7.63540921001038
TZA,FP.CPI.TOTL.ZG,1971,4.77500000002375
TZA,FP.CPI.TOTL.ZG,1970,3.49288486418357
TZA,FP.CPI.TOTL.ZG,1969,16.4156626499998
TZA,FP.CPI.TOTL.ZG,1968,15.5988857954827
TZA,FP.CPI.TOTL.ZG,1967,12.1874999984368
TZA,FP.CPI.TOTL.ZG,1966,9.77701543927596
TZA,FP.CPI.TOTL.ZG,1965,
TZA,FP.CPI.TOTL.ZG,1964,
TZA,FP.CPI.TOTL.ZG,1963,
TZA,FP.CPI.TOTL.ZG,1962,
TZA,FP.CPI.TOTL.ZG,1961,
TZA,FP.CPI.TOTL.ZG,1960,
THA,FP.CPI.TOTL.ZG,2025,
THA,FP.CPI.TOTL.ZG,2024,1.36580540798037
THA,FP.CPI.TOTL.ZG,2023,8.47805174421543
THA,FP.CPI.TOTL.ZG,2022,-1.61068030486688
THA,FP.CPI.TOTL.ZG,2021,1.23039541318384
THA,FP.CPI.TOTL.ZG,2020,-0.845937147357041
THA,FP.CPI.TOTL.ZG,2019,0.706728601314311
THA,FP.CPI.TOTL.ZG,2018,1.06389754183024
THA,FP.CPI.TOTL.ZG,2017,0.665631893135106
THA,FP.CPI.TOTL.ZG,2016,0.188149704448143
THA,FP.CPI.TOTL.ZG,2015,-0.900424963291569
THA,FP.CPI.TOTL.ZG,2014,1.8951418189878
THA,FP.CPI.TOTL.ZG,2013,2.18488618530687
THA,FP.CPI.TOTL.ZG,2012,3.01489950334985
THA,FP.CPI.TOTL.ZG,2011,3.80879058139634
THA,FP.CPI.TOTL.ZG,2010,3.24758842443723
THA,FP.CPI.TOTL.ZG,2009,-0.845716092316721
THA,FP.CPI.TOTL.ZG,2008,5.46848949649845
THA,FP.CPI.TOTL.ZG,2007,2.24154095286803
THA,FP.CPI.TOTL.ZG,2006,4.63747436011765
THA,FP.CPI.TOTL.ZG,2005,4.54036919634535
THA,FP.CPI.TOTL.ZG,2004,2.7591492623108
THA,FP.CPI.TOTL.ZG,2003,1.80434994635721
THA,FP.CPI.TOTL.ZG,2002,0.697308976625449
THA,FP.CPI.TOTL.ZG,2001,1.62690887314091
THA,FP.CPI.TOTL.ZG,2000,1.59196917460972
THA,FP.CPI.TOTL.ZG,1999,0.284726459223034
THA,FP.CPI.TOTL.ZG,1998,7.9947287502746
THA,FP.CPI.TOTL.ZG,1997,5.62579747129104
THA,FP.CPI.TOTL.ZG,1996,5.80510554737349
THA,FP.CPI.TOTL.ZG,1995,5.81818181818192
THA,FP.CPI.TOTL.ZG,1994,5.04774897680755
THA,FP.CPI.TOTL.ZG,1993,3.31219168428468
THA,FP.CPI.TOTL.ZG,1992,4.13914575077056
THA,FP.CPI.TOTL.ZG,1991,5.70985259891396
THA,FP.CPI.TOTL.ZG,1990,5.86399474375828
THA,FP.CPI.TOTL.ZG,1989,5.35546507986216
THA,FP.CPI.TOTL.ZG,1988,3.86273074733655
THA,FP.CPI.TOTL.ZG,1987,2.46646112823953
THA,FP.CPI.TOTL.ZG,1986,1.84167596806046
THA,FP.CPI.TOTL.ZG,1985,2.43173123433475
THA,FP.CPI.TOTL.ZG,1984,0.864898430279321
THA,FP.CPI.TOTL.ZG,1983,3.72653662124075
THA,FP.CPI.TOTL.ZG,1982,5.25907990316827
THA,FP.CPI.TOTL.ZG,1981,12.6629930710215
THA,FP.CPI.TOTL.ZG,1980,19.703500522778
THA,FP.CPI.TOTL.ZG,1979,9.89736596559918
THA,FP.CPI.TOTL.ZG,1978,7.92408985303786
THA,FP.CPI.TOTL.ZG,1977,7.60126687769031
THA,FP.CPI.TOTL.ZG,1976,4.14930555494793
THA,FP.CPI.TOTL.ZG,1975,5.33009708749865
THA,FP.CPI.TOTL.ZG,1974,24.3135598335014
THA,FP.CPI.TOTL.ZG,1973,15.5095497002706
THA,FP.CPI.TOTL.ZG,1972,4.83776673497427
THA,FP.CPI.TOTL.ZG,1971,0.484652665370795
THA,FP.CPI.TOTL.ZG,1970,-0.0880410855462474
THA,FP.CPI.TOTL.ZG,1969,2.45039085983097
THA,FP.CPI.TOTL.ZG,1968,1.79035960223026
THA,FP.CPI.TOTL.ZG,1967,4.30965682357132
THA,FP.CPI.TOTL.ZG,1966,4.03520425067445
THA,FP.CPI.TOTL.ZG,1965,0.166333998420151
THA,FP.CPI.TOTL.ZG,1964,-0.792079207921113
THA,FP.CPI.TOTL.ZG,1963,
THA,FP.CPI.TOTL.ZG,1962,3.69609856262894
THA,FP.CPI.TOTL.ZG,1961,7.38699007717708
THA,FP.CPI.TOTL.ZG,1960,-0.765864332603765
TLS,FP.CPI.TOTL.ZG,2025,
TLS,FP.CPI.TOTL.ZG,2024,2.06284153005468
TLS,FP.CPI.TOTL.ZG,2023,8.42035103310377
TLS,FP.CPI.TOTL.ZG,2022,7.00530945399787
TLS,FP.CPI.TOTL.ZG,2021,3.69792094666786
TLS,FP.CPI.TOTL.ZG,2020,0.495499215459571
TLS,FP.CPI.TOTL.ZG,2019,0.958812739703141
TLS,FP.CPI.TOTL.ZG,2018,2.63647201015892
TLS,FP.CPI.TOTL.ZG,2017,0.557215537430361
TLS,FP.CPI.TOTL.ZG,2016,-1.33853876185163
TLS,FP.CPI.TOTL.ZG,2015,0.552796026277853
TLS,FP.CPI.TOTL.ZG,2014,0.726275016139465
TLS,FP.CPI.TOTL.ZG,2013,11.0849085109954
TLS,FP.CPI.TOTL.ZG,2012,11.8003096701544
TLS,FP.CPI.TOTL.ZG,2011,13.499840238577
TLS,FP.CPI.TOTL.ZG,2010,6.76597680236481
TLS,FP.CPI.TOTL.ZG,2009,0.669681185965433
TLS,FP.CPI.TOTL.ZG,2008,9.06423621948942
TLS,FP.CPI.TOTL.ZG,2007,10.3009020174895
TLS,FP.CPI.TOTL.ZG,2006,3.93616259929866
TLS,FP.CPI.TOTL.ZG,2005,1.11167400387198
TLS,FP.CPI.TOTL.ZG,2004,3.23751394003321
TLS,FP.CPI.TOTL.ZG,2003,7.16515891441839
TLS,FP.CPI.TOTL.ZG,2002,
TLS,FP.CPI.TOTL.ZG,2001,
TLS,FP.CPI.TOTL.ZG,2000,
TLS,FP.CPI.TOTL.ZG,1999,
TLS,FP.CPI.TOTL.ZG,1998,
TLS,FP.CPI.TOTL.ZG,1997,
TLS,FP.CPI.TOTL.ZG,1996,
TLS,FP.CPI.TOTL.ZG,1995,
TLS,FP.CPI.TOTL.ZG,1994,
TLS,FP.CPI.TOTL.ZG,1993,
TLS,FP.CPI.TOTL.ZG,1992,
TLS,FP.CPI.TOTL.ZG,1991,
TLS,FP.CPI.TOTL.ZG,1990,
TLS,FP.CPI.TOTL.ZG,1989,
TLS,FP.CPI.TOTL.ZG,1988,
TLS,FP.CPI.TOTL.ZG,1987,
TLS,FP.CPI.TOTL.ZG,1986,
TLS,FP.CPI.TOTL.ZG,1985,
TLS,FP.CPI.TOTL.ZG,1984,
TLS,FP.CPI.TOTL.ZG,1983,
TLS,FP.CPI.TOTL.ZG,1982,
TLS,FP.CPI.TOTL.ZG,1981,
TLS,FP.CPI.TOTL.ZG,1980,
TLS,FP.CPI.TOTL.ZG,1979,
TLS,FP.CPI.TOTL.ZG,1978,
TLS,FP.CPI.TOTL.ZG,1977,
TLS,FP.CPI.TOTL.ZG,1976,
TLS,FP.CPI.TOTL.ZG,1975,
TLS,FP.CPI.TOTL.ZG,1974,
TLS,FP.CPI.TOTL.ZG,1973,
TLS,FP.CPI.TOTL.ZG,1972,
TLS,FP.CPI.TOTL.ZG,1971,
TLS,FP.CPI.TOTL.ZG,1970,
TLS,FP.CPI.TOTL.ZG,1969,
TLS,FP.CPI.TOTL.ZG,1968,
TLS,FP.CPI.TOTL.ZG,1967,
TLS,FP.CPI.TOTL.ZG,1966,
TLS,FP.CPI.TOTL.ZG,1965,
TLS,FP.CPI.TOTL.ZG,1964,
TLS,FP.CPI.TOTL.ZG,1963,
TLS,FP.CPI.TOTL.ZG,1962,
TLS,FP.CPI.TOTL.ZG,1961,
TLS,FP.CPI.TOTL.ZG,1960,
TGO,FP.CPI.TOTL.ZG,2025,
TGO,FP.CPI.TOTL.ZG,2024,2.86262074089801
TGO,FP.CPI.TOTL.ZG,2023,5.48928568141131
TGO,FP.CPI.TOTL.ZG,2022,7.96757361617945
TGO,FP.CPI.TOTL.ZG,2021,4.1862150652352
TGO,FP.CPI.TOTL.ZG,2020,1.69928463299399
TGO,FP.CPI.TOTL.ZG,2019,0.674652770077525
TGO,FP.CPI.TOTL.ZG,2018,0.927755426457183
TGO,FP.CPI.TOTL.ZG,2017,-0.981889868943119
TGO,FP.CPI.TOTL.ZG,2016,1.28544847051417
TGO,FP.CPI.TOTL.ZG,2015,2.58500390801595
TGO,FP.CPI.TOTL.ZG,2014,0.19087507624975
TGO,FP.CPI.TOTL.ZG,2013,1.82539475909162
TGO,FP.CPI.TOTL.ZG,2012,2.57718174055848
TGO,FP.CPI.TOTL.ZG,2011,3.5635147290396
TGO,FP.CPI.TOTL.ZG,2010,1.44594517430864
TGO,FP.CPI.TOTL.ZG,2009,3.71360592035809
TGO,FP.CPI.TOTL.ZG,2008,8.69482814363902
TGO,FP.CPI.TOTL.ZG,2007,0.945673271705214
TGO,FP.CPI.TOTL.ZG,2006,2.22897779414027
TGO,FP.CPI.TOTL.ZG,2005,6.78292893028314
TGO,FP.CPI.TOTL.ZG,2004,0.393078681031669
TGO,FP.CPI.TOTL.ZG,2003,-0.930000884072214
TGO,FP.CPI.TOTL.ZG,2002,3.05981857535884
TGO,FP.CPI.TOTL.ZG,2001,3.91959133653146
TGO,FP.CPI.TOTL.ZG,2000,1.86260595463067
TGO,FP.CPI.TOTL.ZG,1999,-0.0532136248823534
TGO,FP.CPI.TOTL.ZG,1998,0.975338381088674
TGO,FP.CPI.TOTL.ZG,1997,8.25082508250802
TGO,FP.CPI.TOTL.ZG,1996,4.68749999999996
TGO,FP.CPI.TOTL.ZG,1995,16.4335034524163
TGO,FP.CPI.TOTL.ZG,1994,39.1627673796795
TGO,FP.CPI.TOTL.ZG,1993,-1.00688168855034
TGO,FP.CPI.TOTL.ZG,1992,1.39378663675938
TGO,FP.CPI.TOTL.ZG,1991,0.387081797870757
TGO,FP.CPI.TOTL.ZG,1990,1.01534150530809
TGO,FP.CPI.TOTL.ZG,1989,-0.839403116952551
TGO,FP.CPI.TOTL.ZG,1988,-0.150910979934777
TGO,FP.CPI.TOTL.ZG,1987,0.054008850482646
TGO,FP.CPI.TOTL.ZG,1986,4.12461526367686
TGO,FP.CPI.TOTL.ZG,1985,-1.81441438232162
TGO,FP.CPI.TOTL.ZG,1984,-3.52662871020549
TGO,FP.CPI.TOTL.ZG,1983,9.35546507986147
TGO,FP.CPI.TOTL.ZG,1982,11.1296733281827
TGO,FP.CPI.TOTL.ZG,1981,19.7165023624807
TGO,FP.CPI.TOTL.ZG,1980,12.3068572123795
TGO,FP.CPI.TOTL.ZG,1979,7.53925120772942
TGO,FP.CPI.TOTL.ZG,1978,0.442773093952961
TGO,FP.CPI.TOTL.ZG,1977,22.4570134066177
TGO,FP.CPI.TOTL.ZG,1976,11.6407308106915
TGO,FP.CPI.TOTL.ZG,1975,18.0121994976676
TGO,FP.CPI.TOTL.ZG,1974,12.8319316906201
TGO,FP.CPI.TOTL.ZG,1973,3.61531496573167
TGO,FP.CPI.TOTL.ZG,1972,7.7266076782348
TGO,FP.CPI.TOTL.ZG,1971,6.4920611363943
TGO,FP.CPI.TOTL.ZG,1970,4.48062015465095
TGO,FP.CPI.TOTL.ZG,1969,6.01577909270214
TGO,FP.CPI.TOTL.ZG,1968,0.296735906036536
TGO,FP.CPI.TOTL.ZG,1967,-2.31884058067624
TGO,FP.CPI.TOTL.ZG,1966,
TGO,FP.CPI.TOTL.ZG,1965,
TGO,FP.CPI.TOTL.ZG,1964,
TGO,FP.CPI.TOTL.ZG,1963,
TGO,FP.CPI.TOTL.ZG,1962,
TGO,FP.CPI.TOTL.ZG,1961,
TGO,FP.CPI.TOTL.ZG,1960,
TON,FP.CPI.TOTL.ZG,2025,
TON,FP.CPI.TOTL.ZG,2024,3.18364611260051
TON,FP.CPI.TOTL.ZG,2023,6.35112980255189
TON,FP.CPI.TOTL.ZG,2022,10.9713652903022
TON,FP.CPI.TOTL.ZG,2021,5.64051140636743
TON,FP.CPI.TOTL.ZG,2020,-0.349737696727418
TON,FP.CPI.TOTL.ZG,2019,1.179543348218
TON,FP.CPI.TOTL.ZG,2018,5.03209691984882
TON,FP.CPI.TOTL.ZG,2017,7.51706283551125
TON,FP.CPI.TOTL.ZG,2016,2.57815515245072
TON,FP.CPI.TOTL.ZG,2015,-1.05399831971283
TON,FP.CPI.TOTL.ZG,2014,2.51087633253706
TON,FP.CPI.TOTL.ZG,2013,0.77562932236742
TON,FP.CPI.TOTL.ZG,2012,1.14753853706055
TON,FP.CPI.TOTL.ZG,2011,6.2707530299569
TON,FP.CPI.TOTL.ZG,2010,3.53491239189833
TON,FP.CPI.TOTL.ZG,2009,1.42685972070535
TON,FP.CPI.TOTL.ZG,2008,10.4469875128223
TON,FP.CPI.TOTL.ZG,2007,5.8422487490138
TON,FP.CPI.TOTL.ZG,2006,6.14911606456571
TON,FP.CPI.TOTL.ZG,2005,8.66569221131751
TON,FP.CPI.TOTL.ZG,2004,10.9734053679554
TON,FP.CPI.TOTL.ZG,2003,11.6386219580734
TON,FP.CPI.TOTL.ZG,2002,10.3590607918507
TON,FP.CPI.TOTL.ZG,2001,8.2902831885033
TON,FP.CPI.TOTL.ZG,2000,6.32763551411155
TON,FP.CPI.TOTL.ZG,1999,4.46435467675891
TON,FP.CPI.TOTL.ZG,1998,3.27444554260469
TON,FP.CPI.TOTL.ZG,1997,2.12473132408035
TON,FP.CPI.TOTL.ZG,1996,2.99528023991141
TON,FP.CPI.TOTL.ZG,1995,1.46000630350975
TON,FP.CPI.TOTL.ZG,1994,1.01295206694856
TON,FP.CPI.TOTL.ZG,1993,0.960904460459173
TON,FP.CPI.TOTL.ZG,1992,7.93698012192874
TON,FP.CPI.TOTL.ZG,1991,10.5954493994793
TON,FP.CPI.TOTL.ZG,1990,9.70986384562655
TON,FP.CPI.TOTL.ZG,1989,4.07364364792932
TON,FP.CPI.TOTL.ZG,1988,9.92402339810402
TON,FP.CPI.TOTL.ZG,1987,4.68598778792495
TON,FP.CPI.TOTL.ZG,1986,21.6738748768894
TON,FP.CPI.TOTL.ZG,1985,16.765
TON,FP.CPI.TOTL.ZG,1984,0.106451612903717
TON,FP.CPI.TOTL.ZG,1983,9.81355311787775
TON,FP.CPI.TOTL.ZG,1982,10.8378703800655
TON,FP.CPI.TOTL.ZG,1981,14.8992481203003
TON,FP.CPI.TOTL.ZG,1980,22.3933889164965
TON,FP.CPI.TOTL.ZG,1979,5.46001552795041
TON,FP.CPI.TOTL.ZG,1978,9.58437912111288
TON,FP.CPI.TOTL.ZG,1977,17.5379384484612
TON,FP.CPI.TOTL.ZG,1976,7.10957583547552
TON,FP.CPI.TOTL.ZG,1975,
TON,FP.CPI.TOTL.ZG,1974,
TON,FP.CPI.TOTL.ZG,1973,
TON,FP.CPI.TOTL.ZG,1972,
TON,FP.CPI.TOTL.ZG,1971,
TON,FP.CPI.TOTL.ZG,1970,
TON,FP.CPI.TOTL.ZG,1969,
TON,FP.CPI.TOTL.ZG,1968,
TON,FP.CPI.TOTL.ZG,1967,
TON,FP.CPI.TOTL.ZG,1966,
TON,FP.CPI.TOTL.ZG,1965,
TON,FP.CPI.TOTL.ZG,1964,
TON,FP.CPI.TOTL.ZG,1963,
TON,FP.CPI.TOTL.ZG,1962,
TON,FP.CPI.TOTL.ZG,1961,
TON,FP.CPI.TOTL.ZG,1960,
TTO,FP.CPI.TOTL.ZG,2025,
TTO,FP.CPI.TOTL.ZG,2024,0.526884625776839
TTO,FP.CPI.TOTL.ZG,2023,4.62930242419968
TTO,FP.CPI.TOTL.ZG,2022,5.82838638517959
TTO,FP.CPI.TOTL.ZG,2021,2.05922746915458
TTO,FP.CPI.TOTL.ZG,2020,0.598986330824643
TTO,FP.CPI.TOTL.ZG,2019,1.00054293027237
TTO,FP.CPI.TOTL.ZG,2018,1.01856930188822
TTO,FP.CPI.TOTL.ZG,2017,1.88038440183532
TTO,FP.CPI.TOTL.ZG,2016,3.07066742464024
TTO,FP.CPI.TOTL.ZG,2015,4.66121598098264
TTO,FP.CPI.TOTL.ZG,2014,5.68441814595659
TTO,FP.CPI.TOTL.ZG,2013,5.19981740465611
TTO,FP.CPI.TOTL.ZG,2012,9.26028137068292
TTO,FP.CPI.TOTL.ZG,2011,5.1071328926456
TTO,FP.CPI.TOTL.ZG,2010,10.5492003179988
TTO,FP.CPI.TOTL.ZG,2009,6.97808725251547
TTO,FP.CPI.TOTL.ZG,2008,12.0303445477177
TTO,FP.CPI.TOTL.ZG,2007,7.89438834757299
TTO,FP.CPI.TOTL.ZG,2006,8.32960351465347
TTO,FP.CPI.TOTL.ZG,2005,6.87453459583516
TTO,FP.CPI.TOTL.ZG,2004,3.72154938995965
TTO,FP.CPI.TOTL.ZG,2003,3.8111062439687
TTO,FP.CPI.TOTL.ZG,2002,4.1500586166472
TTO,FP.CPI.TOTL.ZG,2001,5.536653263223
TTO,FP.CPI.TOTL.ZG,2000,3.55541319666877
TTO,FP.CPI.TOTL.ZG,1999,3.43913590881996
TTO,FP.CPI.TOTL.ZG,1998,5.61270907691201
TTO,FP.CPI.TOTL.ZG,1997,3.62607875843081
TTO,FP.CPI.TOTL.ZG,1996,3.40457442819624
TTO,FP.CPI.TOTL.ZG,1995,5.18220539517274
TTO,FP.CPI.TOTL.ZG,1994,8.81469401768106
TTO,FP.CPI.TOTL.ZG,1993,10.835235920852
TTO,FP.CPI.TOTL.ZG,1992,6.43985419198061
TTO,FP.CPI.TOTL.ZG,1991,3.78310214375795
TTO,FP.CPI.TOTL.ZG,1990,11.0644257703083
TTO,FP.CPI.TOTL.ZG,1989,11.4321318133567
TTO,FP.CPI.TOTL.ZG,1988,7.75849206743917
TTO,FP.CPI.TOTL.ZG,1987,10.7518589920742
TTO,FP.CPI.TOTL.ZG,1986,7.69367659323135
TTO,FP.CPI.TOTL.ZG,1985,7.62257405520196
TTO,FP.CPI.TOTL.ZG,1984,13.3347804066324
TTO,FP.CPI.TOTL.ZG,1983,15.1749999993332
TTO,FP.CPI.TOTL.ZG,1982,11.6347629431673
TTO,FP.CPI.TOTL.ZG,1981,14.3318866009395
TTO,FP.CPI.TOTL.ZG,1980,17.4703042795772
TTO,FP.CPI.TOTL.ZG,1979,14.7221703689992
TTO,FP.CPI.TOTL.ZG,1978,10.256586168874
TTO,FP.CPI.TOTL.ZG,1977,11.7448635390942
TTO,FP.CPI.TOTL.ZG,1976,10.6924643577729
TTO,FP.CPI.TOTL.ZG,1975,16.9790604656895
TTO,FP.CPI.TOTL.ZG,1974,22.0249772717617
TTO,FP.CPI.TOTL.ZG,1973,14.810745481571
TTO,FP.CPI.TOTL.ZG,1972,9.30106881253335
TTO,FP.CPI.TOTL.ZG,1971,3.53102076328998
TTO,FP.CPI.TOTL.ZG,1970,2.52390057362692
TTO,FP.CPI.TOTL.ZG,1969,2.43520271601535
TTO,FP.CPI.TOTL.ZG,1968,8.23205200691283
TTO,FP.CPI.TOTL.ZG,1967,2.13625866015493
TTO,FP.CPI.TOTL.ZG,1966,4.0943580499049
TTO,FP.CPI.TOTL.ZG,1965,1.78161798448849
TTO,FP.CPI.TOTL.ZG,1964,0.86379762440665
TTO,FP.CPI.TOTL.ZG,1963,3.76120358491645
TTO,FP.CPI.TOTL.ZG,1962,2.98335256339286
TTO,FP.CPI.TOTL.ZG,1961,1.52275769788992
TTO,FP.CPI.TOTL.ZG,1960,2.08000000007815
TUN,FP.CPI.TOTL.ZG,2025,
TUN,FP.CPI.TOTL.ZG,2024,7.20661657168794
TUN,FP.CPI.TOTL.ZG,2023,9.32899597507865
TUN,FP.CPI.TOTL.ZG,2022,8.30646124447623
TUN,FP.CPI.TOTL.ZG,2021,5.706350208307
TUN,FP.CPI.TOTL.ZG,2020,5.63415115897625
TUN,FP.CPI.TOTL.ZG,2019,6.72007532863799
TUN,FP.CPI.TOTL.ZG,2018,7.30759176031652
TUN,FP.CPI.TOTL.ZG,2017,5.30884839565844
TUN,FP.CPI.TOTL.ZG,2016,3.62939937384381
TUN,FP.CPI.TOTL.ZG,2015,4.437371273215
TUN,FP.CPI.TOTL.ZG,2014,4.62555099534031
TUN,FP.CPI.TOTL.ZG,2013,5.31623531326689
TUN,FP.CPI.TOTL.ZG,2012,4.6118443220664
TUN,FP.CPI.TOTL.ZG,2011,3.24002842009531
TUN,FP.CPI.TOTL.ZG,2010,3.33897963601069
TUN,FP.CPI.TOTL.ZG,2009,3.66490330642919
TUN,FP.CPI.TOTL.ZG,2008,4.34502807623045
TUN,FP.CPI.TOTL.ZG,2007,2.96694432477349
TUN,FP.CPI.TOTL.ZG,2006,3.22525337438917
TUN,FP.CPI.TOTL.ZG,2005,2.01778641357144
TUN,FP.CPI.TOTL.ZG,2004,3.63228004956625
TUN,FP.CPI.TOTL.ZG,2003,2.71259247474352
TUN,FP.CPI.TOTL.ZG,2002,2.72103284850455
TUN,FP.CPI.TOTL.ZG,2001,1.98333333333337
TUN,FP.CPI.TOTL.ZG,2000,2.96230794738605
TUN,FP.CPI.TOTL.ZG,1999,2.6901248581158
TUN,FP.CPI.TOTL.ZG,1998,3.12536579655862
TUN,FP.CPI.TOTL.ZG,1997,3.65202620723071
TUN,FP.CPI.TOTL.ZG,1996,3.72514472690715
TUN,FP.CPI.TOTL.ZG,1995,6.24415028747146
TUN,FP.CPI.TOTL.ZG,1994,4.73323063996595
TUN,FP.CPI.TOTL.ZG,1993,3.9749563191613
TUN,FP.CPI.TOTL.ZG,1992,5.82434514637906
TUN,FP.CPI.TOTL.ZG,1991,8.19371509544085
TUN,FP.CPI.TOTL.ZG,1990,6.54529307282414
TUN,FP.CPI.TOTL.ZG,1989,7.74088603961336
TUN,FP.CPI.TOTL.ZG,1988,7.19696969696955
TUN,FP.CPI.TOTL.ZG,1987,8.2258064516129
TUN,FP.CPI.TOTL.ZG,1986,6.16438356164371
TUN,FP.CPI.TOTL.ZG,1985,7.25436179981635
TUN,FP.CPI.TOTL.ZG,1984,8.9000000000001
TUN,FP.CPI.TOTL.ZG,1983,
TUN,FP.CPI.TOTL.ZG,1982,
TUN,FP.CPI.TOTL.ZG,1981,
TUN,FP.CPI.TOTL.ZG,1980,
TUN,FP.CPI.TOTL.ZG,1979,
TUN,FP.CPI.TOTL.ZG,1978,
TUN,FP.CPI.TOTL.ZG,1977,
TUN,FP.CPI.TOTL.ZG,1976,
TUN,FP.CPI.TOTL.ZG,1975,
TUN,FP.CPI.TOTL.ZG,1974,
TUN,FP.CPI.TOTL.ZG,1973,
TUN,FP.CPI.TOTL.ZG,1972,
TUN,FP.CPI.TOTL.ZG,1971,
TUN,FP.CPI.TOTL.ZG,1970,
TUN,FP.CPI.TOTL.ZG,1969,
TUN,FP.CPI.TOTL.ZG,1968,
TUN,FP.CPI.TOTL.ZG,1967,
TUN,FP.CPI.TOTL.ZG,1966,
TUN,FP.CPI.TOTL.ZG,1965,
TUN,FP.CPI.TOTL.ZG,1964,
TUN,FP.CPI.TOTL.ZG,1963,
TUN,FP.CPI.TOTL.ZG,1962,
TUN,FP.CPI.TOTL.ZG,1961,
TUN,FP.CPI.TOTL.ZG,1960,
TUR,FP.CPI.TOTL.ZG,2025,
TUR,FP.CPI.TOTL.ZG,2024,58.5064507300343
TUR,FP.CPI.TOTL.ZG,2023,53.8594087593315
TUR,FP.CPI.TOTL.ZG,2022,72.3088359891207
TUR,FP.CPI.TOTL.ZG,2021,19.5964926913324
TUR,FP.CPI.TOTL.ZG,2020,12.2789574462574
TUR,FP.CPI.TOTL.ZG,2019,15.1768215720022
TUR,FP.CPI.TOTL.ZG,2018,16.3324638988928
TUR,FP.CPI.TOTL.ZG,2017,11.1443110840765
TUR,FP.CPI.TOTL.ZG,2016,7.7751341532833
TUR,FP.CPI.TOTL.ZG,2015,7.67085364845877
TUR,FP.CPI.TOTL.ZG,2014,8.85457271364324
TUR,FP.CPI.TOTL.ZG,2013,7.49309030547693
TUR,FP.CPI.TOTL.ZG,2012,8.89156996512163
TUR,FP.CPI.TOTL.ZG,2011,6.471879671151
TUR,FP.CPI.TOTL.ZG,2010,8.56644420552976
TUR,FP.CPI.TOTL.ZG,2009,6.25097663090626
TUR,FP.CPI.TOTL.ZG,2008,10.4441283764885
TUR,FP.CPI.TOTL.ZG,2007,8.75618090972639
TUR,FP.CPI.TOTL.ZG,2006,9.59724212288432
TUR,FP.CPI.TOTL.ZG,2005,8.17916036802002
TUR,FP.CPI.TOTL.ZG,2004,8.59826168115272
TUR,FP.CPI.TOTL.ZG,2003,21.6024384490572
TUR,FP.CPI.TOTL.ZG,2002,44.9641209479849
TUR,FP.CPI.TOTL.ZG,2001,54.4001887619075
TUR,FP.CPI.TOTL.ZG,2000,54.9153705812683
TUR,FP.CPI.TOTL.ZG,1999,64.8674876350757
TUR,FP.CPI.TOTL.ZG,1998,84.6413434846315
TUR,FP.CPI.TOTL.ZG,1997,85.669361649978
TUR,FP.CPI.TOTL.ZG,1996,80.4121511388042
TUR,FP.CPI.TOTL.ZG,1995,89.11331722485
TUR,FP.CPI.TOTL.ZG,1994,105.214986469202
TUR,FP.CPI.TOTL.ZG,1993,66.0938429820006
TUR,FP.CPI.TOTL.ZG,1992,70.0761038690372
TUR,FP.CPI.TOTL.ZG,1991,65.9785679918951
TUR,FP.CPI.TOTL.ZG,1990,60.3038691346446
TUR,FP.CPI.TOTL.ZG,1989,63.2725524930958
TUR,FP.CPI.TOTL.ZG,1988,68.8096433837049
TUR,FP.CPI.TOTL.ZG,1987,38.8558434758408
TUR,FP.CPI.TOTL.ZG,1986,34.6100759738745
TUR,FP.CPI.TOTL.ZG,1985,44.9617301528779
TUR,FP.CPI.TOTL.ZG,1984,48.3923231346863
TUR,FP.CPI.TOTL.ZG,1983,31.3902710198445
TUR,FP.CPI.TOTL.ZG,1982,29.1375145022677
TUR,FP.CPI.TOTL.ZG,1981,37.6147825797716
TUR,FP.CPI.TOTL.ZG,1980,94.2608598807591
TUR,FP.CPI.TOTL.ZG,1979,63.5431082506343
TUR,FP.CPI.TOTL.ZG,1978,61.8970444383435
TUR,FP.CPI.TOTL.ZG,1977,25.9853378650601
TUR,FP.CPI.TOTL.ZG,1976,17.4556893891338
TUR,FP.CPI.TOTL.ZG,1975,21.2273552385836
TUR,FP.CPI.TOTL.ZG,1974,23.8981615766704
TUR,FP.CPI.TOTL.ZG,1973,13.9381652448957
TUR,FP.CPI.TOTL.ZG,1972,15.4164557223962
TUR,FP.CPI.TOTL.ZG,1971,19.0114086837676
TUR,FP.CPI.TOTL.ZG,1970,7.92395208301997
TUR,FP.CPI.TOTL.ZG,1969,4.92419394498303
TUR,FP.CPI.TOTL.ZG,1968,6.04623966197402
TUR,FP.CPI.TOTL.ZG,1967,13.9748929481675
TUR,FP.CPI.TOTL.ZG,1966,8.47199621539219
TUR,FP.CPI.TOTL.ZG,1965,4.55553368394821
TUR,FP.CPI.TOTL.ZG,1964,1.11963781543123
TUR,FP.CPI.TOTL.ZG,1963,6.36270692832308
TUR,FP.CPI.TOTL.ZG,1962,3.88832025146507
TUR,FP.CPI.TOTL.ZG,1961,3.17285699708263
TUR,FP.CPI.TOTL.ZG,1960,5.66473988439306
TKM,FP.CPI.TOTL.ZG,2025,
TKM,FP.CPI.TOTL.ZG,2024,
TKM,FP.CPI.TOTL.ZG,2023,
TKM,FP.CPI.TOTL.ZG,2022,
TKM,FP.CPI.TOTL.ZG,2021,
TKM,FP.CPI.TOTL.ZG,2020,
TKM,FP.CPI.TOTL.ZG,2019,
TKM,FP.CPI.TOTL.ZG,2018,
TKM,FP.CPI.TOTL.ZG,2017,
TKM,FP.CPI.TOTL.ZG,2016,
TKM,FP.CPI.TOTL.ZG,2015,
TKM,FP.CPI.TOTL.ZG,2014,
TKM,FP.CPI.TOTL.ZG,2013,
TKM,FP.CPI.TOTL.ZG,2012,
TKM,FP.CPI.TOTL.ZG,2011,
TKM,FP.CPI.TOTL.ZG,2010,
TKM,FP.CPI.TOTL.ZG,2009,
TKM,FP.CPI.TOTL.ZG,2008,
TKM,FP.CPI.TOTL.ZG,2007,
TKM,FP.CPI.TOTL.ZG,2006,
TKM,FP.CPI.TOTL.ZG,2005,
TKM,FP.CPI.TOTL.ZG,2004,
TKM,FP.CPI.TOTL.ZG,2003,
TKM,FP.CPI.TOTL.ZG,2002,
TKM,FP.CPI.TOTL.ZG,2001,
TKM,FP.CPI.TOTL.ZG,2000,
TKM,FP.CPI.TOTL.ZG,1999,
TKM,FP.CPI.TOTL.ZG,1998,
TKM,FP.CPI.TOTL.ZG,1997,
TKM,FP.CPI.TOTL.ZG,1996,
TKM,FP.CPI.TOTL.ZG,1995,
TKM,FP.CPI.TOTL.ZG,1994,
TKM,FP.CPI.TOTL.ZG,1993,
TKM,FP.CPI.TOTL.ZG,1992,
TKM,FP.CPI.TOTL.ZG,1991,
TKM,FP.CPI.TOTL.ZG,1990,
TKM,FP.CPI.TOTL.ZG,1989,
TKM,FP.CPI.TOTL.ZG,1988,
TKM,FP.CPI.TOTL.ZG,1987,
TKM,FP.CPI.TOTL.ZG,1986,
TKM,FP.CPI.TOTL.ZG,1985,
TKM,FP.CPI.TOTL.ZG,1984,
TKM,FP.CPI.TOTL.ZG,1983,
TKM,FP.CPI.TOTL.ZG,1982,
TKM,FP.CPI.TOTL.ZG,1981,
TKM,FP.CPI.TOTL.ZG,1980,
TKM,FP.CPI.TOTL.ZG,1979,
TKM,FP.CPI.TOTL.ZG,1978,
TKM,FP.CPI.TOTL.ZG,1977,
TKM,FP.CPI.TOTL.ZG,1976,
TKM,FP.CPI.TOTL.ZG,1975,
TKM,FP.CPI.TOTL.ZG,1974,
TKM,FP.CPI.TOTL.ZG,1973,
TKM,FP.CPI.TOTL.ZG,1972,
TKM,FP.CPI.TOTL.ZG,1971,
TKM,FP.CPI.TOTL.ZG,1970,
TKM,FP.CPI.TOTL.ZG,1969,
TKM,FP.CPI.TOTL.ZG,1968,
TKM,FP.CPI.TOTL.ZG,1967,
TKM,FP.CPI.TOTL.ZG,1966,
TKM,FP.CPI.TOTL.ZG,1965,
TKM,FP.CPI.TOTL.ZG,1964,
TKM,FP.CPI.TOTL.ZG,1963,
TKM,FP.CPI.TOTL.ZG,1962,
TKM,FP.CPI.TOTL.ZG,1961,
TKM,FP.CPI.TOTL.ZG,1960,
TCA,FP.CPI.TOTL.ZG,2025,
TCA,FP.CPI.TOTL.ZG,2024,
TCA,FP.CPI.TOTL.ZG,2023,
TCA,FP.CPI.TOTL.ZG,2022,
TCA,FP.CPI.TOTL.ZG,2021,
TCA,FP.CPI.TOTL.ZG,2020,
TCA,FP.CPI.TOTL.ZG,2019,
TCA,FP.CPI.TOTL.ZG,2018,
TCA,FP.CPI.TOTL.ZG,2017,
TCA,FP.CPI.TOTL.ZG,2016,
TCA,FP.CPI.TOTL.ZG,2015,
TCA,FP.CPI.TOTL.ZG,2014,
TCA,FP.CPI.TOTL.ZG,2013,
TCA,FP.CPI.TOTL.ZG,2012,
TCA,FP.CPI.TOTL.ZG,2011,
TCA,FP.CPI.TOTL.ZG,2010,
TCA,FP.CPI.TOTL.ZG,2009,
TCA,FP.CPI.TOTL.ZG,2008,
TCA,FP.CPI.TOTL.ZG,2007,
TCA,FP.CPI.TOTL.ZG,2006,
TCA,FP.CPI.TOTL.ZG,2005,
TCA,FP.CPI.TOTL.ZG,2004,
TCA,FP.CPI.TOTL.ZG,2003,
TCA,FP.CPI.TOTL.ZG,2002,
TCA,FP.CPI.TOTL.ZG,2001,
TCA,FP.CPI.TOTL.ZG,2000,
TCA,FP.CPI.TOTL.ZG,1999,
TCA,FP.CPI.TOTL.ZG,1998,
TCA,FP.CPI.TOTL.ZG,1997,
TCA,FP.CPI.TOTL.ZG,1996,
TCA,FP.CPI.TOTL.ZG,1995,
TCA,FP.CPI.TOTL.ZG,1994,
TCA,FP.CPI.TOTL.ZG,1993,
TCA,FP.CPI.TOTL.ZG,1992,
TCA,FP.CPI.TOTL.ZG,1991,
TCA,FP.CPI.TOTL.ZG,1990,
TCA,FP.CPI.TOTL.ZG,1989,
TCA,FP.CPI.TOTL.ZG,1988,
TCA,FP.CPI.TOTL.ZG,1987,
TCA,FP.CPI.TOTL.ZG,1986,
TCA,FP.CPI.TOTL.ZG,1985,
TCA,FP.CPI.TOTL.ZG,1984,
TCA,FP.CPI.TOTL.ZG,1983,
TCA,FP.CPI.TOTL.ZG,1982,
TCA,FP.CPI.TOTL.ZG,1981,
TCA,FP.CPI.TOTL.ZG,1980,
TCA,FP.CPI.TOTL.ZG,1979,
TCA,FP.CPI.TOTL.ZG,1978,
TCA,FP.CPI.TOTL.ZG,1977,
TCA,FP.CPI.TOTL.ZG,1976,
TCA,FP.CPI.TOTL.ZG,1975,
TCA,FP.CPI.TOTL.ZG,1974,
TCA,FP.CPI.TOTL.ZG,1973,
TCA,FP.CPI.TOTL.ZG,1972,
TCA,FP.CPI.TOTL.ZG,1971,
TCA,FP.CPI.TOTL.ZG,1970,
TCA,FP.CPI.TOTL.ZG,1969,
TCA,FP.CPI.TOTL.ZG,1968,
TCA,FP.CPI.TOTL.ZG,1967,
TCA,FP.CPI.TOTL.ZG,1966,
TCA,FP.CPI.TOTL.ZG,1965,
TCA,FP.CPI.TOTL.ZG,1964,
TCA,FP.CPI.TOTL.ZG,1963,
TCA,FP.CPI.TOTL.ZG,1962,
TCA,FP.CPI.TOTL.ZG,1961,
TCA,FP.CPI.TOTL.ZG,1960,
TUV,FP.CPI.TOTL.ZG,2025,
TUV,FP.CPI.TOTL.ZG,2024,
TUV,FP.CPI.TOTL.ZG,2023,
TUV,FP.CPI.TOTL.ZG,2022,
TUV,FP.CPI.TOTL.ZG,2021,
TUV,FP.CPI.TOTL.ZG,2020,
TUV,FP.CPI.TOTL.ZG,2019,
TUV,FP.CPI.TOTL.ZG,2018,
TUV,FP.CPI.TOTL.ZG,2017,
TUV,FP.CPI.TOTL.ZG,2016,
TUV,FP.CPI.TOTL.ZG,2015,
TUV,FP.CPI.TOTL.ZG,2014,
TUV,FP.CPI.TOTL.ZG,2013,
TUV,FP.CPI.TOTL.ZG,2012,
TUV,FP.CPI.TOTL.ZG,2011,0.5005807431527
TUV,FP.CPI.TOTL.ZG,2010,
TUV,FP.CPI.TOTL.ZG,2009,
TUV,FP.CPI.TOTL.ZG,2008,
TUV,FP.CPI.TOTL.ZG,2007,
TUV,FP.CPI.TOTL.ZG,2006,
TUV,FP.CPI.TOTL.ZG,2005,
TUV,FP.CPI.TOTL.ZG,2004,
TUV,FP.CPI.TOTL.ZG,2003,
TUV,FP.CPI.TOTL.ZG,2002,
TUV,FP.CPI.TOTL.ZG,2001,
TUV,FP.CPI.TOTL.ZG,2000,
TUV,FP.CPI.TOTL.ZG,1999,
TUV,FP.CPI.TOTL.ZG,1998,
TUV,FP.CPI.TOTL.ZG,1997,
TUV,FP.CPI.TOTL.ZG,1996,
TUV,FP.CPI.TOTL.ZG,1995,
TUV,FP.CPI.TOTL.ZG,1994,
TUV,FP.CPI.TOTL.ZG,1993,
TUV,FP.CPI.TOTL.ZG,1992,
TUV,FP.CPI.TOTL.ZG,1991,
TUV,FP.CPI.TOTL.ZG,1990,
TUV,FP.CPI.TOTL.ZG,1989,
TUV,FP.CPI.TOTL.ZG,1988,
TUV,FP.CPI.TOTL.ZG,1987,
TUV,FP.CPI.TOTL.ZG,1986,
TUV,FP.CPI.TOTL.ZG,1985,
TUV,FP.CPI.TOTL.ZG,1984,
TUV,FP.CPI.TOTL.ZG,1983,
TUV,FP.CPI.TOTL.ZG,1982,
TUV,FP.CPI.TOTL.ZG,1981,
TUV,FP.CPI.TOTL.ZG,1980,
TUV,FP.CPI.TOTL.ZG,1979,
TUV,FP.CPI.TOTL.ZG,1978,
TUV,FP.CPI.TOTL.ZG,1977,
TUV,FP.CPI.TOTL.ZG,1976,
TUV,FP.CPI.TOTL.ZG,1975,
TUV,FP.CPI.TOTL.ZG,1974,
TUV,FP.CPI.TOTL.ZG,1973,
TUV,FP.CPI.TOTL.ZG,1972,
TUV,FP.CPI.TOTL.ZG,1971,
TUV,FP.CPI.TOTL.ZG,1970,
TUV,FP.CPI.TOTL.ZG,1969,
TUV,FP.CPI.TOTL.ZG,1968,
TUV,FP.CPI.TOTL.ZG,1967,
TUV,FP.CPI.TOTL.ZG,1966,
TUV,FP.CPI.TOTL.ZG,1965,
TUV,FP.CPI.TOTL.ZG,1964,
TUV,FP.CPI.TOTL.ZG,1963,
TUV,FP.CPI.TOTL.ZG,1962,
TUV,FP.CPI.TOTL.ZG,1961,
TUV,FP.CPI.TOTL.ZG,1960,
UGA,FP.CPI.TOTL.ZG,2025,
UGA,FP.CPI.TOTL.ZG,2024,3.3233806708656
UGA,FP.CPI.TOTL.ZG,2023,5.35094804280395
UGA,FP.CPI.TOTL.ZG,2022,7.1957888597581
UGA,FP.CPI.TOTL.ZG,2021,2.20457204757414
UGA,FP.CPI.TOTL.ZG,2020,3.31332289544502
UGA,FP.CPI.TOTL.ZG,2019,2.867588034469
UGA,FP.CPI.TOTL.ZG,2018,2.61601190952274
UGA,FP.CPI.TOTL.ZG,2017,5.20971705914209
UGA,FP.CPI.TOTL.ZG,2016,5.70637504616212
UGA,FP.CPI.TOTL.ZG,2015,5.58968606251725
UGA,FP.CPI.TOTL.ZG,2014,3.07570668958641
UGA,FP.CPI.TOTL.ZG,2013,4.90520875694557
UGA,FP.CPI.TOTL.ZG,2012,12.6790377224659
UGA,FP.CPI.TOTL.ZG,2011,16.5643496174515
UGA,FP.CPI.TOTL.ZG,2010,3.97655288478168
UGA,FP.CPI.TOTL.ZG,2009,13.0172561889185
UGA,FP.CPI.TOTL.ZG,2008,12.0508555482886
UGA,FP.CPI.TOTL.ZG,2007,6.1385108328505
UGA,FP.CPI.TOTL.ZG,2006,7.31067613561864
UGA,FP.CPI.TOTL.ZG,2005,8.44872642299532
UGA,FP.CPI.TOTL.ZG,2004,3.72128743978228
UGA,FP.CPI.TOTL.ZG,2003,8.68047651566884
UGA,FP.CPI.TOTL.ZG,2002,-0.287508511765196
UGA,FP.CPI.TOTL.ZG,2001,1.86512524084773
UGA,FP.CPI.TOTL.ZG,2000,3.39202158512998
UGA,FP.CPI.TOTL.ZG,1999,5.77736898687895
UGA,FP.CPI.TOTL.ZG,1998,0.0688041719983172
UGA,FP.CPI.TOTL.ZG,1997,8.16902144106963
UGA,FP.CPI.TOTL.ZG,1996,7.19164660433344
UGA,FP.CPI.TOTL.ZG,1995,6.55014018970371
UGA,FP.CPI.TOTL.ZG,1994,10.0367598792175
UGA,FP.CPI.TOTL.ZG,1993,
UGA,FP.CPI.TOTL.ZG,1992,
UGA,FP.CPI.TOTL.ZG,1991,
UGA,FP.CPI.TOTL.ZG,1990,
UGA,FP.CPI.TOTL.ZG,1989,
UGA,FP.CPI.TOTL.ZG,1988,
UGA,FP.CPI.TOTL.ZG,1987,
UGA,FP.CPI.TOTL.ZG,1986,
UGA,FP.CPI.TOTL.ZG,1985,
UGA,FP.CPI.TOTL.ZG,1984,
UGA,FP.CPI.TOTL.ZG,1983,
UGA,FP.CPI.TOTL.ZG,1982,
UGA,FP.CPI.TOTL.ZG,1981,
UGA,FP.CPI.TOTL.ZG,1980,
UGA,FP.CPI.TOTL.ZG,1979,
UGA,FP.CPI.TOTL.ZG,1978,
UGA,FP.CPI.TOTL.ZG,1977,
UGA,FP.CPI.TOTL.ZG,1976,
UGA,FP.CPI.TOTL.ZG,1975,
UGA,FP.CPI.TOTL.ZG,1974,
UGA,FP.CPI.TOTL.ZG,1973,
UGA,FP.CPI.TOTL.ZG,1972,
UGA,FP.CPI.TOTL.ZG,1971,
UGA,FP.CPI.TOTL.ZG,1970,
UGA,FP.CPI.TOTL.ZG,1969,
UGA,FP.CPI.TOTL.ZG,1968,
UGA,FP.CPI.TOTL.ZG,1967,
UGA,FP.CPI.TOTL.ZG,1966,
UGA,FP.CPI.TOTL.ZG,1965,
UGA,FP.CPI.TOTL.ZG,1964,
UGA,FP.CPI.TOTL.ZG,1963,
UGA,FP.CPI.TOTL.ZG,1962,
UGA,FP.CPI.TOTL.ZG,1961,
UGA,FP.CPI.TOTL.ZG,1960,
UKR,FP.CPI.TOTL.ZG,2025,
UKR,FP.CPI.TOTL.ZG,2024,6.50198464669254
UKR,FP.CPI.TOTL.ZG,2023,12.8490222828559
UKR,FP.CPI.TOTL.ZG,2022,20.1836366617478
UKR,FP.CPI.TOTL.ZG,2021,9.36313917695223
UKR,FP.CPI.TOTL.ZG,2020,2.73249209419427
UKR,FP.CPI.TOTL.ZG,2019,7.88671745611133
UKR,FP.CPI.TOTL.ZG,2018,10.9518559353178
UKR,FP.CPI.TOTL.ZG,2017,14.4383227488749
UKR,FP.CPI.TOTL.ZG,2016,13.9127101997797
UKR,FP.CPI.TOTL.ZG,2015,48.6998646434424
UKR,FP.CPI.TOTL.ZG,2014,12.0718562874251
UKR,FP.CPI.TOTL.ZG,2013,-0.238948626045407
UKR,FP.CPI.TOTL.ZG,2012,0.568727971803862
UKR,FP.CPI.TOTL.ZG,2011,7.95572466274652
UKR,FP.CPI.TOTL.ZG,2010,9.37293105078978
UKR,FP.CPI.TOTL.ZG,2009,15.8811924594476
UKR,FP.CPI.TOTL.ZG,2008,25.226461707384
UKR,FP.CPI.TOTL.ZG,2007,12.8387796190181
UKR,FP.CPI.TOTL.ZG,2006,9.05252491133248
UKR,FP.CPI.TOTL.ZG,2005,13.5695764909248
UKR,FP.CPI.TOTL.ZG,2004,9.04806786050888
UKR,FP.CPI.TOTL.ZG,2003,5.17967781908315
UKR,FP.CPI.TOTL.ZG,2002,0.75742084639286
UKR,FP.CPI.TOTL.ZG,2001,11.9588085390459
UKR,FP.CPI.TOTL.ZG,2000,28.2030972388552
UKR,FP.CPI.TOTL.ZG,1999,22.6836718061345
UKR,FP.CPI.TOTL.ZG,1998,10.5771611482514
UKR,FP.CPI.TOTL.ZG,1997,15.940599414943
UKR,FP.CPI.TOTL.ZG,1996,80.3255014551742
UKR,FP.CPI.TOTL.ZG,1995,376.746174768209
UKR,FP.CPI.TOTL.ZG,1994,891.187748133705
UKR,FP.CPI.TOTL.ZG,1993,4734.91434744585
UKR,FP.CPI.TOTL.ZG,1992,
UKR,FP.CPI.TOTL.ZG,1991,
UKR,FP.CPI.TOTL.ZG,1990,
UKR,FP.CPI.TOTL.ZG,1989,
UKR,FP.CPI.TOTL.ZG,1988,
UKR,FP.CPI.TOTL.ZG,1987,
UKR,FP.CPI.TOTL.ZG,1986,
UKR,FP.CPI.TOTL.ZG,1985,
UKR,FP.CPI.TOTL.ZG,1984,
UKR,FP.CPI.TOTL.ZG,1983,
UKR,FP.CPI.TOTL.ZG,1982,
UKR,FP.CPI.TOTL.ZG,1981,
UKR,FP.CPI.TOTL.ZG,1980,
UKR,FP.CPI.TOTL.ZG,1979,
UKR,FP.CPI.TOTL.ZG,1978,
UKR,FP.CPI.TOTL.ZG,1977,
UKR,FP.CPI.TOTL.ZG,1976,
UKR,FP.CPI.TOTL.ZG,1975,
UKR,FP.CPI.TOTL.ZG,1974,
UKR,FP.CPI.TOTL.ZG,1973,
UKR,FP.CPI.TOTL.ZG,1972,
UKR,FP.CPI.TOTL.ZG,1971,
UKR,FP.CPI.TOTL.ZG,1970,
UKR,FP.CPI.TOTL.ZG,1969,
UKR,FP.CPI.TOTL.ZG,1968,
UKR,FP.CPI.TOTL.ZG,1967,
UKR,FP.CPI.TOTL.ZG,1966,
UKR,FP.CPI.TOTL.ZG,1965,
UKR,FP.CPI.TOTL.ZG,1964,
UKR,FP.CPI.TOTL.ZG,1963,
UKR,FP.CPI.TOTL.ZG,1962,
UKR,FP.CPI.TOTL.ZG,1961,
UKR,FP.CPI.TOTL.ZG,1960,
ARE,FP.CPI.TOTL.ZG,2025,
ARE,FP.CPI.TOTL.ZG,2024,1.66336510224894
ARE,FP.CPI.TOTL.ZG,2023,1.62670837213248
ARE,FP.CPI.TOTL.ZG,2022,5.29122604376849
ARE,FP.CPI.TOTL.ZG,2021,0.179935336174431
ARE,FP.CPI.TOTL.ZG,2020,-2.07940317940944
ARE,FP.CPI.TOTL.ZG,2019,-1.93108114782173
ARE,FP.CPI.TOTL.ZG,2018,3.06863379251997
ARE,FP.CPI.TOTL.ZG,2017,1.96682557818842
ARE,FP.CPI.TOTL.ZG,2016,1.61748808904198
ARE,FP.CPI.TOTL.ZG,2015,4.06996608361593
ARE,FP.CPI.TOTL.ZG,2014,2.34626865671643
ARE,FP.CPI.TOTL.ZG,2013,1.1011183637571
ARE,FP.CPI.TOTL.ZG,2012,0.662268900269009
ARE,FP.CPI.TOTL.ZG,2011,0.87734659568512
ARE,FP.CPI.TOTL.ZG,2010,0.877983288285867
ARE,FP.CPI.TOTL.ZG,2009,1.5618131744907
ARE,FP.CPI.TOTL.ZG,2008,12.2504202448139
ARE,FP.CPI.TOTL.ZG,2007,
ARE,FP.CPI.TOTL.ZG,2006,
ARE,FP.CPI.TOTL.ZG,2005,
ARE,FP.CPI.TOTL.ZG,2004,
ARE,FP.CPI.TOTL.ZG,2003,
ARE,FP.CPI.TOTL.ZG,2002,
ARE,FP.CPI.TOTL.ZG,2001,
ARE,FP.CPI.TOTL.ZG,2000,
ARE,FP.CPI.TOTL.ZG,1999,
ARE,FP.CPI.TOTL.ZG,1998,
ARE,FP.CPI.TOTL.ZG,1997,
ARE,FP.CPI.TOTL.ZG,1996,
ARE,FP.CPI.TOTL.ZG,1995,
ARE,FP.CPI.TOTL.ZG,1994,
ARE,FP.CPI.TOTL.ZG,1993,
ARE,FP.CPI.TOTL.ZG,1992,
ARE,FP.CPI.TOTL.ZG,1991,
ARE,FP.CPI.TOTL.ZG,1990,
ARE,FP.CPI.TOTL.ZG,1989,
ARE,FP.CPI.TOTL.ZG,1988,
ARE,FP.CPI.TOTL.ZG,1987,
ARE,FP.CPI.TOTL.ZG,1986,
ARE,FP.CPI.TOTL.ZG,1985,
ARE,FP.CPI.TOTL.ZG,1984,
ARE,FP.CPI.TOTL.ZG,1983,
ARE,FP.CPI.TOTL.ZG,1982,
ARE,FP.CPI.TOTL.ZG,1981,
ARE,FP.CPI.TOTL.ZG,1980,
ARE,FP.CPI.TOTL.ZG,1979,
ARE,FP.CPI.TOTL.ZG,1978,
ARE,FP.CPI.TOTL.ZG,1977,
ARE,FP.CPI.TOTL.ZG,1976,
ARE,FP.CPI.TOTL.ZG,1975,
ARE,FP.CPI.TOTL.ZG,1974,
ARE,FP.CPI.TOTL.ZG,1973,
ARE,FP.CPI.TOTL.ZG,1972,
ARE,FP.CPI.TOTL.ZG,1971,
ARE,FP.CPI.TOTL.ZG,1970,
ARE,FP.CPI.TOTL.ZG,1969,
ARE,FP.CPI.TOTL.ZG,1968,
ARE,FP.CPI.TOTL.ZG,1967,
ARE,FP.CPI.TOTL.ZG,1966,
ARE,FP.CPI.TOTL.ZG,1965,
ARE,FP.CPI.TOTL.ZG,1964,
ARE,FP.CPI.TOTL.ZG,1963,
ARE,FP.CPI.TOTL.ZG,1962,
ARE,FP.CPI.TOTL.ZG,1961,
ARE,FP.CPI.TOTL.ZG,1960,
GBR,FP.CPI.TOTL.ZG,2025,
GBR,FP.CPI.TOTL.ZG,2024,3.2715729463592
GBR,FP.CPI.TOTL.ZG,2023,6.79396706793963
GBR,FP.CPI.TOTL.ZG,2022,7.92204883147902
GBR,FP.CPI.TOTL.ZG,2021,2.51837109614213
GBR,FP.CPI.TOTL.ZG,2020,0.989486703772491
GBR,FP.CPI.TOTL.ZG,2019,1.73810460086513
GBR,FP.CPI.TOTL.ZG,2018,2.29283990345938
GBR,FP.CPI.TOTL.ZG,2017,2.55775577557747
GBR,FP.CPI.TOTL.ZG,2016,1.0084173681141
GBR,FP.CPI.TOTL.ZG,2015,0.36804684232536
GBR,FP.CPI.TOTL.ZG,2014,1.45112016293279
GBR,FP.CPI.TOTL.ZG,2013,2.29166666666659
GBR,FP.CPI.TOTL.ZG,2012,2.5732347965453
GBR,FP.CPI.TOTL.ZG,2011,3.8561124468282
GBR,FP.CPI.TOTL.ZG,2010,2.49265472467065
GBR,FP.CPI.TOTL.ZG,2009,1.96173173560109
GBR,FP.CPI.TOTL.ZG,2008,3.52140856342539
GBR,FP.CPI.TOTL.ZG,2007,2.38656150773327
GBR,FP.CPI.TOTL.ZG,2006,2.4556616643929
GBR,FP.CPI.TOTL.ZG,2005,2.0891364902507
GBR,FP.CPI.TOTL.ZG,2004,1.39039756680422
GBR,FP.CPI.TOTL.ZG,2003,1.37650038542013
GBR,FP.CPI.TOTL.ZG,2002,1.52040245947455
GBR,FP.CPI.TOTL.ZG,2001,1.53234960272418
GBR,FP.CPI.TOTL.ZG,2000,1.18295624210408
GBR,FP.CPI.TOTL.ZG,1999,1.7529508005142
GBR,FP.CPI.TOTL.ZG,1998,1.82056163731557
GBR,FP.CPI.TOTL.ZG,1997,2.20114313510882
GBR,FP.CPI.TOTL.ZG,1996,2.85178236397749
GBR,FP.CPI.TOTL.ZG,1995,2.69749518304432
GBR,FP.CPI.TOTL.ZG,1994,2.21901260504205
GBR,FP.CPI.TOTL.ZG,1993,2.55857796929705
GBR,FP.CPI.TOTL.ZG,1992,4.59154929577461
GBR,FP.CPI.TOTL.ZG,1991,7.46178295746934
GBR,FP.CPI.TOTL.ZG,1990,8.06346090938833
GBR,FP.CPI.TOTL.ZG,1989,5.76024909185262
GBR,FP.CPI.TOTL.ZG,1988,4.15535171583102
GBR,FP.CPI.TOTL.ZG,1987,4.14892232052945
GBR,FP.CPI.TOTL.ZG,1986,3.42760940369314
GBR,FP.CPI.TOTL.ZG,1985,6.07139434015119
GBR,FP.CPI.TOTL.ZG,1984,4.96071097821927
GBR,FP.CPI.TOTL.ZG,1983,4.60930327269779
GBR,FP.CPI.TOTL.ZG,1982,8.59886383332186
GBR,FP.CPI.TOTL.ZG,1981,11.8766265142296
GBR,FP.CPI.TOTL.ZG,1980,17.9659242656857
GBR,FP.CPI.TOTL.ZG,1979,13.4212799774012
GBR,FP.CPI.TOTL.ZG,1978,8.26314103860768
GBR,FP.CPI.TOTL.ZG,1977,15.8402667458768
GBR,FP.CPI.TOTL.ZG,1976,16.5595225588084
GBR,FP.CPI.TOTL.ZG,1975,24.2072876743291
GBR,FP.CPI.TOTL.ZG,1974,16.0440111889861
GBR,FP.CPI.TOTL.ZG,1973,9.19603316657812
GBR,FP.CPI.TOTL.ZG,1972,7.07109839479797
GBR,FP.CPI.TOTL.ZG,1971,9.44483742337133
GBR,FP.CPI.TOTL.ZG,1970,6.36656841727441
GBR,FP.CPI.TOTL.ZG,1969,5.44666363048887
GBR,FP.CPI.TOTL.ZG,1968,4.69742798827245
GBR,FP.CPI.TOTL.ZG,1967,2.48211560474804
GBR,FP.CPI.TOTL.ZG,1966,3.90961779211889
GBR,FP.CPI.TOTL.ZG,1965,4.77377455386914
GBR,FP.CPI.TOTL.ZG,1964,3.28158694697213
GBR,FP.CPI.TOTL.ZG,1963,2.01854355976229
GBR,FP.CPI.TOTL.ZG,1962,4.19649888238551
GBR,FP.CPI.TOTL.ZG,1961,3.4474962304662
GBR,FP.CPI.TOTL.ZG,1960,1.00357570390172
USA,FP.CPI.TOTL.ZG,2025,
USA,FP.CPI.TOTL.ZG,2024,2.94952520485207
USA,FP.CPI.TOTL.ZG,2023,4.11633838374488
USA,FP.CPI.TOTL.ZG,2022,8.00279982052121
USA,FP.CPI.TOTL.ZG,2021,4.69785886363742
USA,FP.CPI.TOTL.ZG,2020,1.23358439630629
USA,FP.CPI.TOTL.ZG,2019,1.81221007526021
USA,FP.CPI.TOTL.ZG,2018,2.44258329692817
USA,FP.CPI.TOTL.ZG,2017,2.13011000365961
USA,FP.CPI.TOTL.ZG,2016,1.26158320570536
USA,FP.CPI.TOTL.ZG,2015,0.118627135552451
USA,FP.CPI.TOTL.ZG,2014,1.62222297740817
USA,FP.CPI.TOTL.ZG,2013,1.46483265562717
USA,FP.CPI.TOTL.ZG,2012,2.06933726526067
USA,FP.CPI.TOTL.ZG,2011,3.156841568622
USA,FP.CPI.TOTL.ZG,2010,1.6400434423899
USA,FP.CPI.TOTL.ZG,2009,-0.355546266299747
USA,FP.CPI.TOTL.ZG,2008,3.839100296651
USA,FP.CPI.TOTL.ZG,2007,2.85267248150138
USA,FP.CPI.TOTL.ZG,2006,3.22594410070404
USA,FP.CPI.TOTL.ZG,2005,3.3927468454955
USA,FP.CPI.TOTL.ZG,2004,2.67723669309172
USA,FP.CPI.TOTL.ZG,2003,2.27009497336115
USA,FP.CPI.TOTL.ZG,2002,1.58603162650601
USA,FP.CPI.TOTL.ZG,2001,2.82617111885407
USA,FP.CPI.TOTL.ZG,2000,3.37685727149929
USA,FP.CPI.TOTL.ZG,1999,2.18802719697358
USA,FP.CPI.TOTL.ZG,1998,1.55227909874364
USA,FP.CPI.TOTL.ZG,1997,2.33768993730735
USA,FP.CPI.TOTL.ZG,1996,2.93120419993441
USA,FP.CPI.TOTL.ZG,1995,2.80541968853662
USA,FP.CPI.TOTL.ZG,1994,2.60744159215453
USA,FP.CPI.TOTL.ZG,1993,2.95165696638559
USA,FP.CPI.TOTL.ZG,1992,3.02881967814969
USA,FP.CPI.TOTL.ZG,1991,4.23496396453849
USA,FP.CPI.TOTL.ZG,1990,5.39795643990325
USA,FP.CPI.TOTL.ZG,1989,4.82700303008944
USA,FP.CPI.TOTL.ZG,1988,4.07774110744413
USA,FP.CPI.TOTL.ZG,1987,3.6645632175169
USA,FP.CPI.TOTL.ZG,1986,1.89804772234276
USA,FP.CPI.TOTL.ZG,1985,3.54564415209365
USA,FP.CPI.TOTL.ZG,1984,4.30053547523429
USA,FP.CPI.TOTL.ZG,1983,3.21243523316065
USA,FP.CPI.TOTL.ZG,1982,6.13142700027493
USA,FP.CPI.TOTL.ZG,1981,10.3347153402771
USA,FP.CPI.TOTL.ZG,1980,13.5492019749684
USA,FP.CPI.TOTL.ZG,1979,11.2544711292795
USA,FP.CPI.TOTL.ZG,1978,7.63096383885606
USA,FP.CPI.TOTL.ZG,1977,6.5016839947284
USA,FP.CPI.TOTL.ZG,1976,5.74481263549085
USA,FP.CPI.TOTL.ZG,1975,9.14314686496535
USA,FP.CPI.TOTL.ZG,1974,11.0548048048048
USA,FP.CPI.TOTL.ZG,1973,6.17776006377038
USA,FP.CPI.TOTL.ZG,1972,3.27227824655283
USA,FP.CPI.TOTL.ZG,1971,4.29276668813051
USA,FP.CPI.TOTL.ZG,1970,5.83825533848251
USA,FP.CPI.TOTL.ZG,1969,5.46238620028745
USA,FP.CPI.TOTL.ZG,1968,4.27179615288537
USA,FP.CPI.TOTL.ZG,1967,2.77278562259309
USA,FP.CPI.TOTL.ZG,1966,3.0150753768844
USA,FP.CPI.TOTL.ZG,1965,1.58516926383662
USA,FP.CPI.TOTL.ZG,1964,1.27891156462591
USA,FP.CPI.TOTL.ZG,1963,1.23966942148753
USA,FP.CPI.TOTL.ZG,1962,1.19877334820186
USA,FP.CPI.TOTL.ZG,1961,1.07072414764724
USA,FP.CPI.TOTL.ZG,1960,1.45797598627791
URY,FP.CPI.TOTL.ZG,2025,
URY,FP.CPI.TOTL.ZG,2024,4.84914366613156
URY,FP.CPI.TOTL.ZG,2023,5.86910359896119
URY,FP.CPI.TOTL.ZG,2022,9.10437983075437
URY,FP.CPI.TOTL.ZG,2021,7.74791402314762
URY,FP.CPI.TOTL.ZG,2020,9.75640636078194
URY,FP.CPI.TOTL.ZG,2019,7.88198870879619
URY,FP.CPI.TOTL.ZG,2018,7.60653360377047
URY,FP.CPI.TOTL.ZG,2017,6.2180938256186
URY,FP.CPI.TOTL.ZG,2016,9.6394134763508
URY,FP.CPI.TOTL.ZG,2015,8.66626987079328
URY,FP.CPI.TOTL.ZG,2014,8.87735333229828
URY,FP.CPI.TOTL.ZG,2013,8.57513504005397
URY,FP.CPI.TOTL.ZG,2012,8.09776580573602
URY,FP.CPI.TOTL.ZG,2011,8.0928320630299
URY,FP.CPI.TOTL.ZG,2010,6.69870886978132
URY,FP.CPI.TOTL.ZG,2009,7.06221874388574
URY,FP.CPI.TOTL.ZG,2008,7.87707374730888
URY,FP.CPI.TOTL.ZG,2007,8.11464561179313
URY,FP.CPI.TOTL.ZG,2006,6.39764974385131
URY,FP.CPI.TOTL.ZG,2005,4.6992773903564
URY,FP.CPI.TOTL.ZG,2004,9.15760507540997
URY,FP.CPI.TOTL.ZG,2003,19.3797301743995
URY,FP.CPI.TOTL.ZG,2002,13.9724725913515
URY,FP.CPI.TOTL.ZG,2001,4.3593406521727
URY,FP.CPI.TOTL.ZG,2000,4.76382472733251
URY,FP.CPI.TOTL.ZG,1999,5.65868803927908
URY,FP.CPI.TOTL.ZG,1998,10.8110703055616
URY,FP.CPI.TOTL.ZG,1997,19.8188093183779
URY,FP.CPI.TOTL.ZG,1996,28.3420486004309
URY,FP.CPI.TOTL.ZG,1995,42.2483197983755
URY,FP.CPI.TOTL.ZG,1994,44.7360421521933
URY,FP.CPI.TOTL.ZG,1993,54.1007924425194
URY,FP.CPI.TOTL.ZG,1992,68.4591938395374
URY,FP.CPI.TOTL.ZG,1991,101.971683202507
URY,FP.CPI.TOTL.ZG,1990,112.525905573023
URY,FP.CPI.TOTL.ZG,1989,80.4474367280735
URY,FP.CPI.TOTL.ZG,1988,62.1919564596004
URY,FP.CPI.TOTL.ZG,1987,63.5666624326724
URY,FP.CPI.TOTL.ZG,1986,76.3806364119544
URY,FP.CPI.TOTL.ZG,1985,72.2225644287756
URY,FP.CPI.TOTL.ZG,1984,55.3044235418763
URY,FP.CPI.TOTL.ZG,1983,49.1973796505637
URY,FP.CPI.TOTL.ZG,1982,18.9925012952182
URY,FP.CPI.TOTL.ZG,1981,34.0453358609474
URY,FP.CPI.TOTL.ZG,1980,63.4758304314673
URY,FP.CPI.TOTL.ZG,1979,66.8442861850437
URY,FP.CPI.TOTL.ZG,1978,44.5483436672392
URY,FP.CPI.TOTL.ZG,1977,58.1961750215737
URY,FP.CPI.TOTL.ZG,1976,50.623049560462
URY,FP.CPI.TOTL.ZG,1975,81.4053840067419
URY,FP.CPI.TOTL.ZG,1974,77.213413779201
URY,FP.CPI.TOTL.ZG,1973,96.9972653187058
URY,FP.CPI.TOTL.ZG,1972,76.4849237828812
URY,FP.CPI.TOTL.ZG,1971,23.9530889061731
URY,FP.CPI.TOTL.ZG,1970,16.3061449435998
URY,FP.CPI.TOTL.ZG,1969,20.9666666659998
URY,FP.CPI.TOTL.ZG,1968,125.336991126492
URY,FP.CPI.TOTL.ZG,1967,89.2752972850379
URY,FP.CPI.TOTL.ZG,1966,73.4626932061085
URY,FP.CPI.TOTL.ZG,1965,56.5565565566607
URY,FP.CPI.TOTL.ZG,1964,42.3694157015186
URY,FP.CPI.TOTL.ZG,1963,21.2546957175585
URY,FP.CPI.TOTL.ZG,1962,10.9074243811899
URY,FP.CPI.TOTL.ZG,1961,22.747263986796
URY,FP.CPI.TOTL.ZG,1960,38.5040374002647
UZB,FP.CPI.TOTL.ZG,2025,
UZB,FP.CPI.TOTL.ZG,2024,9.62825465956682
UZB,FP.CPI.TOTL.ZG,2023,9.95659071258018
UZB,FP.CPI.TOTL.ZG,2022,11.4466436998836
UZB,FP.CPI.TOTL.ZG,2021,10.8492397508122
UZB,FP.CPI.TOTL.ZG,2020,12.8677297362606
UZB,FP.CPI.TOTL.ZG,2019,14.5257359560687
UZB,FP.CPI.TOTL.ZG,2018,17.5241796514055
UZB,FP.CPI.TOTL.ZG,2017,13.8757425441635
UZB,FP.CPI.TOTL.ZG,2016,8.130886695236
UZB,FP.CPI.TOTL.ZG,2015,8.75188196737508
UZB,FP.CPI.TOTL.ZG,2014,9.28309356162695
UZB,FP.CPI.TOTL.ZG,2013,11.8414333622049
UZB,FP.CPI.TOTL.ZG,2012,13.2088026688373
UZB,FP.CPI.TOTL.ZG,2011,13.7797446476602
UZB,FP.CPI.TOTL.ZG,2010,
UZB,FP.CPI.TOTL.ZG,2009,
UZB,FP.CPI.TOTL.ZG,2008,
UZB,FP.CPI.TOTL.ZG,2007,
UZB,FP.CPI.TOTL.ZG,2006,
UZB,FP.CPI.TOTL.ZG,2005,
UZB,FP.CPI.TOTL.ZG,2004,
UZB,FP.CPI.TOTL.ZG,2003,
UZB,FP.CPI.TOTL.ZG,2002,
UZB,FP.CPI.TOTL.ZG,2001,
UZB,FP.CPI.TOTL.ZG,2000,
UZB,FP.CPI.TOTL.ZG,1999,
UZB,FP.CPI.TOTL.ZG,1998,
UZB,FP.CPI.TOTL.ZG,1997,
UZB,FP.CPI.TOTL.ZG,1996,
UZB,FP.CPI.TOTL.ZG,1995,
UZB,FP.CPI.TOTL.ZG,1994,
UZB,FP.CPI.TOTL.ZG,1993,
UZB,FP.CPI.TOTL.ZG,1992,
UZB,FP.CPI.TOTL.ZG,1991,
UZB,FP.CPI.TOTL.ZG,1990,
UZB,FP.CPI.TOTL.ZG,1989,
UZB,FP.CPI.TOTL.ZG,1988,
UZB,FP.CPI.TOTL.ZG,1987,
UZB,FP.CPI.TOTL.ZG,1986,
UZB,FP.CPI.TOTL.ZG,1985,
UZB,FP.CPI.TOTL.ZG,1984,
UZB,FP.CPI.TOTL.ZG,1983,
UZB,FP.CPI.TOTL.ZG,1982,
UZB,FP.CPI.TOTL.ZG,1981,
UZB,FP.CPI.TOTL.ZG,1980,
UZB,FP.CPI.TOTL.ZG,1979,
UZB,FP.CPI.TOTL.ZG,1978,
UZB,FP.CPI.TOTL.ZG,1977,
UZB,FP.CPI.TOTL.ZG,1976,
UZB,FP.CPI.TOTL.ZG,1975,
UZB,FP.CPI.TOTL.ZG,1974,
UZB,FP.CPI.TOTL.ZG,1973,
UZB,FP.CPI.TOTL.ZG,1972,
UZB,FP.CPI.TOTL.ZG,1971,
UZB,FP.CPI.TOTL.ZG,1970,
UZB,FP.CPI.TOTL.ZG,1969,
UZB,FP.CPI.TOTL.ZG,1968,
UZB,FP.CPI.TOTL.ZG,1967,
UZB,FP.CPI.TOTL.ZG,1966,
UZB,FP.CPI.TOTL.ZG,1965,
UZB,FP.CPI.TOTL.ZG,1964,
UZB,FP.CPI.TOTL.ZG,1963,
UZB,FP.CPI.TOTL.ZG,1962,
UZB,FP.CPI.TOTL.ZG,1961,
UZB,FP.CPI.TOTL.ZG,1960,
VUT,FP.CPI.TOTL.ZG,2025,
VUT,FP.CPI.TOTL.ZG,2024,
VUT,FP.CPI.TOTL.ZG,2023,11.1825017088175
VUT,FP.CPI.TOTL.ZG,2022,6.67930581887121
VUT,FP.CPI.TOTL.ZG,2021,2.34328358208953
VUT,FP.CPI.TOTL.ZG,2020,5.32935073101715
VUT,FP.CPI.TOTL.ZG,2019,2.76252019386111
VUT,FP.CPI.TOTL.ZG,2018,2.33096379566866
VUT,FP.CPI.TOTL.ZG,2017,3.08452624403546
VUT,FP.CPI.TOTL.ZG,2016,0.842069084035061
VUT,FP.CPI.TOTL.ZG,2015,2.48326875660439
VUT,FP.CPI.TOTL.ZG,2014,0.798863838097023
VUT,FP.CPI.TOTL.ZG,2013,1.45893371757921
VUT,FP.CPI.TOTL.ZG,2012,1.34740362877658
VUT,FP.CPI.TOTL.ZG,2011,0.8737931047811
VUT,FP.CPI.TOTL.ZG,2010,2.76269469477348
VUT,FP.CPI.TOTL.ZG,2009,4.29706572955357
VUT,FP.CPI.TOTL.ZG,2008,4.84171322160149
VUT,FP.CPI.TOTL.ZG,2007,3.93548387096774
VUT,FP.CPI.TOTL.ZG,2006,2.04081632653062
VUT,FP.CPI.TOTL.ZG,2005,1.19920053297801
VUT,FP.CPI.TOTL.ZG,2004,1.41891891891893
VUT,FP.CPI.TOTL.ZG,2003,3.01624129930394
VUT,FP.CPI.TOTL.ZG,2002,1.96356754199195
VUT,FP.CPI.TOTL.ZG,2001,3.57755452095074
VUT,FP.CPI.TOTL.ZG,2000,2.53768844221106
VUT,FP.CPI.TOTL.ZG,1999,1.99897488467452
VUT,FP.CPI.TOTL.ZG,1998,3.28215987294863
VUT,FP.CPI.TOTL.ZG,1997,2.83070223189979
VUT,FP.CPI.TOTL.ZG,1996,0.906344410876219
VUT,FP.CPI.TOTL.ZG,1995,2.22970130416487
VUT,FP.CPI.TOTL.ZG,1994,2.30256079190869
VUT,FP.CPI.TOTL.ZG,1993,3.56585691999116
VUT,FP.CPI.TOTL.ZG,1992,4.0584415584416
VUT,FP.CPI.TOTL.ZG,1991,6.46913580246914
VUT,FP.CPI.TOTL.ZG,1990,4.7594412829797
VUT,FP.CPI.TOTL.ZG,1989,7.74804905239702
VUT,FP.CPI.TOTL.ZG,1988,8.76023037284009
VUT,FP.CPI.TOTL.ZG,1987,16.0393950052762
VUT,FP.CPI.TOTL.ZG,1986,4.76614133197763
VUT,FP.CPI.TOTL.ZG,1985,1.06615285806043
VUT,FP.CPI.TOTL.ZG,1984,5.5164001084304
VUT,FP.CPI.TOTL.ZG,1983,1.65334802976032
VUT,FP.CPI.TOTL.ZG,1982,6.67254556143448
VUT,FP.CPI.TOTL.ZG,1981,26.8456375838928
VUT,FP.CPI.TOTL.ZG,1980,11.2401493156364
VUT,FP.CPI.TOTL.ZG,1979,4.16936703391667
VUT,FP.CPI.TOTL.ZG,1978,6.4137931034485
VUT,FP.CPI.TOTL.ZG,1977,5.73650947982459
VUT,FP.CPI.TOTL.ZG,1976,
VUT,FP.CPI.TOTL.ZG,1975,
VUT,FP.CPI.TOTL.ZG,1974,
VUT,FP.CPI.TOTL.ZG,1973,
VUT,FP.CPI.TOTL.ZG,1972,
VUT,FP.CPI.TOTL.ZG,1971,
VUT,FP.CPI.TOTL.ZG,1970,
VUT,FP.CPI.TOTL.ZG,1969,
VUT,FP.CPI.TOTL.ZG,1968,
VUT,FP.CPI.TOTL.ZG,1967,
VUT,FP.CPI.TOTL.ZG,1966,
VUT,FP.CPI.TOTL.ZG,1965,
VUT,FP.CPI.TOTL.ZG,1964,
VUT,FP.CPI.TOTL.ZG,1963,
VUT,FP.CPI.TOTL.ZG,1962,
VUT,FP.CPI.TOTL.ZG,1961,
VUT,FP.CPI.TOTL.ZG,1960,
VEN,FP.CPI.TOTL.ZG,2025,
VEN,FP.CPI.TOTL.ZG,2024,
VEN,FP.CPI.TOTL.ZG,2023,
VEN,FP.CPI.TOTL.ZG,2022,
VEN,FP.CPI.TOTL.ZG,2021,
VEN,FP.CPI.TOTL.ZG,2020,
VEN,FP.CPI.TOTL.ZG,2019,
VEN,FP.CPI.TOTL.ZG,2018,
VEN,FP.CPI.TOTL.ZG,2017,
VEN,FP.CPI.TOTL.ZG,2016,254.948534781816
VEN,FP.CPI.TOTL.ZG,2015,121.738085297503
VEN,FP.CPI.TOTL.ZG,2014,62.1686499794829
VEN,FP.CPI.TOTL.ZG,2013,40.6394275161589
VEN,FP.CPI.TOTL.ZG,2012,21.0689956331876
VEN,FP.CPI.TOTL.ZG,2011,26.0902123160959
VEN,FP.CPI.TOTL.ZG,2010,28.1874647092039
VEN,FP.CPI.TOTL.ZG,2009,27.080941446613
VEN,FP.CPI.TOTL.ZG,2008,
VEN,FP.CPI.TOTL.ZG,2007,
VEN,FP.CPI.TOTL.ZG,2006,
VEN,FP.CPI.TOTL.ZG,2005,
VEN,FP.CPI.TOTL.ZG,2004,
VEN,FP.CPI.TOTL.ZG,2003,
VEN,FP.CPI.TOTL.ZG,2002,
VEN,FP.CPI.TOTL.ZG,2001,
VEN,FP.CPI.TOTL.ZG,2000,
VEN,FP.CPI.TOTL.ZG,1999,
VEN,FP.CPI.TOTL.ZG,1998,
VEN,FP.CPI.TOTL.ZG,1997,
VEN,FP.CPI.TOTL.ZG,1996,
VEN,FP.CPI.TOTL.ZG,1995,
VEN,FP.CPI.TOTL.ZG,1994,
VEN,FP.CPI.TOTL.ZG,1993,
VEN,FP.CPI.TOTL.ZG,1992,
VEN,FP.CPI.TOTL.ZG,1991,
VEN,FP.CPI.TOTL.ZG,1990,
VEN,FP.CPI.TOTL.ZG,1989,
VEN,FP.CPI.TOTL.ZG,1988,
VEN,FP.CPI.TOTL.ZG,1987,
VEN,FP.CPI.TOTL.ZG,1986,
VEN,FP.CPI.TOTL.ZG,1985,
VEN,FP.CPI.TOTL.ZG,1984,
VEN,FP.CPI.TOTL.ZG,1983,
VEN,FP.CPI.TOTL.ZG,1982,
VEN,FP.CPI.TOTL.ZG,1981,
VEN,FP.CPI.TOTL.ZG,1980,
VEN,FP.CPI.TOTL.ZG,1979,
VEN,FP.CPI.TOTL.ZG,1978,
VEN,FP.CPI.TOTL.ZG,1977,
VEN,FP.CPI.TOTL.ZG,1976,
VEN,FP.CPI.TOTL.ZG,1975,
VEN,FP.CPI.TOTL.ZG,1974,
VEN,FP.CPI.TOTL.ZG,1973,
VEN,FP.CPI.TOTL.ZG,1972,
VEN,FP.CPI.TOTL.ZG,1971,
VEN,FP.CPI.TOTL.ZG,1970,
VEN,FP.CPI.TOTL.ZG,1969,
VEN,FP.CPI.TOTL.ZG,1968,
VEN,FP.CPI.TOTL.ZG,1967,
VEN,FP.CPI.TOTL.ZG,1966,
VEN,FP.CPI.TOTL.ZG,1965,
VEN,FP.CPI.TOTL.ZG,1964,
VEN,FP.CPI.TOTL.ZG,1963,
VEN,FP.CPI.TOTL.ZG,1962,
VEN,FP.CPI.TOTL.ZG,1961,
VEN,FP.CPI.TOTL.ZG,1960,
VNM,FP.CPI.TOTL.ZG,2025,
VNM,FP.CPI.TOTL.ZG,2024,3.62109273885843
VNM,FP.CPI.TOTL.ZG,2023,3.25289282667662
VNM,FP.CPI.TOTL.ZG,2022,3.15650749963129
VNM,FP.CPI.TOTL.ZG,2021,1.83471554810444
VNM,FP.CPI.TOTL.ZG,2020,3.22093436652514
VNM,FP.CPI.TOTL.ZG,2019,2.7958236745225
VNM,FP.CPI.TOTL.ZG,2018,3.53962805942641
VNM,FP.CPI.TOTL.ZG,2017,3.52025688811617
VNM,FP.CPI.TOTL.ZG,2016,2.66824816969082
VNM,FP.CPI.TOTL.ZG,2015,0.631200905175754
VNM,FP.CPI.TOTL.ZG,2014,4.08455446637617
VNM,FP.CPI.TOTL.ZG,2013,6.59267475899192
VNM,FP.CPI.TOTL.ZG,2012,9.09470339557192
VNM,FP.CPI.TOTL.ZG,2011,18.6777322770707
VNM,FP.CPI.TOTL.ZG,2010,9.20746648778413
VNM,FP.CPI.TOTL.ZG,2009,6.71698269988629
VNM,FP.CPI.TOTL.ZG,2008,23.1154483474477
VNM,FP.CPI.TOTL.ZG,2007,8.34444889773837
VNM,FP.CPI.TOTL.ZG,2006,7.41801715108463
VNM,FP.CPI.TOTL.ZG,2005,8.28457243128677
VNM,FP.CPI.TOTL.ZG,2004,7.75494748709601
VNM,FP.CPI.TOTL.ZG,2003,3.23464817293927
VNM,FP.CPI.TOTL.ZG,2002,3.83082838168467
VNM,FP.CPI.TOTL.ZG,2001,-0.43154451172818
VNM,FP.CPI.TOTL.ZG,2000,-1.71033727851109
VNM,FP.CPI.TOTL.ZG,1999,4.11710235771736
VNM,FP.CPI.TOTL.ZG,1998,7.2661980440096
VNM,FP.CPI.TOTL.ZG,1997,3.20952606261374
VNM,FP.CPI.TOTL.ZG,1996,5.67499999999994
VNM,FP.CPI.TOTL.ZG,1995,
VNM,FP.CPI.TOTL.ZG,1994,
VNM,FP.CPI.TOTL.ZG,1993,
VNM,FP.CPI.TOTL.ZG,1992,
VNM,FP.CPI.TOTL.ZG,1991,
VNM,FP.CPI.TOTL.ZG,1990,
VNM,FP.CPI.TOTL.ZG,1989,
VNM,FP.CPI.TOTL.ZG,1988,
VNM,FP.CPI.TOTL.ZG,1987,
VNM,FP.CPI.TOTL.ZG,1986,
VNM,FP.CPI.TOTL.ZG,1985,
VNM,FP.CPI.TOTL.ZG,1984,
VNM,FP.CPI.TOTL.ZG,1983,
VNM,FP.CPI.TOTL.ZG,1982,
VNM,FP.CPI.TOTL.ZG,1981,
VNM,FP.CPI.TOTL.ZG,1980,
VNM,FP.CPI.TOTL.ZG,1979,
VNM,FP.CPI.TOTL.ZG,1978,
VNM,FP.CPI.TOTL.ZG,1977,
VNM,FP.CPI.TOTL.ZG,1976,
VNM,FP.CPI.TOTL.ZG,1975,
VNM,FP.CPI.TOTL.ZG,1974,
VNM,FP.CPI.TOTL.ZG,1973,
VNM,FP.CPI.TOTL.ZG,1972,
VNM,FP.CPI.TOTL.ZG,1971,
VNM,FP.CPI.TOTL.ZG,1970,
VNM,FP.CPI.TOTL.ZG,1969,
VNM,FP.CPI.TOTL.ZG,1968,
VNM,FP.CPI.TOTL.ZG,1967,
VNM,FP.CPI.TOTL.ZG,1966,
VNM,FP.CPI.TOTL.ZG,1965,
VNM,FP.CPI.TOTL.ZG,1964,
VNM,FP.CPI.TOTL.ZG,1963,
VNM,FP.CPI.TOTL.ZG,1962,
VNM,FP.CPI.TOTL.ZG,1961,
VNM,FP.CPI.TOTL.ZG,1960,
VIR,FP.CPI.TOTL.ZG,2025,
VIR,FP.CPI.TOTL.ZG,2024,
VIR,FP.CPI.TOTL.ZG,2023,
VIR,FP.CPI.TOTL.ZG,2022,
VIR,FP.CPI.TOTL.ZG,2021,
VIR,FP.CPI.TOTL.ZG,2020,
VIR,FP.CPI.TOTL.ZG,2019,
VIR,FP.CPI.TOTL.ZG,2018,
VIR,FP.CPI.TOTL.ZG,2017,
VIR,FP.CPI.TOTL.ZG,2016,
VIR,FP.CPI.TOTL.ZG,2015,
VIR,FP.CPI.TOTL.ZG,2014,
VIR,FP.CPI.TOTL.ZG,2013,
VIR,FP.CPI.TOTL.ZG,2012,
VIR,FP.CPI.TOTL.ZG,2011,
VIR,FP.CPI.TOTL.ZG,2010,
VIR,FP.CPI.TOTL.ZG,2009,
VIR,FP.CPI.TOTL.ZG,2008,
VIR,FP.CPI.TOTL.ZG,2007,
VIR,FP.CPI.TOTL.ZG,2006,
VIR,FP.CPI.TOTL.ZG,2005,
VIR,FP.CPI.TOTL.ZG,2004,
VIR,FP.CPI.TOTL.ZG,2003,
VIR,FP.CPI.TOTL.ZG,2002,
VIR,FP.CPI.TOTL.ZG,2001,
VIR,FP.CPI.TOTL.ZG,2000,
VIR,FP.CPI.TOTL.ZG,1999,
VIR,FP.CPI.TOTL.ZG,1998,
VIR,FP.CPI.TOTL.ZG,1997,
VIR,FP.CPI.TOTL.ZG,1996,
VIR,FP.CPI.TOTL.ZG,1995,
VIR,FP.CPI.TOTL.ZG,1994,
VIR,FP.CPI.TOTL.ZG,1993,
VIR,FP.CPI.TOTL.ZG,1992,
VIR,FP.CPI.TOTL.ZG,1991,
VIR,FP.CPI.TOTL.ZG,1990,
VIR,FP.CPI.TOTL.ZG,1989,
VIR,FP.CPI.TOTL.ZG,1988,
VIR,FP.CPI.TOTL.ZG,1987,
VIR,FP.CPI.TOTL.ZG,1986,
VIR,FP.CPI.TOTL.ZG,1985,
VIR,FP.CPI.TOTL.ZG,1984,
VIR,FP.CPI.TOTL.ZG,1983,
VIR,FP.CPI.TOTL.ZG,1982,
VIR,FP.CPI.TOTL.ZG,1981,
VIR,FP.CPI.TOTL.ZG,1980,
VIR,FP.CPI.TOTL.ZG,1979,
VIR,FP.CPI.TOTL.ZG,1978,
VIR,FP.CPI.TOTL.ZG,1977,
VIR,FP.CPI.TOTL.ZG,1976,
VIR,FP.CPI.TOTL.ZG,1975,
VIR,FP.CPI.TOTL.ZG,1974,
VIR,FP.CPI.TOTL.ZG,1973,
VIR,FP.CPI.TOTL.ZG,1972,
VIR,FP.CPI.TOTL.ZG,1971,
VIR,FP.CPI.TOTL.ZG,1970,
VIR,FP.CPI.TOTL.ZG,1969,
VIR,FP.CPI.TOTL.ZG,1968,
VIR,FP.CPI.TOTL.ZG,1967,
VIR,FP.CPI.TOTL.ZG,1966,
VIR,FP.CPI.TOTL.ZG,1965,
VIR,FP.CPI.TOTL.ZG,1964,
VIR,FP.CPI.TOTL.ZG,1963,
VIR,FP.CPI.TOTL.ZG,1962,
VIR,FP.CPI.TOTL.ZG,1961,
VIR,FP.CPI.TOTL.ZG,1960,
PSE,FP.CPI.TOTL.ZG,2025,
PSE,FP.CPI.TOTL.ZG,2024,53.6691458303782
PSE,FP.CPI.TOTL.ZG,2023,5.87110177678988
PSE,FP.CPI.TOTL.ZG,2022,3.74122391852077
PSE,FP.CPI.TOTL.ZG,2021,1.23748102831369
PSE,FP.CPI.TOTL.ZG,2020,-0.735332001092191
PSE,FP.CPI.TOTL.ZG,2019,1.58018333639455
PSE,FP.CPI.TOTL.ZG,2018,-0.195107773730735
PSE,FP.CPI.TOTL.ZG,2017,0.212570934228881
PSE,FP.CPI.TOTL.ZG,2016,-0.219106604907316
PSE,FP.CPI.TOTL.ZG,2015,1.43161145810476
PSE,FP.CPI.TOTL.ZG,2014,1.73298510037447
PSE,FP.CPI.TOTL.ZG,2013,1.72439933626931
PSE,FP.CPI.TOTL.ZG,2012,2.77908768282492
PSE,FP.CPI.TOTL.ZG,2011,2.8772435849594
PSE,FP.CPI.TOTL.ZG,2010,3.74915727597096
PSE,FP.CPI.TOTL.ZG,2009,2.75393485083151
PSE,FP.CPI.TOTL.ZG,2008,9.88999788691849
PSE,FP.CPI.TOTL.ZG,2007,1.85974379351111
PSE,FP.CPI.TOTL.ZG,2006,3.84234125624782
PSE,FP.CPI.TOTL.ZG,2005,4.10725070715931
PSE,FP.CPI.TOTL.ZG,2004,3.00417498638593
PSE,FP.CPI.TOTL.ZG,2003,4.40303221730888
PSE,FP.CPI.TOTL.ZG,2002,5.70951585976626
PSE,FP.CPI.TOTL.ZG,2001,1.22278475878898
PSE,FP.CPI.TOTL.ZG,2000,2.79819892435758
PSE,FP.CPI.TOTL.ZG,1999,5.54439180368747
PSE,FP.CPI.TOTL.ZG,1998,5.57964505838268
PSE,FP.CPI.TOTL.ZG,1997,7.08700591205709
PSE,FP.CPI.TOTL.ZG,1996,
PSE,FP.CPI.TOTL.ZG,1995,
PSE,FP.CPI.TOTL.ZG,1994,
PSE,FP.CPI.TOTL.ZG,1993,
PSE,FP.CPI.TOTL.ZG,1992,
PSE,FP.CPI.TOTL.ZG,1991,
PSE,FP.CPI.TOTL.ZG,1990,
PSE,FP.CPI.TOTL.ZG,1989,
PSE,FP.CPI.TOTL.ZG,1988,
PSE,FP.CPI.TOTL.ZG,1987,
PSE,FP.CPI.TOTL.ZG,1986,
PSE,FP.CPI.TOTL.ZG,1985,
PSE,FP.CPI.TOTL.ZG,1984,
PSE,FP.CPI.TOTL.ZG,1983,
PSE,FP.CPI.TOTL.ZG,1982,
PSE,FP.CPI.TOTL.ZG,1981,
PSE,FP.CPI.TOTL.ZG,1980,
PSE,FP.CPI.TOTL.ZG,1979,
PSE,FP.CPI.TOTL.ZG,1978,
PSE,FP.CPI.TOTL.ZG,1977,
PSE,FP.CPI.TOTL.ZG,1976,
PSE,FP.CPI.TOTL.ZG,1975,
PSE,FP.CPI.TOTL.ZG,1974,
PSE,FP.CPI.TOTL.ZG,1973,
PSE,FP.CPI.TOTL.ZG,1972,
PSE,FP.CPI.TOTL.ZG,1971,
PSE,FP.CPI.TOTL.ZG,1970,
PSE,FP.CPI.TOTL.ZG,1969,
PSE,FP.CPI.TOTL.ZG,1968,
PSE,FP.CPI.TOTL.ZG,1967,
PSE,FP.CPI.TOTL.ZG,1966,
PSE,FP.CPI.TOTL.ZG,1965,
PSE,FP.CPI.TOTL.ZG,1964,
PSE,FP.CPI.TOTL.ZG,1963,
PSE,FP.CPI.TOTL.ZG,1962,
PSE,FP.CPI.TOTL.ZG,1961,
PSE,FP.CPI.TOTL.ZG,1960,
YEM,FP.CPI.TOTL.ZG,2025,
YEM,FP.CPI.TOTL.ZG,2024,
YEM,FP.CPI.TOTL.ZG,2023,
YEM,FP.CPI.TOTL.ZG,2022,
YEM,FP.CPI.TOTL.ZG,2021,
YEM,FP.CPI.TOTL.ZG,2020,
YEM,FP.CPI.TOTL.ZG,2019,
YEM,FP.CPI.TOTL.ZG,2018,
YEM,FP.CPI.TOTL.ZG,2017,
YEM,FP.CPI.TOTL.ZG,2016,
YEM,FP.CPI.TOTL.ZG,2015,
YEM,FP.CPI.TOTL.ZG,2014,8.10472583623915
YEM,FP.CPI.TOTL.ZG,2013,10.9684421500198
YEM,FP.CPI.TOTL.ZG,2012,9.88538714484871
YEM,FP.CPI.TOTL.ZG,2011,19.5435617131144
YEM,FP.CPI.TOTL.ZG,2010,11.1748338605044
YEM,FP.CPI.TOTL.ZG,2009,5.40776098077522
YEM,FP.CPI.TOTL.ZG,2008,18.9762574318076
YEM,FP.CPI.TOTL.ZG,2007,7.9051177898873
YEM,FP.CPI.TOTL.ZG,2006,10.8447986914257
YEM,FP.CPI.TOTL.ZG,2005,11.8112639374949
YEM,FP.CPI.TOTL.ZG,2004,12.5150951495207
YEM,FP.CPI.TOTL.ZG,2003,10.8323607023242
YEM,FP.CPI.TOTL.ZG,2002,12.2385339389711
YEM,FP.CPI.TOTL.ZG,2001,11.9115912929855
YEM,FP.CPI.TOTL.ZG,2000,4.58999999999981
YEM,FP.CPI.TOTL.ZG,1999,8.66021949364346
YEM,FP.CPI.TOTL.ZG,1998,5.9765085214186
YEM,FP.CPI.TOTL.ZG,1997,2.17672667372646
YEM,FP.CPI.TOTL.ZG,1996,30.7337332718043
YEM,FP.CPI.TOTL.ZG,1995,55.0811068702292
YEM,FP.CPI.TOTL.ZG,1994,49.3941553813254
YEM,FP.CPI.TOTL.ZG,1993,35.7522980164491
YEM,FP.CPI.TOTL.ZG,1992,29.4117647058824
YEM,FP.CPI.TOTL.ZG,1991,36.0
YEM,FP.CPI.TOTL.ZG,1990,
YEM,FP.CPI.TOTL.ZG,1989,
YEM,FP.CPI.TOTL.ZG,1988,
YEM,FP.CPI.TOTL.ZG,1987,
YEM,FP.CPI.TOTL.ZG,1986,
YEM,FP.CPI.TOTL.ZG,1985,
YEM,FP.CPI.TOTL.ZG,1984,
YEM,FP.CPI.TOTL.ZG,1983,
YEM,FP.CPI.TOTL.ZG,1982,
YEM,FP.CPI.TOTL.ZG,1981,
YEM,FP.CPI.TOTL.ZG,1980,
YEM,FP.CPI.TOTL.ZG,1979,
YEM,FP.CPI.TOTL.ZG,1978,
YEM,FP.CPI.TOTL.ZG,1977,
YEM,FP.CPI.TOTL.ZG,1976,
YEM,FP.CPI.TOTL.ZG,1975,
YEM,FP.CPI.TOTL.ZG,1974,
YEM,FP.CPI.TOTL.ZG,1973,
YEM,FP.CPI.TOTL.ZG,1972,
YEM,FP.CPI.TOTL.ZG,1971,
YEM,FP.CPI.TOTL.ZG,1970,
YEM,FP.CPI.TOTL.ZG,1969,
YEM,FP.CPI.TOTL.ZG,1968,
YEM,FP.CPI.TOTL.ZG,1967,
YEM,FP.CPI.TOTL.ZG,1966,
YEM,FP.CPI.TOTL.ZG,1965,
YEM,FP.CPI.TOTL.ZG,1964,
YEM,FP.CPI.TOTL.ZG,1963,
YEM,FP.CPI.TOTL.ZG,1962,
YEM,FP.CPI.TOTL.ZG,1961,
YEM,FP.CPI.TOTL.ZG,1960,
ZMB,FP.CPI.TOTL.ZG,2025,
ZMB,FP.CPI.TOTL.ZG,2024,14.9856262747939
ZMB,FP.CPI.TOTL.ZG,2023,10.884531691282
ZMB,FP.CPI.TOTL.ZG,2022,10.9932039209136
ZMB,FP.CPI.TOTL.ZG,2021,22.0207676245777
ZMB,FP.CPI.TOTL.ZG,2020,15.7330604721369
ZMB,FP.CPI.TOTL.ZG,2019,9.15031644316296
ZMB,FP.CPI.TOTL.ZG,2018,7.4945719272852
ZMB,FP.CPI.TOTL.ZG,2017,6.57731154205644
ZMB,FP.CPI.TOTL.ZG,2016,17.8697300795268
ZMB,FP.CPI.TOTL.ZG,2015,10.1105928909618
ZMB,FP.CPI.TOTL.ZG,2014,7.80687553566333
ZMB,FP.CPI.TOTL.ZG,2013,6.97767605490307
ZMB,FP.CPI.TOTL.ZG,2012,6.57589970757698
ZMB,FP.CPI.TOTL.ZG,2011,6.4293968107234
ZMB,FP.CPI.TOTL.ZG,2010,8.50176133365265
ZMB,FP.CPI.TOTL.ZG,2009,13.3952546325895
ZMB,FP.CPI.TOTL.ZG,2008,12.4455793463192
ZMB,FP.CPI.TOTL.ZG,2007,10.6573496000153
ZMB,FP.CPI.TOTL.ZG,2006,9.01957247226486
ZMB,FP.CPI.TOTL.ZG,2005,18.324439701174
ZMB,FP.CPI.TOTL.ZG,2004,17.9677891087286
ZMB,FP.CPI.TOTL.ZG,2003,21.4015783901995
ZMB,FP.CPI.TOTL.ZG,2002,22.2333446430947
ZMB,FP.CPI.TOTL.ZG,2001,21.3937821792546
ZMB,FP.CPI.TOTL.ZG,2000,26.0304117888121
ZMB,FP.CPI.TOTL.ZG,1999,26.7876966790029
ZMB,FP.CPI.TOTL.ZG,1998,24.4584563516656
ZMB,FP.CPI.TOTL.ZG,1997,24.4187215689412
ZMB,FP.CPI.TOTL.ZG,1996,43.0730979982882
ZMB,FP.CPI.TOTL.ZG,1995,34.9295874166667
ZMB,FP.CPI.TOTL.ZG,1994,54.6013218413016
ZMB,FP.CPI.TOTL.ZG,1993,183.312041464393
ZMB,FP.CPI.TOTL.ZG,1992,165.70652700999
ZMB,FP.CPI.TOTL.ZG,1991,97.6423231742383
ZMB,FP.CPI.TOTL.ZG,1990,107.023809523808
ZMB,FP.CPI.TOTL.ZG,1989,123.40425531915
ZMB,FP.CPI.TOTL.ZG,1988,51.0040160642574
ZMB,FP.CPI.TOTL.ZG,1987,47.0472440944876
ZMB,FP.CPI.TOTL.ZG,1986,55.8282208588966
ZMB,FP.CPI.TOTL.ZG,1985,
ZMB,FP.CPI.TOTL.ZG,1984,
ZMB,FP.CPI.TOTL.ZG,1983,
ZMB,FP.CPI.TOTL.ZG,1982,
ZMB,FP.CPI.TOTL.ZG,1981,
ZMB,FP.CPI.TOTL.ZG,1980,
ZMB,FP.CPI.TOTL.ZG,1979,
ZMB,FP.CPI.TOTL.ZG,1978,
ZMB,FP.CPI.TOTL.ZG,1977,
ZMB,FP.CPI.TOTL.ZG,1976,
ZMB,FP.CPI.TOTL.ZG,1975,
ZMB,FP.CPI.TOTL.ZG,1974,
ZMB,FP.CPI.TOTL.ZG,1973,
ZMB,FP.CPI.TOTL.ZG,1972,
ZMB,FP.CPI.TOTL.ZG,1971,
ZMB,FP.CPI.TOTL.ZG,1970,
ZMB,FP.CPI.TOTL.ZG,1969,
ZMB,FP.CPI.TOTL.ZG,1968,
ZMB,FP.CPI.TOTL.ZG,1967,
ZMB,FP.CPI.TOTL.ZG,1966,
ZMB,FP.CPI.TOTL.ZG,1965,
ZMB,FP.CPI.TOTL.ZG,1964,
ZMB,FP.CPI.TOTL.ZG,1963,
ZMB,FP.CPI.TOTL.ZG,1962,
ZMB,FP.CPI.TOTL.ZG,1961,
ZMB,FP.CPI.TOTL.ZG,1960,
ZWE,FP.CPI.TOTL.ZG,2025,
ZWE,FP.CPI.TOTL.ZG,2024,
ZWE,FP.CPI.TOTL.ZG,2023,
ZWE,FP.CPI.TOTL.ZG,2022,104.705170628667
ZWE,FP.CPI.TOTL.ZG,2021,98.5461050920624
ZWE,FP.CPI.TOTL.ZG,2020,557.201817362051
ZWE,FP.CPI.TOTL.ZG,2019,255.304990757856
ZWE,FP.CPI.TOTL.ZG,2018,10.6188658669575
ZWE,FP.CPI.TOTL.ZG,2017,0.893962316050027
ZWE,FP.CPI.TOTL.ZG,2016,-1.54366960054161
ZWE,FP.CPI.TOTL.ZG,2015,-2.43096842383404
ZWE,FP.CPI.TOTL.ZG,2014,-0.19778481012661
ZWE,FP.CPI.TOTL.ZG,2013,1.63495041543822
ZWE,FP.CPI.TOTL.ZG,2012,3.72532666110646
ZWE,FP.CPI.TOTL.ZG,2011,3.4661297281749
ZWE,FP.CPI.TOTL.ZG,2010,3.02267002518892
ZWE,FP.CPI.TOTL.ZG,2009,
ZWE,FP.CPI.TOTL.ZG,2008,
ZWE,FP.CPI.TOTL.ZG,2007,
ZWE,FP.CPI.TOTL.ZG,2006,
ZWE,FP.CPI.TOTL.ZG,2005,
ZWE,FP.CPI.TOTL.ZG,2004,
ZWE,FP.CPI.TOTL.ZG,2003,
ZWE,FP.CPI.TOTL.ZG,2002,
ZWE,FP.CPI.TOTL.ZG,2001,
ZWE,FP.CPI.TOTL.ZG,2000,
ZWE,FP.CPI.TOTL.ZG,1999,
ZWE,FP.CPI.TOTL.ZG,1998,
ZWE,FP.CPI.TOTL.ZG,1997,
ZWE,FP.CPI.TOTL.ZG,1996,
ZWE,FP.CPI.TOTL.ZG,1995,
ZWE,FP.CPI.TOTL.ZG,1994,
ZWE,FP.CPI.TOTL.ZG,1993,
ZWE,FP.CPI.TOTL.ZG,1992,
ZWE,FP.CPI.TOTL.ZG,1991,
ZWE,FP.CPI.TOTL.ZG,1990,
ZWE,FP.CPI.TOTL.ZG,1989,
ZWE,FP.CPI.TOTL.ZG,1988,
ZWE,FP.CPI.TOTL.ZG,1987,
ZWE,FP.CPI.TOTL.ZG,1986,
ZWE,FP.CPI.TOTL.ZG,1985,
ZWE,FP.CPI.TOTL.ZG,1984,
ZWE,FP.CPI.TOTL.ZG,1983,
ZWE,FP.CPI.TOTL.ZG,1982,
ZWE,FP.CPI.TOTL.ZG,1981,
ZWE,FP.CPI.TOTL.ZG,1980,
ZWE,FP.CPI.TOTL.ZG,1979,
ZWE,FP.CPI.TOTL.ZG,1978,
ZWE,FP.CPI.TOTL.ZG,1977,
ZWE,FP.CPI.TOTL.ZG,1976,
ZWE,FP.CPI.TOTL.ZG,1975,
ZWE,FP.CPI.TOTL.ZG,1974,
ZWE,FP.CPI.TOTL.ZG,1973,
ZWE,FP.CPI.TOTL.ZG,1972,
ZWE,FP.CPI.TOTL.ZG,1971,
ZWE,FP.CPI.TOTL.ZG,1970,
ZWE,FP.CPI.TOTL.ZG,1969,
ZWE,FP.CPI.TOTL.ZG,1968,
ZWE,FP.CPI.TOTL.ZG,1967,
ZWE,FP.CPI.TOTL.ZG,1966,
ZWE,FP.CPI.TOTL.ZG,1965,
ZWE,FP.CPI.TOTL.ZG,1964,
ZWE,FP.CPI.TOTL.ZG,1963,
ZWE,FP.CPI.TOTL.ZG,1962,
ZWE,FP.CPI.TOTL.ZG,1961,
ZWE,FP.CPI.TOTL.ZG,1960,
