country_iso3,indicator,year,value
AFE,BN.CAB.XOKA.GD.ZS,2025,
AFE,BN.CAB.XOKA.GD.ZS,2024,
AFE,BN.CAB.XOKA.GD.ZS,2023,
AFE,BN.CAB.XOKA.GD.ZS,2022,
AFE,BN.CAB.XOKA.GD.ZS,2021,
AFE,BN.CAB.XOKA.GD.ZS,2020,
AFE,BN.CAB.XOKA.GD.ZS,2019,
AFE,BN.CAB.XOKA.GD.ZS,2018,
AFE,BN.CAB.XOKA.GD.ZS,2017,
AFE,BN.CAB.XOKA.GD.ZS,2016,
AFE,BN.CAB.XOKA.GD.ZS,2015,
AFE,BN.CAB.XOKA.GD.ZS,2014,
AFE,BN.CAB.XOKA.GD.ZS,2013,
AFE,BN.CAB.XOKA.GD.ZS,2012,
AFE,BN.CAB.XOKA.GD.ZS,2011,
AFE,BN.CAB.XOKA.GD.ZS,2010,
AFE,BN.CAB.XOKA.GD.ZS,2009,
AFE,BN.CAB.XOKA.GD.ZS,2008,
AFE,BN.CAB.XOKA.GD.ZS,2007,
AFE,BN.CAB.XOKA.GD.ZS,2006,
AFE,BN.CAB.XOKA.GD.ZS,2005,
AFE,BN.CAB.XOKA.GD.ZS,2004,
AFE,BN.CAB.XOKA.GD.ZS,2003,
AFE,BN.CAB.XOKA.GD.ZS,2002,
AFE,BN.CAB.XOKA.GD.ZS,2001,
AFE,BN.CAB.XOKA.GD.ZS,2000,
AFE,BN.CAB.XOKA.GD.ZS,1999,
AFE,BN.CAB.XOKA.GD.ZS,1998,
AFE,BN.CAB.XOKA.GD.ZS,1997,
AFE,BN.CAB.XOKA.GD.ZS,1996,
AFE,BN.CAB.XOKA.GD.ZS,1995,
AFE,BN.CAB.XOKA.GD.ZS,1994,
AFE,BN.CAB.XOKA.GD.ZS,1993,
AFE,BN.CAB.XOKA.GD.ZS,1992,
AFE,BN.CAB.XOKA.GD.ZS,1991,
AFE,BN.CAB.XOKA.GD.ZS,1990,
AFE,BN.CAB.XOKA.GD.ZS,1989,
AFE,BN.CAB.XOKA.GD.ZS,1988,
AFE,BN.CAB.XOKA.GD.ZS,1987,
AFE,BN.CAB.XOKA.GD.ZS,1986,
AFE,BN.CAB.XOKA.GD.ZS,1985,
AFE,BN.CAB.XOKA.GD.ZS,1984,
AFE,BN.CAB.XOKA.GD.ZS,1983,
AFE,BN.CAB.XOKA.GD.ZS,1982,
AFE,BN.CAB.XOKA.GD.ZS,1981,
AFE,BN.CAB.XOKA.GD.ZS,1980,
AFE,BN.CAB.XOKA.GD.ZS,1979,
AFE,BN.CAB.XOKA.GD.ZS,1978,
AFE,BN.CAB.XOKA.GD.ZS,1977,
AFE,BN.CAB.XOKA.GD.ZS,1976,
AFE,BN.CAB.XOKA.GD.ZS,1975,
AFE,BN.CAB.XOKA.GD.ZS,1974,
AFE,BN.CAB.XOKA.GD.ZS,1973,
AFE,BN.CAB.XOKA.GD.ZS,1972,
AFE,BN.CAB.XOKA.GD.ZS,1971,
AFE,BN.CAB.XOKA.GD.ZS,1970,
AFE,BN.CAB.XOKA.GD.ZS,1969,
AFE,BN.CAB.XOKA.GD.ZS,1968,
AFE,BN.CAB.XOKA.GD.ZS,1967,
AFE,BN.CAB.XOKA.GD.ZS,1966,
AFE,BN.CAB.XOKA.GD.ZS,1965,
AFE,BN.CAB.XOKA.GD.ZS,1964,
AFE,BN.CAB.XOKA.GD.ZS,1963,
AFE,BN.CAB.XOKA.GD.ZS,1962,
AFE,BN.CAB.XOKA.GD.ZS,1961,
AFE,BN.CAB.XOKA.GD.ZS,1960,
AFW,BN.CAB.XOKA.GD.ZS,2025,
AFW,BN.CAB.XOKA.GD.ZS,2024,
AFW,BN.CAB.XOKA.GD.ZS,2023,
AFW,BN.CAB.XOKA.GD.ZS,2022,
AFW,BN.CAB.XOKA.GD.ZS,2021,
AFW,BN.CAB.XOKA.GD.ZS,2020,
AFW,BN.CAB.XOKA.GD.ZS,2019,
AFW,BN.CAB.XOKA.GD.ZS,2018,
AFW,BN.CAB.XOKA.GD.ZS,2017,
AFW,BN.CAB.XOKA.GD.ZS,2016,
AFW,BN.CAB.XOKA.GD.ZS,2015,
AFW,BN.CAB.XOKA.GD.ZS,2014,
AFW,BN.CAB.XOKA.GD.ZS,2013,
AFW,BN.CAB.XOKA.GD.ZS,2012,
AFW,BN.CAB.XOKA.GD.ZS,2011,
AFW,BN.CAB.XOKA.GD.ZS,2010,
AFW,BN.CAB.XOKA.GD.ZS,2009,
AFW,BN.CAB.XOKA.GD.ZS,2008,
AFW,BN.CAB.XOKA.GD.ZS,2007,
AFW,BN.CAB.XOKA.GD.ZS,2006,
AFW,BN.CAB.XOKA.GD.ZS,2005,
AFW,BN.CAB.XOKA.GD.ZS,2004,
AFW,BN.CAB.XOKA.GD.ZS,2003,
AFW,BN.CAB.XOKA.GD.ZS,2002,
AFW,BN.CAB.XOKA.GD.ZS,2001,
AFW,BN.CAB.XOKA.GD.ZS,2000,
AFW,BN.CAB.XOKA.GD.ZS,1999,
AFW,BN.CAB.XOKA.GD.ZS,1998,
AFW,BN.CAB.XOKA.GD.ZS,1997,
AFW,BN.CAB.XOKA.GD.ZS,1996,
AFW,BN.CAB.XOKA.GD.ZS,1995,
AFW,BN.CAB.XOKA.GD.ZS,1994,
AFW,BN.CAB.XOKA.GD.ZS,1993,
AFW,BN.CAB.XOKA.GD.ZS,1992,
AFW,BN.CAB.XOKA.GD.ZS,1991,
AFW,BN.CAB.XOKA.GD.ZS,1990,
AFW,BN.CAB.XOKA.GD.ZS,1989,
AFW,BN.CAB.XOKA.GD.ZS,1988,
AFW,BN.CAB.XOKA.GD.ZS,1987,
AFW,BN.CAB.XOKA.GD.ZS,1986,
AFW,BN.CAB.XOKA.GD.ZS,1985,
AFW,BN.CAB.XOKA.GD.ZS,1984,
AFW,BN.CAB.XOKA.GD.ZS,1983,
AFW,BN.CAB.XOKA.GD.ZS,1982,
AFW,BN.CAB.XOKA.GD.ZS,1981,
AFW,BN.CAB.XOKA.GD.ZS,1980,
AFW,BN.CAB.XOKA.GD.ZS,1979,
AFW,BN.CAB.XOKA.GD.ZS,1978,
AFW,BN.CAB.XOKA.GD.ZS,1977,
AFW,BN.CAB.XOKA.GD.ZS,1976,
AFW,BN.CAB.XOKA.GD.ZS,1975,
AFW,BN.CAB.XOKA.GD.ZS,1974,
AFW,BN.CAB.XOKA.GD.ZS,1973,
AFW,BN.CAB.XOKA.GD.ZS,1972,
AFW,BN.CAB.XOKA.GD.ZS,1971,
AFW,BN.CAB.XOKA.GD.ZS,1970,
AFW,BN.CAB.XOKA.GD.ZS,1969,
AFW,BN.CAB.XOKA.GD.ZS,1968,
AFW,BN.CAB.XOKA.GD.ZS,1967,
AFW,BN.CAB.XOKA.GD.ZS,1966,
AFW,BN.CAB.XOKA.GD.ZS,1965,
AFW,BN.CAB.XOKA.GD.ZS,1964,
AFW,BN.CAB.XOKA.GD.ZS,1963,
AFW,BN.CAB.XOKA.GD.ZS,1962,
AFW,BN.CAB.XOKA.GD.ZS,1961,
AFW,BN.CAB.XOKA.GD.ZS,1960,
ARB,BN.CAB.XOKA.GD.ZS,2025,
ARB,BN.CAB.XOKA.GD.ZS,2024,
ARB,BN.CAB.XOKA.GD.ZS,2023,
ARB,BN.CAB.XOKA.GD.ZS,2022,
ARB,BN.CAB.XOKA.GD.ZS,2021,
ARB,BN.CAB.XOKA.GD.ZS,2020,
ARB,BN.CAB.XOKA.GD.ZS,2019,
ARB,BN.CAB.XOKA.GD.ZS,2018,
ARB,BN.CAB.XOKA.GD.ZS,2017,
ARB,BN.CAB.XOKA.GD.ZS,2016,
ARB,BN.CAB.XOKA.GD.ZS,2015,
ARB,BN.CAB.XOKA.GD.ZS,2014,
ARB,BN.CAB.XOKA.GD.ZS,2013,
ARB,BN.CAB.XOKA.GD.ZS,2012,
ARB,BN.CAB.XOKA.GD.ZS,2011,
ARB,BN.CAB.XOKA.GD.ZS,2010,
ARB,BN.CAB.XOKA.GD.ZS,2009,
ARB,BN.CAB.XOKA.GD.ZS,2008,
ARB,BN.CAB.XOKA.GD.ZS,2007,
ARB,BN.CAB.XOKA.GD.ZS,2006,
ARB,BN.CAB.XOKA.GD.ZS,2005,
ARB,BN.CAB.XOKA.GD.ZS,2004,
ARB,BN.CAB.XOKA.GD.ZS,2003,
ARB,BN.CAB.XOKA.GD.ZS,2002,
ARB,BN.CAB.XOKA.GD.ZS,2001,
ARB,BN.CAB.XOKA.GD.ZS,2000,
ARB,BN.CAB.XOKA.GD.ZS,1999,
ARB,BN.CAB.XOKA.GD.ZS,1998,
ARB,BN.CAB.XOKA.GD.ZS,1997,
ARB,BN.CAB.XOKA.GD.ZS,1996,
ARB,BN.CAB.XOKA.GD.ZS,1995,
ARB,BN.CAB.XOKA.GD.ZS,1994,
ARB,BN.CAB.XOKA.GD.ZS,1993,
ARB,BN.CAB.XOKA.GD.ZS,1992,
ARB,BN.CAB.XOKA.GD.ZS,1991,
ARB,BN.CAB.XOKA.GD.ZS,1990,
ARB,BN.CAB.XOKA.GD.ZS,1989,
ARB,BN.CAB.XOKA.GD.ZS,1988,
ARB,BN.CAB.XOKA.GD.ZS,1987,
ARB,BN.CAB.XOKA.GD.ZS,1986,
ARB,BN.CAB.XOKA.GD.ZS,1985,
ARB,BN.CAB.XOKA.GD.ZS,1984,
ARB,BN.CAB.XOKA.GD.ZS,1983,
ARB,BN.CAB.XOKA.GD.ZS,1982,
ARB,BN.CAB.XOKA.GD.ZS,1981,
ARB,BN.CAB.XOKA.GD.ZS,1980,
ARB,BN.CAB.XOKA.GD.ZS,1979,
ARB,BN.CAB.XOKA.GD.ZS,1978,
ARB,BN.CAB.XOKA.GD.ZS,1977,
ARB,BN.CAB.XOKA.GD.ZS,1976,
ARB,BN.CAB.XOKA.GD.ZS,1975,
ARB,BN.CAB.XOKA.GD.ZS,1974,
ARB,BN.CAB.XOKA.GD.ZS,1973,
ARB,BN.CAB.XOKA.GD.ZS,1972,
ARB,BN.CAB.XOKA.GD.ZS,1971,
ARB,BN.CAB.XOKA.GD.ZS,1970,
ARB,BN.CAB.XOKA.GD.ZS,1969,
ARB,BN.CAB.XOKA.GD.ZS,1968,
ARB,BN.CAB.XOKA.GD.ZS,1967,
ARB,BN.CAB.XOKA.GD.ZS,1966,
ARB,BN.CAB.XOKA.GD.ZS,1965,
ARB,BN.CAB.XOKA.GD.ZS,1964,
ARB,BN.CAB.XOKA.GD.ZS,1963,
ARB,BN.CAB.XOKA.GD.ZS,1962,
ARB,BN.CAB.XOKA.GD.ZS,1961,
ARB,BN.CAB.XOKA.GD.ZS,1960,
CSS,BN.CAB.XOKA.GD.ZS,2025,
CSS,BN.CAB.XOKA.GD.ZS,2024,
CSS,BN.CAB.XOKA.GD.ZS,2023,
CSS,BN.CAB.XOKA.GD.ZS,2022,
CSS,BN.CAB.XOKA.GD.ZS,2021,
CSS,BN.CAB.XOKA.GD.ZS,2020,
CSS,BN.CAB.XOKA.GD.ZS,2019,
CSS,BN.CAB.XOKA.GD.ZS,2018,
CSS,BN.CAB.XOKA.GD.ZS,2017,
CSS,BN.CAB.XOKA.GD.ZS,2016,
CSS,BN.CAB.XOKA.GD.ZS,2015,
CSS,BN.CAB.XOKA.GD.ZS,2014,
CSS,BN.CAB.XOKA.GD.ZS,2013,
CSS,BN.CAB.XOKA.GD.ZS,2012,
CSS,BN.CAB.XOKA.GD.ZS,2011,
CSS,BN.CAB.XOKA.GD.ZS,2010,
CSS,BN.CAB.XOKA.GD.ZS,2009,
CSS,BN.CAB.XOKA.GD.ZS,2008,
CSS,BN.CAB.XOKA.GD.ZS,2007,
CSS,BN.CAB.XOKA.GD.ZS,2006,
CSS,BN.CAB.XOKA.GD.ZS,2005,
CSS,BN.CAB.XOKA.GD.ZS,2004,
CSS,BN.CAB.XOKA.GD.ZS,2003,
CSS,BN.CAB.XOKA.GD.ZS,2002,
CSS,BN.CAB.XOKA.GD.ZS,2001,
CSS,BN.CAB.XOKA.GD.ZS,2000,
CSS,BN.CAB.XOKA.GD.ZS,1999,
CSS,BN.CAB.XOKA.GD.ZS,1998,
CSS,BN.CAB.XOKA.GD.ZS,1997,
CSS,BN.CAB.XOKA.GD.ZS,1996,
CSS,BN.CAB.XOKA.GD.ZS,1995,
CSS,BN.CAB.XOKA.GD.ZS,1994,
CSS,BN.CAB.XOKA.GD.ZS,1993,
CSS,BN.CAB.XOKA.GD.ZS,1992,
CSS,BN.CAB.XOKA.GD.ZS,1991,
CSS,BN.CAB.XOKA.GD.ZS,1990,
CSS,BN.CAB.XOKA.GD.ZS,1989,
CSS,BN.CAB.XOKA.GD.ZS,1988,
CSS,BN.CAB.XOKA.GD.ZS,1987,
CSS,BN.CAB.XOKA.GD.ZS,1986,
CSS,BN.CAB.XOKA.GD.ZS,1985,
CSS,BN.CAB.XOKA.GD.ZS,1984,
CSS,BN.CAB.XOKA.GD.ZS,1983,
CSS,BN.CAB.XOKA.GD.ZS,1982,
CSS,BN.CAB.XOKA.GD.ZS,1981,
CSS,BN.CAB.XOKA.GD.ZS,1980,
CSS,BN.CAB.XOKA.GD.ZS,1979,
CSS,BN.CAB.XOKA.GD.ZS,1978,
CSS,BN.CAB.XOKA.GD.ZS,1977,
CSS,BN.CAB.XOKA.GD.ZS,1976,
CSS,BN.CAB.XOKA.GD.ZS,1975,
CSS,BN.CAB.XOKA.GD.ZS,1974,
CSS,BN.CAB.XOKA.GD.ZS,1973,
CSS,BN.CAB.XOKA.GD.ZS,1972,
CSS,BN.CAB.XOKA.GD.ZS,1971,
CSS,BN.CAB.XOKA.GD.ZS,1970,
CSS,BN.CAB.XOKA.GD.ZS,1969,
CSS,BN.CAB.XOKA.GD.ZS,1968,
CSS,BN.CAB.XOKA.GD.ZS,1967,
CSS,BN.CAB.XOKA.GD.ZS,1966,
CSS,BN.CAB.XOKA.GD.ZS,1965,
CSS,BN.CAB.XOKA.GD.ZS,1964,
CSS,BN.CAB.XOKA.GD.ZS,1963,
CSS,BN.CAB.XOKA.GD.ZS,1962,
CSS,BN.CAB.XOKA.GD.ZS,1961,
CSS,BN.CAB.XOKA.GD.ZS,1960,
CEB,BN.CAB.XOKA.GD.ZS,2025,
CEB,BN.CAB.XOKA.GD.ZS,2024,
CEB,BN.CAB.XOKA.GD.ZS,2023,
CEB,BN.CAB.XOKA.GD.ZS,2022,
CEB,BN.CAB.XOKA.GD.ZS,2021,
CEB,BN.CAB.XOKA.GD.ZS,2020,
CEB,BN.CAB.XOKA.GD.ZS,2019,
CEB,BN.CAB.XOKA.GD.ZS,2018,
CEB,BN.CAB.XOKA.GD.ZS,2017,
CEB,BN.CAB.XOKA.GD.ZS,2016,
CEB,BN.CAB.XOKA.GD.ZS,2015,
CEB,BN.CAB.XOKA.GD.ZS,2014,
CEB,BN.CAB.XOKA.GD.ZS,2013,
CEB,BN.CAB.XOKA.GD.ZS,2012,
CEB,BN.CAB.XOKA.GD.ZS,2011,
CEB,BN.CAB.XOKA.GD.ZS,2010,
CEB,BN.CAB.XOKA.GD.ZS,2009,
CEB,BN.CAB.XOKA.GD.ZS,2008,
CEB,BN.CAB.XOKA.GD.ZS,2007,
CEB,BN.CAB.XOKA.GD.ZS,2006,
CEB,BN.CAB.XOKA.GD.ZS,2005,
CEB,BN.CAB.XOKA.GD.ZS,2004,
CEB,BN.CAB.XOKA.GD.ZS,2003,
CEB,BN.CAB.XOKA.GD.ZS,2002,
CEB,BN.CAB.XOKA.GD.ZS,2001,
CEB,BN.CAB.XOKA.GD.ZS,2000,
CEB,BN.CAB.XOKA.GD.ZS,1999,
CEB,BN.CAB.XOKA.GD.ZS,1998,
CEB,BN.CAB.XOKA.GD.ZS,1997,
CEB,BN.CAB.XOKA.GD.ZS,1996,
CEB,BN.CAB.XOKA.GD.ZS,1995,
CEB,BN.CAB.XOKA.GD.ZS,1994,
CEB,BN.CAB.XOKA.GD.ZS,1993,
CEB,BN.CAB.XOKA.GD.ZS,1992,
CEB,BN.CAB.XOKA.GD.ZS,1991,
CEB,BN.CAB.XOKA.GD.ZS,1990,
CEB,BN.CAB.XOKA.GD.ZS,1989,
CEB,BN.CAB.XOKA.GD.ZS,1988,
CEB,BN.CAB.XOKA.GD.ZS,1987,
CEB,BN.CAB.XOKA.GD.ZS,1986,
CEB,BN.CAB.XOKA.GD.ZS,1985,
CEB,BN.CAB.XOKA.GD.ZS,1984,
CEB,BN.CAB.XOKA.GD.ZS,1983,
CEB,BN.CAB.XOKA.GD.ZS,1982,
CEB,BN.CAB.XOKA.GD.ZS,1981,
CEB,BN.CAB.XOKA.GD.ZS,1980,
CEB,BN.CAB.XOKA.GD.ZS,1979,
CEB,BN.CAB.XOKA.GD.ZS,1978,
CEB,BN.CAB.XOKA.GD.ZS,1977,
CEB,BN.CAB.XOKA.GD.ZS,1976,
CEB,BN.CAB.XOKA.GD.ZS,1975,
CEB,BN.CAB.XOKA.GD.ZS,1974,
CEB,BN.CAB.XOKA.GD.ZS,1973,
CEB,BN.CAB.XOKA.GD.ZS,1972,
CEB,BN.CAB.XOKA.GD.ZS,1971,
CEB,BN.CAB.XOKA.GD.ZS,1970,
CEB,BN.CAB.XOKA.GD.ZS,1969,
CEB,BN.CAB.XOKA.GD.ZS,1968,
CEB,BN.CAB.XOKA.GD.ZS,1967,
CEB,BN.CAB.XOKA.GD.ZS,1966,
CEB,BN.CAB.XOKA.GD.ZS,1965,
CEB,BN.CAB.XOKA.GD.ZS,1964,
CEB,BN.CAB.XOKA.GD.ZS,1963,
CEB,BN.CAB.XOKA.GD.ZS,1962,
CEB,BN.CAB.XOKA.GD.ZS,1961,
CEB,BN.CAB.XOKA.GD.ZS,1960,
EAR,BN.CAB.XOKA.GD.ZS,2025,
EAR,BN.CAB.XOKA.GD.ZS,2024,
EAR,BN.CAB.XOKA.GD.ZS,2023,
EAR,BN.CAB.XOKA.GD.ZS,2022,
EAR,BN.CAB.XOKA.GD.ZS,2021,
EAR,BN.CAB.XOKA.GD.ZS,2020,
EAR,BN.CAB.XOKA.GD.ZS,2019,
EAR,BN.CAB.XOKA.GD.ZS,2018,
EAR,BN.CAB.XOKA.GD.ZS,2017,
EAR,BN.CAB.XOKA.GD.ZS,2016,
EAR,BN.CAB.XOKA.GD.ZS,2015,
EAR,BN.CAB.XOKA.GD.ZS,2014,
EAR,BN.CAB.XOKA.GD.ZS,2013,
EAR,BN.CAB.XOKA.GD.ZS,2012,
EAR,BN.CAB.XOKA.GD.ZS,2011,
EAR,BN.CAB.XOKA.GD.ZS,2010,
EAR,BN.CAB.XOKA.GD.ZS,2009,
EAR,BN.CAB.XOKA.GD.ZS,2008,
EAR,BN.CAB.XOKA.GD.ZS,2007,
EAR,BN.CAB.XOKA.GD.ZS,2006,
EAR,BN.CAB.XOKA.GD.ZS,2005,
EAR,BN.CAB.XOKA.GD.ZS,2004,
EAR,BN.CAB.XOKA.GD.ZS,2003,
EAR,BN.CAB.XOKA.GD.ZS,2002,
EAR,BN.CAB.XOKA.GD.ZS,2001,
EAR,BN.CAB.XOKA.GD.ZS,2000,
EAR,BN.CAB.XOKA.GD.ZS,1999,
EAR,BN.CAB.XOKA.GD.ZS,1998,
EAR,BN.CAB.XOKA.GD.ZS,1997,
EAR,BN.CAB.XOKA.GD.ZS,1996,
EAR,BN.CAB.XOKA.GD.ZS,1995,
EAR,BN.CAB.XOKA.GD.ZS,1994,
EAR,BN.CAB.XOKA.GD.ZS,1993,
EAR,BN.CAB.XOKA.GD.ZS,1992,
EAR,BN.CAB.XOKA.GD.ZS,1991,
EAR,BN.CAB.XOKA.GD.ZS,1990,
EAR,BN.CAB.XOKA.GD.ZS,1989,
EAR,BN.CAB.XOKA.GD.ZS,1988,
EAR,BN.CAB.XOKA.GD.ZS,1987,
EAR,BN.CAB.XOKA.GD.ZS,1986,
EAR,BN.CAB.XOKA.GD.ZS,1985,
EAR,BN.CAB.XOKA.GD.ZS,1984,
EAR,BN.CAB.XOKA.GD.ZS,1983,
EAR,BN.CAB.XOKA.GD.ZS,1982,
EAR,BN.CAB.XOKA.GD.ZS,1981,
EAR,BN.CAB.XOKA.GD.ZS,1980,
EAR,BN.CAB.XOKA.GD.ZS,1979,
EAR,BN.CAB.XOKA.GD.ZS,1978,
EAR,BN.CAB.XOKA.GD.ZS,1977,
EAR,BN.CAB.XOKA.GD.ZS,1976,
EAR,BN.CAB.XOKA.GD.ZS,1975,
EAR,BN.CAB.XOKA.GD.ZS,1974,
EAR,BN.CAB.XOKA.GD.ZS,1973,
EAR,BN.CAB.XOKA.GD.ZS,1972,
EAR,BN.CAB.XOKA.GD.ZS,1971,
EAR,BN.CAB.XOKA.GD.ZS,1970,
EAR,BN.CAB.XOKA.GD.ZS,1969,
EAR,BN.CAB.XOKA.GD.ZS,1968,
EAR,BN.CAB.XOKA.GD.ZS,1967,
EAR,BN.CAB.XOKA.GD.ZS,1966,
EAR,BN.CAB.XOKA.GD.ZS,1965,
EAR,BN.CAB.XOKA.GD.ZS,1964,
EAR,BN.CAB.XOKA.GD.ZS,1963,
EAR,BN.CAB.XOKA.GD.ZS,1962,
EAR,BN.CAB.XOKA.GD.ZS,1961,
EAR,BN.CAB.XOKA.GD.ZS,1960,
EAS,BN.CAB.XOKA.GD.ZS,2025,
EAS,BN.CAB.XOKA.GD.ZS,2024,
EAS,BN.CAB.XOKA.GD.ZS,2023,
EAS,BN.CAB.XOKA.GD.ZS,2022,
EAS,BN.CAB.XOKA.GD.ZS,2021,
EAS,BN.CAB.XOKA.GD.ZS,2020,
EAS,BN.CAB.XOKA.GD.ZS,2019,
EAS,BN.CAB.XOKA.GD.ZS,2018,
EAS,BN.CAB.XOKA.GD.ZS,2017,
EAS,BN.CAB.XOKA.GD.ZS,2016,
EAS,BN.CAB.XOKA.GD.ZS,2015,
EAS,BN.CAB.XOKA.GD.ZS,2014,
EAS,BN.CAB.XOKA.GD.ZS,2013,
EAS,BN.CAB.XOKA.GD.ZS,2012,
EAS,BN.CAB.XOKA.GD.ZS,2011,
EAS,BN.CAB.XOKA.GD.ZS,2010,
EAS,BN.CAB.XOKA.GD.ZS,2009,
EAS,BN.CAB.XOKA.GD.ZS,2008,
EAS,BN.CAB.XOKA.GD.ZS,2007,
EAS,BN.CAB.XOKA.GD.ZS,2006,
EAS,BN.CAB.XOKA.GD.ZS,2005,
EAS,BN.CAB.XOKA.GD.ZS,2004,
EAS,BN.CAB.XOKA.GD.ZS,2003,
EAS,BN.CAB.XOKA.GD.ZS,2002,
EAS,BN.CAB.XOKA.GD.ZS,2001,
EAS,BN.CAB.XOKA.GD.ZS,2000,
EAS,BN.CAB.XOKA.GD.ZS,1999,
EAS,BN.CAB.XOKA.GD.ZS,1998,
EAS,BN.CAB.XOKA.GD.ZS,1997,
EAS,BN.CAB.XOKA.GD.ZS,1996,
EAS,BN.CAB.XOKA.GD.ZS,1995,
EAS,BN.CAB.XOKA.GD.ZS,1994,
EAS,BN.CAB.XOKA.GD.ZS,1993,
EAS,BN.CAB.XOKA.GD.ZS,1992,
EAS,BN.CAB.XOKA.GD.ZS,1991,
EAS,BN.CAB.XOKA.GD.ZS,1990,
EAS,BN.CAB.XOKA.GD.ZS,1989,
EAS,BN.CAB.XOKA.GD.ZS,1988,
EAS,BN.CAB.XOKA.GD.ZS,1987,
EAS,BN.CAB.XOKA.GD.ZS,1986,
EAS,BN.CAB.XOKA.GD.ZS,1985,
EAS,BN.CAB.XOKA.GD.ZS,1984,
EAS,BN.CAB.XOKA.GD.ZS,1983,
EAS,BN.CAB.XOKA.GD.ZS,1982,
EAS,BN.CAB.XOKA.GD.ZS,1981,
EAS,BN.CAB.XOKA.GD.ZS,1980,
EAS,BN.CAB.XOKA.GD.ZS,1979,
EAS,BN.CAB.XOKA.GD.ZS,1978,
EAS,BN.CAB.XOKA.GD.ZS,1977,
EAS,BN.CAB.XOKA.GD.ZS,1976,
EAS,BN.CAB.XOKA.GD.ZS,1975,
EAS,BN.CAB.XOKA.GD.ZS,1974,
EAS,BN.CAB.XOKA.GD.ZS,1973,
EAS,BN.CAB.XOKA.GD.ZS,1972,
EAS,BN.CAB.XOKA.GD.ZS,1971,
EAS,BN.CAB.XOKA.GD.ZS,1970,
EAS,BN.CAB.XOKA.GD.ZS,1969,
EAS,BN.CAB.XOKA.GD.ZS,1968,
EAS,BN.CAB.XOKA.GD.ZS,1967,
EAS,BN.CAB.XOKA.GD.ZS,1966,
EAS,BN.CAB.XOKA.GD.ZS,1965,
EAS,BN.CAB.XOKA.GD.ZS,1964,
EAS,BN.CAB.XOKA.GD.ZS,1963,
EAS,BN.CAB.XOKA.GD.ZS,1962,
EAS,BN.CAB.XOKA.GD.ZS,1961,
EAS,BN.CAB.XOKA.GD.ZS,1960,
EAP,BN.CAB.XOKA.GD.ZS,2025,
EAP,BN.CAB.XOKA.GD.ZS,2024,
EAP,BN.CAB.XOKA.GD.ZS,2023,
EAP,BN.CAB.XOKA.GD.ZS,2022,
EAP,BN.CAB.XOKA.GD.ZS,2021,
EAP,BN.CAB.XOKA.GD.ZS,2020,
EAP,BN.CAB.XOKA.GD.ZS,2019,
EAP,BN.CAB.XOKA.GD.ZS,2018,
EAP,BN.CAB.XOKA.GD.ZS,2017,
EAP,BN.CAB.XOKA.GD.ZS,2016,
EAP,BN.CAB.XOKA.GD.ZS,2015,
EAP,BN.CAB.XOKA.GD.ZS,2014,
EAP,BN.CAB.XOKA.GD.ZS,2013,
EAP,BN.CAB.XOKA.GD.ZS,2012,
EAP,BN.CAB.XOKA.GD.ZS,2011,
EAP,BN.CAB.XOKA.GD.ZS,2010,
EAP,BN.CAB.XOKA.GD.ZS,2009,
EAP,BN.CAB.XOKA.GD.ZS,2008,
EAP,BN.CAB.XOKA.GD.ZS,2007,
EAP,BN.CAB.XOKA.GD.ZS,2006,
EAP,BN.CAB.XOKA.GD.ZS,2005,
EAP,BN.CAB.XOKA.GD.ZS,2004,
EAP,BN.CAB.XOKA.GD.ZS,2003,
EAP,BN.CAB.XOKA.GD.ZS,2002,
EAP,BN.CAB.XOKA.GD.ZS,2001,
EAP,BN.CAB.XOKA.GD.ZS,2000,
EAP,BN.CAB.XOKA.GD.ZS,1999,
EAP,BN.CAB.XOKA.GD.ZS,1998,
EAP,BN.CAB.XOKA.GD.ZS,1997,
EAP,BN.CAB.XOKA.GD.ZS,1996,
EAP,BN.CAB.XOKA.GD.ZS,1995,
EAP,BN.CAB.XOKA.GD.ZS,1994,
EAP,BN.CAB.XOKA.GD.ZS,1993,
EAP,BN.CAB.XOKA.GD.ZS,1992,
EAP,BN.CAB.XOKA.GD.ZS,1991,
EAP,BN.CAB.XOKA.GD.ZS,1990,
EAP,BN.CAB.XOKA.GD.ZS,1989,
EAP,BN.CAB.XOKA.GD.ZS,1988,
EAP,BN.CAB.XOKA.GD.ZS,1987,
EAP,BN.CAB.XOKA.GD.ZS,1986,
EAP,BN.CAB.XOKA.GD.ZS,1985,
EAP,BN.CAB.XOKA.GD.ZS,1984,
EAP,BN.CAB.XOKA.GD.ZS,1983,
EAP,BN.CAB.XOKA.GD.ZS,1982,
EAP,BN.CAB.XOKA.GD.ZS,1981,
EAP,BN.CAB.XOKA.GD.ZS,1980,
EAP,BN.CAB.XOKA.GD.ZS,1979,
EAP,BN.CAB.XOKA.GD.ZS,1978,
EAP,BN.CAB.XOKA.GD.ZS,1977,
EAP,BN.CAB.XOKA.GD.ZS,1976,
EAP,BN.CAB.XOKA.GD.ZS,1975,
EAP,BN.CAB.XOKA.GD.ZS,1974,
EAP,BN.CAB.XOKA.GD.ZS,1973,
EAP,BN.CAB.XOKA.GD.ZS,1972,
EAP,BN.CAB.XOKA.GD.ZS,1971,
EAP,BN.CAB.XOKA.GD.ZS,1970,
EAP,BN.CAB.XOKA.GD.ZS,1969,
EAP,BN.CAB.XOKA.GD.ZS,1968,
EAP,BN.CAB.XOKA.GD.ZS,1967,
EAP,BN.CAB.XOKA.GD.ZS,1966,
EAP,BN.CAB.XOKA.GD.ZS,1965,
EAP,BN.CAB.XOKA.GD.ZS,1964,
EAP,BN.CAB.XOKA.GD.ZS,1963,
EAP,BN.CAB.XOKA.GD.ZS,1962,
EAP,BN.CAB.XOKA.GD.ZS,1961,
EAP,BN.CAB.XOKA.GD.ZS,1960,
TEA,BN.CAB.XOKA.GD.ZS,2025,
TEA,BN.CAB.XOKA.GD.ZS,2024,
TEA,BN.CAB.XOKA.GD.ZS,2023,
TEA,BN.CAB.XOKA.GD.ZS,2022,
TEA,BN.CAB.XOKA.GD.ZS,2021,
TEA,BN.CAB.XOKA.GD.ZS,2020,
TEA,BN.CAB.XOKA.GD.ZS,2019,
TEA,BN.CAB.XOKA.GD.ZS,2018,
TEA,BN.CAB.XOKA.GD.ZS,2017,
TEA,BN.CAB.XOKA.GD.ZS,2016,
TEA,BN.CAB.XOKA.GD.ZS,2015,
TEA,BN.CAB.XOKA.GD.ZS,2014,
TEA,BN.CAB.XOKA.GD.ZS,2013,
TEA,BN.CAB.XOKA.GD.ZS,2012,
TEA,BN.CAB.XOKA.GD.ZS,2011,
TEA,BN.CAB.XOKA.GD.ZS,2010,
TEA,BN.CAB.XOKA.GD.ZS,2009,
TEA,BN.CAB.XOKA.GD.ZS,2008,
TEA,BN.CAB.XOKA.GD.ZS,2007,
TEA,BN.CAB.XOKA.GD.ZS,2006,
TEA,BN.CAB.XOKA.GD.ZS,2005,
TEA,BN.CAB.XOKA.GD.ZS,2004,
TEA,BN.CAB.XOKA.GD.ZS,2003,
TEA,BN.CAB.XOKA.GD.ZS,2002,
TEA,BN.CAB.XOKA.GD.ZS,2001,
TEA,BN.CAB.XOKA.GD.ZS,2000,
TEA,BN.CAB.XOKA.GD.ZS,1999,
TEA,BN.CAB.XOKA.GD.ZS,1998,
TEA,BN.CAB.XOKA.GD.ZS,1997,
TEA,BN.CAB.XOKA.GD.ZS,1996,
TEA,BN.CAB.XOKA.GD.ZS,1995,
TEA,BN.CAB.XOKA.GD.ZS,1994,
TEA,BN.CAB.XOKA.GD.ZS,1993,
TEA,BN.CAB.XOKA.GD.ZS,1992,
TEA,BN.CAB.XOKA.GD.ZS,1991,
TEA,BN.CAB.XOKA.GD.ZS,1990,
TEA,BN.CAB.XOKA.GD.ZS,1989,
TEA,BN.CAB.XOKA.GD.ZS,1988,
TEA,BN.CAB.XOKA.GD.ZS,1987,
TEA,BN.CAB.XOKA.GD.ZS,1986,
TEA,BN.CAB.XOKA.GD.ZS,1985,
TEA,BN.CAB.XOKA.GD.ZS,1984,
TEA,BN.CAB.XOKA.GD.ZS,1983,
TEA,BN.CAB.XOKA.GD.ZS,1982,
TEA,BN.CAB.XOKA.GD.ZS,1981,
TEA,BN.CAB.XOKA.GD.ZS,1980,
TEA,BN.CAB.XOKA.GD.ZS,1979,
TEA,BN.CAB.XOKA.GD.ZS,1978,
TEA,BN.CAB.XOKA.GD.ZS,1977,
TEA,BN.CAB.XOKA.GD.ZS,1976,
TEA,BN.CAB.XOKA.GD.ZS,1975,
TEA,BN.CAB.XOKA.GD.ZS,1974,
TEA,BN.CAB.XOKA.GD.ZS,1973,
TEA,BN.CAB.XOKA.GD.ZS,1972,
TEA,BN.CAB.XOKA.GD.ZS,1971,
TEA,BN.CAB.XOKA.GD.ZS,1970,
TEA,BN.CAB.XOKA.GD.ZS,1969,
TEA,BN.CAB.XOKA.GD.ZS,1968,
TEA,BN.CAB.XOKA.GD.ZS,1967,
TEA,BN.CAB.XOKA.GD.ZS,1966,
TEA,BN.CAB.XOKA.GD.ZS,1965,
TEA,BN.CAB.XOKA.GD.ZS,1964,
TEA,BN.CAB.XOKA.GD.ZS,1963,
TEA,BN.CAB.XOKA.GD.ZS,1962,
TEA,BN.CAB.XOKA.GD.ZS,1961,
TEA,BN.CAB.XOKA.GD.ZS,1960,
EMU,BN.CAB.XOKA.GD.ZS,2025,
EMU,BN.CAB.XOKA.GD.ZS,2024,
EMU,BN.CAB.XOKA.GD.ZS,2023,
EMU,BN.CAB.XOKA.GD.ZS,2022,
EMU,BN.CAB.XOKA.GD.ZS,2021,
EMU,BN.CAB.XOKA.GD.ZS,2020,
EMU,BN.CAB.XOKA.GD.ZS,2019,
EMU,BN.CAB.XOKA.GD.ZS,2018,
EMU,BN.CAB.XOKA.GD.ZS,2017,
EMU,BN.CAB.XOKA.GD.ZS,2016,
EMU,BN.CAB.XOKA.GD.ZS,2015,
EMU,BN.CAB.XOKA.GD.ZS,2014,
EMU,BN.CAB.XOKA.GD.ZS,2013,
EMU,BN.CAB.XOKA.GD.ZS,2012,
EMU,BN.CAB.XOKA.GD.ZS,2011,
EMU,BN.CAB.XOKA.GD.ZS,2010,
EMU,BN.CAB.XOKA.GD.ZS,2009,
EMU,BN.CAB.XOKA.GD.ZS,2008,
EMU,BN.CAB.XOKA.GD.ZS,2007,
EMU,BN.CAB.XOKA.GD.ZS,2006,
EMU,BN.CAB.XOKA.GD.ZS,2005,
EMU,BN.CAB.XOKA.GD.ZS,2004,
EMU,BN.CAB.XOKA.GD.ZS,2003,
EMU,BN.CAB.XOKA.GD.ZS,2002,
EMU,BN.CAB.XOKA.GD.ZS,2001,
EMU,BN.CAB.XOKA.GD.ZS,2000,
EMU,BN.CAB.XOKA.GD.ZS,1999,
EMU,BN.CAB.XOKA.GD.ZS,1998,
EMU,BN.CAB.XOKA.GD.ZS,1997,
EMU,BN.CAB.XOKA.GD.ZS,1996,
EMU,BN.CAB.XOKA.GD.ZS,1995,
EMU,BN.CAB.XOKA.GD.ZS,1994,
EMU,BN.CAB.XOKA.GD.ZS,1993,
EMU,BN.CAB.XOKA.GD.ZS,1992,
EMU,BN.CAB.XOKA.GD.ZS,1991,
EMU,BN.CAB.XOKA.GD.ZS,1990,
EMU,BN.CAB.XOKA.GD.ZS,1989,
EMU,BN.CAB.XOKA.GD.ZS,1988,
EMU,BN.CAB.XOKA.GD.ZS,1987,
EMU,BN.CAB.XOKA.GD.ZS,1986,
EMU,BN.CAB.XOKA.GD.ZS,1985,
EMU,BN.CAB.XOKA.GD.ZS,1984,
EMU,BN.CAB.XOKA.GD.ZS,1983,
EMU,BN.CAB.XOKA.GD.ZS,1982,
EMU,BN.CAB.XOKA.GD.ZS,1981,
EMU,BN.CAB.XOKA.GD.ZS,1980,
EMU,BN.CAB.XOKA.GD.ZS,1979,
EMU,BN.CAB.XOKA.GD.ZS,1978,
EMU,BN.CAB.XOKA.GD.ZS,1977,
EMU,BN.CAB.XOKA.GD.ZS,1976,
EMU,BN.CAB.XOKA.GD.ZS,1975,
EMU,BN.CAB.XOKA.GD.ZS,1974,
EMU,BN.CAB.XOKA.GD.ZS,1973,
EMU,BN.CAB.XOKA.GD.ZS,1972,
EMU,BN.CAB.XOKA.GD.ZS,1971,
EMU,BN.CAB.XOKA.GD.ZS,1970,
EMU,BN.CAB.XOKA.GD.ZS,1969,
EMU,BN.CAB.XOKA.GD.ZS,1968,
EMU,BN.CAB.XOKA.GD.ZS,1967,
EMU,BN.CAB.XOKA.GD.ZS,1966,
EMU,BN.CAB.XOKA.GD.ZS,1965,
EMU,BN.CAB.XOKA.GD.ZS,1964,
EMU,BN.CAB.XOKA.GD.ZS,1963,
EMU,BN.CAB.XOKA.GD.ZS,1962,
EMU,BN.CAB.XOKA.GD.ZS,1961,
EMU,BN.CAB.XOKA.GD.ZS,1960,
ECS,BN.CAB.XOKA.GD.ZS,2025,
ECS,BN.CAB.XOKA.GD.ZS,2024,
ECS,BN.CAB.XOKA.GD.ZS,2023,
ECS,BN.CAB.XOKA.GD.ZS,2022,
ECS,BN.CAB.XOKA.GD.ZS,2021,
ECS,BN.CAB.XOKA.GD.ZS,2020,
ECS,BN.CAB.XOKA.GD.ZS,2019,
ECS,BN.CAB.XOKA.GD.ZS,2018,
ECS,BN.CAB.XOKA.GD.ZS,2017,
ECS,BN.CAB.XOKA.GD.ZS,2016,
ECS,BN.CAB.XOKA.GD.ZS,2015,
ECS,BN.CAB.XOKA.GD.ZS,2014,
ECS,BN.CAB.XOKA.GD.ZS,2013,
ECS,BN.CAB.XOKA.GD.ZS,2012,
ECS,BN.CAB.XOKA.GD.ZS,2011,
ECS,BN.CAB.XOKA.GD.ZS,2010,
ECS,BN.CAB.XOKA.GD.ZS,2009,
ECS,BN.CAB.XOKA.GD.ZS,2008,
ECS,BN.CAB.XOKA.GD.ZS,2007,
ECS,BN.CAB.XOKA.GD.ZS,2006,
ECS,BN.CAB.XOKA.GD.ZS,2005,
ECS,BN.CAB.XOKA.GD.ZS,2004,
ECS,BN.CAB.XOKA.GD.ZS,2003,
ECS,BN.CAB.XOKA.GD.ZS,2002,
ECS,BN.CAB.XOKA.GD.ZS,2001,
ECS,BN.CAB.XOKA.GD.ZS,2000,
ECS,BN.CAB.XOKA.GD.ZS,1999,
ECS,BN.CAB.XOKA.GD.ZS,1998,
ECS,BN.CAB.XOKA.GD.ZS,1997,
ECS,BN.CAB.XOKA.GD.ZS,1996,
ECS,BN.CAB.XOKA.GD.ZS,1995,
ECS,BN.CAB.XOKA.GD.ZS,1994,
ECS,BN.CAB.XOKA.GD.ZS,1993,
ECS,BN.CAB.XOKA.GD.ZS,1992,
ECS,BN.CAB.XOKA.GD.ZS,1991,
ECS,BN.CAB.XOKA.GD.ZS,1990,
ECS,BN.CAB.XOKA.GD.ZS,1989,
ECS,BN.CAB.XOKA.GD.ZS,1988,
ECS,BN.CAB.XOKA.GD.ZS,1987,
ECS,BN.CAB.XOKA.GD.ZS,1986,
ECS,BN.CAB.XOKA.GD.ZS,1985,
ECS,BN.CAB.XOKA.GD.ZS,1984,
ECS,BN.CAB.XOKA.GD.ZS,1983,
ECS,BN.CAB.XOKA.GD.ZS,1982,
ECS,BN.CAB.XOKA.GD.ZS,1981,
ECS,BN.CAB.XOKA.GD.ZS,1980,
ECS,BN.CAB.XOKA.GD.ZS,1979,
ECS,BN.CAB.XOKA.GD.ZS,1978,
ECS,BN.CAB.XOKA.GD.ZS,1977,
ECS,BN.CAB.XOKA.GD.ZS,1976,
ECS,BN.CAB.XOKA.GD.ZS,1975,
ECS,BN.CAB.XOKA.GD.ZS,1974,
ECS,BN.CAB.XOKA.GD.ZS,1973,
ECS,BN.CAB.XOKA.GD.ZS,1972,
ECS,BN.CAB.XOKA.GD.ZS,1971,
ECS,BN.CAB.XOKA.GD.ZS,1970,
ECS,BN.CAB.XOKA.GD.ZS,1969,
ECS,BN.CAB.XOKA.GD.ZS,1968,
ECS,BN.CAB.XOKA.GD.ZS,1967,
ECS,BN.CAB.XOKA.GD.ZS,1966,
ECS,BN.CAB.XOKA.GD.ZS,1965,
ECS,BN.CAB.XOKA.GD.ZS,1964,
ECS,BN.CAB.XOKA.GD.ZS,1963,
ECS,BN.CAB.XOKA.GD.ZS,1962,
ECS,BN.CAB.XOKA.GD.ZS,1961,
ECS,BN.CAB.XOKA.GD.ZS,1960,
ECA,BN.CAB.XOKA.GD.ZS,2025,
ECA,BN.CAB.XOKA.GD.ZS,2024,
ECA,BN.CAB.XOKA.GD.ZS,2023,
ECA,BN.CAB.XOKA.GD.ZS,2022,
ECA,BN.CAB.XOKA.GD.ZS,2021,
ECA,BN.CAB.XOKA.GD.ZS,2020,
ECA,BN.CAB.XOKA.GD.ZS,2019,
ECA,BN.CAB.XOKA.GD.ZS,2018,
ECA,BN.CAB.XOKA.GD.ZS,2017,
ECA,BN.CAB.XOKA.GD.ZS,2016,
ECA,BN.CAB.XOKA.GD.ZS,2015,
ECA,BN.CAB.XOKA.GD.ZS,2014,
ECA,BN.CAB.XOKA.GD.ZS,2013,
ECA,BN.CAB.XOKA.GD.ZS,2012,
ECA,BN.CAB.XOKA.GD.ZS,2011,
ECA,BN.CAB.XOKA.GD.ZS,2010,
ECA,BN.CAB.XOKA.GD.ZS,2009,
ECA,BN.CAB.XOKA.GD.ZS,2008,
ECA,BN.CAB.XOKA.GD.ZS,2007,
ECA,BN.CAB.XOKA.GD.ZS,2006,
ECA,BN.CAB.XOKA.GD.ZS,2005,
ECA,BN.CAB.XOKA.GD.ZS,2004,
ECA,BN.CAB.XOKA.GD.ZS,2003,
ECA,BN.CAB.XOKA.GD.ZS,2002,
ECA,BN.CAB.XOKA.GD.ZS,2001,
ECA,BN.CAB.XOKA.GD.ZS,2000,
ECA,BN.CAB.XOKA.GD.ZS,1999,
ECA,BN.CAB.XOKA.GD.ZS,1998,
ECA,BN.CAB.XOKA.GD.ZS,1997,
ECA,BN.CAB.XOKA.GD.ZS,1996,
ECA,BN.CAB.XOKA.GD.ZS,1995,
ECA,BN.CAB.XOKA.GD.ZS,1994,
ECA,BN.CAB.XOKA.GD.ZS,1993,
ECA,BN.CAB.XOKA.GD.ZS,1992,
ECA,BN.CAB.XOKA.GD.ZS,1991,
ECA,BN.CAB.XOKA.GD.ZS,1990,
ECA,BN.CAB.XOKA.GD.ZS,1989,
ECA,BN.CAB.XOKA.GD.ZS,1988,
ECA,BN.CAB.XOKA.GD.ZS,1987,
ECA,BN.CAB.XOKA.GD.ZS,1986,
ECA,BN.CAB.XOKA.GD.ZS,1985,
ECA,BN.CAB.XOKA.GD.ZS,1984,
ECA,BN.CAB.XOKA.GD.ZS,1983,
ECA,BN.CAB.XOKA.GD.ZS,1982,
ECA,BN.CAB.XOKA.GD.ZS,1981,
ECA,BN.CAB.XOKA.GD.ZS,1980,
ECA,BN.CAB.XOKA.GD.ZS,1979,
ECA,BN.CAB.XOKA.GD.ZS,1978,
ECA,BN.CAB.XOKA.GD.ZS,1977,
ECA,BN.CAB.XOKA.GD.ZS,1976,
ECA,BN.CAB.XOKA.GD.ZS,1975,
ECA,BN.CAB.XOKA.GD.ZS,1974,
ECA,BN.CAB.XOKA.GD.ZS,1973,
ECA,BN.CAB.XOKA.GD.ZS,1972,
ECA,BN.CAB.XOKA.GD.ZS,1971,
ECA,BN.CAB.XOKA.GD.ZS,1970,
ECA,BN.CAB.XOKA.GD.ZS,1969,
ECA,BN.CAB.XOKA.GD.ZS,1968,
ECA,BN.CAB.XOKA.GD.ZS,1967,
ECA,BN.CAB.XOKA.GD.ZS,1966,
ECA,BN.CAB.XOKA.GD.ZS,1965,
ECA,BN.CAB.XOKA.GD.ZS,1964,
ECA,BN.CAB.XOKA.GD.ZS,1963,
ECA,BN.CAB.XOKA.GD.ZS,1962,
ECA,BN.CAB.XOKA.GD.ZS,1961,
ECA,BN.CAB.XOKA.GD.ZS,1960,
TEC,BN.CAB.XOKA.GD.ZS,2025,
TEC,BN.CAB.XOKA.GD.ZS,2024,
TEC,BN.CAB.XOKA.GD.ZS,2023,
TEC,BN.CAB.XOKA.GD.ZS,2022,
TEC,BN.CAB.XOKA.GD.ZS,2021,
TEC,BN.CAB.XOKA.GD.ZS,2020,
TEC,BN.CAB.XOKA.GD.ZS,2019,
TEC,BN.CAB.XOKA.GD.ZS,2018,
TEC,BN.CAB.XOKA.GD.ZS,2017,
TEC,BN.CAB.XOKA.GD.ZS,2016,
TEC,BN.CAB.XOKA.GD.ZS,2015,
TEC,BN.CAB.XOKA.GD.ZS,2014,
TEC,BN.CAB.XOKA.GD.ZS,2013,
TEC,BN.CAB.XOKA.GD.ZS,2012,
TEC,BN.CAB.XOKA.GD.ZS,2011,
TEC,BN.CAB.XOKA.GD.ZS,2010,
TEC,BN.CAB.XOKA.GD.ZS,2009,
TEC,BN.CAB.XOKA.GD.ZS,2008,
TEC,BN.CAB.XOKA.GD.ZS,2007,
TEC,BN.CAB.XOKA.GD.ZS,2006,
TEC,BN.CAB.XOKA.GD.ZS,2005,
TEC,BN.CAB.XOKA.GD.ZS,2004,
TEC,BN.CAB.XOKA.GD.ZS,2003,
TEC,BN.CAB.XOKA.GD.ZS,2002,
TEC,BN.CAB.XOKA.GD.ZS,2001,
TEC,BN.CAB.XOKA.GD.ZS,2000,
TEC,BN.CAB.XOKA.GD.ZS,1999,
TEC,BN.CAB.XOKA.GD.ZS,1998,
TEC,BN.CAB.XOKA.GD.ZS,1997,
TEC,BN.CAB.XOKA.GD.ZS,1996,
TEC,BN.CAB.XOKA.GD.ZS,1995,
TEC,BN.CAB.XOKA.GD.ZS,1994,
TEC,BN.CAB.XOKA.GD.ZS,1993,
TEC,BN.CAB.XOKA.GD.ZS,1992,
TEC,BN.CAB.XOKA.GD.ZS,1991,
TEC,BN.CAB.XOKA.GD.ZS,1990,
TEC,BN.CAB.XOKA.GD.ZS,1989,
TEC,BN.CAB.XOKA.GD.ZS,1988,
TEC,BN.CAB.XOKA.GD.ZS,1987,
TEC,BN.CAB.XOKA.GD.ZS,1986,
TEC,BN.CAB.XOKA.GD.ZS,1985,
TEC,BN.CAB.XOKA.GD.ZS,1984,
TEC,BN.CAB.XOKA.GD.ZS,1983,
TEC,BN.CAB.XOKA.GD.ZS,1982,
TEC,BN.CAB.XOKA.GD.ZS,1981,
TEC,BN.CAB.XOKA.GD.ZS,1980,
TEC,BN.CAB.XOKA.GD.ZS,1979,
TEC,BN.CAB.XOKA.GD.ZS,1978,
TEC,BN.CAB.XOKA.GD.ZS,1977,
TEC,BN.CAB.XOKA.GD.ZS,1976,
TEC,BN.CAB.XOKA.GD.ZS,1975,
TEC,BN.CAB.XOKA.GD.ZS,1974,
TEC,BN.CAB.XOKA.GD.ZS,1973,
TEC,BN.CAB.XOKA.GD.ZS,1972,
TEC,BN.CAB.XOKA.GD.ZS,1971,
TEC,BN.CAB.XOKA.GD.ZS,1970,
TEC,BN.CAB.XOKA.GD.ZS,1969,
TEC,BN.CAB.XOKA.GD.ZS,1968,
TEC,BN.CAB.XOKA.GD.ZS,1967,
TEC,BN.CAB.XOKA.GD.ZS,1966,
TEC,BN.CAB.XOKA.GD.ZS,1965,
TEC,BN.CAB.XOKA.GD.ZS,1964,
TEC,BN.CAB.XOKA.GD.ZS,1963,
TEC,BN.CAB.XOKA.GD.ZS,1962,
TEC,BN.CAB.XOKA.GD.ZS,1961,
TEC,BN.CAB.XOKA.GD.ZS,1960,
EUU,BN.CAB.XOKA.GD.ZS,2025,
EUU,BN.CAB.XOKA.GD.ZS,2024,
EUU,BN.CAB.XOKA.GD.ZS,2023,
EUU,BN.CAB.XOKA.GD.ZS,2022,
EUU,BN.CAB.XOKA.GD.ZS,2021,
EUU,BN.CAB.XOKA.GD.ZS,2020,
EUU,BN.CAB.XOKA.GD.ZS,2019,
EUU,BN.CAB.XOKA.GD.ZS,2018,
EUU,BN.CAB.XOKA.GD.ZS,2017,
EUU,BN.CAB.XOKA.GD.ZS,2016,
EUU,BN.CAB.XOKA.GD.ZS,2015,
EUU,BN.CAB.XOKA.GD.ZS,2014,
EUU,BN.CAB.XOKA.GD.ZS,2013,
EUU,BN.CAB.XOKA.GD.ZS,2012,
EUU,BN.CAB.XOKA.GD.ZS,2011,
EUU,BN.CAB.XOKA.GD.ZS,2010,
EUU,BN.CAB.XOKA.GD.ZS,2009,
EUU,BN.CAB.XOKA.GD.ZS,2008,
EUU,BN.CAB.XOKA.GD.ZS,2007,
EUU,BN.CAB.XOKA.GD.ZS,2006,
EUU,BN.CAB.XOKA.GD.ZS,2005,
EUU,BN.CAB.XOKA.GD.ZS,2004,
EUU,BN.CAB.XOKA.GD.ZS,2003,
EUU,BN.CAB.XOKA.GD.ZS,2002,
EUU,BN.CAB.XOKA.GD.ZS,2001,
EUU,BN.CAB.XOKA.GD.ZS,2000,
EUU,BN.CAB.XOKA.GD.ZS,1999,
EUU,BN.CAB.XOKA.GD.ZS,1998,
EUU,BN.CAB.XOKA.GD.ZS,1997,
EUU,BN.CAB.XOKA.GD.ZS,1996,
EUU,BN.CAB.XOKA.GD.ZS,1995,
EUU,BN.CAB.XOKA.GD.ZS,1994,
EUU,BN.CAB.XOKA.GD.ZS,1993,
EUU,BN.CAB.XOKA.GD.ZS,1992,
EUU,BN.CAB.XOKA.GD.ZS,1991,
EUU,BN.CAB.XOKA.GD.ZS,1990,
EUU,BN.CAB.XOKA.GD.ZS,1989,
EUU,BN.CAB.XOKA.GD.ZS,1988,
EUU,BN.CAB.XOKA.GD.ZS,1987,
EUU,BN.CAB.XOKA.GD.ZS,1986,
EUU,BN.CAB.XOKA.GD.ZS,1985,
EUU,BN.CAB.XOKA.GD.ZS,1984,
EUU,BN.CAB.XOKA.GD.ZS,1983,
EUU,BN.CAB.XOKA.GD.ZS,1982,
EUU,BN.CAB.XOKA.GD.ZS,1981,
EUU,BN.CAB.XOKA.GD.ZS,1980,
EUU,BN.CAB.XOKA.GD.ZS,1979,
EUU,BN.CAB.XOKA.GD.ZS,1978,
EUU,BN.CAB.XOKA.GD.ZS,1977,
EUU,BN.CAB.XOKA.GD.ZS,1976,
EUU,BN.CAB.XOKA.GD.ZS,1975,
EUU,BN.CAB.XOKA.GD.ZS,1974,
EUU,BN.CAB.XOKA.GD.ZS,1973,
EUU,BN.CAB.XOKA.GD.ZS,1972,
EUU,BN.CAB.XOKA.GD.ZS,1971,
EUU,BN.CAB.XOKA.GD.ZS,1970,
EUU,BN.CAB.XOKA.GD.ZS,1969,
EUU,BN.CAB.XOKA.GD.ZS,1968,
EUU,BN.CAB.XOKA.GD.ZS,1967,
EUU,BN.CAB.XOKA.GD.ZS,1966,
EUU,BN.CAB.XOKA.GD.ZS,1965,
EUU,BN.CAB.XOKA.GD.ZS,1964,
EUU,BN.CAB.XOKA.GD.ZS,1963,
EUU,BN.CAB.XOKA.GD.ZS,1962,
EUU,BN.CAB.XOKA.GD.ZS,1961,
EUU,BN.CAB.XOKA.GD.ZS,1960,
FCS,BN.CAB.XOKA.GD.ZS,2025,
FCS,BN.CAB.XOKA.GD.ZS,2024,
FCS,BN.CAB.XOKA.GD.ZS,2023,
FCS,BN.CAB.XOKA.GD.ZS,2022,
FCS,BN.CAB.XOKA.GD.ZS,2021,
FCS,BN.CAB.XOKA.GD.ZS,2020,
FCS,BN.CAB.XOKA.GD.ZS,2019,
FCS,BN.CAB.XOKA.GD.ZS,2018,
FCS,BN.CAB.XOKA.GD.ZS,2017,
FCS,BN.CAB.XOKA.GD.ZS,2016,
FCS,BN.CAB.XOKA.GD.ZS,2015,
FCS,BN.CAB.XOKA.GD.ZS,2014,
FCS,BN.CAB.XOKA.GD.ZS,2013,
FCS,BN.CAB.XOKA.GD.ZS,2012,
FCS,BN.CAB.XOKA.GD.ZS,2011,
FCS,BN.CAB.XOKA.GD.ZS,2010,
FCS,BN.CAB.XOKA.GD.ZS,2009,
FCS,BN.CAB.XOKA.GD.ZS,2008,
FCS,BN.CAB.XOKA.GD.ZS,2007,
FCS,BN.CAB.XOKA.GD.ZS,2006,
FCS,BN.CAB.XOKA.GD.ZS,2005,
FCS,BN.CAB.XOKA.GD.ZS,2004,
FCS,BN.CAB.XOKA.GD.ZS,2003,
FCS,BN.CAB.XOKA.GD.ZS,2002,
FCS,BN.CAB.XOKA.GD.ZS,2001,
FCS,BN.CAB.XOKA.GD.ZS,2000,
FCS,BN.CAB.XOKA.GD.ZS,1999,
FCS,BN.CAB.XOKA.GD.ZS,1998,
FCS,BN.CAB.XOKA.GD.ZS,1997,
FCS,BN.CAB.XOKA.GD.ZS,1996,
FCS,BN.CAB.XOKA.GD.ZS,1995,
FCS,BN.CAB.XOKA.GD.ZS,1994,
FCS,BN.CAB.XOKA.GD.ZS,1993,
FCS,BN.CAB.XOKA.GD.ZS,1992,
FCS,BN.CAB.XOKA.GD.ZS,1991,
FCS,BN.CAB.XOKA.GD.ZS,1990,
FCS,BN.CAB.XOKA.GD.ZS,1989,
FCS,BN.CAB.XOKA.GD.ZS,1988,
FCS,BN.CAB.XOKA.GD.ZS,1987,
FCS,BN.CAB.XOKA.GD.ZS,1986,
FCS,BN.CAB.XOKA.GD.ZS,1985,
FCS,BN.CAB.XOKA.GD.ZS,1984,
FCS,BN.CAB.XOKA.GD.ZS,1983,
FCS,BN.CAB.XOKA.GD.ZS,1982,
FCS,BN.CAB.XOKA.GD.ZS,1981,
FCS,BN.CAB.XOKA.GD.ZS,1980,
FCS,BN.CAB.XOKA.GD.ZS,1979,
FCS,BN.CAB.XOKA.GD.ZS,1978,
FCS,BN.CAB.XOKA.GD.ZS,1977,
FCS,BN.CAB.XOKA.GD.ZS,1976,
FCS,BN.CAB.XOKA.GD.ZS,1975,
FCS,BN.CAB.XOKA.GD.ZS,1974,
FCS,BN.CAB.XOKA.GD.ZS,1973,
FCS,BN.CAB.XOKA.GD.ZS,1972,
FCS,BN.CAB.XOKA.GD.ZS,1971,
FCS,BN.CAB.XOKA.GD.ZS,1970,
FCS,BN.CAB.XOKA.GD.ZS,1969,
FCS,BN.CAB.XOKA.GD.ZS,1968,
FCS,BN.CAB.XOKA.GD.ZS,1967,
FCS,BN.CAB.XOKA.GD.ZS,1966,
FCS,BN.CAB.XOKA.GD.ZS,1965,
FCS,BN.CAB.XOKA.GD.ZS,1964,
FCS,BN.CAB.XOKA.GD.ZS,1963,
FCS,BN.CAB.XOKA.GD.ZS,1962,
FCS,BN.CAB.XOKA.GD.ZS,1961,
FCS,BN.CAB.XOKA.GD.ZS,1960,
HPC,BN.CAB.XOKA.GD.ZS,2025,
HPC,BN.CAB.XOKA.GD.ZS,2024,
HPC,BN.CAB.XOKA.GD.ZS,2023,
HPC,BN.CAB.XOKA.GD.ZS,2022,
HPC,BN.CAB.XOKA.GD.ZS,2021,
HPC,BN.CAB.XOKA.GD.ZS,2020,
HPC,BN.CAB.XOKA.GD.ZS,2019,
HPC,BN.CAB.XOKA.GD.ZS,2018,
HPC,BN.CAB.XOKA.GD.ZS,2017,
HPC,BN.CAB.XOKA.GD.ZS,2016,
HPC,BN.CAB.XOKA.GD.ZS,2015,
HPC,BN.CAB.XOKA.GD.ZS,2014,
HPC,BN.CAB.XOKA.GD.ZS,2013,
HPC,BN.CAB.XOKA.GD.ZS,2012,
HPC,BN.CAB.XOKA.GD.ZS,2011,
HPC,BN.CAB.XOKA.GD.ZS,2010,
HPC,BN.CAB.XOKA.GD.ZS,2009,
HPC,BN.CAB.XOKA.GD.ZS,2008,
HPC,BN.CAB.XOKA.GD.ZS,2007,
HPC,BN.CAB.XOKA.GD.ZS,2006,
HPC,BN.CAB.XOKA.GD.ZS,2005,
HPC,BN.CAB.XOKA.GD.ZS,2004,
HPC,BN.CAB.XOKA.GD.ZS,2003,
HPC,BN.CAB.XOKA.GD.ZS,2002,
HPC,BN.CAB.XOKA.GD.ZS,2001,
HPC,BN.CAB.XOKA.GD.ZS,2000,
HPC,BN.CAB.XOKA.GD.ZS,1999,
HPC,BN.CAB.XOKA.GD.ZS,1998,
HPC,BN.CAB.XOKA.GD.ZS,1997,
HPC,BN.CAB.XOKA.GD.ZS,1996,
HPC,BN.CAB.XOKA.GD.ZS,1995,
HPC,BN.CAB.XOKA.GD.ZS,1994,
HPC,BN.CAB.XOKA.GD.ZS,1993,
HPC,BN.CAB.XOKA.GD.ZS,1992,
HPC,BN.CAB.XOKA.GD.ZS,1991,
HPC,BN.CAB.XOKA.GD.ZS,1990,
HPC,BN.CAB.XOKA.GD.ZS,1989,
HPC,BN.CAB.XOKA.GD.ZS,1988,
HPC,BN.CAB.XOKA.GD.ZS,1987,
HPC,BN.CAB.XOKA.GD.ZS,1986,
HPC,BN.CAB.XOKA.GD.ZS,1985,
HPC,BN.CAB.XOKA.GD.ZS,1984,
HPC,BN.CAB.XOKA.GD.ZS,1983,
HPC,BN.CAB.XOKA.GD.ZS,1982,
HPC,BN.CAB.XOKA.GD.ZS,1981,
HPC,BN.CAB.XOKA.GD.ZS,1980,
HPC,BN.CAB.XOKA.GD.ZS,1979,
HPC,BN.CAB.XOKA.GD.ZS,1978,
HPC,BN.CAB.XOKA.GD.ZS,1977,
HPC,BN.CAB.XOKA.GD.ZS,1976,
HPC,BN.CAB.XOKA.GD.ZS,1975,
HPC,BN.CAB.XOKA.GD.ZS,1974,
HPC,BN.CAB.XOKA.GD.ZS,1973,
HPC,BN.CAB.XOKA.GD.ZS,1972,
HPC,BN.CAB.XOKA.GD.ZS,1971,
HPC,BN.CAB.XOKA.GD.ZS,1970,
HPC,BN.CAB.XOKA.GD.ZS,1969,
HPC,BN.CAB.XOKA.GD.ZS,1968,
HPC,BN.CAB.XOKA.GD.ZS,1967,
HPC,BN.CAB.XOKA.GD.ZS,1966,
HPC,BN.CAB.XOKA.GD.ZS,1965,
HPC,BN.CAB.XOKA.GD.ZS,1964,
HPC,BN.CAB.XOKA.GD.ZS,1963,
HPC,BN.CAB.XOKA.GD.ZS,1962,
HPC,BN.CAB.XOKA.GD.ZS,1961,
HPC,BN.CAB.XOKA.GD.ZS,1960,
,BN.CAB.XOKA.GD.ZS,2025,
,BN.CAB.XOKA.GD.ZS,2024,
,BN.CAB.XOKA.GD.ZS,2023,
,BN.CAB.XOKA.GD.ZS,2022,
,BN.CAB.XOKA.GD.ZS,2021,
,BN.CAB.XOKA.GD.ZS,2020,
,BN.CAB.XOKA.GD.ZS,2019,
,BN.CAB.XOKA.GD.ZS,2018,
,BN.CAB.XOKA.GD.ZS,2017,
,BN.CAB.XOKA.GD.ZS,2016,
,BN.CAB.XOKA.GD.ZS,2015,
,BN.CAB.XOKA.GD.ZS,2014,
,BN.CAB.XOKA.GD.ZS,2013,
,BN.CAB.XOKA.GD.ZS,2012,
,BN.CAB.XOKA.GD.ZS,2011,
,BN.CAB.XOKA.GD.ZS,2010,
,BN.CAB.XOKA.GD.ZS,2009,
,BN.CAB.XOKA.GD.ZS,2008,
,BN.CAB.XOKA.GD.ZS,2007,
,BN.CAB.XOKA.GD.ZS,2006,
,BN.CAB.XOKA.GD.ZS,2005,
,BN.CAB.XOKA.GD.ZS,2004,
,BN.CAB.XOKA.GD.ZS,2003,
,BN.CAB.XOKA.GD.ZS,2002,
,BN.CAB.XOKA.GD.ZS,2001,
,BN.CAB.XOKA.GD.ZS,2000,
,BN.CAB.XOKA.GD.ZS,1999,
,BN.CAB.XOKA.GD.ZS,1998,
,BN.CAB.XOKA.GD.ZS,1997,
,BN.CAB.XOKA.GD.ZS,1996,
,BN.CAB.XOKA.GD.ZS,1995,
,BN.CAB.XOKA.GD.ZS,1994,
,BN.CAB.XOKA.GD.ZS,1993,
,BN.CAB.XOKA.GD.ZS,1992,
,BN.CAB.XOKA.GD.ZS,1991,
,BN.CAB.XOKA.GD.ZS,1990,
,BN.CAB.XOKA.GD.ZS,1989,
,BN.CAB.XOKA.GD.ZS,1988,
,BN.CAB.XOKA.GD.ZS,1987,
,BN.CAB.XOKA.GD.ZS,1986,
,BN.CAB.XOKA.GD.ZS,1985,
,BN.CAB.XOKA.GD.ZS,1984,
,BN.CAB.XOKA.GD.ZS,1983,
,BN.CAB.XOKA.GD.ZS,1982,
,BN.CAB.XOKA.GD.ZS,1981,
,BN.CAB.XOKA.GD.ZS,1980,
,BN.CAB.XOKA.GD.ZS,1979,
,BN.CAB.XOKA.GD.ZS,1978,
,BN.CAB.XOKA.GD.ZS,1977,
,BN.CAB.XOKA.GD.ZS,1976,
,BN.CAB.XOKA.GD.ZS,1975,
,BN.CAB.XOKA.GD.ZS,1974,
,BN.CAB.XOKA.GD.ZS,1973,
,BN.CAB.XOKA.GD.ZS,1972,
,BN.CAB.XOKA.GD.ZS,1971,
,BN.CAB.XOKA.GD.ZS,1970,
,BN.CAB.XOKA.GD.ZS,1969,
,BN.CAB.XOKA.GD.ZS,1968,
,BN.CAB.XOKA.GD.ZS,1967,
,BN.CAB.XOKA.GD.ZS,1966,
,BN.CAB.XOKA.GD.ZS,1965,
,BN.CAB.XOKA.GD.ZS,1964,
,BN.CAB.XOKA.GD.ZS,1963,
,BN.CAB.XOKA.GD.ZS,1962,
,BN.CAB.XOKA.GD.ZS,1961,
,BN.CAB.XOKA.GD.ZS,1960,
IBD,BN.CAB.XOKA.GD.ZS,2025,
IBD,BN.CAB.XOKA.GD.ZS,2024,
IBD,BN.CAB.XOKA.GD.ZS,2023,
IBD,BN.CAB.XOKA.GD.ZS,2022,
IBD,BN.CAB.XOKA.GD.ZS,2021,
IBD,BN.CAB.XOKA.GD.ZS,2020,
IBD,BN.CAB.XOKA.GD.ZS,2019,
IBD,BN.CAB.XOKA.GD.ZS,2018,
IBD,BN.CAB.XOKA.GD.ZS,2017,
IBD,BN.CAB.XOKA.GD.ZS,2016,
IBD,BN.CAB.XOKA.GD.ZS,2015,
IBD,BN.CAB.XOKA.GD.ZS,2014,
IBD,BN.CAB.XOKA.GD.ZS,2013,
IBD,BN.CAB.XOKA.GD.ZS,2012,
IBD,BN.CAB.XOKA.GD.ZS,2011,
IBD,BN.CAB.XOKA.GD.ZS,2010,
IBD,BN.CAB.XOKA.GD.ZS,2009,
IBD,BN.CAB.XOKA.GD.ZS,2008,
IBD,BN.CAB.XOKA.GD.ZS,2007,
IBD,BN.CAB.XOKA.GD.ZS,2006,
IBD,BN.CAB.XOKA.GD.ZS,2005,
IBD,BN.CAB.XOKA.GD.ZS,2004,
IBD,BN.CAB.XOKA.GD.ZS,2003,
IBD,BN.CAB.XOKA.GD.ZS,2002,
IBD,BN.CAB.XOKA.GD.ZS,2001,
IBD,BN.CAB.XOKA.GD.ZS,2000,
IBD,BN.CAB.XOKA.GD.ZS,1999,
IBD,BN.CAB.XOKA.GD.ZS,1998,
IBD,BN.CAB.XOKA.GD.ZS,1997,
IBD,BN.CAB.XOKA.GD.ZS,1996,
IBD,BN.CAB.XOKA.GD.ZS,1995,
IBD,BN.CAB.XOKA.GD.ZS,1994,
IBD,BN.CAB.XOKA.GD.ZS,1993,
IBD,BN.CAB.XOKA.GD.ZS,1992,
IBD,BN.CAB.XOKA.GD.ZS,1991,
IBD,BN.CAB.XOKA.GD.ZS,1990,
IBD,BN.CAB.XOKA.GD.ZS,1989,
IBD,BN.CAB.XOKA.GD.ZS,1988,
IBD,BN.CAB.XOKA.GD.ZS,1987,
IBD,BN.CAB.XOKA.GD.ZS,1986,
IBD,BN.CAB.XOKA.GD.ZS,1985,
IBD,BN.CAB.XOKA.GD.ZS,1984,
IBD,BN.CAB.XOKA.GD.ZS,1983,
IBD,BN.CAB.XOKA.GD.ZS,1982,
IBD,BN.CAB.XOKA.GD.ZS,1981,
IBD,BN.CAB.XOKA.GD.ZS,1980,
IBD,BN.CAB.XOKA.GD.ZS,1979,
IBD,BN.CAB.XOKA.GD.ZS,1978,
IBD,BN.CAB.XOKA.GD.ZS,1977,
IBD,BN.CAB.XOKA.GD.ZS,1976,
IBD,BN.CAB.XOKA.GD.ZS,1975,
IBD,BN.CAB.XOKA.GD.ZS,1974,
IBD,BN.CAB.XOKA.GD.ZS,1973,
IBD,BN.CAB.XOKA.GD.ZS,1972,
IBD,BN.CAB.XOKA.GD.ZS,1971,
IBD,BN.CAB.XOKA.GD.ZS,1970,
IBD,BN.CAB.XOKA.GD.ZS,1969,
IBD,BN.CAB.XOKA.GD.ZS,1968,
IBD,BN.CAB.XOKA.GD.ZS,1967,
IBD,BN.CAB.XOKA.GD.ZS,1966,
IBD,BN.CAB.XOKA.GD.ZS,1965,
IBD,BN.CAB.XOKA.GD.ZS,1964,
IBD,BN.CAB.XOKA.GD.ZS,1963,
IBD,BN.CAB.XOKA.GD.ZS,1962,
IBD,BN.CAB.XOKA.GD.ZS,1961,
IBD,BN.CAB.XOKA.GD.ZS,1960,
IBT,BN.CAB.XOKA.GD.ZS,2025,
IBT,BN.CAB.XOKA.GD.ZS,2024,
IBT,BN.CAB.XOKA.GD.ZS,2023,
IBT,BN.CAB.XOKA.GD.ZS,2022,
IBT,BN.CAB.XOKA.GD.ZS,2021,
IBT,BN.CAB.XOKA.GD.ZS,2020,
IBT,BN.CAB.XOKA.GD.ZS,2019,
IBT,BN.CAB.XOKA.GD.ZS,2018,
IBT,BN.CAB.XOKA.GD.ZS,2017,
IBT,BN.CAB.XOKA.GD.ZS,2016,
IBT,BN.CAB.XOKA.GD.ZS,2015,
IBT,BN.CAB.XOKA.GD.ZS,2014,
IBT,BN.CAB.XOKA.GD.ZS,2013,
IBT,BN.CAB.XOKA.GD.ZS,2012,
IBT,BN.CAB.XOKA.GD.ZS,2011,
IBT,BN.CAB.XOKA.GD.ZS,2010,
IBT,BN.CAB.XOKA.GD.ZS,2009,
IBT,BN.CAB.XOKA.GD.ZS,2008,
IBT,BN.CAB.XOKA.GD.ZS,2007,
IBT,BN.CAB.XOKA.GD.ZS,2006,
IBT,BN.CAB.XOKA.GD.ZS,2005,
IBT,BN.CAB.XOKA.GD.ZS,2004,
IBT,BN.CAB.XOKA.GD.ZS,2003,
IBT,BN.CAB.XOKA.GD.ZS,2002,
IBT,BN.CAB.XOKA.GD.ZS,2001,
IBT,BN.CAB.XOKA.GD.ZS,2000,
IBT,BN.CAB.XOKA.GD.ZS,1999,
IBT,BN.CAB.XOKA.GD.ZS,1998,
IBT,BN.CAB.XOKA.GD.ZS,1997,
IBT,BN.CAB.XOKA.GD.ZS,1996,
IBT,BN.CAB.XOKA.GD.ZS,1995,
IBT,BN.CAB.XOKA.GD.ZS,1994,
IBT,BN.CAB.XOKA.GD.ZS,1993,
IBT,BN.CAB.XOKA.GD.ZS,1992,
IBT,BN.CAB.XOKA.GD.ZS,1991,
IBT,BN.CAB.XOKA.GD.ZS,1990,
IBT,BN.CAB.XOKA.GD.ZS,1989,
IBT,BN.CAB.XOKA.GD.ZS,1988,
IBT,BN.CAB.XOKA.GD.ZS,1987,
IBT,BN.CAB.XOKA.GD.ZS,1986,
IBT,BN.CAB.XOKA.GD.ZS,1985,
IBT,BN.CAB.XOKA.GD.ZS,1984,
IBT,BN.CAB.XOKA.GD.ZS,1983,
IBT,BN.CAB.XOKA.GD.ZS,1982,
IBT,BN.CAB.XOKA.GD.ZS,1981,
IBT,BN.CAB.XOKA.GD.ZS,1980,
IBT,BN.CAB.XOKA.GD.ZS,1979,
IBT,BN.CAB.XOKA.GD.ZS,1978,
IBT,BN.CAB.XOKA.GD.ZS,1977,
IBT,BN.CAB.XOKA.GD.ZS,1976,
IBT,BN.CAB.XOKA.GD.ZS,1975,
IBT,BN.CAB.XOKA.GD.ZS,1974,
IBT,BN.CAB.XOKA.GD.ZS,1973,
IBT,BN.CAB.XOKA.GD.ZS,1972,
IBT,BN.CAB.XOKA.GD.ZS,1971,
IBT,BN.CAB.XOKA.GD.ZS,1970,
IBT,BN.CAB.XOKA.GD.ZS,1969,
IBT,BN.CAB.XOKA.GD.ZS,1968,
IBT,BN.CAB.XOKA.GD.ZS,1967,
IBT,BN.CAB.XOKA.GD.ZS,1966,
IBT,BN.CAB.XOKA.GD.ZS,1965,
IBT,BN.CAB.XOKA.GD.ZS,1964,
IBT,BN.CAB.XOKA.GD.ZS,1963,
IBT,BN.CAB.XOKA.GD.ZS,1962,
IBT,BN.CAB.XOKA.GD.ZS,1961,
IBT,BN.CAB.XOKA.GD.ZS,1960,
IDB,BN.CAB.XOKA.GD.ZS,2025,
IDB,BN.CAB.XOKA.GD.ZS,2024,
IDB,BN.CAB.XOKA.GD.ZS,2023,
IDB,BN.CAB.XOKA.GD.ZS,2022,
IDB,BN.CAB.XOKA.GD.ZS,2021,
IDB,BN.CAB.XOKA.GD.ZS,2020,
IDB,BN.CAB.XOKA.GD.ZS,2019,
IDB,BN.CAB.XOKA.GD.ZS,2018,
IDB,BN.CAB.XOKA.GD.ZS,2017,
IDB,BN.CAB.XOKA.GD.ZS,2016,
IDB,BN.CAB.XOKA.GD.ZS,2015,
IDB,BN.CAB.XOKA.GD.ZS,2014,
IDB,BN.CAB.XOKA.GD.ZS,2013,
IDB,BN.CAB.XOKA.GD.ZS,2012,
IDB,BN.CAB.XOKA.GD.ZS,2011,
IDB,BN.CAB.XOKA.GD.ZS,2010,
IDB,BN.CAB.XOKA.GD.ZS,2009,
IDB,BN.CAB.XOKA.GD.ZS,2008,
IDB,BN.CAB.XOKA.GD.ZS,2007,
IDB,BN.CAB.XOKA.GD.ZS,2006,
IDB,BN.CAB.XOKA.GD.ZS,2005,
IDB,BN.CAB.XOKA.GD.ZS,2004,
IDB,BN.CAB.XOKA.GD.ZS,2003,
IDB,BN.CAB.XOKA.GD.ZS,2002,
IDB,BN.CAB.XOKA.GD.ZS,2001,
IDB,BN.CAB.XOKA.GD.ZS,2000,
IDB,BN.CAB.XOKA.GD.ZS,1999,
IDB,BN.CAB.XOKA.GD.ZS,1998,
IDB,BN.CAB.XOKA.GD.ZS,1997,
IDB,BN.CAB.XOKA.GD.ZS,1996,
IDB,BN.CAB.XOKA.GD.ZS,1995,
IDB,BN.CAB.XOKA.GD.ZS,1994,
IDB,BN.CAB.XOKA.GD.ZS,1993,
IDB,BN.CAB.XOKA.GD.ZS,1992,
IDB,BN.CAB.XOKA.GD.ZS,1991,
IDB,BN.CAB.XOKA.GD.ZS,1990,
IDB,BN.CAB.XOKA.GD.ZS,1989,
IDB,BN.CAB.XOKA.GD.ZS,1988,
IDB,BN.CAB.XOKA.GD.ZS,1987,
IDB,BN.CAB.XOKA.GD.ZS,1986,
IDB,BN.CAB.XOKA.GD.ZS,1985,
IDB,BN.CAB.XOKA.GD.ZS,1984,
IDB,BN.CAB.XOKA.GD.ZS,1983,
IDB,BN.CAB.XOKA.GD.ZS,1982,
IDB,BN.CAB.XOKA.GD.ZS,1981,
IDB,BN.CAB.XOKA.GD.ZS,1980,
IDB,BN.CAB.XOKA.GD.ZS,1979,
IDB,BN.CAB.XOKA.GD.ZS,1978,
IDB,BN.CAB.XOKA.GD.ZS,1977,
IDB,BN.CAB.XOKA.GD.ZS,1976,
IDB,BN.CAB.XOKA.GD.ZS,1975,
IDB,BN.CAB.XOKA.GD.ZS,1974,
IDB,BN.CAB.XOKA.GD.ZS,1973,
IDB,BN.CAB.XOKA.GD.ZS,1972,
IDB,BN.CAB.XOKA.GD.ZS,1971,
IDB,BN.CAB.XOKA.GD.ZS,1970,
IDB,BN.CAB.XOKA.GD.ZS,1969,
IDB,BN.CAB.XOKA.GD.ZS,1968,
IDB,BN.CAB.XOKA.GD.ZS,1967,
IDB,BN.CAB.XOKA.GD.ZS,1966,
IDB,BN.CAB.XOKA.GD.ZS,1965,
IDB,BN.CAB.XOKA.GD.ZS,1964,
IDB,BN.CAB.XOKA.GD.ZS,1963,
IDB,BN.CAB.XOKA.GD.ZS,1962,
IDB,BN.CAB.XOKA.GD.ZS,1961,
IDB,BN.CAB.XOKA.GD.ZS,1960,
IDX,BN.CAB.XOKA.GD.ZS,2025,
IDX,BN.CAB.XOKA.GD.ZS,2024,
IDX,BN.CAB.XOKA.GD.ZS,2023,
IDX,BN.CAB.XOKA.GD.ZS,2022,
IDX,BN.CAB.XOKA.GD.ZS,2021,
IDX,BN.CAB.XOKA.GD.ZS,2020,
IDX,BN.CAB.XOKA.GD.ZS,2019,
IDX,BN.CAB.XOKA.GD.ZS,2018,
IDX,BN.CAB.XOKA.GD.ZS,2017,
IDX,BN.CAB.XOKA.GD.ZS,2016,
IDX,BN.CAB.XOKA.GD.ZS,2015,
IDX,BN.CAB.XOKA.GD.ZS,2014,
IDX,BN.CAB.XOKA.GD.ZS,2013,
IDX,BN.CAB.XOKA.GD.ZS,2012,
IDX,BN.CAB.XOKA.GD.ZS,2011,
IDX,BN.CAB.XOKA.GD.ZS,2010,
IDX,BN.CAB.XOKA.GD.ZS,2009,
IDX,BN.CAB.XOKA.GD.ZS,2008,
IDX,BN.CAB.XOKA.GD.ZS,2007,
IDX,BN.CAB.XOKA.GD.ZS,2006,
IDX,BN.CAB.XOKA.GD.ZS,2005,
IDX,BN.CAB.XOKA.GD.ZS,2004,
IDX,BN.CAB.XOKA.GD.ZS,2003,
IDX,BN.CAB.XOKA.GD.ZS,2002,
IDX,BN.CAB.XOKA.GD.ZS,2001,
IDX,BN.CAB.XOKA.GD.ZS,2000,
IDX,BN.CAB.XOKA.GD.ZS,1999,
IDX,BN.CAB.XOKA.GD.ZS,1998,
IDX,BN.CAB.XOKA.GD.ZS,1997,
IDX,BN.CAB.XOKA.GD.ZS,1996,
IDX,BN.CAB.XOKA.GD.ZS,1995,
IDX,BN.CAB.XOKA.GD.ZS,1994,
IDX,BN.CAB.XOKA.GD.ZS,1993,
IDX,BN.CAB.XOKA.GD.ZS,1992,
IDX,BN.CAB.XOKA.GD.ZS,1991,
IDX,BN.CAB.XOKA.GD.ZS,1990,
IDX,BN.CAB.XOKA.GD.ZS,1989,
IDX,BN.CAB.XOKA.GD.ZS,1988,
IDX,BN.CAB.XOKA.GD.ZS,1987,
IDX,BN.CAB.XOKA.GD.ZS,1986,
IDX,BN.CAB.XOKA.GD.ZS,1985,
IDX,BN.CAB.XOKA.GD.ZS,1984,
IDX,BN.CAB.XOKA.GD.ZS,1983,
IDX,BN.CAB.XOKA.GD.ZS,1982,
IDX,BN.CAB.XOKA.GD.ZS,1981,
IDX,BN.CAB.XOKA.GD.ZS,1980,
IDX,BN.CAB.XOKA.GD.ZS,1979,
IDX,BN.CAB.XOKA.GD.ZS,1978,
IDX,BN.CAB.XOKA.GD.ZS,1977,
IDX,BN.CAB.XOKA.GD.ZS,1976,
IDX,BN.CAB.XOKA.GD.ZS,1975,
IDX,BN.CAB.XOKA.GD.ZS,1974,
IDX,BN.CAB.XOKA.GD.ZS,1973,
IDX,BN.CAB.XOKA.GD.ZS,1972,
IDX,BN.CAB.XOKA.GD.ZS,1971,
IDX,BN.CAB.XOKA.GD.ZS,1970,
IDX,BN.CAB.XOKA.GD.ZS,1969,
IDX,BN.CAB.XOKA.GD.ZS,1968,
IDX,BN.CAB.XOKA.GD.ZS,1967,
IDX,BN.CAB.XOKA.GD.ZS,1966,
IDX,BN.CAB.XOKA.GD.ZS,1965,
IDX,BN.CAB.XOKA.GD.ZS,1964,
IDX,BN.CAB.XOKA.GD.ZS,1963,
IDX,BN.CAB.XOKA.GD.ZS,1962,
IDX,BN.CAB.XOKA.GD.ZS,1961,
IDX,BN.CAB.XOKA.GD.ZS,1960,
IDA,BN.CAB.XOKA.GD.ZS,2025,
IDA,BN.CAB.XOKA.GD.ZS,2024,
IDA,BN.CAB.XOKA.GD.ZS,2023,
IDA,BN.CAB.XOKA.GD.ZS,2022,
IDA,BN.CAB.XOKA.GD.ZS,2021,
IDA,BN.CAB.XOKA.GD.ZS,2020,
IDA,BN.CAB.XOKA.GD.ZS,2019,
IDA,BN.CAB.XOKA.GD.ZS,2018,
IDA,BN.CAB.XOKA.GD.ZS,2017,
IDA,BN.CAB.XOKA.GD.ZS,2016,
IDA,BN.CAB.XOKA.GD.ZS,2015,
IDA,BN.CAB.XOKA.GD.ZS,2014,
IDA,BN.CAB.XOKA.GD.ZS,2013,
IDA,BN.CAB.XOKA.GD.ZS,2012,
IDA,BN.CAB.XOKA.GD.ZS,2011,
IDA,BN.CAB.XOKA.GD.ZS,2010,
IDA,BN.CAB.XOKA.GD.ZS,2009,
IDA,BN.CAB.XOKA.GD.ZS,2008,
IDA,BN.CAB.XOKA.GD.ZS,2007,
IDA,BN.CAB.XOKA.GD.ZS,2006,
IDA,BN.CAB.XOKA.GD.ZS,2005,
IDA,BN.CAB.XOKA.GD.ZS,2004,
IDA,BN.CAB.XOKA.GD.ZS,2003,
IDA,BN.CAB.XOKA.GD.ZS,2002,
IDA,BN.CAB.XOKA.GD.ZS,2001,
IDA,BN.CAB.XOKA.GD.ZS,2000,
IDA,BN.CAB.XOKA.GD.ZS,1999,
IDA,BN.CAB.XOKA.GD.ZS,1998,
IDA,BN.CAB.XOKA.GD.ZS,1997,
IDA,BN.CAB.XOKA.GD.ZS,1996,
IDA,BN.CAB.XOKA.GD.ZS,1995,
IDA,BN.CAB.XOKA.GD.ZS,1994,
IDA,BN.CAB.XOKA.GD.ZS,1993,
IDA,BN.CAB.XOKA.GD.ZS,1992,
IDA,BN.CAB.XOKA.GD.ZS,1991,
IDA,BN.CAB.XOKA.GD.ZS,1990,
IDA,BN.CAB.XOKA.GD.ZS,1989,
IDA,BN.CAB.XOKA.GD.ZS,1988,
IDA,BN.CAB.XOKA.GD.ZS,1987,
IDA,BN.CAB.XOKA.GD.ZS,1986,
IDA,BN.CAB.XOKA.GD.ZS,1985,
IDA,BN.CAB.XOKA.GD.ZS,1984,
IDA,BN.CAB.XOKA.GD.ZS,1983,
IDA,BN.CAB.XOKA.GD.ZS,1982,
IDA,BN.CAB.XOKA.GD.ZS,1981,
IDA,BN.CAB.XOKA.GD.ZS,1980,
IDA,BN.CAB.XOKA.GD.ZS,1979,
IDA,BN.CAB.XOKA.GD.ZS,1978,
IDA,BN.CAB.XOKA.GD.ZS,1977,
IDA,BN.CAB.XOKA.GD.ZS,1976,
IDA,BN.CAB.XOKA.GD.ZS,1975,
IDA,BN.CAB.XOKA.GD.ZS,1974,
IDA,BN.CAB.XOKA.GD.ZS,1973,
IDA,BN.CAB.XOKA.GD.ZS,1972,
IDA,BN.CAB.XOKA.GD.ZS,1971,
IDA,BN.CAB.XOKA.GD.ZS,1970,
IDA,BN.CAB.XOKA.GD.ZS,1969,
IDA,BN.CAB.XOKA.GD.ZS,1968,
IDA,BN.CAB.XOKA.GD.ZS,1967,
IDA,BN.CAB.XOKA.GD.ZS,1966,
IDA,BN.CAB.XOKA.GD.ZS,1965,
IDA,BN.CAB.XOKA.GD.ZS,1964,
IDA,BN.CAB.XOKA.GD.ZS,1963,
IDA,BN.CAB.XOKA.GD.ZS,1962,
IDA,BN.CAB.XOKA.GD.ZS,1961,
IDA,BN.CAB.XOKA.GD.ZS,1960,
LTE,BN.CAB.XOKA.GD.ZS,2025,
LTE,BN.CAB.XOKA.GD.ZS,2024,
LTE,BN.CAB.XOKA.GD.ZS,2023,
LTE,BN.CAB.XOKA.GD.ZS,2022,
LTE,BN.CAB.XOKA.GD.ZS,2021,
LTE,BN.CAB.XOKA.GD.ZS,2020,
LTE,BN.CAB.XOKA.GD.ZS,2019,
LTE,BN.CAB.XOKA.GD.ZS,2018,
LTE,BN.CAB.XOKA.GD.ZS,2017,
LTE,BN.CAB.XOKA.GD.ZS,2016,
LTE,BN.CAB.XOKA.GD.ZS,2015,
LTE,BN.CAB.XOKA.GD.ZS,2014,
LTE,BN.CAB.XOKA.GD.ZS,2013,
LTE,BN.CAB.XOKA.GD.ZS,2012,
LTE,BN.CAB.XOKA.GD.ZS,2011,
LTE,BN.CAB.XOKA.GD.ZS,2010,
LTE,BN.CAB.XOKA.GD.ZS,2009,
LTE,BN.CAB.XOKA.GD.ZS,2008,
LTE,BN.CAB.XOKA.GD.ZS,2007,
LTE,BN.CAB.XOKA.GD.ZS,2006,
LTE,BN.CAB.XOKA.GD.ZS,2005,
LTE,BN.CAB.XOKA.GD.ZS,2004,
LTE,BN.CAB.XOKA.GD.ZS,2003,
LTE,BN.CAB.XOKA.GD.ZS,2002,
LTE,BN.CAB.XOKA.GD.ZS,2001,
LTE,BN.CAB.XOKA.GD.ZS,2000,
LTE,BN.CAB.XOKA.GD.ZS,1999,
LTE,BN.CAB.XOKA.GD.ZS,1998,
LTE,BN.CAB.XOKA.GD.ZS,1997,
LTE,BN.CAB.XOKA.GD.ZS,1996,
LTE,BN.CAB.XOKA.GD.ZS,1995,
LTE,BN.CAB.XOKA.GD.ZS,1994,
LTE,BN.CAB.XOKA.GD.ZS,1993,
LTE,BN.CAB.XOKA.GD.ZS,1992,
LTE,BN.CAB.XOKA.GD.ZS,1991,
LTE,BN.CAB.XOKA.GD.ZS,1990,
LTE,BN.CAB.XOKA.GD.ZS,1989,
LTE,BN.CAB.XOKA.GD.ZS,1988,
LTE,BN.CAB.XOKA.GD.ZS,1987,
LTE,BN.CAB.XOKA.GD.ZS,1986,
LTE,BN.CAB.XOKA.GD.ZS,1985,
LTE,BN.CAB.XOKA.GD.ZS,1984,
LTE,BN.CAB.XOKA.GD.ZS,1983,
LTE,BN.CAB.XOKA.GD.ZS,1982,
LTE,BN.CAB.XOKA.GD.ZS,1981,
LTE,BN.CAB.XOKA.GD.ZS,1980,
LTE,BN.CAB.XOKA.GD.ZS,1979,
LTE,BN.CAB.XOKA.GD.ZS,1978,
LTE,BN.CAB.XOKA.GD.ZS,1977,
LTE,BN.CAB.XOKA.GD.ZS,1976,
LTE,BN.CAB.XOKA.GD.ZS,1975,
LTE,BN.CAB.XOKA.GD.ZS,1974,
LTE,BN.CAB.XOKA.GD.ZS,1973,
LTE,BN.CAB.XOKA.GD.ZS,1972,
LTE,BN.CAB.XOKA.GD.ZS,1971,
LTE,BN.CAB.XOKA.GD.ZS,1970,
LTE,BN.CAB.XOKA.GD.ZS,1969,
LTE,BN.CAB.XOKA.GD.ZS,1968,
LTE,BN.CAB.XOKA.GD.ZS,1967,
LTE,BN.CAB.XOKA.GD.ZS,1966,
LTE,BN.CAB.XOKA.GD.ZS,1965,
LTE,BN.CAB.XOKA.GD.ZS,1964,
LTE,BN.CAB.XOKA.GD.ZS,1963,
LTE,BN.CAB.XOKA.GD.ZS,1962,
LTE,BN.CAB.XOKA.GD.ZS,1961,
LTE,BN.CAB.XOKA.GD.ZS,1960,
LCN,BN.CAB.XOKA.GD.ZS,2025,
LCN,BN.CAB.XOKA.GD.ZS,2024,
LCN,BN.CAB.XOKA.GD.ZS,2023,
LCN,BN.CAB.XOKA.GD.ZS,2022,
LCN,BN.CAB.XOKA.GD.ZS,2021,
LCN,BN.CAB.XOKA.GD.ZS,2020,
LCN,BN.CAB.XOKA.GD.ZS,2019,
LCN,BN.CAB.XOKA.GD.ZS,2018,
LCN,BN.CAB.XOKA.GD.ZS,2017,
LCN,BN.CAB.XOKA.GD.ZS,2016,
LCN,BN.CAB.XOKA.GD.ZS,2015,
LCN,BN.CAB.XOKA.GD.ZS,2014,
LCN,BN.CAB.XOKA.GD.ZS,2013,
LCN,BN.CAB.XOKA.GD.ZS,2012,
LCN,BN.CAB.XOKA.GD.ZS,2011,
LCN,BN.CAB.XOKA.GD.ZS,2010,
LCN,BN.CAB.XOKA.GD.ZS,2009,
LCN,BN.CAB.XOKA.GD.ZS,2008,
LCN,BN.CAB.XOKA.GD.ZS,2007,
LCN,BN.CAB.XOKA.GD.ZS,2006,
LCN,BN.CAB.XOKA.GD.ZS,2005,
LCN,BN.CAB.XOKA.GD.ZS,2004,
LCN,BN.CAB.XOKA.GD.ZS,2003,
LCN,BN.CAB.XOKA.GD.ZS,2002,
LCN,BN.CAB.XOKA.GD.ZS,2001,
LCN,BN.CAB.XOKA.GD.ZS,2000,
LCN,BN.CAB.XOKA.GD.ZS,1999,
LCN,BN.CAB.XOKA.GD.ZS,1998,
LCN,BN.CAB.XOKA.GD.ZS,1997,
LCN,BN.CAB.XOKA.GD.ZS,1996,
LCN,BN.CAB.XOKA.GD.ZS,1995,
LCN,BN.CAB.XOKA.GD.ZS,1994,
LCN,BN.CAB.XOKA.GD.ZS,1993,
LCN,BN.CAB.XOKA.GD.ZS,1992,
LCN,BN.CAB.XOKA.GD.ZS,1991,
LCN,BN.CAB.XOKA.GD.ZS,1990,
LCN,BN.CAB.XOKA.GD.ZS,1989,
LCN,BN.CAB.XOKA.GD.ZS,1988,
LCN,BN.CAB.XOKA.GD.ZS,1987,
LCN,BN.CAB.XOKA.GD.ZS,1986,
LCN,BN.CAB.XOKA.GD.ZS,1985,
LCN,BN.CAB.XOKA.GD.ZS,1984,
LCN,BN.CAB.XOKA.GD.ZS,1983,
LCN,BN.CAB.XOKA.GD.ZS,1982,
LCN,BN.CAB.XOKA.GD.ZS,1981,
LCN,BN.CAB.XOKA.GD.ZS,1980,
LCN,BN.CAB.XOKA.GD.ZS,1979,
LCN,BN.CAB.XOKA.GD.ZS,1978,
LCN,BN.CAB.XOKA.GD.ZS,1977,
LCN,BN.CAB.XOKA.GD.ZS,1976,
LCN,BN.CAB.XOKA.GD.ZS,1975,
LCN,BN.CAB.XOKA.GD.ZS,1974,
LCN,BN.CAB.XOKA.GD.ZS,1973,
LCN,BN.CAB.XOKA.GD.ZS,1972,
LCN,BN.CAB.XOKA.GD.ZS,1971,
LCN,BN.CAB.XOKA.GD.ZS,1970,
LCN,BN.CAB.XOKA.GD.ZS,1969,
LCN,BN.CAB.XOKA.GD.ZS,1968,
LCN,BN.CAB.XOKA.GD.ZS,1967,
LCN,BN.CAB.XOKA.GD.ZS,1966,
LCN,BN.CAB.XOKA.GD.ZS,1965,
LCN,BN.CAB.XOKA.GD.ZS,1964,
LCN,BN.CAB.XOKA.GD.ZS,1963,
LCN,BN.CAB.XOKA.GD.ZS,1962,
LCN,BN.CAB.XOKA.GD.ZS,1961,
LCN,BN.CAB.XOKA.GD.ZS,1960,
LAC,BN.CAB.XOKA.GD.ZS,2025,
LAC,BN.CAB.XOKA.GD.ZS,2024,
LAC,BN.CAB.XOKA.GD.ZS,2023,
LAC,BN.CAB.XOKA.GD.ZS,2022,
LAC,BN.CAB.XOKA.GD.ZS,2021,
LAC,BN.CAB.XOKA.GD.ZS,2020,
LAC,BN.CAB.XOKA.GD.ZS,2019,
LAC,BN.CAB.XOKA.GD.ZS,2018,
LAC,BN.CAB.XOKA.GD.ZS,2017,
LAC,BN.CAB.XOKA.GD.ZS,2016,
LAC,BN.CAB.XOKA.GD.ZS,2015,
LAC,BN.CAB.XOKA.GD.ZS,2014,
LAC,BN.CAB.XOKA.GD.ZS,2013,
LAC,BN.CAB.XOKA.GD.ZS,2012,
LAC,BN.CAB.XOKA.GD.ZS,2011,
LAC,BN.CAB.XOKA.GD.ZS,2010,
LAC,BN.CAB.XOKA.GD.ZS,2009,
LAC,BN.CAB.XOKA.GD.ZS,2008,
LAC,BN.CAB.XOKA.GD.ZS,2007,
LAC,BN.CAB.XOKA.GD.ZS,2006,
LAC,BN.CAB.XOKA.GD.ZS,2005,
LAC,BN.CAB.XOKA.GD.ZS,2004,
LAC,BN.CAB.XOKA.GD.ZS,2003,
LAC,BN.CAB.XOKA.GD.ZS,2002,
LAC,BN.CAB.XOKA.GD.ZS,2001,
LAC,BN.CAB.XOKA.GD.ZS,2000,
LAC,BN.CAB.XOKA.GD.ZS,1999,
LAC,BN.CAB.XOKA.GD.ZS,1998,
LAC,BN.CAB.XOKA.GD.ZS,1997,
LAC,BN.CAB.XOKA.GD.ZS,1996,
LAC,BN.CAB.XOKA.GD.ZS,1995,
LAC,BN.CAB.XOKA.GD.ZS,1994,
LAC,BN.CAB.XOKA.GD.ZS,1993,
LAC,BN.CAB.XOKA.GD.ZS,1992,
LAC,BN.CAB.XOKA.GD.ZS,1991,
LAC,BN.CAB.XOKA.GD.ZS,1990,
LAC,BN.CAB.XOKA.GD.ZS,1989,
LAC,BN.CAB.XOKA.GD.ZS,1988,
LAC,BN.CAB.XOKA.GD.ZS,1987,
LAC,BN.CAB.XOKA.GD.ZS,1986,
LAC,BN.CAB.XOKA.GD.ZS,1985,
LAC,BN.CAB.XOKA.GD.ZS,1984,
LAC,BN.CAB.XOKA.GD.ZS,1983,
LAC,BN.CAB.XOKA.GD.ZS,1982,
LAC,BN.CAB.XOKA.GD.ZS,1981,
LAC,BN.CAB.XOKA.GD.ZS,1980,
LAC,BN.CAB.XOKA.GD.ZS,1979,
LAC,BN.CAB.XOKA.GD.ZS,1978,
LAC,BN.CAB.XOKA.GD.ZS,1977,
LAC,BN.CAB.XOKA.GD.ZS,1976,
LAC,BN.CAB.XOKA.GD.ZS,1975,
LAC,BN.CAB.XOKA.GD.ZS,1974,
LAC,BN.CAB.XOKA.GD.ZS,1973,
LAC,BN.CAB.XOKA.GD.ZS,1972,
LAC,BN.CAB.XOKA.GD.ZS,1971,
LAC,BN.CAB.XOKA.GD.ZS,1970,
LAC,BN.CAB.XOKA.GD.ZS,1969,
LAC,BN.CAB.XOKA.GD.ZS,1968,
LAC,BN.CAB.XOKA.GD.ZS,1967,
LAC,BN.CAB.XOKA.GD.ZS,1966,
LAC,BN.CAB.XOKA.GD.ZS,1965,
LAC,BN.CAB.XOKA.GD.ZS,1964,
LAC,BN.CAB.XOKA.GD.ZS,1963,
LAC,BN.CAB.XOKA.GD.ZS,1962,
LAC,BN.CAB.XOKA.GD.ZS,1961,
LAC,BN.CAB.XOKA.GD.ZS,1960,
TLA,BN.CAB.XOKA.GD.ZS,2025,
TLA,BN.CAB.XOKA.GD.ZS,2024,
TLA,BN.CAB.XOKA.GD.ZS,2023,
TLA,BN.CAB.XOKA.GD.ZS,2022,
TLA,BN.CAB.XOKA.GD.ZS,2021,
TLA,BN.CAB.XOKA.GD.ZS,2020,
TLA,BN.CAB.XOKA.GD.ZS,2019,
TLA,BN.CAB.XOKA.GD.ZS,2018,
TLA,BN.CAB.XOKA.GD.ZS,2017,
TLA,BN.CAB.XOKA.GD.ZS,2016,
TLA,BN.CAB.XOKA.GD.ZS,2015,
TLA,BN.CAB.XOKA.GD.ZS,2014,
TLA,BN.CAB.XOKA.GD.ZS,2013,
TLA,BN.CAB.XOKA.GD.ZS,2012,
TLA,BN.CAB.XOKA.GD.ZS,2011,
TLA,BN.CAB.XOKA.GD.ZS,2010,
TLA,BN.CAB.XOKA.GD.ZS,2009,
TLA,BN.CAB.XOKA.GD.ZS,2008,
TLA,BN.CAB.XOKA.GD.ZS,2007,
TLA,BN.CAB.XOKA.GD.ZS,2006,
TLA,BN.CAB.XOKA.GD.ZS,2005,
TLA,BN.CAB.XOKA.GD.ZS,2004,
TLA,BN.CAB.XOKA.GD.ZS,2003,
TLA,BN.CAB.XOKA.GD.ZS,2002,
TLA,BN.CAB.XOKA.GD.ZS,2001,
TLA,BN.CAB.XOKA.GD.ZS,2000,
TLA,BN.CAB.XOKA.GD.ZS,1999,
TLA,BN.CAB.XOKA.GD.ZS,1998,
TLA,BN.CAB.XOKA.GD.ZS,1997,
TLA,BN.CAB.XOKA.GD.ZS,1996,
TLA,BN.CAB.XOKA.GD.ZS,1995,
TLA,BN.CAB.XOKA.GD.ZS,1994,
TLA,BN.CAB.XOKA.GD.ZS,1993,
TLA,BN.CAB.XOKA.GD.ZS,1992,
TLA,BN.CAB.XOKA.GD.ZS,1991,
TLA,BN.CAB.XOKA.GD.ZS,1990,
TLA,BN.CAB.XOKA.GD.ZS,1989,
TLA,BN.CAB.XOKA.GD.ZS,1988,
TLA,BN.CAB.XOKA.GD.ZS,1987,
TLA,BN.CAB.XOKA.GD.ZS,1986,
TLA,BN.CAB.XOKA.GD.ZS,1985,
TLA,BN.CAB.XOKA.GD.ZS,1984,
TLA,BN.CAB.XOKA.GD.ZS,1983,
TLA,BN.CAB.XOKA.GD.ZS,1982,
TLA,BN.CAB.XOKA.GD.ZS,1981,
TLA,BN.CAB.XOKA.GD.ZS,1980,
TLA,BN.CAB.XOKA.GD.ZS,1979,
TLA,BN.CAB.XOKA.GD.ZS,1978,
TLA,BN.CAB.XOKA.GD.ZS,1977,
TLA,BN.CAB.XOKA.GD.ZS,1976,
TLA,BN.CAB.XOKA.GD.ZS,1975,
TLA,BN.CAB.XOKA.GD.ZS,1974,
TLA,BN.CAB.XOKA.GD.ZS,1973,
TLA,BN.CAB.XOKA.GD.ZS,1972,
TLA,BN.CAB.XOKA.GD.ZS,1971,
TLA,BN.CAB.XOKA.GD.ZS,1970,
TLA,BN.CAB.XOKA.GD.ZS,1969,
TLA,BN.CAB.XOKA.GD.ZS,1968,
TLA,BN.CAB.XOKA.GD.ZS,1967,
TLA,BN.CAB.XOKA.GD.ZS,1966,
TLA,BN.CAB.XOKA.GD.ZS,1965,
TLA,BN.CAB.XOKA.GD.ZS,1964,
TLA,BN.CAB.XOKA.GD.ZS,1963,
TLA,BN.CAB.XOKA.GD.ZS,1962,
TLA,BN.CAB.XOKA.GD.ZS,1961,
TLA,BN.CAB.XOKA.GD.ZS,1960,
LDC,BN.CAB.XOKA.GD.ZS,2025,
LDC,BN.CAB.XOKA.GD.ZS,2024,
LDC,BN.CAB.XOKA.GD.ZS,2023,
LDC,BN.CAB.XOKA.GD.ZS,2022,
LDC,BN.CAB.XOKA.GD.ZS,2021,
LDC,BN.CAB.XOKA.GD.ZS,2020,
LDC,BN.CAB.XOKA.GD.ZS,2019,
LDC,BN.CAB.XOKA.GD.ZS,2018,
LDC,BN.CAB.XOKA.GD.ZS,2017,
LDC,BN.CAB.XOKA.GD.ZS,2016,
LDC,BN.CAB.XOKA.GD.ZS,2015,
LDC,BN.CAB.XOKA.GD.ZS,2014,
LDC,BN.CAB.XOKA.GD.ZS,2013,
LDC,BN.CAB.XOKA.GD.ZS,2012,
LDC,BN.CAB.XOKA.GD.ZS,2011,
LDC,BN.CAB.XOKA.GD.ZS,2010,
LDC,BN.CAB.XOKA.GD.ZS,2009,
LDC,BN.CAB.XOKA.GD.ZS,2008,
LDC,BN.CAB.XOKA.GD.ZS,2007,
LDC,BN.CAB.XOKA.GD.ZS,2006,
LDC,BN.CAB.XOKA.GD.ZS,2005,
LDC,BN.CAB.XOKA.GD.ZS,2004,
LDC,BN.CAB.XOKA.GD.ZS,2003,
LDC,BN.CAB.XOKA.GD.ZS,2002,
LDC,BN.CAB.XOKA.GD.ZS,2001,
LDC,BN.CAB.XOKA.GD.ZS,2000,
LDC,BN.CAB.XOKA.GD.ZS,1999,
LDC,BN.CAB.XOKA.GD.ZS,1998,
LDC,BN.CAB.XOKA.GD.ZS,1997,
LDC,BN.CAB.XOKA.GD.ZS,1996,
LDC,BN.CAB.XOKA.GD.ZS,1995,
LDC,BN.CAB.XOKA.GD.ZS,1994,
LDC,BN.CAB.XOKA.GD.ZS,1993,
LDC,BN.CAB.XOKA.GD.ZS,1992,
LDC,BN.CAB.XOKA.GD.ZS,1991,
LDC,BN.CAB.XOKA.GD.ZS,1990,
LDC,BN.CAB.XOKA.GD.ZS,1989,
LDC,BN.CAB.XOKA.GD.ZS,1988,
LDC,BN.CAB.XOKA.GD.ZS,1987,
LDC,BN.CAB.XOKA.GD.ZS,1986,
LDC,BN.CAB.XOKA.GD.ZS,1985,
LDC,BN.CAB.XOKA.GD.ZS,1984,
LDC,BN.CAB.XOKA.GD.ZS,1983,
LDC,BN.CAB.XOKA.GD.ZS,1982,
LDC,BN.CAB.XOKA.GD.ZS,1981,
LDC,BN.CAB.XOKA.GD.ZS,1980,
LDC,BN.CAB.XOKA.GD.ZS,1979,
LDC,BN.CAB.XOKA.GD.ZS,1978,
LDC,BN.CAB.XOKA.GD.ZS,1977,
LDC,BN.CAB.XOKA.GD.ZS,1976,
LDC,BN.CAB.XOKA.GD.ZS,1975,
LDC,BN.CAB.XOKA.GD.ZS,1974,
LDC,BN.CAB.XOKA.GD.ZS,1973,
LDC,BN.CAB.XOKA.GD.ZS,1972,
LDC,BN.CAB.XOKA.GD.ZS,1971,
LDC,BN.CAB.XOKA.GD.ZS,1970,
LDC,BN.CAB.XOKA.GD.ZS,1969,
LDC,BN.CAB.XOKA.GD.ZS,1968,
LDC,BN.CAB.XOKA.GD.ZS,1967,
LDC,BN.CAB.XOKA.GD.ZS,1966,
LDC,BN.CAB.XOKA.GD.ZS,1965,
LDC,BN.CAB.XOKA.GD.ZS,1964,
LDC,BN.CAB.XOKA.GD.ZS,1963,
LDC,BN.CAB.XOKA.GD.ZS,1962,
LDC,BN.CAB.XOKA.GD.ZS,1961,
LDC,BN.CAB.XOKA.GD.ZS,1960,
LMY,BN.CAB.XOKA.GD.ZS,2025,
LMY,BN.CAB.XOKA.GD.ZS,2024,
LMY,BN.CAB.XOKA.GD.ZS,2023,
LMY,BN.CAB.XOKA.GD.ZS,2022,
LMY,BN.CAB.XOKA.GD.ZS,2021,
LMY,BN.CAB.XOKA.GD.ZS,2020,
LMY,BN.CAB.XOKA.GD.ZS,2019,
LMY,BN.CAB.XOKA.GD.ZS,2018,
LMY,BN.CAB.XOKA.GD.ZS,2017,
LMY,BN.CAB.XOKA.GD.ZS,2016,
LMY,BN.CAB.XOKA.GD.ZS,2015,
LMY,BN.CAB.XOKA.GD.ZS,2014,
LMY,BN.CAB.XOKA.GD.ZS,2013,
LMY,BN.CAB.XOKA.GD.ZS,2012,
LMY,BN.CAB.XOKA.GD.ZS,2011,
LMY,BN.CAB.XOKA.GD.ZS,2010,
LMY,BN.CAB.XOKA.GD.ZS,2009,
LMY,BN.CAB.XOKA.GD.ZS,2008,
LMY,BN.CAB.XOKA.GD.ZS,2007,
LMY,BN.CAB.XOKA.GD.ZS,2006,
LMY,BN.CAB.XOKA.GD.ZS,2005,
LMY,BN.CAB.XOKA.GD.ZS,2004,
LMY,BN.CAB.XOKA.GD.ZS,2003,
LMY,BN.CAB.XOKA.GD.ZS,2002,
LMY,BN.CAB.XOKA.GD.ZS,2001,
LMY,BN.CAB.XOKA.GD.ZS,2000,
LMY,BN.CAB.XOKA.GD.ZS,1999,
LMY,BN.CAB.XOKA.GD.ZS,1998,
LMY,BN.CAB.XOKA.GD.ZS,1997,
LMY,BN.CAB.XOKA.GD.ZS,1996,
LMY,BN.CAB.XOKA.GD.ZS,1995,
LMY,BN.CAB.XOKA.GD.ZS,1994,
LMY,BN.CAB.XOKA.GD.ZS,1993,
LMY,BN.CAB.XOKA.GD.ZS,1992,
LMY,BN.CAB.XOKA.GD.ZS,1991,
LMY,BN.CAB.XOKA.GD.ZS,1990,
LMY,BN.CAB.XOKA.GD.ZS,1989,
LMY,BN.CAB.XOKA.GD.ZS,1988,
LMY,BN.CAB.XOKA.GD.ZS,1987,
LMY,BN.CAB.XOKA.GD.ZS,1986,
LMY,BN.CAB.XOKA.GD.ZS,1985,
LMY,BN.CAB.XOKA.GD.ZS,1984,
LMY,BN.CAB.XOKA.GD.ZS,1983,
LMY,BN.CAB.XOKA.GD.ZS,1982,
LMY,BN.CAB.XOKA.GD.ZS,1981,
LMY,BN.CAB.XOKA.GD.ZS,1980,
LMY,BN.CAB.XOKA.GD.ZS,1979,
LMY,BN.CAB.XOKA.GD.ZS,1978,
LMY,BN.CAB.XOKA.GD.ZS,1977,
LMY,BN.CAB.XOKA.GD.ZS,1976,
LMY,BN.CAB.XOKA.GD.ZS,1975,
LMY,BN.CAB.XOKA.GD.ZS,1974,
LMY,BN.CAB.XOKA.GD.ZS,1973,
LMY,BN.CAB.XOKA.GD.ZS,1972,
LMY,BN.CAB.XOKA.GD.ZS,1971,
LMY,BN.CAB.XOKA.GD.ZS,1970,
LMY,BN.CAB.XOKA.GD.ZS,1969,
LMY,BN.CAB.XOKA.GD.ZS,1968,
LMY,BN.CAB.XOKA.GD.ZS,1967,
LMY,BN.CAB.XOKA.GD.ZS,1966,
LMY,BN.CAB.XOKA.GD.ZS,1965,
LMY,BN.CAB.XOKA.GD.ZS,1964,
LMY,BN.CAB.XOKA.GD.ZS,1963,
LMY,BN.CAB.XOKA.GD.ZS,1962,
LMY,BN.CAB.XOKA.GD.ZS,1961,
LMY,BN.CAB.XOKA.GD.ZS,1960,
,BN.CAB.XOKA.GD.ZS,2025,
,BN.CAB.XOKA.GD.ZS,2024,
,BN.CAB.XOKA.GD.ZS,2023,
,BN.CAB.XOKA.GD.ZS,2022,
,BN.CAB.XOKA.GD.ZS,2021,
,BN.CAB.XOKA.GD.ZS,2020,
,BN.CAB.XOKA.GD.ZS,2019,
,BN.CAB.XOKA.GD.ZS,2018,
,BN.CAB.XOKA.GD.ZS,2017,
,BN.CAB.XOKA.GD.ZS,2016,
,BN.CAB.XOKA.GD.ZS,2015,
,BN.CAB.XOKA.GD.ZS,2014,
,BN.CAB.XOKA.GD.ZS,2013,
,BN.CAB.XOKA.GD.ZS,2012,
,BN.CAB.XOKA.GD.ZS,2011,
,BN.CAB.XOKA.GD.ZS,2010,
,BN.CAB.XOKA.GD.ZS,2009,
,BN.CAB.XOKA.GD.ZS,2008,
,BN.CAB.XOKA.GD.ZS,2007,
,BN.CAB.XOKA.GD.ZS,2006,
,BN.CAB.XOKA.GD.ZS,2005,
,BN.CAB.XOKA.GD.ZS,2004,
,BN.CAB.XOKA.GD.ZS,2003,
,BN.CAB.XOKA.GD.ZS,2002,
,BN.CAB.XOKA.GD.ZS,2001,
,BN.CAB.XOKA.GD.ZS,2000,
,BN.CAB.XOKA.GD.ZS,1999,
,BN.CAB.XOKA.GD.ZS,1998,
,BN.CAB.XOKA.GD.ZS,1997,
,BN.CAB.XOKA.GD.ZS,1996,
,BN.CAB.XOKA.GD.ZS,1995,
,BN.CAB.XOKA.GD.ZS,1994,
,BN.CAB.XOKA.GD.ZS,1993,
,BN.CAB.XOKA.GD.ZS,1992,
,BN.CAB.XOKA.GD.ZS,1991,
,BN.CAB.XOKA.GD.ZS,1990,
,BN.CAB.XOKA.GD.ZS,1989,
,BN.CAB.XOKA.GD.ZS,1988,
,BN.CAB.XOKA.GD.ZS,1987,
,BN.CAB.XOKA.GD.ZS,1986,
,BN.CAB.XOKA.GD.ZS,1985,
,BN.CAB.XOKA.GD.ZS,1984,
,BN.CAB.XOKA.GD.ZS,1983,
,BN.CAB.XOKA.GD.ZS,1982,
,BN.CAB.XOKA.GD.ZS,1981,
,BN.CAB.XOKA.GD.ZS,1980,
,BN.CAB.XOKA.GD.ZS,1979,
,BN.CAB.XOKA.GD.ZS,1978,
,BN.CAB.XOKA.GD.ZS,1977,
,BN.CAB.XOKA.GD.ZS,1976,
,BN.CAB.XOKA.GD.ZS,1975,
,BN.CAB.XOKA.GD.ZS,1974,
,BN.CAB.XOKA.GD.ZS,1973,
,BN.CAB.XOKA.GD.ZS,1972,
,BN.CAB.XOKA.GD.ZS,1971,
,BN.CAB.XOKA.GD.ZS,1970,
,BN.CAB.XOKA.GD.ZS,1969,
,BN.CAB.XOKA.GD.ZS,1968,
,BN.CAB.XOKA.GD.ZS,1967,
,BN.CAB.XOKA.GD.ZS,1966,
,BN.CAB.XOKA.GD.ZS,1965,
,BN.CAB.XOKA.GD.ZS,1964,
,BN.CAB.XOKA.GD.ZS,1963,
,BN.CAB.XOKA.GD.ZS,1962,
,BN.CAB.XOKA.GD.ZS,1961,
,BN.CAB.XOKA.GD.ZS,1960,
,BN.CAB.XOKA.GD.ZS,2025,
,BN.CAB.XOKA.GD.ZS,2024,
,BN.CAB.XOKA.GD.ZS,2023,
,BN.CAB.XOKA.GD.ZS,2022,
,BN.CAB.XOKA.GD.ZS,2021,
,BN.CAB.XOKA.GD.ZS,2020,
,BN.CAB.XOKA.GD.ZS,2019,
,BN.CAB.XOKA.GD.ZS,2018,
,BN.CAB.XOKA.GD.ZS,2017,
,BN.CAB.XOKA.GD.ZS,2016,
,BN.CAB.XOKA.GD.ZS,2015,
,BN.CAB.XOKA.GD.ZS,2014,
,BN.CAB.XOKA.GD.ZS,2013,
,BN.CAB.XOKA.GD.ZS,2012,
,BN.CAB.XOKA.GD.ZS,2011,
,BN.CAB.XOKA.GD.ZS,2010,
,BN.CAB.XOKA.GD.ZS,2009,
,BN.CAB.XOKA.GD.ZS,2008,
,BN.CAB.XOKA.GD.ZS,2007,
,BN.CAB.XOKA.GD.ZS,2006,
,BN.CAB.XOKA.GD.ZS,2005,
,BN.CAB.XOKA.GD.ZS,2004,
,BN.CAB.XOKA.GD.ZS,2003,
,BN.CAB.XOKA.GD.ZS,2002,
,BN.CAB.XOKA.GD.ZS,2001,
,BN.CAB.XOKA.GD.ZS,2000,
,BN.CAB.XOKA.GD.ZS,1999,
,BN.CAB.XOKA.GD.ZS,1998,
,BN.CAB.XOKA.GD.ZS,1997,
,BN.CAB.XOKA.GD.ZS,1996,
,BN.CAB.XOKA.GD.ZS,1995,
,BN.CAB.XOKA.GD.ZS,1994,
,BN.CAB.XOKA.GD.ZS,1993,
,BN.CAB.XOKA.GD.ZS,1992,
,BN.CAB.XOKA.GD.ZS,1991,
,BN.CAB.XOKA.GD.ZS,1990,
,BN.CAB.XOKA.GD.ZS,1989,
,BN.CAB.XOKA.GD.ZS,1988,
,BN.CAB.XOKA.GD.ZS,1987,
,BN.CAB.XOKA.GD.ZS,1986,
,BN.CAB.XOKA.GD.ZS,1985,
,BN.CAB.XOKA.GD.ZS,1984,
,BN.CAB.XOKA.GD.ZS,1983,
,BN.CAB.XOKA.GD.ZS,1982,
,BN.CAB.XOKA.GD.ZS,1981,
,BN.CAB.XOKA.GD.ZS,1980,
,BN.CAB.XOKA.GD.ZS,1979,
,BN.CAB.XOKA.GD.ZS,1978,
,BN.CAB.XOKA.GD.ZS,1977,
,BN.CAB.XOKA.GD.ZS,1976,
,BN.CAB.XOKA.GD.ZS,1975,
,BN.CAB.XOKA.GD.ZS,1974,
,BN.CAB.XOKA.GD.ZS,1973,
,BN.CAB.XOKA.GD.ZS,1972,
,BN.CAB.XOKA.GD.ZS,1971,
,BN.CAB.XOKA.GD.ZS,1970,
,BN.CAB.XOKA.GD.ZS,1969,
,BN.CAB.XOKA.GD.ZS,1968,
,BN.CAB.XOKA.GD.ZS,1967,
,BN.CAB.XOKA.GD.ZS,1966,
,BN.CAB.XOKA.GD.ZS,1965,
,BN.CAB.XOKA.GD.ZS,1964,
,BN.CAB.XOKA.GD.ZS,1963,
,BN.CAB.XOKA.GD.ZS,1962,
,BN.CAB.XOKA.GD.ZS,1961,
,BN.CAB.XOKA.GD.ZS,1960,
MEA,BN.CAB.XOKA.GD.ZS,2025,
MEA,BN.CAB.XOKA.GD.ZS,2024,
MEA,BN.CAB.XOKA.GD.ZS,2023,
MEA,BN.CAB.XOKA.GD.ZS,2022,
MEA,BN.CAB.XOKA.GD.ZS,2021,
MEA,BN.CAB.XOKA.GD.ZS,2020,
MEA,BN.CAB.XOKA.GD.ZS,2019,
MEA,BN.CAB.XOKA.GD.ZS,2018,
MEA,BN.CAB.XOKA.GD.ZS,2017,
MEA,BN.CAB.XOKA.GD.ZS,2016,
MEA,BN.CAB.XOKA.GD.ZS,2015,
MEA,BN.CAB.XOKA.GD.ZS,2014,
MEA,BN.CAB.XOKA.GD.ZS,2013,
MEA,BN.CAB.XOKA.GD.ZS,2012,
MEA,BN.CAB.XOKA.GD.ZS,2011,
MEA,BN.CAB.XOKA.GD.ZS,2010,
MEA,BN.CAB.XOKA.GD.ZS,2009,
MEA,BN.CAB.XOKA.GD.ZS,2008,
MEA,BN.CAB.XOKA.GD.ZS,2007,
MEA,BN.CAB.XOKA.GD.ZS,2006,
MEA,BN.CAB.XOKA.GD.ZS,2005,
MEA,BN.CAB.XOKA.GD.ZS,2004,
MEA,BN.CAB.XOKA.GD.ZS,2003,
MEA,BN.CAB.XOKA.GD.ZS,2002,
MEA,BN.CAB.XOKA.GD.ZS,2001,
MEA,BN.CAB.XOKA.GD.ZS,2000,
MEA,BN.CAB.XOKA.GD.ZS,1999,
MEA,BN.CAB.XOKA.GD.ZS,1998,
MEA,BN.CAB.XOKA.GD.ZS,1997,
MEA,BN.CAB.XOKA.GD.ZS,1996,
MEA,BN.CAB.XOKA.GD.ZS,1995,
MEA,BN.CAB.XOKA.GD.ZS,1994,
MEA,BN.CAB.XOKA.GD.ZS,1993,
MEA,BN.CAB.XOKA.GD.ZS,1992,
MEA,BN.CAB.XOKA.GD.ZS,1991,
MEA,BN.CAB.XOKA.GD.ZS,1990,
MEA,BN.CAB.XOKA.GD.ZS,1989,
MEA,BN.CAB.XOKA.GD.ZS,1988,
MEA,BN.CAB.XOKA.GD.ZS,1987,
MEA,BN.CAB.XOKA.GD.ZS,1986,
MEA,BN.CAB.XOKA.GD.ZS,1985,
MEA,BN.CAB.XOKA.GD.ZS,1984,
MEA,BN.CAB.XOKA.GD.ZS,1983,
MEA,BN.CAB.XOKA.GD.ZS,1982,
MEA,BN.CAB.XOKA.GD.ZS,1981,
MEA,BN.CAB.XOKA.GD.ZS,1980,
MEA,BN.CAB.XOKA.GD.ZS,1979,
MEA,BN.CAB.XOKA.GD.ZS,1978,
MEA,BN.CAB.XOKA.GD.ZS,1977,
MEA,BN.CAB.XOKA.GD.ZS,1976,
MEA,BN.CAB.XOKA.GD.ZS,1975,
MEA,BN.CAB.XOKA.GD.ZS,1974,
MEA,BN.CAB.XOKA.GD.ZS,1973,
MEA,BN.CAB.XOKA.GD.ZS,1972,
MEA,BN.CAB.XOKA.GD.ZS,1971,
MEA,BN.CAB.XOKA.GD.ZS,1970,
MEA,BN.CAB.XOKA.GD.ZS,1969,
MEA,BN.CAB.XOKA.GD.ZS,1968,
MEA,BN.CAB.XOKA.GD.ZS,1967,
MEA,BN.CAB.XOKA.GD.ZS,1966,
MEA,BN.CAB.XOKA.GD.ZS,1965,
MEA,BN.CAB.XOKA.GD.ZS,1964,
MEA,BN.CAB.XOKA.GD.ZS,1963,
MEA,BN.CAB.XOKA.GD.ZS,1962,
MEA,BN.CAB.XOKA.GD.ZS,1961,
MEA,BN.CAB.XOKA.GD.ZS,1960,
MNA,BN.CAB.XOKA.GD.ZS,2025,
MNA,BN.CAB.XOKA.GD.ZS,2024,
MNA,BN.CAB.XOKA.GD.ZS,2023,
MNA,BN.CAB.XOKA.GD.ZS,2022,
MNA,BN.CAB.XOKA.GD.ZS,2021,
MNA,BN.CAB.XOKA.GD.ZS,2020,
MNA,BN.CAB.XOKA.GD.ZS,2019,
MNA,BN.CAB.XOKA.GD.ZS,2018,
MNA,BN.CAB.XOKA.GD.ZS,2017,
MNA,BN.CAB.XOKA.GD.ZS,2016,
MNA,BN.CAB.XOKA.GD.ZS,2015,
MNA,BN.CAB.XOKA.GD.ZS,2014,
MNA,BN.CAB.XOKA.GD.ZS,2013,
MNA,BN.CAB.XOKA.GD.ZS,2012,
MNA,BN.CAB.XOKA.GD.ZS,2011,
MNA,BN.CAB.XOKA.GD.ZS,2010,
MNA,BN.CAB.XOKA.GD.ZS,2009,
MNA,BN.CAB.XOKA.GD.ZS,2008,
MNA,BN.CAB.XOKA.GD.ZS,2007,
MNA,BN.CAB.XOKA.GD.ZS,2006,
MNA,BN.CAB.XOKA.GD.ZS,2005,
MNA,BN.CAB.XOKA.GD.ZS,2004,
MNA,BN.CAB.XOKA.GD.ZS,2003,
MNA,BN.CAB.XOKA.GD.ZS,2002,
MNA,BN.CAB.XOKA.GD.ZS,2001,
MNA,BN.CAB.XOKA.GD.ZS,2000,
MNA,BN.CAB.XOKA.GD.ZS,1999,
MNA,BN.CAB.XOKA.GD.ZS,1998,
MNA,BN.CAB.XOKA.GD.ZS,1997,
MNA,BN.CAB.XOKA.GD.ZS,1996,
MNA,BN.CAB.XOKA.GD.ZS,1995,
MNA,BN.CAB.XOKA.GD.ZS,1994,
MNA,BN.CAB.XOKA.GD.ZS,1993,
MNA,BN.CAB.XOKA.GD.ZS,1992,
MNA,BN.CAB.XOKA.GD.ZS,1991,
MNA,BN.CAB.XOKA.GD.ZS,1990,
MNA,BN.CAB.XOKA.GD.ZS,1989,
MNA,BN.CAB.XOKA.GD.ZS,1988,
MNA,BN.CAB.XOKA.GD.ZS,1987,
MNA,BN.CAB.XOKA.GD.ZS,1986,
MNA,BN.CAB.XOKA.GD.ZS,1985,
MNA,BN.CAB.XOKA.GD.ZS,1984,
MNA,BN.CAB.XOKA.GD.ZS,1983,
MNA,BN.CAB.XOKA.GD.ZS,1982,
MNA,BN.CAB.XOKA.GD.ZS,1981,
MNA,BN.CAB.XOKA.GD.ZS,1980,
MNA,BN.CAB.XOKA.GD.ZS,1979,
MNA,BN.CAB.XOKA.GD.ZS,1978,
MNA,BN.CAB.XOKA.GD.ZS,1977,
MNA,BN.CAB.XOKA.GD.ZS,1976,
MNA,BN.CAB.XOKA.GD.ZS,1975,
MNA,BN.CAB.XOKA.GD.ZS,1974,
MNA,BN.CAB.XOKA.GD.ZS,1973,
MNA,BN.CAB.XOKA.GD.ZS,1972,
MNA,BN.CAB.XOKA.GD.ZS,1971,
MNA,BN.CAB.XOKA.GD.ZS,1970,
MNA,BN.CAB.XOKA.GD.ZS,1969,
MNA,BN.CAB.XOKA.GD.ZS,1968,
MNA,BN.CAB.XOKA.GD.ZS,1967,
MNA,BN.CAB.XOKA.GD.ZS,1966,
MNA,BN.CAB.XOKA.GD.ZS,1965,
MNA,BN.CAB.XOKA.GD.ZS,1964,
MNA,BN.CAB.XOKA.GD.ZS,1963,
MNA,BN.CAB.XOKA.GD.ZS,1962,
MNA,BN.CAB.XOKA.GD.ZS,1961,
MNA,BN.CAB.XOKA.GD.ZS,1960,
TMN,BN.CAB.XOKA.GD.ZS,2025,
TMN,BN.CAB.XOKA.GD.ZS,2024,
TMN,BN.CAB.XOKA.GD.ZS,2023,
TMN,BN.CAB.XOKA.GD.ZS,2022,
TMN,BN.CAB.XOKA.GD.ZS,2021,
TMN,BN.CAB.XOKA.GD.ZS,2020,
TMN,BN.CAB.XOKA.GD.ZS,2019,
TMN,BN.CAB.XOKA.GD.ZS,2018,
TMN,BN.CAB.XOKA.GD.ZS,2017,
TMN,BN.CAB.XOKA.GD.ZS,2016,
TMN,BN.CAB.XOKA.GD.ZS,2015,
TMN,BN.CAB.XOKA.GD.ZS,2014,
TMN,BN.CAB.XOKA.GD.ZS,2013,
TMN,BN.CAB.XOKA.GD.ZS,2012,
TMN,BN.CAB.XOKA.GD.ZS,2011,
TMN,BN.CAB.XOKA.GD.ZS,2010,
TMN,BN.CAB.XOKA.GD.ZS,2009,
TMN,BN.CAB.XOKA.GD.ZS,2008,
TMN,BN.CAB.XOKA.GD.ZS,2007,
TMN,BN.CAB.XOKA.GD.ZS,2006,
TMN,BN.CAB.XOKA.GD.ZS,2005,
TMN,BN.CAB.XOKA.GD.ZS,2004,
TMN,BN.CAB.XOKA.GD.ZS,2003,
TMN,BN.CAB.XOKA.GD.ZS,2002,
TMN,BN.CAB.XOKA.GD.ZS,2001,
TMN,BN.CAB.XOKA.GD.ZS,2000,
TMN,BN.CAB.XOKA.GD.ZS,1999,
TMN,BN.CAB.XOKA.GD.ZS,1998,
TMN,BN.CAB.XOKA.GD.ZS,1997,
TMN,BN.CAB.XOKA.GD.ZS,1996,
TMN,BN.CAB.XOKA.GD.ZS,1995,
TMN,BN.CAB.XOKA.GD.ZS,1994,
TMN,BN.CAB.XOKA.GD.ZS,1993,
TMN,BN.CAB.XOKA.GD.ZS,1992,
TMN,BN.CAB.XOKA.GD.ZS,1991,
TMN,BN.CAB.XOKA.GD.ZS,1990,
TMN,BN.CAB.XOKA.GD.ZS,1989,
TMN,BN.CAB.XOKA.GD.ZS,1988,
TMN,BN.CAB.XOKA.GD.ZS,1987,
TMN,BN.CAB.XOKA.GD.ZS,1986,
TMN,BN.CAB.XOKA.GD.ZS,1985,
TMN,BN.CAB.XOKA.GD.ZS,1984,
TMN,BN.CAB.XOKA.GD.ZS,1983,
TMN,BN.CAB.XOKA.GD.ZS,1982,
TMN,BN.CAB.XOKA.GD.ZS,1981,
TMN,BN.CAB.XOKA.GD.ZS,1980,
TMN,BN.CAB.XOKA.GD.ZS,1979,
TMN,BN.CAB.XOKA.GD.ZS,1978,
TMN,BN.CAB.XOKA.GD.ZS,1977,
TMN,BN.CAB.XOKA.GD.ZS,1976,
TMN,BN.CAB.XOKA.GD.ZS,1975,
TMN,BN.CAB.XOKA.GD.ZS,1974,
TMN,BN.CAB.XOKA.GD.ZS,1973,
TMN,BN.CAB.XOKA.GD.ZS,1972,
TMN,BN.CAB.XOKA.GD.ZS,1971,
TMN,BN.CAB.XOKA.GD.ZS,1970,
TMN,BN.CAB.XOKA.GD.ZS,1969,
TMN,BN.CAB.XOKA.GD.ZS,1968,
TMN,BN.CAB.XOKA.GD.ZS,1967,
TMN,BN.CAB.XOKA.GD.ZS,1966,
TMN,BN.CAB.XOKA.GD.ZS,1965,
TMN,BN.CAB.XOKA.GD.ZS,1964,
TMN,BN.CAB.XOKA.GD.ZS,1963,
TMN,BN.CAB.XOKA.GD.ZS,1962,
TMN,BN.CAB.XOKA.GD.ZS,1961,
TMN,BN.CAB.XOKA.GD.ZS,1960,
MIC,BN.CAB.XOKA.GD.ZS,2025,
MIC,BN.CAB.XOKA.GD.ZS,2024,
MIC,BN.CAB.XOKA.GD.ZS,2023,
MIC,BN.CAB.XOKA.GD.ZS,2022,
MIC,BN.CAB.XOKA.GD.ZS,2021,
MIC,BN.CAB.XOKA.GD.ZS,2020,
MIC,BN.CAB.XOKA.GD.ZS,2019,
MIC,BN.CAB.XOKA.GD.ZS,2018,
MIC,BN.CAB.XOKA.GD.ZS,2017,
MIC,BN.CAB.XOKA.GD.ZS,2016,
MIC,BN.CAB.XOKA.GD.ZS,2015,
MIC,BN.CAB.XOKA.GD.ZS,2014,
MIC,BN.CAB.XOKA.GD.ZS,2013,
MIC,BN.CAB.XOKA.GD.ZS,2012,
MIC,BN.CAB.XOKA.GD.ZS,2011,
MIC,BN.CAB.XOKA.GD.ZS,2010,
MIC,BN.CAB.XOKA.GD.ZS,2009,
MIC,BN.CAB.XOKA.GD.ZS,2008,
MIC,BN.CAB.XOKA.GD.ZS,2007,
MIC,BN.CAB.XOKA.GD.ZS,2006,
MIC,BN.CAB.XOKA.GD.ZS,2005,
MIC,BN.CAB.XOKA.GD.ZS,2004,
MIC,BN.CAB.XOKA.GD.ZS,2003,
MIC,BN.CAB.XOKA.GD.ZS,2002,
MIC,BN.CAB.XOKA.GD.ZS,2001,
MIC,BN.CAB.XOKA.GD.ZS,2000,
MIC,BN.CAB.XOKA.GD.ZS,1999,
MIC,BN.CAB.XOKA.GD.ZS,1998,
MIC,BN.CAB.XOKA.GD.ZS,1997,
MIC,BN.CAB.XOKA.GD.ZS,1996,
MIC,BN.CAB.XOKA.GD.ZS,1995,
MIC,BN.CAB.XOKA.GD.ZS,1994,
MIC,BN.CAB.XOKA.GD.ZS,1993,
MIC,BN.CAB.XOKA.GD.ZS,1992,
MIC,BN.CAB.XOKA.GD.ZS,1991,
MIC,BN.CAB.XOKA.GD.ZS,1990,
MIC,BN.CAB.XOKA.GD.ZS,1989,
MIC,BN.CAB.XOKA.GD.ZS,1988,
MIC,BN.CAB.XOKA.GD.ZS,1987,
MIC,BN.CAB.XOKA.GD.ZS,1986,
MIC,BN.CAB.XOKA.GD.ZS,1985,
MIC,BN.CAB.XOKA.GD.ZS,1984,
MIC,BN.CAB.XOKA.GD.ZS,1983,
MIC,BN.CAB.XOKA.GD.ZS,1982,
MIC,BN.CAB.XOKA.GD.ZS,1981,
MIC,BN.CAB.XOKA.GD.ZS,1980,
MIC,BN.CAB.XOKA.GD.ZS,1979,
MIC,BN.CAB.XOKA.GD.ZS,1978,
MIC,BN.CAB.XOKA.GD.ZS,1977,
MIC,BN.CAB.XOKA.GD.ZS,1976,
MIC,BN.CAB.XOKA.GD.ZS,1975,
MIC,BN.CAB.XOKA.GD.ZS,1974,
MIC,BN.CAB.XOKA.GD.ZS,1973,
MIC,BN.CAB.XOKA.GD.ZS,1972,
MIC,BN.CAB.XOKA.GD.ZS,1971,
MIC,BN.CAB.XOKA.GD.ZS,1970,
MIC,BN.CAB.XOKA.GD.ZS,1969,
MIC,BN.CAB.XOKA.GD.ZS,1968,
MIC,BN.CAB.XOKA.GD.ZS,1967,
MIC,BN.CAB.XOKA.GD.ZS,1966,
MIC,BN.CAB.XOKA.GD.ZS,1965,
MIC,BN.CAB.XOKA.GD.ZS,1964,
MIC,BN.CAB.XOKA.GD.ZS,1963,
MIC,BN.CAB.XOKA.GD.ZS,1962,
MIC,BN.CAB.XOKA.GD.ZS,1961,
MIC,BN.CAB.XOKA.GD.ZS,1960,
NAC,BN.CAB.XOKA.GD.ZS,2025,
NAC,BN.CAB.XOKA.GD.ZS,2024,
NAC,BN.CAB.XOKA.GD.ZS,2023,
NAC,BN.CAB.XOKA.GD.ZS,2022,
NAC,BN.CAB.XOKA.GD.ZS,2021,
NAC,BN.CAB.XOKA.GD.ZS,2020,
NAC,BN.CAB.XOKA.GD.ZS,2019,
NAC,BN.CAB.XOKA.GD.ZS,2018,
NAC,BN.CAB.XOKA.GD.ZS,2017,
NAC,BN.CAB.XOKA.GD.ZS,2016,
NAC,BN.CAB.XOKA.GD.ZS,2015,
NAC,BN.CAB.XOKA.GD.ZS,2014,
NAC,BN.CAB.XOKA.GD.ZS,2013,
NAC,BN.CAB.XOKA.GD.ZS,2012,
NAC,BN.CAB.XOKA.GD.ZS,2011,
NAC,BN.CAB.XOKA.GD.ZS,2010,
NAC,BN.CAB.XOKA.GD.ZS,2009,
NAC,BN.CAB.XOKA.GD.ZS,2008,
NAC,BN.CAB.XOKA.GD.ZS,2007,
NAC,BN.CAB.XOKA.GD.ZS,2006,
NAC,BN.CAB.XOKA.GD.ZS,2005,
NAC,BN.CAB.XOKA.GD.ZS,2004,
NAC,BN.CAB.XOKA.GD.ZS,2003,
NAC,BN.CAB.XOKA.GD.ZS,2002,
NAC,BN.CAB.XOKA.GD.ZS,2001,
NAC,BN.CAB.XOKA.GD.ZS,2000,
NAC,BN.CAB.XOKA.GD.ZS,1999,
NAC,BN.CAB.XOKA.GD.ZS,1998,
NAC,BN.CAB.XOKA.GD.ZS,1997,
NAC,BN.CAB.XOKA.GD.ZS,1996,
NAC,BN.CAB.XOKA.GD.ZS,1995,
NAC,BN.CAB.XOKA.GD.ZS,1994,
NAC,BN.CAB.XOKA.GD.ZS,1993,
NAC,BN.CAB.XOKA.GD.ZS,1992,
NAC,BN.CAB.XOKA.GD.ZS,1991,
NAC,BN.CAB.XOKA.GD.ZS,1990,
NAC,BN.CAB.XOKA.GD.ZS,1989,
NAC,BN.CAB.XOKA.GD.ZS,1988,
NAC,BN.CAB.XOKA.GD.ZS,1987,
NAC,BN.CAB.XOKA.GD.ZS,1986,
NAC,BN.CAB.XOKA.GD.ZS,1985,
NAC,BN.CAB.XOKA.GD.ZS,1984,
NAC,BN.CAB.XOKA.GD.ZS,1983,
NAC,BN.CAB.XOKA.GD.ZS,1982,
NAC,BN.CAB.XOKA.GD.ZS,1981,
NAC,BN.CAB.XOKA.GD.ZS,1980,
NAC,BN.CAB.XOKA.GD.ZS,1979,
NAC,BN.CAB.XOKA.GD.ZS,1978,
NAC,BN.CAB.XOKA.GD.ZS,1977,
NAC,BN.CAB.XOKA.GD.ZS,1976,
NAC,BN.CAB.XOKA.GD.ZS,1975,
NAC,BN.CAB.XOKA.GD.ZS,1974,
NAC,BN.CAB.XOKA.GD.ZS,1973,
NAC,BN.CAB.XOKA.GD.ZS,1972,
NAC,BN.CAB.XOKA.GD.ZS,1971,
NAC,BN.CAB.XOKA.GD.ZS,1970,
NAC,BN.CAB.XOKA.GD.ZS,1969,
NAC,BN.CAB.XOKA.GD.ZS,1968,
NAC,BN.CAB.XOKA.GD.ZS,1967,
NAC,BN.CAB.XOKA.GD.ZS,1966,
NAC,BN.CAB.XOKA.GD.ZS,1965,
NAC,BN.CAB.XOKA.GD.ZS,1964,
NAC,BN.CAB.XOKA.GD.ZS,1963,
NAC,BN.CAB.XOKA.GD.ZS,1962,
NAC,BN.CAB.XOKA.GD.ZS,1961,
NAC,BN.CAB.XOKA.GD.ZS,1960,
,BN.CAB.XOKA.GD.ZS,2025,
,BN.CAB.XOKA.GD.ZS,2024,
,BN.CAB.XOKA.GD.ZS,2023,
,BN.CAB.XOKA.GD.ZS,2022,
,BN.CAB.XOKA.GD.ZS,2021,
,BN.CAB.XOKA.GD.ZS,2020,
,BN.CAB.XOKA.GD.ZS,2019,
,BN.CAB.XOKA.GD.ZS,2018,
,BN.CAB.XOKA.GD.ZS,2017,
,BN.CAB.XOKA.GD.ZS,2016,
,BN.CAB.XOKA.GD.ZS,2015,
,BN.CAB.XOKA.GD.ZS,2014,
,BN.CAB.XOKA.GD.ZS,2013,
,BN.CAB.XOKA.GD.ZS,2012,
,BN.CAB.XOKA.GD.ZS,2011,
,BN.CAB.XOKA.GD.ZS,2010,
,BN.CAB.XOKA.GD.ZS,2009,
,BN.CAB.XOKA.GD.ZS,2008,
,BN.CAB.XOKA.GD.ZS,2007,
,BN.CAB.XOKA.GD.ZS,2006,
,BN.CAB.XOKA.GD.ZS,2005,
,BN.CAB.XOKA.GD.ZS,2004,
,BN.CAB.XOKA.GD.ZS,2003,
,BN.CAB.XOKA.GD.ZS,2002,
,BN.CAB.XOKA.GD.ZS,2001,
,BN.CAB.XOKA.GD.ZS,2000,
,BN.CAB.XOKA.GD.ZS,1999,
,BN.CAB.XOKA.GD.ZS,1998,
,BN.CAB.XOKA.GD.ZS,1997,
,BN.CAB.XOKA.GD.ZS,1996,
,BN.CAB.XOKA.GD.ZS,1995,
,BN.CAB.XOKA.GD.ZS,1994,
,BN.CAB.XOKA.GD.ZS,1993,
,BN.CAB.XOKA.GD.ZS,1992,
,BN.CAB.XOKA.GD.ZS,1991,
,BN.CAB.XOKA.GD.ZS,1990,
,BN.CAB.XOKA.GD.ZS,1989,
,BN.CAB.XOKA.GD.ZS,1988,
,BN.CAB.XOKA.GD.ZS,1987,
,BN.CAB.XOKA.GD.ZS,1986,
,BN.CAB.XOKA.GD.ZS,1985,
,BN.CAB.XOKA.GD.ZS,1984,
,BN.CAB.XOKA.GD.ZS,1983,
,BN.CAB.XOKA.GD.ZS,1982,
,BN.CAB.XOKA.GD.ZS,1981,
,BN.CAB.XOKA.GD.ZS,1980,
,BN.CAB.XOKA.GD.ZS,1979,
,BN.CAB.XOKA.GD.ZS,1978,
,BN.CAB.XOKA.GD.ZS,1977,
,BN.CAB.XOKA.GD.ZS,1976,
,BN.CAB.XOKA.GD.ZS,1975,
,BN.CAB.XOKA.GD.ZS,1974,
,BN.CAB.XOKA.GD.ZS,1973,
,BN.CAB.XOKA.GD.ZS,1972,
,BN.CAB.XOKA.GD.ZS,1971,
,BN.CAB.XOKA.GD.ZS,1970,
,BN.CAB.XOKA.GD.ZS,1969,
,BN.CAB.XOKA.GD.ZS,1968,
,BN.CAB.XOKA.GD.ZS,1967,
,BN.CAB.XOKA.GD.ZS,1966,
,BN.CAB.XOKA.GD.ZS,1965,
,BN.CAB.XOKA.GD.ZS,1964,
,BN.CAB.XOKA.GD.ZS,1963,
,BN.CAB.XOKA.GD.ZS,1962,
,BN.CAB.XOKA.GD.ZS,1961,
,BN.CAB.XOKA.GD.ZS,1960,
OED,BN.CAB.XOKA.GD.ZS,2025,
OED,BN.CAB.XOKA.GD.ZS,2024,
OED,BN.CAB.XOKA.GD.ZS,2023,
OED,BN.CAB.XOKA.GD.ZS,2022,
OED,BN.CAB.XOKA.GD.ZS,2021,
OED,BN.CAB.XOKA.GD.ZS,2020,
OED,BN.CAB.XOKA.GD.ZS,2019,
OED,BN.CAB.XOKA.GD.ZS,2018,
OED,BN.CAB.XOKA.GD.ZS,2017,
OED,BN.CAB.XOKA.GD.ZS,2016,
OED,BN.CAB.XOKA.GD.ZS,2015,
OED,BN.CAB.XOKA.GD.ZS,2014,
OED,BN.CAB.XOKA.GD.ZS,2013,
OED,BN.CAB.XOKA.GD.ZS,2012,
OED,BN.CAB.XOKA.GD.ZS,2011,
OED,BN.CAB.XOKA.GD.ZS,2010,
OED,BN.CAB.XOKA.GD.ZS,2009,
OED,BN.CAB.XOKA.GD.ZS,2008,
OED,BN.CAB.XOKA.GD.ZS,2007,
OED,BN.CAB.XOKA.GD.ZS,2006,
OED,BN.CAB.XOKA.GD.ZS,2005,
OED,BN.CAB.XOKA.GD.ZS,2004,
OED,BN.CAB.XOKA.GD.ZS,2003,
OED,BN.CAB.XOKA.GD.ZS,2002,
OED,BN.CAB.XOKA.GD.ZS,2001,
OED,BN.CAB.XOKA.GD.ZS,2000,
OED,BN.CAB.XOKA.GD.ZS,1999,
OED,BN.CAB.XOKA.GD.ZS,1998,
OED,BN.CAB.XOKA.GD.ZS,1997,
OED,BN.CAB.XOKA.GD.ZS,1996,
OED,BN.CAB.XOKA.GD.ZS,1995,
OED,BN.CAB.XOKA.GD.ZS,1994,
OED,BN.CAB.XOKA.GD.ZS,1993,
OED,BN.CAB.XOKA.GD.ZS,1992,
OED,BN.CAB.XOKA.GD.ZS,1991,
OED,BN.CAB.XOKA.GD.ZS,1990,
OED,BN.CAB.XOKA.GD.ZS,1989,
OED,BN.CAB.XOKA.GD.ZS,1988,
OED,BN.CAB.XOKA.GD.ZS,1987,
OED,BN.CAB.XOKA.GD.ZS,1986,
OED,BN.CAB.XOKA.GD.ZS,1985,
OED,BN.CAB.XOKA.GD.ZS,1984,
OED,BN.CAB.XOKA.GD.ZS,1983,
OED,BN.CAB.XOKA.GD.ZS,1982,
OED,BN.CAB.XOKA.GD.ZS,1981,
OED,BN.CAB.XOKA.GD.ZS,1980,
OED,BN.CAB.XOKA.GD.ZS,1979,
OED,BN.CAB.XOKA.GD.ZS,1978,
OED,BN.CAB.XOKA.GD.ZS,1977,
OED,BN.CAB.XOKA.GD.ZS,1976,
OED,BN.CAB.XOKA.GD.ZS,1975,
OED,BN.CAB.XOKA.GD.ZS,1974,
OED,BN.CAB.XOKA.GD.ZS,1973,
OED,BN.CAB.XOKA.GD.ZS,1972,
OED,BN.CAB.XOKA.GD.ZS,1971,
OED,BN.CAB.XOKA.GD.ZS,1970,
OED,BN.CAB.XOKA.GD.ZS,1969,
OED,BN.CAB.XOKA.GD.ZS,1968,
OED,BN.CAB.XOKA.GD.ZS,1967,
OED,BN.CAB.XOKA.GD.ZS,1966,
OED,BN.CAB.XOKA.GD.ZS,1965,
OED,BN.CAB.XOKA.GD.ZS,1964,
OED,BN.CAB.XOKA.GD.ZS,1963,
OED,BN.CAB.XOKA.GD.ZS,1962,
OED,BN.CAB.XOKA.GD.ZS,1961,
OED,BN.CAB.XOKA.GD.ZS,1960,
OSS,BN.CAB.XOKA.GD.ZS,2025,
OSS,BN.CAB.XOKA.GD.ZS,2024,
OSS,BN.CAB.XOKA.GD.ZS,2023,
OSS,BN.CAB.XOKA.GD.ZS,2022,
OSS,BN.CAB.XOKA.GD.ZS,2021,
OSS,BN.CAB.XOKA.GD.ZS,2020,
OSS,BN.CAB.XOKA.GD.ZS,2019,
OSS,BN.CAB.XOKA.GD.ZS,2018,
OSS,BN.CAB.XOKA.GD.ZS,2017,
OSS,BN.CAB.XOKA.GD.ZS,2016,
OSS,BN.CAB.XOKA.GD.ZS,2015,
OSS,BN.CAB.XOKA.GD.ZS,2014,
OSS,BN.CAB.XOKA.GD.ZS,2013,
OSS,BN.CAB.XOKA.GD.ZS,2012,
OSS,BN.CAB.XOKA.GD.ZS,2011,
OSS,BN.CAB.XOKA.GD.ZS,2010,
OSS,BN.CAB.XOKA.GD.ZS,2009,
OSS,BN.CAB.XOKA.GD.ZS,2008,
OSS,BN.CAB.XOKA.GD.ZS,2007,
OSS,BN.CAB.XOKA.GD.ZS,2006,
OSS,BN.CAB.XOKA.GD.ZS,2005,
OSS,BN.CAB.XOKA.GD.ZS,2004,
OSS,BN.CAB.XOKA.GD.ZS,2003,
OSS,BN.CAB.XOKA.GD.ZS,2002,
OSS,BN.CAB.XOKA.GD.ZS,2001,
OSS,BN.CAB.XOKA.GD.ZS,2000,
OSS,BN.CAB.XOKA.GD.ZS,1999,
OSS,BN.CAB.XOKA.GD.ZS,1998,
OSS,BN.CAB.XOKA.GD.ZS,1997,
OSS,BN.CAB.XOKA.GD.ZS,1996,
OSS,BN.CAB.XOKA.GD.ZS,1995,
OSS,BN.CAB.XOKA.GD.ZS,1994,
OSS,BN.CAB.XOKA.GD.ZS,1993,
OSS,BN.CAB.XOKA.GD.ZS,1992,
OSS,BN.CAB.XOKA.GD.ZS,1991,
OSS,BN.CAB.XOKA.GD.ZS,1990,
OSS,BN.CAB.XOKA.GD.ZS,1989,
OSS,BN.CAB.XOKA.GD.ZS,1988,
OSS,BN.CAB.XOKA.GD.ZS,1987,
OSS,BN.CAB.XOKA.GD.ZS,1986,
OSS,BN.CAB.XOKA.GD.ZS,1985,
OSS,BN.CAB.XOKA.GD.ZS,1984,
OSS,BN.CAB.XOKA.GD.ZS,1983,
OSS,BN.CAB.XOKA.GD.ZS,1982,
OSS,BN.CAB.XOKA.GD.ZS,1981,
OSS,BN.CAB.XOKA.GD.ZS,1980,
OSS,BN.CAB.XOKA.GD.ZS,1979,
OSS,BN.CAB.XOKA.GD.ZS,1978,
OSS,BN.CAB.XOKA.GD.ZS,1977,
OSS,BN.CAB.XOKA.GD.ZS,1976,
OSS,BN.CAB.XOKA.GD.ZS,1975,
OSS,BN.CAB.XOKA.GD.ZS,1974,
OSS,BN.CAB.XOKA.GD.ZS,1973,
OSS,BN.CAB.XOKA.GD.ZS,1972,
OSS,BN.CAB.XOKA.GD.ZS,1971,
OSS,BN.CAB.XOKA.GD.ZS,1970,
OSS,BN.CAB.XOKA.GD.ZS,1969,
OSS,BN.CAB.XOKA.GD.ZS,1968,
OSS,BN.CAB.XOKA.GD.ZS,1967,
OSS,BN.CAB.XOKA.GD.ZS,1966,
OSS,BN.CAB.XOKA.GD.ZS,1965,
OSS,BN.CAB.XOKA.GD.ZS,1964,
OSS,BN.CAB.XOKA.GD.ZS,1963,
OSS,BN.CAB.XOKA.GD.ZS,1962,
OSS,BN.CAB.XOKA.GD.ZS,1961,
OSS,BN.CAB.XOKA.GD.ZS,1960,
PSS,BN.CAB.XOKA.GD.ZS,2025,
PSS,BN.CAB.XOKA.GD.ZS,2024,
PSS,BN.CAB.XOKA.GD.ZS,2023,
PSS,BN.CAB.XOKA.GD.ZS,2022,
PSS,BN.CAB.XOKA.GD.ZS,2021,
PSS,BN.CAB.XOKA.GD.ZS,2020,
PSS,BN.CAB.XOKA.GD.ZS,2019,
PSS,BN.CAB.XOKA.GD.ZS,2018,
PSS,BN.CAB.XOKA.GD.ZS,2017,
PSS,BN.CAB.XOKA.GD.ZS,2016,
PSS,BN.CAB.XOKA.GD.ZS,2015,
PSS,BN.CAB.XOKA.GD.ZS,2014,
PSS,BN.CAB.XOKA.GD.ZS,2013,
PSS,BN.CAB.XOKA.GD.ZS,2012,
PSS,BN.CAB.XOKA.GD.ZS,2011,
PSS,BN.CAB.XOKA.GD.ZS,2010,
PSS,BN.CAB.XOKA.GD.ZS,2009,
PSS,BN.CAB.XOKA.GD.ZS,2008,
PSS,BN.CAB.XOKA.GD.ZS,2007,
PSS,BN.CAB.XOKA.GD.ZS,2006,
PSS,BN.CAB.XOKA.GD.ZS,2005,
PSS,BN.CAB.XOKA.GD.ZS,2004,
PSS,BN.CAB.XOKA.GD.ZS,2003,
PSS,BN.CAB.XOKA.GD.ZS,2002,
PSS,BN.CAB.XOKA.GD.ZS,2001,
PSS,BN.CAB.XOKA.GD.ZS,2000,
PSS,BN.CAB.XOKA.GD.ZS,1999,
PSS,BN.CAB.XOKA.GD.ZS,1998,
PSS,BN.CAB.XOKA.GD.ZS,1997,
PSS,BN.CAB.XOKA.GD.ZS,1996,
PSS,BN.CAB.XOKA.GD.ZS,1995,
PSS,BN.CAB.XOKA.GD.ZS,1994,
PSS,BN.CAB.XOKA.GD.ZS,1993,
PSS,BN.CAB.XOKA.GD.ZS,1992,
PSS,BN.CAB.XOKA.GD.ZS,1991,
PSS,BN.CAB.XOKA.GD.ZS,1990,
PSS,BN.CAB.XOKA.GD.ZS,1989,
PSS,BN.CAB.XOKA.GD.ZS,1988,
PSS,BN.CAB.XOKA.GD.ZS,1987,
PSS,BN.CAB.XOKA.GD.ZS,1986,
PSS,BN.CAB.XOKA.GD.ZS,1985,
PSS,BN.CAB.XOKA.GD.ZS,1984,
PSS,BN.CAB.XOKA.GD.ZS,1983,
PSS,BN.CAB.XOKA.GD.ZS,1982,
PSS,BN.CAB.XOKA.GD.ZS,1981,
PSS,BN.CAB.XOKA.GD.ZS,1980,
PSS,BN.CAB.XOKA.GD.ZS,1979,
PSS,BN.CAB.XOKA.GD.ZS,1978,
PSS,BN.CAB.XOKA.GD.ZS,1977,
PSS,BN.CAB.XOKA.GD.ZS,1976,
PSS,BN.CAB.XOKA.GD.ZS,1975,
PSS,BN.CAB.XOKA.GD.ZS,1974,
PSS,BN.CAB.XOKA.GD.ZS,1973,
PSS,BN.CAB.XOKA.GD.ZS,1972,
PSS,BN.CAB.XOKA.GD.ZS,1971,
PSS,BN.CAB.XOKA.GD.ZS,1970,
PSS,BN.CAB.XOKA.GD.ZS,1969,
PSS,BN.CAB.XOKA.GD.ZS,1968,
PSS,BN.CAB.XOKA.GD.ZS,1967,
PSS,BN.CAB.XOKA.GD.ZS,1966,
PSS,BN.CAB.XOKA.GD.ZS,1965,
PSS,BN.CAB.XOKA.GD.ZS,1964,
PSS,BN.CAB.XOKA.GD.ZS,1963,
PSS,BN.CAB.XOKA.GD.ZS,1962,
PSS,BN.CAB.XOKA.GD.ZS,1961,
PSS,BN.CAB.XOKA.GD.ZS,1960,
PST,BN.CAB.XOKA.GD.ZS,2025,
PST,BN.CAB.XOKA.GD.ZS,2024,
PST,BN.CAB.XOKA.GD.ZS,2023,
PST,BN.CAB.XOKA.GD.ZS,2022,
PST,BN.CAB.XOKA.GD.ZS,2021,
PST,BN.CAB.XOKA.GD.ZS,2020,
PST,BN.CAB.XOKA.GD.ZS,2019,
PST,BN.CAB.XOKA.GD.ZS,2018,
PST,BN.CAB.XOKA.GD.ZS,2017,
PST,BN.CAB.XOKA.GD.ZS,2016,
PST,BN.CAB.XOKA.GD.ZS,2015,
PST,BN.CAB.XOKA.GD.ZS,2014,
PST,BN.CAB.XOKA.GD.ZS,2013,
PST,BN.CAB.XOKA.GD.ZS,2012,
PST,BN.CAB.XOKA.GD.ZS,2011,
PST,BN.CAB.XOKA.GD.ZS,2010,
PST,BN.CAB.XOKA.GD.ZS,2009,
PST,BN.CAB.XOKA.GD.ZS,2008,
PST,BN.CAB.XOKA.GD.ZS,2007,
PST,BN.CAB.XOKA.GD.ZS,2006,
PST,BN.CAB.XOKA.GD.ZS,2005,
PST,BN.CAB.XOKA.GD.ZS,2004,
PST,BN.CAB.XOKA.GD.ZS,2003,
PST,BN.CAB.XOKA.GD.ZS,2002,
PST,BN.CAB.XOKA.GD.ZS,2001,
PST,BN.CAB.XOKA.GD.ZS,2000,
PST,BN.CAB.XOKA.GD.ZS,1999,
PST,BN.CAB.XOKA.GD.ZS,1998,
PST,BN.CAB.XOKA.GD.ZS,1997,
PST,BN.CAB.XOKA.GD.ZS,1996,
PST,BN.CAB.XOKA.GD.ZS,1995,
PST,BN.CAB.XOKA.GD.ZS,1994,
PST,BN.CAB.XOKA.GD.ZS,1993,
PST,BN.CAB.XOKA.GD.ZS,1992,
PST,BN.CAB.XOKA.GD.ZS,1991,
PST,BN.CAB.XOKA.GD.ZS,1990,
PST,BN.CAB.XOKA.GD.ZS,1989,
PST,BN.CAB.XOKA.GD.ZS,1988,
PST,BN.CAB.XOKA.GD.ZS,1987,
PST,BN.CAB.XOKA.GD.ZS,1986,
PST,BN.CAB.XOKA.GD.ZS,1985,
PST,BN.CAB.XOKA.GD.ZS,1984,
PST,BN.CAB.XOKA.GD.ZS,1983,
PST,BN.CAB.XOKA.GD.ZS,1982,
PST,BN.CAB.XOKA.GD.ZS,1981,
PST,BN.CAB.XOKA.GD.ZS,1980,
PST,BN.CAB.XOKA.GD.ZS,1979,
PST,BN.CAB.XOKA.GD.ZS,1978,
PST,BN.CAB.XOKA.GD.ZS,1977,
PST,BN.CAB.XOKA.GD.ZS,1976,
PST,BN.CAB.XOKA.GD.ZS,1975,
PST,BN.CAB.XOKA.GD.ZS,1974,
PST,BN.CAB.XOKA.GD.ZS,1973,
PST,BN.CAB.XOKA.GD.ZS,1972,
PST,BN.CAB.XOKA.GD.ZS,1971,
PST,BN.CAB.XOKA.GD.ZS,1970,
PST,BN.CAB.XOKA.GD.ZS,1969,
PST,BN.CAB.XOKA.GD.ZS,1968,
PST,BN.CAB.XOKA.GD.ZS,1967,
PST,BN.CAB.XOKA.GD.ZS,1966,
PST,BN.CAB.XOKA.GD.ZS,1965,
PST,BN.CAB.XOKA.GD.ZS,1964,
PST,BN.CAB.XOKA.GD.ZS,1963,
PST,BN.CAB.XOKA.GD.ZS,1962,
PST,BN.CAB.XOKA.GD.ZS,1961,
PST,BN.CAB.XOKA.GD.ZS,1960,
PRE,BN.CAB.XOKA.GD.ZS,2025,
PRE,BN.CAB.XOKA.GD.ZS,2024,
PRE,BN.CAB.XOKA.GD.ZS,2023,
PRE,BN.CAB.XOKA.GD.ZS,2022,
PRE,BN.CAB.XOKA.GD.ZS,2021,
PRE,BN.CAB.XOKA.GD.ZS,2020,
PRE,BN.CAB.XOKA.GD.ZS,2019,
PRE,BN.CAB.XOKA.GD.ZS,2018,
PRE,BN.CAB.XOKA.GD.ZS,2017,
PRE,BN.CAB.XOKA.GD.ZS,2016,
PRE,BN.CAB.XOKA.GD.ZS,2015,
PRE,BN.CAB.XOKA.GD.ZS,2014,
PRE,BN.CAB.XOKA.GD.ZS,2013,
PRE,BN.CAB.XOKA.GD.ZS,2012,
PRE,BN.CAB.XOKA.GD.ZS,2011,
PRE,BN.CAB.XOKA.GD.ZS,2010,
PRE,BN.CAB.XOKA.GD.ZS,2009,
PRE,BN.CAB.XOKA.GD.ZS,2008,
PRE,BN.CAB.XOKA.GD.ZS,2007,
PRE,BN.CAB.XOKA.GD.ZS,2006,
PRE,BN.CAB.XOKA.GD.ZS,2005,
PRE,BN.CAB.XOKA.GD.ZS,2004,
PRE,BN.CAB.XOKA.GD.ZS,2003,
PRE,BN.CAB.XOKA.GD.ZS,2002,
PRE,BN.CAB.XOKA.GD.ZS,2001,
PRE,BN.CAB.XOKA.GD.ZS,2000,
PRE,BN.CAB.XOKA.GD.ZS,1999,
PRE,BN.CAB.XOKA.GD.ZS,1998,
PRE,BN.CAB.XOKA.GD.ZS,1997,
PRE,BN.CAB.XOKA.GD.ZS,1996,
PRE,BN.CAB.XOKA.GD.ZS,1995,
PRE,BN.CAB.XOKA.GD.ZS,1994,
PRE,BN.CAB.XOKA.GD.ZS,1993,
PRE,BN.CAB.XOKA.GD.ZS,1992,
PRE,BN.CAB.XOKA.GD.ZS,1991,
PRE,BN.CAB.XOKA.GD.ZS,1990,
PRE,BN.CAB.XOKA.GD.ZS,1989,
PRE,BN.CAB.XOKA.GD.ZS,1988,
PRE,BN.CAB.XOKA.GD.ZS,1987,
PRE,BN.CAB.XOKA.GD.ZS,1986,
PRE,BN.CAB.XOKA.GD.ZS,1985,
PRE,BN.CAB.XOKA.GD.ZS,1984,
PRE,BN.CAB.XOKA.GD.ZS,1983,
PRE,BN.CAB.XOKA.GD.ZS,1982,
PRE,BN.CAB.XOKA.GD.ZS,1981,
PRE,BN.CAB.XOKA.GD.ZS,1980,
PRE,BN.CAB.XOKA.GD.ZS,1979,
PRE,BN.CAB.XOKA.GD.ZS,1978,
PRE,BN.CAB.XOKA.GD.ZS,1977,
PRE,BN.CAB.XOKA.GD.ZS,1976,
PRE,BN.CAB.XOKA.GD.ZS,1975,
PRE,BN.CAB.XOKA.GD.ZS,1974,
PRE,BN.CAB.XOKA.GD.ZS,1973,
PRE,BN.CAB.XOKA.GD.ZS,1972,
PRE,BN.CAB.XOKA.GD.ZS,1971,
PRE,BN.CAB.XOKA.GD.ZS,1970,
PRE,BN.CAB.XOKA.GD.ZS,1969,
PRE,BN.CAB.XOKA.GD.ZS,1968,
PRE,BN.CAB.XOKA.GD.ZS,1967,
PRE,BN.CAB.XOKA.GD.ZS,1966,
PRE,BN.CAB.XOKA.GD.ZS,1965,
PRE,BN.CAB.XOKA.GD.ZS,1964,
PRE,BN.CAB.XOKA.GD.ZS,1963,
PRE,BN.CAB.XOKA.GD.ZS,1962,
PRE,BN.CAB.XOKA.GD.ZS,1961,
PRE,BN.CAB.XOKA.GD.ZS,1960,
SST,BN.CAB.XOKA.GD.ZS,2025,
SST,BN.CAB.XOKA.GD.ZS,2024,
SST,BN.CAB.XOKA.GD.ZS,2023,
SST,BN.CAB.XOKA.GD.ZS,2022,
SST,BN.CAB.XOKA.GD.ZS,2021,
SST,BN.CAB.XOKA.GD.ZS,2020,
SST,BN.CAB.XOKA.GD.ZS,2019,
SST,BN.CAB.XOKA.GD.ZS,2018,
SST,BN.CAB.XOKA.GD.ZS,2017,
SST,BN.CAB.XOKA.GD.ZS,2016,
SST,BN.CAB.XOKA.GD.ZS,2015,
SST,BN.CAB.XOKA.GD.ZS,2014,
SST,BN.CAB.XOKA.GD.ZS,2013,
SST,BN.CAB.XOKA.GD.ZS,2012,
SST,BN.CAB.XOKA.GD.ZS,2011,
SST,BN.CAB.XOKA.GD.ZS,2010,
SST,BN.CAB.XOKA.GD.ZS,2009,
SST,BN.CAB.XOKA.GD.ZS,2008,
SST,BN.CAB.XOKA.GD.ZS,2007,
SST,BN.CAB.XOKA.GD.ZS,2006,
SST,BN.CAB.XOKA.GD.ZS,2005,
SST,BN.CAB.XOKA.GD.ZS,2004,
SST,BN.CAB.XOKA.GD.ZS,2003,
SST,BN.CAB.XOKA.GD.ZS,2002,
SST,BN.CAB.XOKA.GD.ZS,2001,
SST,BN.CAB.XOKA.GD.ZS,2000,
SST,BN.CAB.XOKA.GD.ZS,1999,
SST,BN.CAB.XOKA.GD.ZS,1998,
SST,BN.CAB.XOKA.GD.ZS,1997,
SST,BN.CAB.XOKA.GD.ZS,1996,
SST,BN.CAB.XOKA.GD.ZS,1995,
SST,BN.CAB.XOKA.GD.ZS,1994,
SST,BN.CAB.XOKA.GD.ZS,1993,
SST,BN.CAB.XOKA.GD.ZS,1992,
SST,BN.CAB.XOKA.GD.ZS,1991,
SST,BN.CAB.XOKA.GD.ZS,1990,
SST,BN.CAB.XOKA.GD.ZS,1989,
SST,BN.CAB.XOKA.GD.ZS,1988,
SST,BN.CAB.XOKA.GD.ZS,1987,
SST,BN.CAB.XOKA.GD.ZS,1986,
SST,BN.CAB.XOKA.GD.ZS,1985,
SST,BN.CAB.XOKA.GD.ZS,1984,
SST,BN.CAB.XOKA.GD.ZS,1983,
SST,BN.CAB.XOKA.GD.ZS,1982,
SST,BN.CAB.XOKA.GD.ZS,1981,
SST,BN.CAB.XOKA.GD.ZS,1980,
SST,BN.CAB.XOKA.GD.ZS,1979,
SST,BN.CAB.XOKA.GD.ZS,1978,
SST,BN.CAB.XOKA.GD.ZS,1977,
SST,BN.CAB.XOKA.GD.ZS,1976,
SST,BN.CAB.XOKA.GD.ZS,1975,
SST,BN.CAB.XOKA.GD.ZS,1974,
SST,BN.CAB.XOKA.GD.ZS,1973,
SST,BN.CAB.XOKA.GD.ZS,1972,
SST,BN.CAB.XOKA.GD.ZS,1971,
SST,BN.CAB.XOKA.GD.ZS,1970,
SST,BN.CAB.XOKA.GD.ZS,1969,
SST,BN.CAB.XOKA.GD.ZS,1968,
SST,BN.CAB.XOKA.GD.ZS,1967,
SST,BN.CAB.XOKA.GD.ZS,1966,
SST,BN.CAB.XOKA.GD.ZS,1965,
SST,BN.CAB.XOKA.GD.ZS,1964,
SST,BN.CAB.XOKA.GD.ZS,1963,
SST,BN.CAB.XOKA.GD.ZS,1962,
SST,BN.CAB.XOKA.GD.ZS,1961,
SST,BN.CAB.XOKA.GD.ZS,1960,
SAS,BN.CAB.XOKA.GD.ZS,2025,
SAS,BN.CAB.XOKA.GD.ZS,2024,
SAS,BN.CAB.XOKA.GD.ZS,2023,
SAS,BN.CAB.XOKA.GD.ZS,2022,
SAS,BN.CAB.XOKA.GD.ZS,2021,
SAS,BN.CAB.XOKA.GD.ZS,2020,
SAS,BN.CAB.XOKA.GD.ZS,2019,
SAS,BN.CAB.XOKA.GD.ZS,2018,
SAS,BN.CAB.XOKA.GD.ZS,2017,
SAS,BN.CAB.XOKA.GD.ZS,2016,
SAS,BN.CAB.XOKA.GD.ZS,2015,
SAS,BN.CAB.XOKA.GD.ZS,2014,
SAS,BN.CAB.XOKA.GD.ZS,2013,
SAS,BN.CAB.XOKA.GD.ZS,2012,
SAS,BN.CAB.XOKA.GD.ZS,2011,
SAS,BN.CAB.XOKA.GD.ZS,2010,
SAS,BN.CAB.XOKA.GD.ZS,2009,
SAS,BN.CAB.XOKA.GD.ZS,2008,
SAS,BN.CAB.XOKA.GD.ZS,2007,
SAS,BN.CAB.XOKA.GD.ZS,2006,
SAS,BN.CAB.XOKA.GD.ZS,2005,
SAS,BN.CAB.XOKA.GD.ZS,2004,
SAS,BN.CAB.XOKA.GD.ZS,2003,
SAS,BN.CAB.XOKA.GD.ZS,2002,
SAS,BN.CAB.XOKA.GD.ZS,2001,
SAS,BN.CAB.XOKA.GD.ZS,2000,
SAS,BN.CAB.XOKA.GD.ZS,1999,
SAS,BN.CAB.XOKA.GD.ZS,1998,
SAS,BN.CAB.XOKA.GD.ZS,1997,
SAS,BN.CAB.XOKA.GD.ZS,1996,
SAS,BN.CAB.XOKA.GD.ZS,1995,
SAS,BN.CAB.XOKA.GD.ZS,1994,
SAS,BN.CAB.XOKA.GD.ZS,1993,
SAS,BN.CAB.XOKA.GD.ZS,1992,
SAS,BN.CAB.XOKA.GD.ZS,1991,
SAS,BN.CAB.XOKA.GD.ZS,1990,
SAS,BN.CAB.XOKA.GD.ZS,1989,
SAS,BN.CAB.XOKA.GD.ZS,1988,
SAS,BN.CAB.XOKA.GD.ZS,1987,
SAS,BN.CAB.XOKA.GD.ZS,1986,
SAS,BN.CAB.XOKA.GD.ZS,1985,
SAS,BN.CAB.XOKA.GD.ZS,1984,
SAS,BN.CAB.XOKA.GD.ZS,1983,
SAS,BN.CAB.XOKA.GD.ZS,1982,
SAS,BN.CAB.XOKA.GD.ZS,1981,
SAS,BN.CAB.XOKA.GD.ZS,1980,
SAS,BN.CAB.XOKA.GD.ZS,1979,
SAS,BN.CAB.XOKA.GD.ZS,1978,
SAS,BN.CAB.XOKA.GD.ZS,1977,
SAS,BN.CAB.XOKA.GD.ZS,1976,
SAS,BN.CAB.XOKA.GD.ZS,1975,
SAS,BN.CAB.XOKA.GD.ZS,1974,
SAS,BN.CAB.XOKA.GD.ZS,1973,
SAS,BN.CAB.XOKA.GD.ZS,1972,
SAS,BN.CAB.XOKA.GD.ZS,1971,
SAS,BN.CAB.XOKA.GD.ZS,1970,
SAS,BN.CAB.XOKA.GD.ZS,1969,
SAS,BN.CAB.XOKA.GD.ZS,1968,
SAS,BN.CAB.XOKA.GD.ZS,1967,
SAS,BN.CAB.XOKA.GD.ZS,1966,
SAS,BN.CAB.XOKA.GD.ZS,1965,
SAS,BN.CAB.XOKA.GD.ZS,1964,
SAS,BN.CAB.XOKA.GD.ZS,1963,
SAS,BN.CAB.XOKA.GD.ZS,1962,
SAS,BN.CAB.XOKA.GD.ZS,1961,
SAS,BN.CAB.XOKA.GD.ZS,1960,
TSA,BN.CAB.XOKA.GD.ZS,2025,
TSA,BN.CAB.XOKA.GD.ZS,2024,
TSA,BN.CAB.XOKA.GD.ZS,2023,
TSA,BN.CAB.XOKA.GD.ZS,2022,
TSA,BN.CAB.XOKA.GD.ZS,2021,
TSA,BN.CAB.XOKA.GD.ZS,2020,
TSA,BN.CAB.XOKA.GD.ZS,2019,
TSA,BN.CAB.XOKA.GD.ZS,2018,
TSA,BN.CAB.XOKA.GD.ZS,2017,
TSA,BN.CAB.XOKA.GD.ZS,2016,
TSA,BN.CAB.XOKA.GD.ZS,2015,
TSA,BN.CAB.XOKA.GD.ZS,2014,
TSA,BN.CAB.XOKA.GD.ZS,2013,
TSA,BN.CAB.XOKA.GD.ZS,2012,
TSA,BN.CAB.XOKA.GD.ZS,2011,
TSA,BN.CAB.XOKA.GD.ZS,2010,
TSA,BN.CAB.XOKA.GD.ZS,2009,
TSA,BN.CAB.XOKA.GD.ZS,2008,
TSA,BN.CAB.XOKA.GD.ZS,2007,
TSA,BN.CAB.XOKA.GD.ZS,2006,
TSA,BN.CAB.XOKA.GD.ZS,2005,
TSA,BN.CAB.XOKA.GD.ZS,2004,
TSA,BN.CAB.XOKA.GD.ZS,2003,
TSA,BN.CAB.XOKA.GD.ZS,2002,
TSA,BN.CAB.XOKA.GD.ZS,2001,
TSA,BN.CAB.XOKA.GD.ZS,2000,
TSA,BN.CAB.XOKA.GD.ZS,1999,
TSA,BN.CAB.XOKA.GD.ZS,1998,
TSA,BN.CAB.XOKA.GD.ZS,1997,
TSA,BN.CAB.XOKA.GD.ZS,1996,
TSA,BN.CAB.XOKA.GD.ZS,1995,
TSA,BN.CAB.XOKA.GD.ZS,1994,
TSA,BN.CAB.XOKA.GD.ZS,1993,
TSA,BN.CAB.XOKA.GD.ZS,1992,
TSA,BN.CAB.XOKA.GD.ZS,1991,
TSA,BN.CAB.XOKA.GD.ZS,1990,
TSA,BN.CAB.XOKA.GD.ZS,1989,
TSA,BN.CAB.XOKA.GD.ZS,1988,
TSA,BN.CAB.XOKA.GD.ZS,1987,
TSA,BN.CAB.XOKA.GD.ZS,1986,
TSA,BN.CAB.XOKA.GD.ZS,1985,
TSA,BN.CAB.XOKA.GD.ZS,1984,
TSA,BN.CAB.XOKA.GD.ZS,1983,
TSA,BN.CAB.XOKA.GD.ZS,1982,
TSA,BN.CAB.XOKA.GD.ZS,1981,
TSA,BN.CAB.XOKA.GD.ZS,1980,
TSA,BN.CAB.XOKA.GD.ZS,1979,
TSA,BN.CAB.XOKA.GD.ZS,1978,
TSA,BN.CAB.XOKA.GD.ZS,1977,
TSA,BN.CAB.XOKA.GD.ZS,1976,
TSA,BN.CAB.XOKA.GD.ZS,1975,
TSA,BN.CAB.XOKA.GD.ZS,1974,
TSA,BN.CAB.XOKA.GD.ZS,1973,
TSA,BN.CAB.XOKA.GD.ZS,1972,
TSA,BN.CAB.XOKA.GD.ZS,1971,
TSA,BN.CAB.XOKA.GD.ZS,1970,
TSA,BN.CAB.XOKA.GD.ZS,1969,
TSA,BN.CAB.XOKA.GD.ZS,1968,
TSA,BN.CAB.XOKA.GD.ZS,1967,
TSA,BN.CAB.XOKA.GD.ZS,1966,
TSA,BN.CAB.XOKA.GD.ZS,1965,
TSA,BN.CAB.XOKA.GD.ZS,1964,
TSA,BN.CAB.XOKA.GD.ZS,1963,
TSA,BN.CAB.XOKA.GD.ZS,1962,
TSA,BN.CAB.XOKA.GD.ZS,1961,
TSA,BN.CAB.XOKA.GD.ZS,1960,
SSF,BN.CAB.XOKA.GD.ZS,2025,
SSF,BN.CAB.XOKA.GD.ZS,2024,
SSF,BN.CAB.XOKA.GD.ZS,2023,
SSF,BN.CAB.XOKA.GD.ZS,2022,
SSF,BN.CAB.XOKA.GD.ZS,2021,
SSF,BN.CAB.XOKA.GD.ZS,2020,
SSF,BN.CAB.XOKA.GD.ZS,2019,
SSF,BN.CAB.XOKA.GD.ZS,2018,
SSF,BN.CAB.XOKA.GD.ZS,2017,
SSF,BN.CAB.XOKA.GD.ZS,2016,
SSF,BN.CAB.XOKA.GD.ZS,2015,
SSF,BN.CAB.XOKA.GD.ZS,2014,
SSF,BN.CAB.XOKA.GD.ZS,2013,
SSF,BN.CAB.XOKA.GD.ZS,2012,
SSF,BN.CAB.XOKA.GD.ZS,2011,
SSF,BN.CAB.XOKA.GD.ZS,2010,
SSF,BN.CAB.XOKA.GD.ZS,2009,
SSF,BN.CAB.XOKA.GD.ZS,2008,
SSF,BN.CAB.XOKA.GD.ZS,2007,
SSF,BN.CAB.XOKA.GD.ZS,2006,
SSF,BN.CAB.XOKA.GD.ZS,2005,
SSF,BN.CAB.XOKA.GD.ZS,2004,
SSF,BN.CAB.XOKA.GD.ZS,2003,
SSF,BN.CAB.XOKA.GD.ZS,2002,
SSF,BN.CAB.XOKA.GD.ZS,2001,
SSF,BN.CAB.XOKA.GD.ZS,2000,
SSF,BN.CAB.XOKA.GD.ZS,1999,
SSF,BN.CAB.XOKA.GD.ZS,1998,
SSF,BN.CAB.XOKA.GD.ZS,1997,
SSF,BN.CAB.XOKA.GD.ZS,1996,
SSF,BN.CAB.XOKA.GD.ZS,1995,
SSF,BN.CAB.XOKA.GD.ZS,1994,
SSF,BN.CAB.XOKA.GD.ZS,1993,
SSF,BN.CAB.XOKA.GD.ZS,1992,
SSF,BN.CAB.XOKA.GD.ZS,1991,
SSF,BN.CAB.XOKA.GD.ZS,1990,
SSF,BN.CAB.XOKA.GD.ZS,1989,
SSF,BN.CAB.XOKA.GD.ZS,1988,
SSF,BN.CAB.XOKA.GD.ZS,1987,
SSF,BN.CAB.XOKA.GD.ZS,1986,
SSF,BN.CAB.XOKA.GD.ZS,1985,
SSF,BN.CAB.XOKA.GD.ZS,1984,
SSF,BN.CAB.XOKA.GD.ZS,1983,
SSF,BN.CAB.XOKA.GD.ZS,1982,
SSF,BN.CAB.XOKA.GD.ZS,1981,
SSF,BN.CAB.XOKA.GD.ZS,1980,
SSF,BN.CAB.XOKA.GD.ZS,1979,
SSF,BN.CAB.XOKA.GD.ZS,1978,
SSF,BN.CAB.XOKA.GD.ZS,1977,
SSF,BN.CAB.XOKA.GD.ZS,1976,
SSF,BN.CAB.XOKA.GD.ZS,1975,
SSF,BN.CAB.XOKA.GD.ZS,1974,
SSF,BN.CAB.XOKA.GD.ZS,1973,
SSF,BN.CAB.XOKA.GD.ZS,1972,
SSF,BN.CAB.XOKA.GD.ZS,1971,
SSF,BN.CAB.XOKA.GD.ZS,1970,
SSF,BN.CAB.XOKA.GD.ZS,1969,
SSF,BN.CAB.XOKA.GD.ZS,1968,
SSF,BN.CAB.XOKA.GD.ZS,1967,
SSF,BN.CAB.XOKA.GD.ZS,1966,
SSF,BN.CAB.XOKA.GD.ZS,1965,
SSF,BN.CAB.XOKA.GD.ZS,1964,
SSF,BN.CAB.XOKA.GD.ZS,1963,
SSF,BN.CAB.XOKA.GD.ZS,1962,
SSF,BN.CAB.XOKA.GD.ZS,1961,
SSF,BN.CAB.XOKA.GD.ZS,1960,
SSA,BN.CAB.XOKA.GD.ZS,2025,
SSA,BN.CAB.XOKA.GD.ZS,2024,
SSA,BN.CAB.XOKA.GD.ZS,2023,
SSA,BN.CAB.XOKA.GD.ZS,2022,
SSA,BN.CAB.XOKA.GD.ZS,2021,
SSA,BN.CAB.XOKA.GD.ZS,2020,
SSA,BN.CAB.XOKA.GD.ZS,2019,
SSA,BN.CAB.XOKA.GD.ZS,2018,
SSA,BN.CAB.XOKA.GD.ZS,2017,
SSA,BN.CAB.XOKA.GD.ZS,2016,
SSA,BN.CAB.XOKA.GD.ZS,2015,
SSA,BN.CAB.XOKA.GD.ZS,2014,
SSA,BN.CAB.XOKA.GD.ZS,2013,
SSA,BN.CAB.XOKA.GD.ZS,2012,
SSA,BN.CAB.XOKA.GD.ZS,2011,
SSA,BN.CAB.XOKA.GD.ZS,2010,
SSA,BN.CAB.XOKA.GD.ZS,2009,
SSA,BN.CAB.XOKA.GD.ZS,2008,
SSA,BN.CAB.XOKA.GD.ZS,2007,
SSA,BN.CAB.XOKA.GD.ZS,2006,
SSA,BN.CAB.XOKA.GD.ZS,2005,
SSA,BN.CAB.XOKA.GD.ZS,2004,
SSA,BN.CAB.XOKA.GD.ZS,2003,
SSA,BN.CAB.XOKA.GD.ZS,2002,
SSA,BN.CAB.XOKA.GD.ZS,2001,
SSA,BN.CAB.XOKA.GD.ZS,2000,
SSA,BN.CAB.XOKA.GD.ZS,1999,
SSA,BN.CAB.XOKA.GD.ZS,1998,
SSA,BN.CAB.XOKA.GD.ZS,1997,
SSA,BN.CAB.XOKA.GD.ZS,1996,
SSA,BN.CAB.XOKA.GD.ZS,1995,
SSA,BN.CAB.XOKA.GD.ZS,1994,
SSA,BN.CAB.XOKA.GD.ZS,1993,
SSA,BN.CAB.XOKA.GD.ZS,1992,
SSA,BN.CAB.XOKA.GD.ZS,1991,
SSA,BN.CAB.XOKA.GD.ZS,1990,
SSA,BN.CAB.XOKA.GD.ZS,1989,
SSA,BN.CAB.XOKA.GD.ZS,1988,
SSA,BN.CAB.XOKA.GD.ZS,1987,
SSA,BN.CAB.XOKA.GD.ZS,1986,
SSA,BN.CAB.XOKA.GD.ZS,1985,
SSA,BN.CAB.XOKA.GD.ZS,1984,
SSA,BN.CAB.XOKA.GD.ZS,1983,
SSA,BN.CAB.XOKA.GD.ZS,1982,
SSA,BN.CAB.XOKA.GD.ZS,1981,
SSA,BN.CAB.XOKA.GD.ZS,1980,
SSA,BN.CAB.XOKA.GD.ZS,1979,
SSA,BN.CAB.XOKA.GD.ZS,1978,
SSA,BN.CAB.XOKA.GD.ZS,1977,
SSA,BN.CAB.XOKA.GD.ZS,1976,
SSA,BN.CAB.XOKA.GD.ZS,1975,
SSA,BN.CAB.XOKA.GD.ZS,1974,
SSA,BN.CAB.XOKA.GD.ZS,1973,
SSA,BN.CAB.XOKA.GD.ZS,1972,
SSA,BN.CAB.XOKA.GD.ZS,1971,
SSA,BN.CAB.XOKA.GD.ZS,1970,
SSA,BN.CAB.XOKA.GD.ZS,1969,
SSA,BN.CAB.XOKA.GD.ZS,1968,
SSA,BN.CAB.XOKA.GD.ZS,1967,
SSA,BN.CAB.XOKA.GD.ZS,1966,
SSA,BN.CAB.XOKA.GD.ZS,1965,
SSA,BN.CAB.XOKA.GD.ZS,1964,
SSA,BN.CAB.XOKA.GD.ZS,1963,
SSA,BN.CAB.XOKA.GD.ZS,1962,
SSA,BN.CAB.XOKA.GD.ZS,1961,
SSA,BN.CAB.XOKA.GD.ZS,1960,
TSS,BN.CAB.XOKA.GD.ZS,2025,
TSS,BN.CAB.XOKA.GD.ZS,2024,
TSS,BN.CAB.XOKA.GD.ZS,2023,
TSS,BN.CAB.XOKA.GD.ZS,2022,
TSS,BN.CAB.XOKA.GD.ZS,2021,
TSS,BN.CAB.XOKA.GD.ZS,2020,
TSS,BN.CAB.XOKA.GD.ZS,2019,
TSS,BN.CAB.XOKA.GD.ZS,2018,
TSS,BN.CAB.XOKA.GD.ZS,2017,
TSS,BN.CAB.XOKA.GD.ZS,2016,
TSS,BN.CAB.XOKA.GD.ZS,2015,
TSS,BN.CAB.XOKA.GD.ZS,2014,
TSS,BN.CAB.XOKA.GD.ZS,2013,
TSS,BN.CAB.XOKA.GD.ZS,2012,
TSS,BN.CAB.XOKA.GD.ZS,2011,
TSS,BN.CAB.XOKA.GD.ZS,2010,
TSS,BN.CAB.XOKA.GD.ZS,2009,
TSS,BN.CAB.XOKA.GD.ZS,2008,
TSS,BN.CAB.XOKA.GD.ZS,2007,
TSS,BN.CAB.XOKA.GD.ZS,2006,
TSS,BN.CAB.XOKA.GD.ZS,2005,
TSS,BN.CAB.XOKA.GD.ZS,2004,
TSS,BN.CAB.XOKA.GD.ZS,2003,
TSS,BN.CAB.XOKA.GD.ZS,2002,
TSS,BN.CAB.XOKA.GD.ZS,2001,
TSS,BN.CAB.XOKA.GD.ZS,2000,
TSS,BN.CAB.XOKA.GD.ZS,1999,
TSS,BN.CAB.XOKA.GD.ZS,1998,
TSS,BN.CAB.XOKA.GD.ZS,1997,
TSS,BN.CAB.XOKA.GD.ZS,1996,
TSS,BN.CAB.XOKA.GD.ZS,1995,
TSS,BN.CAB.XOKA.GD.ZS,1994,
TSS,BN.CAB.XOKA.GD.ZS,1993,
TSS,BN.CAB.XOKA.GD.ZS,1992,
TSS,BN.CAB.XOKA.GD.ZS,1991,
TSS,BN.CAB.XOKA.GD.ZS,1990,
TSS,BN.CAB.XOKA.GD.ZS,1989,
TSS,BN.CAB.XOKA.GD.ZS,1988,
TSS,BN.CAB.XOKA.GD.ZS,1987,
TSS,BN.CAB.XOKA.GD.ZS,1986,
TSS,BN.CAB.XOKA.GD.ZS,1985,
TSS,BN.CAB.XOKA.GD.ZS,1984,
TSS,BN.CAB.XOKA.GD.ZS,1983,
TSS,BN.CAB.XOKA.GD.ZS,1982,
TSS,BN.CAB.XOKA.GD.ZS,1981,
TSS,BN.CAB.XOKA.GD.ZS,1980,
TSS,BN.CAB.XOKA.GD.ZS,1979,
TSS,BN.CAB.XOKA.GD.ZS,1978,
TSS,BN.CAB.XOKA.GD.ZS,1977,
TSS,BN.CAB.XOKA.GD.ZS,1976,
TSS,BN.CAB.XOKA.GD.ZS,1975,
TSS,BN.CAB.XOKA.GD.ZS,1974,
TSS,BN.CAB.XOKA.GD.ZS,1973,
TSS,BN.CAB.XOKA.GD.ZS,1972,
TSS,BN.CAB.XOKA.GD.ZS,1971,
TSS,BN.CAB.XOKA.GD.ZS,1970,
TSS,BN.CAB.XOKA.GD.ZS,1969,
TSS,BN.CAB.XOKA.GD.ZS,1968,
TSS,BN.CAB.XOKA.GD.ZS,1967,
TSS,BN.CAB.XOKA.GD.ZS,1966,
TSS,BN.CAB.XOKA.GD.ZS,1965,
TSS,BN.CAB.XOKA.GD.ZS,1964,
TSS,BN.CAB.XOKA.GD.ZS,1963,
TSS,BN.CAB.XOKA.GD.ZS,1962,
TSS,BN.CAB.XOKA.GD.ZS,1961,
TSS,BN.CAB.XOKA.GD.ZS,1960,
,BN.CAB.XOKA.GD.ZS,2025,
,BN.CAB.XOKA.GD.ZS,2024,
,BN.CAB.XOKA.GD.ZS,2023,
,BN.CAB.XOKA.GD.ZS,2022,
,BN.CAB.XOKA.GD.ZS,2021,
,BN.CAB.XOKA.GD.ZS,2020,
,BN.CAB.XOKA.GD.ZS,2019,
,BN.CAB.XOKA.GD.ZS,2018,
,BN.CAB.XOKA.GD.ZS,2017,
,BN.CAB.XOKA.GD.ZS,2016,
,BN.CAB.XOKA.GD.ZS,2015,
,BN.CAB.XOKA.GD.ZS,2014,
,BN.CAB.XOKA.GD.ZS,2013,
,BN.CAB.XOKA.GD.ZS,2012,
,BN.CAB.XOKA.GD.ZS,2011,
,BN.CAB.XOKA.GD.ZS,2010,
,BN.CAB.XOKA.GD.ZS,2009,
,BN.CAB.XOKA.GD.ZS,2008,
,BN.CAB.XOKA.GD.ZS,2007,
,BN.CAB.XOKA.GD.ZS,2006,
,BN.CAB.XOKA.GD.ZS,2005,
,BN.CAB.XOKA.GD.ZS,2004,
,BN.CAB.XOKA.GD.ZS,2003,
,BN.CAB.XOKA.GD.ZS,2002,
,BN.CAB.XOKA.GD.ZS,2001,
,BN.CAB.XOKA.GD.ZS,2000,
,BN.CAB.XOKA.GD.ZS,1999,
,BN.CAB.XOKA.GD.ZS,1998,
,BN.CAB.XOKA.GD.ZS,1997,
,BN.CAB.XOKA.GD.ZS,1996,
,BN.CAB.XOKA.GD.ZS,1995,
,BN.CAB.XOKA.GD.ZS,1994,
,BN.CAB.XOKA.GD.ZS,1993,
,BN.CAB.XOKA.GD.ZS,1992,
,BN.CAB.XOKA.GD.ZS,1991,
,BN.CAB.XOKA.GD.ZS,1990,
,BN.CAB.XOKA.GD.ZS,1989,
,BN.CAB.XOKA.GD.ZS,1988,
,BN.CAB.XOKA.GD.ZS,1987,
,BN.CAB.XOKA.GD.ZS,1986,
,BN.CAB.XOKA.GD.ZS,1985,
,BN.CAB.XOKA.GD.ZS,1984,
,BN.CAB.XOKA.GD.ZS,1983,
,BN.CAB.XOKA.GD.ZS,1982,
,BN.CAB.XOKA.GD.ZS,1981,
,BN.CAB.XOKA.GD.ZS,1980,
,BN.CAB.XOKA.GD.ZS,1979,
,BN.CAB.XOKA.GD.ZS,1978,
,BN.CAB.XOKA.GD.ZS,1977,
,BN.CAB.XOKA.GD.ZS,1976,
,BN.CAB.XOKA.GD.ZS,1975,
,BN.CAB.XOKA.GD.ZS,1974,
,BN.CAB.XOKA.GD.ZS,1973,
,BN.CAB.XOKA.GD.ZS,1972,
,BN.CAB.XOKA.GD.ZS,1971,
,BN.CAB.XOKA.GD.ZS,1970,
,BN.CAB.XOKA.GD.ZS,1969,
,BN.CAB.XOKA.GD.ZS,1968,
,BN.CAB.XOKA.GD.ZS,1967,
,BN.CAB.XOKA.GD.ZS,1966,
,BN.CAB.XOKA.GD.ZS,1965,
,BN.CAB.XOKA.GD.ZS,1964,
,BN.CAB.XOKA.GD.ZS,1963,
,BN.CAB.XOKA.GD.ZS,1962,
,BN.CAB.XOKA.GD.ZS,1961,
,BN.CAB.XOKA.GD.ZS,1960,
WLD,BN.CAB.XOKA.GD.ZS,2025,
WLD,BN.CAB.XOKA.GD.ZS,2024,
WLD,BN.CAB.XOKA.GD.ZS,2023,
WLD,BN.CAB.XOKA.GD.ZS,2022,
WLD,BN.CAB.XOKA.GD.ZS,2021,
WLD,BN.CAB.XOKA.GD.ZS,2020,
WLD,BN.CAB.XOKA.GD.ZS,2019,
WLD,BN.CAB.XOKA.GD.ZS,2018,
WLD,BN.CAB.XOKA.GD.ZS,2017,
WLD,BN.CAB.XOKA.GD.ZS,2016,
WLD,BN.CAB.XOKA.GD.ZS,2015,
WLD,BN.CAB.XOKA.GD.ZS,2014,
WLD,BN.CAB.XOKA.GD.ZS,2013,
WLD,BN.CAB.XOKA.GD.ZS,2012,
WLD,BN.CAB.XOKA.GD.ZS,2011,
WLD,BN.CAB.XOKA.GD.ZS,2010,
WLD,BN.CAB.XOKA.GD.ZS,2009,
WLD,BN.CAB.XOKA.GD.ZS,2008,
WLD,BN.CAB.XOKA.GD.ZS,2007,
WLD,BN.CAB.XOKA.GD.ZS,2006,
WLD,BN.CAB.XOKA.GD.ZS,2005,
WLD,BN.CAB.XOKA.GD.ZS,2004,
WLD,BN.CAB.XOKA.GD.ZS,2003,
WLD,BN.CAB.XOKA.GD.ZS,2002,
WLD,BN.CAB.XOKA.GD.ZS,2001,
WLD,BN.CAB.XOKA.GD.ZS,2000,
WLD,BN.CAB.XOKA.GD.ZS,1999,
WLD,BN.CAB.XOKA.GD.ZS,1998,
WLD,BN.CAB.XOKA.GD.ZS,1997,
WLD,BN.CAB.XOKA.GD.ZS,1996,
WLD,BN.CAB.XOKA.GD.ZS,1995,
WLD,BN.CAB.XOKA.GD.ZS,1994,
WLD,BN.CAB.XOKA.GD.ZS,1993,
WLD,BN.CAB.XOKA.GD.ZS,1992,
WLD,BN.CAB.XOKA.GD.ZS,1991,
WLD,BN.CAB.XOKA.GD.ZS,1990,
WLD,BN.CAB.XOKA.GD.ZS,1989,
WLD,BN.CAB.XOKA.GD.ZS,1988,
WLD,BN.CAB.XOKA.GD.ZS,1987,
WLD,BN.CAB.XOKA.GD.ZS,1986,
WLD,BN.CAB.XOKA.GD.ZS,1985,
WLD,BN.CAB.XOKA.GD.ZS,1984,
WLD,BN.CAB.XOKA.GD.ZS,1983,
WLD,BN.CAB.XOKA.GD.ZS,1982,
WLD,BN.CAB.XOKA.GD.ZS,1981,
WLD,BN.CAB.XOKA.GD.ZS,1980,
WLD,BN.CAB.XOKA.GD.ZS,1979,
WLD,BN.CAB.XOKA.GD.ZS,1978,
WLD,BN.CAB.XOKA.GD.ZS,1977,
WLD,BN.CAB.XOKA.GD.ZS,1976,
WLD,BN.CAB.XOKA.GD.ZS,1975,
WLD,BN.CAB.XOKA.GD.ZS,1974,
WLD,BN.CAB.XOKA.GD.ZS,1973,
WLD,BN.CAB.XOKA.GD.ZS,1972,
WLD,BN.CAB.XOKA.GD.ZS,1971,
WLD,BN.CAB.XOKA.GD.ZS,1970,
WLD,BN.CAB.XOKA.GD.ZS,1969,
WLD,BN.CAB.XOKA.GD.ZS,1968,
WLD,BN.CAB.XOKA.GD.ZS,1967,
WLD,BN.CAB.XOKA.GD.ZS,1966,
WLD,BN.CAB.XOKA.GD.ZS,1965,
WLD,BN.CAB.XOKA.GD.ZS,1964,
WLD,BN.CAB.XOKA.GD.ZS,1963,
WLD,BN.CAB.XOKA.GD.ZS,1962,
WLD,BN.CAB.XOKA.GD.ZS,1961,
WLD,BN.CAB.XOKA.GD.ZS,1960,
AFG,BN.CAB.XOKA.GD.ZS,2025,
AFG,BN.CAB.XOKA.GD.ZS,2024,
AFG,BN.CAB.XOKA.GD.ZS,2023,
AFG,BN.CAB.XOKA.GD.ZS,2022,
AFG,BN.CAB.XOKA.GD.ZS,2021,
AFG,BN.CAB.XOKA.GD.ZS,2020,-15.7183027911684
AFG,BN.CAB.XOKA.GD.ZS,2019,-20.1704643881064
AFG,BN.CAB.XOKA.GD.ZS,2018,-21.5852741164653
AFG,BN.CAB.XOKA.GD.ZS,2017,-18.9559612272258
AFG,BN.CAB.XOKA.GD.ZS,2016,-14.9501951919169
AFG,BN.CAB.XOKA.GD.ZS,2015,-21.9126573355151
AFG,BN.CAB.XOKA.GD.ZS,2014,-15.7724198274304
AFG,BN.CAB.XOKA.GD.ZS,2013,-25.290058564309
AFG,BN.CAB.XOKA.GD.ZS,2012,-25.8706814974751
AFG,BN.CAB.XOKA.GD.ZS,2011,-12.6195382087159
AFG,BN.CAB.XOKA.GD.ZS,2010,-3.64331388234628
AFG,BN.CAB.XOKA.GD.ZS,2009,2.23601941932175
AFG,BN.CAB.XOKA.GD.ZS,2008,-2.35799044700136
AFG,BN.CAB.XOKA.GD.ZS,2007,
AFG,BN.CAB.XOKA.GD.ZS,2006,
AFG,BN.CAB.XOKA.GD.ZS,2005,
AFG,BN.CAB.XOKA.GD.ZS,2004,
AFG,BN.CAB.XOKA.GD.ZS,2003,
AFG,BN.CAB.XOKA.GD.ZS,2002,
AFG,BN.CAB.XOKA.GD.ZS,2001,
AFG,BN.CAB.XOKA.GD.ZS,2000,
AFG,BN.CAB.XOKA.GD.ZS,1999,
AFG,BN.CAB.XOKA.GD.ZS,1998,
AFG,BN.CAB.XOKA.GD.ZS,1997,
AFG,BN.CAB.XOKA.GD.ZS,1996,
AFG,BN.CAB.XOKA.GD.ZS,1995,
AFG,BN.CAB.XOKA.GD.ZS,1994,
AFG,BN.CAB.XOKA.GD.ZS,1993,
AFG,BN.CAB.XOKA.GD.ZS,1992,
AFG,BN.CAB.XOKA.GD.ZS,1991,
AFG,BN.CAB.XOKA.GD.ZS,1990,
AFG,BN.CAB.XOKA.GD.ZS,1989,
AFG,BN.CAB.XOKA.GD.ZS,1988,
AFG,BN.CAB.XOKA.GD.ZS,1987,
AFG,BN.CAB.XOKA.GD.ZS,1986,
AFG,BN.CAB.XOKA.GD.ZS,1985,
AFG,BN.CAB.XOKA.GD.ZS,1984,
AFG,BN.CAB.XOKA.GD.ZS,1983,
AFG,BN.CAB.XOKA.GD.ZS,1982,
AFG,BN.CAB.XOKA.GD.ZS,1981,
AFG,BN.CAB.XOKA.GD.ZS,1980,
AFG,BN.CAB.XOKA.GD.ZS,1979,
AFG,BN.CAB.XOKA.GD.ZS,1978,
AFG,BN.CAB.XOKA.GD.ZS,1977,
AFG,BN.CAB.XOKA.GD.ZS,1976,
AFG,BN.CAB.XOKA.GD.ZS,1975,
AFG,BN.CAB.XOKA.GD.ZS,1974,
AFG,BN.CAB.XOKA.GD.ZS,1973,
AFG,BN.CAB.XOKA.GD.ZS,1972,
AFG,BN.CAB.XOKA.GD.ZS,1971,
AFG,BN.CAB.XOKA.GD.ZS,1970,
AFG,BN.CAB.XOKA.GD.ZS,1969,
AFG,BN.CAB.XOKA.GD.ZS,1968,
AFG,BN.CAB.XOKA.GD.ZS,1967,
AFG,BN.CAB.XOKA.GD.ZS,1966,
AFG,BN.CAB.XOKA.GD.ZS,1965,
AFG,BN.CAB.XOKA.GD.ZS,1964,
AFG,BN.CAB.XOKA.GD.ZS,1963,
AFG,BN.CAB.XOKA.GD.ZS,1962,
AFG,BN.CAB.XOKA.GD.ZS,1961,
AFG,BN.CAB.XOKA.GD.ZS,1960,
ALB,BN.CAB.XOKA.GD.ZS,2025,
ALB,BN.CAB.XOKA.GD.ZS,2024,-2.39554639266203
ALB,BN.CAB.XOKA.GD.ZS,2023,-1.19921675054181
ALB,BN.CAB.XOKA.GD.ZS,2022,-5.87243503331515
ALB,BN.CAB.XOKA.GD.ZS,2021,-7.59591643432052
ALB,BN.CAB.XOKA.GD.ZS,2020,-8.62504716716646
ALB,BN.CAB.XOKA.GD.ZS,2019,-7.82064355473536
ALB,BN.CAB.XOKA.GD.ZS,2018,-6.60766481105068
ALB,BN.CAB.XOKA.GD.ZS,2017,-7.40849329663264
ALB,BN.CAB.XOKA.GD.ZS,2016,-7.51011690016649
ALB,BN.CAB.XOKA.GD.ZS,2015,-8.5423750766982
ALB,BN.CAB.XOKA.GD.ZS,2014,-10.7201496577808
ALB,BN.CAB.XOKA.GD.ZS,2013,-9.25914166645898
ALB,BN.CAB.XOKA.GD.ZS,2012,-10.2612568930744
ALB,BN.CAB.XOKA.GD.ZS,2011,-12.8503659661776
ALB,BN.CAB.XOKA.GD.ZS,2010,-11.2157643683259
ALB,BN.CAB.XOKA.GD.ZS,2009,-15.0172385106345
ALB,BN.CAB.XOKA.GD.ZS,2008,-15.1839581650837
ALB,BN.CAB.XOKA.GD.ZS,2007,-10.3518884224487
ALB,BN.CAB.XOKA.GD.ZS,2006,-7.33186374631583
ALB,BN.CAB.XOKA.GD.ZS,2005,-6.92138800420102
ALB,BN.CAB.XOKA.GD.ZS,2004,-4.83249013532297
ALB,BN.CAB.XOKA.GD.ZS,2003,-7.01197673066681
ALB,BN.CAB.XOKA.GD.ZS,2002,-9.02590739072684
ALB,BN.CAB.XOKA.GD.ZS,2001,-5.35591452180558
ALB,BN.CAB.XOKA.GD.ZS,2000,-4.36035543487417
ALB,BN.CAB.XOKA.GD.ZS,1999,-4.73211838588308
ALB,BN.CAB.XOKA.GD.ZS,1998,-2.50234871672871
ALB,BN.CAB.XOKA.GD.ZS,1997,-11.8688813645991
ALB,BN.CAB.XOKA.GD.ZS,1996,-3.31737383628298
ALB,BN.CAB.XOKA.GD.ZS,1995,-0.395856545631387
ALB,BN.CAB.XOKA.GD.ZS,1994,-8.36279155272246
ALB,BN.CAB.XOKA.GD.ZS,1993,1.25704931694863
ALB,BN.CAB.XOKA.GD.ZS,1992,-7.77398715257512
ALB,BN.CAB.XOKA.GD.ZS,1991,-15.2788523176905
ALB,BN.CAB.XOKA.GD.ZS,1990,-5.83174096323551
ALB,BN.CAB.XOKA.GD.ZS,1989,-1.74427120088412
ALB,BN.CAB.XOKA.GD.ZS,1988,-1.3211544989028
ALB,BN.CAB.XOKA.GD.ZS,1987,0.249904333497333
ALB,BN.CAB.XOKA.GD.ZS,1986,-0.1525752133222
ALB,BN.CAB.XOKA.GD.ZS,1985,-1.91876849654322
ALB,BN.CAB.XOKA.GD.ZS,1984,-1.51291795411133
ALB,BN.CAB.XOKA.GD.ZS,1983,-2.03570446250028
ALB,BN.CAB.XOKA.GD.ZS,1982,-3.58915333544579
ALB,BN.CAB.XOKA.GD.ZS,1981,2.48869419936368
ALB,BN.CAB.XOKA.GD.ZS,1980,1.01387609500286
ALB,BN.CAB.XOKA.GD.ZS,1979,
ALB,BN.CAB.XOKA.GD.ZS,1978,
ALB,BN.CAB.XOKA.GD.ZS,1977,
ALB,BN.CAB.XOKA.GD.ZS,1976,
ALB,BN.CAB.XOKA.GD.ZS,1975,
ALB,BN.CAB.XOKA.GD.ZS,1974,
ALB,BN.CAB.XOKA.GD.ZS,1973,
ALB,BN.CAB.XOKA.GD.ZS,1972,
ALB,BN.CAB.XOKA.GD.ZS,1971,
ALB,BN.CAB.XOKA.GD.ZS,1970,
ALB,BN.CAB.XOKA.GD.ZS,1969,
ALB,BN.CAB.XOKA.GD.ZS,1968,
ALB,BN.CAB.XOKA.GD.ZS,1967,
ALB,BN.CAB.XOKA.GD.ZS,1966,
ALB,BN.CAB.XOKA.GD.ZS,1965,
ALB,BN.CAB.XOKA.GD.ZS,1964,
ALB,BN.CAB.XOKA.GD.ZS,1963,
ALB,BN.CAB.XOKA.GD.ZS,1962,
ALB,BN.CAB.XOKA.GD.ZS,1961,
ALB,BN.CAB.XOKA.GD.ZS,1960,
DZA,BN.CAB.XOKA.GD.ZS,2025,
DZA,BN.CAB.XOKA.GD.ZS,2024,-1.0224994485325
DZA,BN.CAB.XOKA.GD.ZS,2023,2.62033732399995
DZA,BN.CAB.XOKA.GD.ZS,2022,8.62297009518779
DZA,BN.CAB.XOKA.GD.ZS,2021,-2.42326388144805
DZA,BN.CAB.XOKA.GD.ZS,2020,-11.0309095376358
DZA,BN.CAB.XOKA.GD.ZS,2019,-8.76373598794007
DZA,BN.CAB.XOKA.GD.ZS,2018,-8.6894129619356
DZA,BN.CAB.XOKA.GD.ZS,2017,-11.6217683736912
DZA,BN.CAB.XOKA.GD.ZS,2016,-14.4962877563746
DZA,BN.CAB.XOKA.GD.ZS,2015,-14.4205446442815
DZA,BN.CAB.XOKA.GD.ZS,2014,-3.8772158836163
DZA,BN.CAB.XOKA.GD.ZS,2013,0.517147116303438
DZA,BN.CAB.XOKA.GD.ZS,2012,5.32371106942359
DZA,BN.CAB.XOKA.GD.ZS,2011,8.09495300569717
DZA,BN.CAB.XOKA.GD.ZS,2010,6.8736192928034
DZA,BN.CAB.XOKA.GD.ZS,2009,0.287169379874168
DZA,BN.CAB.XOKA.GD.ZS,2008,18.8233635111301
DZA,BN.CAB.XOKA.GD.ZS,2007,21.3033457890386
DZA,BN.CAB.XOKA.GD.ZS,2006,23.4985369430055
DZA,BN.CAB.XOKA.GD.ZS,2005,19.7857720899622
DZA,BN.CAB.XOKA.GD.ZS,2004,
DZA,BN.CAB.XOKA.GD.ZS,2003,
DZA,BN.CAB.XOKA.GD.ZS,2002,
DZA,BN.CAB.XOKA.GD.ZS,2001,
DZA,BN.CAB.XOKA.GD.ZS,2000,
DZA,BN.CAB.XOKA.GD.ZS,1999,
DZA,BN.CAB.XOKA.GD.ZS,1998,
DZA,BN.CAB.XOKA.GD.ZS,1997,
DZA,BN.CAB.XOKA.GD.ZS,1996,
DZA,BN.CAB.XOKA.GD.ZS,1995,
DZA,BN.CAB.XOKA.GD.ZS,1994,
DZA,BN.CAB.XOKA.GD.ZS,1993,
DZA,BN.CAB.XOKA.GD.ZS,1992,
DZA,BN.CAB.XOKA.GD.ZS,1991,5.17702797301749
DZA,BN.CAB.XOKA.GD.ZS,1990,2.2889527648555
DZA,BN.CAB.XOKA.GD.ZS,1989,-1.94306627097075
DZA,BN.CAB.XOKA.GD.ZS,1988,-3.45178831929018
DZA,BN.CAB.XOKA.GD.ZS,1987,0.211615708938074
DZA,BN.CAB.XOKA.GD.ZS,1986,-3.50116872810923
DZA,BN.CAB.XOKA.GD.ZS,1985,1.75145888019743
DZA,BN.CAB.XOKA.GD.ZS,1984,0.138639759242596
DZA,BN.CAB.XOKA.GD.ZS,1983,-0.174582798720131
DZA,BN.CAB.XOKA.GD.ZS,1982,-0.405106016568603
DZA,BN.CAB.XOKA.GD.ZS,1981,0.202716806207838
DZA,BN.CAB.XOKA.GD.ZS,1980,0.58830768594436
DZA,BN.CAB.XOKA.GD.ZS,1979,-4.90878514317356
DZA,BN.CAB.XOKA.GD.ZS,1978,-13.4259208511014
DZA,BN.CAB.XOKA.GD.ZS,1977,-11.0870548965505
DZA,BN.CAB.XOKA.GD.ZS,1976,
DZA,BN.CAB.XOKA.GD.ZS,1975,
DZA,BN.CAB.XOKA.GD.ZS,1974,
DZA,BN.CAB.XOKA.GD.ZS,1973,
DZA,BN.CAB.XOKA.GD.ZS,1972,
DZA,BN.CAB.XOKA.GD.ZS,1971,
DZA,BN.CAB.XOKA.GD.ZS,1970,
DZA,BN.CAB.XOKA.GD.ZS,1969,
DZA,BN.CAB.XOKA.GD.ZS,1968,
DZA,BN.CAB.XOKA.GD.ZS,1967,
DZA,BN.CAB.XOKA.GD.ZS,1966,
DZA,BN.CAB.XOKA.GD.ZS,1965,
DZA,BN.CAB.XOKA.GD.ZS,1964,
DZA,BN.CAB.XOKA.GD.ZS,1963,
DZA,BN.CAB.XOKA.GD.ZS,1962,
DZA,BN.CAB.XOKA.GD.ZS,1961,
DZA,BN.CAB.XOKA.GD.ZS,1960,
ASM,BN.CAB.XOKA.GD.ZS,2025,
ASM,BN.CAB.XOKA.GD.ZS,2024,
ASM,BN.CAB.XOKA.GD.ZS,2023,
ASM,BN.CAB.XOKA.GD.ZS,2022,
ASM,BN.CAB.XOKA.GD.ZS,2021,
ASM,BN.CAB.XOKA.GD.ZS,2020,
ASM,BN.CAB.XOKA.GD.ZS,2019,
ASM,BN.CAB.XOKA.GD.ZS,2018,
ASM,BN.CAB.XOKA.GD.ZS,2017,
ASM,BN.CAB.XOKA.GD.ZS,2016,
ASM,BN.CAB.XOKA.GD.ZS,2015,
ASM,BN.CAB.XOKA.GD.ZS,2014,
ASM,BN.CAB.XOKA.GD.ZS,2013,
ASM,BN.CAB.XOKA.GD.ZS,2012,
ASM,BN.CAB.XOKA.GD.ZS,2011,
ASM,BN.CAB.XOKA.GD.ZS,2010,
ASM,BN.CAB.XOKA.GD.ZS,2009,
ASM,BN.CAB.XOKA.GD.ZS,2008,
ASM,BN.CAB.XOKA.GD.ZS,2007,
ASM,BN.CAB.XOKA.GD.ZS,2006,
ASM,BN.CAB.XOKA.GD.ZS,2005,
ASM,BN.CAB.XOKA.GD.ZS,2004,
ASM,BN.CAB.XOKA.GD.ZS,2003,
ASM,BN.CAB.XOKA.GD.ZS,2002,
ASM,BN.CAB.XOKA.GD.ZS,2001,
ASM,BN.CAB.XOKA.GD.ZS,2000,
ASM,BN.CAB.XOKA.GD.ZS,1999,
ASM,BN.CAB.XOKA.GD.ZS,1998,
ASM,BN.CAB.XOKA.GD.ZS,1997,
ASM,BN.CAB.XOKA.GD.ZS,1996,
ASM,BN.CAB.XOKA.GD.ZS,1995,
ASM,BN.CAB.XOKA.GD.ZS,1994,
ASM,BN.CAB.XOKA.GD.ZS,1993,
ASM,BN.CAB.XOKA.GD.ZS,1992,
ASM,BN.CAB.XOKA.GD.ZS,1991,
ASM,BN.CAB.XOKA.GD.ZS,1990,
ASM,BN.CAB.XOKA.GD.ZS,1989,
ASM,BN.CAB.XOKA.GD.ZS,1988,
ASM,BN.CAB.XOKA.GD.ZS,1987,
ASM,BN.CAB.XOKA.GD.ZS,1986,
ASM,BN.CAB.XOKA.GD.ZS,1985,
ASM,BN.CAB.XOKA.GD.ZS,1984,
ASM,BN.CAB.XOKA.GD.ZS,1983,
ASM,BN.CAB.XOKA.GD.ZS,1982,
ASM,BN.CAB.XOKA.GD.ZS,1981,
ASM,BN.CAB.XOKA.GD.ZS,1980,
ASM,BN.CAB.XOKA.GD.ZS,1979,
ASM,BN.CAB.XOKA.GD.ZS,1978,
ASM,BN.CAB.XOKA.GD.ZS,1977,
ASM,BN.CAB.XOKA.GD.ZS,1976,
ASM,BN.CAB.XOKA.GD.ZS,1975,
ASM,BN.CAB.XOKA.GD.ZS,1974,
ASM,BN.CAB.XOKA.GD.ZS,1973,
ASM,BN.CAB.XOKA.GD.ZS,1972,
ASM,BN.CAB.XOKA.GD.ZS,1971,
ASM,BN.CAB.XOKA.GD.ZS,1970,
ASM,BN.CAB.XOKA.GD.ZS,1969,
ASM,BN.CAB.XOKA.GD.ZS,1968,
ASM,BN.CAB.XOKA.GD.ZS,1967,
ASM,BN.CAB.XOKA.GD.ZS,1966,
ASM,BN.CAB.XOKA.GD.ZS,1965,
ASM,BN.CAB.XOKA.GD.ZS,1964,
ASM,BN.CAB.XOKA.GD.ZS,1963,
ASM,BN.CAB.XOKA.GD.ZS,1962,
ASM,BN.CAB.XOKA.GD.ZS,1961,
ASM,BN.CAB.XOKA.GD.ZS,1960,
AND,BN.CAB.XOKA.GD.ZS,2025,
AND,BN.CAB.XOKA.GD.ZS,2024,16.0626743426895
AND,BN.CAB.XOKA.GD.ZS,2023,14.2213295948545
AND,BN.CAB.XOKA.GD.ZS,2022,11.6434481524489
AND,BN.CAB.XOKA.GD.ZS,2021,15.0217984709598
AND,BN.CAB.XOKA.GD.ZS,2020,15.5264238134716
AND,BN.CAB.XOKA.GD.ZS,2019,18.0104652921679
AND,BN.CAB.XOKA.GD.ZS,2018,
AND,BN.CAB.XOKA.GD.ZS,2017,
AND,BN.CAB.XOKA.GD.ZS,2016,
AND,BN.CAB.XOKA.GD.ZS,2015,
AND,BN.CAB.XOKA.GD.ZS,2014,
AND,BN.CAB.XOKA.GD.ZS,2013,
AND,BN.CAB.XOKA.GD.ZS,2012,
AND,BN.CAB.XOKA.GD.ZS,2011,
AND,BN.CAB.XOKA.GD.ZS,2010,
AND,BN.CAB.XOKA.GD.ZS,2009,
AND,BN.CAB.XOKA.GD.ZS,2008,
AND,BN.CAB.XOKA.GD.ZS,2007,
AND,BN.CAB.XOKA.GD.ZS,2006,
AND,BN.CAB.XOKA.GD.ZS,2005,
AND,BN.CAB.XOKA.GD.ZS,2004,
AND,BN.CAB.XOKA.GD.ZS,2003,
AND,BN.CAB.XOKA.GD.ZS,2002,
AND,BN.CAB.XOKA.GD.ZS,2001,
AND,BN.CAB.XOKA.GD.ZS,2000,
AND,BN.CAB.XOKA.GD.ZS,1999,
AND,BN.CAB.XOKA.GD.ZS,1998,
AND,BN.CAB.XOKA.GD.ZS,1997,
AND,BN.CAB.XOKA.GD.ZS,1996,
AND,BN.CAB.XOKA.GD.ZS,1995,
AND,BN.CAB.XOKA.GD.ZS,1994,
AND,BN.CAB.XOKA.GD.ZS,1993,
AND,BN.CAB.XOKA.GD.ZS,1992,
AND,BN.CAB.XOKA.GD.ZS,1991,
AND,BN.CAB.XOKA.GD.ZS,1990,
AND,BN.CAB.XOKA.GD.ZS,1989,
AND,BN.CAB.XOKA.GD.ZS,1988,
AND,BN.CAB.XOKA.GD.ZS,1987,
AND,BN.CAB.XOKA.GD.ZS,1986,
AND,BN.CAB.XOKA.GD.ZS,1985,
AND,BN.CAB.XOKA.GD.ZS,1984,
AND,BN.CAB.XOKA.GD.ZS,1983,
AND,BN.CAB.XOKA.GD.ZS,1982,
AND,BN.CAB.XOKA.GD.ZS,1981,
AND,BN.CAB.XOKA.GD.ZS,1980,
AND,BN.CAB.XOKA.GD.ZS,1979,
AND,BN.CAB.XOKA.GD.ZS,1978,
AND,BN.CAB.XOKA.GD.ZS,1977,
AND,BN.CAB.XOKA.GD.ZS,1976,
AND,BN.CAB.XOKA.GD.ZS,1975,
AND,BN.CAB.XOKA.GD.ZS,1974,
AND,BN.CAB.XOKA.GD.ZS,1973,
AND,BN.CAB.XOKA.GD.ZS,1972,
AND,BN.CAB.XOKA.GD.ZS,1971,
AND,BN.CAB.XOKA.GD.ZS,1970,
AND,BN.CAB.XOKA.GD.ZS,1969,
AND,BN.CAB.XOKA.GD.ZS,1968,
AND,BN.CAB.XOKA.GD.ZS,1967,
AND,BN.CAB.XOKA.GD.ZS,1966,
AND,BN.CAB.XOKA.GD.ZS,1965,
AND,BN.CAB.XOKA.GD.ZS,1964,
AND,BN.CAB.XOKA.GD.ZS,1963,
AND,BN.CAB.XOKA.GD.ZS,1962,
AND,BN.CAB.XOKA.GD.ZS,1961,
AND,BN.CAB.XOKA.GD.ZS,1960,
AGO,BN.CAB.XOKA.GD.ZS,2025,
AGO,BN.CAB.XOKA.GD.ZS,2024,6.24744044837087
AGO,BN.CAB.XOKA.GD.ZS,2023,3.90508703150085
AGO,BN.CAB.XOKA.GD.ZS,2022,8.96477515056049
AGO,BN.CAB.XOKA.GD.ZS,2021,10.557440687931
AGO,BN.CAB.XOKA.GD.ZS,2020,1.48153175557465
AGO,BN.CAB.XOKA.GD.ZS,2019,6.36332599336486
AGO,BN.CAB.XOKA.GD.ZS,2018,8.26988653763387
AGO,BN.CAB.XOKA.GD.ZS,2017,-0.750047560666891
AGO,BN.CAB.XOKA.GD.ZS,2016,-5.15244763778543
AGO,BN.CAB.XOKA.GD.ZS,2015,-10.018075447644
AGO,BN.CAB.XOKA.GD.ZS,2014,-2.4421772584791
AGO,BN.CAB.XOKA.GD.ZS,2013,5.47217516826916
AGO,BN.CAB.XOKA.GD.ZS,2012,9.64052717140429
AGO,BN.CAB.XOKA.GD.ZS,2011,10.4217171191836
AGO,BN.CAB.XOKA.GD.ZS,2010,7.85577834884186
AGO,BN.CAB.XOKA.GD.ZS,2009,-9.26704056119383
AGO,BN.CAB.XOKA.GD.ZS,2008,7.28233163406667
AGO,BN.CAB.XOKA.GD.ZS,2007,14.487357954762
AGO,BN.CAB.XOKA.GD.ZS,2006,18.2253229198446
AGO,BN.CAB.XOKA.GD.ZS,2005,12.411352951241
AGO,BN.CAB.XOKA.GD.ZS,2004,2.52329142811835
AGO,BN.CAB.XOKA.GD.ZS,2003,-3.53728418452148
AGO,BN.CAB.XOKA.GD.ZS,2002,-0.867014859883908
AGO,BN.CAB.XOKA.GD.ZS,2001,-16.0129513307541
AGO,BN.CAB.XOKA.GD.ZS,2000,8.71506351159262
AGO,BN.CAB.XOKA.GD.ZS,1999,-27.7983311948052
AGO,BN.CAB.XOKA.GD.ZS,1998,-28.6976083856327
AGO,BN.CAB.XOKA.GD.ZS,1997,-11.5519884917384
AGO,BN.CAB.XOKA.GD.ZS,1996,43.3988183053598
AGO,BN.CAB.XOKA.GD.ZS,1995,-5.32696076591876
AGO,BN.CAB.XOKA.GD.ZS,1994,-7.65604828196431
AGO,BN.CAB.XOKA.GD.ZS,1993,-11.5883584424603
AGO,BN.CAB.XOKA.GD.ZS,1992,-8.84439959377916
AGO,BN.CAB.XOKA.GD.ZS,1991,-5.465973
AGO,BN.CAB.XOKA.GD.ZS,1990,-2.09715190221188
AGO,BN.CAB.XOKA.GD.ZS,1989,-1.29389172637474
AGO,BN.CAB.XOKA.GD.ZS,1988,-5.34787604789493
AGO,BN.CAB.XOKA.GD.ZS,1987,5.52915879466056
AGO,BN.CAB.XOKA.GD.ZS,1986,-4.2841774908353
AGO,BN.CAB.XOKA.GD.ZS,1985,2.58139146821177
AGO,BN.CAB.XOKA.GD.ZS,1984,
AGO,BN.CAB.XOKA.GD.ZS,1983,
AGO,BN.CAB.XOKA.GD.ZS,1982,
AGO,BN.CAB.XOKA.GD.ZS,1981,
AGO,BN.CAB.XOKA.GD.ZS,1980,
AGO,BN.CAB.XOKA.GD.ZS,1979,
AGO,BN.CAB.XOKA.GD.ZS,1978,
AGO,BN.CAB.XOKA.GD.ZS,1977,
AGO,BN.CAB.XOKA.GD.ZS,1976,
AGO,BN.CAB.XOKA.GD.ZS,1975,
AGO,BN.CAB.XOKA.GD.ZS,1974,
AGO,BN.CAB.XOKA.GD.ZS,1973,
AGO,BN.CAB.XOKA.GD.ZS,1972,
AGO,BN.CAB.XOKA.GD.ZS,1971,
AGO,BN.CAB.XOKA.GD.ZS,1970,
AGO,BN.CAB.XOKA.GD.ZS,1969,
AGO,BN.CAB.XOKA.GD.ZS,1968,
AGO,BN.CAB.XOKA.GD.ZS,1967,
AGO,BN.CAB.XOKA.GD.ZS,1966,
AGO,BN.CAB.XOKA.GD.ZS,1965,
AGO,BN.CAB.XOKA.GD.ZS,1964,
AGO,BN.CAB.XOKA.GD.ZS,1963,
AGO,BN.CAB.XOKA.GD.ZS,1962,
AGO,BN.CAB.XOKA.GD.ZS,1961,
AGO,BN.CAB.XOKA.GD.ZS,1960,
ATG,BN.CAB.XOKA.GD.ZS,2025,
ATG,BN.CAB.XOKA.GD.ZS,2024,-8.21543779981637
ATG,BN.CAB.XOKA.GD.ZS,2023,-13.5132714444514
ATG,BN.CAB.XOKA.GD.ZS,2022,-15.6262417034245
ATG,BN.CAB.XOKA.GD.ZS,2021,-17.7815117413436
ATG,BN.CAB.XOKA.GD.ZS,2020,-15.5663867272565
ATG,BN.CAB.XOKA.GD.ZS,2019,-6.50528434529466
ATG,BN.CAB.XOKA.GD.ZS,2018,-13.9937660480859
ATG,BN.CAB.XOKA.GD.ZS,2017,-7.6968559845244
ATG,BN.CAB.XOKA.GD.ZS,2016,-2.38761069740834
ATG,BN.CAB.XOKA.GD.ZS,2015,2.03393623440556
ATG,BN.CAB.XOKA.GD.ZS,2014,-0.0378965310947221
ATG,BN.CAB.XOKA.GD.ZS,2013,-8.78062787514537
ATG,BN.CAB.XOKA.GD.ZS,2012,-8.11026781449488
ATG,BN.CAB.XOKA.GD.ZS,2011,-5.07303916439276
ATG,BN.CAB.XOKA.GD.ZS,2010,-10.8739141545735
ATG,BN.CAB.XOKA.GD.ZS,2009,-13.0521618835597
ATG,BN.CAB.XOKA.GD.ZS,2008,-21.6400619803907
ATG,BN.CAB.XOKA.GD.ZS,2007,-28.7521784338138
ATG,BN.CAB.XOKA.GD.ZS,2006,-19.8432206578823
ATG,BN.CAB.XOKA.GD.ZS,2005,-10.0007541423498
ATG,BN.CAB.XOKA.GD.ZS,2004,-6.31005255823087
ATG,BN.CAB.XOKA.GD.ZS,2003,-9.15813030793044
ATG,BN.CAB.XOKA.GD.ZS,2002,-9.42082349224046
ATG,BN.CAB.XOKA.GD.ZS,2001,-10.3865694462064
ATG,BN.CAB.XOKA.GD.ZS,2000,-7.92911790133271
ATG,BN.CAB.XOKA.GD.ZS,1999,-7.23191944041809
ATG,BN.CAB.XOKA.GD.ZS,1998,-5.92188254714105
ATG,BN.CAB.XOKA.GD.ZS,1997,-6.45052296085609
ATG,BN.CAB.XOKA.GD.ZS,1996,-8.75234501112516
ATG,BN.CAB.XOKA.GD.ZS,1995,-0.0841679993266559
ATG,BN.CAB.XOKA.GD.ZS,1994,-1.01497878795061
ATG,BN.CAB.XOKA.GD.ZS,1993,2.66157704168821
ATG,BN.CAB.XOKA.GD.ZS,1992,-1.87959318973665
ATG,BN.CAB.XOKA.GD.ZS,1991,-6.13126142864486
ATG,BN.CAB.XOKA.GD.ZS,1990,-6.47252696241507
ATG,BN.CAB.XOKA.GD.ZS,1989,-17.9377852998853
ATG,BN.CAB.XOKA.GD.ZS,1988,-10.9473608397778
ATG,BN.CAB.XOKA.GD.ZS,1987,-32.0829863113161
ATG,BN.CAB.XOKA.GD.ZS,1986,-39.7513131363421
ATG,BN.CAB.XOKA.GD.ZS,1985,-9.37612748045701
ATG,BN.CAB.XOKA.GD.ZS,1984,0.282732381583999
ATG,BN.CAB.XOKA.GD.ZS,1983,-4.92246664262532
ATG,BN.CAB.XOKA.GD.ZS,1982,-24.9933244325768
ATG,BN.CAB.XOKA.GD.ZS,1981,-21.889178133135
ATG,BN.CAB.XOKA.GD.ZS,1980,-14.1938370337229
ATG,BN.CAB.XOKA.GD.ZS,1979,-17.7925720658308
ATG,BN.CAB.XOKA.GD.ZS,1978,-2.4988431281814
ATG,BN.CAB.XOKA.GD.ZS,1977,-12.3859129354423
ATG,BN.CAB.XOKA.GD.ZS,1976,
ATG,BN.CAB.XOKA.GD.ZS,1975,
ATG,BN.CAB.XOKA.GD.ZS,1974,
ATG,BN.CAB.XOKA.GD.ZS,1973,
ATG,BN.CAB.XOKA.GD.ZS,1972,
ATG,BN.CAB.XOKA.GD.ZS,1971,
ATG,BN.CAB.XOKA.GD.ZS,1970,
ATG,BN.CAB.XOKA.GD.ZS,1969,
ATG,BN.CAB.XOKA.GD.ZS,1968,
ATG,BN.CAB.XOKA.GD.ZS,1967,
ATG,BN.CAB.XOKA.GD.ZS,1966,
ATG,BN.CAB.XOKA.GD.ZS,1965,
ATG,BN.CAB.XOKA.GD.ZS,1964,
ATG,BN.CAB.XOKA.GD.ZS,1963,
ATG,BN.CAB.XOKA.GD.ZS,1962,
ATG,BN.CAB.XOKA.GD.ZS,1961,
ATG,BN.CAB.XOKA.GD.ZS,1960,
ARG,BN.CAB.XOKA.GD.ZS,2025,
ARG,BN.CAB.XOKA.GD.ZS,2024,0.893118418089374
ARG,BN.CAB.XOKA.GD.ZS,2023,-3.1951463789585
ARG,BN.CAB.XOKA.GD.ZS,2022,-0.62525456692328
ARG,BN.CAB.XOKA.GD.ZS,2021,1.36154422203441
ARG,BN.CAB.XOKA.GD.ZS,2020,0.696935361136029
ARG,BN.CAB.XOKA.GD.ZS,2019,-0.779998447561847
ARG,BN.CAB.XOKA.GD.ZS,2018,-5.16055257152294
ARG,BN.CAB.XOKA.GD.ZS,2017,-4.8399592180739
ARG,BN.CAB.XOKA.GD.ZS,2016,-2.70922168361454
ARG,BN.CAB.XOKA.GD.ZS,2015,-2.96292666513533
ARG,BN.CAB.XOKA.GD.ZS,2014,-1.74400211981355
ARG,BN.CAB.XOKA.GD.ZS,2013,-2.37749566620572
ARG,BN.CAB.XOKA.GD.ZS,2012,-0.39159512386959
ARG,BN.CAB.XOKA.GD.ZS,2011,-1.00728084144866
ARG,BN.CAB.XOKA.GD.ZS,2010,-0.383118699737132
ARG,BN.CAB.XOKA.GD.ZS,2009,2.1785669619099
ARG,BN.CAB.XOKA.GD.ZS,2008,1.49940141614234
ARG,BN.CAB.XOKA.GD.ZS,2007,2.1036160391819
ARG,BN.CAB.XOKA.GD.ZS,2006,2.79449564264943
ARG,BN.CAB.XOKA.GD.ZS,2005,2.65363142179073
ARG,BN.CAB.XOKA.GD.ZS,2004,1.95058324319273
ARG,BN.CAB.XOKA.GD.ZS,2003,6.37990680177011
ARG,BN.CAB.XOKA.GD.ZS,2002,8.97078467784247
ARG,BN.CAB.XOKA.GD.ZS,2001,-1.40694788500181
ARG,BN.CAB.XOKA.GD.ZS,2000,-3.15992237703676
ARG,BN.CAB.XOKA.GD.ZS,1999,-4.21229506178183
ARG,BN.CAB.XOKA.GD.ZS,1998,-4.84431604541957
ARG,BN.CAB.XOKA.GD.ZS,1997,-4.14468006629108
ARG,BN.CAB.XOKA.GD.ZS,1996,-2.4875930110115
ARG,BN.CAB.XOKA.GD.ZS,1995,-1.98346027350929
ARG,BN.CAB.XOKA.GD.ZS,1994,-4.26485898465452
ARG,BN.CAB.XOKA.GD.ZS,1993,-3.46617829462144
ARG,BN.CAB.XOKA.GD.ZS,1992,-2.42494134682425
ARG,BN.CAB.XOKA.GD.ZS,1991,-0.341028912950146
ARG,BN.CAB.XOKA.GD.ZS,1990,3.22031448392387
ARG,BN.CAB.XOKA.GD.ZS,1989,-1.70299441367605
ARG,BN.CAB.XOKA.GD.ZS,1988,-1.2388660162792
ARG,BN.CAB.XOKA.GD.ZS,1987,-3.89207383826997
ARG,BN.CAB.XOKA.GD.ZS,1986,-2.7004212047155
ARG,BN.CAB.XOKA.GD.ZS,1985,-1.0799663864279
ARG,BN.CAB.XOKA.GD.ZS,1984,-2.13402804432395
ARG,BN.CAB.XOKA.GD.ZS,1983,-2.3427783479647
ARG,BN.CAB.XOKA.GD.ZS,1982,-2.7909739553226
ARG,BN.CAB.XOKA.GD.ZS,1981,-5.98905581142535
ARG,BN.CAB.XOKA.GD.ZS,1980,-6.20306739740758
ARG,BN.CAB.XOKA.GD.ZS,1979,-0.740769310961666
ARG,BN.CAB.XOKA.GD.ZS,1978,2.08423514758595
ARG,BN.CAB.XOKA.GD.ZS,1977,1.98305770943701
ARG,BN.CAB.XOKA.GD.ZS,1976,1.27224225636723
ARG,BN.CAB.XOKA.GD.ZS,1975,
ARG,BN.CAB.XOKA.GD.ZS,1974,
ARG,BN.CAB.XOKA.GD.ZS,1973,
ARG,BN.CAB.XOKA.GD.ZS,1972,
ARG,BN.CAB.XOKA.GD.ZS,1971,
ARG,BN.CAB.XOKA.GD.ZS,1970,
ARG,BN.CAB.XOKA.GD.ZS,1969,
ARG,BN.CAB.XOKA.GD.ZS,1968,
ARG,BN.CAB.XOKA.GD.ZS,1967,
ARG,BN.CAB.XOKA.GD.ZS,1966,
ARG,BN.CAB.XOKA.GD.ZS,1965,
ARG,BN.CAB.XOKA.GD.ZS,1964,
ARG,BN.CAB.XOKA.GD.ZS,1963,
ARG,BN.CAB.XOKA.GD.ZS,1962,
ARG,BN.CAB.XOKA.GD.ZS,1961,
ARG,BN.CAB.XOKA.GD.ZS,1960,
ARM,BN.CAB.XOKA.GD.ZS,2025,
ARM,BN.CAB.XOKA.GD.ZS,2024,-4.60216691099963
ARM,BN.CAB.XOKA.GD.ZS,2023,-2.77026594121126
ARM,BN.CAB.XOKA.GD.ZS,2022,0.737867280509602
ARM,BN.CAB.XOKA.GD.ZS,2021,-3.39629418665849
ARM,BN.CAB.XOKA.GD.ZS,2020,-3.99777390668492
ARM,BN.CAB.XOKA.GD.ZS,2019,-7.05686573000043
ARM,BN.CAB.XOKA.GD.ZS,2018,-7.2281230237955
ARM,BN.CAB.XOKA.GD.ZS,2017,-1.26072402014699
ARM,BN.CAB.XOKA.GD.ZS,2016,-0.956577968660226
ARM,BN.CAB.XOKA.GD.ZS,2015,-2.66180705584757
ARM,BN.CAB.XOKA.GD.ZS,2014,-7.76786633240123
ARM,BN.CAB.XOKA.GD.ZS,2013,-7.31624657065382
ARM,BN.CAB.XOKA.GD.ZS,2012,-9.96233164214969
ARM,BN.CAB.XOKA.GD.ZS,2011,-10.4403281934473
ARM,BN.CAB.XOKA.GD.ZS,2010,-13.6219482985733
ARM,BN.CAB.XOKA.GD.ZS,2009,-16.4837116405483
ARM,BN.CAB.XOKA.GD.ZS,2008,-14.2246479360543
ARM,BN.CAB.XOKA.GD.ZS,2007,-7.35660133782848
ARM,BN.CAB.XOKA.GD.ZS,2006,-2.39537289745615
ARM,BN.CAB.XOKA.GD.ZS,2005,-2.52832414562151
ARM,BN.CAB.XOKA.GD.ZS,2004,-2.20435917633131
ARM,BN.CAB.XOKA.GD.ZS,2003,-6.18119850537564
ARM,BN.CAB.XOKA.GD.ZS,2002,-6.2201045971038
ARM,BN.CAB.XOKA.GD.ZS,2001,-10.4398165717153
ARM,BN.CAB.XOKA.GD.ZS,2000,-15.7812102966465
ARM,BN.CAB.XOKA.GD.ZS,1999,-16.9355704119467
ARM,BN.CAB.XOKA.GD.ZS,1998,-21.9751034634071
ARM,BN.CAB.XOKA.GD.ZS,1997,-20.4782136117306
ARM,BN.CAB.XOKA.GD.ZS,1996,-20.1762879448727
ARM,BN.CAB.XOKA.GD.ZS,1995,-15.0292437935751
ARM,BN.CAB.XOKA.GD.ZS,1994,-7.89106326080447
ARM,BN.CAB.XOKA.GD.ZS,1993,-5.63799855869866
ARM,BN.CAB.XOKA.GD.ZS,1992,
ARM,BN.CAB.XOKA.GD.ZS,1991,
ARM,BN.CAB.XOKA.GD.ZS,1990,
ARM,BN.CAB.XOKA.GD.ZS,1989,
ARM,BN.CAB.XOKA.GD.ZS,1988,
ARM,BN.CAB.XOKA.GD.ZS,1987,
ARM,BN.CAB.XOKA.GD.ZS,1986,
ARM,BN.CAB.XOKA.GD.ZS,1985,
ARM,BN.CAB.XOKA.GD.ZS,1984,
ARM,BN.CAB.XOKA.GD.ZS,1983,
ARM,BN.CAB.XOKA.GD.ZS,1982,
ARM,BN.CAB.XOKA.GD.ZS,1981,
ARM,BN.CAB.XOKA.GD.ZS,1980,
ARM,BN.CAB.XOKA.GD.ZS,1979,
ARM,BN.CAB.XOKA.GD.ZS,1978,
ARM,BN.CAB.XOKA.GD.ZS,1977,
ARM,BN.CAB.XOKA.GD.ZS,1976,
ARM,BN.CAB.XOKA.GD.ZS,1975,
ARM,BN.CAB.XOKA.GD.ZS,1974,
ARM,BN.CAB.XOKA.GD.ZS,1973,
ARM,BN.CAB.XOKA.GD.ZS,1972,
ARM,BN.CAB.XOKA.GD.ZS,1971,
ARM,BN.CAB.XOKA.GD.ZS,1970,
ARM,BN.CAB.XOKA.GD.ZS,1969,
ARM,BN.CAB.XOKA.GD.ZS,1968,
ARM,BN.CAB.XOKA.GD.ZS,1967,
ARM,BN.CAB.XOKA.GD.ZS,1966,
ARM,BN.CAB.XOKA.GD.ZS,1965,
ARM,BN.CAB.XOKA.GD.ZS,1964,
ARM,BN.CAB.XOKA.GD.ZS,1963,
ARM,BN.CAB.XOKA.GD.ZS,1962,
ARM,BN.CAB.XOKA.GD.ZS,1961,
ARM,BN.CAB.XOKA.GD.ZS,1960,
ABW,BN.CAB.XOKA.GD.ZS,2025,
ABW,BN.CAB.XOKA.GD.ZS,2024,
ABW,BN.CAB.XOKA.GD.ZS,2023,5.07202388667267
ABW,BN.CAB.XOKA.GD.ZS,2022,6.93602302823432
ABW,BN.CAB.XOKA.GD.ZS,2021,2.75111908453426
ABW,BN.CAB.XOKA.GD.ZS,2020,-12.8046064501285
ABW,BN.CAB.XOKA.GD.ZS,2019,2.53380248998849
ABW,BN.CAB.XOKA.GD.ZS,2018,-0.59136646769686
ABW,BN.CAB.XOKA.GD.ZS,2017,1.1197958543778
ABW,BN.CAB.XOKA.GD.ZS,2016,4.7317741972835
ABW,BN.CAB.XOKA.GD.ZS,2015,3.99414243924537
ABW,BN.CAB.XOKA.GD.ZS,2014,-4.65857687581843
ABW,BN.CAB.XOKA.GD.ZS,2013,-11.813208837986
ABW,BN.CAB.XOKA.GD.ZS,2012,3.47345127544661
ABW,BN.CAB.XOKA.GD.ZS,2011,-9.8776559966521
ABW,BN.CAB.XOKA.GD.ZS,2010,-18.7525373189382
ABW,BN.CAB.XOKA.GD.ZS,2009,6.72239127248544
ABW,BN.CAB.XOKA.GD.ZS,2008,0.00393003438387262
ABW,BN.CAB.XOKA.GD.ZS,2007,9.64536035842434
ABW,BN.CAB.XOKA.GD.ZS,2006,12.5742113280132
ABW,BN.CAB.XOKA.GD.ZS,2005,4.44757292760025
ABW,BN.CAB.XOKA.GD.ZS,2004,12.0136853291022
ABW,BN.CAB.XOKA.GD.ZS,2003,-8.09902267310928
ABW,BN.CAB.XOKA.GD.ZS,2002,-17.3434518893983
ABW,BN.CAB.XOKA.GD.ZS,2001,16.2808742441801
ABW,BN.CAB.XOKA.GD.ZS,2000,11.0568722640362
ABW,BN.CAB.XOKA.GD.ZS,1999,-25.2778858625162
ABW,BN.CAB.XOKA.GD.ZS,1998,-1.12713854411271
ABW,BN.CAB.XOKA.GD.ZS,1997,-12.7826404084609
ABW,BN.CAB.XOKA.GD.ZS,1996,-5.0080971659919
ABW,BN.CAB.XOKA.GD.ZS,1995,-0.0211505922165815
ABW,BN.CAB.XOKA.GD.ZS,1994,6.5067264573991
ABW,BN.CAB.XOKA.GD.ZS,1993,3.85250128932439
ABW,BN.CAB.XOKA.GD.ZS,1992,4.56876456876456
ABW,BN.CAB.XOKA.GD.ZS,1991,-24.023062139654
ABW,BN.CAB.XOKA.GD.ZS,1990,-20.6793279766252
ABW,BN.CAB.XOKA.GD.ZS,1989,-6.714859437751
ABW,BN.CAB.XOKA.GD.ZS,1988,-7.4250936329588
ABW,BN.CAB.XOKA.GD.ZS,1987,-4.62772050400916
ABW,BN.CAB.XOKA.GD.ZS,1986,-4.60055096418731
ABW,BN.CAB.XOKA.GD.ZS,1985,
ABW,BN.CAB.XOKA.GD.ZS,1984,
ABW,BN.CAB.XOKA.GD.ZS,1983,
ABW,BN.CAB.XOKA.GD.ZS,1982,
ABW,BN.CAB.XOKA.GD.ZS,1981,
ABW,BN.CAB.XOKA.GD.ZS,1980,
ABW,BN.CAB.XOKA.GD.ZS,1979,
ABW,BN.CAB.XOKA.GD.ZS,1978,
ABW,BN.CAB.XOKA.GD.ZS,1977,
ABW,BN.CAB.XOKA.GD.ZS,1976,
ABW,BN.CAB.XOKA.GD.ZS,1975,
ABW,BN.CAB.XOKA.GD.ZS,1974,
ABW,BN.CAB.XOKA.GD.ZS,1973,
ABW,BN.CAB.XOKA.GD.ZS,1972,
ABW,BN.CAB.XOKA.GD.ZS,1971,
ABW,BN.CAB.XOKA.GD.ZS,1970,
ABW,BN.CAB.XOKA.GD.ZS,1969,
ABW,BN.CAB.XOKA.GD.ZS,1968,
ABW,BN.CAB.XOKA.GD.ZS,1967,
ABW,BN.CAB.XOKA.GD.ZS,1966,
ABW,BN.CAB.XOKA.GD.ZS,1965,
ABW,BN.CAB.XOKA.GD.ZS,1964,
ABW,BN.CAB.XOKA.GD.ZS,1963,
ABW,BN.CAB.XOKA.GD.ZS,1962,
ABW,BN.CAB.XOKA.GD.ZS,1961,
ABW,BN.CAB.XOKA.GD.ZS,1960,
AUS,BN.CAB.XOKA.GD.ZS,2025,
AUS,BN.CAB.XOKA.GD.ZS,2024,-1.97811216711747
AUS,BN.CAB.XOKA.GD.ZS,2023,-0.234060559907305
AUS,BN.CAB.XOKA.GD.ZS,2022,0.374773982764545
AUS,BN.CAB.XOKA.GD.ZS,2021,2.62544820701792
AUS,BN.CAB.XOKA.GD.ZS,2020,1.86741781543883
AUS,BN.CAB.XOKA.GD.ZS,2019,-0.0206271927491188
AUS,BN.CAB.XOKA.GD.ZS,2018,-2.55162485886958
AUS,BN.CAB.XOKA.GD.ZS,2017,-2.98964043581753
AUS,BN.CAB.XOKA.GD.ZS,2016,-3.60213104879026
AUS,BN.CAB.XOKA.GD.ZS,2015,-4.2950643949091
AUS,BN.CAB.XOKA.GD.ZS,2014,-3.07921525285017
AUS,BN.CAB.XOKA.GD.ZS,2013,-3.24439256531684
AUS,BN.CAB.XOKA.GD.ZS,2012,-4.42917293903347
AUS,BN.CAB.XOKA.GD.ZS,2011,-3.25393708127954
AUS,BN.CAB.XOKA.GD.ZS,2010,-3.99211276270473
AUS,BN.CAB.XOKA.GD.ZS,2009,-5.21460357172588
AUS,BN.CAB.XOKA.GD.ZS,2008,-4.87128797048567
AUS,BN.CAB.XOKA.GD.ZS,2007,-7.5509404049246
AUS,BN.CAB.XOKA.GD.ZS,2006,-6.17432428646518
AUS,BN.CAB.XOKA.GD.ZS,2005,-6.2201820658335
AUS,BN.CAB.XOKA.GD.ZS,2004,-6.70631316237641
AUS,BN.CAB.XOKA.GD.ZS,2003,-6.25542304141098
AUS,BN.CAB.XOKA.GD.ZS,2002,-4.03651427027563
AUS,BN.CAB.XOKA.GD.ZS,2001,-2.09983536268172
AUS,BN.CAB.XOKA.GD.ZS,2000,-3.71484792517268
AUS,BN.CAB.XOKA.GD.ZS,1999,-5.58366414929506
AUS,BN.CAB.XOKA.GD.ZS,1998,-4.44111787888724
AUS,BN.CAB.XOKA.GD.ZS,1997,-2.72974894003095
AUS,BN.CAB.XOKA.GD.ZS,1996,-3.58360337747536
AUS,BN.CAB.XOKA.GD.ZS,1995,-5.06318585541185
AUS,BN.CAB.XOKA.GD.ZS,1994,-4.90706698315176
AUS,BN.CAB.XOKA.GD.ZS,1993,-2.97199182738191
AUS,BN.CAB.XOKA.GD.ZS,1992,-3.1637556587871
AUS,BN.CAB.XOKA.GD.ZS,1991,-3.24314665991034
AUS,BN.CAB.XOKA.GD.ZS,1990,-4.98086922325908
AUS,BN.CAB.XOKA.GD.ZS,1989,-6.10798248225895
AUS,BN.CAB.XOKA.GD.ZS,1988,
AUS,BN.CAB.XOKA.GD.ZS,1987,
AUS,BN.CAB.XOKA.GD.ZS,1986,
AUS,BN.CAB.XOKA.GD.ZS,1985,
AUS,BN.CAB.XOKA.GD.ZS,1984,
AUS,BN.CAB.XOKA.GD.ZS,1983,
AUS,BN.CAB.XOKA.GD.ZS,1982,
AUS,BN.CAB.XOKA.GD.ZS,1981,
AUS,BN.CAB.XOKA.GD.ZS,1980,
AUS,BN.CAB.XOKA.GD.ZS,1979,
AUS,BN.CAB.XOKA.GD.ZS,1978,
AUS,BN.CAB.XOKA.GD.ZS,1977,
AUS,BN.CAB.XOKA.GD.ZS,1976,
AUS,BN.CAB.XOKA.GD.ZS,1975,
AUS,BN.CAB.XOKA.GD.ZS,1974,
AUS,BN.CAB.XOKA.GD.ZS,1973,
AUS,BN.CAB.XOKA.GD.ZS,1972,
AUS,BN.CAB.XOKA.GD.ZS,1971,
AUS,BN.CAB.XOKA.GD.ZS,1970,
AUS,BN.CAB.XOKA.GD.ZS,1969,
AUS,BN.CAB.XOKA.GD.ZS,1968,
AUS,BN.CAB.XOKA.GD.ZS,1967,
AUS,BN.CAB.XOKA.GD.ZS,1966,
AUS,BN.CAB.XOKA.GD.ZS,1965,
AUS,BN.CAB.XOKA.GD.ZS,1964,
AUS,BN.CAB.XOKA.GD.ZS,1963,
AUS,BN.CAB.XOKA.GD.ZS,1962,
AUS,BN.CAB.XOKA.GD.ZS,1961,
AUS,BN.CAB.XOKA.GD.ZS,1960,
AUT,BN.CAB.XOKA.GD.ZS,2025,
AUT,BN.CAB.XOKA.GD.ZS,2024,1.53088550116276
AUT,BN.CAB.XOKA.GD.ZS,2023,1.31277352992302
AUT,BN.CAB.XOKA.GD.ZS,2022,-0.826550284589038
AUT,BN.CAB.XOKA.GD.ZS,2021,1.71590187553909
AUT,BN.CAB.XOKA.GD.ZS,2020,3.3513779974929
AUT,BN.CAB.XOKA.GD.ZS,2019,2.38423045289808
AUT,BN.CAB.XOKA.GD.ZS,2018,0.908176708238317
AUT,BN.CAB.XOKA.GD.ZS,2017,1.24444591726667
AUT,BN.CAB.XOKA.GD.ZS,2016,2.57148776968199
AUT,BN.CAB.XOKA.GD.ZS,2015,1.58832680063968
AUT,BN.CAB.XOKA.GD.ZS,2014,2.31393875506259
AUT,BN.CAB.XOKA.GD.ZS,2013,1.75299233450364
AUT,BN.CAB.XOKA.GD.ZS,2012,1.51000017550336
AUT,BN.CAB.XOKA.GD.ZS,2011,1.58501011759763
AUT,BN.CAB.XOKA.GD.ZS,2010,2.94294851772084
AUT,BN.CAB.XOKA.GD.ZS,2009,2.58051083948132
AUT,BN.CAB.XOKA.GD.ZS,2008,4.49615698142083
AUT,BN.CAB.XOKA.GD.ZS,2007,3.81348828635747
AUT,BN.CAB.XOKA.GD.ZS,2006,3.29250867823428
AUT,BN.CAB.XOKA.GD.ZS,2005,1.98531598038444
AUT,BN.CAB.XOKA.GD.ZS,2004,
AUT,BN.CAB.XOKA.GD.ZS,2003,
AUT,BN.CAB.XOKA.GD.ZS,2002,
AUT,BN.CAB.XOKA.GD.ZS,2001,
AUT,BN.CAB.XOKA.GD.ZS,2000,
AUT,BN.CAB.XOKA.GD.ZS,1999,
AUT,BN.CAB.XOKA.GD.ZS,1998,
AUT,BN.CAB.XOKA.GD.ZS,1997,
AUT,BN.CAB.XOKA.GD.ZS,1996,
AUT,BN.CAB.XOKA.GD.ZS,1995,
AUT,BN.CAB.XOKA.GD.ZS,1994,
AUT,BN.CAB.XOKA.GD.ZS,1993,
AUT,BN.CAB.XOKA.GD.ZS,1992,
AUT,BN.CAB.XOKA.GD.ZS,1991,
AUT,BN.CAB.XOKA.GD.ZS,1990,
AUT,BN.CAB.XOKA.GD.ZS,1989,
AUT,BN.CAB.XOKA.GD.ZS,1988,
AUT,BN.CAB.XOKA.GD.ZS,1987,
AUT,BN.CAB.XOKA.GD.ZS,1986,
AUT,BN.CAB.XOKA.GD.ZS,1985,
AUT,BN.CAB.XOKA.GD.ZS,1984,
AUT,BN.CAB.XOKA.GD.ZS,1983,
AUT,BN.CAB.XOKA.GD.ZS,1982,
AUT,BN.CAB.XOKA.GD.ZS,1981,
AUT,BN.CAB.XOKA.GD.ZS,1980,
AUT,BN.CAB.XOKA.GD.ZS,1979,
AUT,BN.CAB.XOKA.GD.ZS,1978,
AUT,BN.CAB.XOKA.GD.ZS,1977,
AUT,BN.CAB.XOKA.GD.ZS,1976,
AUT,BN.CAB.XOKA.GD.ZS,1975,
AUT,BN.CAB.XOKA.GD.ZS,1974,
AUT,BN.CAB.XOKA.GD.ZS,1973,
AUT,BN.CAB.XOKA.GD.ZS,1972,
AUT,BN.CAB.XOKA.GD.ZS,1971,
AUT,BN.CAB.XOKA.GD.ZS,1970,
AUT,BN.CAB.XOKA.GD.ZS,1969,
AUT,BN.CAB.XOKA.GD.ZS,1968,
AUT,BN.CAB.XOKA.GD.ZS,1967,
AUT,BN.CAB.XOKA.GD.ZS,1966,
AUT,BN.CAB.XOKA.GD.ZS,1965,
AUT,BN.CAB.XOKA.GD.ZS,1964,
AUT,BN.CAB.XOKA.GD.ZS,1963,
AUT,BN.CAB.XOKA.GD.ZS,1962,
AUT,BN.CAB.XOKA.GD.ZS,1961,
AUT,BN.CAB.XOKA.GD.ZS,1960,
AZE,BN.CAB.XOKA.GD.ZS,2025,
AZE,BN.CAB.XOKA.GD.ZS,2024,6.2854774135843
AZE,BN.CAB.XOKA.GD.ZS,2023,11.5001296207861
AZE,BN.CAB.XOKA.GD.ZS,2022,29.7916946512237
AZE,BN.CAB.XOKA.GD.ZS,2021,14.9620003998682
AZE,BN.CAB.XOKA.GD.ZS,2020,-0.740874280795446
AZE,BN.CAB.XOKA.GD.ZS,2019,8.70455620187564
AZE,BN.CAB.XOKA.GD.ZS,2018,12.6823769245212
AZE,BN.CAB.XOKA.GD.ZS,2017,4.12208960991814
AZE,BN.CAB.XOKA.GD.ZS,2016,-3.60050733417184
AZE,BN.CAB.XOKA.GD.ZS,2015,-0.419198909856565
AZE,BN.CAB.XOKA.GD.ZS,2014,13.5683574038086
AZE,BN.CAB.XOKA.GD.ZS,2013,16.4935876692396
AZE,BN.CAB.XOKA.GD.ZS,2012,21.4925357741895
AZE,BN.CAB.XOKA.GD.ZS,2011,25.9957665612112
AZE,BN.CAB.XOKA.GD.ZS,2010,28.4268313519369
AZE,BN.CAB.XOKA.GD.ZS,2009,22.9720443124812
AZE,BN.CAB.XOKA.GD.ZS,2008,33.6793638921001
AZE,BN.CAB.XOKA.GD.ZS,2007,27.289087539853
AZE,BN.CAB.XOKA.GD.ZS,2006,17.670467343915
AZE,BN.CAB.XOKA.GD.ZS,2005,1.26319117280894
AZE,BN.CAB.XOKA.GD.ZS,2004,-29.8282485551101
AZE,BN.CAB.XOKA.GD.ZS,2003,-27.7726673572238
AZE,BN.CAB.XOKA.GD.ZS,2002,-12.3213949554144
AZE,BN.CAB.XOKA.GD.ZS,2001,-0.906770850609527
AZE,BN.CAB.XOKA.GD.ZS,2000,-3.18196904183888
AZE,BN.CAB.XOKA.GD.ZS,1999,-13.0903833593547
AZE,BN.CAB.XOKA.GD.ZS,1998,-30.6884366040807
AZE,BN.CAB.XOKA.GD.ZS,1997,-23.1113389046322
AZE,BN.CAB.XOKA.GD.ZS,1996,-29.3146493832248
AZE,BN.CAB.XOKA.GD.ZS,1995,-16.5740632135158
AZE,BN.CAB.XOKA.GD.ZS,1994,
AZE,BN.CAB.XOKA.GD.ZS,1993,
AZE,BN.CAB.XOKA.GD.ZS,1992,
AZE,BN.CAB.XOKA.GD.ZS,1991,
AZE,BN.CAB.XOKA.GD.ZS,1990,
AZE,BN.CAB.XOKA.GD.ZS,1989,
AZE,BN.CAB.XOKA.GD.ZS,1988,
AZE,BN.CAB.XOKA.GD.ZS,1987,
AZE,BN.CAB.XOKA.GD.ZS,1986,
AZE,BN.CAB.XOKA.GD.ZS,1985,
AZE,BN.CAB.XOKA.GD.ZS,1984,
AZE,BN.CAB.XOKA.GD.ZS,1983,
AZE,BN.CAB.XOKA.GD.ZS,1982,
AZE,BN.CAB.XOKA.GD.ZS,1981,
AZE,BN.CAB.XOKA.GD.ZS,1980,
AZE,BN.CAB.XOKA.GD.ZS,1979,
AZE,BN.CAB.XOKA.GD.ZS,1978,
AZE,BN.CAB.XOKA.GD.ZS,1977,
AZE,BN.CAB.XOKA.GD.ZS,1976,
AZE,BN.CAB.XOKA.GD.ZS,1975,
AZE,BN.CAB.XOKA.GD.ZS,1974,
AZE,BN.CAB.XOKA.GD.ZS,1973,
AZE,BN.CAB.XOKA.GD.ZS,1972,
AZE,BN.CAB.XOKA.GD.ZS,1971,
AZE,BN.CAB.XOKA.GD.ZS,1970,
AZE,BN.CAB.XOKA.GD.ZS,1969,
AZE,BN.CAB.XOKA.GD.ZS,1968,
AZE,BN.CAB.XOKA.GD.ZS,1967,
AZE,BN.CAB.XOKA.GD.ZS,1966,
AZE,BN.CAB.XOKA.GD.ZS,1965,
AZE,BN.CAB.XOKA.GD.ZS,1964,
AZE,BN.CAB.XOKA.GD.ZS,1963,
AZE,BN.CAB.XOKA.GD.ZS,1962,
AZE,BN.CAB.XOKA.GD.ZS,1961,
AZE,BN.CAB.XOKA.GD.ZS,1960,
BHS,BN.CAB.XOKA.GD.ZS,2025,
BHS,BN.CAB.XOKA.GD.ZS,2024,-6.64860795366669
BHS,BN.CAB.XOKA.GD.ZS,2023,-7.00069253380099
BHS,BN.CAB.XOKA.GD.ZS,2022,-8.86961547540974
BHS,BN.CAB.XOKA.GD.ZS,2021,-20.2208763533214
BHS,BN.CAB.XOKA.GD.ZS,2020,-22.0443509738872
BHS,BN.CAB.XOKA.GD.ZS,2019,-2.60210078588536
BHS,BN.CAB.XOKA.GD.ZS,2018,-8.70002668448312
BHS,BN.CAB.XOKA.GD.ZS,2017,-12.6509094143141
BHS,BN.CAB.XOKA.GD.ZS,2016,-5.98258988449718
BHS,BN.CAB.XOKA.GD.ZS,2015,-10.1639297057562
BHS,BN.CAB.XOKA.GD.ZS,2014,-16.9249150364207
BHS,BN.CAB.XOKA.GD.ZS,2013,-14.2614149475433
BHS,BN.CAB.XOKA.GD.ZS,2012,-14.0368120592515
BHS,BN.CAB.XOKA.GD.ZS,2011,-11.9472714724764
BHS,BN.CAB.XOKA.GD.ZS,2010,-8.0632166374795
BHS,BN.CAB.XOKA.GD.ZS,2009,-8.10442037435534
BHS,BN.CAB.XOKA.GD.ZS,2008,-11.6100892944233
BHS,BN.CAB.XOKA.GD.ZS,2007,-12.3851568041165
BHS,BN.CAB.XOKA.GD.ZS,2006,-13.8061914480317
BHS,BN.CAB.XOKA.GD.ZS,2005,-7.12305028440183
BHS,BN.CAB.XOKA.GD.ZS,2004,-3.39160866189817
BHS,BN.CAB.XOKA.GD.ZS,2003,-5.33827728918196
BHS,BN.CAB.XOKA.GD.ZS,2002,-4.76646866689711
BHS,BN.CAB.XOKA.GD.ZS,2001,-7.75394544009676
BHS,BN.CAB.XOKA.GD.ZS,2000,-7.8368767543246
BHS,BN.CAB.XOKA.GD.ZS,1999,-4.22180125379529
BHS,BN.CAB.XOKA.GD.ZS,1998,-14.5670708684925
BHS,BN.CAB.XOKA.GD.ZS,1997,-7.45535629686247
BHS,BN.CAB.XOKA.GD.ZS,1996,-7.29564976447769
BHS,BN.CAB.XOKA.GD.ZS,1995,-4.25488480606591
BHS,BN.CAB.XOKA.GD.ZS,1994,-1.29487572875115
BHS,BN.CAB.XOKA.GD.ZS,1993,1.57373868046572
BHS,BN.CAB.XOKA.GD.ZS,1992,1.15149565776777
BHS,BN.CAB.XOKA.GD.ZS,1991,-5.77919489836588
BHS,BN.CAB.XOKA.GD.ZS,1990,-1.15603284902085
BHS,BN.CAB.XOKA.GD.ZS,1989,-2.74983670803396
BHS,BN.CAB.XOKA.GD.ZS,1988,-2.35991341069591
BHS,BN.CAB.XOKA.GD.ZS,1987,-2.01915998596758
BHS,BN.CAB.XOKA.GD.ZS,1986,0.930232558139535
BHS,BN.CAB.XOKA.GD.ZS,1985,-0.116344211502745
BHS,BN.CAB.XOKA.GD.ZS,1984,-4.91401695164372
BHS,BN.CAB.XOKA.GD.ZS,1983,-5.8056325023084
BHS,BN.CAB.XOKA.GD.ZS,1982,-7.31166444909079
BHS,BN.CAB.XOKA.GD.ZS,1981,-9.80722046968104
BHS,BN.CAB.XOKA.GD.ZS,1980,-5.63918220624579
BHS,BN.CAB.XOKA.GD.ZS,1979,-3.76381788350431
BHS,BN.CAB.XOKA.GD.ZS,1978,0.288322921672273
BHS,BN.CAB.XOKA.GD.ZS,1977,4.05329593267882
BHS,BN.CAB.XOKA.GD.ZS,1976,10.6058246379069
BHS,BN.CAB.XOKA.GD.ZS,1975,
BHS,BN.CAB.XOKA.GD.ZS,1974,
BHS,BN.CAB.XOKA.GD.ZS,1973,
BHS,BN.CAB.XOKA.GD.ZS,1972,
BHS,BN.CAB.XOKA.GD.ZS,1971,
BHS,BN.CAB.XOKA.GD.ZS,1970,
BHS,BN.CAB.XOKA.GD.ZS,1969,
BHS,BN.CAB.XOKA.GD.ZS,1968,
BHS,BN.CAB.XOKA.GD.ZS,1967,
BHS,BN.CAB.XOKA.GD.ZS,1966,
BHS,BN.CAB.XOKA.GD.ZS,1965,
BHS,BN.CAB.XOKA.GD.ZS,1964,
BHS,BN.CAB.XOKA.GD.ZS,1963,
BHS,BN.CAB.XOKA.GD.ZS,1962,
BHS,BN.CAB.XOKA.GD.ZS,1961,
BHS,BN.CAB.XOKA.GD.ZS,1960,
BHR,BN.CAB.XOKA.GD.ZS,2025,
BHR,BN.CAB.XOKA.GD.ZS,2024,4.84382883306724
BHR,BN.CAB.XOKA.GD.ZS,2023,5.84398348945117
BHR,BN.CAB.XOKA.GD.ZS,2022,14.7198235888135
BHR,BN.CAB.XOKA.GD.ZS,2021,6.37213530677418
BHR,BN.CAB.XOKA.GD.ZS,2020,-9.05383693445987
BHR,BN.CAB.XOKA.GD.ZS,2019,-1.9640978432404
BHR,BN.CAB.XOKA.GD.ZS,2018,-6.15289066217846
BHR,BN.CAB.XOKA.GD.ZS,2017,-4.30051876437292
BHR,BN.CAB.XOKA.GD.ZS,2016,-4.40558716045662
BHR,BN.CAB.XOKA.GD.ZS,2015,-2.31252912932775
BHR,BN.CAB.XOKA.GD.ZS,2014,4.38061668747352
BHR,BN.CAB.XOKA.GD.ZS,2013,7.12443578913414
BHR,BN.CAB.XOKA.GD.ZS,2012,8.06539982681225
BHR,BN.CAB.XOKA.GD.ZS,2011,10.8553403651519
BHR,BN.CAB.XOKA.GD.ZS,2010,2.87276100092279
BHR,BN.CAB.XOKA.GD.ZS,2009,2.44123386880183
BHR,BN.CAB.XOKA.GD.ZS,2008,8.77793644624144
BHR,BN.CAB.XOKA.GD.ZS,2007,13.3758607441786
BHR,BN.CAB.XOKA.GD.ZS,2006,11.8210087744717
BHR,BN.CAB.XOKA.GD.ZS,2005,9.23180920590181
BHR,BN.CAB.XOKA.GD.ZS,2004,3.5861057173287
BHR,BN.CAB.XOKA.GD.ZS,2003,1.80990381150794
BHR,BN.CAB.XOKA.GD.ZS,2002,-0.5173375765393
BHR,BN.CAB.XOKA.GD.ZS,2001,2.51701963066081
BHR,BN.CAB.XOKA.GD.ZS,2000,9.16025901142394
BHR,BN.CAB.XOKA.GD.ZS,1999,-0.489864567236579
BHR,BN.CAB.XOKA.GD.ZS,1998,-11.0564495394444
BHR,BN.CAB.XOKA.GD.ZS,1997,-0.430280546168262
BHR,BN.CAB.XOKA.GD.ZS,1996,3.75350666887633
BHR,BN.CAB.XOKA.GD.ZS,1995,3.56902463707079
BHR,BN.CAB.XOKA.GD.ZS,1994,-4.03727929015307
BHR,BN.CAB.XOKA.GD.ZS,1993,-5.73924658971001
BHR,BN.CAB.XOKA.GD.ZS,1992,-15.3010029246183
BHR,BN.CAB.XOKA.GD.ZS,1991,-11.481611231833
BHR,BN.CAB.XOKA.GD.ZS,1990,1.4488136317136
BHR,BN.CAB.XOKA.GD.ZS,1989,-4.3951963700182
BHR,BN.CAB.XOKA.GD.ZS,1988,4.56125511624913
BHR,BN.CAB.XOKA.GD.ZS,1987,-5.21995910209622
BHR,BN.CAB.XOKA.GD.ZS,1986,-1.98467309307339
BHR,BN.CAB.XOKA.GD.ZS,1985,0.93512202911427
BHR,BN.CAB.XOKA.GD.ZS,1984,4.91684826496612
BHR,BN.CAB.XOKA.GD.ZS,1983,2.41720834151213
BHR,BN.CAB.XOKA.GD.ZS,1982,10.2657487280386
BHR,BN.CAB.XOKA.GD.ZS,1981,10.8929583178355
BHR,BN.CAB.XOKA.GD.ZS,1980,5.27643823831837
BHR,BN.CAB.XOKA.GD.ZS,1979,-8.21855744120353
BHR,BN.CAB.XOKA.GD.ZS,1978,-17.0621593010365
BHR,BN.CAB.XOKA.GD.ZS,1977,-16.2902935599115
BHR,BN.CAB.XOKA.GD.ZS,1976,-22.7736566715177
BHR,BN.CAB.XOKA.GD.ZS,1975,-18.47263492924
BHR,BN.CAB.XOKA.GD.ZS,1974,
BHR,BN.CAB.XOKA.GD.ZS,1973,
BHR,BN.CAB.XOKA.GD.ZS,1972,
BHR,BN.CAB.XOKA.GD.ZS,1971,
BHR,BN.CAB.XOKA.GD.ZS,1970,
BHR,BN.CAB.XOKA.GD.ZS,1969,
BHR,BN.CAB.XOKA.GD.ZS,1968,
BHR,BN.CAB.XOKA.GD.ZS,1967,
BHR,BN.CAB.XOKA.GD.ZS,1966,
BHR,BN.CAB.XOKA.GD.ZS,1965,
BHR,BN.CAB.XOKA.GD.ZS,1964,
BHR,BN.CAB.XOKA.GD.ZS,1963,
BHR,BN.CAB.XOKA.GD.ZS,1962,
BHR,BN.CAB.XOKA.GD.ZS,1961,
BHR,BN.CAB.XOKA.GD.ZS,1960,
BGD,BN.CAB.XOKA.GD.ZS,2025,
BGD,BN.CAB.XOKA.GD.ZS,2024,0.318705013196905
BGD,BN.CAB.XOKA.GD.ZS,2023,1.00306769537462
BGD,BN.CAB.XOKA.GD.ZS,2022,-3.13772027380242
BGD,BN.CAB.XOKA.GD.ZS,2021,-3.78969259910934
BGD,BN.CAB.XOKA.GD.ZS,2020,0.31894044196432
BGD,BN.CAB.XOKA.GD.ZS,2019,-0.839485005371134
BGD,BN.CAB.XOKA.GD.ZS,2018,-2.20783912081882
BGD,BN.CAB.XOKA.GD.ZS,2017,-2.03756600416726
BGD,BN.CAB.XOKA.GD.ZS,2016,0.351171861174517
BGD,BN.CAB.XOKA.GD.ZS,2015,1.32188871858147
BGD,BN.CAB.XOKA.GD.ZS,2014,0.43715979764451
BGD,BN.CAB.XOKA.GD.ZS,2013,1.3723251518825
BGD,BN.CAB.XOKA.GD.ZS,2012,1.93195276968292
BGD,BN.CAB.XOKA.GD.ZS,2011,-0.125842241657654
BGD,BN.CAB.XOKA.GD.ZS,2010,1.82909794723497
BGD,BN.CAB.XOKA.GD.ZS,2009,3.47023264645131
BGD,BN.CAB.XOKA.GD.ZS,2008,1.01071124669571
BGD,BN.CAB.XOKA.GD.ZS,2007,1.07621521358966
BGD,BN.CAB.XOKA.GD.ZS,2006,1.66592495150091
BGD,BN.CAB.XOKA.GD.ZS,2005,-0.250074173604546
BGD,BN.CAB.XOKA.GD.ZS,2004,-0.428022753319864
BGD,BN.CAB.XOKA.GD.ZS,2003,0.218816448007947
BGD,BN.CAB.XOKA.GD.ZS,2002,1.35086830489484
BGD,BN.CAB.XOKA.GD.ZS,2001,-0.991687231894648
BGD,BN.CAB.XOKA.GD.ZS,2000,-0.573042663299639
BGD,BN.CAB.XOKA.GD.ZS,1999,-0.710651968609123
BGD,BN.CAB.XOKA.GD.ZS,1998,-0.0703537046583936
BGD,BN.CAB.XOKA.GD.ZS,1997,-0.59346471814869
BGD,BN.CAB.XOKA.GD.ZS,1996,-2.13490813503246
BGD,BN.CAB.XOKA.GD.ZS,1995,-2.171548898913
BGD,BN.CAB.XOKA.GD.ZS,1994,0.590988260289111
BGD,BN.CAB.XOKA.GD.ZS,1993,1.08321175697211
BGD,BN.CAB.XOKA.GD.ZS,1992,0.570158867838371
BGD,BN.CAB.XOKA.GD.ZS,1991,0.208651431216537
BGD,BN.CAB.XOKA.GD.ZS,1990,-1.25927364158709
BGD,BN.CAB.XOKA.GD.ZS,1989,-3.82036356521577
BGD,BN.CAB.XOKA.GD.ZS,1988,-1.02651168165971
BGD,BN.CAB.XOKA.GD.ZS,1987,-0.975865069282383
BGD,BN.CAB.XOKA.GD.ZS,1986,-2.87122454357183
BGD,BN.CAB.XOKA.GD.ZS,1985,-2.04311325466852
BGD,BN.CAB.XOKA.GD.ZS,1984,-2.52446691018841
BGD,BN.CAB.XOKA.GD.ZS,1983,-0.26009532576288
BGD,BN.CAB.XOKA.GD.ZS,1982,-2.70261503542757
BGD,BN.CAB.XOKA.GD.ZS,1981,-5.0204218554513
BGD,BN.CAB.XOKA.GD.ZS,1980,-3.8710788966539
BGD,BN.CAB.XOKA.GD.ZS,1979,-2.67224064450433
BGD,BN.CAB.XOKA.GD.ZS,1978,-2.89047855609156
BGD,BN.CAB.XOKA.GD.ZS,1977,-2.91113742780807
BGD,BN.CAB.XOKA.GD.ZS,1976,-2.73115105375931
BGD,BN.CAB.XOKA.GD.ZS,1975,
BGD,BN.CAB.XOKA.GD.ZS,1974,
BGD,BN.CAB.XOKA.GD.ZS,1973,
BGD,BN.CAB.XOKA.GD.ZS,1972,
BGD,BN.CAB.XOKA.GD.ZS,1971,
BGD,BN.CAB.XOKA.GD.ZS,1970,
BGD,BN.CAB.XOKA.GD.ZS,1969,
BGD,BN.CAB.XOKA.GD.ZS,1968,
BGD,BN.CAB.XOKA.GD.ZS,1967,
BGD,BN.CAB.XOKA.GD.ZS,1966,
BGD,BN.CAB.XOKA.GD.ZS,1965,
BGD,BN.CAB.XOKA.GD.ZS,1964,
BGD,BN.CAB.XOKA.GD.ZS,1963,
BGD,BN.CAB.XOKA.GD.ZS,1962,
BGD,BN.CAB.XOKA.GD.ZS,1961,
BGD,BN.CAB.XOKA.GD.ZS,1960,
BRB,BN.CAB.XOKA.GD.ZS,2025,
BRB,BN.CAB.XOKA.GD.ZS,2024,
BRB,BN.CAB.XOKA.GD.ZS,2023,
BRB,BN.CAB.XOKA.GD.ZS,2022,
BRB,BN.CAB.XOKA.GD.ZS,2021,
BRB,BN.CAB.XOKA.GD.ZS,2020,
BRB,BN.CAB.XOKA.GD.ZS,2019,
BRB,BN.CAB.XOKA.GD.ZS,2018,
BRB,BN.CAB.XOKA.GD.ZS,2017,-5.21534372598635
BRB,BN.CAB.XOKA.GD.ZS,2016,-7.97219725105764
BRB,BN.CAB.XOKA.GD.ZS,2015,-1.73271064609934
BRB,BN.CAB.XOKA.GD.ZS,2014,-11.4856517303176
BRB,BN.CAB.XOKA.GD.ZS,2013,-4.45520535550838
BRB,BN.CAB.XOKA.GD.ZS,2012,-7.78444983691588
BRB,BN.CAB.XOKA.GD.ZS,2011,-3.06566203714413
BRB,BN.CAB.XOKA.GD.ZS,2010,-4.80094802192857
BRB,BN.CAB.XOKA.GD.ZS,2009,-8.53071833117839
BRB,BN.CAB.XOKA.GD.ZS,2008,-9.01616589623384
BRB,BN.CAB.XOKA.GD.ZS,2007,-7.42918018711688
BRB,BN.CAB.XOKA.GD.ZS,2006,-10.4893661741424
BRB,BN.CAB.XOKA.GD.ZS,2005,-12.9792521453765
BRB,BN.CAB.XOKA.GD.ZS,2004,-12.6937325840461
BRB,BN.CAB.XOKA.GD.ZS,2003,-5.86397699078632
BRB,BN.CAB.XOKA.GD.ZS,2002,-4.66106017866377
BRB,BN.CAB.XOKA.GD.ZS,2001,-3.64191735837973
BRB,BN.CAB.XOKA.GD.ZS,2000,-3.33993473383023
BRB,BN.CAB.XOKA.GD.ZS,1999,-4.48134518357529
BRB,BN.CAB.XOKA.GD.ZS,1998,-3.76918641701839
BRB,BN.CAB.XOKA.GD.ZS,1997,-3.20811236581199
BRB,BN.CAB.XOKA.GD.ZS,1996,5.95962010341529
BRB,BN.CAB.XOKA.GD.ZS,1995,0.0422416324366867
BRB,BN.CAB.XOKA.GD.ZS,1994,6.232814693169
BRB,BN.CAB.XOKA.GD.ZS,1993,4.12217800577057
BRB,BN.CAB.XOKA.GD.ZS,1992,7.46893059258753
BRB,BN.CAB.XOKA.GD.ZS,1991,-0.964043429645234
BRB,BN.CAB.XOKA.GD.ZS,1990,-0.354355356419997
BRB,BN.CAB.XOKA.GD.ZS,1989,1.44605519225487
BRB,BN.CAB.XOKA.GD.ZS,1988,3.06423293681097
BRB,BN.CAB.XOKA.GD.ZS,1987,-0.44886049218889
BRB,BN.CAB.XOKA.GD.ZS,1986,2.60914725839359
BRB,BN.CAB.XOKA.GD.ZS,1985,-0.374449432098751
BRB,BN.CAB.XOKA.GD.ZS,1984,-2.43451568198597
BRB,BN.CAB.XOKA.GD.ZS,1983,-7.09104607602574
BRB,BN.CAB.XOKA.GD.ZS,1982,-6.85036236223836
BRB,BN.CAB.XOKA.GD.ZS,1981,-11.8506944801428
BRB,BN.CAB.XOKA.GD.ZS,1980,-6.03004731335953
BRB,BN.CAB.XOKA.GD.ZS,1979,-6.28381057145856
BRB,BN.CAB.XOKA.GD.ZS,1978,-4.27708617531062
BRB,BN.CAB.XOKA.GD.ZS,1977,-9.58699381448163
BRB,BN.CAB.XOKA.GD.ZS,1976,-16.0272226102425
BRB,BN.CAB.XOKA.GD.ZS,1975,-11.480033391045
BRB,BN.CAB.XOKA.GD.ZS,1974,-18.4939178922161
BRB,BN.CAB.XOKA.GD.ZS,1973,-19.3581646856221
BRB,BN.CAB.XOKA.GD.ZS,1972,-21.7473950633072
BRB,BN.CAB.XOKA.GD.ZS,1971,-22.7300364442581
BRB,BN.CAB.XOKA.GD.ZS,1970,-27.7973143453167
BRB,BN.CAB.XOKA.GD.ZS,1969,-27.9915491270509
BRB,BN.CAB.XOKA.GD.ZS,1968,-20.9859441998281
BRB,BN.CAB.XOKA.GD.ZS,1967,-14.5427533985499
BRB,BN.CAB.XOKA.GD.ZS,1966,
BRB,BN.CAB.XOKA.GD.ZS,1965,
BRB,BN.CAB.XOKA.GD.ZS,1964,
BRB,BN.CAB.XOKA.GD.ZS,1963,
BRB,BN.CAB.XOKA.GD.ZS,1962,
BRB,BN.CAB.XOKA.GD.ZS,1961,
BRB,BN.CAB.XOKA.GD.ZS,1960,
BLR,BN.CAB.XOKA.GD.ZS,2025,
BLR,BN.CAB.XOKA.GD.ZS,2024,-2.55993606852508
BLR,BN.CAB.XOKA.GD.ZS,2023,-1.40702772558194
BLR,BN.CAB.XOKA.GD.ZS,2022,3.56177663896649
BLR,BN.CAB.XOKA.GD.ZS,2021,3.0672484923844
BLR,BN.CAB.XOKA.GD.ZS,2020,-0.290687853658269
BLR,BN.CAB.XOKA.GD.ZS,2019,-1.93416658791779
BLR,BN.CAB.XOKA.GD.ZS,2018,0.0381469405173492
BLR,BN.CAB.XOKA.GD.ZS,2017,-1.74032515049902
BLR,BN.CAB.XOKA.GD.ZS,2016,-3.37736852773592
BLR,BN.CAB.XOKA.GD.ZS,2015,-3.24348147204402
BLR,BN.CAB.XOKA.GD.ZS,2014,-6.63303695478997
BLR,BN.CAB.XOKA.GD.ZS,2013,-10.0192566839897
BLR,BN.CAB.XOKA.GD.ZS,2012,-2.83500762120658
BLR,BN.CAB.XOKA.GD.ZS,2011,-8.18054584289411
BLR,BN.CAB.XOKA.GD.ZS,2010,-14.4678043936086
BLR,BN.CAB.XOKA.GD.ZS,2009,-12.0546848610717
BLR,BN.CAB.XOKA.GD.ZS,2008,-8.1620215300314
BLR,BN.CAB.XOKA.GD.ZS,2007,-6.6536778047307
BLR,BN.CAB.XOKA.GD.ZS,2006,-3.75494824327904
BLR,BN.CAB.XOKA.GD.ZS,2005,1.518035769229
BLR,BN.CAB.XOKA.GD.ZS,2004,-5.15047246548434
BLR,BN.CAB.XOKA.GD.ZS,2003,-2.55870194011727
BLR,BN.CAB.XOKA.GD.ZS,2002,-2.23160130536418
BLR,BN.CAB.XOKA.GD.ZS,2001,-4.28011087042602
BLR,BN.CAB.XOKA.GD.ZS,2000,-3.60449996573167
BLR,BN.CAB.XOKA.GD.ZS,1999,-1.59575083342586
BLR,BN.CAB.XOKA.GD.ZS,1998,-6.67782915883964
BLR,BN.CAB.XOKA.GD.ZS,1997,-6.08136433770411
BLR,BN.CAB.XOKA.GD.ZS,1996,-3.55782368148984
BLR,BN.CAB.XOKA.GD.ZS,1995,-3.279971291319
BLR,BN.CAB.XOKA.GD.ZS,1994,-2.97225278817512
BLR,BN.CAB.XOKA.GD.ZS,1993,-2.67279898477157
BLR,BN.CAB.XOKA.GD.ZS,1992,
BLR,BN.CAB.XOKA.GD.ZS,1991,
BLR,BN.CAB.XOKA.GD.ZS,1990,
BLR,BN.CAB.XOKA.GD.ZS,1989,
BLR,BN.CAB.XOKA.GD.ZS,1988,
BLR,BN.CAB.XOKA.GD.ZS,1987,
BLR,BN.CAB.XOKA.GD.ZS,1986,
BLR,BN.CAB.XOKA.GD.ZS,1985,
BLR,BN.CAB.XOKA.GD.ZS,1984,
BLR,BN.CAB.XOKA.GD.ZS,1983,
BLR,BN.CAB.XOKA.GD.ZS,1982,
BLR,BN.CAB.XOKA.GD.ZS,1981,
BLR,BN.CAB.XOKA.GD.ZS,1980,
BLR,BN.CAB.XOKA.GD.ZS,1979,
BLR,BN.CAB.XOKA.GD.ZS,1978,
BLR,BN.CAB.XOKA.GD.ZS,1977,
BLR,BN.CAB.XOKA.GD.ZS,1976,
BLR,BN.CAB.XOKA.GD.ZS,1975,
BLR,BN.CAB.XOKA.GD.ZS,1974,
BLR,BN.CAB.XOKA.GD.ZS,1973,
BLR,BN.CAB.XOKA.GD.ZS,1972,
BLR,BN.CAB.XOKA.GD.ZS,1971,
BLR,BN.CAB.XOKA.GD.ZS,1970,
BLR,BN.CAB.XOKA.GD.ZS,1969,
BLR,BN.CAB.XOKA.GD.ZS,1968,
BLR,BN.CAB.XOKA.GD.ZS,1967,
BLR,BN.CAB.XOKA.GD.ZS,1966,
BLR,BN.CAB.XOKA.GD.ZS,1965,
BLR,BN.CAB.XOKA.GD.ZS,1964,
BLR,BN.CAB.XOKA.GD.ZS,1963,
BLR,BN.CAB.XOKA.GD.ZS,1962,
BLR,BN.CAB.XOKA.GD.ZS,1961,
BLR,BN.CAB.XOKA.GD.ZS,1960,
BEL,BN.CAB.XOKA.GD.ZS,2025,
BEL,BN.CAB.XOKA.GD.ZS,2024,-0.378788145846837
BEL,BN.CAB.XOKA.GD.ZS,2023,0.18229339540671
BEL,BN.CAB.XOKA.GD.ZS,2022,-1.82151513615887
BEL,BN.CAB.XOKA.GD.ZS,2021,1.86830945601438
BEL,BN.CAB.XOKA.GD.ZS,2020,0.903941469932536
BEL,BN.CAB.XOKA.GD.ZS,2019,0.123098549898876
BEL,BN.CAB.XOKA.GD.ZS,2018,-0.874098516086552
BEL,BN.CAB.XOKA.GD.ZS,2017,0.702363722625535
BEL,BN.CAB.XOKA.GD.ZS,2016,0.558076934849911
BEL,BN.CAB.XOKA.GD.ZS,2015,1.38017908454948
BEL,BN.CAB.XOKA.GD.ZS,2014,0.75121941048865
BEL,BN.CAB.XOKA.GD.ZS,2013,0.969084734716924
BEL,BN.CAB.XOKA.GD.ZS,2012,-0.0829864949097406
BEL,BN.CAB.XOKA.GD.ZS,2011,-1.92887747556169
BEL,BN.CAB.XOKA.GD.ZS,2010,1.52379368667185
BEL,BN.CAB.XOKA.GD.ZS,2009,1.80970941708578
BEL,BN.CAB.XOKA.GD.ZS,2008,-0.831236474764241
BEL,BN.CAB.XOKA.GD.ZS,2007,1.49569237465597
BEL,BN.CAB.XOKA.GD.ZS,2006,1.8502893230147
BEL,BN.CAB.XOKA.GD.ZS,2005,1.99655304871952
BEL,BN.CAB.XOKA.GD.ZS,2004,3.09695508992497
BEL,BN.CAB.XOKA.GD.ZS,2003,3.39723910068487
BEL,BN.CAB.XOKA.GD.ZS,2002,4.49803373016796
BEL,BN.CAB.XOKA.GD.ZS,2001,
BEL,BN.CAB.XOKA.GD.ZS,2000,
BEL,BN.CAB.XOKA.GD.ZS,1999,
BEL,BN.CAB.XOKA.GD.ZS,1998,
BEL,BN.CAB.XOKA.GD.ZS,1997,
BEL,BN.CAB.XOKA.GD.ZS,1996,
BEL,BN.CAB.XOKA.GD.ZS,1995,
BEL,BN.CAB.XOKA.GD.ZS,1994,
BEL,BN.CAB.XOKA.GD.ZS,1993,
BEL,BN.CAB.XOKA.GD.ZS,1992,
BEL,BN.CAB.XOKA.GD.ZS,1991,
BEL,BN.CAB.XOKA.GD.ZS,1990,
BEL,BN.CAB.XOKA.GD.ZS,1989,
BEL,BN.CAB.XOKA.GD.ZS,1988,
BEL,BN.CAB.XOKA.GD.ZS,1987,
BEL,BN.CAB.XOKA.GD.ZS,1986,
BEL,BN.CAB.XOKA.GD.ZS,1985,
BEL,BN.CAB.XOKA.GD.ZS,1984,
BEL,BN.CAB.XOKA.GD.ZS,1983,
BEL,BN.CAB.XOKA.GD.ZS,1982,
BEL,BN.CAB.XOKA.GD.ZS,1981,
BEL,BN.CAB.XOKA.GD.ZS,1980,
BEL,BN.CAB.XOKA.GD.ZS,1979,
BEL,BN.CAB.XOKA.GD.ZS,1978,
BEL,BN.CAB.XOKA.GD.ZS,1977,
BEL,BN.CAB.XOKA.GD.ZS,1976,
BEL,BN.CAB.XOKA.GD.ZS,1975,
BEL,BN.CAB.XOKA.GD.ZS,1974,
BEL,BN.CAB.XOKA.GD.ZS,1973,
BEL,BN.CAB.XOKA.GD.ZS,1972,
BEL,BN.CAB.XOKA.GD.ZS,1971,
BEL,BN.CAB.XOKA.GD.ZS,1970,
BEL,BN.CAB.XOKA.GD.ZS,1969,
BEL,BN.CAB.XOKA.GD.ZS,1968,
BEL,BN.CAB.XOKA.GD.ZS,1967,
BEL,BN.CAB.XOKA.GD.ZS,1966,
BEL,BN.CAB.XOKA.GD.ZS,1965,
BEL,BN.CAB.XOKA.GD.ZS,1964,
BEL,BN.CAB.XOKA.GD.ZS,1963,
BEL,BN.CAB.XOKA.GD.ZS,1962,
BEL,BN.CAB.XOKA.GD.ZS,1961,
BEL,BN.CAB.XOKA.GD.ZS,1960,
BLZ,BN.CAB.XOKA.GD.ZS,2025,
BLZ,BN.CAB.XOKA.GD.ZS,2024,-1.61270028881818
BLZ,BN.CAB.XOKA.GD.ZS,2023,-0.647401889300038
BLZ,BN.CAB.XOKA.GD.ZS,2022,-8.2753170919124
BLZ,BN.CAB.XOKA.GD.ZS,2021,-6.5003688908631
BLZ,BN.CAB.XOKA.GD.ZS,2020,-6.24826598310846
BLZ,BN.CAB.XOKA.GD.ZS,2019,-7.7543527144913
BLZ,BN.CAB.XOKA.GD.ZS,2018,-6.59667558600347
BLZ,BN.CAB.XOKA.GD.ZS,2017,-6.97409797709737
BLZ,BN.CAB.XOKA.GD.ZS,2016,-7.29844356817201
BLZ,BN.CAB.XOKA.GD.ZS,2015,-7.9675315662087
BLZ,BN.CAB.XOKA.GD.ZS,2014,-6.35388372737354
BLZ,BN.CAB.XOKA.GD.ZS,2013,-3.56655574064554
BLZ,BN.CAB.XOKA.GD.ZS,2012,-1.72726539315554
BLZ,BN.CAB.XOKA.GD.ZS,2011,-1.0891636773691
BLZ,BN.CAB.XOKA.GD.ZS,2010,-2.61503524197613
BLZ,BN.CAB.XOKA.GD.ZS,2009,-4.90747054418946
BLZ,BN.CAB.XOKA.GD.ZS,2008,-8.33368485730916
BLZ,BN.CAB.XOKA.GD.ZS,2007,-3.05300014756492
BLZ,BN.CAB.XOKA.GD.ZS,2006,-1.59601197898102
BLZ,BN.CAB.XOKA.GD.ZS,2005,-10.2571610027522
BLZ,BN.CAB.XOKA.GD.ZS,2004,-11.0643857808538
BLZ,BN.CAB.XOKA.GD.ZS,2003,-14.0861625835692
BLZ,BN.CAB.XOKA.GD.ZS,2002,-13.2906443598953
BLZ,BN.CAB.XOKA.GD.ZS,2001,-16.2421438938367
BLZ,BN.CAB.XOKA.GD.ZS,2000,-14.1961321823555
BLZ,BN.CAB.XOKA.GD.ZS,1999,-7.28129885720707
BLZ,BN.CAB.XOKA.GD.ZS,1998,-6.4418161836807
BLZ,BN.CAB.XOKA.GD.ZS,1997,-3.65785461270875
BLZ,BN.CAB.XOKA.GD.ZS,1996,-0.781452952122277
BLZ,BN.CAB.XOKA.GD.ZS,1995,-2.10685382583044
BLZ,BN.CAB.XOKA.GD.ZS,1994,-5.1898196253618
BLZ,BN.CAB.XOKA.GD.ZS,1993,-6.44728055367916
BLZ,BN.CAB.XOKA.GD.ZS,1992,-4.11072422552554
BLZ,BN.CAB.XOKA.GD.ZS,1991,-4.32391050443779
BLZ,BN.CAB.XOKA.GD.ZS,1990,2.80749417239215
BLZ,BN.CAB.XOKA.GD.ZS,1989,-3.87904703726329
BLZ,BN.CAB.XOKA.GD.ZS,1988,-0.6169177838415
BLZ,BN.CAB.XOKA.GD.ZS,1987,2.53300997035839
BLZ,BN.CAB.XOKA.GD.ZS,1986,3.83627608346709
BLZ,BN.CAB.XOKA.GD.ZS,1985,3.15001740341107
BLZ,BN.CAB.XOKA.GD.ZS,1984,-1.82538315825728
BLZ,BN.CAB.XOKA.GD.ZS,1983,
BLZ,BN.CAB.XOKA.GD.ZS,1982,
BLZ,BN.CAB.XOKA.GD.ZS,1981,
BLZ,BN.CAB.XOKA.GD.ZS,1980,
BLZ,BN.CAB.XOKA.GD.ZS,1979,
BLZ,BN.CAB.XOKA.GD.ZS,1978,
BLZ,BN.CAB.XOKA.GD.ZS,1977,
BLZ,BN.CAB.XOKA.GD.ZS,1976,
BLZ,BN.CAB.XOKA.GD.ZS,1975,
BLZ,BN.CAB.XOKA.GD.ZS,1974,
BLZ,BN.CAB.XOKA.GD.ZS,1973,
BLZ,BN.CAB.XOKA.GD.ZS,1972,
BLZ,BN.CAB.XOKA.GD.ZS,1971,
BLZ,BN.CAB.XOKA.GD.ZS,1970,
BLZ,BN.CAB.XOKA.GD.ZS,1969,
BLZ,BN.CAB.XOKA.GD.ZS,1968,
BLZ,BN.CAB.XOKA.GD.ZS,1967,
BLZ,BN.CAB.XOKA.GD.ZS,1966,
BLZ,BN.CAB.XOKA.GD.ZS,1965,
BLZ,BN.CAB.XOKA.GD.ZS,1964,
BLZ,BN.CAB.XOKA.GD.ZS,1963,
BLZ,BN.CAB.XOKA.GD.ZS,1962,
BLZ,BN.CAB.XOKA.GD.ZS,1961,
BLZ,BN.CAB.XOKA.GD.ZS,1960,
BEN,BN.CAB.XOKA.GD.ZS,2025,
BEN,BN.CAB.XOKA.GD.ZS,2024,
BEN,BN.CAB.XOKA.GD.ZS,2023,-8.17628006592928
BEN,BN.CAB.XOKA.GD.ZS,2022,-5.68712530548323
BEN,BN.CAB.XOKA.GD.ZS,2021,-4.15352071063382
BEN,BN.CAB.XOKA.GD.ZS,2020,-1.74648575797682
BEN,BN.CAB.XOKA.GD.ZS,2019,-3.99948140400368
BEN,BN.CAB.XOKA.GD.ZS,2018,-4.5491953448839
BEN,BN.CAB.XOKA.GD.ZS,2017,-4.18078964014056
BEN,BN.CAB.XOKA.GD.ZS,2016,-2.99669454869691
BEN,BN.CAB.XOKA.GD.ZS,2015,-5.964093171322
BEN,BN.CAB.XOKA.GD.ZS,2014,-6.66790663182434
BEN,BN.CAB.XOKA.GD.ZS,2013,-5.37925541995638
BEN,BN.CAB.XOKA.GD.ZS,2012,-5.17832684259519
BEN,BN.CAB.XOKA.GD.ZS,2011,-4.83328627198861
BEN,BN.CAB.XOKA.GD.ZS,2010,-5.56723414629172
BEN,BN.CAB.XOKA.GD.ZS,2009,-6.69033181086781
BEN,BN.CAB.XOKA.GD.ZS,2008,-5.49862209196275
BEN,BN.CAB.XOKA.GD.ZS,2007,-6.54621938784527
BEN,BN.CAB.XOKA.GD.ZS,2006,-3.08778709107343
BEN,BN.CAB.XOKA.GD.ZS,2005,-3.44376642481128
BEN,BN.CAB.XOKA.GD.ZS,2004,-4.66878856732409
BEN,BN.CAB.XOKA.GD.ZS,2003,-6.20555050861218
BEN,BN.CAB.XOKA.GD.ZS,2002,-3.74152919965986
BEN,BN.CAB.XOKA.GD.ZS,2001,-2.04549532483075
BEN,BN.CAB.XOKA.GD.ZS,2000,-2.2949879315414
BEN,BN.CAB.XOKA.GD.ZS,1999,-4.2321738931756
BEN,BN.CAB.XOKA.GD.ZS,1998,-5.39739989943454
BEN,BN.CAB.XOKA.GD.ZS,1997,-6.78725035015034
BEN,BN.CAB.XOKA.GD.ZS,1996,-1.73457487701647
BEN,BN.CAB.XOKA.GD.ZS,1995,-7.69564346950043
BEN,BN.CAB.XOKA.GD.ZS,1994,0.660280507734444
BEN,BN.CAB.XOKA.GD.ZS,1993,-2.58299670414555
BEN,BN.CAB.XOKA.GD.ZS,1992,-4.28904687368758
BEN,BN.CAB.XOKA.GD.ZS,1991,-10.8930810294077
BEN,BN.CAB.XOKA.GD.ZS,1990,-0.925585932447156
BEN,BN.CAB.XOKA.GD.ZS,1989,-0.8934689932436
BEN,BN.CAB.XOKA.GD.ZS,1988,-6.51092410243577
BEN,BN.CAB.XOKA.GD.ZS,1987,-2.19467517811799
BEN,BN.CAB.XOKA.GD.ZS,1986,-3.95504630309012
BEN,BN.CAB.XOKA.GD.ZS,1985,-3.72498915262059
BEN,BN.CAB.XOKA.GD.ZS,1984,-5.4295665927609
BEN,BN.CAB.XOKA.GD.ZS,1983,-12.3059416482257
BEN,BN.CAB.XOKA.GD.ZS,1982,-29.7501201535723
BEN,BN.CAB.XOKA.GD.ZS,1981,-7.23139169626674
BEN,BN.CAB.XOKA.GD.ZS,1980,-2.54205714780004
BEN,BN.CAB.XOKA.GD.ZS,1979,-4.37113837101206
BEN,BN.CAB.XOKA.GD.ZS,1978,-9.7252385324635
BEN,BN.CAB.XOKA.GD.ZS,1977,-7.55459343244955
BEN,BN.CAB.XOKA.GD.ZS,1976,-9.28064239262679
BEN,BN.CAB.XOKA.GD.ZS,1975,-7.88628294719232
BEN,BN.CAB.XOKA.GD.ZS,1974,-5.27758581243235
BEN,BN.CAB.XOKA.GD.ZS,1973,
BEN,BN.CAB.XOKA.GD.ZS,1972,
BEN,BN.CAB.XOKA.GD.ZS,1971,
BEN,BN.CAB.XOKA.GD.ZS,1970,
BEN,BN.CAB.XOKA.GD.ZS,1969,
BEN,BN.CAB.XOKA.GD.ZS,1968,
BEN,BN.CAB.XOKA.GD.ZS,1967,
BEN,BN.CAB.XOKA.GD.ZS,1966,
BEN,BN.CAB.XOKA.GD.ZS,1965,
BEN,BN.CAB.XOKA.GD.ZS,1964,
BEN,BN.CAB.XOKA.GD.ZS,1963,
BEN,BN.CAB.XOKA.GD.ZS,1962,
BEN,BN.CAB.XOKA.GD.ZS,1961,
BEN,BN.CAB.XOKA.GD.ZS,1960,
BMU,BN.CAB.XOKA.GD.ZS,2025,
BMU,BN.CAB.XOKA.GD.ZS,2024,
BMU,BN.CAB.XOKA.GD.ZS,2023,15.3894080314537
BMU,BN.CAB.XOKA.GD.ZS,2022,14.4112672754604
BMU,BN.CAB.XOKA.GD.ZS,2021,13.1996284714516
BMU,BN.CAB.XOKA.GD.ZS,2020,12.3973356197448
BMU,BN.CAB.XOKA.GD.ZS,2019,11.2979726598327
BMU,BN.CAB.XOKA.GD.ZS,2018,12.3021020474022
BMU,BN.CAB.XOKA.GD.ZS,2017,13.1637987135115
BMU,BN.CAB.XOKA.GD.ZS,2016,12.2608303872275
BMU,BN.CAB.XOKA.GD.ZS,2015,14.1692141819505
BMU,BN.CAB.XOKA.GD.ZS,2014,12.7467918685619
BMU,BN.CAB.XOKA.GD.ZS,2013,13.0015680806387
BMU,BN.CAB.XOKA.GD.ZS,2012,14.5337206234213
BMU,BN.CAB.XOKA.GD.ZS,2011,13.7436914712344
BMU,BN.CAB.XOKA.GD.ZS,2010,10.4899591972884
BMU,BN.CAB.XOKA.GD.ZS,2009,8.73439268120007
BMU,BN.CAB.XOKA.GD.ZS,2008,12.990617442482
BMU,BN.CAB.XOKA.GD.ZS,2007,17.9705408140267
BMU,BN.CAB.XOKA.GD.ZS,2006,20.3839518229167
BMU,BN.CAB.XOKA.GD.ZS,2005,
BMU,BN.CAB.XOKA.GD.ZS,2004,
BMU,BN.CAB.XOKA.GD.ZS,2003,
BMU,BN.CAB.XOKA.GD.ZS,2002,
BMU,BN.CAB.XOKA.GD.ZS,2001,
BMU,BN.CAB.XOKA.GD.ZS,2000,
BMU,BN.CAB.XOKA.GD.ZS,1999,
BMU,BN.CAB.XOKA.GD.ZS,1998,
BMU,BN.CAB.XOKA.GD.ZS,1997,
BMU,BN.CAB.XOKA.GD.ZS,1996,
BMU,BN.CAB.XOKA.GD.ZS,1995,
BMU,BN.CAB.XOKA.GD.ZS,1994,
BMU,BN.CAB.XOKA.GD.ZS,1993,
BMU,BN.CAB.XOKA.GD.ZS,1992,
BMU,BN.CAB.XOKA.GD.ZS,1991,
BMU,BN.CAB.XOKA.GD.ZS,1990,
BMU,BN.CAB.XOKA.GD.ZS,1989,
BMU,BN.CAB.XOKA.GD.ZS,1988,
BMU,BN.CAB.XOKA.GD.ZS,1987,
BMU,BN.CAB.XOKA.GD.ZS,1986,
BMU,BN.CAB.XOKA.GD.ZS,1985,
BMU,BN.CAB.XOKA.GD.ZS,1984,
BMU,BN.CAB.XOKA.GD.ZS,1983,
BMU,BN.CAB.XOKA.GD.ZS,1982,
BMU,BN.CAB.XOKA.GD.ZS,1981,
BMU,BN.CAB.XOKA.GD.ZS,1980,
BMU,BN.CAB.XOKA.GD.ZS,1979,
BMU,BN.CAB.XOKA.GD.ZS,1978,
BMU,BN.CAB.XOKA.GD.ZS,1977,
BMU,BN.CAB.XOKA.GD.ZS,1976,
BMU,BN.CAB.XOKA.GD.ZS,1975,
BMU,BN.CAB.XOKA.GD.ZS,1974,
BMU,BN.CAB.XOKA.GD.ZS,1973,
BMU,BN.CAB.XOKA.GD.ZS,1972,
BMU,BN.CAB.XOKA.GD.ZS,1971,
BMU,BN.CAB.XOKA.GD.ZS,1970,
BMU,BN.CAB.XOKA.GD.ZS,1969,
BMU,BN.CAB.XOKA.GD.ZS,1968,
BMU,BN.CAB.XOKA.GD.ZS,1967,
BMU,BN.CAB.XOKA.GD.ZS,1966,
BMU,BN.CAB.XOKA.GD.ZS,1965,
BMU,BN.CAB.XOKA.GD.ZS,1964,
BMU,BN.CAB.XOKA.GD.ZS,1963,
BMU,BN.CAB.XOKA.GD.ZS,1962,
BMU,BN.CAB.XOKA.GD.ZS,1961,
BMU,BN.CAB.XOKA.GD.ZS,1960,
BTN,BN.CAB.XOKA.GD.ZS,2025,
BTN,BN.CAB.XOKA.GD.ZS,2024,-20.0133161489873
BTN,BN.CAB.XOKA.GD.ZS,2023,-31.9666353939439
BTN,BN.CAB.XOKA.GD.ZS,2022,-27.8005472490936
BTN,BN.CAB.XOKA.GD.ZS,2021,-11.5313120542653
BTN,BN.CAB.XOKA.GD.ZS,2020,-15.5091108691023
BTN,BN.CAB.XOKA.GD.ZS,2019,-18.3062679862316
BTN,BN.CAB.XOKA.GD.ZS,2018,-18.5091513975915
BTN,BN.CAB.XOKA.GD.ZS,2017,-20.854696561702
BTN,BN.CAB.XOKA.GD.ZS,2016,-26.4131091642844
BTN,BN.CAB.XOKA.GD.ZS,2015,-25.0627177353296
BTN,BN.CAB.XOKA.GD.ZS,2014,-23.4688052620107
BTN,BN.CAB.XOKA.GD.ZS,2013,-24.293493248344
BTN,BN.CAB.XOKA.GD.ZS,2012,-19.1060720878636
BTN,BN.CAB.XOKA.GD.ZS,2011,-26.6070202039628
BTN,BN.CAB.XOKA.GD.ZS,2010,-18.9069431459851
BTN,BN.CAB.XOKA.GD.ZS,2009,-4.95294069475195
BTN,BN.CAB.XOKA.GD.ZS,2008,-8.53782563873562
BTN,BN.CAB.XOKA.GD.ZS,2007,6.7638187377148
BTN,BN.CAB.XOKA.GD.ZS,2006,-4.01983346623616
BTN,BN.CAB.XOKA.GD.ZS,2005,
BTN,BN.CAB.XOKA.GD.ZS,2004,
BTN,BN.CAB.XOKA.GD.ZS,2003,
BTN,BN.CAB.XOKA.GD.ZS,2002,
BTN,BN.CAB.XOKA.GD.ZS,2001,
BTN,BN.CAB.XOKA.GD.ZS,2000,
BTN,BN.CAB.XOKA.GD.ZS,1999,
BTN,BN.CAB.XOKA.GD.ZS,1998,
BTN,BN.CAB.XOKA.GD.ZS,1997,
BTN,BN.CAB.XOKA.GD.ZS,1996,
BTN,BN.CAB.XOKA.GD.ZS,1995,
BTN,BN.CAB.XOKA.GD.ZS,1994,
BTN,BN.CAB.XOKA.GD.ZS,1993,
BTN,BN.CAB.XOKA.GD.ZS,1992,
BTN,BN.CAB.XOKA.GD.ZS,1991,
BTN,BN.CAB.XOKA.GD.ZS,1990,
BTN,BN.CAB.XOKA.GD.ZS,1989,
BTN,BN.CAB.XOKA.GD.ZS,1988,
BTN,BN.CAB.XOKA.GD.ZS,1987,
BTN,BN.CAB.XOKA.GD.ZS,1986,
BTN,BN.CAB.XOKA.GD.ZS,1985,
BTN,BN.CAB.XOKA.GD.ZS,1984,
BTN,BN.CAB.XOKA.GD.ZS,1983,
BTN,BN.CAB.XOKA.GD.ZS,1982,
BTN,BN.CAB.XOKA.GD.ZS,1981,
BTN,BN.CAB.XOKA.GD.ZS,1980,
BTN,BN.CAB.XOKA.GD.ZS,1979,
BTN,BN.CAB.XOKA.GD.ZS,1978,
BTN,BN.CAB.XOKA.GD.ZS,1977,
BTN,BN.CAB.XOKA.GD.ZS,1976,
BTN,BN.CAB.XOKA.GD.ZS,1975,
BTN,BN.CAB.XOKA.GD.ZS,1974,
BTN,BN.CAB.XOKA.GD.ZS,1973,
BTN,BN.CAB.XOKA.GD.ZS,1972,
BTN,BN.CAB.XOKA.GD.ZS,1971,
BTN,BN.CAB.XOKA.GD.ZS,1970,
BTN,BN.CAB.XOKA.GD.ZS,1969,
BTN,BN.CAB.XOKA.GD.ZS,1968,
BTN,BN.CAB.XOKA.GD.ZS,1967,
BTN,BN.CAB.XOKA.GD.ZS,1966,
BTN,BN.CAB.XOKA.GD.ZS,1965,
BTN,BN.CAB.XOKA.GD.ZS,1964,
BTN,BN.CAB.XOKA.GD.ZS,1963,
BTN,BN.CAB.XOKA.GD.ZS,1962,
BTN,BN.CAB.XOKA.GD.ZS,1961,
BTN,BN.CAB.XOKA.GD.ZS,1960,
BOL,BN.CAB.XOKA.GD.ZS,2025,
BOL,BN.CAB.XOKA.GD.ZS,2024,-2.56382553539757
BOL,BN.CAB.XOKA.GD.ZS,2023,-2.18712081104795
BOL,BN.CAB.XOKA.GD.ZS,2022,2.26510260577012
BOL,BN.CAB.XOKA.GD.ZS,2021,3.32421194395374
BOL,BN.CAB.XOKA.GD.ZS,2020,-0.0376136227262251
BOL,BN.CAB.XOKA.GD.ZS,2019,-2.78472958459749
BOL,BN.CAB.XOKA.GD.ZS,2018,-3.56297103526121
BOL,BN.CAB.XOKA.GD.ZS,2017,-4.13313217775545
BOL,BN.CAB.XOKA.GD.ZS,2016,-5.61927215929092
BOL,BN.CAB.XOKA.GD.ZS,2015,-5.86726594426454
BOL,BN.CAB.XOKA.GD.ZS,2014,1.71604883648801
BOL,BN.CAB.XOKA.GD.ZS,2013,3.4377206274777
BOL,BN.CAB.XOKA.GD.ZS,2012,7.2736779094105
BOL,BN.CAB.XOKA.GD.ZS,2011,2.24179461328449
BOL,BN.CAB.XOKA.GD.ZS,2010,4.44660536937585
BOL,BN.CAB.XOKA.GD.ZS,2009,4.6916976138782
BOL,BN.CAB.XOKA.GD.ZS,2008,11.9507379319002
BOL,BN.CAB.XOKA.GD.ZS,2007,12.1283006687241
BOL,BN.CAB.XOKA.GD.ZS,2006,11.5044547652471
BOL,BN.CAB.XOKA.GD.ZS,2005,6.5182863397886
BOL,BN.CAB.XOKA.GD.ZS,2004,3.84682632206803
BOL,BN.CAB.XOKA.GD.ZS,2003,0.935302518905602
BOL,BN.CAB.XOKA.GD.ZS,2002,-4.4517556407836
BOL,BN.CAB.XOKA.GD.ZS,2001,-3.36560781532762
BOL,BN.CAB.XOKA.GD.ZS,2000,-5.31504626126908
BOL,BN.CAB.XOKA.GD.ZS,1999,-5.890117136131
BOL,BN.CAB.XOKA.GD.ZS,1998,-7.83878104393264
BOL,BN.CAB.XOKA.GD.ZS,1997,-6.9835778359685
BOL,BN.CAB.XOKA.GD.ZS,1996,-5.133062205972
BOL,BN.CAB.XOKA.GD.ZS,1995,-4.50473141321793
BOL,BN.CAB.XOKA.GD.ZS,1994,-1.50805282011654
BOL,BN.CAB.XOKA.GD.ZS,1993,-8.81476005818446
BOL,BN.CAB.XOKA.GD.ZS,1992,-9.45982310670761
BOL,BN.CAB.XOKA.GD.ZS,1991,-4.91460043574974
BOL,BN.CAB.XOKA.GD.ZS,1990,-4.08621725498031
BOL,BN.CAB.XOKA.GD.ZS,1989,-5.72734353963638
BOL,BN.CAB.XOKA.GD.ZS,1988,-6.62074085448543
BOL,BN.CAB.XOKA.GD.ZS,1987,-9.94113018636157
BOL,BN.CAB.XOKA.GD.ZS,1986,-9.81625208725518
BOL,BN.CAB.XOKA.GD.ZS,1985,-5.30565979052021
BOL,BN.CAB.XOKA.GD.ZS,1984,-2.88207283341222
BOL,BN.CAB.XOKA.GD.ZS,1983,-2.59714019505593
BOL,BN.CAB.XOKA.GD.ZS,1982,-3.10370178558973
BOL,BN.CAB.XOKA.GD.ZS,1981,-7.93748795554243
BOL,BN.CAB.XOKA.GD.ZS,1980,-0.14104746582299
BOL,BN.CAB.XOKA.GD.ZS,1979,-8.97918560396111
BOL,BN.CAB.XOKA.GD.ZS,1978,-8.82066301428154
BOL,BN.CAB.XOKA.GD.ZS,1977,-3.65305430389743
BOL,BN.CAB.XOKA.GD.ZS,1976,-1.95828379095249
BOL,BN.CAB.XOKA.GD.ZS,1975,
BOL,BN.CAB.XOKA.GD.ZS,1974,
BOL,BN.CAB.XOKA.GD.ZS,1973,
BOL,BN.CAB.XOKA.GD.ZS,1972,
BOL,BN.CAB.XOKA.GD.ZS,1971,
BOL,BN.CAB.XOKA.GD.ZS,1970,
BOL,BN.CAB.XOKA.GD.ZS,1969,
BOL,BN.CAB.XOKA.GD.ZS,1968,
BOL,BN.CAB.XOKA.GD.ZS,1967,
BOL,BN.CAB.XOKA.GD.ZS,1966,
BOL,BN.CAB.XOKA.GD.ZS,1965,
BOL,BN.CAB.XOKA.GD.ZS,1964,
BOL,BN.CAB.XOKA.GD.ZS,1963,
BOL,BN.CAB.XOKA.GD.ZS,1962,
BOL,BN.CAB.XOKA.GD.ZS,1961,
BOL,BN.CAB.XOKA.GD.ZS,1960,
BIH,BN.CAB.XOKA.GD.ZS,2025,
BIH,BN.CAB.XOKA.GD.ZS,2024,-3.47047618167401
BIH,BN.CAB.XOKA.GD.ZS,2023,-2.13517331506525
BIH,BN.CAB.XOKA.GD.ZS,2022,-4.39073525599636
BIH,BN.CAB.XOKA.GD.ZS,2021,-1.47256667780381
BIH,BN.CAB.XOKA.GD.ZS,2020,-2.83951836354719
BIH,BN.CAB.XOKA.GD.ZS,2019,-2.59691879205515
BIH,BN.CAB.XOKA.GD.ZS,2018,-3.23062992301101
BIH,BN.CAB.XOKA.GD.ZS,2017,-4.77878216555827
BIH,BN.CAB.XOKA.GD.ZS,2016,-4.69867088432468
BIH,BN.CAB.XOKA.GD.ZS,2015,-5.03540535932255
BIH,BN.CAB.XOKA.GD.ZS,2014,-7.35085819638821
BIH,BN.CAB.XOKA.GD.ZS,2013,-5.32585810441448
BIH,BN.CAB.XOKA.GD.ZS,2012,-8.62595020271331
BIH,BN.CAB.XOKA.GD.ZS,2011,-9.47919944225313
BIH,BN.CAB.XOKA.GD.ZS,2010,-6.00046399403906
BIH,BN.CAB.XOKA.GD.ZS,2009,-6.44520702910113
BIH,BN.CAB.XOKA.GD.ZS,2008,-13.8327998426086
BIH,BN.CAB.XOKA.GD.ZS,2007,-9.1904275912974
BIH,BN.CAB.XOKA.GD.ZS,2006,-7.75838583374484
BIH,BN.CAB.XOKA.GD.ZS,2005,-16.4343905974533
BIH,BN.CAB.XOKA.GD.ZS,2004,-16.1406064974205
BIH,BN.CAB.XOKA.GD.ZS,2003,-19.1912783102526
BIH,BN.CAB.XOKA.GD.ZS,2002,-17.6964510993081
BIH,BN.CAB.XOKA.GD.ZS,2001,-12.8061436346752
BIH,BN.CAB.XOKA.GD.ZS,2000,-7.10679339873963
BIH,BN.CAB.XOKA.GD.ZS,1999,-10.6978182461914
BIH,BN.CAB.XOKA.GD.ZS,1998,-8.38303905254982
BIH,BN.CAB.XOKA.GD.ZS,1997,
BIH,BN.CAB.XOKA.GD.ZS,1996,
BIH,BN.CAB.XOKA.GD.ZS,1995,
BIH,BN.CAB.XOKA.GD.ZS,1994,
BIH,BN.CAB.XOKA.GD.ZS,1993,
BIH,BN.CAB.XOKA.GD.ZS,1992,
BIH,BN.CAB.XOKA.GD.ZS,1991,
BIH,BN.CAB.XOKA.GD.ZS,1990,
BIH,BN.CAB.XOKA.GD.ZS,1989,
BIH,BN.CAB.XOKA.GD.ZS,1988,
BIH,BN.CAB.XOKA.GD.ZS,1987,
BIH,BN.CAB.XOKA.GD.ZS,1986,
BIH,BN.CAB.XOKA.GD.ZS,1985,
BIH,BN.CAB.XOKA.GD.ZS,1984,
BIH,BN.CAB.XOKA.GD.ZS,1983,
BIH,BN.CAB.XOKA.GD.ZS,1982,
BIH,BN.CAB.XOKA.GD.ZS,1981,
BIH,BN.CAB.XOKA.GD.ZS,1980,
BIH,BN.CAB.XOKA.GD.ZS,1979,
BIH,BN.CAB.XOKA.GD.ZS,1978,
BIH,BN.CAB.XOKA.GD.ZS,1977,
BIH,BN.CAB.XOKA.GD.ZS,1976,
BIH,BN.CAB.XOKA.GD.ZS,1975,
BIH,BN.CAB.XOKA.GD.ZS,1974,
BIH,BN.CAB.XOKA.GD.ZS,1973,
BIH,BN.CAB.XOKA.GD.ZS,1972,
BIH,BN.CAB.XOKA.GD.ZS,1971,
BIH,BN.CAB.XOKA.GD.ZS,1970,
BIH,BN.CAB.XOKA.GD.ZS,1969,
BIH,BN.CAB.XOKA.GD.ZS,1968,
BIH,BN.CAB.XOKA.GD.ZS,1967,
BIH,BN.CAB.XOKA.GD.ZS,1966,
BIH,BN.CAB.XOKA.GD.ZS,1965,
BIH,BN.CAB.XOKA.GD.ZS,1964,
BIH,BN.CAB.XOKA.GD.ZS,1963,
BIH,BN.CAB.XOKA.GD.ZS,1962,
BIH,BN.CAB.XOKA.GD.ZS,1961,
BIH,BN.CAB.XOKA.GD.ZS,1960,
BWA,BN.CAB.XOKA.GD.ZS,2025,
BWA,BN.CAB.XOKA.GD.ZS,2024,-4.23221726436584
BWA,BN.CAB.XOKA.GD.ZS,2023,1.48807672938924
BWA,BN.CAB.XOKA.GD.ZS,2022,-0.59504452376584
BWA,BN.CAB.XOKA.GD.ZS,2021,-1.76490531071366
BWA,BN.CAB.XOKA.GD.ZS,2020,-9.8063111229932
BWA,BN.CAB.XOKA.GD.ZS,2019,-6.90505478190792
BWA,BN.CAB.XOKA.GD.ZS,2018,0.392946349031096
BWA,BN.CAB.XOKA.GD.ZS,2017,5.58580913830413
BWA,BN.CAB.XOKA.GD.ZS,2016,7.97299721999998
BWA,BN.CAB.XOKA.GD.ZS,2015,2.22618287554396
BWA,BN.CAB.XOKA.GD.ZS,2014,11.0750306448499
BWA,BN.CAB.XOKA.GD.ZS,2013,4.53073148351166
BWA,BN.CAB.XOKA.GD.ZS,2012,-5.90199267050561
BWA,BN.CAB.XOKA.GD.ZS,2011,-0.872984775002233
BWA,BN.CAB.XOKA.GD.ZS,2010,-5.88840225663454
BWA,BN.CAB.XOKA.GD.ZS,2009,-6.40593961472031
BWA,BN.CAB.XOKA.GD.ZS,2008,1.39345872319276
BWA,BN.CAB.XOKA.GD.ZS,2007,15.6550615013405
BWA,BN.CAB.XOKA.GD.ZS,2006,19.6647760227163
BWA,BN.CAB.XOKA.GD.ZS,2005,16.1057108456086
BWA,BN.CAB.XOKA.GD.ZS,2004,3.53678323332069
BWA,BN.CAB.XOKA.GD.ZS,2003,9.54244888755721
BWA,BN.CAB.XOKA.GD.ZS,2002,4.84207534572473
BWA,BN.CAB.XOKA.GD.ZS,2001,10.8425100137362
BWA,BN.CAB.XOKA.GD.ZS,2000,9.4180495224013
BWA,BN.CAB.XOKA.GD.ZS,1999,10.6386786775837
BWA,BN.CAB.XOKA.GD.ZS,1998,3.54255087927286
BWA,BN.CAB.XOKA.GD.ZS,1997,14.3703922976173
BWA,BN.CAB.XOKA.GD.ZS,1996,10.209974402478
BWA,BN.CAB.XOKA.GD.ZS,1995,6.33435588815425
BWA,BN.CAB.XOKA.GD.ZS,1994,5.20350418190949
BWA,BN.CAB.XOKA.GD.ZS,1993,10.2625863007121
BWA,BN.CAB.XOKA.GD.ZS,1992,4.7680014632083
BWA,BN.CAB.XOKA.GD.ZS,1991,7.68309256943557
BWA,BN.CAB.XOKA.GD.ZS,1990,-0.509050220366834
BWA,BN.CAB.XOKA.GD.ZS,1989,15.9506253587963
BWA,BN.CAB.XOKA.GD.ZS,1988,7.33281146780439
BWA,BN.CAB.XOKA.GD.ZS,1987,31.9806062963655
BWA,BN.CAB.XOKA.GD.ZS,1986,7.80312514452323
BWA,BN.CAB.XOKA.GD.ZS,1985,7.35048102663733
BWA,BN.CAB.XOKA.GD.ZS,1984,-4.73604049755576
BWA,BN.CAB.XOKA.GD.ZS,1983,-6.73484568369363
BWA,BN.CAB.XOKA.GD.ZS,1982,-14.2481244172332
BWA,BN.CAB.XOKA.GD.ZS,1981,-28.2804562133878
BWA,BN.CAB.XOKA.GD.ZS,1980,-14.238069268213
BWA,BN.CAB.XOKA.GD.ZS,1979,-7.39299914171605
BWA,BN.CAB.XOKA.GD.ZS,1978,-19.572553454455
BWA,BN.CAB.XOKA.GD.ZS,1977,-5.96975910951514
BWA,BN.CAB.XOKA.GD.ZS,1976,-5.47140649779134
BWA,BN.CAB.XOKA.GD.ZS,1975,-10.0133297738972
BWA,BN.CAB.XOKA.GD.ZS,1974,
BWA,BN.CAB.XOKA.GD.ZS,1973,
BWA,BN.CAB.XOKA.GD.ZS,1972,
BWA,BN.CAB.XOKA.GD.ZS,1971,
BWA,BN.CAB.XOKA.GD.ZS,1970,
BWA,BN.CAB.XOKA.GD.ZS,1969,
BWA,BN.CAB.XOKA.GD.ZS,1968,
BWA,BN.CAB.XOKA.GD.ZS,1967,
BWA,BN.CAB.XOKA.GD.ZS,1966,
BWA,BN.CAB.XOKA.GD.ZS,1965,
BWA,BN.CAB.XOKA.GD.ZS,1964,
BWA,BN.CAB.XOKA.GD.ZS,1963,
BWA,BN.CAB.XOKA.GD.ZS,1962,
BWA,BN.CAB.XOKA.GD.ZS,1961,
BWA,BN.CAB.XOKA.GD.ZS,1960,
BRA,BN.CAB.XOKA.GD.ZS,2025,
BRA,BN.CAB.XOKA.GD.ZS,2024,-3.02715961462093
BRA,BN.CAB.XOKA.GD.ZS,2023,-1.23558182662996
BRA,BN.CAB.XOKA.GD.ZS,2022,-2.14967710619443
BRA,BN.CAB.XOKA.GD.ZS,2021,-2.35822088025659
BRA,BN.CAB.XOKA.GD.ZS,2020,-1.64103535066212
BRA,BN.CAB.XOKA.GD.ZS,2019,-3.41429111497121
BRA,BN.CAB.XOKA.GD.ZS,2018,-2.80752036371842
BRA,BN.CAB.XOKA.GD.ZS,2017,-1.22429942889483
BRA,BN.CAB.XOKA.GD.ZS,2016,-1.70011360207642
BRA,BN.CAB.XOKA.GD.ZS,2015,-3.5183920728161
BRA,BN.CAB.XOKA.GD.ZS,2014,-4.49883030905232
BRA,BN.CAB.XOKA.GD.ZS,2013,-3.57422104702554
BRA,BN.CAB.XOKA.GD.ZS,2012,-3.75941536826245
BRA,BN.CAB.XOKA.GD.ZS,2011,-3.19461785178244
BRA,BN.CAB.XOKA.GD.ZS,2010,-3.92594539867631
BRA,BN.CAB.XOKA.GD.ZS,2009,-1.75935802585413
BRA,BN.CAB.XOKA.GD.ZS,2008,-2.09933746626458
BRA,BN.CAB.XOKA.GD.ZS,2007,-0.197096994827677
BRA,BN.CAB.XOKA.GD.ZS,2006,0.972710373980306
BRA,BN.CAB.XOKA.GD.ZS,2005,1.30988468509779
BRA,BN.CAB.XOKA.GD.ZS,2004,1.33863085372603
BRA,BN.CAB.XOKA.GD.ZS,2003,0.392877198829747
BRA,BN.CAB.XOKA.GD.ZS,2002,-1.84525902808169
BRA,BN.CAB.XOKA.GD.ZS,2001,-4.44478598177802
BRA,BN.CAB.XOKA.GD.ZS,2000,-4.04774157195875
BRA,BN.CAB.XOKA.GD.ZS,1999,-4.46660492637973
BRA,BN.CAB.XOKA.GD.ZS,1998,-4.05145702418442
BRA,BN.CAB.XOKA.GD.ZS,1997,-3.63826178042493
BRA,BN.CAB.XOKA.GD.ZS,1996,-2.73368737115542
BRA,BN.CAB.XOKA.GD.ZS,1995,-2.35736569352814
BRA,BN.CAB.XOKA.GD.ZS,1994,-0.219464439580805
BRA,BN.CAB.XOKA.GD.ZS,1993,0.0054304179361759
BRA,BN.CAB.XOKA.GD.ZS,1992,1.85533923420663
BRA,BN.CAB.XOKA.GD.ZS,1991,-0.423222688518064
BRA,BN.CAB.XOKA.GD.ZS,1990,-0.978435952386691
BRA,BN.CAB.XOKA.GD.ZS,1989,0.242620404807705
BRA,BN.CAB.XOKA.GD.ZS,1988,1.34986811010486
BRA,BN.CAB.XOKA.GD.ZS,1987,-0.512971181312458
BRA,BN.CAB.XOKA.GD.ZS,1986,-2.07071987979993
BRA,BN.CAB.XOKA.GD.ZS,1985,-0.132777032570129
BRA,BN.CAB.XOKA.GD.ZS,1984,0.017521506074345
BRA,BN.CAB.XOKA.GD.ZS,1983,-3.60335647458237
BRA,BN.CAB.XOKA.GD.ZS,1982,-6.01406236239061
BRA,BN.CAB.XOKA.GD.ZS,1981,-4.55942175163155
BRA,BN.CAB.XOKA.GD.ZS,1980,-5.40495023928538
BRA,BN.CAB.XOKA.GD.ZS,1979,-4.75110025614202
BRA,BN.CAB.XOKA.GD.ZS,1978,-3.49313325979003
BRA,BN.CAB.XOKA.GD.ZS,1977,-2.86315218930506
BRA,BN.CAB.XOKA.GD.ZS,1976,-4.25673743516852
BRA,BN.CAB.XOKA.GD.ZS,1975,-5.39304045242405
BRA,BN.CAB.XOKA.GD.ZS,1974,
BRA,BN.CAB.XOKA.GD.ZS,1973,
BRA,BN.CAB.XOKA.GD.ZS,1972,
BRA,BN.CAB.XOKA.GD.ZS,1971,
BRA,BN.CAB.XOKA.GD.ZS,1970,
BRA,BN.CAB.XOKA.GD.ZS,1969,
BRA,BN.CAB.XOKA.GD.ZS,1968,
BRA,BN.CAB.XOKA.GD.ZS,1967,
BRA,BN.CAB.XOKA.GD.ZS,1966,
BRA,BN.CAB.XOKA.GD.ZS,1965,
BRA,BN.CAB.XOKA.GD.ZS,1964,
BRA,BN.CAB.XOKA.GD.ZS,1963,
BRA,BN.CAB.XOKA.GD.ZS,1962,
BRA,BN.CAB.XOKA.GD.ZS,1961,
BRA,BN.CAB.XOKA.GD.ZS,1960,
VGB,BN.CAB.XOKA.GD.ZS,2025,
VGB,BN.CAB.XOKA.GD.ZS,2024,
VGB,BN.CAB.XOKA.GD.ZS,2023,
VGB,BN.CAB.XOKA.GD.ZS,2022,
VGB,BN.CAB.XOKA.GD.ZS,2021,
VGB,BN.CAB.XOKA.GD.ZS,2020,
VGB,BN.CAB.XOKA.GD.ZS,2019,
VGB,BN.CAB.XOKA.GD.ZS,2018,
VGB,BN.CAB.XOKA.GD.ZS,2017,
VGB,BN.CAB.XOKA.GD.ZS,2016,
VGB,BN.CAB.XOKA.GD.ZS,2015,
VGB,BN.CAB.XOKA.GD.ZS,2014,
VGB,BN.CAB.XOKA.GD.ZS,2013,
VGB,BN.CAB.XOKA.GD.ZS,2012,
VGB,BN.CAB.XOKA.GD.ZS,2011,
VGB,BN.CAB.XOKA.GD.ZS,2010,
VGB,BN.CAB.XOKA.GD.ZS,2009,
VGB,BN.CAB.XOKA.GD.ZS,2008,
VGB,BN.CAB.XOKA.GD.ZS,2007,
VGB,BN.CAB.XOKA.GD.ZS,2006,
VGB,BN.CAB.XOKA.GD.ZS,2005,
VGB,BN.CAB.XOKA.GD.ZS,2004,
VGB,BN.CAB.XOKA.GD.ZS,2003,
VGB,BN.CAB.XOKA.GD.ZS,2002,
VGB,BN.CAB.XOKA.GD.ZS,2001,
VGB,BN.CAB.XOKA.GD.ZS,2000,
VGB,BN.CAB.XOKA.GD.ZS,1999,
VGB,BN.CAB.XOKA.GD.ZS,1998,
VGB,BN.CAB.XOKA.GD.ZS,1997,
VGB,BN.CAB.XOKA.GD.ZS,1996,
VGB,BN.CAB.XOKA.GD.ZS,1995,
VGB,BN.CAB.XOKA.GD.ZS,1994,
VGB,BN.CAB.XOKA.GD.ZS,1993,
VGB,BN.CAB.XOKA.GD.ZS,1992,
VGB,BN.CAB.XOKA.GD.ZS,1991,
VGB,BN.CAB.XOKA.GD.ZS,1990,
VGB,BN.CAB.XOKA.GD.ZS,1989,
VGB,BN.CAB.XOKA.GD.ZS,1988,
VGB,BN.CAB.XOKA.GD.ZS,1987,
VGB,BN.CAB.XOKA.GD.ZS,1986,
VGB,BN.CAB.XOKA.GD.ZS,1985,
VGB,BN.CAB.XOKA.GD.ZS,1984,
VGB,BN.CAB.XOKA.GD.ZS,1983,
VGB,BN.CAB.XOKA.GD.ZS,1982,
VGB,BN.CAB.XOKA.GD.ZS,1981,
VGB,BN.CAB.XOKA.GD.ZS,1980,
VGB,BN.CAB.XOKA.GD.ZS,1979,
VGB,BN.CAB.XOKA.GD.ZS,1978,
VGB,BN.CAB.XOKA.GD.ZS,1977,
VGB,BN.CAB.XOKA.GD.ZS,1976,
VGB,BN.CAB.XOKA.GD.ZS,1975,
VGB,BN.CAB.XOKA.GD.ZS,1974,
VGB,BN.CAB.XOKA.GD.ZS,1973,
VGB,BN.CAB.XOKA.GD.ZS,1972,
VGB,BN.CAB.XOKA.GD.ZS,1971,
VGB,BN.CAB.XOKA.GD.ZS,1970,
VGB,BN.CAB.XOKA.GD.ZS,1969,
VGB,BN.CAB.XOKA.GD.ZS,1968,
VGB,BN.CAB.XOKA.GD.ZS,1967,
VGB,BN.CAB.XOKA.GD.ZS,1966,
VGB,BN.CAB.XOKA.GD.ZS,1965,
VGB,BN.CAB.XOKA.GD.ZS,1964,
VGB,BN.CAB.XOKA.GD.ZS,1963,
VGB,BN.CAB.XOKA.GD.ZS,1962,
VGB,BN.CAB.XOKA.GD.ZS,1961,
VGB,BN.CAB.XOKA.GD.ZS,1960,
BRN,BN.CAB.XOKA.GD.ZS,2025,
BRN,BN.CAB.XOKA.GD.ZS,2024,14.5341402117213
BRN,BN.CAB.XOKA.GD.ZS,2023,12.8759901714781
BRN,BN.CAB.XOKA.GD.ZS,2022,19.5161890419121
BRN,BN.CAB.XOKA.GD.ZS,2021,11.1384955049927
BRN,BN.CAB.XOKA.GD.ZS,2020,4.27887462216475
BRN,BN.CAB.XOKA.GD.ZS,2019,6.63555502727437
BRN,BN.CAB.XOKA.GD.ZS,2018,6.92823103770899
BRN,BN.CAB.XOKA.GD.ZS,2017,16.3622185514031
BRN,BN.CAB.XOKA.GD.ZS,2016,12.8939057404079
BRN,BN.CAB.XOKA.GD.ZS,2015,16.6790432850896
BRN,BN.CAB.XOKA.GD.ZS,2014,30.7091836519482
BRN,BN.CAB.XOKA.GD.ZS,2013,20.8809881761319
BRN,BN.CAB.XOKA.GD.ZS,2012,29.8383189683303
BRN,BN.CAB.XOKA.GD.ZS,2011,34.7106649623831
BRN,BN.CAB.XOKA.GD.ZS,2010,36.5956039521887
BRN,BN.CAB.XOKA.GD.ZS,2009,33.3871860728932
BRN,BN.CAB.XOKA.GD.ZS,2008,43.5683952508402
BRN,BN.CAB.XOKA.GD.ZS,2007,35.9467432469808
BRN,BN.CAB.XOKA.GD.ZS,2006,41.3567976989625
BRN,BN.CAB.XOKA.GD.ZS,2005,38.234125142664
BRN,BN.CAB.XOKA.GD.ZS,2004,33.4391704190771
BRN,BN.CAB.XOKA.GD.ZS,2003,34.6565048941565
BRN,BN.CAB.XOKA.GD.ZS,2002,27.7227259839213
BRN,BN.CAB.XOKA.GD.ZS,2001,32.008973233803
BRN,BN.CAB.XOKA.GD.ZS,2000,
BRN,BN.CAB.XOKA.GD.ZS,1999,
BRN,BN.CAB.XOKA.GD.ZS,1998,
BRN,BN.CAB.XOKA.GD.ZS,1997,
BRN,BN.CAB.XOKA.GD.ZS,1996,
BRN,BN.CAB.XOKA.GD.ZS,1995,
BRN,BN.CAB.XOKA.GD.ZS,1994,
BRN,BN.CAB.XOKA.GD.ZS,1993,
BRN,BN.CAB.XOKA.GD.ZS,1992,
BRN,BN.CAB.XOKA.GD.ZS,1991,
BRN,BN.CAB.XOKA.GD.ZS,1990,
BRN,BN.CAB.XOKA.GD.ZS,1989,
BRN,BN.CAB.XOKA.GD.ZS,1988,
BRN,BN.CAB.XOKA.GD.ZS,1987,
BRN,BN.CAB.XOKA.GD.ZS,1986,
BRN,BN.CAB.XOKA.GD.ZS,1985,
BRN,BN.CAB.XOKA.GD.ZS,1984,
BRN,BN.CAB.XOKA.GD.ZS,1983,
BRN,BN.CAB.XOKA.GD.ZS,1982,
BRN,BN.CAB.XOKA.GD.ZS,1981,
BRN,BN.CAB.XOKA.GD.ZS,1980,
BRN,BN.CAB.XOKA.GD.ZS,1979,
BRN,BN.CAB.XOKA.GD.ZS,1978,
BRN,BN.CAB.XOKA.GD.ZS,1977,
BRN,BN.CAB.XOKA.GD.ZS,1976,
BRN,BN.CAB.XOKA.GD.ZS,1975,
BRN,BN.CAB.XOKA.GD.ZS,1974,
BRN,BN.CAB.XOKA.GD.ZS,1973,
BRN,BN.CAB.XOKA.GD.ZS,1972,
BRN,BN.CAB.XOKA.GD.ZS,1971,
BRN,BN.CAB.XOKA.GD.ZS,1970,
BRN,BN.CAB.XOKA.GD.ZS,1969,
BRN,BN.CAB.XOKA.GD.ZS,1968,
BRN,BN.CAB.XOKA.GD.ZS,1967,
BRN,BN.CAB.XOKA.GD.ZS,1966,
BRN,BN.CAB.XOKA.GD.ZS,1965,
BRN,BN.CAB.XOKA.GD.ZS,1964,
BRN,BN.CAB.XOKA.GD.ZS,1963,
BRN,BN.CAB.XOKA.GD.ZS,1962,
BRN,BN.CAB.XOKA.GD.ZS,1961,
BRN,BN.CAB.XOKA.GD.ZS,1960,
BGR,BN.CAB.XOKA.GD.ZS,2025,
BGR,BN.CAB.XOKA.GD.ZS,2024,-1.53604063336497
BGR,BN.CAB.XOKA.GD.ZS,2023,-0.875603454034738
BGR,BN.CAB.XOKA.GD.ZS,2022,-2.6843478720356
BGR,BN.CAB.XOKA.GD.ZS,2021,-1.03411436990744
BGR,BN.CAB.XOKA.GD.ZS,2020,0.363188169076086
BGR,BN.CAB.XOKA.GD.ZS,2019,1.65792966363519
BGR,BN.CAB.XOKA.GD.ZS,2018,0.574532429686938
BGR,BN.CAB.XOKA.GD.ZS,2017,3.24645323045642
BGR,BN.CAB.XOKA.GD.ZS,2016,3.10225979122961
BGR,BN.CAB.XOKA.GD.ZS,2015,0.0183981701477746
BGR,BN.CAB.XOKA.GD.ZS,2014,2.19248481630297
BGR,BN.CAB.XOKA.GD.ZS,2013,1.21578102455384
BGR,BN.CAB.XOKA.GD.ZS,2012,-0.973570351440539
BGR,BN.CAB.XOKA.GD.ZS,2011,0.47240619236303
BGR,BN.CAB.XOKA.GD.ZS,2010,-1.9030145044976
BGR,BN.CAB.XOKA.GD.ZS,2009,-8.18150231666307
BGR,BN.CAB.XOKA.GD.ZS,2008,-21.7973306729886
BGR,BN.CAB.XOKA.GD.ZS,2007,-25.74090199742
BGR,BN.CAB.XOKA.GD.ZS,2006,-17.0539269972642
BGR,BN.CAB.XOKA.GD.ZS,2005,-11.2057222505032
BGR,BN.CAB.XOKA.GD.ZS,2004,-6.38864100782165
BGR,BN.CAB.XOKA.GD.ZS,2003,-4.83403725480626
BGR,BN.CAB.XOKA.GD.ZS,2002,-1.94499895270126
BGR,BN.CAB.XOKA.GD.ZS,2001,-5.6731506146362
BGR,BN.CAB.XOKA.GD.ZS,2000,-5.31244317187738
BGR,BN.CAB.XOKA.GD.ZS,1999,-4.78204293615307
BGR,BN.CAB.XOKA.GD.ZS,1998,-0.411896973671685
BGR,BN.CAB.XOKA.GD.ZS,1997,3.77249199928312
BGR,BN.CAB.XOKA.GD.ZS,1996,0.127694549820565
BGR,BN.CAB.XOKA.GD.ZS,1995,-0.135850360240092
BGR,BN.CAB.XOKA.GD.ZS,1994,-0.327523059360731
BGR,BN.CAB.XOKA.GD.ZS,1993,-10.1439569086651
BGR,BN.CAB.XOKA.GD.ZS,1992,-4.18347903386454
BGR,BN.CAB.XOKA.GD.ZS,1991,-1.00803036109064
BGR,BN.CAB.XOKA.GD.ZS,1990,-8.28805964230479
BGR,BN.CAB.XOKA.GD.ZS,1989,-3.49729150664996
BGR,BN.CAB.XOKA.GD.ZS,1988,-1.78223553987341
BGR,BN.CAB.XOKA.GD.ZS,1987,-2.56218639906053
BGR,BN.CAB.XOKA.GD.ZS,1986,-4.69646000732052
BGR,BN.CAB.XOKA.GD.ZS,1985,-0.792752329323553
BGR,BN.CAB.XOKA.GD.ZS,1984,3.04064614519954
BGR,BN.CAB.XOKA.GD.ZS,1983,0.217343180857701
BGR,BN.CAB.XOKA.GD.ZS,1982,0.91510702099059
BGR,BN.CAB.XOKA.GD.ZS,1981,0.613990941117262
BGR,BN.CAB.XOKA.GD.ZS,1980,4.80865418169129
BGR,BN.CAB.XOKA.GD.ZS,1979,
BGR,BN.CAB.XOKA.GD.ZS,1978,
BGR,BN.CAB.XOKA.GD.ZS,1977,
BGR,BN.CAB.XOKA.GD.ZS,1976,
BGR,BN.CAB.XOKA.GD.ZS,1975,
BGR,BN.CAB.XOKA.GD.ZS,1974,
BGR,BN.CAB.XOKA.GD.ZS,1973,
BGR,BN.CAB.XOKA.GD.ZS,1972,
BGR,BN.CAB.XOKA.GD.ZS,1971,
BGR,BN.CAB.XOKA.GD.ZS,1970,
BGR,BN.CAB.XOKA.GD.ZS,1969,
BGR,BN.CAB.XOKA.GD.ZS,1968,
BGR,BN.CAB.XOKA.GD.ZS,1967,
BGR,BN.CAB.XOKA.GD.ZS,1966,
BGR,BN.CAB.XOKA.GD.ZS,1965,
BGR,BN.CAB.XOKA.GD.ZS,1964,
BGR,BN.CAB.XOKA.GD.ZS,1963,
BGR,BN.CAB.XOKA.GD.ZS,1962,
BGR,BN.CAB.XOKA.GD.ZS,1961,
BGR,BN.CAB.XOKA.GD.ZS,1960,
BFA,BN.CAB.XOKA.GD.ZS,2025,
BFA,BN.CAB.XOKA.GD.ZS,2024,
BFA,BN.CAB.XOKA.GD.ZS,2023,-5.05747162530599
BFA,BN.CAB.XOKA.GD.ZS,2022,-7.5391211537643
BFA,BN.CAB.XOKA.GD.ZS,2021,0.392208859644244
BFA,BN.CAB.XOKA.GD.ZS,2020,4.1931251239965
BFA,BN.CAB.XOKA.GD.ZS,2019,-3.26728197882863
BFA,BN.CAB.XOKA.GD.ZS,2018,-4.18372491409563
BFA,BN.CAB.XOKA.GD.ZS,2017,-6.35349497520962
BFA,BN.CAB.XOKA.GD.ZS,2016,-6.0796386850131
BFA,BN.CAB.XOKA.GD.ZS,2015,-7.56751200933841
BFA,BN.CAB.XOKA.GD.ZS,2014,-7.16454946786701
BFA,BN.CAB.XOKA.GD.ZS,2013,-10.0082857458856
BFA,BN.CAB.XOKA.GD.ZS,2012,-1.29204165999457
BFA,BN.CAB.XOKA.GD.ZS,2011,-1.32772267157687
BFA,BN.CAB.XOKA.GD.ZS,2010,-1.79655604009114
BFA,BN.CAB.XOKA.GD.ZS,2009,-4.037460656968
BFA,BN.CAB.XOKA.GD.ZS,2008,-10.2315812376868
BFA,BN.CAB.XOKA.GD.ZS,2007,-7.3532133868453
BFA,BN.CAB.XOKA.GD.ZS,2006,-8.30763590093609
BFA,BN.CAB.XOKA.GD.ZS,2005,-10.324323038401
BFA,BN.CAB.XOKA.GD.ZS,2004,
BFA,BN.CAB.XOKA.GD.ZS,2003,
BFA,BN.CAB.XOKA.GD.ZS,2002,
BFA,BN.CAB.XOKA.GD.ZS,2001,
BFA,BN.CAB.XOKA.GD.ZS,2000,
BFA,BN.CAB.XOKA.GD.ZS,1999,
BFA,BN.CAB.XOKA.GD.ZS,1998,
BFA,BN.CAB.XOKA.GD.ZS,1997,
BFA,BN.CAB.XOKA.GD.ZS,1996,
BFA,BN.CAB.XOKA.GD.ZS,1995,
BFA,BN.CAB.XOKA.GD.ZS,1994,
BFA,BN.CAB.XOKA.GD.ZS,1993,
BFA,BN.CAB.XOKA.GD.ZS,1992,
BFA,BN.CAB.XOKA.GD.ZS,1991,
BFA,BN.CAB.XOKA.GD.ZS,1990,
BFA,BN.CAB.XOKA.GD.ZS,1989,
BFA,BN.CAB.XOKA.GD.ZS,1988,
BFA,BN.CAB.XOKA.GD.ZS,1987,
BFA,BN.CAB.XOKA.GD.ZS,1986,
BFA,BN.CAB.XOKA.GD.ZS,1985,
BFA,BN.CAB.XOKA.GD.ZS,1984,
BFA,BN.CAB.XOKA.GD.ZS,1983,
BFA,BN.CAB.XOKA.GD.ZS,1982,
BFA,BN.CAB.XOKA.GD.ZS,1981,
BFA,BN.CAB.XOKA.GD.ZS,1980,
BFA,BN.CAB.XOKA.GD.ZS,1979,
BFA,BN.CAB.XOKA.GD.ZS,1978,
BFA,BN.CAB.XOKA.GD.ZS,1977,
BFA,BN.CAB.XOKA.GD.ZS,1976,
BFA,BN.CAB.XOKA.GD.ZS,1975,
BFA,BN.CAB.XOKA.GD.ZS,1974,
BFA,BN.CAB.XOKA.GD.ZS,1973,
BFA,BN.CAB.XOKA.GD.ZS,1972,
BFA,BN.CAB.XOKA.GD.ZS,1971,
BFA,BN.CAB.XOKA.GD.ZS,1970,
BFA,BN.CAB.XOKA.GD.ZS,1969,
BFA,BN.CAB.XOKA.GD.ZS,1968,
BFA,BN.CAB.XOKA.GD.ZS,1967,
BFA,BN.CAB.XOKA.GD.ZS,1966,
BFA,BN.CAB.XOKA.GD.ZS,1965,
BFA,BN.CAB.XOKA.GD.ZS,1964,
BFA,BN.CAB.XOKA.GD.ZS,1963,
BFA,BN.CAB.XOKA.GD.ZS,1962,
BFA,BN.CAB.XOKA.GD.ZS,1961,
BFA,BN.CAB.XOKA.GD.ZS,1960,
BDI,BN.CAB.XOKA.GD.ZS,2025,
BDI,BN.CAB.XOKA.GD.ZS,2024,-15.409441689843
BDI,BN.CAB.XOKA.GD.ZS,2023,-18.2997760558087
BDI,BN.CAB.XOKA.GD.ZS,2022,-15.2421619423092
BDI,BN.CAB.XOKA.GD.ZS,2021,-11.3317044716325
BDI,BN.CAB.XOKA.GD.ZS,2020,-10.7286410024439
BDI,BN.CAB.XOKA.GD.ZS,2019,-13.689181364132
BDI,BN.CAB.XOKA.GD.ZS,2018,-13.366968151704
BDI,BN.CAB.XOKA.GD.ZS,2017,-13.1912710345622
BDI,BN.CAB.XOKA.GD.ZS,2016,-12.518429325456
BDI,BN.CAB.XOKA.GD.ZS,2015,-12.7716902710485
BDI,BN.CAB.XOKA.GD.ZS,2014,-15.847519265777
BDI,BN.CAB.XOKA.GD.ZS,2013,-10.5411437462372
BDI,BN.CAB.XOKA.GD.ZS,2012,-11.2209754829117
BDI,BN.CAB.XOKA.GD.ZS,2011,-12.6836763902514
BDI,BN.CAB.XOKA.GD.ZS,2010,-14.8111210984709
BDI,BN.CAB.XOKA.GD.ZS,2009,-9.07806464648816
BDI,BN.CAB.XOKA.GD.ZS,2008,-16.090734369062
BDI,BN.CAB.XOKA.GD.ZS,2007,-8.20727615108639
BDI,BN.CAB.XOKA.GD.ZS,2006,-10.4870448125811
BDI,BN.CAB.XOKA.GD.ZS,2005,-0.510079090142335
BDI,BN.CAB.XOKA.GD.ZS,2004,-3.53655815425186
BDI,BN.CAB.XOKA.GD.ZS,2003,-3.04630146043227
BDI,BN.CAB.XOKA.GD.ZS,2002,-0.397990063033963
BDI,BN.CAB.XOKA.GD.ZS,2001,-4.1872020116794
BDI,BN.CAB.XOKA.GD.ZS,2000,-5.76258887448881
BDI,BN.CAB.XOKA.GD.ZS,1999,-2.61184612113877
BDI,BN.CAB.XOKA.GD.ZS,1998,-5.44160419385012
BDI,BN.CAB.XOKA.GD.ZS,1997,0.630045184343134
BDI,BN.CAB.XOKA.GD.ZS,1996,-4.60400356055958
BDI,BN.CAB.XOKA.GD.ZS,1995,1.04416596056391
BDI,BN.CAB.XOKA.GD.ZS,1994,-1.82525676729153
BDI,BN.CAB.XOKA.GD.ZS,1993,-2.99542008499923
BDI,BN.CAB.XOKA.GD.ZS,1992,-5.50382096415843
BDI,BN.CAB.XOKA.GD.ZS,1991,-2.85038738673383
BDI,BN.CAB.XOKA.GD.ZS,1990,-6.13410034398202
BDI,BN.CAB.XOKA.GD.ZS,1989,-1.03144329893231
BDI,BN.CAB.XOKA.GD.ZS,1988,-6.47258561238188
BDI,BN.CAB.XOKA.GD.ZS,1987,-8.41652238216762
BDI,BN.CAB.XOKA.GD.ZS,1986,-3.00942472812131
BDI,BN.CAB.XOKA.GD.ZS,1985,-3.59026812582894
BDI,BN.CAB.XOKA.GD.ZS,1984,
BDI,BN.CAB.XOKA.GD.ZS,1983,
BDI,BN.CAB.XOKA.GD.ZS,1982,
BDI,BN.CAB.XOKA.GD.ZS,1981,
BDI,BN.CAB.XOKA.GD.ZS,1980,
BDI,BN.CAB.XOKA.GD.ZS,1979,
BDI,BN.CAB.XOKA.GD.ZS,1978,
BDI,BN.CAB.XOKA.GD.ZS,1977,
BDI,BN.CAB.XOKA.GD.ZS,1976,
BDI,BN.CAB.XOKA.GD.ZS,1975,
BDI,BN.CAB.XOKA.GD.ZS,1974,
BDI,BN.CAB.XOKA.GD.ZS,1973,
BDI,BN.CAB.XOKA.GD.ZS,1972,
BDI,BN.CAB.XOKA.GD.ZS,1971,
BDI,BN.CAB.XOKA.GD.ZS,1970,
BDI,BN.CAB.XOKA.GD.ZS,1969,
BDI,BN.CAB.XOKA.GD.ZS,1968,
BDI,BN.CAB.XOKA.GD.ZS,1967,
BDI,BN.CAB.XOKA.GD.ZS,1966,
BDI,BN.CAB.XOKA.GD.ZS,1965,
BDI,BN.CAB.XOKA.GD.ZS,1964,
BDI,BN.CAB.XOKA.GD.ZS,1963,
BDI,BN.CAB.XOKA.GD.ZS,1962,
BDI,BN.CAB.XOKA.GD.ZS,1961,
BDI,BN.CAB.XOKA.GD.ZS,1960,
CPV,BN.CAB.XOKA.GD.ZS,2025,
CPV,BN.CAB.XOKA.GD.ZS,2024,3.91106551531505
CPV,BN.CAB.XOKA.GD.ZS,2023,-2.76950697327033
CPV,BN.CAB.XOKA.GD.ZS,2022,-3.48336678220335
CPV,BN.CAB.XOKA.GD.ZS,2021,-12.2149776787505
CPV,BN.CAB.XOKA.GD.ZS,2020,-15.6834304999368
CPV,BN.CAB.XOKA.GD.ZS,2019,-0.968698566651976
CPV,BN.CAB.XOKA.GD.ZS,2018,-4.40170436068748
CPV,BN.CAB.XOKA.GD.ZS,2017,-6.99311648831081
CPV,BN.CAB.XOKA.GD.ZS,2016,-3.4671600025876
CPV,BN.CAB.XOKA.GD.ZS,2015,-2.89127851947954
CPV,BN.CAB.XOKA.GD.ZS,2014,-8.2745528647665
CPV,BN.CAB.XOKA.GD.ZS,2013,-5.2914571085641
CPV,BN.CAB.XOKA.GD.ZS,2012,-12.7312450215892
CPV,BN.CAB.XOKA.GD.ZS,2011,-14.8785945210366
CPV,BN.CAB.XOKA.GD.ZS,2010,-12.2081961374489
CPV,BN.CAB.XOKA.GD.ZS,2009,-13.2225925658414
CPV,BN.CAB.XOKA.GD.ZS,2008,-10.4743154022798
CPV,BN.CAB.XOKA.GD.ZS,2007,-12.0126265488265
CPV,BN.CAB.XOKA.GD.ZS,2006,-7.46948939503442
CPV,BN.CAB.XOKA.GD.ZS,2005,-4.18205952542758
CPV,BN.CAB.XOKA.GD.ZS,2004,-14.0635896425988
CPV,BN.CAB.XOKA.GD.ZS,2003,-11.1255219641803
CPV,BN.CAB.XOKA.GD.ZS,2002,-11.5146928529663
CPV,BN.CAB.XOKA.GD.ZS,2001,-9.89947075706641
CPV,BN.CAB.XOKA.GD.ZS,2000,-11.1544820568204
CPV,BN.CAB.XOKA.GD.ZS,1999,-12.6199897709133
CPV,BN.CAB.XOKA.GD.ZS,1998,-11.2111308194649
CPV,BN.CAB.XOKA.GD.ZS,1997,-6.05813023559705
CPV,BN.CAB.XOKA.GD.ZS,1996,-6.98064533689196
CPV,BN.CAB.XOKA.GD.ZS,1995,-12.6500359682207
CPV,BN.CAB.XOKA.GD.ZS,1994,-11.247287301649
CPV,BN.CAB.XOKA.GD.ZS,1993,-4.87949553365865
CPV,BN.CAB.XOKA.GD.ZS,1992,-3.40094791515281
CPV,BN.CAB.XOKA.GD.ZS,1991,-2.17717441897877
CPV,BN.CAB.XOKA.GD.ZS,1990,-1.24948915241014
CPV,BN.CAB.XOKA.GD.ZS,1989,-4.79881997611759
CPV,BN.CAB.XOKA.GD.ZS,1988,-0.185373530735616
CPV,BN.CAB.XOKA.GD.ZS,1987,-1.09327829671743
CPV,BN.CAB.XOKA.GD.ZS,1986,0.90643010766845
CPV,BN.CAB.XOKA.GD.ZS,1985,-6.48877026735916
CPV,BN.CAB.XOKA.GD.ZS,1984,-4.85922050376482
CPV,BN.CAB.XOKA.GD.ZS,1983,-9.63958096745987
CPV,BN.CAB.XOKA.GD.ZS,1982,-10.551571446976
CPV,BN.CAB.XOKA.GD.ZS,1981,-15.4976369560605
CPV,BN.CAB.XOKA.GD.ZS,1980,3.03775108158092
CPV,BN.CAB.XOKA.GD.ZS,1979,
CPV,BN.CAB.XOKA.GD.ZS,1978,
CPV,BN.CAB.XOKA.GD.ZS,1977,
CPV,BN.CAB.XOKA.GD.ZS,1976,
CPV,BN.CAB.XOKA.GD.ZS,1975,
CPV,BN.CAB.XOKA.GD.ZS,1974,
CPV,BN.CAB.XOKA.GD.ZS,1973,
CPV,BN.CAB.XOKA.GD.ZS,1972,
CPV,BN.CAB.XOKA.GD.ZS,1971,
CPV,BN.CAB.XOKA.GD.ZS,1970,
CPV,BN.CAB.XOKA.GD.ZS,1969,
CPV,BN.CAB.XOKA.GD.ZS,1968,
CPV,BN.CAB.XOKA.GD.ZS,1967,
CPV,BN.CAB.XOKA.GD.ZS,1966,
CPV,BN.CAB.XOKA.GD.ZS,1965,
CPV,BN.CAB.XOKA.GD.ZS,1964,
CPV,BN.CAB.XOKA.GD.ZS,1963,
CPV,BN.CAB.XOKA.GD.ZS,1962,
CPV,BN.CAB.XOKA.GD.ZS,1961,
CPV,BN.CAB.XOKA.GD.ZS,1960,
KHM,BN.CAB.XOKA.GD.ZS,2025,
KHM,BN.CAB.XOKA.GD.ZS,2024,0.492098922813656
KHM,BN.CAB.XOKA.GD.ZS,2023,1.30468362030439
KHM,BN.CAB.XOKA.GD.ZS,2022,-18.9575920517337
KHM,BN.CAB.XOKA.GD.ZS,2021,-29.6082488651911
KHM,BN.CAB.XOKA.GD.ZS,2020,-1.00006150750614
KHM,BN.CAB.XOKA.GD.ZS,2019,-7.99991923360397
KHM,BN.CAB.XOKA.GD.ZS,2018,-8.7358230451204
KHM,BN.CAB.XOKA.GD.ZS,2017,-6.1566420507123
KHM,BN.CAB.XOKA.GD.ZS,2016,-6.52773923371676
KHM,BN.CAB.XOKA.GD.ZS,2015,-6.61221348694338
KHM,BN.CAB.XOKA.GD.ZS,2014,-6.55176399019618
KHM,BN.CAB.XOKA.GD.ZS,2013,-6.54160754946616
KHM,BN.CAB.XOKA.GD.ZS,2012,-6.80261456302101
KHM,BN.CAB.XOKA.GD.ZS,2011,-6.3986617266464
KHM,BN.CAB.XOKA.GD.ZS,2010,-7.10406918806883
KHM,BN.CAB.XOKA.GD.ZS,2009,-5.92994303077878
KHM,BN.CAB.XOKA.GD.ZS,2008,-6.73529622284658
KHM,BN.CAB.XOKA.GD.ZS,2007,-4.17983206597175
KHM,BN.CAB.XOKA.GD.ZS,2006,-2.80064293867027
KHM,BN.CAB.XOKA.GD.ZS,2005,-4.34447481248578
KHM,BN.CAB.XOKA.GD.ZS,2004,-3.10902285879404
KHM,BN.CAB.XOKA.GD.ZS,2003,-4.6255631414654
KHM,BN.CAB.XOKA.GD.ZS,2002,-2.38394601973682
KHM,BN.CAB.XOKA.GD.ZS,2001,-2.11975415828821
KHM,BN.CAB.XOKA.GD.ZS,2000,-3.68398765175244
KHM,BN.CAB.XOKA.GD.ZS,1999,-5.33253322476225
KHM,BN.CAB.XOKA.GD.ZS,1998,-5.56266216908926
KHM,BN.CAB.XOKA.GD.ZS,1997,-6.09569564582159
KHM,BN.CAB.XOKA.GD.ZS,1996,-5.27277000305394
KHM,BN.CAB.XOKA.GD.ZS,1995,-5.39636443070654
KHM,BN.CAB.XOKA.GD.ZS,1994,-5.61001723936974
KHM,BN.CAB.XOKA.GD.ZS,1993,-4.10154589334762
KHM,BN.CAB.XOKA.GD.ZS,1992,-3.73271123420457
KHM,BN.CAB.XOKA.GD.ZS,1991,
KHM,BN.CAB.XOKA.GD.ZS,1990,
KHM,BN.CAB.XOKA.GD.ZS,1989,
KHM,BN.CAB.XOKA.GD.ZS,1988,
KHM,BN.CAB.XOKA.GD.ZS,1987,
KHM,BN.CAB.XOKA.GD.ZS,1986,
KHM,BN.CAB.XOKA.GD.ZS,1985,
KHM,BN.CAB.XOKA.GD.ZS,1984,
KHM,BN.CAB.XOKA.GD.ZS,1983,
KHM,BN.CAB.XOKA.GD.ZS,1982,
KHM,BN.CAB.XOKA.GD.ZS,1981,
KHM,BN.CAB.XOKA.GD.ZS,1980,
KHM,BN.CAB.XOKA.GD.ZS,1979,
KHM,BN.CAB.XOKA.GD.ZS,1978,
KHM,BN.CAB.XOKA.GD.ZS,1977,
KHM,BN.CAB.XOKA.GD.ZS,1976,
KHM,BN.CAB.XOKA.GD.ZS,1975,
KHM,BN.CAB.XOKA.GD.ZS,1974,
KHM,BN.CAB.XOKA.GD.ZS,1973,
KHM,BN.CAB.XOKA.GD.ZS,1972,
KHM,BN.CAB.XOKA.GD.ZS,1971,
KHM,BN.CAB.XOKA.GD.ZS,1970,
KHM,BN.CAB.XOKA.GD.ZS,1969,
KHM,BN.CAB.XOKA.GD.ZS,1968,
KHM,BN.CAB.XOKA.GD.ZS,1967,
KHM,BN.CAB.XOKA.GD.ZS,1966,
KHM,BN.CAB.XOKA.GD.ZS,1965,
KHM,BN.CAB.XOKA.GD.ZS,1964,
KHM,BN.CAB.XOKA.GD.ZS,1963,
KHM,BN.CAB.XOKA.GD.ZS,1962,
KHM,BN.CAB.XOKA.GD.ZS,1961,
KHM,BN.CAB.XOKA.GD.ZS,1960,
CMR,BN.CAB.XOKA.GD.ZS,2025,
CMR,BN.CAB.XOKA.GD.ZS,2024,
CMR,BN.CAB.XOKA.GD.ZS,2023,-4.13580101370032
CMR,BN.CAB.XOKA.GD.ZS,2022,-3.39397488391441
CMR,BN.CAB.XOKA.GD.ZS,2021,-3.98670897608131
CMR,BN.CAB.XOKA.GD.ZS,2020,-3.70931267651988
CMR,BN.CAB.XOKA.GD.ZS,2019,-4.27316997253141
CMR,BN.CAB.XOKA.GD.ZS,2018,-3.52725517847681
CMR,BN.CAB.XOKA.GD.ZS,2017,-2.63102845264373
CMR,BN.CAB.XOKA.GD.ZS,2016,-3.06806029650276
CMR,BN.CAB.XOKA.GD.ZS,2015,-3.64384590025673
CMR,BN.CAB.XOKA.GD.ZS,2014,-3.8530031990371
CMR,BN.CAB.XOKA.GD.ZS,2013,-3.34459990547818
CMR,BN.CAB.XOKA.GD.ZS,2012,-3.17006037197893
CMR,BN.CAB.XOKA.GD.ZS,2011,-2.44588511307823
CMR,BN.CAB.XOKA.GD.ZS,2010,-3.11602303510796
CMR,BN.CAB.XOKA.GD.ZS,2009,-4.02097111334697
CMR,BN.CAB.XOKA.GD.ZS,2008,-1.62929165447174
CMR,BN.CAB.XOKA.GD.ZS,2007,1.19555212022133
CMR,BN.CAB.XOKA.GD.ZS,2006,0.925460105397848
CMR,BN.CAB.XOKA.GD.ZS,2005,-2.54005821725892
CMR,BN.CAB.XOKA.GD.ZS,2004,-2.21065060210036
CMR,BN.CAB.XOKA.GD.ZS,2003,-3.74372948027079
CMR,BN.CAB.XOKA.GD.ZS,2002,-3.53790565581225
CMR,BN.CAB.XOKA.GD.ZS,2001,-3.17394469214094
CMR,BN.CAB.XOKA.GD.ZS,2000,-2.06689776396929
CMR,BN.CAB.XOKA.GD.ZS,1999,-4.40566906646215
CMR,BN.CAB.XOKA.GD.ZS,1998,-1.33456243682873
CMR,BN.CAB.XOKA.GD.ZS,1997,-5.39597096870369
CMR,BN.CAB.XOKA.GD.ZS,1996,-2.58405802001495
CMR,BN.CAB.XOKA.GD.ZS,1995,0.827012560749537
CMR,BN.CAB.XOKA.GD.ZS,1994,-0.629820264292087
CMR,BN.CAB.XOKA.GD.ZS,1993,-3.16558988216275
CMR,BN.CAB.XOKA.GD.ZS,1992,-3.0300754690908
CMR,BN.CAB.XOKA.GD.ZS,1991,-2.83515953017037
CMR,BN.CAB.XOKA.GD.ZS,1990,-4.4759603893945
CMR,BN.CAB.XOKA.GD.ZS,1989,-2.63243288288054
CMR,BN.CAB.XOKA.GD.ZS,1988,-3.48526332934172
CMR,BN.CAB.XOKA.GD.ZS,1987,-6.84107201447678
CMR,BN.CAB.XOKA.GD.ZS,1986,-3.81060830050962
CMR,BN.CAB.XOKA.GD.ZS,1985,-6.57147038115267
CMR,BN.CAB.XOKA.GD.ZS,1984,-2.31017210026611
CMR,BN.CAB.XOKA.GD.ZS,1983,-5.9948599322349
CMR,BN.CAB.XOKA.GD.ZS,1982,-5.83460980458649
CMR,BN.CAB.XOKA.GD.ZS,1981,-7.28598538312338
CMR,BN.CAB.XOKA.GD.ZS,1980,-6.67311213185182
CMR,BN.CAB.XOKA.GD.ZS,1979,-2.12332523271845
CMR,BN.CAB.XOKA.GD.ZS,1978,-3.99667673148853
CMR,BN.CAB.XOKA.GD.ZS,1977,-2.72189798307732
CMR,BN.CAB.XOKA.GD.ZS,1976,
CMR,BN.CAB.XOKA.GD.ZS,1975,
CMR,BN.CAB.XOKA.GD.ZS,1974,
CMR,BN.CAB.XOKA.GD.ZS,1973,
CMR,BN.CAB.XOKA.GD.ZS,1972,
CMR,BN.CAB.XOKA.GD.ZS,1971,
CMR,BN.CAB.XOKA.GD.ZS,1970,
CMR,BN.CAB.XOKA.GD.ZS,1969,
CMR,BN.CAB.XOKA.GD.ZS,1968,
CMR,BN.CAB.XOKA.GD.ZS,1967,
CMR,BN.CAB.XOKA.GD.ZS,1966,
CMR,BN.CAB.XOKA.GD.ZS,1965,
CMR,BN.CAB.XOKA.GD.ZS,1964,
CMR,BN.CAB.XOKA.GD.ZS,1963,
CMR,BN.CAB.XOKA.GD.ZS,1962,
CMR,BN.CAB.XOKA.GD.ZS,1961,
CMR,BN.CAB.XOKA.GD.ZS,1960,
CAN,BN.CAB.XOKA.GD.ZS,2025,
CAN,BN.CAB.XOKA.GD.ZS,2024,-0.461253819279705
CAN,BN.CAB.XOKA.GD.ZS,2023,-0.633319898544557
CAN,BN.CAB.XOKA.GD.ZS,2022,-0.288416485092606
CAN,BN.CAB.XOKA.GD.ZS,2021,-0.0219632282728957
CAN,BN.CAB.XOKA.GD.ZS,2020,-2.01049352658992
CAN,BN.CAB.XOKA.GD.ZS,2019,-1.95170274818579
CAN,BN.CAB.XOKA.GD.ZS,2018,-2.38507161087906
CAN,BN.CAB.XOKA.GD.ZS,2017,-2.8034274767599
CAN,BN.CAB.XOKA.GD.ZS,2016,-3.093111446907
CAN,BN.CAB.XOKA.GD.ZS,2015,-3.51398716666024
CAN,BN.CAB.XOKA.GD.ZS,2014,-2.31892137730875
CAN,BN.CAB.XOKA.GD.ZS,2013,-3.14687545091253
CAN,BN.CAB.XOKA.GD.ZS,2012,-3.53224767688727
CAN,BN.CAB.XOKA.GD.ZS,2011,-2.77400602599856
CAN,BN.CAB.XOKA.GD.ZS,2010,-3.59618567149688
CAN,BN.CAB.XOKA.GD.ZS,2009,-2.96628242314574
CAN,BN.CAB.XOKA.GD.ZS,2008,0.204634001322009
CAN,BN.CAB.XOKA.GD.ZS,2007,0.752359497275167
CAN,BN.CAB.XOKA.GD.ZS,2006,1.36365624553911
CAN,BN.CAB.XOKA.GD.ZS,2005,1.86965618692433
CAN,BN.CAB.XOKA.GD.ZS,2004,2.26315076447855
CAN,BN.CAB.XOKA.GD.ZS,2003,1.16498813828326
CAN,BN.CAB.XOKA.GD.ZS,2002,1.64503032397305
CAN,BN.CAB.XOKA.GD.ZS,2001,2.13236979231818
CAN,BN.CAB.XOKA.GD.ZS,2000,2.48322832733606
CAN,BN.CAB.XOKA.GD.ZS,1999,0.124607299622237
CAN,BN.CAB.XOKA.GD.ZS,1998,-1.41951307916318
CAN,BN.CAB.XOKA.GD.ZS,1997,-1.37185670536611
CAN,BN.CAB.XOKA.GD.ZS,1996,0.385035905172816
CAN,BN.CAB.XOKA.GD.ZS,1995,-0.835225571288651
CAN,BN.CAB.XOKA.GD.ZS,1994,-2.39799048706511
CAN,BN.CAB.XOKA.GD.ZS,1993,-3.86026630874174
CAN,BN.CAB.XOKA.GD.ZS,1992,-3.6540131722827
CAN,BN.CAB.XOKA.GD.ZS,1991,-3.73448630876751
CAN,BN.CAB.XOKA.GD.ZS,1990,-3.39880313128256
CAN,BN.CAB.XOKA.GD.ZS,1989,-3.91670742512517
CAN,BN.CAB.XOKA.GD.ZS,1988,-3.00072131643645
CAN,BN.CAB.XOKA.GD.ZS,1987,-3.16569605531888
CAN,BN.CAB.XOKA.GD.ZS,1986,-2.99503525717249
CAN,BN.CAB.XOKA.GD.ZS,1985,-1.59452236316315
CAN,BN.CAB.XOKA.GD.ZS,1984,-0.385070715653332
CAN,BN.CAB.XOKA.GD.ZS,1983,-0.737903556790656
CAN,BN.CAB.XOKA.GD.ZS,1982,0.570951691336773
CAN,BN.CAB.XOKA.GD.ZS,1981,-4.078876837519
CAN,BN.CAB.XOKA.GD.ZS,1980,-2.21562551511084
CAN,BN.CAB.XOKA.GD.ZS,1979,-3.43789455173284
CAN,BN.CAB.XOKA.GD.ZS,1978,-3.73261757531215
CAN,BN.CAB.XOKA.GD.ZS,1977,-3.29808207360623
CAN,BN.CAB.XOKA.GD.ZS,1976,-3.68530343754814
CAN,BN.CAB.XOKA.GD.ZS,1975,-4.69923751491992
CAN,BN.CAB.XOKA.GD.ZS,1974,-2.83954249793828
CAN,BN.CAB.XOKA.GD.ZS,1973,-1.56059006208338
CAN,BN.CAB.XOKA.GD.ZS,1972,-2.11900842342632
CAN,BN.CAB.XOKA.GD.ZS,1971,-1.04270367407612
CAN,BN.CAB.XOKA.GD.ZS,1970,0.559835501282431
CAN,BN.CAB.XOKA.GD.ZS,1969,-2.45034752698538
CAN,BN.CAB.XOKA.GD.ZS,1968,-1.36121643251902
CAN,BN.CAB.XOKA.GD.ZS,1967,-1.94192612713903
CAN,BN.CAB.XOKA.GD.ZS,1966,-2.57723064979666
CAN,BN.CAB.XOKA.GD.ZS,1965,-3.03352417959107
CAN,BN.CAB.XOKA.GD.ZS,1964,-0.916576378286989
CAN,BN.CAB.XOKA.GD.ZS,1963,-1.86421223711155
CAN,BN.CAB.XOKA.GD.ZS,1962,-2.55226401229284
CAN,BN.CAB.XOKA.GD.ZS,1961,-2.69476650173113
CAN,BN.CAB.XOKA.GD.ZS,1960,-2.92671923539042
CYM,BN.CAB.XOKA.GD.ZS,2025,
CYM,BN.CAB.XOKA.GD.ZS,2024,
CYM,BN.CAB.XOKA.GD.ZS,2023,-9.84201448658082
CYM,BN.CAB.XOKA.GD.ZS,2022,-11.2532074114218
CYM,BN.CAB.XOKA.GD.ZS,2021,-13.1039375869469
CYM,BN.CAB.XOKA.GD.ZS,2020,-16.3463833760305
CYM,BN.CAB.XOKA.GD.ZS,2019,-10.8861308445396
CYM,BN.CAB.XOKA.GD.ZS,2018,-16.7723985848604
CYM,BN.CAB.XOKA.GD.ZS,2017,-16.8690569811564
CYM,BN.CAB.XOKA.GD.ZS,2016,-14.3925575613981
CYM,BN.CAB.XOKA.GD.ZS,2015,
CYM,BN.CAB.XOKA.GD.ZS,2014,
CYM,BN.CAB.XOKA.GD.ZS,2013,
CYM,BN.CAB.XOKA.GD.ZS,2012,
CYM,BN.CAB.XOKA.GD.ZS,2011,
CYM,BN.CAB.XOKA.GD.ZS,2010,
CYM,BN.CAB.XOKA.GD.ZS,2009,
CYM,BN.CAB.XOKA.GD.ZS,2008,
CYM,BN.CAB.XOKA.GD.ZS,2007,
CYM,BN.CAB.XOKA.GD.ZS,2006,
CYM,BN.CAB.XOKA.GD.ZS,2005,
CYM,BN.CAB.XOKA.GD.ZS,2004,
CYM,BN.CAB.XOKA.GD.ZS,2003,
CYM,BN.CAB.XOKA.GD.ZS,2002,
CYM,BN.CAB.XOKA.GD.ZS,2001,
CYM,BN.CAB.XOKA.GD.ZS,2000,
CYM,BN.CAB.XOKA.GD.ZS,1999,
CYM,BN.CAB.XOKA.GD.ZS,1998,
CYM,BN.CAB.XOKA.GD.ZS,1997,
CYM,BN.CAB.XOKA.GD.ZS,1996,
CYM,BN.CAB.XOKA.GD.ZS,1995,
CYM,BN.CAB.XOKA.GD.ZS,1994,
CYM,BN.CAB.XOKA.GD.ZS,1993,
CYM,BN.CAB.XOKA.GD.ZS,1992,
CYM,BN.CAB.XOKA.GD.ZS,1991,
CYM,BN.CAB.XOKA.GD.ZS,1990,
CYM,BN.CAB.XOKA.GD.ZS,1989,
CYM,BN.CAB.XOKA.GD.ZS,1988,
CYM,BN.CAB.XOKA.GD.ZS,1987,
CYM,BN.CAB.XOKA.GD.ZS,1986,
CYM,BN.CAB.XOKA.GD.ZS,1985,
CYM,BN.CAB.XOKA.GD.ZS,1984,
CYM,BN.CAB.XOKA.GD.ZS,1983,
CYM,BN.CAB.XOKA.GD.ZS,1982,
CYM,BN.CAB.XOKA.GD.ZS,1981,
CYM,BN.CAB.XOKA.GD.ZS,1980,
CYM,BN.CAB.XOKA.GD.ZS,1979,
CYM,BN.CAB.XOKA.GD.ZS,1978,
CYM,BN.CAB.XOKA.GD.ZS,1977,
CYM,BN.CAB.XOKA.GD.ZS,1976,
CYM,BN.CAB.XOKA.GD.ZS,1975,
CYM,BN.CAB.XOKA.GD.ZS,1974,
CYM,BN.CAB.XOKA.GD.ZS,1973,
CYM,BN.CAB.XOKA.GD.ZS,1972,
CYM,BN.CAB.XOKA.GD.ZS,1971,
CYM,BN.CAB.XOKA.GD.ZS,1970,
CYM,BN.CAB.XOKA.GD.ZS,1969,
CYM,BN.CAB.XOKA.GD.ZS,1968,
CYM,BN.CAB.XOKA.GD.ZS,1967,
CYM,BN.CAB.XOKA.GD.ZS,1966,
CYM,BN.CAB.XOKA.GD.ZS,1965,
CYM,BN.CAB.XOKA.GD.ZS,1964,
CYM,BN.CAB.XOKA.GD.ZS,1963,
CYM,BN.CAB.XOKA.GD.ZS,1962,
CYM,BN.CAB.XOKA.GD.ZS,1961,
CYM,BN.CAB.XOKA.GD.ZS,1960,
CAF,BN.CAB.XOKA.GD.ZS,2025,
CAF,BN.CAB.XOKA.GD.ZS,2024,
CAF,BN.CAB.XOKA.GD.ZS,2023,
CAF,BN.CAB.XOKA.GD.ZS,2022,
CAF,BN.CAB.XOKA.GD.ZS,2021,
CAF,BN.CAB.XOKA.GD.ZS,2020,
CAF,BN.CAB.XOKA.GD.ZS,2019,
CAF,BN.CAB.XOKA.GD.ZS,2018,
CAF,BN.CAB.XOKA.GD.ZS,2017,
CAF,BN.CAB.XOKA.GD.ZS,2016,
CAF,BN.CAB.XOKA.GD.ZS,2015,
CAF,BN.CAB.XOKA.GD.ZS,2014,
CAF,BN.CAB.XOKA.GD.ZS,2013,
CAF,BN.CAB.XOKA.GD.ZS,2012,
CAF,BN.CAB.XOKA.GD.ZS,2011,
CAF,BN.CAB.XOKA.GD.ZS,2010,
CAF,BN.CAB.XOKA.GD.ZS,2009,
CAF,BN.CAB.XOKA.GD.ZS,2008,
CAF,BN.CAB.XOKA.GD.ZS,2007,
CAF,BN.CAB.XOKA.GD.ZS,2006,
CAF,BN.CAB.XOKA.GD.ZS,2005,
CAF,BN.CAB.XOKA.GD.ZS,2004,
CAF,BN.CAB.XOKA.GD.ZS,2003,
CAF,BN.CAB.XOKA.GD.ZS,2002,
CAF,BN.CAB.XOKA.GD.ZS,2001,
CAF,BN.CAB.XOKA.GD.ZS,2000,
CAF,BN.CAB.XOKA.GD.ZS,1999,
CAF,BN.CAB.XOKA.GD.ZS,1998,
CAF,BN.CAB.XOKA.GD.ZS,1997,
CAF,BN.CAB.XOKA.GD.ZS,1996,
CAF,BN.CAB.XOKA.GD.ZS,1995,
CAF,BN.CAB.XOKA.GD.ZS,1994,-2.89900460634816
CAF,BN.CAB.XOKA.GD.ZS,1993,-1.01269528104564
CAF,BN.CAB.XOKA.GD.ZS,1992,-5.88243164608966
CAF,BN.CAB.XOKA.GD.ZS,1991,-4.48468346818164
CAF,BN.CAB.XOKA.GD.ZS,1990,-6.18666446397518
CAF,BN.CAB.XOKA.GD.ZS,1989,-2.7088700983338
CAF,BN.CAB.XOKA.GD.ZS,1988,-2.7360567863432
CAF,BN.CAB.XOKA.GD.ZS,1987,-6.1139013050671
CAF,BN.CAB.XOKA.GD.ZS,1986,-7.70920034153731
CAF,BN.CAB.XOKA.GD.ZS,1985,-5.6213002425937
CAF,BN.CAB.XOKA.GD.ZS,1984,-5.24384586849353
CAF,BN.CAB.XOKA.GD.ZS,1983,-4.44979508270462
CAF,BN.CAB.XOKA.GD.ZS,1982,-5.69851584517804
CAF,BN.CAB.XOKA.GD.ZS,1981,-0.601662089101606
CAF,BN.CAB.XOKA.GD.ZS,1980,-5.40142552999241
CAF,BN.CAB.XOKA.GD.ZS,1979,-2.27681587236379
CAF,BN.CAB.XOKA.GD.ZS,1978,-3.76467968028553
CAF,BN.CAB.XOKA.GD.ZS,1977,-3.72453972164224
CAF,BN.CAB.XOKA.GD.ZS,1976,
CAF,BN.CAB.XOKA.GD.ZS,1975,
CAF,BN.CAB.XOKA.GD.ZS,1974,
CAF,BN.CAB.XOKA.GD.ZS,1973,
CAF,BN.CAB.XOKA.GD.ZS,1972,
CAF,BN.CAB.XOKA.GD.ZS,1971,
CAF,BN.CAB.XOKA.GD.ZS,1970,
CAF,BN.CAB.XOKA.GD.ZS,1969,
CAF,BN.CAB.XOKA.GD.ZS,1968,
CAF,BN.CAB.XOKA.GD.ZS,1967,
CAF,BN.CAB.XOKA.GD.ZS,1966,
CAF,BN.CAB.XOKA.GD.ZS,1965,
CAF,BN.CAB.XOKA.GD.ZS,1964,
CAF,BN.CAB.XOKA.GD.ZS,1963,
CAF,BN.CAB.XOKA.GD.ZS,1962,
CAF,BN.CAB.XOKA.GD.ZS,1961,
CAF,BN.CAB.XOKA.GD.ZS,1960,
TCD,BN.CAB.XOKA.GD.ZS,2025,
TCD,BN.CAB.XOKA.GD.ZS,2024,
TCD,BN.CAB.XOKA.GD.ZS,2023,
TCD,BN.CAB.XOKA.GD.ZS,2022,
TCD,BN.CAB.XOKA.GD.ZS,2021,
TCD,BN.CAB.XOKA.GD.ZS,2020,
TCD,BN.CAB.XOKA.GD.ZS,2019,
TCD,BN.CAB.XOKA.GD.ZS,2018,
TCD,BN.CAB.XOKA.GD.ZS,2017,
TCD,BN.CAB.XOKA.GD.ZS,2016,
TCD,BN.CAB.XOKA.GD.ZS,2015,
TCD,BN.CAB.XOKA.GD.ZS,2014,
TCD,BN.CAB.XOKA.GD.ZS,2013,
TCD,BN.CAB.XOKA.GD.ZS,2012,
TCD,BN.CAB.XOKA.GD.ZS,2011,
TCD,BN.CAB.XOKA.GD.ZS,2010,
TCD,BN.CAB.XOKA.GD.ZS,2009,
TCD,BN.CAB.XOKA.GD.ZS,2008,
TCD,BN.CAB.XOKA.GD.ZS,2007,
TCD,BN.CAB.XOKA.GD.ZS,2006,
TCD,BN.CAB.XOKA.GD.ZS,2005,
TCD,BN.CAB.XOKA.GD.ZS,2004,
TCD,BN.CAB.XOKA.GD.ZS,2003,
TCD,BN.CAB.XOKA.GD.ZS,2002,
TCD,BN.CAB.XOKA.GD.ZS,2001,
TCD,BN.CAB.XOKA.GD.ZS,2000,
TCD,BN.CAB.XOKA.GD.ZS,1999,
TCD,BN.CAB.XOKA.GD.ZS,1998,
TCD,BN.CAB.XOKA.GD.ZS,1997,
TCD,BN.CAB.XOKA.GD.ZS,1996,
TCD,BN.CAB.XOKA.GD.ZS,1995,
TCD,BN.CAB.XOKA.GD.ZS,1994,-3.19913740022973
TCD,BN.CAB.XOKA.GD.ZS,1993,-7.97127033243566
TCD,BN.CAB.XOKA.GD.ZS,1992,-4.55341511080141
TCD,BN.CAB.XOKA.GD.ZS,1991,-3.49331969967201
TCD,BN.CAB.XOKA.GD.ZS,1990,-2.62378989206359
TCD,BN.CAB.XOKA.GD.ZS,1989,-3.57661020245615
TCD,BN.CAB.XOKA.GD.ZS,1988,1.72041905063907
TCD,BN.CAB.XOKA.GD.ZS,1987,-2.19448360509664
TCD,BN.CAB.XOKA.GD.ZS,1986,-5.5600974872436
TCD,BN.CAB.XOKA.GD.ZS,1985,-8.44479951764772
TCD,BN.CAB.XOKA.GD.ZS,1984,0.984206714291869
TCD,BN.CAB.XOKA.GD.ZS,1983,4.5620283850266
TCD,BN.CAB.XOKA.GD.ZS,1982,2.22025609736238
TCD,BN.CAB.XOKA.GD.ZS,1981,2.67348727956021
TCD,BN.CAB.XOKA.GD.ZS,1980,1.19128189506728
TCD,BN.CAB.XOKA.GD.ZS,1979,-0.154465559686596
TCD,BN.CAB.XOKA.GD.ZS,1978,-4.16887788526407
TCD,BN.CAB.XOKA.GD.ZS,1977,-3.04918558992892
TCD,BN.CAB.XOKA.GD.ZS,1976,
TCD,BN.CAB.XOKA.GD.ZS,1975,
TCD,BN.CAB.XOKA.GD.ZS,1974,
TCD,BN.CAB.XOKA.GD.ZS,1973,
TCD,BN.CAB.XOKA.GD.ZS,1972,
TCD,BN.CAB.XOKA.GD.ZS,1971,
TCD,BN.CAB.XOKA.GD.ZS,1970,
TCD,BN.CAB.XOKA.GD.ZS,1969,
TCD,BN.CAB.XOKA.GD.ZS,1968,
TCD,BN.CAB.XOKA.GD.ZS,1967,
TCD,BN.CAB.XOKA.GD.ZS,1966,
TCD,BN.CAB.XOKA.GD.ZS,1965,
TCD,BN.CAB.XOKA.GD.ZS,1964,
TCD,BN.CAB.XOKA.GD.ZS,1963,
TCD,BN.CAB.XOKA.GD.ZS,1962,
TCD,BN.CAB.XOKA.GD.ZS,1961,
TCD,BN.CAB.XOKA.GD.ZS,1960,
CHI,BN.CAB.XOKA.GD.ZS,2025,
CHI,BN.CAB.XOKA.GD.ZS,2024,
CHI,BN.CAB.XOKA.GD.ZS,2023,
CHI,BN.CAB.XOKA.GD.ZS,2022,
CHI,BN.CAB.XOKA.GD.ZS,2021,
CHI,BN.CAB.XOKA.GD.ZS,2020,
CHI,BN.CAB.XOKA.GD.ZS,2019,
CHI,BN.CAB.XOKA.GD.ZS,2018,
CHI,BN.CAB.XOKA.GD.ZS,2017,
CHI,BN.CAB.XOKA.GD.ZS,2016,
CHI,BN.CAB.XOKA.GD.ZS,2015,
CHI,BN.CAB.XOKA.GD.ZS,2014,
CHI,BN.CAB.XOKA.GD.ZS,2013,
CHI,BN.CAB.XOKA.GD.ZS,2012,
CHI,BN.CAB.XOKA.GD.ZS,2011,
CHI,BN.CAB.XOKA.GD.ZS,2010,
CHI,BN.CAB.XOKA.GD.ZS,2009,
CHI,BN.CAB.XOKA.GD.ZS,2008,
CHI,BN.CAB.XOKA.GD.ZS,2007,
CHI,BN.CAB.XOKA.GD.ZS,2006,
CHI,BN.CAB.XOKA.GD.ZS,2005,
CHI,BN.CAB.XOKA.GD.ZS,2004,
CHI,BN.CAB.XOKA.GD.ZS,2003,
CHI,BN.CAB.XOKA.GD.ZS,2002,
CHI,BN.CAB.XOKA.GD.ZS,2001,
CHI,BN.CAB.XOKA.GD.ZS,2000,
CHI,BN.CAB.XOKA.GD.ZS,1999,
CHI,BN.CAB.XOKA.GD.ZS,1998,
CHI,BN.CAB.XOKA.GD.ZS,1997,
CHI,BN.CAB.XOKA.GD.ZS,1996,
CHI,BN.CAB.XOKA.GD.ZS,1995,
CHI,BN.CAB.XOKA.GD.ZS,1994,
CHI,BN.CAB.XOKA.GD.ZS,1993,
CHI,BN.CAB.XOKA.GD.ZS,1992,
CHI,BN.CAB.XOKA.GD.ZS,1991,
CHI,BN.CAB.XOKA.GD.ZS,1990,
CHI,BN.CAB.XOKA.GD.ZS,1989,
CHI,BN.CAB.XOKA.GD.ZS,1988,
CHI,BN.CAB.XOKA.GD.ZS,1987,
CHI,BN.CAB.XOKA.GD.ZS,1986,
CHI,BN.CAB.XOKA.GD.ZS,1985,
CHI,BN.CAB.XOKA.GD.ZS,1984,
CHI,BN.CAB.XOKA.GD.ZS,1983,
CHI,BN.CAB.XOKA.GD.ZS,1982,
CHI,BN.CAB.XOKA.GD.ZS,1981,
CHI,BN.CAB.XOKA.GD.ZS,1980,
CHI,BN.CAB.XOKA.GD.ZS,1979,
CHI,BN.CAB.XOKA.GD.ZS,1978,
CHI,BN.CAB.XOKA.GD.ZS,1977,
CHI,BN.CAB.XOKA.GD.ZS,1976,
CHI,BN.CAB.XOKA.GD.ZS,1975,
CHI,BN.CAB.XOKA.GD.ZS,1974,
CHI,BN.CAB.XOKA.GD.ZS,1973,
CHI,BN.CAB.XOKA.GD.ZS,1972,
CHI,BN.CAB.XOKA.GD.ZS,1971,
CHI,BN.CAB.XOKA.GD.ZS,1970,
CHI,BN.CAB.XOKA.GD.ZS,1969,
CHI,BN.CAB.XOKA.GD.ZS,1968,
CHI,BN.CAB.XOKA.GD.ZS,1967,
CHI,BN.CAB.XOKA.GD.ZS,1966,
CHI,BN.CAB.XOKA.GD.ZS,1965,
CHI,BN.CAB.XOKA.GD.ZS,1964,
CHI,BN.CAB.XOKA.GD.ZS,1963,
CHI,BN.CAB.XOKA.GD.ZS,1962,
CHI,BN.CAB.XOKA.GD.ZS,1961,
CHI,BN.CAB.XOKA.GD.ZS,1960,
CHL,BN.CAB.XOKA.GD.ZS,2025,
CHL,BN.CAB.XOKA.GD.ZS,2024,-1.46933081175439
CHL,BN.CAB.XOKA.GD.ZS,2023,-3.12862449043213
CHL,BN.CAB.XOKA.GD.ZS,2022,-8.84931514465226
CHL,BN.CAB.XOKA.GD.ZS,2021,-7.28208296226132
CHL,BN.CAB.XOKA.GD.ZS,2020,-1.94941123362021
CHL,BN.CAB.XOKA.GD.ZS,2019,-5.21244978814827
CHL,BN.CAB.XOKA.GD.ZS,2018,-4.48367554777815
CHL,BN.CAB.XOKA.GD.ZS,2017,-2.75779980852367
CHL,BN.CAB.XOKA.GD.ZS,2016,-2.62065852365988
CHL,BN.CAB.XOKA.GD.ZS,2015,-2.73506821605392
CHL,BN.CAB.XOKA.GD.ZS,2014,-3.46029991877659
CHL,BN.CAB.XOKA.GD.ZS,2013,-4.77606541666957
CHL,BN.CAB.XOKA.GD.ZS,2012,-5.32849119001729
CHL,BN.CAB.XOKA.GD.ZS,2011,-4.91713901662884
CHL,BN.CAB.XOKA.GD.ZS,2010,0.896881680744073
CHL,BN.CAB.XOKA.GD.ZS,2009,1.43974883336493
CHL,BN.CAB.XOKA.GD.ZS,2008,-4.18826982519764
CHL,BN.CAB.XOKA.GD.ZS,2007,5.05557874807609
CHL,BN.CAB.XOKA.GD.ZS,2006,5.49643732024025
CHL,BN.CAB.XOKA.GD.ZS,2005,1.91109059952903
CHL,BN.CAB.XOKA.GD.ZS,2004,3.26056295397732
CHL,BN.CAB.XOKA.GD.ZS,2003,0.21460039582268
CHL,BN.CAB.XOKA.GD.ZS,2002,-0.825565731667287
CHL,BN.CAB.XOKA.GD.ZS,2001,-1.53703377110131
CHL,BN.CAB.XOKA.GD.ZS,2000,-1.14568457860136
CHL,BN.CAB.XOKA.GD.ZS,1999,0.131436581248041
CHL,BN.CAB.XOKA.GD.ZS,1998,-4.77915592737757
CHL,BN.CAB.XOKA.GD.ZS,1997,-4.26887262850026
CHL,BN.CAB.XOKA.GD.ZS,1996,-3.92274308347759
CHL,BN.CAB.XOKA.GD.ZS,1995,-1.82822028885922
CHL,BN.CAB.XOKA.GD.ZS,1994,-2.76296605169419
CHL,BN.CAB.XOKA.GD.ZS,1993,-5.11105015900292
CHL,BN.CAB.XOKA.GD.ZS,1992,-2.0561295791378
CHL,BN.CAB.XOKA.GD.ZS,1991,-0.25554288126347
CHL,BN.CAB.XOKA.GD.ZS,1990,-1.44968764303319
CHL,BN.CAB.XOKA.GD.ZS,1989,-2.29508114009766
CHL,BN.CAB.XOKA.GD.ZS,1988,-0.88405444099552
CHL,BN.CAB.XOKA.GD.ZS,1987,-3.25098034750442
CHL,BN.CAB.XOKA.GD.ZS,1986,-6.20612193919602
CHL,BN.CAB.XOKA.GD.ZS,1985,-7.87897220641269
CHL,BN.CAB.XOKA.GD.ZS,1984,-10.5684245263752
CHL,BN.CAB.XOKA.GD.ZS,1983,-5.41452931267014
CHL,BN.CAB.XOKA.GD.ZS,1982,-11.6893618645153
CHL,BN.CAB.XOKA.GD.ZS,1981,-13.4535436360531
CHL,BN.CAB.XOKA.GD.ZS,1980,-6.66178235642894
CHL,BN.CAB.XOKA.GD.ZS,1979,-5.3439223890609
CHL,BN.CAB.XOKA.GD.ZS,1978,-6.64504845361434
CHL,BN.CAB.XOKA.GD.ZS,1977,-3.86051383748541
CHL,BN.CAB.XOKA.GD.ZS,1976,1.40637900024345
CHL,BN.CAB.XOKA.GD.ZS,1975,-6.27227152964946
CHL,BN.CAB.XOKA.GD.ZS,1974,
CHL,BN.CAB.XOKA.GD.ZS,1973,
CHL,BN.CAB.XOKA.GD.ZS,1972,
CHL,BN.CAB.XOKA.GD.ZS,1971,
CHL,BN.CAB.XOKA.GD.ZS,1970,
CHL,BN.CAB.XOKA.GD.ZS,1969,
CHL,BN.CAB.XOKA.GD.ZS,1968,
CHL,BN.CAB.XOKA.GD.ZS,1967,
CHL,BN.CAB.XOKA.GD.ZS,1966,
CHL,BN.CAB.XOKA.GD.ZS,1965,
CHL,BN.CAB.XOKA.GD.ZS,1964,
CHL,BN.CAB.XOKA.GD.ZS,1963,
CHL,BN.CAB.XOKA.GD.ZS,1962,
CHL,BN.CAB.XOKA.GD.ZS,1961,
CHL,BN.CAB.XOKA.GD.ZS,1960,
CHN,BN.CAB.XOKA.GD.ZS,2025,
CHN,BN.CAB.XOKA.GD.ZS,2024,2.2616499482671
CHN,BN.CAB.XOKA.GD.ZS,2023,1.4415829879426
CHN,BN.CAB.XOKA.GD.ZS,2022,2.42059259149418
CHN,BN.CAB.XOKA.GD.ZS,2021,1.93875176197337
CHN,BN.CAB.XOKA.GD.ZS,2020,1.65930095801393
CHN,BN.CAB.XOKA.GD.ZS,2019,0.706790487310518
CHN,BN.CAB.XOKA.GD.ZS,2018,0.170563391928727
CHN,BN.CAB.XOKA.GD.ZS,2017,1.50488723669315
CHN,BN.CAB.XOKA.GD.ZS,2016,1.67018709565351
CHN,BN.CAB.XOKA.GD.ZS,2015,2.59752794949746
CHN,BN.CAB.XOKA.GD.ZS,2014,2.21130586371267
CHN,BN.CAB.XOKA.GD.ZS,2013,1.52111320885029
CHN,BN.CAB.XOKA.GD.ZS,2012,2.48328422404793
CHN,BN.CAB.XOKA.GD.ZS,2011,1.77399724587567
CHN,BN.CAB.XOKA.GD.ZS,2010,3.84025673415249
CHN,BN.CAB.XOKA.GD.ZS,2009,4.68740638141982
CHN,BN.CAB.XOKA.GD.ZS,2008,9.0108699631763
CHN,BN.CAB.XOKA.GD.ZS,2007,9.79958953536146
CHN,BN.CAB.XOKA.GD.ZS,2006,8.30532573537482
CHN,BN.CAB.XOKA.GD.ZS,2005,5.71199843031159
CHN,BN.CAB.XOKA.GD.ZS,2004,3.47450259619584
CHN,BN.CAB.XOKA.GD.ZS,2003,2.55665409110255
CHN,BN.CAB.XOKA.GD.ZS,2002,2.37759984341841
CHN,BN.CAB.XOKA.GD.ZS,2001,1.28417196444636
CHN,BN.CAB.XOKA.GD.ZS,2000,1.67667411710879
CHN,BN.CAB.XOKA.GD.ZS,1999,1.91286225540032
CHN,BN.CAB.XOKA.GD.ZS,1998,3.0345158579566
CHN,BN.CAB.XOKA.GD.ZS,1997,3.81946407941415
CHN,BN.CAB.XOKA.GD.ZS,1996,0.833943624966418
CHN,BN.CAB.XOKA.GD.ZS,1995,0.219237328483813
CHN,BN.CAB.XOKA.GD.ZS,1994,1.21849357261851
CHN,BN.CAB.XOKA.GD.ZS,1993,-2.59966643215884
CHN,BN.CAB.XOKA.GD.ZS,1992,1.49380742683803
CHN,BN.CAB.XOKA.GD.ZS,1991,3.45166169027996
CHN,BN.CAB.XOKA.GD.ZS,1990,3.31811936794009
CHN,BN.CAB.XOKA.GD.ZS,1989,-1.23916211504939
CHN,BN.CAB.XOKA.GD.ZS,1988,-1.21512784090909
CHN,BN.CAB.XOKA.GD.ZS,1987,0.109707201482441
CHN,BN.CAB.XOKA.GD.ZS,1986,-2.33447167923657
CHN,BN.CAB.XOKA.GD.ZS,1985,-3.68213560921028
CHN,BN.CAB.XOKA.GD.ZS,1984,0.77944161044375
CHN,BN.CAB.XOKA.GD.ZS,1983,1.83446332366349
CHN,BN.CAB.XOKA.GD.ZS,1982,2.76132699309013
CHN,BN.CAB.XOKA.GD.ZS,1981,
CHN,BN.CAB.XOKA.GD.ZS,1980,
CHN,BN.CAB.XOKA.GD.ZS,1979,
CHN,BN.CAB.XOKA.GD.ZS,1978,
CHN,BN.CAB.XOKA.GD.ZS,1977,
CHN,BN.CAB.XOKA.GD.ZS,1976,
CHN,BN.CAB.XOKA.GD.ZS,1975,
CHN,BN.CAB.XOKA.GD.ZS,1974,
CHN,BN.CAB.XOKA.GD.ZS,1973,
CHN,BN.CAB.XOKA.GD.ZS,1972,
CHN,BN.CAB.XOKA.GD.ZS,1971,
CHN,BN.CAB.XOKA.GD.ZS,1970,
CHN,BN.CAB.XOKA.GD.ZS,1969,
CHN,BN.CAB.XOKA.GD.ZS,1968,
CHN,BN.CAB.XOKA.GD.ZS,1967,
CHN,BN.CAB.XOKA.GD.ZS,1966,
CHN,BN.CAB.XOKA.GD.ZS,1965,
CHN,BN.CAB.XOKA.GD.ZS,1964,
CHN,BN.CAB.XOKA.GD.ZS,1963,
CHN,BN.CAB.XOKA.GD.ZS,1962,
CHN,BN.CAB.XOKA.GD.ZS,1961,
CHN,BN.CAB.XOKA.GD.ZS,1960,
COL,BN.CAB.XOKA.GD.ZS,2025,
COL,BN.CAB.XOKA.GD.ZS,2024,-1.64274510323396
COL,BN.CAB.XOKA.GD.ZS,2023,-2.26135796371581
COL,BN.CAB.XOKA.GD.ZS,2022,-6.03319158039541
COL,BN.CAB.XOKA.GD.ZS,2021,-5.6351694946032
COL,BN.CAB.XOKA.GD.ZS,2020,-3.42772945914236
COL,BN.CAB.XOKA.GD.ZS,2019,-4.58427517266059
COL,BN.CAB.XOKA.GD.ZS,2018,-4.20138344687968
COL,BN.CAB.XOKA.GD.ZS,2017,-3.18224191114871
COL,BN.CAB.XOKA.GD.ZS,2016,-4.45195067751588
COL,BN.CAB.XOKA.GD.ZS,2015,-6.37230442230879
COL,BN.CAB.XOKA.GD.ZS,2014,-5.19843119341789
COL,BN.CAB.XOKA.GD.ZS,2013,-3.23615067105019
COL,BN.CAB.XOKA.GD.ZS,2012,-3.14008013112591
COL,BN.CAB.XOKA.GD.ZS,2011,-2.90611447190462
COL,BN.CAB.XOKA.GD.ZS,2010,-2.99583091222973
COL,BN.CAB.XOKA.GD.ZS,2009,-1.90692601755576
COL,BN.CAB.XOKA.GD.ZS,2008,-2.67924104556952
COL,BN.CAB.XOKA.GD.ZS,2007,-2.9819266093631
COL,BN.CAB.XOKA.GD.ZS,2006,-1.8486662357596
COL,BN.CAB.XOKA.GD.ZS,2005,-1.33773107053945
COL,BN.CAB.XOKA.GD.ZS,2004,-0.66148309595793
COL,BN.CAB.XOKA.GD.ZS,2003,-0.963598625978888
COL,BN.CAB.XOKA.GD.ZS,2002,-1.31623163816019
COL,BN.CAB.XOKA.GD.ZS,2001,-1.05937674050926
COL,BN.CAB.XOKA.GD.ZS,2000,0.846461525527854
COL,BN.CAB.XOKA.GD.ZS,1999,0.778526882820605
COL,BN.CAB.XOKA.GD.ZS,1998,-4.93441634428213
COL,BN.CAB.XOKA.GD.ZS,1997,-5.39146862906034
COL,BN.CAB.XOKA.GD.ZS,1996,-4.77689886981533
COL,BN.CAB.XOKA.GD.ZS,1995,-4.8816442586875
COL,BN.CAB.XOKA.GD.ZS,1994,-4.48814605215356
COL,BN.CAB.XOKA.GD.ZS,1993,-3.1640347587015
COL,BN.CAB.XOKA.GD.ZS,1992,1.54179329402071
COL,BN.CAB.XOKA.GD.ZS,1991,4.77635581102987
COL,BN.CAB.XOKA.GD.ZS,1990,1.13284627622115
COL,BN.CAB.XOKA.GD.ZS,1989,-0.508344947661482
COL,BN.CAB.XOKA.GD.ZS,1988,-0.550844053044884
COL,BN.CAB.XOKA.GD.ZS,1987,0.923754332301952
COL,BN.CAB.XOKA.GD.ZS,1986,1.09608675129892
COL,BN.CAB.XOKA.GD.ZS,1985,-5.18421125306416
COL,BN.CAB.XOKA.GD.ZS,1984,-3.66244628666198
COL,BN.CAB.XOKA.GD.ZS,1983,-7.75371479733882
COL,BN.CAB.XOKA.GD.ZS,1982,-7.83667082513291
COL,BN.CAB.XOKA.GD.ZS,1981,-5.38979934729957
COL,BN.CAB.XOKA.GD.ZS,1980,-0.616259809951686
COL,BN.CAB.XOKA.GD.ZS,1979,1.56777935756302
COL,BN.CAB.XOKA.GD.ZS,1978,1.10960030654247
COL,BN.CAB.XOKA.GD.ZS,1977,1.92814647073557
COL,BN.CAB.XOKA.GD.ZS,1976,1.06157300599096
COL,BN.CAB.XOKA.GD.ZS,1975,-1.31065309013275
COL,BN.CAB.XOKA.GD.ZS,1974,-2.84487209687521
COL,BN.CAB.XOKA.GD.ZS,1973,-0.530673745745332
COL,BN.CAB.XOKA.GD.ZS,1972,-2.20528657497706
COL,BN.CAB.XOKA.GD.ZS,1971,-5.80516961648985
COL,BN.CAB.XOKA.GD.ZS,1970,-4.07037132441791
COL,BN.CAB.XOKA.GD.ZS,1969,-2.71310459329494
COL,BN.CAB.XOKA.GD.ZS,1968,-2.75157957611839
COL,BN.CAB.XOKA.GD.ZS,1967,
COL,BN.CAB.XOKA.GD.ZS,1966,
COL,BN.CAB.XOKA.GD.ZS,1965,
COL,BN.CAB.XOKA.GD.ZS,1964,
COL,BN.CAB.XOKA.GD.ZS,1963,
COL,BN.CAB.XOKA.GD.ZS,1962,
COL,BN.CAB.XOKA.GD.ZS,1961,
COL,BN.CAB.XOKA.GD.ZS,1960,
COM,BN.CAB.XOKA.GD.ZS,2025,
COM,BN.CAB.XOKA.GD.ZS,2024,
COM,BN.CAB.XOKA.GD.ZS,2023,-1.85564839050677
COM,BN.CAB.XOKA.GD.ZS,2022,-0.429292176773693
COM,BN.CAB.XOKA.GD.ZS,2021,-0.320369119235319
COM,BN.CAB.XOKA.GD.ZS,2020,-1.8090566931838
COM,BN.CAB.XOKA.GD.ZS,2019,-3.35158582912686
COM,BN.CAB.XOKA.GD.ZS,2018,-2.85692338370682
COM,BN.CAB.XOKA.GD.ZS,2017,-2.13204216493526
COM,BN.CAB.XOKA.GD.ZS,2016,-4.34858918733341
COM,BN.CAB.XOKA.GD.ZS,2015,-0.256465657736018
COM,BN.CAB.XOKA.GD.ZS,2014,-3.7803293757662
COM,BN.CAB.XOKA.GD.ZS,2013,
COM,BN.CAB.XOKA.GD.ZS,2012,-4.04970428541402
COM,BN.CAB.XOKA.GD.ZS,2011,-5.42473025670485
COM,BN.CAB.XOKA.GD.ZS,2010,-4.3322227069687
COM,BN.CAB.XOKA.GD.ZS,2009,-4.35030280964664
COM,BN.CAB.XOKA.GD.ZS,2008,-7.53469626604502
COM,BN.CAB.XOKA.GD.ZS,2007,-3.97385796874896
COM,BN.CAB.XOKA.GD.ZS,2006,-3.27357312325321
COM,BN.CAB.XOKA.GD.ZS,2005,-4.09701964792287
COM,BN.CAB.XOKA.GD.ZS,2004,-3.330057820404
COM,BN.CAB.XOKA.GD.ZS,2003,-3.37217076421927
COM,BN.CAB.XOKA.GD.ZS,2002,
COM,BN.CAB.XOKA.GD.ZS,2001,
COM,BN.CAB.XOKA.GD.ZS,2000,
COM,BN.CAB.XOKA.GD.ZS,1999,
COM,BN.CAB.XOKA.GD.ZS,1998,
COM,BN.CAB.XOKA.GD.ZS,1997,
COM,BN.CAB.XOKA.GD.ZS,1996,
COM,BN.CAB.XOKA.GD.ZS,1995,-4.82800364207231
COM,BN.CAB.XOKA.GD.ZS,1994,-2.29252811329718
COM,BN.CAB.XOKA.GD.ZS,1993,2.23823913081916
COM,BN.CAB.XOKA.GD.ZS,1992,-3.25051276345255
COM,BN.CAB.XOKA.GD.ZS,1991,-2.55855728076926
COM,BN.CAB.XOKA.GD.ZS,1990,-2.60861611827647
COM,BN.CAB.XOKA.GD.ZS,1989,1.64527020463883
COM,BN.CAB.XOKA.GD.ZS,1988,-1.93708708492982
COM,BN.CAB.XOKA.GD.ZS,1987,-6.81960597632114
COM,BN.CAB.XOKA.GD.ZS,1986,-6.07633451199018
COM,BN.CAB.XOKA.GD.ZS,1985,-7.42755094281062
COM,BN.CAB.XOKA.GD.ZS,1984,-17.3026419279008
COM,BN.CAB.XOKA.GD.ZS,1983,-5.63387817498262
COM,BN.CAB.XOKA.GD.ZS,1982,-5.42090684471709
COM,BN.CAB.XOKA.GD.ZS,1981,-3.82947102960753
COM,BN.CAB.XOKA.GD.ZS,1980,-3.65984092644871
COM,BN.CAB.XOKA.GD.ZS,1979,
COM,BN.CAB.XOKA.GD.ZS,1978,
COM,BN.CAB.XOKA.GD.ZS,1977,
COM,BN.CAB.XOKA.GD.ZS,1976,
COM,BN.CAB.XOKA.GD.ZS,1975,
COM,BN.CAB.XOKA.GD.ZS,1974,
COM,BN.CAB.XOKA.GD.ZS,1973,
COM,BN.CAB.XOKA.GD.ZS,1972,
COM,BN.CAB.XOKA.GD.ZS,1971,
COM,BN.CAB.XOKA.GD.ZS,1970,
COM,BN.CAB.XOKA.GD.ZS,1969,
COM,BN.CAB.XOKA.GD.ZS,1968,
COM,BN.CAB.XOKA.GD.ZS,1967,
COM,BN.CAB.XOKA.GD.ZS,1966,
COM,BN.CAB.XOKA.GD.ZS,1965,
COM,BN.CAB.XOKA.GD.ZS,1964,
COM,BN.CAB.XOKA.GD.ZS,1963,
COM,BN.CAB.XOKA.GD.ZS,1962,
COM,BN.CAB.XOKA.GD.ZS,1961,
COM,BN.CAB.XOKA.GD.ZS,1960,
COD,BN.CAB.XOKA.GD.ZS,2025,
COD,BN.CAB.XOKA.GD.ZS,2024,-3.83224740625142
COD,BN.CAB.XOKA.GD.ZS,2023,-5.55915292797553
COD,BN.CAB.XOKA.GD.ZS,2022,-4.47028471935159
COD,BN.CAB.XOKA.GD.ZS,2021,-0.994470839405088
COD,BN.CAB.XOKA.GD.ZS,2020,-2.2533450200438
COD,BN.CAB.XOKA.GD.ZS,2019,-3.61447223411752
COD,BN.CAB.XOKA.GD.ZS,2018,-3.58406179220142
COD,BN.CAB.XOKA.GD.ZS,2017,-3.30715525146266
COD,BN.CAB.XOKA.GD.ZS,2016,-3.89676371833081
COD,BN.CAB.XOKA.GD.ZS,2015,-3.69282012359848
COD,BN.CAB.XOKA.GD.ZS,2014,-4.49147540188532
COD,BN.CAB.XOKA.GD.ZS,2013,-8.90999507535482
COD,BN.CAB.XOKA.GD.ZS,2012,-4.19742912084297
COD,BN.CAB.XOKA.GD.ZS,2011,-4.85216679390097
COD,BN.CAB.XOKA.GD.ZS,2010,-8.99566348265581
COD,BN.CAB.XOKA.GD.ZS,2009,-6.03581629618423
COD,BN.CAB.XOKA.GD.ZS,2008,-0.664510638477548
COD,BN.CAB.XOKA.GD.ZS,2007,2.86805721465824
COD,BN.CAB.XOKA.GD.ZS,2006,0.30870487289839
COD,BN.CAB.XOKA.GD.ZS,2005,-3.08174753918885
COD,BN.CAB.XOKA.GD.ZS,2004,
COD,BN.CAB.XOKA.GD.ZS,2003,
COD,BN.CAB.XOKA.GD.ZS,2002,
COD,BN.CAB.XOKA.GD.ZS,2001,
COD,BN.CAB.XOKA.GD.ZS,2000,
COD,BN.CAB.XOKA.GD.ZS,1999,
COD,BN.CAB.XOKA.GD.ZS,1998,
COD,BN.CAB.XOKA.GD.ZS,1997,
COD,BN.CAB.XOKA.GD.ZS,1996,
COD,BN.CAB.XOKA.GD.ZS,1995,
COD,BN.CAB.XOKA.GD.ZS,1994,
COD,BN.CAB.XOKA.GD.ZS,1993,
COD,BN.CAB.XOKA.GD.ZS,1992,
COD,BN.CAB.XOKA.GD.ZS,1991,
COD,BN.CAB.XOKA.GD.ZS,1990,
COD,BN.CAB.XOKA.GD.ZS,1989,
COD,BN.CAB.XOKA.GD.ZS,1988,
COD,BN.CAB.XOKA.GD.ZS,1987,
COD,BN.CAB.XOKA.GD.ZS,1986,
COD,BN.CAB.XOKA.GD.ZS,1985,
COD,BN.CAB.XOKA.GD.ZS,1984,
COD,BN.CAB.XOKA.GD.ZS,1983,
COD,BN.CAB.XOKA.GD.ZS,1982,
COD,BN.CAB.XOKA.GD.ZS,1981,
COD,BN.CAB.XOKA.GD.ZS,1980,
COD,BN.CAB.XOKA.GD.ZS,1979,
COD,BN.CAB.XOKA.GD.ZS,1978,
COD,BN.CAB.XOKA.GD.ZS,1977,
COD,BN.CAB.XOKA.GD.ZS,1976,
COD,BN.CAB.XOKA.GD.ZS,1975,
COD,BN.CAB.XOKA.GD.ZS,1974,
COD,BN.CAB.XOKA.GD.ZS,1973,
COD,BN.CAB.XOKA.GD.ZS,1972,
COD,BN.CAB.XOKA.GD.ZS,1971,
COD,BN.CAB.XOKA.GD.ZS,1970,
COD,BN.CAB.XOKA.GD.ZS,1969,
COD,BN.CAB.XOKA.GD.ZS,1968,
COD,BN.CAB.XOKA.GD.ZS,1967,
COD,BN.CAB.XOKA.GD.ZS,1966,
COD,BN.CAB.XOKA.GD.ZS,1965,
COD,BN.CAB.XOKA.GD.ZS,1964,
COD,BN.CAB.XOKA.GD.ZS,1963,
COD,BN.CAB.XOKA.GD.ZS,1962,
COD,BN.CAB.XOKA.GD.ZS,1961,
COD,BN.CAB.XOKA.GD.ZS,1960,
COG,BN.CAB.XOKA.GD.ZS,2025,
COG,BN.CAB.XOKA.GD.ZS,2024,
COG,BN.CAB.XOKA.GD.ZS,2023,
COG,BN.CAB.XOKA.GD.ZS,2022,
COG,BN.CAB.XOKA.GD.ZS,2021,11.5738751772006
COG,BN.CAB.XOKA.GD.ZS,2020,12.5614280869547
COG,BN.CAB.XOKA.GD.ZS,2019,11.6793050600101
COG,BN.CAB.XOKA.GD.ZS,2018,
COG,BN.CAB.XOKA.GD.ZS,2017,
COG,BN.CAB.XOKA.GD.ZS,2016,-32.8963883802867
COG,BN.CAB.XOKA.GD.ZS,2015,-37.2388274641582
COG,BN.CAB.XOKA.GD.ZS,2014,3.79355485952657
COG,BN.CAB.XOKA.GD.ZS,2013,10.7855804840986
COG,BN.CAB.XOKA.GD.ZS,2012,13.6849086384196
COG,BN.CAB.XOKA.GD.ZS,2011,13.2423472931453
COG,BN.CAB.XOKA.GD.ZS,2010,6.85413566856583
COG,BN.CAB.XOKA.GD.ZS,2009,-14.1030536085047
COG,BN.CAB.XOKA.GD.ZS,2008,7.46170443036968
COG,BN.CAB.XOKA.GD.ZS,2007,-24.0002254918381
COG,BN.CAB.XOKA.GD.ZS,2006,1.53894345042081
COG,BN.CAB.XOKA.GD.ZS,2005,10.4641144260127
COG,BN.CAB.XOKA.GD.ZS,2004,14.5085104569995
COG,BN.CAB.XOKA.GD.ZS,2003,14.8882764007301
COG,BN.CAB.XOKA.GD.ZS,2002,-1.14076678309812
COG,BN.CAB.XOKA.GD.ZS,2001,-1.01723380328061
COG,BN.CAB.XOKA.GD.ZS,2000,20.1289422019463
COG,BN.CAB.XOKA.GD.ZS,1999,-9.79852342002057
COG,BN.CAB.XOKA.GD.ZS,1998,-12.3421441704289
COG,BN.CAB.XOKA.GD.ZS,1997,-6.70967027697312
COG,BN.CAB.XOKA.GD.ZS,1996,-25.6169885221692
COG,BN.CAB.XOKA.GD.ZS,1995,-29.5463927344917
COG,BN.CAB.XOKA.GD.ZS,1994,-44.8409951823334
COG,BN.CAB.XOKA.GD.ZS,1993,-20.5893960957304
COG,BN.CAB.XOKA.GD.ZS,1992,-10.7934054712732
COG,BN.CAB.XOKA.GD.ZS,1991,-16.9376870155112
COG,BN.CAB.XOKA.GD.ZS,1990,-8.97637795425953
COG,BN.CAB.XOKA.GD.ZS,1989,-3.55503079247413
COG,BN.CAB.XOKA.GD.ZS,1988,-20.1330804370954
COG,BN.CAB.XOKA.GD.ZS,1987,-9.69133907709575
COG,BN.CAB.XOKA.GD.ZS,1986,-32.4832378211718
COG,BN.CAB.XOKA.GD.ZS,1985,-7.46302019432509
COG,BN.CAB.XOKA.GD.ZS,1984,9.58226395874383
COG,BN.CAB.XOKA.GD.ZS,1983,-19.1156156143802
COG,BN.CAB.XOKA.GD.ZS,1982,-15.3447405639315
COG,BN.CAB.XOKA.GD.ZS,1981,-23.1101971972452
COG,BN.CAB.XOKA.GD.ZS,1980,-9.76997778326499
COG,BN.CAB.XOKA.GD.ZS,1979,-8.2882352838947
COG,BN.CAB.XOKA.GD.ZS,1978,-20.5516893382486
COG,BN.CAB.XOKA.GD.ZS,1977,
COG,BN.CAB.XOKA.GD.ZS,1976,
COG,BN.CAB.XOKA.GD.ZS,1975,
COG,BN.CAB.XOKA.GD.ZS,1974,
COG,BN.CAB.XOKA.GD.ZS,1973,
COG,BN.CAB.XOKA.GD.ZS,1972,
COG,BN.CAB.XOKA.GD.ZS,1971,
COG,BN.CAB.XOKA.GD.ZS,1970,
COG,BN.CAB.XOKA.GD.ZS,1969,
COG,BN.CAB.XOKA.GD.ZS,1968,
COG,BN.CAB.XOKA.GD.ZS,1967,
COG,BN.CAB.XOKA.GD.ZS,1966,
COG,BN.CAB.XOKA.GD.ZS,1965,
COG,BN.CAB.XOKA.GD.ZS,1964,
COG,BN.CAB.XOKA.GD.ZS,1963,
COG,BN.CAB.XOKA.GD.ZS,1962,
COG,BN.CAB.XOKA.GD.ZS,1961,
COG,BN.CAB.XOKA.GD.ZS,1960,
CRI,BN.CAB.XOKA.GD.ZS,2025,
CRI,BN.CAB.XOKA.GD.ZS,2024,-1.30974019221641
CRI,BN.CAB.XOKA.GD.ZS,2023,-1.4326435676152
CRI,BN.CAB.XOKA.GD.ZS,2022,-3.28139915247022
CRI,BN.CAB.XOKA.GD.ZS,2021,-3.17593347841434
CRI,BN.CAB.XOKA.GD.ZS,2020,-1.0451399398849
CRI,BN.CAB.XOKA.GD.ZS,2019,-1.19007304662516
CRI,BN.CAB.XOKA.GD.ZS,2018,-2.99153112578977
CRI,BN.CAB.XOKA.GD.ZS,2017,-3.61676636348474
CRI,BN.CAB.XOKA.GD.ZS,2016,-2.13651622902175
CRI,BN.CAB.XOKA.GD.ZS,2015,-3.40396456306334
CRI,BN.CAB.XOKA.GD.ZS,2014,-4.71600481230981
CRI,BN.CAB.XOKA.GD.ZS,2013,-4.77170630967613
CRI,BN.CAB.XOKA.GD.ZS,2012,-5.10481785769544
CRI,BN.CAB.XOKA.GD.ZS,2011,-5.29681753650104
CRI,BN.CAB.XOKA.GD.ZS,2010,-3.2233638744529
CRI,BN.CAB.XOKA.GD.ZS,2009,-1.82328161880324
CRI,BN.CAB.XOKA.GD.ZS,2008,-8.37792572859127
CRI,BN.CAB.XOKA.GD.ZS,2007,-5.57495108003314
CRI,BN.CAB.XOKA.GD.ZS,2006,-4.13248459059871
CRI,BN.CAB.XOKA.GD.ZS,2005,-4.29151439430037
CRI,BN.CAB.XOKA.GD.ZS,2004,-3.6271827494939
CRI,BN.CAB.XOKA.GD.ZS,2003,-5.20903348558069
CRI,BN.CAB.XOKA.GD.ZS,2002,-5.18779567292921
CRI,BN.CAB.XOKA.GD.ZS,2001,-3.21895001481533
CRI,BN.CAB.XOKA.GD.ZS,2000,-4.55955827354411
CRI,BN.CAB.XOKA.GD.ZS,1999,-4.6752374776359
CRI,BN.CAB.XOKA.GD.ZS,1998,-3.80546813822407
CRI,BN.CAB.XOKA.GD.ZS,1997,-3.81205832280929
CRI,BN.CAB.XOKA.GD.ZS,1996,-2.25775317412388
CRI,BN.CAB.XOKA.GD.ZS,1995,-3.09313887300943
CRI,BN.CAB.XOKA.GD.ZS,1994,-2.22690318351734
CRI,BN.CAB.XOKA.GD.ZS,1993,-6.48418120757875
CRI,BN.CAB.XOKA.GD.ZS,1992,-4.31713971378434
CRI,BN.CAB.XOKA.GD.ZS,1991,-1.04216824950309
CRI,BN.CAB.XOKA.GD.ZS,1990,-7.42337494326744
CRI,BN.CAB.XOKA.GD.ZS,1989,-7.90131335042768
CRI,BN.CAB.XOKA.GD.ZS,1988,-3.86813252481538
CRI,BN.CAB.XOKA.GD.ZS,1987,-5.65701991400658
CRI,BN.CAB.XOKA.GD.ZS,1986,-1.81037094354636
CRI,BN.CAB.XOKA.GD.ZS,1985,-3.21519372998558
CRI,BN.CAB.XOKA.GD.ZS,1984,-4.12798263463979
CRI,BN.CAB.XOKA.GD.ZS,1983,-8.8948275850256
CRI,BN.CAB.XOKA.GD.ZS,1982,-10.2316270231212
CRI,BN.CAB.XOKA.GD.ZS,1981,-15.5919677851284
CRI,BN.CAB.XOKA.GD.ZS,1980,-13.7412249340551
CRI,BN.CAB.XOKA.GD.ZS,1979,-13.8321726472252
CRI,BN.CAB.XOKA.GD.ZS,1978,-10.3087843953379
CRI,BN.CAB.XOKA.GD.ZS,1977,-7.34272934906268
CRI,BN.CAB.XOKA.GD.ZS,1976,
CRI,BN.CAB.XOKA.GD.ZS,1975,
CRI,BN.CAB.XOKA.GD.ZS,1974,
CRI,BN.CAB.XOKA.GD.ZS,1973,
CRI,BN.CAB.XOKA.GD.ZS,1972,
CRI,BN.CAB.XOKA.GD.ZS,1971,
CRI,BN.CAB.XOKA.GD.ZS,1970,
CRI,BN.CAB.XOKA.GD.ZS,1969,
CRI,BN.CAB.XOKA.GD.ZS,1968,
CRI,BN.CAB.XOKA.GD.ZS,1967,
CRI,BN.CAB.XOKA.GD.ZS,1966,
CRI,BN.CAB.XOKA.GD.ZS,1965,
CRI,BN.CAB.XOKA.GD.ZS,1964,
CRI,BN.CAB.XOKA.GD.ZS,1963,
CRI,BN.CAB.XOKA.GD.ZS,1962,
CRI,BN.CAB.XOKA.GD.ZS,1961,
CRI,BN.CAB.XOKA.GD.ZS,1960,
CIV,BN.CAB.XOKA.GD.ZS,2025,
CIV,BN.CAB.XOKA.GD.ZS,2024,
CIV,BN.CAB.XOKA.GD.ZS,2023,-11.3988511627879
CIV,BN.CAB.XOKA.GD.ZS,2022,-7.60520680486661
CIV,BN.CAB.XOKA.GD.ZS,2021,-3.94825311453383
CIV,BN.CAB.XOKA.GD.ZS,2020,-3.13243536755175
CIV,BN.CAB.XOKA.GD.ZS,2019,-2.23379059024848
CIV,BN.CAB.XOKA.GD.ZS,2018,-3.90363086723185
CIV,BN.CAB.XOKA.GD.ZS,2017,-1.99780015304641
CIV,BN.CAB.XOKA.GD.ZS,2016,-0.855798630849982
CIV,BN.CAB.XOKA.GD.ZS,2015,-0.439534823506041
CIV,BN.CAB.XOKA.GD.ZS,2014,1.04562413672806
CIV,BN.CAB.XOKA.GD.ZS,2013,-1.48012277771383
CIV,BN.CAB.XOKA.GD.ZS,2012,-0.882958574823463
CIV,BN.CAB.XOKA.GD.ZS,2011,7.26612761772171
CIV,BN.CAB.XOKA.GD.ZS,2010,1.33095270108223
CIV,BN.CAB.XOKA.GD.ZS,2009,4.79271756698353
CIV,BN.CAB.XOKA.GD.ZS,2008,1.33044255664335
CIV,BN.CAB.XOKA.GD.ZS,2007,-0.484088679670274
CIV,BN.CAB.XOKA.GD.ZS,2006,1.89621807045563
CIV,BN.CAB.XOKA.GD.ZS,2005,0.165122856652972
CIV,BN.CAB.XOKA.GD.ZS,2004,
CIV,BN.CAB.XOKA.GD.ZS,2003,
CIV,BN.CAB.XOKA.GD.ZS,2002,
CIV,BN.CAB.XOKA.GD.ZS,2001,
CIV,BN.CAB.XOKA.GD.ZS,2000,
CIV,BN.CAB.XOKA.GD.ZS,1999,
CIV,BN.CAB.XOKA.GD.ZS,1998,
CIV,BN.CAB.XOKA.GD.ZS,1997,
CIV,BN.CAB.XOKA.GD.ZS,1996,
CIV,BN.CAB.XOKA.GD.ZS,1995,
CIV,BN.CAB.XOKA.GD.ZS,1994,
CIV,BN.CAB.XOKA.GD.ZS,1993,
CIV,BN.CAB.XOKA.GD.ZS,1992,
CIV,BN.CAB.XOKA.GD.ZS,1991,
CIV,BN.CAB.XOKA.GD.ZS,1990,
CIV,BN.CAB.XOKA.GD.ZS,1989,
CIV,BN.CAB.XOKA.GD.ZS,1988,
CIV,BN.CAB.XOKA.GD.ZS,1987,
CIV,BN.CAB.XOKA.GD.ZS,1986,
CIV,BN.CAB.XOKA.GD.ZS,1985,
CIV,BN.CAB.XOKA.GD.ZS,1984,
CIV,BN.CAB.XOKA.GD.ZS,1983,
CIV,BN.CAB.XOKA.GD.ZS,1982,
CIV,BN.CAB.XOKA.GD.ZS,1981,
CIV,BN.CAB.XOKA.GD.ZS,1980,
CIV,BN.CAB.XOKA.GD.ZS,1979,
CIV,BN.CAB.XOKA.GD.ZS,1978,
CIV,BN.CAB.XOKA.GD.ZS,1977,
CIV,BN.CAB.XOKA.GD.ZS,1976,
CIV,BN.CAB.XOKA.GD.ZS,1975,
CIV,BN.CAB.XOKA.GD.ZS,1974,
CIV,BN.CAB.XOKA.GD.ZS,1973,
CIV,BN.CAB.XOKA.GD.ZS,1972,
CIV,BN.CAB.XOKA.GD.ZS,1971,
CIV,BN.CAB.XOKA.GD.ZS,1970,
CIV,BN.CAB.XOKA.GD.ZS,1969,
CIV,BN.CAB.XOKA.GD.ZS,1968,
CIV,BN.CAB.XOKA.GD.ZS,1967,
CIV,BN.CAB.XOKA.GD.ZS,1966,
CIV,BN.CAB.XOKA.GD.ZS,1965,
CIV,BN.CAB.XOKA.GD.ZS,1964,
CIV,BN.CAB.XOKA.GD.ZS,1963,
CIV,BN.CAB.XOKA.GD.ZS,1962,
CIV,BN.CAB.XOKA.GD.ZS,1961,
CIV,BN.CAB.XOKA.GD.ZS,1960,
HRV,BN.CAB.XOKA.GD.ZS,2025,
HRV,BN.CAB.XOKA.GD.ZS,2024,-1.12838479239856
HRV,BN.CAB.XOKA.GD.ZS,2023,0.742746032390902
HRV,BN.CAB.XOKA.GD.ZS,2022,-3.68089308009808
HRV,BN.CAB.XOKA.GD.ZS,2021,0.807924327122545
HRV,BN.CAB.XOKA.GD.ZS,2020,-0.794764787152176
HRV,BN.CAB.XOKA.GD.ZS,2019,2.63944112077443
HRV,BN.CAB.XOKA.GD.ZS,2018,1.21879767278773
HRV,BN.CAB.XOKA.GD.ZS,2017,4.05058564025186
HRV,BN.CAB.XOKA.GD.ZS,2016,2.46278248048211
HRV,BN.CAB.XOKA.GD.ZS,2015,2.8160395582054
HRV,BN.CAB.XOKA.GD.ZS,2014,0.393646518692682
HRV,BN.CAB.XOKA.GD.ZS,2013,-0.859052189222237
HRV,BN.CAB.XOKA.GD.ZS,2012,-0.361346953174399
HRV,BN.CAB.XOKA.GD.ZS,2011,-1.66263208640643
HRV,BN.CAB.XOKA.GD.ZS,2010,-2.51842272366615
HRV,BN.CAB.XOKA.GD.ZS,2009,-6.55709632697428
HRV,BN.CAB.XOKA.GD.ZS,2008,-10.9284028864315
HRV,BN.CAB.XOKA.GD.ZS,2007,-8.01574127853192
HRV,BN.CAB.XOKA.GD.ZS,2006,-7.88445610459166
HRV,BN.CAB.XOKA.GD.ZS,2005,-7.53586560507972
HRV,BN.CAB.XOKA.GD.ZS,2004,-6.14980575305839
HRV,BN.CAB.XOKA.GD.ZS,2003,-9.10663581966419
HRV,BN.CAB.XOKA.GD.ZS,2002,-6.2103221208118
HRV,BN.CAB.XOKA.GD.ZS,2001,-2.23834054152959
HRV,BN.CAB.XOKA.GD.ZS,2000,-1.52722841882587
HRV,BN.CAB.XOKA.GD.ZS,1999,-6.31890080016949
HRV,BN.CAB.XOKA.GD.ZS,1998,-5.28883442850186
HRV,BN.CAB.XOKA.GD.ZS,1997,-10.3392081685164
HRV,BN.CAB.XOKA.GD.ZS,1996,-4.51917827489029
HRV,BN.CAB.XOKA.GD.ZS,1995,-6.33173304670167
HRV,BN.CAB.XOKA.GD.ZS,1994,5.11543986832586
HRV,BN.CAB.XOKA.GD.ZS,1993,6.16611948406294
HRV,BN.CAB.XOKA.GD.ZS,1992,
HRV,BN.CAB.XOKA.GD.ZS,1991,
HRV,BN.CAB.XOKA.GD.ZS,1990,
HRV,BN.CAB.XOKA.GD.ZS,1989,
HRV,BN.CAB.XOKA.GD.ZS,1988,
HRV,BN.CAB.XOKA.GD.ZS,1987,
HRV,BN.CAB.XOKA.GD.ZS,1986,
HRV,BN.CAB.XOKA.GD.ZS,1985,
HRV,BN.CAB.XOKA.GD.ZS,1984,
HRV,BN.CAB.XOKA.GD.ZS,1983,
HRV,BN.CAB.XOKA.GD.ZS,1982,
HRV,BN.CAB.XOKA.GD.ZS,1981,
HRV,BN.CAB.XOKA.GD.ZS,1980,
HRV,BN.CAB.XOKA.GD.ZS,1979,
HRV,BN.CAB.XOKA.GD.ZS,1978,
HRV,BN.CAB.XOKA.GD.ZS,1977,
HRV,BN.CAB.XOKA.GD.ZS,1976,
HRV,BN.CAB.XOKA.GD.ZS,1975,
HRV,BN.CAB.XOKA.GD.ZS,1974,
HRV,BN.CAB.XOKA.GD.ZS,1973,
HRV,BN.CAB.XOKA.GD.ZS,1972,
HRV,BN.CAB.XOKA.GD.ZS,1971,
HRV,BN.CAB.XOKA.GD.ZS,1970,
HRV,BN.CAB.XOKA.GD.ZS,1969,
HRV,BN.CAB.XOKA.GD.ZS,1968,
HRV,BN.CAB.XOKA.GD.ZS,1967,
HRV,BN.CAB.XOKA.GD.ZS,1966,
HRV,BN.CAB.XOKA.GD.ZS,1965,
HRV,BN.CAB.XOKA.GD.ZS,1964,
HRV,BN.CAB.XOKA.GD.ZS,1963,
HRV,BN.CAB.XOKA.GD.ZS,1962,
HRV,BN.CAB.XOKA.GD.ZS,1961,
HRV,BN.CAB.XOKA.GD.ZS,1960,
CUB,BN.CAB.XOKA.GD.ZS,2025,
CUB,BN.CAB.XOKA.GD.ZS,2024,
CUB,BN.CAB.XOKA.GD.ZS,2023,
CUB,BN.CAB.XOKA.GD.ZS,2022,
CUB,BN.CAB.XOKA.GD.ZS,2021,
CUB,BN.CAB.XOKA.GD.ZS,2020,
CUB,BN.CAB.XOKA.GD.ZS,2019,
CUB,BN.CAB.XOKA.GD.ZS,2018,
CUB,BN.CAB.XOKA.GD.ZS,2017,
CUB,BN.CAB.XOKA.GD.ZS,2016,
CUB,BN.CAB.XOKA.GD.ZS,2015,
CUB,BN.CAB.XOKA.GD.ZS,2014,
CUB,BN.CAB.XOKA.GD.ZS,2013,
CUB,BN.CAB.XOKA.GD.ZS,2012,
CUB,BN.CAB.XOKA.GD.ZS,2011,
CUB,BN.CAB.XOKA.GD.ZS,2010,
CUB,BN.CAB.XOKA.GD.ZS,2009,
CUB,BN.CAB.XOKA.GD.ZS,2008,
CUB,BN.CAB.XOKA.GD.ZS,2007,
CUB,BN.CAB.XOKA.GD.ZS,2006,
CUB,BN.CAB.XOKA.GD.ZS,2005,
CUB,BN.CAB.XOKA.GD.ZS,2004,
CUB,BN.CAB.XOKA.GD.ZS,2003,
CUB,BN.CAB.XOKA.GD.ZS,2002,
CUB,BN.CAB.XOKA.GD.ZS,2001,
CUB,BN.CAB.XOKA.GD.ZS,2000,
CUB,BN.CAB.XOKA.GD.ZS,1999,
CUB,BN.CAB.XOKA.GD.ZS,1998,
CUB,BN.CAB.XOKA.GD.ZS,1997,
CUB,BN.CAB.XOKA.GD.ZS,1996,
CUB,BN.CAB.XOKA.GD.ZS,1995,
CUB,BN.CAB.XOKA.GD.ZS,1994,
CUB,BN.CAB.XOKA.GD.ZS,1993,
CUB,BN.CAB.XOKA.GD.ZS,1992,
CUB,BN.CAB.XOKA.GD.ZS,1991,
CUB,BN.CAB.XOKA.GD.ZS,1990,
CUB,BN.CAB.XOKA.GD.ZS,1989,
CUB,BN.CAB.XOKA.GD.ZS,1988,
CUB,BN.CAB.XOKA.GD.ZS,1987,
CUB,BN.CAB.XOKA.GD.ZS,1986,
CUB,BN.CAB.XOKA.GD.ZS,1985,
CUB,BN.CAB.XOKA.GD.ZS,1984,
CUB,BN.CAB.XOKA.GD.ZS,1983,
CUB,BN.CAB.XOKA.GD.ZS,1982,
CUB,BN.CAB.XOKA.GD.ZS,1981,
CUB,BN.CAB.XOKA.GD.ZS,1980,
CUB,BN.CAB.XOKA.GD.ZS,1979,
CUB,BN.CAB.XOKA.GD.ZS,1978,
CUB,BN.CAB.XOKA.GD.ZS,1977,
CUB,BN.CAB.XOKA.GD.ZS,1976,
CUB,BN.CAB.XOKA.GD.ZS,1975,
CUB,BN.CAB.XOKA.GD.ZS,1974,
CUB,BN.CAB.XOKA.GD.ZS,1973,
CUB,BN.CAB.XOKA.GD.ZS,1972,
CUB,BN.CAB.XOKA.GD.ZS,1971,
CUB,BN.CAB.XOKA.GD.ZS,1970,
CUB,BN.CAB.XOKA.GD.ZS,1969,
CUB,BN.CAB.XOKA.GD.ZS,1968,
CUB,BN.CAB.XOKA.GD.ZS,1967,
CUB,BN.CAB.XOKA.GD.ZS,1966,
CUB,BN.CAB.XOKA.GD.ZS,1965,
CUB,BN.CAB.XOKA.GD.ZS,1964,
CUB,BN.CAB.XOKA.GD.ZS,1963,
CUB,BN.CAB.XOKA.GD.ZS,1962,
CUB,BN.CAB.XOKA.GD.ZS,1961,
CUB,BN.CAB.XOKA.GD.ZS,1960,
CUW,BN.CAB.XOKA.GD.ZS,2025,
CUW,BN.CAB.XOKA.GD.ZS,2024,
CUW,BN.CAB.XOKA.GD.ZS,2023,-19.9513589557703
CUW,BN.CAB.XOKA.GD.ZS,2022,-26.7518167491028
CUW,BN.CAB.XOKA.GD.ZS,2021,-18.5705651511332
CUW,BN.CAB.XOKA.GD.ZS,2020,-27.1790165849208
CUW,BN.CAB.XOKA.GD.ZS,2019,-17.8687623818489
CUW,BN.CAB.XOKA.GD.ZS,2018,-26.6788618293987
CUW,BN.CAB.XOKA.GD.ZS,2017,-22.408060054686
CUW,BN.CAB.XOKA.GD.ZS,2016,-19.3487658928601
CUW,BN.CAB.XOKA.GD.ZS,2015,-16.9786946407484
CUW,BN.CAB.XOKA.GD.ZS,2014,-16.5331269497382
CUW,BN.CAB.XOKA.GD.ZS,2013,-25.1892796048519
CUW,BN.CAB.XOKA.GD.ZS,2012,-29.7077853277585
CUW,BN.CAB.XOKA.GD.ZS,2011,-30.0160245986954
CUW,BN.CAB.XOKA.GD.ZS,2010,
CUW,BN.CAB.XOKA.GD.ZS,2009,
CUW,BN.CAB.XOKA.GD.ZS,2008,
CUW,BN.CAB.XOKA.GD.ZS,2007,
CUW,BN.CAB.XOKA.GD.ZS,2006,
CUW,BN.CAB.XOKA.GD.ZS,2005,
CUW,BN.CAB.XOKA.GD.ZS,2004,
CUW,BN.CAB.XOKA.GD.ZS,2003,
CUW,BN.CAB.XOKA.GD.ZS,2002,
CUW,BN.CAB.XOKA.GD.ZS,2001,
CUW,BN.CAB.XOKA.GD.ZS,2000,
CUW,BN.CAB.XOKA.GD.ZS,1999,
CUW,BN.CAB.XOKA.GD.ZS,1998,
CUW,BN.CAB.XOKA.GD.ZS,1997,
CUW,BN.CAB.XOKA.GD.ZS,1996,
CUW,BN.CAB.XOKA.GD.ZS,1995,
CUW,BN.CAB.XOKA.GD.ZS,1994,
CUW,BN.CAB.XOKA.GD.ZS,1993,
CUW,BN.CAB.XOKA.GD.ZS,1992,
CUW,BN.CAB.XOKA.GD.ZS,1991,
CUW,BN.CAB.XOKA.GD.ZS,1990,
CUW,BN.CAB.XOKA.GD.ZS,1989,
CUW,BN.CAB.XOKA.GD.ZS,1988,
CUW,BN.CAB.XOKA.GD.ZS,1987,
CUW,BN.CAB.XOKA.GD.ZS,1986,
CUW,BN.CAB.XOKA.GD.ZS,1985,
CUW,BN.CAB.XOKA.GD.ZS,1984,
CUW,BN.CAB.XOKA.GD.ZS,1983,
CUW,BN.CAB.XOKA.GD.ZS,1982,
CUW,BN.CAB.XOKA.GD.ZS,1981,
CUW,BN.CAB.XOKA.GD.ZS,1980,
CUW,BN.CAB.XOKA.GD.ZS,1979,
CUW,BN.CAB.XOKA.GD.ZS,1978,
CUW,BN.CAB.XOKA.GD.ZS,1977,
CUW,BN.CAB.XOKA.GD.ZS,1976,
CUW,BN.CAB.XOKA.GD.ZS,1975,
CUW,BN.CAB.XOKA.GD.ZS,1974,
CUW,BN.CAB.XOKA.GD.ZS,1973,
CUW,BN.CAB.XOKA.GD.ZS,1972,
CUW,BN.CAB.XOKA.GD.ZS,1971,
CUW,BN.CAB.XOKA.GD.ZS,1970,
CUW,BN.CAB.XOKA.GD.ZS,1969,
CUW,BN.CAB.XOKA.GD.ZS,1968,
CUW,BN.CAB.XOKA.GD.ZS,1967,
CUW,BN.CAB.XOKA.GD.ZS,1966,
CUW,BN.CAB.XOKA.GD.ZS,1965,
CUW,BN.CAB.XOKA.GD.ZS,1964,
CUW,BN.CAB.XOKA.GD.ZS,1963,
CUW,BN.CAB.XOKA.GD.ZS,1962,
CUW,BN.CAB.XOKA.GD.ZS,1961,
CUW,BN.CAB.XOKA.GD.ZS,1960,
CYP,BN.CAB.XOKA.GD.ZS,2025,
CYP,BN.CAB.XOKA.GD.ZS,2024,-8.15906957648769
CYP,BN.CAB.XOKA.GD.ZS,2023,-9.70178364214433
CYP,BN.CAB.XOKA.GD.ZS,2022,-6.97567030730339
CYP,BN.CAB.XOKA.GD.ZS,2021,-5.5665991993294
CYP,BN.CAB.XOKA.GD.ZS,2020,-9.70521766643821
CYP,BN.CAB.XOKA.GD.ZS,2019,-5.52358779333744
CYP,BN.CAB.XOKA.GD.ZS,2018,-3.74116387276707
CYP,BN.CAB.XOKA.GD.ZS,2017,-4.91227621613631
CYP,BN.CAB.XOKA.GD.ZS,2016,-3.87009257416934
CYP,BN.CAB.XOKA.GD.ZS,2015,-0.244186265425847
CYP,BN.CAB.XOKA.GD.ZS,2014,-4.07615408092307
CYP,BN.CAB.XOKA.GD.ZS,2013,-1.50316970166727
CYP,BN.CAB.XOKA.GD.ZS,2012,-3.86860062836353
CYP,BN.CAB.XOKA.GD.ZS,2011,-2.09343664640065
CYP,BN.CAB.XOKA.GD.ZS,2010,-10.7622757102317
CYP,BN.CAB.XOKA.GD.ZS,2009,-6.67074544398166
CYP,BN.CAB.XOKA.GD.ZS,2008,-14.4443028383531
CYP,BN.CAB.XOKA.GD.ZS,2007,-7.63669144927273
CYP,BN.CAB.XOKA.GD.ZS,2006,-6.36794765544159
CYP,BN.CAB.XOKA.GD.ZS,2005,-5.26682635799638
CYP,BN.CAB.XOKA.GD.ZS,2004,-4.77327486436682
CYP,BN.CAB.XOKA.GD.ZS,2003,-2.00767143097125
CYP,BN.CAB.XOKA.GD.ZS,2002,-3.32012511756835
CYP,BN.CAB.XOKA.GD.ZS,2001,-3.09916834386667
CYP,BN.CAB.XOKA.GD.ZS,2000,-4.88747484293358
CYP,BN.CAB.XOKA.GD.ZS,1999,-1.62158738894853
CYP,BN.CAB.XOKA.GD.ZS,1998,2.84348035393524
CYP,BN.CAB.XOKA.GD.ZS,1997,-4.37875893634201
CYP,BN.CAB.XOKA.GD.ZS,1996,-4.67156754364255
CYP,BN.CAB.XOKA.GD.ZS,1995,-2.06499778344603
CYP,BN.CAB.XOKA.GD.ZS,1994,1.00140507465941
CYP,BN.CAB.XOKA.GD.ZS,1993,1.66562701377823
CYP,BN.CAB.XOKA.GD.ZS,1992,-9.23295527901852
CYP,BN.CAB.XOKA.GD.ZS,1991,-7.28400581413835
CYP,BN.CAB.XOKA.GD.ZS,1990,-2.76044154525839
CYP,BN.CAB.XOKA.GD.ZS,1989,-5.4491996749029
CYP,BN.CAB.XOKA.GD.ZS,1988,-2.51426419493428
CYP,BN.CAB.XOKA.GD.ZS,1987,-0.207588387653008
CYP,BN.CAB.XOKA.GD.ZS,1986,-0.611948219842198
CYP,BN.CAB.XOKA.GD.ZS,1985,-7.41559501893476
CYP,BN.CAB.XOKA.GD.ZS,1984,-9.72778995567469
CYP,BN.CAB.XOKA.GD.ZS,1983,-9.49253771906639
CYP,BN.CAB.XOKA.GD.ZS,1982,-8.25155340528272
CYP,BN.CAB.XOKA.GD.ZS,1981,-8.22974930876581
CYP,BN.CAB.XOKA.GD.ZS,1980,-11.9907981669638
CYP,BN.CAB.XOKA.GD.ZS,1979,-18.6088575041543
CYP,BN.CAB.XOKA.GD.ZS,1978,-19.1904341400288
CYP,BN.CAB.XOKA.GD.ZS,1977,-14.2371887242986
CYP,BN.CAB.XOKA.GD.ZS,1976,-4.60922068316045
CYP,BN.CAB.XOKA.GD.ZS,1975,
CYP,BN.CAB.XOKA.GD.ZS,1974,
CYP,BN.CAB.XOKA.GD.ZS,1973,
CYP,BN.CAB.XOKA.GD.ZS,1972,
CYP,BN.CAB.XOKA.GD.ZS,1971,
CYP,BN.CAB.XOKA.GD.ZS,1970,
CYP,BN.CAB.XOKA.GD.ZS,1969,
CYP,BN.CAB.XOKA.GD.ZS,1968,
CYP,BN.CAB.XOKA.GD.ZS,1967,
CYP,BN.CAB.XOKA.GD.ZS,1966,
CYP,BN.CAB.XOKA.GD.ZS,1965,
CYP,BN.CAB.XOKA.GD.ZS,1964,
CYP,BN.CAB.XOKA.GD.ZS,1963,
CYP,BN.CAB.XOKA.GD.ZS,1962,
CYP,BN.CAB.XOKA.GD.ZS,1961,
CYP,BN.CAB.XOKA.GD.ZS,1960,
CZE,BN.CAB.XOKA.GD.ZS,2025,
CZE,BN.CAB.XOKA.GD.ZS,2024,1.74244358000018
CZE,BN.CAB.XOKA.GD.ZS,2023,-0.125406557037842
CZE,BN.CAB.XOKA.GD.ZS,2022,-4.52048439437013
CZE,BN.CAB.XOKA.GD.ZS,2021,-2.04624111898244
CZE,BN.CAB.XOKA.GD.ZS,2020,1.7852008079583
CZE,BN.CAB.XOKA.GD.ZS,2019,0.356195094422182
CZE,BN.CAB.XOKA.GD.ZS,2018,0.451859774047591
CZE,BN.CAB.XOKA.GD.ZS,2017,1.35301705500193
CZE,BN.CAB.XOKA.GD.ZS,2016,1.74734921729713
CZE,BN.CAB.XOKA.GD.ZS,2015,0.446971205922034
CZE,BN.CAB.XOKA.GD.ZS,2014,0.217020094001342
CZE,BN.CAB.XOKA.GD.ZS,2013,-0.519137991701544
CZE,BN.CAB.XOKA.GD.ZS,2012,-1.501449440317
CZE,BN.CAB.XOKA.GD.ZS,2011,-2.1691537824734
CZE,BN.CAB.XOKA.GD.ZS,2010,-3.48120039690542
CZE,BN.CAB.XOKA.GD.ZS,2009,-2.35286468331654
CZE,BN.CAB.XOKA.GD.ZS,2008,-1.86377838067906
CZE,BN.CAB.XOKA.GD.ZS,2007,-4.70721210136984
CZE,BN.CAB.XOKA.GD.ZS,2006,-2.55771892805225
CZE,BN.CAB.XOKA.GD.ZS,2005,-2.0469317715426
CZE,BN.CAB.XOKA.GD.ZS,2004,-3.70977039606132
CZE,BN.CAB.XOKA.GD.ZS,2003,-5.76037419921863
CZE,BN.CAB.XOKA.GD.ZS,2002,-5.16274750389645
CZE,BN.CAB.XOKA.GD.ZS,2001,-4.80305110479948
CZE,BN.CAB.XOKA.GD.ZS,2000,-4.3260595580812
CZE,BN.CAB.XOKA.GD.ZS,1999,-2.23483455253069
CZE,BN.CAB.XOKA.GD.ZS,1998,-1.94722596154938
CZE,BN.CAB.XOKA.GD.ZS,1997,-5.79107713467812
CZE,BN.CAB.XOKA.GD.ZS,1996,-6.0874677131831
CZE,BN.CAB.XOKA.GD.ZS,1995,-2.26757320329168
CZE,BN.CAB.XOKA.GD.ZS,1994,-1.70139298961709
CZE,BN.CAB.XOKA.GD.ZS,1993,1.1330967168381
CZE,BN.CAB.XOKA.GD.ZS,1992,
CZE,BN.CAB.XOKA.GD.ZS,1991,
CZE,BN.CAB.XOKA.GD.ZS,1990,
CZE,BN.CAB.XOKA.GD.ZS,1989,
CZE,BN.CAB.XOKA.GD.ZS,1988,
CZE,BN.CAB.XOKA.GD.ZS,1987,
CZE,BN.CAB.XOKA.GD.ZS,1986,
CZE,BN.CAB.XOKA.GD.ZS,1985,
CZE,BN.CAB.XOKA.GD.ZS,1984,
CZE,BN.CAB.XOKA.GD.ZS,1983,
CZE,BN.CAB.XOKA.GD.ZS,1982,
CZE,BN.CAB.XOKA.GD.ZS,1981,
CZE,BN.CAB.XOKA.GD.ZS,1980,
CZE,BN.CAB.XOKA.GD.ZS,1979,
CZE,BN.CAB.XOKA.GD.ZS,1978,
CZE,BN.CAB.XOKA.GD.ZS,1977,
CZE,BN.CAB.XOKA.GD.ZS,1976,
CZE,BN.CAB.XOKA.GD.ZS,1975,
CZE,BN.CAB.XOKA.GD.ZS,1974,
CZE,BN.CAB.XOKA.GD.ZS,1973,
CZE,BN.CAB.XOKA.GD.ZS,1972,
CZE,BN.CAB.XOKA.GD.ZS,1971,
CZE,BN.CAB.XOKA.GD.ZS,1970,
CZE,BN.CAB.XOKA.GD.ZS,1969,
CZE,BN.CAB.XOKA.GD.ZS,1968,
CZE,BN.CAB.XOKA.GD.ZS,1967,
CZE,BN.CAB.XOKA.GD.ZS,1966,
CZE,BN.CAB.XOKA.GD.ZS,1965,
CZE,BN.CAB.XOKA.GD.ZS,1964,
CZE,BN.CAB.XOKA.GD.ZS,1963,
CZE,BN.CAB.XOKA.GD.ZS,1962,
CZE,BN.CAB.XOKA.GD.ZS,1961,
CZE,BN.CAB.XOKA.GD.ZS,1960,
DNK,BN.CAB.XOKA.GD.ZS,2025,
DNK,BN.CAB.XOKA.GD.ZS,2024,12.2782622922388
DNK,BN.CAB.XOKA.GD.ZS,2023,11.0971102484847
DNK,BN.CAB.XOKA.GD.ZS,2022,11.1530363234679
DNK,BN.CAB.XOKA.GD.ZS,2021,8.60686861056622
DNK,BN.CAB.XOKA.GD.ZS,2020,7.31174171634934
DNK,BN.CAB.XOKA.GD.ZS,2019,7.51157692205496
DNK,BN.CAB.XOKA.GD.ZS,2018,6.32147869586371
DNK,BN.CAB.XOKA.GD.ZS,2017,7.43235705188882
DNK,BN.CAB.XOKA.GD.ZS,2016,7.1535241379713
DNK,BN.CAB.XOKA.GD.ZS,2015,8.03310119340128
DNK,BN.CAB.XOKA.GD.ZS,2014,8.33724641683404
DNK,BN.CAB.XOKA.GD.ZS,2013,7.38438213074311
DNK,BN.CAB.XOKA.GD.ZS,2012,6.04077392997687
DNK,BN.CAB.XOKA.GD.ZS,2011,6.33895025513779
DNK,BN.CAB.XOKA.GD.ZS,2010,6.39689740721911
DNK,BN.CAB.XOKA.GD.ZS,2009,3.670308987932
DNK,BN.CAB.XOKA.GD.ZS,2008,2.93344197648404
DNK,BN.CAB.XOKA.GD.ZS,2007,1.51196754347491
DNK,BN.CAB.XOKA.GD.ZS,2006,3.33878587946735
DNK,BN.CAB.XOKA.GD.ZS,2005,4.15137874873849
DNK,BN.CAB.XOKA.GD.ZS,2004,2.35760495195269
DNK,BN.CAB.XOKA.GD.ZS,2003,3.18790770063056
DNK,BN.CAB.XOKA.GD.ZS,2002,1.93547973055908
DNK,BN.CAB.XOKA.GD.ZS,2001,2.94033572239732
DNK,BN.CAB.XOKA.GD.ZS,2000,1.37879989622757
DNK,BN.CAB.XOKA.GD.ZS,1999,1.71298625187982
DNK,BN.CAB.XOKA.GD.ZS,1998,-1.13530538852638
DNK,BN.CAB.XOKA.GD.ZS,1997,0.531779842222929
DNK,BN.CAB.XOKA.GD.ZS,1996,1.64799093505223
DNK,BN.CAB.XOKA.GD.ZS,1995,1.00340778021557
DNK,BN.CAB.XOKA.GD.ZS,1994,2.04424373399312
DNK,BN.CAB.XOKA.GD.ZS,1993,3.3761876880507
DNK,BN.CAB.XOKA.GD.ZS,1992,2.74488364106853
DNK,BN.CAB.XOKA.GD.ZS,1991,1.42496597503466
DNK,BN.CAB.XOKA.GD.ZS,1990,0.992308259412131
DNK,BN.CAB.XOKA.GD.ZS,1989,-0.995137848272316
DNK,BN.CAB.XOKA.GD.ZS,1988,-1.15966444750152
DNK,BN.CAB.XOKA.GD.ZS,1987,-2.7490475260444
DNK,BN.CAB.XOKA.GD.ZS,1986,-5.11696670702114
DNK,BN.CAB.XOKA.GD.ZS,1985,-4.43064275946123
DNK,BN.CAB.XOKA.GD.ZS,1984,-2.91850423378435
DNK,BN.CAB.XOKA.GD.ZS,1983,-2.29033959756587
DNK,BN.CAB.XOKA.GD.ZS,1982,-3.75955385046958
DNK,BN.CAB.XOKA.GD.ZS,1981,-3.05087858330796
DNK,BN.CAB.XOKA.GD.ZS,1980,-3.37365496068018
DNK,BN.CAB.XOKA.GD.ZS,1979,-4.34167552389373
DNK,BN.CAB.XOKA.GD.ZS,1978,-2.49034551247231
DNK,BN.CAB.XOKA.GD.ZS,1977,-3.46471817721577
DNK,BN.CAB.XOKA.GD.ZS,1976,-4.30054257218049
DNK,BN.CAB.XOKA.GD.ZS,1975,-1.2123807575828
DNK,BN.CAB.XOKA.GD.ZS,1974,
DNK,BN.CAB.XOKA.GD.ZS,1973,
DNK,BN.CAB.XOKA.GD.ZS,1972,
DNK,BN.CAB.XOKA.GD.ZS,1971,
DNK,BN.CAB.XOKA.GD.ZS,1970,
DNK,BN.CAB.XOKA.GD.ZS,1969,
DNK,BN.CAB.XOKA.GD.ZS,1968,
DNK,BN.CAB.XOKA.GD.ZS,1967,
DNK,BN.CAB.XOKA.GD.ZS,1966,
DNK,BN.CAB.XOKA.GD.ZS,1965,
DNK,BN.CAB.XOKA.GD.ZS,1964,
DNK,BN.CAB.XOKA.GD.ZS,1963,
DNK,BN.CAB.XOKA.GD.ZS,1962,
DNK,BN.CAB.XOKA.GD.ZS,1961,
DNK,BN.CAB.XOKA.GD.ZS,1960,
DJI,BN.CAB.XOKA.GD.ZS,2025,
DJI,BN.CAB.XOKA.GD.ZS,2024,14.6941756648345
DJI,BN.CAB.XOKA.GD.ZS,2023,18.5034837806032
DJI,BN.CAB.XOKA.GD.ZS,2022,18.418217152052
DJI,BN.CAB.XOKA.GD.ZS,2021,-6.63481531701169
DJI,BN.CAB.XOKA.GD.ZS,2020,11.6521171854969
DJI,BN.CAB.XOKA.GD.ZS,2019,18.2584391861665
DJI,BN.CAB.XOKA.GD.ZS,2018,14.711779905443
DJI,BN.CAB.XOKA.GD.ZS,2017,-4.79510874009852
DJI,BN.CAB.XOKA.GD.ZS,2016,-1.00034788975653
DJI,BN.CAB.XOKA.GD.ZS,2015,29.4599511791353
DJI,BN.CAB.XOKA.GD.ZS,2014,23.8932174835351
DJI,BN.CAB.XOKA.GD.ZS,2013,-30.7512096888003
DJI,BN.CAB.XOKA.GD.ZS,2012,-10.9311673573902
DJI,BN.CAB.XOKA.GD.ZS,2011,-13.8678242864019
DJI,BN.CAB.XOKA.GD.ZS,2010,4.47357137871551
DJI,BN.CAB.XOKA.GD.ZS,2009,-6.77718840004505
DJI,BN.CAB.XOKA.GD.ZS,2008,-22.5587851004156
DJI,BN.CAB.XOKA.GD.ZS,2007,-20.2086361012123
DJI,BN.CAB.XOKA.GD.ZS,2006,-2.15448790661934
DJI,BN.CAB.XOKA.GD.ZS,2005,2.84105797251049
DJI,BN.CAB.XOKA.GD.ZS,2004,0.473072861668425
DJI,BN.CAB.XOKA.GD.ZS,2003,12.7055171216024
DJI,BN.CAB.XOKA.GD.ZS,2002,11.8252569135346
DJI,BN.CAB.XOKA.GD.ZS,2001,12.0278460954718
DJI,BN.CAB.XOKA.GD.ZS,2000,6.04193525666741
DJI,BN.CAB.XOKA.GD.ZS,1999,12.9648892075064
DJI,BN.CAB.XOKA.GD.ZS,1998,8.53208339077553
DJI,BN.CAB.XOKA.GD.ZS,1997,10.6026685770574
DJI,BN.CAB.XOKA.GD.ZS,1996,13.8618372344666
DJI,BN.CAB.XOKA.GD.ZS,1995,15.5987157456815
DJI,BN.CAB.XOKA.GD.ZS,1994,16.3154371248577
DJI,BN.CAB.XOKA.GD.ZS,1993,23.8256791900186
DJI,BN.CAB.XOKA.GD.ZS,1992,14.6514283023976
DJI,BN.CAB.XOKA.GD.ZS,1991,22.0729331569769
DJI,BN.CAB.XOKA.GD.ZS,1990,
DJI,BN.CAB.XOKA.GD.ZS,1989,
DJI,BN.CAB.XOKA.GD.ZS,1988,
DJI,BN.CAB.XOKA.GD.ZS,1987,
DJI,BN.CAB.XOKA.GD.ZS,1986,
DJI,BN.CAB.XOKA.GD.ZS,1985,
DJI,BN.CAB.XOKA.GD.ZS,1984,
DJI,BN.CAB.XOKA.GD.ZS,1983,
DJI,BN.CAB.XOKA.GD.ZS,1982,
DJI,BN.CAB.XOKA.GD.ZS,1981,
DJI,BN.CAB.XOKA.GD.ZS,1980,
DJI,BN.CAB.XOKA.GD.ZS,1979,
DJI,BN.CAB.XOKA.GD.ZS,1978,
DJI,BN.CAB.XOKA.GD.ZS,1977,
DJI,BN.CAB.XOKA.GD.ZS,1976,
DJI,BN.CAB.XOKA.GD.ZS,1975,
DJI,BN.CAB.XOKA.GD.ZS,1974,
DJI,BN.CAB.XOKA.GD.ZS,1973,
DJI,BN.CAB.XOKA.GD.ZS,1972,
DJI,BN.CAB.XOKA.GD.ZS,1971,
DJI,BN.CAB.XOKA.GD.ZS,1970,
DJI,BN.CAB.XOKA.GD.ZS,1969,
DJI,BN.CAB.XOKA.GD.ZS,1968,
DJI,BN.CAB.XOKA.GD.ZS,1967,
DJI,BN.CAB.XOKA.GD.ZS,1966,
DJI,BN.CAB.XOKA.GD.ZS,1965,
DJI,BN.CAB.XOKA.GD.ZS,1964,
DJI,BN.CAB.XOKA.GD.ZS,1963,
DJI,BN.CAB.XOKA.GD.ZS,1962,
DJI,BN.CAB.XOKA.GD.ZS,1961,
DJI,BN.CAB.XOKA.GD.ZS,1960,
DMA,BN.CAB.XOKA.GD.ZS,2025,
DMA,BN.CAB.XOKA.GD.ZS,2024,-23.2434466499639
DMA,BN.CAB.XOKA.GD.ZS,2023,-33.9190843416809
DMA,BN.CAB.XOKA.GD.ZS,2022,-26.2807954727838
DMA,BN.CAB.XOKA.GD.ZS,2021,-33.0604505678154
DMA,BN.CAB.XOKA.GD.ZS,2020,-35.2351867100794
DMA,BN.CAB.XOKA.GD.ZS,2019,-36.1951486634089
DMA,BN.CAB.XOKA.GD.ZS,2018,-41.1963949394604
DMA,BN.CAB.XOKA.GD.ZS,2017,-10.2099529307271
DMA,BN.CAB.XOKA.GD.ZS,2016,-8.45275386663789
DMA,BN.CAB.XOKA.GD.ZS,2015,-6.56710220155754
DMA,BN.CAB.XOKA.GD.ZS,2014,-6.21279255214796
DMA,BN.CAB.XOKA.GD.ZS,2013,-17.0836404533407
DMA,BN.CAB.XOKA.GD.ZS,2012,-16.518817887546
DMA,BN.CAB.XOKA.GD.ZS,2011,-13.3467421657827
DMA,BN.CAB.XOKA.GD.ZS,2010,-16.9329365473543
DMA,BN.CAB.XOKA.GD.ZS,2009,-19.6705453623387
DMA,BN.CAB.XOKA.GD.ZS,2008,-24.5182774836172
DMA,BN.CAB.XOKA.GD.ZS,2007,-17.2068339558123
DMA,BN.CAB.XOKA.GD.ZS,2006,-6.98675382958053
DMA,BN.CAB.XOKA.GD.ZS,2005,-16.0912002305889
DMA,BN.CAB.XOKA.GD.ZS,2004,-8.40775392872234
DMA,BN.CAB.XOKA.GD.ZS,2003,-6.04714179505929
DMA,BN.CAB.XOKA.GD.ZS,2002,-8.85156806005728
DMA,BN.CAB.XOKA.GD.ZS,2001,-11.6177894763262
DMA,BN.CAB.XOKA.GD.ZS,2000,-19.9386602693651
DMA,BN.CAB.XOKA.GD.ZS,1999,-10.7831426179179
DMA,BN.CAB.XOKA.GD.ZS,1998,-7.15327796349265
DMA,BN.CAB.XOKA.GD.ZS,1997,-13.9450169300915
DMA,BN.CAB.XOKA.GD.ZS,1996,-17.5044667181976
DMA,BN.CAB.XOKA.GD.ZS,1995,-14.6584638631427
DMA,BN.CAB.XOKA.GD.ZS,1994,-9.89338899707203
DMA,BN.CAB.XOKA.GD.ZS,1993,-7.41115066674712
DMA,BN.CAB.XOKA.GD.ZS,1992,-11.5877587189062
DMA,BN.CAB.XOKA.GD.ZS,1991,-15.5554806525549
DMA,BN.CAB.XOKA.GD.ZS,1990,-21.609347993969
DMA,BN.CAB.XOKA.GD.ZS,1989,-24.5823240687135
DMA,BN.CAB.XOKA.GD.ZS,1988,-7.14836600587225
DMA,BN.CAB.XOKA.GD.ZS,1987,-4.61712021581637
DMA,BN.CAB.XOKA.GD.ZS,1986,-5.19829039777377
DMA,BN.CAB.XOKA.GD.ZS,1985,-5.27343827916429
DMA,BN.CAB.XOKA.GD.ZS,1984,-6.50615290221524
DMA,BN.CAB.XOKA.GD.ZS,1983,-1.77401301014309
DMA,BN.CAB.XOKA.GD.ZS,1982,-8.71848064593604
DMA,BN.CAB.XOKA.GD.ZS,1981,-15.5922715777005
DMA,BN.CAB.XOKA.GD.ZS,1980,-19.6416016631904
DMA,BN.CAB.XOKA.GD.ZS,1979,11.4508481029247
DMA,BN.CAB.XOKA.GD.ZS,1978,-2.27550340456152
DMA,BN.CAB.XOKA.GD.ZS,1977,-3.26990107410841
DMA,BN.CAB.XOKA.GD.ZS,1976,
DMA,BN.CAB.XOKA.GD.ZS,1975,
DMA,BN.CAB.XOKA.GD.ZS,1974,
DMA,BN.CAB.XOKA.GD.ZS,1973,
DMA,BN.CAB.XOKA.GD.ZS,1972,
DMA,BN.CAB.XOKA.GD.ZS,1971,
DMA,BN.CAB.XOKA.GD.ZS,1970,
DMA,BN.CAB.XOKA.GD.ZS,1969,
DMA,BN.CAB.XOKA.GD.ZS,1968,
DMA,BN.CAB.XOKA.GD.ZS,1967,
DMA,BN.CAB.XOKA.GD.ZS,1966,
DMA,BN.CAB.XOKA.GD.ZS,1965,
DMA,BN.CAB.XOKA.GD.ZS,1964,
DMA,BN.CAB.XOKA.GD.ZS,1963,
DMA,BN.CAB.XOKA.GD.ZS,1962,
DMA,BN.CAB.XOKA.GD.ZS,1961,
DMA,BN.CAB.XOKA.GD.ZS,1960,
DOM,BN.CAB.XOKA.GD.ZS,2025,
DOM,BN.CAB.XOKA.GD.ZS,2024,-3.35301311831687
DOM,BN.CAB.XOKA.GD.ZS,2023,-3.66805408423949
DOM,BN.CAB.XOKA.GD.ZS,2022,-5.77107013816738
DOM,BN.CAB.XOKA.GD.ZS,2021,-2.83108026347322
DOM,BN.CAB.XOKA.GD.ZS,2020,-1.69224227999815
DOM,BN.CAB.XOKA.GD.ZS,2019,-1.33253119353171
DOM,BN.CAB.XOKA.GD.ZS,2018,-1.55480224260577
DOM,BN.CAB.XOKA.GD.ZS,2017,-0.168331272949702
DOM,BN.CAB.XOKA.GD.ZS,2016,-1.07831727382895
DOM,BN.CAB.XOKA.GD.ZS,2015,-1.8040834790462
DOM,BN.CAB.XOKA.GD.ZS,2014,-3.23841188766658
DOM,BN.CAB.XOKA.GD.ZS,2013,-4.10500018404706
DOM,BN.CAB.XOKA.GD.ZS,2012,-6.55624631595726
DOM,BN.CAB.XOKA.GD.ZS,2011,-7.52170967420317
DOM,BN.CAB.XOKA.GD.ZS,2010,-7.47847811387321
DOM,BN.CAB.XOKA.GD.ZS,2009,-4.77544466541589
DOM,BN.CAB.XOKA.GD.ZS,2008,-9.39813947302595
DOM,BN.CAB.XOKA.GD.ZS,2007,-4.92727717051081
DOM,BN.CAB.XOKA.GD.ZS,2006,-3.39866888826109
DOM,BN.CAB.XOKA.GD.ZS,2005,-1.32180615715461
DOM,BN.CAB.XOKA.GD.ZS,2004,4.66562998909679
DOM,BN.CAB.XOKA.GD.ZS,2003,4.8412459657921
DOM,BN.CAB.XOKA.GD.ZS,2002,-2.94021829945032
DOM,BN.CAB.XOKA.GD.ZS,2001,-2.89354387031244
DOM,BN.CAB.XOKA.GD.ZS,2000,-4.22327517754885
DOM,BN.CAB.XOKA.GD.ZS,1999,-1.93887227246899
DOM,BN.CAB.XOKA.GD.ZS,1998,-1.56144626408778
DOM,BN.CAB.XOKA.GD.ZS,1997,-0.814289530702647
DOM,BN.CAB.XOKA.GD.ZS,1996,-1.16601469767881
DOM,BN.CAB.XOKA.GD.ZS,1995,-1.09873129454882
DOM,BN.CAB.XOKA.GD.ZS,1994,-1.93243515666095
DOM,BN.CAB.XOKA.GD.ZS,1993,-4.07383436047879
DOM,BN.CAB.XOKA.GD.ZS,1992,-6.0997558654875
DOM,BN.CAB.XOKA.GD.ZS,1991,-1.6011020076795
DOM,BN.CAB.XOKA.GD.ZS,1990,-3.95268341373003
DOM,BN.CAB.XOKA.GD.ZS,1989,-4.89486943599179
DOM,BN.CAB.XOKA.GD.ZS,1988,-0.351673707553919
DOM,BN.CAB.XOKA.GD.ZS,1987,-6.24844394561588
DOM,BN.CAB.XOKA.GD.ZS,1986,-2.99569011456242
DOM,BN.CAB.XOKA.GD.ZS,1985,-2.13298233833064
DOM,BN.CAB.XOKA.GD.ZS,1984,-1.40934966361911
DOM,BN.CAB.XOKA.GD.ZS,1983,-4.53224302106154
DOM,BN.CAB.XOKA.GD.ZS,1982,-5.35355734571933
DOM,BN.CAB.XOKA.GD.ZS,1981,-5.14990808458863
DOM,BN.CAB.XOKA.GD.ZS,1980,-10.6473607146555
DOM,BN.CAB.XOKA.GD.ZS,1979,-6.02495089837783
DOM,BN.CAB.XOKA.GD.ZS,1978,-6.58795201081446
DOM,BN.CAB.XOKA.GD.ZS,1977,-2.80351420287328
DOM,BN.CAB.XOKA.GD.ZS,1976,-3.2696444388207
DOM,BN.CAB.XOKA.GD.ZS,1975,-2.02267170482329
DOM,BN.CAB.XOKA.GD.ZS,1974,-8.23734490891069
DOM,BN.CAB.XOKA.GD.ZS,1973,-4.11975435005118
DOM,BN.CAB.XOKA.GD.ZS,1972,-2.36489886283587
DOM,BN.CAB.XOKA.GD.ZS,1971,-7.76477647764777
DOM,BN.CAB.XOKA.GD.ZS,1970,-6.85964321777179
DOM,BN.CAB.XOKA.GD.ZS,1969,-6.88338073953677
DOM,BN.CAB.XOKA.GD.ZS,1968,-6.96877027152256
DOM,BN.CAB.XOKA.GD.ZS,1967,
DOM,BN.CAB.XOKA.GD.ZS,1966,
DOM,BN.CAB.XOKA.GD.ZS,1965,
DOM,BN.CAB.XOKA.GD.ZS,1964,
DOM,BN.CAB.XOKA.GD.ZS,1963,
DOM,BN.CAB.XOKA.GD.ZS,1962,
DOM,BN.CAB.XOKA.GD.ZS,1961,
DOM,BN.CAB.XOKA.GD.ZS,1960,
ECU,BN.CAB.XOKA.GD.ZS,2025,
ECU,BN.CAB.XOKA.GD.ZS,2024,5.6617463022325
ECU,BN.CAB.XOKA.GD.ZS,2023,1.93689539590982
ECU,BN.CAB.XOKA.GD.ZS,2022,1.93520574719299
ECU,BN.CAB.XOKA.GD.ZS,2021,2.8367644842999
ECU,BN.CAB.XOKA.GD.ZS,2020,2.09120886370512
ECU,BN.CAB.XOKA.GD.ZS,2019,-0.507141348278065
ECU,BN.CAB.XOKA.GD.ZS,2018,-1.53392779528097
ECU,BN.CAB.XOKA.GD.ZS,2017,-0.388391058074218
ECU,BN.CAB.XOKA.GD.ZS,2016,0.92188082330963
ECU,BN.CAB.XOKA.GD.ZS,2015,-2.28484408591192
ECU,BN.CAB.XOKA.GD.ZS,2014,-0.651047970913704
ECU,BN.CAB.XOKA.GD.ZS,2013,-0.966037832420015
ECU,BN.CAB.XOKA.GD.ZS,2012,-0.166909556494228
ECU,BN.CAB.XOKA.GD.ZS,2011,-0.506587087684931
ECU,BN.CAB.XOKA.GD.ZS,2010,-2.32172616604527
ECU,BN.CAB.XOKA.GD.ZS,2009,0.520924336749102
ECU,BN.CAB.XOKA.GD.ZS,2008,2.89405288656368
ECU,BN.CAB.XOKA.GD.ZS,2007,3.78442738247702
ECU,BN.CAB.XOKA.GD.ZS,2006,3.80804965411109
ECU,BN.CAB.XOKA.GD.ZS,2005,1.17661120468016
ECU,BN.CAB.XOKA.GD.ZS,2004,-1.36219189560774
ECU,BN.CAB.XOKA.GD.ZS,2003,-1.24920361685129
ECU,BN.CAB.XOKA.GD.ZS,2002,-4.50586234491732
ECU,BN.CAB.XOKA.GD.ZS,2001,-2.38325088255005
ECU,BN.CAB.XOKA.GD.ZS,2000,6.34355414802445
ECU,BN.CAB.XOKA.GD.ZS,1999,4.67349075269474
ECU,BN.CAB.XOKA.GD.ZS,1998,-7.49949156007604
ECU,BN.CAB.XOKA.GD.ZS,1997,-1.62196981722165
ECU,BN.CAB.XOKA.GD.ZS,1996,-0.217391362976912
ECU,BN.CAB.XOKA.GD.ZS,1995,-4.09288556316314
ECU,BN.CAB.XOKA.GD.ZS,1994,-3.95584535777111
ECU,BN.CAB.XOKA.GD.ZS,1993,-4.48229932324834
ECU,BN.CAB.XOKA.GD.ZS,1992,-0.674247786490063
ECU,BN.CAB.XOKA.GD.ZS,1991,-4.16751643885901
ECU,BN.CAB.XOKA.GD.ZS,1990,-2.36231747522136
ECU,BN.CAB.XOKA.GD.ZS,1989,-5.1472829488547
ECU,BN.CAB.XOKA.GD.ZS,1988,-5.20997667418132
ECU,BN.CAB.XOKA.GD.ZS,1987,-8.51175092710987
ECU,BN.CAB.XOKA.GD.ZS,1986,-3.80040967405147
ECU,BN.CAB.XOKA.GD.ZS,1985,0.443172244309129
ECU,BN.CAB.XOKA.GD.ZS,1984,-1.61418981960208
ECU,BN.CAB.XOKA.GD.ZS,1983,-0.670457099317375
ECU,BN.CAB.XOKA.GD.ZS,1982,-5.93080336139516
ECU,BN.CAB.XOKA.GD.ZS,1981,-4.57572331074895
ECU,BN.CAB.XOKA.GD.ZS,1980,-3.58800830053562
ECU,BN.CAB.XOKA.GD.ZS,1979,-4.44651037370492
ECU,BN.CAB.XOKA.GD.ZS,1978,-5.89893164407487
ECU,BN.CAB.XOKA.GD.ZS,1977,-3.11435996407242
ECU,BN.CAB.XOKA.GD.ZS,1976,-0.105588246621813
ECU,BN.CAB.XOKA.GD.ZS,1975,
ECU,BN.CAB.XOKA.GD.ZS,1974,
ECU,BN.CAB.XOKA.GD.ZS,1973,
ECU,BN.CAB.XOKA.GD.ZS,1972,
ECU,BN.CAB.XOKA.GD.ZS,1971,
ECU,BN.CAB.XOKA.GD.ZS,1970,
ECU,BN.CAB.XOKA.GD.ZS,1969,
ECU,BN.CAB.XOKA.GD.ZS,1968,
ECU,BN.CAB.XOKA.GD.ZS,1967,
ECU,BN.CAB.XOKA.GD.ZS,1966,
ECU,BN.CAB.XOKA.GD.ZS,1965,
ECU,BN.CAB.XOKA.GD.ZS,1964,
ECU,BN.CAB.XOKA.GD.ZS,1963,
ECU,BN.CAB.XOKA.GD.ZS,1962,
ECU,BN.CAB.XOKA.GD.ZS,1961,
ECU,BN.CAB.XOKA.GD.ZS,1960,
EGY,BN.CAB.XOKA.GD.ZS,2025,
EGY,BN.CAB.XOKA.GD.ZS,2024,-5.72048144014404
EGY,BN.CAB.XOKA.GD.ZS,2023,-3.17338760075615
EGY,BN.CAB.XOKA.GD.ZS,2022,-2.2100904275198
EGY,BN.CAB.XOKA.GD.ZS,2021,-4.38240299812
EGY,BN.CAB.XOKA.GD.ZS,2020,-3.70903990583373
EGY,BN.CAB.XOKA.GD.ZS,2019,-3.20758543154937
EGY,BN.CAB.XOKA.GD.ZS,2018,-2.93164483711978
EGY,BN.CAB.XOKA.GD.ZS,2017,-3.19681566782461
EGY,BN.CAB.XOKA.GD.ZS,2016,-6.16465951871263
EGY,BN.CAB.XOKA.GD.ZS,2015,-5.23529137853431
EGY,BN.CAB.XOKA.GD.ZS,2014,-1.94849131455399
EGY,BN.CAB.XOKA.GD.ZS,2013,-1.22513249838744
EGY,BN.CAB.XOKA.GD.ZS,2012,-2.49788021735236
EGY,BN.CAB.XOKA.GD.ZS,2011,-2.32378812632193
EGY,BN.CAB.XOKA.GD.ZS,2010,-2.05668307641306
EGY,BN.CAB.XOKA.GD.ZS,2009,-1.7707391095759
EGY,BN.CAB.XOKA.GD.ZS,2008,-0.868821887213847
EGY,BN.CAB.XOKA.GD.ZS,2007,0.315552631578947
EGY,BN.CAB.XOKA.GD.ZS,2006,2.45322162862231
EGY,BN.CAB.XOKA.GD.ZS,2005,2.34529559888579
EGY,BN.CAB.XOKA.GD.ZS,2004,4.97788419534309
EGY,BN.CAB.XOKA.GD.ZS,2003,4.66231377245509
EGY,BN.CAB.XOKA.GD.ZS,2002,0.730979150171549
EGY,BN.CAB.XOKA.GD.ZS,2001,-0.401718427655422
EGY,BN.CAB.XOKA.GD.ZS,2000,-0.972570273448986
EGY,BN.CAB.XOKA.GD.ZS,1999,-1.80221287386216
EGY,BN.CAB.XOKA.GD.ZS,1998,-3.02491579679889
EGY,BN.CAB.XOKA.GD.ZS,1997,-0.905827378713802
EGY,BN.CAB.XOKA.GD.ZS,1996,-0.283898866608544
EGY,BN.CAB.XOKA.GD.ZS,1995,-0.422212745098039
EGY,BN.CAB.XOKA.GD.ZS,1994,0.0597325714285714
EGY,BN.CAB.XOKA.GD.ZS,1993,5.44885051546392
EGY,BN.CAB.XOKA.GD.ZS,1992,7.81250251617541
EGY,BN.CAB.XOKA.GD.ZS,1991,9.010952
EGY,BN.CAB.XOKA.GD.ZS,1990,5.41428288100209
EGY,BN.CAB.XOKA.GD.ZS,1989,-3.29141667060211
EGY,BN.CAB.XOKA.GD.ZS,1988,-2.97556725417425
EGY,BN.CAB.XOKA.GD.ZS,1987,0.0497900138696242
EGY,BN.CAB.XOKA.GD.ZS,1986,-3.49407515387107
EGY,BN.CAB.XOKA.GD.ZS,1985,-4.65076269628491
EGY,BN.CAB.XOKA.GD.ZS,1984,-5.55386591533602
EGY,BN.CAB.XOKA.GD.ZS,1983,-1.06429269398936
EGY,BN.CAB.XOKA.GD.ZS,1982,-6.6921090195543
EGY,BN.CAB.XOKA.GD.ZS,1981,-9.64424162168997
EGY,BN.CAB.XOKA.GD.ZS,1980,-2.01398440649132
EGY,BN.CAB.XOKA.GD.ZS,1979,-8.36107941326356
EGY,BN.CAB.XOKA.GD.ZS,1978,-6.23889963754389
EGY,BN.CAB.XOKA.GD.ZS,1977,-5.64851668866225
EGY,BN.CAB.XOKA.GD.ZS,1976,
EGY,BN.CAB.XOKA.GD.ZS,1975,
EGY,BN.CAB.XOKA.GD.ZS,1974,
EGY,BN.CAB.XOKA.GD.ZS,1973,
EGY,BN.CAB.XOKA.GD.ZS,1972,
EGY,BN.CAB.XOKA.GD.ZS,1971,
EGY,BN.CAB.XOKA.GD.ZS,1970,
EGY,BN.CAB.XOKA.GD.ZS,1969,
EGY,BN.CAB.XOKA.GD.ZS,1968,
EGY,BN.CAB.XOKA.GD.ZS,1967,
EGY,BN.CAB.XOKA.GD.ZS,1966,
EGY,BN.CAB.XOKA.GD.ZS,1965,
EGY,BN.CAB.XOKA.GD.ZS,1964,
EGY,BN.CAB.XOKA.GD.ZS,1963,
EGY,BN.CAB.XOKA.GD.ZS,1962,
EGY,BN.CAB.XOKA.GD.ZS,1961,
EGY,BN.CAB.XOKA.GD.ZS,1960,
SLV,BN.CAB.XOKA.GD.ZS,2025,
SLV,BN.CAB.XOKA.GD.ZS,2024,-1.78863112269138
SLV,BN.CAB.XOKA.GD.ZS,2023,-1.08652281339801
SLV,BN.CAB.XOKA.GD.ZS,2022,-6.7264305139644
SLV,BN.CAB.XOKA.GD.ZS,2021,-4.30553038660689
SLV,BN.CAB.XOKA.GD.ZS,2020,1.11030429654712
SLV,BN.CAB.XOKA.GD.ZS,2019,-0.421693578525018
SLV,BN.CAB.XOKA.GD.ZS,2018,-3.30179306522223
SLV,BN.CAB.XOKA.GD.ZS,2017,-1.85990733613606
SLV,BN.CAB.XOKA.GD.ZS,2016,-2.27403286613894
SLV,BN.CAB.XOKA.GD.ZS,2015,-3.2159293549397
SLV,BN.CAB.XOKA.GD.ZS,2014,-5.37138698730115
SLV,BN.CAB.XOKA.GD.ZS,2013,-6.90474689247509
SLV,BN.CAB.XOKA.GD.ZS,2012,-5.79721503254672
SLV,BN.CAB.XOKA.GD.ZS,2011,-5.48105199392229
SLV,BN.CAB.XOKA.GD.ZS,2010,-2.88821622788294
SLV,BN.CAB.XOKA.GD.ZS,2009,-1.77368032991474
SLV,BN.CAB.XOKA.GD.ZS,2008,-8.51825968802828
SLV,BN.CAB.XOKA.GD.ZS,2007,-7.15129248901495
SLV,BN.CAB.XOKA.GD.ZS,2006,-4.78478289538241
SLV,BN.CAB.XOKA.GD.ZS,2005,-4.22907878622942
SLV,BN.CAB.XOKA.GD.ZS,2004,-4.67674940955736
SLV,BN.CAB.XOKA.GD.ZS,2003,-5.30205130807915
SLV,BN.CAB.XOKA.GD.ZS,2002,-3.19917807931234
SLV,BN.CAB.XOKA.GD.ZS,2001,-1.22368889754147
SLV,BN.CAB.XOKA.GD.ZS,2000,-3.65297107423069
SLV,BN.CAB.XOKA.GD.ZS,1999,-2.12066485546114
SLV,BN.CAB.XOKA.GD.ZS,1998,-0.829238100118753
SLV,BN.CAB.XOKA.GD.ZS,1997,-0.956383843468498
SLV,BN.CAB.XOKA.GD.ZS,1996,-1.76340996059416
SLV,BN.CAB.XOKA.GD.ZS,1995,-2.93184061861952
SLV,BN.CAB.XOKA.GD.ZS,1994,-0.23421850941335
SLV,BN.CAB.XOKA.GD.ZS,1993,-1.22473345675386
SLV,BN.CAB.XOKA.GD.ZS,1992,-1.87429806480166
SLV,BN.CAB.XOKA.GD.ZS,1991,-3.18836063436411
SLV,BN.CAB.XOKA.GD.ZS,1990,-3.14984163467256
SLV,BN.CAB.XOKA.GD.ZS,1989,-4.44717349577913
SLV,BN.CAB.XOKA.GD.ZS,1988,0.615769425377338
SLV,BN.CAB.XOKA.GD.ZS,1987,3.43098606893331
SLV,BN.CAB.XOKA.GD.ZS,1986,3.09824627527765
SLV,BN.CAB.XOKA.GD.ZS,1985,-0.754663639732212
SLV,BN.CAB.XOKA.GD.ZS,1984,-1.46708478400945
SLV,BN.CAB.XOKA.GD.ZS,1983,-0.79284776028208
SLV,BN.CAB.XOKA.GD.ZS,1982,-3.53143048146395
SLV,BN.CAB.XOKA.GD.ZS,1981,-7.28849020781507
SLV,BN.CAB.XOKA.GD.ZS,1980,0.94908731348664
SLV,BN.CAB.XOKA.GD.ZS,1979,0.930812697936642
SLV,BN.CAB.XOKA.GD.ZS,1978,-8.91059987979386
SLV,BN.CAB.XOKA.GD.ZS,1977,1.2700397985464
SLV,BN.CAB.XOKA.GD.ZS,1976,1.01534175376924
SLV,BN.CAB.XOKA.GD.ZS,1975,
SLV,BN.CAB.XOKA.GD.ZS,1974,
SLV,BN.CAB.XOKA.GD.ZS,1973,
SLV,BN.CAB.XOKA.GD.ZS,1972,
SLV,BN.CAB.XOKA.GD.ZS,1971,
SLV,BN.CAB.XOKA.GD.ZS,1970,
SLV,BN.CAB.XOKA.GD.ZS,1969,
SLV,BN.CAB.XOKA.GD.ZS,1968,
SLV,BN.CAB.XOKA.GD.ZS,1967,
SLV,BN.CAB.XOKA.GD.ZS,1966,
SLV,BN.CAB.XOKA.GD.ZS,1965,
SLV,BN.CAB.XOKA.GD.ZS,1964,
SLV,BN.CAB.XOKA.GD.ZS,1963,
SLV,BN.CAB.XOKA.GD.ZS,1962,
SLV,BN.CAB.XOKA.GD.ZS,1961,
SLV,BN.CAB.XOKA.GD.ZS,1960,
GNQ,BN.CAB.XOKA.GD.ZS,2025,
GNQ,BN.CAB.XOKA.GD.ZS,2024,
GNQ,BN.CAB.XOKA.GD.ZS,2023,
GNQ,BN.CAB.XOKA.GD.ZS,2022,
GNQ,BN.CAB.XOKA.GD.ZS,2021,
GNQ,BN.CAB.XOKA.GD.ZS,2020,
GNQ,BN.CAB.XOKA.GD.ZS,2019,
GNQ,BN.CAB.XOKA.GD.ZS,2018,
GNQ,BN.CAB.XOKA.GD.ZS,2017,
GNQ,BN.CAB.XOKA.GD.ZS,2016,
GNQ,BN.CAB.XOKA.GD.ZS,2015,
GNQ,BN.CAB.XOKA.GD.ZS,2014,
GNQ,BN.CAB.XOKA.GD.ZS,2013,
GNQ,BN.CAB.XOKA.GD.ZS,2012,
GNQ,BN.CAB.XOKA.GD.ZS,2011,
GNQ,BN.CAB.XOKA.GD.ZS,2010,
GNQ,BN.CAB.XOKA.GD.ZS,2009,
GNQ,BN.CAB.XOKA.GD.ZS,2008,
GNQ,BN.CAB.XOKA.GD.ZS,2007,
GNQ,BN.CAB.XOKA.GD.ZS,2006,
GNQ,BN.CAB.XOKA.GD.ZS,2005,
GNQ,BN.CAB.XOKA.GD.ZS,2004,
GNQ,BN.CAB.XOKA.GD.ZS,2003,
GNQ,BN.CAB.XOKA.GD.ZS,2002,
GNQ,BN.CAB.XOKA.GD.ZS,2001,
GNQ,BN.CAB.XOKA.GD.ZS,2000,
GNQ,BN.CAB.XOKA.GD.ZS,1999,
GNQ,BN.CAB.XOKA.GD.ZS,1998,
GNQ,BN.CAB.XOKA.GD.ZS,1997,
GNQ,BN.CAB.XOKA.GD.ZS,1996,-147.997312487613
GNQ,BN.CAB.XOKA.GD.ZS,1995,-86.9941852940511
GNQ,BN.CAB.XOKA.GD.ZS,1994,-0.37878435160704
GNQ,BN.CAB.XOKA.GD.ZS,1993,2.08962404984017
GNQ,BN.CAB.XOKA.GD.ZS,1992,-7.85003608180464
GNQ,BN.CAB.XOKA.GD.ZS,1991,-36.7145107351161
GNQ,BN.CAB.XOKA.GD.ZS,1990,-16.9395648833006
GNQ,BN.CAB.XOKA.GD.ZS,1989,-23.7875568375166
GNQ,BN.CAB.XOKA.GD.ZS,1988,-16.4506703656093
GNQ,BN.CAB.XOKA.GD.ZS,1987,-25.9287107608819
GNQ,BN.CAB.XOKA.GD.ZS,1986,
GNQ,BN.CAB.XOKA.GD.ZS,1985,
GNQ,BN.CAB.XOKA.GD.ZS,1984,
GNQ,BN.CAB.XOKA.GD.ZS,1983,
GNQ,BN.CAB.XOKA.GD.ZS,1982,
GNQ,BN.CAB.XOKA.GD.ZS,1981,
GNQ,BN.CAB.XOKA.GD.ZS,1980,
GNQ,BN.CAB.XOKA.GD.ZS,1979,
GNQ,BN.CAB.XOKA.GD.ZS,1978,
GNQ,BN.CAB.XOKA.GD.ZS,1977,
GNQ,BN.CAB.XOKA.GD.ZS,1976,
GNQ,BN.CAB.XOKA.GD.ZS,1975,
GNQ,BN.CAB.XOKA.GD.ZS,1974,
GNQ,BN.CAB.XOKA.GD.ZS,1973,
GNQ,BN.CAB.XOKA.GD.ZS,1972,
GNQ,BN.CAB.XOKA.GD.ZS,1971,
GNQ,BN.CAB.XOKA.GD.ZS,1970,
GNQ,BN.CAB.XOKA.GD.ZS,1969,
GNQ,BN.CAB.XOKA.GD.ZS,1968,
GNQ,BN.CAB.XOKA.GD.ZS,1967,
GNQ,BN.CAB.XOKA.GD.ZS,1966,
GNQ,BN.CAB.XOKA.GD.ZS,1965,
GNQ,BN.CAB.XOKA.GD.ZS,1964,
GNQ,BN.CAB.XOKA.GD.ZS,1963,
GNQ,BN.CAB.XOKA.GD.ZS,1962,
GNQ,BN.CAB.XOKA.GD.ZS,1961,
GNQ,BN.CAB.XOKA.GD.ZS,1960,
ERI,BN.CAB.XOKA.GD.ZS,2025,
ERI,BN.CAB.XOKA.GD.ZS,2024,
ERI,BN.CAB.XOKA.GD.ZS,2023,
ERI,BN.CAB.XOKA.GD.ZS,2022,
ERI,BN.CAB.XOKA.GD.ZS,2021,
ERI,BN.CAB.XOKA.GD.ZS,2020,
ERI,BN.CAB.XOKA.GD.ZS,2019,
ERI,BN.CAB.XOKA.GD.ZS,2018,
ERI,BN.CAB.XOKA.GD.ZS,2017,
ERI,BN.CAB.XOKA.GD.ZS,2016,
ERI,BN.CAB.XOKA.GD.ZS,2015,
ERI,BN.CAB.XOKA.GD.ZS,2014,
ERI,BN.CAB.XOKA.GD.ZS,2013,
ERI,BN.CAB.XOKA.GD.ZS,2012,
ERI,BN.CAB.XOKA.GD.ZS,2011,
ERI,BN.CAB.XOKA.GD.ZS,2010,
ERI,BN.CAB.XOKA.GD.ZS,2009,
ERI,BN.CAB.XOKA.GD.ZS,2008,
ERI,BN.CAB.XOKA.GD.ZS,2007,
ERI,BN.CAB.XOKA.GD.ZS,2006,
ERI,BN.CAB.XOKA.GD.ZS,2005,
ERI,BN.CAB.XOKA.GD.ZS,2004,
ERI,BN.CAB.XOKA.GD.ZS,2003,
ERI,BN.CAB.XOKA.GD.ZS,2002,
ERI,BN.CAB.XOKA.GD.ZS,2001,
ERI,BN.CAB.XOKA.GD.ZS,2000,-14.8161574838645
ERI,BN.CAB.XOKA.GD.ZS,1999,-30.3043628662932
ERI,BN.CAB.XOKA.GD.ZS,1998,-39.2668560181824
ERI,BN.CAB.XOKA.GD.ZS,1997,0.722973749438987
ERI,BN.CAB.XOKA.GD.ZS,1996,-8.61532542588461
ERI,BN.CAB.XOKA.GD.ZS,1995,-5.44458433860014
ERI,BN.CAB.XOKA.GD.ZS,1994,23.2450159506025
ERI,BN.CAB.XOKA.GD.ZS,1993,22.9133856737768
ERI,BN.CAB.XOKA.GD.ZS,1992,39.3908305177212
ERI,BN.CAB.XOKA.GD.ZS,1991,
ERI,BN.CAB.XOKA.GD.ZS,1990,
ERI,BN.CAB.XOKA.GD.ZS,1989,
ERI,BN.CAB.XOKA.GD.ZS,1988,
ERI,BN.CAB.XOKA.GD.ZS,1987,
ERI,BN.CAB.XOKA.GD.ZS,1986,
ERI,BN.CAB.XOKA.GD.ZS,1985,
ERI,BN.CAB.XOKA.GD.ZS,1984,
ERI,BN.CAB.XOKA.GD.ZS,1983,
ERI,BN.CAB.XOKA.GD.ZS,1982,
ERI,BN.CAB.XOKA.GD.ZS,1981,
ERI,BN.CAB.XOKA.GD.ZS,1980,
ERI,BN.CAB.XOKA.GD.ZS,1979,
ERI,BN.CAB.XOKA.GD.ZS,1978,
ERI,BN.CAB.XOKA.GD.ZS,1977,
ERI,BN.CAB.XOKA.GD.ZS,1976,
ERI,BN.CAB.XOKA.GD.ZS,1975,
ERI,BN.CAB.XOKA.GD.ZS,1974,
ERI,BN.CAB.XOKA.GD.ZS,1973,
ERI,BN.CAB.XOKA.GD.ZS,1972,
ERI,BN.CAB.XOKA.GD.ZS,1971,
ERI,BN.CAB.XOKA.GD.ZS,1970,
ERI,BN.CAB.XOKA.GD.ZS,1969,
ERI,BN.CAB.XOKA.GD.ZS,1968,
ERI,BN.CAB.XOKA.GD.ZS,1967,
ERI,BN.CAB.XOKA.GD.ZS,1966,
ERI,BN.CAB.XOKA.GD.ZS,1965,
ERI,BN.CAB.XOKA.GD.ZS,1964,
ERI,BN.CAB.XOKA.GD.ZS,1963,
ERI,BN.CAB.XOKA.GD.ZS,1962,
ERI,BN.CAB.XOKA.GD.ZS,1961,
ERI,BN.CAB.XOKA.GD.ZS,1960,
EST,BN.CAB.XOKA.GD.ZS,2025,
EST,BN.CAB.XOKA.GD.ZS,2024,-1.25864024197608
EST,BN.CAB.XOKA.GD.ZS,2023,-1.7426150208666
EST,BN.CAB.XOKA.GD.ZS,2022,-3.91323342632091
EST,BN.CAB.XOKA.GD.ZS,2021,-3.72881552541849
EST,BN.CAB.XOKA.GD.ZS,2020,-2.7306242700292
EST,BN.CAB.XOKA.GD.ZS,2019,2.00905944057614
EST,BN.CAB.XOKA.GD.ZS,2018,0.563761631353159
EST,BN.CAB.XOKA.GD.ZS,2017,1.69970978175346
EST,BN.CAB.XOKA.GD.ZS,2016,0.996247381037252
EST,BN.CAB.XOKA.GD.ZS,2015,1.46327360938589
EST,BN.CAB.XOKA.GD.ZS,2014,0.518408483980374
EST,BN.CAB.XOKA.GD.ZS,2013,-0.133143040301748
EST,BN.CAB.XOKA.GD.ZS,2012,-1.85807259126915
EST,BN.CAB.XOKA.GD.ZS,2011,1.30548764458293
EST,BN.CAB.XOKA.GD.ZS,2010,1.74366049478647
EST,BN.CAB.XOKA.GD.ZS,2009,2.6775190631377
EST,BN.CAB.XOKA.GD.ZS,2008,-8.85851078522045
EST,BN.CAB.XOKA.GD.ZS,2007,-14.8020314240803
EST,BN.CAB.XOKA.GD.ZS,2006,-14.9718681033251
EST,BN.CAB.XOKA.GD.ZS,2005,-8.63305003795734
EST,BN.CAB.XOKA.GD.ZS,2004,-11.9829822415601
EST,BN.CAB.XOKA.GD.ZS,2003,-12.9205377766597
EST,BN.CAB.XOKA.GD.ZS,2002,-10.5743364533738
EST,BN.CAB.XOKA.GD.ZS,2001,-5.19375871381401
EST,BN.CAB.XOKA.GD.ZS,2000,-5.25815799294368
EST,BN.CAB.XOKA.GD.ZS,1999,-5.11809353076673
EST,BN.CAB.XOKA.GD.ZS,1998,-8.43191028086133
EST,BN.CAB.XOKA.GD.ZS,1997,-10.898015356172
EST,BN.CAB.XOKA.GD.ZS,1996,-8.32080873340359
EST,BN.CAB.XOKA.GD.ZS,1995,-3.50447680786974
EST,BN.CAB.XOKA.GD.ZS,1994,-4.03327500267873
EST,BN.CAB.XOKA.GD.ZS,1993,0.53901284719059
EST,BN.CAB.XOKA.GD.ZS,1992,
EST,BN.CAB.XOKA.GD.ZS,1991,
EST,BN.CAB.XOKA.GD.ZS,1990,
EST,BN.CAB.XOKA.GD.ZS,1989,
EST,BN.CAB.XOKA.GD.ZS,1988,
EST,BN.CAB.XOKA.GD.ZS,1987,
EST,BN.CAB.XOKA.GD.ZS,1986,
EST,BN.CAB.XOKA.GD.ZS,1985,
EST,BN.CAB.XOKA.GD.ZS,1984,
EST,BN.CAB.XOKA.GD.ZS,1983,
EST,BN.CAB.XOKA.GD.ZS,1982,
EST,BN.CAB.XOKA.GD.ZS,1981,
EST,BN.CAB.XOKA.GD.ZS,1980,
EST,BN.CAB.XOKA.GD.ZS,1979,
EST,BN.CAB.XOKA.GD.ZS,1978,
EST,BN.CAB.XOKA.GD.ZS,1977,
EST,BN.CAB.XOKA.GD.ZS,1976,
EST,BN.CAB.XOKA.GD.ZS,1975,
EST,BN.CAB.XOKA.GD.ZS,1974,
EST,BN.CAB.XOKA.GD.ZS,1973,
EST,BN.CAB.XOKA.GD.ZS,1972,
EST,BN.CAB.XOKA.GD.ZS,1971,
EST,BN.CAB.XOKA.GD.ZS,1970,
EST,BN.CAB.XOKA.GD.ZS,1969,
EST,BN.CAB.XOKA.GD.ZS,1968,
EST,BN.CAB.XOKA.GD.ZS,1967,
EST,BN.CAB.XOKA.GD.ZS,1966,
EST,BN.CAB.XOKA.GD.ZS,1965,
EST,BN.CAB.XOKA.GD.ZS,1964,
EST,BN.CAB.XOKA.GD.ZS,1963,
EST,BN.CAB.XOKA.GD.ZS,1962,
EST,BN.CAB.XOKA.GD.ZS,1961,
EST,BN.CAB.XOKA.GD.ZS,1960,
SWZ,BN.CAB.XOKA.GD.ZS,2025,
SWZ,BN.CAB.XOKA.GD.ZS,2024,1.6121572847945
SWZ,BN.CAB.XOKA.GD.ZS,2023,2.1357603698575
SWZ,BN.CAB.XOKA.GD.ZS,2022,-2.96992116038182
SWZ,BN.CAB.XOKA.GD.ZS,2021,2.60694672482631
SWZ,BN.CAB.XOKA.GD.ZS,2020,6.55291656984155
SWZ,BN.CAB.XOKA.GD.ZS,2019,3.81510661336771
SWZ,BN.CAB.XOKA.GD.ZS,2018,1.30781570062784
SWZ,BN.CAB.XOKA.GD.ZS,2017,6.11293651555308
SWZ,BN.CAB.XOKA.GD.ZS,2016,7.99024652712619
SWZ,BN.CAB.XOKA.GD.ZS,2015,13.6462188835414
SWZ,BN.CAB.XOKA.GD.ZS,2014,11.9504856315641
SWZ,BN.CAB.XOKA.GD.ZS,2013,10.9113844873232
SWZ,BN.CAB.XOKA.GD.ZS,2012,5.05366904415604
SWZ,BN.CAB.XOKA.GD.ZS,2011,-5.9649333225146
SWZ,BN.CAB.XOKA.GD.ZS,2010,-8.90472208675336
SWZ,BN.CAB.XOKA.GD.ZS,2009,-11.7528556394377
SWZ,BN.CAB.XOKA.GD.ZS,2008,-7.14591112347182
SWZ,BN.CAB.XOKA.GD.ZS,2007,-1.93276556706589
SWZ,BN.CAB.XOKA.GD.ZS,2006,-6.11526332672519
SWZ,BN.CAB.XOKA.GD.ZS,2005,-3.31336100189476
SWZ,BN.CAB.XOKA.GD.ZS,2004,2.63067140122666
SWZ,BN.CAB.XOKA.GD.ZS,2003,4.15889604093632
SWZ,BN.CAB.XOKA.GD.ZS,2002,2.38216911954966
SWZ,BN.CAB.XOKA.GD.ZS,2001,0.598910535464894
SWZ,BN.CAB.XOKA.GD.ZS,2000,-2.70238391314616
SWZ,BN.CAB.XOKA.GD.ZS,1999,-2.12921733088375
SWZ,BN.CAB.XOKA.GD.ZS,1998,-5.91886464673934
SWZ,BN.CAB.XOKA.GD.ZS,1997,-0.159647506239686
SWZ,BN.CAB.XOKA.GD.ZS,1996,-3.24211594984
SWZ,BN.CAB.XOKA.GD.ZS,1995,-1.74925944187271
SWZ,BN.CAB.XOKA.GD.ZS,1994,0.129989761643895
SWZ,BN.CAB.XOKA.GD.ZS,1993,-4.6923019892661
SWZ,BN.CAB.XOKA.GD.ZS,1992,-3.15761879391608
SWZ,BN.CAB.XOKA.GD.ZS,1991,4.0814985358133
SWZ,BN.CAB.XOKA.GD.ZS,1990,4.55259231829367
SWZ,BN.CAB.XOKA.GD.ZS,1989,11.0570057125324
SWZ,BN.CAB.XOKA.GD.ZS,1988,13.7418195861256
SWZ,BN.CAB.XOKA.GD.ZS,1987,11.2250885515662
SWZ,BN.CAB.XOKA.GD.ZS,1986,2.3959859290464
SWZ,BN.CAB.XOKA.GD.ZS,1985,-10.6504672925073
SWZ,BN.CAB.XOKA.GD.ZS,1984,-15.6682606279499
SWZ,BN.CAB.XOKA.GD.ZS,1983,-19.2662033338852
SWZ,BN.CAB.XOKA.GD.ZS,1982,-21.1752645195079
SWZ,BN.CAB.XOKA.GD.ZS,1981,-14.234379047851
SWZ,BN.CAB.XOKA.GD.ZS,1980,-23.9274203573301
SWZ,BN.CAB.XOKA.GD.ZS,1979,-28.9344069411665
SWZ,BN.CAB.XOKA.GD.ZS,1978,-20.7629927655374
SWZ,BN.CAB.XOKA.GD.ZS,1977,3.81996878449977
SWZ,BN.CAB.XOKA.GD.ZS,1976,11.1392377118327
SWZ,BN.CAB.XOKA.GD.ZS,1975,17.8705500034326
SWZ,BN.CAB.XOKA.GD.ZS,1974,16.09131394663
SWZ,BN.CAB.XOKA.GD.ZS,1973,
SWZ,BN.CAB.XOKA.GD.ZS,1972,
SWZ,BN.CAB.XOKA.GD.ZS,1971,
SWZ,BN.CAB.XOKA.GD.ZS,1970,
SWZ,BN.CAB.XOKA.GD.ZS,1969,
SWZ,BN.CAB.XOKA.GD.ZS,1968,
SWZ,BN.CAB.XOKA.GD.ZS,1967,
SWZ,BN.CAB.XOKA.GD.ZS,1966,
SWZ,BN.CAB.XOKA.GD.ZS,1965,
SWZ,BN.CAB.XOKA.GD.ZS,1964,
SWZ,BN.CAB.XOKA.GD.ZS,1963,
SWZ,BN.CAB.XOKA.GD.ZS,1962,
SWZ,BN.CAB.XOKA.GD.ZS,1961,
SWZ,BN.CAB.XOKA.GD.ZS,1960,
ETH,BN.CAB.XOKA.GD.ZS,2025,
ETH,BN.CAB.XOKA.GD.ZS,2024,-2.53176480494864
ETH,BN.CAB.XOKA.GD.ZS,2023,-3.52359702028074
ETH,BN.CAB.XOKA.GD.ZS,2022,-4.19066632559079
ETH,BN.CAB.XOKA.GD.ZS,2021,-4.13241831245632
ETH,BN.CAB.XOKA.GD.ZS,2020,-2.75526110015443
ETH,BN.CAB.XOKA.GD.ZS,2019,-5.47194445075559
ETH,BN.CAB.XOKA.GD.ZS,2018,-5.53324917435326
ETH,BN.CAB.XOKA.GD.ZS,2017,-7.76343039992896
ETH,BN.CAB.XOKA.GD.ZS,2016,-11.5449209376397
ETH,BN.CAB.XOKA.GD.ZS,2015,-12.1838327178752
ETH,BN.CAB.XOKA.GD.ZS,2014,-10.3781721184147
ETH,BN.CAB.XOKA.GD.ZS,2013,-6.36626399169653
ETH,BN.CAB.XOKA.GD.ZS,2012,-7.1067486808021
ETH,BN.CAB.XOKA.GD.ZS,2011,-3.30367964138338
ETH,BN.CAB.XOKA.GD.ZS,2010,-2.1222608717343
ETH,BN.CAB.XOKA.GD.ZS,2009,-6.75348362103612
ETH,BN.CAB.XOKA.GD.ZS,2008,-6.67139557726763
ETH,BN.CAB.XOKA.GD.ZS,2007,-4.20144598076542
ETH,BN.CAB.XOKA.GD.ZS,2006,-11.6871605564419
ETH,BN.CAB.XOKA.GD.ZS,2005,-12.6419842587598
ETH,BN.CAB.XOKA.GD.ZS,2004,-6.59189372254429
ETH,BN.CAB.XOKA.GD.ZS,2003,-1.58150719828577
ETH,BN.CAB.XOKA.GD.ZS,2002,-1.74046524518375
ETH,BN.CAB.XOKA.GD.ZS,2001,-4.53620596538169
ETH,BN.CAB.XOKA.GD.ZS,2000,0.163268897783397
ETH,BN.CAB.XOKA.GD.ZS,1999,-5.89415732214505
ETH,BN.CAB.XOKA.GD.ZS,1998,-4.15073883771035
ETH,BN.CAB.XOKA.GD.ZS,1997,-0.457223674441712
ETH,BN.CAB.XOKA.GD.ZS,1996,0.908197347576536
ETH,BN.CAB.XOKA.GD.ZS,1995,0.50129599614824
ETH,BN.CAB.XOKA.GD.ZS,1994,1.76625983730631
ETH,BN.CAB.XOKA.GD.ZS,1993,-0.552422468805537
ETH,BN.CAB.XOKA.GD.ZS,1992,-1.11537579375337
ETH,BN.CAB.XOKA.GD.ZS,1991,0.747122815753609
ETH,BN.CAB.XOKA.GD.ZS,1990,-2.3541103991641
ETH,BN.CAB.XOKA.GD.ZS,1989,-1.22755223932899
ETH,BN.CAB.XOKA.GD.ZS,1988,-2.03500398551599
ETH,BN.CAB.XOKA.GD.ZS,1987,-2.00982272538634
ETH,BN.CAB.XOKA.GD.ZS,1986,-3.24092628403194
ETH,BN.CAB.XOKA.GD.ZS,1985,1.09371100521
ETH,BN.CAB.XOKA.GD.ZS,1984,-1.56774843278455
ETH,BN.CAB.XOKA.GD.ZS,1983,-1.93475589776784
ETH,BN.CAB.XOKA.GD.ZS,1982,-2.46744065415348
ETH,BN.CAB.XOKA.GD.ZS,1981,-3.32349613321689
ETH,BN.CAB.XOKA.GD.ZS,1980,-3.2247060273228
ETH,BN.CAB.XOKA.GD.ZS,1979,-1.38706325139921
ETH,BN.CAB.XOKA.GD.ZS,1978,-1.85768656541354
ETH,BN.CAB.XOKA.GD.ZS,1977,-1.46076990810982
ETH,BN.CAB.XOKA.GD.ZS,1976,
ETH,BN.CAB.XOKA.GD.ZS,1975,
ETH,BN.CAB.XOKA.GD.ZS,1974,
ETH,BN.CAB.XOKA.GD.ZS,1973,
ETH,BN.CAB.XOKA.GD.ZS,1972,
ETH,BN.CAB.XOKA.GD.ZS,1971,
ETH,BN.CAB.XOKA.GD.ZS,1970,
ETH,BN.CAB.XOKA.GD.ZS,1969,
ETH,BN.CAB.XOKA.GD.ZS,1968,
ETH,BN.CAB.XOKA.GD.ZS,1967,
ETH,BN.CAB.XOKA.GD.ZS,1966,
ETH,BN.CAB.XOKA.GD.ZS,1965,
ETH,BN.CAB.XOKA.GD.ZS,1964,
ETH,BN.CAB.XOKA.GD.ZS,1963,
ETH,BN.CAB.XOKA.GD.ZS,1962,
ETH,BN.CAB.XOKA.GD.ZS,1961,
ETH,BN.CAB.XOKA.GD.ZS,1960,
FRO,BN.CAB.XOKA.GD.ZS,2025,
FRO,BN.CAB.XOKA.GD.ZS,2024,
FRO,BN.CAB.XOKA.GD.ZS,2023,
FRO,BN.CAB.XOKA.GD.ZS,2022,
FRO,BN.CAB.XOKA.GD.ZS,2021,
FRO,BN.CAB.XOKA.GD.ZS,2020,
FRO,BN.CAB.XOKA.GD.ZS,2019,
FRO,BN.CAB.XOKA.GD.ZS,2018,
FRO,BN.CAB.XOKA.GD.ZS,2017,
FRO,BN.CAB.XOKA.GD.ZS,2016,
FRO,BN.CAB.XOKA.GD.ZS,2015,
FRO,BN.CAB.XOKA.GD.ZS,2014,
FRO,BN.CAB.XOKA.GD.ZS,2013,
FRO,BN.CAB.XOKA.GD.ZS,2012,
FRO,BN.CAB.XOKA.GD.ZS,2011,7.75436992619401
FRO,BN.CAB.XOKA.GD.ZS,2010,6.18734358043311
FRO,BN.CAB.XOKA.GD.ZS,2009,-1.07294449559976
FRO,BN.CAB.XOKA.GD.ZS,2008,-1.22813096268354
FRO,BN.CAB.XOKA.GD.ZS,2007,-3.44459491477146
FRO,BN.CAB.XOKA.GD.ZS,2006,1.05271652622566
FRO,BN.CAB.XOKA.GD.ZS,2005,1.77191405060488
FRO,BN.CAB.XOKA.GD.ZS,2004,7.52016809211848
FRO,BN.CAB.XOKA.GD.ZS,2003,-0.436767986416422
FRO,BN.CAB.XOKA.GD.ZS,2002,9.86123616311528
FRO,BN.CAB.XOKA.GD.ZS,2001,12.6005348141705
FRO,BN.CAB.XOKA.GD.ZS,2000,9.29520327119273
FRO,BN.CAB.XOKA.GD.ZS,1999,15.6142918418711
FRO,BN.CAB.XOKA.GD.ZS,1998,20.2734708037608
FRO,BN.CAB.XOKA.GD.ZS,1997,
FRO,BN.CAB.XOKA.GD.ZS,1996,
FRO,BN.CAB.XOKA.GD.ZS,1995,
FRO,BN.CAB.XOKA.GD.ZS,1994,
FRO,BN.CAB.XOKA.GD.ZS,1993,
FRO,BN.CAB.XOKA.GD.ZS,1992,
FRO,BN.CAB.XOKA.GD.ZS,1991,
FRO,BN.CAB.XOKA.GD.ZS,1990,
FRO,BN.CAB.XOKA.GD.ZS,1989,
FRO,BN.CAB.XOKA.GD.ZS,1988,
FRO,BN.CAB.XOKA.GD.ZS,1987,
FRO,BN.CAB.XOKA.GD.ZS,1986,
FRO,BN.CAB.XOKA.GD.ZS,1985,
FRO,BN.CAB.XOKA.GD.ZS,1984,
FRO,BN.CAB.XOKA.GD.ZS,1983,
FRO,BN.CAB.XOKA.GD.ZS,1982,
FRO,BN.CAB.XOKA.GD.ZS,1981,
FRO,BN.CAB.XOKA.GD.ZS,1980,
FRO,BN.CAB.XOKA.GD.ZS,1979,
FRO,BN.CAB.XOKA.GD.ZS,1978,
FRO,BN.CAB.XOKA.GD.ZS,1977,
FRO,BN.CAB.XOKA.GD.ZS,1976,
FRO,BN.CAB.XOKA.GD.ZS,1975,
FRO,BN.CAB.XOKA.GD.ZS,1974,
FRO,BN.CAB.XOKA.GD.ZS,1973,
FRO,BN.CAB.XOKA.GD.ZS,1972,
FRO,BN.CAB.XOKA.GD.ZS,1971,
FRO,BN.CAB.XOKA.GD.ZS,1970,
FRO,BN.CAB.XOKA.GD.ZS,1969,
FRO,BN.CAB.XOKA.GD.ZS,1968,
FRO,BN.CAB.XOKA.GD.ZS,1967,
FRO,BN.CAB.XOKA.GD.ZS,1966,
FRO,BN.CAB.XOKA.GD.ZS,1965,
FRO,BN.CAB.XOKA.GD.ZS,1964,
FRO,BN.CAB.XOKA.GD.ZS,1963,
FRO,BN.CAB.XOKA.GD.ZS,1962,
FRO,BN.CAB.XOKA.GD.ZS,1961,
FRO,BN.CAB.XOKA.GD.ZS,1960,
FJI,BN.CAB.XOKA.GD.ZS,2025,
FJI,BN.CAB.XOKA.GD.ZS,2024,
FJI,BN.CAB.XOKA.GD.ZS,2023,
FJI,BN.CAB.XOKA.GD.ZS,2022,-17.3903045277065
FJI,BN.CAB.XOKA.GD.ZS,2021,-16.5087256405158
FJI,BN.CAB.XOKA.GD.ZS,2020,-14.5262635844677
FJI,BN.CAB.XOKA.GD.ZS,2019,-13.0609660494725
FJI,BN.CAB.XOKA.GD.ZS,2018,-8.44729845329711
FJI,BN.CAB.XOKA.GD.ZS,2017,-6.639070882176
FJI,BN.CAB.XOKA.GD.ZS,2016,-3.60696936050466
FJI,BN.CAB.XOKA.GD.ZS,2015,-3.47299248987541
FJI,BN.CAB.XOKA.GD.ZS,2014,-5.77781240557738
FJI,BN.CAB.XOKA.GD.ZS,2013,-9.7117807351876
FJI,BN.CAB.XOKA.GD.ZS,2012,-1.4340442908102
FJI,BN.CAB.XOKA.GD.ZS,2011,-5.16119192694596
FJI,BN.CAB.XOKA.GD.ZS,2010,-4.7591968754889
FJI,BN.CAB.XOKA.GD.ZS,2009,-4.31924967284106
FJI,BN.CAB.XOKA.GD.ZS,2008,-14.9382363262539
FJI,BN.CAB.XOKA.GD.ZS,2007,-11.4545752332218
FJI,BN.CAB.XOKA.GD.ZS,2006,-16.4488939915362
FJI,BN.CAB.XOKA.GD.ZS,2005,-6.89584542628475
FJI,BN.CAB.XOKA.GD.ZS,2004,-9.27687175758032
FJI,BN.CAB.XOKA.GD.ZS,2003,-2.28236251772106
FJI,BN.CAB.XOKA.GD.ZS,2002,0.858878837529481
FJI,BN.CAB.XOKA.GD.ZS,2001,-4.09110110593278
FJI,BN.CAB.XOKA.GD.ZS,2000,-1.51980018386888
FJI,BN.CAB.XOKA.GD.ZS,1999,0.655462625521091
FJI,BN.CAB.XOKA.GD.ZS,1998,-3.62307870193135
FJI,BN.CAB.XOKA.GD.ZS,1997,-1.63374867444327
FJI,BN.CAB.XOKA.GD.ZS,1996,0.636047134440278
FJI,BN.CAB.XOKA.GD.ZS,1995,-5.72016176808459
FJI,BN.CAB.XOKA.GD.ZS,1994,-6.1763495566945
FJI,BN.CAB.XOKA.GD.ZS,1993,-8.44003964321111
FJI,BN.CAB.XOKA.GD.ZS,1992,-3.99878474352944
FJI,BN.CAB.XOKA.GD.ZS,1991,-4.93144143597923
FJI,BN.CAB.XOKA.GD.ZS,1990,-7.03030144787266
FJI,BN.CAB.XOKA.GD.ZS,1989,0.632738435882662
FJI,BN.CAB.XOKA.GD.ZS,1988,6.35550368382684
FJI,BN.CAB.XOKA.GD.ZS,1987,2.32050169864633
FJI,BN.CAB.XOKA.GD.ZS,1986,1.29985652299845
FJI,BN.CAB.XOKA.GD.ZS,1985,1.64083841438865
FJI,BN.CAB.XOKA.GD.ZS,1984,-1.56120176750965
FJI,BN.CAB.XOKA.GD.ZS,1983,-4.9308331873045
FJI,BN.CAB.XOKA.GD.ZS,1982,-7.05586744817797
FJI,BN.CAB.XOKA.GD.ZS,1981,-13.0501957717297
FJI,BN.CAB.XOKA.GD.ZS,1980,-1.45471224909323
FJI,BN.CAB.XOKA.GD.ZS,1979,-5.76273003617057
FJI,BN.CAB.XOKA.GD.ZS,1978,
FJI,BN.CAB.XOKA.GD.ZS,1977,
FJI,BN.CAB.XOKA.GD.ZS,1976,
FJI,BN.CAB.XOKA.GD.ZS,1975,
FJI,BN.CAB.XOKA.GD.ZS,1974,
FJI,BN.CAB.XOKA.GD.ZS,1973,
FJI,BN.CAB.XOKA.GD.ZS,1972,
FJI,BN.CAB.XOKA.GD.ZS,1971,
FJI,BN.CAB.XOKA.GD.ZS,1970,
FJI,BN.CAB.XOKA.GD.ZS,1969,
FJI,BN.CAB.XOKA.GD.ZS,1968,
FJI,BN.CAB.XOKA.GD.ZS,1967,
FJI,BN.CAB.XOKA.GD.ZS,1966,
FJI,BN.CAB.XOKA.GD.ZS,1965,
FJI,BN.CAB.XOKA.GD.ZS,1964,
FJI,BN.CAB.XOKA.GD.ZS,1963,
FJI,BN.CAB.XOKA.GD.ZS,1962,
FJI,BN.CAB.XOKA.GD.ZS,1961,
FJI,BN.CAB.XOKA.GD.ZS,1960,
FIN,BN.CAB.XOKA.GD.ZS,2025,
FIN,BN.CAB.XOKA.GD.ZS,2024,-0.665363108803007
FIN,BN.CAB.XOKA.GD.ZS,2023,-0.92660922528218
FIN,BN.CAB.XOKA.GD.ZS,2022,-2.50692650482939
FIN,BN.CAB.XOKA.GD.ZS,2021,0.326640931588569
FIN,BN.CAB.XOKA.GD.ZS,2020,0.529983303828095
FIN,BN.CAB.XOKA.GD.ZS,2019,-0.15499529100125
FIN,BN.CAB.XOKA.GD.ZS,2018,-1.63811271947478
FIN,BN.CAB.XOKA.GD.ZS,2017,-0.613710516292874
FIN,BN.CAB.XOKA.GD.ZS,2016,-1.98213896057961
FIN,BN.CAB.XOKA.GD.ZS,2015,-0.912485503630059
FIN,BN.CAB.XOKA.GD.ZS,2014,-1.40306958808626
FIN,BN.CAB.XOKA.GD.ZS,2013,-1.87586111811563
FIN,BN.CAB.XOKA.GD.ZS,2012,-2.25407429115713
FIN,BN.CAB.XOKA.GD.ZS,2011,-1.55989641961033
FIN,BN.CAB.XOKA.GD.ZS,2010,1.3927410867982
FIN,BN.CAB.XOKA.GD.ZS,2009,2.10030839228353
FIN,BN.CAB.XOKA.GD.ZS,2008,2.46705484055195
FIN,BN.CAB.XOKA.GD.ZS,2007,4.08024653201484
FIN,BN.CAB.XOKA.GD.ZS,2006,3.94307577889212
FIN,BN.CAB.XOKA.GD.ZS,2005,3.79909504985157
FIN,BN.CAB.XOKA.GD.ZS,2004,6.35919059517118
FIN,BN.CAB.XOKA.GD.ZS,2003,4.97591224324578
FIN,BN.CAB.XOKA.GD.ZS,2002,8.61479200191198
FIN,BN.CAB.XOKA.GD.ZS,2001,9.32832355563524
FIN,BN.CAB.XOKA.GD.ZS,2000,8.35697521580217
FIN,BN.CAB.XOKA.GD.ZS,1999,5.94874529220919
FIN,BN.CAB.XOKA.GD.ZS,1998,5.47770810715808
FIN,BN.CAB.XOKA.GD.ZS,1997,5.22832147413365
FIN,BN.CAB.XOKA.GD.ZS,1996,3.79006406550443
FIN,BN.CAB.XOKA.GD.ZS,1995,3.90223701682602
FIN,BN.CAB.XOKA.GD.ZS,1994,1.07619185079872
FIN,BN.CAB.XOKA.GD.ZS,1993,-1.2736811038366
FIN,BN.CAB.XOKA.GD.ZS,1992,-4.54594465904843
FIN,BN.CAB.XOKA.GD.ZS,1991,-5.32681492267676
FIN,BN.CAB.XOKA.GD.ZS,1990,-4.92220571481103
FIN,BN.CAB.XOKA.GD.ZS,1989,-4.87183687394226
FIN,BN.CAB.XOKA.GD.ZS,1988,-2.47056311444696
FIN,BN.CAB.XOKA.GD.ZS,1987,-1.89097850106028
FIN,BN.CAB.XOKA.GD.ZS,1986,-0.943128240701192
FIN,BN.CAB.XOKA.GD.ZS,1985,-1.44344195524999
FIN,BN.CAB.XOKA.GD.ZS,1984,-0.0390307790310156
FIN,BN.CAB.XOKA.GD.ZS,1983,-2.20633460869342
FIN,BN.CAB.XOKA.GD.ZS,1982,-1.74877777345292
FIN,BN.CAB.XOKA.GD.ZS,1981,-0.911866486578683
FIN,BN.CAB.XOKA.GD.ZS,1980,-2.61466300325738
FIN,BN.CAB.XOKA.GD.ZS,1979,-0.366156863999985
FIN,BN.CAB.XOKA.GD.ZS,1978,1.87649452165493
FIN,BN.CAB.XOKA.GD.ZS,1977,-0.295739401191793
FIN,BN.CAB.XOKA.GD.ZS,1976,-3.49799866270723
FIN,BN.CAB.XOKA.GD.ZS,1975,-7.26075539532321
FIN,BN.CAB.XOKA.GD.ZS,1974,
FIN,BN.CAB.XOKA.GD.ZS,1973,
FIN,BN.CAB.XOKA.GD.ZS,1972,
FIN,BN.CAB.XOKA.GD.ZS,1971,
FIN,BN.CAB.XOKA.GD.ZS,1970,
FIN,BN.CAB.XOKA.GD.ZS,1969,
FIN,BN.CAB.XOKA.GD.ZS,1968,
FIN,BN.CAB.XOKA.GD.ZS,1967,
FIN,BN.CAB.XOKA.GD.ZS,1966,
FIN,BN.CAB.XOKA.GD.ZS,1965,
FIN,BN.CAB.XOKA.GD.ZS,1964,
FIN,BN.CAB.XOKA.GD.ZS,1963,
FIN,BN.CAB.XOKA.GD.ZS,1962,
FIN,BN.CAB.XOKA.GD.ZS,1961,
FIN,BN.CAB.XOKA.GD.ZS,1960,
FRA,BN.CAB.XOKA.GD.ZS,2025,
FRA,BN.CAB.XOKA.GD.ZS,2024,0.0851279883251641
FRA,BN.CAB.XOKA.GD.ZS,2023,-1.04301703799496
FRA,BN.CAB.XOKA.GD.ZS,2022,-1.43234855251881
FRA,BN.CAB.XOKA.GD.ZS,2021,0.244238511780542
FRA,BN.CAB.XOKA.GD.ZS,2020,-2.00313613657686
FRA,BN.CAB.XOKA.GD.ZS,2019,0.587362764575747
FRA,BN.CAB.XOKA.GD.ZS,2018,-0.735670615255371
FRA,BN.CAB.XOKA.GD.ZS,2017,-0.474615185215668
FRA,BN.CAB.XOKA.GD.ZS,2016,-0.538632351885891
FRA,BN.CAB.XOKA.GD.ZS,2015,-0.334528437032909
FRA,BN.CAB.XOKA.GD.ZS,2014,-0.962733699381149
FRA,BN.CAB.XOKA.GD.ZS,2013,-0.597990456908108
FRA,BN.CAB.XOKA.GD.ZS,2012,-1.22530807843013
FRA,BN.CAB.XOKA.GD.ZS,2011,-1.02802797917579
FRA,BN.CAB.XOKA.GD.ZS,2010,-0.832545468638348
FRA,BN.CAB.XOKA.GD.ZS,2009,-0.818480147786107
FRA,BN.CAB.XOKA.GD.ZS,2008,-0.962244945077223
FRA,BN.CAB.XOKA.GD.ZS,2007,-0.328279950461903
FRA,BN.CAB.XOKA.GD.ZS,2006,0.0221896585541474
FRA,BN.CAB.XOKA.GD.ZS,2005,-0.00650919177703098
FRA,BN.CAB.XOKA.GD.ZS,2004,0.434470120439983
FRA,BN.CAB.XOKA.GD.ZS,2003,0.871063406872803
FRA,BN.CAB.XOKA.GD.ZS,2002,1.18270439802011
FRA,BN.CAB.XOKA.GD.ZS,2001,1.5298994522382
FRA,BN.CAB.XOKA.GD.ZS,2000,1.1848394944316
FRA,BN.CAB.XOKA.GD.ZS,1999,3.4092327167425
FRA,BN.CAB.XOKA.GD.ZS,1998,2.51843043289976
FRA,BN.CAB.XOKA.GD.ZS,1997,2.60806895660173
FRA,BN.CAB.XOKA.GD.ZS,1996,1.2859310187773
FRA,BN.CAB.XOKA.GD.ZS,1995,0.679551477433413
FRA,BN.CAB.XOKA.GD.ZS,1994,0.535080974263654
FRA,BN.CAB.XOKA.GD.ZS,1993,0.683954592617435
FRA,BN.CAB.XOKA.GD.ZS,1992,0.280170781675052
FRA,BN.CAB.XOKA.GD.ZS,1991,-0.517748489885409
FRA,BN.CAB.XOKA.GD.ZS,1990,-0.790699531946191
FRA,BN.CAB.XOKA.GD.ZS,1989,-0.459409521209704
FRA,BN.CAB.XOKA.GD.ZS,1988,-0.456943183564688
FRA,BN.CAB.XOKA.GD.ZS,1987,-0.479945241449235
FRA,BN.CAB.XOKA.GD.ZS,1986,0.317668003097765
FRA,BN.CAB.XOKA.GD.ZS,1985,-0.00632248222825551
FRA,BN.CAB.XOKA.GD.ZS,1984,-0.166846364681241
FRA,BN.CAB.XOKA.GD.ZS,1983,-0.93348750826409
FRA,BN.CAB.XOKA.GD.ZS,1982,-2.0897909442001
FRA,BN.CAB.XOKA.GD.ZS,1981,-0.78971422735376
FRA,BN.CAB.XOKA.GD.ZS,1980,-0.605927092588722
FRA,BN.CAB.XOKA.GD.ZS,1979,0.845337736665917
FRA,BN.CAB.XOKA.GD.ZS,1978,1.4078873687173
FRA,BN.CAB.XOKA.GD.ZS,1977,-0.099680975756682
FRA,BN.CAB.XOKA.GD.ZS,1976,-0.911114724504278
FRA,BN.CAB.XOKA.GD.ZS,1975,0.766910932919374
FRA,BN.CAB.XOKA.GD.ZS,1974,
FRA,BN.CAB.XOKA.GD.ZS,1973,
FRA,BN.CAB.XOKA.GD.ZS,1972,
FRA,BN.CAB.XOKA.GD.ZS,1971,
FRA,BN.CAB.XOKA.GD.ZS,1970,
FRA,BN.CAB.XOKA.GD.ZS,1969,
FRA,BN.CAB.XOKA.GD.ZS,1968,
FRA,BN.CAB.XOKA.GD.ZS,1967,
FRA,BN.CAB.XOKA.GD.ZS,1966,
FRA,BN.CAB.XOKA.GD.ZS,1965,
FRA,BN.CAB.XOKA.GD.ZS,1964,
FRA,BN.CAB.XOKA.GD.ZS,1963,
FRA,BN.CAB.XOKA.GD.ZS,1962,
FRA,BN.CAB.XOKA.GD.ZS,1961,
FRA,BN.CAB.XOKA.GD.ZS,1960,
PYF,BN.CAB.XOKA.GD.ZS,2025,
PYF,BN.CAB.XOKA.GD.ZS,2024,
PYF,BN.CAB.XOKA.GD.ZS,2023,
PYF,BN.CAB.XOKA.GD.ZS,2022,
PYF,BN.CAB.XOKA.GD.ZS,2021,
PYF,BN.CAB.XOKA.GD.ZS,2020,
PYF,BN.CAB.XOKA.GD.ZS,2019,
PYF,BN.CAB.XOKA.GD.ZS,2018,
PYF,BN.CAB.XOKA.GD.ZS,2017,
PYF,BN.CAB.XOKA.GD.ZS,2016,7.49427461409959
PYF,BN.CAB.XOKA.GD.ZS,2015,5.46732880455944
PYF,BN.CAB.XOKA.GD.ZS,2014,4.29649738932559
PYF,BN.CAB.XOKA.GD.ZS,2013,3.27354524979354
PYF,BN.CAB.XOKA.GD.ZS,2012,1.37240717988221
PYF,BN.CAB.XOKA.GD.ZS,2011,2.82663363720287
PYF,BN.CAB.XOKA.GD.ZS,2010,-0.294406118669795
PYF,BN.CAB.XOKA.GD.ZS,2009,-2.5963824275816
PYF,BN.CAB.XOKA.GD.ZS,2008,-6.03579073273941
PYF,BN.CAB.XOKA.GD.ZS,2007,4.09227840409068
PYF,BN.CAB.XOKA.GD.ZS,2006,2.71856320416727
PYF,BN.CAB.XOKA.GD.ZS,2005,0.153096372292576
PYF,BN.CAB.XOKA.GD.ZS,2004,3.33918047231439
PYF,BN.CAB.XOKA.GD.ZS,2003,-2.41927473004379
PYF,BN.CAB.XOKA.GD.ZS,2002,0.152944141111643
PYF,BN.CAB.XOKA.GD.ZS,2001,
PYF,BN.CAB.XOKA.GD.ZS,2000,
PYF,BN.CAB.XOKA.GD.ZS,1999,
PYF,BN.CAB.XOKA.GD.ZS,1998,
PYF,BN.CAB.XOKA.GD.ZS,1997,
PYF,BN.CAB.XOKA.GD.ZS,1996,
PYF,BN.CAB.XOKA.GD.ZS,1995,
PYF,BN.CAB.XOKA.GD.ZS,1994,
PYF,BN.CAB.XOKA.GD.ZS,1993,
PYF,BN.CAB.XOKA.GD.ZS,1992,
PYF,BN.CAB.XOKA.GD.ZS,1991,
PYF,BN.CAB.XOKA.GD.ZS,1990,
PYF,BN.CAB.XOKA.GD.ZS,1989,
PYF,BN.CAB.XOKA.GD.ZS,1988,
PYF,BN.CAB.XOKA.GD.ZS,1987,
PYF,BN.CAB.XOKA.GD.ZS,1986,
PYF,BN.CAB.XOKA.GD.ZS,1985,
PYF,BN.CAB.XOKA.GD.ZS,1984,
PYF,BN.CAB.XOKA.GD.ZS,1983,
PYF,BN.CAB.XOKA.GD.ZS,1982,
PYF,BN.CAB.XOKA.GD.ZS,1981,
PYF,BN.CAB.XOKA.GD.ZS,1980,
PYF,BN.CAB.XOKA.GD.ZS,1979,
PYF,BN.CAB.XOKA.GD.ZS,1978,
PYF,BN.CAB.XOKA.GD.ZS,1977,
PYF,BN.CAB.XOKA.GD.ZS,1976,
PYF,BN.CAB.XOKA.GD.ZS,1975,
PYF,BN.CAB.XOKA.GD.ZS,1974,
PYF,BN.CAB.XOKA.GD.ZS,1973,
PYF,BN.CAB.XOKA.GD.ZS,1972,
PYF,BN.CAB.XOKA.GD.ZS,1971,
PYF,BN.CAB.XOKA.GD.ZS,1970,
PYF,BN.CAB.XOKA.GD.ZS,1969,
PYF,BN.CAB.XOKA.GD.ZS,1968,
PYF,BN.CAB.XOKA.GD.ZS,1967,
PYF,BN.CAB.XOKA.GD.ZS,1966,
PYF,BN.CAB.XOKA.GD.ZS,1965,
PYF,BN.CAB.XOKA.GD.ZS,1964,
PYF,BN.CAB.XOKA.GD.ZS,1963,
PYF,BN.CAB.XOKA.GD.ZS,1962,
PYF,BN.CAB.XOKA.GD.ZS,1961,
PYF,BN.CAB.XOKA.GD.ZS,1960,
GAB,BN.CAB.XOKA.GD.ZS,2025,
GAB,BN.CAB.XOKA.GD.ZS,2024,
GAB,BN.CAB.XOKA.GD.ZS,2023,
GAB,BN.CAB.XOKA.GD.ZS,2022,
GAB,BN.CAB.XOKA.GD.ZS,2021,
GAB,BN.CAB.XOKA.GD.ZS,2020,
GAB,BN.CAB.XOKA.GD.ZS,2019,
GAB,BN.CAB.XOKA.GD.ZS,2018,
GAB,BN.CAB.XOKA.GD.ZS,2017,
GAB,BN.CAB.XOKA.GD.ZS,2016,
GAB,BN.CAB.XOKA.GD.ZS,2015,0.980288664808838
GAB,BN.CAB.XOKA.GD.ZS,2014,6.10892058354702
GAB,BN.CAB.XOKA.GD.ZS,2013,8.31242147608324
GAB,BN.CAB.XOKA.GD.ZS,2012,11.5176523304205
GAB,BN.CAB.XOKA.GD.ZS,2011,14.30205454341
GAB,BN.CAB.XOKA.GD.ZS,2010,17.0685059551217
GAB,BN.CAB.XOKA.GD.ZS,2009,6.63781868280595
GAB,BN.CAB.XOKA.GD.ZS,2008,24.5939589011604
GAB,BN.CAB.XOKA.GD.ZS,2007,22.0639363873959
GAB,BN.CAB.XOKA.GD.ZS,2006,
GAB,BN.CAB.XOKA.GD.ZS,2005,20.6930568792579
GAB,BN.CAB.XOKA.GD.ZS,2004,11.8977404655294
GAB,BN.CAB.XOKA.GD.ZS,2003,11.7614768617876
GAB,BN.CAB.XOKA.GD.ZS,2002,6.33560263979825
GAB,BN.CAB.XOKA.GD.ZS,2001,10.2998522952722
GAB,BN.CAB.XOKA.GD.ZS,2000,19.7027587812577
GAB,BN.CAB.XOKA.GD.ZS,1999,8.37209987870897
GAB,BN.CAB.XOKA.GD.ZS,1998,-13.2831001987777
GAB,BN.CAB.XOKA.GD.ZS,1997,9.97513749355829
GAB,BN.CAB.XOKA.GD.ZS,1996,15.606083485232
GAB,BN.CAB.XOKA.GD.ZS,1995,10.3786091380141
GAB,BN.CAB.XOKA.GD.ZS,1994,7.57275373189422
GAB,BN.CAB.XOKA.GD.ZS,1993,-1.12108668936338
GAB,BN.CAB.XOKA.GD.ZS,1992,-3.00622863834277
GAB,BN.CAB.XOKA.GD.ZS,1991,1.38433185743214
GAB,BN.CAB.XOKA.GD.ZS,1990,2.81747500972778
GAB,BN.CAB.XOKA.GD.ZS,1989,-4.59078995928343
GAB,BN.CAB.XOKA.GD.ZS,1988,-16.0520094477278
GAB,BN.CAB.XOKA.GD.ZS,1987,-13.6844773143339
GAB,BN.CAB.XOKA.GD.ZS,1986,-31.0681259413846
GAB,BN.CAB.XOKA.GD.ZS,1985,-4.86504498812799
GAB,BN.CAB.XOKA.GD.ZS,1984,3.16411772419284
GAB,BN.CAB.XOKA.GD.ZS,1983,2.88787433239867
GAB,BN.CAB.XOKA.GD.ZS,1982,8.55076121567185
GAB,BN.CAB.XOKA.GD.ZS,1981,10.4421153102767
GAB,BN.CAB.XOKA.GD.ZS,1980,8.96925457208746
GAB,BN.CAB.XOKA.GD.ZS,1979,8.17251007369266
GAB,BN.CAB.XOKA.GD.ZS,1978,3.09161720747714
GAB,BN.CAB.XOKA.GD.ZS,1977,
GAB,BN.CAB.XOKA.GD.ZS,1976,
GAB,BN.CAB.XOKA.GD.ZS,1975,
GAB,BN.CAB.XOKA.GD.ZS,1974,
GAB,BN.CAB.XOKA.GD.ZS,1973,
GAB,BN.CAB.XOKA.GD.ZS,1972,
GAB,BN.CAB.XOKA.GD.ZS,1971,
GAB,BN.CAB.XOKA.GD.ZS,1970,
GAB,BN.CAB.XOKA.GD.ZS,1969,
GAB,BN.CAB.XOKA.GD.ZS,1968,
GAB,BN.CAB.XOKA.GD.ZS,1967,
GAB,BN.CAB.XOKA.GD.ZS,1966,
GAB,BN.CAB.XOKA.GD.ZS,1965,
GAB,BN.CAB.XOKA.GD.ZS,1964,
GAB,BN.CAB.XOKA.GD.ZS,1963,
GAB,BN.CAB.XOKA.GD.ZS,1962,
GAB,BN.CAB.XOKA.GD.ZS,1961,
GAB,BN.CAB.XOKA.GD.ZS,1960,
GMB,BN.CAB.XOKA.GD.ZS,2025,
GMB,BN.CAB.XOKA.GD.ZS,2024,-4.14959870449298
GMB,BN.CAB.XOKA.GD.ZS,2023,-5.03989672509041
GMB,BN.CAB.XOKA.GD.ZS,2022,-4.09350427164042
GMB,BN.CAB.XOKA.GD.ZS,2021,-4.31333160293426
GMB,BN.CAB.XOKA.GD.ZS,2020,-4.77621848558059
GMB,BN.CAB.XOKA.GD.ZS,2019,-2.04445221575257
GMB,BN.CAB.XOKA.GD.ZS,2018,-8.08332529672771
GMB,BN.CAB.XOKA.GD.ZS,2017,-6.32875593450885
GMB,BN.CAB.XOKA.GD.ZS,2016,-5.12796647463839
GMB,BN.CAB.XOKA.GD.ZS,2015,-3.90228061316891
GMB,BN.CAB.XOKA.GD.ZS,2014,-6.87758719722139
GMB,BN.CAB.XOKA.GD.ZS,2013,-7.05935659160072
GMB,BN.CAB.XOKA.GD.ZS,2012,-6.55707152697875
GMB,BN.CAB.XOKA.GD.ZS,2011,-7.67135227929092
GMB,BN.CAB.XOKA.GD.ZS,2010,1.13391181749086
GMB,BN.CAB.XOKA.GD.ZS,2009,1.93110412724461
GMB,BN.CAB.XOKA.GD.ZS,2008,-0.402650265042615
GMB,BN.CAB.XOKA.GD.ZS,2007,-6.19477968023257
GMB,BN.CAB.XOKA.GD.ZS,2006,-6.22324623229531
GMB,BN.CAB.XOKA.GD.ZS,2005,-4.22219702002327
GMB,BN.CAB.XOKA.GD.ZS,2004,-3.15228070444893
GMB,BN.CAB.XOKA.GD.ZS,2003,0.541196571889132
GMB,BN.CAB.XOKA.GD.ZS,2002,
GMB,BN.CAB.XOKA.GD.ZS,2001,
GMB,BN.CAB.XOKA.GD.ZS,2000,
GMB,BN.CAB.XOKA.GD.ZS,1999,
GMB,BN.CAB.XOKA.GD.ZS,1998,
GMB,BN.CAB.XOKA.GD.ZS,1997,-2.85622127623815
GMB,BN.CAB.XOKA.GD.ZS,1996,-5.55018808592488
GMB,BN.CAB.XOKA.GD.ZS,1995,-1.035486078866
GMB,BN.CAB.XOKA.GD.ZS,1994,1.08503963991995
GMB,BN.CAB.XOKA.GD.ZS,1993,-0.68412730075442
GMB,BN.CAB.XOKA.GD.ZS,1992,5.34341465610822
GMB,BN.CAB.XOKA.GD.ZS,1991,1.73224760432551
GMB,BN.CAB.XOKA.GD.ZS,1990,7.62398443950627
GMB,BN.CAB.XOKA.GD.ZS,1989,5.4593551375244
GMB,BN.CAB.XOKA.GD.ZS,1988,12.0964807472797
GMB,BN.CAB.XOKA.GD.ZS,1987,6.45566366599967
GMB,BN.CAB.XOKA.GD.ZS,1986,1.66518287354912
GMB,BN.CAB.XOKA.GD.ZS,1985,3.4057539168858
GMB,BN.CAB.XOKA.GD.ZS,1984,3.72636938655723
GMB,BN.CAB.XOKA.GD.ZS,1983,-14.774540208354
GMB,BN.CAB.XOKA.GD.ZS,1982,-9.92877104297179
GMB,BN.CAB.XOKA.GD.ZS,1981,-19.9432665038693
GMB,BN.CAB.XOKA.GD.ZS,1980,-37.5705114654634
GMB,BN.CAB.XOKA.GD.ZS,1979,-17.8873331879792
GMB,BN.CAB.XOKA.GD.ZS,1978,-27.3493264670339
GMB,BN.CAB.XOKA.GD.ZS,1977,
GMB,BN.CAB.XOKA.GD.ZS,1976,
GMB,BN.CAB.XOKA.GD.ZS,1975,
GMB,BN.CAB.XOKA.GD.ZS,1974,
GMB,BN.CAB.XOKA.GD.ZS,1973,
GMB,BN.CAB.XOKA.GD.ZS,1972,
GMB,BN.CAB.XOKA.GD.ZS,1971,
GMB,BN.CAB.XOKA.GD.ZS,1970,
GMB,BN.CAB.XOKA.GD.ZS,1969,
GMB,BN.CAB.XOKA.GD.ZS,1968,
GMB,BN.CAB.XOKA.GD.ZS,1967,
GMB,BN.CAB.XOKA.GD.ZS,1966,
GMB,BN.CAB.XOKA.GD.ZS,1965,
GMB,BN.CAB.XOKA.GD.ZS,1964,
GMB,BN.CAB.XOKA.GD.ZS,1963,
GMB,BN.CAB.XOKA.GD.ZS,1962,
GMB,BN.CAB.XOKA.GD.ZS,1961,
GMB,BN.CAB.XOKA.GD.ZS,1960,
GEO,BN.CAB.XOKA.GD.ZS,2025,
GEO,BN.CAB.XOKA.GD.ZS,2024,-5.2242656775693
GEO,BN.CAB.XOKA.GD.ZS,2023,-5.30768873233957
GEO,BN.CAB.XOKA.GD.ZS,2022,-2.58183727549166
GEO,BN.CAB.XOKA.GD.ZS,2021,-10.2864489440195
GEO,BN.CAB.XOKA.GD.ZS,2020,-12.4222857463116
GEO,BN.CAB.XOKA.GD.ZS,2019,-5.99374849041915
GEO,BN.CAB.XOKA.GD.ZS,2018,-6.65935234039703
GEO,BN.CAB.XOKA.GD.ZS,2017,-7.95124743463903
GEO,BN.CAB.XOKA.GD.ZS,2016,-12.2417329389245
GEO,BN.CAB.XOKA.GD.ZS,2015,-11.6071164150782
GEO,BN.CAB.XOKA.GD.ZS,2014,-9.93087844279949
GEO,BN.CAB.XOKA.GD.ZS,2013,-5.45445307967912
GEO,BN.CAB.XOKA.GD.ZS,2012,-11.1441786727056
GEO,BN.CAB.XOKA.GD.ZS,2011,-11.9098234516365
GEO,BN.CAB.XOKA.GD.ZS,2010,-9.6468391223966
GEO,BN.CAB.XOKA.GD.ZS,2009,-10.5986282901093
GEO,BN.CAB.XOKA.GD.ZS,2008,-21.9709187774567
GEO,BN.CAB.XOKA.GD.ZS,2007,-19.5819311413511
GEO,BN.CAB.XOKA.GD.ZS,2006,-15.3810743163939
GEO,BN.CAB.XOKA.GD.ZS,2005,-10.8511554489972
GEO,BN.CAB.XOKA.GD.ZS,2004,-6.94983213970616
GEO,BN.CAB.XOKA.GD.ZS,2003,-9.57586165079388
GEO,BN.CAB.XOKA.GD.ZS,2002,-6.3877422128611
GEO,BN.CAB.XOKA.GD.ZS,2001,-6.12197073672485
GEO,BN.CAB.XOKA.GD.ZS,2000,-5.75310242328275
GEO,BN.CAB.XOKA.GD.ZS,1999,-7.08564878719989
GEO,BN.CAB.XOKA.GD.ZS,1998,-7.6297275422632
GEO,BN.CAB.XOKA.GD.ZS,1997,-14.6474016992689
GEO,BN.CAB.XOKA.GD.ZS,1996,
GEO,BN.CAB.XOKA.GD.ZS,1995,
GEO,BN.CAB.XOKA.GD.ZS,1994,
GEO,BN.CAB.XOKA.GD.ZS,1993,
GEO,BN.CAB.XOKA.GD.ZS,1992,
GEO,BN.CAB.XOKA.GD.ZS,1991,
GEO,BN.CAB.XOKA.GD.ZS,1990,
GEO,BN.CAB.XOKA.GD.ZS,1989,
GEO,BN.CAB.XOKA.GD.ZS,1988,
GEO,BN.CAB.XOKA.GD.ZS,1987,
GEO,BN.CAB.XOKA.GD.ZS,1986,
GEO,BN.CAB.XOKA.GD.ZS,1985,
GEO,BN.CAB.XOKA.GD.ZS,1984,
GEO,BN.CAB.XOKA.GD.ZS,1983,
GEO,BN.CAB.XOKA.GD.ZS,1982,
GEO,BN.CAB.XOKA.GD.ZS,1981,
GEO,BN.CAB.XOKA.GD.ZS,1980,
GEO,BN.CAB.XOKA.GD.ZS,1979,
GEO,BN.CAB.XOKA.GD.ZS,1978,
GEO,BN.CAB.XOKA.GD.ZS,1977,
GEO,BN.CAB.XOKA.GD.ZS,1976,
GEO,BN.CAB.XOKA.GD.ZS,1975,
GEO,BN.CAB.XOKA.GD.ZS,1974,
GEO,BN.CAB.XOKA.GD.ZS,1973,
GEO,BN.CAB.XOKA.GD.ZS,1972,
GEO,BN.CAB.XOKA.GD.ZS,1971,
GEO,BN.CAB.XOKA.GD.ZS,1970,
GEO,BN.CAB.XOKA.GD.ZS,1969,
GEO,BN.CAB.XOKA.GD.ZS,1968,
GEO,BN.CAB.XOKA.GD.ZS,1967,
GEO,BN.CAB.XOKA.GD.ZS,1966,
GEO,BN.CAB.XOKA.GD.ZS,1965,
GEO,BN.CAB.XOKA.GD.ZS,1964,
GEO,BN.CAB.XOKA.GD.ZS,1963,
GEO,BN.CAB.XOKA.GD.ZS,1962,
GEO,BN.CAB.XOKA.GD.ZS,1961,
GEO,BN.CAB.XOKA.GD.ZS,1960,
DEU,BN.CAB.XOKA.GD.ZS,2025,
DEU,BN.CAB.XOKA.GD.ZS,2024,5.77188467199732
DEU,BN.CAB.XOKA.GD.ZS,2023,5.51222510245724
DEU,BN.CAB.XOKA.GD.ZS,2022,3.85045627175846
DEU,BN.CAB.XOKA.GD.ZS,2021,6.9200696637534
DEU,BN.CAB.XOKA.GD.ZS,2020,6.34782686016016
DEU,BN.CAB.XOKA.GD.ZS,2019,7.87471222403171
DEU,BN.CAB.XOKA.GD.ZS,2018,8.43761219902202
DEU,BN.CAB.XOKA.GD.ZS,2017,8.07873526112888
DEU,BN.CAB.XOKA.GD.ZS,2016,8.9023603683727
DEU,BN.CAB.XOKA.GD.ZS,2015,8.09671429040111
DEU,BN.CAB.XOKA.GD.ZS,2014,7.19417703303447
DEU,BN.CAB.XOKA.GD.ZS,2013,6.72910853583545
DEU,BN.CAB.XOKA.GD.ZS,2012,7.19554460437767
DEU,BN.CAB.XOKA.GD.ZS,2011,6.26091712383114
DEU,BN.CAB.XOKA.GD.ZS,2010,5.77277636027696
DEU,BN.CAB.XOKA.GD.ZS,2009,5.87627948005071
DEU,BN.CAB.XOKA.GD.ZS,2008,5.57767610595061
DEU,BN.CAB.XOKA.GD.ZS,2007,6.70574096490579
DEU,BN.CAB.XOKA.GD.ZS,2006,5.83661726884204
DEU,BN.CAB.XOKA.GD.ZS,2005,4.64324145764122
DEU,BN.CAB.XOKA.GD.ZS,2004,4.53374240243277
DEU,BN.CAB.XOKA.GD.ZS,2003,1.53250948753762
DEU,BN.CAB.XOKA.GD.ZS,2002,1.98424702046954
DEU,BN.CAB.XOKA.GD.ZS,2001,-0.17042466008937
DEU,BN.CAB.XOKA.GD.ZS,2000,-1.5131310276989
DEU,BN.CAB.XOKA.GD.ZS,1999,-1.16769718086738
DEU,BN.CAB.XOKA.GD.ZS,1998,-0.474729135736975
DEU,BN.CAB.XOKA.GD.ZS,1997,-0.355877126875177
DEU,BN.CAB.XOKA.GD.ZS,1996,-0.492213210288898
DEU,BN.CAB.XOKA.GD.ZS,1995,-1.06756701779392
DEU,BN.CAB.XOKA.GD.ZS,1994,-1.32150809446364
DEU,BN.CAB.XOKA.GD.ZS,1993,-0.77819069062652
DEU,BN.CAB.XOKA.GD.ZS,1992,-0.983554177100667
DEU,BN.CAB.XOKA.GD.ZS,1991,-1.19301223274731
DEU,BN.CAB.XOKA.GD.ZS,1990,2.61258287267843
DEU,BN.CAB.XOKA.GD.ZS,1989,4.06331329481203
DEU,BN.CAB.XOKA.GD.ZS,1988,3.83691174148043
DEU,BN.CAB.XOKA.GD.ZS,1987,3.39361607761235
DEU,BN.CAB.XOKA.GD.ZS,1986,3.68171870800605
DEU,BN.CAB.XOKA.GD.ZS,1985,2.4474419685469
DEU,BN.CAB.XOKA.GD.ZS,1984,1.26588966888943
DEU,BN.CAB.XOKA.GD.ZS,1983,0.561957175499551
DEU,BN.CAB.XOKA.GD.ZS,1982,0.707177361289586
DEU,BN.CAB.XOKA.GD.ZS,1981,-0.660279054435672
DEU,BN.CAB.XOKA.GD.ZS,1980,-1.64142670824601
DEU,BN.CAB.XOKA.GD.ZS,1979,-0.608955465758091
DEU,BN.CAB.XOKA.GD.ZS,1978,1.24840951315621
DEU,BN.CAB.XOKA.GD.ZS,1977,0.647866403184257
DEU,BN.CAB.XOKA.GD.ZS,1976,0.718109747836375
DEU,BN.CAB.XOKA.GD.ZS,1975,0.629007055413313
DEU,BN.CAB.XOKA.GD.ZS,1974,2.03272304257914
DEU,BN.CAB.XOKA.GD.ZS,1973,1.04564676592662
DEU,BN.CAB.XOKA.GD.ZS,1972,0.112907022442969
DEU,BN.CAB.XOKA.GD.ZS,1971,0.0424787980358954
DEU,BN.CAB.XOKA.GD.ZS,1970,
DEU,BN.CAB.XOKA.GD.ZS,1969,
DEU,BN.CAB.XOKA.GD.ZS,1968,
DEU,BN.CAB.XOKA.GD.ZS,1967,
DEU,BN.CAB.XOKA.GD.ZS,1966,
DEU,BN.CAB.XOKA.GD.ZS,1965,
DEU,BN.CAB.XOKA.GD.ZS,1964,
DEU,BN.CAB.XOKA.GD.ZS,1963,
DEU,BN.CAB.XOKA.GD.ZS,1962,
DEU,BN.CAB.XOKA.GD.ZS,1961,
DEU,BN.CAB.XOKA.GD.ZS,1960,
GHA,BN.CAB.XOKA.GD.ZS,2025,
GHA,BN.CAB.XOKA.GD.ZS,2024,2.04180009736218
GHA,BN.CAB.XOKA.GD.ZS,2023,-0.911884130673809
GHA,BN.CAB.XOKA.GD.ZS,2022,-2.33126484639335
GHA,BN.CAB.XOKA.GD.ZS,2021,-2.8205574143058
GHA,BN.CAB.XOKA.GD.ZS,2020,-3.04816313374944
GHA,BN.CAB.XOKA.GD.ZS,2019,-2.72699375813964
GHA,BN.CAB.XOKA.GD.ZS,2018,-3.03986602950098
GHA,BN.CAB.XOKA.GD.ZS,2017,-3.31643027470141
GHA,BN.CAB.XOKA.GD.ZS,2016,-5.04424020618629
GHA,BN.CAB.XOKA.GD.ZS,2015,-5.71161560258539
GHA,BN.CAB.XOKA.GD.ZS,2014,-6.75690272053076
GHA,BN.CAB.XOKA.GD.ZS,2013,-9.07624953901069
GHA,BN.CAB.XOKA.GD.ZS,2012,-11.9009237632838
GHA,BN.CAB.XOKA.GD.ZS,2011,-9.00258173366362
GHA,BN.CAB.XOKA.GD.ZS,2010,-8.5327330566748
GHA,BN.CAB.XOKA.GD.ZS,2009,-7.28314283327412
GHA,BN.CAB.XOKA.GD.ZS,2008,-11.6021635051277
GHA,BN.CAB.XOKA.GD.ZS,2007,-9.58130961421888
GHA,BN.CAB.XOKA.GD.ZS,2006,-5.05660776463669
GHA,BN.CAB.XOKA.GD.ZS,2005,-10.280631865678
GHA,BN.CAB.XOKA.GD.ZS,2004,-6.64520344576759
GHA,BN.CAB.XOKA.GD.ZS,2003,1.33224533437262
GHA,BN.CAB.XOKA.GD.ZS,2002,-1.70668468981884
GHA,BN.CAB.XOKA.GD.ZS,2001,-8.04286187367619
GHA,BN.CAB.XOKA.GD.ZS,2000,-7.75495051706689
GHA,BN.CAB.XOKA.GD.ZS,1999,-12.4939914333473
GHA,BN.CAB.XOKA.GD.ZS,1998,-6.9730710672988
GHA,BN.CAB.XOKA.GD.ZS,1997,-5.85456469341193
GHA,BN.CAB.XOKA.GD.ZS,1996,-4.42593921260815
GHA,BN.CAB.XOKA.GD.ZS,1995,-2.22295003676613
GHA,BN.CAB.XOKA.GD.ZS,1994,-4.67466144092219
GHA,BN.CAB.XOKA.GD.ZS,1993,-9.36182299010873
GHA,BN.CAB.XOKA.GD.ZS,1992,-5.87583998572894
GHA,BN.CAB.XOKA.GD.ZS,1991,-3.81712748889921
GHA,BN.CAB.XOKA.GD.ZS,1990,-3.79004857894482
GHA,BN.CAB.XOKA.GD.ZS,1989,-1.78793851881226
GHA,BN.CAB.XOKA.GD.ZS,1988,-1.29093946323997
GHA,BN.CAB.XOKA.GD.ZS,1987,-1.92912868632708
GHA,BN.CAB.XOKA.GD.ZS,1986,-1.48753135064422
GHA,BN.CAB.XOKA.GD.ZS,1985,-2.97271052447471
GHA,BN.CAB.XOKA.GD.ZS,1984,-0.879363988157938
GHA,BN.CAB.XOKA.GD.ZS,1983,-4.24335765919776
GHA,BN.CAB.XOKA.GD.ZS,1982,-2.65807659865766
GHA,BN.CAB.XOKA.GD.ZS,1981,-9.92747367168792
GHA,BN.CAB.XOKA.GD.ZS,1980,0.679380192289742
GHA,BN.CAB.XOKA.GD.ZS,1979,3.07195329346052
GHA,BN.CAB.XOKA.GD.ZS,1978,-1.25435152310235
GHA,BN.CAB.XOKA.GD.ZS,1977,-2.50038784561282
GHA,BN.CAB.XOKA.GD.ZS,1976,-2.6776478271648
GHA,BN.CAB.XOKA.GD.ZS,1975,0.625389561981361
GHA,BN.CAB.XOKA.GD.ZS,1974,
GHA,BN.CAB.XOKA.GD.ZS,1973,
GHA,BN.CAB.XOKA.GD.ZS,1972,
GHA,BN.CAB.XOKA.GD.ZS,1971,
GHA,BN.CAB.XOKA.GD.ZS,1970,
GHA,BN.CAB.XOKA.GD.ZS,1969,
GHA,BN.CAB.XOKA.GD.ZS,1968,
GHA,BN.CAB.XOKA.GD.ZS,1967,
GHA,BN.CAB.XOKA.GD.ZS,1966,
GHA,BN.CAB.XOKA.GD.ZS,1965,
GHA,BN.CAB.XOKA.GD.ZS,1964,
GHA,BN.CAB.XOKA.GD.ZS,1963,
GHA,BN.CAB.XOKA.GD.ZS,1962,
GHA,BN.CAB.XOKA.GD.ZS,1961,
GHA,BN.CAB.XOKA.GD.ZS,1960,
GIB,BN.CAB.XOKA.GD.ZS,2025,
GIB,BN.CAB.XOKA.GD.ZS,2024,
GIB,BN.CAB.XOKA.GD.ZS,2023,
GIB,BN.CAB.XOKA.GD.ZS,2022,
GIB,BN.CAB.XOKA.GD.ZS,2021,
GIB,BN.CAB.XOKA.GD.ZS,2020,
GIB,BN.CAB.XOKA.GD.ZS,2019,
GIB,BN.CAB.XOKA.GD.ZS,2018,
GIB,BN.CAB.XOKA.GD.ZS,2017,
GIB,BN.CAB.XOKA.GD.ZS,2016,
GIB,BN.CAB.XOKA.GD.ZS,2015,
GIB,BN.CAB.XOKA.GD.ZS,2014,
GIB,BN.CAB.XOKA.GD.ZS,2013,
GIB,BN.CAB.XOKA.GD.ZS,2012,
GIB,BN.CAB.XOKA.GD.ZS,2011,
GIB,BN.CAB.XOKA.GD.ZS,2010,
GIB,BN.CAB.XOKA.GD.ZS,2009,
GIB,BN.CAB.XOKA.GD.ZS,2008,
GIB,BN.CAB.XOKA.GD.ZS,2007,
GIB,BN.CAB.XOKA.GD.ZS,2006,
GIB,BN.CAB.XOKA.GD.ZS,2005,
GIB,BN.CAB.XOKA.GD.ZS,2004,
GIB,BN.CAB.XOKA.GD.ZS,2003,
GIB,BN.CAB.XOKA.GD.ZS,2002,
GIB,BN.CAB.XOKA.GD.ZS,2001,
GIB,BN.CAB.XOKA.GD.ZS,2000,
GIB,BN.CAB.XOKA.GD.ZS,1999,
GIB,BN.CAB.XOKA.GD.ZS,1998,
GIB,BN.CAB.XOKA.GD.ZS,1997,
GIB,BN.CAB.XOKA.GD.ZS,1996,
GIB,BN.CAB.XOKA.GD.ZS,1995,
GIB,BN.CAB.XOKA.GD.ZS,1994,
GIB,BN.CAB.XOKA.GD.ZS,1993,
GIB,BN.CAB.XOKA.GD.ZS,1992,
GIB,BN.CAB.XOKA.GD.ZS,1991,
GIB,BN.CAB.XOKA.GD.ZS,1990,
GIB,BN.CAB.XOKA.GD.ZS,1989,
GIB,BN.CAB.XOKA.GD.ZS,1988,
GIB,BN.CAB.XOKA.GD.ZS,1987,
GIB,BN.CAB.XOKA.GD.ZS,1986,
GIB,BN.CAB.XOKA.GD.ZS,1985,
GIB,BN.CAB.XOKA.GD.ZS,1984,
GIB,BN.CAB.XOKA.GD.ZS,1983,
GIB,BN.CAB.XOKA.GD.ZS,1982,
GIB,BN.CAB.XOKA.GD.ZS,1981,
GIB,BN.CAB.XOKA.GD.ZS,1980,
GIB,BN.CAB.XOKA.GD.ZS,1979,
GIB,BN.CAB.XOKA.GD.ZS,1978,
GIB,BN.CAB.XOKA.GD.ZS,1977,
GIB,BN.CAB.XOKA.GD.ZS,1976,
GIB,BN.CAB.XOKA.GD.ZS,1975,
GIB,BN.CAB.XOKA.GD.ZS,1974,
GIB,BN.CAB.XOKA.GD.ZS,1973,
GIB,BN.CAB.XOKA.GD.ZS,1972,
GIB,BN.CAB.XOKA.GD.ZS,1971,
GIB,BN.CAB.XOKA.GD.ZS,1970,
GIB,BN.CAB.XOKA.GD.ZS,1969,
GIB,BN.CAB.XOKA.GD.ZS,1968,
GIB,BN.CAB.XOKA.GD.ZS,1967,
GIB,BN.CAB.XOKA.GD.ZS,1966,
GIB,BN.CAB.XOKA.GD.ZS,1965,
GIB,BN.CAB.XOKA.GD.ZS,1964,
GIB,BN.CAB.XOKA.GD.ZS,1963,
GIB,BN.CAB.XOKA.GD.ZS,1962,
GIB,BN.CAB.XOKA.GD.ZS,1961,
GIB,BN.CAB.XOKA.GD.ZS,1960,
GRC,BN.CAB.XOKA.GD.ZS,2025,
GRC,BN.CAB.XOKA.GD.ZS,2024,-7.10950344070572
GRC,BN.CAB.XOKA.GD.ZS,2023,-6.77841375377555
GRC,BN.CAB.XOKA.GD.ZS,2022,-10.8779875356727
GRC,BN.CAB.XOKA.GD.ZS,2021,-6.34795283469092
GRC,BN.CAB.XOKA.GD.ZS,2020,-6.4866420039279
GRC,BN.CAB.XOKA.GD.ZS,2019,-1.50121840629263
GRC,BN.CAB.XOKA.GD.ZS,2018,-2.92946837177349
GRC,BN.CAB.XOKA.GD.ZS,2017,-1.79956830770947
GRC,BN.CAB.XOKA.GD.ZS,2016,-1.68881636338714
GRC,BN.CAB.XOKA.GD.ZS,2015,-0.828192197799729
GRC,BN.CAB.XOKA.GD.ZS,2014,-1.59663409250033
GRC,BN.CAB.XOKA.GD.ZS,2013,-2.09216226097274
GRC,BN.CAB.XOKA.GD.ZS,2012,-2.58418506053024
GRC,BN.CAB.XOKA.GD.ZS,2011,-10.0976272377955
GRC,BN.CAB.XOKA.GD.ZS,2010,-10.2094499511211
GRC,BN.CAB.XOKA.GD.ZS,2009,-10.9982860428605
GRC,BN.CAB.XOKA.GD.ZS,2008,-14.6094922064777
GRC,BN.CAB.XOKA.GD.ZS,2007,-14.1869570945957
GRC,BN.CAB.XOKA.GD.ZS,2006,-10.9919390863757
GRC,BN.CAB.XOKA.GD.ZS,2005,-7.51860335220303
GRC,BN.CAB.XOKA.GD.ZS,2004,-5.74201400267067
GRC,BN.CAB.XOKA.GD.ZS,2003,-6.5062606053612
GRC,BN.CAB.XOKA.GD.ZS,2002,-6.38625728965696
GRC,BN.CAB.XOKA.GD.ZS,2001,-7.12083770050181
GRC,BN.CAB.XOKA.GD.ZS,2000,-7.80647954386925
GRC,BN.CAB.XOKA.GD.ZS,1999,-5.31917093747904
GRC,BN.CAB.XOKA.GD.ZS,1998,
GRC,BN.CAB.XOKA.GD.ZS,1997,-3.50229712684898
GRC,BN.CAB.XOKA.GD.ZS,1996,-3.19572255088179
GRC,BN.CAB.XOKA.GD.ZS,1995,-2.12188049067422
GRC,BN.CAB.XOKA.GD.ZS,1994,-0.126978535177172
GRC,BN.CAB.XOKA.GD.ZS,1993,-0.696206808420449
GRC,BN.CAB.XOKA.GD.ZS,1992,-1.86723149235441
GRC,BN.CAB.XOKA.GD.ZS,1991,-1.51783071981204
GRC,BN.CAB.XOKA.GD.ZS,1990,-3.66416152795676
GRC,BN.CAB.XOKA.GD.ZS,1989,-3.28047623715177
GRC,BN.CAB.XOKA.GD.ZS,1988,-1.27392583418636
GRC,BN.CAB.XOKA.GD.ZS,1987,-1.88910563466861
GRC,BN.CAB.XOKA.GD.ZS,1986,-3.01463543598474
GRC,BN.CAB.XOKA.GD.ZS,1985,-6.94719222076847
GRC,BN.CAB.XOKA.GD.ZS,1984,-4.50243582614758
GRC,BN.CAB.XOKA.GD.ZS,1983,-3.85298763130145
GRC,BN.CAB.XOKA.GD.ZS,1982,-3.51291880931802
GRC,BN.CAB.XOKA.GD.ZS,1981,-4.66499808594164
GRC,BN.CAB.XOKA.GD.ZS,1980,-3.94187955770984
GRC,BN.CAB.XOKA.GD.ZS,1979,-3.51052739369007
GRC,BN.CAB.XOKA.GD.ZS,1978,-2.18763340815346
GRC,BN.CAB.XOKA.GD.ZS,1977,-3.01347678839082
GRC,BN.CAB.XOKA.GD.ZS,1976,-3.02413262009222
GRC,BN.CAB.XOKA.GD.ZS,1975,
GRC,BN.CAB.XOKA.GD.ZS,1974,
GRC,BN.CAB.XOKA.GD.ZS,1973,
GRC,BN.CAB.XOKA.GD.ZS,1972,
GRC,BN.CAB.XOKA.GD.ZS,1971,
GRC,BN.CAB.XOKA.GD.ZS,1970,
GRC,BN.CAB.XOKA.GD.ZS,1969,
GRC,BN.CAB.XOKA.GD.ZS,1968,
GRC,BN.CAB.XOKA.GD.ZS,1967,
GRC,BN.CAB.XOKA.GD.ZS,1966,
GRC,BN.CAB.XOKA.GD.ZS,1965,
GRC,BN.CAB.XOKA.GD.ZS,1964,
GRC,BN.CAB.XOKA.GD.ZS,1963,
GRC,BN.CAB.XOKA.GD.ZS,1962,
GRC,BN.CAB.XOKA.GD.ZS,1961,
GRC,BN.CAB.XOKA.GD.ZS,1960,
GRL,BN.CAB.XOKA.GD.ZS,2025,
GRL,BN.CAB.XOKA.GD.ZS,2024,
GRL,BN.CAB.XOKA.GD.ZS,2023,
GRL,BN.CAB.XOKA.GD.ZS,2022,
GRL,BN.CAB.XOKA.GD.ZS,2021,
GRL,BN.CAB.XOKA.GD.ZS,2020,
GRL,BN.CAB.XOKA.GD.ZS,2019,
GRL,BN.CAB.XOKA.GD.ZS,2018,
GRL,BN.CAB.XOKA.GD.ZS,2017,
GRL,BN.CAB.XOKA.GD.ZS,2016,
GRL,BN.CAB.XOKA.GD.ZS,2015,
GRL,BN.CAB.XOKA.GD.ZS,2014,
GRL,BN.CAB.XOKA.GD.ZS,2013,
GRL,BN.CAB.XOKA.GD.ZS,2012,
GRL,BN.CAB.XOKA.GD.ZS,2011,
GRL,BN.CAB.XOKA.GD.ZS,2010,
GRL,BN.CAB.XOKA.GD.ZS,2009,
GRL,BN.CAB.XOKA.GD.ZS,2008,
GRL,BN.CAB.XOKA.GD.ZS,2007,
GRL,BN.CAB.XOKA.GD.ZS,2006,
GRL,BN.CAB.XOKA.GD.ZS,2005,
GRL,BN.CAB.XOKA.GD.ZS,2004,
GRL,BN.CAB.XOKA.GD.ZS,2003,
GRL,BN.CAB.XOKA.GD.ZS,2002,
GRL,BN.CAB.XOKA.GD.ZS,2001,
GRL,BN.CAB.XOKA.GD.ZS,2000,
GRL,BN.CAB.XOKA.GD.ZS,1999,
GRL,BN.CAB.XOKA.GD.ZS,1998,
GRL,BN.CAB.XOKA.GD.ZS,1997,
GRL,BN.CAB.XOKA.GD.ZS,1996,
GRL,BN.CAB.XOKA.GD.ZS,1995,
GRL,BN.CAB.XOKA.GD.ZS,1994,
GRL,BN.CAB.XOKA.GD.ZS,1993,
GRL,BN.CAB.XOKA.GD.ZS,1992,
GRL,BN.CAB.XOKA.GD.ZS,1991,
GRL,BN.CAB.XOKA.GD.ZS,1990,
GRL,BN.CAB.XOKA.GD.ZS,1989,
GRL,BN.CAB.XOKA.GD.ZS,1988,
GRL,BN.CAB.XOKA.GD.ZS,1987,
GRL,BN.CAB.XOKA.GD.ZS,1986,
GRL,BN.CAB.XOKA.GD.ZS,1985,
GRL,BN.CAB.XOKA.GD.ZS,1984,
GRL,BN.CAB.XOKA.GD.ZS,1983,
GRL,BN.CAB.XOKA.GD.ZS,1982,
GRL,BN.CAB.XOKA.GD.ZS,1981,
GRL,BN.CAB.XOKA.GD.ZS,1980,
GRL,BN.CAB.XOKA.GD.ZS,1979,
GRL,BN.CAB.XOKA.GD.ZS,1978,
GRL,BN.CAB.XOKA.GD.ZS,1977,
GRL,BN.CAB.XOKA.GD.ZS,1976,
GRL,BN.CAB.XOKA.GD.ZS,1975,
GRL,BN.CAB.XOKA.GD.ZS,1974,
GRL,BN.CAB.XOKA.GD.ZS,1973,
GRL,BN.CAB.XOKA.GD.ZS,1972,
GRL,BN.CAB.XOKA.GD.ZS,1971,
GRL,BN.CAB.XOKA.GD.ZS,1970,
GRL,BN.CAB.XOKA.GD.ZS,1969,
GRL,BN.CAB.XOKA.GD.ZS,1968,
GRL,BN.CAB.XOKA.GD.ZS,1967,
GRL,BN.CAB.XOKA.GD.ZS,1966,
GRL,BN.CAB.XOKA.GD.ZS,1965,
GRL,BN.CAB.XOKA.GD.ZS,1964,
GRL,BN.CAB.XOKA.GD.ZS,1963,
GRL,BN.CAB.XOKA.GD.ZS,1962,
GRL,BN.CAB.XOKA.GD.ZS,1961,
GRL,BN.CAB.XOKA.GD.ZS,1960,
GRD,BN.CAB.XOKA.GD.ZS,2025,
GRD,BN.CAB.XOKA.GD.ZS,2024,-19.7366510266779
GRD,BN.CAB.XOKA.GD.ZS,2023,-18.21834369362
GRD,BN.CAB.XOKA.GD.ZS,2022,-12.127765960022
GRD,BN.CAB.XOKA.GD.ZS,2021,-14.3794506270627
GRD,BN.CAB.XOKA.GD.ZS,2020,-16.1060034218251
GRD,BN.CAB.XOKA.GD.ZS,2019,-10.3282132272823
GRD,BN.CAB.XOKA.GD.ZS,2018,-12.7578936321221
GRD,BN.CAB.XOKA.GD.ZS,2017,-11.4635306675494
GRD,BN.CAB.XOKA.GD.ZS,2016,-8.84957467526885
GRD,BN.CAB.XOKA.GD.ZS,2015,-10.6165101004821
GRD,BN.CAB.XOKA.GD.ZS,2014,-9.08236900654942
GRD,BN.CAB.XOKA.GD.ZS,2013,-17.0640979875268
GRD,BN.CAB.XOKA.GD.ZS,2012,-14.9830707473175
GRD,BN.CAB.XOKA.GD.ZS,2011,-18.6656495604378
GRD,BN.CAB.XOKA.GD.ZS,2010,-19.4482994535286
GRD,BN.CAB.XOKA.GD.ZS,2009,-16.922787751426
GRD,BN.CAB.XOKA.GD.ZS,2008,-26.310483241865
GRD,BN.CAB.XOKA.GD.ZS,2007,-29.2906558652577
GRD,BN.CAB.XOKA.GD.ZS,2006,-35.3579767652673
GRD,BN.CAB.XOKA.GD.ZS,2005,-36.197096036622
GRD,BN.CAB.XOKA.GD.ZS,2004,-21.9094311537962
GRD,BN.CAB.XOKA.GD.ZS,2003,-26.3551417555989
GRD,BN.CAB.XOKA.GD.ZS,2002,-24.5623129443554
GRD,BN.CAB.XOKA.GD.ZS,2001,-25.1924121595876
GRD,BN.CAB.XOKA.GD.ZS,2000,-21.9966277175388
GRD,BN.CAB.XOKA.GD.ZS,1999,-11.5657809941147
GRD,BN.CAB.XOKA.GD.ZS,1998,-18.2799852849773
GRD,BN.CAB.XOKA.GD.ZS,1997,-17.6170958451229
GRD,BN.CAB.XOKA.GD.ZS,1996,-15.4008298904297
GRD,BN.CAB.XOKA.GD.ZS,1995,-12.2182247681427
GRD,BN.CAB.XOKA.GD.ZS,1994,-8.6534330809719
GRD,BN.CAB.XOKA.GD.ZS,1993,-14.0981471570171
GRD,BN.CAB.XOKA.GD.ZS,1992,-10.4438180860276
GRD,BN.CAB.XOKA.GD.ZS,1991,-15.9830787973543
GRD,BN.CAB.XOKA.GD.ZS,1990,-16.626121074546
GRD,BN.CAB.XOKA.GD.ZS,1989,-13.5871554173319
GRD,BN.CAB.XOKA.GD.ZS,1988,-11.7493067008026
GRD,BN.CAB.XOKA.GD.ZS,1987,-13.5773457166948
GRD,BN.CAB.XOKA.GD.ZS,1986,-10.1739078608534
GRD,BN.CAB.XOKA.GD.ZS,1985,1.6539078422986
GRD,BN.CAB.XOKA.GD.ZS,1984,2.61108606727808
GRD,BN.CAB.XOKA.GD.ZS,1983,-11.3047029073074
GRD,BN.CAB.XOKA.GD.ZS,1982,-14.1117135185594
GRD,BN.CAB.XOKA.GD.ZS,1981,-11.9944848171595
GRD,BN.CAB.XOKA.GD.ZS,1980,0.244129508536837
GRD,BN.CAB.XOKA.GD.ZS,1979,-1.08672115211221
GRD,BN.CAB.XOKA.GD.ZS,1978,1.18672987914061
GRD,BN.CAB.XOKA.GD.ZS,1977,1.82868261957924
GRD,BN.CAB.XOKA.GD.ZS,1976,
GRD,BN.CAB.XOKA.GD.ZS,1975,
GRD,BN.CAB.XOKA.GD.ZS,1974,
GRD,BN.CAB.XOKA.GD.ZS,1973,
GRD,BN.CAB.XOKA.GD.ZS,1972,
GRD,BN.CAB.XOKA.GD.ZS,1971,
GRD,BN.CAB.XOKA.GD.ZS,1970,
GRD,BN.CAB.XOKA.GD.ZS,1969,
GRD,BN.CAB.XOKA.GD.ZS,1968,
GRD,BN.CAB.XOKA.GD.ZS,1967,
GRD,BN.CAB.XOKA.GD.ZS,1966,
GRD,BN.CAB.XOKA.GD.ZS,1965,
GRD,BN.CAB.XOKA.GD.ZS,1964,
GRD,BN.CAB.XOKA.GD.ZS,1963,
GRD,BN.CAB.XOKA.GD.ZS,1962,
GRD,BN.CAB.XOKA.GD.ZS,1961,
GRD,BN.CAB.XOKA.GD.ZS,1960,
GUM,BN.CAB.XOKA.GD.ZS,2025,
GUM,BN.CAB.XOKA.GD.ZS,2024,
GUM,BN.CAB.XOKA.GD.ZS,2023,
GUM,BN.CAB.XOKA.GD.ZS,2022,
GUM,BN.CAB.XOKA.GD.ZS,2021,
GUM,BN.CAB.XOKA.GD.ZS,2020,
GUM,BN.CAB.XOKA.GD.ZS,2019,
GUM,BN.CAB.XOKA.GD.ZS,2018,
GUM,BN.CAB.XOKA.GD.ZS,2017,
GUM,BN.CAB.XOKA.GD.ZS,2016,
GUM,BN.CAB.XOKA.GD.ZS,2015,
GUM,BN.CAB.XOKA.GD.ZS,2014,
GUM,BN.CAB.XOKA.GD.ZS,2013,
GUM,BN.CAB.XOKA.GD.ZS,2012,
GUM,BN.CAB.XOKA.GD.ZS,2011,
GUM,BN.CAB.XOKA.GD.ZS,2010,
GUM,BN.CAB.XOKA.GD.ZS,2009,
GUM,BN.CAB.XOKA.GD.ZS,2008,
GUM,BN.CAB.XOKA.GD.ZS,2007,
GUM,BN.CAB.XOKA.GD.ZS,2006,
GUM,BN.CAB.XOKA.GD.ZS,2005,
GUM,BN.CAB.XOKA.GD.ZS,2004,
GUM,BN.CAB.XOKA.GD.ZS,2003,
GUM,BN.CAB.XOKA.GD.ZS,2002,
GUM,BN.CAB.XOKA.GD.ZS,2001,
GUM,BN.CAB.XOKA.GD.ZS,2000,
GUM,BN.CAB.XOKA.GD.ZS,1999,
GUM,BN.CAB.XOKA.GD.ZS,1998,
GUM,BN.CAB.XOKA.GD.ZS,1997,
GUM,BN.CAB.XOKA.GD.ZS,1996,
GUM,BN.CAB.XOKA.GD.ZS,1995,
GUM,BN.CAB.XOKA.GD.ZS,1994,
GUM,BN.CAB.XOKA.GD.ZS,1993,
GUM,BN.CAB.XOKA.GD.ZS,1992,
GUM,BN.CAB.XOKA.GD.ZS,1991,
GUM,BN.CAB.XOKA.GD.ZS,1990,
GUM,BN.CAB.XOKA.GD.ZS,1989,
GUM,BN.CAB.XOKA.GD.ZS,1988,
GUM,BN.CAB.XOKA.GD.ZS,1987,
GUM,BN.CAB.XOKA.GD.ZS,1986,
GUM,BN.CAB.XOKA.GD.ZS,1985,
GUM,BN.CAB.XOKA.GD.ZS,1984,
GUM,BN.CAB.XOKA.GD.ZS,1983,
GUM,BN.CAB.XOKA.GD.ZS,1982,
GUM,BN.CAB.XOKA.GD.ZS,1981,
GUM,BN.CAB.XOKA.GD.ZS,1980,
GUM,BN.CAB.XOKA.GD.ZS,1979,
GUM,BN.CAB.XOKA.GD.ZS,1978,
GUM,BN.CAB.XOKA.GD.ZS,1977,
GUM,BN.CAB.XOKA.GD.ZS,1976,
GUM,BN.CAB.XOKA.GD.ZS,1975,
GUM,BN.CAB.XOKA.GD.ZS,1974,
GUM,BN.CAB.XOKA.GD.ZS,1973,
GUM,BN.CAB.XOKA.GD.ZS,1972,
GUM,BN.CAB.XOKA.GD.ZS,1971,
GUM,BN.CAB.XOKA.GD.ZS,1970,
GUM,BN.CAB.XOKA.GD.ZS,1969,
GUM,BN.CAB.XOKA.GD.ZS,1968,
GUM,BN.CAB.XOKA.GD.ZS,1967,
GUM,BN.CAB.XOKA.GD.ZS,1966,
GUM,BN.CAB.XOKA.GD.ZS,1965,
GUM,BN.CAB.XOKA.GD.ZS,1964,
GUM,BN.CAB.XOKA.GD.ZS,1963,
GUM,BN.CAB.XOKA.GD.ZS,1962,
GUM,BN.CAB.XOKA.GD.ZS,1961,
GUM,BN.CAB.XOKA.GD.ZS,1960,
GTM,BN.CAB.XOKA.GD.ZS,2025,
GTM,BN.CAB.XOKA.GD.ZS,2024,2.88715534683158
GTM,BN.CAB.XOKA.GD.ZS,2023,3.07761123366817
GTM,BN.CAB.XOKA.GD.ZS,2022,1.16694204326195
GTM,BN.CAB.XOKA.GD.ZS,2021,2.16690668305723
GTM,BN.CAB.XOKA.GD.ZS,2020,5.04131108756311
GTM,BN.CAB.XOKA.GD.ZS,2019,2.36029015844232
GTM,BN.CAB.XOKA.GD.ZS,2018,0.885829296285522
GTM,BN.CAB.XOKA.GD.ZS,2017,1.19614067972898
GTM,BN.CAB.XOKA.GD.ZS,2016,0.964776364019979
GTM,BN.CAB.XOKA.GD.ZS,2015,-1.24431005683082
GTM,BN.CAB.XOKA.GD.ZS,2014,-3.30031992366676
GTM,BN.CAB.XOKA.GD.ZS,2013,-4.22440069065832
GTM,BN.CAB.XOKA.GD.ZS,2012,-3.7248017027558
GTM,BN.CAB.XOKA.GD.ZS,2011,-3.37024214653633
GTM,BN.CAB.XOKA.GD.ZS,2010,-1.88548550474234
GTM,BN.CAB.XOKA.GD.ZS,2009,0.194641494950958
GTM,BN.CAB.XOKA.GD.ZS,2008,-4.03483780515022
GTM,BN.CAB.XOKA.GD.ZS,2007,-5.31937540284176
GTM,BN.CAB.XOKA.GD.ZS,2006,-5.12367991314268
GTM,BN.CAB.XOKA.GD.ZS,2005,-4.63346885034308
GTM,BN.CAB.XOKA.GD.ZS,2004,-4.93864901451057
GTM,BN.CAB.XOKA.GD.ZS,2003,-4.81631890533668
GTM,BN.CAB.XOKA.GD.ZS,2002,-6.04021558283227
GTM,BN.CAB.XOKA.GD.ZS,2001,-6.80733057120201
GTM,BN.CAB.XOKA.GD.ZS,2000,-5.44146333041507
GTM,BN.CAB.XOKA.GD.ZS,1999,-5.60037620030961
GTM,BN.CAB.XOKA.GD.ZS,1998,-5.35743048114143
GTM,BN.CAB.XOKA.GD.ZS,1997,-3.56098407112146
GTM,BN.CAB.XOKA.GD.ZS,1996,-2.87722315607179
GTM,BN.CAB.XOKA.GD.ZS,1995,-3.90367937373989
GTM,BN.CAB.XOKA.GD.ZS,1994,-4.81621168651736
GTM,BN.CAB.XOKA.GD.ZS,1993,-6.15525381623952
GTM,BN.CAB.XOKA.GD.ZS,1992,-6.76098809347935
GTM,BN.CAB.XOKA.GD.ZS,1991,-1.95298065782809
GTM,BN.CAB.XOKA.GD.ZS,1990,-2.78293492713394
GTM,BN.CAB.XOKA.GD.ZS,1989,-4.36466568457703
GTM,BN.CAB.XOKA.GD.ZS,1988,-5.27953288720953
GTM,BN.CAB.XOKA.GD.ZS,1987,-6.24611837267502
GTM,BN.CAB.XOKA.GD.ZS,1986,-0.243364059582245
GTM,BN.CAB.XOKA.GD.ZS,1985,-2.53352000047872
GTM,BN.CAB.XOKA.GD.ZS,1984,-3.98521643099032
GTM,BN.CAB.XOKA.GD.ZS,1983,-2.47403303982174
GTM,BN.CAB.XOKA.GD.ZS,1982,-4.57841016100987
GTM,BN.CAB.XOKA.GD.ZS,1981,-6.65349962288122
GTM,BN.CAB.XOKA.GD.ZS,1980,-2.07267696447383
GTM,BN.CAB.XOKA.GD.ZS,1979,-2.97858769221488
GTM,BN.CAB.XOKA.GD.ZS,1978,-4.45590207044107
GTM,BN.CAB.XOKA.GD.ZS,1977,-0.64410179202256
GTM,BN.CAB.XOKA.GD.ZS,1976,
GTM,BN.CAB.XOKA.GD.ZS,1975,
GTM,BN.CAB.XOKA.GD.ZS,1974,
GTM,BN.CAB.XOKA.GD.ZS,1973,
GTM,BN.CAB.XOKA.GD.ZS,1972,
GTM,BN.CAB.XOKA.GD.ZS,1971,
GTM,BN.CAB.XOKA.GD.ZS,1970,
GTM,BN.CAB.XOKA.GD.ZS,1969,
GTM,BN.CAB.XOKA.GD.ZS,1968,
GTM,BN.CAB.XOKA.GD.ZS,1967,
GTM,BN.CAB.XOKA.GD.ZS,1966,
GTM,BN.CAB.XOKA.GD.ZS,1965,
GTM,BN.CAB.XOKA.GD.ZS,1964,
GTM,BN.CAB.XOKA.GD.ZS,1963,
GTM,BN.CAB.XOKA.GD.ZS,1962,
GTM,BN.CAB.XOKA.GD.ZS,1961,
GTM,BN.CAB.XOKA.GD.ZS,1960,
GIN,BN.CAB.XOKA.GD.ZS,2025,
GIN,BN.CAB.XOKA.GD.ZS,2024,-1.56673613616467
GIN,BN.CAB.XOKA.GD.ZS,2023,8.48425837744304
GIN,BN.CAB.XOKA.GD.ZS,2022,16.8265386883899
GIN,BN.CAB.XOKA.GD.ZS,2021,27.1761588078073
GIN,BN.CAB.XOKA.GD.ZS,2020,19.0560604764664
GIN,BN.CAB.XOKA.GD.ZS,2019,-2.34042432173531
GIN,BN.CAB.XOKA.GD.ZS,2018,-1.60638873400794
GIN,BN.CAB.XOKA.GD.ZS,2017,5.03018582642408
GIN,BN.CAB.XOKA.GD.ZS,2016,-31.9328390727134
GIN,BN.CAB.XOKA.GD.ZS,2015,-11.6007986964145
GIN,BN.CAB.XOKA.GD.ZS,2014,-11.1827727004958
GIN,BN.CAB.XOKA.GD.ZS,2013,-14.2034724942303
GIN,BN.CAB.XOKA.GD.ZS,2012,-13.5979829951241
GIN,BN.CAB.XOKA.GD.ZS,2011,-17.1165293375314
GIN,BN.CAB.XOKA.GD.ZS,2010,-4.7697025907998
GIN,BN.CAB.XOKA.GD.ZS,2009,-6.005146411906
GIN,BN.CAB.XOKA.GD.ZS,2008,-6.29234168357033
GIN,BN.CAB.XOKA.GD.ZS,2007,-7.23648388311734
GIN,BN.CAB.XOKA.GD.ZS,2006,-5.2452359968981
GIN,BN.CAB.XOKA.GD.ZS,2005,-3.74410214282105
GIN,BN.CAB.XOKA.GD.ZS,2004,-3.06276375818202
GIN,BN.CAB.XOKA.GD.ZS,2003,-3.68667076245062
GIN,BN.CAB.XOKA.GD.ZS,2002,-4.64074253447312
GIN,BN.CAB.XOKA.GD.ZS,2001,-1.44260287136746
GIN,BN.CAB.XOKA.GD.ZS,2000,-3.20759051700664
GIN,BN.CAB.XOKA.GD.ZS,1999,-3.98363958959634
GIN,BN.CAB.XOKA.GD.ZS,1998,-2.95227188360417
GIN,BN.CAB.XOKA.GD.ZS,1997,-1.65086793613531
GIN,BN.CAB.XOKA.GD.ZS,1996,-3.14235704551243
GIN,BN.CAB.XOKA.GD.ZS,1995,-4.01956723410899
GIN,BN.CAB.XOKA.GD.ZS,1994,-5.02716468421529
GIN,BN.CAB.XOKA.GD.ZS,1993,-1.18778554469804
GIN,BN.CAB.XOKA.GD.ZS,1992,-5.4852351143333
GIN,BN.CAB.XOKA.GD.ZS,1991,-6.5697966368861
GIN,BN.CAB.XOKA.GD.ZS,1990,-5.22024846869827
GIN,BN.CAB.XOKA.GD.ZS,1989,-5.0678506224507
GIN,BN.CAB.XOKA.GD.ZS,1988,-6.3719618891849
GIN,BN.CAB.XOKA.GD.ZS,1987,-1.28497395970774
GIN,BN.CAB.XOKA.GD.ZS,1986,-4.25831725886567
GIN,BN.CAB.XOKA.GD.ZS,1985,
GIN,BN.CAB.XOKA.GD.ZS,1984,
GIN,BN.CAB.XOKA.GD.ZS,1983,
GIN,BN.CAB.XOKA.GD.ZS,1982,
GIN,BN.CAB.XOKA.GD.ZS,1981,
GIN,BN.CAB.XOKA.GD.ZS,1980,
GIN,BN.CAB.XOKA.GD.ZS,1979,
GIN,BN.CAB.XOKA.GD.ZS,1978,
GIN,BN.CAB.XOKA.GD.ZS,1977,
GIN,BN.CAB.XOKA.GD.ZS,1976,
GIN,BN.CAB.XOKA.GD.ZS,1975,
GIN,BN.CAB.XOKA.GD.ZS,1974,
GIN,BN.CAB.XOKA.GD.ZS,1973,
GIN,BN.CAB.XOKA.GD.ZS,1972,
GIN,BN.CAB.XOKA.GD.ZS,1971,
GIN,BN.CAB.XOKA.GD.ZS,1970,
GIN,BN.CAB.XOKA.GD.ZS,1969,
GIN,BN.CAB.XOKA.GD.ZS,1968,
GIN,BN.CAB.XOKA.GD.ZS,1967,
GIN,BN.CAB.XOKA.GD.ZS,1966,
GIN,BN.CAB.XOKA.GD.ZS,1965,
GIN,BN.CAB.XOKA.GD.ZS,1964,
GIN,BN.CAB.XOKA.GD.ZS,1963,
GIN,BN.CAB.XOKA.GD.ZS,1962,
GIN,BN.CAB.XOKA.GD.ZS,1961,
GIN,BN.CAB.XOKA.GD.ZS,1960,
GNB,BN.CAB.XOKA.GD.ZS,2025,
GNB,BN.CAB.XOKA.GD.ZS,2024,
GNB,BN.CAB.XOKA.GD.ZS,2023,-7.52781936859698
GNB,BN.CAB.XOKA.GD.ZS,2022,-7.8855460445174
GNB,BN.CAB.XOKA.GD.ZS,2021,-0.740414184193309
GNB,BN.CAB.XOKA.GD.ZS,2020,-2.26873597138549
GNB,BN.CAB.XOKA.GD.ZS,2019,-7.98194454455476
GNB,BN.CAB.XOKA.GD.ZS,2018,-3.48324795461301
GNB,BN.CAB.XOKA.GD.ZS,2017,0.263885195365577
GNB,BN.CAB.XOKA.GD.ZS,2016,1.36293739261607
GNB,BN.CAB.XOKA.GD.ZS,2015,1.81726336561494
GNB,BN.CAB.XOKA.GD.ZS,2014,0.555849591467734
GNB,BN.CAB.XOKA.GD.ZS,2013,-4.73187653933365
GNB,BN.CAB.XOKA.GD.ZS,2012,-7.93224654147768
GNB,BN.CAB.XOKA.GD.ZS,2011,-1.21431910534762
GNB,BN.CAB.XOKA.GD.ZS,2010,-7.52999517168867
GNB,BN.CAB.XOKA.GD.ZS,2009,-5.34847492021888
GNB,BN.CAB.XOKA.GD.ZS,2008,-3.02102465076755
GNB,BN.CAB.XOKA.GD.ZS,2007,-4.06952969493394
GNB,BN.CAB.XOKA.GD.ZS,2006,-6.3132458528375
GNB,BN.CAB.XOKA.GD.ZS,2005,-1.63867591635847
GNB,BN.CAB.XOKA.GD.ZS,2004,2.38148745518108
GNB,BN.CAB.XOKA.GD.ZS,2003,-0.0519018620590297
GNB,BN.CAB.XOKA.GD.ZS,2002,-0.271719275957978
GNB,BN.CAB.XOKA.GD.ZS,2001,-2.69821108512442
GNB,BN.CAB.XOKA.GD.ZS,2000,
GNB,BN.CAB.XOKA.GD.ZS,1999,
GNB,BN.CAB.XOKA.GD.ZS,1998,
GNB,BN.CAB.XOKA.GD.ZS,1997,-0.913899727016268
GNB,BN.CAB.XOKA.GD.ZS,1996,-6.32606042473747
GNB,BN.CAB.XOKA.GD.ZS,1995,-5.32872538837755
GNB,BN.CAB.XOKA.GD.ZS,1994,-7.50038263382946
GNB,BN.CAB.XOKA.GD.ZS,1993,-10.0651285252334
GNB,BN.CAB.XOKA.GD.ZS,1992,-16.4850368222139
GNB,BN.CAB.XOKA.GD.ZS,1991,-11.2790251661435
GNB,BN.CAB.XOKA.GD.ZS,1990,-7.14173907253505
GNB,BN.CAB.XOKA.GD.ZS,1989,-14.4748256844105
GNB,BN.CAB.XOKA.GD.ZS,1988,-13.052194321946
GNB,BN.CAB.XOKA.GD.ZS,1987,-9.98023040370638
GNB,BN.CAB.XOKA.GD.ZS,1986,-14.7404514062601
GNB,BN.CAB.XOKA.GD.ZS,1985,-20.269593555121
GNB,BN.CAB.XOKA.GD.ZS,1984,-18.1954304988678
GNB,BN.CAB.XOKA.GD.ZS,1983,-16.9322053176086
GNB,BN.CAB.XOKA.GD.ZS,1982,-18.4761682880882
GNB,BN.CAB.XOKA.GD.ZS,1981,
GNB,BN.CAB.XOKA.GD.ZS,1980,
GNB,BN.CAB.XOKA.GD.ZS,1979,
GNB,BN.CAB.XOKA.GD.ZS,1978,
GNB,BN.CAB.XOKA.GD.ZS,1977,
GNB,BN.CAB.XOKA.GD.ZS,1976,
GNB,BN.CAB.XOKA.GD.ZS,1975,
GNB,BN.CAB.XOKA.GD.ZS,1974,
GNB,BN.CAB.XOKA.GD.ZS,1973,
GNB,BN.CAB.XOKA.GD.ZS,1972,
GNB,BN.CAB.XOKA.GD.ZS,1971,
GNB,BN.CAB.XOKA.GD.ZS,1970,
GNB,BN.CAB.XOKA.GD.ZS,1969,
GNB,BN.CAB.XOKA.GD.ZS,1968,
GNB,BN.CAB.XOKA.GD.ZS,1967,
GNB,BN.CAB.XOKA.GD.ZS,1966,
GNB,BN.CAB.XOKA.GD.ZS,1965,
GNB,BN.CAB.XOKA.GD.ZS,1964,
GNB,BN.CAB.XOKA.GD.ZS,1963,
GNB,BN.CAB.XOKA.GD.ZS,1962,
GNB,BN.CAB.XOKA.GD.ZS,1961,
GNB,BN.CAB.XOKA.GD.ZS,1960,
GUY,BN.CAB.XOKA.GD.ZS,2025,
GUY,BN.CAB.XOKA.GD.ZS,2024,
GUY,BN.CAB.XOKA.GD.ZS,2023,13.9022287975489
GUY,BN.CAB.XOKA.GD.ZS,2022,28.8207770246115
GUY,BN.CAB.XOKA.GD.ZS,2021,-16.9076142307927
GUY,BN.CAB.XOKA.GD.ZS,2020,-11.6095974967976
GUY,BN.CAB.XOKA.GD.ZS,2019,-57.1070048116682
GUY,BN.CAB.XOKA.GD.ZS,2018,-26.677311081907
GUY,BN.CAB.XOKA.GD.ZS,2017,-2.5604255246699
GUY,BN.CAB.XOKA.GD.ZS,2016,3.37225553747117
GUY,BN.CAB.XOKA.GD.ZS,2015,-0.907095962415786
GUY,BN.CAB.XOKA.GD.ZS,2014,-9.33174702245427
GUY,BN.CAB.XOKA.GD.ZS,2013,-10.9417365700277
GUY,BN.CAB.XOKA.GD.ZS,2012,-9.02441909942374
GUY,BN.CAB.XOKA.GD.ZS,2011,-10.0853362607878
GUY,BN.CAB.XOKA.GD.ZS,2010,-7.1762463185401
GUY,BN.CAB.XOKA.GD.ZS,2009,-7.28409727303008
GUY,BN.CAB.XOKA.GD.ZS,2008,-10.6229329472303
GUY,BN.CAB.XOKA.GD.ZS,2007,-6.06659550320194
GUY,BN.CAB.XOKA.GD.ZS,2006,-7.59053846582146
GUY,BN.CAB.XOKA.GD.ZS,2005,-11.6705382324577
GUY,BN.CAB.XOKA.GD.ZS,2004,-2.52795588989275
GUY,BN.CAB.XOKA.GD.ZS,2003,-6.00217518033652
GUY,BN.CAB.XOKA.GD.ZS,2002,-8.57971395005412
GUY,BN.CAB.XOKA.GD.ZS,2001,-12.7638520939434
GUY,BN.CAB.XOKA.GD.ZS,2000,-11.5341241520002
GUY,BN.CAB.XOKA.GD.ZS,1999,-7.12481390368902
GUY,BN.CAB.XOKA.GD.ZS,1998,-7.74879755028687
GUY,BN.CAB.XOKA.GD.ZS,1997,-8.42301407676256
GUY,BN.CAB.XOKA.GD.ZS,1996,-4.6356282671207
GUY,BN.CAB.XOKA.GD.ZS,1995,-21.679406848842
GUY,BN.CAB.XOKA.GD.ZS,1994,-23.1005343563518
GUY,BN.CAB.XOKA.GD.ZS,1993,-30.8796681550639
GUY,BN.CAB.XOKA.GD.ZS,1992,-37.0872486840416
GUY,BN.CAB.XOKA.GD.ZS,1991,
GUY,BN.CAB.XOKA.GD.ZS,1990,
GUY,BN.CAB.XOKA.GD.ZS,1989,
GUY,BN.CAB.XOKA.GD.ZS,1988,
GUY,BN.CAB.XOKA.GD.ZS,1987,
GUY,BN.CAB.XOKA.GD.ZS,1986,
GUY,BN.CAB.XOKA.GD.ZS,1985,-21.3066746942624
GUY,BN.CAB.XOKA.GD.ZS,1984,-22.2166974860777
GUY,BN.CAB.XOKA.GD.ZS,1983,-32.1841278736547
GUY,BN.CAB.XOKA.GD.ZS,1982,-29.3183213393085
GUY,BN.CAB.XOKA.GD.ZS,1981,-32.1724658908915
GUY,BN.CAB.XOKA.GD.ZS,1980,-21.3046757247953
GUY,BN.CAB.XOKA.GD.ZS,1979,-15.6289044598493
GUY,BN.CAB.XOKA.GD.ZS,1978,-5.83115631903747
GUY,BN.CAB.XOKA.GD.ZS,1977,-21.6789836851943
GUY,BN.CAB.XOKA.GD.ZS,1976,
GUY,BN.CAB.XOKA.GD.ZS,1975,
GUY,BN.CAB.XOKA.GD.ZS,1974,
GUY,BN.CAB.XOKA.GD.ZS,1973,
GUY,BN.CAB.XOKA.GD.ZS,1972,
GUY,BN.CAB.XOKA.GD.ZS,1971,
GUY,BN.CAB.XOKA.GD.ZS,1970,
GUY,BN.CAB.XOKA.GD.ZS,1969,
GUY,BN.CAB.XOKA.GD.ZS,1968,
GUY,BN.CAB.XOKA.GD.ZS,1967,
GUY,BN.CAB.XOKA.GD.ZS,1966,
GUY,BN.CAB.XOKA.GD.ZS,1965,
GUY,BN.CAB.XOKA.GD.ZS,1964,
GUY,BN.CAB.XOKA.GD.ZS,1963,
GUY,BN.CAB.XOKA.GD.ZS,1962,
GUY,BN.CAB.XOKA.GD.ZS,1961,
GUY,BN.CAB.XOKA.GD.ZS,1960,
HTI,BN.CAB.XOKA.GD.ZS,2025,
HTI,BN.CAB.XOKA.GD.ZS,2024,-0.575392767938853
HTI,BN.CAB.XOKA.GD.ZS,2023,-3.43827213525896
HTI,BN.CAB.XOKA.GD.ZS,2022,-2.42897523935016
HTI,BN.CAB.XOKA.GD.ZS,2021,0.41851714574339
HTI,BN.CAB.XOKA.GD.ZS,2020,0.355302483558182
HTI,BN.CAB.XOKA.GD.ZS,2019,-1.12265260280797
HTI,BN.CAB.XOKA.GD.ZS,2018,-2.89019632961826
HTI,BN.CAB.XOKA.GD.ZS,2017,-2.15252938271163
HTI,BN.CAB.XOKA.GD.ZS,2016,-1.69084789043559
HTI,BN.CAB.XOKA.GD.ZS,2015,-1.82345284080223
HTI,BN.CAB.XOKA.GD.ZS,2014,-4.95582102756805
HTI,BN.CAB.XOKA.GD.ZS,2013,-3.76338389441215
HTI,BN.CAB.XOKA.GD.ZS,2012,-3.14501833525928
HTI,BN.CAB.XOKA.GD.ZS,2011,-2.48774144631427
HTI,BN.CAB.XOKA.GD.ZS,2010,-0.85860185595704
HTI,BN.CAB.XOKA.GD.ZS,2009,-1.05359702519351
HTI,BN.CAB.XOKA.GD.ZS,2008,-1.96314882897523
HTI,BN.CAB.XOKA.GD.ZS,2007,-0.929422111465849
HTI,BN.CAB.XOKA.GD.ZS,2006,-1.11312873282486
HTI,BN.CAB.XOKA.GD.ZS,2005,0.100253910234458
HTI,BN.CAB.XOKA.GD.ZS,2004,-1.02474624447533
HTI,BN.CAB.XOKA.GD.ZS,2003,-0.882895522214382
HTI,BN.CAB.XOKA.GD.ZS,2002,-1.43332565140445
HTI,BN.CAB.XOKA.GD.ZS,2001,-2.08307988263304
HTI,BN.CAB.XOKA.GD.ZS,2000,-1.67621475073065
HTI,BN.CAB.XOKA.GD.ZS,1999,-1.44015280913738
HTI,BN.CAB.XOKA.GD.ZS,1998,0.770965151911996
HTI,BN.CAB.XOKA.GD.ZS,1997,-1.42859318409066
HTI,BN.CAB.XOKA.GD.ZS,1996,-4.73668671245739
HTI,BN.CAB.XOKA.GD.ZS,1995,-3.09492727510262
HTI,BN.CAB.XOKA.GD.ZS,1994,-1.07908903948809
HTI,BN.CAB.XOKA.GD.ZS,1993,-0.629840344573008
HTI,BN.CAB.XOKA.GD.ZS,1992,0.321647431484345
HTI,BN.CAB.XOKA.GD.ZS,1991,-2.63475888609836
HTI,BN.CAB.XOKA.GD.ZS,1990,-0.707298134690105
HTI,BN.CAB.XOKA.GD.ZS,1989,-2.2899337571992
HTI,BN.CAB.XOKA.GD.ZS,1988,-1.54422598089587
HTI,BN.CAB.XOKA.GD.ZS,1987,-1.52113239522274
HTI,BN.CAB.XOKA.GD.ZS,1986,-1.93688448990915
HTI,BN.CAB.XOKA.GD.ZS,1985,-4.71084109734433
HTI,BN.CAB.XOKA.GD.ZS,1984,-5.67008038809498
HTI,BN.CAB.XOKA.GD.ZS,1983,-6.8477450438677
HTI,BN.CAB.XOKA.GD.ZS,1982,-6.68294668428327
HTI,BN.CAB.XOKA.GD.ZS,1981,-10.058131677015
HTI,BN.CAB.XOKA.GD.ZS,1980,-7.28718022981414
HTI,BN.CAB.XOKA.GD.ZS,1979,-4.86396446515936
HTI,BN.CAB.XOKA.GD.ZS,1978,-4.58222131070908
HTI,BN.CAB.XOKA.GD.ZS,1977,-3.95987328484688
HTI,BN.CAB.XOKA.GD.ZS,1976,-1.41069397070307
HTI,BN.CAB.XOKA.GD.ZS,1975,-3.6014088648236
HTI,BN.CAB.XOKA.GD.ZS,1974,-3.70711138528726
HTI,BN.CAB.XOKA.GD.ZS,1973,0.252785474551891
HTI,BN.CAB.XOKA.GD.ZS,1972,2.20967546388168
HTI,BN.CAB.XOKA.GD.ZS,1971,1.37265711163065
HTI,BN.CAB.XOKA.GD.ZS,1970,
HTI,BN.CAB.XOKA.GD.ZS,1969,
HTI,BN.CAB.XOKA.GD.ZS,1968,
HTI,BN.CAB.XOKA.GD.ZS,1967,
HTI,BN.CAB.XOKA.GD.ZS,1966,
HTI,BN.CAB.XOKA.GD.ZS,1965,
HTI,BN.CAB.XOKA.GD.ZS,1964,
HTI,BN.CAB.XOKA.GD.ZS,1963,
HTI,BN.CAB.XOKA.GD.ZS,1962,
HTI,BN.CAB.XOKA.GD.ZS,1961,
HTI,BN.CAB.XOKA.GD.ZS,1960,
HND,BN.CAB.XOKA.GD.ZS,2025,
HND,BN.CAB.XOKA.GD.ZS,2024,-4.44681700505729
HND,BN.CAB.XOKA.GD.ZS,2023,-3.98129051007002
HND,BN.CAB.XOKA.GD.ZS,2022,-6.86234245630111
HND,BN.CAB.XOKA.GD.ZS,2021,-5.4643429246452
HND,BN.CAB.XOKA.GD.ZS,2020,2.85135257343249
HND,BN.CAB.XOKA.GD.ZS,2019,-2.65600856407128
HND,BN.CAB.XOKA.GD.ZS,2018,-6.57234650779592
HND,BN.CAB.XOKA.GD.ZS,2017,-1.24589511291671
HND,BN.CAB.XOKA.GD.ZS,2016,-3.14341400861299
HND,BN.CAB.XOKA.GD.ZS,2015,-4.67090141649466
HND,BN.CAB.XOKA.GD.ZS,2014,-6.94516636573265
HND,BN.CAB.XOKA.GD.ZS,2013,-9.52729388609888
HND,BN.CAB.XOKA.GD.ZS,2012,-8.53140502862293
HND,BN.CAB.XOKA.GD.ZS,2011,-7.95391811894244
HND,BN.CAB.XOKA.GD.ZS,2010,-5.07642907628295
HND,BN.CAB.XOKA.GD.ZS,2009,-3.8159630413154
HND,BN.CAB.XOKA.GD.ZS,2008,-15.3428520557685
HND,BN.CAB.XOKA.GD.ZS,2007,-9.02947363444763
HND,BN.CAB.XOKA.GD.ZS,2006,-3.50496253709121
HND,BN.CAB.XOKA.GD.ZS,2005,-3.11914125682689
HND,BN.CAB.XOKA.GD.ZS,2004,-7.70512924930615
HND,BN.CAB.XOKA.GD.ZS,2003,-6.71681853158575
HND,BN.CAB.XOKA.GD.ZS,2002,-3.58312677859623
HND,BN.CAB.XOKA.GD.ZS,2001,-6.25613323410572
HND,BN.CAB.XOKA.GD.ZS,2000,-7.07233719340069
HND,BN.CAB.XOKA.GD.ZS,1999,-3.76754124016949
HND,BN.CAB.XOKA.GD.ZS,1998,-2.39628501520551
HND,BN.CAB.XOKA.GD.ZS,1997,-4.88761475093091
HND,BN.CAB.XOKA.GD.ZS,1996,-6.98919712345692
HND,BN.CAB.XOKA.GD.ZS,1995,-4.29976700485183
HND,BN.CAB.XOKA.GD.ZS,1994,-8.36157282346432
HND,BN.CAB.XOKA.GD.ZS,1993,-7.36618170832189
HND,BN.CAB.XOKA.GD.ZS,1992,-6.25781179688534
HND,BN.CAB.XOKA.GD.ZS,1991,-4.66023885908941
HND,BN.CAB.XOKA.GD.ZS,1990,-1.37637030235542
HND,BN.CAB.XOKA.GD.ZS,1989,-3.89100814245034
HND,BN.CAB.XOKA.GD.ZS,1988,-2.26404158054562
HND,BN.CAB.XOKA.GD.ZS,1987,-3.26322911717879
HND,BN.CAB.XOKA.GD.ZS,1986,-2.48930783742207
HND,BN.CAB.XOKA.GD.ZS,1985,-5.08627455121027
HND,BN.CAB.XOKA.GD.ZS,1984,-7.85255217251048
HND,BN.CAB.XOKA.GD.ZS,1983,-5.70751585059432
HND,BN.CAB.XOKA.GD.ZS,1982,-6.30612987981862
HND,BN.CAB.XOKA.GD.ZS,1981,-8.64412587811982
HND,BN.CAB.XOKA.GD.ZS,1980,-9.94849893229494
HND,BN.CAB.XOKA.GD.ZS,1979,-6.91280722588074
HND,BN.CAB.XOKA.GD.ZS,1978,-6.56737618281704
HND,BN.CAB.XOKA.GD.ZS,1977,-6.77118956174041
HND,BN.CAB.XOKA.GD.ZS,1976,-6.59095199144277
HND,BN.CAB.XOKA.GD.ZS,1975,-8.42825457689561
HND,BN.CAB.XOKA.GD.ZS,1974,-8.36283185667402
HND,BN.CAB.XOKA.GD.ZS,1973,
HND,BN.CAB.XOKA.GD.ZS,1972,
HND,BN.CAB.XOKA.GD.ZS,1971,
HND,BN.CAB.XOKA.GD.ZS,1970,
HND,BN.CAB.XOKA.GD.ZS,1969,
HND,BN.CAB.XOKA.GD.ZS,1968,
HND,BN.CAB.XOKA.GD.ZS,1967,
HND,BN.CAB.XOKA.GD.ZS,1966,
HND,BN.CAB.XOKA.GD.ZS,1965,
HND,BN.CAB.XOKA.GD.ZS,1964,
HND,BN.CAB.XOKA.GD.ZS,1963,
HND,BN.CAB.XOKA.GD.ZS,1962,
HND,BN.CAB.XOKA.GD.ZS,1961,
HND,BN.CAB.XOKA.GD.ZS,1960,
HKG,BN.CAB.XOKA.GD.ZS,2025,
HKG,BN.CAB.XOKA.GD.ZS,2024,12.9150749330683
HKG,BN.CAB.XOKA.GD.ZS,2023,8.48670143944498
HKG,BN.CAB.XOKA.GD.ZS,2022,10.1832120347633
HKG,BN.CAB.XOKA.GD.ZS,2021,11.8330568374943
HKG,BN.CAB.XOKA.GD.ZS,2020,6.99412189485109
HKG,BN.CAB.XOKA.GD.ZS,2019,5.85365354996682
HKG,BN.CAB.XOKA.GD.ZS,2018,3.73603565842395
HKG,BN.CAB.XOKA.GD.ZS,2017,4.57729182218874
HKG,BN.CAB.XOKA.GD.ZS,2016,3.95440937584325
HKG,BN.CAB.XOKA.GD.ZS,2015,3.31756278823978
HKG,BN.CAB.XOKA.GD.ZS,2014,1.39201098734822
HKG,BN.CAB.XOKA.GD.ZS,2013,1.52003210528648
HKG,BN.CAB.XOKA.GD.ZS,2012,1.57916253447198
HKG,BN.CAB.XOKA.GD.ZS,2011,5.55641787886819
HKG,BN.CAB.XOKA.GD.ZS,2010,7.00327306349556
HKG,BN.CAB.XOKA.GD.ZS,2009,9.88359042348118
HKG,BN.CAB.XOKA.GD.ZS,2008,14.9909891618182
HKG,BN.CAB.XOKA.GD.ZS,2007,13.0222250225228
HKG,BN.CAB.XOKA.GD.ZS,2006,12.6877195301892
HKG,BN.CAB.XOKA.GD.ZS,2005,11.8823196567725
HKG,BN.CAB.XOKA.GD.ZS,2004,9.94811890844339
HKG,BN.CAB.XOKA.GD.ZS,2003,10.7870611277598
HKG,BN.CAB.XOKA.GD.ZS,2002,7.89242487198891
HKG,BN.CAB.XOKA.GD.ZS,2001,6.13423210834757
HKG,BN.CAB.XOKA.GD.ZS,2000,4.39495330629626
HKG,BN.CAB.XOKA.GD.ZS,1999,6.4339880453203
HKG,BN.CAB.XOKA.GD.ZS,1998,1.69913927220226
HKG,BN.CAB.XOKA.GD.ZS,1997,
HKG,BN.CAB.XOKA.GD.ZS,1996,
HKG,BN.CAB.XOKA.GD.ZS,1995,
HKG,BN.CAB.XOKA.GD.ZS,1994,
HKG,BN.CAB.XOKA.GD.ZS,1993,
HKG,BN.CAB.XOKA.GD.ZS,1992,
HKG,BN.CAB.XOKA.GD.ZS,1991,
HKG,BN.CAB.XOKA.GD.ZS,1990,
HKG,BN.CAB.XOKA.GD.ZS,1989,
HKG,BN.CAB.XOKA.GD.ZS,1988,
HKG,BN.CAB.XOKA.GD.ZS,1987,
HKG,BN.CAB.XOKA.GD.ZS,1986,
HKG,BN.CAB.XOKA.GD.ZS,1985,
HKG,BN.CAB.XOKA.GD.ZS,1984,
HKG,BN.CAB.XOKA.GD.ZS,1983,
HKG,BN.CAB.XOKA.GD.ZS,1982,
HKG,BN.CAB.XOKA.GD.ZS,1981,
HKG,BN.CAB.XOKA.GD.ZS,1980,
HKG,BN.CAB.XOKA.GD.ZS,1979,
HKG,BN.CAB.XOKA.GD.ZS,1978,
HKG,BN.CAB.XOKA.GD.ZS,1977,
HKG,BN.CAB.XOKA.GD.ZS,1976,
HKG,BN.CAB.XOKA.GD.ZS,1975,
HKG,BN.CAB.XOKA.GD.ZS,1974,
HKG,BN.CAB.XOKA.GD.ZS,1973,
HKG,BN.CAB.XOKA.GD.ZS,1972,
HKG,BN.CAB.XOKA.GD.ZS,1971,
HKG,BN.CAB.XOKA.GD.ZS,1970,
HKG,BN.CAB.XOKA.GD.ZS,1969,
HKG,BN.CAB.XOKA.GD.ZS,1968,
HKG,BN.CAB.XOKA.GD.ZS,1967,
HKG,BN.CAB.XOKA.GD.ZS,1966,
HKG,BN.CAB.XOKA.GD.ZS,1965,
HKG,BN.CAB.XOKA.GD.ZS,1964,
HKG,BN.CAB.XOKA.GD.ZS,1963,
HKG,BN.CAB.XOKA.GD.ZS,1962,
HKG,BN.CAB.XOKA.GD.ZS,1961,
HKG,BN.CAB.XOKA.GD.ZS,1960,
HUN,BN.CAB.XOKA.GD.ZS,2025,
HUN,BN.CAB.XOKA.GD.ZS,2024,1.58180029565553
HUN,BN.CAB.XOKA.GD.ZS,2023,-0.00361531860727099
HUN,BN.CAB.XOKA.GD.ZS,2022,-8.86819485242409
HUN,BN.CAB.XOKA.GD.ZS,2021,-4.28505680487641
HUN,BN.CAB.XOKA.GD.ZS,2020,-1.03428088875148
HUN,BN.CAB.XOKA.GD.ZS,2019,-0.606737568975118
HUN,BN.CAB.XOKA.GD.ZS,2018,0.340906702488933
HUN,BN.CAB.XOKA.GD.ZS,2017,1.71954655139941
HUN,BN.CAB.XOKA.GD.ZS,2016,4.40234047330024
HUN,BN.CAB.XOKA.GD.ZS,2015,2.11856059497338
HUN,BN.CAB.XOKA.GD.ZS,2014,0.747477578049868
HUN,BN.CAB.XOKA.GD.ZS,2013,2.99109062228032
HUN,BN.CAB.XOKA.GD.ZS,2012,1.0790451227521
HUN,BN.CAB.XOKA.GD.ZS,2011,0.428842717780173
HUN,BN.CAB.XOKA.GD.ZS,2010,-0.188218208390541
HUN,BN.CAB.XOKA.GD.ZS,2009,-1.21974951373381
HUN,BN.CAB.XOKA.GD.ZS,2008,-7.26832036226062
HUN,BN.CAB.XOKA.GD.ZS,2007,-7.28636440088967
HUN,BN.CAB.XOKA.GD.ZS,2006,-7.28544270320023
HUN,BN.CAB.XOKA.GD.ZS,2005,-9.88681019702465
HUN,BN.CAB.XOKA.GD.ZS,2004,-9.08123363089426
HUN,BN.CAB.XOKA.GD.ZS,2003,-8.26371787576549
HUN,BN.CAB.XOKA.GD.ZS,2002,-6.44836058797406
HUN,BN.CAB.XOKA.GD.ZS,2001,-6.11450861059176
HUN,BN.CAB.XOKA.GD.ZS,2000,-8.82808863842537
HUN,BN.CAB.XOKA.GD.ZS,1999,-8.35837228319571
HUN,BN.CAB.XOKA.GD.ZS,1998,-7.62873647734146
HUN,BN.CAB.XOKA.GD.ZS,1997,-4.51433363272401
HUN,BN.CAB.XOKA.GD.ZS,1996,-3.95886426279272
HUN,BN.CAB.XOKA.GD.ZS,1995,-3.67533531615295
HUN,BN.CAB.XOKA.GD.ZS,1994,-9.35987499538881
HUN,BN.CAB.XOKA.GD.ZS,1993,-10.5883858606661
HUN,BN.CAB.XOKA.GD.ZS,1992,0.905662683648786
HUN,BN.CAB.XOKA.GD.ZS,1991,1.15628180527935
HUN,BN.CAB.XOKA.GD.ZS,1990,1.09803288439459
HUN,BN.CAB.XOKA.GD.ZS,1989,-1.93305720151967
HUN,BN.CAB.XOKA.GD.ZS,1988,-1.91951640640697
HUN,BN.CAB.XOKA.GD.ZS,1987,-2.48228725513742
HUN,BN.CAB.XOKA.GD.ZS,1986,-5.50898098709684
HUN,BN.CAB.XOKA.GD.ZS,1985,-2.11501606440306
HUN,BN.CAB.XOKA.GD.ZS,1984,0.183430955962035
HUN,BN.CAB.XOKA.GD.ZS,1983,-0.826041886603898
HUN,BN.CAB.XOKA.GD.ZS,1982,-2.19931065493852
HUN,BN.CAB.XOKA.GD.ZS,1981,
HUN,BN.CAB.XOKA.GD.ZS,1980,
HUN,BN.CAB.XOKA.GD.ZS,1979,
HUN,BN.CAB.XOKA.GD.ZS,1978,
HUN,BN.CAB.XOKA.GD.ZS,1977,
HUN,BN.CAB.XOKA.GD.ZS,1976,
HUN,BN.CAB.XOKA.GD.ZS,1975,
HUN,BN.CAB.XOKA.GD.ZS,1974,
HUN,BN.CAB.XOKA.GD.ZS,1973,
HUN,BN.CAB.XOKA.GD.ZS,1972,
HUN,BN.CAB.XOKA.GD.ZS,1971,
HUN,BN.CAB.XOKA.GD.ZS,1970,
HUN,BN.CAB.XOKA.GD.ZS,1969,
HUN,BN.CAB.XOKA.GD.ZS,1968,
HUN,BN.CAB.XOKA.GD.ZS,1967,
HUN,BN.CAB.XOKA.GD.ZS,1966,
HUN,BN.CAB.XOKA.GD.ZS,1965,
HUN,BN.CAB.XOKA.GD.ZS,1964,
HUN,BN.CAB.XOKA.GD.ZS,1963,
HUN,BN.CAB.XOKA.GD.ZS,1962,
HUN,BN.CAB.XOKA.GD.ZS,1961,
HUN,BN.CAB.XOKA.GD.ZS,1960,
ISL,BN.CAB.XOKA.GD.ZS,2025,
ISL,BN.CAB.XOKA.GD.ZS,2024,-2.60701511674342
ISL,BN.CAB.XOKA.GD.ZS,2023,-1.00360107585175
ISL,BN.CAB.XOKA.GD.ZS,2022,-1.86900848854223
ISL,BN.CAB.XOKA.GD.ZS,2021,-2.57256903046463
ISL,BN.CAB.XOKA.GD.ZS,2020,1.89912365465564
ISL,BN.CAB.XOKA.GD.ZS,2019,7.364158701341
ISL,BN.CAB.XOKA.GD.ZS,2018,4.44167966704129
ISL,BN.CAB.XOKA.GD.ZS,2017,4.93029350539422
ISL,BN.CAB.XOKA.GD.ZS,2016,9.09605366960113
ISL,BN.CAB.XOKA.GD.ZS,2015,6.30235309571197
ISL,BN.CAB.XOKA.GD.ZS,2014,4.94536463319529
ISL,BN.CAB.XOKA.GD.ZS,2013,6.81968727360493
ISL,BN.CAB.XOKA.GD.ZS,2012,-2.8528256872604
ISL,BN.CAB.XOKA.GD.ZS,2011,-4.48003338933172
ISL,BN.CAB.XOKA.GD.ZS,2010,-5.89839823423037
ISL,BN.CAB.XOKA.GD.ZS,2009,-8.86751863700179
ISL,BN.CAB.XOKA.GD.ZS,2008,-22.9534270277153
ISL,BN.CAB.XOKA.GD.ZS,2007,-13.6329211934758
ISL,BN.CAB.XOKA.GD.ZS,2006,-22.6640150645583
ISL,BN.CAB.XOKA.GD.ZS,2005,-15.5493858867543
ISL,BN.CAB.XOKA.GD.ZS,2004,-9.96753224056789
ISL,BN.CAB.XOKA.GD.ZS,2003,-4.81453736951882
ISL,BN.CAB.XOKA.GD.ZS,2002,1.35331007867555
ISL,BN.CAB.XOKA.GD.ZS,2001,-4.46418784541977
ISL,BN.CAB.XOKA.GD.ZS,2000,-9.90092821228739
ISL,BN.CAB.XOKA.GD.ZS,1999,-6.90314554092756
ISL,BN.CAB.XOKA.GD.ZS,1998,-7.0075015498706
ISL,BN.CAB.XOKA.GD.ZS,1997,-2.2351221013021
ISL,BN.CAB.XOKA.GD.ZS,1996,-2.29207429851172
ISL,BN.CAB.XOKA.GD.ZS,1995,0.246166665235896
ISL,BN.CAB.XOKA.GD.ZS,1994,1.74850331751241
ISL,BN.CAB.XOKA.GD.ZS,1993,0.572651482701133
ISL,BN.CAB.XOKA.GD.ZS,1992,-2.18758967163881
ISL,BN.CAB.XOKA.GD.ZS,1991,-3.7636008716161
ISL,BN.CAB.XOKA.GD.ZS,1990,-1.9952517869594
ISL,BN.CAB.XOKA.GD.ZS,1989,-1.73739622801373
ISL,BN.CAB.XOKA.GD.ZS,1988,-3.65817377922347
ISL,BN.CAB.XOKA.GD.ZS,1987,-3.29582935339175
ISL,BN.CAB.XOKA.GD.ZS,1986,0.389917357703368
ISL,BN.CAB.XOKA.GD.ZS,1985,-3.72042123423927
ISL,BN.CAB.XOKA.GD.ZS,1984,-4.47282706108377
ISL,BN.CAB.XOKA.GD.ZS,1983,-1.96322676205731
ISL,BN.CAB.XOKA.GD.ZS,1982,-7.85846488628019
ISL,BN.CAB.XOKA.GD.ZS,1981,-4.08011428016545
ISL,BN.CAB.XOKA.GD.ZS,1980,-2.18023877766932
ISL,BN.CAB.XOKA.GD.ZS,1979,-0.636602553255567
ISL,BN.CAB.XOKA.GD.ZS,1978,0.769341113863251
ISL,BN.CAB.XOKA.GD.ZS,1977,-2.11750605587353
ISL,BN.CAB.XOKA.GD.ZS,1976,-1.38322559041509
ISL,BN.CAB.XOKA.GD.ZS,1975,
ISL,BN.CAB.XOKA.GD.ZS,1974,
ISL,BN.CAB.XOKA.GD.ZS,1973,
ISL,BN.CAB.XOKA.GD.ZS,1972,
ISL,BN.CAB.XOKA.GD.ZS,1971,
ISL,BN.CAB.XOKA.GD.ZS,1970,
ISL,BN.CAB.XOKA.GD.ZS,1969,
ISL,BN.CAB.XOKA.GD.ZS,1968,
ISL,BN.CAB.XOKA.GD.ZS,1967,
ISL,BN.CAB.XOKA.GD.ZS,1966,
ISL,BN.CAB.XOKA.GD.ZS,1965,
ISL,BN.CAB.XOKA.GD.ZS,1964,
ISL,BN.CAB.XOKA.GD.ZS,1963,
ISL,BN.CAB.XOKA.GD.ZS,1962,
ISL,BN.CAB.XOKA.GD.ZS,1961,
ISL,BN.CAB.XOKA.GD.ZS,1960,
IND,BN.CAB.XOKA.GD.ZS,2025,
IND,BN.CAB.XOKA.GD.ZS,2024,-0.82224320865487
IND,BN.CAB.XOKA.GD.ZS,2023,-0.878262847208682
IND,BN.CAB.XOKA.GD.ZS,2022,-2.36247481487452
IND,BN.CAB.XOKA.GD.ZS,2021,-1.05524166809383
IND,BN.CAB.XOKA.GD.ZS,2020,1.22362111042791
IND,BN.CAB.XOKA.GD.ZS,2019,-1.04961203910072
IND,BN.CAB.XOKA.GD.ZS,2018,-2.42697545810527
IND,BN.CAB.XOKA.GD.ZS,2017,-1.43948820320988
IND,BN.CAB.XOKA.GD.ZS,2016,-0.527880606037518
IND,BN.CAB.XOKA.GD.ZS,2015,-1.06754907167964
IND,BN.CAB.XOKA.GD.ZS,2014,-1.33950896483452
IND,BN.CAB.XOKA.GD.ZS,2013,-2.64566711733892
IND,BN.CAB.XOKA.GD.ZS,2012,-5.00488971805303
IND,BN.CAB.XOKA.GD.ZS,2011,-3.42928468606061
IND,BN.CAB.XOKA.GD.ZS,2010,-3.25348368945179
IND,BN.CAB.XOKA.GD.ZS,2009,-1.95146209111801
IND,BN.CAB.XOKA.GD.ZS,2008,-2.58337749259837
IND,BN.CAB.XOKA.GD.ZS,2007,-0.663717648772609
IND,BN.CAB.XOKA.GD.ZS,2006,-0.988988302952292
IND,BN.CAB.XOKA.GD.ZS,2005,-1.25350400207393
IND,BN.CAB.XOKA.GD.ZS,2004,0.110018010197153
IND,BN.CAB.XOKA.GD.ZS,2003,1.44355773291234
IND,BN.CAB.XOKA.GD.ZS,2002,1.37093793900847
IND,BN.CAB.XOKA.GD.ZS,2001,0.290495460210206
IND,BN.CAB.XOKA.GD.ZS,2000,-0.982342580017137
IND,BN.CAB.XOKA.GD.ZS,1999,-0.70354723219324
IND,BN.CAB.XOKA.GD.ZS,1998,-1.63832533358649
IND,BN.CAB.XOKA.GD.ZS,1997,-0.713014326393887
IND,BN.CAB.XOKA.GD.ZS,1996,-1.51595497295367
IND,BN.CAB.XOKA.GD.ZS,1995,-1.54413181166043
IND,BN.CAB.XOKA.GD.ZS,1994,-0.512193818555587
IND,BN.CAB.XOKA.GD.ZS,1993,-0.67161886953087
IND,BN.CAB.XOKA.GD.ZS,1992,-1.55624498023457
IND,BN.CAB.XOKA.GD.ZS,1991,-1.58891131223691
IND,BN.CAB.XOKA.GD.ZS,1990,-2.19193586906134
IND,BN.CAB.XOKA.GD.ZS,1989,-2.3012843286246
IND,BN.CAB.XOKA.GD.ZS,1988,-2.40845625496789
IND,BN.CAB.XOKA.GD.ZS,1987,-1.85324243711685
IND,BN.CAB.XOKA.GD.ZS,1986,-1.83452055951269
IND,BN.CAB.XOKA.GD.ZS,1985,-1.78080747473129
IND,BN.CAB.XOKA.GD.ZS,1984,-1.08931724045169
IND,BN.CAB.XOKA.GD.ZS,1983,-0.887438187991853
IND,BN.CAB.XOKA.GD.ZS,1982,-1.25727324301823
IND,BN.CAB.XOKA.GD.ZS,1981,-1.39454916709874
IND,BN.CAB.XOKA.GD.ZS,1980,-0.958052563978002
IND,BN.CAB.XOKA.GD.ZS,1979,0.0329009656250522
IND,BN.CAB.XOKA.GD.ZS,1978,0.504272542122817
IND,BN.CAB.XOKA.GD.ZS,1977,1.7444258081725
IND,BN.CAB.XOKA.GD.ZS,1976,1.53711247656257
IND,BN.CAB.XOKA.GD.ZS,1975,-0.149803050596716
IND,BN.CAB.XOKA.GD.ZS,1974,
IND,BN.CAB.XOKA.GD.ZS,1973,
IND,BN.CAB.XOKA.GD.ZS,1972,
IND,BN.CAB.XOKA.GD.ZS,1971,
IND,BN.CAB.XOKA.GD.ZS,1970,
IND,BN.CAB.XOKA.GD.ZS,1969,
IND,BN.CAB.XOKA.GD.ZS,1968,
IND,BN.CAB.XOKA.GD.ZS,1967,
IND,BN.CAB.XOKA.GD.ZS,1966,
IND,BN.CAB.XOKA.GD.ZS,1965,
IND,BN.CAB.XOKA.GD.ZS,1964,
IND,BN.CAB.XOKA.GD.ZS,1963,
IND,BN.CAB.XOKA.GD.ZS,1962,
IND,BN.CAB.XOKA.GD.ZS,1961,
IND,BN.CAB.XOKA.GD.ZS,1960,
IDN,BN.CAB.XOKA.GD.ZS,2025,
IDN,BN.CAB.XOKA.GD.ZS,2024,-0.624744460485029
IDN,BN.CAB.XOKA.GD.ZS,2023,-0.148899338519633
IDN,BN.CAB.XOKA.GD.ZS,2022,1.00182875104005
IDN,BN.CAB.XOKA.GD.ZS,2021,0.295885914526078
IDN,BN.CAB.XOKA.GD.ZS,2020,-0.418606247736126
IDN,BN.CAB.XOKA.GD.ZS,2019,-2.7056619813955
IDN,BN.CAB.XOKA.GD.ZS,2018,-2.93907291477017
IDN,BN.CAB.XOKA.GD.ZS,2017,-1.59465689989364
IDN,BN.CAB.XOKA.GD.ZS,2016,-1.81915089251384
IDN,BN.CAB.XOKA.GD.ZS,2015,-2.03504192745968
IDN,BN.CAB.XOKA.GD.ZS,2014,-3.08816907525921
IDN,BN.CAB.XOKA.GD.ZS,2013,-3.18996482895809
IDN,BN.CAB.XOKA.GD.ZS,2012,-2.66027359471414
IDN,BN.CAB.XOKA.GD.ZS,2011,0.188703954012604
IDN,BN.CAB.XOKA.GD.ZS,2010,0.681277286848336
IDN,BN.CAB.XOKA.GD.ZS,2009,1.96977056223519
IDN,BN.CAB.XOKA.GD.ZS,2008,0.0246933252771075
IDN,BN.CAB.XOKA.GD.ZS,2007,2.4272641269679
IDN,BN.CAB.XOKA.GD.ZS,2006,2.97870868013903
IDN,BN.CAB.XOKA.GD.ZS,2005,0.0970882462390686
IDN,BN.CAB.XOKA.GD.ZS,2004,0.60856132991737
IDN,BN.CAB.XOKA.GD.ZS,2003,3.45304287667862
IDN,BN.CAB.XOKA.GD.ZS,2002,3.99852690784087
IDN,BN.CAB.XOKA.GD.ZS,2001,4.30104853135351
IDN,BN.CAB.XOKA.GD.ZS,2000,4.84306452849134
IDN,BN.CAB.XOKA.GD.ZS,1999,4.13060184583257
IDN,BN.CAB.XOKA.GD.ZS,1998,4.2924639876273
IDN,BN.CAB.XOKA.GD.ZS,1997,-2.2660591852136
IDN,BN.CAB.XOKA.GD.ZS,1996,-3.37028227381292
IDN,BN.CAB.XOKA.GD.ZS,1995,-3.1815838591366
IDN,BN.CAB.XOKA.GD.ZS,1994,-1.57836291535994
IDN,BN.CAB.XOKA.GD.ZS,1993,-1.33285487006627
IDN,BN.CAB.XOKA.GD.ZS,1992,-2.17141753355818
IDN,BN.CAB.XOKA.GD.ZS,1991,-3.6528272008554
IDN,BN.CAB.XOKA.GD.ZS,1990,-2.81513051122
IDN,BN.CAB.XOKA.GD.ZS,1989,-1.17308972972527
IDN,BN.CAB.XOKA.GD.ZS,1988,-1.65717331965352
IDN,BN.CAB.XOKA.GD.ZS,1987,-2.76308516687083
IDN,BN.CAB.XOKA.GD.ZS,1986,-4.89155821027364
IDN,BN.CAB.XOKA.GD.ZS,1985,-2.25467409481339
IDN,BN.CAB.XOKA.GD.ZS,1984,-2.1872941302444
IDN,BN.CAB.XOKA.GD.ZS,1983,-7.81964398213782
IDN,BN.CAB.XOKA.GD.ZS,1982,-5.90515924090514
IDN,BN.CAB.XOKA.GD.ZS,1981,-0.661847160975068
IDN,BN.CAB.XOKA.GD.ZS,1980,
IDN,BN.CAB.XOKA.GD.ZS,1979,
IDN,BN.CAB.XOKA.GD.ZS,1978,
IDN,BN.CAB.XOKA.GD.ZS,1977,
IDN,BN.CAB.XOKA.GD.ZS,1976,
IDN,BN.CAB.XOKA.GD.ZS,1975,
IDN,BN.CAB.XOKA.GD.ZS,1974,
IDN,BN.CAB.XOKA.GD.ZS,1973,
IDN,BN.CAB.XOKA.GD.ZS,1972,
IDN,BN.CAB.XOKA.GD.ZS,1971,
IDN,BN.CAB.XOKA.GD.ZS,1970,
IDN,BN.CAB.XOKA.GD.ZS,1969,
IDN,BN.CAB.XOKA.GD.ZS,1968,
IDN,BN.CAB.XOKA.GD.ZS,1967,
IDN,BN.CAB.XOKA.GD.ZS,1966,
IDN,BN.CAB.XOKA.GD.ZS,1965,
IDN,BN.CAB.XOKA.GD.ZS,1964,
IDN,BN.CAB.XOKA.GD.ZS,1963,
IDN,BN.CAB.XOKA.GD.ZS,1962,
IDN,BN.CAB.XOKA.GD.ZS,1961,
IDN,BN.CAB.XOKA.GD.ZS,1960,
IRN,BN.CAB.XOKA.GD.ZS,2025,
IRN,BN.CAB.XOKA.GD.ZS,2024,
IRN,BN.CAB.XOKA.GD.ZS,2023,
IRN,BN.CAB.XOKA.GD.ZS,2022,
IRN,BN.CAB.XOKA.GD.ZS,2021,
IRN,BN.CAB.XOKA.GD.ZS,2020,
IRN,BN.CAB.XOKA.GD.ZS,2019,
IRN,BN.CAB.XOKA.GD.ZS,2018,
IRN,BN.CAB.XOKA.GD.ZS,2017,
IRN,BN.CAB.XOKA.GD.ZS,2016,
IRN,BN.CAB.XOKA.GD.ZS,2015,
IRN,BN.CAB.XOKA.GD.ZS,2014,
IRN,BN.CAB.XOKA.GD.ZS,2013,
IRN,BN.CAB.XOKA.GD.ZS,2012,
IRN,BN.CAB.XOKA.GD.ZS,2011,
IRN,BN.CAB.XOKA.GD.ZS,2010,
IRN,BN.CAB.XOKA.GD.ZS,2009,
IRN,BN.CAB.XOKA.GD.ZS,2008,
IRN,BN.CAB.XOKA.GD.ZS,2007,
IRN,BN.CAB.XOKA.GD.ZS,2006,
IRN,BN.CAB.XOKA.GD.ZS,2005,
IRN,BN.CAB.XOKA.GD.ZS,2004,
IRN,BN.CAB.XOKA.GD.ZS,2003,
IRN,BN.CAB.XOKA.GD.ZS,2002,
IRN,BN.CAB.XOKA.GD.ZS,2001,
IRN,BN.CAB.XOKA.GD.ZS,2000,11.3886353724179
IRN,BN.CAB.XOKA.GD.ZS,1999,5.7576541401425
IRN,BN.CAB.XOKA.GD.ZS,1998,-1.93966255925986
IRN,BN.CAB.XOKA.GD.ZS,1997,1.94260555778366
IRN,BN.CAB.XOKA.GD.ZS,1996,4.34537304394513
IRN,BN.CAB.XOKA.GD.ZS,1995,3.48270790819986
IRN,BN.CAB.XOKA.GD.ZS,1994,6.89852338622874
IRN,BN.CAB.XOKA.GD.ZS,1993,-6.61242613187891
IRN,BN.CAB.XOKA.GD.ZS,1992,-5.43046762382498
IRN,BN.CAB.XOKA.GD.ZS,1991,-7.17727711366915
IRN,BN.CAB.XOKA.GD.ZS,1990,0.26199138594219
IRN,BN.CAB.XOKA.GD.ZS,1989,-0.158511008446553
IRN,BN.CAB.XOKA.GD.ZS,1988,-1.5187977263221
IRN,BN.CAB.XOKA.GD.ZS,1987,-1.55958515303459
IRN,BN.CAB.XOKA.GD.ZS,1986,-2.465391713107
IRN,BN.CAB.XOKA.GD.ZS,1985,-0.264174942561394
IRN,BN.CAB.XOKA.GD.ZS,1984,-0.255119759636444
IRN,BN.CAB.XOKA.GD.ZS,1983,0.228951262380047
IRN,BN.CAB.XOKA.GD.ZS,1982,4.55185121478714
IRN,BN.CAB.XOKA.GD.ZS,1981,-3.4288791691291
IRN,BN.CAB.XOKA.GD.ZS,1980,-2.58365960868809
IRN,BN.CAB.XOKA.GD.ZS,1979,13.2401277128548
IRN,BN.CAB.XOKA.GD.ZS,1978,0.133343049218225
IRN,BN.CAB.XOKA.GD.ZS,1977,3.49379120725757
IRN,BN.CAB.XOKA.GD.ZS,1976,11.2555532834157
IRN,BN.CAB.XOKA.GD.ZS,1975,
IRN,BN.CAB.XOKA.GD.ZS,1974,
IRN,BN.CAB.XOKA.GD.ZS,1973,
IRN,BN.CAB.XOKA.GD.ZS,1972,
IRN,BN.CAB.XOKA.GD.ZS,1971,
IRN,BN.CAB.XOKA.GD.ZS,1970,
IRN,BN.CAB.XOKA.GD.ZS,1969,
IRN,BN.CAB.XOKA.GD.ZS,1968,
IRN,BN.CAB.XOKA.GD.ZS,1967,
IRN,BN.CAB.XOKA.GD.ZS,1966,
IRN,BN.CAB.XOKA.GD.ZS,1965,
IRN,BN.CAB.XOKA.GD.ZS,1964,
IRN,BN.CAB.XOKA.GD.ZS,1963,
IRN,BN.CAB.XOKA.GD.ZS,1962,
IRN,BN.CAB.XOKA.GD.ZS,1961,
IRN,BN.CAB.XOKA.GD.ZS,1960,
IRQ,BN.CAB.XOKA.GD.ZS,2025,
IRQ,BN.CAB.XOKA.GD.ZS,2024,2.99186896502489
IRQ,BN.CAB.XOKA.GD.ZS,2023,10.5528397110428
IRQ,BN.CAB.XOKA.GD.ZS,2022,20.1861883343541
IRQ,BN.CAB.XOKA.GD.ZS,2021,11.7148037882244
IRQ,BN.CAB.XOKA.GD.ZS,2020,-3.48598226553261
IRQ,BN.CAB.XOKA.GD.ZS,2019,6.74664580876131
IRQ,BN.CAB.XOKA.GD.ZS,2018,15.1162785714327
IRQ,BN.CAB.XOKA.GD.ZS,2017,7.95462137277485
IRQ,BN.CAB.XOKA.GD.ZS,2016,1.29416694062961
IRQ,BN.CAB.XOKA.GD.ZS,2015,-1.65602101285884
IRQ,BN.CAB.XOKA.GD.ZS,2014,6.94151191976759
IRQ,BN.CAB.XOKA.GD.ZS,2013,6.85843921497559
IRQ,BN.CAB.XOKA.GD.ZS,2012,13.5507635163078
IRQ,BN.CAB.XOKA.GD.ZS,2011,14.065166727563
IRQ,BN.CAB.XOKA.GD.ZS,2010,4.68412757383414
IRQ,BN.CAB.XOKA.GD.ZS,2009,-1.01067925411065
IRQ,BN.CAB.XOKA.GD.ZS,2008,21.6088001159731
IRQ,BN.CAB.XOKA.GD.ZS,2007,17.4694327663084
IRQ,BN.CAB.XOKA.GD.ZS,2006,4.11591917217398
IRQ,BN.CAB.XOKA.GD.ZS,2005,-6.66212529091974
IRQ,BN.CAB.XOKA.GD.ZS,2004,
IRQ,BN.CAB.XOKA.GD.ZS,2003,
IRQ,BN.CAB.XOKA.GD.ZS,2002,
IRQ,BN.CAB.XOKA.GD.ZS,2001,
IRQ,BN.CAB.XOKA.GD.ZS,2000,
IRQ,BN.CAB.XOKA.GD.ZS,1999,
IRQ,BN.CAB.XOKA.GD.ZS,1998,
IRQ,BN.CAB.XOKA.GD.ZS,1997,
IRQ,BN.CAB.XOKA.GD.ZS,1996,
IRQ,BN.CAB.XOKA.GD.ZS,1995,
IRQ,BN.CAB.XOKA.GD.ZS,1994,
IRQ,BN.CAB.XOKA.GD.ZS,1993,
IRQ,BN.CAB.XOKA.GD.ZS,1992,
IRQ,BN.CAB.XOKA.GD.ZS,1991,
IRQ,BN.CAB.XOKA.GD.ZS,1990,
IRQ,BN.CAB.XOKA.GD.ZS,1989,
IRQ,BN.CAB.XOKA.GD.ZS,1988,
IRQ,BN.CAB.XOKA.GD.ZS,1987,
IRQ,BN.CAB.XOKA.GD.ZS,1986,
IRQ,BN.CAB.XOKA.GD.ZS,1985,
IRQ,BN.CAB.XOKA.GD.ZS,1984,
IRQ,BN.CAB.XOKA.GD.ZS,1983,
IRQ,BN.CAB.XOKA.GD.ZS,1982,
IRQ,BN.CAB.XOKA.GD.ZS,1981,
IRQ,BN.CAB.XOKA.GD.ZS,1980,
IRQ,BN.CAB.XOKA.GD.ZS,1979,
IRQ,BN.CAB.XOKA.GD.ZS,1978,
IRQ,BN.CAB.XOKA.GD.ZS,1977,
IRQ,BN.CAB.XOKA.GD.ZS,1976,
IRQ,BN.CAB.XOKA.GD.ZS,1975,
IRQ,BN.CAB.XOKA.GD.ZS,1974,
IRQ,BN.CAB.XOKA.GD.ZS,1973,
IRQ,BN.CAB.XOKA.GD.ZS,1972,
IRQ,BN.CAB.XOKA.GD.ZS,1971,
IRQ,BN.CAB.XOKA.GD.ZS,1970,
IRQ,BN.CAB.XOKA.GD.ZS,1969,
IRQ,BN.CAB.XOKA.GD.ZS,1968,
IRQ,BN.CAB.XOKA.GD.ZS,1967,
IRQ,BN.CAB.XOKA.GD.ZS,1966,
IRQ,BN.CAB.XOKA.GD.ZS,1965,
IRQ,BN.CAB.XOKA.GD.ZS,1964,
IRQ,BN.CAB.XOKA.GD.ZS,1963,
IRQ,BN.CAB.XOKA.GD.ZS,1962,
IRQ,BN.CAB.XOKA.GD.ZS,1961,
IRQ,BN.CAB.XOKA.GD.ZS,1960,
IRL,BN.CAB.XOKA.GD.ZS,2025,
IRL,BN.CAB.XOKA.GD.ZS,2024,17.3995604849009
IRL,BN.CAB.XOKA.GD.ZS,2023,7.88616983666685
IRL,BN.CAB.XOKA.GD.ZS,2022,8.83145214804832
IRL,BN.CAB.XOKA.GD.ZS,2021,12.2773633997729
IRL,BN.CAB.XOKA.GD.ZS,2020,-6.72117635432936
IRL,BN.CAB.XOKA.GD.ZS,2019,-20.557569947865
IRL,BN.CAB.XOKA.GD.ZS,2018,4.53318492198398
IRL,BN.CAB.XOKA.GD.ZS,2017,1.64860491292148
IRL,BN.CAB.XOKA.GD.ZS,2016,-1.19161269456651
IRL,BN.CAB.XOKA.GD.ZS,2015,6.1720383024774
IRL,BN.CAB.XOKA.GD.ZS,2014,2.07694324359567
IRL,BN.CAB.XOKA.GD.ZS,2013,2.39991550786299
IRL,BN.CAB.XOKA.GD.ZS,2012,-3.39701735632397
IRL,BN.CAB.XOKA.GD.ZS,2011,1.173984139213
IRL,BN.CAB.XOKA.GD.ZS,2010,1.04615152452603
IRL,BN.CAB.XOKA.GD.ZS,2009,-2.11779729016475
IRL,BN.CAB.XOKA.GD.ZS,2008,-5.55568075659423
IRL,BN.CAB.XOKA.GD.ZS,2007,-5.12758716999565
IRL,BN.CAB.XOKA.GD.ZS,2006,-3.38621096923659
IRL,BN.CAB.XOKA.GD.ZS,2005,-3.37203846174545
IRL,BN.CAB.XOKA.GD.ZS,2004,
IRL,BN.CAB.XOKA.GD.ZS,2003,
IRL,BN.CAB.XOKA.GD.ZS,2002,
IRL,BN.CAB.XOKA.GD.ZS,2001,
IRL,BN.CAB.XOKA.GD.ZS,2000,
IRL,BN.CAB.XOKA.GD.ZS,1999,
IRL,BN.CAB.XOKA.GD.ZS,1998,
IRL,BN.CAB.XOKA.GD.ZS,1997,
IRL,BN.CAB.XOKA.GD.ZS,1996,
IRL,BN.CAB.XOKA.GD.ZS,1995,
IRL,BN.CAB.XOKA.GD.ZS,1994,
IRL,BN.CAB.XOKA.GD.ZS,1993,
IRL,BN.CAB.XOKA.GD.ZS,1992,
IRL,BN.CAB.XOKA.GD.ZS,1991,
IRL,BN.CAB.XOKA.GD.ZS,1990,
IRL,BN.CAB.XOKA.GD.ZS,1989,
IRL,BN.CAB.XOKA.GD.ZS,1988,
IRL,BN.CAB.XOKA.GD.ZS,1987,
IRL,BN.CAB.XOKA.GD.ZS,1986,
IRL,BN.CAB.XOKA.GD.ZS,1985,
IRL,BN.CAB.XOKA.GD.ZS,1984,
IRL,BN.CAB.XOKA.GD.ZS,1983,
IRL,BN.CAB.XOKA.GD.ZS,1982,
IRL,BN.CAB.XOKA.GD.ZS,1981,
IRL,BN.CAB.XOKA.GD.ZS,1980,
IRL,BN.CAB.XOKA.GD.ZS,1979,
IRL,BN.CAB.XOKA.GD.ZS,1978,
IRL,BN.CAB.XOKA.GD.ZS,1977,
IRL,BN.CAB.XOKA.GD.ZS,1976,
IRL,BN.CAB.XOKA.GD.ZS,1975,
IRL,BN.CAB.XOKA.GD.ZS,1974,
IRL,BN.CAB.XOKA.GD.ZS,1973,
IRL,BN.CAB.XOKA.GD.ZS,1972,
IRL,BN.CAB.XOKA.GD.ZS,1971,
IRL,BN.CAB.XOKA.GD.ZS,1970,
IRL,BN.CAB.XOKA.GD.ZS,1969,
IRL,BN.CAB.XOKA.GD.ZS,1968,
IRL,BN.CAB.XOKA.GD.ZS,1967,
IRL,BN.CAB.XOKA.GD.ZS,1966,
IRL,BN.CAB.XOKA.GD.ZS,1965,
IRL,BN.CAB.XOKA.GD.ZS,1964,
IRL,BN.CAB.XOKA.GD.ZS,1963,
IRL,BN.CAB.XOKA.GD.ZS,1962,
IRL,BN.CAB.XOKA.GD.ZS,1961,
IRL,BN.CAB.XOKA.GD.ZS,1960,
IMN,BN.CAB.XOKA.GD.ZS,2025,
IMN,BN.CAB.XOKA.GD.ZS,2024,
IMN,BN.CAB.XOKA.GD.ZS,2023,
IMN,BN.CAB.XOKA.GD.ZS,2022,
IMN,BN.CAB.XOKA.GD.ZS,2021,
IMN,BN.CAB.XOKA.GD.ZS,2020,
IMN,BN.CAB.XOKA.GD.ZS,2019,
IMN,BN.CAB.XOKA.GD.ZS,2018,
IMN,BN.CAB.XOKA.GD.ZS,2017,
IMN,BN.CAB.XOKA.GD.ZS,2016,
IMN,BN.CAB.XOKA.GD.ZS,2015,
IMN,BN.CAB.XOKA.GD.ZS,2014,
IMN,BN.CAB.XOKA.GD.ZS,2013,
IMN,BN.CAB.XOKA.GD.ZS,2012,
IMN,BN.CAB.XOKA.GD.ZS,2011,
IMN,BN.CAB.XOKA.GD.ZS,2010,
IMN,BN.CAB.XOKA.GD.ZS,2009,
IMN,BN.CAB.XOKA.GD.ZS,2008,
IMN,BN.CAB.XOKA.GD.ZS,2007,
IMN,BN.CAB.XOKA.GD.ZS,2006,
IMN,BN.CAB.XOKA.GD.ZS,2005,
IMN,BN.CAB.XOKA.GD.ZS,2004,
IMN,BN.CAB.XOKA.GD.ZS,2003,
IMN,BN.CAB.XOKA.GD.ZS,2002,
IMN,BN.CAB.XOKA.GD.ZS,2001,
IMN,BN.CAB.XOKA.GD.ZS,2000,
IMN,BN.CAB.XOKA.GD.ZS,1999,
IMN,BN.CAB.XOKA.GD.ZS,1998,
IMN,BN.CAB.XOKA.GD.ZS,1997,
IMN,BN.CAB.XOKA.GD.ZS,1996,
IMN,BN.CAB.XOKA.GD.ZS,1995,
IMN,BN.CAB.XOKA.GD.ZS,1994,
IMN,BN.CAB.XOKA.GD.ZS,1993,
IMN,BN.CAB.XOKA.GD.ZS,1992,
IMN,BN.CAB.XOKA.GD.ZS,1991,
IMN,BN.CAB.XOKA.GD.ZS,1990,
IMN,BN.CAB.XOKA.GD.ZS,1989,
IMN,BN.CAB.XOKA.GD.ZS,1988,
IMN,BN.CAB.XOKA.GD.ZS,1987,
IMN,BN.CAB.XOKA.GD.ZS,1986,
IMN,BN.CAB.XOKA.GD.ZS,1985,
IMN,BN.CAB.XOKA.GD.ZS,1984,
IMN,BN.CAB.XOKA.GD.ZS,1983,
IMN,BN.CAB.XOKA.GD.ZS,1982,
IMN,BN.CAB.XOKA.GD.ZS,1981,
IMN,BN.CAB.XOKA.GD.ZS,1980,
IMN,BN.CAB.XOKA.GD.ZS,1979,
IMN,BN.CAB.XOKA.GD.ZS,1978,
IMN,BN.CAB.XOKA.GD.ZS,1977,
IMN,BN.CAB.XOKA.GD.ZS,1976,
IMN,BN.CAB.XOKA.GD.ZS,1975,
IMN,BN.CAB.XOKA.GD.ZS,1974,
IMN,BN.CAB.XOKA.GD.ZS,1973,
IMN,BN.CAB.XOKA.GD.ZS,1972,
IMN,BN.CAB.XOKA.GD.ZS,1971,
IMN,BN.CAB.XOKA.GD.ZS,1970,
IMN,BN.CAB.XOKA.GD.ZS,1969,
IMN,BN.CAB.XOKA.GD.ZS,1968,
IMN,BN.CAB.XOKA.GD.ZS,1967,
IMN,BN.CAB.XOKA.GD.ZS,1966,
IMN,BN.CAB.XOKA.GD.ZS,1965,
IMN,BN.CAB.XOKA.GD.ZS,1964,
IMN,BN.CAB.XOKA.GD.ZS,1963,
IMN,BN.CAB.XOKA.GD.ZS,1962,
IMN,BN.CAB.XOKA.GD.ZS,1961,
IMN,BN.CAB.XOKA.GD.ZS,1960,
ISR,BN.CAB.XOKA.GD.ZS,2025,
ISR,BN.CAB.XOKA.GD.ZS,2024,2.86378146024895
ISR,BN.CAB.XOKA.GD.ZS,2023,3.06904948003165
ISR,BN.CAB.XOKA.GD.ZS,2022,2.68983451117337
ISR,BN.CAB.XOKA.GD.ZS,2021,3.02089479982974
ISR,BN.CAB.XOKA.GD.ZS,2020,3.74135443993414
ISR,BN.CAB.XOKA.GD.ZS,2019,2.89061232410343
ISR,BN.CAB.XOKA.GD.ZS,2018,2.41701359590546
ISR,BN.CAB.XOKA.GD.ZS,2017,3.14519240012417
ISR,BN.CAB.XOKA.GD.ZS,2016,3.16194610171435
ISR,BN.CAB.XOKA.GD.ZS,2015,4.57815464759136
ISR,BN.CAB.XOKA.GD.ZS,2014,3.45905044870542
ISR,BN.CAB.XOKA.GD.ZS,2013,2.24016457387384
ISR,BN.CAB.XOKA.GD.ZS,2012,-0.31412519394469
ISR,BN.CAB.XOKA.GD.ZS,2011,0.957794817881939
ISR,BN.CAB.XOKA.GD.ZS,2010,2.69184993839998
ISR,BN.CAB.XOKA.GD.ZS,2009,2.82793346734681
ISR,BN.CAB.XOKA.GD.ZS,2008,0.425391196195524
ISR,BN.CAB.XOKA.GD.ZS,2007,2.15143700837441
ISR,BN.CAB.XOKA.GD.ZS,2006,3.28287099786148
ISR,BN.CAB.XOKA.GD.ZS,2005,2.21854781064708
ISR,BN.CAB.XOKA.GD.ZS,2004,0.838212704959804
ISR,BN.CAB.XOKA.GD.ZS,2003,-0.547984131034355
ISR,BN.CAB.XOKA.GD.ZS,2002,-2.28129482394564
ISR,BN.CAB.XOKA.GD.ZS,2001,-2.59322008025819
ISR,BN.CAB.XOKA.GD.ZS,2000,-2.36323026363975
ISR,BN.CAB.XOKA.GD.ZS,1999,-2.45475959476818
ISR,BN.CAB.XOKA.GD.ZS,1998,-1.67361539503149
ISR,BN.CAB.XOKA.GD.ZS,1997,-3.56220172935211
ISR,BN.CAB.XOKA.GD.ZS,1996,-5.27004813797208
ISR,BN.CAB.XOKA.GD.ZS,1995,-5.07273078192782
ISR,BN.CAB.XOKA.GD.ZS,1994,-3.79887156235907
ISR,BN.CAB.XOKA.GD.ZS,1993,-3.10534438759335
ISR,BN.CAB.XOKA.GD.ZS,1992,-1.10121505762718
ISR,BN.CAB.XOKA.GD.ZS,1991,-1.80059495391958
ISR,BN.CAB.XOKA.GD.ZS,1990,0.263477292675907
ISR,BN.CAB.XOKA.GD.ZS,1989,0.397380193246602
ISR,BN.CAB.XOKA.GD.ZS,1988,-1.59142430923005
ISR,BN.CAB.XOKA.GD.ZS,1987,-3.26902420135559
ISR,BN.CAB.XOKA.GD.ZS,1986,3.56280203762228
ISR,BN.CAB.XOKA.GD.ZS,1985,3.41696882400678
ISR,BN.CAB.XOKA.GD.ZS,1984,-5.14853559570396
ISR,BN.CAB.XOKA.GD.ZS,1983,-7.26104099644434
ISR,BN.CAB.XOKA.GD.ZS,1982,-7.71518708169879
ISR,BN.CAB.XOKA.GD.ZS,1981,-5.06360948882778
ISR,BN.CAB.XOKA.GD.ZS,1980,-3.42977437840941
ISR,BN.CAB.XOKA.GD.ZS,1979,-4.06904262001554
ISR,BN.CAB.XOKA.GD.ZS,1978,-5.70015053310011
ISR,BN.CAB.XOKA.GD.ZS,1977,-1.94992484500615
ISR,BN.CAB.XOKA.GD.ZS,1976,-4.23655797888494
ISR,BN.CAB.XOKA.GD.ZS,1975,-11.2874876575955
ISR,BN.CAB.XOKA.GD.ZS,1974,-9.10170475239164
ISR,BN.CAB.XOKA.GD.ZS,1973,-4.41081054046823
ISR,BN.CAB.XOKA.GD.ZS,1972,-2.34208351746611
ISR,BN.CAB.XOKA.GD.ZS,1971,-7.72770790218073
ISR,BN.CAB.XOKA.GD.ZS,1970,-8.33028106121604
ISR,BN.CAB.XOKA.GD.ZS,1969,-6.2719789582511
ISR,BN.CAB.XOKA.GD.ZS,1968,-3.37093394711649
ISR,BN.CAB.XOKA.GD.ZS,1967,-0.41995749006719
ISR,BN.CAB.XOKA.GD.ZS,1966,-3.40186670345883
ISR,BN.CAB.XOKA.GD.ZS,1965,-4.38891879178044
ISR,BN.CAB.XOKA.GD.ZS,1964,
ISR,BN.CAB.XOKA.GD.ZS,1963,
ISR,BN.CAB.XOKA.GD.ZS,1962,
ISR,BN.CAB.XOKA.GD.ZS,1961,-2.7773385032962
ISR,BN.CAB.XOKA.GD.ZS,1960,-1.33525009794687
ITA,BN.CAB.XOKA.GD.ZS,2025,
ITA,BN.CAB.XOKA.GD.ZS,2024,1.08253400174467
ITA,BN.CAB.XOKA.GD.ZS,2023,0.224243443277791
ITA,BN.CAB.XOKA.GD.ZS,2022,-1.82962143546248
ITA,BN.CAB.XOKA.GD.ZS,2021,2.03966459401318
ITA,BN.CAB.XOKA.GD.ZS,2020,3.9369545603398
ITA,BN.CAB.XOKA.GD.ZS,2019,3.23388196417885
ITA,BN.CAB.XOKA.GD.ZS,2018,2.57144669559437
ITA,BN.CAB.XOKA.GD.ZS,2017,2.47968309636806
ITA,BN.CAB.XOKA.GD.ZS,2016,2.46140246001819
ITA,BN.CAB.XOKA.GD.ZS,2015,1.23326652485504
ITA,BN.CAB.XOKA.GD.ZS,2014,1.70979552518118
ITA,BN.CAB.XOKA.GD.ZS,2013,1.03825599780866
ITA,BN.CAB.XOKA.GD.ZS,2012,-0.215238993496647
ITA,BN.CAB.XOKA.GD.ZS,2011,-2.74163808728921
ITA,BN.CAB.XOKA.GD.ZS,2010,-3.24412215335914
ITA,BN.CAB.XOKA.GD.ZS,2009,-1.77411764067094
ITA,BN.CAB.XOKA.GD.ZS,2008,-2.68669173430211
ITA,BN.CAB.XOKA.GD.ZS,2007,-1.35566295251184
ITA,BN.CAB.XOKA.GD.ZS,2006,-1.44603855867144
ITA,BN.CAB.XOKA.GD.ZS,2005,-0.896244191801551
ITA,BN.CAB.XOKA.GD.ZS,2004,-0.4953081424742
ITA,BN.CAB.XOKA.GD.ZS,2003,-0.766212290849881
ITA,BN.CAB.XOKA.GD.ZS,2002,-0.489738960441859
ITA,BN.CAB.XOKA.GD.ZS,2001,0.15478537448926
ITA,BN.CAB.XOKA.GD.ZS,2000,-0.270230356072507
ITA,BN.CAB.XOKA.GD.ZS,1999,0.79555262294696
ITA,BN.CAB.XOKA.GD.ZS,1998,1.57984290749102
ITA,BN.CAB.XOKA.GD.ZS,1997,2.59252960256439
ITA,BN.CAB.XOKA.GD.ZS,1996,3.04033411855202
ITA,BN.CAB.XOKA.GD.ZS,1995,2.13154267228954
ITA,BN.CAB.XOKA.GD.ZS,1994,1.1980637161955
ITA,BN.CAB.XOKA.GD.ZS,1993,0.724434293633527
ITA,BN.CAB.XOKA.GD.ZS,1992,-2.21274668808671
ITA,BN.CAB.XOKA.GD.ZS,1991,-1.94553731555977
ITA,BN.CAB.XOKA.GD.ZS,1990,-1.38838935215218
ITA,BN.CAB.XOKA.GD.ZS,1989,-1.37836826267829
ITA,BN.CAB.XOKA.GD.ZS,1988,-0.800123821716019
ITA,BN.CAB.XOKA.GD.ZS,1987,-0.318096912868457
ITA,BN.CAB.XOKA.GD.ZS,1986,0.377788429621883
ITA,BN.CAB.XOKA.GD.ZS,1985,-0.901971773297404
ITA,BN.CAB.XOKA.GD.ZS,1984,-0.730455998948555
ITA,BN.CAB.XOKA.GD.ZS,1983,0.14570570397054
ITA,BN.CAB.XOKA.GD.ZS,1982,-1.72753520994507
ITA,BN.CAB.XOKA.GD.ZS,1981,-2.40319580477234
ITA,BN.CAB.XOKA.GD.ZS,1980,-2.20943538571724
ITA,BN.CAB.XOKA.GD.ZS,1979,1.50118191700271
ITA,BN.CAB.XOKA.GD.ZS,1978,1.91633721746561
ITA,BN.CAB.XOKA.GD.ZS,1977,0.907778053221065
ITA,BN.CAB.XOKA.GD.ZS,1976,-1.26886537800893
ITA,BN.CAB.XOKA.GD.ZS,1975,-0.287503857987618
ITA,BN.CAB.XOKA.GD.ZS,1974,-4.13523828552244
ITA,BN.CAB.XOKA.GD.ZS,1973,-1.61514463554283
ITA,BN.CAB.XOKA.GD.ZS,1972,1.36152665828258
ITA,BN.CAB.XOKA.GD.ZS,1971,1.29431173937062
ITA,BN.CAB.XOKA.GD.ZS,1970,0.718374170979018
ITA,BN.CAB.XOKA.GD.ZS,1969,
ITA,BN.CAB.XOKA.GD.ZS,1968,
ITA,BN.CAB.XOKA.GD.ZS,1967,
ITA,BN.CAB.XOKA.GD.ZS,1966,
ITA,BN.CAB.XOKA.GD.ZS,1965,
ITA,BN.CAB.XOKA.GD.ZS,1964,
ITA,BN.CAB.XOKA.GD.ZS,1963,
ITA,BN.CAB.XOKA.GD.ZS,1962,
ITA,BN.CAB.XOKA.GD.ZS,1961,
ITA,BN.CAB.XOKA.GD.ZS,1960,
JAM,BN.CAB.XOKA.GD.ZS,2025,
JAM,BN.CAB.XOKA.GD.ZS,2024,3.08347476646198
JAM,BN.CAB.XOKA.GD.ZS,2023,2.65622701311354
JAM,BN.CAB.XOKA.GD.ZS,2022,-0.725013690307511
JAM,BN.CAB.XOKA.GD.ZS,2021,0.934998829682956
JAM,BN.CAB.XOKA.GD.ZS,2020,-1.04604876207357
JAM,BN.CAB.XOKA.GD.ZS,2019,-1.77745675976269
JAM,BN.CAB.XOKA.GD.ZS,2018,-1.39317798037996
JAM,BN.CAB.XOKA.GD.ZS,2017,-2.5183339037553
JAM,BN.CAB.XOKA.GD.ZS,2016,-0.291717768383903
JAM,BN.CAB.XOKA.GD.ZS,2015,-2.87431658057774
JAM,BN.CAB.XOKA.GD.ZS,2014,-8.0173872721953
JAM,BN.CAB.XOKA.GD.ZS,2013,-9.51223858387756
JAM,BN.CAB.XOKA.GD.ZS,2012,-9.72634702774029
JAM,BN.CAB.XOKA.GD.ZS,2011,-14.283409237551
JAM,BN.CAB.XOKA.GD.ZS,2010,-7.06479945013375
JAM,BN.CAB.XOKA.GD.ZS,2009,-9.3024726659181
JAM,BN.CAB.XOKA.GD.ZS,2008,-20.3748078735041
JAM,BN.CAB.XOKA.GD.ZS,2007,-15.9234659804591
JAM,BN.CAB.XOKA.GD.ZS,2006,-9.91484107251583
JAM,BN.CAB.XOKA.GD.ZS,2005,-9.52805454519088
JAM,BN.CAB.XOKA.GD.ZS,2004,-4.92950870317959
JAM,BN.CAB.XOKA.GD.ZS,2003,-8.20081771864531
JAM,BN.CAB.XOKA.GD.ZS,2002,-11.0508689241364
JAM,BN.CAB.XOKA.GD.ZS,2001,-8.25255531148696
JAM,BN.CAB.XOKA.GD.ZS,2000,-4.07992636835457
JAM,BN.CAB.XOKA.GD.ZS,1999,-2.43387631839692
JAM,BN.CAB.XOKA.GD.ZS,1998,-3.79870910291059
JAM,BN.CAB.XOKA.GD.ZS,1997,-3.95474226120464
JAM,BN.CAB.XOKA.GD.ZS,1996,-1.92861894016571
JAM,BN.CAB.XOKA.GD.ZS,1995,-1.50360607545815
JAM,BN.CAB.XOKA.GD.ZS,1994,1.49654503129105
JAM,BN.CAB.XOKA.GD.ZS,1993,-3.38248971095327
JAM,BN.CAB.XOKA.GD.ZS,1992,0.806118560980681
JAM,BN.CAB.XOKA.GD.ZS,1991,-5.8472444776442
JAM,BN.CAB.XOKA.GD.ZS,1990,-6.7962794459024
JAM,BN.CAB.XOKA.GD.ZS,1989,-6.41131051197616
JAM,BN.CAB.XOKA.GD.ZS,1988,1.24059175859453
JAM,BN.CAB.XOKA.GD.ZS,1987,-3.79651015258308
JAM,BN.CAB.XOKA.GD.ZS,1986,-0.58281563697435
JAM,BN.CAB.XOKA.GD.ZS,1985,-12.8850463190593
JAM,BN.CAB.XOKA.GD.ZS,1984,-13.1493620359573
JAM,BN.CAB.XOKA.GD.ZS,1983,-9.25844859773033
JAM,BN.CAB.XOKA.GD.ZS,1982,-11.4839207123
JAM,BN.CAB.XOKA.GD.ZS,1981,-10.2986612900187
JAM,BN.CAB.XOKA.GD.ZS,1980,-5.07953451635206
JAM,BN.CAB.XOKA.GD.ZS,1979,-4.3916362595509
JAM,BN.CAB.XOKA.GD.ZS,1978,-0.820562363660235
JAM,BN.CAB.XOKA.GD.ZS,1977,-0.390801319798305
JAM,BN.CAB.XOKA.GD.ZS,1976,-8.89400500274458
JAM,BN.CAB.XOKA.GD.ZS,1975,
JAM,BN.CAB.XOKA.GD.ZS,1974,
JAM,BN.CAB.XOKA.GD.ZS,1973,
JAM,BN.CAB.XOKA.GD.ZS,1972,
JAM,BN.CAB.XOKA.GD.ZS,1971,
JAM,BN.CAB.XOKA.GD.ZS,1970,
JAM,BN.CAB.XOKA.GD.ZS,1969,
JAM,BN.CAB.XOKA.GD.ZS,1968,
JAM,BN.CAB.XOKA.GD.ZS,1967,
JAM,BN.CAB.XOKA.GD.ZS,1966,
JAM,BN.CAB.XOKA.GD.ZS,1965,
JAM,BN.CAB.XOKA.GD.ZS,1964,
JAM,BN.CAB.XOKA.GD.ZS,1963,
JAM,BN.CAB.XOKA.GD.ZS,1962,
JAM,BN.CAB.XOKA.GD.ZS,1961,
JAM,BN.CAB.XOKA.GD.ZS,1960,
JPN,BN.CAB.XOKA.GD.ZS,2025,
JPN,BN.CAB.XOKA.GD.ZS,2024,4.82314808005734
JPN,BN.CAB.XOKA.GD.ZS,2023,3.71672795030716
JPN,BN.CAB.XOKA.GD.ZS,2022,2.11637961936876
JPN,BN.CAB.XOKA.GD.ZS,2021,3.89996604353178
JPN,BN.CAB.XOKA.GD.ZS,2020,2.96847858242383
JPN,BN.CAB.XOKA.GD.ZS,2019,3.45076611445327
JPN,BN.CAB.XOKA.GD.ZS,2018,3.51661817468288
JPN,BN.CAB.XOKA.GD.ZS,2017,4.12036966283799
JPN,BN.CAB.XOKA.GD.ZS,2016,3.93809128404803
JPN,BN.CAB.XOKA.GD.ZS,2015,3.07027965906978
JPN,BN.CAB.XOKA.GD.ZS,2014,0.742322049627636
JPN,BN.CAB.XOKA.GD.ZS,2013,0.889785415808861
JPN,BN.CAB.XOKA.GD.ZS,2012,0.958442611412039
JPN,BN.CAB.XOKA.GD.ZS,2011,2.07915328846556
JPN,BN.CAB.XOKA.GD.ZS,2010,3.83547896264375
JPN,BN.CAB.XOKA.GD.ZS,2009,2.75409583494434
JPN,BN.CAB.XOKA.GD.ZS,2008,2.78294234789654
JPN,BN.CAB.XOKA.GD.ZS,2007,4.62330048259254
JPN,BN.CAB.XOKA.GD.ZS,2006,3.79586172862875
JPN,BN.CAB.XOKA.GD.ZS,2005,3.52114065640565
JPN,BN.CAB.XOKA.GD.ZS,2004,3.71938350458583
JPN,BN.CAB.XOKA.GD.ZS,2003,3.08393890811206
JPN,BN.CAB.XOKA.GD.ZS,2002,2.60256520794996
JPN,BN.CAB.XOKA.GD.ZS,2001,1.97087092323799
JPN,BN.CAB.XOKA.GD.ZS,2000,2.63045548903537
JPN,BN.CAB.XOKA.GD.ZS,1999,2.46175299896327
JPN,BN.CAB.XOKA.GD.ZS,1998,2.79831344439405
JPN,BN.CAB.XOKA.GD.ZS,1997,2.12480738385175
JPN,BN.CAB.XOKA.GD.ZS,1996,1.40135364357911
JPN,BN.CAB.XOKA.GD.ZS,1995,
JPN,BN.CAB.XOKA.GD.ZS,1994,
JPN,BN.CAB.XOKA.GD.ZS,1993,
JPN,BN.CAB.XOKA.GD.ZS,1992,
JPN,BN.CAB.XOKA.GD.ZS,1991,
JPN,BN.CAB.XOKA.GD.ZS,1990,
JPN,BN.CAB.XOKA.GD.ZS,1989,
JPN,BN.CAB.XOKA.GD.ZS,1988,
JPN,BN.CAB.XOKA.GD.ZS,1987,
JPN,BN.CAB.XOKA.GD.ZS,1986,
JPN,BN.CAB.XOKA.GD.ZS,1985,
JPN,BN.CAB.XOKA.GD.ZS,1984,
JPN,BN.CAB.XOKA.GD.ZS,1983,
JPN,BN.CAB.XOKA.GD.ZS,1982,
JPN,BN.CAB.XOKA.GD.ZS,1981,
JPN,BN.CAB.XOKA.GD.ZS,1980,
JPN,BN.CAB.XOKA.GD.ZS,1979,
JPN,BN.CAB.XOKA.GD.ZS,1978,
JPN,BN.CAB.XOKA.GD.ZS,1977,
JPN,BN.CAB.XOKA.GD.ZS,1976,
JPN,BN.CAB.XOKA.GD.ZS,1975,
JPN,BN.CAB.XOKA.GD.ZS,1974,
JPN,BN.CAB.XOKA.GD.ZS,1973,
JPN,BN.CAB.XOKA.GD.ZS,1972,
JPN,BN.CAB.XOKA.GD.ZS,1971,
JPN,BN.CAB.XOKA.GD.ZS,1970,
JPN,BN.CAB.XOKA.GD.ZS,1969,
JPN,BN.CAB.XOKA.GD.ZS,1968,
JPN,BN.CAB.XOKA.GD.ZS,1967,
JPN,BN.CAB.XOKA.GD.ZS,1966,
JPN,BN.CAB.XOKA.GD.ZS,1965,
JPN,BN.CAB.XOKA.GD.ZS,1964,
JPN,BN.CAB.XOKA.GD.ZS,1963,
JPN,BN.CAB.XOKA.GD.ZS,1962,
JPN,BN.CAB.XOKA.GD.ZS,1961,
JPN,BN.CAB.XOKA.GD.ZS,1960,
JOR,BN.CAB.XOKA.GD.ZS,2025,
JOR,BN.CAB.XOKA.GD.ZS,2024,-5.8601178450158
JOR,BN.CAB.XOKA.GD.ZS,2023,-3.57678301378854
JOR,BN.CAB.XOKA.GD.ZS,2022,-8.11220847662388
JOR,BN.CAB.XOKA.GD.ZS,2021,-8.03006219204828
JOR,BN.CAB.XOKA.GD.ZS,2020,-5.73222808631063
JOR,BN.CAB.XOKA.GD.ZS,2019,-1.73661317294453
JOR,BN.CAB.XOKA.GD.ZS,2018,-6.83122381080998
JOR,BN.CAB.XOKA.GD.ZS,2017,-10.5575150922046
JOR,BN.CAB.XOKA.GD.ZS,2016,-9.65551431813951
JOR,BN.CAB.XOKA.GD.ZS,2015,-8.99211424558985
JOR,BN.CAB.XOKA.GD.ZS,2014,-7.07786962691051
JOR,BN.CAB.XOKA.GD.ZS,2013,-10.1695840827968
JOR,BN.CAB.XOKA.GD.ZS,2012,-14.8926903748186
JOR,BN.CAB.XOKA.GD.ZS,2011,-10.0122011601875
JOR,BN.CAB.XOKA.GD.ZS,2010,-6.93580742997941
JOR,BN.CAB.XOKA.GD.ZS,2009,-5.06643525254431
JOR,BN.CAB.XOKA.GD.ZS,2008,-9.06517749543459
JOR,BN.CAB.XOKA.GD.ZS,2007,-16.800812979254
JOR,BN.CAB.XOKA.GD.ZS,2006,-11.4627147425135
JOR,BN.CAB.XOKA.GD.ZS,2005,-18.0414274312333
JOR,BN.CAB.XOKA.GD.ZS,2004,0.343467252781521
JOR,BN.CAB.XOKA.GD.ZS,2003,11.7553354258968
JOR,BN.CAB.XOKA.GD.ZS,2002,5.23147049546403
JOR,BN.CAB.XOKA.GD.ZS,2001,-0.26772984203237
JOR,BN.CAB.XOKA.GD.ZS,2000,0.325990723323388
JOR,BN.CAB.XOKA.GD.ZS,1999,4.96858937749856
JOR,BN.CAB.XOKA.GD.ZS,1998,0.178259474491068
JOR,BN.CAB.XOKA.GD.ZS,1997,0.404881941876083
JOR,BN.CAB.XOKA.GD.ZS,1996,-3.20262236338463
JOR,BN.CAB.XOKA.GD.ZS,1995,-3.84422611567063
JOR,BN.CAB.XOKA.GD.ZS,1994,-6.38176192342057
JOR,BN.CAB.XOKA.GD.ZS,1993,-11.2209373919821
JOR,BN.CAB.XOKA.GD.ZS,1992,-15.726773607147
JOR,BN.CAB.XOKA.GD.ZS,1991,-9.05843749915752
JOR,BN.CAB.XOKA.GD.ZS,1990,-5.4598359035703
JOR,BN.CAB.XOKA.GD.ZS,1989,9.11816224353517
JOR,BN.CAB.XOKA.GD.ZS,1988,-4.6790679319213
JOR,BN.CAB.XOKA.GD.ZS,1987,-5.207318880684
JOR,BN.CAB.XOKA.GD.ZS,1986,-0.621030727551152
JOR,BN.CAB.XOKA.GD.ZS,1985,-5.21616604643034
JOR,BN.CAB.XOKA.GD.ZS,1984,-5.32989808054581
JOR,BN.CAB.XOKA.GD.ZS,1983,-7.93952391692787
JOR,BN.CAB.XOKA.GD.ZS,1982,-7.10734229708519
JOR,BN.CAB.XOKA.GD.ZS,1981,-0.887844608287551
JOR,BN.CAB.XOKA.GD.ZS,1980,9.56266971930953
JOR,BN.CAB.XOKA.GD.ZS,1979,-0.197707080735771
JOR,BN.CAB.XOKA.GD.ZS,1978,-11.084479839863
JOR,BN.CAB.XOKA.GD.ZS,1977,-0.786351806460077
JOR,BN.CAB.XOKA.GD.ZS,1976,2.11565373542819
JOR,BN.CAB.XOKA.GD.ZS,1975,3.28057236757378
JOR,BN.CAB.XOKA.GD.ZS,1974,0.285196044025786
JOR,BN.CAB.XOKA.GD.ZS,1973,1.32215467517916
JOR,BN.CAB.XOKA.GD.ZS,1972,0.816760788955845
JOR,BN.CAB.XOKA.GD.ZS,1971,
JOR,BN.CAB.XOKA.GD.ZS,1970,
JOR,BN.CAB.XOKA.GD.ZS,1969,
JOR,BN.CAB.XOKA.GD.ZS,1968,
JOR,BN.CAB.XOKA.GD.ZS,1967,
JOR,BN.CAB.XOKA.GD.ZS,1966,
JOR,BN.CAB.XOKA.GD.ZS,1965,
JOR,BN.CAB.XOKA.GD.ZS,1964,
JOR,BN.CAB.XOKA.GD.ZS,1963,
JOR,BN.CAB.XOKA.GD.ZS,1962,
JOR,BN.CAB.XOKA.GD.ZS,1961,
JOR,BN.CAB.XOKA.GD.ZS,1960,
KAZ,BN.CAB.XOKA.GD.ZS,2025,
KAZ,BN.CAB.XOKA.GD.ZS,2024,-2.72248099369069
KAZ,BN.CAB.XOKA.GD.ZS,2023,-3.55769404813463
KAZ,BN.CAB.XOKA.GD.ZS,2022,2.85432700775767
KAZ,BN.CAB.XOKA.GD.ZS,2021,-1.35935671668035
KAZ,BN.CAB.XOKA.GD.ZS,2020,-6.46182057750932
KAZ,BN.CAB.XOKA.GD.ZS,2019,-3.8684220835049
KAZ,BN.CAB.XOKA.GD.ZS,2018,-0.984581633983154
KAZ,BN.CAB.XOKA.GD.ZS,2017,-2.05429721551443
KAZ,BN.CAB.XOKA.GD.ZS,2016,-5.07331546745494
KAZ,BN.CAB.XOKA.GD.ZS,2015,-5.4122312771503
KAZ,BN.CAB.XOKA.GD.ZS,2014,-1.28837366004242
KAZ,BN.CAB.XOKA.GD.ZS,2013,1.91316832797548
KAZ,BN.CAB.XOKA.GD.ZS,2012,1.26375902394522
KAZ,BN.CAB.XOKA.GD.ZS,2011,7.3030140363931
KAZ,BN.CAB.XOKA.GD.ZS,2010,1.80897140296935
KAZ,BN.CAB.XOKA.GD.ZS,2009,-0.116464485829438
KAZ,BN.CAB.XOKA.GD.ZS,2008,0.964821810457097
KAZ,BN.CAB.XOKA.GD.ZS,2007,-4.54619329218056
KAZ,BN.CAB.XOKA.GD.ZS,2006,-1.01568463503606
KAZ,BN.CAB.XOKA.GD.ZS,2005,0.627462667764142
KAZ,BN.CAB.XOKA.GD.ZS,2004,0.777323158524581
KAZ,BN.CAB.XOKA.GD.ZS,2003,-0.884199244172019
KAZ,BN.CAB.XOKA.GD.ZS,2002,-4.15780223333077
KAZ,BN.CAB.XOKA.GD.ZS,2001,-6.27245039510067
KAZ,BN.CAB.XOKA.GD.ZS,2000,2.00256762828012
KAZ,BN.CAB.XOKA.GD.ZS,1999,-1.01358457125999
KAZ,BN.CAB.XOKA.GD.ZS,1998,-5.53370867105319
KAZ,BN.CAB.XOKA.GD.ZS,1997,-3.60598416402908
KAZ,BN.CAB.XOKA.GD.ZS,1996,-3.57017932498944
KAZ,BN.CAB.XOKA.GD.ZS,1995,-1.04592536802769
KAZ,BN.CAB.XOKA.GD.ZS,1994,
KAZ,BN.CAB.XOKA.GD.ZS,1993,
KAZ,BN.CAB.XOKA.GD.ZS,1992,
KAZ,BN.CAB.XOKA.GD.ZS,1991,
KAZ,BN.CAB.XOKA.GD.ZS,1990,
KAZ,BN.CAB.XOKA.GD.ZS,1989,
KAZ,BN.CAB.XOKA.GD.ZS,1988,
KAZ,BN.CAB.XOKA.GD.ZS,1987,
KAZ,BN.CAB.XOKA.GD.ZS,1986,
KAZ,BN.CAB.XOKA.GD.ZS,1985,
KAZ,BN.CAB.XOKA.GD.ZS,1984,
KAZ,BN.CAB.XOKA.GD.ZS,1983,
KAZ,BN.CAB.XOKA.GD.ZS,1982,
KAZ,BN.CAB.XOKA.GD.ZS,1981,
KAZ,BN.CAB.XOKA.GD.ZS,1980,
KAZ,BN.CAB.XOKA.GD.ZS,1979,
KAZ,BN.CAB.XOKA.GD.ZS,1978,
KAZ,BN.CAB.XOKA.GD.ZS,1977,
KAZ,BN.CAB.XOKA.GD.ZS,1976,
KAZ,BN.CAB.XOKA.GD.ZS,1975,
KAZ,BN.CAB.XOKA.GD.ZS,1974,
KAZ,BN.CAB.XOKA.GD.ZS,1973,
KAZ,BN.CAB.XOKA.GD.ZS,1972,
KAZ,BN.CAB.XOKA.GD.ZS,1971,
KAZ,BN.CAB.XOKA.GD.ZS,1970,
KAZ,BN.CAB.XOKA.GD.ZS,1969,
KAZ,BN.CAB.XOKA.GD.ZS,1968,
KAZ,BN.CAB.XOKA.GD.ZS,1967,
KAZ,BN.CAB.XOKA.GD.ZS,1966,
KAZ,BN.CAB.XOKA.GD.ZS,1965,
KAZ,BN.CAB.XOKA.GD.ZS,1964,
KAZ,BN.CAB.XOKA.GD.ZS,1963,
KAZ,BN.CAB.XOKA.GD.ZS,1962,
KAZ,BN.CAB.XOKA.GD.ZS,1961,
KAZ,BN.CAB.XOKA.GD.ZS,1960,
KEN,BN.CAB.XOKA.GD.ZS,2025,
KEN,BN.CAB.XOKA.GD.ZS,2024,-1.28786467215559
KEN,BN.CAB.XOKA.GD.ZS,2023,-2.54552534327701
KEN,BN.CAB.XOKA.GD.ZS,2022,-4.19995258299621
KEN,BN.CAB.XOKA.GD.ZS,2021,-4.5990081153926
KEN,BN.CAB.XOKA.GD.ZS,2020,-3.26911007065289
KEN,BN.CAB.XOKA.GD.ZS,2019,-5.23852935907811
KEN,BN.CAB.XOKA.GD.ZS,2018,-5.41106679141752
KEN,BN.CAB.XOKA.GD.ZS,2017,-6.99683322084958
KEN,BN.CAB.XOKA.GD.ZS,2016,-5.3970086381703
KEN,BN.CAB.XOKA.GD.ZS,2015,-6.30459656347733
KEN,BN.CAB.XOKA.GD.ZS,2014,-9.34004850596924
KEN,BN.CAB.XOKA.GD.ZS,2013,-7.85152228564967
KEN,BN.CAB.XOKA.GD.ZS,2012,-7.47587166159348
KEN,BN.CAB.XOKA.GD.ZS,2011,-8.14880935200662
KEN,BN.CAB.XOKA.GD.ZS,2010,-5.21669389712651
KEN,BN.CAB.XOKA.GD.ZS,2009,-3.98728888063666
KEN,BN.CAB.XOKA.GD.ZS,2008,-5.52329630288282
KEN,BN.CAB.XOKA.GD.ZS,2007,-3.2293696026957
KEN,BN.CAB.XOKA.GD.ZS,2006,-1.97646990538245
KEN,BN.CAB.XOKA.GD.ZS,2005,-1.34655849731384
KEN,BN.CAB.XOKA.GD.ZS,2004,-0.818703017571567
KEN,BN.CAB.XOKA.GD.ZS,2003,0.888450320310784
KEN,BN.CAB.XOKA.GD.ZS,2002,-0.894975876340371
KEN,BN.CAB.XOKA.GD.ZS,2001,-2.46632258412886
KEN,BN.CAB.XOKA.GD.ZS,2000,-1.5693516563302
KEN,BN.CAB.XOKA.GD.ZS,1999,-18.3407041847877
KEN,BN.CAB.XOKA.GD.ZS,1998,-18.6798241248732
KEN,BN.CAB.XOKA.GD.ZS,1997,-13.6528022501099
KEN,BN.CAB.XOKA.GD.ZS,1996,-7.97941568440555
KEN,BN.CAB.XOKA.GD.ZS,1995,-17.4462157792244
KEN,BN.CAB.XOKA.GD.ZS,1994,-6.28016452471492
KEN,BN.CAB.XOKA.GD.ZS,1993,-4.55283291776748
KEN,BN.CAB.XOKA.GD.ZS,1992,-2.19456227261349
KEN,BN.CAB.XOKA.GD.ZS,1991,-2.61695502722967
KEN,BN.CAB.XOKA.GD.ZS,1990,-6.14864237117799
KEN,BN.CAB.XOKA.GD.ZS,1989,-7.12799762259634
KEN,BN.CAB.XOKA.GD.ZS,1988,-5.64053600467967
KEN,BN.CAB.XOKA.GD.ZS,1987,-6.29861597226385
KEN,BN.CAB.XOKA.GD.ZS,1986,-0.62148712074749
KEN,BN.CAB.XOKA.GD.ZS,1985,-1.87478428906863
KEN,BN.CAB.XOKA.GD.ZS,1984,-2.04946964798652
KEN,BN.CAB.XOKA.GD.ZS,1983,-0.790278464204043
KEN,BN.CAB.XOKA.GD.ZS,1982,-4.74747963662648
KEN,BN.CAB.XOKA.GD.ZS,1981,-8.1930466544504
KEN,BN.CAB.XOKA.GD.ZS,1980,-12.0608408857918
KEN,BN.CAB.XOKA.GD.ZS,1979,-7.90440383412372
KEN,BN.CAB.XOKA.GD.ZS,1978,-12.4296205460132
KEN,BN.CAB.XOKA.GD.ZS,1977,0.817248255700238
KEN,BN.CAB.XOKA.GD.ZS,1976,-3.41059003900579
KEN,BN.CAB.XOKA.GD.ZS,1975,-6.59313081216649
KEN,BN.CAB.XOKA.GD.ZS,1974,
KEN,BN.CAB.XOKA.GD.ZS,1973,
KEN,BN.CAB.XOKA.GD.ZS,1972,
KEN,BN.CAB.XOKA.GD.ZS,1971,
KEN,BN.CAB.XOKA.GD.ZS,1970,
KEN,BN.CAB.XOKA.GD.ZS,1969,
KEN,BN.CAB.XOKA.GD.ZS,1968,
KEN,BN.CAB.XOKA.GD.ZS,1967,
KEN,BN.CAB.XOKA.GD.ZS,1966,
KEN,BN.CAB.XOKA.GD.ZS,1965,
KEN,BN.CAB.XOKA.GD.ZS,1964,
KEN,BN.CAB.XOKA.GD.ZS,1963,
KEN,BN.CAB.XOKA.GD.ZS,1962,
KEN,BN.CAB.XOKA.GD.ZS,1961,
KEN,BN.CAB.XOKA.GD.ZS,1960,
KIR,BN.CAB.XOKA.GD.ZS,2025,
KIR,BN.CAB.XOKA.GD.ZS,2024,-19.3399928506289
KIR,BN.CAB.XOKA.GD.ZS,2023,-1.77290437533233
KIR,BN.CAB.XOKA.GD.ZS,2022,-12.043794492027
KIR,BN.CAB.XOKA.GD.ZS,2021,7.0991261045026
KIR,BN.CAB.XOKA.GD.ZS,2020,32.2676377469269
KIR,BN.CAB.XOKA.GD.ZS,2019,40.0111120334681
KIR,BN.CAB.XOKA.GD.ZS,2018,32.9466523843774
KIR,BN.CAB.XOKA.GD.ZS,2017,31.6324748157442
KIR,BN.CAB.XOKA.GD.ZS,2016,9.30878870504902
KIR,BN.CAB.XOKA.GD.ZS,2015,29.3632121885461
KIR,BN.CAB.XOKA.GD.ZS,2014,27.982985776712
KIR,BN.CAB.XOKA.GD.ZS,2013,-5.0222208435795
KIR,BN.CAB.XOKA.GD.ZS,2012,1.74877248462283
KIR,BN.CAB.XOKA.GD.ZS,2011,-8.8289200078583
KIR,BN.CAB.XOKA.GD.ZS,2010,0.117605372215471
KIR,BN.CAB.XOKA.GD.ZS,2009,-11.8173446051314
KIR,BN.CAB.XOKA.GD.ZS,2008,-3.56909081035611
KIR,BN.CAB.XOKA.GD.ZS,2007,-1.81771092225336
KIR,BN.CAB.XOKA.GD.ZS,2006,-8.61367209745661
KIR,BN.CAB.XOKA.GD.ZS,2005,
KIR,BN.CAB.XOKA.GD.ZS,2004,
KIR,BN.CAB.XOKA.GD.ZS,2003,
KIR,BN.CAB.XOKA.GD.ZS,2002,
KIR,BN.CAB.XOKA.GD.ZS,2001,
KIR,BN.CAB.XOKA.GD.ZS,2000,
KIR,BN.CAB.XOKA.GD.ZS,1999,
KIR,BN.CAB.XOKA.GD.ZS,1998,
KIR,BN.CAB.XOKA.GD.ZS,1997,
KIR,BN.CAB.XOKA.GD.ZS,1996,
KIR,BN.CAB.XOKA.GD.ZS,1995,
KIR,BN.CAB.XOKA.GD.ZS,1994,2.06182219966958
KIR,BN.CAB.XOKA.GD.ZS,1993,-6.963508768692
KIR,BN.CAB.XOKA.GD.ZS,1992,-14.7892704236316
KIR,BN.CAB.XOKA.GD.ZS,1991,10.3924126039196
KIR,BN.CAB.XOKA.GD.ZS,1990,-25.1460915946715
KIR,BN.CAB.XOKA.GD.ZS,1989,-4.08350643146118
KIR,BN.CAB.XOKA.GD.ZS,1988,-4.79656753718153
KIR,BN.CAB.XOKA.GD.ZS,1987,-11.1516446025454
KIR,BN.CAB.XOKA.GD.ZS,1986,-10.106758834423
KIR,BN.CAB.XOKA.GD.ZS,1985,-6.57033565578351
KIR,BN.CAB.XOKA.GD.ZS,1984,34.9196679522013
KIR,BN.CAB.XOKA.GD.ZS,1983,15.6606576795186
KIR,BN.CAB.XOKA.GD.ZS,1982,-8.10723145788126
KIR,BN.CAB.XOKA.GD.ZS,1981,-10.1530505836027
KIR,BN.CAB.XOKA.GD.ZS,1980,7.3006781637855
KIR,BN.CAB.XOKA.GD.ZS,1979,60.4315826712384
KIR,BN.CAB.XOKA.GD.ZS,1978,
KIR,BN.CAB.XOKA.GD.ZS,1977,
KIR,BN.CAB.XOKA.GD.ZS,1976,
KIR,BN.CAB.XOKA.GD.ZS,1975,
KIR,BN.CAB.XOKA.GD.ZS,1974,
KIR,BN.CAB.XOKA.GD.ZS,1973,
KIR,BN.CAB.XOKA.GD.ZS,1972,
KIR,BN.CAB.XOKA.GD.ZS,1971,
KIR,BN.CAB.XOKA.GD.ZS,1970,
KIR,BN.CAB.XOKA.GD.ZS,1969,
KIR,BN.CAB.XOKA.GD.ZS,1968,
KIR,BN.CAB.XOKA.GD.ZS,1967,
KIR,BN.CAB.XOKA.GD.ZS,1966,
KIR,BN.CAB.XOKA.GD.ZS,1965,
KIR,BN.CAB.XOKA.GD.ZS,1964,
KIR,BN.CAB.XOKA.GD.ZS,1963,
KIR,BN.CAB.XOKA.GD.ZS,1962,
KIR,BN.CAB.XOKA.GD.ZS,1961,
KIR,BN.CAB.XOKA.GD.ZS,1960,
PRK,BN.CAB.XOKA.GD.ZS,2025,
PRK,BN.CAB.XOKA.GD.ZS,2024,
PRK,BN.CAB.XOKA.GD.ZS,2023,
PRK,BN.CAB.XOKA.GD.ZS,2022,
PRK,BN.CAB.XOKA.GD.ZS,2021,
PRK,BN.CAB.XOKA.GD.ZS,2020,
PRK,BN.CAB.XOKA.GD.ZS,2019,
PRK,BN.CAB.XOKA.GD.ZS,2018,
PRK,BN.CAB.XOKA.GD.ZS,2017,
PRK,BN.CAB.XOKA.GD.ZS,2016,
PRK,BN.CAB.XOKA.GD.ZS,2015,
PRK,BN.CAB.XOKA.GD.ZS,2014,
PRK,BN.CAB.XOKA.GD.ZS,2013,
PRK,BN.CAB.XOKA.GD.ZS,2012,
PRK,BN.CAB.XOKA.GD.ZS,2011,
PRK,BN.CAB.XOKA.GD.ZS,2010,
PRK,BN.CAB.XOKA.GD.ZS,2009,
PRK,BN.CAB.XOKA.GD.ZS,2008,
PRK,BN.CAB.XOKA.GD.ZS,2007,
PRK,BN.CAB.XOKA.GD.ZS,2006,
PRK,BN.CAB.XOKA.GD.ZS,2005,
PRK,BN.CAB.XOKA.GD.ZS,2004,
PRK,BN.CAB.XOKA.GD.ZS,2003,
PRK,BN.CAB.XOKA.GD.ZS,2002,
PRK,BN.CAB.XOKA.GD.ZS,2001,
PRK,BN.CAB.XOKA.GD.ZS,2000,
PRK,BN.CAB.XOKA.GD.ZS,1999,
PRK,BN.CAB.XOKA.GD.ZS,1998,
PRK,BN.CAB.XOKA.GD.ZS,1997,
PRK,BN.CAB.XOKA.GD.ZS,1996,
PRK,BN.CAB.XOKA.GD.ZS,1995,
PRK,BN.CAB.XOKA.GD.ZS,1994,
PRK,BN.CAB.XOKA.GD.ZS,1993,
PRK,BN.CAB.XOKA.GD.ZS,1992,
PRK,BN.CAB.XOKA.GD.ZS,1991,
PRK,BN.CAB.XOKA.GD.ZS,1990,
PRK,BN.CAB.XOKA.GD.ZS,1989,
PRK,BN.CAB.XOKA.GD.ZS,1988,
PRK,BN.CAB.XOKA.GD.ZS,1987,
PRK,BN.CAB.XOKA.GD.ZS,1986,
PRK,BN.CAB.XOKA.GD.ZS,1985,
PRK,BN.CAB.XOKA.GD.ZS,1984,
PRK,BN.CAB.XOKA.GD.ZS,1983,
PRK,BN.CAB.XOKA.GD.ZS,1982,
PRK,BN.CAB.XOKA.GD.ZS,1981,
PRK,BN.CAB.XOKA.GD.ZS,1980,
PRK,BN.CAB.XOKA.GD.ZS,1979,
PRK,BN.CAB.XOKA.GD.ZS,1978,
PRK,BN.CAB.XOKA.GD.ZS,1977,
PRK,BN.CAB.XOKA.GD.ZS,1976,
PRK,BN.CAB.XOKA.GD.ZS,1975,
PRK,BN.CAB.XOKA.GD.ZS,1974,
PRK,BN.CAB.XOKA.GD.ZS,1973,
PRK,BN.CAB.XOKA.GD.ZS,1972,
PRK,BN.CAB.XOKA.GD.ZS,1971,
PRK,BN.CAB.XOKA.GD.ZS,1970,
PRK,BN.CAB.XOKA.GD.ZS,1969,
PRK,BN.CAB.XOKA.GD.ZS,1968,
PRK,BN.CAB.XOKA.GD.ZS,1967,
PRK,BN.CAB.XOKA.GD.ZS,1966,
PRK,BN.CAB.XOKA.GD.ZS,1965,
PRK,BN.CAB.XOKA.GD.ZS,1964,
PRK,BN.CAB.XOKA.GD.ZS,1963,
PRK,BN.CAB.XOKA.GD.ZS,1962,
PRK,BN.CAB.XOKA.GD.ZS,1961,
PRK,BN.CAB.XOKA.GD.ZS,1960,
KOR,BN.CAB.XOKA.GD.ZS,2025,
KOR,BN.CAB.XOKA.GD.ZS,2024,5.28119455498379
KOR,BN.CAB.XOKA.GD.ZS,2023,1.77914588984233
KOR,BN.CAB.XOKA.GD.ZS,2022,1.43543011179305
KOR,BN.CAB.XOKA.GD.ZS,2021,4.38797327644752
KOR,BN.CAB.XOKA.GD.ZS,2020,4.35201499780346
KOR,BN.CAB.XOKA.GD.ZS,2019,3.40802631398853
KOR,BN.CAB.XOKA.GD.ZS,2018,4.24648147146115
KOR,BN.CAB.XOKA.GD.ZS,2017,4.39896168114518
KOR,BN.CAB.XOKA.GD.ZS,2016,6.20103649558332
KOR,BN.CAB.XOKA.GD.ZS,2015,6.82937629347486
KOR,BN.CAB.XOKA.GD.ZS,2014,5.33522703805369
KOR,BN.CAB.XOKA.GD.ZS,2013,5.38513504027402
KOR,BN.CAB.XOKA.GD.ZS,2012,3.65378622367594
KOR,BN.CAB.XOKA.GD.ZS,2011,1.27290610804572
KOR,BN.CAB.XOKA.GD.ZS,2010,2.34320897623578
KOR,BN.CAB.XOKA.GD.ZS,2009,3.36575830090763
KOR,BN.CAB.XOKA.GD.ZS,2008,0.160592800145373
KOR,BN.CAB.XOKA.GD.ZS,2007,0.857760495298849
KOR,BN.CAB.XOKA.GD.ZS,2006,0.191275272898578
KOR,BN.CAB.XOKA.GD.ZS,2005,1.25636444462509
KOR,BN.CAB.XOKA.GD.ZS,2004,3.55783305096389
KOR,BN.CAB.XOKA.GD.ZS,2003,1.55223664563709
KOR,BN.CAB.XOKA.GD.ZS,2002,0.625539996245813
KOR,BN.CAB.XOKA.GD.ZS,2001,0.381489475071825
KOR,BN.CAB.XOKA.GD.ZS,2000,1.7039361599544
KOR,BN.CAB.XOKA.GD.ZS,1999,4.22430160551507
KOR,BN.CAB.XOKA.GD.ZS,1998,10.0964211010999
KOR,BN.CAB.XOKA.GD.ZS,1997,-1.83493782106041
KOR,BN.CAB.XOKA.GD.ZS,1996,-3.87535195507046
KOR,BN.CAB.XOKA.GD.ZS,1995,-1.74482962406712
KOR,BN.CAB.XOKA.GD.ZS,1994,-1.00035102707401
KOR,BN.CAB.XOKA.GD.ZS,1993,0.416090198515083
KOR,BN.CAB.XOKA.GD.ZS,1992,-0.79068728488668
KOR,BN.CAB.XOKA.GD.ZS,1991,-2.35688840135155
KOR,BN.CAB.XOKA.GD.ZS,1990,-0.960131298063108
KOR,BN.CAB.XOKA.GD.ZS,1989,1.4814567561526
KOR,BN.CAB.XOKA.GD.ZS,1988,6.20880539221146
KOR,BN.CAB.XOKA.GD.ZS,1987,5.7985267829479
KOR,BN.CAB.XOKA.GD.ZS,1986,2.30248645673297
KOR,BN.CAB.XOKA.GD.ZS,1985,-2.00386874397687
KOR,BN.CAB.XOKA.GD.ZS,1984,-1.76020676408469
KOR,BN.CAB.XOKA.GD.ZS,1983,-3.91157413030126
KOR,BN.CAB.XOKA.GD.ZS,1982,-6.93444672324796
KOR,BN.CAB.XOKA.GD.ZS,1981,-8.64467293073186
KOR,BN.CAB.XOKA.GD.ZS,1980,-10.2858133222342
KOR,BN.CAB.XOKA.GD.ZS,1979,-6.09689068540874
KOR,BN.CAB.XOKA.GD.ZS,1978,-2.05395976094371
KOR,BN.CAB.XOKA.GD.ZS,1977,0.0307184564610307
KOR,BN.CAB.XOKA.GD.ZS,1976,-1.02070804647746
KOR,BN.CAB.XOKA.GD.ZS,1975,
KOR,BN.CAB.XOKA.GD.ZS,1974,
KOR,BN.CAB.XOKA.GD.ZS,1973,
KOR,BN.CAB.XOKA.GD.ZS,1972,
KOR,BN.CAB.XOKA.GD.ZS,1971,
KOR,BN.CAB.XOKA.GD.ZS,1970,
KOR,BN.CAB.XOKA.GD.ZS,1969,
KOR,BN.CAB.XOKA.GD.ZS,1968,
KOR,BN.CAB.XOKA.GD.ZS,1967,
KOR,BN.CAB.XOKA.GD.ZS,1966,
KOR,BN.CAB.XOKA.GD.ZS,1965,
KOR,BN.CAB.XOKA.GD.ZS,1964,
KOR,BN.CAB.XOKA.GD.ZS,1963,
KOR,BN.CAB.XOKA.GD.ZS,1962,
KOR,BN.CAB.XOKA.GD.ZS,1961,
KOR,BN.CAB.XOKA.GD.ZS,1960,
XKX,BN.CAB.XOKA.GD.ZS,2025,
XKX,BN.CAB.XOKA.GD.ZS,2024,-8.32777389320408
XKX,BN.CAB.XOKA.GD.ZS,2023,-7.18495684396571
XKX,BN.CAB.XOKA.GD.ZS,2022,-9.42387368388759
XKX,BN.CAB.XOKA.GD.ZS,2021,-8.69345602347644
XKX,BN.CAB.XOKA.GD.ZS,2020,-7.01174366167442
XKX,BN.CAB.XOKA.GD.ZS,2019,-5.66136358206669
XKX,BN.CAB.XOKA.GD.ZS,2018,-7.62173338741322
XKX,BN.CAB.XOKA.GD.ZS,2017,-5.26347862180785
XKX,BN.CAB.XOKA.GD.ZS,2016,-7.93442547946961
XKX,BN.CAB.XOKA.GD.ZS,2015,-8.69442568888461
XKX,BN.CAB.XOKA.GD.ZS,2014,-7.09051727977764
XKX,BN.CAB.XOKA.GD.ZS,2013,-3.58059218169538
XKX,BN.CAB.XOKA.GD.ZS,2012,-6.16059038170407
XKX,BN.CAB.XOKA.GD.ZS,2011,-13.3320955733887
XKX,BN.CAB.XOKA.GD.ZS,2010,-12.6780403682768
XKX,BN.CAB.XOKA.GD.ZS,2009,-10.4146462103522
XKX,BN.CAB.XOKA.GD.ZS,2008,-13.0828394502642
XKX,BN.CAB.XOKA.GD.ZS,2007,
XKX,BN.CAB.XOKA.GD.ZS,2006,
XKX,BN.CAB.XOKA.GD.ZS,2005,
XKX,BN.CAB.XOKA.GD.ZS,2004,
XKX,BN.CAB.XOKA.GD.ZS,2003,
XKX,BN.CAB.XOKA.GD.ZS,2002,
XKX,BN.CAB.XOKA.GD.ZS,2001,
XKX,BN.CAB.XOKA.GD.ZS,2000,
XKX,BN.CAB.XOKA.GD.ZS,1999,
XKX,BN.CAB.XOKA.GD.ZS,1998,
XKX,BN.CAB.XOKA.GD.ZS,1997,
XKX,BN.CAB.XOKA.GD.ZS,1996,
XKX,BN.CAB.XOKA.GD.ZS,1995,
XKX,BN.CAB.XOKA.GD.ZS,1994,
XKX,BN.CAB.XOKA.GD.ZS,1993,
XKX,BN.CAB.XOKA.GD.ZS,1992,
XKX,BN.CAB.XOKA.GD.ZS,1991,
XKX,BN.CAB.XOKA.GD.ZS,1990,
XKX,BN.CAB.XOKA.GD.ZS,1989,
XKX,BN.CAB.XOKA.GD.ZS,1988,
XKX,BN.CAB.XOKA.GD.ZS,1987,
XKX,BN.CAB.XOKA.GD.ZS,1986,
XKX,BN.CAB.XOKA.GD.ZS,1985,
XKX,BN.CAB.XOKA.GD.ZS,1984,
XKX,BN.CAB.XOKA.GD.ZS,1983,
XKX,BN.CAB.XOKA.GD.ZS,1982,
XKX,BN.CAB.XOKA.GD.ZS,1981,
XKX,BN.CAB.XOKA.GD.ZS,1980,
XKX,BN.CAB.XOKA.GD.ZS,1979,
XKX,BN.CAB.XOKA.GD.ZS,1978,
XKX,BN.CAB.XOKA.GD.ZS,1977,
XKX,BN.CAB.XOKA.GD.ZS,1976,
XKX,BN.CAB.XOKA.GD.ZS,1975,
XKX,BN.CAB.XOKA.GD.ZS,1974,
XKX,BN.CAB.XOKA.GD.ZS,1973,
XKX,BN.CAB.XOKA.GD.ZS,1972,
XKX,BN.CAB.XOKA.GD.ZS,1971,
XKX,BN.CAB.XOKA.GD.ZS,1970,
XKX,BN.CAB.XOKA.GD.ZS,1969,
XKX,BN.CAB.XOKA.GD.ZS,1968,
XKX,BN.CAB.XOKA.GD.ZS,1967,
XKX,BN.CAB.XOKA.GD.ZS,1966,
XKX,BN.CAB.XOKA.GD.ZS,1965,
XKX,BN.CAB.XOKA.GD.ZS,1964,
XKX,BN.CAB.XOKA.GD.ZS,1963,
XKX,BN.CAB.XOKA.GD.ZS,1962,
XKX,BN.CAB.XOKA.GD.ZS,1961,
XKX,BN.CAB.XOKA.GD.ZS,1960,
KWT,BN.CAB.XOKA.GD.ZS,2025,
KWT,BN.CAB.XOKA.GD.ZS,2024,29.1477215761544
KWT,BN.CAB.XOKA.GD.ZS,2023,31.0767853305341
KWT,BN.CAB.XOKA.GD.ZS,2022,34.3743300781264
KWT,BN.CAB.XOKA.GD.ZS,2021,23.5545486012365
KWT,BN.CAB.XOKA.GD.ZS,2020,19.8384588490022
KWT,BN.CAB.XOKA.GD.ZS,2019,21.4792265638836
KWT,BN.CAB.XOKA.GD.ZS,2018,17.3456575415953
KWT,BN.CAB.XOKA.GD.ZS,2017,6.42748123295125
KWT,BN.CAB.XOKA.GD.ZS,2016,0.58653284348405
KWT,BN.CAB.XOKA.GD.ZS,2015,7.49155631840308
KWT,BN.CAB.XOKA.GD.ZS,2014,33.179075871217
KWT,BN.CAB.XOKA.GD.ZS,2013,39.89983649926
KWT,BN.CAB.XOKA.GD.ZS,2012,45.4600006397631
KWT,BN.CAB.XOKA.GD.ZS,2011,42.9408981326278
KWT,BN.CAB.XOKA.GD.ZS,2010,32.0485537270105
KWT,BN.CAB.XOKA.GD.ZS,2009,27.3403414829885
KWT,BN.CAB.XOKA.GD.ZS,2008,40.8735629968813
KWT,BN.CAB.XOKA.GD.ZS,2007,36.0539760535066
KWT,BN.CAB.XOKA.GD.ZS,2006,44.6169422787983
KWT,BN.CAB.XOKA.GD.ZS,2005,37.2166556465421
KWT,BN.CAB.XOKA.GD.ZS,2004,26.0905307506551
KWT,BN.CAB.XOKA.GD.ZS,2003,19.6850434098774
KWT,BN.CAB.XOKA.GD.ZS,2002,11.1829070467622
KWT,BN.CAB.XOKA.GD.ZS,2001,23.8570352760579
KWT,BN.CAB.XOKA.GD.ZS,2000,38.8987849354702
KWT,BN.CAB.XOKA.GD.ZS,1999,16.630878544242
KWT,BN.CAB.XOKA.GD.ZS,1998,8.53728953848275
KWT,BN.CAB.XOKA.GD.ZS,1997,26.1440180437648
KWT,BN.CAB.XOKA.GD.ZS,1996,22.5684646842298
KWT,BN.CAB.XOKA.GD.ZS,1995,18.4498379359756
KWT,BN.CAB.XOKA.GD.ZS,1994,13.0515355244685
KWT,BN.CAB.XOKA.GD.ZS,1993,10.4366799041399
KWT,BN.CAB.XOKA.GD.ZS,1992,-2.26688110960001
KWT,BN.CAB.XOKA.GD.ZS,1991,-240.494965882048
KWT,BN.CAB.XOKA.GD.ZS,1990,21.0889314375459
KWT,BN.CAB.XOKA.GD.ZS,1989,37.5757201996047
KWT,BN.CAB.XOKA.GD.ZS,1988,22.240678857889
KWT,BN.CAB.XOKA.GD.ZS,1987,20.3903662882294
KWT,BN.CAB.XOKA.GD.ZS,1986,31.367701374047
KWT,BN.CAB.XOKA.GD.ZS,1985,22.3722825469933
KWT,BN.CAB.XOKA.GD.ZS,1984,29.6206682856126
KWT,BN.CAB.XOKA.GD.ZS,1983,25.4461579330249
KWT,BN.CAB.XOKA.GD.ZS,1982,23.002753424156
KWT,BN.CAB.XOKA.GD.ZS,1981,54.6679741493517
KWT,BN.CAB.XOKA.GD.ZS,1980,53.4297058874726
KWT,BN.CAB.XOKA.GD.ZS,1979,56.6975490231362
KWT,BN.CAB.XOKA.GD.ZS,1978,39.5375920681721
KWT,BN.CAB.XOKA.GD.ZS,1977,32.2612487917373
KWT,BN.CAB.XOKA.GD.ZS,1976,52.7644638846263
KWT,BN.CAB.XOKA.GD.ZS,1975,49.3260103187056
KWT,BN.CAB.XOKA.GD.ZS,1974,
KWT,BN.CAB.XOKA.GD.ZS,1973,
KWT,BN.CAB.XOKA.GD.ZS,1972,
KWT,BN.CAB.XOKA.GD.ZS,1971,
KWT,BN.CAB.XOKA.GD.ZS,1970,
KWT,BN.CAB.XOKA.GD.ZS,1969,
KWT,BN.CAB.XOKA.GD.ZS,1968,
KWT,BN.CAB.XOKA.GD.ZS,1967,
KWT,BN.CAB.XOKA.GD.ZS,1966,
KWT,BN.CAB.XOKA.GD.ZS,1965,
KWT,BN.CAB.XOKA.GD.ZS,1964,
KWT,BN.CAB.XOKA.GD.ZS,1963,
KWT,BN.CAB.XOKA.GD.ZS,1962,
KWT,BN.CAB.XOKA.GD.ZS,1961,
KWT,BN.CAB.XOKA.GD.ZS,1960,
KGZ,BN.CAB.XOKA.GD.ZS,2025,
KGZ,BN.CAB.XOKA.GD.ZS,2024,
KGZ,BN.CAB.XOKA.GD.ZS,2023,
KGZ,BN.CAB.XOKA.GD.ZS,2022,-42.683633961771
KGZ,BN.CAB.XOKA.GD.ZS,2021,-7.97583742281609
KGZ,BN.CAB.XOKA.GD.ZS,2020,4.52522127933728
KGZ,BN.CAB.XOKA.GD.ZS,2019,-11.3840798908834
KGZ,BN.CAB.XOKA.GD.ZS,2018,-11.6275560440076
KGZ,BN.CAB.XOKA.GD.ZS,2017,-6.95269622627314
KGZ,BN.CAB.XOKA.GD.ZS,2016,-11.628233310749
KGZ,BN.CAB.XOKA.GD.ZS,2015,-15.7592478411185
KGZ,BN.CAB.XOKA.GD.ZS,2014,-17.4244156605429
KGZ,BN.CAB.XOKA.GD.ZS,2013,-13.7754189892496
KGZ,BN.CAB.XOKA.GD.ZS,2012,-15.5252325924145
KGZ,BN.CAB.XOKA.GD.ZS,2011,-7.69730261933363
KGZ,BN.CAB.XOKA.GD.ZS,2010,-9.89833859355209
KGZ,BN.CAB.XOKA.GD.ZS,2009,-4.31423765842019
KGZ,BN.CAB.XOKA.GD.ZS,2008,-13.8763673181829
KGZ,BN.CAB.XOKA.GD.ZS,2007,-5.98595362572479
KGZ,BN.CAB.XOKA.GD.ZS,2006,-10.0953913600934
KGZ,BN.CAB.XOKA.GD.ZS,2005,-1.52182901572015
KGZ,BN.CAB.XOKA.GD.ZS,2004,1.32375512838834
KGZ,BN.CAB.XOKA.GD.ZS,2003,-2.19733510264456
KGZ,BN.CAB.XOKA.GD.ZS,2002,-1.82590999500267
KGZ,BN.CAB.XOKA.GD.ZS,2001,-1.2453482434873
KGZ,BN.CAB.XOKA.GD.ZS,2000,-5.55490834350205
KGZ,BN.CAB.XOKA.GD.ZS,1999,-14.7114078976096
KGZ,BN.CAB.XOKA.GD.ZS,1998,-22.1096826975893
KGZ,BN.CAB.XOKA.GD.ZS,1997,-7.83516136995408
KGZ,BN.CAB.XOKA.GD.ZS,1996,-23.2415099703837
KGZ,BN.CAB.XOKA.GD.ZS,1995,-14.1298148219336
KGZ,BN.CAB.XOKA.GD.ZS,1994,-4.9931594909811
KGZ,BN.CAB.XOKA.GD.ZS,1993,-4.32345348579752
KGZ,BN.CAB.XOKA.GD.ZS,1992,
KGZ,BN.CAB.XOKA.GD.ZS,1991,
KGZ,BN.CAB.XOKA.GD.ZS,1990,
KGZ,BN.CAB.XOKA.GD.ZS,1989,
KGZ,BN.CAB.XOKA.GD.ZS,1988,
KGZ,BN.CAB.XOKA.GD.ZS,1987,
KGZ,BN.CAB.XOKA.GD.ZS,1986,
KGZ,BN.CAB.XOKA.GD.ZS,1985,
KGZ,BN.CAB.XOKA.GD.ZS,1984,
KGZ,BN.CAB.XOKA.GD.ZS,1983,
KGZ,BN.CAB.XOKA.GD.ZS,1982,
KGZ,BN.CAB.XOKA.GD.ZS,1981,
KGZ,BN.CAB.XOKA.GD.ZS,1980,
KGZ,BN.CAB.XOKA.GD.ZS,1979,
KGZ,BN.CAB.XOKA.GD.ZS,1978,
KGZ,BN.CAB.XOKA.GD.ZS,1977,
KGZ,BN.CAB.XOKA.GD.ZS,1976,
KGZ,BN.CAB.XOKA.GD.ZS,1975,
KGZ,BN.CAB.XOKA.GD.ZS,1974,
KGZ,BN.CAB.XOKA.GD.ZS,1973,
KGZ,BN.CAB.XOKA.GD.ZS,1972,
KGZ,BN.CAB.XOKA.GD.ZS,1971,
KGZ,BN.CAB.XOKA.GD.ZS,1970,
KGZ,BN.CAB.XOKA.GD.ZS,1969,
KGZ,BN.CAB.XOKA.GD.ZS,1968,
KGZ,BN.CAB.XOKA.GD.ZS,1967,
KGZ,BN.CAB.XOKA.GD.ZS,1966,
KGZ,BN.CAB.XOKA.GD.ZS,1965,
KGZ,BN.CAB.XOKA.GD.ZS,1964,
KGZ,BN.CAB.XOKA.GD.ZS,1963,
KGZ,BN.CAB.XOKA.GD.ZS,1962,
KGZ,BN.CAB.XOKA.GD.ZS,1961,
KGZ,BN.CAB.XOKA.GD.ZS,1960,
LAO,BN.CAB.XOKA.GD.ZS,2025,
LAO,BN.CAB.XOKA.GD.ZS,2024,3.21986797869176
LAO,BN.CAB.XOKA.GD.ZS,2023,2.55329592767602
LAO,BN.CAB.XOKA.GD.ZS,2022,-2.96567805589964
LAO,BN.CAB.XOKA.GD.ZS,2021,2.29262780940357
LAO,BN.CAB.XOKA.GD.ZS,2020,-1.60378619154944
LAO,BN.CAB.XOKA.GD.ZS,2019,-7.04124343564555
LAO,BN.CAB.XOKA.GD.ZS,2018,-9.08923603390851
LAO,BN.CAB.XOKA.GD.ZS,2017,-7.37970657985848
LAO,BN.CAB.XOKA.GD.ZS,2016,-8.70356040600564
LAO,BN.CAB.XOKA.GD.ZS,2015,-15.7184889292204
LAO,BN.CAB.XOKA.GD.ZS,2014,-14.4922715355556
LAO,BN.CAB.XOKA.GD.ZS,2013,-7.82702813174138
LAO,BN.CAB.XOKA.GD.ZS,2012,-7.33751463250306
LAO,BN.CAB.XOKA.GD.ZS,2011,-2.35798203498442
LAO,BN.CAB.XOKA.GD.ZS,2010,0.410966616116085
LAO,BN.CAB.XOKA.GD.ZS,2009,-1.04359478297296
LAO,BN.CAB.XOKA.GD.ZS,2008,1.42375423290882
LAO,BN.CAB.XOKA.GD.ZS,2007,3.30099767237269
LAO,BN.CAB.XOKA.GD.ZS,2006,2.17967841617852
LAO,BN.CAB.XOKA.GD.ZS,2005,-6.35287280117623
LAO,BN.CAB.XOKA.GD.ZS,2004,-7.53199402235116
LAO,BN.CAB.XOKA.GD.ZS,2003,-1.46818009608596
LAO,BN.CAB.XOKA.GD.ZS,2002,0.47045153495805
LAO,BN.CAB.XOKA.GD.ZS,2001,-3.80683721990308
LAO,BN.CAB.XOKA.GD.ZS,2000,-0.489256566266576
LAO,BN.CAB.XOKA.GD.ZS,1999,6.16736181031808
LAO,BN.CAB.XOKA.GD.ZS,1998,-5.97573225268029
LAO,BN.CAB.XOKA.GD.ZS,1997,-11.791562783936
LAO,BN.CAB.XOKA.GD.ZS,1996,-14.1486911060263
LAO,BN.CAB.XOKA.GD.ZS,1995,-13.4218955056777
LAO,BN.CAB.XOKA.GD.ZS,1994,-10.384772031231
LAO,BN.CAB.XOKA.GD.ZS,1993,-2.68876183212059
LAO,BN.CAB.XOKA.GD.ZS,1992,-4.29151462766678
LAO,BN.CAB.XOKA.GD.ZS,1991,-2.87913104687604
LAO,BN.CAB.XOKA.GD.ZS,1990,-6.34271542692465
LAO,BN.CAB.XOKA.GD.ZS,1989,-11.3858079888182
LAO,BN.CAB.XOKA.GD.ZS,1988,-12.9724581509389
LAO,BN.CAB.XOKA.GD.ZS,1987,-12.7015006193479
LAO,BN.CAB.XOKA.GD.ZS,1986,-6.25266590527999
LAO,BN.CAB.XOKA.GD.ZS,1985,-4.81690151247769
LAO,BN.CAB.XOKA.GD.ZS,1984,-6.91463415116002
LAO,BN.CAB.XOKA.GD.ZS,1983,
LAO,BN.CAB.XOKA.GD.ZS,1982,
LAO,BN.CAB.XOKA.GD.ZS,1981,
LAO,BN.CAB.XOKA.GD.ZS,1980,
LAO,BN.CAB.XOKA.GD.ZS,1979,
LAO,BN.CAB.XOKA.GD.ZS,1978,
LAO,BN.CAB.XOKA.GD.ZS,1977,
LAO,BN.CAB.XOKA.GD.ZS,1976,
LAO,BN.CAB.XOKA.GD.ZS,1975,
LAO,BN.CAB.XOKA.GD.ZS,1974,
LAO,BN.CAB.XOKA.GD.ZS,1973,
LAO,BN.CAB.XOKA.GD.ZS,1972,
LAO,BN.CAB.XOKA.GD.ZS,1971,
LAO,BN.CAB.XOKA.GD.ZS,1970,
LAO,BN.CAB.XOKA.GD.ZS,1969,
LAO,BN.CAB.XOKA.GD.ZS,1968,
LAO,BN.CAB.XOKA.GD.ZS,1967,
LAO,BN.CAB.XOKA.GD.ZS,1966,
LAO,BN.CAB.XOKA.GD.ZS,1965,
LAO,BN.CAB.XOKA.GD.ZS,1964,
LAO,BN.CAB.XOKA.GD.ZS,1963,
LAO,BN.CAB.XOKA.GD.ZS,1962,
LAO,BN.CAB.XOKA.GD.ZS,1961,
LAO,BN.CAB.XOKA.GD.ZS,1960,
LVA,BN.CAB.XOKA.GD.ZS,2025,
LVA,BN.CAB.XOKA.GD.ZS,2024,-1.57465157670388
LVA,BN.CAB.XOKA.GD.ZS,2023,-3.88711545837933
LVA,BN.CAB.XOKA.GD.ZS,2022,-5.47922926578536
LVA,BN.CAB.XOKA.GD.ZS,2021,-4.13643816293471
LVA,BN.CAB.XOKA.GD.ZS,2020,3.09270300452461
LVA,BN.CAB.XOKA.GD.ZS,2019,-0.173662933662394
LVA,BN.CAB.XOKA.GD.ZS,2018,-0.384114199278582
LVA,BN.CAB.XOKA.GD.ZS,2017,1.53282603585065
LVA,BN.CAB.XOKA.GD.ZS,2016,1.75657365769608
LVA,BN.CAB.XOKA.GD.ZS,2015,-0.126358311809163
LVA,BN.CAB.XOKA.GD.ZS,2014,-1.54126838976541
LVA,BN.CAB.XOKA.GD.ZS,2013,-2.8855289884358
LVA,BN.CAB.XOKA.GD.ZS,2012,-3.86974112964083
LVA,BN.CAB.XOKA.GD.ZS,2011,-3.55024462389464
LVA,BN.CAB.XOKA.GD.ZS,2010,1.75850166439734
LVA,BN.CAB.XOKA.GD.ZS,2009,8.01439427957829
LVA,BN.CAB.XOKA.GD.ZS,2008,-13.1348906245122
LVA,BN.CAB.XOKA.GD.ZS,2007,-21.8446033162048
LVA,BN.CAB.XOKA.GD.ZS,2006,-22.1217320133029
LVA,BN.CAB.XOKA.GD.ZS,2005,-12.1765171311226
LVA,BN.CAB.XOKA.GD.ZS,2004,-12.1485756630769
LVA,BN.CAB.XOKA.GD.ZS,2003,-7.55280447496837
LVA,BN.CAB.XOKA.GD.ZS,2002,-5.65255950802705
LVA,BN.CAB.XOKA.GD.ZS,2001,-6.11482755314462
LVA,BN.CAB.XOKA.GD.ZS,2000,-3.74561890268537
LVA,BN.CAB.XOKA.GD.ZS,1999,-8.93340754196004
LVA,BN.CAB.XOKA.GD.ZS,1998,-9.31305535970457
LVA,BN.CAB.XOKA.GD.ZS,1997,-5.43416067620327
LVA,BN.CAB.XOKA.GD.ZS,1996,-4.82428958681789
LVA,BN.CAB.XOKA.GD.ZS,1995,-0.288220368032761
LVA,BN.CAB.XOKA.GD.ZS,1994,
LVA,BN.CAB.XOKA.GD.ZS,1993,
LVA,BN.CAB.XOKA.GD.ZS,1992,
LVA,BN.CAB.XOKA.GD.ZS,1991,
LVA,BN.CAB.XOKA.GD.ZS,1990,
LVA,BN.CAB.XOKA.GD.ZS,1989,
LVA,BN.CAB.XOKA.GD.ZS,1988,
LVA,BN.CAB.XOKA.GD.ZS,1987,
LVA,BN.CAB.XOKA.GD.ZS,1986,
LVA,BN.CAB.XOKA.GD.ZS,1985,
LVA,BN.CAB.XOKA.GD.ZS,1984,
LVA,BN.CAB.XOKA.GD.ZS,1983,
LVA,BN.CAB.XOKA.GD.ZS,1982,
LVA,BN.CAB.XOKA.GD.ZS,1981,
LVA,BN.CAB.XOKA.GD.ZS,1980,
LVA,BN.CAB.XOKA.GD.ZS,1979,
LVA,BN.CAB.XOKA.GD.ZS,1978,
LVA,BN.CAB.XOKA.GD.ZS,1977,
LVA,BN.CAB.XOKA.GD.ZS,1976,
LVA,BN.CAB.XOKA.GD.ZS,1975,
LVA,BN.CAB.XOKA.GD.ZS,1974,
LVA,BN.CAB.XOKA.GD.ZS,1973,
LVA,BN.CAB.XOKA.GD.ZS,1972,
LVA,BN.CAB.XOKA.GD.ZS,1971,
LVA,BN.CAB.XOKA.GD.ZS,1970,
LVA,BN.CAB.XOKA.GD.ZS,1969,
LVA,BN.CAB.XOKA.GD.ZS,1968,
LVA,BN.CAB.XOKA.GD.ZS,1967,
LVA,BN.CAB.XOKA.GD.ZS,1966,
LVA,BN.CAB.XOKA.GD.ZS,1965,
LVA,BN.CAB.XOKA.GD.ZS,1964,
LVA,BN.CAB.XOKA.GD.ZS,1963,
LVA,BN.CAB.XOKA.GD.ZS,1962,
LVA,BN.CAB.XOKA.GD.ZS,1961,
LVA,BN.CAB.XOKA.GD.ZS,1960,
LBN,BN.CAB.XOKA.GD.ZS,2025,
LBN,BN.CAB.XOKA.GD.ZS,2024,
LBN,BN.CAB.XOKA.GD.ZS,2023,-28.103669636709
LBN,BN.CAB.XOKA.GD.ZS,2022,-34.606227109401
LBN,BN.CAB.XOKA.GD.ZS,2021,-19.6978128626341
LBN,BN.CAB.XOKA.GD.ZS,2020,-8.76184199911137
LBN,BN.CAB.XOKA.GD.ZS,2019,-21.828092491848
LBN,BN.CAB.XOKA.GD.ZS,2018,-24.3470417876755
LBN,BN.CAB.XOKA.GD.ZS,2017,-22.8822040339123
LBN,BN.CAB.XOKA.GD.ZS,2016,-20.4780237123596
LBN,BN.CAB.XOKA.GD.ZS,2015,-17.1077378092157
LBN,BN.CAB.XOKA.GD.ZS,2014,-26.2298655609816
LBN,BN.CAB.XOKA.GD.ZS,2013,-25.5114319532074
LBN,BN.CAB.XOKA.GD.ZS,2012,-23.4382140171445
LBN,BN.CAB.XOKA.GD.ZS,2011,-13.8340690487529
LBN,BN.CAB.XOKA.GD.ZS,2010,-19.6443379596193
LBN,BN.CAB.XOKA.GD.ZS,2009,-19.0424176351022
LBN,BN.CAB.XOKA.GD.ZS,2008,-14.0893224912248
LBN,BN.CAB.XOKA.GD.ZS,2007,-6.4637503869807
LBN,BN.CAB.XOKA.GD.ZS,2006,-5.06914682104357
LBN,BN.CAB.XOKA.GD.ZS,2005,-12.7829830371367
LBN,BN.CAB.XOKA.GD.ZS,2004,-20.8205658199381
LBN,BN.CAB.XOKA.GD.ZS,2003,-25.5858580911917
LBN,BN.CAB.XOKA.GD.ZS,2002,-23.7091629307817
LBN,BN.CAB.XOKA.GD.ZS,2001,
LBN,BN.CAB.XOKA.GD.ZS,2000,
LBN,BN.CAB.XOKA.GD.ZS,1999,
LBN,BN.CAB.XOKA.GD.ZS,1998,
LBN,BN.CAB.XOKA.GD.ZS,1997,
LBN,BN.CAB.XOKA.GD.ZS,1996,
LBN,BN.CAB.XOKA.GD.ZS,1995,
LBN,BN.CAB.XOKA.GD.ZS,1994,
LBN,BN.CAB.XOKA.GD.ZS,1993,
LBN,BN.CAB.XOKA.GD.ZS,1992,
LBN,BN.CAB.XOKA.GD.ZS,1991,
LBN,BN.CAB.XOKA.GD.ZS,1990,
LBN,BN.CAB.XOKA.GD.ZS,1989,
LBN,BN.CAB.XOKA.GD.ZS,1988,
LBN,BN.CAB.XOKA.GD.ZS,1987,
LBN,BN.CAB.XOKA.GD.ZS,1986,
LBN,BN.CAB.XOKA.GD.ZS,1985,
LBN,BN.CAB.XOKA.GD.ZS,1984,
LBN,BN.CAB.XOKA.GD.ZS,1983,
LBN,BN.CAB.XOKA.GD.ZS,1982,
LBN,BN.CAB.XOKA.GD.ZS,1981,
LBN,BN.CAB.XOKA.GD.ZS,1980,
LBN,BN.CAB.XOKA.GD.ZS,1979,
LBN,BN.CAB.XOKA.GD.ZS,1978,
LBN,BN.CAB.XOKA.GD.ZS,1977,
LBN,BN.CAB.XOKA.GD.ZS,1976,
LBN,BN.CAB.XOKA.GD.ZS,1975,
LBN,BN.CAB.XOKA.GD.ZS,1974,
LBN,BN.CAB.XOKA.GD.ZS,1973,
LBN,BN.CAB.XOKA.GD.ZS,1972,
LBN,BN.CAB.XOKA.GD.ZS,1971,
LBN,BN.CAB.XOKA.GD.ZS,1970,
LBN,BN.CAB.XOKA.GD.ZS,1969,
LBN,BN.CAB.XOKA.GD.ZS,1968,
LBN,BN.CAB.XOKA.GD.ZS,1967,
LBN,BN.CAB.XOKA.GD.ZS,1966,
LBN,BN.CAB.XOKA.GD.ZS,1965,
LBN,BN.CAB.XOKA.GD.ZS,1964,
LBN,BN.CAB.XOKA.GD.ZS,1963,
LBN,BN.CAB.XOKA.GD.ZS,1962,
LBN,BN.CAB.XOKA.GD.ZS,1961,
LBN,BN.CAB.XOKA.GD.ZS,1960,
LSO,BN.CAB.XOKA.GD.ZS,2025,
LSO,BN.CAB.XOKA.GD.ZS,2024,3.92821507203787
LSO,BN.CAB.XOKA.GD.ZS,2023,-7.15672501842092
LSO,BN.CAB.XOKA.GD.ZS,2022,-11.417455276866
LSO,BN.CAB.XOKA.GD.ZS,2021,-8.12794759731635
LSO,BN.CAB.XOKA.GD.ZS,2020,-5.89018411717253
LSO,BN.CAB.XOKA.GD.ZS,2019,-7.45753439541603
LSO,BN.CAB.XOKA.GD.ZS,2018,-5.62372777156263
LSO,BN.CAB.XOKA.GD.ZS,2017,-9.01074725417763
LSO,BN.CAB.XOKA.GD.ZS,2016,-10.5017567713342
LSO,BN.CAB.XOKA.GD.ZS,2015,-5.73228396984582
LSO,BN.CAB.XOKA.GD.ZS,2014,-8.42016664486878
LSO,BN.CAB.XOKA.GD.ZS,2013,-10.7579867652524
LSO,BN.CAB.XOKA.GD.ZS,2012,-18.7652520307529
LSO,BN.CAB.XOKA.GD.ZS,2011,-11.8566683946226
LSO,BN.CAB.XOKA.GD.ZS,2010,-11.0020417569816
LSO,BN.CAB.XOKA.GD.ZS,2009,-2.94530645950598
LSO,BN.CAB.XOKA.GD.ZS,2008,15.7113939585121
LSO,BN.CAB.XOKA.GD.ZS,2007,18.1419183617744
LSO,BN.CAB.XOKA.GD.ZS,2006,11.9989367597937
LSO,BN.CAB.XOKA.GD.ZS,2005,5.68794455057765
LSO,BN.CAB.XOKA.GD.ZS,2004,1.75904831470621
LSO,BN.CAB.XOKA.GD.ZS,2003,-1.48520681497293
LSO,BN.CAB.XOKA.GD.ZS,2002,8.18759668831338
LSO,BN.CAB.XOKA.GD.ZS,2001,3.45948826928832
LSO,BN.CAB.XOKA.GD.ZS,2000,-8.6703357592323
LSO,BN.CAB.XOKA.GD.ZS,1999,-18.2545264654224
LSO,BN.CAB.XOKA.GD.ZS,1998,-21.8944421361771
LSO,BN.CAB.XOKA.GD.ZS,1997,-22.9236378981082
LSO,BN.CAB.XOKA.GD.ZS,1996,-22.846076502895
LSO,BN.CAB.XOKA.GD.ZS,1995,-15.3062508116221
LSO,BN.CAB.XOKA.GD.ZS,1994,-2.87970519198183
LSO,BN.CAB.XOKA.GD.ZS,1993,-12.4345249991109
LSO,BN.CAB.XOKA.GD.ZS,1992,-19.6848326440848
LSO,BN.CAB.XOKA.GD.ZS,1991,-16.9228867531247
LSO,BN.CAB.XOKA.GD.ZS,1990,17.0400317464731
LSO,BN.CAB.XOKA.GD.ZS,1989,14.3135490539678
LSO,BN.CAB.XOKA.GD.ZS,1988,23.3259952494787
LSO,BN.CAB.XOKA.GD.ZS,1987,62.3000205890854
LSO,BN.CAB.XOKA.GD.ZS,1986,43.1651200028898
LSO,BN.CAB.XOKA.GD.ZS,1985,52.9105979559164
LSO,BN.CAB.XOKA.GD.ZS,1984,47.8490526479606
LSO,BN.CAB.XOKA.GD.ZS,1983,43.8193034024675
LSO,BN.CAB.XOKA.GD.ZS,1982,38.0056279669333
LSO,BN.CAB.XOKA.GD.ZS,1981,0.984163429956203
LSO,BN.CAB.XOKA.GD.ZS,1980,13.0526673010014
LSO,BN.CAB.XOKA.GD.ZS,1979,
LSO,BN.CAB.XOKA.GD.ZS,1978,3.19240644674945
LSO,BN.CAB.XOKA.GD.ZS,1977,-4.75907078705739
LSO,BN.CAB.XOKA.GD.ZS,1976,-23.1308353186713
LSO,BN.CAB.XOKA.GD.ZS,1975,-0.723327544955326
LSO,BN.CAB.XOKA.GD.ZS,1974,
LSO,BN.CAB.XOKA.GD.ZS,1973,
LSO,BN.CAB.XOKA.GD.ZS,1972,
LSO,BN.CAB.XOKA.GD.ZS,1971,
LSO,BN.CAB.XOKA.GD.ZS,1970,
LSO,BN.CAB.XOKA.GD.ZS,1969,
LSO,BN.CAB.XOKA.GD.ZS,1968,
LSO,BN.CAB.XOKA.GD.ZS,1967,
LSO,BN.CAB.XOKA.GD.ZS,1966,
LSO,BN.CAB.XOKA.GD.ZS,1965,
LSO,BN.CAB.XOKA.GD.ZS,1964,
LSO,BN.CAB.XOKA.GD.ZS,1963,
LSO,BN.CAB.XOKA.GD.ZS,1962,
LSO,BN.CAB.XOKA.GD.ZS,1961,
LSO,BN.CAB.XOKA.GD.ZS,1960,
LBR,BN.CAB.XOKA.GD.ZS,2025,
LBR,BN.CAB.XOKA.GD.ZS,2024,
LBR,BN.CAB.XOKA.GD.ZS,2023,
LBR,BN.CAB.XOKA.GD.ZS,2022,1.61973328165346
LBR,BN.CAB.XOKA.GD.ZS,2021,-2.89623383635124
LBR,BN.CAB.XOKA.GD.ZS,2020,-8.65744008690813
LBR,BN.CAB.XOKA.GD.ZS,2019,-19.6832166735006
LBR,BN.CAB.XOKA.GD.ZS,2018,-19.6944373252366
LBR,BN.CAB.XOKA.GD.ZS,2017,-16.6798323783013
LBR,BN.CAB.XOKA.GD.ZS,2016,-8.12261279894881
LBR,BN.CAB.XOKA.GD.ZS,2015,5.3024253714189
LBR,BN.CAB.XOKA.GD.ZS,2014,-19.9198359881725
LBR,BN.CAB.XOKA.GD.ZS,2013,-32.8209688370026
LBR,BN.CAB.XOKA.GD.ZS,2012,-59.9955509928998
LBR,BN.CAB.XOKA.GD.ZS,2011,-52.4853470186806
LBR,BN.CAB.XOKA.GD.ZS,2010,-42.7136316998038
LBR,BN.CAB.XOKA.GD.ZS,2009,-15.6782479232001
LBR,BN.CAB.XOKA.GD.ZS,2008,-20.5275176083252
LBR,BN.CAB.XOKA.GD.ZS,2007,-16.2534531227223
LBR,BN.CAB.XOKA.GD.ZS,2006,-15.4436442263208
LBR,BN.CAB.XOKA.GD.ZS,2005,-19.3410307528501
LBR,BN.CAB.XOKA.GD.ZS,2004,-17.8067908816868
LBR,BN.CAB.XOKA.GD.ZS,2003,
LBR,BN.CAB.XOKA.GD.ZS,2002,
LBR,BN.CAB.XOKA.GD.ZS,2001,
LBR,BN.CAB.XOKA.GD.ZS,2000,
LBR,BN.CAB.XOKA.GD.ZS,1999,
LBR,BN.CAB.XOKA.GD.ZS,1998,
LBR,BN.CAB.XOKA.GD.ZS,1997,
LBR,BN.CAB.XOKA.GD.ZS,1996,
LBR,BN.CAB.XOKA.GD.ZS,1995,
LBR,BN.CAB.XOKA.GD.ZS,1994,
LBR,BN.CAB.XOKA.GD.ZS,1993,
LBR,BN.CAB.XOKA.GD.ZS,1992,
LBR,BN.CAB.XOKA.GD.ZS,1991,
LBR,BN.CAB.XOKA.GD.ZS,1990,
LBR,BN.CAB.XOKA.GD.ZS,1989,
LBR,BN.CAB.XOKA.GD.ZS,1988,
LBR,BN.CAB.XOKA.GD.ZS,1987,-0.321188313584621
LBR,BN.CAB.XOKA.GD.ZS,1986,-0.0453226545433979
LBR,BN.CAB.XOKA.GD.ZS,1985,0.143069054829129
LBR,BN.CAB.XOKA.GD.ZS,1984,-0.0021777960448143
LBR,BN.CAB.XOKA.GD.ZS,1983,-0.268339891167499
LBR,BN.CAB.XOKA.GD.ZS,1982,0.00860918049700298
LBR,BN.CAB.XOKA.GD.ZS,1981,0.191896319113041
LBR,BN.CAB.XOKA.GD.ZS,1980,0.115921652438296
LBR,BN.CAB.XOKA.GD.ZS,1979,0.0428522932713302
LBR,BN.CAB.XOKA.GD.ZS,1978,
LBR,BN.CAB.XOKA.GD.ZS,1977,
LBR,BN.CAB.XOKA.GD.ZS,1976,
LBR,BN.CAB.XOKA.GD.ZS,1975,
LBR,BN.CAB.XOKA.GD.ZS,1974,
LBR,BN.CAB.XOKA.GD.ZS,1973,
LBR,BN.CAB.XOKA.GD.ZS,1972,
LBR,BN.CAB.XOKA.GD.ZS,1971,
LBR,BN.CAB.XOKA.GD.ZS,1970,
LBR,BN.CAB.XOKA.GD.ZS,1969,
LBR,BN.CAB.XOKA.GD.ZS,1968,
LBR,BN.CAB.XOKA.GD.ZS,1967,
LBR,BN.CAB.XOKA.GD.ZS,1966,
LBR,BN.CAB.XOKA.GD.ZS,1965,
LBR,BN.CAB.XOKA.GD.ZS,1964,
LBR,BN.CAB.XOKA.GD.ZS,1963,
LBR,BN.CAB.XOKA.GD.ZS,1962,
LBR,BN.CAB.XOKA.GD.ZS,1961,
LBR,BN.CAB.XOKA.GD.ZS,1960,
LBY,BN.CAB.XOKA.GD.ZS,2025,
LBY,BN.CAB.XOKA.GD.ZS,2024,
LBY,BN.CAB.XOKA.GD.ZS,2023,4.23506448409627
LBY,BN.CAB.XOKA.GD.ZS,2022,22.2155432064068
LBY,BN.CAB.XOKA.GD.ZS,2021,16.1147728474926
LBY,BN.CAB.XOKA.GD.ZS,2020,-10.2022684905863
LBY,BN.CAB.XOKA.GD.ZS,2019,6.95550505080755
LBY,BN.CAB.XOKA.GD.ZS,2018,14.7041123833162
LBY,BN.CAB.XOKA.GD.ZS,2017,6.59107791644499
LBY,BN.CAB.XOKA.GD.ZS,2016,-9.42697758493981
LBY,BN.CAB.XOKA.GD.ZS,2015,-19.1840709119308
LBY,BN.CAB.XOKA.GD.ZS,2014,-33.1750366593745
LBY,BN.CAB.XOKA.GD.ZS,2013,0.0127403569483039
LBY,BN.CAB.XOKA.GD.ZS,2012,25.7575733312092
LBY,BN.CAB.XOKA.GD.ZS,2011,6.62746278785412
LBY,BN.CAB.XOKA.GD.ZS,2010,22.2877634810811
LBY,BN.CAB.XOKA.GD.ZS,2009,15.426446023908
LBY,BN.CAB.XOKA.GD.ZS,2008,41.1733179906877
LBY,BN.CAB.XOKA.GD.ZS,2007,41.906588061326
LBY,BN.CAB.XOKA.GD.ZS,2006,36.8920600318477
LBY,BN.CAB.XOKA.GD.ZS,2005,31.5730378883291
LBY,BN.CAB.XOKA.GD.ZS,2004,13.9362270373209
LBY,BN.CAB.XOKA.GD.ZS,2003,12.9522903033908
LBY,BN.CAB.XOKA.GD.ZS,2002,3.38835921882208
LBY,BN.CAB.XOKA.GD.ZS,2001,9.76779674418605
LBY,BN.CAB.XOKA.GD.ZS,2000,16.3831818181818
LBY,BN.CAB.XOKA.GD.ZS,1999,5.93731567943484
LBY,BN.CAB.XOKA.GD.ZS,1998,-0.767539699344716
LBY,BN.CAB.XOKA.GD.ZS,1997,5.1028328459201
LBY,BN.CAB.XOKA.GD.ZS,1996,4.43842599053249
LBY,BN.CAB.XOKA.GD.ZS,1995,6.54681750805331
LBY,BN.CAB.XOKA.GD.ZS,1994,0.092304549528502
LBY,BN.CAB.XOKA.GD.ZS,1993,-4.45456173563349
LBY,BN.CAB.XOKA.GD.ZS,1992,4.15259932620101
LBY,BN.CAB.XOKA.GD.ZS,1991,-0.684778203729511
LBY,BN.CAB.XOKA.GD.ZS,1990,7.61514456264139
LBY,BN.CAB.XOKA.GD.ZS,1989,-4.07987731147903
LBY,BN.CAB.XOKA.GD.ZS,1988,-7.51294253794949
LBY,BN.CAB.XOKA.GD.ZS,1987,-3.88021665959019
LBY,BN.CAB.XOKA.GD.ZS,1986,-0.642505238351677
LBY,BN.CAB.XOKA.GD.ZS,1985,6.04624536630071
LBY,BN.CAB.XOKA.GD.ZS,1984,-4.94127620327853
LBY,BN.CAB.XOKA.GD.ZS,1983,-4.94958163901384
LBY,BN.CAB.XOKA.GD.ZS,1982,-4.61940543377853
LBY,BN.CAB.XOKA.GD.ZS,1981,-10.8964032001105
LBY,BN.CAB.XOKA.GD.ZS,1980,20.0561837808562
LBY,BN.CAB.XOKA.GD.ZS,1979,12.3490924388233
LBY,BN.CAB.XOKA.GD.ZS,1978,3.33409117766804
LBY,BN.CAB.XOKA.GD.ZS,1977,9.62662234882035
LBY,BN.CAB.XOKA.GD.ZS,1976,
LBY,BN.CAB.XOKA.GD.ZS,1975,
LBY,BN.CAB.XOKA.GD.ZS,1974,
LBY,BN.CAB.XOKA.GD.ZS,1973,
LBY,BN.CAB.XOKA.GD.ZS,1972,
LBY,BN.CAB.XOKA.GD.ZS,1971,
LBY,BN.CAB.XOKA.GD.ZS,1970,
LBY,BN.CAB.XOKA.GD.ZS,1969,
LBY,BN.CAB.XOKA.GD.ZS,1968,
LBY,BN.CAB.XOKA.GD.ZS,1967,
LBY,BN.CAB.XOKA.GD.ZS,1966,
LBY,BN.CAB.XOKA.GD.ZS,1965,
LBY,BN.CAB.XOKA.GD.ZS,1964,
LBY,BN.CAB.XOKA.GD.ZS,1963,
LBY,BN.CAB.XOKA.GD.ZS,1962,
LBY,BN.CAB.XOKA.GD.ZS,1961,
LBY,BN.CAB.XOKA.GD.ZS,1960,
LIE,BN.CAB.XOKA.GD.ZS,2025,
LIE,BN.CAB.XOKA.GD.ZS,2024,
LIE,BN.CAB.XOKA.GD.ZS,2023,
LIE,BN.CAB.XOKA.GD.ZS,2022,
LIE,BN.CAB.XOKA.GD.ZS,2021,
LIE,BN.CAB.XOKA.GD.ZS,2020,
LIE,BN.CAB.XOKA.GD.ZS,2019,
LIE,BN.CAB.XOKA.GD.ZS,2018,
LIE,BN.CAB.XOKA.GD.ZS,2017,
LIE,BN.CAB.XOKA.GD.ZS,2016,
LIE,BN.CAB.XOKA.GD.ZS,2015,
LIE,BN.CAB.XOKA.GD.ZS,2014,
LIE,BN.CAB.XOKA.GD.ZS,2013,
LIE,BN.CAB.XOKA.GD.ZS,2012,
LIE,BN.CAB.XOKA.GD.ZS,2011,
LIE,BN.CAB.XOKA.GD.ZS,2010,
LIE,BN.CAB.XOKA.GD.ZS,2009,
LIE,BN.CAB.XOKA.GD.ZS,2008,
LIE,BN.CAB.XOKA.GD.ZS,2007,
LIE,BN.CAB.XOKA.GD.ZS,2006,
LIE,BN.CAB.XOKA.GD.ZS,2005,
LIE,BN.CAB.XOKA.GD.ZS,2004,
LIE,BN.CAB.XOKA.GD.ZS,2003,
LIE,BN.CAB.XOKA.GD.ZS,2002,
LIE,BN.CAB.XOKA.GD.ZS,2001,
LIE,BN.CAB.XOKA.GD.ZS,2000,
LIE,BN.CAB.XOKA.GD.ZS,1999,
LIE,BN.CAB.XOKA.GD.ZS,1998,
LIE,BN.CAB.XOKA.GD.ZS,1997,
LIE,BN.CAB.XOKA.GD.ZS,1996,
LIE,BN.CAB.XOKA.GD.ZS,1995,
LIE,BN.CAB.XOKA.GD.ZS,1994,
LIE,BN.CAB.XOKA.GD.ZS,1993,
LIE,BN.CAB.XOKA.GD.ZS,1992,
LIE,BN.CAB.XOKA.GD.ZS,1991,
LIE,BN.CAB.XOKA.GD.ZS,1990,
LIE,BN.CAB.XOKA.GD.ZS,1989,
LIE,BN.CAB.XOKA.GD.ZS,1988,
LIE,BN.CAB.XOKA.GD.ZS,1987,
LIE,BN.CAB.XOKA.GD.ZS,1986,
LIE,BN.CAB.XOKA.GD.ZS,1985,
LIE,BN.CAB.XOKA.GD.ZS,1984,
LIE,BN.CAB.XOKA.GD.ZS,1983,
LIE,BN.CAB.XOKA.GD.ZS,1982,
LIE,BN.CAB.XOKA.GD.ZS,1981,
LIE,BN.CAB.XOKA.GD.ZS,1980,
LIE,BN.CAB.XOKA.GD.ZS,1979,
LIE,BN.CAB.XOKA.GD.ZS,1978,
LIE,BN.CAB.XOKA.GD.ZS,1977,
LIE,BN.CAB.XOKA.GD.ZS,1976,
LIE,BN.CAB.XOKA.GD.ZS,1975,
LIE,BN.CAB.XOKA.GD.ZS,1974,
LIE,BN.CAB.XOKA.GD.ZS,1973,
LIE,BN.CAB.XOKA.GD.ZS,1972,
LIE,BN.CAB.XOKA.GD.ZS,1971,
LIE,BN.CAB.XOKA.GD.ZS,1970,
LIE,BN.CAB.XOKA.GD.ZS,1969,
LIE,BN.CAB.XOKA.GD.ZS,1968,
LIE,BN.CAB.XOKA.GD.ZS,1967,
LIE,BN.CAB.XOKA.GD.ZS,1966,
LIE,BN.CAB.XOKA.GD.ZS,1965,
LIE,BN.CAB.XOKA.GD.ZS,1964,
LIE,BN.CAB.XOKA.GD.ZS,1963,
LIE,BN.CAB.XOKA.GD.ZS,1962,
LIE,BN.CAB.XOKA.GD.ZS,1961,
LIE,BN.CAB.XOKA.GD.ZS,1960,
LTU,BN.CAB.XOKA.GD.ZS,2025,
LTU,BN.CAB.XOKA.GD.ZS,2024,3.26568276980857
LTU,BN.CAB.XOKA.GD.ZS,2023,1.10087710830163
LTU,BN.CAB.XOKA.GD.ZS,2022,-6.084973892203
LTU,BN.CAB.XOKA.GD.ZS,2021,1.46940668521304
LTU,BN.CAB.XOKA.GD.ZS,2020,7.22470104088843
LTU,BN.CAB.XOKA.GD.ZS,2019,3.73752991159912
LTU,BN.CAB.XOKA.GD.ZS,2018,0.309996924920131
LTU,BN.CAB.XOKA.GD.ZS,2017,1.08697261761581
LTU,BN.CAB.XOKA.GD.ZS,2016,-1.01460897973493
LTU,BN.CAB.XOKA.GD.ZS,2015,-2.51745557937896
LTU,BN.CAB.XOKA.GD.ZS,2014,3.54699194706825
LTU,BN.CAB.XOKA.GD.ZS,2013,1.70747298429574
LTU,BN.CAB.XOKA.GD.ZS,2012,-1.606838534778
LTU,BN.CAB.XOKA.GD.ZS,2011,-3.68690525403633
LTU,BN.CAB.XOKA.GD.ZS,2010,0.19796045399168
LTU,BN.CAB.XOKA.GD.ZS,2009,2.24459117154569
LTU,BN.CAB.XOKA.GD.ZS,2008,-13.5865555459022
LTU,BN.CAB.XOKA.GD.ZS,2007,-15.3448035059388
LTU,BN.CAB.XOKA.GD.ZS,2006,-10.6838036897227
LTU,BN.CAB.XOKA.GD.ZS,2005,-7.33728028606647
LTU,BN.CAB.XOKA.GD.ZS,2004,-7.78077111235869
LTU,BN.CAB.XOKA.GD.ZS,2003,-6.79642419021809
LTU,BN.CAB.XOKA.GD.ZS,2002,-5.04608050801903
LTU,BN.CAB.XOKA.GD.ZS,2001,-4.67813526904782
LTU,BN.CAB.XOKA.GD.ZS,2000,-5.84291644362833
LTU,BN.CAB.XOKA.GD.ZS,1999,-10.8335113412083
LTU,BN.CAB.XOKA.GD.ZS,1998,-11.4996358238953
LTU,BN.CAB.XOKA.GD.ZS,1997,-9.65097618681177
LTU,BN.CAB.XOKA.GD.ZS,1996,-8.57167547493215
LTU,BN.CAB.XOKA.GD.ZS,1995,-7.75594856924648
LTU,BN.CAB.XOKA.GD.ZS,1994,
LTU,BN.CAB.XOKA.GD.ZS,1993,
LTU,BN.CAB.XOKA.GD.ZS,1992,
LTU,BN.CAB.XOKA.GD.ZS,1991,
LTU,BN.CAB.XOKA.GD.ZS,1990,
LTU,BN.CAB.XOKA.GD.ZS,1989,
LTU,BN.CAB.XOKA.GD.ZS,1988,
LTU,BN.CAB.XOKA.GD.ZS,1987,
LTU,BN.CAB.XOKA.GD.ZS,1986,
LTU,BN.CAB.XOKA.GD.ZS,1985,
LTU,BN.CAB.XOKA.GD.ZS,1984,
LTU,BN.CAB.XOKA.GD.ZS,1983,
LTU,BN.CAB.XOKA.GD.ZS,1982,
LTU,BN.CAB.XOKA.GD.ZS,1981,
LTU,BN.CAB.XOKA.GD.ZS,1980,
LTU,BN.CAB.XOKA.GD.ZS,1979,
LTU,BN.CAB.XOKA.GD.ZS,1978,
LTU,BN.CAB.XOKA.GD.ZS,1977,
LTU,BN.CAB.XOKA.GD.ZS,1976,
LTU,BN.CAB.XOKA.GD.ZS,1975,
LTU,BN.CAB.XOKA.GD.ZS,1974,
LTU,BN.CAB.XOKA.GD.ZS,1973,
LTU,BN.CAB.XOKA.GD.ZS,1972,
LTU,BN.CAB.XOKA.GD.ZS,1971,
LTU,BN.CAB.XOKA.GD.ZS,1970,
LTU,BN.CAB.XOKA.GD.ZS,1969,
LTU,BN.CAB.XOKA.GD.ZS,1968,
LTU,BN.CAB.XOKA.GD.ZS,1967,
LTU,BN.CAB.XOKA.GD.ZS,1966,
LTU,BN.CAB.XOKA.GD.ZS,1965,
LTU,BN.CAB.XOKA.GD.ZS,1964,
LTU,BN.CAB.XOKA.GD.ZS,1963,
LTU,BN.CAB.XOKA.GD.ZS,1962,
LTU,BN.CAB.XOKA.GD.ZS,1961,
LTU,BN.CAB.XOKA.GD.ZS,1960,
LUX,BN.CAB.XOKA.GD.ZS,2025,
LUX,BN.CAB.XOKA.GD.ZS,2024,4.39539454622425
LUX,BN.CAB.XOKA.GD.ZS,2023,6.8519368442551
LUX,BN.CAB.XOKA.GD.ZS,2022,5.46205930596559
LUX,BN.CAB.XOKA.GD.ZS,2021,4.99186571107894
LUX,BN.CAB.XOKA.GD.ZS,2020,4.87511550397285
LUX,BN.CAB.XOKA.GD.ZS,2019,8.62080023660203
LUX,BN.CAB.XOKA.GD.ZS,2018,8.31991324789161
LUX,BN.CAB.XOKA.GD.ZS,2017,6.18033427082301
LUX,BN.CAB.XOKA.GD.ZS,2016,7.4151706961373
LUX,BN.CAB.XOKA.GD.ZS,2015,5.62139533101289
LUX,BN.CAB.XOKA.GD.ZS,2014,4.92857348332843
LUX,BN.CAB.XOKA.GD.ZS,2013,5.20354851275535
LUX,BN.CAB.XOKA.GD.ZS,2012,5.25542496415208
LUX,BN.CAB.XOKA.GD.ZS,2011,5.6295357320779
LUX,BN.CAB.XOKA.GD.ZS,2010,5.81430386608805
LUX,BN.CAB.XOKA.GD.ZS,2009,5.51620322817162
LUX,BN.CAB.XOKA.GD.ZS,2008,6.21864838142358
LUX,BN.CAB.XOKA.GD.ZS,2007,6.54715391196002
LUX,BN.CAB.XOKA.GD.ZS,2006,6.64664035033178
LUX,BN.CAB.XOKA.GD.ZS,2005,6.9258412074691
LUX,BN.CAB.XOKA.GD.ZS,2004,7.20483504462228
LUX,BN.CAB.XOKA.GD.ZS,2003,7.23971396614444
LUX,BN.CAB.XOKA.GD.ZS,2002,7.14278268194218
LUX,BN.CAB.XOKA.GD.ZS,2001,7.73705438915607
LUX,BN.CAB.XOKA.GD.ZS,2000,11.7980371292523
LUX,BN.CAB.XOKA.GD.ZS,1999,7.53220825687085
LUX,BN.CAB.XOKA.GD.ZS,1998,
LUX,BN.CAB.XOKA.GD.ZS,1997,
LUX,BN.CAB.XOKA.GD.ZS,1996,
LUX,BN.CAB.XOKA.GD.ZS,1995,
LUX,BN.CAB.XOKA.GD.ZS,1994,
LUX,BN.CAB.XOKA.GD.ZS,1993,
LUX,BN.CAB.XOKA.GD.ZS,1992,
LUX,BN.CAB.XOKA.GD.ZS,1991,
LUX,BN.CAB.XOKA.GD.ZS,1990,
LUX,BN.CAB.XOKA.GD.ZS,1989,
LUX,BN.CAB.XOKA.GD.ZS,1988,
LUX,BN.CAB.XOKA.GD.ZS,1987,
LUX,BN.CAB.XOKA.GD.ZS,1986,
LUX,BN.CAB.XOKA.GD.ZS,1985,
LUX,BN.CAB.XOKA.GD.ZS,1984,
LUX,BN.CAB.XOKA.GD.ZS,1983,
LUX,BN.CAB.XOKA.GD.ZS,1982,
LUX,BN.CAB.XOKA.GD.ZS,1981,
LUX,BN.CAB.XOKA.GD.ZS,1980,
LUX,BN.CAB.XOKA.GD.ZS,1979,
LUX,BN.CAB.XOKA.GD.ZS,1978,
LUX,BN.CAB.XOKA.GD.ZS,1977,
LUX,BN.CAB.XOKA.GD.ZS,1976,
LUX,BN.CAB.XOKA.GD.ZS,1975,
LUX,BN.CAB.XOKA.GD.ZS,1974,
LUX,BN.CAB.XOKA.GD.ZS,1973,
LUX,BN.CAB.XOKA.GD.ZS,1972,
LUX,BN.CAB.XOKA.GD.ZS,1971,
LUX,BN.CAB.XOKA.GD.ZS,1970,
LUX,BN.CAB.XOKA.GD.ZS,1969,
LUX,BN.CAB.XOKA.GD.ZS,1968,
LUX,BN.CAB.XOKA.GD.ZS,1967,
LUX,BN.CAB.XOKA.GD.ZS,1966,
LUX,BN.CAB.XOKA.GD.ZS,1965,
LUX,BN.CAB.XOKA.GD.ZS,1964,
LUX,BN.CAB.XOKA.GD.ZS,1963,
LUX,BN.CAB.XOKA.GD.ZS,1962,
LUX,BN.CAB.XOKA.GD.ZS,1961,
LUX,BN.CAB.XOKA.GD.ZS,1960,
MAC,BN.CAB.XOKA.GD.ZS,2025,
MAC,BN.CAB.XOKA.GD.ZS,2024,36.2912950353171
MAC,BN.CAB.XOKA.GD.ZS,2023,31.3770937287902
MAC,BN.CAB.XOKA.GD.ZS,2022,13.6133850757981
MAC,BN.CAB.XOKA.GD.ZS,2021,8.5042581257609
MAC,BN.CAB.XOKA.GD.ZS,2020,13.7961334825213
MAC,BN.CAB.XOKA.GD.ZS,2019,33.4636143886281
MAC,BN.CAB.XOKA.GD.ZS,2018,32.8684670500513
MAC,BN.CAB.XOKA.GD.ZS,2017,30.7518409252235
MAC,BN.CAB.XOKA.GD.ZS,2016,26.6021302290412
MAC,BN.CAB.XOKA.GD.ZS,2015,23.3983286719491
MAC,BN.CAB.XOKA.GD.ZS,2014,32.6892663436659
MAC,BN.CAB.XOKA.GD.ZS,2013,39.3178062621406
MAC,BN.CAB.XOKA.GD.ZS,2012,38.8304926229228
MAC,BN.CAB.XOKA.GD.ZS,2011,40.3772411750912
MAC,BN.CAB.XOKA.GD.ZS,2010,38.916589382773
MAC,BN.CAB.XOKA.GD.ZS,2009,27.5444332511709
MAC,BN.CAB.XOKA.GD.ZS,2008,15.5618056929659
MAC,BN.CAB.XOKA.GD.ZS,2007,21.6848309836138
MAC,BN.CAB.XOKA.GD.ZS,2006,14.8926589241556
MAC,BN.CAB.XOKA.GD.ZS,2005,23.6536932562746
MAC,BN.CAB.XOKA.GD.ZS,2004,32.9551337944102
MAC,BN.CAB.XOKA.GD.ZS,2003,30.6171290559844
MAC,BN.CAB.XOKA.GD.ZS,2002,31.5286028134003
MAC,BN.CAB.XOKA.GD.ZS,2001,
MAC,BN.CAB.XOKA.GD.ZS,2000,
MAC,BN.CAB.XOKA.GD.ZS,1999,
MAC,BN.CAB.XOKA.GD.ZS,1998,
MAC,BN.CAB.XOKA.GD.ZS,1997,
MAC,BN.CAB.XOKA.GD.ZS,1996,
MAC,BN.CAB.XOKA.GD.ZS,1995,
MAC,BN.CAB.XOKA.GD.ZS,1994,
MAC,BN.CAB.XOKA.GD.ZS,1993,
MAC,BN.CAB.XOKA.GD.ZS,1992,
MAC,BN.CAB.XOKA.GD.ZS,1991,
MAC,BN.CAB.XOKA.GD.ZS,1990,
MAC,BN.CAB.XOKA.GD.ZS,1989,
MAC,BN.CAB.XOKA.GD.ZS,1988,
MAC,BN.CAB.XOKA.GD.ZS,1987,
MAC,BN.CAB.XOKA.GD.ZS,1986,
MAC,BN.CAB.XOKA.GD.ZS,1985,
MAC,BN.CAB.XOKA.GD.ZS,1984,
MAC,BN.CAB.XOKA.GD.ZS,1983,
MAC,BN.CAB.XOKA.GD.ZS,1982,
MAC,BN.CAB.XOKA.GD.ZS,1981,
MAC,BN.CAB.XOKA.GD.ZS,1980,
MAC,BN.CAB.XOKA.GD.ZS,1979,
MAC,BN.CAB.XOKA.GD.ZS,1978,
MAC,BN.CAB.XOKA.GD.ZS,1977,
MAC,BN.CAB.XOKA.GD.ZS,1976,
MAC,BN.CAB.XOKA.GD.ZS,1975,
MAC,BN.CAB.XOKA.GD.ZS,1974,
MAC,BN.CAB.XOKA.GD.ZS,1973,
MAC,BN.CAB.XOKA.GD.ZS,1972,
MAC,BN.CAB.XOKA.GD.ZS,1971,
MAC,BN.CAB.XOKA.GD.ZS,1970,
MAC,BN.CAB.XOKA.GD.ZS,1969,
MAC,BN.CAB.XOKA.GD.ZS,1968,
MAC,BN.CAB.XOKA.GD.ZS,1967,
MAC,BN.CAB.XOKA.GD.ZS,1966,
MAC,BN.CAB.XOKA.GD.ZS,1965,
MAC,BN.CAB.XOKA.GD.ZS,1964,
MAC,BN.CAB.XOKA.GD.ZS,1963,
MAC,BN.CAB.XOKA.GD.ZS,1962,
MAC,BN.CAB.XOKA.GD.ZS,1961,
MAC,BN.CAB.XOKA.GD.ZS,1960,
MDG,BN.CAB.XOKA.GD.ZS,2025,
MDG,BN.CAB.XOKA.GD.ZS,2024,
MDG,BN.CAB.XOKA.GD.ZS,2023,
MDG,BN.CAB.XOKA.GD.ZS,2022,-5.41170264443695
MDG,BN.CAB.XOKA.GD.ZS,2021,-5.02937129931559
MDG,BN.CAB.XOKA.GD.ZS,2020,-4.7784229274215
MDG,BN.CAB.XOKA.GD.ZS,2019,-2.13564971662682
MDG,BN.CAB.XOKA.GD.ZS,2018,0.712560880258365
MDG,BN.CAB.XOKA.GD.ZS,2017,-0.228589799383039
MDG,BN.CAB.XOKA.GD.ZS,2016,0.378142575318561
MDG,BN.CAB.XOKA.GD.ZS,2015,-2.25941841339224
MDG,BN.CAB.XOKA.GD.ZS,2014,-0.649123766588139
MDG,BN.CAB.XOKA.GD.ZS,2013,-6.50549854289754
MDG,BN.CAB.XOKA.GD.ZS,2012,-7.46271017824129
MDG,BN.CAB.XOKA.GD.ZS,2011,-6.7277511440997
MDG,BN.CAB.XOKA.GD.ZS,2010,-8.94853617133511
MDG,BN.CAB.XOKA.GD.ZS,2009,-18.1718557648058
MDG,BN.CAB.XOKA.GD.ZS,2008,-15.636461385028
MDG,BN.CAB.XOKA.GD.ZS,2007,-9.88570197659671
MDG,BN.CAB.XOKA.GD.ZS,2006,-9.15517433304637
MDG,BN.CAB.XOKA.GD.ZS,2005,-12.5308217712467
MDG,BN.CAB.XOKA.GD.ZS,2004,-7.8779924793773
MDG,BN.CAB.XOKA.GD.ZS,2003,-5.14632639531453
MDG,BN.CAB.XOKA.GD.ZS,2002,-8.91359828774941
MDG,BN.CAB.XOKA.GD.ZS,2001,-2.57548758488006
MDG,BN.CAB.XOKA.GD.ZS,2000,-5.62675808214078
MDG,BN.CAB.XOKA.GD.ZS,1999,-5.24790671715345
MDG,BN.CAB.XOKA.GD.ZS,1998,-6.57345320506213
MDG,BN.CAB.XOKA.GD.ZS,1997,-4.73438947874968
MDG,BN.CAB.XOKA.GD.ZS,1996,-3.09508028987331
MDG,BN.CAB.XOKA.GD.ZS,1995,-7.19054123216569
MDG,BN.CAB.XOKA.GD.ZS,1994,-7.86534184287846
MDG,BN.CAB.XOKA.GD.ZS,1993,-6.35407434246971
MDG,BN.CAB.XOKA.GD.ZS,1992,-5.3204716566007
MDG,BN.CAB.XOKA.GD.ZS,1991,-7.05909513228602
MDG,BN.CAB.XOKA.GD.ZS,1990,-6.7402215427995
MDG,BN.CAB.XOKA.GD.ZS,1989,-2.6404487024831
MDG,BN.CAB.XOKA.GD.ZS,1988,-4.70286125740762
MDG,BN.CAB.XOKA.GD.ZS,1987,-4.38305379391793
MDG,BN.CAB.XOKA.GD.ZS,1986,-3.2809647442559
MDG,BN.CAB.XOKA.GD.ZS,1985,-4.82702654900199
MDG,BN.CAB.XOKA.GD.ZS,1984,-4.94886495208731
MDG,BN.CAB.XOKA.GD.ZS,1983,-5.27244208355968
MDG,BN.CAB.XOKA.GD.ZS,1982,-6.25574404152797
MDG,BN.CAB.XOKA.GD.ZS,1981,-7.62349463194935
MDG,BN.CAB.XOKA.GD.ZS,1980,-10.6948496985696
MDG,BN.CAB.XOKA.GD.ZS,1979,-12.3023030716153
MDG,BN.CAB.XOKA.GD.ZS,1978,-2.97289244753707
MDG,BN.CAB.XOKA.GD.ZS,1977,-0.641889420518565
MDG,BN.CAB.XOKA.GD.ZS,1976,-1.28895947796277
MDG,BN.CAB.XOKA.GD.ZS,1975,-2.43620776848847
MDG,BN.CAB.XOKA.GD.ZS,1974,-2.06694200298536
MDG,BN.CAB.XOKA.GD.ZS,1973,
MDG,BN.CAB.XOKA.GD.ZS,1972,
MDG,BN.CAB.XOKA.GD.ZS,1971,
MDG,BN.CAB.XOKA.GD.ZS,1970,
MDG,BN.CAB.XOKA.GD.ZS,1969,
MDG,BN.CAB.XOKA.GD.ZS,1968,
MDG,BN.CAB.XOKA.GD.ZS,1967,
MDG,BN.CAB.XOKA.GD.ZS,1966,
MDG,BN.CAB.XOKA.GD.ZS,1965,
MDG,BN.CAB.XOKA.GD.ZS,1964,
MDG,BN.CAB.XOKA.GD.ZS,1963,
MDG,BN.CAB.XOKA.GD.ZS,1962,
MDG,BN.CAB.XOKA.GD.ZS,1961,
MDG,BN.CAB.XOKA.GD.ZS,1960,
MWI,BN.CAB.XOKA.GD.ZS,2025,
MWI,BN.CAB.XOKA.GD.ZS,2024,-18.7805214567386
MWI,BN.CAB.XOKA.GD.ZS,2023,-15.740915952882
MWI,BN.CAB.XOKA.GD.ZS,2022,-18.342633331864
MWI,BN.CAB.XOKA.GD.ZS,2021,-15.4922606345826
MWI,BN.CAB.XOKA.GD.ZS,2020,-13.9233232374397
MWI,BN.CAB.XOKA.GD.ZS,2019,-11.9532181402648
MWI,BN.CAB.XOKA.GD.ZS,2018,-17.2587081882279
MWI,BN.CAB.XOKA.GD.ZS,2017,-17.4208707671145
MWI,BN.CAB.XOKA.GD.ZS,2016,-12.7134008077219
MWI,BN.CAB.XOKA.GD.ZS,2015,-11.5453760878876
MWI,BN.CAB.XOKA.GD.ZS,2014,-12.8223513014994
MWI,BN.CAB.XOKA.GD.ZS,2013,-15.3915920767632
MWI,BN.CAB.XOKA.GD.ZS,2012,-8.48798044395288
MWI,BN.CAB.XOKA.GD.ZS,2011,-9.75872117783744
MWI,BN.CAB.XOKA.GD.ZS,2010,-9.57007930375056
MWI,BN.CAB.XOKA.GD.ZS,2009,-6.03374203830181
MWI,BN.CAB.XOKA.GD.ZS,2008,-8.95428978540152
MWI,BN.CAB.XOKA.GD.ZS,2007,-6.47983259735382
MWI,BN.CAB.XOKA.GD.ZS,2006,-5.26911371178684
MWI,BN.CAB.XOKA.GD.ZS,2005,-9.52389293471596
MWI,BN.CAB.XOKA.GD.ZS,2004,-7.49180677650099
MWI,BN.CAB.XOKA.GD.ZS,2003,-5.33174689192045
MWI,BN.CAB.XOKA.GD.ZS,2002,-3.9449480553203
MWI,BN.CAB.XOKA.GD.ZS,2001,-2.39994803963788
MWI,BN.CAB.XOKA.GD.ZS,2000,-2.89662420047882
MWI,BN.CAB.XOKA.GD.ZS,1999,-6.09583135502042
MWI,BN.CAB.XOKA.GD.ZS,1998,-0.171765166275472
MWI,BN.CAB.XOKA.GD.ZS,1997,-7.12655435902359
MWI,BN.CAB.XOKA.GD.ZS,1996,-4.44111037598451
MWI,BN.CAB.XOKA.GD.ZS,1995,-3.83729133204213
MWI,BN.CAB.XOKA.GD.ZS,1994,-10.5056125795652
MWI,BN.CAB.XOKA.GD.ZS,1993,-5.4939588706722
MWI,BN.CAB.XOKA.GD.ZS,1992,-10.8791557554642
MWI,BN.CAB.XOKA.GD.ZS,1991,-7.10041357757523
MWI,BN.CAB.XOKA.GD.ZS,1990,-3.1489362981872
MWI,BN.CAB.XOKA.GD.ZS,1989,-2.21407095658878
MWI,BN.CAB.XOKA.GD.ZS,1988,-4.32522537037836
MWI,BN.CAB.XOKA.GD.ZS,1987,-3.51993107116671
MWI,BN.CAB.XOKA.GD.ZS,1986,-4.92595027026799
MWI,BN.CAB.XOKA.GD.ZS,1985,-7.67681587828188
MWI,BN.CAB.XOKA.GD.ZS,1984,-2.3746061115684
MWI,BN.CAB.XOKA.GD.ZS,1983,-7.34956949210379
MWI,BN.CAB.XOKA.GD.ZS,1982,-6.50393794959141
MWI,BN.CAB.XOKA.GD.ZS,1981,-8.08173989233982
MWI,BN.CAB.XOKA.GD.ZS,1980,-14.4144229275811
MWI,BN.CAB.XOKA.GD.ZS,1979,
MWI,BN.CAB.XOKA.GD.ZS,1978,
MWI,BN.CAB.XOKA.GD.ZS,1977,
MWI,BN.CAB.XOKA.GD.ZS,1976,
MWI,BN.CAB.XOKA.GD.ZS,1975,
MWI,BN.CAB.XOKA.GD.ZS,1974,
MWI,BN.CAB.XOKA.GD.ZS,1973,
MWI,BN.CAB.XOKA.GD.ZS,1972,
MWI,BN.CAB.XOKA.GD.ZS,1971,
MWI,BN.CAB.XOKA.GD.ZS,1970,
MWI,BN.CAB.XOKA.GD.ZS,1969,
MWI,BN.CAB.XOKA.GD.ZS,1968,
MWI,BN.CAB.XOKA.GD.ZS,1967,
MWI,BN.CAB.XOKA.GD.ZS,1966,
MWI,BN.CAB.XOKA.GD.ZS,1965,
MWI,BN.CAB.XOKA.GD.ZS,1964,
MWI,BN.CAB.XOKA.GD.ZS,1963,
MWI,BN.CAB.XOKA.GD.ZS,1962,
MWI,BN.CAB.XOKA.GD.ZS,1961,
MWI,BN.CAB.XOKA.GD.ZS,1960,
MYS,BN.CAB.XOKA.GD.ZS,2025,
MYS,BN.CAB.XOKA.GD.ZS,2024,1.69342393177115
MYS,BN.CAB.XOKA.GD.ZS,2023,1.56447203150546
MYS,BN.CAB.XOKA.GD.ZS,2022,3.12347110572348
MYS,BN.CAB.XOKA.GD.ZS,2021,3.87747951420626
MYS,BN.CAB.XOKA.GD.ZS,2020,4.18956779359843
MYS,BN.CAB.XOKA.GD.ZS,2019,3.50388669683417
MYS,BN.CAB.XOKA.GD.ZS,2018,2.23708206947011
MYS,BN.CAB.XOKA.GD.ZS,2017,2.807870911226
MYS,BN.CAB.XOKA.GD.ZS,2016,2.36768591329055
MYS,BN.CAB.XOKA.GD.ZS,2015,3.00891850128321
MYS,BN.CAB.XOKA.GD.ZS,2014,4.39159166153875
MYS,BN.CAB.XOKA.GD.ZS,2013,3.46614353655811
MYS,BN.CAB.XOKA.GD.ZS,2012,5.18877994987762
MYS,BN.CAB.XOKA.GD.ZS,2011,10.905001967915
MYS,BN.CAB.XOKA.GD.ZS,2010,10.0556778509323
MYS,BN.CAB.XOKA.GD.ZS,2009,15.7230105263055
MYS,BN.CAB.XOKA.GD.ZS,2008,16.8597967039905
MYS,BN.CAB.XOKA.GD.ZS,2007,15.3811208611024
MYS,BN.CAB.XOKA.GD.ZS,2006,16.1037222225662
MYS,BN.CAB.XOKA.GD.ZS,2005,13.9199700905602
MYS,BN.CAB.XOKA.GD.ZS,2004,12.0877738119346
MYS,BN.CAB.XOKA.GD.ZS,2003,12.1423505560344
MYS,BN.CAB.XOKA.GD.ZS,2002,7.12945542035369
MYS,BN.CAB.XOKA.GD.ZS,2001,7.85355934414698
MYS,BN.CAB.XOKA.GD.ZS,2000,9.04991849068885
MYS,BN.CAB.XOKA.GD.ZS,1999,15.9240800095756
MYS,BN.CAB.XOKA.GD.ZS,1998,13.2035212438437
MYS,BN.CAB.XOKA.GD.ZS,1997,-5.93493554436093
MYS,BN.CAB.XOKA.GD.ZS,1996,-4.4241026644928
MYS,BN.CAB.XOKA.GD.ZS,1995,-9.74414011928345
MYS,BN.CAB.XOKA.GD.ZS,1994,-6.06906128911756
MYS,BN.CAB.XOKA.GD.ZS,1993,-4.4711197835
MYS,BN.CAB.XOKA.GD.ZS,1992,-3.66302477841909
MYS,BN.CAB.XOKA.GD.ZS,1991,-8.51147688277301
MYS,BN.CAB.XOKA.GD.ZS,1990,-1.97596593915066
MYS,BN.CAB.XOKA.GD.ZS,1989,0.809632059184721
MYS,BN.CAB.XOKA.GD.ZS,1988,5.29392592570483
MYS,BN.CAB.XOKA.GD.ZS,1987,8.00271214348334
MYS,BN.CAB.XOKA.GD.ZS,1986,-0.365952501370538
MYS,BN.CAB.XOKA.GD.ZS,1985,-1.9233254163205
MYS,BN.CAB.XOKA.GD.ZS,1984,-4.88120748347306
MYS,BN.CAB.XOKA.GD.ZS,1983,-11.4743626183944
MYS,BN.CAB.XOKA.GD.ZS,1982,-13.3756149428527
MYS,BN.CAB.XOKA.GD.ZS,1981,-9.87450749320037
MYS,BN.CAB.XOKA.GD.ZS,1980,-1.08614075107854
MYS,BN.CAB.XOKA.GD.ZS,1979,4.43736066361294
MYS,BN.CAB.XOKA.GD.ZS,1978,0.776012359261825
MYS,BN.CAB.XOKA.GD.ZS,1977,3.40136008483581
MYS,BN.CAB.XOKA.GD.ZS,1976,5.30176250841449
MYS,BN.CAB.XOKA.GD.ZS,1975,-5.28318159461671
MYS,BN.CAB.XOKA.GD.ZS,1974,-5.66978816989834
MYS,BN.CAB.XOKA.GD.ZS,1973,
MYS,BN.CAB.XOKA.GD.ZS,1972,
MYS,BN.CAB.XOKA.GD.ZS,1971,
MYS,BN.CAB.XOKA.GD.ZS,1970,
MYS,BN.CAB.XOKA.GD.ZS,1969,
MYS,BN.CAB.XOKA.GD.ZS,1968,
MYS,BN.CAB.XOKA.GD.ZS,1967,
MYS,BN.CAB.XOKA.GD.ZS,1966,
MYS,BN.CAB.XOKA.GD.ZS,1965,
MYS,BN.CAB.XOKA.GD.ZS,1964,
MYS,BN.CAB.XOKA.GD.ZS,1963,
MYS,BN.CAB.XOKA.GD.ZS,1962,
MYS,BN.CAB.XOKA.GD.ZS,1961,
MYS,BN.CAB.XOKA.GD.ZS,1960,
MDV,BN.CAB.XOKA.GD.ZS,2025,
MDV,BN.CAB.XOKA.GD.ZS,2024,-18.6788603634035
MDV,BN.CAB.XOKA.GD.ZS,2023,-21.1388087335441
MDV,BN.CAB.XOKA.GD.ZS,2022,-16.868196658323
MDV,BN.CAB.XOKA.GD.ZS,2021,-8.63308174559145
MDV,BN.CAB.XOKA.GD.ZS,2020,-35.7483018974442
MDV,BN.CAB.XOKA.GD.ZS,2019,-25.8168822522057
MDV,BN.CAB.XOKA.GD.ZS,2018,-27.8019976962882
MDV,BN.CAB.XOKA.GD.ZS,2017,-21.267761433937
MDV,BN.CAB.XOKA.GD.ZS,2016,-23.4109557277276
MDV,BN.CAB.XOKA.GD.ZS,2015,-7.30588031911147
MDV,BN.CAB.XOKA.GD.ZS,2014,-3.18665825232612
MDV,BN.CAB.XOKA.GD.ZS,2013,-3.86626742586717
MDV,BN.CAB.XOKA.GD.ZS,2012,-6.3922910977274
MDV,BN.CAB.XOKA.GD.ZS,2011,-13.8208553363039
MDV,BN.CAB.XOKA.GD.ZS,2010,-7.57604640472633
MDV,BN.CAB.XOKA.GD.ZS,2009,-9.41593217957294
MDV,BN.CAB.XOKA.GD.ZS,2008,-26.9277527694823
MDV,BN.CAB.XOKA.GD.ZS,2007,-14.3948746476646
MDV,BN.CAB.XOKA.GD.ZS,2006,-19.1705839350464
MDV,BN.CAB.XOKA.GD.ZS,2005,-23.4672692200603
MDV,BN.CAB.XOKA.GD.ZS,2004,-9.9708472282721
MDV,BN.CAB.XOKA.GD.ZS,2003,-2.97459860769224
MDV,BN.CAB.XOKA.GD.ZS,2002,-3.96704001433817
MDV,BN.CAB.XOKA.GD.ZS,2001,-6.74959538197381
MDV,BN.CAB.XOKA.GD.ZS,2000,-8.24543127431548
MDV,BN.CAB.XOKA.GD.ZS,1999,-13.3953146587577
MDV,BN.CAB.XOKA.GD.ZS,1998,-4.04791854699075
MDV,BN.CAB.XOKA.GD.ZS,1997,-6.8289803723186
MDV,BN.CAB.XOKA.GD.ZS,1996,-1.65325346284258
MDV,BN.CAB.XOKA.GD.ZS,1995,-4.55205734073564
MDV,BN.CAB.XOKA.GD.ZS,1994,-3.12051376186332
MDV,BN.CAB.XOKA.GD.ZS,1993,-16.688220023314
MDV,BN.CAB.XOKA.GD.ZS,1992,-6.89375110912518
MDV,BN.CAB.XOKA.GD.ZS,1991,-3.67599589121679
MDV,BN.CAB.XOKA.GD.ZS,1990,4.58227775785015
MDV,BN.CAB.XOKA.GD.ZS,1989,5.60359364579896
MDV,BN.CAB.XOKA.GD.ZS,1988,5.36592222505338
MDV,BN.CAB.XOKA.GD.ZS,1987,5.70441069831851
MDV,BN.CAB.XOKA.GD.ZS,1986,-0.208041146185758
MDV,BN.CAB.XOKA.GD.ZS,1985,-4.32421355782012
MDV,BN.CAB.XOKA.GD.ZS,1984,-14.8853626943005
MDV,BN.CAB.XOKA.GD.ZS,1983,-41.8469462840324
MDV,BN.CAB.XOKA.GD.ZS,1982,-39.8653010474251
MDV,BN.CAB.XOKA.GD.ZS,1981,-45.1079562259686
MDV,BN.CAB.XOKA.GD.ZS,1980,-52.2800998128509
MDV,BN.CAB.XOKA.GD.ZS,1979,-12.4599708879185
MDV,BN.CAB.XOKA.GD.ZS,1978,6.56568933523214
MDV,BN.CAB.XOKA.GD.ZS,1977,
MDV,BN.CAB.XOKA.GD.ZS,1976,
MDV,BN.CAB.XOKA.GD.ZS,1975,
MDV,BN.CAB.XOKA.GD.ZS,1974,
MDV,BN.CAB.XOKA.GD.ZS,1973,
MDV,BN.CAB.XOKA.GD.ZS,1972,
MDV,BN.CAB.XOKA.GD.ZS,1971,
MDV,BN.CAB.XOKA.GD.ZS,1970,
MDV,BN.CAB.XOKA.GD.ZS,1969,
MDV,BN.CAB.XOKA.GD.ZS,1968,
MDV,BN.CAB.XOKA.GD.ZS,1967,
MDV,BN.CAB.XOKA.GD.ZS,1966,
MDV,BN.CAB.XOKA.GD.ZS,1965,
MDV,BN.CAB.XOKA.GD.ZS,1964,
MDV,BN.CAB.XOKA.GD.ZS,1963,
MDV,BN.CAB.XOKA.GD.ZS,1962,
MDV,BN.CAB.XOKA.GD.ZS,1961,
MDV,BN.CAB.XOKA.GD.ZS,1960,
MLI,BN.CAB.XOKA.GD.ZS,2025,
MLI,BN.CAB.XOKA.GD.ZS,2024,
MLI,BN.CAB.XOKA.GD.ZS,2023,-6.48963461165968
MLI,BN.CAB.XOKA.GD.ZS,2022,-6.54582121437751
MLI,BN.CAB.XOKA.GD.ZS,2021,-6.3850831125797
MLI,BN.CAB.XOKA.GD.ZS,2020,-1.83434524248166
MLI,BN.CAB.XOKA.GD.ZS,2019,-6.29353963446866
MLI,BN.CAB.XOKA.GD.ZS,2018,-4.10572622720131
MLI,BN.CAB.XOKA.GD.ZS,2017,-6.62494382399689
MLI,BN.CAB.XOKA.GD.ZS,2016,-6.06695219310335
MLI,BN.CAB.XOKA.GD.ZS,2015,-4.47729474332982
MLI,BN.CAB.XOKA.GD.ZS,2014,-3.96176216531441
MLI,BN.CAB.XOKA.GD.ZS,2013,-2.38005150096666
MLI,BN.CAB.XOKA.GD.ZS,2012,-1.8428468348672
MLI,BN.CAB.XOKA.GD.ZS,2011,-4.25352174178386
MLI,BN.CAB.XOKA.GD.ZS,2010,-9.37082497923895
MLI,BN.CAB.XOKA.GD.ZS,2009,-5.40923592960796
MLI,BN.CAB.XOKA.GD.ZS,2008,-9.31503755768224
MLI,BN.CAB.XOKA.GD.ZS,2007,-5.99962370767425
MLI,BN.CAB.XOKA.GD.ZS,2006,-2.66376814253744
MLI,BN.CAB.XOKA.GD.ZS,2005,-5.89425017186674
MLI,BN.CAB.XOKA.GD.ZS,2004,-6.31694830597221
MLI,BN.CAB.XOKA.GD.ZS,2003,-4.84483163512079
MLI,BN.CAB.XOKA.GD.ZS,2002,-3.21727063108378
MLI,BN.CAB.XOKA.GD.ZS,2001,-7.52403238222972
MLI,BN.CAB.XOKA.GD.ZS,2000,-7.24552346559737
MLI,BN.CAB.XOKA.GD.ZS,1999,-6.18523088120835
MLI,BN.CAB.XOKA.GD.ZS,1998,-5.34578923847569
MLI,BN.CAB.XOKA.GD.ZS,1997,-5.22446619575968
MLI,BN.CAB.XOKA.GD.ZS,1996,-6.96743484214146
MLI,BN.CAB.XOKA.GD.ZS,1995,-8.41376338892622
MLI,BN.CAB.XOKA.GD.ZS,1994,-6.12345153490144
MLI,BN.CAB.XOKA.GD.ZS,1993,-5.19115126282651
MLI,BN.CAB.XOKA.GD.ZS,1992,-6.5351428696225
MLI,BN.CAB.XOKA.GD.ZS,1991,-4.82371658685156
MLI,BN.CAB.XOKA.GD.ZS,1990,-6.80777618515457
MLI,BN.CAB.XOKA.GD.ZS,1989,-5.31436883838805
MLI,BN.CAB.XOKA.GD.ZS,1988,-8.89052518906395
MLI,BN.CAB.XOKA.GD.ZS,1987,-8.76249123043547
MLI,BN.CAB.XOKA.GD.ZS,1986,-11.9136419554297
MLI,BN.CAB.XOKA.GD.ZS,1985,-13.1512620418377
MLI,BN.CAB.XOKA.GD.ZS,1984,-8.57501883745357
MLI,BN.CAB.XOKA.GD.ZS,1983,-6.86254888780895
MLI,BN.CAB.XOKA.GD.ZS,1982,-6.85518433446282
MLI,BN.CAB.XOKA.GD.ZS,1981,-6.26629687898775
MLI,BN.CAB.XOKA.GD.ZS,1980,-4.59704883491192
MLI,BN.CAB.XOKA.GD.ZS,1979,-7.10381454337419
MLI,BN.CAB.XOKA.GD.ZS,1978,-11.9435334966183
MLI,BN.CAB.XOKA.GD.ZS,1977,0.514651729783945
MLI,BN.CAB.XOKA.GD.ZS,1976,-4.49681215593962
MLI,BN.CAB.XOKA.GD.ZS,1975,-7.36103616514136
MLI,BN.CAB.XOKA.GD.ZS,1974,
MLI,BN.CAB.XOKA.GD.ZS,1973,
MLI,BN.CAB.XOKA.GD.ZS,1972,
MLI,BN.CAB.XOKA.GD.ZS,1971,
MLI,BN.CAB.XOKA.GD.ZS,1970,
MLI,BN.CAB.XOKA.GD.ZS,1969,
MLI,BN.CAB.XOKA.GD.ZS,1968,
MLI,BN.CAB.XOKA.GD.ZS,1967,
MLI,BN.CAB.XOKA.GD.ZS,1966,
MLI,BN.CAB.XOKA.GD.ZS,1965,
MLI,BN.CAB.XOKA.GD.ZS,1964,
MLI,BN.CAB.XOKA.GD.ZS,1963,
MLI,BN.CAB.XOKA.GD.ZS,1962,
MLI,BN.CAB.XOKA.GD.ZS,1961,
MLI,BN.CAB.XOKA.GD.ZS,1960,
MLT,BN.CAB.XOKA.GD.ZS,2025,
MLT,BN.CAB.XOKA.GD.ZS,2024,7.11978891680917
MLT,BN.CAB.XOKA.GD.ZS,2023,6.30089538215926
MLT,BN.CAB.XOKA.GD.ZS,2022,-0.885503559954007
MLT,BN.CAB.XOKA.GD.ZS,2021,9.34016302316913
MLT,BN.CAB.XOKA.GD.ZS,2020,16.0980846546404
MLT,BN.CAB.XOKA.GD.ZS,2019,17.8499331599097
MLT,BN.CAB.XOKA.GD.ZS,2018,13.3484161589241
MLT,BN.CAB.XOKA.GD.ZS,2017,19.1577413614009
MLT,BN.CAB.XOKA.GD.ZS,2016,-0.551812269326523
MLT,BN.CAB.XOKA.GD.ZS,2015,2.65010086224834
MLT,BN.CAB.XOKA.GD.ZS,2014,8.34223890277402
MLT,BN.CAB.XOKA.GD.ZS,2013,2.50365373979221
MLT,BN.CAB.XOKA.GD.ZS,2012,1.57359476448417
MLT,BN.CAB.XOKA.GD.ZS,2011,-0.132890972933412
MLT,BN.CAB.XOKA.GD.ZS,2010,-4.61361470030827
MLT,BN.CAB.XOKA.GD.ZS,2009,-6.38592588118337
MLT,BN.CAB.XOKA.GD.ZS,2008,-0.84245975483611
MLT,BN.CAB.XOKA.GD.ZS,2007,-2.01354113279807
MLT,BN.CAB.XOKA.GD.ZS,2006,-7.86241515468954
MLT,BN.CAB.XOKA.GD.ZS,2005,-6.53614983970971
MLT,BN.CAB.XOKA.GD.ZS,2004,-3.79516217001536
MLT,BN.CAB.XOKA.GD.ZS,2003,-2.88428116203034
MLT,BN.CAB.XOKA.GD.ZS,2002,2.38461505525138
MLT,BN.CAB.XOKA.GD.ZS,2001,-3.67648417825553
MLT,BN.CAB.XOKA.GD.ZS,2000,-11.9011100128992
MLT,BN.CAB.XOKA.GD.ZS,1999,-3.26891418734557
MLT,BN.CAB.XOKA.GD.ZS,1998,-5.80881792382633
MLT,BN.CAB.XOKA.GD.ZS,1997,-5.98624303140212
MLT,BN.CAB.XOKA.GD.ZS,1996,-11.0484046228249
MLT,BN.CAB.XOKA.GD.ZS,1995,-10.2409323629897
MLT,BN.CAB.XOKA.GD.ZS,1994,-4.38669866918775
MLT,BN.CAB.XOKA.GD.ZS,1993,-3.11297972427212
MLT,BN.CAB.XOKA.GD.ZS,1992,1.00065569947373
MLT,BN.CAB.XOKA.GD.ZS,1991,-0.267945444571049
MLT,BN.CAB.XOKA.GD.ZS,1990,-2.18883983724937
MLT,BN.CAB.XOKA.GD.ZS,1989,-0.446951215692409
MLT,BN.CAB.XOKA.GD.ZS,1988,3.02320057967983
MLT,BN.CAB.XOKA.GD.ZS,1987,1.28913411083519
MLT,BN.CAB.XOKA.GD.ZS,1986,0.478757915288438
MLT,BN.CAB.XOKA.GD.ZS,1985,-2.30730980160412
MLT,BN.CAB.XOKA.GD.ZS,1984,0.74807466958359
MLT,BN.CAB.XOKA.GD.ZS,1983,-0.416568443192583
MLT,BN.CAB.XOKA.GD.ZS,1982,1.00239914244344
MLT,BN.CAB.XOKA.GD.ZS,1981,6.94580025138224
MLT,BN.CAB.XOKA.GD.ZS,1980,3.10291536031431
MLT,BN.CAB.XOKA.GD.ZS,1979,4.65269172019856
MLT,BN.CAB.XOKA.GD.ZS,1978,9.15426072699029
MLT,BN.CAB.XOKA.GD.ZS,1977,6.39712777162392
MLT,BN.CAB.XOKA.GD.ZS,1976,10.4257199662179
MLT,BN.CAB.XOKA.GD.ZS,1975,12.4845845962855
MLT,BN.CAB.XOKA.GD.ZS,1974,1.37957314674995
MLT,BN.CAB.XOKA.GD.ZS,1973,8.78692792612764
MLT,BN.CAB.XOKA.GD.ZS,1972,7.63726180284564
MLT,BN.CAB.XOKA.GD.ZS,1971,0.464201295773376
MLT,BN.CAB.XOKA.GD.ZS,1970,
MLT,BN.CAB.XOKA.GD.ZS,1969,
MLT,BN.CAB.XOKA.GD.ZS,1968,
MLT,BN.CAB.XOKA.GD.ZS,1967,
MLT,BN.CAB.XOKA.GD.ZS,1966,
MLT,BN.CAB.XOKA.GD.ZS,1965,
MLT,BN.CAB.XOKA.GD.ZS,1964,
MLT,BN.CAB.XOKA.GD.ZS,1963,
MLT,BN.CAB.XOKA.GD.ZS,1962,
MLT,BN.CAB.XOKA.GD.ZS,1961,
MLT,BN.CAB.XOKA.GD.ZS,1960,
MHL,BN.CAB.XOKA.GD.ZS,2025,
MHL,BN.CAB.XOKA.GD.ZS,2024,
MHL,BN.CAB.XOKA.GD.ZS,2023,
MHL,BN.CAB.XOKA.GD.ZS,2022,
MHL,BN.CAB.XOKA.GD.ZS,2021,29.1920038147995
MHL,BN.CAB.XOKA.GD.ZS,2020,37.3371142778297
MHL,BN.CAB.XOKA.GD.ZS,2019,36.9827881728596
MHL,BN.CAB.XOKA.GD.ZS,2018,24.1051166048242
MHL,BN.CAB.XOKA.GD.ZS,2017,6.04608391648484
MHL,BN.CAB.XOKA.GD.ZS,2016,-8.03419828647661
MHL,BN.CAB.XOKA.GD.ZS,2015,-3.82810868960235
MHL,BN.CAB.XOKA.GD.ZS,2014,-2.6233164365833
MHL,BN.CAB.XOKA.GD.ZS,2013,-15.5136760481559
MHL,BN.CAB.XOKA.GD.ZS,2012,-10.853093241824
MHL,BN.CAB.XOKA.GD.ZS,2011,-3.35417720964158
MHL,BN.CAB.XOKA.GD.ZS,2010,-8.90157593664854
MHL,BN.CAB.XOKA.GD.ZS,2009,-17.4606242687681
MHL,BN.CAB.XOKA.GD.ZS,2008,-3.7626711451161
MHL,BN.CAB.XOKA.GD.ZS,2007,-5.46347487121282
MHL,BN.CAB.XOKA.GD.ZS,2006,-4.31769265889554
MHL,BN.CAB.XOKA.GD.ZS,2005,-1.84152127674111
MHL,BN.CAB.XOKA.GD.ZS,2004,
MHL,BN.CAB.XOKA.GD.ZS,2003,
MHL,BN.CAB.XOKA.GD.ZS,2002,
MHL,BN.CAB.XOKA.GD.ZS,2001,
MHL,BN.CAB.XOKA.GD.ZS,2000,
MHL,BN.CAB.XOKA.GD.ZS,1999,
MHL,BN.CAB.XOKA.GD.ZS,1998,
MHL,BN.CAB.XOKA.GD.ZS,1997,
MHL,BN.CAB.XOKA.GD.ZS,1996,
MHL,BN.CAB.XOKA.GD.ZS,1995,
MHL,BN.CAB.XOKA.GD.ZS,1994,
MHL,BN.CAB.XOKA.GD.ZS,1993,
MHL,BN.CAB.XOKA.GD.ZS,1992,
MHL,BN.CAB.XOKA.GD.ZS,1991,
MHL,BN.CAB.XOKA.GD.ZS,1990,
MHL,BN.CAB.XOKA.GD.ZS,1989,
MHL,BN.CAB.XOKA.GD.ZS,1988,
MHL,BN.CAB.XOKA.GD.ZS,1987,
MHL,BN.CAB.XOKA.GD.ZS,1986,
MHL,BN.CAB.XOKA.GD.ZS,1985,
MHL,BN.CAB.XOKA.GD.ZS,1984,
MHL,BN.CAB.XOKA.GD.ZS,1983,
MHL,BN.CAB.XOKA.GD.ZS,1982,
MHL,BN.CAB.XOKA.GD.ZS,1981,
MHL,BN.CAB.XOKA.GD.ZS,1980,
MHL,BN.CAB.XOKA.GD.ZS,1979,
MHL,BN.CAB.XOKA.GD.ZS,1978,
MHL,BN.CAB.XOKA.GD.ZS,1977,
MHL,BN.CAB.XOKA.GD.ZS,1976,
MHL,BN.CAB.XOKA.GD.ZS,1975,
MHL,BN.CAB.XOKA.GD.ZS,1974,
MHL,BN.CAB.XOKA.GD.ZS,1973,
MHL,BN.CAB.XOKA.GD.ZS,1972,
MHL,BN.CAB.XOKA.GD.ZS,1971,
MHL,BN.CAB.XOKA.GD.ZS,1970,
MHL,BN.CAB.XOKA.GD.ZS,1969,
MHL,BN.CAB.XOKA.GD.ZS,1968,
MHL,BN.CAB.XOKA.GD.ZS,1967,
MHL,BN.CAB.XOKA.GD.ZS,1966,
MHL,BN.CAB.XOKA.GD.ZS,1965,
MHL,BN.CAB.XOKA.GD.ZS,1964,
MHL,BN.CAB.XOKA.GD.ZS,1963,
MHL,BN.CAB.XOKA.GD.ZS,1962,
MHL,BN.CAB.XOKA.GD.ZS,1961,
MHL,BN.CAB.XOKA.GD.ZS,1960,
MRT,BN.CAB.XOKA.GD.ZS,2025,
MRT,BN.CAB.XOKA.GD.ZS,2024,-9.52858140186957
MRT,BN.CAB.XOKA.GD.ZS,2023,-9.01016507947871
MRT,BN.CAB.XOKA.GD.ZS,2022,-14.8995650002896
MRT,BN.CAB.XOKA.GD.ZS,2021,-8.75965093399859
MRT,BN.CAB.XOKA.GD.ZS,2020,-6.97484998771504
MRT,BN.CAB.XOKA.GD.ZS,2019,-10.5273103616245
MRT,BN.CAB.XOKA.GD.ZS,2018,-13.0177274187857
MRT,BN.CAB.XOKA.GD.ZS,2017,-10.4262723627796
MRT,BN.CAB.XOKA.GD.ZS,2016,-11.0456852081297
MRT,BN.CAB.XOKA.GD.ZS,2015,-15.5013464565918
MRT,BN.CAB.XOKA.GD.ZS,2014,-22.3452375422524
MRT,BN.CAB.XOKA.GD.ZS,2013,-17.4684556266355
MRT,BN.CAB.XOKA.GD.ZS,2012,-18.2231603717948
MRT,BN.CAB.XOKA.GD.ZS,2011,
MRT,BN.CAB.XOKA.GD.ZS,2010,
MRT,BN.CAB.XOKA.GD.ZS,2009,
MRT,BN.CAB.XOKA.GD.ZS,2008,
MRT,BN.CAB.XOKA.GD.ZS,2007,
MRT,BN.CAB.XOKA.GD.ZS,2006,
MRT,BN.CAB.XOKA.GD.ZS,2005,
MRT,BN.CAB.XOKA.GD.ZS,2004,
MRT,BN.CAB.XOKA.GD.ZS,2003,
MRT,BN.CAB.XOKA.GD.ZS,2002,
MRT,BN.CAB.XOKA.GD.ZS,2001,
MRT,BN.CAB.XOKA.GD.ZS,2000,
MRT,BN.CAB.XOKA.GD.ZS,1999,
MRT,BN.CAB.XOKA.GD.ZS,1998,3.80082497366029
MRT,BN.CAB.XOKA.GD.ZS,1997,2.30835544807712
MRT,BN.CAB.XOKA.GD.ZS,1996,4.28139003061522
MRT,BN.CAB.XOKA.GD.ZS,1995,1.05695623655627
MRT,BN.CAB.XOKA.GD.ZS,1994,-3.59160631784022
MRT,BN.CAB.XOKA.GD.ZS,1993,-9.41968080103241
MRT,BN.CAB.XOKA.GD.ZS,1992,-5.46477221371503
MRT,BN.CAB.XOKA.GD.ZS,1991,-1.40007940327722
MRT,BN.CAB.XOKA.GD.ZS,1990,-0.638836324729016
MRT,BN.CAB.XOKA.GD.ZS,1989,-1.28119525557269
MRT,BN.CAB.XOKA.GD.ZS,1988,-6.77608121715172
MRT,BN.CAB.XOKA.GD.ZS,1987,-10.9484542524503
MRT,BN.CAB.XOKA.GD.ZS,1986,-16.3711950009784
MRT,BN.CAB.XOKA.GD.ZS,1985,-11.4915971196101
MRT,BN.CAB.XOKA.GD.ZS,1984,-10.3031530161224
MRT,BN.CAB.XOKA.GD.ZS,1983,-18.2823981221041
MRT,BN.CAB.XOKA.GD.ZS,1982,-24.9433928299073
MRT,BN.CAB.XOKA.GD.ZS,1981,-13.3089700008826
MRT,BN.CAB.XOKA.GD.ZS,1980,-12.7158226484781
MRT,BN.CAB.XOKA.GD.ZS,1979,-10.1838644254642
MRT,BN.CAB.XOKA.GD.ZS,1978,-9.72025213012514
MRT,BN.CAB.XOKA.GD.ZS,1977,-15.2971067306739
MRT,BN.CAB.XOKA.GD.ZS,1976,-11.0888624186153
MRT,BN.CAB.XOKA.GD.ZS,1975,-8.98459138146242
MRT,BN.CAB.XOKA.GD.ZS,1974,
MRT,BN.CAB.XOKA.GD.ZS,1973,
MRT,BN.CAB.XOKA.GD.ZS,1972,
MRT,BN.CAB.XOKA.GD.ZS,1971,
MRT,BN.CAB.XOKA.GD.ZS,1970,
MRT,BN.CAB.XOKA.GD.ZS,1969,
MRT,BN.CAB.XOKA.GD.ZS,1968,
MRT,BN.CAB.XOKA.GD.ZS,1967,
MRT,BN.CAB.XOKA.GD.ZS,1966,
MRT,BN.CAB.XOKA.GD.ZS,1965,
MRT,BN.CAB.XOKA.GD.ZS,1964,
MRT,BN.CAB.XOKA.GD.ZS,1963,
MRT,BN.CAB.XOKA.GD.ZS,1962,
MRT,BN.CAB.XOKA.GD.ZS,1961,
MRT,BN.CAB.XOKA.GD.ZS,1960,
MUS,BN.CAB.XOKA.GD.ZS,2025,
MUS,BN.CAB.XOKA.GD.ZS,2024,-7.02920844583031
MUS,BN.CAB.XOKA.GD.ZS,2023,-4.95170152620903
MUS,BN.CAB.XOKA.GD.ZS,2022,-11.1067938800961
MUS,BN.CAB.XOKA.GD.ZS,2021,-12.8775923599067
MUS,BN.CAB.XOKA.GD.ZS,2020,-8.66939843609858
MUS,BN.CAB.XOKA.GD.ZS,2019,-4.90600168637665
MUS,BN.CAB.XOKA.GD.ZS,2018,-3.71313154895019
MUS,BN.CAB.XOKA.GD.ZS,2017,-4.40548405285013
MUS,BN.CAB.XOKA.GD.ZS,2016,-3.8514172228531
MUS,BN.CAB.XOKA.GD.ZS,2015,-3.4285246337473
MUS,BN.CAB.XOKA.GD.ZS,2014,-5.21545878552884
MUS,BN.CAB.XOKA.GD.ZS,2013,-6.03377414727121
MUS,BN.CAB.XOKA.GD.ZS,2012,-6.99365644865861
MUS,BN.CAB.XOKA.GD.ZS,2011,-13.3613354439671
MUS,BN.CAB.XOKA.GD.ZS,2010,-9.91425993466698
MUS,BN.CAB.XOKA.GD.ZS,2009,-7.06968200922858
MUS,BN.CAB.XOKA.GD.ZS,2008,-9.63453373757756
MUS,BN.CAB.XOKA.GD.ZS,2007,-5.24237931729467
MUS,BN.CAB.XOKA.GD.ZS,2006,-8.46784533621495
MUS,BN.CAB.XOKA.GD.ZS,2005,-4.92618819781318
MUS,BN.CAB.XOKA.GD.ZS,2004,-1.67663771284403
MUS,BN.CAB.XOKA.GD.ZS,2003,1.58063931123062
MUS,BN.CAB.XOKA.GD.ZS,2002,5.08279804408041
MUS,BN.CAB.XOKA.GD.ZS,2001,5.90451835820637
MUS,BN.CAB.XOKA.GD.ZS,2000,-0.781626205334805
MUS,BN.CAB.XOKA.GD.ZS,1999,-2.82125117014597
MUS,BN.CAB.XOKA.GD.ZS,1998,0.0779181257579551
MUS,BN.CAB.XOKA.GD.ZS,1997,-2.09597267957948
MUS,BN.CAB.XOKA.GD.ZS,1996,0.758385031201646
MUS,BN.CAB.XOKA.GD.ZS,1995,-0.533764277492419
MUS,BN.CAB.XOKA.GD.ZS,1994,-6.43547581135827
MUS,BN.CAB.XOKA.GD.ZS,1993,-2.78237744784667
MUS,BN.CAB.XOKA.GD.ZS,1992,-0.0039327073973784
MUS,BN.CAB.XOKA.GD.ZS,1991,-0.57371099468889
MUS,BN.CAB.XOKA.GD.ZS,1990,-4.43571320618403
MUS,BN.CAB.XOKA.GD.ZS,1989,-4.68240254286228
MUS,BN.CAB.XOKA.GD.ZS,1988,-2.59725145626588
MUS,BN.CAB.XOKA.GD.ZS,1987,3.41370233980874
MUS,BN.CAB.XOKA.GD.ZS,1986,6.34602820072293
MUS,BN.CAB.XOKA.GD.ZS,1985,-2.70755756197359
MUS,BN.CAB.XOKA.GD.ZS,1984,-4.84424708206637
MUS,BN.CAB.XOKA.GD.ZS,1983,-1.73175666929049
MUS,BN.CAB.XOKA.GD.ZS,1982,-3.7617184872716
MUS,BN.CAB.XOKA.GD.ZS,1981,-12.6806719420357
MUS,BN.CAB.XOKA.GD.ZS,1980,-10.2109154006487
MUS,BN.CAB.XOKA.GD.ZS,1979,-11.8689896102946
MUS,BN.CAB.XOKA.GD.ZS,1978,-11.3839573115946
MUS,BN.CAB.XOKA.GD.ZS,1977,-9.33770801125651
MUS,BN.CAB.XOKA.GD.ZS,1976,-4.92937852824705
MUS,BN.CAB.XOKA.GD.ZS,1975,
MUS,BN.CAB.XOKA.GD.ZS,1974,
MUS,BN.CAB.XOKA.GD.ZS,1973,
MUS,BN.CAB.XOKA.GD.ZS,1972,
MUS,BN.CAB.XOKA.GD.ZS,1971,
MUS,BN.CAB.XOKA.GD.ZS,1970,
MUS,BN.CAB.XOKA.GD.ZS,1969,
MUS,BN.CAB.XOKA.GD.ZS,1968,
MUS,BN.CAB.XOKA.GD.ZS,1967,
MUS,BN.CAB.XOKA.GD.ZS,1966,
MUS,BN.CAB.XOKA.GD.ZS,1965,
MUS,BN.CAB.XOKA.GD.ZS,1964,
MUS,BN.CAB.XOKA.GD.ZS,1963,
MUS,BN.CAB.XOKA.GD.ZS,1962,
MUS,BN.CAB.XOKA.GD.ZS,1961,
MUS,BN.CAB.XOKA.GD.ZS,1960,
MEX,BN.CAB.XOKA.GD.ZS,2025,
MEX,BN.CAB.XOKA.GD.ZS,2024,-0.901772757867301
MEX,BN.CAB.XOKA.GD.ZS,2023,-0.700390860917119
MEX,BN.CAB.XOKA.GD.ZS,2022,-1.28978094141973
MEX,BN.CAB.XOKA.GD.ZS,2021,-0.346548814054211
MEX,BN.CAB.XOKA.GD.ZS,2020,2.39690767800282
MEX,BN.CAB.XOKA.GD.ZS,2019,-0.296844402044544
MEX,BN.CAB.XOKA.GD.ZS,2018,-2.06414074457574
MEX,BN.CAB.XOKA.GD.ZS,2017,-1.79746290774801
MEX,BN.CAB.XOKA.GD.ZS,2016,-2.27311198277187
MEX,BN.CAB.XOKA.GD.ZS,2015,-2.59917628210589
MEX,BN.CAB.XOKA.GD.ZS,2014,-1.82131927662925
MEX,BN.CAB.XOKA.GD.ZS,2013,-2.39396960197863
MEX,BN.CAB.XOKA.GD.ZS,2012,-1.40984864750596
MEX,BN.CAB.XOKA.GD.ZS,2011,-0.857892612318958
MEX,BN.CAB.XOKA.GD.ZS,2010,-0.339592498650934
MEX,BN.CAB.XOKA.GD.ZS,2009,-0.750928571008077
MEX,BN.CAB.XOKA.GD.ZS,2008,-1.40680860965349
MEX,BN.CAB.XOKA.GD.ZS,2007,-0.844640815298196
MEX,BN.CAB.XOKA.GD.ZS,2006,-0.316555541136008
MEX,BN.CAB.XOKA.GD.ZS,2005,-0.623534401583354
MEX,BN.CAB.XOKA.GD.ZS,2004,-0.464775659455354
MEX,BN.CAB.XOKA.GD.ZS,2003,-0.526761129661888
MEX,BN.CAB.XOKA.GD.ZS,2002,-1.52936520808687
MEX,BN.CAB.XOKA.GD.ZS,2001,-2.23003398954777
MEX,BN.CAB.XOKA.GD.ZS,2000,-2.52707170138346
MEX,BN.CAB.XOKA.GD.ZS,1999,-2.21778204046026
MEX,BN.CAB.XOKA.GD.ZS,1998,-2.8688383681894
MEX,BN.CAB.XOKA.GD.ZS,1997,-1.46431251799993
MEX,BN.CAB.XOKA.GD.ZS,1996,-0.580284830782932
MEX,BN.CAB.XOKA.GD.ZS,1995,-0.414680790187327
MEX,BN.CAB.XOKA.GD.ZS,1994,-5.35786349392844
MEX,BN.CAB.XOKA.GD.ZS,1993,-4.41375552546445
MEX,BN.CAB.XOKA.GD.ZS,1992,-6.73040694268406
MEX,BN.CAB.XOKA.GD.ZS,1991,-4.75442816258017
MEX,BN.CAB.XOKA.GD.ZS,1990,-2.85201728941809
MEX,BN.CAB.XOKA.GD.ZS,1989,-2.63094782575329
MEX,BN.CAB.XOKA.GD.ZS,1988,-1.30718845924716
MEX,BN.CAB.XOKA.GD.ZS,1987,2.87849150208388
MEX,BN.CAB.XOKA.GD.ZS,1986,-1.02336547249367
MEX,BN.CAB.XOKA.GD.ZS,1985,0.4097498554593
MEX,BN.CAB.XOKA.GD.ZS,1984,2.27052210707829
MEX,BN.CAB.XOKA.GD.ZS,1983,3.75623530178317
MEX,BN.CAB.XOKA.GD.ZS,1982,-3.19009571351936
MEX,BN.CAB.XOKA.GD.ZS,1981,-6.156229614062
MEX,BN.CAB.XOKA.GD.ZS,1980,-5.06963190827687
MEX,BN.CAB.XOKA.GD.ZS,1979,-4.02060772490222
MEX,BN.CAB.XOKA.GD.ZS,1978,
MEX,BN.CAB.XOKA.GD.ZS,1977,
MEX,BN.CAB.XOKA.GD.ZS,1976,
MEX,BN.CAB.XOKA.GD.ZS,1975,
MEX,BN.CAB.XOKA.GD.ZS,1974,
MEX,BN.CAB.XOKA.GD.ZS,1973,
MEX,BN.CAB.XOKA.GD.ZS,1972,
MEX,BN.CAB.XOKA.GD.ZS,1971,
MEX,BN.CAB.XOKA.GD.ZS,1970,
MEX,BN.CAB.XOKA.GD.ZS,1969,
MEX,BN.CAB.XOKA.GD.ZS,1968,
MEX,BN.CAB.XOKA.GD.ZS,1967,
MEX,BN.CAB.XOKA.GD.ZS,1966,
MEX,BN.CAB.XOKA.GD.ZS,1965,
MEX,BN.CAB.XOKA.GD.ZS,1964,
MEX,BN.CAB.XOKA.GD.ZS,1963,
MEX,BN.CAB.XOKA.GD.ZS,1962,
MEX,BN.CAB.XOKA.GD.ZS,1961,
MEX,BN.CAB.XOKA.GD.ZS,1960,
FSM,BN.CAB.XOKA.GD.ZS,2025,
FSM,BN.CAB.XOKA.GD.ZS,2024,
FSM,BN.CAB.XOKA.GD.ZS,2023,
FSM,BN.CAB.XOKA.GD.ZS,2022,
FSM,BN.CAB.XOKA.GD.ZS,2021,
FSM,BN.CAB.XOKA.GD.ZS,2020,
FSM,BN.CAB.XOKA.GD.ZS,2019,
FSM,BN.CAB.XOKA.GD.ZS,2018,
FSM,BN.CAB.XOKA.GD.ZS,2017,
FSM,BN.CAB.XOKA.GD.ZS,2016,
FSM,BN.CAB.XOKA.GD.ZS,2015,
FSM,BN.CAB.XOKA.GD.ZS,2014,7.13631393464875
FSM,BN.CAB.XOKA.GD.ZS,2013,-0.694801909987807
FSM,BN.CAB.XOKA.GD.ZS,2012,-7.38205981732327
FSM,BN.CAB.XOKA.GD.ZS,2011,-14.4137842273932
FSM,BN.CAB.XOKA.GD.ZS,2010,-8.45471945784066
FSM,BN.CAB.XOKA.GD.ZS,2009,-13.9280751292639
FSM,BN.CAB.XOKA.GD.ZS,2008,
FSM,BN.CAB.XOKA.GD.ZS,2007,
FSM,BN.CAB.XOKA.GD.ZS,2006,
FSM,BN.CAB.XOKA.GD.ZS,2005,
FSM,BN.CAB.XOKA.GD.ZS,2004,
FSM,BN.CAB.XOKA.GD.ZS,2003,
FSM,BN.CAB.XOKA.GD.ZS,2002,
FSM,BN.CAB.XOKA.GD.ZS,2001,
FSM,BN.CAB.XOKA.GD.ZS,2000,
FSM,BN.CAB.XOKA.GD.ZS,1999,
FSM,BN.CAB.XOKA.GD.ZS,1998,
FSM,BN.CAB.XOKA.GD.ZS,1997,
FSM,BN.CAB.XOKA.GD.ZS,1996,
FSM,BN.CAB.XOKA.GD.ZS,1995,
FSM,BN.CAB.XOKA.GD.ZS,1994,
FSM,BN.CAB.XOKA.GD.ZS,1993,
FSM,BN.CAB.XOKA.GD.ZS,1992,
FSM,BN.CAB.XOKA.GD.ZS,1991,
FSM,BN.CAB.XOKA.GD.ZS,1990,
FSM,BN.CAB.XOKA.GD.ZS,1989,
FSM,BN.CAB.XOKA.GD.ZS,1988,
FSM,BN.CAB.XOKA.GD.ZS,1987,
FSM,BN.CAB.XOKA.GD.ZS,1986,
FSM,BN.CAB.XOKA.GD.ZS,1985,
FSM,BN.CAB.XOKA.GD.ZS,1984,
FSM,BN.CAB.XOKA.GD.ZS,1983,
FSM,BN.CAB.XOKA.GD.ZS,1982,
FSM,BN.CAB.XOKA.GD.ZS,1981,
FSM,BN.CAB.XOKA.GD.ZS,1980,
FSM,BN.CAB.XOKA.GD.ZS,1979,
FSM,BN.CAB.XOKA.GD.ZS,1978,
FSM,BN.CAB.XOKA.GD.ZS,1977,
FSM,BN.CAB.XOKA.GD.ZS,1976,
FSM,BN.CAB.XOKA.GD.ZS,1975,
FSM,BN.CAB.XOKA.GD.ZS,1974,
FSM,BN.CAB.XOKA.GD.ZS,1973,
FSM,BN.CAB.XOKA.GD.ZS,1972,
FSM,BN.CAB.XOKA.GD.ZS,1971,
FSM,BN.CAB.XOKA.GD.ZS,1970,
FSM,BN.CAB.XOKA.GD.ZS,1969,
FSM,BN.CAB.XOKA.GD.ZS,1968,
FSM,BN.CAB.XOKA.GD.ZS,1967,
FSM,BN.CAB.XOKA.GD.ZS,1966,
FSM,BN.CAB.XOKA.GD.ZS,1965,
FSM,BN.CAB.XOKA.GD.ZS,1964,
FSM,BN.CAB.XOKA.GD.ZS,1963,
FSM,BN.CAB.XOKA.GD.ZS,1962,
FSM,BN.CAB.XOKA.GD.ZS,1961,
FSM,BN.CAB.XOKA.GD.ZS,1960,
MDA,BN.CAB.XOKA.GD.ZS,2025,
MDA,BN.CAB.XOKA.GD.ZS,2024,-16.5529874400431
MDA,BN.CAB.XOKA.GD.ZS,2023,-11.0612264538806
MDA,BN.CAB.XOKA.GD.ZS,2022,-17.0894479797469
MDA,BN.CAB.XOKA.GD.ZS,2021,-12.4095546577967
MDA,BN.CAB.XOKA.GD.ZS,2020,-7.6900486921726
MDA,BN.CAB.XOKA.GD.ZS,2019,-9.42148010949479
MDA,BN.CAB.XOKA.GD.ZS,2018,-10.7699247852566
MDA,BN.CAB.XOKA.GD.ZS,2017,-5.83735984990539
MDA,BN.CAB.XOKA.GD.ZS,2016,-3.61387040187984
MDA,BN.CAB.XOKA.GD.ZS,2015,-5.93562136370789
MDA,BN.CAB.XOKA.GD.ZS,2014,-6.04440067766107
MDA,BN.CAB.XOKA.GD.ZS,2013,-5.16294162285185
MDA,BN.CAB.XOKA.GD.ZS,2012,-7.39016827021289
MDA,BN.CAB.XOKA.GD.ZS,2011,-10.1250094571942
MDA,BN.CAB.XOKA.GD.ZS,2010,-6.90279523078091
MDA,BN.CAB.XOKA.GD.ZS,2009,-8.91986143699656
MDA,BN.CAB.XOKA.GD.ZS,2008,-16.1122760959283
MDA,BN.CAB.XOKA.GD.ZS,2007,-15.2482071673217
MDA,BN.CAB.XOKA.GD.ZS,2006,-11.3377651882737
MDA,BN.CAB.XOKA.GD.ZS,2005,-7.55636173709232
MDA,BN.CAB.XOKA.GD.ZS,2004,-1.7754260708042
MDA,BN.CAB.XOKA.GD.ZS,2003,-6.56921155001991
MDA,BN.CAB.XOKA.GD.ZS,2002,-1.19146609275515
MDA,BN.CAB.XOKA.GD.ZS,2001,-1.80863629279978
MDA,BN.CAB.XOKA.GD.ZS,2000,-7.62090655684757
MDA,BN.CAB.XOKA.GD.ZS,1999,-5.79782952702232
MDA,BN.CAB.XOKA.GD.ZS,1998,-19.703688169616
MDA,BN.CAB.XOKA.GD.ZS,1997,-14.2424061971689
MDA,BN.CAB.XOKA.GD.ZS,1996,-11.3165884413615
MDA,BN.CAB.XOKA.GD.ZS,1995,-4.82658473389648
MDA,BN.CAB.XOKA.GD.ZS,1994,-4.81849923728046
MDA,BN.CAB.XOKA.GD.ZS,1993,
MDA,BN.CAB.XOKA.GD.ZS,1992,
MDA,BN.CAB.XOKA.GD.ZS,1991,
MDA,BN.CAB.XOKA.GD.ZS,1990,
MDA,BN.CAB.XOKA.GD.ZS,1989,
MDA,BN.CAB.XOKA.GD.ZS,1988,
MDA,BN.CAB.XOKA.GD.ZS,1987,
MDA,BN.CAB.XOKA.GD.ZS,1986,
MDA,BN.CAB.XOKA.GD.ZS,1985,
MDA,BN.CAB.XOKA.GD.ZS,1984,
MDA,BN.CAB.XOKA.GD.ZS,1983,
MDA,BN.CAB.XOKA.GD.ZS,1982,
MDA,BN.CAB.XOKA.GD.ZS,1981,
MDA,BN.CAB.XOKA.GD.ZS,1980,
MDA,BN.CAB.XOKA.GD.ZS,1979,
MDA,BN.CAB.XOKA.GD.ZS,1978,
MDA,BN.CAB.XOKA.GD.ZS,1977,
MDA,BN.CAB.XOKA.GD.ZS,1976,
MDA,BN.CAB.XOKA.GD.ZS,1975,
MDA,BN.CAB.XOKA.GD.ZS,1974,
MDA,BN.CAB.XOKA.GD.ZS,1973,
MDA,BN.CAB.XOKA.GD.ZS,1972,
MDA,BN.CAB.XOKA.GD.ZS,1971,
MDA,BN.CAB.XOKA.GD.ZS,1970,
MDA,BN.CAB.XOKA.GD.ZS,1969,
MDA,BN.CAB.XOKA.GD.ZS,1968,
MDA,BN.CAB.XOKA.GD.ZS,1967,
MDA,BN.CAB.XOKA.GD.ZS,1966,
MDA,BN.CAB.XOKA.GD.ZS,1965,
MDA,BN.CAB.XOKA.GD.ZS,1964,
MDA,BN.CAB.XOKA.GD.ZS,1963,
MDA,BN.CAB.XOKA.GD.ZS,1962,
MDA,BN.CAB.XOKA.GD.ZS,1961,
MDA,BN.CAB.XOKA.GD.ZS,1960,
MCO,BN.CAB.XOKA.GD.ZS,2025,
MCO,BN.CAB.XOKA.GD.ZS,2024,
MCO,BN.CAB.XOKA.GD.ZS,2023,
MCO,BN.CAB.XOKA.GD.ZS,2022,
MCO,BN.CAB.XOKA.GD.ZS,2021,
MCO,BN.CAB.XOKA.GD.ZS,2020,
MCO,BN.CAB.XOKA.GD.ZS,2019,
MCO,BN.CAB.XOKA.GD.ZS,2018,
MCO,BN.CAB.XOKA.GD.ZS,2017,
MCO,BN.CAB.XOKA.GD.ZS,2016,
MCO,BN.CAB.XOKA.GD.ZS,2015,
MCO,BN.CAB.XOKA.GD.ZS,2014,
MCO,BN.CAB.XOKA.GD.ZS,2013,
MCO,BN.CAB.XOKA.GD.ZS,2012,
MCO,BN.CAB.XOKA.GD.ZS,2011,
MCO,BN.CAB.XOKA.GD.ZS,2010,
MCO,BN.CAB.XOKA.GD.ZS,2009,
MCO,BN.CAB.XOKA.GD.ZS,2008,
MCO,BN.CAB.XOKA.GD.ZS,2007,
MCO,BN.CAB.XOKA.GD.ZS,2006,
MCO,BN.CAB.XOKA.GD.ZS,2005,
MCO,BN.CAB.XOKA.GD.ZS,2004,
MCO,BN.CAB.XOKA.GD.ZS,2003,
MCO,BN.CAB.XOKA.GD.ZS,2002,
MCO,BN.CAB.XOKA.GD.ZS,2001,
MCO,BN.CAB.XOKA.GD.ZS,2000,
MCO,BN.CAB.XOKA.GD.ZS,1999,
MCO,BN.CAB.XOKA.GD.ZS,1998,
MCO,BN.CAB.XOKA.GD.ZS,1997,
MCO,BN.CAB.XOKA.GD.ZS,1996,
MCO,BN.CAB.XOKA.GD.ZS,1995,
MCO,BN.CAB.XOKA.GD.ZS,1994,
MCO,BN.CAB.XOKA.GD.ZS,1993,
MCO,BN.CAB.XOKA.GD.ZS,1992,
MCO,BN.CAB.XOKA.GD.ZS,1991,
MCO,BN.CAB.XOKA.GD.ZS,1990,
MCO,BN.CAB.XOKA.GD.ZS,1989,
MCO,BN.CAB.XOKA.GD.ZS,1988,
MCO,BN.CAB.XOKA.GD.ZS,1987,
MCO,BN.CAB.XOKA.GD.ZS,1986,
MCO,BN.CAB.XOKA.GD.ZS,1985,
MCO,BN.CAB.XOKA.GD.ZS,1984,
MCO,BN.CAB.XOKA.GD.ZS,1983,
MCO,BN.CAB.XOKA.GD.ZS,1982,
MCO,BN.CAB.XOKA.GD.ZS,1981,
MCO,BN.CAB.XOKA.GD.ZS,1980,
MCO,BN.CAB.XOKA.GD.ZS,1979,
MCO,BN.CAB.XOKA.GD.ZS,1978,
MCO,BN.CAB.XOKA.GD.ZS,1977,
MCO,BN.CAB.XOKA.GD.ZS,1976,
MCO,BN.CAB.XOKA.GD.ZS,1975,
MCO,BN.CAB.XOKA.GD.ZS,1974,
MCO,BN.CAB.XOKA.GD.ZS,1973,
MCO,BN.CAB.XOKA.GD.ZS,1972,
MCO,BN.CAB.XOKA.GD.ZS,1971,
MCO,BN.CAB.XOKA.GD.ZS,1970,
MCO,BN.CAB.XOKA.GD.ZS,1969,
MCO,BN.CAB.XOKA.GD.ZS,1968,
MCO,BN.CAB.XOKA.GD.ZS,1967,
MCO,BN.CAB.XOKA.GD.ZS,1966,
MCO,BN.CAB.XOKA.GD.ZS,1965,
MCO,BN.CAB.XOKA.GD.ZS,1964,
MCO,BN.CAB.XOKA.GD.ZS,1963,
MCO,BN.CAB.XOKA.GD.ZS,1962,
MCO,BN.CAB.XOKA.GD.ZS,1961,
MCO,BN.CAB.XOKA.GD.ZS,1960,
MNG,BN.CAB.XOKA.GD.ZS,2025,
MNG,BN.CAB.XOKA.GD.ZS,2024,-10.4453984769033
MNG,BN.CAB.XOKA.GD.ZS,2023,0.596631968292984
MNG,BN.CAB.XOKA.GD.ZS,2022,-13.4342448059604
MNG,BN.CAB.XOKA.GD.ZS,2021,-13.7928750935516
MNG,BN.CAB.XOKA.GD.ZS,2020,-5.06732429872456
MNG,BN.CAB.XOKA.GD.ZS,2019,-15.2163324376399
MNG,BN.CAB.XOKA.GD.ZS,2018,-14.4368935873351
MNG,BN.CAB.XOKA.GD.ZS,2017,-10.0640976839598
MNG,BN.CAB.XOKA.GD.ZS,2016,-6.25748206242188
MNG,BN.CAB.XOKA.GD.ZS,2015,-8.16234225533352
MNG,BN.CAB.XOKA.GD.ZS,2014,-15.8208781709903
MNG,BN.CAB.XOKA.GD.ZS,2013,-37.6076656283991
MNG,BN.CAB.XOKA.GD.ZS,2012,-43.7712346792978
MNG,BN.CAB.XOKA.GD.ZS,2011,-43.34551932851
MNG,BN.CAB.XOKA.GD.ZS,2010,-12.3162160595433
MNG,BN.CAB.XOKA.GD.ZS,2009,-7.45624740801022
MNG,BN.CAB.XOKA.GD.ZS,2008,-12.2837567825614
MNG,BN.CAB.XOKA.GD.ZS,2007,4.05637184446513
MNG,BN.CAB.XOKA.GD.ZS,2006,10.900689191107
MNG,BN.CAB.XOKA.GD.ZS,2005,3.46785355038079
MNG,BN.CAB.XOKA.GD.ZS,2004,3.16276343681136
MNG,BN.CAB.XOKA.GD.ZS,2003,-6.1849966690847
MNG,BN.CAB.XOKA.GD.ZS,2002,-7.52987540545573
MNG,BN.CAB.XOKA.GD.ZS,2001,-4.86593852642614
MNG,BN.CAB.XOKA.GD.ZS,2000,-6.14547875845517
MNG,BN.CAB.XOKA.GD.ZS,1999,-5.46521084754003
MNG,BN.CAB.XOKA.GD.ZS,1998,-6.72334550775523
MNG,BN.CAB.XOKA.GD.ZS,1997,5.7564595755319
MNG,BN.CAB.XOKA.GD.ZS,1996,-2.74202764825275
MNG,BN.CAB.XOKA.GD.ZS,1995,2.67875894679157
MNG,BN.CAB.XOKA.GD.ZS,1994,4.99450705638277
MNG,BN.CAB.XOKA.GD.ZS,1993,5.00389357478453
MNG,BN.CAB.XOKA.GD.ZS,1992,-3.6611692201263
MNG,BN.CAB.XOKA.GD.ZS,1991,-3.97012494419359
MNG,BN.CAB.XOKA.GD.ZS,1990,-24.1738310890104
MNG,BN.CAB.XOKA.GD.ZS,1989,-33.280152334654
MNG,BN.CAB.XOKA.GD.ZS,1988,-32.2456668149356
MNG,BN.CAB.XOKA.GD.ZS,1987,-32.7946830370379
MNG,BN.CAB.XOKA.GD.ZS,1986,-36.6206663616978
MNG,BN.CAB.XOKA.GD.ZS,1985,-37.2054865309679
MNG,BN.CAB.XOKA.GD.ZS,1984,-35.2593415098793
MNG,BN.CAB.XOKA.GD.ZS,1983,-30.2340288464406
MNG,BN.CAB.XOKA.GD.ZS,1982,-33.1256605379471
MNG,BN.CAB.XOKA.GD.ZS,1981,-34.9552103630533
MNG,BN.CAB.XOKA.GD.ZS,1980,
MNG,BN.CAB.XOKA.GD.ZS,1979,
MNG,BN.CAB.XOKA.GD.ZS,1978,
MNG,BN.CAB.XOKA.GD.ZS,1977,
MNG,BN.CAB.XOKA.GD.ZS,1976,
MNG,BN.CAB.XOKA.GD.ZS,1975,
MNG,BN.CAB.XOKA.GD.ZS,1974,
MNG,BN.CAB.XOKA.GD.ZS,1973,
MNG,BN.CAB.XOKA.GD.ZS,1972,
MNG,BN.CAB.XOKA.GD.ZS,1971,
MNG,BN.CAB.XOKA.GD.ZS,1970,
MNG,BN.CAB.XOKA.GD.ZS,1969,
MNG,BN.CAB.XOKA.GD.ZS,1968,
MNG,BN.CAB.XOKA.GD.ZS,1967,
MNG,BN.CAB.XOKA.GD.ZS,1966,
MNG,BN.CAB.XOKA.GD.ZS,1965,
MNG,BN.CAB.XOKA.GD.ZS,1964,
MNG,BN.CAB.XOKA.GD.ZS,1963,
MNG,BN.CAB.XOKA.GD.ZS,1962,
MNG,BN.CAB.XOKA.GD.ZS,1961,
MNG,BN.CAB.XOKA.GD.ZS,1960,
MNE,BN.CAB.XOKA.GD.ZS,2025,
MNE,BN.CAB.XOKA.GD.ZS,2024,-16.9817285008945
MNE,BN.CAB.XOKA.GD.ZS,2023,-11.1392163210062
MNE,BN.CAB.XOKA.GD.ZS,2022,-13.0831876409466
MNE,BN.CAB.XOKA.GD.ZS,2021,-9.29305953253537
MNE,BN.CAB.XOKA.GD.ZS,2020,-26.1883887454021
MNE,BN.CAB.XOKA.GD.ZS,2019,-14.5100346241923
MNE,BN.CAB.XOKA.GD.ZS,2018,-17.355982980813
MNE,BN.CAB.XOKA.GD.ZS,2017,-15.8496394116559
MNE,BN.CAB.XOKA.GD.ZS,2016,-16.2361971161334
MNE,BN.CAB.XOKA.GD.ZS,2015,-11.0483913194605
MNE,BN.CAB.XOKA.GD.ZS,2014,-12.4559779924294
MNE,BN.CAB.XOKA.GD.ZS,2013,-11.5654007351017
MNE,BN.CAB.XOKA.GD.ZS,2012,-15.6848999932841
MNE,BN.CAB.XOKA.GD.ZS,2011,-14.748470866131
MNE,BN.CAB.XOKA.GD.ZS,2010,-20.5963497276389
MNE,BN.CAB.XOKA.GD.ZS,2009,-27.797291333964
MNE,BN.CAB.XOKA.GD.ZS,2008,-49.6998555877927
MNE,BN.CAB.XOKA.GD.ZS,2007,-39.8070936709874
MNE,BN.CAB.XOKA.GD.ZS,2006,
MNE,BN.CAB.XOKA.GD.ZS,2005,
MNE,BN.CAB.XOKA.GD.ZS,2004,
MNE,BN.CAB.XOKA.GD.ZS,2003,
MNE,BN.CAB.XOKA.GD.ZS,2002,
MNE,BN.CAB.XOKA.GD.ZS,2001,
MNE,BN.CAB.XOKA.GD.ZS,2000,
MNE,BN.CAB.XOKA.GD.ZS,1999,
MNE,BN.CAB.XOKA.GD.ZS,1998,
MNE,BN.CAB.XOKA.GD.ZS,1997,
MNE,BN.CAB.XOKA.GD.ZS,1996,
MNE,BN.CAB.XOKA.GD.ZS,1995,
MNE,BN.CAB.XOKA.GD.ZS,1994,
MNE,BN.CAB.XOKA.GD.ZS,1993,
MNE,BN.CAB.XOKA.GD.ZS,1992,
MNE,BN.CAB.XOKA.GD.ZS,1991,
MNE,BN.CAB.XOKA.GD.ZS,1990,
MNE,BN.CAB.XOKA.GD.ZS,1989,
MNE,BN.CAB.XOKA.GD.ZS,1988,
MNE,BN.CAB.XOKA.GD.ZS,1987,
MNE,BN.CAB.XOKA.GD.ZS,1986,
MNE,BN.CAB.XOKA.GD.ZS,1985,
MNE,BN.CAB.XOKA.GD.ZS,1984,
MNE,BN.CAB.XOKA.GD.ZS,1983,
MNE,BN.CAB.XOKA.GD.ZS,1982,
MNE,BN.CAB.XOKA.GD.ZS,1981,
MNE,BN.CAB.XOKA.GD.ZS,1980,
MNE,BN.CAB.XOKA.GD.ZS,1979,
MNE,BN.CAB.XOKA.GD.ZS,1978,
MNE,BN.CAB.XOKA.GD.ZS,1977,
MNE,BN.CAB.XOKA.GD.ZS,1976,
MNE,BN.CAB.XOKA.GD.ZS,1975,
MNE,BN.CAB.XOKA.GD.ZS,1974,
MNE,BN.CAB.XOKA.GD.ZS,1973,
MNE,BN.CAB.XOKA.GD.ZS,1972,
MNE,BN.CAB.XOKA.GD.ZS,1971,
MNE,BN.CAB.XOKA.GD.ZS,1970,
MNE,BN.CAB.XOKA.GD.ZS,1969,
MNE,BN.CAB.XOKA.GD.ZS,1968,
MNE,BN.CAB.XOKA.GD.ZS,1967,
MNE,BN.CAB.XOKA.GD.ZS,1966,
MNE,BN.CAB.XOKA.GD.ZS,1965,
MNE,BN.CAB.XOKA.GD.ZS,1964,
MNE,BN.CAB.XOKA.GD.ZS,1963,
MNE,BN.CAB.XOKA.GD.ZS,1962,
MNE,BN.CAB.XOKA.GD.ZS,1961,
MNE,BN.CAB.XOKA.GD.ZS,1960,
MAR,BN.CAB.XOKA.GD.ZS,2025,
MAR,BN.CAB.XOKA.GD.ZS,2024,-1.16354070328467
MAR,BN.CAB.XOKA.GD.ZS,2023,-1.04767760599469
MAR,BN.CAB.XOKA.GD.ZS,2022,-3.6574911910038
MAR,BN.CAB.XOKA.GD.ZS,2021,-2.35786783699057
MAR,BN.CAB.XOKA.GD.ZS,2020,-1.12759931996509
MAR,BN.CAB.XOKA.GD.ZS,2019,-3.4182057355437
MAR,BN.CAB.XOKA.GD.ZS,2018,-4.87290163435469
MAR,BN.CAB.XOKA.GD.ZS,2017,-3.10210665362038
MAR,BN.CAB.XOKA.GD.ZS,2016,-3.74613174513
MAR,BN.CAB.XOKA.GD.ZS,2015,-1.95690775142638
MAR,BN.CAB.XOKA.GD.ZS,2014,-5.53783287947428
MAR,BN.CAB.XOKA.GD.ZS,2013,-6.77731894447503
MAR,BN.CAB.XOKA.GD.ZS,2012,-8.95034696939186
MAR,BN.CAB.XOKA.GD.ZS,2011,-7.26703537698177
MAR,BN.CAB.XOKA.GD.ZS,2010,-3.89149487244855
MAR,BN.CAB.XOKA.GD.ZS,2009,-4.91456971921294
MAR,BN.CAB.XOKA.GD.ZS,2008,-4.44740512293749
MAR,BN.CAB.XOKA.GD.ZS,2007,-0.140355839695734
MAR,BN.CAB.XOKA.GD.ZS,2006,1.85973036169922
MAR,BN.CAB.XOKA.GD.ZS,2005,1.51129572542934
MAR,BN.CAB.XOKA.GD.ZS,2004,1.46649924876604
MAR,BN.CAB.XOKA.GD.ZS,2003,2.72583245907781
MAR,BN.CAB.XOKA.GD.ZS,2002,3.13718804047296
MAR,BN.CAB.XOKA.GD.ZS,2001,3.67558331729074
MAR,BN.CAB.XOKA.GD.ZS,2000,-1.10387975127873
MAR,BN.CAB.XOKA.GD.ZS,1999,-0.360657901889275
MAR,BN.CAB.XOKA.GD.ZS,1998,-0.309237465352601
MAR,BN.CAB.XOKA.GD.ZS,1997,-0.222808698228999
MAR,BN.CAB.XOKA.GD.ZS,1996,0.0810758584150154
MAR,BN.CAB.XOKA.GD.ZS,1995,-3.03845005048265
MAR,BN.CAB.XOKA.GD.ZS,1994,-2.03049106287262
MAR,BN.CAB.XOKA.GD.ZS,1993,-1.6469906370207
MAR,BN.CAB.XOKA.GD.ZS,1992,-1.2834370400402
MAR,BN.CAB.XOKA.GD.ZS,1991,-1.27998993380056
MAR,BN.CAB.XOKA.GD.ZS,1990,-0.648031086262141
MAR,BN.CAB.XOKA.GD.ZS,1989,-2.99202592899788
MAR,BN.CAB.XOKA.GD.ZS,1988,1.83922413202176
MAR,BN.CAB.XOKA.GD.ZS,1987,0.834870950569778
MAR,BN.CAB.XOKA.GD.ZS,1986,-1.07197012708123
MAR,BN.CAB.XOKA.GD.ZS,1985,-5.94056592475511
MAR,BN.CAB.XOKA.GD.ZS,1984,-6.63891398714746
MAR,BN.CAB.XOKA.GD.ZS,1983,-5.45026319040028
MAR,BN.CAB.XOKA.GD.ZS,1982,-10.5533058846662
MAR,BN.CAB.XOKA.GD.ZS,1981,-10.2747156555108
MAR,BN.CAB.XOKA.GD.ZS,1980,-6.4737890814056
MAR,BN.CAB.XOKA.GD.ZS,1979,-9.44183832358989
MAR,BN.CAB.XOKA.GD.ZS,1978,-9.90680679528431
MAR,BN.CAB.XOKA.GD.ZS,1977,-16.5149420348648
MAR,BN.CAB.XOKA.GD.ZS,1976,-14.2742452481939
MAR,BN.CAB.XOKA.GD.ZS,1975,-5.60819463502751
MAR,BN.CAB.XOKA.GD.ZS,1974,
MAR,BN.CAB.XOKA.GD.ZS,1973,
MAR,BN.CAB.XOKA.GD.ZS,1972,
MAR,BN.CAB.XOKA.GD.ZS,1971,
MAR,BN.CAB.XOKA.GD.ZS,1970,
MAR,BN.CAB.XOKA.GD.ZS,1969,
MAR,BN.CAB.XOKA.GD.ZS,1968,
MAR,BN.CAB.XOKA.GD.ZS,1967,
MAR,BN.CAB.XOKA.GD.ZS,1966,
MAR,BN.CAB.XOKA.GD.ZS,1965,
MAR,BN.CAB.XOKA.GD.ZS,1964,
MAR,BN.CAB.XOKA.GD.ZS,1963,
MAR,BN.CAB.XOKA.GD.ZS,1962,
MAR,BN.CAB.XOKA.GD.ZS,1961,
MAR,BN.CAB.XOKA.GD.ZS,1960,
MOZ,BN.CAB.XOKA.GD.ZS,2025,
MOZ,BN.CAB.XOKA.GD.ZS,2024,-10.9610583800383
MOZ,BN.CAB.XOKA.GD.ZS,2023,-10.5502424155844
MOZ,BN.CAB.XOKA.GD.ZS,2022,-33.7160091783462
MOZ,BN.CAB.XOKA.GD.ZS,2021,-21.1927915856731
MOZ,BN.CAB.XOKA.GD.ZS,2020,-24.9913481328696
MOZ,BN.CAB.XOKA.GD.ZS,2019,-16.0764477598265
MOZ,BN.CAB.XOKA.GD.ZS,2018,-29.4674796418232
MOZ,BN.CAB.XOKA.GD.ZS,2017,-17.9387522356553
MOZ,BN.CAB.XOKA.GD.ZS,2016,-33.6916062672094
MOZ,BN.CAB.XOKA.GD.ZS,2015,-36.6947715334654
MOZ,BN.CAB.XOKA.GD.ZS,2014,-32.2453333565598
MOZ,BN.CAB.XOKA.GD.ZS,2013,-36.3613191591472
MOZ,BN.CAB.XOKA.GD.ZS,2012,-40.6875061700663
MOZ,BN.CAB.XOKA.GD.ZS,2011,-22.7703546509241
MOZ,BN.CAB.XOKA.GD.ZS,2010,-14.7165826342635
MOZ,BN.CAB.XOKA.GD.ZS,2009,-9.99835364421757
MOZ,BN.CAB.XOKA.GD.ZS,2008,-8.87904477952135
MOZ,BN.CAB.XOKA.GD.ZS,2007,-7.27188482122911
MOZ,BN.CAB.XOKA.GD.ZS,2006,-7.94365295252278
MOZ,BN.CAB.XOKA.GD.ZS,2005,-8.57633327947648
MOZ,BN.CAB.XOKA.GD.ZS,2004,
MOZ,BN.CAB.XOKA.GD.ZS,2003,
MOZ,BN.CAB.XOKA.GD.ZS,2002,
MOZ,BN.CAB.XOKA.GD.ZS,2001,
MOZ,BN.CAB.XOKA.GD.ZS,2000,
MOZ,BN.CAB.XOKA.GD.ZS,1999,
MOZ,BN.CAB.XOKA.GD.ZS,1998,
MOZ,BN.CAB.XOKA.GD.ZS,1997,
MOZ,BN.CAB.XOKA.GD.ZS,1996,
MOZ,BN.CAB.XOKA.GD.ZS,1995,
MOZ,BN.CAB.XOKA.GD.ZS,1994,
MOZ,BN.CAB.XOKA.GD.ZS,1993,
MOZ,BN.CAB.XOKA.GD.ZS,1992,
MOZ,BN.CAB.XOKA.GD.ZS,1991,
MOZ,BN.CAB.XOKA.GD.ZS,1990,
MOZ,BN.CAB.XOKA.GD.ZS,1989,
MOZ,BN.CAB.XOKA.GD.ZS,1988,
MOZ,BN.CAB.XOKA.GD.ZS,1987,
MOZ,BN.CAB.XOKA.GD.ZS,1986,
MOZ,BN.CAB.XOKA.GD.ZS,1985,
MOZ,BN.CAB.XOKA.GD.ZS,1984,
MOZ,BN.CAB.XOKA.GD.ZS,1983,
MOZ,BN.CAB.XOKA.GD.ZS,1982,
MOZ,BN.CAB.XOKA.GD.ZS,1981,
MOZ,BN.CAB.XOKA.GD.ZS,1980,
MOZ,BN.CAB.XOKA.GD.ZS,1979,
MOZ,BN.CAB.XOKA.GD.ZS,1978,
MOZ,BN.CAB.XOKA.GD.ZS,1977,
MOZ,BN.CAB.XOKA.GD.ZS,1976,
MOZ,BN.CAB.XOKA.GD.ZS,1975,
MOZ,BN.CAB.XOKA.GD.ZS,1974,
MOZ,BN.CAB.XOKA.GD.ZS,1973,
MOZ,BN.CAB.XOKA.GD.ZS,1972,
MOZ,BN.CAB.XOKA.GD.ZS,1971,
MOZ,BN.CAB.XOKA.GD.ZS,1970,
MOZ,BN.CAB.XOKA.GD.ZS,1969,
MOZ,BN.CAB.XOKA.GD.ZS,1968,
MOZ,BN.CAB.XOKA.GD.ZS,1967,
MOZ,BN.CAB.XOKA.GD.ZS,1966,
MOZ,BN.CAB.XOKA.GD.ZS,1965,
MOZ,BN.CAB.XOKA.GD.ZS,1964,
MOZ,BN.CAB.XOKA.GD.ZS,1963,
MOZ,BN.CAB.XOKA.GD.ZS,1962,
MOZ,BN.CAB.XOKA.GD.ZS,1961,
MOZ,BN.CAB.XOKA.GD.ZS,1960,
MMR,BN.CAB.XOKA.GD.ZS,2025,
MMR,BN.CAB.XOKA.GD.ZS,2024,
MMR,BN.CAB.XOKA.GD.ZS,2023,
MMR,BN.CAB.XOKA.GD.ZS,2022,
MMR,BN.CAB.XOKA.GD.ZS,2021,
MMR,BN.CAB.XOKA.GD.ZS,2020,
MMR,BN.CAB.XOKA.GD.ZS,2019,0.090215657848436
MMR,BN.CAB.XOKA.GD.ZS,2018,-3.77415133295651
MMR,BN.CAB.XOKA.GD.ZS,2017,-7.44369978732039
MMR,BN.CAB.XOKA.GD.ZS,2016,-3.03174958693432
MMR,BN.CAB.XOKA.GD.ZS,2015,-5.216017222236
MMR,BN.CAB.XOKA.GD.ZS,2014,-3.78673335134624
MMR,BN.CAB.XOKA.GD.ZS,2013,-0.644739708349136
MMR,BN.CAB.XOKA.GD.ZS,2012,-2.1015900196755
MMR,BN.CAB.XOKA.GD.ZS,2011,-2.60285417206877
MMR,BN.CAB.XOKA.GD.ZS,2010,3.17749475847855
MMR,BN.CAB.XOKA.GD.ZS,2009,2.67166530648619
MMR,BN.CAB.XOKA.GD.ZS,2008,3.91377460527001
MMR,BN.CAB.XOKA.GD.ZS,2007,6.84128559608505
MMR,BN.CAB.XOKA.GD.ZS,2006,5.47410687810815
MMR,BN.CAB.XOKA.GD.ZS,2005,4.85379033880321
MMR,BN.CAB.XOKA.GD.ZS,2004,1.04340168282983
MMR,BN.CAB.XOKA.GD.ZS,2003,-0.182395916009129
MMR,BN.CAB.XOKA.GD.ZS,2002,1.41024552018482
MMR,BN.CAB.XOKA.GD.ZS,2001,-2.34635994742259
MMR,BN.CAB.XOKA.GD.ZS,2000,-2.35956987604124
MMR,BN.CAB.XOKA.GD.ZS,1999,-3.32147094586841
MMR,BN.CAB.XOKA.GD.ZS,1998,-7.6510593118296
MMR,BN.CAB.XOKA.GD.ZS,1997,-8.72524429573243
MMR,BN.CAB.XOKA.GD.ZS,1996,-4.56988456855419
MMR,BN.CAB.XOKA.GD.ZS,1995,-4.8865587953609
MMR,BN.CAB.XOKA.GD.ZS,1994,-2.93057018921972
MMR,BN.CAB.XOKA.GD.ZS,1993,-7.20253615389665
MMR,BN.CAB.XOKA.GD.ZS,1992,-4.74404746483468
MMR,BN.CAB.XOKA.GD.ZS,1991,-12.9200327093985
MMR,BN.CAB.XOKA.GD.ZS,1990,-20.391141264827
MMR,BN.CAB.XOKA.GD.ZS,1989,-3.37709642215162
MMR,BN.CAB.XOKA.GD.ZS,1988,-11.4146578021773
MMR,BN.CAB.XOKA.GD.ZS,1987,-11.5180458350909
MMR,BN.CAB.XOKA.GD.ZS,1986,-18.5758278264764
MMR,BN.CAB.XOKA.GD.ZS,1985,-13.8936132678286
MMR,BN.CAB.XOKA.GD.ZS,1984,-16.8683263813367
MMR,BN.CAB.XOKA.GD.ZS,1983,-25.5752791795015
MMR,BN.CAB.XOKA.GD.ZS,1982,-34.023468787847
MMR,BN.CAB.XOKA.GD.ZS,1981,-28.5151099433081
MMR,BN.CAB.XOKA.GD.ZS,1980,-33.7561431105611
MMR,BN.CAB.XOKA.GD.ZS,1979,-38.043611076022
MMR,BN.CAB.XOKA.GD.ZS,1978,-23.3006843135133
MMR,BN.CAB.XOKA.GD.ZS,1977,-11.6358248591999
MMR,BN.CAB.XOKA.GD.ZS,1976,-2.83362559439057
MMR,BN.CAB.XOKA.GD.ZS,1975,
MMR,BN.CAB.XOKA.GD.ZS,1974,
MMR,BN.CAB.XOKA.GD.ZS,1973,
MMR,BN.CAB.XOKA.GD.ZS,1972,
MMR,BN.CAB.XOKA.GD.ZS,1971,
MMR,BN.CAB.XOKA.GD.ZS,1970,
MMR,BN.CAB.XOKA.GD.ZS,1969,
MMR,BN.CAB.XOKA.GD.ZS,1968,
MMR,BN.CAB.XOKA.GD.ZS,1967,
MMR,BN.CAB.XOKA.GD.ZS,1966,
MMR,BN.CAB.XOKA.GD.ZS,1965,
MMR,BN.CAB.XOKA.GD.ZS,1964,
MMR,BN.CAB.XOKA.GD.ZS,1963,
MMR,BN.CAB.XOKA.GD.ZS,1962,
MMR,BN.CAB.XOKA.GD.ZS,1961,
MMR,BN.CAB.XOKA.GD.ZS,1960,
NAM,BN.CAB.XOKA.GD.ZS,2025,
NAM,BN.CAB.XOKA.GD.ZS,2024,-0.0141619035339019
NAM,BN.CAB.XOKA.GD.ZS,2023,-0.0151503304310412
NAM,BN.CAB.XOKA.GD.ZS,2022,-0.0125852096287222
NAM,BN.CAB.XOKA.GD.ZS,2021,-0.0107825051947997
NAM,BN.CAB.XOKA.GD.ZS,2020,3.91227536519519
NAM,BN.CAB.XOKA.GD.ZS,2019,-0.11721560419726
NAM,BN.CAB.XOKA.GD.ZS,2018,-0.00355119710532465
NAM,BN.CAB.XOKA.GD.ZS,2017,-0.137385445122799
NAM,BN.CAB.XOKA.GD.ZS,2016,-0.0164966097580088
NAM,BN.CAB.XOKA.GD.ZS,2015,-0.0137577751540688
NAM,BN.CAB.XOKA.GD.ZS,2014,-0.00942840334116223
NAM,BN.CAB.XOKA.GD.ZS,2013,-1.46199013552124
NAM,BN.CAB.XOKA.GD.ZS,2012,-8.58334513038741
NAM,BN.CAB.XOKA.GD.ZS,2011,-6.84779731737787
NAM,BN.CAB.XOKA.GD.ZS,2010,-3.92244710726352
NAM,BN.CAB.XOKA.GD.ZS,2009,-3.54487581295613
NAM,BN.CAB.XOKA.GD.ZS,2008,-0.107055208867992
NAM,BN.CAB.XOKA.GD.ZS,2007,8.45998885353951
NAM,BN.CAB.XOKA.GD.ZS,2006,13.5327560610168
NAM,BN.CAB.XOKA.GD.ZS,2005,4.54506155040309
NAM,BN.CAB.XOKA.GD.ZS,2004,6.75263572812587
NAM,BN.CAB.XOKA.GD.ZS,2003,5.39320601443691
NAM,BN.CAB.XOKA.GD.ZS,2002,2.56344598181966
NAM,BN.CAB.XOKA.GD.ZS,2001,0.296284143221953
NAM,BN.CAB.XOKA.GD.ZS,2000,4.88302195508905
NAM,BN.CAB.XOKA.GD.ZS,1999,-0.713550203024386
NAM,BN.CAB.XOKA.GD.ZS,1998,4.17856596154538
NAM,BN.CAB.XOKA.GD.ZS,1997,2.17486290358748
NAM,BN.CAB.XOKA.GD.ZS,1996,2.90190452582364
NAM,BN.CAB.XOKA.GD.ZS,1995,4.42191202727639
NAM,BN.CAB.XOKA.GD.ZS,1994,2.32736507941294
NAM,BN.CAB.XOKA.GD.ZS,1993,3.38948114256629
NAM,BN.CAB.XOKA.GD.ZS,1992,1.45076530847198
NAM,BN.CAB.XOKA.GD.ZS,1991,3.50682146258356
NAM,BN.CAB.XOKA.GD.ZS,1990,0.987750380407316
NAM,BN.CAB.XOKA.GD.ZS,1989,
NAM,BN.CAB.XOKA.GD.ZS,1988,
NAM,BN.CAB.XOKA.GD.ZS,1987,
NAM,BN.CAB.XOKA.GD.ZS,1986,
NAM,BN.CAB.XOKA.GD.ZS,1985,
NAM,BN.CAB.XOKA.GD.ZS,1984,
NAM,BN.CAB.XOKA.GD.ZS,1983,
NAM,BN.CAB.XOKA.GD.ZS,1982,
NAM,BN.CAB.XOKA.GD.ZS,1981,
NAM,BN.CAB.XOKA.GD.ZS,1980,
NAM,BN.CAB.XOKA.GD.ZS,1979,
NAM,BN.CAB.XOKA.GD.ZS,1978,
NAM,BN.CAB.XOKA.GD.ZS,1977,
NAM,BN.CAB.XOKA.GD.ZS,1976,
NAM,BN.CAB.XOKA.GD.ZS,1975,
NAM,BN.CAB.XOKA.GD.ZS,1974,
NAM,BN.CAB.XOKA.GD.ZS,1973,
NAM,BN.CAB.XOKA.GD.ZS,1972,
NAM,BN.CAB.XOKA.GD.ZS,1971,
NAM,BN.CAB.XOKA.GD.ZS,1970,
NAM,BN.CAB.XOKA.GD.ZS,1969,
NAM,BN.CAB.XOKA.GD.ZS,1968,
NAM,BN.CAB.XOKA.GD.ZS,1967,
NAM,BN.CAB.XOKA.GD.ZS,1966,
NAM,BN.CAB.XOKA.GD.ZS,1965,
NAM,BN.CAB.XOKA.GD.ZS,1964,
NAM,BN.CAB.XOKA.GD.ZS,1963,
NAM,BN.CAB.XOKA.GD.ZS,1962,
NAM,BN.CAB.XOKA.GD.ZS,1961,
NAM,BN.CAB.XOKA.GD.ZS,1960,
NRU,BN.CAB.XOKA.GD.ZS,2025,
NRU,BN.CAB.XOKA.GD.ZS,2024,5.98452336250365
NRU,BN.CAB.XOKA.GD.ZS,2023,1.26954964616441
NRU,BN.CAB.XOKA.GD.ZS,2022,1.94623421060566
NRU,BN.CAB.XOKA.GD.ZS,2021,3.76110380952153
NRU,BN.CAB.XOKA.GD.ZS,2020,2.59265187144067
NRU,BN.CAB.XOKA.GD.ZS,2019,4.4664131740124
NRU,BN.CAB.XOKA.GD.ZS,2018,7.32618163474933
NRU,BN.CAB.XOKA.GD.ZS,2017,12.9027882964666
NRU,BN.CAB.XOKA.GD.ZS,2016,2.13176978498193
NRU,BN.CAB.XOKA.GD.ZS,2015,-19.6806864872646
NRU,BN.CAB.XOKA.GD.ZS,2014,26.2528412118549
NRU,BN.CAB.XOKA.GD.ZS,2013,48.5829941527655
NRU,BN.CAB.XOKA.GD.ZS,2012,34.497710429265
NRU,BN.CAB.XOKA.GD.ZS,2011,30.3666523480054
NRU,BN.CAB.XOKA.GD.ZS,2010,49.78487721527
NRU,BN.CAB.XOKA.GD.ZS,2009,67.7850531942605
NRU,BN.CAB.XOKA.GD.ZS,2008,49.5416353511119
NRU,BN.CAB.XOKA.GD.ZS,2007,
NRU,BN.CAB.XOKA.GD.ZS,2006,
NRU,BN.CAB.XOKA.GD.ZS,2005,
NRU,BN.CAB.XOKA.GD.ZS,2004,
NRU,BN.CAB.XOKA.GD.ZS,2003,
NRU,BN.CAB.XOKA.GD.ZS,2002,
NRU,BN.CAB.XOKA.GD.ZS,2001,
NRU,BN.CAB.XOKA.GD.ZS,2000,
NRU,BN.CAB.XOKA.GD.ZS,1999,
NRU,BN.CAB.XOKA.GD.ZS,1998,
NRU,BN.CAB.XOKA.GD.ZS,1997,
NRU,BN.CAB.XOKA.GD.ZS,1996,
NRU,BN.CAB.XOKA.GD.ZS,1995,
NRU,BN.CAB.XOKA.GD.ZS,1994,
NRU,BN.CAB.XOKA.GD.ZS,1993,
NRU,BN.CAB.XOKA.GD.ZS,1992,
NRU,BN.CAB.XOKA.GD.ZS,1991,
NRU,BN.CAB.XOKA.GD.ZS,1990,
NRU,BN.CAB.XOKA.GD.ZS,1989,
NRU,BN.CAB.XOKA.GD.ZS,1988,
NRU,BN.CAB.XOKA.GD.ZS,1987,
NRU,BN.CAB.XOKA.GD.ZS,1986,
NRU,BN.CAB.XOKA.GD.ZS,1985,
NRU,BN.CAB.XOKA.GD.ZS,1984,
NRU,BN.CAB.XOKA.GD.ZS,1983,
NRU,BN.CAB.XOKA.GD.ZS,1982,
NRU,BN.CAB.XOKA.GD.ZS,1981,
NRU,BN.CAB.XOKA.GD.ZS,1980,
NRU,BN.CAB.XOKA.GD.ZS,1979,
NRU,BN.CAB.XOKA.GD.ZS,1978,
NRU,BN.CAB.XOKA.GD.ZS,1977,
NRU,BN.CAB.XOKA.GD.ZS,1976,
NRU,BN.CAB.XOKA.GD.ZS,1975,
NRU,BN.CAB.XOKA.GD.ZS,1974,
NRU,BN.CAB.XOKA.GD.ZS,1973,
NRU,BN.CAB.XOKA.GD.ZS,1972,
NRU,BN.CAB.XOKA.GD.ZS,1971,
NRU,BN.CAB.XOKA.GD.ZS,1970,
NRU,BN.CAB.XOKA.GD.ZS,1969,
NRU,BN.CAB.XOKA.GD.ZS,1968,
NRU,BN.CAB.XOKA.GD.ZS,1967,
NRU,BN.CAB.XOKA.GD.ZS,1966,
NRU,BN.CAB.XOKA.GD.ZS,1965,
NRU,BN.CAB.XOKA.GD.ZS,1964,
NRU,BN.CAB.XOKA.GD.ZS,1963,
NRU,BN.CAB.XOKA.GD.ZS,1962,
NRU,BN.CAB.XOKA.GD.ZS,1961,
NRU,BN.CAB.XOKA.GD.ZS,1960,
NPL,BN.CAB.XOKA.GD.ZS,2025,
NPL,BN.CAB.XOKA.GD.ZS,2024,3.91279159341445
NPL,BN.CAB.XOKA.GD.ZS,2023,2.45049491475997
NPL,BN.CAB.XOKA.GD.ZS,2022,-5.76692961945292
NPL,BN.CAB.XOKA.GD.ZS,2021,-14.5240163530398
NPL,BN.CAB.XOKA.GD.ZS,2020,-0.251653542060189
NPL,BN.CAB.XOKA.GD.ZS,2019,-5.12963069016165
NPL,BN.CAB.XOKA.GD.ZS,2018,-8.30080510271613
NPL,BN.CAB.XOKA.GD.ZS,2017,-3.56432924017776
NPL,BN.CAB.XOKA.GD.ZS,2016,-0.68434663855188
NPL,BN.CAB.XOKA.GD.ZS,2015,10.0433083922087
NPL,BN.CAB.XOKA.GD.ZS,2014,2.18298241690426
NPL,BN.CAB.XOKA.GD.ZS,2013,5.23137372695533
NPL,BN.CAB.XOKA.GD.ZS,2012,2.66070688066427
NPL,BN.CAB.XOKA.GD.ZS,2011,1.33775079697372
NPL,BN.CAB.XOKA.GD.ZS,2010,-0.797465992929109
NPL,BN.CAB.XOKA.GD.ZS,2009,0.166582495866466
NPL,BN.CAB.XOKA.GD.ZS,2008,5.84548564127574
NPL,BN.CAB.XOKA.GD.ZS,2007,0.0548101106677199
NPL,BN.CAB.XOKA.GD.ZS,2006,1.65950180353451
NPL,BN.CAB.XOKA.GD.ZS,2005,1.88302388576204
NPL,BN.CAB.XOKA.GD.ZS,2004,1.37422203617593
NPL,BN.CAB.XOKA.GD.ZS,2003,2.84759408801275
NPL,BN.CAB.XOKA.GD.ZS,2002,3.55629677532073
NPL,BN.CAB.XOKA.GD.ZS,2001,-2.74157105052742
NPL,BN.CAB.XOKA.GD.ZS,2000,-2.37793695824869
NPL,BN.CAB.XOKA.GD.ZS,1999,-1.56303865698338
NPL,BN.CAB.XOKA.GD.ZS,1998,-1.38366225352984
NPL,BN.CAB.XOKA.GD.ZS,1997,-7.89001512904615
NPL,BN.CAB.XOKA.GD.ZS,1996,-7.22314976747943
NPL,BN.CAB.XOKA.GD.ZS,1995,-8.09774068768955
NPL,BN.CAB.XOKA.GD.ZS,1994,-8.65264352510644
NPL,BN.CAB.XOKA.GD.ZS,1993,-6.0791903862215
NPL,BN.CAB.XOKA.GD.ZS,1992,-5.33098805246589
NPL,BN.CAB.XOKA.GD.ZS,1991,-7.76258064740647
NPL,BN.CAB.XOKA.GD.ZS,1990,-7.97220238232379
NPL,BN.CAB.XOKA.GD.ZS,1989,-6.90133466974619
NPL,BN.CAB.XOKA.GD.ZS,1988,-7.78462323528644
NPL,BN.CAB.XOKA.GD.ZS,1987,-4.17053119544975
NPL,BN.CAB.XOKA.GD.ZS,1986,-4.18162701427947
NPL,BN.CAB.XOKA.GD.ZS,1985,-4.64183469143625
NPL,BN.CAB.XOKA.GD.ZS,1984,-3.68701219310803
NPL,BN.CAB.XOKA.GD.ZS,1983,-5.94853668728767
NPL,BN.CAB.XOKA.GD.ZS,1982,-3.56574459447392
NPL,BN.CAB.XOKA.GD.ZS,1981,-0.83959881309719
NPL,BN.CAB.XOKA.GD.ZS,1980,-1.996488458588
NPL,BN.CAB.XOKA.GD.ZS,1979,-0.614449693385327
NPL,BN.CAB.XOKA.GD.ZS,1978,-1.60462964299287
NPL,BN.CAB.XOKA.GD.ZS,1977,-0.11400462962963
NPL,BN.CAB.XOKA.GD.ZS,1976,1.27589073107905
NPL,BN.CAB.XOKA.GD.ZS,1975,
NPL,BN.CAB.XOKA.GD.ZS,1974,
NPL,BN.CAB.XOKA.GD.ZS,1973,
NPL,BN.CAB.XOKA.GD.ZS,1972,
NPL,BN.CAB.XOKA.GD.ZS,1971,
NPL,BN.CAB.XOKA.GD.ZS,1970,
NPL,BN.CAB.XOKA.GD.ZS,1969,
NPL,BN.CAB.XOKA.GD.ZS,1968,
NPL,BN.CAB.XOKA.GD.ZS,1967,
NPL,BN.CAB.XOKA.GD.ZS,1966,
NPL,BN.CAB.XOKA.GD.ZS,1965,
NPL,BN.CAB.XOKA.GD.ZS,1964,
NPL,BN.CAB.XOKA.GD.ZS,1963,
NPL,BN.CAB.XOKA.GD.ZS,1962,
NPL,BN.CAB.XOKA.GD.ZS,1961,
NPL,BN.CAB.XOKA.GD.ZS,1960,
NLD,BN.CAB.XOKA.GD.ZS,2025,
NLD,BN.CAB.XOKA.GD.ZS,2024,9.12996820020418
NLD,BN.CAB.XOKA.GD.ZS,2023,9.41409249872004
NLD,BN.CAB.XOKA.GD.ZS,2022,6.82147679536226
NLD,BN.CAB.XOKA.GD.ZS,2021,10.2781370842496
NLD,BN.CAB.XOKA.GD.ZS,2020,5.72296366531146
NLD,BN.CAB.XOKA.GD.ZS,2019,6.79648399842587
NLD,BN.CAB.XOKA.GD.ZS,2018,8.83776760941586
NLD,BN.CAB.XOKA.GD.ZS,2017,8.04969631853887
NLD,BN.CAB.XOKA.GD.ZS,2016,7.14588669256921
NLD,BN.CAB.XOKA.GD.ZS,2015,4.84837059519835
NLD,BN.CAB.XOKA.GD.ZS,2014,8.54625757819212
NLD,BN.CAB.XOKA.GD.ZS,2013,7.90135338752684
NLD,BN.CAB.XOKA.GD.ZS,2012,7.50199225228894
NLD,BN.CAB.XOKA.GD.ZS,2011,7.01569973680718
NLD,BN.CAB.XOKA.GD.ZS,2010,6.40659475745775
NLD,BN.CAB.XOKA.GD.ZS,2009,3.34540739416213
NLD,BN.CAB.XOKA.GD.ZS,2008,4.06750194753687
NLD,BN.CAB.XOKA.GD.ZS,2007,5.86450821149171
NLD,BN.CAB.XOKA.GD.ZS,2006,7.75425232709907
NLD,BN.CAB.XOKA.GD.ZS,2005,6.04101636574987
NLD,BN.CAB.XOKA.GD.ZS,2004,6.7018638215175
NLD,BN.CAB.XOKA.GD.ZS,2003,5.13225020681316
NLD,BN.CAB.XOKA.GD.ZS,2002,2.3200196402228
NLD,BN.CAB.XOKA.GD.ZS,2001,2.26893537254394
NLD,BN.CAB.XOKA.GD.ZS,2000,1.73766088925111
NLD,BN.CAB.XOKA.GD.ZS,1999,3.50211167072708
NLD,BN.CAB.XOKA.GD.ZS,1998,2.97096972527192
NLD,BN.CAB.XOKA.GD.ZS,1997,6.00630455392245
NLD,BN.CAB.XOKA.GD.ZS,1996,4.76376936918109
NLD,BN.CAB.XOKA.GD.ZS,1995,5.68975460228792
NLD,BN.CAB.XOKA.GD.ZS,1994,4.55484743526397
NLD,BN.CAB.XOKA.GD.ZS,1993,3.72901695535227
NLD,BN.CAB.XOKA.GD.ZS,1992,1.88350974641952
NLD,BN.CAB.XOKA.GD.ZS,1991,2.27649103804339
NLD,BN.CAB.XOKA.GD.ZS,1990,2.53727950744813
NLD,BN.CAB.XOKA.GD.ZS,1989,3.88024257725665
NLD,BN.CAB.XOKA.GD.ZS,1988,2.7190497431411
NLD,BN.CAB.XOKA.GD.ZS,1987,1.70594341471591
NLD,BN.CAB.XOKA.GD.ZS,1986,2.14669367203072
NLD,BN.CAB.XOKA.GD.ZS,1985,2.94862677145791
NLD,BN.CAB.XOKA.GD.ZS,1984,4.42686669489968
NLD,BN.CAB.XOKA.GD.ZS,1983,3.31146718139365
NLD,BN.CAB.XOKA.GD.ZS,1982,3.16624624261307
NLD,BN.CAB.XOKA.GD.ZS,1981,2.32758171395559
NLD,BN.CAB.XOKA.GD.ZS,1980,-0.437453813918877
NLD,BN.CAB.XOKA.GD.ZS,1979,0.194360807075478
NLD,BN.CAB.XOKA.GD.ZS,1978,-0.57946441029442
NLD,BN.CAB.XOKA.GD.ZS,1977,1.11105582927399
NLD,BN.CAB.XOKA.GD.ZS,1976,3.28091820473203
NLD,BN.CAB.XOKA.GD.ZS,1975,2.38437757754443
NLD,BN.CAB.XOKA.GD.ZS,1974,3.47937169592668
NLD,BN.CAB.XOKA.GD.ZS,1973,4.48102589628142
NLD,BN.CAB.XOKA.GD.ZS,1972,3.83441370107446
NLD,BN.CAB.XOKA.GD.ZS,1971,1.17475131862977
NLD,BN.CAB.XOKA.GD.ZS,1970,0.50520526916175
NLD,BN.CAB.XOKA.GD.ZS,1969,2.23030025346085
NLD,BN.CAB.XOKA.GD.ZS,1968,2.50473960481997
NLD,BN.CAB.XOKA.GD.ZS,1967,2.23690747595966
NLD,BN.CAB.XOKA.GD.ZS,1966,
NLD,BN.CAB.XOKA.GD.ZS,1965,
NLD,BN.CAB.XOKA.GD.ZS,1964,
NLD,BN.CAB.XOKA.GD.ZS,1963,
NLD,BN.CAB.XOKA.GD.ZS,1962,
NLD,BN.CAB.XOKA.GD.ZS,1961,
NLD,BN.CAB.XOKA.GD.ZS,1960,
NCL,BN.CAB.XOKA.GD.ZS,2025,
NCL,BN.CAB.XOKA.GD.ZS,2024,
NCL,BN.CAB.XOKA.GD.ZS,2023,
NCL,BN.CAB.XOKA.GD.ZS,2022,
NCL,BN.CAB.XOKA.GD.ZS,2021,
NCL,BN.CAB.XOKA.GD.ZS,2020,
NCL,BN.CAB.XOKA.GD.ZS,2019,
NCL,BN.CAB.XOKA.GD.ZS,2018,
NCL,BN.CAB.XOKA.GD.ZS,2017,
NCL,BN.CAB.XOKA.GD.ZS,2016,-7.49878946256032
NCL,BN.CAB.XOKA.GD.ZS,2015,-12.8101852123627
NCL,BN.CAB.XOKA.GD.ZS,2014,-12.2281865063866
NCL,BN.CAB.XOKA.GD.ZS,2013,-17.7669952366321
NCL,BN.CAB.XOKA.GD.ZS,2012,-20.0199924731485
NCL,BN.CAB.XOKA.GD.ZS,2011,-13.4437447217601
NCL,BN.CAB.XOKA.GD.ZS,2010,-14.5218511333909
NCL,BN.CAB.XOKA.GD.ZS,2009,-9.46213629763792
NCL,BN.CAB.XOKA.GD.ZS,2008,-15.6459029644441
NCL,BN.CAB.XOKA.GD.ZS,2007,-3.33329200092358
NCL,BN.CAB.XOKA.GD.ZS,2006,-5.92906058591189
NCL,BN.CAB.XOKA.GD.ZS,2005,-1.80252744533202
NCL,BN.CAB.XOKA.GD.ZS,2004,4.35183034856489
NCL,BN.CAB.XOKA.GD.ZS,2003,-0.755998521964056
NCL,BN.CAB.XOKA.GD.ZS,2002,-2.86678508081955
NCL,BN.CAB.XOKA.GD.ZS,2001,
NCL,BN.CAB.XOKA.GD.ZS,2000,
NCL,BN.CAB.XOKA.GD.ZS,1999,
NCL,BN.CAB.XOKA.GD.ZS,1998,
NCL,BN.CAB.XOKA.GD.ZS,1997,
NCL,BN.CAB.XOKA.GD.ZS,1996,
NCL,BN.CAB.XOKA.GD.ZS,1995,
NCL,BN.CAB.XOKA.GD.ZS,1994,
NCL,BN.CAB.XOKA.GD.ZS,1993,
NCL,BN.CAB.XOKA.GD.ZS,1992,
NCL,BN.CAB.XOKA.GD.ZS,1991,
NCL,BN.CAB.XOKA.GD.ZS,1990,
NCL,BN.CAB.XOKA.GD.ZS,1989,
NCL,BN.CAB.XOKA.GD.ZS,1988,
NCL,BN.CAB.XOKA.GD.ZS,1987,
NCL,BN.CAB.XOKA.GD.ZS,1986,
NCL,BN.CAB.XOKA.GD.ZS,1985,
NCL,BN.CAB.XOKA.GD.ZS,1984,
NCL,BN.CAB.XOKA.GD.ZS,1983,
NCL,BN.CAB.XOKA.GD.ZS,1982,
NCL,BN.CAB.XOKA.GD.ZS,1981,
NCL,BN.CAB.XOKA.GD.ZS,1980,
NCL,BN.CAB.XOKA.GD.ZS,1979,
NCL,BN.CAB.XOKA.GD.ZS,1978,
NCL,BN.CAB.XOKA.GD.ZS,1977,
NCL,BN.CAB.XOKA.GD.ZS,1976,
NCL,BN.CAB.XOKA.GD.ZS,1975,
NCL,BN.CAB.XOKA.GD.ZS,1974,
NCL,BN.CAB.XOKA.GD.ZS,1973,
NCL,BN.CAB.XOKA.GD.ZS,1972,
NCL,BN.CAB.XOKA.GD.ZS,1971,
NCL,BN.CAB.XOKA.GD.ZS,1970,
NCL,BN.CAB.XOKA.GD.ZS,1969,
NCL,BN.CAB.XOKA.GD.ZS,1968,
NCL,BN.CAB.XOKA.GD.ZS,1967,
NCL,BN.CAB.XOKA.GD.ZS,1966,
NCL,BN.CAB.XOKA.GD.ZS,1965,
NCL,BN.CAB.XOKA.GD.ZS,1964,
NCL,BN.CAB.XOKA.GD.ZS,1963,
NCL,BN.CAB.XOKA.GD.ZS,1962,
NCL,BN.CAB.XOKA.GD.ZS,1961,
NCL,BN.CAB.XOKA.GD.ZS,1960,
NZL,BN.CAB.XOKA.GD.ZS,2025,
NZL,BN.CAB.XOKA.GD.ZS,2024,-4.65310184058939
NZL,BN.CAB.XOKA.GD.ZS,2023,-6.17823205561682
NZL,BN.CAB.XOKA.GD.ZS,2022,-8.75909130046903
NZL,BN.CAB.XOKA.GD.ZS,2021,-5.64359586354334
NZL,BN.CAB.XOKA.GD.ZS,2020,-1.08410494847097
NZL,BN.CAB.XOKA.GD.ZS,2019,-2.82165942136874
NZL,BN.CAB.XOKA.GD.ZS,2018,-4.15932869648255
NZL,BN.CAB.XOKA.GD.ZS,2017,-2.91839840958752
NZL,BN.CAB.XOKA.GD.ZS,2016,-2.15354137286068
NZL,BN.CAB.XOKA.GD.ZS,2015,-2.6162133105434
NZL,BN.CAB.XOKA.GD.ZS,2014,-3.08852510613801
NZL,BN.CAB.XOKA.GD.ZS,2013,-3.05577074462661
NZL,BN.CAB.XOKA.GD.ZS,2012,-3.9008129458684
NZL,BN.CAB.XOKA.GD.ZS,2011,-2.86247732029099
NZL,BN.CAB.XOKA.GD.ZS,2010,-2.33469330577729
NZL,BN.CAB.XOKA.GD.ZS,2009,-2.47419947301186
NZL,BN.CAB.XOKA.GD.ZS,2008,-7.69181610885173
NZL,BN.CAB.XOKA.GD.ZS,2007,-6.79701754359097
NZL,BN.CAB.XOKA.GD.ZS,2006,-7.06517341361543
NZL,BN.CAB.XOKA.GD.ZS,2005,-6.99536794869388
NZL,BN.CAB.XOKA.GD.ZS,2004,-4.50791009901216
NZL,BN.CAB.XOKA.GD.ZS,2003,-2.40599179153862
NZL,BN.CAB.XOKA.GD.ZS,2002,-2.09521936295547
NZL,BN.CAB.XOKA.GD.ZS,2001,-0.776440240634343
NZL,BN.CAB.XOKA.GD.ZS,2000,-3.30284871216651
NZL,BN.CAB.XOKA.GD.ZS,1999,
NZL,BN.CAB.XOKA.GD.ZS,1998,
NZL,BN.CAB.XOKA.GD.ZS,1997,
NZL,BN.CAB.XOKA.GD.ZS,1996,
NZL,BN.CAB.XOKA.GD.ZS,1995,
NZL,BN.CAB.XOKA.GD.ZS,1994,
NZL,BN.CAB.XOKA.GD.ZS,1993,
NZL,BN.CAB.XOKA.GD.ZS,1992,
NZL,BN.CAB.XOKA.GD.ZS,1991,
NZL,BN.CAB.XOKA.GD.ZS,1990,
NZL,BN.CAB.XOKA.GD.ZS,1989,
NZL,BN.CAB.XOKA.GD.ZS,1988,
NZL,BN.CAB.XOKA.GD.ZS,1987,
NZL,BN.CAB.XOKA.GD.ZS,1986,
NZL,BN.CAB.XOKA.GD.ZS,1985,
NZL,BN.CAB.XOKA.GD.ZS,1984,
NZL,BN.CAB.XOKA.GD.ZS,1983,
NZL,BN.CAB.XOKA.GD.ZS,1982,
NZL,BN.CAB.XOKA.GD.ZS,1981,
NZL,BN.CAB.XOKA.GD.ZS,1980,
NZL,BN.CAB.XOKA.GD.ZS,1979,
NZL,BN.CAB.XOKA.GD.ZS,1978,
NZL,BN.CAB.XOKA.GD.ZS,1977,
NZL,BN.CAB.XOKA.GD.ZS,1976,
NZL,BN.CAB.XOKA.GD.ZS,1975,
NZL,BN.CAB.XOKA.GD.ZS,1974,
NZL,BN.CAB.XOKA.GD.ZS,1973,
NZL,BN.CAB.XOKA.GD.ZS,1972,
NZL,BN.CAB.XOKA.GD.ZS,1971,
NZL,BN.CAB.XOKA.GD.ZS,1970,
NZL,BN.CAB.XOKA.GD.ZS,1969,
NZL,BN.CAB.XOKA.GD.ZS,1968,
NZL,BN.CAB.XOKA.GD.ZS,1967,
NZL,BN.CAB.XOKA.GD.ZS,1966,
NZL,BN.CAB.XOKA.GD.ZS,1965,
NZL,BN.CAB.XOKA.GD.ZS,1964,
NZL,BN.CAB.XOKA.GD.ZS,1963,
NZL,BN.CAB.XOKA.GD.ZS,1962,
NZL,BN.CAB.XOKA.GD.ZS,1961,
NZL,BN.CAB.XOKA.GD.ZS,1960,
NIC,BN.CAB.XOKA.GD.ZS,2025,
NIC,BN.CAB.XOKA.GD.ZS,2024,4.1516146905653
NIC,BN.CAB.XOKA.GD.ZS,2023,8.22988307229519
NIC,BN.CAB.XOKA.GD.ZS,2022,-2.93963905910741
NIC,BN.CAB.XOKA.GD.ZS,2021,-2.7530318641126
NIC,BN.CAB.XOKA.GD.ZS,2020,3.77325208673091
NIC,BN.CAB.XOKA.GD.ZS,2019,5.93825181295118
NIC,BN.CAB.XOKA.GD.ZS,2018,-1.79728223029998
NIC,BN.CAB.XOKA.GD.ZS,2017,-7.1602180538079
NIC,BN.CAB.XOKA.GD.ZS,2016,-8.48330631920504
NIC,BN.CAB.XOKA.GD.ZS,2015,-9.87324597391166
NIC,BN.CAB.XOKA.GD.ZS,2014,-8.02832297774323
NIC,BN.CAB.XOKA.GD.ZS,2013,-12.5685284248506
NIC,BN.CAB.XOKA.GD.ZS,2012,-11.7242497122842
NIC,BN.CAB.XOKA.GD.ZS,2011,-11.9077223652027
NIC,BN.CAB.XOKA.GD.ZS,2010,-8.87470374065858
NIC,BN.CAB.XOKA.GD.ZS,2009,-8.45312867792372
NIC,BN.CAB.XOKA.GD.ZS,2008,-17.0684421646058
NIC,BN.CAB.XOKA.GD.ZS,2007,-16.2594506892154
NIC,BN.CAB.XOKA.GD.ZS,2006,-13.0801722823838
NIC,BN.CAB.XOKA.GD.ZS,2005,-12.3956621334031
NIC,BN.CAB.XOKA.GD.ZS,2004,-11.8661827985183
NIC,BN.CAB.XOKA.GD.ZS,2003,-13.2557258638297
NIC,BN.CAB.XOKA.GD.ZS,2002,-15.0103547636833
NIC,BN.CAB.XOKA.GD.ZS,2001,-15.3276907217401
NIC,BN.CAB.XOKA.GD.ZS,2000,-18.3126344819719
NIC,BN.CAB.XOKA.GD.ZS,1999,-19.1180597152813
NIC,BN.CAB.XOKA.GD.ZS,1998,-14.8130429693637
NIC,BN.CAB.XOKA.GD.ZS,1997,-19.1519607565273
NIC,BN.CAB.XOKA.GD.ZS,1996,-19.1435615894481
NIC,BN.CAB.XOKA.GD.ZS,1995,-17.4492145577676
NIC,BN.CAB.XOKA.GD.ZS,1994,-23.5791962313358
NIC,BN.CAB.XOKA.GD.ZS,1993,-34.4045397460347
NIC,BN.CAB.XOKA.GD.ZS,1992,-42.8937974118697
NIC,BN.CAB.XOKA.GD.ZS,1991,-17.7457864195992
NIC,BN.CAB.XOKA.GD.ZS,1990,-30.2341217494452
NIC,BN.CAB.XOKA.GD.ZS,1989,-35.6993132803722
NIC,BN.CAB.XOKA.GD.ZS,1988,-27.1922146035063
NIC,BN.CAB.XOKA.GD.ZS,1987,-17.9268793853053
NIC,BN.CAB.XOKA.GD.ZS,1986,-23.9275071541971
NIC,BN.CAB.XOKA.GD.ZS,1985,-28.7252680466012
NIC,BN.CAB.XOKA.GD.ZS,1984,-19.152554031899
NIC,BN.CAB.XOKA.GD.ZS,1983,-18.4301329174237
NIC,BN.CAB.XOKA.GD.ZS,1982,-20.9370554814218
NIC,BN.CAB.XOKA.GD.ZS,1981,-23.9059257979716
NIC,BN.CAB.XOKA.GD.ZS,1980,-19.1866809128485
NIC,BN.CAB.XOKA.GD.ZS,1979,11.4952795422212
NIC,BN.CAB.XOKA.GD.ZS,1978,-1.17027777639347
NIC,BN.CAB.XOKA.GD.ZS,1977,-8.16793939445854
NIC,BN.CAB.XOKA.GD.ZS,1976,
NIC,BN.CAB.XOKA.GD.ZS,1975,
NIC,BN.CAB.XOKA.GD.ZS,1974,
NIC,BN.CAB.XOKA.GD.ZS,1973,
NIC,BN.CAB.XOKA.GD.ZS,1972,
NIC,BN.CAB.XOKA.GD.ZS,1971,
NIC,BN.CAB.XOKA.GD.ZS,1970,
NIC,BN.CAB.XOKA.GD.ZS,1969,
NIC,BN.CAB.XOKA.GD.ZS,1968,
NIC,BN.CAB.XOKA.GD.ZS,1967,
NIC,BN.CAB.XOKA.GD.ZS,1966,
NIC,BN.CAB.XOKA.GD.ZS,1965,
NIC,BN.CAB.XOKA.GD.ZS,1964,
NIC,BN.CAB.XOKA.GD.ZS,1963,
NIC,BN.CAB.XOKA.GD.ZS,1962,
NIC,BN.CAB.XOKA.GD.ZS,1961,
NIC,BN.CAB.XOKA.GD.ZS,1960,
NER,BN.CAB.XOKA.GD.ZS,2025,
NER,BN.CAB.XOKA.GD.ZS,2024,
NER,BN.CAB.XOKA.GD.ZS,2023,-13.969604179294
NER,BN.CAB.XOKA.GD.ZS,2022,-16.1987356727326
NER,BN.CAB.XOKA.GD.ZS,2021,-14.0736964853201
NER,BN.CAB.XOKA.GD.ZS,2020,-13.2104717583835
NER,BN.CAB.XOKA.GD.ZS,2019,-12.1993364507939
NER,BN.CAB.XOKA.GD.ZS,2018,-12.6586015970766
NER,BN.CAB.XOKA.GD.ZS,2017,-11.3934461122486
NER,BN.CAB.XOKA.GD.ZS,2016,-11.3633579890888
NER,BN.CAB.XOKA.GD.ZS,2015,-15.3473430526611
NER,BN.CAB.XOKA.GD.ZS,2014,-12.0310951996372
NER,BN.CAB.XOKA.GD.ZS,2013,-11.2529264462121
NER,BN.CAB.XOKA.GD.ZS,2012,-10.8373796125037
NER,BN.CAB.XOKA.GD.ZS,2011,-16.3335422488128
NER,BN.CAB.XOKA.GD.ZS,2010,-14.4829041887518
NER,BN.CAB.XOKA.GD.ZS,2009,-18.0270234730353
NER,BN.CAB.XOKA.GD.ZS,2008,-8.96292471931381
NER,BN.CAB.XOKA.GD.ZS,2007,-6.13680984428318
NER,BN.CAB.XOKA.GD.ZS,2006,-6.60182023558473
NER,BN.CAB.XOKA.GD.ZS,2005,-7.10956498131608
NER,BN.CAB.XOKA.GD.ZS,2004,-6.15019981758
NER,BN.CAB.XOKA.GD.ZS,2003,-6.45750654841095
NER,BN.CAB.XOKA.GD.ZS,2002,-5.95095241784039
NER,BN.CAB.XOKA.GD.ZS,2001,-3.77103577195078
NER,BN.CAB.XOKA.GD.ZS,2000,-4.65677330266078
NER,BN.CAB.XOKA.GD.ZS,1999,-5.40711498610087
NER,BN.CAB.XOKA.GD.ZS,1998,-5.76469887056396
NER,BN.CAB.XOKA.GD.ZS,1997,-5.80368330028339
NER,BN.CAB.XOKA.GD.ZS,1996,-4.5218931665648
NER,BN.CAB.XOKA.GD.ZS,1995,-6.5867461128755
NER,BN.CAB.XOKA.GD.ZS,1994,-6.50899287498019
NER,BN.CAB.XOKA.GD.ZS,1993,-3.18346881621278
NER,BN.CAB.XOKA.GD.ZS,1992,-4.70050474164017
NER,BN.CAB.XOKA.GD.ZS,1991,-5.36190889584531
NER,BN.CAB.XOKA.GD.ZS,1990,-6.71584277283357
NER,BN.CAB.XOKA.GD.ZS,1989,-11.7855602108065
NER,BN.CAB.XOKA.GD.ZS,1988,-10.1079206328771
NER,BN.CAB.XOKA.GD.ZS,1987,-7.91625714414479
NER,BN.CAB.XOKA.GD.ZS,1986,-8.19017249378988
NER,BN.CAB.XOKA.GD.ZS,1985,-4.44144017856568
NER,BN.CAB.XOKA.GD.ZS,1984,0.081910726769686
NER,BN.CAB.XOKA.GD.ZS,1983,-3.4293406956196
NER,BN.CAB.XOKA.GD.ZS,1982,-11.5390650361038
NER,BN.CAB.XOKA.GD.ZS,1981,-8.36039977268118
NER,BN.CAB.XOKA.GD.ZS,1980,-10.990188933465
NER,BN.CAB.XOKA.GD.ZS,1979,-6.52188913381567
NER,BN.CAB.XOKA.GD.ZS,1978,-11.3257876538385
NER,BN.CAB.XOKA.GD.ZS,1977,-7.40469908552247
NER,BN.CAB.XOKA.GD.ZS,1976,-1.87642259764247
NER,BN.CAB.XOKA.GD.ZS,1975,1.149287224893
NER,BN.CAB.XOKA.GD.ZS,1974,-2.70935570234394
NER,BN.CAB.XOKA.GD.ZS,1973,
NER,BN.CAB.XOKA.GD.ZS,1972,
NER,BN.CAB.XOKA.GD.ZS,1971,
NER,BN.CAB.XOKA.GD.ZS,1970,
NER,BN.CAB.XOKA.GD.ZS,1969,
NER,BN.CAB.XOKA.GD.ZS,1968,
NER,BN.CAB.XOKA.GD.ZS,1967,
NER,BN.CAB.XOKA.GD.ZS,1966,
NER,BN.CAB.XOKA.GD.ZS,1965,
NER,BN.CAB.XOKA.GD.ZS,1964,
NER,BN.CAB.XOKA.GD.ZS,1963,
NER,BN.CAB.XOKA.GD.ZS,1962,
NER,BN.CAB.XOKA.GD.ZS,1961,
NER,BN.CAB.XOKA.GD.ZS,1960,
NGA,BN.CAB.XOKA.GD.ZS,2025,
NGA,BN.CAB.XOKA.GD.ZS,2024,6.82436415121879
NGA,BN.CAB.XOKA.GD.ZS,2023,1.31788745937756
NGA,BN.CAB.XOKA.GD.ZS,2022,0.157446238586316
NGA,BN.CAB.XOKA.GD.ZS,2021,-0.534215770594035
NGA,BN.CAB.XOKA.GD.ZS,2020,-2.67061135743196
NGA,BN.CAB.XOKA.GD.ZS,2019,-2.04801100743442
NGA,BN.CAB.XOKA.GD.ZS,2018,1.72693303668361
NGA,BN.CAB.XOKA.GD.ZS,2017,3.60982550121523
NGA,BN.CAB.XOKA.GD.ZS,2016,1.25472098152786
NGA,BN.CAB.XOKA.GD.ZS,2015,-3.13140101186134
NGA,BN.CAB.XOKA.GD.ZS,2014,0.157882534299197
NGA,BN.CAB.XOKA.GD.ZS,2013,3.66244030371782
NGA,BN.CAB.XOKA.GD.ZS,2012,3.7446896447893
NGA,BN.CAB.XOKA.GD.ZS,2011,2.57400123356654
NGA,BN.CAB.XOKA.GD.ZS,2010,3.57264829109624
NGA,BN.CAB.XOKA.GD.ZS,2009,4.70138235015375
NGA,BN.CAB.XOKA.GD.ZS,2008,8.58534493307944
NGA,BN.CAB.XOKA.GD.ZS,2007,9.93609280353569
NGA,BN.CAB.XOKA.GD.ZS,2006,15.3142425877272
NGA,BN.CAB.XOKA.GD.ZS,2005,20.7940448372853
NGA,BN.CAB.XOKA.GD.ZS,2004,12.4042052774237
NGA,BN.CAB.XOKA.GD.ZS,2003,3.23719691054246
NGA,BN.CAB.XOKA.GD.ZS,2002,1.13946817426015
NGA,BN.CAB.XOKA.GD.ZS,2001,3.36845503733351
NGA,BN.CAB.XOKA.GD.ZS,2000,10.7371768862311
NGA,BN.CAB.XOKA.GD.ZS,1999,0.85510086297063
NGA,BN.CAB.XOKA.GD.ZS,1998,-0.553602928004352
NGA,BN.CAB.XOKA.GD.ZS,1997,0.0837634925250446
NGA,BN.CAB.XOKA.GD.ZS,1996,0.591612746659758
NGA,BN.CAB.XOKA.GD.ZS,1995,-0.569349975254787
NGA,BN.CAB.XOKA.GD.ZS,1994,-2.64669476661827
NGA,BN.CAB.XOKA.GD.ZS,1993,-1.37583994197616
NGA,BN.CAB.XOKA.GD.ZS,1992,4.35622764868938
NGA,BN.CAB.XOKA.GD.ZS,1991,2.02019931723546
NGA,BN.CAB.XOKA.GD.ZS,1990,9.23137171937244
NGA,BN.CAB.XOKA.GD.ZS,1989,2.47600151384044
NGA,BN.CAB.XOKA.GD.ZS,1988,-0.59710515755535
NGA,BN.CAB.XOKA.GD.ZS,1987,-0.138974926535839
NGA,BN.CAB.XOKA.GD.ZS,1986,0.38478286071096
NGA,BN.CAB.XOKA.GD.ZS,1985,3.53045930744717
NGA,BN.CAB.XOKA.GD.ZS,1984,0.166880360359966
NGA,BN.CAB.XOKA.GD.ZS,1983,-4.46140983293413
NGA,BN.CAB.XOKA.GD.ZS,1982,-5.10038334853099
NGA,BN.CAB.XOKA.GD.ZS,1981,-3.93611344339782
NGA,BN.CAB.XOKA.GD.ZS,1980,8.06453658137612
NGA,BN.CAB.XOKA.GD.ZS,1979,3.53472814426232
NGA,BN.CAB.XOKA.GD.ZS,1978,-10.2779007002128
NGA,BN.CAB.XOKA.GD.ZS,1977,-2.81937908701247
NGA,BN.CAB.XOKA.GD.ZS,1976,
NGA,BN.CAB.XOKA.GD.ZS,1975,
NGA,BN.CAB.XOKA.GD.ZS,1974,
NGA,BN.CAB.XOKA.GD.ZS,1973,
NGA,BN.CAB.XOKA.GD.ZS,1972,
NGA,BN.CAB.XOKA.GD.ZS,1971,
NGA,BN.CAB.XOKA.GD.ZS,1970,
NGA,BN.CAB.XOKA.GD.ZS,1969,
NGA,BN.CAB.XOKA.GD.ZS,1968,
NGA,BN.CAB.XOKA.GD.ZS,1967,
NGA,BN.CAB.XOKA.GD.ZS,1966,
NGA,BN.CAB.XOKA.GD.ZS,1965,
NGA,BN.CAB.XOKA.GD.ZS,1964,
NGA,BN.CAB.XOKA.GD.ZS,1963,
NGA,BN.CAB.XOKA.GD.ZS,1962,
NGA,BN.CAB.XOKA.GD.ZS,1961,
NGA,BN.CAB.XOKA.GD.ZS,1960,
MKD,BN.CAB.XOKA.GD.ZS,2025,
MKD,BN.CAB.XOKA.GD.ZS,2024,-2.10020379038667
MKD,BN.CAB.XOKA.GD.ZS,2023,0.317585046468375
MKD,BN.CAB.XOKA.GD.ZS,2022,-6.23699171036603
MKD,BN.CAB.XOKA.GD.ZS,2021,-2.67744223538636
MKD,BN.CAB.XOKA.GD.ZS,2020,-2.91596537662612
MKD,BN.CAB.XOKA.GD.ZS,2019,-2.98648910497822
MKD,BN.CAB.XOKA.GD.ZS,2018,0.143273398779884
MKD,BN.CAB.XOKA.GD.ZS,2017,-0.586294696197347
MKD,BN.CAB.XOKA.GD.ZS,2016,-2.66389921940311
MKD,BN.CAB.XOKA.GD.ZS,2015,-1.71222694530355
MKD,BN.CAB.XOKA.GD.ZS,2014,-0.481713137157683
MKD,BN.CAB.XOKA.GD.ZS,2013,-1.63764033882168
MKD,BN.CAB.XOKA.GD.ZS,2012,-3.27478423718894
MKD,BN.CAB.XOKA.GD.ZS,2011,-2.49367551945884
MKD,BN.CAB.XOKA.GD.ZS,2010,-2.10791254447936
MKD,BN.CAB.XOKA.GD.ZS,2009,-6.48354076815341
MKD,BN.CAB.XOKA.GD.ZS,2008,-12.4707536603642
MKD,BN.CAB.XOKA.GD.ZS,2007,-7.26623240489014
MKD,BN.CAB.XOKA.GD.ZS,2006,-0.416080626106531
MKD,BN.CAB.XOKA.GD.ZS,2005,-2.54533490974662
MKD,BN.CAB.XOKA.GD.ZS,2004,-7.94691572310684
MKD,BN.CAB.XOKA.GD.ZS,2003,-3.75035857468212
MKD,BN.CAB.XOKA.GD.ZS,2002,-9.42563749802039
MKD,BN.CAB.XOKA.GD.ZS,2001,-6.344343807859
MKD,BN.CAB.XOKA.GD.ZS,2000,-2.73306730994392
MKD,BN.CAB.XOKA.GD.ZS,1999,-1.69696104187635
MKD,BN.CAB.XOKA.GD.ZS,1998,-7.43809653632584
MKD,BN.CAB.XOKA.GD.ZS,1997,-7.04040325202006
MKD,BN.CAB.XOKA.GD.ZS,1996,-6.20720983576967
MKD,BN.CAB.XOKA.GD.ZS,1995,
MKD,BN.CAB.XOKA.GD.ZS,1994,
MKD,BN.CAB.XOKA.GD.ZS,1993,
MKD,BN.CAB.XOKA.GD.ZS,1992,
MKD,BN.CAB.XOKA.GD.ZS,1991,
MKD,BN.CAB.XOKA.GD.ZS,1990,
MKD,BN.CAB.XOKA.GD.ZS,1989,
MKD,BN.CAB.XOKA.GD.ZS,1988,
MKD,BN.CAB.XOKA.GD.ZS,1987,
MKD,BN.CAB.XOKA.GD.ZS,1986,
MKD,BN.CAB.XOKA.GD.ZS,1985,
MKD,BN.CAB.XOKA.GD.ZS,1984,
MKD,BN.CAB.XOKA.GD.ZS,1983,
MKD,BN.CAB.XOKA.GD.ZS,1982,
MKD,BN.CAB.XOKA.GD.ZS,1981,
MKD,BN.CAB.XOKA.GD.ZS,1980,
MKD,BN.CAB.XOKA.GD.ZS,1979,
MKD,BN.CAB.XOKA.GD.ZS,1978,
MKD,BN.CAB.XOKA.GD.ZS,1977,
MKD,BN.CAB.XOKA.GD.ZS,1976,
MKD,BN.CAB.XOKA.GD.ZS,1975,
MKD,BN.CAB.XOKA.GD.ZS,1974,
MKD,BN.CAB.XOKA.GD.ZS,1973,
MKD,BN.CAB.XOKA.GD.ZS,1972,
MKD,BN.CAB.XOKA.GD.ZS,1971,
MKD,BN.CAB.XOKA.GD.ZS,1970,
MKD,BN.CAB.XOKA.GD.ZS,1969,
MKD,BN.CAB.XOKA.GD.ZS,1968,
MKD,BN.CAB.XOKA.GD.ZS,1967,
MKD,BN.CAB.XOKA.GD.ZS,1966,
MKD,BN.CAB.XOKA.GD.ZS,1965,
MKD,BN.CAB.XOKA.GD.ZS,1964,
MKD,BN.CAB.XOKA.GD.ZS,1963,
MKD,BN.CAB.XOKA.GD.ZS,1962,
MKD,BN.CAB.XOKA.GD.ZS,1961,
MKD,BN.CAB.XOKA.GD.ZS,1960,
MNP,BN.CAB.XOKA.GD.ZS,2025,
MNP,BN.CAB.XOKA.GD.ZS,2024,
MNP,BN.CAB.XOKA.GD.ZS,2023,
MNP,BN.CAB.XOKA.GD.ZS,2022,
MNP,BN.CAB.XOKA.GD.ZS,2021,
MNP,BN.CAB.XOKA.GD.ZS,2020,
MNP,BN.CAB.XOKA.GD.ZS,2019,
MNP,BN.CAB.XOKA.GD.ZS,2018,
MNP,BN.CAB.XOKA.GD.ZS,2017,
MNP,BN.CAB.XOKA.GD.ZS,2016,
MNP,BN.CAB.XOKA.GD.ZS,2015,
MNP,BN.CAB.XOKA.GD.ZS,2014,
MNP,BN.CAB.XOKA.GD.ZS,2013,
MNP,BN.CAB.XOKA.GD.ZS,2012,
MNP,BN.CAB.XOKA.GD.ZS,2011,
MNP,BN.CAB.XOKA.GD.ZS,2010,
MNP,BN.CAB.XOKA.GD.ZS,2009,
MNP,BN.CAB.XOKA.GD.ZS,2008,
MNP,BN.CAB.XOKA.GD.ZS,2007,
MNP,BN.CAB.XOKA.GD.ZS,2006,
MNP,BN.CAB.XOKA.GD.ZS,2005,
MNP,BN.CAB.XOKA.GD.ZS,2004,
MNP,BN.CAB.XOKA.GD.ZS,2003,
MNP,BN.CAB.XOKA.GD.ZS,2002,
MNP,BN.CAB.XOKA.GD.ZS,2001,
MNP,BN.CAB.XOKA.GD.ZS,2000,
MNP,BN.CAB.XOKA.GD.ZS,1999,
MNP,BN.CAB.XOKA.GD.ZS,1998,
MNP,BN.CAB.XOKA.GD.ZS,1997,
MNP,BN.CAB.XOKA.GD.ZS,1996,
MNP,BN.CAB.XOKA.GD.ZS,1995,
MNP,BN.CAB.XOKA.GD.ZS,1994,
MNP,BN.CAB.XOKA.GD.ZS,1993,
MNP,BN.CAB.XOKA.GD.ZS,1992,
MNP,BN.CAB.XOKA.GD.ZS,1991,
MNP,BN.CAB.XOKA.GD.ZS,1990,
MNP,BN.CAB.XOKA.GD.ZS,1989,
MNP,BN.CAB.XOKA.GD.ZS,1988,
MNP,BN.CAB.XOKA.GD.ZS,1987,
MNP,BN.CAB.XOKA.GD.ZS,1986,
MNP,BN.CAB.XOKA.GD.ZS,1985,
MNP,BN.CAB.XOKA.GD.ZS,1984,
MNP,BN.CAB.XOKA.GD.ZS,1983,
MNP,BN.CAB.XOKA.GD.ZS,1982,
MNP,BN.CAB.XOKA.GD.ZS,1981,
MNP,BN.CAB.XOKA.GD.ZS,1980,
MNP,BN.CAB.XOKA.GD.ZS,1979,
MNP,BN.CAB.XOKA.GD.ZS,1978,
MNP,BN.CAB.XOKA.GD.ZS,1977,
MNP,BN.CAB.XOKA.GD.ZS,1976,
MNP,BN.CAB.XOKA.GD.ZS,1975,
MNP,BN.CAB.XOKA.GD.ZS,1974,
MNP,BN.CAB.XOKA.GD.ZS,1973,
MNP,BN.CAB.XOKA.GD.ZS,1972,
MNP,BN.CAB.XOKA.GD.ZS,1971,
MNP,BN.CAB.XOKA.GD.ZS,1970,
MNP,BN.CAB.XOKA.GD.ZS,1969,
MNP,BN.CAB.XOKA.GD.ZS,1968,
MNP,BN.CAB.XOKA.GD.ZS,1967,
MNP,BN.CAB.XOKA.GD.ZS,1966,
MNP,BN.CAB.XOKA.GD.ZS,1965,
MNP,BN.CAB.XOKA.GD.ZS,1964,
MNP,BN.CAB.XOKA.GD.ZS,1963,
MNP,BN.CAB.XOKA.GD.ZS,1962,
MNP,BN.CAB.XOKA.GD.ZS,1961,
MNP,BN.CAB.XOKA.GD.ZS,1960,
NOR,BN.CAB.XOKA.GD.ZS,2025,
NOR,BN.CAB.XOKA.GD.ZS,2024,14.8151795815579
NOR,BN.CAB.XOKA.GD.ZS,2023,17.4146048356105
NOR,BN.CAB.XOKA.GD.ZS,2022,28.6290001838396
NOR,BN.CAB.XOKA.GD.ZS,2021,14.8001387979332
NOR,BN.CAB.XOKA.GD.ZS,2020,1.14557292891118
NOR,BN.CAB.XOKA.GD.ZS,2019,2.91600859889184
NOR,BN.CAB.XOKA.GD.ZS,2018,7.94959431636822
NOR,BN.CAB.XOKA.GD.ZS,2017,5.38896566318332
NOR,BN.CAB.XOKA.GD.ZS,2016,3.98049523650322
NOR,BN.CAB.XOKA.GD.ZS,2015,8.01360708862408
NOR,BN.CAB.XOKA.GD.ZS,2014,10.954886718139
NOR,BN.CAB.XOKA.GD.ZS,2013,10.1612781853654
NOR,BN.CAB.XOKA.GD.ZS,2012,12.3837606139974
NOR,BN.CAB.XOKA.GD.ZS,2011,13.254644393537
NOR,BN.CAB.XOKA.GD.ZS,2010,11.6594077914656
NOR,BN.CAB.XOKA.GD.ZS,2009,11.6422035687715
NOR,BN.CAB.XOKA.GD.ZS,2008,15.6834391144207
NOR,BN.CAB.XOKA.GD.ZS,2007,12.3514714981709
NOR,BN.CAB.XOKA.GD.ZS,2006,16.1172176953327
NOR,BN.CAB.XOKA.GD.ZS,2005,16.1196583458525
NOR,BN.CAB.XOKA.GD.ZS,2004,12.4402161309479
NOR,BN.CAB.XOKA.GD.ZS,2003,12.0747466077901
NOR,BN.CAB.XOKA.GD.ZS,2002,12.3875440189491
NOR,BN.CAB.XOKA.GD.ZS,2001,15.8091308133007
NOR,BN.CAB.XOKA.GD.ZS,2000,14.6268809774529
NOR,BN.CAB.XOKA.GD.ZS,1999,5.45536839944684
NOR,BN.CAB.XOKA.GD.ZS,1998,0.00396060568324695
NOR,BN.CAB.XOKA.GD.ZS,1997,6.2197314749599
NOR,BN.CAB.XOKA.GD.ZS,1996,6.7079936617906
NOR,BN.CAB.XOKA.GD.ZS,1995,3.4417823140897
NOR,BN.CAB.XOKA.GD.ZS,1994,2.95773731509195
NOR,BN.CAB.XOKA.GD.ZS,1993,2.92107412417417
NOR,BN.CAB.XOKA.GD.ZS,1992,3.41719782044257
NOR,BN.CAB.XOKA.GD.ZS,1991,4.12461565471791
NOR,BN.CAB.XOKA.GD.ZS,1990,3.32681988034128
NOR,BN.CAB.XOKA.GD.ZS,1989,0.218208260788841
NOR,BN.CAB.XOKA.GD.ZS,1988,-3.81610538770097
NOR,BN.CAB.XOKA.GD.ZS,1987,-4.35027445597645
NOR,BN.CAB.XOKA.GD.ZS,1986,-5.74516753587734
NOR,BN.CAB.XOKA.GD.ZS,1985,4.63242376677831
NOR,BN.CAB.XOKA.GD.ZS,1984,4.64376053627758
NOR,BN.CAB.XOKA.GD.ZS,1983,3.17454933119806
NOR,BN.CAB.XOKA.GD.ZS,1982,1.01962562597084
NOR,BN.CAB.XOKA.GD.ZS,1981,3.35986948148876
NOR,BN.CAB.XOKA.GD.ZS,1980,1.67395740641177
NOR,BN.CAB.XOKA.GD.ZS,1979,-1.9713583533686
NOR,BN.CAB.XOKA.GD.ZS,1978,-4.5528409302961
NOR,BN.CAB.XOKA.GD.ZS,1977,-12.17380973598
NOR,BN.CAB.XOKA.GD.ZS,1976,-10.4230468475961
NOR,BN.CAB.XOKA.GD.ZS,1975,-7.53769523792199
NOR,BN.CAB.XOKA.GD.ZS,1974,
NOR,BN.CAB.XOKA.GD.ZS,1973,
NOR,BN.CAB.XOKA.GD.ZS,1972,
NOR,BN.CAB.XOKA.GD.ZS,1971,
NOR,BN.CAB.XOKA.GD.ZS,1970,
NOR,BN.CAB.XOKA.GD.ZS,1969,
NOR,BN.CAB.XOKA.GD.ZS,1968,
NOR,BN.CAB.XOKA.GD.ZS,1967,
NOR,BN.CAB.XOKA.GD.ZS,1966,
NOR,BN.CAB.XOKA.GD.ZS,1965,
NOR,BN.CAB.XOKA.GD.ZS,1964,
NOR,BN.CAB.XOKA.GD.ZS,1963,
NOR,BN.CAB.XOKA.GD.ZS,1962,
NOR,BN.CAB.XOKA.GD.ZS,1961,
NOR,BN.CAB.XOKA.GD.ZS,1960,
OMN,BN.CAB.XOKA.GD.ZS,2025,
OMN,BN.CAB.XOKA.GD.ZS,2024,2.86434019549987
OMN,BN.CAB.XOKA.GD.ZS,2023,2.2921129881964
OMN,BN.CAB.XOKA.GD.ZS,2022,3.65021452080102
OMN,BN.CAB.XOKA.GD.ZS,2021,-5.53764911438897
OMN,BN.CAB.XOKA.GD.ZS,2020,-16.5486765828435
OMN,BN.CAB.XOKA.GD.ZS,2019,-4.91818869978251
OMN,BN.CAB.XOKA.GD.ZS,2018,-4.85027419563218
OMN,BN.CAB.XOKA.GD.ZS,2017,-13.6143943671897
OMN,BN.CAB.XOKA.GD.ZS,2016,-16.6107645205386
OMN,BN.CAB.XOKA.GD.ZS,2015,-13.7812835379107
OMN,BN.CAB.XOKA.GD.ZS,2014,4.62995815380295
OMN,BN.CAB.XOKA.GD.ZS,2013,5.87992091672238
OMN,BN.CAB.XOKA.GD.ZS,2012,8.99068507231773
OMN,BN.CAB.XOKA.GD.ZS,2011,11.4435714770698
OMN,BN.CAB.XOKA.GD.ZS,2010,7.59476361744697
OMN,BN.CAB.XOKA.GD.ZS,2009,-0.784047994334516
OMN,BN.CAB.XOKA.GD.ZS,2008,7.22971355183886
OMN,BN.CAB.XOKA.GD.ZS,2007,5.09706270360498
OMN,BN.CAB.XOKA.GD.ZS,2006,13.2991735436226
OMN,BN.CAB.XOKA.GD.ZS,2005,14.5817585186487
OMN,BN.CAB.XOKA.GD.ZS,2004,3.08879459662564
OMN,BN.CAB.XOKA.GD.ZS,2003,5.87796132532779
OMN,BN.CAB.XOKA.GD.ZS,2002,8.4161151014241
OMN,BN.CAB.XOKA.GD.ZS,2001,9.37796465255733
OMN,BN.CAB.XOKA.GD.ZS,2000,14.0586857970743
OMN,BN.CAB.XOKA.GD.ZS,1999,-2.57671691704828
OMN,BN.CAB.XOKA.GD.ZS,1998,-19.7180125156589
OMN,BN.CAB.XOKA.GD.ZS,1997,-0.919633654405093
OMN,BN.CAB.XOKA.GD.ZS,1996,1.39466079996562
OMN,BN.CAB.XOKA.GD.ZS,1995,-5.09164295639516
OMN,BN.CAB.XOKA.GD.ZS,1994,-5.4701307882644
OMN,BN.CAB.XOKA.GD.ZS,1993,-8.36318444330724
OMN,BN.CAB.XOKA.GD.ZS,1992,-4.21923133343112
OMN,BN.CAB.XOKA.GD.ZS,1991,-1.94077026836584
OMN,BN.CAB.XOKA.GD.ZS,1990,8.31216538356323
OMN,BN.CAB.XOKA.GD.ZS,1989,3.25785325785326
OMN,BN.CAB.XOKA.GD.ZS,1988,-3.69049465033338
OMN,BN.CAB.XOKA.GD.ZS,1987,10.0419527882384
OMN,BN.CAB.XOKA.GD.ZS,1986,-14.1973790061813
OMN,BN.CAB.XOKA.GD.ZS,1985,-0.101276081520764
OMN,BN.CAB.XOKA.GD.ZS,1984,3.43299250734982
OMN,BN.CAB.XOKA.GD.ZS,1983,6.23380439900374
OMN,BN.CAB.XOKA.GD.ZS,1982,6.46891982907139
OMN,BN.CAB.XOKA.GD.ZS,1981,17.034259330845
OMN,BN.CAB.XOKA.GD.ZS,1980,15.7543197784418
OMN,BN.CAB.XOKA.GD.ZS,1979,14.6956184993128
OMN,BN.CAB.XOKA.GD.ZS,1978,-1.80665591577939
OMN,BN.CAB.XOKA.GD.ZS,1977,10.0971683755399
OMN,BN.CAB.XOKA.GD.ZS,1976,1.42485582228649
OMN,BN.CAB.XOKA.GD.ZS,1975,2.73405175246846
OMN,BN.CAB.XOKA.GD.ZS,1974,10.8883025820954
OMN,BN.CAB.XOKA.GD.ZS,1973,
OMN,BN.CAB.XOKA.GD.ZS,1972,
OMN,BN.CAB.XOKA.GD.ZS,1971,
OMN,BN.CAB.XOKA.GD.ZS,1970,
OMN,BN.CAB.XOKA.GD.ZS,1969,
OMN,BN.CAB.XOKA.GD.ZS,1968,
OMN,BN.CAB.XOKA.GD.ZS,1967,
OMN,BN.CAB.XOKA.GD.ZS,1966,
OMN,BN.CAB.XOKA.GD.ZS,1965,
OMN,BN.CAB.XOKA.GD.ZS,1964,
OMN,BN.CAB.XOKA.GD.ZS,1963,
OMN,BN.CAB.XOKA.GD.ZS,1962,
OMN,BN.CAB.XOKA.GD.ZS,1961,
OMN,BN.CAB.XOKA.GD.ZS,1960,
PAK,BN.CAB.XOKA.GD.ZS,2025,
PAK,BN.CAB.XOKA.GD.ZS,2024,0.133557216822667
PAK,BN.CAB.XOKA.GD.ZS,2023,-0.308630136387274
PAK,BN.CAB.XOKA.GD.ZS,2022,-3.25858181478804
PAK,BN.CAB.XOKA.GD.ZS,2021,-3.52439577565177
PAK,BN.CAB.XOKA.GD.ZS,2020,-0.216650637871501
PAK,BN.CAB.XOKA.GD.ZS,2019,-2.66677325730292
PAK,BN.CAB.XOKA.GD.ZS,2018,-5.29556175645778
PAK,BN.CAB.XOKA.GD.ZS,2017,-4.76985760466006
PAK,BN.CAB.XOKA.GD.ZS,2016,-2.29279660651385
PAK,BN.CAB.XOKA.GD.ZS,2015,-0.934446742353906
PAK,BN.CAB.XOKA.GD.ZS,2014,-1.34787339235798
PAK,BN.CAB.XOKA.GD.ZS,2013,-1.70727876868057
PAK,BN.CAB.XOKA.GD.ZS,2012,-0.936399348037174
PAK,BN.CAB.XOKA.GD.ZS,2011,-0.957124213324854
PAK,BN.CAB.XOKA.GD.ZS,2010,-0.688324235118166
PAK,BN.CAB.XOKA.GD.ZS,2009,-2.13167355660601
PAK,BN.CAB.XOKA.GD.ZS,2008,-7.74194351471585
PAK,BN.CAB.XOKA.GD.ZS,2007,-4.50796175781862
PAK,BN.CAB.XOKA.GD.ZS,2006,-4.16812395772995
PAK,BN.CAB.XOKA.GD.ZS,2005,-2.48346235681318
PAK,BN.CAB.XOKA.GD.ZS,2004,-0.617928012719509
PAK,BN.CAB.XOKA.GD.ZS,2003,3.17962013910419
PAK,BN.CAB.XOKA.GD.ZS,2002,3.93573326208505
PAK,BN.CAB.XOKA.GD.ZS,2001,1.93318034244488
PAK,BN.CAB.XOKA.GD.ZS,2000,-0.0854401858342493
PAK,BN.CAB.XOKA.GD.ZS,1999,-1.46092369568391
PAK,BN.CAB.XOKA.GD.ZS,1998,-3.61461538001894
PAK,BN.CAB.XOKA.GD.ZS,1997,-2.74152798261064
PAK,BN.CAB.XOKA.GD.ZS,1996,-7.00574971079085
PAK,BN.CAB.XOKA.GD.ZS,1995,-5.52270880088959
PAK,BN.CAB.XOKA.GD.ZS,1994,-3.46530848690822
PAK,BN.CAB.XOKA.GD.ZS,1993,-5.59847609574865
PAK,BN.CAB.XOKA.GD.ZS,1992,-3.83779241680643
PAK,BN.CAB.XOKA.GD.ZS,1991,-2.77569478723708
PAK,BN.CAB.XOKA.GD.ZS,1990,-4.15244201309876
PAK,BN.CAB.XOKA.GD.ZS,1989,-3.33082801461705
PAK,BN.CAB.XOKA.GD.ZS,1988,-3.69691808527703
PAK,BN.CAB.XOKA.GD.ZS,1987,-1.66801834551223
PAK,BN.CAB.XOKA.GD.ZS,1986,-1.99398424722894
PAK,BN.CAB.XOKA.GD.ZS,1985,-3.42647654062989
PAK,BN.CAB.XOKA.GD.ZS,1984,-3.80048637214436
PAK,BN.CAB.XOKA.GD.ZS,1983,0.150761542164496
PAK,BN.CAB.XOKA.GD.ZS,1982,-2.58632587353653
PAK,BN.CAB.XOKA.GD.ZS,1981,-3.24682449425172
PAK,BN.CAB.XOKA.GD.ZS,1980,-3.66146337714972
PAK,BN.CAB.XOKA.GD.ZS,1979,-5.64338305335557
PAK,BN.CAB.XOKA.GD.ZS,1978,-4.01359263625061
PAK,BN.CAB.XOKA.GD.ZS,1977,-4.8294849245496
PAK,BN.CAB.XOKA.GD.ZS,1976,-5.69556436292968
PAK,BN.CAB.XOKA.GD.ZS,1975,
PAK,BN.CAB.XOKA.GD.ZS,1974,
PAK,BN.CAB.XOKA.GD.ZS,1973,
PAK,BN.CAB.XOKA.GD.ZS,1972,
PAK,BN.CAB.XOKA.GD.ZS,1971,
PAK,BN.CAB.XOKA.GD.ZS,1970,
PAK,BN.CAB.XOKA.GD.ZS,1969,
PAK,BN.CAB.XOKA.GD.ZS,1968,
PAK,BN.CAB.XOKA.GD.ZS,1967,
PAK,BN.CAB.XOKA.GD.ZS,1966,
PAK,BN.CAB.XOKA.GD.ZS,1965,
PAK,BN.CAB.XOKA.GD.ZS,1964,
PAK,BN.CAB.XOKA.GD.ZS,1963,
PAK,BN.CAB.XOKA.GD.ZS,1962,
PAK,BN.CAB.XOKA.GD.ZS,1961,
PAK,BN.CAB.XOKA.GD.ZS,1960,
PLW,BN.CAB.XOKA.GD.ZS,2025,
PLW,BN.CAB.XOKA.GD.ZS,2024,
PLW,BN.CAB.XOKA.GD.ZS,2023,-48.5120927252999
PLW,BN.CAB.XOKA.GD.ZS,2022,-48.0250710256696
PLW,BN.CAB.XOKA.GD.ZS,2021,-41.4855038329433
PLW,BN.CAB.XOKA.GD.ZS,2020,-43.4275854404351
PLW,BN.CAB.XOKA.GD.ZS,2019,-30.4256869318083
PLW,BN.CAB.XOKA.GD.ZS,2018,-18.6570512009478
PLW,BN.CAB.XOKA.GD.ZS,2017,-22.6908505634262
PLW,BN.CAB.XOKA.GD.ZS,2016,-16.0038255976821
PLW,BN.CAB.XOKA.GD.ZS,2015,-8.44636688523686
PLW,BN.CAB.XOKA.GD.ZS,2014,-19.704998233376
PLW,BN.CAB.XOKA.GD.ZS,2013,-13.0344370501227
PLW,BN.CAB.XOKA.GD.ZS,2012,-15.9932980684652
PLW,BN.CAB.XOKA.GD.ZS,2011,-12.7522877984867
PLW,BN.CAB.XOKA.GD.ZS,2010,-9.93323939449098
PLW,BN.CAB.XOKA.GD.ZS,2009,-3.23576084565415
PLW,BN.CAB.XOKA.GD.ZS,2008,-17.0211494509807
PLW,BN.CAB.XOKA.GD.ZS,2007,-18.0239126758864
PLW,BN.CAB.XOKA.GD.ZS,2006,-25.1985586649969
PLW,BN.CAB.XOKA.GD.ZS,2005,-20.7264943599223
PLW,BN.CAB.XOKA.GD.ZS,2004,
PLW,BN.CAB.XOKA.GD.ZS,2003,
PLW,BN.CAB.XOKA.GD.ZS,2002,
PLW,BN.CAB.XOKA.GD.ZS,2001,
PLW,BN.CAB.XOKA.GD.ZS,2000,
PLW,BN.CAB.XOKA.GD.ZS,1999,
PLW,BN.CAB.XOKA.GD.ZS,1998,
PLW,BN.CAB.XOKA.GD.ZS,1997,
PLW,BN.CAB.XOKA.GD.ZS,1996,
PLW,BN.CAB.XOKA.GD.ZS,1995,
PLW,BN.CAB.XOKA.GD.ZS,1994,
PLW,BN.CAB.XOKA.GD.ZS,1993,
PLW,BN.CAB.XOKA.GD.ZS,1992,
PLW,BN.CAB.XOKA.GD.ZS,1991,
PLW,BN.CAB.XOKA.GD.ZS,1990,
PLW,BN.CAB.XOKA.GD.ZS,1989,
PLW,BN.CAB.XOKA.GD.ZS,1988,
PLW,BN.CAB.XOKA.GD.ZS,1987,
PLW,BN.CAB.XOKA.GD.ZS,1986,
PLW,BN.CAB.XOKA.GD.ZS,1985,
PLW,BN.CAB.XOKA.GD.ZS,1984,
PLW,BN.CAB.XOKA.GD.ZS,1983,
PLW,BN.CAB.XOKA.GD.ZS,1982,
PLW,BN.CAB.XOKA.GD.ZS,1981,
PLW,BN.CAB.XOKA.GD.ZS,1980,
PLW,BN.CAB.XOKA.GD.ZS,1979,
PLW,BN.CAB.XOKA.GD.ZS,1978,
PLW,BN.CAB.XOKA.GD.ZS,1977,
PLW,BN.CAB.XOKA.GD.ZS,1976,
PLW,BN.CAB.XOKA.GD.ZS,1975,
PLW,BN.CAB.XOKA.GD.ZS,1974,
PLW,BN.CAB.XOKA.GD.ZS,1973,
PLW,BN.CAB.XOKA.GD.ZS,1972,
PLW,BN.CAB.XOKA.GD.ZS,1971,
PLW,BN.CAB.XOKA.GD.ZS,1970,
PLW,BN.CAB.XOKA.GD.ZS,1969,
PLW,BN.CAB.XOKA.GD.ZS,1968,
PLW,BN.CAB.XOKA.GD.ZS,1967,
PLW,BN.CAB.XOKA.GD.ZS,1966,
PLW,BN.CAB.XOKA.GD.ZS,1965,
PLW,BN.CAB.XOKA.GD.ZS,1964,
PLW,BN.CAB.XOKA.GD.ZS,1963,
PLW,BN.CAB.XOKA.GD.ZS,1962,
PLW,BN.CAB.XOKA.GD.ZS,1961,
PLW,BN.CAB.XOKA.GD.ZS,1960,
PAN,BN.CAB.XOKA.GD.ZS,2025,
PAN,BN.CAB.XOKA.GD.ZS,2024,1.93266864803743
PAN,BN.CAB.XOKA.GD.ZS,2023,-3.07950718117876
PAN,BN.CAB.XOKA.GD.ZS,2022,0.0376164980565806
PAN,BN.CAB.XOKA.GD.ZS,2021,-1.21399867987633
PAN,BN.CAB.XOKA.GD.ZS,2020,0.215312493460061
PAN,BN.CAB.XOKA.GD.ZS,2019,-5.14448028576959
PAN,BN.CAB.XOKA.GD.ZS,2018,-7.88419298820638
PAN,BN.CAB.XOKA.GD.ZS,2017,-5.82243144680319
PAN,BN.CAB.XOKA.GD.ZS,2016,-7.54284614415131
PAN,BN.CAB.XOKA.GD.ZS,2015,-8.69390485549667
PAN,BN.CAB.XOKA.GD.ZS,2014,-12.9838146932933
PAN,BN.CAB.XOKA.GD.ZS,2013,-8.69806985425653
PAN,BN.CAB.XOKA.GD.ZS,2012,-8.97959013068533
PAN,BN.CAB.XOKA.GD.ZS,2011,-12.658129153843
PAN,BN.CAB.XOKA.GD.ZS,2010,-10.3251596563382
PAN,BN.CAB.XOKA.GD.ZS,2009,-0.763910450905961
PAN,BN.CAB.XOKA.GD.ZS,2008,-8.89223139636047
PAN,BN.CAB.XOKA.GD.ZS,2007,-5.4315809612409
PAN,BN.CAB.XOKA.GD.ZS,2006,-2.48020850513372
PAN,BN.CAB.XOKA.GD.ZS,2005,-6.40102243525954
PAN,BN.CAB.XOKA.GD.ZS,2004,-6.92308557013031
PAN,BN.CAB.XOKA.GD.ZS,2003,-4.22833726856686
PAN,BN.CAB.XOKA.GD.ZS,2002,-0.883534990053261
PAN,BN.CAB.XOKA.GD.ZS,2001,-1.5588138412991
PAN,BN.CAB.XOKA.GD.ZS,2000,-5.8404727562183
PAN,BN.CAB.XOKA.GD.ZS,1999,-9.97538332576209
PAN,BN.CAB.XOKA.GD.ZS,1998,-9.10381367653388
PAN,BN.CAB.XOKA.GD.ZS,1997,-5.03735296832826
PAN,BN.CAB.XOKA.GD.ZS,1996,-2.18102666519342
PAN,BN.CAB.XOKA.GD.ZS,1995,-4.9154915141079
PAN,BN.CAB.XOKA.GD.ZS,1994,0.169775846124911
PAN,BN.CAB.XOKA.GD.ZS,1993,-1.08965635563305
PAN,BN.CAB.XOKA.GD.ZS,1992,-3.28511447610562
PAN,BN.CAB.XOKA.GD.ZS,1991,-3.40793015877548
PAN,BN.CAB.XOKA.GD.ZS,1990,3.2499389567898
PAN,BN.CAB.XOKA.GD.ZS,1989,1.88393290441391
PAN,BN.CAB.XOKA.GD.ZS,1988,12.221353065403
PAN,BN.CAB.XOKA.GD.ZS,1987,7.98076613392282
PAN,BN.CAB.XOKA.GD.ZS,1986,-1.45487514243875
PAN,BN.CAB.XOKA.GD.ZS,1985,1.14805172641068
PAN,BN.CAB.XOKA.GD.ZS,1984,-3.27166966467294
PAN,BN.CAB.XOKA.GD.ZS,1983,3.35429081404249
PAN,BN.CAB.XOKA.GD.ZS,1982,-3.36408679454853
PAN,BN.CAB.XOKA.GD.ZS,1981,-10.2442899333192
PAN,BN.CAB.XOKA.GD.ZS,1980,-7.1238371262402
PAN,BN.CAB.XOKA.GD.ZS,1979,-8.39507809798087
PAN,BN.CAB.XOKA.GD.ZS,1978,-6.40148709288222
PAN,BN.CAB.XOKA.GD.ZS,1977,-5.67513282787158
PAN,BN.CAB.XOKA.GD.ZS,1976,
PAN,BN.CAB.XOKA.GD.ZS,1975,
PAN,BN.CAB.XOKA.GD.ZS,1974,
PAN,BN.CAB.XOKA.GD.ZS,1973,
PAN,BN.CAB.XOKA.GD.ZS,1972,
PAN,BN.CAB.XOKA.GD.ZS,1971,
PAN,BN.CAB.XOKA.GD.ZS,1970,
PAN,BN.CAB.XOKA.GD.ZS,1969,
PAN,BN.CAB.XOKA.GD.ZS,1968,
PAN,BN.CAB.XOKA.GD.ZS,1967,
PAN,BN.CAB.XOKA.GD.ZS,1966,
PAN,BN.CAB.XOKA.GD.ZS,1965,
PAN,BN.CAB.XOKA.GD.ZS,1964,
PAN,BN.CAB.XOKA.GD.ZS,1963,
PAN,BN.CAB.XOKA.GD.ZS,1962,
PAN,BN.CAB.XOKA.GD.ZS,1961,
PAN,BN.CAB.XOKA.GD.ZS,1960,
PNG,BN.CAB.XOKA.GD.ZS,2025,
PNG,BN.CAB.XOKA.GD.ZS,2024,14.991427158321
PNG,BN.CAB.XOKA.GD.ZS,2023,9.06715382994205
PNG,BN.CAB.XOKA.GD.ZS,2022,14.4295140010126
PNG,BN.CAB.XOKA.GD.ZS,2021,12.5772553476243
PNG,BN.CAB.XOKA.GD.ZS,2020,14.3372352654886
PNG,BN.CAB.XOKA.GD.ZS,2019,14.3799231097493
PNG,BN.CAB.XOKA.GD.ZS,2018,13.6302697156748
PNG,BN.CAB.XOKA.GD.ZS,2017,15.9024612947226
PNG,BN.CAB.XOKA.GD.ZS,2016,13.6287612457147
PNG,BN.CAB.XOKA.GD.ZS,2015,11.2064023719229
PNG,BN.CAB.XOKA.GD.ZS,2014,12.1393177239905
PNG,BN.CAB.XOKA.GD.ZS,2013,-16.2256819496775
PNG,BN.CAB.XOKA.GD.ZS,2012,-10.7881600289652
PNG,BN.CAB.XOKA.GD.ZS,2011,-1.10018483437862
PNG,BN.CAB.XOKA.GD.ZS,2010,-4.50849152932172
PNG,BN.CAB.XOKA.GD.ZS,2009,-5.09167321110671
PNG,BN.CAB.XOKA.GD.ZS,2008,6.81299167765164
PNG,BN.CAB.XOKA.GD.ZS,2007,1.89447675578743
PNG,BN.CAB.XOKA.GD.ZS,2006,5.27638088337678
PNG,BN.CAB.XOKA.GD.ZS,2005,13.3520776079467
PNG,BN.CAB.XOKA.GD.ZS,2004,4.79140919548251
PNG,BN.CAB.XOKA.GD.ZS,2003,4.01861390427818
PNG,BN.CAB.XOKA.GD.ZS,2002,-0.83771505987784
PNG,BN.CAB.XOKA.GD.ZS,2001,9.28741777969622
PNG,BN.CAB.XOKA.GD.ZS,2000,9.95921732839905
PNG,BN.CAB.XOKA.GD.ZS,1999,3.45089237039663
PNG,BN.CAB.XOKA.GD.ZS,1998,1.24749695919347
PNG,BN.CAB.XOKA.GD.ZS,1997,-2.0058122434283
PNG,BN.CAB.XOKA.GD.ZS,1996,6.07669181615827
PNG,BN.CAB.XOKA.GD.ZS,1995,14.5331456032702
PNG,BN.CAB.XOKA.GD.ZS,1994,10.3379652434895
PNG,BN.CAB.XOKA.GD.ZS,1993,12.9825853243472
PNG,BN.CAB.XOKA.GD.ZS,1992,2.17092948220248
PNG,BN.CAB.XOKA.GD.ZS,1991,-3.98899067197516
PNG,BN.CAB.XOKA.GD.ZS,1990,-2.35026712017846
PNG,BN.CAB.XOKA.GD.ZS,1989,-8.81704901407699
PNG,BN.CAB.XOKA.GD.ZS,1988,-8.10587100563077
PNG,BN.CAB.XOKA.GD.ZS,1987,-6.29430865088511
PNG,BN.CAB.XOKA.GD.ZS,1986,-3.70461190024242
PNG,BN.CAB.XOKA.GD.ZS,1985,-5.02418007846705
PNG,BN.CAB.XOKA.GD.ZS,1984,-11.3429734615729
PNG,BN.CAB.XOKA.GD.ZS,1983,-13.1665014634039
PNG,BN.CAB.XOKA.GD.ZS,1982,-18.7766660737937
PNG,BN.CAB.XOKA.GD.ZS,1981,-19.3872385945671
PNG,BN.CAB.XOKA.GD.ZS,1980,-11.3410645500267
PNG,BN.CAB.XOKA.GD.ZS,1979,4.66365658102383
PNG,BN.CAB.XOKA.GD.ZS,1978,-1.65194238127387
PNG,BN.CAB.XOKA.GD.ZS,1977,6.96583175372706
PNG,BN.CAB.XOKA.GD.ZS,1976,3.35905249036014
PNG,BN.CAB.XOKA.GD.ZS,1975,
PNG,BN.CAB.XOKA.GD.ZS,1974,
PNG,BN.CAB.XOKA.GD.ZS,1973,
PNG,BN.CAB.XOKA.GD.ZS,1972,
PNG,BN.CAB.XOKA.GD.ZS,1971,
PNG,BN.CAB.XOKA.GD.ZS,1970,
PNG,BN.CAB.XOKA.GD.ZS,1969,
PNG,BN.CAB.XOKA.GD.ZS,1968,
PNG,BN.CAB.XOKA.GD.ZS,1967,
PNG,BN.CAB.XOKA.GD.ZS,1966,
PNG,BN.CAB.XOKA.GD.ZS,1965,
PNG,BN.CAB.XOKA.GD.ZS,1964,
PNG,BN.CAB.XOKA.GD.ZS,1963,
PNG,BN.CAB.XOKA.GD.ZS,1962,
PNG,BN.CAB.XOKA.GD.ZS,1961,
PNG,BN.CAB.XOKA.GD.ZS,1960,
PRY,BN.CAB.XOKA.GD.ZS,2025,
PRY,BN.CAB.XOKA.GD.ZS,2024,-3.43605399756594
PRY,BN.CAB.XOKA.GD.ZS,2023,-0.344032669700242
PRY,BN.CAB.XOKA.GD.ZS,2022,-7.01122938358236
PRY,BN.CAB.XOKA.GD.ZS,2021,-1.07430638915495
PRY,BN.CAB.XOKA.GD.ZS,2020,1.9081374598608
PRY,BN.CAB.XOKA.GD.ZS,2019,-0.559766224200817
PRY,BN.CAB.XOKA.GD.ZS,2018,-0.224276226143701
PRY,BN.CAB.XOKA.GD.ZS,2017,3.36274040634761
PRY,BN.CAB.XOKA.GD.ZS,2016,4.60556622822591
PRY,BN.CAB.XOKA.GD.ZS,2015,-0.209438978009664
PRY,BN.CAB.XOKA.GD.ZS,2014,-0.78698426888465
PRY,BN.CAB.XOKA.GD.ZS,2013,0.86967069919009
PRY,BN.CAB.XOKA.GD.ZS,2012,-1.81921710711773
PRY,BN.CAB.XOKA.GD.ZS,2011,-0.677611879363058
PRY,BN.CAB.XOKA.GD.ZS,2010,-1.13186238216093
PRY,BN.CAB.XOKA.GD.ZS,2009,1.740826211089
PRY,BN.CAB.XOKA.GD.ZS,2008,0.359539923687499
PRY,BN.CAB.XOKA.GD.ZS,2007,4.36238494214342
PRY,BN.CAB.XOKA.GD.ZS,2006,1.24447680615271
PRY,BN.CAB.XOKA.GD.ZS,2005,-0.628692309199553
PRY,BN.CAB.XOKA.GD.ZS,2004,-0.101927990310014
PRY,BN.CAB.XOKA.GD.ZS,2003,0.221163990286845
PRY,BN.CAB.XOKA.GD.ZS,2002,8.61307588678674
PRY,BN.CAB.XOKA.GD.ZS,2001,-0.375729695210563
PRY,BN.CAB.XOKA.GD.ZS,2000,-2.79049501871093
PRY,BN.CAB.XOKA.GD.ZS,1999,1.56971889454463
PRY,BN.CAB.XOKA.GD.ZS,1998,1.42468424398124
PRY,BN.CAB.XOKA.GD.ZS,1997,-5.50597618386607
PRY,BN.CAB.XOKA.GD.ZS,1996,-0.707053011808278
PRY,BN.CAB.XOKA.GD.ZS,1995,-2.39891387766325
PRY,BN.CAB.XOKA.GD.ZS,1994,-3.48241172235135
PRY,BN.CAB.XOKA.GD.ZS,1993,0.815224855768091
PRY,BN.CAB.XOKA.GD.ZS,1992,-0.800567351484838
PRY,BN.CAB.XOKA.GD.ZS,1991,1.21843526699717
PRY,BN.CAB.XOKA.GD.ZS,1990,6.7118429696366
PRY,BN.CAB.XOKA.GD.ZS,1989,5.37230741995177
PRY,BN.CAB.XOKA.GD.ZS,1988,-4.9392770538631
PRY,BN.CAB.XOKA.GD.ZS,1987,-12.3342856620109
PRY,BN.CAB.XOKA.GD.ZS,1986,-9.79861958976583
PRY,BN.CAB.XOKA.GD.ZS,1985,-7.66805461171508
PRY,BN.CAB.XOKA.GD.ZS,1984,-7.04947522268641
PRY,BN.CAB.XOKA.GD.ZS,1983,-4.36963038226604
PRY,BN.CAB.XOKA.GD.ZS,1982,-6.91587973515684
PRY,BN.CAB.XOKA.GD.ZS,1981,-6.64057153419906
PRY,BN.CAB.XOKA.GD.ZS,1980,-6.22739575954709
PRY,BN.CAB.XOKA.GD.ZS,1979,-6.02614549120354
PRY,BN.CAB.XOKA.GD.ZS,1978,-4.41040236620347
PRY,BN.CAB.XOKA.GD.ZS,1977,-2.80093470706948
PRY,BN.CAB.XOKA.GD.ZS,1976,-4.03187757218467
PRY,BN.CAB.XOKA.GD.ZS,1975,-4.77696270196756
PRY,BN.CAB.XOKA.GD.ZS,1974,
PRY,BN.CAB.XOKA.GD.ZS,1973,
PRY,BN.CAB.XOKA.GD.ZS,1972,
PRY,BN.CAB.XOKA.GD.ZS,1971,
PRY,BN.CAB.XOKA.GD.ZS,1970,
PRY,BN.CAB.XOKA.GD.ZS,1969,
PRY,BN.CAB.XOKA.GD.ZS,1968,
PRY,BN.CAB.XOKA.GD.ZS,1967,
PRY,BN.CAB.XOKA.GD.ZS,1966,
PRY,BN.CAB.XOKA.GD.ZS,1965,
PRY,BN.CAB.XOKA.GD.ZS,1964,
PRY,BN.CAB.XOKA.GD.ZS,1963,
PRY,BN.CAB.XOKA.GD.ZS,1962,
PRY,BN.CAB.XOKA.GD.ZS,1961,
PRY,BN.CAB.XOKA.GD.ZS,1960,
PER,BN.CAB.XOKA.GD.ZS,2025,
PER,BN.CAB.XOKA.GD.ZS,2024,2.2093667985816
PER,BN.CAB.XOKA.GD.ZS,2023,0.329785902609557
PER,BN.CAB.XOKA.GD.ZS,2022,-4.05265015695666
PER,BN.CAB.XOKA.GD.ZS,2021,-2.24912985995392
PER,BN.CAB.XOKA.GD.ZS,2020,0.781293621318144
PER,BN.CAB.XOKA.GD.ZS,2019,-0.726098966731838
PER,BN.CAB.XOKA.GD.ZS,2018,-1.27850714659718
PER,BN.CAB.XOKA.GD.ZS,2017,-0.953080061958555
PER,BN.CAB.XOKA.GD.ZS,2016,-2.29429403266562
PER,BN.CAB.XOKA.GD.ZS,2015,-4.70878071644278
PER,BN.CAB.XOKA.GD.ZS,2014,-4.36595061444558
PER,BN.CAB.XOKA.GD.ZS,2013,-4.85170158694027
PER,BN.CAB.XOKA.GD.ZS,2012,-2.87262299972341
PER,BN.CAB.XOKA.GD.ZS,2011,-1.96422212136988
PER,BN.CAB.XOKA.GD.ZS,2010,-2.41611244249563
PER,BN.CAB.XOKA.GD.ZS,2009,-0.598288729210878
PER,BN.CAB.XOKA.GD.ZS,2008,-4.41112077807089
PER,BN.CAB.XOKA.GD.ZS,2007,1.42931463476859
PER,BN.CAB.XOKA.GD.ZS,2006,3.24050716695869
PER,BN.CAB.XOKA.GD.ZS,2005,1.5088102611942
PER,BN.CAB.XOKA.GD.ZS,2004,0.0288861085400799
PER,BN.CAB.XOKA.GD.ZS,2003,-1.61504289543387
PER,BN.CAB.XOKA.GD.ZS,2002,-2.02693936398419
PER,BN.CAB.XOKA.GD.ZS,2001,-2.31175794610238
PER,BN.CAB.XOKA.GD.ZS,2000,-2.98741137277728
PER,BN.CAB.XOKA.GD.ZS,1999,-2.74952502384786
PER,BN.CAB.XOKA.GD.ZS,1998,-6.01059688640088
PER,BN.CAB.XOKA.GD.ZS,1997,-5.7922394566417
PER,BN.CAB.XOKA.GD.ZS,1996,-6.59496815056511
PER,BN.CAB.XOKA.GD.ZS,1995,-8.67435304434383
PER,BN.CAB.XOKA.GD.ZS,1994,-6.01858298886919
PER,BN.CAB.XOKA.GD.ZS,1993,-7.07477935578993
PER,BN.CAB.XOKA.GD.ZS,1992,-5.24379733033856
PER,BN.CAB.XOKA.GD.ZS,1991,-4.3795451250649
PER,BN.CAB.XOKA.GD.ZS,1990,-5.37288606183094
PER,BN.CAB.XOKA.GD.ZS,1989,-2.53538308021229
PER,BN.CAB.XOKA.GD.ZS,1988,-11.7797906974204
PER,BN.CAB.XOKA.GD.ZS,1987,-5.59890601138475
PER,BN.CAB.XOKA.GD.ZS,1986,-6.37463472368434
PER,BN.CAB.XOKA.GD.ZS,1985,0.676449233400277
PER,BN.CAB.XOKA.GD.ZS,1984,-1.32104329424611
PER,BN.CAB.XOKA.GD.ZS,1983,-5.02732671856448
PER,BN.CAB.XOKA.GD.ZS,1982,-7.38176189391624
PER,BN.CAB.XOKA.GD.ZS,1981,-7.98108550083051
PER,BN.CAB.XOKA.GD.ZS,1980,-0.557429012722973
PER,BN.CAB.XOKA.GD.ZS,1979,4.57251743272507
PER,BN.CAB.XOKA.GD.ZS,1978,-1.54420351696589
PER,BN.CAB.XOKA.GD.ZS,1977,-6.34379826862785
PER,BN.CAB.XOKA.GD.ZS,1976,
PER,BN.CAB.XOKA.GD.ZS,1975,
PER,BN.CAB.XOKA.GD.ZS,1974,
PER,BN.CAB.XOKA.GD.ZS,1973,
PER,BN.CAB.XOKA.GD.ZS,1972,
PER,BN.CAB.XOKA.GD.ZS,1971,
PER,BN.CAB.XOKA.GD.ZS,1970,
PER,BN.CAB.XOKA.GD.ZS,1969,
PER,BN.CAB.XOKA.GD.ZS,1968,
PER,BN.CAB.XOKA.GD.ZS,1967,
PER,BN.CAB.XOKA.GD.ZS,1966,
PER,BN.CAB.XOKA.GD.ZS,1965,
PER,BN.CAB.XOKA.GD.ZS,1964,
PER,BN.CAB.XOKA.GD.ZS,1963,
PER,BN.CAB.XOKA.GD.ZS,1962,
PER,BN.CAB.XOKA.GD.ZS,1961,
PER,BN.CAB.XOKA.GD.ZS,1960,
PHL,BN.CAB.XOKA.GD.ZS,2025,
PHL,BN.CAB.XOKA.GD.ZS,2024,-3.95613177765573
PHL,BN.CAB.XOKA.GD.ZS,2023,-2.83412113848662
PHL,BN.CAB.XOKA.GD.ZS,2022,-4.51605763317132
PHL,BN.CAB.XOKA.GD.ZS,2021,-1.50797765976295
PHL,BN.CAB.XOKA.GD.ZS,2020,3.20065009232564
PHL,BN.CAB.XOKA.GD.ZS,2019,-0.808557862529766
PHL,BN.CAB.XOKA.GD.ZS,2018,-2.55939306312468
PHL,BN.CAB.XOKA.GD.ZS,2017,-0.652387929422696
PHL,BN.CAB.XOKA.GD.ZS,2016,-0.376262661565375
PHL,BN.CAB.XOKA.GD.ZS,2015,2.37094985955594
PHL,BN.CAB.XOKA.GD.ZS,2014,3.61563913358328
PHL,BN.CAB.XOKA.GD.ZS,2013,4.00964958369033
PHL,BN.CAB.XOKA.GD.ZS,2012,2.65327822085759
PHL,BN.CAB.XOKA.GD.ZS,2011,2.4091906991357
PHL,BN.CAB.XOKA.GD.ZS,2010,3.44540917722718
PHL,BN.CAB.XOKA.GD.ZS,2009,4.80078349700448
PHL,BN.CAB.XOKA.GD.ZS,2008,0.0792959465366613
PHL,BN.CAB.XOKA.GD.ZS,2007,5.17497335468166
PHL,BN.CAB.XOKA.GD.ZS,2006,5.4545225788942
PHL,BN.CAB.XOKA.GD.ZS,2005,1.8529075905422
PHL,BN.CAB.XOKA.GD.ZS,2004,1.71049031113279
PHL,BN.CAB.XOKA.GD.ZS,2003,0.327439073939328
PHL,BN.CAB.XOKA.GD.ZS,2002,-0.334490425515421
PHL,BN.CAB.XOKA.GD.ZS,2001,-2.21740069327136
PHL,BN.CAB.XOKA.GD.ZS,2000,-2.66284885287764
PHL,BN.CAB.XOKA.GD.ZS,1999,-3.35706942771647
PHL,BN.CAB.XOKA.GD.ZS,1998,2.07537904684556
PHL,BN.CAB.XOKA.GD.ZS,1997,-4.62349405712408
PHL,BN.CAB.XOKA.GD.ZS,1996,-4.17652404044575
PHL,BN.CAB.XOKA.GD.ZS,1995,-2.33919983744538
PHL,BN.CAB.XOKA.GD.ZS,1994,-4.03229461116698
PHL,BN.CAB.XOKA.GD.ZS,1993,-4.86165174206389
PHL,BN.CAB.XOKA.GD.ZS,1992,-1.65501732404596
PHL,BN.CAB.XOKA.GD.ZS,1991,-1.99675016579611
PHL,BN.CAB.XOKA.GD.ZS,1990,-5.33575810861436
PHL,BN.CAB.XOKA.GD.ZS,1989,-3.00120952944866
PHL,BN.CAB.XOKA.GD.ZS,1988,-0.903779279057262
PHL,BN.CAB.XOKA.GD.ZS,1987,-1.17486771670517
PHL,BN.CAB.XOKA.GD.ZS,1986,2.80105391342831
PHL,BN.CAB.XOKA.GD.ZS,1985,-0.10297045051637
PHL,BN.CAB.XOKA.GD.ZS,1984,-3.62158767735571
PHL,BN.CAB.XOKA.GD.ZS,1983,-7.33861277638986
PHL,BN.CAB.XOKA.GD.ZS,1982,-7.58185837353019
PHL,BN.CAB.XOKA.GD.ZS,1981,-5.08896567960587
PHL,BN.CAB.XOKA.GD.ZS,1980,-5.16716190791208
PHL,BN.CAB.XOKA.GD.ZS,1979,-4.79206163591047
PHL,BN.CAB.XOKA.GD.ZS,1978,-4.24652769150557
PHL,BN.CAB.XOKA.GD.ZS,1977,-3.38372878226617
PHL,BN.CAB.XOKA.GD.ZS,1976,
PHL,BN.CAB.XOKA.GD.ZS,1975,
PHL,BN.CAB.XOKA.GD.ZS,1974,
PHL,BN.CAB.XOKA.GD.ZS,1973,
PHL,BN.CAB.XOKA.GD.ZS,1972,
PHL,BN.CAB.XOKA.GD.ZS,1971,
PHL,BN.CAB.XOKA.GD.ZS,1970,
PHL,BN.CAB.XOKA.GD.ZS,1969,
PHL,BN.CAB.XOKA.GD.ZS,1968,
PHL,BN.CAB.XOKA.GD.ZS,1967,
PHL,BN.CAB.XOKA.GD.ZS,1966,
PHL,BN.CAB.XOKA.GD.ZS,1965,
PHL,BN.CAB.XOKA.GD.ZS,1964,
PHL,BN.CAB.XOKA.GD.ZS,1963,
PHL,BN.CAB.XOKA.GD.ZS,1962,
PHL,BN.CAB.XOKA.GD.ZS,1961,
PHL,BN.CAB.XOKA.GD.ZS,1960,
POL,BN.CAB.XOKA.GD.ZS,2025,
POL,BN.CAB.XOKA.GD.ZS,2024,0.30454349270969
POL,BN.CAB.XOKA.GD.ZS,2023,1.53683077845046
POL,BN.CAB.XOKA.GD.ZS,2022,-2.27455866454271
POL,BN.CAB.XOKA.GD.ZS,2021,-1.30156521580162
POL,BN.CAB.XOKA.GD.ZS,2020,2.39835922164097
POL,BN.CAB.XOKA.GD.ZS,2019,-0.272945793712772
POL,BN.CAB.XOKA.GD.ZS,2018,-1.96597240687912
POL,BN.CAB.XOKA.GD.ZS,2017,-1.18631982461877
POL,BN.CAB.XOKA.GD.ZS,2016,-1.06875807090352
POL,BN.CAB.XOKA.GD.ZS,2015,-1.3254755565429
POL,BN.CAB.XOKA.GD.ZS,2014,-2.97288032663133
POL,BN.CAB.XOKA.GD.ZS,2013,-1.98155143805472
POL,BN.CAB.XOKA.GD.ZS,2012,-4.11182485634079
POL,BN.CAB.XOKA.GD.ZS,2011,-5.11055687403888
POL,BN.CAB.XOKA.GD.ZS,2010,-5.16657584018312
POL,BN.CAB.XOKA.GD.ZS,2009,-3.94518857698649
POL,BN.CAB.XOKA.GD.ZS,2008,-6.74648774312839
POL,BN.CAB.XOKA.GD.ZS,2007,-6.68396289819493
POL,BN.CAB.XOKA.GD.ZS,2006,-4.64906335604984
POL,BN.CAB.XOKA.GD.ZS,2005,-3.30488692842897
POL,BN.CAB.XOKA.GD.ZS,2004,-5.96912639653316
POL,BN.CAB.XOKA.GD.ZS,2003,-2.50410381576022
POL,BN.CAB.XOKA.GD.ZS,2002,-2.77624121851834
POL,BN.CAB.XOKA.GD.ZS,2001,-3.09972932809545
POL,BN.CAB.XOKA.GD.ZS,2000,-5.98021918224644
POL,BN.CAB.XOKA.GD.ZS,1999,-7.31498200628172
POL,BN.CAB.XOKA.GD.ZS,1998,-3.93707818430142
POL,BN.CAB.XOKA.GD.ZS,1997,-3.59238073994115
POL,BN.CAB.XOKA.GD.ZS,1996,-2.02968632371393
POL,BN.CAB.XOKA.GD.ZS,1995,0.59787790958511
POL,BN.CAB.XOKA.GD.ZS,1994,0.57218339303966
POL,BN.CAB.XOKA.GD.ZS,1993,-6.02645744303895
POL,BN.CAB.XOKA.GD.ZS,1992,-3.29032970311139
POL,BN.CAB.XOKA.GD.ZS,1991,-2.50991404542249
POL,BN.CAB.XOKA.GD.ZS,1990,4.64853694341554
POL,BN.CAB.XOKA.GD.ZS,1989,
POL,BN.CAB.XOKA.GD.ZS,1988,
POL,BN.CAB.XOKA.GD.ZS,1987,
POL,BN.CAB.XOKA.GD.ZS,1986,
POL,BN.CAB.XOKA.GD.ZS,1985,
POL,BN.CAB.XOKA.GD.ZS,1984,
POL,BN.CAB.XOKA.GD.ZS,1983,
POL,BN.CAB.XOKA.GD.ZS,1982,
POL,BN.CAB.XOKA.GD.ZS,1981,
POL,BN.CAB.XOKA.GD.ZS,1980,
POL,BN.CAB.XOKA.GD.ZS,1979,
POL,BN.CAB.XOKA.GD.ZS,1978,
POL,BN.CAB.XOKA.GD.ZS,1977,
POL,BN.CAB.XOKA.GD.ZS,1976,
POL,BN.CAB.XOKA.GD.ZS,1975,
POL,BN.CAB.XOKA.GD.ZS,1974,
POL,BN.CAB.XOKA.GD.ZS,1973,
POL,BN.CAB.XOKA.GD.ZS,1972,
POL,BN.CAB.XOKA.GD.ZS,1971,
POL,BN.CAB.XOKA.GD.ZS,1970,
POL,BN.CAB.XOKA.GD.ZS,1969,
POL,BN.CAB.XOKA.GD.ZS,1968,
POL,BN.CAB.XOKA.GD.ZS,1967,
POL,BN.CAB.XOKA.GD.ZS,1966,
POL,BN.CAB.XOKA.GD.ZS,1965,
POL,BN.CAB.XOKA.GD.ZS,1964,
POL,BN.CAB.XOKA.GD.ZS,1963,
POL,BN.CAB.XOKA.GD.ZS,1962,
POL,BN.CAB.XOKA.GD.ZS,1961,
POL,BN.CAB.XOKA.GD.ZS,1960,
PRT,BN.CAB.XOKA.GD.ZS,2025,
PRT,BN.CAB.XOKA.GD.ZS,2024,2.07776282936737
PRT,BN.CAB.XOKA.GD.ZS,2023,0.553524092563558
PRT,BN.CAB.XOKA.GD.ZS,2022,-2.08477766426277
PRT,BN.CAB.XOKA.GD.ZS,2021,-0.672210743652409
PRT,BN.CAB.XOKA.GD.ZS,2020,-0.629832722737581
PRT,BN.CAB.XOKA.GD.ZS,2019,0.765771121812588
PRT,BN.CAB.XOKA.GD.ZS,2018,0.7276825303456
PRT,BN.CAB.XOKA.GD.ZS,2017,1.56389644169824
PRT,BN.CAB.XOKA.GD.ZS,2016,1.42555528145605
PRT,BN.CAB.XOKA.GD.ZS,2015,0.508297093307308
PRT,BN.CAB.XOKA.GD.ZS,2014,0.315317528197346
PRT,BN.CAB.XOKA.GD.ZS,2013,1.53973827822347
PRT,BN.CAB.XOKA.GD.ZS,2012,-1.52721549957903
PRT,BN.CAB.XOKA.GD.ZS,2011,-6.11854777822696
PRT,BN.CAB.XOKA.GD.ZS,2010,-10.2611634070617
PRT,BN.CAB.XOKA.GD.ZS,2009,-10.3235445210728
PRT,BN.CAB.XOKA.GD.ZS,2008,-11.859800223599
PRT,BN.CAB.XOKA.GD.ZS,2007,-9.65792414363096
PRT,BN.CAB.XOKA.GD.ZS,2006,-10.2302140524554
PRT,BN.CAB.XOKA.GD.ZS,2005,-9.60021052870909
PRT,BN.CAB.XOKA.GD.ZS,2004,-7.98339399989486
PRT,BN.CAB.XOKA.GD.ZS,2003,-6.6669232574819
PRT,BN.CAB.XOKA.GD.ZS,2002,-8.31755894208286
PRT,BN.CAB.XOKA.GD.ZS,2001,-10.4344116184086
PRT,BN.CAB.XOKA.GD.ZS,2000,-10.8233299998961
PRT,BN.CAB.XOKA.GD.ZS,1999,-8.85368265057396
PRT,BN.CAB.XOKA.GD.ZS,1998,-6.76039275351895
PRT,BN.CAB.XOKA.GD.ZS,1997,-5.66728405930872
PRT,BN.CAB.XOKA.GD.ZS,1996,-4.0005138112894
PRT,BN.CAB.XOKA.GD.ZS,1995,-0.111582055664553
PRT,BN.CAB.XOKA.GD.ZS,1994,-2.20261544389875
PRT,BN.CAB.XOKA.GD.ZS,1993,0.245135265861298
PRT,BN.CAB.XOKA.GD.ZS,1992,-0.171236849197464
PRT,BN.CAB.XOKA.GD.ZS,1991,-0.802786937062783
PRT,BN.CAB.XOKA.GD.ZS,1990,-0.230455705701948
PRT,BN.CAB.XOKA.GD.ZS,1989,0.252413720817631
PRT,BN.CAB.XOKA.GD.ZS,1988,-1.89146081029746
PRT,BN.CAB.XOKA.GD.ZS,1987,0.903181066959785
PRT,BN.CAB.XOKA.GD.ZS,1986,3.00815829546084
PRT,BN.CAB.XOKA.GD.ZS,1985,1.40133182328916
PRT,BN.CAB.XOKA.GD.ZS,1984,-2.47122277905245
PRT,BN.CAB.XOKA.GD.ZS,1983,-5.99244121749374
PRT,BN.CAB.XOKA.GD.ZS,1982,-10.6731010728771
PRT,BN.CAB.XOKA.GD.ZS,1981,-14.6533746946924
PRT,BN.CAB.XOKA.GD.ZS,1980,-3.23453303818424
PRT,BN.CAB.XOKA.GD.ZS,1979,-0.203001564466864
PRT,BN.CAB.XOKA.GD.ZS,1978,-1.97019776506817
PRT,BN.CAB.XOKA.GD.ZS,1977,-4.46177336687468
PRT,BN.CAB.XOKA.GD.ZS,1976,-6.30340941853927
PRT,BN.CAB.XOKA.GD.ZS,1975,-3.90075055304479
PRT,BN.CAB.XOKA.GD.ZS,1974,
PRT,BN.CAB.XOKA.GD.ZS,1973,
PRT,BN.CAB.XOKA.GD.ZS,1972,
PRT,BN.CAB.XOKA.GD.ZS,1971,
PRT,BN.CAB.XOKA.GD.ZS,1970,
PRT,BN.CAB.XOKA.GD.ZS,1969,
PRT,BN.CAB.XOKA.GD.ZS,1968,
PRT,BN.CAB.XOKA.GD.ZS,1967,
PRT,BN.CAB.XOKA.GD.ZS,1966,
PRT,BN.CAB.XOKA.GD.ZS,1965,
PRT,BN.CAB.XOKA.GD.ZS,1964,
PRT,BN.CAB.XOKA.GD.ZS,1963,
PRT,BN.CAB.XOKA.GD.ZS,1962,
PRT,BN.CAB.XOKA.GD.ZS,1961,
PRT,BN.CAB.XOKA.GD.ZS,1960,
PRI,BN.CAB.XOKA.GD.ZS,2025,
PRI,BN.CAB.XOKA.GD.ZS,2024,
PRI,BN.CAB.XOKA.GD.ZS,2023,
PRI,BN.CAB.XOKA.GD.ZS,2022,
PRI,BN.CAB.XOKA.GD.ZS,2021,
PRI,BN.CAB.XOKA.GD.ZS,2020,
PRI,BN.CAB.XOKA.GD.ZS,2019,
PRI,BN.CAB.XOKA.GD.ZS,2018,
PRI,BN.CAB.XOKA.GD.ZS,2017,
PRI,BN.CAB.XOKA.GD.ZS,2016,
PRI,BN.CAB.XOKA.GD.ZS,2015,
PRI,BN.CAB.XOKA.GD.ZS,2014,
PRI,BN.CAB.XOKA.GD.ZS,2013,
PRI,BN.CAB.XOKA.GD.ZS,2012,
PRI,BN.CAB.XOKA.GD.ZS,2011,
PRI,BN.CAB.XOKA.GD.ZS,2010,
PRI,BN.CAB.XOKA.GD.ZS,2009,
PRI,BN.CAB.XOKA.GD.ZS,2008,
PRI,BN.CAB.XOKA.GD.ZS,2007,
PRI,BN.CAB.XOKA.GD.ZS,2006,
PRI,BN.CAB.XOKA.GD.ZS,2005,
PRI,BN.CAB.XOKA.GD.ZS,2004,
PRI,BN.CAB.XOKA.GD.ZS,2003,
PRI,BN.CAB.XOKA.GD.ZS,2002,
PRI,BN.CAB.XOKA.GD.ZS,2001,
PRI,BN.CAB.XOKA.GD.ZS,2000,
PRI,BN.CAB.XOKA.GD.ZS,1999,
PRI,BN.CAB.XOKA.GD.ZS,1998,
PRI,BN.CAB.XOKA.GD.ZS,1997,
PRI,BN.CAB.XOKA.GD.ZS,1996,
PRI,BN.CAB.XOKA.GD.ZS,1995,
PRI,BN.CAB.XOKA.GD.ZS,1994,
PRI,BN.CAB.XOKA.GD.ZS,1993,
PRI,BN.CAB.XOKA.GD.ZS,1992,
PRI,BN.CAB.XOKA.GD.ZS,1991,
PRI,BN.CAB.XOKA.GD.ZS,1990,
PRI,BN.CAB.XOKA.GD.ZS,1989,
PRI,BN.CAB.XOKA.GD.ZS,1988,
PRI,BN.CAB.XOKA.GD.ZS,1987,
PRI,BN.CAB.XOKA.GD.ZS,1986,
PRI,BN.CAB.XOKA.GD.ZS,1985,
PRI,BN.CAB.XOKA.GD.ZS,1984,
PRI,BN.CAB.XOKA.GD.ZS,1983,
PRI,BN.CAB.XOKA.GD.ZS,1982,
PRI,BN.CAB.XOKA.GD.ZS,1981,
PRI,BN.CAB.XOKA.GD.ZS,1980,
PRI,BN.CAB.XOKA.GD.ZS,1979,
PRI,BN.CAB.XOKA.GD.ZS,1978,
PRI,BN.CAB.XOKA.GD.ZS,1977,
PRI,BN.CAB.XOKA.GD.ZS,1976,
PRI,BN.CAB.XOKA.GD.ZS,1975,
PRI,BN.CAB.XOKA.GD.ZS,1974,
PRI,BN.CAB.XOKA.GD.ZS,1973,
PRI,BN.CAB.XOKA.GD.ZS,1972,
PRI,BN.CAB.XOKA.GD.ZS,1971,
PRI,BN.CAB.XOKA.GD.ZS,1970,
PRI,BN.CAB.XOKA.GD.ZS,1969,
PRI,BN.CAB.XOKA.GD.ZS,1968,
PRI,BN.CAB.XOKA.GD.ZS,1967,
PRI,BN.CAB.XOKA.GD.ZS,1966,
PRI,BN.CAB.XOKA.GD.ZS,1965,
PRI,BN.CAB.XOKA.GD.ZS,1964,
PRI,BN.CAB.XOKA.GD.ZS,1963,
PRI,BN.CAB.XOKA.GD.ZS,1962,
PRI,BN.CAB.XOKA.GD.ZS,1961,
PRI,BN.CAB.XOKA.GD.ZS,1960,
QAT,BN.CAB.XOKA.GD.ZS,2025,
QAT,BN.CAB.XOKA.GD.ZS,2024,17.2860738675678
QAT,BN.CAB.XOKA.GD.ZS,2023,16.7745992063152
QAT,BN.CAB.XOKA.GD.ZS,2022,26.7778345000245
QAT,BN.CAB.XOKA.GD.ZS,2021,14.6435859222744
QAT,BN.CAB.XOKA.GD.ZS,2020,-2.06750396645727
QAT,BN.CAB.XOKA.GD.ZS,2019,2.41529489464043
QAT,BN.CAB.XOKA.GD.ZS,2018,9.08292624449306
QAT,BN.CAB.XOKA.GD.ZS,2017,3.98856755019176
QAT,BN.CAB.XOKA.GD.ZS,2016,-5.45006834991535
QAT,BN.CAB.XOKA.GD.ZS,2015,8.50181661296372
QAT,BN.CAB.XOKA.GD.ZS,2014,23.9592464211398
QAT,BN.CAB.XOKA.GD.ZS,2013,30.4240297828632
QAT,BN.CAB.XOKA.GD.ZS,2012,33.1847220547568
QAT,BN.CAB.XOKA.GD.ZS,2011,31.0675107947676
QAT,BN.CAB.XOKA.GD.ZS,2010,
QAT,BN.CAB.XOKA.GD.ZS,2009,
QAT,BN.CAB.XOKA.GD.ZS,2008,
QAT,BN.CAB.XOKA.GD.ZS,2007,
QAT,BN.CAB.XOKA.GD.ZS,2006,
QAT,BN.CAB.XOKA.GD.ZS,2005,
QAT,BN.CAB.XOKA.GD.ZS,2004,
QAT,BN.CAB.XOKA.GD.ZS,2003,
QAT,BN.CAB.XOKA.GD.ZS,2002,
QAT,BN.CAB.XOKA.GD.ZS,2001,
QAT,BN.CAB.XOKA.GD.ZS,2000,
QAT,BN.CAB.XOKA.GD.ZS,1999,
QAT,BN.CAB.XOKA.GD.ZS,1998,
QAT,BN.CAB.XOKA.GD.ZS,1997,
QAT,BN.CAB.XOKA.GD.ZS,1996,
QAT,BN.CAB.XOKA.GD.ZS,1995,
QAT,BN.CAB.XOKA.GD.ZS,1994,
QAT,BN.CAB.XOKA.GD.ZS,1993,
QAT,BN.CAB.XOKA.GD.ZS,1992,
QAT,BN.CAB.XOKA.GD.ZS,1991,
QAT,BN.CAB.XOKA.GD.ZS,1990,
QAT,BN.CAB.XOKA.GD.ZS,1989,
QAT,BN.CAB.XOKA.GD.ZS,1988,
QAT,BN.CAB.XOKA.GD.ZS,1987,
QAT,BN.CAB.XOKA.GD.ZS,1986,
QAT,BN.CAB.XOKA.GD.ZS,1985,
QAT,BN.CAB.XOKA.GD.ZS,1984,
QAT,BN.CAB.XOKA.GD.ZS,1983,
QAT,BN.CAB.XOKA.GD.ZS,1982,
QAT,BN.CAB.XOKA.GD.ZS,1981,
QAT,BN.CAB.XOKA.GD.ZS,1980,
QAT,BN.CAB.XOKA.GD.ZS,1979,
QAT,BN.CAB.XOKA.GD.ZS,1978,
QAT,BN.CAB.XOKA.GD.ZS,1977,
QAT,BN.CAB.XOKA.GD.ZS,1976,
QAT,BN.CAB.XOKA.GD.ZS,1975,
QAT,BN.CAB.XOKA.GD.ZS,1974,
QAT,BN.CAB.XOKA.GD.ZS,1973,
QAT,BN.CAB.XOKA.GD.ZS,1972,
QAT,BN.CAB.XOKA.GD.ZS,1971,
QAT,BN.CAB.XOKA.GD.ZS,1970,
QAT,BN.CAB.XOKA.GD.ZS,1969,
QAT,BN.CAB.XOKA.GD.ZS,1968,
QAT,BN.CAB.XOKA.GD.ZS,1967,
QAT,BN.CAB.XOKA.GD.ZS,1966,
QAT,BN.CAB.XOKA.GD.ZS,1965,
QAT,BN.CAB.XOKA.GD.ZS,1964,
QAT,BN.CAB.XOKA.GD.ZS,1963,
QAT,BN.CAB.XOKA.GD.ZS,1962,
QAT,BN.CAB.XOKA.GD.ZS,1961,
QAT,BN.CAB.XOKA.GD.ZS,1960,
ROU,BN.CAB.XOKA.GD.ZS,2025,
ROU,BN.CAB.XOKA.GD.ZS,2024,-8.15745555807555
ROU,BN.CAB.XOKA.GD.ZS,2023,-7.03377443891132
ROU,BN.CAB.XOKA.GD.ZS,2022,-9.25297876069207
ROU,BN.CAB.XOKA.GD.ZS,2021,-7.21435033247961
ROU,BN.CAB.XOKA.GD.ZS,2020,-5.14043847567815
ROU,BN.CAB.XOKA.GD.ZS,2019,-4.86977887140915
ROU,BN.CAB.XOKA.GD.ZS,2018,-4.60748728741796
ROU,BN.CAB.XOKA.GD.ZS,2017,-3.19415712159883
ROU,BN.CAB.XOKA.GD.ZS,2016,-2.10324885883263
ROU,BN.CAB.XOKA.GD.ZS,2015,-0.637491637323498
ROU,BN.CAB.XOKA.GD.ZS,2014,-0.341464408053706
ROU,BN.CAB.XOKA.GD.ZS,2013,-1.13746709997941
ROU,BN.CAB.XOKA.GD.ZS,2012,-4.57804292376289
ROU,BN.CAB.XOKA.GD.ZS,2011,-4.81588301986923
ROU,BN.CAB.XOKA.GD.ZS,2010,-4.98543687917279
ROU,BN.CAB.XOKA.GD.ZS,2009,-4.72925693261462
ROU,BN.CAB.XOKA.GD.ZS,2008,-11.6585225654369
ROU,BN.CAB.XOKA.GD.ZS,2007,-13.7032326042104
ROU,BN.CAB.XOKA.GD.ZS,2006,-10.6661036918405
ROU,BN.CAB.XOKA.GD.ZS,2005,-8.67463205439941
ROU,BN.CAB.XOKA.GD.ZS,2004,-8.5123232185601
ROU,BN.CAB.XOKA.GD.ZS,2003,-5.72774106022585
ROU,BN.CAB.XOKA.GD.ZS,2002,-3.31050332793727
ROU,BN.CAB.XOKA.GD.ZS,2001,-5.51799372952363
ROU,BN.CAB.XOKA.GD.ZS,2000,-3.63721875382544
ROU,BN.CAB.XOKA.GD.ZS,1999,-3.60747182475184
ROU,BN.CAB.XOKA.GD.ZS,1998,-6.99585947248816
ROU,BN.CAB.XOKA.GD.ZS,1997,-5.91423004615668
ROU,BN.CAB.XOKA.GD.ZS,1996,-6.96048631418109
ROU,BN.CAB.XOKA.GD.ZS,1995,-4.73949323312222
ROU,BN.CAB.XOKA.GD.ZS,1994,-1.42321276155065
ROU,BN.CAB.XOKA.GD.ZS,1993,-4.45352169616387
ROU,BN.CAB.XOKA.GD.ZS,1992,-5.99482518410403
ROU,BN.CAB.XOKA.GD.ZS,1991,-3.50772176596034
ROU,BN.CAB.XOKA.GD.ZS,1990,-8.50766056649959
ROU,BN.CAB.XOKA.GD.ZS,1989,6.065025
ROU,BN.CAB.XOKA.GD.ZS,1988,9.70203033838973
ROU,BN.CAB.XOKA.GD.ZS,1987,5.3667731629393
ROU,BN.CAB.XOKA.GD.ZS,1986,
ROU,BN.CAB.XOKA.GD.ZS,1985,
ROU,BN.CAB.XOKA.GD.ZS,1984,
ROU,BN.CAB.XOKA.GD.ZS,1983,
ROU,BN.CAB.XOKA.GD.ZS,1982,
ROU,BN.CAB.XOKA.GD.ZS,1981,
ROU,BN.CAB.XOKA.GD.ZS,1980,
ROU,BN.CAB.XOKA.GD.ZS,1979,
ROU,BN.CAB.XOKA.GD.ZS,1978,
ROU,BN.CAB.XOKA.GD.ZS,1977,
ROU,BN.CAB.XOKA.GD.ZS,1976,
ROU,BN.CAB.XOKA.GD.ZS,1975,
ROU,BN.CAB.XOKA.GD.ZS,1974,
ROU,BN.CAB.XOKA.GD.ZS,1973,
ROU,BN.CAB.XOKA.GD.ZS,1972,
ROU,BN.CAB.XOKA.GD.ZS,1971,
ROU,BN.CAB.XOKA.GD.ZS,1970,
ROU,BN.CAB.XOKA.GD.ZS,1969,
ROU,BN.CAB.XOKA.GD.ZS,1968,
ROU,BN.CAB.XOKA.GD.ZS,1967,
ROU,BN.CAB.XOKA.GD.ZS,1966,
ROU,BN.CAB.XOKA.GD.ZS,1965,
ROU,BN.CAB.XOKA.GD.ZS,1964,
ROU,BN.CAB.XOKA.GD.ZS,1963,
ROU,BN.CAB.XOKA.GD.ZS,1962,
ROU,BN.CAB.XOKA.GD.ZS,1961,
ROU,BN.CAB.XOKA.GD.ZS,1960,
RUS,BN.CAB.XOKA.GD.ZS,2025,
RUS,BN.CAB.XOKA.GD.ZS,2024,2.91467965545248
RUS,BN.CAB.XOKA.GD.ZS,2023,2.38456738994872
RUS,BN.CAB.XOKA.GD.ZS,2022,10.3741278519981
RUS,BN.CAB.XOKA.GD.ZS,2021,6.83107025995823
RUS,BN.CAB.XOKA.GD.ZS,2020,2.36911533657246
RUS,BN.CAB.XOKA.GD.ZS,2019,3.87612476973049
RUS,BN.CAB.XOKA.GD.ZS,2018,6.97989872935135
RUS,BN.CAB.XOKA.GD.ZS,2017,2.04412673615753
RUS,BN.CAB.XOKA.GD.ZS,2016,1.91643731021353
RUS,BN.CAB.XOKA.GD.ZS,2015,4.97088857375125
RUS,BN.CAB.XOKA.GD.ZS,2014,2.79290979175164
RUS,BN.CAB.XOKA.GD.ZS,2013,1.45817388483059
RUS,BN.CAB.XOKA.GD.ZS,2012,3.22793090052757
RUS,BN.CAB.XOKA.GD.ZS,2011,4.75452652542426
RUS,BN.CAB.XOKA.GD.ZS,2010,4.4233366535099
RUS,BN.CAB.XOKA.GD.ZS,2009,4.12086933736946
RUS,BN.CAB.XOKA.GD.ZS,2008,6.25797161157479
RUS,BN.CAB.XOKA.GD.ZS,2007,5.55457619335894
RUS,BN.CAB.XOKA.GD.ZS,2006,9.32544491399994
RUS,BN.CAB.XOKA.GD.ZS,2005,11.0454169715192
RUS,BN.CAB.XOKA.GD.ZS,2004,9.90832254287658
RUS,BN.CAB.XOKA.GD.ZS,2003,7.69799200510312
RUS,BN.CAB.XOKA.GD.ZS,2002,7.9523289090993
RUS,BN.CAB.XOKA.GD.ZS,2001,10.4545347443772
RUS,BN.CAB.XOKA.GD.ZS,2000,17.4742424828314
RUS,BN.CAB.XOKA.GD.ZS,1999,11.6664565462153
RUS,BN.CAB.XOKA.GD.ZS,1998,0.026225709921156
RUS,BN.CAB.XOKA.GD.ZS,1997,-0.206268282708236
RUS,BN.CAB.XOKA.GD.ZS,1996,2.57898342400441
RUS,BN.CAB.XOKA.GD.ZS,1995,1.88045783512905
RUS,BN.CAB.XOKA.GD.ZS,1994,2.26332668866148
RUS,BN.CAB.XOKA.GD.ZS,1993,
RUS,BN.CAB.XOKA.GD.ZS,1992,
RUS,BN.CAB.XOKA.GD.ZS,1991,
RUS,BN.CAB.XOKA.GD.ZS,1990,
RUS,BN.CAB.XOKA.GD.ZS,1989,
RUS,BN.CAB.XOKA.GD.ZS,1988,
RUS,BN.CAB.XOKA.GD.ZS,1987,
RUS,BN.CAB.XOKA.GD.ZS,1986,
RUS,BN.CAB.XOKA.GD.ZS,1985,
RUS,BN.CAB.XOKA.GD.ZS,1984,
RUS,BN.CAB.XOKA.GD.ZS,1983,
RUS,BN.CAB.XOKA.GD.ZS,1982,
RUS,BN.CAB.XOKA.GD.ZS,1981,
RUS,BN.CAB.XOKA.GD.ZS,1980,
RUS,BN.CAB.XOKA.GD.ZS,1979,
RUS,BN.CAB.XOKA.GD.ZS,1978,
RUS,BN.CAB.XOKA.GD.ZS,1977,
RUS,BN.CAB.XOKA.GD.ZS,1976,
RUS,BN.CAB.XOKA.GD.ZS,1975,
RUS,BN.CAB.XOKA.GD.ZS,1974,
RUS,BN.CAB.XOKA.GD.ZS,1973,
RUS,BN.CAB.XOKA.GD.ZS,1972,
RUS,BN.CAB.XOKA.GD.ZS,1971,
RUS,BN.CAB.XOKA.GD.ZS,1970,
RUS,BN.CAB.XOKA.GD.ZS,1969,
RUS,BN.CAB.XOKA.GD.ZS,1968,
RUS,BN.CAB.XOKA.GD.ZS,1967,
RUS,BN.CAB.XOKA.GD.ZS,1966,
RUS,BN.CAB.XOKA.GD.ZS,1965,
RUS,BN.CAB.XOKA.GD.ZS,1964,
RUS,BN.CAB.XOKA.GD.ZS,1963,
RUS,BN.CAB.XOKA.GD.ZS,1962,
RUS,BN.CAB.XOKA.GD.ZS,1961,
RUS,BN.CAB.XOKA.GD.ZS,1960,
RWA,BN.CAB.XOKA.GD.ZS,2025,
RWA,BN.CAB.XOKA.GD.ZS,2024,-12.6832284185648
RWA,BN.CAB.XOKA.GD.ZS,2023,-11.4935434871962
RWA,BN.CAB.XOKA.GD.ZS,2022,-9.36601780213995
RWA,BN.CAB.XOKA.GD.ZS,2021,-10.9152624610396
RWA,BN.CAB.XOKA.GD.ZS,2020,-12.0648128308305
RWA,BN.CAB.XOKA.GD.ZS,2019,-11.8932238048423
RWA,BN.CAB.XOKA.GD.ZS,2018,-10.1142510894979
RWA,BN.CAB.XOKA.GD.ZS,2017,-9.46048176908828
RWA,BN.CAB.XOKA.GD.ZS,2016,-15.305126232999
RWA,BN.CAB.XOKA.GD.ZS,2015,-12.6837769389105
RWA,BN.CAB.XOKA.GD.ZS,2014,-11.3438929928213
RWA,BN.CAB.XOKA.GD.ZS,2013,-7.48220331305966
RWA,BN.CAB.XOKA.GD.ZS,2012,-9.68045842086916
RWA,BN.CAB.XOKA.GD.ZS,2011,-6.92834416704242
RWA,BN.CAB.XOKA.GD.ZS,2010,-6.51687014325837
RWA,BN.CAB.XOKA.GD.ZS,2009,
RWA,BN.CAB.XOKA.GD.ZS,2008,
RWA,BN.CAB.XOKA.GD.ZS,2007,
RWA,BN.CAB.XOKA.GD.ZS,2006,
RWA,BN.CAB.XOKA.GD.ZS,2005,
RWA,BN.CAB.XOKA.GD.ZS,2004,
RWA,BN.CAB.XOKA.GD.ZS,2003,
RWA,BN.CAB.XOKA.GD.ZS,2002,
RWA,BN.CAB.XOKA.GD.ZS,2001,
RWA,BN.CAB.XOKA.GD.ZS,2000,
RWA,BN.CAB.XOKA.GD.ZS,1999,
RWA,BN.CAB.XOKA.GD.ZS,1998,
RWA,BN.CAB.XOKA.GD.ZS,1997,
RWA,BN.CAB.XOKA.GD.ZS,1996,
RWA,BN.CAB.XOKA.GD.ZS,1995,
RWA,BN.CAB.XOKA.GD.ZS,1994,
RWA,BN.CAB.XOKA.GD.ZS,1993,
RWA,BN.CAB.XOKA.GD.ZS,1992,
RWA,BN.CAB.XOKA.GD.ZS,1991,
RWA,BN.CAB.XOKA.GD.ZS,1990,
RWA,BN.CAB.XOKA.GD.ZS,1989,
RWA,BN.CAB.XOKA.GD.ZS,1988,
RWA,BN.CAB.XOKA.GD.ZS,1987,
RWA,BN.CAB.XOKA.GD.ZS,1986,
RWA,BN.CAB.XOKA.GD.ZS,1985,
RWA,BN.CAB.XOKA.GD.ZS,1984,
RWA,BN.CAB.XOKA.GD.ZS,1983,
RWA,BN.CAB.XOKA.GD.ZS,1982,
RWA,BN.CAB.XOKA.GD.ZS,1981,
RWA,BN.CAB.XOKA.GD.ZS,1980,
RWA,BN.CAB.XOKA.GD.ZS,1979,
RWA,BN.CAB.XOKA.GD.ZS,1978,
RWA,BN.CAB.XOKA.GD.ZS,1977,
RWA,BN.CAB.XOKA.GD.ZS,1976,
RWA,BN.CAB.XOKA.GD.ZS,1975,
RWA,BN.CAB.XOKA.GD.ZS,1974,
RWA,BN.CAB.XOKA.GD.ZS,1973,
RWA,BN.CAB.XOKA.GD.ZS,1972,
RWA,BN.CAB.XOKA.GD.ZS,1971,
RWA,BN.CAB.XOKA.GD.ZS,1970,
RWA,BN.CAB.XOKA.GD.ZS,1969,
RWA,BN.CAB.XOKA.GD.ZS,1968,
RWA,BN.CAB.XOKA.GD.ZS,1967,
RWA,BN.CAB.XOKA.GD.ZS,1966,
RWA,BN.CAB.XOKA.GD.ZS,1965,
RWA,BN.CAB.XOKA.GD.ZS,1964,
RWA,BN.CAB.XOKA.GD.ZS,1963,
RWA,BN.CAB.XOKA.GD.ZS,1962,
RWA,BN.CAB.XOKA.GD.ZS,1961,
RWA,BN.CAB.XOKA.GD.ZS,1960,
WSM,BN.CAB.XOKA.GD.ZS,2025,
WSM,BN.CAB.XOKA.GD.ZS,2024,5.58185835988125
WSM,BN.CAB.XOKA.GD.ZS,2023,3.84499130529104
WSM,BN.CAB.XOKA.GD.ZS,2022,-8.32318339446955
WSM,BN.CAB.XOKA.GD.ZS,2021,-13.3119414265584
WSM,BN.CAB.XOKA.GD.ZS,2020,-8.71595695286199
WSM,BN.CAB.XOKA.GD.ZS,2019,3.73223650537796
WSM,BN.CAB.XOKA.GD.ZS,2018,2.68908513860987
WSM,BN.CAB.XOKA.GD.ZS,2017,-1.07027554451417
WSM,BN.CAB.XOKA.GD.ZS,2016,-4.5540235736258
WSM,BN.CAB.XOKA.GD.ZS,2015,-1.54215771746012
WSM,BN.CAB.XOKA.GD.ZS,2014,-5.83183311325533
WSM,BN.CAB.XOKA.GD.ZS,2013,-5.60710703051041
WSM,BN.CAB.XOKA.GD.ZS,2012,-0.996591960794168
WSM,BN.CAB.XOKA.GD.ZS,2011,-10.9186849756524
WSM,BN.CAB.XOKA.GD.ZS,2010,-9.04869884205239
WSM,BN.CAB.XOKA.GD.ZS,2009,-1.7841761422503
WSM,BN.CAB.XOKA.GD.ZS,2008,-8.45819641302631
WSM,BN.CAB.XOKA.GD.ZS,2007,-7.97773344777515
WSM,BN.CAB.XOKA.GD.ZS,2006,-15.3383144136502
WSM,BN.CAB.XOKA.GD.ZS,2005,-9.96935129792267
WSM,BN.CAB.XOKA.GD.ZS,2004,-6.41494641654138
WSM,BN.CAB.XOKA.GD.ZS,2003,
WSM,BN.CAB.XOKA.GD.ZS,2002,
WSM,BN.CAB.XOKA.GD.ZS,2001,
WSM,BN.CAB.XOKA.GD.ZS,2000,
WSM,BN.CAB.XOKA.GD.ZS,1999,-7.35722818333087
WSM,BN.CAB.XOKA.GD.ZS,1998,7.45507593548311
WSM,BN.CAB.XOKA.GD.ZS,1997,3.19720511092474
WSM,BN.CAB.XOKA.GD.ZS,1996,4.91291970769425
WSM,BN.CAB.XOKA.GD.ZS,1995,4.1497070693313
WSM,BN.CAB.XOKA.GD.ZS,1994,2.60663883713025
WSM,BN.CAB.XOKA.GD.ZS,1993,-28.3061414919853
WSM,BN.CAB.XOKA.GD.ZS,1992,-39.6781988739143
WSM,BN.CAB.XOKA.GD.ZS,1991,-20.3493289883909
WSM,BN.CAB.XOKA.GD.ZS,1990,6.85366683064082
WSM,BN.CAB.XOKA.GD.ZS,1989,12.1083645850887
WSM,BN.CAB.XOKA.GD.ZS,1988,7.68976427310615
WSM,BN.CAB.XOKA.GD.ZS,1987,10.0240971484575
WSM,BN.CAB.XOKA.GD.ZS,1986,11.054734080395
WSM,BN.CAB.XOKA.GD.ZS,1985,2.01784227978729
WSM,BN.CAB.XOKA.GD.ZS,1984,0.599904987979775
WSM,BN.CAB.XOKA.GD.ZS,1983,4.29337734411394
WSM,BN.CAB.XOKA.GD.ZS,1982,-4.98104471317443
WSM,BN.CAB.XOKA.GD.ZS,1981,-11.0784572962436
WSM,BN.CAB.XOKA.GD.ZS,1980,-10.2681580790399
WSM,BN.CAB.XOKA.GD.ZS,1979,-18.0289954090368
WSM,BN.CAB.XOKA.GD.ZS,1978,-16.727638421777
WSM,BN.CAB.XOKA.GD.ZS,1977,-9.90060373019417
WSM,BN.CAB.XOKA.GD.ZS,1976,
WSM,BN.CAB.XOKA.GD.ZS,1975,
WSM,BN.CAB.XOKA.GD.ZS,1974,
WSM,BN.CAB.XOKA.GD.ZS,1973,
WSM,BN.CAB.XOKA.GD.ZS,1972,
WSM,BN.CAB.XOKA.GD.ZS,1971,
WSM,BN.CAB.XOKA.GD.ZS,1970,
WSM,BN.CAB.XOKA.GD.ZS,1969,
WSM,BN.CAB.XOKA.GD.ZS,1968,
WSM,BN.CAB.XOKA.GD.ZS,1967,
WSM,BN.CAB.XOKA.GD.ZS,1966,
WSM,BN.CAB.XOKA.GD.ZS,1965,
WSM,BN.CAB.XOKA.GD.ZS,1964,
WSM,BN.CAB.XOKA.GD.ZS,1963,
WSM,BN.CAB.XOKA.GD.ZS,1962,
WSM,BN.CAB.XOKA.GD.ZS,1961,
WSM,BN.CAB.XOKA.GD.ZS,1960,
SMR,BN.CAB.XOKA.GD.ZS,2025,
SMR,BN.CAB.XOKA.GD.ZS,2024,
SMR,BN.CAB.XOKA.GD.ZS,2023,21.989793656731
SMR,BN.CAB.XOKA.GD.ZS,2022,13.6140422171615
SMR,BN.CAB.XOKA.GD.ZS,2021,5.39528498366784
SMR,BN.CAB.XOKA.GD.ZS,2020,2.78861718242626
SMR,BN.CAB.XOKA.GD.ZS,2019,2.03432964520438
SMR,BN.CAB.XOKA.GD.ZS,2018,-1.8872752884789
SMR,BN.CAB.XOKA.GD.ZS,2017,-0.391282695967683
SMR,BN.CAB.XOKA.GD.ZS,2016,
SMR,BN.CAB.XOKA.GD.ZS,2015,
SMR,BN.CAB.XOKA.GD.ZS,2014,
SMR,BN.CAB.XOKA.GD.ZS,2013,
SMR,BN.CAB.XOKA.GD.ZS,2012,
SMR,BN.CAB.XOKA.GD.ZS,2011,
SMR,BN.CAB.XOKA.GD.ZS,2010,
SMR,BN.CAB.XOKA.GD.ZS,2009,
SMR,BN.CAB.XOKA.GD.ZS,2008,
SMR,BN.CAB.XOKA.GD.ZS,2007,
SMR,BN.CAB.XOKA.GD.ZS,2006,
SMR,BN.CAB.XOKA.GD.ZS,2005,
SMR,BN.CAB.XOKA.GD.ZS,2004,
SMR,BN.CAB.XOKA.GD.ZS,2003,
SMR,BN.CAB.XOKA.GD.ZS,2002,
SMR,BN.CAB.XOKA.GD.ZS,2001,
SMR,BN.CAB.XOKA.GD.ZS,2000,
SMR,BN.CAB.XOKA.GD.ZS,1999,
SMR,BN.CAB.XOKA.GD.ZS,1998,
SMR,BN.CAB.XOKA.GD.ZS,1997,
SMR,BN.CAB.XOKA.GD.ZS,1996,
SMR,BN.CAB.XOKA.GD.ZS,1995,
SMR,BN.CAB.XOKA.GD.ZS,1994,
SMR,BN.CAB.XOKA.GD.ZS,1993,
SMR,BN.CAB.XOKA.GD.ZS,1992,
SMR,BN.CAB.XOKA.GD.ZS,1991,
SMR,BN.CAB.XOKA.GD.ZS,1990,
SMR,BN.CAB.XOKA.GD.ZS,1989,
SMR,BN.CAB.XOKA.GD.ZS,1988,
SMR,BN.CAB.XOKA.GD.ZS,1987,
SMR,BN.CAB.XOKA.GD.ZS,1986,
SMR,BN.CAB.XOKA.GD.ZS,1985,
SMR,BN.CAB.XOKA.GD.ZS,1984,
SMR,BN.CAB.XOKA.GD.ZS,1983,
SMR,BN.CAB.XOKA.GD.ZS,1982,
SMR,BN.CAB.XOKA.GD.ZS,1981,
SMR,BN.CAB.XOKA.GD.ZS,1980,
SMR,BN.CAB.XOKA.GD.ZS,1979,
SMR,BN.CAB.XOKA.GD.ZS,1978,
SMR,BN.CAB.XOKA.GD.ZS,1977,
SMR,BN.CAB.XOKA.GD.ZS,1976,
SMR,BN.CAB.XOKA.GD.ZS,1975,
SMR,BN.CAB.XOKA.GD.ZS,1974,
SMR,BN.CAB.XOKA.GD.ZS,1973,
SMR,BN.CAB.XOKA.GD.ZS,1972,
SMR,BN.CAB.XOKA.GD.ZS,1971,
SMR,BN.CAB.XOKA.GD.ZS,1970,
SMR,BN.CAB.XOKA.GD.ZS,1969,
SMR,BN.CAB.XOKA.GD.ZS,1968,
SMR,BN.CAB.XOKA.GD.ZS,1967,
SMR,BN.CAB.XOKA.GD.ZS,1966,
SMR,BN.CAB.XOKA.GD.ZS,1965,
SMR,BN.CAB.XOKA.GD.ZS,1964,
SMR,BN.CAB.XOKA.GD.ZS,1963,
SMR,BN.CAB.XOKA.GD.ZS,1962,
SMR,BN.CAB.XOKA.GD.ZS,1961,
SMR,BN.CAB.XOKA.GD.ZS,1960,
STP,BN.CAB.XOKA.GD.ZS,2025,
STP,BN.CAB.XOKA.GD.ZS,2024,5.04779688950876
STP,BN.CAB.XOKA.GD.ZS,2023,3.02606172743452
STP,BN.CAB.XOKA.GD.ZS,2022,-4.73214359308342
STP,BN.CAB.XOKA.GD.ZS,2021,-18.1632158527971
STP,BN.CAB.XOKA.GD.ZS,2020,-12.64674361519
STP,BN.CAB.XOKA.GD.ZS,2019,-21.799320591176
STP,BN.CAB.XOKA.GD.ZS,2018,-19.5798259962622
STP,BN.CAB.XOKA.GD.ZS,2017,-22.7156290253769
STP,BN.CAB.XOKA.GD.ZS,2016,-21.0403152023302
STP,BN.CAB.XOKA.GD.ZS,2015,-26.4207009685278
STP,BN.CAB.XOKA.GD.ZS,2014,-35.4587784381715
STP,BN.CAB.XOKA.GD.ZS,2013,-30.4299465368537
STP,BN.CAB.XOKA.GD.ZS,2012,-43.783682167318
STP,BN.CAB.XOKA.GD.ZS,2011,-46.7031436146432
STP,BN.CAB.XOKA.GD.ZS,2010,-46.0873607998782
STP,BN.CAB.XOKA.GD.ZS,2009,-39.2591791041684
STP,BN.CAB.XOKA.GD.ZS,2008,-49.7318439586792
STP,BN.CAB.XOKA.GD.ZS,2007,-43.1433732431771
STP,BN.CAB.XOKA.GD.ZS,2006,-40.3849806309735
STP,BN.CAB.XOKA.GD.ZS,2005,-26.5288051595619
STP,BN.CAB.XOKA.GD.ZS,2004,-32.3272461423146
STP,BN.CAB.XOKA.GD.ZS,2003,-27.7539600682048
STP,BN.CAB.XOKA.GD.ZS,2002,-31.2249951011705
STP,BN.CAB.XOKA.GD.ZS,2001,-35.5295840568537
STP,BN.CAB.XOKA.GD.ZS,2000,-26.3530521883155
STP,BN.CAB.XOKA.GD.ZS,1999,-22.359817347003
STP,BN.CAB.XOKA.GD.ZS,1998,-14.5005148243491
STP,BN.CAB.XOKA.GD.ZS,1997,-6.853428204033
STP,BN.CAB.XOKA.GD.ZS,1996,
STP,BN.CAB.XOKA.GD.ZS,1995,
STP,BN.CAB.XOKA.GD.ZS,1994,
STP,BN.CAB.XOKA.GD.ZS,1993,
STP,BN.CAB.XOKA.GD.ZS,1992,
STP,BN.CAB.XOKA.GD.ZS,1991,
STP,BN.CAB.XOKA.GD.ZS,1990,-10.0923794082165
STP,BN.CAB.XOKA.GD.ZS,1989,-11.5360141029592
STP,BN.CAB.XOKA.GD.ZS,1988,-10.8808365317215
STP,BN.CAB.XOKA.GD.ZS,1987,-11.1932183986857
STP,BN.CAB.XOKA.GD.ZS,1986,-16.2509595219223
STP,BN.CAB.XOKA.GD.ZS,1985,-19.2561062172055
STP,BN.CAB.XOKA.GD.ZS,1984,-14.0800743140886
STP,BN.CAB.XOKA.GD.ZS,1983,-11.7648575849431
STP,BN.CAB.XOKA.GD.ZS,1982,-31.0614468344502
STP,BN.CAB.XOKA.GD.ZS,1981,-22.0002513922913
STP,BN.CAB.XOKA.GD.ZS,1980,0.827607580716013
STP,BN.CAB.XOKA.GD.ZS,1979,13.2301437217362
STP,BN.CAB.XOKA.GD.ZS,1978,10.3008697370392
STP,BN.CAB.XOKA.GD.ZS,1977,16.4530064602937
STP,BN.CAB.XOKA.GD.ZS,1976,-1.01666053229792
STP,BN.CAB.XOKA.GD.ZS,1975,-0.239380162623182
STP,BN.CAB.XOKA.GD.ZS,1974,9.95465436928514
STP,BN.CAB.XOKA.GD.ZS,1973,
STP,BN.CAB.XOKA.GD.ZS,1972,
STP,BN.CAB.XOKA.GD.ZS,1971,
STP,BN.CAB.XOKA.GD.ZS,1970,
STP,BN.CAB.XOKA.GD.ZS,1969,
STP,BN.CAB.XOKA.GD.ZS,1968,
STP,BN.CAB.XOKA.GD.ZS,1967,
STP,BN.CAB.XOKA.GD.ZS,1966,
STP,BN.CAB.XOKA.GD.ZS,1965,
STP,BN.CAB.XOKA.GD.ZS,1964,
STP,BN.CAB.XOKA.GD.ZS,1963,
STP,BN.CAB.XOKA.GD.ZS,1962,
STP,BN.CAB.XOKA.GD.ZS,1961,
STP,BN.CAB.XOKA.GD.ZS,1960,
SAU,BN.CAB.XOKA.GD.ZS,2025,
SAU,BN.CAB.XOKA.GD.ZS,2024,-1.31101792310022
SAU,BN.CAB.XOKA.GD.ZS,2023,2.12936776093395
SAU,BN.CAB.XOKA.GD.ZS,2022,11.7294510759776
SAU,BN.CAB.XOKA.GD.ZS,2021,4.56976271965319
SAU,BN.CAB.XOKA.GD.ZS,2020,-4.51692116727614
SAU,BN.CAB.XOKA.GD.ZS,2019,3.64484004485363
SAU,BN.CAB.XOKA.GD.ZS,2018,7.89890750977747
SAU,BN.CAB.XOKA.GD.ZS,2017,1.2254608961689
SAU,BN.CAB.XOKA.GD.ZS,2016,-3.91268584311643
SAU,BN.CAB.XOKA.GD.ZS,2015,-7.93818281494483
SAU,BN.CAB.XOKA.GD.ZS,2014,9.86478118777848
SAU,BN.CAB.XOKA.GD.ZS,2013,18.3253067776542
SAU,BN.CAB.XOKA.GD.ZS,2012,22.8484723061974
SAU,BN.CAB.XOKA.GD.ZS,2011,23.8816335912651
SAU,BN.CAB.XOKA.GD.ZS,2010,13.5423706949188
SAU,BN.CAB.XOKA.GD.ZS,2009,5.88427740874122
SAU,BN.CAB.XOKA.GD.ZS,2008,27.8314305903976
SAU,BN.CAB.XOKA.GD.ZS,2007,24.5483035341762
SAU,BN.CAB.XOKA.GD.ZS,2006,27.4448874249267
SAU,BN.CAB.XOKA.GD.ZS,2005,27.0702838379988
SAU,BN.CAB.XOKA.GD.ZS,2004,20.0686191554423
SAU,BN.CAB.XOKA.GD.ZS,2003,12.9967291873383
SAU,BN.CAB.XOKA.GD.ZS,2002,6.26198626765415
SAU,BN.CAB.XOKA.GD.ZS,2001,5.07959598329365
SAU,BN.CAB.XOKA.GD.ZS,2000,7.55444425839441
SAU,BN.CAB.XOKA.GD.ZS,1999,0.254139328110494
SAU,BN.CAB.XOKA.GD.ZS,1998,-8.94699931687039
SAU,BN.CAB.XOKA.GD.ZS,1997,0.183815312865694
SAU,BN.CAB.XOKA.GD.ZS,1996,0.428246585132838
SAU,BN.CAB.XOKA.GD.ZS,1995,-3.71007215329781
SAU,BN.CAB.XOKA.GD.ZS,1994,-7.74759220117338
SAU,BN.CAB.XOKA.GD.ZS,1993,-12.9691395981645
SAU,BN.CAB.XOKA.GD.ZS,1992,-12.9234890422041
SAU,BN.CAB.XOKA.GD.ZS,1991,-20.8052194236662
SAU,BN.CAB.XOKA.GD.ZS,1990,-3.52517261600741
SAU,BN.CAB.XOKA.GD.ZS,1989,-9.99044244978738
SAU,BN.CAB.XOKA.GD.ZS,1988,-8.30613267820205
SAU,BN.CAB.XOKA.GD.ZS,1987,-11.3891147941458
SAU,BN.CAB.XOKA.GD.ZS,1986,-13.5524803220982
SAU,BN.CAB.XOKA.GD.ZS,1985,-12.4464531221632
SAU,BN.CAB.XOKA.GD.ZS,1984,-15.3818646007807
SAU,BN.CAB.XOKA.GD.ZS,1983,-13.0462971369526
SAU,BN.CAB.XOKA.GD.ZS,1982,4.94352188693711
SAU,BN.CAB.XOKA.GD.ZS,1981,21.5025798318789
SAU,BN.CAB.XOKA.GD.ZS,1980,25.2237497969167
SAU,BN.CAB.XOKA.GD.ZS,1979,9.12384579694958
SAU,BN.CAB.XOKA.GD.ZS,1978,-2.75588125508464
SAU,BN.CAB.XOKA.GD.ZS,1977,16.1631379552659
SAU,BN.CAB.XOKA.GD.ZS,1976,22.4351597832874
SAU,BN.CAB.XOKA.GD.ZS,1975,30.7542653753154
SAU,BN.CAB.XOKA.GD.ZS,1974,50.7021635712492
SAU,BN.CAB.XOKA.GD.ZS,1973,16.8579884104886
SAU,BN.CAB.XOKA.GD.ZS,1972,21.6197313008245
SAU,BN.CAB.XOKA.GD.ZS,1971,13.5248304702734
SAU,BN.CAB.XOKA.GD.ZS,1970,
SAU,BN.CAB.XOKA.GD.ZS,1969,
SAU,BN.CAB.XOKA.GD.ZS,1968,
SAU,BN.CAB.XOKA.GD.ZS,1967,
SAU,BN.CAB.XOKA.GD.ZS,1966,
SAU,BN.CAB.XOKA.GD.ZS,1965,
SAU,BN.CAB.XOKA.GD.ZS,1964,
SAU,BN.CAB.XOKA.GD.ZS,1963,
SAU,BN.CAB.XOKA.GD.ZS,1962,
SAU,BN.CAB.XOKA.GD.ZS,1961,
SAU,BN.CAB.XOKA.GD.ZS,1960,
SEN,BN.CAB.XOKA.GD.ZS,2025,
SEN,BN.CAB.XOKA.GD.ZS,2024,
SEN,BN.CAB.XOKA.GD.ZS,2023,-19.7803402658787
SEN,BN.CAB.XOKA.GD.ZS,2022,-19.9485520410487
SEN,BN.CAB.XOKA.GD.ZS,2021,-12.0900482268387
SEN,BN.CAB.XOKA.GD.ZS,2020,-10.8532305243561
SEN,BN.CAB.XOKA.GD.ZS,2019,-8.10949609772061
SEN,BN.CAB.XOKA.GD.ZS,2018,-9.58292425612144
SEN,BN.CAB.XOKA.GD.ZS,2017,-7.26914082739769
SEN,BN.CAB.XOKA.GD.ZS,2016,-4.178756111634
SEN,BN.CAB.XOKA.GD.ZS,2015,-5.31619475400191
SEN,BN.CAB.XOKA.GD.ZS,2014,-6.80294523804886
SEN,BN.CAB.XOKA.GD.ZS,2013,-8.19227245767779
SEN,BN.CAB.XOKA.GD.ZS,2012,-8.65191854670285
SEN,BN.CAB.XOKA.GD.ZS,2011,-6.44529936745541
SEN,BN.CAB.XOKA.GD.ZS,2010,-3.65650876220736
SEN,BN.CAB.XOKA.GD.ZS,2009,-5.30915741099426
SEN,BN.CAB.XOKA.GD.ZS,2008,-11.222076072763
SEN,BN.CAB.XOKA.GD.ZS,2007,-9.37907093301321
SEN,BN.CAB.XOKA.GD.ZS,2006,-7.36865431598262
SEN,BN.CAB.XOKA.GD.ZS,2005,-6.14150322696352
SEN,BN.CAB.XOKA.GD.ZS,2004,-5.0744758990416
SEN,BN.CAB.XOKA.GD.ZS,2003,-4.98969389328597
SEN,BN.CAB.XOKA.GD.ZS,2002,-4.54340089477442
SEN,BN.CAB.XOKA.GD.ZS,2001,-3.77513794796373
SEN,BN.CAB.XOKA.GD.ZS,2000,-5.54079842355363
SEN,BN.CAB.XOKA.GD.ZS,1999,-4.85800602014769
SEN,BN.CAB.XOKA.GD.ZS,1998,-3.80375176727342
SEN,BN.CAB.XOKA.GD.ZS,1997,-3.05919124475018
SEN,BN.CAB.XOKA.GD.ZS,1996,-3.06028361139742
SEN,BN.CAB.XOKA.GD.ZS,1995,-3.86419721134813
SEN,BN.CAB.XOKA.GD.ZS,1994,-3.7234900687609
SEN,BN.CAB.XOKA.GD.ZS,1993,-5.87632495790797
SEN,BN.CAB.XOKA.GD.ZS,1992,-5.16481739570848
SEN,BN.CAB.XOKA.GD.ZS,1991,-5.12374526804463
SEN,BN.CAB.XOKA.GD.ZS,1990,-4.91527068918183
SEN,BN.CAB.XOKA.GD.ZS,1989,-5.46528166361476
SEN,BN.CAB.XOKA.GD.ZS,1988,-6.30343200881927
SEN,BN.CAB.XOKA.GD.ZS,1987,-6.62448960007078
SEN,BN.CAB.XOKA.GD.ZS,1986,-6.83923615299236
SEN,BN.CAB.XOKA.GD.ZS,1985,-9.41534129665143
SEN,BN.CAB.XOKA.GD.ZS,1984,-7.8168387203936
SEN,BN.CAB.XOKA.GD.ZS,1983,-8.52767077172525
SEN,BN.CAB.XOKA.GD.ZS,1982,-6.61708632233139
SEN,BN.CAB.XOKA.GD.ZS,1981,-11.2679180058061
SEN,BN.CAB.XOKA.GD.ZS,1980,-8.56024152329501
SEN,BN.CAB.XOKA.GD.ZS,1979,-6.45546302352955
SEN,BN.CAB.XOKA.GD.ZS,1978,-7.17123474414301
SEN,BN.CAB.XOKA.GD.ZS,1977,-2.27986796997235
SEN,BN.CAB.XOKA.GD.ZS,1976,-3.22217358439664
SEN,BN.CAB.XOKA.GD.ZS,1975,-3.02511381163798
SEN,BN.CAB.XOKA.GD.ZS,1974,-3.12476882412766
SEN,BN.CAB.XOKA.GD.ZS,1973,
SEN,BN.CAB.XOKA.GD.ZS,1972,
SEN,BN.CAB.XOKA.GD.ZS,1971,
SEN,BN.CAB.XOKA.GD.ZS,1970,
SEN,BN.CAB.XOKA.GD.ZS,1969,
SEN,BN.CAB.XOKA.GD.ZS,1968,
SEN,BN.CAB.XOKA.GD.ZS,1967,
SEN,BN.CAB.XOKA.GD.ZS,1966,
SEN,BN.CAB.XOKA.GD.ZS,1965,
SEN,BN.CAB.XOKA.GD.ZS,1964,
SEN,BN.CAB.XOKA.GD.ZS,1963,
SEN,BN.CAB.XOKA.GD.ZS,1962,
SEN,BN.CAB.XOKA.GD.ZS,1961,
SEN,BN.CAB.XOKA.GD.ZS,1960,
SRB,BN.CAB.XOKA.GD.ZS,2025,
SRB,BN.CAB.XOKA.GD.ZS,2024,-4.55603196572108
SRB,BN.CAB.XOKA.GD.ZS,2023,-2.39364392003309
SRB,BN.CAB.XOKA.GD.ZS,2022,-6.67116914473895
SRB,BN.CAB.XOKA.GD.ZS,2021,-4.01208394283305
SRB,BN.CAB.XOKA.GD.ZS,2020,-3.89586001943545
SRB,BN.CAB.XOKA.GD.ZS,2019,-6.56331526088244
SRB,BN.CAB.XOKA.GD.ZS,2018,-4.65847286841161
SRB,BN.CAB.XOKA.GD.ZS,2017,-5.05239948291626
SRB,BN.CAB.XOKA.GD.ZS,2016,-2.81825710129299
SRB,BN.CAB.XOKA.GD.ZS,2015,-3.31781960336985
SRB,BN.CAB.XOKA.GD.ZS,2014,-5.36439658261537
SRB,BN.CAB.XOKA.GD.ZS,2013,-5.53788697865576
SRB,BN.CAB.XOKA.GD.ZS,2012,-10.4794350040675
SRB,BN.CAB.XOKA.GD.ZS,2011,-9.92802601945114
SRB,BN.CAB.XOKA.GD.ZS,2010,-6.18385847336537
SRB,BN.CAB.XOKA.GD.ZS,2009,-5.96184093250946
SRB,BN.CAB.XOKA.GD.ZS,2008,-19.4339264115955
SRB,BN.CAB.XOKA.GD.ZS,2007,-16.7617294107286
SRB,BN.CAB.XOKA.GD.ZS,2006,
SRB,BN.CAB.XOKA.GD.ZS,2005,
SRB,BN.CAB.XOKA.GD.ZS,2004,
SRB,BN.CAB.XOKA.GD.ZS,2003,
SRB,BN.CAB.XOKA.GD.ZS,2002,
SRB,BN.CAB.XOKA.GD.ZS,2001,
SRB,BN.CAB.XOKA.GD.ZS,2000,
SRB,BN.CAB.XOKA.GD.ZS,1999,
SRB,BN.CAB.XOKA.GD.ZS,1998,
SRB,BN.CAB.XOKA.GD.ZS,1997,
SRB,BN.CAB.XOKA.GD.ZS,1996,
SRB,BN.CAB.XOKA.GD.ZS,1995,
SRB,BN.CAB.XOKA.GD.ZS,1994,
SRB,BN.CAB.XOKA.GD.ZS,1993,
SRB,BN.CAB.XOKA.GD.ZS,1992,
SRB,BN.CAB.XOKA.GD.ZS,1991,
SRB,BN.CAB.XOKA.GD.ZS,1990,
SRB,BN.CAB.XOKA.GD.ZS,1989,
SRB,BN.CAB.XOKA.GD.ZS,1988,
SRB,BN.CAB.XOKA.GD.ZS,1987,
SRB,BN.CAB.XOKA.GD.ZS,1986,
SRB,BN.CAB.XOKA.GD.ZS,1985,
SRB,BN.CAB.XOKA.GD.ZS,1984,
SRB,BN.CAB.XOKA.GD.ZS,1983,
SRB,BN.CAB.XOKA.GD.ZS,1982,
SRB,BN.CAB.XOKA.GD.ZS,1981,
SRB,BN.CAB.XOKA.GD.ZS,1980,
SRB,BN.CAB.XOKA.GD.ZS,1979,
SRB,BN.CAB.XOKA.GD.ZS,1978,
SRB,BN.CAB.XOKA.GD.ZS,1977,
SRB,BN.CAB.XOKA.GD.ZS,1976,
SRB,BN.CAB.XOKA.GD.ZS,1975,
SRB,BN.CAB.XOKA.GD.ZS,1974,
SRB,BN.CAB.XOKA.GD.ZS,1973,
SRB,BN.CAB.XOKA.GD.ZS,1972,
SRB,BN.CAB.XOKA.GD.ZS,1971,
SRB,BN.CAB.XOKA.GD.ZS,1970,
SRB,BN.CAB.XOKA.GD.ZS,1969,
SRB,BN.CAB.XOKA.GD.ZS,1968,
SRB,BN.CAB.XOKA.GD.ZS,1967,
SRB,BN.CAB.XOKA.GD.ZS,1966,
SRB,BN.CAB.XOKA.GD.ZS,1965,
SRB,BN.CAB.XOKA.GD.ZS,1964,
SRB,BN.CAB.XOKA.GD.ZS,1963,
SRB,BN.CAB.XOKA.GD.ZS,1962,
SRB,BN.CAB.XOKA.GD.ZS,1961,
SRB,BN.CAB.XOKA.GD.ZS,1960,
SYC,BN.CAB.XOKA.GD.ZS,2025,
SYC,BN.CAB.XOKA.GD.ZS,2024,-8.10588912558857
SYC,BN.CAB.XOKA.GD.ZS,2023,-7.07152041565948
SYC,BN.CAB.XOKA.GD.ZS,2022,-7.01801917874827
SYC,BN.CAB.XOKA.GD.ZS,2021,-10.7699576448461
SYC,BN.CAB.XOKA.GD.ZS,2020,-12.5301883307748
SYC,BN.CAB.XOKA.GD.ZS,2019,-2.842387489846
SYC,BN.CAB.XOKA.GD.ZS,2018,-2.34133369670355
SYC,BN.CAB.XOKA.GD.ZS,2017,-2.20368065340164
SYC,BN.CAB.XOKA.GD.ZS,2016,-2.61384777681388
SYC,BN.CAB.XOKA.GD.ZS,2015,-17.8847188907867
SYC,BN.CAB.XOKA.GD.ZS,2014,-22.3701856914691
SYC,BN.CAB.XOKA.GD.ZS,2013,-11.8972428115469
SYC,BN.CAB.XOKA.GD.ZS,2012,-14.8074270420074
SYC,BN.CAB.XOKA.GD.ZS,2011,-28.4521363904849
SYC,BN.CAB.XOKA.GD.ZS,2010,-21.8405252938197
SYC,BN.CAB.XOKA.GD.ZS,2009,-22.2660045596962
SYC,BN.CAB.XOKA.GD.ZS,2008,-26.8423661578652
SYC,BN.CAB.XOKA.GD.ZS,2007,-18.0086154122811
SYC,BN.CAB.XOKA.GD.ZS,2006,-12.3693581655909
SYC,BN.CAB.XOKA.GD.ZS,2005,-17.8003425507562
SYC,BN.CAB.XOKA.GD.ZS,2004,-6.75447656002783
SYC,BN.CAB.XOKA.GD.ZS,2003,-1.2468218160317
SYC,BN.CAB.XOKA.GD.ZS,2002,-13.645650344015
SYC,BN.CAB.XOKA.GD.ZS,2001,-23.1184684109926
SYC,BN.CAB.XOKA.GD.ZS,2000,-6.56104546972391
SYC,BN.CAB.XOKA.GD.ZS,1999,-17.6156832289782
SYC,BN.CAB.XOKA.GD.ZS,1998,-16.4185652854264
SYC,BN.CAB.XOKA.GD.ZS,1997,-11.0348966495093
SYC,BN.CAB.XOKA.GD.ZS,1996,-9.79337791202402
SYC,BN.CAB.XOKA.GD.ZS,1995,0.261751917899548
SYC,BN.CAB.XOKA.GD.ZS,1994,6.06398546042857
SYC,BN.CAB.XOKA.GD.ZS,1993,1.71088181856887
SYC,BN.CAB.XOKA.GD.ZS,1992,-1.49612461807546
SYC,BN.CAB.XOKA.GD.ZS,1991,-2.05103945604504
SYC,BN.CAB.XOKA.GD.ZS,1990,-3.30912379866114
SYC,BN.CAB.XOKA.GD.ZS,1989,-12.2262606235245
SYC,BN.CAB.XOKA.GD.ZS,1988,-9.40807818957241
SYC,BN.CAB.XOKA.GD.ZS,1987,-7.96084271455492
SYC,BN.CAB.XOKA.GD.ZS,1986,-15.0552771095238
SYC,BN.CAB.XOKA.GD.ZS,1985,-10.6856711888822
SYC,BN.CAB.XOKA.GD.ZS,1984,-8.25424428996999
SYC,BN.CAB.XOKA.GD.ZS,1983,-16.6878851439765
SYC,BN.CAB.XOKA.GD.ZS,1982,-25.8514856052342
SYC,BN.CAB.XOKA.GD.ZS,1981,-11.4772469155828
SYC,BN.CAB.XOKA.GD.ZS,1980,-9.96457910398501
SYC,BN.CAB.XOKA.GD.ZS,1979,-9.63674857603958
SYC,BN.CAB.XOKA.GD.ZS,1978,-4.65702779624242
SYC,BN.CAB.XOKA.GD.ZS,1977,-2.89943215292737
SYC,BN.CAB.XOKA.GD.ZS,1976,-7.90492175907287
SYC,BN.CAB.XOKA.GD.ZS,1975,
SYC,BN.CAB.XOKA.GD.ZS,1974,
SYC,BN.CAB.XOKA.GD.ZS,1973,
SYC,BN.CAB.XOKA.GD.ZS,1972,
SYC,BN.CAB.XOKA.GD.ZS,1971,
SYC,BN.CAB.XOKA.GD.ZS,1970,
SYC,BN.CAB.XOKA.GD.ZS,1969,
SYC,BN.CAB.XOKA.GD.ZS,1968,
SYC,BN.CAB.XOKA.GD.ZS,1967,
SYC,BN.CAB.XOKA.GD.ZS,1966,
SYC,BN.CAB.XOKA.GD.ZS,1965,
SYC,BN.CAB.XOKA.GD.ZS,1964,
SYC,BN.CAB.XOKA.GD.ZS,1963,
SYC,BN.CAB.XOKA.GD.ZS,1962,
SYC,BN.CAB.XOKA.GD.ZS,1961,
SYC,BN.CAB.XOKA.GD.ZS,1960,
SLE,BN.CAB.XOKA.GD.ZS,2025,
SLE,BN.CAB.XOKA.GD.ZS,2024,
SLE,BN.CAB.XOKA.GD.ZS,2023,-9.45093945768822
SLE,BN.CAB.XOKA.GD.ZS,2022,-6.34863362240807
SLE,BN.CAB.XOKA.GD.ZS,2021,-7.29482310742045
SLE,BN.CAB.XOKA.GD.ZS,2020,-5.83728154611493
SLE,BN.CAB.XOKA.GD.ZS,2019,-7.78800789721141
SLE,BN.CAB.XOKA.GD.ZS,2018,-9.25504556429235
SLE,BN.CAB.XOKA.GD.ZS,2017,-11.8197447773241
SLE,BN.CAB.XOKA.GD.ZS,2016,-4.83009013015939
SLE,BN.CAB.XOKA.GD.ZS,2015,-14.7764569204395
SLE,BN.CAB.XOKA.GD.ZS,2014,-6.15041708408739
SLE,BN.CAB.XOKA.GD.ZS,2013,-9.82432065734398
SLE,BN.CAB.XOKA.GD.ZS,2012,-19.7049574950915
SLE,BN.CAB.XOKA.GD.ZS,2011,-39.3593386346764
SLE,BN.CAB.XOKA.GD.ZS,2010,-13.7303367162602
SLE,BN.CAB.XOKA.GD.ZS,2009,-8.27097097515223
SLE,BN.CAB.XOKA.GD.ZS,2008,-5.42208122544718
SLE,BN.CAB.XOKA.GD.ZS,2007,-4.40780618552025
SLE,BN.CAB.XOKA.GD.ZS,2006,-2.91139372809152
SLE,BN.CAB.XOKA.GD.ZS,2005,-4.12285133599241
SLE,BN.CAB.XOKA.GD.ZS,2004,-4.42616819447043
SLE,BN.CAB.XOKA.GD.ZS,2003,-3.86532771869266
SLE,BN.CAB.XOKA.GD.ZS,2002,-3.78669132902158
SLE,BN.CAB.XOKA.GD.ZS,2001,-5.82077902001998
SLE,BN.CAB.XOKA.GD.ZS,2000,-17.658489136383
SLE,BN.CAB.XOKA.GD.ZS,1999,-14.8361767452952
SLE,BN.CAB.XOKA.GD.ZS,1998,-4.94309572568763
SLE,BN.CAB.XOKA.GD.ZS,1997,-6.45379716642746
SLE,BN.CAB.XOKA.GD.ZS,1996,-15.9818934226735
SLE,BN.CAB.XOKA.GD.ZS,1995,-13.5594930752413
SLE,BN.CAB.XOKA.GD.ZS,1994,-9.77326426802897
SLE,BN.CAB.XOKA.GD.ZS,1993,-7.51351110137399
SLE,BN.CAB.XOKA.GD.ZS,1992,-0.805910908500578
SLE,BN.CAB.XOKA.GD.ZS,1991,1.96620005990499
SLE,BN.CAB.XOKA.GD.ZS,1990,-10.6838286993326
SLE,BN.CAB.XOKA.GD.ZS,1989,-6.40339698170487
SLE,BN.CAB.XOKA.GD.ZS,1988,-0.269206507597221
SLE,BN.CAB.XOKA.GD.ZS,1987,-4.59710646458351
SLE,BN.CAB.XOKA.GD.ZS,1986,28.7124508229809
SLE,BN.CAB.XOKA.GD.ZS,1985,0.327299216701344
SLE,BN.CAB.XOKA.GD.ZS,1984,-2.11738137539715
SLE,BN.CAB.XOKA.GD.ZS,1983,-1.76962833115174
SLE,BN.CAB.XOKA.GD.ZS,1982,-13.1140219587348
SLE,BN.CAB.XOKA.GD.ZS,1981,-11.8171217877612
SLE,BN.CAB.XOKA.GD.ZS,1980,-14.9791022784095
SLE,BN.CAB.XOKA.GD.ZS,1979,-16.1183194110564
SLE,BN.CAB.XOKA.GD.ZS,1978,-11.6310950477918
SLE,BN.CAB.XOKA.GD.ZS,1977,-7.13636656666551
SLE,BN.CAB.XOKA.GD.ZS,1976,
SLE,BN.CAB.XOKA.GD.ZS,1975,
SLE,BN.CAB.XOKA.GD.ZS,1974,
SLE,BN.CAB.XOKA.GD.ZS,1973,
SLE,BN.CAB.XOKA.GD.ZS,1972,
SLE,BN.CAB.XOKA.GD.ZS,1971,
SLE,BN.CAB.XOKA.GD.ZS,1970,
SLE,BN.CAB.XOKA.GD.ZS,1969,
SLE,BN.CAB.XOKA.GD.ZS,1968,
SLE,BN.CAB.XOKA.GD.ZS,1967,
SLE,BN.CAB.XOKA.GD.ZS,1966,
SLE,BN.CAB.XOKA.GD.ZS,1965,
SLE,BN.CAB.XOKA.GD.ZS,1964,
SLE,BN.CAB.XOKA.GD.ZS,1963,
SLE,BN.CAB.XOKA.GD.ZS,1962,
SLE,BN.CAB.XOKA.GD.ZS,1961,
SLE,BN.CAB.XOKA.GD.ZS,1960,
SGP,BN.CAB.XOKA.GD.ZS,2025,
SGP,BN.CAB.XOKA.GD.ZS,2024,17.5406529695398
SGP,BN.CAB.XOKA.GD.ZS,2023,17.6882335096944
SGP,BN.CAB.XOKA.GD.ZS,2022,18.4218689470561
SGP,BN.CAB.XOKA.GD.ZS,2021,19.7977593483403
SGP,BN.CAB.XOKA.GD.ZS,2020,17.5010026530237
SGP,BN.CAB.XOKA.GD.ZS,2019,15.3842038829922
SGP,BN.CAB.XOKA.GD.ZS,2018,15.6925125126191
SGP,BN.CAB.XOKA.GD.ZS,2017,18.6035397928009
SGP,BN.CAB.XOKA.GD.ZS,2016,18.0058072248824
SGP,BN.CAB.XOKA.GD.ZS,2015,18.6930222903094
SGP,BN.CAB.XOKA.GD.ZS,2014,17.9502135491877
SGP,BN.CAB.XOKA.GD.ZS,2013,15.7071875902089
SGP,BN.CAB.XOKA.GD.ZS,2012,17.6432739045994
SGP,BN.CAB.XOKA.GD.ZS,2011,22.2184518342372
SGP,BN.CAB.XOKA.GD.ZS,2010,22.9333472183784
SGP,BN.CAB.XOKA.GD.ZS,2009,16.3930632928179
SGP,BN.CAB.XOKA.GD.ZS,2008,15.08343561816
SGP,BN.CAB.XOKA.GD.ZS,2007,27.1433325306869
SGP,BN.CAB.XOKA.GD.ZS,2006,26.893381350331
SGP,BN.CAB.XOKA.GD.ZS,2005,23.2604773041195
SGP,BN.CAB.XOKA.GD.ZS,2004,19.3111213606955
SGP,BN.CAB.XOKA.GD.ZS,2003,24.3020823146557
SGP,BN.CAB.XOKA.GD.ZS,2002,14.8770537568056
SGP,BN.CAB.XOKA.GD.ZS,2001,14.4329302808565
SGP,BN.CAB.XOKA.GD.ZS,2000,11.0715031927897
SGP,BN.CAB.XOKA.GD.ZS,1999,17.2038802401523
SGP,BN.CAB.XOKA.GD.ZS,1998,21.7915511543613
SGP,BN.CAB.XOKA.GD.ZS,1997,15.5698355478411
SGP,BN.CAB.XOKA.GD.ZS,1996,14.6273471153629
SGP,BN.CAB.XOKA.GD.ZS,1995,16.4967504477223
SGP,BN.CAB.XOKA.GD.ZS,1994,15.4701578956137
SGP,BN.CAB.XOKA.GD.ZS,1993,6.94851439736296
SGP,BN.CAB.XOKA.GD.ZS,1992,11.3460660380192
SGP,BN.CAB.XOKA.GD.ZS,1991,10.7339641366336
SGP,BN.CAB.XOKA.GD.ZS,1990,8.63724140435268
SGP,BN.CAB.XOKA.GD.ZS,1989,9.72796054152537
SGP,BN.CAB.XOKA.GD.ZS,1988,7.63423434751461
SGP,BN.CAB.XOKA.GD.ZS,1987,-0.519344689052198
SGP,BN.CAB.XOKA.GD.ZS,1986,1.71480429367363
SGP,BN.CAB.XOKA.GD.ZS,1985,-0.0189810743321321
SGP,BN.CAB.XOKA.GD.ZS,1984,-1.94886737000521
SGP,BN.CAB.XOKA.GD.ZS,1983,-3.43279404719149
SGP,BN.CAB.XOKA.GD.ZS,1982,-8.05910345833406
SGP,BN.CAB.XOKA.GD.ZS,1981,-10.368009979278
SGP,BN.CAB.XOKA.GD.ZS,1980,-13.1358046716661
SGP,BN.CAB.XOKA.GD.ZS,1979,-7.9142496584868
SGP,BN.CAB.XOKA.GD.ZS,1978,-6.01956905598569
SGP,BN.CAB.XOKA.GD.ZS,1977,-4.45948103719695
SGP,BN.CAB.XOKA.GD.ZS,1976,-8.9680890229879
SGP,BN.CAB.XOKA.GD.ZS,1975,-10.3674408279415
SGP,BN.CAB.XOKA.GD.ZS,1974,-19.5611750546719
SGP,BN.CAB.XOKA.GD.ZS,1973,-14.037287429139
SGP,BN.CAB.XOKA.GD.ZS,1972,-18.1864437630157
SGP,BN.CAB.XOKA.GD.ZS,1971,
SGP,BN.CAB.XOKA.GD.ZS,1970,
SGP,BN.CAB.XOKA.GD.ZS,1969,
SGP,BN.CAB.XOKA.GD.ZS,1968,
SGP,BN.CAB.XOKA.GD.ZS,1967,
SGP,BN.CAB.XOKA.GD.ZS,1966,
SGP,BN.CAB.XOKA.GD.ZS,1965,
SGP,BN.CAB.XOKA.GD.ZS,1964,
SGP,BN.CAB.XOKA.GD.ZS,1963,
SGP,BN.CAB.XOKA.GD.ZS,1962,
SGP,BN.CAB.XOKA.GD.ZS,1961,
SGP,BN.CAB.XOKA.GD.ZS,1960,
SXM,BN.CAB.XOKA.GD.ZS,2025,
SXM,BN.CAB.XOKA.GD.ZS,2024,
SXM,BN.CAB.XOKA.GD.ZS,2023,-6.91912625511174
SXM,BN.CAB.XOKA.GD.ZS,2022,-3.57811267081915
SXM,BN.CAB.XOKA.GD.ZS,2021,-23.0189555338875
SXM,BN.CAB.XOKA.GD.ZS,2020,-23.4917218241245
SXM,BN.CAB.XOKA.GD.ZS,2019,-11.7225151374585
SXM,BN.CAB.XOKA.GD.ZS,2018,5.93015272305455
SXM,BN.CAB.XOKA.GD.ZS,2017,3.48114676740387
SXM,BN.CAB.XOKA.GD.ZS,2016,-1.86269692206363
SXM,BN.CAB.XOKA.GD.ZS,2015,1.28485944638437
SXM,BN.CAB.XOKA.GD.ZS,2014,-8.13613939959859
SXM,BN.CAB.XOKA.GD.ZS,2013,0.422119060622617
SXM,BN.CAB.XOKA.GD.ZS,2012,9.39570465234884
SXM,BN.CAB.XOKA.GD.ZS,2011,-0.482155645738833
SXM,BN.CAB.XOKA.GD.ZS,2010,
SXM,BN.CAB.XOKA.GD.ZS,2009,
SXM,BN.CAB.XOKA.GD.ZS,2008,
SXM,BN.CAB.XOKA.GD.ZS,2007,
SXM,BN.CAB.XOKA.GD.ZS,2006,
SXM,BN.CAB.XOKA.GD.ZS,2005,
SXM,BN.CAB.XOKA.GD.ZS,2004,
SXM,BN.CAB.XOKA.GD.ZS,2003,
SXM,BN.CAB.XOKA.GD.ZS,2002,
SXM,BN.CAB.XOKA.GD.ZS,2001,
SXM,BN.CAB.XOKA.GD.ZS,2000,
SXM,BN.CAB.XOKA.GD.ZS,1999,
SXM,BN.CAB.XOKA.GD.ZS,1998,
SXM,BN.CAB.XOKA.GD.ZS,1997,
SXM,BN.CAB.XOKA.GD.ZS,1996,
SXM,BN.CAB.XOKA.GD.ZS,1995,
SXM,BN.CAB.XOKA.GD.ZS,1994,
SXM,BN.CAB.XOKA.GD.ZS,1993,
SXM,BN.CAB.XOKA.GD.ZS,1992,
SXM,BN.CAB.XOKA.GD.ZS,1991,
SXM,BN.CAB.XOKA.GD.ZS,1990,
SXM,BN.CAB.XOKA.GD.ZS,1989,
SXM,BN.CAB.XOKA.GD.ZS,1988,
SXM,BN.CAB.XOKA.GD.ZS,1987,
SXM,BN.CAB.XOKA.GD.ZS,1986,
SXM,BN.CAB.XOKA.GD.ZS,1985,
SXM,BN.CAB.XOKA.GD.ZS,1984,
SXM,BN.CAB.XOKA.GD.ZS,1983,
SXM,BN.CAB.XOKA.GD.ZS,1982,
SXM,BN.CAB.XOKA.GD.ZS,1981,
SXM,BN.CAB.XOKA.GD.ZS,1980,
SXM,BN.CAB.XOKA.GD.ZS,1979,
SXM,BN.CAB.XOKA.GD.ZS,1978,
SXM,BN.CAB.XOKA.GD.ZS,1977,
SXM,BN.CAB.XOKA.GD.ZS,1976,
SXM,BN.CAB.XOKA.GD.ZS,1975,
SXM,BN.CAB.XOKA.GD.ZS,1974,
SXM,BN.CAB.XOKA.GD.ZS,1973,
SXM,BN.CAB.XOKA.GD.ZS,1972,
SXM,BN.CAB.XOKA.GD.ZS,1971,
SXM,BN.CAB.XOKA.GD.ZS,1970,
SXM,BN.CAB.XOKA.GD.ZS,1969,
SXM,BN.CAB.XOKA.GD.ZS,1968,
SXM,BN.CAB.XOKA.GD.ZS,1967,
SXM,BN.CAB.XOKA.GD.ZS,1966,
SXM,BN.CAB.XOKA.GD.ZS,1965,
SXM,BN.CAB.XOKA.GD.ZS,1964,
SXM,BN.CAB.XOKA.GD.ZS,1963,
SXM,BN.CAB.XOKA.GD.ZS,1962,
SXM,BN.CAB.XOKA.GD.ZS,1961,
SXM,BN.CAB.XOKA.GD.ZS,1960,
SVK,BN.CAB.XOKA.GD.ZS,2025,
SVK,BN.CAB.XOKA.GD.ZS,2024,-4.61427189349135
SVK,BN.CAB.XOKA.GD.ZS,2023,-3.01849841620298
SVK,BN.CAB.XOKA.GD.ZS,2022,-9.60893340616344
SVK,BN.CAB.XOKA.GD.ZS,2021,-4.79283646505897
SVK,BN.CAB.XOKA.GD.ZS,2020,-0.437071238574067
SVK,BN.CAB.XOKA.GD.ZS,2019,-3.51259174873162
SVK,BN.CAB.XOKA.GD.ZS,2018,-1.59262375291933
SVK,BN.CAB.XOKA.GD.ZS,2017,-1.71807692688753
SVK,BN.CAB.XOKA.GD.ZS,2016,-1.41742583384371
SVK,BN.CAB.XOKA.GD.ZS,2015,-2.05103816352739
SVK,BN.CAB.XOKA.GD.ZS,2014,1.77620820872981
SVK,BN.CAB.XOKA.GD.ZS,2013,2.91051144201471
SVK,BN.CAB.XOKA.GD.ZS,2012,0.938943103720464
SVK,BN.CAB.XOKA.GD.ZS,2011,-4.92376770602967
SVK,BN.CAB.XOKA.GD.ZS,2010,-4.6203044518302
SVK,BN.CAB.XOKA.GD.ZS,2009,-3.38105508330995
SVK,BN.CAB.XOKA.GD.ZS,2008,-6.21877842791479
SVK,BN.CAB.XOKA.GD.ZS,2007,-5.35060934129179
SVK,BN.CAB.XOKA.GD.ZS,2006,-7.70650507752626
SVK,BN.CAB.XOKA.GD.ZS,2005,-8.19397731773658
SVK,BN.CAB.XOKA.GD.ZS,2004,-7.61884083063467
SVK,BN.CAB.XOKA.GD.ZS,2003,-0.604808583485322
SVK,BN.CAB.XOKA.GD.ZS,2002,-5.54699259401508
SVK,BN.CAB.XOKA.GD.ZS,2001,-5.67076091009313
SVK,BN.CAB.XOKA.GD.ZS,2000,-2.37631731698758
SVK,BN.CAB.XOKA.GD.ZS,1999,-3.78763630330509
SVK,BN.CAB.XOKA.GD.ZS,1998,-7.09378256454289
SVK,BN.CAB.XOKA.GD.ZS,1997,-7.0436113805678
SVK,BN.CAB.XOKA.GD.ZS,1996,-7.41341151718473
SVK,BN.CAB.XOKA.GD.ZS,1995,1.48984665925464
SVK,BN.CAB.XOKA.GD.ZS,1994,3.28266941432295
SVK,BN.CAB.XOKA.GD.ZS,1993,-3.46331514868092
SVK,BN.CAB.XOKA.GD.ZS,1992,
SVK,BN.CAB.XOKA.GD.ZS,1991,
SVK,BN.CAB.XOKA.GD.ZS,1990,
SVK,BN.CAB.XOKA.GD.ZS,1989,
SVK,BN.CAB.XOKA.GD.ZS,1988,
SVK,BN.CAB.XOKA.GD.ZS,1987,
SVK,BN.CAB.XOKA.GD.ZS,1986,
SVK,BN.CAB.XOKA.GD.ZS,1985,
SVK,BN.CAB.XOKA.GD.ZS,1984,
SVK,BN.CAB.XOKA.GD.ZS,1983,
SVK,BN.CAB.XOKA.GD.ZS,1982,
SVK,BN.CAB.XOKA.GD.ZS,1981,
SVK,BN.CAB.XOKA.GD.ZS,1980,
SVK,BN.CAB.XOKA.GD.ZS,1979,
SVK,BN.CAB.XOKA.GD.ZS,1978,
SVK,BN.CAB.XOKA.GD.ZS,1977,
SVK,BN.CAB.XOKA.GD.ZS,1976,
SVK,BN.CAB.XOKA.GD.ZS,1975,
SVK,BN.CAB.XOKA.GD.ZS,1974,
SVK,BN.CAB.XOKA.GD.ZS,1973,
SVK,BN.CAB.XOKA.GD.ZS,1972,
SVK,BN.CAB.XOKA.GD.ZS,1971,
SVK,BN.CAB.XOKA.GD.ZS,1970,
SVK,BN.CAB.XOKA.GD.ZS,1969,
SVK,BN.CAB.XOKA.GD.ZS,1968,
SVK,BN.CAB.XOKA.GD.ZS,1967,
SVK,BN.CAB.XOKA.GD.ZS,1966,
SVK,BN.CAB.XOKA.GD.ZS,1965,
SVK,BN.CAB.XOKA.GD.ZS,1964,
SVK,BN.CAB.XOKA.GD.ZS,1963,
SVK,BN.CAB.XOKA.GD.ZS,1962,
SVK,BN.CAB.XOKA.GD.ZS,1961,
SVK,BN.CAB.XOKA.GD.ZS,1960,
SVN,BN.CAB.XOKA.GD.ZS,2025,
SVN,BN.CAB.XOKA.GD.ZS,2024,4.55086826535468
SVN,BN.CAB.XOKA.GD.ZS,2023,4.46558757096218
SVN,BN.CAB.XOKA.GD.ZS,2022,-1.03068913156479
SVN,BN.CAB.XOKA.GD.ZS,2021,3.36779729636638
SVN,BN.CAB.XOKA.GD.ZS,2020,7.67395367082141
SVN,BN.CAB.XOKA.GD.ZS,2019,6.45290585431634
SVN,BN.CAB.XOKA.GD.ZS,2018,6.52066143026875
SVN,BN.CAB.XOKA.GD.ZS,2017,6.82058845826205
SVN,BN.CAB.XOKA.GD.ZS,2016,5.29223433710434
SVN,BN.CAB.XOKA.GD.ZS,2015,4.11844607611057
SVN,BN.CAB.XOKA.GD.ZS,2014,5.32786784003453
SVN,BN.CAB.XOKA.GD.ZS,2013,3.5165074819789
SVN,BN.CAB.XOKA.GD.ZS,2012,1.40334115378876
SVN,BN.CAB.XOKA.GD.ZS,2011,-0.772202643426759
SVN,BN.CAB.XOKA.GD.ZS,2010,-0.686229865264751
SVN,BN.CAB.XOKA.GD.ZS,2009,-1.02930810163582
SVN,BN.CAB.XOKA.GD.ZS,2008,-5.30803970003449
SVN,BN.CAB.XOKA.GD.ZS,2007,-4.20761971530098
SVN,BN.CAB.XOKA.GD.ZS,2006,-1.77091456240672
SVN,BN.CAB.XOKA.GD.ZS,2005,-1.89301545547915
SVN,BN.CAB.XOKA.GD.ZS,2004,-2.61296856216983
SVN,BN.CAB.XOKA.GD.ZS,2003,-0.734658635827973
SVN,BN.CAB.XOKA.GD.ZS,2002,1.05020145982641
SVN,BN.CAB.XOKA.GD.ZS,2001,0.151435477403197
SVN,BN.CAB.XOKA.GD.ZS,2000,-2.71588283528864
SVN,BN.CAB.XOKA.GD.ZS,1999,-3.08319417422173
SVN,BN.CAB.XOKA.GD.ZS,1998,-0.535844572045627
SVN,BN.CAB.XOKA.GD.ZS,1997,0.243644981984294
SVN,BN.CAB.XOKA.GD.ZS,1996,0.257560310756861
SVN,BN.CAB.XOKA.GD.ZS,1995,-0.35053362750793
SVN,BN.CAB.XOKA.GD.ZS,1994,3.49983630377216
SVN,BN.CAB.XOKA.GD.ZS,1993,1.32186349181442
SVN,BN.CAB.XOKA.GD.ZS,1992,6.8521543659339
SVN,BN.CAB.XOKA.GD.ZS,1991,
SVN,BN.CAB.XOKA.GD.ZS,1990,
SVN,BN.CAB.XOKA.GD.ZS,1989,
SVN,BN.CAB.XOKA.GD.ZS,1988,
SVN,BN.CAB.XOKA.GD.ZS,1987,
SVN,BN.CAB.XOKA.GD.ZS,1986,
SVN,BN.CAB.XOKA.GD.ZS,1985,
SVN,BN.CAB.XOKA.GD.ZS,1984,
SVN,BN.CAB.XOKA.GD.ZS,1983,
SVN,BN.CAB.XOKA.GD.ZS,1982,
SVN,BN.CAB.XOKA.GD.ZS,1981,
SVN,BN.CAB.XOKA.GD.ZS,1980,
SVN,BN.CAB.XOKA.GD.ZS,1979,
SVN,BN.CAB.XOKA.GD.ZS,1978,
SVN,BN.CAB.XOKA.GD.ZS,1977,
SVN,BN.CAB.XOKA.GD.ZS,1976,
SVN,BN.CAB.XOKA.GD.ZS,1975,
SVN,BN.CAB.XOKA.GD.ZS,1974,
SVN,BN.CAB.XOKA.GD.ZS,1973,
SVN,BN.CAB.XOKA.GD.ZS,1972,
SVN,BN.CAB.XOKA.GD.ZS,1971,
SVN,BN.CAB.XOKA.GD.ZS,1970,
SVN,BN.CAB.XOKA.GD.ZS,1969,
SVN,BN.CAB.XOKA.GD.ZS,1968,
SVN,BN.CAB.XOKA.GD.ZS,1967,
SVN,BN.CAB.XOKA.GD.ZS,1966,
SVN,BN.CAB.XOKA.GD.ZS,1965,
SVN,BN.CAB.XOKA.GD.ZS,1964,
SVN,BN.CAB.XOKA.GD.ZS,1963,
SVN,BN.CAB.XOKA.GD.ZS,1962,
SVN,BN.CAB.XOKA.GD.ZS,1961,
SVN,BN.CAB.XOKA.GD.ZS,1960,
SLB,BN.CAB.XOKA.GD.ZS,2025,
SLB,BN.CAB.XOKA.GD.ZS,2024,-4.18133473457478
SLB,BN.CAB.XOKA.GD.ZS,2023,-11.8314939444528
SLB,BN.CAB.XOKA.GD.ZS,2022,-14.8999907899023
SLB,BN.CAB.XOKA.GD.ZS,2021,-5.01770966156316
SLB,BN.CAB.XOKA.GD.ZS,2020,-1.63132884568903
SLB,BN.CAB.XOKA.GD.ZS,2019,-9.51100860736619
SLB,BN.CAB.XOKA.GD.ZS,2018,-2.95982088484313
SLB,BN.CAB.XOKA.GD.ZS,2017,-4.27498589689084
SLB,BN.CAB.XOKA.GD.ZS,2016,-3.53780145431414
SLB,BN.CAB.XOKA.GD.ZS,2015,-2.75806023188152
SLB,BN.CAB.XOKA.GD.ZS,2014,-3.71113892809321
SLB,BN.CAB.XOKA.GD.ZS,2013,-2.99761288648898
SLB,BN.CAB.XOKA.GD.ZS,2012,2.22663803763421
SLB,BN.CAB.XOKA.GD.ZS,2011,-1.76447706076069
SLB,BN.CAB.XOKA.GD.ZS,2010,-16.0506619217521
SLB,BN.CAB.XOKA.GD.ZS,2009,-7.39710267104601
SLB,BN.CAB.XOKA.GD.ZS,2008,-10.2527260927111
SLB,BN.CAB.XOKA.GD.ZS,2007,-11.53055204475
SLB,BN.CAB.XOKA.GD.ZS,2006,-6.83313528792249
SLB,BN.CAB.XOKA.GD.ZS,2005,-16.3149014874914
SLB,BN.CAB.XOKA.GD.ZS,2004,-4.04309489428343
SLB,BN.CAB.XOKA.GD.ZS,2003,-9.55791509502594
SLB,BN.CAB.XOKA.GD.ZS,2002,-19.5076486144732
SLB,BN.CAB.XOKA.GD.ZS,2001,-15.8332825110055
SLB,BN.CAB.XOKA.GD.ZS,2000,-9.75872166781304
SLB,BN.CAB.XOKA.GD.ZS,1999,4.40043214690359
SLB,BN.CAB.XOKA.GD.ZS,1998,1.77441432624841
SLB,BN.CAB.XOKA.GD.ZS,1997,-7.19916830125425
SLB,BN.CAB.XOKA.GD.ZS,1996,2.85567709426956
SLB,BN.CAB.XOKA.GD.ZS,1995,1.77624714752846
SLB,BN.CAB.XOKA.GD.ZS,1994,-0.852263556089582
SLB,BN.CAB.XOKA.GD.ZS,1993,-2.54511529723485
SLB,BN.CAB.XOKA.GD.ZS,1992,0.48238029796377
SLB,BN.CAB.XOKA.GD.ZS,1991,-15.7515879073781
SLB,BN.CAB.XOKA.GD.ZS,1990,-12.9191580663335
SLB,BN.CAB.XOKA.GD.ZS,1989,-19.2200422424746
SLB,BN.CAB.XOKA.GD.ZS,1988,-15.7800578939866
SLB,BN.CAB.XOKA.GD.ZS,1987,-2.76090454388767
SLB,BN.CAB.XOKA.GD.ZS,1986,-1.59483235123974
SLB,BN.CAB.XOKA.GD.ZS,1985,-16.8092036273209
SLB,BN.CAB.XOKA.GD.ZS,1984,0.735074545417056
SLB,BN.CAB.XOKA.GD.ZS,1983,-7.49487626045496
SLB,BN.CAB.XOKA.GD.ZS,1982,-12.9718998605519
SLB,BN.CAB.XOKA.GD.ZS,1981,-13.7014586004962
SLB,BN.CAB.XOKA.GD.ZS,1980,-6.65631276796737
SLB,BN.CAB.XOKA.GD.ZS,1979,6.79389060473912
SLB,BN.CAB.XOKA.GD.ZS,1978,2.98968958097064
SLB,BN.CAB.XOKA.GD.ZS,1977,6.19047847862647
SLB,BN.CAB.XOKA.GD.ZS,1976,2.05882269073586
SLB,BN.CAB.XOKA.GD.ZS,1975,-16.842112612654
SLB,BN.CAB.XOKA.GD.ZS,1974,
SLB,BN.CAB.XOKA.GD.ZS,1973,
SLB,BN.CAB.XOKA.GD.ZS,1972,
SLB,BN.CAB.XOKA.GD.ZS,1971,
SLB,BN.CAB.XOKA.GD.ZS,1970,
SLB,BN.CAB.XOKA.GD.ZS,1969,
SLB,BN.CAB.XOKA.GD.ZS,1968,
SLB,BN.CAB.XOKA.GD.ZS,1967,
SLB,BN.CAB.XOKA.GD.ZS,1966,
SLB,BN.CAB.XOKA.GD.ZS,1965,
SLB,BN.CAB.XOKA.GD.ZS,1964,
SLB,BN.CAB.XOKA.GD.ZS,1963,
SLB,BN.CAB.XOKA.GD.ZS,1962,
SLB,BN.CAB.XOKA.GD.ZS,1961,
SLB,BN.CAB.XOKA.GD.ZS,1960,
SOM,BN.CAB.XOKA.GD.ZS,2025,
SOM,BN.CAB.XOKA.GD.ZS,2024,
SOM,BN.CAB.XOKA.GD.ZS,2023,
SOM,BN.CAB.XOKA.GD.ZS,2022,
SOM,BN.CAB.XOKA.GD.ZS,2021,
SOM,BN.CAB.XOKA.GD.ZS,2020,
SOM,BN.CAB.XOKA.GD.ZS,2019,
SOM,BN.CAB.XOKA.GD.ZS,2018,
SOM,BN.CAB.XOKA.GD.ZS,2017,
SOM,BN.CAB.XOKA.GD.ZS,2016,
SOM,BN.CAB.XOKA.GD.ZS,2015,
SOM,BN.CAB.XOKA.GD.ZS,2014,
SOM,BN.CAB.XOKA.GD.ZS,2013,
SOM,BN.CAB.XOKA.GD.ZS,2012,
SOM,BN.CAB.XOKA.GD.ZS,2011,
SOM,BN.CAB.XOKA.GD.ZS,2010,
SOM,BN.CAB.XOKA.GD.ZS,2009,
SOM,BN.CAB.XOKA.GD.ZS,2008,
SOM,BN.CAB.XOKA.GD.ZS,2007,
SOM,BN.CAB.XOKA.GD.ZS,2006,
SOM,BN.CAB.XOKA.GD.ZS,2005,
SOM,BN.CAB.XOKA.GD.ZS,2004,
SOM,BN.CAB.XOKA.GD.ZS,2003,
SOM,BN.CAB.XOKA.GD.ZS,2002,
SOM,BN.CAB.XOKA.GD.ZS,2001,
SOM,BN.CAB.XOKA.GD.ZS,2000,
SOM,BN.CAB.XOKA.GD.ZS,1999,
SOM,BN.CAB.XOKA.GD.ZS,1998,
SOM,BN.CAB.XOKA.GD.ZS,1997,
SOM,BN.CAB.XOKA.GD.ZS,1996,
SOM,BN.CAB.XOKA.GD.ZS,1995,
SOM,BN.CAB.XOKA.GD.ZS,1994,
SOM,BN.CAB.XOKA.GD.ZS,1993,
SOM,BN.CAB.XOKA.GD.ZS,1992,
SOM,BN.CAB.XOKA.GD.ZS,1991,
SOM,BN.CAB.XOKA.GD.ZS,1990,
SOM,BN.CAB.XOKA.GD.ZS,1989,
SOM,BN.CAB.XOKA.GD.ZS,1988,
SOM,BN.CAB.XOKA.GD.ZS,1987,
SOM,BN.CAB.XOKA.GD.ZS,1986,
SOM,BN.CAB.XOKA.GD.ZS,1985,
SOM,BN.CAB.XOKA.GD.ZS,1984,
SOM,BN.CAB.XOKA.GD.ZS,1983,
SOM,BN.CAB.XOKA.GD.ZS,1982,
SOM,BN.CAB.XOKA.GD.ZS,1981,
SOM,BN.CAB.XOKA.GD.ZS,1980,
SOM,BN.CAB.XOKA.GD.ZS,1979,
SOM,BN.CAB.XOKA.GD.ZS,1978,
SOM,BN.CAB.XOKA.GD.ZS,1977,
SOM,BN.CAB.XOKA.GD.ZS,1976,
SOM,BN.CAB.XOKA.GD.ZS,1975,
SOM,BN.CAB.XOKA.GD.ZS,1974,
SOM,BN.CAB.XOKA.GD.ZS,1973,
SOM,BN.CAB.XOKA.GD.ZS,1972,
SOM,BN.CAB.XOKA.GD.ZS,1971,
SOM,BN.CAB.XOKA.GD.ZS,1970,
SOM,BN.CAB.XOKA.GD.ZS,1969,
SOM,BN.CAB.XOKA.GD.ZS,1968,
SOM,BN.CAB.XOKA.GD.ZS,1967,
SOM,BN.CAB.XOKA.GD.ZS,1966,
SOM,BN.CAB.XOKA.GD.ZS,1965,
SOM,BN.CAB.XOKA.GD.ZS,1964,
SOM,BN.CAB.XOKA.GD.ZS,1963,
SOM,BN.CAB.XOKA.GD.ZS,1962,
SOM,BN.CAB.XOKA.GD.ZS,1961,
SOM,BN.CAB.XOKA.GD.ZS,1960,
ZAF,BN.CAB.XOKA.GD.ZS,2025,
ZAF,BN.CAB.XOKA.GD.ZS,2024,-0.64279979707505
ZAF,BN.CAB.XOKA.GD.ZS,2023,-1.10356312207881
ZAF,BN.CAB.XOKA.GD.ZS,2022,-0.29618259812743
ZAF,BN.CAB.XOKA.GD.ZS,2021,3.77241369345008
ZAF,BN.CAB.XOKA.GD.ZS,2020,2.00352275153333
ZAF,BN.CAB.XOKA.GD.ZS,2019,-2.61999067483039
ZAF,BN.CAB.XOKA.GD.ZS,2018,-3.00051939426577
ZAF,BN.CAB.XOKA.GD.ZS,2017,-2.37436753188649
ZAF,BN.CAB.XOKA.GD.ZS,2016,-2.63361451678798
ZAF,BN.CAB.XOKA.GD.ZS,2015,-4.31028688643788
ZAF,BN.CAB.XOKA.GD.ZS,2014,-4.81243259488481
ZAF,BN.CAB.XOKA.GD.ZS,2013,-5.33837274756909
ZAF,BN.CAB.XOKA.GD.ZS,2012,-4.68373643403846
ZAF,BN.CAB.XOKA.GD.ZS,2011,-2.01967628513274
ZAF,BN.CAB.XOKA.GD.ZS,2010,-1.29901805615596
ZAF,BN.CAB.XOKA.GD.ZS,2009,-2.38458187361532
ZAF,BN.CAB.XOKA.GD.ZS,2008,-5.18618108467679
ZAF,BN.CAB.XOKA.GD.ZS,2007,-4.86189160706923
ZAF,BN.CAB.XOKA.GD.ZS,2006,-4.00012427594728
ZAF,BN.CAB.XOKA.GD.ZS,2005,-2.7747758989594
ZAF,BN.CAB.XOKA.GD.ZS,2004,-2.50726120703613
ZAF,BN.CAB.XOKA.GD.ZS,2003,-0.782449992267882
ZAF,BN.CAB.XOKA.GD.ZS,2002,0.781937464700473
ZAF,BN.CAB.XOKA.GD.ZS,2001,0.253001084795546
ZAF,BN.CAB.XOKA.GD.ZS,2000,-0.125570459653346
ZAF,BN.CAB.XOKA.GD.ZS,1999,-0.445657419944881
ZAF,BN.CAB.XOKA.GD.ZS,1998,-1.43749682421619
ZAF,BN.CAB.XOKA.GD.ZS,1997,-1.31813387872595
ZAF,BN.CAB.XOKA.GD.ZS,1996,-1.0280828308777
ZAF,BN.CAB.XOKA.GD.ZS,1995,-1.45179160612888
ZAF,BN.CAB.XOKA.GD.ZS,1994,0.0192951572527624
ZAF,BN.CAB.XOKA.GD.ZS,1993,1.90438081566821
ZAF,BN.CAB.XOKA.GD.ZS,1992,1.34745427194466
ZAF,BN.CAB.XOKA.GD.ZS,1991,1.03482370495216
ZAF,BN.CAB.XOKA.GD.ZS,1990,1.23093530701266
ZAF,BN.CAB.XOKA.GD.ZS,1989,1.38631701458895
ZAF,BN.CAB.XOKA.GD.ZS,1988,2.43671493279263
ZAF,BN.CAB.XOKA.GD.ZS,1987,5.28788988004278
ZAF,BN.CAB.XOKA.GD.ZS,1986,3.77065373212745
ZAF,BN.CAB.XOKA.GD.ZS,1985,3.50818756883177
ZAF,BN.CAB.XOKA.GD.ZS,1984,-2.29971982123787
ZAF,BN.CAB.XOKA.GD.ZS,1983,-0.3359773140806
ZAF,BN.CAB.XOKA.GD.ZS,1982,-4.1043549452831
ZAF,BN.CAB.XOKA.GD.ZS,1981,-5.34495046432067
ZAF,BN.CAB.XOKA.GD.ZS,1980,3.5357625493191
ZAF,BN.CAB.XOKA.GD.ZS,1979,4.70353520571314
ZAF,BN.CAB.XOKA.GD.ZS,1978,2.13031411036789
ZAF,BN.CAB.XOKA.GD.ZS,1977,0.527704353103132
ZAF,BN.CAB.XOKA.GD.ZS,1976,-4.64745712434372
ZAF,BN.CAB.XOKA.GD.ZS,1975,-5.58681904036422
ZAF,BN.CAB.XOKA.GD.ZS,1974,-3.47363511040154
ZAF,BN.CAB.XOKA.GD.ZS,1973,-0.77682927751757
ZAF,BN.CAB.XOKA.GD.ZS,1972,-0.783376528765057
ZAF,BN.CAB.XOKA.GD.ZS,1971,-6.35653285252098
ZAF,BN.CAB.XOKA.GD.ZS,1970,-6.07680126925571
ZAF,BN.CAB.XOKA.GD.ZS,1969,-2.49363867784224
ZAF,BN.CAB.XOKA.GD.ZS,1968,-0.11445389147809
ZAF,BN.CAB.XOKA.GD.ZS,1967,-2.37147155213874
ZAF,BN.CAB.XOKA.GD.ZS,1966,-1.03438084959117
ZAF,BN.CAB.XOKA.GD.ZS,1965,-3.95286556130262
ZAF,BN.CAB.XOKA.GD.ZS,1964,-1.34660421599531
ZAF,BN.CAB.XOKA.GD.ZS,1963,1.79285437966722
ZAF,BN.CAB.XOKA.GD.ZS,1962,4.37945791901283
ZAF,BN.CAB.XOKA.GD.ZS,1961,2.92867981907739
ZAF,BN.CAB.XOKA.GD.ZS,1960,0.56008961456233
SSD,BN.CAB.XOKA.GD.ZS,2025,
SSD,BN.CAB.XOKA.GD.ZS,2024,
SSD,BN.CAB.XOKA.GD.ZS,2023,7.93071136684621
SSD,BN.CAB.XOKA.GD.ZS,2022,-11.2233718358258
SSD,BN.CAB.XOKA.GD.ZS,2021,-0.13161314202058
SSD,BN.CAB.XOKA.GD.ZS,2020,-35.0491711578272
SSD,BN.CAB.XOKA.GD.ZS,2019,-4.15741601037528
SSD,BN.CAB.XOKA.GD.ZS,2018,-9.0382483224269
SSD,BN.CAB.XOKA.GD.ZS,2017,8.30684638743949
SSD,BN.CAB.XOKA.GD.ZS,2016,-5.76700049530002
SSD,BN.CAB.XOKA.GD.ZS,2015,-4.169014055128
SSD,BN.CAB.XOKA.GD.ZS,2014,-5.65945565697319
SSD,BN.CAB.XOKA.GD.ZS,2013,
SSD,BN.CAB.XOKA.GD.ZS,2012,
SSD,BN.CAB.XOKA.GD.ZS,2011,
SSD,BN.CAB.XOKA.GD.ZS,2010,
SSD,BN.CAB.XOKA.GD.ZS,2009,
SSD,BN.CAB.XOKA.GD.ZS,2008,
SSD,BN.CAB.XOKA.GD.ZS,2007,
SSD,BN.CAB.XOKA.GD.ZS,2006,
SSD,BN.CAB.XOKA.GD.ZS,2005,
SSD,BN.CAB.XOKA.GD.ZS,2004,
SSD,BN.CAB.XOKA.GD.ZS,2003,
SSD,BN.CAB.XOKA.GD.ZS,2002,
SSD,BN.CAB.XOKA.GD.ZS,2001,
SSD,BN.CAB.XOKA.GD.ZS,2000,
SSD,BN.CAB.XOKA.GD.ZS,1999,
SSD,BN.CAB.XOKA.GD.ZS,1998,
SSD,BN.CAB.XOKA.GD.ZS,1997,
SSD,BN.CAB.XOKA.GD.ZS,1996,
SSD,BN.CAB.XOKA.GD.ZS,1995,
SSD,BN.CAB.XOKA.GD.ZS,1994,
SSD,BN.CAB.XOKA.GD.ZS,1993,
SSD,BN.CAB.XOKA.GD.ZS,1992,
SSD,BN.CAB.XOKA.GD.ZS,1991,
SSD,BN.CAB.XOKA.GD.ZS,1990,
SSD,BN.CAB.XOKA.GD.ZS,1989,
SSD,BN.CAB.XOKA.GD.ZS,1988,
SSD,BN.CAB.XOKA.GD.ZS,1987,
SSD,BN.CAB.XOKA.GD.ZS,1986,
SSD,BN.CAB.XOKA.GD.ZS,1985,
SSD,BN.CAB.XOKA.GD.ZS,1984,
SSD,BN.CAB.XOKA.GD.ZS,1983,
SSD,BN.CAB.XOKA.GD.ZS,1982,
SSD,BN.CAB.XOKA.GD.ZS,1981,
SSD,BN.CAB.XOKA.GD.ZS,1980,
SSD,BN.CAB.XOKA.GD.ZS,1979,
SSD,BN.CAB.XOKA.GD.ZS,1978,
SSD,BN.CAB.XOKA.GD.ZS,1977,
SSD,BN.CAB.XOKA.GD.ZS,1976,
SSD,BN.CAB.XOKA.GD.ZS,1975,
SSD,BN.CAB.XOKA.GD.ZS,1974,
SSD,BN.CAB.XOKA.GD.ZS,1973,
SSD,BN.CAB.XOKA.GD.ZS,1972,
SSD,BN.CAB.XOKA.GD.ZS,1971,
SSD,BN.CAB.XOKA.GD.ZS,1970,
SSD,BN.CAB.XOKA.GD.ZS,1969,
SSD,BN.CAB.XOKA.GD.ZS,1968,
SSD,BN.CAB.XOKA.GD.ZS,1967,
SSD,BN.CAB.XOKA.GD.ZS,1966,
SSD,BN.CAB.XOKA.GD.ZS,1965,
SSD,BN.CAB.XOKA.GD.ZS,1964,
SSD,BN.CAB.XOKA.GD.ZS,1963,
SSD,BN.CAB.XOKA.GD.ZS,1962,
SSD,BN.CAB.XOKA.GD.ZS,1961,
SSD,BN.CAB.XOKA.GD.ZS,1960,
ESP,BN.CAB.XOKA.GD.ZS,2025,
ESP,BN.CAB.XOKA.GD.ZS,2024,3.18327391138732
ESP,BN.CAB.XOKA.GD.ZS,2023,2.73246084042226
ESP,BN.CAB.XOKA.GD.ZS,2022,0.379418337465124
ESP,BN.CAB.XOKA.GD.ZS,2021,0.765004613238448
ESP,BN.CAB.XOKA.GD.ZS,2020,0.819280213926566
ESP,BN.CAB.XOKA.GD.ZS,2019,2.11978917805626
ESP,BN.CAB.XOKA.GD.ZS,2018,1.86142647160726
ESP,BN.CAB.XOKA.GD.ZS,2017,2.82857699785742
ESP,BN.CAB.XOKA.GD.ZS,2016,3.15808866042231
ESP,BN.CAB.XOKA.GD.ZS,2015,2.03697429462383
ESP,BN.CAB.XOKA.GD.ZS,2014,1.73595007328569
ESP,BN.CAB.XOKA.GD.ZS,2013,2.07791536141213
ESP,BN.CAB.XOKA.GD.ZS,2012,0.125923054524352
ESP,BN.CAB.XOKA.GD.ZS,2011,-2.58929008588059
ESP,BN.CAB.XOKA.GD.ZS,2010,-3.57734356702049
ESP,BN.CAB.XOKA.GD.ZS,2009,-3.94046083652282
ESP,BN.CAB.XOKA.GD.ZS,2008,-8.8166948769233
ESP,BN.CAB.XOKA.GD.ZS,2007,-9.36792330694923
ESP,BN.CAB.XOKA.GD.ZS,2006,-8.79382150381904
ESP,BN.CAB.XOKA.GD.ZS,2005,-7.21356556640438
ESP,BN.CAB.XOKA.GD.ZS,2004,-5.42400165587703
ESP,BN.CAB.XOKA.GD.ZS,2003,-3.80656644846324
ESP,BN.CAB.XOKA.GD.ZS,2002,-3.6345919631106
ESP,BN.CAB.XOKA.GD.ZS,2001,-4.3292603031356
ESP,BN.CAB.XOKA.GD.ZS,2000,-4.25952269013291
ESP,BN.CAB.XOKA.GD.ZS,1999,-3.21736413464958
ESP,BN.CAB.XOKA.GD.ZS,1998,-1.17199231308045
ESP,BN.CAB.XOKA.GD.ZS,1997,-0.140683569181923
ESP,BN.CAB.XOKA.GD.ZS,1996,-0.347834725925519
ESP,BN.CAB.XOKA.GD.ZS,1995,-0.320247040380478
ESP,BN.CAB.XOKA.GD.ZS,1994,-1.20512004003852
ESP,BN.CAB.XOKA.GD.ZS,1993,-1.1061129789544
ESP,BN.CAB.XOKA.GD.ZS,1992,-3.41608226616749
ESP,BN.CAB.XOKA.GD.ZS,1991,-3.43260470559267
ESP,BN.CAB.XOKA.GD.ZS,1990,-3.35886586768217
ESP,BN.CAB.XOKA.GD.ZS,1989,-2.635822608323
ESP,BN.CAB.XOKA.GD.ZS,1988,-1.00972940326339
ESP,BN.CAB.XOKA.GD.ZS,1987,-0.0827164831002587
ESP,BN.CAB.XOKA.GD.ZS,1986,1.55857677158017
ESP,BN.CAB.XOKA.GD.ZS,1985,1.54179312982114
ESP,BN.CAB.XOKA.GD.ZS,1984,1.03360919597487
ESP,BN.CAB.XOKA.GD.ZS,1983,-1.76386517415544
ESP,BN.CAB.XOKA.GD.ZS,1982,-2.32222961238958
ESP,BN.CAB.XOKA.GD.ZS,1981,-2.64636721046838
ESP,BN.CAB.XOKA.GD.ZS,1980,-2.3989622888185
ESP,BN.CAB.XOKA.GD.ZS,1979,0.352780168130571
ESP,BN.CAB.XOKA.GD.ZS,1978,0.779412899279618
ESP,BN.CAB.XOKA.GD.ZS,1977,-1.85502527118762
ESP,BN.CAB.XOKA.GD.ZS,1976,-3.90334975810331
ESP,BN.CAB.XOKA.GD.ZS,1975,-3.39422081591836
ESP,BN.CAB.XOKA.GD.ZS,1974,
ESP,BN.CAB.XOKA.GD.ZS,1973,
ESP,BN.CAB.XOKA.GD.ZS,1972,
ESP,BN.CAB.XOKA.GD.ZS,1971,
ESP,BN.CAB.XOKA.GD.ZS,1970,
ESP,BN.CAB.XOKA.GD.ZS,1969,
ESP,BN.CAB.XOKA.GD.ZS,1968,
ESP,BN.CAB.XOKA.GD.ZS,1967,
ESP,BN.CAB.XOKA.GD.ZS,1966,
ESP,BN.CAB.XOKA.GD.ZS,1965,
ESP,BN.CAB.XOKA.GD.ZS,1964,
ESP,BN.CAB.XOKA.GD.ZS,1963,
ESP,BN.CAB.XOKA.GD.ZS,1962,
ESP,BN.CAB.XOKA.GD.ZS,1961,
ESP,BN.CAB.XOKA.GD.ZS,1960,
LKA,BN.CAB.XOKA.GD.ZS,2025,
LKA,BN.CAB.XOKA.GD.ZS,2024,1.21846968715026
LKA,BN.CAB.XOKA.GD.ZS,2023,1.71904084626906
LKA,BN.CAB.XOKA.GD.ZS,2022,-1.95359411175867
LKA,BN.CAB.XOKA.GD.ZS,2021,-3.70866603778748
LKA,BN.CAB.XOKA.GD.ZS,2020,-1.40761494671391
LKA,BN.CAB.XOKA.GD.ZS,2019,-2.07126631371234
LKA,BN.CAB.XOKA.GD.ZS,2018,-2.96352841915778
LKA,BN.CAB.XOKA.GD.ZS,2017,-2.44676435306533
LKA,BN.CAB.XOKA.GD.ZS,2016,-1.9799949250478
LKA,BN.CAB.XOKA.GD.ZS,2015,-2.21267766202146
LKA,BN.CAB.XOKA.GD.ZS,2014,-2.40840557987842
LKA,BN.CAB.XOKA.GD.ZS,2013,-3.3004682319038
LKA,BN.CAB.XOKA.GD.ZS,2012,-5.69099818625964
LKA,BN.CAB.XOKA.GD.ZS,2011,-6.81209765536977
LKA,BN.CAB.XOKA.GD.ZS,2010,-1.83339432034317
LKA,BN.CAB.XOKA.GD.ZS,2009,-0.510385718302903
LKA,BN.CAB.XOKA.GD.ZS,2008,-9.54319542329735
LKA,BN.CAB.XOKA.GD.ZS,2007,-4.33041626176129
LKA,BN.CAB.XOKA.GD.ZS,2006,-5.29942775531871
LKA,BN.CAB.XOKA.GD.ZS,2005,-2.66382240513017
LKA,BN.CAB.XOKA.GD.ZS,2004,-3.1340311530145
LKA,BN.CAB.XOKA.GD.ZS,2003,-0.374541248460878
LKA,BN.CAB.XOKA.GD.ZS,2002,-1.42925945944237
LKA,BN.CAB.XOKA.GD.ZS,2001,-1.36821186331088
LKA,BN.CAB.XOKA.GD.ZS,2000,-6.28823142949348
LKA,BN.CAB.XOKA.GD.ZS,1999,-3.57275187551122
LKA,BN.CAB.XOKA.GD.ZS,1998,-1.44447657761178
LKA,BN.CAB.XOKA.GD.ZS,1997,-2.61516855545627
LKA,BN.CAB.XOKA.GD.ZS,1996,-4.91199982756748
LKA,BN.CAB.XOKA.GD.ZS,1995,-5.90910994846491
LKA,BN.CAB.XOKA.GD.ZS,1994,-6.46387915946704
LKA,BN.CAB.XOKA.GD.ZS,1993,-3.69702621240226
LKA,BN.CAB.XOKA.GD.ZS,1992,-4.6445676126182
LKA,BN.CAB.XOKA.GD.ZS,1991,-6.60834436461148
LKA,BN.CAB.XOKA.GD.ZS,1990,-3.71364846145227
LKA,BN.CAB.XOKA.GD.ZS,1989,-5.92088186722557
LKA,BN.CAB.XOKA.GD.ZS,1988,-5.65273419241547
LKA,BN.CAB.XOKA.GD.ZS,1987,-4.87947833303538
LKA,BN.CAB.XOKA.GD.ZS,1986,-6.51148135328219
LKA,BN.CAB.XOKA.GD.ZS,1985,-6.9992975801459
LKA,BN.CAB.XOKA.GD.ZS,1984,0.014543099555577
LKA,BN.CAB.XOKA.GD.ZS,1983,-9.01719279132172
LKA,BN.CAB.XOKA.GD.ZS,1982,-11.4981206132982
LKA,BN.CAB.XOKA.GD.ZS,1981,-10.0643587786612
LKA,BN.CAB.XOKA.GD.ZS,1980,-16.2823508694656
LKA,BN.CAB.XOKA.GD.ZS,1979,-6.72615211317088
LKA,BN.CAB.XOKA.GD.ZS,1978,-2.39905798045042
LKA,BN.CAB.XOKA.GD.ZS,1977,3.46430690944804
LKA,BN.CAB.XOKA.GD.ZS,1976,-0.165507109315176
LKA,BN.CAB.XOKA.GD.ZS,1975,-2.90217764368681
LKA,BN.CAB.XOKA.GD.ZS,1974,
LKA,BN.CAB.XOKA.GD.ZS,1973,
LKA,BN.CAB.XOKA.GD.ZS,1972,
LKA,BN.CAB.XOKA.GD.ZS,1971,
LKA,BN.CAB.XOKA.GD.ZS,1970,
LKA,BN.CAB.XOKA.GD.ZS,1969,
LKA,BN.CAB.XOKA.GD.ZS,1968,
LKA,BN.CAB.XOKA.GD.ZS,1967,
LKA,BN.CAB.XOKA.GD.ZS,1966,
LKA,BN.CAB.XOKA.GD.ZS,1965,
LKA,BN.CAB.XOKA.GD.ZS,1964,
LKA,BN.CAB.XOKA.GD.ZS,1963,
LKA,BN.CAB.XOKA.GD.ZS,1962,
LKA,BN.CAB.XOKA.GD.ZS,1961,
LKA,BN.CAB.XOKA.GD.ZS,1960,
KNA,BN.CAB.XOKA.GD.ZS,2025,
KNA,BN.CAB.XOKA.GD.ZS,2024,-15.0768450560147
KNA,BN.CAB.XOKA.GD.ZS,2023,-11.5934492642776
KNA,BN.CAB.XOKA.GD.ZS,2022,-11.3798541432377
KNA,BN.CAB.XOKA.GD.ZS,2021,-3.35211367910692
KNA,BN.CAB.XOKA.GD.ZS,2020,-10.8380413895977
KNA,BN.CAB.XOKA.GD.ZS,2019,-4.78511635759442
KNA,BN.CAB.XOKA.GD.ZS,2018,-5.84580153302049
KNA,BN.CAB.XOKA.GD.ZS,2017,-10.2532816485857
KNA,BN.CAB.XOKA.GD.ZS,2016,-12.0811606049124
KNA,BN.CAB.XOKA.GD.ZS,2015,-8.10718614819114
KNA,BN.CAB.XOKA.GD.ZS,2014,0.698262924495273
KNA,BN.CAB.XOKA.GD.ZS,2013,-2.86459110864067
KNA,BN.CAB.XOKA.GD.ZS,2012,-3.12891542335695
KNA,BN.CAB.XOKA.GD.ZS,2011,-7.81462598635504
KNA,BN.CAB.XOKA.GD.ZS,2010,-15.3287283630879
KNA,BN.CAB.XOKA.GD.ZS,2009,-21.1253307397586
KNA,BN.CAB.XOKA.GD.ZS,2008,-17.1935240173318
KNA,BN.CAB.XOKA.GD.ZS,2007,-13.8968818612708
KNA,BN.CAB.XOKA.GD.ZS,2006,-11.0598682210987
KNA,BN.CAB.XOKA.GD.ZS,2005,-7.23180980362048
KNA,BN.CAB.XOKA.GD.ZS,2004,-7.70263043844735
KNA,BN.CAB.XOKA.GD.ZS,2003,-17.7390647418292
KNA,BN.CAB.XOKA.GD.ZS,2002,-19.9706256978221
KNA,BN.CAB.XOKA.GD.ZS,2001,-22.5205550309293
KNA,BN.CAB.XOKA.GD.ZS,2000,-25.4692655371034
KNA,BN.CAB.XOKA.GD.ZS,1999,-16.5265722023142
KNA,BN.CAB.XOKA.GD.ZS,1998,-12.082588802043
KNA,BN.CAB.XOKA.GD.ZS,1997,-16.1260420377627
KNA,BN.CAB.XOKA.GD.ZS,1996,-19.4876060555648
KNA,BN.CAB.XOKA.GD.ZS,1995,-14.5024279013717
KNA,BN.CAB.XOKA.GD.ZS,1994,-8.23284353707352
KNA,BN.CAB.XOKA.GD.ZS,1993,-11.1045580925099
KNA,BN.CAB.XOKA.GD.ZS,1992,-6.19330957370329
KNA,BN.CAB.XOKA.GD.ZS,1991,-16.1371040875961
KNA,BN.CAB.XOKA.GD.ZS,1990,-21.6195022161609
KNA,BN.CAB.XOKA.GD.ZS,1989,-19.9326664101577
KNA,BN.CAB.XOKA.GD.ZS,1988,-15.9392626589744
KNA,BN.CAB.XOKA.GD.ZS,1987,-10.9069487616565
KNA,BN.CAB.XOKA.GD.ZS,1986,-6.80742525152331
KNA,BN.CAB.XOKA.GD.ZS,1985,-6.01561457360202
KNA,BN.CAB.XOKA.GD.ZS,1984,-4.39845246591293
KNA,BN.CAB.XOKA.GD.ZS,1983,-16.9679399727148
KNA,BN.CAB.XOKA.GD.ZS,1982,-10.1394988375097
KNA,BN.CAB.XOKA.GD.ZS,1981,-5.8058608058608
KNA,BN.CAB.XOKA.GD.ZS,1980,-3.88985068167063
KNA,BN.CAB.XOKA.GD.ZS,1979,
KNA,BN.CAB.XOKA.GD.ZS,1978,
KNA,BN.CAB.XOKA.GD.ZS,1977,
KNA,BN.CAB.XOKA.GD.ZS,1976,
KNA,BN.CAB.XOKA.GD.ZS,1975,
KNA,BN.CAB.XOKA.GD.ZS,1974,
KNA,BN.CAB.XOKA.GD.ZS,1973,
KNA,BN.CAB.XOKA.GD.ZS,1972,
KNA,BN.CAB.XOKA.GD.ZS,1971,
KNA,BN.CAB.XOKA.GD.ZS,1970,
KNA,BN.CAB.XOKA.GD.ZS,1969,
KNA,BN.CAB.XOKA.GD.ZS,1968,
KNA,BN.CAB.XOKA.GD.ZS,1967,
KNA,BN.CAB.XOKA.GD.ZS,1966,
KNA,BN.CAB.XOKA.GD.ZS,1965,
KNA,BN.CAB.XOKA.GD.ZS,1964,
KNA,BN.CAB.XOKA.GD.ZS,1963,
KNA,BN.CAB.XOKA.GD.ZS,1962,
KNA,BN.CAB.XOKA.GD.ZS,1961,
KNA,BN.CAB.XOKA.GD.ZS,1960,
LCA,BN.CAB.XOKA.GD.ZS,2025,
LCA,BN.CAB.XOKA.GD.ZS,2024,-2.5154865186481
LCA,BN.CAB.XOKA.GD.ZS,2023,-1.56652899892554
LCA,BN.CAB.XOKA.GD.ZS,2022,-3.56175167145429
LCA,BN.CAB.XOKA.GD.ZS,2021,-11.29638136232
LCA,BN.CAB.XOKA.GD.ZS,2020,-18.9396185808441
LCA,BN.CAB.XOKA.GD.ZS,2019,3.32566372009906
LCA,BN.CAB.XOKA.GD.ZS,2018,1.47239642153267
LCA,BN.CAB.XOKA.GD.ZS,2017,-1.90842804054587
LCA,BN.CAB.XOKA.GD.ZS,2016,-6.33820254412729
LCA,BN.CAB.XOKA.GD.ZS,2015,-0.477234056484728
LCA,BN.CAB.XOKA.GD.ZS,2014,-2.42897703597573
LCA,BN.CAB.XOKA.GD.ZS,2013,-6.53053409169977
LCA,BN.CAB.XOKA.GD.ZS,2012,-10.0247004570207
LCA,BN.CAB.XOKA.GD.ZS,2011,-14.3071211652342
LCA,BN.CAB.XOKA.GD.ZS,2010,-12.6704280191935
LCA,BN.CAB.XOKA.GD.ZS,2009,-8.46949402978313
LCA,BN.CAB.XOKA.GD.ZS,2008,-24.2393485824395
LCA,BN.CAB.XOKA.GD.ZS,2007,-18.3824804800027
LCA,BN.CAB.XOKA.GD.ZS,2006,-29.3295746576677
LCA,BN.CAB.XOKA.GD.ZS,2005,-15.5065043802058
LCA,BN.CAB.XOKA.GD.ZS,2004,-14.87434137709
LCA,BN.CAB.XOKA.GD.ZS,2003,-20.9315483729512
LCA,BN.CAB.XOKA.GD.ZS,2002,-17.6189580491341
LCA,BN.CAB.XOKA.GD.ZS,2001,-18.8265127326629
LCA,BN.CAB.XOKA.GD.ZS,2000,-17.8343762887704
LCA,BN.CAB.XOKA.GD.ZS,1999,-12.0397750100441
LCA,BN.CAB.XOKA.GD.ZS,1998,-6.85647952722667
LCA,BN.CAB.XOKA.GD.ZS,1997,-9.7642463235294
LCA,BN.CAB.XOKA.GD.ZS,1996,-7.33239436619718
LCA,BN.CAB.XOKA.GD.ZS,1995,-4.74708737864078
LCA,BN.CAB.XOKA.GD.ZS,1994,-6.77841203943953
LCA,BN.CAB.XOKA.GD.ZS,1993,-7.32612222823147
LCA,BN.CAB.XOKA.GD.ZS,1992,-8.31318681318681
LCA,BN.CAB.XOKA.GD.ZS,1991,-11.7073023536512
LCA,BN.CAB.XOKA.GD.ZS,1990,-9.84153354632587
LCA,BN.CAB.XOKA.GD.ZS,1989,-12.9984779299848
LCA,BN.CAB.XOKA.GD.ZS,1988,-4.16982758620689
LCA,BN.CAB.XOKA.GD.ZS,1987,-3.81163708086785
LCA,BN.CAB.XOKA.GD.ZS,1986,-1.96514161220044
LCA,BN.CAB.XOKA.GD.ZS,1985,-4.39453125
LCA,BN.CAB.XOKA.GD.ZS,1984,-5.32842415316642
LCA,BN.CAB.XOKA.GD.ZS,1983,-2.49248120300752
LCA,BN.CAB.XOKA.GD.ZS,1982,-16.8
LCA,BN.CAB.XOKA.GD.ZS,1981,-20.4685714285714
LCA,BN.CAB.XOKA.GD.ZS,1980,-19.545652173913
LCA,BN.CAB.XOKA.GD.ZS,1979,
LCA,BN.CAB.XOKA.GD.ZS,1978,
LCA,BN.CAB.XOKA.GD.ZS,1977,
LCA,BN.CAB.XOKA.GD.ZS,1976,
LCA,BN.CAB.XOKA.GD.ZS,1975,
LCA,BN.CAB.XOKA.GD.ZS,1974,
LCA,BN.CAB.XOKA.GD.ZS,1973,
LCA,BN.CAB.XOKA.GD.ZS,1972,
LCA,BN.CAB.XOKA.GD.ZS,1971,
LCA,BN.CAB.XOKA.GD.ZS,1970,
LCA,BN.CAB.XOKA.GD.ZS,1969,
LCA,BN.CAB.XOKA.GD.ZS,1968,
LCA,BN.CAB.XOKA.GD.ZS,1967,
LCA,BN.CAB.XOKA.GD.ZS,1966,
LCA,BN.CAB.XOKA.GD.ZS,1965,
LCA,BN.CAB.XOKA.GD.ZS,1964,
LCA,BN.CAB.XOKA.GD.ZS,1963,
LCA,BN.CAB.XOKA.GD.ZS,1962,
LCA,BN.CAB.XOKA.GD.ZS,1961,
LCA,BN.CAB.XOKA.GD.ZS,1960,
MAF,BN.CAB.XOKA.GD.ZS,2025,
MAF,BN.CAB.XOKA.GD.ZS,2024,
MAF,BN.CAB.XOKA.GD.ZS,2023,
MAF,BN.CAB.XOKA.GD.ZS,2022,
MAF,BN.CAB.XOKA.GD.ZS,2021,
MAF,BN.CAB.XOKA.GD.ZS,2020,
MAF,BN.CAB.XOKA.GD.ZS,2019,
MAF,BN.CAB.XOKA.GD.ZS,2018,
MAF,BN.CAB.XOKA.GD.ZS,2017,
MAF,BN.CAB.XOKA.GD.ZS,2016,
MAF,BN.CAB.XOKA.GD.ZS,2015,
MAF,BN.CAB.XOKA.GD.ZS,2014,
MAF,BN.CAB.XOKA.GD.ZS,2013,
MAF,BN.CAB.XOKA.GD.ZS,2012,
MAF,BN.CAB.XOKA.GD.ZS,2011,
MAF,BN.CAB.XOKA.GD.ZS,2010,
MAF,BN.CAB.XOKA.GD.ZS,2009,
MAF,BN.CAB.XOKA.GD.ZS,2008,
MAF,BN.CAB.XOKA.GD.ZS,2007,
MAF,BN.CAB.XOKA.GD.ZS,2006,
MAF,BN.CAB.XOKA.GD.ZS,2005,
MAF,BN.CAB.XOKA.GD.ZS,2004,
MAF,BN.CAB.XOKA.GD.ZS,2003,
MAF,BN.CAB.XOKA.GD.ZS,2002,
MAF,BN.CAB.XOKA.GD.ZS,2001,
MAF,BN.CAB.XOKA.GD.ZS,2000,
MAF,BN.CAB.XOKA.GD.ZS,1999,
MAF,BN.CAB.XOKA.GD.ZS,1998,
MAF,BN.CAB.XOKA.GD.ZS,1997,
MAF,BN.CAB.XOKA.GD.ZS,1996,
MAF,BN.CAB.XOKA.GD.ZS,1995,
MAF,BN.CAB.XOKA.GD.ZS,1994,
MAF,BN.CAB.XOKA.GD.ZS,1993,
MAF,BN.CAB.XOKA.GD.ZS,1992,
MAF,BN.CAB.XOKA.GD.ZS,1991,
MAF,BN.CAB.XOKA.GD.ZS,1990,
MAF,BN.CAB.XOKA.GD.ZS,1989,
MAF,BN.CAB.XOKA.GD.ZS,1988,
MAF,BN.CAB.XOKA.GD.ZS,1987,
MAF,BN.CAB.XOKA.GD.ZS,1986,
MAF,BN.CAB.XOKA.GD.ZS,1985,
MAF,BN.CAB.XOKA.GD.ZS,1984,
MAF,BN.CAB.XOKA.GD.ZS,1983,
MAF,BN.CAB.XOKA.GD.ZS,1982,
MAF,BN.CAB.XOKA.GD.ZS,1981,
MAF,BN.CAB.XOKA.GD.ZS,1980,
MAF,BN.CAB.XOKA.GD.ZS,1979,
MAF,BN.CAB.XOKA.GD.ZS,1978,
MAF,BN.CAB.XOKA.GD.ZS,1977,
MAF,BN.CAB.XOKA.GD.ZS,1976,
MAF,BN.CAB.XOKA.GD.ZS,1975,
MAF,BN.CAB.XOKA.GD.ZS,1974,
MAF,BN.CAB.XOKA.GD.ZS,1973,
MAF,BN.CAB.XOKA.GD.ZS,1972,
MAF,BN.CAB.XOKA.GD.ZS,1971,
MAF,BN.CAB.XOKA.GD.ZS,1970,
MAF,BN.CAB.XOKA.GD.ZS,1969,
MAF,BN.CAB.XOKA.GD.ZS,1968,
MAF,BN.CAB.XOKA.GD.ZS,1967,
MAF,BN.CAB.XOKA.GD.ZS,1966,
MAF,BN.CAB.XOKA.GD.ZS,1965,
MAF,BN.CAB.XOKA.GD.ZS,1964,
MAF,BN.CAB.XOKA.GD.ZS,1963,
MAF,BN.CAB.XOKA.GD.ZS,1962,
MAF,BN.CAB.XOKA.GD.ZS,1961,
MAF,BN.CAB.XOKA.GD.ZS,1960,
VCT,BN.CAB.XOKA.GD.ZS,2025,
VCT,BN.CAB.XOKA.GD.ZS,2024,-13.5316272891955
VCT,BN.CAB.XOKA.GD.ZS,2023,-16.8274733682435
VCT,BN.CAB.XOKA.GD.ZS,2022,-20.1910025797417
VCT,BN.CAB.XOKA.GD.ZS,2021,-23.2111023451403
VCT,BN.CAB.XOKA.GD.ZS,2020,-15.8942170558575
VCT,BN.CAB.XOKA.GD.ZS,2019,-2.38815343936867
VCT,BN.CAB.XOKA.GD.ZS,2018,-10.3037962472728
VCT,BN.CAB.XOKA.GD.ZS,2017,-11.8946710104421
VCT,BN.CAB.XOKA.GD.ZS,2016,-13.083380397797
VCT,BN.CAB.XOKA.GD.ZS,2015,-15.5812824807682
VCT,BN.CAB.XOKA.GD.ZS,2014,-25.2076799475114
VCT,BN.CAB.XOKA.GD.ZS,2013,-24.7266517767588
VCT,BN.CAB.XOKA.GD.ZS,2012,-25.3027530049806
VCT,BN.CAB.XOKA.GD.ZS,2011,-22.332258031627
VCT,BN.CAB.XOKA.GD.ZS,2010,-26.3254736856599
VCT,BN.CAB.XOKA.GD.ZS,2009,-25.6757501478007
VCT,BN.CAB.XOKA.GD.ZS,2008,-31.3887476104186
VCT,BN.CAB.XOKA.GD.ZS,2007,-21.3718200786995
VCT,BN.CAB.XOKA.GD.ZS,2006,-16.4580193516627
VCT,BN.CAB.XOKA.GD.ZS,2005,-14.032989246926
VCT,BN.CAB.XOKA.GD.ZS,2004,-13.3113071409128
VCT,BN.CAB.XOKA.GD.ZS,2003,-8.40936238282576
VCT,BN.CAB.XOKA.GD.ZS,2002,-3.64768298215969
VCT,BN.CAB.XOKA.GD.ZS,2001,-5.53237309873477
VCT,BN.CAB.XOKA.GD.ZS,2000,-6.88016747198498
VCT,BN.CAB.XOKA.GD.ZS,1999,-17.3621248601816
VCT,BN.CAB.XOKA.GD.ZS,1998,-24.7013689939233
VCT,BN.CAB.XOKA.GD.ZS,1997,-23.1719525442501
VCT,BN.CAB.XOKA.GD.ZS,1996,-9.93832540054969
VCT,BN.CAB.XOKA.GD.ZS,1995,-12.7212207871358
VCT,BN.CAB.XOKA.GD.ZS,1994,-19.5334493525106
VCT,BN.CAB.XOKA.GD.ZS,1993,-15.3241141999663
VCT,BN.CAB.XOKA.GD.ZS,1992,-8.69443556124078
VCT,BN.CAB.XOKA.GD.ZS,1991,-17.9291901633626
VCT,BN.CAB.XOKA.GD.ZS,1990,-9.79984283270927
VCT,BN.CAB.XOKA.GD.ZS,1989,-13.8131098074483
VCT,BN.CAB.XOKA.GD.ZS,1988,-8.36405313076819
VCT,BN.CAB.XOKA.GD.ZS,1987,-11.5257788007127
VCT,BN.CAB.XOKA.GD.ZS,1986,-6.3391409604657
VCT,BN.CAB.XOKA.GD.ZS,1985,2.54048110415585
VCT,BN.CAB.XOKA.GD.ZS,1984,-0.740603658965543
VCT,BN.CAB.XOKA.GD.ZS,1983,-2.12669630235131
VCT,BN.CAB.XOKA.GD.ZS,1982,-9.50220229475025
VCT,BN.CAB.XOKA.GD.ZS,1981,-0.783648858904226
VCT,BN.CAB.XOKA.GD.ZS,1980,-11.2945854265744
VCT,BN.CAB.XOKA.GD.ZS,1979,-5.06355039660806
VCT,BN.CAB.XOKA.GD.ZS,1978,4.43752180221724
VCT,BN.CAB.XOKA.GD.ZS,1977,
VCT,BN.CAB.XOKA.GD.ZS,1976,
VCT,BN.CAB.XOKA.GD.ZS,1975,
VCT,BN.CAB.XOKA.GD.ZS,1974,
VCT,BN.CAB.XOKA.GD.ZS,1973,
VCT,BN.CAB.XOKA.GD.ZS,1972,
VCT,BN.CAB.XOKA.GD.ZS,1971,
VCT,BN.CAB.XOKA.GD.ZS,1970,
VCT,BN.CAB.XOKA.GD.ZS,1969,
VCT,BN.CAB.XOKA.GD.ZS,1968,
VCT,BN.CAB.XOKA.GD.ZS,1967,
VCT,BN.CAB.XOKA.GD.ZS,1966,
VCT,BN.CAB.XOKA.GD.ZS,1965,
VCT,BN.CAB.XOKA.GD.ZS,1964,
VCT,BN.CAB.XOKA.GD.ZS,1963,
VCT,BN.CAB.XOKA.GD.ZS,1962,
VCT,BN.CAB.XOKA.GD.ZS,1961,
VCT,BN.CAB.XOKA.GD.ZS,1960,
SDN,BN.CAB.XOKA.GD.ZS,2025,
SDN,BN.CAB.XOKA.GD.ZS,2024,
SDN,BN.CAB.XOKA.GD.ZS,2023,
SDN,BN.CAB.XOKA.GD.ZS,2022,-8.59889945377348
SDN,BN.CAB.XOKA.GD.ZS,2021,-7.65468962500371
SDN,BN.CAB.XOKA.GD.ZS,2020,-21.6064794369516
SDN,BN.CAB.XOKA.GD.ZS,2019,-14.7808388986177
SDN,BN.CAB.XOKA.GD.ZS,2018,-14.4693934170139
SDN,BN.CAB.XOKA.GD.ZS,2017,-11.1697054533751
SDN,BN.CAB.XOKA.GD.ZS,2016,-9.88346111101847
SDN,BN.CAB.XOKA.GD.ZS,2015,-10.5569345811594
SDN,BN.CAB.XOKA.GD.ZS,2014,-7.16013618473832
SDN,BN.CAB.XOKA.GD.ZS,2013,-13.5321488136858
SDN,BN.CAB.XOKA.GD.ZS,2012,-16.6318777556219
SDN,BN.CAB.XOKA.GD.ZS,2011,-4.82188496528231
SDN,BN.CAB.XOKA.GD.ZS,2010,-2.92618988919934
SDN,BN.CAB.XOKA.GD.ZS,2009,-9.54372816963053
SDN,BN.CAB.XOKA.GD.ZS,2008,-5.54326957101499
SDN,BN.CAB.XOKA.GD.ZS,2007,-6.05172200816878
SDN,BN.CAB.XOKA.GD.ZS,2006,-14.3510830891701
SDN,BN.CAB.XOKA.GD.ZS,2005,-7.02825381106123
SDN,BN.CAB.XOKA.GD.ZS,2004,-3.07074148971241
SDN,BN.CAB.XOKA.GD.ZS,2003,-4.39506852023541
SDN,BN.CAB.XOKA.GD.ZS,2002,-5.36777365828637
SDN,BN.CAB.XOKA.GD.ZS,2001,-3.32074310136626
SDN,BN.CAB.XOKA.GD.ZS,2000,-4.22360581869545
SDN,BN.CAB.XOKA.GD.ZS,1999,-4.03575038645252
SDN,BN.CAB.XOKA.GD.ZS,1998,-8.50205479843779
SDN,BN.CAB.XOKA.GD.ZS,1997,-7.08918356865189
SDN,BN.CAB.XOKA.GD.ZS,1996,-9.1674698509357
SDN,BN.CAB.XOKA.GD.ZS,1995,-3.61451082283543
SDN,BN.CAB.XOKA.GD.ZS,1994,-4.70306122903388
SDN,BN.CAB.XOKA.GD.ZS,1993,-2.27688184025583
SDN,BN.CAB.XOKA.GD.ZS,1992,-7.19802492628453
SDN,BN.CAB.XOKA.GD.ZS,1991,-2.16146427982124
SDN,BN.CAB.XOKA.GD.ZS,1990,-1.10651646908535
SDN,BN.CAB.XOKA.GD.ZS,1989,-0.696130028867559
SDN,BN.CAB.XOKA.GD.ZS,1988,-2.49069316427513
SDN,BN.CAB.XOKA.GD.ZS,1987,-1.89658915143538
SDN,BN.CAB.XOKA.GD.ZS,1986,-0.209389972060702
SDN,BN.CAB.XOKA.GD.ZS,1985,1.9047457359522
SDN,BN.CAB.XOKA.GD.ZS,1984,0.349211416301136
SDN,BN.CAB.XOKA.GD.ZS,1983,-2.59704654099343
SDN,BN.CAB.XOKA.GD.ZS,1982,-2.79521644599392
SDN,BN.CAB.XOKA.GD.ZS,1981,-5.99616665639829
SDN,BN.CAB.XOKA.GD.ZS,1980,-3.53012383693503
SDN,BN.CAB.XOKA.GD.ZS,1979,-3.04598767480107
SDN,BN.CAB.XOKA.GD.ZS,1978,-1.33933240999377
SDN,BN.CAB.XOKA.GD.ZS,1977,-1.18053722048488
SDN,BN.CAB.XOKA.GD.ZS,1976,
SDN,BN.CAB.XOKA.GD.ZS,1975,
SDN,BN.CAB.XOKA.GD.ZS,1974,
SDN,BN.CAB.XOKA.GD.ZS,1973,
SDN,BN.CAB.XOKA.GD.ZS,1972,
SDN,BN.CAB.XOKA.GD.ZS,1971,
SDN,BN.CAB.XOKA.GD.ZS,1970,
SDN,BN.CAB.XOKA.GD.ZS,1969,
SDN,BN.CAB.XOKA.GD.ZS,1968,
SDN,BN.CAB.XOKA.GD.ZS,1967,
SDN,BN.CAB.XOKA.GD.ZS,1966,
SDN,BN.CAB.XOKA.GD.ZS,1965,
SDN,BN.CAB.XOKA.GD.ZS,1964,
SDN,BN.CAB.XOKA.GD.ZS,1963,
SDN,BN.CAB.XOKA.GD.ZS,1962,
SDN,BN.CAB.XOKA.GD.ZS,1961,
SDN,BN.CAB.XOKA.GD.ZS,1960,
SUR,BN.CAB.XOKA.GD.ZS,2025,
SUR,BN.CAB.XOKA.GD.ZS,2024,0.210701272128564
SUR,BN.CAB.XOKA.GD.ZS,2023,4.26520868238707
SUR,BN.CAB.XOKA.GD.ZS,2022,2.01288430178227
SUR,BN.CAB.XOKA.GD.ZS,2021,5.66881725385778
SUR,BN.CAB.XOKA.GD.ZS,2020,8.92387981171874
SUR,BN.CAB.XOKA.GD.ZS,2019,-11.1616172949162
SUR,BN.CAB.XOKA.GD.ZS,2018,-2.97065426623084
SUR,BN.CAB.XOKA.GD.ZS,2017,1.92551128292716
SUR,BN.CAB.XOKA.GD.ZS,2016,-4.83755000193211
SUR,BN.CAB.XOKA.GD.ZS,2015,-15.3413674981336
SUR,BN.CAB.XOKA.GD.ZS,2014,-7.94454297839104
SUR,BN.CAB.XOKA.GD.ZS,2013,-3.80907333945481
SUR,BN.CAB.XOKA.GD.ZS,2012,3.26046699609317
SUR,BN.CAB.XOKA.GD.ZS,2011,9.7530323873173
SUR,BN.CAB.XOKA.GD.ZS,2010,14.8990514000174
SUR,BN.CAB.XOKA.GD.ZS,2009,2.87195431472081
SUR,BN.CAB.XOKA.GD.ZS,2008,9.21887502577851
SUR,BN.CAB.XOKA.GD.ZS,2007,11.0501488649051
SUR,BN.CAB.XOKA.GD.ZS,2006,8.3993924507355
SUR,BN.CAB.XOKA.GD.ZS,2005,-8.17994588487446
SUR,BN.CAB.XOKA.GD.ZS,2004,
SUR,BN.CAB.XOKA.GD.ZS,2003,
SUR,BN.CAB.XOKA.GD.ZS,2002,
SUR,BN.CAB.XOKA.GD.ZS,2001,
SUR,BN.CAB.XOKA.GD.ZS,2000,
SUR,BN.CAB.XOKA.GD.ZS,1999,
SUR,BN.CAB.XOKA.GD.ZS,1998,
SUR,BN.CAB.XOKA.GD.ZS,1997,
SUR,BN.CAB.XOKA.GD.ZS,1996,
SUR,BN.CAB.XOKA.GD.ZS,1995,
SUR,BN.CAB.XOKA.GD.ZS,1994,
SUR,BN.CAB.XOKA.GD.ZS,1993,
SUR,BN.CAB.XOKA.GD.ZS,1992,
SUR,BN.CAB.XOKA.GD.ZS,1991,
SUR,BN.CAB.XOKA.GD.ZS,1990,
SUR,BN.CAB.XOKA.GD.ZS,1989,
SUR,BN.CAB.XOKA.GD.ZS,1988,
SUR,BN.CAB.XOKA.GD.ZS,1987,
SUR,BN.CAB.XOKA.GD.ZS,1986,
SUR,BN.CAB.XOKA.GD.ZS,1985,
SUR,BN.CAB.XOKA.GD.ZS,1984,
SUR,BN.CAB.XOKA.GD.ZS,1983,
SUR,BN.CAB.XOKA.GD.ZS,1982,
SUR,BN.CAB.XOKA.GD.ZS,1981,
SUR,BN.CAB.XOKA.GD.ZS,1980,
SUR,BN.CAB.XOKA.GD.ZS,1979,
SUR,BN.CAB.XOKA.GD.ZS,1978,
SUR,BN.CAB.XOKA.GD.ZS,1977,
SUR,BN.CAB.XOKA.GD.ZS,1976,
SUR,BN.CAB.XOKA.GD.ZS,1975,
SUR,BN.CAB.XOKA.GD.ZS,1974,
SUR,BN.CAB.XOKA.GD.ZS,1973,
SUR,BN.CAB.XOKA.GD.ZS,1972,
SUR,BN.CAB.XOKA.GD.ZS,1971,
SUR,BN.CAB.XOKA.GD.ZS,1970,
SUR,BN.CAB.XOKA.GD.ZS,1969,
SUR,BN.CAB.XOKA.GD.ZS,1968,
SUR,BN.CAB.XOKA.GD.ZS,1967,
SUR,BN.CAB.XOKA.GD.ZS,1966,
SUR,BN.CAB.XOKA.GD.ZS,1965,
SUR,BN.CAB.XOKA.GD.ZS,1964,
SUR,BN.CAB.XOKA.GD.ZS,1963,
SUR,BN.CAB.XOKA.GD.ZS,1962,
SUR,BN.CAB.XOKA.GD.ZS,1961,
SUR,BN.CAB.XOKA.GD.ZS,1960,
SWE,BN.CAB.XOKA.GD.ZS,2025,
SWE,BN.CAB.XOKA.GD.ZS,2024,5.92462158549718
SWE,BN.CAB.XOKA.GD.ZS,2023,5.81082632169192
SWE,BN.CAB.XOKA.GD.ZS,2022,4.01173158164649
SWE,BN.CAB.XOKA.GD.ZS,2021,6.21975179261631
SWE,BN.CAB.XOKA.GD.ZS,2020,5.60615176450581
SWE,BN.CAB.XOKA.GD.ZS,2019,5.18672004700676
SWE,BN.CAB.XOKA.GD.ZS,2018,2.08249358421542
SWE,BN.CAB.XOKA.GD.ZS,2017,2.18976179161859
SWE,BN.CAB.XOKA.GD.ZS,2016,2.01094417852559
SWE,BN.CAB.XOKA.GD.ZS,2015,2.71694586220694
SWE,BN.CAB.XOKA.GD.ZS,2014,3.44736840993781
SWE,BN.CAB.XOKA.GD.ZS,2013,4.70549381033489
SWE,BN.CAB.XOKA.GD.ZS,2012,5.53304332576063
SWE,BN.CAB.XOKA.GD.ZS,2011,5.51028500175062
SWE,BN.CAB.XOKA.GD.ZS,2010,5.92506783771235
SWE,BN.CAB.XOKA.GD.ZS,2009,5.96764869542421
SWE,BN.CAB.XOKA.GD.ZS,2008,7.92884141266609
SWE,BN.CAB.XOKA.GD.ZS,2007,8.14767813080376
SWE,BN.CAB.XOKA.GD.ZS,2006,8.15775334805554
SWE,BN.CAB.XOKA.GD.ZS,2005,6.02094308319674
SWE,BN.CAB.XOKA.GD.ZS,2004,5.9556796683309
SWE,BN.CAB.XOKA.GD.ZS,2003,5.85859579947661
SWE,BN.CAB.XOKA.GD.ZS,2002,4.65738421384444
SWE,BN.CAB.XOKA.GD.ZS,2001,6.17157591368188
SWE,BN.CAB.XOKA.GD.ZS,2000,4.44605675274443
SWE,BN.CAB.XOKA.GD.ZS,1999,3.92895025312135
SWE,BN.CAB.XOKA.GD.ZS,1998,3.52452706086273
SWE,BN.CAB.XOKA.GD.ZS,1997,2.76074697809112
SWE,BN.CAB.XOKA.GD.ZS,1996,2.01824534931766
SWE,BN.CAB.XOKA.GD.ZS,1995,1.84997529476704
SWE,BN.CAB.XOKA.GD.ZS,1994,0.324716704352822
SWE,BN.CAB.XOKA.GD.ZS,1993,-1.95597245054897
SWE,BN.CAB.XOKA.GD.ZS,1992,-3.10926994292047
SWE,BN.CAB.XOKA.GD.ZS,1991,-1.69925055089858
SWE,BN.CAB.XOKA.GD.ZS,1990,-2.42434625577459
SWE,BN.CAB.XOKA.GD.ZS,1989,-1.42496098502241
SWE,BN.CAB.XOKA.GD.ZS,1988,-0.258345436451603
SWE,BN.CAB.XOKA.GD.ZS,1987,-0.0116471129087745
SWE,BN.CAB.XOKA.GD.ZS,1986,0.0215380537869738
SWE,BN.CAB.XOKA.GD.ZS,1985,-0.886552009416811
SWE,BN.CAB.XOKA.GD.ZS,1984,0.674872939925306
SWE,BN.CAB.XOKA.GD.ZS,1983,-0.691242600496599
SWE,BN.CAB.XOKA.GD.ZS,1982,-2.87622075268027
SWE,BN.CAB.XOKA.GD.ZS,1981,-2.14483065484401
SWE,BN.CAB.XOKA.GD.ZS,1980,-3.05252581152367
SWE,BN.CAB.XOKA.GD.ZS,1979,-1.90644529878893
SWE,BN.CAB.XOKA.GD.ZS,1978,-0.183108304611842
SWE,BN.CAB.XOKA.GD.ZS,1977,-2.24779254597736
SWE,BN.CAB.XOKA.GD.ZS,1976,-1.79565239404449
SWE,BN.CAB.XOKA.GD.ZS,1975,-0.372216303068345
SWE,BN.CAB.XOKA.GD.ZS,1974,-0.80304433801005
SWE,BN.CAB.XOKA.GD.ZS,1973,2.44730745363189
SWE,BN.CAB.XOKA.GD.ZS,1972,1.19844310812173
SWE,BN.CAB.XOKA.GD.ZS,1971,0.878938664795667
SWE,BN.CAB.XOKA.GD.ZS,1970,-0.665736459940524
SWE,BN.CAB.XOKA.GD.ZS,1969,
SWE,BN.CAB.XOKA.GD.ZS,1968,
SWE,BN.CAB.XOKA.GD.ZS,1967,
SWE,BN.CAB.XOKA.GD.ZS,1966,
SWE,BN.CAB.XOKA.GD.ZS,1965,
SWE,BN.CAB.XOKA.GD.ZS,1964,
SWE,BN.CAB.XOKA.GD.ZS,1963,
SWE,BN.CAB.XOKA.GD.ZS,1962,
SWE,BN.CAB.XOKA.GD.ZS,1961,
SWE,BN.CAB.XOKA.GD.ZS,1960,
CHE,BN.CAB.XOKA.GD.ZS,2025,
CHE,BN.CAB.XOKA.GD.ZS,2024,7.68909869633693
CHE,BN.CAB.XOKA.GD.ZS,2023,5.89976590203143
CHE,BN.CAB.XOKA.GD.ZS,2022,9.28321179956918
CHE,BN.CAB.XOKA.GD.ZS,2021,7.67153133241718
CHE,BN.CAB.XOKA.GD.ZS,2020,0.447364685859183
CHE,BN.CAB.XOKA.GD.ZS,2019,4.10788534673467
CHE,BN.CAB.XOKA.GD.ZS,2018,6.11910384279992
CHE,BN.CAB.XOKA.GD.ZS,2017,5.31739432808418
CHE,BN.CAB.XOKA.GD.ZS,2016,7.22909989028111
CHE,BN.CAB.XOKA.GD.ZS,2015,9.19252436695628
CHE,BN.CAB.XOKA.GD.ZS,2014,7.45768731974455
CHE,BN.CAB.XOKA.GD.ZS,2013,10.2777052188642
CHE,BN.CAB.XOKA.GD.ZS,2012,9.420174912337
CHE,BN.CAB.XOKA.GD.ZS,2011,6.89626180837807
CHE,BN.CAB.XOKA.GD.ZS,2010,13.7637552846667
CHE,BN.CAB.XOKA.GD.ZS,2009,6.31578593186998
CHE,BN.CAB.XOKA.GD.ZS,2008,1.73936546385051
CHE,BN.CAB.XOKA.GD.ZS,2007,8.7710939994753
CHE,BN.CAB.XOKA.GD.ZS,2006,12.7744512326326
CHE,BN.CAB.XOKA.GD.ZS,2005,11.4042731060378
CHE,BN.CAB.XOKA.GD.ZS,2004,12.5267566706554
CHE,BN.CAB.XOKA.GD.ZS,2003,11.2839125641806
CHE,BN.CAB.XOKA.GD.ZS,2002,7.44432955080725
CHE,BN.CAB.XOKA.GD.ZS,2001,7.19741907544756
CHE,BN.CAB.XOKA.GD.ZS,2000,11.3076946100378
CHE,BN.CAB.XOKA.GD.ZS,1999,9.49505631733892
CHE,BN.CAB.XOKA.GD.ZS,1998,8.30236609471629
CHE,BN.CAB.XOKA.GD.ZS,1997,8.58808810990499
CHE,BN.CAB.XOKA.GD.ZS,1996,5.85583867296391
CHE,BN.CAB.XOKA.GD.ZS,1995,5.86746774422011
CHE,BN.CAB.XOKA.GD.ZS,1994,5.55095675929766
CHE,BN.CAB.XOKA.GD.ZS,1993,6.19880976982837
CHE,BN.CAB.XOKA.GD.ZS,1992,4.77655904971081
CHE,BN.CAB.XOKA.GD.ZS,1991,3.54569531654708
CHE,BN.CAB.XOKA.GD.ZS,1990,2.30416679097883
CHE,BN.CAB.XOKA.GD.ZS,1989,3.49865043983894
CHE,BN.CAB.XOKA.GD.ZS,1988,4.10398715890826
CHE,BN.CAB.XOKA.GD.ZS,1987,3.15584387733549
CHE,BN.CAB.XOKA.GD.ZS,1986,2.92568374927013
CHE,BN.CAB.XOKA.GD.ZS,1985,5.4412936750055
CHE,BN.CAB.XOKA.GD.ZS,1984,5.61112891243432
CHE,BN.CAB.XOKA.GD.ZS,1983,1.0572082727262
CHE,BN.CAB.XOKA.GD.ZS,1982,2.20276889451666
CHE,BN.CAB.XOKA.GD.ZS,1981,3.05294106341948
CHE,BN.CAB.XOKA.GD.ZS,1980,-0.164093109554736
CHE,BN.CAB.XOKA.GD.ZS,1979,-0.213429692485015
CHE,BN.CAB.XOKA.GD.ZS,1978,2.02919902526032
CHE,BN.CAB.XOKA.GD.ZS,1977,2.63050624652235
CHE,BN.CAB.XOKA.GD.ZS,1976,
CHE,BN.CAB.XOKA.GD.ZS,1975,
CHE,BN.CAB.XOKA.GD.ZS,1974,
CHE,BN.CAB.XOKA.GD.ZS,1973,
CHE,BN.CAB.XOKA.GD.ZS,1972,
CHE,BN.CAB.XOKA.GD.ZS,1971,
CHE,BN.CAB.XOKA.GD.ZS,1970,
CHE,BN.CAB.XOKA.GD.ZS,1969,
CHE,BN.CAB.XOKA.GD.ZS,1968,
CHE,BN.CAB.XOKA.GD.ZS,1967,
CHE,BN.CAB.XOKA.GD.ZS,1966,
CHE,BN.CAB.XOKA.GD.ZS,1965,
CHE,BN.CAB.XOKA.GD.ZS,1964,
CHE,BN.CAB.XOKA.GD.ZS,1963,
CHE,BN.CAB.XOKA.GD.ZS,1962,
CHE,BN.CAB.XOKA.GD.ZS,1961,
CHE,BN.CAB.XOKA.GD.ZS,1960,
SYR,BN.CAB.XOKA.GD.ZS,2025,
SYR,BN.CAB.XOKA.GD.ZS,2024,
SYR,BN.CAB.XOKA.GD.ZS,2023,
SYR,BN.CAB.XOKA.GD.ZS,2022,
SYR,BN.CAB.XOKA.GD.ZS,2021,
SYR,BN.CAB.XOKA.GD.ZS,2020,
SYR,BN.CAB.XOKA.GD.ZS,2019,
SYR,BN.CAB.XOKA.GD.ZS,2018,
SYR,BN.CAB.XOKA.GD.ZS,2017,
SYR,BN.CAB.XOKA.GD.ZS,2016,
SYR,BN.CAB.XOKA.GD.ZS,2015,
SYR,BN.CAB.XOKA.GD.ZS,2014,
SYR,BN.CAB.XOKA.GD.ZS,2013,
SYR,BN.CAB.XOKA.GD.ZS,2012,
SYR,BN.CAB.XOKA.GD.ZS,2011,
SYR,BN.CAB.XOKA.GD.ZS,2010,-0.598441929825769
SYR,BN.CAB.XOKA.GD.ZS,2009,-1.90259143615813
SYR,BN.CAB.XOKA.GD.ZS,2008,0.897965594485587
SYR,BN.CAB.XOKA.GD.ZS,2007,1.13572801041147
SYR,BN.CAB.XOKA.GD.ZS,2006,2.72518888973844
SYR,BN.CAB.XOKA.GD.ZS,2005,1.03607317393746
SYR,BN.CAB.XOKA.GD.ZS,2004,2.35779952655753
SYR,BN.CAB.XOKA.GD.ZS,2003,3.44509352863578
SYR,BN.CAB.XOKA.GD.ZS,2002,6.96683485502976
SYR,BN.CAB.XOKA.GD.ZS,2001,6.03349561810581
SYR,BN.CAB.XOKA.GD.ZS,2000,5.60277264672687
SYR,BN.CAB.XOKA.GD.ZS,1999,1.26623138792712
SYR,BN.CAB.XOKA.GD.ZS,1998,0.381557706807819
SYR,BN.CAB.XOKA.GD.ZS,1997,3.17816325517826
SYR,BN.CAB.XOKA.GD.ZS,1996,0.290074501669665
SYR,BN.CAB.XOKA.GD.ZS,1995,2.30768422435308
SYR,BN.CAB.XOKA.GD.ZS,1994,-7.81464569325095
SYR,BN.CAB.XOKA.GD.ZS,1993,-1.48218868581649
SYR,BN.CAB.XOKA.GD.ZS,1992,0.414982658827328
SYR,BN.CAB.XOKA.GD.ZS,1991,5.38290688269505
SYR,BN.CAB.XOKA.GD.ZS,1990,14.3176031713798
SYR,BN.CAB.XOKA.GD.ZS,1989,12.4058753913027
SYR,BN.CAB.XOKA.GD.ZS,1988,-1.42383858412122
SYR,BN.CAB.XOKA.GD.ZS,1987,-2.62323305562516
SYR,BN.CAB.XOKA.GD.ZS,1986,-3.79141064513224
SYR,BN.CAB.XOKA.GD.ZS,1985,-5.83715470111145
SYR,BN.CAB.XOKA.GD.ZS,1984,-4.53634493376868
SYR,BN.CAB.XOKA.GD.ZS,1983,-4.79837797273881
SYR,BN.CAB.XOKA.GD.ZS,1982,-1.53322957492586
SYR,BN.CAB.XOKA.GD.ZS,1981,-1.98476610365325
SYR,BN.CAB.XOKA.GD.ZS,1980,1.92077725765555
SYR,BN.CAB.XOKA.GD.ZS,1979,9.02143736850208
SYR,BN.CAB.XOKA.GD.ZS,1978,-0.687855753496557
SYR,BN.CAB.XOKA.GD.ZS,1977,-2.16670677081405
SYR,BN.CAB.XOKA.GD.ZS,1976,
SYR,BN.CAB.XOKA.GD.ZS,1975,
SYR,BN.CAB.XOKA.GD.ZS,1974,
SYR,BN.CAB.XOKA.GD.ZS,1973,
SYR,BN.CAB.XOKA.GD.ZS,1972,
SYR,BN.CAB.XOKA.GD.ZS,1971,
SYR,BN.CAB.XOKA.GD.ZS,1970,
SYR,BN.CAB.XOKA.GD.ZS,1969,
SYR,BN.CAB.XOKA.GD.ZS,1968,
SYR,BN.CAB.XOKA.GD.ZS,1967,
SYR,BN.CAB.XOKA.GD.ZS,1966,
SYR,BN.CAB.XOKA.GD.ZS,1965,
SYR,BN.CAB.XOKA.GD.ZS,1964,
SYR,BN.CAB.XOKA.GD.ZS,1963,
SYR,BN.CAB.XOKA.GD.ZS,1962,
SYR,BN.CAB.XOKA.GD.ZS,1961,
SYR,BN.CAB.XOKA.GD.ZS,1960,
TJK,BN.CAB.XOKA.GD.ZS,2025,
TJK,BN.CAB.XOKA.GD.ZS,2024,6.24458089743382
TJK,BN.CAB.XOKA.GD.ZS,2023,4.76980054377007
TJK,BN.CAB.XOKA.GD.ZS,2022,15.2573634253921
TJK,BN.CAB.XOKA.GD.ZS,2021,8.22937866606437
TJK,BN.CAB.XOKA.GD.ZS,2020,4.34918092627649
TJK,BN.CAB.XOKA.GD.ZS,2019,-2.23224918510585
TJK,BN.CAB.XOKA.GD.ZS,2018,-4.88966506186354
TJK,BN.CAB.XOKA.GD.ZS,2017,2.10935261893798
TJK,BN.CAB.XOKA.GD.ZS,2016,-5.23235146296922
TJK,BN.CAB.XOKA.GD.ZS,2015,-5.76773865149508
TJK,BN.CAB.XOKA.GD.ZS,2014,-3.47271227917374
TJK,BN.CAB.XOKA.GD.ZS,2013,-10.4728821493758
TJK,BN.CAB.XOKA.GD.ZS,2012,-8.92695486705107
TJK,BN.CAB.XOKA.GD.ZS,2011,-6.33655867344341
TJK,BN.CAB.XOKA.GD.ZS,2010,-10.2987565843148
TJK,BN.CAB.XOKA.GD.ZS,2009,-14.40853186566
TJK,BN.CAB.XOKA.GD.ZS,2008,-20.5138549086729
TJK,BN.CAB.XOKA.GD.ZS,2007,-32.096259393905
TJK,BN.CAB.XOKA.GD.ZS,2006,-13.1584118273093
TJK,BN.CAB.XOKA.GD.ZS,2005,-12.809877638523
TJK,BN.CAB.XOKA.GD.ZS,2004,-2.74745860241597
TJK,BN.CAB.XOKA.GD.ZS,2003,-0.306284579701348
TJK,BN.CAB.XOKA.GD.ZS,2002,-1.23935164268065
TJK,BN.CAB.XOKA.GD.ZS,2001,
TJK,BN.CAB.XOKA.GD.ZS,2000,
TJK,BN.CAB.XOKA.GD.ZS,1999,
TJK,BN.CAB.XOKA.GD.ZS,1998,
TJK,BN.CAB.XOKA.GD.ZS,1997,
TJK,BN.CAB.XOKA.GD.ZS,1996,
TJK,BN.CAB.XOKA.GD.ZS,1995,
TJK,BN.CAB.XOKA.GD.ZS,1994,
TJK,BN.CAB.XOKA.GD.ZS,1993,
TJK,BN.CAB.XOKA.GD.ZS,1992,
TJK,BN.CAB.XOKA.GD.ZS,1991,
TJK,BN.CAB.XOKA.GD.ZS,1990,
TJK,BN.CAB.XOKA.GD.ZS,1989,
TJK,BN.CAB.XOKA.GD.ZS,1988,
TJK,BN.CAB.XOKA.GD.ZS,1987,
TJK,BN.CAB.XOKA.GD.ZS,1986,
TJK,BN.CAB.XOKA.GD.ZS,1985,
TJK,BN.CAB.XOKA.GD.ZS,1984,
TJK,BN.CAB.XOKA.GD.ZS,1983,
TJK,BN.CAB.XOKA.GD.ZS,1982,
TJK,BN.CAB.XOKA.GD.ZS,1981,
TJK,BN.CAB.XOKA.GD.ZS,1980,
TJK,BN.CAB.XOKA.GD.ZS,1979,
TJK,BN.CAB.XOKA.GD.ZS,1978,
TJK,BN.CAB.XOKA.GD.ZS,1977,
TJK,BN.CAB.XOKA.GD.ZS,1976,
TJK,BN.CAB.XOKA.GD.ZS,1975,
TJK,BN.CAB.XOKA.GD.ZS,1974,
TJK,BN.CAB.XOKA.GD.ZS,1973,
TJK,BN.CAB.XOKA.GD.ZS,1972,
TJK,BN.CAB.XOKA.GD.ZS,1971,
TJK,BN.CAB.XOKA.GD.ZS,1970,
TJK,BN.CAB.XOKA.GD.ZS,1969,
TJK,BN.CAB.XOKA.GD.ZS,1968,
TJK,BN.CAB.XOKA.GD.ZS,1967,
TJK,BN.CAB.XOKA.GD.ZS,1966,
TJK,BN.CAB.XOKA.GD.ZS,1965,
TJK,BN.CAB.XOKA.GD.ZS,1964,
TJK,BN.CAB.XOKA.GD.ZS,1963,
TJK,BN.CAB.XOKA.GD.ZS,1962,
TJK,BN.CAB.XOKA.GD.ZS,1961,
TJK,BN.CAB.XOKA.GD.ZS,1960,
TZA,BN.CAB.XOKA.GD.ZS,2025,
TZA,BN.CAB.XOKA.GD.ZS,2024,-3.01833493415327
TZA,BN.CAB.XOKA.GD.ZS,2023,-3.74610299995179
TZA,BN.CAB.XOKA.GD.ZS,2022,-7.23733332088267
TZA,BN.CAB.XOKA.GD.ZS,2021,-3.3603589034405
TZA,BN.CAB.XOKA.GD.ZS,2020,-2.20760897715159
TZA,BN.CAB.XOKA.GD.ZS,2019,-2.19612703390998
TZA,BN.CAB.XOKA.GD.ZS,2018,-4.05016373285835
TZA,BN.CAB.XOKA.GD.ZS,2017,-2.77322833378381
TZA,BN.CAB.XOKA.GD.ZS,2016,-2.44600098634937
TZA,BN.CAB.XOKA.GD.ZS,2015,-5.52237840763772
TZA,BN.CAB.XOKA.GD.ZS,2014,-9.97566998652383
TZA,BN.CAB.XOKA.GD.ZS,2013,-10.92678991973
TZA,BN.CAB.XOKA.GD.ZS,2012,-9.49381708629511
TZA,BN.CAB.XOKA.GD.ZS,2011,-12.6408334198025
TZA,BN.CAB.XOKA.GD.ZS,2010,-6.90590514874114
TZA,BN.CAB.XOKA.GD.ZS,2009,-6.15605248067037
TZA,BN.CAB.XOKA.GD.ZS,2008,-9.22106341671595
TZA,BN.CAB.XOKA.GD.ZS,2007,-7.84401666779704
TZA,BN.CAB.XOKA.GD.ZS,2006,-5.91870284632789
TZA,BN.CAB.XOKA.GD.ZS,2005,-5.93931026684705
TZA,BN.CAB.XOKA.GD.ZS,2004,-2.89917810279357
TZA,BN.CAB.XOKA.GD.ZS,2003,-1.14522022259737
TZA,BN.CAB.XOKA.GD.ZS,2002,-0.324018475277026
TZA,BN.CAB.XOKA.GD.ZS,2001,-4.15575639482293
TZA,BN.CAB.XOKA.GD.ZS,2000,-3.20303174427398
TZA,BN.CAB.XOKA.GD.ZS,1999,-6.11682325920144
TZA,BN.CAB.XOKA.GD.ZS,1998,-5.78640777187492
TZA,BN.CAB.XOKA.GD.ZS,1997,-3.90935028953365
TZA,BN.CAB.XOKA.GD.ZS,1996,-4.37556391827358
TZA,BN.CAB.XOKA.GD.ZS,1995,-7.72805036797611
TZA,BN.CAB.XOKA.GD.ZS,1994,-9.73041257496989
TZA,BN.CAB.XOKA.GD.ZS,1993,-14.4722694555188
TZA,BN.CAB.XOKA.GD.ZS,1992,-10.6889176967354
TZA,BN.CAB.XOKA.GD.ZS,1991,-10.2458135935714
TZA,BN.CAB.XOKA.GD.ZS,1990,-9.03771314435187
TZA,BN.CAB.XOKA.GD.ZS,1989,-5.22030026793627
TZA,BN.CAB.XOKA.GD.ZS,1988,-4.81378864210928
TZA,BN.CAB.XOKA.GD.ZS,1987,-5.20646953898425
TZA,BN.CAB.XOKA.GD.ZS,1986,-2.96165193064934
TZA,BN.CAB.XOKA.GD.ZS,1985,-2.44708335007743
TZA,BN.CAB.XOKA.GD.ZS,1984,-2.78120190686396
TZA,BN.CAB.XOKA.GD.ZS,1983,-2.16804654389656
TZA,BN.CAB.XOKA.GD.ZS,1982,-3.75720290748534
TZA,BN.CAB.XOKA.GD.ZS,1981,-3.08894840525709
TZA,BN.CAB.XOKA.GD.ZS,1980,-4.56792920292057
TZA,BN.CAB.XOKA.GD.ZS,1979,-3.52104719399132
TZA,BN.CAB.XOKA.GD.ZS,1978,-5.03192000212582
TZA,BN.CAB.XOKA.GD.ZS,1977,-0.839427351163646
TZA,BN.CAB.XOKA.GD.ZS,1976,-0.417619758561308
TZA,BN.CAB.XOKA.GD.ZS,1975,
TZA,BN.CAB.XOKA.GD.ZS,1974,
TZA,BN.CAB.XOKA.GD.ZS,1973,
TZA,BN.CAB.XOKA.GD.ZS,1972,
TZA,BN.CAB.XOKA.GD.ZS,1971,
TZA,BN.CAB.XOKA.GD.ZS,1970,
TZA,BN.CAB.XOKA.GD.ZS,1969,
TZA,BN.CAB.XOKA.GD.ZS,1968,
TZA,BN.CAB.XOKA.GD.ZS,1967,
TZA,BN.CAB.XOKA.GD.ZS,1966,
TZA,BN.CAB.XOKA.GD.ZS,1965,
TZA,BN.CAB.XOKA.GD.ZS,1964,
TZA,BN.CAB.XOKA.GD.ZS,1963,
TZA,BN.CAB.XOKA.GD.ZS,1962,
TZA,BN.CAB.XOKA.GD.ZS,1961,
TZA,BN.CAB.XOKA.GD.ZS,1960,
THA,BN.CAB.XOKA.GD.ZS,2025,
THA,BN.CAB.XOKA.GD.ZS,2024,2.20678307557943
THA,BN.CAB.XOKA.GD.ZS,2023,1.64355768679365
THA,BN.CAB.XOKA.GD.ZS,2022,-3.42898859482118
THA,BN.CAB.XOKA.GD.ZS,2021,-2.14122151453674
THA,BN.CAB.XOKA.GD.ZS,2020,4.14262484721343
THA,BN.CAB.XOKA.GD.ZS,2019,7.04854832033553
THA,BN.CAB.XOKA.GD.ZS,2018,5.61986314598972
THA,BN.CAB.XOKA.GD.ZS,2017,9.6310301918214
THA,BN.CAB.XOKA.GD.ZS,2016,10.5083543932086
THA,BN.CAB.XOKA.GD.ZS,2015,6.91581517168622
THA,BN.CAB.XOKA.GD.ZS,2014,2.8582840987004
THA,BN.CAB.XOKA.GD.ZS,2013,-2.10153458942232
THA,BN.CAB.XOKA.GD.ZS,2012,-1.23233637957653
THA,BN.CAB.XOKA.GD.ZS,2011,2.54217096328341
THA,BN.CAB.XOKA.GD.ZS,2010,3.3673246721925
THA,BN.CAB.XOKA.GD.ZS,2009,7.87655950254756
THA,BN.CAB.XOKA.GD.ZS,2008,0.319466151466348
THA,BN.CAB.XOKA.GD.ZS,2007,5.92665423116418
THA,BN.CAB.XOKA.GD.ZS,2006,1.04380762367253
THA,BN.CAB.XOKA.GD.ZS,2005,-4.036464315232
THA,BN.CAB.XOKA.GD.ZS,2004,1.59597338993786
THA,BN.CAB.XOKA.GD.ZS,2003,3.13356400154557
THA,BN.CAB.XOKA.GD.ZS,2002,3.46550516817668
THA,BN.CAB.XOKA.GD.ZS,2001,4.24027233043998
THA,BN.CAB.XOKA.GD.ZS,2000,7.36845240260665
THA,BN.CAB.XOKA.GD.ZS,1999,9.81128061226542
THA,BN.CAB.XOKA.GD.ZS,1998,12.5290469721114
THA,BN.CAB.XOKA.GD.ZS,1997,-2.01164910932919
THA,BN.CAB.XOKA.GD.ZS,1996,-8.02658256605422
THA,BN.CAB.XOKA.GD.ZS,1995,-8.02329369982956
THA,BN.CAB.XOKA.GD.ZS,1994,-5.49408768770675
THA,BN.CAB.XOKA.GD.ZS,1993,-4.93050710851373
THA,BN.CAB.XOKA.GD.ZS,1992,-5.65567692212436
THA,BN.CAB.XOKA.GD.ZS,1991,-7.7075114905911
THA,BN.CAB.XOKA.GD.ZS,1990,-8.53154931493564
THA,BN.CAB.XOKA.GD.ZS,1989,-3.45731136725048
THA,BN.CAB.XOKA.GD.ZS,1988,-2.68272079375587
THA,BN.CAB.XOKA.GD.ZS,1987,-0.725191684731852
THA,BN.CAB.XOKA.GD.ZS,1986,0.573195819665884
THA,BN.CAB.XOKA.GD.ZS,1985,-3.9519117838539
THA,BN.CAB.XOKA.GD.ZS,1984,-5.04473682843695
THA,BN.CAB.XOKA.GD.ZS,1983,-7.17598139741582
THA,BN.CAB.XOKA.GD.ZS,1982,-2.74154581405456
THA,BN.CAB.XOKA.GD.ZS,1981,-7.37859827948832
THA,BN.CAB.XOKA.GD.ZS,1980,-6.41760937351159
THA,BN.CAB.XOKA.GD.ZS,1979,-7.62365474778838
THA,BN.CAB.XOKA.GD.ZS,1978,-4.8017006388842
THA,BN.CAB.XOKA.GD.ZS,1977,-5.54845097239967
THA,BN.CAB.XOKA.GD.ZS,1976,-2.58903315468795
THA,BN.CAB.XOKA.GD.ZS,1975,-4.07385436872153
THA,BN.CAB.XOKA.GD.ZS,1974,
THA,BN.CAB.XOKA.GD.ZS,1973,
THA,BN.CAB.XOKA.GD.ZS,1972,
THA,BN.CAB.XOKA.GD.ZS,1971,
THA,BN.CAB.XOKA.GD.ZS,1970,
THA,BN.CAB.XOKA.GD.ZS,1969,
THA,BN.CAB.XOKA.GD.ZS,1968,
THA,BN.CAB.XOKA.GD.ZS,1967,
THA,BN.CAB.XOKA.GD.ZS,1966,
THA,BN.CAB.XOKA.GD.ZS,1965,
THA,BN.CAB.XOKA.GD.ZS,1964,
THA,BN.CAB.XOKA.GD.ZS,1963,
THA,BN.CAB.XOKA.GD.ZS,1962,
THA,BN.CAB.XOKA.GD.ZS,1961,
THA,BN.CAB.XOKA.GD.ZS,1960,
TLS,BN.CAB.XOKA.GD.ZS,2025,
TLS,BN.CAB.XOKA.GD.ZS,2024,-31.4902137229965
TLS,BN.CAB.XOKA.GD.ZS,2023,-9.25901101432505
TLS,BN.CAB.XOKA.GD.ZS,2022,15.223922069979
TLS,BN.CAB.XOKA.GD.ZS,2021,54.7594420338552
TLS,BN.CAB.XOKA.GD.ZS,2020,22.5397943738322
TLS,BN.CAB.XOKA.GD.ZS,2019,22.1597724933438
TLS,BN.CAB.XOKA.GD.ZS,2018,-12.2846133393607
TLS,BN.CAB.XOKA.GD.ZS,2017,-21.3947158967538
TLS,BN.CAB.XOKA.GD.ZS,2016,-32.4953733274264
TLS,BN.CAB.XOKA.GD.ZS,2015,14.1369485088972
TLS,BN.CAB.XOKA.GD.ZS,2014,76.4167154468639
TLS,BN.CAB.XOKA.GD.ZS,2013,171.239437288572
TLS,BN.CAB.XOKA.GD.ZS,2012,235.750597322969
TLS,BN.CAB.XOKA.GD.ZS,2011,225.032885686314
TLS,BN.CAB.XOKA.GD.ZS,2010,189.518283182952
TLS,BN.CAB.XOKA.GD.ZS,2009,176.76284529175
TLS,BN.CAB.XOKA.GD.ZS,2008,311.746071075818
TLS,BN.CAB.XOKA.GD.ZS,2007,216.878037692807
TLS,BN.CAB.XOKA.GD.ZS,2006,119.207262324444
TLS,BN.CAB.XOKA.GD.ZS,2005,
TLS,BN.CAB.XOKA.GD.ZS,2004,
TLS,BN.CAB.XOKA.GD.ZS,2003,
TLS,BN.CAB.XOKA.GD.ZS,2002,
TLS,BN.CAB.XOKA.GD.ZS,2001,
TLS,BN.CAB.XOKA.GD.ZS,2000,
TLS,BN.CAB.XOKA.GD.ZS,1999,
TLS,BN.CAB.XOKA.GD.ZS,1998,
TLS,BN.CAB.XOKA.GD.ZS,1997,
TLS,BN.CAB.XOKA.GD.ZS,1996,
TLS,BN.CAB.XOKA.GD.ZS,1995,
TLS,BN.CAB.XOKA.GD.ZS,1994,
TLS,BN.CAB.XOKA.GD.ZS,1993,
TLS,BN.CAB.XOKA.GD.ZS,1992,
TLS,BN.CAB.XOKA.GD.ZS,1991,
TLS,BN.CAB.XOKA.GD.ZS,1990,
TLS,BN.CAB.XOKA.GD.ZS,1989,
TLS,BN.CAB.XOKA.GD.ZS,1988,
TLS,BN.CAB.XOKA.GD.ZS,1987,
TLS,BN.CAB.XOKA.GD.ZS,1986,
TLS,BN.CAB.XOKA.GD.ZS,1985,
TLS,BN.CAB.XOKA.GD.ZS,1984,
TLS,BN.CAB.XOKA.GD.ZS,1983,
TLS,BN.CAB.XOKA.GD.ZS,1982,
TLS,BN.CAB.XOKA.GD.ZS,1981,
TLS,BN.CAB.XOKA.GD.ZS,1980,
TLS,BN.CAB.XOKA.GD.ZS,1979,
TLS,BN.CAB.XOKA.GD.ZS,1978,
TLS,BN.CAB.XOKA.GD.ZS,1977,
TLS,BN.CAB.XOKA.GD.ZS,1976,
TLS,BN.CAB.XOKA.GD.ZS,1975,
TLS,BN.CAB.XOKA.GD.ZS,1974,
TLS,BN.CAB.XOKA.GD.ZS,1973,
TLS,BN.CAB.XOKA.GD.ZS,1972,
TLS,BN.CAB.XOKA.GD.ZS,1971,
TLS,BN.CAB.XOKA.GD.ZS,1970,
TLS,BN.CAB.XOKA.GD.ZS,1969,
TLS,BN.CAB.XOKA.GD.ZS,1968,
TLS,BN.CAB.XOKA.GD.ZS,1967,
TLS,BN.CAB.XOKA.GD.ZS,1966,
TLS,BN.CAB.XOKA.GD.ZS,1965,
TLS,BN.CAB.XOKA.GD.ZS,1964,
TLS,BN.CAB.XOKA.GD.ZS,1963,
TLS,BN.CAB.XOKA.GD.ZS,1962,
TLS,BN.CAB.XOKA.GD.ZS,1961,
TLS,BN.CAB.XOKA.GD.ZS,1960,
TGO,BN.CAB.XOKA.GD.ZS,2025,
TGO,BN.CAB.XOKA.GD.ZS,2024,
TGO,BN.CAB.XOKA.GD.ZS,2023,
TGO,BN.CAB.XOKA.GD.ZS,2022,
TGO,BN.CAB.XOKA.GD.ZS,2021,
TGO,BN.CAB.XOKA.GD.ZS,2020,-0.277018884474411
TGO,BN.CAB.XOKA.GD.ZS,2019,-0.79288311411585
TGO,BN.CAB.XOKA.GD.ZS,2018,-2.62976116468944
TGO,BN.CAB.XOKA.GD.ZS,2017,-1.51302452827798
TGO,BN.CAB.XOKA.GD.ZS,2016,-7.19180652142337
TGO,BN.CAB.XOKA.GD.ZS,2015,-8.01021600244542
TGO,BN.CAB.XOKA.GD.ZS,2014,-7.17108249416322
TGO,BN.CAB.XOKA.GD.ZS,2013,-9.43944638209534
TGO,BN.CAB.XOKA.GD.ZS,2012,-5.43302431064873
TGO,BN.CAB.XOKA.GD.ZS,2011,-5.57134555457932
TGO,BN.CAB.XOKA.GD.ZS,2010,-4.21167785064637
TGO,BN.CAB.XOKA.GD.ZS,2009,-3.75655470430214
TGO,BN.CAB.XOKA.GD.ZS,2008,-4.86721309193415
TGO,BN.CAB.XOKA.GD.ZS,2007,-5.74598605436746
TGO,BN.CAB.XOKA.GD.ZS,2006,-5.31324873611491
TGO,BN.CAB.XOKA.GD.ZS,2005,-6.33089706237215
TGO,BN.CAB.XOKA.GD.ZS,2004,-6.49399507558124
TGO,BN.CAB.XOKA.GD.ZS,2003,-5.43138096608201
TGO,BN.CAB.XOKA.GD.ZS,2002,-5.81784745652387
TGO,BN.CAB.XOKA.GD.ZS,2001,-8.08590195490082
TGO,BN.CAB.XOKA.GD.ZS,2000,-6.64451964783898
TGO,BN.CAB.XOKA.GD.ZS,1999,-5.71132962319834
TGO,BN.CAB.XOKA.GD.ZS,1998,-6.25067363890598
TGO,BN.CAB.XOKA.GD.ZS,1997,-5.52268507704884
TGO,BN.CAB.XOKA.GD.ZS,1996,-7.43684829762115
TGO,BN.CAB.XOKA.GD.ZS,1995,-6.59580508528401
TGO,BN.CAB.XOKA.GD.ZS,1994,-4.0604253499812
TGO,BN.CAB.XOKA.GD.ZS,1993,-4.73245523551368
TGO,BN.CAB.XOKA.GD.ZS,1992,-5.80034578751872
TGO,BN.CAB.XOKA.GD.ZS,1991,-6.22158219714276
TGO,BN.CAB.XOKA.GD.ZS,1990,-3.66352702721284
TGO,BN.CAB.XOKA.GD.ZS,1989,-2.6608319955653
TGO,BN.CAB.XOKA.GD.ZS,1988,-4.4772809417945
TGO,BN.CAB.XOKA.GD.ZS,1987,-3.4317356344492
TGO,BN.CAB.XOKA.GD.ZS,1986,-3.76704069149266
TGO,BN.CAB.XOKA.GD.ZS,1985,-2.54714631101484
TGO,BN.CAB.XOKA.GD.ZS,1984,2.58175381502598
TGO,BN.CAB.XOKA.GD.ZS,1983,-4.01160009502239
TGO,BN.CAB.XOKA.GD.ZS,1982,-7.48372634309313
TGO,BN.CAB.XOKA.GD.ZS,1981,-3.24893449437154
TGO,BN.CAB.XOKA.GD.ZS,1980,-5.91944010755074
TGO,BN.CAB.XOKA.GD.ZS,1979,-16.8932270740372
TGO,BN.CAB.XOKA.GD.ZS,1978,-18.6740580106347
TGO,BN.CAB.XOKA.GD.ZS,1977,-7.95053691477447
TGO,BN.CAB.XOKA.GD.ZS,1976,-2.80901559660612
TGO,BN.CAB.XOKA.GD.ZS,1975,-8.65955588899924
TGO,BN.CAB.XOKA.GD.ZS,1974,16.6498882236096
TGO,BN.CAB.XOKA.GD.ZS,1973,
TGO,BN.CAB.XOKA.GD.ZS,1972,
TGO,BN.CAB.XOKA.GD.ZS,1971,
TGO,BN.CAB.XOKA.GD.ZS,1970,
TGO,BN.CAB.XOKA.GD.ZS,1969,
TGO,BN.CAB.XOKA.GD.ZS,1968,
TGO,BN.CAB.XOKA.GD.ZS,1967,
TGO,BN.CAB.XOKA.GD.ZS,1966,
TGO,BN.CAB.XOKA.GD.ZS,1965,
TGO,BN.CAB.XOKA.GD.ZS,1964,
TGO,BN.CAB.XOKA.GD.ZS,1963,
TGO,BN.CAB.XOKA.GD.ZS,1962,
TGO,BN.CAB.XOKA.GD.ZS,1961,
TGO,BN.CAB.XOKA.GD.ZS,1960,
TON,BN.CAB.XOKA.GD.ZS,2025,
TON,BN.CAB.XOKA.GD.ZS,2024,-6.72070145184223
TON,BN.CAB.XOKA.GD.ZS,2023,-7.93410466818218
TON,BN.CAB.XOKA.GD.ZS,2022,-8.45659468821285
TON,BN.CAB.XOKA.GD.ZS,2021,-9.54536157602045
TON,BN.CAB.XOKA.GD.ZS,2020,-6.63043865897464
TON,BN.CAB.XOKA.GD.ZS,2019,-7.77583766873501
TON,BN.CAB.XOKA.GD.ZS,2018,-7.24899742859477
TON,BN.CAB.XOKA.GD.ZS,2017,-7.60028832903791
TON,BN.CAB.XOKA.GD.ZS,2016,-8.2477914227867
TON,BN.CAB.XOKA.GD.ZS,2015,-10.9245843858579
TON,BN.CAB.XOKA.GD.ZS,2014,-6.26556406033615
TON,BN.CAB.XOKA.GD.ZS,2013,-9.47350598315125
TON,BN.CAB.XOKA.GD.ZS,2012,-14.8200258513003
TON,BN.CAB.XOKA.GD.ZS,2011,-20.2517397724187
TON,BN.CAB.XOKA.GD.ZS,2010,-23.83210956232
TON,BN.CAB.XOKA.GD.ZS,2009,-30.038855601242
TON,BN.CAB.XOKA.GD.ZS,2008,-18.207471277767
TON,BN.CAB.XOKA.GD.ZS,2007,-16.4953983377192
TON,BN.CAB.XOKA.GD.ZS,2006,-8.10879558988645
TON,BN.CAB.XOKA.GD.ZS,2005,-9.29333405709877
TON,BN.CAB.XOKA.GD.ZS,2004,-3.26824811194436
TON,BN.CAB.XOKA.GD.ZS,2003,-6.34024407217629
TON,BN.CAB.XOKA.GD.ZS,2002,-3.46620189323188
TON,BN.CAB.XOKA.GD.ZS,2001,-7.26085680790221
TON,BN.CAB.XOKA.GD.ZS,2000,
TON,BN.CAB.XOKA.GD.ZS,1999,
TON,BN.CAB.XOKA.GD.ZS,1998,
TON,BN.CAB.XOKA.GD.ZS,1997,
TON,BN.CAB.XOKA.GD.ZS,1996,
TON,BN.CAB.XOKA.GD.ZS,1995,
TON,BN.CAB.XOKA.GD.ZS,1994,-9.476614491445
TON,BN.CAB.XOKA.GD.ZS,1993,2.36254838903042
TON,BN.CAB.XOKA.GD.ZS,1992,-1.28998468802905
TON,BN.CAB.XOKA.GD.ZS,1991,-1.43804227867216
TON,BN.CAB.XOKA.GD.ZS,1990,11.2507940867571
TON,BN.CAB.XOKA.GD.ZS,1989,-1.76859136762798
TON,BN.CAB.XOKA.GD.ZS,1988,-10.5419375890714
TON,BN.CAB.XOKA.GD.ZS,1987,5.97535416089557
TON,BN.CAB.XOKA.GD.ZS,1986,0.789259458166426
TON,BN.CAB.XOKA.GD.ZS,1985,-3.47555718094622
TON,BN.CAB.XOKA.GD.ZS,1984,-0.400474983553625
TON,BN.CAB.XOKA.GD.ZS,1983,1.31274926515967
TON,BN.CAB.XOKA.GD.ZS,1982,5.46282257276297
TON,BN.CAB.XOKA.GD.ZS,1981,-12.0012475720559
TON,BN.CAB.XOKA.GD.ZS,1980,-6.04350739693296
TON,BN.CAB.XOKA.GD.ZS,1979,-5.38236124266184
TON,BN.CAB.XOKA.GD.ZS,1978,-1.72387404615559
TON,BN.CAB.XOKA.GD.ZS,1977,-6.00686320396732
TON,BN.CAB.XOKA.GD.ZS,1976,-6.96178389075444
TON,BN.CAB.XOKA.GD.ZS,1975,0.752711312250312
TON,BN.CAB.XOKA.GD.ZS,1974,
TON,BN.CAB.XOKA.GD.ZS,1973,
TON,BN.CAB.XOKA.GD.ZS,1972,
TON,BN.CAB.XOKA.GD.ZS,1971,
TON,BN.CAB.XOKA.GD.ZS,1970,
TON,BN.CAB.XOKA.GD.ZS,1969,
TON,BN.CAB.XOKA.GD.ZS,1968,
TON,BN.CAB.XOKA.GD.ZS,1967,
TON,BN.CAB.XOKA.GD.ZS,1966,
TON,BN.CAB.XOKA.GD.ZS,1965,
TON,BN.CAB.XOKA.GD.ZS,1964,
TON,BN.CAB.XOKA.GD.ZS,1963,
TON,BN.CAB.XOKA.GD.ZS,1962,
TON,BN.CAB.XOKA.GD.ZS,1961,
TON,BN.CAB.XOKA.GD.ZS,1960,
TTO,BN.CAB.XOKA.GD.ZS,2025,
TTO,BN.CAB.XOKA.GD.ZS,2024,2.51810824357524
TTO,BN.CAB.XOKA.GD.ZS,2023,11.5487247746339
TTO,BN.CAB.XOKA.GD.ZS,2022,10.1709014983169
TTO,BN.CAB.XOKA.GD.ZS,2021,10.8546107118222
TTO,BN.CAB.XOKA.GD.ZS,2020,-6.49357154648654
TTO,BN.CAB.XOKA.GD.ZS,2019,4.34515288873137
TTO,BN.CAB.XOKA.GD.ZS,2018,6.80751807437131
TTO,BN.CAB.XOKA.GD.ZS,2017,5.91333517535426
TTO,BN.CAB.XOKA.GD.ZS,2016,-3.28637045850335
TTO,BN.CAB.XOKA.GD.ZS,2015,7.66416918106464
TTO,BN.CAB.XOKA.GD.ZS,2014,14.0953972400973
TTO,BN.CAB.XOKA.GD.ZS,2013,19.5071171990968
TTO,BN.CAB.XOKA.GD.ZS,2012,14.2426782258206
TTO,BN.CAB.XOKA.GD.ZS,2011,18.5128374343258
TTO,BN.CAB.XOKA.GD.ZS,2010,18.8299588165597
TTO,BN.CAB.XOKA.GD.ZS,2009,8.51638835816151
TTO,BN.CAB.XOKA.GD.ZS,2008,30.4935230853502
TTO,BN.CAB.XOKA.GD.ZS,2007,23.8728005055128
TTO,BN.CAB.XOKA.GD.ZS,2006,38.7864453052226
TTO,BN.CAB.XOKA.GD.ZS,2005,24.2851478911928
TTO,BN.CAB.XOKA.GD.ZS,2004,13.5001449215207
TTO,BN.CAB.XOKA.GD.ZS,2003,8.70995091964198
TTO,BN.CAB.XOKA.GD.ZS,2002,0.848106912773139
TTO,BN.CAB.XOKA.GD.ZS,2001,4.71396182784551
TTO,BN.CAB.XOKA.GD.ZS,2000,6.67497170338997
TTO,BN.CAB.XOKA.GD.ZS,1999,0.449406352663031
TTO,BN.CAB.XOKA.GD.ZS,1998,-10.6478400676766
TTO,BN.CAB.XOKA.GD.ZS,1997,-10.6942429209994
TTO,BN.CAB.XOKA.GD.ZS,1996,1.82556255175165
TTO,BN.CAB.XOKA.GD.ZS,1995,5.51343829236906
TTO,BN.CAB.XOKA.GD.ZS,1994,4.40267866994607
TTO,BN.CAB.XOKA.GD.ZS,1993,2.42206931511883
TTO,BN.CAB.XOKA.GD.ZS,1992,2.5534105311422
TTO,BN.CAB.XOKA.GD.ZS,1991,-0.0877714042537388
TTO,BN.CAB.XOKA.GD.ZS,1990,9.05659501369603
TTO,BN.CAB.XOKA.GD.ZS,1989,-0.891525608229346
TTO,BN.CAB.XOKA.GD.ZS,1988,-1.9693375759329
TTO,BN.CAB.XOKA.GD.ZS,1987,-4.68909217230186
TTO,BN.CAB.XOKA.GD.ZS,1986,-8.59212050984935
TTO,BN.CAB.XOKA.GD.ZS,1985,-0.649106302916159
TTO,BN.CAB.XOKA.GD.ZS,1984,-6.01600687543639
TTO,BN.CAB.XOKA.GD.ZS,1983,-12.1923469164739
TTO,BN.CAB.XOKA.GD.ZS,1982,-7.3639760485205
TTO,BN.CAB.XOKA.GD.ZS,1981,5.92992074616902
TTO,BN.CAB.XOKA.GD.ZS,1980,5.72430843483206
TTO,BN.CAB.XOKA.GD.ZS,1979,-0.416447884586155
TTO,BN.CAB.XOKA.GD.ZS,1978,1.52755679180031
TTO,BN.CAB.XOKA.GD.ZS,1977,5.82519116640338
TTO,BN.CAB.XOKA.GD.ZS,1976,10.4342808789854
TTO,BN.CAB.XOKA.GD.ZS,1975,13.9318149435852
TTO,BN.CAB.XOKA.GD.ZS,1974,
TTO,BN.CAB.XOKA.GD.ZS,1973,
TTO,BN.CAB.XOKA.GD.ZS,1972,
TTO,BN.CAB.XOKA.GD.ZS,1971,
TTO,BN.CAB.XOKA.GD.ZS,1970,
TTO,BN.CAB.XOKA.GD.ZS,1969,
TTO,BN.CAB.XOKA.GD.ZS,1968,
TTO,BN.CAB.XOKA.GD.ZS,1967,
TTO,BN.CAB.XOKA.GD.ZS,1966,
TTO,BN.CAB.XOKA.GD.ZS,1965,
TTO,BN.CAB.XOKA.GD.ZS,1964,
TTO,BN.CAB.XOKA.GD.ZS,1963,
TTO,BN.CAB.XOKA.GD.ZS,1962,
TTO,BN.CAB.XOKA.GD.ZS,1961,
TTO,BN.CAB.XOKA.GD.ZS,1960,
TUN,BN.CAB.XOKA.GD.ZS,2025,
TUN,BN.CAB.XOKA.GD.ZS,2024,-1.51035573976696
TUN,BN.CAB.XOKA.GD.ZS,2023,-2.30371483601793
TUN,BN.CAB.XOKA.GD.ZS,2022,-8.83429553808937
TUN,BN.CAB.XOKA.GD.ZS,2021,-5.88456562547467
TUN,BN.CAB.XOKA.GD.ZS,2020,-6.01234016088557
TUN,BN.CAB.XOKA.GD.ZS,2019,-8.04912453318916
TUN,BN.CAB.XOKA.GD.ZS,2018,-10.7946228980082
TUN,BN.CAB.XOKA.GD.ZS,2017,-10.0143611259515
TUN,BN.CAB.XOKA.GD.ZS,2016,-8.52887305480806
TUN,BN.CAB.XOKA.GD.ZS,2015,-8.57094815049073
TUN,BN.CAB.XOKA.GD.ZS,2014,-8.87794509825976
TUN,BN.CAB.XOKA.GD.ZS,2013,-7.9667784790268
TUN,BN.CAB.XOKA.GD.ZS,2012,-7.86572520912914
TUN,BN.CAB.XOKA.GD.ZS,2011,-7.0355658557361
TUN,BN.CAB.XOKA.GD.ZS,2010,-4.55447131361941
TUN,BN.CAB.XOKA.GD.ZS,2009,-2.83909252656908
TUN,BN.CAB.XOKA.GD.ZS,2008,-3.81468880111156
TUN,BN.CAB.XOKA.GD.ZS,2007,-2.35618464912073
TUN,BN.CAB.XOKA.GD.ZS,2006,-1.80172304518295
TUN,BN.CAB.XOKA.GD.ZS,2005,-0.927371928635414
TUN,BN.CAB.XOKA.GD.ZS,2004,-1.41663593407068
TUN,BN.CAB.XOKA.GD.ZS,2003,-2.66077074311871
TUN,BN.CAB.XOKA.GD.ZS,2002,-3.22389381333493
TUN,BN.CAB.XOKA.GD.ZS,2001,-3.80893714007523
TUN,BN.CAB.XOKA.GD.ZS,2000,-3.82558496867724
TUN,BN.CAB.XOKA.GD.ZS,1999,-1.92535218512776
TUN,BN.CAB.XOKA.GD.ZS,1998,-3.09737186587453
TUN,BN.CAB.XOKA.GD.ZS,1997,-2.86792629545459
TUN,BN.CAB.XOKA.GD.ZS,1996,-2.43885725476728
TUN,BN.CAB.XOKA.GD.ZS,1995,-4.2925749806772
TUN,BN.CAB.XOKA.GD.ZS,1994,-3.43370923202334
TUN,BN.CAB.XOKA.GD.ZS,1993,-9.05681266464245
TUN,BN.CAB.XOKA.GD.ZS,1992,-7.12107014662537
TUN,BN.CAB.XOKA.GD.ZS,1991,-3.58997627267365
TUN,BN.CAB.XOKA.GD.ZS,1990,-3.77018867031426
TUN,BN.CAB.XOKA.GD.ZS,1989,-2.15852132286855
TUN,BN.CAB.XOKA.GD.ZS,1988,2.07837753766462
TUN,BN.CAB.XOKA.GD.ZS,1987,-0.560028534688337
TUN,BN.CAB.XOKA.GD.ZS,1986,-6.70353470822905
TUN,BN.CAB.XOKA.GD.ZS,1985,-6.91050677390971
TUN,BN.CAB.XOKA.GD.ZS,1984,-9.26329838184881
TUN,BN.CAB.XOKA.GD.ZS,1983,-6.82768812429599
TUN,BN.CAB.XOKA.GD.ZS,1982,-8.13836628281725
TUN,BN.CAB.XOKA.GD.ZS,1981,-5.38202606559588
TUN,BN.CAB.XOKA.GD.ZS,1980,-4.03843730190708
TUN,BN.CAB.XOKA.GD.ZS,1979,-4.17521732459976
TUN,BN.CAB.XOKA.GD.ZS,1978,-7.68952361004753
TUN,BN.CAB.XOKA.GD.ZS,1977,-11.087564466726
TUN,BN.CAB.XOKA.GD.ZS,1976,-8.79461978253897
TUN,BN.CAB.XOKA.GD.ZS,1975,
TUN,BN.CAB.XOKA.GD.ZS,1974,
TUN,BN.CAB.XOKA.GD.ZS,1973,
TUN,BN.CAB.XOKA.GD.ZS,1972,
TUN,BN.CAB.XOKA.GD.ZS,1971,
TUN,BN.CAB.XOKA.GD.ZS,1970,
TUN,BN.CAB.XOKA.GD.ZS,1969,
TUN,BN.CAB.XOKA.GD.ZS,1968,
TUN,BN.CAB.XOKA.GD.ZS,1967,
TUN,BN.CAB.XOKA.GD.ZS,1966,
TUN,BN.CAB.XOKA.GD.ZS,1965,
TUN,BN.CAB.XOKA.GD.ZS,1964,
TUN,BN.CAB.XOKA.GD.ZS,1963,
TUN,BN.CAB.XOKA.GD.ZS,1962,
TUN,BN.CAB.XOKA.GD.ZS,1961,
TUN,BN.CAB.XOKA.GD.ZS,1960,
TUR,BN.CAB.XOKA.GD.ZS,2025,
TUR,BN.CAB.XOKA.GD.ZS,2024,-0.749968489565428
TUR,BN.CAB.XOKA.GD.ZS,2023,-3.49417299638226
TUR,BN.CAB.XOKA.GD.ZS,2022,-4.99763806227356
TUR,BN.CAB.XOKA.GD.ZS,2021,-0.74064931592423
TUR,BN.CAB.XOKA.GD.ZS,2020,-4.22230197946184
TUR,BN.CAB.XOKA.GD.ZS,2019,1.9351600379275
TUR,BN.CAB.XOKA.GD.ZS,2018,-1.85233343060557
TUR,BN.CAB.XOKA.GD.ZS,2017,-4.06829916731119
TUR,BN.CAB.XOKA.GD.ZS,2016,-2.54553759448629
TUR,BN.CAB.XOKA.GD.ZS,2015,-2.46735825450658
TUR,BN.CAB.XOKA.GD.ZS,2014,-3.40746259930754
TUR,BN.CAB.XOKA.GD.ZS,2013,-5.12686124176872
TUR,BN.CAB.XOKA.GD.ZS,2012,-4.72096418758118
TUR,BN.CAB.XOKA.GD.ZS,2011,-8.81351105932507
TUR,BN.CAB.XOKA.GD.ZS,2010,-5.70254261669491
TUR,BN.CAB.XOKA.GD.ZS,2009,-1.73697758122388
TUR,BN.CAB.XOKA.GD.ZS,2008,-5.0844969449165
TUR,BN.CAB.XOKA.GD.ZS,2007,-5.39177822047968
TUR,BN.CAB.XOKA.GD.ZS,2006,-5.5679426761279
TUR,BN.CAB.XOKA.GD.ZS,2005,-4.12736838327371
TUR,BN.CAB.XOKA.GD.ZS,2004,-3.46160310805252
TUR,BN.CAB.XOKA.GD.ZS,2003,-2.39510781690365
TUR,BN.CAB.XOKA.GD.ZS,2002,-0.259990521546323
TUR,BN.CAB.XOKA.GD.ZS,2001,1.85959025093731
TUR,BN.CAB.XOKA.GD.ZS,2000,-3.61057524589502
TUR,BN.CAB.XOKA.GD.ZS,1999,-0.360379399136068
TUR,BN.CAB.XOKA.GD.ZS,1998,0.724544822196581
TUR,BN.CAB.XOKA.GD.ZS,1997,-0.999933462545818
TUR,BN.CAB.XOKA.GD.ZS,1996,-0.973371226633304
TUR,BN.CAB.XOKA.GD.ZS,1995,-0.99616690058046
TUR,BN.CAB.XOKA.GD.ZS,1994,2.01377036999334
TUR,BN.CAB.XOKA.GD.ZS,1993,-3.56565306523328
TUR,BN.CAB.XOKA.GD.ZS,1992,-0.612175223712419
TUR,BN.CAB.XOKA.GD.ZS,1991,0.165524841501632
TUR,BN.CAB.XOKA.GD.ZS,1990,-1.74238577195045
TUR,BN.CAB.XOKA.GD.ZS,1989,0.875594691099352
TUR,BN.CAB.XOKA.GD.ZS,1988,1.75625519928497
TUR,BN.CAB.XOKA.GD.ZS,1987,-0.9244170718357
TUR,BN.CAB.XOKA.GD.ZS,1986,-1.93596035967603
TUR,BN.CAB.XOKA.GD.ZS,1985,-1.50670598794717
TUR,BN.CAB.XOKA.GD.ZS,1984,-2.40083010942351
TUR,BN.CAB.XOKA.GD.ZS,1983,-3.11147147233528
TUR,BN.CAB.XOKA.GD.ZS,1982,-1.47896532662359
TUR,BN.CAB.XOKA.GD.ZS,1981,-2.71985824579167
TUR,BN.CAB.XOKA.GD.ZS,1980,-4.95178373417964
TUR,BN.CAB.XOKA.GD.ZS,1979,-1.57672509988841
TUR,BN.CAB.XOKA.GD.ZS,1978,-1.91921107528921
TUR,BN.CAB.XOKA.GD.ZS,1977,-5.35075262709458
TUR,BN.CAB.XOKA.GD.ZS,1976,-3.94363459669582
TUR,BN.CAB.XOKA.GD.ZS,1975,-3.57927396835247
TUR,BN.CAB.XOKA.GD.ZS,1974,-1.58410649455426
TUR,BN.CAB.XOKA.GD.ZS,1973,
TUR,BN.CAB.XOKA.GD.ZS,1972,
TUR,BN.CAB.XOKA.GD.ZS,1971,
TUR,BN.CAB.XOKA.GD.ZS,1970,
TUR,BN.CAB.XOKA.GD.ZS,1969,
TUR,BN.CAB.XOKA.GD.ZS,1968,
TUR,BN.CAB.XOKA.GD.ZS,1967,
TUR,BN.CAB.XOKA.GD.ZS,1966,
TUR,BN.CAB.XOKA.GD.ZS,1965,
TUR,BN.CAB.XOKA.GD.ZS,1964,
TUR,BN.CAB.XOKA.GD.ZS,1963,
TUR,BN.CAB.XOKA.GD.ZS,1962,
TUR,BN.CAB.XOKA.GD.ZS,1961,
TUR,BN.CAB.XOKA.GD.ZS,1960,
TKM,BN.CAB.XOKA.GD.ZS,2025,
TKM,BN.CAB.XOKA.GD.ZS,2024,
TKM,BN.CAB.XOKA.GD.ZS,2023,
TKM,BN.CAB.XOKA.GD.ZS,2022,
TKM,BN.CAB.XOKA.GD.ZS,2021,
TKM,BN.CAB.XOKA.GD.ZS,2020,
TKM,BN.CAB.XOKA.GD.ZS,2019,
TKM,BN.CAB.XOKA.GD.ZS,2018,
TKM,BN.CAB.XOKA.GD.ZS,2017,
TKM,BN.CAB.XOKA.GD.ZS,2016,
TKM,BN.CAB.XOKA.GD.ZS,2015,
TKM,BN.CAB.XOKA.GD.ZS,2014,
TKM,BN.CAB.XOKA.GD.ZS,2013,
TKM,BN.CAB.XOKA.GD.ZS,2012,
TKM,BN.CAB.XOKA.GD.ZS,2011,
TKM,BN.CAB.XOKA.GD.ZS,2010,
TKM,BN.CAB.XOKA.GD.ZS,2009,
TKM,BN.CAB.XOKA.GD.ZS,2008,
TKM,BN.CAB.XOKA.GD.ZS,2007,
TKM,BN.CAB.XOKA.GD.ZS,2006,
TKM,BN.CAB.XOKA.GD.ZS,2005,
TKM,BN.CAB.XOKA.GD.ZS,2004,
TKM,BN.CAB.XOKA.GD.ZS,2003,
TKM,BN.CAB.XOKA.GD.ZS,2002,
TKM,BN.CAB.XOKA.GD.ZS,2001,
TKM,BN.CAB.XOKA.GD.ZS,2000,
TKM,BN.CAB.XOKA.GD.ZS,1999,
TKM,BN.CAB.XOKA.GD.ZS,1998,
TKM,BN.CAB.XOKA.GD.ZS,1997,
TKM,BN.CAB.XOKA.GD.ZS,1996,
TKM,BN.CAB.XOKA.GD.ZS,1995,
TKM,BN.CAB.XOKA.GD.ZS,1994,
TKM,BN.CAB.XOKA.GD.ZS,1993,
TKM,BN.CAB.XOKA.GD.ZS,1992,
TKM,BN.CAB.XOKA.GD.ZS,1991,
TKM,BN.CAB.XOKA.GD.ZS,1990,
TKM,BN.CAB.XOKA.GD.ZS,1989,
TKM,BN.CAB.XOKA.GD.ZS,1988,
TKM,BN.CAB.XOKA.GD.ZS,1987,
TKM,BN.CAB.XOKA.GD.ZS,1986,
TKM,BN.CAB.XOKA.GD.ZS,1985,
TKM,BN.CAB.XOKA.GD.ZS,1984,
TKM,BN.CAB.XOKA.GD.ZS,1983,
TKM,BN.CAB.XOKA.GD.ZS,1982,
TKM,BN.CAB.XOKA.GD.ZS,1981,
TKM,BN.CAB.XOKA.GD.ZS,1980,
TKM,BN.CAB.XOKA.GD.ZS,1979,
TKM,BN.CAB.XOKA.GD.ZS,1978,
TKM,BN.CAB.XOKA.GD.ZS,1977,
TKM,BN.CAB.XOKA.GD.ZS,1976,
TKM,BN.CAB.XOKA.GD.ZS,1975,
TKM,BN.CAB.XOKA.GD.ZS,1974,
TKM,BN.CAB.XOKA.GD.ZS,1973,
TKM,BN.CAB.XOKA.GD.ZS,1972,
TKM,BN.CAB.XOKA.GD.ZS,1971,
TKM,BN.CAB.XOKA.GD.ZS,1970,
TKM,BN.CAB.XOKA.GD.ZS,1969,
TKM,BN.CAB.XOKA.GD.ZS,1968,
TKM,BN.CAB.XOKA.GD.ZS,1967,
TKM,BN.CAB.XOKA.GD.ZS,1966,
TKM,BN.CAB.XOKA.GD.ZS,1965,
TKM,BN.CAB.XOKA.GD.ZS,1964,
TKM,BN.CAB.XOKA.GD.ZS,1963,
TKM,BN.CAB.XOKA.GD.ZS,1962,
TKM,BN.CAB.XOKA.GD.ZS,1961,
TKM,BN.CAB.XOKA.GD.ZS,1960,
TCA,BN.CAB.XOKA.GD.ZS,2025,
TCA,BN.CAB.XOKA.GD.ZS,2024,
TCA,BN.CAB.XOKA.GD.ZS,2023,
TCA,BN.CAB.XOKA.GD.ZS,2022,
TCA,BN.CAB.XOKA.GD.ZS,2021,
TCA,BN.CAB.XOKA.GD.ZS,2020,
TCA,BN.CAB.XOKA.GD.ZS,2019,
TCA,BN.CAB.XOKA.GD.ZS,2018,13.1404891042622
TCA,BN.CAB.XOKA.GD.ZS,2017,2.9229683096609
TCA,BN.CAB.XOKA.GD.ZS,2016,20.5545024828499
TCA,BN.CAB.XOKA.GD.ZS,2015,14.2411154163207
TCA,BN.CAB.XOKA.GD.ZS,2014,11.2746582075413
TCA,BN.CAB.XOKA.GD.ZS,2013,
TCA,BN.CAB.XOKA.GD.ZS,2012,
TCA,BN.CAB.XOKA.GD.ZS,2011,
TCA,BN.CAB.XOKA.GD.ZS,2010,
TCA,BN.CAB.XOKA.GD.ZS,2009,
TCA,BN.CAB.XOKA.GD.ZS,2008,
TCA,BN.CAB.XOKA.GD.ZS,2007,
TCA,BN.CAB.XOKA.GD.ZS,2006,
TCA,BN.CAB.XOKA.GD.ZS,2005,
TCA,BN.CAB.XOKA.GD.ZS,2004,
TCA,BN.CAB.XOKA.GD.ZS,2003,
TCA,BN.CAB.XOKA.GD.ZS,2002,
TCA,BN.CAB.XOKA.GD.ZS,2001,
TCA,BN.CAB.XOKA.GD.ZS,2000,
TCA,BN.CAB.XOKA.GD.ZS,1999,
TCA,BN.CAB.XOKA.GD.ZS,1998,
TCA,BN.CAB.XOKA.GD.ZS,1997,
TCA,BN.CAB.XOKA.GD.ZS,1996,
TCA,BN.CAB.XOKA.GD.ZS,1995,
TCA,BN.CAB.XOKA.GD.ZS,1994,
TCA,BN.CAB.XOKA.GD.ZS,1993,
TCA,BN.CAB.XOKA.GD.ZS,1992,
TCA,BN.CAB.XOKA.GD.ZS,1991,
TCA,BN.CAB.XOKA.GD.ZS,1990,
TCA,BN.CAB.XOKA.GD.ZS,1989,
TCA,BN.CAB.XOKA.GD.ZS,1988,
TCA,BN.CAB.XOKA.GD.ZS,1987,
TCA,BN.CAB.XOKA.GD.ZS,1986,
TCA,BN.CAB.XOKA.GD.ZS,1985,
TCA,BN.CAB.XOKA.GD.ZS,1984,
TCA,BN.CAB.XOKA.GD.ZS,1983,
TCA,BN.CAB.XOKA.GD.ZS,1982,
TCA,BN.CAB.XOKA.GD.ZS,1981,
TCA,BN.CAB.XOKA.GD.ZS,1980,
TCA,BN.CAB.XOKA.GD.ZS,1979,
TCA,BN.CAB.XOKA.GD.ZS,1978,
TCA,BN.CAB.XOKA.GD.ZS,1977,
TCA,BN.CAB.XOKA.GD.ZS,1976,
TCA,BN.CAB.XOKA.GD.ZS,1975,
TCA,BN.CAB.XOKA.GD.ZS,1974,
TCA,BN.CAB.XOKA.GD.ZS,1973,
TCA,BN.CAB.XOKA.GD.ZS,1972,
TCA,BN.CAB.XOKA.GD.ZS,1971,
TCA,BN.CAB.XOKA.GD.ZS,1970,
TCA,BN.CAB.XOKA.GD.ZS,1969,
TCA,BN.CAB.XOKA.GD.ZS,1968,
TCA,BN.CAB.XOKA.GD.ZS,1967,
TCA,BN.CAB.XOKA.GD.ZS,1966,
TCA,BN.CAB.XOKA.GD.ZS,1965,
TCA,BN.CAB.XOKA.GD.ZS,1964,
TCA,BN.CAB.XOKA.GD.ZS,1963,
TCA,BN.CAB.XOKA.GD.ZS,1962,
TCA,BN.CAB.XOKA.GD.ZS,1961,
TCA,BN.CAB.XOKA.GD.ZS,1960,
TUV,BN.CAB.XOKA.GD.ZS,2025,
TUV,BN.CAB.XOKA.GD.ZS,2024,
TUV,BN.CAB.XOKA.GD.ZS,2023,
TUV,BN.CAB.XOKA.GD.ZS,2022,4.59319167015377
TUV,BN.CAB.XOKA.GD.ZS,2021,24.1420712684925
TUV,BN.CAB.XOKA.GD.ZS,2020,16.3497212467754
TUV,BN.CAB.XOKA.GD.ZS,2019,-22.1743644674463
TUV,BN.CAB.XOKA.GD.ZS,2018,60.9224209820659
TUV,BN.CAB.XOKA.GD.ZS,2017,2.07288116287233
TUV,BN.CAB.XOKA.GD.ZS,2016,29.6446004102969
TUV,BN.CAB.XOKA.GD.ZS,2015,-33.5990747275474
TUV,BN.CAB.XOKA.GD.ZS,2014,-0.479895040010853
TUV,BN.CAB.XOKA.GD.ZS,2013,2.84622026743526
TUV,BN.CAB.XOKA.GD.ZS,2012,16.3382480187047
TUV,BN.CAB.XOKA.GD.ZS,2011,-60.8777544681156
TUV,BN.CAB.XOKA.GD.ZS,2010,-43.6491917216297
TUV,BN.CAB.XOKA.GD.ZS,2009,-60.2157282738319
TUV,BN.CAB.XOKA.GD.ZS,2008,-11.6349155301629
TUV,BN.CAB.XOKA.GD.ZS,2007,-15.3398649762283
TUV,BN.CAB.XOKA.GD.ZS,2006,27.1788492719464
TUV,BN.CAB.XOKA.GD.ZS,2005,-18.672136810379
TUV,BN.CAB.XOKA.GD.ZS,2004,-30.971059488207
TUV,BN.CAB.XOKA.GD.ZS,2003,-32.3254454978408
TUV,BN.CAB.XOKA.GD.ZS,2002,0.148391168197838
TUV,BN.CAB.XOKA.GD.ZS,2001,-55.9101767511624
TUV,BN.CAB.XOKA.GD.ZS,2000,
TUV,BN.CAB.XOKA.GD.ZS,1999,
TUV,BN.CAB.XOKA.GD.ZS,1998,
TUV,BN.CAB.XOKA.GD.ZS,1997,
TUV,BN.CAB.XOKA.GD.ZS,1996,
TUV,BN.CAB.XOKA.GD.ZS,1995,
TUV,BN.CAB.XOKA.GD.ZS,1994,
TUV,BN.CAB.XOKA.GD.ZS,1993,
TUV,BN.CAB.XOKA.GD.ZS,1992,
TUV,BN.CAB.XOKA.GD.ZS,1991,
TUV,BN.CAB.XOKA.GD.ZS,1990,
TUV,BN.CAB.XOKA.GD.ZS,1989,
TUV,BN.CAB.XOKA.GD.ZS,1988,
TUV,BN.CAB.XOKA.GD.ZS,1987,
TUV,BN.CAB.XOKA.GD.ZS,1986,
TUV,BN.CAB.XOKA.GD.ZS,1985,
TUV,BN.CAB.XOKA.GD.ZS,1984,
TUV,BN.CAB.XOKA.GD.ZS,1983,
TUV,BN.CAB.XOKA.GD.ZS,1982,
TUV,BN.CAB.XOKA.GD.ZS,1981,
TUV,BN.CAB.XOKA.GD.ZS,1980,
TUV,BN.CAB.XOKA.GD.ZS,1979,
TUV,BN.CAB.XOKA.GD.ZS,1978,
TUV,BN.CAB.XOKA.GD.ZS,1977,
TUV,BN.CAB.XOKA.GD.ZS,1976,
TUV,BN.CAB.XOKA.GD.ZS,1975,
TUV,BN.CAB.XOKA.GD.ZS,1974,
TUV,BN.CAB.XOKA.GD.ZS,1973,
TUV,BN.CAB.XOKA.GD.ZS,1972,
TUV,BN.CAB.XOKA.GD.ZS,1971,
TUV,BN.CAB.XOKA.GD.ZS,1970,
TUV,BN.CAB.XOKA.GD.ZS,1969,
TUV,BN.CAB.XOKA.GD.ZS,1968,
TUV,BN.CAB.XOKA.GD.ZS,1967,
TUV,BN.CAB.XOKA.GD.ZS,1966,
TUV,BN.CAB.XOKA.GD.ZS,1965,
TUV,BN.CAB.XOKA.GD.ZS,1964,
TUV,BN.CAB.XOKA.GD.ZS,1963,
TUV,BN.CAB.XOKA.GD.ZS,1962,
TUV,BN.CAB.XOKA.GD.ZS,1961,
TUV,BN.CAB.XOKA.GD.ZS,1960,
UGA,BN.CAB.XOKA.GD.ZS,2025,
UGA,BN.CAB.XOKA.GD.ZS,2024,-7.96125021381889
UGA,BN.CAB.XOKA.GD.ZS,2023,-7.43276098384918
UGA,BN.CAB.XOKA.GD.ZS,2022,-8.91894768094252
UGA,BN.CAB.XOKA.GD.ZS,2021,-8.89444337919893
UGA,BN.CAB.XOKA.GD.ZS,2020,-9.56955217837738
UGA,BN.CAB.XOKA.GD.ZS,2019,-7.44661374623001
UGA,BN.CAB.XOKA.GD.ZS,2018,-6.32986816350394
UGA,BN.CAB.XOKA.GD.ZS,2017,-4.88278660173815
UGA,BN.CAB.XOKA.GD.ZS,2016,-2.72563968618806
UGA,BN.CAB.XOKA.GD.ZS,2015,-5.09288758031741
UGA,BN.CAB.XOKA.GD.ZS,2014,-6.64160843323991
UGA,BN.CAB.XOKA.GD.ZS,2013,-6.05719389968621
UGA,BN.CAB.XOKA.GD.ZS,2012,-6.0631263873337
UGA,BN.CAB.XOKA.GD.ZS,2011,-7.48878445953833
UGA,BN.CAB.XOKA.GD.ZS,2010,-6.0351181457015
UGA,BN.CAB.XOKA.GD.ZS,2009,-4.1708492322474
UGA,BN.CAB.XOKA.GD.ZS,2008,-8.47510327903427
UGA,BN.CAB.XOKA.GD.ZS,2007,-4.72875221684934
UGA,BN.CAB.XOKA.GD.ZS,2006,-3.18903604186135
UGA,BN.CAB.XOKA.GD.ZS,2005,0.532773077990312
UGA,BN.CAB.XOKA.GD.ZS,2004,-0.0210973345748714
UGA,BN.CAB.XOKA.GD.ZS,2003,-0.581756161515945
UGA,BN.CAB.XOKA.GD.ZS,2002,-2.46011695217403
UGA,BN.CAB.XOKA.GD.ZS,2001,-5.23214599458245
UGA,BN.CAB.XOKA.GD.ZS,2000,-5.79340706801523
UGA,BN.CAB.XOKA.GD.ZS,1999,-4.88783709351708
UGA,BN.CAB.XOKA.GD.ZS,1998,-5.52316129222945
UGA,BN.CAB.XOKA.GD.ZS,1997,-5.03610167506473
UGA,BN.CAB.XOKA.GD.ZS,1996,-3.49899932849718
UGA,BN.CAB.XOKA.GD.ZS,1995,-4.8905291793045
UGA,BN.CAB.XOKA.GD.ZS,1994,-4.36544383685547
UGA,BN.CAB.XOKA.GD.ZS,1993,-5.31387173151944
UGA,BN.CAB.XOKA.GD.ZS,1992,-3.48561582703683
UGA,BN.CAB.XOKA.GD.ZS,1991,-5.11089230463569
UGA,BN.CAB.XOKA.GD.ZS,1990,-6.11699754177912
UGA,BN.CAB.XOKA.GD.ZS,1989,-4.91844088909651
UGA,BN.CAB.XOKA.GD.ZS,1988,-2.99911194489214
UGA,BN.CAB.XOKA.GD.ZS,1987,-1.78658430782395
UGA,BN.CAB.XOKA.GD.ZS,1986,-1.1028387127871
UGA,BN.CAB.XOKA.GD.ZS,1985,0.130632123539501
UGA,BN.CAB.XOKA.GD.ZS,1984,2.86376682812996
UGA,BN.CAB.XOKA.GD.ZS,1983,-3.22439954114226
UGA,BN.CAB.XOKA.GD.ZS,1982,-3.20994831044514
UGA,BN.CAB.XOKA.GD.ZS,1981,1.89945656098534
UGA,BN.CAB.XOKA.GD.ZS,1980,-6.64221718449514
UGA,BN.CAB.XOKA.GD.ZS,1979,
UGA,BN.CAB.XOKA.GD.ZS,1978,
UGA,BN.CAB.XOKA.GD.ZS,1977,
UGA,BN.CAB.XOKA.GD.ZS,1976,
UGA,BN.CAB.XOKA.GD.ZS,1975,
UGA,BN.CAB.XOKA.GD.ZS,1974,
UGA,BN.CAB.XOKA.GD.ZS,1973,
UGA,BN.CAB.XOKA.GD.ZS,1972,
UGA,BN.CAB.XOKA.GD.ZS,1971,
UGA,BN.CAB.XOKA.GD.ZS,1970,
UGA,BN.CAB.XOKA.GD.ZS,1969,
UGA,BN.CAB.XOKA.GD.ZS,1968,
UGA,BN.CAB.XOKA.GD.ZS,1967,
UGA,BN.CAB.XOKA.GD.ZS,1966,
UGA,BN.CAB.XOKA.GD.ZS,1965,
UGA,BN.CAB.XOKA.GD.ZS,1964,
UGA,BN.CAB.XOKA.GD.ZS,1963,
UGA,BN.CAB.XOKA.GD.ZS,1962,
UGA,BN.CAB.XOKA.GD.ZS,1961,
UGA,BN.CAB.XOKA.GD.ZS,1960,
UKR,BN.CAB.XOKA.GD.ZS,2025,
UKR,BN.CAB.XOKA.GD.ZS,2024,-7.93850256012182
UKR,BN.CAB.XOKA.GD.ZS,2023,-5.27751897924565
UKR,BN.CAB.XOKA.GD.ZS,2022,4.9237752939142
UKR,BN.CAB.XOKA.GD.ZS,2021,-1.94327499620701
UKR,BN.CAB.XOKA.GD.ZS,2020,3.36296552669264
UKR,BN.CAB.XOKA.GD.ZS,2019,-2.67995732261758
UKR,BN.CAB.XOKA.GD.ZS,2018,-4.9140091077667
UKR,BN.CAB.XOKA.GD.ZS,2017,-3.09838910750506
UKR,BN.CAB.XOKA.GD.ZS,2016,-1.99880308749136
UKR,BN.CAB.XOKA.GD.ZS,2015,5.53108477509173
UKR,BN.CAB.XOKA.GD.ZS,2014,-3.44259678457888
UKR,BN.CAB.XOKA.GD.ZS,2013,-8.67092024008033
UKR,BN.CAB.XOKA.GD.ZS,2012,-7.85084742299342
UKR,BN.CAB.XOKA.GD.ZS,2011,-6.04309232577169
UKR,BN.CAB.XOKA.GD.ZS,2010,-2.13583862214825
UKR,BN.CAB.XOKA.GD.ZS,2009,-1.42819353735104
UKR,BN.CAB.XOKA.GD.ZS,2008,-6.79441468128891
UKR,BN.CAB.XOKA.GD.ZS,2007,-3.53046707122563
UKR,BN.CAB.XOKA.GD.ZS,2006,-1.44702469655834
UKR,BN.CAB.XOKA.GD.ZS,2005,2.83956995265949
UKR,BN.CAB.XOKA.GD.ZS,2004,10.2811427404739
UKR,BN.CAB.XOKA.GD.ZS,2003,5.57773535288709
UKR,BN.CAB.XOKA.GD.ZS,2002,7.23448030648592
UKR,BN.CAB.XOKA.GD.ZS,2001,3.36813562211436
UKR,BN.CAB.XOKA.GD.ZS,2000,4.14516299850109
UKR,BN.CAB.XOKA.GD.ZS,1999,5.25005200472241
UKR,BN.CAB.XOKA.GD.ZS,1998,-3.09436943261236
UKR,BN.CAB.XOKA.GD.ZS,1997,-2.66193266213249
UKR,BN.CAB.XOKA.GD.ZS,1996,-2.65716127037868
UKR,BN.CAB.XOKA.GD.ZS,1995,-2.38935460545648
UKR,BN.CAB.XOKA.GD.ZS,1994,-2.21314802923152
UKR,BN.CAB.XOKA.GD.ZS,1993,
UKR,BN.CAB.XOKA.GD.ZS,1992,
UKR,BN.CAB.XOKA.GD.ZS,1991,
UKR,BN.CAB.XOKA.GD.ZS,1990,
UKR,BN.CAB.XOKA.GD.ZS,1989,
UKR,BN.CAB.XOKA.GD.ZS,1988,
UKR,BN.CAB.XOKA.GD.ZS,1987,
UKR,BN.CAB.XOKA.GD.ZS,1986,
UKR,BN.CAB.XOKA.GD.ZS,1985,
UKR,BN.CAB.XOKA.GD.ZS,1984,
UKR,BN.CAB.XOKA.GD.ZS,1983,
UKR,BN.CAB.XOKA.GD.ZS,1982,
UKR,BN.CAB.XOKA.GD.ZS,1981,
UKR,BN.CAB.XOKA.GD.ZS,1980,
UKR,BN.CAB.XOKA.GD.ZS,1979,
UKR,BN.CAB.XOKA.GD.ZS,1978,
UKR,BN.CAB.XOKA.GD.ZS,1977,
UKR,BN.CAB.XOKA.GD.ZS,1976,
UKR,BN.CAB.XOKA.GD.ZS,1975,
UKR,BN.CAB.XOKA.GD.ZS,1974,
UKR,BN.CAB.XOKA.GD.ZS,1973,
UKR,BN.CAB.XOKA.GD.ZS,1972,
UKR,BN.CAB.XOKA.GD.ZS,1971,
UKR,BN.CAB.XOKA.GD.ZS,1970,
UKR,BN.CAB.XOKA.GD.ZS,1969,
UKR,BN.CAB.XOKA.GD.ZS,1968,
UKR,BN.CAB.XOKA.GD.ZS,1967,
UKR,BN.CAB.XOKA.GD.ZS,1966,
UKR,BN.CAB.XOKA.GD.ZS,1965,
UKR,BN.CAB.XOKA.GD.ZS,1964,
UKR,BN.CAB.XOKA.GD.ZS,1963,
UKR,BN.CAB.XOKA.GD.ZS,1962,
UKR,BN.CAB.XOKA.GD.ZS,1961,
UKR,BN.CAB.XOKA.GD.ZS,1960,
ARE,BN.CAB.XOKA.GD.ZS,2025,
ARE,BN.CAB.XOKA.GD.ZS,2024,14.4792998270076
ARE,BN.CAB.XOKA.GD.ZS,2023,13.1295816769393
ARE,BN.CAB.XOKA.GD.ZS,2022,
ARE,BN.CAB.XOKA.GD.ZS,2021,
ARE,BN.CAB.XOKA.GD.ZS,2020,
ARE,BN.CAB.XOKA.GD.ZS,2019,
ARE,BN.CAB.XOKA.GD.ZS,2018,
ARE,BN.CAB.XOKA.GD.ZS,2017,
ARE,BN.CAB.XOKA.GD.ZS,2016,
ARE,BN.CAB.XOKA.GD.ZS,2015,
ARE,BN.CAB.XOKA.GD.ZS,2014,
ARE,BN.CAB.XOKA.GD.ZS,2013,
ARE,BN.CAB.XOKA.GD.ZS,2012,
ARE,BN.CAB.XOKA.GD.ZS,2011,
ARE,BN.CAB.XOKA.GD.ZS,2010,
ARE,BN.CAB.XOKA.GD.ZS,2009,
ARE,BN.CAB.XOKA.GD.ZS,2008,
ARE,BN.CAB.XOKA.GD.ZS,2007,
ARE,BN.CAB.XOKA.GD.ZS,2006,
ARE,BN.CAB.XOKA.GD.ZS,2005,
ARE,BN.CAB.XOKA.GD.ZS,2004,
ARE,BN.CAB.XOKA.GD.ZS,2003,
ARE,BN.CAB.XOKA.GD.ZS,2002,
ARE,BN.CAB.XOKA.GD.ZS,2001,
ARE,BN.CAB.XOKA.GD.ZS,2000,
ARE,BN.CAB.XOKA.GD.ZS,1999,
ARE,BN.CAB.XOKA.GD.ZS,1998,
ARE,BN.CAB.XOKA.GD.ZS,1997,
ARE,BN.CAB.XOKA.GD.ZS,1996,
ARE,BN.CAB.XOKA.GD.ZS,1995,
ARE,BN.CAB.XOKA.GD.ZS,1994,
ARE,BN.CAB.XOKA.GD.ZS,1993,
ARE,BN.CAB.XOKA.GD.ZS,1992,
ARE,BN.CAB.XOKA.GD.ZS,1991,
ARE,BN.CAB.XOKA.GD.ZS,1990,
ARE,BN.CAB.XOKA.GD.ZS,1989,
ARE,BN.CAB.XOKA.GD.ZS,1988,
ARE,BN.CAB.XOKA.GD.ZS,1987,
ARE,BN.CAB.XOKA.GD.ZS,1986,
ARE,BN.CAB.XOKA.GD.ZS,1985,
ARE,BN.CAB.XOKA.GD.ZS,1984,
ARE,BN.CAB.XOKA.GD.ZS,1983,
ARE,BN.CAB.XOKA.GD.ZS,1982,
ARE,BN.CAB.XOKA.GD.ZS,1981,
ARE,BN.CAB.XOKA.GD.ZS,1980,
ARE,BN.CAB.XOKA.GD.ZS,1979,
ARE,BN.CAB.XOKA.GD.ZS,1978,
ARE,BN.CAB.XOKA.GD.ZS,1977,
ARE,BN.CAB.XOKA.GD.ZS,1976,
ARE,BN.CAB.XOKA.GD.ZS,1975,
ARE,BN.CAB.XOKA.GD.ZS,1974,
ARE,BN.CAB.XOKA.GD.ZS,1973,
ARE,BN.CAB.XOKA.GD.ZS,1972,
ARE,BN.CAB.XOKA.GD.ZS,1971,
ARE,BN.CAB.XOKA.GD.ZS,1970,
ARE,BN.CAB.XOKA.GD.ZS,1969,
ARE,BN.CAB.XOKA.GD.ZS,1968,
ARE,BN.CAB.XOKA.GD.ZS,1967,
ARE,BN.CAB.XOKA.GD.ZS,1966,
ARE,BN.CAB.XOKA.GD.ZS,1965,
ARE,BN.CAB.XOKA.GD.ZS,1964,
ARE,BN.CAB.XOKA.GD.ZS,1963,
ARE,BN.CAB.XOKA.GD.ZS,1962,
ARE,BN.CAB.XOKA.GD.ZS,1961,
ARE,BN.CAB.XOKA.GD.ZS,1960,
GBR,BN.CAB.XOKA.GD.ZS,2025,
GBR,BN.CAB.XOKA.GD.ZS,2024,-2.18793597246208
GBR,BN.CAB.XOKA.GD.ZS,2023,-3.57676183842871
GBR,BN.CAB.XOKA.GD.ZS,2022,-2.06737101121871
GBR,BN.CAB.XOKA.GD.ZS,2021,-0.752836357784011
GBR,BN.CAB.XOKA.GD.ZS,2020,-2.92883387550298
GBR,BN.CAB.XOKA.GD.ZS,2019,-2.66245642145608
GBR,BN.CAB.XOKA.GD.ZS,2018,-3.88728858372976
GBR,BN.CAB.XOKA.GD.ZS,2017,-3.47326460218152
GBR,BN.CAB.XOKA.GD.ZS,2016,-5.46283821927875
GBR,BN.CAB.XOKA.GD.ZS,2015,-4.91700489264854
GBR,BN.CAB.XOKA.GD.ZS,2014,-4.97786981840051
GBR,BN.CAB.XOKA.GD.ZS,2013,-4.63114682704937
GBR,BN.CAB.XOKA.GD.ZS,2012,-3.13257837481106
GBR,BN.CAB.XOKA.GD.ZS,2011,-1.6237867474026
GBR,BN.CAB.XOKA.GD.ZS,2010,-2.75934253189813
GBR,BN.CAB.XOKA.GD.ZS,2009,-3.01852853421921
GBR,BN.CAB.XOKA.GD.ZS,2008,-3.86567706212854
GBR,BN.CAB.XOKA.GD.ZS,2007,-3.71636602944722
GBR,BN.CAB.XOKA.GD.ZS,2006,-3.10941980167091
GBR,BN.CAB.XOKA.GD.ZS,2005,-1.97517731781616
GBR,BN.CAB.XOKA.GD.ZS,2004,-2.28435751976608
GBR,BN.CAB.XOKA.GD.ZS,2003,-1.82204886055783
GBR,BN.CAB.XOKA.GD.ZS,2002,-1.96774674220137
GBR,BN.CAB.XOKA.GD.ZS,2001,-1.75946787442188
GBR,BN.CAB.XOKA.GD.ZS,2000,-1.80322397590519
GBR,BN.CAB.XOKA.GD.ZS,1999,-2.10815347133567
GBR,BN.CAB.XOKA.GD.ZS,1998,-0.317493408980744
GBR,BN.CAB.XOKA.GD.ZS,1997,-0.089379760284927
GBR,BN.CAB.XOKA.GD.ZS,1996,-0.724668922297665
GBR,BN.CAB.XOKA.GD.ZS,1995,-0.995954431591391
GBR,BN.CAB.XOKA.GD.ZS,1994,-0.879081535567197
GBR,BN.CAB.XOKA.GD.ZS,1993,-1.66961487109581
GBR,BN.CAB.XOKA.GD.ZS,1992,-1.96702595518054
GBR,BN.CAB.XOKA.GD.ZS,1991,-1.66449946529553
GBR,BN.CAB.XOKA.GD.ZS,1990,-3.55031184555804
GBR,BN.CAB.XOKA.GD.ZS,1989,-4.65090631621984
GBR,BN.CAB.XOKA.GD.ZS,1988,-3.88147169402263
GBR,BN.CAB.XOKA.GD.ZS,1987,-1.68950941079794
GBR,BN.CAB.XOKA.GD.ZS,1986,-0.220092795315053
GBR,BN.CAB.XOKA.GD.ZS,1985,0.677370024918343
GBR,BN.CAB.XOKA.GD.ZS,1984,0.397286079597481
GBR,BN.CAB.XOKA.GD.ZS,1983,1.0807797343564
GBR,BN.CAB.XOKA.GD.ZS,1982,1.55028160702169
GBR,BN.CAB.XOKA.GD.ZS,1981,2.61238985947785
GBR,BN.CAB.XOKA.GD.ZS,1980,1.21462434887474
GBR,BN.CAB.XOKA.GD.ZS,1979,-0.178279570640728
GBR,BN.CAB.XOKA.GD.ZS,1978,0.644119064686416
GBR,BN.CAB.XOKA.GD.ZS,1977,0.0551351099995306
GBR,BN.CAB.XOKA.GD.ZS,1976,-0.593358578949807
GBR,BN.CAB.XOKA.GD.ZS,1975,-1.43328844610716
GBR,BN.CAB.XOKA.GD.ZS,1974,-3.61344972437301
GBR,BN.CAB.XOKA.GD.ZS,1973,-1.25254746763939
GBR,BN.CAB.XOKA.GD.ZS,1972,0.313802108167172
GBR,BN.CAB.XOKA.GD.ZS,1971,1.83432771771502
GBR,BN.CAB.XOKA.GD.ZS,1970,1.50789705294204
GBR,BN.CAB.XOKA.GD.ZS,1969,
GBR,BN.CAB.XOKA.GD.ZS,1968,
GBR,BN.CAB.XOKA.GD.ZS,1967,
GBR,BN.CAB.XOKA.GD.ZS,1966,
GBR,BN.CAB.XOKA.GD.ZS,1965,
GBR,BN.CAB.XOKA.GD.ZS,1964,
GBR,BN.CAB.XOKA.GD.ZS,1963,
GBR,BN.CAB.XOKA.GD.ZS,1962,
GBR,BN.CAB.XOKA.GD.ZS,1961,
GBR,BN.CAB.XOKA.GD.ZS,1960,
USA,BN.CAB.XOKA.GD.ZS,2025,
USA,BN.CAB.XOKA.GD.ZS,2024,-4.12262463415284
USA,BN.CAB.XOKA.GD.ZS,2023,-3.40030482379486
USA,BN.CAB.XOKA.GD.ZS,2022,-3.87872626619871
USA,BN.CAB.XOKA.GD.ZS,2021,-3.68274086718403
USA,BN.CAB.XOKA.GD.ZS,2020,-2.81809426941685
USA,BN.CAB.XOKA.GD.ZS,2019,-2.06708055581828
USA,BN.CAB.XOKA.GD.ZS,2018,-2.13796218132331
USA,BN.CAB.XOKA.GD.ZS,2017,-1.88739358215214
USA,BN.CAB.XOKA.GD.ZS,2016,-2.11937229657855
USA,BN.CAB.XOKA.GD.ZS,2015,-2.2434721228246
USA,BN.CAB.XOKA.GD.ZS,2014,-2.10805505161045
USA,BN.CAB.XOKA.GD.ZS,2013,-2.01538414033942
USA,BN.CAB.XOKA.GD.ZS,2012,-2.57236812074952
USA,BN.CAB.XOKA.GD.ZS,2011,-2.91862137859132
USA,BN.CAB.XOKA.GD.ZS,2010,-2.87064270506825
USA,BN.CAB.XOKA.GD.ZS,2009,-2.62283669627863
USA,BN.CAB.XOKA.GD.ZS,2008,-4.71586121002055
USA,BN.CAB.XOKA.GD.ZS,2007,-5.08872774231253
USA,BN.CAB.XOKA.GD.ZS,2006,-5.91101922107059
USA,BN.CAB.XOKA.GD.ZS,2005,-5.74598170416952
USA,BN.CAB.XOKA.GD.ZS,2004,-5.20485343641858
USA,BN.CAB.XOKA.GD.ZS,2003,-4.55898086099347
USA,BN.CAB.XOKA.GD.ZS,2002,-4.17333961025019
USA,BN.CAB.XOKA.GD.ZS,2001,-3.72407498836611
USA,BN.CAB.XOKA.GD.ZS,2000,-3.92088614748242
USA,BN.CAB.XOKA.GD.ZS,1999,-2.97598180084223
USA,BN.CAB.XOKA.GD.ZS,1998,-2.37273875749317
USA,BN.CAB.XOKA.GD.ZS,1997,-1.64061330890365
USA,BN.CAB.XOKA.GD.ZS,1996,-1.54496736206885
USA,BN.CAB.XOKA.GD.ZS,1995,-1.48644935848023
USA,BN.CAB.XOKA.GD.ZS,1994,-1.66925292387951
USA,BN.CAB.XOKA.GD.ZS,1993,-1.23616054042839
USA,BN.CAB.XOKA.GD.ZS,1992,-0.791448803104507
USA,BN.CAB.XOKA.GD.ZS,1991,0.0462965293516911
USA,BN.CAB.XOKA.GD.ZS,1990,-1.32399955459737
USA,BN.CAB.XOKA.GD.ZS,1989,-1.76379666689119
USA,BN.CAB.XOKA.GD.ZS,1988,-2.3156580866612
USA,BN.CAB.XOKA.GD.ZS,1987,-3.30875151769798
USA,BN.CAB.XOKA.GD.ZS,1986,-3.21366503109093
USA,BN.CAB.XOKA.GD.ZS,1985,-2.86830150595336
USA,BN.CAB.XOKA.GD.ZS,1984,-2.45214189670976
USA,BN.CAB.XOKA.GD.ZS,1983,-1.21688325768745
USA,BN.CAB.XOKA.GD.ZS,1982,-0.347121184979076
USA,BN.CAB.XOKA.GD.ZS,1981,0.149982491648844
USA,BN.CAB.XOKA.GD.ZS,1980,0.0744407233804418
USA,BN.CAB.XOKA.GD.ZS,1979,-0.00596422303529853
USA,BN.CAB.XOKA.GD.ZS,1978,-0.66962947339236
USA,BN.CAB.XOKA.GD.ZS,1977,-0.725324786989883
USA,BN.CAB.XOKA.GD.ZS,1976,0.204973598973424
USA,BN.CAB.XOKA.GD.ZS,1975,1.06118805581802
USA,BN.CAB.XOKA.GD.ZS,1974,0.110015059120151
USA,BN.CAB.XOKA.GD.ZS,1973,0.53178950676874
USA,BN.CAB.XOKA.GD.ZS,1972,-0.411223428790331
USA,BN.CAB.XOKA.GD.ZS,1971,-0.0841310039919303
USA,BN.CAB.XOKA.GD.ZS,1970,0.244106277537657
USA,BN.CAB.XOKA.GD.ZS,1969,
USA,BN.CAB.XOKA.GD.ZS,1968,
USA,BN.CAB.XOKA.GD.ZS,1967,
USA,BN.CAB.XOKA.GD.ZS,1966,
USA,BN.CAB.XOKA.GD.ZS,1965,
USA,BN.CAB.XOKA.GD.ZS,1964,
USA,BN.CAB.XOKA.GD.ZS,1963,
USA,BN.CAB.XOKA.GD.ZS,1962,
USA,BN.CAB.XOKA.GD.ZS,1961,
USA,BN.CAB.XOKA.GD.ZS,1960,
URY,BN.CAB.XOKA.GD.ZS,2025,
URY,BN.CAB.XOKA.GD.ZS,2024,-0.781685795631197
URY,BN.CAB.XOKA.GD.ZS,2023,-3.04470134396297
URY,BN.CAB.XOKA.GD.ZS,2022,-3.52245012835208
URY,BN.CAB.XOKA.GD.ZS,2021,-2.43351136785366
URY,BN.CAB.XOKA.GD.ZS,2020,-0.641294428126755
URY,BN.CAB.XOKA.GD.ZS,2019,1.29076853403237
URY,BN.CAB.XOKA.GD.ZS,2018,-0.459786697980493
URY,BN.CAB.XOKA.GD.ZS,2017,0.0113261754730738
URY,BN.CAB.XOKA.GD.ZS,2016,0.825062149663385
URY,BN.CAB.XOKA.GD.ZS,2015,-0.255015059040964
URY,BN.CAB.XOKA.GD.ZS,2014,-2.98942522248202
URY,BN.CAB.XOKA.GD.ZS,2013,-3.28720935568052
URY,BN.CAB.XOKA.GD.ZS,2012,-3.7550569524485
URY,BN.CAB.XOKA.GD.ZS,2011,-2.61132861090732
URY,BN.CAB.XOKA.GD.ZS,2010,-1.74215679383919
URY,BN.CAB.XOKA.GD.ZS,2009,-1.16571403141018
URY,BN.CAB.XOKA.GD.ZS,2008,-5.55595054569104
URY,BN.CAB.XOKA.GD.ZS,2007,-0.926356077597871
URY,BN.CAB.XOKA.GD.ZS,2006,-1.9850690235445
URY,BN.CAB.XOKA.GD.ZS,2005,0.243497121353953
URY,BN.CAB.XOKA.GD.ZS,2004,0.0228310712848396
URY,BN.CAB.XOKA.GD.ZS,2003,-0.724417111042172
URY,BN.CAB.XOKA.GD.ZS,2002,2.80710265957684
URY,BN.CAB.XOKA.GD.ZS,2001,-2.38113794693639
URY,BN.CAB.XOKA.GD.ZS,2000,-2.48133850696421
URY,BN.CAB.XOKA.GD.ZS,1999,-2.11641577716128
URY,BN.CAB.XOKA.GD.ZS,1998,-1.87308798948415
URY,BN.CAB.XOKA.GD.ZS,1997,-1.19901179230843
URY,BN.CAB.XOKA.GD.ZS,1996,-1.1376787138155
URY,BN.CAB.XOKA.GD.ZS,1995,-1.10116960243742
URY,BN.CAB.XOKA.GD.ZS,1994,-2.50821351284002
URY,BN.CAB.XOKA.GD.ZS,1993,-1.62503515644754
URY,BN.CAB.XOKA.GD.ZS,1992,-0.0681775008401581
URY,BN.CAB.XOKA.GD.ZS,1991,0.37863047604701
URY,BN.CAB.XOKA.GD.ZS,1990,1.99907346180948
URY,BN.CAB.XOKA.GD.ZS,1989,1.58159459002142
URY,BN.CAB.XOKA.GD.ZS,1988,0.26955495921193
URY,BN.CAB.XOKA.GD.ZS,1987,-1.91014744585118
URY,BN.CAB.XOKA.GD.ZS,1986,0.711891106621491
URY,BN.CAB.XOKA.GD.ZS,1985,-2.07099809472875
URY,BN.CAB.XOKA.GD.ZS,1984,-2.66172475187141
URY,BN.CAB.XOKA.GD.ZS,1983,-1.22690337048756
URY,BN.CAB.XOKA.GD.ZS,1982,-2.55589520646572
URY,BN.CAB.XOKA.GD.ZS,1981,-4.1762075674225
URY,BN.CAB.XOKA.GD.ZS,1980,-6.97725668083814
URY,BN.CAB.XOKA.GD.ZS,1979,-4.97271882059982
URY,BN.CAB.XOKA.GD.ZS,1978,-2.58642394816535
URY,BN.CAB.XOKA.GD.ZS,1977,
URY,BN.CAB.XOKA.GD.ZS,1976,
URY,BN.CAB.XOKA.GD.ZS,1975,
URY,BN.CAB.XOKA.GD.ZS,1974,
URY,BN.CAB.XOKA.GD.ZS,1973,
URY,BN.CAB.XOKA.GD.ZS,1972,
URY,BN.CAB.XOKA.GD.ZS,1971,
URY,BN.CAB.XOKA.GD.ZS,1970,
URY,BN.CAB.XOKA.GD.ZS,1969,
URY,BN.CAB.XOKA.GD.ZS,1968,
URY,BN.CAB.XOKA.GD.ZS,1967,
URY,BN.CAB.XOKA.GD.ZS,1966,
URY,BN.CAB.XOKA.GD.ZS,1965,
URY,BN.CAB.XOKA.GD.ZS,1964,
URY,BN.CAB.XOKA.GD.ZS,1963,
URY,BN.CAB.XOKA.GD.ZS,1962,
URY,BN.CAB.XOKA.GD.ZS,1961,
URY,BN.CAB.XOKA.GD.ZS,1960,
UZB,BN.CAB.XOKA.GD.ZS,2025,
UZB,BN.CAB.XOKA.GD.ZS,2024,-4.97044064284576
UZB,BN.CAB.XOKA.GD.ZS,2023,-7.59699517774883
UZB,BN.CAB.XOKA.GD.ZS,2022,-3.15905928026031
UZB,BN.CAB.XOKA.GD.ZS,2021,-6.33246372299442
UZB,BN.CAB.XOKA.GD.ZS,2020,-4.55709801917972
UZB,BN.CAB.XOKA.GD.ZS,2019,-5.00972224414463
UZB,BN.CAB.XOKA.GD.ZS,2018,-6.12166433969794
UZB,BN.CAB.XOKA.GD.ZS,2017,2.12025210569772
UZB,BN.CAB.XOKA.GD.ZS,2016,0.24755111491788
UZB,BN.CAB.XOKA.GD.ZS,2015,1.03912867157671
UZB,BN.CAB.XOKA.GD.ZS,2014,2.56777659798885
UZB,BN.CAB.XOKA.GD.ZS,2013,1.79798249224147
UZB,BN.CAB.XOKA.GD.ZS,2012,1.79063211759422
UZB,BN.CAB.XOKA.GD.ZS,2011,4.62538550929307
UZB,BN.CAB.XOKA.GD.ZS,2010,4.57873837700294
UZB,BN.CAB.XOKA.GD.ZS,2009,5.22767728940483
UZB,BN.CAB.XOKA.GD.ZS,2008,10.775516002095
UZB,BN.CAB.XOKA.GD.ZS,2007,8.10827572787101
UZB,BN.CAB.XOKA.GD.ZS,2006,9.98278095339074
UZB,BN.CAB.XOKA.GD.ZS,2005,8.02147599172506
UZB,BN.CAB.XOKA.GD.ZS,2004,
UZB,BN.CAB.XOKA.GD.ZS,2003,
UZB,BN.CAB.XOKA.GD.ZS,2002,
UZB,BN.CAB.XOKA.GD.ZS,2001,
UZB,BN.CAB.XOKA.GD.ZS,2000,
UZB,BN.CAB.XOKA.GD.ZS,1999,
UZB,BN.CAB.XOKA.GD.ZS,1998,
UZB,BN.CAB.XOKA.GD.ZS,1997,
UZB,BN.CAB.XOKA.GD.ZS,1996,
UZB,BN.CAB.XOKA.GD.ZS,1995,
UZB,BN.CAB.XOKA.GD.ZS,1994,
UZB,BN.CAB.XOKA.GD.ZS,1993,
UZB,BN.CAB.XOKA.GD.ZS,1992,
UZB,BN.CAB.XOKA.GD.ZS,1991,
UZB,BN.CAB.XOKA.GD.ZS,1990,
UZB,BN.CAB.XOKA.GD.ZS,1989,
UZB,BN.CAB.XOKA.GD.ZS,1988,
UZB,BN.CAB.XOKA.GD.ZS,1987,
UZB,BN.CAB.XOKA.GD.ZS,1986,
UZB,BN.CAB.XOKA.GD.ZS,1985,
UZB,BN.CAB.XOKA.GD.ZS,1984,
UZB,BN.CAB.XOKA.GD.ZS,1983,
UZB,BN.CAB.XOKA.GD.ZS,1982,
UZB,BN.CAB.XOKA.GD.ZS,1981,
UZB,BN.CAB.XOKA.GD.ZS,1980,
UZB,BN.CAB.XOKA.GD.ZS,1979,
UZB,BN.CAB.XOKA.GD.ZS,1978,
UZB,BN.CAB.XOKA.GD.ZS,1977,
UZB,BN.CAB.XOKA.GD.ZS,1976,
UZB,BN.CAB.XOKA.GD.ZS,1975,
UZB,BN.CAB.XOKA.GD.ZS,1974,
UZB,BN.CAB.XOKA.GD.ZS,1973,
UZB,BN.CAB.XOKA.GD.ZS,1972,
UZB,BN.CAB.XOKA.GD.ZS,1971,
UZB,BN.CAB.XOKA.GD.ZS,1970,
UZB,BN.CAB.XOKA.GD.ZS,1969,
UZB,BN.CAB.XOKA.GD.ZS,1968,
UZB,BN.CAB.XOKA.GD.ZS,1967,
UZB,BN.CAB.XOKA.GD.ZS,1966,
UZB,BN.CAB.XOKA.GD.ZS,1965,
UZB,BN.CAB.XOKA.GD.ZS,1964,
UZB,BN.CAB.XOKA.GD.ZS,1963,
UZB,BN.CAB.XOKA.GD.ZS,1962,
UZB,BN.CAB.XOKA.GD.ZS,1961,
UZB,BN.CAB.XOKA.GD.ZS,1960,
VUT,BN.CAB.XOKA.GD.ZS,2025,
VUT,BN.CAB.XOKA.GD.ZS,2024,
VUT,BN.CAB.XOKA.GD.ZS,2023,
VUT,BN.CAB.XOKA.GD.ZS,2022,-12.0784970754148
VUT,BN.CAB.XOKA.GD.ZS,2021,-7.93891667204483
VUT,BN.CAB.XOKA.GD.ZS,2020,-6.36202228392834
VUT,BN.CAB.XOKA.GD.ZS,2019,7.82580551277015
VUT,BN.CAB.XOKA.GD.ZS,2018,3.23647166648163
VUT,BN.CAB.XOKA.GD.ZS,2017,-8.04760340430765
VUT,BN.CAB.XOKA.GD.ZS,2016,-8.76110921369256
VUT,BN.CAB.XOKA.GD.ZS,2015,-15.0894401773954
VUT,BN.CAB.XOKA.GD.ZS,2014,0.547350761579054
VUT,BN.CAB.XOKA.GD.ZS,2013,-0.679551096968484
VUT,BN.CAB.XOKA.GD.ZS,2012,-9.17502386187912
VUT,BN.CAB.XOKA.GD.ZS,2011,-7.91488480979288
VUT,BN.CAB.XOKA.GD.ZS,2010,-6.28849949641009
VUT,BN.CAB.XOKA.GD.ZS,2009,1.73468872565137
VUT,BN.CAB.XOKA.GD.ZS,2008,-23.9660923505511
VUT,BN.CAB.XOKA.GD.ZS,2007,-6.66442097163022
VUT,BN.CAB.XOKA.GD.ZS,2006,-6.85825815927699
VUT,BN.CAB.XOKA.GD.ZS,2005,-8.62045532228855
VUT,BN.CAB.XOKA.GD.ZS,2004,-6.14777943367831
VUT,BN.CAB.XOKA.GD.ZS,2003,-7.04462338564548
VUT,BN.CAB.XOKA.GD.ZS,2002,-6.49555151242909
VUT,BN.CAB.XOKA.GD.ZS,2001,0.705178324233457
VUT,BN.CAB.XOKA.GD.ZS,2000,1.83612901398448
VUT,BN.CAB.XOKA.GD.ZS,1999,-4.87888029034714
VUT,BN.CAB.XOKA.GD.ZS,1998,2.19507065890242
VUT,BN.CAB.XOKA.GD.ZS,1997,-7.09080001155568
VUT,BN.CAB.XOKA.GD.ZS,1996,-10.3070624919748
VUT,BN.CAB.XOKA.GD.ZS,1995,-7.3186574586249
VUT,BN.CAB.XOKA.GD.ZS,1994,-7.92276986325221
VUT,BN.CAB.XOKA.GD.ZS,1993,-5.82499528204616
VUT,BN.CAB.XOKA.GD.ZS,1992,-4.62269285924246
VUT,BN.CAB.XOKA.GD.ZS,1991,-5.09642785114564
VUT,BN.CAB.XOKA.GD.ZS,1990,-3.66052992211177
VUT,BN.CAB.XOKA.GD.ZS,1989,-7.95141876484866
VUT,BN.CAB.XOKA.GD.ZS,1988,-6.20958853140458
VUT,BN.CAB.XOKA.GD.ZS,1987,-7.4071559612957
VUT,BN.CAB.XOKA.GD.ZS,1986,-9.24843947835408
VUT,BN.CAB.XOKA.GD.ZS,1985,-7.8611212028497
VUT,BN.CAB.XOKA.GD.ZS,1984,4.66007748031816
VUT,BN.CAB.XOKA.GD.ZS,1983,-7.06403247120147
VUT,BN.CAB.XOKA.GD.ZS,1982,-6.39981539542291
VUT,BN.CAB.XOKA.GD.ZS,1981,
VUT,BN.CAB.XOKA.GD.ZS,1980,
VUT,BN.CAB.XOKA.GD.ZS,1979,
VUT,BN.CAB.XOKA.GD.ZS,1978,
VUT,BN.CAB.XOKA.GD.ZS,1977,
VUT,BN.CAB.XOKA.GD.ZS,1976,
VUT,BN.CAB.XOKA.GD.ZS,1975,
VUT,BN.CAB.XOKA.GD.ZS,1974,
VUT,BN.CAB.XOKA.GD.ZS,1973,
VUT,BN.CAB.XOKA.GD.ZS,1972,
VUT,BN.CAB.XOKA.GD.ZS,1971,
VUT,BN.CAB.XOKA.GD.ZS,1970,
VUT,BN.CAB.XOKA.GD.ZS,1969,
VUT,BN.CAB.XOKA.GD.ZS,1968,
VUT,BN.CAB.XOKA.GD.ZS,1967,
VUT,BN.CAB.XOKA.GD.ZS,1966,
VUT,BN.CAB.XOKA.GD.ZS,1965,
VUT,BN.CAB.XOKA.GD.ZS,1964,
VUT,BN.CAB.XOKA.GD.ZS,1963,
VUT,BN.CAB.XOKA.GD.ZS,1962,
VUT,BN.CAB.XOKA.GD.ZS,1961,
VUT,BN.CAB.XOKA.GD.ZS,1960,
VEN,BN.CAB.XOKA.GD.ZS,2025,
VEN,BN.CAB.XOKA.GD.ZS,2024,
VEN,BN.CAB.XOKA.GD.ZS,2023,
VEN,BN.CAB.XOKA.GD.ZS,2022,
VEN,BN.CAB.XOKA.GD.ZS,2021,
VEN,BN.CAB.XOKA.GD.ZS,2020,
VEN,BN.CAB.XOKA.GD.ZS,2019,
VEN,BN.CAB.XOKA.GD.ZS,2018,
VEN,BN.CAB.XOKA.GD.ZS,2017,
VEN,BN.CAB.XOKA.GD.ZS,2016,-3.42735582137767
VEN,BN.CAB.XOKA.GD.ZS,2015,-12.794816292983
VEN,BN.CAB.XOKA.GD.ZS,2014,2.29121469435025
VEN,BN.CAB.XOKA.GD.ZS,2013,1.77808224034035
VEN,BN.CAB.XOKA.GD.ZS,2012,0.694056652948561
VEN,BN.CAB.XOKA.GD.ZS,2011,5.1636396849605
VEN,BN.CAB.XOKA.GD.ZS,2010,1.42042436378266
VEN,BN.CAB.XOKA.GD.ZS,2009,0.13008371520602
VEN,BN.CAB.XOKA.GD.ZS,2008,9.9055750430549
VEN,BN.CAB.XOKA.GD.ZS,2007,5.84466290956638
VEN,BN.CAB.XOKA.GD.ZS,2006,14.422475131385
VEN,BN.CAB.XOKA.GD.ZS,2005,17.4877257502927
VEN,BN.CAB.XOKA.GD.ZS,2004,13.8006284860414
VEN,BN.CAB.XOKA.GD.ZS,2003,14.1065670038791
VEN,BN.CAB.XOKA.GD.ZS,2002,8.18032781959924
VEN,BN.CAB.XOKA.GD.ZS,2001,1.61336203199244
VEN,BN.CAB.XOKA.GD.ZS,2000,10.1181029223116
VEN,BN.CAB.XOKA.GD.ZS,1999,2.15569942336792
VEN,BN.CAB.XOKA.GD.ZS,1998,-4.85237251907378
VEN,BN.CAB.XOKA.GD.ZS,1997,4.34774106501336
VEN,BN.CAB.XOKA.GD.ZS,1996,12.6362265887647
VEN,BN.CAB.XOKA.GD.ZS,1995,2.6024206362281
VEN,BN.CAB.XOKA.GD.ZS,1994,4.34963710229607
VEN,BN.CAB.XOKA.GD.ZS,1993,-3.31959409009165
VEN,BN.CAB.XOKA.GD.ZS,1992,-6.2052564821256
VEN,BN.CAB.XOKA.GD.ZS,1991,3.24768591983123
VEN,BN.CAB.XOKA.GD.ZS,1990,17.0325429309471
VEN,BN.CAB.XOKA.GD.ZS,1989,4.96362734913486
VEN,BN.CAB.XOKA.GD.ZS,1988,-9.64526963195207
VEN,BN.CAB.XOKA.GD.ZS,1987,-2.89408274592524
VEN,BN.CAB.XOKA.GD.ZS,1986,-3.70975512362386
VEN,BN.CAB.XOKA.GD.ZS,1985,5.36911957412839
VEN,BN.CAB.XOKA.GD.ZS,1984,7.76879122309192
VEN,BN.CAB.XOKA.GD.ZS,1983,6.55305481734437
VEN,BN.CAB.XOKA.GD.ZS,1982,-6.26838512984605
VEN,BN.CAB.XOKA.GD.ZS,1981,6.03068637625873
VEN,BN.CAB.XOKA.GD.ZS,1980,7.99776554773585
VEN,BN.CAB.XOKA.GD.ZS,1979,0.7244737336151
VEN,BN.CAB.XOKA.GD.ZS,1978,-14.5868330770141
VEN,BN.CAB.XOKA.GD.ZS,1977,-8.77917357070376
VEN,BN.CAB.XOKA.GD.ZS,1976,0.808414258645192
VEN,BN.CAB.XOKA.GD.ZS,1975,7.90470626090196
VEN,BN.CAB.XOKA.GD.ZS,1974,22.0681789831958
VEN,BN.CAB.XOKA.GD.ZS,1973,5.14804854408693
VEN,BN.CAB.XOKA.GD.ZS,1972,-0.722578127540568
VEN,BN.CAB.XOKA.GD.ZS,1971,-0.0847027528394673
VEN,BN.CAB.XOKA.GD.ZS,1970,-0.899567515617492
VEN,BN.CAB.XOKA.GD.ZS,1969,
VEN,BN.CAB.XOKA.GD.ZS,1968,
VEN,BN.CAB.XOKA.GD.ZS,1967,
VEN,BN.CAB.XOKA.GD.ZS,1966,
VEN,BN.CAB.XOKA.GD.ZS,1965,
VEN,BN.CAB.XOKA.GD.ZS,1964,
VEN,BN.CAB.XOKA.GD.ZS,1963,
VEN,BN.CAB.XOKA.GD.ZS,1962,
VEN,BN.CAB.XOKA.GD.ZS,1961,
VEN,BN.CAB.XOKA.GD.ZS,1960,
VNM,BN.CAB.XOKA.GD.ZS,2025,
VNM,BN.CAB.XOKA.GD.ZS,2024,5.88742504866573
VNM,BN.CAB.XOKA.GD.ZS,2023,5.94503707253957
VNM,BN.CAB.XOKA.GD.ZS,2022,0.339101746979362
VNM,BN.CAB.XOKA.GD.ZS,2021,-1.26284279203588
VNM,BN.CAB.XOKA.GD.ZS,2020,4.34486906553373
VNM,BN.CAB.XOKA.GD.ZS,2019,3.91824395534242
VNM,BN.CAB.XOKA.GD.ZS,2018,1.90236367538642
VNM,BN.CAB.XOKA.GD.ZS,2017,-0.586095207209378
VNM,BN.CAB.XOKA.GD.ZS,2016,0.243099852637275
VNM,BN.CAB.XOKA.GD.ZS,2015,-0.853052854546214
VNM,BN.CAB.XOKA.GD.ZS,2014,4.00897026449707
VNM,BN.CAB.XOKA.GD.ZS,2013,3.62409015316054
VNM,BN.CAB.XOKA.GD.ZS,2012,4.82078231422777
VNM,BN.CAB.XOKA.GD.ZS,2011,0.136736251193688
VNM,BN.CAB.XOKA.GD.ZS,2010,-2.90486815229253
VNM,BN.CAB.XOKA.GD.ZS,2009,-6.23310024019381
VNM,BN.CAB.XOKA.GD.ZS,2008,-10.9179529896098
VNM,BN.CAB.XOKA.GD.ZS,2007,-8.98165936412439
VNM,BN.CAB.XOKA.GD.ZS,2006,-0.246704373698266
VNM,BN.CAB.XOKA.GD.ZS,2005,-0.971989162897
VNM,BN.CAB.XOKA.GD.ZS,2004,-2.10663701040253
VNM,BN.CAB.XOKA.GD.ZS,2003,-4.88211706972335
VNM,BN.CAB.XOKA.GD.ZS,2002,-1.72255927072095
VNM,BN.CAB.XOKA.GD.ZS,2001,2.08657136826562
VNM,BN.CAB.XOKA.GD.ZS,2000,3.54799694298148
VNM,BN.CAB.XOKA.GD.ZS,1999,4.10338164918913
VNM,BN.CAB.XOKA.GD.ZS,1998,-3.94713600744563
VNM,BN.CAB.XOKA.GD.ZS,1997,-5.69221074168667
VNM,BN.CAB.XOKA.GD.ZS,1996,-8.19224337661192
VNM,BN.CAB.XOKA.GD.ZS,1995,
VNM,BN.CAB.XOKA.GD.ZS,1994,
VNM,BN.CAB.XOKA.GD.ZS,1993,
VNM,BN.CAB.XOKA.GD.ZS,1992,
VNM,BN.CAB.XOKA.GD.ZS,1991,
VNM,BN.CAB.XOKA.GD.ZS,1990,
VNM,BN.CAB.XOKA.GD.ZS,1989,
VNM,BN.CAB.XOKA.GD.ZS,1988,
VNM,BN.CAB.XOKA.GD.ZS,1987,
VNM,BN.CAB.XOKA.GD.ZS,1986,
VNM,BN.CAB.XOKA.GD.ZS,1985,
VNM,BN.CAB.XOKA.GD.ZS,1984,
VNM,BN.CAB.XOKA.GD.ZS,1983,
VNM,BN.CAB.XOKA.GD.ZS,1982,
VNM,BN.CAB.XOKA.GD.ZS,1981,
VNM,BN.CAB.XOKA.GD.ZS,1980,
VNM,BN.CAB.XOKA.GD.ZS,1979,
VNM,BN.CAB.XOKA.GD.ZS,1978,
VNM,BN.CAB.XOKA.GD.ZS,1977,
VNM,BN.CAB.XOKA.GD.ZS,1976,
VNM,BN.CAB.XOKA.GD.ZS,1975,
VNM,BN.CAB.XOKA.GD.ZS,1974,
VNM,BN.CAB.XOKA.GD.ZS,1973,
VNM,BN.CAB.XOKA.GD.ZS,1972,
VNM,BN.CAB.XOKA.GD.ZS,1971,
VNM,BN.CAB.XOKA.GD.ZS,1970,
VNM,BN.CAB.XOKA.GD.ZS,1969,
VNM,BN.CAB.XOKA.GD.ZS,1968,
VNM,BN.CAB.XOKA.GD.ZS,1967,
VNM,BN.CAB.XOKA.GD.ZS,1966,
VNM,BN.CAB.XOKA.GD.ZS,1965,
VNM,BN.CAB.XOKA.GD.ZS,1964,
VNM,BN.CAB.XOKA.GD.ZS,1963,
VNM,BN.CAB.XOKA.GD.ZS,1962,
VNM,BN.CAB.XOKA.GD.ZS,1961,
VNM,BN.CAB.XOKA.GD.ZS,1960,
VIR,BN.CAB.XOKA.GD.ZS,2025,
VIR,BN.CAB.XOKA.GD.ZS,2024,
VIR,BN.CAB.XOKA.GD.ZS,2023,
VIR,BN.CAB.XOKA.GD.ZS,2022,
VIR,BN.CAB.XOKA.GD.ZS,2021,
VIR,BN.CAB.XOKA.GD.ZS,2020,
VIR,BN.CAB.XOKA.GD.ZS,2019,
VIR,BN.CAB.XOKA.GD.ZS,2018,
VIR,BN.CAB.XOKA.GD.ZS,2017,
VIR,BN.CAB.XOKA.GD.ZS,2016,
VIR,BN.CAB.XOKA.GD.ZS,2015,
VIR,BN.CAB.XOKA.GD.ZS,2014,
VIR,BN.CAB.XOKA.GD.ZS,2013,
VIR,BN.CAB.XOKA.GD.ZS,2012,
VIR,BN.CAB.XOKA.GD.ZS,2011,
VIR,BN.CAB.XOKA.GD.ZS,2010,
VIR,BN.CAB.XOKA.GD.ZS,2009,
VIR,BN.CAB.XOKA.GD.ZS,2008,
VIR,BN.CAB.XOKA.GD.ZS,2007,
VIR,BN.CAB.XOKA.GD.ZS,2006,
VIR,BN.CAB.XOKA.GD.ZS,2005,
VIR,BN.CAB.XOKA.GD.ZS,2004,
VIR,BN.CAB.XOKA.GD.ZS,2003,
VIR,BN.CAB.XOKA.GD.ZS,2002,
VIR,BN.CAB.XOKA.GD.ZS,2001,
VIR,BN.CAB.XOKA.GD.ZS,2000,
VIR,BN.CAB.XOKA.GD.ZS,1999,
VIR,BN.CAB.XOKA.GD.ZS,1998,
VIR,BN.CAB.XOKA.GD.ZS,1997,
VIR,BN.CAB.XOKA.GD.ZS,1996,
VIR,BN.CAB.XOKA.GD.ZS,1995,
VIR,BN.CAB.XOKA.GD.ZS,1994,
VIR,BN.CAB.XOKA.GD.ZS,1993,
VIR,BN.CAB.XOKA.GD.ZS,1992,
VIR,BN.CAB.XOKA.GD.ZS,1991,
VIR,BN.CAB.XOKA.GD.ZS,1990,
VIR,BN.CAB.XOKA.GD.ZS,1989,
VIR,BN.CAB.XOKA.GD.ZS,1988,
VIR,BN.CAB.XOKA.GD.ZS,1987,
VIR,BN.CAB.XOKA.GD.ZS,1986,
VIR,BN.CAB.XOKA.GD.ZS,1985,
VIR,BN.CAB.XOKA.GD.ZS,1984,
VIR,BN.CAB.XOKA.GD.ZS,1983,
VIR,BN.CAB.XOKA.GD.ZS,1982,
VIR,BN.CAB.XOKA.GD.ZS,1981,
VIR,BN.CAB.XOKA.GD.ZS,1980,
VIR,BN.CAB.XOKA.GD.ZS,1979,
VIR,BN.CAB.XOKA.GD.ZS,1978,
VIR,BN.CAB.XOKA.GD.ZS,1977,
VIR,BN.CAB.XOKA.GD.ZS,1976,
VIR,BN.CAB.XOKA.GD.ZS,1975,
VIR,BN.CAB.XOKA.GD.ZS,1974,
VIR,BN.CAB.XOKA.GD.ZS,1973,
VIR,BN.CAB.XOKA.GD.ZS,1972,
VIR,BN.CAB.XOKA.GD.ZS,1971,
VIR,BN.CAB.XOKA.GD.ZS,1970,
VIR,BN.CAB.XOKA.GD.ZS,1969,
VIR,BN.CAB.XOKA.GD.ZS,1968,
VIR,BN.CAB.XOKA.GD.ZS,1967,
VIR,BN.CAB.XOKA.GD.ZS,1966,
VIR,BN.CAB.XOKA.GD.ZS,1965,
VIR,BN.CAB.XOKA.GD.ZS,1964,
VIR,BN.CAB.XOKA.GD.ZS,1963,
VIR,BN.CAB.XOKA.GD.ZS,1962,
VIR,BN.CAB.XOKA.GD.ZS,1961,
VIR,BN.CAB.XOKA.GD.ZS,1960,
PSE,BN.CAB.XOKA.GD.ZS,2025,
PSE,BN.CAB.XOKA.GD.ZS,2024,-21.1437967691276
PSE,BN.CAB.XOKA.GD.ZS,2023,-16.2224656917066
PSE,BN.CAB.XOKA.GD.ZS,2022,-10.626522987378
PSE,BN.CAB.XOKA.GD.ZS,2021,-9.81804738509631
PSE,BN.CAB.XOKA.GD.ZS,2020,-12.251111498554
PSE,BN.CAB.XOKA.GD.ZS,2019,-10.3854804313719
PSE,BN.CAB.XOKA.GD.ZS,2018,-13.1500305467431
PSE,BN.CAB.XOKA.GD.ZS,2017,-13.2065607876551
PSE,BN.CAB.XOKA.GD.ZS,2016,-13.90776226662
PSE,BN.CAB.XOKA.GD.ZS,2015,-13.8789175930847
PSE,BN.CAB.XOKA.GD.ZS,2014,-13.5869104014544
PSE,BN.CAB.XOKA.GD.ZS,2013,-14.7723926183375
PSE,BN.CAB.XOKA.GD.ZS,2012,-14.917075141058
PSE,BN.CAB.XOKA.GD.ZS,2011,-18.500705760576
PSE,BN.CAB.XOKA.GD.ZS,2010,-13.4993932332553
PSE,BN.CAB.XOKA.GD.ZS,2009,-14.1407042757884
PSE,BN.CAB.XOKA.GD.ZS,2008,5.20627128726086
PSE,BN.CAB.XOKA.GD.ZS,2007,-7.19650679252473
PSE,BN.CAB.XOKA.GD.ZS,2006,-23.0633352516594
PSE,BN.CAB.XOKA.GD.ZS,2005,-26.6372592440418
PSE,BN.CAB.XOKA.GD.ZS,2004,-34.4972336341483
PSE,BN.CAB.XOKA.GD.ZS,2003,-26.9797547641018
PSE,BN.CAB.XOKA.GD.ZS,2002,-13.6551918587104
PSE,BN.CAB.XOKA.GD.ZS,2001,-20.6776260427205
PSE,BN.CAB.XOKA.GD.ZS,2000,-19.8583877091309
PSE,BN.CAB.XOKA.GD.ZS,1999,-27.9029137526112
PSE,BN.CAB.XOKA.GD.ZS,1998,-25.5251324573607
PSE,BN.CAB.XOKA.GD.ZS,1997,-41.1603010798447
PSE,BN.CAB.XOKA.GD.ZS,1996,-41.7761614265603
PSE,BN.CAB.XOKA.GD.ZS,1995,-29.9652735469721
PSE,BN.CAB.XOKA.GD.ZS,1994,
PSE,BN.CAB.XOKA.GD.ZS,1993,
PSE,BN.CAB.XOKA.GD.ZS,1992,
PSE,BN.CAB.XOKA.GD.ZS,1991,
PSE,BN.CAB.XOKA.GD.ZS,1990,
PSE,BN.CAB.XOKA.GD.ZS,1989,
PSE,BN.CAB.XOKA.GD.ZS,1988,
PSE,BN.CAB.XOKA.GD.ZS,1987,
PSE,BN.CAB.XOKA.GD.ZS,1986,
PSE,BN.CAB.XOKA.GD.ZS,1985,
PSE,BN.CAB.XOKA.GD.ZS,1984,
PSE,BN.CAB.XOKA.GD.ZS,1983,
PSE,BN.CAB.XOKA.GD.ZS,1982,
PSE,BN.CAB.XOKA.GD.ZS,1981,
PSE,BN.CAB.XOKA.GD.ZS,1980,
PSE,BN.CAB.XOKA.GD.ZS,1979,
PSE,BN.CAB.XOKA.GD.ZS,1978,
PSE,BN.CAB.XOKA.GD.ZS,1977,
PSE,BN.CAB.XOKA.GD.ZS,1976,
PSE,BN.CAB.XOKA.GD.ZS,1975,
PSE,BN.CAB.XOKA.GD.ZS,1974,
PSE,BN.CAB.XOKA.GD.ZS,1973,
PSE,BN.CAB.XOKA.GD.ZS,1972,
PSE,BN.CAB.XOKA.GD.ZS,1971,
PSE,BN.CAB.XOKA.GD.ZS,1970,
PSE,BN.CAB.XOKA.GD.ZS,1969,
PSE,BN.CAB.XOKA.GD.ZS,1968,
PSE,BN.CAB.XOKA.GD.ZS,1967,
PSE,BN.CAB.XOKA.GD.ZS,1966,
PSE,BN.CAB.XOKA.GD.ZS,1965,
PSE,BN.CAB.XOKA.GD.ZS,1964,
PSE,BN.CAB.XOKA.GD.ZS,1963,
PSE,BN.CAB.XOKA.GD.ZS,1962,
PSE,BN.CAB.XOKA.GD.ZS,1961,
PSE,BN.CAB.XOKA.GD.ZS,1960,
YEM,BN.CAB.XOKA.GD.ZS,2025,
YEM,BN.CAB.XOKA.GD.ZS,2024,
YEM,BN.CAB.XOKA.GD.ZS,2023,
YEM,BN.CAB.XOKA.GD.ZS,2022,
YEM,BN.CAB.XOKA.GD.ZS,2021,
YEM,BN.CAB.XOKA.GD.ZS,2020,
YEM,BN.CAB.XOKA.GD.ZS,2019,
YEM,BN.CAB.XOKA.GD.ZS,2018,
YEM,BN.CAB.XOKA.GD.ZS,2017,
YEM,BN.CAB.XOKA.GD.ZS,2016,-7.72391058547812
YEM,BN.CAB.XOKA.GD.ZS,2015,-7.12936953882745
YEM,BN.CAB.XOKA.GD.ZS,2014,-3.44275275189167
YEM,BN.CAB.XOKA.GD.ZS,2013,-3.78691356368033
YEM,BN.CAB.XOKA.GD.ZS,2012,-0.94521109936014
YEM,BN.CAB.XOKA.GD.ZS,2011,-1.61143995618416
YEM,BN.CAB.XOKA.GD.ZS,2010,-3.41069923528219
YEM,BN.CAB.XOKA.GD.ZS,2009,-10.0572613544162
YEM,BN.CAB.XOKA.GD.ZS,2008,-4.64975922341766
YEM,BN.CAB.XOKA.GD.ZS,2007,-6.96671209606465
YEM,BN.CAB.XOKA.GD.ZS,2006,1.07915046332431
YEM,BN.CAB.XOKA.GD.ZS,2005,3.73034951201846
YEM,BN.CAB.XOKA.GD.ZS,2004,
YEM,BN.CAB.XOKA.GD.ZS,2003,
YEM,BN.CAB.XOKA.GD.ZS,2002,
YEM,BN.CAB.XOKA.GD.ZS,2001,
YEM,BN.CAB.XOKA.GD.ZS,2000,
YEM,BN.CAB.XOKA.GD.ZS,1999,
YEM,BN.CAB.XOKA.GD.ZS,1998,
YEM,BN.CAB.XOKA.GD.ZS,1997,
YEM,BN.CAB.XOKA.GD.ZS,1996,
YEM,BN.CAB.XOKA.GD.ZS,1995,
YEM,BN.CAB.XOKA.GD.ZS,1994,
YEM,BN.CAB.XOKA.GD.ZS,1993,
YEM,BN.CAB.XOKA.GD.ZS,1992,
YEM,BN.CAB.XOKA.GD.ZS,1991,
YEM,BN.CAB.XOKA.GD.ZS,1990,
YEM,BN.CAB.XOKA.GD.ZS,1989,
YEM,BN.CAB.XOKA.GD.ZS,1988,
YEM,BN.CAB.XOKA.GD.ZS,1987,
YEM,BN.CAB.XOKA.GD.ZS,1986,
YEM,BN.CAB.XOKA.GD.ZS,1985,
YEM,BN.CAB.XOKA.GD.ZS,1984,
YEM,BN.CAB.XOKA.GD.ZS,1983,
YEM,BN.CAB.XOKA.GD.ZS,1982,
YEM,BN.CAB.XOKA.GD.ZS,1981,
YEM,BN.CAB.XOKA.GD.ZS,1980,
YEM,BN.CAB.XOKA.GD.ZS,1979,
YEM,BN.CAB.XOKA.GD.ZS,1978,
YEM,BN.CAB.XOKA.GD.ZS,1977,
YEM,BN.CAB.XOKA.GD.ZS,1976,
YEM,BN.CAB.XOKA.GD.ZS,1975,
YEM,BN.CAB.XOKA.GD.ZS,1974,
YEM,BN.CAB.XOKA.GD.ZS,1973,
YEM,BN.CAB.XOKA.GD.ZS,1972,
YEM,BN.CAB.XOKA.GD.ZS,1971,
YEM,BN.CAB.XOKA.GD.ZS,1970,
YEM,BN.CAB.XOKA.GD.ZS,1969,
YEM,BN.CAB.XOKA.GD.ZS,1968,
YEM,BN.CAB.XOKA.GD.ZS,1967,
YEM,BN.CAB.XOKA.GD.ZS,1966,
YEM,BN.CAB.XOKA.GD.ZS,1965,
YEM,BN.CAB.XOKA.GD.ZS,1964,
YEM,BN.CAB.XOKA.GD.ZS,1963,
YEM,BN.CAB.XOKA.GD.ZS,1962,
YEM,BN.CAB.XOKA.GD.ZS,1961,
YEM,BN.CAB.XOKA.GD.ZS,1960,
ZMB,BN.CAB.XOKA.GD.ZS,2025,
ZMB,BN.CAB.XOKA.GD.ZS,2024,-1.92621773434868
ZMB,BN.CAB.XOKA.GD.ZS,2023,-3.03751016927581
ZMB,BN.CAB.XOKA.GD.ZS,2022,3.74784661580661
ZMB,BN.CAB.XOKA.GD.ZS,2021,11.9003513535048
ZMB,BN.CAB.XOKA.GD.ZS,2020,11.790957110182
ZMB,BN.CAB.XOKA.GD.ZS,2019,0.603690808802683
ZMB,BN.CAB.XOKA.GD.ZS,2018,-1.30116677554112
ZMB,BN.CAB.XOKA.GD.ZS,2017,-1.68127057617849
ZMB,BN.CAB.XOKA.GD.ZS,2016,-4.55168827542136
ZMB,BN.CAB.XOKA.GD.ZS,2015,-3.61227207947561
ZMB,BN.CAB.XOKA.GD.ZS,2014,-1.4270939600475
ZMB,BN.CAB.XOKA.GD.ZS,2013,-0.575955750525117
ZMB,BN.CAB.XOKA.GD.ZS,2012,5.37898486156031
ZMB,BN.CAB.XOKA.GD.ZS,2011,4.65823655766585
ZMB,BN.CAB.XOKA.GD.ZS,2010,7.52549147652086
ZMB,BN.CAB.XOKA.GD.ZS,2009,5.95342818479561
ZMB,BN.CAB.XOKA.GD.ZS,2008,-3.33057905300122
ZMB,BN.CAB.XOKA.GD.ZS,2007,-1.23802039926344
ZMB,BN.CAB.XOKA.GD.ZS,2006,4.64474506229629
ZMB,BN.CAB.XOKA.GD.ZS,2005,-2.78498414861087
ZMB,BN.CAB.XOKA.GD.ZS,2004,-7.14878830806073
ZMB,BN.CAB.XOKA.GD.ZS,2003,-13.5299667044381
ZMB,BN.CAB.XOKA.GD.ZS,2002,-15.8142108448002
ZMB,BN.CAB.XOKA.GD.ZS,2001,-18.0007855963506
ZMB,BN.CAB.XOKA.GD.ZS,2000,-18.3980639927089
ZMB,BN.CAB.XOKA.GD.ZS,1999,-11.3504014036785
ZMB,BN.CAB.XOKA.GD.ZS,1998,-16.1232788984795
ZMB,BN.CAB.XOKA.GD.ZS,1997,-4.22932371041795
ZMB,BN.CAB.XOKA.GD.ZS,1996,
ZMB,BN.CAB.XOKA.GD.ZS,1995,
ZMB,BN.CAB.XOKA.GD.ZS,1994,
ZMB,BN.CAB.XOKA.GD.ZS,1993,
ZMB,BN.CAB.XOKA.GD.ZS,1992,
ZMB,BN.CAB.XOKA.GD.ZS,1991,-9.05293158357454
ZMB,BN.CAB.XOKA.GD.ZS,1990,-18.075759952317
ZMB,BN.CAB.XOKA.GD.ZS,1989,-5.47228749858042
ZMB,BN.CAB.XOKA.GD.ZS,1988,-7.86295470914577
ZMB,BN.CAB.XOKA.GD.ZS,1987,-10.8244076701911
ZMB,BN.CAB.XOKA.GD.ZS,1986,-20.8842332935106
ZMB,BN.CAB.XOKA.GD.ZS,1985,-17.5497440669215
ZMB,BN.CAB.XOKA.GD.ZS,1984,-5.39065928982255
ZMB,BN.CAB.XOKA.GD.ZS,1983,-7.91918587965177
ZMB,BN.CAB.XOKA.GD.ZS,1982,-14.4816079325786
ZMB,BN.CAB.XOKA.GD.ZS,1981,-17.9784744936019
ZMB,BN.CAB.XOKA.GD.ZS,1980,-13.2911803107455
ZMB,BN.CAB.XOKA.GD.ZS,1979,2.32596602014734
ZMB,BN.CAB.XOKA.GD.ZS,1978,-9.98209742154293
ZMB,BN.CAB.XOKA.GD.ZS,1977,
ZMB,BN.CAB.XOKA.GD.ZS,1976,
ZMB,BN.CAB.XOKA.GD.ZS,1975,
ZMB,BN.CAB.XOKA.GD.ZS,1974,
ZMB,BN.CAB.XOKA.GD.ZS,1973,
ZMB,BN.CAB.XOKA.GD.ZS,1972,
ZMB,BN.CAB.XOKA.GD.ZS,1971,
ZMB,BN.CAB.XOKA.GD.ZS,1970,
ZMB,BN.CAB.XOKA.GD.ZS,1969,
ZMB,BN.CAB.XOKA.GD.ZS,1968,
ZMB,BN.CAB.XOKA.GD.ZS,1967,
ZMB,BN.CAB.XOKA.GD.ZS,1966,
ZMB,BN.CAB.XOKA.GD.ZS,1965,
ZMB,BN.CAB.XOKA.GD.ZS,1964,
ZMB,BN.CAB.XOKA.GD.ZS,1963,
ZMB,BN.CAB.XOKA.GD.ZS,1962,
ZMB,BN.CAB.XOKA.GD.ZS,1961,
ZMB,BN.CAB.XOKA.GD.ZS,1960,
ZWE,BN.CAB.XOKA.GD.ZS,2025,
ZWE,BN.CAB.XOKA.GD.ZS,2024,1.20656684620507
ZWE,BN.CAB.XOKA.GD.ZS,2023,0.373211113785511
ZWE,BN.CAB.XOKA.GD.ZS,2022,0.748243320737497
ZWE,BN.CAB.XOKA.GD.ZS,2021,0.843388365138639
ZWE,BN.CAB.XOKA.GD.ZS,2020,2.12123576051365
ZWE,BN.CAB.XOKA.GD.ZS,2019,2.75936263071051
ZWE,BN.CAB.XOKA.GD.ZS,2018,-4.0409221974903
ZWE,BN.CAB.XOKA.GD.ZS,2017,-0.531376263214757
ZWE,BN.CAB.XOKA.GD.ZS,2016,-3.39239266445641
ZWE,BN.CAB.XOKA.GD.ZS,2015,-7.99403914904329
ZWE,BN.CAB.XOKA.GD.ZS,2014,-11.9650275581452
ZWE,BN.CAB.XOKA.GD.ZS,2013,-13.8673146361313
ZWE,BN.CAB.XOKA.GD.ZS,2012,-13.3008995685092
ZWE,BN.CAB.XOKA.GD.ZS,2011,-19.4876884701887
ZWE,BN.CAB.XOKA.GD.ZS,2010,-13.7402060432655
ZWE,BN.CAB.XOKA.GD.ZS,2009,-7.55339145897765
ZWE,BN.CAB.XOKA.GD.ZS,2008,
ZWE,BN.CAB.XOKA.GD.ZS,2007,
ZWE,BN.CAB.XOKA.GD.ZS,2006,
ZWE,BN.CAB.XOKA.GD.ZS,2005,
ZWE,BN.CAB.XOKA.GD.ZS,2004,
ZWE,BN.CAB.XOKA.GD.ZS,2003,
ZWE,BN.CAB.XOKA.GD.ZS,2002,
ZWE,BN.CAB.XOKA.GD.ZS,2001,
ZWE,BN.CAB.XOKA.GD.ZS,2000,
ZWE,BN.CAB.XOKA.GD.ZS,1999,
ZWE,BN.CAB.XOKA.GD.ZS,1998,
ZWE,BN.CAB.XOKA.GD.ZS,1997,
ZWE,BN.CAB.XOKA.GD.ZS,1996,
ZWE,BN.CAB.XOKA.GD.ZS,1995,
ZWE,BN.CAB.XOKA.GD.ZS,1994,-6.15625759099679
ZWE,BN.CAB.XOKA.GD.ZS,1993,-1.76066424852884
ZWE,BN.CAB.XOKA.GD.ZS,1992,-8.92658132380781
ZWE,BN.CAB.XOKA.GD.ZS,1991,-5.27898735267757
ZWE,BN.CAB.XOKA.GD.ZS,1990,-1.58938598800062
ZWE,BN.CAB.XOKA.GD.ZS,1989,0.203998776470957
ZWE,BN.CAB.XOKA.GD.ZS,1988,1.60036590205836
ZWE,BN.CAB.XOKA.GD.ZS,1987,0.858728293579021
ZWE,BN.CAB.XOKA.GD.ZS,1986,0.269374165107787
ZWE,BN.CAB.XOKA.GD.ZS,1985,-1.13630216180328
ZWE,BN.CAB.XOKA.GD.ZS,1984,-0.674045337885652
ZWE,BN.CAB.XOKA.GD.ZS,1983,-5.11612149481942
ZWE,BN.CAB.XOKA.GD.ZS,1982,-7.39020941887536
ZWE,BN.CAB.XOKA.GD.ZS,1981,-6.80492269755647
ZWE,BN.CAB.XOKA.GD.ZS,1980,-2.23329683054463
ZWE,BN.CAB.XOKA.GD.ZS,1979,-1.0893477539988
ZWE,BN.CAB.XOKA.GD.ZS,1978,1.23891110786323
ZWE,BN.CAB.XOKA.GD.ZS,1977,0.0254834907680057
ZWE,BN.CAB.XOKA.GD.ZS,1976,
ZWE,BN.CAB.XOKA.GD.ZS,1975,
ZWE,BN.CAB.XOKA.GD.ZS,1974,
ZWE,BN.CAB.XOKA.GD.ZS,1973,
ZWE,BN.CAB.XOKA.GD.ZS,1972,
ZWE,BN.CAB.XOKA.GD.ZS,1971,
ZWE,BN.CAB.XOKA.GD.ZS,1970,
ZWE,BN.CAB.XOKA.GD.ZS,1969,
ZWE,BN.CAB.XOKA.GD.ZS,1968,
ZWE,BN.CAB.XOKA.GD.ZS,1967,
ZWE,BN.CAB.XOKA.GD.ZS,1966,
ZWE,BN.CAB.XOKA.GD.ZS,1965,
ZWE,BN.CAB.XOKA.GD.ZS,1964,
ZWE,BN.CAB.XOKA.GD.ZS,1963,
ZWE,BN.CAB.XOKA.GD.ZS,1962,
ZWE,BN.CAB.XOKA.GD.ZS,1961,
ZWE,BN.CAB.XOKA.GD.ZS,1960,
