country_iso3,indicator,year,value
AFE,SL.UEM.TOTL.ZS,2024,7.7727048111679
AFE,SL.UEM.TOTL.ZS,2023,7.80641078366466
AFE,SL.UEM.TOTL.ZS,2022,7.98520225155097
AFE,SL.UEM.TOTL.ZS,2021,8.57738499231761
AFE,SL.UEM.TOTL.ZS,2020,8.19139491127414
AFE,SL.UEM.TOTL.ZS,2019,7.58441879909928
AFE,SL.UEM.TOTL.ZS,2018,7.3605131044333
AFE,SL.UEM.TOTL.ZS,2017,7.34633063442169
AFE,SL.UEM.TOTL.ZS,2016,7.19466599460041
AFE,SL.UEM.TOTL.ZS,2015,7.03635682492423
AFE,SL.UEM.TOTL.ZS,2014,6.94701073401333
AFE,SL.UEM.TOTL.ZS,2013,6.98673270309414
AFE,SL.UEM.TOTL.ZS,2012,7.18160807948002
AFE,SL.UEM.TOTL.ZS,2011,7.42793993618157
AFE,SL.UEM.TOTL.ZS,2010,7.40306130661224
AFE,SL.UEM.TOTL.ZS,2009,7.15588066169117
AFE,SL.UEM.TOTL.ZS,2008,7.07670978821918
AFE,SL.UEM.TOTL.ZS,2007,7.10223115357479
AFE,SL.UEM.TOTL.ZS,2006,7.15895834527989
AFE,SL.UEM.TOTL.ZS,2005,7.21879262795258
AFE,SL.UEM.TOTL.ZS,2004,7.39564818381754
AFE,SL.UEM.TOTL.ZS,2003,7.58688283691332
AFE,SL.UEM.TOTL.ZS,2002,7.63233006754872
AFE,SL.UEM.TOTL.ZS,2001,7.67695520899306
AFE,SL.UEM.TOTL.ZS,2000,7.78831690275509
AFE,SL.UEM.TOTL.ZS,1999,7.84987781203905
AFE,SL.UEM.TOTL.ZS,1998,7.81273363600731
AFE,SL.UEM.TOTL.ZS,1997,7.78365441542562
AFE,SL.UEM.TOTL.ZS,1996,7.8239078932856
AFE,SL.UEM.TOTL.ZS,1995,7.90844555546911
AFE,SL.UEM.TOTL.ZS,1994,8.13829095077232
AFE,SL.UEM.TOTL.ZS,1993,8.26632715332635
AFE,SL.UEM.TOTL.ZS,1992,8.27072384795289
AFE,SL.UEM.TOTL.ZS,1991,8.17962867204006
AFE,SL.UEM.TOTL.ZS,1990,
AFE,SL.UEM.TOTL.ZS,1989,
AFE,SL.UEM.TOTL.ZS,1988,
AFE,SL.UEM.TOTL.ZS,1987,
AFE,SL.UEM.TOTL.ZS,1986,
AFE,SL.UEM.TOTL.ZS,1985,
AFE,SL.UEM.TOTL.ZS,1984,
AFE,SL.UEM.TOTL.ZS,1983,
AFE,SL.UEM.TOTL.ZS,1982,
AFE,SL.UEM.TOTL.ZS,1981,
AFE,SL.UEM.TOTL.ZS,1980,
AFE,SL.UEM.TOTL.ZS,1979,
AFE,SL.UEM.TOTL.ZS,1978,
AFE,SL.UEM.TOTL.ZS,1977,
AFE,SL.UEM.TOTL.ZS,1976,
AFE,SL.UEM.TOTL.ZS,1975,
AFE,SL.UEM.TOTL.ZS,1974,
AFE,SL.UEM.TOTL.ZS,1973,
AFE,SL.UEM.TOTL.ZS,1972,
AFE,SL.UEM.TOTL.ZS,1971,
AFE,SL.UEM.TOTL.ZS,1970,
AFE,SL.UEM.TOTL.ZS,1969,
AFE,SL.UEM.TOTL.ZS,1968,
AFE,SL.UEM.TOTL.ZS,1967,
AFE,SL.UEM.TOTL.ZS,1966,
AFE,SL.UEM.TOTL.ZS,1965,
AFE,SL.UEM.TOTL.ZS,1964,
AFE,SL.UEM.TOTL.ZS,1963,
AFE,SL.UEM.TOTL.ZS,1962,
AFE,SL.UEM.TOTL.ZS,1961,
AFE,SL.UEM.TOTL.ZS,1960,
AFW,SL.UEM.TOTL.ZS,2024,3.21831342109344
AFW,SL.UEM.TOTL.ZS,2023,3.27724546605141
AFW,SL.UEM.TOTL.ZS,2022,3.65857318082157
AFW,SL.UEM.TOTL.ZS,2021,4.73673176237333
AFW,SL.UEM.TOTL.ZS,2020,4.8523927005513
AFW,SL.UEM.TOTL.ZS,2019,4.39527121076193
AFW,SL.UEM.TOTL.ZS,2018,4.32363095413829
AFW,SL.UEM.TOTL.ZS,2017,4.27419620395302
AFW,SL.UEM.TOTL.ZS,2016,4.15757437388452
AFW,SL.UEM.TOTL.ZS,2015,4.16446707837468
AFW,SL.UEM.TOTL.ZS,2014,3.88139571396106
AFW,SL.UEM.TOTL.ZS,2013,3.70385320108226
AFW,SL.UEM.TOTL.ZS,2012,3.98216256621059
AFW,SL.UEM.TOTL.ZS,2011,3.96902733010755
AFW,SL.UEM.TOTL.ZS,2010,3.9915945374515
AFW,SL.UEM.TOTL.ZS,2009,4.000386882162
AFW,SL.UEM.TOTL.ZS,2008,3.96854217730079
AFW,SL.UEM.TOTL.ZS,2007,3.95064260570811
AFW,SL.UEM.TOTL.ZS,2006,3.97409484853549
AFW,SL.UEM.TOTL.ZS,2005,4.10069950284306
AFW,SL.UEM.TOTL.ZS,2004,4.09473808884134
AFW,SL.UEM.TOTL.ZS,2003,4.18011071095659
AFW,SL.UEM.TOTL.ZS,2002,4.2858537189934
AFW,SL.UEM.TOTL.ZS,2001,4.47997712328447
AFW,SL.UEM.TOTL.ZS,2000,4.55111905984559
AFW,SL.UEM.TOTL.ZS,1999,4.51215767270693
AFW,SL.UEM.TOTL.ZS,1998,4.32404850194229
AFW,SL.UEM.TOTL.ZS,1997,4.31373545449228
AFW,SL.UEM.TOTL.ZS,1996,4.34069121352357
AFW,SL.UEM.TOTL.ZS,1995,4.39974946558807
AFW,SL.UEM.TOTL.ZS,1994,4.39378131016295
AFW,SL.UEM.TOTL.ZS,1993,4.36980488975891
AFW,SL.UEM.TOTL.ZS,1992,4.25110173142729
AFW,SL.UEM.TOTL.ZS,1991,4.15868027881975
AFW,SL.UEM.TOTL.ZS,1990,
AFW,SL.UEM.TOTL.ZS,1989,
AFW,SL.UEM.TOTL.ZS,1988,
AFW,SL.UEM.TOTL.ZS,1987,
AFW,SL.UEM.TOTL.ZS,1986,
AFW,SL.UEM.TOTL.ZS,1985,
AFW,SL.UEM.TOTL.ZS,1984,
AFW,SL.UEM.TOTL.ZS,1983,
AFW,SL.UEM.TOTL.ZS,1982,
AFW,SL.UEM.TOTL.ZS,1981,
AFW,SL.UEM.TOTL.ZS,1980,
AFW,SL.UEM.TOTL.ZS,1979,
AFW,SL.UEM.TOTL.ZS,1978,
AFW,SL.UEM.TOTL.ZS,1977,
AFW,SL.UEM.TOTL.ZS,1976,
AFW,SL.UEM.TOTL.ZS,1975,
AFW,SL.UEM.TOTL.ZS,1974,
AFW,SL.UEM.TOTL.ZS,1973,
AFW,SL.UEM.TOTL.ZS,1972,
AFW,SL.UEM.TOTL.ZS,1971,
AFW,SL.UEM.TOTL.ZS,1970,
AFW,SL.UEM.TOTL.ZS,1969,
AFW,SL.UEM.TOTL.ZS,1968,
AFW,SL.UEM.TOTL.ZS,1967,
AFW,SL.UEM.TOTL.ZS,1966,
AFW,SL.UEM.TOTL.ZS,1965,
AFW,SL.UEM.TOTL.ZS,1964,
AFW,SL.UEM.TOTL.ZS,1963,
AFW,SL.UEM.TOTL.ZS,1962,
AFW,SL.UEM.TOTL.ZS,1961,
AFW,SL.UEM.TOTL.ZS,1960,
ARB,SL.UEM.TOTL.ZS,2024,9.45986362744839
ARB,SL.UEM.TOTL.ZS,2023,9.58139714330623
ARB,SL.UEM.TOTL.ZS,2022,9.9535706462442
ARB,SL.UEM.TOTL.ZS,2021,10.8896587837575
ARB,SL.UEM.TOTL.ZS,2020,11.3256125416623
ARB,SL.UEM.TOTL.ZS,2019,10.2160980238311
ARB,SL.UEM.TOTL.ZS,2018,10.6597396349929
ARB,SL.UEM.TOTL.ZS,2017,11.1131075474704
ARB,SL.UEM.TOTL.ZS,2016,10.8562902038262
ARB,SL.UEM.TOTL.ZS,2015,11.1489135724281
ARB,SL.UEM.TOTL.ZS,2014,11.0374017204054
ARB,SL.UEM.TOTL.ZS,2013,11.0437281019774
ARB,SL.UEM.TOTL.ZS,2012,11.074941957709
ARB,SL.UEM.TOTL.ZS,2011,10.6932959358852
ARB,SL.UEM.TOTL.ZS,2010,9.57747395203384
ARB,SL.UEM.TOTL.ZS,2009,9.46639460138819
ARB,SL.UEM.TOTL.ZS,2008,9.88041977711216
ARB,SL.UEM.TOTL.ZS,2007,10.1508222413371
ARB,SL.UEM.TOTL.ZS,2006,10.5232380711627
ARB,SL.UEM.TOTL.ZS,2005,11.2407250571004
ARB,SL.UEM.TOTL.ZS,2004,11.4330020298883
ARB,SL.UEM.TOTL.ZS,2003,12.4563510932562
ARB,SL.UEM.TOTL.ZS,2002,12.512529502018
ARB,SL.UEM.TOTL.ZS,2001,12.5058820000806
ARB,SL.UEM.TOTL.ZS,2000,12.6274870577085
ARB,SL.UEM.TOTL.ZS,1999,12.1448058645914
ARB,SL.UEM.TOTL.ZS,1998,11.9646898565116
ARB,SL.UEM.TOTL.ZS,1997,12.011082437016
ARB,SL.UEM.TOTL.ZS,1996,12.4771777786255
ARB,SL.UEM.TOTL.ZS,1995,13.516862533383
ARB,SL.UEM.TOTL.ZS,1994,13.0251716620291
ARB,SL.UEM.TOTL.ZS,1993,12.9182743533617
ARB,SL.UEM.TOTL.ZS,1992,12.1603853600891
ARB,SL.UEM.TOTL.ZS,1991,11.9145083824283
ARB,SL.UEM.TOTL.ZS,1990,
ARB,SL.UEM.TOTL.ZS,1989,
ARB,SL.UEM.TOTL.ZS,1988,
ARB,SL.UEM.TOTL.ZS,1987,
ARB,SL.UEM.TOTL.ZS,1986,
ARB,SL.UEM.TOTL.ZS,1985,
ARB,SL.UEM.TOTL.ZS,1984,
ARB,SL.UEM.TOTL.ZS,1983,
ARB,SL.UEM.TOTL.ZS,1982,
ARB,SL.UEM.TOTL.ZS,1981,
ARB,SL.UEM.TOTL.ZS,1980,
ARB,SL.UEM.TOTL.ZS,1979,
ARB,SL.UEM.TOTL.ZS,1978,
ARB,SL.UEM.TOTL.ZS,1977,
ARB,SL.UEM.TOTL.ZS,1976,
ARB,SL.UEM.TOTL.ZS,1975,
ARB,SL.UEM.TOTL.ZS,1974,
ARB,SL.UEM.TOTL.ZS,1973,
ARB,SL.UEM.TOTL.ZS,1972,
ARB,SL.UEM.TOTL.ZS,1971,
ARB,SL.UEM.TOTL.ZS,1970,
ARB,SL.UEM.TOTL.ZS,1969,
ARB,SL.UEM.TOTL.ZS,1968,
ARB,SL.UEM.TOTL.ZS,1967,
ARB,SL.UEM.TOTL.ZS,1966,
ARB,SL.UEM.TOTL.ZS,1965,
ARB,SL.UEM.TOTL.ZS,1964,
ARB,SL.UEM.TOTL.ZS,1963,
ARB,SL.UEM.TOTL.ZS,1962,
ARB,SL.UEM.TOTL.ZS,1961,
ARB,SL.UEM.TOTL.ZS,1960,
CSS,SL.UEM.TOTL.ZS,2024,7.42393891631139
CSS,SL.UEM.TOTL.ZS,2023,7.82188402128467
CSS,SL.UEM.TOTL.ZS,2022,8.38855235263485
CSS,SL.UEM.TOTL.ZS,2021,9.53894339285438
CSS,SL.UEM.TOTL.ZS,2020,9.86550041950631
CSS,SL.UEM.TOTL.ZS,2019,8.16211430457681
CSS,SL.UEM.TOTL.ZS,2018,8.42228555555843
CSS,SL.UEM.TOTL.ZS,2017,8.22060887050551
CSS,SL.UEM.TOTL.ZS,2016,8.49871900649743
CSS,SL.UEM.TOTL.ZS,2015,8.1973314669975
CSS,SL.UEM.TOTL.ZS,2014,8.58616864157887
CSS,SL.UEM.TOTL.ZS,2013,8.84996062325217
CSS,SL.UEM.TOTL.ZS,2012,8.9741939670799
CSS,SL.UEM.TOTL.ZS,2011,8.80300976727811
CSS,SL.UEM.TOTL.ZS,2010,8.78766547316244
CSS,SL.UEM.TOTL.ZS,2009,9.17081028787377
CSS,SL.UEM.TOTL.ZS,2008,7.85876783447128
CSS,SL.UEM.TOTL.ZS,2007,8.18796995695813
CSS,SL.UEM.TOTL.ZS,2006,8.68164396270797
CSS,SL.UEM.TOTL.ZS,2005,9.9723173887585
CSS,SL.UEM.TOTL.ZS,2004,10.2845474905662
CSS,SL.UEM.TOTL.ZS,2003,11.5352879341881
CSS,SL.UEM.TOTL.ZS,2002,11.3094603641708
CSS,SL.UEM.TOTL.ZS,2001,11.1879650638686
CSS,SL.UEM.TOTL.ZS,2000,11.7524596222052
CSS,SL.UEM.TOTL.ZS,1999,12.5050554538193
CSS,SL.UEM.TOTL.ZS,1998,13.0485825370287
CSS,SL.UEM.TOTL.ZS,1997,13.6210672096041
CSS,SL.UEM.TOTL.ZS,1996,14.2091207575111
CSS,SL.UEM.TOTL.ZS,1995,14.6640416860508
CSS,SL.UEM.TOTL.ZS,1994,16.1314521759885
CSS,SL.UEM.TOTL.ZS,1993,16.8574223870992
CSS,SL.UEM.TOTL.ZS,1992,17.0480242033489
CSS,SL.UEM.TOTL.ZS,1991,16.3029528373294
CSS,SL.UEM.TOTL.ZS,1990,
CSS,SL.UEM.TOTL.ZS,1989,
CSS,SL.UEM.TOTL.ZS,1988,
CSS,SL.UEM.TOTL.ZS,1987,
CSS,SL.UEM.TOTL.ZS,1986,
CSS,SL.UEM.TOTL.ZS,1985,
CSS,SL.UEM.TOTL.ZS,1984,
CSS,SL.UEM.TOTL.ZS,1983,
CSS,SL.UEM.TOTL.ZS,1982,
CSS,SL.UEM.TOTL.ZS,1981,
CSS,SL.UEM.TOTL.ZS,1980,
CSS,SL.UEM.TOTL.ZS,1979,
CSS,SL.UEM.TOTL.ZS,1978,
CSS,SL.UEM.TOTL.ZS,1977,
CSS,SL.UEM.TOTL.ZS,1976,
CSS,SL.UEM.TOTL.ZS,1975,
CSS,SL.UEM.TOTL.ZS,1974,
CSS,SL.UEM.TOTL.ZS,1973,
CSS,SL.UEM.TOTL.ZS,1972,
CSS,SL.UEM.TOTL.ZS,1971,
CSS,SL.UEM.TOTL.ZS,1970,
CSS,SL.UEM.TOTL.ZS,1969,
CSS,SL.UEM.TOTL.ZS,1968,
CSS,SL.UEM.TOTL.ZS,1967,
CSS,SL.UEM.TOTL.ZS,1966,
CSS,SL.UEM.TOTL.ZS,1965,
CSS,SL.UEM.TOTL.ZS,1964,
CSS,SL.UEM.TOTL.ZS,1963,
CSS,SL.UEM.TOTL.ZS,1962,
CSS,SL.UEM.TOTL.ZS,1961,
CSS,SL.UEM.TOTL.ZS,1960,
CEB,SL.UEM.TOTL.ZS,2024,3.86713329021602
CEB,SL.UEM.TOTL.ZS,2023,4.01423392069468
CEB,SL.UEM.TOTL.ZS,2022,3.98390653964054
CEB,SL.UEM.TOTL.ZS,2021,4.46083553017949
CEB,SL.UEM.TOTL.ZS,2020,4.36148161141545
CEB,SL.UEM.TOTL.ZS,2019,3.77015348175842
CEB,SL.UEM.TOTL.ZS,2018,4.30369562786882
CEB,SL.UEM.TOTL.ZS,2017,5.28282284018742
CEB,SL.UEM.TOTL.ZS,2016,6.48009996873257
CEB,SL.UEM.TOTL.ZS,2015,7.8140295868824
CEB,SL.UEM.TOTL.ZS,2014,8.87627586503652
CEB,SL.UEM.TOTL.ZS,2013,10.0753236166626
CEB,SL.UEM.TOTL.ZS,2012,10.0088988365559
CEB,SL.UEM.TOTL.ZS,2011,9.80886284662704
CEB,SL.UEM.TOTL.ZS,2010,9.92654756624789
CEB,SL.UEM.TOTL.ZS,2009,8.51651568379027
CEB,SL.UEM.TOTL.ZS,2008,6.60004823198757
CEB,SL.UEM.TOTL.ZS,2007,7.80513723734556
CEB,SL.UEM.TOTL.ZS,2006,10.1172085305052
CEB,SL.UEM.TOTL.ZS,2005,12.0310571699923
CEB,SL.UEM.TOTL.ZS,2004,12.8766296492385
CEB,SL.UEM.TOTL.ZS,2003,13.2635590108026
CEB,SL.UEM.TOTL.ZS,2002,13.9571015257378
CEB,SL.UEM.TOTL.ZS,2001,13.5050590063258
CEB,SL.UEM.TOTL.ZS,2000,12.1661215560372
CEB,SL.UEM.TOTL.ZS,1999,10.6194719048087
CEB,SL.UEM.TOTL.ZS,1998,9.19134382326191
CEB,SL.UEM.TOTL.ZS,1997,9.46153105263524
CEB,SL.UEM.TOTL.ZS,1996,10.3650466333203
CEB,SL.UEM.TOTL.ZS,1995,11.0184370000245
CEB,SL.UEM.TOTL.ZS,1994,11.5636400442004
CEB,SL.UEM.TOTL.ZS,1993,11.7123255728987
CEB,SL.UEM.TOTL.ZS,1992,10.2193743198593
CEB,SL.UEM.TOTL.ZS,1991,9.57714826844741
CEB,SL.UEM.TOTL.ZS,1990,
CEB,SL.UEM.TOTL.ZS,1989,
CEB,SL.UEM.TOTL.ZS,1988,
CEB,SL.UEM.TOTL.ZS,1987,
CEB,SL.UEM.TOTL.ZS,1986,
CEB,SL.UEM.TOTL.ZS,1985,
CEB,SL.UEM.TOTL.ZS,1984,
CEB,SL.UEM.TOTL.ZS,1983,
CEB,SL.UEM.TOTL.ZS,1982,
CEB,SL.UEM.TOTL.ZS,1981,
CEB,SL.UEM.TOTL.ZS,1980,
CEB,SL.UEM.TOTL.ZS,1979,
CEB,SL.UEM.TOTL.ZS,1978,
CEB,SL.UEM.TOTL.ZS,1977,
CEB,SL.UEM.TOTL.ZS,1976,
CEB,SL.UEM.TOTL.ZS,1975,
CEB,SL.UEM.TOTL.ZS,1974,
CEB,SL.UEM.TOTL.ZS,1973,
CEB,SL.UEM.TOTL.ZS,1972,
CEB,SL.UEM.TOTL.ZS,1971,
CEB,SL.UEM.TOTL.ZS,1970,
CEB,SL.UEM.TOTL.ZS,1969,
CEB,SL.UEM.TOTL.ZS,1968,
CEB,SL.UEM.TOTL.ZS,1967,
CEB,SL.UEM.TOTL.ZS,1966,
CEB,SL.UEM.TOTL.ZS,1965,
CEB,SL.UEM.TOTL.ZS,1964,
CEB,SL.UEM.TOTL.ZS,1963,
CEB,SL.UEM.TOTL.ZS,1962,
CEB,SL.UEM.TOTL.ZS,1961,
CEB,SL.UEM.TOTL.ZS,1960,
EAR,SL.UEM.TOTL.ZS,2024,5.29873898579239
EAR,SL.UEM.TOTL.ZS,2023,5.26002950548057
EAR,SL.UEM.TOTL.ZS,2022,5.71415089065227
EAR,SL.UEM.TOTL.ZS,2021,6.78633395860379
EAR,SL.UEM.TOTL.ZS,2020,7.41080978209992
EAR,SL.UEM.TOTL.ZS,2019,6.33471130423578
EAR,SL.UEM.TOTL.ZS,2018,6.79972998966452
EAR,SL.UEM.TOTL.ZS,2017,6.74512514660323
EAR,SL.UEM.TOTL.ZS,2016,6.75915198816923
EAR,SL.UEM.TOTL.ZS,2015,6.82125833182971
EAR,SL.UEM.TOTL.ZS,2014,6.64658238879271
EAR,SL.UEM.TOTL.ZS,2013,6.71768093948525
EAR,SL.UEM.TOTL.ZS,2012,6.73913255945519
EAR,SL.UEM.TOTL.ZS,2011,6.64163269370553
EAR,SL.UEM.TOTL.ZS,2010,6.72549254045243
EAR,SL.UEM.TOTL.ZS,2009,6.92207663381963
EAR,SL.UEM.TOTL.ZS,2008,6.79874005728352
EAR,SL.UEM.TOTL.ZS,2007,6.84170820607528
EAR,SL.UEM.TOTL.ZS,2006,6.90690971756036
EAR,SL.UEM.TOTL.ZS,2005,7.13189877369064
EAR,SL.UEM.TOTL.ZS,2004,7.22075925807152
EAR,SL.UEM.TOTL.ZS,2003,7.33857822367171
EAR,SL.UEM.TOTL.ZS,2002,7.44663197295669
EAR,SL.UEM.TOTL.ZS,2001,7.20100761030258
EAR,SL.UEM.TOTL.ZS,2000,7.11472249654015
EAR,SL.UEM.TOTL.ZS,1999,7.10847435045313
EAR,SL.UEM.TOTL.ZS,1998,6.91695464537819
EAR,SL.UEM.TOTL.ZS,1997,6.80671756099829
EAR,SL.UEM.TOTL.ZS,1996,6.92154862166954
EAR,SL.UEM.TOTL.ZS,1995,7.07631493241979
EAR,SL.UEM.TOTL.ZS,1994,6.8054630258792
EAR,SL.UEM.TOTL.ZS,1993,6.58222654047382
EAR,SL.UEM.TOTL.ZS,1992,6.40385203316569
EAR,SL.UEM.TOTL.ZS,1991,6.33439986099767
EAR,SL.UEM.TOTL.ZS,1990,
EAR,SL.UEM.TOTL.ZS,1989,
EAR,SL.UEM.TOTL.ZS,1988,
EAR,SL.UEM.TOTL.ZS,1987,
EAR,SL.UEM.TOTL.ZS,1986,
EAR,SL.UEM.TOTL.ZS,1985,
EAR,SL.UEM.TOTL.ZS,1984,
EAR,SL.UEM.TOTL.ZS,1983,
EAR,SL.UEM.TOTL.ZS,1982,
EAR,SL.UEM.TOTL.ZS,1981,
EAR,SL.UEM.TOTL.ZS,1980,
EAR,SL.UEM.TOTL.ZS,1979,
EAR,SL.UEM.TOTL.ZS,1978,
EAR,SL.UEM.TOTL.ZS,1977,
EAR,SL.UEM.TOTL.ZS,1976,
EAR,SL.UEM.TOTL.ZS,1975,
EAR,SL.UEM.TOTL.ZS,1974,
EAR,SL.UEM.TOTL.ZS,1973,
EAR,SL.UEM.TOTL.ZS,1972,
EAR,SL.UEM.TOTL.ZS,1971,
EAR,SL.UEM.TOTL.ZS,1970,
EAR,SL.UEM.TOTL.ZS,1969,
EAR,SL.UEM.TOTL.ZS,1968,
EAR,SL.UEM.TOTL.ZS,1967,
EAR,SL.UEM.TOTL.ZS,1966,
EAR,SL.UEM.TOTL.ZS,1965,
EAR,SL.UEM.TOTL.ZS,1964,
EAR,SL.UEM.TOTL.ZS,1963,
EAR,SL.UEM.TOTL.ZS,1962,
EAR,SL.UEM.TOTL.ZS,1961,
EAR,SL.UEM.TOTL.ZS,1960,
EAS,SL.UEM.TOTL.ZS,2024,3.78321987995003
EAS,SL.UEM.TOTL.ZS,2023,3.8577137184564
EAS,SL.UEM.TOTL.ZS,2022,4.08954331640933
EAS,SL.UEM.TOTL.ZS,2021,4.05434580285896
EAS,SL.UEM.TOTL.ZS,2020,4.28969803870281
EAS,SL.UEM.TOTL.ZS,2019,3.81471982611766
EAS,SL.UEM.TOTL.ZS,2018,3.74497476910225
EAS,SL.UEM.TOTL.ZS,2017,3.86565024174878
EAS,SL.UEM.TOTL.ZS,2016,3.99580515839642
EAS,SL.UEM.TOTL.ZS,2015,4.08251292816983
EAS,SL.UEM.TOTL.ZS,2014,4.01783996091461
EAS,SL.UEM.TOTL.ZS,2013,4.03852869929477
EAS,SL.UEM.TOTL.ZS,2012,4.05312532673054
EAS,SL.UEM.TOTL.ZS,2011,4.12281542064571
EAS,SL.UEM.TOTL.ZS,2010,4.21713753627349
EAS,SL.UEM.TOTL.ZS,2009,4.46622743993614
EAS,SL.UEM.TOTL.ZS,2008,4.37313894233402
EAS,SL.UEM.TOTL.ZS,2007,4.2946239136738
EAS,SL.UEM.TOTL.ZS,2006,4.34189971837131
EAS,SL.UEM.TOTL.ZS,2005,4.46538303958669
EAS,SL.UEM.TOTL.ZS,2004,4.42042962261375
EAS,SL.UEM.TOTL.ZS,2003,4.46994570713792
EAS,SL.UEM.TOTL.ZS,2002,4.25600174706397
EAS,SL.UEM.TOTL.ZS,2001,3.95674303523231
EAS,SL.UEM.TOTL.ZS,2000,3.55420828634154
EAS,SL.UEM.TOTL.ZS,1999,3.65027107077567
EAS,SL.UEM.TOTL.ZS,1998,3.53889313054046
EAS,SL.UEM.TOTL.ZS,1997,3.24782198209408
EAS,SL.UEM.TOTL.ZS,1996,3.15883854903829
EAS,SL.UEM.TOTL.ZS,1995,3.04438839579311
EAS,SL.UEM.TOTL.ZS,1994,2.96925133669627
EAS,SL.UEM.TOTL.ZS,1993,2.70120675237843
EAS,SL.UEM.TOTL.ZS,1992,2.44648499638451
EAS,SL.UEM.TOTL.ZS,1991,2.453481720451
EAS,SL.UEM.TOTL.ZS,1990,
EAS,SL.UEM.TOTL.ZS,1989,
EAS,SL.UEM.TOTL.ZS,1988,
EAS,SL.UEM.TOTL.ZS,1987,
EAS,SL.UEM.TOTL.ZS,1986,
EAS,SL.UEM.TOTL.ZS,1985,
EAS,SL.UEM.TOTL.ZS,1984,
EAS,SL.UEM.TOTL.ZS,1983,
EAS,SL.UEM.TOTL.ZS,1982,
EAS,SL.UEM.TOTL.ZS,1981,
EAS,SL.UEM.TOTL.ZS,1980,
EAS,SL.UEM.TOTL.ZS,1979,
EAS,SL.UEM.TOTL.ZS,1978,
EAS,SL.UEM.TOTL.ZS,1977,
EAS,SL.UEM.TOTL.ZS,1976,
EAS,SL.UEM.TOTL.ZS,1975,
EAS,SL.UEM.TOTL.ZS,1974,
EAS,SL.UEM.TOTL.ZS,1973,
EAS,SL.UEM.TOTL.ZS,1972,
EAS,SL.UEM.TOTL.ZS,1971,
EAS,SL.UEM.TOTL.ZS,1970,
EAS,SL.UEM.TOTL.ZS,1969,
EAS,SL.UEM.TOTL.ZS,1968,
EAS,SL.UEM.TOTL.ZS,1967,
EAS,SL.UEM.TOTL.ZS,1966,
EAS,SL.UEM.TOTL.ZS,1965,
EAS,SL.UEM.TOTL.ZS,1964,
EAS,SL.UEM.TOTL.ZS,1963,
EAS,SL.UEM.TOTL.ZS,1962,
EAS,SL.UEM.TOTL.ZS,1961,
EAS,SL.UEM.TOTL.ZS,1960,
EAP,SL.UEM.TOTL.ZS,2024,3.88578969882738
EAP,SL.UEM.TOTL.ZS,2023,3.97239658895814
EAP,SL.UEM.TOTL.ZS,2022,4.22329838547477
EAP,SL.UEM.TOTL.ZS,2021,4.12248591657027
EAP,SL.UEM.TOTL.ZS,2020,4.36073968094378
EAP,SL.UEM.TOTL.ZS,2019,3.89330553057754
EAP,SL.UEM.TOTL.ZS,2018,3.8023437834359
EAP,SL.UEM.TOTL.ZS,2017,3.91171481452964
EAP,SL.UEM.TOTL.ZS,2016,4.03404292652506
EAP,SL.UEM.TOTL.ZS,2015,4.11636992397966
EAP,SL.UEM.TOTL.ZS,2014,4.04186575779653
EAP,SL.UEM.TOTL.ZS,2013,4.04644374340581
EAP,SL.UEM.TOTL.ZS,2012,4.04454083172618
EAP,SL.UEM.TOTL.ZS,2011,4.10579979256748
EAP,SL.UEM.TOTL.ZS,2010,4.15545539099385
EAP,SL.UEM.TOTL.ZS,2009,4.41621948931768
EAP,SL.UEM.TOTL.ZS,2008,4.43458690180373
EAP,SL.UEM.TOTL.ZS,2007,4.35381700814466
EAP,SL.UEM.TOTL.ZS,2006,4.37346271691852
EAP,SL.UEM.TOTL.ZS,2005,4.47985327360328
EAP,SL.UEM.TOTL.ZS,2004,4.40081751899498
EAP,SL.UEM.TOTL.ZS,2003,4.40610012542102
EAP,SL.UEM.TOTL.ZS,2002,4.15890418582549
EAP,SL.UEM.TOTL.ZS,2001,3.84548126641516
EAP,SL.UEM.TOTL.ZS,2000,3.42330379281354
EAP,SL.UEM.TOTL.ZS,1999,3.4686448621588
EAP,SL.UEM.TOTL.ZS,1998,3.37390522425585
EAP,SL.UEM.TOTL.ZS,1997,3.20347877632994
EAP,SL.UEM.TOTL.ZS,1996,3.11193345175662
EAP,SL.UEM.TOTL.ZS,1995,3.00766968604447
EAP,SL.UEM.TOTL.ZS,1994,2.92467103828283
EAP,SL.UEM.TOTL.ZS,1993,2.62714147268805
EAP,SL.UEM.TOTL.ZS,1992,2.37611306626529
EAP,SL.UEM.TOTL.ZS,1991,2.40711360910144
EAP,SL.UEM.TOTL.ZS,1990,
EAP,SL.UEM.TOTL.ZS,1989,
EAP,SL.UEM.TOTL.ZS,1988,
EAP,SL.UEM.TOTL.ZS,1987,
EAP,SL.UEM.TOTL.ZS,1986,
EAP,SL.UEM.TOTL.ZS,1985,
EAP,SL.UEM.TOTL.ZS,1984,
EAP,SL.UEM.TOTL.ZS,1983,
EAP,SL.UEM.TOTL.ZS,1982,
EAP,SL.UEM.TOTL.ZS,1981,
EAP,SL.UEM.TOTL.ZS,1980,
EAP,SL.UEM.TOTL.ZS,1979,
EAP,SL.UEM.TOTL.ZS,1978,
EAP,SL.UEM.TOTL.ZS,1977,
EAP,SL.UEM.TOTL.ZS,1976,
EAP,SL.UEM.TOTL.ZS,1975,
EAP,SL.UEM.TOTL.ZS,1974,
EAP,SL.UEM.TOTL.ZS,1973,
EAP,SL.UEM.TOTL.ZS,1972,
EAP,SL.UEM.TOTL.ZS,1971,
EAP,SL.UEM.TOTL.ZS,1970,
EAP,SL.UEM.TOTL.ZS,1969,
EAP,SL.UEM.TOTL.ZS,1968,
EAP,SL.UEM.TOTL.ZS,1967,
EAP,SL.UEM.TOTL.ZS,1966,
EAP,SL.UEM.TOTL.ZS,1965,
EAP,SL.UEM.TOTL.ZS,1964,
EAP,SL.UEM.TOTL.ZS,1963,
EAP,SL.UEM.TOTL.ZS,1962,
EAP,SL.UEM.TOTL.ZS,1961,
EAP,SL.UEM.TOTL.ZS,1960,
TEA,SL.UEM.TOTL.ZS,2024,3.90185859989858
TEA,SL.UEM.TOTL.ZS,2023,3.99023937769226
TEA,SL.UEM.TOTL.ZS,2022,4.24554875686717
TEA,SL.UEM.TOTL.ZS,2021,4.13976979107785
TEA,SL.UEM.TOTL.ZS,2020,4.38272643965065
TEA,SL.UEM.TOTL.ZS,2019,3.91055814607334
TEA,SL.UEM.TOTL.ZS,2018,3.8185338900756
TEA,SL.UEM.TOTL.ZS,2017,3.9281651171289
TEA,SL.UEM.TOTL.ZS,2016,4.05094529389803
TEA,SL.UEM.TOTL.ZS,2015,4.13498800489396
TEA,SL.UEM.TOTL.ZS,2014,4.05946116233141
TEA,SL.UEM.TOTL.ZS,2013,4.06337163020856
TEA,SL.UEM.TOTL.ZS,2012,4.06150735915238
TEA,SL.UEM.TOTL.ZS,2011,4.12394805623432
TEA,SL.UEM.TOTL.ZS,2010,4.17562491797747
TEA,SL.UEM.TOTL.ZS,2009,4.43930711068683
TEA,SL.UEM.TOTL.ZS,2008,4.45784019112314
TEA,SL.UEM.TOTL.ZS,2007,4.37489660023347
TEA,SL.UEM.TOTL.ZS,2006,4.39475180578743
TEA,SL.UEM.TOTL.ZS,2005,4.50231259783126
TEA,SL.UEM.TOTL.ZS,2004,4.42148007967952
TEA,SL.UEM.TOTL.ZS,2003,4.42626048911676
TEA,SL.UEM.TOTL.ZS,2002,4.17566545663043
TEA,SL.UEM.TOTL.ZS,2001,3.85717166136865
TEA,SL.UEM.TOTL.ZS,2000,3.42896287038122
TEA,SL.UEM.TOTL.ZS,1999,3.47487110267778
TEA,SL.UEM.TOTL.ZS,1998,3.38157315635187
TEA,SL.UEM.TOTL.ZS,1997,3.21148767006564
TEA,SL.UEM.TOTL.ZS,1996,3.1198949743781
TEA,SL.UEM.TOTL.ZS,1995,3.01458475185669
TEA,SL.UEM.TOTL.ZS,1994,2.93060396440088
TEA,SL.UEM.TOTL.ZS,1993,2.6301198290109
TEA,SL.UEM.TOTL.ZS,1992,2.3767716688128
TEA,SL.UEM.TOTL.ZS,1991,2.40874403795317
TEA,SL.UEM.TOTL.ZS,1990,
TEA,SL.UEM.TOTL.ZS,1989,
TEA,SL.UEM.TOTL.ZS,1988,
TEA,SL.UEM.TOTL.ZS,1987,
TEA,SL.UEM.TOTL.ZS,1986,
TEA,SL.UEM.TOTL.ZS,1985,
TEA,SL.UEM.TOTL.ZS,1984,
TEA,SL.UEM.TOTL.ZS,1983,
TEA,SL.UEM.TOTL.ZS,1982,
TEA,SL.UEM.TOTL.ZS,1981,
TEA,SL.UEM.TOTL.ZS,1980,
TEA,SL.UEM.TOTL.ZS,1979,
TEA,SL.UEM.TOTL.ZS,1978,
TEA,SL.UEM.TOTL.ZS,1977,
TEA,SL.UEM.TOTL.ZS,1976,
TEA,SL.UEM.TOTL.ZS,1975,
TEA,SL.UEM.TOTL.ZS,1974,
TEA,SL.UEM.TOTL.ZS,1973,
TEA,SL.UEM.TOTL.ZS,1972,
TEA,SL.UEM.TOTL.ZS,1971,
TEA,SL.UEM.TOTL.ZS,1970,
TEA,SL.UEM.TOTL.ZS,1969,
TEA,SL.UEM.TOTL.ZS,1968,
TEA,SL.UEM.TOTL.ZS,1967,
TEA,SL.UEM.TOTL.ZS,1966,
TEA,SL.UEM.TOTL.ZS,1965,
TEA,SL.UEM.TOTL.ZS,1964,
TEA,SL.UEM.TOTL.ZS,1963,
TEA,SL.UEM.TOTL.ZS,1962,
TEA,SL.UEM.TOTL.ZS,1961,
TEA,SL.UEM.TOTL.ZS,1960,
EMU,SL.UEM.TOTL.ZS,2024,6.41456670355239
EMU,SL.UEM.TOTL.ZS,2023,6.5647698836445
EMU,SL.UEM.TOTL.ZS,2022,6.75630041139587
EMU,SL.UEM.TOTL.ZS,2021,7.72235228907323
EMU,SL.UEM.TOTL.ZS,2020,7.82955559700518
EMU,SL.UEM.TOTL.ZS,2019,7.51936142254261
EMU,SL.UEM.TOTL.ZS,2018,8.15855629448959
EMU,SL.UEM.TOTL.ZS,2017,9.06984529942784
EMU,SL.UEM.TOTL.ZS,2016,10.033463178174
EMU,SL.UEM.TOTL.ZS,2015,10.8831519353622
EMU,SL.UEM.TOTL.ZS,2014,11.6261765228596
EMU,SL.UEM.TOTL.ZS,2013,11.9982760867162
EMU,SL.UEM.TOTL.ZS,2012,11.4149113927429
EMU,SL.UEM.TOTL.ZS,2011,10.2589409954022
EMU,SL.UEM.TOTL.ZS,2010,10.1735036090983
EMU,SL.UEM.TOTL.ZS,2009,9.63276496031515
EMU,SL.UEM.TOTL.ZS,2008,7.54387898457331
EMU,SL.UEM.TOTL.ZS,2007,7.53678965173941
EMU,SL.UEM.TOTL.ZS,2006,8.42908540808872
EMU,SL.UEM.TOTL.ZS,2005,9.14955743402771
EMU,SL.UEM.TOTL.ZS,2004,9.28985762130963
EMU,SL.UEM.TOTL.ZS,2003,9.0208405343962
EMU,SL.UEM.TOTL.ZS,2002,8.67989167075215
EMU,SL.UEM.TOTL.ZS,2001,8.41873260562831
EMU,SL.UEM.TOTL.ZS,2000,9.47224221882325
EMU,SL.UEM.TOTL.ZS,1999,10.4531698266666
EMU,SL.UEM.TOTL.ZS,1998,11.2045752544234
EMU,SL.UEM.TOTL.ZS,1997,11.6419654851093
EMU,SL.UEM.TOTL.ZS,1996,11.6237217720969
EMU,SL.UEM.TOTL.ZS,1995,11.4184706063119
EMU,SL.UEM.TOTL.ZS,1994,11.7369455914828
EMU,SL.UEM.TOTL.ZS,1993,10.6900899017753
EMU,SL.UEM.TOTL.ZS,1992,8.9295607186825
EMU,SL.UEM.TOTL.ZS,1991,8.31721718313706
EMU,SL.UEM.TOTL.ZS,1990,
EMU,SL.UEM.TOTL.ZS,1989,
EMU,SL.UEM.TOTL.ZS,1988,
EMU,SL.UEM.TOTL.ZS,1987,
EMU,SL.UEM.TOTL.ZS,1986,
EMU,SL.UEM.TOTL.ZS,1985,
EMU,SL.UEM.TOTL.ZS,1984,
EMU,SL.UEM.TOTL.ZS,1983,
EMU,SL.UEM.TOTL.ZS,1982,
EMU,SL.UEM.TOTL.ZS,1981,
EMU,SL.UEM.TOTL.ZS,1980,
EMU,SL.UEM.TOTL.ZS,1979,
EMU,SL.UEM.TOTL.ZS,1978,
EMU,SL.UEM.TOTL.ZS,1977,
EMU,SL.UEM.TOTL.ZS,1976,
EMU,SL.UEM.TOTL.ZS,1975,
EMU,SL.UEM.TOTL.ZS,1974,
EMU,SL.UEM.TOTL.ZS,1973,
EMU,SL.UEM.TOTL.ZS,1972,
EMU,SL.UEM.TOTL.ZS,1971,
EMU,SL.UEM.TOTL.ZS,1970,
EMU,SL.UEM.TOTL.ZS,1969,
EMU,SL.UEM.TOTL.ZS,1968,
EMU,SL.UEM.TOTL.ZS,1967,
EMU,SL.UEM.TOTL.ZS,1966,
EMU,SL.UEM.TOTL.ZS,1965,
EMU,SL.UEM.TOTL.ZS,1964,
EMU,SL.UEM.TOTL.ZS,1963,
EMU,SL.UEM.TOTL.ZS,1962,
EMU,SL.UEM.TOTL.ZS,1961,
EMU,SL.UEM.TOTL.ZS,1960,
ECS,SL.UEM.TOTL.ZS,2024,5.36753794530394
ECS,SL.UEM.TOTL.ZS,2023,5.58670763201265
ECS,SL.UEM.TOTL.ZS,2022,5.86004068753744
ECS,SL.UEM.TOTL.ZS,2021,6.90930078593098
ECS,SL.UEM.TOTL.ZS,2020,7.11145083106866
ECS,SL.UEM.TOTL.ZS,2019,6.64351889327326
ECS,SL.UEM.TOTL.ZS,2018,6.89692098364632
ECS,SL.UEM.TOTL.ZS,2017,7.49712655156225
ECS,SL.UEM.TOTL.ZS,2016,8.09007236956833
ECS,SL.UEM.TOTL.ZS,2015,8.56892232999767
ECS,SL.UEM.TOTL.ZS,2014,8.95355246075943
ECS,SL.UEM.TOTL.ZS,2013,9.27136919726065
ECS,SL.UEM.TOTL.ZS,2012,9.07689951547521
ECS,SL.UEM.TOTL.ZS,2011,8.85621943906051
ECS,SL.UEM.TOTL.ZS,2010,9.11862363914561
ECS,SL.UEM.TOTL.ZS,2009,9.05843891845681
ECS,SL.UEM.TOTL.ZS,2008,7.16220455678739
ECS,SL.UEM.TOTL.ZS,2007,7.23096763684341
ECS,SL.UEM.TOTL.ZS,2006,8.1528495787367
ECS,SL.UEM.TOTL.ZS,2005,8.71915129217189
ECS,SL.UEM.TOTL.ZS,2004,9.04883693016551
ECS,SL.UEM.TOTL.ZS,2003,9.11002365789452
ECS,SL.UEM.TOTL.ZS,2002,9.07711633146445
ECS,SL.UEM.TOTL.ZS,2001,9.05974009819758
ECS,SL.UEM.TOTL.ZS,2000,9.68992008060941
ECS,SL.UEM.TOTL.ZS,1999,10.5848696688065
ECS,SL.UEM.TOTL.ZS,1998,10.6914741670305
ECS,SL.UEM.TOTL.ZS,1997,10.5231039621073
ECS,SL.UEM.TOTL.ZS,1996,10.2662712000885
ECS,SL.UEM.TOTL.ZS,1995,9.93006411860132
ECS,SL.UEM.TOTL.ZS,1994,9.64971931139526
ECS,SL.UEM.TOTL.ZS,1993,8.65485924634432
ECS,SL.UEM.TOTL.ZS,1992,7.49470977836801
ECS,SL.UEM.TOTL.ZS,1991,6.88775531511315
ECS,SL.UEM.TOTL.ZS,1990,
ECS,SL.UEM.TOTL.ZS,1989,
ECS,SL.UEM.TOTL.ZS,1988,
ECS,SL.UEM.TOTL.ZS,1987,
ECS,SL.UEM.TOTL.ZS,1986,
ECS,SL.UEM.TOTL.ZS,1985,
ECS,SL.UEM.TOTL.ZS,1984,
ECS,SL.UEM.TOTL.ZS,1983,
ECS,SL.UEM.TOTL.ZS,1982,
ECS,SL.UEM.TOTL.ZS,1981,
ECS,SL.UEM.TOTL.ZS,1980,
ECS,SL.UEM.TOTL.ZS,1979,
ECS,SL.UEM.TOTL.ZS,1978,
ECS,SL.UEM.TOTL.ZS,1977,
ECS,SL.UEM.TOTL.ZS,1976,
ECS,SL.UEM.TOTL.ZS,1975,
ECS,SL.UEM.TOTL.ZS,1974,
ECS,SL.UEM.TOTL.ZS,1973,
ECS,SL.UEM.TOTL.ZS,1972,
ECS,SL.UEM.TOTL.ZS,1971,
ECS,SL.UEM.TOTL.ZS,1970,
ECS,SL.UEM.TOTL.ZS,1969,
ECS,SL.UEM.TOTL.ZS,1968,
ECS,SL.UEM.TOTL.ZS,1967,
ECS,SL.UEM.TOTL.ZS,1966,
ECS,SL.UEM.TOTL.ZS,1965,
ECS,SL.UEM.TOTL.ZS,1964,
ECS,SL.UEM.TOTL.ZS,1963,
ECS,SL.UEM.TOTL.ZS,1962,
ECS,SL.UEM.TOTL.ZS,1961,
ECS,SL.UEM.TOTL.ZS,1960,
ECA,SL.UEM.TOTL.ZS,2024,6.9068039628902
ECA,SL.UEM.TOTL.ZS,2023,7.32795666468699
ECA,SL.UEM.TOTL.ZS,2022,7.81152824791031
ECA,SL.UEM.TOTL.ZS,2021,9.00694262356147
ECA,SL.UEM.TOTL.ZS,2020,9.31305476539785
ECA,SL.UEM.TOTL.ZS,2019,9.16141263309841
ECA,SL.UEM.TOTL.ZS,2018,8.65685007116391
ECA,SL.UEM.TOTL.ZS,2017,8.98684331356228
ECA,SL.UEM.TOTL.ZS,2016,9.08715573478527
ECA,SL.UEM.TOTL.ZS,2015,9.00928832926573
ECA,SL.UEM.TOTL.ZS,2014,9.00339164445519
ECA,SL.UEM.TOTL.ZS,2013,8.60292354696247
ECA,SL.UEM.TOTL.ZS,2012,8.6416048696886
ECA,SL.UEM.TOTL.ZS,2011,8.915331955385
ECA,SL.UEM.TOTL.ZS,2010,9.55793535586369
ECA,SL.UEM.TOTL.ZS,2009,10.1898182867484
ECA,SL.UEM.TOTL.ZS,2008,8.55147985690813
ECA,SL.UEM.TOTL.ZS,2007,8.55021046052096
ECA,SL.UEM.TOTL.ZS,2006,9.0830267439186
ECA,SL.UEM.TOTL.ZS,2005,9.57056994537054
ECA,SL.UEM.TOTL.ZS,2004,10.1062398812308
ECA,SL.UEM.TOTL.ZS,2003,10.2782186342322
ECA,SL.UEM.TOTL.ZS,2002,10.6903128740959
ECA,SL.UEM.TOTL.ZS,2001,10.6399597923014
ECA,SL.UEM.TOTL.ZS,2000,10.7484483274832
ECA,SL.UEM.TOTL.ZS,1999,11.3896842510603
ECA,SL.UEM.TOTL.ZS,1998,11.0080274252343
ECA,SL.UEM.TOTL.ZS,1997,10.1064955654502
ECA,SL.UEM.TOTL.ZS,1996,9.93804963169598
ECA,SL.UEM.TOTL.ZS,1995,8.54698807779296
ECA,SL.UEM.TOTL.ZS,1994,7.1320955291035
ECA,SL.UEM.TOTL.ZS,1993,5.89729410212216
ECA,SL.UEM.TOTL.ZS,1992,5.21097173523188
ECA,SL.UEM.TOTL.ZS,1991,4.44287892433259
ECA,SL.UEM.TOTL.ZS,1990,
ECA,SL.UEM.TOTL.ZS,1989,
ECA,SL.UEM.TOTL.ZS,1988,
ECA,SL.UEM.TOTL.ZS,1987,
ECA,SL.UEM.TOTL.ZS,1986,
ECA,SL.UEM.TOTL.ZS,1985,
ECA,SL.UEM.TOTL.ZS,1984,
ECA,SL.UEM.TOTL.ZS,1983,
ECA,SL.UEM.TOTL.ZS,1982,
ECA,SL.UEM.TOTL.ZS,1981,
ECA,SL.UEM.TOTL.ZS,1980,
ECA,SL.UEM.TOTL.ZS,1979,
ECA,SL.UEM.TOTL.ZS,1978,
ECA,SL.UEM.TOTL.ZS,1977,
ECA,SL.UEM.TOTL.ZS,1976,
ECA,SL.UEM.TOTL.ZS,1975,
ECA,SL.UEM.TOTL.ZS,1974,
ECA,SL.UEM.TOTL.ZS,1973,
ECA,SL.UEM.TOTL.ZS,1972,
ECA,SL.UEM.TOTL.ZS,1971,
ECA,SL.UEM.TOTL.ZS,1970,
ECA,SL.UEM.TOTL.ZS,1969,
ECA,SL.UEM.TOTL.ZS,1968,
ECA,SL.UEM.TOTL.ZS,1967,
ECA,SL.UEM.TOTL.ZS,1966,
ECA,SL.UEM.TOTL.ZS,1965,
ECA,SL.UEM.TOTL.ZS,1964,
ECA,SL.UEM.TOTL.ZS,1963,
ECA,SL.UEM.TOTL.ZS,1962,
ECA,SL.UEM.TOTL.ZS,1961,
ECA,SL.UEM.TOTL.ZS,1960,
TEC,SL.UEM.TOTL.ZS,2024,4.72766303570866
TEC,SL.UEM.TOTL.ZS,2023,5.15608827143809
TEC,SL.UEM.TOTL.ZS,2022,5.68131119463324
TEC,SL.UEM.TOTL.ZS,2021,6.82993701862492
TEC,SL.UEM.TOTL.ZS,2020,7.23984099845427
TEC,SL.UEM.TOTL.ZS,2019,6.7395614203963
TEC,SL.UEM.TOTL.ZS,2018,6.68381689056803
TEC,SL.UEM.TOTL.ZS,2017,7.1229269404505
TEC,SL.UEM.TOTL.ZS,2016,7.47202324270353
TEC,SL.UEM.TOTL.ZS,2015,7.63847088587282
TEC,SL.UEM.TOTL.ZS,2014,7.65568345195076
TEC,SL.UEM.TOTL.ZS,2013,7.71339501262852
TEC,SL.UEM.TOTL.ZS,2012,7.65731579322706
TEC,SL.UEM.TOTL.ZS,2011,8.12135370910361
TEC,SL.UEM.TOTL.ZS,2010,8.68768383545242
TEC,SL.UEM.TOTL.ZS,2009,9.10456034631184
TEC,SL.UEM.TOTL.ZS,2008,7.37099265588776
TEC,SL.UEM.TOTL.ZS,2007,7.56763449504919
TEC,SL.UEM.TOTL.ZS,2006,8.66814807340215
TEC,SL.UEM.TOTL.ZS,2005,9.29208362545358
TEC,SL.UEM.TOTL.ZS,2004,9.94923352336291
TEC,SL.UEM.TOTL.ZS,2003,10.2946380818144
TEC,SL.UEM.TOTL.ZS,2002,10.5333866655627
TEC,SL.UEM.TOTL.ZS,2001,10.7472838740452
TEC,SL.UEM.TOTL.ZS,2000,11.0252036761132
TEC,SL.UEM.TOTL.ZS,1999,11.9103803884924
TEC,SL.UEM.TOTL.ZS,1998,11.4911681190221
TEC,SL.UEM.TOTL.ZS,1997,10.648314711627
TEC,SL.UEM.TOTL.ZS,1996,9.97942478649557
TEC,SL.UEM.TOTL.ZS,1995,9.38716990370413
TEC,SL.UEM.TOTL.ZS,1994,8.39768970039692
TEC,SL.UEM.TOTL.ZS,1993,7.02964263363322
TEC,SL.UEM.TOTL.ZS,1992,6.35082862580249
TEC,SL.UEM.TOTL.ZS,1991,5.88516272026417
TEC,SL.UEM.TOTL.ZS,1990,
TEC,SL.UEM.TOTL.ZS,1989,
TEC,SL.UEM.TOTL.ZS,1988,
TEC,SL.UEM.TOTL.ZS,1987,
TEC,SL.UEM.TOTL.ZS,1986,
TEC,SL.UEM.TOTL.ZS,1985,
TEC,SL.UEM.TOTL.ZS,1984,
TEC,SL.UEM.TOTL.ZS,1983,
TEC,SL.UEM.TOTL.ZS,1982,
TEC,SL.UEM.TOTL.ZS,1981,
TEC,SL.UEM.TOTL.ZS,1980,
TEC,SL.UEM.TOTL.ZS,1979,
TEC,SL.UEM.TOTL.ZS,1978,
TEC,SL.UEM.TOTL.ZS,1977,
TEC,SL.UEM.TOTL.ZS,1976,
TEC,SL.UEM.TOTL.ZS,1975,
TEC,SL.UEM.TOTL.ZS,1974,
TEC,SL.UEM.TOTL.ZS,1973,
TEC,SL.UEM.TOTL.ZS,1972,
TEC,SL.UEM.TOTL.ZS,1971,
TEC,SL.UEM.TOTL.ZS,1970,
TEC,SL.UEM.TOTL.ZS,1969,
TEC,SL.UEM.TOTL.ZS,1968,
TEC,SL.UEM.TOTL.ZS,1967,
TEC,SL.UEM.TOTL.ZS,1966,
TEC,SL.UEM.TOTL.ZS,1965,
TEC,SL.UEM.TOTL.ZS,1964,
TEC,SL.UEM.TOTL.ZS,1963,
TEC,SL.UEM.TOTL.ZS,1962,
TEC,SL.UEM.TOTL.ZS,1961,
TEC,SL.UEM.TOTL.ZS,1960,
EUU,SL.UEM.TOTL.ZS,2024,5.91852671448482
EUU,SL.UEM.TOTL.ZS,2023,6.02967537304754
EUU,SL.UEM.TOTL.ZS,2022,6.14902028996126
EUU,SL.UEM.TOTL.ZS,2021,7.0141845372126
EUU,SL.UEM.TOTL.ZS,2020,7.05350210339032
EUU,SL.UEM.TOTL.ZS,2019,6.68857556375924
EUU,SL.UEM.TOTL.ZS,2018,7.25592359475734
EUU,SL.UEM.TOTL.ZS,2017,8.13407491332889
EUU,SL.UEM.TOTL.ZS,2016,9.10766131721785
EUU,SL.UEM.TOTL.ZS,2015,10.018398713185
EUU,SL.UEM.TOTL.ZS,2014,10.8266686494913
EUU,SL.UEM.TOTL.ZS,2013,11.3499080660671
EUU,SL.UEM.TOTL.ZS,2012,10.8752261644437
EUU,SL.UEM.TOTL.ZS,2011,9.92759950838198
EUU,SL.UEM.TOTL.ZS,2010,9.8727209377786
EUU,SL.UEM.TOTL.ZS,2009,9.21098128007764
EUU,SL.UEM.TOTL.ZS,2008,7.24140110289056
EUU,SL.UEM.TOTL.ZS,2007,7.50180506167496
EUU,SL.UEM.TOTL.ZS,2006,8.68652334151983
EUU,SL.UEM.TOTL.ZS,2005,9.63148127948681
EUU,SL.UEM.TOTL.ZS,2004,9.85574243526537
EUU,SL.UEM.TOTL.ZS,2003,9.70354629905559
EUU,SL.UEM.TOTL.ZS,2002,9.56474012915663
EUU,SL.UEM.TOTL.ZS,2001,9.21023289249237
EUU,SL.UEM.TOTL.ZS,2000,9.70649119804801
EUU,SL.UEM.TOTL.ZS,1999,10.2135806790215
EUU,SL.UEM.TOTL.ZS,1998,10.5276504397723
EUU,SL.UEM.TOTL.ZS,1997,10.9626535174364
EUU,SL.UEM.TOTL.ZS,1996,11.1430361327697
EUU,SL.UEM.TOTL.ZS,1995,11.1089008967871
EUU,SL.UEM.TOTL.ZS,1994,11.5487582472721
EUU,SL.UEM.TOTL.ZS,1993,10.8578041270804
EUU,SL.UEM.TOTL.ZS,1992,9.23724014256356
EUU,SL.UEM.TOTL.ZS,1991,8.58763776597261
EUU,SL.UEM.TOTL.ZS,1990,
EUU,SL.UEM.TOTL.ZS,1989,
EUU,SL.UEM.TOTL.ZS,1988,
EUU,SL.UEM.TOTL.ZS,1987,
EUU,SL.UEM.TOTL.ZS,1986,
EUU,SL.UEM.TOTL.ZS,1985,
EUU,SL.UEM.TOTL.ZS,1984,
EUU,SL.UEM.TOTL.ZS,1983,
EUU,SL.UEM.TOTL.ZS,1982,
EUU,SL.UEM.TOTL.ZS,1981,
EUU,SL.UEM.TOTL.ZS,1980,
EUU,SL.UEM.TOTL.ZS,1979,
EUU,SL.UEM.TOTL.ZS,1978,
EUU,SL.UEM.TOTL.ZS,1977,
EUU,SL.UEM.TOTL.ZS,1976,
EUU,SL.UEM.TOTL.ZS,1975,
EUU,SL.UEM.TOTL.ZS,1974,
EUU,SL.UEM.TOTL.ZS,1973,
EUU,SL.UEM.TOTL.ZS,1972,
EUU,SL.UEM.TOTL.ZS,1971,
EUU,SL.UEM.TOTL.ZS,1970,
EUU,SL.UEM.TOTL.ZS,1969,
EUU,SL.UEM.TOTL.ZS,1968,
EUU,SL.UEM.TOTL.ZS,1967,
EUU,SL.UEM.TOTL.ZS,1966,
EUU,SL.UEM.TOTL.ZS,1965,
EUU,SL.UEM.TOTL.ZS,1964,
EUU,SL.UEM.TOTL.ZS,1963,
EUU,SL.UEM.TOTL.ZS,1962,
EUU,SL.UEM.TOTL.ZS,1961,
EUU,SL.UEM.TOTL.ZS,1960,
FCS,SL.UEM.TOTL.ZS,2024,5.02124845086415
FCS,SL.UEM.TOTL.ZS,2023,5.20087833966654
FCS,SL.UEM.TOTL.ZS,2022,5.60917621194441
FCS,SL.UEM.TOTL.ZS,2021,6.77761944075494
FCS,SL.UEM.TOTL.ZS,2020,6.65180755643263
FCS,SL.UEM.TOTL.ZS,2019,5.87910736649221
FCS,SL.UEM.TOTL.ZS,2018,5.82973963441826
FCS,SL.UEM.TOTL.ZS,2017,5.83065194153996
FCS,SL.UEM.TOTL.ZS,2016,5.61701548557091
FCS,SL.UEM.TOTL.ZS,2015,5.47064138133532
FCS,SL.UEM.TOTL.ZS,2014,5.37407223056533
FCS,SL.UEM.TOTL.ZS,2013,5.23081343093215
FCS,SL.UEM.TOTL.ZS,2012,5.24340820566146
FCS,SL.UEM.TOTL.ZS,2011,5.17980481339294
FCS,SL.UEM.TOTL.ZS,2010,5.13393632566262
FCS,SL.UEM.TOTL.ZS,2009,5.05816095420724
FCS,SL.UEM.TOTL.ZS,2008,5.00330426897512
FCS,SL.UEM.TOTL.ZS,2007,4.96680136077522
FCS,SL.UEM.TOTL.ZS,2006,5.04106352666451
FCS,SL.UEM.TOTL.ZS,2005,5.17532128815233
FCS,SL.UEM.TOTL.ZS,2004,5.48617912534708
FCS,SL.UEM.TOTL.ZS,2003,5.64180971833322
FCS,SL.UEM.TOTL.ZS,2002,5.77082847201375
FCS,SL.UEM.TOTL.ZS,2001,5.80264993621776
FCS,SL.UEM.TOTL.ZS,2000,5.88813224341885
FCS,SL.UEM.TOTL.ZS,1999,5.90502218899798
FCS,SL.UEM.TOTL.ZS,1998,5.67145415997568
FCS,SL.UEM.TOTL.ZS,1997,5.42842092170189
FCS,SL.UEM.TOTL.ZS,1996,5.32945828196112
FCS,SL.UEM.TOTL.ZS,1995,5.06432164614079
FCS,SL.UEM.TOTL.ZS,1994,4.58179010647638
FCS,SL.UEM.TOTL.ZS,1993,4.48511360325192
FCS,SL.UEM.TOTL.ZS,1992,4.46040064545176
FCS,SL.UEM.TOTL.ZS,1991,4.50950159143069
FCS,SL.UEM.TOTL.ZS,1990,
FCS,SL.UEM.TOTL.ZS,1989,
FCS,SL.UEM.TOTL.ZS,1988,
FCS,SL.UEM.TOTL.ZS,1987,
FCS,SL.UEM.TOTL.ZS,1986,
FCS,SL.UEM.TOTL.ZS,1985,
FCS,SL.UEM.TOTL.ZS,1984,
FCS,SL.UEM.TOTL.ZS,1983,
FCS,SL.UEM.TOTL.ZS,1982,
FCS,SL.UEM.TOTL.ZS,1981,
FCS,SL.UEM.TOTL.ZS,1980,
FCS,SL.UEM.TOTL.ZS,1979,
FCS,SL.UEM.TOTL.ZS,1978,
FCS,SL.UEM.TOTL.ZS,1977,
FCS,SL.UEM.TOTL.ZS,1976,
FCS,SL.UEM.TOTL.ZS,1975,
FCS,SL.UEM.TOTL.ZS,1974,
FCS,SL.UEM.TOTL.ZS,1973,
FCS,SL.UEM.TOTL.ZS,1972,
FCS,SL.UEM.TOTL.ZS,1971,
FCS,SL.UEM.TOTL.ZS,1970,
FCS,SL.UEM.TOTL.ZS,1969,
FCS,SL.UEM.TOTL.ZS,1968,
FCS,SL.UEM.TOTL.ZS,1967,
FCS,SL.UEM.TOTL.ZS,1966,
FCS,SL.UEM.TOTL.ZS,1965,
FCS,SL.UEM.TOTL.ZS,1964,
FCS,SL.UEM.TOTL.ZS,1963,
FCS,SL.UEM.TOTL.ZS,1962,
FCS,SL.UEM.TOTL.ZS,1961,
FCS,SL.UEM.TOTL.ZS,1960,
HPC,SL.UEM.TOTL.ZS,2024,4.21260389549363
HPC,SL.UEM.TOTL.ZS,2023,4.22661765181006
HPC,SL.UEM.TOTL.ZS,2022,4.44664203690213
HPC,SL.UEM.TOTL.ZS,2021,4.99025451599025
HPC,SL.UEM.TOTL.ZS,2020,5.08466986799381
HPC,SL.UEM.TOTL.ZS,2019,4.35891138556294
HPC,SL.UEM.TOTL.ZS,2018,4.3509884503825
HPC,SL.UEM.TOTL.ZS,2017,4.38423696813415
HPC,SL.UEM.TOTL.ZS,2016,4.37144771498706
HPC,SL.UEM.TOTL.ZS,2015,4.42867097391046
HPC,SL.UEM.TOTL.ZS,2014,4.2863349936028
HPC,SL.UEM.TOTL.ZS,2013,4.28006264560717
HPC,SL.UEM.TOTL.ZS,2012,4.55787405742502
HPC,SL.UEM.TOTL.ZS,2011,4.74938707940846
HPC,SL.UEM.TOTL.ZS,2010,4.78976425103905
HPC,SL.UEM.TOTL.ZS,2009,4.57426523463948
HPC,SL.UEM.TOTL.ZS,2008,4.53294980065855
HPC,SL.UEM.TOTL.ZS,2007,4.5512927797348
HPC,SL.UEM.TOTL.ZS,2006,4.60600204258665
HPC,SL.UEM.TOTL.ZS,2005,4.69477294260221
HPC,SL.UEM.TOTL.ZS,2004,4.85956399044133
HPC,SL.UEM.TOTL.ZS,2003,4.99978241919788
HPC,SL.UEM.TOTL.ZS,2002,5.04907920082407
HPC,SL.UEM.TOTL.ZS,2001,5.08284361969071
HPC,SL.UEM.TOTL.ZS,2000,5.15456136215711
HPC,SL.UEM.TOTL.ZS,1999,5.11058947519444
HPC,SL.UEM.TOTL.ZS,1998,4.9664348658401
HPC,SL.UEM.TOTL.ZS,1997,4.90294026855075
HPC,SL.UEM.TOTL.ZS,1996,4.96491454854859
HPC,SL.UEM.TOTL.ZS,1995,4.9902125673928
HPC,SL.UEM.TOTL.ZS,1994,5.16247929005649
HPC,SL.UEM.TOTL.ZS,1993,5.21990582085918
HPC,SL.UEM.TOTL.ZS,1992,5.22404122059886
HPC,SL.UEM.TOTL.ZS,1991,5.11956826825244
HPC,SL.UEM.TOTL.ZS,1990,
HPC,SL.UEM.TOTL.ZS,1989,
HPC,SL.UEM.TOTL.ZS,1988,
HPC,SL.UEM.TOTL.ZS,1987,
HPC,SL.UEM.TOTL.ZS,1986,
HPC,SL.UEM.TOTL.ZS,1985,
HPC,SL.UEM.TOTL.ZS,1984,
HPC,SL.UEM.TOTL.ZS,1983,
HPC,SL.UEM.TOTL.ZS,1982,
HPC,SL.UEM.TOTL.ZS,1981,
HPC,SL.UEM.TOTL.ZS,1980,
HPC,SL.UEM.TOTL.ZS,1979,
HPC,SL.UEM.TOTL.ZS,1978,
HPC,SL.UEM.TOTL.ZS,1977,
HPC,SL.UEM.TOTL.ZS,1976,
HPC,SL.UEM.TOTL.ZS,1975,
HPC,SL.UEM.TOTL.ZS,1974,
HPC,SL.UEM.TOTL.ZS,1973,
HPC,SL.UEM.TOTL.ZS,1972,
HPC,SL.UEM.TOTL.ZS,1971,
HPC,SL.UEM.TOTL.ZS,1970,
HPC,SL.UEM.TOTL.ZS,1969,
HPC,SL.UEM.TOTL.ZS,1968,
HPC,SL.UEM.TOTL.ZS,1967,
HPC,SL.UEM.TOTL.ZS,1966,
HPC,SL.UEM.TOTL.ZS,1965,
HPC,SL.UEM.TOTL.ZS,1964,
HPC,SL.UEM.TOTL.ZS,1963,
HPC,SL.UEM.TOTL.ZS,1962,
HPC,SL.UEM.TOTL.ZS,1961,
HPC,SL.UEM.TOTL.ZS,1960,
,SL.UEM.TOTL.ZS,2024,4.39896976372422
,SL.UEM.TOTL.ZS,2023,4.33943280842638
,SL.UEM.TOTL.ZS,2022,4.50388986697188
,SL.UEM.TOTL.ZS,2021,5.56067578452599
,SL.UEM.TOTL.ZS,2020,6.4616415807438
,SL.UEM.TOTL.ZS,2019,4.76302270717288
,SL.UEM.TOTL.ZS,2018,5.0821060138216
,SL.UEM.TOTL.ZS,2017,5.57659079161592
,SL.UEM.TOTL.ZS,2016,6.10566563882337
,SL.UEM.TOTL.ZS,2015,6.5464838065221
,SL.UEM.TOTL.ZS,2014,7.0347357251866
,SL.UEM.TOTL.ZS,2013,7.61777443075933
,SL.UEM.TOTL.ZS,2012,7.71846270734258
,SL.UEM.TOTL.ZS,2011,7.80704849964703
,SL.UEM.TOTL.ZS,2010,8.17567133611385
,SL.UEM.TOTL.ZS,2009,8.03805524754817
,SL.UEM.TOTL.ZS,2008,5.93042073257136
,SL.UEM.TOTL.ZS,2007,5.69359591718748
,SL.UEM.TOTL.ZS,2006,6.3003880425585
,SL.UEM.TOTL.ZS,2005,6.78022211613031
,SL.UEM.TOTL.ZS,2004,7.09446738264513
,SL.UEM.TOTL.ZS,2003,7.31873931664832
,SL.UEM.TOTL.ZS,2002,7.19427308148729
,SL.UEM.TOTL.ZS,2001,6.87292707336238
,SL.UEM.TOTL.ZS,2000,7.02762965490002
,SL.UEM.TOTL.ZS,1999,7.70074494467903
,SL.UEM.TOTL.ZS,1998,7.81459688748512
,SL.UEM.TOTL.ZS,1997,7.74455880587625
,SL.UEM.TOTL.ZS,1996,7.73656404442503
,SL.UEM.TOTL.ZS,1995,7.72204841120156
,SL.UEM.TOTL.ZS,1994,7.91590926789787
,SL.UEM.TOTL.ZS,1993,7.65353065101961
,SL.UEM.TOTL.ZS,1992,7.0743716964588
,SL.UEM.TOTL.ZS,1991,6.57981117181391
,SL.UEM.TOTL.ZS,1990,
,SL.UEM.TOTL.ZS,1989,
,SL.UEM.TOTL.ZS,1988,
,SL.UEM.TOTL.ZS,1987,
,SL.UEM.TOTL.ZS,1986,
,SL.UEM.TOTL.ZS,1985,
,SL.UEM.TOTL.ZS,1984,
,SL.UEM.TOTL.ZS,1983,
,SL.UEM.TOTL.ZS,1982,
,SL.UEM.TOTL.ZS,1981,
,SL.UEM.TOTL.ZS,1980,
,SL.UEM.TOTL.ZS,1979,
,SL.UEM.TOTL.ZS,1978,
,SL.UEM.TOTL.ZS,1977,
,SL.UEM.TOTL.ZS,1976,
,SL.UEM.TOTL.ZS,1975,
,SL.UEM.TOTL.ZS,1974,
,SL.UEM.TOTL.ZS,1973,
,SL.UEM.TOTL.ZS,1972,
,SL.UEM.TOTL.ZS,1971,
,SL.UEM.TOTL.ZS,1970,
,SL.UEM.TOTL.ZS,1969,
,SL.UEM.TOTL.ZS,1968,
,SL.UEM.TOTL.ZS,1967,
,SL.UEM.TOTL.ZS,1966,
,SL.UEM.TOTL.ZS,1965,
,SL.UEM.TOTL.ZS,1964,
,SL.UEM.TOTL.ZS,1963,
,SL.UEM.TOTL.ZS,1962,
,SL.UEM.TOTL.ZS,1961,
,SL.UEM.TOTL.ZS,1960,
IBD,SL.UEM.TOTL.ZS,2024,5.10811423830388
IBD,SL.UEM.TOTL.ZS,2023,5.16442258848731
IBD,SL.UEM.TOTL.ZS,2022,5.60126891405961
IBD,SL.UEM.TOTL.ZS,2021,6.33864692540996
IBD,SL.UEM.TOTL.ZS,2020,6.97182202204261
IBD,SL.UEM.TOTL.ZS,2019,6.08042359288293
IBD,SL.UEM.TOTL.ZS,2018,6.29397536643084
IBD,SL.UEM.TOTL.ZS,2017,6.4025451138926
IBD,SL.UEM.TOTL.ZS,2016,6.42522431878189
IBD,SL.UEM.TOTL.ZS,2015,6.31459557460321
IBD,SL.UEM.TOTL.ZS,2014,6.18086369790396
IBD,SL.UEM.TOTL.ZS,2013,6.20412816538928
IBD,SL.UEM.TOTL.ZS,2012,6.195672529639
IBD,SL.UEM.TOTL.ZS,2011,6.27930588236174
IBD,SL.UEM.TOTL.ZS,2010,6.39002749580693
IBD,SL.UEM.TOTL.ZS,2009,6.63425354680695
IBD,SL.UEM.TOTL.ZS,2008,6.31796376394052
IBD,SL.UEM.TOTL.ZS,2007,6.34227162110407
IBD,SL.UEM.TOTL.ZS,2006,6.52808507480571
IBD,SL.UEM.TOTL.ZS,2005,6.75346798322029
IBD,SL.UEM.TOTL.ZS,2004,6.83290388467106
IBD,SL.UEM.TOTL.ZS,2003,6.9971889965357
IBD,SL.UEM.TOTL.ZS,2002,6.9284161843995
IBD,SL.UEM.TOTL.ZS,2001,6.70906109810062
IBD,SL.UEM.TOTL.ZS,2000,6.55733674014356
IBD,SL.UEM.TOTL.ZS,1999,6.64170162846139
IBD,SL.UEM.TOTL.ZS,1998,6.39420630137524
IBD,SL.UEM.TOTL.ZS,1997,6.16295846231937
IBD,SL.UEM.TOTL.ZS,1996,6.04951039496404
IBD,SL.UEM.TOTL.ZS,1995,5.95783676916459
IBD,SL.UEM.TOTL.ZS,1994,5.63926109940513
IBD,SL.UEM.TOTL.ZS,1993,5.26619682672302
IBD,SL.UEM.TOTL.ZS,1992,5.03662437383886
IBD,SL.UEM.TOTL.ZS,1991,4.97525000634258
IBD,SL.UEM.TOTL.ZS,1990,
IBD,SL.UEM.TOTL.ZS,1989,
IBD,SL.UEM.TOTL.ZS,1988,
IBD,SL.UEM.TOTL.ZS,1987,
IBD,SL.UEM.TOTL.ZS,1986,
IBD,SL.UEM.TOTL.ZS,1985,
IBD,SL.UEM.TOTL.ZS,1984,
IBD,SL.UEM.TOTL.ZS,1983,
IBD,SL.UEM.TOTL.ZS,1982,
IBD,SL.UEM.TOTL.ZS,1981,
IBD,SL.UEM.TOTL.ZS,1980,
IBD,SL.UEM.TOTL.ZS,1979,
IBD,SL.UEM.TOTL.ZS,1978,
IBD,SL.UEM.TOTL.ZS,1977,
IBD,SL.UEM.TOTL.ZS,1976,
IBD,SL.UEM.TOTL.ZS,1975,
IBD,SL.UEM.TOTL.ZS,1974,
IBD,SL.UEM.TOTL.ZS,1973,
IBD,SL.UEM.TOTL.ZS,1972,
IBD,SL.UEM.TOTL.ZS,1971,
IBD,SL.UEM.TOTL.ZS,1970,
IBD,SL.UEM.TOTL.ZS,1969,
IBD,SL.UEM.TOTL.ZS,1968,
IBD,SL.UEM.TOTL.ZS,1967,
IBD,SL.UEM.TOTL.ZS,1966,
IBD,SL.UEM.TOTL.ZS,1965,
IBD,SL.UEM.TOTL.ZS,1964,
IBD,SL.UEM.TOTL.ZS,1963,
IBD,SL.UEM.TOTL.ZS,1962,
IBD,SL.UEM.TOTL.ZS,1961,
IBD,SL.UEM.TOTL.ZS,1960,
IBT,SL.UEM.TOTL.ZS,2024,4.9757341917256
IBT,SL.UEM.TOTL.ZS,2023,5.03528850795442
IBT,SL.UEM.TOTL.ZS,2022,5.42368900893862
IBT,SL.UEM.TOTL.ZS,2021,6.17146922477733
IBT,SL.UEM.TOTL.ZS,2020,6.64356253032983
IBT,SL.UEM.TOTL.ZS,2019,5.7827394388757
IBT,SL.UEM.TOTL.ZS,2018,5.92416033898862
IBT,SL.UEM.TOTL.ZS,2017,5.9886545110052
IBT,SL.UEM.TOTL.ZS,2016,5.96532738871875
IBT,SL.UEM.TOTL.ZS,2015,5.90556536116967
IBT,SL.UEM.TOTL.ZS,2014,5.73810817523886
IBT,SL.UEM.TOTL.ZS,2013,5.7804173740311
IBT,SL.UEM.TOTL.ZS,2012,5.81552031423144
IBT,SL.UEM.TOTL.ZS,2011,5.81915504047038
IBT,SL.UEM.TOTL.ZS,2010,5.90445607325616
IBT,SL.UEM.TOTL.ZS,2009,6.12041508143813
IBT,SL.UEM.TOTL.ZS,2008,5.86055207241041
IBT,SL.UEM.TOTL.ZS,2007,5.86969397610107
IBT,SL.UEM.TOTL.ZS,2006,6.02685240430217
IBT,SL.UEM.TOTL.ZS,2005,6.24361042096154
IBT,SL.UEM.TOTL.ZS,2004,6.33249459112751
IBT,SL.UEM.TOTL.ZS,2003,6.48936010288448
IBT,SL.UEM.TOTL.ZS,2002,6.44386319273026
IBT,SL.UEM.TOTL.ZS,2001,6.27401236486395
IBT,SL.UEM.TOTL.ZS,2000,6.15636406177533
IBT,SL.UEM.TOTL.ZS,1999,6.22831729539042
IBT,SL.UEM.TOTL.ZS,1998,6.01309191553187
IBT,SL.UEM.TOTL.ZS,1997,5.81225728479811
IBT,SL.UEM.TOTL.ZS,1996,5.7262491402393
IBT,SL.UEM.TOTL.ZS,1995,5.64787695367997
IBT,SL.UEM.TOTL.ZS,1994,5.39726837516553
IBT,SL.UEM.TOTL.ZS,1993,5.08729851309731
IBT,SL.UEM.TOTL.ZS,1992,4.88353235871948
IBT,SL.UEM.TOTL.ZS,1991,4.82485809355167
IBT,SL.UEM.TOTL.ZS,1990,
IBT,SL.UEM.TOTL.ZS,1989,
IBT,SL.UEM.TOTL.ZS,1988,
IBT,SL.UEM.TOTL.ZS,1987,
IBT,SL.UEM.TOTL.ZS,1986,
IBT,SL.UEM.TOTL.ZS,1985,
IBT,SL.UEM.TOTL.ZS,1984,
IBT,SL.UEM.TOTL.ZS,1983,
IBT,SL.UEM.TOTL.ZS,1982,
IBT,SL.UEM.TOTL.ZS,1981,
IBT,SL.UEM.TOTL.ZS,1980,
IBT,SL.UEM.TOTL.ZS,1979,
IBT,SL.UEM.TOTL.ZS,1978,
IBT,SL.UEM.TOTL.ZS,1977,
IBT,SL.UEM.TOTL.ZS,1976,
IBT,SL.UEM.TOTL.ZS,1975,
IBT,SL.UEM.TOTL.ZS,1974,
IBT,SL.UEM.TOTL.ZS,1973,
IBT,SL.UEM.TOTL.ZS,1972,
IBT,SL.UEM.TOTL.ZS,1971,
IBT,SL.UEM.TOTL.ZS,1970,
IBT,SL.UEM.TOTL.ZS,1969,
IBT,SL.UEM.TOTL.ZS,1968,
IBT,SL.UEM.TOTL.ZS,1967,
IBT,SL.UEM.TOTL.ZS,1966,
IBT,SL.UEM.TOTL.ZS,1965,
IBT,SL.UEM.TOTL.ZS,1964,
IBT,SL.UEM.TOTL.ZS,1963,
IBT,SL.UEM.TOTL.ZS,1962,
IBT,SL.UEM.TOTL.ZS,1961,
IBT,SL.UEM.TOTL.ZS,1960,
IDB,SL.UEM.TOTL.ZS,2024,4.3746184268031
IDB,SL.UEM.TOTL.ZS,2023,4.41508975162298
IDB,SL.UEM.TOTL.ZS,2022,4.81132260612793
IDB,SL.UEM.TOTL.ZS,2021,5.83078658675916
IDB,SL.UEM.TOTL.ZS,2020,5.8479266368036
IDB,SL.UEM.TOTL.ZS,2019,5.07726731486215
IDB,SL.UEM.TOTL.ZS,2018,4.75853025423067
IDB,SL.UEM.TOTL.ZS,2017,4.35036064625553
IDB,SL.UEM.TOTL.ZS,2016,3.73220096434547
IDB,SL.UEM.TOTL.ZS,2015,4.00256086115621
IDB,SL.UEM.TOTL.ZS,2014,3.38375043080768
IDB,SL.UEM.TOTL.ZS,2013,3.705673609113
IDB,SL.UEM.TOTL.ZS,2012,4.08586102574122
IDB,SL.UEM.TOTL.ZS,2011,3.2001076424385
IDB,SL.UEM.TOTL.ZS,2010,3.15075868914399
IDB,SL.UEM.TOTL.ZS,2009,3.10443697601357
IDB,SL.UEM.TOTL.ZS,2008,3.05091706507754
IDB,SL.UEM.TOTL.ZS,2007,3.02212277890581
IDB,SL.UEM.TOTL.ZS,2006,3.15103963611934
IDB,SL.UEM.TOTL.ZS,2005,3.24788003665024
IDB,SL.UEM.TOTL.ZS,2004,3.30601942667226
IDB,SL.UEM.TOTL.ZS,2003,3.4598257877624
IDB,SL.UEM.TOTL.ZS,2002,3.58269986998492
IDB,SL.UEM.TOTL.ZS,2001,3.77320553404109
IDB,SL.UEM.TOTL.ZS,2000,3.87282545639613
IDB,SL.UEM.TOTL.ZS,1999,3.96829582405398
IDB,SL.UEM.TOTL.ZS,1998,3.949375716785
IDB,SL.UEM.TOTL.ZS,1997,3.82059253607727
IDB,SL.UEM.TOTL.ZS,1996,3.84144131009186
IDB,SL.UEM.TOTL.ZS,1995,3.72011652287395
IDB,SL.UEM.TOTL.ZS,1994,3.67647966322426
IDB,SL.UEM.TOTL.ZS,1993,3.54042458720673
IDB,SL.UEM.TOTL.ZS,1992,3.31801481874556
IDB,SL.UEM.TOTL.ZS,1991,3.25007218685371
IDB,SL.UEM.TOTL.ZS,1990,
IDB,SL.UEM.TOTL.ZS,1989,
IDB,SL.UEM.TOTL.ZS,1988,
IDB,SL.UEM.TOTL.ZS,1987,
IDB,SL.UEM.TOTL.ZS,1986,
IDB,SL.UEM.TOTL.ZS,1985,
IDB,SL.UEM.TOTL.ZS,1984,
IDB,SL.UEM.TOTL.ZS,1983,
IDB,SL.UEM.TOTL.ZS,1982,
IDB,SL.UEM.TOTL.ZS,1981,
IDB,SL.UEM.TOTL.ZS,1980,
IDB,SL.UEM.TOTL.ZS,1979,
IDB,SL.UEM.TOTL.ZS,1978,
IDB,SL.UEM.TOTL.ZS,1977,
IDB,SL.UEM.TOTL.ZS,1976,
IDB,SL.UEM.TOTL.ZS,1975,
IDB,SL.UEM.TOTL.ZS,1974,
IDB,SL.UEM.TOTL.ZS,1973,
IDB,SL.UEM.TOTL.ZS,1972,
IDB,SL.UEM.TOTL.ZS,1971,
IDB,SL.UEM.TOTL.ZS,1970,
IDB,SL.UEM.TOTL.ZS,1969,
IDB,SL.UEM.TOTL.ZS,1968,
IDB,SL.UEM.TOTL.ZS,1967,
IDB,SL.UEM.TOTL.ZS,1966,
IDB,SL.UEM.TOTL.ZS,1965,
IDB,SL.UEM.TOTL.ZS,1964,
IDB,SL.UEM.TOTL.ZS,1963,
IDB,SL.UEM.TOTL.ZS,1962,
IDB,SL.UEM.TOTL.ZS,1961,
IDB,SL.UEM.TOTL.ZS,1960,
IDX,SL.UEM.TOTL.ZS,2024,4.66770531869599
IDX,SL.UEM.TOTL.ZS,2023,4.74814682878326
IDX,SL.UEM.TOTL.ZS,2022,4.89088034774433
IDX,SL.UEM.TOTL.ZS,2021,5.51777492910716
IDX,SL.UEM.TOTL.ZS,2020,5.42444214786479
IDX,SL.UEM.TOTL.ZS,2019,4.61871804976572
IDX,SL.UEM.TOTL.ZS,2018,4.60604470067005
IDX,SL.UEM.TOTL.ZS,2017,4.66530360307427
IDX,SL.UEM.TOTL.ZS,2016,4.68946609332404
IDX,SL.UEM.TOTL.ZS,2015,4.69585150361335
IDX,SL.UEM.TOTL.ZS,2014,4.56038422576037
IDX,SL.UEM.TOTL.ZS,2013,4.53605970306917
IDX,SL.UEM.TOTL.ZS,2012,4.59649591873703
IDX,SL.UEM.TOTL.ZS,2011,4.59514473940937
IDX,SL.UEM.TOTL.ZS,2010,4.56611206743664
IDX,SL.UEM.TOTL.ZS,2009,4.70186635633499
IDX,SL.UEM.TOTL.ZS,2008,4.61717966516759
IDX,SL.UEM.TOTL.ZS,2007,4.50885950209726
IDX,SL.UEM.TOTL.ZS,2006,4.46352223978516
IDX,SL.UEM.TOTL.ZS,2005,4.65201012791298
IDX,SL.UEM.TOTL.ZS,2004,4.79011193026394
IDX,SL.UEM.TOTL.ZS,2003,4.87242794277145
IDX,SL.UEM.TOTL.ZS,2002,4.8534318024416
IDX,SL.UEM.TOTL.ZS,2001,4.78021565904134
IDX,SL.UEM.TOTL.ZS,2000,4.73854637649963
IDX,SL.UEM.TOTL.ZS,1999,4.68546657364436
IDX,SL.UEM.TOTL.ZS,1998,4.5578570313245
IDX,SL.UEM.TOTL.ZS,1997,4.49546770296826
IDX,SL.UEM.TOTL.ZS,1996,4.51066658854428
IDX,SL.UEM.TOTL.ZS,1995,4.5127057127767
IDX,SL.UEM.TOTL.ZS,1994,4.60664801288195
IDX,SL.UEM.TOTL.ZS,1993,4.62916363020761
IDX,SL.UEM.TOTL.ZS,1992,4.60260604186334
IDX,SL.UEM.TOTL.ZS,1991,4.55465160954522
IDX,SL.UEM.TOTL.ZS,1990,
IDX,SL.UEM.TOTL.ZS,1989,
IDX,SL.UEM.TOTL.ZS,1988,
IDX,SL.UEM.TOTL.ZS,1987,
IDX,SL.UEM.TOTL.ZS,1986,
IDX,SL.UEM.TOTL.ZS,1985,
IDX,SL.UEM.TOTL.ZS,1984,
IDX,SL.UEM.TOTL.ZS,1983,
IDX,SL.UEM.TOTL.ZS,1982,
IDX,SL.UEM.TOTL.ZS,1981,
IDX,SL.UEM.TOTL.ZS,1980,
IDX,SL.UEM.TOTL.ZS,1979,
IDX,SL.UEM.TOTL.ZS,1978,
IDX,SL.UEM.TOTL.ZS,1977,
IDX,SL.UEM.TOTL.ZS,1976,
IDX,SL.UEM.TOTL.ZS,1975,
IDX,SL.UEM.TOTL.ZS,1974,
IDX,SL.UEM.TOTL.ZS,1973,
IDX,SL.UEM.TOTL.ZS,1972,
IDX,SL.UEM.TOTL.ZS,1971,
IDX,SL.UEM.TOTL.ZS,1970,
IDX,SL.UEM.TOTL.ZS,1969,
IDX,SL.UEM.TOTL.ZS,1968,
IDX,SL.UEM.TOTL.ZS,1967,
IDX,SL.UEM.TOTL.ZS,1966,
IDX,SL.UEM.TOTL.ZS,1965,
IDX,SL.UEM.TOTL.ZS,1964,
IDX,SL.UEM.TOTL.ZS,1963,
IDX,SL.UEM.TOTL.ZS,1962,
IDX,SL.UEM.TOTL.ZS,1961,
IDX,SL.UEM.TOTL.ZS,1960,
IDA,SL.UEM.TOTL.ZS,2024,4.55941592794588
IDA,SL.UEM.TOTL.ZS,2023,4.6258035699256
IDA,SL.UEM.TOTL.ZS,2022,4.86219567413107
IDA,SL.UEM.TOTL.ZS,2021,5.63088102209668
IDA,SL.UEM.TOTL.ZS,2020,5.57685316149891
IDA,SL.UEM.TOTL.ZS,2019,4.78267538138002
IDA,SL.UEM.TOTL.ZS,2018,4.66056541533335
IDA,SL.UEM.TOTL.ZS,2017,4.55217864686985
IDA,SL.UEM.TOTL.ZS,2016,4.34425658266458
IDA,SL.UEM.TOTL.ZS,2015,4.44600881534174
IDA,SL.UEM.TOTL.ZS,2014,4.13935624675978
IDA,SL.UEM.TOTL.ZS,2013,4.23966362366824
IDA,SL.UEM.TOTL.ZS,2012,4.41473029452787
IDA,SL.UEM.TOTL.ZS,2011,4.10062761471477
IDA,SL.UEM.TOTL.ZS,2010,4.06419605108702
IDA,SL.UEM.TOTL.ZS,2009,4.13694636655913
IDA,SL.UEM.TOTL.ZS,2008,4.0650109547676
IDA,SL.UEM.TOTL.ZS,2007,3.98627700895223
IDA,SL.UEM.TOTL.ZS,2006,4.00351816054756
IDA,SL.UEM.TOTL.ZS,2005,4.16028760037333
IDA,SL.UEM.TOTL.ZS,2004,4.2705304394433
IDA,SL.UEM.TOTL.ZS,2003,4.37881771014038
IDA,SL.UEM.TOTL.ZS,2002,4.41008767057407
IDA,SL.UEM.TOTL.ZS,2001,4.42897478791304
IDA,SL.UEM.TOTL.ZS,2000,4.43736752604206
IDA,SL.UEM.TOTL.ZS,1999,4.43682112888097
IDA,SL.UEM.TOTL.ZS,1998,4.3474823825126
IDA,SL.UEM.TOTL.ZS,1997,4.26209825380302
IDA,SL.UEM.TOTL.ZS,1996,4.28056714936036
IDA,SL.UEM.TOTL.ZS,1995,4.24155724593795
IDA,SL.UEM.TOTL.ZS,1994,4.2879312080958
IDA,SL.UEM.TOTL.ZS,1993,4.25632659767863
IDA,SL.UEM.TOTL.ZS,1992,4.16210123816829
IDA,SL.UEM.TOTL.ZS,1991,4.10807039624798
IDA,SL.UEM.TOTL.ZS,1990,
IDA,SL.UEM.TOTL.ZS,1989,
IDA,SL.UEM.TOTL.ZS,1988,
IDA,SL.UEM.TOTL.ZS,1987,
IDA,SL.UEM.TOTL.ZS,1986,
IDA,SL.UEM.TOTL.ZS,1985,
IDA,SL.UEM.TOTL.ZS,1984,
IDA,SL.UEM.TOTL.ZS,1983,
IDA,SL.UEM.TOTL.ZS,1982,
IDA,SL.UEM.TOTL.ZS,1981,
IDA,SL.UEM.TOTL.ZS,1980,
IDA,SL.UEM.TOTL.ZS,1979,
IDA,SL.UEM.TOTL.ZS,1978,
IDA,SL.UEM.TOTL.ZS,1977,
IDA,SL.UEM.TOTL.ZS,1976,
IDA,SL.UEM.TOTL.ZS,1975,
IDA,SL.UEM.TOTL.ZS,1974,
IDA,SL.UEM.TOTL.ZS,1973,
IDA,SL.UEM.TOTL.ZS,1972,
IDA,SL.UEM.TOTL.ZS,1971,
IDA,SL.UEM.TOTL.ZS,1970,
IDA,SL.UEM.TOTL.ZS,1969,
IDA,SL.UEM.TOTL.ZS,1968,
IDA,SL.UEM.TOTL.ZS,1967,
IDA,SL.UEM.TOTL.ZS,1966,
IDA,SL.UEM.TOTL.ZS,1965,
IDA,SL.UEM.TOTL.ZS,1964,
IDA,SL.UEM.TOTL.ZS,1963,
IDA,SL.UEM.TOTL.ZS,1962,
IDA,SL.UEM.TOTL.ZS,1961,
IDA,SL.UEM.TOTL.ZS,1960,
LTE,SL.UEM.TOTL.ZS,2024,4.64925082241822
LTE,SL.UEM.TOTL.ZS,2023,4.80483181877953
LTE,SL.UEM.TOTL.ZS,2022,5.1820798343178
LTE,SL.UEM.TOTL.ZS,2021,5.49439716094102
LTE,SL.UEM.TOTL.ZS,2020,5.91814324936933
LTE,SL.UEM.TOTL.ZS,2019,5.18446264170282
LTE,SL.UEM.TOTL.ZS,2018,5.03902164845988
LTE,SL.UEM.TOTL.ZS,2017,5.25961154650091
LTE,SL.UEM.TOTL.ZS,2016,5.26877645974683
LTE,SL.UEM.TOTL.ZS,2015,5.09967072800369
LTE,SL.UEM.TOTL.ZS,2014,4.92729848882244
LTE,SL.UEM.TOTL.ZS,2013,4.99886950471842
LTE,SL.UEM.TOTL.ZS,2012,5.018266384951
LTE,SL.UEM.TOTL.ZS,2011,5.1068390846253
LTE,SL.UEM.TOTL.ZS,2010,5.23950660656473
LTE,SL.UEM.TOTL.ZS,2009,5.56632674579842
LTE,SL.UEM.TOTL.ZS,2008,5.13665502190525
LTE,SL.UEM.TOTL.ZS,2007,5.1047663227494
LTE,SL.UEM.TOTL.ZS,2006,5.36881866209802
LTE,SL.UEM.TOTL.ZS,2005,5.62015574834697
LTE,SL.UEM.TOTL.ZS,2004,5.69586904075348
LTE,SL.UEM.TOTL.ZS,2003,5.8902181874939
LTE,SL.UEM.TOTL.ZS,2002,5.65373560300308
LTE,SL.UEM.TOTL.ZS,2001,5.46861267600564
LTE,SL.UEM.TOTL.ZS,2000,5.28526433408884
LTE,SL.UEM.TOTL.ZS,1999,5.45734690890435
LTE,SL.UEM.TOTL.ZS,1998,5.20334469526185
LTE,SL.UEM.TOTL.ZS,1997,4.93607276958085
LTE,SL.UEM.TOTL.ZS,1996,4.66259073242738
LTE,SL.UEM.TOTL.ZS,1995,4.46357297742002
LTE,SL.UEM.TOTL.ZS,1994,4.28799095699891
LTE,SL.UEM.TOTL.ZS,1993,3.87786965365609
LTE,SL.UEM.TOTL.ZS,1992,3.66273118059671
LTE,SL.UEM.TOTL.ZS,1991,3.64713180152608
LTE,SL.UEM.TOTL.ZS,1990,
LTE,SL.UEM.TOTL.ZS,1989,
LTE,SL.UEM.TOTL.ZS,1988,
LTE,SL.UEM.TOTL.ZS,1987,
LTE,SL.UEM.TOTL.ZS,1986,
LTE,SL.UEM.TOTL.ZS,1985,
LTE,SL.UEM.TOTL.ZS,1984,
LTE,SL.UEM.TOTL.ZS,1983,
LTE,SL.UEM.TOTL.ZS,1982,
LTE,SL.UEM.TOTL.ZS,1981,
LTE,SL.UEM.TOTL.ZS,1980,
LTE,SL.UEM.TOTL.ZS,1979,
LTE,SL.UEM.TOTL.ZS,1978,
LTE,SL.UEM.TOTL.ZS,1977,
LTE,SL.UEM.TOTL.ZS,1976,
LTE,SL.UEM.TOTL.ZS,1975,
LTE,SL.UEM.TOTL.ZS,1974,
LTE,SL.UEM.TOTL.ZS,1973,
LTE,SL.UEM.TOTL.ZS,1972,
LTE,SL.UEM.TOTL.ZS,1971,
LTE,SL.UEM.TOTL.ZS,1970,
LTE,SL.UEM.TOTL.ZS,1969,
LTE,SL.UEM.TOTL.ZS,1968,
LTE,SL.UEM.TOTL.ZS,1967,
LTE,SL.UEM.TOTL.ZS,1966,
LTE,SL.UEM.TOTL.ZS,1965,
LTE,SL.UEM.TOTL.ZS,1964,
LTE,SL.UEM.TOTL.ZS,1963,
LTE,SL.UEM.TOTL.ZS,1962,
LTE,SL.UEM.TOTL.ZS,1961,
LTE,SL.UEM.TOTL.ZS,1960,
LCN,SL.UEM.TOTL.ZS,2024,6.23851971173158
LCN,SL.UEM.TOTL.ZS,2023,6.207431309296
LCN,SL.UEM.TOTL.ZS,2022,6.91530044010831
LCN,SL.UEM.TOTL.ZS,2021,9.15752046126518
LCN,SL.UEM.TOTL.ZS,2020,10.2142815871263
LCN,SL.UEM.TOTL.ZS,2019,8.000433574947
LCN,SL.UEM.TOTL.ZS,2018,7.93247090440124
LCN,SL.UEM.TOTL.ZS,2017,8.02899418957499
LCN,SL.UEM.TOTL.ZS,2016,7.72985155496638
LCN,SL.UEM.TOTL.ZS,2015,6.6687343072812
LCN,SL.UEM.TOTL.ZS,2014,6.17554620201644
LCN,SL.UEM.TOTL.ZS,2013,6.36984382898005
LCN,SL.UEM.TOTL.ZS,2012,6.41475370048616
LCN,SL.UEM.TOTL.ZS,2011,6.70856267966967
LCN,SL.UEM.TOTL.ZS,2010,7.21088765979969
LCN,SL.UEM.TOTL.ZS,2009,7.81388307206222
LCN,SL.UEM.TOTL.ZS,2008,6.83866675691087
LCN,SL.UEM.TOTL.ZS,2007,7.22595307624675
LCN,SL.UEM.TOTL.ZS,2006,7.61474207480055
LCN,SL.UEM.TOTL.ZS,2005,8.23794709018145
LCN,SL.UEM.TOTL.ZS,2004,8.75123322039467
LCN,SL.UEM.TOTL.ZS,2003,9.26710791882219
LCN,SL.UEM.TOTL.ZS,2002,9.40654864245774
LCN,SL.UEM.TOTL.ZS,2001,9.06712263436888
LCN,SL.UEM.TOTL.ZS,2000,9.461823301645
LCN,SL.UEM.TOTL.ZS,1999,9.44382542816057
LCN,SL.UEM.TOTL.ZS,1998,8.50074834125122
LCN,SL.UEM.TOTL.ZS,1997,8.15437920278586
LCN,SL.UEM.TOTL.ZS,1996,8.30631791461415
LCN,SL.UEM.TOTL.ZS,1995,7.92150168506335
LCN,SL.UEM.TOTL.ZS,1994,6.69412257969285
LCN,SL.UEM.TOTL.ZS,1993,6.08657875513374
LCN,SL.UEM.TOTL.ZS,1992,6.31959532715042
LCN,SL.UEM.TOTL.ZS,1991,6.3286389967294
LCN,SL.UEM.TOTL.ZS,1990,
LCN,SL.UEM.TOTL.ZS,1989,
LCN,SL.UEM.TOTL.ZS,1988,
LCN,SL.UEM.TOTL.ZS,1987,
LCN,SL.UEM.TOTL.ZS,1986,
LCN,SL.UEM.TOTL.ZS,1985,
LCN,SL.UEM.TOTL.ZS,1984,
LCN,SL.UEM.TOTL.ZS,1983,
LCN,SL.UEM.TOTL.ZS,1982,
LCN,SL.UEM.TOTL.ZS,1981,
LCN,SL.UEM.TOTL.ZS,1980,
LCN,SL.UEM.TOTL.ZS,1979,
LCN,SL.UEM.TOTL.ZS,1978,
LCN,SL.UEM.TOTL.ZS,1977,
LCN,SL.UEM.TOTL.ZS,1976,
LCN,SL.UEM.TOTL.ZS,1975,
LCN,SL.UEM.TOTL.ZS,1974,
LCN,SL.UEM.TOTL.ZS,1973,
LCN,SL.UEM.TOTL.ZS,1972,
LCN,SL.UEM.TOTL.ZS,1971,
LCN,SL.UEM.TOTL.ZS,1970,
LCN,SL.UEM.TOTL.ZS,1969,
LCN,SL.UEM.TOTL.ZS,1968,
LCN,SL.UEM.TOTL.ZS,1967,
LCN,SL.UEM.TOTL.ZS,1966,
LCN,SL.UEM.TOTL.ZS,1965,
LCN,SL.UEM.TOTL.ZS,1964,
LCN,SL.UEM.TOTL.ZS,1963,
LCN,SL.UEM.TOTL.ZS,1962,
LCN,SL.UEM.TOTL.ZS,1961,
LCN,SL.UEM.TOTL.ZS,1960,
LAC,SL.UEM.TOTL.ZS,2024,6.14112553187049
LAC,SL.UEM.TOTL.ZS,2023,6.1015898433551
LAC,SL.UEM.TOTL.ZS,2022,6.86330650089905
LAC,SL.UEM.TOTL.ZS,2021,9.18066102897673
LAC,SL.UEM.TOTL.ZS,2020,10.2177163550783
LAC,SL.UEM.TOTL.ZS,2019,8.0906886809704
LAC,SL.UEM.TOTL.ZS,2018,8.06200187359744
LAC,SL.UEM.TOTL.ZS,2017,8.21728420302436
LAC,SL.UEM.TOTL.ZS,2016,7.89043282541356
LAC,SL.UEM.TOTL.ZS,2015,6.67673199247896
LAC,SL.UEM.TOTL.ZS,2014,6.07533618689757
LAC,SL.UEM.TOTL.ZS,2013,6.27313913353293
LAC,SL.UEM.TOTL.ZS,2012,6.34515471758365
LAC,SL.UEM.TOTL.ZS,2011,6.62343403628948
LAC,SL.UEM.TOTL.ZS,2010,7.13900255202872
LAC,SL.UEM.TOTL.ZS,2009,7.76215501745444
LAC,SL.UEM.TOTL.ZS,2008,6.77925524939317
LAC,SL.UEM.TOTL.ZS,2007,7.17995658720799
LAC,SL.UEM.TOTL.ZS,2006,7.49962397783838
LAC,SL.UEM.TOTL.ZS,2005,8.05362186792351
LAC,SL.UEM.TOTL.ZS,2004,8.37197823234649
LAC,SL.UEM.TOTL.ZS,2003,8.82999881074147
LAC,SL.UEM.TOTL.ZS,2002,9.00182206115519
LAC,SL.UEM.TOTL.ZS,2001,8.79177573811364
LAC,SL.UEM.TOTL.ZS,2000,9.21166599301642
LAC,SL.UEM.TOTL.ZS,1999,9.13653348863043
LAC,SL.UEM.TOTL.ZS,1998,8.37468617155637
LAC,SL.UEM.TOTL.ZS,1997,7.96125607977478
LAC,SL.UEM.TOTL.ZS,1996,8.07578531621202
LAC,SL.UEM.TOTL.ZS,1995,7.82957348146463
LAC,SL.UEM.TOTL.ZS,1994,6.50415943586595
LAC,SL.UEM.TOTL.ZS,1993,5.95219035354473
LAC,SL.UEM.TOTL.ZS,1992,6.15573550892611
LAC,SL.UEM.TOTL.ZS,1991,6.04478637586893
LAC,SL.UEM.TOTL.ZS,1990,
LAC,SL.UEM.TOTL.ZS,1989,
LAC,SL.UEM.TOTL.ZS,1988,
LAC,SL.UEM.TOTL.ZS,1987,
LAC,SL.UEM.TOTL.ZS,1986,
LAC,SL.UEM.TOTL.ZS,1985,
LAC,SL.UEM.TOTL.ZS,1984,
LAC,SL.UEM.TOTL.ZS,1983,
LAC,SL.UEM.TOTL.ZS,1982,
LAC,SL.UEM.TOTL.ZS,1981,
LAC,SL.UEM.TOTL.ZS,1980,
LAC,SL.UEM.TOTL.ZS,1979,
LAC,SL.UEM.TOTL.ZS,1978,
LAC,SL.UEM.TOTL.ZS,1977,
LAC,SL.UEM.TOTL.ZS,1976,
LAC,SL.UEM.TOTL.ZS,1975,
LAC,SL.UEM.TOTL.ZS,1974,
LAC,SL.UEM.TOTL.ZS,1973,
LAC,SL.UEM.TOTL.ZS,1972,
LAC,SL.UEM.TOTL.ZS,1971,
LAC,SL.UEM.TOTL.ZS,1970,
LAC,SL.UEM.TOTL.ZS,1969,
LAC,SL.UEM.TOTL.ZS,1968,
LAC,SL.UEM.TOTL.ZS,1967,
LAC,SL.UEM.TOTL.ZS,1966,
LAC,SL.UEM.TOTL.ZS,1965,
LAC,SL.UEM.TOTL.ZS,1964,
LAC,SL.UEM.TOTL.ZS,1963,
LAC,SL.UEM.TOTL.ZS,1962,
LAC,SL.UEM.TOTL.ZS,1961,
LAC,SL.UEM.TOTL.ZS,1960,
TLA,SL.UEM.TOTL.ZS,2024,6.31153788497579
TLA,SL.UEM.TOTL.ZS,2023,6.27705803055615
TLA,SL.UEM.TOTL.ZS,2022,6.99769011843402
TLA,SL.UEM.TOTL.ZS,2021,9.27350464000943
TLA,SL.UEM.TOTL.ZS,2020,10.3522494542699
TLA,SL.UEM.TOTL.ZS,2019,8.10424349109534
TLA,SL.UEM.TOTL.ZS,2018,8.03324720484733
TLA,SL.UEM.TOTL.ZS,2017,8.12755696513525
TLA,SL.UEM.TOTL.ZS,2016,7.81136575474109
TLA,SL.UEM.TOTL.ZS,2015,6.71903446791338
TLA,SL.UEM.TOTL.ZS,2014,6.19961332563731
TLA,SL.UEM.TOTL.ZS,2013,6.38397300585286
TLA,SL.UEM.TOTL.ZS,2012,6.42754223490827
TLA,SL.UEM.TOTL.ZS,2011,6.72806886463518
TLA,SL.UEM.TOTL.ZS,2010,7.2528256939654
TLA,SL.UEM.TOTL.ZS,2009,7.89307673077
TLA,SL.UEM.TOTL.ZS,2008,6.9150729963141
TLA,SL.UEM.TOTL.ZS,2007,7.31182267651702
TLA,SL.UEM.TOTL.ZS,2006,7.70840648299537
TLA,SL.UEM.TOTL.ZS,2005,8.34427692112872
TLA,SL.UEM.TOTL.ZS,2004,8.88137929271328
TLA,SL.UEM.TOTL.ZS,2003,9.39491060952861
TLA,SL.UEM.TOTL.ZS,2002,9.52040262401159
TLA,SL.UEM.TOTL.ZS,2001,9.16163876964607
TLA,SL.UEM.TOTL.ZS,2000,9.54724386782
TLA,SL.UEM.TOTL.ZS,1999,9.50003369718693
TLA,SL.UEM.TOTL.ZS,1998,8.51891609474916
TLA,SL.UEM.TOTL.ZS,1997,8.1385394354541
TLA,SL.UEM.TOTL.ZS,1996,8.2833826671729
TLA,SL.UEM.TOTL.ZS,1995,7.87040184272193
TLA,SL.UEM.TOTL.ZS,1994,6.58303824206846
TLA,SL.UEM.TOTL.ZS,1993,5.92716879500619
TLA,SL.UEM.TOTL.ZS,1992,6.17702254687019
TLA,SL.UEM.TOTL.ZS,1991,6.20290724125678
TLA,SL.UEM.TOTL.ZS,1990,
TLA,SL.UEM.TOTL.ZS,1989,
TLA,SL.UEM.TOTL.ZS,1988,
TLA,SL.UEM.TOTL.ZS,1987,
TLA,SL.UEM.TOTL.ZS,1986,
TLA,SL.UEM.TOTL.ZS,1985,
TLA,SL.UEM.TOTL.ZS,1984,
TLA,SL.UEM.TOTL.ZS,1983,
TLA,SL.UEM.TOTL.ZS,1982,
TLA,SL.UEM.TOTL.ZS,1981,
TLA,SL.UEM.TOTL.ZS,1980,
TLA,SL.UEM.TOTL.ZS,1979,
TLA,SL.UEM.TOTL.ZS,1978,
TLA,SL.UEM.TOTL.ZS,1977,
TLA,SL.UEM.TOTL.ZS,1976,
TLA,SL.UEM.TOTL.ZS,1975,
TLA,SL.UEM.TOTL.ZS,1974,
TLA,SL.UEM.TOTL.ZS,1973,
TLA,SL.UEM.TOTL.ZS,1972,
TLA,SL.UEM.TOTL.ZS,1971,
TLA,SL.UEM.TOTL.ZS,1970,
TLA,SL.UEM.TOTL.ZS,1969,
TLA,SL.UEM.TOTL.ZS,1968,
TLA,SL.UEM.TOTL.ZS,1967,
TLA,SL.UEM.TOTL.ZS,1966,
TLA,SL.UEM.TOTL.ZS,1965,
TLA,SL.UEM.TOTL.ZS,1964,
TLA,SL.UEM.TOTL.ZS,1963,
TLA,SL.UEM.TOTL.ZS,1962,
TLA,SL.UEM.TOTL.ZS,1961,
TLA,SL.UEM.TOTL.ZS,1960,
LDC,SL.UEM.TOTL.ZS,2024,4.89153403312394
LDC,SL.UEM.TOTL.ZS,2023,4.94642314711997
LDC,SL.UEM.TOTL.ZS,2022,5.0884445684594
LDC,SL.UEM.TOTL.ZS,2021,5.75302416584841
LDC,SL.UEM.TOTL.ZS,2020,5.63912879862034
LDC,SL.UEM.TOTL.ZS,2019,4.88614655379023
LDC,SL.UEM.TOTL.ZS,2018,4.8870235507301
LDC,SL.UEM.TOTL.ZS,2017,4.96947310302949
LDC,SL.UEM.TOTL.ZS,2016,4.90683769238846
LDC,SL.UEM.TOTL.ZS,2015,4.83938455097352
LDC,SL.UEM.TOTL.ZS,2014,4.75129356604226
LDC,SL.UEM.TOTL.ZS,2013,4.79478604222837
LDC,SL.UEM.TOTL.ZS,2012,4.84468039187204
LDC,SL.UEM.TOTL.ZS,2011,4.86193896689137
LDC,SL.UEM.TOTL.ZS,2010,4.76194435567874
LDC,SL.UEM.TOTL.ZS,2009,4.88648869121684
LDC,SL.UEM.TOTL.ZS,2008,4.79588302722657
LDC,SL.UEM.TOTL.ZS,2007,4.73851508145321
LDC,SL.UEM.TOTL.ZS,2006,4.67780142276993
LDC,SL.UEM.TOTL.ZS,2005,4.79334197333449
LDC,SL.UEM.TOTL.ZS,2004,4.85500517442508
LDC,SL.UEM.TOTL.ZS,2003,4.89718421087389
LDC,SL.UEM.TOTL.ZS,2002,4.82174153665723
LDC,SL.UEM.TOTL.ZS,2001,4.73001281601625
LDC,SL.UEM.TOTL.ZS,2000,4.69621008348711
LDC,SL.UEM.TOTL.ZS,1999,4.64540906461878
LDC,SL.UEM.TOTL.ZS,1998,4.55075779306408
LDC,SL.UEM.TOTL.ZS,1997,4.47214401259656
LDC,SL.UEM.TOTL.ZS,1996,4.47680391314183
LDC,SL.UEM.TOTL.ZS,1995,4.50340025633564
LDC,SL.UEM.TOTL.ZS,1994,4.59677653243802
LDC,SL.UEM.TOTL.ZS,1993,4.62350308295004
LDC,SL.UEM.TOTL.ZS,1992,4.60568742147814
LDC,SL.UEM.TOTL.ZS,1991,4.55184954799942
LDC,SL.UEM.TOTL.ZS,1990,
LDC,SL.UEM.TOTL.ZS,1989,
LDC,SL.UEM.TOTL.ZS,1988,
LDC,SL.UEM.TOTL.ZS,1987,
LDC,SL.UEM.TOTL.ZS,1986,
LDC,SL.UEM.TOTL.ZS,1985,
LDC,SL.UEM.TOTL.ZS,1984,
LDC,SL.UEM.TOTL.ZS,1983,
LDC,SL.UEM.TOTL.ZS,1982,
LDC,SL.UEM.TOTL.ZS,1981,
LDC,SL.UEM.TOTL.ZS,1980,
LDC,SL.UEM.TOTL.ZS,1979,
LDC,SL.UEM.TOTL.ZS,1978,
LDC,SL.UEM.TOTL.ZS,1977,
LDC,SL.UEM.TOTL.ZS,1976,
LDC,SL.UEM.TOTL.ZS,1975,
LDC,SL.UEM.TOTL.ZS,1974,
LDC,SL.UEM.TOTL.ZS,1973,
LDC,SL.UEM.TOTL.ZS,1972,
LDC,SL.UEM.TOTL.ZS,1971,
LDC,SL.UEM.TOTL.ZS,1970,
LDC,SL.UEM.TOTL.ZS,1969,
LDC,SL.UEM.TOTL.ZS,1968,
LDC,SL.UEM.TOTL.ZS,1967,
LDC,SL.UEM.TOTL.ZS,1966,
LDC,SL.UEM.TOTL.ZS,1965,
LDC,SL.UEM.TOTL.ZS,1964,
LDC,SL.UEM.TOTL.ZS,1963,
LDC,SL.UEM.TOTL.ZS,1962,
LDC,SL.UEM.TOTL.ZS,1961,
LDC,SL.UEM.TOTL.ZS,1960,
LMY,SL.UEM.TOTL.ZS,2024,5.0410495238854
LMY,SL.UEM.TOTL.ZS,2023,5.0873847975487
LMY,SL.UEM.TOTL.ZS,2022,5.48428671802243
LMY,SL.UEM.TOTL.ZS,2021,6.22573569680244
LMY,SL.UEM.TOTL.ZS,2020,6.69062566233473
LMY,SL.UEM.TOTL.ZS,2019,5.86061432749514
LMY,SL.UEM.TOTL.ZS,2018,6.00069622131288
LMY,SL.UEM.TOTL.ZS,2017,6.05442234215458
LMY,SL.UEM.TOTL.ZS,2016,6.00794796506189
LMY,SL.UEM.TOTL.ZS,2015,5.92605686886144
LMY,SL.UEM.TOTL.ZS,2014,5.74192095868959
LMY,SL.UEM.TOTL.ZS,2013,5.7665835831229
LMY,SL.UEM.TOTL.ZS,2012,5.80917771157177
LMY,SL.UEM.TOTL.ZS,2011,5.77701736158249
LMY,SL.UEM.TOTL.ZS,2010,5.83764436485052
LMY,SL.UEM.TOTL.ZS,2009,6.04700312899164
LMY,SL.UEM.TOTL.ZS,2008,5.85753182553363
LMY,SL.UEM.TOTL.ZS,2007,5.84477719601267
LMY,SL.UEM.TOTL.ZS,2006,5.92741307116865
LMY,SL.UEM.TOTL.ZS,2005,6.10664440000856
LMY,SL.UEM.TOTL.ZS,2004,6.13534858862572
LMY,SL.UEM.TOTL.ZS,2003,6.26431456051982
LMY,SL.UEM.TOTL.ZS,2002,6.21042591601952
LMY,SL.UEM.TOTL.ZS,2001,6.01843188587325
LMY,SL.UEM.TOTL.ZS,2000,5.85745437733787
LMY,SL.UEM.TOTL.ZS,1999,5.86877921629484
LMY,SL.UEM.TOTL.ZS,1998,5.69754680338063
LMY,SL.UEM.TOTL.ZS,1997,5.5180150098716
LMY,SL.UEM.TOTL.ZS,1996,5.47239634766814
LMY,SL.UEM.TOTL.ZS,1995,5.39655566265831
LMY,SL.UEM.TOTL.ZS,1994,5.16360100282757
LMY,SL.UEM.TOTL.ZS,1993,4.92235424839868
LMY,SL.UEM.TOTL.ZS,1992,4.7296058990377
LMY,SL.UEM.TOTL.ZS,1991,4.66612076398995
LMY,SL.UEM.TOTL.ZS,1990,
LMY,SL.UEM.TOTL.ZS,1989,
LMY,SL.UEM.TOTL.ZS,1988,
LMY,SL.UEM.TOTL.ZS,1987,
LMY,SL.UEM.TOTL.ZS,1986,
LMY,SL.UEM.TOTL.ZS,1985,
LMY,SL.UEM.TOTL.ZS,1984,
LMY,SL.UEM.TOTL.ZS,1983,
LMY,SL.UEM.TOTL.ZS,1982,
LMY,SL.UEM.TOTL.ZS,1981,
LMY,SL.UEM.TOTL.ZS,1980,
LMY,SL.UEM.TOTL.ZS,1979,
LMY,SL.UEM.TOTL.ZS,1978,
LMY,SL.UEM.TOTL.ZS,1977,
LMY,SL.UEM.TOTL.ZS,1976,
LMY,SL.UEM.TOTL.ZS,1975,
LMY,SL.UEM.TOTL.ZS,1974,
LMY,SL.UEM.TOTL.ZS,1973,
LMY,SL.UEM.TOTL.ZS,1972,
LMY,SL.UEM.TOTL.ZS,1971,
LMY,SL.UEM.TOTL.ZS,1970,
LMY,SL.UEM.TOTL.ZS,1969,
LMY,SL.UEM.TOTL.ZS,1968,
LMY,SL.UEM.TOTL.ZS,1967,
LMY,SL.UEM.TOTL.ZS,1966,
LMY,SL.UEM.TOTL.ZS,1965,
LMY,SL.UEM.TOTL.ZS,1964,
LMY,SL.UEM.TOTL.ZS,1963,
LMY,SL.UEM.TOTL.ZS,1962,
LMY,SL.UEM.TOTL.ZS,1961,
LMY,SL.UEM.TOTL.ZS,1960,
,SL.UEM.TOTL.ZS,2024,5.09045737338359
,SL.UEM.TOTL.ZS,2023,5.29735388770516
,SL.UEM.TOTL.ZS,2022,5.48576811830401
,SL.UEM.TOTL.ZS,2021,6.14867679275455
,SL.UEM.TOTL.ZS,2020,6.11463252536247
,SL.UEM.TOTL.ZS,2019,5.52597867853071
,SL.UEM.TOTL.ZS,2018,5.54130063651665
,SL.UEM.TOTL.ZS,2017,5.69185409454973
,SL.UEM.TOTL.ZS,2016,5.60769644263775
,SL.UEM.TOTL.ZS,2015,5.51277013133884
,SL.UEM.TOTL.ZS,2014,5.38606352131582
,SL.UEM.TOTL.ZS,2013,5.4344610743664
,SL.UEM.TOTL.ZS,2012,5.6406832455825
,SL.UEM.TOTL.ZS,2011,5.52063477912519
,SL.UEM.TOTL.ZS,2010,5.46086118515155
,SL.UEM.TOTL.ZS,2009,5.25847044478161
,SL.UEM.TOTL.ZS,2008,5.40377735317811
,SL.UEM.TOTL.ZS,2007,5.24208798170243
,SL.UEM.TOTL.ZS,2006,5.19287533220145
,SL.UEM.TOTL.ZS,2005,5.15292446811499
,SL.UEM.TOTL.ZS,2004,5.28550953574476
,SL.UEM.TOTL.ZS,2003,5.41683903061854
,SL.UEM.TOTL.ZS,2002,5.47555115769584
,SL.UEM.TOTL.ZS,2001,5.49325892517035
,SL.UEM.TOTL.ZS,2000,5.42496284928014
,SL.UEM.TOTL.ZS,1999,5.28906840454506
,SL.UEM.TOTL.ZS,1998,5.20014000344665
,SL.UEM.TOTL.ZS,1997,5.11764648543553
,SL.UEM.TOTL.ZS,1996,5.10459126384458
,SL.UEM.TOTL.ZS,1995,5.08137609154637
,SL.UEM.TOTL.ZS,1994,5.17851333022314
,SL.UEM.TOTL.ZS,1993,5.17480777171577
,SL.UEM.TOTL.ZS,1992,5.1478120355472
,SL.UEM.TOTL.ZS,1991,5.08982279694045
,SL.UEM.TOTL.ZS,1990,
,SL.UEM.TOTL.ZS,1989,
,SL.UEM.TOTL.ZS,1988,
,SL.UEM.TOTL.ZS,1987,
,SL.UEM.TOTL.ZS,1986,
,SL.UEM.TOTL.ZS,1985,
,SL.UEM.TOTL.ZS,1984,
,SL.UEM.TOTL.ZS,1983,
,SL.UEM.TOTL.ZS,1982,
,SL.UEM.TOTL.ZS,1981,
,SL.UEM.TOTL.ZS,1980,
,SL.UEM.TOTL.ZS,1979,
,SL.UEM.TOTL.ZS,1978,
,SL.UEM.TOTL.ZS,1977,
,SL.UEM.TOTL.ZS,1976,
,SL.UEM.TOTL.ZS,1975,
,SL.UEM.TOTL.ZS,1974,
,SL.UEM.TOTL.ZS,1973,
,SL.UEM.TOTL.ZS,1972,
,SL.UEM.TOTL.ZS,1971,
,SL.UEM.TOTL.ZS,1970,
,SL.UEM.TOTL.ZS,1969,
,SL.UEM.TOTL.ZS,1968,
,SL.UEM.TOTL.ZS,1967,
,SL.UEM.TOTL.ZS,1966,
,SL.UEM.TOTL.ZS,1965,
,SL.UEM.TOTL.ZS,1964,
,SL.UEM.TOTL.ZS,1963,
,SL.UEM.TOTL.ZS,1962,
,SL.UEM.TOTL.ZS,1961,
,SL.UEM.TOTL.ZS,1960,
,SL.UEM.TOTL.ZS,2024,4.40371499167412
,SL.UEM.TOTL.ZS,2023,4.41393600302162
,SL.UEM.TOTL.ZS,2022,4.85530370803948
,SL.UEM.TOTL.ZS,2021,6.02366584797722
,SL.UEM.TOTL.ZS,2020,6.67471729847601
,SL.UEM.TOTL.ZS,2019,5.63134975487559
,SL.UEM.TOTL.ZS,2018,6.12454592460654
,SL.UEM.TOTL.ZS,2017,6.13360804326531
,SL.UEM.TOTL.ZS,2016,6.04655185325662
,SL.UEM.TOTL.ZS,2015,6.15938025498926
,SL.UEM.TOTL.ZS,2014,6.01258994481121
,SL.UEM.TOTL.ZS,2013,6.0870403765087
,SL.UEM.TOTL.ZS,2012,6.09757245545052
,SL.UEM.TOTL.ZS,2011,5.90662627073566
,SL.UEM.TOTL.ZS,2010,5.82177339714005
,SL.UEM.TOTL.ZS,2009,5.95908080447012
,SL.UEM.TOTL.ZS,2008,5.89842039521188
,SL.UEM.TOTL.ZS,2007,5.8520900398569
,SL.UEM.TOTL.ZS,2006,5.94931307052811
,SL.UEM.TOTL.ZS,2005,6.06795402924219
,SL.UEM.TOTL.ZS,2004,6.10991355851228
,SL.UEM.TOTL.ZS,2003,6.19924598373454
,SL.UEM.TOTL.ZS,2002,6.21212246617542
,SL.UEM.TOTL.ZS,2001,6.19071653122749
,SL.UEM.TOTL.ZS,2000,6.16304525135242
,SL.UEM.TOTL.ZS,1999,6.14772124291327
,SL.UEM.TOTL.ZS,1998,6.11517295641349
,SL.UEM.TOTL.ZS,1997,6.11469384583908
,SL.UEM.TOTL.ZS,1996,6.06383839970385
,SL.UEM.TOTL.ZS,1995,6.15122797928774
,SL.UEM.TOTL.ZS,1994,6.17668546485214
,SL.UEM.TOTL.ZS,1993,6.21668474518991
,SL.UEM.TOTL.ZS,1992,6.09487874320769
,SL.UEM.TOTL.ZS,1991,6.07949832129435
,SL.UEM.TOTL.ZS,1990,
,SL.UEM.TOTL.ZS,1989,
,SL.UEM.TOTL.ZS,1988,
,SL.UEM.TOTL.ZS,1987,
,SL.UEM.TOTL.ZS,1986,
,SL.UEM.TOTL.ZS,1985,
,SL.UEM.TOTL.ZS,1984,
,SL.UEM.TOTL.ZS,1983,
,SL.UEM.TOTL.ZS,1982,
,SL.UEM.TOTL.ZS,1981,
,SL.UEM.TOTL.ZS,1980,
,SL.UEM.TOTL.ZS,1979,
,SL.UEM.TOTL.ZS,1978,
,SL.UEM.TOTL.ZS,1977,
,SL.UEM.TOTL.ZS,1976,
,SL.UEM.TOTL.ZS,1975,
,SL.UEM.TOTL.ZS,1974,
,SL.UEM.TOTL.ZS,1973,
,SL.UEM.TOTL.ZS,1972,
,SL.UEM.TOTL.ZS,1971,
,SL.UEM.TOTL.ZS,1970,
,SL.UEM.TOTL.ZS,1969,
,SL.UEM.TOTL.ZS,1968,
,SL.UEM.TOTL.ZS,1967,
,SL.UEM.TOTL.ZS,1966,
,SL.UEM.TOTL.ZS,1965,
,SL.UEM.TOTL.ZS,1964,
,SL.UEM.TOTL.ZS,1963,
,SL.UEM.TOTL.ZS,1962,
,SL.UEM.TOTL.ZS,1961,
,SL.UEM.TOTL.ZS,1960,
MEA,SL.UEM.TOTL.ZS,2024,8.01234636616063
MEA,SL.UEM.TOTL.ZS,2023,8.07886442606783
MEA,SL.UEM.TOTL.ZS,2022,8.41864578048354
MEA,SL.UEM.TOTL.ZS,2021,9.02712223286196
MEA,SL.UEM.TOTL.ZS,2020,9.21442251170226
MEA,SL.UEM.TOTL.ZS,2019,8.33464243815053
MEA,SL.UEM.TOTL.ZS,2018,8.54016358979852
MEA,SL.UEM.TOTL.ZS,2017,8.52284906342449
MEA,SL.UEM.TOTL.ZS,2016,8.07484104448856
MEA,SL.UEM.TOTL.ZS,2015,8.36391402124447
MEA,SL.UEM.TOTL.ZS,2014,7.6447924712629
MEA,SL.UEM.TOTL.ZS,2013,7.92949830432798
MEA,SL.UEM.TOTL.ZS,2012,8.34716998400222
MEA,SL.UEM.TOTL.ZS,2011,7.23291287147858
MEA,SL.UEM.TOTL.ZS,2010,6.85497900968114
MEA,SL.UEM.TOTL.ZS,2009,6.71205646358504
MEA,SL.UEM.TOTL.ZS,2008,6.58349916553751
MEA,SL.UEM.TOTL.ZS,2007,6.81944574522502
MEA,SL.UEM.TOTL.ZS,2006,7.22131232301538
MEA,SL.UEM.TOTL.ZS,2005,7.65825065984446
MEA,SL.UEM.TOTL.ZS,2004,7.55392179293235
MEA,SL.UEM.TOTL.ZS,2003,8.30876134247653
MEA,SL.UEM.TOTL.ZS,2002,8.49640444104174
MEA,SL.UEM.TOTL.ZS,2001,8.43347969250442
MEA,SL.UEM.TOTL.ZS,2000,8.42365049272417
MEA,SL.UEM.TOTL.ZS,1999,8.11327385149786
MEA,SL.UEM.TOTL.ZS,1998,7.87510185667833
MEA,SL.UEM.TOTL.ZS,1997,7.78986546816594
MEA,SL.UEM.TOTL.ZS,1996,7.97931940710841
MEA,SL.UEM.TOTL.ZS,1995,8.75663817659201
MEA,SL.UEM.TOTL.ZS,1994,8.53005153097424
MEA,SL.UEM.TOTL.ZS,1993,8.53668096633965
MEA,SL.UEM.TOTL.ZS,1992,8.07812131463939
MEA,SL.UEM.TOTL.ZS,1991,7.97012202212345
MEA,SL.UEM.TOTL.ZS,1990,
MEA,SL.UEM.TOTL.ZS,1989,
MEA,SL.UEM.TOTL.ZS,1988,
MEA,SL.UEM.TOTL.ZS,1987,
MEA,SL.UEM.TOTL.ZS,1986,
MEA,SL.UEM.TOTL.ZS,1985,
MEA,SL.UEM.TOTL.ZS,1984,
MEA,SL.UEM.TOTL.ZS,1983,
MEA,SL.UEM.TOTL.ZS,1982,
MEA,SL.UEM.TOTL.ZS,1981,
MEA,SL.UEM.TOTL.ZS,1980,
MEA,SL.UEM.TOTL.ZS,1979,
MEA,SL.UEM.TOTL.ZS,1978,
MEA,SL.UEM.TOTL.ZS,1977,
MEA,SL.UEM.TOTL.ZS,1976,
MEA,SL.UEM.TOTL.ZS,1975,
MEA,SL.UEM.TOTL.ZS,1974,
MEA,SL.UEM.TOTL.ZS,1973,
MEA,SL.UEM.TOTL.ZS,1972,
MEA,SL.UEM.TOTL.ZS,1971,
MEA,SL.UEM.TOTL.ZS,1970,
MEA,SL.UEM.TOTL.ZS,1969,
MEA,SL.UEM.TOTL.ZS,1968,
MEA,SL.UEM.TOTL.ZS,1967,
MEA,SL.UEM.TOTL.ZS,1966,
MEA,SL.UEM.TOTL.ZS,1965,
MEA,SL.UEM.TOTL.ZS,1964,
MEA,SL.UEM.TOTL.ZS,1963,
MEA,SL.UEM.TOTL.ZS,1962,
MEA,SL.UEM.TOTL.ZS,1961,
MEA,SL.UEM.TOTL.ZS,1960,
MNA,SL.UEM.TOTL.ZS,2024,8.88964406729558
MNA,SL.UEM.TOTL.ZS,2023,8.91907614245528
MNA,SL.UEM.TOTL.ZS,2022,9.14578482177534
MNA,SL.UEM.TOTL.ZS,2021,9.71798229506527
MNA,SL.UEM.TOTL.ZS,2020,9.84929376390015
MNA,SL.UEM.TOTL.ZS,2019,9.06863358861821
MNA,SL.UEM.TOTL.ZS,2018,9.28717424735234
MNA,SL.UEM.TOTL.ZS,2017,9.25655934010819
MNA,SL.UEM.TOTL.ZS,2016,8.75509697935282
MNA,SL.UEM.TOTL.ZS,2015,9.0493766192428
MNA,SL.UEM.TOTL.ZS,2014,8.14748466087832
MNA,SL.UEM.TOTL.ZS,2013,8.46078673520129
MNA,SL.UEM.TOTL.ZS,2012,8.88870328463669
MNA,SL.UEM.TOTL.ZS,2011,7.57824275611375
MNA,SL.UEM.TOTL.ZS,2010,7.12093020637766
MNA,SL.UEM.TOTL.ZS,2009,6.94556551783072
MNA,SL.UEM.TOTL.ZS,2008,6.84316326711223
MNA,SL.UEM.TOTL.ZS,2007,7.01719474058021
MNA,SL.UEM.TOTL.ZS,2006,7.39103017430245
MNA,SL.UEM.TOTL.ZS,2005,7.8494722326067
MNA,SL.UEM.TOTL.ZS,2004,7.70124640806126
MNA,SL.UEM.TOTL.ZS,2003,8.52899180087148
MNA,SL.UEM.TOTL.ZS,2002,8.75769176433919
MNA,SL.UEM.TOTL.ZS,2001,8.72773359280116
MNA,SL.UEM.TOTL.ZS,2000,8.72688772666045
MNA,SL.UEM.TOTL.ZS,1999,8.38487137568837
MNA,SL.UEM.TOTL.ZS,1998,8.11782434679495
MNA,SL.UEM.TOTL.ZS,1997,8.02197888355492
MNA,SL.UEM.TOTL.ZS,1996,8.23391723413581
MNA,SL.UEM.TOTL.ZS,1995,9.05014464754054
MNA,SL.UEM.TOTL.ZS,1994,8.75863879540009
MNA,SL.UEM.TOTL.ZS,1993,8.69620378299141
MNA,SL.UEM.TOTL.ZS,1992,8.16424834973307
MNA,SL.UEM.TOTL.ZS,1991,8.05066776842351
MNA,SL.UEM.TOTL.ZS,1990,
MNA,SL.UEM.TOTL.ZS,1989,
MNA,SL.UEM.TOTL.ZS,1988,
MNA,SL.UEM.TOTL.ZS,1987,
MNA,SL.UEM.TOTL.ZS,1986,
MNA,SL.UEM.TOTL.ZS,1985,
MNA,SL.UEM.TOTL.ZS,1984,
MNA,SL.UEM.TOTL.ZS,1983,
MNA,SL.UEM.TOTL.ZS,1982,
MNA,SL.UEM.TOTL.ZS,1981,
MNA,SL.UEM.TOTL.ZS,1980,
MNA,SL.UEM.TOTL.ZS,1979,
MNA,SL.UEM.TOTL.ZS,1978,
MNA,SL.UEM.TOTL.ZS,1977,
MNA,SL.UEM.TOTL.ZS,1976,
MNA,SL.UEM.TOTL.ZS,1975,
MNA,SL.UEM.TOTL.ZS,1974,
MNA,SL.UEM.TOTL.ZS,1973,
MNA,SL.UEM.TOTL.ZS,1972,
MNA,SL.UEM.TOTL.ZS,1971,
MNA,SL.UEM.TOTL.ZS,1970,
MNA,SL.UEM.TOTL.ZS,1969,
MNA,SL.UEM.TOTL.ZS,1968,
MNA,SL.UEM.TOTL.ZS,1967,
MNA,SL.UEM.TOTL.ZS,1966,
MNA,SL.UEM.TOTL.ZS,1965,
MNA,SL.UEM.TOTL.ZS,1964,
MNA,SL.UEM.TOTL.ZS,1963,
MNA,SL.UEM.TOTL.ZS,1962,
MNA,SL.UEM.TOTL.ZS,1961,
MNA,SL.UEM.TOTL.ZS,1960,
TMN,SL.UEM.TOTL.ZS,2024,8.88964406729558
TMN,SL.UEM.TOTL.ZS,2023,8.91907614245528
TMN,SL.UEM.TOTL.ZS,2022,9.0450147693182
TMN,SL.UEM.TOTL.ZS,2021,9.6131462683231
TMN,SL.UEM.TOTL.ZS,2020,9.75371979626131
TMN,SL.UEM.TOTL.ZS,2019,8.96706656274344
TMN,SL.UEM.TOTL.ZS,2018,9.18412651966035
TMN,SL.UEM.TOTL.ZS,2017,9.15719119395182
TMN,SL.UEM.TOTL.ZS,2016,8.66473993207583
TMN,SL.UEM.TOTL.ZS,2015,8.96675665236927
TMN,SL.UEM.TOTL.ZS,2014,8.07789982220357
TMN,SL.UEM.TOTL.ZS,2013,8.39803170756744
TMN,SL.UEM.TOTL.ZS,2012,8.83294357656985
TMN,SL.UEM.TOTL.ZS,2011,7.52505958378966
TMN,SL.UEM.TOTL.ZS,2010,7.04902894071952
TMN,SL.UEM.TOTL.ZS,2009,6.87878016649715
TMN,SL.UEM.TOTL.ZS,2008,6.76445601841533
TMN,SL.UEM.TOTL.ZS,2007,6.96244023677181
TMN,SL.UEM.TOTL.ZS,2006,7.33683499171053
TMN,SL.UEM.TOTL.ZS,2005,7.79327111184214
TMN,SL.UEM.TOTL.ZS,2004,7.63063107105577
TMN,SL.UEM.TOTL.ZS,2003,8.46215380807294
TMN,SL.UEM.TOTL.ZS,2002,8.67775686726868
TMN,SL.UEM.TOTL.ZS,2001,8.67272076903608
TMN,SL.UEM.TOTL.ZS,2000,8.71795660306332
TMN,SL.UEM.TOTL.ZS,1999,8.37584256401109
TMN,SL.UEM.TOTL.ZS,1998,8.1070252200714
TMN,SL.UEM.TOTL.ZS,1997,8.01020921527838
TMN,SL.UEM.TOTL.ZS,1996,8.22212113757966
TMN,SL.UEM.TOTL.ZS,1995,9.04248606651942
TMN,SL.UEM.TOTL.ZS,1994,8.74959340122559
TMN,SL.UEM.TOTL.ZS,1993,8.68736536190533
TMN,SL.UEM.TOTL.ZS,1992,8.15330672799949
TMN,SL.UEM.TOTL.ZS,1991,8.03942448788434
TMN,SL.UEM.TOTL.ZS,1990,
TMN,SL.UEM.TOTL.ZS,1989,
TMN,SL.UEM.TOTL.ZS,1988,
TMN,SL.UEM.TOTL.ZS,1987,
TMN,SL.UEM.TOTL.ZS,1986,
TMN,SL.UEM.TOTL.ZS,1985,
TMN,SL.UEM.TOTL.ZS,1984,
TMN,SL.UEM.TOTL.ZS,1983,
TMN,SL.UEM.TOTL.ZS,1982,
TMN,SL.UEM.TOTL.ZS,1981,
TMN,SL.UEM.TOTL.ZS,1980,
TMN,SL.UEM.TOTL.ZS,1979,
TMN,SL.UEM.TOTL.ZS,1978,
TMN,SL.UEM.TOTL.ZS,1977,
TMN,SL.UEM.TOTL.ZS,1976,
TMN,SL.UEM.TOTL.ZS,1975,
TMN,SL.UEM.TOTL.ZS,1974,
TMN,SL.UEM.TOTL.ZS,1973,
TMN,SL.UEM.TOTL.ZS,1972,
TMN,SL.UEM.TOTL.ZS,1971,
TMN,SL.UEM.TOTL.ZS,1970,
TMN,SL.UEM.TOTL.ZS,1969,
TMN,SL.UEM.TOTL.ZS,1968,
TMN,SL.UEM.TOTL.ZS,1967,
TMN,SL.UEM.TOTL.ZS,1966,
TMN,SL.UEM.TOTL.ZS,1965,
TMN,SL.UEM.TOTL.ZS,1964,
TMN,SL.UEM.TOTL.ZS,1963,
TMN,SL.UEM.TOTL.ZS,1962,
TMN,SL.UEM.TOTL.ZS,1961,
TMN,SL.UEM.TOTL.ZS,1960,
MIC,SL.UEM.TOTL.ZS,2024,5.03729410307044
MIC,SL.UEM.TOTL.ZS,2023,5.07130646251323
MIC,SL.UEM.TOTL.ZS,2022,5.48416887610184
MIC,SL.UEM.TOTL.ZS,2021,6.23172076635192
MIC,SL.UEM.TOTL.ZS,2020,6.73502937586073
MIC,SL.UEM.TOTL.ZS,2019,5.88573671715386
MIC,SL.UEM.TOTL.ZS,2018,6.03451477144987
MIC,SL.UEM.TOTL.ZS,2017,6.08058072656873
MIC,SL.UEM.TOTL.ZS,2016,6.03647644591292
MIC,SL.UEM.TOTL.ZS,2015,5.95520037319164
MIC,SL.UEM.TOTL.ZS,2014,5.76696469638959
MIC,SL.UEM.TOTL.ZS,2013,5.78993504084756
MIC,SL.UEM.TOTL.ZS,2012,5.82089580714213
MIC,SL.UEM.TOTL.ZS,2011,5.79465778291785
MIC,SL.UEM.TOTL.ZS,2010,5.8630492149064
MIC,SL.UEM.TOTL.ZS,2009,6.09938671106268
MIC,SL.UEM.TOTL.ZS,2008,5.8872966224633
MIC,SL.UEM.TOTL.ZS,2007,5.88378519714051
MIC,SL.UEM.TOTL.ZS,2006,5.97443584583588
MIC,SL.UEM.TOTL.ZS,2005,6.16699303335848
MIC,SL.UEM.TOTL.ZS,2004,6.18863858020801
MIC,SL.UEM.TOTL.ZS,2003,6.31702175983668
MIC,SL.UEM.TOTL.ZS,2002,6.25572400756497
MIC,SL.UEM.TOTL.ZS,2001,6.0504921733429
MIC,SL.UEM.TOTL.ZS,2000,5.88369075893232
MIC,SL.UEM.TOTL.ZS,1999,5.90369413260258
MIC,SL.UEM.TOTL.ZS,1998,5.72727268352809
MIC,SL.UEM.TOTL.ZS,1997,5.54181419167729
MIC,SL.UEM.TOTL.ZS,1996,5.49419885753579
MIC,SL.UEM.TOTL.ZS,1995,5.41511637366521
MIC,SL.UEM.TOTL.ZS,1994,5.16273029412959
MIC,SL.UEM.TOTL.ZS,1993,4.90769832753591
MIC,SL.UEM.TOTL.ZS,1992,4.70555139426505
MIC,SL.UEM.TOTL.ZS,1991,4.64191402554603
MIC,SL.UEM.TOTL.ZS,1990,
MIC,SL.UEM.TOTL.ZS,1989,
MIC,SL.UEM.TOTL.ZS,1988,
MIC,SL.UEM.TOTL.ZS,1987,
MIC,SL.UEM.TOTL.ZS,1986,
MIC,SL.UEM.TOTL.ZS,1985,
MIC,SL.UEM.TOTL.ZS,1984,
MIC,SL.UEM.TOTL.ZS,1983,
MIC,SL.UEM.TOTL.ZS,1982,
MIC,SL.UEM.TOTL.ZS,1981,
MIC,SL.UEM.TOTL.ZS,1980,
MIC,SL.UEM.TOTL.ZS,1979,
MIC,SL.UEM.TOTL.ZS,1978,
MIC,SL.UEM.TOTL.ZS,1977,
MIC,SL.UEM.TOTL.ZS,1976,
MIC,SL.UEM.TOTL.ZS,1975,
MIC,SL.UEM.TOTL.ZS,1974,
MIC,SL.UEM.TOTL.ZS,1973,
MIC,SL.UEM.TOTL.ZS,1972,
MIC,SL.UEM.TOTL.ZS,1971,
MIC,SL.UEM.TOTL.ZS,1970,
MIC,SL.UEM.TOTL.ZS,1969,
MIC,SL.UEM.TOTL.ZS,1968,
MIC,SL.UEM.TOTL.ZS,1967,
MIC,SL.UEM.TOTL.ZS,1966,
MIC,SL.UEM.TOTL.ZS,1965,
MIC,SL.UEM.TOTL.ZS,1964,
MIC,SL.UEM.TOTL.ZS,1963,
MIC,SL.UEM.TOTL.ZS,1962,
MIC,SL.UEM.TOTL.ZS,1961,
MIC,SL.UEM.TOTL.ZS,1960,
NAC,SL.UEM.TOTL.ZS,2024,4.37803269034256
NAC,SL.UEM.TOTL.ZS,2023,3.84073751321764
NAC,SL.UEM.TOTL.ZS,2022,3.83303148633239
NAC,SL.UEM.TOTL.ZS,2021,5.59210979982087
NAC,SL.UEM.TOTL.ZS,2020,8.23059990715153
NAC,SL.UEM.TOTL.ZS,2019,3.890566885067
NAC,SL.UEM.TOTL.ZS,2018,4.10721429919148
NAC,SL.UEM.TOTL.ZS,2017,4.57971738602629
NAC,SL.UEM.TOTL.ZS,2016,5.10340701910414
NAC,SL.UEM.TOTL.ZS,2015,5.4606408215288
NAC,SL.UEM.TOTL.ZS,2014,6.26083245211775
NAC,SL.UEM.TOTL.ZS,2013,7.34976348971497
NAC,SL.UEM.TOTL.ZS,2012,7.99588953313322
NAC,SL.UEM.TOTL.ZS,2011,8.80784798616693
NAC,SL.UEM.TOTL.ZS,2010,9.47758645184374
NAC,SL.UEM.TOTL.ZS,2009,9.16994852137916
NAC,SL.UEM.TOTL.ZS,2008,5.83652846325955
NAC,SL.UEM.TOTL.ZS,2007,4.78243165759455
NAC,SL.UEM.TOTL.ZS,2006,4.81614395081572
NAC,SL.UEM.TOTL.ZS,2005,5.25750859640354
NAC,SL.UEM.TOTL.ZS,2004,5.70124819512877
NAC,SL.UEM.TOTL.ZS,2003,6.15326151532504
NAC,SL.UEM.TOTL.ZS,2002,5.97486412366027
NAC,SL.UEM.TOTL.ZS,2001,4.97961964201139
NAC,SL.UEM.TOTL.ZS,2000,4.27316817166147
NAC,SL.UEM.TOTL.ZS,1999,4.55171801715172
NAC,SL.UEM.TOTL.ZS,1998,4.88226202925985
NAC,SL.UEM.TOTL.ZS,1997,5.40301547573426
NAC,SL.UEM.TOTL.ZS,1996,5.86183834660521
NAC,SL.UEM.TOTL.ZS,1995,6.03024492508477
NAC,SL.UEM.TOTL.ZS,1994,6.54555954314501
NAC,SL.UEM.TOTL.ZS,1993,7.34989291267264
NAC,SL.UEM.TOTL.ZS,1992,7.87315728585848
NAC,SL.UEM.TOTL.ZS,1991,7.16085104908465
NAC,SL.UEM.TOTL.ZS,1990,
NAC,SL.UEM.TOTL.ZS,1989,
NAC,SL.UEM.TOTL.ZS,1988,
NAC,SL.UEM.TOTL.ZS,1987,
NAC,SL.UEM.TOTL.ZS,1986,
NAC,SL.UEM.TOTL.ZS,1985,
NAC,SL.UEM.TOTL.ZS,1984,
NAC,SL.UEM.TOTL.ZS,1983,
NAC,SL.UEM.TOTL.ZS,1982,
NAC,SL.UEM.TOTL.ZS,1981,
NAC,SL.UEM.TOTL.ZS,1980,
NAC,SL.UEM.TOTL.ZS,1979,
NAC,SL.UEM.TOTL.ZS,1978,
NAC,SL.UEM.TOTL.ZS,1977,
NAC,SL.UEM.TOTL.ZS,1976,
NAC,SL.UEM.TOTL.ZS,1975,
NAC,SL.UEM.TOTL.ZS,1974,
NAC,SL.UEM.TOTL.ZS,1973,
NAC,SL.UEM.TOTL.ZS,1972,
NAC,SL.UEM.TOTL.ZS,1971,
NAC,SL.UEM.TOTL.ZS,1970,
NAC,SL.UEM.TOTL.ZS,1969,
NAC,SL.UEM.TOTL.ZS,1968,
NAC,SL.UEM.TOTL.ZS,1967,
NAC,SL.UEM.TOTL.ZS,1966,
NAC,SL.UEM.TOTL.ZS,1965,
NAC,SL.UEM.TOTL.ZS,1964,
NAC,SL.UEM.TOTL.ZS,1963,
NAC,SL.UEM.TOTL.ZS,1962,
NAC,SL.UEM.TOTL.ZS,1961,
NAC,SL.UEM.TOTL.ZS,1960,
,SL.UEM.TOTL.ZS,2024,
,SL.UEM.TOTL.ZS,2023,
,SL.UEM.TOTL.ZS,2022,
,SL.UEM.TOTL.ZS,2021,
,SL.UEM.TOTL.ZS,2020,
,SL.UEM.TOTL.ZS,2019,
,SL.UEM.TOTL.ZS,2018,
,SL.UEM.TOTL.ZS,2017,
,SL.UEM.TOTL.ZS,2016,
,SL.UEM.TOTL.ZS,2015,
,SL.UEM.TOTL.ZS,2014,
,SL.UEM.TOTL.ZS,2013,
,SL.UEM.TOTL.ZS,2012,
,SL.UEM.TOTL.ZS,2011,
,SL.UEM.TOTL.ZS,2010,
,SL.UEM.TOTL.ZS,2009,
,SL.UEM.TOTL.ZS,2008,
,SL.UEM.TOTL.ZS,2007,
,SL.UEM.TOTL.ZS,2006,
,SL.UEM.TOTL.ZS,2005,
,SL.UEM.TOTL.ZS,2004,
,SL.UEM.TOTL.ZS,2003,
,SL.UEM.TOTL.ZS,2002,
,SL.UEM.TOTL.ZS,2001,
,SL.UEM.TOTL.ZS,2000,
,SL.UEM.TOTL.ZS,1999,
,SL.UEM.TOTL.ZS,1998,
,SL.UEM.TOTL.ZS,1997,
,SL.UEM.TOTL.ZS,1996,
,SL.UEM.TOTL.ZS,1995,
,SL.UEM.TOTL.ZS,1994,
,SL.UEM.TOTL.ZS,1993,
,SL.UEM.TOTL.ZS,1992,
,SL.UEM.TOTL.ZS,1991,
,SL.UEM.TOTL.ZS,1990,
,SL.UEM.TOTL.ZS,1989,
,SL.UEM.TOTL.ZS,1988,
,SL.UEM.TOTL.ZS,1987,
,SL.UEM.TOTL.ZS,1986,
,SL.UEM.TOTL.ZS,1985,
,SL.UEM.TOTL.ZS,1984,
,SL.UEM.TOTL.ZS,1983,
,SL.UEM.TOTL.ZS,1982,
,SL.UEM.TOTL.ZS,1981,
,SL.UEM.TOTL.ZS,1980,
,SL.UEM.TOTL.ZS,1979,
,SL.UEM.TOTL.ZS,1978,
,SL.UEM.TOTL.ZS,1977,
,SL.UEM.TOTL.ZS,1976,
,SL.UEM.TOTL.ZS,1975,
,SL.UEM.TOTL.ZS,1974,
,SL.UEM.TOTL.ZS,1973,
,SL.UEM.TOTL.ZS,1972,
,SL.UEM.TOTL.ZS,1971,
,SL.UEM.TOTL.ZS,1970,
,SL.UEM.TOTL.ZS,1969,
,SL.UEM.TOTL.ZS,1968,
,SL.UEM.TOTL.ZS,1967,
,SL.UEM.TOTL.ZS,1966,
,SL.UEM.TOTL.ZS,1965,
,SL.UEM.TOTL.ZS,1964,
,SL.UEM.TOTL.ZS,1963,
,SL.UEM.TOTL.ZS,1962,
,SL.UEM.TOTL.ZS,1961,
,SL.UEM.TOTL.ZS,1960,
OED,SL.UEM.TOTL.ZS,2024,4.90604918113983
OED,SL.UEM.TOTL.ZS,2023,4.82668656090304
OED,SL.UEM.TOTL.ZS,2022,4.98748164975021
OED,SL.UEM.TOTL.ZS,2021,6.1932467809272
OED,SL.UEM.TOTL.ZS,2020,7.15060604516315
OED,SL.UEM.TOTL.ZS,2019,5.38836710225049
OED,SL.UEM.TOTL.ZS,2018,5.47670371615499
OED,SL.UEM.TOTL.ZS,2017,5.91549282646415
OED,SL.UEM.TOTL.ZS,2016,6.4323263145077
OED,SL.UEM.TOTL.ZS,2015,6.85549826253017
OED,SL.UEM.TOTL.ZS,2014,7.4083510536305
OED,SL.UEM.TOTL.ZS,2013,7.9862535059651
OED,SL.UEM.TOTL.ZS,2012,8.10091624876963
OED,SL.UEM.TOTL.ZS,2011,8.11763477556162
OED,SL.UEM.TOTL.ZS,2010,8.51487068018885
OED,SL.UEM.TOTL.ZS,2009,8.37829865486612
OED,SL.UEM.TOTL.ZS,2008,6.20345473101714
OED,SL.UEM.TOTL.ZS,2007,5.88615307721628
OED,SL.UEM.TOTL.ZS,2006,6.34243532040212
OED,SL.UEM.TOTL.ZS,2005,6.82980813146613
OED,SL.UEM.TOTL.ZS,2004,7.17286822314695
OED,SL.UEM.TOTL.ZS,2003,7.27360910815385
OED,SL.UEM.TOTL.ZS,2002,7.1399456971387
OED,SL.UEM.TOTL.ZS,2001,6.61935054527954
OED,SL.UEM.TOTL.ZS,2000,6.71539711222802
OED,SL.UEM.TOTL.ZS,1999,7.16497947660529
OED,SL.UEM.TOTL.ZS,1998,7.22011177226418
OED,SL.UEM.TOTL.ZS,1997,7.25824900860572
OED,SL.UEM.TOTL.ZS,1996,7.54845249819128
OED,SL.UEM.TOTL.ZS,1995,7.60328958983041
OED,SL.UEM.TOTL.ZS,1994,7.83449046979209
OED,SL.UEM.TOTL.ZS,1993,7.76154926727535
OED,SL.UEM.TOTL.ZS,1992,7.26891880560992
OED,SL.UEM.TOTL.ZS,1991,6.78414270479512
OED,SL.UEM.TOTL.ZS,1990,
OED,SL.UEM.TOTL.ZS,1989,
OED,SL.UEM.TOTL.ZS,1988,
OED,SL.UEM.TOTL.ZS,1987,
OED,SL.UEM.TOTL.ZS,1986,
OED,SL.UEM.TOTL.ZS,1985,
OED,SL.UEM.TOTL.ZS,1984,
OED,SL.UEM.TOTL.ZS,1983,
OED,SL.UEM.TOTL.ZS,1982,
OED,SL.UEM.TOTL.ZS,1981,
OED,SL.UEM.TOTL.ZS,1980,
OED,SL.UEM.TOTL.ZS,1979,
OED,SL.UEM.TOTL.ZS,1978,
OED,SL.UEM.TOTL.ZS,1977,
OED,SL.UEM.TOTL.ZS,1976,
OED,SL.UEM.TOTL.ZS,1975,
OED,SL.UEM.TOTL.ZS,1974,
OED,SL.UEM.TOTL.ZS,1973,
OED,SL.UEM.TOTL.ZS,1972,
OED,SL.UEM.TOTL.ZS,1971,
OED,SL.UEM.TOTL.ZS,1970,
OED,SL.UEM.TOTL.ZS,1969,
OED,SL.UEM.TOTL.ZS,1968,
OED,SL.UEM.TOTL.ZS,1967,
OED,SL.UEM.TOTL.ZS,1966,
OED,SL.UEM.TOTL.ZS,1965,
OED,SL.UEM.TOTL.ZS,1964,
OED,SL.UEM.TOTL.ZS,1963,
OED,SL.UEM.TOTL.ZS,1962,
OED,SL.UEM.TOTL.ZS,1961,
OED,SL.UEM.TOTL.ZS,1960,
OSS,SL.UEM.TOTL.ZS,2024,8.42835126637849
OSS,SL.UEM.TOTL.ZS,2023,8.43569113968255
OSS,SL.UEM.TOTL.ZS,2022,8.78777403836868
OSS,SL.UEM.TOTL.ZS,2021,9.44212639660639
OSS,SL.UEM.TOTL.ZS,2020,9.92399055106642
OSS,SL.UEM.TOTL.ZS,2019,8.32651485903715
OSS,SL.UEM.TOTL.ZS,2018,8.75857755591488
OSS,SL.UEM.TOTL.ZS,2017,9.25877632700963
OSS,SL.UEM.TOTL.ZS,2016,9.70223948505676
OSS,SL.UEM.TOTL.ZS,2015,9.9956444757919
OSS,SL.UEM.TOTL.ZS,2014,10.4619996031783
OSS,SL.UEM.TOTL.ZS,2013,10.7680988187154
OSS,SL.UEM.TOTL.ZS,2012,10.5325717269013
OSS,SL.UEM.TOTL.ZS,2011,10.5292398177405
OSS,SL.UEM.TOTL.ZS,2010,11.1278847172681
OSS,SL.UEM.TOTL.ZS,2009,10.729863322166
OSS,SL.UEM.TOTL.ZS,2008,8.87232548956314
OSS,SL.UEM.TOTL.ZS,2007,9.05878802820282
OSS,SL.UEM.TOTL.ZS,2006,9.68991787099098
OSS,SL.UEM.TOTL.ZS,2005,10.5068034923477
OSS,SL.UEM.TOTL.ZS,2004,10.6324817354858
OSS,SL.UEM.TOTL.ZS,2003,10.6435034690251
OSS,SL.UEM.TOTL.ZS,2002,10.2560199642635
OSS,SL.UEM.TOTL.ZS,2001,10.9520871210997
OSS,SL.UEM.TOTL.ZS,2000,11.0263212491537
OSS,SL.UEM.TOTL.ZS,1999,10.7112707460404
OSS,SL.UEM.TOTL.ZS,1998,9.97709120478164
OSS,SL.UEM.TOTL.ZS,1997,10.1538398208943
OSS,SL.UEM.TOTL.ZS,1996,10.0219914735588
OSS,SL.UEM.TOTL.ZS,1995,9.98340770598384
OSS,SL.UEM.TOTL.ZS,1994,9.61704707426081
OSS,SL.UEM.TOTL.ZS,1993,9.43460429257527
OSS,SL.UEM.TOTL.ZS,1992,8.57246232840888
OSS,SL.UEM.TOTL.ZS,1991,7.97386127413695
OSS,SL.UEM.TOTL.ZS,1990,
OSS,SL.UEM.TOTL.ZS,1989,
OSS,SL.UEM.TOTL.ZS,1988,
OSS,SL.UEM.TOTL.ZS,1987,
OSS,SL.UEM.TOTL.ZS,1986,
OSS,SL.UEM.TOTL.ZS,1985,
OSS,SL.UEM.TOTL.ZS,1984,
OSS,SL.UEM.TOTL.ZS,1983,
OSS,SL.UEM.TOTL.ZS,1982,
OSS,SL.UEM.TOTL.ZS,1981,
OSS,SL.UEM.TOTL.ZS,1980,
OSS,SL.UEM.TOTL.ZS,1979,
OSS,SL.UEM.TOTL.ZS,1978,
OSS,SL.UEM.TOTL.ZS,1977,
OSS,SL.UEM.TOTL.ZS,1976,
OSS,SL.UEM.TOTL.ZS,1975,
OSS,SL.UEM.TOTL.ZS,1974,
OSS,SL.UEM.TOTL.ZS,1973,
OSS,SL.UEM.TOTL.ZS,1972,
OSS,SL.UEM.TOTL.ZS,1971,
OSS,SL.UEM.TOTL.ZS,1970,
OSS,SL.UEM.TOTL.ZS,1969,
OSS,SL.UEM.TOTL.ZS,1968,
OSS,SL.UEM.TOTL.ZS,1967,
OSS,SL.UEM.TOTL.ZS,1966,
OSS,SL.UEM.TOTL.ZS,1965,
OSS,SL.UEM.TOTL.ZS,1964,
OSS,SL.UEM.TOTL.ZS,1963,
OSS,SL.UEM.TOTL.ZS,1962,
OSS,SL.UEM.TOTL.ZS,1961,
OSS,SL.UEM.TOTL.ZS,1960,
PSS,SL.UEM.TOTL.ZS,2024,3.1400708014776
PSS,SL.UEM.TOTL.ZS,2023,3.18108550777285
PSS,SL.UEM.TOTL.ZS,2022,3.26376412674194
PSS,SL.UEM.TOTL.ZS,2021,3.18377728754444
PSS,SL.UEM.TOTL.ZS,2020,3.17937127710219
PSS,SL.UEM.TOTL.ZS,2019,3.21394324925117
PSS,SL.UEM.TOTL.ZS,2018,3.27563360735952
PSS,SL.UEM.TOTL.ZS,2017,3.36772015164207
PSS,SL.UEM.TOTL.ZS,2016,3.37055657306124
PSS,SL.UEM.TOTL.ZS,2015,3.38209145071285
PSS,SL.UEM.TOTL.ZS,2014,3.40086552977605
PSS,SL.UEM.TOTL.ZS,2013,3.42909052402725
PSS,SL.UEM.TOTL.ZS,2012,3.54931121864559
PSS,SL.UEM.TOTL.ZS,2011,3.44531957197195
PSS,SL.UEM.TOTL.ZS,2010,3.50620034965321
PSS,SL.UEM.TOTL.ZS,2009,3.60583093381717
PSS,SL.UEM.TOTL.ZS,2008,3.66277533564379
PSS,SL.UEM.TOTL.ZS,2007,3.76053041512131
PSS,SL.UEM.TOTL.ZS,2006,3.81596429114785
PSS,SL.UEM.TOTL.ZS,2005,3.84431242747139
PSS,SL.UEM.TOTL.ZS,2004,4.34717323461528
PSS,SL.UEM.TOTL.ZS,2003,4.51735002076316
PSS,SL.UEM.TOTL.ZS,2002,4.62060117504242
PSS,SL.UEM.TOTL.ZS,2001,4.52736511167007
PSS,SL.UEM.TOTL.ZS,2000,4.41758167634957
PSS,SL.UEM.TOTL.ZS,1999,4.31265730395665
PSS,SL.UEM.TOTL.ZS,1998,4.26811698217978
PSS,SL.UEM.TOTL.ZS,1997,4.16487856196602
PSS,SL.UEM.TOTL.ZS,1996,4.02635031377061
PSS,SL.UEM.TOTL.ZS,1995,3.99182017321935
PSS,SL.UEM.TOTL.ZS,1994,3.91667343812621
PSS,SL.UEM.TOTL.ZS,1993,3.9473819076677
PSS,SL.UEM.TOTL.ZS,1992,3.88849468155863
PSS,SL.UEM.TOTL.ZS,1991,3.89042642665223
PSS,SL.UEM.TOTL.ZS,1990,
PSS,SL.UEM.TOTL.ZS,1989,
PSS,SL.UEM.TOTL.ZS,1988,
PSS,SL.UEM.TOTL.ZS,1987,
PSS,SL.UEM.TOTL.ZS,1986,
PSS,SL.UEM.TOTL.ZS,1985,
PSS,SL.UEM.TOTL.ZS,1984,
PSS,SL.UEM.TOTL.ZS,1983,
PSS,SL.UEM.TOTL.ZS,1982,
PSS,SL.UEM.TOTL.ZS,1981,
PSS,SL.UEM.TOTL.ZS,1980,
PSS,SL.UEM.TOTL.ZS,1979,
PSS,SL.UEM.TOTL.ZS,1978,
PSS,SL.UEM.TOTL.ZS,1977,
PSS,SL.UEM.TOTL.ZS,1976,
PSS,SL.UEM.TOTL.ZS,1975,
PSS,SL.UEM.TOTL.ZS,1974,
PSS,SL.UEM.TOTL.ZS,1973,
PSS,SL.UEM.TOTL.ZS,1972,
PSS,SL.UEM.TOTL.ZS,1971,
PSS,SL.UEM.TOTL.ZS,1970,
PSS,SL.UEM.TOTL.ZS,1969,
PSS,SL.UEM.TOTL.ZS,1968,
PSS,SL.UEM.TOTL.ZS,1967,
PSS,SL.UEM.TOTL.ZS,1966,
PSS,SL.UEM.TOTL.ZS,1965,
PSS,SL.UEM.TOTL.ZS,1964,
PSS,SL.UEM.TOTL.ZS,1963,
PSS,SL.UEM.TOTL.ZS,1962,
PSS,SL.UEM.TOTL.ZS,1961,
PSS,SL.UEM.TOTL.ZS,1960,
PST,SL.UEM.TOTL.ZS,2024,4.63490050303173
PST,SL.UEM.TOTL.ZS,2023,4.46746332357827
PST,SL.UEM.TOTL.ZS,2022,4.51723738560728
PST,SL.UEM.TOTL.ZS,2021,5.80367198892416
PST,SL.UEM.TOTL.ZS,2020,6.72755283833562
PST,SL.UEM.TOTL.ZS,2019,4.94120866062315
PST,SL.UEM.TOTL.ZS,2018,5.29692564326402
PST,SL.UEM.TOTL.ZS,2017,5.84858451769472
PST,SL.UEM.TOTL.ZS,2016,6.40939893395146
PST,SL.UEM.TOTL.ZS,2015,6.88321186520209
PST,SL.UEM.TOTL.ZS,2014,7.46149391332047
PST,SL.UEM.TOTL.ZS,2013,7.99359933869061
PST,SL.UEM.TOTL.ZS,2012,8.11576608458466
PST,SL.UEM.TOTL.ZS,2011,8.05897811947472
PST,SL.UEM.TOTL.ZS,2010,8.34475295912791
PST,SL.UEM.TOTL.ZS,2009,8.06977814854251
PST,SL.UEM.TOTL.ZS,2008,5.8998512918332
PST,SL.UEM.TOTL.ZS,2007,5.56862575688478
PST,SL.UEM.TOTL.ZS,2006,5.990189094555
PST,SL.UEM.TOTL.ZS,2005,6.40587796091292
PST,SL.UEM.TOTL.ZS,2004,6.67143280696036
PST,SL.UEM.TOTL.ZS,2003,6.86150604984552
PST,SL.UEM.TOTL.ZS,2002,6.77525180433419
PST,SL.UEM.TOTL.ZS,2001,6.38204713403136
PST,SL.UEM.TOTL.ZS,2000,6.53497084664272
PST,SL.UEM.TOTL.ZS,1999,7.11262690307494
PST,SL.UEM.TOTL.ZS,1998,7.39531431509238
PST,SL.UEM.TOTL.ZS,1997,7.36332529136879
PST,SL.UEM.TOTL.ZS,1996,7.55890512144881
PST,SL.UEM.TOTL.ZS,1995,7.38436200831956
PST,SL.UEM.TOTL.ZS,1994,7.51080212175103
PST,SL.UEM.TOTL.ZS,1993,7.51316458861482
PST,SL.UEM.TOTL.ZS,1992,6.91555480227677
PST,SL.UEM.TOTL.ZS,1991,6.30645497853292
PST,SL.UEM.TOTL.ZS,1990,
PST,SL.UEM.TOTL.ZS,1989,
PST,SL.UEM.TOTL.ZS,1988,
PST,SL.UEM.TOTL.ZS,1987,
PST,SL.UEM.TOTL.ZS,1986,
PST,SL.UEM.TOTL.ZS,1985,
PST,SL.UEM.TOTL.ZS,1984,
PST,SL.UEM.TOTL.ZS,1983,
PST,SL.UEM.TOTL.ZS,1982,
PST,SL.UEM.TOTL.ZS,1981,
PST,SL.UEM.TOTL.ZS,1980,
PST,SL.UEM.TOTL.ZS,1979,
PST,SL.UEM.TOTL.ZS,1978,
PST,SL.UEM.TOTL.ZS,1977,
PST,SL.UEM.TOTL.ZS,1976,
PST,SL.UEM.TOTL.ZS,1975,
PST,SL.UEM.TOTL.ZS,1974,
PST,SL.UEM.TOTL.ZS,1973,
PST,SL.UEM.TOTL.ZS,1972,
PST,SL.UEM.TOTL.ZS,1971,
PST,SL.UEM.TOTL.ZS,1970,
PST,SL.UEM.TOTL.ZS,1969,
PST,SL.UEM.TOTL.ZS,1968,
PST,SL.UEM.TOTL.ZS,1967,
PST,SL.UEM.TOTL.ZS,1966,
PST,SL.UEM.TOTL.ZS,1965,
PST,SL.UEM.TOTL.ZS,1964,
PST,SL.UEM.TOTL.ZS,1963,
PST,SL.UEM.TOTL.ZS,1962,
PST,SL.UEM.TOTL.ZS,1961,
PST,SL.UEM.TOTL.ZS,1960,
PRE,SL.UEM.TOTL.ZS,2024,4.5643996480652
PRE,SL.UEM.TOTL.ZS,2023,4.7006079328224
PRE,SL.UEM.TOTL.ZS,2022,5.002037370392
PRE,SL.UEM.TOTL.ZS,2021,5.82347555930522
PRE,SL.UEM.TOTL.ZS,2020,5.96007768628016
PRE,SL.UEM.TOTL.ZS,2019,5.42309463719319
PRE,SL.UEM.TOTL.ZS,2018,5.35138602677923
PRE,SL.UEM.TOTL.ZS,2017,5.28460931909098
PRE,SL.UEM.TOTL.ZS,2016,5.02089106580963
PRE,SL.UEM.TOTL.ZS,2015,4.93719170079883
PRE,SL.UEM.TOTL.ZS,2014,4.85983538761961
PRE,SL.UEM.TOTL.ZS,2013,4.87145374854621
PRE,SL.UEM.TOTL.ZS,2012,5.05832362422156
PRE,SL.UEM.TOTL.ZS,2011,5.15144102764935
PRE,SL.UEM.TOTL.ZS,2010,5.09948599044902
PRE,SL.UEM.TOTL.ZS,2009,4.90483524144252
PRE,SL.UEM.TOTL.ZS,2008,4.87564079411637
PRE,SL.UEM.TOTL.ZS,2007,4.87990854311306
PRE,SL.UEM.TOTL.ZS,2006,4.91968270930922
PRE,SL.UEM.TOTL.ZS,2005,4.94170598396397
PRE,SL.UEM.TOTL.ZS,2004,4.97351590533429
PRE,SL.UEM.TOTL.ZS,2003,5.05616718801451
PRE,SL.UEM.TOTL.ZS,2002,5.08169612714231
PRE,SL.UEM.TOTL.ZS,2001,5.12822077808316
PRE,SL.UEM.TOTL.ZS,2000,5.14246869302464
PRE,SL.UEM.TOTL.ZS,1999,5.1118453310593
PRE,SL.UEM.TOTL.ZS,1998,5.07079011787487
PRE,SL.UEM.TOTL.ZS,1997,5.09342313033355
PRE,SL.UEM.TOTL.ZS,1996,5.19268733645266
PRE,SL.UEM.TOTL.ZS,1995,5.30821052218628
PRE,SL.UEM.TOTL.ZS,1994,5.42116293311088
PRE,SL.UEM.TOTL.ZS,1993,5.45673808203558
PRE,SL.UEM.TOTL.ZS,1992,5.39167945098861
PRE,SL.UEM.TOTL.ZS,1991,5.35343880366292
PRE,SL.UEM.TOTL.ZS,1990,
PRE,SL.UEM.TOTL.ZS,1989,
PRE,SL.UEM.TOTL.ZS,1988,
PRE,SL.UEM.TOTL.ZS,1987,
PRE,SL.UEM.TOTL.ZS,1986,
PRE,SL.UEM.TOTL.ZS,1985,
PRE,SL.UEM.TOTL.ZS,1984,
PRE,SL.UEM.TOTL.ZS,1983,
PRE,SL.UEM.TOTL.ZS,1982,
PRE,SL.UEM.TOTL.ZS,1981,
PRE,SL.UEM.TOTL.ZS,1980,
PRE,SL.UEM.TOTL.ZS,1979,
PRE,SL.UEM.TOTL.ZS,1978,
PRE,SL.UEM.TOTL.ZS,1977,
PRE,SL.UEM.TOTL.ZS,1976,
PRE,SL.UEM.TOTL.ZS,1975,
PRE,SL.UEM.TOTL.ZS,1974,
PRE,SL.UEM.TOTL.ZS,1973,
PRE,SL.UEM.TOTL.ZS,1972,
PRE,SL.UEM.TOTL.ZS,1971,
PRE,SL.UEM.TOTL.ZS,1970,
PRE,SL.UEM.TOTL.ZS,1969,
PRE,SL.UEM.TOTL.ZS,1968,
PRE,SL.UEM.TOTL.ZS,1967,
PRE,SL.UEM.TOTL.ZS,1966,
PRE,SL.UEM.TOTL.ZS,1965,
PRE,SL.UEM.TOTL.ZS,1964,
PRE,SL.UEM.TOTL.ZS,1963,
PRE,SL.UEM.TOTL.ZS,1962,
PRE,SL.UEM.TOTL.ZS,1961,
PRE,SL.UEM.TOTL.ZS,1960,
SST,SL.UEM.TOTL.ZS,2024,7.56700147625526
SST,SL.UEM.TOTL.ZS,2023,7.6698267520013
SST,SL.UEM.TOTL.ZS,2022,8.04039111683461
SST,SL.UEM.TOTL.ZS,2021,8.72082538333154
SST,SL.UEM.TOTL.ZS,2020,9.11283654873109
SST,SL.UEM.TOTL.ZS,2019,7.69114842257148
SST,SL.UEM.TOTL.ZS,2018,8.03500355150924
SST,SL.UEM.TOTL.ZS,2017,8.3160620718913
SST,SL.UEM.TOTL.ZS,2016,8.6652955889096
SST,SL.UEM.TOTL.ZS,2015,8.77737734641461
SST,SL.UEM.TOTL.ZS,2014,9.16548101538691
SST,SL.UEM.TOTL.ZS,2013,9.42121433337902
SST,SL.UEM.TOTL.ZS,2012,9.30843122726105
SST,SL.UEM.TOTL.ZS,2011,9.24744925614147
SST,SL.UEM.TOTL.ZS,2010,9.63635203632562
SST,SL.UEM.TOTL.ZS,2009,9.49045809768783
SST,SL.UEM.TOTL.ZS,2008,7.99929891372552
SST,SL.UEM.TOTL.ZS,2007,8.21151774869796
SST,SL.UEM.TOTL.ZS,2006,8.74190535147062
SST,SL.UEM.TOTL.ZS,2005,9.58944393613101
SST,SL.UEM.TOTL.ZS,2004,9.80196449534085
SST,SL.UEM.TOTL.ZS,2003,10.1514052331923
SST,SL.UEM.TOTL.ZS,2002,9.85718963705435
SST,SL.UEM.TOTL.ZS,2001,10.2502729377571
SST,SL.UEM.TOTL.ZS,2000,10.4312985611267
SST,SL.UEM.TOTL.ZS,1999,10.4240196593673
SST,SL.UEM.TOTL.ZS,1998,10.1039567677821
SST,SL.UEM.TOTL.ZS,1997,10.3547212675185
SST,SL.UEM.TOTL.ZS,1996,10.4105313120434
SST,SL.UEM.TOTL.ZS,1995,10.4964666409893
SST,SL.UEM.TOTL.ZS,1994,10.6176788356215
SST,SL.UEM.TOTL.ZS,1993,10.6785053201654
SST,SL.UEM.TOTL.ZS,1992,10.1578177783841
SST,SL.UEM.TOTL.ZS,1991,9.57210032879262
SST,SL.UEM.TOTL.ZS,1990,
SST,SL.UEM.TOTL.ZS,1989,
SST,SL.UEM.TOTL.ZS,1988,
SST,SL.UEM.TOTL.ZS,1987,
SST,SL.UEM.TOTL.ZS,1986,
SST,SL.UEM.TOTL.ZS,1985,
SST,SL.UEM.TOTL.ZS,1984,
SST,SL.UEM.TOTL.ZS,1983,
SST,SL.UEM.TOTL.ZS,1982,
SST,SL.UEM.TOTL.ZS,1981,
SST,SL.UEM.TOTL.ZS,1980,
SST,SL.UEM.TOTL.ZS,1979,
SST,SL.UEM.TOTL.ZS,1978,
SST,SL.UEM.TOTL.ZS,1977,
SST,SL.UEM.TOTL.ZS,1976,
SST,SL.UEM.TOTL.ZS,1975,
SST,SL.UEM.TOTL.ZS,1974,
SST,SL.UEM.TOTL.ZS,1973,
SST,SL.UEM.TOTL.ZS,1972,
SST,SL.UEM.TOTL.ZS,1971,
SST,SL.UEM.TOTL.ZS,1970,
SST,SL.UEM.TOTL.ZS,1969,
SST,SL.UEM.TOTL.ZS,1968,
SST,SL.UEM.TOTL.ZS,1967,
SST,SL.UEM.TOTL.ZS,1966,
SST,SL.UEM.TOTL.ZS,1965,
SST,SL.UEM.TOTL.ZS,1964,
SST,SL.UEM.TOTL.ZS,1963,
SST,SL.UEM.TOTL.ZS,1962,
SST,SL.UEM.TOTL.ZS,1961,
SST,SL.UEM.TOTL.ZS,1960,
SAS,SL.UEM.TOTL.ZS,2024,4.34169478016955
SAS,SL.UEM.TOTL.ZS,2023,4.30525176596245
SAS,SL.UEM.TOTL.ZS,2022,4.86939303422721
SAS,SL.UEM.TOTL.ZS,2021,6.31491744065143
SAS,SL.UEM.TOTL.ZS,2020,7.61279541968533
SAS,SL.UEM.TOTL.ZS,2019,6.29818732290556
SAS,SL.UEM.TOTL.ZS,2018,7.27732361933033
SAS,SL.UEM.TOTL.ZS,2017,7.24285531206769
SAS,SL.UEM.TOTL.ZS,2016,7.24257568376138
SAS,SL.UEM.TOTL.ZS,2015,7.27520961888065
SAS,SL.UEM.TOTL.ZS,2014,7.30971277654185
SAS,SL.UEM.TOTL.ZS,2013,7.34259938893269
SAS,SL.UEM.TOTL.ZS,2012,7.25563099986403
SAS,SL.UEM.TOTL.ZS,2011,7.18076513949419
SAS,SL.UEM.TOTL.ZS,2010,7.18135687960395
SAS,SL.UEM.TOTL.ZS,2009,7.38712070830336
SAS,SL.UEM.TOTL.ZS,2008,7.31884202003306
SAS,SL.UEM.TOTL.ZS,2007,7.20195680088499
SAS,SL.UEM.TOTL.ZS,2006,7.16049652159206
SAS,SL.UEM.TOTL.ZS,2005,7.24934458725831
SAS,SL.UEM.TOTL.ZS,2004,7.33040099588789
SAS,SL.UEM.TOTL.ZS,2003,7.37495745147481
SAS,SL.UEM.TOTL.ZS,2002,7.40892084951567
SAS,SL.UEM.TOTL.ZS,2001,7.26926147600098
SAS,SL.UEM.TOTL.ZS,2000,7.20741819718825
SAS,SL.UEM.TOTL.ZS,1999,7.20214307215912
SAS,SL.UEM.TOTL.ZS,1998,7.20682286050122
SAS,SL.UEM.TOTL.ZS,1997,7.18367822048628
SAS,SL.UEM.TOTL.ZS,1996,7.13172470315583
SAS,SL.UEM.TOTL.ZS,1995,7.18405726009443
SAS,SL.UEM.TOTL.ZS,1994,7.22622096992128
SAS,SL.UEM.TOTL.ZS,1993,7.32742874238053
SAS,SL.UEM.TOTL.ZS,1992,7.31290035325642
SAS,SL.UEM.TOTL.ZS,1991,7.31467149749349
SAS,SL.UEM.TOTL.ZS,1990,
SAS,SL.UEM.TOTL.ZS,1989,
SAS,SL.UEM.TOTL.ZS,1988,
SAS,SL.UEM.TOTL.ZS,1987,
SAS,SL.UEM.TOTL.ZS,1986,
SAS,SL.UEM.TOTL.ZS,1985,
SAS,SL.UEM.TOTL.ZS,1984,
SAS,SL.UEM.TOTL.ZS,1983,
SAS,SL.UEM.TOTL.ZS,1982,
SAS,SL.UEM.TOTL.ZS,1981,
SAS,SL.UEM.TOTL.ZS,1980,
SAS,SL.UEM.TOTL.ZS,1979,
SAS,SL.UEM.TOTL.ZS,1978,
SAS,SL.UEM.TOTL.ZS,1977,
SAS,SL.UEM.TOTL.ZS,1976,
SAS,SL.UEM.TOTL.ZS,1975,
SAS,SL.UEM.TOTL.ZS,1974,
SAS,SL.UEM.TOTL.ZS,1973,
SAS,SL.UEM.TOTL.ZS,1972,
SAS,SL.UEM.TOTL.ZS,1971,
SAS,SL.UEM.TOTL.ZS,1970,
SAS,SL.UEM.TOTL.ZS,1969,
SAS,SL.UEM.TOTL.ZS,1968,
SAS,SL.UEM.TOTL.ZS,1967,
SAS,SL.UEM.TOTL.ZS,1966,
SAS,SL.UEM.TOTL.ZS,1965,
SAS,SL.UEM.TOTL.ZS,1964,
SAS,SL.UEM.TOTL.ZS,1963,
SAS,SL.UEM.TOTL.ZS,1962,
SAS,SL.UEM.TOTL.ZS,1961,
SAS,SL.UEM.TOTL.ZS,1960,
TSA,SL.UEM.TOTL.ZS,2024,4.34169478016955
TSA,SL.UEM.TOTL.ZS,2023,4.30525176596245
TSA,SL.UEM.TOTL.ZS,2022,4.86939303422721
TSA,SL.UEM.TOTL.ZS,2021,6.31491744065143
TSA,SL.UEM.TOTL.ZS,2020,7.61279541968533
TSA,SL.UEM.TOTL.ZS,2019,6.29818732290556
TSA,SL.UEM.TOTL.ZS,2018,7.27732361933033
TSA,SL.UEM.TOTL.ZS,2017,7.24285531206769
TSA,SL.UEM.TOTL.ZS,2016,7.24257568376138
TSA,SL.UEM.TOTL.ZS,2015,7.27520961888065
TSA,SL.UEM.TOTL.ZS,2014,7.30971277654185
TSA,SL.UEM.TOTL.ZS,2013,7.34259938893269
TSA,SL.UEM.TOTL.ZS,2012,7.25563099986403
TSA,SL.UEM.TOTL.ZS,2011,7.18076513949419
TSA,SL.UEM.TOTL.ZS,2010,7.18135687960395
TSA,SL.UEM.TOTL.ZS,2009,7.38712070830336
TSA,SL.UEM.TOTL.ZS,2008,7.31884202003306
TSA,SL.UEM.TOTL.ZS,2007,7.20195680088499
TSA,SL.UEM.TOTL.ZS,2006,7.16049652159206
TSA,SL.UEM.TOTL.ZS,2005,7.2493445872583
TSA,SL.UEM.TOTL.ZS,2004,7.33040099588789
TSA,SL.UEM.TOTL.ZS,2003,7.37495745147481
TSA,SL.UEM.TOTL.ZS,2002,7.40892084951567
TSA,SL.UEM.TOTL.ZS,2001,7.26926147600098
TSA,SL.UEM.TOTL.ZS,2000,7.20741819718825
TSA,SL.UEM.TOTL.ZS,1999,7.20214307215912
TSA,SL.UEM.TOTL.ZS,1998,7.20682286050122
TSA,SL.UEM.TOTL.ZS,1997,7.18367822048628
TSA,SL.UEM.TOTL.ZS,1996,7.13172470315583
TSA,SL.UEM.TOTL.ZS,1995,7.18405726009443
TSA,SL.UEM.TOTL.ZS,1994,7.22622096992128
TSA,SL.UEM.TOTL.ZS,1993,7.32742874238053
TSA,SL.UEM.TOTL.ZS,1992,7.31290035325642
TSA,SL.UEM.TOTL.ZS,1991,7.31467149749349
TSA,SL.UEM.TOTL.ZS,1990,
TSA,SL.UEM.TOTL.ZS,1989,
TSA,SL.UEM.TOTL.ZS,1988,
TSA,SL.UEM.TOTL.ZS,1987,
TSA,SL.UEM.TOTL.ZS,1986,
TSA,SL.UEM.TOTL.ZS,1985,
TSA,SL.UEM.TOTL.ZS,1984,
TSA,SL.UEM.TOTL.ZS,1983,
TSA,SL.UEM.TOTL.ZS,1982,
TSA,SL.UEM.TOTL.ZS,1981,
TSA,SL.UEM.TOTL.ZS,1980,
TSA,SL.UEM.TOTL.ZS,1979,
TSA,SL.UEM.TOTL.ZS,1978,
TSA,SL.UEM.TOTL.ZS,1977,
TSA,SL.UEM.TOTL.ZS,1976,
TSA,SL.UEM.TOTL.ZS,1975,
TSA,SL.UEM.TOTL.ZS,1974,
TSA,SL.UEM.TOTL.ZS,1973,
TSA,SL.UEM.TOTL.ZS,1972,
TSA,SL.UEM.TOTL.ZS,1971,
TSA,SL.UEM.TOTL.ZS,1970,
TSA,SL.UEM.TOTL.ZS,1969,
TSA,SL.UEM.TOTL.ZS,1968,
TSA,SL.UEM.TOTL.ZS,1967,
TSA,SL.UEM.TOTL.ZS,1966,
TSA,SL.UEM.TOTL.ZS,1965,
TSA,SL.UEM.TOTL.ZS,1964,
TSA,SL.UEM.TOTL.ZS,1963,
TSA,SL.UEM.TOTL.ZS,1962,
TSA,SL.UEM.TOTL.ZS,1961,
TSA,SL.UEM.TOTL.ZS,1960,
SSF,SL.UEM.TOTL.ZS,2024,5.82352963342453
SSF,SL.UEM.TOTL.ZS,2023,5.88775732180003
SSF,SL.UEM.TOTL.ZS,2022,6.19801853183662
SSF,SL.UEM.TOTL.ZS,2021,6.9876633959167
SSF,SL.UEM.TOTL.ZS,2020,6.803309525677
SSF,SL.UEM.TOTL.ZS,2019,6.2679212107601
SSF,SL.UEM.TOTL.ZS,2018,6.10632797505626
SSF,SL.UEM.TOTL.ZS,2017,6.07750640915143
SSF,SL.UEM.TOTL.ZS,2016,5.94167376890049
SSF,SL.UEM.TOTL.ZS,2015,5.85502520009926
SSF,SL.UEM.TOTL.ZS,2014,5.68478814422323
SSF,SL.UEM.TOTL.ZS,2013,5.63909163230502
SSF,SL.UEM.TOTL.ZS,2012,5.86268616241881
SSF,SL.UEM.TOTL.ZS,2011,5.99794499838192
SSF,SL.UEM.TOTL.ZS,2010,5.98391462400052
SSF,SL.UEM.TOTL.ZS,2009,5.8462403600109
SSF,SL.UEM.TOTL.ZS,2008,5.78696446868704
SSF,SL.UEM.TOTL.ZS,2007,5.79344921286178
SSF,SL.UEM.TOTL.ZS,2006,5.83613435279527
SSF,SL.UEM.TOTL.ZS,2005,5.92348756573701
SSF,SL.UEM.TOTL.ZS,2004,6.02286521636931
SSF,SL.UEM.TOTL.ZS,2003,6.16858501848866
SSF,SL.UEM.TOTL.ZS,2002,6.23732127397936
SSF,SL.UEM.TOTL.ZS,2001,6.34143297444931
SSF,SL.UEM.TOTL.ZS,2000,6.43551093234137
SSF,SL.UEM.TOTL.ZS,1999,6.45489286434596
SSF,SL.UEM.TOTL.ZS,1998,6.35590091797222
SSF,SL.UEM.TOTL.ZS,1997,6.33675160303829
SSF,SL.UEM.TOTL.ZS,1996,6.37525754922705
SSF,SL.UEM.TOTL.ZS,1995,6.45201167794553
SSF,SL.UEM.TOTL.ZS,1994,6.58505362840124
SSF,SL.UEM.TOTL.ZS,1993,6.65001756927665
SSF,SL.UEM.TOTL.ZS,1992,6.60520095373451
SSF,SL.UEM.TOTL.ZS,1991,6.5135503031811
SSF,SL.UEM.TOTL.ZS,1990,
SSF,SL.UEM.TOTL.ZS,1989,
SSF,SL.UEM.TOTL.ZS,1988,
SSF,SL.UEM.TOTL.ZS,1987,
SSF,SL.UEM.TOTL.ZS,1986,
SSF,SL.UEM.TOTL.ZS,1985,
SSF,SL.UEM.TOTL.ZS,1984,
SSF,SL.UEM.TOTL.ZS,1983,
SSF,SL.UEM.TOTL.ZS,1982,
SSF,SL.UEM.TOTL.ZS,1981,
SSF,SL.UEM.TOTL.ZS,1980,
SSF,SL.UEM.TOTL.ZS,1979,
SSF,SL.UEM.TOTL.ZS,1978,
SSF,SL.UEM.TOTL.ZS,1977,
SSF,SL.UEM.TOTL.ZS,1976,
SSF,SL.UEM.TOTL.ZS,1975,
SSF,SL.UEM.TOTL.ZS,1974,
SSF,SL.UEM.TOTL.ZS,1973,
SSF,SL.UEM.TOTL.ZS,1972,
SSF,SL.UEM.TOTL.ZS,1971,
SSF,SL.UEM.TOTL.ZS,1970,
SSF,SL.UEM.TOTL.ZS,1969,
SSF,SL.UEM.TOTL.ZS,1968,
SSF,SL.UEM.TOTL.ZS,1967,
SSF,SL.UEM.TOTL.ZS,1966,
SSF,SL.UEM.TOTL.ZS,1965,
SSF,SL.UEM.TOTL.ZS,1964,
SSF,SL.UEM.TOTL.ZS,1963,
SSF,SL.UEM.TOTL.ZS,1962,
SSF,SL.UEM.TOTL.ZS,1961,
SSF,SL.UEM.TOTL.ZS,1960,
SSA,SL.UEM.TOTL.ZS,2024,6.11345685595871
SSA,SL.UEM.TOTL.ZS,2023,6.18145608112511
SSA,SL.UEM.TOTL.ZS,2022,6.5221629747893
SSA,SL.UEM.TOTL.ZS,2021,7.34354021984689
SSA,SL.UEM.TOTL.ZS,2020,7.13766119717959
SSA,SL.UEM.TOTL.ZS,2019,6.67205825988269
SSA,SL.UEM.TOTL.ZS,2018,6.5114416268507
SSA,SL.UEM.TOTL.ZS,2017,6.50236338418262
SSA,SL.UEM.TOTL.ZS,2016,6.36651364149837
SSA,SL.UEM.TOTL.ZS,2015,6.28769454104184
SSA,SL.UEM.TOTL.ZS,2014,6.11103054888978
SSA,SL.UEM.TOTL.ZS,2013,6.07493493087422
SSA,SL.UEM.TOTL.ZS,2012,6.32198183902121
SSA,SL.UEM.TOTL.ZS,2011,6.46674509508785
SSA,SL.UEM.TOTL.ZS,2010,6.44517898572217
SSA,SL.UEM.TOTL.ZS,2009,6.27933526684852
SSA,SL.UEM.TOTL.ZS,2008,6.20706100243538
SSA,SL.UEM.TOTL.ZS,2007,6.20867009522794
SSA,SL.UEM.TOTL.ZS,2006,6.25225679459257
SSA,SL.UEM.TOTL.ZS,2005,6.32974173268449
SSA,SL.UEM.TOTL.ZS,2004,6.40673283691414
SSA,SL.UEM.TOTL.ZS,2003,6.54075529848913
SSA,SL.UEM.TOTL.ZS,2002,6.60824820548621
SSA,SL.UEM.TOTL.ZS,2001,6.70938197520792
SSA,SL.UEM.TOTL.ZS,2000,6.77607559206987
SSA,SL.UEM.TOTL.ZS,1999,6.77269347337332
SSA,SL.UEM.TOTL.ZS,1998,6.68799350603004
SSA,SL.UEM.TOTL.ZS,1997,6.69449815395076
SSA,SL.UEM.TOTL.ZS,1996,6.7490401648332
SSA,SL.UEM.TOTL.ZS,1995,6.84658302047571
SSA,SL.UEM.TOTL.ZS,1994,6.9855936441378
SSA,SL.UEM.TOTL.ZS,1993,7.04125765823132
SSA,SL.UEM.TOTL.ZS,1992,6.97329026487411
SSA,SL.UEM.TOTL.ZS,1991,6.87869131530684
SSA,SL.UEM.TOTL.ZS,1990,
SSA,SL.UEM.TOTL.ZS,1989,
SSA,SL.UEM.TOTL.ZS,1988,
SSA,SL.UEM.TOTL.ZS,1987,
SSA,SL.UEM.TOTL.ZS,1986,
SSA,SL.UEM.TOTL.ZS,1985,
SSA,SL.UEM.TOTL.ZS,1984,
SSA,SL.UEM.TOTL.ZS,1983,
SSA,SL.UEM.TOTL.ZS,1982,
SSA,SL.UEM.TOTL.ZS,1981,
SSA,SL.UEM.TOTL.ZS,1980,
SSA,SL.UEM.TOTL.ZS,1979,
SSA,SL.UEM.TOTL.ZS,1978,
SSA,SL.UEM.TOTL.ZS,1977,
SSA,SL.UEM.TOTL.ZS,1976,
SSA,SL.UEM.TOTL.ZS,1975,
SSA,SL.UEM.TOTL.ZS,1974,
SSA,SL.UEM.TOTL.ZS,1973,
SSA,SL.UEM.TOTL.ZS,1972,
SSA,SL.UEM.TOTL.ZS,1971,
SSA,SL.UEM.TOTL.ZS,1970,
SSA,SL.UEM.TOTL.ZS,1969,
SSA,SL.UEM.TOTL.ZS,1968,
SSA,SL.UEM.TOTL.ZS,1967,
SSA,SL.UEM.TOTL.ZS,1966,
SSA,SL.UEM.TOTL.ZS,1965,
SSA,SL.UEM.TOTL.ZS,1964,
SSA,SL.UEM.TOTL.ZS,1963,
SSA,SL.UEM.TOTL.ZS,1962,
SSA,SL.UEM.TOTL.ZS,1961,
SSA,SL.UEM.TOTL.ZS,1960,
TSS,SL.UEM.TOTL.ZS,2024,5.82352963342453
TSS,SL.UEM.TOTL.ZS,2023,5.88775732180003
TSS,SL.UEM.TOTL.ZS,2022,6.19801853183662
TSS,SL.UEM.TOTL.ZS,2021,6.9876633959167
TSS,SL.UEM.TOTL.ZS,2020,6.803309525677
TSS,SL.UEM.TOTL.ZS,2019,6.2679212107601
TSS,SL.UEM.TOTL.ZS,2018,6.10632797505626
TSS,SL.UEM.TOTL.ZS,2017,6.07750640915143
TSS,SL.UEM.TOTL.ZS,2016,5.94167376890049
TSS,SL.UEM.TOTL.ZS,2015,5.85502520009926
TSS,SL.UEM.TOTL.ZS,2014,5.68478814422323
TSS,SL.UEM.TOTL.ZS,2013,5.63909163230502
TSS,SL.UEM.TOTL.ZS,2012,5.86268616241881
TSS,SL.UEM.TOTL.ZS,2011,5.99794499838192
TSS,SL.UEM.TOTL.ZS,2010,5.98391462400052
TSS,SL.UEM.TOTL.ZS,2009,5.8462403600109
TSS,SL.UEM.TOTL.ZS,2008,5.78696446868704
TSS,SL.UEM.TOTL.ZS,2007,5.79344921286178
TSS,SL.UEM.TOTL.ZS,2006,5.83613435279527
TSS,SL.UEM.TOTL.ZS,2005,5.92348756573701
TSS,SL.UEM.TOTL.ZS,2004,6.02286521636931
TSS,SL.UEM.TOTL.ZS,2003,6.16858501848866
TSS,SL.UEM.TOTL.ZS,2002,6.23732127397936
TSS,SL.UEM.TOTL.ZS,2001,6.34143297444931
TSS,SL.UEM.TOTL.ZS,2000,6.43551093234137
TSS,SL.UEM.TOTL.ZS,1999,6.45489286434597
TSS,SL.UEM.TOTL.ZS,1998,6.35590091797222
TSS,SL.UEM.TOTL.ZS,1997,6.33675160303829
TSS,SL.UEM.TOTL.ZS,1996,6.37525754922705
TSS,SL.UEM.TOTL.ZS,1995,6.45201167794553
TSS,SL.UEM.TOTL.ZS,1994,6.58505362840124
TSS,SL.UEM.TOTL.ZS,1993,6.65001756927665
TSS,SL.UEM.TOTL.ZS,1992,6.6052009537345
TSS,SL.UEM.TOTL.ZS,1991,6.5135503031811
TSS,SL.UEM.TOTL.ZS,1990,
TSS,SL.UEM.TOTL.ZS,1989,
TSS,SL.UEM.TOTL.ZS,1988,
TSS,SL.UEM.TOTL.ZS,1987,
TSS,SL.UEM.TOTL.ZS,1986,
TSS,SL.UEM.TOTL.ZS,1985,
TSS,SL.UEM.TOTL.ZS,1984,
TSS,SL.UEM.TOTL.ZS,1983,
TSS,SL.UEM.TOTL.ZS,1982,
TSS,SL.UEM.TOTL.ZS,1981,
TSS,SL.UEM.TOTL.ZS,1980,
TSS,SL.UEM.TOTL.ZS,1979,
TSS,SL.UEM.TOTL.ZS,1978,
TSS,SL.UEM.TOTL.ZS,1977,
TSS,SL.UEM.TOTL.ZS,1976,
TSS,SL.UEM.TOTL.ZS,1975,
TSS,SL.UEM.TOTL.ZS,1974,
TSS,SL.UEM.TOTL.ZS,1973,
TSS,SL.UEM.TOTL.ZS,1972,
TSS,SL.UEM.TOTL.ZS,1971,
TSS,SL.UEM.TOTL.ZS,1970,
TSS,SL.UEM.TOTL.ZS,1969,
TSS,SL.UEM.TOTL.ZS,1968,
TSS,SL.UEM.TOTL.ZS,1967,
TSS,SL.UEM.TOTL.ZS,1966,
TSS,SL.UEM.TOTL.ZS,1965,
TSS,SL.UEM.TOTL.ZS,1964,
TSS,SL.UEM.TOTL.ZS,1963,
TSS,SL.UEM.TOTL.ZS,1962,
TSS,SL.UEM.TOTL.ZS,1961,
TSS,SL.UEM.TOTL.ZS,1960,
,SL.UEM.TOTL.ZS,2024,5.61785876266125
,SL.UEM.TOTL.ZS,2023,5.6618844578684
,SL.UEM.TOTL.ZS,2022,6.03886669983886
,SL.UEM.TOTL.ZS,2021,6.40770223439195
,SL.UEM.TOTL.ZS,2020,6.78563663885668
,SL.UEM.TOTL.ZS,2019,6.09337733778098
,SL.UEM.TOTL.ZS,2018,5.96178352256196
,SL.UEM.TOTL.ZS,2017,6.03819907168463
,SL.UEM.TOTL.ZS,2016,6.02850624971024
,SL.UEM.TOTL.ZS,2015,5.79556360756432
,SL.UEM.TOTL.ZS,2014,5.57695291743974
,SL.UEM.TOTL.ZS,2013,5.5629299352943
,SL.UEM.TOTL.ZS,2012,5.61272869110707
,SL.UEM.TOTL.ZS,2011,5.71091985300801
,SL.UEM.TOTL.ZS,2010,5.89375275942558
,SL.UEM.TOTL.ZS,2009,6.20265842970416
,SL.UEM.TOTL.ZS,2008,5.87916265936897
,SL.UEM.TOTL.ZS,2007,5.90682246763494
,SL.UEM.TOTL.ZS,2006,5.99262577931222
,SL.UEM.TOTL.ZS,2005,6.23848654754416
,SL.UEM.TOTL.ZS,2004,6.24500357617461
,SL.UEM.TOTL.ZS,2003,6.40068054485477
,SL.UEM.TOTL.ZS,2002,6.28645819634775
,SL.UEM.TOTL.ZS,2001,5.95232888272029
,SL.UEM.TOTL.ZS,2000,5.68997323027097
,SL.UEM.TOTL.ZS,1999,5.73691828999222
,SL.UEM.TOTL.ZS,1998,5.46643118319712
,SL.UEM.TOTL.ZS,1997,5.16191154826567
,SL.UEM.TOTL.ZS,1996,5.12155650777844
,SL.UEM.TOTL.ZS,1995,4.94181075079208
,SL.UEM.TOTL.ZS,1994,4.51968070601275
,SL.UEM.TOTL.ZS,1993,4.08701140580403
,SL.UEM.TOTL.ZS,1992,3.84766257345218
,SL.UEM.TOTL.ZS,1991,3.76463711687699
,SL.UEM.TOTL.ZS,1990,
,SL.UEM.TOTL.ZS,1989,
,SL.UEM.TOTL.ZS,1988,
,SL.UEM.TOTL.ZS,1987,
,SL.UEM.TOTL.ZS,1986,
,SL.UEM.TOTL.ZS,1985,
,SL.UEM.TOTL.ZS,1984,
,SL.UEM.TOTL.ZS,1983,
,SL.UEM.TOTL.ZS,1982,
,SL.UEM.TOTL.ZS,1981,
,SL.UEM.TOTL.ZS,1980,
,SL.UEM.TOTL.ZS,1979,
,SL.UEM.TOTL.ZS,1978,
,SL.UEM.TOTL.ZS,1977,
,SL.UEM.TOTL.ZS,1976,
,SL.UEM.TOTL.ZS,1975,
,SL.UEM.TOTL.ZS,1974,
,SL.UEM.TOTL.ZS,1973,
,SL.UEM.TOTL.ZS,1972,
,SL.UEM.TOTL.ZS,1971,
,SL.UEM.TOTL.ZS,1970,
,SL.UEM.TOTL.ZS,1969,
,SL.UEM.TOTL.ZS,1968,
,SL.UEM.TOTL.ZS,1967,
,SL.UEM.TOTL.ZS,1966,
,SL.UEM.TOTL.ZS,1965,
,SL.UEM.TOTL.ZS,1964,
,SL.UEM.TOTL.ZS,1963,
,SL.UEM.TOTL.ZS,1962,
,SL.UEM.TOTL.ZS,1961,
,SL.UEM.TOTL.ZS,1960,
WLD,SL.UEM.TOTL.ZS,2024,4.89145022830775
WLD,SL.UEM.TOTL.ZS,2023,4.91591850673826
WLD,SL.UEM.TOTL.ZS,2022,5.26065959317207
WLD,SL.UEM.TOTL.ZS,2021,6.06432744368016
WLD,SL.UEM.TOTL.ZS,2020,6.60899733931892
WLD,SL.UEM.TOTL.ZS,2019,5.59832702067321
WLD,SL.UEM.TOTL.ZS,2018,5.76822319767346
WLD,SL.UEM.TOTL.ZS,2017,5.90633669468431
WLD,SL.UEM.TOTL.ZS,2016,5.97741387230325
WLD,SL.UEM.TOTL.ZS,2015,6.0057537674447
WLD,SL.UEM.TOTL.ZS,2014,5.96527696883228
WLD,SL.UEM.TOTL.ZS,2013,6.10718936442262
WLD,SL.UEM.TOTL.ZS,2012,6.16014528673695
WLD,SL.UEM.TOTL.ZS,2011,6.15719558247294
WLD,SL.UEM.TOTL.ZS,2010,6.28651108706876
WLD,SL.UEM.TOTL.ZS,2009,6.4196954524381
WLD,SL.UEM.TOTL.ZS,2008,5.83235587932696
WLD,SL.UEM.TOTL.ZS,2007,5.77755042637603
WLD,SL.UEM.TOTL.ZS,2006,5.97627855172262
WLD,SL.UEM.TOTL.ZS,2005,6.22716961910876
WLD,SL.UEM.TOTL.ZS,2004,6.33762684871413
WLD,SL.UEM.TOTL.ZS,2003,6.49552474826159
WLD,SL.UEM.TOTL.ZS,2002,6.42825656435428
WLD,SL.UEM.TOTL.ZS,2001,6.20224785742248
WLD,SL.UEM.TOTL.ZS,2000,6.12304074094227
WLD,SL.UEM.TOTL.ZS,1999,6.28861473444324
WLD,SL.UEM.TOTL.ZS,1998,6.17097447113532
WLD,SL.UEM.TOTL.ZS,1997,6.02239064914071
WLD,SL.UEM.TOTL.ZS,1996,5.99253885959213
WLD,SL.UEM.TOTL.ZS,1995,5.93004401353698
WLD,SL.UEM.TOTL.ZS,1994,5.80049888718587
WLD,SL.UEM.TOTL.ZS,1993,5.55969439262019
WLD,SL.UEM.TOTL.ZS,1992,5.29010950422846
WLD,SL.UEM.TOTL.ZS,1991,5.13377952912624
WLD,SL.UEM.TOTL.ZS,1990,
WLD,SL.UEM.TOTL.ZS,1989,
WLD,SL.UEM.TOTL.ZS,1988,
WLD,SL.UEM.TOTL.ZS,1987,
WLD,SL.UEM.TOTL.ZS,1986,
WLD,SL.UEM.TOTL.ZS,1985,
WLD,SL.UEM.TOTL.ZS,1984,
WLD,SL.UEM.TOTL.ZS,1983,
WLD,SL.UEM.TOTL.ZS,1982,
WLD,SL.UEM.TOTL.ZS,1981,
WLD,SL.UEM.TOTL.ZS,1980,
WLD,SL.UEM.TOTL.ZS,1979,
WLD,SL.UEM.TOTL.ZS,1978,
WLD,SL.UEM.TOTL.ZS,1977,
WLD,SL.UEM.TOTL.ZS,1976,
WLD,SL.UEM.TOTL.ZS,1975,
WLD,SL.UEM.TOTL.ZS,1974,
WLD,SL.UEM.TOTL.ZS,1973,
WLD,SL.UEM.TOTL.ZS,1972,
WLD,SL.UEM.TOTL.ZS,1971,
WLD,SL.UEM.TOTL.ZS,1970,
WLD,SL.UEM.TOTL.ZS,1969,
WLD,SL.UEM.TOTL.ZS,1968,
WLD,SL.UEM.TOTL.ZS,1967,
WLD,SL.UEM.TOTL.ZS,1966,
WLD,SL.UEM.TOTL.ZS,1965,
WLD,SL.UEM.TOTL.ZS,1964,
WLD,SL.UEM.TOTL.ZS,1963,
WLD,SL.UEM.TOTL.ZS,1962,
WLD,SL.UEM.TOTL.ZS,1961,
WLD,SL.UEM.TOTL.ZS,1960,
AFG,SL.UEM.TOTL.ZS,2024,13.295
AFG,SL.UEM.TOTL.ZS,2023,13.991
AFG,SL.UEM.TOTL.ZS,2022,14.1
AFG,SL.UEM.TOTL.ZS,2021,11.994
AFG,SL.UEM.TOTL.ZS,2020,11.71
AFG,SL.UEM.TOTL.ZS,2019,11.185
AFG,SL.UEM.TOTL.ZS,2018,11.196
AFG,SL.UEM.TOTL.ZS,2017,11.184
AFG,SL.UEM.TOTL.ZS,2016,10.133
AFG,SL.UEM.TOTL.ZS,2015,9.052
AFG,SL.UEM.TOTL.ZS,2014,7.915
AFG,SL.UEM.TOTL.ZS,2013,7.93
AFG,SL.UEM.TOTL.ZS,2012,7.856
AFG,SL.UEM.TOTL.ZS,2011,7.784
AFG,SL.UEM.TOTL.ZS,2010,7.753
AFG,SL.UEM.TOTL.ZS,2009,7.754
AFG,SL.UEM.TOTL.ZS,2008,7.878
AFG,SL.UEM.TOTL.ZS,2007,7.817
AFG,SL.UEM.TOTL.ZS,2006,7.914
AFG,SL.UEM.TOTL.ZS,2005,7.885
AFG,SL.UEM.TOTL.ZS,2004,7.899
AFG,SL.UEM.TOTL.ZS,2003,7.88
AFG,SL.UEM.TOTL.ZS,2002,7.93
AFG,SL.UEM.TOTL.ZS,2001,7.953
AFG,SL.UEM.TOTL.ZS,2000,7.935
AFG,SL.UEM.TOTL.ZS,1999,7.903
AFG,SL.UEM.TOTL.ZS,1998,7.89
AFG,SL.UEM.TOTL.ZS,1997,7.863
AFG,SL.UEM.TOTL.ZS,1996,7.867
AFG,SL.UEM.TOTL.ZS,1995,7.817
AFG,SL.UEM.TOTL.ZS,1994,7.822
AFG,SL.UEM.TOTL.ZS,1993,7.888
AFG,SL.UEM.TOTL.ZS,1992,8.011
AFG,SL.UEM.TOTL.ZS,1991,8.07
AFG,SL.UEM.TOTL.ZS,1990,
AFG,SL.UEM.TOTL.ZS,1989,
AFG,SL.UEM.TOTL.ZS,1988,
AFG,SL.UEM.TOTL.ZS,1987,
AFG,SL.UEM.TOTL.ZS,1986,
AFG,SL.UEM.TOTL.ZS,1985,
AFG,SL.UEM.TOTL.ZS,1984,
AFG,SL.UEM.TOTL.ZS,1983,
AFG,SL.UEM.TOTL.ZS,1982,
AFG,SL.UEM.TOTL.ZS,1981,
AFG,SL.UEM.TOTL.ZS,1980,
AFG,SL.UEM.TOTL.ZS,1979,
AFG,SL.UEM.TOTL.ZS,1978,
AFG,SL.UEM.TOTL.ZS,1977,
AFG,SL.UEM.TOTL.ZS,1976,
AFG,SL.UEM.TOTL.ZS,1975,
AFG,SL.UEM.TOTL.ZS,1974,
AFG,SL.UEM.TOTL.ZS,1973,
AFG,SL.UEM.TOTL.ZS,1972,
AFG,SL.UEM.TOTL.ZS,1971,
AFG,SL.UEM.TOTL.ZS,1970,
AFG,SL.UEM.TOTL.ZS,1969,
AFG,SL.UEM.TOTL.ZS,1968,
AFG,SL.UEM.TOTL.ZS,1967,
AFG,SL.UEM.TOTL.ZS,1966,
AFG,SL.UEM.TOTL.ZS,1965,
AFG,SL.UEM.TOTL.ZS,1964,
AFG,SL.UEM.TOTL.ZS,1963,
AFG,SL.UEM.TOTL.ZS,1962,
AFG,SL.UEM.TOTL.ZS,1961,
AFG,SL.UEM.TOTL.ZS,1960,
ALB,SL.UEM.TOTL.ZS,2024,10.25
ALB,SL.UEM.TOTL.ZS,2023,10.108
ALB,SL.UEM.TOTL.ZS,2022,10.137
ALB,SL.UEM.TOTL.ZS,2021,11.474
ALB,SL.UEM.TOTL.ZS,2020,11.69
ALB,SL.UEM.TOTL.ZS,2019,11.466
ALB,SL.UEM.TOTL.ZS,2018,12.304
ALB,SL.UEM.TOTL.ZS,2017,13.616
ALB,SL.UEM.TOTL.ZS,2016,15.418
ALB,SL.UEM.TOTL.ZS,2015,17.193
ALB,SL.UEM.TOTL.ZS,2014,18.055
ALB,SL.UEM.TOTL.ZS,2013,15.866
ALB,SL.UEM.TOTL.ZS,2012,13.376
ALB,SL.UEM.TOTL.ZS,2011,13.481
ALB,SL.UEM.TOTL.ZS,2010,14.086
ALB,SL.UEM.TOTL.ZS,2009,13.674
ALB,SL.UEM.TOTL.ZS,2008,13.06
ALB,SL.UEM.TOTL.ZS,2007,15.966
ALB,SL.UEM.TOTL.ZS,2006,15.626
ALB,SL.UEM.TOTL.ZS,2005,15.966
ALB,SL.UEM.TOTL.ZS,2004,16.306
ALB,SL.UEM.TOTL.ZS,2003,16.985
ALB,SL.UEM.TOTL.ZS,2002,17.891
ALB,SL.UEM.TOTL.ZS,2001,18.57
ALB,SL.UEM.TOTL.ZS,2000,19.023
ALB,SL.UEM.TOTL.ZS,1999,20.835
ALB,SL.UEM.TOTL.ZS,1998,20.042
ALB,SL.UEM.TOTL.ZS,1997,16.872
ALB,SL.UEM.TOTL.ZS,1996,13.928
ALB,SL.UEM.TOTL.ZS,1995,14.607
ALB,SL.UEM.TOTL.ZS,1994,20.835
ALB,SL.UEM.TOTL.ZS,1993,25.251
ALB,SL.UEM.TOTL.ZS,1992,30.007
ALB,SL.UEM.TOTL.ZS,1991,10.304
ALB,SL.UEM.TOTL.ZS,1990,
ALB,SL.UEM.TOTL.ZS,1989,
ALB,SL.UEM.TOTL.ZS,1988,
ALB,SL.UEM.TOTL.ZS,1987,
ALB,SL.UEM.TOTL.ZS,1986,
ALB,SL.UEM.TOTL.ZS,1985,
ALB,SL.UEM.TOTL.ZS,1984,
ALB,SL.UEM.TOTL.ZS,1983,
ALB,SL.UEM.TOTL.ZS,1982,
ALB,SL.UEM.TOTL.ZS,1981,
ALB,SL.UEM.TOTL.ZS,1980,
ALB,SL.UEM.TOTL.ZS,1979,
ALB,SL.UEM.TOTL.ZS,1978,
ALB,SL.UEM.TOTL.ZS,1977,
ALB,SL.UEM.TOTL.ZS,1976,
ALB,SL.UEM.TOTL.ZS,1975,
ALB,SL.UEM.TOTL.ZS,1974,
ALB,SL.UEM.TOTL.ZS,1973,
ALB,SL.UEM.TOTL.ZS,1972,
ALB,SL.UEM.TOTL.ZS,1971,
ALB,SL.UEM.TOTL.ZS,1970,
ALB,SL.UEM.TOTL.ZS,1969,
ALB,SL.UEM.TOTL.ZS,1968,
ALB,SL.UEM.TOTL.ZS,1967,
ALB,SL.UEM.TOTL.ZS,1966,
ALB,SL.UEM.TOTL.ZS,1965,
ALB,SL.UEM.TOTL.ZS,1964,
ALB,SL.UEM.TOTL.ZS,1963,
ALB,SL.UEM.TOTL.ZS,1962,
ALB,SL.UEM.TOTL.ZS,1961,
ALB,SL.UEM.TOTL.ZS,1960,
DZA,SL.UEM.TOTL.ZS,2024,11.427
DZA,SL.UEM.TOTL.ZS,2023,11.701
DZA,SL.UEM.TOTL.ZS,2022,12.346
DZA,SL.UEM.TOTL.ZS,2021,13.63
DZA,SL.UEM.TOTL.ZS,2020,14.057
DZA,SL.UEM.TOTL.ZS,2019,12.259
DZA,SL.UEM.TOTL.ZS,2018,12.137
DZA,SL.UEM.TOTL.ZS,2017,12.0
DZA,SL.UEM.TOTL.ZS,2016,10.202
DZA,SL.UEM.TOTL.ZS,2015,11.206
DZA,SL.UEM.TOTL.ZS,2014,10.207
DZA,SL.UEM.TOTL.ZS,2013,9.82
DZA,SL.UEM.TOTL.ZS,2012,10.97
DZA,SL.UEM.TOTL.ZS,2011,9.96
DZA,SL.UEM.TOTL.ZS,2010,9.96
DZA,SL.UEM.TOTL.ZS,2009,10.16
DZA,SL.UEM.TOTL.ZS,2008,11.33
DZA,SL.UEM.TOTL.ZS,2007,13.79
DZA,SL.UEM.TOTL.ZS,2006,12.27
DZA,SL.UEM.TOTL.ZS,2005,15.27
DZA,SL.UEM.TOTL.ZS,2004,17.65
DZA,SL.UEM.TOTL.ZS,2003,23.72
DZA,SL.UEM.TOTL.ZS,2002,25.9
DZA,SL.UEM.TOTL.ZS,2001,27.3
DZA,SL.UEM.TOTL.ZS,2000,29.77
DZA,SL.UEM.TOTL.ZS,1999,28.548
DZA,SL.UEM.TOTL.ZS,1998,26.853
DZA,SL.UEM.TOTL.ZS,1997,25.43
DZA,SL.UEM.TOTL.ZS,1996,28.308
DZA,SL.UEM.TOTL.ZS,1995,31.84
DZA,SL.UEM.TOTL.ZS,1994,27.74
DZA,SL.UEM.TOTL.ZS,1993,26.23
DZA,SL.UEM.TOTL.ZS,1992,24.38
DZA,SL.UEM.TOTL.ZS,1991,20.6
DZA,SL.UEM.TOTL.ZS,1990,
DZA,SL.UEM.TOTL.ZS,1989,
DZA,SL.UEM.TOTL.ZS,1988,
DZA,SL.UEM.TOTL.ZS,1987,
DZA,SL.UEM.TOTL.ZS,1986,
DZA,SL.UEM.TOTL.ZS,1985,
DZA,SL.UEM.TOTL.ZS,1984,
DZA,SL.UEM.TOTL.ZS,1983,
DZA,SL.UEM.TOTL.ZS,1982,
DZA,SL.UEM.TOTL.ZS,1981,
DZA,SL.UEM.TOTL.ZS,1980,
DZA,SL.UEM.TOTL.ZS,1979,
DZA,SL.UEM.TOTL.ZS,1978,
DZA,SL.UEM.TOTL.ZS,1977,
DZA,SL.UEM.TOTL.ZS,1976,
DZA,SL.UEM.TOTL.ZS,1975,
DZA,SL.UEM.TOTL.ZS,1974,
DZA,SL.UEM.TOTL.ZS,1973,
DZA,SL.UEM.TOTL.ZS,1972,
DZA,SL.UEM.TOTL.ZS,1971,
DZA,SL.UEM.TOTL.ZS,1970,
DZA,SL.UEM.TOTL.ZS,1969,
DZA,SL.UEM.TOTL.ZS,1968,
DZA,SL.UEM.TOTL.ZS,1967,
DZA,SL.UEM.TOTL.ZS,1966,
DZA,SL.UEM.TOTL.ZS,1965,
DZA,SL.UEM.TOTL.ZS,1964,
DZA,SL.UEM.TOTL.ZS,1963,
DZA,SL.UEM.TOTL.ZS,1962,
DZA,SL.UEM.TOTL.ZS,1961,
DZA,SL.UEM.TOTL.ZS,1960,
ASM,SL.UEM.TOTL.ZS,2024,
ASM,SL.UEM.TOTL.ZS,2023,
ASM,SL.UEM.TOTL.ZS,2022,
ASM,SL.UEM.TOTL.ZS,2021,
ASM,SL.UEM.TOTL.ZS,2020,
ASM,SL.UEM.TOTL.ZS,2019,
ASM,SL.UEM.TOTL.ZS,2018,
ASM,SL.UEM.TOTL.ZS,2017,
ASM,SL.UEM.TOTL.ZS,2016,
ASM,SL.UEM.TOTL.ZS,2015,
ASM,SL.UEM.TOTL.ZS,2014,
ASM,SL.UEM.TOTL.ZS,2013,
ASM,SL.UEM.TOTL.ZS,2012,
ASM,SL.UEM.TOTL.ZS,2011,
ASM,SL.UEM.TOTL.ZS,2010,
ASM,SL.UEM.TOTL.ZS,2009,
ASM,SL.UEM.TOTL.ZS,2008,
ASM,SL.UEM.TOTL.ZS,2007,
ASM,SL.UEM.TOTL.ZS,2006,
ASM,SL.UEM.TOTL.ZS,2005,
ASM,SL.UEM.TOTL.ZS,2004,
ASM,SL.UEM.TOTL.ZS,2003,
ASM,SL.UEM.TOTL.ZS,2002,
ASM,SL.UEM.TOTL.ZS,2001,
ASM,SL.UEM.TOTL.ZS,2000,
ASM,SL.UEM.TOTL.ZS,1999,
ASM,SL.UEM.TOTL.ZS,1998,
ASM,SL.UEM.TOTL.ZS,1997,
ASM,SL.UEM.TOTL.ZS,1996,
ASM,SL.UEM.TOTL.ZS,1995,
ASM,SL.UEM.TOTL.ZS,1994,
ASM,SL.UEM.TOTL.ZS,1993,
ASM,SL.UEM.TOTL.ZS,1992,
ASM,SL.UEM.TOTL.ZS,1991,
ASM,SL.UEM.TOTL.ZS,1990,
ASM,SL.UEM.TOTL.ZS,1989,
ASM,SL.UEM.TOTL.ZS,1988,
ASM,SL.UEM.TOTL.ZS,1987,
ASM,SL.UEM.TOTL.ZS,1986,
ASM,SL.UEM.TOTL.ZS,1985,
ASM,SL.UEM.TOTL.ZS,1984,
ASM,SL.UEM.TOTL.ZS,1983,
ASM,SL.UEM.TOTL.ZS,1982,
ASM,SL.UEM.TOTL.ZS,1981,
ASM,SL.UEM.TOTL.ZS,1980,
ASM,SL.UEM.TOTL.ZS,1979,
ASM,SL.UEM.TOTL.ZS,1978,
ASM,SL.UEM.TOTL.ZS,1977,
ASM,SL.UEM.TOTL.ZS,1976,
ASM,SL.UEM.TOTL.ZS,1975,
ASM,SL.UEM.TOTL.ZS,1974,
ASM,SL.UEM.TOTL.ZS,1973,
ASM,SL.UEM.TOTL.ZS,1972,
ASM,SL.UEM.TOTL.ZS,1971,
ASM,SL.UEM.TOTL.ZS,1970,
ASM,SL.UEM.TOTL.ZS,1969,
ASM,SL.UEM.TOTL.ZS,1968,
ASM,SL.UEM.TOTL.ZS,1967,
ASM,SL.UEM.TOTL.ZS,1966,
ASM,SL.UEM.TOTL.ZS,1965,
ASM,SL.UEM.TOTL.ZS,1964,
ASM,SL.UEM.TOTL.ZS,1963,
ASM,SL.UEM.TOTL.ZS,1962,
ASM,SL.UEM.TOTL.ZS,1961,
ASM,SL.UEM.TOTL.ZS,1960,
AND,SL.UEM.TOTL.ZS,2024,
AND,SL.UEM.TOTL.ZS,2023,
AND,SL.UEM.TOTL.ZS,2022,
AND,SL.UEM.TOTL.ZS,2021,
AND,SL.UEM.TOTL.ZS,2020,
AND,SL.UEM.TOTL.ZS,2019,
AND,SL.UEM.TOTL.ZS,2018,
AND,SL.UEM.TOTL.ZS,2017,
AND,SL.UEM.TOTL.ZS,2016,
AND,SL.UEM.TOTL.ZS,2015,
AND,SL.UEM.TOTL.ZS,2014,
AND,SL.UEM.TOTL.ZS,2013,
AND,SL.UEM.TOTL.ZS,2012,
AND,SL.UEM.TOTL.ZS,2011,
AND,SL.UEM.TOTL.ZS,2010,
AND,SL.UEM.TOTL.ZS,2009,
AND,SL.UEM.TOTL.ZS,2008,
AND,SL.UEM.TOTL.ZS,2007,
AND,SL.UEM.TOTL.ZS,2006,
AND,SL.UEM.TOTL.ZS,2005,
AND,SL.UEM.TOTL.ZS,2004,
AND,SL.UEM.TOTL.ZS,2003,
AND,SL.UEM.TOTL.ZS,2002,
AND,SL.UEM.TOTL.ZS,2001,
AND,SL.UEM.TOTL.ZS,2000,
AND,SL.UEM.TOTL.ZS,1999,
AND,SL.UEM.TOTL.ZS,1998,
AND,SL.UEM.TOTL.ZS,1997,
AND,SL.UEM.TOTL.ZS,1996,
AND,SL.UEM.TOTL.ZS,1995,
AND,SL.UEM.TOTL.ZS,1994,
AND,SL.UEM.TOTL.ZS,1993,
AND,SL.UEM.TOTL.ZS,1992,
AND,SL.UEM.TOTL.ZS,1991,
AND,SL.UEM.TOTL.ZS,1990,
AND,SL.UEM.TOTL.ZS,1989,
AND,SL.UEM.TOTL.ZS,1988,
AND,SL.UEM.TOTL.ZS,1987,
AND,SL.UEM.TOTL.ZS,1986,
AND,SL.UEM.TOTL.ZS,1985,
AND,SL.UEM.TOTL.ZS,1984,
AND,SL.UEM.TOTL.ZS,1983,
AND,SL.UEM.TOTL.ZS,1982,
AND,SL.UEM.TOTL.ZS,1981,
AND,SL.UEM.TOTL.ZS,1980,
AND,SL.UEM.TOTL.ZS,1979,
AND,SL.UEM.TOTL.ZS,1978,
AND,SL.UEM.TOTL.ZS,1977,
AND,SL.UEM.TOTL.ZS,1976,
AND,SL.UEM.TOTL.ZS,1975,
AND,SL.UEM.TOTL.ZS,1974,
AND,SL.UEM.TOTL.ZS,1973,
AND,SL.UEM.TOTL.ZS,1972,
AND,SL.UEM.TOTL.ZS,1971,
AND,SL.UEM.TOTL.ZS,1970,
AND,SL.UEM.TOTL.ZS,1969,
AND,SL.UEM.TOTL.ZS,1968,
AND,SL.UEM.TOTL.ZS,1967,
AND,SL.UEM.TOTL.ZS,1966,
AND,SL.UEM.TOTL.ZS,1965,
AND,SL.UEM.TOTL.ZS,1964,
AND,SL.UEM.TOTL.ZS,1963,
AND,SL.UEM.TOTL.ZS,1962,
AND,SL.UEM.TOTL.ZS,1961,
AND,SL.UEM.TOTL.ZS,1960,
AGO,SL.UEM.TOTL.ZS,2024,14.464
AGO,SL.UEM.TOTL.ZS,2023,14.537
AGO,SL.UEM.TOTL.ZS,2022,14.602
AGO,SL.UEM.TOTL.ZS,2021,15.799
AGO,SL.UEM.TOTL.ZS,2020,16.69
AGO,SL.UEM.TOTL.ZS,2019,16.497
AGO,SL.UEM.TOTL.ZS,2018,16.594
AGO,SL.UEM.TOTL.ZS,2017,16.61
AGO,SL.UEM.TOTL.ZS,2016,16.575
AGO,SL.UEM.TOTL.ZS,2015,16.49
AGO,SL.UEM.TOTL.ZS,2014,16.406
AGO,SL.UEM.TOTL.ZS,2013,16.492
AGO,SL.UEM.TOTL.ZS,2012,16.562
AGO,SL.UEM.TOTL.ZS,2011,16.77
AGO,SL.UEM.TOTL.ZS,2010,16.618
AGO,SL.UEM.TOTL.ZS,2009,16.431
AGO,SL.UEM.TOTL.ZS,2008,16.228
AGO,SL.UEM.TOTL.ZS,2007,16.153
AGO,SL.UEM.TOTL.ZS,2006,16.206
AGO,SL.UEM.TOTL.ZS,2005,16.36
AGO,SL.UEM.TOTL.ZS,2004,16.378
AGO,SL.UEM.TOTL.ZS,2003,16.498
AGO,SL.UEM.TOTL.ZS,2002,16.488
AGO,SL.UEM.TOTL.ZS,2001,16.7
AGO,SL.UEM.TOTL.ZS,2000,16.682
AGO,SL.UEM.TOTL.ZS,1999,16.593
AGO,SL.UEM.TOTL.ZS,1998,16.371
AGO,SL.UEM.TOTL.ZS,1997,16.172
AGO,SL.UEM.TOTL.ZS,1996,16.275
AGO,SL.UEM.TOTL.ZS,1995,16.987
AGO,SL.UEM.TOTL.ZS,1994,17.4
AGO,SL.UEM.TOTL.ZS,1993,17.399
AGO,SL.UEM.TOTL.ZS,1992,16.978
AGO,SL.UEM.TOTL.ZS,1991,16.855
AGO,SL.UEM.TOTL.ZS,1990,
AGO,SL.UEM.TOTL.ZS,1989,
AGO,SL.UEM.TOTL.ZS,1988,
AGO,SL.UEM.TOTL.ZS,1987,
AGO,SL.UEM.TOTL.ZS,1986,
AGO,SL.UEM.TOTL.ZS,1985,
AGO,SL.UEM.TOTL.ZS,1984,
AGO,SL.UEM.TOTL.ZS,1983,
AGO,SL.UEM.TOTL.ZS,1982,
AGO,SL.UEM.TOTL.ZS,1981,
AGO,SL.UEM.TOTL.ZS,1980,
AGO,SL.UEM.TOTL.ZS,1979,
AGO,SL.UEM.TOTL.ZS,1978,
AGO,SL.UEM.TOTL.ZS,1977,
AGO,SL.UEM.TOTL.ZS,1976,
AGO,SL.UEM.TOTL.ZS,1975,
AGO,SL.UEM.TOTL.ZS,1974,
AGO,SL.UEM.TOTL.ZS,1973,
AGO,SL.UEM.TOTL.ZS,1972,
AGO,SL.UEM.TOTL.ZS,1971,
AGO,SL.UEM.TOTL.ZS,1970,
AGO,SL.UEM.TOTL.ZS,1969,
AGO,SL.UEM.TOTL.ZS,1968,
AGO,SL.UEM.TOTL.ZS,1967,
AGO,SL.UEM.TOTL.ZS,1966,
AGO,SL.UEM.TOTL.ZS,1965,
AGO,SL.UEM.TOTL.ZS,1964,
AGO,SL.UEM.TOTL.ZS,1963,
AGO,SL.UEM.TOTL.ZS,1962,
AGO,SL.UEM.TOTL.ZS,1961,
AGO,SL.UEM.TOTL.ZS,1960,
ATG,SL.UEM.TOTL.ZS,2024,
ATG,SL.UEM.TOTL.ZS,2023,
ATG,SL.UEM.TOTL.ZS,2022,
ATG,SL.UEM.TOTL.ZS,2021,
ATG,SL.UEM.TOTL.ZS,2020,
ATG,SL.UEM.TOTL.ZS,2019,
ATG,SL.UEM.TOTL.ZS,2018,
ATG,SL.UEM.TOTL.ZS,2017,
ATG,SL.UEM.TOTL.ZS,2016,
ATG,SL.UEM.TOTL.ZS,2015,
ATG,SL.UEM.TOTL.ZS,2014,
ATG,SL.UEM.TOTL.ZS,2013,
ATG,SL.UEM.TOTL.ZS,2012,
ATG,SL.UEM.TOTL.ZS,2011,
ATG,SL.UEM.TOTL.ZS,2010,
ATG,SL.UEM.TOTL.ZS,2009,
ATG,SL.UEM.TOTL.ZS,2008,
ATG,SL.UEM.TOTL.ZS,2007,
ATG,SL.UEM.TOTL.ZS,2006,
ATG,SL.UEM.TOTL.ZS,2005,
ATG,SL.UEM.TOTL.ZS,2004,
ATG,SL.UEM.TOTL.ZS,2003,
ATG,SL.UEM.TOTL.ZS,2002,
ATG,SL.UEM.TOTL.ZS,2001,
ATG,SL.UEM.TOTL.ZS,2000,
ATG,SL.UEM.TOTL.ZS,1999,
ATG,SL.UEM.TOTL.ZS,1998,
ATG,SL.UEM.TOTL.ZS,1997,
ATG,SL.UEM.TOTL.ZS,1996,
ATG,SL.UEM.TOTL.ZS,1995,
ATG,SL.UEM.TOTL.ZS,1994,
ATG,SL.UEM.TOTL.ZS,1993,
ATG,SL.UEM.TOTL.ZS,1992,
ATG,SL.UEM.TOTL.ZS,1991,
ATG,SL.UEM.TOTL.ZS,1990,
ATG,SL.UEM.TOTL.ZS,1989,
ATG,SL.UEM.TOTL.ZS,1988,
ATG,SL.UEM.TOTL.ZS,1987,
ATG,SL.UEM.TOTL.ZS,1986,
ATG,SL.UEM.TOTL.ZS,1985,
ATG,SL.UEM.TOTL.ZS,1984,
ATG,SL.UEM.TOTL.ZS,1983,
ATG,SL.UEM.TOTL.ZS,1982,
ATG,SL.UEM.TOTL.ZS,1981,
ATG,SL.UEM.TOTL.ZS,1980,
ATG,SL.UEM.TOTL.ZS,1979,
ATG,SL.UEM.TOTL.ZS,1978,
ATG,SL.UEM.TOTL.ZS,1977,
ATG,SL.UEM.TOTL.ZS,1976,
ATG,SL.UEM.TOTL.ZS,1975,
ATG,SL.UEM.TOTL.ZS,1974,
ATG,SL.UEM.TOTL.ZS,1973,
ATG,SL.UEM.TOTL.ZS,1972,
ATG,SL.UEM.TOTL.ZS,1971,
ATG,SL.UEM.TOTL.ZS,1970,
ATG,SL.UEM.TOTL.ZS,1969,
ATG,SL.UEM.TOTL.ZS,1968,
ATG,SL.UEM.TOTL.ZS,1967,
ATG,SL.UEM.TOTL.ZS,1966,
ATG,SL.UEM.TOTL.ZS,1965,
ATG,SL.UEM.TOTL.ZS,1964,
ATG,SL.UEM.TOTL.ZS,1963,
ATG,SL.UEM.TOTL.ZS,1962,
ATG,SL.UEM.TOTL.ZS,1961,
ATG,SL.UEM.TOTL.ZS,1960,
ARG,SL.UEM.TOTL.ZS,2024,7.876
ARG,SL.UEM.TOTL.ZS,2023,6.139
ARG,SL.UEM.TOTL.ZS,2022,6.805
ARG,SL.UEM.TOTL.ZS,2021,8.736
ARG,SL.UEM.TOTL.ZS,2020,11.461
ARG,SL.UEM.TOTL.ZS,2019,9.843
ARG,SL.UEM.TOTL.ZS,2018,9.22
ARG,SL.UEM.TOTL.ZS,2017,8.347
ARG,SL.UEM.TOTL.ZS,2016,8.085
ARG,SL.UEM.TOTL.ZS,2015,7.579
ARG,SL.UEM.TOTL.ZS,2014,7.268
ARG,SL.UEM.TOTL.ZS,2013,7.1
ARG,SL.UEM.TOTL.ZS,2012,7.217
ARG,SL.UEM.TOTL.ZS,2011,7.18
ARG,SL.UEM.TOTL.ZS,2010,7.714
ARG,SL.UEM.TOTL.ZS,2009,8.645
ARG,SL.UEM.TOTL.ZS,2008,7.837
ARG,SL.UEM.TOTL.ZS,2007,8.47
ARG,SL.UEM.TOTL.ZS,2006,10.078
ARG,SL.UEM.TOTL.ZS,2005,11.506
ARG,SL.UEM.TOTL.ZS,2004,13.522
ARG,SL.UEM.TOTL.ZS,2003,15.36
ARG,SL.UEM.TOTL.ZS,2002,19.59
ARG,SL.UEM.TOTL.ZS,2001,17.32
ARG,SL.UEM.TOTL.ZS,2000,15.0
ARG,SL.UEM.TOTL.ZS,1999,14.05
ARG,SL.UEM.TOTL.ZS,1998,12.65
ARG,SL.UEM.TOTL.ZS,1997,14.82
ARG,SL.UEM.TOTL.ZS,1996,17.11
ARG,SL.UEM.TOTL.ZS,1995,18.8
ARG,SL.UEM.TOTL.ZS,1994,11.76
ARG,SL.UEM.TOTL.ZS,1993,10.1
ARG,SL.UEM.TOTL.ZS,1992,6.36
ARG,SL.UEM.TOTL.ZS,1991,5.44
ARG,SL.UEM.TOTL.ZS,1990,
ARG,SL.UEM.TOTL.ZS,1989,
ARG,SL.UEM.TOTL.ZS,1988,
ARG,SL.UEM.TOTL.ZS,1987,
ARG,SL.UEM.TOTL.ZS,1986,
ARG,SL.UEM.TOTL.ZS,1985,
ARG,SL.UEM.TOTL.ZS,1984,
ARG,SL.UEM.TOTL.ZS,1983,
ARG,SL.UEM.TOTL.ZS,1982,
ARG,SL.UEM.TOTL.ZS,1981,
ARG,SL.UEM.TOTL.ZS,1980,
ARG,SL.UEM.TOTL.ZS,1979,
ARG,SL.UEM.TOTL.ZS,1978,
ARG,SL.UEM.TOTL.ZS,1977,
ARG,SL.UEM.TOTL.ZS,1976,
ARG,SL.UEM.TOTL.ZS,1975,
ARG,SL.UEM.TOTL.ZS,1974,
ARG,SL.UEM.TOTL.ZS,1973,
ARG,SL.UEM.TOTL.ZS,1972,
ARG,SL.UEM.TOTL.ZS,1971,
ARG,SL.UEM.TOTL.ZS,1970,
ARG,SL.UEM.TOTL.ZS,1969,
ARG,SL.UEM.TOTL.ZS,1968,
ARG,SL.UEM.TOTL.ZS,1967,
ARG,SL.UEM.TOTL.ZS,1966,
ARG,SL.UEM.TOTL.ZS,1965,
ARG,SL.UEM.TOTL.ZS,1964,
ARG,SL.UEM.TOTL.ZS,1963,
ARG,SL.UEM.TOTL.ZS,1962,
ARG,SL.UEM.TOTL.ZS,1961,
ARG,SL.UEM.TOTL.ZS,1960,
ARM,SL.UEM.TOTL.ZS,2024,13.329
ARM,SL.UEM.TOTL.ZS,2023,13.245
ARM,SL.UEM.TOTL.ZS,2022,13.379
ARM,SL.UEM.TOTL.ZS,2021,15.469
ARM,SL.UEM.TOTL.ZS,2020,18.175
ARM,SL.UEM.TOTL.ZS,2019,18.304
ARM,SL.UEM.TOTL.ZS,2018,18.966
ARM,SL.UEM.TOTL.ZS,2017,17.704
ARM,SL.UEM.TOTL.ZS,2016,17.617
ARM,SL.UEM.TOTL.ZS,2015,18.261
ARM,SL.UEM.TOTL.ZS,2014,17.498
ARM,SL.UEM.TOTL.ZS,2013,16.576
ARM,SL.UEM.TOTL.ZS,2012,17.511
ARM,SL.UEM.TOTL.ZS,2011,18.884
ARM,SL.UEM.TOTL.ZS,2010,19.523
ARM,SL.UEM.TOTL.ZS,2009,19.295
ARM,SL.UEM.TOTL.ZS,2008,17.1
ARM,SL.UEM.TOTL.ZS,2007,10.394
ARM,SL.UEM.TOTL.ZS,2006,10.465
ARM,SL.UEM.TOTL.ZS,2005,10.54
ARM,SL.UEM.TOTL.ZS,2004,10.617
ARM,SL.UEM.TOTL.ZS,2003,10.705
ARM,SL.UEM.TOTL.ZS,2002,10.833
ARM,SL.UEM.TOTL.ZS,2001,10.992
ARM,SL.UEM.TOTL.ZS,2000,11.095
ARM,SL.UEM.TOTL.ZS,1999,11.2
ARM,SL.UEM.TOTL.ZS,1998,9.4
ARM,SL.UEM.TOTL.ZS,1997,10.8
ARM,SL.UEM.TOTL.ZS,1996,9.3
ARM,SL.UEM.TOTL.ZS,1995,6.7
ARM,SL.UEM.TOTL.ZS,1994,6.6
ARM,SL.UEM.TOTL.ZS,1993,5.3
ARM,SL.UEM.TOTL.ZS,1992,1.8
ARM,SL.UEM.TOTL.ZS,1991,1.783
ARM,SL.UEM.TOTL.ZS,1990,
ARM,SL.UEM.TOTL.ZS,1989,
ARM,SL.UEM.TOTL.ZS,1988,
ARM,SL.UEM.TOTL.ZS,1987,
ARM,SL.UEM.TOTL.ZS,1986,
ARM,SL.UEM.TOTL.ZS,1985,
ARM,SL.UEM.TOTL.ZS,1984,
ARM,SL.UEM.TOTL.ZS,1983,
ARM,SL.UEM.TOTL.ZS,1982,
ARM,SL.UEM.TOTL.ZS,1981,
ARM,SL.UEM.TOTL.ZS,1980,
ARM,SL.UEM.TOTL.ZS,1979,
ARM,SL.UEM.TOTL.ZS,1978,
ARM,SL.UEM.TOTL.ZS,1977,
ARM,SL.UEM.TOTL.ZS,1976,
ARM,SL.UEM.TOTL.ZS,1975,
ARM,SL.UEM.TOTL.ZS,1974,
ARM,SL.UEM.TOTL.ZS,1973,
ARM,SL.UEM.TOTL.ZS,1972,
ARM,SL.UEM.TOTL.ZS,1971,
ARM,SL.UEM.TOTL.ZS,1970,
ARM,SL.UEM.TOTL.ZS,1969,
ARM,SL.UEM.TOTL.ZS,1968,
ARM,SL.UEM.TOTL.ZS,1967,
ARM,SL.UEM.TOTL.ZS,1966,
ARM,SL.UEM.TOTL.ZS,1965,
ARM,SL.UEM.TOTL.ZS,1964,
ARM,SL.UEM.TOTL.ZS,1963,
ARM,SL.UEM.TOTL.ZS,1962,
ARM,SL.UEM.TOTL.ZS,1961,
ARM,SL.UEM.TOTL.ZS,1960,
ABW,SL.UEM.TOTL.ZS,2024,
ABW,SL.UEM.TOTL.ZS,2023,
ABW,SL.UEM.TOTL.ZS,2022,
ABW,SL.UEM.TOTL.ZS,2021,
ABW,SL.UEM.TOTL.ZS,2020,
ABW,SL.UEM.TOTL.ZS,2019,
ABW,SL.UEM.TOTL.ZS,2018,
ABW,SL.UEM.TOTL.ZS,2017,
ABW,SL.UEM.TOTL.ZS,2016,
ABW,SL.UEM.TOTL.ZS,2015,
ABW,SL.UEM.TOTL.ZS,2014,
ABW,SL.UEM.TOTL.ZS,2013,
ABW,SL.UEM.TOTL.ZS,2012,
ABW,SL.UEM.TOTL.ZS,2011,
ABW,SL.UEM.TOTL.ZS,2010,
ABW,SL.UEM.TOTL.ZS,2009,
ABW,SL.UEM.TOTL.ZS,2008,
ABW,SL.UEM.TOTL.ZS,2007,
ABW,SL.UEM.TOTL.ZS,2006,
ABW,SL.UEM.TOTL.ZS,2005,
ABW,SL.UEM.TOTL.ZS,2004,
ABW,SL.UEM.TOTL.ZS,2003,
ABW,SL.UEM.TOTL.ZS,2002,
ABW,SL.UEM.TOTL.ZS,2001,
ABW,SL.UEM.TOTL.ZS,2000,
ABW,SL.UEM.TOTL.ZS,1999,
ABW,SL.UEM.TOTL.ZS,1998,
ABW,SL.UEM.TOTL.ZS,1997,
ABW,SL.UEM.TOTL.ZS,1996,
ABW,SL.UEM.TOTL.ZS,1995,
ABW,SL.UEM.TOTL.ZS,1994,
ABW,SL.UEM.TOTL.ZS,1993,
ABW,SL.UEM.TOTL.ZS,1992,
ABW,SL.UEM.TOTL.ZS,1991,
ABW,SL.UEM.TOTL.ZS,1990,
ABW,SL.UEM.TOTL.ZS,1989,
ABW,SL.UEM.TOTL.ZS,1988,
ABW,SL.UEM.TOTL.ZS,1987,
ABW,SL.UEM.TOTL.ZS,1986,
ABW,SL.UEM.TOTL.ZS,1985,
ABW,SL.UEM.TOTL.ZS,1984,
ABW,SL.UEM.TOTL.ZS,1983,
ABW,SL.UEM.TOTL.ZS,1982,
ABW,SL.UEM.TOTL.ZS,1981,
ABW,SL.UEM.TOTL.ZS,1980,
ABW,SL.UEM.TOTL.ZS,1979,
ABW,SL.UEM.TOTL.ZS,1978,
ABW,SL.UEM.TOTL.ZS,1977,
ABW,SL.UEM.TOTL.ZS,1976,
ABW,SL.UEM.TOTL.ZS,1975,
ABW,SL.UEM.TOTL.ZS,1974,
ABW,SL.UEM.TOTL.ZS,1973,
ABW,SL.UEM.TOTL.ZS,1972,
ABW,SL.UEM.TOTL.ZS,1971,
ABW,SL.UEM.TOTL.ZS,1970,
ABW,SL.UEM.TOTL.ZS,1969,
ABW,SL.UEM.TOTL.ZS,1968,
ABW,SL.UEM.TOTL.ZS,1967,
ABW,SL.UEM.TOTL.ZS,1966,
ABW,SL.UEM.TOTL.ZS,1965,
ABW,SL.UEM.TOTL.ZS,1964,
ABW,SL.UEM.TOTL.ZS,1963,
ABW,SL.UEM.TOTL.ZS,1962,
ABW,SL.UEM.TOTL.ZS,1961,
ABW,SL.UEM.TOTL.ZS,1960,
AUS,SL.UEM.TOTL.ZS,2024,4.072
AUS,SL.UEM.TOTL.ZS,2023,3.668
AUS,SL.UEM.TOTL.ZS,2022,3.728
AUS,SL.UEM.TOTL.ZS,2021,5.116
AUS,SL.UEM.TOTL.ZS,2020,6.456
AUS,SL.UEM.TOTL.ZS,2019,5.159
AUS,SL.UEM.TOTL.ZS,2018,5.3
AUS,SL.UEM.TOTL.ZS,2017,5.592
AUS,SL.UEM.TOTL.ZS,2016,5.711
AUS,SL.UEM.TOTL.ZS,2015,6.055
AUS,SL.UEM.TOTL.ZS,2014,6.078
AUS,SL.UEM.TOTL.ZS,2013,5.663
AUS,SL.UEM.TOTL.ZS,2012,5.225
AUS,SL.UEM.TOTL.ZS,2011,5.083
AUS,SL.UEM.TOTL.ZS,2010,5.214
AUS,SL.UEM.TOTL.ZS,2009,5.565
AUS,SL.UEM.TOTL.ZS,2008,4.242
AUS,SL.UEM.TOTL.ZS,2007,4.381
AUS,SL.UEM.TOTL.ZS,2006,4.785
AUS,SL.UEM.TOTL.ZS,2005,5.036
AUS,SL.UEM.TOTL.ZS,2004,5.399
AUS,SL.UEM.TOTL.ZS,2003,5.933
AUS,SL.UEM.TOTL.ZS,2002,6.375
AUS,SL.UEM.TOTL.ZS,2001,6.747
AUS,SL.UEM.TOTL.ZS,2000,6.288
AUS,SL.UEM.TOTL.ZS,1999,6.876
AUS,SL.UEM.TOTL.ZS,1998,7.684
AUS,SL.UEM.TOTL.ZS,1997,8.367
AUS,SL.UEM.TOTL.ZS,1996,8.509
AUS,SL.UEM.TOTL.ZS,1995,8.473
AUS,SL.UEM.TOTL.ZS,1994,9.724
AUS,SL.UEM.TOTL.ZS,1993,10.879
AUS,SL.UEM.TOTL.ZS,1992,10.733
AUS,SL.UEM.TOTL.ZS,1991,9.586
AUS,SL.UEM.TOTL.ZS,1990,
AUS,SL.UEM.TOTL.ZS,1989,
AUS,SL.UEM.TOTL.ZS,1988,
AUS,SL.UEM.TOTL.ZS,1987,
AUS,SL.UEM.TOTL.ZS,1986,
AUS,SL.UEM.TOTL.ZS,1985,
AUS,SL.UEM.TOTL.ZS,1984,
AUS,SL.UEM.TOTL.ZS,1983,
AUS,SL.UEM.TOTL.ZS,1982,
AUS,SL.UEM.TOTL.ZS,1981,
AUS,SL.UEM.TOTL.ZS,1980,
AUS,SL.UEM.TOTL.ZS,1979,
AUS,SL.UEM.TOTL.ZS,1978,
AUS,SL.UEM.TOTL.ZS,1977,
AUS,SL.UEM.TOTL.ZS,1976,
AUS,SL.UEM.TOTL.ZS,1975,
AUS,SL.UEM.TOTL.ZS,1974,
AUS,SL.UEM.TOTL.ZS,1973,
AUS,SL.UEM.TOTL.ZS,1972,
AUS,SL.UEM.TOTL.ZS,1971,
AUS,SL.UEM.TOTL.ZS,1970,
AUS,SL.UEM.TOTL.ZS,1969,
AUS,SL.UEM.TOTL.ZS,1968,
AUS,SL.UEM.TOTL.ZS,1967,
AUS,SL.UEM.TOTL.ZS,1966,
AUS,SL.UEM.TOTL.ZS,1965,
AUS,SL.UEM.TOTL.ZS,1964,
AUS,SL.UEM.TOTL.ZS,1963,
AUS,SL.UEM.TOTL.ZS,1962,
AUS,SL.UEM.TOTL.ZS,1961,
AUS,SL.UEM.TOTL.ZS,1960,
AUT,SL.UEM.TOTL.ZS,2024,5.439
AUT,SL.UEM.TOTL.ZS,2023,5.264
AUT,SL.UEM.TOTL.ZS,2022,4.992
AUT,SL.UEM.TOTL.ZS,2021,6.459
AUT,SL.UEM.TOTL.ZS,2020,5.201
AUT,SL.UEM.TOTL.ZS,2019,4.56
AUT,SL.UEM.TOTL.ZS,2018,4.933
AUT,SL.UEM.TOTL.ZS,2017,5.561
AUT,SL.UEM.TOTL.ZS,2016,6.064
AUT,SL.UEM.TOTL.ZS,2015,5.802
AUT,SL.UEM.TOTL.ZS,2014,5.674
AUT,SL.UEM.TOTL.ZS,2013,5.367
AUT,SL.UEM.TOTL.ZS,2012,4.909
AUT,SL.UEM.TOTL.ZS,2011,4.637
AUT,SL.UEM.TOTL.ZS,2010,4.883
AUT,SL.UEM.TOTL.ZS,2009,5.371
AUT,SL.UEM.TOTL.ZS,2008,4.198
AUT,SL.UEM.TOTL.ZS,2007,4.909
AUT,SL.UEM.TOTL.ZS,2006,5.32
AUT,SL.UEM.TOTL.ZS,2005,5.682
AUT,SL.UEM.TOTL.ZS,2004,5.969
AUT,SL.UEM.TOTL.ZS,2003,4.779
AUT,SL.UEM.TOTL.ZS,2002,4.852
AUT,SL.UEM.TOTL.ZS,2001,4.007
AUT,SL.UEM.TOTL.ZS,2000,4.687
AUT,SL.UEM.TOTL.ZS,1999,4.699
AUT,SL.UEM.TOTL.ZS,1998,5.483
AUT,SL.UEM.TOTL.ZS,1997,5.15
AUT,SL.UEM.TOTL.ZS,1996,5.282
AUT,SL.UEM.TOTL.ZS,1995,4.345
AUT,SL.UEM.TOTL.ZS,1994,3.535
AUT,SL.UEM.TOTL.ZS,1993,4.25
AUT,SL.UEM.TOTL.ZS,1992,3.59
AUT,SL.UEM.TOTL.ZS,1991,3.42
AUT,SL.UEM.TOTL.ZS,1990,
AUT,SL.UEM.TOTL.ZS,1989,
AUT,SL.UEM.TOTL.ZS,1988,
AUT,SL.UEM.TOTL.ZS,1987,
AUT,SL.UEM.TOTL.ZS,1986,
AUT,SL.UEM.TOTL.ZS,1985,
AUT,SL.UEM.TOTL.ZS,1984,
AUT,SL.UEM.TOTL.ZS,1983,
AUT,SL.UEM.TOTL.ZS,1982,
AUT,SL.UEM.TOTL.ZS,1981,
AUT,SL.UEM.TOTL.ZS,1980,
AUT,SL.UEM.TOTL.ZS,1979,
AUT,SL.UEM.TOTL.ZS,1978,
AUT,SL.UEM.TOTL.ZS,1977,
AUT,SL.UEM.TOTL.ZS,1976,
AUT,SL.UEM.TOTL.ZS,1975,
AUT,SL.UEM.TOTL.ZS,1974,
AUT,SL.UEM.TOTL.ZS,1973,
AUT,SL.UEM.TOTL.ZS,1972,
AUT,SL.UEM.TOTL.ZS,1971,
AUT,SL.UEM.TOTL.ZS,1970,
AUT,SL.UEM.TOTL.ZS,1969,
AUT,SL.UEM.TOTL.ZS,1968,
AUT,SL.UEM.TOTL.ZS,1967,
AUT,SL.UEM.TOTL.ZS,1966,
AUT,SL.UEM.TOTL.ZS,1965,
AUT,SL.UEM.TOTL.ZS,1964,
AUT,SL.UEM.TOTL.ZS,1963,
AUT,SL.UEM.TOTL.ZS,1962,
AUT,SL.UEM.TOTL.ZS,1961,
AUT,SL.UEM.TOTL.ZS,1960,
AZE,SL.UEM.TOTL.ZS,2024,5.594
AZE,SL.UEM.TOTL.ZS,2023,5.636
AZE,SL.UEM.TOTL.ZS,2022,5.65
AZE,SL.UEM.TOTL.ZS,2021,6.04
AZE,SL.UEM.TOTL.ZS,2020,7.24
AZE,SL.UEM.TOTL.ZS,2019,5.0
AZE,SL.UEM.TOTL.ZS,2018,4.9
AZE,SL.UEM.TOTL.ZS,2017,5.0
AZE,SL.UEM.TOTL.ZS,2016,5.0
AZE,SL.UEM.TOTL.ZS,2015,4.96
AZE,SL.UEM.TOTL.ZS,2014,4.91
AZE,SL.UEM.TOTL.ZS,2013,4.97
AZE,SL.UEM.TOTL.ZS,2012,5.19
AZE,SL.UEM.TOTL.ZS,2011,5.42
AZE,SL.UEM.TOTL.ZS,2010,5.63
AZE,SL.UEM.TOTL.ZS,2009,5.74
AZE,SL.UEM.TOTL.ZS,2008,5.86
AZE,SL.UEM.TOTL.ZS,2007,6.33
AZE,SL.UEM.TOTL.ZS,2006,6.62
AZE,SL.UEM.TOTL.ZS,2005,7.26
AZE,SL.UEM.TOTL.ZS,2004,7.99
AZE,SL.UEM.TOTL.ZS,2003,9.17
AZE,SL.UEM.TOTL.ZS,2002,10.04
AZE,SL.UEM.TOTL.ZS,2001,10.91
AZE,SL.UEM.TOTL.ZS,2000,11.78
AZE,SL.UEM.TOTL.ZS,1999,10.9
AZE,SL.UEM.TOTL.ZS,1998,10.0
AZE,SL.UEM.TOTL.ZS,1997,9.1
AZE,SL.UEM.TOTL.ZS,1996,8.1
AZE,SL.UEM.TOTL.ZS,1995,7.2
AZE,SL.UEM.TOTL.ZS,1994,6.3
AZE,SL.UEM.TOTL.ZS,1993,4.5
AZE,SL.UEM.TOTL.ZS,1992,1.8
AZE,SL.UEM.TOTL.ZS,1991,0.9
AZE,SL.UEM.TOTL.ZS,1990,
AZE,SL.UEM.TOTL.ZS,1989,
AZE,SL.UEM.TOTL.ZS,1988,
AZE,SL.UEM.TOTL.ZS,1987,
AZE,SL.UEM.TOTL.ZS,1986,
AZE,SL.UEM.TOTL.ZS,1985,
AZE,SL.UEM.TOTL.ZS,1984,
AZE,SL.UEM.TOTL.ZS,1983,
AZE,SL.UEM.TOTL.ZS,1982,
AZE,SL.UEM.TOTL.ZS,1981,
AZE,SL.UEM.TOTL.ZS,1980,
AZE,SL.UEM.TOTL.ZS,1979,
AZE,SL.UEM.TOTL.ZS,1978,
AZE,SL.UEM.TOTL.ZS,1977,
AZE,SL.UEM.TOTL.ZS,1976,
AZE,SL.UEM.TOTL.ZS,1975,
AZE,SL.UEM.TOTL.ZS,1974,
AZE,SL.UEM.TOTL.ZS,1973,
AZE,SL.UEM.TOTL.ZS,1972,
AZE,SL.UEM.TOTL.ZS,1971,
AZE,SL.UEM.TOTL.ZS,1970,
AZE,SL.UEM.TOTL.ZS,1969,
AZE,SL.UEM.TOTL.ZS,1968,
AZE,SL.UEM.TOTL.ZS,1967,
AZE,SL.UEM.TOTL.ZS,1966,
AZE,SL.UEM.TOTL.ZS,1965,
AZE,SL.UEM.TOTL.ZS,1964,
AZE,SL.UEM.TOTL.ZS,1963,
AZE,SL.UEM.TOTL.ZS,1962,
AZE,SL.UEM.TOTL.ZS,1961,
AZE,SL.UEM.TOTL.ZS,1960,
BHS,SL.UEM.TOTL.ZS,2024,8.463
BHS,SL.UEM.TOTL.ZS,2023,8.643
BHS,SL.UEM.TOTL.ZS,2022,9.272
BHS,SL.UEM.TOTL.ZS,2021,11.032
BHS,SL.UEM.TOTL.ZS,2020,12.027
BHS,SL.UEM.TOTL.ZS,2019,9.336
BHS,SL.UEM.TOTL.ZS,2018,10.0
BHS,SL.UEM.TOTL.ZS,2017,9.8
BHS,SL.UEM.TOTL.ZS,2016,12.7
BHS,SL.UEM.TOTL.ZS,2015,12.0
BHS,SL.UEM.TOTL.ZS,2014,13.8
BHS,SL.UEM.TOTL.ZS,2013,16.18
BHS,SL.UEM.TOTL.ZS,2012,14.02
BHS,SL.UEM.TOTL.ZS,2011,14.52
BHS,SL.UEM.TOTL.ZS,2010,14.432
BHS,SL.UEM.TOTL.ZS,2009,14.25
BHS,SL.UEM.TOTL.ZS,2008,8.18
BHS,SL.UEM.TOTL.ZS,2007,7.88
BHS,SL.UEM.TOTL.ZS,2006,7.54
BHS,SL.UEM.TOTL.ZS,2005,10.2
BHS,SL.UEM.TOTL.ZS,2004,10.2
BHS,SL.UEM.TOTL.ZS,2003,10.84
BHS,SL.UEM.TOTL.ZS,2002,9.05
BHS,SL.UEM.TOTL.ZS,2001,6.87
BHS,SL.UEM.TOTL.ZS,2000,7.12
BHS,SL.UEM.TOTL.ZS,1999,7.45
BHS,SL.UEM.TOTL.ZS,1998,7.65
BHS,SL.UEM.TOTL.ZS,1997,9.76
BHS,SL.UEM.TOTL.ZS,1996,11.46
BHS,SL.UEM.TOTL.ZS,1995,10.83
BHS,SL.UEM.TOTL.ZS,1994,13.83
BHS,SL.UEM.TOTL.ZS,1993,12.72
BHS,SL.UEM.TOTL.ZS,1992,14.81
BHS,SL.UEM.TOTL.ZS,1991,12.17
BHS,SL.UEM.TOTL.ZS,1990,
BHS,SL.UEM.TOTL.ZS,1989,
BHS,SL.UEM.TOTL.ZS,1988,
BHS,SL.UEM.TOTL.ZS,1987,
BHS,SL.UEM.TOTL.ZS,1986,
BHS,SL.UEM.TOTL.ZS,1985,
BHS,SL.UEM.TOTL.ZS,1984,
BHS,SL.UEM.TOTL.ZS,1983,
BHS,SL.UEM.TOTL.ZS,1982,
BHS,SL.UEM.TOTL.ZS,1981,
BHS,SL.UEM.TOTL.ZS,1980,
BHS,SL.UEM.TOTL.ZS,1979,
BHS,SL.UEM.TOTL.ZS,1978,
BHS,SL.UEM.TOTL.ZS,1977,
BHS,SL.UEM.TOTL.ZS,1976,
BHS,SL.UEM.TOTL.ZS,1975,
BHS,SL.UEM.TOTL.ZS,1974,
BHS,SL.UEM.TOTL.ZS,1973,
BHS,SL.UEM.TOTL.ZS,1972,
BHS,SL.UEM.TOTL.ZS,1971,
BHS,SL.UEM.TOTL.ZS,1970,
BHS,SL.UEM.TOTL.ZS,1969,
BHS,SL.UEM.TOTL.ZS,1968,
BHS,SL.UEM.TOTL.ZS,1967,
BHS,SL.UEM.TOTL.ZS,1966,
BHS,SL.UEM.TOTL.ZS,1965,
BHS,SL.UEM.TOTL.ZS,1964,
BHS,SL.UEM.TOTL.ZS,1963,
BHS,SL.UEM.TOTL.ZS,1962,
BHS,SL.UEM.TOTL.ZS,1961,
BHS,SL.UEM.TOTL.ZS,1960,
BHR,SL.UEM.TOTL.ZS,2024,1.102
BHR,SL.UEM.TOTL.ZS,2023,1.154
BHR,SL.UEM.TOTL.ZS,2022,1.326
BHR,SL.UEM.TOTL.ZS,2021,1.541
BHR,SL.UEM.TOTL.ZS,2020,1.781
BHR,SL.UEM.TOTL.ZS,2019,1.223
BHR,SL.UEM.TOTL.ZS,2018,1.2
BHR,SL.UEM.TOTL.ZS,2017,1.194
BHR,SL.UEM.TOTL.ZS,2016,1.192
BHR,SL.UEM.TOTL.ZS,2015,1.16
BHR,SL.UEM.TOTL.ZS,2014,1.141
BHR,SL.UEM.TOTL.ZS,2013,1.182
BHR,SL.UEM.TOTL.ZS,2012,1.2
BHR,SL.UEM.TOTL.ZS,2011,1.21
BHR,SL.UEM.TOTL.ZS,2010,1.13
BHR,SL.UEM.TOTL.ZS,2009,1.07
BHR,SL.UEM.TOTL.ZS,2008,1.014
BHR,SL.UEM.TOTL.ZS,2007,1.006
BHR,SL.UEM.TOTL.ZS,2006,1.021
BHR,SL.UEM.TOTL.ZS,2005,1.021
BHR,SL.UEM.TOTL.ZS,2004,1.065
BHR,SL.UEM.TOTL.ZS,2003,1.128
BHR,SL.UEM.TOTL.ZS,2002,1.139
BHR,SL.UEM.TOTL.ZS,2001,1.12
BHR,SL.UEM.TOTL.ZS,2000,1.083
BHR,SL.UEM.TOTL.ZS,1999,1.115
BHR,SL.UEM.TOTL.ZS,1998,1.117
BHR,SL.UEM.TOTL.ZS,1997,1.129
BHR,SL.UEM.TOTL.ZS,1996,1.182
BHR,SL.UEM.TOTL.ZS,1995,1.047
BHR,SL.UEM.TOTL.ZS,1994,1.009
BHR,SL.UEM.TOTL.ZS,1993,0.884
BHR,SL.UEM.TOTL.ZS,1992,0.971
BHR,SL.UEM.TOTL.ZS,1991,1.051
BHR,SL.UEM.TOTL.ZS,1990,
BHR,SL.UEM.TOTL.ZS,1989,
BHR,SL.UEM.TOTL.ZS,1988,
BHR,SL.UEM.TOTL.ZS,1987,
BHR,SL.UEM.TOTL.ZS,1986,
BHR,SL.UEM.TOTL.ZS,1985,
BHR,SL.UEM.TOTL.ZS,1984,
BHR,SL.UEM.TOTL.ZS,1983,
BHR,SL.UEM.TOTL.ZS,1982,
BHR,SL.UEM.TOTL.ZS,1981,
BHR,SL.UEM.TOTL.ZS,1980,
BHR,SL.UEM.TOTL.ZS,1979,
BHR,SL.UEM.TOTL.ZS,1978,
BHR,SL.UEM.TOTL.ZS,1977,
BHR,SL.UEM.TOTL.ZS,1976,
BHR,SL.UEM.TOTL.ZS,1975,
BHR,SL.UEM.TOTL.ZS,1974,
BHR,SL.UEM.TOTL.ZS,1973,
BHR,SL.UEM.TOTL.ZS,1972,
BHR,SL.UEM.TOTL.ZS,1971,
BHR,SL.UEM.TOTL.ZS,1970,
BHR,SL.UEM.TOTL.ZS,1969,
BHR,SL.UEM.TOTL.ZS,1968,
BHR,SL.UEM.TOTL.ZS,1967,
BHR,SL.UEM.TOTL.ZS,1966,
BHR,SL.UEM.TOTL.ZS,1965,
BHR,SL.UEM.TOTL.ZS,1964,
BHR,SL.UEM.TOTL.ZS,1963,
BHR,SL.UEM.TOTL.ZS,1962,
BHR,SL.UEM.TOTL.ZS,1961,
BHR,SL.UEM.TOTL.ZS,1960,
BGD,SL.UEM.TOTL.ZS,2024,4.68
BGD,SL.UEM.TOTL.ZS,2023,4.454
BGD,SL.UEM.TOTL.ZS,2022,4.593
BGD,SL.UEM.TOTL.ZS,2021,5.327
BGD,SL.UEM.TOTL.ZS,2020,5.436
BGD,SL.UEM.TOTL.ZS,2019,4.441
BGD,SL.UEM.TOTL.ZS,2018,4.407
BGD,SL.UEM.TOTL.ZS,2017,4.372
BGD,SL.UEM.TOTL.ZS,2016,4.35
BGD,SL.UEM.TOTL.ZS,2015,4.396
BGD,SL.UEM.TOTL.ZS,2014,4.416
BGD,SL.UEM.TOTL.ZS,2013,4.426
BGD,SL.UEM.TOTL.ZS,2012,4.071
BGD,SL.UEM.TOTL.ZS,2011,3.736
BGD,SL.UEM.TOTL.ZS,2010,3.379
BGD,SL.UEM.TOTL.ZS,2009,5.0
BGD,SL.UEM.TOTL.ZS,2008,4.492
BGD,SL.UEM.TOTL.ZS,2007,4.017
BGD,SL.UEM.TOTL.ZS,2006,3.591
BGD,SL.UEM.TOTL.ZS,2005,4.25
BGD,SL.UEM.TOTL.ZS,2004,4.314
BGD,SL.UEM.TOTL.ZS,2003,4.32
BGD,SL.UEM.TOTL.ZS,2002,3.966
BGD,SL.UEM.TOTL.ZS,2001,3.61
BGD,SL.UEM.TOTL.ZS,2000,3.27
BGD,SL.UEM.TOTL.ZS,1999,3.087
BGD,SL.UEM.TOTL.ZS,1998,2.893
BGD,SL.UEM.TOTL.ZS,1997,2.698
BGD,SL.UEM.TOTL.ZS,1996,2.51
BGD,SL.UEM.TOTL.ZS,1995,2.441
BGD,SL.UEM.TOTL.ZS,1994,2.371
BGD,SL.UEM.TOTL.ZS,1993,2.311
BGD,SL.UEM.TOTL.ZS,1992,2.234
BGD,SL.UEM.TOTL.ZS,1991,2.2
BGD,SL.UEM.TOTL.ZS,1990,
BGD,SL.UEM.TOTL.ZS,1989,
BGD,SL.UEM.TOTL.ZS,1988,
BGD,SL.UEM.TOTL.ZS,1987,
BGD,SL.UEM.TOTL.ZS,1986,
BGD,SL.UEM.TOTL.ZS,1985,
BGD,SL.UEM.TOTL.ZS,1984,
BGD,SL.UEM.TOTL.ZS,1983,
BGD,SL.UEM.TOTL.ZS,1982,
BGD,SL.UEM.TOTL.ZS,1981,
BGD,SL.UEM.TOTL.ZS,1980,
BGD,SL.UEM.TOTL.ZS,1979,
BGD,SL.UEM.TOTL.ZS,1978,
BGD,SL.UEM.TOTL.ZS,1977,
BGD,SL.UEM.TOTL.ZS,1976,
BGD,SL.UEM.TOTL.ZS,1975,
BGD,SL.UEM.TOTL.ZS,1974,
BGD,SL.UEM.TOTL.ZS,1973,
BGD,SL.UEM.TOTL.ZS,1972,
BGD,SL.UEM.TOTL.ZS,1971,
BGD,SL.UEM.TOTL.ZS,1970,
BGD,SL.UEM.TOTL.ZS,1969,
BGD,SL.UEM.TOTL.ZS,1968,
BGD,SL.UEM.TOTL.ZS,1967,
BGD,SL.UEM.TOTL.ZS,1966,
BGD,SL.UEM.TOTL.ZS,1965,
BGD,SL.UEM.TOTL.ZS,1964,
BGD,SL.UEM.TOTL.ZS,1963,
BGD,SL.UEM.TOTL.ZS,1962,
BGD,SL.UEM.TOTL.ZS,1961,
BGD,SL.UEM.TOTL.ZS,1960,
BRB,SL.UEM.TOTL.ZS,2024,7.529
BRB,SL.UEM.TOTL.ZS,2023,7.878
BRB,SL.UEM.TOTL.ZS,2022,8.365
BRB,SL.UEM.TOTL.ZS,2021,9.433
BRB,SL.UEM.TOTL.ZS,2020,9.777
BRB,SL.UEM.TOTL.ZS,2019,8.412
BRB,SL.UEM.TOTL.ZS,2018,8.322
BRB,SL.UEM.TOTL.ZS,2017,8.622
BRB,SL.UEM.TOTL.ZS,2016,8.247
BRB,SL.UEM.TOTL.ZS,2015,9.803
BRB,SL.UEM.TOTL.ZS,2014,12.17
BRB,SL.UEM.TOTL.ZS,2013,11.55
BRB,SL.UEM.TOTL.ZS,2012,11.59
BRB,SL.UEM.TOTL.ZS,2011,11.19
BRB,SL.UEM.TOTL.ZS,2010,10.69
BRB,SL.UEM.TOTL.ZS,2009,10.02
BRB,SL.UEM.TOTL.ZS,2008,8.12
BRB,SL.UEM.TOTL.ZS,2007,7.41
BRB,SL.UEM.TOTL.ZS,2006,8.73
BRB,SL.UEM.TOTL.ZS,2005,9.08
BRB,SL.UEM.TOTL.ZS,2004,9.57
BRB,SL.UEM.TOTL.ZS,2003,11.0
BRB,SL.UEM.TOTL.ZS,2002,10.32
BRB,SL.UEM.TOTL.ZS,2001,9.85
BRB,SL.UEM.TOTL.ZS,2000,9.35
BRB,SL.UEM.TOTL.ZS,1999,10.61
BRB,SL.UEM.TOTL.ZS,1998,12.4
BRB,SL.UEM.TOTL.ZS,1997,14.61
BRB,SL.UEM.TOTL.ZS,1996,14.71
BRB,SL.UEM.TOTL.ZS,1995,19.66
BRB,SL.UEM.TOTL.ZS,1994,22.98
BRB,SL.UEM.TOTL.ZS,1993,24.54
BRB,SL.UEM.TOTL.ZS,1992,22.94
BRB,SL.UEM.TOTL.ZS,1991,22.323
BRB,SL.UEM.TOTL.ZS,1990,
BRB,SL.UEM.TOTL.ZS,1989,
BRB,SL.UEM.TOTL.ZS,1988,
BRB,SL.UEM.TOTL.ZS,1987,
BRB,SL.UEM.TOTL.ZS,1986,
BRB,SL.UEM.TOTL.ZS,1985,
BRB,SL.UEM.TOTL.ZS,1984,
BRB,SL.UEM.TOTL.ZS,1983,
BRB,SL.UEM.TOTL.ZS,1982,
BRB,SL.UEM.TOTL.ZS,1981,
BRB,SL.UEM.TOTL.ZS,1980,
BRB,SL.UEM.TOTL.ZS,1979,
BRB,SL.UEM.TOTL.ZS,1978,
BRB,SL.UEM.TOTL.ZS,1977,
BRB,SL.UEM.TOTL.ZS,1976,
BRB,SL.UEM.TOTL.ZS,1975,
BRB,SL.UEM.TOTL.ZS,1974,
BRB,SL.UEM.TOTL.ZS,1973,
BRB,SL.UEM.TOTL.ZS,1972,
BRB,SL.UEM.TOTL.ZS,1971,
BRB,SL.UEM.TOTL.ZS,1970,
BRB,SL.UEM.TOTL.ZS,1969,
BRB,SL.UEM.TOTL.ZS,1968,
BRB,SL.UEM.TOTL.ZS,1967,
BRB,SL.UEM.TOTL.ZS,1966,
BRB,SL.UEM.TOTL.ZS,1965,
BRB,SL.UEM.TOTL.ZS,1964,
BRB,SL.UEM.TOTL.ZS,1963,
BRB,SL.UEM.TOTL.ZS,1962,
BRB,SL.UEM.TOTL.ZS,1961,
BRB,SL.UEM.TOTL.ZS,1960,
BLR,SL.UEM.TOTL.ZS,2024,3.361
BLR,SL.UEM.TOTL.ZS,2023,3.461
BLR,SL.UEM.TOTL.ZS,2022,3.574
BLR,SL.UEM.TOTL.ZS,2021,3.9
BLR,SL.UEM.TOTL.ZS,2020,4.049
BLR,SL.UEM.TOTL.ZS,2019,4.165
BLR,SL.UEM.TOTL.ZS,2018,4.763
BLR,SL.UEM.TOTL.ZS,2017,5.648
BLR,SL.UEM.TOTL.ZS,2016,5.844
BLR,SL.UEM.TOTL.ZS,2015,5.881
BLR,SL.UEM.TOTL.ZS,2014,5.902
BLR,SL.UEM.TOTL.ZS,2013,5.937
BLR,SL.UEM.TOTL.ZS,2012,5.946
BLR,SL.UEM.TOTL.ZS,2011,6.022
BLR,SL.UEM.TOTL.ZS,2010,6.045
BLR,SL.UEM.TOTL.ZS,2009,6.1
BLR,SL.UEM.TOTL.ZS,2008,6.698
BLR,SL.UEM.TOTL.ZS,2007,7.38
BLR,SL.UEM.TOTL.ZS,2006,8.024
BLR,SL.UEM.TOTL.ZS,2005,8.728
BLR,SL.UEM.TOTL.ZS,2004,9.452
BLR,SL.UEM.TOTL.ZS,2003,10.215
BLR,SL.UEM.TOTL.ZS,2002,10.908
BLR,SL.UEM.TOTL.ZS,2001,11.609
BLR,SL.UEM.TOTL.ZS,2000,12.224
BLR,SL.UEM.TOTL.ZS,1999,12.8
BLR,SL.UEM.TOTL.ZS,1998,14.0
BLR,SL.UEM.TOTL.ZS,1997,17.1
BLR,SL.UEM.TOTL.ZS,1996,24.4
BLR,SL.UEM.TOTL.ZS,1995,17.7
BLR,SL.UEM.TOTL.ZS,1994,12.8
BLR,SL.UEM.TOTL.ZS,1993,8.5
BLR,SL.UEM.TOTL.ZS,1992,3.1
BLR,SL.UEM.TOTL.ZS,1991,0.6
BLR,SL.UEM.TOTL.ZS,1990,
BLR,SL.UEM.TOTL.ZS,1989,
BLR,SL.UEM.TOTL.ZS,1988,
BLR,SL.UEM.TOTL.ZS,1987,
BLR,SL.UEM.TOTL.ZS,1986,
BLR,SL.UEM.TOTL.ZS,1985,
BLR,SL.UEM.TOTL.ZS,1984,
BLR,SL.UEM.TOTL.ZS,1983,
BLR,SL.UEM.TOTL.ZS,1982,
BLR,SL.UEM.TOTL.ZS,1981,
BLR,SL.UEM.TOTL.ZS,1980,
BLR,SL.UEM.TOTL.ZS,1979,
BLR,SL.UEM.TOTL.ZS,1978,
BLR,SL.UEM.TOTL.ZS,1977,
BLR,SL.UEM.TOTL.ZS,1976,
BLR,SL.UEM.TOTL.ZS,1975,
BLR,SL.UEM.TOTL.ZS,1974,
BLR,SL.UEM.TOTL.ZS,1973,
BLR,SL.UEM.TOTL.ZS,1972,
BLR,SL.UEM.TOTL.ZS,1971,
BLR,SL.UEM.TOTL.ZS,1970,
BLR,SL.UEM.TOTL.ZS,1969,
BLR,SL.UEM.TOTL.ZS,1968,
BLR,SL.UEM.TOTL.ZS,1967,
BLR,SL.UEM.TOTL.ZS,1966,
BLR,SL.UEM.TOTL.ZS,1965,
BLR,SL.UEM.TOTL.ZS,1964,
BLR,SL.UEM.TOTL.ZS,1963,
BLR,SL.UEM.TOTL.ZS,1962,
BLR,SL.UEM.TOTL.ZS,1961,
BLR,SL.UEM.TOTL.ZS,1960,
BEL,SL.UEM.TOTL.ZS,2024,5.488
BEL,SL.UEM.TOTL.ZS,2023,5.528
BEL,SL.UEM.TOTL.ZS,2022,5.57
BEL,SL.UEM.TOTL.ZS,2021,6.248
BEL,SL.UEM.TOTL.ZS,2020,5.545
BEL,SL.UEM.TOTL.ZS,2019,5.364
BEL,SL.UEM.TOTL.ZS,2018,5.941
BEL,SL.UEM.TOTL.ZS,2017,7.09
BEL,SL.UEM.TOTL.ZS,2016,7.83
BEL,SL.UEM.TOTL.ZS,2015,8.482
BEL,SL.UEM.TOTL.ZS,2014,8.523
BEL,SL.UEM.TOTL.ZS,2013,8.425
BEL,SL.UEM.TOTL.ZS,2012,7.542
BEL,SL.UEM.TOTL.ZS,2011,7.14
BEL,SL.UEM.TOTL.ZS,2010,8.293
BEL,SL.UEM.TOTL.ZS,2009,7.908
BEL,SL.UEM.TOTL.ZS,2008,6.976
BEL,SL.UEM.TOTL.ZS,2007,7.459
BEL,SL.UEM.TOTL.ZS,2006,8.246
BEL,SL.UEM.TOTL.ZS,2005,8.44
BEL,SL.UEM.TOTL.ZS,2004,7.363
BEL,SL.UEM.TOTL.ZS,2003,7.68
BEL,SL.UEM.TOTL.ZS,2002,6.91
BEL,SL.UEM.TOTL.ZS,2001,6.178
BEL,SL.UEM.TOTL.ZS,2000,6.586
BEL,SL.UEM.TOTL.ZS,1999,8.649
BEL,SL.UEM.TOTL.ZS,1998,9.322
BEL,SL.UEM.TOTL.ZS,1997,8.95
BEL,SL.UEM.TOTL.ZS,1996,9.483
BEL,SL.UEM.TOTL.ZS,1995,9.337
BEL,SL.UEM.TOTL.ZS,1994,9.645
BEL,SL.UEM.TOTL.ZS,1993,8.078
BEL,SL.UEM.TOTL.ZS,1992,6.702
BEL,SL.UEM.TOTL.ZS,1991,6.984
BEL,SL.UEM.TOTL.ZS,1990,
BEL,SL.UEM.TOTL.ZS,1989,
BEL,SL.UEM.TOTL.ZS,1988,
BEL,SL.UEM.TOTL.ZS,1987,
BEL,SL.UEM.TOTL.ZS,1986,
BEL,SL.UEM.TOTL.ZS,1985,
BEL,SL.UEM.TOTL.ZS,1984,
BEL,SL.UEM.TOTL.ZS,1983,
BEL,SL.UEM.TOTL.ZS,1982,
BEL,SL.UEM.TOTL.ZS,1981,
BEL,SL.UEM.TOTL.ZS,1980,
BEL,SL.UEM.TOTL.ZS,1979,
BEL,SL.UEM.TOTL.ZS,1978,
BEL,SL.UEM.TOTL.ZS,1977,
BEL,SL.UEM.TOTL.ZS,1976,
BEL,SL.UEM.TOTL.ZS,1975,
BEL,SL.UEM.TOTL.ZS,1974,
BEL,SL.UEM.TOTL.ZS,1973,
BEL,SL.UEM.TOTL.ZS,1972,
BEL,SL.UEM.TOTL.ZS,1971,
BEL,SL.UEM.TOTL.ZS,1970,
BEL,SL.UEM.TOTL.ZS,1969,
BEL,SL.UEM.TOTL.ZS,1968,
BEL,SL.UEM.TOTL.ZS,1967,
BEL,SL.UEM.TOTL.ZS,1966,
BEL,SL.UEM.TOTL.ZS,1965,
BEL,SL.UEM.TOTL.ZS,1964,
BEL,SL.UEM.TOTL.ZS,1963,
BEL,SL.UEM.TOTL.ZS,1962,
BEL,SL.UEM.TOTL.ZS,1961,
BEL,SL.UEM.TOTL.ZS,1960,
BLZ,SL.UEM.TOTL.ZS,2024,7.0
BLZ,SL.UEM.TOTL.ZS,2023,8.267
BLZ,SL.UEM.TOTL.ZS,2022,8.763
BLZ,SL.UEM.TOTL.ZS,2021,10.322
BLZ,SL.UEM.TOTL.ZS,2020,10.784
BLZ,SL.UEM.TOTL.ZS,2019,9.053
BLZ,SL.UEM.TOTL.ZS,2018,7.896
BLZ,SL.UEM.TOTL.ZS,2017,6.596
BLZ,SL.UEM.TOTL.ZS,2016,7.0
BLZ,SL.UEM.TOTL.ZS,2015,7.578
BLZ,SL.UEM.TOTL.ZS,2014,8.244
BLZ,SL.UEM.TOTL.ZS,2013,8.349
BLZ,SL.UEM.TOTL.ZS,2012,8.379
BLZ,SL.UEM.TOTL.ZS,2011,8.43
BLZ,SL.UEM.TOTL.ZS,2010,8.416
BLZ,SL.UEM.TOTL.ZS,2009,8.328
BLZ,SL.UEM.TOTL.ZS,2008,8.18
BLZ,SL.UEM.TOTL.ZS,2007,8.51
BLZ,SL.UEM.TOTL.ZS,2006,9.39
BLZ,SL.UEM.TOTL.ZS,2005,10.91
BLZ,SL.UEM.TOTL.ZS,2004,10.584
BLZ,SL.UEM.TOTL.ZS,2003,10.343
BLZ,SL.UEM.TOTL.ZS,2002,10.04
BLZ,SL.UEM.TOTL.ZS,2001,9.07
BLZ,SL.UEM.TOTL.ZS,2000,10.836
BLZ,SL.UEM.TOTL.ZS,1999,12.84
BLZ,SL.UEM.TOTL.ZS,1998,14.31
BLZ,SL.UEM.TOTL.ZS,1997,12.68
BLZ,SL.UEM.TOTL.ZS,1996,13.82
BLZ,SL.UEM.TOTL.ZS,1995,12.48
BLZ,SL.UEM.TOTL.ZS,1994,11.1
BLZ,SL.UEM.TOTL.ZS,1993,9.78
BLZ,SL.UEM.TOTL.ZS,1992,9.697
BLZ,SL.UEM.TOTL.ZS,1991,9.69
BLZ,SL.UEM.TOTL.ZS,1990,
BLZ,SL.UEM.TOTL.ZS,1989,
BLZ,SL.UEM.TOTL.ZS,1988,
BLZ,SL.UEM.TOTL.ZS,1987,
BLZ,SL.UEM.TOTL.ZS,1986,
BLZ,SL.UEM.TOTL.ZS,1985,
BLZ,SL.UEM.TOTL.ZS,1984,
BLZ,SL.UEM.TOTL.ZS,1983,
BLZ,SL.UEM.TOTL.ZS,1982,
BLZ,SL.UEM.TOTL.ZS,1981,
BLZ,SL.UEM.TOTL.ZS,1980,
BLZ,SL.UEM.TOTL.ZS,1979,
BLZ,SL.UEM.TOTL.ZS,1978,
BLZ,SL.UEM.TOTL.ZS,1977,
BLZ,SL.UEM.TOTL.ZS,1976,
BLZ,SL.UEM.TOTL.ZS,1975,
BLZ,SL.UEM.TOTL.ZS,1974,
BLZ,SL.UEM.TOTL.ZS,1973,
BLZ,SL.UEM.TOTL.ZS,1972,
BLZ,SL.UEM.TOTL.ZS,1971,
BLZ,SL.UEM.TOTL.ZS,1970,
BLZ,SL.UEM.TOTL.ZS,1969,
BLZ,SL.UEM.TOTL.ZS,1968,
BLZ,SL.UEM.TOTL.ZS,1967,
BLZ,SL.UEM.TOTL.ZS,1966,
BLZ,SL.UEM.TOTL.ZS,1965,
BLZ,SL.UEM.TOTL.ZS,1964,
BLZ,SL.UEM.TOTL.ZS,1963,
BLZ,SL.UEM.TOTL.ZS,1962,
BLZ,SL.UEM.TOTL.ZS,1961,
BLZ,SL.UEM.TOTL.ZS,1960,
BEN,SL.UEM.TOTL.ZS,2024,1.722
BEN,SL.UEM.TOTL.ZS,2023,1.657
BEN,SL.UEM.TOTL.ZS,2022,1.685
BEN,SL.UEM.TOTL.ZS,2021,1.779
BEN,SL.UEM.TOTL.ZS,2020,1.502
BEN,SL.UEM.TOTL.ZS,2019,1.214
BEN,SL.UEM.TOTL.ZS,2018,1.41
BEN,SL.UEM.TOTL.ZS,2017,1.659
BEN,SL.UEM.TOTL.ZS,2016,1.784
BEN,SL.UEM.TOTL.ZS,2015,1.82
BEN,SL.UEM.TOTL.ZS,2014,1.872
BEN,SL.UEM.TOTL.ZS,2013,2.099
BEN,SL.UEM.TOTL.ZS,2012,2.406
BEN,SL.UEM.TOTL.ZS,2011,2.647
BEN,SL.UEM.TOTL.ZS,2010,1.04
BEN,SL.UEM.TOTL.ZS,2009,0.949
BEN,SL.UEM.TOTL.ZS,2008,0.894
BEN,SL.UEM.TOTL.ZS,2007,0.902
BEN,SL.UEM.TOTL.ZS,2006,0.889
BEN,SL.UEM.TOTL.ZS,2005,0.86
BEN,SL.UEM.TOTL.ZS,2004,0.79
BEN,SL.UEM.TOTL.ZS,2003,0.747
BEN,SL.UEM.TOTL.ZS,2002,0.69
BEN,SL.UEM.TOTL.ZS,2001,0.765
BEN,SL.UEM.TOTL.ZS,2000,0.864
BEN,SL.UEM.TOTL.ZS,1999,0.949
BEN,SL.UEM.TOTL.ZS,1998,1.048
BEN,SL.UEM.TOTL.ZS,1997,1.099
BEN,SL.UEM.TOTL.ZS,1996,1.246
BEN,SL.UEM.TOTL.ZS,1995,1.305
BEN,SL.UEM.TOTL.ZS,1994,1.455
BEN,SL.UEM.TOTL.ZS,1993,1.495
BEN,SL.UEM.TOTL.ZS,1992,1.51
BEN,SL.UEM.TOTL.ZS,1991,1.64
BEN,SL.UEM.TOTL.ZS,1990,
BEN,SL.UEM.TOTL.ZS,1989,
BEN,SL.UEM.TOTL.ZS,1988,
BEN,SL.UEM.TOTL.ZS,1987,
BEN,SL.UEM.TOTL.ZS,1986,
BEN,SL.UEM.TOTL.ZS,1985,
BEN,SL.UEM.TOTL.ZS,1984,
BEN,SL.UEM.TOTL.ZS,1983,
BEN,SL.UEM.TOTL.ZS,1982,
BEN,SL.UEM.TOTL.ZS,1981,
BEN,SL.UEM.TOTL.ZS,1980,
BEN,SL.UEM.TOTL.ZS,1979,
BEN,SL.UEM.TOTL.ZS,1978,
BEN,SL.UEM.TOTL.ZS,1977,
BEN,SL.UEM.TOTL.ZS,1976,
BEN,SL.UEM.TOTL.ZS,1975,
BEN,SL.UEM.TOTL.ZS,1974,
BEN,SL.UEM.TOTL.ZS,1973,
BEN,SL.UEM.TOTL.ZS,1972,
BEN,SL.UEM.TOTL.ZS,1971,
BEN,SL.UEM.TOTL.ZS,1970,
BEN,SL.UEM.TOTL.ZS,1969,
BEN,SL.UEM.TOTL.ZS,1968,
BEN,SL.UEM.TOTL.ZS,1967,
BEN,SL.UEM.TOTL.ZS,1966,
BEN,SL.UEM.TOTL.ZS,1965,
BEN,SL.UEM.TOTL.ZS,1964,
BEN,SL.UEM.TOTL.ZS,1963,
BEN,SL.UEM.TOTL.ZS,1962,
BEN,SL.UEM.TOTL.ZS,1961,
BEN,SL.UEM.TOTL.ZS,1960,
BMU,SL.UEM.TOTL.ZS,2024,
BMU,SL.UEM.TOTL.ZS,2023,
BMU,SL.UEM.TOTL.ZS,2022,
BMU,SL.UEM.TOTL.ZS,2021,
BMU,SL.UEM.TOTL.ZS,2020,
BMU,SL.UEM.TOTL.ZS,2019,
BMU,SL.UEM.TOTL.ZS,2018,
BMU,SL.UEM.TOTL.ZS,2017,
BMU,SL.UEM.TOTL.ZS,2016,
BMU,SL.UEM.TOTL.ZS,2015,
BMU,SL.UEM.TOTL.ZS,2014,
BMU,SL.UEM.TOTL.ZS,2013,
BMU,SL.UEM.TOTL.ZS,2012,
BMU,SL.UEM.TOTL.ZS,2011,
BMU,SL.UEM.TOTL.ZS,2010,
BMU,SL.UEM.TOTL.ZS,2009,
BMU,SL.UEM.TOTL.ZS,2008,
BMU,SL.UEM.TOTL.ZS,2007,
BMU,SL.UEM.TOTL.ZS,2006,
BMU,SL.UEM.TOTL.ZS,2005,
BMU,SL.UEM.TOTL.ZS,2004,
BMU,SL.UEM.TOTL.ZS,2003,
BMU,SL.UEM.TOTL.ZS,2002,
BMU,SL.UEM.TOTL.ZS,2001,
BMU,SL.UEM.TOTL.ZS,2000,
BMU,SL.UEM.TOTL.ZS,1999,
BMU,SL.UEM.TOTL.ZS,1998,
BMU,SL.UEM.TOTL.ZS,1997,
BMU,SL.UEM.TOTL.ZS,1996,
BMU,SL.UEM.TOTL.ZS,1995,
BMU,SL.UEM.TOTL.ZS,1994,
BMU,SL.UEM.TOTL.ZS,1993,
BMU,SL.UEM.TOTL.ZS,1992,
BMU,SL.UEM.TOTL.ZS,1991,
BMU,SL.UEM.TOTL.ZS,1990,
BMU,SL.UEM.TOTL.ZS,1989,
BMU,SL.UEM.TOTL.ZS,1988,
BMU,SL.UEM.TOTL.ZS,1987,
BMU,SL.UEM.TOTL.ZS,1986,
BMU,SL.UEM.TOTL.ZS,1985,
BMU,SL.UEM.TOTL.ZS,1984,
BMU,SL.UEM.TOTL.ZS,1983,
BMU,SL.UEM.TOTL.ZS,1982,
BMU,SL.UEM.TOTL.ZS,1981,
BMU,SL.UEM.TOTL.ZS,1980,
BMU,SL.UEM.TOTL.ZS,1979,
BMU,SL.UEM.TOTL.ZS,1978,
BMU,SL.UEM.TOTL.ZS,1977,
BMU,SL.UEM.TOTL.ZS,1976,
BMU,SL.UEM.TOTL.ZS,1975,
BMU,SL.UEM.TOTL.ZS,1974,
BMU,SL.UEM.TOTL.ZS,1973,
BMU,SL.UEM.TOTL.ZS,1972,
BMU,SL.UEM.TOTL.ZS,1971,
BMU,SL.UEM.TOTL.ZS,1970,
BMU,SL.UEM.TOTL.ZS,1969,
BMU,SL.UEM.TOTL.ZS,1968,
BMU,SL.UEM.TOTL.ZS,1967,
BMU,SL.UEM.TOTL.ZS,1966,
BMU,SL.UEM.TOTL.ZS,1965,
BMU,SL.UEM.TOTL.ZS,1964,
BMU,SL.UEM.TOTL.ZS,1963,
BMU,SL.UEM.TOTL.ZS,1962,
BMU,SL.UEM.TOTL.ZS,1961,
BMU,SL.UEM.TOTL.ZS,1960,
BTN,SL.UEM.TOTL.ZS,2024,2.856
BTN,SL.UEM.TOTL.ZS,2023,3.126
BTN,SL.UEM.TOTL.ZS,2022,5.947
BTN,SL.UEM.TOTL.ZS,2021,4.803
BTN,SL.UEM.TOTL.ZS,2020,5.03
BTN,SL.UEM.TOTL.ZS,2019,2.72
BTN,SL.UEM.TOTL.ZS,2018,3.35
BTN,SL.UEM.TOTL.ZS,2017,3.016
BTN,SL.UEM.TOTL.ZS,2016,2.705
BTN,SL.UEM.TOTL.ZS,2015,2.45
BTN,SL.UEM.TOTL.ZS,2014,2.63
BTN,SL.UEM.TOTL.ZS,2013,2.87
BTN,SL.UEM.TOTL.ZS,2012,2.05
BTN,SL.UEM.TOTL.ZS,2011,3.23
BTN,SL.UEM.TOTL.ZS,2010,3.32
BTN,SL.UEM.TOTL.ZS,2009,3.96
BTN,SL.UEM.TOTL.ZS,2008,3.842
BTN,SL.UEM.TOTL.ZS,2007,3.7
BTN,SL.UEM.TOTL.ZS,2006,3.13
BTN,SL.UEM.TOTL.ZS,2005,3.1
BTN,SL.UEM.TOTL.ZS,2004,2.49
BTN,SL.UEM.TOTL.ZS,2003,1.8
BTN,SL.UEM.TOTL.ZS,2002,1.853
BTN,SL.UEM.TOTL.ZS,2001,1.9
BTN,SL.UEM.TOTL.ZS,2000,1.66
BTN,SL.UEM.TOTL.ZS,1999,1.4
BTN,SL.UEM.TOTL.ZS,1998,1.4
BTN,SL.UEM.TOTL.ZS,1997,1.393
BTN,SL.UEM.TOTL.ZS,1996,1.392
BTN,SL.UEM.TOTL.ZS,1995,1.404
BTN,SL.UEM.TOTL.ZS,1994,1.413
BTN,SL.UEM.TOTL.ZS,1993,1.433
BTN,SL.UEM.TOTL.ZS,1992,1.397
BTN,SL.UEM.TOTL.ZS,1991,1.385
BTN,SL.UEM.TOTL.ZS,1990,
BTN,SL.UEM.TOTL.ZS,1989,
BTN,SL.UEM.TOTL.ZS,1988,
BTN,SL.UEM.TOTL.ZS,1987,
BTN,SL.UEM.TOTL.ZS,1986,
BTN,SL.UEM.TOTL.ZS,1985,
BTN,SL.UEM.TOTL.ZS,1984,
BTN,SL.UEM.TOTL.ZS,1983,
BTN,SL.UEM.TOTL.ZS,1982,
BTN,SL.UEM.TOTL.ZS,1981,
BTN,SL.UEM.TOTL.ZS,1980,
BTN,SL.UEM.TOTL.ZS,1979,
BTN,SL.UEM.TOTL.ZS,1978,
BTN,SL.UEM.TOTL.ZS,1977,
BTN,SL.UEM.TOTL.ZS,1976,
BTN,SL.UEM.TOTL.ZS,1975,
BTN,SL.UEM.TOTL.ZS,1974,
BTN,SL.UEM.TOTL.ZS,1973,
BTN,SL.UEM.TOTL.ZS,1972,
BTN,SL.UEM.TOTL.ZS,1971,
BTN,SL.UEM.TOTL.ZS,1970,
BTN,SL.UEM.TOTL.ZS,1969,
BTN,SL.UEM.TOTL.ZS,1968,
BTN,SL.UEM.TOTL.ZS,1967,
BTN,SL.UEM.TOTL.ZS,1966,
BTN,SL.UEM.TOTL.ZS,1965,
BTN,SL.UEM.TOTL.ZS,1964,
BTN,SL.UEM.TOTL.ZS,1963,
BTN,SL.UEM.TOTL.ZS,1962,
BTN,SL.UEM.TOTL.ZS,1961,
BTN,SL.UEM.TOTL.ZS,1960,
BOL,SL.UEM.TOTL.ZS,2024,3.091
BOL,SL.UEM.TOTL.ZS,2023,3.024
BOL,SL.UEM.TOTL.ZS,2022,3.552
BOL,SL.UEM.TOTL.ZS,2021,5.089
BOL,SL.UEM.TOTL.ZS,2020,7.903
BOL,SL.UEM.TOTL.ZS,2019,3.682
BOL,SL.UEM.TOTL.ZS,2018,3.519
BOL,SL.UEM.TOTL.ZS,2017,3.655
BOL,SL.UEM.TOTL.ZS,2016,3.498
BOL,SL.UEM.TOTL.ZS,2015,3.111
BOL,SL.UEM.TOTL.ZS,2014,2.021
BOL,SL.UEM.TOTL.ZS,2013,2.437
BOL,SL.UEM.TOTL.ZS,2012,2.066
BOL,SL.UEM.TOTL.ZS,2011,2.255
BOL,SL.UEM.TOTL.ZS,2010,2.608
BOL,SL.UEM.TOTL.ZS,2009,2.973
BOL,SL.UEM.TOTL.ZS,2008,2.603
BOL,SL.UEM.TOTL.ZS,2007,2.616
BOL,SL.UEM.TOTL.ZS,2006,2.577
BOL,SL.UEM.TOTL.ZS,2005,2.603
BOL,SL.UEM.TOTL.ZS,2004,2.622
BOL,SL.UEM.TOTL.ZS,2003,2.664
BOL,SL.UEM.TOTL.ZS,2002,2.613
BOL,SL.UEM.TOTL.ZS,2001,2.636
BOL,SL.UEM.TOTL.ZS,2000,2.447
BOL,SL.UEM.TOTL.ZS,1999,2.303
BOL,SL.UEM.TOTL.ZS,1998,2.121
BOL,SL.UEM.TOTL.ZS,1997,2.08
BOL,SL.UEM.TOTL.ZS,1996,2.373
BOL,SL.UEM.TOTL.ZS,1995,2.661
BOL,SL.UEM.TOTL.ZS,1994,3.08
BOL,SL.UEM.TOTL.ZS,1993,3.05
BOL,SL.UEM.TOTL.ZS,1992,3.031
BOL,SL.UEM.TOTL.ZS,1991,2.934
BOL,SL.UEM.TOTL.ZS,1990,
BOL,SL.UEM.TOTL.ZS,1989,
BOL,SL.UEM.TOTL.ZS,1988,
BOL,SL.UEM.TOTL.ZS,1987,
BOL,SL.UEM.TOTL.ZS,1986,
BOL,SL.UEM.TOTL.ZS,1985,
BOL,SL.UEM.TOTL.ZS,1984,
BOL,SL.UEM.TOTL.ZS,1983,
BOL,SL.UEM.TOTL.ZS,1982,
BOL,SL.UEM.TOTL.ZS,1981,
BOL,SL.UEM.TOTL.ZS,1980,
BOL,SL.UEM.TOTL.ZS,1979,
BOL,SL.UEM.TOTL.ZS,1978,
BOL,SL.UEM.TOTL.ZS,1977,
BOL,SL.UEM.TOTL.ZS,1976,
BOL,SL.UEM.TOTL.ZS,1975,
BOL,SL.UEM.TOTL.ZS,1974,
BOL,SL.UEM.TOTL.ZS,1973,
BOL,SL.UEM.TOTL.ZS,1972,
BOL,SL.UEM.TOTL.ZS,1971,
BOL,SL.UEM.TOTL.ZS,1970,
BOL,SL.UEM.TOTL.ZS,1969,
BOL,SL.UEM.TOTL.ZS,1968,
BOL,SL.UEM.TOTL.ZS,1967,
BOL,SL.UEM.TOTL.ZS,1966,
BOL,SL.UEM.TOTL.ZS,1965,
BOL,SL.UEM.TOTL.ZS,1964,
BOL,SL.UEM.TOTL.ZS,1963,
BOL,SL.UEM.TOTL.ZS,1962,
BOL,SL.UEM.TOTL.ZS,1961,
BOL,SL.UEM.TOTL.ZS,1960,
BIH,SL.UEM.TOTL.ZS,2024,10.723
BIH,SL.UEM.TOTL.ZS,2023,10.668
BIH,SL.UEM.TOTL.ZS,2022,12.657
BIH,SL.UEM.TOTL.ZS,2021,14.897
BIH,SL.UEM.TOTL.ZS,2020,15.868
BIH,SL.UEM.TOTL.ZS,2019,15.692
BIH,SL.UEM.TOTL.ZS,2018,18.4
BIH,SL.UEM.TOTL.ZS,2017,20.527
BIH,SL.UEM.TOTL.ZS,2016,25.408
BIH,SL.UEM.TOTL.ZS,2015,27.695
BIH,SL.UEM.TOTL.ZS,2014,27.517
BIH,SL.UEM.TOTL.ZS,2013,27.49
BIH,SL.UEM.TOTL.ZS,2012,28.01
BIH,SL.UEM.TOTL.ZS,2011,27.582
BIH,SL.UEM.TOTL.ZS,2010,27.312
BIH,SL.UEM.TOTL.ZS,2009,24.068
BIH,SL.UEM.TOTL.ZS,2008,23.405
BIH,SL.UEM.TOTL.ZS,2007,28.984
BIH,SL.UEM.TOTL.ZS,2006,31.11
BIH,SL.UEM.TOTL.ZS,2005,30.227
BIH,SL.UEM.TOTL.ZS,2004,29.276
BIH,SL.UEM.TOTL.ZS,2003,28.447
BIH,SL.UEM.TOTL.ZS,2002,27.312
BIH,SL.UEM.TOTL.ZS,2001,26.289
BIH,SL.UEM.TOTL.ZS,2000,25.187
BIH,SL.UEM.TOTL.ZS,1999,24.284
BIH,SL.UEM.TOTL.ZS,1998,23.295
BIH,SL.UEM.TOTL.ZS,1997,22.378
BIH,SL.UEM.TOTL.ZS,1996,21.725
BIH,SL.UEM.TOTL.ZS,1995,21.078
BIH,SL.UEM.TOTL.ZS,1994,20.383
BIH,SL.UEM.TOTL.ZS,1993,19.454
BIH,SL.UEM.TOTL.ZS,1992,18.5
BIH,SL.UEM.TOTL.ZS,1991,17.55
BIH,SL.UEM.TOTL.ZS,1990,
BIH,SL.UEM.TOTL.ZS,1989,
BIH,SL.UEM.TOTL.ZS,1988,
BIH,SL.UEM.TOTL.ZS,1987,
BIH,SL.UEM.TOTL.ZS,1986,
BIH,SL.UEM.TOTL.ZS,1985,
BIH,SL.UEM.TOTL.ZS,1984,
BIH,SL.UEM.TOTL.ZS,1983,
BIH,SL.UEM.TOTL.ZS,1982,
BIH,SL.UEM.TOTL.ZS,1981,
BIH,SL.UEM.TOTL.ZS,1980,
BIH,SL.UEM.TOTL.ZS,1979,
BIH,SL.UEM.TOTL.ZS,1978,
BIH,SL.UEM.TOTL.ZS,1977,
BIH,SL.UEM.TOTL.ZS,1976,
BIH,SL.UEM.TOTL.ZS,1975,
BIH,SL.UEM.TOTL.ZS,1974,
BIH,SL.UEM.TOTL.ZS,1973,
BIH,SL.UEM.TOTL.ZS,1972,
BIH,SL.UEM.TOTL.ZS,1971,
BIH,SL.UEM.TOTL.ZS,1970,
BIH,SL.UEM.TOTL.ZS,1969,
BIH,SL.UEM.TOTL.ZS,1968,
BIH,SL.UEM.TOTL.ZS,1967,
BIH,SL.UEM.TOTL.ZS,1966,
BIH,SL.UEM.TOTL.ZS,1965,
BIH,SL.UEM.TOTL.ZS,1964,
BIH,SL.UEM.TOTL.ZS,1963,
BIH,SL.UEM.TOTL.ZS,1962,
BIH,SL.UEM.TOTL.ZS,1961,
BIH,SL.UEM.TOTL.ZS,1960,
BWA,SL.UEM.TOTL.ZS,2024,23.138
BWA,SL.UEM.TOTL.ZS,2023,23.381
BWA,SL.UEM.TOTL.ZS,2022,23.615
BWA,SL.UEM.TOTL.ZS,2021,23.106
BWA,SL.UEM.TOTL.ZS,2020,21.017
BWA,SL.UEM.TOTL.ZS,2019,20.094
BWA,SL.UEM.TOTL.ZS,2018,19.681
BWA,SL.UEM.TOTL.ZS,2017,19.664
BWA,SL.UEM.TOTL.ZS,2016,19.329
BWA,SL.UEM.TOTL.ZS,2015,18.93
BWA,SL.UEM.TOTL.ZS,2014,18.514
BWA,SL.UEM.TOTL.ZS,2013,18.203
BWA,SL.UEM.TOTL.ZS,2012,17.952
BWA,SL.UEM.TOTL.ZS,2011,18.054
BWA,SL.UEM.TOTL.ZS,2010,17.86
BWA,SL.UEM.TOTL.ZS,2009,16.169
BWA,SL.UEM.TOTL.ZS,2008,16.328
BWA,SL.UEM.TOTL.ZS,2007,16.998
BWA,SL.UEM.TOTL.ZS,2006,17.782
BWA,SL.UEM.TOTL.ZS,2005,19.847
BWA,SL.UEM.TOTL.ZS,2004,21.758
BWA,SL.UEM.TOTL.ZS,2003,23.8
BWA,SL.UEM.TOTL.ZS,2002,21.268
BWA,SL.UEM.TOTL.ZS,2001,18.54
BWA,SL.UEM.TOTL.ZS,2000,15.88
BWA,SL.UEM.TOTL.ZS,1999,18.236
BWA,SL.UEM.TOTL.ZS,1998,20.86
BWA,SL.UEM.TOTL.ZS,1997,21.048
BWA,SL.UEM.TOTL.ZS,1996,21.593
BWA,SL.UEM.TOTL.ZS,1995,21.394
BWA,SL.UEM.TOTL.ZS,1994,21.2
BWA,SL.UEM.TOTL.ZS,1993,18.759
BWA,SL.UEM.TOTL.ZS,1992,16.326
BWA,SL.UEM.TOTL.ZS,1991,13.82
BWA,SL.UEM.TOTL.ZS,1990,
BWA,SL.UEM.TOTL.ZS,1989,
BWA,SL.UEM.TOTL.ZS,1988,
BWA,SL.UEM.TOTL.ZS,1987,
BWA,SL.UEM.TOTL.ZS,1986,
BWA,SL.UEM.TOTL.ZS,1985,
BWA,SL.UEM.TOTL.ZS,1984,
BWA,SL.UEM.TOTL.ZS,1983,
BWA,SL.UEM.TOTL.ZS,1982,
BWA,SL.UEM.TOTL.ZS,1981,
BWA,SL.UEM.TOTL.ZS,1980,
BWA,SL.UEM.TOTL.ZS,1979,
BWA,SL.UEM.TOTL.ZS,1978,
BWA,SL.UEM.TOTL.ZS,1977,
BWA,SL.UEM.TOTL.ZS,1976,
BWA,SL.UEM.TOTL.ZS,1975,
BWA,SL.UEM.TOTL.ZS,1974,
BWA,SL.UEM.TOTL.ZS,1973,
BWA,SL.UEM.TOTL.ZS,1972,
BWA,SL.UEM.TOTL.ZS,1971,
BWA,SL.UEM.TOTL.ZS,1970,
BWA,SL.UEM.TOTL.ZS,1969,
BWA,SL.UEM.TOTL.ZS,1968,
BWA,SL.UEM.TOTL.ZS,1967,
BWA,SL.UEM.TOTL.ZS,1966,
BWA,SL.UEM.TOTL.ZS,1965,
BWA,SL.UEM.TOTL.ZS,1964,
BWA,SL.UEM.TOTL.ZS,1963,
BWA,SL.UEM.TOTL.ZS,1962,
BWA,SL.UEM.TOTL.ZS,1961,
BWA,SL.UEM.TOTL.ZS,1960,
BRA,SL.UEM.TOTL.ZS,2024,7.634
BRA,SL.UEM.TOTL.ZS,2023,7.947
BRA,SL.UEM.TOTL.ZS,2022,9.231
BRA,SL.UEM.TOTL.ZS,2021,13.158
BRA,SL.UEM.TOTL.ZS,2020,13.697
BRA,SL.UEM.TOTL.ZS,2019,11.936
BRA,SL.UEM.TOTL.ZS,2018,12.329
BRA,SL.UEM.TOTL.ZS,2017,12.792
BRA,SL.UEM.TOTL.ZS,2016,11.58
BRA,SL.UEM.TOTL.ZS,2015,8.538
BRA,SL.UEM.TOTL.ZS,2014,6.755
BRA,SL.UEM.TOTL.ZS,2013,7.071
BRA,SL.UEM.TOTL.ZS,2012,7.251
BRA,SL.UEM.TOTL.ZS,2011,7.578
BRA,SL.UEM.TOTL.ZS,2010,8.422
BRA,SL.UEM.TOTL.ZS,2009,9.419
BRA,SL.UEM.TOTL.ZS,2008,8.268
BRA,SL.UEM.TOTL.ZS,2007,9.28
BRA,SL.UEM.TOTL.ZS,2006,9.692
BRA,SL.UEM.TOTL.ZS,2005,10.551
BRA,SL.UEM.TOTL.ZS,2004,10.072
BRA,SL.UEM.TOTL.ZS,2003,11.168
BRA,SL.UEM.TOTL.ZS,2002,10.641
BRA,SL.UEM.TOTL.ZS,2001,10.649
BRA,SL.UEM.TOTL.ZS,2000,10.889
BRA,SL.UEM.TOTL.ZS,1999,11.125
BRA,SL.UEM.TOTL.ZS,1998,10.15
BRA,SL.UEM.TOTL.ZS,1997,9.003
BRA,SL.UEM.TOTL.ZS,1996,8.035
BRA,SL.UEM.TOTL.ZS,1995,7.092
BRA,SL.UEM.TOTL.ZS,1994,6.578
BRA,SL.UEM.TOTL.ZS,1993,6.03
BRA,SL.UEM.TOTL.ZS,1992,7.086
BRA,SL.UEM.TOTL.ZS,1991,6.894
BRA,SL.UEM.TOTL.ZS,1990,
BRA,SL.UEM.TOTL.ZS,1989,
BRA,SL.UEM.TOTL.ZS,1988,
BRA,SL.UEM.TOTL.ZS,1987,
BRA,SL.UEM.TOTL.ZS,1986,
BRA,SL.UEM.TOTL.ZS,1985,
BRA,SL.UEM.TOTL.ZS,1984,
BRA,SL.UEM.TOTL.ZS,1983,
BRA,SL.UEM.TOTL.ZS,1982,
BRA,SL.UEM.TOTL.ZS,1981,
BRA,SL.UEM.TOTL.ZS,1980,
BRA,SL.UEM.TOTL.ZS,1979,
BRA,SL.UEM.TOTL.ZS,1978,
BRA,SL.UEM.TOTL.ZS,1977,
BRA,SL.UEM.TOTL.ZS,1976,
BRA,SL.UEM.TOTL.ZS,1975,
BRA,SL.UEM.TOTL.ZS,1974,
BRA,SL.UEM.TOTL.ZS,1973,
BRA,SL.UEM.TOTL.ZS,1972,
BRA,SL.UEM.TOTL.ZS,1971,
BRA,SL.UEM.TOTL.ZS,1970,
BRA,SL.UEM.TOTL.ZS,1969,
BRA,SL.UEM.TOTL.ZS,1968,
BRA,SL.UEM.TOTL.ZS,1967,
BRA,SL.UEM.TOTL.ZS,1966,
BRA,SL.UEM.TOTL.ZS,1965,
BRA,SL.UEM.TOTL.ZS,1964,
BRA,SL.UEM.TOTL.ZS,1963,
BRA,SL.UEM.TOTL.ZS,1962,
BRA,SL.UEM.TOTL.ZS,1961,
BRA,SL.UEM.TOTL.ZS,1960,
VGB,SL.UEM.TOTL.ZS,2024,
VGB,SL.UEM.TOTL.ZS,2023,
VGB,SL.UEM.TOTL.ZS,2022,
VGB,SL.UEM.TOTL.ZS,2021,
VGB,SL.UEM.TOTL.ZS,2020,
VGB,SL.UEM.TOTL.ZS,2019,
VGB,SL.UEM.TOTL.ZS,2018,
VGB,SL.UEM.TOTL.ZS,2017,
VGB,SL.UEM.TOTL.ZS,2016,
VGB,SL.UEM.TOTL.ZS,2015,
VGB,SL.UEM.TOTL.ZS,2014,
VGB,SL.UEM.TOTL.ZS,2013,
VGB,SL.UEM.TOTL.ZS,2012,
VGB,SL.UEM.TOTL.ZS,2011,
VGB,SL.UEM.TOTL.ZS,2010,
VGB,SL.UEM.TOTL.ZS,2009,
VGB,SL.UEM.TOTL.ZS,2008,
VGB,SL.UEM.TOTL.ZS,2007,
VGB,SL.UEM.TOTL.ZS,2006,
VGB,SL.UEM.TOTL.ZS,2005,
VGB,SL.UEM.TOTL.ZS,2004,
VGB,SL.UEM.TOTL.ZS,2003,
VGB,SL.UEM.TOTL.ZS,2002,
VGB,SL.UEM.TOTL.ZS,2001,
VGB,SL.UEM.TOTL.ZS,2000,
VGB,SL.UEM.TOTL.ZS,1999,
VGB,SL.UEM.TOTL.ZS,1998,
VGB,SL.UEM.TOTL.ZS,1997,
VGB,SL.UEM.TOTL.ZS,1996,
VGB,SL.UEM.TOTL.ZS,1995,
VGB,SL.UEM.TOTL.ZS,1994,
VGB,SL.UEM.TOTL.ZS,1993,
VGB,SL.UEM.TOTL.ZS,1992,
VGB,SL.UEM.TOTL.ZS,1991,
VGB,SL.UEM.TOTL.ZS,1990,
VGB,SL.UEM.TOTL.ZS,1989,
VGB,SL.UEM.TOTL.ZS,1988,
VGB,SL.UEM.TOTL.ZS,1987,
VGB,SL.UEM.TOTL.ZS,1986,
VGB,SL.UEM.TOTL.ZS,1985,
VGB,SL.UEM.TOTL.ZS,1984,
VGB,SL.UEM.TOTL.ZS,1983,
VGB,SL.UEM.TOTL.ZS,1982,
VGB,SL.UEM.TOTL.ZS,1981,
VGB,SL.UEM.TOTL.ZS,1980,
VGB,SL.UEM.TOTL.ZS,1979,
VGB,SL.UEM.TOTL.ZS,1978,
VGB,SL.UEM.TOTL.ZS,1977,
VGB,SL.UEM.TOTL.ZS,1976,
VGB,SL.UEM.TOTL.ZS,1975,
VGB,SL.UEM.TOTL.ZS,1974,
VGB,SL.UEM.TOTL.ZS,1973,
VGB,SL.UEM.TOTL.ZS,1972,
VGB,SL.UEM.TOTL.ZS,1971,
VGB,SL.UEM.TOTL.ZS,1970,
VGB,SL.UEM.TOTL.ZS,1969,
VGB,SL.UEM.TOTL.ZS,1968,
VGB,SL.UEM.TOTL.ZS,1967,
VGB,SL.UEM.TOTL.ZS,1966,
VGB,SL.UEM.TOTL.ZS,1965,
VGB,SL.UEM.TOTL.ZS,1964,
VGB,SL.UEM.TOTL.ZS,1963,
VGB,SL.UEM.TOTL.ZS,1962,
VGB,SL.UEM.TOTL.ZS,1961,
VGB,SL.UEM.TOTL.ZS,1960,
BRN,SL.UEM.TOTL.ZS,2024,5.144
BRN,SL.UEM.TOTL.ZS,2023,5.183
BRN,SL.UEM.TOTL.ZS,2022,5.191
BRN,SL.UEM.TOTL.ZS,2021,4.905
BRN,SL.UEM.TOTL.ZS,2020,7.409
BRN,SL.UEM.TOTL.ZS,2019,6.6
BRN,SL.UEM.TOTL.ZS,2018,8.7
BRN,SL.UEM.TOTL.ZS,2017,9.316
BRN,SL.UEM.TOTL.ZS,2016,8.574
BRN,SL.UEM.TOTL.ZS,2015,7.726
BRN,SL.UEM.TOTL.ZS,2014,6.862
BRN,SL.UEM.TOTL.ZS,2013,6.655
BRN,SL.UEM.TOTL.ZS,2012,6.482
BRN,SL.UEM.TOTL.ZS,2011,6.442
BRN,SL.UEM.TOTL.ZS,2010,6.455
BRN,SL.UEM.TOTL.ZS,2009,6.411
BRN,SL.UEM.TOTL.ZS,2008,6.216
BRN,SL.UEM.TOTL.ZS,2007,6.091
BRN,SL.UEM.TOTL.ZS,2006,5.997
BRN,SL.UEM.TOTL.ZS,2005,5.931
BRN,SL.UEM.TOTL.ZS,2004,5.786
BRN,SL.UEM.TOTL.ZS,2003,5.663
BRN,SL.UEM.TOTL.ZS,2002,5.575
BRN,SL.UEM.TOTL.ZS,2001,5.499
BRN,SL.UEM.TOTL.ZS,2000,5.459
BRN,SL.UEM.TOTL.ZS,1999,5.434
BRN,SL.UEM.TOTL.ZS,1998,5.347
BRN,SL.UEM.TOTL.ZS,1997,5.186
BRN,SL.UEM.TOTL.ZS,1996,5.035
BRN,SL.UEM.TOTL.ZS,1995,4.982
BRN,SL.UEM.TOTL.ZS,1994,4.892
BRN,SL.UEM.TOTL.ZS,1993,4.806
BRN,SL.UEM.TOTL.ZS,1992,4.711
BRN,SL.UEM.TOTL.ZS,1991,4.7
BRN,SL.UEM.TOTL.ZS,1990,
BRN,SL.UEM.TOTL.ZS,1989,
BRN,SL.UEM.TOTL.ZS,1988,
BRN,SL.UEM.TOTL.ZS,1987,
BRN,SL.UEM.TOTL.ZS,1986,
BRN,SL.UEM.TOTL.ZS,1985,
BRN,SL.UEM.TOTL.ZS,1984,
BRN,SL.UEM.TOTL.ZS,1983,
BRN,SL.UEM.TOTL.ZS,1982,
BRN,SL.UEM.TOTL.ZS,1981,
BRN,SL.UEM.TOTL.ZS,1980,
BRN,SL.UEM.TOTL.ZS,1979,
BRN,SL.UEM.TOTL.ZS,1978,
BRN,SL.UEM.TOTL.ZS,1977,
BRN,SL.UEM.TOTL.ZS,1976,
BRN,SL.UEM.TOTL.ZS,1975,
BRN,SL.UEM.TOTL.ZS,1974,
BRN,SL.UEM.TOTL.ZS,1973,
BRN,SL.UEM.TOTL.ZS,1972,
BRN,SL.UEM.TOTL.ZS,1971,
BRN,SL.UEM.TOTL.ZS,1970,
BRN,SL.UEM.TOTL.ZS,1969,
BRN,SL.UEM.TOTL.ZS,1968,
BRN,SL.UEM.TOTL.ZS,1967,
BRN,SL.UEM.TOTL.ZS,1966,
BRN,SL.UEM.TOTL.ZS,1965,
BRN,SL.UEM.TOTL.ZS,1964,
BRN,SL.UEM.TOTL.ZS,1963,
BRN,SL.UEM.TOTL.ZS,1962,
BRN,SL.UEM.TOTL.ZS,1961,
BRN,SL.UEM.TOTL.ZS,1960,
BGR,SL.UEM.TOTL.ZS,2024,4.104
BGR,SL.UEM.TOTL.ZS,2023,4.319
BGR,SL.UEM.TOTL.ZS,2022,4.268
BGR,SL.UEM.TOTL.ZS,2021,5.267
BGR,SL.UEM.TOTL.ZS,2020,5.125
BGR,SL.UEM.TOTL.ZS,2019,4.23
BGR,SL.UEM.TOTL.ZS,2018,5.211
BGR,SL.UEM.TOTL.ZS,2017,6.164
BGR,SL.UEM.TOTL.ZS,2016,7.575
BGR,SL.UEM.TOTL.ZS,2015,9.143
BGR,SL.UEM.TOTL.ZS,2014,11.424
BGR,SL.UEM.TOTL.ZS,2013,12.941
BGR,SL.UEM.TOTL.ZS,2012,12.27
BGR,SL.UEM.TOTL.ZS,2011,11.26
BGR,SL.UEM.TOTL.ZS,2010,10.279
BGR,SL.UEM.TOTL.ZS,2009,6.817
BGR,SL.UEM.TOTL.ZS,2008,5.609
BGR,SL.UEM.TOTL.ZS,2007,6.878
BGR,SL.UEM.TOTL.ZS,2006,8.951
BGR,SL.UEM.TOTL.ZS,2005,10.083
BGR,SL.UEM.TOTL.ZS,2004,12.037
BGR,SL.UEM.TOTL.ZS,2003,13.733
BGR,SL.UEM.TOTL.ZS,2002,18.11
BGR,SL.UEM.TOTL.ZS,2001,19.921
BGR,SL.UEM.TOTL.ZS,2000,16.218
BGR,SL.UEM.TOTL.ZS,1999,14.1
BGR,SL.UEM.TOTL.ZS,1998,12.2
BGR,SL.UEM.TOTL.ZS,1997,13.7
BGR,SL.UEM.TOTL.ZS,1996,12.5
BGR,SL.UEM.TOTL.ZS,1995,11.1
BGR,SL.UEM.TOTL.ZS,1994,12.8
BGR,SL.UEM.TOTL.ZS,1993,16.4
BGR,SL.UEM.TOTL.ZS,1992,15.3
BGR,SL.UEM.TOTL.ZS,1991,11.1
BGR,SL.UEM.TOTL.ZS,1990,
BGR,SL.UEM.TOTL.ZS,1989,
BGR,SL.UEM.TOTL.ZS,1988,
BGR,SL.UEM.TOTL.ZS,1987,
BGR,SL.UEM.TOTL.ZS,1986,
BGR,SL.UEM.TOTL.ZS,1985,
BGR,SL.UEM.TOTL.ZS,1984,
BGR,SL.UEM.TOTL.ZS,1983,
BGR,SL.UEM.TOTL.ZS,1982,
BGR,SL.UEM.TOTL.ZS,1981,
BGR,SL.UEM.TOTL.ZS,1980,
BGR,SL.UEM.TOTL.ZS,1979,
BGR,SL.UEM.TOTL.ZS,1978,
BGR,SL.UEM.TOTL.ZS,1977,
BGR,SL.UEM.TOTL.ZS,1976,
BGR,SL.UEM.TOTL.ZS,1975,
BGR,SL.UEM.TOTL.ZS,1974,
BGR,SL.UEM.TOTL.ZS,1973,
BGR,SL.UEM.TOTL.ZS,1972,
BGR,SL.UEM.TOTL.ZS,1971,
BGR,SL.UEM.TOTL.ZS,1970,
BGR,SL.UEM.TOTL.ZS,1969,
BGR,SL.UEM.TOTL.ZS,1968,
BGR,SL.UEM.TOTL.ZS,1967,
BGR,SL.UEM.TOTL.ZS,1966,
BGR,SL.UEM.TOTL.ZS,1965,
BGR,SL.UEM.TOTL.ZS,1964,
BGR,SL.UEM.TOTL.ZS,1963,
BGR,SL.UEM.TOTL.ZS,1962,
BGR,SL.UEM.TOTL.ZS,1961,
BGR,SL.UEM.TOTL.ZS,1960,
BFA,SL.UEM.TOTL.ZS,2024,5.166
BFA,SL.UEM.TOTL.ZS,2023,5.348
BFA,SL.UEM.TOTL.ZS,2022,5.389
BFA,SL.UEM.TOTL.ZS,2021,5.2
BFA,SL.UEM.TOTL.ZS,2020,5.04
BFA,SL.UEM.TOTL.ZS,2019,4.71
BFA,SL.UEM.TOTL.ZS,2018,4.695
BFA,SL.UEM.TOTL.ZS,2017,4.656
BFA,SL.UEM.TOTL.ZS,2016,4.587
BFA,SL.UEM.TOTL.ZS,2015,4.461
BFA,SL.UEM.TOTL.ZS,2014,4.251
BFA,SL.UEM.TOTL.ZS,2013,4.055
BFA,SL.UEM.TOTL.ZS,2012,3.856
BFA,SL.UEM.TOTL.ZS,2011,3.827
BFA,SL.UEM.TOTL.ZS,2010,3.723
BFA,SL.UEM.TOTL.ZS,2009,3.711
BFA,SL.UEM.TOTL.ZS,2008,3.496
BFA,SL.UEM.TOTL.ZS,2007,3.3
BFA,SL.UEM.TOTL.ZS,2006,3.669
BFA,SL.UEM.TOTL.ZS,2005,4.0
BFA,SL.UEM.TOTL.ZS,2004,3.473
BFA,SL.UEM.TOTL.ZS,2003,2.78
BFA,SL.UEM.TOTL.ZS,2002,2.851
BFA,SL.UEM.TOTL.ZS,2001,2.74
BFA,SL.UEM.TOTL.ZS,2000,2.679
BFA,SL.UEM.TOTL.ZS,1999,2.549
BFA,SL.UEM.TOTL.ZS,1998,2.44
BFA,SL.UEM.TOTL.ZS,1997,2.416
BFA,SL.UEM.TOTL.ZS,1996,2.451
BFA,SL.UEM.TOTL.ZS,1995,2.533
BFA,SL.UEM.TOTL.ZS,1994,2.58
BFA,SL.UEM.TOTL.ZS,1993,2.438
BFA,SL.UEM.TOTL.ZS,1992,2.511
BFA,SL.UEM.TOTL.ZS,1991,2.477
BFA,SL.UEM.TOTL.ZS,1990,
BFA,SL.UEM.TOTL.ZS,1989,
BFA,SL.UEM.TOTL.ZS,1988,
BFA,SL.UEM.TOTL.ZS,1987,
BFA,SL.UEM.TOTL.ZS,1986,
BFA,SL.UEM.TOTL.ZS,1985,
BFA,SL.UEM.TOTL.ZS,1984,
BFA,SL.UEM.TOTL.ZS,1983,
BFA,SL.UEM.TOTL.ZS,1982,
BFA,SL.UEM.TOTL.ZS,1981,
BFA,SL.UEM.TOTL.ZS,1980,
BFA,SL.UEM.TOTL.ZS,1979,
BFA,SL.UEM.TOTL.ZS,1978,
BFA,SL.UEM.TOTL.ZS,1977,
BFA,SL.UEM.TOTL.ZS,1976,
BFA,SL.UEM.TOTL.ZS,1975,
BFA,SL.UEM.TOTL.ZS,1974,
BFA,SL.UEM.TOTL.ZS,1973,
BFA,SL.UEM.TOTL.ZS,1972,
BFA,SL.UEM.TOTL.ZS,1971,
BFA,SL.UEM.TOTL.ZS,1970,
BFA,SL.UEM.TOTL.ZS,1969,
BFA,SL.UEM.TOTL.ZS,1968,
BFA,SL.UEM.TOTL.ZS,1967,
BFA,SL.UEM.TOTL.ZS,1966,
BFA,SL.UEM.TOTL.ZS,1965,
BFA,SL.UEM.TOTL.ZS,1964,
BFA,SL.UEM.TOTL.ZS,1963,
BFA,SL.UEM.TOTL.ZS,1962,
BFA,SL.UEM.TOTL.ZS,1961,
BFA,SL.UEM.TOTL.ZS,1960,
BDI,SL.UEM.TOTL.ZS,2024,0.902
BDI,SL.UEM.TOTL.ZS,2023,0.921
BDI,SL.UEM.TOTL.ZS,2022,0.915
BDI,SL.UEM.TOTL.ZS,2021,1.118
BDI,SL.UEM.TOTL.ZS,2020,1.03
BDI,SL.UEM.TOTL.ZS,2019,1.043
BDI,SL.UEM.TOTL.ZS,2018,1.146
BDI,SL.UEM.TOTL.ZS,2017,1.247
BDI,SL.UEM.TOTL.ZS,2016,1.347
BDI,SL.UEM.TOTL.ZS,2015,1.442
BDI,SL.UEM.TOTL.ZS,2014,1.572
BDI,SL.UEM.TOTL.ZS,2013,1.584
BDI,SL.UEM.TOTL.ZS,2012,1.593
BDI,SL.UEM.TOTL.ZS,2011,1.602
BDI,SL.UEM.TOTL.ZS,2010,1.616
BDI,SL.UEM.TOTL.ZS,2009,1.621
BDI,SL.UEM.TOTL.ZS,2008,1.634
BDI,SL.UEM.TOTL.ZS,2007,2.401
BDI,SL.UEM.TOTL.ZS,2006,3.185
BDI,SL.UEM.TOTL.ZS,2005,3.153
BDI,SL.UEM.TOTL.ZS,2004,3.177
BDI,SL.UEM.TOTL.ZS,2003,3.134
BDI,SL.UEM.TOTL.ZS,2002,3.169
BDI,SL.UEM.TOTL.ZS,2001,3.15
BDI,SL.UEM.TOTL.ZS,2000,3.129
BDI,SL.UEM.TOTL.ZS,1999,3.125
BDI,SL.UEM.TOTL.ZS,1998,3.159
BDI,SL.UEM.TOTL.ZS,1997,3.116
BDI,SL.UEM.TOTL.ZS,1996,3.076
BDI,SL.UEM.TOTL.ZS,1995,3.077
BDI,SL.UEM.TOTL.ZS,1994,3.095
BDI,SL.UEM.TOTL.ZS,1993,3.08
BDI,SL.UEM.TOTL.ZS,1992,3.133
BDI,SL.UEM.TOTL.ZS,1991,3.158
BDI,SL.UEM.TOTL.ZS,1990,
BDI,SL.UEM.TOTL.ZS,1989,
BDI,SL.UEM.TOTL.ZS,1988,
BDI,SL.UEM.TOTL.ZS,1987,
BDI,SL.UEM.TOTL.ZS,1986,
BDI,SL.UEM.TOTL.ZS,1985,
BDI,SL.UEM.TOTL.ZS,1984,
BDI,SL.UEM.TOTL.ZS,1983,
BDI,SL.UEM.TOTL.ZS,1982,
BDI,SL.UEM.TOTL.ZS,1981,
BDI,SL.UEM.TOTL.ZS,1980,
BDI,SL.UEM.TOTL.ZS,1979,
BDI,SL.UEM.TOTL.ZS,1978,
BDI,SL.UEM.TOTL.ZS,1977,
BDI,SL.UEM.TOTL.ZS,1976,
BDI,SL.UEM.TOTL.ZS,1975,
BDI,SL.UEM.TOTL.ZS,1974,
BDI,SL.UEM.TOTL.ZS,1973,
BDI,SL.UEM.TOTL.ZS,1972,
BDI,SL.UEM.TOTL.ZS,1971,
BDI,SL.UEM.TOTL.ZS,1970,
BDI,SL.UEM.TOTL.ZS,1969,
BDI,SL.UEM.TOTL.ZS,1968,
BDI,SL.UEM.TOTL.ZS,1967,
BDI,SL.UEM.TOTL.ZS,1966,
BDI,SL.UEM.TOTL.ZS,1965,
BDI,SL.UEM.TOTL.ZS,1964,
BDI,SL.UEM.TOTL.ZS,1963,
BDI,SL.UEM.TOTL.ZS,1962,
BDI,SL.UEM.TOTL.ZS,1961,
BDI,SL.UEM.TOTL.ZS,1960,
CPV,SL.UEM.TOTL.ZS,2024,11.878
CPV,SL.UEM.TOTL.ZS,2023,11.971
CPV,SL.UEM.TOTL.ZS,2022,12.246
CPV,SL.UEM.TOTL.ZS,2021,13.976
CPV,SL.UEM.TOTL.ZS,2020,14.69
CPV,SL.UEM.TOTL.ZS,2019,12.128
CPV,SL.UEM.TOTL.ZS,2018,12.17
CPV,SL.UEM.TOTL.ZS,2017,12.24
CPV,SL.UEM.TOTL.ZS,2016,12.077
CPV,SL.UEM.TOTL.ZS,2015,11.907
CPV,SL.UEM.TOTL.ZS,2014,11.674
CPV,SL.UEM.TOTL.ZS,2013,11.392
CPV,SL.UEM.TOTL.ZS,2012,11.142
CPV,SL.UEM.TOTL.ZS,2011,10.948
CPV,SL.UEM.TOTL.ZS,2010,10.67
CPV,SL.UEM.TOTL.ZS,2009,13.517
CPV,SL.UEM.TOTL.ZS,2008,13.335
CPV,SL.UEM.TOTL.ZS,2007,13.323
CPV,SL.UEM.TOTL.ZS,2006,13.397
CPV,SL.UEM.TOTL.ZS,2005,13.45
CPV,SL.UEM.TOTL.ZS,2004,13.465
CPV,SL.UEM.TOTL.ZS,2003,13.592
CPV,SL.UEM.TOTL.ZS,2002,13.397
CPV,SL.UEM.TOTL.ZS,2001,13.278
CPV,SL.UEM.TOTL.ZS,2000,13.088
CPV,SL.UEM.TOTL.ZS,1999,13.13
CPV,SL.UEM.TOTL.ZS,1998,13.117
CPV,SL.UEM.TOTL.ZS,1997,13.078
CPV,SL.UEM.TOTL.ZS,1996,12.934
CPV,SL.UEM.TOTL.ZS,1995,12.969
CPV,SL.UEM.TOTL.ZS,1994,13.016
CPV,SL.UEM.TOTL.ZS,1993,13.314
CPV,SL.UEM.TOTL.ZS,1992,13.448
CPV,SL.UEM.TOTL.ZS,1991,13.535
CPV,SL.UEM.TOTL.ZS,1990,
CPV,SL.UEM.TOTL.ZS,1989,
CPV,SL.UEM.TOTL.ZS,1988,
CPV,SL.UEM.TOTL.ZS,1987,
CPV,SL.UEM.TOTL.ZS,1986,
CPV,SL.UEM.TOTL.ZS,1985,
CPV,SL.UEM.TOTL.ZS,1984,
CPV,SL.UEM.TOTL.ZS,1983,
CPV,SL.UEM.TOTL.ZS,1982,
CPV,SL.UEM.TOTL.ZS,1981,
CPV,SL.UEM.TOTL.ZS,1980,
CPV,SL.UEM.TOTL.ZS,1979,
CPV,SL.UEM.TOTL.ZS,1978,
CPV,SL.UEM.TOTL.ZS,1977,
CPV,SL.UEM.TOTL.ZS,1976,
CPV,SL.UEM.TOTL.ZS,1975,
CPV,SL.UEM.TOTL.ZS,1974,
CPV,SL.UEM.TOTL.ZS,1973,
CPV,SL.UEM.TOTL.ZS,1972,
CPV,SL.UEM.TOTL.ZS,1971,
CPV,SL.UEM.TOTL.ZS,1970,
CPV,SL.UEM.TOTL.ZS,1969,
CPV,SL.UEM.TOTL.ZS,1968,
CPV,SL.UEM.TOTL.ZS,1967,
CPV,SL.UEM.TOTL.ZS,1966,
CPV,SL.UEM.TOTL.ZS,1965,
CPV,SL.UEM.TOTL.ZS,1964,
CPV,SL.UEM.TOTL.ZS,1963,
CPV,SL.UEM.TOTL.ZS,1962,
CPV,SL.UEM.TOTL.ZS,1961,
CPV,SL.UEM.TOTL.ZS,1960,
KHM,SL.UEM.TOTL.ZS,2024,0.27
KHM,SL.UEM.TOTL.ZS,2023,0.225
KHM,SL.UEM.TOTL.ZS,2022,0.231
KHM,SL.UEM.TOTL.ZS,2021,0.396
KHM,SL.UEM.TOTL.ZS,2020,0.172
KHM,SL.UEM.TOTL.ZS,2019,0.119
KHM,SL.UEM.TOTL.ZS,2018,0.13
KHM,SL.UEM.TOTL.ZS,2017,0.141
KHM,SL.UEM.TOTL.ZS,2016,0.716
KHM,SL.UEM.TOTL.ZS,2015,0.393
KHM,SL.UEM.TOTL.ZS,2014,0.692
KHM,SL.UEM.TOTL.ZS,2013,0.438
KHM,SL.UEM.TOTL.ZS,2012,0.496
KHM,SL.UEM.TOTL.ZS,2011,0.577
KHM,SL.UEM.TOTL.ZS,2010,0.771
KHM,SL.UEM.TOTL.ZS,2009,0.579
KHM,SL.UEM.TOTL.ZS,2008,0.825
KHM,SL.UEM.TOTL.ZS,2007,1.257
KHM,SL.UEM.TOTL.ZS,2006,1.152
KHM,SL.UEM.TOTL.ZS,2005,1.064
KHM,SL.UEM.TOTL.ZS,2004,1.003
KHM,SL.UEM.TOTL.ZS,2003,0.909
KHM,SL.UEM.TOTL.ZS,2002,0.852
KHM,SL.UEM.TOTL.ZS,2001,0.774
KHM,SL.UEM.TOTL.ZS,2000,0.744
KHM,SL.UEM.TOTL.ZS,1999,0.726
KHM,SL.UEM.TOTL.ZS,1998,0.71
KHM,SL.UEM.TOTL.ZS,1997,0.638
KHM,SL.UEM.TOTL.ZS,1996,0.963
KHM,SL.UEM.TOTL.ZS,1995,0.974
KHM,SL.UEM.TOTL.ZS,1994,0.995
KHM,SL.UEM.TOTL.ZS,1993,0.745
KHM,SL.UEM.TOTL.ZS,1992,0.76
KHM,SL.UEM.TOTL.ZS,1991,0.781
KHM,SL.UEM.TOTL.ZS,1990,
KHM,SL.UEM.TOTL.ZS,1989,
KHM,SL.UEM.TOTL.ZS,1988,
KHM,SL.UEM.TOTL.ZS,1987,
KHM,SL.UEM.TOTL.ZS,1986,
KHM,SL.UEM.TOTL.ZS,1985,
KHM,SL.UEM.TOTL.ZS,1984,
KHM,SL.UEM.TOTL.ZS,1983,
KHM,SL.UEM.TOTL.ZS,1982,
KHM,SL.UEM.TOTL.ZS,1981,
KHM,SL.UEM.TOTL.ZS,1980,
KHM,SL.UEM.TOTL.ZS,1979,
KHM,SL.UEM.TOTL.ZS,1978,
KHM,SL.UEM.TOTL.ZS,1977,
KHM,SL.UEM.TOTL.ZS,1976,
KHM,SL.UEM.TOTL.ZS,1975,
KHM,SL.UEM.TOTL.ZS,1974,
KHM,SL.UEM.TOTL.ZS,1973,
KHM,SL.UEM.TOTL.ZS,1972,
KHM,SL.UEM.TOTL.ZS,1971,
KHM,SL.UEM.TOTL.ZS,1970,
KHM,SL.UEM.TOTL.ZS,1969,
KHM,SL.UEM.TOTL.ZS,1968,
KHM,SL.UEM.TOTL.ZS,1967,
KHM,SL.UEM.TOTL.ZS,1966,
KHM,SL.UEM.TOTL.ZS,1965,
KHM,SL.UEM.TOTL.ZS,1964,
KHM,SL.UEM.TOTL.ZS,1963,
KHM,SL.UEM.TOTL.ZS,1962,
KHM,SL.UEM.TOTL.ZS,1961,
KHM,SL.UEM.TOTL.ZS,1960,
CMR,SL.UEM.TOTL.ZS,2024,3.518
CMR,SL.UEM.TOTL.ZS,2023,3.613
CMR,SL.UEM.TOTL.ZS,2022,3.653
CMR,SL.UEM.TOTL.ZS,2021,3.973
CMR,SL.UEM.TOTL.ZS,2020,3.87
CMR,SL.UEM.TOTL.ZS,2019,3.622
CMR,SL.UEM.TOTL.ZS,2018,3.601
CMR,SL.UEM.TOTL.ZS,2017,3.568
CMR,SL.UEM.TOTL.ZS,2016,3.528
CMR,SL.UEM.TOTL.ZS,2015,3.518
CMR,SL.UEM.TOTL.ZS,2014,3.534
CMR,SL.UEM.TOTL.ZS,2013,3.685
CMR,SL.UEM.TOTL.ZS,2012,3.835
CMR,SL.UEM.TOTL.ZS,2011,3.987
CMR,SL.UEM.TOTL.ZS,2010,4.11
CMR,SL.UEM.TOTL.ZS,2009,3.744
CMR,SL.UEM.TOTL.ZS,2008,3.387
CMR,SL.UEM.TOTL.ZS,2007,3.063
CMR,SL.UEM.TOTL.ZS,2006,3.729
CMR,SL.UEM.TOTL.ZS,2005,4.4
CMR,SL.UEM.TOTL.ZS,2004,5.091
CMR,SL.UEM.TOTL.ZS,2003,5.908
CMR,SL.UEM.TOTL.ZS,2002,6.709
CMR,SL.UEM.TOTL.ZS,2001,7.46
CMR,SL.UEM.TOTL.ZS,2000,7.536
CMR,SL.UEM.TOTL.ZS,1999,7.601
CMR,SL.UEM.TOTL.ZS,1998,7.702
CMR,SL.UEM.TOTL.ZS,1997,7.864
CMR,SL.UEM.TOTL.ZS,1996,8.06
CMR,SL.UEM.TOTL.ZS,1995,8.566
CMR,SL.UEM.TOTL.ZS,1994,8.83
CMR,SL.UEM.TOTL.ZS,1993,9.089
CMR,SL.UEM.TOTL.ZS,1992,8.999
CMR,SL.UEM.TOTL.ZS,1991,8.936
CMR,SL.UEM.TOTL.ZS,1990,
CMR,SL.UEM.TOTL.ZS,1989,
CMR,SL.UEM.TOTL.ZS,1988,
CMR,SL.UEM.TOTL.ZS,1987,
CMR,SL.UEM.TOTL.ZS,1986,
CMR,SL.UEM.TOTL.ZS,1985,
CMR,SL.UEM.TOTL.ZS,1984,
CMR,SL.UEM.TOTL.ZS,1983,
CMR,SL.UEM.TOTL.ZS,1982,
CMR,SL.UEM.TOTL.ZS,1981,
CMR,SL.UEM.TOTL.ZS,1980,
CMR,SL.UEM.TOTL.ZS,1979,
CMR,SL.UEM.TOTL.ZS,1978,
CMR,SL.UEM.TOTL.ZS,1977,
CMR,SL.UEM.TOTL.ZS,1976,
CMR,SL.UEM.TOTL.ZS,1975,
CMR,SL.UEM.TOTL.ZS,1974,
CMR,SL.UEM.TOTL.ZS,1973,
CMR,SL.UEM.TOTL.ZS,1972,
CMR,SL.UEM.TOTL.ZS,1971,
CMR,SL.UEM.TOTL.ZS,1970,
CMR,SL.UEM.TOTL.ZS,1969,
CMR,SL.UEM.TOTL.ZS,1968,
CMR,SL.UEM.TOTL.ZS,1967,
CMR,SL.UEM.TOTL.ZS,1966,
CMR,SL.UEM.TOTL.ZS,1965,
CMR,SL.UEM.TOTL.ZS,1964,
CMR,SL.UEM.TOTL.ZS,1963,
CMR,SL.UEM.TOTL.ZS,1962,
CMR,SL.UEM.TOTL.ZS,1961,
CMR,SL.UEM.TOTL.ZS,1960,
CAN,SL.UEM.TOTL.ZS,2024,6.45
CAN,SL.UEM.TOTL.ZS,2023,5.415
CAN,SL.UEM.TOTL.ZS,2022,5.279
CAN,SL.UEM.TOTL.ZS,2021,7.527
CAN,SL.UEM.TOTL.ZS,2020,9.657
CAN,SL.UEM.TOTL.ZS,2019,5.69
CAN,SL.UEM.TOTL.ZS,2018,5.837
CAN,SL.UEM.TOTL.ZS,2017,6.426
CAN,SL.UEM.TOTL.ZS,2016,7.038
CAN,SL.UEM.TOTL.ZS,2015,6.945
CAN,SL.UEM.TOTL.ZS,2014,7.023
CAN,SL.UEM.TOTL.ZS,2013,7.143
CAN,SL.UEM.TOTL.ZS,2012,7.392
CAN,SL.UEM.TOTL.ZS,2011,7.637
CAN,SL.UEM.TOTL.ZS,2010,8.178
CAN,SL.UEM.TOTL.ZS,2009,8.46
CAN,SL.UEM.TOTL.ZS,2008,6.284
CAN,SL.UEM.TOTL.ZS,2007,6.156
CAN,SL.UEM.TOTL.ZS,2006,6.484
CAN,SL.UEM.TOTL.ZS,2005,6.758
CAN,SL.UEM.TOTL.ZS,2004,7.185
CAN,SL.UEM.TOTL.ZS,2003,7.574
CAN,SL.UEM.TOTL.ZS,2002,7.665
CAN,SL.UEM.TOTL.ZS,2001,7.219
CAN,SL.UEM.TOTL.ZS,2000,6.829
CAN,SL.UEM.TOTL.ZS,1999,7.583
CAN,SL.UEM.TOTL.ZS,1998,8.278
CAN,SL.UEM.TOTL.ZS,1997,9.1
CAN,SL.UEM.TOTL.ZS,1996,9.62
CAN,SL.UEM.TOTL.ZS,1995,9.489
CAN,SL.UEM.TOTL.ZS,1994,10.395
CAN,SL.UEM.TOTL.ZS,1993,11.377
CAN,SL.UEM.TOTL.ZS,1992,11.197
CAN,SL.UEM.TOTL.ZS,1991,10.316
CAN,SL.UEM.TOTL.ZS,1990,
CAN,SL.UEM.TOTL.ZS,1989,
CAN,SL.UEM.TOTL.ZS,1988,
CAN,SL.UEM.TOTL.ZS,1987,
CAN,SL.UEM.TOTL.ZS,1986,
CAN,SL.UEM.TOTL.ZS,1985,
CAN,SL.UEM.TOTL.ZS,1984,
CAN,SL.UEM.TOTL.ZS,1983,
CAN,SL.UEM.TOTL.ZS,1982,
CAN,SL.UEM.TOTL.ZS,1981,
CAN,SL.UEM.TOTL.ZS,1980,
CAN,SL.UEM.TOTL.ZS,1979,
CAN,SL.UEM.TOTL.ZS,1978,
CAN,SL.UEM.TOTL.ZS,1977,
CAN,SL.UEM.TOTL.ZS,1976,
CAN,SL.UEM.TOTL.ZS,1975,
CAN,SL.UEM.TOTL.ZS,1974,
CAN,SL.UEM.TOTL.ZS,1973,
CAN,SL.UEM.TOTL.ZS,1972,
CAN,SL.UEM.TOTL.ZS,1971,
CAN,SL.UEM.TOTL.ZS,1970,
CAN,SL.UEM.TOTL.ZS,1969,
CAN,SL.UEM.TOTL.ZS,1968,
CAN,SL.UEM.TOTL.ZS,1967,
CAN,SL.UEM.TOTL.ZS,1966,
CAN,SL.UEM.TOTL.ZS,1965,
CAN,SL.UEM.TOTL.ZS,1964,
CAN,SL.UEM.TOTL.ZS,1963,
CAN,SL.UEM.TOTL.ZS,1962,
CAN,SL.UEM.TOTL.ZS,1961,
CAN,SL.UEM.TOTL.ZS,1960,
CYM,SL.UEM.TOTL.ZS,2024,
CYM,SL.UEM.TOTL.ZS,2023,
CYM,SL.UEM.TOTL.ZS,2022,
CYM,SL.UEM.TOTL.ZS,2021,
CYM,SL.UEM.TOTL.ZS,2020,
CYM,SL.UEM.TOTL.ZS,2019,
CYM,SL.UEM.TOTL.ZS,2018,
CYM,SL.UEM.TOTL.ZS,2017,
CYM,SL.UEM.TOTL.ZS,2016,
CYM,SL.UEM.TOTL.ZS,2015,
CYM,SL.UEM.TOTL.ZS,2014,
CYM,SL.UEM.TOTL.ZS,2013,
CYM,SL.UEM.TOTL.ZS,2012,
CYM,SL.UEM.TOTL.ZS,2011,
CYM,SL.UEM.TOTL.ZS,2010,
CYM,SL.UEM.TOTL.ZS,2009,
CYM,SL.UEM.TOTL.ZS,2008,
CYM,SL.UEM.TOTL.ZS,2007,
CYM,SL.UEM.TOTL.ZS,2006,
CYM,SL.UEM.TOTL.ZS,2005,
CYM,SL.UEM.TOTL.ZS,2004,
CYM,SL.UEM.TOTL.ZS,2003,
CYM,SL.UEM.TOTL.ZS,2002,
CYM,SL.UEM.TOTL.ZS,2001,
CYM,SL.UEM.TOTL.ZS,2000,
CYM,SL.UEM.TOTL.ZS,1999,
CYM,SL.UEM.TOTL.ZS,1998,
CYM,SL.UEM.TOTL.ZS,1997,
CYM,SL.UEM.TOTL.ZS,1996,
CYM,SL.UEM.TOTL.ZS,1995,
CYM,SL.UEM.TOTL.ZS,1994,
CYM,SL.UEM.TOTL.ZS,1993,
CYM,SL.UEM.TOTL.ZS,1992,
CYM,SL.UEM.TOTL.ZS,1991,
CYM,SL.UEM.TOTL.ZS,1990,
CYM,SL.UEM.TOTL.ZS,1989,
CYM,SL.UEM.TOTL.ZS,1988,
CYM,SL.UEM.TOTL.ZS,1987,
CYM,SL.UEM.TOTL.ZS,1986,
CYM,SL.UEM.TOTL.ZS,1985,
CYM,SL.UEM.TOTL.ZS,1984,
CYM,SL.UEM.TOTL.ZS,1983,
CYM,SL.UEM.TOTL.ZS,1982,
CYM,SL.UEM.TOTL.ZS,1981,
CYM,SL.UEM.TOTL.ZS,1980,
CYM,SL.UEM.TOTL.ZS,1979,
CYM,SL.UEM.TOTL.ZS,1978,
CYM,SL.UEM.TOTL.ZS,1977,
CYM,SL.UEM.TOTL.ZS,1976,
CYM,SL.UEM.TOTL.ZS,1975,
CYM,SL.UEM.TOTL.ZS,1974,
CYM,SL.UEM.TOTL.ZS,1973,
CYM,SL.UEM.TOTL.ZS,1972,
CYM,SL.UEM.TOTL.ZS,1971,
CYM,SL.UEM.TOTL.ZS,1970,
CYM,SL.UEM.TOTL.ZS,1969,
CYM,SL.UEM.TOTL.ZS,1968,
CYM,SL.UEM.TOTL.ZS,1967,
CYM,SL.UEM.TOTL.ZS,1966,
CYM,SL.UEM.TOTL.ZS,1965,
CYM,SL.UEM.TOTL.ZS,1964,
CYM,SL.UEM.TOTL.ZS,1963,
CYM,SL.UEM.TOTL.ZS,1962,
CYM,SL.UEM.TOTL.ZS,1961,
CYM,SL.UEM.TOTL.ZS,1960,
CAF,SL.UEM.TOTL.ZS,2024,5.899
CAF,SL.UEM.TOTL.ZS,2023,5.877
CAF,SL.UEM.TOTL.ZS,2022,5.956
CAF,SL.UEM.TOTL.ZS,2021,6.375
CAF,SL.UEM.TOTL.ZS,2020,6.196
CAF,SL.UEM.TOTL.ZS,2019,5.607
CAF,SL.UEM.TOTL.ZS,2018,5.517
CAF,SL.UEM.TOTL.ZS,2017,5.534
CAF,SL.UEM.TOTL.ZS,2016,5.491
CAF,SL.UEM.TOTL.ZS,2015,5.477
CAF,SL.UEM.TOTL.ZS,2014,5.326
CAF,SL.UEM.TOTL.ZS,2013,5.243
CAF,SL.UEM.TOTL.ZS,2012,5.243
CAF,SL.UEM.TOTL.ZS,2011,5.281
CAF,SL.UEM.TOTL.ZS,2010,5.291
CAF,SL.UEM.TOTL.ZS,2009,5.202
CAF,SL.UEM.TOTL.ZS,2008,5.139
CAF,SL.UEM.TOTL.ZS,2007,5.191
CAF,SL.UEM.TOTL.ZS,2006,5.235
CAF,SL.UEM.TOTL.ZS,2005,5.314
CAF,SL.UEM.TOTL.ZS,2004,5.352
CAF,SL.UEM.TOTL.ZS,2003,5.433
CAF,SL.UEM.TOTL.ZS,2002,5.437
CAF,SL.UEM.TOTL.ZS,2001,5.405
CAF,SL.UEM.TOTL.ZS,2000,5.362
CAF,SL.UEM.TOTL.ZS,1999,5.411
CAF,SL.UEM.TOTL.ZS,1998,5.421
CAF,SL.UEM.TOTL.ZS,1997,5.449
CAF,SL.UEM.TOTL.ZS,1996,5.488
CAF,SL.UEM.TOTL.ZS,1995,5.51
CAF,SL.UEM.TOTL.ZS,1994,5.551
CAF,SL.UEM.TOTL.ZS,1993,5.521
CAF,SL.UEM.TOTL.ZS,1992,5.455
CAF,SL.UEM.TOTL.ZS,1991,5.334
CAF,SL.UEM.TOTL.ZS,1990,
CAF,SL.UEM.TOTL.ZS,1989,
CAF,SL.UEM.TOTL.ZS,1988,
CAF,SL.UEM.TOTL.ZS,1987,
CAF,SL.UEM.TOTL.ZS,1986,
CAF,SL.UEM.TOTL.ZS,1985,
CAF,SL.UEM.TOTL.ZS,1984,
CAF,SL.UEM.TOTL.ZS,1983,
CAF,SL.UEM.TOTL.ZS,1982,
CAF,SL.UEM.TOTL.ZS,1981,
CAF,SL.UEM.TOTL.ZS,1980,
CAF,SL.UEM.TOTL.ZS,1979,
CAF,SL.UEM.TOTL.ZS,1978,
CAF,SL.UEM.TOTL.ZS,1977,
CAF,SL.UEM.TOTL.ZS,1976,
CAF,SL.UEM.TOTL.ZS,1975,
CAF,SL.UEM.TOTL.ZS,1974,
CAF,SL.UEM.TOTL.ZS,1973,
CAF,SL.UEM.TOTL.ZS,1972,
CAF,SL.UEM.TOTL.ZS,1971,
CAF,SL.UEM.TOTL.ZS,1970,
CAF,SL.UEM.TOTL.ZS,1969,
CAF,SL.UEM.TOTL.ZS,1968,
CAF,SL.UEM.TOTL.ZS,1967,
CAF,SL.UEM.TOTL.ZS,1966,
CAF,SL.UEM.TOTL.ZS,1965,
CAF,SL.UEM.TOTL.ZS,1964,
CAF,SL.UEM.TOTL.ZS,1963,
CAF,SL.UEM.TOTL.ZS,1962,
CAF,SL.UEM.TOTL.ZS,1961,
CAF,SL.UEM.TOTL.ZS,1960,
TCD,SL.UEM.TOTL.ZS,2024,1.088
TCD,SL.UEM.TOTL.ZS,2023,1.074
TCD,SL.UEM.TOTL.ZS,2022,1.096
TCD,SL.UEM.TOTL.ZS,2021,1.548
TCD,SL.UEM.TOTL.ZS,2020,1.707
TCD,SL.UEM.TOTL.ZS,2019,1.084
TCD,SL.UEM.TOTL.ZS,2018,1.135
TCD,SL.UEM.TOTL.ZS,2017,1.116
TCD,SL.UEM.TOTL.ZS,2016,1.047
TCD,SL.UEM.TOTL.ZS,2015,0.974
TCD,SL.UEM.TOTL.ZS,2014,0.933
TCD,SL.UEM.TOTL.ZS,2013,0.948
TCD,SL.UEM.TOTL.ZS,2012,0.9
TCD,SL.UEM.TOTL.ZS,2011,0.905
TCD,SL.UEM.TOTL.ZS,2010,0.878
TCD,SL.UEM.TOTL.ZS,2009,0.906
TCD,SL.UEM.TOTL.ZS,2008,0.906
TCD,SL.UEM.TOTL.ZS,2007,0.834
TCD,SL.UEM.TOTL.ZS,2006,0.724
TCD,SL.UEM.TOTL.ZS,2005,0.678
TCD,SL.UEM.TOTL.ZS,2004,0.685
TCD,SL.UEM.TOTL.ZS,2003,0.732
TCD,SL.UEM.TOTL.ZS,2002,0.769
TCD,SL.UEM.TOTL.ZS,2001,0.787
TCD,SL.UEM.TOTL.ZS,2000,0.79
TCD,SL.UEM.TOTL.ZS,1999,0.752
TCD,SL.UEM.TOTL.ZS,1998,0.727
TCD,SL.UEM.TOTL.ZS,1997,0.732
TCD,SL.UEM.TOTL.ZS,1996,0.703
TCD,SL.UEM.TOTL.ZS,1995,0.749
TCD,SL.UEM.TOTL.ZS,1994,0.709
TCD,SL.UEM.TOTL.ZS,1993,0.7
TCD,SL.UEM.TOTL.ZS,1992,0.664
TCD,SL.UEM.TOTL.ZS,1991,0.674
TCD,SL.UEM.TOTL.ZS,1990,
TCD,SL.UEM.TOTL.ZS,1989,
TCD,SL.UEM.TOTL.ZS,1988,
TCD,SL.UEM.TOTL.ZS,1987,
TCD,SL.UEM.TOTL.ZS,1986,
TCD,SL.UEM.TOTL.ZS,1985,
TCD,SL.UEM.TOTL.ZS,1984,
TCD,SL.UEM.TOTL.ZS,1983,
TCD,SL.UEM.TOTL.ZS,1982,
TCD,SL.UEM.TOTL.ZS,1981,
TCD,SL.UEM.TOTL.ZS,1980,
TCD,SL.UEM.TOTL.ZS,1979,
TCD,SL.UEM.TOTL.ZS,1978,
TCD,SL.UEM.TOTL.ZS,1977,
TCD,SL.UEM.TOTL.ZS,1976,
TCD,SL.UEM.TOTL.ZS,1975,
TCD,SL.UEM.TOTL.ZS,1974,
TCD,SL.UEM.TOTL.ZS,1973,
TCD,SL.UEM.TOTL.ZS,1972,
TCD,SL.UEM.TOTL.ZS,1971,
TCD,SL.UEM.TOTL.ZS,1970,
TCD,SL.UEM.TOTL.ZS,1969,
TCD,SL.UEM.TOTL.ZS,1968,
TCD,SL.UEM.TOTL.ZS,1967,
TCD,SL.UEM.TOTL.ZS,1966,
TCD,SL.UEM.TOTL.ZS,1965,
TCD,SL.UEM.TOTL.ZS,1964,
TCD,SL.UEM.TOTL.ZS,1963,
TCD,SL.UEM.TOTL.ZS,1962,
TCD,SL.UEM.TOTL.ZS,1961,
TCD,SL.UEM.TOTL.ZS,1960,
CHI,SL.UEM.TOTL.ZS,2024,6.256
CHI,SL.UEM.TOTL.ZS,2023,6.187
CHI,SL.UEM.TOTL.ZS,2022,6.147
CHI,SL.UEM.TOTL.ZS,2021,6.875
CHI,SL.UEM.TOTL.ZS,2020,6.863
CHI,SL.UEM.TOTL.ZS,2019,6.408
CHI,SL.UEM.TOTL.ZS,2018,6.571
CHI,SL.UEM.TOTL.ZS,2017,7.12
CHI,SL.UEM.TOTL.ZS,2016,7.715
CHI,SL.UEM.TOTL.ZS,2015,8.178
CHI,SL.UEM.TOTL.ZS,2014,8.571
CHI,SL.UEM.TOTL.ZS,2013,8.82
CHI,SL.UEM.TOTL.ZS,2012,8.264
CHI,SL.UEM.TOTL.ZS,2011,7.457
CHI,SL.UEM.TOTL.ZS,2010,7.225
CHI,SL.UEM.TOTL.ZS,2009,6.874
CHI,SL.UEM.TOTL.ZS,2008,5.478
CHI,SL.UEM.TOTL.ZS,2007,5.414
CHI,SL.UEM.TOTL.ZS,2006,5.762
CHI,SL.UEM.TOTL.ZS,2005,6.028
CHI,SL.UEM.TOTL.ZS,2004,6.047
CHI,SL.UEM.TOTL.ZS,2003,5.842
CHI,SL.UEM.TOTL.ZS,2002,5.507
CHI,SL.UEM.TOTL.ZS,2001,5.232
CHI,SL.UEM.TOTL.ZS,2000,5.551
CHI,SL.UEM.TOTL.ZS,1999,6.121
CHI,SL.UEM.TOTL.ZS,1998,6.498
CHI,SL.UEM.TOTL.ZS,1997,6.912
CHI,SL.UEM.TOTL.ZS,1996,7.125
CHI,SL.UEM.TOTL.ZS,1995,7.2
CHI,SL.UEM.TOTL.ZS,1994,7.46
CHI,SL.UEM.TOTL.ZS,1993,7.299
CHI,SL.UEM.TOTL.ZS,1992,6.316
CHI,SL.UEM.TOTL.ZS,1991,5.861
CHI,SL.UEM.TOTL.ZS,1990,
CHI,SL.UEM.TOTL.ZS,1989,
CHI,SL.UEM.TOTL.ZS,1988,
CHI,SL.UEM.TOTL.ZS,1987,
CHI,SL.UEM.TOTL.ZS,1986,
CHI,SL.UEM.TOTL.ZS,1985,
CHI,SL.UEM.TOTL.ZS,1984,
CHI,SL.UEM.TOTL.ZS,1983,
CHI,SL.UEM.TOTL.ZS,1982,
CHI,SL.UEM.TOTL.ZS,1981,
CHI,SL.UEM.TOTL.ZS,1980,
CHI,SL.UEM.TOTL.ZS,1979,
CHI,SL.UEM.TOTL.ZS,1978,
CHI,SL.UEM.TOTL.ZS,1977,
CHI,SL.UEM.TOTL.ZS,1976,
CHI,SL.UEM.TOTL.ZS,1975,
CHI,SL.UEM.TOTL.ZS,1974,
CHI,SL.UEM.TOTL.ZS,1973,
CHI,SL.UEM.TOTL.ZS,1972,
CHI,SL.UEM.TOTL.ZS,1971,
CHI,SL.UEM.TOTL.ZS,1970,
CHI,SL.UEM.TOTL.ZS,1969,
CHI,SL.UEM.TOTL.ZS,1968,
CHI,SL.UEM.TOTL.ZS,1967,
CHI,SL.UEM.TOTL.ZS,1966,
CHI,SL.UEM.TOTL.ZS,1965,
CHI,SL.UEM.TOTL.ZS,1964,
CHI,SL.UEM.TOTL.ZS,1963,
CHI,SL.UEM.TOTL.ZS,1962,
CHI,SL.UEM.TOTL.ZS,1961,
CHI,SL.UEM.TOTL.ZS,1960,
CHL,SL.UEM.TOTL.ZS,2024,9.056
CHL,SL.UEM.TOTL.ZS,2023,9.013
CHL,SL.UEM.TOTL.ZS,2022,8.249
CHL,SL.UEM.TOTL.ZS,2021,9.281
CHL,SL.UEM.TOTL.ZS,2020,10.934
CHL,SL.UEM.TOTL.ZS,2019,7.493
CHL,SL.UEM.TOTL.ZS,2018,7.623
CHL,SL.UEM.TOTL.ZS,2017,7.257
CHL,SL.UEM.TOTL.ZS,2016,6.673
CHL,SL.UEM.TOTL.ZS,2015,6.313
CHL,SL.UEM.TOTL.ZS,2014,6.483
CHL,SL.UEM.TOTL.ZS,2013,6.074
CHL,SL.UEM.TOTL.ZS,2012,6.562
CHL,SL.UEM.TOTL.ZS,2011,7.277
CHL,SL.UEM.TOTL.ZS,2010,8.278
CHL,SL.UEM.TOTL.ZS,2009,11.313
CHL,SL.UEM.TOTL.ZS,2008,9.285
CHL,SL.UEM.TOTL.ZS,2007,8.427
CHL,SL.UEM.TOTL.ZS,2006,9.024
CHL,SL.UEM.TOTL.ZS,2005,9.34
CHL,SL.UEM.TOTL.ZS,2004,10.162
CHL,SL.UEM.TOTL.ZS,2003,9.765
CHL,SL.UEM.TOTL.ZS,2002,10.168
CHL,SL.UEM.TOTL.ZS,2001,10.39
CHL,SL.UEM.TOTL.ZS,2000,10.491
CHL,SL.UEM.TOTL.ZS,1999,11.158
CHL,SL.UEM.TOTL.ZS,1998,7.307
CHL,SL.UEM.TOTL.ZS,1997,7.136
CHL,SL.UEM.TOTL.ZS,1996,7.414
CHL,SL.UEM.TOTL.ZS,1995,4.7
CHL,SL.UEM.TOTL.ZS,1994,5.87
CHL,SL.UEM.TOTL.ZS,1993,4.49
CHL,SL.UEM.TOTL.ZS,1992,4.35
CHL,SL.UEM.TOTL.ZS,1991,5.23
CHL,SL.UEM.TOTL.ZS,1990,
CHL,SL.UEM.TOTL.ZS,1989,
CHL,SL.UEM.TOTL.ZS,1988,
CHL,SL.UEM.TOTL.ZS,1987,
CHL,SL.UEM.TOTL.ZS,1986,
CHL,SL.UEM.TOTL.ZS,1985,
CHL,SL.UEM.TOTL.ZS,1984,
CHL,SL.UEM.TOTL.ZS,1983,
CHL,SL.UEM.TOTL.ZS,1982,
CHL,SL.UEM.TOTL.ZS,1981,
CHL,SL.UEM.TOTL.ZS,1980,
CHL,SL.UEM.TOTL.ZS,1979,
CHL,SL.UEM.TOTL.ZS,1978,
CHL,SL.UEM.TOTL.ZS,1977,
CHL,SL.UEM.TOTL.ZS,1976,
CHL,SL.UEM.TOTL.ZS,1975,
CHL,SL.UEM.TOTL.ZS,1974,
CHL,SL.UEM.TOTL.ZS,1973,
CHL,SL.UEM.TOTL.ZS,1972,
CHL,SL.UEM.TOTL.ZS,1971,
CHL,SL.UEM.TOTL.ZS,1970,
CHL,SL.UEM.TOTL.ZS,1969,
CHL,SL.UEM.TOTL.ZS,1968,
CHL,SL.UEM.TOTL.ZS,1967,
CHL,SL.UEM.TOTL.ZS,1966,
CHL,SL.UEM.TOTL.ZS,1965,
CHL,SL.UEM.TOTL.ZS,1964,
CHL,SL.UEM.TOTL.ZS,1963,
CHL,SL.UEM.TOTL.ZS,1962,
CHL,SL.UEM.TOTL.ZS,1961,
CHL,SL.UEM.TOTL.ZS,1960,
CHN,SL.UEM.TOTL.ZS,2024,4.571
CHN,SL.UEM.TOTL.ZS,2023,4.67
CHN,SL.UEM.TOTL.ZS,2022,4.98
CHN,SL.UEM.TOTL.ZS,2021,4.55
CHN,SL.UEM.TOTL.ZS,2020,5.0
CHN,SL.UEM.TOTL.ZS,2019,4.56
CHN,SL.UEM.TOTL.ZS,2018,4.31
CHN,SL.UEM.TOTL.ZS,2017,4.47
CHN,SL.UEM.TOTL.ZS,2016,4.56
CHN,SL.UEM.TOTL.ZS,2015,4.65
CHN,SL.UEM.TOTL.ZS,2014,4.63
CHN,SL.UEM.TOTL.ZS,2013,4.6
CHN,SL.UEM.TOTL.ZS,2012,4.58
CHN,SL.UEM.TOTL.ZS,2011,4.55
CHN,SL.UEM.TOTL.ZS,2010,4.53
CHN,SL.UEM.TOTL.ZS,2009,4.72
CHN,SL.UEM.TOTL.ZS,2008,4.59
CHN,SL.UEM.TOTL.ZS,2007,4.35
CHN,SL.UEM.TOTL.ZS,2006,4.43
CHN,SL.UEM.TOTL.ZS,2005,4.52
CHN,SL.UEM.TOTL.ZS,2004,4.49
CHN,SL.UEM.TOTL.ZS,2003,4.58
CHN,SL.UEM.TOTL.ZS,2002,4.24
CHN,SL.UEM.TOTL.ZS,2001,3.8
CHN,SL.UEM.TOTL.ZS,2000,3.26
CHN,SL.UEM.TOTL.ZS,1999,3.25
CHN,SL.UEM.TOTL.ZS,1998,3.24
CHN,SL.UEM.TOTL.ZS,1997,3.23
CHN,SL.UEM.TOTL.ZS,1996,3.12
CHN,SL.UEM.TOTL.ZS,1995,3.0
CHN,SL.UEM.TOTL.ZS,1994,2.9
CHN,SL.UEM.TOTL.ZS,1993,2.69
CHN,SL.UEM.TOTL.ZS,1992,2.37
CHN,SL.UEM.TOTL.ZS,1991,2.37
CHN,SL.UEM.TOTL.ZS,1990,
CHN,SL.UEM.TOTL.ZS,1989,
CHN,SL.UEM.TOTL.ZS,1988,
CHN,SL.UEM.TOTL.ZS,1987,
CHN,SL.UEM.TOTL.ZS,1986,
CHN,SL.UEM.TOTL.ZS,1985,
CHN,SL.UEM.TOTL.ZS,1984,
CHN,SL.UEM.TOTL.ZS,1983,
CHN,SL.UEM.TOTL.ZS,1982,
CHN,SL.UEM.TOTL.ZS,1981,
CHN,SL.UEM.TOTL.ZS,1980,
CHN,SL.UEM.TOTL.ZS,1979,
CHN,SL.UEM.TOTL.ZS,1978,
CHN,SL.UEM.TOTL.ZS,1977,
CHN,SL.UEM.TOTL.ZS,1976,
CHN,SL.UEM.TOTL.ZS,1975,
CHN,SL.UEM.TOTL.ZS,1974,
CHN,SL.UEM.TOTL.ZS,1973,
CHN,SL.UEM.TOTL.ZS,1972,
CHN,SL.UEM.TOTL.ZS,1971,
CHN,SL.UEM.TOTL.ZS,1970,
CHN,SL.UEM.TOTL.ZS,1969,
CHN,SL.UEM.TOTL.ZS,1968,
CHN,SL.UEM.TOTL.ZS,1967,
CHN,SL.UEM.TOTL.ZS,1966,
CHN,SL.UEM.TOTL.ZS,1965,
CHN,SL.UEM.TOTL.ZS,1964,
CHN,SL.UEM.TOTL.ZS,1963,
CHN,SL.UEM.TOTL.ZS,1962,
CHN,SL.UEM.TOTL.ZS,1961,
CHN,SL.UEM.TOTL.ZS,1960,
COL,SL.UEM.TOTL.ZS,2024,9.608
COL,SL.UEM.TOTL.ZS,2023,9.594
COL,SL.UEM.TOTL.ZS,2022,10.547
COL,SL.UEM.TOTL.ZS,2021,13.898
COL,SL.UEM.TOTL.ZS,2020,15.983
COL,SL.UEM.TOTL.ZS,2019,10.28
COL,SL.UEM.TOTL.ZS,2018,9.36
COL,SL.UEM.TOTL.ZS,2017,9.086
COL,SL.UEM.TOTL.ZS,2016,8.922
COL,SL.UEM.TOTL.ZS,2015,8.572
COL,SL.UEM.TOTL.ZS,2014,8.799
COL,SL.UEM.TOTL.ZS,2013,9.246
COL,SL.UEM.TOTL.ZS,2012,9.959
COL,SL.UEM.TOTL.ZS,2011,10.288
COL,SL.UEM.TOTL.ZS,2010,11.153
COL,SL.UEM.TOTL.ZS,2009,12.066
COL,SL.UEM.TOTL.ZS,2008,11.273
COL,SL.UEM.TOTL.ZS,2007,11.204
COL,SL.UEM.TOTL.ZS,2006,11.091
COL,SL.UEM.TOTL.ZS,2005,11.062
COL,SL.UEM.TOTL.ZS,2004,13.717
COL,SL.UEM.TOTL.ZS,2003,13.221
COL,SL.UEM.TOTL.ZS,2002,14.481
COL,SL.UEM.TOTL.ZS,2001,15.04
COL,SL.UEM.TOTL.ZS,2000,20.52
COL,SL.UEM.TOTL.ZS,1999,20.06
COL,SL.UEM.TOTL.ZS,1998,15.0
COL,SL.UEM.TOTL.ZS,1997,12.14
COL,SL.UEM.TOTL.ZS,1996,11.81
COL,SL.UEM.TOTL.ZS,1995,8.72
COL,SL.UEM.TOTL.ZS,1994,8.25
COL,SL.UEM.TOTL.ZS,1993,7.8
COL,SL.UEM.TOTL.ZS,1992,9.44
COL,SL.UEM.TOTL.ZS,1991,10.12
COL,SL.UEM.TOTL.ZS,1990,
COL,SL.UEM.TOTL.ZS,1989,
COL,SL.UEM.TOTL.ZS,1988,
COL,SL.UEM.TOTL.ZS,1987,
COL,SL.UEM.TOTL.ZS,1986,
COL,SL.UEM.TOTL.ZS,1985,
COL,SL.UEM.TOTL.ZS,1984,
COL,SL.UEM.TOTL.ZS,1983,
COL,SL.UEM.TOTL.ZS,1982,
COL,SL.UEM.TOTL.ZS,1981,
COL,SL.UEM.TOTL.ZS,1980,
COL,SL.UEM.TOTL.ZS,1979,
COL,SL.UEM.TOTL.ZS,1978,
COL,SL.UEM.TOTL.ZS,1977,
COL,SL.UEM.TOTL.ZS,1976,
COL,SL.UEM.TOTL.ZS,1975,
COL,SL.UEM.TOTL.ZS,1974,
COL,SL.UEM.TOTL.ZS,1973,
COL,SL.UEM.TOTL.ZS,1972,
COL,SL.UEM.TOTL.ZS,1971,
COL,SL.UEM.TOTL.ZS,1970,
COL,SL.UEM.TOTL.ZS,1969,
COL,SL.UEM.TOTL.ZS,1968,
COL,SL.UEM.TOTL.ZS,1967,
COL,SL.UEM.TOTL.ZS,1966,
COL,SL.UEM.TOTL.ZS,1965,
COL,SL.UEM.TOTL.ZS,1964,
COL,SL.UEM.TOTL.ZS,1963,
COL,SL.UEM.TOTL.ZS,1962,
COL,SL.UEM.TOTL.ZS,1961,
COL,SL.UEM.TOTL.ZS,1960,
COM,SL.UEM.TOTL.ZS,2024,3.875
COM,SL.UEM.TOTL.ZS,2023,3.776
COM,SL.UEM.TOTL.ZS,2022,3.816
COM,SL.UEM.TOTL.ZS,2021,4.394
COM,SL.UEM.TOTL.ZS,2020,4.471
COM,SL.UEM.TOTL.ZS,2019,3.934
COM,SL.UEM.TOTL.ZS,2018,3.942
COM,SL.UEM.TOTL.ZS,2017,4.03
COM,SL.UEM.TOTL.ZS,2016,4.104
COM,SL.UEM.TOTL.ZS,2015,4.121
COM,SL.UEM.TOTL.ZS,2014,4.119
COM,SL.UEM.TOTL.ZS,2013,4.118
COM,SL.UEM.TOTL.ZS,2012,4.17
COM,SL.UEM.TOTL.ZS,2011,4.207
COM,SL.UEM.TOTL.ZS,2010,4.248
COM,SL.UEM.TOTL.ZS,2009,4.348
COM,SL.UEM.TOTL.ZS,2008,4.398
COM,SL.UEM.TOTL.ZS,2007,4.46
COM,SL.UEM.TOTL.ZS,2006,4.473
COM,SL.UEM.TOTL.ZS,2005,4.522
COM,SL.UEM.TOTL.ZS,2004,4.571
COM,SL.UEM.TOTL.ZS,2003,4.559
COM,SL.UEM.TOTL.ZS,2002,4.369
COM,SL.UEM.TOTL.ZS,2001,4.377
COM,SL.UEM.TOTL.ZS,2000,4.398
COM,SL.UEM.TOTL.ZS,1999,4.546
COM,SL.UEM.TOTL.ZS,1998,4.617
COM,SL.UEM.TOTL.ZS,1997,4.564
COM,SL.UEM.TOTL.ZS,1996,4.781
COM,SL.UEM.TOTL.ZS,1995,4.681
COM,SL.UEM.TOTL.ZS,1994,4.57
COM,SL.UEM.TOTL.ZS,1993,4.576
COM,SL.UEM.TOTL.ZS,1992,4.532
COM,SL.UEM.TOTL.ZS,1991,4.805
COM,SL.UEM.TOTL.ZS,1990,
COM,SL.UEM.TOTL.ZS,1989,
COM,SL.UEM.TOTL.ZS,1988,
COM,SL.UEM.TOTL.ZS,1987,
COM,SL.UEM.TOTL.ZS,1986,
COM,SL.UEM.TOTL.ZS,1985,
COM,SL.UEM.TOTL.ZS,1984,
COM,SL.UEM.TOTL.ZS,1983,
COM,SL.UEM.TOTL.ZS,1982,
COM,SL.UEM.TOTL.ZS,1981,
COM,SL.UEM.TOTL.ZS,1980,
COM,SL.UEM.TOTL.ZS,1979,
COM,SL.UEM.TOTL.ZS,1978,
COM,SL.UEM.TOTL.ZS,1977,
COM,SL.UEM.TOTL.ZS,1976,
COM,SL.UEM.TOTL.ZS,1975,
COM,SL.UEM.TOTL.ZS,1974,
COM,SL.UEM.TOTL.ZS,1973,
COM,SL.UEM.TOTL.ZS,1972,
COM,SL.UEM.TOTL.ZS,1971,
COM,SL.UEM.TOTL.ZS,1970,
COM,SL.UEM.TOTL.ZS,1969,
COM,SL.UEM.TOTL.ZS,1968,
COM,SL.UEM.TOTL.ZS,1967,
COM,SL.UEM.TOTL.ZS,1966,
COM,SL.UEM.TOTL.ZS,1965,
COM,SL.UEM.TOTL.ZS,1964,
COM,SL.UEM.TOTL.ZS,1963,
COM,SL.UEM.TOTL.ZS,1962,
COM,SL.UEM.TOTL.ZS,1961,
COM,SL.UEM.TOTL.ZS,1960,
COD,SL.UEM.TOTL.ZS,2024,4.556
COD,SL.UEM.TOTL.ZS,2023,4.484
COD,SL.UEM.TOTL.ZS,2022,4.522
COD,SL.UEM.TOTL.ZS,2021,5.28
COD,SL.UEM.TOTL.ZS,2020,5.345
COD,SL.UEM.TOTL.ZS,2019,4.591
COD,SL.UEM.TOTL.ZS,2018,4.618
COD,SL.UEM.TOTL.ZS,2017,4.601
COD,SL.UEM.TOTL.ZS,2016,4.521
COD,SL.UEM.TOTL.ZS,2015,4.439
COD,SL.UEM.TOTL.ZS,2014,4.436
COD,SL.UEM.TOTL.ZS,2013,4.468
COD,SL.UEM.TOTL.ZS,2012,4.485
COD,SL.UEM.TOTL.ZS,2011,4.315
COD,SL.UEM.TOTL.ZS,2010,4.096
COD,SL.UEM.TOTL.ZS,2009,3.88
COD,SL.UEM.TOTL.ZS,2008,3.627
COD,SL.UEM.TOTL.ZS,2007,3.403
COD,SL.UEM.TOTL.ZS,2006,3.174
COD,SL.UEM.TOTL.ZS,2005,2.948
COD,SL.UEM.TOTL.ZS,2004,2.975
COD,SL.UEM.TOTL.ZS,2003,3.053
COD,SL.UEM.TOTL.ZS,2002,3.17
COD,SL.UEM.TOTL.ZS,2001,3.239
COD,SL.UEM.TOTL.ZS,2000,3.234
COD,SL.UEM.TOTL.ZS,1999,3.22
COD,SL.UEM.TOTL.ZS,1998,3.188
COD,SL.UEM.TOTL.ZS,1997,3.166
COD,SL.UEM.TOTL.ZS,1996,3.153
COD,SL.UEM.TOTL.ZS,1995,3.276
COD,SL.UEM.TOTL.ZS,1994,3.389
COD,SL.UEM.TOTL.ZS,1993,3.433
COD,SL.UEM.TOTL.ZS,1992,3.36
COD,SL.UEM.TOTL.ZS,1991,3.267
COD,SL.UEM.TOTL.ZS,1990,
COD,SL.UEM.TOTL.ZS,1989,
COD,SL.UEM.TOTL.ZS,1988,
COD,SL.UEM.TOTL.ZS,1987,
COD,SL.UEM.TOTL.ZS,1986,
COD,SL.UEM.TOTL.ZS,1985,
COD,SL.UEM.TOTL.ZS,1984,
COD,SL.UEM.TOTL.ZS,1983,
COD,SL.UEM.TOTL.ZS,1982,
COD,SL.UEM.TOTL.ZS,1981,
COD,SL.UEM.TOTL.ZS,1980,
COD,SL.UEM.TOTL.ZS,1979,
COD,SL.UEM.TOTL.ZS,1978,
COD,SL.UEM.TOTL.ZS,1977,
COD,SL.UEM.TOTL.ZS,1976,
COD,SL.UEM.TOTL.ZS,1975,
COD,SL.UEM.TOTL.ZS,1974,
COD,SL.UEM.TOTL.ZS,1973,
COD,SL.UEM.TOTL.ZS,1972,
COD,SL.UEM.TOTL.ZS,1971,
COD,SL.UEM.TOTL.ZS,1970,
COD,SL.UEM.TOTL.ZS,1969,
COD,SL.UEM.TOTL.ZS,1968,
COD,SL.UEM.TOTL.ZS,1967,
COD,SL.UEM.TOTL.ZS,1966,
COD,SL.UEM.TOTL.ZS,1965,
COD,SL.UEM.TOTL.ZS,1964,
COD,SL.UEM.TOTL.ZS,1963,
COD,SL.UEM.TOTL.ZS,1962,
COD,SL.UEM.TOTL.ZS,1961,
COD,SL.UEM.TOTL.ZS,1960,
COG,SL.UEM.TOTL.ZS,2024,19.694
COG,SL.UEM.TOTL.ZS,2023,19.898
COG,SL.UEM.TOTL.ZS,2022,20.108
COG,SL.UEM.TOTL.ZS,2021,21.96
COG,SL.UEM.TOTL.ZS,2020,22.198
COG,SL.UEM.TOTL.ZS,2019,20.392
COG,SL.UEM.TOTL.ZS,2018,20.701
COG,SL.UEM.TOTL.ZS,2017,20.611
COG,SL.UEM.TOTL.ZS,2016,20.223
COG,SL.UEM.TOTL.ZS,2015,19.978
COG,SL.UEM.TOTL.ZS,2014,19.691
COG,SL.UEM.TOTL.ZS,2013,19.827
COG,SL.UEM.TOTL.ZS,2012,19.512
COG,SL.UEM.TOTL.ZS,2011,19.464
COG,SL.UEM.TOTL.ZS,2010,19.345
COG,SL.UEM.TOTL.ZS,2009,19.833
COG,SL.UEM.TOTL.ZS,2008,19.94
COG,SL.UEM.TOTL.ZS,2007,19.894
COG,SL.UEM.TOTL.ZS,2006,19.587
COG,SL.UEM.TOTL.ZS,2005,19.796
COG,SL.UEM.TOTL.ZS,2004,19.886
COG,SL.UEM.TOTL.ZS,2003,19.871
COG,SL.UEM.TOTL.ZS,2002,19.664
COG,SL.UEM.TOTL.ZS,2001,19.877
COG,SL.UEM.TOTL.ZS,2000,19.87
COG,SL.UEM.TOTL.ZS,1999,20.11
COG,SL.UEM.TOTL.ZS,1998,19.895
COG,SL.UEM.TOTL.ZS,1997,19.886
COG,SL.UEM.TOTL.ZS,1996,20.033
COG,SL.UEM.TOTL.ZS,1995,20.192
COG,SL.UEM.TOTL.ZS,1994,20.232
COG,SL.UEM.TOTL.ZS,1993,19.985
COG,SL.UEM.TOTL.ZS,1992,19.92
COG,SL.UEM.TOTL.ZS,1991,19.917
COG,SL.UEM.TOTL.ZS,1990,
COG,SL.UEM.TOTL.ZS,1989,
COG,SL.UEM.TOTL.ZS,1988,
COG,SL.UEM.TOTL.ZS,1987,
COG,SL.UEM.TOTL.ZS,1986,
COG,SL.UEM.TOTL.ZS,1985,
COG,SL.UEM.TOTL.ZS,1984,
COG,SL.UEM.TOTL.ZS,1983,
COG,SL.UEM.TOTL.ZS,1982,
COG,SL.UEM.TOTL.ZS,1981,
COG,SL.UEM.TOTL.ZS,1980,
COG,SL.UEM.TOTL.ZS,1979,
COG,SL.UEM.TOTL.ZS,1978,
COG,SL.UEM.TOTL.ZS,1977,
COG,SL.UEM.TOTL.ZS,1976,
COG,SL.UEM.TOTL.ZS,1975,
COG,SL.UEM.TOTL.ZS,1974,
COG,SL.UEM.TOTL.ZS,1973,
COG,SL.UEM.TOTL.ZS,1972,
COG,SL.UEM.TOTL.ZS,1971,
COG,SL.UEM.TOTL.ZS,1970,
COG,SL.UEM.TOTL.ZS,1969,
COG,SL.UEM.TOTL.ZS,1968,
COG,SL.UEM.TOTL.ZS,1967,
COG,SL.UEM.TOTL.ZS,1966,
COG,SL.UEM.TOTL.ZS,1965,
COG,SL.UEM.TOTL.ZS,1964,
COG,SL.UEM.TOTL.ZS,1963,
COG,SL.UEM.TOTL.ZS,1962,
COG,SL.UEM.TOTL.ZS,1961,
COG,SL.UEM.TOTL.ZS,1960,
CRI,SL.UEM.TOTL.ZS,2024,7.848
CRI,SL.UEM.TOTL.ZS,2023,8.325
CRI,SL.UEM.TOTL.ZS,2022,11.325
CRI,SL.UEM.TOTL.ZS,2021,15.139
CRI,SL.UEM.TOTL.ZS,2020,16.432
CRI,SL.UEM.TOTL.ZS,2019,10.807
CRI,SL.UEM.TOTL.ZS,2018,9.01
CRI,SL.UEM.TOTL.ZS,2017,7.729
CRI,SL.UEM.TOTL.ZS,2016,8.085
CRI,SL.UEM.TOTL.ZS,2015,8.415
CRI,SL.UEM.TOTL.ZS,2014,8.499
CRI,SL.UEM.TOTL.ZS,2013,8.218
CRI,SL.UEM.TOTL.ZS,2012,9.11
CRI,SL.UEM.TOTL.ZS,2011,9.518
CRI,SL.UEM.TOTL.ZS,2010,7.171
CRI,SL.UEM.TOTL.ZS,2009,7.824
CRI,SL.UEM.TOTL.ZS,2008,4.934
CRI,SL.UEM.TOTL.ZS,2007,4.557
CRI,SL.UEM.TOTL.ZS,2006,5.926
CRI,SL.UEM.TOTL.ZS,2005,6.749
CRI,SL.UEM.TOTL.ZS,2004,6.445
CRI,SL.UEM.TOTL.ZS,2003,6.654
CRI,SL.UEM.TOTL.ZS,2002,6.396
CRI,SL.UEM.TOTL.ZS,2001,6.051
CRI,SL.UEM.TOTL.ZS,2000,5.08
CRI,SL.UEM.TOTL.ZS,1999,5.9
CRI,SL.UEM.TOTL.ZS,1998,5.33
CRI,SL.UEM.TOTL.ZS,1997,5.68
CRI,SL.UEM.TOTL.ZS,1996,6.16
CRI,SL.UEM.TOTL.ZS,1995,5.18
CRI,SL.UEM.TOTL.ZS,1994,4.05
CRI,SL.UEM.TOTL.ZS,1993,3.95
CRI,SL.UEM.TOTL.ZS,1992,3.93
CRI,SL.UEM.TOTL.ZS,1991,5.37
CRI,SL.UEM.TOTL.ZS,1990,
CRI,SL.UEM.TOTL.ZS,1989,
CRI,SL.UEM.TOTL.ZS,1988,
CRI,SL.UEM.TOTL.ZS,1987,
CRI,SL.UEM.TOTL.ZS,1986,
CRI,SL.UEM.TOTL.ZS,1985,
CRI,SL.UEM.TOTL.ZS,1984,
CRI,SL.UEM.TOTL.ZS,1983,
CRI,SL.UEM.TOTL.ZS,1982,
CRI,SL.UEM.TOTL.ZS,1981,
CRI,SL.UEM.TOTL.ZS,1980,
CRI,SL.UEM.TOTL.ZS,1979,
CRI,SL.UEM.TOTL.ZS,1978,
CRI,SL.UEM.TOTL.ZS,1977,
CRI,SL.UEM.TOTL.ZS,1976,
CRI,SL.UEM.TOTL.ZS,1975,
CRI,SL.UEM.TOTL.ZS,1974,
CRI,SL.UEM.TOTL.ZS,1973,
CRI,SL.UEM.TOTL.ZS,1972,
CRI,SL.UEM.TOTL.ZS,1971,
CRI,SL.UEM.TOTL.ZS,1970,
CRI,SL.UEM.TOTL.ZS,1969,
CRI,SL.UEM.TOTL.ZS,1968,
CRI,SL.UEM.TOTL.ZS,1967,
CRI,SL.UEM.TOTL.ZS,1966,
CRI,SL.UEM.TOTL.ZS,1965,
CRI,SL.UEM.TOTL.ZS,1964,
CRI,SL.UEM.TOTL.ZS,1963,
CRI,SL.UEM.TOTL.ZS,1962,
CRI,SL.UEM.TOTL.ZS,1961,
CRI,SL.UEM.TOTL.ZS,1960,
CIV,SL.UEM.TOTL.ZS,2024,2.288
CIV,SL.UEM.TOTL.ZS,2023,2.27
CIV,SL.UEM.TOTL.ZS,2022,2.306
CIV,SL.UEM.TOTL.ZS,2021,2.63
CIV,SL.UEM.TOTL.ZS,2020,2.584
CIV,SL.UEM.TOTL.ZS,2019,2.401
CIV,SL.UEM.TOTL.ZS,2018,2.85
CIV,SL.UEM.TOTL.ZS,2017,3.272
CIV,SL.UEM.TOTL.ZS,2016,1.896
CIV,SL.UEM.TOTL.ZS,2015,2.579
CIV,SL.UEM.TOTL.ZS,2014,3.285
CIV,SL.UEM.TOTL.ZS,2013,4.255
CIV,SL.UEM.TOTL.ZS,2012,7.223
CIV,SL.UEM.TOTL.ZS,2011,7.135
CIV,SL.UEM.TOTL.ZS,2010,6.618
CIV,SL.UEM.TOTL.ZS,2009,6.571
CIV,SL.UEM.TOTL.ZS,2008,6.379
CIV,SL.UEM.TOTL.ZS,2007,6.272
CIV,SL.UEM.TOTL.ZS,2006,6.009
CIV,SL.UEM.TOTL.ZS,2005,5.999
CIV,SL.UEM.TOTL.ZS,2004,5.883
CIV,SL.UEM.TOTL.ZS,2003,5.805
CIV,SL.UEM.TOTL.ZS,2002,5.474
CIV,SL.UEM.TOTL.ZS,2001,5.167
CIV,SL.UEM.TOTL.ZS,2000,4.816
CIV,SL.UEM.TOTL.ZS,1999,4.415
CIV,SL.UEM.TOTL.ZS,1998,4.1
CIV,SL.UEM.TOTL.ZS,1997,3.973
CIV,SL.UEM.TOTL.ZS,1996,4.043
CIV,SL.UEM.TOTL.ZS,1995,4.1
CIV,SL.UEM.TOTL.ZS,1994,5.041
CIV,SL.UEM.TOTL.ZS,1993,5.866
CIV,SL.UEM.TOTL.ZS,1992,6.7
CIV,SL.UEM.TOTL.ZS,1991,6.603
CIV,SL.UEM.TOTL.ZS,1990,
CIV,SL.UEM.TOTL.ZS,1989,
CIV,SL.UEM.TOTL.ZS,1988,
CIV,SL.UEM.TOTL.ZS,1987,
CIV,SL.UEM.TOTL.ZS,1986,
CIV,SL.UEM.TOTL.ZS,1985,
CIV,SL.UEM.TOTL.ZS,1984,
CIV,SL.UEM.TOTL.ZS,1983,
CIV,SL.UEM.TOTL.ZS,1982,
CIV,SL.UEM.TOTL.ZS,1981,
CIV,SL.UEM.TOTL.ZS,1980,
CIV,SL.UEM.TOTL.ZS,1979,
CIV,SL.UEM.TOTL.ZS,1978,
CIV,SL.UEM.TOTL.ZS,1977,
CIV,SL.UEM.TOTL.ZS,1976,
CIV,SL.UEM.TOTL.ZS,1975,
CIV,SL.UEM.TOTL.ZS,1974,
CIV,SL.UEM.TOTL.ZS,1973,
CIV,SL.UEM.TOTL.ZS,1972,
CIV,SL.UEM.TOTL.ZS,1971,
CIV,SL.UEM.TOTL.ZS,1970,
CIV,SL.UEM.TOTL.ZS,1969,
CIV,SL.UEM.TOTL.ZS,1968,
CIV,SL.UEM.TOTL.ZS,1967,
CIV,SL.UEM.TOTL.ZS,1966,
CIV,SL.UEM.TOTL.ZS,1965,
CIV,SL.UEM.TOTL.ZS,1964,
CIV,SL.UEM.TOTL.ZS,1963,
CIV,SL.UEM.TOTL.ZS,1962,
CIV,SL.UEM.TOTL.ZS,1961,
CIV,SL.UEM.TOTL.ZS,1960,
HRV,SL.UEM.TOTL.ZS,2024,5.236
HRV,SL.UEM.TOTL.ZS,2023,6.086
HRV,SL.UEM.TOTL.ZS,2022,6.96
HRV,SL.UEM.TOTL.ZS,2021,7.608
HRV,SL.UEM.TOTL.ZS,2020,7.507
HRV,SL.UEM.TOTL.ZS,2019,6.617
HRV,SL.UEM.TOTL.ZS,2018,8.432
HRV,SL.UEM.TOTL.ZS,2017,11.208
HRV,SL.UEM.TOTL.ZS,2016,13.103
HRV,SL.UEM.TOTL.ZS,2015,16.175
HRV,SL.UEM.TOTL.ZS,2014,17.29
HRV,SL.UEM.TOTL.ZS,2013,17.251
HRV,SL.UEM.TOTL.ZS,2012,15.935
HRV,SL.UEM.TOTL.ZS,2011,13.678
HRV,SL.UEM.TOTL.ZS,2010,11.62
HRV,SL.UEM.TOTL.ZS,2009,9.202
HRV,SL.UEM.TOTL.ZS,2008,8.53
HRV,SL.UEM.TOTL.ZS,2007,9.909
HRV,SL.UEM.TOTL.ZS,2006,11.13
HRV,SL.UEM.TOTL.ZS,2005,12.598
HRV,SL.UEM.TOTL.ZS,2004,13.664
HRV,SL.UEM.TOTL.ZS,2003,13.924
HRV,SL.UEM.TOTL.ZS,2002,15.053
HRV,SL.UEM.TOTL.ZS,2001,15.822
HRV,SL.UEM.TOTL.ZS,2000,16.064
HRV,SL.UEM.TOTL.ZS,1999,13.559
HRV,SL.UEM.TOTL.ZS,1998,11.392
HRV,SL.UEM.TOTL.ZS,1997,9.71
HRV,SL.UEM.TOTL.ZS,1996,9.68
HRV,SL.UEM.TOTL.ZS,1995,10.108
HRV,SL.UEM.TOTL.ZS,1994,10.45
HRV,SL.UEM.TOTL.ZS,1993,10.794
HRV,SL.UEM.TOTL.ZS,1992,10.914
HRV,SL.UEM.TOTL.ZS,1991,11.14
HRV,SL.UEM.TOTL.ZS,1990,
HRV,SL.UEM.TOTL.ZS,1989,
HRV,SL.UEM.TOTL.ZS,1988,
HRV,SL.UEM.TOTL.ZS,1987,
HRV,SL.UEM.TOTL.ZS,1986,
HRV,SL.UEM.TOTL.ZS,1985,
HRV,SL.UEM.TOTL.ZS,1984,
HRV,SL.UEM.TOTL.ZS,1983,
HRV,SL.UEM.TOTL.ZS,1982,
HRV,SL.UEM.TOTL.ZS,1981,
HRV,SL.UEM.TOTL.ZS,1980,
HRV,SL.UEM.TOTL.ZS,1979,
HRV,SL.UEM.TOTL.ZS,1978,
HRV,SL.UEM.TOTL.ZS,1977,
HRV,SL.UEM.TOTL.ZS,1976,
HRV,SL.UEM.TOTL.ZS,1975,
HRV,SL.UEM.TOTL.ZS,1974,
HRV,SL.UEM.TOTL.ZS,1973,
HRV,SL.UEM.TOTL.ZS,1972,
HRV,SL.UEM.TOTL.ZS,1971,
HRV,SL.UEM.TOTL.ZS,1970,
HRV,SL.UEM.TOTL.ZS,1969,
HRV,SL.UEM.TOTL.ZS,1968,
HRV,SL.UEM.TOTL.ZS,1967,
HRV,SL.UEM.TOTL.ZS,1966,
HRV,SL.UEM.TOTL.ZS,1965,
HRV,SL.UEM.TOTL.ZS,1964,
HRV,SL.UEM.TOTL.ZS,1963,
HRV,SL.UEM.TOTL.ZS,1962,
HRV,SL.UEM.TOTL.ZS,1961,
HRV,SL.UEM.TOTL.ZS,1960,
CUB,SL.UEM.TOTL.ZS,2024,1.53
CUB,SL.UEM.TOTL.ZS,2023,1.719
CUB,SL.UEM.TOTL.ZS,2022,1.82
CUB,SL.UEM.TOTL.ZS,2021,2.116
CUB,SL.UEM.TOTL.ZS,2020,2.24
CUB,SL.UEM.TOTL.ZS,2019,1.705
CUB,SL.UEM.TOTL.ZS,2018,1.7
CUB,SL.UEM.TOTL.ZS,2017,1.7
CUB,SL.UEM.TOTL.ZS,2016,2.0
CUB,SL.UEM.TOTL.ZS,2015,2.4
CUB,SL.UEM.TOTL.ZS,2014,2.7
CUB,SL.UEM.TOTL.ZS,2013,3.29
CUB,SL.UEM.TOTL.ZS,2012,3.46
CUB,SL.UEM.TOTL.ZS,2011,3.18
CUB,SL.UEM.TOTL.ZS,2010,2.5
CUB,SL.UEM.TOTL.ZS,2009,1.67
CUB,SL.UEM.TOTL.ZS,2008,1.583
CUB,SL.UEM.TOTL.ZS,2007,1.788
CUB,SL.UEM.TOTL.ZS,2006,1.913
CUB,SL.UEM.TOTL.ZS,2005,1.95
CUB,SL.UEM.TOTL.ZS,2004,1.854
CUB,SL.UEM.TOTL.ZS,2003,2.33
CUB,SL.UEM.TOTL.ZS,2002,3.31
CUB,SL.UEM.TOTL.ZS,2001,4.08
CUB,SL.UEM.TOTL.ZS,2000,5.45
CUB,SL.UEM.TOTL.ZS,1999,6.26
CUB,SL.UEM.TOTL.ZS,1998,6.23
CUB,SL.UEM.TOTL.ZS,1997,7.1
CUB,SL.UEM.TOTL.ZS,1996,7.61
CUB,SL.UEM.TOTL.ZS,1995,8.27
CUB,SL.UEM.TOTL.ZS,1994,8.801
CUB,SL.UEM.TOTL.ZS,1993,9.261
CUB,SL.UEM.TOTL.ZS,1992,8.778
CUB,SL.UEM.TOTL.ZS,1991,8.311
CUB,SL.UEM.TOTL.ZS,1990,
CUB,SL.UEM.TOTL.ZS,1989,
CUB,SL.UEM.TOTL.ZS,1988,
CUB,SL.UEM.TOTL.ZS,1987,
CUB,SL.UEM.TOTL.ZS,1986,
CUB,SL.UEM.TOTL.ZS,1985,
CUB,SL.UEM.TOTL.ZS,1984,
CUB,SL.UEM.TOTL.ZS,1983,
CUB,SL.UEM.TOTL.ZS,1982,
CUB,SL.UEM.TOTL.ZS,1981,
CUB,SL.UEM.TOTL.ZS,1980,
CUB,SL.UEM.TOTL.ZS,1979,
CUB,SL.UEM.TOTL.ZS,1978,
CUB,SL.UEM.TOTL.ZS,1977,
CUB,SL.UEM.TOTL.ZS,1976,
CUB,SL.UEM.TOTL.ZS,1975,
CUB,SL.UEM.TOTL.ZS,1974,
CUB,SL.UEM.TOTL.ZS,1973,
CUB,SL.UEM.TOTL.ZS,1972,
CUB,SL.UEM.TOTL.ZS,1971,
CUB,SL.UEM.TOTL.ZS,1970,
CUB,SL.UEM.TOTL.ZS,1969,
CUB,SL.UEM.TOTL.ZS,1968,
CUB,SL.UEM.TOTL.ZS,1967,
CUB,SL.UEM.TOTL.ZS,1966,
CUB,SL.UEM.TOTL.ZS,1965,
CUB,SL.UEM.TOTL.ZS,1964,
CUB,SL.UEM.TOTL.ZS,1963,
CUB,SL.UEM.TOTL.ZS,1962,
CUB,SL.UEM.TOTL.ZS,1961,
CUB,SL.UEM.TOTL.ZS,1960,
CUW,SL.UEM.TOTL.ZS,2024,
CUW,SL.UEM.TOTL.ZS,2023,
CUW,SL.UEM.TOTL.ZS,2022,
CUW,SL.UEM.TOTL.ZS,2021,
CUW,SL.UEM.TOTL.ZS,2020,
CUW,SL.UEM.TOTL.ZS,2019,
CUW,SL.UEM.TOTL.ZS,2018,
CUW,SL.UEM.TOTL.ZS,2017,
CUW,SL.UEM.TOTL.ZS,2016,
CUW,SL.UEM.TOTL.ZS,2015,
CUW,SL.UEM.TOTL.ZS,2014,
CUW,SL.UEM.TOTL.ZS,2013,
CUW,SL.UEM.TOTL.ZS,2012,
CUW,SL.UEM.TOTL.ZS,2011,
CUW,SL.UEM.TOTL.ZS,2010,
CUW,SL.UEM.TOTL.ZS,2009,
CUW,SL.UEM.TOTL.ZS,2008,
CUW,SL.UEM.TOTL.ZS,2007,
CUW,SL.UEM.TOTL.ZS,2006,
CUW,SL.UEM.TOTL.ZS,2005,
CUW,SL.UEM.TOTL.ZS,2004,
CUW,SL.UEM.TOTL.ZS,2003,
CUW,SL.UEM.TOTL.ZS,2002,
CUW,SL.UEM.TOTL.ZS,2001,
CUW,SL.UEM.TOTL.ZS,2000,
CUW,SL.UEM.TOTL.ZS,1999,
CUW,SL.UEM.TOTL.ZS,1998,
CUW,SL.UEM.TOTL.ZS,1997,
CUW,SL.UEM.TOTL.ZS,1996,
CUW,SL.UEM.TOTL.ZS,1995,
CUW,SL.UEM.TOTL.ZS,1994,
CUW,SL.UEM.TOTL.ZS,1993,
CUW,SL.UEM.TOTL.ZS,1992,
CUW,SL.UEM.TOTL.ZS,1991,
CUW,SL.UEM.TOTL.ZS,1990,
CUW,SL.UEM.TOTL.ZS,1989,
CUW,SL.UEM.TOTL.ZS,1988,
CUW,SL.UEM.TOTL.ZS,1987,
CUW,SL.UEM.TOTL.ZS,1986,
CUW,SL.UEM.TOTL.ZS,1985,
CUW,SL.UEM.TOTL.ZS,1984,
CUW,SL.UEM.TOTL.ZS,1983,
CUW,SL.UEM.TOTL.ZS,1982,
CUW,SL.UEM.TOTL.ZS,1981,
CUW,SL.UEM.TOTL.ZS,1980,
CUW,SL.UEM.TOTL.ZS,1979,
CUW,SL.UEM.TOTL.ZS,1978,
CUW,SL.UEM.TOTL.ZS,1977,
CUW,SL.UEM.TOTL.ZS,1976,
CUW,SL.UEM.TOTL.ZS,1975,
CUW,SL.UEM.TOTL.ZS,1974,
CUW,SL.UEM.TOTL.ZS,1973,
CUW,SL.UEM.TOTL.ZS,1972,
CUW,SL.UEM.TOTL.ZS,1971,
CUW,SL.UEM.TOTL.ZS,1970,
CUW,SL.UEM.TOTL.ZS,1969,
CUW,SL.UEM.TOTL.ZS,1968,
CUW,SL.UEM.TOTL.ZS,1967,
CUW,SL.UEM.TOTL.ZS,1966,
CUW,SL.UEM.TOTL.ZS,1965,
CUW,SL.UEM.TOTL.ZS,1964,
CUW,SL.UEM.TOTL.ZS,1963,
CUW,SL.UEM.TOTL.ZS,1962,
CUW,SL.UEM.TOTL.ZS,1961,
CUW,SL.UEM.TOTL.ZS,1960,
CYP,SL.UEM.TOTL.ZS,2024,5.602
CYP,SL.UEM.TOTL.ZS,2023,6.098
CYP,SL.UEM.TOTL.ZS,2022,6.806
CYP,SL.UEM.TOTL.ZS,2021,7.513
CYP,SL.UEM.TOTL.ZS,2020,7.755
CYP,SL.UEM.TOTL.ZS,2019,7.155
CYP,SL.UEM.TOTL.ZS,2018,8.504
CYP,SL.UEM.TOTL.ZS,2017,11.155
CYP,SL.UEM.TOTL.ZS,2016,13.006
CYP,SL.UEM.TOTL.ZS,2015,15.026
CYP,SL.UEM.TOTL.ZS,2014,16.277
CYP,SL.UEM.TOTL.ZS,2013,16.131
CYP,SL.UEM.TOTL.ZS,2012,12.097
CYP,SL.UEM.TOTL.ZS,2011,7.942
CYP,SL.UEM.TOTL.ZS,2010,6.359
CYP,SL.UEM.TOTL.ZS,2009,5.594
CYP,SL.UEM.TOTL.ZS,2008,3.756
CYP,SL.UEM.TOTL.ZS,2007,3.946
CYP,SL.UEM.TOTL.ZS,2006,4.593
CYP,SL.UEM.TOTL.ZS,2005,5.481
CYP,SL.UEM.TOTL.ZS,2004,4.77
CYP,SL.UEM.TOTL.ZS,2003,4.153
CYP,SL.UEM.TOTL.ZS,2002,3.336
CYP,SL.UEM.TOTL.ZS,2001,4.043
CYP,SL.UEM.TOTL.ZS,2000,4.766
CYP,SL.UEM.TOTL.ZS,1999,5.532
CYP,SL.UEM.TOTL.ZS,1998,3.3
CYP,SL.UEM.TOTL.ZS,1997,3.4
CYP,SL.UEM.TOTL.ZS,1996,3.1
CYP,SL.UEM.TOTL.ZS,1995,2.6
CYP,SL.UEM.TOTL.ZS,1994,2.7
CYP,SL.UEM.TOTL.ZS,1993,2.7
CYP,SL.UEM.TOTL.ZS,1992,2.09
CYP,SL.UEM.TOTL.ZS,1991,3.0
CYP,SL.UEM.TOTL.ZS,1990,
CYP,SL.UEM.TOTL.ZS,1989,
CYP,SL.UEM.TOTL.ZS,1988,
CYP,SL.UEM.TOTL.ZS,1987,
CYP,SL.UEM.TOTL.ZS,1986,
CYP,SL.UEM.TOTL.ZS,1985,
CYP,SL.UEM.TOTL.ZS,1984,
CYP,SL.UEM.TOTL.ZS,1983,
CYP,SL.UEM.TOTL.ZS,1982,
CYP,SL.UEM.TOTL.ZS,1981,
CYP,SL.UEM.TOTL.ZS,1980,
CYP,SL.UEM.TOTL.ZS,1979,
CYP,SL.UEM.TOTL.ZS,1978,
CYP,SL.UEM.TOTL.ZS,1977,
CYP,SL.UEM.TOTL.ZS,1976,
CYP,SL.UEM.TOTL.ZS,1975,
CYP,SL.UEM.TOTL.ZS,1974,
CYP,SL.UEM.TOTL.ZS,1973,
CYP,SL.UEM.TOTL.ZS,1972,
CYP,SL.UEM.TOTL.ZS,1971,
CYP,SL.UEM.TOTL.ZS,1970,
CYP,SL.UEM.TOTL.ZS,1969,
CYP,SL.UEM.TOTL.ZS,1968,
CYP,SL.UEM.TOTL.ZS,1967,
CYP,SL.UEM.TOTL.ZS,1966,
CYP,SL.UEM.TOTL.ZS,1965,
CYP,SL.UEM.TOTL.ZS,1964,
CYP,SL.UEM.TOTL.ZS,1963,
CYP,SL.UEM.TOTL.ZS,1962,
CYP,SL.UEM.TOTL.ZS,1961,
CYP,SL.UEM.TOTL.ZS,1960,
CZE,SL.UEM.TOTL.ZS,2024,2.506
CZE,SL.UEM.TOTL.ZS,2023,2.579
CZE,SL.UEM.TOTL.ZS,2022,2.224
CZE,SL.UEM.TOTL.ZS,2021,2.803
CZE,SL.UEM.TOTL.ZS,2020,2.55
CZE,SL.UEM.TOTL.ZS,2019,2.015
CZE,SL.UEM.TOTL.ZS,2018,2.246
CZE,SL.UEM.TOTL.ZS,2017,2.893
CZE,SL.UEM.TOTL.ZS,2016,3.952
CZE,SL.UEM.TOTL.ZS,2015,5.048
CZE,SL.UEM.TOTL.ZS,2014,6.108
CZE,SL.UEM.TOTL.ZS,2013,6.953
CZE,SL.UEM.TOTL.ZS,2012,6.979
CZE,SL.UEM.TOTL.ZS,2011,6.712
CZE,SL.UEM.TOTL.ZS,2010,7.281
CZE,SL.UEM.TOTL.ZS,2009,6.662
CZE,SL.UEM.TOTL.ZS,2008,4.392
CZE,SL.UEM.TOTL.ZS,2007,5.316
CZE,SL.UEM.TOTL.ZS,2006,7.141
CZE,SL.UEM.TOTL.ZS,2005,7.927
CZE,SL.UEM.TOTL.ZS,2004,8.298
CZE,SL.UEM.TOTL.ZS,2003,7.777
CZE,SL.UEM.TOTL.ZS,2002,7.28
CZE,SL.UEM.TOTL.ZS,2001,8.128
CZE,SL.UEM.TOTL.ZS,2000,8.764
CZE,SL.UEM.TOTL.ZS,1999,8.702
CZE,SL.UEM.TOTL.ZS,1998,6.455
CZE,SL.UEM.TOTL.ZS,1997,4.674
CZE,SL.UEM.TOTL.ZS,1996,3.852
CZE,SL.UEM.TOTL.ZS,1995,4.082
CZE,SL.UEM.TOTL.ZS,1994,4.284
CZE,SL.UEM.TOTL.ZS,1993,4.349
CZE,SL.UEM.TOTL.ZS,1992,2.6
CZE,SL.UEM.TOTL.ZS,1991,2.27
CZE,SL.UEM.TOTL.ZS,1990,
CZE,SL.UEM.TOTL.ZS,1989,
CZE,SL.UEM.TOTL.ZS,1988,
CZE,SL.UEM.TOTL.ZS,1987,
CZE,SL.UEM.TOTL.ZS,1986,
CZE,SL.UEM.TOTL.ZS,1985,
CZE,SL.UEM.TOTL.ZS,1984,
CZE,SL.UEM.TOTL.ZS,1983,
CZE,SL.UEM.TOTL.ZS,1982,
CZE,SL.UEM.TOTL.ZS,1981,
CZE,SL.UEM.TOTL.ZS,1980,
CZE,SL.UEM.TOTL.ZS,1979,
CZE,SL.UEM.TOTL.ZS,1978,
CZE,SL.UEM.TOTL.ZS,1977,
CZE,SL.UEM.TOTL.ZS,1976,
CZE,SL.UEM.TOTL.ZS,1975,
CZE,SL.UEM.TOTL.ZS,1974,
CZE,SL.UEM.TOTL.ZS,1973,
CZE,SL.UEM.TOTL.ZS,1972,
CZE,SL.UEM.TOTL.ZS,1971,
CZE,SL.UEM.TOTL.ZS,1970,
CZE,SL.UEM.TOTL.ZS,1969,
CZE,SL.UEM.TOTL.ZS,1968,
CZE,SL.UEM.TOTL.ZS,1967,
CZE,SL.UEM.TOTL.ZS,1966,
CZE,SL.UEM.TOTL.ZS,1965,
CZE,SL.UEM.TOTL.ZS,1964,
CZE,SL.UEM.TOTL.ZS,1963,
CZE,SL.UEM.TOTL.ZS,1962,
CZE,SL.UEM.TOTL.ZS,1961,
CZE,SL.UEM.TOTL.ZS,1960,
DNK,SL.UEM.TOTL.ZS,2024,5.587
DNK,SL.UEM.TOTL.ZS,2023,5.094
DNK,SL.UEM.TOTL.ZS,2022,4.434
DNK,SL.UEM.TOTL.ZS,2021,5.043
DNK,SL.UEM.TOTL.ZS,2020,5.637
DNK,SL.UEM.TOTL.ZS,2019,5.018
DNK,SL.UEM.TOTL.ZS,2018,5.131
DNK,SL.UEM.TOTL.ZS,2017,5.833
DNK,SL.UEM.TOTL.ZS,2016,5.989
DNK,SL.UEM.TOTL.ZS,2015,6.278
DNK,SL.UEM.TOTL.ZS,2014,6.925
DNK,SL.UEM.TOTL.ZS,2013,7.384
DNK,SL.UEM.TOTL.ZS,2012,7.798
DNK,SL.UEM.TOTL.ZS,2011,7.769
DNK,SL.UEM.TOTL.ZS,2010,7.746
DNK,SL.UEM.TOTL.ZS,2009,6.409
DNK,SL.UEM.TOTL.ZS,2008,3.683
DNK,SL.UEM.TOTL.ZS,2007,3.801
DNK,SL.UEM.TOTL.ZS,2006,3.897
DNK,SL.UEM.TOTL.ZS,2005,4.83
DNK,SL.UEM.TOTL.ZS,2004,5.204
DNK,SL.UEM.TOTL.ZS,2003,5.398
DNK,SL.UEM.TOTL.ZS,2002,4.274
DNK,SL.UEM.TOTL.ZS,2001,4.164
DNK,SL.UEM.TOTL.ZS,2000,4.476
DNK,SL.UEM.TOTL.ZS,1999,5.141
DNK,SL.UEM.TOTL.ZS,1998,5.039
DNK,SL.UEM.TOTL.ZS,1997,5.4
DNK,SL.UEM.TOTL.ZS,1996,6.844
DNK,SL.UEM.TOTL.ZS,1995,6.992
DNK,SL.UEM.TOTL.ZS,1994,8.036
DNK,SL.UEM.TOTL.ZS,1993,10.719
DNK,SL.UEM.TOTL.ZS,1992,9.027
DNK,SL.UEM.TOTL.ZS,1991,9.099
DNK,SL.UEM.TOTL.ZS,1990,
DNK,SL.UEM.TOTL.ZS,1989,
DNK,SL.UEM.TOTL.ZS,1988,
DNK,SL.UEM.TOTL.ZS,1987,
DNK,SL.UEM.TOTL.ZS,1986,
DNK,SL.UEM.TOTL.ZS,1985,
DNK,SL.UEM.TOTL.ZS,1984,
DNK,SL.UEM.TOTL.ZS,1983,
DNK,SL.UEM.TOTL.ZS,1982,
DNK,SL.UEM.TOTL.ZS,1981,
DNK,SL.UEM.TOTL.ZS,1980,
DNK,SL.UEM.TOTL.ZS,1979,
DNK,SL.UEM.TOTL.ZS,1978,
DNK,SL.UEM.TOTL.ZS,1977,
DNK,SL.UEM.TOTL.ZS,1976,
DNK,SL.UEM.TOTL.ZS,1975,
DNK,SL.UEM.TOTL.ZS,1974,
DNK,SL.UEM.TOTL.ZS,1973,
DNK,SL.UEM.TOTL.ZS,1972,
DNK,SL.UEM.TOTL.ZS,1971,
DNK,SL.UEM.TOTL.ZS,1970,
DNK,SL.UEM.TOTL.ZS,1969,
DNK,SL.UEM.TOTL.ZS,1968,
DNK,SL.UEM.TOTL.ZS,1967,
DNK,SL.UEM.TOTL.ZS,1966,
DNK,SL.UEM.TOTL.ZS,1965,
DNK,SL.UEM.TOTL.ZS,1964,
DNK,SL.UEM.TOTL.ZS,1963,
DNK,SL.UEM.TOTL.ZS,1962,
DNK,SL.UEM.TOTL.ZS,1961,
DNK,SL.UEM.TOTL.ZS,1960,
DJI,SL.UEM.TOTL.ZS,2024,25.875
DJI,SL.UEM.TOTL.ZS,2023,26.154
DJI,SL.UEM.TOTL.ZS,2022,26.307
DJI,SL.UEM.TOTL.ZS,2021,27.668
DJI,SL.UEM.TOTL.ZS,2020,27.713
DJI,SL.UEM.TOTL.ZS,2019,26.256
DJI,SL.UEM.TOTL.ZS,2018,26.184
DJI,SL.UEM.TOTL.ZS,2017,26.064
DJI,SL.UEM.TOTL.ZS,2016,25.992
DJI,SL.UEM.TOTL.ZS,2015,26.07
DJI,SL.UEM.TOTL.ZS,2014,26.173
DJI,SL.UEM.TOTL.ZS,2013,26.157
DJI,SL.UEM.TOTL.ZS,2012,26.187
DJI,SL.UEM.TOTL.ZS,2011,26.314
DJI,SL.UEM.TOTL.ZS,2010,26.371
DJI,SL.UEM.TOTL.ZS,2009,26.33
DJI,SL.UEM.TOTL.ZS,2008,26.194
DJI,SL.UEM.TOTL.ZS,2007,26.3
DJI,SL.UEM.TOTL.ZS,2006,26.387
DJI,SL.UEM.TOTL.ZS,2005,26.452
DJI,SL.UEM.TOTL.ZS,2004,26.446
DJI,SL.UEM.TOTL.ZS,2003,26.488
DJI,SL.UEM.TOTL.ZS,2002,26.59
DJI,SL.UEM.TOTL.ZS,2001,26.599
DJI,SL.UEM.TOTL.ZS,2000,26.664
DJI,SL.UEM.TOTL.ZS,1999,26.74
DJI,SL.UEM.TOTL.ZS,1998,27.013
DJI,SL.UEM.TOTL.ZS,1997,27.156
DJI,SL.UEM.TOTL.ZS,1996,27.153
DJI,SL.UEM.TOTL.ZS,1995,27.279
DJI,SL.UEM.TOTL.ZS,1994,27.103
DJI,SL.UEM.TOTL.ZS,1993,26.728
DJI,SL.UEM.TOTL.ZS,1992,25.985
DJI,SL.UEM.TOTL.ZS,1991,25.669
DJI,SL.UEM.TOTL.ZS,1990,
DJI,SL.UEM.TOTL.ZS,1989,
DJI,SL.UEM.TOTL.ZS,1988,
DJI,SL.UEM.TOTL.ZS,1987,
DJI,SL.UEM.TOTL.ZS,1986,
DJI,SL.UEM.TOTL.ZS,1985,
DJI,SL.UEM.TOTL.ZS,1984,
DJI,SL.UEM.TOTL.ZS,1983,
DJI,SL.UEM.TOTL.ZS,1982,
DJI,SL.UEM.TOTL.ZS,1981,
DJI,SL.UEM.TOTL.ZS,1980,
DJI,SL.UEM.TOTL.ZS,1979,
DJI,SL.UEM.TOTL.ZS,1978,
DJI,SL.UEM.TOTL.ZS,1977,
DJI,SL.UEM.TOTL.ZS,1976,
DJI,SL.UEM.TOTL.ZS,1975,
DJI,SL.UEM.TOTL.ZS,1974,
DJI,SL.UEM.TOTL.ZS,1973,
DJI,SL.UEM.TOTL.ZS,1972,
DJI,SL.UEM.TOTL.ZS,1971,
DJI,SL.UEM.TOTL.ZS,1970,
DJI,SL.UEM.TOTL.ZS,1969,
DJI,SL.UEM.TOTL.ZS,1968,
DJI,SL.UEM.TOTL.ZS,1967,
DJI,SL.UEM.TOTL.ZS,1966,
DJI,SL.UEM.TOTL.ZS,1965,
DJI,SL.UEM.TOTL.ZS,1964,
DJI,SL.UEM.TOTL.ZS,1963,
DJI,SL.UEM.TOTL.ZS,1962,
DJI,SL.UEM.TOTL.ZS,1961,
DJI,SL.UEM.TOTL.ZS,1960,
DMA,SL.UEM.TOTL.ZS,2024,
DMA,SL.UEM.TOTL.ZS,2023,
DMA,SL.UEM.TOTL.ZS,2022,
DMA,SL.UEM.TOTL.ZS,2021,
DMA,SL.UEM.TOTL.ZS,2020,
DMA,SL.UEM.TOTL.ZS,2019,
DMA,SL.UEM.TOTL.ZS,2018,
DMA,SL.UEM.TOTL.ZS,2017,
DMA,SL.UEM.TOTL.ZS,2016,
DMA,SL.UEM.TOTL.ZS,2015,
DMA,SL.UEM.TOTL.ZS,2014,
DMA,SL.UEM.TOTL.ZS,2013,
DMA,SL.UEM.TOTL.ZS,2012,
DMA,SL.UEM.TOTL.ZS,2011,
DMA,SL.UEM.TOTL.ZS,2010,
DMA,SL.UEM.TOTL.ZS,2009,
DMA,SL.UEM.TOTL.ZS,2008,
DMA,SL.UEM.TOTL.ZS,2007,
DMA,SL.UEM.TOTL.ZS,2006,
DMA,SL.UEM.TOTL.ZS,2005,
DMA,SL.UEM.TOTL.ZS,2004,
DMA,SL.UEM.TOTL.ZS,2003,
DMA,SL.UEM.TOTL.ZS,2002,
DMA,SL.UEM.TOTL.ZS,2001,
DMA,SL.UEM.TOTL.ZS,2000,
DMA,SL.UEM.TOTL.ZS,1999,
DMA,SL.UEM.TOTL.ZS,1998,
DMA,SL.UEM.TOTL.ZS,1997,
DMA,SL.UEM.TOTL.ZS,1996,
DMA,SL.UEM.TOTL.ZS,1995,
DMA,SL.UEM.TOTL.ZS,1994,
DMA,SL.UEM.TOTL.ZS,1993,
DMA,SL.UEM.TOTL.ZS,1992,
DMA,SL.UEM.TOTL.ZS,1991,
DMA,SL.UEM.TOTL.ZS,1990,
DMA,SL.UEM.TOTL.ZS,1989,
DMA,SL.UEM.TOTL.ZS,1988,
DMA,SL.UEM.TOTL.ZS,1987,
DMA,SL.UEM.TOTL.ZS,1986,
DMA,SL.UEM.TOTL.ZS,1985,
DMA,SL.UEM.TOTL.ZS,1984,
DMA,SL.UEM.TOTL.ZS,1983,
DMA,SL.UEM.TOTL.ZS,1982,
DMA,SL.UEM.TOTL.ZS,1981,
DMA,SL.UEM.TOTL.ZS,1980,
DMA,SL.UEM.TOTL.ZS,1979,
DMA,SL.UEM.TOTL.ZS,1978,
DMA,SL.UEM.TOTL.ZS,1977,
DMA,SL.UEM.TOTL.ZS,1976,
DMA,SL.UEM.TOTL.ZS,1975,
DMA,SL.UEM.TOTL.ZS,1974,
DMA,SL.UEM.TOTL.ZS,1973,
DMA,SL.UEM.TOTL.ZS,1972,
DMA,SL.UEM.TOTL.ZS,1971,
DMA,SL.UEM.TOTL.ZS,1970,
DMA,SL.UEM.TOTL.ZS,1969,
DMA,SL.UEM.TOTL.ZS,1968,
DMA,SL.UEM.TOTL.ZS,1967,
DMA,SL.UEM.TOTL.ZS,1966,
DMA,SL.UEM.TOTL.ZS,1965,
DMA,SL.UEM.TOTL.ZS,1964,
DMA,SL.UEM.TOTL.ZS,1963,
DMA,SL.UEM.TOTL.ZS,1962,
DMA,SL.UEM.TOTL.ZS,1961,
DMA,SL.UEM.TOTL.ZS,1960,
DOM,SL.UEM.TOTL.ZS,2024,5.473
DOM,SL.UEM.TOTL.ZS,2023,5.555
DOM,SL.UEM.TOTL.ZS,2022,5.504
DOM,SL.UEM.TOTL.ZS,2021,7.702
DOM,SL.UEM.TOTL.ZS,2020,6.126
DOM,SL.UEM.TOTL.ZS,2019,6.356
DOM,SL.UEM.TOTL.ZS,2018,5.861
DOM,SL.UEM.TOTL.ZS,2017,5.832
DOM,SL.UEM.TOTL.ZS,2016,7.284
DOM,SL.UEM.TOTL.ZS,2015,7.605
DOM,SL.UEM.TOTL.ZS,2014,6.719
DOM,SL.UEM.TOTL.ZS,2013,7.351
DOM,SL.UEM.TOTL.ZS,2012,6.722
DOM,SL.UEM.TOTL.ZS,2011,6.087
DOM,SL.UEM.TOTL.ZS,2010,5.212
DOM,SL.UEM.TOTL.ZS,2009,5.467
DOM,SL.UEM.TOTL.ZS,2008,4.764
DOM,SL.UEM.TOTL.ZS,2007,5.158
DOM,SL.UEM.TOTL.ZS,2006,5.654
DOM,SL.UEM.TOTL.ZS,2005,6.587
DOM,SL.UEM.TOTL.ZS,2004,6.303
DOM,SL.UEM.TOTL.ZS,2003,6.938
DOM,SL.UEM.TOTL.ZS,2002,6.779
DOM,SL.UEM.TOTL.ZS,2001,7.262
DOM,SL.UEM.TOTL.ZS,2000,6.432
DOM,SL.UEM.TOTL.ZS,1999,6.308
DOM,SL.UEM.TOTL.ZS,1998,6.301
DOM,SL.UEM.TOTL.ZS,1997,6.324
DOM,SL.UEM.TOTL.ZS,1996,6.496
DOM,SL.UEM.TOTL.ZS,1995,6.45
DOM,SL.UEM.TOTL.ZS,1994,6.29
DOM,SL.UEM.TOTL.ZS,1993,6.331
DOM,SL.UEM.TOTL.ZS,1992,6.7
DOM,SL.UEM.TOTL.ZS,1991,6.907
DOM,SL.UEM.TOTL.ZS,1990,
DOM,SL.UEM.TOTL.ZS,1989,
DOM,SL.UEM.TOTL.ZS,1988,
DOM,SL.UEM.TOTL.ZS,1987,
DOM,SL.UEM.TOTL.ZS,1986,
DOM,SL.UEM.TOTL.ZS,1985,
DOM,SL.UEM.TOTL.ZS,1984,
DOM,SL.UEM.TOTL.ZS,1983,
DOM,SL.UEM.TOTL.ZS,1982,
DOM,SL.UEM.TOTL.ZS,1981,
DOM,SL.UEM.TOTL.ZS,1980,
DOM,SL.UEM.TOTL.ZS,1979,
DOM,SL.UEM.TOTL.ZS,1978,
DOM,SL.UEM.TOTL.ZS,1977,
DOM,SL.UEM.TOTL.ZS,1976,
DOM,SL.UEM.TOTL.ZS,1975,
DOM,SL.UEM.TOTL.ZS,1974,
DOM,SL.UEM.TOTL.ZS,1973,
DOM,SL.UEM.TOTL.ZS,1972,
DOM,SL.UEM.TOTL.ZS,1971,
DOM,SL.UEM.TOTL.ZS,1970,
DOM,SL.UEM.TOTL.ZS,1969,
DOM,SL.UEM.TOTL.ZS,1968,
DOM,SL.UEM.TOTL.ZS,1967,
DOM,SL.UEM.TOTL.ZS,1966,
DOM,SL.UEM.TOTL.ZS,1965,
DOM,SL.UEM.TOTL.ZS,1964,
DOM,SL.UEM.TOTL.ZS,1963,
DOM,SL.UEM.TOTL.ZS,1962,
DOM,SL.UEM.TOTL.ZS,1961,
DOM,SL.UEM.TOTL.ZS,1960,
ECU,SL.UEM.TOTL.ZS,2024,4.773
ECU,SL.UEM.TOTL.ZS,2023,3.51
ECU,SL.UEM.TOTL.ZS,2022,3.761
ECU,SL.UEM.TOTL.ZS,2021,4.552
ECU,SL.UEM.TOTL.ZS,2020,6.127
ECU,SL.UEM.TOTL.ZS,2019,3.812
ECU,SL.UEM.TOTL.ZS,2018,3.53
ECU,SL.UEM.TOTL.ZS,2017,3.836
ECU,SL.UEM.TOTL.ZS,2016,4.597
ECU,SL.UEM.TOTL.ZS,2015,3.616
ECU,SL.UEM.TOTL.ZS,2014,3.48
ECU,SL.UEM.TOTL.ZS,2013,3.083
ECU,SL.UEM.TOTL.ZS,2012,3.235
ECU,SL.UEM.TOTL.ZS,2011,3.458
ECU,SL.UEM.TOTL.ZS,2010,4.088
ECU,SL.UEM.TOTL.ZS,2009,4.608
ECU,SL.UEM.TOTL.ZS,2008,3.917
ECU,SL.UEM.TOTL.ZS,2007,3.142
ECU,SL.UEM.TOTL.ZS,2006,3.55
ECU,SL.UEM.TOTL.ZS,2005,3.779
ECU,SL.UEM.TOTL.ZS,2004,5.002
ECU,SL.UEM.TOTL.ZS,2003,5.662
ECU,SL.UEM.TOTL.ZS,2002,4.836
ECU,SL.UEM.TOTL.ZS,2001,4.252
ECU,SL.UEM.TOTL.ZS,2000,4.8
ECU,SL.UEM.TOTL.ZS,1999,4.658
ECU,SL.UEM.TOTL.ZS,1998,4.395
ECU,SL.UEM.TOTL.ZS,1997,4.431
ECU,SL.UEM.TOTL.ZS,1996,4.43
ECU,SL.UEM.TOTL.ZS,1995,4.417
ECU,SL.UEM.TOTL.ZS,1994,4.419
ECU,SL.UEM.TOTL.ZS,1993,4.415
ECU,SL.UEM.TOTL.ZS,1992,4.346
ECU,SL.UEM.TOTL.ZS,1991,4.385
ECU,SL.UEM.TOTL.ZS,1990,
ECU,SL.UEM.TOTL.ZS,1989,
ECU,SL.UEM.TOTL.ZS,1988,
ECU,SL.UEM.TOTL.ZS,1987,
ECU,SL.UEM.TOTL.ZS,1986,
ECU,SL.UEM.TOTL.ZS,1985,
ECU,SL.UEM.TOTL.ZS,1984,
ECU,SL.UEM.TOTL.ZS,1983,
ECU,SL.UEM.TOTL.ZS,1982,
ECU,SL.UEM.TOTL.ZS,1981,
ECU,SL.UEM.TOTL.ZS,1980,
ECU,SL.UEM.TOTL.ZS,1979,
ECU,SL.UEM.TOTL.ZS,1978,
ECU,SL.UEM.TOTL.ZS,1977,
ECU,SL.UEM.TOTL.ZS,1976,
ECU,SL.UEM.TOTL.ZS,1975,
ECU,SL.UEM.TOTL.ZS,1974,
ECU,SL.UEM.TOTL.ZS,1973,
ECU,SL.UEM.TOTL.ZS,1972,
ECU,SL.UEM.TOTL.ZS,1971,
ECU,SL.UEM.TOTL.ZS,1970,
ECU,SL.UEM.TOTL.ZS,1969,
ECU,SL.UEM.TOTL.ZS,1968,
ECU,SL.UEM.TOTL.ZS,1967,
ECU,SL.UEM.TOTL.ZS,1966,
ECU,SL.UEM.TOTL.ZS,1965,
ECU,SL.UEM.TOTL.ZS,1964,
ECU,SL.UEM.TOTL.ZS,1963,
ECU,SL.UEM.TOTL.ZS,1962,
ECU,SL.UEM.TOTL.ZS,1961,
ECU,SL.UEM.TOTL.ZS,1960,
EGY,SL.UEM.TOTL.ZS,2024,7.198
EGY,SL.UEM.TOTL.ZS,2023,7.334
EGY,SL.UEM.TOTL.ZS,2022,7.344
EGY,SL.UEM.TOTL.ZS,2021,7.441
EGY,SL.UEM.TOTL.ZS,2020,7.974
EGY,SL.UEM.TOTL.ZS,2019,7.851
EGY,SL.UEM.TOTL.ZS,2018,9.855
EGY,SL.UEM.TOTL.ZS,2017,11.767
EGY,SL.UEM.TOTL.ZS,2016,12.45
EGY,SL.UEM.TOTL.ZS,2015,13.052
EGY,SL.UEM.TOTL.ZS,2014,13.105
EGY,SL.UEM.TOTL.ZS,2013,13.154
EGY,SL.UEM.TOTL.ZS,2012,12.597
EGY,SL.UEM.TOTL.ZS,2011,11.849
EGY,SL.UEM.TOTL.ZS,2010,8.757
EGY,SL.UEM.TOTL.ZS,2009,9.087
EGY,SL.UEM.TOTL.ZS,2008,8.517
EGY,SL.UEM.TOTL.ZS,2007,8.8
EGY,SL.UEM.TOTL.ZS,2006,10.49
EGY,SL.UEM.TOTL.ZS,2005,11.049
EGY,SL.UEM.TOTL.ZS,2004,10.32
EGY,SL.UEM.TOTL.ZS,2003,10.91
EGY,SL.UEM.TOTL.ZS,2002,10.01
EGY,SL.UEM.TOTL.ZS,2001,9.26
EGY,SL.UEM.TOTL.ZS,2000,8.98
EGY,SL.UEM.TOTL.ZS,1999,7.95
EGY,SL.UEM.TOTL.ZS,1998,8.03
EGY,SL.UEM.TOTL.ZS,1997,8.37
EGY,SL.UEM.TOTL.ZS,1996,9.0
EGY,SL.UEM.TOTL.ZS,1995,11.04
EGY,SL.UEM.TOTL.ZS,1994,10.93
EGY,SL.UEM.TOTL.ZS,1993,10.92
EGY,SL.UEM.TOTL.ZS,1992,8.92
EGY,SL.UEM.TOTL.ZS,1991,9.38
EGY,SL.UEM.TOTL.ZS,1990,
EGY,SL.UEM.TOTL.ZS,1989,
EGY,SL.UEM.TOTL.ZS,1988,
EGY,SL.UEM.TOTL.ZS,1987,
EGY,SL.UEM.TOTL.ZS,1986,
EGY,SL.UEM.TOTL.ZS,1985,
EGY,SL.UEM.TOTL.ZS,1984,
EGY,SL.UEM.TOTL.ZS,1983,
EGY,SL.UEM.TOTL.ZS,1982,
EGY,SL.UEM.TOTL.ZS,1981,
EGY,SL.UEM.TOTL.ZS,1980,
EGY,SL.UEM.TOTL.ZS,1979,
EGY,SL.UEM.TOTL.ZS,1978,
EGY,SL.UEM.TOTL.ZS,1977,
EGY,SL.UEM.TOTL.ZS,1976,
EGY,SL.UEM.TOTL.ZS,1975,
EGY,SL.UEM.TOTL.ZS,1974,
EGY,SL.UEM.TOTL.ZS,1973,
EGY,SL.UEM.TOTL.ZS,1972,
EGY,SL.UEM.TOTL.ZS,1971,
EGY,SL.UEM.TOTL.ZS,1970,
EGY,SL.UEM.TOTL.ZS,1969,
EGY,SL.UEM.TOTL.ZS,1968,
EGY,SL.UEM.TOTL.ZS,1967,
EGY,SL.UEM.TOTL.ZS,1966,
EGY,SL.UEM.TOTL.ZS,1965,
EGY,SL.UEM.TOTL.ZS,1964,
EGY,SL.UEM.TOTL.ZS,1963,
EGY,SL.UEM.TOTL.ZS,1962,
EGY,SL.UEM.TOTL.ZS,1961,
EGY,SL.UEM.TOTL.ZS,1960,
SLV,SL.UEM.TOTL.ZS,2024,2.839
SLV,SL.UEM.TOTL.ZS,2023,2.992
SLV,SL.UEM.TOTL.ZS,2022,2.999
SLV,SL.UEM.TOTL.ZS,2021,4.327
SLV,SL.UEM.TOTL.ZS,2020,5.008
SLV,SL.UEM.TOTL.ZS,2019,4.17
SLV,SL.UEM.TOTL.ZS,2018,4.006
SLV,SL.UEM.TOTL.ZS,2017,4.385
SLV,SL.UEM.TOTL.ZS,2016,4.418
SLV,SL.UEM.TOTL.ZS,2015,3.998
SLV,SL.UEM.TOTL.ZS,2014,4.154
SLV,SL.UEM.TOTL.ZS,2013,3.693
SLV,SL.UEM.TOTL.ZS,2012,3.843
SLV,SL.UEM.TOTL.ZS,2011,4.297
SLV,SL.UEM.TOTL.ZS,2010,4.893
SLV,SL.UEM.TOTL.ZS,2009,7.33
SLV,SL.UEM.TOTL.ZS,2008,5.88
SLV,SL.UEM.TOTL.ZS,2007,6.41
SLV,SL.UEM.TOTL.ZS,2006,6.57
SLV,SL.UEM.TOTL.ZS,2005,7.22
SLV,SL.UEM.TOTL.ZS,2004,6.8
SLV,SL.UEM.TOTL.ZS,2003,6.9
SLV,SL.UEM.TOTL.ZS,2002,6.2
SLV,SL.UEM.TOTL.ZS,2001,6.96
SLV,SL.UEM.TOTL.ZS,2000,6.96
SLV,SL.UEM.TOTL.ZS,1999,7.3
SLV,SL.UEM.TOTL.ZS,1998,7.1
SLV,SL.UEM.TOTL.ZS,1997,7.98
SLV,SL.UEM.TOTL.ZS,1996,7.68
SLV,SL.UEM.TOTL.ZS,1995,7.65
SLV,SL.UEM.TOTL.ZS,1994,7.68
SLV,SL.UEM.TOTL.ZS,1993,9.94
SLV,SL.UEM.TOTL.ZS,1992,7.88
SLV,SL.UEM.TOTL.ZS,1991,7.53
SLV,SL.UEM.TOTL.ZS,1990,
SLV,SL.UEM.TOTL.ZS,1989,
SLV,SL.UEM.TOTL.ZS,1988,
SLV,SL.UEM.TOTL.ZS,1987,
SLV,SL.UEM.TOTL.ZS,1986,
SLV,SL.UEM.TOTL.ZS,1985,
SLV,SL.UEM.TOTL.ZS,1984,
SLV,SL.UEM.TOTL.ZS,1983,
SLV,SL.UEM.TOTL.ZS,1982,
SLV,SL.UEM.TOTL.ZS,1981,
SLV,SL.UEM.TOTL.ZS,1980,
SLV,SL.UEM.TOTL.ZS,1979,
SLV,SL.UEM.TOTL.ZS,1978,
SLV,SL.UEM.TOTL.ZS,1977,
SLV,SL.UEM.TOTL.ZS,1976,
SLV,SL.UEM.TOTL.ZS,1975,
SLV,SL.UEM.TOTL.ZS,1974,
SLV,SL.UEM.TOTL.ZS,1973,
SLV,SL.UEM.TOTL.ZS,1972,
SLV,SL.UEM.TOTL.ZS,1971,
SLV,SL.UEM.TOTL.ZS,1970,
SLV,SL.UEM.TOTL.ZS,1969,
SLV,SL.UEM.TOTL.ZS,1968,
SLV,SL.UEM.TOTL.ZS,1967,
SLV,SL.UEM.TOTL.ZS,1966,
SLV,SL.UEM.TOTL.ZS,1965,
SLV,SL.UEM.TOTL.ZS,1964,
SLV,SL.UEM.TOTL.ZS,1963,
SLV,SL.UEM.TOTL.ZS,1962,
SLV,SL.UEM.TOTL.ZS,1961,
SLV,SL.UEM.TOTL.ZS,1960,
GNQ,SL.UEM.TOTL.ZS,2024,7.823
GNQ,SL.UEM.TOTL.ZS,2023,8.367
GNQ,SL.UEM.TOTL.ZS,2022,8.455
GNQ,SL.UEM.TOTL.ZS,2021,8.976
GNQ,SL.UEM.TOTL.ZS,2020,8.781
GNQ,SL.UEM.TOTL.ZS,2019,8.064
GNQ,SL.UEM.TOTL.ZS,2018,7.967
GNQ,SL.UEM.TOTL.ZS,2017,8.004
GNQ,SL.UEM.TOTL.ZS,2016,7.962
GNQ,SL.UEM.TOTL.ZS,2015,7.95
GNQ,SL.UEM.TOTL.ZS,2014,7.845
GNQ,SL.UEM.TOTL.ZS,2013,7.86
GNQ,SL.UEM.TOTL.ZS,2012,7.957
GNQ,SL.UEM.TOTL.ZS,2011,8.045
GNQ,SL.UEM.TOTL.ZS,2010,8.07
GNQ,SL.UEM.TOTL.ZS,2009,7.939
GNQ,SL.UEM.TOTL.ZS,2008,7.831
GNQ,SL.UEM.TOTL.ZS,2007,7.877
GNQ,SL.UEM.TOTL.ZS,2006,7.924
GNQ,SL.UEM.TOTL.ZS,2005,8.008
GNQ,SL.UEM.TOTL.ZS,2004,8.03
GNQ,SL.UEM.TOTL.ZS,2003,8.11
GNQ,SL.UEM.TOTL.ZS,2002,8.09
GNQ,SL.UEM.TOTL.ZS,2001,8.032
GNQ,SL.UEM.TOTL.ZS,2000,7.955
GNQ,SL.UEM.TOTL.ZS,1999,7.954
GNQ,SL.UEM.TOTL.ZS,1998,7.886
GNQ,SL.UEM.TOTL.ZS,1997,7.832
GNQ,SL.UEM.TOTL.ZS,1996,7.792
GNQ,SL.UEM.TOTL.ZS,1995,7.738
GNQ,SL.UEM.TOTL.ZS,1994,7.699
GNQ,SL.UEM.TOTL.ZS,1993,7.594
GNQ,SL.UEM.TOTL.ZS,1992,7.45
GNQ,SL.UEM.TOTL.ZS,1991,7.25
GNQ,SL.UEM.TOTL.ZS,1990,
GNQ,SL.UEM.TOTL.ZS,1989,
GNQ,SL.UEM.TOTL.ZS,1988,
GNQ,SL.UEM.TOTL.ZS,1987,
GNQ,SL.UEM.TOTL.ZS,1986,
GNQ,SL.UEM.TOTL.ZS,1985,
GNQ,SL.UEM.TOTL.ZS,1984,
GNQ,SL.UEM.TOTL.ZS,1983,
GNQ,SL.UEM.TOTL.ZS,1982,
GNQ,SL.UEM.TOTL.ZS,1981,
GNQ,SL.UEM.TOTL.ZS,1980,
GNQ,SL.UEM.TOTL.ZS,1979,
GNQ,SL.UEM.TOTL.ZS,1978,
GNQ,SL.UEM.TOTL.ZS,1977,
GNQ,SL.UEM.TOTL.ZS,1976,
GNQ,SL.UEM.TOTL.ZS,1975,
GNQ,SL.UEM.TOTL.ZS,1974,
GNQ,SL.UEM.TOTL.ZS,1973,
GNQ,SL.UEM.TOTL.ZS,1972,
GNQ,SL.UEM.TOTL.ZS,1971,
GNQ,SL.UEM.TOTL.ZS,1970,
GNQ,SL.UEM.TOTL.ZS,1969,
GNQ,SL.UEM.TOTL.ZS,1968,
GNQ,SL.UEM.TOTL.ZS,1967,
GNQ,SL.UEM.TOTL.ZS,1966,
GNQ,SL.UEM.TOTL.ZS,1965,
GNQ,SL.UEM.TOTL.ZS,1964,
GNQ,SL.UEM.TOTL.ZS,1963,
GNQ,SL.UEM.TOTL.ZS,1962,
GNQ,SL.UEM.TOTL.ZS,1961,
GNQ,SL.UEM.TOTL.ZS,1960,
ERI,SL.UEM.TOTL.ZS,2024,5.553
ERI,SL.UEM.TOTL.ZS,2023,5.586
ERI,SL.UEM.TOTL.ZS,2022,5.695
ERI,SL.UEM.TOTL.ZS,2021,6.177
ERI,SL.UEM.TOTL.ZS,2020,6.088
ERI,SL.UEM.TOTL.ZS,2019,5.552
ERI,SL.UEM.TOTL.ZS,2018,5.511
ERI,SL.UEM.TOTL.ZS,2017,5.577
ERI,SL.UEM.TOTL.ZS,2016,5.554
ERI,SL.UEM.TOTL.ZS,2015,5.541
ERI,SL.UEM.TOTL.ZS,2014,5.43
ERI,SL.UEM.TOTL.ZS,2013,5.423
ERI,SL.UEM.TOTL.ZS,2012,5.501
ERI,SL.UEM.TOTL.ZS,2011,5.614
ERI,SL.UEM.TOTL.ZS,2010,5.675
ERI,SL.UEM.TOTL.ZS,2009,5.583
ERI,SL.UEM.TOTL.ZS,2008,5.524
ERI,SL.UEM.TOTL.ZS,2007,5.575
ERI,SL.UEM.TOTL.ZS,2006,5.566
ERI,SL.UEM.TOTL.ZS,2005,5.579
ERI,SL.UEM.TOTL.ZS,2004,5.569
ERI,SL.UEM.TOTL.ZS,2003,5.679
ERI,SL.UEM.TOTL.ZS,2002,5.708
ERI,SL.UEM.TOTL.ZS,2001,5.678
ERI,SL.UEM.TOTL.ZS,2000,5.608
ERI,SL.UEM.TOTL.ZS,1999,5.553
ERI,SL.UEM.TOTL.ZS,1998,5.441
ERI,SL.UEM.TOTL.ZS,1997,5.328
ERI,SL.UEM.TOTL.ZS,1996,5.215
ERI,SL.UEM.TOTL.ZS,1995,5.266
ERI,SL.UEM.TOTL.ZS,1994,5.385
ERI,SL.UEM.TOTL.ZS,1993,5.33
ERI,SL.UEM.TOTL.ZS,1992,5.256
ERI,SL.UEM.TOTL.ZS,1991,5.097
ERI,SL.UEM.TOTL.ZS,1990,
ERI,SL.UEM.TOTL.ZS,1989,
ERI,SL.UEM.TOTL.ZS,1988,
ERI,SL.UEM.TOTL.ZS,1987,
ERI,SL.UEM.TOTL.ZS,1986,
ERI,SL.UEM.TOTL.ZS,1985,
ERI,SL.UEM.TOTL.ZS,1984,
ERI,SL.UEM.TOTL.ZS,1983,
ERI,SL.UEM.TOTL.ZS,1982,
ERI,SL.UEM.TOTL.ZS,1981,
ERI,SL.UEM.TOTL.ZS,1980,
ERI,SL.UEM.TOTL.ZS,1979,
ERI,SL.UEM.TOTL.ZS,1978,
ERI,SL.UEM.TOTL.ZS,1977,
ERI,SL.UEM.TOTL.ZS,1976,
ERI,SL.UEM.TOTL.ZS,1975,
ERI,SL.UEM.TOTL.ZS,1974,
ERI,SL.UEM.TOTL.ZS,1973,
ERI,SL.UEM.TOTL.ZS,1972,
ERI,SL.UEM.TOTL.ZS,1971,
ERI,SL.UEM.TOTL.ZS,1970,
ERI,SL.UEM.TOTL.ZS,1969,
ERI,SL.UEM.TOTL.ZS,1968,
ERI,SL.UEM.TOTL.ZS,1967,
ERI,SL.UEM.TOTL.ZS,1966,
ERI,SL.UEM.TOTL.ZS,1965,
ERI,SL.UEM.TOTL.ZS,1964,
ERI,SL.UEM.TOTL.ZS,1963,
ERI,SL.UEM.TOTL.ZS,1962,
ERI,SL.UEM.TOTL.ZS,1961,
ERI,SL.UEM.TOTL.ZS,1960,
EST,SL.UEM.TOTL.ZS,2024,7.828
EST,SL.UEM.TOTL.ZS,2023,6.378
EST,SL.UEM.TOTL.ZS,2022,5.571
EST,SL.UEM.TOTL.ZS,2021,6.178
EST,SL.UEM.TOTL.ZS,2020,6.956
EST,SL.UEM.TOTL.ZS,2019,4.514
EST,SL.UEM.TOTL.ZS,2018,5.412
EST,SL.UEM.TOTL.ZS,2017,5.807
EST,SL.UEM.TOTL.ZS,2016,6.882
EST,SL.UEM.TOTL.ZS,2015,6.412
EST,SL.UEM.TOTL.ZS,2014,7.352
EST,SL.UEM.TOTL.ZS,2013,8.631
EST,SL.UEM.TOTL.ZS,2012,10.021
EST,SL.UEM.TOTL.ZS,2011,12.328
EST,SL.UEM.TOTL.ZS,2010,16.707
EST,SL.UEM.TOTL.ZS,2009,13.548
EST,SL.UEM.TOTL.ZS,2008,5.455
EST,SL.UEM.TOTL.ZS,2007,4.592
EST,SL.UEM.TOTL.ZS,2006,5.915
EST,SL.UEM.TOTL.ZS,2005,8.033
EST,SL.UEM.TOTL.ZS,2004,10.248
EST,SL.UEM.TOTL.ZS,2003,11.288
EST,SL.UEM.TOTL.ZS,2002,10.026
EST,SL.UEM.TOTL.ZS,2001,13.134
EST,SL.UEM.TOTL.ZS,2000,13.36
EST,SL.UEM.TOTL.ZS,1999,11.573
EST,SL.UEM.TOTL.ZS,1998,9.51
EST,SL.UEM.TOTL.ZS,1997,10.369
EST,SL.UEM.TOTL.ZS,1996,9.915
EST,SL.UEM.TOTL.ZS,1995,9.659
EST,SL.UEM.TOTL.ZS,1994,7.561
EST,SL.UEM.TOTL.ZS,1993,6.544
EST,SL.UEM.TOTL.ZS,1992,3.681
EST,SL.UEM.TOTL.ZS,1991,1.468
EST,SL.UEM.TOTL.ZS,1990,
EST,SL.UEM.TOTL.ZS,1989,
EST,SL.UEM.TOTL.ZS,1988,
EST,SL.UEM.TOTL.ZS,1987,
EST,SL.UEM.TOTL.ZS,1986,
EST,SL.UEM.TOTL.ZS,1985,
EST,SL.UEM.TOTL.ZS,1984,
EST,SL.UEM.TOTL.ZS,1983,
EST,SL.UEM.TOTL.ZS,1982,
EST,SL.UEM.TOTL.ZS,1981,
EST,SL.UEM.TOTL.ZS,1980,
EST,SL.UEM.TOTL.ZS,1979,
EST,SL.UEM.TOTL.ZS,1978,
EST,SL.UEM.TOTL.ZS,1977,
EST,SL.UEM.TOTL.ZS,1976,
EST,SL.UEM.TOTL.ZS,1975,
EST,SL.UEM.TOTL.ZS,1974,
EST,SL.UEM.TOTL.ZS,1973,
EST,SL.UEM.TOTL.ZS,1972,
EST,SL.UEM.TOTL.ZS,1971,
EST,SL.UEM.TOTL.ZS,1970,
EST,SL.UEM.TOTL.ZS,1969,
EST,SL.UEM.TOTL.ZS,1968,
EST,SL.UEM.TOTL.ZS,1967,
EST,SL.UEM.TOTL.ZS,1966,
EST,SL.UEM.TOTL.ZS,1965,
EST,SL.UEM.TOTL.ZS,1964,
EST,SL.UEM.TOTL.ZS,1963,
EST,SL.UEM.TOTL.ZS,1962,
EST,SL.UEM.TOTL.ZS,1961,
EST,SL.UEM.TOTL.ZS,1960,
SWZ,SL.UEM.TOTL.ZS,2024,34.4
SWZ,SL.UEM.TOTL.ZS,2023,35.086
SWZ,SL.UEM.TOTL.ZS,2022,35.359
SWZ,SL.UEM.TOTL.ZS,2021,34.153
SWZ,SL.UEM.TOTL.ZS,2020,32.944
SWZ,SL.UEM.TOTL.ZS,2019,28.138
SWZ,SL.UEM.TOTL.ZS,2018,26.369
SWZ,SL.UEM.TOTL.ZS,2017,24.523
SWZ,SL.UEM.TOTL.ZS,2016,22.718
SWZ,SL.UEM.TOTL.ZS,2015,23.285
SWZ,SL.UEM.TOTL.ZS,2014,23.828
SWZ,SL.UEM.TOTL.ZS,2013,24.448
SWZ,SL.UEM.TOTL.ZS,2012,25.128
SWZ,SL.UEM.TOTL.ZS,2011,25.987
SWZ,SL.UEM.TOTL.ZS,2010,26.736
SWZ,SL.UEM.TOTL.ZS,2009,27.383
SWZ,SL.UEM.TOTL.ZS,2008,27.835
SWZ,SL.UEM.TOTL.ZS,2007,28.24
SWZ,SL.UEM.TOTL.ZS,2006,27.69
SWZ,SL.UEM.TOTL.ZS,2005,27.204
SWZ,SL.UEM.TOTL.ZS,2004,26.69
SWZ,SL.UEM.TOTL.ZS,2003,26.216
SWZ,SL.UEM.TOTL.ZS,2002,25.716
SWZ,SL.UEM.TOTL.ZS,2001,25.178
SWZ,SL.UEM.TOTL.ZS,2000,24.502
SWZ,SL.UEM.TOTL.ZS,1999,23.837
SWZ,SL.UEM.TOTL.ZS,1998,23.195
SWZ,SL.UEM.TOTL.ZS,1997,22.5
SWZ,SL.UEM.TOTL.ZS,1996,22.074
SWZ,SL.UEM.TOTL.ZS,1995,21.65
SWZ,SL.UEM.TOTL.ZS,1994,21.717
SWZ,SL.UEM.TOTL.ZS,1993,21.75
SWZ,SL.UEM.TOTL.ZS,1992,21.052
SWZ,SL.UEM.TOTL.ZS,1991,20.684
SWZ,SL.UEM.TOTL.ZS,1990,
SWZ,SL.UEM.TOTL.ZS,1989,
SWZ,SL.UEM.TOTL.ZS,1988,
SWZ,SL.UEM.TOTL.ZS,1987,
SWZ,SL.UEM.TOTL.ZS,1986,
SWZ,SL.UEM.TOTL.ZS,1985,
SWZ,SL.UEM.TOTL.ZS,1984,
SWZ,SL.UEM.TOTL.ZS,1983,
SWZ,SL.UEM.TOTL.ZS,1982,
SWZ,SL.UEM.TOTL.ZS,1981,
SWZ,SL.UEM.TOTL.ZS,1980,
SWZ,SL.UEM.TOTL.ZS,1979,
SWZ,SL.UEM.TOTL.ZS,1978,
SWZ,SL.UEM.TOTL.ZS,1977,
SWZ,SL.UEM.TOTL.ZS,1976,
SWZ,SL.UEM.TOTL.ZS,1975,
SWZ,SL.UEM.TOTL.ZS,1974,
SWZ,SL.UEM.TOTL.ZS,1973,
SWZ,SL.UEM.TOTL.ZS,1972,
SWZ,SL.UEM.TOTL.ZS,1971,
SWZ,SL.UEM.TOTL.ZS,1970,
SWZ,SL.UEM.TOTL.ZS,1969,
SWZ,SL.UEM.TOTL.ZS,1968,
SWZ,SL.UEM.TOTL.ZS,1967,
SWZ,SL.UEM.TOTL.ZS,1966,
SWZ,SL.UEM.TOTL.ZS,1965,
SWZ,SL.UEM.TOTL.ZS,1964,
SWZ,SL.UEM.TOTL.ZS,1963,
SWZ,SL.UEM.TOTL.ZS,1962,
SWZ,SL.UEM.TOTL.ZS,1961,
SWZ,SL.UEM.TOTL.ZS,1960,
ETH,SL.UEM.TOTL.ZS,2024,3.398
ETH,SL.UEM.TOTL.ZS,2023,3.402
ETH,SL.UEM.TOTL.ZS,2022,3.409
ETH,SL.UEM.TOTL.ZS,2021,3.935
ETH,SL.UEM.TOTL.ZS,2020,3.994
ETH,SL.UEM.TOTL.ZS,2019,2.917
ETH,SL.UEM.TOTL.ZS,2018,2.802
ETH,SL.UEM.TOTL.ZS,2017,2.662
ETH,SL.UEM.TOTL.ZS,2016,2.554
ETH,SL.UEM.TOTL.ZS,2015,2.443
ETH,SL.UEM.TOTL.ZS,2014,2.359
ETH,SL.UEM.TOTL.ZS,2013,2.251
ETH,SL.UEM.TOTL.ZS,2012,2.255
ETH,SL.UEM.TOTL.ZS,2011,2.275
ETH,SL.UEM.TOTL.ZS,2010,2.3
ETH,SL.UEM.TOTL.ZS,2009,2.331
ETH,SL.UEM.TOTL.ZS,2008,2.335
ETH,SL.UEM.TOTL.ZS,2007,2.347
ETH,SL.UEM.TOTL.ZS,2006,2.351
ETH,SL.UEM.TOTL.ZS,2005,2.497
ETH,SL.UEM.TOTL.ZS,2004,2.767
ETH,SL.UEM.TOTL.ZS,2003,2.995
ETH,SL.UEM.TOTL.ZS,2002,3.06
ETH,SL.UEM.TOTL.ZS,2001,3.176
ETH,SL.UEM.TOTL.ZS,2000,3.5
ETH,SL.UEM.TOTL.ZS,1999,3.714
ETH,SL.UEM.TOTL.ZS,1998,3.494
ETH,SL.UEM.TOTL.ZS,1997,3.255
ETH,SL.UEM.TOTL.ZS,1996,3.146
ETH,SL.UEM.TOTL.ZS,1995,3.029
ETH,SL.UEM.TOTL.ZS,1994,3.1
ETH,SL.UEM.TOTL.ZS,1993,3.235
ETH,SL.UEM.TOTL.ZS,1992,3.379
ETH,SL.UEM.TOTL.ZS,1991,3.264
ETH,SL.UEM.TOTL.ZS,1990,
ETH,SL.UEM.TOTL.ZS,1989,
ETH,SL.UEM.TOTL.ZS,1988,
ETH,SL.UEM.TOTL.ZS,1987,
ETH,SL.UEM.TOTL.ZS,1986,
ETH,SL.UEM.TOTL.ZS,1985,
ETH,SL.UEM.TOTL.ZS,1984,
ETH,SL.UEM.TOTL.ZS,1983,
ETH,SL.UEM.TOTL.ZS,1982,
ETH,SL.UEM.TOTL.ZS,1981,
ETH,SL.UEM.TOTL.ZS,1980,
ETH,SL.UEM.TOTL.ZS,1979,
ETH,SL.UEM.TOTL.ZS,1978,
ETH,SL.UEM.TOTL.ZS,1977,
ETH,SL.UEM.TOTL.ZS,1976,
ETH,SL.UEM.TOTL.ZS,1975,
ETH,SL.UEM.TOTL.ZS,1974,
ETH,SL.UEM.TOTL.ZS,1973,
ETH,SL.UEM.TOTL.ZS,1972,
ETH,SL.UEM.TOTL.ZS,1971,
ETH,SL.UEM.TOTL.ZS,1970,
ETH,SL.UEM.TOTL.ZS,1969,
ETH,SL.UEM.TOTL.ZS,1968,
ETH,SL.UEM.TOTL.ZS,1967,
ETH,SL.UEM.TOTL.ZS,1966,
ETH,SL.UEM.TOTL.ZS,1965,
ETH,SL.UEM.TOTL.ZS,1964,
ETH,SL.UEM.TOTL.ZS,1963,
ETH,SL.UEM.TOTL.ZS,1962,
ETH,SL.UEM.TOTL.ZS,1961,
ETH,SL.UEM.TOTL.ZS,1960,
FRO,SL.UEM.TOTL.ZS,2024,
FRO,SL.UEM.TOTL.ZS,2023,
FRO,SL.UEM.TOTL.ZS,2022,
FRO,SL.UEM.TOTL.ZS,2021,
FRO,SL.UEM.TOTL.ZS,2020,
FRO,SL.UEM.TOTL.ZS,2019,
FRO,SL.UEM.TOTL.ZS,2018,
FRO,SL.UEM.TOTL.ZS,2017,
FRO,SL.UEM.TOTL.ZS,2016,
FRO,SL.UEM.TOTL.ZS,2015,
FRO,SL.UEM.TOTL.ZS,2014,
FRO,SL.UEM.TOTL.ZS,2013,
FRO,SL.UEM.TOTL.ZS,2012,
FRO,SL.UEM.TOTL.ZS,2011,
FRO,SL.UEM.TOTL.ZS,2010,
FRO,SL.UEM.TOTL.ZS,2009,
FRO,SL.UEM.TOTL.ZS,2008,
FRO,SL.UEM.TOTL.ZS,2007,
FRO,SL.UEM.TOTL.ZS,2006,
FRO,SL.UEM.TOTL.ZS,2005,
FRO,SL.UEM.TOTL.ZS,2004,
FRO,SL.UEM.TOTL.ZS,2003,
FRO,SL.UEM.TOTL.ZS,2002,
FRO,SL.UEM.TOTL.ZS,2001,
FRO,SL.UEM.TOTL.ZS,2000,
FRO,SL.UEM.TOTL.ZS,1999,
FRO,SL.UEM.TOTL.ZS,1998,
FRO,SL.UEM.TOTL.ZS,1997,
FRO,SL.UEM.TOTL.ZS,1996,
FRO,SL.UEM.TOTL.ZS,1995,
FRO,SL.UEM.TOTL.ZS,1994,
FRO,SL.UEM.TOTL.ZS,1993,
FRO,SL.UEM.TOTL.ZS,1992,
FRO,SL.UEM.TOTL.ZS,1991,
FRO,SL.UEM.TOTL.ZS,1990,
FRO,SL.UEM.TOTL.ZS,1989,
FRO,SL.UEM.TOTL.ZS,1988,
FRO,SL.UEM.TOTL.ZS,1987,
FRO,SL.UEM.TOTL.ZS,1986,
FRO,SL.UEM.TOTL.ZS,1985,
FRO,SL.UEM.TOTL.ZS,1984,
FRO,SL.UEM.TOTL.ZS,1983,
FRO,SL.UEM.TOTL.ZS,1982,
FRO,SL.UEM.TOTL.ZS,1981,
FRO,SL.UEM.TOTL.ZS,1980,
FRO,SL.UEM.TOTL.ZS,1979,
FRO,SL.UEM.TOTL.ZS,1978,
FRO,SL.UEM.TOTL.ZS,1977,
FRO,SL.UEM.TOTL.ZS,1976,
FRO,SL.UEM.TOTL.ZS,1975,
FRO,SL.UEM.TOTL.ZS,1974,
FRO,SL.UEM.TOTL.ZS,1973,
FRO,SL.UEM.TOTL.ZS,1972,
FRO,SL.UEM.TOTL.ZS,1971,
FRO,SL.UEM.TOTL.ZS,1970,
FRO,SL.UEM.TOTL.ZS,1969,
FRO,SL.UEM.TOTL.ZS,1968,
FRO,SL.UEM.TOTL.ZS,1967,
FRO,SL.UEM.TOTL.ZS,1966,
FRO,SL.UEM.TOTL.ZS,1965,
FRO,SL.UEM.TOTL.ZS,1964,
FRO,SL.UEM.TOTL.ZS,1963,
FRO,SL.UEM.TOTL.ZS,1962,
FRO,SL.UEM.TOTL.ZS,1961,
FRO,SL.UEM.TOTL.ZS,1960,
FJI,SL.UEM.TOTL.ZS,2024,4.307
FJI,SL.UEM.TOTL.ZS,2023,4.322
FJI,SL.UEM.TOTL.ZS,2022,4.446
FJI,SL.UEM.TOTL.ZS,2021,4.701
FJI,SL.UEM.TOTL.ZS,2020,4.649
FJI,SL.UEM.TOTL.ZS,2019,4.373
FJI,SL.UEM.TOTL.ZS,2018,4.335
FJI,SL.UEM.TOTL.ZS,2017,4.324
FJI,SL.UEM.TOTL.ZS,2016,4.319
FJI,SL.UEM.TOTL.ZS,2015,4.291
FJI,SL.UEM.TOTL.ZS,2014,4.325
FJI,SL.UEM.TOTL.ZS,2013,4.357
FJI,SL.UEM.TOTL.ZS,2012,4.375
FJI,SL.UEM.TOTL.ZS,2011,4.406
FJI,SL.UEM.TOTL.ZS,2010,4.343
FJI,SL.UEM.TOTL.ZS,2009,4.305
FJI,SL.UEM.TOTL.ZS,2008,4.185
FJI,SL.UEM.TOTL.ZS,2007,4.106
FJI,SL.UEM.TOTL.ZS,2006,3.958
FJI,SL.UEM.TOTL.ZS,2005,3.886
FJI,SL.UEM.TOTL.ZS,2004,4.7
FJI,SL.UEM.TOTL.ZS,2003,4.738
FJI,SL.UEM.TOTL.ZS,2002,4.769
FJI,SL.UEM.TOTL.ZS,2001,4.695
FJI,SL.UEM.TOTL.ZS,2000,4.7
FJI,SL.UEM.TOTL.ZS,1999,4.702
FJI,SL.UEM.TOTL.ZS,1998,4.747
FJI,SL.UEM.TOTL.ZS,1997,4.728
FJI,SL.UEM.TOTL.ZS,1996,4.633
FJI,SL.UEM.TOTL.ZS,1995,4.66
FJI,SL.UEM.TOTL.ZS,1994,4.611
FJI,SL.UEM.TOTL.ZS,1993,4.702
FJI,SL.UEM.TOTL.ZS,1992,4.653
FJI,SL.UEM.TOTL.ZS,1991,4.633
FJI,SL.UEM.TOTL.ZS,1990,
FJI,SL.UEM.TOTL.ZS,1989,
FJI,SL.UEM.TOTL.ZS,1988,
FJI,SL.UEM.TOTL.ZS,1987,
FJI,SL.UEM.TOTL.ZS,1986,
FJI,SL.UEM.TOTL.ZS,1985,
FJI,SL.UEM.TOTL.ZS,1984,
FJI,SL.UEM.TOTL.ZS,1983,
FJI,SL.UEM.TOTL.ZS,1982,
FJI,SL.UEM.TOTL.ZS,1981,
FJI,SL.UEM.TOTL.ZS,1980,
FJI,SL.UEM.TOTL.ZS,1979,
FJI,SL.UEM.TOTL.ZS,1978,
FJI,SL.UEM.TOTL.ZS,1977,
FJI,SL.UEM.TOTL.ZS,1976,
FJI,SL.UEM.TOTL.ZS,1975,
FJI,SL.UEM.TOTL.ZS,1974,
FJI,SL.UEM.TOTL.ZS,1973,
FJI,SL.UEM.TOTL.ZS,1972,
FJI,SL.UEM.TOTL.ZS,1971,
FJI,SL.UEM.TOTL.ZS,1970,
FJI,SL.UEM.TOTL.ZS,1969,
FJI,SL.UEM.TOTL.ZS,1968,
FJI,SL.UEM.TOTL.ZS,1967,
FJI,SL.UEM.TOTL.ZS,1966,
FJI,SL.UEM.TOTL.ZS,1965,
FJI,SL.UEM.TOTL.ZS,1964,
FJI,SL.UEM.TOTL.ZS,1963,
FJI,SL.UEM.TOTL.ZS,1962,
FJI,SL.UEM.TOTL.ZS,1961,
FJI,SL.UEM.TOTL.ZS,1960,
FIN,SL.UEM.TOTL.ZS,2024,8.26
FIN,SL.UEM.TOTL.ZS,2023,7.151
FIN,SL.UEM.TOTL.ZS,2022,6.719
FIN,SL.UEM.TOTL.ZS,2021,7.617
FIN,SL.UEM.TOTL.ZS,2020,7.759
FIN,SL.UEM.TOTL.ZS,2019,6.695
FIN,SL.UEM.TOTL.ZS,2018,7.361
FIN,SL.UEM.TOTL.ZS,2017,8.64
FIN,SL.UEM.TOTL.ZS,2016,8.818
FIN,SL.UEM.TOTL.ZS,2015,9.376
FIN,SL.UEM.TOTL.ZS,2014,8.663
FIN,SL.UEM.TOTL.ZS,2013,8.193
FIN,SL.UEM.TOTL.ZS,2012,7.689
FIN,SL.UEM.TOTL.ZS,2011,7.781
FIN,SL.UEM.TOTL.ZS,2010,8.394
FIN,SL.UEM.TOTL.ZS,2009,8.249
FIN,SL.UEM.TOTL.ZS,2008,6.369
FIN,SL.UEM.TOTL.ZS,2007,6.854
FIN,SL.UEM.TOTL.ZS,2006,8.935
FIN,SL.UEM.TOTL.ZS,2005,9.602
FIN,SL.UEM.TOTL.ZS,2004,10.358
FIN,SL.UEM.TOTL.ZS,2003,10.469
FIN,SL.UEM.TOTL.ZS,2002,10.423
FIN,SL.UEM.TOTL.ZS,2001,10.29
FIN,SL.UEM.TOTL.ZS,2000,11.134
FIN,SL.UEM.TOTL.ZS,1999,11.693
FIN,SL.UEM.TOTL.ZS,1998,13.214
FIN,SL.UEM.TOTL.ZS,1997,14.967
FIN,SL.UEM.TOTL.ZS,1996,15.572
FIN,SL.UEM.TOTL.ZS,1995,17.005
FIN,SL.UEM.TOTL.ZS,1994,16.426
FIN,SL.UEM.TOTL.ZS,1993,16.201
FIN,SL.UEM.TOTL.ZS,1992,11.595
FIN,SL.UEM.TOTL.ZS,1991,6.503
FIN,SL.UEM.TOTL.ZS,1990,
FIN,SL.UEM.TOTL.ZS,1989,
FIN,SL.UEM.TOTL.ZS,1988,
FIN,SL.UEM.TOTL.ZS,1987,
FIN,SL.UEM.TOTL.ZS,1986,
FIN,SL.UEM.TOTL.ZS,1985,
FIN,SL.UEM.TOTL.ZS,1984,
FIN,SL.UEM.TOTL.ZS,1983,
FIN,SL.UEM.TOTL.ZS,1982,
FIN,SL.UEM.TOTL.ZS,1981,
FIN,SL.UEM.TOTL.ZS,1980,
FIN,SL.UEM.TOTL.ZS,1979,
FIN,SL.UEM.TOTL.ZS,1978,
FIN,SL.UEM.TOTL.ZS,1977,
FIN,SL.UEM.TOTL.ZS,1976,
FIN,SL.UEM.TOTL.ZS,1975,
FIN,SL.UEM.TOTL.ZS,1974,
FIN,SL.UEM.TOTL.ZS,1973,
FIN,SL.UEM.TOTL.ZS,1972,
FIN,SL.UEM.TOTL.ZS,1971,
FIN,SL.UEM.TOTL.ZS,1970,
FIN,SL.UEM.TOTL.ZS,1969,
FIN,SL.UEM.TOTL.ZS,1968,
FIN,SL.UEM.TOTL.ZS,1967,
FIN,SL.UEM.TOTL.ZS,1966,
FIN,SL.UEM.TOTL.ZS,1965,
FIN,SL.UEM.TOTL.ZS,1964,
FIN,SL.UEM.TOTL.ZS,1963,
FIN,SL.UEM.TOTL.ZS,1962,
FIN,SL.UEM.TOTL.ZS,1961,
FIN,SL.UEM.TOTL.ZS,1960,
FRA,SL.UEM.TOTL.ZS,2024,7.37
FRA,SL.UEM.TOTL.ZS,2023,7.335
FRA,SL.UEM.TOTL.ZS,2022,7.308
FRA,SL.UEM.TOTL.ZS,2021,7.874
FRA,SL.UEM.TOTL.ZS,2020,8.009
FRA,SL.UEM.TOTL.ZS,2019,8.415
FRA,SL.UEM.TOTL.ZS,2018,9.018
FRA,SL.UEM.TOTL.ZS,2017,9.409
FRA,SL.UEM.TOTL.ZS,2016,10.057
FRA,SL.UEM.TOTL.ZS,2015,10.354
FRA,SL.UEM.TOTL.ZS,2014,10.273
FRA,SL.UEM.TOTL.ZS,2013,9.913
FRA,SL.UEM.TOTL.ZS,2012,9.841
FRA,SL.UEM.TOTL.ZS,2011,9.228
FRA,SL.UEM.TOTL.ZS,2010,9.279
FRA,SL.UEM.TOTL.ZS,2009,9.122
FRA,SL.UEM.TOTL.ZS,2008,7.386
FRA,SL.UEM.TOTL.ZS,2007,8.008
FRA,SL.UEM.TOTL.ZS,2006,8.832
FRA,SL.UEM.TOTL.ZS,2005,8.882
FRA,SL.UEM.TOTL.ZS,2004,8.914
FRA,SL.UEM.TOTL.ZS,2003,8.306
FRA,SL.UEM.TOTL.ZS,2002,8.702
FRA,SL.UEM.TOTL.ZS,2001,8.61
FRA,SL.UEM.TOTL.ZS,2000,10.218
FRA,SL.UEM.TOTL.ZS,1999,11.981
FRA,SL.UEM.TOTL.ZS,1998,12.074
FRA,SL.UEM.TOTL.ZS,1997,12.566
FRA,SL.UEM.TOTL.ZS,1996,12.367
FRA,SL.UEM.TOTL.ZS,1995,11.834
FRA,SL.UEM.TOTL.ZS,1994,12.593
FRA,SL.UEM.TOTL.ZS,1993,11.32
FRA,SL.UEM.TOTL.ZS,1992,10.203
FRA,SL.UEM.TOTL.ZS,1991,9.134
FRA,SL.UEM.TOTL.ZS,1990,
FRA,SL.UEM.TOTL.ZS,1989,
FRA,SL.UEM.TOTL.ZS,1988,
FRA,SL.UEM.TOTL.ZS,1987,
FRA,SL.UEM.TOTL.ZS,1986,
FRA,SL.UEM.TOTL.ZS,1985,
FRA,SL.UEM.TOTL.ZS,1984,
FRA,SL.UEM.TOTL.ZS,1983,
FRA,SL.UEM.TOTL.ZS,1982,
FRA,SL.UEM.TOTL.ZS,1981,
FRA,SL.UEM.TOTL.ZS,1980,
FRA,SL.UEM.TOTL.ZS,1979,
FRA,SL.UEM.TOTL.ZS,1978,
FRA,SL.UEM.TOTL.ZS,1977,
FRA,SL.UEM.TOTL.ZS,1976,
FRA,SL.UEM.TOTL.ZS,1975,
FRA,SL.UEM.TOTL.ZS,1974,
FRA,SL.UEM.TOTL.ZS,1973,
FRA,SL.UEM.TOTL.ZS,1972,
FRA,SL.UEM.TOTL.ZS,1971,
FRA,SL.UEM.TOTL.ZS,1970,
FRA,SL.UEM.TOTL.ZS,1969,
FRA,SL.UEM.TOTL.ZS,1968,
FRA,SL.UEM.TOTL.ZS,1967,
FRA,SL.UEM.TOTL.ZS,1966,
FRA,SL.UEM.TOTL.ZS,1965,
FRA,SL.UEM.TOTL.ZS,1964,
FRA,SL.UEM.TOTL.ZS,1963,
FRA,SL.UEM.TOTL.ZS,1962,
FRA,SL.UEM.TOTL.ZS,1961,
FRA,SL.UEM.TOTL.ZS,1960,
PYF,SL.UEM.TOTL.ZS,2024,11.75
PYF,SL.UEM.TOTL.ZS,2023,11.749
PYF,SL.UEM.TOTL.ZS,2022,11.888
PYF,SL.UEM.TOTL.ZS,2021,12.531
PYF,SL.UEM.TOTL.ZS,2020,12.951
PYF,SL.UEM.TOTL.ZS,2019,11.565
PYF,SL.UEM.TOTL.ZS,2018,11.572
PYF,SL.UEM.TOTL.ZS,2017,11.573
PYF,SL.UEM.TOTL.ZS,2016,11.715
PYF,SL.UEM.TOTL.ZS,2015,11.789
PYF,SL.UEM.TOTL.ZS,2014,11.889
PYF,SL.UEM.TOTL.ZS,2013,12.029
PYF,SL.UEM.TOTL.ZS,2012,12.143
PYF,SL.UEM.TOTL.ZS,2011,12.274
PYF,SL.UEM.TOTL.ZS,2010,12.145
PYF,SL.UEM.TOTL.ZS,2009,11.97
PYF,SL.UEM.TOTL.ZS,2008,11.759
PYF,SL.UEM.TOTL.ZS,2007,11.74
PYF,SL.UEM.TOTL.ZS,2006,11.769
PYF,SL.UEM.TOTL.ZS,2005,11.722
PYF,SL.UEM.TOTL.ZS,2004,11.701
PYF,SL.UEM.TOTL.ZS,2003,11.753
PYF,SL.UEM.TOTL.ZS,2002,11.71
PYF,SL.UEM.TOTL.ZS,2001,11.664
PYF,SL.UEM.TOTL.ZS,2000,11.579
PYF,SL.UEM.TOTL.ZS,1999,11.703
PYF,SL.UEM.TOTL.ZS,1998,11.797
PYF,SL.UEM.TOTL.ZS,1997,11.877
PYF,SL.UEM.TOTL.ZS,1996,11.934
PYF,SL.UEM.TOTL.ZS,1995,11.957
PYF,SL.UEM.TOTL.ZS,1994,11.998
PYF,SL.UEM.TOTL.ZS,1993,11.786
PYF,SL.UEM.TOTL.ZS,1992,11.731
PYF,SL.UEM.TOTL.ZS,1991,11.592
PYF,SL.UEM.TOTL.ZS,1990,
PYF,SL.UEM.TOTL.ZS,1989,
PYF,SL.UEM.TOTL.ZS,1988,
PYF,SL.UEM.TOTL.ZS,1987,
PYF,SL.UEM.TOTL.ZS,1986,
PYF,SL.UEM.TOTL.ZS,1985,
PYF,SL.UEM.TOTL.ZS,1984,
PYF,SL.UEM.TOTL.ZS,1983,
PYF,SL.UEM.TOTL.ZS,1982,
PYF,SL.UEM.TOTL.ZS,1981,
PYF,SL.UEM.TOTL.ZS,1980,
PYF,SL.UEM.TOTL.ZS,1979,
PYF,SL.UEM.TOTL.ZS,1978,
PYF,SL.UEM.TOTL.ZS,1977,
PYF,SL.UEM.TOTL.ZS,1976,
PYF,SL.UEM.TOTL.ZS,1975,
PYF,SL.UEM.TOTL.ZS,1974,
PYF,SL.UEM.TOTL.ZS,1973,
PYF,SL.UEM.TOTL.ZS,1972,
PYF,SL.UEM.TOTL.ZS,1971,
PYF,SL.UEM.TOTL.ZS,1970,
PYF,SL.UEM.TOTL.ZS,1969,
PYF,SL.UEM.TOTL.ZS,1968,
PYF,SL.UEM.TOTL.ZS,1967,
PYF,SL.UEM.TOTL.ZS,1966,
PYF,SL.UEM.TOTL.ZS,1965,
PYF,SL.UEM.TOTL.ZS,1964,
PYF,SL.UEM.TOTL.ZS,1963,
PYF,SL.UEM.TOTL.ZS,1962,
PYF,SL.UEM.TOTL.ZS,1961,
PYF,SL.UEM.TOTL.ZS,1960,
GAB,SL.UEM.TOTL.ZS,2024,20.061
GAB,SL.UEM.TOTL.ZS,2023,20.278
GAB,SL.UEM.TOTL.ZS,2022,20.399
GAB,SL.UEM.TOTL.ZS,2021,21.218
GAB,SL.UEM.TOTL.ZS,2020,21.27
GAB,SL.UEM.TOTL.ZS,2019,20.358
GAB,SL.UEM.TOTL.ZS,2018,20.439
GAB,SL.UEM.TOTL.ZS,2017,20.303
GAB,SL.UEM.TOTL.ZS,2016,20.134
GAB,SL.UEM.TOTL.ZS,2015,19.978
GAB,SL.UEM.TOTL.ZS,2014,19.916
GAB,SL.UEM.TOTL.ZS,2013,19.794
GAB,SL.UEM.TOTL.ZS,2012,19.728
GAB,SL.UEM.TOTL.ZS,2011,19.941
GAB,SL.UEM.TOTL.ZS,2010,20.39
GAB,SL.UEM.TOTL.ZS,2009,19.753
GAB,SL.UEM.TOTL.ZS,2008,19.191
GAB,SL.UEM.TOTL.ZS,2007,18.261
GAB,SL.UEM.TOTL.ZS,2006,17.785
GAB,SL.UEM.TOTL.ZS,2005,16.91
GAB,SL.UEM.TOTL.ZS,2004,17.095
GAB,SL.UEM.TOTL.ZS,2003,17.119
GAB,SL.UEM.TOTL.ZS,2002,17.351
GAB,SL.UEM.TOTL.ZS,2001,17.762
GAB,SL.UEM.TOTL.ZS,2000,17.789
GAB,SL.UEM.TOTL.ZS,1999,17.572
GAB,SL.UEM.TOTL.ZS,1998,17.176
GAB,SL.UEM.TOTL.ZS,1997,17.197
GAB,SL.UEM.TOTL.ZS,1996,17.347
GAB,SL.UEM.TOTL.ZS,1995,17.411
GAB,SL.UEM.TOTL.ZS,1994,17.794
GAB,SL.UEM.TOTL.ZS,1993,17.78
GAB,SL.UEM.TOTL.ZS,1992,17.725
GAB,SL.UEM.TOTL.ZS,1991,17.282
GAB,SL.UEM.TOTL.ZS,1990,
GAB,SL.UEM.TOTL.ZS,1989,
GAB,SL.UEM.TOTL.ZS,1988,
GAB,SL.UEM.TOTL.ZS,1987,
GAB,SL.UEM.TOTL.ZS,1986,
GAB,SL.UEM.TOTL.ZS,1985,
GAB,SL.UEM.TOTL.ZS,1984,
GAB,SL.UEM.TOTL.ZS,1983,
GAB,SL.UEM.TOTL.ZS,1982,
GAB,SL.UEM.TOTL.ZS,1981,
GAB,SL.UEM.TOTL.ZS,1980,
GAB,SL.UEM.TOTL.ZS,1979,
GAB,SL.UEM.TOTL.ZS,1978,
GAB,SL.UEM.TOTL.ZS,1977,
GAB,SL.UEM.TOTL.ZS,1976,
GAB,SL.UEM.TOTL.ZS,1975,
GAB,SL.UEM.TOTL.ZS,1974,
GAB,SL.UEM.TOTL.ZS,1973,
GAB,SL.UEM.TOTL.ZS,1972,
GAB,SL.UEM.TOTL.ZS,1971,
GAB,SL.UEM.TOTL.ZS,1970,
GAB,SL.UEM.TOTL.ZS,1969,
GAB,SL.UEM.TOTL.ZS,1968,
GAB,SL.UEM.TOTL.ZS,1967,
GAB,SL.UEM.TOTL.ZS,1966,
GAB,SL.UEM.TOTL.ZS,1965,
GAB,SL.UEM.TOTL.ZS,1964,
GAB,SL.UEM.TOTL.ZS,1963,
GAB,SL.UEM.TOTL.ZS,1962,
GAB,SL.UEM.TOTL.ZS,1961,
GAB,SL.UEM.TOTL.ZS,1960,
GMB,SL.UEM.TOTL.ZS,2024,6.496
GMB,SL.UEM.TOTL.ZS,2023,6.479
GMB,SL.UEM.TOTL.ZS,2022,6.076
GMB,SL.UEM.TOTL.ZS,2021,6.269
GMB,SL.UEM.TOTL.ZS,2020,5.892
GMB,SL.UEM.TOTL.ZS,2019,4.538
GMB,SL.UEM.TOTL.ZS,2018,4.127
GMB,SL.UEM.TOTL.ZS,2017,5.157
GMB,SL.UEM.TOTL.ZS,2016,6.285
GMB,SL.UEM.TOTL.ZS,2015,7.26
GMB,SL.UEM.TOTL.ZS,2014,8.218
GMB,SL.UEM.TOTL.ZS,2013,9.454
GMB,SL.UEM.TOTL.ZS,2012,10.346
GMB,SL.UEM.TOTL.ZS,2011,10.283
GMB,SL.UEM.TOTL.ZS,2010,9.723
GMB,SL.UEM.TOTL.ZS,2009,9.823
GMB,SL.UEM.TOTL.ZS,2008,10.092
GMB,SL.UEM.TOTL.ZS,2007,10.428
GMB,SL.UEM.TOTL.ZS,2006,10.259
GMB,SL.UEM.TOTL.ZS,2005,9.963
GMB,SL.UEM.TOTL.ZS,2004,9.991
GMB,SL.UEM.TOTL.ZS,2003,10.032
GMB,SL.UEM.TOTL.ZS,2002,10.079
GMB,SL.UEM.TOTL.ZS,2001,9.708
GMB,SL.UEM.TOTL.ZS,2000,9.787
GMB,SL.UEM.TOTL.ZS,1999,9.804
GMB,SL.UEM.TOTL.ZS,1998,9.956
GMB,SL.UEM.TOTL.ZS,1997,10.053
GMB,SL.UEM.TOTL.ZS,1996,10.235
GMB,SL.UEM.TOTL.ZS,1995,10.201
GMB,SL.UEM.TOTL.ZS,1994,10.102
GMB,SL.UEM.TOTL.ZS,1993,9.986
GMB,SL.UEM.TOTL.ZS,1992,9.961
GMB,SL.UEM.TOTL.ZS,1991,9.861
GMB,SL.UEM.TOTL.ZS,1990,
GMB,SL.UEM.TOTL.ZS,1989,
GMB,SL.UEM.TOTL.ZS,1988,
GMB,SL.UEM.TOTL.ZS,1987,
GMB,SL.UEM.TOTL.ZS,1986,
GMB,SL.UEM.TOTL.ZS,1985,
GMB,SL.UEM.TOTL.ZS,1984,
GMB,SL.UEM.TOTL.ZS,1983,
GMB,SL.UEM.TOTL.ZS,1982,
GMB,SL.UEM.TOTL.ZS,1981,
GMB,SL.UEM.TOTL.ZS,1980,
GMB,SL.UEM.TOTL.ZS,1979,
GMB,SL.UEM.TOTL.ZS,1978,
GMB,SL.UEM.TOTL.ZS,1977,
GMB,SL.UEM.TOTL.ZS,1976,
GMB,SL.UEM.TOTL.ZS,1975,
GMB,SL.UEM.TOTL.ZS,1974,
GMB,SL.UEM.TOTL.ZS,1973,
GMB,SL.UEM.TOTL.ZS,1972,
GMB,SL.UEM.TOTL.ZS,1971,
GMB,SL.UEM.TOTL.ZS,1970,
GMB,SL.UEM.TOTL.ZS,1969,
GMB,SL.UEM.TOTL.ZS,1968,
GMB,SL.UEM.TOTL.ZS,1967,
GMB,SL.UEM.TOTL.ZS,1966,
GMB,SL.UEM.TOTL.ZS,1965,
GMB,SL.UEM.TOTL.ZS,1964,
GMB,SL.UEM.TOTL.ZS,1963,
GMB,SL.UEM.TOTL.ZS,1962,
GMB,SL.UEM.TOTL.ZS,1961,
GMB,SL.UEM.TOTL.ZS,1960,
GEO,SL.UEM.TOTL.ZS,2024,11.48
GEO,SL.UEM.TOTL.ZS,2023,11.537
GEO,SL.UEM.TOTL.ZS,2022,11.647
GEO,SL.UEM.TOTL.ZS,2021,11.791
GEO,SL.UEM.TOTL.ZS,2020,11.73
GEO,SL.UEM.TOTL.ZS,2019,11.565
GEO,SL.UEM.TOTL.ZS,2018,12.667
GEO,SL.UEM.TOTL.ZS,2017,13.939
GEO,SL.UEM.TOTL.ZS,2016,16.604
GEO,SL.UEM.TOTL.ZS,2015,16.506
GEO,SL.UEM.TOTL.ZS,2014,17.439
GEO,SL.UEM.TOTL.ZS,2013,19.416
GEO,SL.UEM.TOTL.ZS,2012,19.653
GEO,SL.UEM.TOTL.ZS,2011,19.632
GEO,SL.UEM.TOTL.ZS,2010,20.203
GEO,SL.UEM.TOTL.ZS,2009,20.71
GEO,SL.UEM.TOTL.ZS,2008,17.87
GEO,SL.UEM.TOTL.ZS,2007,13.28
GEO,SL.UEM.TOTL.ZS,2006,13.57
GEO,SL.UEM.TOTL.ZS,2005,13.81
GEO,SL.UEM.TOTL.ZS,2004,12.62
GEO,SL.UEM.TOTL.ZS,2003,11.51
GEO,SL.UEM.TOTL.ZS,2002,12.59
GEO,SL.UEM.TOTL.ZS,2001,11.16
GEO,SL.UEM.TOTL.ZS,2000,10.82
GEO,SL.UEM.TOTL.ZS,1999,13.8
GEO,SL.UEM.TOTL.ZS,1998,14.53
GEO,SL.UEM.TOTL.ZS,1997,11.5
GEO,SL.UEM.TOTL.ZS,1996,11.5
GEO,SL.UEM.TOTL.ZS,1995,7.6
GEO,SL.UEM.TOTL.ZS,1994,8.4
GEO,SL.UEM.TOTL.ZS,1993,5.4
GEO,SL.UEM.TOTL.ZS,1992,5.4
GEO,SL.UEM.TOTL.ZS,1991,2.7
GEO,SL.UEM.TOTL.ZS,1990,
GEO,SL.UEM.TOTL.ZS,1989,
GEO,SL.UEM.TOTL.ZS,1988,
GEO,SL.UEM.TOTL.ZS,1987,
GEO,SL.UEM.TOTL.ZS,1986,
GEO,SL.UEM.TOTL.ZS,1985,
GEO,SL.UEM.TOTL.ZS,1984,
GEO,SL.UEM.TOTL.ZS,1983,
GEO,SL.UEM.TOTL.ZS,1982,
GEO,SL.UEM.TOTL.ZS,1981,
GEO,SL.UEM.TOTL.ZS,1980,
GEO,SL.UEM.TOTL.ZS,1979,
GEO,SL.UEM.TOTL.ZS,1978,
GEO,SL.UEM.TOTL.ZS,1977,
GEO,SL.UEM.TOTL.ZS,1976,
GEO,SL.UEM.TOTL.ZS,1975,
GEO,SL.UEM.TOTL.ZS,1974,
GEO,SL.UEM.TOTL.ZS,1973,
GEO,SL.UEM.TOTL.ZS,1972,
GEO,SL.UEM.TOTL.ZS,1971,
GEO,SL.UEM.TOTL.ZS,1970,
GEO,SL.UEM.TOTL.ZS,1969,
GEO,SL.UEM.TOTL.ZS,1968,
GEO,SL.UEM.TOTL.ZS,1967,
GEO,SL.UEM.TOTL.ZS,1966,
GEO,SL.UEM.TOTL.ZS,1965,
GEO,SL.UEM.TOTL.ZS,1964,
GEO,SL.UEM.TOTL.ZS,1963,
GEO,SL.UEM.TOTL.ZS,1962,
GEO,SL.UEM.TOTL.ZS,1961,
GEO,SL.UEM.TOTL.ZS,1960,
DEU,SL.UEM.TOTL.ZS,2024,3.406
DEU,SL.UEM.TOTL.ZS,2023,3.068
DEU,SL.UEM.TOTL.ZS,2022,3.12
DEU,SL.UEM.TOTL.ZS,2021,3.594
DEU,SL.UEM.TOTL.ZS,2020,3.881
DEU,SL.UEM.TOTL.ZS,2019,3.163
DEU,SL.UEM.TOTL.ZS,2018,3.384
DEU,SL.UEM.TOTL.ZS,2017,3.781
DEU,SL.UEM.TOTL.ZS,2016,4.104
DEU,SL.UEM.TOTL.ZS,2015,4.612
DEU,SL.UEM.TOTL.ZS,2014,4.979
DEU,SL.UEM.TOTL.ZS,2013,5.316
DEU,SL.UEM.TOTL.ZS,2012,5.372
DEU,SL.UEM.TOTL.ZS,2011,5.967
DEU,SL.UEM.TOTL.ZS,2010,7.043
DEU,SL.UEM.TOTL.ZS,2009,7.88
DEU,SL.UEM.TOTL.ZS,2008,7.508
DEU,SL.UEM.TOTL.ZS,2007,8.732
DEU,SL.UEM.TOTL.ZS,2006,10.277
DEU,SL.UEM.TOTL.ZS,2005,11.193
DEU,SL.UEM.TOTL.ZS,2004,10.727
DEU,SL.UEM.TOTL.ZS,2003,9.779
DEU,SL.UEM.TOTL.ZS,2002,8.482
DEU,SL.UEM.TOTL.ZS,2001,7.773
DEU,SL.UEM.TOTL.ZS,2000,7.917
DEU,SL.UEM.TOTL.ZS,1999,8.854
DEU,SL.UEM.TOTL.ZS,1998,9.787
DEU,SL.UEM.TOTL.ZS,1997,9.861
DEU,SL.UEM.TOTL.ZS,1996,8.822
DEU,SL.UEM.TOTL.ZS,1995,8.158
DEU,SL.UEM.TOTL.ZS,1994,8.727
DEU,SL.UEM.TOTL.ZS,1993,7.675
DEU,SL.UEM.TOTL.ZS,1992,6.323
DEU,SL.UEM.TOTL.ZS,1991,5.316
DEU,SL.UEM.TOTL.ZS,1990,
DEU,SL.UEM.TOTL.ZS,1989,
DEU,SL.UEM.TOTL.ZS,1988,
DEU,SL.UEM.TOTL.ZS,1987,
DEU,SL.UEM.TOTL.ZS,1986,
DEU,SL.UEM.TOTL.ZS,1985,
DEU,SL.UEM.TOTL.ZS,1984,
DEU,SL.UEM.TOTL.ZS,1983,
DEU,SL.UEM.TOTL.ZS,1982,
DEU,SL.UEM.TOTL.ZS,1981,
DEU,SL.UEM.TOTL.ZS,1980,
DEU,SL.UEM.TOTL.ZS,1979,
DEU,SL.UEM.TOTL.ZS,1978,
DEU,SL.UEM.TOTL.ZS,1977,
DEU,SL.UEM.TOTL.ZS,1976,
DEU,SL.UEM.TOTL.ZS,1975,
DEU,SL.UEM.TOTL.ZS,1974,
DEU,SL.UEM.TOTL.ZS,1973,
DEU,SL.UEM.TOTL.ZS,1972,
DEU,SL.UEM.TOTL.ZS,1971,
DEU,SL.UEM.TOTL.ZS,1970,
DEU,SL.UEM.TOTL.ZS,1969,
DEU,SL.UEM.TOTL.ZS,1968,
DEU,SL.UEM.TOTL.ZS,1967,
DEU,SL.UEM.TOTL.ZS,1966,
DEU,SL.UEM.TOTL.ZS,1965,
DEU,SL.UEM.TOTL.ZS,1964,
DEU,SL.UEM.TOTL.ZS,1963,
DEU,SL.UEM.TOTL.ZS,1962,
DEU,SL.UEM.TOTL.ZS,1961,
DEU,SL.UEM.TOTL.ZS,1960,
GHA,SL.UEM.TOTL.ZS,2024,3.007
GHA,SL.UEM.TOTL.ZS,2023,3.063
GHA,SL.UEM.TOTL.ZS,2022,3.084
GHA,SL.UEM.TOTL.ZS,2021,3.384
GHA,SL.UEM.TOTL.ZS,2020,3.313
GHA,SL.UEM.TOTL.ZS,2019,3.16
GHA,SL.UEM.TOTL.ZS,2018,3.253
GHA,SL.UEM.TOTL.ZS,2017,3.369
GHA,SL.UEM.TOTL.ZS,2016,5.232
GHA,SL.UEM.TOTL.ZS,2015,6.806
GHA,SL.UEM.TOTL.ZS,2014,4.415
GHA,SL.UEM.TOTL.ZS,2013,2.173
GHA,SL.UEM.TOTL.ZS,2012,3.141
GHA,SL.UEM.TOTL.ZS,2011,4.227
GHA,SL.UEM.TOTL.ZS,2010,5.384
GHA,SL.UEM.TOTL.ZS,2009,5.348
GHA,SL.UEM.TOTL.ZS,2008,5.144
GHA,SL.UEM.TOTL.ZS,2007,5.092
GHA,SL.UEM.TOTL.ZS,2006,4.897
GHA,SL.UEM.TOTL.ZS,2005,5.816
GHA,SL.UEM.TOTL.ZS,2004,6.756
GHA,SL.UEM.TOTL.ZS,2003,7.72
GHA,SL.UEM.TOTL.ZS,2002,8.695
GHA,SL.UEM.TOTL.ZS,2001,9.602
GHA,SL.UEM.TOTL.ZS,2000,10.456
GHA,SL.UEM.TOTL.ZS,1999,10.1
GHA,SL.UEM.TOTL.ZS,1998,8.2
GHA,SL.UEM.TOTL.ZS,1997,7.636
GHA,SL.UEM.TOTL.ZS,1996,7.083
GHA,SL.UEM.TOTL.ZS,1995,6.48
GHA,SL.UEM.TOTL.ZS,1994,5.896
GHA,SL.UEM.TOTL.ZS,1993,5.239
GHA,SL.UEM.TOTL.ZS,1992,4.7
GHA,SL.UEM.TOTL.ZS,1991,3.489
GHA,SL.UEM.TOTL.ZS,1990,
GHA,SL.UEM.TOTL.ZS,1989,
GHA,SL.UEM.TOTL.ZS,1988,
GHA,SL.UEM.TOTL.ZS,1987,
GHA,SL.UEM.TOTL.ZS,1986,
GHA,SL.UEM.TOTL.ZS,1985,
GHA,SL.UEM.TOTL.ZS,1984,
GHA,SL.UEM.TOTL.ZS,1983,
GHA,SL.UEM.TOTL.ZS,1982,
GHA,SL.UEM.TOTL.ZS,1981,
GHA,SL.UEM.TOTL.ZS,1980,
GHA,SL.UEM.TOTL.ZS,1979,
GHA,SL.UEM.TOTL.ZS,1978,
GHA,SL.UEM.TOTL.ZS,1977,
GHA,SL.UEM.TOTL.ZS,1976,
GHA,SL.UEM.TOTL.ZS,1975,
GHA,SL.UEM.TOTL.ZS,1974,
GHA,SL.UEM.TOTL.ZS,1973,
GHA,SL.UEM.TOTL.ZS,1972,
GHA,SL.UEM.TOTL.ZS,1971,
GHA,SL.UEM.TOTL.ZS,1970,
GHA,SL.UEM.TOTL.ZS,1969,
GHA,SL.UEM.TOTL.ZS,1968,
GHA,SL.UEM.TOTL.ZS,1967,
GHA,SL.UEM.TOTL.ZS,1966,
GHA,SL.UEM.TOTL.ZS,1965,
GHA,SL.UEM.TOTL.ZS,1964,
GHA,SL.UEM.TOTL.ZS,1963,
GHA,SL.UEM.TOTL.ZS,1962,
GHA,SL.UEM.TOTL.ZS,1961,
GHA,SL.UEM.TOTL.ZS,1960,
GIB,SL.UEM.TOTL.ZS,2024,
GIB,SL.UEM.TOTL.ZS,2023,
GIB,SL.UEM.TOTL.ZS,2022,
GIB,SL.UEM.TOTL.ZS,2021,
GIB,SL.UEM.TOTL.ZS,2020,
GIB,SL.UEM.TOTL.ZS,2019,
GIB,SL.UEM.TOTL.ZS,2018,
GIB,SL.UEM.TOTL.ZS,2017,
GIB,SL.UEM.TOTL.ZS,2016,
GIB,SL.UEM.TOTL.ZS,2015,
GIB,SL.UEM.TOTL.ZS,2014,
GIB,SL.UEM.TOTL.ZS,2013,
GIB,SL.UEM.TOTL.ZS,2012,
GIB,SL.UEM.TOTL.ZS,2011,
GIB,SL.UEM.TOTL.ZS,2010,
GIB,SL.UEM.TOTL.ZS,2009,
GIB,SL.UEM.TOTL.ZS,2008,
GIB,SL.UEM.TOTL.ZS,2007,
GIB,SL.UEM.TOTL.ZS,2006,
GIB,SL.UEM.TOTL.ZS,2005,
GIB,SL.UEM.TOTL.ZS,2004,
GIB,SL.UEM.TOTL.ZS,2003,
GIB,SL.UEM.TOTL.ZS,2002,
GIB,SL.UEM.TOTL.ZS,2001,
GIB,SL.UEM.TOTL.ZS,2000,
GIB,SL.UEM.TOTL.ZS,1999,
GIB,SL.UEM.TOTL.ZS,1998,
GIB,SL.UEM.TOTL.ZS,1997,
GIB,SL.UEM.TOTL.ZS,1996,
GIB,SL.UEM.TOTL.ZS,1995,
GIB,SL.UEM.TOTL.ZS,1994,
GIB,SL.UEM.TOTL.ZS,1993,
GIB,SL.UEM.TOTL.ZS,1992,
GIB,SL.UEM.TOTL.ZS,1991,
GIB,SL.UEM.TOTL.ZS,1990,
GIB,SL.UEM.TOTL.ZS,1989,
GIB,SL.UEM.TOTL.ZS,1988,
GIB,SL.UEM.TOTL.ZS,1987,
GIB,SL.UEM.TOTL.ZS,1986,
GIB,SL.UEM.TOTL.ZS,1985,
GIB,SL.UEM.TOTL.ZS,1984,
GIB,SL.UEM.TOTL.ZS,1983,
GIB,SL.UEM.TOTL.ZS,1982,
GIB,SL.UEM.TOTL.ZS,1981,
GIB,SL.UEM.TOTL.ZS,1980,
GIB,SL.UEM.TOTL.ZS,1979,
GIB,SL.UEM.TOTL.ZS,1978,
GIB,SL.UEM.TOTL.ZS,1977,
GIB,SL.UEM.TOTL.ZS,1976,
GIB,SL.UEM.TOTL.ZS,1975,
GIB,SL.UEM.TOTL.ZS,1974,
GIB,SL.UEM.TOTL.ZS,1973,
GIB,SL.UEM.TOTL.ZS,1972,
GIB,SL.UEM.TOTL.ZS,1971,
GIB,SL.UEM.TOTL.ZS,1970,
GIB,SL.UEM.TOTL.ZS,1969,
GIB,SL.UEM.TOTL.ZS,1968,
GIB,SL.UEM.TOTL.ZS,1967,
GIB,SL.UEM.TOTL.ZS,1966,
GIB,SL.UEM.TOTL.ZS,1965,
GIB,SL.UEM.TOTL.ZS,1964,
GIB,SL.UEM.TOTL.ZS,1963,
GIB,SL.UEM.TOTL.ZS,1962,
GIB,SL.UEM.TOTL.ZS,1961,
GIB,SL.UEM.TOTL.ZS,1960,
GRC,SL.UEM.TOTL.ZS,2024,10.133
GRC,SL.UEM.TOTL.ZS,2023,11.066
GRC,SL.UEM.TOTL.ZS,2022,12.426
GRC,SL.UEM.TOTL.ZS,2021,14.656
GRC,SL.UEM.TOTL.ZS,2020,15.899
GRC,SL.UEM.TOTL.ZS,2019,17.045
GRC,SL.UEM.TOTL.ZS,2018,19.179
GRC,SL.UEM.TOTL.ZS,2017,21.413
GRC,SL.UEM.TOTL.ZS,2016,23.514
GRC,SL.UEM.TOTL.ZS,2015,24.981
GRC,SL.UEM.TOTL.ZS,2014,26.708
GRC,SL.UEM.TOTL.ZS,2013,27.686
GRC,SL.UEM.TOTL.ZS,2012,24.731
GRC,SL.UEM.TOTL.ZS,2011,17.973
GRC,SL.UEM.TOTL.ZS,2010,12.719
GRC,SL.UEM.TOTL.ZS,2009,9.546
GRC,SL.UEM.TOTL.ZS,2008,7.664
GRC,SL.UEM.TOTL.ZS,2007,8.351
GRC,SL.UEM.TOTL.ZS,2006,8.906
GRC,SL.UEM.TOTL.ZS,2005,10.074
GRC,SL.UEM.TOTL.ZS,2004,10.628
GRC,SL.UEM.TOTL.ZS,2003,9.839
GRC,SL.UEM.TOTL.ZS,2002,10.346
GRC,SL.UEM.TOTL.ZS,2001,10.764
GRC,SL.UEM.TOTL.ZS,2000,11.345
GRC,SL.UEM.TOTL.ZS,1999,12.138
GRC,SL.UEM.TOTL.ZS,1998,12.227
GRC,SL.UEM.TOTL.ZS,1997,10.472
GRC,SL.UEM.TOTL.ZS,1996,10.402
GRC,SL.UEM.TOTL.ZS,1995,10.116
GRC,SL.UEM.TOTL.ZS,1994,9.808
GRC,SL.UEM.TOTL.ZS,1993,10.177
GRC,SL.UEM.TOTL.ZS,1992,8.927
GRC,SL.UEM.TOTL.ZS,1991,7.572
GRC,SL.UEM.TOTL.ZS,1990,
GRC,SL.UEM.TOTL.ZS,1989,
GRC,SL.UEM.TOTL.ZS,1988,
GRC,SL.UEM.TOTL.ZS,1987,
GRC,SL.UEM.TOTL.ZS,1986,
GRC,SL.UEM.TOTL.ZS,1985,
GRC,SL.UEM.TOTL.ZS,1984,
GRC,SL.UEM.TOTL.ZS,1983,
GRC,SL.UEM.TOTL.ZS,1982,
GRC,SL.UEM.TOTL.ZS,1981,
GRC,SL.UEM.TOTL.ZS,1980,
GRC,SL.UEM.TOTL.ZS,1979,
GRC,SL.UEM.TOTL.ZS,1978,
GRC,SL.UEM.TOTL.ZS,1977,
GRC,SL.UEM.TOTL.ZS,1976,
GRC,SL.UEM.TOTL.ZS,1975,
GRC,SL.UEM.TOTL.ZS,1974,
GRC,SL.UEM.TOTL.ZS,1973,
GRC,SL.UEM.TOTL.ZS,1972,
GRC,SL.UEM.TOTL.ZS,1971,
GRC,SL.UEM.TOTL.ZS,1970,
GRC,SL.UEM.TOTL.ZS,1969,
GRC,SL.UEM.TOTL.ZS,1968,
GRC,SL.UEM.TOTL.ZS,1967,
GRC,SL.UEM.TOTL.ZS,1966,
GRC,SL.UEM.TOTL.ZS,1965,
GRC,SL.UEM.TOTL.ZS,1964,
GRC,SL.UEM.TOTL.ZS,1963,
GRC,SL.UEM.TOTL.ZS,1962,
GRC,SL.UEM.TOTL.ZS,1961,
GRC,SL.UEM.TOTL.ZS,1960,
GRL,SL.UEM.TOTL.ZS,2024,
GRL,SL.UEM.TOTL.ZS,2023,
GRL,SL.UEM.TOTL.ZS,2022,
GRL,SL.UEM.TOTL.ZS,2021,
GRL,SL.UEM.TOTL.ZS,2020,
GRL,SL.UEM.TOTL.ZS,2019,
GRL,SL.UEM.TOTL.ZS,2018,
GRL,SL.UEM.TOTL.ZS,2017,
GRL,SL.UEM.TOTL.ZS,2016,
GRL,SL.UEM.TOTL.ZS,2015,
GRL,SL.UEM.TOTL.ZS,2014,
GRL,SL.UEM.TOTL.ZS,2013,
GRL,SL.UEM.TOTL.ZS,2012,
GRL,SL.UEM.TOTL.ZS,2011,
GRL,SL.UEM.TOTL.ZS,2010,
GRL,SL.UEM.TOTL.ZS,2009,
GRL,SL.UEM.TOTL.ZS,2008,
GRL,SL.UEM.TOTL.ZS,2007,
GRL,SL.UEM.TOTL.ZS,2006,
GRL,SL.UEM.TOTL.ZS,2005,
GRL,SL.UEM.TOTL.ZS,2004,
GRL,SL.UEM.TOTL.ZS,2003,
GRL,SL.UEM.TOTL.ZS,2002,
GRL,SL.UEM.TOTL.ZS,2001,
GRL,SL.UEM.TOTL.ZS,2000,
GRL,SL.UEM.TOTL.ZS,1999,
GRL,SL.UEM.TOTL.ZS,1998,
GRL,SL.UEM.TOTL.ZS,1997,
GRL,SL.UEM.TOTL.ZS,1996,
GRL,SL.UEM.TOTL.ZS,1995,
GRL,SL.UEM.TOTL.ZS,1994,
GRL,SL.UEM.TOTL.ZS,1993,
GRL,SL.UEM.TOTL.ZS,1992,
GRL,SL.UEM.TOTL.ZS,1991,
GRL,SL.UEM.TOTL.ZS,1990,
GRL,SL.UEM.TOTL.ZS,1989,
GRL,SL.UEM.TOTL.ZS,1988,
GRL,SL.UEM.TOTL.ZS,1987,
GRL,SL.UEM.TOTL.ZS,1986,
GRL,SL.UEM.TOTL.ZS,1985,
GRL,SL.UEM.TOTL.ZS,1984,
GRL,SL.UEM.TOTL.ZS,1983,
GRL,SL.UEM.TOTL.ZS,1982,
GRL,SL.UEM.TOTL.ZS,1981,
GRL,SL.UEM.TOTL.ZS,1980,
GRL,SL.UEM.TOTL.ZS,1979,
GRL,SL.UEM.TOTL.ZS,1978,
GRL,SL.UEM.TOTL.ZS,1977,
GRL,SL.UEM.TOTL.ZS,1976,
GRL,SL.UEM.TOTL.ZS,1975,
GRL,SL.UEM.TOTL.ZS,1974,
GRL,SL.UEM.TOTL.ZS,1973,
GRL,SL.UEM.TOTL.ZS,1972,
GRL,SL.UEM.TOTL.ZS,1971,
GRL,SL.UEM.TOTL.ZS,1970,
GRL,SL.UEM.TOTL.ZS,1969,
GRL,SL.UEM.TOTL.ZS,1968,
GRL,SL.UEM.TOTL.ZS,1967,
GRL,SL.UEM.TOTL.ZS,1966,
GRL,SL.UEM.TOTL.ZS,1965,
GRL,SL.UEM.TOTL.ZS,1964,
GRL,SL.UEM.TOTL.ZS,1963,
GRL,SL.UEM.TOTL.ZS,1962,
GRL,SL.UEM.TOTL.ZS,1961,
GRL,SL.UEM.TOTL.ZS,1960,
GRD,SL.UEM.TOTL.ZS,2024,
GRD,SL.UEM.TOTL.ZS,2023,
GRD,SL.UEM.TOTL.ZS,2022,
GRD,SL.UEM.TOTL.ZS,2021,
GRD,SL.UEM.TOTL.ZS,2020,
GRD,SL.UEM.TOTL.ZS,2019,
GRD,SL.UEM.TOTL.ZS,2018,
GRD,SL.UEM.TOTL.ZS,2017,
GRD,SL.UEM.TOTL.ZS,2016,
GRD,SL.UEM.TOTL.ZS,2015,
GRD,SL.UEM.TOTL.ZS,2014,
GRD,SL.UEM.TOTL.ZS,2013,
GRD,SL.UEM.TOTL.ZS,2012,
GRD,SL.UEM.TOTL.ZS,2011,
GRD,SL.UEM.TOTL.ZS,2010,
GRD,SL.UEM.TOTL.ZS,2009,
GRD,SL.UEM.TOTL.ZS,2008,
GRD,SL.UEM.TOTL.ZS,2007,
GRD,SL.UEM.TOTL.ZS,2006,
GRD,SL.UEM.TOTL.ZS,2005,
GRD,SL.UEM.TOTL.ZS,2004,
GRD,SL.UEM.TOTL.ZS,2003,
GRD,SL.UEM.TOTL.ZS,2002,
GRD,SL.UEM.TOTL.ZS,2001,
GRD,SL.UEM.TOTL.ZS,2000,
GRD,SL.UEM.TOTL.ZS,1999,
GRD,SL.UEM.TOTL.ZS,1998,
GRD,SL.UEM.TOTL.ZS,1997,
GRD,SL.UEM.TOTL.ZS,1996,
GRD,SL.UEM.TOTL.ZS,1995,
GRD,SL.UEM.TOTL.ZS,1994,
GRD,SL.UEM.TOTL.ZS,1993,
GRD,SL.UEM.TOTL.ZS,1992,
GRD,SL.UEM.TOTL.ZS,1991,
GRD,SL.UEM.TOTL.ZS,1990,
GRD,SL.UEM.TOTL.ZS,1989,
GRD,SL.UEM.TOTL.ZS,1988,
GRD,SL.UEM.TOTL.ZS,1987,
GRD,SL.UEM.TOTL.ZS,1986,
GRD,SL.UEM.TOTL.ZS,1985,
GRD,SL.UEM.TOTL.ZS,1984,
GRD,SL.UEM.TOTL.ZS,1983,
GRD,SL.UEM.TOTL.ZS,1982,
GRD,SL.UEM.TOTL.ZS,1981,
GRD,SL.UEM.TOTL.ZS,1980,
GRD,SL.UEM.TOTL.ZS,1979,
GRD,SL.UEM.TOTL.ZS,1978,
GRD,SL.UEM.TOTL.ZS,1977,
GRD,SL.UEM.TOTL.ZS,1976,
GRD,SL.UEM.TOTL.ZS,1975,
GRD,SL.UEM.TOTL.ZS,1974,
GRD,SL.UEM.TOTL.ZS,1973,
GRD,SL.UEM.TOTL.ZS,1972,
GRD,SL.UEM.TOTL.ZS,1971,
GRD,SL.UEM.TOTL.ZS,1970,
GRD,SL.UEM.TOTL.ZS,1969,
GRD,SL.UEM.TOTL.ZS,1968,
GRD,SL.UEM.TOTL.ZS,1967,
GRD,SL.UEM.TOTL.ZS,1966,
GRD,SL.UEM.TOTL.ZS,1965,
GRD,SL.UEM.TOTL.ZS,1964,
GRD,SL.UEM.TOTL.ZS,1963,
GRD,SL.UEM.TOTL.ZS,1962,
GRD,SL.UEM.TOTL.ZS,1961,
GRD,SL.UEM.TOTL.ZS,1960,
GUM,SL.UEM.TOTL.ZS,2024,5.586
GUM,SL.UEM.TOTL.ZS,2023,5.363
GUM,SL.UEM.TOTL.ZS,2022,5.454
GUM,SL.UEM.TOTL.ZS,2021,5.991
GUM,SL.UEM.TOTL.ZS,2020,6.248
GUM,SL.UEM.TOTL.ZS,2019,5.401
GUM,SL.UEM.TOTL.ZS,2018,5.449
GUM,SL.UEM.TOTL.ZS,2017,5.418
GUM,SL.UEM.TOTL.ZS,2016,5.4
GUM,SL.UEM.TOTL.ZS,2015,6.9
GUM,SL.UEM.TOTL.ZS,2014,7.6
GUM,SL.UEM.TOTL.ZS,2013,11.5
GUM,SL.UEM.TOTL.ZS,2012,12.2
GUM,SL.UEM.TOTL.ZS,2011,13.3
GUM,SL.UEM.TOTL.ZS,2010,8.2
GUM,SL.UEM.TOTL.ZS,2009,9.3
GUM,SL.UEM.TOTL.ZS,2008,8.892
GUM,SL.UEM.TOTL.ZS,2007,8.3
GUM,SL.UEM.TOTL.ZS,2006,7.4
GUM,SL.UEM.TOTL.ZS,2005,7.0
GUM,SL.UEM.TOTL.ZS,2004,7.7
GUM,SL.UEM.TOTL.ZS,2003,9.697
GUM,SL.UEM.TOTL.ZS,2002,11.39
GUM,SL.UEM.TOTL.ZS,2001,13.213
GUM,SL.UEM.TOTL.ZS,2000,15.32
GUM,SL.UEM.TOTL.ZS,1999,13.95
GUM,SL.UEM.TOTL.ZS,1998,7.74
GUM,SL.UEM.TOTL.ZS,1997,9.67
GUM,SL.UEM.TOTL.ZS,1996,8.283
GUM,SL.UEM.TOTL.ZS,1995,7.9
GUM,SL.UEM.TOTL.ZS,1994,7.6
GUM,SL.UEM.TOTL.ZS,1993,5.527
GUM,SL.UEM.TOTL.ZS,1992,3.837
GUM,SL.UEM.TOTL.ZS,1991,3.509
GUM,SL.UEM.TOTL.ZS,1990,
GUM,SL.UEM.TOTL.ZS,1989,
GUM,SL.UEM.TOTL.ZS,1988,
GUM,SL.UEM.TOTL.ZS,1987,
GUM,SL.UEM.TOTL.ZS,1986,
GUM,SL.UEM.TOTL.ZS,1985,
GUM,SL.UEM.TOTL.ZS,1984,
GUM,SL.UEM.TOTL.ZS,1983,
GUM,SL.UEM.TOTL.ZS,1982,
GUM,SL.UEM.TOTL.ZS,1981,
GUM,SL.UEM.TOTL.ZS,1980,
GUM,SL.UEM.TOTL.ZS,1979,
GUM,SL.UEM.TOTL.ZS,1978,
GUM,SL.UEM.TOTL.ZS,1977,
GUM,SL.UEM.TOTL.ZS,1976,
GUM,SL.UEM.TOTL.ZS,1975,
GUM,SL.UEM.TOTL.ZS,1974,
GUM,SL.UEM.TOTL.ZS,1973,
GUM,SL.UEM.TOTL.ZS,1972,
GUM,SL.UEM.TOTL.ZS,1971,
GUM,SL.UEM.TOTL.ZS,1970,
GUM,SL.UEM.TOTL.ZS,1969,
GUM,SL.UEM.TOTL.ZS,1968,
GUM,SL.UEM.TOTL.ZS,1967,
GUM,SL.UEM.TOTL.ZS,1966,
GUM,SL.UEM.TOTL.ZS,1965,
GUM,SL.UEM.TOTL.ZS,1964,
GUM,SL.UEM.TOTL.ZS,1963,
GUM,SL.UEM.TOTL.ZS,1962,
GUM,SL.UEM.TOTL.ZS,1961,
GUM,SL.UEM.TOTL.ZS,1960,
GTM,SL.UEM.TOTL.ZS,2024,2.219
GTM,SL.UEM.TOTL.ZS,2023,2.344
GTM,SL.UEM.TOTL.ZS,2022,3.051
GTM,SL.UEM.TOTL.ZS,2021,2.174
GTM,SL.UEM.TOTL.ZS,2020,2.955
GTM,SL.UEM.TOTL.ZS,2019,2.193
GTM,SL.UEM.TOTL.ZS,2018,2.283
GTM,SL.UEM.TOTL.ZS,2017,2.462
GTM,SL.UEM.TOTL.ZS,2016,2.583
GTM,SL.UEM.TOTL.ZS,2015,2.506
GTM,SL.UEM.TOTL.ZS,2014,2.717
GTM,SL.UEM.TOTL.ZS,2013,3.017
GTM,SL.UEM.TOTL.ZS,2012,2.765
GTM,SL.UEM.TOTL.ZS,2011,3.172
GTM,SL.UEM.TOTL.ZS,2010,3.497
GTM,SL.UEM.TOTL.ZS,2009,3.208
GTM,SL.UEM.TOTL.ZS,2008,2.873
GTM,SL.UEM.TOTL.ZS,2007,2.824
GTM,SL.UEM.TOTL.ZS,2006,2.948
GTM,SL.UEM.TOTL.ZS,2005,3.059
GTM,SL.UEM.TOTL.ZS,2004,2.971
GTM,SL.UEM.TOTL.ZS,2003,2.807
GTM,SL.UEM.TOTL.ZS,2002,2.747
GTM,SL.UEM.TOTL.ZS,2001,2.745
GTM,SL.UEM.TOTL.ZS,2000,2.606
GTM,SL.UEM.TOTL.ZS,1999,2.567
GTM,SL.UEM.TOTL.ZS,1998,2.609
GTM,SL.UEM.TOTL.ZS,1997,2.61
GTM,SL.UEM.TOTL.ZS,1996,2.625
GTM,SL.UEM.TOTL.ZS,1995,2.577
GTM,SL.UEM.TOTL.ZS,1994,2.581
GTM,SL.UEM.TOTL.ZS,1993,2.599
GTM,SL.UEM.TOTL.ZS,1992,2.639
GTM,SL.UEM.TOTL.ZS,1991,2.684
GTM,SL.UEM.TOTL.ZS,1990,
GTM,SL.UEM.TOTL.ZS,1989,
GTM,SL.UEM.TOTL.ZS,1988,
GTM,SL.UEM.TOTL.ZS,1987,
GTM,SL.UEM.TOTL.ZS,1986,
GTM,SL.UEM.TOTL.ZS,1985,
GTM,SL.UEM.TOTL.ZS,1984,
GTM,SL.UEM.TOTL.ZS,1983,
GTM,SL.UEM.TOTL.ZS,1982,
GTM,SL.UEM.TOTL.ZS,1981,
GTM,SL.UEM.TOTL.ZS,1980,
GTM,SL.UEM.TOTL.ZS,1979,
GTM,SL.UEM.TOTL.ZS,1978,
GTM,SL.UEM.TOTL.ZS,1977,
GTM,SL.UEM.TOTL.ZS,1976,
GTM,SL.UEM.TOTL.ZS,1975,
GTM,SL.UEM.TOTL.ZS,1974,
GTM,SL.UEM.TOTL.ZS,1973,
GTM,SL.UEM.TOTL.ZS,1972,
GTM,SL.UEM.TOTL.ZS,1971,
GTM,SL.UEM.TOTL.ZS,1970,
GTM,SL.UEM.TOTL.ZS,1969,
GTM,SL.UEM.TOTL.ZS,1968,
GTM,SL.UEM.TOTL.ZS,1967,
GTM,SL.UEM.TOTL.ZS,1966,
GTM,SL.UEM.TOTL.ZS,1965,
GTM,SL.UEM.TOTL.ZS,1964,
GTM,SL.UEM.TOTL.ZS,1963,
GTM,SL.UEM.TOTL.ZS,1962,
GTM,SL.UEM.TOTL.ZS,1961,
GTM,SL.UEM.TOTL.ZS,1960,
GIN,SL.UEM.TOTL.ZS,2024,5.23
GIN,SL.UEM.TOTL.ZS,2023,5.244
GIN,SL.UEM.TOTL.ZS,2022,5.267
GIN,SL.UEM.TOTL.ZS,2021,5.827
GIN,SL.UEM.TOTL.ZS,2020,6.018
GIN,SL.UEM.TOTL.ZS,2019,5.018
GIN,SL.UEM.TOTL.ZS,2018,4.787
GIN,SL.UEM.TOTL.ZS,2017,4.826
GIN,SL.UEM.TOTL.ZS,2016,5.013
GIN,SL.UEM.TOTL.ZS,2015,5.224
GIN,SL.UEM.TOTL.ZS,2014,5.09
GIN,SL.UEM.TOTL.ZS,2013,4.967
GIN,SL.UEM.TOTL.ZS,2012,4.884
GIN,SL.UEM.TOTL.ZS,2011,5.094
GIN,SL.UEM.TOTL.ZS,2010,5.097
GIN,SL.UEM.TOTL.ZS,2009,4.967
GIN,SL.UEM.TOTL.ZS,2008,4.829
GIN,SL.UEM.TOTL.ZS,2007,4.818
GIN,SL.UEM.TOTL.ZS,2006,4.93
GIN,SL.UEM.TOTL.ZS,2005,4.875
GIN,SL.UEM.TOTL.ZS,2004,4.743
GIN,SL.UEM.TOTL.ZS,2003,4.644
GIN,SL.UEM.TOTL.ZS,2002,4.549
GIN,SL.UEM.TOTL.ZS,2001,4.597
GIN,SL.UEM.TOTL.ZS,2000,4.599
GIN,SL.UEM.TOTL.ZS,1999,4.509
GIN,SL.UEM.TOTL.ZS,1998,4.488
GIN,SL.UEM.TOTL.ZS,1997,4.458
GIN,SL.UEM.TOTL.ZS,1996,4.5
GIN,SL.UEM.TOTL.ZS,1995,4.481
GIN,SL.UEM.TOTL.ZS,1994,4.526
GIN,SL.UEM.TOTL.ZS,1993,4.573
GIN,SL.UEM.TOTL.ZS,1992,4.598
GIN,SL.UEM.TOTL.ZS,1991,4.573
GIN,SL.UEM.TOTL.ZS,1990,
GIN,SL.UEM.TOTL.ZS,1989,
GIN,SL.UEM.TOTL.ZS,1988,
GIN,SL.UEM.TOTL.ZS,1987,
GIN,SL.UEM.TOTL.ZS,1986,
GIN,SL.UEM.TOTL.ZS,1985,
GIN,SL.UEM.TOTL.ZS,1984,
GIN,SL.UEM.TOTL.ZS,1983,
GIN,SL.UEM.TOTL.ZS,1982,
GIN,SL.UEM.TOTL.ZS,1981,
GIN,SL.UEM.TOTL.ZS,1980,
GIN,SL.UEM.TOTL.ZS,1979,
GIN,SL.UEM.TOTL.ZS,1978,
GIN,SL.UEM.TOTL.ZS,1977,
GIN,SL.UEM.TOTL.ZS,1976,
GIN,SL.UEM.TOTL.ZS,1975,
GIN,SL.UEM.TOTL.ZS,1974,
GIN,SL.UEM.TOTL.ZS,1973,
GIN,SL.UEM.TOTL.ZS,1972,
GIN,SL.UEM.TOTL.ZS,1971,
GIN,SL.UEM.TOTL.ZS,1970,
GIN,SL.UEM.TOTL.ZS,1969,
GIN,SL.UEM.TOTL.ZS,1968,
GIN,SL.UEM.TOTL.ZS,1967,
GIN,SL.UEM.TOTL.ZS,1966,
GIN,SL.UEM.TOTL.ZS,1965,
GIN,SL.UEM.TOTL.ZS,1964,
GIN,SL.UEM.TOTL.ZS,1963,
GIN,SL.UEM.TOTL.ZS,1962,
GIN,SL.UEM.TOTL.ZS,1961,
GIN,SL.UEM.TOTL.ZS,1960,
GNB,SL.UEM.TOTL.ZS,2024,2.622
GNB,SL.UEM.TOTL.ZS,2023,2.65
GNB,SL.UEM.TOTL.ZS,2022,2.666
GNB,SL.UEM.TOTL.ZS,2021,3.031
GNB,SL.UEM.TOTL.ZS,2020,2.89
GNB,SL.UEM.TOTL.ZS,2019,2.413
GNB,SL.UEM.TOTL.ZS,2018,3.127
GNB,SL.UEM.TOTL.ZS,2017,3.066
GNB,SL.UEM.TOTL.ZS,2016,3.123
GNB,SL.UEM.TOTL.ZS,2015,3.157
GNB,SL.UEM.TOTL.ZS,2014,3.254
GNB,SL.UEM.TOTL.ZS,2013,3.162
GNB,SL.UEM.TOTL.ZS,2012,3.143
GNB,SL.UEM.TOTL.ZS,2011,3.08
GNB,SL.UEM.TOTL.ZS,2010,3.137
GNB,SL.UEM.TOTL.ZS,2009,3.152
GNB,SL.UEM.TOTL.ZS,2008,3.164
GNB,SL.UEM.TOTL.ZS,2007,3.149
GNB,SL.UEM.TOTL.ZS,2006,3.154
GNB,SL.UEM.TOTL.ZS,2005,3.174
GNB,SL.UEM.TOTL.ZS,2004,3.238
GNB,SL.UEM.TOTL.ZS,2003,3.244
GNB,SL.UEM.TOTL.ZS,2002,3.181
GNB,SL.UEM.TOTL.ZS,2001,3.154
GNB,SL.UEM.TOTL.ZS,2000,3.557
GNB,SL.UEM.TOTL.ZS,1999,3.539
GNB,SL.UEM.TOTL.ZS,1998,3.39
GNB,SL.UEM.TOTL.ZS,1997,2.986
GNB,SL.UEM.TOTL.ZS,1996,3.022
GNB,SL.UEM.TOTL.ZS,1995,3.132
GNB,SL.UEM.TOTL.ZS,1994,3.172
GNB,SL.UEM.TOTL.ZS,1993,3.148
GNB,SL.UEM.TOTL.ZS,1992,3.099
GNB,SL.UEM.TOTL.ZS,1991,3.038
GNB,SL.UEM.TOTL.ZS,1990,
GNB,SL.UEM.TOTL.ZS,1989,
GNB,SL.UEM.TOTL.ZS,1988,
GNB,SL.UEM.TOTL.ZS,1987,
GNB,SL.UEM.TOTL.ZS,1986,
GNB,SL.UEM.TOTL.ZS,1985,
GNB,SL.UEM.TOTL.ZS,1984,
GNB,SL.UEM.TOTL.ZS,1983,
GNB,SL.UEM.TOTL.ZS,1982,
GNB,SL.UEM.TOTL.ZS,1981,
GNB,SL.UEM.TOTL.ZS,1980,
GNB,SL.UEM.TOTL.ZS,1979,
GNB,SL.UEM.TOTL.ZS,1978,
GNB,SL.UEM.TOTL.ZS,1977,
GNB,SL.UEM.TOTL.ZS,1976,
GNB,SL.UEM.TOTL.ZS,1975,
GNB,SL.UEM.TOTL.ZS,1974,
GNB,SL.UEM.TOTL.ZS,1973,
GNB,SL.UEM.TOTL.ZS,1972,
GNB,SL.UEM.TOTL.ZS,1971,
GNB,SL.UEM.TOTL.ZS,1970,
GNB,SL.UEM.TOTL.ZS,1969,
GNB,SL.UEM.TOTL.ZS,1968,
GNB,SL.UEM.TOTL.ZS,1967,
GNB,SL.UEM.TOTL.ZS,1966,
GNB,SL.UEM.TOTL.ZS,1965,
GNB,SL.UEM.TOTL.ZS,1964,
GNB,SL.UEM.TOTL.ZS,1963,
GNB,SL.UEM.TOTL.ZS,1962,
GNB,SL.UEM.TOTL.ZS,1961,
GNB,SL.UEM.TOTL.ZS,1960,
GUY,SL.UEM.TOTL.ZS,2024,10.165
GUY,SL.UEM.TOTL.ZS,2023,12.025
GUY,SL.UEM.TOTL.ZS,2022,12.013
GUY,SL.UEM.TOTL.ZS,2021,14.557
GUY,SL.UEM.TOTL.ZS,2020,15.334
GUY,SL.UEM.TOTL.ZS,2019,13.172
GUY,SL.UEM.TOTL.ZS,2018,13.627
GUY,SL.UEM.TOTL.ZS,2017,13.462
GUY,SL.UEM.TOTL.ZS,2016,13.257
GUY,SL.UEM.TOTL.ZS,2015,13.004
GUY,SL.UEM.TOTL.ZS,2014,12.639
GUY,SL.UEM.TOTL.ZS,2013,12.303
GUY,SL.UEM.TOTL.ZS,2012,12.038
GUY,SL.UEM.TOTL.ZS,2011,11.819
GUY,SL.UEM.TOTL.ZS,2010,11.636
GUY,SL.UEM.TOTL.ZS,2009,11.314
GUY,SL.UEM.TOTL.ZS,2008,11.027
GUY,SL.UEM.TOTL.ZS,2007,10.846
GUY,SL.UEM.TOTL.ZS,2006,10.7
GUY,SL.UEM.TOTL.ZS,2005,11.08
GUY,SL.UEM.TOTL.ZS,2004,11.28
GUY,SL.UEM.TOTL.ZS,2003,11.529
GUY,SL.UEM.TOTL.ZS,2002,11.81
GUY,SL.UEM.TOTL.ZS,2001,11.806
GUY,SL.UEM.TOTL.ZS,2000,11.93
GUY,SL.UEM.TOTL.ZS,1999,11.802
GUY,SL.UEM.TOTL.ZS,1998,11.731
GUY,SL.UEM.TOTL.ZS,1997,11.624
GUY,SL.UEM.TOTL.ZS,1996,11.611
GUY,SL.UEM.TOTL.ZS,1995,11.643
GUY,SL.UEM.TOTL.ZS,1994,11.622
GUY,SL.UEM.TOTL.ZS,1993,11.71
GUY,SL.UEM.TOTL.ZS,1992,11.9
GUY,SL.UEM.TOTL.ZS,1991,12.055
GUY,SL.UEM.TOTL.ZS,1990,
GUY,SL.UEM.TOTL.ZS,1989,
GUY,SL.UEM.TOTL.ZS,1988,
GUY,SL.UEM.TOTL.ZS,1987,
GUY,SL.UEM.TOTL.ZS,1986,
GUY,SL.UEM.TOTL.ZS,1985,
GUY,SL.UEM.TOTL.ZS,1984,
GUY,SL.UEM.TOTL.ZS,1983,
GUY,SL.UEM.TOTL.ZS,1982,
GUY,SL.UEM.TOTL.ZS,1981,
GUY,SL.UEM.TOTL.ZS,1980,
GUY,SL.UEM.TOTL.ZS,1979,
GUY,SL.UEM.TOTL.ZS,1978,
GUY,SL.UEM.TOTL.ZS,1977,
GUY,SL.UEM.TOTL.ZS,1976,
GUY,SL.UEM.TOTL.ZS,1975,
GUY,SL.UEM.TOTL.ZS,1974,
GUY,SL.UEM.TOTL.ZS,1973,
GUY,SL.UEM.TOTL.ZS,1972,
GUY,SL.UEM.TOTL.ZS,1971,
GUY,SL.UEM.TOTL.ZS,1970,
GUY,SL.UEM.TOTL.ZS,1969,
GUY,SL.UEM.TOTL.ZS,1968,
GUY,SL.UEM.TOTL.ZS,1967,
GUY,SL.UEM.TOTL.ZS,1966,
GUY,SL.UEM.TOTL.ZS,1965,
GUY,SL.UEM.TOTL.ZS,1964,
GUY,SL.UEM.TOTL.ZS,1963,
GUY,SL.UEM.TOTL.ZS,1962,
GUY,SL.UEM.TOTL.ZS,1961,
GUY,SL.UEM.TOTL.ZS,1960,
HTI,SL.UEM.TOTL.ZS,2024,15.058
HTI,SL.UEM.TOTL.ZS,2023,14.556
HTI,SL.UEM.TOTL.ZS,2022,14.635
HTI,SL.UEM.TOTL.ZS,2021,15.28
HTI,SL.UEM.TOTL.ZS,2020,15.546
HTI,SL.UEM.TOTL.ZS,2019,14.057
HTI,SL.UEM.TOTL.ZS,2018,13.878
HTI,SL.UEM.TOTL.ZS,2017,13.881
HTI,SL.UEM.TOTL.ZS,2016,13.852
HTI,SL.UEM.TOTL.ZS,2015,13.724
HTI,SL.UEM.TOTL.ZS,2014,13.755
HTI,SL.UEM.TOTL.ZS,2013,13.642
HTI,SL.UEM.TOTL.ZS,2012,14.1
HTI,SL.UEM.TOTL.ZS,2011,14.485
HTI,SL.UEM.TOTL.ZS,2010,15.252
HTI,SL.UEM.TOTL.ZS,2009,15.351
HTI,SL.UEM.TOTL.ZS,2008,16.195
HTI,SL.UEM.TOTL.ZS,2007,16.8
HTI,SL.UEM.TOTL.ZS,2006,15.908
HTI,SL.UEM.TOTL.ZS,2005,14.587
HTI,SL.UEM.TOTL.ZS,2004,13.453
HTI,SL.UEM.TOTL.ZS,2003,12.18
HTI,SL.UEM.TOTL.ZS,2002,11.046
HTI,SL.UEM.TOTL.ZS,2001,9.754
HTI,SL.UEM.TOTL.ZS,2000,8.454
HTI,SL.UEM.TOTL.ZS,1999,7.2
HTI,SL.UEM.TOTL.ZS,1998,7.162
HTI,SL.UEM.TOTL.ZS,1997,6.978
HTI,SL.UEM.TOTL.ZS,1996,7.325
HTI,SL.UEM.TOTL.ZS,1995,7.565
HTI,SL.UEM.TOTL.ZS,1994,7.97
HTI,SL.UEM.TOTL.ZS,1993,7.595
HTI,SL.UEM.TOTL.ZS,1992,7.428
HTI,SL.UEM.TOTL.ZS,1991,7.363
HTI,SL.UEM.TOTL.ZS,1990,
HTI,SL.UEM.TOTL.ZS,1989,
HTI,SL.UEM.TOTL.ZS,1988,
HTI,SL.UEM.TOTL.ZS,1987,
HTI,SL.UEM.TOTL.ZS,1986,
HTI,SL.UEM.TOTL.ZS,1985,
HTI,SL.UEM.TOTL.ZS,1984,
HTI,SL.UEM.TOTL.ZS,1983,
HTI,SL.UEM.TOTL.ZS,1982,
HTI,SL.UEM.TOTL.ZS,1981,
HTI,SL.UEM.TOTL.ZS,1980,
HTI,SL.UEM.TOTL.ZS,1979,
HTI,SL.UEM.TOTL.ZS,1978,
HTI,SL.UEM.TOTL.ZS,1977,
HTI,SL.UEM.TOTL.ZS,1976,
HTI,SL.UEM.TOTL.ZS,1975,
HTI,SL.UEM.TOTL.ZS,1974,
HTI,SL.UEM.TOTL.ZS,1973,
HTI,SL.UEM.TOTL.ZS,1972,
HTI,SL.UEM.TOTL.ZS,1971,
HTI,SL.UEM.TOTL.ZS,1970,
HTI,SL.UEM.TOTL.ZS,1969,
HTI,SL.UEM.TOTL.ZS,1968,
HTI,SL.UEM.TOTL.ZS,1967,
HTI,SL.UEM.TOTL.ZS,1966,
HTI,SL.UEM.TOTL.ZS,1965,
HTI,SL.UEM.TOTL.ZS,1964,
HTI,SL.UEM.TOTL.ZS,1963,
HTI,SL.UEM.TOTL.ZS,1962,
HTI,SL.UEM.TOTL.ZS,1961,
HTI,SL.UEM.TOTL.ZS,1960,
HND,SL.UEM.TOTL.ZS,2024,6.061
HND,SL.UEM.TOTL.ZS,2023,6.07
HND,SL.UEM.TOTL.ZS,2022,8.774
HND,SL.UEM.TOTL.ZS,2021,8.506
HND,SL.UEM.TOTL.ZS,2020,10.982
HND,SL.UEM.TOTL.ZS,2019,5.698
HND,SL.UEM.TOTL.ZS,2018,5.648
HND,SL.UEM.TOTL.ZS,2017,5.528
HND,SL.UEM.TOTL.ZS,2016,6.727
HND,SL.UEM.TOTL.ZS,2015,6.147
HND,SL.UEM.TOTL.ZS,2014,7.078
HND,SL.UEM.TOTL.ZS,2013,5.646
HND,SL.UEM.TOTL.ZS,2012,3.755
HND,SL.UEM.TOTL.ZS,2011,4.474
HND,SL.UEM.TOTL.ZS,2010,4.119
HND,SL.UEM.TOTL.ZS,2009,3.292
HND,SL.UEM.TOTL.ZS,2008,3.156
HND,SL.UEM.TOTL.ZS,2007,3.211
HND,SL.UEM.TOTL.ZS,2006,3.574
HND,SL.UEM.TOTL.ZS,2005,4.909
HND,SL.UEM.TOTL.ZS,2004,5.99
HND,SL.UEM.TOTL.ZS,2003,5.3
HND,SL.UEM.TOTL.ZS,2002,4.02
HND,SL.UEM.TOTL.ZS,2001,4.0
HND,SL.UEM.TOTL.ZS,2000,3.881
HND,SL.UEM.TOTL.ZS,1999,3.85
HND,SL.UEM.TOTL.ZS,1998,4.02
HND,SL.UEM.TOTL.ZS,1997,3.32
HND,SL.UEM.TOTL.ZS,1996,4.37
HND,SL.UEM.TOTL.ZS,1995,3.24
HND,SL.UEM.TOTL.ZS,1994,3.136
HND,SL.UEM.TOTL.ZS,1993,3.097
HND,SL.UEM.TOTL.ZS,1992,3.06
HND,SL.UEM.TOTL.ZS,1991,4.58
HND,SL.UEM.TOTL.ZS,1990,
HND,SL.UEM.TOTL.ZS,1989,
HND,SL.UEM.TOTL.ZS,1988,
HND,SL.UEM.TOTL.ZS,1987,
HND,SL.UEM.TOTL.ZS,1986,
HND,SL.UEM.TOTL.ZS,1985,
HND,SL.UEM.TOTL.ZS,1984,
HND,SL.UEM.TOTL.ZS,1983,
HND,SL.UEM.TOTL.ZS,1982,
HND,SL.UEM.TOTL.ZS,1981,
HND,SL.UEM.TOTL.ZS,1980,
HND,SL.UEM.TOTL.ZS,1979,
HND,SL.UEM.TOTL.ZS,1978,
HND,SL.UEM.TOTL.ZS,1977,
HND,SL.UEM.TOTL.ZS,1976,
HND,SL.UEM.TOTL.ZS,1975,
HND,SL.UEM.TOTL.ZS,1974,
HND,SL.UEM.TOTL.ZS,1973,
HND,SL.UEM.TOTL.ZS,1972,
HND,SL.UEM.TOTL.ZS,1971,
HND,SL.UEM.TOTL.ZS,1970,
HND,SL.UEM.TOTL.ZS,1969,
HND,SL.UEM.TOTL.ZS,1968,
HND,SL.UEM.TOTL.ZS,1967,
HND,SL.UEM.TOTL.ZS,1966,
HND,SL.UEM.TOTL.ZS,1965,
HND,SL.UEM.TOTL.ZS,1964,
HND,SL.UEM.TOTL.ZS,1963,
HND,SL.UEM.TOTL.ZS,1962,
HND,SL.UEM.TOTL.ZS,1961,
HND,SL.UEM.TOTL.ZS,1960,
HKG,SL.UEM.TOTL.ZS,2024,2.793
HKG,SL.UEM.TOTL.ZS,2023,2.949
HKG,SL.UEM.TOTL.ZS,2022,4.318
HKG,SL.UEM.TOTL.ZS,2021,5.174
HKG,SL.UEM.TOTL.ZS,2020,5.808
HKG,SL.UEM.TOTL.ZS,2019,2.917
HKG,SL.UEM.TOTL.ZS,2018,2.805
HKG,SL.UEM.TOTL.ZS,2017,3.124
HKG,SL.UEM.TOTL.ZS,2016,3.392
HKG,SL.UEM.TOTL.ZS,2015,3.314
HKG,SL.UEM.TOTL.ZS,2014,3.296
HKG,SL.UEM.TOTL.ZS,2013,3.4
HKG,SL.UEM.TOTL.ZS,2012,3.285
HKG,SL.UEM.TOTL.ZS,2011,3.422
HKG,SL.UEM.TOTL.ZS,2010,4.329
HKG,SL.UEM.TOTL.ZS,2009,5.26
HKG,SL.UEM.TOTL.ZS,2008,3.56
HKG,SL.UEM.TOTL.ZS,2007,4.01
HKG,SL.UEM.TOTL.ZS,2006,4.77
HKG,SL.UEM.TOTL.ZS,2005,5.58
HKG,SL.UEM.TOTL.ZS,2004,6.74
HKG,SL.UEM.TOTL.ZS,2003,7.86
HKG,SL.UEM.TOTL.ZS,2002,7.28
HKG,SL.UEM.TOTL.ZS,2001,5.09
HKG,SL.UEM.TOTL.ZS,2000,4.92
HKG,SL.UEM.TOTL.ZS,1999,6.25
HKG,SL.UEM.TOTL.ZS,1998,4.58
HKG,SL.UEM.TOTL.ZS,1997,2.22
HKG,SL.UEM.TOTL.ZS,1996,2.83
HKG,SL.UEM.TOTL.ZS,1995,3.22
HKG,SL.UEM.TOTL.ZS,1994,1.9
HKG,SL.UEM.TOTL.ZS,1993,1.96
HKG,SL.UEM.TOTL.ZS,1992,1.96
HKG,SL.UEM.TOTL.ZS,1991,1.8
HKG,SL.UEM.TOTL.ZS,1990,
HKG,SL.UEM.TOTL.ZS,1989,
HKG,SL.UEM.TOTL.ZS,1988,
HKG,SL.UEM.TOTL.ZS,1987,
HKG,SL.UEM.TOTL.ZS,1986,
HKG,SL.UEM.TOTL.ZS,1985,
HKG,SL.UEM.TOTL.ZS,1984,
HKG,SL.UEM.TOTL.ZS,1983,
HKG,SL.UEM.TOTL.ZS,1982,
HKG,SL.UEM.TOTL.ZS,1981,
HKG,SL.UEM.TOTL.ZS,1980,
HKG,SL.UEM.TOTL.ZS,1979,
HKG,SL.UEM.TOTL.ZS,1978,
HKG,SL.UEM.TOTL.ZS,1977,
HKG,SL.UEM.TOTL.ZS,1976,
HKG,SL.UEM.TOTL.ZS,1975,
HKG,SL.UEM.TOTL.ZS,1974,
HKG,SL.UEM.TOTL.ZS,1973,
HKG,SL.UEM.TOTL.ZS,1972,
HKG,SL.UEM.TOTL.ZS,1971,
HKG,SL.UEM.TOTL.ZS,1970,
HKG,SL.UEM.TOTL.ZS,1969,
HKG,SL.UEM.TOTL.ZS,1968,
HKG,SL.UEM.TOTL.ZS,1967,
HKG,SL.UEM.TOTL.ZS,1966,
HKG,SL.UEM.TOTL.ZS,1965,
HKG,SL.UEM.TOTL.ZS,1964,
HKG,SL.UEM.TOTL.ZS,1963,
HKG,SL.UEM.TOTL.ZS,1962,
HKG,SL.UEM.TOTL.ZS,1961,
HKG,SL.UEM.TOTL.ZS,1960,
HUN,SL.UEM.TOTL.ZS,2024,4.434
HUN,SL.UEM.TOTL.ZS,2023,4.107
HUN,SL.UEM.TOTL.ZS,2022,3.609
HUN,SL.UEM.TOTL.ZS,2021,4.045
HUN,SL.UEM.TOTL.ZS,2020,4.25
HUN,SL.UEM.TOTL.ZS,2019,3.419
HUN,SL.UEM.TOTL.ZS,2018,3.708
HUN,SL.UEM.TOTL.ZS,2017,4.156
HUN,SL.UEM.TOTL.ZS,2016,5.115
HUN,SL.UEM.TOTL.ZS,2015,6.813
HUN,SL.UEM.TOTL.ZS,2014,7.725
HUN,SL.UEM.TOTL.ZS,2013,10.177
HUN,SL.UEM.TOTL.ZS,2012,11.003
HUN,SL.UEM.TOTL.ZS,2011,11.029
HUN,SL.UEM.TOTL.ZS,2010,11.172
HUN,SL.UEM.TOTL.ZS,2009,10.03
HUN,SL.UEM.TOTL.ZS,2008,7.817
HUN,SL.UEM.TOTL.ZS,2007,7.406
HUN,SL.UEM.TOTL.ZS,2006,7.494
HUN,SL.UEM.TOTL.ZS,2005,7.189
HUN,SL.UEM.TOTL.ZS,2004,5.832
HUN,SL.UEM.TOTL.ZS,2003,5.79
HUN,SL.UEM.TOTL.ZS,2002,5.608
HUN,SL.UEM.TOTL.ZS,2001,5.671
HUN,SL.UEM.TOTL.ZS,2000,6.563
HUN,SL.UEM.TOTL.ZS,1999,6.929
HUN,SL.UEM.TOTL.ZS,1998,8.925
HUN,SL.UEM.TOTL.ZS,1997,8.991
HUN,SL.UEM.TOTL.ZS,1996,10.022
HUN,SL.UEM.TOTL.ZS,1995,10.168
HUN,SL.UEM.TOTL.ZS,1994,10.847
HUN,SL.UEM.TOTL.ZS,1993,12.098
HUN,SL.UEM.TOTL.ZS,1992,9.942
HUN,SL.UEM.TOTL.ZS,1991,8.5
HUN,SL.UEM.TOTL.ZS,1990,
HUN,SL.UEM.TOTL.ZS,1989,
HUN,SL.UEM.TOTL.ZS,1988,
HUN,SL.UEM.TOTL.ZS,1987,
HUN,SL.UEM.TOTL.ZS,1986,
HUN,SL.UEM.TOTL.ZS,1985,
HUN,SL.UEM.TOTL.ZS,1984,
HUN,SL.UEM.TOTL.ZS,1983,
HUN,SL.UEM.TOTL.ZS,1982,
HUN,SL.UEM.TOTL.ZS,1981,
HUN,SL.UEM.TOTL.ZS,1980,
HUN,SL.UEM.TOTL.ZS,1979,
HUN,SL.UEM.TOTL.ZS,1978,
HUN,SL.UEM.TOTL.ZS,1977,
HUN,SL.UEM.TOTL.ZS,1976,
HUN,SL.UEM.TOTL.ZS,1975,
HUN,SL.UEM.TOTL.ZS,1974,
HUN,SL.UEM.TOTL.ZS,1973,
HUN,SL.UEM.TOTL.ZS,1972,
HUN,SL.UEM.TOTL.ZS,1971,
HUN,SL.UEM.TOTL.ZS,1970,
HUN,SL.UEM.TOTL.ZS,1969,
HUN,SL.UEM.TOTL.ZS,1968,
HUN,SL.UEM.TOTL.ZS,1967,
HUN,SL.UEM.TOTL.ZS,1966,
HUN,SL.UEM.TOTL.ZS,1965,
HUN,SL.UEM.TOTL.ZS,1964,
HUN,SL.UEM.TOTL.ZS,1963,
HUN,SL.UEM.TOTL.ZS,1962,
HUN,SL.UEM.TOTL.ZS,1961,
HUN,SL.UEM.TOTL.ZS,1960,
ISL,SL.UEM.TOTL.ZS,2024,3.107
ISL,SL.UEM.TOTL.ZS,2023,3.518
ISL,SL.UEM.TOTL.ZS,2022,3.789
ISL,SL.UEM.TOTL.ZS,2021,6.029
ISL,SL.UEM.TOTL.ZS,2020,5.478
ISL,SL.UEM.TOTL.ZS,2019,3.507
ISL,SL.UEM.TOTL.ZS,2018,2.704
ISL,SL.UEM.TOTL.ZS,2017,2.742
ISL,SL.UEM.TOTL.ZS,2016,2.978
ISL,SL.UEM.TOTL.ZS,2015,3.979
ISL,SL.UEM.TOTL.ZS,2014,4.897
ISL,SL.UEM.TOTL.ZS,2013,5.376
ISL,SL.UEM.TOTL.ZS,2012,6.0
ISL,SL.UEM.TOTL.ZS,2011,7.028
ISL,SL.UEM.TOTL.ZS,2010,7.564
ISL,SL.UEM.TOTL.ZS,2009,7.22
ISL,SL.UEM.TOTL.ZS,2008,2.946
ISL,SL.UEM.TOTL.ZS,2007,2.251
ISL,SL.UEM.TOTL.ZS,2006,2.83
ISL,SL.UEM.TOTL.ZS,2005,2.547
ISL,SL.UEM.TOTL.ZS,2004,4.031
ISL,SL.UEM.TOTL.ZS,2003,3.997
ISL,SL.UEM.TOTL.ZS,2002,2.988
ISL,SL.UEM.TOTL.ZS,2001,1.874
ISL,SL.UEM.TOTL.ZS,2000,1.936
ISL,SL.UEM.TOTL.ZS,1999,2.178
ISL,SL.UEM.TOTL.ZS,1998,3.069
ISL,SL.UEM.TOTL.ZS,1997,3.72
ISL,SL.UEM.TOTL.ZS,1996,3.6
ISL,SL.UEM.TOTL.ZS,1995,5.196
ISL,SL.UEM.TOTL.ZS,1994,5.326
ISL,SL.UEM.TOTL.ZS,1993,5.257
ISL,SL.UEM.TOTL.ZS,1992,4.305
ISL,SL.UEM.TOTL.ZS,1991,2.548
ISL,SL.UEM.TOTL.ZS,1990,
ISL,SL.UEM.TOTL.ZS,1989,
ISL,SL.UEM.TOTL.ZS,1988,
ISL,SL.UEM.TOTL.ZS,1987,
ISL,SL.UEM.TOTL.ZS,1986,
ISL,SL.UEM.TOTL.ZS,1985,
ISL,SL.UEM.TOTL.ZS,1984,
ISL,SL.UEM.TOTL.ZS,1983,
ISL,SL.UEM.TOTL.ZS,1982,
ISL,SL.UEM.TOTL.ZS,1981,
ISL,SL.UEM.TOTL.ZS,1980,
ISL,SL.UEM.TOTL.ZS,1979,
ISL,SL.UEM.TOTL.ZS,1978,
ISL,SL.UEM.TOTL.ZS,1977,
ISL,SL.UEM.TOTL.ZS,1976,
ISL,SL.UEM.TOTL.ZS,1975,
ISL,SL.UEM.TOTL.ZS,1974,
ISL,SL.UEM.TOTL.ZS,1973,
ISL,SL.UEM.TOTL.ZS,1972,
ISL,SL.UEM.TOTL.ZS,1971,
ISL,SL.UEM.TOTL.ZS,1970,
ISL,SL.UEM.TOTL.ZS,1969,
ISL,SL.UEM.TOTL.ZS,1968,
ISL,SL.UEM.TOTL.ZS,1967,
ISL,SL.UEM.TOTL.ZS,1966,
ISL,SL.UEM.TOTL.ZS,1965,
ISL,SL.UEM.TOTL.ZS,1964,
ISL,SL.UEM.TOTL.ZS,1963,
ISL,SL.UEM.TOTL.ZS,1962,
ISL,SL.UEM.TOTL.ZS,1961,
ISL,SL.UEM.TOTL.ZS,1960,
IND,SL.UEM.TOTL.ZS,2024,4.202
IND,SL.UEM.TOTL.ZS,2023,4.172
IND,SL.UEM.TOTL.ZS,2022,4.822
IND,SL.UEM.TOTL.ZS,2021,6.38
IND,SL.UEM.TOTL.ZS,2020,7.859
IND,SL.UEM.TOTL.ZS,2019,6.51
IND,SL.UEM.TOTL.ZS,2018,7.652
IND,SL.UEM.TOTL.ZS,2017,7.618
IND,SL.UEM.TOTL.ZS,2016,7.601
IND,SL.UEM.TOTL.ZS,2015,7.631
IND,SL.UEM.TOTL.ZS,2014,7.674
IND,SL.UEM.TOTL.ZS,2013,7.711
IND,SL.UEM.TOTL.ZS,2012,7.666
IND,SL.UEM.TOTL.ZS,2011,7.616
IND,SL.UEM.TOTL.ZS,2010,7.652
IND,SL.UEM.TOTL.ZS,2009,7.664
IND,SL.UEM.TOTL.ZS,2008,7.656
IND,SL.UEM.TOTL.ZS,2007,7.561
IND,SL.UEM.TOTL.ZS,2006,7.552
IND,SL.UEM.TOTL.ZS,2005,7.552
IND,SL.UEM.TOTL.ZS,2004,7.625
IND,SL.UEM.TOTL.ZS,2003,7.68
IND,SL.UEM.TOTL.ZS,2002,7.753
IND,SL.UEM.TOTL.ZS,2001,7.653
IND,SL.UEM.TOTL.ZS,2000,7.624
IND,SL.UEM.TOTL.ZS,1999,7.617
IND,SL.UEM.TOTL.ZS,1998,7.639
IND,SL.UEM.TOTL.ZS,1997,7.61
IND,SL.UEM.TOTL.ZS,1996,7.558
IND,SL.UEM.TOTL.ZS,1995,7.608
IND,SL.UEM.TOTL.ZS,1994,7.645
IND,SL.UEM.TOTL.ZS,1993,7.75
IND,SL.UEM.TOTL.ZS,1992,7.733
IND,SL.UEM.TOTL.ZS,1991,7.722
IND,SL.UEM.TOTL.ZS,1990,
IND,SL.UEM.TOTL.ZS,1989,
IND,SL.UEM.TOTL.ZS,1988,
IND,SL.UEM.TOTL.ZS,1987,
IND,SL.UEM.TOTL.ZS,1986,
IND,SL.UEM.TOTL.ZS,1985,
IND,SL.UEM.TOTL.ZS,1984,
IND,SL.UEM.TOTL.ZS,1983,
IND,SL.UEM.TOTL.ZS,1982,
IND,SL.UEM.TOTL.ZS,1981,
IND,SL.UEM.TOTL.ZS,1980,
IND,SL.UEM.TOTL.ZS,1979,
IND,SL.UEM.TOTL.ZS,1978,
IND,SL.UEM.TOTL.ZS,1977,
IND,SL.UEM.TOTL.ZS,1976,
IND,SL.UEM.TOTL.ZS,1975,
IND,SL.UEM.TOTL.ZS,1974,
IND,SL.UEM.TOTL.ZS,1973,
IND,SL.UEM.TOTL.ZS,1972,
IND,SL.UEM.TOTL.ZS,1971,
IND,SL.UEM.TOTL.ZS,1970,
IND,SL.UEM.TOTL.ZS,1969,
IND,SL.UEM.TOTL.ZS,1968,
IND,SL.UEM.TOTL.ZS,1967,
IND,SL.UEM.TOTL.ZS,1966,
IND,SL.UEM.TOTL.ZS,1965,
IND,SL.UEM.TOTL.ZS,1964,
IND,SL.UEM.TOTL.ZS,1963,
IND,SL.UEM.TOTL.ZS,1962,
IND,SL.UEM.TOTL.ZS,1961,
IND,SL.UEM.TOTL.ZS,1960,
IDN,SL.UEM.TOTL.ZS,2024,3.3
IDN,SL.UEM.TOTL.ZS,2023,3.308
IDN,SL.UEM.TOTL.ZS,2022,3.462
IDN,SL.UEM.TOTL.ZS,2021,3.827
IDN,SL.UEM.TOTL.ZS,2020,4.255
IDN,SL.UEM.TOTL.ZS,2019,3.59
IDN,SL.UEM.TOTL.ZS,2018,4.387
IDN,SL.UEM.TOTL.ZS,2017,3.783
IDN,SL.UEM.TOTL.ZS,2016,4.301
IDN,SL.UEM.TOTL.ZS,2015,4.514
IDN,SL.UEM.TOTL.ZS,2014,4.049
IDN,SL.UEM.TOTL.ZS,2013,4.336
IDN,SL.UEM.TOTL.ZS,2012,4.468
IDN,SL.UEM.TOTL.ZS,2011,5.153
IDN,SL.UEM.TOTL.ZS,2010,5.614
IDN,SL.UEM.TOTL.ZS,2009,6.106
IDN,SL.UEM.TOTL.ZS,2008,7.208
IDN,SL.UEM.TOTL.ZS,2007,8.06
IDN,SL.UEM.TOTL.ZS,2006,7.551
IDN,SL.UEM.TOTL.ZS,2005,7.945
IDN,SL.UEM.TOTL.ZS,2004,7.303
IDN,SL.UEM.TOTL.ZS,2003,6.657
IDN,SL.UEM.TOTL.ZS,2002,6.604
IDN,SL.UEM.TOTL.ZS,2001,6.082
IDN,SL.UEM.TOTL.ZS,2000,6.077
IDN,SL.UEM.TOTL.ZS,1999,6.358
IDN,SL.UEM.TOTL.ZS,1998,5.459
IDN,SL.UEM.TOTL.ZS,1997,4.684
IDN,SL.UEM.TOTL.ZS,1996,4.861
IDN,SL.UEM.TOTL.ZS,1995,4.611
IDN,SL.UEM.TOTL.ZS,1994,4.366
IDN,SL.UEM.TOTL.ZS,1993,2.782
IDN,SL.UEM.TOTL.ZS,1992,2.734
IDN,SL.UEM.TOTL.ZS,1991,2.617
IDN,SL.UEM.TOTL.ZS,1990,
IDN,SL.UEM.TOTL.ZS,1989,
IDN,SL.UEM.TOTL.ZS,1988,
IDN,SL.UEM.TOTL.ZS,1987,
IDN,SL.UEM.TOTL.ZS,1986,
IDN,SL.UEM.TOTL.ZS,1985,
IDN,SL.UEM.TOTL.ZS,1984,
IDN,SL.UEM.TOTL.ZS,1983,
IDN,SL.UEM.TOTL.ZS,1982,
IDN,SL.UEM.TOTL.ZS,1981,
IDN,SL.UEM.TOTL.ZS,1980,
IDN,SL.UEM.TOTL.ZS,1979,
IDN,SL.UEM.TOTL.ZS,1978,
IDN,SL.UEM.TOTL.ZS,1977,
IDN,SL.UEM.TOTL.ZS,1976,
IDN,SL.UEM.TOTL.ZS,1975,
IDN,SL.UEM.TOTL.ZS,1974,
IDN,SL.UEM.TOTL.ZS,1973,
IDN,SL.UEM.TOTL.ZS,1972,
IDN,SL.UEM.TOTL.ZS,1971,
IDN,SL.UEM.TOTL.ZS,1970,
IDN,SL.UEM.TOTL.ZS,1969,
IDN,SL.UEM.TOTL.ZS,1968,
IDN,SL.UEM.TOTL.ZS,1967,
IDN,SL.UEM.TOTL.ZS,1966,
IDN,SL.UEM.TOTL.ZS,1965,
IDN,SL.UEM.TOTL.ZS,1964,
IDN,SL.UEM.TOTL.ZS,1963,
IDN,SL.UEM.TOTL.ZS,1962,
IDN,SL.UEM.TOTL.ZS,1961,
IDN,SL.UEM.TOTL.ZS,1960,
IRN,SL.UEM.TOTL.ZS,2024,9.192
IRN,SL.UEM.TOTL.ZS,2023,9.041
IRN,SL.UEM.TOTL.ZS,2022,9.085
IRN,SL.UEM.TOTL.ZS,2021,9.282
IRN,SL.UEM.TOTL.ZS,2020,9.687
IRN,SL.UEM.TOTL.ZS,2019,10.74
IRN,SL.UEM.TOTL.ZS,2018,12.195
IRN,SL.UEM.TOTL.ZS,2017,12.232
IRN,SL.UEM.TOTL.ZS,2016,12.618
IRN,SL.UEM.TOTL.ZS,2015,11.166
IRN,SL.UEM.TOTL.ZS,2014,10.68
IRN,SL.UEM.TOTL.ZS,2013,10.595
IRN,SL.UEM.TOTL.ZS,2012,12.275
IRN,SL.UEM.TOTL.ZS,2011,12.491
IRN,SL.UEM.TOTL.ZS,2010,13.679
IRN,SL.UEM.TOTL.ZS,2009,12.113
IRN,SL.UEM.TOTL.ZS,2008,10.63
IRN,SL.UEM.TOTL.ZS,2007,10.772
IRN,SL.UEM.TOTL.ZS,2006,11.519
IRN,SL.UEM.TOTL.ZS,2005,11.813
IRN,SL.UEM.TOTL.ZS,2004,10.3
IRN,SL.UEM.TOTL.ZS,2003,11.529
IRN,SL.UEM.TOTL.ZS,2002,12.8
IRN,SL.UEM.TOTL.ZS,2001,12.36
IRN,SL.UEM.TOTL.ZS,2000,11.696
IRN,SL.UEM.TOTL.ZS,1999,11.173
IRN,SL.UEM.TOTL.ZS,1998,10.358
IRN,SL.UEM.TOTL.ZS,1997,9.681
IRN,SL.UEM.TOTL.ZS,1996,9.1
IRN,SL.UEM.TOTL.ZS,1995,9.896
IRN,SL.UEM.TOTL.ZS,1994,10.448
IRN,SL.UEM.TOTL.ZS,1993,10.567
IRN,SL.UEM.TOTL.ZS,1992,10.653
IRN,SL.UEM.TOTL.ZS,1991,11.1
IRN,SL.UEM.TOTL.ZS,1990,
IRN,SL.UEM.TOTL.ZS,1989,
IRN,SL.UEM.TOTL.ZS,1988,
IRN,SL.UEM.TOTL.ZS,1987,
IRN,SL.UEM.TOTL.ZS,1986,
IRN,SL.UEM.TOTL.ZS,1985,
IRN,SL.UEM.TOTL.ZS,1984,
IRN,SL.UEM.TOTL.ZS,1983,
IRN,SL.UEM.TOTL.ZS,1982,
IRN,SL.UEM.TOTL.ZS,1981,
IRN,SL.UEM.TOTL.ZS,1980,
IRN,SL.UEM.TOTL.ZS,1979,
IRN,SL.UEM.TOTL.ZS,1978,
IRN,SL.UEM.TOTL.ZS,1977,
IRN,SL.UEM.TOTL.ZS,1976,
IRN,SL.UEM.TOTL.ZS,1975,
IRN,SL.UEM.TOTL.ZS,1974,
IRN,SL.UEM.TOTL.ZS,1973,
IRN,SL.UEM.TOTL.ZS,1972,
IRN,SL.UEM.TOTL.ZS,1971,
IRN,SL.UEM.TOTL.ZS,1970,
IRN,SL.UEM.TOTL.ZS,1969,
IRN,SL.UEM.TOTL.ZS,1968,
IRN,SL.UEM.TOTL.ZS,1967,
IRN,SL.UEM.TOTL.ZS,1966,
IRN,SL.UEM.TOTL.ZS,1965,
IRN,SL.UEM.TOTL.ZS,1964,
IRN,SL.UEM.TOTL.ZS,1963,
IRN,SL.UEM.TOTL.ZS,1962,
IRN,SL.UEM.TOTL.ZS,1961,
IRN,SL.UEM.TOTL.ZS,1960,
IRQ,SL.UEM.TOTL.ZS,2024,15.524
IRQ,SL.UEM.TOTL.ZS,2023,15.447
IRQ,SL.UEM.TOTL.ZS,2022,15.511
IRQ,SL.UEM.TOTL.ZS,2021,16.173
IRQ,SL.UEM.TOTL.ZS,2020,15.778
IRQ,SL.UEM.TOTL.ZS,2019,14.109
IRQ,SL.UEM.TOTL.ZS,2018,13.49
IRQ,SL.UEM.TOTL.ZS,2017,13.02
IRQ,SL.UEM.TOTL.ZS,2016,10.82
IRQ,SL.UEM.TOTL.ZS,2015,10.842
IRQ,SL.UEM.TOTL.ZS,2014,10.59
IRQ,SL.UEM.TOTL.ZS,2013,9.205
IRQ,SL.UEM.TOTL.ZS,2012,7.965
IRQ,SL.UEM.TOTL.ZS,2011,8.191
IRQ,SL.UEM.TOTL.ZS,2010,8.267
IRQ,SL.UEM.TOTL.ZS,2009,8.414
IRQ,SL.UEM.TOTL.ZS,2008,8.467
IRQ,SL.UEM.TOTL.ZS,2007,8.646
IRQ,SL.UEM.TOTL.ZS,2006,8.42
IRQ,SL.UEM.TOTL.ZS,2005,8.578
IRQ,SL.UEM.TOTL.ZS,2004,8.719
IRQ,SL.UEM.TOTL.ZS,2003,8.955
IRQ,SL.UEM.TOTL.ZS,2002,8.621
IRQ,SL.UEM.TOTL.ZS,2001,8.261
IRQ,SL.UEM.TOTL.ZS,2000,8.058
IRQ,SL.UEM.TOTL.ZS,1999,8.002
IRQ,SL.UEM.TOTL.ZS,1998,8.087
IRQ,SL.UEM.TOTL.ZS,1997,8.286
IRQ,SL.UEM.TOTL.ZS,1996,8.527
IRQ,SL.UEM.TOTL.ZS,1995,8.446
IRQ,SL.UEM.TOTL.ZS,1994,8.243
IRQ,SL.UEM.TOTL.ZS,1993,8.381
IRQ,SL.UEM.TOTL.ZS,1992,8.368
IRQ,SL.UEM.TOTL.ZS,1991,8.652
IRQ,SL.UEM.TOTL.ZS,1990,
IRQ,SL.UEM.TOTL.ZS,1989,
IRQ,SL.UEM.TOTL.ZS,1988,
IRQ,SL.UEM.TOTL.ZS,1987,
IRQ,SL.UEM.TOTL.ZS,1986,
IRQ,SL.UEM.TOTL.ZS,1985,
IRQ,SL.UEM.TOTL.ZS,1984,
IRQ,SL.UEM.TOTL.ZS,1983,
IRQ,SL.UEM.TOTL.ZS,1982,
IRQ,SL.UEM.TOTL.ZS,1981,
IRQ,SL.UEM.TOTL.ZS,1980,
IRQ,SL.UEM.TOTL.ZS,1979,
IRQ,SL.UEM.TOTL.ZS,1978,
IRQ,SL.UEM.TOTL.ZS,1977,
IRQ,SL.UEM.TOTL.ZS,1976,
IRQ,SL.UEM.TOTL.ZS,1975,
IRQ,SL.UEM.TOTL.ZS,1974,
IRQ,SL.UEM.TOTL.ZS,1973,
IRQ,SL.UEM.TOTL.ZS,1972,
IRQ,SL.UEM.TOTL.ZS,1971,
IRQ,SL.UEM.TOTL.ZS,1970,
IRQ,SL.UEM.TOTL.ZS,1969,
IRQ,SL.UEM.TOTL.ZS,1968,
IRQ,SL.UEM.TOTL.ZS,1967,
IRQ,SL.UEM.TOTL.ZS,1966,
IRQ,SL.UEM.TOTL.ZS,1965,
IRQ,SL.UEM.TOTL.ZS,1964,
IRQ,SL.UEM.TOTL.ZS,1963,
IRQ,SL.UEM.TOTL.ZS,1962,
IRQ,SL.UEM.TOTL.ZS,1961,
IRQ,SL.UEM.TOTL.ZS,1960,
IRL,SL.UEM.TOTL.ZS,2024,4.369
IRL,SL.UEM.TOTL.ZS,2023,4.288
IRL,SL.UEM.TOTL.ZS,2022,4.501
IRL,SL.UEM.TOTL.ZS,2021,6.364
IRL,SL.UEM.TOTL.ZS,2020,5.623
IRL,SL.UEM.TOTL.ZS,2019,4.95
IRL,SL.UEM.TOTL.ZS,2018,5.741
IRL,SL.UEM.TOTL.ZS,2017,6.713
IRL,SL.UEM.TOTL.ZS,2016,8.374
IRL,SL.UEM.TOTL.ZS,2015,9.908
IRL,SL.UEM.TOTL.ZS,2014,11.858
IRL,SL.UEM.TOTL.ZS,2013,13.735
IRL,SL.UEM.TOTL.ZS,2012,15.451
IRL,SL.UEM.TOTL.ZS,2011,15.354
IRL,SL.UEM.TOTL.ZS,2010,14.534
IRL,SL.UEM.TOTL.ZS,2009,12.609
IRL,SL.UEM.TOTL.ZS,2008,6.774
IRL,SL.UEM.TOTL.ZS,2007,4.98
IRL,SL.UEM.TOTL.ZS,2006,4.355
IRL,SL.UEM.TOTL.ZS,2005,4.237
IRL,SL.UEM.TOTL.ZS,2004,4.491
IRL,SL.UEM.TOTL.ZS,2003,4.478
IRL,SL.UEM.TOTL.ZS,2002,4.216
IRL,SL.UEM.TOTL.ZS,2001,3.684
IRL,SL.UEM.TOTL.ZS,2000,4.318
IRL,SL.UEM.TOTL.ZS,1999,5.804
IRL,SL.UEM.TOTL.ZS,1998,7.699
IRL,SL.UEM.TOTL.ZS,1997,10.191
IRL,SL.UEM.TOTL.ZS,1996,11.692
IRL,SL.UEM.TOTL.ZS,1995,11.97
IRL,SL.UEM.TOTL.ZS,1994,14.544
IRL,SL.UEM.TOTL.ZS,1993,15.571
IRL,SL.UEM.TOTL.ZS,1992,15.021
IRL,SL.UEM.TOTL.ZS,1991,15.771
IRL,SL.UEM.TOTL.ZS,1990,
IRL,SL.UEM.TOTL.ZS,1989,
IRL,SL.UEM.TOTL.ZS,1988,
IRL,SL.UEM.TOTL.ZS,1987,
IRL,SL.UEM.TOTL.ZS,1986,
IRL,SL.UEM.TOTL.ZS,1985,
IRL,SL.UEM.TOTL.ZS,1984,
IRL,SL.UEM.TOTL.ZS,1983,
IRL,SL.UEM.TOTL.ZS,1982,
IRL,SL.UEM.TOTL.ZS,1981,
IRL,SL.UEM.TOTL.ZS,1980,
IRL,SL.UEM.TOTL.ZS,1979,
IRL,SL.UEM.TOTL.ZS,1978,
IRL,SL.UEM.TOTL.ZS,1977,
IRL,SL.UEM.TOTL.ZS,1976,
IRL,SL.UEM.TOTL.ZS,1975,
IRL,SL.UEM.TOTL.ZS,1974,
IRL,SL.UEM.TOTL.ZS,1973,
IRL,SL.UEM.TOTL.ZS,1972,
IRL,SL.UEM.TOTL.ZS,1971,
IRL,SL.UEM.TOTL.ZS,1970,
IRL,SL.UEM.TOTL.ZS,1969,
IRL,SL.UEM.TOTL.ZS,1968,
IRL,SL.UEM.TOTL.ZS,1967,
IRL,SL.UEM.TOTL.ZS,1966,
IRL,SL.UEM.TOTL.ZS,1965,
IRL,SL.UEM.TOTL.ZS,1964,
IRL,SL.UEM.TOTL.ZS,1963,
IRL,SL.UEM.TOTL.ZS,1962,
IRL,SL.UEM.TOTL.ZS,1961,
IRL,SL.UEM.TOTL.ZS,1960,
IMN,SL.UEM.TOTL.ZS,2024,
IMN,SL.UEM.TOTL.ZS,2023,
IMN,SL.UEM.TOTL.ZS,2022,
IMN,SL.UEM.TOTL.ZS,2021,
IMN,SL.UEM.TOTL.ZS,2020,
IMN,SL.UEM.TOTL.ZS,2019,
IMN,SL.UEM.TOTL.ZS,2018,
IMN,SL.UEM.TOTL.ZS,2017,
IMN,SL.UEM.TOTL.ZS,2016,
IMN,SL.UEM.TOTL.ZS,2015,
IMN,SL.UEM.TOTL.ZS,2014,
IMN,SL.UEM.TOTL.ZS,2013,
IMN,SL.UEM.TOTL.ZS,2012,
IMN,SL.UEM.TOTL.ZS,2011,
IMN,SL.UEM.TOTL.ZS,2010,
IMN,SL.UEM.TOTL.ZS,2009,
IMN,SL.UEM.TOTL.ZS,2008,
IMN,SL.UEM.TOTL.ZS,2007,
IMN,SL.UEM.TOTL.ZS,2006,
IMN,SL.UEM.TOTL.ZS,2005,
IMN,SL.UEM.TOTL.ZS,2004,
IMN,SL.UEM.TOTL.ZS,2003,
IMN,SL.UEM.TOTL.ZS,2002,
IMN,SL.UEM.TOTL.ZS,2001,
IMN,SL.UEM.TOTL.ZS,2000,
IMN,SL.UEM.TOTL.ZS,1999,
IMN,SL.UEM.TOTL.ZS,1998,
IMN,SL.UEM.TOTL.ZS,1997,
IMN,SL.UEM.TOTL.ZS,1996,
IMN,SL.UEM.TOTL.ZS,1995,
IMN,SL.UEM.TOTL.ZS,1994,
IMN,SL.UEM.TOTL.ZS,1993,
IMN,SL.UEM.TOTL.ZS,1992,
IMN,SL.UEM.TOTL.ZS,1991,
IMN,SL.UEM.TOTL.ZS,1990,
IMN,SL.UEM.TOTL.ZS,1989,
IMN,SL.UEM.TOTL.ZS,1988,
IMN,SL.UEM.TOTL.ZS,1987,
IMN,SL.UEM.TOTL.ZS,1986,
IMN,SL.UEM.TOTL.ZS,1985,
IMN,SL.UEM.TOTL.ZS,1984,
IMN,SL.UEM.TOTL.ZS,1983,
IMN,SL.UEM.TOTL.ZS,1982,
IMN,SL.UEM.TOTL.ZS,1981,
IMN,SL.UEM.TOTL.ZS,1980,
IMN,SL.UEM.TOTL.ZS,1979,
IMN,SL.UEM.TOTL.ZS,1978,
IMN,SL.UEM.TOTL.ZS,1977,
IMN,SL.UEM.TOTL.ZS,1976,
IMN,SL.UEM.TOTL.ZS,1975,
IMN,SL.UEM.TOTL.ZS,1974,
IMN,SL.UEM.TOTL.ZS,1973,
IMN,SL.UEM.TOTL.ZS,1972,
IMN,SL.UEM.TOTL.ZS,1971,
IMN,SL.UEM.TOTL.ZS,1970,
IMN,SL.UEM.TOTL.ZS,1969,
IMN,SL.UEM.TOTL.ZS,1968,
IMN,SL.UEM.TOTL.ZS,1967,
IMN,SL.UEM.TOTL.ZS,1966,
IMN,SL.UEM.TOTL.ZS,1965,
IMN,SL.UEM.TOTL.ZS,1964,
IMN,SL.UEM.TOTL.ZS,1963,
IMN,SL.UEM.TOTL.ZS,1962,
IMN,SL.UEM.TOTL.ZS,1961,
IMN,SL.UEM.TOTL.ZS,1960,
ISR,SL.UEM.TOTL.ZS,2024,3.15
ISR,SL.UEM.TOTL.ZS,2023,3.596
ISR,SL.UEM.TOTL.ZS,2022,3.695
ISR,SL.UEM.TOTL.ZS,2021,4.812
ISR,SL.UEM.TOTL.ZS,2020,4.169
ISR,SL.UEM.TOTL.ZS,2019,3.731
ISR,SL.UEM.TOTL.ZS,2018,3.917
ISR,SL.UEM.TOTL.ZS,2017,4.14
ISR,SL.UEM.TOTL.ZS,2016,4.723
ISR,SL.UEM.TOTL.ZS,2015,5.176
ISR,SL.UEM.TOTL.ZS,2014,5.789
ISR,SL.UEM.TOTL.ZS,2013,6.137
ISR,SL.UEM.TOTL.ZS,2012,6.762
ISR,SL.UEM.TOTL.ZS,2011,7.139
ISR,SL.UEM.TOTL.ZS,2010,8.48
ISR,SL.UEM.TOTL.ZS,2009,9.534
ISR,SL.UEM.TOTL.ZS,2008,7.704
ISR,SL.UEM.TOTL.ZS,2007,9.379
ISR,SL.UEM.TOTL.ZS,2006,10.707
ISR,SL.UEM.TOTL.ZS,2005,11.342
ISR,SL.UEM.TOTL.ZS,2004,13.029
ISR,SL.UEM.TOTL.ZS,2003,13.505
ISR,SL.UEM.TOTL.ZS,2002,12.888
ISR,SL.UEM.TOTL.ZS,2001,11.812
ISR,SL.UEM.TOTL.ZS,2000,11.102
ISR,SL.UEM.TOTL.ZS,1999,11.183
ISR,SL.UEM.TOTL.ZS,1998,10.749
ISR,SL.UEM.TOTL.ZS,1997,9.751
ISR,SL.UEM.TOTL.ZS,1996,8.455
ISR,SL.UEM.TOTL.ZS,1995,8.782
ISR,SL.UEM.TOTL.ZS,1994,9.934
ISR,SL.UEM.TOTL.ZS,1993,12.741
ISR,SL.UEM.TOTL.ZS,1992,14.08
ISR,SL.UEM.TOTL.ZS,1991,13.387
ISR,SL.UEM.TOTL.ZS,1990,
ISR,SL.UEM.TOTL.ZS,1989,
ISR,SL.UEM.TOTL.ZS,1988,
ISR,SL.UEM.TOTL.ZS,1987,
ISR,SL.UEM.TOTL.ZS,1986,
ISR,SL.UEM.TOTL.ZS,1985,
ISR,SL.UEM.TOTL.ZS,1984,
ISR,SL.UEM.TOTL.ZS,1983,
ISR,SL.UEM.TOTL.ZS,1982,
ISR,SL.UEM.TOTL.ZS,1981,
ISR,SL.UEM.TOTL.ZS,1980,
ISR,SL.UEM.TOTL.ZS,1979,
ISR,SL.UEM.TOTL.ZS,1978,
ISR,SL.UEM.TOTL.ZS,1977,
ISR,SL.UEM.TOTL.ZS,1976,
ISR,SL.UEM.TOTL.ZS,1975,
ISR,SL.UEM.TOTL.ZS,1974,
ISR,SL.UEM.TOTL.ZS,1973,
ISR,SL.UEM.TOTL.ZS,1972,
ISR,SL.UEM.TOTL.ZS,1971,
ISR,SL.UEM.TOTL.ZS,1970,
ISR,SL.UEM.TOTL.ZS,1969,
ISR,SL.UEM.TOTL.ZS,1968,
ISR,SL.UEM.TOTL.ZS,1967,
ISR,SL.UEM.TOTL.ZS,1966,
ISR,SL.UEM.TOTL.ZS,1965,
ISR,SL.UEM.TOTL.ZS,1964,
ISR,SL.UEM.TOTL.ZS,1963,
ISR,SL.UEM.TOTL.ZS,1962,
ISR,SL.UEM.TOTL.ZS,1961,
ISR,SL.UEM.TOTL.ZS,1960,
ITA,SL.UEM.TOTL.ZS,2024,6.778
ITA,SL.UEM.TOTL.ZS,2023,7.627
ITA,SL.UEM.TOTL.ZS,2022,8.069
ITA,SL.UEM.TOTL.ZS,2021,9.497
ITA,SL.UEM.TOTL.ZS,2020,9.164
ITA,SL.UEM.TOTL.ZS,2019,9.951
ITA,SL.UEM.TOTL.ZS,2018,10.61
ITA,SL.UEM.TOTL.ZS,2017,11.211
ITA,SL.UEM.TOTL.ZS,2016,11.688
ITA,SL.UEM.TOTL.ZS,2015,11.896
ITA,SL.UEM.TOTL.ZS,2014,12.683
ITA,SL.UEM.TOTL.ZS,2013,12.149
ITA,SL.UEM.TOTL.ZS,2012,10.655
ITA,SL.UEM.TOTL.ZS,2011,8.359
ITA,SL.UEM.TOTL.ZS,2010,8.363
ITA,SL.UEM.TOTL.ZS,2009,7.749
ITA,SL.UEM.TOTL.ZS,2008,6.723
ITA,SL.UEM.TOTL.ZS,2007,6.076
ITA,SL.UEM.TOTL.ZS,2006,6.777
ITA,SL.UEM.TOTL.ZS,2005,7.73
ITA,SL.UEM.TOTL.ZS,2004,7.866
ITA,SL.UEM.TOTL.ZS,2003,8.869
ITA,SL.UEM.TOTL.ZS,2002,9.211
ITA,SL.UEM.TOTL.ZS,2001,9.599
ITA,SL.UEM.TOTL.ZS,2000,10.834
ITA,SL.UEM.TOTL.ZS,1999,11.681
ITA,SL.UEM.TOTL.ZS,1998,12.117
ITA,SL.UEM.TOTL.ZS,1997,11.985
ITA,SL.UEM.TOTL.ZS,1996,11.864
ITA,SL.UEM.TOTL.ZS,1995,11.661
ITA,SL.UEM.TOTL.ZS,1994,11.086
ITA,SL.UEM.TOTL.ZS,1993,10.212
ITA,SL.UEM.TOTL.ZS,1992,9.321
ITA,SL.UEM.TOTL.ZS,1991,10.097
ITA,SL.UEM.TOTL.ZS,1990,
ITA,SL.UEM.TOTL.ZS,1989,
ITA,SL.UEM.TOTL.ZS,1988,
ITA,SL.UEM.TOTL.ZS,1987,
ITA,SL.UEM.TOTL.ZS,1986,
ITA,SL.UEM.TOTL.ZS,1985,
ITA,SL.UEM.TOTL.ZS,1984,
ITA,SL.UEM.TOTL.ZS,1983,
ITA,SL.UEM.TOTL.ZS,1982,
ITA,SL.UEM.TOTL.ZS,1981,
ITA,SL.UEM.TOTL.ZS,1980,
ITA,SL.UEM.TOTL.ZS,1979,
ITA,SL.UEM.TOTL.ZS,1978,
ITA,SL.UEM.TOTL.ZS,1977,
ITA,SL.UEM.TOTL.ZS,1976,
ITA,SL.UEM.TOTL.ZS,1975,
ITA,SL.UEM.TOTL.ZS,1974,
ITA,SL.UEM.TOTL.ZS,1973,
ITA,SL.UEM.TOTL.ZS,1972,
ITA,SL.UEM.TOTL.ZS,1971,
ITA,SL.UEM.TOTL.ZS,1970,
ITA,SL.UEM.TOTL.ZS,1969,
ITA,SL.UEM.TOTL.ZS,1968,
ITA,SL.UEM.TOTL.ZS,1967,
ITA,SL.UEM.TOTL.ZS,1966,
ITA,SL.UEM.TOTL.ZS,1965,
ITA,SL.UEM.TOTL.ZS,1964,
ITA,SL.UEM.TOTL.ZS,1963,
ITA,SL.UEM.TOTL.ZS,1962,
ITA,SL.UEM.TOTL.ZS,1961,
ITA,SL.UEM.TOTL.ZS,1960,
JAM,SL.UEM.TOTL.ZS,2024,4.885
JAM,SL.UEM.TOTL.ZS,2023,4.4
JAM,SL.UEM.TOTL.ZS,2022,4.083
JAM,SL.UEM.TOTL.ZS,2021,5.188
JAM,SL.UEM.TOTL.ZS,2020,6.501
JAM,SL.UEM.TOTL.ZS,2019,4.987
JAM,SL.UEM.TOTL.ZS,2018,5.47
JAM,SL.UEM.TOTL.ZS,2017,7.399
JAM,SL.UEM.TOTL.ZS,2016,8.634
JAM,SL.UEM.TOTL.ZS,2015,8.825
JAM,SL.UEM.TOTL.ZS,2014,9.046
JAM,SL.UEM.TOTL.ZS,2013,9.698
JAM,SL.UEM.TOTL.ZS,2012,8.695
JAM,SL.UEM.TOTL.ZS,2011,8.034
JAM,SL.UEM.TOTL.ZS,2010,7.63
JAM,SL.UEM.TOTL.ZS,2009,7.314
JAM,SL.UEM.TOTL.ZS,2008,6.666
JAM,SL.UEM.TOTL.ZS,2007,6.606
JAM,SL.UEM.TOTL.ZS,2006,6.605
JAM,SL.UEM.TOTL.ZS,2005,6.577
JAM,SL.UEM.TOTL.ZS,2004,6.539
JAM,SL.UEM.TOTL.ZS,2003,6.535
JAM,SL.UEM.TOTL.ZS,2002,6.619
JAM,SL.UEM.TOTL.ZS,2001,6.646
JAM,SL.UEM.TOTL.ZS,2000,6.762
JAM,SL.UEM.TOTL.ZS,1999,6.825
JAM,SL.UEM.TOTL.ZS,1998,6.86
JAM,SL.UEM.TOTL.ZS,1997,6.703
JAM,SL.UEM.TOTL.ZS,1996,6.62
JAM,SL.UEM.TOTL.ZS,1995,6.327
JAM,SL.UEM.TOTL.ZS,1994,6.338
JAM,SL.UEM.TOTL.ZS,1993,6.236
JAM,SL.UEM.TOTL.ZS,1992,6.389
JAM,SL.UEM.TOTL.ZS,1991,6.235
JAM,SL.UEM.TOTL.ZS,1990,
JAM,SL.UEM.TOTL.ZS,1989,
JAM,SL.UEM.TOTL.ZS,1988,
JAM,SL.UEM.TOTL.ZS,1987,
JAM,SL.UEM.TOTL.ZS,1986,
JAM,SL.UEM.TOTL.ZS,1985,
JAM,SL.UEM.TOTL.ZS,1984,
JAM,SL.UEM.TOTL.ZS,1983,
JAM,SL.UEM.TOTL.ZS,1982,
JAM,SL.UEM.TOTL.ZS,1981,
JAM,SL.UEM.TOTL.ZS,1980,
JAM,SL.UEM.TOTL.ZS,1979,
JAM,SL.UEM.TOTL.ZS,1978,
JAM,SL.UEM.TOTL.ZS,1977,
JAM,SL.UEM.TOTL.ZS,1976,
JAM,SL.UEM.TOTL.ZS,1975,
JAM,SL.UEM.TOTL.ZS,1974,
JAM,SL.UEM.TOTL.ZS,1973,
JAM,SL.UEM.TOTL.ZS,1972,
JAM,SL.UEM.TOTL.ZS,1971,
JAM,SL.UEM.TOTL.ZS,1970,
JAM,SL.UEM.TOTL.ZS,1969,
JAM,SL.UEM.TOTL.ZS,1968,
JAM,SL.UEM.TOTL.ZS,1967,
JAM,SL.UEM.TOTL.ZS,1966,
JAM,SL.UEM.TOTL.ZS,1965,
JAM,SL.UEM.TOTL.ZS,1964,
JAM,SL.UEM.TOTL.ZS,1963,
JAM,SL.UEM.TOTL.ZS,1962,
JAM,SL.UEM.TOTL.ZS,1961,
JAM,SL.UEM.TOTL.ZS,1960,
JPN,SL.UEM.TOTL.ZS,2024,2.563
JPN,SL.UEM.TOTL.ZS,2023,2.6
JPN,SL.UEM.TOTL.ZS,2022,2.6
JPN,SL.UEM.TOTL.ZS,2021,2.828
JPN,SL.UEM.TOTL.ZS,2020,2.809
JPN,SL.UEM.TOTL.ZS,2019,2.351
JPN,SL.UEM.TOTL.ZS,2018,2.467
JPN,SL.UEM.TOTL.ZS,2017,2.822
JPN,SL.UEM.TOTL.ZS,2016,3.132
JPN,SL.UEM.TOTL.ZS,2015,3.385
JPN,SL.UEM.TOTL.ZS,2014,3.589
JPN,SL.UEM.TOTL.ZS,2013,4.038
JPN,SL.UEM.TOTL.ZS,2012,4.358
JPN,SL.UEM.TOTL.ZS,2011,4.55
JPN,SL.UEM.TOTL.ZS,2010,5.102
JPN,SL.UEM.TOTL.ZS,2009,5.068
JPN,SL.UEM.TOTL.ZS,2008,4.002
JPN,SL.UEM.TOTL.ZS,2007,3.888
JPN,SL.UEM.TOTL.ZS,2006,4.192
JPN,SL.UEM.TOTL.ZS,2005,4.446
JPN,SL.UEM.TOTL.ZS,2004,4.734
JPN,SL.UEM.TOTL.ZS,2003,5.251
JPN,SL.UEM.TOTL.ZS,2002,5.386
JPN,SL.UEM.TOTL.ZS,2001,5.02
JPN,SL.UEM.TOTL.ZS,2000,4.748
JPN,SL.UEM.TOTL.ZS,1999,4.677
JPN,SL.UEM.TOTL.ZS,1998,4.078
JPN,SL.UEM.TOTL.ZS,1997,3.374
JPN,SL.UEM.TOTL.ZS,1996,3.383
JPN,SL.UEM.TOTL.ZS,1995,3.15
JPN,SL.UEM.TOTL.ZS,1994,2.89
JPN,SL.UEM.TOTL.ZS,1993,2.539
JPN,SL.UEM.TOTL.ZS,1992,2.158
JPN,SL.UEM.TOTL.ZS,1991,2.059
JPN,SL.UEM.TOTL.ZS,1990,
JPN,SL.UEM.TOTL.ZS,1989,
JPN,SL.UEM.TOTL.ZS,1988,
JPN,SL.UEM.TOTL.ZS,1987,
JPN,SL.UEM.TOTL.ZS,1986,
JPN,SL.UEM.TOTL.ZS,1985,
JPN,SL.UEM.TOTL.ZS,1984,
JPN,SL.UEM.TOTL.ZS,1983,
JPN,SL.UEM.TOTL.ZS,1982,
JPN,SL.UEM.TOTL.ZS,1981,
JPN,SL.UEM.TOTL.ZS,1980,
JPN,SL.UEM.TOTL.ZS,1979,
JPN,SL.UEM.TOTL.ZS,1978,
JPN,SL.UEM.TOTL.ZS,1977,
JPN,SL.UEM.TOTL.ZS,1976,
JPN,SL.UEM.TOTL.ZS,1975,
JPN,SL.UEM.TOTL.ZS,1974,
JPN,SL.UEM.TOTL.ZS,1973,
JPN,SL.UEM.TOTL.ZS,1972,
JPN,SL.UEM.TOTL.ZS,1971,
JPN,SL.UEM.TOTL.ZS,1970,
JPN,SL.UEM.TOTL.ZS,1969,
JPN,SL.UEM.TOTL.ZS,1968,
JPN,SL.UEM.TOTL.ZS,1967,
JPN,SL.UEM.TOTL.ZS,1966,
JPN,SL.UEM.TOTL.ZS,1965,
JPN,SL.UEM.TOTL.ZS,1964,
JPN,SL.UEM.TOTL.ZS,1963,
JPN,SL.UEM.TOTL.ZS,1962,
JPN,SL.UEM.TOTL.ZS,1961,
JPN,SL.UEM.TOTL.ZS,1960,
JOR,SL.UEM.TOTL.ZS,2024,17.996
JOR,SL.UEM.TOTL.ZS,2023,17.969
JOR,SL.UEM.TOTL.ZS,2022,18.2
JOR,SL.UEM.TOTL.ZS,2021,19.837
JOR,SL.UEM.TOTL.ZS,2020,19.213
JOR,SL.UEM.TOTL.ZS,2019,16.801
JOR,SL.UEM.TOTL.ZS,2018,18.257
JOR,SL.UEM.TOTL.ZS,2017,18.12
JOR,SL.UEM.TOTL.ZS,2016,15.275
JOR,SL.UEM.TOTL.ZS,2015,13.075
JOR,SL.UEM.TOTL.ZS,2014,11.9
JOR,SL.UEM.TOTL.ZS,2013,12.6
JOR,SL.UEM.TOTL.ZS,2012,12.2
JOR,SL.UEM.TOTL.ZS,2011,12.9
JOR,SL.UEM.TOTL.ZS,2010,12.5
JOR,SL.UEM.TOTL.ZS,2009,12.9
JOR,SL.UEM.TOTL.ZS,2008,12.7
JOR,SL.UEM.TOTL.ZS,2007,13.1
JOR,SL.UEM.TOTL.ZS,2006,14.0
JOR,SL.UEM.TOTL.ZS,2005,14.8
JOR,SL.UEM.TOTL.ZS,2004,14.628
JOR,SL.UEM.TOTL.ZS,2003,14.5
JOR,SL.UEM.TOTL.ZS,2002,15.3
JOR,SL.UEM.TOTL.ZS,2001,14.7
JOR,SL.UEM.TOTL.ZS,2000,13.7
JOR,SL.UEM.TOTL.ZS,1999,13.761
JOR,SL.UEM.TOTL.ZS,1998,13.838
JOR,SL.UEM.TOTL.ZS,1997,13.739
JOR,SL.UEM.TOTL.ZS,1996,13.7
JOR,SL.UEM.TOTL.ZS,1995,14.6
JOR,SL.UEM.TOTL.ZS,1994,16.899
JOR,SL.UEM.TOTL.ZS,1993,19.7
JOR,SL.UEM.TOTL.ZS,1992,19.945
JOR,SL.UEM.TOTL.ZS,1991,21.406
JOR,SL.UEM.TOTL.ZS,1990,
JOR,SL.UEM.TOTL.ZS,1989,
JOR,SL.UEM.TOTL.ZS,1988,
JOR,SL.UEM.TOTL.ZS,1987,
JOR,SL.UEM.TOTL.ZS,1986,
JOR,SL.UEM.TOTL.ZS,1985,
JOR,SL.UEM.TOTL.ZS,1984,
JOR,SL.UEM.TOTL.ZS,1983,
JOR,SL.UEM.TOTL.ZS,1982,
JOR,SL.UEM.TOTL.ZS,1981,
JOR,SL.UEM.TOTL.ZS,1980,
JOR,SL.UEM.TOTL.ZS,1979,
JOR,SL.UEM.TOTL.ZS,1978,
JOR,SL.UEM.TOTL.ZS,1977,
JOR,SL.UEM.TOTL.ZS,1976,
JOR,SL.UEM.TOTL.ZS,1975,
JOR,SL.UEM.TOTL.ZS,1974,
JOR,SL.UEM.TOTL.ZS,1973,
JOR,SL.UEM.TOTL.ZS,1972,
JOR,SL.UEM.TOTL.ZS,1971,
JOR,SL.UEM.TOTL.ZS,1970,
JOR,SL.UEM.TOTL.ZS,1969,
JOR,SL.UEM.TOTL.ZS,1968,
JOR,SL.UEM.TOTL.ZS,1967,
JOR,SL.UEM.TOTL.ZS,1966,
JOR,SL.UEM.TOTL.ZS,1965,
JOR,SL.UEM.TOTL.ZS,1964,
JOR,SL.UEM.TOTL.ZS,1963,
JOR,SL.UEM.TOTL.ZS,1962,
JOR,SL.UEM.TOTL.ZS,1961,
JOR,SL.UEM.TOTL.ZS,1960,
KAZ,SL.UEM.TOTL.ZS,2024,4.794
KAZ,SL.UEM.TOTL.ZS,2023,4.821
KAZ,SL.UEM.TOTL.ZS,2022,4.86
KAZ,SL.UEM.TOTL.ZS,2021,5.546
KAZ,SL.UEM.TOTL.ZS,2020,4.89
KAZ,SL.UEM.TOTL.ZS,2019,4.8
KAZ,SL.UEM.TOTL.ZS,2018,4.85
KAZ,SL.UEM.TOTL.ZS,2017,4.9
KAZ,SL.UEM.TOTL.ZS,2016,4.96
KAZ,SL.UEM.TOTL.ZS,2015,4.93
KAZ,SL.UEM.TOTL.ZS,2014,5.06
KAZ,SL.UEM.TOTL.ZS,2013,5.2
KAZ,SL.UEM.TOTL.ZS,2012,5.29
KAZ,SL.UEM.TOTL.ZS,2011,5.39
KAZ,SL.UEM.TOTL.ZS,2010,5.77
KAZ,SL.UEM.TOTL.ZS,2009,6.55
KAZ,SL.UEM.TOTL.ZS,2008,6.63
KAZ,SL.UEM.TOTL.ZS,2007,7.26
KAZ,SL.UEM.TOTL.ZS,2006,7.79
KAZ,SL.UEM.TOTL.ZS,2005,8.13
KAZ,SL.UEM.TOTL.ZS,2004,8.4
KAZ,SL.UEM.TOTL.ZS,2003,8.78
KAZ,SL.UEM.TOTL.ZS,2002,9.33
KAZ,SL.UEM.TOTL.ZS,2001,10.43
KAZ,SL.UEM.TOTL.ZS,2000,12.75
KAZ,SL.UEM.TOTL.ZS,1999,13.46
KAZ,SL.UEM.TOTL.ZS,1998,13.13
KAZ,SL.UEM.TOTL.ZS,1997,13.01
KAZ,SL.UEM.TOTL.ZS,1996,12.96
KAZ,SL.UEM.TOTL.ZS,1995,10.98
KAZ,SL.UEM.TOTL.ZS,1994,7.54
KAZ,SL.UEM.TOTL.ZS,1993,1.11
KAZ,SL.UEM.TOTL.ZS,1992,1.0
KAZ,SL.UEM.TOTL.ZS,1991,0.9
KAZ,SL.UEM.TOTL.ZS,1990,
KAZ,SL.UEM.TOTL.ZS,1989,
KAZ,SL.UEM.TOTL.ZS,1988,
KAZ,SL.UEM.TOTL.ZS,1987,
KAZ,SL.UEM.TOTL.ZS,1986,
KAZ,SL.UEM.TOTL.ZS,1985,
KAZ,SL.UEM.TOTL.ZS,1984,
KAZ,SL.UEM.TOTL.ZS,1983,
KAZ,SL.UEM.TOTL.ZS,1982,
KAZ,SL.UEM.TOTL.ZS,1981,
KAZ,SL.UEM.TOTL.ZS,1980,
KAZ,SL.UEM.TOTL.ZS,1979,
KAZ,SL.UEM.TOTL.ZS,1978,
KAZ,SL.UEM.TOTL.ZS,1977,
KAZ,SL.UEM.TOTL.ZS,1976,
KAZ,SL.UEM.TOTL.ZS,1975,
KAZ,SL.UEM.TOTL.ZS,1974,
KAZ,SL.UEM.TOTL.ZS,1973,
KAZ,SL.UEM.TOTL.ZS,1972,
KAZ,SL.UEM.TOTL.ZS,1971,
KAZ,SL.UEM.TOTL.ZS,1970,
KAZ,SL.UEM.TOTL.ZS,1969,
KAZ,SL.UEM.TOTL.ZS,1968,
KAZ,SL.UEM.TOTL.ZS,1967,
KAZ,SL.UEM.TOTL.ZS,1966,
KAZ,SL.UEM.TOTL.ZS,1965,
KAZ,SL.UEM.TOTL.ZS,1964,
KAZ,SL.UEM.TOTL.ZS,1963,
KAZ,SL.UEM.TOTL.ZS,1962,
KAZ,SL.UEM.TOTL.ZS,1961,
KAZ,SL.UEM.TOTL.ZS,1960,
KEN,SL.UEM.TOTL.ZS,2024,5.434
KEN,SL.UEM.TOTL.ZS,2023,5.567
KEN,SL.UEM.TOTL.ZS,2022,5.707
KEN,SL.UEM.TOTL.ZS,2021,5.693
KEN,SL.UEM.TOTL.ZS,2020,5.619
KEN,SL.UEM.TOTL.ZS,2019,5.014
KEN,SL.UEM.TOTL.ZS,2018,4.284
KEN,SL.UEM.TOTL.ZS,2017,3.541
KEN,SL.UEM.TOTL.ZS,2016,2.757
KEN,SL.UEM.TOTL.ZS,2015,2.762
KEN,SL.UEM.TOTL.ZS,2014,2.768
KEN,SL.UEM.TOTL.ZS,2013,2.764
KEN,SL.UEM.TOTL.ZS,2012,2.682
KEN,SL.UEM.TOTL.ZS,2011,2.704
KEN,SL.UEM.TOTL.ZS,2010,2.796
KEN,SL.UEM.TOTL.ZS,2009,2.818
KEN,SL.UEM.TOTL.ZS,2008,2.756
KEN,SL.UEM.TOTL.ZS,2007,2.65
KEN,SL.UEM.TOTL.ZS,2006,2.68
KEN,SL.UEM.TOTL.ZS,2005,2.745
KEN,SL.UEM.TOTL.ZS,2004,2.848
KEN,SL.UEM.TOTL.ZS,2003,2.873
KEN,SL.UEM.TOTL.ZS,2002,2.919
KEN,SL.UEM.TOTL.ZS,2001,2.881
KEN,SL.UEM.TOTL.ZS,2000,2.889
KEN,SL.UEM.TOTL.ZS,1999,2.89
KEN,SL.UEM.TOTL.ZS,1998,2.85
KEN,SL.UEM.TOTL.ZS,1997,2.827
KEN,SL.UEM.TOTL.ZS,1996,2.783
KEN,SL.UEM.TOTL.ZS,1995,2.856
KEN,SL.UEM.TOTL.ZS,1994,2.962
KEN,SL.UEM.TOTL.ZS,1993,2.985
KEN,SL.UEM.TOTL.ZS,1992,2.903
KEN,SL.UEM.TOTL.ZS,1991,2.792
KEN,SL.UEM.TOTL.ZS,1990,
KEN,SL.UEM.TOTL.ZS,1989,
KEN,SL.UEM.TOTL.ZS,1988,
KEN,SL.UEM.TOTL.ZS,1987,
KEN,SL.UEM.TOTL.ZS,1986,
KEN,SL.UEM.TOTL.ZS,1985,
KEN,SL.UEM.TOTL.ZS,1984,
KEN,SL.UEM.TOTL.ZS,1983,
KEN,SL.UEM.TOTL.ZS,1982,
KEN,SL.UEM.TOTL.ZS,1981,
KEN,SL.UEM.TOTL.ZS,1980,
KEN,SL.UEM.TOTL.ZS,1979,
KEN,SL.UEM.TOTL.ZS,1978,
KEN,SL.UEM.TOTL.ZS,1977,
KEN,SL.UEM.TOTL.ZS,1976,
KEN,SL.UEM.TOTL.ZS,1975,
KEN,SL.UEM.TOTL.ZS,1974,
KEN,SL.UEM.TOTL.ZS,1973,
KEN,SL.UEM.TOTL.ZS,1972,
KEN,SL.UEM.TOTL.ZS,1971,
KEN,SL.UEM.TOTL.ZS,1970,
KEN,SL.UEM.TOTL.ZS,1969,
KEN,SL.UEM.TOTL.ZS,1968,
KEN,SL.UEM.TOTL.ZS,1967,
KEN,SL.UEM.TOTL.ZS,1966,
KEN,SL.UEM.TOTL.ZS,1965,
KEN,SL.UEM.TOTL.ZS,1964,
KEN,SL.UEM.TOTL.ZS,1963,
KEN,SL.UEM.TOTL.ZS,1962,
KEN,SL.UEM.TOTL.ZS,1961,
KEN,SL.UEM.TOTL.ZS,1960,
KIR,SL.UEM.TOTL.ZS,2024,
KIR,SL.UEM.TOTL.ZS,2023,
KIR,SL.UEM.TOTL.ZS,2022,
KIR,SL.UEM.TOTL.ZS,2021,
KIR,SL.UEM.TOTL.ZS,2020,
KIR,SL.UEM.TOTL.ZS,2019,
KIR,SL.UEM.TOTL.ZS,2018,
KIR,SL.UEM.TOTL.ZS,2017,
KIR,SL.UEM.TOTL.ZS,2016,
KIR,SL.UEM.TOTL.ZS,2015,
KIR,SL.UEM.TOTL.ZS,2014,
KIR,SL.UEM.TOTL.ZS,2013,
KIR,SL.UEM.TOTL.ZS,2012,
KIR,SL.UEM.TOTL.ZS,2011,
KIR,SL.UEM.TOTL.ZS,2010,
KIR,SL.UEM.TOTL.ZS,2009,
KIR,SL.UEM.TOTL.ZS,2008,
KIR,SL.UEM.TOTL.ZS,2007,
KIR,SL.UEM.TOTL.ZS,2006,
KIR,SL.UEM.TOTL.ZS,2005,
KIR,SL.UEM.TOTL.ZS,2004,
KIR,SL.UEM.TOTL.ZS,2003,
KIR,SL.UEM.TOTL.ZS,2002,
KIR,SL.UEM.TOTL.ZS,2001,
KIR,SL.UEM.TOTL.ZS,2000,
KIR,SL.UEM.TOTL.ZS,1999,
KIR,SL.UEM.TOTL.ZS,1998,
KIR,SL.UEM.TOTL.ZS,1997,
KIR,SL.UEM.TOTL.ZS,1996,
KIR,SL.UEM.TOTL.ZS,1995,
KIR,SL.UEM.TOTL.ZS,1994,
KIR,SL.UEM.TOTL.ZS,1993,
KIR,SL.UEM.TOTL.ZS,1992,
KIR,SL.UEM.TOTL.ZS,1991,
KIR,SL.UEM.TOTL.ZS,1990,
KIR,SL.UEM.TOTL.ZS,1989,
KIR,SL.UEM.TOTL.ZS,1988,
KIR,SL.UEM.TOTL.ZS,1987,
KIR,SL.UEM.TOTL.ZS,1986,
KIR,SL.UEM.TOTL.ZS,1985,
KIR,SL.UEM.TOTL.ZS,1984,
KIR,SL.UEM.TOTL.ZS,1983,
KIR,SL.UEM.TOTL.ZS,1982,
KIR,SL.UEM.TOTL.ZS,1981,
KIR,SL.UEM.TOTL.ZS,1980,
KIR,SL.UEM.TOTL.ZS,1979,
KIR,SL.UEM.TOTL.ZS,1978,
KIR,SL.UEM.TOTL.ZS,1977,
KIR,SL.UEM.TOTL.ZS,1976,
KIR,SL.UEM.TOTL.ZS,1975,
KIR,SL.UEM.TOTL.ZS,1974,
KIR,SL.UEM.TOTL.ZS,1973,
KIR,SL.UEM.TOTL.ZS,1972,
KIR,SL.UEM.TOTL.ZS,1971,
KIR,SL.UEM.TOTL.ZS,1970,
KIR,SL.UEM.TOTL.ZS,1969,
KIR,SL.UEM.TOTL.ZS,1968,
KIR,SL.UEM.TOTL.ZS,1967,
KIR,SL.UEM.TOTL.ZS,1966,
KIR,SL.UEM.TOTL.ZS,1965,
KIR,SL.UEM.TOTL.ZS,1964,
KIR,SL.UEM.TOTL.ZS,1963,
KIR,SL.UEM.TOTL.ZS,1962,
KIR,SL.UEM.TOTL.ZS,1961,
KIR,SL.UEM.TOTL.ZS,1960,
PRK,SL.UEM.TOTL.ZS,2024,2.859
PRK,SL.UEM.TOTL.ZS,2023,2.831
PRK,SL.UEM.TOTL.ZS,2022,2.805
PRK,SL.UEM.TOTL.ZS,2021,3.0
PRK,SL.UEM.TOTL.ZS,2020,2.948
PRK,SL.UEM.TOTL.ZS,2019,2.782
PRK,SL.UEM.TOTL.ZS,2018,2.757
PRK,SL.UEM.TOTL.ZS,2017,2.846
PRK,SL.UEM.TOTL.ZS,2016,2.931
PRK,SL.UEM.TOTL.ZS,2015,2.896
PRK,SL.UEM.TOTL.ZS,2014,2.883
PRK,SL.UEM.TOTL.ZS,2013,2.928
PRK,SL.UEM.TOTL.ZS,2012,2.916
PRK,SL.UEM.TOTL.ZS,2011,2.894
PRK,SL.UEM.TOTL.ZS,2010,2.81
PRK,SL.UEM.TOTL.ZS,2009,2.871
PRK,SL.UEM.TOTL.ZS,2008,2.873
PRK,SL.UEM.TOTL.ZS,2007,2.936
PRK,SL.UEM.TOTL.ZS,2006,2.944
PRK,SL.UEM.TOTL.ZS,2005,2.972
PRK,SL.UEM.TOTL.ZS,2004,3.016
PRK,SL.UEM.TOTL.ZS,2003,3.059
PRK,SL.UEM.TOTL.ZS,2002,3.043
PRK,SL.UEM.TOTL.ZS,2001,3.07
PRK,SL.UEM.TOTL.ZS,2000,3.05
PRK,SL.UEM.TOTL.ZS,1999,3.059
PRK,SL.UEM.TOTL.ZS,1998,2.871
PRK,SL.UEM.TOTL.ZS,1997,2.68
PRK,SL.UEM.TOTL.ZS,1996,2.592
PRK,SL.UEM.TOTL.ZS,1995,2.557
PRK,SL.UEM.TOTL.ZS,1994,2.538
PRK,SL.UEM.TOTL.ZS,1993,2.433
PRK,SL.UEM.TOTL.ZS,1992,2.333
PRK,SL.UEM.TOTL.ZS,1991,2.3
PRK,SL.UEM.TOTL.ZS,1990,
PRK,SL.UEM.TOTL.ZS,1989,
PRK,SL.UEM.TOTL.ZS,1988,
PRK,SL.UEM.TOTL.ZS,1987,
PRK,SL.UEM.TOTL.ZS,1986,
PRK,SL.UEM.TOTL.ZS,1985,
PRK,SL.UEM.TOTL.ZS,1984,
PRK,SL.UEM.TOTL.ZS,1983,
PRK,SL.UEM.TOTL.ZS,1982,
PRK,SL.UEM.TOTL.ZS,1981,
PRK,SL.UEM.TOTL.ZS,1980,
PRK,SL.UEM.TOTL.ZS,1979,
PRK,SL.UEM.TOTL.ZS,1978,
PRK,SL.UEM.TOTL.ZS,1977,
PRK,SL.UEM.TOTL.ZS,1976,
PRK,SL.UEM.TOTL.ZS,1975,
PRK,SL.UEM.TOTL.ZS,1974,
PRK,SL.UEM.TOTL.ZS,1973,
PRK,SL.UEM.TOTL.ZS,1972,
PRK,SL.UEM.TOTL.ZS,1971,
PRK,SL.UEM.TOTL.ZS,1970,
PRK,SL.UEM.TOTL.ZS,1969,
PRK,SL.UEM.TOTL.ZS,1968,
PRK,SL.UEM.TOTL.ZS,1967,
PRK,SL.UEM.TOTL.ZS,1966,
PRK,SL.UEM.TOTL.ZS,1965,
PRK,SL.UEM.TOTL.ZS,1964,
PRK,SL.UEM.TOTL.ZS,1963,
PRK,SL.UEM.TOTL.ZS,1962,
PRK,SL.UEM.TOTL.ZS,1961,
PRK,SL.UEM.TOTL.ZS,1960,
KOR,SL.UEM.TOTL.ZS,2024,2.604
KOR,SL.UEM.TOTL.ZS,2023,2.675
KOR,SL.UEM.TOTL.ZS,2022,2.857
KOR,SL.UEM.TOTL.ZS,2021,3.639
KOR,SL.UEM.TOTL.ZS,2020,3.931
KOR,SL.UEM.TOTL.ZS,2019,3.746
KOR,SL.UEM.TOTL.ZS,2018,3.824
KOR,SL.UEM.TOTL.ZS,2017,3.653
KOR,SL.UEM.TOTL.ZS,2016,3.65
KOR,SL.UEM.TOTL.ZS,2015,3.546
KOR,SL.UEM.TOTL.ZS,2014,3.082
KOR,SL.UEM.TOTL.ZS,2013,2.747
KOR,SL.UEM.TOTL.ZS,2012,2.812
KOR,SL.UEM.TOTL.ZS,2011,2.992
KOR,SL.UEM.TOTL.ZS,2010,3.324
KOR,SL.UEM.TOTL.ZS,2009,3.363
KOR,SL.UEM.TOTL.ZS,2008,2.959
KOR,SL.UEM.TOTL.ZS,2007,3.013
KOR,SL.UEM.TOTL.ZS,2006,3.254
KOR,SL.UEM.TOTL.ZS,2005,3.482
KOR,SL.UEM.TOTL.ZS,2004,3.42
KOR,SL.UEM.TOTL.ZS,2003,3.348
KOR,SL.UEM.TOTL.ZS,2002,3.046
KOR,SL.UEM.TOTL.ZS,2001,3.699
KOR,SL.UEM.TOTL.ZS,2000,4.063
KOR,SL.UEM.TOTL.ZS,1999,6.342
KOR,SL.UEM.TOTL.ZS,1998,6.963
KOR,SL.UEM.TOTL.ZS,1997,2.608
KOR,SL.UEM.TOTL.ZS,1996,2.048
KOR,SL.UEM.TOTL.ZS,1995,2.063
KOR,SL.UEM.TOTL.ZS,1994,2.476
KOR,SL.UEM.TOTL.ZS,1993,2.878
KOR,SL.UEM.TOTL.ZS,1992,2.513
KOR,SL.UEM.TOTL.ZS,1991,2.407
KOR,SL.UEM.TOTL.ZS,1990,
KOR,SL.UEM.TOTL.ZS,1989,
KOR,SL.UEM.TOTL.ZS,1988,
KOR,SL.UEM.TOTL.ZS,1987,
KOR,SL.UEM.TOTL.ZS,1986,
KOR,SL.UEM.TOTL.ZS,1985,
KOR,SL.UEM.TOTL.ZS,1984,
KOR,SL.UEM.TOTL.ZS,1983,
KOR,SL.UEM.TOTL.ZS,1982,
KOR,SL.UEM.TOTL.ZS,1981,
KOR,SL.UEM.TOTL.ZS,1980,
KOR,SL.UEM.TOTL.ZS,1979,
KOR,SL.UEM.TOTL.ZS,1978,
KOR,SL.UEM.TOTL.ZS,1977,
KOR,SL.UEM.TOTL.ZS,1976,
KOR,SL.UEM.TOTL.ZS,1975,
KOR,SL.UEM.TOTL.ZS,1974,
KOR,SL.UEM.TOTL.ZS,1973,
KOR,SL.UEM.TOTL.ZS,1972,
KOR,SL.UEM.TOTL.ZS,1971,
KOR,SL.UEM.TOTL.ZS,1970,
KOR,SL.UEM.TOTL.ZS,1969,
KOR,SL.UEM.TOTL.ZS,1968,
KOR,SL.UEM.TOTL.ZS,1967,
KOR,SL.UEM.TOTL.ZS,1966,
KOR,SL.UEM.TOTL.ZS,1965,
KOR,SL.UEM.TOTL.ZS,1964,
KOR,SL.UEM.TOTL.ZS,1963,
KOR,SL.UEM.TOTL.ZS,1962,
KOR,SL.UEM.TOTL.ZS,1961,
KOR,SL.UEM.TOTL.ZS,1960,
XKX,SL.UEM.TOTL.ZS,2024,
XKX,SL.UEM.TOTL.ZS,2023,
XKX,SL.UEM.TOTL.ZS,2022,
XKX,SL.UEM.TOTL.ZS,2021,
XKX,SL.UEM.TOTL.ZS,2020,
XKX,SL.UEM.TOTL.ZS,2019,
XKX,SL.UEM.TOTL.ZS,2018,
XKX,SL.UEM.TOTL.ZS,2017,
XKX,SL.UEM.TOTL.ZS,2016,
XKX,SL.UEM.TOTL.ZS,2015,
XKX,SL.UEM.TOTL.ZS,2014,
XKX,SL.UEM.TOTL.ZS,2013,
XKX,SL.UEM.TOTL.ZS,2012,
XKX,SL.UEM.TOTL.ZS,2011,
XKX,SL.UEM.TOTL.ZS,2010,
XKX,SL.UEM.TOTL.ZS,2009,
XKX,SL.UEM.TOTL.ZS,2008,
XKX,SL.UEM.TOTL.ZS,2007,
XKX,SL.UEM.TOTL.ZS,2006,
XKX,SL.UEM.TOTL.ZS,2005,
XKX,SL.UEM.TOTL.ZS,2004,
XKX,SL.UEM.TOTL.ZS,2003,
XKX,SL.UEM.TOTL.ZS,2002,
XKX,SL.UEM.TOTL.ZS,2001,
XKX,SL.UEM.TOTL.ZS,2000,
XKX,SL.UEM.TOTL.ZS,1999,
XKX,SL.UEM.TOTL.ZS,1998,
XKX,SL.UEM.TOTL.ZS,1997,
XKX,SL.UEM.TOTL.ZS,1996,
XKX,SL.UEM.TOTL.ZS,1995,
XKX,SL.UEM.TOTL.ZS,1994,
XKX,SL.UEM.TOTL.ZS,1993,
XKX,SL.UEM.TOTL.ZS,1992,
XKX,SL.UEM.TOTL.ZS,1991,
XKX,SL.UEM.TOTL.ZS,1990,
XKX,SL.UEM.TOTL.ZS,1989,
XKX,SL.UEM.TOTL.ZS,1988,
XKX,SL.UEM.TOTL.ZS,1987,
XKX,SL.UEM.TOTL.ZS,1986,
XKX,SL.UEM.TOTL.ZS,1985,
XKX,SL.UEM.TOTL.ZS,1984,
XKX,SL.UEM.TOTL.ZS,1983,
XKX,SL.UEM.TOTL.ZS,1982,
XKX,SL.UEM.TOTL.ZS,1981,
XKX,SL.UEM.TOTL.ZS,1980,
XKX,SL.UEM.TOTL.ZS,1979,
XKX,SL.UEM.TOTL.ZS,1978,
XKX,SL.UEM.TOTL.ZS,1977,
XKX,SL.UEM.TOTL.ZS,1976,
XKX,SL.UEM.TOTL.ZS,1975,
XKX,SL.UEM.TOTL.ZS,1974,
XKX,SL.UEM.TOTL.ZS,1973,
XKX,SL.UEM.TOTL.ZS,1972,
XKX,SL.UEM.TOTL.ZS,1971,
XKX,SL.UEM.TOTL.ZS,1970,
XKX,SL.UEM.TOTL.ZS,1969,
XKX,SL.UEM.TOTL.ZS,1968,
XKX,SL.UEM.TOTL.ZS,1967,
XKX,SL.UEM.TOTL.ZS,1966,
XKX,SL.UEM.TOTL.ZS,1965,
XKX,SL.UEM.TOTL.ZS,1964,
XKX,SL.UEM.TOTL.ZS,1963,
XKX,SL.UEM.TOTL.ZS,1962,
XKX,SL.UEM.TOTL.ZS,1961,
XKX,SL.UEM.TOTL.ZS,1960,
KWT,SL.UEM.TOTL.ZS,2024,2.144
KWT,SL.UEM.TOTL.ZS,2023,2.127
KWT,SL.UEM.TOTL.ZS,2022,2.174
KWT,SL.UEM.TOTL.ZS,2021,3.002
KWT,SL.UEM.TOTL.ZS,2020,3.557
KWT,SL.UEM.TOTL.ZS,2019,2.251
KWT,SL.UEM.TOTL.ZS,2018,2.204
KWT,SL.UEM.TOTL.ZS,2017,2.227
KWT,SL.UEM.TOTL.ZS,2016,2.16
KWT,SL.UEM.TOTL.ZS,2015,2.2
KWT,SL.UEM.TOTL.ZS,2014,2.9
KWT,SL.UEM.TOTL.ZS,2013,2.471
KWT,SL.UEM.TOTL.ZS,2012,2.231
KWT,SL.UEM.TOTL.ZS,2011,2.053
KWT,SL.UEM.TOTL.ZS,2010,1.82
KWT,SL.UEM.TOTL.ZS,2009,1.64
KWT,SL.UEM.TOTL.ZS,2008,1.75
KWT,SL.UEM.TOTL.ZS,2007,1.5
KWT,SL.UEM.TOTL.ZS,2006,1.3
KWT,SL.UEM.TOTL.ZS,2005,1.456
KWT,SL.UEM.TOTL.ZS,2004,1.7
KWT,SL.UEM.TOTL.ZS,2003,1.3
KWT,SL.UEM.TOTL.ZS,2002,1.1
KWT,SL.UEM.TOTL.ZS,2001,0.8
KWT,SL.UEM.TOTL.ZS,2000,0.8
KWT,SL.UEM.TOTL.ZS,1999,0.7
KWT,SL.UEM.TOTL.ZS,1998,0.7
KWT,SL.UEM.TOTL.ZS,1997,0.7
KWT,SL.UEM.TOTL.ZS,1996,0.7
KWT,SL.UEM.TOTL.ZS,1995,0.694
KWT,SL.UEM.TOTL.ZS,1994,0.7
KWT,SL.UEM.TOTL.ZS,1993,0.8
KWT,SL.UEM.TOTL.ZS,1992,0.875
KWT,SL.UEM.TOTL.ZS,1991,0.881
KWT,SL.UEM.TOTL.ZS,1990,
KWT,SL.UEM.TOTL.ZS,1989,
KWT,SL.UEM.TOTL.ZS,1988,
KWT,SL.UEM.TOTL.ZS,1987,
KWT,SL.UEM.TOTL.ZS,1986,
KWT,SL.UEM.TOTL.ZS,1985,
KWT,SL.UEM.TOTL.ZS,1984,
KWT,SL.UEM.TOTL.ZS,1983,
KWT,SL.UEM.TOTL.ZS,1982,
KWT,SL.UEM.TOTL.ZS,1981,
KWT,SL.UEM.TOTL.ZS,1980,
KWT,SL.UEM.TOTL.ZS,1979,
KWT,SL.UEM.TOTL.ZS,1978,
KWT,SL.UEM.TOTL.ZS,1977,
KWT,SL.UEM.TOTL.ZS,1976,
KWT,SL.UEM.TOTL.ZS,1975,
KWT,SL.UEM.TOTL.ZS,1974,
KWT,SL.UEM.TOTL.ZS,1973,
KWT,SL.UEM.TOTL.ZS,1972,
KWT,SL.UEM.TOTL.ZS,1971,
KWT,SL.UEM.TOTL.ZS,1970,
KWT,SL.UEM.TOTL.ZS,1969,
KWT,SL.UEM.TOTL.ZS,1968,
KWT,SL.UEM.TOTL.ZS,1967,
KWT,SL.UEM.TOTL.ZS,1966,
KWT,SL.UEM.TOTL.ZS,1965,
KWT,SL.UEM.TOTL.ZS,1964,
KWT,SL.UEM.TOTL.ZS,1963,
KWT,SL.UEM.TOTL.ZS,1962,
KWT,SL.UEM.TOTL.ZS,1961,
KWT,SL.UEM.TOTL.ZS,1960,
KGZ,SL.UEM.TOTL.ZS,2024,3.289
KGZ,SL.UEM.TOTL.ZS,2023,3.991
KGZ,SL.UEM.TOTL.ZS,2022,4.043
KGZ,SL.UEM.TOTL.ZS,2021,4.096
KGZ,SL.UEM.TOTL.ZS,2020,4.63
KGZ,SL.UEM.TOTL.ZS,2019,4.295
KGZ,SL.UEM.TOTL.ZS,2018,3.67
KGZ,SL.UEM.TOTL.ZS,2017,3.57
KGZ,SL.UEM.TOTL.ZS,2016,3.474
KGZ,SL.UEM.TOTL.ZS,2015,3.338
KGZ,SL.UEM.TOTL.ZS,2014,3.262
KGZ,SL.UEM.TOTL.ZS,2013,3.153
KGZ,SL.UEM.TOTL.ZS,2012,3.114
KGZ,SL.UEM.TOTL.ZS,2011,2.999
KGZ,SL.UEM.TOTL.ZS,2010,2.887
KGZ,SL.UEM.TOTL.ZS,2009,2.744
KGZ,SL.UEM.TOTL.ZS,2008,2.642
KGZ,SL.UEM.TOTL.ZS,2007,2.577
KGZ,SL.UEM.TOTL.ZS,2006,2.48
KGZ,SL.UEM.TOTL.ZS,2005,2.362
KGZ,SL.UEM.TOTL.ZS,2004,2.259
KGZ,SL.UEM.TOTL.ZS,2003,2.162
KGZ,SL.UEM.TOTL.ZS,2002,2.065
KGZ,SL.UEM.TOTL.ZS,2001,1.95
KGZ,SL.UEM.TOTL.ZS,2000,1.858
KGZ,SL.UEM.TOTL.ZS,1999,1.743
KGZ,SL.UEM.TOTL.ZS,1998,1.632
KGZ,SL.UEM.TOTL.ZS,1997,1.551
KGZ,SL.UEM.TOTL.ZS,1996,1.525
KGZ,SL.UEM.TOTL.ZS,1995,1.474
KGZ,SL.UEM.TOTL.ZS,1994,1.384
KGZ,SL.UEM.TOTL.ZS,1993,1.248
KGZ,SL.UEM.TOTL.ZS,1992,1.1
KGZ,SL.UEM.TOTL.ZS,1991,1.0
KGZ,SL.UEM.TOTL.ZS,1990,
KGZ,SL.UEM.TOTL.ZS,1989,
KGZ,SL.UEM.TOTL.ZS,1988,
KGZ,SL.UEM.TOTL.ZS,1987,
KGZ,SL.UEM.TOTL.ZS,1986,
KGZ,SL.UEM.TOTL.ZS,1985,
KGZ,SL.UEM.TOTL.ZS,1984,
KGZ,SL.UEM.TOTL.ZS,1983,
KGZ,SL.UEM.TOTL.ZS,1982,
KGZ,SL.UEM.TOTL.ZS,1981,
KGZ,SL.UEM.TOTL.ZS,1980,
KGZ,SL.UEM.TOTL.ZS,1979,
KGZ,SL.UEM.TOTL.ZS,1978,
KGZ,SL.UEM.TOTL.ZS,1977,
KGZ,SL.UEM.TOTL.ZS,1976,
KGZ,SL.UEM.TOTL.ZS,1975,
KGZ,SL.UEM.TOTL.ZS,1974,
KGZ,SL.UEM.TOTL.ZS,1973,
KGZ,SL.UEM.TOTL.ZS,1972,
KGZ,SL.UEM.TOTL.ZS,1971,
KGZ,SL.UEM.TOTL.ZS,1970,
KGZ,SL.UEM.TOTL.ZS,1969,
KGZ,SL.UEM.TOTL.ZS,1968,
KGZ,SL.UEM.TOTL.ZS,1967,
KGZ,SL.UEM.TOTL.ZS,1966,
KGZ,SL.UEM.TOTL.ZS,1965,
KGZ,SL.UEM.TOTL.ZS,1964,
KGZ,SL.UEM.TOTL.ZS,1963,
KGZ,SL.UEM.TOTL.ZS,1962,
KGZ,SL.UEM.TOTL.ZS,1961,
KGZ,SL.UEM.TOTL.ZS,1960,
LAO,SL.UEM.TOTL.ZS,2024,1.218
LAO,SL.UEM.TOTL.ZS,2023,1.188
LAO,SL.UEM.TOTL.ZS,2022,1.209
LAO,SL.UEM.TOTL.ZS,2021,2.066
LAO,SL.UEM.TOTL.ZS,2020,2.361
LAO,SL.UEM.TOTL.ZS,2019,2.537
LAO,SL.UEM.TOTL.ZS,2018,2.9
LAO,SL.UEM.TOTL.ZS,2017,3.268
LAO,SL.UEM.TOTL.ZS,2016,2.881
LAO,SL.UEM.TOTL.ZS,2015,2.494
LAO,SL.UEM.TOTL.ZS,2014,2.119
LAO,SL.UEM.TOTL.ZS,2013,1.757
LAO,SL.UEM.TOTL.ZS,2012,1.399
LAO,SL.UEM.TOTL.ZS,2011,1.055
LAO,SL.UEM.TOTL.ZS,2010,0.708
LAO,SL.UEM.TOTL.ZS,2009,0.834
LAO,SL.UEM.TOTL.ZS,2008,0.943
LAO,SL.UEM.TOTL.ZS,2007,1.067
LAO,SL.UEM.TOTL.ZS,2006,1.198
LAO,SL.UEM.TOTL.ZS,2005,1.35
LAO,SL.UEM.TOTL.ZS,2004,1.498
LAO,SL.UEM.TOTL.ZS,2003,1.639
LAO,SL.UEM.TOTL.ZS,2002,1.775
LAO,SL.UEM.TOTL.ZS,2001,1.88
LAO,SL.UEM.TOTL.ZS,2000,2.046
LAO,SL.UEM.TOTL.ZS,1999,2.154
LAO,SL.UEM.TOTL.ZS,1998,2.294
LAO,SL.UEM.TOTL.ZS,1997,2.352
LAO,SL.UEM.TOTL.ZS,1996,2.449
LAO,SL.UEM.TOTL.ZS,1995,2.6
LAO,SL.UEM.TOTL.ZS,1994,2.636
LAO,SL.UEM.TOTL.ZS,1993,2.739
LAO,SL.UEM.TOTL.ZS,1992,2.717
LAO,SL.UEM.TOTL.ZS,1991,2.498
LAO,SL.UEM.TOTL.ZS,1990,
LAO,SL.UEM.TOTL.ZS,1989,
LAO,SL.UEM.TOTL.ZS,1988,
LAO,SL.UEM.TOTL.ZS,1987,
LAO,SL.UEM.TOTL.ZS,1986,
LAO,SL.UEM.TOTL.ZS,1985,
LAO,SL.UEM.TOTL.ZS,1984,
LAO,SL.UEM.TOTL.ZS,1983,
LAO,SL.UEM.TOTL.ZS,1982,
LAO,SL.UEM.TOTL.ZS,1981,
LAO,SL.UEM.TOTL.ZS,1980,
LAO,SL.UEM.TOTL.ZS,1979,
LAO,SL.UEM.TOTL.ZS,1978,
LAO,SL.UEM.TOTL.ZS,1977,
LAO,SL.UEM.TOTL.ZS,1976,
LAO,SL.UEM.TOTL.ZS,1975,
LAO,SL.UEM.TOTL.ZS,1974,
LAO,SL.UEM.TOTL.ZS,1973,
LAO,SL.UEM.TOTL.ZS,1972,
LAO,SL.UEM.TOTL.ZS,1971,
LAO,SL.UEM.TOTL.ZS,1970,
LAO,SL.UEM.TOTL.ZS,1969,
LAO,SL.UEM.TOTL.ZS,1968,
LAO,SL.UEM.TOTL.ZS,1967,
LAO,SL.UEM.TOTL.ZS,1966,
LAO,SL.UEM.TOTL.ZS,1965,
LAO,SL.UEM.TOTL.ZS,1964,
LAO,SL.UEM.TOTL.ZS,1963,
LAO,SL.UEM.TOTL.ZS,1962,
LAO,SL.UEM.TOTL.ZS,1961,
LAO,SL.UEM.TOTL.ZS,1960,
LVA,SL.UEM.TOTL.ZS,2024,6.72
LVA,SL.UEM.TOTL.ZS,2023,6.465
LVA,SL.UEM.TOTL.ZS,2022,6.815
LVA,SL.UEM.TOTL.ZS,2021,7.513
LVA,SL.UEM.TOTL.ZS,2020,8.098
LVA,SL.UEM.TOTL.ZS,2019,6.312
LVA,SL.UEM.TOTL.ZS,2018,7.412
LVA,SL.UEM.TOTL.ZS,2017,8.715
LVA,SL.UEM.TOTL.ZS,2016,9.643
LVA,SL.UEM.TOTL.ZS,2015,9.873
LVA,SL.UEM.TOTL.ZS,2014,10.846
LVA,SL.UEM.TOTL.ZS,2013,11.867
LVA,SL.UEM.TOTL.ZS,2012,15.047
LVA,SL.UEM.TOTL.ZS,2011,16.206
LVA,SL.UEM.TOTL.ZS,2010,19.482
LVA,SL.UEM.TOTL.ZS,2009,17.515
LVA,SL.UEM.TOTL.ZS,2008,7.739
LVA,SL.UEM.TOTL.ZS,2007,6.052
LVA,SL.UEM.TOTL.ZS,2006,7.03
LVA,SL.UEM.TOTL.ZS,2005,10.033
LVA,SL.UEM.TOTL.ZS,2004,11.708
LVA,SL.UEM.TOTL.ZS,2003,12.061
LVA,SL.UEM.TOTL.ZS,2002,13.829
LVA,SL.UEM.TOTL.ZS,2001,13.821
LVA,SL.UEM.TOTL.ZS,2000,14.211
LVA,SL.UEM.TOTL.ZS,1999,13.79
LVA,SL.UEM.TOTL.ZS,1998,14.454
LVA,SL.UEM.TOTL.ZS,1997,17.569
LVA,SL.UEM.TOTL.ZS,1996,20.7
LVA,SL.UEM.TOTL.ZS,1995,19.0
LVA,SL.UEM.TOTL.ZS,1994,18.7
LVA,SL.UEM.TOTL.ZS,1993,16.7
LVA,SL.UEM.TOTL.ZS,1992,6.6
LVA,SL.UEM.TOTL.ZS,1991,2.7
LVA,SL.UEM.TOTL.ZS,1990,
LVA,SL.UEM.TOTL.ZS,1989,
LVA,SL.UEM.TOTL.ZS,1988,
LVA,SL.UEM.TOTL.ZS,1987,
LVA,SL.UEM.TOTL.ZS,1986,
LVA,SL.UEM.TOTL.ZS,1985,
LVA,SL.UEM.TOTL.ZS,1984,
LVA,SL.UEM.TOTL.ZS,1983,
LVA,SL.UEM.TOTL.ZS,1982,
LVA,SL.UEM.TOTL.ZS,1981,
LVA,SL.UEM.TOTL.ZS,1980,
LVA,SL.UEM.TOTL.ZS,1979,
LVA,SL.UEM.TOTL.ZS,1978,
LVA,SL.UEM.TOTL.ZS,1977,
LVA,SL.UEM.TOTL.ZS,1976,
LVA,SL.UEM.TOTL.ZS,1975,
LVA,SL.UEM.TOTL.ZS,1974,
LVA,SL.UEM.TOTL.ZS,1973,
LVA,SL.UEM.TOTL.ZS,1972,
LVA,SL.UEM.TOTL.ZS,1971,
LVA,SL.UEM.TOTL.ZS,1970,
LVA,SL.UEM.TOTL.ZS,1969,
LVA,SL.UEM.TOTL.ZS,1968,
LVA,SL.UEM.TOTL.ZS,1967,
LVA,SL.UEM.TOTL.ZS,1966,
LVA,SL.UEM.TOTL.ZS,1965,
LVA,SL.UEM.TOTL.ZS,1964,
LVA,SL.UEM.TOTL.ZS,1963,
LVA,SL.UEM.TOTL.ZS,1962,
LVA,SL.UEM.TOTL.ZS,1961,
LVA,SL.UEM.TOTL.ZS,1960,
LBN,SL.UEM.TOTL.ZS,2024,
LBN,SL.UEM.TOTL.ZS,2023,11.543
LBN,SL.UEM.TOTL.ZS,2022,11.6
LBN,SL.UEM.TOTL.ZS,2021,12.669
LBN,SL.UEM.TOTL.ZS,2020,13.284
LBN,SL.UEM.TOTL.ZS,2019,11.301
LBN,SL.UEM.TOTL.ZS,2018,10.745
LBN,SL.UEM.TOTL.ZS,2017,10.251
LBN,SL.UEM.TOTL.ZS,2016,9.786
LBN,SL.UEM.TOTL.ZS,2015,9.306
LBN,SL.UEM.TOTL.ZS,2014,8.833
LBN,SL.UEM.TOTL.ZS,2013,8.458
LBN,SL.UEM.TOTL.ZS,2012,7.937
LBN,SL.UEM.TOTL.ZS,2011,7.349
LBN,SL.UEM.TOTL.ZS,2010,6.775
LBN,SL.UEM.TOTL.ZS,2009,6.355
LBN,SL.UEM.TOTL.ZS,2008,7.666
LBN,SL.UEM.TOTL.ZS,2007,8.98
LBN,SL.UEM.TOTL.ZS,2006,8.671
LBN,SL.UEM.TOTL.ZS,2005,8.247
LBN,SL.UEM.TOTL.ZS,2004,7.85
LBN,SL.UEM.TOTL.ZS,2003,8.05
LBN,SL.UEM.TOTL.ZS,2002,8.229
LBN,SL.UEM.TOTL.ZS,2001,8.464
LBN,SL.UEM.TOTL.ZS,2000,8.603
LBN,SL.UEM.TOTL.ZS,1999,8.745
LBN,SL.UEM.TOTL.ZS,1998,8.564
LBN,SL.UEM.TOTL.ZS,1997,8.62
LBN,SL.UEM.TOTL.ZS,1996,8.435
LBN,SL.UEM.TOTL.ZS,1995,8.442
LBN,SL.UEM.TOTL.ZS,1994,8.35
LBN,SL.UEM.TOTL.ZS,1993,8.262
LBN,SL.UEM.TOTL.ZS,1992,8.259
LBN,SL.UEM.TOTL.ZS,1991,8.609
LBN,SL.UEM.TOTL.ZS,1990,
LBN,SL.UEM.TOTL.ZS,1989,
LBN,SL.UEM.TOTL.ZS,1988,
LBN,SL.UEM.TOTL.ZS,1987,
LBN,SL.UEM.TOTL.ZS,1986,
LBN,SL.UEM.TOTL.ZS,1985,
LBN,SL.UEM.TOTL.ZS,1984,
LBN,SL.UEM.TOTL.ZS,1983,
LBN,SL.UEM.TOTL.ZS,1982,
LBN,SL.UEM.TOTL.ZS,1981,
LBN,SL.UEM.TOTL.ZS,1980,
LBN,SL.UEM.TOTL.ZS,1979,
LBN,SL.UEM.TOTL.ZS,1978,
LBN,SL.UEM.TOTL.ZS,1977,
LBN,SL.UEM.TOTL.ZS,1976,
LBN,SL.UEM.TOTL.ZS,1975,
LBN,SL.UEM.TOTL.ZS,1974,
LBN,SL.UEM.TOTL.ZS,1973,
LBN,SL.UEM.TOTL.ZS,1972,
LBN,SL.UEM.TOTL.ZS,1971,
LBN,SL.UEM.TOTL.ZS,1970,
LBN,SL.UEM.TOTL.ZS,1969,
LBN,SL.UEM.TOTL.ZS,1968,
LBN,SL.UEM.TOTL.ZS,1967,
LBN,SL.UEM.TOTL.ZS,1966,
LBN,SL.UEM.TOTL.ZS,1965,
LBN,SL.UEM.TOTL.ZS,1964,
LBN,SL.UEM.TOTL.ZS,1963,
LBN,SL.UEM.TOTL.ZS,1962,
LBN,SL.UEM.TOTL.ZS,1961,
LBN,SL.UEM.TOTL.ZS,1960,
LSO,SL.UEM.TOTL.ZS,2024,16.147
LSO,SL.UEM.TOTL.ZS,2023,16.457
LSO,SL.UEM.TOTL.ZS,2022,16.688
LSO,SL.UEM.TOTL.ZS,2021,18.23
LSO,SL.UEM.TOTL.ZS,2020,18.399
LSO,SL.UEM.TOTL.ZS,2019,16.876
LSO,SL.UEM.TOTL.ZS,2018,16.625
LSO,SL.UEM.TOTL.ZS,2017,16.401
LSO,SL.UEM.TOTL.ZS,2016,16.17
LSO,SL.UEM.TOTL.ZS,2015,16.254
LSO,SL.UEM.TOTL.ZS,2014,16.104
LSO,SL.UEM.TOTL.ZS,2013,15.97
LSO,SL.UEM.TOTL.ZS,2012,15.813
LSO,SL.UEM.TOTL.ZS,2011,16.157
LSO,SL.UEM.TOTL.ZS,2010,16.113
LSO,SL.UEM.TOTL.ZS,2009,16.16
LSO,SL.UEM.TOTL.ZS,2008,15.907
LSO,SL.UEM.TOTL.ZS,2007,15.997
LSO,SL.UEM.TOTL.ZS,2006,16.107
LSO,SL.UEM.TOTL.ZS,2005,16.086
LSO,SL.UEM.TOTL.ZS,2004,16.206
LSO,SL.UEM.TOTL.ZS,2003,16.113
LSO,SL.UEM.TOTL.ZS,2002,16.137
LSO,SL.UEM.TOTL.ZS,2001,16.141
LSO,SL.UEM.TOTL.ZS,2000,16.227
LSO,SL.UEM.TOTL.ZS,1999,16.226
LSO,SL.UEM.TOTL.ZS,1998,15.983
LSO,SL.UEM.TOTL.ZS,1997,15.896
LSO,SL.UEM.TOTL.ZS,1996,15.788
LSO,SL.UEM.TOTL.ZS,1995,15.875
LSO,SL.UEM.TOTL.ZS,1994,15.706
LSO,SL.UEM.TOTL.ZS,1993,15.658
LSO,SL.UEM.TOTL.ZS,1992,15.543
LSO,SL.UEM.TOTL.ZS,1991,15.59
LSO,SL.UEM.TOTL.ZS,1990,
LSO,SL.UEM.TOTL.ZS,1989,
LSO,SL.UEM.TOTL.ZS,1988,
LSO,SL.UEM.TOTL.ZS,1987,
LSO,SL.UEM.TOTL.ZS,1986,
LSO,SL.UEM.TOTL.ZS,1985,
LSO,SL.UEM.TOTL.ZS,1984,
LSO,SL.UEM.TOTL.ZS,1983,
LSO,SL.UEM.TOTL.ZS,1982,
LSO,SL.UEM.TOTL.ZS,1981,
LSO,SL.UEM.TOTL.ZS,1980,
LSO,SL.UEM.TOTL.ZS,1979,
LSO,SL.UEM.TOTL.ZS,1978,
LSO,SL.UEM.TOTL.ZS,1977,
LSO,SL.UEM.TOTL.ZS,1976,
LSO,SL.UEM.TOTL.ZS,1975,
LSO,SL.UEM.TOTL.ZS,1974,
LSO,SL.UEM.TOTL.ZS,1973,
LSO,SL.UEM.TOTL.ZS,1972,
LSO,SL.UEM.TOTL.ZS,1971,
LSO,SL.UEM.TOTL.ZS,1970,
LSO,SL.UEM.TOTL.ZS,1969,
LSO,SL.UEM.TOTL.ZS,1968,
LSO,SL.UEM.TOTL.ZS,1967,
LSO,SL.UEM.TOTL.ZS,1966,
LSO,SL.UEM.TOTL.ZS,1965,
LSO,SL.UEM.TOTL.ZS,1964,
LSO,SL.UEM.TOTL.ZS,1963,
LSO,SL.UEM.TOTL.ZS,1962,
LSO,SL.UEM.TOTL.ZS,1961,
LSO,SL.UEM.TOTL.ZS,1960,
LBR,SL.UEM.TOTL.ZS,2024,2.882
LBR,SL.UEM.TOTL.ZS,2023,2.933
LBR,SL.UEM.TOTL.ZS,2022,2.977
LBR,SL.UEM.TOTL.ZS,2021,3.845
LBR,SL.UEM.TOTL.ZS,2020,4.109
LBR,SL.UEM.TOTL.ZS,2019,3.068
LBR,SL.UEM.TOTL.ZS,2018,3.056
LBR,SL.UEM.TOTL.ZS,2017,3.066
LBR,SL.UEM.TOTL.ZS,2016,3.081
LBR,SL.UEM.TOTL.ZS,2015,2.557
LBR,SL.UEM.TOTL.ZS,2014,2.079
LBR,SL.UEM.TOTL.ZS,2013,2.08
LBR,SL.UEM.TOTL.ZS,2012,2.146
LBR,SL.UEM.TOTL.ZS,2011,2.211
LBR,SL.UEM.TOTL.ZS,2010,2.266
LBR,SL.UEM.TOTL.ZS,2009,2.242
LBR,SL.UEM.TOTL.ZS,2008,2.222
LBR,SL.UEM.TOTL.ZS,2007,2.235
LBR,SL.UEM.TOTL.ZS,2006,2.283
LBR,SL.UEM.TOTL.ZS,2005,2.577
LBR,SL.UEM.TOTL.ZS,2004,2.589
LBR,SL.UEM.TOTL.ZS,2003,2.586
LBR,SL.UEM.TOTL.ZS,2002,2.318
LBR,SL.UEM.TOTL.ZS,2001,2.294
LBR,SL.UEM.TOTL.ZS,2000,2.231
LBR,SL.UEM.TOTL.ZS,1999,2.19
LBR,SL.UEM.TOTL.ZS,1998,2.197
LBR,SL.UEM.TOTL.ZS,1997,2.256
LBR,SL.UEM.TOTL.ZS,1996,2.354
LBR,SL.UEM.TOTL.ZS,1995,2.391
LBR,SL.UEM.TOTL.ZS,1994,2.402
LBR,SL.UEM.TOTL.ZS,1993,2.493
LBR,SL.UEM.TOTL.ZS,1992,2.623
LBR,SL.UEM.TOTL.ZS,1991,2.641
LBR,SL.UEM.TOTL.ZS,1990,
LBR,SL.UEM.TOTL.ZS,1989,
LBR,SL.UEM.TOTL.ZS,1988,
LBR,SL.UEM.TOTL.ZS,1987,
LBR,SL.UEM.TOTL.ZS,1986,
LBR,SL.UEM.TOTL.ZS,1985,
LBR,SL.UEM.TOTL.ZS,1984,
LBR,SL.UEM.TOTL.ZS,1983,
LBR,SL.UEM.TOTL.ZS,1982,
LBR,SL.UEM.TOTL.ZS,1981,
LBR,SL.UEM.TOTL.ZS,1980,
LBR,SL.UEM.TOTL.ZS,1979,
LBR,SL.UEM.TOTL.ZS,1978,
LBR,SL.UEM.TOTL.ZS,1977,
LBR,SL.UEM.TOTL.ZS,1976,
LBR,SL.UEM.TOTL.ZS,1975,
LBR,SL.UEM.TOTL.ZS,1974,
LBR,SL.UEM.TOTL.ZS,1973,
LBR,SL.UEM.TOTL.ZS,1972,
LBR,SL.UEM.TOTL.ZS,1971,
LBR,SL.UEM.TOTL.ZS,1970,
LBR,SL.UEM.TOTL.ZS,1969,
LBR,SL.UEM.TOTL.ZS,1968,
LBR,SL.UEM.TOTL.ZS,1967,
LBR,SL.UEM.TOTL.ZS,1966,
LBR,SL.UEM.TOTL.ZS,1965,
LBR,SL.UEM.TOTL.ZS,1964,
LBR,SL.UEM.TOTL.ZS,1963,
LBR,SL.UEM.TOTL.ZS,1962,
LBR,SL.UEM.TOTL.ZS,1961,
LBR,SL.UEM.TOTL.ZS,1960,
LBY,SL.UEM.TOTL.ZS,2024,18.615
LBY,SL.UEM.TOTL.ZS,2023,18.753
LBY,SL.UEM.TOTL.ZS,2022,19.282
LBY,SL.UEM.TOTL.ZS,2021,19.641
LBY,SL.UEM.TOTL.ZS,2020,19.613
LBY,SL.UEM.TOTL.ZS,2019,19.05
LBY,SL.UEM.TOTL.ZS,2018,18.836
LBY,SL.UEM.TOTL.ZS,2017,19.02
LBY,SL.UEM.TOTL.ZS,2016,19.522
LBY,SL.UEM.TOTL.ZS,2015,19.676
LBY,SL.UEM.TOTL.ZS,2014,19.308
LBY,SL.UEM.TOTL.ZS,2013,19.327
LBY,SL.UEM.TOTL.ZS,2012,19.03
LBY,SL.UEM.TOTL.ZS,2011,19.478
LBY,SL.UEM.TOTL.ZS,2010,19.276
LBY,SL.UEM.TOTL.ZS,2009,19.247
LBY,SL.UEM.TOTL.ZS,2008,19.006
LBY,SL.UEM.TOTL.ZS,2007,18.745
LBY,SL.UEM.TOTL.ZS,2006,18.779
LBY,SL.UEM.TOTL.ZS,2005,18.639
LBY,SL.UEM.TOTL.ZS,2004,18.911
LBY,SL.UEM.TOTL.ZS,2003,19.045
LBY,SL.UEM.TOTL.ZS,2002,19.247
LBY,SL.UEM.TOTL.ZS,2001,19.228
LBY,SL.UEM.TOTL.ZS,2000,19.201
LBY,SL.UEM.TOTL.ZS,1999,19.334
LBY,SL.UEM.TOTL.ZS,1998,19.282
LBY,SL.UEM.TOTL.ZS,1997,19.437
LBY,SL.UEM.TOTL.ZS,1996,19.296
LBY,SL.UEM.TOTL.ZS,1995,19.443
LBY,SL.UEM.TOTL.ZS,1994,19.349
LBY,SL.UEM.TOTL.ZS,1993,19.005
LBY,SL.UEM.TOTL.ZS,1992,18.796
LBY,SL.UEM.TOTL.ZS,1991,18.538
LBY,SL.UEM.TOTL.ZS,1990,
LBY,SL.UEM.TOTL.ZS,1989,
LBY,SL.UEM.TOTL.ZS,1988,
LBY,SL.UEM.TOTL.ZS,1987,
LBY,SL.UEM.TOTL.ZS,1986,
LBY,SL.UEM.TOTL.ZS,1985,
LBY,SL.UEM.TOTL.ZS,1984,
LBY,SL.UEM.TOTL.ZS,1983,
LBY,SL.UEM.TOTL.ZS,1982,
LBY,SL.UEM.TOTL.ZS,1981,
LBY,SL.UEM.TOTL.ZS,1980,
LBY,SL.UEM.TOTL.ZS,1979,
LBY,SL.UEM.TOTL.ZS,1978,
LBY,SL.UEM.TOTL.ZS,1977,
LBY,SL.UEM.TOTL.ZS,1976,
LBY,SL.UEM.TOTL.ZS,1975,
LBY,SL.UEM.TOTL.ZS,1974,
LBY,SL.UEM.TOTL.ZS,1973,
LBY,SL.UEM.TOTL.ZS,1972,
LBY,SL.UEM.TOTL.ZS,1971,
LBY,SL.UEM.TOTL.ZS,1970,
LBY,SL.UEM.TOTL.ZS,1969,
LBY,SL.UEM.TOTL.ZS,1968,
LBY,SL.UEM.TOTL.ZS,1967,
LBY,SL.UEM.TOTL.ZS,1966,
LBY,SL.UEM.TOTL.ZS,1965,
LBY,SL.UEM.TOTL.ZS,1964,
LBY,SL.UEM.TOTL.ZS,1963,
LBY,SL.UEM.TOTL.ZS,1962,
LBY,SL.UEM.TOTL.ZS,1961,
LBY,SL.UEM.TOTL.ZS,1960,
LIE,SL.UEM.TOTL.ZS,2024,
LIE,SL.UEM.TOTL.ZS,2023,
LIE,SL.UEM.TOTL.ZS,2022,
LIE,SL.UEM.TOTL.ZS,2021,
LIE,SL.UEM.TOTL.ZS,2020,
LIE,SL.UEM.TOTL.ZS,2019,
LIE,SL.UEM.TOTL.ZS,2018,
LIE,SL.UEM.TOTL.ZS,2017,
LIE,SL.UEM.TOTL.ZS,2016,
LIE,SL.UEM.TOTL.ZS,2015,
LIE,SL.UEM.TOTL.ZS,2014,
LIE,SL.UEM.TOTL.ZS,2013,
LIE,SL.UEM.TOTL.ZS,2012,
LIE,SL.UEM.TOTL.ZS,2011,
LIE,SL.UEM.TOTL.ZS,2010,
LIE,SL.UEM.TOTL.ZS,2009,
LIE,SL.UEM.TOTL.ZS,2008,
LIE,SL.UEM.TOTL.ZS,2007,
LIE,SL.UEM.TOTL.ZS,2006,
LIE,SL.UEM.TOTL.ZS,2005,
LIE,SL.UEM.TOTL.ZS,2004,
LIE,SL.UEM.TOTL.ZS,2003,
LIE,SL.UEM.TOTL.ZS,2002,
LIE,SL.UEM.TOTL.ZS,2001,
LIE,SL.UEM.TOTL.ZS,2000,
LIE,SL.UEM.TOTL.ZS,1999,
LIE,SL.UEM.TOTL.ZS,1998,
LIE,SL.UEM.TOTL.ZS,1997,
LIE,SL.UEM.TOTL.ZS,1996,
LIE,SL.UEM.TOTL.ZS,1995,
LIE,SL.UEM.TOTL.ZS,1994,
LIE,SL.UEM.TOTL.ZS,1993,
LIE,SL.UEM.TOTL.ZS,1992,
LIE,SL.UEM.TOTL.ZS,1991,
LIE,SL.UEM.TOTL.ZS,1990,
LIE,SL.UEM.TOTL.ZS,1989,
LIE,SL.UEM.TOTL.ZS,1988,
LIE,SL.UEM.TOTL.ZS,1987,
LIE,SL.UEM.TOTL.ZS,1986,
LIE,SL.UEM.TOTL.ZS,1985,
LIE,SL.UEM.TOTL.ZS,1984,
LIE,SL.UEM.TOTL.ZS,1983,
LIE,SL.UEM.TOTL.ZS,1982,
LIE,SL.UEM.TOTL.ZS,1981,
LIE,SL.UEM.TOTL.ZS,1980,
LIE,SL.UEM.TOTL.ZS,1979,
LIE,SL.UEM.TOTL.ZS,1978,
LIE,SL.UEM.TOTL.ZS,1977,
LIE,SL.UEM.TOTL.ZS,1976,
LIE,SL.UEM.TOTL.ZS,1975,
LIE,SL.UEM.TOTL.ZS,1974,
LIE,SL.UEM.TOTL.ZS,1973,
LIE,SL.UEM.TOTL.ZS,1972,
LIE,SL.UEM.TOTL.ZS,1971,
LIE,SL.UEM.TOTL.ZS,1970,
LIE,SL.UEM.TOTL.ZS,1969,
LIE,SL.UEM.TOTL.ZS,1968,
LIE,SL.UEM.TOTL.ZS,1967,
LIE,SL.UEM.TOTL.ZS,1966,
LIE,SL.UEM.TOTL.ZS,1965,
LIE,SL.UEM.TOTL.ZS,1964,
LIE,SL.UEM.TOTL.ZS,1963,
LIE,SL.UEM.TOTL.ZS,1962,
LIE,SL.UEM.TOTL.ZS,1961,
LIE,SL.UEM.TOTL.ZS,1960,
LTU,SL.UEM.TOTL.ZS,2024,7.504
LTU,SL.UEM.TOTL.ZS,2023,6.841
LTU,SL.UEM.TOTL.ZS,2022,5.955
LTU,SL.UEM.TOTL.ZS,2021,7.112
LTU,SL.UEM.TOTL.ZS,2020,8.487
LTU,SL.UEM.TOTL.ZS,2019,6.255
LTU,SL.UEM.TOTL.ZS,2018,6.147
LTU,SL.UEM.TOTL.ZS,2017,7.073
LTU,SL.UEM.TOTL.ZS,2016,7.862
LTU,SL.UEM.TOTL.ZS,2015,9.12
LTU,SL.UEM.TOTL.ZS,2014,10.698
LTU,SL.UEM.TOTL.ZS,2013,11.77
LTU,SL.UEM.TOTL.ZS,2012,13.365
LTU,SL.UEM.TOTL.ZS,2011,15.39
LTU,SL.UEM.TOTL.ZS,2010,17.814
LTU,SL.UEM.TOTL.ZS,2009,13.785
LTU,SL.UEM.TOTL.ZS,2008,5.826
LTU,SL.UEM.TOTL.ZS,2007,4.25
LTU,SL.UEM.TOTL.ZS,2006,5.78
LTU,SL.UEM.TOTL.ZS,2005,8.325
LTU,SL.UEM.TOTL.ZS,2004,10.684
LTU,SL.UEM.TOTL.ZS,2003,12.874
LTU,SL.UEM.TOTL.ZS,2002,13.008
LTU,SL.UEM.TOTL.ZS,2001,16.84
LTU,SL.UEM.TOTL.ZS,2000,15.931
LTU,SL.UEM.TOTL.ZS,1999,13.388
LTU,SL.UEM.TOTL.ZS,1998,13.711
LTU,SL.UEM.TOTL.ZS,1997,14.13
LTU,SL.UEM.TOTL.ZS,1996,16.4
LTU,SL.UEM.TOTL.ZS,1995,17.54
LTU,SL.UEM.TOTL.ZS,1994,13.8
LTU,SL.UEM.TOTL.ZS,1993,13.8
LTU,SL.UEM.TOTL.ZS,1992,1.2
LTU,SL.UEM.TOTL.ZS,1991,1.1
LTU,SL.UEM.TOTL.ZS,1990,
LTU,SL.UEM.TOTL.ZS,1989,
LTU,SL.UEM.TOTL.ZS,1988,
LTU,SL.UEM.TOTL.ZS,1987,
LTU,SL.UEM.TOTL.ZS,1986,
LTU,SL.UEM.TOTL.ZS,1985,
LTU,SL.UEM.TOTL.ZS,1984,
LTU,SL.UEM.TOTL.ZS,1983,
LTU,SL.UEM.TOTL.ZS,1982,
LTU,SL.UEM.TOTL.ZS,1981,
LTU,SL.UEM.TOTL.ZS,1980,
LTU,SL.UEM.TOTL.ZS,1979,
LTU,SL.UEM.TOTL.ZS,1978,
LTU,SL.UEM.TOTL.ZS,1977,
LTU,SL.UEM.TOTL.ZS,1976,
LTU,SL.UEM.TOTL.ZS,1975,
LTU,SL.UEM.TOTL.ZS,1974,
LTU,SL.UEM.TOTL.ZS,1973,
LTU,SL.UEM.TOTL.ZS,1972,
LTU,SL.UEM.TOTL.ZS,1971,
LTU,SL.UEM.TOTL.ZS,1970,
LTU,SL.UEM.TOTL.ZS,1969,
LTU,SL.UEM.TOTL.ZS,1968,
LTU,SL.UEM.TOTL.ZS,1967,
LTU,SL.UEM.TOTL.ZS,1966,
LTU,SL.UEM.TOTL.ZS,1965,
LTU,SL.UEM.TOTL.ZS,1964,
LTU,SL.UEM.TOTL.ZS,1963,
LTU,SL.UEM.TOTL.ZS,1962,
LTU,SL.UEM.TOTL.ZS,1961,
LTU,SL.UEM.TOTL.ZS,1960,
LUX,SL.UEM.TOTL.ZS,2024,5.935
LUX,SL.UEM.TOTL.ZS,2023,5.184
LUX,SL.UEM.TOTL.ZS,2022,4.588
LUX,SL.UEM.TOTL.ZS,2021,5.571
LUX,SL.UEM.TOTL.ZS,2020,6.766
LUX,SL.UEM.TOTL.ZS,2019,5.592
LUX,SL.UEM.TOTL.ZS,2018,5.589
LUX,SL.UEM.TOTL.ZS,2017,5.523
LUX,SL.UEM.TOTL.ZS,2016,6.669
LUX,SL.UEM.TOTL.ZS,2015,6.796
LUX,SL.UEM.TOTL.ZS,2014,6.044
LUX,SL.UEM.TOTL.ZS,2013,6.045
LUX,SL.UEM.TOTL.ZS,2012,5.03
LUX,SL.UEM.TOTL.ZS,2011,5.122
LUX,SL.UEM.TOTL.ZS,2010,4.423
LUX,SL.UEM.TOTL.ZS,2009,5.194
LUX,SL.UEM.TOTL.ZS,2008,5.06
LUX,SL.UEM.TOTL.ZS,2007,4.065
LUX,SL.UEM.TOTL.ZS,2006,4.731
LUX,SL.UEM.TOTL.ZS,2005,4.488
LUX,SL.UEM.TOTL.ZS,2004,5.113
LUX,SL.UEM.TOTL.ZS,2003,3.675
LUX,SL.UEM.TOTL.ZS,2002,2.621
LUX,SL.UEM.TOTL.ZS,2001,1.805
LUX,SL.UEM.TOTL.ZS,2000,2.345
LUX,SL.UEM.TOTL.ZS,1999,2.39
LUX,SL.UEM.TOTL.ZS,1998,2.763
LUX,SL.UEM.TOTL.ZS,1997,2.527
LUX,SL.UEM.TOTL.ZS,1996,3.286
LUX,SL.UEM.TOTL.ZS,1995,2.918
LUX,SL.UEM.TOTL.ZS,1994,3.479
LUX,SL.UEM.TOTL.ZS,1993,2.33
LUX,SL.UEM.TOTL.ZS,1992,2.029
LUX,SL.UEM.TOTL.ZS,1991,1.482
LUX,SL.UEM.TOTL.ZS,1990,
LUX,SL.UEM.TOTL.ZS,1989,
LUX,SL.UEM.TOTL.ZS,1988,
LUX,SL.UEM.TOTL.ZS,1987,
LUX,SL.UEM.TOTL.ZS,1986,
LUX,SL.UEM.TOTL.ZS,1985,
LUX,SL.UEM.TOTL.ZS,1984,
LUX,SL.UEM.TOTL.ZS,1983,
LUX,SL.UEM.TOTL.ZS,1982,
LUX,SL.UEM.TOTL.ZS,1981,
LUX,SL.UEM.TOTL.ZS,1980,
LUX,SL.UEM.TOTL.ZS,1979,
LUX,SL.UEM.TOTL.ZS,1978,
LUX,SL.UEM.TOTL.ZS,1977,
LUX,SL.UEM.TOTL.ZS,1976,
LUX,SL.UEM.TOTL.ZS,1975,
LUX,SL.UEM.TOTL.ZS,1974,
LUX,SL.UEM.TOTL.ZS,1973,
LUX,SL.UEM.TOTL.ZS,1972,
LUX,SL.UEM.TOTL.ZS,1971,
LUX,SL.UEM.TOTL.ZS,1970,
LUX,SL.UEM.TOTL.ZS,1969,
LUX,SL.UEM.TOTL.ZS,1968,
LUX,SL.UEM.TOTL.ZS,1967,
LUX,SL.UEM.TOTL.ZS,1966,
LUX,SL.UEM.TOTL.ZS,1965,
LUX,SL.UEM.TOTL.ZS,1964,
LUX,SL.UEM.TOTL.ZS,1963,
LUX,SL.UEM.TOTL.ZS,1962,
LUX,SL.UEM.TOTL.ZS,1961,
LUX,SL.UEM.TOTL.ZS,1960,
MAC,SL.UEM.TOTL.ZS,2024,2.437
MAC,SL.UEM.TOTL.ZS,2023,2.235
MAC,SL.UEM.TOTL.ZS,2022,2.482
MAC,SL.UEM.TOTL.ZS,2021,2.229
MAC,SL.UEM.TOTL.ZS,2020,2.566
MAC,SL.UEM.TOTL.ZS,2019,1.749
MAC,SL.UEM.TOTL.ZS,2018,1.834
MAC,SL.UEM.TOTL.ZS,2017,1.987
MAC,SL.UEM.TOTL.ZS,2016,1.939
MAC,SL.UEM.TOTL.ZS,2015,1.81
MAC,SL.UEM.TOTL.ZS,2014,1.67
MAC,SL.UEM.TOTL.ZS,2013,1.82
MAC,SL.UEM.TOTL.ZS,2012,1.97
MAC,SL.UEM.TOTL.ZS,2011,2.56
MAC,SL.UEM.TOTL.ZS,2010,2.84
MAC,SL.UEM.TOTL.ZS,2009,3.58
MAC,SL.UEM.TOTL.ZS,2008,2.999
MAC,SL.UEM.TOTL.ZS,2007,3.269
MAC,SL.UEM.TOTL.ZS,2006,3.822
MAC,SL.UEM.TOTL.ZS,2005,4.158
MAC,SL.UEM.TOTL.ZS,2004,4.904
MAC,SL.UEM.TOTL.ZS,2003,5.995
MAC,SL.UEM.TOTL.ZS,2002,6.267
MAC,SL.UEM.TOTL.ZS,2001,6.393
MAC,SL.UEM.TOTL.ZS,2000,6.874
MAC,SL.UEM.TOTL.ZS,1999,6.348
MAC,SL.UEM.TOTL.ZS,1998,4.607
MAC,SL.UEM.TOTL.ZS,1997,3.261
MAC,SL.UEM.TOTL.ZS,1996,4.249
MAC,SL.UEM.TOTL.ZS,1995,3.581
MAC,SL.UEM.TOTL.ZS,1994,2.48
MAC,SL.UEM.TOTL.ZS,1993,2.057
MAC,SL.UEM.TOTL.ZS,1992,2.196
MAC,SL.UEM.TOTL.ZS,1991,3.01
MAC,SL.UEM.TOTL.ZS,1990,
MAC,SL.UEM.TOTL.ZS,1989,
MAC,SL.UEM.TOTL.ZS,1988,
MAC,SL.UEM.TOTL.ZS,1987,
MAC,SL.UEM.TOTL.ZS,1986,
MAC,SL.UEM.TOTL.ZS,1985,
MAC,SL.UEM.TOTL.ZS,1984,
MAC,SL.UEM.TOTL.ZS,1983,
MAC,SL.UEM.TOTL.ZS,1982,
MAC,SL.UEM.TOTL.ZS,1981,
MAC,SL.UEM.TOTL.ZS,1980,
MAC,SL.UEM.TOTL.ZS,1979,
MAC,SL.UEM.TOTL.ZS,1978,
MAC,SL.UEM.TOTL.ZS,1977,
MAC,SL.UEM.TOTL.ZS,1976,
MAC,SL.UEM.TOTL.ZS,1975,
MAC,SL.UEM.TOTL.ZS,1974,
MAC,SL.UEM.TOTL.ZS,1973,
MAC,SL.UEM.TOTL.ZS,1972,
MAC,SL.UEM.TOTL.ZS,1971,
MAC,SL.UEM.TOTL.ZS,1970,
MAC,SL.UEM.TOTL.ZS,1969,
MAC,SL.UEM.TOTL.ZS,1968,
MAC,SL.UEM.TOTL.ZS,1967,
MAC,SL.UEM.TOTL.ZS,1966,
MAC,SL.UEM.TOTL.ZS,1965,
MAC,SL.UEM.TOTL.ZS,1964,
MAC,SL.UEM.TOTL.ZS,1963,
MAC,SL.UEM.TOTL.ZS,1962,
MAC,SL.UEM.TOTL.ZS,1961,
MAC,SL.UEM.TOTL.ZS,1960,
MDG,SL.UEM.TOTL.ZS,2024,3.012
MDG,SL.UEM.TOTL.ZS,2023,3.069
MDG,SL.UEM.TOTL.ZS,2022,3.186
MDG,SL.UEM.TOTL.ZS,2021,3.487
MDG,SL.UEM.TOTL.ZS,2020,3.284
MDG,SL.UEM.TOTL.ZS,2019,2.469
MDG,SL.UEM.TOTL.ZS,2018,2.297
MDG,SL.UEM.TOTL.ZS,2017,2.119
MDG,SL.UEM.TOTL.ZS,2016,1.947
MDG,SL.UEM.TOTL.ZS,2015,1.785
MDG,SL.UEM.TOTL.ZS,2014,1.386
MDG,SL.UEM.TOTL.ZS,2013,0.996
MDG,SL.UEM.TOTL.ZS,2012,0.599
MDG,SL.UEM.TOTL.ZS,2011,2.512
MDG,SL.UEM.TOTL.ZS,2010,4.28
MDG,SL.UEM.TOTL.ZS,2009,3.887
MDG,SL.UEM.TOTL.ZS,2008,3.438
MDG,SL.UEM.TOTL.ZS,2007,3.205
MDG,SL.UEM.TOTL.ZS,2006,2.946
MDG,SL.UEM.TOTL.ZS,2005,2.62
MDG,SL.UEM.TOTL.ZS,2004,3.946
MDG,SL.UEM.TOTL.ZS,2003,5.01
MDG,SL.UEM.TOTL.ZS,2002,5.502
MDG,SL.UEM.TOTL.ZS,2001,5.35
MDG,SL.UEM.TOTL.ZS,2000,5.8
MDG,SL.UEM.TOTL.ZS,1999,5.823
MDG,SL.UEM.TOTL.ZS,1998,5.9
MDG,SL.UEM.TOTL.ZS,1997,5.969
MDG,SL.UEM.TOTL.ZS,1996,6.087
MDG,SL.UEM.TOTL.ZS,1995,6.088
MDG,SL.UEM.TOTL.ZS,1994,6.103
MDG,SL.UEM.TOTL.ZS,1993,6.307
MDG,SL.UEM.TOTL.ZS,1992,6.268
MDG,SL.UEM.TOTL.ZS,1991,6.168
MDG,SL.UEM.TOTL.ZS,1990,
MDG,SL.UEM.TOTL.ZS,1989,
MDG,SL.UEM.TOTL.ZS,1988,
MDG,SL.UEM.TOTL.ZS,1987,
MDG,SL.UEM.TOTL.ZS,1986,
MDG,SL.UEM.TOTL.ZS,1985,
MDG,SL.UEM.TOTL.ZS,1984,
MDG,SL.UEM.TOTL.ZS,1983,
MDG,SL.UEM.TOTL.ZS,1982,
MDG,SL.UEM.TOTL.ZS,1981,
MDG,SL.UEM.TOTL.ZS,1980,
MDG,SL.UEM.TOTL.ZS,1979,
MDG,SL.UEM.TOTL.ZS,1978,
MDG,SL.UEM.TOTL.ZS,1977,
MDG,SL.UEM.TOTL.ZS,1976,
MDG,SL.UEM.TOTL.ZS,1975,
MDG,SL.UEM.TOTL.ZS,1974,
MDG,SL.UEM.TOTL.ZS,1973,
MDG,SL.UEM.TOTL.ZS,1972,
MDG,SL.UEM.TOTL.ZS,1971,
MDG,SL.UEM.TOTL.ZS,1970,
MDG,SL.UEM.TOTL.ZS,1969,
MDG,SL.UEM.TOTL.ZS,1968,
MDG,SL.UEM.TOTL.ZS,1967,
MDG,SL.UEM.TOTL.ZS,1966,
MDG,SL.UEM.TOTL.ZS,1965,
MDG,SL.UEM.TOTL.ZS,1964,
MDG,SL.UEM.TOTL.ZS,1963,
MDG,SL.UEM.TOTL.ZS,1962,
MDG,SL.UEM.TOTL.ZS,1961,
MDG,SL.UEM.TOTL.ZS,1960,
MWI,SL.UEM.TOTL.ZS,2024,5.045
MWI,SL.UEM.TOTL.ZS,2023,5.033
MWI,SL.UEM.TOTL.ZS,2022,5.037
MWI,SL.UEM.TOTL.ZS,2021,5.662
MWI,SL.UEM.TOTL.ZS,2020,5.728
MWI,SL.UEM.TOTL.ZS,2019,4.966
MWI,SL.UEM.TOTL.ZS,2018,5.014
MWI,SL.UEM.TOTL.ZS,2017,5.039
MWI,SL.UEM.TOTL.ZS,2016,5.007
MWI,SL.UEM.TOTL.ZS,2015,4.954
MWI,SL.UEM.TOTL.ZS,2014,4.967
MWI,SL.UEM.TOTL.ZS,2013,4.978
MWI,SL.UEM.TOTL.ZS,2012,4.952
MWI,SL.UEM.TOTL.ZS,2011,4.842
MWI,SL.UEM.TOTL.ZS,2010,4.798
MWI,SL.UEM.TOTL.ZS,2009,4.754
MWI,SL.UEM.TOTL.ZS,2008,4.814
MWI,SL.UEM.TOTL.ZS,2007,4.888
MWI,SL.UEM.TOTL.ZS,2006,4.96
MWI,SL.UEM.TOTL.ZS,2005,4.944
MWI,SL.UEM.TOTL.ZS,2004,4.971
MWI,SL.UEM.TOTL.ZS,2003,5.157
MWI,SL.UEM.TOTL.ZS,2002,5.233
MWI,SL.UEM.TOTL.ZS,2001,5.209
MWI,SL.UEM.TOTL.ZS,2000,5.048
MWI,SL.UEM.TOTL.ZS,1999,5.009
MWI,SL.UEM.TOTL.ZS,1998,4.935
MWI,SL.UEM.TOTL.ZS,1997,4.723
MWI,SL.UEM.TOTL.ZS,1996,4.955
MWI,SL.UEM.TOTL.ZS,1995,4.914
MWI,SL.UEM.TOTL.ZS,1994,5.349
MWI,SL.UEM.TOTL.ZS,1993,5.002
MWI,SL.UEM.TOTL.ZS,1992,5.073
MWI,SL.UEM.TOTL.ZS,1991,4.923
MWI,SL.UEM.TOTL.ZS,1990,
MWI,SL.UEM.TOTL.ZS,1989,
MWI,SL.UEM.TOTL.ZS,1988,
MWI,SL.UEM.TOTL.ZS,1987,
MWI,SL.UEM.TOTL.ZS,1986,
MWI,SL.UEM.TOTL.ZS,1985,
MWI,SL.UEM.TOTL.ZS,1984,
MWI,SL.UEM.TOTL.ZS,1983,
MWI,SL.UEM.TOTL.ZS,1982,
MWI,SL.UEM.TOTL.ZS,1981,
MWI,SL.UEM.TOTL.ZS,1980,
MWI,SL.UEM.TOTL.ZS,1979,
MWI,SL.UEM.TOTL.ZS,1978,
MWI,SL.UEM.TOTL.ZS,1977,
MWI,SL.UEM.TOTL.ZS,1976,
MWI,SL.UEM.TOTL.ZS,1975,
MWI,SL.UEM.TOTL.ZS,1974,
MWI,SL.UEM.TOTL.ZS,1973,
MWI,SL.UEM.TOTL.ZS,1972,
MWI,SL.UEM.TOTL.ZS,1971,
MWI,SL.UEM.TOTL.ZS,1970,
MWI,SL.UEM.TOTL.ZS,1969,
MWI,SL.UEM.TOTL.ZS,1968,
MWI,SL.UEM.TOTL.ZS,1967,
MWI,SL.UEM.TOTL.ZS,1966,
MWI,SL.UEM.TOTL.ZS,1965,
MWI,SL.UEM.TOTL.ZS,1964,
MWI,SL.UEM.TOTL.ZS,1963,
MWI,SL.UEM.TOTL.ZS,1962,
MWI,SL.UEM.TOTL.ZS,1961,
MWI,SL.UEM.TOTL.ZS,1960,
MYS,SL.UEM.TOTL.ZS,2024,3.826
MYS,SL.UEM.TOTL.ZS,2023,3.869
MYS,SL.UEM.TOTL.ZS,2022,3.93
MYS,SL.UEM.TOTL.ZS,2021,4.64
MYS,SL.UEM.TOTL.ZS,2020,4.54
MYS,SL.UEM.TOTL.ZS,2019,3.26
MYS,SL.UEM.TOTL.ZS,2018,3.3
MYS,SL.UEM.TOTL.ZS,2017,3.41
MYS,SL.UEM.TOTL.ZS,2016,3.44
MYS,SL.UEM.TOTL.ZS,2015,3.1
MYS,SL.UEM.TOTL.ZS,2014,2.88
MYS,SL.UEM.TOTL.ZS,2013,3.16
MYS,SL.UEM.TOTL.ZS,2012,3.1
MYS,SL.UEM.TOTL.ZS,2011,3.05
MYS,SL.UEM.TOTL.ZS,2010,3.39
MYS,SL.UEM.TOTL.ZS,2009,3.66
MYS,SL.UEM.TOTL.ZS,2008,3.32
MYS,SL.UEM.TOTL.ZS,2007,3.23
MYS,SL.UEM.TOTL.ZS,2006,3.32
MYS,SL.UEM.TOTL.ZS,2005,3.53
MYS,SL.UEM.TOTL.ZS,2004,3.54
MYS,SL.UEM.TOTL.ZS,2003,3.61
MYS,SL.UEM.TOTL.ZS,2002,3.48
MYS,SL.UEM.TOTL.ZS,2001,3.53
MYS,SL.UEM.TOTL.ZS,2000,3.0
MYS,SL.UEM.TOTL.ZS,1999,3.43
MYS,SL.UEM.TOTL.ZS,1998,3.2
MYS,SL.UEM.TOTL.ZS,1997,2.45
MYS,SL.UEM.TOTL.ZS,1996,2.52
MYS,SL.UEM.TOTL.ZS,1995,3.15
MYS,SL.UEM.TOTL.ZS,1994,3.64
MYS,SL.UEM.TOTL.ZS,1993,4.11
MYS,SL.UEM.TOTL.ZS,1992,3.71
MYS,SL.UEM.TOTL.ZS,1991,3.702
MYS,SL.UEM.TOTL.ZS,1990,
MYS,SL.UEM.TOTL.ZS,1989,
MYS,SL.UEM.TOTL.ZS,1988,
MYS,SL.UEM.TOTL.ZS,1987,
MYS,SL.UEM.TOTL.ZS,1986,
MYS,SL.UEM.TOTL.ZS,1985,
MYS,SL.UEM.TOTL.ZS,1984,
MYS,SL.UEM.TOTL.ZS,1983,
MYS,SL.UEM.TOTL.ZS,1982,
MYS,SL.UEM.TOTL.ZS,1981,
MYS,SL.UEM.TOTL.ZS,1980,
MYS,SL.UEM.TOTL.ZS,1979,
MYS,SL.UEM.TOTL.ZS,1978,
MYS,SL.UEM.TOTL.ZS,1977,
MYS,SL.UEM.TOTL.ZS,1976,
MYS,SL.UEM.TOTL.ZS,1975,
MYS,SL.UEM.TOTL.ZS,1974,
MYS,SL.UEM.TOTL.ZS,1973,
MYS,SL.UEM.TOTL.ZS,1972,
MYS,SL.UEM.TOTL.ZS,1971,
MYS,SL.UEM.TOTL.ZS,1970,
MYS,SL.UEM.TOTL.ZS,1969,
MYS,SL.UEM.TOTL.ZS,1968,
MYS,SL.UEM.TOTL.ZS,1967,
MYS,SL.UEM.TOTL.ZS,1966,
MYS,SL.UEM.TOTL.ZS,1965,
MYS,SL.UEM.TOTL.ZS,1964,
MYS,SL.UEM.TOTL.ZS,1963,
MYS,SL.UEM.TOTL.ZS,1962,
MYS,SL.UEM.TOTL.ZS,1961,
MYS,SL.UEM.TOTL.ZS,1960,
MDV,SL.UEM.TOTL.ZS,2024,4.636
MDV,SL.UEM.TOTL.ZS,2023,4.241
MDV,SL.UEM.TOTL.ZS,2022,4.419
MDV,SL.UEM.TOTL.ZS,2021,5.024
MDV,SL.UEM.TOTL.ZS,2020,5.434
MDV,SL.UEM.TOTL.ZS,2019,4.562
MDV,SL.UEM.TOTL.ZS,2018,4.95
MDV,SL.UEM.TOTL.ZS,2017,5.401
MDV,SL.UEM.TOTL.ZS,2016,5.771
MDV,SL.UEM.TOTL.ZS,2015,6.604
MDV,SL.UEM.TOTL.ZS,2014,7.477
MDV,SL.UEM.TOTL.ZS,2013,8.3
MDV,SL.UEM.TOTL.ZS,2012,9.14
MDV,SL.UEM.TOTL.ZS,2011,10.06
MDV,SL.UEM.TOTL.ZS,2010,10.881
MDV,SL.UEM.TOTL.ZS,2009,11.697
MDV,SL.UEM.TOTL.ZS,2008,10.242
MDV,SL.UEM.TOTL.ZS,2007,9.447
MDV,SL.UEM.TOTL.ZS,2006,8.392
MDV,SL.UEM.TOTL.ZS,2005,7.328
MDV,SL.UEM.TOTL.ZS,2004,6.1
MDV,SL.UEM.TOTL.ZS,2003,5.134
MDV,SL.UEM.TOTL.ZS,2002,4.148
MDV,SL.UEM.TOTL.ZS,2001,3.083
MDV,SL.UEM.TOTL.ZS,2000,1.97
MDV,SL.UEM.TOTL.ZS,1999,1.71
MDV,SL.UEM.TOTL.ZS,1998,1.47
MDV,SL.UEM.TOTL.ZS,1997,1.24
MDV,SL.UEM.TOTL.ZS,1996,1.013
MDV,SL.UEM.TOTL.ZS,1995,0.79
MDV,SL.UEM.TOTL.ZS,1994,0.791
MDV,SL.UEM.TOTL.ZS,1993,0.792
MDV,SL.UEM.TOTL.ZS,1992,0.805
MDV,SL.UEM.TOTL.ZS,1991,0.799
MDV,SL.UEM.TOTL.ZS,1990,
MDV,SL.UEM.TOTL.ZS,1989,
MDV,SL.UEM.TOTL.ZS,1988,
MDV,SL.UEM.TOTL.ZS,1987,
MDV,SL.UEM.TOTL.ZS,1986,
MDV,SL.UEM.TOTL.ZS,1985,
MDV,SL.UEM.TOTL.ZS,1984,
MDV,SL.UEM.TOTL.ZS,1983,
MDV,SL.UEM.TOTL.ZS,1982,
MDV,SL.UEM.TOTL.ZS,1981,
MDV,SL.UEM.TOTL.ZS,1980,
MDV,SL.UEM.TOTL.ZS,1979,
MDV,SL.UEM.TOTL.ZS,1978,
MDV,SL.UEM.TOTL.ZS,1977,
MDV,SL.UEM.TOTL.ZS,1976,
MDV,SL.UEM.TOTL.ZS,1975,
MDV,SL.UEM.TOTL.ZS,1974,
MDV,SL.UEM.TOTL.ZS,1973,
MDV,SL.UEM.TOTL.ZS,1972,
MDV,SL.UEM.TOTL.ZS,1971,
MDV,SL.UEM.TOTL.ZS,1970,
MDV,SL.UEM.TOTL.ZS,1969,
MDV,SL.UEM.TOTL.ZS,1968,
MDV,SL.UEM.TOTL.ZS,1967,
MDV,SL.UEM.TOTL.ZS,1966,
MDV,SL.UEM.TOTL.ZS,1965,
MDV,SL.UEM.TOTL.ZS,1964,
MDV,SL.UEM.TOTL.ZS,1963,
MDV,SL.UEM.TOTL.ZS,1962,
MDV,SL.UEM.TOTL.ZS,1961,
MDV,SL.UEM.TOTL.ZS,1960,
MLI,SL.UEM.TOTL.ZS,2024,3.06
MLI,SL.UEM.TOTL.ZS,2023,2.956
MLI,SL.UEM.TOTL.ZS,2022,2.387
MLI,SL.UEM.TOTL.ZS,2021,3.966
MLI,SL.UEM.TOTL.ZS,2020,3.528
MLI,SL.UEM.TOTL.ZS,2019,3.29
MLI,SL.UEM.TOTL.ZS,2018,1.62
MLI,SL.UEM.TOTL.ZS,2017,1.494
MLI,SL.UEM.TOTL.ZS,2016,1.367
MLI,SL.UEM.TOTL.ZS,2015,1.401
MLI,SL.UEM.TOTL.ZS,2014,1.474
MLI,SL.UEM.TOTL.ZS,2013,1.516
MLI,SL.UEM.TOTL.ZS,2012,1.482
MLI,SL.UEM.TOTL.ZS,2011,1.422
MLI,SL.UEM.TOTL.ZS,2010,1.405
MLI,SL.UEM.TOTL.ZS,2009,1.423
MLI,SL.UEM.TOTL.ZS,2008,1.424
MLI,SL.UEM.TOTL.ZS,2007,1.405
MLI,SL.UEM.TOTL.ZS,2006,1.425
MLI,SL.UEM.TOTL.ZS,2005,1.379
MLI,SL.UEM.TOTL.ZS,2004,1.412
MLI,SL.UEM.TOTL.ZS,2003,1.281
MLI,SL.UEM.TOTL.ZS,2002,1.364
MLI,SL.UEM.TOTL.ZS,2001,1.338
MLI,SL.UEM.TOTL.ZS,2000,1.414
MLI,SL.UEM.TOTL.ZS,1999,1.364
MLI,SL.UEM.TOTL.ZS,1998,1.35
MLI,SL.UEM.TOTL.ZS,1997,1.414
MLI,SL.UEM.TOTL.ZS,1996,1.424
MLI,SL.UEM.TOTL.ZS,1995,1.464
MLI,SL.UEM.TOTL.ZS,1994,1.509
MLI,SL.UEM.TOTL.ZS,1993,1.423
MLI,SL.UEM.TOTL.ZS,1992,1.483
MLI,SL.UEM.TOTL.ZS,1991,1.405
MLI,SL.UEM.TOTL.ZS,1990,
MLI,SL.UEM.TOTL.ZS,1989,
MLI,SL.UEM.TOTL.ZS,1988,
MLI,SL.UEM.TOTL.ZS,1987,
MLI,SL.UEM.TOTL.ZS,1986,
MLI,SL.UEM.TOTL.ZS,1985,
MLI,SL.UEM.TOTL.ZS,1984,
MLI,SL.UEM.TOTL.ZS,1983,
MLI,SL.UEM.TOTL.ZS,1982,
MLI,SL.UEM.TOTL.ZS,1981,
MLI,SL.UEM.TOTL.ZS,1980,
MLI,SL.UEM.TOTL.ZS,1979,
MLI,SL.UEM.TOTL.ZS,1978,
MLI,SL.UEM.TOTL.ZS,1977,
MLI,SL.UEM.TOTL.ZS,1976,
MLI,SL.UEM.TOTL.ZS,1975,
MLI,SL.UEM.TOTL.ZS,1974,
MLI,SL.UEM.TOTL.ZS,1973,
MLI,SL.UEM.TOTL.ZS,1972,
MLI,SL.UEM.TOTL.ZS,1971,
MLI,SL.UEM.TOTL.ZS,1970,
MLI,SL.UEM.TOTL.ZS,1969,
MLI,SL.UEM.TOTL.ZS,1968,
MLI,SL.UEM.TOTL.ZS,1967,
MLI,SL.UEM.TOTL.ZS,1966,
MLI,SL.UEM.TOTL.ZS,1965,
MLI,SL.UEM.TOTL.ZS,1964,
MLI,SL.UEM.TOTL.ZS,1963,
MLI,SL.UEM.TOTL.ZS,1962,
MLI,SL.UEM.TOTL.ZS,1961,
MLI,SL.UEM.TOTL.ZS,1960,
MLT,SL.UEM.TOTL.ZS,2024,2.703
MLT,SL.UEM.TOTL.ZS,2023,3.11
MLT,SL.UEM.TOTL.ZS,2022,2.921
MLT,SL.UEM.TOTL.ZS,2021,3.394
MLT,SL.UEM.TOTL.ZS,2020,4.347
MLT,SL.UEM.TOTL.ZS,2019,3.616
MLT,SL.UEM.TOTL.ZS,2018,3.658
MLT,SL.UEM.TOTL.ZS,2017,4.002
MLT,SL.UEM.TOTL.ZS,2016,4.687
MLT,SL.UEM.TOTL.ZS,2015,5.389
MLT,SL.UEM.TOTL.ZS,2014,5.725
MLT,SL.UEM.TOTL.ZS,2013,6.106
MLT,SL.UEM.TOTL.ZS,2012,6.197
MLT,SL.UEM.TOTL.ZS,2011,6.378
MLT,SL.UEM.TOTL.ZS,2010,6.847
MLT,SL.UEM.TOTL.ZS,2009,6.889
MLT,SL.UEM.TOTL.ZS,2008,5.977
MLT,SL.UEM.TOTL.ZS,2007,6.472
MLT,SL.UEM.TOTL.ZS,2006,6.798
MLT,SL.UEM.TOTL.ZS,2005,6.923
MLT,SL.UEM.TOTL.ZS,2004,7.317
MLT,SL.UEM.TOTL.ZS,2003,7.488
MLT,SL.UEM.TOTL.ZS,2002,6.902
MLT,SL.UEM.TOTL.ZS,2001,7.107
MLT,SL.UEM.TOTL.ZS,2000,6.324
MLT,SL.UEM.TOTL.ZS,1999,6.327
MLT,SL.UEM.TOTL.ZS,1998,6.33
MLT,SL.UEM.TOTL.ZS,1997,6.333
MLT,SL.UEM.TOTL.ZS,1996,6.337
MLT,SL.UEM.TOTL.ZS,1995,6.34
MLT,SL.UEM.TOTL.ZS,1994,6.343
MLT,SL.UEM.TOTL.ZS,1993,6.346
MLT,SL.UEM.TOTL.ZS,1992,6.349
MLT,SL.UEM.TOTL.ZS,1991,6.353
MLT,SL.UEM.TOTL.ZS,1990,
MLT,SL.UEM.TOTL.ZS,1989,
MLT,SL.UEM.TOTL.ZS,1988,
MLT,SL.UEM.TOTL.ZS,1987,
MLT,SL.UEM.TOTL.ZS,1986,
MLT,SL.UEM.TOTL.ZS,1985,
MLT,SL.UEM.TOTL.ZS,1984,
MLT,SL.UEM.TOTL.ZS,1983,
MLT,SL.UEM.TOTL.ZS,1982,
MLT,SL.UEM.TOTL.ZS,1981,
MLT,SL.UEM.TOTL.ZS,1980,
MLT,SL.UEM.TOTL.ZS,1979,
MLT,SL.UEM.TOTL.ZS,1978,
MLT,SL.UEM.TOTL.ZS,1977,
MLT,SL.UEM.TOTL.ZS,1976,
MLT,SL.UEM.TOTL.ZS,1975,
MLT,SL.UEM.TOTL.ZS,1974,
MLT,SL.UEM.TOTL.ZS,1973,
MLT,SL.UEM.TOTL.ZS,1972,
MLT,SL.UEM.TOTL.ZS,1971,
MLT,SL.UEM.TOTL.ZS,1970,
MLT,SL.UEM.TOTL.ZS,1969,
MLT,SL.UEM.TOTL.ZS,1968,
MLT,SL.UEM.TOTL.ZS,1967,
MLT,SL.UEM.TOTL.ZS,1966,
MLT,SL.UEM.TOTL.ZS,1965,
MLT,SL.UEM.TOTL.ZS,1964,
MLT,SL.UEM.TOTL.ZS,1963,
MLT,SL.UEM.TOTL.ZS,1962,
MLT,SL.UEM.TOTL.ZS,1961,
MLT,SL.UEM.TOTL.ZS,1960,
MHL,SL.UEM.TOTL.ZS,2024,
MHL,SL.UEM.TOTL.ZS,2023,
MHL,SL.UEM.TOTL.ZS,2022,
MHL,SL.UEM.TOTL.ZS,2021,
MHL,SL.UEM.TOTL.ZS,2020,
MHL,SL.UEM.TOTL.ZS,2019,
MHL,SL.UEM.TOTL.ZS,2018,
MHL,SL.UEM.TOTL.ZS,2017,
MHL,SL.UEM.TOTL.ZS,2016,
MHL,SL.UEM.TOTL.ZS,2015,
MHL,SL.UEM.TOTL.ZS,2014,
MHL,SL.UEM.TOTL.ZS,2013,
MHL,SL.UEM.TOTL.ZS,2012,
MHL,SL.UEM.TOTL.ZS,2011,
MHL,SL.UEM.TOTL.ZS,2010,
MHL,SL.UEM.TOTL.ZS,2009,
MHL,SL.UEM.TOTL.ZS,2008,
MHL,SL.UEM.TOTL.ZS,2007,
MHL,SL.UEM.TOTL.ZS,2006,
MHL,SL.UEM.TOTL.ZS,2005,
MHL,SL.UEM.TOTL.ZS,2004,
MHL,SL.UEM.TOTL.ZS,2003,
MHL,SL.UEM.TOTL.ZS,2002,
MHL,SL.UEM.TOTL.ZS,2001,
MHL,SL.UEM.TOTL.ZS,2000,
MHL,SL.UEM.TOTL.ZS,1999,
MHL,SL.UEM.TOTL.ZS,1998,
MHL,SL.UEM.TOTL.ZS,1997,
MHL,SL.UEM.TOTL.ZS,1996,
MHL,SL.UEM.TOTL.ZS,1995,
MHL,SL.UEM.TOTL.ZS,1994,
MHL,SL.UEM.TOTL.ZS,1993,
MHL,SL.UEM.TOTL.ZS,1992,
MHL,SL.UEM.TOTL.ZS,1991,
MHL,SL.UEM.TOTL.ZS,1990,
MHL,SL.UEM.TOTL.ZS,1989,
MHL,SL.UEM.TOTL.ZS,1988,
MHL,SL.UEM.TOTL.ZS,1987,
MHL,SL.UEM.TOTL.ZS,1986,
MHL,SL.UEM.TOTL.ZS,1985,
MHL,SL.UEM.TOTL.ZS,1984,
MHL,SL.UEM.TOTL.ZS,1983,
MHL,SL.UEM.TOTL.ZS,1982,
MHL,SL.UEM.TOTL.ZS,1981,
MHL,SL.UEM.TOTL.ZS,1980,
MHL,SL.UEM.TOTL.ZS,1979,
MHL,SL.UEM.TOTL.ZS,1978,
MHL,SL.UEM.TOTL.ZS,1977,
MHL,SL.UEM.TOTL.ZS,1976,
MHL,SL.UEM.TOTL.ZS,1975,
MHL,SL.UEM.TOTL.ZS,1974,
MHL,SL.UEM.TOTL.ZS,1973,
MHL,SL.UEM.TOTL.ZS,1972,
MHL,SL.UEM.TOTL.ZS,1971,
MHL,SL.UEM.TOTL.ZS,1970,
MHL,SL.UEM.TOTL.ZS,1969,
MHL,SL.UEM.TOTL.ZS,1968,
MHL,SL.UEM.TOTL.ZS,1967,
MHL,SL.UEM.TOTL.ZS,1966,
MHL,SL.UEM.TOTL.ZS,1965,
MHL,SL.UEM.TOTL.ZS,1964,
MHL,SL.UEM.TOTL.ZS,1963,
MHL,SL.UEM.TOTL.ZS,1962,
MHL,SL.UEM.TOTL.ZS,1961,
MHL,SL.UEM.TOTL.ZS,1960,
MRT,SL.UEM.TOTL.ZS,2024,10.373
MRT,SL.UEM.TOTL.ZS,2023,10.446
MRT,SL.UEM.TOTL.ZS,2022,10.531
MRT,SL.UEM.TOTL.ZS,2021,11.144
MRT,SL.UEM.TOTL.ZS,2020,11.054
MRT,SL.UEM.TOTL.ZS,2019,10.416
MRT,SL.UEM.TOTL.ZS,2018,10.407
MRT,SL.UEM.TOTL.ZS,2017,10.336
MRT,SL.UEM.TOTL.ZS,2016,10.283
MRT,SL.UEM.TOTL.ZS,2015,10.108
MRT,SL.UEM.TOTL.ZS,2014,10.028
MRT,SL.UEM.TOTL.ZS,2013,9.929
MRT,SL.UEM.TOTL.ZS,2012,9.864
MRT,SL.UEM.TOTL.ZS,2011,9.968
MRT,SL.UEM.TOTL.ZS,2010,10.075
MRT,SL.UEM.TOTL.ZS,2009,10.186
MRT,SL.UEM.TOTL.ZS,2008,9.735
MRT,SL.UEM.TOTL.ZS,2007,9.524
MRT,SL.UEM.TOTL.ZS,2006,9.37
MRT,SL.UEM.TOTL.ZS,2005,9.626
MRT,SL.UEM.TOTL.ZS,2004,9.791
MRT,SL.UEM.TOTL.ZS,2003,9.921
MRT,SL.UEM.TOTL.ZS,2002,10.185
MRT,SL.UEM.TOTL.ZS,2001,10.125
MRT,SL.UEM.TOTL.ZS,2000,10.033
MRT,SL.UEM.TOTL.ZS,1999,10.036
MRT,SL.UEM.TOTL.ZS,1998,9.984
MRT,SL.UEM.TOTL.ZS,1997,9.815
MRT,SL.UEM.TOTL.ZS,1996,9.794
MRT,SL.UEM.TOTL.ZS,1995,9.797
MRT,SL.UEM.TOTL.ZS,1994,9.991
MRT,SL.UEM.TOTL.ZS,1993,9.874
MRT,SL.UEM.TOTL.ZS,1992,10.058
MRT,SL.UEM.TOTL.ZS,1991,9.984
MRT,SL.UEM.TOTL.ZS,1990,
MRT,SL.UEM.TOTL.ZS,1989,
MRT,SL.UEM.TOTL.ZS,1988,
MRT,SL.UEM.TOTL.ZS,1987,
MRT,SL.UEM.TOTL.ZS,1986,
MRT,SL.UEM.TOTL.ZS,1985,
MRT,SL.UEM.TOTL.ZS,1984,
MRT,SL.UEM.TOTL.ZS,1983,
MRT,SL.UEM.TOTL.ZS,1982,
MRT,SL.UEM.TOTL.ZS,1981,
MRT,SL.UEM.TOTL.ZS,1980,
MRT,SL.UEM.TOTL.ZS,1979,
MRT,SL.UEM.TOTL.ZS,1978,
MRT,SL.UEM.TOTL.ZS,1977,
MRT,SL.UEM.TOTL.ZS,1976,
MRT,SL.UEM.TOTL.ZS,1975,
MRT,SL.UEM.TOTL.ZS,1974,
MRT,SL.UEM.TOTL.ZS,1973,
MRT,SL.UEM.TOTL.ZS,1972,
MRT,SL.UEM.TOTL.ZS,1971,
MRT,SL.UEM.TOTL.ZS,1970,
MRT,SL.UEM.TOTL.ZS,1969,
MRT,SL.UEM.TOTL.ZS,1968,
MRT,SL.UEM.TOTL.ZS,1967,
MRT,SL.UEM.TOTL.ZS,1966,
MRT,SL.UEM.TOTL.ZS,1965,
MRT,SL.UEM.TOTL.ZS,1964,
MRT,SL.UEM.TOTL.ZS,1963,
MRT,SL.UEM.TOTL.ZS,1962,
MRT,SL.UEM.TOTL.ZS,1961,
MRT,SL.UEM.TOTL.ZS,1960,
MUS,SL.UEM.TOTL.ZS,2024,5.476
MUS,SL.UEM.TOTL.ZS,2023,5.571
MUS,SL.UEM.TOTL.ZS,2022,6.322
MUS,SL.UEM.TOTL.ZS,2021,7.719
MUS,SL.UEM.TOTL.ZS,2020,8.626
MUS,SL.UEM.TOTL.ZS,2019,6.331
MUS,SL.UEM.TOTL.ZS,2018,6.426
MUS,SL.UEM.TOTL.ZS,2017,6.752
MUS,SL.UEM.TOTL.ZS,2016,6.814
MUS,SL.UEM.TOTL.ZS,2015,7.41
MUS,SL.UEM.TOTL.ZS,2014,7.467
MUS,SL.UEM.TOTL.ZS,2013,7.322
MUS,SL.UEM.TOTL.ZS,2012,7.472
MUS,SL.UEM.TOTL.ZS,2011,7.447
MUS,SL.UEM.TOTL.ZS,2010,7.654
MUS,SL.UEM.TOTL.ZS,2009,7.257
MUS,SL.UEM.TOTL.ZS,2008,7.17
MUS,SL.UEM.TOTL.ZS,2007,8.475
MUS,SL.UEM.TOTL.ZS,2006,9.04
MUS,SL.UEM.TOTL.ZS,2005,9.524
MUS,SL.UEM.TOTL.ZS,2004,8.337
MUS,SL.UEM.TOTL.ZS,2003,8.311
MUS,SL.UEM.TOTL.ZS,2002,8.205
MUS,SL.UEM.TOTL.ZS,2001,9.14
MUS,SL.UEM.TOTL.ZS,2000,9.138
MUS,SL.UEM.TOTL.ZS,1999,9.28
MUS,SL.UEM.TOTL.ZS,1998,9.269
MUS,SL.UEM.TOTL.ZS,1997,9.39
MUS,SL.UEM.TOTL.ZS,1996,9.505
MUS,SL.UEM.TOTL.ZS,1995,9.59
MUS,SL.UEM.TOTL.ZS,1994,9.524
MUS,SL.UEM.TOTL.ZS,1993,9.512
MUS,SL.UEM.TOTL.ZS,1992,9.451
MUS,SL.UEM.TOTL.ZS,1991,9.507
MUS,SL.UEM.TOTL.ZS,1990,
MUS,SL.UEM.TOTL.ZS,1989,
MUS,SL.UEM.TOTL.ZS,1988,
MUS,SL.UEM.TOTL.ZS,1987,
MUS,SL.UEM.TOTL.ZS,1986,
MUS,SL.UEM.TOTL.ZS,1985,
MUS,SL.UEM.TOTL.ZS,1984,
MUS,SL.UEM.TOTL.ZS,1983,
MUS,SL.UEM.TOTL.ZS,1982,
MUS,SL.UEM.TOTL.ZS,1981,
MUS,SL.UEM.TOTL.ZS,1980,
MUS,SL.UEM.TOTL.ZS,1979,
MUS,SL.UEM.TOTL.ZS,1978,
MUS,SL.UEM.TOTL.ZS,1977,
MUS,SL.UEM.TOTL.ZS,1976,
MUS,SL.UEM.TOTL.ZS,1975,
MUS,SL.UEM.TOTL.ZS,1974,
MUS,SL.UEM.TOTL.ZS,1973,
MUS,SL.UEM.TOTL.ZS,1972,
MUS,SL.UEM.TOTL.ZS,1971,
MUS,SL.UEM.TOTL.ZS,1970,
MUS,SL.UEM.TOTL.ZS,1969,
MUS,SL.UEM.TOTL.ZS,1968,
MUS,SL.UEM.TOTL.ZS,1967,
MUS,SL.UEM.TOTL.ZS,1966,
MUS,SL.UEM.TOTL.ZS,1965,
MUS,SL.UEM.TOTL.ZS,1964,
MUS,SL.UEM.TOTL.ZS,1963,
MUS,SL.UEM.TOTL.ZS,1962,
MUS,SL.UEM.TOTL.ZS,1961,
MUS,SL.UEM.TOTL.ZS,1960,
MEX,SL.UEM.TOTL.ZS,2024,2.711
MEX,SL.UEM.TOTL.ZS,2023,2.765
MEX,SL.UEM.TOTL.ZS,2022,3.256
MEX,SL.UEM.TOTL.ZS,2021,4.019
MEX,SL.UEM.TOTL.ZS,2020,4.44
MEX,SL.UEM.TOTL.ZS,2019,3.477
MEX,SL.UEM.TOTL.ZS,2018,3.275
MEX,SL.UEM.TOTL.ZS,2017,3.419
MEX,SL.UEM.TOTL.ZS,2016,3.853
MEX,SL.UEM.TOTL.ZS,2015,4.311
MEX,SL.UEM.TOTL.ZS,2014,4.819
MEX,SL.UEM.TOTL.ZS,2013,4.921
MEX,SL.UEM.TOTL.ZS,2012,4.892
MEX,SL.UEM.TOTL.ZS,2011,5.175
MEX,SL.UEM.TOTL.ZS,2010,5.303
MEX,SL.UEM.TOTL.ZS,2009,5.356
MEX,SL.UEM.TOTL.ZS,2008,3.874
MEX,SL.UEM.TOTL.ZS,2007,3.628
MEX,SL.UEM.TOTL.ZS,2006,3.566
MEX,SL.UEM.TOTL.ZS,2005,3.558
MEX,SL.UEM.TOTL.ZS,2004,3.937
MEX,SL.UEM.TOTL.ZS,2003,3.455
MEX,SL.UEM.TOTL.ZS,2002,3.003
MEX,SL.UEM.TOTL.ZS,2001,2.627
MEX,SL.UEM.TOTL.ZS,2000,2.646
MEX,SL.UEM.TOTL.ZS,1999,2.598
MEX,SL.UEM.TOTL.ZS,1998,3.733
MEX,SL.UEM.TOTL.ZS,1997,4.235
MEX,SL.UEM.TOTL.ZS,1996,5.465
MEX,SL.UEM.TOTL.ZS,1995,7.095
MEX,SL.UEM.TOTL.ZS,1994,4.436
MEX,SL.UEM.TOTL.ZS,1993,3.365
MEX,SL.UEM.TOTL.ZS,1992,3.235
MEX,SL.UEM.TOTL.ZS,1991,3.145
MEX,SL.UEM.TOTL.ZS,1990,
MEX,SL.UEM.TOTL.ZS,1989,
MEX,SL.UEM.TOTL.ZS,1988,
MEX,SL.UEM.TOTL.ZS,1987,
MEX,SL.UEM.TOTL.ZS,1986,
MEX,SL.UEM.TOTL.ZS,1985,
MEX,SL.UEM.TOTL.ZS,1984,
MEX,SL.UEM.TOTL.ZS,1983,
MEX,SL.UEM.TOTL.ZS,1982,
MEX,SL.UEM.TOTL.ZS,1981,
MEX,SL.UEM.TOTL.ZS,1980,
MEX,SL.UEM.TOTL.ZS,1979,
MEX,SL.UEM.TOTL.ZS,1978,
MEX,SL.UEM.TOTL.ZS,1977,
MEX,SL.UEM.TOTL.ZS,1976,
MEX,SL.UEM.TOTL.ZS,1975,
MEX,SL.UEM.TOTL.ZS,1974,
MEX,SL.UEM.TOTL.ZS,1973,
MEX,SL.UEM.TOTL.ZS,1972,
MEX,SL.UEM.TOTL.ZS,1971,
MEX,SL.UEM.TOTL.ZS,1970,
MEX,SL.UEM.TOTL.ZS,1969,
MEX,SL.UEM.TOTL.ZS,1968,
MEX,SL.UEM.TOTL.ZS,1967,
MEX,SL.UEM.TOTL.ZS,1966,
MEX,SL.UEM.TOTL.ZS,1965,
MEX,SL.UEM.TOTL.ZS,1964,
MEX,SL.UEM.TOTL.ZS,1963,
MEX,SL.UEM.TOTL.ZS,1962,
MEX,SL.UEM.TOTL.ZS,1961,
MEX,SL.UEM.TOTL.ZS,1960,
FSM,SL.UEM.TOTL.ZS,2024,
FSM,SL.UEM.TOTL.ZS,2023,
FSM,SL.UEM.TOTL.ZS,2022,
FSM,SL.UEM.TOTL.ZS,2021,
FSM,SL.UEM.TOTL.ZS,2020,
FSM,SL.UEM.TOTL.ZS,2019,
FSM,SL.UEM.TOTL.ZS,2018,
FSM,SL.UEM.TOTL.ZS,2017,
FSM,SL.UEM.TOTL.ZS,2016,
FSM,SL.UEM.TOTL.ZS,2015,
FSM,SL.UEM.TOTL.ZS,2014,
FSM,SL.UEM.TOTL.ZS,2013,
FSM,SL.UEM.TOTL.ZS,2012,
FSM,SL.UEM.TOTL.ZS,2011,
FSM,SL.UEM.TOTL.ZS,2010,
FSM,SL.UEM.TOTL.ZS,2009,
FSM,SL.UEM.TOTL.ZS,2008,
FSM,SL.UEM.TOTL.ZS,2007,
FSM,SL.UEM.TOTL.ZS,2006,
FSM,SL.UEM.TOTL.ZS,2005,
FSM,SL.UEM.TOTL.ZS,2004,
FSM,SL.UEM.TOTL.ZS,2003,
FSM,SL.UEM.TOTL.ZS,2002,
FSM,SL.UEM.TOTL.ZS,2001,
FSM,SL.UEM.TOTL.ZS,2000,
FSM,SL.UEM.TOTL.ZS,1999,
FSM,SL.UEM.TOTL.ZS,1998,
FSM,SL.UEM.TOTL.ZS,1997,
FSM,SL.UEM.TOTL.ZS,1996,
FSM,SL.UEM.TOTL.ZS,1995,
FSM,SL.UEM.TOTL.ZS,1994,
FSM,SL.UEM.TOTL.ZS,1993,
FSM,SL.UEM.TOTL.ZS,1992,
FSM,SL.UEM.TOTL.ZS,1991,
FSM,SL.UEM.TOTL.ZS,1990,
FSM,SL.UEM.TOTL.ZS,1989,
FSM,SL.UEM.TOTL.ZS,1988,
FSM,SL.UEM.TOTL.ZS,1987,
FSM,SL.UEM.TOTL.ZS,1986,
FSM,SL.UEM.TOTL.ZS,1985,
FSM,SL.UEM.TOTL.ZS,1984,
FSM,SL.UEM.TOTL.ZS,1983,
FSM,SL.UEM.TOTL.ZS,1982,
FSM,SL.UEM.TOTL.ZS,1981,
FSM,SL.UEM.TOTL.ZS,1980,
FSM,SL.UEM.TOTL.ZS,1979,
FSM,SL.UEM.TOTL.ZS,1978,
FSM,SL.UEM.TOTL.ZS,1977,
FSM,SL.UEM.TOTL.ZS,1976,
FSM,SL.UEM.TOTL.ZS,1975,
FSM,SL.UEM.TOTL.ZS,1974,
FSM,SL.UEM.TOTL.ZS,1973,
FSM,SL.UEM.TOTL.ZS,1972,
FSM,SL.UEM.TOTL.ZS,1971,
FSM,SL.UEM.TOTL.ZS,1970,
FSM,SL.UEM.TOTL.ZS,1969,
FSM,SL.UEM.TOTL.ZS,1968,
FSM,SL.UEM.TOTL.ZS,1967,
FSM,SL.UEM.TOTL.ZS,1966,
FSM,SL.UEM.TOTL.ZS,1965,
FSM,SL.UEM.TOTL.ZS,1964,
FSM,SL.UEM.TOTL.ZS,1963,
FSM,SL.UEM.TOTL.ZS,1962,
FSM,SL.UEM.TOTL.ZS,1961,
FSM,SL.UEM.TOTL.ZS,1960,
MDA,SL.UEM.TOTL.ZS,2024,1.434
MDA,SL.UEM.TOTL.ZS,2023,1.555
MDA,SL.UEM.TOTL.ZS,2022,0.897
MDA,SL.UEM.TOTL.ZS,2021,0.785
MDA,SL.UEM.TOTL.ZS,2020,1.186
MDA,SL.UEM.TOTL.ZS,2019,1.466
MDA,SL.UEM.TOTL.ZS,2018,1.196
MDA,SL.UEM.TOTL.ZS,2017,1.586
MDA,SL.UEM.TOTL.ZS,2016,1.557
MDA,SL.UEM.TOTL.ZS,2015,1.742
MDA,SL.UEM.TOTL.ZS,2014,1.425
MDA,SL.UEM.TOTL.ZS,2013,1.873
MDA,SL.UEM.TOTL.ZS,2012,2.151
MDA,SL.UEM.TOTL.ZS,2011,2.648
MDA,SL.UEM.TOTL.ZS,2010,2.937
MDA,SL.UEM.TOTL.ZS,2009,2.987
MDA,SL.UEM.TOTL.ZS,2008,2.073
MDA,SL.UEM.TOTL.ZS,2007,2.723
MDA,SL.UEM.TOTL.ZS,2006,4.2
MDA,SL.UEM.TOTL.ZS,2005,5.633
MDA,SL.UEM.TOTL.ZS,2004,6.374
MDA,SL.UEM.TOTL.ZS,2003,6.378
MDA,SL.UEM.TOTL.ZS,2002,6.845
MDA,SL.UEM.TOTL.ZS,2001,7.366
MDA,SL.UEM.TOTL.ZS,2000,8.539
MDA,SL.UEM.TOTL.ZS,1999,11.14
MDA,SL.UEM.TOTL.ZS,1998,10.0
MDA,SL.UEM.TOTL.ZS,1997,7.9
MDA,SL.UEM.TOTL.ZS,1996,7.9
MDA,SL.UEM.TOTL.ZS,1995,5.3
MDA,SL.UEM.TOTL.ZS,1994,5.8
MDA,SL.UEM.TOTL.ZS,1993,3.7
MDA,SL.UEM.TOTL.ZS,1992,3.7
MDA,SL.UEM.TOTL.ZS,1991,1.9
MDA,SL.UEM.TOTL.ZS,1990,
MDA,SL.UEM.TOTL.ZS,1989,
MDA,SL.UEM.TOTL.ZS,1988,
MDA,SL.UEM.TOTL.ZS,1987,
MDA,SL.UEM.TOTL.ZS,1986,
MDA,SL.UEM.TOTL.ZS,1985,
MDA,SL.UEM.TOTL.ZS,1984,
MDA,SL.UEM.TOTL.ZS,1983,
MDA,SL.UEM.TOTL.ZS,1982,
MDA,SL.UEM.TOTL.ZS,1981,
MDA,SL.UEM.TOTL.ZS,1980,
MDA,SL.UEM.TOTL.ZS,1979,
MDA,SL.UEM.TOTL.ZS,1978,
MDA,SL.UEM.TOTL.ZS,1977,
MDA,SL.UEM.TOTL.ZS,1976,
MDA,SL.UEM.TOTL.ZS,1975,
MDA,SL.UEM.TOTL.ZS,1974,
MDA,SL.UEM.TOTL.ZS,1973,
MDA,SL.UEM.TOTL.ZS,1972,
MDA,SL.UEM.TOTL.ZS,1971,
MDA,SL.UEM.TOTL.ZS,1970,
MDA,SL.UEM.TOTL.ZS,1969,
MDA,SL.UEM.TOTL.ZS,1968,
MDA,SL.UEM.TOTL.ZS,1967,
MDA,SL.UEM.TOTL.ZS,1966,
MDA,SL.UEM.TOTL.ZS,1965,
MDA,SL.UEM.TOTL.ZS,1964,
MDA,SL.UEM.TOTL.ZS,1963,
MDA,SL.UEM.TOTL.ZS,1962,
MDA,SL.UEM.TOTL.ZS,1961,
MDA,SL.UEM.TOTL.ZS,1960,
MCO,SL.UEM.TOTL.ZS,2024,
MCO,SL.UEM.TOTL.ZS,2023,
MCO,SL.UEM.TOTL.ZS,2022,
MCO,SL.UEM.TOTL.ZS,2021,
MCO,SL.UEM.TOTL.ZS,2020,
MCO,SL.UEM.TOTL.ZS,2019,
MCO,SL.UEM.TOTL.ZS,2018,
MCO,SL.UEM.TOTL.ZS,2017,
MCO,SL.UEM.TOTL.ZS,2016,
MCO,SL.UEM.TOTL.ZS,2015,
MCO,SL.UEM.TOTL.ZS,2014,
MCO,SL.UEM.TOTL.ZS,2013,
MCO,SL.UEM.TOTL.ZS,2012,
MCO,SL.UEM.TOTL.ZS,2011,
MCO,SL.UEM.TOTL.ZS,2010,
MCO,SL.UEM.TOTL.ZS,2009,
MCO,SL.UEM.TOTL.ZS,2008,
MCO,SL.UEM.TOTL.ZS,2007,
MCO,SL.UEM.TOTL.ZS,2006,
MCO,SL.UEM.TOTL.ZS,2005,
MCO,SL.UEM.TOTL.ZS,2004,
MCO,SL.UEM.TOTL.ZS,2003,
MCO,SL.UEM.TOTL.ZS,2002,
MCO,SL.UEM.TOTL.ZS,2001,
MCO,SL.UEM.TOTL.ZS,2000,
MCO,SL.UEM.TOTL.ZS,1999,
MCO,SL.UEM.TOTL.ZS,1998,
MCO,SL.UEM.TOTL.ZS,1997,
MCO,SL.UEM.TOTL.ZS,1996,
MCO,SL.UEM.TOTL.ZS,1995,
MCO,SL.UEM.TOTL.ZS,1994,
MCO,SL.UEM.TOTL.ZS,1993,
MCO,SL.UEM.TOTL.ZS,1992,
MCO,SL.UEM.TOTL.ZS,1991,
MCO,SL.UEM.TOTL.ZS,1990,
MCO,SL.UEM.TOTL.ZS,1989,
MCO,SL.UEM.TOTL.ZS,1988,
MCO,SL.UEM.TOTL.ZS,1987,
MCO,SL.UEM.TOTL.ZS,1986,
MCO,SL.UEM.TOTL.ZS,1985,
MCO,SL.UEM.TOTL.ZS,1984,
MCO,SL.UEM.TOTL.ZS,1983,
MCO,SL.UEM.TOTL.ZS,1982,
MCO,SL.UEM.TOTL.ZS,1981,
MCO,SL.UEM.TOTL.ZS,1980,
MCO,SL.UEM.TOTL.ZS,1979,
MCO,SL.UEM.TOTL.ZS,1978,
MCO,SL.UEM.TOTL.ZS,1977,
MCO,SL.UEM.TOTL.ZS,1976,
MCO,SL.UEM.TOTL.ZS,1975,
MCO,SL.UEM.TOTL.ZS,1974,
MCO,SL.UEM.TOTL.ZS,1973,
MCO,SL.UEM.TOTL.ZS,1972,
MCO,SL.UEM.TOTL.ZS,1971,
MCO,SL.UEM.TOTL.ZS,1970,
MCO,SL.UEM.TOTL.ZS,1969,
MCO,SL.UEM.TOTL.ZS,1968,
MCO,SL.UEM.TOTL.ZS,1967,
MCO,SL.UEM.TOTL.ZS,1966,
MCO,SL.UEM.TOTL.ZS,1965,
MCO,SL.UEM.TOTL.ZS,1964,
MCO,SL.UEM.TOTL.ZS,1963,
MCO,SL.UEM.TOTL.ZS,1962,
MCO,SL.UEM.TOTL.ZS,1961,
MCO,SL.UEM.TOTL.ZS,1960,
MNG,SL.UEM.TOTL.ZS,2024,5.424
MNG,SL.UEM.TOTL.ZS,2023,5.503
MNG,SL.UEM.TOTL.ZS,2022,6.211
MNG,SL.UEM.TOTL.ZS,2021,7.747
MNG,SL.UEM.TOTL.ZS,2020,6.594
MNG,SL.UEM.TOTL.ZS,2019,9.269
MNG,SL.UEM.TOTL.ZS,2018,5.377
MNG,SL.UEM.TOTL.ZS,2017,6.359
MNG,SL.UEM.TOTL.ZS,2016,7.235
MNG,SL.UEM.TOTL.ZS,2015,4.861
MNG,SL.UEM.TOTL.ZS,2014,4.798
MNG,SL.UEM.TOTL.ZS,2013,4.231
MNG,SL.UEM.TOTL.ZS,2012,3.905
MNG,SL.UEM.TOTL.ZS,2011,4.769
MNG,SL.UEM.TOTL.ZS,2010,6.549
MNG,SL.UEM.TOTL.ZS,2009,5.86
MNG,SL.UEM.TOTL.ZS,2008,5.565
MNG,SL.UEM.TOTL.ZS,2007,7.2
MNG,SL.UEM.TOTL.ZS,2006,7.193
MNG,SL.UEM.TOTL.ZS,2005,7.017
MNG,SL.UEM.TOTL.ZS,2004,6.854
MNG,SL.UEM.TOTL.ZS,2003,6.768
MNG,SL.UEM.TOTL.ZS,2002,6.2
MNG,SL.UEM.TOTL.ZS,2001,6.111
MNG,SL.UEM.TOTL.ZS,2000,5.993
MNG,SL.UEM.TOTL.ZS,1999,5.848
MNG,SL.UEM.TOTL.ZS,1998,5.755
MNG,SL.UEM.TOTL.ZS,1997,5.613
MNG,SL.UEM.TOTL.ZS,1996,5.533
MNG,SL.UEM.TOTL.ZS,1995,5.5
MNG,SL.UEM.TOTL.ZS,1994,5.701
MNG,SL.UEM.TOTL.ZS,1993,5.845
MNG,SL.UEM.TOTL.ZS,1992,5.843
MNG,SL.UEM.TOTL.ZS,1991,5.659
MNG,SL.UEM.TOTL.ZS,1990,
MNG,SL.UEM.TOTL.ZS,1989,
MNG,SL.UEM.TOTL.ZS,1988,
MNG,SL.UEM.TOTL.ZS,1987,
MNG,SL.UEM.TOTL.ZS,1986,
MNG,SL.UEM.TOTL.ZS,1985,
MNG,SL.UEM.TOTL.ZS,1984,
MNG,SL.UEM.TOTL.ZS,1983,
MNG,SL.UEM.TOTL.ZS,1982,
MNG,SL.UEM.TOTL.ZS,1981,
MNG,SL.UEM.TOTL.ZS,1980,
MNG,SL.UEM.TOTL.ZS,1979,
MNG,SL.UEM.TOTL.ZS,1978,
MNG,SL.UEM.TOTL.ZS,1977,
MNG,SL.UEM.TOTL.ZS,1976,
MNG,SL.UEM.TOTL.ZS,1975,
MNG,SL.UEM.TOTL.ZS,1974,
MNG,SL.UEM.TOTL.ZS,1973,
MNG,SL.UEM.TOTL.ZS,1972,
MNG,SL.UEM.TOTL.ZS,1971,
MNG,SL.UEM.TOTL.ZS,1970,
MNG,SL.UEM.TOTL.ZS,1969,
MNG,SL.UEM.TOTL.ZS,1968,
MNG,SL.UEM.TOTL.ZS,1967,
MNG,SL.UEM.TOTL.ZS,1966,
MNG,SL.UEM.TOTL.ZS,1965,
MNG,SL.UEM.TOTL.ZS,1964,
MNG,SL.UEM.TOTL.ZS,1963,
MNG,SL.UEM.TOTL.ZS,1962,
MNG,SL.UEM.TOTL.ZS,1961,
MNG,SL.UEM.TOTL.ZS,1960,
MNE,SL.UEM.TOTL.ZS,2024,14.1
MNE,SL.UEM.TOTL.ZS,2023,14.621
MNE,SL.UEM.TOTL.ZS,2022,14.851
MNE,SL.UEM.TOTL.ZS,2021,16.543
MNE,SL.UEM.TOTL.ZS,2020,17.878
MNE,SL.UEM.TOTL.ZS,2019,15.128
MNE,SL.UEM.TOTL.ZS,2018,15.19
MNE,SL.UEM.TOTL.ZS,2017,16.082
MNE,SL.UEM.TOTL.ZS,2016,17.732
MNE,SL.UEM.TOTL.ZS,2015,17.555
MNE,SL.UEM.TOTL.ZS,2014,18.054
MNE,SL.UEM.TOTL.ZS,2013,19.585
MNE,SL.UEM.TOTL.ZS,2012,19.808
MNE,SL.UEM.TOTL.ZS,2011,19.759
MNE,SL.UEM.TOTL.ZS,2010,19.649
MNE,SL.UEM.TOTL.ZS,2009,19.09
MNE,SL.UEM.TOTL.ZS,2008,17.15
MNE,SL.UEM.TOTL.ZS,2007,19.4
MNE,SL.UEM.TOTL.ZS,2006,24.79
MNE,SL.UEM.TOTL.ZS,2005,30.31
MNE,SL.UEM.TOTL.ZS,2004,30.37
MNE,SL.UEM.TOTL.ZS,2003,30.458
MNE,SL.UEM.TOTL.ZS,2002,30.423
MNE,SL.UEM.TOTL.ZS,2001,30.741
MNE,SL.UEM.TOTL.ZS,2000,30.609
MNE,SL.UEM.TOTL.ZS,1999,30.676
MNE,SL.UEM.TOTL.ZS,1998,30.269
MNE,SL.UEM.TOTL.ZS,1997,30.298
MNE,SL.UEM.TOTL.ZS,1996,30.235
MNE,SL.UEM.TOTL.ZS,1995,30.294
MNE,SL.UEM.TOTL.ZS,1994,30.334
MNE,SL.UEM.TOTL.ZS,1993,30.348
MNE,SL.UEM.TOTL.ZS,1992,30.283
MNE,SL.UEM.TOTL.ZS,1991,30.228
MNE,SL.UEM.TOTL.ZS,1990,
MNE,SL.UEM.TOTL.ZS,1989,
MNE,SL.UEM.TOTL.ZS,1988,
MNE,SL.UEM.TOTL.ZS,1987,
MNE,SL.UEM.TOTL.ZS,1986,
MNE,SL.UEM.TOTL.ZS,1985,
MNE,SL.UEM.TOTL.ZS,1984,
MNE,SL.UEM.TOTL.ZS,1983,
MNE,SL.UEM.TOTL.ZS,1982,
MNE,SL.UEM.TOTL.ZS,1981,
MNE,SL.UEM.TOTL.ZS,1980,
MNE,SL.UEM.TOTL.ZS,1979,
MNE,SL.UEM.TOTL.ZS,1978,
MNE,SL.UEM.TOTL.ZS,1977,
MNE,SL.UEM.TOTL.ZS,1976,
MNE,SL.UEM.TOTL.ZS,1975,
MNE,SL.UEM.TOTL.ZS,1974,
MNE,SL.UEM.TOTL.ZS,1973,
MNE,SL.UEM.TOTL.ZS,1972,
MNE,SL.UEM.TOTL.ZS,1971,
MNE,SL.UEM.TOTL.ZS,1970,
MNE,SL.UEM.TOTL.ZS,1969,
MNE,SL.UEM.TOTL.ZS,1968,
MNE,SL.UEM.TOTL.ZS,1967,
MNE,SL.UEM.TOTL.ZS,1966,
MNE,SL.UEM.TOTL.ZS,1965,
MNE,SL.UEM.TOTL.ZS,1964,
MNE,SL.UEM.TOTL.ZS,1963,
MNE,SL.UEM.TOTL.ZS,1962,
MNE,SL.UEM.TOTL.ZS,1961,
MNE,SL.UEM.TOTL.ZS,1960,
MAR,SL.UEM.TOTL.ZS,2024,8.943
MAR,SL.UEM.TOTL.ZS,2023,9.044
MAR,SL.UEM.TOTL.ZS,2022,9.494
MAR,SL.UEM.TOTL.ZS,2021,10.576
MAR,SL.UEM.TOTL.ZS,2020,11.223
MAR,SL.UEM.TOTL.ZS,2019,9.194
MAR,SL.UEM.TOTL.ZS,2018,9.271
MAR,SL.UEM.TOTL.ZS,2017,9.223
MAR,SL.UEM.TOTL.ZS,2016,9.3
MAR,SL.UEM.TOTL.ZS,2015,9.46
MAR,SL.UEM.TOTL.ZS,2014,9.7
MAR,SL.UEM.TOTL.ZS,2013,9.23
MAR,SL.UEM.TOTL.ZS,2012,8.99
MAR,SL.UEM.TOTL.ZS,2011,8.91
MAR,SL.UEM.TOTL.ZS,2010,9.09
MAR,SL.UEM.TOTL.ZS,2009,8.96
MAR,SL.UEM.TOTL.ZS,2008,9.57
MAR,SL.UEM.TOTL.ZS,2007,9.56
MAR,SL.UEM.TOTL.ZS,2006,9.67
MAR,SL.UEM.TOTL.ZS,2005,11.01
MAR,SL.UEM.TOTL.ZS,2004,10.83
MAR,SL.UEM.TOTL.ZS,2003,11.92
MAR,SL.UEM.TOTL.ZS,2002,11.59
MAR,SL.UEM.TOTL.ZS,2001,12.46
MAR,SL.UEM.TOTL.ZS,2000,13.58
MAR,SL.UEM.TOTL.ZS,1999,13.94
MAR,SL.UEM.TOTL.ZS,1998,13.393
MAR,SL.UEM.TOTL.ZS,1997,14.023
MAR,SL.UEM.TOTL.ZS,1996,13.398
MAR,SL.UEM.TOTL.ZS,1995,14.052
MAR,SL.UEM.TOTL.ZS,1994,13.869
MAR,SL.UEM.TOTL.ZS,1993,14.029
MAR,SL.UEM.TOTL.ZS,1992,13.8
MAR,SL.UEM.TOTL.ZS,1991,13.538
MAR,SL.UEM.TOTL.ZS,1990,
MAR,SL.UEM.TOTL.ZS,1989,
MAR,SL.UEM.TOTL.ZS,1988,
MAR,SL.UEM.TOTL.ZS,1987,
MAR,SL.UEM.TOTL.ZS,1986,
MAR,SL.UEM.TOTL.ZS,1985,
MAR,SL.UEM.TOTL.ZS,1984,
MAR,SL.UEM.TOTL.ZS,1983,
MAR,SL.UEM.TOTL.ZS,1982,
MAR,SL.UEM.TOTL.ZS,1981,
MAR,SL.UEM.TOTL.ZS,1980,
MAR,SL.UEM.TOTL.ZS,1979,
MAR,SL.UEM.TOTL.ZS,1978,
MAR,SL.UEM.TOTL.ZS,1977,
MAR,SL.UEM.TOTL.ZS,1976,
MAR,SL.UEM.TOTL.ZS,1975,
MAR,SL.UEM.TOTL.ZS,1974,
MAR,SL.UEM.TOTL.ZS,1973,
MAR,SL.UEM.TOTL.ZS,1972,
MAR,SL.UEM.TOTL.ZS,1971,
MAR,SL.UEM.TOTL.ZS,1970,
MAR,SL.UEM.TOTL.ZS,1969,
MAR,SL.UEM.TOTL.ZS,1968,
MAR,SL.UEM.TOTL.ZS,1967,
MAR,SL.UEM.TOTL.ZS,1966,
MAR,SL.UEM.TOTL.ZS,1965,
MAR,SL.UEM.TOTL.ZS,1964,
MAR,SL.UEM.TOTL.ZS,1963,
MAR,SL.UEM.TOTL.ZS,1962,
MAR,SL.UEM.TOTL.ZS,1961,
MAR,SL.UEM.TOTL.ZS,1960,
MOZ,SL.UEM.TOTL.ZS,2024,3.527
MOZ,SL.UEM.TOTL.ZS,2023,3.519
MOZ,SL.UEM.TOTL.ZS,2022,3.596
MOZ,SL.UEM.TOTL.ZS,2021,4.053
MOZ,SL.UEM.TOTL.ZS,2020,3.921
MOZ,SL.UEM.TOTL.ZS,2019,3.646
MOZ,SL.UEM.TOTL.ZS,2018,3.604
MOZ,SL.UEM.TOTL.ZS,2017,3.539
MOZ,SL.UEM.TOTL.ZS,2016,3.457
MOZ,SL.UEM.TOTL.ZS,2015,3.426
MOZ,SL.UEM.TOTL.ZS,2014,3.377
MOZ,SL.UEM.TOTL.ZS,2013,3.346
MOZ,SL.UEM.TOTL.ZS,2012,3.305
MOZ,SL.UEM.TOTL.ZS,2011,3.296
MOZ,SL.UEM.TOTL.ZS,2010,3.261
MOZ,SL.UEM.TOTL.ZS,2009,3.208
MOZ,SL.UEM.TOTL.ZS,2008,3.114
MOZ,SL.UEM.TOTL.ZS,2007,3.084
MOZ,SL.UEM.TOTL.ZS,2006,3.039
MOZ,SL.UEM.TOTL.ZS,2005,3.037
MOZ,SL.UEM.TOTL.ZS,2004,2.955
MOZ,SL.UEM.TOTL.ZS,2003,2.859
MOZ,SL.UEM.TOTL.ZS,2002,2.903
MOZ,SL.UEM.TOTL.ZS,2001,2.839
MOZ,SL.UEM.TOTL.ZS,2000,2.833
MOZ,SL.UEM.TOTL.ZS,1999,2.663
MOZ,SL.UEM.TOTL.ZS,1998,2.64
MOZ,SL.UEM.TOTL.ZS,1997,2.7
MOZ,SL.UEM.TOTL.ZS,1996,2.764
MOZ,SL.UEM.TOTL.ZS,1995,2.76
MOZ,SL.UEM.TOTL.ZS,1994,2.881
MOZ,SL.UEM.TOTL.ZS,1993,2.899
MOZ,SL.UEM.TOTL.ZS,1992,3.033
MOZ,SL.UEM.TOTL.ZS,1991,2.842
MOZ,SL.UEM.TOTL.ZS,1990,
MOZ,SL.UEM.TOTL.ZS,1989,
MOZ,SL.UEM.TOTL.ZS,1988,
MOZ,SL.UEM.TOTL.ZS,1987,
MOZ,SL.UEM.TOTL.ZS,1986,
MOZ,SL.UEM.TOTL.ZS,1985,
MOZ,SL.UEM.TOTL.ZS,1984,
MOZ,SL.UEM.TOTL.ZS,1983,
MOZ,SL.UEM.TOTL.ZS,1982,
MOZ,SL.UEM.TOTL.ZS,1981,
MOZ,SL.UEM.TOTL.ZS,1980,
MOZ,SL.UEM.TOTL.ZS,1979,
MOZ,SL.UEM.TOTL.ZS,1978,
MOZ,SL.UEM.TOTL.ZS,1977,
MOZ,SL.UEM.TOTL.ZS,1976,
MOZ,SL.UEM.TOTL.ZS,1975,
MOZ,SL.UEM.TOTL.ZS,1974,
MOZ,SL.UEM.TOTL.ZS,1973,
MOZ,SL.UEM.TOTL.ZS,1972,
MOZ,SL.UEM.TOTL.ZS,1971,
MOZ,SL.UEM.TOTL.ZS,1970,
MOZ,SL.UEM.TOTL.ZS,1969,
MOZ,SL.UEM.TOTL.ZS,1968,
MOZ,SL.UEM.TOTL.ZS,1967,
MOZ,SL.UEM.TOTL.ZS,1966,
MOZ,SL.UEM.TOTL.ZS,1965,
MOZ,SL.UEM.TOTL.ZS,1964,
MOZ,SL.UEM.TOTL.ZS,1963,
MOZ,SL.UEM.TOTL.ZS,1962,
MOZ,SL.UEM.TOTL.ZS,1961,
MOZ,SL.UEM.TOTL.ZS,1960,
MMR,SL.UEM.TOTL.ZS,2024,3.032
MMR,SL.UEM.TOTL.ZS,2023,3.032
MMR,SL.UEM.TOTL.ZS,2022,3.057
MMR,SL.UEM.TOTL.ZS,2021,4.34
MMR,SL.UEM.TOTL.ZS,2020,1.476
MMR,SL.UEM.TOTL.ZS,2019,0.407
MMR,SL.UEM.TOTL.ZS,2018,0.767
MMR,SL.UEM.TOTL.ZS,2017,1.356
MMR,SL.UEM.TOTL.ZS,2016,1.058
MMR,SL.UEM.TOTL.ZS,2015,0.766
MMR,SL.UEM.TOTL.ZS,2014,0.763
MMR,SL.UEM.TOTL.ZS,2013,0.775
MMR,SL.UEM.TOTL.ZS,2012,0.767
MMR,SL.UEM.TOTL.ZS,2011,0.75
MMR,SL.UEM.TOTL.ZS,2010,0.727
MMR,SL.UEM.TOTL.ZS,2009,0.715
MMR,SL.UEM.TOTL.ZS,2008,0.703
MMR,SL.UEM.TOTL.ZS,2007,0.687
MMR,SL.UEM.TOTL.ZS,2006,0.68
MMR,SL.UEM.TOTL.ZS,2005,0.676
MMR,SL.UEM.TOTL.ZS,2004,0.682
MMR,SL.UEM.TOTL.ZS,2003,0.691
MMR,SL.UEM.TOTL.ZS,2002,0.69
MMR,SL.UEM.TOTL.ZS,2001,0.694
MMR,SL.UEM.TOTL.ZS,2000,0.717
MMR,SL.UEM.TOTL.ZS,1999,0.754
MMR,SL.UEM.TOTL.ZS,1998,0.776
MMR,SL.UEM.TOTL.ZS,1997,0.769
MMR,SL.UEM.TOTL.ZS,1996,0.758
MMR,SL.UEM.TOTL.ZS,1995,0.759
MMR,SL.UEM.TOTL.ZS,1994,0.745
MMR,SL.UEM.TOTL.ZS,1993,0.784
MMR,SL.UEM.TOTL.ZS,1992,0.8
MMR,SL.UEM.TOTL.ZS,1991,0.832
MMR,SL.UEM.TOTL.ZS,1990,
MMR,SL.UEM.TOTL.ZS,1989,
MMR,SL.UEM.TOTL.ZS,1988,
MMR,SL.UEM.TOTL.ZS,1987,
MMR,SL.UEM.TOTL.ZS,1986,
MMR,SL.UEM.TOTL.ZS,1985,
MMR,SL.UEM.TOTL.ZS,1984,
MMR,SL.UEM.TOTL.ZS,1983,
MMR,SL.UEM.TOTL.ZS,1982,
MMR,SL.UEM.TOTL.ZS,1981,
MMR,SL.UEM.TOTL.ZS,1980,
MMR,SL.UEM.TOTL.ZS,1979,
MMR,SL.UEM.TOTL.ZS,1978,
MMR,SL.UEM.TOTL.ZS,1977,
MMR,SL.UEM.TOTL.ZS,1976,
MMR,SL.UEM.TOTL.ZS,1975,
MMR,SL.UEM.TOTL.ZS,1974,
MMR,SL.UEM.TOTL.ZS,1973,
MMR,SL.UEM.TOTL.ZS,1972,
MMR,SL.UEM.TOTL.ZS,1971,
MMR,SL.UEM.TOTL.ZS,1970,
MMR,SL.UEM.TOTL.ZS,1969,
MMR,SL.UEM.TOTL.ZS,1968,
MMR,SL.UEM.TOTL.ZS,1967,
MMR,SL.UEM.TOTL.ZS,1966,
MMR,SL.UEM.TOTL.ZS,1965,
MMR,SL.UEM.TOTL.ZS,1964,
MMR,SL.UEM.TOTL.ZS,1963,
MMR,SL.UEM.TOTL.ZS,1962,
MMR,SL.UEM.TOTL.ZS,1961,
MMR,SL.UEM.TOTL.ZS,1960,
NAM,SL.UEM.TOTL.ZS,2024,19.148
NAM,SL.UEM.TOTL.ZS,2023,19.365
NAM,SL.UEM.TOTL.ZS,2022,19.695
NAM,SL.UEM.TOTL.ZS,2021,20.922
NAM,SL.UEM.TOTL.ZS,2020,21.004
NAM,SL.UEM.TOTL.ZS,2019,19.921
NAM,SL.UEM.TOTL.ZS,2018,19.877
NAM,SL.UEM.TOTL.ZS,2017,21.733
NAM,SL.UEM.TOTL.ZS,2016,23.352
NAM,SL.UEM.TOTL.ZS,2015,20.808
NAM,SL.UEM.TOTL.ZS,2014,18.521
NAM,SL.UEM.TOTL.ZS,2013,19.028
NAM,SL.UEM.TOTL.ZS,2012,16.771
NAM,SL.UEM.TOTL.ZS,2011,19.476
NAM,SL.UEM.TOTL.ZS,2010,22.12
NAM,SL.UEM.TOTL.ZS,2009,22.254
NAM,SL.UEM.TOTL.ZS,2008,22.017
NAM,SL.UEM.TOTL.ZS,2007,22.119
NAM,SL.UEM.TOTL.ZS,2006,21.876
NAM,SL.UEM.TOTL.ZS,2005,22.107
NAM,SL.UEM.TOTL.ZS,2004,22.09
NAM,SL.UEM.TOTL.ZS,2003,22.052
NAM,SL.UEM.TOTL.ZS,2002,21.5
NAM,SL.UEM.TOTL.ZS,2001,20.98
NAM,SL.UEM.TOTL.ZS,2000,20.3
NAM,SL.UEM.TOTL.ZS,1999,21.669
NAM,SL.UEM.TOTL.ZS,1998,23.081
NAM,SL.UEM.TOTL.ZS,1997,24.45
NAM,SL.UEM.TOTL.ZS,1996,22.835
NAM,SL.UEM.TOTL.ZS,1995,21.312
NAM,SL.UEM.TOTL.ZS,1994,19.4
NAM,SL.UEM.TOTL.ZS,1993,19.104
NAM,SL.UEM.TOTL.ZS,1992,18.932
NAM,SL.UEM.TOTL.ZS,1991,19.14
NAM,SL.UEM.TOTL.ZS,1990,
NAM,SL.UEM.TOTL.ZS,1989,
NAM,SL.UEM.TOTL.ZS,1988,
NAM,SL.UEM.TOTL.ZS,1987,
NAM,SL.UEM.TOTL.ZS,1986,
NAM,SL.UEM.TOTL.ZS,1985,
NAM,SL.UEM.TOTL.ZS,1984,
NAM,SL.UEM.TOTL.ZS,1983,
NAM,SL.UEM.TOTL.ZS,1982,
NAM,SL.UEM.TOTL.ZS,1981,
NAM,SL.UEM.TOTL.ZS,1980,
NAM,SL.UEM.TOTL.ZS,1979,
NAM,SL.UEM.TOTL.ZS,1978,
NAM,SL.UEM.TOTL.ZS,1977,
NAM,SL.UEM.TOTL.ZS,1976,
NAM,SL.UEM.TOTL.ZS,1975,
NAM,SL.UEM.TOTL.ZS,1974,
NAM,SL.UEM.TOTL.ZS,1973,
NAM,SL.UEM.TOTL.ZS,1972,
NAM,SL.UEM.TOTL.ZS,1971,
NAM,SL.UEM.TOTL.ZS,1970,
NAM,SL.UEM.TOTL.ZS,1969,
NAM,SL.UEM.TOTL.ZS,1968,
NAM,SL.UEM.TOTL.ZS,1967,
NAM,SL.UEM.TOTL.ZS,1966,
NAM,SL.UEM.TOTL.ZS,1965,
NAM,SL.UEM.TOTL.ZS,1964,
NAM,SL.UEM.TOTL.ZS,1963,
NAM,SL.UEM.TOTL.ZS,1962,
NAM,SL.UEM.TOTL.ZS,1961,
NAM,SL.UEM.TOTL.ZS,1960,
NRU,SL.UEM.TOTL.ZS,2024,
NRU,SL.UEM.TOTL.ZS,2023,
NRU,SL.UEM.TOTL.ZS,2022,
NRU,SL.UEM.TOTL.ZS,2021,
NRU,SL.UEM.TOTL.ZS,2020,
NRU,SL.UEM.TOTL.ZS,2019,
NRU,SL.UEM.TOTL.ZS,2018,
NRU,SL.UEM.TOTL.ZS,2017,
NRU,SL.UEM.TOTL.ZS,2016,
NRU,SL.UEM.TOTL.ZS,2015,
NRU,SL.UEM.TOTL.ZS,2014,
NRU,SL.UEM.TOTL.ZS,2013,
NRU,SL.UEM.TOTL.ZS,2012,
NRU,SL.UEM.TOTL.ZS,2011,
NRU,SL.UEM.TOTL.ZS,2010,
NRU,SL.UEM.TOTL.ZS,2009,
NRU,SL.UEM.TOTL.ZS,2008,
NRU,SL.UEM.TOTL.ZS,2007,
NRU,SL.UEM.TOTL.ZS,2006,
NRU,SL.UEM.TOTL.ZS,2005,
NRU,SL.UEM.TOTL.ZS,2004,
NRU,SL.UEM.TOTL.ZS,2003,
NRU,SL.UEM.TOTL.ZS,2002,
NRU,SL.UEM.TOTL.ZS,2001,
NRU,SL.UEM.TOTL.ZS,2000,
NRU,SL.UEM.TOTL.ZS,1999,
NRU,SL.UEM.TOTL.ZS,1998,
NRU,SL.UEM.TOTL.ZS,1997,
NRU,SL.UEM.TOTL.ZS,1996,
NRU,SL.UEM.TOTL.ZS,1995,
NRU,SL.UEM.TOTL.ZS,1994,
NRU,SL.UEM.TOTL.ZS,1993,
NRU,SL.UEM.TOTL.ZS,1992,
NRU,SL.UEM.TOTL.ZS,1991,
NRU,SL.UEM.TOTL.ZS,1990,
NRU,SL.UEM.TOTL.ZS,1989,
NRU,SL.UEM.TOTL.ZS,1988,
NRU,SL.UEM.TOTL.ZS,1987,
NRU,SL.UEM.TOTL.ZS,1986,
NRU,SL.UEM.TOTL.ZS,1985,
NRU,SL.UEM.TOTL.ZS,1984,
NRU,SL.UEM.TOTL.ZS,1983,
NRU,SL.UEM.TOTL.ZS,1982,
NRU,SL.UEM.TOTL.ZS,1981,
NRU,SL.UEM.TOTL.ZS,1980,
NRU,SL.UEM.TOTL.ZS,1979,
NRU,SL.UEM.TOTL.ZS,1978,
NRU,SL.UEM.TOTL.ZS,1977,
NRU,SL.UEM.TOTL.ZS,1976,
NRU,SL.UEM.TOTL.ZS,1975,
NRU,SL.UEM.TOTL.ZS,1974,
NRU,SL.UEM.TOTL.ZS,1973,
NRU,SL.UEM.TOTL.ZS,1972,
NRU,SL.UEM.TOTL.ZS,1971,
NRU,SL.UEM.TOTL.ZS,1970,
NRU,SL.UEM.TOTL.ZS,1969,
NRU,SL.UEM.TOTL.ZS,1968,
NRU,SL.UEM.TOTL.ZS,1967,
NRU,SL.UEM.TOTL.ZS,1966,
NRU,SL.UEM.TOTL.ZS,1965,
NRU,SL.UEM.TOTL.ZS,1964,
NRU,SL.UEM.TOTL.ZS,1963,
NRU,SL.UEM.TOTL.ZS,1962,
NRU,SL.UEM.TOTL.ZS,1961,
NRU,SL.UEM.TOTL.ZS,1960,
NPL,SL.UEM.TOTL.ZS,2024,10.706
NPL,SL.UEM.TOTL.ZS,2023,10.628
NPL,SL.UEM.TOTL.ZS,2022,10.844
NPL,SL.UEM.TOTL.ZS,2021,12.186
NPL,SL.UEM.TOTL.ZS,2020,12.975
NPL,SL.UEM.TOTL.ZS,2019,10.389
NPL,SL.UEM.TOTL.ZS,2018,10.559
NPL,SL.UEM.TOTL.ZS,2017,10.66
NPL,SL.UEM.TOTL.ZS,2016,10.742
NPL,SL.UEM.TOTL.ZS,2015,10.644
NPL,SL.UEM.TOTL.ZS,2014,10.617
NPL,SL.UEM.TOTL.ZS,2013,10.687
NPL,SL.UEM.TOTL.ZS,2012,10.643
NPL,SL.UEM.TOTL.ZS,2011,10.64
NPL,SL.UEM.TOTL.ZS,2010,10.554
NPL,SL.UEM.TOTL.ZS,2009,10.587
NPL,SL.UEM.TOTL.ZS,2008,10.613
NPL,SL.UEM.TOTL.ZS,2007,10.683
NPL,SL.UEM.TOTL.ZS,2006,10.639
NPL,SL.UEM.TOTL.ZS,2005,10.617
NPL,SL.UEM.TOTL.ZS,2004,10.71
NPL,SL.UEM.TOTL.ZS,2003,10.702
NPL,SL.UEM.TOTL.ZS,2002,10.632
NPL,SL.UEM.TOTL.ZS,2001,10.504
NPL,SL.UEM.TOTL.ZS,2000,10.551
NPL,SL.UEM.TOTL.ZS,1999,10.581
NPL,SL.UEM.TOTL.ZS,1998,10.551
NPL,SL.UEM.TOTL.ZS,1997,10.535
NPL,SL.UEM.TOTL.ZS,1996,10.443
NPL,SL.UEM.TOTL.ZS,1995,10.484
NPL,SL.UEM.TOTL.ZS,1994,10.465
NPL,SL.UEM.TOTL.ZS,1993,10.517
NPL,SL.UEM.TOTL.ZS,1992,10.493
NPL,SL.UEM.TOTL.ZS,1991,10.484
NPL,SL.UEM.TOTL.ZS,1990,
NPL,SL.UEM.TOTL.ZS,1989,
NPL,SL.UEM.TOTL.ZS,1988,
NPL,SL.UEM.TOTL.ZS,1987,
NPL,SL.UEM.TOTL.ZS,1986,
NPL,SL.UEM.TOTL.ZS,1985,
NPL,SL.UEM.TOTL.ZS,1984,
NPL,SL.UEM.TOTL.ZS,1983,
NPL,SL.UEM.TOTL.ZS,1982,
NPL,SL.UEM.TOTL.ZS,1981,
NPL,SL.UEM.TOTL.ZS,1980,
NPL,SL.UEM.TOTL.ZS,1979,
NPL,SL.UEM.TOTL.ZS,1978,
NPL,SL.UEM.TOTL.ZS,1977,
NPL,SL.UEM.TOTL.ZS,1976,
NPL,SL.UEM.TOTL.ZS,1975,
NPL,SL.UEM.TOTL.ZS,1974,
NPL,SL.UEM.TOTL.ZS,1973,
NPL,SL.UEM.TOTL.ZS,1972,
NPL,SL.UEM.TOTL.ZS,1971,
NPL,SL.UEM.TOTL.ZS,1970,
NPL,SL.UEM.TOTL.ZS,1969,
NPL,SL.UEM.TOTL.ZS,1968,
NPL,SL.UEM.TOTL.ZS,1967,
NPL,SL.UEM.TOTL.ZS,1966,
NPL,SL.UEM.TOTL.ZS,1965,
NPL,SL.UEM.TOTL.ZS,1964,
NPL,SL.UEM.TOTL.ZS,1963,
NPL,SL.UEM.TOTL.ZS,1962,
NPL,SL.UEM.TOTL.ZS,1961,
NPL,SL.UEM.TOTL.ZS,1960,
NLD,SL.UEM.TOTL.ZS,2024,3.599
NLD,SL.UEM.TOTL.ZS,2023,3.537
NLD,SL.UEM.TOTL.ZS,2022,3.526
NLD,SL.UEM.TOTL.ZS,2021,4.209
NLD,SL.UEM.TOTL.ZS,2020,3.82
NLD,SL.UEM.TOTL.ZS,2019,3.379
NLD,SL.UEM.TOTL.ZS,2018,3.832
NLD,SL.UEM.TOTL.ZS,2017,4.837
NLD,SL.UEM.TOTL.ZS,2016,6.007
NLD,SL.UEM.TOTL.ZS,2015,6.872
NLD,SL.UEM.TOTL.ZS,2014,7.419
NLD,SL.UEM.TOTL.ZS,2013,7.241
NLD,SL.UEM.TOTL.ZS,2012,5.821
NLD,SL.UEM.TOTL.ZS,2011,4.977
NLD,SL.UEM.TOTL.ZS,2010,4.991
NLD,SL.UEM.TOTL.ZS,2009,4.352
NLD,SL.UEM.TOTL.ZS,2008,3.658
NLD,SL.UEM.TOTL.ZS,2007,4.153
NLD,SL.UEM.TOTL.ZS,2006,5.007
NLD,SL.UEM.TOTL.ZS,2005,5.872
NLD,SL.UEM.TOTL.ZS,2004,4.646
NLD,SL.UEM.TOTL.ZS,2003,3.593
NLD,SL.UEM.TOTL.ZS,2002,2.554
NLD,SL.UEM.TOTL.ZS,2001,2.119
NLD,SL.UEM.TOTL.ZS,2000,2.725
NLD,SL.UEM.TOTL.ZS,1999,3.622
NLD,SL.UEM.TOTL.ZS,1998,4.394
NLD,SL.UEM.TOTL.ZS,1997,5.511
NLD,SL.UEM.TOTL.ZS,1996,6.421
NLD,SL.UEM.TOTL.ZS,1995,7.157
NLD,SL.UEM.TOTL.ZS,1994,7.159
NLD,SL.UEM.TOTL.ZS,1993,6.287
NLD,SL.UEM.TOTL.ZS,1992,5.555
NLD,SL.UEM.TOTL.ZS,1991,7.285
NLD,SL.UEM.TOTL.ZS,1990,
NLD,SL.UEM.TOTL.ZS,1989,
NLD,SL.UEM.TOTL.ZS,1988,
NLD,SL.UEM.TOTL.ZS,1987,
NLD,SL.UEM.TOTL.ZS,1986,
NLD,SL.UEM.TOTL.ZS,1985,
NLD,SL.UEM.TOTL.ZS,1984,
NLD,SL.UEM.TOTL.ZS,1983,
NLD,SL.UEM.TOTL.ZS,1982,
NLD,SL.UEM.TOTL.ZS,1981,
NLD,SL.UEM.TOTL.ZS,1980,
NLD,SL.UEM.TOTL.ZS,1979,
NLD,SL.UEM.TOTL.ZS,1978,
NLD,SL.UEM.TOTL.ZS,1977,
NLD,SL.UEM.TOTL.ZS,1976,
NLD,SL.UEM.TOTL.ZS,1975,
NLD,SL.UEM.TOTL.ZS,1974,
NLD,SL.UEM.TOTL.ZS,1973,
NLD,SL.UEM.TOTL.ZS,1972,
NLD,SL.UEM.TOTL.ZS,1971,
NLD,SL.UEM.TOTL.ZS,1970,
NLD,SL.UEM.TOTL.ZS,1969,
NLD,SL.UEM.TOTL.ZS,1968,
NLD,SL.UEM.TOTL.ZS,1967,
NLD,SL.UEM.TOTL.ZS,1966,
NLD,SL.UEM.TOTL.ZS,1965,
NLD,SL.UEM.TOTL.ZS,1964,
NLD,SL.UEM.TOTL.ZS,1963,
NLD,SL.UEM.TOTL.ZS,1962,
NLD,SL.UEM.TOTL.ZS,1961,
NLD,SL.UEM.TOTL.ZS,1960,
NCL,SL.UEM.TOTL.ZS,2024,11.15
NCL,SL.UEM.TOTL.ZS,2023,10.939
NCL,SL.UEM.TOTL.ZS,2022,10.71
NCL,SL.UEM.TOTL.ZS,2021,11.54
NCL,SL.UEM.TOTL.ZS,2020,13.558
NCL,SL.UEM.TOTL.ZS,2019,10.88
NCL,SL.UEM.TOTL.ZS,2018,11.702
NCL,SL.UEM.TOTL.ZS,2017,11.676
NCL,SL.UEM.TOTL.ZS,2016,12.714
NCL,SL.UEM.TOTL.ZS,2015,13.637
NCL,SL.UEM.TOTL.ZS,2014,14.59
NCL,SL.UEM.TOTL.ZS,2013,14.347
NCL,SL.UEM.TOTL.ZS,2012,14.051
NCL,SL.UEM.TOTL.ZS,2011,13.935
NCL,SL.UEM.TOTL.ZS,2010,13.95
NCL,SL.UEM.TOTL.ZS,2009,13.97
NCL,SL.UEM.TOTL.ZS,2008,14.367
NCL,SL.UEM.TOTL.ZS,2007,14.757
NCL,SL.UEM.TOTL.ZS,2006,15.236
NCL,SL.UEM.TOTL.ZS,2005,15.769
NCL,SL.UEM.TOTL.ZS,2004,16.31
NCL,SL.UEM.TOTL.ZS,2003,16.716
NCL,SL.UEM.TOTL.ZS,2002,17.074
NCL,SL.UEM.TOTL.ZS,2001,17.441
NCL,SL.UEM.TOTL.ZS,2000,17.984
NCL,SL.UEM.TOTL.ZS,1999,18.293
NCL,SL.UEM.TOTL.ZS,1998,18.623
NCL,SL.UEM.TOTL.ZS,1997,18.381
NCL,SL.UEM.TOTL.ZS,1996,18.64
NCL,SL.UEM.TOTL.ZS,1995,18.63
NCL,SL.UEM.TOTL.ZS,1994,18.948
NCL,SL.UEM.TOTL.ZS,1993,18.803
NCL,SL.UEM.TOTL.ZS,1992,18.616
NCL,SL.UEM.TOTL.ZS,1991,18.009
NCL,SL.UEM.TOTL.ZS,1990,
NCL,SL.UEM.TOTL.ZS,1989,
NCL,SL.UEM.TOTL.ZS,1988,
NCL,SL.UEM.TOTL.ZS,1987,
NCL,SL.UEM.TOTL.ZS,1986,
NCL,SL.UEM.TOTL.ZS,1985,
NCL,SL.UEM.TOTL.ZS,1984,
NCL,SL.UEM.TOTL.ZS,1983,
NCL,SL.UEM.TOTL.ZS,1982,
NCL,SL.UEM.TOTL.ZS,1981,
NCL,SL.UEM.TOTL.ZS,1980,
NCL,SL.UEM.TOTL.ZS,1979,
NCL,SL.UEM.TOTL.ZS,1978,
NCL,SL.UEM.TOTL.ZS,1977,
NCL,SL.UEM.TOTL.ZS,1976,
NCL,SL.UEM.TOTL.ZS,1975,
NCL,SL.UEM.TOTL.ZS,1974,
NCL,SL.UEM.TOTL.ZS,1973,
NCL,SL.UEM.TOTL.ZS,1972,
NCL,SL.UEM.TOTL.ZS,1971,
NCL,SL.UEM.TOTL.ZS,1970,
NCL,SL.UEM.TOTL.ZS,1969,
NCL,SL.UEM.TOTL.ZS,1968,
NCL,SL.UEM.TOTL.ZS,1967,
NCL,SL.UEM.TOTL.ZS,1966,
NCL,SL.UEM.TOTL.ZS,1965,
NCL,SL.UEM.TOTL.ZS,1964,
NCL,SL.UEM.TOTL.ZS,1963,
NCL,SL.UEM.TOTL.ZS,1962,
NCL,SL.UEM.TOTL.ZS,1961,
NCL,SL.UEM.TOTL.ZS,1960,
NZL,SL.UEM.TOTL.ZS,2024,4.869
NZL,SL.UEM.TOTL.ZS,2023,3.729
NZL,SL.UEM.TOTL.ZS,2022,3.297
NZL,SL.UEM.TOTL.ZS,2021,3.776
NZL,SL.UEM.TOTL.ZS,2020,4.595
NZL,SL.UEM.TOTL.ZS,2019,4.109
NZL,SL.UEM.TOTL.ZS,2018,4.335
NZL,SL.UEM.TOTL.ZS,2017,4.736
NZL,SL.UEM.TOTL.ZS,2016,5.147
NZL,SL.UEM.TOTL.ZS,2015,5.415
NZL,SL.UEM.TOTL.ZS,2014,5.428
NZL,SL.UEM.TOTL.ZS,2013,5.839
NZL,SL.UEM.TOTL.ZS,2012,6.931
NZL,SL.UEM.TOTL.ZS,2011,6.491
NZL,SL.UEM.TOTL.ZS,2010,6.557
NZL,SL.UEM.TOTL.ZS,2009,6.121
NZL,SL.UEM.TOTL.ZS,2008,4.167
NZL,SL.UEM.TOTL.ZS,2007,3.661
NZL,SL.UEM.TOTL.ZS,2006,3.857
NZL,SL.UEM.TOTL.ZS,2005,3.807
NZL,SL.UEM.TOTL.ZS,2004,4.005
NZL,SL.UEM.TOTL.ZS,2003,4.745
NZL,SL.UEM.TOTL.ZS,2002,5.282
NZL,SL.UEM.TOTL.ZS,2001,5.433
NZL,SL.UEM.TOTL.ZS,2000,6.13
NZL,SL.UEM.TOTL.ZS,1999,7.023
NZL,SL.UEM.TOTL.ZS,1998,7.718
NZL,SL.UEM.TOTL.ZS,1997,6.857
NZL,SL.UEM.TOTL.ZS,1996,6.29
NZL,SL.UEM.TOTL.ZS,1995,6.461
NZL,SL.UEM.TOTL.ZS,1994,8.354
NZL,SL.UEM.TOTL.ZS,1993,9.804
NZL,SL.UEM.TOTL.ZS,1992,10.667
NZL,SL.UEM.TOTL.ZS,1991,10.614
NZL,SL.UEM.TOTL.ZS,1990,
NZL,SL.UEM.TOTL.ZS,1989,
NZL,SL.UEM.TOTL.ZS,1988,
NZL,SL.UEM.TOTL.ZS,1987,
NZL,SL.UEM.TOTL.ZS,1986,
NZL,SL.UEM.TOTL.ZS,1985,
NZL,SL.UEM.TOTL.ZS,1984,
NZL,SL.UEM.TOTL.ZS,1983,
NZL,SL.UEM.TOTL.ZS,1982,
NZL,SL.UEM.TOTL.ZS,1981,
NZL,SL.UEM.TOTL.ZS,1980,
NZL,SL.UEM.TOTL.ZS,1979,
NZL,SL.UEM.TOTL.ZS,1978,
NZL,SL.UEM.TOTL.ZS,1977,
NZL,SL.UEM.TOTL.ZS,1976,
NZL,SL.UEM.TOTL.ZS,1975,
NZL,SL.UEM.TOTL.ZS,1974,
NZL,SL.UEM.TOTL.ZS,1973,
NZL,SL.UEM.TOTL.ZS,1972,
NZL,SL.UEM.TOTL.ZS,1971,
NZL,SL.UEM.TOTL.ZS,1970,
NZL,SL.UEM.TOTL.ZS,1969,
NZL,SL.UEM.TOTL.ZS,1968,
NZL,SL.UEM.TOTL.ZS,1967,
NZL,SL.UEM.TOTL.ZS,1966,
NZL,SL.UEM.TOTL.ZS,1965,
NZL,SL.UEM.TOTL.ZS,1964,
NZL,SL.UEM.TOTL.ZS,1963,
NZL,SL.UEM.TOTL.ZS,1962,
NZL,SL.UEM.TOTL.ZS,1961,
NZL,SL.UEM.TOTL.ZS,1960,
NIC,SL.UEM.TOTL.ZS,2024,4.574
NIC,SL.UEM.TOTL.ZS,2023,4.716
NIC,SL.UEM.TOTL.ZS,2022,4.961
NIC,SL.UEM.TOTL.ZS,2021,6.118
NIC,SL.UEM.TOTL.ZS,2020,6.201
NIC,SL.UEM.TOTL.ZS,2019,5.472
NIC,SL.UEM.TOTL.ZS,2018,5.2
NIC,SL.UEM.TOTL.ZS,2017,3.3
NIC,SL.UEM.TOTL.ZS,2016,3.9
NIC,SL.UEM.TOTL.ZS,2015,4.7
NIC,SL.UEM.TOTL.ZS,2014,4.52
NIC,SL.UEM.TOTL.ZS,2013,5.28
NIC,SL.UEM.TOTL.ZS,2012,5.208
NIC,SL.UEM.TOTL.ZS,2011,6.618
NIC,SL.UEM.TOTL.ZS,2010,7.83
NIC,SL.UEM.TOTL.ZS,2009,8.16
NIC,SL.UEM.TOTL.ZS,2008,6.2
NIC,SL.UEM.TOTL.ZS,2007,4.89
NIC,SL.UEM.TOTL.ZS,2006,5.31
NIC,SL.UEM.TOTL.ZS,2005,5.37
NIC,SL.UEM.TOTL.ZS,2004,6.41
NIC,SL.UEM.TOTL.ZS,2003,7.6
NIC,SL.UEM.TOTL.ZS,2002,7.513
NIC,SL.UEM.TOTL.ZS,2001,7.203
NIC,SL.UEM.TOTL.ZS,2000,7.162
NIC,SL.UEM.TOTL.ZS,1999,7.162
NIC,SL.UEM.TOTL.ZS,1998,7.187
NIC,SL.UEM.TOTL.ZS,1997,7.079
NIC,SL.UEM.TOTL.ZS,1996,7.102
NIC,SL.UEM.TOTL.ZS,1995,7.414
NIC,SL.UEM.TOTL.ZS,1994,7.685
NIC,SL.UEM.TOTL.ZS,1993,7.862
NIC,SL.UEM.TOTL.ZS,1992,7.838
NIC,SL.UEM.TOTL.ZS,1991,7.946
NIC,SL.UEM.TOTL.ZS,1990,
NIC,SL.UEM.TOTL.ZS,1989,
NIC,SL.UEM.TOTL.ZS,1988,
NIC,SL.UEM.TOTL.ZS,1987,
NIC,SL.UEM.TOTL.ZS,1986,
NIC,SL.UEM.TOTL.ZS,1985,
NIC,SL.UEM.TOTL.ZS,1984,
NIC,SL.UEM.TOTL.ZS,1983,
NIC,SL.UEM.TOTL.ZS,1982,
NIC,SL.UEM.TOTL.ZS,1981,
NIC,SL.UEM.TOTL.ZS,1980,
NIC,SL.UEM.TOTL.ZS,1979,
NIC,SL.UEM.TOTL.ZS,1978,
NIC,SL.UEM.TOTL.ZS,1977,
NIC,SL.UEM.TOTL.ZS,1976,
NIC,SL.UEM.TOTL.ZS,1975,
NIC,SL.UEM.TOTL.ZS,1974,
NIC,SL.UEM.TOTL.ZS,1973,
NIC,SL.UEM.TOTL.ZS,1972,
NIC,SL.UEM.TOTL.ZS,1971,
NIC,SL.UEM.TOTL.ZS,1970,
NIC,SL.UEM.TOTL.ZS,1969,
NIC,SL.UEM.TOTL.ZS,1968,
NIC,SL.UEM.TOTL.ZS,1967,
NIC,SL.UEM.TOTL.ZS,1966,
NIC,SL.UEM.TOTL.ZS,1965,
NIC,SL.UEM.TOTL.ZS,1964,
NIC,SL.UEM.TOTL.ZS,1963,
NIC,SL.UEM.TOTL.ZS,1962,
NIC,SL.UEM.TOTL.ZS,1961,
NIC,SL.UEM.TOTL.ZS,1960,
NER,SL.UEM.TOTL.ZS,2024,0.355
NER,SL.UEM.TOTL.ZS,2023,0.425
NER,SL.UEM.TOTL.ZS,2022,0.418
NER,SL.UEM.TOTL.ZS,2021,0.78
NER,SL.UEM.TOTL.ZS,2020,0.594
NER,SL.UEM.TOTL.ZS,2019,0.531
NER,SL.UEM.TOTL.ZS,2018,0.535
NER,SL.UEM.TOTL.ZS,2017,0.554
NER,SL.UEM.TOTL.ZS,2016,0.548
NER,SL.UEM.TOTL.ZS,2015,0.553
NER,SL.UEM.TOTL.ZS,2014,0.524
NER,SL.UEM.TOTL.ZS,2013,1.397
NER,SL.UEM.TOTL.ZS,2012,2.177
NER,SL.UEM.TOTL.ZS,2011,0.316
NER,SL.UEM.TOTL.ZS,2010,0.722
NER,SL.UEM.TOTL.ZS,2009,1.209
NER,SL.UEM.TOTL.ZS,2008,1.592
NER,SL.UEM.TOTL.ZS,2007,2.032
NER,SL.UEM.TOTL.ZS,2006,2.536
NER,SL.UEM.TOTL.ZS,2005,3.1
NER,SL.UEM.TOTL.ZS,2004,2.747
NER,SL.UEM.TOTL.ZS,2003,2.156
NER,SL.UEM.TOTL.ZS,2002,1.813
NER,SL.UEM.TOTL.ZS,2001,1.47
NER,SL.UEM.TOTL.ZS,2000,1.431
NER,SL.UEM.TOTL.ZS,1999,1.393
NER,SL.UEM.TOTL.ZS,1998,1.389
NER,SL.UEM.TOTL.ZS,1997,1.502
NER,SL.UEM.TOTL.ZS,1996,1.498
NER,SL.UEM.TOTL.ZS,1995,1.495
NER,SL.UEM.TOTL.ZS,1994,1.502
NER,SL.UEM.TOTL.ZS,1993,1.539
NER,SL.UEM.TOTL.ZS,1992,1.566
NER,SL.UEM.TOTL.ZS,1991,1.583
NER,SL.UEM.TOTL.ZS,1990,
NER,SL.UEM.TOTL.ZS,1989,
NER,SL.UEM.TOTL.ZS,1988,
NER,SL.UEM.TOTL.ZS,1987,
NER,SL.UEM.TOTL.ZS,1986,
NER,SL.UEM.TOTL.ZS,1985,
NER,SL.UEM.TOTL.ZS,1984,
NER,SL.UEM.TOTL.ZS,1983,
NER,SL.UEM.TOTL.ZS,1982,
NER,SL.UEM.TOTL.ZS,1981,
NER,SL.UEM.TOTL.ZS,1980,
NER,SL.UEM.TOTL.ZS,1979,
NER,SL.UEM.TOTL.ZS,1978,
NER,SL.UEM.TOTL.ZS,1977,
NER,SL.UEM.TOTL.ZS,1976,
NER,SL.UEM.TOTL.ZS,1975,
NER,SL.UEM.TOTL.ZS,1974,
NER,SL.UEM.TOTL.ZS,1973,
NER,SL.UEM.TOTL.ZS,1972,
NER,SL.UEM.TOTL.ZS,1971,
NER,SL.UEM.TOTL.ZS,1970,
NER,SL.UEM.TOTL.ZS,1969,
NER,SL.UEM.TOTL.ZS,1968,
NER,SL.UEM.TOTL.ZS,1967,
NER,SL.UEM.TOTL.ZS,1966,
NER,SL.UEM.TOTL.ZS,1965,
NER,SL.UEM.TOTL.ZS,1964,
NER,SL.UEM.TOTL.ZS,1963,
NER,SL.UEM.TOTL.ZS,1962,
NER,SL.UEM.TOTL.ZS,1961,
NER,SL.UEM.TOTL.ZS,1960,
NGA,SL.UEM.TOTL.ZS,2024,2.989
NGA,SL.UEM.TOTL.ZS,2023,3.074
NGA,SL.UEM.TOTL.ZS,2022,3.821
NGA,SL.UEM.TOTL.ZS,2021,5.45
NGA,SL.UEM.TOTL.ZS,2020,5.742
NGA,SL.UEM.TOTL.ZS,2019,5.206
NGA,SL.UEM.TOTL.ZS,2018,5.067
NGA,SL.UEM.TOTL.ZS,2017,4.828
NGA,SL.UEM.TOTL.ZS,2016,4.499
NGA,SL.UEM.TOTL.ZS,2015,4.135
NGA,SL.UEM.TOTL.ZS,2014,3.902
NGA,SL.UEM.TOTL.ZS,2013,3.711
NGA,SL.UEM.TOTL.ZS,2012,3.76
NGA,SL.UEM.TOTL.ZS,2011,3.77
NGA,SL.UEM.TOTL.ZS,2010,3.746
NGA,SL.UEM.TOTL.ZS,2009,3.766
NGA,SL.UEM.TOTL.ZS,2008,3.795
NGA,SL.UEM.TOTL.ZS,2007,3.799
NGA,SL.UEM.TOTL.ZS,2006,3.756
NGA,SL.UEM.TOTL.ZS,2005,3.734
NGA,SL.UEM.TOTL.ZS,2004,3.601
NGA,SL.UEM.TOTL.ZS,2003,3.648
NGA,SL.UEM.TOTL.ZS,2002,3.681
NGA,SL.UEM.TOTL.ZS,2001,3.91
NGA,SL.UEM.TOTL.ZS,2000,3.963
NGA,SL.UEM.TOTL.ZS,1999,3.997
NGA,SL.UEM.TOTL.ZS,1998,3.935
NGA,SL.UEM.TOTL.ZS,1997,3.977
NGA,SL.UEM.TOTL.ZS,1996,4.056
NGA,SL.UEM.TOTL.ZS,1995,4.163
NGA,SL.UEM.TOTL.ZS,1994,4.078
NGA,SL.UEM.TOTL.ZS,1993,4.038
NGA,SL.UEM.TOTL.ZS,1992,3.81
NGA,SL.UEM.TOTL.ZS,1991,3.851
NGA,SL.UEM.TOTL.ZS,1990,
NGA,SL.UEM.TOTL.ZS,1989,
NGA,SL.UEM.TOTL.ZS,1988,
NGA,SL.UEM.TOTL.ZS,1987,
NGA,SL.UEM.TOTL.ZS,1986,
NGA,SL.UEM.TOTL.ZS,1985,
NGA,SL.UEM.TOTL.ZS,1984,
NGA,SL.UEM.TOTL.ZS,1983,
NGA,SL.UEM.TOTL.ZS,1982,
NGA,SL.UEM.TOTL.ZS,1981,
NGA,SL.UEM.TOTL.ZS,1980,
NGA,SL.UEM.TOTL.ZS,1979,
NGA,SL.UEM.TOTL.ZS,1978,
NGA,SL.UEM.TOTL.ZS,1977,
NGA,SL.UEM.TOTL.ZS,1976,
NGA,SL.UEM.TOTL.ZS,1975,
NGA,SL.UEM.TOTL.ZS,1974,
NGA,SL.UEM.TOTL.ZS,1973,
NGA,SL.UEM.TOTL.ZS,1972,
NGA,SL.UEM.TOTL.ZS,1971,
NGA,SL.UEM.TOTL.ZS,1970,
NGA,SL.UEM.TOTL.ZS,1969,
NGA,SL.UEM.TOTL.ZS,1968,
NGA,SL.UEM.TOTL.ZS,1967,
NGA,SL.UEM.TOTL.ZS,1966,
NGA,SL.UEM.TOTL.ZS,1965,
NGA,SL.UEM.TOTL.ZS,1964,
NGA,SL.UEM.TOTL.ZS,1963,
NGA,SL.UEM.TOTL.ZS,1962,
NGA,SL.UEM.TOTL.ZS,1961,
NGA,SL.UEM.TOTL.ZS,1960,
MKD,SL.UEM.TOTL.ZS,2024,13.417
MKD,SL.UEM.TOTL.ZS,2023,13.174
MKD,SL.UEM.TOTL.ZS,2022,14.476
MKD,SL.UEM.TOTL.ZS,2021,15.801
MKD,SL.UEM.TOTL.ZS,2020,16.575
MKD,SL.UEM.TOTL.ZS,2019,17.414
MKD,SL.UEM.TOTL.ZS,2018,21.208
MKD,SL.UEM.TOTL.ZS,2017,22.857
MKD,SL.UEM.TOTL.ZS,2016,24.312
MKD,SL.UEM.TOTL.ZS,2015,26.395
MKD,SL.UEM.TOTL.ZS,2014,28.215
MKD,SL.UEM.TOTL.ZS,2013,29.017
MKD,SL.UEM.TOTL.ZS,2012,31.096
MKD,SL.UEM.TOTL.ZS,2011,31.502
MKD,SL.UEM.TOTL.ZS,2010,33.135
MKD,SL.UEM.TOTL.ZS,2009,32.351
MKD,SL.UEM.TOTL.ZS,2008,33.93
MKD,SL.UEM.TOTL.ZS,2007,35.231
MKD,SL.UEM.TOTL.ZS,2006,36.392
MKD,SL.UEM.TOTL.ZS,2005,37.32
MKD,SL.UEM.TOTL.ZS,2004,37.161
MKD,SL.UEM.TOTL.ZS,2003,36.69
MKD,SL.UEM.TOTL.ZS,2002,31.94
MKD,SL.UEM.TOTL.ZS,2001,30.52
MKD,SL.UEM.TOTL.ZS,2000,32.2
MKD,SL.UEM.TOTL.ZS,1999,32.4
MKD,SL.UEM.TOTL.ZS,1998,34.5
MKD,SL.UEM.TOTL.ZS,1997,36.0
MKD,SL.UEM.TOTL.ZS,1996,38.8
MKD,SL.UEM.TOTL.ZS,1995,35.6
MKD,SL.UEM.TOTL.ZS,1994,30.0
MKD,SL.UEM.TOTL.ZS,1993,27.7
MKD,SL.UEM.TOTL.ZS,1992,26.3
MKD,SL.UEM.TOTL.ZS,1991,24.5
MKD,SL.UEM.TOTL.ZS,1990,
MKD,SL.UEM.TOTL.ZS,1989,
MKD,SL.UEM.TOTL.ZS,1988,
MKD,SL.UEM.TOTL.ZS,1987,
MKD,SL.UEM.TOTL.ZS,1986,
MKD,SL.UEM.TOTL.ZS,1985,
MKD,SL.UEM.TOTL.ZS,1984,
MKD,SL.UEM.TOTL.ZS,1983,
MKD,SL.UEM.TOTL.ZS,1982,
MKD,SL.UEM.TOTL.ZS,1981,
MKD,SL.UEM.TOTL.ZS,1980,
MKD,SL.UEM.TOTL.ZS,1979,
MKD,SL.UEM.TOTL.ZS,1978,
MKD,SL.UEM.TOTL.ZS,1977,
MKD,SL.UEM.TOTL.ZS,1976,
MKD,SL.UEM.TOTL.ZS,1975,
MKD,SL.UEM.TOTL.ZS,1974,
MKD,SL.UEM.TOTL.ZS,1973,
MKD,SL.UEM.TOTL.ZS,1972,
MKD,SL.UEM.TOTL.ZS,1971,
MKD,SL.UEM.TOTL.ZS,1970,
MKD,SL.UEM.TOTL.ZS,1969,
MKD,SL.UEM.TOTL.ZS,1968,
MKD,SL.UEM.TOTL.ZS,1967,
MKD,SL.UEM.TOTL.ZS,1966,
MKD,SL.UEM.TOTL.ZS,1965,
MKD,SL.UEM.TOTL.ZS,1964,
MKD,SL.UEM.TOTL.ZS,1963,
MKD,SL.UEM.TOTL.ZS,1962,
MKD,SL.UEM.TOTL.ZS,1961,
MKD,SL.UEM.TOTL.ZS,1960,
MNP,SL.UEM.TOTL.ZS,2024,
MNP,SL.UEM.TOTL.ZS,2023,
MNP,SL.UEM.TOTL.ZS,2022,
MNP,SL.UEM.TOTL.ZS,2021,
MNP,SL.UEM.TOTL.ZS,2020,
MNP,SL.UEM.TOTL.ZS,2019,
MNP,SL.UEM.TOTL.ZS,2018,
MNP,SL.UEM.TOTL.ZS,2017,
MNP,SL.UEM.TOTL.ZS,2016,
MNP,SL.UEM.TOTL.ZS,2015,
MNP,SL.UEM.TOTL.ZS,2014,
MNP,SL.UEM.TOTL.ZS,2013,
MNP,SL.UEM.TOTL.ZS,2012,
MNP,SL.UEM.TOTL.ZS,2011,
MNP,SL.UEM.TOTL.ZS,2010,
MNP,SL.UEM.TOTL.ZS,2009,
MNP,SL.UEM.TOTL.ZS,2008,
MNP,SL.UEM.TOTL.ZS,2007,
MNP,SL.UEM.TOTL.ZS,2006,
MNP,SL.UEM.TOTL.ZS,2005,
MNP,SL.UEM.TOTL.ZS,2004,
MNP,SL.UEM.TOTL.ZS,2003,
MNP,SL.UEM.TOTL.ZS,2002,
MNP,SL.UEM.TOTL.ZS,2001,
MNP,SL.UEM.TOTL.ZS,2000,
MNP,SL.UEM.TOTL.ZS,1999,
MNP,SL.UEM.TOTL.ZS,1998,
MNP,SL.UEM.TOTL.ZS,1997,
MNP,SL.UEM.TOTL.ZS,1996,
MNP,SL.UEM.TOTL.ZS,1995,
MNP,SL.UEM.TOTL.ZS,1994,
MNP,SL.UEM.TOTL.ZS,1993,
MNP,SL.UEM.TOTL.ZS,1992,
MNP,SL.UEM.TOTL.ZS,1991,
MNP,SL.UEM.TOTL.ZS,1990,
MNP,SL.UEM.TOTL.ZS,1989,
MNP,SL.UEM.TOTL.ZS,1988,
MNP,SL.UEM.TOTL.ZS,1987,
MNP,SL.UEM.TOTL.ZS,1986,
MNP,SL.UEM.TOTL.ZS,1985,
MNP,SL.UEM.TOTL.ZS,1984,
MNP,SL.UEM.TOTL.ZS,1983,
MNP,SL.UEM.TOTL.ZS,1982,
MNP,SL.UEM.TOTL.ZS,1981,
MNP,SL.UEM.TOTL.ZS,1980,
MNP,SL.UEM.TOTL.ZS,1979,
MNP,SL.UEM.TOTL.ZS,1978,
MNP,SL.UEM.TOTL.ZS,1977,
MNP,SL.UEM.TOTL.ZS,1976,
MNP,SL.UEM.TOTL.ZS,1975,
MNP,SL.UEM.TOTL.ZS,1974,
MNP,SL.UEM.TOTL.ZS,1973,
MNP,SL.UEM.TOTL.ZS,1972,
MNP,SL.UEM.TOTL.ZS,1971,
MNP,SL.UEM.TOTL.ZS,1970,
MNP,SL.UEM.TOTL.ZS,1969,
MNP,SL.UEM.TOTL.ZS,1968,
MNP,SL.UEM.TOTL.ZS,1967,
MNP,SL.UEM.TOTL.ZS,1966,
MNP,SL.UEM.TOTL.ZS,1965,
MNP,SL.UEM.TOTL.ZS,1964,
MNP,SL.UEM.TOTL.ZS,1963,
MNP,SL.UEM.TOTL.ZS,1962,
MNP,SL.UEM.TOTL.ZS,1961,
MNP,SL.UEM.TOTL.ZS,1960,
NOR,SL.UEM.TOTL.ZS,2024,3.97
NOR,SL.UEM.TOTL.ZS,2023,3.572
NOR,SL.UEM.TOTL.ZS,2022,3.231
NOR,SL.UEM.TOTL.ZS,2021,4.359
NOR,SL.UEM.TOTL.ZS,2020,4.424
NOR,SL.UEM.TOTL.ZS,2019,3.684
NOR,SL.UEM.TOTL.ZS,2018,3.801
NOR,SL.UEM.TOTL.ZS,2017,4.164
NOR,SL.UEM.TOTL.ZS,2016,4.68
NOR,SL.UEM.TOTL.ZS,2015,4.296
NOR,SL.UEM.TOTL.ZS,2014,3.486
NOR,SL.UEM.TOTL.ZS,2013,3.425
NOR,SL.UEM.TOTL.ZS,2012,3.129
NOR,SL.UEM.TOTL.ZS,2011,3.196
NOR,SL.UEM.TOTL.ZS,2010,3.527
NOR,SL.UEM.TOTL.ZS,2009,3.1
NOR,SL.UEM.TOTL.ZS,2008,2.521
NOR,SL.UEM.TOTL.ZS,2007,2.493
NOR,SL.UEM.TOTL.ZS,2006,3.397
NOR,SL.UEM.TOTL.ZS,2005,4.381
NOR,SL.UEM.TOTL.ZS,2004,4.256
NOR,SL.UEM.TOTL.ZS,2003,4.221
NOR,SL.UEM.TOTL.ZS,2002,4.022
NOR,SL.UEM.TOTL.ZS,2001,3.738
NOR,SL.UEM.TOTL.ZS,2000,3.458
NOR,SL.UEM.TOTL.ZS,1999,3.247
NOR,SL.UEM.TOTL.ZS,1998,3.737
NOR,SL.UEM.TOTL.ZS,1997,4.687
NOR,SL.UEM.TOTL.ZS,1996,5.036
NOR,SL.UEM.TOTL.ZS,1995,6.307
NOR,SL.UEM.TOTL.ZS,1994,5.349
NOR,SL.UEM.TOTL.ZS,1993,5.965
NOR,SL.UEM.TOTL.ZS,1992,5.91
NOR,SL.UEM.TOTL.ZS,1991,5.407
NOR,SL.UEM.TOTL.ZS,1990,
NOR,SL.UEM.TOTL.ZS,1989,
NOR,SL.UEM.TOTL.ZS,1988,
NOR,SL.UEM.TOTL.ZS,1987,
NOR,SL.UEM.TOTL.ZS,1986,
NOR,SL.UEM.TOTL.ZS,1985,
NOR,SL.UEM.TOTL.ZS,1984,
NOR,SL.UEM.TOTL.ZS,1983,
NOR,SL.UEM.TOTL.ZS,1982,
NOR,SL.UEM.TOTL.ZS,1981,
NOR,SL.UEM.TOTL.ZS,1980,
NOR,SL.UEM.TOTL.ZS,1979,
NOR,SL.UEM.TOTL.ZS,1978,
NOR,SL.UEM.TOTL.ZS,1977,
NOR,SL.UEM.TOTL.ZS,1976,
NOR,SL.UEM.TOTL.ZS,1975,
NOR,SL.UEM.TOTL.ZS,1974,
NOR,SL.UEM.TOTL.ZS,1973,
NOR,SL.UEM.TOTL.ZS,1972,
NOR,SL.UEM.TOTL.ZS,1971,
NOR,SL.UEM.TOTL.ZS,1970,
NOR,SL.UEM.TOTL.ZS,1969,
NOR,SL.UEM.TOTL.ZS,1968,
NOR,SL.UEM.TOTL.ZS,1967,
NOR,SL.UEM.TOTL.ZS,1966,
NOR,SL.UEM.TOTL.ZS,1965,
NOR,SL.UEM.TOTL.ZS,1964,
NOR,SL.UEM.TOTL.ZS,1963,
NOR,SL.UEM.TOTL.ZS,1962,
NOR,SL.UEM.TOTL.ZS,1961,
NOR,SL.UEM.TOTL.ZS,1960,
OMN,SL.UEM.TOTL.ZS,2024,3.161
OMN,SL.UEM.TOTL.ZS,2023,3.176
OMN,SL.UEM.TOTL.ZS,2022,3.3
OMN,SL.UEM.TOTL.ZS,2021,1.9
OMN,SL.UEM.TOTL.ZS,2020,2.94
OMN,SL.UEM.TOTL.ZS,2019,2.04
OMN,SL.UEM.TOTL.ZS,2018,1.8
OMN,SL.UEM.TOTL.ZS,2017,2.522
OMN,SL.UEM.TOTL.ZS,2016,3.266
OMN,SL.UEM.TOTL.ZS,2015,3.401
OMN,SL.UEM.TOTL.ZS,2014,3.449
OMN,SL.UEM.TOTL.ZS,2013,3.547
OMN,SL.UEM.TOTL.ZS,2012,3.765
OMN,SL.UEM.TOTL.ZS,2011,3.958
OMN,SL.UEM.TOTL.ZS,2010,3.935
OMN,SL.UEM.TOTL.ZS,2009,3.993
OMN,SL.UEM.TOTL.ZS,2008,4.142
OMN,SL.UEM.TOTL.ZS,2007,4.298
OMN,SL.UEM.TOTL.ZS,2006,4.383
OMN,SL.UEM.TOTL.ZS,2005,4.626
OMN,SL.UEM.TOTL.ZS,2004,4.734
OMN,SL.UEM.TOTL.ZS,2003,4.62
OMN,SL.UEM.TOTL.ZS,2002,4.328
OMN,SL.UEM.TOTL.ZS,2001,4.281
OMN,SL.UEM.TOTL.ZS,2000,4.331
OMN,SL.UEM.TOTL.ZS,1999,4.342
OMN,SL.UEM.TOTL.ZS,1998,4.259
OMN,SL.UEM.TOTL.ZS,1997,4.188
OMN,SL.UEM.TOTL.ZS,1996,4.247
OMN,SL.UEM.TOTL.ZS,1995,4.16
OMN,SL.UEM.TOTL.ZS,1994,4.067
OMN,SL.UEM.TOTL.ZS,1993,4.004
OMN,SL.UEM.TOTL.ZS,1992,4.158
OMN,SL.UEM.TOTL.ZS,1991,4.055
OMN,SL.UEM.TOTL.ZS,1990,
OMN,SL.UEM.TOTL.ZS,1989,
OMN,SL.UEM.TOTL.ZS,1988,
OMN,SL.UEM.TOTL.ZS,1987,
OMN,SL.UEM.TOTL.ZS,1986,
OMN,SL.UEM.TOTL.ZS,1985,
OMN,SL.UEM.TOTL.ZS,1984,
OMN,SL.UEM.TOTL.ZS,1983,
OMN,SL.UEM.TOTL.ZS,1982,
OMN,SL.UEM.TOTL.ZS,1981,
OMN,SL.UEM.TOTL.ZS,1980,
OMN,SL.UEM.TOTL.ZS,1979,
OMN,SL.UEM.TOTL.ZS,1978,
OMN,SL.UEM.TOTL.ZS,1977,
OMN,SL.UEM.TOTL.ZS,1976,
OMN,SL.UEM.TOTL.ZS,1975,
OMN,SL.UEM.TOTL.ZS,1974,
OMN,SL.UEM.TOTL.ZS,1973,
OMN,SL.UEM.TOTL.ZS,1972,
OMN,SL.UEM.TOTL.ZS,1971,
OMN,SL.UEM.TOTL.ZS,1970,
OMN,SL.UEM.TOTL.ZS,1969,
OMN,SL.UEM.TOTL.ZS,1968,
OMN,SL.UEM.TOTL.ZS,1967,
OMN,SL.UEM.TOTL.ZS,1966,
OMN,SL.UEM.TOTL.ZS,1965,
OMN,SL.UEM.TOTL.ZS,1964,
OMN,SL.UEM.TOTL.ZS,1963,
OMN,SL.UEM.TOTL.ZS,1962,
OMN,SL.UEM.TOTL.ZS,1961,
OMN,SL.UEM.TOTL.ZS,1960,
PAK,SL.UEM.TOTL.ZS,2024,5.472
PAK,SL.UEM.TOTL.ZS,2023,5.408
PAK,SL.UEM.TOTL.ZS,2022,5.485
PAK,SL.UEM.TOTL.ZS,2021,6.338
PAK,SL.UEM.TOTL.ZS,2020,6.127
PAK,SL.UEM.TOTL.ZS,2019,4.83
PAK,SL.UEM.TOTL.ZS,2018,4.083
PAK,SL.UEM.TOTL.ZS,2017,3.215
PAK,SL.UEM.TOTL.ZS,2016,2.285
PAK,SL.UEM.TOTL.ZS,2015,3.566
PAK,SL.UEM.TOTL.ZS,2014,1.827
PAK,SL.UEM.TOTL.ZS,2013,2.954
PAK,SL.UEM.TOTL.ZS,2012,3.667
PAK,SL.UEM.TOTL.ZS,2011,0.796
PAK,SL.UEM.TOTL.ZS,2010,0.653
PAK,SL.UEM.TOTL.ZS,2009,0.535
PAK,SL.UEM.TOTL.ZS,2008,0.423
PAK,SL.UEM.TOTL.ZS,2007,0.398
PAK,SL.UEM.TOTL.ZS,2006,0.582
PAK,SL.UEM.TOTL.ZS,2005,0.585
PAK,SL.UEM.TOTL.ZS,2004,0.608
PAK,SL.UEM.TOTL.ZS,2003,0.63
PAK,SL.UEM.TOTL.ZS,2002,0.635
PAK,SL.UEM.TOTL.ZS,2001,0.629
PAK,SL.UEM.TOTL.ZS,2000,0.634
PAK,SL.UEM.TOTL.ZS,1999,0.652
PAK,SL.UEM.TOTL.ZS,1998,0.645
PAK,SL.UEM.TOTL.ZS,1997,0.631
PAK,SL.UEM.TOTL.ZS,1996,0.616
PAK,SL.UEM.TOTL.ZS,1995,0.632
PAK,SL.UEM.TOTL.ZS,1994,0.617
PAK,SL.UEM.TOTL.ZS,1993,0.61
PAK,SL.UEM.TOTL.ZS,1992,0.596
PAK,SL.UEM.TOTL.ZS,1991,0.611
PAK,SL.UEM.TOTL.ZS,1990,
PAK,SL.UEM.TOTL.ZS,1989,
PAK,SL.UEM.TOTL.ZS,1988,
PAK,SL.UEM.TOTL.ZS,1987,
PAK,SL.UEM.TOTL.ZS,1986,
PAK,SL.UEM.TOTL.ZS,1985,
PAK,SL.UEM.TOTL.ZS,1984,
PAK,SL.UEM.TOTL.ZS,1983,
PAK,SL.UEM.TOTL.ZS,1982,
PAK,SL.UEM.TOTL.ZS,1981,
PAK,SL.UEM.TOTL.ZS,1980,
PAK,SL.UEM.TOTL.ZS,1979,
PAK,SL.UEM.TOTL.ZS,1978,
PAK,SL.UEM.TOTL.ZS,1977,
PAK,SL.UEM.TOTL.ZS,1976,
PAK,SL.UEM.TOTL.ZS,1975,
PAK,SL.UEM.TOTL.ZS,1974,
PAK,SL.UEM.TOTL.ZS,1973,
PAK,SL.UEM.TOTL.ZS,1972,
PAK,SL.UEM.TOTL.ZS,1971,
PAK,SL.UEM.TOTL.ZS,1970,
PAK,SL.UEM.TOTL.ZS,1969,
PAK,SL.UEM.TOTL.ZS,1968,
PAK,SL.UEM.TOTL.ZS,1967,
PAK,SL.UEM.TOTL.ZS,1966,
PAK,SL.UEM.TOTL.ZS,1965,
PAK,SL.UEM.TOTL.ZS,1964,
PAK,SL.UEM.TOTL.ZS,1963,
PAK,SL.UEM.TOTL.ZS,1962,
PAK,SL.UEM.TOTL.ZS,1961,
PAK,SL.UEM.TOTL.ZS,1960,
PLW,SL.UEM.TOTL.ZS,2024,
PLW,SL.UEM.TOTL.ZS,2023,
PLW,SL.UEM.TOTL.ZS,2022,
PLW,SL.UEM.TOTL.ZS,2021,
PLW,SL.UEM.TOTL.ZS,2020,
PLW,SL.UEM.TOTL.ZS,2019,
PLW,SL.UEM.TOTL.ZS,2018,
PLW,SL.UEM.TOTL.ZS,2017,
PLW,SL.UEM.TOTL.ZS,2016,
PLW,SL.UEM.TOTL.ZS,2015,
PLW,SL.UEM.TOTL.ZS,2014,
PLW,SL.UEM.TOTL.ZS,2013,
PLW,SL.UEM.TOTL.ZS,2012,
PLW,SL.UEM.TOTL.ZS,2011,
PLW,SL.UEM.TOTL.ZS,2010,
PLW,SL.UEM.TOTL.ZS,2009,
PLW,SL.UEM.TOTL.ZS,2008,
PLW,SL.UEM.TOTL.ZS,2007,
PLW,SL.UEM.TOTL.ZS,2006,
PLW,SL.UEM.TOTL.ZS,2005,
PLW,SL.UEM.TOTL.ZS,2004,
PLW,SL.UEM.TOTL.ZS,2003,
PLW,SL.UEM.TOTL.ZS,2002,
PLW,SL.UEM.TOTL.ZS,2001,
PLW,SL.UEM.TOTL.ZS,2000,
PLW,SL.UEM.TOTL.ZS,1999,
PLW,SL.UEM.TOTL.ZS,1998,
PLW,SL.UEM.TOTL.ZS,1997,
PLW,SL.UEM.TOTL.ZS,1996,
PLW,SL.UEM.TOTL.ZS,1995,
PLW,SL.UEM.TOTL.ZS,1994,
PLW,SL.UEM.TOTL.ZS,1993,
PLW,SL.UEM.TOTL.ZS,1992,
PLW,SL.UEM.TOTL.ZS,1991,
PLW,SL.UEM.TOTL.ZS,1990,
PLW,SL.UEM.TOTL.ZS,1989,
PLW,SL.UEM.TOTL.ZS,1988,
PLW,SL.UEM.TOTL.ZS,1987,
PLW,SL.UEM.TOTL.ZS,1986,
PLW,SL.UEM.TOTL.ZS,1985,
PLW,SL.UEM.TOTL.ZS,1984,
PLW,SL.UEM.TOTL.ZS,1983,
PLW,SL.UEM.TOTL.ZS,1982,
PLW,SL.UEM.TOTL.ZS,1981,
PLW,SL.UEM.TOTL.ZS,1980,
PLW,SL.UEM.TOTL.ZS,1979,
PLW,SL.UEM.TOTL.ZS,1978,
PLW,SL.UEM.TOTL.ZS,1977,
PLW,SL.UEM.TOTL.ZS,1976,
PLW,SL.UEM.TOTL.ZS,1975,
PLW,SL.UEM.TOTL.ZS,1974,
PLW,SL.UEM.TOTL.ZS,1973,
PLW,SL.UEM.TOTL.ZS,1972,
PLW,SL.UEM.TOTL.ZS,1971,
PLW,SL.UEM.TOTL.ZS,1970,
PLW,SL.UEM.TOTL.ZS,1969,
PLW,SL.UEM.TOTL.ZS,1968,
PLW,SL.UEM.TOTL.ZS,1967,
PLW,SL.UEM.TOTL.ZS,1966,
PLW,SL.UEM.TOTL.ZS,1965,
PLW,SL.UEM.TOTL.ZS,1964,
PLW,SL.UEM.TOTL.ZS,1963,
PLW,SL.UEM.TOTL.ZS,1962,
PLW,SL.UEM.TOTL.ZS,1961,
PLW,SL.UEM.TOTL.ZS,1960,
PAN,SL.UEM.TOTL.ZS,2024,6.518
PAN,SL.UEM.TOTL.ZS,2023,6.544
PAN,SL.UEM.TOTL.ZS,2022,8.086
PAN,SL.UEM.TOTL.ZS,2021,10.177
PAN,SL.UEM.TOTL.ZS,2020,14.663
PAN,SL.UEM.TOTL.ZS,2019,6.256
PAN,SL.UEM.TOTL.ZS,2018,5.161
PAN,SL.UEM.TOTL.ZS,2017,5.338
PAN,SL.UEM.TOTL.ZS,2016,4.717
PAN,SL.UEM.TOTL.ZS,2015,4.335
PAN,SL.UEM.TOTL.ZS,2014,4.391
PAN,SL.UEM.TOTL.ZS,2013,3.674
PAN,SL.UEM.TOTL.ZS,2012,3.691
PAN,SL.UEM.TOTL.ZS,2011,4.03
PAN,SL.UEM.TOTL.ZS,2010,5.845
PAN,SL.UEM.TOTL.ZS,2009,5.864
PAN,SL.UEM.TOTL.ZS,2008,5.647
PAN,SL.UEM.TOTL.ZS,2007,5.694
PAN,SL.UEM.TOTL.ZS,2006,5.822
PAN,SL.UEM.TOTL.ZS,2005,6.002
PAN,SL.UEM.TOTL.ZS,2004,6.127
PAN,SL.UEM.TOTL.ZS,2003,6.346
PAN,SL.UEM.TOTL.ZS,2002,6.362
PAN,SL.UEM.TOTL.ZS,2001,6.372
PAN,SL.UEM.TOTL.ZS,2000,6.264
PAN,SL.UEM.TOTL.ZS,1999,6.232
PAN,SL.UEM.TOTL.ZS,1998,6.23
PAN,SL.UEM.TOTL.ZS,1997,6.406
PAN,SL.UEM.TOTL.ZS,1996,6.524
PAN,SL.UEM.TOTL.ZS,1995,6.526
PAN,SL.UEM.TOTL.ZS,1994,6.429
PAN,SL.UEM.TOTL.ZS,1993,6.364
PAN,SL.UEM.TOTL.ZS,1992,6.303
PAN,SL.UEM.TOTL.ZS,1991,6.445
PAN,SL.UEM.TOTL.ZS,1990,
PAN,SL.UEM.TOTL.ZS,1989,
PAN,SL.UEM.TOTL.ZS,1988,
PAN,SL.UEM.TOTL.ZS,1987,
PAN,SL.UEM.TOTL.ZS,1986,
PAN,SL.UEM.TOTL.ZS,1985,
PAN,SL.UEM.TOTL.ZS,1984,
PAN,SL.UEM.TOTL.ZS,1983,
PAN,SL.UEM.TOTL.ZS,1982,
PAN,SL.UEM.TOTL.ZS,1981,
PAN,SL.UEM.TOTL.ZS,1980,
PAN,SL.UEM.TOTL.ZS,1979,
PAN,SL.UEM.TOTL.ZS,1978,
PAN,SL.UEM.TOTL.ZS,1977,
PAN,SL.UEM.TOTL.ZS,1976,
PAN,SL.UEM.TOTL.ZS,1975,
PAN,SL.UEM.TOTL.ZS,1974,
PAN,SL.UEM.TOTL.ZS,1973,
PAN,SL.UEM.TOTL.ZS,1972,
PAN,SL.UEM.TOTL.ZS,1971,
PAN,SL.UEM.TOTL.ZS,1970,
PAN,SL.UEM.TOTL.ZS,1969,
PAN,SL.UEM.TOTL.ZS,1968,
PAN,SL.UEM.TOTL.ZS,1967,
PAN,SL.UEM.TOTL.ZS,1966,
PAN,SL.UEM.TOTL.ZS,1965,
PAN,SL.UEM.TOTL.ZS,1964,
PAN,SL.UEM.TOTL.ZS,1963,
PAN,SL.UEM.TOTL.ZS,1962,
PAN,SL.UEM.TOTL.ZS,1961,
PAN,SL.UEM.TOTL.ZS,1960,
PNG,SL.UEM.TOTL.ZS,2024,2.741
PNG,SL.UEM.TOTL.ZS,2023,2.661
PNG,SL.UEM.TOTL.ZS,2022,2.689
PNG,SL.UEM.TOTL.ZS,2021,3.003
PNG,SL.UEM.TOTL.ZS,2020,2.883
PNG,SL.UEM.TOTL.ZS,2019,2.634
PNG,SL.UEM.TOTL.ZS,2018,2.635
PNG,SL.UEM.TOTL.ZS,2017,2.569
PNG,SL.UEM.TOTL.ZS,2016,2.472
PNG,SL.UEM.TOTL.ZS,2015,2.503
PNG,SL.UEM.TOTL.ZS,2014,2.536
PNG,SL.UEM.TOTL.ZS,2013,2.692
PNG,SL.UEM.TOTL.ZS,2012,2.631
PNG,SL.UEM.TOTL.ZS,2011,2.62
PNG,SL.UEM.TOTL.ZS,2010,2.002
PNG,SL.UEM.TOTL.ZS,2009,2.089
PNG,SL.UEM.TOTL.ZS,2008,2.169
PNG,SL.UEM.TOTL.ZS,2007,2.172
PNG,SL.UEM.TOTL.ZS,2006,2.287
PNG,SL.UEM.TOTL.ZS,2005,2.387
PNG,SL.UEM.TOTL.ZS,2004,2.526
PNG,SL.UEM.TOTL.ZS,2003,2.628
PNG,SL.UEM.TOTL.ZS,2002,2.755
PNG,SL.UEM.TOTL.ZS,2001,2.801
PNG,SL.UEM.TOTL.ZS,2000,2.92
PNG,SL.UEM.TOTL.ZS,1999,2.939
PNG,SL.UEM.TOTL.ZS,1998,2.862
PNG,SL.UEM.TOTL.ZS,1997,2.856
PNG,SL.UEM.TOTL.ZS,1996,2.734
PNG,SL.UEM.TOTL.ZS,1995,2.613
PNG,SL.UEM.TOTL.ZS,1994,2.432
PNG,SL.UEM.TOTL.ZS,1993,2.397
PNG,SL.UEM.TOTL.ZS,1992,2.618
PNG,SL.UEM.TOTL.ZS,1991,2.799
PNG,SL.UEM.TOTL.ZS,1990,
PNG,SL.UEM.TOTL.ZS,1989,
PNG,SL.UEM.TOTL.ZS,1988,
PNG,SL.UEM.TOTL.ZS,1987,
PNG,SL.UEM.TOTL.ZS,1986,
PNG,SL.UEM.TOTL.ZS,1985,
PNG,SL.UEM.TOTL.ZS,1984,
PNG,SL.UEM.TOTL.ZS,1983,
PNG,SL.UEM.TOTL.ZS,1982,
PNG,SL.UEM.TOTL.ZS,1981,
PNG,SL.UEM.TOTL.ZS,1980,
PNG,SL.UEM.TOTL.ZS,1979,
PNG,SL.UEM.TOTL.ZS,1978,
PNG,SL.UEM.TOTL.ZS,1977,
PNG,SL.UEM.TOTL.ZS,1976,
PNG,SL.UEM.TOTL.ZS,1975,
PNG,SL.UEM.TOTL.ZS,1974,
PNG,SL.UEM.TOTL.ZS,1973,
PNG,SL.UEM.TOTL.ZS,1972,
PNG,SL.UEM.TOTL.ZS,1971,
PNG,SL.UEM.TOTL.ZS,1970,
PNG,SL.UEM.TOTL.ZS,1969,
PNG,SL.UEM.TOTL.ZS,1968,
PNG,SL.UEM.TOTL.ZS,1967,
PNG,SL.UEM.TOTL.ZS,1966,
PNG,SL.UEM.TOTL.ZS,1965,
PNG,SL.UEM.TOTL.ZS,1964,
PNG,SL.UEM.TOTL.ZS,1963,
PNG,SL.UEM.TOTL.ZS,1962,
PNG,SL.UEM.TOTL.ZS,1961,
PNG,SL.UEM.TOTL.ZS,1960,
PRY,SL.UEM.TOTL.ZS,2024,6.093
PRY,SL.UEM.TOTL.ZS,2023,5.794
PRY,SL.UEM.TOTL.ZS,2022,6.755
PRY,SL.UEM.TOTL.ZS,2021,7.311
PRY,SL.UEM.TOTL.ZS,2020,7.548
PRY,SL.UEM.TOTL.ZS,2019,6.595
PRY,SL.UEM.TOTL.ZS,2018,6.217
PRY,SL.UEM.TOTL.ZS,2017,6.138
PRY,SL.UEM.TOTL.ZS,2016,5.255
PRY,SL.UEM.TOTL.ZS,2015,4.556
PRY,SL.UEM.TOTL.ZS,2014,5.034
PRY,SL.UEM.TOTL.ZS,2013,4.385
PRY,SL.UEM.TOTL.ZS,2012,4.085
PRY,SL.UEM.TOTL.ZS,2011,4.67
PRY,SL.UEM.TOTL.ZS,2010,4.569
PRY,SL.UEM.TOTL.ZS,2009,5.46
PRY,SL.UEM.TOTL.ZS,2008,4.415
PRY,SL.UEM.TOTL.ZS,2007,4.713
PRY,SL.UEM.TOTL.ZS,2006,5.277
PRY,SL.UEM.TOTL.ZS,2005,4.825
PRY,SL.UEM.TOTL.ZS,2004,6.513
PRY,SL.UEM.TOTL.ZS,2003,6.814
PRY,SL.UEM.TOTL.ZS,2002,9.393
PRY,SL.UEM.TOTL.ZS,2001,6.206
PRY,SL.UEM.TOTL.ZS,2000,7.61
PRY,SL.UEM.TOTL.ZS,1999,5.343
PRY,SL.UEM.TOTL.ZS,1998,4.417
PRY,SL.UEM.TOTL.ZS,1997,5.36
PRY,SL.UEM.TOTL.ZS,1996,8.15
PRY,SL.UEM.TOTL.ZS,1995,3.4
PRY,SL.UEM.TOTL.ZS,1994,4.41
PRY,SL.UEM.TOTL.ZS,1993,5.06
PRY,SL.UEM.TOTL.ZS,1992,4.98
PRY,SL.UEM.TOTL.ZS,1991,5.1
PRY,SL.UEM.TOTL.ZS,1990,
PRY,SL.UEM.TOTL.ZS,1989,
PRY,SL.UEM.TOTL.ZS,1988,
PRY,SL.UEM.TOTL.ZS,1987,
PRY,SL.UEM.TOTL.ZS,1986,
PRY,SL.UEM.TOTL.ZS,1985,
PRY,SL.UEM.TOTL.ZS,1984,
PRY,SL.UEM.TOTL.ZS,1983,
PRY,SL.UEM.TOTL.ZS,1982,
PRY,SL.UEM.TOTL.ZS,1981,
PRY,SL.UEM.TOTL.ZS,1980,
PRY,SL.UEM.TOTL.ZS,1979,
PRY,SL.UEM.TOTL.ZS,1978,
PRY,SL.UEM.TOTL.ZS,1977,
PRY,SL.UEM.TOTL.ZS,1976,
PRY,SL.UEM.TOTL.ZS,1975,
PRY,SL.UEM.TOTL.ZS,1974,
PRY,SL.UEM.TOTL.ZS,1973,
PRY,SL.UEM.TOTL.ZS,1972,
PRY,SL.UEM.TOTL.ZS,1971,
PRY,SL.UEM.TOTL.ZS,1970,
PRY,SL.UEM.TOTL.ZS,1969,
PRY,SL.UEM.TOTL.ZS,1968,
PRY,SL.UEM.TOTL.ZS,1967,
PRY,SL.UEM.TOTL.ZS,1966,
PRY,SL.UEM.TOTL.ZS,1965,
PRY,SL.UEM.TOTL.ZS,1964,
PRY,SL.UEM.TOTL.ZS,1963,
PRY,SL.UEM.TOTL.ZS,1962,
PRY,SL.UEM.TOTL.ZS,1961,
PRY,SL.UEM.TOTL.ZS,1960,
PER,SL.UEM.TOTL.ZS,2024,4.828
PER,SL.UEM.TOTL.ZS,2023,4.899
PER,SL.UEM.TOTL.ZS,2022,3.85
PER,SL.UEM.TOTL.ZS,2021,5.097
PER,SL.UEM.TOTL.ZS,2020,7.179
PER,SL.UEM.TOTL.ZS,2019,3.379
PER,SL.UEM.TOTL.ZS,2018,3.492
PER,SL.UEM.TOTL.ZS,2017,3.691
PER,SL.UEM.TOTL.ZS,2016,3.741
PER,SL.UEM.TOTL.ZS,2015,3.272
PER,SL.UEM.TOTL.ZS,2014,3.208
PER,SL.UEM.TOTL.ZS,2013,3.575
PER,SL.UEM.TOTL.ZS,2012,3.238
PER,SL.UEM.TOTL.ZS,2011,3.477
PER,SL.UEM.TOTL.ZS,2010,3.6
PER,SL.UEM.TOTL.ZS,2009,3.96
PER,SL.UEM.TOTL.ZS,2008,4.03
PER,SL.UEM.TOTL.ZS,2007,4.08
PER,SL.UEM.TOTL.ZS,2006,4.17
PER,SL.UEM.TOTL.ZS,2005,4.87
PER,SL.UEM.TOTL.ZS,2004,4.71
PER,SL.UEM.TOTL.ZS,2003,4.15
PER,SL.UEM.TOTL.ZS,2002,4.84
PER,SL.UEM.TOTL.ZS,2001,5.063
PER,SL.UEM.TOTL.ZS,2000,4.958
PER,SL.UEM.TOTL.ZS,1999,5.01
PER,SL.UEM.TOTL.ZS,1998,5.096
PER,SL.UEM.TOTL.ZS,1997,4.768
PER,SL.UEM.TOTL.ZS,1996,4.931
PER,SL.UEM.TOTL.ZS,1995,4.717
PER,SL.UEM.TOTL.ZS,1994,4.505
PER,SL.UEM.TOTL.ZS,1993,4.803
PER,SL.UEM.TOTL.ZS,1992,5.071
PER,SL.UEM.TOTL.ZS,1991,4.934
PER,SL.UEM.TOTL.ZS,1990,
PER,SL.UEM.TOTL.ZS,1989,
PER,SL.UEM.TOTL.ZS,1988,
PER,SL.UEM.TOTL.ZS,1987,
PER,SL.UEM.TOTL.ZS,1986,
PER,SL.UEM.TOTL.ZS,1985,
PER,SL.UEM.TOTL.ZS,1984,
PER,SL.UEM.TOTL.ZS,1983,
PER,SL.UEM.TOTL.ZS,1982,
PER,SL.UEM.TOTL.ZS,1981,
PER,SL.UEM.TOTL.ZS,1980,
PER,SL.UEM.TOTL.ZS,1979,
PER,SL.UEM.TOTL.ZS,1978,
PER,SL.UEM.TOTL.ZS,1977,
PER,SL.UEM.TOTL.ZS,1976,
PER,SL.UEM.TOTL.ZS,1975,
PER,SL.UEM.TOTL.ZS,1974,
PER,SL.UEM.TOTL.ZS,1973,
PER,SL.UEM.TOTL.ZS,1972,
PER,SL.UEM.TOTL.ZS,1971,
PER,SL.UEM.TOTL.ZS,1970,
PER,SL.UEM.TOTL.ZS,1969,
PER,SL.UEM.TOTL.ZS,1968,
PER,SL.UEM.TOTL.ZS,1967,
PER,SL.UEM.TOTL.ZS,1966,
PER,SL.UEM.TOTL.ZS,1965,
PER,SL.UEM.TOTL.ZS,1964,
PER,SL.UEM.TOTL.ZS,1963,
PER,SL.UEM.TOTL.ZS,1962,
PER,SL.UEM.TOTL.ZS,1961,
PER,SL.UEM.TOTL.ZS,1960,
PHL,SL.UEM.TOTL.ZS,2024,2.153
PHL,SL.UEM.TOTL.ZS,2023,2.222
PHL,SL.UEM.TOTL.ZS,2022,2.598
PHL,SL.UEM.TOTL.ZS,2021,3.398
PHL,SL.UEM.TOTL.ZS,2020,2.522
PHL,SL.UEM.TOTL.ZS,2019,2.237
PHL,SL.UEM.TOTL.ZS,2018,2.338
PHL,SL.UEM.TOTL.ZS,2017,2.552
PHL,SL.UEM.TOTL.ZS,2016,2.695
PHL,SL.UEM.TOTL.ZS,2015,3.068
PHL,SL.UEM.TOTL.ZS,2014,3.6
PHL,SL.UEM.TOTL.ZS,2013,3.497
PHL,SL.UEM.TOTL.ZS,2012,3.504
PHL,SL.UEM.TOTL.ZS,2011,3.592
PHL,SL.UEM.TOTL.ZS,2010,3.605
PHL,SL.UEM.TOTL.ZS,2009,3.858
PHL,SL.UEM.TOTL.ZS,2008,3.72
PHL,SL.UEM.TOTL.ZS,2007,3.434
PHL,SL.UEM.TOTL.ZS,2006,4.052
PHL,SL.UEM.TOTL.ZS,2005,3.795
PHL,SL.UEM.TOTL.ZS,2004,3.554
PHL,SL.UEM.TOTL.ZS,2003,3.527
PHL,SL.UEM.TOTL.ZS,2002,3.615
PHL,SL.UEM.TOTL.ZS,2001,3.698
PHL,SL.UEM.TOTL.ZS,2000,3.767
PHL,SL.UEM.TOTL.ZS,1999,3.749
PHL,SL.UEM.TOTL.ZS,1998,3.698
PHL,SL.UEM.TOTL.ZS,1997,3.598
PHL,SL.UEM.TOTL.ZS,1996,3.613
PHL,SL.UEM.TOTL.ZS,1995,3.683
PHL,SL.UEM.TOTL.ZS,1994,3.765
PHL,SL.UEM.TOTL.ZS,1993,3.863
PHL,SL.UEM.TOTL.ZS,1992,3.844
PHL,SL.UEM.TOTL.ZS,1991,3.729
PHL,SL.UEM.TOTL.ZS,1990,
PHL,SL.UEM.TOTL.ZS,1989,
PHL,SL.UEM.TOTL.ZS,1988,
PHL,SL.UEM.TOTL.ZS,1987,
PHL,SL.UEM.TOTL.ZS,1986,
PHL,SL.UEM.TOTL.ZS,1985,
PHL,SL.UEM.TOTL.ZS,1984,
PHL,SL.UEM.TOTL.ZS,1983,
PHL,SL.UEM.TOTL.ZS,1982,
PHL,SL.UEM.TOTL.ZS,1981,
PHL,SL.UEM.TOTL.ZS,1980,
PHL,SL.UEM.TOTL.ZS,1979,
PHL,SL.UEM.TOTL.ZS,1978,
PHL,SL.UEM.TOTL.ZS,1977,
PHL,SL.UEM.TOTL.ZS,1976,
PHL,SL.UEM.TOTL.ZS,1975,
PHL,SL.UEM.TOTL.ZS,1974,
PHL,SL.UEM.TOTL.ZS,1973,
PHL,SL.UEM.TOTL.ZS,1972,
PHL,SL.UEM.TOTL.ZS,1971,
PHL,SL.UEM.TOTL.ZS,1970,
PHL,SL.UEM.TOTL.ZS,1969,
PHL,SL.UEM.TOTL.ZS,1968,
PHL,SL.UEM.TOTL.ZS,1967,
PHL,SL.UEM.TOTL.ZS,1966,
PHL,SL.UEM.TOTL.ZS,1965,
PHL,SL.UEM.TOTL.ZS,1964,
PHL,SL.UEM.TOTL.ZS,1963,
PHL,SL.UEM.TOTL.ZS,1962,
PHL,SL.UEM.TOTL.ZS,1961,
PHL,SL.UEM.TOTL.ZS,1960,
POL,SL.UEM.TOTL.ZS,2024,2.472
POL,SL.UEM.TOTL.ZS,2023,2.743
POL,SL.UEM.TOTL.ZS,2022,2.811
POL,SL.UEM.TOTL.ZS,2021,3.268
POL,SL.UEM.TOTL.ZS,2020,3.155
POL,SL.UEM.TOTL.ZS,2019,3.267
POL,SL.UEM.TOTL.ZS,2018,3.835
POL,SL.UEM.TOTL.ZS,2017,4.867
POL,SL.UEM.TOTL.ZS,2016,6.141
POL,SL.UEM.TOTL.ZS,2015,7.475
POL,SL.UEM.TOTL.ZS,2014,8.971
POL,SL.UEM.TOTL.ZS,2013,10.293
POL,SL.UEM.TOTL.ZS,2012,10.031
POL,SL.UEM.TOTL.ZS,2011,9.576
POL,SL.UEM.TOTL.ZS,2010,9.578
POL,SL.UEM.TOTL.ZS,2009,8.131
POL,SL.UEM.TOTL.ZS,2008,7.069
POL,SL.UEM.TOTL.ZS,2007,9.551
POL,SL.UEM.TOTL.ZS,2006,13.794
POL,SL.UEM.TOTL.ZS,2005,17.592
POL,SL.UEM.TOTL.ZS,2004,18.822
POL,SL.UEM.TOTL.ZS,2003,19.899
POL,SL.UEM.TOTL.ZS,2002,20.211
POL,SL.UEM.TOTL.ZS,2001,18.435
POL,SL.UEM.TOTL.ZS,2000,14.928
POL,SL.UEM.TOTL.ZS,1999,12.29
POL,SL.UEM.TOTL.ZS,1998,9.935
POL,SL.UEM.TOTL.ZS,1997,10.964
POL,SL.UEM.TOTL.ZS,1996,12.684
POL,SL.UEM.TOTL.ZS,1995,13.695
POL,SL.UEM.TOTL.ZS,1994,14.825
POL,SL.UEM.TOTL.ZS,1993,14.393
POL,SL.UEM.TOTL.ZS,1992,13.645
POL,SL.UEM.TOTL.ZS,1991,13.611
POL,SL.UEM.TOTL.ZS,1990,
POL,SL.UEM.TOTL.ZS,1989,
POL,SL.UEM.TOTL.ZS,1988,
POL,SL.UEM.TOTL.ZS,1987,
POL,SL.UEM.TOTL.ZS,1986,
POL,SL.UEM.TOTL.ZS,1985,
POL,SL.UEM.TOTL.ZS,1984,
POL,SL.UEM.TOTL.ZS,1983,
POL,SL.UEM.TOTL.ZS,1982,
POL,SL.UEM.TOTL.ZS,1981,
POL,SL.UEM.TOTL.ZS,1980,
POL,SL.UEM.TOTL.ZS,1979,
POL,SL.UEM.TOTL.ZS,1978,
POL,SL.UEM.TOTL.ZS,1977,
POL,SL.UEM.TOTL.ZS,1976,
POL,SL.UEM.TOTL.ZS,1975,
POL,SL.UEM.TOTL.ZS,1974,
POL,SL.UEM.TOTL.ZS,1973,
POL,SL.UEM.TOTL.ZS,1972,
POL,SL.UEM.TOTL.ZS,1971,
POL,SL.UEM.TOTL.ZS,1970,
POL,SL.UEM.TOTL.ZS,1969,
POL,SL.UEM.TOTL.ZS,1968,
POL,SL.UEM.TOTL.ZS,1967,
POL,SL.UEM.TOTL.ZS,1966,
POL,SL.UEM.TOTL.ZS,1965,
POL,SL.UEM.TOTL.ZS,1964,
POL,SL.UEM.TOTL.ZS,1963,
POL,SL.UEM.TOTL.ZS,1962,
POL,SL.UEM.TOTL.ZS,1961,
POL,SL.UEM.TOTL.ZS,1960,
PRT,SL.UEM.TOTL.ZS,2024,6.384
PRT,SL.UEM.TOTL.ZS,2023,6.509
PRT,SL.UEM.TOTL.ZS,2022,6.011
PRT,SL.UEM.TOTL.ZS,2021,6.577
PRT,SL.UEM.TOTL.ZS,2020,6.801
PRT,SL.UEM.TOTL.ZS,2019,6.464
PRT,SL.UEM.TOTL.ZS,2018,6.994
PRT,SL.UEM.TOTL.ZS,2017,8.869
PRT,SL.UEM.TOTL.ZS,2016,11.068
PRT,SL.UEM.TOTL.ZS,2015,12.447
PRT,SL.UEM.TOTL.ZS,2014,13.897
PRT,SL.UEM.TOTL.ZS,2013,16.188
PRT,SL.UEM.TOTL.ZS,2012,15.531
PRT,SL.UEM.TOTL.ZS,2011,12.682
PRT,SL.UEM.TOTL.ZS,2010,10.771
PRT,SL.UEM.TOTL.ZS,2009,9.432
PRT,SL.UEM.TOTL.ZS,2008,7.553
PRT,SL.UEM.TOTL.ZS,2007,7.965
PRT,SL.UEM.TOTL.ZS,2006,7.649
PRT,SL.UEM.TOTL.ZS,2005,7.582
PRT,SL.UEM.TOTL.ZS,2004,6.319
PRT,SL.UEM.TOTL.ZS,2003,6.132
PRT,SL.UEM.TOTL.ZS,2002,4.497
PRT,SL.UEM.TOTL.ZS,2001,3.829
PRT,SL.UEM.TOTL.ZS,2000,3.806
PRT,SL.UEM.TOTL.ZS,1999,4.579
PRT,SL.UEM.TOTL.ZS,1998,4.64
PRT,SL.UEM.TOTL.ZS,1997,6.571
PRT,SL.UEM.TOTL.ZS,1996,7.298
PRT,SL.UEM.TOTL.ZS,1995,7.064
PRT,SL.UEM.TOTL.ZS,1994,6.709
PRT,SL.UEM.TOTL.ZS,1993,5.301
PRT,SL.UEM.TOTL.ZS,1992,3.985
PRT,SL.UEM.TOTL.ZS,1991,3.919
PRT,SL.UEM.TOTL.ZS,1990,
PRT,SL.UEM.TOTL.ZS,1989,
PRT,SL.UEM.TOTL.ZS,1988,
PRT,SL.UEM.TOTL.ZS,1987,
PRT,SL.UEM.TOTL.ZS,1986,
PRT,SL.UEM.TOTL.ZS,1985,
PRT,SL.UEM.TOTL.ZS,1984,
PRT,SL.UEM.TOTL.ZS,1983,
PRT,SL.UEM.TOTL.ZS,1982,
PRT,SL.UEM.TOTL.ZS,1981,
PRT,SL.UEM.TOTL.ZS,1980,
PRT,SL.UEM.TOTL.ZS,1979,
PRT,SL.UEM.TOTL.ZS,1978,
PRT,SL.UEM.TOTL.ZS,1977,
PRT,SL.UEM.TOTL.ZS,1976,
PRT,SL.UEM.TOTL.ZS,1975,
PRT,SL.UEM.TOTL.ZS,1974,
PRT,SL.UEM.TOTL.ZS,1973,
PRT,SL.UEM.TOTL.ZS,1972,
PRT,SL.UEM.TOTL.ZS,1971,
PRT,SL.UEM.TOTL.ZS,1970,
PRT,SL.UEM.TOTL.ZS,1969,
PRT,SL.UEM.TOTL.ZS,1968,
PRT,SL.UEM.TOTL.ZS,1967,
PRT,SL.UEM.TOTL.ZS,1966,
PRT,SL.UEM.TOTL.ZS,1965,
PRT,SL.UEM.TOTL.ZS,1964,
PRT,SL.UEM.TOTL.ZS,1963,
PRT,SL.UEM.TOTL.ZS,1962,
PRT,SL.UEM.TOTL.ZS,1961,
PRT,SL.UEM.TOTL.ZS,1960,
PRI,SL.UEM.TOTL.ZS,2024,5.472
PRI,SL.UEM.TOTL.ZS,2023,5.725
PRI,SL.UEM.TOTL.ZS,2022,6.0
PRI,SL.UEM.TOTL.ZS,2021,7.9
PRI,SL.UEM.TOTL.ZS,2020,8.89
PRI,SL.UEM.TOTL.ZS,2019,8.3
PRI,SL.UEM.TOTL.ZS,2018,9.2
PRI,SL.UEM.TOTL.ZS,2017,10.8
PRI,SL.UEM.TOTL.ZS,2016,11.8
PRI,SL.UEM.TOTL.ZS,2015,12.0
PRI,SL.UEM.TOTL.ZS,2014,13.9
PRI,SL.UEM.TOTL.ZS,2013,14.3
PRI,SL.UEM.TOTL.ZS,2012,14.5
PRI,SL.UEM.TOTL.ZS,2011,15.7
PRI,SL.UEM.TOTL.ZS,2010,16.1
PRI,SL.UEM.TOTL.ZS,2009,15.0
PRI,SL.UEM.TOTL.ZS,2008,11.48
PRI,SL.UEM.TOTL.ZS,2007,10.93
PRI,SL.UEM.TOTL.ZS,2006,11.01
PRI,SL.UEM.TOTL.ZS,2005,11.35
PRI,SL.UEM.TOTL.ZS,2004,10.31
PRI,SL.UEM.TOTL.ZS,2003,11.78
PRI,SL.UEM.TOTL.ZS,2002,11.94
PRI,SL.UEM.TOTL.ZS,2001,11.4
PRI,SL.UEM.TOTL.ZS,2000,10.08
PRI,SL.UEM.TOTL.ZS,1999,11.81
PRI,SL.UEM.TOTL.ZS,1998,13.46
PRI,SL.UEM.TOTL.ZS,1997,13.8
PRI,SL.UEM.TOTL.ZS,1996,13.64
PRI,SL.UEM.TOTL.ZS,1995,13.93
PRI,SL.UEM.TOTL.ZS,1994,14.6
PRI,SL.UEM.TOTL.ZS,1993,16.91
PRI,SL.UEM.TOTL.ZS,1992,16.93
PRI,SL.UEM.TOTL.ZS,1991,16.18
PRI,SL.UEM.TOTL.ZS,1990,
PRI,SL.UEM.TOTL.ZS,1989,
PRI,SL.UEM.TOTL.ZS,1988,
PRI,SL.UEM.TOTL.ZS,1987,
PRI,SL.UEM.TOTL.ZS,1986,
PRI,SL.UEM.TOTL.ZS,1985,
PRI,SL.UEM.TOTL.ZS,1984,
PRI,SL.UEM.TOTL.ZS,1983,
PRI,SL.UEM.TOTL.ZS,1982,
PRI,SL.UEM.TOTL.ZS,1981,
PRI,SL.UEM.TOTL.ZS,1980,
PRI,SL.UEM.TOTL.ZS,1979,
PRI,SL.UEM.TOTL.ZS,1978,
PRI,SL.UEM.TOTL.ZS,1977,
PRI,SL.UEM.TOTL.ZS,1976,
PRI,SL.UEM.TOTL.ZS,1975,
PRI,SL.UEM.TOTL.ZS,1974,
PRI,SL.UEM.TOTL.ZS,1973,
PRI,SL.UEM.TOTL.ZS,1972,
PRI,SL.UEM.TOTL.ZS,1971,
PRI,SL.UEM.TOTL.ZS,1970,
PRI,SL.UEM.TOTL.ZS,1969,
PRI,SL.UEM.TOTL.ZS,1968,
PRI,SL.UEM.TOTL.ZS,1967,
PRI,SL.UEM.TOTL.ZS,1966,
PRI,SL.UEM.TOTL.ZS,1965,
PRI,SL.UEM.TOTL.ZS,1964,
PRI,SL.UEM.TOTL.ZS,1963,
PRI,SL.UEM.TOTL.ZS,1962,
PRI,SL.UEM.TOTL.ZS,1961,
PRI,SL.UEM.TOTL.ZS,1960,
QAT,SL.UEM.TOTL.ZS,2024,0.126
QAT,SL.UEM.TOTL.ZS,2023,0.13
QAT,SL.UEM.TOTL.ZS,2022,0.13
QAT,SL.UEM.TOTL.ZS,2021,0.14
QAT,SL.UEM.TOTL.ZS,2020,0.14
QAT,SL.UEM.TOTL.ZS,2019,0.1
QAT,SL.UEM.TOTL.ZS,2018,0.11
QAT,SL.UEM.TOTL.ZS,2017,0.14
QAT,SL.UEM.TOTL.ZS,2016,0.15
QAT,SL.UEM.TOTL.ZS,2015,0.17
QAT,SL.UEM.TOTL.ZS,2014,0.2
QAT,SL.UEM.TOTL.ZS,2013,0.28
QAT,SL.UEM.TOTL.ZS,2012,0.48
QAT,SL.UEM.TOTL.ZS,2011,0.56
QAT,SL.UEM.TOTL.ZS,2010,0.45
QAT,SL.UEM.TOTL.ZS,2009,0.31
QAT,SL.UEM.TOTL.ZS,2008,0.31
QAT,SL.UEM.TOTL.ZS,2007,0.52
QAT,SL.UEM.TOTL.ZS,2006,0.87
QAT,SL.UEM.TOTL.ZS,2005,0.87
QAT,SL.UEM.TOTL.ZS,2004,0.87
QAT,SL.UEM.TOTL.ZS,2003,0.87
QAT,SL.UEM.TOTL.ZS,2002,0.87
QAT,SL.UEM.TOTL.ZS,2001,0.87
QAT,SL.UEM.TOTL.ZS,2000,0.87
QAT,SL.UEM.TOTL.ZS,1999,0.87
QAT,SL.UEM.TOTL.ZS,1998,0.87
QAT,SL.UEM.TOTL.ZS,1997,0.87
QAT,SL.UEM.TOTL.ZS,1996,0.87
QAT,SL.UEM.TOTL.ZS,1995,0.87
QAT,SL.UEM.TOTL.ZS,1994,0.87
QAT,SL.UEM.TOTL.ZS,1993,0.87
QAT,SL.UEM.TOTL.ZS,1992,0.87
QAT,SL.UEM.TOTL.ZS,1991,0.87
QAT,SL.UEM.TOTL.ZS,1990,
QAT,SL.UEM.TOTL.ZS,1989,
QAT,SL.UEM.TOTL.ZS,1988,
QAT,SL.UEM.TOTL.ZS,1987,
QAT,SL.UEM.TOTL.ZS,1986,
QAT,SL.UEM.TOTL.ZS,1985,
QAT,SL.UEM.TOTL.ZS,1984,
QAT,SL.UEM.TOTL.ZS,1983,
QAT,SL.UEM.TOTL.ZS,1982,
QAT,SL.UEM.TOTL.ZS,1981,
QAT,SL.UEM.TOTL.ZS,1980,
QAT,SL.UEM.TOTL.ZS,1979,
QAT,SL.UEM.TOTL.ZS,1978,
QAT,SL.UEM.TOTL.ZS,1977,
QAT,SL.UEM.TOTL.ZS,1976,
QAT,SL.UEM.TOTL.ZS,1975,
QAT,SL.UEM.TOTL.ZS,1974,
QAT,SL.UEM.TOTL.ZS,1973,
QAT,SL.UEM.TOTL.ZS,1972,
QAT,SL.UEM.TOTL.ZS,1971,
QAT,SL.UEM.TOTL.ZS,1970,
QAT,SL.UEM.TOTL.ZS,1969,
QAT,SL.UEM.TOTL.ZS,1968,
QAT,SL.UEM.TOTL.ZS,1967,
QAT,SL.UEM.TOTL.ZS,1966,
QAT,SL.UEM.TOTL.ZS,1965,
QAT,SL.UEM.TOTL.ZS,1964,
QAT,SL.UEM.TOTL.ZS,1963,
QAT,SL.UEM.TOTL.ZS,1962,
QAT,SL.UEM.TOTL.ZS,1961,
QAT,SL.UEM.TOTL.ZS,1960,
ROU,SL.UEM.TOTL.ZS,2024,5.379
ROU,SL.UEM.TOTL.ZS,2023,5.589
ROU,SL.UEM.TOTL.ZS,2022,5.614
ROU,SL.UEM.TOTL.ZS,2021,5.59
ROU,SL.UEM.TOTL.ZS,2020,5.035
ROU,SL.UEM.TOTL.ZS,2019,3.912
ROU,SL.UEM.TOTL.ZS,2018,4.187
ROU,SL.UEM.TOTL.ZS,2017,4.927
ROU,SL.UEM.TOTL.ZS,2016,5.901
ROU,SL.UEM.TOTL.ZS,2015,6.812
ROU,SL.UEM.TOTL.ZS,2014,6.802
ROU,SL.UEM.TOTL.ZS,2013,7.096
ROU,SL.UEM.TOTL.ZS,2012,6.794
ROU,SL.UEM.TOTL.ZS,2011,7.177
ROU,SL.UEM.TOTL.ZS,2010,6.959
ROU,SL.UEM.TOTL.ZS,2009,6.859
ROU,SL.UEM.TOTL.ZS,2008,5.787
ROU,SL.UEM.TOTL.ZS,2007,6.413
ROU,SL.UEM.TOTL.ZS,2006,7.27
ROU,SL.UEM.TOTL.ZS,2005,7.174
ROU,SL.UEM.TOTL.ZS,2004,7.719
ROU,SL.UEM.TOTL.ZS,2003,6.95
ROU,SL.UEM.TOTL.ZS,2002,8.112
ROU,SL.UEM.TOTL.ZS,2001,6.561
ROU,SL.UEM.TOTL.ZS,2000,6.969
ROU,SL.UEM.TOTL.ZS,1999,6.239
ROU,SL.UEM.TOTL.ZS,1998,5.63
ROU,SL.UEM.TOTL.ZS,1997,5.515
ROU,SL.UEM.TOTL.ZS,1996,6.74
ROU,SL.UEM.TOTL.ZS,1995,8.01
ROU,SL.UEM.TOTL.ZS,1994,8.17
ROU,SL.UEM.TOTL.ZS,1993,8.273
ROU,SL.UEM.TOTL.ZS,1992,8.26
ROU,SL.UEM.TOTL.ZS,1991,8.218
ROU,SL.UEM.TOTL.ZS,1990,
ROU,SL.UEM.TOTL.ZS,1989,
ROU,SL.UEM.TOTL.ZS,1988,
ROU,SL.UEM.TOTL.ZS,1987,
ROU,SL.UEM.TOTL.ZS,1986,
ROU,SL.UEM.TOTL.ZS,1985,
ROU,SL.UEM.TOTL.ZS,1984,
ROU,SL.UEM.TOTL.ZS,1983,
ROU,SL.UEM.TOTL.ZS,1982,
ROU,SL.UEM.TOTL.ZS,1981,
ROU,SL.UEM.TOTL.ZS,1980,
ROU,SL.UEM.TOTL.ZS,1979,
ROU,SL.UEM.TOTL.ZS,1978,
ROU,SL.UEM.TOTL.ZS,1977,
ROU,SL.UEM.TOTL.ZS,1976,
ROU,SL.UEM.TOTL.ZS,1975,
ROU,SL.UEM.TOTL.ZS,1974,
ROU,SL.UEM.TOTL.ZS,1973,
ROU,SL.UEM.TOTL.ZS,1972,
ROU,SL.UEM.TOTL.ZS,1971,
ROU,SL.UEM.TOTL.ZS,1970,
ROU,SL.UEM.TOTL.ZS,1969,
ROU,SL.UEM.TOTL.ZS,1968,
ROU,SL.UEM.TOTL.ZS,1967,
ROU,SL.UEM.TOTL.ZS,1966,
ROU,SL.UEM.TOTL.ZS,1965,
ROU,SL.UEM.TOTL.ZS,1964,
ROU,SL.UEM.TOTL.ZS,1963,
ROU,SL.UEM.TOTL.ZS,1962,
ROU,SL.UEM.TOTL.ZS,1961,
ROU,SL.UEM.TOTL.ZS,1960,
RUS,SL.UEM.TOTL.ZS,2024,2.527
RUS,SL.UEM.TOTL.ZS,2023,3.076
RUS,SL.UEM.TOTL.ZS,2022,3.867
RUS,SL.UEM.TOTL.ZS,2021,4.749
RUS,SL.UEM.TOTL.ZS,2020,5.62
RUS,SL.UEM.TOTL.ZS,2019,4.513
RUS,SL.UEM.TOTL.ZS,2018,4.871
RUS,SL.UEM.TOTL.ZS,2017,5.238
RUS,SL.UEM.TOTL.ZS,2016,5.591
RUS,SL.UEM.TOTL.ZS,2015,5.615
RUS,SL.UEM.TOTL.ZS,2014,5.212
RUS,SL.UEM.TOTL.ZS,2013,5.513
RUS,SL.UEM.TOTL.ZS,2012,5.484
RUS,SL.UEM.TOTL.ZS,2011,6.571
RUS,SL.UEM.TOTL.ZS,2010,7.407
RUS,SL.UEM.TOTL.ZS,2009,8.301
RUS,SL.UEM.TOTL.ZS,2008,6.205
RUS,SL.UEM.TOTL.ZS,2007,6.002
RUS,SL.UEM.TOTL.ZS,2006,7.055
RUS,SL.UEM.TOTL.ZS,2005,7.124
RUS,SL.UEM.TOTL.ZS,2004,7.763
RUS,SL.UEM.TOTL.ZS,2003,8.21
RUS,SL.UEM.TOTL.ZS,2002,7.875
RUS,SL.UEM.TOTL.ZS,2001,8.978
RUS,SL.UEM.TOTL.ZS,2000,10.581
RUS,SL.UEM.TOTL.ZS,1999,13.036
RUS,SL.UEM.TOTL.ZS,1998,13.261
RUS,SL.UEM.TOTL.ZS,1997,11.813
RUS,SL.UEM.TOTL.ZS,1996,9.665
RUS,SL.UEM.TOTL.ZS,1995,9.449
RUS,SL.UEM.TOTL.ZS,1994,8.131
RUS,SL.UEM.TOTL.ZS,1993,5.883
RUS,SL.UEM.TOTL.ZS,1992,5.181
RUS,SL.UEM.TOTL.ZS,1991,5.068
RUS,SL.UEM.TOTL.ZS,1990,
RUS,SL.UEM.TOTL.ZS,1989,
RUS,SL.UEM.TOTL.ZS,1988,
RUS,SL.UEM.TOTL.ZS,1987,
RUS,SL.UEM.TOTL.ZS,1986,
RUS,SL.UEM.TOTL.ZS,1985,
RUS,SL.UEM.TOTL.ZS,1984,
RUS,SL.UEM.TOTL.ZS,1983,
RUS,SL.UEM.TOTL.ZS,1982,
RUS,SL.UEM.TOTL.ZS,1981,
RUS,SL.UEM.TOTL.ZS,1980,
RUS,SL.UEM.TOTL.ZS,1979,
RUS,SL.UEM.TOTL.ZS,1978,
RUS,SL.UEM.TOTL.ZS,1977,
RUS,SL.UEM.TOTL.ZS,1976,
RUS,SL.UEM.TOTL.ZS,1975,
RUS,SL.UEM.TOTL.ZS,1974,
RUS,SL.UEM.TOTL.ZS,1973,
RUS,SL.UEM.TOTL.ZS,1972,
RUS,SL.UEM.TOTL.ZS,1971,
RUS,SL.UEM.TOTL.ZS,1970,
RUS,SL.UEM.TOTL.ZS,1969,
RUS,SL.UEM.TOTL.ZS,1968,
RUS,SL.UEM.TOTL.ZS,1967,
RUS,SL.UEM.TOTL.ZS,1966,
RUS,SL.UEM.TOTL.ZS,1965,
RUS,SL.UEM.TOTL.ZS,1964,
RUS,SL.UEM.TOTL.ZS,1963,
RUS,SL.UEM.TOTL.ZS,1962,
RUS,SL.UEM.TOTL.ZS,1961,
RUS,SL.UEM.TOTL.ZS,1960,
RWA,SL.UEM.TOTL.ZS,2024,11.994
RWA,SL.UEM.TOTL.ZS,2023,12.352
RWA,SL.UEM.TOTL.ZS,2022,15.084
RWA,SL.UEM.TOTL.ZS,2021,15.775
RWA,SL.UEM.TOTL.ZS,2020,11.829
RWA,SL.UEM.TOTL.ZS,2019,11.236
RWA,SL.UEM.TOTL.ZS,2018,10.759
RWA,SL.UEM.TOTL.ZS,2017,11.875
RWA,SL.UEM.TOTL.ZS,2016,11.801
RWA,SL.UEM.TOTL.ZS,2015,11.838
RWA,SL.UEM.TOTL.ZS,2014,11.844
RWA,SL.UEM.TOTL.ZS,2013,11.785
RWA,SL.UEM.TOTL.ZS,2012,11.701
RWA,SL.UEM.TOTL.ZS,2011,11.775
RWA,SL.UEM.TOTL.ZS,2010,11.673
RWA,SL.UEM.TOTL.ZS,2009,11.663
RWA,SL.UEM.TOTL.ZS,2008,11.57
RWA,SL.UEM.TOTL.ZS,2007,11.626
RWA,SL.UEM.TOTL.ZS,2006,11.632
RWA,SL.UEM.TOTL.ZS,2005,11.854
RWA,SL.UEM.TOTL.ZS,2004,11.731
RWA,SL.UEM.TOTL.ZS,2003,11.696
RWA,SL.UEM.TOTL.ZS,2002,11.499
RWA,SL.UEM.TOTL.ZS,2001,11.76
RWA,SL.UEM.TOTL.ZS,2000,11.731
RWA,SL.UEM.TOTL.ZS,1999,11.627
RWA,SL.UEM.TOTL.ZS,1998,11.352
RWA,SL.UEM.TOTL.ZS,1997,11.217
RWA,SL.UEM.TOTL.ZS,1996,11.586
RWA,SL.UEM.TOTL.ZS,1995,11.972
RWA,SL.UEM.TOTL.ZS,1994,12.222
RWA,SL.UEM.TOTL.ZS,1993,12.154
RWA,SL.UEM.TOTL.ZS,1992,12.12
RWA,SL.UEM.TOTL.ZS,1991,12.31
RWA,SL.UEM.TOTL.ZS,1990,
RWA,SL.UEM.TOTL.ZS,1989,
RWA,SL.UEM.TOTL.ZS,1988,
RWA,SL.UEM.TOTL.ZS,1987,
RWA,SL.UEM.TOTL.ZS,1986,
RWA,SL.UEM.TOTL.ZS,1985,
RWA,SL.UEM.TOTL.ZS,1984,
RWA,SL.UEM.TOTL.ZS,1983,
RWA,SL.UEM.TOTL.ZS,1982,
RWA,SL.UEM.TOTL.ZS,1981,
RWA,SL.UEM.TOTL.ZS,1980,
RWA,SL.UEM.TOTL.ZS,1979,
RWA,SL.UEM.TOTL.ZS,1978,
RWA,SL.UEM.TOTL.ZS,1977,
RWA,SL.UEM.TOTL.ZS,1976,
RWA,SL.UEM.TOTL.ZS,1975,
RWA,SL.UEM.TOTL.ZS,1974,
RWA,SL.UEM.TOTL.ZS,1973,
RWA,SL.UEM.TOTL.ZS,1972,
RWA,SL.UEM.TOTL.ZS,1971,
RWA,SL.UEM.TOTL.ZS,1970,
RWA,SL.UEM.TOTL.ZS,1969,
RWA,SL.UEM.TOTL.ZS,1968,
RWA,SL.UEM.TOTL.ZS,1967,
RWA,SL.UEM.TOTL.ZS,1966,
RWA,SL.UEM.TOTL.ZS,1965,
RWA,SL.UEM.TOTL.ZS,1964,
RWA,SL.UEM.TOTL.ZS,1963,
RWA,SL.UEM.TOTL.ZS,1962,
RWA,SL.UEM.TOTL.ZS,1961,
RWA,SL.UEM.TOTL.ZS,1960,
WSM,SL.UEM.TOTL.ZS,2024,4.551
WSM,SL.UEM.TOTL.ZS,2023,4.977
WSM,SL.UEM.TOTL.ZS,2022,5.048
WSM,SL.UEM.TOTL.ZS,2021,6.612
WSM,SL.UEM.TOTL.ZS,2020,7.435
WSM,SL.UEM.TOTL.ZS,2019,7.838
WSM,SL.UEM.TOTL.ZS,2018,8.639
WSM,SL.UEM.TOTL.ZS,2017,9.4
WSM,SL.UEM.TOTL.ZS,2016,9.062
WSM,SL.UEM.TOTL.ZS,2015,8.9
WSM,SL.UEM.TOTL.ZS,2014,8.72
WSM,SL.UEM.TOTL.ZS,2013,8.773
WSM,SL.UEM.TOTL.ZS,2012,8.752
WSM,SL.UEM.TOTL.ZS,2011,5.68
WSM,SL.UEM.TOTL.ZS,2010,5.621
WSM,SL.UEM.TOTL.ZS,2009,5.647
WSM,SL.UEM.TOTL.ZS,2008,5.539
WSM,SL.UEM.TOTL.ZS,2007,5.426
WSM,SL.UEM.TOTL.ZS,2006,5.321
WSM,SL.UEM.TOTL.ZS,2005,5.212
WSM,SL.UEM.TOTL.ZS,2004,5.162
WSM,SL.UEM.TOTL.ZS,2003,5.037
WSM,SL.UEM.TOTL.ZS,2002,4.975
WSM,SL.UEM.TOTL.ZS,2001,4.96
WSM,SL.UEM.TOTL.ZS,2000,4.734
WSM,SL.UEM.TOTL.ZS,1999,4.49
WSM,SL.UEM.TOTL.ZS,1998,4.128
WSM,SL.UEM.TOTL.ZS,1997,3.78
WSM,SL.UEM.TOTL.ZS,1996,3.516
WSM,SL.UEM.TOTL.ZS,1995,3.245
WSM,SL.UEM.TOTL.ZS,1994,3.0
WSM,SL.UEM.TOTL.ZS,1993,2.69
WSM,SL.UEM.TOTL.ZS,1992,2.44
WSM,SL.UEM.TOTL.ZS,1991,2.1
WSM,SL.UEM.TOTL.ZS,1990,
WSM,SL.UEM.TOTL.ZS,1989,
WSM,SL.UEM.TOTL.ZS,1988,
WSM,SL.UEM.TOTL.ZS,1987,
WSM,SL.UEM.TOTL.ZS,1986,
WSM,SL.UEM.TOTL.ZS,1985,
WSM,SL.UEM.TOTL.ZS,1984,
WSM,SL.UEM.TOTL.ZS,1983,
WSM,SL.UEM.TOTL.ZS,1982,
WSM,SL.UEM.TOTL.ZS,1981,
WSM,SL.UEM.TOTL.ZS,1980,
WSM,SL.UEM.TOTL.ZS,1979,
WSM,SL.UEM.TOTL.ZS,1978,
WSM,SL.UEM.TOTL.ZS,1977,
WSM,SL.UEM.TOTL.ZS,1976,
WSM,SL.UEM.TOTL.ZS,1975,
WSM,SL.UEM.TOTL.ZS,1974,
WSM,SL.UEM.TOTL.ZS,1973,
WSM,SL.UEM.TOTL.ZS,1972,
WSM,SL.UEM.TOTL.ZS,1971,
WSM,SL.UEM.TOTL.ZS,1970,
WSM,SL.UEM.TOTL.ZS,1969,
WSM,SL.UEM.TOTL.ZS,1968,
WSM,SL.UEM.TOTL.ZS,1967,
WSM,SL.UEM.TOTL.ZS,1966,
WSM,SL.UEM.TOTL.ZS,1965,
WSM,SL.UEM.TOTL.ZS,1964,
WSM,SL.UEM.TOTL.ZS,1963,
WSM,SL.UEM.TOTL.ZS,1962,
WSM,SL.UEM.TOTL.ZS,1961,
WSM,SL.UEM.TOTL.ZS,1960,
SMR,SL.UEM.TOTL.ZS,2024,
SMR,SL.UEM.TOTL.ZS,2023,
SMR,SL.UEM.TOTL.ZS,2022,
SMR,SL.UEM.TOTL.ZS,2021,
SMR,SL.UEM.TOTL.ZS,2020,
SMR,SL.UEM.TOTL.ZS,2019,
SMR,SL.UEM.TOTL.ZS,2018,
SMR,SL.UEM.TOTL.ZS,2017,
SMR,SL.UEM.TOTL.ZS,2016,
SMR,SL.UEM.TOTL.ZS,2015,
SMR,SL.UEM.TOTL.ZS,2014,
SMR,SL.UEM.TOTL.ZS,2013,
SMR,SL.UEM.TOTL.ZS,2012,
SMR,SL.UEM.TOTL.ZS,2011,
SMR,SL.UEM.TOTL.ZS,2010,
SMR,SL.UEM.TOTL.ZS,2009,
SMR,SL.UEM.TOTL.ZS,2008,
SMR,SL.UEM.TOTL.ZS,2007,
SMR,SL.UEM.TOTL.ZS,2006,
SMR,SL.UEM.TOTL.ZS,2005,
SMR,SL.UEM.TOTL.ZS,2004,
SMR,SL.UEM.TOTL.ZS,2003,
SMR,SL.UEM.TOTL.ZS,2002,
SMR,SL.UEM.TOTL.ZS,2001,
SMR,SL.UEM.TOTL.ZS,2000,
SMR,SL.UEM.TOTL.ZS,1999,
SMR,SL.UEM.TOTL.ZS,1998,
SMR,SL.UEM.TOTL.ZS,1997,
SMR,SL.UEM.TOTL.ZS,1996,
SMR,SL.UEM.TOTL.ZS,1995,
SMR,SL.UEM.TOTL.ZS,1994,
SMR,SL.UEM.TOTL.ZS,1993,
SMR,SL.UEM.TOTL.ZS,1992,
SMR,SL.UEM.TOTL.ZS,1991,
SMR,SL.UEM.TOTL.ZS,1990,
SMR,SL.UEM.TOTL.ZS,1989,
SMR,SL.UEM.TOTL.ZS,1988,
SMR,SL.UEM.TOTL.ZS,1987,
SMR,SL.UEM.TOTL.ZS,1986,
SMR,SL.UEM.TOTL.ZS,1985,
SMR,SL.UEM.TOTL.ZS,1984,
SMR,SL.UEM.TOTL.ZS,1983,
SMR,SL.UEM.TOTL.ZS,1982,
SMR,SL.UEM.TOTL.ZS,1981,
SMR,SL.UEM.TOTL.ZS,1980,
SMR,SL.UEM.TOTL.ZS,1979,
SMR,SL.UEM.TOTL.ZS,1978,
SMR,SL.UEM.TOTL.ZS,1977,
SMR,SL.UEM.TOTL.ZS,1976,
SMR,SL.UEM.TOTL.ZS,1975,
SMR,SL.UEM.TOTL.ZS,1974,
SMR,SL.UEM.TOTL.ZS,1973,
SMR,SL.UEM.TOTL.ZS,1972,
SMR,SL.UEM.TOTL.ZS,1971,
SMR,SL.UEM.TOTL.ZS,1970,
SMR,SL.UEM.TOTL.ZS,1969,
SMR,SL.UEM.TOTL.ZS,1968,
SMR,SL.UEM.TOTL.ZS,1967,
SMR,SL.UEM.TOTL.ZS,1966,
SMR,SL.UEM.TOTL.ZS,1965,
SMR,SL.UEM.TOTL.ZS,1964,
SMR,SL.UEM.TOTL.ZS,1963,
SMR,SL.UEM.TOTL.ZS,1962,
SMR,SL.UEM.TOTL.ZS,1961,
SMR,SL.UEM.TOTL.ZS,1960,
STP,SL.UEM.TOTL.ZS,2024,9.17
STP,SL.UEM.TOTL.ZS,2023,9.071
STP,SL.UEM.TOTL.ZS,2022,8.992
STP,SL.UEM.TOTL.ZS,2021,9.6
STP,SL.UEM.TOTL.ZS,2020,9.686
STP,SL.UEM.TOTL.ZS,2019,8.831
STP,SL.UEM.TOTL.ZS,2018,8.714
STP,SL.UEM.TOTL.ZS,2017,8.808
STP,SL.UEM.TOTL.ZS,2016,9.686
STP,SL.UEM.TOTL.ZS,2015,10.594
STP,SL.UEM.TOTL.ZS,2014,11.435
STP,SL.UEM.TOTL.ZS,2013,12.48
STP,SL.UEM.TOTL.ZS,2012,13.59
STP,SL.UEM.TOTL.ZS,2011,14.224
STP,SL.UEM.TOTL.ZS,2010,14.626
STP,SL.UEM.TOTL.ZS,2009,15.134
STP,SL.UEM.TOTL.ZS,2008,15.426
STP,SL.UEM.TOTL.ZS,2007,16.024
STP,SL.UEM.TOTL.ZS,2006,16.65
STP,SL.UEM.TOTL.ZS,2005,16.47
STP,SL.UEM.TOTL.ZS,2004,16.12
STP,SL.UEM.TOTL.ZS,2003,16.36
STP,SL.UEM.TOTL.ZS,2002,17.63
STP,SL.UEM.TOTL.ZS,2001,15.73
STP,SL.UEM.TOTL.ZS,2000,14.4
STP,SL.UEM.TOTL.ZS,1999,14.356
STP,SL.UEM.TOTL.ZS,1998,14.402
STP,SL.UEM.TOTL.ZS,1997,14.421
STP,SL.UEM.TOTL.ZS,1996,14.342
STP,SL.UEM.TOTL.ZS,1995,14.356
STP,SL.UEM.TOTL.ZS,1994,14.424
STP,SL.UEM.TOTL.ZS,1993,14.476
STP,SL.UEM.TOTL.ZS,1992,14.662
STP,SL.UEM.TOTL.ZS,1991,14.513
STP,SL.UEM.TOTL.ZS,1990,
STP,SL.UEM.TOTL.ZS,1989,
STP,SL.UEM.TOTL.ZS,1988,
STP,SL.UEM.TOTL.ZS,1987,
STP,SL.UEM.TOTL.ZS,1986,
STP,SL.UEM.TOTL.ZS,1985,
STP,SL.UEM.TOTL.ZS,1984,
STP,SL.UEM.TOTL.ZS,1983,
STP,SL.UEM.TOTL.ZS,1982,
STP,SL.UEM.TOTL.ZS,1981,
STP,SL.UEM.TOTL.ZS,1980,
STP,SL.UEM.TOTL.ZS,1979,
STP,SL.UEM.TOTL.ZS,1978,
STP,SL.UEM.TOTL.ZS,1977,
STP,SL.UEM.TOTL.ZS,1976,
STP,SL.UEM.TOTL.ZS,1975,
STP,SL.UEM.TOTL.ZS,1974,
STP,SL.UEM.TOTL.ZS,1973,
STP,SL.UEM.TOTL.ZS,1972,
STP,SL.UEM.TOTL.ZS,1971,
STP,SL.UEM.TOTL.ZS,1970,
STP,SL.UEM.TOTL.ZS,1969,
STP,SL.UEM.TOTL.ZS,1968,
STP,SL.UEM.TOTL.ZS,1967,
STP,SL.UEM.TOTL.ZS,1966,
STP,SL.UEM.TOTL.ZS,1965,
STP,SL.UEM.TOTL.ZS,1964,
STP,SL.UEM.TOTL.ZS,1963,
STP,SL.UEM.TOTL.ZS,1962,
STP,SL.UEM.TOTL.ZS,1961,
STP,SL.UEM.TOTL.ZS,1960,
SAU,SL.UEM.TOTL.ZS,2024,3.896
SAU,SL.UEM.TOTL.ZS,2023,4.008
SAU,SL.UEM.TOTL.ZS,2022,5.589
SAU,SL.UEM.TOTL.ZS,2021,6.621
SAU,SL.UEM.TOTL.ZS,2020,7.66
SAU,SL.UEM.TOTL.ZS,2019,5.636
SAU,SL.UEM.TOTL.ZS,2018,6.029
SAU,SL.UEM.TOTL.ZS,2017,5.89
SAU,SL.UEM.TOTL.ZS,2016,5.6
SAU,SL.UEM.TOTL.ZS,2015,5.6
SAU,SL.UEM.TOTL.ZS,2014,5.877
SAU,SL.UEM.TOTL.ZS,2013,5.6
SAU,SL.UEM.TOTL.ZS,2012,5.622
SAU,SL.UEM.TOTL.ZS,2011,5.77
SAU,SL.UEM.TOTL.ZS,2010,5.55
SAU,SL.UEM.TOTL.ZS,2009,5.377
SAU,SL.UEM.TOTL.ZS,2008,5.085
SAU,SL.UEM.TOTL.ZS,2007,5.734
SAU,SL.UEM.TOTL.ZS,2006,6.254
SAU,SL.UEM.TOTL.ZS,2005,6.051
SAU,SL.UEM.TOTL.ZS,2004,5.822
SAU,SL.UEM.TOTL.ZS,2003,5.563
SAU,SL.UEM.TOTL.ZS,2002,5.265
SAU,SL.UEM.TOTL.ZS,2001,4.618
SAU,SL.UEM.TOTL.ZS,2000,4.57
SAU,SL.UEM.TOTL.ZS,1999,4.346
SAU,SL.UEM.TOTL.ZS,1998,4.771
SAU,SL.UEM.TOTL.ZS,1997,5.327
SAU,SL.UEM.TOTL.ZS,1996,5.852
SAU,SL.UEM.TOTL.ZS,1995,6.45
SAU,SL.UEM.TOTL.ZS,1994,6.889
SAU,SL.UEM.TOTL.ZS,1993,7.078
SAU,SL.UEM.TOTL.ZS,1992,7.2
SAU,SL.UEM.TOTL.ZS,1991,7.294
SAU,SL.UEM.TOTL.ZS,1990,
SAU,SL.UEM.TOTL.ZS,1989,
SAU,SL.UEM.TOTL.ZS,1988,
SAU,SL.UEM.TOTL.ZS,1987,
SAU,SL.UEM.TOTL.ZS,1986,
SAU,SL.UEM.TOTL.ZS,1985,
SAU,SL.UEM.TOTL.ZS,1984,
SAU,SL.UEM.TOTL.ZS,1983,
SAU,SL.UEM.TOTL.ZS,1982,
SAU,SL.UEM.TOTL.ZS,1981,
SAU,SL.UEM.TOTL.ZS,1980,
SAU,SL.UEM.TOTL.ZS,1979,
SAU,SL.UEM.TOTL.ZS,1978,
SAU,SL.UEM.TOTL.ZS,1977,
SAU,SL.UEM.TOTL.ZS,1976,
SAU,SL.UEM.TOTL.ZS,1975,
SAU,SL.UEM.TOTL.ZS,1974,
SAU,SL.UEM.TOTL.ZS,1973,
SAU,SL.UEM.TOTL.ZS,1972,
SAU,SL.UEM.TOTL.ZS,1971,
SAU,SL.UEM.TOTL.ZS,1970,
SAU,SL.UEM.TOTL.ZS,1969,
SAU,SL.UEM.TOTL.ZS,1968,
SAU,SL.UEM.TOTL.ZS,1967,
SAU,SL.UEM.TOTL.ZS,1966,
SAU,SL.UEM.TOTL.ZS,1965,
SAU,SL.UEM.TOTL.ZS,1964,
SAU,SL.UEM.TOTL.ZS,1963,
SAU,SL.UEM.TOTL.ZS,1962,
SAU,SL.UEM.TOTL.ZS,1961,
SAU,SL.UEM.TOTL.ZS,1960,
SEN,SL.UEM.TOTL.ZS,2024,2.992
SEN,SL.UEM.TOTL.ZS,2023,2.8
SEN,SL.UEM.TOTL.ZS,2022,2.837
SEN,SL.UEM.TOTL.ZS,2021,3.44
SEN,SL.UEM.TOTL.ZS,2020,3.437
SEN,SL.UEM.TOTL.ZS,2019,2.863
SEN,SL.UEM.TOTL.ZS,2018,3.455
SEN,SL.UEM.TOTL.ZS,2017,4.078
SEN,SL.UEM.TOTL.ZS,2016,4.455
SEN,SL.UEM.TOTL.ZS,2015,6.757
SEN,SL.UEM.TOTL.ZS,2014,5.841
SEN,SL.UEM.TOTL.ZS,2013,4.986
SEN,SL.UEM.TOTL.ZS,2012,3.888
SEN,SL.UEM.TOTL.ZS,2011,2.853
SEN,SL.UEM.TOTL.ZS,2010,2.803
SEN,SL.UEM.TOTL.ZS,2009,2.814
SEN,SL.UEM.TOTL.ZS,2008,2.822
SEN,SL.UEM.TOTL.ZS,2007,2.808
SEN,SL.UEM.TOTL.ZS,2006,2.77
SEN,SL.UEM.TOTL.ZS,2005,2.703
SEN,SL.UEM.TOTL.ZS,2004,2.788
SEN,SL.UEM.TOTL.ZS,2003,2.794
SEN,SL.UEM.TOTL.ZS,2002,2.828
SEN,SL.UEM.TOTL.ZS,2001,2.7
SEN,SL.UEM.TOTL.ZS,2000,2.668
SEN,SL.UEM.TOTL.ZS,1999,2.684
SEN,SL.UEM.TOTL.ZS,1998,2.769
SEN,SL.UEM.TOTL.ZS,1997,2.776
SEN,SL.UEM.TOTL.ZS,1996,2.84
SEN,SL.UEM.TOTL.ZS,1995,2.853
SEN,SL.UEM.TOTL.ZS,1994,2.941
SEN,SL.UEM.TOTL.ZS,1993,2.881
SEN,SL.UEM.TOTL.ZS,1992,2.926
SEN,SL.UEM.TOTL.ZS,1991,2.867
SEN,SL.UEM.TOTL.ZS,1990,
SEN,SL.UEM.TOTL.ZS,1989,
SEN,SL.UEM.TOTL.ZS,1988,
SEN,SL.UEM.TOTL.ZS,1987,
SEN,SL.UEM.TOTL.ZS,1986,
SEN,SL.UEM.TOTL.ZS,1985,
SEN,SL.UEM.TOTL.ZS,1984,
SEN,SL.UEM.TOTL.ZS,1983,
SEN,SL.UEM.TOTL.ZS,1982,
SEN,SL.UEM.TOTL.ZS,1981,
SEN,SL.UEM.TOTL.ZS,1980,
SEN,SL.UEM.TOTL.ZS,1979,
SEN,SL.UEM.TOTL.ZS,1978,
SEN,SL.UEM.TOTL.ZS,1977,
SEN,SL.UEM.TOTL.ZS,1976,
SEN,SL.UEM.TOTL.ZS,1975,
SEN,SL.UEM.TOTL.ZS,1974,
SEN,SL.UEM.TOTL.ZS,1973,
SEN,SL.UEM.TOTL.ZS,1972,
SEN,SL.UEM.TOTL.ZS,1971,
SEN,SL.UEM.TOTL.ZS,1970,
SEN,SL.UEM.TOTL.ZS,1969,
SEN,SL.UEM.TOTL.ZS,1968,
SEN,SL.UEM.TOTL.ZS,1967,
SEN,SL.UEM.TOTL.ZS,1966,
SEN,SL.UEM.TOTL.ZS,1965,
SEN,SL.UEM.TOTL.ZS,1964,
SEN,SL.UEM.TOTL.ZS,1963,
SEN,SL.UEM.TOTL.ZS,1962,
SEN,SL.UEM.TOTL.ZS,1961,
SEN,SL.UEM.TOTL.ZS,1960,
SRB,SL.UEM.TOTL.ZS,2024,7.39
SRB,SL.UEM.TOTL.ZS,2023,8.268
SRB,SL.UEM.TOTL.ZS,2022,8.439
SRB,SL.UEM.TOTL.ZS,2021,9.843
SRB,SL.UEM.TOTL.ZS,2020,9.011
SRB,SL.UEM.TOTL.ZS,2019,10.395
SRB,SL.UEM.TOTL.ZS,2018,12.733
SRB,SL.UEM.TOTL.ZS,2017,13.477
SRB,SL.UEM.TOTL.ZS,2016,15.257
SRB,SL.UEM.TOTL.ZS,2015,17.66
SRB,SL.UEM.TOTL.ZS,2014,19.223
SRB,SL.UEM.TOTL.ZS,2013,22.154
SRB,SL.UEM.TOTL.ZS,2012,24.0
SRB,SL.UEM.TOTL.ZS,2011,22.959
SRB,SL.UEM.TOTL.ZS,2010,19.204
SRB,SL.UEM.TOTL.ZS,2009,16.116
SRB,SL.UEM.TOTL.ZS,2008,13.67
SRB,SL.UEM.TOTL.ZS,2007,18.06
SRB,SL.UEM.TOTL.ZS,2006,20.85
SRB,SL.UEM.TOTL.ZS,2005,20.85
SRB,SL.UEM.TOTL.ZS,2004,18.5
SRB,SL.UEM.TOTL.ZS,2003,15.2
SRB,SL.UEM.TOTL.ZS,2002,13.8
SRB,SL.UEM.TOTL.ZS,2001,12.8
SRB,SL.UEM.TOTL.ZS,2000,12.6
SRB,SL.UEM.TOTL.ZS,1999,13.7
SRB,SL.UEM.TOTL.ZS,1998,13.7
SRB,SL.UEM.TOTL.ZS,1997,13.8
SRB,SL.UEM.TOTL.ZS,1996,13.2
SRB,SL.UEM.TOTL.ZS,1995,13.4
SRB,SL.UEM.TOTL.ZS,1994,13.374
SRB,SL.UEM.TOTL.ZS,1993,13.395
SRB,SL.UEM.TOTL.ZS,1992,13.372
SRB,SL.UEM.TOTL.ZS,1991,13.339
SRB,SL.UEM.TOTL.ZS,1990,
SRB,SL.UEM.TOTL.ZS,1989,
SRB,SL.UEM.TOTL.ZS,1988,
SRB,SL.UEM.TOTL.ZS,1987,
SRB,SL.UEM.TOTL.ZS,1986,
SRB,SL.UEM.TOTL.ZS,1985,
SRB,SL.UEM.TOTL.ZS,1984,
SRB,SL.UEM.TOTL.ZS,1983,
SRB,SL.UEM.TOTL.ZS,1982,
SRB,SL.UEM.TOTL.ZS,1981,
SRB,SL.UEM.TOTL.ZS,1980,
SRB,SL.UEM.TOTL.ZS,1979,
SRB,SL.UEM.TOTL.ZS,1978,
SRB,SL.UEM.TOTL.ZS,1977,
SRB,SL.UEM.TOTL.ZS,1976,
SRB,SL.UEM.TOTL.ZS,1975,
SRB,SL.UEM.TOTL.ZS,1974,
SRB,SL.UEM.TOTL.ZS,1973,
SRB,SL.UEM.TOTL.ZS,1972,
SRB,SL.UEM.TOTL.ZS,1971,
SRB,SL.UEM.TOTL.ZS,1970,
SRB,SL.UEM.TOTL.ZS,1969,
SRB,SL.UEM.TOTL.ZS,1968,
SRB,SL.UEM.TOTL.ZS,1967,
SRB,SL.UEM.TOTL.ZS,1966,
SRB,SL.UEM.TOTL.ZS,1965,
SRB,SL.UEM.TOTL.ZS,1964,
SRB,SL.UEM.TOTL.ZS,1963,
SRB,SL.UEM.TOTL.ZS,1962,
SRB,SL.UEM.TOTL.ZS,1961,
SRB,SL.UEM.TOTL.ZS,1960,
SYC,SL.UEM.TOTL.ZS,2024,
SYC,SL.UEM.TOTL.ZS,2023,
SYC,SL.UEM.TOTL.ZS,2022,
SYC,SL.UEM.TOTL.ZS,2021,
SYC,SL.UEM.TOTL.ZS,2020,
SYC,SL.UEM.TOTL.ZS,2019,
SYC,SL.UEM.TOTL.ZS,2018,
SYC,SL.UEM.TOTL.ZS,2017,
SYC,SL.UEM.TOTL.ZS,2016,
SYC,SL.UEM.TOTL.ZS,2015,
SYC,SL.UEM.TOTL.ZS,2014,
SYC,SL.UEM.TOTL.ZS,2013,
SYC,SL.UEM.TOTL.ZS,2012,
SYC,SL.UEM.TOTL.ZS,2011,
SYC,SL.UEM.TOTL.ZS,2010,
SYC,SL.UEM.TOTL.ZS,2009,
SYC,SL.UEM.TOTL.ZS,2008,
SYC,SL.UEM.TOTL.ZS,2007,
SYC,SL.UEM.TOTL.ZS,2006,
SYC,SL.UEM.TOTL.ZS,2005,
SYC,SL.UEM.TOTL.ZS,2004,
SYC,SL.UEM.TOTL.ZS,2003,
SYC,SL.UEM.TOTL.ZS,2002,
SYC,SL.UEM.TOTL.ZS,2001,
SYC,SL.UEM.TOTL.ZS,2000,
SYC,SL.UEM.TOTL.ZS,1999,
SYC,SL.UEM.TOTL.ZS,1998,
SYC,SL.UEM.TOTL.ZS,1997,
SYC,SL.UEM.TOTL.ZS,1996,
SYC,SL.UEM.TOTL.ZS,1995,
SYC,SL.UEM.TOTL.ZS,1994,
SYC,SL.UEM.TOTL.ZS,1993,
SYC,SL.UEM.TOTL.ZS,1992,
SYC,SL.UEM.TOTL.ZS,1991,
SYC,SL.UEM.TOTL.ZS,1990,
SYC,SL.UEM.TOTL.ZS,1989,
SYC,SL.UEM.TOTL.ZS,1988,
SYC,SL.UEM.TOTL.ZS,1987,
SYC,SL.UEM.TOTL.ZS,1986,
SYC,SL.UEM.TOTL.ZS,1985,
SYC,SL.UEM.TOTL.ZS,1984,
SYC,SL.UEM.TOTL.ZS,1983,
SYC,SL.UEM.TOTL.ZS,1982,
SYC,SL.UEM.TOTL.ZS,1981,
SYC,SL.UEM.TOTL.ZS,1980,
SYC,SL.UEM.TOTL.ZS,1979,
SYC,SL.UEM.TOTL.ZS,1978,
SYC,SL.UEM.TOTL.ZS,1977,
SYC,SL.UEM.TOTL.ZS,1976,
SYC,SL.UEM.TOTL.ZS,1975,
SYC,SL.UEM.TOTL.ZS,1974,
SYC,SL.UEM.TOTL.ZS,1973,
SYC,SL.UEM.TOTL.ZS,1972,
SYC,SL.UEM.TOTL.ZS,1971,
SYC,SL.UEM.TOTL.ZS,1970,
SYC,SL.UEM.TOTL.ZS,1969,
SYC,SL.UEM.TOTL.ZS,1968,
SYC,SL.UEM.TOTL.ZS,1967,
SYC,SL.UEM.TOTL.ZS,1966,
SYC,SL.UEM.TOTL.ZS,1965,
SYC,SL.UEM.TOTL.ZS,1964,
SYC,SL.UEM.TOTL.ZS,1963,
SYC,SL.UEM.TOTL.ZS,1962,
SYC,SL.UEM.TOTL.ZS,1961,
SYC,SL.UEM.TOTL.ZS,1960,
SLE,SL.UEM.TOTL.ZS,2024,3.126
SLE,SL.UEM.TOTL.ZS,2023,3.153
SLE,SL.UEM.TOTL.ZS,2022,3.175
SLE,SL.UEM.TOTL.ZS,2021,3.556
SLE,SL.UEM.TOTL.ZS,2020,3.508
SLE,SL.UEM.TOTL.ZS,2019,3.203
SLE,SL.UEM.TOTL.ZS,2018,3.192
SLE,SL.UEM.TOTL.ZS,2017,3.834
SLE,SL.UEM.TOTL.ZS,2016,4.294
SLE,SL.UEM.TOTL.ZS,2015,4.606
SLE,SL.UEM.TOTL.ZS,2014,4.678
SLE,SL.UEM.TOTL.ZS,2013,4.538
SLE,SL.UEM.TOTL.ZS,2012,4.552
SLE,SL.UEM.TOTL.ZS,2011,4.54
SLE,SL.UEM.TOTL.ZS,2010,4.413
SLE,SL.UEM.TOTL.ZS,2009,4.269
SLE,SL.UEM.TOTL.ZS,2008,4.128
SLE,SL.UEM.TOTL.ZS,2007,4.007
SLE,SL.UEM.TOTL.ZS,2006,3.889
SLE,SL.UEM.TOTL.ZS,2005,3.716
SLE,SL.UEM.TOTL.ZS,2004,3.42
SLE,SL.UEM.TOTL.ZS,2003,3.879
SLE,SL.UEM.TOTL.ZS,2002,3.903
SLE,SL.UEM.TOTL.ZS,2001,4.154
SLE,SL.UEM.TOTL.ZS,2000,4.08
SLE,SL.UEM.TOTL.ZS,1999,4.195
SLE,SL.UEM.TOTL.ZS,1998,4.161
SLE,SL.UEM.TOTL.ZS,1997,4.253
SLE,SL.UEM.TOTL.ZS,1996,4.216
SLE,SL.UEM.TOTL.ZS,1995,4.22
SLE,SL.UEM.TOTL.ZS,1994,4.325
SLE,SL.UEM.TOTL.ZS,1993,4.285
SLE,SL.UEM.TOTL.ZS,1992,4.266
SLE,SL.UEM.TOTL.ZS,1991,4.085
SLE,SL.UEM.TOTL.ZS,1990,
SLE,SL.UEM.TOTL.ZS,1989,
SLE,SL.UEM.TOTL.ZS,1988,
SLE,SL.UEM.TOTL.ZS,1987,
SLE,SL.UEM.TOTL.ZS,1986,
SLE,SL.UEM.TOTL.ZS,1985,
SLE,SL.UEM.TOTL.ZS,1984,
SLE,SL.UEM.TOTL.ZS,1983,
SLE,SL.UEM.TOTL.ZS,1982,
SLE,SL.UEM.TOTL.ZS,1981,
SLE,SL.UEM.TOTL.ZS,1980,
SLE,SL.UEM.TOTL.ZS,1979,
SLE,SL.UEM.TOTL.ZS,1978,
SLE,SL.UEM.TOTL.ZS,1977,
SLE,SL.UEM.TOTL.ZS,1976,
SLE,SL.UEM.TOTL.ZS,1975,
SLE,SL.UEM.TOTL.ZS,1974,
SLE,SL.UEM.TOTL.ZS,1973,
SLE,SL.UEM.TOTL.ZS,1972,
SLE,SL.UEM.TOTL.ZS,1971,
SLE,SL.UEM.TOTL.ZS,1970,
SLE,SL.UEM.TOTL.ZS,1969,
SLE,SL.UEM.TOTL.ZS,1968,
SLE,SL.UEM.TOTL.ZS,1967,
SLE,SL.UEM.TOTL.ZS,1966,
SLE,SL.UEM.TOTL.ZS,1965,
SLE,SL.UEM.TOTL.ZS,1964,
SLE,SL.UEM.TOTL.ZS,1963,
SLE,SL.UEM.TOTL.ZS,1962,
SLE,SL.UEM.TOTL.ZS,1961,
SLE,SL.UEM.TOTL.ZS,1960,
SGP,SL.UEM.TOTL.ZS,2024,3.182
SGP,SL.UEM.TOTL.ZS,2023,3.444
SGP,SL.UEM.TOTL.ZS,2022,3.591
SGP,SL.UEM.TOTL.ZS,2021,4.64
SGP,SL.UEM.TOTL.ZS,2020,4.1
SGP,SL.UEM.TOTL.ZS,2019,3.1
SGP,SL.UEM.TOTL.ZS,2018,3.613
SGP,SL.UEM.TOTL.ZS,2017,4.2
SGP,SL.UEM.TOTL.ZS,2016,4.08
SGP,SL.UEM.TOTL.ZS,2015,3.79
SGP,SL.UEM.TOTL.ZS,2014,3.74
SGP,SL.UEM.TOTL.ZS,2013,3.86
SGP,SL.UEM.TOTL.ZS,2012,3.72
SGP,SL.UEM.TOTL.ZS,2011,3.89
SGP,SL.UEM.TOTL.ZS,2010,4.12
SGP,SL.UEM.TOTL.ZS,2009,5.86
SGP,SL.UEM.TOTL.ZS,2008,3.96
SGP,SL.UEM.TOTL.ZS,2007,3.9
SGP,SL.UEM.TOTL.ZS,2006,4.48
SGP,SL.UEM.TOTL.ZS,2005,5.59
SGP,SL.UEM.TOTL.ZS,2004,5.84
SGP,SL.UEM.TOTL.ZS,2003,5.93
SGP,SL.UEM.TOTL.ZS,2002,5.65
SGP,SL.UEM.TOTL.ZS,2001,3.76
SGP,SL.UEM.TOTL.ZS,2000,3.7
SGP,SL.UEM.TOTL.ZS,1999,4.85
SGP,SL.UEM.TOTL.ZS,1998,3.41
SGP,SL.UEM.TOTL.ZS,1997,2.5
SGP,SL.UEM.TOTL.ZS,1996,3.57
SGP,SL.UEM.TOTL.ZS,1995,3.3
SGP,SL.UEM.TOTL.ZS,1994,3.03
SGP,SL.UEM.TOTL.ZS,1993,3.07
SGP,SL.UEM.TOTL.ZS,1992,3.09
SGP,SL.UEM.TOTL.ZS,1991,2.18
SGP,SL.UEM.TOTL.ZS,1990,
SGP,SL.UEM.TOTL.ZS,1989,
SGP,SL.UEM.TOTL.ZS,1988,
SGP,SL.UEM.TOTL.ZS,1987,
SGP,SL.UEM.TOTL.ZS,1986,
SGP,SL.UEM.TOTL.ZS,1985,
SGP,SL.UEM.TOTL.ZS,1984,
SGP,SL.UEM.TOTL.ZS,1983,
SGP,SL.UEM.TOTL.ZS,1982,
SGP,SL.UEM.TOTL.ZS,1981,
SGP,SL.UEM.TOTL.ZS,1980,
SGP,SL.UEM.TOTL.ZS,1979,
SGP,SL.UEM.TOTL.ZS,1978,
SGP,SL.UEM.TOTL.ZS,1977,
SGP,SL.UEM.TOTL.ZS,1976,
SGP,SL.UEM.TOTL.ZS,1975,
SGP,SL.UEM.TOTL.ZS,1974,
SGP,SL.UEM.TOTL.ZS,1973,
SGP,SL.UEM.TOTL.ZS,1972,
SGP,SL.UEM.TOTL.ZS,1971,
SGP,SL.UEM.TOTL.ZS,1970,
SGP,SL.UEM.TOTL.ZS,1969,
SGP,SL.UEM.TOTL.ZS,1968,
SGP,SL.UEM.TOTL.ZS,1967,
SGP,SL.UEM.TOTL.ZS,1966,
SGP,SL.UEM.TOTL.ZS,1965,
SGP,SL.UEM.TOTL.ZS,1964,
SGP,SL.UEM.TOTL.ZS,1963,
SGP,SL.UEM.TOTL.ZS,1962,
SGP,SL.UEM.TOTL.ZS,1961,
SGP,SL.UEM.TOTL.ZS,1960,
SXM,SL.UEM.TOTL.ZS,2024,
SXM,SL.UEM.TOTL.ZS,2023,
SXM,SL.UEM.TOTL.ZS,2022,
SXM,SL.UEM.TOTL.ZS,2021,
SXM,SL.UEM.TOTL.ZS,2020,
SXM,SL.UEM.TOTL.ZS,2019,
SXM,SL.UEM.TOTL.ZS,2018,
SXM,SL.UEM.TOTL.ZS,2017,
SXM,SL.UEM.TOTL.ZS,2016,
SXM,SL.UEM.TOTL.ZS,2015,
SXM,SL.UEM.TOTL.ZS,2014,
SXM,SL.UEM.TOTL.ZS,2013,
SXM,SL.UEM.TOTL.ZS,2012,
SXM,SL.UEM.TOTL.ZS,2011,
SXM,SL.UEM.TOTL.ZS,2010,
SXM,SL.UEM.TOTL.ZS,2009,
SXM,SL.UEM.TOTL.ZS,2008,
SXM,SL.UEM.TOTL.ZS,2007,
SXM,SL.UEM.TOTL.ZS,2006,
SXM,SL.UEM.TOTL.ZS,2005,
SXM,SL.UEM.TOTL.ZS,2004,
SXM,SL.UEM.TOTL.ZS,2003,
SXM,SL.UEM.TOTL.ZS,2002,
SXM,SL.UEM.TOTL.ZS,2001,
SXM,SL.UEM.TOTL.ZS,2000,
SXM,SL.UEM.TOTL.ZS,1999,
SXM,SL.UEM.TOTL.ZS,1998,
SXM,SL.UEM.TOTL.ZS,1997,
SXM,SL.UEM.TOTL.ZS,1996,
SXM,SL.UEM.TOTL.ZS,1995,
SXM,SL.UEM.TOTL.ZS,1994,
SXM,SL.UEM.TOTL.ZS,1993,
SXM,SL.UEM.TOTL.ZS,1992,
SXM,SL.UEM.TOTL.ZS,1991,
SXM,SL.UEM.TOTL.ZS,1990,
SXM,SL.UEM.TOTL.ZS,1989,
SXM,SL.UEM.TOTL.ZS,1988,
SXM,SL.UEM.TOTL.ZS,1987,
SXM,SL.UEM.TOTL.ZS,1986,
SXM,SL.UEM.TOTL.ZS,1985,
SXM,SL.UEM.TOTL.ZS,1984,
SXM,SL.UEM.TOTL.ZS,1983,
SXM,SL.UEM.TOTL.ZS,1982,
SXM,SL.UEM.TOTL.ZS,1981,
SXM,SL.UEM.TOTL.ZS,1980,
SXM,SL.UEM.TOTL.ZS,1979,
SXM,SL.UEM.TOTL.ZS,1978,
SXM,SL.UEM.TOTL.ZS,1977,
SXM,SL.UEM.TOTL.ZS,1976,
SXM,SL.UEM.TOTL.ZS,1975,
SXM,SL.UEM.TOTL.ZS,1974,
SXM,SL.UEM.TOTL.ZS,1973,
SXM,SL.UEM.TOTL.ZS,1972,
SXM,SL.UEM.TOTL.ZS,1971,
SXM,SL.UEM.TOTL.ZS,1970,
SXM,SL.UEM.TOTL.ZS,1969,
SXM,SL.UEM.TOTL.ZS,1968,
SXM,SL.UEM.TOTL.ZS,1967,
SXM,SL.UEM.TOTL.ZS,1966,
SXM,SL.UEM.TOTL.ZS,1965,
SXM,SL.UEM.TOTL.ZS,1964,
SXM,SL.UEM.TOTL.ZS,1963,
SXM,SL.UEM.TOTL.ZS,1962,
SXM,SL.UEM.TOTL.ZS,1961,
SXM,SL.UEM.TOTL.ZS,1960,
SVK,SL.UEM.TOTL.ZS,2024,5.234
SVK,SL.UEM.TOTL.ZS,2023,5.84
SVK,SL.UEM.TOTL.ZS,2022,6.143
SVK,SL.UEM.TOTL.ZS,2021,6.894
SVK,SL.UEM.TOTL.ZS,2020,6.719
SVK,SL.UEM.TOTL.ZS,2019,5.761
SVK,SL.UEM.TOTL.ZS,2018,6.544
SVK,SL.UEM.TOTL.ZS,2017,8.142
SVK,SL.UEM.TOTL.ZS,2016,9.679
SVK,SL.UEM.TOTL.ZS,2015,11.492
SVK,SL.UEM.TOTL.ZS,2014,11.536
SVK,SL.UEM.TOTL.ZS,2013,14.226
SVK,SL.UEM.TOTL.ZS,2012,13.966
SVK,SL.UEM.TOTL.ZS,2011,13.634
SVK,SL.UEM.TOTL.ZS,2010,14.387
SVK,SL.UEM.TOTL.ZS,2009,12.023
SVK,SL.UEM.TOTL.ZS,2008,9.514
SVK,SL.UEM.TOTL.ZS,2007,11.16
SVK,SL.UEM.TOTL.ZS,2006,13.395
SVK,SL.UEM.TOTL.ZS,2005,16.276
SVK,SL.UEM.TOTL.ZS,2004,18.206
SVK,SL.UEM.TOTL.ZS,2003,17.549
SVK,SL.UEM.TOTL.ZS,2002,18.541
SVK,SL.UEM.TOTL.ZS,2001,19.148
SVK,SL.UEM.TOTL.ZS,2000,18.546
SVK,SL.UEM.TOTL.ZS,1999,16.099
SVK,SL.UEM.TOTL.ZS,1998,12.421
SVK,SL.UEM.TOTL.ZS,1997,11.894
SVK,SL.UEM.TOTL.ZS,1996,11.341
SVK,SL.UEM.TOTL.ZS,1995,13.109
SVK,SL.UEM.TOTL.ZS,1994,13.654
SVK,SL.UEM.TOTL.ZS,1993,12.2
SVK,SL.UEM.TOTL.ZS,1992,12.192
SVK,SL.UEM.TOTL.ZS,1991,12.166
SVK,SL.UEM.TOTL.ZS,1990,
SVK,SL.UEM.TOTL.ZS,1989,
SVK,SL.UEM.TOTL.ZS,1988,
SVK,SL.UEM.TOTL.ZS,1987,
SVK,SL.UEM.TOTL.ZS,1986,
SVK,SL.UEM.TOTL.ZS,1985,
SVK,SL.UEM.TOTL.ZS,1984,
SVK,SL.UEM.TOTL.ZS,1983,
SVK,SL.UEM.TOTL.ZS,1982,
SVK,SL.UEM.TOTL.ZS,1981,
SVK,SL.UEM.TOTL.ZS,1980,
SVK,SL.UEM.TOTL.ZS,1979,
SVK,SL.UEM.TOTL.ZS,1978,
SVK,SL.UEM.TOTL.ZS,1977,
SVK,SL.UEM.TOTL.ZS,1976,
SVK,SL.UEM.TOTL.ZS,1975,
SVK,SL.UEM.TOTL.ZS,1974,
SVK,SL.UEM.TOTL.ZS,1973,
SVK,SL.UEM.TOTL.ZS,1972,
SVK,SL.UEM.TOTL.ZS,1971,
SVK,SL.UEM.TOTL.ZS,1970,
SVK,SL.UEM.TOTL.ZS,1969,
SVK,SL.UEM.TOTL.ZS,1968,
SVK,SL.UEM.TOTL.ZS,1967,
SVK,SL.UEM.TOTL.ZS,1966,
SVK,SL.UEM.TOTL.ZS,1965,
SVK,SL.UEM.TOTL.ZS,1964,
SVK,SL.UEM.TOTL.ZS,1963,
SVK,SL.UEM.TOTL.ZS,1962,
SVK,SL.UEM.TOTL.ZS,1961,
SVK,SL.UEM.TOTL.ZS,1960,
SVN,SL.UEM.TOTL.ZS,2024,3.357
SVN,SL.UEM.TOTL.ZS,2023,3.652
SVN,SL.UEM.TOTL.ZS,2022,4.011
SVN,SL.UEM.TOTL.ZS,2021,4.744
SVN,SL.UEM.TOTL.ZS,2020,4.971
SVN,SL.UEM.TOTL.ZS,2019,4.446
SVN,SL.UEM.TOTL.ZS,2018,5.108
SVN,SL.UEM.TOTL.ZS,2017,6.564
SVN,SL.UEM.TOTL.ZS,2016,8.0
SVN,SL.UEM.TOTL.ZS,2015,8.962
SVN,SL.UEM.TOTL.ZS,2014,9.668
SVN,SL.UEM.TOTL.ZS,2013,10.103
SVN,SL.UEM.TOTL.ZS,2012,8.841
SVN,SL.UEM.TOTL.ZS,2011,8.166
SVN,SL.UEM.TOTL.ZS,2010,7.236
SVN,SL.UEM.TOTL.ZS,2009,5.858
SVN,SL.UEM.TOTL.ZS,2008,4.371
SVN,SL.UEM.TOTL.ZS,2007,4.818
SVN,SL.UEM.TOTL.ZS,2006,5.95
SVN,SL.UEM.TOTL.ZS,2005,6.506
SVN,SL.UEM.TOTL.ZS,2004,6.012
SVN,SL.UEM.TOTL.ZS,2003,6.479
SVN,SL.UEM.TOTL.ZS,2002,5.922
SVN,SL.UEM.TOTL.ZS,2001,5.682
SVN,SL.UEM.TOTL.ZS,2000,6.92
SVN,SL.UEM.TOTL.ZS,1999,7.33
SVN,SL.UEM.TOTL.ZS,1998,7.4
SVN,SL.UEM.TOTL.ZS,1997,6.658
SVN,SL.UEM.TOTL.ZS,1996,6.886
SVN,SL.UEM.TOTL.ZS,1995,7.15
SVN,SL.UEM.TOTL.ZS,1994,8.24
SVN,SL.UEM.TOTL.ZS,1993,8.51
SVN,SL.UEM.TOTL.ZS,1992,7.809
SVN,SL.UEM.TOTL.ZS,1991,7.08
SVN,SL.UEM.TOTL.ZS,1990,
SVN,SL.UEM.TOTL.ZS,1989,
SVN,SL.UEM.TOTL.ZS,1988,
SVN,SL.UEM.TOTL.ZS,1987,
SVN,SL.UEM.TOTL.ZS,1986,
SVN,SL.UEM.TOTL.ZS,1985,
SVN,SL.UEM.TOTL.ZS,1984,
SVN,SL.UEM.TOTL.ZS,1983,
SVN,SL.UEM.TOTL.ZS,1982,
SVN,SL.UEM.TOTL.ZS,1981,
SVN,SL.UEM.TOTL.ZS,1980,
SVN,SL.UEM.TOTL.ZS,1979,
SVN,SL.UEM.TOTL.ZS,1978,
SVN,SL.UEM.TOTL.ZS,1977,
SVN,SL.UEM.TOTL.ZS,1976,
SVN,SL.UEM.TOTL.ZS,1975,
SVN,SL.UEM.TOTL.ZS,1974,
SVN,SL.UEM.TOTL.ZS,1973,
SVN,SL.UEM.TOTL.ZS,1972,
SVN,SL.UEM.TOTL.ZS,1971,
SVN,SL.UEM.TOTL.ZS,1970,
SVN,SL.UEM.TOTL.ZS,1969,
SVN,SL.UEM.TOTL.ZS,1968,
SVN,SL.UEM.TOTL.ZS,1967,
SVN,SL.UEM.TOTL.ZS,1966,
SVN,SL.UEM.TOTL.ZS,1965,
SVN,SL.UEM.TOTL.ZS,1964,
SVN,SL.UEM.TOTL.ZS,1963,
SVN,SL.UEM.TOTL.ZS,1962,
SVN,SL.UEM.TOTL.ZS,1961,
SVN,SL.UEM.TOTL.ZS,1960,
SLB,SL.UEM.TOTL.ZS,2024,1.47
SLB,SL.UEM.TOTL.ZS,2023,1.455
SLB,SL.UEM.TOTL.ZS,2022,1.483
SLB,SL.UEM.TOTL.ZS,2021,0.884
SLB,SL.UEM.TOTL.ZS,2020,0.864
SLB,SL.UEM.TOTL.ZS,2019,0.743
SLB,SL.UEM.TOTL.ZS,2018,0.72
SLB,SL.UEM.TOTL.ZS,2017,0.725
SLB,SL.UEM.TOTL.ZS,2016,0.734
SLB,SL.UEM.TOTL.ZS,2015,0.735
SLB,SL.UEM.TOTL.ZS,2014,0.729
SLB,SL.UEM.TOTL.ZS,2013,0.694
SLB,SL.UEM.TOTL.ZS,2012,0.984
SLB,SL.UEM.TOTL.ZS,2011,1.292
SLB,SL.UEM.TOTL.ZS,2010,1.617
SLB,SL.UEM.TOTL.ZS,2009,2.02
SLB,SL.UEM.TOTL.ZS,2008,1.999
SLB,SL.UEM.TOTL.ZS,2007,1.981
SLB,SL.UEM.TOTL.ZS,2006,1.92
SLB,SL.UEM.TOTL.ZS,2005,1.885
SLB,SL.UEM.TOTL.ZS,2004,2.031
SLB,SL.UEM.TOTL.ZS,2003,2.29
SLB,SL.UEM.TOTL.ZS,2002,2.696
SLB,SL.UEM.TOTL.ZS,2001,2.642
SLB,SL.UEM.TOTL.ZS,2000,2.45
SLB,SL.UEM.TOTL.ZS,1999,2.202
SLB,SL.UEM.TOTL.ZS,1998,2.164
SLB,SL.UEM.TOTL.ZS,1997,2.022
SLB,SL.UEM.TOTL.ZS,1996,1.89
SLB,SL.UEM.TOTL.ZS,1995,1.856
SLB,SL.UEM.TOTL.ZS,1994,1.82
SLB,SL.UEM.TOTL.ZS,1993,1.846
SLB,SL.UEM.TOTL.ZS,1992,1.868
SLB,SL.UEM.TOTL.ZS,1991,1.985
SLB,SL.UEM.TOTL.ZS,1990,
SLB,SL.UEM.TOTL.ZS,1989,
SLB,SL.UEM.TOTL.ZS,1988,
SLB,SL.UEM.TOTL.ZS,1987,
SLB,SL.UEM.TOTL.ZS,1986,
SLB,SL.UEM.TOTL.ZS,1985,
SLB,SL.UEM.TOTL.ZS,1984,
SLB,SL.UEM.TOTL.ZS,1983,
SLB,SL.UEM.TOTL.ZS,1982,
SLB,SL.UEM.TOTL.ZS,1981,
SLB,SL.UEM.TOTL.ZS,1980,
SLB,SL.UEM.TOTL.ZS,1979,
SLB,SL.UEM.TOTL.ZS,1978,
SLB,SL.UEM.TOTL.ZS,1977,
SLB,SL.UEM.TOTL.ZS,1976,
SLB,SL.UEM.TOTL.ZS,1975,
SLB,SL.UEM.TOTL.ZS,1974,
SLB,SL.UEM.TOTL.ZS,1973,
SLB,SL.UEM.TOTL.ZS,1972,
SLB,SL.UEM.TOTL.ZS,1971,
SLB,SL.UEM.TOTL.ZS,1970,
SLB,SL.UEM.TOTL.ZS,1969,
SLB,SL.UEM.TOTL.ZS,1968,
SLB,SL.UEM.TOTL.ZS,1967,
SLB,SL.UEM.TOTL.ZS,1966,
SLB,SL.UEM.TOTL.ZS,1965,
SLB,SL.UEM.TOTL.ZS,1964,
SLB,SL.UEM.TOTL.ZS,1963,
SLB,SL.UEM.TOTL.ZS,1962,
SLB,SL.UEM.TOTL.ZS,1961,
SLB,SL.UEM.TOTL.ZS,1960,
SOM,SL.UEM.TOTL.ZS,2024,18.861
SOM,SL.UEM.TOTL.ZS,2023,18.941
SOM,SL.UEM.TOTL.ZS,2022,19.05
SOM,SL.UEM.TOTL.ZS,2021,19.662
SOM,SL.UEM.TOTL.ZS,2020,19.413
SOM,SL.UEM.TOTL.ZS,2019,18.828
SOM,SL.UEM.TOTL.ZS,2018,18.738
SOM,SL.UEM.TOTL.ZS,2017,18.523
SOM,SL.UEM.TOTL.ZS,2016,18.578
SOM,SL.UEM.TOTL.ZS,2015,18.597
SOM,SL.UEM.TOTL.ZS,2014,18.861
SOM,SL.UEM.TOTL.ZS,2013,19.013
SOM,SL.UEM.TOTL.ZS,2012,19.105
SOM,SL.UEM.TOTL.ZS,2011,19.052
SOM,SL.UEM.TOTL.ZS,2010,19.031
SOM,SL.UEM.TOTL.ZS,2009,19.013
SOM,SL.UEM.TOTL.ZS,2008,18.996
SOM,SL.UEM.TOTL.ZS,2007,18.981
SOM,SL.UEM.TOTL.ZS,2006,19.002
SOM,SL.UEM.TOTL.ZS,2005,18.997
SOM,SL.UEM.TOTL.ZS,2004,18.992
SOM,SL.UEM.TOTL.ZS,2003,19.081
SOM,SL.UEM.TOTL.ZS,2002,19.077
SOM,SL.UEM.TOTL.ZS,2001,19.076
SOM,SL.UEM.TOTL.ZS,2000,18.98
SOM,SL.UEM.TOTL.ZS,1999,19.164
SOM,SL.UEM.TOTL.ZS,1998,19.169
SOM,SL.UEM.TOTL.ZS,1997,19.267
SOM,SL.UEM.TOTL.ZS,1996,19.651
SOM,SL.UEM.TOTL.ZS,1995,19.747
SOM,SL.UEM.TOTL.ZS,1994,19.974
SOM,SL.UEM.TOTL.ZS,1993,19.491
SOM,SL.UEM.TOTL.ZS,1992,19.536
SOM,SL.UEM.TOTL.ZS,1991,19.315
SOM,SL.UEM.TOTL.ZS,1990,
SOM,SL.UEM.TOTL.ZS,1989,
SOM,SL.UEM.TOTL.ZS,1988,
SOM,SL.UEM.TOTL.ZS,1987,
SOM,SL.UEM.TOTL.ZS,1986,
SOM,SL.UEM.TOTL.ZS,1985,
SOM,SL.UEM.TOTL.ZS,1984,
SOM,SL.UEM.TOTL.ZS,1983,
SOM,SL.UEM.TOTL.ZS,1982,
SOM,SL.UEM.TOTL.ZS,1981,
SOM,SL.UEM.TOTL.ZS,1980,
SOM,SL.UEM.TOTL.ZS,1979,
SOM,SL.UEM.TOTL.ZS,1978,
SOM,SL.UEM.TOTL.ZS,1977,
SOM,SL.UEM.TOTL.ZS,1976,
SOM,SL.UEM.TOTL.ZS,1975,
SOM,SL.UEM.TOTL.ZS,1974,
SOM,SL.UEM.TOTL.ZS,1973,
SOM,SL.UEM.TOTL.ZS,1972,
SOM,SL.UEM.TOTL.ZS,1971,
SOM,SL.UEM.TOTL.ZS,1970,
SOM,SL.UEM.TOTL.ZS,1969,
SOM,SL.UEM.TOTL.ZS,1968,
SOM,SL.UEM.TOTL.ZS,1967,
SOM,SL.UEM.TOTL.ZS,1966,
SOM,SL.UEM.TOTL.ZS,1965,
SOM,SL.UEM.TOTL.ZS,1964,
SOM,SL.UEM.TOTL.ZS,1963,
SOM,SL.UEM.TOTL.ZS,1962,
SOM,SL.UEM.TOTL.ZS,1961,
SOM,SL.UEM.TOTL.ZS,1960,
ZAF,SL.UEM.TOTL.ZS,2024,33.168
ZAF,SL.UEM.TOTL.ZS,2023,32.098
ZAF,SL.UEM.TOTL.ZS,2022,33.268
ZAF,SL.UEM.TOTL.ZS,2021,34.007
ZAF,SL.UEM.TOTL.ZS,2020,29.217
ZAF,SL.UEM.TOTL.ZS,2019,28.468
ZAF,SL.UEM.TOTL.ZS,2018,26.906
ZAF,SL.UEM.TOTL.ZS,2017,27.035
ZAF,SL.UEM.TOTL.ZS,2016,26.536
ZAF,SL.UEM.TOTL.ZS,2015,25.149
ZAF,SL.UEM.TOTL.ZS,2014,24.89
ZAF,SL.UEM.TOTL.ZS,2013,24.561
ZAF,SL.UEM.TOTL.ZS,2012,24.727
ZAF,SL.UEM.TOTL.ZS,2011,24.639
ZAF,SL.UEM.TOTL.ZS,2010,24.683
ZAF,SL.UEM.TOTL.ZS,2009,23.523
ZAF,SL.UEM.TOTL.ZS,2008,22.407
ZAF,SL.UEM.TOTL.ZS,2007,22.287
ZAF,SL.UEM.TOTL.ZS,2006,22.324
ZAF,SL.UEM.TOTL.ZS,2005,22.461
ZAF,SL.UEM.TOTL.ZS,2004,22.538
ZAF,SL.UEM.TOTL.ZS,2003,22.629
ZAF,SL.UEM.TOTL.ZS,2002,22.547
ZAF,SL.UEM.TOTL.ZS,2001,22.605
ZAF,SL.UEM.TOTL.ZS,2000,22.714
ZAF,SL.UEM.TOTL.ZS,1999,22.791
ZAF,SL.UEM.TOTL.ZS,1998,22.673
ZAF,SL.UEM.TOTL.ZS,1997,22.518
ZAF,SL.UEM.TOTL.ZS,1996,22.48
ZAF,SL.UEM.TOTL.ZS,1995,22.647
ZAF,SL.UEM.TOTL.ZS,1994,22.942
ZAF,SL.UEM.TOTL.ZS,1993,23.179
ZAF,SL.UEM.TOTL.ZS,1992,23.262
ZAF,SL.UEM.TOTL.ZS,1991,23.002
ZAF,SL.UEM.TOTL.ZS,1990,
ZAF,SL.UEM.TOTL.ZS,1989,
ZAF,SL.UEM.TOTL.ZS,1988,
ZAF,SL.UEM.TOTL.ZS,1987,
ZAF,SL.UEM.TOTL.ZS,1986,
ZAF,SL.UEM.TOTL.ZS,1985,
ZAF,SL.UEM.TOTL.ZS,1984,
ZAF,SL.UEM.TOTL.ZS,1983,
ZAF,SL.UEM.TOTL.ZS,1982,
ZAF,SL.UEM.TOTL.ZS,1981,
ZAF,SL.UEM.TOTL.ZS,1980,
ZAF,SL.UEM.TOTL.ZS,1979,
ZAF,SL.UEM.TOTL.ZS,1978,
ZAF,SL.UEM.TOTL.ZS,1977,
ZAF,SL.UEM.TOTL.ZS,1976,
ZAF,SL.UEM.TOTL.ZS,1975,
ZAF,SL.UEM.TOTL.ZS,1974,
ZAF,SL.UEM.TOTL.ZS,1973,
ZAF,SL.UEM.TOTL.ZS,1972,
ZAF,SL.UEM.TOTL.ZS,1971,
ZAF,SL.UEM.TOTL.ZS,1970,
ZAF,SL.UEM.TOTL.ZS,1969,
ZAF,SL.UEM.TOTL.ZS,1968,
ZAF,SL.UEM.TOTL.ZS,1967,
ZAF,SL.UEM.TOTL.ZS,1966,
ZAF,SL.UEM.TOTL.ZS,1965,
ZAF,SL.UEM.TOTL.ZS,1964,
ZAF,SL.UEM.TOTL.ZS,1963,
ZAF,SL.UEM.TOTL.ZS,1962,
ZAF,SL.UEM.TOTL.ZS,1961,
ZAF,SL.UEM.TOTL.ZS,1960,
SSD,SL.UEM.TOTL.ZS,2024,
SSD,SL.UEM.TOTL.ZS,2023,12.477
SSD,SL.UEM.TOTL.ZS,2022,12.545
SSD,SL.UEM.TOTL.ZS,2021,14.029
SSD,SL.UEM.TOTL.ZS,2020,14.319
SSD,SL.UEM.TOTL.ZS,2019,12.709
SSD,SL.UEM.TOTL.ZS,2018,12.952
SSD,SL.UEM.TOTL.ZS,2017,13.111
SSD,SL.UEM.TOTL.ZS,2016,12.955
SSD,SL.UEM.TOTL.ZS,2015,12.485
SSD,SL.UEM.TOTL.ZS,2014,12.602
SSD,SL.UEM.TOTL.ZS,2013,12.727
SSD,SL.UEM.TOTL.ZS,2012,12.896
SSD,SL.UEM.TOTL.ZS,2011,12.635
SSD,SL.UEM.TOTL.ZS,2010,12.503
SSD,SL.UEM.TOTL.ZS,2009,12.463
SSD,SL.UEM.TOTL.ZS,2008,12.298
SSD,SL.UEM.TOTL.ZS,2007,12.262
SSD,SL.UEM.TOTL.ZS,2006,12.267
SSD,SL.UEM.TOTL.ZS,2005,12.266
SSD,SL.UEM.TOTL.ZS,2004,12.256
SSD,SL.UEM.TOTL.ZS,2003,12.232
SSD,SL.UEM.TOTL.ZS,2002,12.234
SSD,SL.UEM.TOTL.ZS,2001,12.286
SSD,SL.UEM.TOTL.ZS,2000,12.325
SSD,SL.UEM.TOTL.ZS,1999,12.121
SSD,SL.UEM.TOTL.ZS,1998,12.072
SSD,SL.UEM.TOTL.ZS,1997,12.042
SSD,SL.UEM.TOTL.ZS,1996,12.336
SSD,SL.UEM.TOTL.ZS,1995,12.361
SSD,SL.UEM.TOTL.ZS,1994,12.352
SSD,SL.UEM.TOTL.ZS,1993,12.242
SSD,SL.UEM.TOTL.ZS,1992,12.414
SSD,SL.UEM.TOTL.ZS,1991,12.37
SSD,SL.UEM.TOTL.ZS,1990,
SSD,SL.UEM.TOTL.ZS,1989,
SSD,SL.UEM.TOTL.ZS,1988,
SSD,SL.UEM.TOTL.ZS,1987,
SSD,SL.UEM.TOTL.ZS,1986,
SSD,SL.UEM.TOTL.ZS,1985,
SSD,SL.UEM.TOTL.ZS,1984,
SSD,SL.UEM.TOTL.ZS,1983,
SSD,SL.UEM.TOTL.ZS,1982,
SSD,SL.UEM.TOTL.ZS,1981,
SSD,SL.UEM.TOTL.ZS,1980,
SSD,SL.UEM.TOTL.ZS,1979,
SSD,SL.UEM.TOTL.ZS,1978,
SSD,SL.UEM.TOTL.ZS,1977,
SSD,SL.UEM.TOTL.ZS,1976,
SSD,SL.UEM.TOTL.ZS,1975,
SSD,SL.UEM.TOTL.ZS,1974,
SSD,SL.UEM.TOTL.ZS,1973,
SSD,SL.UEM.TOTL.ZS,1972,
SSD,SL.UEM.TOTL.ZS,1971,
SSD,SL.UEM.TOTL.ZS,1970,
SSD,SL.UEM.TOTL.ZS,1969,
SSD,SL.UEM.TOTL.ZS,1968,
SSD,SL.UEM.TOTL.ZS,1967,
SSD,SL.UEM.TOTL.ZS,1966,
SSD,SL.UEM.TOTL.ZS,1965,
SSD,SL.UEM.TOTL.ZS,1964,
SSD,SL.UEM.TOTL.ZS,1963,
SSD,SL.UEM.TOTL.ZS,1962,
SSD,SL.UEM.TOTL.ZS,1961,
SSD,SL.UEM.TOTL.ZS,1960,
ESP,SL.UEM.TOTL.ZS,2024,11.394
ESP,SL.UEM.TOTL.ZS,2023,12.179
ESP,SL.UEM.TOTL.ZS,2022,12.917
ESP,SL.UEM.TOTL.ZS,2021,14.781
ESP,SL.UEM.TOTL.ZS,2020,15.532
ESP,SL.UEM.TOTL.ZS,2019,14.104
ESP,SL.UEM.TOTL.ZS,2018,15.255
ESP,SL.UEM.TOTL.ZS,2017,17.224
ESP,SL.UEM.TOTL.ZS,2016,19.635
ESP,SL.UEM.TOTL.ZS,2015,22.057
ESP,SL.UEM.TOTL.ZS,2014,24.441
ESP,SL.UEM.TOTL.ZS,2013,26.094
ESP,SL.UEM.TOTL.ZS,2012,24.789
ESP,SL.UEM.TOTL.ZS,2011,21.39
ESP,SL.UEM.TOTL.ZS,2010,19.86
ESP,SL.UEM.TOTL.ZS,2009,17.857
ESP,SL.UEM.TOTL.ZS,2008,11.254
ESP,SL.UEM.TOTL.ZS,2007,8.232
ESP,SL.UEM.TOTL.ZS,2006,8.452
ESP,SL.UEM.TOTL.ZS,2005,9.146
ESP,SL.UEM.TOTL.ZS,2004,11.09
ESP,SL.UEM.TOTL.ZS,2003,11.283
ESP,SL.UEM.TOTL.ZS,2002,11.146
ESP,SL.UEM.TOTL.ZS,2001,10.348
ESP,SL.UEM.TOTL.ZS,2000,13.785
ESP,SL.UEM.TOTL.ZS,1999,15.475
ESP,SL.UEM.TOTL.ZS,1998,18.673
ESP,SL.UEM.TOTL.ZS,1997,20.698
ESP,SL.UEM.TOTL.ZS,1996,22.142
ESP,SL.UEM.TOTL.ZS,1995,22.675
ESP,SL.UEM.TOTL.ZS,1994,24.209
ESP,SL.UEM.TOTL.ZS,1993,22.156
ESP,SL.UEM.TOTL.ZS,1992,17.697
ESP,SL.UEM.TOTL.ZS,1991,15.929
ESP,SL.UEM.TOTL.ZS,1990,
ESP,SL.UEM.TOTL.ZS,1989,
ESP,SL.UEM.TOTL.ZS,1988,
ESP,SL.UEM.TOTL.ZS,1987,
ESP,SL.UEM.TOTL.ZS,1986,
ESP,SL.UEM.TOTL.ZS,1985,
ESP,SL.UEM.TOTL.ZS,1984,
ESP,SL.UEM.TOTL.ZS,1983,
ESP,SL.UEM.TOTL.ZS,1982,
ESP,SL.UEM.TOTL.ZS,1981,
ESP,SL.UEM.TOTL.ZS,1980,
ESP,SL.UEM.TOTL.ZS,1979,
ESP,SL.UEM.TOTL.ZS,1978,
ESP,SL.UEM.TOTL.ZS,1977,
ESP,SL.UEM.TOTL.ZS,1976,
ESP,SL.UEM.TOTL.ZS,1975,
ESP,SL.UEM.TOTL.ZS,1974,
ESP,SL.UEM.TOTL.ZS,1973,
ESP,SL.UEM.TOTL.ZS,1972,
ESP,SL.UEM.TOTL.ZS,1971,
ESP,SL.UEM.TOTL.ZS,1970,
ESP,SL.UEM.TOTL.ZS,1969,
ESP,SL.UEM.TOTL.ZS,1968,
ESP,SL.UEM.TOTL.ZS,1967,
ESP,SL.UEM.TOTL.ZS,1966,
ESP,SL.UEM.TOTL.ZS,1965,
ESP,SL.UEM.TOTL.ZS,1964,
ESP,SL.UEM.TOTL.ZS,1963,
ESP,SL.UEM.TOTL.ZS,1962,
ESP,SL.UEM.TOTL.ZS,1961,
ESP,SL.UEM.TOTL.ZS,1960,
LKA,SL.UEM.TOTL.ZS,2024,4.996
LKA,SL.UEM.TOTL.ZS,2023,5.997
LKA,SL.UEM.TOTL.ZS,2022,4.528
LKA,SL.UEM.TOTL.ZS,2021,4.981
LKA,SL.UEM.TOTL.ZS,2020,5.364
LKA,SL.UEM.TOTL.ZS,2019,4.67
LKA,SL.UEM.TOTL.ZS,2018,4.318
LKA,SL.UEM.TOTL.ZS,2017,4.046
LKA,SL.UEM.TOTL.ZS,2016,4.242
LKA,SL.UEM.TOTL.ZS,2015,4.519
LKA,SL.UEM.TOTL.ZS,2014,4.157
LKA,SL.UEM.TOTL.ZS,2013,4.186
LKA,SL.UEM.TOTL.ZS,2012,3.88
LKA,SL.UEM.TOTL.ZS,2011,4.118
LKA,SL.UEM.TOTL.ZS,2010,4.784
LKA,SL.UEM.TOTL.ZS,2009,5.85
LKA,SL.UEM.TOTL.ZS,2008,5.22
LKA,SL.UEM.TOTL.ZS,2007,5.97
LKA,SL.UEM.TOTL.ZS,2006,6.5
LKA,SL.UEM.TOTL.ZS,2005,7.67
LKA,SL.UEM.TOTL.ZS,2004,8.38
LKA,SL.UEM.TOTL.ZS,2003,8.22
LKA,SL.UEM.TOTL.ZS,2002,8.76
LKA,SL.UEM.TOTL.ZS,2001,7.9
LKA,SL.UEM.TOTL.ZS,2000,7.74
LKA,SL.UEM.TOTL.ZS,1999,8.88
LKA,SL.UEM.TOTL.ZS,1998,9.17
LKA,SL.UEM.TOTL.ZS,1997,10.6
LKA,SL.UEM.TOTL.ZS,1996,11.35
LKA,SL.UEM.TOTL.ZS,1995,12.27
LKA,SL.UEM.TOTL.ZS,1994,13.03
LKA,SL.UEM.TOTL.ZS,1993,13.82
LKA,SL.UEM.TOTL.ZS,1992,14.22
LKA,SL.UEM.TOTL.ZS,1991,14.661
LKA,SL.UEM.TOTL.ZS,1990,
LKA,SL.UEM.TOTL.ZS,1989,
LKA,SL.UEM.TOTL.ZS,1988,
LKA,SL.UEM.TOTL.ZS,1987,
LKA,SL.UEM.TOTL.ZS,1986,
LKA,SL.UEM.TOTL.ZS,1985,
LKA,SL.UEM.TOTL.ZS,1984,
LKA,SL.UEM.TOTL.ZS,1983,
LKA,SL.UEM.TOTL.ZS,1982,
LKA,SL.UEM.TOTL.ZS,1981,
LKA,SL.UEM.TOTL.ZS,1980,
LKA,SL.UEM.TOTL.ZS,1979,
LKA,SL.UEM.TOTL.ZS,1978,
LKA,SL.UEM.TOTL.ZS,1977,
LKA,SL.UEM.TOTL.ZS,1976,
LKA,SL.UEM.TOTL.ZS,1975,
LKA,SL.UEM.TOTL.ZS,1974,
LKA,SL.UEM.TOTL.ZS,1973,
LKA,SL.UEM.TOTL.ZS,1972,
LKA,SL.UEM.TOTL.ZS,1971,
LKA,SL.UEM.TOTL.ZS,1970,
LKA,SL.UEM.TOTL.ZS,1969,
LKA,SL.UEM.TOTL.ZS,1968,
LKA,SL.UEM.TOTL.ZS,1967,
LKA,SL.UEM.TOTL.ZS,1966,
LKA,SL.UEM.TOTL.ZS,1965,
LKA,SL.UEM.TOTL.ZS,1964,
LKA,SL.UEM.TOTL.ZS,1963,
LKA,SL.UEM.TOTL.ZS,1962,
LKA,SL.UEM.TOTL.ZS,1961,
LKA,SL.UEM.TOTL.ZS,1960,
KNA,SL.UEM.TOTL.ZS,2024,
KNA,SL.UEM.TOTL.ZS,2023,
KNA,SL.UEM.TOTL.ZS,2022,
KNA,SL.UEM.TOTL.ZS,2021,
KNA,SL.UEM.TOTL.ZS,2020,
KNA,SL.UEM.TOTL.ZS,2019,
KNA,SL.UEM.TOTL.ZS,2018,
KNA,SL.UEM.TOTL.ZS,2017,
KNA,SL.UEM.TOTL.ZS,2016,
KNA,SL.UEM.TOTL.ZS,2015,
KNA,SL.UEM.TOTL.ZS,2014,
KNA,SL.UEM.TOTL.ZS,2013,
KNA,SL.UEM.TOTL.ZS,2012,
KNA,SL.UEM.TOTL.ZS,2011,
KNA,SL.UEM.TOTL.ZS,2010,
KNA,SL.UEM.TOTL.ZS,2009,
KNA,SL.UEM.TOTL.ZS,2008,
KNA,SL.UEM.TOTL.ZS,2007,
KNA,SL.UEM.TOTL.ZS,2006,
KNA,SL.UEM.TOTL.ZS,2005,
KNA,SL.UEM.TOTL.ZS,2004,
KNA,SL.UEM.TOTL.ZS,2003,
KNA,SL.UEM.TOTL.ZS,2002,
KNA,SL.UEM.TOTL.ZS,2001,
KNA,SL.UEM.TOTL.ZS,2000,
KNA,SL.UEM.TOTL.ZS,1999,
KNA,SL.UEM.TOTL.ZS,1998,
KNA,SL.UEM.TOTL.ZS,1997,
KNA,SL.UEM.TOTL.ZS,1996,
KNA,SL.UEM.TOTL.ZS,1995,
KNA,SL.UEM.TOTL.ZS,1994,
KNA,SL.UEM.TOTL.ZS,1993,
KNA,SL.UEM.TOTL.ZS,1992,
KNA,SL.UEM.TOTL.ZS,1991,
KNA,SL.UEM.TOTL.ZS,1990,
KNA,SL.UEM.TOTL.ZS,1989,
KNA,SL.UEM.TOTL.ZS,1988,
KNA,SL.UEM.TOTL.ZS,1987,
KNA,SL.UEM.TOTL.ZS,1986,
KNA,SL.UEM.TOTL.ZS,1985,
KNA,SL.UEM.TOTL.ZS,1984,
KNA,SL.UEM.TOTL.ZS,1983,
KNA,SL.UEM.TOTL.ZS,1982,
KNA,SL.UEM.TOTL.ZS,1981,
KNA,SL.UEM.TOTL.ZS,1980,
KNA,SL.UEM.TOTL.ZS,1979,
KNA,SL.UEM.TOTL.ZS,1978,
KNA,SL.UEM.TOTL.ZS,1977,
KNA,SL.UEM.TOTL.ZS,1976,
KNA,SL.UEM.TOTL.ZS,1975,
KNA,SL.UEM.TOTL.ZS,1974,
KNA,SL.UEM.TOTL.ZS,1973,
KNA,SL.UEM.TOTL.ZS,1972,
KNA,SL.UEM.TOTL.ZS,1971,
KNA,SL.UEM.TOTL.ZS,1970,
KNA,SL.UEM.TOTL.ZS,1969,
KNA,SL.UEM.TOTL.ZS,1968,
KNA,SL.UEM.TOTL.ZS,1967,
KNA,SL.UEM.TOTL.ZS,1966,
KNA,SL.UEM.TOTL.ZS,1965,
KNA,SL.UEM.TOTL.ZS,1964,
KNA,SL.UEM.TOTL.ZS,1963,
KNA,SL.UEM.TOTL.ZS,1962,
KNA,SL.UEM.TOTL.ZS,1961,
KNA,SL.UEM.TOTL.ZS,1960,
LCA,SL.UEM.TOTL.ZS,2024,10.928
LCA,SL.UEM.TOTL.ZS,2023,11.092
LCA,SL.UEM.TOTL.ZS,2022,15.934
LCA,SL.UEM.TOTL.ZS,2021,20.514
LCA,SL.UEM.TOTL.ZS,2020,25.224
LCA,SL.UEM.TOTL.ZS,2019,15.613
LCA,SL.UEM.TOTL.ZS,2018,19.329
LCA,SL.UEM.TOTL.ZS,2017,19.136
LCA,SL.UEM.TOTL.ZS,2016,19.933
LCA,SL.UEM.TOTL.ZS,2015,20.858
LCA,SL.UEM.TOTL.ZS,2014,21.597
LCA,SL.UEM.TOTL.ZS,2013,22.21
LCA,SL.UEM.TOTL.ZS,2012,19.06
LCA,SL.UEM.TOTL.ZS,2011,18.86
LCA,SL.UEM.TOTL.ZS,2010,17.12
LCA,SL.UEM.TOTL.ZS,2009,15.37
LCA,SL.UEM.TOTL.ZS,2008,12.72
LCA,SL.UEM.TOTL.ZS,2007,14.0
LCA,SL.UEM.TOTL.ZS,2006,16.0
LCA,SL.UEM.TOTL.ZS,2005,18.7
LCA,SL.UEM.TOTL.ZS,2004,20.97
LCA,SL.UEM.TOTL.ZS,2003,22.18
LCA,SL.UEM.TOTL.ZS,2002,20.39
LCA,SL.UEM.TOTL.ZS,2001,18.546
LCA,SL.UEM.TOTL.ZS,2000,16.49
LCA,SL.UEM.TOTL.ZS,1999,18.09
LCA,SL.UEM.TOTL.ZS,1998,21.6
LCA,SL.UEM.TOTL.ZS,1997,20.47
LCA,SL.UEM.TOTL.ZS,1996,16.33
LCA,SL.UEM.TOTL.ZS,1995,15.83
LCA,SL.UEM.TOTL.ZS,1994,17.0
LCA,SL.UEM.TOTL.ZS,1993,16.8
LCA,SL.UEM.TOTL.ZS,1992,16.529
LCA,SL.UEM.TOTL.ZS,1991,16.498
LCA,SL.UEM.TOTL.ZS,1990,
LCA,SL.UEM.TOTL.ZS,1989,
LCA,SL.UEM.TOTL.ZS,1988,
LCA,SL.UEM.TOTL.ZS,1987,
LCA,SL.UEM.TOTL.ZS,1986,
LCA,SL.UEM.TOTL.ZS,1985,
LCA,SL.UEM.TOTL.ZS,1984,
LCA,SL.UEM.TOTL.ZS,1983,
LCA,SL.UEM.TOTL.ZS,1982,
LCA,SL.UEM.TOTL.ZS,1981,
LCA,SL.UEM.TOTL.ZS,1980,
LCA,SL.UEM.TOTL.ZS,1979,
LCA,SL.UEM.TOTL.ZS,1978,
LCA,SL.UEM.TOTL.ZS,1977,
LCA,SL.UEM.TOTL.ZS,1976,
LCA,SL.UEM.TOTL.ZS,1975,
LCA,SL.UEM.TOTL.ZS,1974,
LCA,SL.UEM.TOTL.ZS,1973,
LCA,SL.UEM.TOTL.ZS,1972,
LCA,SL.UEM.TOTL.ZS,1971,
LCA,SL.UEM.TOTL.ZS,1970,
LCA,SL.UEM.TOTL.ZS,1969,
LCA,SL.UEM.TOTL.ZS,1968,
LCA,SL.UEM.TOTL.ZS,1967,
LCA,SL.UEM.TOTL.ZS,1966,
LCA,SL.UEM.TOTL.ZS,1965,
LCA,SL.UEM.TOTL.ZS,1964,
LCA,SL.UEM.TOTL.ZS,1963,
LCA,SL.UEM.TOTL.ZS,1962,
LCA,SL.UEM.TOTL.ZS,1961,
LCA,SL.UEM.TOTL.ZS,1960,
MAF,SL.UEM.TOTL.ZS,2024,
MAF,SL.UEM.TOTL.ZS,2023,
MAF,SL.UEM.TOTL.ZS,2022,
MAF,SL.UEM.TOTL.ZS,2021,
MAF,SL.UEM.TOTL.ZS,2020,
MAF,SL.UEM.TOTL.ZS,2019,
MAF,SL.UEM.TOTL.ZS,2018,
MAF,SL.UEM.TOTL.ZS,2017,
MAF,SL.UEM.TOTL.ZS,2016,
MAF,SL.UEM.TOTL.ZS,2015,
MAF,SL.UEM.TOTL.ZS,2014,
MAF,SL.UEM.TOTL.ZS,2013,
MAF,SL.UEM.TOTL.ZS,2012,
MAF,SL.UEM.TOTL.ZS,2011,
MAF,SL.UEM.TOTL.ZS,2010,
MAF,SL.UEM.TOTL.ZS,2009,
MAF,SL.UEM.TOTL.ZS,2008,
MAF,SL.UEM.TOTL.ZS,2007,
MAF,SL.UEM.TOTL.ZS,2006,
MAF,SL.UEM.TOTL.ZS,2005,
MAF,SL.UEM.TOTL.ZS,2004,
MAF,SL.UEM.TOTL.ZS,2003,
MAF,SL.UEM.TOTL.ZS,2002,
MAF,SL.UEM.TOTL.ZS,2001,
MAF,SL.UEM.TOTL.ZS,2000,
MAF,SL.UEM.TOTL.ZS,1999,
MAF,SL.UEM.TOTL.ZS,1998,
MAF,SL.UEM.TOTL.ZS,1997,
MAF,SL.UEM.TOTL.ZS,1996,
MAF,SL.UEM.TOTL.ZS,1995,
MAF,SL.UEM.TOTL.ZS,1994,
MAF,SL.UEM.TOTL.ZS,1993,
MAF,SL.UEM.TOTL.ZS,1992,
MAF,SL.UEM.TOTL.ZS,1991,
MAF,SL.UEM.TOTL.ZS,1990,
MAF,SL.UEM.TOTL.ZS,1989,
MAF,SL.UEM.TOTL.ZS,1988,
MAF,SL.UEM.TOTL.ZS,1987,
MAF,SL.UEM.TOTL.ZS,1986,
MAF,SL.UEM.TOTL.ZS,1985,
MAF,SL.UEM.TOTL.ZS,1984,
MAF,SL.UEM.TOTL.ZS,1983,
MAF,SL.UEM.TOTL.ZS,1982,
MAF,SL.UEM.TOTL.ZS,1981,
MAF,SL.UEM.TOTL.ZS,1980,
MAF,SL.UEM.TOTL.ZS,1979,
MAF,SL.UEM.TOTL.ZS,1978,
MAF,SL.UEM.TOTL.ZS,1977,
MAF,SL.UEM.TOTL.ZS,1976,
MAF,SL.UEM.TOTL.ZS,1975,
MAF,SL.UEM.TOTL.ZS,1974,
MAF,SL.UEM.TOTL.ZS,1973,
MAF,SL.UEM.TOTL.ZS,1972,
MAF,SL.UEM.TOTL.ZS,1971,
MAF,SL.UEM.TOTL.ZS,1970,
MAF,SL.UEM.TOTL.ZS,1969,
MAF,SL.UEM.TOTL.ZS,1968,
MAF,SL.UEM.TOTL.ZS,1967,
MAF,SL.UEM.TOTL.ZS,1966,
MAF,SL.UEM.TOTL.ZS,1965,
MAF,SL.UEM.TOTL.ZS,1964,
MAF,SL.UEM.TOTL.ZS,1963,
MAF,SL.UEM.TOTL.ZS,1962,
MAF,SL.UEM.TOTL.ZS,1961,
MAF,SL.UEM.TOTL.ZS,1960,
VCT,SL.UEM.TOTL.ZS,2024,18.056
VCT,SL.UEM.TOTL.ZS,2023,18.574
VCT,SL.UEM.TOTL.ZS,2022,19.417
VCT,SL.UEM.TOTL.ZS,2021,20.341
VCT,SL.UEM.TOTL.ZS,2020,20.636
VCT,SL.UEM.TOTL.ZS,2019,19.235
VCT,SL.UEM.TOTL.ZS,2018,18.984
VCT,SL.UEM.TOTL.ZS,2017,19.006
VCT,SL.UEM.TOTL.ZS,2016,19.028
VCT,SL.UEM.TOTL.ZS,2015,19.141
VCT,SL.UEM.TOTL.ZS,2014,19.249
VCT,SL.UEM.TOTL.ZS,2013,19.367
VCT,SL.UEM.TOTL.ZS,2012,19.867
VCT,SL.UEM.TOTL.ZS,2011,20.049
VCT,SL.UEM.TOTL.ZS,2010,19.966
VCT,SL.UEM.TOTL.ZS,2009,19.386
VCT,SL.UEM.TOTL.ZS,2008,18.79
VCT,SL.UEM.TOTL.ZS,2007,18.927
VCT,SL.UEM.TOTL.ZS,2006,19.15
VCT,SL.UEM.TOTL.ZS,2005,19.449
VCT,SL.UEM.TOTL.ZS,2004,19.523
VCT,SL.UEM.TOTL.ZS,2003,19.967
VCT,SL.UEM.TOTL.ZS,2002,20.617
VCT,SL.UEM.TOTL.ZS,2001,21.1
VCT,SL.UEM.TOTL.ZS,2000,20.794
VCT,SL.UEM.TOTL.ZS,1999,20.531
VCT,SL.UEM.TOTL.ZS,1998,20.514
VCT,SL.UEM.TOTL.ZS,1997,20.116
VCT,SL.UEM.TOTL.ZS,1996,20.339
VCT,SL.UEM.TOTL.ZS,1995,19.994
VCT,SL.UEM.TOTL.ZS,1994,19.967
VCT,SL.UEM.TOTL.ZS,1993,19.667
VCT,SL.UEM.TOTL.ZS,1992,19.545
VCT,SL.UEM.TOTL.ZS,1991,19.77
VCT,SL.UEM.TOTL.ZS,1990,
VCT,SL.UEM.TOTL.ZS,1989,
VCT,SL.UEM.TOTL.ZS,1988,
VCT,SL.UEM.TOTL.ZS,1987,
VCT,SL.UEM.TOTL.ZS,1986,
VCT,SL.UEM.TOTL.ZS,1985,
VCT,SL.UEM.TOTL.ZS,1984,
VCT,SL.UEM.TOTL.ZS,1983,
VCT,SL.UEM.TOTL.ZS,1982,
VCT,SL.UEM.TOTL.ZS,1981,
VCT,SL.UEM.TOTL.ZS,1980,
VCT,SL.UEM.TOTL.ZS,1979,
VCT,SL.UEM.TOTL.ZS,1978,
VCT,SL.UEM.TOTL.ZS,1977,
VCT,SL.UEM.TOTL.ZS,1976,
VCT,SL.UEM.TOTL.ZS,1975,
VCT,SL.UEM.TOTL.ZS,1974,
VCT,SL.UEM.TOTL.ZS,1973,
VCT,SL.UEM.TOTL.ZS,1972,
VCT,SL.UEM.TOTL.ZS,1971,
VCT,SL.UEM.TOTL.ZS,1970,
VCT,SL.UEM.TOTL.ZS,1969,
VCT,SL.UEM.TOTL.ZS,1968,
VCT,SL.UEM.TOTL.ZS,1967,
VCT,SL.UEM.TOTL.ZS,1966,
VCT,SL.UEM.TOTL.ZS,1965,
VCT,SL.UEM.TOTL.ZS,1964,
VCT,SL.UEM.TOTL.ZS,1963,
VCT,SL.UEM.TOTL.ZS,1962,
VCT,SL.UEM.TOTL.ZS,1961,
VCT,SL.UEM.TOTL.ZS,1960,
SDN,SL.UEM.TOTL.ZS,2024,
SDN,SL.UEM.TOTL.ZS,2023,
SDN,SL.UEM.TOTL.ZS,2022,7.53
SDN,SL.UEM.TOTL.ZS,2021,11.044
SDN,SL.UEM.TOTL.ZS,2020,11.958
SDN,SL.UEM.TOTL.ZS,2019,11.658
SDN,SL.UEM.TOTL.ZS,2018,12.303
SDN,SL.UEM.TOTL.ZS,2017,12.953
SDN,SL.UEM.TOTL.ZS,2016,13.606
SDN,SL.UEM.TOTL.ZS,2015,14.347
SDN,SL.UEM.TOTL.ZS,2014,15.411
SDN,SL.UEM.TOTL.ZS,2013,16.3
SDN,SL.UEM.TOTL.ZS,2012,17.002
SDN,SL.UEM.TOTL.ZS,2011,17.44
SDN,SL.UEM.TOTL.ZS,2010,15.161
SDN,SL.UEM.TOTL.ZS,2009,13.0
SDN,SL.UEM.TOTL.ZS,2008,15.566
SDN,SL.UEM.TOTL.ZS,2007,15.531
SDN,SL.UEM.TOTL.ZS,2006,15.542
SDN,SL.UEM.TOTL.ZS,2005,15.546
SDN,SL.UEM.TOTL.ZS,2004,15.539
SDN,SL.UEM.TOTL.ZS,2003,15.515
SDN,SL.UEM.TOTL.ZS,2002,15.514
SDN,SL.UEM.TOTL.ZS,2001,15.568
SDN,SL.UEM.TOTL.ZS,2000,15.608
SDN,SL.UEM.TOTL.ZS,1999,15.387
SDN,SL.UEM.TOTL.ZS,1998,15.336
SDN,SL.UEM.TOTL.ZS,1997,15.305
SDN,SL.UEM.TOTL.ZS,1996,15.624
SDN,SL.UEM.TOTL.ZS,1995,15.65
SDN,SL.UEM.TOTL.ZS,1994,15.64
SDN,SL.UEM.TOTL.ZS,1993,15.52
SDN,SL.UEM.TOTL.ZS,1992,15.702
SDN,SL.UEM.TOTL.ZS,1991,15.652
SDN,SL.UEM.TOTL.ZS,1990,
SDN,SL.UEM.TOTL.ZS,1989,
SDN,SL.UEM.TOTL.ZS,1988,
SDN,SL.UEM.TOTL.ZS,1987,
SDN,SL.UEM.TOTL.ZS,1986,
SDN,SL.UEM.TOTL.ZS,1985,
SDN,SL.UEM.TOTL.ZS,1984,
SDN,SL.UEM.TOTL.ZS,1983,
SDN,SL.UEM.TOTL.ZS,1982,
SDN,SL.UEM.TOTL.ZS,1981,
SDN,SL.UEM.TOTL.ZS,1980,
SDN,SL.UEM.TOTL.ZS,1979,
SDN,SL.UEM.TOTL.ZS,1978,
SDN,SL.UEM.TOTL.ZS,1977,
SDN,SL.UEM.TOTL.ZS,1976,
SDN,SL.UEM.TOTL.ZS,1975,
SDN,SL.UEM.TOTL.ZS,1974,
SDN,SL.UEM.TOTL.ZS,1973,
SDN,SL.UEM.TOTL.ZS,1972,
SDN,SL.UEM.TOTL.ZS,1971,
SDN,SL.UEM.TOTL.ZS,1970,
SDN,SL.UEM.TOTL.ZS,1969,
SDN,SL.UEM.TOTL.ZS,1968,
SDN,SL.UEM.TOTL.ZS,1967,
SDN,SL.UEM.TOTL.ZS,1966,
SDN,SL.UEM.TOTL.ZS,1965,
SDN,SL.UEM.TOTL.ZS,1964,
SDN,SL.UEM.TOTL.ZS,1963,
SDN,SL.UEM.TOTL.ZS,1962,
SDN,SL.UEM.TOTL.ZS,1961,
SDN,SL.UEM.TOTL.ZS,1960,
SUR,SL.UEM.TOTL.ZS,2024,7.325
SUR,SL.UEM.TOTL.ZS,2023,7.631
SUR,SL.UEM.TOTL.ZS,2022,8.16
SUR,SL.UEM.TOTL.ZS,2021,8.491
SUR,SL.UEM.TOTL.ZS,2020,8.76
SUR,SL.UEM.TOTL.ZS,2019,7.556
SUR,SL.UEM.TOTL.ZS,2018,7.693
SUR,SL.UEM.TOTL.ZS,2017,7.888
SUR,SL.UEM.TOTL.ZS,2016,7.917
SUR,SL.UEM.TOTL.ZS,2015,7.22
SUR,SL.UEM.TOTL.ZS,2014,6.94
SUR,SL.UEM.TOTL.ZS,2013,6.6
SUR,SL.UEM.TOTL.ZS,2012,8.1
SUR,SL.UEM.TOTL.ZS,2011,7.54
SUR,SL.UEM.TOTL.ZS,2010,7.15
SUR,SL.UEM.TOTL.ZS,2009,8.72
SUR,SL.UEM.TOTL.ZS,2008,8.831
SUR,SL.UEM.TOTL.ZS,2007,9.004
SUR,SL.UEM.TOTL.ZS,2006,9.096
SUR,SL.UEM.TOTL.ZS,2005,9.263
SUR,SL.UEM.TOTL.ZS,2004,9.49
SUR,SL.UEM.TOTL.ZS,2003,10.359
SUR,SL.UEM.TOTL.ZS,2002,11.243
SUR,SL.UEM.TOTL.ZS,2001,12.148
SUR,SL.UEM.TOTL.ZS,2000,12.983
SUR,SL.UEM.TOTL.ZS,1999,13.6
SUR,SL.UEM.TOTL.ZS,1998,10.63
SUR,SL.UEM.TOTL.ZS,1997,10.56
SUR,SL.UEM.TOTL.ZS,1996,10.88
SUR,SL.UEM.TOTL.ZS,1995,8.39
SUR,SL.UEM.TOTL.ZS,1994,12.7
SUR,SL.UEM.TOTL.ZS,1993,15.64
SUR,SL.UEM.TOTL.ZS,1992,17.28
SUR,SL.UEM.TOTL.ZS,1991,17.085
SUR,SL.UEM.TOTL.ZS,1990,
SUR,SL.UEM.TOTL.ZS,1989,
SUR,SL.UEM.TOTL.ZS,1988,
SUR,SL.UEM.TOTL.ZS,1987,
SUR,SL.UEM.TOTL.ZS,1986,
SUR,SL.UEM.TOTL.ZS,1985,
SUR,SL.UEM.TOTL.ZS,1984,
SUR,SL.UEM.TOTL.ZS,1983,
SUR,SL.UEM.TOTL.ZS,1982,
SUR,SL.UEM.TOTL.ZS,1981,
SUR,SL.UEM.TOTL.ZS,1980,
SUR,SL.UEM.TOTL.ZS,1979,
SUR,SL.UEM.TOTL.ZS,1978,
SUR,SL.UEM.TOTL.ZS,1977,
SUR,SL.UEM.TOTL.ZS,1976,
SUR,SL.UEM.TOTL.ZS,1975,
SUR,SL.UEM.TOTL.ZS,1974,
SUR,SL.UEM.TOTL.ZS,1973,
SUR,SL.UEM.TOTL.ZS,1972,
SUR,SL.UEM.TOTL.ZS,1971,
SUR,SL.UEM.TOTL.ZS,1970,
SUR,SL.UEM.TOTL.ZS,1969,
SUR,SL.UEM.TOTL.ZS,1968,
SUR,SL.UEM.TOTL.ZS,1967,
SUR,SL.UEM.TOTL.ZS,1966,
SUR,SL.UEM.TOTL.ZS,1965,
SUR,SL.UEM.TOTL.ZS,1964,
SUR,SL.UEM.TOTL.ZS,1963,
SUR,SL.UEM.TOTL.ZS,1962,
SUR,SL.UEM.TOTL.ZS,1961,
SUR,SL.UEM.TOTL.ZS,1960,
SWE,SL.UEM.TOTL.ZS,2024,8.528
SWE,SL.UEM.TOTL.ZS,2023,7.611
SWE,SL.UEM.TOTL.ZS,2022,7.392
SWE,SL.UEM.TOTL.ZS,2021,8.722
SWE,SL.UEM.TOTL.ZS,2020,8.291
SWE,SL.UEM.TOTL.ZS,2019,6.833
SWE,SL.UEM.TOTL.ZS,2018,6.365
SWE,SL.UEM.TOTL.ZS,2017,6.718
SWE,SL.UEM.TOTL.ZS,2016,6.99
SWE,SL.UEM.TOTL.ZS,2015,7.432
SWE,SL.UEM.TOTL.ZS,2014,7.954
SWE,SL.UEM.TOTL.ZS,2013,8.052
SWE,SL.UEM.TOTL.ZS,2012,7.976
SWE,SL.UEM.TOTL.ZS,2011,7.804
SWE,SL.UEM.TOTL.ZS,2010,8.61
SWE,SL.UEM.TOTL.ZS,2009,8.351
SWE,SL.UEM.TOTL.ZS,2008,6.235
SWE,SL.UEM.TOTL.ZS,2007,6.161
SWE,SL.UEM.TOTL.ZS,2006,7.066
SWE,SL.UEM.TOTL.ZS,2005,7.81
SWE,SL.UEM.TOTL.ZS,2004,6.693
SWE,SL.UEM.TOTL.ZS,2003,5.555
SWE,SL.UEM.TOTL.ZS,2002,4.965
SWE,SL.UEM.TOTL.ZS,2001,4.73
SWE,SL.UEM.TOTL.ZS,2000,5.466
SWE,SL.UEM.TOTL.ZS,1999,7.607
SWE,SL.UEM.TOTL.ZS,1998,8.941
SWE,SL.UEM.TOTL.ZS,1997,10.359
SWE,SL.UEM.TOTL.ZS,1996,9.547
SWE,SL.UEM.TOTL.ZS,1995,8.897
SWE,SL.UEM.TOTL.ZS,1994,9.58
SWE,SL.UEM.TOTL.ZS,1993,9.33
SWE,SL.UEM.TOTL.ZS,1992,5.722
SWE,SL.UEM.TOTL.ZS,1991,3.243
SWE,SL.UEM.TOTL.ZS,1990,
SWE,SL.UEM.TOTL.ZS,1989,
SWE,SL.UEM.TOTL.ZS,1988,
SWE,SL.UEM.TOTL.ZS,1987,
SWE,SL.UEM.TOTL.ZS,1986,
SWE,SL.UEM.TOTL.ZS,1985,
SWE,SL.UEM.TOTL.ZS,1984,
SWE,SL.UEM.TOTL.ZS,1983,
SWE,SL.UEM.TOTL.ZS,1982,
SWE,SL.UEM.TOTL.ZS,1981,
SWE,SL.UEM.TOTL.ZS,1980,
SWE,SL.UEM.TOTL.ZS,1979,
SWE,SL.UEM.TOTL.ZS,1978,
SWE,SL.UEM.TOTL.ZS,1977,
SWE,SL.UEM.TOTL.ZS,1976,
SWE,SL.UEM.TOTL.ZS,1975,
SWE,SL.UEM.TOTL.ZS,1974,
SWE,SL.UEM.TOTL.ZS,1973,
SWE,SL.UEM.TOTL.ZS,1972,
SWE,SL.UEM.TOTL.ZS,1971,
SWE,SL.UEM.TOTL.ZS,1970,
SWE,SL.UEM.TOTL.ZS,1969,
SWE,SL.UEM.TOTL.ZS,1968,
SWE,SL.UEM.TOTL.ZS,1967,
SWE,SL.UEM.TOTL.ZS,1966,
SWE,SL.UEM.TOTL.ZS,1965,
SWE,SL.UEM.TOTL.ZS,1964,
SWE,SL.UEM.TOTL.ZS,1963,
SWE,SL.UEM.TOTL.ZS,1962,
SWE,SL.UEM.TOTL.ZS,1961,
SWE,SL.UEM.TOTL.ZS,1960,
CHE,SL.UEM.TOTL.ZS,2024,4.11
CHE,SL.UEM.TOTL.ZS,2023,4.043
CHE,SL.UEM.TOTL.ZS,2022,4.122
CHE,SL.UEM.TOTL.ZS,2021,5.013
CHE,SL.UEM.TOTL.ZS,2020,4.817
CHE,SL.UEM.TOTL.ZS,2019,4.394
CHE,SL.UEM.TOTL.ZS,2018,4.713
CHE,SL.UEM.TOTL.ZS,2017,4.797
CHE,SL.UEM.TOTL.ZS,2016,4.918
CHE,SL.UEM.TOTL.ZS,2015,4.801
CHE,SL.UEM.TOTL.ZS,2014,4.826
CHE,SL.UEM.TOTL.ZS,2013,4.747
CHE,SL.UEM.TOTL.ZS,2012,4.491
CHE,SL.UEM.TOTL.ZS,2011,4.409
CHE,SL.UEM.TOTL.ZS,2010,4.808
CHE,SL.UEM.TOTL.ZS,2009,4.109
CHE,SL.UEM.TOTL.ZS,2008,3.35
CHE,SL.UEM.TOTL.ZS,2007,3.641
CHE,SL.UEM.TOTL.ZS,2006,3.995
CHE,SL.UEM.TOTL.ZS,2005,4.437
CHE,SL.UEM.TOTL.ZS,2004,4.316
CHE,SL.UEM.TOTL.ZS,2003,4.117
CHE,SL.UEM.TOTL.ZS,2002,2.924
CHE,SL.UEM.TOTL.ZS,2001,2.49
CHE,SL.UEM.TOTL.ZS,2000,2.658
CHE,SL.UEM.TOTL.ZS,1999,3.053
CHE,SL.UEM.TOTL.ZS,1998,3.568
CHE,SL.UEM.TOTL.ZS,1997,4.127
CHE,SL.UEM.TOTL.ZS,1996,3.684
CHE,SL.UEM.TOTL.ZS,1995,3.094
CHE,SL.UEM.TOTL.ZS,1994,3.58
CHE,SL.UEM.TOTL.ZS,1993,3.551
CHE,SL.UEM.TOTL.ZS,1992,2.344
CHE,SL.UEM.TOTL.ZS,1991,1.818
CHE,SL.UEM.TOTL.ZS,1990,
CHE,SL.UEM.TOTL.ZS,1989,
CHE,SL.UEM.TOTL.ZS,1988,
CHE,SL.UEM.TOTL.ZS,1987,
CHE,SL.UEM.TOTL.ZS,1986,
CHE,SL.UEM.TOTL.ZS,1985,
CHE,SL.UEM.TOTL.ZS,1984,
CHE,SL.UEM.TOTL.ZS,1983,
CHE,SL.UEM.TOTL.ZS,1982,
CHE,SL.UEM.TOTL.ZS,1981,
CHE,SL.UEM.TOTL.ZS,1980,
CHE,SL.UEM.TOTL.ZS,1979,
CHE,SL.UEM.TOTL.ZS,1978,
CHE,SL.UEM.TOTL.ZS,1977,
CHE,SL.UEM.TOTL.ZS,1976,
CHE,SL.UEM.TOTL.ZS,1975,
CHE,SL.UEM.TOTL.ZS,1974,
CHE,SL.UEM.TOTL.ZS,1973,
CHE,SL.UEM.TOTL.ZS,1972,
CHE,SL.UEM.TOTL.ZS,1971,
CHE,SL.UEM.TOTL.ZS,1970,
CHE,SL.UEM.TOTL.ZS,1969,
CHE,SL.UEM.TOTL.ZS,1968,
CHE,SL.UEM.TOTL.ZS,1967,
CHE,SL.UEM.TOTL.ZS,1966,
CHE,SL.UEM.TOTL.ZS,1965,
CHE,SL.UEM.TOTL.ZS,1964,
CHE,SL.UEM.TOTL.ZS,1963,
CHE,SL.UEM.TOTL.ZS,1962,
CHE,SL.UEM.TOTL.ZS,1961,
CHE,SL.UEM.TOTL.ZS,1960,
SYR,SL.UEM.TOTL.ZS,2024,12.962
SYR,SL.UEM.TOTL.ZS,2023,13.187
SYR,SL.UEM.TOTL.ZS,2022,13.268
SYR,SL.UEM.TOTL.ZS,2021,14.877
SYR,SL.UEM.TOTL.ZS,2020,15.191
SYR,SL.UEM.TOTL.ZS,2019,13.36
SYR,SL.UEM.TOTL.ZS,2018,13.497
SYR,SL.UEM.TOTL.ZS,2017,13.597
SYR,SL.UEM.TOTL.ZS,2016,13.795
SYR,SL.UEM.TOTL.ZS,2015,14.243
SYR,SL.UEM.TOTL.ZS,2014,14.783
SYR,SL.UEM.TOTL.ZS,2013,14.5
SYR,SL.UEM.TOTL.ZS,2012,13.8
SYR,SL.UEM.TOTL.ZS,2011,8.627
SYR,SL.UEM.TOTL.ZS,2010,8.61
SYR,SL.UEM.TOTL.ZS,2009,8.14
SYR,SL.UEM.TOTL.ZS,2008,10.94
SYR,SL.UEM.TOTL.ZS,2007,8.42
SYR,SL.UEM.TOTL.ZS,2006,8.17
SYR,SL.UEM.TOTL.ZS,2005,8.809
SYR,SL.UEM.TOTL.ZS,2004,9.513
SYR,SL.UEM.TOTL.ZS,2003,10.28
SYR,SL.UEM.TOTL.ZS,2002,10.94
SYR,SL.UEM.TOTL.ZS,2001,11.63
SYR,SL.UEM.TOTL.ZS,2000,9.587
SYR,SL.UEM.TOTL.ZS,1999,7.6
SYR,SL.UEM.TOTL.ZS,1998,7.376
SYR,SL.UEM.TOTL.ZS,1997,7.31
SYR,SL.UEM.TOTL.ZS,1996,7.222
SYR,SL.UEM.TOTL.ZS,1995,7.2
SYR,SL.UEM.TOTL.ZS,1994,7.5
SYR,SL.UEM.TOTL.ZS,1993,7.4
SYR,SL.UEM.TOTL.ZS,1992,6.949
SYR,SL.UEM.TOTL.ZS,1991,6.75
SYR,SL.UEM.TOTL.ZS,1990,
SYR,SL.UEM.TOTL.ZS,1989,
SYR,SL.UEM.TOTL.ZS,1988,
SYR,SL.UEM.TOTL.ZS,1987,
SYR,SL.UEM.TOTL.ZS,1986,
SYR,SL.UEM.TOTL.ZS,1985,
SYR,SL.UEM.TOTL.ZS,1984,
SYR,SL.UEM.TOTL.ZS,1983,
SYR,SL.UEM.TOTL.ZS,1982,
SYR,SL.UEM.TOTL.ZS,1981,
SYR,SL.UEM.TOTL.ZS,1980,
SYR,SL.UEM.TOTL.ZS,1979,
SYR,SL.UEM.TOTL.ZS,1978,
SYR,SL.UEM.TOTL.ZS,1977,
SYR,SL.UEM.TOTL.ZS,1976,
SYR,SL.UEM.TOTL.ZS,1975,
SYR,SL.UEM.TOTL.ZS,1974,
SYR,SL.UEM.TOTL.ZS,1973,
SYR,SL.UEM.TOTL.ZS,1972,
SYR,SL.UEM.TOTL.ZS,1971,
SYR,SL.UEM.TOTL.ZS,1970,
SYR,SL.UEM.TOTL.ZS,1969,
SYR,SL.UEM.TOTL.ZS,1968,
SYR,SL.UEM.TOTL.ZS,1967,
SYR,SL.UEM.TOTL.ZS,1966,
SYR,SL.UEM.TOTL.ZS,1965,
SYR,SL.UEM.TOTL.ZS,1964,
SYR,SL.UEM.TOTL.ZS,1963,
SYR,SL.UEM.TOTL.ZS,1962,
SYR,SL.UEM.TOTL.ZS,1961,
SYR,SL.UEM.TOTL.ZS,1960,
TJK,SL.UEM.TOTL.ZS,2024,11.635
TJK,SL.UEM.TOTL.ZS,2023,11.546
TJK,SL.UEM.TOTL.ZS,2022,11.634
TJK,SL.UEM.TOTL.ZS,2021,12.333
TJK,SL.UEM.TOTL.ZS,2020,12.321
TJK,SL.UEM.TOTL.ZS,2019,11.419
TJK,SL.UEM.TOTL.ZS,2018,11.437
TJK,SL.UEM.TOTL.ZS,2017,11.487
TJK,SL.UEM.TOTL.ZS,2016,11.5
TJK,SL.UEM.TOTL.ZS,2015,11.485
TJK,SL.UEM.TOTL.ZS,2014,11.439
TJK,SL.UEM.TOTL.ZS,2013,11.417
TJK,SL.UEM.TOTL.ZS,2012,11.444
TJK,SL.UEM.TOTL.ZS,2011,11.557
TJK,SL.UEM.TOTL.ZS,2010,11.542
TJK,SL.UEM.TOTL.ZS,2009,11.5
TJK,SL.UEM.TOTL.ZS,2008,7.134
TJK,SL.UEM.TOTL.ZS,2007,2.874
TJK,SL.UEM.TOTL.ZS,2006,3.13
TJK,SL.UEM.TOTL.ZS,2005,3.375
TJK,SL.UEM.TOTL.ZS,2004,3.616
TJK,SL.UEM.TOTL.ZS,2003,3.85
TJK,SL.UEM.TOTL.ZS,2002,3.95
TJK,SL.UEM.TOTL.ZS,2001,3.75
TJK,SL.UEM.TOTL.ZS,2000,4.15
TJK,SL.UEM.TOTL.ZS,1999,4.45
TJK,SL.UEM.TOTL.ZS,1998,4.65
TJK,SL.UEM.TOTL.ZS,1997,4.15
TJK,SL.UEM.TOTL.ZS,1996,4.05
TJK,SL.UEM.TOTL.ZS,1995,3.45
TJK,SL.UEM.TOTL.ZS,1994,3.15
TJK,SL.UEM.TOTL.ZS,1993,2.65
TJK,SL.UEM.TOTL.ZS,1992,1.85
TJK,SL.UEM.TOTL.ZS,1991,1.845
TJK,SL.UEM.TOTL.ZS,1990,
TJK,SL.UEM.TOTL.ZS,1989,
TJK,SL.UEM.TOTL.ZS,1988,
TJK,SL.UEM.TOTL.ZS,1987,
TJK,SL.UEM.TOTL.ZS,1986,
TJK,SL.UEM.TOTL.ZS,1985,
TJK,SL.UEM.TOTL.ZS,1984,
TJK,SL.UEM.TOTL.ZS,1983,
TJK,SL.UEM.TOTL.ZS,1982,
TJK,SL.UEM.TOTL.ZS,1981,
TJK,SL.UEM.TOTL.ZS,1980,
TJK,SL.UEM.TOTL.ZS,1979,
TJK,SL.UEM.TOTL.ZS,1978,
TJK,SL.UEM.TOTL.ZS,1977,
TJK,SL.UEM.TOTL.ZS,1976,
TJK,SL.UEM.TOTL.ZS,1975,
TJK,SL.UEM.TOTL.ZS,1974,
TJK,SL.UEM.TOTL.ZS,1973,
TJK,SL.UEM.TOTL.ZS,1972,
TJK,SL.UEM.TOTL.ZS,1971,
TJK,SL.UEM.TOTL.ZS,1970,
TJK,SL.UEM.TOTL.ZS,1969,
TJK,SL.UEM.TOTL.ZS,1968,
TJK,SL.UEM.TOTL.ZS,1967,
TJK,SL.UEM.TOTL.ZS,1966,
TJK,SL.UEM.TOTL.ZS,1965,
TJK,SL.UEM.TOTL.ZS,1964,
TJK,SL.UEM.TOTL.ZS,1963,
TJK,SL.UEM.TOTL.ZS,1962,
TJK,SL.UEM.TOTL.ZS,1961,
TJK,SL.UEM.TOTL.ZS,1960,
TZA,SL.UEM.TOTL.ZS,2024,2.576
TZA,SL.UEM.TOTL.ZS,2023,2.582
TZA,SL.UEM.TOTL.ZS,2022,2.588
TZA,SL.UEM.TOTL.ZS,2021,2.821
TZA,SL.UEM.TOTL.ZS,2020,2.781
TZA,SL.UEM.TOTL.ZS,2019,2.496
TZA,SL.UEM.TOTL.ZS,2018,2.393
TZA,SL.UEM.TOTL.ZS,2017,2.303
TZA,SL.UEM.TOTL.ZS,2016,2.23
TZA,SL.UEM.TOTL.ZS,2015,2.159
TZA,SL.UEM.TOTL.ZS,2014,2.125
TZA,SL.UEM.TOTL.ZS,2013,2.93
TZA,SL.UEM.TOTL.ZS,2012,3.222
TZA,SL.UEM.TOTL.ZS,2011,3.47
TZA,SL.UEM.TOTL.ZS,2010,3.029
TZA,SL.UEM.TOTL.ZS,2009,2.5
TZA,SL.UEM.TOTL.ZS,2008,2.774
TZA,SL.UEM.TOTL.ZS,2007,3.023
TZA,SL.UEM.TOTL.ZS,2006,3.299
TZA,SL.UEM.TOTL.ZS,2005,3.194
TZA,SL.UEM.TOTL.ZS,2004,3.108
TZA,SL.UEM.TOTL.ZS,2003,3.055
TZA,SL.UEM.TOTL.ZS,2002,3.024
TZA,SL.UEM.TOTL.ZS,2001,2.994
TZA,SL.UEM.TOTL.ZS,2000,3.127
TZA,SL.UEM.TOTL.ZS,1999,3.215
TZA,SL.UEM.TOTL.ZS,1998,3.28
TZA,SL.UEM.TOTL.ZS,1997,3.338
TZA,SL.UEM.TOTL.ZS,1996,3.469
TZA,SL.UEM.TOTL.ZS,1995,3.663
TZA,SL.UEM.TOTL.ZS,1994,3.847
TZA,SL.UEM.TOTL.ZS,1993,3.878
TZA,SL.UEM.TOTL.ZS,1992,3.679
TZA,SL.UEM.TOTL.ZS,1991,3.6
TZA,SL.UEM.TOTL.ZS,1990,
TZA,SL.UEM.TOTL.ZS,1989,
TZA,SL.UEM.TOTL.ZS,1988,
TZA,SL.UEM.TOTL.ZS,1987,
TZA,SL.UEM.TOTL.ZS,1986,
TZA,SL.UEM.TOTL.ZS,1985,
TZA,SL.UEM.TOTL.ZS,1984,
TZA,SL.UEM.TOTL.ZS,1983,
TZA,SL.UEM.TOTL.ZS,1982,
TZA,SL.UEM.TOTL.ZS,1981,
TZA,SL.UEM.TOTL.ZS,1980,
TZA,SL.UEM.TOTL.ZS,1979,
TZA,SL.UEM.TOTL.ZS,1978,
TZA,SL.UEM.TOTL.ZS,1977,
TZA,SL.UEM.TOTL.ZS,1976,
TZA,SL.UEM.TOTL.ZS,1975,
TZA,SL.UEM.TOTL.ZS,1974,
TZA,SL.UEM.TOTL.ZS,1973,
TZA,SL.UEM.TOTL.ZS,1972,
TZA,SL.UEM.TOTL.ZS,1971,
TZA,SL.UEM.TOTL.ZS,1970,
TZA,SL.UEM.TOTL.ZS,1969,
TZA,SL.UEM.TOTL.ZS,1968,
TZA,SL.UEM.TOTL.ZS,1967,
TZA,SL.UEM.TOTL.ZS,1966,
TZA,SL.UEM.TOTL.ZS,1965,
TZA,SL.UEM.TOTL.ZS,1964,
TZA,SL.UEM.TOTL.ZS,1963,
TZA,SL.UEM.TOTL.ZS,1962,
TZA,SL.UEM.TOTL.ZS,1961,
TZA,SL.UEM.TOTL.ZS,1960,
THA,SL.UEM.TOTL.ZS,2024,0.693
THA,SL.UEM.TOTL.ZS,2023,0.733
THA,SL.UEM.TOTL.ZS,2022,0.94
THA,SL.UEM.TOTL.ZS,2021,1.215
THA,SL.UEM.TOTL.ZS,2020,1.099
THA,SL.UEM.TOTL.ZS,2019,0.716
THA,SL.UEM.TOTL.ZS,2018,0.765
THA,SL.UEM.TOTL.ZS,2017,0.83
THA,SL.UEM.TOTL.ZS,2016,0.688
THA,SL.UEM.TOTL.ZS,2015,0.597
THA,SL.UEM.TOTL.ZS,2014,0.576
THA,SL.UEM.TOTL.ZS,2013,0.249
THA,SL.UEM.TOTL.ZS,2012,0.58
THA,SL.UEM.TOTL.ZS,2011,0.66
THA,SL.UEM.TOTL.ZS,2010,0.622
THA,SL.UEM.TOTL.ZS,2009,1.49
THA,SL.UEM.TOTL.ZS,2008,1.18
THA,SL.UEM.TOTL.ZS,2007,1.18
THA,SL.UEM.TOTL.ZS,2006,1.22
THA,SL.UEM.TOTL.ZS,2005,1.35
THA,SL.UEM.TOTL.ZS,2004,1.51
THA,SL.UEM.TOTL.ZS,2003,1.54
THA,SL.UEM.TOTL.ZS,2002,1.82
THA,SL.UEM.TOTL.ZS,2001,2.6
THA,SL.UEM.TOTL.ZS,2000,2.389
THA,SL.UEM.TOTL.ZS,1999,2.968
THA,SL.UEM.TOTL.ZS,1998,3.404
THA,SL.UEM.TOTL.ZS,1997,0.873
THA,SL.UEM.TOTL.ZS,1996,1.071
THA,SL.UEM.TOTL.ZS,1995,1.1
THA,SL.UEM.TOTL.ZS,1994,1.347
THA,SL.UEM.TOTL.ZS,1993,1.49
THA,SL.UEM.TOTL.ZS,1992,1.35
THA,SL.UEM.TOTL.ZS,1991,2.63
THA,SL.UEM.TOTL.ZS,1990,
THA,SL.UEM.TOTL.ZS,1989,
THA,SL.UEM.TOTL.ZS,1988,
THA,SL.UEM.TOTL.ZS,1987,
THA,SL.UEM.TOTL.ZS,1986,
THA,SL.UEM.TOTL.ZS,1985,
THA,SL.UEM.TOTL.ZS,1984,
THA,SL.UEM.TOTL.ZS,1983,
THA,SL.UEM.TOTL.ZS,1982,
THA,SL.UEM.TOTL.ZS,1981,
THA,SL.UEM.TOTL.ZS,1980,
THA,SL.UEM.TOTL.ZS,1979,
THA,SL.UEM.TOTL.ZS,1978,
THA,SL.UEM.TOTL.ZS,1977,
THA,SL.UEM.TOTL.ZS,1976,
THA,SL.UEM.TOTL.ZS,1975,
THA,SL.UEM.TOTL.ZS,1974,
THA,SL.UEM.TOTL.ZS,1973,
THA,SL.UEM.TOTL.ZS,1972,
THA,SL.UEM.TOTL.ZS,1971,
THA,SL.UEM.TOTL.ZS,1970,
THA,SL.UEM.TOTL.ZS,1969,
THA,SL.UEM.TOTL.ZS,1968,
THA,SL.UEM.TOTL.ZS,1967,
THA,SL.UEM.TOTL.ZS,1966,
THA,SL.UEM.TOTL.ZS,1965,
THA,SL.UEM.TOTL.ZS,1964,
THA,SL.UEM.TOTL.ZS,1963,
THA,SL.UEM.TOTL.ZS,1962,
THA,SL.UEM.TOTL.ZS,1961,
THA,SL.UEM.TOTL.ZS,1960,
TLS,SL.UEM.TOTL.ZS,2024,1.603
TLS,SL.UEM.TOTL.ZS,2023,1.521
TLS,SL.UEM.TOTL.ZS,2022,1.537
TLS,SL.UEM.TOTL.ZS,2021,2.344
TLS,SL.UEM.TOTL.ZS,2020,2.782
TLS,SL.UEM.TOTL.ZS,2019,3.097
TLS,SL.UEM.TOTL.ZS,2018,3.778
TLS,SL.UEM.TOTL.ZS,2017,4.248
TLS,SL.UEM.TOTL.ZS,2016,4.657
TLS,SL.UEM.TOTL.ZS,2015,3.678
TLS,SL.UEM.TOTL.ZS,2014,3.618
TLS,SL.UEM.TOTL.ZS,2013,3.564
TLS,SL.UEM.TOTL.ZS,2012,3.468
TLS,SL.UEM.TOTL.ZS,2011,3.384
TLS,SL.UEM.TOTL.ZS,2010,3.301
TLS,SL.UEM.TOTL.ZS,2009,3.291
TLS,SL.UEM.TOTL.ZS,2008,3.413
TLS,SL.UEM.TOTL.ZS,2007,3.489
TLS,SL.UEM.TOTL.ZS,2006,3.581
TLS,SL.UEM.TOTL.ZS,2005,3.563
TLS,SL.UEM.TOTL.ZS,2004,3.656
TLS,SL.UEM.TOTL.ZS,2003,3.503
TLS,SL.UEM.TOTL.ZS,2002,3.453
TLS,SL.UEM.TOTL.ZS,2001,3.363
TLS,SL.UEM.TOTL.ZS,2000,3.477
TLS,SL.UEM.TOTL.ZS,1999,3.463
TLS,SL.UEM.TOTL.ZS,1998,3.445
TLS,SL.UEM.TOTL.ZS,1997,3.433
TLS,SL.UEM.TOTL.ZS,1996,3.479
TLS,SL.UEM.TOTL.ZS,1995,3.52
TLS,SL.UEM.TOTL.ZS,1994,3.567
TLS,SL.UEM.TOTL.ZS,1993,3.556
TLS,SL.UEM.TOTL.ZS,1992,3.537
TLS,SL.UEM.TOTL.ZS,1991,3.51
TLS,SL.UEM.TOTL.ZS,1990,
TLS,SL.UEM.TOTL.ZS,1989,
TLS,SL.UEM.TOTL.ZS,1988,
TLS,SL.UEM.TOTL.ZS,1987,
TLS,SL.UEM.TOTL.ZS,1986,
TLS,SL.UEM.TOTL.ZS,1985,
TLS,SL.UEM.TOTL.ZS,1984,
TLS,SL.UEM.TOTL.ZS,1983,
TLS,SL.UEM.TOTL.ZS,1982,
TLS,SL.UEM.TOTL.ZS,1981,
TLS,SL.UEM.TOTL.ZS,1980,
TLS,SL.UEM.TOTL.ZS,1979,
TLS,SL.UEM.TOTL.ZS,1978,
TLS,SL.UEM.TOTL.ZS,1977,
TLS,SL.UEM.TOTL.ZS,1976,
TLS,SL.UEM.TOTL.ZS,1975,
TLS,SL.UEM.TOTL.ZS,1974,
TLS,SL.UEM.TOTL.ZS,1973,
TLS,SL.UEM.TOTL.ZS,1972,
TLS,SL.UEM.TOTL.ZS,1971,
TLS,SL.UEM.TOTL.ZS,1970,
TLS,SL.UEM.TOTL.ZS,1969,
TLS,SL.UEM.TOTL.ZS,1968,
TLS,SL.UEM.TOTL.ZS,1967,
TLS,SL.UEM.TOTL.ZS,1966,
TLS,SL.UEM.TOTL.ZS,1965,
TLS,SL.UEM.TOTL.ZS,1964,
TLS,SL.UEM.TOTL.ZS,1963,
TLS,SL.UEM.TOTL.ZS,1962,
TLS,SL.UEM.TOTL.ZS,1961,
TLS,SL.UEM.TOTL.ZS,1960,
TGO,SL.UEM.TOTL.ZS,2024,1.94
TGO,SL.UEM.TOTL.ZS,2023,1.948
TGO,SL.UEM.TOTL.ZS,2022,1.965
TGO,SL.UEM.TOTL.ZS,2021,2.333
TGO,SL.UEM.TOTL.ZS,2020,2.225
TGO,SL.UEM.TOTL.ZS,2019,2.036
TGO,SL.UEM.TOTL.ZS,2018,2.898
TGO,SL.UEM.TOTL.ZS,2017,3.744
TGO,SL.UEM.TOTL.ZS,2016,2.968
TGO,SL.UEM.TOTL.ZS,2015,2.204
TGO,SL.UEM.TOTL.ZS,2014,2.142
TGO,SL.UEM.TOTL.ZS,2013,2.085
TGO,SL.UEM.TOTL.ZS,2012,2.03
TGO,SL.UEM.TOTL.ZS,2011,1.982
TGO,SL.UEM.TOTL.ZS,2010,2.383
TGO,SL.UEM.TOTL.ZS,2009,2.849
TGO,SL.UEM.TOTL.ZS,2008,3.283
TGO,SL.UEM.TOTL.ZS,2007,3.817
TGO,SL.UEM.TOTL.ZS,2006,4.229
TGO,SL.UEM.TOTL.ZS,2005,4.157
TGO,SL.UEM.TOTL.ZS,2004,4.015
TGO,SL.UEM.TOTL.ZS,2003,3.984
TGO,SL.UEM.TOTL.ZS,2002,4.104
TGO,SL.UEM.TOTL.ZS,2001,4.124
TGO,SL.UEM.TOTL.ZS,2000,4.174
TGO,SL.UEM.TOTL.ZS,1999,3.925
TGO,SL.UEM.TOTL.ZS,1998,3.826
TGO,SL.UEM.TOTL.ZS,1997,3.677
TGO,SL.UEM.TOTL.ZS,1996,3.666
TGO,SL.UEM.TOTL.ZS,1995,4.02
TGO,SL.UEM.TOTL.ZS,1994,4.214
TGO,SL.UEM.TOTL.ZS,1993,4.491
TGO,SL.UEM.TOTL.ZS,1992,4.222
TGO,SL.UEM.TOTL.ZS,1991,4.085
TGO,SL.UEM.TOTL.ZS,1990,
TGO,SL.UEM.TOTL.ZS,1989,
TGO,SL.UEM.TOTL.ZS,1988,
TGO,SL.UEM.TOTL.ZS,1987,
TGO,SL.UEM.TOTL.ZS,1986,
TGO,SL.UEM.TOTL.ZS,1985,
TGO,SL.UEM.TOTL.ZS,1984,
TGO,SL.UEM.TOTL.ZS,1983,
TGO,SL.UEM.TOTL.ZS,1982,
TGO,SL.UEM.TOTL.ZS,1981,
TGO,SL.UEM.TOTL.ZS,1980,
TGO,SL.UEM.TOTL.ZS,1979,
TGO,SL.UEM.TOTL.ZS,1978,
TGO,SL.UEM.TOTL.ZS,1977,
TGO,SL.UEM.TOTL.ZS,1976,
TGO,SL.UEM.TOTL.ZS,1975,
TGO,SL.UEM.TOTL.ZS,1974,
TGO,SL.UEM.TOTL.ZS,1973,
TGO,SL.UEM.TOTL.ZS,1972,
TGO,SL.UEM.TOTL.ZS,1971,
TGO,SL.UEM.TOTL.ZS,1970,
TGO,SL.UEM.TOTL.ZS,1969,
TGO,SL.UEM.TOTL.ZS,1968,
TGO,SL.UEM.TOTL.ZS,1967,
TGO,SL.UEM.TOTL.ZS,1966,
TGO,SL.UEM.TOTL.ZS,1965,
TGO,SL.UEM.TOTL.ZS,1964,
TGO,SL.UEM.TOTL.ZS,1963,
TGO,SL.UEM.TOTL.ZS,1962,
TGO,SL.UEM.TOTL.ZS,1961,
TGO,SL.UEM.TOTL.ZS,1960,
TON,SL.UEM.TOTL.ZS,2024,2.192
TON,SL.UEM.TOTL.ZS,2023,2.262
TON,SL.UEM.TOTL.ZS,2022,2.302
TON,SL.UEM.TOTL.ZS,2021,2.111
TON,SL.UEM.TOTL.ZS,2020,2.699
TON,SL.UEM.TOTL.ZS,2019,2.157
TON,SL.UEM.TOTL.ZS,2018,2.248
TON,SL.UEM.TOTL.ZS,2017,2.131
TON,SL.UEM.TOTL.ZS,2016,2.046
TON,SL.UEM.TOTL.ZS,2015,2.024
TON,SL.UEM.TOTL.ZS,2014,1.92
TON,SL.UEM.TOTL.ZS,2013,1.754
TON,SL.UEM.TOTL.ZS,2012,1.643
TON,SL.UEM.TOTL.ZS,2011,1.602
TON,SL.UEM.TOTL.ZS,2010,1.513
TON,SL.UEM.TOTL.ZS,2009,1.407
TON,SL.UEM.TOTL.ZS,2008,1.252
TON,SL.UEM.TOTL.ZS,2007,1.181
TON,SL.UEM.TOTL.ZS,2006,1.09
TON,SL.UEM.TOTL.ZS,2005,2.571
TON,SL.UEM.TOTL.ZS,2004,3.942
TON,SL.UEM.TOTL.ZS,2003,5.18
TON,SL.UEM.TOTL.ZS,2002,4.838
TON,SL.UEM.TOTL.ZS,2001,4.48
TON,SL.UEM.TOTL.ZS,2000,4.12
TON,SL.UEM.TOTL.ZS,1999,3.712
TON,SL.UEM.TOTL.ZS,1998,3.356
TON,SL.UEM.TOTL.ZS,1997,2.857
TON,SL.UEM.TOTL.ZS,1996,2.408
TON,SL.UEM.TOTL.ZS,1995,2.003
TON,SL.UEM.TOTL.ZS,1994,1.705
TON,SL.UEM.TOTL.ZS,1993,1.3
TON,SL.UEM.TOTL.ZS,1992,1.35
TON,SL.UEM.TOTL.ZS,1991,1.349
TON,SL.UEM.TOTL.ZS,1990,
TON,SL.UEM.TOTL.ZS,1989,
TON,SL.UEM.TOTL.ZS,1988,
TON,SL.UEM.TOTL.ZS,1987,
TON,SL.UEM.TOTL.ZS,1986,
TON,SL.UEM.TOTL.ZS,1985,
TON,SL.UEM.TOTL.ZS,1984,
TON,SL.UEM.TOTL.ZS,1983,
TON,SL.UEM.TOTL.ZS,1982,
TON,SL.UEM.TOTL.ZS,1981,
TON,SL.UEM.TOTL.ZS,1980,
TON,SL.UEM.TOTL.ZS,1979,
TON,SL.UEM.TOTL.ZS,1978,
TON,SL.UEM.TOTL.ZS,1977,
TON,SL.UEM.TOTL.ZS,1976,
TON,SL.UEM.TOTL.ZS,1975,
TON,SL.UEM.TOTL.ZS,1974,
TON,SL.UEM.TOTL.ZS,1973,
TON,SL.UEM.TOTL.ZS,1972,
TON,SL.UEM.TOTL.ZS,1971,
TON,SL.UEM.TOTL.ZS,1970,
TON,SL.UEM.TOTL.ZS,1969,
TON,SL.UEM.TOTL.ZS,1968,
TON,SL.UEM.TOTL.ZS,1967,
TON,SL.UEM.TOTL.ZS,1966,
TON,SL.UEM.TOTL.ZS,1965,
TON,SL.UEM.TOTL.ZS,1964,
TON,SL.UEM.TOTL.ZS,1963,
TON,SL.UEM.TOTL.ZS,1962,
TON,SL.UEM.TOTL.ZS,1961,
TON,SL.UEM.TOTL.ZS,1960,
TTO,SL.UEM.TOTL.ZS,2024,4.546
TTO,SL.UEM.TOTL.ZS,2023,4.21
TTO,SL.UEM.TOTL.ZS,2022,4.383
TTO,SL.UEM.TOTL.ZS,2021,4.446
TTO,SL.UEM.TOTL.ZS,2020,4.206
TTO,SL.UEM.TOTL.ZS,2019,3.523
TTO,SL.UEM.TOTL.ZS,2018,3.498
TTO,SL.UEM.TOTL.ZS,2017,3.394
TTO,SL.UEM.TOTL.ZS,2016,3.207
TTO,SL.UEM.TOTL.ZS,2015,2.428
TTO,SL.UEM.TOTL.ZS,2014,2.477
TTO,SL.UEM.TOTL.ZS,2013,2.683
TTO,SL.UEM.TOTL.ZS,2012,3.718
TTO,SL.UEM.TOTL.ZS,2011,3.425
TTO,SL.UEM.TOTL.ZS,2010,4.033
TTO,SL.UEM.TOTL.ZS,2009,5.28
TTO,SL.UEM.TOTL.ZS,2008,4.63
TTO,SL.UEM.TOTL.ZS,2007,5.54
TTO,SL.UEM.TOTL.ZS,2006,6.27
TTO,SL.UEM.TOTL.ZS,2005,7.95
TTO,SL.UEM.TOTL.ZS,2004,8.33
TTO,SL.UEM.TOTL.ZS,2003,10.48
TTO,SL.UEM.TOTL.ZS,2002,10.39
TTO,SL.UEM.TOTL.ZS,2001,10.88
TTO,SL.UEM.TOTL.ZS,2000,12.1
TTO,SL.UEM.TOTL.ZS,1999,13.12
TTO,SL.UEM.TOTL.ZS,1998,14.21
TTO,SL.UEM.TOTL.ZS,1997,15.01
TTO,SL.UEM.TOTL.ZS,1996,16.25
TTO,SL.UEM.TOTL.ZS,1995,17.22
TTO,SL.UEM.TOTL.ZS,1994,18.44
TTO,SL.UEM.TOTL.ZS,1993,19.81
TTO,SL.UEM.TOTL.ZS,1992,19.66
TTO,SL.UEM.TOTL.ZS,1991,18.52
TTO,SL.UEM.TOTL.ZS,1990,
TTO,SL.UEM.TOTL.ZS,1989,
TTO,SL.UEM.TOTL.ZS,1988,
TTO,SL.UEM.TOTL.ZS,1987,
TTO,SL.UEM.TOTL.ZS,1986,
TTO,SL.UEM.TOTL.ZS,1985,
TTO,SL.UEM.TOTL.ZS,1984,
TTO,SL.UEM.TOTL.ZS,1983,
TTO,SL.UEM.TOTL.ZS,1982,
TTO,SL.UEM.TOTL.ZS,1981,
TTO,SL.UEM.TOTL.ZS,1980,
TTO,SL.UEM.TOTL.ZS,1979,
TTO,SL.UEM.TOTL.ZS,1978,
TTO,SL.UEM.TOTL.ZS,1977,
TTO,SL.UEM.TOTL.ZS,1976,
TTO,SL.UEM.TOTL.ZS,1975,
TTO,SL.UEM.TOTL.ZS,1974,
TTO,SL.UEM.TOTL.ZS,1973,
TTO,SL.UEM.TOTL.ZS,1972,
TTO,SL.UEM.TOTL.ZS,1971,
TTO,SL.UEM.TOTL.ZS,1970,
TTO,SL.UEM.TOTL.ZS,1969,
TTO,SL.UEM.TOTL.ZS,1968,
TTO,SL.UEM.TOTL.ZS,1967,
TTO,SL.UEM.TOTL.ZS,1966,
TTO,SL.UEM.TOTL.ZS,1965,
TTO,SL.UEM.TOTL.ZS,1964,
TTO,SL.UEM.TOTL.ZS,1963,
TTO,SL.UEM.TOTL.ZS,1962,
TTO,SL.UEM.TOTL.ZS,1961,
TTO,SL.UEM.TOTL.ZS,1960,
TUN,SL.UEM.TOTL.ZS,2024,16.203
TUN,SL.UEM.TOTL.ZS,2023,15.106
TUN,SL.UEM.TOTL.ZS,2022,15.3
TUN,SL.UEM.TOTL.ZS,2021,16.611
TUN,SL.UEM.TOTL.ZS,2020,17.656
TUN,SL.UEM.TOTL.ZS,2019,17.153
TUN,SL.UEM.TOTL.ZS,2018,15.459
TUN,SL.UEM.TOTL.ZS,2017,15.33
TUN,SL.UEM.TOTL.ZS,2016,15.557
TUN,SL.UEM.TOTL.ZS,2015,15.159
TUN,SL.UEM.TOTL.ZS,2014,14.259
TUN,SL.UEM.TOTL.ZS,2013,15.934
TUN,SL.UEM.TOTL.ZS,2012,17.63
TUN,SL.UEM.TOTL.ZS,2011,18.334
TUN,SL.UEM.TOTL.ZS,2010,13.049
TUN,SL.UEM.TOTL.ZS,2009,13.29
TUN,SL.UEM.TOTL.ZS,2008,12.444
TUN,SL.UEM.TOTL.ZS,2007,12.365
TUN,SL.UEM.TOTL.ZS,2006,12.51
TUN,SL.UEM.TOTL.ZS,2005,12.872
TUN,SL.UEM.TOTL.ZS,2004,14.23
TUN,SL.UEM.TOTL.ZS,2003,14.51
TUN,SL.UEM.TOTL.ZS,2002,14.55
TUN,SL.UEM.TOTL.ZS,2001,14.4
TUN,SL.UEM.TOTL.ZS,2000,14.94
TUN,SL.UEM.TOTL.ZS,1999,15.21
TUN,SL.UEM.TOTL.ZS,1998,15.476
TUN,SL.UEM.TOTL.ZS,1997,15.94
TUN,SL.UEM.TOTL.ZS,1996,16.059
TUN,SL.UEM.TOTL.ZS,1995,16.339
TUN,SL.UEM.TOTL.ZS,1994,16.009
TUN,SL.UEM.TOTL.ZS,1993,15.954
TUN,SL.UEM.TOTL.ZS,1992,15.616
TUN,SL.UEM.TOTL.ZS,1991,15.946
TUN,SL.UEM.TOTL.ZS,1990,
TUN,SL.UEM.TOTL.ZS,1989,
TUN,SL.UEM.TOTL.ZS,1988,
TUN,SL.UEM.TOTL.ZS,1987,
TUN,SL.UEM.TOTL.ZS,1986,
TUN,SL.UEM.TOTL.ZS,1985,
TUN,SL.UEM.TOTL.ZS,1984,
TUN,SL.UEM.TOTL.ZS,1983,
TUN,SL.UEM.TOTL.ZS,1982,
TUN,SL.UEM.TOTL.ZS,1981,
TUN,SL.UEM.TOTL.ZS,1980,
TUN,SL.UEM.TOTL.ZS,1979,
TUN,SL.UEM.TOTL.ZS,1978,
TUN,SL.UEM.TOTL.ZS,1977,
TUN,SL.UEM.TOTL.ZS,1976,
TUN,SL.UEM.TOTL.ZS,1975,
TUN,SL.UEM.TOTL.ZS,1974,
TUN,SL.UEM.TOTL.ZS,1973,
TUN,SL.UEM.TOTL.ZS,1972,
TUN,SL.UEM.TOTL.ZS,1971,
TUN,SL.UEM.TOTL.ZS,1970,
TUN,SL.UEM.TOTL.ZS,1969,
TUN,SL.UEM.TOTL.ZS,1968,
TUN,SL.UEM.TOTL.ZS,1967,
TUN,SL.UEM.TOTL.ZS,1966,
TUN,SL.UEM.TOTL.ZS,1965,
TUN,SL.UEM.TOTL.ZS,1964,
TUN,SL.UEM.TOTL.ZS,1963,
TUN,SL.UEM.TOTL.ZS,1962,
TUN,SL.UEM.TOTL.ZS,1961,
TUN,SL.UEM.TOTL.ZS,1960,
TUR,SL.UEM.TOTL.ZS,2024,8.449
TUR,SL.UEM.TOTL.ZS,2023,9.388
TUR,SL.UEM.TOTL.ZS,2022,10.465
TUR,SL.UEM.TOTL.ZS,2021,11.969
TUR,SL.UEM.TOTL.ZS,2020,13.148
TUR,SL.UEM.TOTL.ZS,2019,13.73
TUR,SL.UEM.TOTL.ZS,2018,10.956
TUR,SL.UEM.TOTL.ZS,2017,10.919
TUR,SL.UEM.TOTL.ZS,2016,10.899
TUR,SL.UEM.TOTL.ZS,2015,10.304
TUR,SL.UEM.TOTL.ZS,2014,9.901
TUR,SL.UEM.TOTL.ZS,2013,9.713
TUR,SL.UEM.TOTL.ZS,2012,9.21
TUR,SL.UEM.TOTL.ZS,2011,9.789
TUR,SL.UEM.TOTL.ZS,2010,11.879
TUR,SL.UEM.TOTL.ZS,2009,14.026
TUR,SL.UEM.TOTL.ZS,2008,10.965
TUR,SL.UEM.TOTL.ZS,2007,10.285
TUR,SL.UEM.TOTL.ZS,2006,10.227
TUR,SL.UEM.TOTL.ZS,2005,10.636
TUR,SL.UEM.TOTL.ZS,2004,10.838
TUR,SL.UEM.TOTL.ZS,2003,10.542
TUR,SL.UEM.TOTL.ZS,2002,10.358
TUR,SL.UEM.TOTL.ZS,2001,8.381
TUR,SL.UEM.TOTL.ZS,2000,6.495
TUR,SL.UEM.TOTL.ZS,1999,7.687
TUR,SL.UEM.TOTL.ZS,1998,6.888
TUR,SL.UEM.TOTL.ZS,1997,6.841
TUR,SL.UEM.TOTL.ZS,1996,6.629
TUR,SL.UEM.TOTL.ZS,1995,7.644
TUR,SL.UEM.TOTL.ZS,1994,8.577
TUR,SL.UEM.TOTL.ZS,1993,8.962
TUR,SL.UEM.TOTL.ZS,1992,8.509
TUR,SL.UEM.TOTL.ZS,1991,8.21
TUR,SL.UEM.TOTL.ZS,1990,
TUR,SL.UEM.TOTL.ZS,1989,
TUR,SL.UEM.TOTL.ZS,1988,
TUR,SL.UEM.TOTL.ZS,1987,
TUR,SL.UEM.TOTL.ZS,1986,
TUR,SL.UEM.TOTL.ZS,1985,
TUR,SL.UEM.TOTL.ZS,1984,
TUR,SL.UEM.TOTL.ZS,1983,
TUR,SL.UEM.TOTL.ZS,1982,
TUR,SL.UEM.TOTL.ZS,1981,
TUR,SL.UEM.TOTL.ZS,1980,
TUR,SL.UEM.TOTL.ZS,1979,
TUR,SL.UEM.TOTL.ZS,1978,
TUR,SL.UEM.TOTL.ZS,1977,
TUR,SL.UEM.TOTL.ZS,1976,
TUR,SL.UEM.TOTL.ZS,1975,
TUR,SL.UEM.TOTL.ZS,1974,
TUR,SL.UEM.TOTL.ZS,1973,
TUR,SL.UEM.TOTL.ZS,1972,
TUR,SL.UEM.TOTL.ZS,1971,
TUR,SL.UEM.TOTL.ZS,1970,
TUR,SL.UEM.TOTL.ZS,1969,
TUR,SL.UEM.TOTL.ZS,1968,
TUR,SL.UEM.TOTL.ZS,1967,
TUR,SL.UEM.TOTL.ZS,1966,
TUR,SL.UEM.TOTL.ZS,1965,
TUR,SL.UEM.TOTL.ZS,1964,
TUR,SL.UEM.TOTL.ZS,1963,
TUR,SL.UEM.TOTL.ZS,1962,
TUR,SL.UEM.TOTL.ZS,1961,
TUR,SL.UEM.TOTL.ZS,1960,
TKM,SL.UEM.TOTL.ZS,2024,4.304
TKM,SL.UEM.TOTL.ZS,2023,4.099
TKM,SL.UEM.TOTL.ZS,2022,4.109
TKM,SL.UEM.TOTL.ZS,2021,4.459
TKM,SL.UEM.TOTL.ZS,2020,4.501
TKM,SL.UEM.TOTL.ZS,2019,4.043
TKM,SL.UEM.TOTL.ZS,2018,4.044
TKM,SL.UEM.TOTL.ZS,2017,4.044
TKM,SL.UEM.TOTL.ZS,2016,4.031
TKM,SL.UEM.TOTL.ZS,2015,4.016
TKM,SL.UEM.TOTL.ZS,2014,4.0
TKM,SL.UEM.TOTL.ZS,2013,3.983
TKM,SL.UEM.TOTL.ZS,2012,3.986
TKM,SL.UEM.TOTL.ZS,2011,4.002
TKM,SL.UEM.TOTL.ZS,2010,4.0
TKM,SL.UEM.TOTL.ZS,2009,4.0
TKM,SL.UEM.TOTL.ZS,2008,4.835
TKM,SL.UEM.TOTL.ZS,2007,5.694
TKM,SL.UEM.TOTL.ZS,2006,6.58
TKM,SL.UEM.TOTL.ZS,2005,7.485
TKM,SL.UEM.TOTL.ZS,2004,8.44
TKM,SL.UEM.TOTL.ZS,2003,9.311
TKM,SL.UEM.TOTL.ZS,2002,10.153
TKM,SL.UEM.TOTL.ZS,2001,10.851
TKM,SL.UEM.TOTL.ZS,2000,11.666
TKM,SL.UEM.TOTL.ZS,1999,12.7
TKM,SL.UEM.TOTL.ZS,1998,12.2
TKM,SL.UEM.TOTL.ZS,1997,11.0
TKM,SL.UEM.TOTL.ZS,1996,10.3
TKM,SL.UEM.TOTL.ZS,1995,8.3
TKM,SL.UEM.TOTL.ZS,1994,4.7
TKM,SL.UEM.TOTL.ZS,1993,1.5
TKM,SL.UEM.TOTL.ZS,1992,1.5
TKM,SL.UEM.TOTL.ZS,1991,1.4
TKM,SL.UEM.TOTL.ZS,1990,
TKM,SL.UEM.TOTL.ZS,1989,
TKM,SL.UEM.TOTL.ZS,1988,
TKM,SL.UEM.TOTL.ZS,1987,
TKM,SL.UEM.TOTL.ZS,1986,
TKM,SL.UEM.TOTL.ZS,1985,
TKM,SL.UEM.TOTL.ZS,1984,
TKM,SL.UEM.TOTL.ZS,1983,
TKM,SL.UEM.TOTL.ZS,1982,
TKM,SL.UEM.TOTL.ZS,1981,
TKM,SL.UEM.TOTL.ZS,1980,
TKM,SL.UEM.TOTL.ZS,1979,
TKM,SL.UEM.TOTL.ZS,1978,
TKM,SL.UEM.TOTL.ZS,1977,
TKM,SL.UEM.TOTL.ZS,1976,
TKM,SL.UEM.TOTL.ZS,1975,
TKM,SL.UEM.TOTL.ZS,1974,
TKM,SL.UEM.TOTL.ZS,1973,
TKM,SL.UEM.TOTL.ZS,1972,
TKM,SL.UEM.TOTL.ZS,1971,
TKM,SL.UEM.TOTL.ZS,1970,
TKM,SL.UEM.TOTL.ZS,1969,
TKM,SL.UEM.TOTL.ZS,1968,
TKM,SL.UEM.TOTL.ZS,1967,
TKM,SL.UEM.TOTL.ZS,1966,
TKM,SL.UEM.TOTL.ZS,1965,
TKM,SL.UEM.TOTL.ZS,1964,
TKM,SL.UEM.TOTL.ZS,1963,
TKM,SL.UEM.TOTL.ZS,1962,
TKM,SL.UEM.TOTL.ZS,1961,
TKM,SL.UEM.TOTL.ZS,1960,
TCA,SL.UEM.TOTL.ZS,2024,
TCA,SL.UEM.TOTL.ZS,2023,
TCA,SL.UEM.TOTL.ZS,2022,
TCA,SL.UEM.TOTL.ZS,2021,
TCA,SL.UEM.TOTL.ZS,2020,
TCA,SL.UEM.TOTL.ZS,2019,
TCA,SL.UEM.TOTL.ZS,2018,
TCA,SL.UEM.TOTL.ZS,2017,
TCA,SL.UEM.TOTL.ZS,2016,
TCA,SL.UEM.TOTL.ZS,2015,
TCA,SL.UEM.TOTL.ZS,2014,
TCA,SL.UEM.TOTL.ZS,2013,
TCA,SL.UEM.TOTL.ZS,2012,
TCA,SL.UEM.TOTL.ZS,2011,
TCA,SL.UEM.TOTL.ZS,2010,
TCA,SL.UEM.TOTL.ZS,2009,
TCA,SL.UEM.TOTL.ZS,2008,
TCA,SL.UEM.TOTL.ZS,2007,
TCA,SL.UEM.TOTL.ZS,2006,
TCA,SL.UEM.TOTL.ZS,2005,
TCA,SL.UEM.TOTL.ZS,2004,
TCA,SL.UEM.TOTL.ZS,2003,
TCA,SL.UEM.TOTL.ZS,2002,
TCA,SL.UEM.TOTL.ZS,2001,
TCA,SL.UEM.TOTL.ZS,2000,
TCA,SL.UEM.TOTL.ZS,1999,
TCA,SL.UEM.TOTL.ZS,1998,
TCA,SL.UEM.TOTL.ZS,1997,
TCA,SL.UEM.TOTL.ZS,1996,
TCA,SL.UEM.TOTL.ZS,1995,
TCA,SL.UEM.TOTL.ZS,1994,
TCA,SL.UEM.TOTL.ZS,1993,
TCA,SL.UEM.TOTL.ZS,1992,
TCA,SL.UEM.TOTL.ZS,1991,
TCA,SL.UEM.TOTL.ZS,1990,
TCA,SL.UEM.TOTL.ZS,1989,
TCA,SL.UEM.TOTL.ZS,1988,
TCA,SL.UEM.TOTL.ZS,1987,
TCA,SL.UEM.TOTL.ZS,1986,
TCA,SL.UEM.TOTL.ZS,1985,
TCA,SL.UEM.TOTL.ZS,1984,
TCA,SL.UEM.TOTL.ZS,1983,
TCA,SL.UEM.TOTL.ZS,1982,
TCA,SL.UEM.TOTL.ZS,1981,
TCA,SL.UEM.TOTL.ZS,1980,
TCA,SL.UEM.TOTL.ZS,1979,
TCA,SL.UEM.TOTL.ZS,1978,
TCA,SL.UEM.TOTL.ZS,1977,
TCA,SL.UEM.TOTL.ZS,1976,
TCA,SL.UEM.TOTL.ZS,1975,
TCA,SL.UEM.TOTL.ZS,1974,
TCA,SL.UEM.TOTL.ZS,1973,
TCA,SL.UEM.TOTL.ZS,1972,
TCA,SL.UEM.TOTL.ZS,1971,
TCA,SL.UEM.TOTL.ZS,1970,
TCA,SL.UEM.TOTL.ZS,1969,
TCA,SL.UEM.TOTL.ZS,1968,
TCA,SL.UEM.TOTL.ZS,1967,
TCA,SL.UEM.TOTL.ZS,1966,
TCA,SL.UEM.TOTL.ZS,1965,
TCA,SL.UEM.TOTL.ZS,1964,
TCA,SL.UEM.TOTL.ZS,1963,
TCA,SL.UEM.TOTL.ZS,1962,
TCA,SL.UEM.TOTL.ZS,1961,
TCA,SL.UEM.TOTL.ZS,1960,
TUV,SL.UEM.TOTL.ZS,2024,
TUV,SL.UEM.TOTL.ZS,2023,
TUV,SL.UEM.TOTL.ZS,2022,
TUV,SL.UEM.TOTL.ZS,2021,
TUV,SL.UEM.TOTL.ZS,2020,
TUV,SL.UEM.TOTL.ZS,2019,
TUV,SL.UEM.TOTL.ZS,2018,
TUV,SL.UEM.TOTL.ZS,2017,
TUV,SL.UEM.TOTL.ZS,2016,
TUV,SL.UEM.TOTL.ZS,2015,
TUV,SL.UEM.TOTL.ZS,2014,
TUV,SL.UEM.TOTL.ZS,2013,
TUV,SL.UEM.TOTL.ZS,2012,
TUV,SL.UEM.TOTL.ZS,2011,
TUV,SL.UEM.TOTL.ZS,2010,
TUV,SL.UEM.TOTL.ZS,2009,
TUV,SL.UEM.TOTL.ZS,2008,
TUV,SL.UEM.TOTL.ZS,2007,
TUV,SL.UEM.TOTL.ZS,2006,
TUV,SL.UEM.TOTL.ZS,2005,
TUV,SL.UEM.TOTL.ZS,2004,
TUV,SL.UEM.TOTL.ZS,2003,
TUV,SL.UEM.TOTL.ZS,2002,
TUV,SL.UEM.TOTL.ZS,2001,
TUV,SL.UEM.TOTL.ZS,2000,
TUV,SL.UEM.TOTL.ZS,1999,
TUV,SL.UEM.TOTL.ZS,1998,
TUV,SL.UEM.TOTL.ZS,1997,
TUV,SL.UEM.TOTL.ZS,1996,
TUV,SL.UEM.TOTL.ZS,1995,
TUV,SL.UEM.TOTL.ZS,1994,
TUV,SL.UEM.TOTL.ZS,1993,
TUV,SL.UEM.TOTL.ZS,1992,
TUV,SL.UEM.TOTL.ZS,1991,
TUV,SL.UEM.TOTL.ZS,1990,
TUV,SL.UEM.TOTL.ZS,1989,
TUV,SL.UEM.TOTL.ZS,1988,
TUV,SL.UEM.TOTL.ZS,1987,
TUV,SL.UEM.TOTL.ZS,1986,
TUV,SL.UEM.TOTL.ZS,1985,
TUV,SL.UEM.TOTL.ZS,1984,
TUV,SL.UEM.TOTL.ZS,1983,
TUV,SL.UEM.TOTL.ZS,1982,
TUV,SL.UEM.TOTL.ZS,1981,
TUV,SL.UEM.TOTL.ZS,1980,
TUV,SL.UEM.TOTL.ZS,1979,
TUV,SL.UEM.TOTL.ZS,1978,
TUV,SL.UEM.TOTL.ZS,1977,
TUV,SL.UEM.TOTL.ZS,1976,
TUV,SL.UEM.TOTL.ZS,1975,
TUV,SL.UEM.TOTL.ZS,1974,
TUV,SL.UEM.TOTL.ZS,1973,
TUV,SL.UEM.TOTL.ZS,1972,
TUV,SL.UEM.TOTL.ZS,1971,
TUV,SL.UEM.TOTL.ZS,1970,
TUV,SL.UEM.TOTL.ZS,1969,
TUV,SL.UEM.TOTL.ZS,1968,
TUV,SL.UEM.TOTL.ZS,1967,
TUV,SL.UEM.TOTL.ZS,1966,
TUV,SL.UEM.TOTL.ZS,1965,
TUV,SL.UEM.TOTL.ZS,1964,
TUV,SL.UEM.TOTL.ZS,1963,
TUV,SL.UEM.TOTL.ZS,1962,
TUV,SL.UEM.TOTL.ZS,1961,
TUV,SL.UEM.TOTL.ZS,1960,
UGA,SL.UEM.TOTL.ZS,2024,2.941
UGA,SL.UEM.TOTL.ZS,2023,2.787
UGA,SL.UEM.TOTL.ZS,2022,2.886
UGA,SL.UEM.TOTL.ZS,2021,3.422
UGA,SL.UEM.TOTL.ZS,2020,3.831
UGA,SL.UEM.TOTL.ZS,2019,3.06
UGA,SL.UEM.TOTL.ZS,2018,3.25
UGA,SL.UEM.TOTL.ZS,2017,3.428
UGA,SL.UEM.TOTL.ZS,2016,3.008
UGA,SL.UEM.TOTL.ZS,2015,2.679
UGA,SL.UEM.TOTL.ZS,2014,2.348
UGA,SL.UEM.TOTL.ZS,2013,1.91
UGA,SL.UEM.TOTL.ZS,2012,3.551
UGA,SL.UEM.TOTL.ZS,2011,3.528
UGA,SL.UEM.TOTL.ZS,2010,3.619
UGA,SL.UEM.TOTL.ZS,2009,3.6
UGA,SL.UEM.TOTL.ZS,2008,3.052
UGA,SL.UEM.TOTL.ZS,2007,2.677
UGA,SL.UEM.TOTL.ZS,2006,2.272
UGA,SL.UEM.TOTL.ZS,2005,1.9
UGA,SL.UEM.TOTL.ZS,2004,2.705
UGA,SL.UEM.TOTL.ZS,2003,3.6
UGA,SL.UEM.TOTL.ZS,2002,3.5
UGA,SL.UEM.TOTL.ZS,2001,3.52
UGA,SL.UEM.TOTL.ZS,2000,3.529
UGA,SL.UEM.TOTL.ZS,1999,3.468
UGA,SL.UEM.TOTL.ZS,1998,3.437
UGA,SL.UEM.TOTL.ZS,1997,3.247
UGA,SL.UEM.TOTL.ZS,1996,3.213
UGA,SL.UEM.TOTL.ZS,1995,3.235
UGA,SL.UEM.TOTL.ZS,1994,3.471
UGA,SL.UEM.TOTL.ZS,1993,3.497
UGA,SL.UEM.TOTL.ZS,1992,3.556
UGA,SL.UEM.TOTL.ZS,1991,3.464
UGA,SL.UEM.TOTL.ZS,1990,
UGA,SL.UEM.TOTL.ZS,1989,
UGA,SL.UEM.TOTL.ZS,1988,
UGA,SL.UEM.TOTL.ZS,1987,
UGA,SL.UEM.TOTL.ZS,1986,
UGA,SL.UEM.TOTL.ZS,1985,
UGA,SL.UEM.TOTL.ZS,1984,
UGA,SL.UEM.TOTL.ZS,1983,
UGA,SL.UEM.TOTL.ZS,1982,
UGA,SL.UEM.TOTL.ZS,1981,
UGA,SL.UEM.TOTL.ZS,1980,
UGA,SL.UEM.TOTL.ZS,1979,
UGA,SL.UEM.TOTL.ZS,1978,
UGA,SL.UEM.TOTL.ZS,1977,
UGA,SL.UEM.TOTL.ZS,1976,
UGA,SL.UEM.TOTL.ZS,1975,
UGA,SL.UEM.TOTL.ZS,1974,
UGA,SL.UEM.TOTL.ZS,1973,
UGA,SL.UEM.TOTL.ZS,1972,
UGA,SL.UEM.TOTL.ZS,1971,
UGA,SL.UEM.TOTL.ZS,1970,
UGA,SL.UEM.TOTL.ZS,1969,
UGA,SL.UEM.TOTL.ZS,1968,
UGA,SL.UEM.TOTL.ZS,1967,
UGA,SL.UEM.TOTL.ZS,1966,
UGA,SL.UEM.TOTL.ZS,1965,
UGA,SL.UEM.TOTL.ZS,1964,
UGA,SL.UEM.TOTL.ZS,1963,
UGA,SL.UEM.TOTL.ZS,1962,
UGA,SL.UEM.TOTL.ZS,1961,
UGA,SL.UEM.TOTL.ZS,1960,
UKR,SL.UEM.TOTL.ZS,2024,
UKR,SL.UEM.TOTL.ZS,2023,
UKR,SL.UEM.TOTL.ZS,2022,
UKR,SL.UEM.TOTL.ZS,2021,9.834
UKR,SL.UEM.TOTL.ZS,2020,9.475
UKR,SL.UEM.TOTL.ZS,2019,8.194
UKR,SL.UEM.TOTL.ZS,2018,8.799
UKR,SL.UEM.TOTL.ZS,2017,9.5
UKR,SL.UEM.TOTL.ZS,2016,9.35
UKR,SL.UEM.TOTL.ZS,2015,9.14
UKR,SL.UEM.TOTL.ZS,2014,9.27
UKR,SL.UEM.TOTL.ZS,2013,7.17
UKR,SL.UEM.TOTL.ZS,2012,7.529
UKR,SL.UEM.TOTL.ZS,2011,7.851
UKR,SL.UEM.TOTL.ZS,2010,8.1
UKR,SL.UEM.TOTL.ZS,2009,8.84
UKR,SL.UEM.TOTL.ZS,2008,6.363
UKR,SL.UEM.TOTL.ZS,2007,6.351
UKR,SL.UEM.TOTL.ZS,2006,6.81
UKR,SL.UEM.TOTL.ZS,2005,7.18
UKR,SL.UEM.TOTL.ZS,2004,8.59
UKR,SL.UEM.TOTL.ZS,2003,9.057
UKR,SL.UEM.TOTL.ZS,2002,10.136
UKR,SL.UEM.TOTL.ZS,2001,11.061
UKR,SL.UEM.TOTL.ZS,2000,11.707
UKR,SL.UEM.TOTL.ZS,1999,11.864
UKR,SL.UEM.TOTL.ZS,1998,11.32
UKR,SL.UEM.TOTL.ZS,1997,8.93
UKR,SL.UEM.TOTL.ZS,1996,7.65
UKR,SL.UEM.TOTL.ZS,1995,5.62
UKR,SL.UEM.TOTL.ZS,1994,2.0
UKR,SL.UEM.TOTL.ZS,1993,2.0
UKR,SL.UEM.TOTL.ZS,1992,1.9
UKR,SL.UEM.TOTL.ZS,1991,1.9
UKR,SL.UEM.TOTL.ZS,1990,
UKR,SL.UEM.TOTL.ZS,1989,
UKR,SL.UEM.TOTL.ZS,1988,
UKR,SL.UEM.TOTL.ZS,1987,
UKR,SL.UEM.TOTL.ZS,1986,
UKR,SL.UEM.TOTL.ZS,1985,
UKR,SL.UEM.TOTL.ZS,1984,
UKR,SL.UEM.TOTL.ZS,1983,
UKR,SL.UEM.TOTL.ZS,1982,
UKR,SL.UEM.TOTL.ZS,1981,
UKR,SL.UEM.TOTL.ZS,1980,
UKR,SL.UEM.TOTL.ZS,1979,
UKR,SL.UEM.TOTL.ZS,1978,
UKR,SL.UEM.TOTL.ZS,1977,
UKR,SL.UEM.TOTL.ZS,1976,
UKR,SL.UEM.TOTL.ZS,1975,
UKR,SL.UEM.TOTL.ZS,1974,
UKR,SL.UEM.TOTL.ZS,1973,
UKR,SL.UEM.TOTL.ZS,1972,
UKR,SL.UEM.TOTL.ZS,1971,
UKR,SL.UEM.TOTL.ZS,1970,
UKR,SL.UEM.TOTL.ZS,1969,
UKR,SL.UEM.TOTL.ZS,1968,
UKR,SL.UEM.TOTL.ZS,1967,
UKR,SL.UEM.TOTL.ZS,1966,
UKR,SL.UEM.TOTL.ZS,1965,
UKR,SL.UEM.TOTL.ZS,1964,
UKR,SL.UEM.TOTL.ZS,1963,
UKR,SL.UEM.TOTL.ZS,1962,
UKR,SL.UEM.TOTL.ZS,1961,
UKR,SL.UEM.TOTL.ZS,1960,
ARE,SL.UEM.TOTL.ZS,2024,2.133
ARE,SL.UEM.TOTL.ZS,2023,2.151
ARE,SL.UEM.TOTL.ZS,2022,2.872
ARE,SL.UEM.TOTL.ZS,2021,3.105
ARE,SL.UEM.TOTL.ZS,2020,4.294
ARE,SL.UEM.TOTL.ZS,2019,2.331
ARE,SL.UEM.TOTL.ZS,2018,2.236
ARE,SL.UEM.TOTL.ZS,2017,2.462
ARE,SL.UEM.TOTL.ZS,2016,1.64
ARE,SL.UEM.TOTL.ZS,2015,1.793
ARE,SL.UEM.TOTL.ZS,2014,2.002
ARE,SL.UEM.TOTL.ZS,2013,2.126
ARE,SL.UEM.TOTL.ZS,2012,2.327
ARE,SL.UEM.TOTL.ZS,2011,2.596
ARE,SL.UEM.TOTL.ZS,2010,2.811
ARE,SL.UEM.TOTL.ZS,2009,2.944
ARE,SL.UEM.TOTL.ZS,2008,2.821
ARE,SL.UEM.TOTL.ZS,2007,2.936
ARE,SL.UEM.TOTL.ZS,2006,2.963
ARE,SL.UEM.TOTL.ZS,2005,3.12
ARE,SL.UEM.TOTL.ZS,2004,2.965
ARE,SL.UEM.TOTL.ZS,2003,2.908
ARE,SL.UEM.TOTL.ZS,2002,2.661
ARE,SL.UEM.TOTL.ZS,2001,2.444
ARE,SL.UEM.TOTL.ZS,2000,2.25
ARE,SL.UEM.TOTL.ZS,1999,2.197
ARE,SL.UEM.TOTL.ZS,1998,2.068
ARE,SL.UEM.TOTL.ZS,1997,1.904
ARE,SL.UEM.TOTL.ZS,1996,1.834
ARE,SL.UEM.TOTL.ZS,1995,1.8
ARE,SL.UEM.TOTL.ZS,1994,1.836
ARE,SL.UEM.TOTL.ZS,1993,1.905
ARE,SL.UEM.TOTL.ZS,1992,1.713
ARE,SL.UEM.TOTL.ZS,1991,1.625
ARE,SL.UEM.TOTL.ZS,1990,
ARE,SL.UEM.TOTL.ZS,1989,
ARE,SL.UEM.TOTL.ZS,1988,
ARE,SL.UEM.TOTL.ZS,1987,
ARE,SL.UEM.TOTL.ZS,1986,
ARE,SL.UEM.TOTL.ZS,1985,
ARE,SL.UEM.TOTL.ZS,1984,
ARE,SL.UEM.TOTL.ZS,1983,
ARE,SL.UEM.TOTL.ZS,1982,
ARE,SL.UEM.TOTL.ZS,1981,
ARE,SL.UEM.TOTL.ZS,1980,
ARE,SL.UEM.TOTL.ZS,1979,
ARE,SL.UEM.TOTL.ZS,1978,
ARE,SL.UEM.TOTL.ZS,1977,
ARE,SL.UEM.TOTL.ZS,1976,
ARE,SL.UEM.TOTL.ZS,1975,
ARE,SL.UEM.TOTL.ZS,1974,
ARE,SL.UEM.TOTL.ZS,1973,
ARE,SL.UEM.TOTL.ZS,1972,
ARE,SL.UEM.TOTL.ZS,1971,
ARE,SL.UEM.TOTL.ZS,1970,
ARE,SL.UEM.TOTL.ZS,1969,
ARE,SL.UEM.TOTL.ZS,1968,
ARE,SL.UEM.TOTL.ZS,1967,
ARE,SL.UEM.TOTL.ZS,1966,
ARE,SL.UEM.TOTL.ZS,1965,
ARE,SL.UEM.TOTL.ZS,1964,
ARE,SL.UEM.TOTL.ZS,1963,
ARE,SL.UEM.TOTL.ZS,1962,
ARE,SL.UEM.TOTL.ZS,1961,
ARE,SL.UEM.TOTL.ZS,1960,
GBR,SL.UEM.TOTL.ZS,2024,4.111
GBR,SL.UEM.TOTL.ZS,2023,3.984
GBR,SL.UEM.TOTL.ZS,2022,3.73
GBR,SL.UEM.TOTL.ZS,2021,4.826
GBR,SL.UEM.TOTL.ZS,2020,4.472
GBR,SL.UEM.TOTL.ZS,2019,3.613
GBR,SL.UEM.TOTL.ZS,2018,4.12
GBR,SL.UEM.TOTL.ZS,2017,4.452
GBR,SL.UEM.TOTL.ZS,2016,4.867
GBR,SL.UEM.TOTL.ZS,2015,5.517
GBR,SL.UEM.TOTL.ZS,2014,6.363
GBR,SL.UEM.TOTL.ZS,2013,7.704
GBR,SL.UEM.TOTL.ZS,2012,8.25
GBR,SL.UEM.TOTL.ZS,2011,8.169
GBR,SL.UEM.TOTL.ZS,2010,7.924
GBR,SL.UEM.TOTL.ZS,2009,7.627
GBR,SL.UEM.TOTL.ZS,2008,5.705
GBR,SL.UEM.TOTL.ZS,2007,5.342
GBR,SL.UEM.TOTL.ZS,2006,5.411
GBR,SL.UEM.TOTL.ZS,2005,4.835
GBR,SL.UEM.TOTL.ZS,2004,4.594
GBR,SL.UEM.TOTL.ZS,2003,4.807
GBR,SL.UEM.TOTL.ZS,2002,5.037
GBR,SL.UEM.TOTL.ZS,2001,4.696
GBR,SL.UEM.TOTL.ZS,2000,5.558
GBR,SL.UEM.TOTL.ZS,1999,6.042
GBR,SL.UEM.TOTL.ZS,1998,6.198
GBR,SL.UEM.TOTL.ZS,1997,7.072
GBR,SL.UEM.TOTL.ZS,1996,8.189
GBR,SL.UEM.TOTL.ZS,1995,8.694
GBR,SL.UEM.TOTL.ZS,1994,9.648
GBR,SL.UEM.TOTL.ZS,1993,10.346
GBR,SL.UEM.TOTL.ZS,1992,9.772
GBR,SL.UEM.TOTL.ZS,1991,8.55
GBR,SL.UEM.TOTL.ZS,1990,
GBR,SL.UEM.TOTL.ZS,1989,
GBR,SL.UEM.TOTL.ZS,1988,
GBR,SL.UEM.TOTL.ZS,1987,
GBR,SL.UEM.TOTL.ZS,1986,
GBR,SL.UEM.TOTL.ZS,1985,
GBR,SL.UEM.TOTL.ZS,1984,
GBR,SL.UEM.TOTL.ZS,1983,
GBR,SL.UEM.TOTL.ZS,1982,
GBR,SL.UEM.TOTL.ZS,1981,
GBR,SL.UEM.TOTL.ZS,1980,
GBR,SL.UEM.TOTL.ZS,1979,
GBR,SL.UEM.TOTL.ZS,1978,
GBR,SL.UEM.TOTL.ZS,1977,
GBR,SL.UEM.TOTL.ZS,1976,
GBR,SL.UEM.TOTL.ZS,1975,
GBR,SL.UEM.TOTL.ZS,1974,
GBR,SL.UEM.TOTL.ZS,1973,
GBR,SL.UEM.TOTL.ZS,1972,
GBR,SL.UEM.TOTL.ZS,1971,
GBR,SL.UEM.TOTL.ZS,1970,
GBR,SL.UEM.TOTL.ZS,1969,
GBR,SL.UEM.TOTL.ZS,1968,
GBR,SL.UEM.TOTL.ZS,1967,
GBR,SL.UEM.TOTL.ZS,1966,
GBR,SL.UEM.TOTL.ZS,1965,
GBR,SL.UEM.TOTL.ZS,1964,
GBR,SL.UEM.TOTL.ZS,1963,
GBR,SL.UEM.TOTL.ZS,1962,
GBR,SL.UEM.TOTL.ZS,1961,
GBR,SL.UEM.TOTL.ZS,1960,
USA,SL.UEM.TOTL.ZS,2024,4.106
USA,SL.UEM.TOTL.ZS,2023,3.638
USA,SL.UEM.TOTL.ZS,2022,3.65
USA,SL.UEM.TOTL.ZS,2021,5.349
USA,SL.UEM.TOTL.ZS,2020,8.055
USA,SL.UEM.TOTL.ZS,2019,3.669
USA,SL.UEM.TOTL.ZS,2018,3.896
USA,SL.UEM.TOTL.ZS,2017,4.355
USA,SL.UEM.TOTL.ZS,2016,4.869
USA,SL.UEM.TOTL.ZS,2015,5.28
USA,SL.UEM.TOTL.ZS,2014,6.168
USA,SL.UEM.TOTL.ZS,2013,7.375
USA,SL.UEM.TOTL.ZS,2012,8.069
USA,SL.UEM.TOTL.ZS,2011,8.949
USA,SL.UEM.TOTL.ZS,2010,9.633
USA,SL.UEM.TOTL.ZS,2009,9.254
USA,SL.UEM.TOTL.ZS,2008,5.784
USA,SL.UEM.TOTL.ZS,2007,4.622
USA,SL.UEM.TOTL.ZS,2006,4.623
USA,SL.UEM.TOTL.ZS,2005,5.084
USA,SL.UEM.TOTL.ZS,2004,5.529
USA,SL.UEM.TOTL.ZS,2003,5.989
USA,SL.UEM.TOTL.ZS,2002,5.783
USA,SL.UEM.TOTL.ZS,2001,4.731
USA,SL.UEM.TOTL.ZS,2000,3.992
USA,SL.UEM.TOTL.ZS,1999,4.219
USA,SL.UEM.TOTL.ZS,1998,4.511
USA,SL.UEM.TOTL.ZS,1997,5.0
USA,SL.UEM.TOTL.ZS,1996,5.451
USA,SL.UEM.TOTL.ZS,1995,5.65
USA,SL.UEM.TOTL.ZS,1994,6.119
USA,SL.UEM.TOTL.ZS,1993,6.9
USA,SL.UEM.TOTL.ZS,1992,7.5
USA,SL.UEM.TOTL.ZS,1991,6.8
USA,SL.UEM.TOTL.ZS,1990,
USA,SL.UEM.TOTL.ZS,1989,
USA,SL.UEM.TOTL.ZS,1988,
USA,SL.UEM.TOTL.ZS,1987,
USA,SL.UEM.TOTL.ZS,1986,
USA,SL.UEM.TOTL.ZS,1985,
USA,SL.UEM.TOTL.ZS,1984,
USA,SL.UEM.TOTL.ZS,1983,
USA,SL.UEM.TOTL.ZS,1982,
USA,SL.UEM.TOTL.ZS,1981,
USA,SL.UEM.TOTL.ZS,1980,
USA,SL.UEM.TOTL.ZS,1979,
USA,SL.UEM.TOTL.ZS,1978,
USA,SL.UEM.TOTL.ZS,1977,
USA,SL.UEM.TOTL.ZS,1976,
USA,SL.UEM.TOTL.ZS,1975,
USA,SL.UEM.TOTL.ZS,1974,
USA,SL.UEM.TOTL.ZS,1973,
USA,SL.UEM.TOTL.ZS,1972,
USA,SL.UEM.TOTL.ZS,1971,
USA,SL.UEM.TOTL.ZS,1970,
USA,SL.UEM.TOTL.ZS,1969,
USA,SL.UEM.TOTL.ZS,1968,
USA,SL.UEM.TOTL.ZS,1967,
USA,SL.UEM.TOTL.ZS,1966,
USA,SL.UEM.TOTL.ZS,1965,
USA,SL.UEM.TOTL.ZS,1964,
USA,SL.UEM.TOTL.ZS,1963,
USA,SL.UEM.TOTL.ZS,1962,
USA,SL.UEM.TOTL.ZS,1961,
USA,SL.UEM.TOTL.ZS,1960,
URY,SL.UEM.TOTL.ZS,2024,8.401
URY,SL.UEM.TOTL.ZS,2023,8.355
URY,SL.UEM.TOTL.ZS,2022,7.877
URY,SL.UEM.TOTL.ZS,2021,9.328
URY,SL.UEM.TOTL.ZS,2020,10.413
URY,SL.UEM.TOTL.ZS,2019,8.836
URY,SL.UEM.TOTL.ZS,2018,8.336
URY,SL.UEM.TOTL.ZS,2017,7.89
URY,SL.UEM.TOTL.ZS,2016,7.841
URY,SL.UEM.TOTL.ZS,2015,7.488
URY,SL.UEM.TOTL.ZS,2014,6.547
URY,SL.UEM.TOTL.ZS,2013,6.444
URY,SL.UEM.TOTL.ZS,2012,6.451
URY,SL.UEM.TOTL.ZS,2011,6.307
URY,SL.UEM.TOTL.ZS,2010,7.158
URY,SL.UEM.TOTL.ZS,2009,7.74
URY,SL.UEM.TOTL.ZS,2008,8.025
URY,SL.UEM.TOTL.ZS,2007,9.403
URY,SL.UEM.TOTL.ZS,2006,10.844
URY,SL.UEM.TOTL.ZS,2005,12.009
URY,SL.UEM.TOTL.ZS,2004,12.98
URY,SL.UEM.TOTL.ZS,2003,16.661
URY,SL.UEM.TOTL.ZS,2002,16.648
URY,SL.UEM.TOTL.ZS,2001,15.052
URY,SL.UEM.TOTL.ZS,2000,12.627
URY,SL.UEM.TOTL.ZS,1999,10.466
URY,SL.UEM.TOTL.ZS,1998,9.362
URY,SL.UEM.TOTL.ZS,1997,11.44
URY,SL.UEM.TOTL.ZS,1996,11.93
URY,SL.UEM.TOTL.ZS,1995,10.02
URY,SL.UEM.TOTL.ZS,1994,9.04
URY,SL.UEM.TOTL.ZS,1993,8.35
URY,SL.UEM.TOTL.ZS,1992,8.96
URY,SL.UEM.TOTL.ZS,1991,8.95
URY,SL.UEM.TOTL.ZS,1990,
URY,SL.UEM.TOTL.ZS,1989,
URY,SL.UEM.TOTL.ZS,1988,
URY,SL.UEM.TOTL.ZS,1987,
URY,SL.UEM.TOTL.ZS,1986,
URY,SL.UEM.TOTL.ZS,1985,
URY,SL.UEM.TOTL.ZS,1984,
URY,SL.UEM.TOTL.ZS,1983,
URY,SL.UEM.TOTL.ZS,1982,
URY,SL.UEM.TOTL.ZS,1981,
URY,SL.UEM.TOTL.ZS,1980,
URY,SL.UEM.TOTL.ZS,1979,
URY,SL.UEM.TOTL.ZS,1978,
URY,SL.UEM.TOTL.ZS,1977,
URY,SL.UEM.TOTL.ZS,1976,
URY,SL.UEM.TOTL.ZS,1975,
URY,SL.UEM.TOTL.ZS,1974,
URY,SL.UEM.TOTL.ZS,1973,
URY,SL.UEM.TOTL.ZS,1972,
URY,SL.UEM.TOTL.ZS,1971,
URY,SL.UEM.TOTL.ZS,1970,
URY,SL.UEM.TOTL.ZS,1969,
URY,SL.UEM.TOTL.ZS,1968,
URY,SL.UEM.TOTL.ZS,1967,
URY,SL.UEM.TOTL.ZS,1966,
URY,SL.UEM.TOTL.ZS,1965,
URY,SL.UEM.TOTL.ZS,1964,
URY,SL.UEM.TOTL.ZS,1963,
URY,SL.UEM.TOTL.ZS,1962,
URY,SL.UEM.TOTL.ZS,1961,
URY,SL.UEM.TOTL.ZS,1960,
UZB,SL.UEM.TOTL.ZS,2024,4.488
UZB,SL.UEM.TOTL.ZS,2023,4.46
UZB,SL.UEM.TOTL.ZS,2022,4.49
UZB,SL.UEM.TOTL.ZS,2021,5.364
UZB,SL.UEM.TOTL.ZS,2020,5.293
UZB,SL.UEM.TOTL.ZS,2019,4.932
UZB,SL.UEM.TOTL.ZS,2018,5.389
UZB,SL.UEM.TOTL.ZS,2017,5.83
UZB,SL.UEM.TOTL.ZS,2016,5.16
UZB,SL.UEM.TOTL.ZS,2015,5.15
UZB,SL.UEM.TOTL.ZS,2014,5.09
UZB,SL.UEM.TOTL.ZS,2013,4.86
UZB,SL.UEM.TOTL.ZS,2012,4.87
UZB,SL.UEM.TOTL.ZS,2011,4.96
UZB,SL.UEM.TOTL.ZS,2010,5.36
UZB,SL.UEM.TOTL.ZS,2009,5.04
UZB,SL.UEM.TOTL.ZS,2008,4.89
UZB,SL.UEM.TOTL.ZS,2007,4.99
UZB,SL.UEM.TOTL.ZS,2006,6.03
UZB,SL.UEM.TOTL.ZS,2005,7.092
UZB,SL.UEM.TOTL.ZS,2004,8.162
UZB,SL.UEM.TOTL.ZS,2003,9.248
UZB,SL.UEM.TOTL.ZS,2002,10.283
UZB,SL.UEM.TOTL.ZS,2001,11.3
UZB,SL.UEM.TOTL.ZS,2000,12.317
UZB,SL.UEM.TOTL.ZS,1999,13.3
UZB,SL.UEM.TOTL.ZS,1998,13.3
UZB,SL.UEM.TOTL.ZS,1997,10.9
UZB,SL.UEM.TOTL.ZS,1996,10.7
UZB,SL.UEM.TOTL.ZS,1995,7.8
UZB,SL.UEM.TOTL.ZS,1994,7.3
UZB,SL.UEM.TOTL.ZS,1993,4.9
UZB,SL.UEM.TOTL.ZS,1992,2.9
UZB,SL.UEM.TOTL.ZS,1991,1.9
UZB,SL.UEM.TOTL.ZS,1990,
UZB,SL.UEM.TOTL.ZS,1989,
UZB,SL.UEM.TOTL.ZS,1988,
UZB,SL.UEM.TOTL.ZS,1987,
UZB,SL.UEM.TOTL.ZS,1986,
UZB,SL.UEM.TOTL.ZS,1985,
UZB,SL.UEM.TOTL.ZS,1984,
UZB,SL.UEM.TOTL.ZS,1983,
UZB,SL.UEM.TOTL.ZS,1982,
UZB,SL.UEM.TOTL.ZS,1981,
UZB,SL.UEM.TOTL.ZS,1980,
UZB,SL.UEM.TOTL.ZS,1979,
UZB,SL.UEM.TOTL.ZS,1978,
UZB,SL.UEM.TOTL.ZS,1977,
UZB,SL.UEM.TOTL.ZS,1976,
UZB,SL.UEM.TOTL.ZS,1975,
UZB,SL.UEM.TOTL.ZS,1974,
UZB,SL.UEM.TOTL.ZS,1973,
UZB,SL.UEM.TOTL.ZS,1972,
UZB,SL.UEM.TOTL.ZS,1971,
UZB,SL.UEM.TOTL.ZS,1970,
UZB,SL.UEM.TOTL.ZS,1969,
UZB,SL.UEM.TOTL.ZS,1968,
UZB,SL.UEM.TOTL.ZS,1967,
UZB,SL.UEM.TOTL.ZS,1966,
UZB,SL.UEM.TOTL.ZS,1965,
UZB,SL.UEM.TOTL.ZS,1964,
UZB,SL.UEM.TOTL.ZS,1963,
UZB,SL.UEM.TOTL.ZS,1962,
UZB,SL.UEM.TOTL.ZS,1961,
UZB,SL.UEM.TOTL.ZS,1960,
VUT,SL.UEM.TOTL.ZS,2024,5.064
VUT,SL.UEM.TOTL.ZS,2023,5.082
VUT,SL.UEM.TOTL.ZS,2022,5.143
VUT,SL.UEM.TOTL.ZS,2021,4.766
VUT,SL.UEM.TOTL.ZS,2020,4.046
VUT,SL.UEM.TOTL.ZS,2019,5.444
VUT,SL.UEM.TOTL.ZS,2018,5.326
VUT,SL.UEM.TOTL.ZS,2017,5.287
VUT,SL.UEM.TOTL.ZS,2016,5.261
VUT,SL.UEM.TOTL.ZS,2015,5.254
VUT,SL.UEM.TOTL.ZS,2014,5.15
VUT,SL.UEM.TOTL.ZS,2013,5.058
VUT,SL.UEM.TOTL.ZS,2012,4.951
VUT,SL.UEM.TOTL.ZS,2011,4.821
VUT,SL.UEM.TOTL.ZS,2010,4.685
VUT,SL.UEM.TOTL.ZS,2009,4.565
VUT,SL.UEM.TOTL.ZS,2008,5.661
VUT,SL.UEM.TOTL.ZS,2007,6.854
VUT,SL.UEM.TOTL.ZS,2006,8.006
VUT,SL.UEM.TOTL.ZS,2005,8.126
VUT,SL.UEM.TOTL.ZS,2004,8.447
VUT,SL.UEM.TOTL.ZS,2003,8.682
VUT,SL.UEM.TOTL.ZS,2002,8.621
VUT,SL.UEM.TOTL.ZS,2001,8.434
VUT,SL.UEM.TOTL.ZS,2000,8.283
VUT,SL.UEM.TOTL.ZS,1999,8.308
VUT,SL.UEM.TOTL.ZS,1998,8.24
VUT,SL.UEM.TOTL.ZS,1997,8.24
VUT,SL.UEM.TOTL.ZS,1996,8.108
VUT,SL.UEM.TOTL.ZS,1995,8.153
VUT,SL.UEM.TOTL.ZS,1994,8.103
VUT,SL.UEM.TOTL.ZS,1993,8.288
VUT,SL.UEM.TOTL.ZS,1992,7.964
VUT,SL.UEM.TOTL.ZS,1991,7.997
VUT,SL.UEM.TOTL.ZS,1990,
VUT,SL.UEM.TOTL.ZS,1989,
VUT,SL.UEM.TOTL.ZS,1988,
VUT,SL.UEM.TOTL.ZS,1987,
VUT,SL.UEM.TOTL.ZS,1986,
VUT,SL.UEM.TOTL.ZS,1985,
VUT,SL.UEM.TOTL.ZS,1984,
VUT,SL.UEM.TOTL.ZS,1983,
VUT,SL.UEM.TOTL.ZS,1982,
VUT,SL.UEM.TOTL.ZS,1981,
VUT,SL.UEM.TOTL.ZS,1980,
VUT,SL.UEM.TOTL.ZS,1979,
VUT,SL.UEM.TOTL.ZS,1978,
VUT,SL.UEM.TOTL.ZS,1977,
VUT,SL.UEM.TOTL.ZS,1976,
VUT,SL.UEM.TOTL.ZS,1975,
VUT,SL.UEM.TOTL.ZS,1974,
VUT,SL.UEM.TOTL.ZS,1973,
VUT,SL.UEM.TOTL.ZS,1972,
VUT,SL.UEM.TOTL.ZS,1971,
VUT,SL.UEM.TOTL.ZS,1970,
VUT,SL.UEM.TOTL.ZS,1969,
VUT,SL.UEM.TOTL.ZS,1968,
VUT,SL.UEM.TOTL.ZS,1967,
VUT,SL.UEM.TOTL.ZS,1966,
VUT,SL.UEM.TOTL.ZS,1965,
VUT,SL.UEM.TOTL.ZS,1964,
VUT,SL.UEM.TOTL.ZS,1963,
VUT,SL.UEM.TOTL.ZS,1962,
VUT,SL.UEM.TOTL.ZS,1961,
VUT,SL.UEM.TOTL.ZS,1960,
VEN,SL.UEM.TOTL.ZS,2024,5.475
VEN,SL.UEM.TOTL.ZS,2023,5.485
VEN,SL.UEM.TOTL.ZS,2022,5.707
VEN,SL.UEM.TOTL.ZS,2021,7.037
VEN,SL.UEM.TOTL.ZS,2020,7.53
VEN,SL.UEM.TOTL.ZS,2019,5.876
VEN,SL.UEM.TOTL.ZS,2018,5.46
VEN,SL.UEM.TOTL.ZS,2017,5.045
VEN,SL.UEM.TOTL.ZS,2016,5.319
VEN,SL.UEM.TOTL.ZS,2015,6.137
VEN,SL.UEM.TOTL.ZS,2014,6.821
VEN,SL.UEM.TOTL.ZS,2013,7.54
VEN,SL.UEM.TOTL.ZS,2012,6.601
VEN,SL.UEM.TOTL.ZS,2011,6.902
VEN,SL.UEM.TOTL.ZS,2010,7.112
VEN,SL.UEM.TOTL.ZS,2009,6.097
VEN,SL.UEM.TOTL.ZS,2008,6.245
VEN,SL.UEM.TOTL.ZS,2007,7.279
VEN,SL.UEM.TOTL.ZS,2006,8.606
VEN,SL.UEM.TOTL.ZS,2005,10.663
VEN,SL.UEM.TOTL.ZS,2004,15.07
VEN,SL.UEM.TOTL.ZS,2003,16.78
VEN,SL.UEM.TOTL.ZS,2002,16.17
VEN,SL.UEM.TOTL.ZS,2001,13.04
VEN,SL.UEM.TOTL.ZS,2000,13.99
VEN,SL.UEM.TOTL.ZS,1999,14.53
VEN,SL.UEM.TOTL.ZS,1998,11.15
VEN,SL.UEM.TOTL.ZS,1997,11.16
VEN,SL.UEM.TOTL.ZS,1996,11.77
VEN,SL.UEM.TOTL.ZS,1995,10.24
VEN,SL.UEM.TOTL.ZS,1994,8.56
VEN,SL.UEM.TOTL.ZS,1993,6.6
VEN,SL.UEM.TOTL.ZS,1992,7.69
VEN,SL.UEM.TOTL.ZS,1991,9.45
VEN,SL.UEM.TOTL.ZS,1990,
VEN,SL.UEM.TOTL.ZS,1989,
VEN,SL.UEM.TOTL.ZS,1988,
VEN,SL.UEM.TOTL.ZS,1987,
VEN,SL.UEM.TOTL.ZS,1986,
VEN,SL.UEM.TOTL.ZS,1985,
VEN,SL.UEM.TOTL.ZS,1984,
VEN,SL.UEM.TOTL.ZS,1983,
VEN,SL.UEM.TOTL.ZS,1982,
VEN,SL.UEM.TOTL.ZS,1981,
VEN,SL.UEM.TOTL.ZS,1980,
VEN,SL.UEM.TOTL.ZS,1979,
VEN,SL.UEM.TOTL.ZS,1978,
VEN,SL.UEM.TOTL.ZS,1977,
VEN,SL.UEM.TOTL.ZS,1976,
VEN,SL.UEM.TOTL.ZS,1975,
VEN,SL.UEM.TOTL.ZS,1974,
VEN,SL.UEM.TOTL.ZS,1973,
VEN,SL.UEM.TOTL.ZS,1972,
VEN,SL.UEM.TOTL.ZS,1971,
VEN,SL.UEM.TOTL.ZS,1970,
VEN,SL.UEM.TOTL.ZS,1969,
VEN,SL.UEM.TOTL.ZS,1968,
VEN,SL.UEM.TOTL.ZS,1967,
VEN,SL.UEM.TOTL.ZS,1966,
VEN,SL.UEM.TOTL.ZS,1965,
VEN,SL.UEM.TOTL.ZS,1964,
VEN,SL.UEM.TOTL.ZS,1963,
VEN,SL.UEM.TOTL.ZS,1962,
VEN,SL.UEM.TOTL.ZS,1961,
VEN,SL.UEM.TOTL.ZS,1960,
VNM,SL.UEM.TOTL.ZS,2024,1.431
VNM,SL.UEM.TOTL.ZS,2023,1.645
VNM,SL.UEM.TOTL.ZS,2022,1.523
VNM,SL.UEM.TOTL.ZS,2021,2.385
VNM,SL.UEM.TOTL.ZS,2020,2.103
VNM,SL.UEM.TOTL.ZS,2019,1.681
VNM,SL.UEM.TOTL.ZS,2018,1.161
VNM,SL.UEM.TOTL.ZS,2017,1.874
VNM,SL.UEM.TOTL.ZS,2016,1.848
VNM,SL.UEM.TOTL.ZS,2015,1.848
VNM,SL.UEM.TOTL.ZS,2014,1.256
VNM,SL.UEM.TOTL.ZS,2013,1.316
VNM,SL.UEM.TOTL.ZS,2012,1.027
VNM,SL.UEM.TOTL.ZS,2011,0.999
VNM,SL.UEM.TOTL.ZS,2010,1.114
VNM,SL.UEM.TOTL.ZS,2009,1.737
VNM,SL.UEM.TOTL.ZS,2008,1.889
VNM,SL.UEM.TOTL.ZS,2007,2.026
VNM,SL.UEM.TOTL.ZS,2006,2.046
VNM,SL.UEM.TOTL.ZS,2005,2.078
VNM,SL.UEM.TOTL.ZS,2004,2.14
VNM,SL.UEM.TOTL.ZS,2003,2.25
VNM,SL.UEM.TOTL.ZS,2002,2.12
VNM,SL.UEM.TOTL.ZS,2001,2.76
VNM,SL.UEM.TOTL.ZS,2000,2.26
VNM,SL.UEM.TOTL.ZS,1999,2.33
VNM,SL.UEM.TOTL.ZS,1998,2.29
VNM,SL.UEM.TOTL.ZS,1997,2.87
VNM,SL.UEM.TOTL.ZS,1996,1.93
VNM,SL.UEM.TOTL.ZS,1995,1.955
VNM,SL.UEM.TOTL.ZS,1994,1.972
VNM,SL.UEM.TOTL.ZS,1993,2.038
VNM,SL.UEM.TOTL.ZS,1992,2.11
VNM,SL.UEM.TOTL.ZS,1991,2.142
VNM,SL.UEM.TOTL.ZS,1990,
VNM,SL.UEM.TOTL.ZS,1989,
VNM,SL.UEM.TOTL.ZS,1988,
VNM,SL.UEM.TOTL.ZS,1987,
VNM,SL.UEM.TOTL.ZS,1986,
VNM,SL.UEM.TOTL.ZS,1985,
VNM,SL.UEM.TOTL.ZS,1984,
VNM,SL.UEM.TOTL.ZS,1983,
VNM,SL.UEM.TOTL.ZS,1982,
VNM,SL.UEM.TOTL.ZS,1981,
VNM,SL.UEM.TOTL.ZS,1980,
VNM,SL.UEM.TOTL.ZS,1979,
VNM,SL.UEM.TOTL.ZS,1978,
VNM,SL.UEM.TOTL.ZS,1977,
VNM,SL.UEM.TOTL.ZS,1976,
VNM,SL.UEM.TOTL.ZS,1975,
VNM,SL.UEM.TOTL.ZS,1974,
VNM,SL.UEM.TOTL.ZS,1973,
VNM,SL.UEM.TOTL.ZS,1972,
VNM,SL.UEM.TOTL.ZS,1971,
VNM,SL.UEM.TOTL.ZS,1970,
VNM,SL.UEM.TOTL.ZS,1969,
VNM,SL.UEM.TOTL.ZS,1968,
VNM,SL.UEM.TOTL.ZS,1967,
VNM,SL.UEM.TOTL.ZS,1966,
VNM,SL.UEM.TOTL.ZS,1965,
VNM,SL.UEM.TOTL.ZS,1964,
VNM,SL.UEM.TOTL.ZS,1963,
VNM,SL.UEM.TOTL.ZS,1962,
VNM,SL.UEM.TOTL.ZS,1961,
VNM,SL.UEM.TOTL.ZS,1960,
VIR,SL.UEM.TOTL.ZS,2024,12.014
VIR,SL.UEM.TOTL.ZS,2023,12.32
VIR,SL.UEM.TOTL.ZS,2022,13.007
VIR,SL.UEM.TOTL.ZS,2021,14.273
VIR,SL.UEM.TOTL.ZS,2020,15.191
VIR,SL.UEM.TOTL.ZS,2019,12.551
VIR,SL.UEM.TOTL.ZS,2018,12.407
VIR,SL.UEM.TOTL.ZS,2017,12.217
VIR,SL.UEM.TOTL.ZS,2016,12.515
VIR,SL.UEM.TOTL.ZS,2015,12.422
VIR,SL.UEM.TOTL.ZS,2014,12.64
VIR,SL.UEM.TOTL.ZS,2013,12.55
VIR,SL.UEM.TOTL.ZS,2012,12.109
VIR,SL.UEM.TOTL.ZS,2011,12.041
VIR,SL.UEM.TOTL.ZS,2010,11.742
VIR,SL.UEM.TOTL.ZS,2009,11.527
VIR,SL.UEM.TOTL.ZS,2008,10.22
VIR,SL.UEM.TOTL.ZS,2007,10.137
VIR,SL.UEM.TOTL.ZS,2006,10.36
VIR,SL.UEM.TOTL.ZS,2005,10.878
VIR,SL.UEM.TOTL.ZS,2004,10.927
VIR,SL.UEM.TOTL.ZS,2003,11.254
VIR,SL.UEM.TOTL.ZS,2002,10.933
VIR,SL.UEM.TOTL.ZS,2001,10.678
VIR,SL.UEM.TOTL.ZS,2000,10.546
VIR,SL.UEM.TOTL.ZS,1999,10.902
VIR,SL.UEM.TOTL.ZS,1998,11.187
VIR,SL.UEM.TOTL.ZS,1997,11.297
VIR,SL.UEM.TOTL.ZS,1996,11.408
VIR,SL.UEM.TOTL.ZS,1995,11.384
VIR,SL.UEM.TOTL.ZS,1994,11.751
VIR,SL.UEM.TOTL.ZS,1993,11.989
VIR,SL.UEM.TOTL.ZS,1992,11.891
VIR,SL.UEM.TOTL.ZS,1991,11.718
VIR,SL.UEM.TOTL.ZS,1990,
VIR,SL.UEM.TOTL.ZS,1989,
VIR,SL.UEM.TOTL.ZS,1988,
VIR,SL.UEM.TOTL.ZS,1987,
VIR,SL.UEM.TOTL.ZS,1986,
VIR,SL.UEM.TOTL.ZS,1985,
VIR,SL.UEM.TOTL.ZS,1984,
VIR,SL.UEM.TOTL.ZS,1983,
VIR,SL.UEM.TOTL.ZS,1982,
VIR,SL.UEM.TOTL.ZS,1981,
VIR,SL.UEM.TOTL.ZS,1980,
VIR,SL.UEM.TOTL.ZS,1979,
VIR,SL.UEM.TOTL.ZS,1978,
VIR,SL.UEM.TOTL.ZS,1977,
VIR,SL.UEM.TOTL.ZS,1976,
VIR,SL.UEM.TOTL.ZS,1975,
VIR,SL.UEM.TOTL.ZS,1974,
VIR,SL.UEM.TOTL.ZS,1973,
VIR,SL.UEM.TOTL.ZS,1972,
VIR,SL.UEM.TOTL.ZS,1971,
VIR,SL.UEM.TOTL.ZS,1970,
VIR,SL.UEM.TOTL.ZS,1969,
VIR,SL.UEM.TOTL.ZS,1968,
VIR,SL.UEM.TOTL.ZS,1967,
VIR,SL.UEM.TOTL.ZS,1966,
VIR,SL.UEM.TOTL.ZS,1965,
VIR,SL.UEM.TOTL.ZS,1964,
VIR,SL.UEM.TOTL.ZS,1963,
VIR,SL.UEM.TOTL.ZS,1962,
VIR,SL.UEM.TOTL.ZS,1961,
VIR,SL.UEM.TOTL.ZS,1960,
PSE,SL.UEM.TOTL.ZS,2024,
PSE,SL.UEM.TOTL.ZS,2023,
PSE,SL.UEM.TOTL.ZS,2022,24.42
PSE,SL.UEM.TOTL.ZS,2021,26.39
PSE,SL.UEM.TOTL.ZS,2020,25.895
PSE,SL.UEM.TOTL.ZS,2019,25.34
PSE,SL.UEM.TOTL.ZS,2018,26.256
PSE,SL.UEM.TOTL.ZS,2017,25.677
PSE,SL.UEM.TOTL.ZS,2016,23.939
PSE,SL.UEM.TOTL.ZS,2015,23.005
PSE,SL.UEM.TOTL.ZS,2014,20.526
PSE,SL.UEM.TOTL.ZS,2013,19.894
PSE,SL.UEM.TOTL.ZS,2012,19.202
PSE,SL.UEM.TOTL.ZS,2011,17.597
PSE,SL.UEM.TOTL.ZS,2010,21.416
PSE,SL.UEM.TOTL.ZS,2009,20.452
PSE,SL.UEM.TOTL.ZS,2008,22.913
PSE,SL.UEM.TOTL.ZS,2007,18.282
PSE,SL.UEM.TOTL.ZS,2006,19.014
PSE,SL.UEM.TOTL.ZS,2005,20.016
PSE,SL.UEM.TOTL.ZS,2004,23.215
PSE,SL.UEM.TOTL.ZS,2003,23.004
PSE,SL.UEM.TOTL.ZS,2002,27.465
PSE,SL.UEM.TOTL.ZS,2001,21.493
PSE,SL.UEM.TOTL.ZS,2000,10.625
PSE,SL.UEM.TOTL.ZS,1999,10.339
PSE,SL.UEM.TOTL.ZS,1998,10.422
PSE,SL.UEM.TOTL.ZS,1997,10.507
PSE,SL.UEM.TOTL.ZS,1996,10.731
PSE,SL.UEM.TOTL.ZS,1995,10.705
PSE,SL.UEM.TOTL.ZS,1994,10.761
PSE,SL.UEM.TOTL.ZS,1993,10.685
PSE,SL.UEM.TOTL.ZS,1992,10.672
PSE,SL.UEM.TOTL.ZS,1991,10.653
PSE,SL.UEM.TOTL.ZS,1990,
PSE,SL.UEM.TOTL.ZS,1989,
PSE,SL.UEM.TOTL.ZS,1988,
PSE,SL.UEM.TOTL.ZS,1987,
PSE,SL.UEM.TOTL.ZS,1986,
PSE,SL.UEM.TOTL.ZS,1985,
PSE,SL.UEM.TOTL.ZS,1984,
PSE,SL.UEM.TOTL.ZS,1983,
PSE,SL.UEM.TOTL.ZS,1982,
PSE,SL.UEM.TOTL.ZS,1981,
PSE,SL.UEM.TOTL.ZS,1980,
PSE,SL.UEM.TOTL.ZS,1979,
PSE,SL.UEM.TOTL.ZS,1978,
PSE,SL.UEM.TOTL.ZS,1977,
PSE,SL.UEM.TOTL.ZS,1976,
PSE,SL.UEM.TOTL.ZS,1975,
PSE,SL.UEM.TOTL.ZS,1974,
PSE,SL.UEM.TOTL.ZS,1973,
PSE,SL.UEM.TOTL.ZS,1972,
PSE,SL.UEM.TOTL.ZS,1971,
PSE,SL.UEM.TOTL.ZS,1970,
PSE,SL.UEM.TOTL.ZS,1969,
PSE,SL.UEM.TOTL.ZS,1968,
PSE,SL.UEM.TOTL.ZS,1967,
PSE,SL.UEM.TOTL.ZS,1966,
PSE,SL.UEM.TOTL.ZS,1965,
PSE,SL.UEM.TOTL.ZS,1964,
PSE,SL.UEM.TOTL.ZS,1963,
PSE,SL.UEM.TOTL.ZS,1962,
PSE,SL.UEM.TOTL.ZS,1961,
PSE,SL.UEM.TOTL.ZS,1960,
YEM,SL.UEM.TOTL.ZS,2024,17.086
YEM,SL.UEM.TOTL.ZS,2023,17.091
YEM,SL.UEM.TOTL.ZS,2022,17.363
YEM,SL.UEM.TOTL.ZS,2021,18.287
YEM,SL.UEM.TOTL.ZS,2020,17.953
YEM,SL.UEM.TOTL.ZS,2019,17.202
YEM,SL.UEM.TOTL.ZS,2018,17.584
YEM,SL.UEM.TOTL.ZS,2017,18.603
YEM,SL.UEM.TOTL.ZS,2016,18.416
YEM,SL.UEM.TOTL.ZS,2015,17.9
YEM,SL.UEM.TOTL.ZS,2014,13.467
YEM,SL.UEM.TOTL.ZS,2013,13.673
YEM,SL.UEM.TOTL.ZS,2012,13.473
YEM,SL.UEM.TOTL.ZS,2011,13.311
YEM,SL.UEM.TOTL.ZS,2010,12.779
YEM,SL.UEM.TOTL.ZS,2009,12.763
YEM,SL.UEM.TOTL.ZS,2008,12.657
YEM,SL.UEM.TOTL.ZS,2007,12.488
YEM,SL.UEM.TOTL.ZS,2006,12.35
YEM,SL.UEM.TOTL.ZS,2005,12.215
YEM,SL.UEM.TOTL.ZS,2004,12.132
YEM,SL.UEM.TOTL.ZS,2003,12.015
YEM,SL.UEM.TOTL.ZS,2002,11.84
YEM,SL.UEM.TOTL.ZS,2001,11.724
YEM,SL.UEM.TOTL.ZS,2000,11.557
YEM,SL.UEM.TOTL.ZS,1999,11.46
YEM,SL.UEM.TOTL.ZS,1998,10.829
YEM,SL.UEM.TOTL.ZS,1997,10.223
YEM,SL.UEM.TOTL.ZS,1996,9.585
YEM,SL.UEM.TOTL.ZS,1995,8.988
YEM,SL.UEM.TOTL.ZS,1994,8.34
YEM,SL.UEM.TOTL.ZS,1993,8.344
YEM,SL.UEM.TOTL.ZS,1992,8.342
YEM,SL.UEM.TOTL.ZS,1991,8.409
YEM,SL.UEM.TOTL.ZS,1990,
YEM,SL.UEM.TOTL.ZS,1989,
YEM,SL.UEM.TOTL.ZS,1988,
YEM,SL.UEM.TOTL.ZS,1987,
YEM,SL.UEM.TOTL.ZS,1986,
YEM,SL.UEM.TOTL.ZS,1985,
YEM,SL.UEM.TOTL.ZS,1984,
YEM,SL.UEM.TOTL.ZS,1983,
YEM,SL.UEM.TOTL.ZS,1982,
YEM,SL.UEM.TOTL.ZS,1981,
YEM,SL.UEM.TOTL.ZS,1980,
YEM,SL.UEM.TOTL.ZS,1979,
YEM,SL.UEM.TOTL.ZS,1978,
YEM,SL.UEM.TOTL.ZS,1977,
YEM,SL.UEM.TOTL.ZS,1976,
YEM,SL.UEM.TOTL.ZS,1975,
YEM,SL.UEM.TOTL.ZS,1974,
YEM,SL.UEM.TOTL.ZS,1973,
YEM,SL.UEM.TOTL.ZS,1972,
YEM,SL.UEM.TOTL.ZS,1971,
YEM,SL.UEM.TOTL.ZS,1970,
YEM,SL.UEM.TOTL.ZS,1969,
YEM,SL.UEM.TOTL.ZS,1968,
YEM,SL.UEM.TOTL.ZS,1967,
YEM,SL.UEM.TOTL.ZS,1966,
YEM,SL.UEM.TOTL.ZS,1965,
YEM,SL.UEM.TOTL.ZS,1964,
YEM,SL.UEM.TOTL.ZS,1963,
YEM,SL.UEM.TOTL.ZS,1962,
YEM,SL.UEM.TOTL.ZS,1961,
YEM,SL.UEM.TOTL.ZS,1960,
ZMB,SL.UEM.TOTL.ZS,2024,5.961
ZMB,SL.UEM.TOTL.ZS,2023,5.905
ZMB,SL.UEM.TOTL.ZS,2022,5.995
ZMB,SL.UEM.TOTL.ZS,2021,5.199
ZMB,SL.UEM.TOTL.ZS,2020,6.033
ZMB,SL.UEM.TOTL.ZS,2019,5.542
ZMB,SL.UEM.TOTL.ZS,2018,5.033
ZMB,SL.UEM.TOTL.ZS,2017,4.529
ZMB,SL.UEM.TOTL.ZS,2016,5.239
ZMB,SL.UEM.TOTL.ZS,2015,5.942
ZMB,SL.UEM.TOTL.ZS,2014,6.571
ZMB,SL.UEM.TOTL.ZS,2013,7.264
ZMB,SL.UEM.TOTL.ZS,2012,7.85
ZMB,SL.UEM.TOTL.ZS,2011,10.545
ZMB,SL.UEM.TOTL.ZS,2010,13.19
ZMB,SL.UEM.TOTL.ZS,2009,10.582
ZMB,SL.UEM.TOTL.ZS,2008,7.93
ZMB,SL.UEM.TOTL.ZS,2007,10.561
ZMB,SL.UEM.TOTL.ZS,2006,13.229
ZMB,SL.UEM.TOTL.ZS,2005,15.9
ZMB,SL.UEM.TOTL.ZS,2004,15.33
ZMB,SL.UEM.TOTL.ZS,2003,14.705
ZMB,SL.UEM.TOTL.ZS,2002,14.131
ZMB,SL.UEM.TOTL.ZS,2001,13.415
ZMB,SL.UEM.TOTL.ZS,2000,12.93
ZMB,SL.UEM.TOTL.ZS,1999,12.495
ZMB,SL.UEM.TOTL.ZS,1998,12.0
ZMB,SL.UEM.TOTL.ZS,1997,13.305
ZMB,SL.UEM.TOTL.ZS,1996,15.3
ZMB,SL.UEM.TOTL.ZS,1995,16.828
ZMB,SL.UEM.TOTL.ZS,1994,18.648
ZMB,SL.UEM.TOTL.ZS,1993,19.7
ZMB,SL.UEM.TOTL.ZS,1992,19.544
ZMB,SL.UEM.TOTL.ZS,1991,18.9
ZMB,SL.UEM.TOTL.ZS,1990,
ZMB,SL.UEM.TOTL.ZS,1989,
ZMB,SL.UEM.TOTL.ZS,1988,
ZMB,SL.UEM.TOTL.ZS,1987,
ZMB,SL.UEM.TOTL.ZS,1986,
ZMB,SL.UEM.TOTL.ZS,1985,
ZMB,SL.UEM.TOTL.ZS,1984,
ZMB,SL.UEM.TOTL.ZS,1983,
ZMB,SL.UEM.TOTL.ZS,1982,
ZMB,SL.UEM.TOTL.ZS,1981,
ZMB,SL.UEM.TOTL.ZS,1980,
ZMB,SL.UEM.TOTL.ZS,1979,
ZMB,SL.UEM.TOTL.ZS,1978,
ZMB,SL.UEM.TOTL.ZS,1977,
ZMB,SL.UEM.TOTL.ZS,1976,
ZMB,SL.UEM.TOTL.ZS,1975,
ZMB,SL.UEM.TOTL.ZS,1974,
ZMB,SL.UEM.TOTL.ZS,1973,
ZMB,SL.UEM.TOTL.ZS,1972,
ZMB,SL.UEM.TOTL.ZS,1971,
ZMB,SL.UEM.TOTL.ZS,1970,
ZMB,SL.UEM.TOTL.ZS,1969,
ZMB,SL.UEM.TOTL.ZS,1968,
ZMB,SL.UEM.TOTL.ZS,1967,
ZMB,SL.UEM.TOTL.ZS,1966,
ZMB,SL.UEM.TOTL.ZS,1965,
ZMB,SL.UEM.TOTL.ZS,1964,
ZMB,SL.UEM.TOTL.ZS,1963,
ZMB,SL.UEM.TOTL.ZS,1962,
ZMB,SL.UEM.TOTL.ZS,1961,
ZMB,SL.UEM.TOTL.ZS,1960,
ZWE,SL.UEM.TOTL.ZS,2024,8.554
ZWE,SL.UEM.TOTL.ZS,2023,8.759
ZWE,SL.UEM.TOTL.ZS,2022,10.087
ZWE,SL.UEM.TOTL.ZS,2021,9.54
ZWE,SL.UEM.TOTL.ZS,2020,8.621
ZWE,SL.UEM.TOTL.ZS,2019,7.373
ZWE,SL.UEM.TOTL.ZS,2018,6.793
ZWE,SL.UEM.TOTL.ZS,2017,6.344
ZWE,SL.UEM.TOTL.ZS,2016,5.886
ZWE,SL.UEM.TOTL.ZS,2015,5.377
ZWE,SL.UEM.TOTL.ZS,2014,4.774
ZWE,SL.UEM.TOTL.ZS,2013,4.943
ZWE,SL.UEM.TOTL.ZS,2012,5.061
ZWE,SL.UEM.TOTL.ZS,2011,5.368
ZWE,SL.UEM.TOTL.ZS,2010,5.447
ZWE,SL.UEM.TOTL.ZS,2009,5.453
ZWE,SL.UEM.TOTL.ZS,2008,5.357
ZWE,SL.UEM.TOTL.ZS,2007,4.991
ZWE,SL.UEM.TOTL.ZS,2006,4.759
ZWE,SL.UEM.TOTL.ZS,2005,4.622
ZWE,SL.UEM.TOTL.ZS,2004,4.39
ZWE,SL.UEM.TOTL.ZS,2003,4.735
ZWE,SL.UEM.TOTL.ZS,2002,5.007
ZWE,SL.UEM.TOTL.ZS,2001,5.318
ZWE,SL.UEM.TOTL.ZS,2000,5.684
ZWE,SL.UEM.TOTL.ZS,1999,6.0
ZWE,SL.UEM.TOTL.ZS,1998,6.39
ZWE,SL.UEM.TOTL.ZS,1997,6.93
ZWE,SL.UEM.TOTL.ZS,1996,6.163
ZWE,SL.UEM.TOTL.ZS,1995,5.571
ZWE,SL.UEM.TOTL.ZS,1994,4.96
ZWE,SL.UEM.TOTL.ZS,1993,4.99
ZWE,SL.UEM.TOTL.ZS,1992,4.938
ZWE,SL.UEM.TOTL.ZS,1991,4.813
ZWE,SL.UEM.TOTL.ZS,1990,
ZWE,SL.UEM.TOTL.ZS,1989,
ZWE,SL.UEM.TOTL.ZS,1988,
ZWE,SL.UEM.TOTL.ZS,1987,
ZWE,SL.UEM.TOTL.ZS,1986,
ZWE,SL.UEM.TOTL.ZS,1985,
ZWE,SL.UEM.TOTL.ZS,1984,
ZWE,SL.UEM.TOTL.ZS,1983,
ZWE,SL.UEM.TOTL.ZS,1982,
ZWE,SL.UEM.TOTL.ZS,1981,
ZWE,SL.UEM.TOTL.ZS,1980,
ZWE,SL.UEM.TOTL.ZS,1979,
ZWE,SL.UEM.TOTL.ZS,1978,
ZWE,SL.UEM.TOTL.ZS,1977,
ZWE,SL.UEM.TOTL.ZS,1976,
ZWE,SL.UEM.TOTL.ZS,1975,
ZWE,SL.UEM.TOTL.ZS,1974,
ZWE,SL.UEM.TOTL.ZS,1973,
ZWE,SL.UEM.TOTL.ZS,1972,
ZWE,SL.UEM.TOTL.ZS,1971,
ZWE,SL.UEM.TOTL.ZS,1970,
ZWE,SL.UEM.TOTL.ZS,1969,
ZWE,SL.UEM.TOTL.ZS,1968,
ZWE,SL.UEM.TOTL.ZS,1967,
ZWE,SL.UEM.TOTL.ZS,1966,
ZWE,SL.UEM.TOTL.ZS,1965,
ZWE,SL.UEM.TOTL.ZS,1964,
ZWE,SL.UEM.TOTL.ZS,1963,
ZWE,SL.UEM.TOTL.ZS,1962,
ZWE,SL.UEM.TOTL.ZS,1961,
ZWE,SL.UEM.TOTL.ZS,1960,
